time,open,high,low,close,Volume,Total common shares outstanding,Total assets,Total liabilities,Operating income,Total revenue,Shareholders&#039; equity,Dividend yield %
1478653200,2.83,2.85,2.81,2.85,722400,NaN,NaN,NaN,NaN,NaN,NaN,NaN
1478739600,2.83,2.85,2.83,2.85,156100,NaN,NaN,NaN,NaN,NaN,NaN,NaN
1478826000,2.82,2.85,2.82,2.84,228100,NaN,NaN,NaN,NaN,NaN,NaN,NaN
1479085200,2.82,2.82,2.75,2.8,156200,NaN,NaN,NaN,NaN,NaN,NaN,NaN
1479171600,2.78,2.8,2.78,2.8,3389700,NaN,NaN,NaN,NaN,NaN,NaN,NaN
1479258000,2.8,2.81,2.78,2.79,342900,NaN,NaN,NaN,NaN,NaN,NaN,NaN
1479344400,2.79,2.81,2.78,2.81,35800,NaN,NaN,NaN,NaN,NaN,NaN,NaN
1479430800,2.79,2.8,2.77,2.77,12700,NaN,NaN,NaN,NaN,NaN,NaN,NaN
1479690000,2.77,2.78,2.75,2.75,5200,NaN,NaN,NaN,NaN,NaN,NaN,NaN
1479776400,2.75,2.8,2.73,2.8,98200,NaN,NaN,NaN,NaN,NaN,NaN,NaN
1479862800,2.79,2.8,2.77,2.79,2152400,NaN,NaN,NaN,NaN,NaN,NaN,NaN
1479949200,2.8,2.8,2.74,2.74,3900,NaN,NaN,NaN,NaN,NaN,NaN,NaN
1480035600,2.75,2.75,2.65,2.65,109900,NaN,NaN,NaN,NaN,NaN,NaN,NaN
1480294800,2.65,2.65,2.56,2.58,94600,NaN,NaN,NaN,NaN,NaN,NaN,NaN
1480381200,2.62,2.62,2.58,2.62,17600,NaN,NaN,NaN,NaN,NaN,NaN,NaN
1480467600,2.6,2.7,2.56,2.7,104700,NaN,NaN,NaN,NaN,NaN,NaN,NaN
1480554000,2.65,2.69,2.61,2.63,24300,NaN,NaN,NaN,NaN,NaN,NaN,NaN
1480640400,2.63,2.63,2.6,2.63,108000,NaN,NaN,NaN,NaN,NaN,NaN,NaN
1480899600,2.57,2.63,2.57,2.59,29900,NaN,NaN,NaN,NaN,NaN,NaN,NaN
1480986000,2.59,2.59,2.58,2.59,4500,NaN,NaN,NaN,NaN,NaN,NaN,NaN
1481072400,2.59,2.59,2.58,2.59,11700,NaN,NaN,NaN,NaN,NaN,NaN,NaN
1481158800,2.6,2.6,2.57,2.58,28500,NaN,NaN,NaN,NaN,NaN,NaN,NaN
1481245200,2.6,2.69,2.54,2.55,97700,NaN,NaN,NaN,NaN,NaN,NaN,NaN
1481590800,2.56,2.6,2.56,2.6,18000,NaN,NaN,NaN,NaN,NaN,NaN,NaN
1481677200,2.59,2.63,2.56,2.56,37200,NaN,NaN,NaN,NaN,NaN,NaN,NaN
1481763600,2.57,2.64,2.57,2.64,9300,NaN,NaN,NaN,NaN,NaN,NaN,NaN
1481850000,2.64,2.64,2.59,2.61,26100,NaN,NaN,NaN,NaN,NaN,NaN,NaN
1482109200,2.59,2.6,2.59,2.6,3000,NaN,NaN,NaN,NaN,NaN,NaN,NaN
1482195600,2.58,2.59,2.56,2.58,53000,NaN,NaN,NaN,NaN,NaN,NaN,NaN
1482282000,2.58,2.6,2.57,2.58,45100,NaN,NaN,NaN,NaN,NaN,NaN,NaN
1482368400,2.6,2.6,2.56,2.56,54200,NaN,NaN,NaN,NaN,NaN,NaN,NaN
1482454800,2.56,2.57,2.55,2.56,397900,NaN,NaN,NaN,NaN,NaN,NaN,NaN
1482800400,2.56,2.6,2.55,2.57,36300,NaN,NaN,NaN,NaN,NaN,NaN,NaN
1482886800,2.55,2.59,2.55,2.56,52700,NaN,NaN,NaN,NaN,NaN,NaN,NaN
1482973200,2.6,2.6,2.54,2.54,127300,NaN,NaN,NaN,NaN,NaN,NaN,NaN
1483059600,2.54,2.57,2.54,2.57,100400,NaN,NaN,NaN,NaN,NaN,NaN,NaN
1483405200,2.57,2.57,2.57,2.57,0,NaN,NaN,NaN,NaN,NaN,NaN,NaN
1483491600,2.56,2.57,2.53,2.54,1043200,NaN,NaN,NaN,NaN,NaN,NaN,NaN
1483578000,2.54,2.55,2.53,2.54,848100,NaN,NaN,NaN,NaN,NaN,NaN,NaN
1483664400,2.55,2.55,2.53,2.54,300200,NaN,NaN,NaN,NaN,NaN,NaN,NaN
1483923600,2.54,2.54,2.53,2.54,241800,NaN,NaN,NaN,NaN,NaN,NaN,NaN
1484010000,2.55,2.55,2.53,2.54,410000,NaN,NaN,NaN,NaN,NaN,NaN,NaN
1484096400,2.54,2.54,2.52,2.52,353200,NaN,NaN,NaN,NaN,NaN,NaN,NaN
1484182800,2.53,2.54,2.53,2.53,307700,NaN,NaN,NaN,NaN,NaN,NaN,NaN
1484269200,2.54,2.54,2.53,2.54,268700,NaN,NaN,NaN,NaN,NaN,NaN,NaN
1484528400,2.53,2.53,2.53,2.53,339100,NaN,NaN,NaN,NaN,NaN,NaN,NaN
1484614800,2.53,2.53,2.52,2.52,457100,NaN,NaN,NaN,NaN,NaN,NaN,NaN
1484701200,2.53,2.53,2.51,2.52,345200,NaN,NaN,NaN,NaN,NaN,NaN,NaN
1484787600,2.52,2.52,2.51,2.51,327000,NaN,NaN,NaN,NaN,NaN,NaN,NaN
1484874000,2.5,2.5,2.44,2.45,653100,NaN,NaN,NaN,NaN,NaN,NaN,NaN
1485133200,2.44,2.45,2.37,2.38,486400,NaN,NaN,NaN,NaN,NaN,NaN,NaN
1485219600,2.39,2.4,2.37,2.38,498200,NaN,NaN,NaN,NaN,NaN,NaN,NaN
1485306000,2.38,2.38,2.36,2.36,448500,NaN,NaN,NaN,NaN,NaN,NaN,NaN
1485392400,2.36,2.38,2.36,2.38,210200,NaN,NaN,NaN,NaN,NaN,NaN,NaN
1485478800,2.37,2.38,2.36,2.37,316200,NaN,NaN,NaN,NaN,NaN,NaN,NaN
1485824400,2.37,2.37,2.36,2.37,317500,NaN,NaN,NaN,NaN,NaN,NaN,NaN
1485997200,2.37,2.39,2.35,2.37,280800,NaN,NaN,NaN,NaN,NaN,NaN,NaN
1486083600,2.36,2.37,2.34,2.35,1977200,NaN,NaN,NaN,NaN,NaN,NaN,NaN
1486342800,2.35,2.35,2.32,2.32,2267600,NaN,NaN,NaN,NaN,NaN,NaN,NaN
1486429200,2.32,2.32,2.31,2.31,2127600,NaN,NaN,NaN,NaN,NaN,NaN,NaN
1486515600,2.3,2.34,2.29,2.33,623800,NaN,NaN,NaN,NaN,NaN,NaN,NaN
1486688400,2.38,2.38,2.34,2.34,286600,NaN,NaN,NaN,NaN,NaN,NaN,NaN
1486947600,2.34,2.35,2.29,2.29,306600,NaN,NaN,NaN,NaN,NaN,NaN,NaN
1487034000,2.3,2.3,2.27,2.28,209600,NaN,NaN,NaN,NaN,NaN,NaN,NaN
1487120400,2.28,2.28,2.22,2.22,390800,NaN,NaN,NaN,NaN,NaN,NaN,NaN
1487206800,2.22,2.22,2.14,2.15,692100,NaN,NaN,NaN,NaN,NaN,NaN,NaN
1487293200,2.15,2.16,2.13,2.13,382900,NaN,NaN,NaN,NaN,NaN,NaN,NaN
1487552400,2.13,2.14,2.11,2.12,549600,NaN,NaN,NaN,NaN,NaN,NaN,NaN
1487638800,2.12,2.3,2.12,2.29,8425500,NaN,NaN,NaN,NaN,NaN,NaN,NaN
1487725200,2.31,2.5,2.31,2.44,5410500,NaN,NaN,NaN,NaN,NaN,NaN,NaN
1487811600,2.45,2.45,2.33,2.4,1644800,NaN,NaN,NaN,NaN,NaN,NaN,NaN
1487898000,2.42,2.7,2.42,2.57,5187100,NaN,NaN,NaN,NaN,NaN,NaN,NaN
1488157200,2.57,2.57,2.37,2.5,1792700,NaN,NaN,NaN,NaN,NaN,NaN,NaN
1488243600,2.45,2.45,2.25,2.26,2702100,NaN,NaN,NaN,NaN,NaN,NaN,NaN
1488330000,2.27,2.4,2.26,2.35,2500100,NaN,NaN,NaN,NaN,NaN,NaN,NaN
1488416400,2.4,2.5,2.39,2.41,1981800,NaN,NaN,NaN,NaN,NaN,NaN,NaN
1488502800,2.4,2.45,2.37,2.38,771200,NaN,NaN,NaN,NaN,NaN,NaN,NaN
1488762000,2.37,2.45,2.34,2.36,758900,NaN,NaN,NaN,NaN,NaN,NaN,NaN
1488848400,2.36,2.41,2.35,2.4,1290800,NaN,NaN,NaN,NaN,NaN,NaN,NaN
1488934800,2.4,2.4,2.36,2.36,117500,NaN,NaN,NaN,NaN,NaN,NaN,NaN
1489021200,2.36,2.36,2.26,2.28,1500900,NaN,NaN,NaN,NaN,NaN,NaN,NaN
1489107600,2.29,2.31,2.28,2.3,1002600,NaN,NaN,NaN,NaN,NaN,NaN,NaN
1489366800,2.29,2.32,2.29,2.3,231000,NaN,NaN,NaN,NaN,NaN,NaN,NaN
1489453200,2.29,2.33,2.28,2.3,601300,NaN,NaN,NaN,NaN,NaN,NaN,NaN
1489539600,2.3,2.32,2.29,2.32,242200,NaN,NaN,NaN,NaN,NaN,NaN,NaN
1489626000,2.32,2.41,2.32,2.38,1053800,NaN,NaN,NaN,NaN,NaN,NaN,NaN
1489712400,2.4,2.47,2.39,2.44,9944400,NaN,NaN,NaN,NaN,NaN,NaN,NaN
1489971600,2.45,2.46,2.4,2.45,334500,NaN,NaN,NaN,NaN,NaN,NaN,NaN
1490058000,2.42,2.44,2.39,2.4,350400,NaN,NaN,NaN,NaN,NaN,NaN,NaN
1490144400,2.39,2.39,2.35,2.36,181400,NaN,NaN,NaN,NaN,NaN,NaN,NaN
1490230800,2.37,2.43,2.37,2.43,715100,NaN,NaN,NaN,NaN,NaN,NaN,NaN
1490317200,2.41,2.41,2.38,2.41,284700,NaN,NaN,NaN,NaN,NaN,NaN,NaN
1490576400,2.4,2.4,2.34,2.39,433000,NaN,NaN,NaN,NaN,NaN,NaN,NaN
1490662800,2.4,2.4,2.35,2.37,465200,NaN,NaN,NaN,NaN,NaN,NaN,NaN
1490749200,2.37,2.38,2.36,2.38,374100,NaN,NaN,NaN,NaN,NaN,NaN,NaN
1490835600,2.38,2.38,2.35,2.35,742200,NaN,NaN,NaN,NaN,NaN,NaN,NaN
1490922000,2.35,2.38,2.35,2.36,120100,NaN,NaN,NaN,NaN,NaN,NaN,NaN
1491181200,2.36,2.4,2.36,2.4,276300,NaN,NaN,NaN,NaN,NaN,NaN,NaN
1491267600,2.4,2.4,2.36,2.37,505400,NaN,NaN,NaN,NaN,NaN,NaN,NaN
1491354000,2.38,2.41,2.37,2.4,2109400,NaN,NaN,NaN,NaN,NaN,NaN,NaN
1491440400,2.38,2.39,2.37,2.38,871100,NaN,NaN,NaN,NaN,NaN,NaN,NaN
1491526800,2.36,2.38,2.35,2.38,305800,NaN,NaN,NaN,NaN,NaN,NaN,NaN
1491786000,2.39,2.4,2.38,2.39,1374500,NaN,NaN,NaN,NaN,NaN,NaN,NaN
1491872400,2.38,2.4,2.35,2.39,963100,NaN,NaN,NaN,NaN,NaN,NaN,NaN
1491958800,2.39,2.4,2.38,2.4,360100,NaN,NaN,NaN,NaN,NaN,NaN,NaN
1492045200,2.4,2.4,2.37,2.4,905400,NaN,NaN,NaN,NaN,NaN,NaN,NaN
1492131600,2.4,2.4,2.36,2.38,291300,NaN,NaN,NaN,NaN,NaN,NaN,NaN
1492390800,2.38,2.4,2.38,2.39,659600,NaN,NaN,NaN,NaN,NaN,NaN,NaN
1492477200,2.39,2.4,2.38,2.4,941200,NaN,NaN,NaN,NaN,NaN,NaN,NaN
1492563600,2.38,2.39,2.37,2.39,1473400,NaN,NaN,NaN,NaN,NaN,NaN,NaN
1492650000,2.38,2.39,2.37,2.38,612000,NaN,NaN,NaN,NaN,NaN,NaN,NaN
1492736400,2.37,2.4,2.36,2.37,1816700,NaN,NaN,NaN,NaN,NaN,NaN,NaN
1493082000,2.37,2.44,2.37,2.42,2516200,NaN,NaN,NaN,NaN,NaN,NaN,NaN
1493168400,2.43,2.45,2.4,2.41,1979500,NaN,NaN,NaN,NaN,NaN,NaN,NaN
1493254800,2.41,2.52,2.41,2.47,1841600,NaN,NaN,NaN,NaN,NaN,NaN,NaN
1493341200,2.48,2.5,2.47,2.48,701600,NaN,NaN,NaN,NaN,NaN,NaN,NaN
1493686800,2.48,2.49,2.46,2.48,1754400,NaN,NaN,NaN,NaN,NaN,NaN,NaN
1493773200,2.48,2.48,2.45,2.47,445100,NaN,NaN,NaN,NaN,NaN,NaN,NaN
1493859600,2.46,2.46,2.41,2.44,1380300,NaN,NaN,NaN,NaN,NaN,NaN,NaN
1493946000,2.43,2.5,2.43,2.46,3140500,NaN,NaN,NaN,NaN,NaN,NaN,NaN
1494205200,2.46,2.47,2.43,2.43,416400,NaN,NaN,NaN,NaN,NaN,NaN,NaN
1494291600,2.42,2.44,2.41,2.43,215300,NaN,NaN,NaN,NaN,NaN,NaN,NaN
1494464400,2.43,2.44,2.4,2.4,554600,NaN,NaN,NaN,NaN,NaN,NaN,NaN
1494550800,2.4,2.4,2.37,2.39,169100,NaN,NaN,NaN,NaN,NaN,NaN,NaN
1494810000,2.39,2.39,2.35,2.35,607600,NaN,NaN,NaN,NaN,NaN,NaN,NaN
1494896400,2.36,2.36,2.34,2.35,675900,NaN,NaN,NaN,NaN,NaN,NaN,NaN
1494982800,2.36,2.36,2.33,2.33,268300,NaN,NaN,NaN,NaN,NaN,NaN,NaN
1495069200,2.34,2.35,2.33,2.33,170100,NaN,NaN,NaN,NaN,NaN,NaN,NaN
1495155600,2.34,2.38,2.34,2.34,367900,NaN,NaN,NaN,NaN,NaN,NaN,NaN
1495414800,2.36,2.36,2.32,2.33,1189400,NaN,NaN,NaN,NaN,NaN,NaN,NaN
1495501200,2.35,2.37,2.33,2.33,3989500,NaN,NaN,NaN,NaN,NaN,NaN,NaN
1495587600,2.35,2.41,2.33,2.4,2783500,NaN,NaN,NaN,NaN,NaN,NaN,NaN
1495674000,2.41,2.41,2.36,2.38,1255300,NaN,NaN,NaN,NaN,NaN,NaN,NaN
1495760400,2.36,2.36,2.33,2.36,512200,NaN,NaN,NaN,NaN,NaN,NaN,NaN
1496019600,2.37,2.37,2.34,2.35,420600,NaN,NaN,NaN,NaN,NaN,NaN,NaN
1496106000,2.34,2.35,2.33,2.35,42200,NaN,NaN,NaN,NaN,NaN,NaN,NaN
1496192400,2.32,2.35,2.32,2.34,823800,NaN,NaN,NaN,NaN,NaN,NaN,NaN
1496278800,2.34,2.34,2.32,2.32,979800,NaN,NaN,NaN,NaN,NaN,NaN,NaN
1496365200,2.32,2.33,2.32,2.33,245100,NaN,NaN,NaN,NaN,NaN,NaN,NaN
1496624400,2.33,2.33,2.31,2.32,632300,NaN,NaN,NaN,NaN,NaN,NaN,NaN
1496710800,2.32,2.32,2.3,2.32,891400,NaN,NaN,NaN,NaN,NaN,NaN,NaN
1496797200,2.31,2.31,2.2,2.21,1349900,NaN,NaN,NaN,NaN,NaN,NaN,NaN
1496883600,2.25,2.26,2.23,2.24,1007900,NaN,NaN,NaN,NaN,NaN,NaN,NaN
1496970000,2.25,2.27,2.24,2.26,977500,NaN,NaN,NaN,NaN,NaN,NaN,NaN
1497315600,2.25,2.26,2.23,2.23,330300,NaN,NaN,NaN,NaN,NaN,NaN,NaN
1497402000,2.25,2.25,2.22,2.23,203600,NaN,NaN,NaN,NaN,NaN,NaN,NaN
1497488400,2.23,2.23,2.21,2.22,180700,NaN,NaN,NaN,NaN,NaN,NaN,NaN
1497574800,2.21,2.23,2.18,2.2,342000,NaN,NaN,NaN,NaN,NaN,NaN,NaN
1497834000,2.2,2.22,2.18,2.22,211100,NaN,NaN,NaN,NaN,NaN,NaN,NaN
1497920400,2.22,2.24,2.19,2.21,949800,NaN,NaN,NaN,NaN,NaN,NaN,NaN
1498006800,2.2,2.22,2.2,2.21,866600,NaN,NaN,NaN,NaN,NaN,NaN,NaN
1498093200,2.22,2.22,2.2,2.2,48100,NaN,NaN,NaN,NaN,NaN,NaN,NaN
1498179600,2.2,2.21,2.2,2.21,624900,NaN,NaN,NaN,NaN,NaN,NaN,NaN
1498611600,2.21,2.27,2.21,2.27,153900,NaN,NaN,NaN,NaN,NaN,NaN,NaN
1498698000,2.23,2.24,2.22,2.24,53000,NaN,NaN,NaN,NaN,NaN,NaN,NaN
1498784400,2.24,2.24,2.23,2.24,664600,NaN,NaN,NaN,NaN,NaN,NaN,NaN
1499043600,2.22,2.25,2.22,2.24,61400,NaN,NaN,NaN,NaN,NaN,NaN,NaN
1499130000,2.23,2.23,2.21,2.21,190500,NaN,NaN,NaN,NaN,NaN,NaN,NaN
1499216400,2.2,2.21,2.2,2.2,251600,NaN,NaN,NaN,NaN,NaN,NaN,NaN
1499302800,2.21,2.23,2.2,2.22,18000,NaN,NaN,NaN,NaN,NaN,NaN,NaN
1499389200,2.2,2.22,2.19,2.21,178400,NaN,NaN,NaN,NaN,NaN,NaN,NaN
1499648400,2.21,2.21,2.18,2.19,87100,NaN,NaN,NaN,NaN,NaN,NaN,NaN
1499734800,2.2,2.2,2.17,2.19,87100,NaN,NaN,NaN,NaN,NaN,NaN,NaN
1499821200,2.19,2.2,2.18,2.2,504000,NaN,NaN,NaN,NaN,NaN,NaN,NaN
1499907600,2.2,2.2,2.19,2.19,628500,NaN,NaN,NaN,NaN,NaN,NaN,NaN
1499994000,2.22,2.22,2.19,2.21,66200,NaN,NaN,NaN,NaN,NaN,NaN,NaN
1500253200,2.22,2.23,2.21,2.22,166100,NaN,NaN,NaN,NaN,NaN,NaN,NaN
1500339600,2.22,2.24,2.22,2.24,97500,NaN,NaN,NaN,NaN,NaN,NaN,NaN
1500426000,2.24,2.25,2.2,2.24,177500,NaN,NaN,NaN,NaN,NaN,NaN,NaN
1500512400,2.24,2.25,2.2,2.24,1133400,NaN,NaN,NaN,NaN,NaN,NaN,NaN
1500598800,2.24,2.24,2.2,2.2,1898700,NaN,NaN,NaN,NaN,NaN,NaN,NaN
1500858000,2.2,2.21,2.2,2.2,19400,NaN,NaN,NaN,NaN,NaN,NaN,NaN
1500944400,2.2,2.21,2.19,2.2,367300,NaN,NaN,NaN,NaN,NaN,NaN,NaN
1501030800,2.24,2.31,2.24,2.24,39500,NaN,NaN,NaN,NaN,NaN,NaN,NaN
1501117200,2.24,2.25,2.2,2.2,120100,NaN,NaN,NaN,NaN,NaN,NaN,NaN
1501203600,2.2,2.2,2.18,2.2,385100,NaN,NaN,NaN,NaN,NaN,NaN,NaN
1501462800,2.2,2.2,2.18,2.19,30200,NaN,NaN,NaN,NaN,NaN,NaN,NaN
1501549200,2.17,2.18,2.17,2.18,55000,NaN,NaN,NaN,NaN,NaN,NaN,NaN
1501635600,2.18,2.18,2.15,2.15,74800,NaN,NaN,NaN,NaN,NaN,NaN,NaN
1501722000,2.14,2.14,2.12,2.12,337700,NaN,NaN,NaN,NaN,NaN,NaN,NaN
1501808400,2.12,2.12,2.11,2.12,92500,NaN,NaN,NaN,NaN,NaN,NaN,NaN
1502067600,2.19,2.2,2.11,2.12,96200,NaN,NaN,NaN,NaN,NaN,NaN,NaN
1502154000,2.12,2.12,2.07,2.07,295400,NaN,NaN,NaN,NaN,NaN,NaN,NaN
1502240400,2.08,2.08,2.02,2.02,630800,NaN,NaN,NaN,NaN,NaN,NaN,NaN
1502326800,2.03,2.03,2.01,2.02,342400,NaN,NaN,NaN,NaN,NaN,NaN,NaN
1502413200,2.01,2.02,1.98,1.99,292200,NaN,NaN,NaN,NaN,NaN,NaN,NaN
1502672400,1.99,2,1.99,1.99,124600,NaN,NaN,NaN,NaN,NaN,NaN,NaN
1502758800,2,2.01,1.99,2,139700,NaN,NaN,NaN,NaN,NaN,NaN,NaN
1502845200,2.03,2.03,2,2,667900,NaN,NaN,NaN,NaN,NaN,NaN,NaN
1502931600,2.01,2.02,1.99,2,182100,NaN,NaN,NaN,NaN,NaN,NaN,NaN
1503018000,2,2,1.99,1.99,147800,NaN,NaN,NaN,NaN,NaN,NaN,NaN
1503277200,1.99,2.02,1.99,2.01,16500,NaN,NaN,NaN,NaN,NaN,NaN,NaN
1503363600,2.01,2.01,2,2.01,14000,NaN,NaN,NaN,NaN,NaN,NaN,NaN
1503450000,2.11,2.11,2.03,2.05,146400,NaN,NaN,NaN,NaN,NaN,NaN,NaN
1503536400,2.11,2.11,2.05,2.05,20600,NaN,NaN,NaN,NaN,NaN,NaN,NaN
1503622800,2.08,2.08,2.04,2.04,311500,NaN,NaN,NaN,NaN,NaN,NaN,NaN
1503882000,2.05,2.05,2,2.01,157300,NaN,NaN,NaN,NaN,NaN,NaN,NaN
1503968400,2,2.02,2,2.01,9900,NaN,NaN,NaN,NaN,NaN,NaN,NaN
1504054800,2.03,2.03,2.01,2.01,175500,NaN,NaN,NaN,NaN,NaN,NaN,NaN
1504573200,2.01,2.03,2.01,2.02,638000,NaN,NaN,NaN,NaN,NaN,NaN,NaN
1504659600,2.02,2.02,2.02,2.02,399000,NaN,NaN,NaN,NaN,NaN,NaN,NaN
1504746000,2,2.06,2,2.04,1181300,NaN,NaN,NaN,NaN,NaN,NaN,NaN
1504832400,2.12,2.12,2.04,2.06,369200,NaN,NaN,NaN,NaN,NaN,NaN,NaN
1505091600,2.07,2.09,2.06,2.07,423900,NaN,NaN,NaN,NaN,NaN,NaN,NaN
1505178000,2.08,2.11,2.08,2.08,230800,NaN,NaN,NaN,NaN,NaN,NaN,NaN
1505264400,2.1,2.1,2.06,2.06,260700,NaN,NaN,NaN,NaN,NaN,NaN,NaN
1505350800,2.06,2.07,2.05,2.06,93100,NaN,NaN,NaN,NaN,NaN,NaN,NaN
1505437200,2.06,2.07,2.03,2.03,1408900,NaN,NaN,NaN,NaN,NaN,NaN,NaN
1505696400,2.05,2.07,2.05,2.07,342800,NaN,NaN,NaN,NaN,NaN,NaN,NaN
1505782800,2.08,2.08,2.07,2.07,376000,NaN,NaN,NaN,NaN,NaN,NaN,NaN
1505869200,2.06,2.09,2.06,2.07,450600,NaN,NaN,NaN,NaN,NaN,NaN,NaN
1505955600,2.07,2.07,2.05,2.05,305600,NaN,NaN,NaN,NaN,NaN,NaN,NaN
1506301200,2.06,2.06,2.04,2.04,96500,NaN,NaN,NaN,NaN,NaN,NaN,NaN
1506387600,2.03,2.06,2.03,2.03,343000,NaN,NaN,NaN,NaN,NaN,NaN,NaN
1506474000,2.03,2.05,2.03,2.05,34800,NaN,NaN,NaN,NaN,NaN,NaN,NaN
1506560400,2.03,2.06,2.03,2.04,131600,NaN,NaN,NaN,NaN,NaN,NaN,NaN
1506646800,2.04,2.06,2.04,2.05,48500,1404000000,4416688000,2511596000,31555000,961441000,1895110000,1.46341463414634
1506906000,2.05,2.05,2.04,2.04,105100,NaN,NaN,NaN,NaN,NaN,NaN,NaN
1506992400,2.05,2.05,2.03,2.03,1006700,NaN,NaN,NaN,NaN,NaN,NaN,NaN
1507078800,2.02,2.05,2.02,2.02,107500,NaN,NaN,NaN,NaN,NaN,NaN,NaN
1507165200,2.03,2.03,2.02,2.02,383600,NaN,NaN,NaN,NaN,NaN,NaN,NaN
1507251600,2.02,2.03,1.97,1.98,1057100,NaN,NaN,NaN,NaN,NaN,NaN,NaN
1507510800,1.99,2.01,1.99,1.99,429500,NaN,NaN,NaN,NaN,NaN,NaN,NaN
1507597200,1.99,2,1.98,1.98,303900,NaN,NaN,NaN,NaN,NaN,NaN,NaN
1507683600,1.99,1.99,1.95,1.96,1469800,NaN,NaN,NaN,NaN,NaN,NaN,NaN
1507770000,1.95,1.97,1.95,1.95,196000,NaN,NaN,NaN,NaN,NaN,NaN,NaN
1507856400,1.96,1.97,1.95,1.96,55600,NaN,NaN,NaN,NaN,NaN,NaN,NaN
1508115600,1.96,1.99,1.95,1.99,78500,NaN,NaN,NaN,NaN,NaN,NaN,NaN
1508202000,2,2.01,1.99,2.01,335400,NaN,NaN,NaN,NaN,NaN,NaN,NaN
1508374800,2.01,2.01,2,2.01,164000,NaN,NaN,NaN,NaN,NaN,NaN,NaN
1508461200,2.01,2.02,2.01,2.01,74800,NaN,NaN,NaN,NaN,NaN,NaN,NaN
1508720400,2.01,2.03,2.01,2.03,45400,NaN,NaN,NaN,NaN,NaN,NaN,NaN
1508806800,2.02,2.06,2.02,2.05,384600,NaN,NaN,NaN,NaN,NaN,NaN,NaN
1508893200,2.04,2.08,2.02,2.08,166800,NaN,NaN,NaN,NaN,NaN,NaN,NaN
1508979600,2.08,2.08,2.04,2.05,181100,NaN,NaN,NaN,NaN,NaN,NaN,NaN
1509066000,2.05,2.05,2.04,2.05,142200,NaN,NaN,NaN,NaN,NaN,NaN,NaN
1509325200,2,2.06,2,2.03,298000,NaN,NaN,NaN,NaN,NaN,NaN,NaN
1509411600,2.03,2.07,2.03,2.07,219600,NaN,NaN,NaN,NaN,NaN,NaN,NaN
1509498000,2.05,2.07,2.01,2.06,1120300,NaN,NaN,NaN,NaN,NaN,NaN,NaN
1509584400,2.04,2.08,2.04,2.07,57100,NaN,NaN,NaN,NaN,NaN,NaN,NaN
1509670800,2.07,2.07,2.03,2.04,239700,NaN,NaN,NaN,NaN,NaN,NaN,NaN
1509930000,2.05,2.08,2.03,2.08,32200,NaN,NaN,NaN,NaN,NaN,NaN,NaN
1510016400,2.05,2.05,2,2.03,26900,NaN,NaN,NaN,NaN,NaN,NaN,NaN
1510102800,2.02,2.02,1.99,2,82600,NaN,NaN,NaN,NaN,NaN,NaN,NaN
1510189200,1.99,2.02,1.98,2,150400,NaN,NaN,NaN,NaN,NaN,NaN,NaN
1510275600,1.99,2.01,1.99,2,89400,NaN,NaN,NaN,NaN,NaN,NaN,NaN
1510534800,1.99,2,1.97,1.99,1099300,NaN,NaN,NaN,NaN,NaN,NaN,NaN
1510621200,1.99,2.02,1.99,2,318800,NaN,NaN,NaN,NaN,NaN,NaN,NaN
1510707600,1.99,2,1.98,1.99,142000,NaN,NaN,NaN,NaN,NaN,NaN,NaN
1510794000,1.99,2.01,1.99,2.01,1163700,NaN,NaN,NaN,NaN,NaN,NaN,NaN
1510880400,2,2,1.99,2,25200,NaN,NaN,NaN,NaN,NaN,NaN,NaN
1511139600,2,2,1.98,1.99,411800,NaN,NaN,NaN,NaN,NaN,NaN,NaN
1511226000,1.99,1.99,1.95,1.97,1339800,NaN,NaN,NaN,NaN,NaN,NaN,NaN
1511312400,1.97,1.97,1.94,1.97,1070500,NaN,NaN,NaN,NaN,NaN,NaN,NaN
1511398800,1.93,1.95,1.91,1.91,1355600,NaN,NaN,NaN,NaN,NaN,NaN,NaN
1511485200,1.92,1.92,1.87,1.88,998300,NaN,NaN,NaN,NaN,NaN,NaN,NaN
1511744400,1.88,1.91,1.78,1.79,601100,NaN,NaN,NaN,NaN,NaN,NaN,NaN
1511830800,1.79,1.81,1.77,1.81,821500,NaN,NaN,NaN,NaN,NaN,NaN,NaN
1511917200,1.82,1.83,1.8,1.81,671300,NaN,NaN,NaN,NaN,NaN,NaN,NaN
1512003600,1.81,1.81,1.79,1.81,678000,NaN,NaN,NaN,NaN,NaN,NaN,NaN
1512349200,1.81,1.81,1.79,1.81,181200,NaN,NaN,NaN,NaN,NaN,NaN,NaN
1512435600,1.8,1.85,1.8,1.85,1120600,NaN,NaN,NaN,NaN,NaN,NaN,NaN
1512522000,1.83,1.85,1.81,1.85,1163600,NaN,NaN,NaN,NaN,NaN,NaN,NaN
1512608400,1.83,1.83,1.8,1.8,1248300,NaN,NaN,NaN,NaN,NaN,NaN,NaN
1512694800,1.8,1.8,1.79,1.8,1110600,NaN,NaN,NaN,NaN,NaN,NaN,NaN
1512954000,1.79,1.8,1.78,1.8,360400,NaN,NaN,NaN,NaN,NaN,NaN,NaN
1513040400,1.8,1.8,1.78,1.8,51100,NaN,NaN,NaN,NaN,NaN,NaN,NaN
1513126800,1.8,1.8,1.78,1.8,217800,NaN,NaN,NaN,NaN,NaN,NaN,NaN
1513213200,1.79,1.79,1.76,1.77,835300,NaN,NaN,NaN,NaN,NaN,NaN,NaN
1513299600,1.77,1.77,1.7,1.72,575800,NaN,NaN,NaN,NaN,NaN,NaN,NaN
1513558800,1.73,1.74,1.71,1.72,659500,NaN,NaN,NaN,NaN,NaN,NaN,NaN
1513645200,1.71,1.73,1.65,1.67,609500,NaN,NaN,NaN,NaN,NaN,NaN,NaN
1513731600,1.67,1.67,1.65,1.66,224700,NaN,NaN,NaN,NaN,NaN,NaN,NaN
1513818000,1.66,1.73,1.64,1.65,564100,NaN,NaN,NaN,NaN,NaN,NaN,NaN
1513904400,1.65,1.72,1.65,1.72,244000,NaN,NaN,NaN,NaN,NaN,NaN,NaN
1514250000,1.72,1.72,1.7,1.71,158900,NaN,NaN,NaN,NaN,NaN,NaN,NaN
1514336400,1.7,1.71,1.68,1.68,151900,NaN,NaN,NaN,NaN,NaN,NaN,NaN
1514422800,1.69,1.7,1.68,1.69,49600,NaN,NaN,NaN,NaN,NaN,NaN,NaN
1514509200,1.69,1.76,1.69,1.76,869200,1404000000,4409564000,2446697000,100501000,1075659000,1962867000,2.27272727272727
1514854800,1.72,1.72,1.67,1.68,402400,NaN,NaN,NaN,NaN,NaN,NaN,NaN
1514941200,1.68,1.69,1.66,1.66,452200,NaN,NaN,NaN,NaN,NaN,NaN,NaN
1515027600,1.7,1.71,1.66,1.67,289900,NaN,NaN,NaN,NaN,NaN,NaN,NaN
1515114000,1.71,1.75,1.71,1.73,915800,NaN,NaN,NaN,NaN,NaN,NaN,NaN
1515373200,1.74,1.74,1.66,1.7,1585000,NaN,NaN,NaN,NaN,NaN,NaN,NaN
1515459600,1.7,1.72,1.68,1.69,347300,NaN,NaN,NaN,NaN,NaN,NaN,NaN
1515546000,1.7,1.7,1.67,1.7,1136200,NaN,NaN,NaN,NaN,NaN,NaN,NaN
1515632400,1.7,1.7,1.67,1.68,248200,NaN,NaN,NaN,NaN,NaN,NaN,NaN
1515718800,1.67,1.68,1.66,1.68,307300,NaN,NaN,NaN,NaN,NaN,NaN,NaN
1515978000,1.68,1.68,1.65,1.65,448100,NaN,NaN,NaN,NaN,NaN,NaN,NaN
1516064400,1.65,1.67,1.65,1.67,872700,NaN,NaN,NaN,NaN,NaN,NaN,NaN
1516150800,1.65,1.7,1.64,1.68,839900,NaN,NaN,NaN,NaN,NaN,NaN,NaN
1516237200,1.66,1.66,1.64,1.66,879200,NaN,NaN,NaN,NaN,NaN,NaN,NaN
1516323600,1.65,1.65,1.63,1.64,1008900,NaN,NaN,NaN,NaN,NaN,NaN,NaN
1516582800,1.65,1.65,1.63,1.63,357100,NaN,NaN,NaN,NaN,NaN,NaN,NaN
1516669200,1.64,1.65,1.63,1.65,119900,NaN,NaN,NaN,NaN,NaN,NaN,NaN
1516755600,1.64,1.65,1.63,1.63,396000,NaN,NaN,NaN,NaN,NaN,NaN,NaN
1516842000,1.64,1.64,1.62,1.62,873200,NaN,NaN,NaN,NaN,NaN,NaN,NaN
1516928400,1.65,1.65,1.62,1.62,385300,NaN,NaN,NaN,NaN,NaN,NaN,NaN
1517187600,1.64,1.64,1.61,1.64,184000,NaN,NaN,NaN,NaN,NaN,NaN,NaN
1517274000,1.64,1.65,1.61,1.64,63800,NaN,NaN,NaN,NaN,NaN,NaN,NaN
1517533200,1.64,1.64,1.62,1.62,140400,NaN,NaN,NaN,NaN,NaN,NaN,NaN
1517792400,1.61,1.62,1.6,1.61,940100,NaN,NaN,NaN,NaN,NaN,NaN,NaN
1517878800,1.6,1.6,1.55,1.59,1216600,NaN,NaN,NaN,NaN,NaN,NaN,NaN
1517965200,1.6,1.6,1.58,1.59,865700,NaN,NaN,NaN,NaN,NaN,NaN,NaN
1518051600,1.6,1.6,1.58,1.59,548700,NaN,NaN,NaN,NaN,NaN,NaN,NaN
1518138000,1.58,1.59,1.57,1.59,102200,NaN,NaN,NaN,NaN,NaN,NaN,NaN
1518397200,1.59,1.59,1.57,1.57,148900,NaN,NaN,NaN,NaN,NaN,NaN,NaN
1518483600,1.58,1.58,1.56,1.57,589200,NaN,NaN,NaN,NaN,NaN,NaN,NaN
1518570000,1.57,1.57,1.56,1.57,160000,NaN,NaN,NaN,NaN,NaN,NaN,NaN
1518656400,1.57,1.57,1.56,1.56,47100,NaN,NaN,NaN,NaN,NaN,NaN,NaN
1519002000,1.56,1.58,1.56,1.57,196500,NaN,NaN,NaN,NaN,NaN,NaN,NaN
1519088400,1.57,1.57,1.55,1.55,631800,NaN,NaN,NaN,NaN,NaN,NaN,NaN
1519174800,1.57,1.57,1.56,1.57,302800,NaN,NaN,NaN,NaN,NaN,NaN,NaN
1519261200,1.57,1.57,1.54,1.56,758200,NaN,NaN,NaN,NaN,NaN,NaN,NaN
1519347600,1.55,1.55,1.53,1.54,200800,NaN,NaN,NaN,NaN,NaN,NaN,NaN
1519606800,1.53,1.54,1.52,1.53,667500,NaN,NaN,NaN,NaN,NaN,NaN,NaN
1519693200,1.54,1.54,1.46,1.49,1443600,NaN,NaN,NaN,NaN,NaN,NaN,NaN
1519779600,1.49,1.49,1.45,1.47,862900,NaN,NaN,NaN,NaN,NaN,NaN,NaN
1519866000,1.5,1.63,1.49,1.61,9522600,NaN,NaN,NaN,NaN,NaN,NaN,NaN
1519952400,1.61,1.73,1.57,1.67,2411600,NaN,NaN,NaN,NaN,NaN,NaN,NaN
1520211600,1.67,1.78,1.67,1.75,6861300,NaN,NaN,NaN,NaN,NaN,NaN,NaN
1520298000,1.75,1.78,1.75,1.77,8554700,NaN,NaN,NaN,NaN,NaN,NaN,NaN
1520384400,1.77,1.77,1.72,1.76,1268800,NaN,NaN,NaN,NaN,NaN,NaN,NaN
1520470800,1.76,1.85,1.76,1.78,1777900,NaN,NaN,NaN,NaN,NaN,NaN,NaN
1520557200,1.78,1.83,1.75,1.83,5181900,NaN,NaN,NaN,NaN,NaN,NaN,NaN
1520816400,1.83,1.84,1.83,1.84,525800,NaN,NaN,NaN,NaN,NaN,NaN,NaN
1520902800,1.83,1.84,1.82,1.83,1442900,NaN,NaN,NaN,NaN,NaN,NaN,NaN
1520989200,1.82,1.83,1.79,1.8,2141700,NaN,NaN,NaN,NaN,NaN,NaN,NaN
1521075600,1.8,1.8,1.75,1.76,4844000,NaN,NaN,NaN,NaN,NaN,NaN,NaN
1521162000,1.76,1.77,1.76,1.77,145400,NaN,NaN,NaN,NaN,NaN,NaN,NaN
1521421200,1.75,1.8,1.75,1.78,232100,NaN,NaN,NaN,NaN,NaN,NaN,NaN
1521507600,1.79,1.83,1.78,1.8,852400,NaN,NaN,NaN,NaN,NaN,NaN,NaN
1521594000,1.8,1.81,1.77,1.81,182500,NaN,NaN,NaN,NaN,NaN,NaN,NaN
1521680400,1.8,1.81,1.75,1.75,661000,NaN,NaN,NaN,NaN,NaN,NaN,NaN
1521766800,1.75,1.81,1.73,1.79,783800,NaN,NaN,NaN,NaN,NaN,NaN,NaN
1522026000,1.8,1.81,1.77,1.81,952400,NaN,NaN,NaN,NaN,NaN,NaN,NaN
1522112400,1.8,1.81,1.78,1.81,1285300,NaN,NaN,NaN,NaN,NaN,NaN,NaN
1522198800,1.78,1.81,1.78,1.8,479400,NaN,NaN,NaN,NaN,NaN,NaN,NaN
1522285200,1.8,1.8,1.77,1.79,3036400,NaN,NaN,NaN,NaN,NaN,NaN,NaN
1522371600,1.78,1.78,1.76,1.76,3392000,1404000000,4350347000,2364647000,61213000,1114285000,1985700000,2.27272727272727
1522630800,1.76,1.78,1.75,1.78,233600,NaN,NaN,NaN,NaN,NaN,NaN,NaN
1522717200,1.79,1.79,1.77,1.78,1366700,NaN,NaN,NaN,NaN,NaN,NaN,NaN
1522803600,1.78,1.78,1.74,1.77,580700,NaN,NaN,NaN,NaN,NaN,NaN,NaN
1522890000,1.76,1.85,1.75,1.83,2775400,NaN,NaN,NaN,NaN,NaN,NaN,NaN
1522976400,1.83,1.83,1.75,1.77,2554400,NaN,NaN,NaN,NaN,NaN,NaN,NaN
1523235600,1.78,1.8,1.76,1.78,4598000,NaN,NaN,NaN,NaN,NaN,NaN,NaN
1523322000,1.79,1.82,1.77,1.8,1452600,NaN,NaN,NaN,NaN,NaN,NaN,NaN
1523408400,1.79,2.06,1.79,2,3228000,NaN,NaN,NaN,NaN,NaN,NaN,NaN
1523494800,2,2.1,1.98,2.06,3804400,NaN,NaN,NaN,NaN,NaN,NaN,NaN
1523581200,2.06,2.07,1.98,2.05,804800,NaN,NaN,NaN,NaN,NaN,NaN,NaN
1523840400,2.03,2.04,1.98,2,365700,NaN,NaN,NaN,NaN,NaN,NaN,NaN
1523926800,1.99,2.05,1.98,2,509500,NaN,NaN,NaN,NaN,NaN,NaN,NaN
1524013200,2,2.06,1.99,2,3609600,NaN,NaN,NaN,NaN,NaN,NaN,NaN
1524099600,2,2.03,1.99,2,3008200,NaN,NaN,NaN,NaN,NaN,NaN,NaN
1524186000,2,2.03,2,2,2363600,NaN,NaN,NaN,NaN,NaN,NaN,NaN
1524445200,2,2.05,1.97,2.04,1625500,NaN,NaN,NaN,NaN,NaN,NaN,NaN
1524531600,2.04,2.09,2.01,2.04,2439100,NaN,NaN,NaN,NaN,NaN,NaN,NaN
1524618000,2.04,2.04,1.99,2.01,1191200,NaN,NaN,NaN,NaN,NaN,NaN,NaN
1524704400,2.02,2.04,2.01,2.03,3979100,NaN,NaN,NaN,NaN,NaN,NaN,NaN
1524790800,2.05,2.06,2.03,2.05,1894300,NaN,NaN,NaN,NaN,NaN,NaN,NaN
1525050000,2.04,2.06,2.01,2.02,411600,NaN,NaN,NaN,NaN,NaN,NaN,NaN
1525222800,2.02,2.05,1.99,2.02,2741000,NaN,NaN,NaN,NaN,NaN,NaN,NaN
1525309200,2.02,2.04,2.01,2.02,347400,NaN,NaN,NaN,NaN,NaN,NaN,NaN
1525395600,2.04,2.05,2.02,2.05,587200,NaN,NaN,NaN,NaN,NaN,NaN,NaN
1525654800,2.05,2.05,2,2.01,1961200,NaN,NaN,NaN,NaN,NaN,NaN,NaN
1525741200,2.01,2.06,2,2.04,1110000,NaN,NaN,NaN,NaN,NaN,NaN,NaN
1526259600,2.11,2.65,2.11,2.45,4733000,NaN,NaN,NaN,NaN,NaN,NaN,NaN
1526346000,2.45,2.51,2.32,2.45,5255700,NaN,NaN,NaN,NaN,NaN,NaN,NaN
1526432400,2.45,2.51,2.45,2.5,2218200,NaN,NaN,NaN,NaN,NaN,NaN,NaN
1526518800,2.55,2.63,2.52,2.58,2691500,NaN,NaN,NaN,NaN,NaN,NaN,NaN
1526605200,2.58,2.58,2.48,2.5,3224300,NaN,NaN,NaN,NaN,NaN,NaN,NaN
1526864400,2.5,2.55,2.46,2.49,446100,NaN,NaN,NaN,NaN,NaN,NaN,NaN
1526950800,2.45,2.48,2.37,2.37,2732100,NaN,NaN,NaN,NaN,NaN,NaN,NaN
1527037200,2.37,2.39,2.16,2.25,6510500,NaN,NaN,NaN,NaN,NaN,NaN,NaN
1527123600,2.25,2.39,2.2,2.3,1307300,NaN,NaN,NaN,NaN,NaN,NaN,NaN
1527210000,2.39,2.45,2.35,2.42,3226800,NaN,NaN,NaN,NaN,NaN,NaN,NaN
1527469200,2.45,2.51,2.33,2.35,2143100,NaN,NaN,NaN,NaN,NaN,NaN,NaN
1527642000,2.34,2.34,2.23,2.25,4632300,NaN,NaN,NaN,NaN,NaN,NaN,NaN
1527728400,2.24,2.31,2.24,2.29,1022800,NaN,NaN,NaN,NaN,NaN,NaN,NaN
1527814800,2.31,2.39,2.31,2.37,3708200,NaN,NaN,NaN,NaN,NaN,NaN,NaN
1528074000,2.4,2.5,2.4,2.43,4292000,NaN,NaN,NaN,NaN,NaN,NaN,NaN
1528160400,2.47,2.47,2.38,2.4,1343200,NaN,NaN,NaN,NaN,NaN,NaN,NaN
1528246800,2.4,2.46,2.37,2.4,2686500,NaN,NaN,NaN,NaN,NaN,NaN,NaN
1528333200,2.42,2.43,2.38,2.4,3001700,NaN,NaN,NaN,NaN,NaN,NaN,NaN
1528419600,2.42,2.42,2.38,2.38,1344100,NaN,NaN,NaN,NaN,NaN,NaN,NaN
1528678800,2.4,2.43,2.4,2.4,1171700,NaN,NaN,NaN,NaN,NaN,NaN,NaN
1528765200,2.4,2.41,2.38,2.41,812800,NaN,NaN,NaN,NaN,NaN,NaN,NaN
1528851600,2.4,2.45,2.38,2.41,2129600,NaN,NaN,NaN,NaN,NaN,NaN,NaN
1528938000,2.44,2.44,2.39,2.42,412900,NaN,NaN,NaN,NaN,NaN,NaN,NaN
1529283600,2.4,2.41,2.36,2.36,1652300,NaN,NaN,NaN,NaN,NaN,NaN,NaN
1529370000,2.36,2.37,2.32,2.35,561800,NaN,NaN,NaN,NaN,NaN,NaN,NaN
1529456400,2.35,2.4,2.33,2.35,293500,NaN,NaN,NaN,NaN,NaN,NaN,NaN
1529542800,2.35,2.35,2.28,2.32,315400,NaN,NaN,NaN,NaN,NaN,NaN,NaN
1529629200,2.35,2.35,2.26,2.3,905100,NaN,NaN,NaN,NaN,NaN,NaN,NaN
1529888400,2.33,2.33,2.27,2.3,908900,NaN,NaN,NaN,NaN,NaN,NaN,NaN
1529974800,2.28,2.29,2.24,2.26,498600,NaN,NaN,NaN,NaN,NaN,NaN,NaN
1530061200,2.26,2.31,2.23,2.25,4775100,NaN,NaN,NaN,NaN,NaN,NaN,NaN
1530147600,2.23,2.3,2.22,2.24,2743500,NaN,NaN,NaN,NaN,NaN,NaN,NaN
1530234000,2.25,2.29,2.24,2.27,3551900,1404000000,4454917000,2449953000,57674000,1064029000,2004964000,1.76211453744493
1530493200,2.27,2.3,2.27,2.29,423800,NaN,NaN,NaN,NaN,NaN,NaN,NaN
1530579600,2.3,2.42,2.3,2.4,1786200,NaN,NaN,NaN,NaN,NaN,NaN,NaN
1530666000,2.43,2.43,2.35,2.4,696500,NaN,NaN,NaN,NaN,NaN,NaN,NaN
1530752400,2.4,2.4,2.35,2.35,175100,NaN,NaN,NaN,NaN,NaN,NaN,NaN
1530838800,2.37,2.37,2.32,2.35,355200,NaN,NaN,NaN,NaN,NaN,NaN,NaN
1531098000,2.3,2.34,2.26,2.26,1648400,NaN,NaN,NaN,NaN,NaN,NaN,NaN
1531184400,2.28,2.31,2.25,2.25,1619800,NaN,NaN,NaN,NaN,NaN,NaN,NaN
1531270800,2.25,2.26,2.24,2.24,1278300,NaN,NaN,NaN,NaN,NaN,NaN,NaN
1531357200,2.24,2.28,2.24,2.28,393100,NaN,NaN,NaN,NaN,NaN,NaN,NaN
1531443600,2.28,2.28,2.25,2.27,1218900,NaN,NaN,NaN,NaN,NaN,NaN,NaN
1531702800,2.25,2.29,2.25,2.29,765700,NaN,NaN,NaN,NaN,NaN,NaN,NaN
1531789200,2.3,2.31,2.29,2.3,1942700,NaN,NaN,NaN,NaN,NaN,NaN,NaN
1531875600,2.33,2.33,2.29,2.33,1431100,NaN,NaN,NaN,NaN,NaN,NaN,NaN
1531962000,2.33,2.33,2.3,2.31,1324700,NaN,NaN,NaN,NaN,NaN,NaN,NaN
1532048400,2.3,2.31,2.23,2.3,715400,NaN,NaN,NaN,NaN,NaN,NaN,NaN
1532307600,2.3,2.3,2.29,2.3,281000,NaN,NaN,NaN,NaN,NaN,NaN,NaN
1532394000,2.3,2.31,2.29,2.29,533400,NaN,NaN,NaN,NaN,NaN,NaN,NaN
1532480400,2.29,2.31,2.29,2.3,1603900,NaN,NaN,NaN,NaN,NaN,NaN,NaN
1532566800,2.3,2.31,2.27,2.3,1122300,NaN,NaN,NaN,NaN,NaN,NaN,NaN
1532653200,2.27,2.4,2.27,2.4,2222500,NaN,NaN,NaN,NaN,NaN,NaN,NaN
1532912400,2.4,2.41,2.31,2.32,682700,NaN,NaN,NaN,NaN,NaN,NaN,NaN
1532998800,2.32,2.35,2.28,2.28,289000,NaN,NaN,NaN,NaN,NaN,NaN,NaN
1533085200,2.27,2.27,2.24,2.24,626200,NaN,NaN,NaN,NaN,NaN,NaN,NaN
1533171600,2.24,2.24,2.16,2.19,697400,NaN,NaN,NaN,NaN,NaN,NaN,NaN
1533258000,2.19,2.22,2.19,2.21,133800,NaN,NaN,NaN,NaN,NaN,NaN,NaN
1533517200,2.2,2.21,2.16,2.19,1616700,NaN,NaN,NaN,NaN,NaN,NaN,NaN
1533603600,2.21,2.23,2.2,2.2,403500,NaN,NaN,NaN,NaN,NaN,NaN,NaN
1533690000,2.2,2.22,2.19,2.2,160400,NaN,NaN,NaN,NaN,NaN,NaN,NaN
1533776400,2.2,2.22,2.19,2.22,54300,NaN,NaN,NaN,NaN,NaN,NaN,NaN
1533862800,2.21,2.23,2.18,2.23,1289800,NaN,NaN,NaN,NaN,NaN,NaN,NaN
1534122000,2.22,2.23,2.2,2.21,1602800,NaN,NaN,NaN,NaN,NaN,NaN,NaN
1534208400,2.22,2.24,2.21,2.21,473500,NaN,NaN,NaN,NaN,NaN,NaN,NaN
1534294800,2.25,2.25,2.2,2.22,839200,NaN,NaN,NaN,NaN,NaN,NaN,NaN
1534381200,2.22,2.22,2.2,2.2,88400,NaN,NaN,NaN,NaN,NaN,NaN,NaN
1534467600,2.2,2.21,2.2,2.21,1027700,NaN,NaN,NaN,NaN,NaN,NaN,NaN
1534726800,2.22,2.22,2.17,2.19,736600,NaN,NaN,NaN,NaN,NaN,NaN,NaN
1534813200,2.2,2.22,2.18,2.2,367400,NaN,NaN,NaN,NaN,NaN,NaN,NaN
1534986000,2.2,2.27,2.17,2.2,520700,NaN,NaN,NaN,NaN,NaN,NaN,NaN
1535072400,2.2,2.25,2.13,2.14,218800,NaN,NaN,NaN,NaN,NaN,NaN,NaN
1535331600,2.14,2.2,2.12,2.12,1023000,NaN,NaN,NaN,NaN,NaN,NaN,NaN
1535418000,2.11,2.12,2.06,2.1,1032200,NaN,NaN,NaN,NaN,NaN,NaN,NaN
1535504400,2.1,2.15,2.1,2.1,590400,NaN,NaN,NaN,NaN,NaN,NaN,NaN
1535590800,1.99,1.99,1.86,1.92,4675800,NaN,NaN,NaN,NaN,NaN,NaN,NaN
1535936400,1.92,1.93,1.89,1.9,2331600,NaN,NaN,NaN,NaN,NaN,NaN,NaN
1536022800,1.9,1.93,1.9,1.92,529700,NaN,NaN,NaN,NaN,NaN,NaN,NaN
1536109200,1.92,1.98,1.92,1.95,2110300,NaN,NaN,NaN,NaN,NaN,NaN,NaN
1536195600,1.95,2.06,1.95,2.01,1366100,NaN,NaN,NaN,NaN,NaN,NaN,NaN
1536282000,2.03,2.03,1.94,1.97,640600,NaN,NaN,NaN,NaN,NaN,NaN,NaN
1536714000,1.95,1.97,1.93,1.95,724200,NaN,NaN,NaN,NaN,NaN,NaN,NaN
1536800400,2,2,1.93,1.94,955400,NaN,NaN,NaN,NaN,NaN,NaN,NaN
1536886800,1.95,1.97,1.93,1.95,2406500,NaN,NaN,NaN,NaN,NaN,NaN,NaN
1537232400,1.95,1.97,1.9,1.94,1025100,NaN,NaN,NaN,NaN,NaN,NaN,NaN
1537318800,1.93,1.95,1.91,1.93,1548500,NaN,NaN,NaN,NaN,NaN,NaN,NaN
1537405200,1.92,1.93,1.9,1.92,832800,NaN,NaN,NaN,NaN,NaN,NaN,NaN
1537491600,1.92,1.92,1.83,1.86,3908900,NaN,NaN,NaN,NaN,NaN,NaN,NaN
1537750800,1.86,1.89,1.85,1.88,875800,NaN,NaN,NaN,NaN,NaN,NaN,NaN
1537837200,1.89,1.89,1.83,1.84,3711500,NaN,NaN,NaN,NaN,NaN,NaN,NaN
1537923600,1.85,1.86,1.76,1.81,1556100,NaN,NaN,NaN,NaN,NaN,NaN,NaN
1538010000,1.78,1.8,1.72,1.74,1208300,NaN,NaN,NaN,NaN,NaN,NaN,NaN
1538096400,1.75,1.75,1.67,1.7,1777600,1404000000,4552311000,2581762000,34317000,1064808000,1970549000,2.35294117647059
1538355600,1.71,1.73,1.68,1.68,2591800,NaN,NaN,NaN,NaN,NaN,NaN,NaN
1538442000,1.68,1.72,1.68,1.69,2033500,NaN,NaN,NaN,NaN,NaN,NaN,NaN
1538528400,1.7,1.73,1.69,1.7,2481500,NaN,NaN,NaN,NaN,NaN,NaN,NaN
1538614800,1.71,1.71,1.65,1.67,4870900,NaN,NaN,NaN,NaN,NaN,NaN,NaN
1538701200,1.66,1.68,1.66,1.67,672200,NaN,NaN,NaN,NaN,NaN,NaN,NaN
1538960400,1.67,1.71,1.65,1.7,1396000,NaN,NaN,NaN,NaN,NaN,NaN,NaN
1539046800,1.68,1.7,1.67,1.67,630500,NaN,NaN,NaN,NaN,NaN,NaN,NaN
1539133200,1.68,1.7,1.64,1.64,1767000,NaN,NaN,NaN,NaN,NaN,NaN,NaN
1539219600,1.6,1.66,1.51,1.57,2502100,NaN,NaN,NaN,NaN,NaN,NaN,NaN
1539306000,1.56,1.59,1.55,1.56,3736500,NaN,NaN,NaN,NaN,NaN,NaN,NaN
1539565200,1.57,1.64,1.57,1.63,855000,NaN,NaN,NaN,NaN,NaN,NaN,NaN
1539651600,1.64,1.66,1.62,1.62,416900,NaN,NaN,NaN,NaN,NaN,NaN,NaN
1539738000,1.64,1.65,1.61,1.64,1160400,NaN,NaN,NaN,NaN,NaN,NaN,NaN
1539824400,1.66,1.68,1.6,1.67,2894500,NaN,NaN,NaN,NaN,NaN,NaN,NaN
1539910800,1.67,1.76,1.65,1.73,1490800,NaN,NaN,NaN,NaN,NaN,NaN,NaN
1540170000,1.75,1.77,1.71,1.77,1096100,NaN,NaN,NaN,NaN,NaN,NaN,NaN
1540256400,1.77,1.79,1.73,1.77,1932000,NaN,NaN,NaN,NaN,NaN,NaN,NaN
1540342800,1.78,1.79,1.71,1.76,685500,NaN,NaN,NaN,NaN,NaN,NaN,NaN
1540429200,1.7,1.74,1.69,1.72,1103500,NaN,NaN,NaN,NaN,NaN,NaN,NaN
1540515600,1.72,1.73,1.7,1.72,401600,NaN,NaN,NaN,NaN,NaN,NaN,NaN
1540774800,1.71,1.71,1.65,1.67,768100,NaN,NaN,NaN,NaN,NaN,NaN,NaN
1540861200,1.67,1.68,1.64,1.66,750700,NaN,NaN,NaN,NaN,NaN,NaN,NaN
1540947600,1.66,1.7,1.66,1.69,1092400,NaN,NaN,NaN,NaN,NaN,NaN,NaN
1541034000,1.69,1.73,1.69,1.72,370800,NaN,NaN,NaN,NaN,NaN,NaN,NaN
1541120400,1.71,1.76,1.71,1.75,967600,NaN,NaN,NaN,NaN,NaN,NaN,NaN
1541379600,1.75,1.83,1.75,1.8,1177500,NaN,NaN,NaN,NaN,NaN,NaN,NaN
1541552400,1.82,1.82,1.78,1.8,456400,NaN,NaN,NaN,NaN,NaN,NaN,NaN
1541638800,1.79,1.8,1.72,1.74,1153500,NaN,NaN,NaN,NaN,NaN,NaN,NaN
1541725200,1.74,1.77,1.73,1.76,1285600,NaN,NaN,NaN,NaN,NaN,NaN,NaN
1541984400,1.76,1.77,1.74,1.75,202500,NaN,NaN,NaN,NaN,NaN,NaN,NaN
1542070800,1.74,1.8,1.73,1.8,658800,NaN,NaN,NaN,NaN,NaN,NaN,NaN
1542157200,1.81,1.87,1.81,1.84,3099100,NaN,NaN,NaN,NaN,NaN,NaN,NaN
1542243600,1.84,1.88,1.84,1.86,620200,NaN,NaN,NaN,NaN,NaN,NaN,NaN
1542330000,1.87,1.89,1.85,1.88,1842400,NaN,NaN,NaN,NaN,NaN,NaN,NaN
1542589200,1.87,1.88,1.81,1.85,529800,NaN,NaN,NaN,NaN,NaN,NaN,NaN
1542762000,1.83,1.83,1.79,1.81,1268900,NaN,NaN,NaN,NaN,NaN,NaN,NaN
1542848400,1.81,1.84,1.81,1.82,739400,NaN,NaN,NaN,NaN,NaN,NaN,NaN
1542934800,1.82,1.85,1.81,1.81,532200,NaN,NaN,NaN,NaN,NaN,NaN,NaN
1543194000,1.81,1.83,1.81,1.82,729800,NaN,NaN,NaN,NaN,NaN,NaN,NaN
1543280400,1.82,1.87,1.82,1.86,589100,NaN,NaN,NaN,NaN,NaN,NaN,NaN
1543366800,1.88,1.93,1.85,1.89,978400,NaN,NaN,NaN,NaN,NaN,NaN,NaN
1543453200,1.89,1.89,1.74,1.79,1393900,NaN,NaN,NaN,NaN,NaN,NaN,NaN
1543539600,1.8,1.8,1.65,1.65,6640900,NaN,NaN,NaN,NaN,NaN,NaN,NaN
1543798800,1.66,1.7,1.6,1.62,2336500,NaN,NaN,NaN,NaN,NaN,NaN,NaN
1543885200,1.64,1.68,1.62,1.66,501900,NaN,NaN,NaN,NaN,NaN,NaN,NaN
1543971600,1.64,1.65,1.6,1.61,732200,NaN,NaN,NaN,NaN,NaN,NaN,NaN
1544058000,1.62,1.63,1.57,1.6,798400,NaN,NaN,NaN,NaN,NaN,NaN,NaN
1544144400,1.6,1.62,1.58,1.62,321900,NaN,NaN,NaN,NaN,NaN,NaN,NaN
1544403600,1.58,1.62,1.58,1.61,311900,NaN,NaN,NaN,NaN,NaN,NaN,NaN
1544490000,1.62,1.65,1.59,1.6,824000,NaN,NaN,NaN,NaN,NaN,NaN,NaN
1544576400,1.63,1.63,1.57,1.6,972500,NaN,NaN,NaN,NaN,NaN,NaN,NaN
1544662800,1.6,1.61,1.59,1.59,456400,NaN,NaN,NaN,NaN,NaN,NaN,NaN
1544749200,1.59,1.59,1.57,1.57,255800,NaN,NaN,NaN,NaN,NaN,NaN,NaN
1545008400,1.55,1.6,1.55,1.55,308400,NaN,NaN,NaN,NaN,NaN,NaN,NaN
1545094800,1.55,1.59,1.53,1.58,287700,NaN,NaN,NaN,NaN,NaN,NaN,NaN
1545181200,1.58,1.59,1.56,1.59,253100,NaN,NaN,NaN,NaN,NaN,NaN,NaN
1545267600,1.58,1.59,1.56,1.58,178600,NaN,NaN,NaN,NaN,NaN,NaN,NaN
1545354000,1.58,1.58,1.54,1.55,308300,NaN,NaN,NaN,NaN,NaN,NaN,NaN
1545613200,1.55,1.58,1.54,1.55,279200,NaN,NaN,NaN,NaN,NaN,NaN,NaN
1545786000,1.54,1.54,1.5,1.51,1201000,NaN,NaN,NaN,NaN,NaN,NaN,NaN
1545872400,1.52,1.52,1.5,1.5,589600,NaN,NaN,NaN,NaN,NaN,NaN,NaN
1545958800,1.51,1.52,1.47,1.48,445500,NaN,NaN,NaN,NaN,NaN,NaN,NaN
1546218000,1.5,1.52,1.47,1.47,682300,1404000000,4646706000,2626331000,119968000,1110518000,2020375000,2.72108843537415
1546390800,1.47,1.47,1.39,1.4,934100,NaN,NaN,NaN,NaN,NaN,NaN,NaN
1546477200,1.4,1.43,1.39,1.4,894800,NaN,NaN,NaN,NaN,NaN,NaN,NaN
1546563600,1.39,1.41,1.39,1.39,670000,NaN,NaN,NaN,NaN,NaN,NaN,NaN
1546822800,1.43,1.43,1.39,1.41,1516400,NaN,NaN,NaN,NaN,NaN,NaN,NaN
1546909200,1.41,1.42,1.39,1.4,477900,NaN,NaN,NaN,NaN,NaN,NaN,NaN
1546995600,1.4,1.46,1.4,1.45,2122000,NaN,NaN,NaN,NaN,NaN,NaN,NaN
1547082000,1.46,1.52,1.45,1.48,2188400,NaN,NaN,NaN,NaN,NaN,NaN,NaN
1547168400,1.49,1.5,1.46,1.46,953600,NaN,NaN,NaN,NaN,NaN,NaN,NaN
1547427600,1.5,1.5,1.46,1.47,800200,NaN,NaN,NaN,NaN,NaN,NaN,NaN
1547514000,1.47,1.47,1.45,1.46,258400,NaN,NaN,NaN,NaN,NaN,NaN,NaN
1547600400,1.47,1.55,1.47,1.5,2609100,NaN,NaN,NaN,NaN,NaN,NaN,NaN
1547686800,1.51,1.52,1.48,1.49,522300,NaN,NaN,NaN,NaN,NaN,NaN,NaN
1547773200,1.51,1.52,1.49,1.49,717000,NaN,NaN,NaN,NaN,NaN,NaN,NaN
1548118800,1.49,1.5,1.48,1.49,742500,NaN,NaN,NaN,NaN,NaN,NaN,NaN
1548205200,1.48,1.49,1.46,1.48,476700,NaN,NaN,NaN,NaN,NaN,NaN,NaN
1548291600,1.48,1.51,1.47,1.48,1036000,NaN,NaN,NaN,NaN,NaN,NaN,NaN
1548378000,1.48,1.49,1.47,1.47,718900,NaN,NaN,NaN,NaN,NaN,NaN,NaN
1548637200,1.48,1.49,1.47,1.48,579600,NaN,NaN,NaN,NaN,NaN,NaN,NaN
1548723600,1.48,1.49,1.46,1.47,1194100,NaN,NaN,NaN,NaN,NaN,NaN,NaN
1548810000,1.49,1.52,1.48,1.5,4337800,NaN,NaN,NaN,NaN,NaN,NaN,NaN
1548896400,1.51,1.57,1.49,1.55,13662100,NaN,NaN,NaN,NaN,NaN,NaN,NaN
1549242000,1.57,1.59,1.56,1.57,815800,NaN,NaN,NaN,NaN,NaN,NaN,NaN
1549501200,1.57,1.57,1.54,1.55,1491300,NaN,NaN,NaN,NaN,NaN,NaN,NaN
1549587600,1.54,1.55,1.54,1.55,570200,NaN,NaN,NaN,NaN,NaN,NaN,NaN
1549846800,1.55,1.55,1.51,1.53,1702500,NaN,NaN,NaN,NaN,NaN,NaN,NaN
1549933200,1.53,1.58,1.51,1.55,2624200,NaN,NaN,NaN,NaN,NaN,NaN,NaN
1550019600,1.55,1.55,1.53,1.53,563600,NaN,NaN,NaN,NaN,NaN,NaN,NaN
1550106000,1.53,1.53,1.51,1.51,709700,NaN,NaN,NaN,NaN,NaN,NaN,NaN
1550192400,1.51,1.52,1.51,1.52,1793200,NaN,NaN,NaN,NaN,NaN,NaN,NaN
1550451600,1.51,1.53,1.51,1.52,535700,NaN,NaN,NaN,NaN,NaN,NaN,NaN
1550538000,1.51,1.52,1.51,1.51,3374600,NaN,NaN,NaN,NaN,NaN,NaN,NaN
1550624400,1.51,1.56,1.51,1.54,4907900,NaN,NaN,NaN,NaN,NaN,NaN,NaN
1550710800,1.54,1.55,1.53,1.54,2512600,NaN,NaN,NaN,NaN,NaN,NaN,NaN
1550797200,1.54,1.61,1.53,1.57,6890500,NaN,NaN,NaN,NaN,NaN,NaN,NaN
1551056400,1.57,1.63,1.56,1.59,6893400,NaN,NaN,NaN,NaN,NaN,NaN,NaN
1551142800,1.59,1.6,1.57,1.58,4616700,NaN,NaN,NaN,NaN,NaN,NaN,NaN
1551229200,1.58,1.63,1.52,1.62,6316600,NaN,NaN,NaN,NaN,NaN,NaN,NaN
1551315600,1.64,1.69,1.63,1.65,9532700,NaN,NaN,NaN,NaN,NaN,NaN,NaN
1551402000,1.65,1.66,1.6,1.6,784700,NaN,NaN,NaN,NaN,NaN,NaN,NaN
1551661200,1.6,1.64,1.59,1.62,914100,NaN,NaN,NaN,NaN,NaN,NaN,NaN
1551747600,1.63,1.65,1.58,1.61,1037300,NaN,NaN,NaN,NaN,NaN,NaN,NaN
1551834000,1.61,1.61,1.58,1.59,832400,NaN,NaN,NaN,NaN,NaN,NaN,NaN
1551920400,1.59,1.61,1.58,1.6,799200,NaN,NaN,NaN,NaN,NaN,NaN,NaN
1552006800,1.6,1.62,1.58,1.6,902600,NaN,NaN,NaN,NaN,NaN,NaN,NaN
1552266000,1.6,1.6,1.55,1.56,687600,NaN,NaN,NaN,NaN,NaN,NaN,NaN
1552352400,1.58,1.58,1.54,1.58,970100,NaN,NaN,NaN,NaN,NaN,NaN,NaN
1552438800,1.57,1.58,1.55,1.56,136000,NaN,NaN,NaN,NaN,NaN,NaN,NaN
1552525200,1.58,1.6,1.55,1.6,844700,NaN,NaN,NaN,NaN,NaN,NaN,NaN
1552611600,1.6,1.6,1.57,1.57,468500,NaN,NaN,NaN,NaN,NaN,NaN,NaN
1552870800,1.57,1.59,1.57,1.58,460300,NaN,NaN,NaN,NaN,NaN,NaN,NaN
1552957200,1.58,1.59,1.55,1.55,381800,NaN,NaN,NaN,NaN,NaN,NaN,NaN
1553043600,1.55,1.57,1.52,1.54,1237000,NaN,NaN,NaN,NaN,NaN,NaN,NaN
1553130000,1.54,1.54,1.51,1.54,909700,NaN,NaN,NaN,NaN,NaN,NaN,NaN
1553216400,1.54,1.54,1.52,1.53,26300,NaN,NaN,NaN,NaN,NaN,NaN,NaN
1553475600,1.52,1.53,1.49,1.51,1052800,NaN,NaN,NaN,NaN,NaN,NaN,NaN
1553562000,1.51,1.51,1.46,1.46,2158600,NaN,NaN,NaN,NaN,NaN,NaN,NaN
1553648400,1.46,1.5,1.43,1.45,2690500,NaN,NaN,NaN,NaN,NaN,NaN,NaN
1553734800,1.45,1.53,1.45,1.52,838200,NaN,NaN,NaN,NaN,NaN,NaN,NaN
1553821200,1.5,1.51,1.47,1.47,455900,1404000000,6461869000,4746510000,92190000,1206876000,1715359000,2.72108843537415
1554080400,1.5,1.5,1.47,1.48,1280300,NaN,NaN,NaN,NaN,NaN,NaN,NaN
1554166800,1.49,1.5,1.47,1.48,453900,NaN,NaN,NaN,NaN,NaN,NaN,NaN
1554253200,1.49,1.5,1.46,1.47,546100,NaN,NaN,NaN,NaN,NaN,NaN,NaN
1554339600,1.48,1.49,1.47,1.49,497200,NaN,NaN,NaN,NaN,NaN,NaN,NaN
1554426000,1.5,1.53,1.49,1.51,660800,NaN,NaN,NaN,NaN,NaN,NaN,NaN
1554685200,1.52,1.53,1.49,1.5,362800,NaN,NaN,NaN,NaN,NaN,NaN,NaN
1554771600,1.5,1.5,1.47,1.48,368900,NaN,NaN,NaN,NaN,NaN,NaN,NaN
1554858000,1.47,1.49,1.45,1.47,360900,NaN,NaN,NaN,NaN,NaN,NaN,NaN
1554944400,1.47,1.48,1.43,1.44,896100,NaN,NaN,NaN,NaN,NaN,NaN,NaN
1555030800,1.47,1.47,1.43,1.45,472200,NaN,NaN,NaN,NaN,NaN,NaN,NaN
1555290000,1.45,1.47,1.43,1.44,844500,NaN,NaN,NaN,NaN,NaN,NaN,NaN
1555376400,1.44,1.44,1.42,1.43,952300,NaN,NaN,NaN,NaN,NaN,NaN,NaN
1555462800,1.43,1.44,1.41,1.42,511700,NaN,NaN,NaN,NaN,NaN,NaN,NaN
1555549200,1.44,1.44,1.41,1.41,128400,NaN,NaN,NaN,NaN,NaN,NaN,NaN
1555635600,1.43,1.44,1.42,1.42,400800,NaN,NaN,NaN,NaN,NaN,NaN,NaN
1555894800,1.43,1.45,1.43,1.45,278700,NaN,NaN,NaN,NaN,NaN,NaN,NaN
1555981200,1.44,1.45,1.43,1.45,548400,NaN,NaN,NaN,NaN,NaN,NaN,NaN
1556067600,1.45,1.46,1.43,1.46,701900,NaN,NaN,NaN,NaN,NaN,NaN,NaN
1556154000,1.46,1.46,1.45,1.46,224700,NaN,NaN,NaN,NaN,NaN,NaN,NaN
1556240400,1.46,1.46,1.43,1.44,582600,NaN,NaN,NaN,NaN,NaN,NaN,NaN
1556499600,1.44,1.44,1.43,1.44,601800,NaN,NaN,NaN,NaN,NaN,NaN,NaN
1556586000,1.44,1.45,1.43,1.44,432800,NaN,NaN,NaN,NaN,NaN,NaN,NaN
1556758800,1.44,1.45,1.42,1.42,405800,NaN,NaN,NaN,NaN,NaN,NaN,NaN
1556845200,1.42,1.44,1.41,1.43,259000,NaN,NaN,NaN,NaN,NaN,NaN,NaN
1557104400,1.43,1.43,1.41,1.43,715100,NaN,NaN,NaN,NaN,NaN,NaN,NaN
1557190800,1.41,1.44,1.41,1.43,296000,NaN,NaN,NaN,NaN,NaN,NaN,NaN
1557277200,1.42,1.45,1.41,1.45,310600,NaN,NaN,NaN,NaN,NaN,NaN,NaN
1557363600,1.43,1.46,1.42,1.45,703800,NaN,NaN,NaN,NaN,NaN,NaN,NaN
1557450000,1.44,1.47,1.43,1.46,806300,NaN,NaN,NaN,NaN,NaN,NaN,NaN
1557709200,1.46,1.46,1.42,1.42,1590900,NaN,NaN,NaN,NaN,NaN,NaN,NaN
1557795600,1.42,1.44,1.41,1.42,778700,NaN,NaN,NaN,NaN,NaN,NaN,NaN
1557882000,1.43,1.44,1.42,1.43,208100,NaN,NaN,NaN,NaN,NaN,NaN,NaN
1557968400,1.43,1.44,1.43,1.43,188000,NaN,NaN,NaN,NaN,NaN,NaN,NaN
1558054800,1.44,1.45,1.43,1.45,41400,NaN,NaN,NaN,NaN,NaN,NaN,NaN
1558400400,1.44,1.45,1.4,1.42,705000,NaN,NaN,NaN,NaN,NaN,NaN,NaN
1558573200,1.42,1.42,1.38,1.4,1478200,NaN,NaN,NaN,NaN,NaN,NaN,NaN
1558659600,1.42,1.42,1.4,1.41,164700,NaN,NaN,NaN,NaN,NaN,NaN,NaN
1558918800,1.41,1.43,1.41,1.42,617800,NaN,NaN,NaN,NaN,NaN,NaN,NaN
1559005200,1.42,1.49,1.42,1.49,951400,NaN,NaN,NaN,NaN,NaN,NaN,NaN
1559091600,1.46,1.48,1.46,1.47,296900,NaN,NaN,NaN,NaN,NaN,NaN,NaN
1559178000,1.45,1.53,1.45,1.52,868700,NaN,NaN,NaN,NaN,NaN,NaN,NaN
1559264400,1.53,1.55,1.5,1.51,1302600,NaN,NaN,NaN,NaN,NaN,NaN,NaN
1559523600,1.5,1.51,1.49,1.49,695600,NaN,NaN,NaN,NaN,NaN,NaN,NaN
1559610000,1.5,1.5,1.48,1.48,248500,NaN,NaN,NaN,NaN,NaN,NaN,NaN
1559869200,1.48,1.51,1.48,1.49,601400,NaN,NaN,NaN,NaN,NaN,NaN,NaN
1560128400,1.5,1.55,1.49,1.52,845900,NaN,NaN,NaN,NaN,NaN,NaN,NaN
1560214800,1.53,1.58,1.51,1.56,793700,NaN,NaN,NaN,NaN,NaN,NaN,NaN
1560301200,1.57,1.58,1.55,1.56,2570100,NaN,NaN,NaN,NaN,NaN,NaN,NaN
1560387600,1.52,1.58,1.51,1.57,3968700,NaN,NaN,NaN,NaN,NaN,NaN,NaN
1560474000,1.57,1.58,1.55,1.56,1546500,NaN,NaN,NaN,NaN,NaN,NaN,NaN
1560733200,1.56,1.57,1.55,1.56,1092000,NaN,NaN,NaN,NaN,NaN,NaN,NaN
1560819600,1.56,1.58,1.55,1.56,1293000,NaN,NaN,NaN,NaN,NaN,NaN,NaN
1560906000,1.56,1.62,1.56,1.6,2111900,NaN,NaN,NaN,NaN,NaN,NaN,NaN
1560992400,1.6,1.78,1.6,1.74,5865800,NaN,NaN,NaN,NaN,NaN,NaN,NaN
1561078800,1.74,1.77,1.66,1.68,2859700,NaN,NaN,NaN,NaN,NaN,NaN,NaN
1561338000,1.68,1.69,1.64,1.65,2287500,NaN,NaN,NaN,NaN,NaN,NaN,NaN
1561424400,1.66,1.73,1.64,1.71,2717500,NaN,NaN,NaN,NaN,NaN,NaN,NaN
1561510800,1.72,1.75,1.68,1.74,1491000,NaN,NaN,NaN,NaN,NaN,NaN,NaN
1561597200,1.72,1.75,1.69,1.73,874300,NaN,NaN,NaN,NaN,NaN,NaN,NaN
1561683600,1.72,1.72,1.67,1.69,1252500,1404000000,6411502000,4676689000,79018000,1099486000,1734813000,2.36686390532544
1561942800,1.72,1.72,1.66,1.68,1056000,NaN,NaN,NaN,NaN,NaN,NaN,NaN
1562029200,1.68,1.72,1.66,1.71,778800,NaN,NaN,NaN,NaN,NaN,NaN,NaN
1562115600,1.73,1.73,1.69,1.7,622300,NaN,NaN,NaN,NaN,NaN,NaN,NaN
1562202000,1.7,1.72,1.67,1.69,1950000,NaN,NaN,NaN,NaN,NaN,NaN,NaN
1562288400,1.69,1.7,1.67,1.68,439600,NaN,NaN,NaN,NaN,NaN,NaN,NaN
1562547600,1.69,1.72,1.69,1.71,792100,NaN,NaN,NaN,NaN,NaN,NaN,NaN
1562634000,1.7,1.77,1.7,1.74,1389300,NaN,NaN,NaN,NaN,NaN,NaN,NaN
1562720400,1.75,1.76,1.71,1.74,747800,NaN,NaN,NaN,NaN,NaN,NaN,NaN
1562806800,1.73,1.74,1.71,1.73,673900,NaN,NaN,NaN,NaN,NaN,NaN,NaN
1562893200,1.73,1.75,1.7,1.7,866000,NaN,NaN,NaN,NaN,NaN,NaN,NaN
1563152400,1.72,1.72,1.69,1.71,383100,NaN,NaN,NaN,NaN,NaN,NaN,NaN
1563238800,1.69,1.74,1.69,1.74,380300,NaN,NaN,NaN,NaN,NaN,NaN,NaN
1563325200,1.73,1.74,1.7,1.74,684100,NaN,NaN,NaN,NaN,NaN,NaN,NaN
1563411600,1.74,1.77,1.71,1.74,681300,NaN,NaN,NaN,NaN,NaN,NaN,NaN
1563498000,1.72,1.81,1.72,1.79,1515000,NaN,NaN,NaN,NaN,NaN,NaN,NaN
1563757200,1.81,1.83,1.76,1.77,1237000,NaN,NaN,NaN,NaN,NaN,NaN,NaN
1563843600,1.8,1.8,1.76,1.76,1638400,NaN,NaN,NaN,NaN,NaN,NaN,NaN
1563930000,1.78,1.79,1.77,1.78,1717800,NaN,NaN,NaN,NaN,NaN,NaN,NaN
1564016400,1.79,1.79,1.76,1.77,827100,NaN,NaN,NaN,NaN,NaN,NaN,NaN
1564102800,1.77,1.81,1.75,1.8,1279000,NaN,NaN,NaN,NaN,NaN,NaN,NaN
1564362000,1.81,1.81,1.73,1.75,1079600,NaN,NaN,NaN,NaN,NaN,NaN,NaN
1564534800,1.75,1.75,1.71,1.73,1654500,NaN,NaN,NaN,NaN,NaN,NaN,NaN
1564621200,1.7,1.72,1.65,1.7,3955800,NaN,NaN,NaN,NaN,NaN,NaN,NaN
1564707600,1.7,1.7,1.58,1.62,4997400,NaN,NaN,NaN,NaN,NaN,NaN,NaN
1564966800,1.62,1.62,1.58,1.59,865700,NaN,NaN,NaN,NaN,NaN,NaN,NaN
1565053200,1.57,1.64,1.55,1.63,655600,NaN,NaN,NaN,NaN,NaN,NaN,NaN
1565139600,1.65,1.65,1.61,1.63,503300,NaN,NaN,NaN,NaN,NaN,NaN,NaN
1565226000,1.63,1.63,1.58,1.6,836700,NaN,NaN,NaN,NaN,NaN,NaN,NaN
1565312400,1.61,1.64,1.59,1.63,882700,NaN,NaN,NaN,NaN,NaN,NaN,NaN
1565658000,1.63,1.63,1.6,1.6,505700,NaN,NaN,NaN,NaN,NaN,NaN,NaN
1565744400,1.61,1.64,1.61,1.64,251500,NaN,NaN,NaN,NaN,NaN,NaN,NaN
1565830800,1.56,1.61,1.56,1.6,1939900,NaN,NaN,NaN,NaN,NaN,NaN,NaN
1565917200,1.6,1.63,1.59,1.63,415300,NaN,NaN,NaN,NaN,NaN,NaN,NaN
1566176400,1.63,1.67,1.61,1.67,677400,NaN,NaN,NaN,NaN,NaN,NaN,NaN
1566262800,1.67,1.79,1.67,1.72,1670300,NaN,NaN,NaN,NaN,NaN,NaN,NaN
1566349200,1.71,1.74,1.69,1.72,507300,NaN,NaN,NaN,NaN,NaN,NaN,NaN
1566435600,1.74,1.74,1.69,1.73,841600,NaN,NaN,NaN,NaN,NaN,NaN,NaN
1566522000,1.71,1.76,1.7,1.75,765400,NaN,NaN,NaN,NaN,NaN,NaN,NaN
1566781200,1.71,1.72,1.65,1.67,2040900,NaN,NaN,NaN,NaN,NaN,NaN,NaN
1566867600,1.69,1.71,1.62,1.65,1618400,NaN,NaN,NaN,NaN,NaN,NaN,NaN
1566954000,1.65,1.65,1.54,1.54,4143500,NaN,NaN,NaN,NaN,NaN,NaN,NaN
1567040400,1.54,1.54,1.46,1.46,3023400,NaN,NaN,NaN,NaN,NaN,NaN,NaN
1567126800,1.47,1.51,1.45,1.45,2610000,NaN,NaN,NaN,NaN,NaN,NaN,NaN
1567472400,1.48,1.48,1.45,1.47,804700,NaN,NaN,NaN,NaN,NaN,NaN,NaN
1567558800,1.47,1.48,1.46,1.47,298900,NaN,NaN,NaN,NaN,NaN,NaN,NaN
1567645200,1.48,1.51,1.48,1.5,318500,NaN,NaN,NaN,NaN,NaN,NaN,NaN
1567731600,1.51,1.54,1.49,1.54,504800,NaN,NaN,NaN,NaN,NaN,NaN,NaN
1568077200,1.53,1.54,1.52,1.53,403100,NaN,NaN,NaN,NaN,NaN,NaN,NaN
1568163600,1.52,1.56,1.5,1.51,323000,NaN,NaN,NaN,NaN,NaN,NaN,NaN
1568250000,1.51,1.54,1.49,1.5,1173100,NaN,NaN,NaN,NaN,NaN,NaN,NaN
1568336400,1.53,1.53,1.51,1.51,281200,NaN,NaN,NaN,NaN,NaN,NaN,NaN
1568682000,1.51,1.52,1.5,1.51,727900,NaN,NaN,NaN,NaN,NaN,NaN,NaN
1568768400,1.5,1.5,1.48,1.48,139700,NaN,NaN,NaN,NaN,NaN,NaN,NaN
1568854800,1.5,1.5,1.47,1.48,688900,NaN,NaN,NaN,NaN,NaN,NaN,NaN
1568941200,1.49,1.51,1.47,1.51,355600,NaN,NaN,NaN,NaN,NaN,NaN,NaN
1569200400,1.51,1.51,1.48,1.48,382800,NaN,NaN,NaN,NaN,NaN,NaN,NaN
1569286800,1.48,1.51,1.48,1.51,551300,NaN,NaN,NaN,NaN,NaN,NaN,NaN
1569373200,1.5,1.5,1.48,1.49,901200,NaN,NaN,NaN,NaN,NaN,NaN,NaN
1569459600,1.5,1.5,1.46,1.47,1146100,NaN,NaN,NaN,NaN,NaN,NaN,NaN
1569546000,1.47,1.47,1.46,1.47,1016400,NaN,NaN,NaN,NaN,NaN,NaN,NaN
1569805200,1.48,1.48,1.45,1.46,332500,1404000000,6471157000,4823323000,58743000,1062415999.9999999,1647834000,2.73972602739726
1569891600,1.46,1.5,1.45,1.5,1637400,NaN,NaN,NaN,NaN,NaN,NaN,NaN
1569978000,1.49,1.52,1.47,1.52,1139500,NaN,NaN,NaN,NaN,NaN,NaN,NaN
1570064400,1.51,1.53,1.49,1.51,5366400,NaN,NaN,NaN,NaN,NaN,NaN,NaN
1570150800,1.52,1.53,1.5,1.53,1582600,NaN,NaN,NaN,NaN,NaN,NaN,NaN
1570410000,1.51,1.54,1.51,1.52,450500,NaN,NaN,NaN,NaN,NaN,NaN,NaN
1570496400,1.53,1.53,1.51,1.51,128200,NaN,NaN,NaN,NaN,NaN,NaN,NaN
1570582800,1.51,1.53,1.48,1.51,678000,NaN,NaN,NaN,NaN,NaN,NaN,NaN
1570669200,1.52,1.53,1.5,1.52,619900,NaN,NaN,NaN,NaN,NaN,NaN,NaN
1570755600,1.53,1.54,1.51,1.52,647100,NaN,NaN,NaN,NaN,NaN,NaN,NaN
1571014800,1.51,1.54,1.51,1.53,903300,NaN,NaN,NaN,NaN,NaN,NaN,NaN
1571101200,1.53,1.54,1.52,1.54,197600,NaN,NaN,NaN,NaN,NaN,NaN,NaN
1571187600,1.54,1.56,1.52,1.56,615100,NaN,NaN,NaN,NaN,NaN,NaN,NaN
1571274000,1.56,1.57,1.53,1.57,797500,NaN,NaN,NaN,NaN,NaN,NaN,NaN
1571360400,1.58,1.63,1.58,1.61,1749000,NaN,NaN,NaN,NaN,NaN,NaN,NaN
1571619600,1.61,1.63,1.61,1.62,399500,NaN,NaN,NaN,NaN,NaN,NaN,NaN
1571706000,1.62,1.64,1.62,1.63,300300,NaN,NaN,NaN,NaN,NaN,NaN,NaN
1571792400,1.63,1.64,1.61,1.63,212200,NaN,NaN,NaN,NaN,NaN,NaN,NaN
1571878800,1.62,1.65,1.62,1.64,335500,NaN,NaN,NaN,NaN,NaN,NaN,NaN
1571965200,1.63,1.64,1.62,1.63,195200,NaN,NaN,NaN,NaN,NaN,NaN,NaN
1572310800,1.65,1.65,1.62,1.64,350300,NaN,NaN,NaN,NaN,NaN,NaN,NaN
1572397200,1.66,1.66,1.63,1.64,66900,NaN,NaN,NaN,NaN,NaN,NaN,NaN
1572483600,1.63,1.66,1.63,1.66,313300,NaN,NaN,NaN,NaN,NaN,NaN,NaN
1572570000,1.65,1.66,1.63,1.65,451200,NaN,NaN,NaN,NaN,NaN,NaN,NaN
1572829200,1.65,1.65,1.61,1.62,517200,NaN,NaN,NaN,NaN,NaN,NaN,NaN
1572915600,1.61,1.63,1.6,1.61,228900,NaN,NaN,NaN,NaN,NaN,NaN,NaN
1573002000,1.58,1.61,1.58,1.6,123600,NaN,NaN,NaN,NaN,NaN,NaN,NaN
1573088400,1.61,1.62,1.59,1.62,149900,NaN,NaN,NaN,NaN,NaN,NaN,NaN
1573174800,1.63,1.63,1.59,1.62,306500,NaN,NaN,NaN,NaN,NaN,NaN,NaN
1573434000,1.6,1.63,1.59,1.6,305600,NaN,NaN,NaN,NaN,NaN,NaN,NaN
1573520400,1.62,1.62,1.6,1.61,231900,NaN,NaN,NaN,NaN,NaN,NaN,NaN
1573606800,1.61,1.63,1.6,1.61,361000,NaN,NaN,NaN,NaN,NaN,NaN,NaN
1573693200,1.61,1.62,1.6,1.61,177900,NaN,NaN,NaN,NaN,NaN,NaN,NaN
1573779600,1.61,1.61,1.6,1.61,125800,NaN,NaN,NaN,NaN,NaN,NaN,NaN
1574038800,1.61,1.61,1.54,1.56,288500,NaN,NaN,NaN,NaN,NaN,NaN,NaN
1574125200,1.53,1.57,1.53,1.56,675000,NaN,NaN,NaN,NaN,NaN,NaN,NaN
1574211600,1.54,1.56,1.53,1.53,238300,NaN,NaN,NaN,NaN,NaN,NaN,NaN
1574298000,1.56,1.56,1.51,1.51,361700,NaN,NaN,NaN,NaN,NaN,NaN,NaN
1574384400,1.55,1.55,1.53,1.53,79500,NaN,NaN,NaN,NaN,NaN,NaN,NaN
1574643600,1.56,1.56,1.52,1.52,153400,NaN,NaN,NaN,NaN,NaN,NaN,NaN
1574730000,1.53,1.58,1.51,1.56,622300,NaN,NaN,NaN,NaN,NaN,NaN,NaN
1574816400,1.53,1.59,1.53,1.59,642500,NaN,NaN,NaN,NaN,NaN,NaN,NaN
1574902800,1.59,1.59,1.56,1.59,1196900,NaN,NaN,NaN,NaN,NaN,NaN,NaN
1574989200,1.57,1.57,1.5,1.5,2034700,NaN,NaN,NaN,NaN,NaN,NaN,NaN
1575248400,1.51,1.51,1.46,1.47,1020600,NaN,NaN,NaN,NaN,NaN,NaN,NaN
1575334800,1.47,1.48,1.46,1.47,850600,NaN,NaN,NaN,NaN,NaN,NaN,NaN
1575421200,1.47,1.53,1.46,1.53,1038700,NaN,NaN,NaN,NaN,NaN,NaN,NaN
1575507600,1.53,1.54,1.49,1.5,1082900,NaN,NaN,NaN,NaN,NaN,NaN,NaN
1575594000,1.5,1.5,1.47,1.49,1150300,NaN,NaN,NaN,NaN,NaN,NaN,NaN
1575853200,1.51,1.51,1.46,1.47,403000,NaN,NaN,NaN,NaN,NaN,NaN,NaN
1575939600,1.47,1.49,1.46,1.49,437700,NaN,NaN,NaN,NaN,NaN,NaN,NaN
1576026000,1.49,1.49,1.46,1.47,355100,NaN,NaN,NaN,NaN,NaN,NaN,NaN
1576112400,1.47,1.48,1.45,1.46,909200,NaN,NaN,NaN,NaN,NaN,NaN,NaN
1576198800,1.45,1.46,1.44,1.44,649900,NaN,NaN,NaN,NaN,NaN,NaN,NaN
1576458000,1.45,1.46,1.44,1.44,499700,NaN,NaN,NaN,NaN,NaN,NaN,NaN
1576544400,1.45,1.46,1.43,1.44,657200,NaN,NaN,NaN,NaN,NaN,NaN,NaN
1576630800,1.44,1.44,1.42,1.42,1160500,NaN,NaN,NaN,NaN,NaN,NaN,NaN
1576717200,1.42,1.44,1.41,1.41,599900,NaN,NaN,NaN,NaN,NaN,NaN,NaN
1576803600,1.43,1.43,1.41,1.41,625100,NaN,NaN,NaN,NaN,NaN,NaN,NaN
1577062800,1.42,1.43,1.41,1.42,1053500,NaN,NaN,NaN,NaN,NaN,NaN,NaN
1577149200,1.42,1.45,1.42,1.44,738500,NaN,NaN,NaN,NaN,NaN,NaN,NaN
1577322000,1.44,1.45,1.42,1.43,231900,NaN,NaN,NaN,NaN,NaN,NaN,NaN
1577408400,1.43,1.44,1.42,1.43,383000,NaN,NaN,NaN,NaN,NaN,NaN,NaN
1577667600,1.43,1.43,1.41,1.42,1195300,NaN,NaN,NaN,NaN,NaN,NaN,NaN
1577754000,1.42,1.44,1.41,1.42,1264800,1404000000,6537774000,4842104000,151747000,1170107000,1695670000,2.8169014084507
1577926800,1.43,1.44,1.42,1.42,938800,NaN,NaN,NaN,NaN,NaN,NaN,NaN
1578013200,1.43,1.44,1.38,1.39,3647800,NaN,NaN,NaN,NaN,NaN,NaN,NaN
1578272400,1.39,1.4,1.38,1.38,707300,NaN,NaN,NaN,NaN,NaN,NaN,NaN
1578358800,1.4,1.4,1.38,1.38,1374500,NaN,NaN,NaN,NaN,NaN,NaN,NaN
1578445200,1.38,1.38,1.35,1.35,2587000,NaN,NaN,NaN,NaN,NaN,NaN,NaN
1578531600,1.36,1.37,1.34,1.35,1610300,NaN,NaN,NaN,NaN,NaN,NaN,NaN
1578618000,1.35,1.36,1.34,1.35,1001700,NaN,NaN,NaN,NaN,NaN,NaN,NaN
1578877200,1.36,1.37,1.35,1.35,968900,NaN,NaN,NaN,NaN,NaN,NaN,NaN
1578963600,1.36,1.37,1.35,1.35,965600,NaN,NaN,NaN,NaN,NaN,NaN,NaN
1579050000,1.35,1.38,1.35,1.38,579900,NaN,NaN,NaN,NaN,NaN,NaN,NaN
1579136400,1.38,1.38,1.35,1.37,854900,NaN,NaN,NaN,NaN,NaN,NaN,NaN
1579222800,1.38,1.39,1.37,1.38,1483600,NaN,NaN,NaN,NaN,NaN,NaN,NaN
1579482000,1.4,1.43,1.37,1.41,2771100,NaN,NaN,NaN,NaN,NaN,NaN,NaN
1579568400,1.41,1.45,1.4,1.43,2024100,NaN,NaN,NaN,NaN,NaN,NaN,NaN
1579654800,1.43,1.44,1.41,1.43,460600,NaN,NaN,NaN,NaN,NaN,NaN,NaN
1579741200,1.44,1.44,1.4,1.41,402800,NaN,NaN,NaN,NaN,NaN,NaN,NaN
1579827600,1.4,1.4,1.37,1.38,1234100,NaN,NaN,NaN,NaN,NaN,NaN,NaN
1580173200,1.37,1.37,1.36,1.36,1560300,NaN,NaN,NaN,NaN,NaN,NaN,NaN
1580259600,1.36,1.36,1.33,1.36,1723500,NaN,NaN,NaN,NaN,NaN,NaN,NaN
1580346000,1.36,1.37,1.36,1.36,1339900,NaN,NaN,NaN,NaN,NaN,NaN,NaN
1580432400,1.35,1.36,1.34,1.36,1980400,NaN,NaN,NaN,NaN,NaN,NaN,NaN
1580691600,1.34,1.35,1.31,1.32,843100,NaN,NaN,NaN,NaN,NaN,NaN,NaN
1580778000,1.32,1.35,1.32,1.35,480700,NaN,NaN,NaN,NaN,NaN,NaN,NaN
1580864400,1.36,1.36,1.33,1.33,401300,NaN,NaN,NaN,NaN,NaN,NaN,NaN
1580950800,1.34,1.35,1.33,1.33,411700,NaN,NaN,NaN,NaN,NaN,NaN,NaN
1581037200,1.33,1.35,1.33,1.34,810400,NaN,NaN,NaN,NaN,NaN,NaN,NaN
1581296400,1.35,1.37,1.34,1.36,1104300,NaN,NaN,NaN,NaN,NaN,NaN,NaN
1581382800,1.35,1.37,1.34,1.37,625900,NaN,NaN,NaN,NaN,NaN,NaN,NaN
1581469200,1.38,1.4,1.35,1.36,1122100,NaN,NaN,NaN,NaN,NaN,NaN,NaN
1581555600,1.36,1.36,1.34,1.34,1505200,NaN,NaN,NaN,NaN,NaN,NaN,NaN
1581642000,1.34,1.37,1.33,1.35,2475400,NaN,NaN,NaN,NaN,NaN,NaN,NaN
1581901200,1.35,1.35,1.33,1.34,994100,NaN,NaN,NaN,NaN,NaN,NaN,NaN
1581987600,1.33,1.34,1.33,1.34,588700,NaN,NaN,NaN,NaN,NaN,NaN,NaN
1582074000,1.34,1.34,1.32,1.33,791700,NaN,NaN,NaN,NaN,NaN,NaN,NaN
1582160400,1.34,1.34,1.32,1.32,169100,NaN,NaN,NaN,NaN,NaN,NaN,NaN
1582246800,1.32,1.34,1.32,1.32,662500,NaN,NaN,NaN,NaN,NaN,NaN,NaN
1582506000,1.31,1.32,1.3,1.3,1112700,NaN,NaN,NaN,NaN,NaN,NaN,NaN
1582592400,1.29,1.31,1.28,1.3,1341600,NaN,NaN,NaN,NaN,NaN,NaN,NaN
1582678800,1.31,1.31,1.29,1.3,507200,NaN,NaN,NaN,NaN,NaN,NaN,NaN
1582765200,1.3,1.31,1.29,1.3,819900,NaN,NaN,NaN,NaN,NaN,NaN,NaN
1582851600,1.29,1.38,1.28,1.38,2008200,NaN,NaN,NaN,NaN,NaN,NaN,NaN
1583110800,1.35,1.35,1.31,1.31,1020200,NaN,NaN,NaN,NaN,NaN,NaN,NaN
1583197200,1.31,1.33,1.31,1.31,1227100,NaN,NaN,NaN,NaN,NaN,NaN,NaN
1583283600,1.32,1.32,1.28,1.28,1657900,NaN,NaN,NaN,NaN,NaN,NaN,NaN
1583370000,1.29,1.29,1.28,1.29,235600,NaN,NaN,NaN,NaN,NaN,NaN,NaN
1583456400,1.29,1.3,1.28,1.28,1046900,NaN,NaN,NaN,NaN,NaN,NaN,NaN
1583715600,1.26,1.26,1.23,1.24,2201300,NaN,NaN,NaN,NaN,NaN,NaN,NaN
1583802000,1.22,1.22,1.2,1.21,1333000,NaN,NaN,NaN,NaN,NaN,NaN,NaN
1583888400,1.21,1.21,1.18,1.18,1415000,NaN,NaN,NaN,NaN,NaN,NaN,NaN
1583974800,1.18,1.18,1.06,1.07,1884300,NaN,NaN,NaN,NaN,NaN,NaN,NaN
1584061200,1.01,1.01,0.98,1,6551900,NaN,NaN,NaN,NaN,NaN,NaN,NaN
1584320400,1,1,0.92,1,1477600,NaN,NaN,NaN,NaN,NaN,NaN,NaN
1584406800,0.91,0.96,0.91,0.95,3792100,NaN,NaN,NaN,NaN,NaN,NaN,NaN
1584493200,0.97,0.985,0.935,0.97,716900,NaN,NaN,NaN,NaN,NaN,NaN,NaN
1584579600,0.97,0.98,0.955,0.96,762800,NaN,NaN,NaN,NaN,NaN,NaN,NaN
1584666000,0.96,1.02,0.955,1,3271000,NaN,NaN,NaN,NaN,NaN,NaN,NaN
1584925200,0.96,0.99,0.955,0.99,1166100,NaN,NaN,NaN,NaN,NaN,NaN,NaN
1585011600,0.99,1.02,0.99,1,850800,NaN,NaN,NaN,NaN,NaN,NaN,NaN
1585098000,1.04,1.06,1.01,1.04,1200900,NaN,NaN,NaN,NaN,NaN,NaN,NaN
1585184400,1.04,1.05,1.02,1.05,394700,NaN,NaN,NaN,NaN,NaN,NaN,NaN
1585270800,1.09,1.1,1.05,1.09,1326000,NaN,NaN,NaN,NaN,NaN,NaN,NaN
1585530000,1.09,1.1,1.06,1.1,233500,NaN,NaN,NaN,NaN,NaN,NaN,NaN
1585616400,1.1,1.14,1.1,1.13,753400,1404000000,6337125000,4660638000,65257999.99999999,1190869000,1676487000,3.53982300884956
1585702800,1.13,1.14,1.07,1.08,943400,NaN,NaN,NaN,NaN,NaN,NaN,NaN
1585789200,1.06,1.09,1.06,1.08,603600,NaN,NaN,NaN,NaN,NaN,NaN,NaN
1585875600,1.08,1.09,1.05,1.06,618600,NaN,NaN,NaN,NaN,NaN,NaN,NaN
1586134800,1.06,1.08,1.05,1.07,516300,NaN,NaN,NaN,NaN,NaN,NaN,NaN
1586221200,1.09,1.1,1.06,1.07,1799900,NaN,NaN,NaN,NaN,NaN,NaN,NaN
1586307600,1.07,1.07,1.04,1.06,666000,NaN,NaN,NaN,NaN,NaN,NaN,NaN
1586394000,1.06,1.06,1.02,1.05,2194300,NaN,NaN,NaN,NaN,NaN,NaN,NaN
1586480400,1.04,1.05,1.02,1.03,1249300,NaN,NaN,NaN,NaN,NaN,NaN,NaN
1586739600,1.04,1.04,1,1.01,1211100,NaN,NaN,NaN,NaN,NaN,NaN,NaN
1586826000,1.01,1.03,1.01,1.02,670400,NaN,NaN,NaN,NaN,NaN,NaN,NaN
1586912400,1.02,1.04,1.02,1.03,820500,NaN,NaN,NaN,NaN,NaN,NaN,NaN
1586998800,1.03,1.08,1.03,1.07,1063600,NaN,NaN,NaN,NaN,NaN,NaN,NaN
1587085200,1.08,1.1,1.07,1.09,2172000,NaN,NaN,NaN,NaN,NaN,NaN,NaN
1587344400,1.1,1.12,1.07,1.08,1492400,NaN,NaN,NaN,NaN,NaN,NaN,NaN
1587430800,1.07,1.08,1.04,1.04,979400,NaN,NaN,NaN,NaN,NaN,NaN,NaN
1587517200,1.04,1.06,1.02,1.04,2027700,NaN,NaN,NaN,NaN,NaN,NaN,NaN
1587603600,1.04,1.05,1.03,1.04,616500,NaN,NaN,NaN,NaN,NaN,NaN,NaN
1587690000,1.03,1.05,1.03,1.04,991900,NaN,NaN,NaN,NaN,NaN,NaN,NaN
1587949200,1.04,1.05,1.03,1.03,361100,NaN,NaN,NaN,NaN,NaN,NaN,NaN
1588035600,1.04,1.04,1.03,1.03,1643900,NaN,NaN,NaN,NaN,NaN,NaN,NaN
1588122000,1.04,1.08,1.04,1.08,1459300,NaN,NaN,NaN,NaN,NaN,NaN,NaN
1588208400,1.09,1.16,1.06,1.13,5726500,NaN,NaN,NaN,NaN,NaN,NaN,NaN
1588554000,1.12,1.15,1.1,1.14,2313500,NaN,NaN,NaN,NaN,NaN,NaN,NaN
1588640400,1.15,1.17,1.14,1.17,692300,NaN,NaN,NaN,NaN,NaN,NaN,NaN
1588726800,1.17,1.18,1.16,1.18,783600,NaN,NaN,NaN,NaN,NaN,NaN,NaN
1588899600,1.18,1.2,1.18,1.19,542100,NaN,NaN,NaN,NaN,NaN,NaN,NaN
1589245200,1.19,1.19,1.15,1.15,400800,NaN,NaN,NaN,NaN,NaN,NaN,NaN
1589331600,1.15,1.15,1.11,1.13,396200,NaN,NaN,NaN,NaN,NaN,NaN,NaN
1589418000,1.13,1.13,1.1,1.11,401000,NaN,NaN,NaN,NaN,NaN,NaN,NaN
1589504400,1.11,1.12,1.1,1.12,496800,NaN,NaN,NaN,NaN,NaN,NaN,NaN
1589763600,1.11,1.13,1.11,1.13,302600,NaN,NaN,NaN,NaN,NaN,NaN,NaN
1589850000,1.14,1.18,1.14,1.15,1352200,NaN,NaN,NaN,NaN,NaN,NaN,NaN
1589936400,1.15,1.15,1.12,1.13,623300,NaN,NaN,NaN,NaN,NaN,NaN,NaN
1590022800,1.1,1.11,1.08,1.09,2048200,NaN,NaN,NaN,NaN,NaN,NaN,NaN
1590109200,1.09,1.12,1.07,1.08,2685100,NaN,NaN,NaN,NaN,NaN,NaN,NaN
1590541200,1.09,1.1,1.05,1.05,1762400,NaN,NaN,NaN,NaN,NaN,NaN,NaN
1590627600,1.05,1.06,1.03,1.04,1777200,NaN,NaN,NaN,NaN,NaN,NaN,NaN
1590714000,1.04,1.04,1,1.01,5402400,NaN,NaN,NaN,NaN,NaN,NaN,NaN
1590973200,1.02,1.04,1.01,1.02,2219900,NaN,NaN,NaN,NaN,NaN,NaN,NaN
1591059600,1.02,1.04,1.02,1.02,3173400,NaN,NaN,NaN,NaN,NaN,NaN,NaN
1591146000,1.04,1.06,1.03,1.05,3538500,NaN,NaN,NaN,NaN,NaN,NaN,NaN
1591232400,1.05,1.08,1.05,1.07,2534900,NaN,NaN,NaN,NaN,NaN,NaN,NaN
1591318800,1.07,1.07,1.03,1.03,6741100,NaN,NaN,NaN,NaN,NaN,NaN,NaN
1591664400,1.05,1.08,1.05,1.07,3598700,NaN,NaN,NaN,NaN,NaN,NaN,NaN
1591750800,1.07,1.08,1.05,1.07,1813500,NaN,NaN,NaN,NaN,NaN,NaN,NaN
1591837200,1.06,1.07,1.03,1.04,4341300,NaN,NaN,NaN,NaN,NaN,NaN,NaN
1591923600,1.02,1.04,1,1.03,2702200,NaN,NaN,NaN,NaN,NaN,NaN,NaN
1592182800,1.03,1.04,1,1,2475600,NaN,NaN,NaN,NaN,NaN,NaN,NaN
1592269200,1.02,1.03,1.01,1.03,3017000,NaN,NaN,NaN,NaN,NaN,NaN,NaN
1592355600,1.04,1.05,1.01,1.02,2529700,NaN,NaN,NaN,NaN,NaN,NaN,NaN
1592442000,1.02,1.02,1.01,1.02,425600,NaN,NaN,NaN,NaN,NaN,NaN,NaN
1592528400,1.01,1.03,1.01,1.03,337400,NaN,NaN,NaN,NaN,NaN,NaN,NaN
1592787600,1.03,1.03,1.01,1.02,2806300,NaN,NaN,NaN,NaN,NaN,NaN,NaN
1592874000,1.02,1.03,1,1.01,2209300,NaN,NaN,NaN,NaN,NaN,NaN,NaN
1592960400,1.01,1.02,1.01,1.01,1016900,NaN,NaN,NaN,NaN,NaN,NaN,NaN
1593046800,1.01,1.01,1,1.01,2804600,NaN,NaN,NaN,NaN,NaN,NaN,NaN
1593133200,1.01,1.01,0.995,0.995,2088900,NaN,NaN,NaN,NaN,NaN,NaN,NaN
1593392400,1,1.01,0.99,1.01,1597100,NaN,NaN,NaN,NaN,NaN,NaN,NaN
1593478800,1.02,1.02,1,1.01,2678400,1404000000,6209627000,4537548000,41575000,954323000,1672079000,3.96039603960396
1593565200,1.02,1.02,1,1,755800,NaN,NaN,NaN,NaN,NaN,NaN,NaN
1593651600,1.01,1.01,1,1,1578200,NaN,NaN,NaN,NaN,NaN,NaN,NaN
1593738000,1.01,1.02,1.01,1.01,2496600,NaN,NaN,NaN,NaN,NaN,NaN,NaN
1593997200,1.01,1.03,1.01,1.01,2353900,NaN,NaN,NaN,NaN,NaN,NaN,NaN
1594083600,1.02,1.02,1,1.01,2011400,NaN,NaN,NaN,NaN,NaN,NaN,NaN
1594170000,1.01,1.02,1,1,2745400,NaN,NaN,NaN,NaN,NaN,NaN,NaN
1594256400,1.01,1.02,0.995,1,4910200,NaN,NaN,NaN,NaN,NaN,NaN,NaN
1594342800,1,1.01,1,1.01,3694600,NaN,NaN,NaN,NaN,NaN,NaN,NaN
1594602000,1.01,1.01,1,1.01,1472600,NaN,NaN,NaN,NaN,NaN,NaN,NaN
1594688400,1.01,1.02,1,1,2303400,NaN,NaN,NaN,NaN,NaN,NaN,NaN
1594774800,0.965,0.97,0.955,0.97,2104700,NaN,NaN,NaN,NaN,NaN,NaN,NaN
1594861200,0.965,0.965,0.91,0.915,3215500,NaN,NaN,NaN,NaN,NaN,NaN,NaN
1594947600,0.91,0.925,0.905,0.91,2361600,NaN,NaN,NaN,NaN,NaN,NaN,NaN
1595206800,0.91,0.915,0.89,0.89,2500900,NaN,NaN,NaN,NaN,NaN,NaN,NaN
1595293200,0.89,0.895,0.88,0.895,2505600,NaN,NaN,NaN,NaN,NaN,NaN,NaN
1595379600,0.895,0.895,0.875,0.88,1801800,NaN,NaN,NaN,NaN,NaN,NaN,NaN
1595466000,0.88,0.885,0.83,0.845,6614700,NaN,NaN,NaN,NaN,NaN,NaN,NaN
1595552400,0.84,0.85,0.83,0.845,2579100,NaN,NaN,NaN,NaN,NaN,NaN,NaN
1595811600,0.845,0.855,0.84,0.845,3262800,NaN,NaN,NaN,NaN,NaN,NaN,NaN
1595898000,0.845,0.855,0.84,0.85,1651500,NaN,NaN,NaN,NaN,NaN,NaN,NaN
1595984400,0.845,0.855,0.84,0.85,1838700,NaN,NaN,NaN,NaN,NaN,NaN,NaN
1596070800,0.85,0.855,0.845,0.845,1153700,NaN,NaN,NaN,NaN,NaN,NaN,NaN
1596416400,0.85,0.85,0.83,0.835,1785100,NaN,NaN,NaN,NaN,NaN,NaN,NaN
1596502800,0.84,0.84,0.81,0.815,1898800,NaN,NaN,NaN,NaN,NaN,NaN,NaN
1596589200,0.815,0.855,0.815,0.83,1353800,NaN,NaN,NaN,NaN,NaN,NaN,NaN
1596675600,0.835,0.835,0.82,0.825,1653400,NaN,NaN,NaN,NaN,NaN,NaN,NaN
1596762000,0.83,0.845,0.81,0.81,3728100,NaN,NaN,NaN,NaN,NaN,NaN,NaN
1597021200,0.81,0.825,0.8,0.81,4238900,NaN,NaN,NaN,NaN,NaN,NaN,NaN
1597107600,0.81,0.835,0.81,0.815,3051200,NaN,NaN,NaN,NaN,NaN,NaN,NaN
1597194000,0.825,0.83,0.785,0.795,5148300,NaN,NaN,NaN,NaN,NaN,NaN,NaN
1597280400,0.805,0.81,0.795,0.8,1935100,NaN,NaN,NaN,NaN,NaN,NaN,NaN
1597366800,0.805,0.805,0.795,0.8,1079300,NaN,NaN,NaN,NaN,NaN,NaN,NaN
1597626000,0.805,0.805,0.8,0.805,888500,NaN,NaN,NaN,NaN,NaN,NaN,NaN
1597712400,0.805,0.805,0.79,0.805,1589000,NaN,NaN,NaN,NaN,NaN,NaN,NaN
1597798800,0.805,0.81,0.795,0.8,1293100,NaN,NaN,NaN,NaN,NaN,NaN,NaN
1597971600,0.8,0.805,0.8,0.805,938200,NaN,NaN,NaN,NaN,NaN,NaN,NaN
1598230800,0.805,0.825,0.805,0.82,1228100,NaN,NaN,NaN,NaN,NaN,NaN,NaN
1598317200,0.82,0.875,0.81,0.87,4558700,NaN,NaN,NaN,NaN,NaN,NaN,NaN
1598403600,0.88,0.895,0.84,0.855,4916800,NaN,NaN,NaN,NaN,NaN,NaN,NaN
1598490000,0.85,0.86,0.835,0.84,1357500,NaN,NaN,NaN,NaN,NaN,NaN,NaN
1598576400,0.835,0.85,0.82,0.835,1838900,NaN,NaN,NaN,NaN,NaN,NaN,NaN
1598922000,0.845,0.86,0.83,0.84,1535800,NaN,NaN,NaN,NaN,NaN,NaN,NaN
1599008400,0.845,0.87,0.84,0.85,1943000,NaN,NaN,NaN,NaN,NaN,NaN,NaN
1599094800,0.855,0.855,0.835,0.835,1131400,NaN,NaN,NaN,NaN,NaN,NaN,NaN
1599181200,0.83,0.84,0.82,0.83,1276700,NaN,NaN,NaN,NaN,NaN,NaN,NaN
1599440400,0.825,0.835,0.825,0.83,1002800,NaN,NaN,NaN,NaN,NaN,NaN,NaN
1599526800,0.83,0.83,0.815,0.815,1604400,NaN,NaN,NaN,NaN,NaN,NaN,NaN
1599613200,0.815,0.815,0.805,0.805,1913700,NaN,NaN,NaN,NaN,NaN,NaN,NaN
1599699600,0.815,0.82,0.8,0.8,1662800,NaN,NaN,NaN,NaN,NaN,NaN,NaN
1599786000,0.8,0.81,0.79,0.79,2409600,NaN,NaN,NaN,NaN,NaN,NaN,NaN
1600045200,0.795,0.835,0.79,0.81,9015300,NaN,NaN,NaN,NaN,NaN,NaN,NaN
1600131600,0.81,0.815,0.8,0.8,5189000,NaN,NaN,NaN,NaN,NaN,NaN,NaN
1600304400,0.805,0.81,0.795,0.795,2613500,NaN,NaN,NaN,NaN,NaN,NaN,NaN
1600390800,0.8,0.8,0.79,0.79,2042500,NaN,NaN,NaN,NaN,NaN,NaN,NaN
1600650000,0.79,0.805,0.79,0.79,1038500,NaN,NaN,NaN,NaN,NaN,NaN,NaN
1600736400,0.79,0.8,0.79,0.8,1891900,NaN,NaN,NaN,NaN,NaN,NaN,NaN
1600822800,0.8,0.8,0.775,0.78,2328000,NaN,NaN,NaN,NaN,NaN,NaN,NaN
1600909200,0.78,0.79,0.775,0.78,2284800,NaN,NaN,NaN,NaN,NaN,NaN,NaN
1600995600,0.78,0.78,0.76,0.76,2315700,NaN,NaN,NaN,NaN,NaN,NaN,NaN
1601254800,0.76,0.77,0.76,0.76,806800,NaN,NaN,NaN,NaN,NaN,NaN,NaN
1601341200,0.76,0.77,0.76,0.77,557700,NaN,NaN,NaN,NaN,NaN,NaN,NaN
1601427600,0.775,0.8,0.77,0.795,1903700,1404000000,6049526000,4413209000,75646000,989623000,1636317000,5.0314465408805
1601514000,0.795,0.795,0.78,0.78,1144600,NaN,NaN,NaN,NaN,NaN,NaN,NaN
1601600400,0.78,0.785,0.765,0.77,893300,NaN,NaN,NaN,NaN,NaN,NaN,NaN
1601859600,0.775,0.775,0.765,0.775,428000,NaN,NaN,NaN,NaN,NaN,NaN,NaN
1601946000,0.77,0.78,0.765,0.765,1163700,NaN,NaN,NaN,NaN,NaN,NaN,NaN
1602032400,0.77,0.775,0.765,0.77,971900,NaN,NaN,NaN,NaN,NaN,NaN,NaN
1602118800,0.77,0.775,0.76,0.76,631300,NaN,NaN,NaN,NaN,NaN,NaN,NaN
1602205200,0.76,0.765,0.76,0.765,1630500,NaN,NaN,NaN,NaN,NaN,NaN,NaN
1602464400,0.765,0.765,0.745,0.755,3185600,NaN,NaN,NaN,NaN,NaN,NaN,NaN
1602550800,0.75,0.76,0.74,0.755,2096500,NaN,NaN,NaN,NaN,NaN,NaN,NaN
1602637200,0.75,0.755,0.735,0.735,1421800,NaN,NaN,NaN,NaN,NaN,NaN,NaN
1602723600,0.735,0.74,0.73,0.74,544500,NaN,NaN,NaN,NaN,NaN,NaN,NaN
1602810000,0.74,0.74,0.71,0.71,3240300,NaN,NaN,NaN,NaN,NaN,NaN,NaN
1603069200,0.715,0.715,0.7,0.71,3309100,NaN,NaN,NaN,NaN,NaN,NaN,NaN
1603155600,0.705,0.71,0.7,0.705,2603200,NaN,NaN,NaN,NaN,NaN,NaN,NaN
1603242000,0.705,0.715,0.705,0.71,1562000,NaN,NaN,NaN,NaN,NaN,NaN,NaN
1603328400,0.71,0.75,0.705,0.75,11249600,NaN,NaN,NaN,NaN,NaN,NaN,NaN
1603414800,0.75,0.75,0.715,0.72,1141100,NaN,NaN,NaN,NaN,NaN,NaN,NaN
1603674000,0.715,0.72,0.7,0.7,1456000,NaN,NaN,NaN,NaN,NaN,NaN,NaN
1603760400,0.7,0.715,0.7,0.71,882400,NaN,NaN,NaN,NaN,NaN,NaN,NaN
1603846800,0.71,0.71,0.69,0.7,1235200,NaN,NaN,NaN,NaN,NaN,NaN,NaN
1604019600,0.7,0.7,0.685,0.69,1042400,NaN,NaN,NaN,NaN,NaN,NaN,NaN
1604278800,0.69,0.69,0.68,0.68,571300,NaN,NaN,NaN,NaN,NaN,NaN,NaN
1604365200,0.68,0.68,0.675,0.68,668500,NaN,NaN,NaN,NaN,NaN,NaN,NaN
1604451600,0.68,0.685,0.67,0.685,1264400,NaN,NaN,NaN,NaN,NaN,NaN,NaN
1604538000,0.685,0.705,0.685,0.7,835800,NaN,NaN,NaN,NaN,NaN,NaN,NaN
1604624400,0.7,0.71,0.69,0.7,356200,NaN,NaN,NaN,NaN,NaN,NaN,NaN
1604883600,0.695,0.7,0.685,0.695,824400,NaN,NaN,NaN,NaN,NaN,NaN,NaN
1604970000,0.71,0.79,0.71,0.78,10351700,NaN,NaN,NaN,NaN,NaN,NaN,NaN
1605056400,0.78,0.785,0.75,0.76,1658200,NaN,NaN,NaN,NaN,NaN,NaN,NaN
1605142800,0.76,0.78,0.745,0.78,2742700,NaN,NaN,NaN,NaN,NaN,NaN,NaN
1605229200,0.78,0.795,0.77,0.78,2111000,NaN,NaN,NaN,NaN,NaN,NaN,NaN
1605488400,0.785,0.815,0.775,0.81,8224500,NaN,NaN,NaN,NaN,NaN,NaN,NaN
1605574800,0.82,0.84,0.815,0.825,13603100,NaN,NaN,NaN,NaN,NaN,NaN,NaN
1605661200,0.825,0.825,0.8,0.815,2830000,NaN,NaN,NaN,NaN,NaN,NaN,NaN
1605747600,0.81,0.81,0.79,0.79,3208400,NaN,NaN,NaN,NaN,NaN,NaN,NaN
1605834000,0.79,0.8,0.785,0.785,1917000,NaN,NaN,NaN,NaN,NaN,NaN,NaN
1606093200,0.79,0.795,0.785,0.79,918700,NaN,NaN,NaN,NaN,NaN,NaN,NaN
1606179600,0.79,0.795,0.755,0.765,2511500,NaN,NaN,NaN,NaN,NaN,NaN,NaN
1606266000,0.765,0.775,0.76,0.76,756100,NaN,NaN,NaN,NaN,NaN,NaN,NaN
1606352400,0.81,0.87,0.785,0.855,16279700,NaN,NaN,NaN,NaN,NaN,NaN,NaN
1606438800,0.85,0.855,0.83,0.845,9277900,NaN,NaN,NaN,NaN,NaN,NaN,NaN
1606698000,0.85,0.91,0.85,0.86,22218600,NaN,NaN,NaN,NaN,NaN,NaN,NaN
1606784400,0.88,0.895,0.865,0.88,6057700,NaN,NaN,NaN,NaN,NaN,NaN,NaN
1606870800,0.88,0.95,0.875,0.945,25027300,NaN,NaN,NaN,NaN,NaN,NaN,NaN
1606957200,0.95,0.985,0.93,0.96,14197500,NaN,NaN,NaN,NaN,NaN,NaN,NaN
1607043600,0.96,0.975,0.93,0.945,7252300,NaN,NaN,NaN,NaN,NaN,NaN,NaN
1607302800,0.945,0.965,0.93,0.94,10422300,NaN,NaN,NaN,NaN,NaN,NaN,NaN
1607389200,0.94,0.98,0.93,0.96,10966800,NaN,NaN,NaN,NaN,NaN,NaN,NaN
1607475600,0.97,0.99,0.945,0.96,8807800,NaN,NaN,NaN,NaN,NaN,NaN,NaN
1607562000,0.96,0.975,0.95,0.97,7665300,NaN,NaN,NaN,NaN,NaN,NaN,NaN
1607648400,0.97,1.04,0.96,1.02,27991100,NaN,NaN,NaN,NaN,NaN,NaN,NaN
1607907600,1.04,1.11,1.03,1.09,25372000,NaN,NaN,NaN,NaN,NaN,NaN,NaN
1607994000,1.09,1.14,1.06,1.12,16204300,NaN,NaN,NaN,NaN,NaN,NaN,NaN
1608080400,1.14,1.15,1.08,1.09,7383200,NaN,NaN,NaN,NaN,NaN,NaN,NaN
1608166800,1.1,1.12,1.05,1.1,8218200,NaN,NaN,NaN,NaN,NaN,NaN,NaN
1608253200,1.11,1.12,1.07,1.09,5878300,NaN,NaN,NaN,NaN,NaN,NaN,NaN
1608512400,1.08,1.09,1.04,1.06,3693800,NaN,NaN,NaN,NaN,NaN,NaN,NaN
1608598800,1.05,1.05,0.985,1.02,8975500,NaN,NaN,NaN,NaN,NaN,NaN,NaN
1608685200,1.01,1.05,1.01,1.04,4344200,NaN,NaN,NaN,NaN,NaN,NaN,NaN
1608771600,1.04,1.04,1.02,1.03,1031700,NaN,NaN,NaN,NaN,NaN,NaN,NaN
1609117200,1.02,1.07,1.01,1.03,7043600,NaN,NaN,NaN,NaN,NaN,NaN,NaN
1609203600,1.04,1.07,1.03,1.04,4517900,NaN,NaN,NaN,NaN,NaN,NaN,NaN
1609290000,1.05,1.07,1.03,1.05,3669600,NaN,NaN,NaN,NaN,NaN,NaN,NaN
1609376400,1.05,1.12,1.05,1.07,11003600,1404000000,6093391000,4422396000,79856000,916487000,1670995000,1.4018691588785
1609722000,1.08,1.1,1.05,1.08,5967600,NaN,NaN,NaN,NaN,NaN,NaN,NaN
1609808400,1.09,1.1,1.06,1.08,4589100,NaN,NaN,NaN,NaN,NaN,NaN,NaN
1609894800,1.08,1.09,1.01,1.05,5081600,NaN,NaN,NaN,NaN,NaN,NaN,NaN
1609981200,1.04,1.04,0.99,1.02,7512300,NaN,NaN,NaN,NaN,NaN,NaN,NaN
1610067600,1.01,1.01,0.94,0.95,9978600,NaN,NaN,NaN,NaN,NaN,NaN,NaN
1610326800,0.94,0.985,0.91,0.965,3369100,NaN,NaN,NaN,NaN,NaN,NaN,NaN
1610413200,0.95,0.97,0.915,0.97,8208600,NaN,NaN,NaN,NaN,NaN,NaN,NaN
1610499600,0.97,1,0.955,0.975,3499300,NaN,NaN,NaN,NaN,NaN,NaN,NaN
1610586000,0.98,0.99,0.96,0.985,1659900,NaN,NaN,NaN,NaN,NaN,NaN,NaN
1610672400,0.98,0.98,0.965,0.97,917700,NaN,NaN,NaN,NaN,NaN,NaN,NaN
1610931600,0.975,0.99,0.96,0.98,1724800,NaN,NaN,NaN,NaN,NaN,NaN,NaN
1611018000,0.99,1.02,0.985,1,6689800,NaN,NaN,NaN,NaN,NaN,NaN,NaN
1611104400,1,1.02,0.995,0.995,3204000,NaN,NaN,NaN,NaN,NaN,NaN,NaN
1611190800,1,1.01,0.985,1,2648700,NaN,NaN,NaN,NaN,NaN,NaN,NaN
1611277200,1,1.02,0.97,0.975,1997800,NaN,NaN,NaN,NaN,NaN,NaN,NaN
1611536400,0.97,0.97,0.9,0.935,6056900,NaN,NaN,NaN,NaN,NaN,NaN,NaN
1611622800,0.93,0.945,0.92,0.93,2733900,NaN,NaN,NaN,NaN,NaN,NaN,NaN
1611709200,0.93,0.955,0.925,0.95,4201400,NaN,NaN,NaN,NaN,NaN,NaN,NaN
1611882000,0.955,0.955,0.92,0.925,1378300,NaN,NaN,NaN,NaN,NaN,NaN,NaN
1612227600,0.925,0.94,0.91,0.915,2105200,NaN,NaN,NaN,NaN,NaN,NaN,NaN
1612314000,0.915,0.94,0.915,0.93,7837100,NaN,NaN,NaN,NaN,NaN,NaN,NaN
1612400400,0.93,0.96,0.925,0.95,2619300,NaN,NaN,NaN,NaN,NaN,NaN,NaN
1612486800,0.955,0.965,0.94,0.95,3266300,NaN,NaN,NaN,NaN,NaN,NaN,NaN
1612746000,0.955,0.99,0.95,0.99,2726600,NaN,NaN,NaN,NaN,NaN,NaN,NaN
1612832400,0.995,1.05,0.99,1.02,8635600,NaN,NaN,NaN,NaN,NaN,NaN,NaN
1612918800,1.05,1.07,1.04,1.05,10993900,NaN,NaN,NaN,NaN,NaN,NaN,NaN
1613005200,1.05,1.06,1.03,1.04,894000,NaN,NaN,NaN,NaN,NaN,NaN,NaN
1613350800,1.06,1.08,1.04,1.06,2343600,NaN,NaN,NaN,NaN,NaN,NaN,NaN
1613437200,1.08,1.08,1.04,1.06,3000100,NaN,NaN,NaN,NaN,NaN,NaN,NaN
1613523600,1.07,1.08,1.05,1.08,3056300,NaN,NaN,NaN,NaN,NaN,NaN,NaN
1613610000,1.07,1.08,1.06,1.08,3648000,NaN,NaN,NaN,NaN,NaN,NaN,NaN
1613696400,1.08,1.09,1.06,1.09,2643300,NaN,NaN,NaN,NaN,NaN,NaN,NaN
1613955600,1.1,1.16,1.09,1.13,12914400,NaN,NaN,NaN,NaN,NaN,NaN,NaN
1614042000,1.15,1.29,1.14,1.23,29241500,NaN,NaN,NaN,NaN,NaN,NaN,NaN
1614128400,1.25,1.28,1.1,1.17,8686000,NaN,NaN,NaN,NaN,NaN,NaN,NaN
1614214800,1.15,1.2,1.12,1.2,6898800,NaN,NaN,NaN,NaN,NaN,NaN,NaN
1614301200,1.17,1.18,1.15,1.16,3033400,NaN,NaN,NaN,NaN,NaN,NaN,NaN
1614560400,1.16,1.21,1.12,1.2,6783000,NaN,NaN,NaN,NaN,NaN,NaN,NaN
1614646800,1.22,1.25,1.2,1.25,6537900,NaN,NaN,NaN,NaN,NaN,NaN,NaN
1614733200,1.26,1.31,1.23,1.29,15737300,NaN,NaN,NaN,NaN,NaN,NaN,NaN
1614819600,1.28,1.34,1.2,1.34,15784200,NaN,NaN,NaN,NaN,NaN,NaN,NaN
1614906000,1.32,1.34,1.26,1.28,4887200,NaN,NaN,NaN,NaN,NaN,NaN,NaN
1615165200,1.29,1.31,1.24,1.25,3480400,NaN,NaN,NaN,NaN,NaN,NaN,NaN
1615251600,1.25,1.3,1.25,1.3,3638400,NaN,NaN,NaN,NaN,NaN,NaN,NaN
1615338000,1.29,1.38,1.26,1.36,9137200,NaN,NaN,NaN,NaN,NaN,NaN,NaN
1615424400,1.37,1.39,1.33,1.33,5377600,NaN,NaN,NaN,NaN,NaN,NaN,NaN
1615510800,1.35,1.37,1.31,1.35,3199900,NaN,NaN,NaN,NaN,NaN,NaN,NaN
1615770000,1.35,1.35,1.3,1.3,2147100,NaN,NaN,NaN,NaN,NaN,NaN,NaN
1615856400,1.3,1.3,1.24,1.3,4437900,NaN,NaN,NaN,NaN,NaN,NaN,NaN
1615942800,1.3,1.3,1.25,1.28,1683900,NaN,NaN,NaN,NaN,NaN,NaN,NaN
1616029200,1.3,1.34,1.28,1.33,2359100,NaN,NaN,NaN,NaN,NaN,NaN,NaN
1616115600,1.32,1.33,1.3,1.33,1885700,NaN,NaN,NaN,NaN,NaN,NaN,NaN
1616374800,1.33,1.34,1.29,1.3,1153700,NaN,NaN,NaN,NaN,NaN,NaN,NaN
1616461200,1.3,1.31,1.25,1.28,3279500,NaN,NaN,NaN,NaN,NaN,NaN,NaN
1616547600,1.25,1.31,1.24,1.3,2059300,NaN,NaN,NaN,NaN,NaN,NaN,NaN
1616634000,1.29,1.29,1.26,1.27,1366100,NaN,NaN,NaN,NaN,NaN,NaN,NaN
1616720400,1.28,1.3,1.27,1.3,2005100,NaN,NaN,NaN,NaN,NaN,NaN,NaN
1616979600,1.3,1.33,1.3,1.32,1549500,NaN,NaN,NaN,NaN,NaN,NaN,NaN
1617066000,1.32,1.33,1.28,1.31,2511100,NaN,NaN,NaN,NaN,NaN,NaN,NaN
1617152400,1.32,1.32,1.28,1.29,537400,1404000000,5932893000,4239029000.0000005,72945000,1013499000,1693864000,1.16279069767442
1617238800,1.28,1.31,1.28,1.3,2310900,NaN,NaN,NaN,NaN,NaN,NaN,NaN
1617325200,1.3,1.3,1.28,1.29,1447900,NaN,NaN,NaN,NaN,NaN,NaN,NaN
1617584400,1.28,1.3,1.26,1.28,1559100,NaN,NaN,NaN,NaN,NaN,NaN,NaN
1617670800,1.27,1.3,1.27,1.28,1728900,NaN,NaN,NaN,NaN,NaN,NaN,NaN
1617757200,1.28,1.32,1.27,1.31,3995000,NaN,NaN,NaN,NaN,NaN,NaN,NaN
1617843600,1.31,1.32,1.29,1.31,3627800,NaN,NaN,NaN,NaN,NaN,NaN,NaN
1617930000,1.31,1.32,1.28,1.31,2175900,NaN,NaN,NaN,NaN,NaN,NaN,NaN
1618189200,1.31,1.32,1.28,1.31,1376700,NaN,NaN,NaN,NaN,NaN,NaN,NaN
1618275600,1.31,1.37,1.31,1.35,9602600,NaN,NaN,NaN,NaN,NaN,NaN,NaN
1618362000,1.36,1.39,1.34,1.35,6168500,NaN,NaN,NaN,NaN,NaN,NaN,NaN
1618448400,1.36,1.36,1.27,1.31,4799300,NaN,NaN,NaN,NaN,NaN,NaN,NaN
1618534800,1.31,1.31,1.26,1.29,2955000,NaN,NaN,NaN,NaN,NaN,NaN,NaN
1618794000,1.27,1.29,1.25,1.27,2259100,NaN,NaN,NaN,NaN,NaN,NaN,NaN
1618880400,1.26,1.34,1.25,1.33,2898200,NaN,NaN,NaN,NaN,NaN,NaN,NaN
1618966800,1.32,1.33,1.28,1.28,1433600,NaN,NaN,NaN,NaN,NaN,NaN,NaN
1619053200,1.29,1.31,1.29,1.29,678900,NaN,NaN,NaN,NaN,NaN,NaN,NaN
1619139600,1.29,1.31,1.27,1.28,2078600,NaN,NaN,NaN,NaN,NaN,NaN,NaN
1619398800,1.28,1.3,1.28,1.29,1328300,NaN,NaN,NaN,NaN,NaN,NaN,NaN
1619485200,1.28,1.31,1.28,1.28,1402600,NaN,NaN,NaN,NaN,NaN,NaN,NaN
1619571600,1.28,1.3,1.28,1.29,1953800,NaN,NaN,NaN,NaN,NaN,NaN,NaN
1619744400,1.28,1.31,1.28,1.28,1429900,NaN,NaN,NaN,NaN,NaN,NaN,NaN
1620003600,1.28,1.28,1.24,1.24,2537700,NaN,NaN,NaN,NaN,NaN,NaN,NaN
1620090000,1.24,1.26,1.24,1.25,914700,NaN,NaN,NaN,NaN,NaN,NaN,NaN
1620176400,1.26,1.26,1.18,1.18,2376200,NaN,NaN,NaN,NaN,NaN,NaN,NaN
1620262800,1.18,1.22,1.17,1.19,2478400,NaN,NaN,NaN,NaN,NaN,NaN,NaN
1620349200,1.19,1.21,1.18,1.19,1000000,NaN,NaN,NaN,NaN,NaN,NaN,NaN
1620608400,1.18,1.18,1.14,1.16,922000,NaN,NaN,NaN,NaN,NaN,NaN,NaN
1620694800,1.15,1.19,1.12,1.18,3078000,NaN,NaN,NaN,NaN,NaN,NaN,NaN
1620781200,1.17,1.22,1.17,1.2,1564700,NaN,NaN,NaN,NaN,NaN,NaN,NaN
1621213200,1.18,1.21,1.17,1.19,2725100,NaN,NaN,NaN,NaN,NaN,NaN,NaN
1621299600,1.2,1.2,1.16,1.18,1538100,NaN,NaN,NaN,NaN,NaN,NaN,NaN
1621386000,1.2,1.2,1.12,1.12,3014200,NaN,NaN,NaN,NaN,NaN,NaN,NaN
1621472400,1.15,1.17,1.14,1.15,3161300,NaN,NaN,NaN,NaN,NaN,NaN,NaN
1621558800,1.15,1.17,1.12,1.17,2187900,NaN,NaN,NaN,NaN,NaN,NaN,NaN
1621818000,1.19,1.22,1.18,1.18,2282300,NaN,NaN,NaN,NaN,NaN,NaN,NaN
1621904400,1.2,1.24,1.2,1.22,3012900,NaN,NaN,NaN,NaN,NaN,NaN,NaN
1622077200,1.23,1.27,1.21,1.22,2165500,NaN,NaN,NaN,NaN,NaN,NaN,NaN
1622163600,1.23,1.28,1.22,1.27,1405700,NaN,NaN,NaN,NaN,NaN,NaN,NaN
1622422800,1.23,1.27,1.19,1.27,2457500,NaN,NaN,NaN,NaN,NaN,NaN,NaN
1622509200,1.27,1.28,1.24,1.27,804800,NaN,NaN,NaN,NaN,NaN,NaN,NaN
1622595600,1.28,1.3,1.27,1.28,2191900,NaN,NaN,NaN,NaN,NaN,NaN,NaN
1622682000,1.3,1.3,1.27,1.28,787200,NaN,NaN,NaN,NaN,NaN,NaN,NaN
1622768400,1.29,1.3,1.27,1.29,1013300,NaN,NaN,NaN,NaN,NaN,NaN,NaN
1623114000,1.29,1.32,1.28,1.29,2842000,NaN,NaN,NaN,NaN,NaN,NaN,NaN
1623200400,1.3,1.3,1.28,1.29,616500,NaN,NaN,NaN,NaN,NaN,NaN,NaN
1623286800,1.29,1.3,1.28,1.3,1604600,NaN,NaN,NaN,NaN,NaN,NaN,NaN
1623373200,1.3,1.32,1.29,1.29,930600,NaN,NaN,NaN,NaN,NaN,NaN,NaN
1623632400,1.3,1.34,1.29,1.33,5508900,NaN,NaN,NaN,NaN,NaN,NaN,NaN
1623718800,1.34,1.36,1.33,1.34,3226700,NaN,NaN,NaN,NaN,NaN,NaN,NaN
1623805200,1.35,1.35,1.32,1.32,983300,NaN,NaN,NaN,NaN,NaN,NaN,NaN
1623891600,1.32,1.32,1.29,1.29,1767300,NaN,NaN,NaN,NaN,NaN,NaN,NaN
1623978000,1.29,1.34,1.29,1.33,2481600,NaN,NaN,NaN,NaN,NaN,NaN,NaN
1624237200,1.34,1.34,1.3,1.34,860900,NaN,NaN,NaN,NaN,NaN,NaN,NaN
1624323600,1.34,1.35,1.31,1.34,1299400,NaN,NaN,NaN,NaN,NaN,NaN,NaN
1624410000,1.34,1.35,1.32,1.34,1115400,NaN,NaN,NaN,NaN,NaN,NaN,NaN
1624496400,1.35,1.35,1.3,1.3,1330100,NaN,NaN,NaN,NaN,NaN,NaN,NaN
1624582800,1.31,1.32,1.28,1.3,551000,NaN,NaN,NaN,NaN,NaN,NaN,NaN
1624842000,1.29,1.31,1.29,1.31,1110600,NaN,NaN,NaN,NaN,NaN,NaN,NaN
1624928400,1.29,1.31,1.29,1.3,229800,NaN,NaN,NaN,NaN,NaN,NaN,NaN
1625014800,1.31,1.32,1.29,1.29,694300,1404000000,5842358000,4140152000,62920000,874204000,1702206000,1.16279069767442
1625101200,1.3,1.31,1.29,1.31,534100,NaN,NaN,NaN,NaN,NaN,NaN,NaN
1625187600,1.3,1.32,1.29,1.29,774900,NaN,NaN,NaN,NaN,NaN,NaN,NaN
1625446800,1.3,1.31,1.29,1.3,1650800,NaN,NaN,NaN,NaN,NaN,NaN,NaN
1625533200,1.29,1.32,1.29,1.31,398100,NaN,NaN,NaN,NaN,NaN,NaN,NaN
1625619600,1.32,1.32,1.29,1.29,598200,NaN,NaN,NaN,NaN,NaN,NaN,NaN
1625706000,1.29,1.29,1.22,1.27,2243900,NaN,NaN,NaN,NaN,NaN,NaN,NaN
1625792400,1.25,1.31,1.24,1.28,1461600,NaN,NaN,NaN,NaN,NaN,NaN,NaN
1626051600,1.28,1.3,1.27,1.3,285600,NaN,NaN,NaN,NaN,NaN,NaN,NaN
1626138000,1.3,1.32,1.28,1.3,977100,NaN,NaN,NaN,NaN,NaN,NaN,NaN
1626224400,1.3,1.3,1.27,1.28,981600,NaN,NaN,NaN,NaN,NaN,NaN,NaN
1626310800,1.28,1.3,1.27,1.28,1458300,NaN,NaN,NaN,NaN,NaN,NaN,NaN
1626397200,1.29,1.31,1.28,1.28,1540400,NaN,NaN,NaN,NaN,NaN,NaN,NaN
1626656400,1.29,1.31,1.29,1.3,1096500,NaN,NaN,NaN,NaN,NaN,NaN,NaN
1626829200,1.3,1.31,1.29,1.3,1239000,NaN,NaN,NaN,NaN,NaN,NaN,NaN
1626915600,1.3,1.32,1.29,1.32,715100,NaN,NaN,NaN,NaN,NaN,NaN,NaN
1627002000,1.32,1.33,1.31,1.33,733600,NaN,NaN,NaN,NaN,NaN,NaN,NaN
1627261200,1.32,1.32,1.3,1.32,603700,NaN,NaN,NaN,NaN,NaN,NaN,NaN
1627347600,1.32,1.32,1.3,1.3,342600,NaN,NaN,NaN,NaN,NaN,NaN,NaN
1627434000,1.31,1.33,1.3,1.33,1921800,NaN,NaN,NaN,NaN,NaN,NaN,NaN
1627520400,1.33,1.33,1.3,1.3,678400,NaN,NaN,NaN,NaN,NaN,NaN,NaN
1627606800,1.31,1.32,1.3,1.3,1040800,NaN,NaN,NaN,NaN,NaN,NaN,NaN
1627866000,1.3,1.34,1.28,1.32,1172300,NaN,NaN,NaN,NaN,NaN,NaN,NaN
1627952400,1.31,1.33,1.31,1.32,496900,NaN,NaN,NaN,NaN,NaN,NaN,NaN
1628038800,1.31,1.33,1.3,1.3,966100,NaN,NaN,NaN,NaN,NaN,NaN,NaN
1628125200,1.32,1.32,1.29,1.3,1190100,NaN,NaN,NaN,NaN,NaN,NaN,NaN
1628211600,1.3,1.33,1.3,1.31,1613500,NaN,NaN,NaN,NaN,NaN,NaN,NaN
1628470800,1.31,1.33,1.31,1.32,2982700,NaN,NaN,NaN,NaN,NaN,NaN,NaN
1628643600,1.32,1.47,1.32,1.42,11727500,NaN,NaN,NaN,NaN,NaN,NaN,NaN
1628730000,1.43,1.44,1.41,1.42,2455500,NaN,NaN,NaN,NaN,NaN,NaN,NaN
1628816400,1.42,1.49,1.41,1.44,7874500,NaN,NaN,NaN,NaN,NaN,NaN,NaN
1629075600,1.41,1.45,1.38,1.43,5295700,NaN,NaN,NaN,NaN,NaN,NaN,NaN
1629162000,1.44,1.49,1.43,1.45,5673800,NaN,NaN,NaN,NaN,NaN,NaN,NaN
1629248400,1.45,1.47,1.44,1.46,950900,NaN,NaN,NaN,NaN,NaN,NaN,NaN
1629334800,1.46,1.46,1.41,1.41,2327500,NaN,NaN,NaN,NaN,NaN,NaN,NaN
1629421200,1.41,1.47,1.41,1.44,1679300,NaN,NaN,NaN,NaN,NaN,NaN,NaN
1629680400,1.44,1.45,1.43,1.44,1033800,NaN,NaN,NaN,NaN,NaN,NaN,NaN
1629766800,1.44,1.46,1.42,1.44,3935600,NaN,NaN,NaN,NaN,NaN,NaN,NaN
1629853200,1.45,1.5,1.45,1.48,5015700,NaN,NaN,NaN,NaN,NaN,NaN,NaN
1629939600,1.48,1.57,1.48,1.49,6249400,NaN,NaN,NaN,NaN,NaN,NaN,NaN
1630026000,1.49,1.5,1.43,1.43,3488800,NaN,NaN,NaN,NaN,NaN,NaN,NaN
1630285200,1.43,1.48,1.4,1.44,5935500,NaN,NaN,NaN,NaN,NaN,NaN,NaN
1630458000,1.46,1.5,1.44,1.49,4619500,NaN,NaN,NaN,NaN,NaN,NaN,NaN
1630544400,1.5,1.51,1.47,1.49,3285700,NaN,NaN,NaN,NaN,NaN,NaN,NaN
1630630800,1.49,1.51,1.48,1.5,3554700,NaN,NaN,NaN,NaN,NaN,NaN,NaN
1630890000,1.5,1.54,1.48,1.5,2298100,NaN,NaN,NaN,NaN,NaN,NaN,NaN
1630976400,1.5,1.52,1.48,1.51,2171900,NaN,NaN,NaN,NaN,NaN,NaN,NaN
1631062800,1.51,1.55,1.5,1.53,3221200,NaN,NaN,NaN,NaN,NaN,NaN,NaN
1631149200,1.53,1.55,1.48,1.5,3669800,NaN,NaN,NaN,NaN,NaN,NaN,NaN
1631235600,1.49,1.5,1.47,1.48,3247500,NaN,NaN,NaN,NaN,NaN,NaN,NaN
1631494800,1.48,1.52,1.47,1.51,2752200,NaN,NaN,NaN,NaN,NaN,NaN,NaN
1631581200,1.51,1.55,1.5,1.53,2621600,NaN,NaN,NaN,NaN,NaN,NaN,NaN
1631667600,1.54,1.56,1.52,1.54,1877700,NaN,NaN,NaN,NaN,NaN,NaN,NaN
1631840400,1.54,1.55,1.49,1.5,3230800,NaN,NaN,NaN,NaN,NaN,NaN,NaN
1632099600,1.5,1.5,1.47,1.49,2049700,NaN,NaN,NaN,NaN,NaN,NaN,NaN
1632186000,1.49,1.51,1.48,1.5,1581100,NaN,NaN,NaN,NaN,NaN,NaN,NaN
1632272400,1.5,1.51,1.48,1.49,1900800,NaN,NaN,NaN,NaN,NaN,NaN,NaN
1632358800,1.51,1.51,1.49,1.51,1361000,NaN,NaN,NaN,NaN,NaN,NaN,NaN
1632445200,1.51,1.52,1.49,1.49,1896600,NaN,NaN,NaN,NaN,NaN,NaN,NaN
1632704400,1.49,1.51,1.49,1.51,1685100,NaN,NaN,NaN,NaN,NaN,NaN,NaN
1632790800,1.52,1.52,1.49,1.51,1981000,NaN,NaN,NaN,NaN,NaN,NaN,NaN
1632877200,1.51,1.51,1.49,1.49,1213400,NaN,NaN,NaN,NaN,NaN,NaN,NaN
1632963600,1.49,1.51,1.49,1.5,759500,1404000000,5761826000,4095916000,-766000,750560000,1665910000,1
1633050000,1.5,1.52,1.45,1.46,2161800,NaN,NaN,NaN,NaN,NaN,NaN,NaN
1633309200,1.46,1.5,1.46,1.49,1236100,NaN,NaN,NaN,NaN,NaN,NaN,NaN
1633395600,1.48,1.51,1.47,1.5,1293300,NaN,NaN,NaN,NaN,NaN,NaN,NaN
1633482000,1.5,1.51,1.47,1.49,2085300,NaN,NaN,NaN,NaN,NaN,NaN,NaN
1633568400,1.48,1.51,1.48,1.5,1640200,NaN,NaN,NaN,NaN,NaN,NaN,NaN
1633654800,1.5,1.51,1.49,1.49,716100,NaN,NaN,NaN,NaN,NaN,NaN,NaN
1633914000,1.49,1.55,1.49,1.53,2449900,NaN,NaN,NaN,NaN,NaN,NaN,NaN
1634000400,1.54,1.56,1.52,1.54,2814600,NaN,NaN,NaN,NaN,NaN,NaN,NaN
1634086800,1.54,1.55,1.51,1.51,1461600,NaN,NaN,NaN,NaN,NaN,NaN,NaN
1634173200,1.53,1.53,1.49,1.5,1053200,NaN,NaN,NaN,NaN,NaN,NaN,NaN
1634259600,1.5,1.5,1.48,1.49,1701900,NaN,NaN,NaN,NaN,NaN,NaN,NaN
1634518800,1.5,1.52,1.49,1.51,1368300,NaN,NaN,NaN,NaN,NaN,NaN,NaN
1634691600,1.52,1.53,1.5,1.5,1117300,NaN,NaN,NaN,NaN,NaN,NaN,NaN
1634778000,1.5,1.52,1.43,1.47,9575400,NaN,NaN,NaN,NaN,NaN,NaN,NaN
1634864400,1.45,1.5,1.45,1.49,1687800,NaN,NaN,NaN,NaN,NaN,NaN,NaN
1635123600,1.49,1.5,1.48,1.5,728400,NaN,NaN,NaN,NaN,NaN,NaN,NaN
1635210000,1.5,1.51,1.48,1.5,1896100,NaN,NaN,NaN,NaN,NaN,NaN,NaN
1635296400,1.49,1.5,1.49,1.49,1935900,NaN,NaN,NaN,NaN,NaN,NaN,NaN
1635382800,1.49,1.5,1.46,1.5,1005100,NaN,NaN,NaN,NaN,NaN,NaN,NaN
1635469200,1.49,1.49,1.46,1.48,1143600,NaN,NaN,NaN,NaN,NaN,NaN,NaN
1635728400,1.46,1.47,1.44,1.44,1390000,NaN,NaN,NaN,NaN,NaN,NaN,NaN
1635814800,1.44,1.48,1.44,1.47,1593900,NaN,NaN,NaN,NaN,NaN,NaN,NaN
1635901200,1.47,1.5,1.46,1.5,697800,NaN,NaN,NaN,NaN,NaN,NaN,NaN
1636074000,1.5,1.5,1.48,1.49,536500,NaN,NaN,NaN,NaN,NaN,NaN,NaN
1636333200,1.5,1.5,1.47,1.47,143200,NaN,NaN,NaN,NaN,NaN,NaN,NaN
1636419600,1.47,1.48,1.46,1.46,523600,NaN,NaN,NaN,NaN,NaN,NaN,NaN
1636506000,1.46,1.47,1.45,1.47,365100,NaN,NaN,NaN,NaN,NaN,NaN,NaN
1636592400,1.48,1.48,1.45,1.46,672500,NaN,NaN,NaN,NaN,NaN,NaN,NaN
1636678800,1.45,1.46,1.45,1.45,736300,NaN,NaN,NaN,NaN,NaN,NaN,NaN
1636938000,1.45,1.48,1.45,1.47,667400,NaN,NaN,NaN,NaN,NaN,NaN,NaN
1637024400,1.47,1.47,1.45,1.46,851000,NaN,NaN,NaN,NaN,NaN,NaN,NaN
1637110800,1.45,1.46,1.42,1.43,669600,NaN,NaN,NaN,NaN,NaN,NaN,NaN
1637197200,1.45,1.46,1.42,1.44,832800,NaN,NaN,NaN,NaN,NaN,NaN,NaN
1637283600,1.44,1.45,1.44,1.44,246800,NaN,NaN,NaN,NaN,NaN,NaN,NaN
1637542800,1.44,1.45,1.42,1.42,735300,NaN,NaN,NaN,NaN,NaN,NaN,NaN
1637629200,1.42,1.43,1.42,1.42,332100,NaN,NaN,NaN,NaN,NaN,NaN,NaN
1637715600,1.42,1.43,1.41,1.43,646800,NaN,NaN,NaN,NaN,NaN,NaN,NaN
1637802000,1.41,1.42,1.36,1.41,3565800,NaN,NaN,NaN,NaN,NaN,NaN,NaN
1637888400,1.4,1.41,1.37,1.41,2749600,NaN,NaN,NaN,NaN,NaN,NaN,NaN
1638147600,1.38,1.4,1.34,1.39,804800,NaN,NaN,NaN,NaN,NaN,NaN,NaN
1638234000,1.4,1.41,1.37,1.38,1436800,NaN,NaN,NaN,NaN,NaN,NaN,NaN
1638320400,1.36,1.38,1.36,1.36,1001200,NaN,NaN,NaN,NaN,NaN,NaN,NaN
1638406800,1.36,1.37,1.36,1.36,367000,NaN,NaN,NaN,NaN,NaN,NaN,NaN
1638752400,1.36,1.36,1.3,1.33,916500,NaN,NaN,NaN,NaN,NaN,NaN,NaN
1638838800,1.33,1.34,1.32,1.32,600100,NaN,NaN,NaN,NaN,NaN,NaN,NaN
1638925200,1.34,1.34,1.32,1.32,973100,NaN,NaN,NaN,NaN,NaN,NaN,NaN
1639011600,1.33,1.33,1.32,1.33,410900,NaN,NaN,NaN,NaN,NaN,NaN,NaN
1639098000,1.33,1.33,1.32,1.32,89700,NaN,NaN,NaN,NaN,NaN,NaN,NaN
1639357200,1.32,1.33,1.31,1.32,312100,NaN,NaN,NaN,NaN,NaN,NaN,NaN
1639443600,1.32,1.32,1.31,1.31,80600,NaN,NaN,NaN,NaN,NaN,NaN,NaN
1639530000,1.31,1.31,1.3,1.3,44500,NaN,NaN,NaN,NaN,NaN,NaN,NaN
1639616400,1.3,1.31,1.29,1.3,270700,NaN,NaN,NaN,NaN,NaN,NaN,NaN
1639702800,1.3,1.3,1.29,1.29,160400,NaN,NaN,NaN,NaN,NaN,NaN,NaN
1639962000,1.3,1.34,1.29,1.31,78000,NaN,NaN,NaN,NaN,NaN,NaN,NaN
1640048400,1.32,1.32,1.3,1.3,36800,NaN,NaN,NaN,NaN,NaN,NaN,NaN
1640134800,1.3,1.32,1.29,1.29,145100,NaN,NaN,NaN,NaN,NaN,NaN,NaN
1640221200,1.29,1.3,1.28,1.29,302200,NaN,NaN,NaN,NaN,NaN,NaN,NaN
1640307600,1.3,1.35,1.3,1.34,215900,NaN,NaN,NaN,NaN,NaN,NaN,NaN
1640566800,1.34,1.34,1.32,1.32,38000,NaN,NaN,NaN,NaN,NaN,NaN,NaN
1640653200,1.33,1.37,1.33,1.37,480600,NaN,NaN,NaN,NaN,NaN,NaN,NaN
1640739600,1.36,1.46,1.36,1.43,2023500,NaN,NaN,NaN,NaN,NaN,NaN,NaN
1640826000,1.44,1.44,1.4,1.41,598900,NaN,NaN,NaN,NaN,NaN,NaN,NaN
1640912400,1.4,1.43,1.4,1.41,119600,1404000000,6232437000,4489692000,142661000,992101000,1742745000,2.12765957446809
1641171600,1.4,1.41,1.39,1.4,112100,NaN,NaN,NaN,NaN,NaN,NaN,NaN
1641258000,1.4,1.41,1.39,1.41,941100,NaN,NaN,NaN,NaN,NaN,NaN,NaN
1641344400,1.39,1.42,1.39,1.4,551300,NaN,NaN,NaN,NaN,NaN,NaN,NaN
1641430800,1.4,1.43,1.39,1.42,970900,NaN,NaN,NaN,NaN,NaN,NaN,NaN
1641517200,1.43,1.43,1.42,1.42,2644700,NaN,NaN,NaN,NaN,NaN,NaN,NaN
1641776400,1.43,1.46,1.42,1.44,1100800,NaN,NaN,NaN,NaN,NaN,NaN,NaN
1641862800,1.42,1.44,1.42,1.43,512700,NaN,NaN,NaN,NaN,NaN,NaN,NaN
1641949200,1.43,1.44,1.42,1.43,1670500,NaN,NaN,NaN,NaN,NaN,NaN,NaN
1642035600,1.43,1.44,1.39,1.4,679700,NaN,NaN,NaN,NaN,NaN,NaN,NaN
1642122000,1.4,1.4,1.37,1.37,282500,NaN,NaN,NaN,NaN,NaN,NaN,NaN
1642381200,1.37,1.43,1.37,1.43,142900,NaN,NaN,NaN,NaN,NaN,NaN,NaN
1642554000,1.42,1.44,1.38,1.39,828300,NaN,NaN,NaN,NaN,NaN,NaN,NaN
1642640400,1.4,1.42,1.37,1.39,880800,NaN,NaN,NaN,NaN,NaN,NaN,NaN
1642726800,1.38,1.39,1.37,1.38,420700,NaN,NaN,NaN,NaN,NaN,NaN,NaN
1642986000,1.38,1.39,1.37,1.37,128600,NaN,NaN,NaN,NaN,NaN,NaN,NaN
1643072400,1.37,1.38,1.36,1.37,638700,NaN,NaN,NaN,NaN,NaN,NaN,NaN
1643158800,1.37,1.37,1.36,1.37,182600,NaN,NaN,NaN,NaN,NaN,NaN,NaN
1643245200,1.36,1.37,1.36,1.37,157200,NaN,NaN,NaN,NaN,NaN,NaN,NaN
1643331600,1.37,1.39,1.37,1.37,116200,NaN,NaN,NaN,NaN,NaN,NaN,NaN
1643590800,1.37,1.4,1.37,1.4,199100,NaN,NaN,NaN,NaN,NaN,NaN,NaN
1643850000,1.39,1.39,1.38,1.39,12100,NaN,NaN,NaN,NaN,NaN,NaN,NaN
1643936400,1.39,1.39,1.36,1.38,275000,NaN,NaN,NaN,NaN,NaN,NaN,NaN
1644195600,1.37,1.37,1.35,1.37,322400,NaN,NaN,NaN,NaN,NaN,NaN,NaN
1644282000,1.36,1.36,1.33,1.35,1484300,NaN,NaN,NaN,NaN,NaN,NaN,NaN
1644368400,1.35,1.39,1.35,1.39,1233600,NaN,NaN,NaN,NaN,NaN,NaN,NaN
1644454800,1.39,1.4,1.34,1.4,797000,NaN,NaN,NaN,NaN,NaN,NaN,NaN
1644541200,1.4,1.4,1.37,1.37,911900,NaN,NaN,NaN,NaN,NaN,NaN,NaN
1644800400,1.37,1.39,1.37,1.38,762600,NaN,NaN,NaN,NaN,NaN,NaN,NaN
1644886800,1.37,1.38,1.37,1.37,1224000,NaN,NaN,NaN,NaN,NaN,NaN,NaN
1644973200,1.38,1.41,1.37,1.37,3365200,NaN,NaN,NaN,NaN,NaN,NaN,NaN
1645059600,1.37,1.41,1.37,1.38,2338800,NaN,NaN,NaN,NaN,NaN,NaN,NaN
1645146000,1.37,1.39,1.37,1.38,717800,NaN,NaN,NaN,NaN,NaN,NaN,NaN
1645405200,1.38,1.38,1.36,1.36,2678000,NaN,NaN,NaN,NaN,NaN,NaN,NaN
1645491600,1.36,1.36,1.29,1.3,1436200,NaN,NaN,NaN,NaN,NaN,NaN,NaN
1645578000,1.31,1.37,1.3,1.37,1163500,NaN,NaN,NaN,NaN,NaN,NaN,NaN
1645664400,1.41,1.47,1.38,1.44,10642000,NaN,NaN,NaN,NaN,NaN,NaN,NaN
1645750800,1.44,1.53,1.44,1.53,3151400,NaN,NaN,NaN,NaN,NaN,NaN,NaN
1646010000,1.53,1.53,1.46,1.46,1061200,NaN,NaN,NaN,NaN,NaN,NaN,NaN
1646096400,1.46,1.52,1.41,1.42,2263200,NaN,NaN,NaN,NaN,NaN,NaN,NaN
1646182800,1.42,1.44,1.41,1.43,1536800,NaN,NaN,NaN,NaN,NaN,NaN,NaN
1646269200,1.43,1.48,1.43,1.48,1728300,NaN,NaN,NaN,NaN,NaN,NaN,NaN
1646355600,1.46,1.48,1.43,1.46,1260200,NaN,NaN,NaN,NaN,NaN,NaN,NaN
1646614800,1.46,1.48,1.42,1.43,1035200,NaN,NaN,NaN,NaN,NaN,NaN,NaN
1646701200,1.42,1.44,1.36,1.44,915300,NaN,NaN,NaN,NaN,NaN,NaN,NaN
1646787600,1.44,1.5,1.44,1.49,1278700,NaN,NaN,NaN,NaN,NaN,NaN,NaN
1646874000,1.5,1.52,1.47,1.51,1655900,NaN,NaN,NaN,NaN,NaN,NaN,NaN
1646960400,1.5,1.51,1.47,1.5,580900,NaN,NaN,NaN,NaN,NaN,NaN,NaN
1647219600,1.5,1.52,1.47,1.52,653500,NaN,NaN,NaN,NaN,NaN,NaN,NaN
1647306000,1.51,1.51,1.45,1.45,427000,NaN,NaN,NaN,NaN,NaN,NaN,NaN
1647392400,1.46,1.51,1.46,1.49,1006100,NaN,NaN,NaN,NaN,NaN,NaN,NaN
1647478800,1.5,1.52,1.49,1.5,564900,NaN,NaN,NaN,NaN,NaN,NaN,NaN
1647565200,1.5,1.5,1.48,1.48,115700,NaN,NaN,NaN,NaN,NaN,NaN,NaN
1647824400,1.5,1.56,1.49,1.55,4534900,NaN,NaN,NaN,NaN,NaN,NaN,NaN
1647910800,1.55,1.57,1.53,1.54,1898300,NaN,NaN,NaN,NaN,NaN,NaN,NaN
1647997200,1.54,1.56,1.52,1.54,558400,NaN,NaN,NaN,NaN,NaN,NaN,NaN
1648083600,1.54,1.56,1.53,1.55,1324000,NaN,NaN,NaN,NaN,NaN,NaN,NaN
1648170000,1.54,1.54,1.52,1.53,738500,NaN,NaN,NaN,NaN,NaN,NaN,NaN
1648429200,1.53,1.55,1.53,1.53,280100,NaN,NaN,NaN,NaN,NaN,NaN,NaN
1648515600,1.54,1.54,1.46,1.51,2172500,NaN,NaN,NaN,NaN,NaN,NaN,NaN
1648602000,1.53,1.57,1.5,1.55,2274100,NaN,NaN,NaN,NaN,NaN,NaN,NaN
1648688400,1.56,1.61,1.55,1.58,4515800,1404000000,5690800000,3913000000,83700000,1001800000,1777800000,1.89873417721519
1648774800,1.57,1.59,1.57,1.57,1717400,NaN,NaN,NaN,NaN,NaN,NaN,NaN
1649034000,1.57,1.59,1.53,1.58,3262200,NaN,NaN,NaN,NaN,NaN,NaN,NaN
1649120400,1.58,1.65,1.57,1.61,4990000,NaN,NaN,NaN,NaN,NaN,NaN,NaN
1649206800,1.61,1.65,1.61,1.65,1347600,NaN,NaN,NaN,NaN,NaN,NaN,NaN
1649293200,1.64,1.65,1.59,1.6,2331300,NaN,NaN,NaN,NaN,NaN,NaN,NaN
1649379600,1.61,1.61,1.57,1.58,796000,NaN,NaN,NaN,NaN,NaN,NaN,NaN
1649638800,1.58,1.66,1.55,1.57,5166400,NaN,NaN,NaN,NaN,NaN,NaN,NaN
1649725200,1.55,1.62,1.54,1.6,3693500,NaN,NaN,NaN,NaN,NaN,NaN,NaN
1649811600,1.61,1.62,1.59,1.61,2462600,NaN,NaN,NaN,NaN,NaN,NaN,NaN
1649898000,1.61,1.62,1.59,1.61,1990300,NaN,NaN,NaN,NaN,NaN,NaN,NaN
1649984400,1.61,1.61,1.6,1.61,1089900,NaN,NaN,NaN,NaN,NaN,NaN,NaN
1650243600,1.61,1.64,1.61,1.62,948200,NaN,NaN,NaN,NaN,NaN,NaN,NaN
1650416400,1.62,1.65,1.62,1.64,1476300,NaN,NaN,NaN,NaN,NaN,NaN,NaN
1650502800,1.64,1.64,1.61,1.62,509900,NaN,NaN,NaN,NaN,NaN,NaN,NaN
1650589200,1.61,1.65,1.6,1.64,1519100,NaN,NaN,NaN,NaN,NaN,NaN,NaN
1650848400,1.63,1.64,1.61,1.63,1112200,NaN,NaN,NaN,NaN,NaN,NaN,NaN
1650934800,1.62,1.65,1.6,1.61,1423300,NaN,NaN,NaN,NaN,NaN,NaN,NaN
1651021200,1.61,1.63,1.6,1.61,1335000,NaN,NaN,NaN,NaN,NaN,NaN,NaN
1651107600,1.6,1.63,1.58,1.63,2121100,NaN,NaN,NaN,NaN,NaN,NaN,NaN
1651194000,1.63,1.65,1.62,1.63,3205400,NaN,NaN,NaN,NaN,NaN,NaN,NaN
1651712400,1.64,1.69,1.62,1.62,6406300,NaN,NaN,NaN,NaN,NaN,NaN,NaN
1651798800,1.61,1.67,1.6,1.63,3167100,NaN,NaN,NaN,NaN,NaN,NaN,NaN
1652058000,1.63,1.65,1.6,1.6,3036900,NaN,NaN,NaN,NaN,NaN,NaN,NaN
1652144400,1.59,1.61,1.55,1.56,3537200,NaN,NaN,NaN,NaN,NaN,NaN,NaN
1652230800,1.55,1.62,1.55,1.61,4967400,NaN,NaN,NaN,NaN,NaN,NaN,NaN
1652317200,1.62,1.68,1.61,1.62,6471500,NaN,NaN,NaN,NaN,NaN,NaN,NaN
1652403600,1.62,1.67,1.6,1.62,2690000,NaN,NaN,NaN,NaN,NaN,NaN,NaN
1652749200,1.64,1.66,1.62,1.63,3420800,NaN,NaN,NaN,NaN,NaN,NaN,NaN
1652835600,1.66,1.68,1.63,1.66,2401700,NaN,NaN,NaN,NaN,NaN,NaN,NaN
1652922000,1.62,1.64,1.56,1.56,4889700,NaN,NaN,NaN,NaN,NaN,NaN,NaN
1653008400,1.55,1.59,1.48,1.52,4511100,NaN,NaN,NaN,NaN,NaN,NaN,NaN
1653267600,1.53,1.54,1.47,1.52,4385700,NaN,NaN,NaN,NaN,NaN,NaN,NaN
1653354000,1.53,1.53,1.49,1.5,3832100,NaN,NaN,NaN,NaN,NaN,NaN,NaN
1653440400,1.5,1.5,1.48,1.48,1665600,NaN,NaN,NaN,NaN,NaN,NaN,NaN
1653526800,1.5,1.5,1.42,1.43,3802400,NaN,NaN,NaN,NaN,NaN,NaN,NaN
1653613200,1.43,1.47,1.43,1.47,1476600,NaN,NaN,NaN,NaN,NaN,NaN,NaN
1653872400,1.45,1.46,1.4,1.43,2581800,NaN,NaN,NaN,NaN,NaN,NaN,NaN
1653958800,1.42,1.44,1.4,1.42,602400,NaN,NaN,NaN,NaN,NaN,NaN,NaN
1654045200,1.42,1.44,1.4,1.42,1102400,NaN,NaN,NaN,NaN,NaN,NaN,NaN
1654131600,1.42,1.51,1.42,1.5,1926400,NaN,NaN,NaN,NaN,NaN,NaN,NaN
1654218000,1.5,1.54,1.49,1.5,4035800,NaN,NaN,NaN,NaN,NaN,NaN,NaN
1654563600,1.5,1.57,1.49,1.56,4846500,NaN,NaN,NaN,NaN,NaN,NaN,NaN
1654650000,1.55,1.58,1.53,1.56,3584900,NaN,NaN,NaN,NaN,NaN,NaN,NaN
1654736400,1.56,1.56,1.51,1.51,1520000,NaN,NaN,NaN,NaN,NaN,NaN,NaN
1654822800,1.53,1.56,1.5,1.56,1097900,NaN,NaN,NaN,NaN,NaN,NaN,NaN
1655082000,1.53,1.54,1.48,1.5,2475700,NaN,NaN,NaN,NaN,NaN,NaN,NaN
1655168400,1.48,1.5,1.47,1.47,2999300,NaN,NaN,NaN,NaN,NaN,NaN,NaN
1655254800,1.48,1.49,1.43,1.44,858200,NaN,NaN,NaN,NaN,NaN,NaN,NaN
1655341200,1.45,1.47,1.44,1.44,852000,NaN,NaN,NaN,NaN,NaN,NaN,NaN
1655427600,1.44,1.44,1.4,1.43,417600,NaN,NaN,NaN,NaN,NaN,NaN,NaN
1655686800,1.43,1.43,1.36,1.37,1268900,NaN,NaN,NaN,NaN,NaN,NaN,NaN
1655773200,1.38,1.43,1.38,1.4,1397200,NaN,NaN,NaN,NaN,NaN,NaN,NaN
1655859600,1.41,1.41,1.36,1.36,525800,NaN,NaN,NaN,NaN,NaN,NaN,NaN
1655946000,1.35,1.37,1.29,1.3,1917900,NaN,NaN,NaN,NaN,NaN,NaN,NaN
1656032400,1.3,1.36,1.3,1.35,1381100,NaN,NaN,NaN,NaN,NaN,NaN,NaN
1656291600,1.34,1.38,1.34,1.37,895000,NaN,NaN,NaN,NaN,NaN,NaN,NaN
1656378000,1.39,1.39,1.33,1.35,761200,NaN,NaN,NaN,NaN,NaN,NaN,NaN
1656464400,1.35,1.38,1.34,1.37,1086300,NaN,NaN,NaN,NaN,NaN,NaN,NaN
1656550800,1.38,1.38,1.32,1.32,1524800,1404000000,5731300000,3954100000,121800000,1095500000,1777200000,2.27272727272727
1656637200,1.32,1.33,1.27,1.28,1619700,NaN,NaN,NaN,NaN,NaN,NaN,NaN
1656896400,1.29,1.31,1.28,1.29,267600,NaN,NaN,NaN,NaN,NaN,NaN,NaN
1656982800,1.3,1.33,1.29,1.31,1752200,NaN,NaN,NaN,NaN,NaN,NaN,NaN
1657069200,1.3,1.33,1.28,1.28,1810100,NaN,NaN,NaN,NaN,NaN,NaN,NaN
1657155600,1.28,1.3,1.26,1.28,3117800,NaN,NaN,NaN,NaN,NaN,NaN,NaN
1657242000,1.28,1.31,1.28,1.29,424200,NaN,NaN,NaN,NaN,NaN,NaN,NaN
1657587600,1.29,1.3,1.28,1.28,271700,NaN,NaN,NaN,NaN,NaN,NaN,NaN
1657674000,1.28,1.3,1.28,1.3,144100,NaN,NaN,NaN,NaN,NaN,NaN,NaN
1657760400,1.28,1.33,1.28,1.32,1009100,NaN,NaN,NaN,NaN,NaN,NaN,NaN
1657846800,1.32,1.34,1.31,1.33,1305900,NaN,NaN,NaN,NaN,NaN,NaN,NaN
1658106000,1.34,1.36,1.31,1.36,1434500,NaN,NaN,NaN,NaN,NaN,NaN,NaN
1658192400,1.36,1.37,1.33,1.37,819000,NaN,NaN,NaN,NaN,NaN,NaN,NaN
1658278800,1.38,1.38,1.35,1.36,700800,NaN,NaN,NaN,NaN,NaN,NaN,NaN
1658365200,1.36,1.41,1.36,1.39,1910100,NaN,NaN,NaN,NaN,NaN,NaN,NaN
1658451600,1.41,1.41,1.37,1.39,734800,NaN,NaN,NaN,NaN,NaN,NaN,NaN
1658710800,1.39,1.41,1.37,1.39,630000,NaN,NaN,NaN,NaN,NaN,NaN,NaN
1658797200,1.39,1.41,1.37,1.39,854200,NaN,NaN,NaN,NaN,NaN,NaN,NaN
1658883600,1.4,1.42,1.39,1.42,473700,NaN,NaN,NaN,NaN,NaN,NaN,NaN
1658970000,1.44,1.44,1.41,1.42,1108000,NaN,NaN,NaN,NaN,NaN,NaN,NaN
1659056400,1.41,1.44,1.4,1.43,783100,NaN,NaN,NaN,NaN,NaN,NaN,NaN
1659315600,1.44,1.44,1.41,1.43,147100,NaN,NaN,NaN,NaN,NaN,NaN,NaN
1659402000,1.43,1.44,1.41,1.44,391300,NaN,NaN,NaN,NaN,NaN,NaN,NaN
1659488400,1.43,1.43,1.39,1.4,599600,NaN,NaN,NaN,NaN,NaN,NaN,NaN
1659574800,1.41,1.43,1.4,1.42,303600,NaN,NaN,NaN,NaN,NaN,NaN,NaN
1659661200,1.41,1.45,1.41,1.44,855200,NaN,NaN,NaN,NaN,NaN,NaN,NaN
1659920400,1.43,1.43,1.41,1.43,523500,NaN,NaN,NaN,NaN,NaN,NaN,NaN
1660006800,1.43,1.43,1.41,1.43,165900,NaN,NaN,NaN,NaN,NaN,NaN,NaN
1660093200,1.41,1.41,1.38,1.38,809200,NaN,NaN,NaN,NaN,NaN,NaN,NaN
1660179600,1.39,1.44,1.39,1.43,593100,NaN,NaN,NaN,NaN,NaN,NaN,NaN
1660266000,1.42,1.45,1.41,1.43,328200,NaN,NaN,NaN,NaN,NaN,NaN,NaN
1660525200,1.43,1.46,1.43,1.45,453000,NaN,NaN,NaN,NaN,NaN,NaN,NaN
1660611600,1.46,1.47,1.43,1.45,660500,NaN,NaN,NaN,NaN,NaN,NaN,NaN
1660698000,1.45,1.47,1.45,1.46,216700,NaN,NaN,NaN,NaN,NaN,NaN,NaN
1660784400,1.47,1.47,1.42,1.43,533000,NaN,NaN,NaN,NaN,NaN,NaN,NaN
1660870800,1.43,1.46,1.43,1.46,632300,NaN,NaN,NaN,NaN,NaN,NaN,NaN
1661130000,1.46,1.46,1.44,1.45,29100,NaN,NaN,NaN,NaN,NaN,NaN,NaN
1661216400,1.43,1.47,1.43,1.45,1157200,NaN,NaN,NaN,NaN,NaN,NaN,NaN
1661302800,1.45,1.49,1.42,1.42,1343000,NaN,NaN,NaN,NaN,NaN,NaN,NaN
1661389200,1.43,1.46,1.42,1.45,1405300,NaN,NaN,NaN,NaN,NaN,NaN,NaN
1661475600,1.47,1.48,1.46,1.48,838200,NaN,NaN,NaN,NaN,NaN,NaN,NaN
1661734800,1.46,1.48,1.45,1.47,659700,NaN,NaN,NaN,NaN,NaN,NaN,NaN
1661821200,1.47,1.48,1.47,1.47,426700,NaN,NaN,NaN,NaN,NaN,NaN,NaN
1661994000,1.48,1.48,1.46,1.46,333600,NaN,NaN,NaN,NaN,NaN,NaN,NaN
1662080400,1.46,1.47,1.44,1.44,561700,NaN,NaN,NaN,NaN,NaN,NaN,NaN
1662339600,1.44,1.47,1.44,1.45,186000,NaN,NaN,NaN,NaN,NaN,NaN,NaN
1662426000,1.45,1.47,1.44,1.47,755900,NaN,NaN,NaN,NaN,NaN,NaN,NaN
1662512400,1.47,1.47,1.45,1.45,206800,NaN,NaN,NaN,NaN,NaN,NaN,NaN
1662598800,1.46,1.47,1.45,1.45,352200,NaN,NaN,NaN,NaN,NaN,NaN,NaN
1662685200,1.48,1.48,1.45,1.46,588900,NaN,NaN,NaN,NaN,NaN,NaN,NaN
1662944400,1.46,1.47,1.44,1.45,625300,NaN,NaN,NaN,NaN,NaN,NaN,NaN
1663030800,1.47,1.47,1.43,1.43,492400,NaN,NaN,NaN,NaN,NaN,NaN,NaN
1663117200,1.41,1.45,1.41,1.45,550400,NaN,NaN,NaN,NaN,NaN,NaN,NaN
1663203600,1.45,1.45,1.44,1.44,274400,NaN,NaN,NaN,NaN,NaN,NaN,NaN
1663549200,1.45,1.45,1.41,1.42,263000,NaN,NaN,NaN,NaN,NaN,NaN,NaN
1663635600,1.43,1.43,1.41,1.41,173600,NaN,NaN,NaN,NaN,NaN,NaN,NaN
1663722000,1.42,1.42,1.37,1.37,1118200,NaN,NaN,NaN,NaN,NaN,NaN,NaN
1663808400,1.36,1.4,1.34,1.35,1398900,NaN,NaN,NaN,NaN,NaN,NaN,NaN
1663894800,1.35,1.36,1.34,1.36,588700,NaN,NaN,NaN,NaN,NaN,NaN,NaN
1664154000,1.35,1.4,1.35,1.38,577500,NaN,NaN,NaN,NaN,NaN,NaN,NaN
1664240400,1.38,1.43,1.38,1.42,628500,NaN,NaN,NaN,NaN,NaN,NaN,NaN
1664326800,1.42,1.42,1.37,1.38,661800,NaN,NaN,NaN,NaN,NaN,NaN,NaN
1664413200,1.38,1.38,1.37,1.38,261200,NaN,NaN,NaN,NaN,NaN,NaN,NaN
1664499600,1.38,1.38,1.36,1.37,284700,1404000000,5544100000,3757300000,46600000,982000000,1786800000,2.18978102189781
1664758800,1.37,1.38,1.36,1.38,1198700,NaN,NaN,NaN,NaN,NaN,NaN,NaN
1664845200,1.39,1.4,1.37,1.4,883600,NaN,NaN,NaN,NaN,NaN,NaN,NaN
1664931600,1.4,1.41,1.37,1.38,1402500,NaN,NaN,NaN,NaN,NaN,NaN,NaN
1665018000,1.37,1.38,1.34,1.36,850200,NaN,NaN,NaN,NaN,NaN,NaN,NaN
1665104400,1.36,1.38,1.35,1.37,805100,NaN,NaN,NaN,NaN,NaN,NaN,NaN
1665450000,1.37,1.37,1.34,1.34,732400,NaN,NaN,NaN,NaN,NaN,NaN,NaN
1665536400,1.35,1.38,1.32,1.36,694900,NaN,NaN,NaN,NaN,NaN,NaN,NaN
1665622800,1.36,1.42,1.36,1.42,1244600,NaN,NaN,NaN,NaN,NaN,NaN,NaN
1665709200,1.41,1.42,1.39,1.41,1103000,NaN,NaN,NaN,NaN,NaN,NaN,NaN
1665968400,1.41,1.41,1.38,1.39,624700,NaN,NaN,NaN,NaN,NaN,NaN,NaN
1666054800,1.39,1.42,1.39,1.41,657000,NaN,NaN,NaN,NaN,NaN,NaN,NaN
1666141200,1.41,1.41,1.39,1.4,2835000,NaN,NaN,NaN,NaN,NaN,NaN,NaN
1666227600,1.39,1.41,1.39,1.39,3461800,NaN,NaN,NaN,NaN,NaN,NaN,NaN
1666314000,1.39,1.4,1.38,1.39,59000,NaN,NaN,NaN,NaN,NaN,NaN,NaN
1666659600,1.4,1.4,1.39,1.4,128100,NaN,NaN,NaN,NaN,NaN,NaN,NaN
1666746000,1.39,1.39,1.38,1.38,91600,NaN,NaN,NaN,NaN,NaN,NaN,NaN
1666832400,1.39,1.4,1.38,1.4,328600,NaN,NaN,NaN,NaN,NaN,NaN,NaN
1666918800,1.39,1.4,1.39,1.4,17400,NaN,NaN,NaN,NaN,NaN,NaN,NaN
1667178000,1.4,1.4,1.38,1.38,21100,NaN,NaN,NaN,NaN,NaN,NaN,NaN
1667264400,1.38,1.38,1.36,1.36,342400,NaN,NaN,NaN,NaN,NaN,NaN,NaN
1667350800,1.36,1.36,1.34,1.35,679000,NaN,NaN,NaN,NaN,NaN,NaN,NaN
1667437200,1.35,1.36,1.34,1.34,328100,NaN,NaN,NaN,NaN,NaN,NaN,NaN
1667523600,1.35,1.35,1.32,1.34,1231200,NaN,NaN,NaN,NaN,NaN,NaN,NaN
1667782800,1.34,1.35,1.33,1.35,1159800,NaN,NaN,NaN,NaN,NaN,NaN,NaN
1667869200,1.34,1.34,1.32,1.32,3296100,NaN,NaN,NaN,NaN,NaN,NaN,NaN
1667955600,1.32,1.39,1.32,1.38,1510700,NaN,NaN,NaN,NaN,NaN,NaN,NaN
1668042000,1.37,1.4,1.37,1.38,785400,NaN,NaN,NaN,NaN,NaN,NaN,NaN
1668128400,1.38,1.39,1.37,1.38,1486400,NaN,NaN,NaN,NaN,NaN,NaN,NaN
1668387600,1.38,1.39,1.34,1.38,1568500,NaN,NaN,NaN,NaN,NaN,NaN,NaN
1668474000,1.38,1.39,1.36,1.39,1521200,NaN,NaN,NaN,NaN,NaN,NaN,NaN
1668560400,1.38,1.39,1.37,1.38,984600,NaN,NaN,NaN,NaN,NaN,NaN,NaN
1668646800,1.38,1.38,1.37,1.37,85100,NaN,NaN,NaN,NaN,NaN,NaN,NaN
1668992400,1.37,1.37,1.35,1.37,202000,NaN,NaN,NaN,NaN,NaN,NaN,NaN
1669078800,1.37,1.39,1.35,1.39,408500,NaN,NaN,NaN,NaN,NaN,NaN,NaN
1669165200,1.39,1.39,1.36,1.36,502000,NaN,NaN,NaN,NaN,NaN,NaN,NaN
1669251600,1.37,1.38,1.36,1.37,314100,NaN,NaN,NaN,NaN,NaN,NaN,NaN
1669338000,1.38,1.39,1.38,1.38,1230500,NaN,NaN,NaN,NaN,NaN,NaN,NaN
1669683600,1.38,1.38,1.36,1.36,130600,NaN,NaN,NaN,NaN,NaN,NaN,NaN
1669770000,1.36,1.39,1.36,1.38,636300,NaN,NaN,NaN,NaN,NaN,NaN,NaN
1669856400,1.38,1.41,1.38,1.39,800000,NaN,NaN,NaN,NaN,NaN,NaN,NaN
1669942800,1.39,1.4,1.38,1.38,735400,NaN,NaN,NaN,NaN,NaN,NaN,NaN
1670202000,1.39,1.39,1.38,1.38,581300,NaN,NaN,NaN,NaN,NaN,NaN,NaN
1670288400,1.38,1.4,1.38,1.39,2496800,NaN,NaN,NaN,NaN,NaN,NaN,NaN
1670374800,1.38,1.4,1.38,1.4,458400,NaN,NaN,NaN,NaN,NaN,NaN,NaN
1670461200,1.4,1.4,1.38,1.38,596600,NaN,NaN,NaN,NaN,NaN,NaN,NaN
1670547600,1.39,1.39,1.38,1.38,123300,NaN,NaN,NaN,NaN,NaN,NaN,NaN
1670806800,1.38,1.39,1.38,1.39,796100,NaN,NaN,NaN,NaN,NaN,NaN,NaN
1670893200,1.38,1.38,1.37,1.38,377300,NaN,NaN,NaN,NaN,NaN,NaN,NaN
1670979600,1.38,1.38,1.36,1.36,501300,NaN,NaN,NaN,NaN,NaN,NaN,NaN
1671066000,1.36,1.36,1.35,1.36,257700,NaN,NaN,NaN,NaN,NaN,NaN,NaN
1671152400,1.35,1.38,1.34,1.37,1102000,NaN,NaN,NaN,NaN,NaN,NaN,NaN
1671411600,1.37,1.38,1.37,1.38,189700,NaN,NaN,NaN,NaN,NaN,NaN,NaN
1671498000,1.38,1.4,1.37,1.4,2902700,NaN,NaN,NaN,NaN,NaN,NaN,NaN
1671584400,1.4,1.4,1.37,1.37,619700,NaN,NaN,NaN,NaN,NaN,NaN,NaN
1671670800,1.37,1.38,1.37,1.37,319900,NaN,NaN,NaN,NaN,NaN,NaN,NaN
1671757200,1.37,1.38,1.37,1.37,92800,NaN,NaN,NaN,NaN,NaN,NaN,NaN
1672102800,1.38,1.38,1.36,1.37,116500,NaN,NaN,NaN,NaN,NaN,NaN,NaN
1672189200,1.37,1.37,1.36,1.36,62700,NaN,NaN,NaN,NaN,NaN,NaN,NaN
1672275600,1.37,1.37,1.36,1.37,125600,NaN,NaN,NaN,NaN,NaN,NaN,NaN
1672362000,1.37,1.37,1.37,1.37,48700,1404000000,5722991000,3915963000,96600000,1061800000,1807028000,2.91970802919708
1672707600,1.38,1.39,1.36,1.39,96400,NaN,NaN,NaN,NaN,NaN,NaN,NaN
1672794000,1.38,1.39,1.37,1.37,26500,NaN,NaN,NaN,NaN,NaN,NaN,NaN
1672880400,1.38,1.38,1.36,1.37,200600,NaN,NaN,NaN,NaN,NaN,NaN,NaN
1672966800,1.37,1.38,1.37,1.37,392500,NaN,NaN,NaN,NaN,NaN,NaN,NaN
1673226000,1.38,1.38,1.36,1.36,491600,NaN,NaN,NaN,NaN,NaN,NaN,NaN
1673312400,1.37,1.37,1.35,1.36,934100,NaN,NaN,NaN,NaN,NaN,NaN,NaN
1673398800,1.37,1.37,1.35,1.35,3117700,NaN,NaN,NaN,NaN,NaN,NaN,NaN
1673485200,1.35,1.37,1.35,1.35,1075400,NaN,NaN,NaN,NaN,NaN,NaN,NaN
1673571600,1.36,1.37,1.35,1.36,548900,NaN,NaN,NaN,NaN,NaN,NaN,NaN
1673830800,1.36,1.37,1.35,1.37,1667200,NaN,NaN,NaN,NaN,NaN,NaN,NaN
1673917200,1.37,1.38,1.36,1.38,576500,NaN,NaN,NaN,NaN,NaN,NaN,NaN
1674003600,1.38,1.38,1.34,1.34,1314400,NaN,NaN,NaN,NaN,NaN,NaN,NaN
1674090000,1.35,1.36,1.34,1.35,911100,NaN,NaN,NaN,NaN,NaN,NaN,NaN
1674176400,1.35,1.36,1.34,1.34,489000,NaN,NaN,NaN,NaN,NaN,NaN,NaN
1674608400,1.36,1.38,1.35,1.38,1568200,NaN,NaN,NaN,NaN,NaN,NaN,NaN
1674694800,1.38,1.38,1.34,1.34,2152100,NaN,NaN,NaN,NaN,NaN,NaN,NaN
1674781200,1.35,1.36,1.34,1.35,2249500,NaN,NaN,NaN,NaN,NaN,NaN,NaN
1675040400,1.35,1.36,1.35,1.35,908300,NaN,NaN,NaN,NaN,NaN,NaN,NaN
1675126800,1.35,1.36,1.35,1.35,1690200,NaN,NaN,NaN,NaN,NaN,NaN,NaN
1675299600,1.35,1.37,1.34,1.35,1785600,NaN,NaN,NaN,NaN,NaN,NaN,NaN
1675386000,1.35,1.36,1.35,1.35,589400,NaN,NaN,NaN,NaN,NaN,NaN,NaN
1675731600,1.35,1.36,1.35,1.36,172900,NaN,NaN,NaN,NaN,NaN,NaN,NaN
1675818000,1.35,1.36,1.35,1.35,321200,NaN,NaN,NaN,NaN,NaN,NaN,NaN
1675904400,1.35,1.37,1.35,1.36,668800,NaN,NaN,NaN,NaN,NaN,NaN,NaN
1675990800,1.36,1.39,1.35,1.38,1702900,NaN,NaN,NaN,NaN,NaN,NaN,NaN
1676250000,1.39,1.39,1.37,1.38,676400,NaN,NaN,NaN,NaN,NaN,NaN,NaN
1676336400,1.38,1.4,1.38,1.38,1288700,NaN,NaN,NaN,NaN,NaN,NaN,NaN
1676422800,1.38,1.39,1.38,1.38,583500,NaN,NaN,NaN,NaN,NaN,NaN,NaN
1676509200,1.38,1.39,1.38,1.38,961000,NaN,NaN,NaN,NaN,NaN,NaN,NaN
1676595600,1.38,1.38,1.37,1.38,434900,NaN,NaN,NaN,NaN,NaN,NaN,NaN
1676854800,1.38,1.39,1.36,1.38,1123100,NaN,NaN,NaN,NaN,NaN,NaN,NaN
1676941200,1.38,1.38,1.37,1.37,600900,NaN,NaN,NaN,NaN,NaN,NaN,NaN
1677027600,1.36,1.39,1.36,1.37,472100,NaN,NaN,NaN,NaN,NaN,NaN,NaN
1677114000,1.36,1.38,1.34,1.37,1890000,NaN,NaN,NaN,NaN,NaN,NaN,NaN
1677200400,1.37,1.37,1.35,1.35,162200,NaN,NaN,NaN,NaN,NaN,NaN,NaN
1677459600,1.36,1.37,1.35,1.36,181000,NaN,NaN,NaN,NaN,NaN,NaN,NaN
1677546000,1.36,1.37,1.35,1.36,571600,NaN,NaN,NaN,NaN,NaN,NaN,NaN
1677632400,1.36,1.36,1.35,1.35,425000,NaN,NaN,NaN,NaN,NaN,NaN,NaN
1677718800,1.35,1.35,1.34,1.35,633200,NaN,NaN,NaN,NaN,NaN,NaN,NaN
1677805200,1.35,1.36,1.34,1.34,304800,NaN,NaN,NaN,NaN,NaN,NaN,NaN
1678064400,1.35,1.36,1.34,1.35,435900,NaN,NaN,NaN,NaN,NaN,NaN,NaN
1678150800,1.35,1.35,1.33,1.34,577400,NaN,NaN,NaN,NaN,NaN,NaN,NaN
1678237200,1.34,1.34,1.32,1.33,759700,NaN,NaN,NaN,NaN,NaN,NaN,NaN
1678323600,1.33,1.35,1.33,1.33,537500,NaN,NaN,NaN,NaN,NaN,NaN,NaN
1678410000,1.33,1.35,1.33,1.33,1138300,NaN,NaN,NaN,NaN,NaN,NaN,NaN
1678669200,1.33,1.34,1.32,1.33,178800,NaN,NaN,NaN,NaN,NaN,NaN,NaN
1678755600,1.33,1.33,1.31,1.31,648500,NaN,NaN,NaN,NaN,NaN,NaN,NaN
1678842000,1.32,1.34,1.32,1.34,462600,NaN,NaN,NaN,NaN,NaN,NaN,NaN
1678928400,1.33,1.33,1.3,1.31,852800,NaN,NaN,NaN,NaN,NaN,NaN,NaN
1679014800,1.31,1.33,1.3,1.33,430200,NaN,NaN,NaN,NaN,NaN,NaN,NaN
1679274000,1.33,1.33,1.31,1.31,6000,NaN,NaN,NaN,NaN,NaN,NaN,NaN
1679360400,1.32,1.34,1.31,1.31,164700,NaN,NaN,NaN,NaN,NaN,NaN,NaN
1679446800,1.33,1.33,1.3,1.31,239500,NaN,NaN,NaN,NaN,NaN,NaN,NaN
1679533200,1.3,1.31,1.3,1.3,348200,NaN,NaN,NaN,NaN,NaN,NaN,NaN
1679619600,1.31,1.31,1.3,1.3,456400,NaN,NaN,NaN,NaN,NaN,NaN,NaN
1679878800,1.3,1.31,1.3,1.31,221600,NaN,NaN,NaN,NaN,NaN,NaN,NaN
1679965200,1.31,1.32,1.3,1.31,656200,NaN,NaN,NaN,NaN,NaN,NaN,NaN
1680051600,1.32,1.33,1.32,1.32,191300,NaN,NaN,NaN,NaN,NaN,NaN,NaN
1680138000,1.32,1.33,1.32,1.32,420900,NaN,NaN,NaN,NaN,NaN,NaN,NaN
1680224400,1.32,1.33,1.3,1.3,605300,1404000000,5430600000,3590800000,83600000,1106800000,1839800000,3.07692307692308
1680483600,1.31,1.31,1.29,1.29,367700,NaN,NaN,NaN,NaN,NaN,NaN,NaN
1680570000,1.3,1.3,1.28,1.29,2196200,NaN,NaN,NaN,NaN,NaN,NaN,NaN
1680656400,1.29,1.3,1.27,1.28,1354000,NaN,NaN,NaN,NaN,NaN,NaN,NaN
1680742800,1.28,1.29,1.27,1.28,988300,NaN,NaN,NaN,NaN,NaN,NaN,NaN
1680829200,1.28,1.29,1.28,1.28,1948100,NaN,NaN,NaN,NaN,NaN,NaN,NaN
1681088400,1.29,1.29,1.28,1.28,1065100,NaN,NaN,NaN,NaN,NaN,NaN,NaN
1681174800,1.28,1.28,1.26,1.28,1338400,NaN,NaN,NaN,NaN,NaN,NaN,NaN
1681261200,1.28,1.29,1.28,1.28,711300,NaN,NaN,NaN,NaN,NaN,NaN,NaN
1681347600,1.29,1.29,1.27,1.28,1213300,NaN,NaN,NaN,NaN,NaN,NaN,NaN
1681434000,1.29,1.29,1.21,1.24,5715500,NaN,NaN,NaN,NaN,NaN,NaN,NaN
1681693200,1.24,1.25,1.21,1.22,1171800,NaN,NaN,NaN,NaN,NaN,NaN,NaN
1681779600,1.23,1.26,1.23,1.26,1301700,NaN,NaN,NaN,NaN,NaN,NaN,NaN
1681866000,1.26,1.27,1.25,1.25,427200,NaN,NaN,NaN,NaN,NaN,NaN,NaN
1681952400,1.26,1.26,1.25,1.25,271700,NaN,NaN,NaN,NaN,NaN,NaN,NaN
1682384400,1.26,1.26,1.25,1.26,536900,NaN,NaN,NaN,NaN,NaN,NaN,NaN
1682470800,1.26,1.27,1.25,1.27,339000,NaN,NaN,NaN,NaN,NaN,NaN,NaN
1682557200,1.26,1.27,1.23,1.23,486600,NaN,NaN,NaN,NaN,NaN,NaN,NaN
1682643600,1.23,1.27,1.23,1.27,436400,NaN,NaN,NaN,NaN,NaN,NaN,NaN
1682989200,1.27,1.28,1.26,1.28,389300,NaN,NaN,NaN,NaN,NaN,NaN,NaN
1683075600,1.27,1.28,1.26,1.27,315700,NaN,NaN,NaN,NaN,NaN,NaN,NaN
1683248400,1.28,1.28,1.27,1.27,40300,NaN,NaN,NaN,NaN,NaN,NaN,NaN
1683507600,1.28,1.29,1.26,1.28,823100,NaN,NaN,NaN,NaN,NaN,NaN,NaN
1683594000,1.29,1.3,1.28,1.28,996900,NaN,NaN,NaN,NaN,NaN,NaN,NaN
1683680400,1.29,1.29,1.28,1.28,552900,NaN,NaN,NaN,NaN,NaN,NaN,NaN
1683766800,1.28,1.29,1.27,1.28,1248800,NaN,NaN,NaN,NaN,NaN,NaN,NaN
1683853200,1.28,1.29,1.26,1.26,831300,NaN,NaN,NaN,NaN,NaN,NaN,NaN
1684112400,1.26,1.28,1.26,1.28,209200,NaN,NaN,NaN,NaN,NaN,NaN,NaN
1684198800,1.28,1.29,1.27,1.27,1852300,NaN,NaN,NaN,NaN,NaN,NaN,NaN
1684285200,1.27,1.27,1.25,1.26,401400,NaN,NaN,NaN,NaN,NaN,NaN,NaN
1684371600,1.26,1.27,1.25,1.25,1025700,NaN,NaN,NaN,NaN,NaN,NaN,NaN
1684458000,1.28,1.3,1.28,1.3,830100,NaN,NaN,NaN,NaN,NaN,NaN,NaN
1684717200,1.3,1.34,1.3,1.32,2005800,NaN,NaN,NaN,NaN,NaN,NaN,NaN
1684803600,1.33,1.33,1.32,1.33,335600,NaN,NaN,NaN,NaN,NaN,NaN,NaN
1684890000,1.33,1.34,1.32,1.33,967900,NaN,NaN,NaN,NaN,NaN,NaN,NaN
1684976400,1.34,1.37,1.33,1.35,3271300,NaN,NaN,NaN,NaN,NaN,NaN,NaN
1685062800,1.35,1.36,1.31,1.31,3901200,NaN,NaN,NaN,NaN,NaN,NaN,NaN
1685322000,1.32,1.34,1.32,1.33,674500,NaN,NaN,NaN,NaN,NaN,NaN,NaN
1685408400,1.32,1.32,1.29,1.32,1525800,NaN,NaN,NaN,NaN,NaN,NaN,NaN
1685494800,1.31,1.33,1.29,1.32,2698700,NaN,NaN,NaN,NaN,NaN,NaN,NaN
1685581200,1.32,1.32,1.3,1.3,655100,NaN,NaN,NaN,NaN,NaN,NaN,NaN
1685667600,1.31,1.33,1.29,1.33,1243800,NaN,NaN,NaN,NaN,NaN,NaN,NaN
1686013200,1.33,1.33,1.3,1.32,472000,NaN,NaN,NaN,NaN,NaN,NaN,NaN
1686099600,1.33,1.33,1.3,1.31,303500,NaN,NaN,NaN,NaN,NaN,NaN,NaN
1686186000,1.3,1.31,1.28,1.29,665200,NaN,NaN,NaN,NaN,NaN,NaN,NaN
1686272400,1.29,1.32,1.28,1.3,748000,NaN,NaN,NaN,NaN,NaN,NaN,NaN
1686531600,1.31,1.32,1.27,1.28,827500,NaN,NaN,NaN,NaN,NaN,NaN,NaN
1686618000,1.28,1.32,1.28,1.31,593500,NaN,NaN,NaN,NaN,NaN,NaN,NaN
1686704400,1.31,1.33,1.3,1.32,493600,NaN,NaN,NaN,NaN,NaN,NaN,NaN
1686790800,1.31,1.31,1.29,1.31,431200,NaN,NaN,NaN,NaN,NaN,NaN,NaN
1686877200,1.3,1.33,1.29,1.32,1570900,NaN,NaN,NaN,NaN,NaN,NaN,NaN
1687136400,1.31,1.31,1.3,1.3,260600,NaN,NaN,NaN,NaN,NaN,NaN,NaN
1687222800,1.3,1.32,1.29,1.3,539300,NaN,NaN,NaN,NaN,NaN,NaN,NaN
1687309200,1.32,1.32,1.29,1.3,708300,NaN,NaN,NaN,NaN,NaN,NaN,NaN
1687395600,1.3,1.31,1.28,1.29,792400,NaN,NaN,NaN,NaN,NaN,NaN,NaN
1687482000,1.3,1.3,1.27,1.29,424700,NaN,NaN,NaN,NaN,NaN,NaN,NaN
1687741200,1.29,1.31,1.28,1.3,171200,NaN,NaN,NaN,NaN,NaN,NaN,NaN
1687827600,1.31,1.31,1.3,1.3,240600,NaN,NaN,NaN,NaN,NaN,NaN,NaN
1687914000,1.3,1.31,1.29,1.31,155900,NaN,NaN,NaN,NaN,NaN,NaN,NaN
1688086800,1.3,1.31,1.29,1.31,156300,1404000000,5221900000,3408800000,65900000.00000001,1033000000,1813100000,3.05343511450382
1688346000,1.3,1.3,1.28,1.28,35000,NaN,NaN,NaN,NaN,NaN,NaN,NaN
1688432400,1.29,1.29,1.27,1.28,945300,NaN,NaN,NaN,NaN,NaN,NaN,NaN
1688518800,1.28,1.28,1.28,1.28,47200,NaN,NaN,NaN,NaN,NaN,NaN,NaN
1688605200,1.27,1.28,1.27,1.28,335300,NaN,NaN,NaN,NaN,NaN,NaN,NaN
1688691600,1.27,1.28,1.25,1.27,562400,NaN,NaN,NaN,NaN,NaN,NaN,NaN
1688950800,1.27,1.27,1.26,1.27,169200,NaN,NaN,NaN,NaN,NaN,NaN,NaN
1689037200,1.27,1.27,1.26,1.27,556900,NaN,NaN,NaN,NaN,NaN,NaN,NaN
1689123600,1.27,1.27,1.26,1.26,324600,NaN,NaN,NaN,NaN,NaN,NaN,NaN
1689210000,1.26,1.27,1.24,1.25,2716300,NaN,NaN,NaN,NaN,NaN,NaN,NaN
1689296400,1.25,1.25,1.23,1.24,1072500,NaN,NaN,NaN,NaN,NaN,NaN,NaN
1689555600,1.24,1.25,1.22,1.23,998200,NaN,NaN,NaN,NaN,NaN,NaN,NaN
1689642000,1.23,1.23,1.21,1.22,1103400,NaN,NaN,NaN,NaN,NaN,NaN,NaN
1689814800,1.22,1.24,1.21,1.22,930200,NaN,NaN,NaN,NaN,NaN,NaN,NaN
1689901200,1.22,1.23,1.21,1.21,748000,NaN,NaN,NaN,NaN,NaN,NaN,NaN
1690160400,1.22,1.23,1.21,1.22,1431800,NaN,NaN,NaN,NaN,NaN,NaN,NaN
1690246800,1.22,1.23,1.21,1.21,504200,NaN,NaN,NaN,NaN,NaN,NaN,NaN
1690333200,1.21,1.22,1.2,1.21,1047100,NaN,NaN,NaN,NaN,NaN,NaN,NaN
1690419600,1.22,1.24,1.21,1.22,4370100,NaN,NaN,NaN,NaN,NaN,NaN,NaN
1690506000,1.22,1.24,1.21,1.22,1458000,NaN,NaN,NaN,NaN,NaN,NaN,NaN
1690765200,1.22,1.22,1.21,1.22,597200,NaN,NaN,NaN,NaN,NaN,NaN,NaN
1690851600,1.23,1.23,1.2,1.21,1130300,NaN,NaN,NaN,NaN,NaN,NaN,NaN
1690938000,1.21,1.21,1.17,1.18,3684400,NaN,NaN,NaN,NaN,NaN,NaN,NaN
1691024400,1.18,1.19,1.18,1.18,675900,NaN,NaN,NaN,NaN,NaN,NaN,NaN
1691110800,1.18,1.19,1.17,1.18,1967600,NaN,NaN,NaN,NaN,NaN,NaN,NaN
1691370000,1.18,1.18,1.17,1.17,773800,NaN,NaN,NaN,NaN,NaN,NaN,NaN
1691456400,1.18,1.19,1.17,1.18,1638600,NaN,NaN,NaN,NaN,NaN,NaN,NaN
1691542800,1.18,1.19,1.16,1.17,2359000,NaN,NaN,NaN,NaN,NaN,NaN,NaN
1691629200,1.17,1.17,1.14,1.15,3721900,NaN,NaN,NaN,NaN,NaN,NaN,NaN
1691715600,1.15,1.16,1.13,1.14,4989500,NaN,NaN,NaN,NaN,NaN,NaN,NaN
1691974800,1.15,1.16,1.13,1.14,2657700,NaN,NaN,NaN,NaN,NaN,NaN,NaN
1692061200,1.15,1.15,1.14,1.14,2036700,NaN,NaN,NaN,NaN,NaN,NaN,NaN
1692147600,1.14,1.15,1.13,1.15,2204600,NaN,NaN,NaN,NaN,NaN,NaN,NaN
1692234000,1.15,1.18,1.14,1.16,3478400,NaN,NaN,NaN,NaN,NaN,NaN,NaN
1692320400,1.16,1.17,1.14,1.15,4722100,NaN,NaN,NaN,NaN,NaN,NaN,NaN
1692579600,1.15,1.16,1.14,1.15,1390000,NaN,NaN,NaN,NaN,NaN,NaN,NaN
1692666000,1.15,1.17,1.14,1.17,2074500,NaN,NaN,NaN,NaN,NaN,NaN,NaN
1692752400,1.17,1.17,1.13,1.13,3867500,NaN,NaN,NaN,NaN,NaN,NaN,NaN
1692838800,1.13,1.14,1.1,1.1,4516000,NaN,NaN,NaN,NaN,NaN,NaN,NaN
1692925200,1.1,1.1,1.04,1.07,4570500,NaN,NaN,NaN,NaN,NaN,NaN,NaN
1693184400,1.07,1.07,1.04,1.05,3018300,NaN,NaN,NaN,NaN,NaN,NaN,NaN
1693270800,1.05,1.1,1.04,1.07,2540000,NaN,NaN,NaN,NaN,NaN,NaN,NaN
1693357200,1.08,1.09,1.05,1.06,1792700,NaN,NaN,NaN,NaN,NaN,NaN,NaN
1693530000,1.06,1.07,1.04,1.05,1393000,NaN,NaN,NaN,NaN,NaN,NaN,NaN
1693789200,1.05,1.07,1.04,1.06,2481000,NaN,NaN,NaN,NaN,NaN,NaN,NaN
1693875600,1.06,1.06,1.02,1.03,2049400,NaN,NaN,NaN,NaN,NaN,NaN,NaN
1693962000,1.04,1.04,1.02,1.04,2315300,NaN,NaN,NaN,NaN,NaN,NaN,NaN
1694048400,1.04,1.05,1.03,1.04,1664000,NaN,NaN,NaN,NaN,NaN,NaN,NaN
1694134800,1.05,1.05,1.02,1.03,1566200,NaN,NaN,NaN,NaN,NaN,NaN,NaN
1694394000,1.03,1.04,1.02,1.03,1201400,NaN,NaN,NaN,NaN,NaN,NaN,NaN
1694480400,1.03,1.04,1.03,1.04,587900,NaN,NaN,NaN,NaN,NaN,NaN,NaN
1694566800,1.04,1.05,1.03,1.03,1517500,NaN,NaN,NaN,NaN,NaN,NaN,NaN
1694653200,1.04,1.04,1.02,1.03,1756800,NaN,NaN,NaN,NaN,NaN,NaN,NaN
1694739600,1.03,1.06,1.02,1.04,3174700,NaN,NaN,NaN,NaN,NaN,NaN,NaN
1694998800,1.05,1.1,1.05,1.09,5574000,NaN,NaN,NaN,NaN,NaN,NaN,NaN
1695085200,1.09,1.11,1.06,1.07,4634000,NaN,NaN,NaN,NaN,NaN,NaN,NaN
1695171600,1.07,1.13,1.07,1.13,4719100,NaN,NaN,NaN,NaN,NaN,NaN,NaN
1695258000,1.13,1.13,1.08,1.09,5195300,NaN,NaN,NaN,NaN,NaN,NaN,NaN
1695344400,1.09,1.09,1.07,1.09,4009500,NaN,NaN,NaN,NaN,NaN,NaN,NaN
1695603600,1.1,1.11,1.07,1.09,4022800,NaN,NaN,NaN,NaN,NaN,NaN,NaN
1695690000,1.09,1.13,1.09,1.1,3313900,NaN,NaN,NaN,NaN,NaN,NaN,NaN
1695776400,1.1,1.15,1.1,1.12,7055000,NaN,NaN,NaN,NaN,NaN,NaN,NaN
1695949200,1.12,1.12,1.1,1.1,1570800,1404000000,5306400000,3475200000,36800000,955900000,1831200000,3.63636363636364
1696208400,1.1,1.11,1.09,1.1,874600,NaN,NaN,NaN,NaN,NaN,NaN,NaN
1696294800,1.1,1.11,1.08,1.11,1915000,NaN,NaN,NaN,NaN,NaN,NaN,NaN
1696381200,1.1,1.11,1.09,1.1,1324900,NaN,NaN,NaN,NaN,NaN,NaN,NaN
1696467600,1.11,1.12,1.1,1.12,336600,NaN,NaN,NaN,NaN,NaN,NaN,NaN
1696554000,1.12,1.13,1.11,1.11,1473300,NaN,NaN,NaN,NaN,NaN,NaN,NaN
1696813200,1.11,1.12,1.11,1.11,336500,NaN,NaN,NaN,NaN,NaN,NaN,NaN
1696899600,1.12,1.12,1.1,1.12,285600,NaN,NaN,NaN,NaN,NaN,NaN,NaN
1696986000,1.12,1.12,1.1,1.11,221200,NaN,NaN,NaN,NaN,NaN,NaN,NaN
1697072400,1.11,1.11,1.09,1.1,702300,NaN,NaN,NaN,NaN,NaN,NaN,NaN
1697158800,1.1,1.11,1.09,1.09,524400,NaN,NaN,NaN,NaN,NaN,NaN,NaN
1697418000,1.09,1.1,1.08,1.09,1159600,NaN,NaN,NaN,NaN,NaN,NaN,NaN
1697504400,1.09,1.12,1.09,1.11,712200,NaN,NaN,NaN,NaN,NaN,NaN,NaN
1697590800,1.11,1.11,1.09,1.1,491400,NaN,NaN,NaN,NaN,NaN,NaN,NaN
1697677200,1.1,1.1,1.09,1.09,776500,NaN,NaN,NaN,NaN,NaN,NaN,NaN
1697763600,1.09,1.1,1.09,1.09,127500,NaN,NaN,NaN,NaN,NaN,NaN,NaN
1698022800,1.09,1.1,1.08,1.1,1143900,NaN,NaN,NaN,NaN,NaN,NaN,NaN
1698109200,1.09,1.1,1.08,1.09,953500,NaN,NaN,NaN,NaN,NaN,NaN,NaN
1698195600,1.09,1.1,1.09,1.09,898100,NaN,NaN,NaN,NaN,NaN,NaN,NaN
1698282000,1.09,1.1,1.09,1.09,370500,NaN,NaN,NaN,NaN,NaN,NaN,NaN
1698368400,1.1,1.11,1.09,1.09,361000,NaN,NaN,NaN,NaN,NaN,NaN,NaN
1698627600,1.09,1.1,1.09,1.1,844500,NaN,NaN,NaN,NaN,NaN,NaN,NaN
1698714000,1.1,1.1,1.07,1.08,3140700,NaN,NaN,NaN,NaN,NaN,NaN,NaN
1698800400,1.08,1.1,1.08,1.1,279900,NaN,NaN,NaN,NaN,NaN,NaN,NaN
1698886800,1.1,1.1,1.07,1.09,1593800,NaN,NaN,NaN,NaN,NaN,NaN,NaN
1698973200,1.09,1.11,1.09,1.1,322800,NaN,NaN,NaN,NaN,NaN,NaN,NaN
1699232400,1.11,1.12,1.1,1.1,1106500,NaN,NaN,NaN,NaN,NaN,NaN,NaN
1699318800,1.1,1.1,1.1,1.1,107100,NaN,NaN,NaN,NaN,NaN,NaN,NaN
1699405200,1.1,1.11,1.09,1.1,458200,NaN,NaN,NaN,NaN,NaN,NaN,NaN
1699491600,1.1,1.12,1.1,1.11,340800,NaN,NaN,NaN,NaN,NaN,NaN,NaN
1699578000,1.11,1.12,1.09,1.11,437000,NaN,NaN,NaN,NaN,NaN,NaN,NaN
1699923600,1.11,1.11,1.1,1.11,117800,NaN,NaN,NaN,NaN,NaN,NaN,NaN
1700010000,1.11,1.12,1.11,1.12,246700,NaN,NaN,NaN,NaN,NaN,NaN,NaN
1700096400,1.12,1.12,1.1,1.1,375200,NaN,NaN,NaN,NaN,NaN,NaN,NaN
1700182800,1.11,1.11,1.1,1.11,684900,NaN,NaN,NaN,NaN,NaN,NaN,NaN
1700442000,1.11,1.11,1.1,1.1,202900,NaN,NaN,NaN,NaN,NaN,NaN,NaN
1700528400,1.11,1.11,1.1,1.11,298900,NaN,NaN,NaN,NaN,NaN,NaN,NaN
1700614800,1.11,1.11,1.09,1.09,463500,NaN,NaN,NaN,NaN,NaN,NaN,NaN
1700701200,1.1,1.1,1.09,1.09,407600,NaN,NaN,NaN,NaN,NaN,NaN,NaN
1700787600,1.1,1.1,1.09,1.1,120600,NaN,NaN,NaN,NaN,NaN,NaN,NaN
1701046800,1.09,1.09,1.06,1.08,2376500,NaN,NaN,NaN,NaN,NaN,NaN,NaN
1701133200,1.08,1.09,1.06,1.09,3040500,NaN,NaN,NaN,NaN,NaN,NaN,NaN
1701219600,1.1,1.11,1.09,1.1,1940200,NaN,NaN,NaN,NaN,NaN,NaN,NaN
1701306000,1.1,1.11,1.09,1.11,1777500,NaN,NaN,NaN,NaN,NaN,NaN,NaN
1701392400,1.11,1.11,1.09,1.09,354500,NaN,NaN,NaN,NaN,NaN,NaN,NaN
1701651600,1.1,1.12,1.09,1.12,1198300,NaN,NaN,NaN,NaN,NaN,NaN,NaN
1701738000,1.12,1.14,1.11,1.13,2366300,NaN,NaN,NaN,NaN,NaN,NaN,NaN
1701824400,1.14,1.17,1.14,1.17,3358600,NaN,NaN,NaN,NaN,NaN,NaN,NaN
1701910800,1.17,1.19,1.16,1.18,1681400,NaN,NaN,NaN,NaN,NaN,NaN,NaN
1701997200,1.18,1.18,1.15,1.15,666500,NaN,NaN,NaN,NaN,NaN,NaN,NaN
1702256400,1.16,1.17,1.13,1.14,1008900,NaN,NaN,NaN,NaN,NaN,NaN,NaN
1702342800,1.15,1.18,1.12,1.13,3153400,NaN,NaN,NaN,NaN,NaN,NaN,NaN
1702429200,1.13,1.17,1.12,1.17,1212000,NaN,NaN,NaN,NaN,NaN,NaN,NaN
1702515600,1.16,1.2,1.16,1.19,1711100,NaN,NaN,NaN,NaN,NaN,NaN,NaN
1702602000,1.19,1.19,1.17,1.17,645900,NaN,NaN,NaN,NaN,NaN,NaN,NaN
1702861200,1.17,1.17,1.14,1.15,903700,NaN,NaN,NaN,NaN,NaN,NaN,NaN
1702947600,1.15,1.15,1.13,1.14,258200,NaN,NaN,NaN,NaN,NaN,NaN,NaN
1703034000,1.14,1.15,1.13,1.14,391600,NaN,NaN,NaN,NaN,NaN,NaN,NaN
1703120400,1.14,1.15,1.12,1.12,1419900,NaN,NaN,NaN,NaN,NaN,NaN,NaN
1703206800,1.12,1.13,1.09,1.1,2128000,NaN,NaN,NaN,NaN,NaN,NaN,NaN
1703552400,1.1,1.11,1.09,1.1,573000,NaN,NaN,NaN,NaN,NaN,NaN,NaN
1703638800,1.09,1.1,1.09,1.1,994600,NaN,NaN,NaN,NaN,NaN,NaN,NaN
1703725200,1.1,1.11,1.08,1.09,2295000,NaN,NaN,NaN,NaN,NaN,NaN,NaN
1703811600,1.1,1.1,1.09,1.09,850200,1404000000,5486487000,3627475000,99300000,1033300000,1859012000,3.6697247706422
1704157200,1.1,1.1,1.09,1.1,110100,NaN,NaN,NaN,NaN,NaN,NaN,NaN
1704243600,1.1,1.1,1.09,1.1,1025700,NaN,NaN,NaN,NaN,NaN,NaN,NaN
1704330000,1.11,1.12,1.1,1.12,873800,NaN,NaN,NaN,NaN,NaN,NaN,NaN
1704416400,1.12,1.13,1.11,1.12,444100,NaN,NaN,NaN,NaN,NaN,NaN,NaN
1704675600,1.12,1.13,1.11,1.12,713800,NaN,NaN,NaN,NaN,NaN,NaN,NaN
1704762000,1.13,1.15,1.12,1.13,1265300,NaN,NaN,NaN,NaN,NaN,NaN,NaN
1704848400,1.13,1.13,1.11,1.13,530300,NaN,NaN,NaN,NaN,NaN,NaN,NaN
1704934800,1.12,1.13,1.12,1.13,511300,NaN,NaN,NaN,NaN,NaN,NaN,NaN
1705021200,1.13,1.14,1.11,1.12,806500,NaN,NaN,NaN,NaN,NaN,NaN,NaN
1705280400,1.13,1.15,1.12,1.13,590500,NaN,NaN,NaN,NaN,NaN,NaN,NaN
1705366800,1.14,1.19,1.14,1.15,3900700,NaN,NaN,NaN,NaN,NaN,NaN,NaN
1705453200,1.15,1.16,1.13,1.15,1057200,NaN,NaN,NaN,NaN,NaN,NaN,NaN
1705539600,1.15,1.15,1.12,1.13,745900,NaN,NaN,NaN,NaN,NaN,NaN,NaN
1705626000,1.12,1.14,1.12,1.13,883300,NaN,NaN,NaN,NaN,NaN,NaN,NaN
1705885200,1.13,1.14,1.12,1.12,517500,NaN,NaN,NaN,NaN,NaN,NaN,NaN
1705971600,1.13,1.13,1.12,1.12,853300,NaN,NaN,NaN,NaN,NaN,NaN,NaN
1706058000,1.13,1.13,1.11,1.13,1604200,NaN,NaN,NaN,NaN,NaN,NaN,NaN
1706230800,1.13,1.14,1.12,1.13,458400,NaN,NaN,NaN,NaN,NaN,NaN,NaN
1706490000,1.13,1.15,1.12,1.13,740200,NaN,NaN,NaN,NaN,NaN,NaN,NaN
1706576400,1.14,1.14,1.13,1.14,342900,NaN,NaN,NaN,NaN,NaN,NaN,NaN
1706662800,1.14,1.14,1.12,1.13,298300,NaN,NaN,NaN,NaN,NaN,NaN,NaN
1706835600,1.13,1.14,1.12,1.14,430600,NaN,NaN,NaN,NaN,NaN,NaN,NaN
1707094800,1.15,1.15,1.12,1.12,1359800,NaN,NaN,NaN,NaN,NaN,NaN,NaN
1707181200,1.12,1.13,1.11,1.12,157700,NaN,NaN,NaN,NaN,NaN,NaN,NaN
1707267600,1.12,1.13,1.11,1.12,375000,NaN,NaN,NaN,NaN,NaN,NaN,NaN
1707354000,1.11,1.13,1.09,1.1,1989800,NaN,NaN,NaN,NaN,NaN,NaN,NaN
1707440400,1.11,1.12,1.1,1.11,277600,NaN,NaN,NaN,NaN,NaN,NaN,NaN
1707786000,1.12,1.13,1.1,1.11,1090000,NaN,NaN,NaN,NaN,NaN,NaN,NaN
1707872400,1.12,1.12,1.1,1.11,630100,NaN,NaN,NaN,NaN,NaN,NaN,NaN
1707958800,1.12,1.14,1.11,1.12,1026600,NaN,NaN,NaN,NaN,NaN,NaN,NaN
1708045200,1.13,1.13,1.11,1.12,1441600,NaN,NaN,NaN,NaN,NaN,NaN,NaN
1708304400,1.12,1.13,1.12,1.12,155100,NaN,NaN,NaN,NaN,NaN,NaN,NaN
1708390800,1.13,1.13,1.11,1.12,273100,NaN,NaN,NaN,NaN,NaN,NaN,NaN
1708477200,1.12,1.13,1.12,1.12,291500,NaN,NaN,NaN,NaN,NaN,NaN,NaN
1708563600,1.12,1.14,1.12,1.13,408000,NaN,NaN,NaN,NaN,NaN,NaN,NaN
1708650000,1.13,1.13,1.11,1.11,1795200,NaN,NaN,NaN,NaN,NaN,NaN,NaN
1708909200,1.16,1.17,1.14,1.14,5163100,NaN,NaN,NaN,NaN,NaN,NaN,NaN
1708995600,1.14,1.15,1.12,1.13,3370700,NaN,NaN,NaN,NaN,NaN,NaN,NaN
1709082000,1.13,1.13,1.12,1.12,277100,NaN,NaN,NaN,NaN,NaN,NaN,NaN
1709168400,1.13,1.14,1.12,1.13,1061300,NaN,NaN,NaN,NaN,NaN,NaN,NaN
1709254800,1.14,1.14,1.12,1.13,165300,NaN,NaN,NaN,NaN,NaN,NaN,NaN
1709514000,1.13,1.14,1.12,1.12,497900,NaN,NaN,NaN,NaN,NaN,NaN,NaN
1709600400,1.12,1.13,1.12,1.13,304600,NaN,NaN,NaN,NaN,NaN,NaN,NaN
1709686800,1.13,1.13,1.12,1.13,899100,NaN,NaN,NaN,NaN,NaN,NaN,NaN
1709773200,1.13,1.13,1.1,1.12,2886900,NaN,NaN,NaN,NaN,NaN,NaN,NaN
1709859600,1.12,1.12,1.1,1.11,1249800,NaN,NaN,NaN,NaN,NaN,NaN,NaN
1710118800,1.12,1.12,1.1,1.11,407000,NaN,NaN,NaN,NaN,NaN,NaN,NaN
1710205200,1.11,1.12,1.1,1.12,507400,NaN,NaN,NaN,NaN,NaN,NaN,NaN
1710291600,1.12,1.13,1.11,1.13,962900,NaN,NaN,NaN,NaN,NaN,NaN,NaN
1710378000,1.14,1.14,1.12,1.13,234300,NaN,NaN,NaN,NaN,NaN,NaN,NaN
1710464400,1.13,1.14,1.11,1.13,835700,NaN,NaN,NaN,NaN,NaN,NaN,NaN
1710723600,1.13,1.13,1.11,1.12,970800,NaN,NaN,NaN,NaN,NaN,NaN,NaN
1710810000,1.12,1.12,1.11,1.12,370300,NaN,NaN,NaN,NaN,NaN,NaN,NaN
1710896400,1.12,1.12,1.11,1.12,1455100,NaN,NaN,NaN,NaN,NaN,NaN,NaN
1710982800,1.12,1.12,1.09,1.09,4080900,NaN,NaN,NaN,NaN,NaN,NaN,NaN
1711069200,1.1,1.11,1.09,1.1,964200,NaN,NaN,NaN,NaN,NaN,NaN,NaN
1711328400,1.1,1.1,1.09,1.1,613800,NaN,NaN,NaN,NaN,NaN,NaN,NaN
1711414800,1.1,1.11,1.09,1.11,871400,NaN,NaN,NaN,NaN,NaN,NaN,NaN
1711501200,1.11,1.11,1.09,1.1,982100,NaN,NaN,NaN,NaN,NaN,NaN,NaN
1711674000,1.1,1.11,1.09,1.09,550300,1404000000,5377900000,3455000000,117200000,1167400000,1922900000,3.6697247706422
1711933200,1.1,1.11,1.1,1.1,561000,NaN,NaN,NaN,NaN,NaN,NaN,NaN
1712019600,1.1,1.11,1.09,1.09,2161200,NaN,NaN,NaN,NaN,NaN,NaN,NaN
1712106000,1.1,1.11,1.09,1.1,2384900,NaN,NaN,NaN,NaN,NaN,NaN,NaN
1712192400,1.1,1.11,1.09,1.1,2895000,NaN,NaN,NaN,NaN,NaN,NaN,NaN
1712278800,1.1,1.12,1.1,1.12,472000,NaN,NaN,NaN,NaN,NaN,NaN,NaN
1712538000,1.11,1.13,1.11,1.13,708300,NaN,NaN,NaN,NaN,NaN,NaN,NaN
1712624400,1.13,1.13,1.12,1.12,249700,NaN,NaN,NaN,NaN,NaN,NaN,NaN
1712883600,1.12,1.13,1.11,1.13,914900,NaN,NaN,NaN,NaN,NaN,NaN,NaN
1713142800,1.12,1.13,1.11,1.11,589900,NaN,NaN,NaN,NaN,NaN,NaN,NaN
1713229200,1.11,1.11,1.09,1.1,1155800,NaN,NaN,NaN,NaN,NaN,NaN,NaN
1713315600,1.1,1.11,1.09,1.09,991400,NaN,NaN,NaN,NaN,NaN,NaN,NaN
1713402000,1.09,1.11,1.09,1.1,460800,NaN,NaN,NaN,NaN,NaN,NaN,NaN
1713488400,1.1,1.11,1.08,1.09,2348100,NaN,NaN,NaN,NaN,NaN,NaN,NaN
1713747600,1.1,1.1,1.07,1.09,1887700,NaN,NaN,NaN,NaN,NaN,NaN,NaN
1713834000,1.09,1.09,1.08,1.09,613000,NaN,NaN,NaN,NaN,NaN,NaN,NaN
1713920400,1.1,1.13,1.09,1.13,2566400,NaN,NaN,NaN,NaN,NaN,NaN,NaN
1714006800,1.13,1.14,1.1,1.11,1431000,NaN,NaN,NaN,NaN,NaN,NaN,NaN
1714093200,1.11,1.13,1.1,1.12,957200,NaN,NaN,NaN,NaN,NaN,NaN,NaN
1714352400,1.12,1.13,1.1,1.11,1224600,NaN,NaN,NaN,NaN,NaN,NaN,NaN
1714438800,1.1,1.12,1.1,1.11,305500,NaN,NaN,NaN,NaN,NaN,NaN,NaN
1714611600,1.11,1.11,1.09,1.11,2690600,NaN,NaN,NaN,NaN,NaN,NaN,NaN
1714698000,1.1,1.14,1.1,1.13,3119600,NaN,NaN,NaN,NaN,NaN,NaN,NaN
1714957200,1.13,1.14,1.12,1.13,781800,NaN,NaN,NaN,NaN,NaN,NaN,NaN
1715043600,1.13,1.15,1.13,1.15,5678400,NaN,NaN,NaN,NaN,NaN,NaN,NaN
1715130000,1.15,1.16,1.14,1.15,1516800,NaN,NaN,NaN,NaN,NaN,NaN,NaN
1715216400,1.15,1.22,1.15,1.19,9065200,NaN,NaN,NaN,NaN,NaN,NaN,NaN
1715302800,1.2,1.21,1.2,1.21,1978100,NaN,NaN,NaN,NaN,NaN,NaN,NaN
1715562000,1.22,1.23,1.21,1.22,1042500,NaN,NaN,NaN,NaN,NaN,NaN,NaN
1715648400,1.22,1.22,1.2,1.21,708900,NaN,NaN,NaN,NaN,NaN,NaN,NaN
1715734800,1.2,1.21,1.2,1.2,695800,NaN,NaN,NaN,NaN,NaN,NaN,NaN
1715821200,1.31,1.41,1.28,1.34,40608100,NaN,NaN,NaN,NaN,NaN,NaN,NaN
1715907600,1.35,1.47,1.35,1.4,38746600,NaN,NaN,NaN,NaN,NaN,NaN,NaN
1716166800,1.41,1.46,1.39,1.4,13917500,NaN,NaN,NaN,NaN,NaN,NaN,NaN
1716253200,1.39,1.4,1.36,1.39,4053200,NaN,NaN,NaN,NaN,NaN,NaN,NaN
1716426000,1.39,1.44,1.38,1.43,9565500,NaN,NaN,NaN,NaN,NaN,NaN,NaN
1716512400,1.42,1.44,1.39,1.43,9084000,NaN,NaN,NaN,NaN,NaN,NaN,NaN
1716771600,1.42,1.48,1.41,1.46,6198500,NaN,NaN,NaN,NaN,NaN,NaN,NaN
1716858000,1.47,1.48,1.43,1.46,7959300,NaN,NaN,NaN,NaN,NaN,NaN,NaN
1716944400,1.46,1.46,1.43,1.44,1739300,NaN,NaN,NaN,NaN,NaN,NaN,NaN
1717030800,1.44,1.44,1.4,1.43,1707800,NaN,NaN,NaN,NaN,NaN,NaN,NaN
1717117200,1.43,1.44,1.41,1.41,1299200,NaN,NaN,NaN,NaN,NaN,NaN,NaN
1717462800,1.42,1.46,1.42,1.43,3391300,NaN,NaN,NaN,NaN,NaN,NaN,NaN
1717549200,1.4,1.42,1.37,1.41,2275000,NaN,NaN,NaN,NaN,NaN,NaN,NaN
1717635600,1.42,1.45,1.4,1.45,5871700,NaN,NaN,NaN,NaN,NaN,NaN,NaN
1717722000,1.45,1.47,1.43,1.45,3913300,NaN,NaN,NaN,NaN,NaN,NaN,NaN
1717981200,1.44,1.49,1.42,1.48,3587500,NaN,NaN,NaN,NaN,NaN,NaN,NaN
1718067600,1.48,1.5,1.45,1.48,9004800,NaN,NaN,NaN,NaN,NaN,NaN,NaN
1718154000,1.48,1.48,1.43,1.44,2511800,NaN,NaN,NaN,NaN,NaN,NaN,NaN
1718240400,1.44,1.45,1.42,1.42,2423100,NaN,NaN,NaN,NaN,NaN,NaN,NaN
1718326800,1.42,1.45,1.4,1.42,2144500,NaN,NaN,NaN,NaN,NaN,NaN,NaN
1718672400,1.41,1.43,1.39,1.42,2543000,NaN,NaN,NaN,NaN,NaN,NaN,NaN
1718758800,1.42,1.43,1.37,1.38,3646700,NaN,NaN,NaN,NaN,NaN,NaN,NaN
1718845200,1.38,1.39,1.33,1.36,4957500,NaN,NaN,NaN,NaN,NaN,NaN,NaN
1718931600,1.36,1.41,1.35,1.36,4801900,NaN,NaN,NaN,NaN,NaN,NaN,NaN
1719190800,1.36,1.42,1.36,1.39,6500700,NaN,NaN,NaN,NaN,NaN,NaN,NaN
1719277200,1.39,1.41,1.38,1.4,2314400,NaN,NaN,NaN,NaN,NaN,NaN,NaN
1719363600,1.4,1.42,1.38,1.39,3345600,NaN,NaN,NaN,NaN,NaN,NaN,NaN
1719450000,1.4,1.4,1.35,1.37,2109300,NaN,NaN,NaN,NaN,NaN,NaN,NaN
1719536400,1.36,1.4,1.36,1.39,705000,1404000000,5155700000,3250100000,67000000,1020900000,1905600000,2.87769784172662
1719795600,1.39,1.4,1.36,1.39,1278900,NaN,NaN,NaN,NaN,NaN,NaN,NaN
1719882000,1.4,1.42,1.36,1.38,4238100,NaN,NaN,NaN,NaN,NaN,NaN,NaN
1719968400,1.38,1.41,1.37,1.39,2079000,NaN,NaN,NaN,NaN,NaN,NaN,NaN
1720054800,1.4,1.4,1.38,1.4,1777700,NaN,NaN,NaN,NaN,NaN,NaN,NaN
1720141200,1.4,1.42,1.38,1.39,3522000,NaN,NaN,NaN,NaN,NaN,NaN,NaN
1720486800,1.39,1.4,1.39,1.39,1367200,NaN,NaN,NaN,NaN,NaN,NaN,NaN
1720573200,1.4,1.42,1.37,1.39,3531100,NaN,NaN,NaN,NaN,NaN,NaN,NaN
1720659600,1.39,1.41,1.38,1.4,1963300,NaN,NaN,NaN,NaN,NaN,NaN,NaN
1720746000,1.39,1.4,1.36,1.37,2418700,NaN,NaN,NaN,NaN,NaN,NaN,NaN
1721005200,1.37,1.39,1.34,1.36,6251900,NaN,NaN,NaN,NaN,NaN,NaN,NaN
1721091600,1.36,1.37,1.33,1.35,8541000,NaN,NaN,NaN,NaN,NaN,NaN,NaN
1721178000,1.35,1.38,1.34,1.37,4940600,NaN,NaN,NaN,NaN,NaN,NaN,NaN
1721264400,1.37,1.38,1.35,1.35,1779300,NaN,NaN,NaN,NaN,NaN,NaN,NaN
1721350800,1.35,1.37,1.35,1.36,2959300,NaN,NaN,NaN,NaN,NaN,NaN,NaN
1721610000,1.36,1.38,1.34,1.34,3702900,NaN,NaN,NaN,NaN,NaN,NaN,NaN
1721696400,1.34,1.37,1.34,1.36,2573900,NaN,NaN,NaN,NaN,NaN,NaN,NaN
1721782800,1.36,1.38,1.35,1.38,1813800,NaN,NaN,NaN,NaN,NaN,NaN,NaN
1721869200,1.36,1.38,1.35,1.36,4169600,NaN,NaN,NaN,NaN,NaN,NaN,NaN
1721955600,1.35,1.38,1.35,1.37,1527600,NaN,NaN,NaN,NaN,NaN,NaN,NaN
1722214800,1.38,1.38,1.34,1.37,1294900,NaN,NaN,NaN,NaN,NaN,NaN,NaN
1722301200,1.38,1.45,1.38,1.43,10244800,NaN,NaN,NaN,NaN,NaN,NaN,NaN
1722387600,1.43,1.48,1.38,1.41,7627000,NaN,NaN,NaN,NaN,NaN,NaN,NaN
1722474000,1.41,1.48,1.4,1.48,9477300,NaN,NaN,NaN,NaN,NaN,NaN,NaN
1722560400,1.47,1.47,1.41,1.44,4883300,NaN,NaN,NaN,NaN,NaN,NaN,NaN
1722819600,1.38,1.38,1.24,1.29,10294200,NaN,NaN,NaN,NaN,NaN,NaN,NaN
1722906000,1.32,1.36,1.25,1.36,5926900,NaN,NaN,NaN,NaN,NaN,NaN,NaN
1722992400,1.36,1.42,1.33,1.39,3687200,NaN,NaN,NaN,NaN,NaN,NaN,NaN
1723078800,1.4,1.43,1.38,1.42,3937200,NaN,NaN,NaN,NaN,NaN,NaN,NaN
1723165200,1.42,1.48,1.42,1.43,7296000,NaN,NaN,NaN,NaN,NaN,NaN,NaN
1723424400,1.43,1.45,1.42,1.44,3908100,NaN,NaN,NaN,NaN,NaN,NaN,NaN
1723510800,1.43,1.43,1.39,1.43,2718800,NaN,NaN,NaN,NaN,NaN,NaN,NaN
1723597200,1.44,1.45,1.42,1.42,711600,NaN,NaN,NaN,NaN,NaN,NaN,NaN
1723683600,1.42,1.43,1.38,1.41,2584000,NaN,NaN,NaN,NaN,NaN,NaN,NaN
1723770000,1.42,1.44,1.41,1.41,1126900,NaN,NaN,NaN,NaN,NaN,NaN,NaN
1724029200,1.41,1.47,1.41,1.45,1682100,NaN,NaN,NaN,NaN,NaN,NaN,NaN
1724115600,1.46,1.54,1.46,1.49,10659200,NaN,NaN,NaN,NaN,NaN,NaN,NaN
1724202000,1.5,1.52,1.48,1.52,2785700,NaN,NaN,NaN,NaN,NaN,NaN,NaN
1724288400,1.52,1.54,1.48,1.5,4497100,NaN,NaN,NaN,NaN,NaN,NaN,NaN
1724374800,1.51,1.51,1.43,1.46,3448800,NaN,NaN,NaN,NaN,NaN,NaN,NaN
1724634000,1.5,1.54,1.48,1.5,7003900,NaN,NaN,NaN,NaN,NaN,NaN,NaN
1724720400,1.51,1.51,1.46,1.48,5674200,NaN,NaN,NaN,NaN,NaN,NaN,NaN
1724806800,1.48,1.55,1.48,1.54,6267300,NaN,NaN,NaN,NaN,NaN,NaN,NaN
1724893200,1.54,1.54,1.47,1.5,4847600,NaN,NaN,NaN,NaN,NaN,NaN,NaN
1724979600,1.46,1.47,1.42,1.44,7828500,NaN,NaN,NaN,NaN,NaN,NaN,NaN
1725238800,1.44,1.46,1.41,1.44,3328100,NaN,NaN,NaN,NaN,NaN,NaN,NaN
1725325200,1.45,1.49,1.42,1.47,4631800,NaN,NaN,NaN,NaN,NaN,NaN,NaN
1725411600,1.46,1.49,1.45,1.45,1364700,NaN,NaN,NaN,NaN,NaN,NaN,NaN
1725498000,1.46,1.46,1.4,1.43,1672000,NaN,NaN,NaN,NaN,NaN,NaN,NaN
1725584400,1.42,1.42,1.37,1.38,4275800,NaN,NaN,NaN,NaN,NaN,NaN,NaN
1725843600,1.37,1.43,1.37,1.42,1745000,NaN,NaN,NaN,NaN,NaN,NaN,NaN
1725930000,1.44,1.45,1.39,1.41,1942800,NaN,NaN,NaN,NaN,NaN,NaN,NaN
1726016400,1.41,1.41,1.38,1.4,1842000,NaN,NaN,NaN,NaN,NaN,NaN,NaN
1726102800,1.42,1.43,1.4,1.42,889700,NaN,NaN,NaN,NaN,NaN,NaN,NaN
1726189200,1.41,1.45,1.41,1.43,905100,NaN,NaN,NaN,NaN,NaN,NaN,NaN
1726534800,1.44,1.45,1.42,1.44,1014400,NaN,NaN,NaN,NaN,NaN,NaN,NaN
1726621200,1.44,1.47,1.43,1.46,1130600,NaN,NaN,NaN,NaN,NaN,NaN,NaN
1726707600,1.47,1.5,1.46,1.48,1538300,NaN,NaN,NaN,NaN,NaN,NaN,NaN
1726794000,1.49,1.49,1.47,1.49,875800,NaN,NaN,NaN,NaN,NaN,NaN,NaN
1727053200,1.48,1.5,1.46,1.49,1503700,NaN,NaN,NaN,NaN,NaN,NaN,NaN
1727139600,1.5,1.59,1.48,1.57,5630600,NaN,NaN,NaN,NaN,NaN,NaN,NaN
1727226000,1.58,1.61,1.52,1.55,5977800,NaN,NaN,NaN,NaN,NaN,NaN,NaN
1727312400,1.55,1.57,1.52,1.54,2477100,NaN,NaN,NaN,NaN,NaN,NaN,NaN
1727398800,1.54,1.57,1.49,1.5,3661800,NaN,NaN,NaN,NaN,NaN,NaN,NaN
1727658000,1.5,1.54,1.5,1.52,1215500,1404000000,5328000000,3408100000,49000000,1003000000,1919900000,2.63157894736842
1727744400,1.52,1.54,1.5,1.52,1956200,NaN,NaN,NaN,NaN,NaN,NaN,NaN
1727830800,1.49,1.49,1.45,1.47,3829600,NaN,NaN,NaN,NaN,NaN,NaN,NaN
1727917200,1.48,1.51,1.47,1.5,1804700,NaN,NaN,NaN,NaN,NaN,NaN,NaN
1728003600,1.5,1.52,1.49,1.5,2018100,NaN,NaN,NaN,NaN,NaN,NaN,NaN
1728262800,1.5,1.51,1.45,1.46,1518700,NaN,NaN,NaN,NaN,NaN,NaN,NaN
1728349200,1.46,1.46,1.43,1.45,2251400,NaN,NaN,NaN,NaN,NaN,NaN,NaN
1728435600,1.45,1.47,1.43,1.43,1295700,NaN,NaN,NaN,NaN,NaN,NaN,NaN
1728522000,1.44,1.48,1.44,1.46,1375600,NaN,NaN,NaN,NaN,NaN,NaN,NaN
1728608400,1.46,1.46,1.4,1.4,2784900,NaN,NaN,NaN,NaN,NaN,NaN,NaN
1728867600,1.4,1.44,1.37,1.43,4207900,NaN,NaN,NaN,NaN,NaN,NaN,NaN
1728954000,1.43,1.44,1.42,1.43,451600,NaN,NaN,NaN,NaN,NaN,NaN,NaN
1729040400,1.43,1.53,1.43,1.53,4466700,NaN,NaN,NaN,NaN,NaN,NaN,NaN
1729126800,1.51,1.52,1.49,1.51,1728900,NaN,NaN,NaN,NaN,NaN,NaN,NaN
1729213200,1.51,1.54,1.49,1.52,1947900,NaN,NaN,NaN,NaN,NaN,NaN,NaN
1729472400,1.51,1.55,1.48,1.55,3430400,NaN,NaN,NaN,NaN,NaN,NaN,NaN
1729558800,1.55,1.55,1.52,1.53,1674700,NaN,NaN,NaN,NaN,NaN,NaN,NaN
1729645200,1.53,1.54,1.48,1.48,1501100,NaN,NaN,NaN,NaN,NaN,NaN,NaN
1729731600,1.48,1.52,1.48,1.51,1184900,NaN,NaN,NaN,NaN,NaN,NaN,NaN
1729818000,1.5,1.51,1.48,1.49,994300,NaN,NaN,NaN,NaN,NaN,NaN,NaN
1730077200,1.49,1.49,1.43,1.45,2937400,NaN,NaN,NaN,NaN,NaN,NaN,NaN
1730163600,1.43,1.48,1.43,1.46,1155100,NaN,NaN,NaN,NaN,NaN,NaN,NaN
1730250000,1.46,1.47,1.45,1.46,370200,NaN,NaN,NaN,NaN,NaN,NaN,NaN
1730422800,1.46,1.48,1.46,1.48,605700,NaN,NaN,NaN,NaN,NaN,NaN,NaN
1730682000,1.48,1.49,1.47,1.48,1285000,NaN,NaN,NaN,NaN,NaN,NaN,NaN
1730768400,1.48,1.49,1.47,1.47,650800,NaN,NaN,NaN,NaN,NaN,NaN,NaN
1730854800,1.48,1.52,1.48,1.51,1200900,NaN,NaN,NaN,NaN,NaN,NaN,NaN
1730941200,1.51,1.52,1.48,1.49,1213300,NaN,NaN,NaN,NaN,NaN,NaN,NaN
1731027600,1.5,1.51,1.5,1.51,1199700,NaN,NaN,NaN,NaN,NaN,NaN,NaN
1731286800,1.51,1.51,1.49,1.5,409300,NaN,NaN,NaN,NaN,NaN,NaN,NaN
1731373200,1.5,1.5,1.45,1.47,1504200,NaN,NaN,NaN,NaN,NaN,NaN,NaN
1731459600,1.47,1.49,1.45,1.47,1152000,NaN,NaN,NaN,NaN,NaN,NaN,NaN
1731546000,1.48,1.48,1.46,1.46,1056300,NaN,NaN,NaN,NaN,NaN,NaN,NaN
1731632400,1.46,1.47,1.42,1.44,1457100,NaN,NaN,NaN,NaN,NaN,NaN,NaN
1731891600,1.42,1.44,1.39,1.41,3785500,NaN,NaN,NaN,NaN,NaN,NaN,NaN
1731978000,1.41,1.46,1.41,1.46,868400,NaN,NaN,NaN,NaN,NaN,NaN,NaN
1732064400,1.46,1.48,1.45,1.45,830300,NaN,NaN,NaN,NaN,NaN,NaN,NaN
1732150800,1.46,1.47,1.44,1.46,592300,NaN,NaN,NaN,NaN,NaN,NaN,NaN
1732237200,1.47,1.49,1.45,1.45,1043000,NaN,NaN,NaN,NaN,NaN,NaN,NaN
1732496400,1.45,1.51,1.45,1.49,1352000,NaN,NaN,NaN,NaN,NaN,NaN,NaN
1732582800,1.5,1.55,1.49,1.5,2079500,NaN,NaN,NaN,NaN,NaN,NaN,NaN
1732669200,1.5,1.54,1.5,1.51,1877600,NaN,NaN,NaN,NaN,NaN,NaN,NaN
1732755600,1.51,1.52,1.5,1.5,1314300,NaN,NaN,NaN,NaN,NaN,NaN,NaN
1732842000,1.49,1.51,1.49,1.5,952100,NaN,NaN,NaN,NaN,NaN,NaN,NaN
1733101200,1.5,1.52,1.49,1.49,776400,NaN,NaN,NaN,NaN,NaN,NaN,NaN
1733187600,1.5,1.53,1.49,1.52,1310100,NaN,NaN,NaN,NaN,NaN,NaN,NaN
1733274000,1.52,1.55,1.52,1.53,1151800,NaN,NaN,NaN,NaN,NaN,NaN,NaN
1733360400,1.53,1.55,1.52,1.54,1679200,NaN,NaN,NaN,NaN,NaN,NaN,NaN
1733446800,1.54,1.54,1.52,1.54,924600,NaN,NaN,NaN,NaN,NaN,NaN,NaN
1733706000,1.54,1.55,1.47,1.48,2813200,NaN,NaN,NaN,NaN,NaN,NaN,NaN
1733792400,1.48,1.5,1.48,1.48,2467600,NaN,NaN,NaN,NaN,NaN,NaN,NaN
1733878800,1.48,1.5,1.48,1.48,325000,NaN,NaN,NaN,NaN,NaN,NaN,NaN
1733965200,1.48,1.49,1.47,1.47,751800,NaN,NaN,NaN,NaN,NaN,NaN,NaN
1734051600,1.47,1.48,1.46,1.46,1181500,NaN,NaN,NaN,NaN,NaN,NaN,NaN
1734310800,1.46,1.48,1.45,1.47,851800,NaN,NaN,NaN,NaN,NaN,NaN,NaN
1734397200,1.47,1.51,1.46,1.47,2247900,NaN,NaN,NaN,NaN,NaN,NaN,NaN
1734483600,1.47,1.51,1.47,1.49,2997400,NaN,NaN,NaN,NaN,NaN,NaN,NaN
1734570000,1.47,1.48,1.46,1.46,751300,NaN,NaN,NaN,NaN,NaN,NaN,NaN
1734656400,1.46,1.47,1.45,1.47,696300,NaN,NaN,NaN,NaN,NaN,NaN,NaN
1734915600,1.47,1.47,1.44,1.46,520200,NaN,NaN,NaN,NaN,NaN,NaN,NaN
1735002000,1.45,1.45,1.42,1.42,593800,NaN,NaN,NaN,NaN,NaN,NaN,NaN
1735174800,1.42,1.46,1.42,1.44,1128200,NaN,NaN,NaN,NaN,NaN,NaN,NaN
1735261200,1.44,1.48,1.44,1.47,980700,NaN,NaN,NaN,NaN,NaN,NaN,NaN
1735520400,1.46,1.49,1.45,1.47,1379700,NaN,NaN,NaN,NaN,NaN,NaN,NaN
1735606800,1.48,1.57,1.47,1.57,2240900,1404000000,5919738000,3982445000,98800000,1070200000,1937293000,2.86624203821656
1735779600,1.52,1.54,1.49,1.51,2654600,NaN,NaN,NaN,NaN,NaN,NaN,NaN
1735866000,1.51,1.55,1.51,1.54,2591600,NaN,NaN,NaN,NaN,NaN,NaN,NaN
1736125200,1.54,1.56,1.52,1.53,12154100,NaN,NaN,NaN,NaN,NaN,NaN,NaN
1736211600,1.53,1.55,1.51,1.54,1703200,NaN,NaN,NaN,NaN,NaN,NaN,NaN
1736298000,1.54,1.58,1.52,1.56,2532900,NaN,NaN,NaN,NaN,NaN,NaN,NaN
1736384400,1.56,1.56,1.52,1.53,1231500,NaN,NaN,NaN,NaN,NaN,NaN,NaN
1736470800,1.53,1.55,1.48,1.51,2919000,NaN,NaN,NaN,NaN,NaN,NaN,NaN
1736730000,1.5,1.53,1.48,1.52,1420400,NaN,NaN,NaN,NaN,NaN,NaN,NaN
1736816400,1.52,1.54,1.52,1.52,445100,NaN,NaN,NaN,NaN,NaN,NaN,NaN
1736902800,1.52,1.54,1.49,1.5,1772100,NaN,NaN,NaN,NaN,NaN,NaN,NaN
1736989200,1.51,1.51,1.48,1.48,613000,NaN,NaN,NaN,NaN,NaN,NaN,NaN
1737075600,1.48,1.51,1.47,1.51,2369000,NaN,NaN,NaN,NaN,NaN,NaN,NaN
1737334800,1.52,1.52,1.5,1.51,391000,NaN,NaN,NaN,NaN,NaN,NaN,NaN
1737421200,1.52,1.55,1.51,1.53,1151500,NaN,NaN,NaN,NaN,NaN,NaN,NaN
1737507600,1.54,1.54,1.51,1.52,340100,NaN,NaN,NaN,NaN,NaN,NaN,NaN
1737594000,1.52,1.52,1.49,1.5,430100,NaN,NaN,NaN,NaN,NaN,NaN,NaN
1737680400,1.49,1.5,1.47,1.49,764700,NaN,NaN,NaN,NaN,NaN,NaN,NaN
1737939600,1.49,1.49,1.47,1.48,628500,NaN,NaN,NaN,NaN,NaN,NaN,NaN
1738026000,1.47,1.49,1.46,1.49,201500,NaN,NaN,NaN,NaN,NaN,NaN,NaN
1738285200,1.49,1.5,1.47,1.5,446500,NaN,NaN,NaN,NaN,NaN,NaN,NaN
1738544400,1.5,1.5,1.47,1.48,179900,NaN,NaN,NaN,NaN,NaN,NaN,NaN
1738630800,1.49,1.52,1.48,1.5,654300,NaN,NaN,NaN,NaN,NaN,NaN,NaN
1738717200,1.51,1.55,1.51,1.55,1180900,NaN,NaN,NaN,NaN,NaN,NaN,NaN
1738803600,1.53,1.54,1.51,1.53,781200,NaN,NaN,NaN,NaN,NaN,NaN,NaN
1738890000,1.53,1.53,1.5,1.51,381400,NaN,NaN,NaN,NaN,NaN,NaN,NaN
1739149200,1.5,1.53,1.49,1.53,672900,NaN,NaN,NaN,NaN,NaN,NaN,NaN
1739322000,1.53,1.54,1.51,1.51,440400,NaN,NaN,NaN,NaN,NaN,NaN,NaN
1739408400,1.51,1.51,1.47,1.48,899200,NaN,NaN,NaN,NaN,NaN,NaN,NaN
1739494800,1.48,1.49,1.44,1.44,1528700,NaN,NaN,NaN,NaN,NaN,NaN,NaN
1739754000,1.45,1.47,1.44,1.45,434800,NaN,NaN,NaN,NaN,NaN,NaN,NaN
1739840400,1.47,1.48,1.46,1.46,691600,NaN,NaN,NaN,NaN,NaN,NaN,NaN
1739926800,1.47,1.48,1.44,1.44,602000,NaN,NaN,NaN,NaN,NaN,NaN,NaN
1740013200,1.45,1.47,1.38,1.4,1207000,NaN,NaN,NaN,NaN,NaN,NaN,NaN
1740099600,1.41,1.43,1.37,1.43,946700,NaN,NaN,NaN,NaN,NaN,NaN,NaN
1740358800,1.43,1.43,1.41,1.43,224400,NaN,NaN,NaN,NaN,NaN,NaN,NaN
1740445200,1.43,1.43,1.4,1.42,1325000,NaN,NaN,NaN,NaN,NaN,NaN,NaN
1740531600,1.4,1.46,1.39,1.46,862500,NaN,NaN,NaN,NaN,NaN,NaN,NaN
1740618000,1.46,1.46,1.44,1.44,227200,NaN,NaN,NaN,NaN,NaN,NaN,NaN
1740704400,1.44,1.44,1.4,1.42,702900,NaN,NaN,NaN,NaN,NaN,NaN,NaN
1740963600,1.41,1.44,1.39,1.4,998400,NaN,NaN,NaN,NaN,NaN,NaN,NaN
1741050000,1.4,1.4,1.36,1.36,730500,NaN,NaN,NaN,NaN,NaN,NaN,NaN
1741136400,1.35,1.41,1.35,1.38,579400,NaN,NaN,NaN,NaN,NaN,NaN,NaN
1741222800,1.38,1.41,1.38,1.38,357600,NaN,NaN,NaN,NaN,NaN,NaN,NaN
1741309200,1.38,1.43,1.37,1.43,647700,NaN,NaN,NaN,NaN,NaN,NaN,NaN
1741568400,1.43,1.43,1.37,1.37,348200,NaN,NaN,NaN,NaN,NaN,NaN,NaN
1741654800,1.35,1.36,1.29,1.33,2246600,NaN,NaN,NaN,NaN,NaN,NaN,NaN
1741741200,1.35,1.35,1.29,1.31,1132300,NaN,NaN,NaN,NaN,NaN,NaN,NaN
1741827600,1.31,1.42,1.31,1.39,2674300,NaN,NaN,NaN,NaN,NaN,NaN,NaN
1741914000,1.39,1.4,1.36,1.38,856600,NaN,NaN,NaN,NaN,NaN,NaN,NaN
1742173200,1.4,1.42,1.38,1.39,1053700,NaN,NaN,NaN,NaN,NaN,NaN,NaN
1742346000,1.39,1.41,1.38,1.39,368300,NaN,NaN,NaN,NaN,NaN,NaN,NaN
1742432400,1.41,1.41,1.4,1.41,96200,NaN,NaN,NaN,NaN,NaN,NaN,NaN
1742518800,1.41,1.41,1.37,1.38,356000,NaN,NaN,NaN,NaN,NaN,NaN,NaN
1742778000,1.4,1.4,1.32,1.34,1355200,NaN,NaN,NaN,NaN,NaN,NaN,NaN
1742864400,1.34,1.36,1.32,1.35,621700,NaN,NaN,NaN,NaN,NaN,NaN,NaN
1742950800,1.35,1.39,1.35,1.38,226200,NaN,NaN,NaN,NaN,NaN,NaN,NaN
1743037200,1.38,1.4,1.38,1.39,298700,NaN,NaN,NaN,NaN,NaN,NaN,NaN
1743123600,1.39,1.4,1.38,1.39,805900,1404000000,5703000000,3698100000,133600000,1244800000,2004900000,NaN
1743555600,1.39,1.39,1.36,1.37,145000,NaN,NaN,NaN,NaN,NaN,NaN,NaN
1743642000,1.37,1.39,1.35,1.38,800800,NaN,NaN,NaN,NaN,NaN,NaN,NaN
1743728400,1.35,1.39,1.35,1.38,1267400,NaN,NaN,NaN,NaN,NaN,NaN,NaN
1743987600,1.36,1.36,1.3,1.31,1731800,NaN,NaN,NaN,NaN,NaN,NaN,NaN
1744074000,1.31,1.34,1.31,1.32,239900,NaN,NaN,NaN,NaN,NaN,NaN,NaN
1744160400,1.33,1.33,1.3,1.33,3018500,NaN,NaN,NaN,NaN,NaN,NaN,NaN
1744246800,1.36,1.37,1.35,1.37,247700,NaN,NaN,NaN,NaN,NaN,NaN,NaN
1744333200,1.35,1.39,1.34,1.36,550400,NaN,NaN,NaN,NaN,NaN,NaN,NaN
1744592400,1.36,1.39,1.36,1.39,512600,NaN,NaN,NaN,NaN,NaN,NaN,NaN
1744678800,1.39,1.4,1.37,1.39,1954800,NaN,NaN,NaN,NaN,NaN,NaN,NaN
1744765200,1.38,1.39,1.37,1.38,1815800,NaN,NaN,NaN,NaN,NaN,NaN,NaN
1744851600,1.39,1.43,1.39,1.42,2339900,NaN,NaN,NaN,NaN,NaN,NaN,NaN
1744938000,1.42,1.44,1.42,1.43,1335100,NaN,NaN,NaN,NaN,NaN,NaN,NaN
1745197200,1.43,1.44,1.42,1.42,666100,NaN,NaN,NaN,NaN,NaN,NaN,NaN
1745283600,1.41,1.42,1.4,1.42,281200,NaN,NaN,NaN,NaN,NaN,NaN,NaN
1745370000,1.42,1.45,1.42,1.44,1724800,NaN,NaN,NaN,NaN,NaN,NaN,NaN
1745456400,1.45,1.45,1.42,1.42,1634900,NaN,NaN,NaN,NaN,NaN,NaN,NaN
1745542800,1.43,1.5,1.43,1.48,2372800,NaN,NaN,NaN,NaN,NaN,NaN,NaN
1745802000,1.48,1.48,1.45,1.46,1618500,NaN,NaN,NaN,NaN,NaN,NaN,NaN
1745888400,1.46,1.49,1.45,1.46,2235700,NaN,NaN,NaN,NaN,NaN,NaN,NaN
1745974800,1.47,1.48,1.46,1.47,451500,NaN,NaN,NaN,NaN,NaN,NaN,NaN
1746147600,1.47,1.49,1.46,1.47,1016800,NaN,NaN,NaN,NaN,NaN,NaN,NaN
1746406800,1.48,1.54,1.48,1.49,3440600,NaN,NaN,NaN,NaN,NaN,NaN,NaN
1746493200,1.5,1.5,1.45,1.49,1000800,NaN,NaN,NaN,NaN,NaN,NaN,NaN
1746579600,1.49,1.52,1.48,1.49,2227000,NaN,NaN,NaN,NaN,NaN,NaN,NaN
1746666000,1.49,1.51,1.47,1.51,1821600,NaN,NaN,NaN,NaN,NaN,NaN,NaN
1746752400,1.51,1.51,1.47,1.5,2010100,NaN,NaN,NaN,NaN,NaN,NaN,NaN
1747098000,1.5,1.52,1.49,1.5,1425500,NaN,NaN,NaN,NaN,NaN,NaN,NaN
1747184400,1.49,1.5,1.49,1.5,567200,NaN,NaN,NaN,NaN,NaN,NaN,NaN
1747270800,1.5,1.51,1.49,1.5,1948500,NaN,NaN,NaN,NaN,NaN,NaN,NaN
1747357200,1.5,1.5,1.48,1.49,1612700,NaN,NaN,NaN,NaN,NaN,NaN,NaN
1747616400,1.49,1.49,1.47,1.48,1036400,NaN,NaN,NaN,NaN,NaN,NaN,NaN
1747702800,1.46,1.51,1.46,1.51,1017600,NaN,NaN,NaN,NaN,NaN,NaN,NaN
1747789200,1.51,1.51,1.48,1.49,1841600,NaN,NaN,NaN,NaN,NaN,NaN,NaN
1747875600,1.48,1.49,1.47,1.48,772400,NaN,NaN,NaN,NaN,NaN,NaN,NaN
1747962000,1.49,1.5,1.47,1.48,1781600,NaN,NaN,NaN,NaN,NaN,NaN,NaN
1748221200,1.48,1.49,1.46,1.47,520200,NaN,NaN,NaN,NaN,NaN,NaN,NaN
1748307600,1.47,1.47,1.42,1.43,2247300,NaN,NaN,NaN,NaN,NaN,NaN,NaN
1748394000,1.44,1.47,1.43,1.46,1096600,NaN,NaN,NaN,NaN,NaN,NaN,NaN
1748480400,1.45,1.46,1.43,1.44,807400,NaN,NaN,NaN,NaN,NaN,NaN,NaN
1748566800,1.45,1.47,1.44,1.44,2055200,NaN,NaN,NaN,NaN,NaN,NaN,NaN
1748912400,1.44,1.48,1.43,1.43,1925500,NaN,NaN,NaN,NaN,NaN,NaN,NaN
1748998800,1.4,1.42,1.39,1.4,735400,NaN,NaN,NaN,NaN,NaN,NaN,NaN
1749085200,1.4,1.41,1.39,1.4,815800,NaN,NaN,NaN,NaN,NaN,NaN,NaN
1749171600,1.4,1.4,1.39,1.39,519000,NaN,NaN,NaN,NaN,NaN,NaN,NaN
1749430800,1.39,1.4,1.38,1.38,612900,NaN,NaN,NaN,NaN,NaN,NaN,NaN
1749517200,1.38,1.43,1.38,1.42,471600,NaN,NaN,NaN,NaN,NaN,NaN,NaN
1749603600,1.42,1.43,1.41,1.43,612900,NaN,NaN,NaN,NaN,NaN,NaN,NaN
1749690000,1.43,1.43,1.39,1.4,984400,NaN,NaN,NaN,NaN,NaN,NaN,NaN
1749776400,1.4,1.4,1.36,1.39,827200,NaN,NaN,NaN,NaN,NaN,NaN,NaN
1750035600,1.38,1.38,1.36,1.37,688500,NaN,NaN,NaN,NaN,NaN,NaN,NaN
1750122000,1.37,1.39,1.33,1.34,1592200,NaN,NaN,NaN,NaN,NaN,NaN,NaN
1750208400,1.35,1.36,1.35,1.35,877500,NaN,NaN,NaN,NaN,NaN,NaN,NaN
1750294800,1.35,1.39,1.35,1.37,649800,NaN,NaN,NaN,NaN,NaN,NaN,NaN
1750381200,1.36,1.37,1.33,1.37,1095400,NaN,NaN,NaN,NaN,NaN,NaN,NaN
1750640400,1.35,1.38,1.34,1.36,982400,NaN,NaN,NaN,NaN,NaN,NaN,NaN
1750726800,1.36,1.41,1.36,1.39,1372900,NaN,NaN,NaN,NaN,NaN,NaN,NaN
1750813200,1.39,1.39,1.36,1.38,1349800,NaN,NaN,NaN,NaN,NaN,NaN,NaN
1750899600,1.38,1.38,1.35,1.37,2248600,NaN,NaN,NaN,NaN,NaN,NaN,NaN
1751245200,1.38,1.43,1.37,1.4,2895900,1404000000,5403700000,3453700000,40700000,999600000,1950000000,NaN
1751331600,1.4,1.42,1.38,1.4,696400,NaN,NaN,NaN,NaN,NaN,NaN,NaN
1751418000,1.4,1.43,1.39,1.41,186200,NaN,NaN,NaN,NaN,NaN,NaN,NaN
1751504400,1.43,1.43,1.39,1.41,471800,NaN,NaN,NaN,NaN,NaN,NaN,NaN
1751590800,1.41,1.42,1.4,1.42,695400,NaN,NaN,NaN,NaN,NaN,NaN,NaN
1751850000,1.41,1.41,1.38,1.39,1213400,NaN,NaN,NaN,NaN,NaN,NaN,NaN
1751936400,1.4,1.41,1.39,1.39,545300,NaN,NaN,NaN,NaN,NaN,NaN,NaN
1752022800,1.39,1.39,1.37,1.37,1923500,NaN,NaN,NaN,NaN,NaN,NaN,NaN
1752109200,1.39,1.39,1.37,1.37,340800,NaN,NaN,NaN,NaN,NaN,NaN,NaN
1752195600,1.38,1.4,1.37,1.39,3090300,NaN,NaN,NaN,NaN,NaN,NaN,NaN
1752454800,1.4,1.42,1.39,1.41,2531200,NaN,NaN,NaN,NaN,NaN,NaN,NaN
1752541200,1.4,1.4,1.38,1.39,1367400,NaN,NaN,NaN,NaN,NaN,NaN,NaN
1752627600,1.39,1.39,1.35,1.36,1703900,NaN,NaN,NaN,NaN,NaN,NaN,NaN
1752714000,1.36,1.37,1.34,1.35,2364700,NaN,NaN,NaN,NaN,NaN,NaN,NaN
1752800400,1.35,1.37,1.34,1.35,1738100,NaN,NaN,NaN,NaN,NaN,NaN,NaN
1753059600,1.34,1.38,1.34,1.36,2883900,NaN,NaN,NaN,NaN,NaN,NaN,NaN
1753146000,1.36,1.37,1.34,1.37,2379100,NaN,NaN,NaN,NaN,NaN,NaN,NaN
1753232400,1.38,1.45,1.38,1.4,17487700,NaN,NaN,NaN,NaN,NaN,NaN,NaN
1753318800,1.4,1.4,1.36,1.38,2311100,NaN,NaN,NaN,NaN,NaN,NaN,NaN
1753405200,1.38,1.38,1.32,1.35,6492900,NaN,NaN,NaN,NaN,NaN,NaN,NaN
1753664400,1.34,1.37,1.33,1.35,4796800,NaN,NaN,NaN,NaN,NaN,NaN,NaN
1753750800,1.35,1.35,1.31,1.32,2860400,NaN,NaN,NaN,NaN,NaN,NaN,NaN
1753837200,1.32,1.32,1.29,1.3,2350200,NaN,NaN,NaN,NaN,NaN,NaN,NaN
1753923600,1.31,1.32,1.29,1.29,2753300,NaN,NaN,NaN,NaN,NaN,NaN,NaN
1754010000,1.3,1.32,1.3,1.31,2714200,NaN,NaN,NaN,NaN,NaN,NaN,NaN
1754269200,1.31,1.32,1.29,1.31,2175000,NaN,NaN,NaN,NaN,NaN,NaN,NaN
1754355600,1.31,1.32,1.3,1.31,3876800,NaN,NaN,NaN,NaN,NaN,NaN,NaN
1754442000,1.31,1.33,1.31,1.32,950600,NaN,NaN,NaN,NaN,NaN,NaN,NaN
1754528400,1.32,1.33,1.31,1.32,233800,NaN,NaN,NaN,NaN,NaN,NaN,NaN
1754614800,1.32,1.34,1.3,1.34,872000,NaN,NaN,NaN,NaN,NaN,NaN,NaN
1754874000,1.34,1.35,1.32,1.33,447700,NaN,NaN,NaN,NaN,NaN,NaN,NaN
1754960400,1.33,1.34,1.32,1.32,181500,NaN,NaN,NaN,NaN,NaN,NaN,NaN
1755046800,1.33,1.34,1.31,1.34,3208000,NaN,NaN,NaN,NaN,NaN,NaN,NaN
1755133200,1.34,1.35,1.33,1.34,2084800,NaN,NaN,NaN,NaN,NaN,NaN,NaN
1755219600,1.35,1.35,1.33,1.33,293200,NaN,NaN,NaN,NaN,NaN,NaN,NaN
1755478800,1.34,1.35,1.31,1.33,972900,NaN,NaN,NaN,NaN,NaN,NaN,NaN
1755565200,1.33,1.35,1.31,1.33,1356000,NaN,NaN,NaN,NaN,NaN,NaN,NaN
1755651600,1.34,1.36,1.34,1.35,1641300,NaN,NaN,NaN,NaN,NaN,NaN,NaN
1755738000,1.35,1.35,1.33,1.35,1542200,NaN,NaN,NaN,NaN,NaN,NaN,NaN
1755824400,1.35,1.36,1.34,1.35,1393100,NaN,NaN,NaN,NaN,NaN,NaN,NaN
1756083600,1.35,1.37,1.35,1.35,703600,NaN,NaN,NaN,NaN,NaN,NaN,NaN
1756170000,1.33,1.33,1.28,1.31,5438200,NaN,NaN,NaN,NaN,NaN,NaN,NaN
1756256400,1.32,1.32,1.29,1.3,770800,NaN,NaN,NaN,NaN,NaN,NaN,NaN
1756342800,1.3,1.32,1.29,1.31,1409900,NaN,NaN,NaN,NaN,NaN,NaN,NaN
1756429200,1.31,1.31,1.29,1.3,1841400,NaN,NaN,NaN,NaN,NaN,NaN,NaN
1756774800,1.3,1.31,1.28,1.3,2536500,NaN,NaN,NaN,NaN,NaN,NaN,NaN
1756861200,1.3,1.31,1.28,1.3,2158100,NaN,NaN,NaN,NaN,NaN,NaN,NaN
1756947600,1.3,1.3,1.24,1.28,3901800,NaN,NaN,NaN,NaN,NaN,NaN,NaN
1757293200,1.28,1.29,1.28,1.28,400700,NaN,NaN,NaN,NaN,NaN,NaN,NaN
1757379600,1.29,1.31,1.28,1.31,1378100,NaN,NaN,NaN,NaN,NaN,NaN,NaN
1757466000,1.31,1.31,1.28,1.28,1184600,NaN,NaN,NaN,NaN,NaN,NaN,NaN
1757552400,1.28,1.29,1.28,1.28,1043300,NaN,NaN,NaN,NaN,NaN,NaN,NaN
1757638800,1.28,1.28,1.25,1.26,1370900,NaN,NaN,NaN,NaN,NaN,NaN,NaN
1758070800,1.26,1.29,1.25,1.25,2173100,NaN,NaN,NaN,NaN,NaN,NaN,NaN
1758157200,1.25,1.27,1.23,1.24,2771100,NaN,NaN,NaN,NaN,NaN,NaN,NaN
1758243600,1.24,1.25,1.22,1.24,1391000,NaN,NaN,NaN,NaN,NaN,NaN,NaN
1758502800,1.24,1.24,1.22,1.23,1533500,NaN,NaN,NaN,NaN,NaN,NaN,NaN
1758589200,1.23,1.26,1.22,1.24,1151100,NaN,NaN,NaN,NaN,NaN,NaN,NaN
1758675600,1.25,1.29,1.25,1.27,2634100,NaN,NaN,NaN,NaN,NaN,NaN,NaN
1758762000,1.28,1.3,1.24,1.3,3662800,NaN,NaN,NaN,NaN,NaN,NaN,NaN
1758848400,1.3,1.3,1.27,1.29,2422400,NaN,NaN,NaN,NaN,NaN,NaN,NaN