time,open,high,low,close,Volume,Total common shares outstanding,Total assets,Total liabilities,Operating income,Total revenue,Shareholders&#039; equity,Dividend yield %
1479085200,3.96,3.96,3.9,3.9,3165200,NaN,NaN,NaN,NaN,NaN,NaN,NaN
1479171600,3.9,4,3.9,3.97,3378700,NaN,NaN,NaN,NaN,NaN,NaN,NaN
1479258000,3.97,4,3.93,3.96,2801400,NaN,NaN,NaN,NaN,NaN,NaN,NaN
1479344400,3.96,4.06,3.95,4.06,2258500,NaN,NaN,NaN,NaN,NaN,NaN,NaN
1479430800,4.07,4.11,3.99,4.11,2427200,NaN,NaN,NaN,NaN,NaN,NaN,NaN
1479690000,4.09,4.12,4.06,4.1,1002700,NaN,NaN,NaN,NaN,NaN,NaN,NaN
1479776400,4.1,4.13,4.07,4.11,2193400,NaN,NaN,NaN,NaN,NaN,NaN,NaN
1479862800,4.11,4.14,4.08,4.14,1508700,NaN,NaN,NaN,NaN,NaN,NaN,NaN
1479949200,4.15,4.19,4.12,4.18,2087000,NaN,NaN,NaN,NaN,NaN,NaN,NaN
1480035600,4.18,4.19,4.12,4.19,1278700,NaN,NaN,NaN,NaN,NaN,NaN,NaN
1480294800,4.18,4.19,4.16,4.18,2129400,NaN,NaN,NaN,NaN,NaN,NaN,NaN
1480381200,4.16,4.22,4.15,4.17,1987700,NaN,NaN,NaN,NaN,NaN,NaN,NaN
1480467600,4.2,4.22,4.08,4.18,8302000,NaN,NaN,NaN,NaN,NaN,NaN,NaN
1480554000,4.22,4.27,4.19,4.27,1437000,NaN,NaN,NaN,NaN,NaN,NaN,NaN
1480640400,4.26,4.3,4.25,4.29,1359500,NaN,NaN,NaN,NaN,NaN,NaN,NaN
1480899600,4.28,4.29,4.25,4.29,902200,NaN,NaN,NaN,NaN,NaN,NaN,NaN
1480986000,4.18,4.23,4.16,4.23,658000,NaN,NaN,NaN,NaN,NaN,NaN,NaN
1481072400,4.24,4.26,4.18,4.18,1142300,NaN,NaN,NaN,NaN,NaN,NaN,NaN
1481158800,4.24,4.45,4.23,4.45,4197400,NaN,NaN,NaN,NaN,NaN,NaN,NaN
1481245200,4.31,4.41,4.31,4.4,1931900,NaN,NaN,NaN,NaN,NaN,NaN,NaN
1481590800,4.44,4.45,4.4,4.45,3736500,NaN,NaN,NaN,NaN,NaN,NaN,NaN
1481677200,4.44,4.45,4.39,4.45,3177900,NaN,NaN,NaN,NaN,NaN,NaN,NaN
1481763600,4.4,4.45,4.38,4.43,2895900,NaN,NaN,NaN,NaN,NaN,NaN,NaN
1481850000,4.44,4.44,4.41,4.44,3383700,NaN,NaN,NaN,NaN,NaN,NaN,NaN
1482109200,4.4,4.44,4.4,4.4,752600,NaN,NaN,NaN,NaN,NaN,NaN,NaN
1482195600,4.38,4.42,4.36,4.4,1070700,NaN,NaN,NaN,NaN,NaN,NaN,NaN
1482282000,4.41,4.42,4.36,4.36,865600,NaN,NaN,NaN,NaN,NaN,NaN,NaN
1482368400,4.34,4.36,4.28,4.28,1073700,NaN,NaN,NaN,NaN,NaN,NaN,NaN
1482454800,4.26,4.31,4.25,4.26,1108900,NaN,NaN,NaN,NaN,NaN,NaN,NaN
1482800400,4.36,4.36,4.26,4.28,145800,NaN,NaN,NaN,NaN,NaN,NaN,NaN
1482886800,4.26,4.36,4.26,4.32,618300,NaN,NaN,NaN,NaN,NaN,NaN,NaN
1482973200,4.31,4.32,4.24,4.25,1688000,NaN,NaN,NaN,NaN,NaN,NaN,NaN
1483059600,4.25,4.31,4.25,4.31,1447300,NaN,NaN,NaN,NaN,NaN,NaN,NaN
1483405200,4.28,4.28,4.25,4.27,665200,NaN,NaN,NaN,NaN,NaN,NaN,NaN
1483491600,4.3,4.31,4.26,4.31,2661700,NaN,NaN,NaN,NaN,NaN,NaN,NaN
1483578000,4.3,4.33,4.27,4.32,1719500,NaN,NaN,NaN,NaN,NaN,NaN,NaN
1483664400,4.33,4.36,4.31,4.36,3731100,NaN,NaN,NaN,NaN,NaN,NaN,NaN
1483923600,4.37,4.46,4.36,4.41,5381200,NaN,NaN,NaN,NaN,NaN,NaN,NaN
1484010000,4.44,4.45,4.41,4.45,5899200,NaN,NaN,NaN,NaN,NaN,NaN,NaN
1484096400,4.45,4.47,4.44,4.47,3777100,NaN,NaN,NaN,NaN,NaN,NaN,NaN
1484182800,4.47,4.5,4.47,4.49,9612200,NaN,NaN,NaN,NaN,NaN,NaN,NaN
1484269200,4.5,4.5,4.47,4.49,1864600,NaN,NaN,NaN,NaN,NaN,NaN,NaN
1484528400,4.49,4.5,4.43,4.44,1049600,NaN,NaN,NaN,NaN,NaN,NaN,NaN
1484614800,4.46,4.47,4.4,4.46,1332000,NaN,NaN,NaN,NaN,NaN,NaN,NaN
1484701200,4.46,4.47,4.44,4.47,1160100,NaN,NaN,NaN,NaN,NaN,NaN,NaN
1484787600,4.48,4.48,4.4,4.45,1149100,NaN,NaN,NaN,NaN,NaN,NaN,NaN
1484874000,4.5,4.5,4.43,4.43,2139500,NaN,NaN,NaN,NaN,NaN,NaN,NaN
1485133200,4.43,4.48,4.43,4.46,1371800,NaN,NaN,NaN,NaN,NaN,NaN,NaN
1485219600,4.47,4.48,4.44,4.48,2743800,NaN,NaN,NaN,NaN,NaN,NaN,NaN
1485306000,4.49,4.52,4.47,4.52,4917600,NaN,NaN,NaN,NaN,NaN,NaN,NaN
1485392400,4.52,4.62,4.52,4.62,3672900,NaN,NaN,NaN,NaN,NaN,NaN,NaN
1485478800,4.63,4.64,4.6,4.62,5478800,NaN,NaN,NaN,NaN,NaN,NaN,NaN
1485824400,4.64,4.67,4.58,4.58,5075700,NaN,NaN,NaN,NaN,NaN,NaN,NaN
1485997200,4.61,4.62,4.5,4.52,5582300,NaN,NaN,NaN,NaN,NaN,NaN,NaN
1486083600,4.55,4.56,4.49,4.53,2773200,NaN,NaN,NaN,NaN,NaN,NaN,NaN
1486342800,4.51,4.56,4.51,4.54,4227200,NaN,NaN,NaN,NaN,NaN,NaN,NaN
1486429200,4.54,4.57,4.53,4.54,2512400,NaN,NaN,NaN,NaN,NaN,NaN,NaN
1486515600,4.55,4.55,4.5,4.54,3621300,NaN,NaN,NaN,NaN,NaN,NaN,NaN
1486688400,4.67,4.68,4.53,4.55,6231900,NaN,NaN,NaN,NaN,NaN,NaN,NaN
1486947600,4.55,4.6,4.55,4.58,2213400,NaN,NaN,NaN,NaN,NaN,NaN,NaN
1487034000,4.59,4.59,4.55,4.57,4160800,NaN,NaN,NaN,NaN,NaN,NaN,NaN
1487120400,4.57,4.6,4.56,4.57,2647600,NaN,NaN,NaN,NaN,NaN,NaN,NaN
1487206800,4.57,4.59,4.55,4.57,1362500,NaN,NaN,NaN,NaN,NaN,NaN,NaN
1487293200,4.55,4.59,4.55,4.58,2106100,NaN,NaN,NaN,NaN,NaN,NaN,NaN
1487552400,4.57,4.58,4.57,4.58,4097300,NaN,NaN,NaN,NaN,NaN,NaN,NaN
1487638800,4.59,4.62,4.57,4.6,3796000,NaN,NaN,NaN,NaN,NaN,NaN,NaN
1487725200,4.6,4.65,4.58,4.65,3813600,NaN,NaN,NaN,NaN,NaN,NaN,NaN
1487811600,4.65,4.66,4.62,4.63,5592400,NaN,NaN,NaN,NaN,NaN,NaN,NaN
1487898000,4.65,4.65,4.6,4.63,3471200,NaN,NaN,NaN,NaN,NaN,NaN,NaN
1488157200,4.65,4.66,4.63,4.63,6048100,NaN,NaN,NaN,NaN,NaN,NaN,NaN
1488243600,4.63,4.64,4.62,4.63,3628200,NaN,NaN,NaN,NaN,NaN,NaN,NaN
1488330000,4.64,4.68,4.55,4.66,2995800,NaN,NaN,NaN,NaN,NaN,NaN,NaN
1488416400,4.63,5,4.63,4.94,13554800,NaN,NaN,NaN,NaN,NaN,NaN,NaN
1488502800,4.92,4.94,4.86,4.91,10181300,NaN,NaN,NaN,NaN,NaN,NaN,NaN
1488762000,4.92,5.03,4.85,4.9,14467600,NaN,NaN,NaN,NaN,NaN,NaN,NaN
1488848400,4.9,5.03,4.9,4.99,8741900,NaN,NaN,NaN,NaN,NaN,NaN,NaN
1488934800,4.99,5,4.92,4.99,14378500,NaN,NaN,NaN,NaN,NaN,NaN,NaN
1489021200,4.99,4.99,4.92,4.93,4957000,NaN,NaN,NaN,NaN,NaN,NaN,NaN
1489107600,4.9,4.91,4.81,4.87,5437200,NaN,NaN,NaN,NaN,NaN,NaN,NaN
1489366800,4.86,4.87,4.82,4.87,3369200,NaN,NaN,NaN,NaN,NaN,NaN,NaN
1489453200,4.87,4.9,4.83,4.85,4064400,NaN,NaN,NaN,NaN,NaN,NaN,NaN
1489539600,4.82,4.85,4.78,4.81,1756500,NaN,NaN,NaN,NaN,NaN,NaN,NaN
1489626000,4.85,4.86,4.82,4.85,6432500,NaN,NaN,NaN,NaN,NaN,NaN,NaN
1489712400,4.85,4.98,4.83,4.87,20407400,NaN,NaN,NaN,NaN,NaN,NaN,NaN
1489971600,4.9,4.98,4.88,4.94,1406300,NaN,NaN,NaN,NaN,NaN,NaN,NaN
1490058000,4.94,4.97,4.88,4.9,4647200,NaN,NaN,NaN,NaN,NaN,NaN,NaN
1490144400,4.92,4.92,4.82,4.9,5950800,NaN,NaN,NaN,NaN,NaN,NaN,NaN
1490230800,4.9,4.94,4.89,4.9,9402700,NaN,NaN,NaN,NaN,NaN,NaN,NaN
1490317200,4.9,4.91,4.87,4.88,3232800,NaN,NaN,NaN,NaN,NaN,NaN,NaN
1490576400,4.9,4.9,4.72,4.73,2456900,NaN,NaN,NaN,NaN,NaN,NaN,NaN
1490662800,4.76,4.87,4.76,4.85,6216300,NaN,NaN,NaN,NaN,NaN,NaN,NaN
1490749200,4.89,4.89,4.8,4.85,1766100,NaN,NaN,NaN,NaN,NaN,NaN,NaN
1490835600,4.82,4.83,4.75,4.79,4279200,NaN,NaN,NaN,NaN,NaN,NaN,NaN
1490922000,4.79,4.79,4.64,4.65,11090500,NaN,NaN,NaN,NaN,NaN,NaN,NaN
1491181200,4.66,4.86,4.65,4.85,7268300,NaN,NaN,NaN,NaN,NaN,NaN,NaN
1491267600,4.84,4.87,4.81,4.87,4079500,NaN,NaN,NaN,NaN,NaN,NaN,NaN
1491354000,4.88,4.88,4.77,4.85,7925600,NaN,NaN,NaN,NaN,NaN,NaN,NaN
1491440400,4.87,4.87,4.81,4.84,2773400,NaN,NaN,NaN,NaN,NaN,NaN,NaN
1491526800,4.81,4.87,4.8,4.85,14684500,NaN,NaN,NaN,NaN,NaN,NaN,NaN
1491786000,4.8,4.98,4.8,4.9,12737600,NaN,NaN,NaN,NaN,NaN,NaN,NaN
1491872400,4.9,4.91,4.84,4.85,4408600,NaN,NaN,NaN,NaN,NaN,NaN,NaN
1491958800,4.86,4.96,4.86,4.89,7997800,NaN,NaN,NaN,NaN,NaN,NaN,NaN
1492045200,4.87,4.94,4.85,4.9,1382200,NaN,NaN,NaN,NaN,NaN,NaN,NaN
1492131600,4.84,4.87,4.82,4.85,188900,NaN,NaN,NaN,NaN,NaN,NaN,NaN
1492390800,4.87,4.88,4.84,4.88,3030000,NaN,NaN,NaN,NaN,NaN,NaN,NaN
1492477200,4.9,4.95,4.9,4.93,3360400,NaN,NaN,NaN,NaN,NaN,NaN,NaN
1492563600,4.93,4.97,4.91,4.93,1332300,NaN,NaN,NaN,NaN,NaN,NaN,NaN
1492650000,4.97,5.04,4.95,5.03,3812900,NaN,NaN,NaN,NaN,NaN,NaN,NaN
1492736400,5,5.21,5,5.17,6115500,NaN,NaN,NaN,NaN,NaN,NaN,NaN
1493082000,5.21,5.45,5.2,5.45,6482800,NaN,NaN,NaN,NaN,NaN,NaN,NaN
1493168400,5.41,5.56,5.4,5.45,9255500,NaN,NaN,NaN,NaN,NaN,NaN,NaN
1493254800,5.44,5.49,5.43,5.45,6644200,NaN,NaN,NaN,NaN,NaN,NaN,NaN
1493341200,5.45,5.49,5.44,5.48,4165600,NaN,NaN,NaN,NaN,NaN,NaN,NaN
1493686800,5.5,5.69,5.49,5.62,5021400,NaN,NaN,NaN,NaN,NaN,NaN,NaN
1493773200,5.62,5.7,5.58,5.6,6090600,NaN,NaN,NaN,NaN,NaN,NaN,NaN
1493859600,5.59,5.6,5.31,5.4,7734100,NaN,NaN,NaN,NaN,NaN,NaN,NaN
1493946000,5.39,5.51,5.37,5.51,2387700,NaN,NaN,NaN,NaN,NaN,NaN,NaN
1494205200,5.56,5.56,5.46,5.55,2803500,NaN,NaN,NaN,NaN,NaN,NaN,NaN
1494291600,5.58,5.58,5.5,5.55,2730000,NaN,NaN,NaN,NaN,NaN,NaN,NaN
1494464400,5.55,5.59,5.5,5.56,4737600,NaN,NaN,NaN,NaN,NaN,NaN,NaN
1494550800,5.56,5.56,5.49,5.52,1102400,NaN,NaN,NaN,NaN,NaN,NaN,NaN
1494810000,5.47,5.5,5.41,5.47,7253400,NaN,NaN,NaN,NaN,NaN,NaN,NaN
1494896400,5.47,5.47,5.41,5.44,6498700,NaN,NaN,NaN,NaN,NaN,NaN,NaN
1494982800,5.4,5.5,5.4,5.5,1515000,NaN,NaN,NaN,NaN,NaN,NaN,NaN
1495069200,5.44,5.46,5.4,5.45,4057700,NaN,NaN,NaN,NaN,NaN,NaN,NaN
1495155600,5.43,5.44,5.4,5.41,3851800,NaN,NaN,NaN,NaN,NaN,NaN,NaN
1495414800,5.44,5.44,5.4,5.41,3493600,NaN,NaN,NaN,NaN,NaN,NaN,NaN
1495501200,5.42,5.42,5.26,5.26,6183200,NaN,NaN,NaN,NaN,NaN,NaN,NaN
1495587600,5.28,5.32,5.21,5.27,3024200,NaN,NaN,NaN,NaN,NaN,NaN,NaN
1495674000,5.28,5.54,5.28,5.29,7707500,NaN,NaN,NaN,NaN,NaN,NaN,NaN
1495760400,5.31,5.38,5.18,5.19,4141000,NaN,NaN,NaN,NaN,NaN,NaN,NaN
1496019600,5.21,5.33,5.2,5.2,2608800,NaN,NaN,NaN,NaN,NaN,NaN,NaN
1496106000,5.31,5.31,5.1,5.1,4409500,NaN,NaN,NaN,NaN,NaN,NaN,NaN
1496192400,5.08,5.21,5.08,5.21,28526500,NaN,NaN,NaN,NaN,NaN,NaN,NaN
1496278800,5.21,5.21,5.21,5.21,0,NaN,NaN,NaN,NaN,NaN,NaN,NaN
1496365200,5.31,5.37,5.06,5.09,9887800,NaN,NaN,NaN,NaN,NaN,NaN,NaN
1496624400,5.1,5.12,5.03,5.04,4880100,NaN,NaN,NaN,NaN,NaN,NaN,NaN
1496710800,5.05,5.06,4.89,4.94,4916900,NaN,NaN,NaN,NaN,NaN,NaN,NaN
1496797200,4.94,4.96,4.87,4.92,5316200,NaN,NaN,NaN,NaN,NaN,NaN,NaN
1496883600,4.91,4.92,4.85,4.87,5789200,NaN,NaN,NaN,NaN,NaN,NaN,NaN
1496970000,4.89,5.03,4.88,5,6984200,NaN,NaN,NaN,NaN,NaN,NaN,NaN
1497315600,4.99,5.02,4.93,5,3921100,NaN,NaN,NaN,NaN,NaN,NaN,NaN
1497402000,5,5.03,4.96,5.01,5719300,NaN,NaN,NaN,NaN,NaN,NaN,NaN
1497488400,5.01,5.06,4.96,5.01,3322700,NaN,NaN,NaN,NaN,NaN,NaN,NaN
1497574800,5,5.1,4.97,5.1,6253600,NaN,NaN,NaN,NaN,NaN,NaN,NaN
1497834000,5.1,5.1,5.04,5.07,2681300,NaN,NaN,NaN,NaN,NaN,NaN,NaN
1497920400,5.08,5.08,5.01,5.07,1532100,NaN,NaN,NaN,NaN,NaN,NaN,NaN
1498006800,5.08,5.11,5.04,5.1,2898500,NaN,NaN,NaN,NaN,NaN,NaN,NaN
1498093200,5.1,5.11,5.07,5.1,2258200,NaN,NaN,NaN,NaN,NaN,NaN,NaN
1498179600,5.09,5.1,4.98,4.98,2122000,NaN,NaN,NaN,NaN,NaN,NaN,NaN
1498611600,4.99,5.02,4.87,4.87,2487400,NaN,NaN,NaN,NaN,NaN,NaN,NaN
1498698000,4.9,4.95,4.87,4.89,1433800,NaN,NaN,NaN,NaN,NaN,NaN,NaN
1498784400,4.92,4.96,4.88,4.88,4557200,NaN,NaN,NaN,NaN,NaN,NaN,NaN
1499043600,4.89,5.02,4.88,5.02,2558400,NaN,NaN,NaN,NaN,NaN,NaN,NaN
1499130000,5.02,5.04,4.98,5,1712100,NaN,NaN,NaN,NaN,NaN,NaN,NaN
1499216400,5.01,5.11,4.99,5.11,3201000,NaN,NaN,NaN,NaN,NaN,NaN,NaN
1499302800,5.09,5.09,4.94,4.99,2120100,NaN,NaN,NaN,NaN,NaN,NaN,NaN
1499389200,5,5.01,4.95,5.01,2047600,NaN,NaN,NaN,NaN,NaN,NaN,NaN
1499648400,5.01,5.02,4.98,5.01,1689500,NaN,NaN,NaN,NaN,NaN,NaN,NaN
1499734800,5.01,5.03,4.98,5,1795800,NaN,NaN,NaN,NaN,NaN,NaN,NaN
1499821200,5.01,5.02,5,5.01,1084300,NaN,NaN,NaN,NaN,NaN,NaN,NaN
1499907600,5.03,5.08,5.01,5.07,2686500,NaN,NaN,NaN,NaN,NaN,NaN,NaN
1499994000,5.09,5.1,5.05,5.1,1021200,NaN,NaN,NaN,NaN,NaN,NaN,NaN
1500253200,5.1,5.12,5.08,5.1,692500,NaN,NaN,NaN,NaN,NaN,NaN,NaN
1500339600,5.11,5.11,5.06,5.1,2102400,NaN,NaN,NaN,NaN,NaN,NaN,NaN
1500426000,5.05,5.1,5.01,5.01,1334300,NaN,NaN,NaN,NaN,NaN,NaN,NaN
1500512400,5.04,5.05,5,5,813700,NaN,NaN,NaN,NaN,NaN,NaN,NaN
1500598800,5,5.04,4.98,5.02,930400,NaN,NaN,NaN,NaN,NaN,NaN,NaN
1500858000,5.02,5.06,5,5,881700,NaN,NaN,NaN,NaN,NaN,NaN,NaN
1500944400,5,5.03,4.99,5.01,540100,NaN,NaN,NaN,NaN,NaN,NaN,NaN
1501030800,5.01,5.02,5,5,533200,NaN,NaN,NaN,NaN,NaN,NaN,NaN
1501117200,5.01,5.03,4.99,4.99,1114600,NaN,NaN,NaN,NaN,NaN,NaN,NaN
1501203600,5,5.01,4.91,4.94,2011800,NaN,NaN,NaN,NaN,NaN,NaN,NaN
1501462800,4.99,4.99,4.94,4.95,2780300,NaN,NaN,NaN,NaN,NaN,NaN,NaN
1501549200,4.96,5.01,4.96,5,3104800,NaN,NaN,NaN,NaN,NaN,NaN,NaN
1501635600,5,5.02,4.99,5,2444400,NaN,NaN,NaN,NaN,NaN,NaN,NaN
1501722000,5,5.02,4.98,4.98,2537300,NaN,NaN,NaN,NaN,NaN,NaN,NaN
1501808400,4.88,4.91,4.85,4.87,787300,NaN,NaN,NaN,NaN,NaN,NaN,NaN
1502067600,4.87,4.95,4.87,4.93,810300,NaN,NaN,NaN,NaN,NaN,NaN,NaN
1502154000,4.93,4.95,4.82,4.82,1554000,NaN,NaN,NaN,NaN,NaN,NaN,NaN
1502240400,4.82,4.83,4.71,4.72,2230500,NaN,NaN,NaN,NaN,NaN,NaN,NaN
1502326800,4.74,4.83,4.73,4.83,1682700,NaN,NaN,NaN,NaN,NaN,NaN,NaN
1502413200,4.76,4.77,4.73,4.73,660200,NaN,NaN,NaN,NaN,NaN,NaN,NaN
1502672400,4.73,4.75,4.64,4.64,1948300,NaN,NaN,NaN,NaN,NaN,NaN,NaN
1502758800,4.66,4.69,4.62,4.63,1399200,NaN,NaN,NaN,NaN,NaN,NaN,NaN
1502845200,4.64,4.67,4.64,4.64,537100,NaN,NaN,NaN,NaN,NaN,NaN,NaN
1502931600,4.66,4.71,4.64,4.71,2008200,NaN,NaN,NaN,NaN,NaN,NaN,NaN
1503018000,4.68,4.7,4.66,4.7,812100,NaN,NaN,NaN,NaN,NaN,NaN,NaN
1503277200,4.68,4.72,4.66,4.7,4144500,NaN,NaN,NaN,NaN,NaN,NaN,NaN
1503363600,4.7,4.7,4.7,4.7,0,NaN,NaN,NaN,NaN,NaN,NaN,NaN
1503450000,4.77,4.89,4.5,4.59,10817800,NaN,NaN,NaN,NaN,NaN,NaN,NaN
1503536400,4.6,4.6,4.46,4.52,8028800,NaN,NaN,NaN,NaN,NaN,NaN,NaN
1503622800,4.54,4.57,4.42,4.43,10387100,NaN,NaN,NaN,NaN,NaN,NaN,NaN
1503882000,4.45,4.5,4.43,4.43,3705000,NaN,NaN,NaN,NaN,NaN,NaN,NaN
1503968400,4.44,4.45,4.3,4.31,7420300,NaN,NaN,NaN,NaN,NaN,NaN,NaN
1504054800,4.32,4.37,4.28,4.28,7962000,NaN,NaN,NaN,NaN,NaN,NaN,NaN
1504573200,4.27,4.32,4.27,4.29,9314300,NaN,NaN,NaN,NaN,NaN,NaN,NaN
1504659600,4.29,4.34,4.29,4.32,8094800,NaN,NaN,NaN,NaN,NaN,NaN,NaN
1504746000,4.33,4.35,4.29,4.31,5758400,NaN,NaN,NaN,NaN,NaN,NaN,NaN
1504832400,4.32,4.33,4.29,4.29,5216800,NaN,NaN,NaN,NaN,NaN,NaN,NaN
1505091600,4.3,4.33,4.29,4.29,4429500,NaN,NaN,NaN,NaN,NaN,NaN,NaN
1505178000,4.3,4.32,4.29,4.3,5183100,NaN,NaN,NaN,NaN,NaN,NaN,NaN
1505264400,4.31,4.39,4.3,4.35,4937700,NaN,NaN,NaN,NaN,NaN,NaN,NaN
1505350800,4.36,4.51,4.36,4.5,11896900,NaN,NaN,NaN,NaN,NaN,NaN,NaN
1505437200,4.55,4.57,4.5,4.53,9687300,NaN,NaN,NaN,NaN,NaN,NaN,NaN
1505696400,4.53,4.53,4.45,4.51,3054000,NaN,NaN,NaN,NaN,NaN,NaN,NaN
1505782800,4.52,4.53,4.48,4.49,4025600,NaN,NaN,NaN,NaN,NaN,NaN,NaN
1505869200,4.51,4.56,4.45,4.56,3119600,NaN,NaN,NaN,NaN,NaN,NaN,NaN
1505955600,4.56,4.57,4.45,4.5,3085700,NaN,NaN,NaN,NaN,NaN,NaN,NaN
1506301200,4.5,4.5,4.37,4.37,4899700,NaN,NaN,NaN,NaN,NaN,NaN,NaN
1506387600,4.37,4.42,4.37,4.4,3804900,NaN,NaN,NaN,NaN,NaN,NaN,NaN
1506474000,4.4,4.4,4.38,4.39,1883800,NaN,NaN,NaN,NaN,NaN,NaN,NaN
1506560400,4.39,4.42,4.3,4.31,3461200,NaN,NaN,NaN,NaN,NaN,NaN,NaN
1506646800,4.32,4.36,4.31,4.36,2018400,3007670344,134909815999.99998,117555263000,441908000,1894391000,16268188000,4.03669724770642
1506906000,4.36,4.42,4.36,4.4,1141200,NaN,NaN,NaN,NaN,NaN,NaN,NaN
1506992400,4.42,4.49,4.4,4.49,3390900,NaN,NaN,NaN,NaN,NaN,NaN,NaN
1507078800,4.49,4.49,4.45,4.47,1571200,NaN,NaN,NaN,NaN,NaN,NaN,NaN
1507165200,4.47,4.47,4.45,4.47,517700,NaN,NaN,NaN,NaN,NaN,NaN,NaN
1507251600,4.47,4.48,4.45,4.48,1086200,NaN,NaN,NaN,NaN,NaN,NaN,NaN
1507510800,4.49,4.51,4.45,4.49,2217900,NaN,NaN,NaN,NaN,NaN,NaN,NaN
1507597200,4.49,4.49,4.43,4.43,892100,NaN,NaN,NaN,NaN,NaN,NaN,NaN
1507683600,4.44,4.45,4.42,4.45,2855200,NaN,NaN,NaN,NaN,NaN,NaN,NaN
1507770000,4.46,4.46,4.39,4.42,2711800,NaN,NaN,NaN,NaN,NaN,NaN,NaN
1507856400,4.44,4.48,4.4,4.47,2720600,NaN,NaN,NaN,NaN,NaN,NaN,NaN
1508115600,4.47,4.54,4.43,4.53,1958600,NaN,NaN,NaN,NaN,NaN,NaN,NaN
1508202000,4.53,4.53,4.48,4.5,2977000,NaN,NaN,NaN,NaN,NaN,NaN,NaN
1508374800,4.5,4.5,4.44,4.48,1312100,NaN,NaN,NaN,NaN,NaN,NaN,NaN
1508461200,4.48,4.48,4.37,4.37,1015300,NaN,NaN,NaN,NaN,NaN,NaN,NaN
1508720400,4.4,4.41,4.36,4.38,1566400,NaN,NaN,NaN,NaN,NaN,NaN,NaN
1508806800,4.39,4.41,4.39,4.4,1085000,NaN,NaN,NaN,NaN,NaN,NaN,NaN
1508893200,4.4,4.4,4.35,4.36,1141100,NaN,NaN,NaN,NaN,NaN,NaN,NaN
1508979600,4.36,4.38,4.31,4.31,1943500,NaN,NaN,NaN,NaN,NaN,NaN,NaN
1509066000,4.32,4.38,4.32,4.33,1487800,NaN,NaN,NaN,NaN,NaN,NaN,NaN
1509325200,4.33,4.37,4.32,4.35,1035200,NaN,NaN,NaN,NaN,NaN,NaN,NaN
1509411600,4.34,4.35,4.28,4.28,2248600,NaN,NaN,NaN,NaN,NaN,NaN,NaN
1509498000,4.29,4.33,4.28,4.33,821600,NaN,NaN,NaN,NaN,NaN,NaN,NaN
1509584400,4.34,4.34,4.26,4.28,1729900,NaN,NaN,NaN,NaN,NaN,NaN,NaN
1509670800,4.28,4.33,4.28,4.31,851300,NaN,NaN,NaN,NaN,NaN,NaN,NaN
1509930000,4.33,4.34,4.29,4.29,908400,NaN,NaN,NaN,NaN,NaN,NaN,NaN
1510016400,4.3,4.33,4.29,4.31,673000,NaN,NaN,NaN,NaN,NaN,NaN,NaN
1510102800,4.31,4.36,4.31,4.34,1453200,NaN,NaN,NaN,NaN,NaN,NaN,NaN
1510189200,4.34,4.38,4.34,4.38,1518900,NaN,NaN,NaN,NaN,NaN,NaN,NaN
1510275600,4.38,4.38,4.33,4.33,1121300,NaN,NaN,NaN,NaN,NaN,NaN,NaN
1510534800,4.34,4.37,4.32,4.35,4031200,NaN,NaN,NaN,NaN,NaN,NaN,NaN
1510621200,4.35,4.37,4.35,4.35,1573700,NaN,NaN,NaN,NaN,NaN,NaN,NaN
1510707600,4.35,4.38,4.33,4.35,2734000,NaN,NaN,NaN,NaN,NaN,NaN,NaN
1510794000,4.35,4.37,4.32,4.35,2543600,NaN,NaN,NaN,NaN,NaN,NaN,NaN
1510880400,4.33,4.35,4.29,4.31,1237800,NaN,NaN,NaN,NaN,NaN,NaN,NaN
1511139600,4.31,4.31,4.23,4.24,1507200,NaN,NaN,NaN,NaN,NaN,NaN,NaN
1511226000,4.24,4.27,4.16,4.16,1673000,NaN,NaN,NaN,NaN,NaN,NaN,NaN
1511312400,4.17,4.22,4.17,4.21,851700,NaN,NaN,NaN,NaN,NaN,NaN,NaN
1511398800,4.21,4.25,4.21,4.21,486100,NaN,NaN,NaN,NaN,NaN,NaN,NaN
1511485200,4.24,4.26,4.2,4.26,598800,NaN,NaN,NaN,NaN,NaN,NaN,NaN
1511744400,4.22,4.26,4.2,4.23,530900,NaN,NaN,NaN,NaN,NaN,NaN,NaN
1511830800,4.2,4.23,4.12,4.12,2510700,NaN,NaN,NaN,NaN,NaN,NaN,NaN
1511917200,4.13,4.17,4.12,4.15,1654700,NaN,NaN,NaN,NaN,NaN,NaN,NaN
1512003600,4.17,4.18,4.1,4.15,6621700,NaN,NaN,NaN,NaN,NaN,NaN,NaN
1512349200,4.15,4.15,4.06,4.08,2158300,NaN,NaN,NaN,NaN,NaN,NaN,NaN
1512435600,4.09,4.12,4.08,4.1,1503200,NaN,NaN,NaN,NaN,NaN,NaN,NaN
1512522000,4.1,4.12,4.09,4.11,2271800,NaN,NaN,NaN,NaN,NaN,NaN,NaN
1512608400,4.13,4.16,4.12,4.13,1778200,NaN,NaN,NaN,NaN,NaN,NaN,NaN
1512694800,4.13,4.15,4.12,4.13,2009600,NaN,NaN,NaN,NaN,NaN,NaN,NaN
1512954000,4.14,4.17,4.09,4.15,2297200,NaN,NaN,NaN,NaN,NaN,NaN,NaN
1513040400,4.17,4.19,4.15,4.17,3151400,NaN,NaN,NaN,NaN,NaN,NaN,NaN
1513126800,4.15,4.22,4.12,4.2,1737700,NaN,NaN,NaN,NaN,NaN,NaN,NaN
1513213200,4.22,4.42,4.19,4.4,4699700,NaN,NaN,NaN,NaN,NaN,NaN,NaN
1513299600,4.38,4.46,4.32,4.46,6173700,NaN,NaN,NaN,NaN,NaN,NaN,NaN
1513558800,4.4,4.41,4.31,4.33,1537500,NaN,NaN,NaN,NaN,NaN,NaN,NaN
1513645200,4.3,4.38,4.29,4.35,973100,NaN,NaN,NaN,NaN,NaN,NaN,NaN
1513731600,4.37,4.42,4.33,4.34,3619600,NaN,NaN,NaN,NaN,NaN,NaN,NaN
1513818000,4.33,4.34,4.25,4.25,1500000,NaN,NaN,NaN,NaN,NaN,NaN,NaN
1513904400,4.26,4.33,4.24,4.33,1502900,NaN,NaN,NaN,NaN,NaN,NaN,NaN
1514250000,4.4,4.43,4.3,4.3,2260500,NaN,NaN,NaN,NaN,NaN,NaN,NaN
1514336400,4.31,4.36,4.3,4.35,1968800,NaN,NaN,NaN,NaN,NaN,NaN,NaN
1514422800,4.35,4.38,4.31,4.37,1676200,NaN,NaN,NaN,NaN,NaN,NaN,NaN
1514509200,4.38,4.43,4.32,4.41,2162400,3007682594,142798733000,125394910000,290263000,1818409000,16303798000,3.99092970521542
1514854800,4.39,4.45,4.35,4.45,1364200,NaN,NaN,NaN,NaN,NaN,NaN,NaN
1514941200,4.46,4.6,4.46,4.56,6094200,NaN,NaN,NaN,NaN,NaN,NaN,NaN
1515027600,4.58,4.6,4.53,4.59,2485400,NaN,NaN,NaN,NaN,NaN,NaN,NaN
1515114000,4.59,4.6,4.53,4.6,1759200,NaN,NaN,NaN,NaN,NaN,NaN,NaN
1515373200,4.59,4.69,4.58,4.68,2584900,NaN,NaN,NaN,NaN,NaN,NaN,NaN
1515459600,4.63,4.66,4.48,4.48,5026600,NaN,NaN,NaN,NaN,NaN,NaN,NaN
1515546000,4.51,4.65,4.51,4.56,3286800,NaN,NaN,NaN,NaN,NaN,NaN,NaN
1515632400,4.58,4.61,4.51,4.61,1440300,NaN,NaN,NaN,NaN,NaN,NaN,NaN
1515718800,4.62,4.76,4.6,4.76,3857700,NaN,NaN,NaN,NaN,NaN,NaN,NaN
1515978000,4.76,4.82,4.74,4.77,2876800,NaN,NaN,NaN,NaN,NaN,NaN,NaN
1516064400,4.77,4.8,4.64,4.8,3714400,NaN,NaN,NaN,NaN,NaN,NaN,NaN
1516150800,4.77,4.77,4.71,4.75,2567900,NaN,NaN,NaN,NaN,NaN,NaN,NaN
1516237200,4.75,4.76,4.57,4.62,3435300,NaN,NaN,NaN,NaN,NaN,NaN,NaN
1516323600,4.64,4.7,4.58,4.7,1906100,NaN,NaN,NaN,NaN,NaN,NaN,NaN
1516582800,4.7,4.78,4.64,4.75,3179100,NaN,NaN,NaN,NaN,NaN,NaN,NaN
1516669200,4.77,4.8,4.7,4.8,1654500,NaN,NaN,NaN,NaN,NaN,NaN,NaN
1516755600,4.76,4.79,4.73,4.75,1269800,NaN,NaN,NaN,NaN,NaN,NaN,NaN
1516842000,4.75,4.83,4.74,4.8,4243500,NaN,NaN,NaN,NaN,NaN,NaN,NaN
1516928400,4.75,4.9,4.74,4.84,7185400,NaN,NaN,NaN,NaN,NaN,NaN,NaN
1517187600,4.82,4.88,4.78,4.82,5466300,NaN,NaN,NaN,NaN,NaN,NaN,NaN
1517274000,4.82,4.82,4.75,4.82,2018400,NaN,NaN,NaN,NaN,NaN,NaN,NaN
1517533200,4.76,4.82,4.72,4.74,1910900,NaN,NaN,NaN,NaN,NaN,NaN,NaN
1517792400,4.69,4.69,4.55,4.58,3603300,NaN,NaN,NaN,NaN,NaN,NaN,NaN
1517878800,4.46,4.46,4.33,4.38,8711000,NaN,NaN,NaN,NaN,NaN,NaN,NaN
1517965200,4.46,4.5,4.38,4.45,4412000,NaN,NaN,NaN,NaN,NaN,NaN,NaN
1518051600,4.45,4.47,4.42,4.45,1170900,NaN,NaN,NaN,NaN,NaN,NaN,NaN
1518138000,4.35,4.43,4.31,4.42,3174700,NaN,NaN,NaN,NaN,NaN,NaN,NaN
1518397200,4.42,4.45,4.38,4.39,2750500,NaN,NaN,NaN,NaN,NaN,NaN,NaN
1518483600,4.4,4.44,4.4,4.43,1006700,NaN,NaN,NaN,NaN,NaN,NaN,NaN
1518570000,4.45,4.48,4.43,4.48,988200,NaN,NaN,NaN,NaN,NaN,NaN,NaN
1518656400,4.5,4.53,4.5,4.51,518500,NaN,NaN,NaN,NaN,NaN,NaN,NaN
1519002000,4.5,4.65,4.5,4.64,1175200,NaN,NaN,NaN,NaN,NaN,NaN,NaN
1519088400,4.65,4.66,4.55,4.64,718700,NaN,NaN,NaN,NaN,NaN,NaN,NaN
1519174800,4.6,4.7,4.56,4.63,2953900,NaN,NaN,NaN,NaN,NaN,NaN,NaN
1519261200,4.6,4.68,4.58,4.58,1381600,NaN,NaN,NaN,NaN,NaN,NaN,NaN
1519347600,4.55,4.6,4.51,4.51,1703300,NaN,NaN,NaN,NaN,NaN,NaN,NaN
1519606800,4.52,4.57,4.51,4.53,1953400,NaN,NaN,NaN,NaN,NaN,NaN,NaN
1519693200,4.56,4.62,4.54,4.54,1625500,NaN,NaN,NaN,NaN,NaN,NaN,NaN
1519779600,4.54,4.56,4.14,4.14,13611900,NaN,NaN,NaN,NaN,NaN,NaN,NaN
1519866000,4.1,4.22,4.08,4.08,10711900,NaN,NaN,NaN,NaN,NaN,NaN,NaN
1519952400,4.08,4.17,4.08,4.1,4147500,NaN,NaN,NaN,NaN,NaN,NaN,NaN
1520211600,4.11,4.15,4.05,4.06,2634600,NaN,NaN,NaN,NaN,NaN,NaN,NaN
1520298000,4.09,4.1,4.03,4.04,3566100,NaN,NaN,NaN,NaN,NaN,NaN,NaN
1520384400,4.03,4.04,3.92,3.92,5746600,NaN,NaN,NaN,NaN,NaN,NaN,NaN
1520470800,3.93,4,3.93,3.97,3021500,NaN,NaN,NaN,NaN,NaN,NaN,NaN
1520557200,4,4.05,4,4.03,2327100,NaN,NaN,NaN,NaN,NaN,NaN,NaN
1520816400,4.04,4.07,4.04,4.07,1914700,NaN,NaN,NaN,NaN,NaN,NaN,NaN
1520902800,4.07,4.19,4.04,4.19,2375300,NaN,NaN,NaN,NaN,NaN,NaN,NaN
1520989200,4.16,4.17,4.07,4.08,1835900,NaN,NaN,NaN,NaN,NaN,NaN,NaN
1521075600,4.05,4.09,4.04,4.07,2398900,NaN,NaN,NaN,NaN,NaN,NaN,NaN
1521162000,4.06,4.15,4.05,4.12,5194100,NaN,NaN,NaN,NaN,NaN,NaN,NaN
1521421200,4.14,4.17,4.09,4.15,1816000,NaN,NaN,NaN,NaN,NaN,NaN,NaN
1521507600,4.12,4.15,4.1,4.14,1599500,NaN,NaN,NaN,NaN,NaN,NaN,NaN
1521594000,4.14,4.16,4.12,4.16,2334400,NaN,NaN,NaN,NaN,NaN,NaN,NaN
1521680400,4.15,4.18,4.14,4.18,763700,NaN,NaN,NaN,NaN,NaN,NaN,NaN
1521766800,4.12,4.12,4.07,4.1,1110000,NaN,NaN,NaN,NaN,NaN,NaN,NaN
1522026000,4.07,4.09,4.05,4.05,1477600,NaN,NaN,NaN,NaN,NaN,NaN,NaN
1522112400,4.07,4.09,4.05,4.05,1737100,NaN,NaN,NaN,NaN,NaN,NaN,NaN
1522198800,4.04,4.04,3.94,3.94,4041100,NaN,NaN,NaN,NaN,NaN,NaN,NaN
1522285200,3.94,3.97,3.88,3.88,2924200,NaN,NaN,NaN,NaN,NaN,NaN,NaN
1522371600,3.89,3.95,3.88,3.89,1761900,3007694950,137881243000,120221233000,373718000,1900281000,16469890000,3.8560411311054
1522630800,3.89,3.93,3.88,3.9,1542300,NaN,NaN,NaN,NaN,NaN,NaN,NaN
1522717200,3.89,3.9,3.86,3.87,1319500,NaN,NaN,NaN,NaN,NaN,NaN,NaN
1522803600,3.87,3.9,3.61,3.61,3636000,NaN,NaN,NaN,NaN,NaN,NaN,NaN
1522890000,3.7,3.82,3.7,3.81,2624400,NaN,NaN,NaN,NaN,NaN,NaN,NaN
1522976400,3.81,3.81,3.68,3.69,2873300,NaN,NaN,NaN,NaN,NaN,NaN,NaN
1523235600,3.69,3.74,3.68,3.74,2287900,NaN,NaN,NaN,NaN,NaN,NaN,NaN
1523322000,3.74,3.95,3.7,3.92,2251400,NaN,NaN,NaN,NaN,NaN,NaN,NaN
1523408400,3.95,4,3.94,3.98,4524700,NaN,NaN,NaN,NaN,NaN,NaN,NaN
1523494800,3.98,4,3.9,4,2404000,NaN,NaN,NaN,NaN,NaN,NaN,NaN
1523581200,3.97,4,3.95,4,1955400,NaN,NaN,NaN,NaN,NaN,NaN,NaN
1523840400,4,4.03,3.96,4,568000,NaN,NaN,NaN,NaN,NaN,NaN,NaN
1523926800,3.97,4.01,3.9,3.95,1451600,NaN,NaN,NaN,NaN,NaN,NaN,NaN
1524013200,4,4,3.87,3.9,1968900,NaN,NaN,NaN,NaN,NaN,NaN,NaN
1524099600,3.92,3.95,3.85,3.92,2398500,NaN,NaN,NaN,NaN,NaN,NaN,NaN
1524186000,3.94,3.95,3.81,3.88,1653300,NaN,NaN,NaN,NaN,NaN,NaN,NaN
1524445200,3.88,3.9,3.85,3.86,1073600,NaN,NaN,NaN,NaN,NaN,NaN,NaN
1524531600,3.9,3.9,3.8,3.8,1730900,NaN,NaN,NaN,NaN,NaN,NaN,NaN
1524618000,3.8,3.81,3.74,3.78,1310300,NaN,NaN,NaN,NaN,NaN,NaN,NaN
1524704400,3.77,3.81,3.73,3.73,3668600,NaN,NaN,NaN,NaN,NaN,NaN,NaN
1524790800,3.79,3.79,3.75,3.78,1432000,NaN,NaN,NaN,NaN,NaN,NaN,NaN
1525050000,3.79,3.95,3.79,3.9,3011400,NaN,NaN,NaN,NaN,NaN,NaN,NaN
1525222800,3.88,3.9,3.76,3.8,4554600,NaN,NaN,NaN,NaN,NaN,NaN,NaN
1525309200,3.8,3.83,3.76,3.77,2329200,NaN,NaN,NaN,NaN,NaN,NaN,NaN
1525395600,3.77,3.78,3.71,3.71,3466400,NaN,NaN,NaN,NaN,NaN,NaN,NaN
1525654800,3.73,3.73,3.65,3.68,2169100,NaN,NaN,NaN,NaN,NaN,NaN,NaN
1525741200,3.68,3.75,3.67,3.72,4129100,NaN,NaN,NaN,NaN,NaN,NaN,NaN
1526259600,3.53,3.68,3.4,3.45,18129300,NaN,NaN,NaN,NaN,NaN,NaN,NaN
1526346000,3.5,3.61,3.5,3.51,5291500,NaN,NaN,NaN,NaN,NaN,NaN,NaN
1526432400,3.54,3.6,3.53,3.58,4731500,NaN,NaN,NaN,NaN,NaN,NaN,NaN
1526518800,3.59,3.62,3.5,3.5,5213400,NaN,NaN,NaN,NaN,NaN,NaN,NaN
1526605200,3.54,3.6,3.51,3.53,5559000,NaN,NaN,NaN,NaN,NaN,NaN,NaN
1526864400,3.55,3.6,3.54,3.56,4506300,NaN,NaN,NaN,NaN,NaN,NaN,NaN
1526950800,3.59,3.61,3.56,3.59,2516400,NaN,NaN,NaN,NaN,NaN,NaN,NaN
1527037200,3.61,3.61,3.55,3.57,3509400,NaN,NaN,NaN,NaN,NaN,NaN,NaN
1527123600,3.57,3.58,3.51,3.54,4175100,NaN,NaN,NaN,NaN,NaN,NaN,NaN
1527210000,3.55,3.58,3.55,3.58,2625900,NaN,NaN,NaN,NaN,NaN,NaN,NaN
1527469200,3.6,3.67,3.57,3.65,1561600,NaN,NaN,NaN,NaN,NaN,NaN,NaN
1527642000,3.63,3.63,3.52,3.52,5271600,NaN,NaN,NaN,NaN,NaN,NaN,NaN
1527728400,3.55,3.66,3.54,3.55,9019700,NaN,NaN,NaN,NaN,NaN,NaN,NaN
1527814800,3.56,3.65,3.55,3.61,5447500,NaN,NaN,NaN,NaN,NaN,NaN,NaN
1528074000,3.61,3.81,3.61,3.77,4549700,NaN,NaN,NaN,NaN,NaN,NaN,NaN
1528160400,3.83,3.83,3.74,3.81,3665200,NaN,NaN,NaN,NaN,NaN,NaN,NaN
1528246800,3.8,3.82,3.77,3.79,3637000,NaN,NaN,NaN,NaN,NaN,NaN,NaN
1528333200,3.79,3.92,3.79,3.85,4560900,NaN,NaN,NaN,NaN,NaN,NaN,NaN
1528419600,3.86,3.88,3.82,3.82,3492600,NaN,NaN,NaN,NaN,NaN,NaN,NaN
1528678800,3.82,3.91,3.82,3.9,2511700,NaN,NaN,NaN,NaN,NaN,NaN,NaN
1528765200,3.92,3.92,3.85,3.9,2293300,NaN,NaN,NaN,NaN,NaN,NaN,NaN
1528851600,3.9,3.9,3.8,3.81,2717000,NaN,NaN,NaN,NaN,NaN,NaN,NaN
1528938000,3.81,3.82,3.74,3.82,6178300,NaN,NaN,NaN,NaN,NaN,NaN,NaN
1529283600,3.8,3.87,3.76,3.85,5187100,NaN,NaN,NaN,NaN,NaN,NaN,NaN
1529370000,3.8,3.87,3.76,3.83,3532800,NaN,NaN,NaN,NaN,NaN,NaN,NaN
1529456400,3.79,3.83,3.77,3.78,3796500,NaN,NaN,NaN,NaN,NaN,NaN,NaN
1529542800,3.78,3.8,3.67,3.7,2919200,NaN,NaN,NaN,NaN,NaN,NaN,NaN
1529629200,3.7,3.72,3.6,3.65,4868800,NaN,NaN,NaN,NaN,NaN,NaN,NaN
1529888400,3.65,3.7,3.64,3.67,2617200,NaN,NaN,NaN,NaN,NaN,NaN,NaN
1529974800,3.65,3.68,3.62,3.65,2434500,NaN,NaN,NaN,NaN,NaN,NaN,NaN
1530061200,3.65,3.68,3.64,3.67,2037800,NaN,NaN,NaN,NaN,NaN,NaN,NaN
1530147600,3.66,3.68,3.6,3.67,3011800,NaN,NaN,NaN,NaN,NaN,NaN,NaN
1530234000,3.69,3.76,3.68,3.75,1256100,3009281600,144989064000,126934796000,487097000,1893959000,16874260999.999998,4
1530493200,3.75,3.76,3.69,3.75,1566500,NaN,NaN,NaN,NaN,NaN,NaN,NaN
1530579600,3.75,3.76,3.72,3.74,659500,NaN,NaN,NaN,NaN,NaN,NaN,NaN
1530666000,3.74,3.77,3.73,3.75,497800,NaN,NaN,NaN,NaN,NaN,NaN,NaN
1530752400,3.76,3.79,3.74,3.78,537000,NaN,NaN,NaN,NaN,NaN,NaN,NaN
1530838800,3.79,3.79,3.73,3.74,1350500,NaN,NaN,NaN,NaN,NaN,NaN,NaN
1531098000,3.74,3.77,3.7,3.76,748600,NaN,NaN,NaN,NaN,NaN,NaN,NaN
1531184400,3.76,3.83,3.76,3.83,1174500,NaN,NaN,NaN,NaN,NaN,NaN,NaN
1531270800,3.81,3.86,3.79,3.86,2245600,NaN,NaN,NaN,NaN,NaN,NaN,NaN
1531357200,3.84,3.93,3.81,3.91,4126300,NaN,NaN,NaN,NaN,NaN,NaN,NaN
1531443600,3.9,3.98,3.87,3.98,2787400,NaN,NaN,NaN,NaN,NaN,NaN,NaN
1531702800,3.93,3.97,3.92,3.95,1882800,NaN,NaN,NaN,NaN,NaN,NaN,NaN
1531789200,3.95,3.95,3.9,3.94,898100,NaN,NaN,NaN,NaN,NaN,NaN,NaN
1531875600,3.93,4.02,3.89,4.02,2396400,NaN,NaN,NaN,NaN,NaN,NaN,NaN
1531962000,4.02,4.09,3.97,4,1932500,NaN,NaN,NaN,NaN,NaN,NaN,NaN
1532048400,4,4.02,3.99,4,1804900,NaN,NaN,NaN,NaN,NaN,NaN,NaN
1532307600,4.03,4.06,4.01,4.04,800300,NaN,NaN,NaN,NaN,NaN,NaN,NaN
1532394000,4.03,4.08,4.03,4.03,2113800,NaN,NaN,NaN,NaN,NaN,NaN,NaN
1532480400,4.03,4.07,4.03,4.04,936200,NaN,NaN,NaN,NaN,NaN,NaN,NaN
1532566800,4.04,4.07,4.03,4.06,1361800,NaN,NaN,NaN,NaN,NaN,NaN,NaN
1532653200,4.05,4.08,4.02,4.06,1025800,NaN,NaN,NaN,NaN,NaN,NaN,NaN
1532912400,4.05,4.07,4.03,4.06,796700,NaN,NaN,NaN,NaN,NaN,NaN,NaN
1532998800,4.03,4.06,4.02,4.02,1660200,NaN,NaN,NaN,NaN,NaN,NaN,NaN
1533085200,4.03,4.06,4.02,4.03,1462900,NaN,NaN,NaN,NaN,NaN,NaN,NaN
1533171600,4.03,4.05,3.98,3.99,1237400,NaN,NaN,NaN,NaN,NaN,NaN,NaN
1533258000,3.99,4.03,3.99,4,882600,NaN,NaN,NaN,NaN,NaN,NaN,NaN
1533517200,4,4.06,4,4.04,1313000,NaN,NaN,NaN,NaN,NaN,NaN,NaN
1533603600,4.05,4.07,4.02,4.03,1315800,NaN,NaN,NaN,NaN,NaN,NaN,NaN
1533690000,4.03,4.06,4.03,4.05,2015500,NaN,NaN,NaN,NaN,NaN,NaN,NaN
1533776400,3.95,3.99,3.95,3.97,962300,NaN,NaN,NaN,NaN,NaN,NaN,NaN
1533862800,3.98,4.03,3.93,4.01,1964800,NaN,NaN,NaN,NaN,NaN,NaN,NaN
1534122000,3.98,3.99,3.95,3.95,849100,NaN,NaN,NaN,NaN,NaN,NaN,NaN
1534208400,3.95,3.97,3.92,3.94,1764600,NaN,NaN,NaN,NaN,NaN,NaN,NaN
1534294800,3.95,3.95,3.93,3.93,823200,NaN,NaN,NaN,NaN,NaN,NaN,NaN
1534381200,3.93,3.93,3.88,3.89,1368400,NaN,NaN,NaN,NaN,NaN,NaN,NaN
1534467600,3.9,3.92,3.85,3.85,1106300,NaN,NaN,NaN,NaN,NaN,NaN,NaN
1534726800,3.87,3.93,3.85,3.86,690200,NaN,NaN,NaN,NaN,NaN,NaN,NaN
1534813200,3.88,4.02,3.88,4,2168800,NaN,NaN,NaN,NaN,NaN,NaN,NaN
1534986000,4.06,4.15,4.06,4.15,6781100,NaN,NaN,NaN,NaN,NaN,NaN,NaN
1535072400,4.15,4.15,4.08,4.14,5411800,NaN,NaN,NaN,NaN,NaN,NaN,NaN
1535331600,4.14,4.16,4.13,4.14,3882800,NaN,NaN,NaN,NaN,NaN,NaN,NaN
1535418000,4.14,4.17,4.14,4.15,5563100,NaN,NaN,NaN,NaN,NaN,NaN,NaN
1535504400,4.15,4.17,4.14,4.15,4753900,NaN,NaN,NaN,NaN,NaN,NaN,NaN
1535590800,4.16,4.16,4.09,4.1,6938100,NaN,NaN,NaN,NaN,NaN,NaN,NaN
1535936400,4.09,4.12,4,4.1,2540900,NaN,NaN,NaN,NaN,NaN,NaN,NaN
1536022800,4.09,4.13,4.04,4.11,2610300,NaN,NaN,NaN,NaN,NaN,NaN,NaN
1536109200,4.05,4.1,4.03,4.09,2621000,NaN,NaN,NaN,NaN,NaN,NaN,NaN
1536195600,4.08,4.1,4.06,4.06,3425000,NaN,NaN,NaN,NaN,NaN,NaN,NaN
1536282000,4.05,4.09,4.05,4.07,1894600,NaN,NaN,NaN,NaN,NaN,NaN,NaN
1536714000,4.08,4.1,3.91,3.95,2813600,NaN,NaN,NaN,NaN,NaN,NaN,NaN
1536800400,3.98,4,3.93,3.98,1372700,NaN,NaN,NaN,NaN,NaN,NaN,NaN
1536886800,3.96,4.07,3.96,4.07,1749200,NaN,NaN,NaN,NaN,NaN,NaN,NaN
1537232400,4,4.07,3.97,4.07,2063300,NaN,NaN,NaN,NaN,NaN,NaN,NaN
1537318800,4.06,4.09,4.05,4.08,1263600,NaN,NaN,NaN,NaN,NaN,NaN,NaN
1537405200,4.08,4.11,4.06,4.09,2785900,NaN,NaN,NaN,NaN,NaN,NaN,NaN
1537491600,4.11,4.15,4.08,4.15,3088100,NaN,NaN,NaN,NaN,NaN,NaN,NaN
1537750800,4.14,4.14,4.08,4.13,543100,NaN,NaN,NaN,NaN,NaN,NaN,NaN
1537837200,4.13,4.13,4.08,4.09,757800,NaN,NaN,NaN,NaN,NaN,NaN,NaN
1537923600,4.08,4.1,4.06,4.07,890800,NaN,NaN,NaN,NaN,NaN,NaN,NaN
1538010000,4.07,4.1,4.06,4.1,1627100,NaN,NaN,NaN,NaN,NaN,NaN,NaN
1538096400,4.1,4.13,4.06,4.13,3749500,3009233250,148212987000,130261299000,478341000,2042477000,16983438999.999998,3.6319612590799
1538355600,4.11,4.13,4.09,4.13,506100,NaN,NaN,NaN,NaN,NaN,NaN,NaN
1538442000,4.13,4.13,4.1,4.13,1477400,NaN,NaN,NaN,NaN,NaN,NaN,NaN
1538528400,4.11,4.13,4.1,4.12,1792500,NaN,NaN,NaN,NaN,NaN,NaN,NaN
1538614800,4.11,4.12,4.08,4.11,929200,NaN,NaN,NaN,NaN,NaN,NaN,NaN
1538701200,4.11,4.11,4.06,4.08,1733400,NaN,NaN,NaN,NaN,NaN,NaN,NaN
1538960400,4.09,4.09,4,4,650700,NaN,NaN,NaN,NaN,NaN,NaN,NaN
1539046800,4.06,4.06,4.01,4.01,218400,NaN,NaN,NaN,NaN,NaN,NaN,NaN
1539133200,4.01,4.04,3.92,3.99,1916600,NaN,NaN,NaN,NaN,NaN,NaN,NaN
1539219600,3.9,3.97,3.85,3.95,3300200,NaN,NaN,NaN,NaN,NaN,NaN,NaN
1539306000,3.91,4.04,3.9,4,2726200,NaN,NaN,NaN,NaN,NaN,NaN,NaN
1539565200,4.01,4.01,3.94,3.96,1758500,NaN,NaN,NaN,NaN,NaN,NaN,NaN
1539651600,3.96,3.98,3.96,3.97,450300,NaN,NaN,NaN,NaN,NaN,NaN,NaN
1539738000,4,4,3.96,3.99,437500,NaN,NaN,NaN,NaN,NaN,NaN,NaN
1539824400,3.98,4,3.92,4,684400,NaN,NaN,NaN,NaN,NaN,NaN,NaN
1539910800,3.99,3.99,3.92,3.98,2200000,NaN,NaN,NaN,NaN,NaN,NaN,NaN
1540170000,3.98,3.99,3.95,3.95,402000,NaN,NaN,NaN,NaN,NaN,NaN,NaN
1540256400,3.92,3.96,3.88,3.88,844600,NaN,NaN,NaN,NaN,NaN,NaN,NaN
1540342800,3.89,3.95,3.82,3.82,597800,NaN,NaN,NaN,NaN,NaN,NaN,NaN
1540429200,3.8,3.8,3.7,3.73,2584100,NaN,NaN,NaN,NaN,NaN,NaN,NaN
1540515600,3.74,3.77,3.7,3.7,596200,NaN,NaN,NaN,NaN,NaN,NaN,NaN
1540774800,3.7,3.75,3.7,3.73,1549600,NaN,NaN,NaN,NaN,NaN,NaN,NaN
1540861200,3.71,3.77,3.7,3.71,2385400,NaN,NaN,NaN,NaN,NaN,NaN,NaN
1540947600,3.73,3.82,3.71,3.8,3482600,NaN,NaN,NaN,NaN,NaN,NaN,NaN
1541034000,3.81,3.9,3.77,3.88,1287100,NaN,NaN,NaN,NaN,NaN,NaN,NaN
1541120400,3.88,3.98,3.86,3.92,1459700,NaN,NaN,NaN,NaN,NaN,NaN,NaN
1541379600,3.96,3.96,3.86,3.93,1126900,NaN,NaN,NaN,NaN,NaN,NaN,NaN
1541552400,3.91,4.04,3.91,4.04,1643900,NaN,NaN,NaN,NaN,NaN,NaN,NaN
1541638800,4.04,4.09,4.03,4.08,4267900,NaN,NaN,NaN,NaN,NaN,NaN,NaN
1541725200,4.08,4.08,4,4.04,686700,NaN,NaN,NaN,NaN,NaN,NaN,NaN
1541984400,4,4.01,3.96,3.97,855600,NaN,NaN,NaN,NaN,NaN,NaN,NaN
1542070800,3.95,3.99,3.94,3.94,699300,NaN,NaN,NaN,NaN,NaN,NaN,NaN
1542157200,3.94,3.98,3.94,3.96,739700,NaN,NaN,NaN,NaN,NaN,NaN,NaN
1542243600,3.97,4.05,3.97,4,8036900,NaN,NaN,NaN,NaN,NaN,NaN,NaN
1542330000,4.04,4.08,4.03,4.07,6336600,NaN,NaN,NaN,NaN,NaN,NaN,NaN
1542589200,4.08,4.15,4.06,4.15,3028900,NaN,NaN,NaN,NaN,NaN,NaN,NaN
1542762000,4.12,4.2,4.07,4.2,2749900,NaN,NaN,NaN,NaN,NaN,NaN,NaN
1542848400,4.2,4.22,4.11,4.19,3370400,NaN,NaN,NaN,NaN,NaN,NaN,NaN
1542934800,4.19,4.23,4.14,4.22,2324600,NaN,NaN,NaN,NaN,NaN,NaN,NaN
1543194000,4.22,4.29,4.19,4.26,7132700,NaN,NaN,NaN,NaN,NaN,NaN,NaN
1543280400,4.26,4.28,4.2,4.24,5992600,NaN,NaN,NaN,NaN,NaN,NaN,NaN
1543366800,4.24,4.29,4.24,4.27,3611300,NaN,NaN,NaN,NaN,NaN,NaN,NaN
1543453200,4.28,4.33,4.25,4.28,4499600,NaN,NaN,NaN,NaN,NaN,NaN,NaN
1543539600,4.3,4.32,4.21,4.26,5703700,NaN,NaN,NaN,NaN,NaN,NaN,NaN
1543798800,4.26,4.33,4.24,4.24,6362900,NaN,NaN,NaN,NaN,NaN,NaN,NaN
1543885200,4.27,4.3,4.22,4.24,5890500,NaN,NaN,NaN,NaN,NaN,NaN,NaN
1543971600,4.24,4.26,4.2,4.25,3745500,NaN,NaN,NaN,NaN,NaN,NaN,NaN
1544058000,4.27,4.31,4.22,4.3,4205600,NaN,NaN,NaN,NaN,NaN,NaN,NaN
1544144400,4.34,4.44,4.34,4.4,8259500,NaN,NaN,NaN,NaN,NaN,NaN,NaN
1544403600,4.39,4.42,4.34,4.39,3311300,NaN,NaN,NaN,NaN,NaN,NaN,NaN
1544490000,4.39,4.43,4.37,4.39,2351300,NaN,NaN,NaN,NaN,NaN,NaN,NaN
1544576400,4.4,4.4,4.35,4.39,3918000,NaN,NaN,NaN,NaN,NaN,NaN,NaN
1544662800,4.39,4.43,4.38,4.43,3474000,NaN,NaN,NaN,NaN,NaN,NaN,NaN
1544749200,4.4,4.4,4.34,4.39,1952900,NaN,NaN,NaN,NaN,NaN,NaN,NaN
1545008400,4.34,4.37,4.2,4.2,1142700,NaN,NaN,NaN,NaN,NaN,NaN,NaN
1545094800,4.15,4.28,4.15,4.24,1074200,NaN,NaN,NaN,NaN,NaN,NaN,NaN
1545181200,4.29,4.29,4.2,4.24,830100,NaN,NaN,NaN,NaN,NaN,NaN,NaN
1545267600,4.16,4.32,4.14,4.22,3021400,NaN,NaN,NaN,NaN,NaN,NaN,NaN
1545354000,4.23,4.27,4.19,4.2,5423200,NaN,NaN,NaN,NaN,NaN,NaN,NaN
1545613200,4.2,4.35,4.18,4.24,1959200,NaN,NaN,NaN,NaN,NaN,NaN,NaN
1545786000,4.22,4.3,4.19,4.27,1039900,NaN,NaN,NaN,NaN,NaN,NaN,NaN
1545872400,4.28,4.36,4.28,4.34,1697900,NaN,NaN,NaN,NaN,NaN,NaN,NaN
1545958800,4.35,4.39,4.3,4.33,1500000,NaN,NaN,NaN,NaN,NaN,NaN,NaN
1546218000,4.34,4.38,4.34,4.34,1791300,3009233250,154247253000,136062432000,495194000,2079565000,17200859000,3.45622119815668
1546390800,4.34,4.34,4.21,4.31,2678400,NaN,NaN,NaN,NaN,NaN,NaN,NaN
1546477200,4.34,4.35,4.26,4.33,1253100,NaN,NaN,NaN,NaN,NaN,NaN,NaN
1546563600,4.29,4.37,4.29,4.34,2098400,NaN,NaN,NaN,NaN,NaN,NaN,NaN
1546822800,4.35,4.58,4.35,4.58,5600600,NaN,NaN,NaN,NaN,NaN,NaN,NaN
1546909200,4.59,4.59,4.42,4.42,4695500,NaN,NaN,NaN,NaN,NaN,NaN,NaN
1546995600,4.48,4.5,4.43,4.48,2842900,NaN,NaN,NaN,NaN,NaN,NaN,NaN
1547082000,4.5,4.52,4.44,4.48,3532500,NaN,NaN,NaN,NaN,NaN,NaN,NaN
1547168400,4.48,4.53,4.46,4.48,2398700,NaN,NaN,NaN,NaN,NaN,NaN,NaN
1547427600,4.49,4.52,4.46,4.48,1939200,NaN,NaN,NaN,NaN,NaN,NaN,NaN
1547514000,4.5,4.54,4.48,4.51,3051800,NaN,NaN,NaN,NaN,NaN,NaN,NaN
1547600400,4.51,4.59,4.51,4.56,3355400,NaN,NaN,NaN,NaN,NaN,NaN,NaN
1547686800,4.56,4.59,4.52,4.53,2080400,NaN,NaN,NaN,NaN,NaN,NaN,NaN
1547773200,4.53,4.55,4.48,4.5,2664100,NaN,NaN,NaN,NaN,NaN,NaN,NaN
1548118800,4.53,4.57,4.52,4.53,3211500,NaN,NaN,NaN,NaN,NaN,NaN,NaN
1548205200,4.53,4.56,4.48,4.5,1702600,NaN,NaN,NaN,NaN,NaN,NaN,NaN
1548291600,4.53,4.55,4.51,4.53,7121500,NaN,NaN,NaN,NaN,NaN,NaN,NaN
1548378000,4.51,4.54,4.43,4.49,3328600,NaN,NaN,NaN,NaN,NaN,NaN,NaN
1548637200,4.5,4.5,4.46,4.49,3659000,NaN,NaN,NaN,NaN,NaN,NaN,NaN
1548723600,4.5,4.5,4.4,4.42,4735400,NaN,NaN,NaN,NaN,NaN,NaN,NaN
1548810000,4.48,4.48,4.38,4.41,2639300,NaN,NaN,NaN,NaN,NaN,NaN,NaN
1548896400,4.46,4.5,4.37,4.5,6891600,NaN,NaN,NaN,NaN,NaN,NaN,NaN
1549242000,4.49,4.55,4.47,4.54,2553300,NaN,NaN,NaN,NaN,NaN,NaN,NaN
1549501200,4.54,4.54,4.47,4.5,2171400,NaN,NaN,NaN,NaN,NaN,NaN,NaN
1549587600,4.5,4.54,4.49,4.5,3546600,NaN,NaN,NaN,NaN,NaN,NaN,NaN
1549846800,4.47,4.54,4.47,4.51,1417100,NaN,NaN,NaN,NaN,NaN,NaN,NaN
1549933200,4.53,4.53,4.41,4.46,1545600,NaN,NaN,NaN,NaN,NaN,NaN,NaN
1550019600,4.46,4.49,4.44,4.46,4483000,NaN,NaN,NaN,NaN,NaN,NaN,NaN
1550106000,4.5,4.5,4.43,4.45,3784300,NaN,NaN,NaN,NaN,NaN,NaN,NaN
1550192400,4.45,4.48,4.42,4.43,2132700,NaN,NaN,NaN,NaN,NaN,NaN,NaN
1550451600,4.43,4.47,4.4,4.42,1455000,NaN,NaN,NaN,NaN,NaN,NaN,NaN
1550538000,4.4,4.43,4.4,4.42,6619000,NaN,NaN,NaN,NaN,NaN,NaN,NaN
1550624400,4.47,4.52,4.44,4.45,3194100,NaN,NaN,NaN,NaN,NaN,NaN,NaN
1550710800,4.45,4.59,4.45,4.55,3080000,NaN,NaN,NaN,NaN,NaN,NaN,NaN
1550797200,4.55,4.59,4.55,4.58,1190500,NaN,NaN,NaN,NaN,NaN,NaN,NaN
1551056400,4.58,4.58,4.54,4.55,1681800,NaN,NaN,NaN,NaN,NaN,NaN,NaN
1551142800,4.55,4.59,4.51,4.58,4597800,NaN,NaN,NaN,NaN,NaN,NaN,NaN
1551229200,4.59,4.59,4.57,4.58,2962900,NaN,NaN,NaN,NaN,NaN,NaN,NaN
1551315600,4.57,4.57,4.41,4.47,3129200,NaN,NaN,NaN,NaN,NaN,NaN,NaN
1551402000,4.47,4.51,4.42,4.5,2882100,NaN,NaN,NaN,NaN,NaN,NaN,NaN
1551661200,4.44,4.54,4.44,4.5,4152900,NaN,NaN,NaN,NaN,NaN,NaN,NaN
1551747600,4.45,4.52,4.45,4.49,2839200,NaN,NaN,NaN,NaN,NaN,NaN,NaN
1551834000,4.51,4.51,4.45,4.5,2097500,NaN,NaN,NaN,NaN,NaN,NaN,NaN
1551920400,4.46,4.57,4.46,4.5,1300800,NaN,NaN,NaN,NaN,NaN,NaN,NaN
1552006800,4.53,4.53,4.46,4.5,3455000,NaN,NaN,NaN,NaN,NaN,NaN,NaN
1552266000,4.5,4.53,4.46,4.46,1937300,NaN,NaN,NaN,NaN,NaN,NaN,NaN
1552352400,4.5,4.51,4.46,4.5,1838300,NaN,NaN,NaN,NaN,NaN,NaN,NaN
1552438800,4.5,4.52,4.49,4.51,2883300,NaN,NaN,NaN,NaN,NaN,NaN,NaN
1552525200,4.47,4.52,4.47,4.51,2456000,NaN,NaN,NaN,NaN,NaN,NaN,NaN
1552611600,4.53,4.6,4.51,4.6,5190700,NaN,NaN,NaN,NaN,NaN,NaN,NaN
1552870800,4.53,4.6,4.53,4.58,2605900,NaN,NaN,NaN,NaN,NaN,NaN,NaN
1552957200,4.59,4.6,4.54,4.59,1628700,NaN,NaN,NaN,NaN,NaN,NaN,NaN
1553043600,4.59,4.64,4.57,4.61,5933100,NaN,NaN,NaN,NaN,NaN,NaN,NaN
1553130000,4.62,4.62,4.44,4.47,2605600,NaN,NaN,NaN,NaN,NaN,NaN,NaN
1553216400,4.49,4.58,4.49,4.52,3657100,NaN,NaN,NaN,NaN,NaN,NaN,NaN
1553475600,4.46,4.55,4.46,4.5,1876800,NaN,NaN,NaN,NaN,NaN,NaN,NaN
1553562000,4.5,4.59,4.5,4.52,3528300,NaN,NaN,NaN,NaN,NaN,NaN,NaN
1553648400,4.53,4.58,4.5,4.53,5581000,NaN,NaN,NaN,NaN,NaN,NaN,NaN
1553734800,4.56,4.56,4.5,4.53,1877700,NaN,NaN,NaN,NaN,NaN,NaN,NaN
1553821200,4.53,4.57,4.5,4.56,4667800,3009233094,158793400000,140102948000,623700000,2005267000,17690953000,4.3859649122807
1554080400,4.51,4.57,4.42,4.45,2042200,NaN,NaN,NaN,NaN,NaN,NaN,NaN
1554166800,4.49,4.5,4.42,4.45,1947900,NaN,NaN,NaN,NaN,NaN,NaN,NaN
1554253200,4.44,4.46,4.42,4.46,4449300,NaN,NaN,NaN,NaN,NaN,NaN,NaN
1554339600,4.47,4.48,4.43,4.45,2432000,NaN,NaN,NaN,NaN,NaN,NaN,NaN
1554426000,4.46,4.46,4.41,4.43,1456100,NaN,NaN,NaN,NaN,NaN,NaN,NaN
1554685200,4.45,4.45,4.4,4.45,998100,NaN,NaN,NaN,NaN,NaN,NaN,NaN
1554771600,4.45,4.5,4.42,4.45,1276500,NaN,NaN,NaN,NaN,NaN,NaN,NaN
1554858000,4.46,4.47,4.43,4.44,2857900,NaN,NaN,NaN,NaN,NaN,NaN,NaN
1554944400,4.42,4.43,4.4,4.43,1709100,NaN,NaN,NaN,NaN,NaN,NaN,NaN
1555030800,4.42,4.45,4.42,4.45,2715800,NaN,NaN,NaN,NaN,NaN,NaN,NaN
1555290000,4.49,4.5,4.45,4.47,2322300,NaN,NaN,NaN,NaN,NaN,NaN,NaN
1555376400,4.47,4.49,4.44,4.46,2222700,NaN,NaN,NaN,NaN,NaN,NaN,NaN
1555462800,4.47,4.47,4.44,4.44,4868500,NaN,NaN,NaN,NaN,NaN,NaN,NaN
1555549200,4.44,4.54,4.43,4.49,2648900,NaN,NaN,NaN,NaN,NaN,NaN,NaN
1555635600,4.45,4.5,4.45,4.47,490400,NaN,NaN,NaN,NaN,NaN,NaN,NaN
1555894800,4.47,4.48,4.43,4.45,558600,NaN,NaN,NaN,NaN,NaN,NaN,NaN
1555981200,4.45,4.47,4.42,4.46,458700,NaN,NaN,NaN,NaN,NaN,NaN,NaN
1556067600,4.47,4.53,4.45,4.5,2432400,NaN,NaN,NaN,NaN,NaN,NaN,NaN
1556154000,4.45,4.49,4.43,4.45,1941500,NaN,NaN,NaN,NaN,NaN,NaN,NaN
1556240400,4.49,4.49,4.43,4.44,2261500,NaN,NaN,NaN,NaN,NaN,NaN,NaN
1556499600,4.44,4.5,4.44,4.5,754800,NaN,NaN,NaN,NaN,NaN,NaN,NaN
1556586000,4.46,4.51,4.45,4.47,1843800,NaN,NaN,NaN,NaN,NaN,NaN,NaN
1556758800,4.45,4.47,4.41,4.42,1539300,NaN,NaN,NaN,NaN,NaN,NaN,NaN
1556845200,4.45,4.45,4.4,4.45,2177600,NaN,NaN,NaN,NaN,NaN,NaN,NaN
1557104400,4.47,4.48,4.4,4.48,2485500,NaN,NaN,NaN,NaN,NaN,NaN,NaN
1557190800,4.5,4.5,4.38,4.44,3544600,NaN,NaN,NaN,NaN,NaN,NaN,NaN
1557277200,4.47,4.58,4.42,4.55,5433200,NaN,NaN,NaN,NaN,NaN,NaN,NaN
1557363600,4.55,4.55,4.41,4.43,4230400,NaN,NaN,NaN,NaN,NaN,NaN,NaN
1557450000,4.43,4.47,4.4,4.4,6696300,NaN,NaN,NaN,NaN,NaN,NaN,NaN
1557709200,4.42,4.42,4.26,4.39,3561500,NaN,NaN,NaN,NaN,NaN,NaN,NaN
1557795600,4.27,4.35,4.17,4.31,5210500,NaN,NaN,NaN,NaN,NaN,NaN,NaN
1557882000,4.31,4.38,4.3,4.36,1593800,NaN,NaN,NaN,NaN,NaN,NaN,NaN
1557968400,4.36,4.36,4.31,4.33,1603100,NaN,NaN,NaN,NaN,NaN,NaN,NaN
1558054800,4.32,4.46,4.3,4.35,2228200,NaN,NaN,NaN,NaN,NaN,NaN,NaN
1558400400,4.46,4.46,4.34,4.39,1045900,NaN,NaN,NaN,NaN,NaN,NaN,NaN
1558573200,4.37,4.42,4.3,4.3,3323100,NaN,NaN,NaN,NaN,NaN,NaN,NaN
1558659600,4.29,4.36,4.28,4.33,1265500,NaN,NaN,NaN,NaN,NaN,NaN,NaN
1558918800,4.33,4.38,4.22,4.27,1211000,NaN,NaN,NaN,NaN,NaN,NaN,NaN
1559005200,4.24,4.45,4.24,4.39,9943800,NaN,NaN,NaN,NaN,NaN,NaN,NaN
1559091600,4.41,4.44,4.32,4.36,4334300,NaN,NaN,NaN,NaN,NaN,NaN,NaN
1559178000,4.38,4.55,4.36,4.48,2498600,NaN,NaN,NaN,NaN,NaN,NaN,NaN
1559264400,4.48,4.48,4.4,4.43,2709500,NaN,NaN,NaN,NaN,NaN,NaN,NaN
1559523600,4.43,4.49,4.39,4.46,3096500,NaN,NaN,NaN,NaN,NaN,NaN,NaN
1559610000,4.46,4.46,4.36,4.38,2436800,NaN,NaN,NaN,NaN,NaN,NaN,NaN
1559869200,4.42,4.5,4.42,4.45,2634000,NaN,NaN,NaN,NaN,NaN,NaN,NaN
1560128400,4.48,4.48,4.42,4.45,1964100,NaN,NaN,NaN,NaN,NaN,NaN,NaN
1560214800,4.46,4.48,4.39,4.46,1657800,NaN,NaN,NaN,NaN,NaN,NaN,NaN
1560301200,4.45,4.46,4.4,4.45,2326200,NaN,NaN,NaN,NaN,NaN,NaN,NaN
1560387600,4.48,4.48,4.43,4.43,1832900,NaN,NaN,NaN,NaN,NaN,NaN,NaN
1560474000,4.48,4.48,4.37,4.41,2504100,NaN,NaN,NaN,NaN,NaN,NaN,NaN
1560733200,4.4,4.44,4.34,4.35,3130800,NaN,NaN,NaN,NaN,NaN,NaN,NaN
1560819600,4.35,4.36,4.32,4.35,2976000,NaN,NaN,NaN,NaN,NaN,NaN,NaN
1560906000,4.36,4.4,4.35,4.36,1676900,NaN,NaN,NaN,NaN,NaN,NaN,NaN
1560992400,4.4,4.4,4.36,4.39,5697600,NaN,NaN,NaN,NaN,NaN,NaN,NaN
1561078800,4.4,4.42,4.38,4.41,10493300,NaN,NaN,NaN,NaN,NaN,NaN,NaN
1561338000,4.41,4.42,4.39,4.4,983900,NaN,NaN,NaN,NaN,NaN,NaN,NaN
1561424400,4.25,4.33,4.21,4.3,3839000,NaN,NaN,NaN,NaN,NaN,NaN,NaN
1561510800,4.29,4.33,4.25,4.3,2771400,NaN,NaN,NaN,NaN,NaN,NaN,NaN
1561597200,4.3,4.33,4.19,4.24,4182100,NaN,NaN,NaN,NaN,NaN,NaN,NaN
1561683600,4.24,4.26,4.22,4.23,3071900,3009233094,156260036000,137039965000,552525000,2031177000,18180441000,4.72813238770686
1561942800,4.27,4.32,4.25,4.31,2018300,NaN,NaN,NaN,NaN,NaN,NaN,NaN
1562029200,4.34,4.41,4.3,4.39,4013500,NaN,NaN,NaN,NaN,NaN,NaN,NaN
1562115600,4.39,4.42,4.31,4.39,782100,NaN,NaN,NaN,NaN,NaN,NaN,NaN
1562202000,4.39,4.41,4.35,4.41,666000,NaN,NaN,NaN,NaN,NaN,NaN,NaN
1562288400,4.4,4.4,4.34,4.35,1390500,NaN,NaN,NaN,NaN,NaN,NaN,NaN
1562547600,4.35,4.38,4.3,4.33,1157100,NaN,NaN,NaN,NaN,NaN,NaN,NaN
1562634000,4.33,4.37,4.31,4.35,1041000,NaN,NaN,NaN,NaN,NaN,NaN,NaN
1562720400,4.37,4.38,4.28,4.31,1005700,NaN,NaN,NaN,NaN,NaN,NaN,NaN
1562806800,4.3,4.36,4.29,4.31,713900,NaN,NaN,NaN,NaN,NaN,NaN,NaN
1562893200,4.31,4.35,4.29,4.31,773900,NaN,NaN,NaN,NaN,NaN,NaN,NaN
1563152400,4.28,4.33,4.28,4.3,572600,NaN,NaN,NaN,NaN,NaN,NaN,NaN
1563238800,4.27,4.33,4.27,4.33,249400,NaN,NaN,NaN,NaN,NaN,NaN,NaN
1563325200,4.34,4.34,4.31,4.31,564300,NaN,NaN,NaN,NaN,NaN,NaN,NaN
1563411600,4.31,4.35,4.3,4.3,809500,NaN,NaN,NaN,NaN,NaN,NaN,NaN
1563498000,4.3,4.34,4.3,4.33,2172000,NaN,NaN,NaN,NaN,NaN,NaN,NaN
1563757200,4.31,4.33,4.29,4.33,525600,NaN,NaN,NaN,NaN,NaN,NaN,NaN
1563843600,4.29,4.34,4.28,4.29,1690200,NaN,NaN,NaN,NaN,NaN,NaN,NaN
1563930000,4.28,4.32,4.26,4.26,929400,NaN,NaN,NaN,NaN,NaN,NaN,NaN
1564016400,4.29,4.33,4.25,4.3,4615600,NaN,NaN,NaN,NaN,NaN,NaN,NaN
1564102800,4.28,4.29,4.22,4.24,1629900,NaN,NaN,NaN,NaN,NaN,NaN,NaN
1564362000,4.24,4.28,4.19,4.21,1541100,NaN,NaN,NaN,NaN,NaN,NaN,NaN
1564534800,4.18,4.25,4.15,4.23,5346700,NaN,NaN,NaN,NaN,NaN,NaN,NaN
1564621200,4.23,4.23,4.16,4.21,2067700,NaN,NaN,NaN,NaN,NaN,NaN,NaN
1564707600,4.19,4.22,4.1,4.13,3572500,NaN,NaN,NaN,NaN,NaN,NaN,NaN
1564966800,4.09,4.13,4.02,4.08,4516200,NaN,NaN,NaN,NaN,NaN,NaN,NaN
1565053200,4.05,4.08,4,4.03,2814600,NaN,NaN,NaN,NaN,NaN,NaN,NaN
1565139600,4.05,4.08,4.02,4.04,2127500,NaN,NaN,NaN,NaN,NaN,NaN,NaN
1565226000,4.04,4.2,4.02,4.12,2643800,NaN,NaN,NaN,NaN,NaN,NaN,NaN
1565312400,4.12,4.17,4.1,4.1,1618700,NaN,NaN,NaN,NaN,NaN,NaN,NaN
1565658000,4.08,4.12,3.98,3.98,1707400,NaN,NaN,NaN,NaN,NaN,NaN,NaN
1565744400,4.01,4.04,3.96,3.96,1838600,NaN,NaN,NaN,NaN,NaN,NaN,NaN
1565830800,3.9,3.95,3.9,3.94,2180000,NaN,NaN,NaN,NaN,NaN,NaN,NaN
1565917200,3.96,3.97,3.9,3.91,1402500,NaN,NaN,NaN,NaN,NaN,NaN,NaN
1566176400,3.92,3.94,3.9,3.91,1441800,NaN,NaN,NaN,NaN,NaN,NaN,NaN
1566262800,3.92,3.97,3.92,3.92,1296400,NaN,NaN,NaN,NaN,NaN,NaN,NaN
1566349200,3.95,3.97,3.89,3.9,1514000,NaN,NaN,NaN,NaN,NaN,NaN,NaN
1566435600,3.9,4.25,3.88,4.14,6346900,NaN,NaN,NaN,NaN,NaN,NaN,NaN
1566522000,4.16,4.16,4.08,4.13,1847500,NaN,NaN,NaN,NaN,NaN,NaN,NaN
1566781200,4.06,4.12,4.05,4.12,1507300,NaN,NaN,NaN,NaN,NaN,NaN,NaN
1566867600,4.15,4.22,3.98,3.98,8149700,NaN,NaN,NaN,NaN,NaN,NaN,NaN
1566954000,3.99,4.11,3.95,4.09,3219200,NaN,NaN,NaN,NaN,NaN,NaN,NaN
1567040400,4.07,4.11,4.03,4.07,1942500,NaN,NaN,NaN,NaN,NaN,NaN,NaN
1567126800,4.11,4.2,4.09,4.2,4122100,NaN,NaN,NaN,NaN,NaN,NaN,NaN
1567472400,4.16,4.18,3.98,3.98,3261200,NaN,NaN,NaN,NaN,NaN,NaN,NaN
1567558800,4,4.08,3.97,3.97,2462900,NaN,NaN,NaN,NaN,NaN,NaN,NaN
1567645200,4,4.1,3.98,4.1,3085800,NaN,NaN,NaN,NaN,NaN,NaN,NaN
1567731600,4.1,4.2,4.1,4.16,3187500,NaN,NaN,NaN,NaN,NaN,NaN,NaN
1568077200,4.16,4.2,4.12,4.18,2141100,NaN,NaN,NaN,NaN,NaN,NaN,NaN
1568163600,4.19,4.19,4.13,4.13,2070400,NaN,NaN,NaN,NaN,NaN,NaN,NaN
1568250000,4.13,4.19,4.05,4.05,1981700,NaN,NaN,NaN,NaN,NaN,NaN,NaN
1568336400,4.07,4.17,4.06,4.17,1355500,NaN,NaN,NaN,NaN,NaN,NaN,NaN
1568682000,4.13,4.15,4.06,4.1,2588000,NaN,NaN,NaN,NaN,NaN,NaN,NaN
1568768400,4.11,4.15,4.06,4.11,1277200,NaN,NaN,NaN,NaN,NaN,NaN,NaN
1568854800,4.1,4.13,4.07,4.13,746500,NaN,NaN,NaN,NaN,NaN,NaN,NaN
1568941200,4.15,4.21,4.1,4.21,5524900,NaN,NaN,NaN,NaN,NaN,NaN,NaN
1569200400,4.21,4.21,4.16,4.17,1765400,NaN,NaN,NaN,NaN,NaN,NaN,NaN
1569286800,4.17,4.22,4.16,4.22,1005200,NaN,NaN,NaN,NaN,NaN,NaN,NaN
1569373200,4.19,4.19,4.13,4.18,939500,NaN,NaN,NaN,NaN,NaN,NaN,NaN
1569459600,4.14,4.19,4.14,4.16,378500,NaN,NaN,NaN,NaN,NaN,NaN,NaN
1569546000,4.15,4.16,4.09,4.11,1413800,NaN,NaN,NaN,NaN,NaN,NaN,NaN
1569805200,4.12,4.14,4.08,4.14,1758700,3009233250,153796529000,134648833000.00002,482721000,2078605000,18157837000,5.07246376811594
1569891600,4.14,4.15,4.13,4.14,244900,NaN,NaN,NaN,NaN,NaN,NaN,NaN
1569978000,4.11,4.14,4.06,4.06,758800,NaN,NaN,NaN,NaN,NaN,NaN,NaN
1570064400,4.05,4.09,4.01,4.02,1249800,NaN,NaN,NaN,NaN,NaN,NaN,NaN
1570150800,4.02,4.04,3.96,3.97,1582600,NaN,NaN,NaN,NaN,NaN,NaN,NaN
1570410000,3.96,3.98,3.93,3.95,1068200,NaN,NaN,NaN,NaN,NaN,NaN,NaN
1570496400,3.95,3.96,3.93,3.94,2055800,NaN,NaN,NaN,NaN,NaN,NaN,NaN
1570582800,3.94,3.94,3.88,3.88,1788600,NaN,NaN,NaN,NaN,NaN,NaN,NaN
1570669200,3.89,3.89,3.81,3.83,2142300,NaN,NaN,NaN,NaN,NaN,NaN,NaN
1570755600,3.81,3.87,3.81,3.85,1361100,NaN,NaN,NaN,NaN,NaN,NaN,NaN
1571014800,3.85,3.92,3.83,3.84,2170500,NaN,NaN,NaN,NaN,NaN,NaN,NaN
1571101200,3.84,3.88,3.82,3.83,1529600,NaN,NaN,NaN,NaN,NaN,NaN,NaN
1571187600,3.83,3.9,3.83,3.9,2275600,NaN,NaN,NaN,NaN,NaN,NaN,NaN
1571274000,3.9,3.96,3.86,3.95,1586400,NaN,NaN,NaN,NaN,NaN,NaN,NaN
1571360400,3.9,4.02,3.88,4.02,4077700,NaN,NaN,NaN,NaN,NaN,NaN,NaN
1571619600,4,4.01,3.94,3.94,1416700,NaN,NaN,NaN,NaN,NaN,NaN,NaN
1571706000,3.94,3.99,3.92,3.98,2235800,NaN,NaN,NaN,NaN,NaN,NaN,NaN
1571792400,3.99,3.99,3.94,3.97,1081200,NaN,NaN,NaN,NaN,NaN,NaN,NaN
1571878800,3.95,3.99,3.91,3.93,1909300,NaN,NaN,NaN,NaN,NaN,NaN,NaN
1571965200,3.96,3.96,3.9,3.93,850800,NaN,NaN,NaN,NaN,NaN,NaN,NaN
1572310800,3.93,3.95,3.88,3.92,3221600,NaN,NaN,NaN,NaN,NaN,NaN,NaN
1572397200,3.92,3.95,3.89,3.92,2445200,NaN,NaN,NaN,NaN,NaN,NaN,NaN
1572483600,3.92,4.05,3.9,3.99,8136800,NaN,NaN,NaN,NaN,NaN,NaN,NaN
1572570000,4,4.03,3.96,3.98,1153000,NaN,NaN,NaN,NaN,NaN,NaN,NaN
1572829200,3.98,4.02,3.98,4.02,1299500,NaN,NaN,NaN,NaN,NaN,NaN,NaN
1572915600,4.03,4.13,4.01,4.1,2309700,NaN,NaN,NaN,NaN,NaN,NaN,NaN
1573002000,4.07,4.1,4.04,4.04,778800,NaN,NaN,NaN,NaN,NaN,NaN,NaN
1573088400,4.03,4.09,4.03,4.09,1651400,NaN,NaN,NaN,NaN,NaN,NaN,NaN
1573174800,4.1,4.18,4.08,4.14,2695200,NaN,NaN,NaN,NaN,NaN,NaN,NaN
1573434000,4.13,4.2,4.13,4.18,2894500,NaN,NaN,NaN,NaN,NaN,NaN,NaN
1573520400,4.19,4.19,4.16,4.19,1007800,NaN,NaN,NaN,NaN,NaN,NaN,NaN
1573606800,4.15,4.18,4.12,4.17,1398300,NaN,NaN,NaN,NaN,NaN,NaN,NaN
1573693200,4.14,4.18,4.11,4.15,1612500,NaN,NaN,NaN,NaN,NaN,NaN,NaN
1573779600,4.12,4.2,4.12,4.2,2739500,NaN,NaN,NaN,NaN,NaN,NaN,NaN
1574038800,4.2,4.2,4.15,4.19,739200,NaN,NaN,NaN,NaN,NaN,NaN,NaN
1574125200,4.16,4.2,4.15,4.18,1148600,NaN,NaN,NaN,NaN,NaN,NaN,NaN
1574211600,4.16,4.2,4.15,4.18,1097900,NaN,NaN,NaN,NaN,NaN,NaN,NaN
1574298000,4.16,4.16,4.01,4.06,2837500,NaN,NaN,NaN,NaN,NaN,NaN,NaN
1574384400,4.05,4.14,4.02,4.06,1479000,NaN,NaN,NaN,NaN,NaN,NaN,NaN
1574643600,4.05,4.1,4.01,4.03,770600,NaN,NaN,NaN,NaN,NaN,NaN,NaN
1574730000,4.03,4.1,4.01,4.09,5084900,NaN,NaN,NaN,NaN,NaN,NaN,NaN
1574816400,4.04,4.1,4.04,4.09,375400,NaN,NaN,NaN,NaN,NaN,NaN,NaN
1574902800,4.09,4.11,4.04,4.1,789700,NaN,NaN,NaN,NaN,NaN,NaN,NaN
1574989200,4.06,4.11,3.92,3.99,3583200,NaN,NaN,NaN,NaN,NaN,NaN,NaN
1575248400,4,4.04,3.94,3.94,1744800,NaN,NaN,NaN,NaN,NaN,NaN,NaN
1575334800,3.95,3.95,3.86,3.86,3896300,NaN,NaN,NaN,NaN,NaN,NaN,NaN
1575421200,3.87,3.88,3.81,3.82,3550500,NaN,NaN,NaN,NaN,NaN,NaN,NaN
1575507600,3.87,3.88,3.84,3.85,3935500,NaN,NaN,NaN,NaN,NaN,NaN,NaN
1575594000,3.87,3.9,3.86,3.88,4066700,NaN,NaN,NaN,NaN,NaN,NaN,NaN
1575853200,3.89,3.89,3.82,3.82,1709100,NaN,NaN,NaN,NaN,NaN,NaN,NaN
1575939600,3.83,3.88,3.81,3.87,1518400,NaN,NaN,NaN,NaN,NaN,NaN,NaN
1576026000,3.87,3.93,3.87,3.9,2939700,NaN,NaN,NaN,NaN,NaN,NaN,NaN
1576112400,3.91,3.92,3.87,3.88,2124900,NaN,NaN,NaN,NaN,NaN,NaN,NaN
1576198800,3.83,3.86,3.79,3.79,2452700,NaN,NaN,NaN,NaN,NaN,NaN,NaN
1576458000,3.83,3.84,3.78,3.8,2010900,NaN,NaN,NaN,NaN,NaN,NaN,NaN
1576544400,3.8,3.85,3.79,3.85,1879700,NaN,NaN,NaN,NaN,NaN,NaN,NaN
1576630800,3.85,3.87,3.8,3.87,1809400,NaN,NaN,NaN,NaN,NaN,NaN,NaN
1576717200,3.87,3.9,3.84,3.88,1726900,NaN,NaN,NaN,NaN,NaN,NaN,NaN
1576803600,3.87,3.95,3.87,3.95,3519300,NaN,NaN,NaN,NaN,NaN,NaN,NaN
1577062800,3.93,3.96,3.9,3.93,1316300,NaN,NaN,NaN,NaN,NaN,NaN,NaN
1577149200,3.93,3.94,3.9,3.9,657200,NaN,NaN,NaN,NaN,NaN,NaN,NaN
1577322000,3.92,3.93,3.9,3.92,386500,NaN,NaN,NaN,NaN,NaN,NaN,NaN
1577408400,3.91,3.96,3.9,3.96,741200,NaN,NaN,NaN,NaN,NaN,NaN,NaN
1577667600,3.95,3.96,3.92,3.94,985800,NaN,NaN,NaN,NaN,NaN,NaN,NaN
1577754000,3.93,3.93,3.89,3.91,1572500,3009233250,157909398000,138578122000,490050000,2081141999.9999998,18321813000,5.37084398976982
1577926800,3.91,3.95,3.9,3.94,571500,NaN,NaN,NaN,NaN,NaN,NaN,NaN
1578013200,3.95,3.95,3.89,3.92,2054400,NaN,NaN,NaN,NaN,NaN,NaN,NaN
1578272400,3.92,3.92,3.83,3.83,2116600,NaN,NaN,NaN,NaN,NaN,NaN,NaN
1578358800,3.84,3.86,3.79,3.83,3951700,NaN,NaN,NaN,NaN,NaN,NaN,NaN
1578445200,3.81,3.82,3.79,3.8,1593900,NaN,NaN,NaN,NaN,NaN,NaN,NaN
1578531600,3.81,3.89,3.81,3.88,1713800,NaN,NaN,NaN,NaN,NaN,NaN,NaN
1578618000,3.85,3.91,3.85,3.89,1150200,NaN,NaN,NaN,NaN,NaN,NaN,NaN
1578877200,3.9,3.92,3.86,3.91,1254700,NaN,NaN,NaN,NaN,NaN,NaN,NaN
1578963600,3.91,3.92,3.85,3.85,1219200,NaN,NaN,NaN,NaN,NaN,NaN,NaN
1579050000,3.85,3.91,3.82,3.91,2112600,NaN,NaN,NaN,NaN,NaN,NaN,NaN
1579136400,3.89,3.9,3.86,3.9,986100,NaN,NaN,NaN,NaN,NaN,NaN,NaN
1579222800,3.91,3.94,3.89,3.94,1921300,NaN,NaN,NaN,NaN,NaN,NaN,NaN
1579482000,3.91,3.93,3.88,3.88,660500,NaN,NaN,NaN,NaN,NaN,NaN,NaN
1579568400,3.89,3.89,3.82,3.84,2356900,NaN,NaN,NaN,NaN,NaN,NaN,NaN
1579654800,3.85,3.86,3.81,3.82,1306200,NaN,NaN,NaN,NaN,NaN,NaN,NaN
1579741200,3.82,3.84,3.81,3.84,590300,NaN,NaN,NaN,NaN,NaN,NaN,NaN
1579827600,3.84,3.84,3.79,3.83,1203100,NaN,NaN,NaN,NaN,NaN,NaN,NaN
1580173200,3.81,3.81,3.77,3.77,1402200,NaN,NaN,NaN,NaN,NaN,NaN,NaN
1580259600,3.77,3.81,3.77,3.77,4107400,NaN,NaN,NaN,NaN,NaN,NaN,NaN
1580346000,3.77,3.81,3.77,3.78,4684400,NaN,NaN,NaN,NaN,NaN,NaN,NaN
1580432400,3.78,3.8,3.7,3.7,8864400,NaN,NaN,NaN,NaN,NaN,NaN,NaN
1580691600,3.69,3.72,3.66,3.69,3179600,NaN,NaN,NaN,NaN,NaN,NaN,NaN
1580778000,3.72,3.82,3.71,3.8,3108100,NaN,NaN,NaN,NaN,NaN,NaN,NaN
1580864400,3.76,3.84,3.73,3.83,2908200,NaN,NaN,NaN,NaN,NaN,NaN,NaN
1580950800,3.84,3.87,3.79,3.85,2033600,NaN,NaN,NaN,NaN,NaN,NaN,NaN
1581037200,3.83,3.86,3.81,3.83,2308200,NaN,NaN,NaN,NaN,NaN,NaN,NaN
1581296400,3.86,3.86,3.81,3.83,1123500,NaN,NaN,NaN,NaN,NaN,NaN,NaN
1581382800,3.85,3.88,3.85,3.87,890600,NaN,NaN,NaN,NaN,NaN,NaN,NaN
1581469200,3.85,3.88,3.84,3.86,3218900,NaN,NaN,NaN,NaN,NaN,NaN,NaN
1581555600,3.86,3.88,3.84,3.85,831200,NaN,NaN,NaN,NaN,NaN,NaN,NaN
1581642000,3.85,3.9,3.84,3.9,2640300,NaN,NaN,NaN,NaN,NaN,NaN,NaN
1581901200,3.87,3.91,3.86,3.89,2448000,NaN,NaN,NaN,NaN,NaN,NaN,NaN
1581987600,3.9,3.96,3.86,3.91,4638700,NaN,NaN,NaN,NaN,NaN,NaN,NaN
1582074000,3.91,3.91,3.86,3.88,891900,NaN,NaN,NaN,NaN,NaN,NaN,NaN
1582160400,3.87,3.93,3.85,3.85,1814100,NaN,NaN,NaN,NaN,NaN,NaN,NaN
1582246800,3.86,3.86,3.81,3.81,2218500,NaN,NaN,NaN,NaN,NaN,NaN,NaN
1582506000,3.77,3.8,3.73,3.76,6189600,NaN,NaN,NaN,NaN,NaN,NaN,NaN
1582592400,3.75,3.8,3.71,3.76,4354300,NaN,NaN,NaN,NaN,NaN,NaN,NaN
1582678800,3.72,3.82,3.72,3.78,3614700,NaN,NaN,NaN,NaN,NaN,NaN,NaN
1582765200,3.82,3.82,3.75,3.77,1957600,NaN,NaN,NaN,NaN,NaN,NaN,NaN
1582851600,3.74,3.75,3.7,3.7,5295500,NaN,NaN,NaN,NaN,NaN,NaN,NaN
1583110800,3.7,3.71,3.63,3.63,3799900,NaN,NaN,NaN,NaN,NaN,NaN,NaN
1583197200,3.67,3.68,3.6,3.63,4827500,NaN,NaN,NaN,NaN,NaN,NaN,NaN
1583283600,3.65,3.74,3.61,3.7,4865200,NaN,NaN,NaN,NaN,NaN,NaN,NaN
1583370000,3.71,3.73,3.68,3.7,2235400,NaN,NaN,NaN,NaN,NaN,NaN,NaN
1583456400,3.72,3.72,3.65,3.69,3085100,NaN,NaN,NaN,NaN,NaN,NaN,NaN
1583715600,3.61,3.69,3.6,3.6,5188000,NaN,NaN,NaN,NaN,NaN,NaN,NaN
1583802000,3.56,3.65,3.56,3.63,3125800,NaN,NaN,NaN,NaN,NaN,NaN,NaN
1583888400,3.64,3.65,3.58,3.58,6597000,NaN,NaN,NaN,NaN,NaN,NaN,NaN
1583974800,3.56,3.59,3.42,3.43,7063900,NaN,NaN,NaN,NaN,NaN,NaN,NaN
1584061200,3.23,3.4,3.16,3.16,10438300,NaN,NaN,NaN,NaN,NaN,NaN,NaN
1584320400,3.16,3.17,3,3,9359900,NaN,NaN,NaN,NaN,NaN,NaN,NaN
1584406800,2.84,3.1,2.82,3.05,9659100,NaN,NaN,NaN,NaN,NaN,NaN,NaN
1584493200,3.05,3.09,2.97,3.05,4597300,NaN,NaN,NaN,NaN,NaN,NaN,NaN
1584579600,2.97,3,2.89,2.93,4353700,NaN,NaN,NaN,NaN,NaN,NaN,NaN
1584666000,2.9,3.05,2.9,3.03,8381400,NaN,NaN,NaN,NaN,NaN,NaN,NaN
1584925200,2.93,2.99,2.86,2.9,6325400,NaN,NaN,NaN,NaN,NaN,NaN,NaN
1585011600,2.93,2.96,2.88,2.91,5165000,NaN,NaN,NaN,NaN,NaN,NaN,NaN
1585098000,2.96,3.05,2.9,2.93,5659100,NaN,NaN,NaN,NaN,NaN,NaN,NaN
1585184400,2.91,2.94,2.86,2.9,11504400,NaN,NaN,NaN,NaN,NaN,NaN,NaN
1585270800,2.94,2.98,2.9,2.93,5901500,NaN,NaN,NaN,NaN,NaN,NaN,NaN
1585530000,2.9,3,2.86,3,4308600,NaN,NaN,NaN,NaN,NaN,NaN,NaN
1585616400,2.97,3.01,2.94,3,8704200,3008796044,169203086000,149643046000,303048000,2045505000,18580772000,4.43333333333333
1585702800,2.98,2.99,2.94,2.94,5464400,NaN,NaN,NaN,NaN,NaN,NaN,NaN
1585789200,2.92,2.95,2.9,2.92,4608300,NaN,NaN,NaN,NaN,NaN,NaN,NaN
1585875600,2.93,2.95,2.91,2.92,4087500,NaN,NaN,NaN,NaN,NaN,NaN,NaN
1586134800,2.92,2.97,2.9,2.95,2963100,NaN,NaN,NaN,NaN,NaN,NaN,NaN
1586221200,2.99,3,2.96,2.99,3447500,NaN,NaN,NaN,NaN,NaN,NaN,NaN
1586307600,2.98,2.99,2.93,2.95,3984900,NaN,NaN,NaN,NaN,NaN,NaN,NaN
1586394000,2.97,3.01,2.95,2.95,2948500,NaN,NaN,NaN,NaN,NaN,NaN,NaN
1586480400,2.97,2.97,2.95,2.96,668600,NaN,NaN,NaN,NaN,NaN,NaN,NaN
1586739600,2.96,2.99,2.96,2.96,943200,NaN,NaN,NaN,NaN,NaN,NaN,NaN
1586826000,2.96,3,2.96,2.98,1832900,NaN,NaN,NaN,NaN,NaN,NaN,NaN
1586912400,3,3.05,2.99,3.03,6306700,NaN,NaN,NaN,NaN,NaN,NaN,NaN
1586998800,3.02,3.08,3.01,3.06,7068800,NaN,NaN,NaN,NaN,NaN,NaN,NaN
1587085200,3.07,3.15,3.06,3.1,5439900,NaN,NaN,NaN,NaN,NaN,NaN,NaN
1587344400,3.12,3.18,3.02,3.02,9166300,NaN,NaN,NaN,NaN,NaN,NaN,NaN
1587430800,3.02,3.03,2.98,3.01,4042100,NaN,NaN,NaN,NaN,NaN,NaN,NaN
1587517200,2.98,3.02,2.93,3.01,3595700,NaN,NaN,NaN,NaN,NaN,NaN,NaN
1587603600,3.02,3.04,2.96,2.98,6578500,NaN,NaN,NaN,NaN,NaN,NaN,NaN
1587690000,2.98,2.98,2.95,2.96,3977900,NaN,NaN,NaN,NaN,NaN,NaN,NaN
1587949200,2.96,2.99,2.96,2.97,1899500,NaN,NaN,NaN,NaN,NaN,NaN,NaN
1588035600,2.97,2.99,2.92,2.92,4336100,NaN,NaN,NaN,NaN,NaN,NaN,NaN
1588122000,2.93,2.96,2.92,2.94,2955200,NaN,NaN,NaN,NaN,NaN,NaN,NaN
1588208400,2.95,3.04,2.95,2.98,6710700,NaN,NaN,NaN,NaN,NaN,NaN,NaN
1588554000,2.97,2.97,2.92,2.92,5098400,NaN,NaN,NaN,NaN,NaN,NaN,NaN
1588640400,2.93,2.96,2.92,2.94,1418300,NaN,NaN,NaN,NaN,NaN,NaN,NaN
1588726800,2.96,2.96,2.92,2.92,2240000,NaN,NaN,NaN,NaN,NaN,NaN,NaN
1588899600,2.92,2.95,2.91,2.91,4588900,NaN,NaN,NaN,NaN,NaN,NaN,NaN
1589245200,2.92,2.93,2.9,2.9,3516400,NaN,NaN,NaN,NaN,NaN,NaN,NaN
1589331600,2.9,2.92,2.9,2.9,2594500,NaN,NaN,NaN,NaN,NaN,NaN,NaN
1589418000,2.91,2.92,2.89,2.9,1874000,NaN,NaN,NaN,NaN,NaN,NaN,NaN
1589504400,2.9,2.95,2.9,2.95,1255800,NaN,NaN,NaN,NaN,NaN,NaN,NaN
1589763600,2.95,2.96,2.92,2.92,1143900,NaN,NaN,NaN,NaN,NaN,NaN,NaN
1589850000,2.95,2.97,2.94,2.94,2161700,NaN,NaN,NaN,NaN,NaN,NaN,NaN
1589936400,2.95,2.98,2.94,2.98,1623900,NaN,NaN,NaN,NaN,NaN,NaN,NaN
1590022800,3,3.06,2.96,3.06,2942500,NaN,NaN,NaN,NaN,NaN,NaN,NaN
1590109200,3.06,3.06,2.98,3,2307600,NaN,NaN,NaN,NaN,NaN,NaN,NaN
1590541200,3,3.02,2.96,2.98,2870700,NaN,NaN,NaN,NaN,NaN,NaN,NaN
1590627600,2.99,3,2.95,3,1492700,NaN,NaN,NaN,NaN,NaN,NaN,NaN
1590714000,3,3.17,2.96,3.17,9970900,NaN,NaN,NaN,NaN,NaN,NaN,NaN
1590973200,3.13,3.13,3.02,3.03,3994800,NaN,NaN,NaN,NaN,NaN,NaN,NaN
1591059600,3.04,3.06,3.01,3.05,3543800,NaN,NaN,NaN,NaN,NaN,NaN,NaN
1591146000,3.06,3.29,3.06,3.25,8823500,NaN,NaN,NaN,NaN,NaN,NaN,NaN
1591232400,3.31,3.39,3.25,3.26,6409600,NaN,NaN,NaN,NaN,NaN,NaN,NaN
1591318800,3.25,3.27,3.2,3.24,3476600,NaN,NaN,NaN,NaN,NaN,NaN,NaN
1591664400,3.4,3.46,3.33,3.4,11233700,NaN,NaN,NaN,NaN,NaN,NaN,NaN
1591750800,3.48,3.48,3.37,3.39,4851900,NaN,NaN,NaN,NaN,NaN,NaN,NaN
1591837200,3.38,3.44,3.28,3.3,3694300,NaN,NaN,NaN,NaN,NaN,NaN,NaN
1591923600,3.2,3.27,3.14,3.23,3035300,NaN,NaN,NaN,NaN,NaN,NaN,NaN
1592182800,3.23,3.27,3.1,3.15,3900200,NaN,NaN,NaN,NaN,NaN,NaN,NaN
1592269200,3.2,3.23,3.14,3.14,2554600,NaN,NaN,NaN,NaN,NaN,NaN,NaN
1592355600,3.15,3.19,3.14,3.15,2097800,NaN,NaN,NaN,NaN,NaN,NaN,NaN
1592442000,3.16,3.17,3.1,3.12,1992300,NaN,NaN,NaN,NaN,NaN,NaN,NaN
1592528400,3.12,3.15,3.08,3.12,6943900,NaN,NaN,NaN,NaN,NaN,NaN,NaN
1592787600,3.12,3.27,3.05,3.27,3641000,NaN,NaN,NaN,NaN,NaN,NaN,NaN
1592874000,3.23,3.24,3.16,3.23,1547400,NaN,NaN,NaN,NaN,NaN,NaN,NaN
1592960400,3.19,3.34,3.17,3.23,4027200,NaN,NaN,NaN,NaN,NaN,NaN,NaN
1593046800,3.19,3.21,3.14,3.14,2456500,NaN,NaN,NaN,NaN,NaN,NaN,NaN
1593133200,3.14,3.2,3.12,3.13,2010300,NaN,NaN,NaN,NaN,NaN,NaN,NaN
1593392400,3.12,3.12,3.05,3.08,2816400,NaN,NaN,NaN,NaN,NaN,NaN,NaN
1593478800,3.09,3.13,3.09,3.11,3544900,3008796044,163229903000,143022081000,479492000,1818976000,19191948000,4.27652733118971
1593565200,3.11,3.12,3.05,3.06,5854300,NaN,NaN,NaN,NaN,NaN,NaN,NaN
1593651600,3.07,3.12,3.07,3.1,8940000,NaN,NaN,NaN,NaN,NaN,NaN,NaN
1593738000,3.12,3.19,3.12,3.17,5853900,NaN,NaN,NaN,NaN,NaN,NaN,NaN
1593997200,3.18,3.18,3.14,3.16,4548200,NaN,NaN,NaN,NaN,NaN,NaN,NaN
1594083600,3.17,3.26,3.17,3.2,10594100,NaN,NaN,NaN,NaN,NaN,NaN,NaN
1594170000,3.19,3.27,3.19,3.23,8976500,NaN,NaN,NaN,NaN,NaN,NaN,NaN
1594256400,3.28,3.35,3.24,3.25,17353500,NaN,NaN,NaN,NaN,NaN,NaN,NaN
1594342800,3.25,3.3,3.23,3.25,5931800,NaN,NaN,NaN,NaN,NaN,NaN,NaN
1594602000,3.23,3.27,3.23,3.25,1735700,NaN,NaN,NaN,NaN,NaN,NaN,NaN
1594688400,3.25,3.25,3.18,3.18,2392400,NaN,NaN,NaN,NaN,NaN,NaN,NaN
1594774800,3.22,3.27,3.2,3.2,9490500,NaN,NaN,NaN,NaN,NaN,NaN,NaN
1594861200,3.16,3.16,3.13,3.14,1288400,NaN,NaN,NaN,NaN,NaN,NaN,NaN
1594947600,3.17,3.17,3.1,3.11,3454600,NaN,NaN,NaN,NaN,NaN,NaN,NaN
1595206800,3.12,3.12,3.09,3.12,4187400,NaN,NaN,NaN,NaN,NaN,NaN,NaN
1595293200,3.1,3.11,3.05,3.05,4388600,NaN,NaN,NaN,NaN,NaN,NaN,NaN
1595379600,3.06,3.08,3.05,3.05,3112300,NaN,NaN,NaN,NaN,NaN,NaN,NaN
1595466000,3.06,3.1,3.05,3.08,1362100,NaN,NaN,NaN,NaN,NaN,NaN,NaN
1595552400,3.07,3.09,3.02,3.03,1681600,NaN,NaN,NaN,NaN,NaN,NaN,NaN
1595811600,3.03,3.05,2.98,2.98,2777200,NaN,NaN,NaN,NaN,NaN,NaN,NaN
1595898000,3,3.02,2.98,2.98,1890300,NaN,NaN,NaN,NaN,NaN,NaN,NaN
1595984400,2.99,3,2.97,2.99,3107400,NaN,NaN,NaN,NaN,NaN,NaN,NaN
1596070800,2.99,2.99,2.9,2.9,4664600,NaN,NaN,NaN,NaN,NaN,NaN,NaN
1596416400,2.92,2.93,2.89,2.89,3191700,NaN,NaN,NaN,NaN,NaN,NaN,NaN
1596502800,2.9,2.93,2.89,2.89,1541600,NaN,NaN,NaN,NaN,NaN,NaN,NaN
1596589200,2.9,2.95,2.87,2.89,3590700,NaN,NaN,NaN,NaN,NaN,NaN,NaN
1596675600,2.89,2.92,2.89,2.9,2088000,NaN,NaN,NaN,NaN,NaN,NaN,NaN
1596762000,2.91,2.91,2.89,2.9,1187600,NaN,NaN,NaN,NaN,NaN,NaN,NaN
1597021200,2.9,2.91,2.89,2.9,1173600,NaN,NaN,NaN,NaN,NaN,NaN,NaN
1597107600,2.91,2.92,2.89,2.89,1968800,NaN,NaN,NaN,NaN,NaN,NaN,NaN
1597194000,2.9,3.02,2.89,3.02,2765700,NaN,NaN,NaN,NaN,NaN,NaN,NaN
1597280400,3.02,3.06,3,3,2114500,NaN,NaN,NaN,NaN,NaN,NaN,NaN
1597366800,3.01,3.03,2.98,3.03,1625100,NaN,NaN,NaN,NaN,NaN,NaN,NaN
1597626000,3.03,3.03,3,3.03,776800,NaN,NaN,NaN,NaN,NaN,NaN,NaN
1597712400,3.02,3.05,2.97,3.03,1532100,NaN,NaN,NaN,NaN,NaN,NaN,NaN
1597798800,3.03,3.03,2.98,3.01,1254100,NaN,NaN,NaN,NaN,NaN,NaN,NaN
1597971600,3,3.01,2.98,2.98,446800,NaN,NaN,NaN,NaN,NaN,NaN,NaN
1598230800,2.99,2.99,2.96,2.97,1062600,NaN,NaN,NaN,NaN,NaN,NaN,NaN
1598317200,2.97,2.97,2.94,2.94,2243500,NaN,NaN,NaN,NaN,NaN,NaN,NaN
1598403600,2.96,3.06,2.93,3.05,4188200,NaN,NaN,NaN,NaN,NaN,NaN,NaN
1598490000,3.06,3.06,3.02,3.02,1790900,NaN,NaN,NaN,NaN,NaN,NaN,NaN
1598576400,3.04,3.04,2.92,2.92,6846700,NaN,NaN,NaN,NaN,NaN,NaN,NaN
1598922000,2.94,2.96,2.93,2.94,3442300,NaN,NaN,NaN,NaN,NaN,NaN,NaN
1599008400,2.95,3.04,2.94,3.04,1965600,NaN,NaN,NaN,NaN,NaN,NaN,NaN
1599094800,3.04,3.04,2.99,3.03,1624300,NaN,NaN,NaN,NaN,NaN,NaN,NaN
1599181200,2.98,3.02,2.98,3.02,1197000,NaN,NaN,NaN,NaN,NaN,NaN,NaN
1599440400,3.02,3.02,3,3.02,446800,NaN,NaN,NaN,NaN,NaN,NaN,NaN
1599526800,3.02,3.04,3,3.04,1318300,NaN,NaN,NaN,NaN,NaN,NaN,NaN
1599613200,3,3.02,2.99,3,1270400,NaN,NaN,NaN,NaN,NaN,NaN,NaN
1599699600,3.01,3.03,2.98,3.03,1366000,NaN,NaN,NaN,NaN,NaN,NaN,NaN
1599786000,3.03,3.03,3,3,1105300,NaN,NaN,NaN,NaN,NaN,NaN,NaN
1600045200,3,3.03,2.98,3.03,978900,NaN,NaN,NaN,NaN,NaN,NaN,NaN
1600131600,3,3.04,2.99,3,1880600,NaN,NaN,NaN,NaN,NaN,NaN,NaN
1600304400,3,3.03,3,3.03,1068200,NaN,NaN,NaN,NaN,NaN,NaN,NaN
1600390800,3,3.04,2.99,3.01,4016400,NaN,NaN,NaN,NaN,NaN,NaN,NaN
1600650000,3.03,3.03,3,3.01,472600,NaN,NaN,NaN,NaN,NaN,NaN,NaN
1600736400,3,3.03,2.98,3.03,1978200,NaN,NaN,NaN,NaN,NaN,NaN,NaN
1600822800,3.03,3.03,2.99,3.03,806500,NaN,NaN,NaN,NaN,NaN,NaN,NaN
1600909200,2.99,3,2.95,2.95,2523900,NaN,NaN,NaN,NaN,NaN,NaN,NaN
1600995600,2.96,2.97,2.94,2.94,2207600,NaN,NaN,NaN,NaN,NaN,NaN,NaN
1601254800,2.94,2.96,2.9,2.9,1811100,NaN,NaN,NaN,NaN,NaN,NaN,NaN
1601341200,2.92,2.98,2.92,2.94,2661600,NaN,NaN,NaN,NaN,NaN,NaN,NaN
1601427600,2.94,3,2.94,3,1089400,3008796044,162994998000,142608583000,289595000,1913203000,19335330000,2.43333333333333
1601514000,2.99,2.99,2.97,2.99,112800,NaN,NaN,NaN,NaN,NaN,NaN,NaN
1601600400,2.97,3,2.95,3,515400,NaN,NaN,NaN,NaN,NaN,NaN,NaN
1601859600,2.97,2.98,2.96,2.97,575300,NaN,NaN,NaN,NaN,NaN,NaN,NaN
1601946000,2.98,2.99,2.96,2.97,549000,NaN,NaN,NaN,NaN,NaN,NaN,NaN
1602032400,2.96,2.98,2.91,2.92,1593600,NaN,NaN,NaN,NaN,NaN,NaN,NaN
1602118800,2.94,2.98,2.93,2.98,1384500,NaN,NaN,NaN,NaN,NaN,NaN,NaN
1602205200,3,3,2.96,2.98,1294700,NaN,NaN,NaN,NaN,NaN,NaN,NaN
1602464400,2.97,2.98,2.94,2.98,1106800,NaN,NaN,NaN,NaN,NaN,NaN,NaN
1602550800,2.95,2.97,2.94,2.94,1164000,NaN,NaN,NaN,NaN,NaN,NaN,NaN
1602637200,2.94,2.95,2.9,2.91,3396500,NaN,NaN,NaN,NaN,NaN,NaN,NaN
1602723600,2.92,2.92,2.88,2.88,3196100,NaN,NaN,NaN,NaN,NaN,NaN,NaN
1602810000,2.89,2.94,2.89,2.94,1451400,NaN,NaN,NaN,NaN,NaN,NaN,NaN
1603069200,2.92,2.95,2.9,2.95,573700,NaN,NaN,NaN,NaN,NaN,NaN,NaN
1603155600,2.94,2.94,2.91,2.91,776200,NaN,NaN,NaN,NaN,NaN,NaN,NaN
1603242000,2.92,2.94,2.91,2.92,853300,NaN,NaN,NaN,NaN,NaN,NaN,NaN
1603328400,2.92,3.01,2.92,3.01,2216800,NaN,NaN,NaN,NaN,NaN,NaN,NaN
1603414800,2.98,2.99,2.95,2.95,833500,NaN,NaN,NaN,NaN,NaN,NaN,NaN
1603674000,2.94,2.95,2.9,2.95,1180800,NaN,NaN,NaN,NaN,NaN,NaN,NaN
1603760400,2.94,2.94,2.91,2.94,1914100,NaN,NaN,NaN,NaN,NaN,NaN,NaN
1603846800,2.94,2.94,2.9,2.91,1149200,NaN,NaN,NaN,NaN,NaN,NaN,NaN
1604019600,2.92,2.93,2.85,2.85,3176000,NaN,NaN,NaN,NaN,NaN,NaN,NaN
1604278800,2.85,2.86,2.8,2.8,1440200,NaN,NaN,NaN,NaN,NaN,NaN,NaN
1604365200,2.81,2.84,2.8,2.81,2169800,NaN,NaN,NaN,NaN,NaN,NaN,NaN
1604451600,2.82,2.92,2.82,2.82,1263000,NaN,NaN,NaN,NaN,NaN,NaN,NaN
1604538000,2.84,2.93,2.84,2.93,1135000,NaN,NaN,NaN,NaN,NaN,NaN,NaN
1604624400,2.95,3,2.94,3,1721100,NaN,NaN,NaN,NaN,NaN,NaN,NaN
1604883600,2.98,3.04,2.95,3.02,1149700,NaN,NaN,NaN,NaN,NaN,NaN,NaN
1604970000,3.06,3.16,3.05,3.13,14123700,NaN,NaN,NaN,NaN,NaN,NaN,NaN
1605056400,3.13,3.14,3.07,3.14,3646600,NaN,NaN,NaN,NaN,NaN,NaN,NaN
1605142800,3.14,3.2,3.12,3.17,5101300,NaN,NaN,NaN,NaN,NaN,NaN,NaN
1605229200,3.17,3.22,3.16,3.21,2988800,NaN,NaN,NaN,NaN,NaN,NaN,NaN
1605488400,3.22,3.42,3.22,3.37,9456200,NaN,NaN,NaN,NaN,NaN,NaN,NaN
1605574800,3.4,3.47,3.3,3.37,8309200,NaN,NaN,NaN,NaN,NaN,NaN,NaN
1605661200,3.36,3.37,3.3,3.37,4662000,NaN,NaN,NaN,NaN,NaN,NaN,NaN
1605747600,3.37,3.37,3.27,3.27,2941300,NaN,NaN,NaN,NaN,NaN,NaN,NaN
1605834000,3.27,3.3,3.21,3.3,2283800,NaN,NaN,NaN,NaN,NaN,NaN,NaN
1606093200,3.29,3.33,3.28,3.33,1475300,NaN,NaN,NaN,NaN,NaN,NaN,NaN
1606179600,3.33,3.34,3.28,3.3,1824300,NaN,NaN,NaN,NaN,NaN,NaN,NaN
1606266000,3.3,3.36,3.28,3.33,3727600,NaN,NaN,NaN,NaN,NaN,NaN,NaN
1606352400,3.33,3.43,3.33,3.43,2671700,NaN,NaN,NaN,NaN,NaN,NaN,NaN
1606438800,3.43,3.47,3.38,3.45,3357000,NaN,NaN,NaN,NaN,NaN,NaN,NaN
1606698000,3.45,3.46,3.3,3.32,8029500,NaN,NaN,NaN,NaN,NaN,NaN,NaN
1606784400,3.32,3.32,3.21,3.26,7409700,NaN,NaN,NaN,NaN,NaN,NaN,NaN
1606870800,3.26,3.29,3.21,3.22,8664000,NaN,NaN,NaN,NaN,NaN,NaN,NaN
1606957200,3.23,3.28,3.22,3.25,4721300,NaN,NaN,NaN,NaN,NaN,NaN,NaN
1607043600,3.26,3.31,3.24,3.31,3202700,NaN,NaN,NaN,NaN,NaN,NaN,NaN
1607302800,3.31,3.37,3.27,3.27,4334300,NaN,NaN,NaN,NaN,NaN,NaN,NaN
1607389200,3.29,3.3,3.26,3.26,2243600,NaN,NaN,NaN,NaN,NaN,NaN,NaN
1607475600,3.28,3.33,3.26,3.26,8494300,NaN,NaN,NaN,NaN,NaN,NaN,NaN
1607562000,3.28,3.53,3.28,3.5,12500200,NaN,NaN,NaN,NaN,NaN,NaN,NaN
1607648400,3.52,3.74,3.51,3.71,16719800,NaN,NaN,NaN,NaN,NaN,NaN,NaN
1607907600,3.73,3.79,3.62,3.7,10467100,NaN,NaN,NaN,NaN,NaN,NaN,NaN
1607994000,3.67,3.72,3.61,3.66,7150100,NaN,NaN,NaN,NaN,NaN,NaN,NaN
1608080400,3.7,3.75,3.66,3.66,6068700,NaN,NaN,NaN,NaN,NaN,NaN,NaN
1608166800,3.67,3.69,3.63,3.69,6291400,NaN,NaN,NaN,NaN,NaN,NaN,NaN
1608253200,3.69,3.71,3.57,3.57,7865900,NaN,NaN,NaN,NaN,NaN,NaN,NaN
1608512400,3.57,3.62,3.57,3.59,3154700,NaN,NaN,NaN,NaN,NaN,NaN,NaN
1608598800,3.58,3.58,3.47,3.52,2766200,NaN,NaN,NaN,NaN,NaN,NaN,NaN
1608685200,3.52,3.6,3.49,3.58,921100,NaN,NaN,NaN,NaN,NaN,NaN,NaN
1608771600,3.59,3.64,3.57,3.63,1733400,NaN,NaN,NaN,NaN,NaN,NaN,NaN
1609117200,3.65,3.69,3.65,3.65,787300,NaN,NaN,NaN,NaN,NaN,NaN,NaN
1609203600,3.65,3.69,3.63,3.66,1820500,NaN,NaN,NaN,NaN,NaN,NaN,NaN
1609290000,3.63,3.7,3.63,3.7,1329700,NaN,NaN,NaN,NaN,NaN,NaN,NaN
1609376400,3.69,3.69,3.64,3.65,1291100,3008796044,172514948000,151964600000,351614000,1872520000,19575151000,2
1609722000,3.65,3.65,3.49,3.49,5330800,NaN,NaN,NaN,NaN,NaN,NaN,NaN
1609808400,3.48,3.51,3.43,3.44,3142700,NaN,NaN,NaN,NaN,NaN,NaN,NaN
1609894800,3.45,3.45,3.36,3.38,2848200,NaN,NaN,NaN,NaN,NaN,NaN,NaN
1609981200,3.37,3.37,3.28,3.35,9241900,NaN,NaN,NaN,NaN,NaN,NaN,NaN
1610067600,3.34,3.42,3.28,3.42,4200300,NaN,NaN,NaN,NaN,NaN,NaN,NaN
1610326800,3.31,3.38,3.29,3.34,1772600,NaN,NaN,NaN,NaN,NaN,NaN,NaN
1610413200,3.33,3.34,3.19,3.26,5545700,NaN,NaN,NaN,NaN,NaN,NaN,NaN
1610499600,3.26,3.34,3.26,3.3,3818700,NaN,NaN,NaN,NaN,NaN,NaN,NaN
1610586000,3.33,3.35,3.26,3.28,2839400,NaN,NaN,NaN,NaN,NaN,NaN,NaN
1610672400,3.28,3.3,3.26,3.26,2400800,NaN,NaN,NaN,NaN,NaN,NaN,NaN
1610931600,3.26,3.26,3.19,3.2,3536200,NaN,NaN,NaN,NaN,NaN,NaN,NaN
1611018000,3.2,3.26,3.19,3.19,1324600,NaN,NaN,NaN,NaN,NaN,NaN,NaN
1611104400,3.2,3.32,3.2,3.26,5176500,NaN,NaN,NaN,NaN,NaN,NaN,NaN
1611190800,3.28,3.32,3.26,3.32,1095400,NaN,NaN,NaN,NaN,NaN,NaN,NaN
1611277200,3.31,3.34,3.28,3.34,3123900,NaN,NaN,NaN,NaN,NaN,NaN,NaN
1611536400,3.29,3.31,3.19,3.19,4047100,NaN,NaN,NaN,NaN,NaN,NaN,NaN
1611622800,3.23,3.27,3.15,3.15,2978900,NaN,NaN,NaN,NaN,NaN,NaN,NaN
1611709200,3.15,3.24,3.15,3.21,2394100,NaN,NaN,NaN,NaN,NaN,NaN,NaN
1611882000,3.22,3.22,3.08,3.08,4932700,NaN,NaN,NaN,NaN,NaN,NaN,NaN
1612227600,3.11,3.25,3.11,3.25,4653900,NaN,NaN,NaN,NaN,NaN,NaN,NaN
1612314000,3.21,3.28,3.21,3.24,2354500,NaN,NaN,NaN,NaN,NaN,NaN,NaN
1612400400,3.24,3.31,3.23,3.3,2501500,NaN,NaN,NaN,NaN,NaN,NaN,NaN
1612486800,3.3,3.31,3.23,3.29,1135200,NaN,NaN,NaN,NaN,NaN,NaN,NaN
1612746000,3.3,3.32,3.28,3.31,1274800,NaN,NaN,NaN,NaN,NaN,NaN,NaN
1612832400,3.31,3.32,3.28,3.32,1409900,NaN,NaN,NaN,NaN,NaN,NaN,NaN
1612918800,3.32,3.38,3.3,3.38,1443200,NaN,NaN,NaN,NaN,NaN,NaN,NaN
1613005200,3.37,3.4,3.35,3.38,630000,NaN,NaN,NaN,NaN,NaN,NaN,NaN
1613350800,3.4,3.44,3.39,3.4,2439800,NaN,NaN,NaN,NaN,NaN,NaN,NaN
1613437200,3.42,3.43,3.38,3.38,2597800,NaN,NaN,NaN,NaN,NaN,NaN,NaN
1613523600,3.38,3.42,3.31,3.32,5867200,NaN,NaN,NaN,NaN,NaN,NaN,NaN
1613610000,3.33,3.38,3.2,3.2,4655700,NaN,NaN,NaN,NaN,NaN,NaN,NaN
1613696400,3.22,3.25,3.2,3.23,3807800,NaN,NaN,NaN,NaN,NaN,NaN,NaN
1613955600,3.24,3.29,3.23,3.23,1316900,NaN,NaN,NaN,NaN,NaN,NaN,NaN
1614042000,3.25,3.28,3.21,3.21,2673400,NaN,NaN,NaN,NaN,NaN,NaN,NaN
1614128400,3.22,3.26,3.18,3.18,4710000,NaN,NaN,NaN,NaN,NaN,NaN,NaN
1614214800,3.21,3.26,3.2,3.23,4322100,NaN,NaN,NaN,NaN,NaN,NaN,NaN
1614301200,3.24,3.27,3.16,3.16,8560100,NaN,NaN,NaN,NaN,NaN,NaN,NaN
1614560400,3.16,3.16,3.16,3.16,0,NaN,NaN,NaN,NaN,NaN,NaN,NaN
1614646800,3.16,3.16,3.16,3.16,0,NaN,NaN,NaN,NaN,NaN,NaN,NaN
1614733200,2.65,2.91,2.63,2.8,101806500,NaN,NaN,NaN,NaN,NaN,NaN,NaN
1614819600,2.83,2.97,2.82,2.96,22712600,NaN,NaN,NaN,NaN,NaN,NaN,NaN
1614906000,2.9,2.98,2.88,2.92,14408900,NaN,NaN,NaN,NaN,NaN,NaN,NaN
1615165200,2.94,2.96,2.86,2.87,11984200,NaN,NaN,NaN,NaN,NaN,NaN,NaN
1615251600,2.88,2.89,2.84,2.85,12142800,NaN,NaN,NaN,NaN,NaN,NaN,NaN
1615338000,2.85,2.91,2.85,2.89,9255800,NaN,NaN,NaN,NaN,NaN,NaN,NaN
1615424400,2.9,3.01,2.88,3.01,10051200,NaN,NaN,NaN,NaN,NaN,NaN,NaN
1615510800,3.02,3.08,3.01,3.06,7871800,NaN,NaN,NaN,NaN,NaN,NaN,NaN
1615770000,3.05,3.16,3.05,3.14,8418000,NaN,NaN,NaN,NaN,NaN,NaN,NaN
1615856400,3.15,3.18,3.08,3.12,6502100,NaN,NaN,NaN,NaN,NaN,NaN,NaN
1615942800,3.14,3.14,3.07,3.09,4643600,NaN,NaN,NaN,NaN,NaN,NaN,NaN
1616029200,3.1,3.13,3.08,3.08,5267500,NaN,NaN,NaN,NaN,NaN,NaN,NaN
1616115600,3.08,3.09,3.01,3.05,10384400,NaN,NaN,NaN,NaN,NaN,NaN,NaN
1616374800,3.04,3.09,3,3,3585200,NaN,NaN,NaN,NaN,NaN,NaN,NaN
1616461200,3.01,3.05,3,3.01,5618300,NaN,NaN,NaN,NaN,NaN,NaN,NaN
1616547600,3,3.03,2.97,2.98,4373100,NaN,NaN,NaN,NaN,NaN,NaN,NaN
1616634000,2.99,3.01,2.98,2.98,4424700,NaN,NaN,NaN,NaN,NaN,NaN,NaN
1616720400,2.99,3.04,2.98,3,2802500,NaN,NaN,NaN,NaN,NaN,NaN,NaN
1616979600,3.01,3.04,2.96,2.98,6715400,NaN,NaN,NaN,NaN,NaN,NaN,NaN
1617066000,2.99,3.01,2.97,3,3634300,NaN,NaN,NaN,NaN,NaN,NaN,NaN
1617152400,3,3,2.93,2.93,5840900,3008796200,170178254000,154587895000,107826000,1802777000,14640777000,0
1617238800,2.94,3.01,2.93,3,3870300,NaN,NaN,NaN,NaN,NaN,NaN,NaN
1617325200,2.99,2.99,2.94,2.98,9931600,NaN,NaN,NaN,NaN,NaN,NaN,NaN
1617584400,2.97,3.18,2.96,3.14,15479800,NaN,NaN,NaN,NaN,NaN,NaN,NaN
1617670800,3.14,3.15,3.06,3.14,8026900,NaN,NaN,NaN,NaN,NaN,NaN,NaN
1617757200,3.13,3.15,3.03,3.15,14075300,NaN,NaN,NaN,NaN,NaN,NaN,NaN
1617843600,3.09,3.14,3.09,3.13,7060200,NaN,NaN,NaN,NaN,NaN,NaN,NaN
1617930000,3.1,3.12,3.08,3.1,6404400,NaN,NaN,NaN,NaN,NaN,NaN,NaN
1618189200,3.1,3.13,3.07,3.13,5249600,NaN,NaN,NaN,NaN,NaN,NaN,NaN
1618275600,3.13,3.13,3.03,3.04,3950300,NaN,NaN,NaN,NaN,NaN,NaN,NaN
1618362000,3.06,3.11,3.02,3.11,5540600,NaN,NaN,NaN,NaN,NaN,NaN,NaN
1618448400,3.09,3.1,3,3.06,7755100,NaN,NaN,NaN,NaN,NaN,NaN,NaN
1618534800,3.05,3.06,3.01,3.03,6684100,NaN,NaN,NaN,NaN,NaN,NaN,NaN
1618794000,3.04,3.1,2.99,3.02,10421400,NaN,NaN,NaN,NaN,NaN,NaN,NaN
1618880400,3.03,3.05,3,3.05,4828400,NaN,NaN,NaN,NaN,NaN,NaN,NaN
1618966800,3.02,3.05,3,3,3811800,NaN,NaN,NaN,NaN,NaN,NaN,NaN
1619053200,3.01,3.03,2.98,3,3875500,NaN,NaN,NaN,NaN,NaN,NaN,NaN
1619139600,3,3.04,2.98,3.04,3026300,NaN,NaN,NaN,NaN,NaN,NaN,NaN
1619398800,3,3.02,2.98,3.02,4551900,NaN,NaN,NaN,NaN,NaN,NaN,NaN
1619485200,3,3,2.96,2.98,4338700,NaN,NaN,NaN,NaN,NaN,NaN,NaN
1619571600,2.98,3.02,2.97,3.02,3643100,NaN,NaN,NaN,NaN,NaN,NaN,NaN
1619744400,3,3,2.97,2.98,4340100,NaN,NaN,NaN,NaN,NaN,NaN,NaN
1620003600,2.97,2.97,2.92,2.92,4466700,NaN,NaN,NaN,NaN,NaN,NaN,NaN
1620090000,2.93,2.97,2.93,2.97,1486000,NaN,NaN,NaN,NaN,NaN,NaN,NaN
1620176400,2.97,2.98,2.93,2.93,1894700,NaN,NaN,NaN,NaN,NaN,NaN,NaN
1620262800,2.93,2.94,2.91,2.91,2530800,NaN,NaN,NaN,NaN,NaN,NaN,NaN
1620349200,2.92,2.96,2.91,2.91,3228400,NaN,NaN,NaN,NaN,NaN,NaN,NaN
1620608400,2.91,2.92,2.9,2.91,1939300,NaN,NaN,NaN,NaN,NaN,NaN,NaN
1620694800,2.9,2.92,2.88,2.89,1414300,NaN,NaN,NaN,NaN,NaN,NaN,NaN
1620781200,2.89,2.95,2.88,2.94,2059800,NaN,NaN,NaN,NaN,NaN,NaN,NaN
1621213200,2.9,2.94,2.84,2.84,5508800,NaN,NaN,NaN,NaN,NaN,NaN,NaN
1621299600,2.86,2.9,2.85,2.86,2801000,NaN,NaN,NaN,NaN,NaN,NaN,NaN
1621386000,2.86,2.9,2.83,2.85,2431300,NaN,NaN,NaN,NaN,NaN,NaN,NaN
1621472400,2.85,2.9,2.82,2.82,4102500,NaN,NaN,NaN,NaN,NaN,NaN,NaN
1621558800,2.82,2.84,2.8,2.81,2002500,NaN,NaN,NaN,NaN,NaN,NaN,NaN
1621818000,2.84,2.86,2.82,2.85,2841100,NaN,NaN,NaN,NaN,NaN,NaN,NaN
1621904400,2.83,2.86,2.83,2.85,3412700,NaN,NaN,NaN,NaN,NaN,NaN,NaN
1622077200,2.86,2.96,2.85,2.96,10949700,NaN,NaN,NaN,NaN,NaN,NaN,NaN
1622163600,2.95,2.95,2.89,2.89,2800400,NaN,NaN,NaN,NaN,NaN,NaN,NaN
1622422800,2.85,2.91,2.83,2.85,3112100,NaN,NaN,NaN,NaN,NaN,NaN,NaN
1622509200,2.83,2.88,2.83,2.86,3377500,NaN,NaN,NaN,NaN,NaN,NaN,NaN
1622595600,2.86,2.94,2.86,2.88,4492100,NaN,NaN,NaN,NaN,NaN,NaN,NaN
1622682000,2.89,2.95,2.87,2.95,4392300,NaN,NaN,NaN,NaN,NaN,NaN,NaN
1622768400,2.93,2.96,2.9,2.92,3590300,NaN,NaN,NaN,NaN,NaN,NaN,NaN
1623114000,2.94,3.05,2.92,3,9643300,NaN,NaN,NaN,NaN,NaN,NaN,NaN
1623200400,3,3.03,2.98,3,4822500,NaN,NaN,NaN,NaN,NaN,NaN,NaN
1623286800,3,3.02,2.93,2.93,4136200,NaN,NaN,NaN,NaN,NaN,NaN,NaN
1623373200,2.95,3.01,2.93,2.96,3097900,NaN,NaN,NaN,NaN,NaN,NaN,NaN
1623632400,2.96,3.02,2.96,2.98,4000800,NaN,NaN,NaN,NaN,NaN,NaN,NaN
1623718800,2.99,3.04,2.98,3.03,4162100,NaN,NaN,NaN,NaN,NaN,NaN,NaN
1623805200,3.03,3.05,3,3.04,5763000,NaN,NaN,NaN,NaN,NaN,NaN,NaN
1623891600,3.03,3.05,2.99,3.05,4228600,NaN,NaN,NaN,NaN,NaN,NaN,NaN
1623978000,3.04,3.05,2.91,2.91,11367400,NaN,NaN,NaN,NaN,NaN,NaN,NaN
1624237200,2.93,2.99,2.92,2.98,10255700,NaN,NaN,NaN,NaN,NaN,NaN,NaN
1624323600,2.98,2.99,2.96,2.96,1883100,NaN,NaN,NaN,NaN,NaN,NaN,NaN
1624410000,2.96,2.99,2.96,2.96,2135000,NaN,NaN,NaN,NaN,NaN,NaN,NaN
1624496400,2.96,2.98,2.95,2.96,3127700,NaN,NaN,NaN,NaN,NaN,NaN,NaN
1624582800,2.96,2.97,2.93,2.96,4101200,NaN,NaN,NaN,NaN,NaN,NaN,NaN
1624842000,2.95,2.95,2.92,2.93,2692400,NaN,NaN,NaN,NaN,NaN,NaN,NaN
1624928400,2.92,2.94,2.92,2.92,1682700,NaN,NaN,NaN,NaN,NaN,NaN,NaN
1625014800,2.93,2.95,2.9,2.95,4524600,3308796200,166758191000,149880824000,523845000,1877452000,15892528000,0
1625101200,2.94,2.96,2.92,2.96,1709600,NaN,NaN,NaN,NaN,NaN,NaN,NaN
1625187600,2.95,2.95,2.92,2.95,1204500,NaN,NaN,NaN,NaN,NaN,NaN,NaN
1625446800,2.93,2.94,2.9,2.93,2168900,NaN,NaN,NaN,NaN,NaN,NaN,NaN
1625533200,2.91,2.92,2.89,2.9,3647600,NaN,NaN,NaN,NaN,NaN,NaN,NaN
1625619600,2.91,2.94,2.9,2.94,1314600,NaN,NaN,NaN,NaN,NaN,NaN,NaN
1625706000,2.91,2.93,2.88,2.88,3034600,NaN,NaN,NaN,NaN,NaN,NaN,NaN
1625792400,2.89,2.92,2.88,2.88,1140400,NaN,NaN,NaN,NaN,NaN,NaN,NaN
1626051600,2.89,2.92,2.88,2.89,1189200,NaN,NaN,NaN,NaN,NaN,NaN,NaN
1626138000,2.89,2.91,2.86,2.89,1626300,NaN,NaN,NaN,NaN,NaN,NaN,NaN
1626224400,2.89,2.91,2.85,2.86,1626300,NaN,NaN,NaN,NaN,NaN,NaN,NaN
1626310800,2.87,2.9,2.86,2.86,1619500,NaN,NaN,NaN,NaN,NaN,NaN,NaN
1626397200,2.87,2.88,2.84,2.88,3334400,NaN,NaN,NaN,NaN,NaN,NaN,NaN
1626656400,2.88,2.93,2.86,2.92,6840000,NaN,NaN,NaN,NaN,NaN,NaN,NaN
1626829200,2.93,2.94,2.89,2.89,1701100,NaN,NaN,NaN,NaN,NaN,NaN,NaN
1626915600,2.9,2.93,2.89,2.92,1673000,NaN,NaN,NaN,NaN,NaN,NaN,NaN
1627002000,2.92,2.94,2.9,2.9,746600,NaN,NaN,NaN,NaN,NaN,NaN,NaN
1627261200,2.9,2.94,2.87,2.87,1973700,NaN,NaN,NaN,NaN,NaN,NaN,NaN
1627347600,2.89,2.9,2.87,2.87,1533400,NaN,NaN,NaN,NaN,NaN,NaN,NaN
1627434000,2.88,2.89,2.86,2.87,1848400,NaN,NaN,NaN,NaN,NaN,NaN,NaN
1627520400,2.87,2.9,2.86,2.89,2278700,NaN,NaN,NaN,NaN,NaN,NaN,NaN
1627606800,2.89,2.9,2.85,2.85,2413300,NaN,NaN,NaN,NaN,NaN,NaN,NaN
1627866000,2.86,2.87,2.83,2.84,1957200,NaN,NaN,NaN,NaN,NaN,NaN,NaN
1627952400,2.85,2.85,2.82,2.85,1669500,NaN,NaN,NaN,NaN,NaN,NaN,NaN
1628038800,2.84,2.86,2.82,2.82,1038700,NaN,NaN,NaN,NaN,NaN,NaN,NaN
1628125200,2.83,2.86,2.82,2.83,845900,NaN,NaN,NaN,NaN,NaN,NaN,NaN
1628211600,2.83,2.85,2.82,2.83,528700,NaN,NaN,NaN,NaN,NaN,NaN,NaN
1628470800,2.83,2.86,2.82,2.83,1759100,NaN,NaN,NaN,NaN,NaN,NaN,NaN
1628643600,2.83,2.87,2.82,2.85,2864700,NaN,NaN,NaN,NaN,NaN,NaN,NaN
1628730000,2.85,2.85,2.83,2.84,1963300,NaN,NaN,NaN,NaN,NaN,NaN,NaN
1628816400,2.84,2.86,2.84,2.86,702700,NaN,NaN,NaN,NaN,NaN,NaN,NaN
1629075600,2.85,2.86,2.8,2.86,3496500,NaN,NaN,NaN,NaN,NaN,NaN,NaN
1629162000,2.86,2.92,2.85,2.92,4368400,NaN,NaN,NaN,NaN,NaN,NaN,NaN
1629248400,2.91,2.93,2.89,2.9,3304600,NaN,NaN,NaN,NaN,NaN,NaN,NaN
1629334800,2.91,2.92,2.87,2.88,4088200,NaN,NaN,NaN,NaN,NaN,NaN,NaN
1629421200,2.88,2.89,2.86,2.86,1221900,NaN,NaN,NaN,NaN,NaN,NaN,NaN
1629680400,2.87,2.9,2.86,2.9,2198900,NaN,NaN,NaN,NaN,NaN,NaN,NaN
1629766800,2.91,3.02,2.9,3,9332600,NaN,NaN,NaN,NaN,NaN,NaN,NaN
1629853200,3,3.03,2.97,3,5481700,NaN,NaN,NaN,NaN,NaN,NaN,NaN
1629939600,3,3.02,2.98,3,2724400,NaN,NaN,NaN,NaN,NaN,NaN,NaN
1630026000,3,3.03,3,3.02,3223500,NaN,NaN,NaN,NaN,NaN,NaN,NaN
1630285200,3.02,3.05,3.01,3.03,7076800,NaN,NaN,NaN,NaN,NaN,NaN,NaN
1630458000,3.05,3.14,3.04,3.1,8889300,NaN,NaN,NaN,NaN,NaN,NaN,NaN
1630544400,3.1,3.26,3.1,3.24,13353600,NaN,NaN,NaN,NaN,NaN,NaN,NaN
1630630800,3.22,3.27,3.2,3.26,7548600,NaN,NaN,NaN,NaN,NaN,NaN,NaN
1630890000,3.25,3.33,3.24,3.26,8099000,NaN,NaN,NaN,NaN,NaN,NaN,NaN
1630976400,3.25,3.3,3.25,3.29,4829300,NaN,NaN,NaN,NaN,NaN,NaN,NaN
1631062800,3.27,3.35,3.25,3.35,7331000,NaN,NaN,NaN,NaN,NaN,NaN,NaN
1631149200,3.32,3.32,3.22,3.28,5533300,NaN,NaN,NaN,NaN,NaN,NaN,NaN
1631235600,3.25,3.29,3.22,3.23,1839800,NaN,NaN,NaN,NaN,NaN,NaN,NaN
1631494800,3.23,3.28,3.22,3.25,1724100,NaN,NaN,NaN,NaN,NaN,NaN,NaN
1631581200,3.25,3.26,3.11,3.13,7492600,NaN,NaN,NaN,NaN,NaN,NaN,NaN
1631667600,3.12,3.18,3.12,3.16,4500200,NaN,NaN,NaN,NaN,NaN,NaN,NaN
1631840400,3.17,3.28,3.16,3.28,9338100,NaN,NaN,NaN,NaN,NaN,NaN,NaN
1632099600,3.25,3.25,3.19,3.21,2325900,NaN,NaN,NaN,NaN,NaN,NaN,NaN
1632186000,3.2,3.24,3.19,3.24,1552900,NaN,NaN,NaN,NaN,NaN,NaN,NaN
1632272400,3.23,3.24,3.2,3.2,1399200,NaN,NaN,NaN,NaN,NaN,NaN,NaN
1632358800,3.21,3.22,3.16,3.18,2961000,NaN,NaN,NaN,NaN,NaN,NaN,NaN
1632445200,3.19,3.2,3.15,3.2,3054400,NaN,NaN,NaN,NaN,NaN,NaN,NaN
1632704400,3.2,3.21,3.15,3.16,1490400,NaN,NaN,NaN,NaN,NaN,NaN,NaN
1632790800,3.16,3.2,3.14,3.2,2293600,NaN,NaN,NaN,NaN,NaN,NaN,NaN
1632877200,3.18,3.2,3.17,3.18,2241200,NaN,NaN,NaN,NaN,NaN,NaN,NaN
1632963600,3.19,3.23,3.17,3.18,2347200,3008796200,163568278000,146539173000,432600000,1391488000,16125279000,0
1633050000,3.18,3.18,3.11,3.12,2655100,NaN,NaN,NaN,NaN,NaN,NaN,NaN
1633309200,3.13,3.17,3.11,3.17,2076100,NaN,NaN,NaN,NaN,NaN,NaN,NaN
1633395600,3.14,3.17,3.11,3.13,1190600,NaN,NaN,NaN,NaN,NaN,NaN,NaN
1633482000,3.13,3.15,3.08,3.13,5161800,NaN,NaN,NaN,NaN,NaN,NaN,NaN
1633568400,3.13,3.15,3.1,3.12,2304500,NaN,NaN,NaN,NaN,NaN,NaN,NaN
1633654800,3.13,3.18,3.12,3.18,3799600,NaN,NaN,NaN,NaN,NaN,NaN,NaN
1633914000,3.18,3.24,3.16,3.18,4140000,NaN,NaN,NaN,NaN,NaN,NaN,NaN
1634000400,3.19,3.25,3.18,3.22,5117800,NaN,NaN,NaN,NaN,NaN,NaN,NaN
1634086800,3.23,3.33,3.22,3.29,6262100,NaN,NaN,NaN,NaN,NaN,NaN,NaN
1634173200,3.29,3.32,3.28,3.32,5002200,NaN,NaN,NaN,NaN,NaN,NaN,NaN
1634259600,3.32,3.35,3.31,3.33,5190800,NaN,NaN,NaN,NaN,NaN,NaN,NaN
1634518800,3.33,3.4,3.32,3.37,4226300,NaN,NaN,NaN,NaN,NaN,NaN,NaN
1634691600,3.37,3.46,3.37,3.43,7701100,NaN,NaN,NaN,NaN,NaN,NaN,NaN
1634778000,3.45,3.45,3.28,3.28,7045200,NaN,NaN,NaN,NaN,NaN,NaN,NaN
1634864400,3.3,3.34,3.28,3.34,3820600,NaN,NaN,NaN,NaN,NaN,NaN,NaN
1635123600,3.35,3.4,3.34,3.39,1653200,NaN,NaN,NaN,NaN,NaN,NaN,NaN
1635210000,3.4,3.4,3.34,3.36,1752900,NaN,NaN,NaN,NaN,NaN,NaN,NaN
1635296400,3.36,3.41,3.35,3.41,1760300,NaN,NaN,NaN,NaN,NaN,NaN,NaN
1635382800,3.41,3.42,3.34,3.39,3147700,NaN,NaN,NaN,NaN,NaN,NaN,NaN
1635469200,3.36,3.38,3.33,3.36,1858600,NaN,NaN,NaN,NaN,NaN,NaN,NaN
1635728400,3.31,3.31,3.18,3.22,9817700,NaN,NaN,NaN,NaN,NaN,NaN,NaN
1635814800,3.22,3.25,3.18,3.22,4054100,NaN,NaN,NaN,NaN,NaN,NaN,NaN
1635901200,3.2,3.22,3.19,3.22,1977900,NaN,NaN,NaN,NaN,NaN,NaN,NaN
1636074000,3.21,3.23,3.19,3.22,2114900,NaN,NaN,NaN,NaN,NaN,NaN,NaN
1636333200,3.22,3.25,3.21,3.25,953000,NaN,NaN,NaN,NaN,NaN,NaN,NaN
1636419600,3.27,3.27,3.22,3.22,1204800,NaN,NaN,NaN,NaN,NaN,NaN,NaN
1636506000,3.22,3.22,3.19,3.22,1226900,NaN,NaN,NaN,NaN,NaN,NaN,NaN
1636592400,3.24,3.24,3.17,3.18,2035300,NaN,NaN,NaN,NaN,NaN,NaN,NaN
1636678800,3.18,3.21,3.18,3.19,1230600,NaN,NaN,NaN,NaN,NaN,NaN,NaN
1636938000,3.18,3.2,3.18,3.19,952900,NaN,NaN,NaN,NaN,NaN,NaN,NaN
1637024400,3.18,3.21,3.15,3.17,2660800,NaN,NaN,NaN,NaN,NaN,NaN,NaN
1637110800,3.19,3.22,3.17,3.22,1011800,NaN,NaN,NaN,NaN,NaN,NaN,NaN
1637197200,3.22,3.23,3.17,3.19,2331900,NaN,NaN,NaN,NaN,NaN,NaN,NaN
1637283600,3.19,3.23,3.15,3.23,2829900,NaN,NaN,NaN,NaN,NaN,NaN,NaN
1637542800,3.19,3.22,3.17,3.17,2387100,NaN,NaN,NaN,NaN,NaN,NaN,NaN
1637629200,3.17,3.2,3.15,3.15,1694800,NaN,NaN,NaN,NaN,NaN,NaN,NaN
1637715600,3.16,3.2,3.16,3.17,1162900,NaN,NaN,NaN,NaN,NaN,NaN,NaN
1637802000,3.17,3.24,3.17,3.23,1268100,NaN,NaN,NaN,NaN,NaN,NaN,NaN
1637888400,3.23,3.23,3.15,3.15,2981700,NaN,NaN,NaN,NaN,NaN,NaN,NaN
1638147600,3.13,3.14,3.05,3.08,5146600,NaN,NaN,NaN,NaN,NaN,NaN,NaN
1638234000,3.1,3.2,3.08,3.16,10621600,NaN,NaN,NaN,NaN,NaN,NaN,NaN
1638320400,3.15,3.15,3.08,3.09,3761600,NaN,NaN,NaN,NaN,NaN,NaN,NaN
1638406800,3.09,3.19,3.07,3.15,3031500,NaN,NaN,NaN,NaN,NaN,NaN,NaN
1638752400,3.15,3.23,3.11,3.15,4524300,NaN,NaN,NaN,NaN,NaN,NaN,NaN
1638838800,3.16,3.22,3.16,3.2,3867600,NaN,NaN,NaN,NaN,NaN,NaN,NaN
1638925200,3.2,3.25,3.19,3.23,4006100,NaN,NaN,NaN,NaN,NaN,NaN,NaN
1639011600,3.2,3.24,3.2,3.22,982300,NaN,NaN,NaN,NaN,NaN,NaN,NaN
1639098000,3.2,3.22,3.17,3.19,2164300,NaN,NaN,NaN,NaN,NaN,NaN,NaN
1639357200,3.2,3.21,3.18,3.19,3032300,NaN,NaN,NaN,NaN,NaN,NaN,NaN
1639443600,3.18,3.21,3.12,3.13,2483400,NaN,NaN,NaN,NaN,NaN,NaN,NaN
1639530000,3.15,3.22,3.14,3.21,1079400,NaN,NaN,NaN,NaN,NaN,NaN,NaN
1639616400,3.2,3.21,3.14,3.14,1813900,NaN,NaN,NaN,NaN,NaN,NaN,NaN
1639702800,3.14,3.18,3.14,3.17,3570200,NaN,NaN,NaN,NaN,NaN,NaN,NaN
1639962000,3.17,3.2,3.13,3.13,436300,NaN,NaN,NaN,NaN,NaN,NaN,NaN
1640048400,3.15,3.17,3.13,3.13,1147300,NaN,NaN,NaN,NaN,NaN,NaN,NaN
1640134800,3.15,3.17,3.12,3.14,2175800,NaN,NaN,NaN,NaN,NaN,NaN,NaN
1640221200,3.14,3.19,3.14,3.19,942300,NaN,NaN,NaN,NaN,NaN,NaN,NaN
1640307600,3.2,3.2,3.16,3.17,202100,NaN,NaN,NaN,NaN,NaN,NaN,NaN
1640566800,3.18,3.24,3.17,3.2,2645900,NaN,NaN,NaN,NaN,NaN,NaN,NaN
1640653200,3.2,3.23,3.2,3.21,575700,NaN,NaN,NaN,NaN,NaN,NaN,NaN
1640739600,3.2,3.23,3.19,3.22,1158100,NaN,NaN,NaN,NaN,NaN,NaN,NaN
1640826000,3.23,3.23,3.14,3.16,1662400,NaN,NaN,NaN,NaN,NaN,NaN,NaN
1640912400,3.16,3.2,3.16,3.17,559100,3308796200,179560902000,162177655000,323323000,1482543000,16465921999.999998,0
1641171600,3.17,3.2,3.16,3.2,251700,NaN,NaN,NaN,NaN,NaN,NaN,NaN
1641258000,3.2,3.22,3.2,3.21,581400,NaN,NaN,NaN,NaN,NaN,NaN,NaN
1641344400,3.22,3.28,3.22,3.27,2661300,NaN,NaN,NaN,NaN,NaN,NaN,NaN
1641430800,3.25,3.28,3.23,3.28,1604100,NaN,NaN,NaN,NaN,NaN,NaN,NaN
1641517200,3.25,3.3,3.25,3.3,1059400,NaN,NaN,NaN,NaN,NaN,NaN,NaN
1641776400,3.3,3.35,3.28,3.35,1631000,NaN,NaN,NaN,NaN,NaN,NaN,NaN
1641862800,3.35,3.45,3.34,3.44,8208700,NaN,NaN,NaN,NaN,NaN,NaN,NaN
1641949200,3.43,3.45,3.39,3.43,2873100,NaN,NaN,NaN,NaN,NaN,NaN,NaN
1642035600,3.4,3.56,3.4,3.53,7487700,NaN,NaN,NaN,NaN,NaN,NaN,NaN
1642122000,3.5,3.62,3.49,3.6,9390900,NaN,NaN,NaN,NaN,NaN,NaN,NaN
1642381200,3.58,3.6,3.53,3.58,4560300,NaN,NaN,NaN,NaN,NaN,NaN,NaN
1642554000,3.54,3.56,3.48,3.52,4320800,NaN,NaN,NaN,NaN,NaN,NaN,NaN
1642640400,3.5,3.53,3.49,3.52,1699200,NaN,NaN,NaN,NaN,NaN,NaN,NaN
1642726800,3.5,3.55,3.45,3.5,1921800,NaN,NaN,NaN,NaN,NaN,NaN,NaN
1642986000,3.47,3.49,3.37,3.38,2407400,NaN,NaN,NaN,NaN,NaN,NaN,NaN
1643072400,3.38,3.4,3.3,3.35,5809800,NaN,NaN,NaN,NaN,NaN,NaN,NaN
1643158800,3.35,3.39,3.33,3.33,1740800,NaN,NaN,NaN,NaN,NaN,NaN,NaN
1643245200,3.33,3.36,3.32,3.34,1394600,NaN,NaN,NaN,NaN,NaN,NaN,NaN
1643331600,3.35,3.37,3.29,3.32,2328200,NaN,NaN,NaN,NaN,NaN,NaN,NaN
1643590800,3.32,3.37,3.26,3.26,1196700,NaN,NaN,NaN,NaN,NaN,NaN,NaN
1643850000,3.29,3.36,3.26,3.29,2132800,NaN,NaN,NaN,NaN,NaN,NaN,NaN
1643936400,3.29,3.34,3.28,3.33,1090500,NaN,NaN,NaN,NaN,NaN,NaN,NaN
1644195600,3.32,3.33,3.25,3.26,3097800,NaN,NaN,NaN,NaN,NaN,NaN,NaN
1644282000,3.27,3.3,3.26,3.28,4668100,NaN,NaN,NaN,NaN,NaN,NaN,NaN
1644368400,3.27,3.37,3.27,3.32,4537000,NaN,NaN,NaN,NaN,NaN,NaN,NaN
1644454800,3.35,3.45,3.34,3.4,9267700,NaN,NaN,NaN,NaN,NaN,NaN,NaN
1644541200,3.4,3.42,3.35,3.37,4692000,NaN,NaN,NaN,NaN,NaN,NaN,NaN
1644800400,3.37,3.43,3.37,3.41,4304800,NaN,NaN,NaN,NaN,NaN,NaN,NaN
1644886800,3.42,3.49,3.39,3.41,4267900,NaN,NaN,NaN,NaN,NaN,NaN,NaN
1644973200,3.41,3.44,3.39,3.4,2768900,NaN,NaN,NaN,NaN,NaN,NaN,NaN
1645059600,3.39,3.42,3.35,3.4,2191600,NaN,NaN,NaN,NaN,NaN,NaN,NaN
1645146000,3.4,3.42,3.36,3.41,1713200,NaN,NaN,NaN,NaN,NaN,NaN,NaN
1645405200,3.4,3.4,3.35,3.36,1454300,NaN,NaN,NaN,NaN,NaN,NaN,NaN
1645491600,3.34,3.36,3.3,3.31,2291600,NaN,NaN,NaN,NaN,NaN,NaN,NaN
1645578000,3.3,3.35,3.3,3.35,2405500,NaN,NaN,NaN,NaN,NaN,NaN,NaN
1645664400,3.33,3.35,3.19,3.3,4229800,NaN,NaN,NaN,NaN,NaN,NaN,NaN
1645750800,3.3,3.45,3.3,3.43,4347600,NaN,NaN,NaN,NaN,NaN,NaN,NaN
1646010000,3.4,3.43,3.31,3.36,11391100,NaN,NaN,NaN,NaN,NaN,NaN,NaN
1646096400,3.38,3.46,3.37,3.38,4046500,NaN,NaN,NaN,NaN,NaN,NaN,NaN
1646182800,3.4,3.43,3.35,3.4,6493900,NaN,NaN,NaN,NaN,NaN,NaN,NaN
1646269200,3.42,3.51,3.42,3.47,3559800,NaN,NaN,NaN,NaN,NaN,NaN,NaN
1646355600,3.47,3.48,3.38,3.44,3367600,NaN,NaN,NaN,NaN,NaN,NaN,NaN
1646614800,3.39,3.43,3.23,3.26,7048800,NaN,NaN,NaN,NaN,NaN,NaN,NaN
1646701200,3.21,3.25,3.14,3.18,6965400,NaN,NaN,NaN,NaN,NaN,NaN,NaN
1646787600,3.19,3.33,3.19,3.29,2477100,NaN,NaN,NaN,NaN,NaN,NaN,NaN
1646874000,3.34,3.37,3.32,3.36,3383300,NaN,NaN,NaN,NaN,NaN,NaN,NaN
1646960400,3.35,3.36,3.32,3.34,1695200,NaN,NaN,NaN,NaN,NaN,NaN,NaN
1647219600,3.35,3.36,3.29,3.3,3033800,NaN,NaN,NaN,NaN,NaN,NaN,NaN
1647306000,3.31,3.35,3.27,3.32,4024200,NaN,NaN,NaN,NaN,NaN,NaN,NaN
1647392400,3.35,3.41,3.32,3.39,2095800,NaN,NaN,NaN,NaN,NaN,NaN,NaN
1647478800,3.42,3.51,3.41,3.47,4999500,NaN,NaN,NaN,NaN,NaN,NaN,NaN
1647565200,3.47,3.48,3.42,3.42,5422500,NaN,NaN,NaN,NaN,NaN,NaN,NaN
1647824400,3.42,3.54,3.42,3.52,5034300,NaN,NaN,NaN,NaN,NaN,NaN,NaN
1647910800,3.53,3.59,3.53,3.54,2385100,NaN,NaN,NaN,NaN,NaN,NaN,NaN
1647997200,3.52,3.58,3.51,3.55,3270700,NaN,NaN,NaN,NaN,NaN,NaN,NaN
1648083600,3.56,3.59,3.54,3.59,2573200,NaN,NaN,NaN,NaN,NaN,NaN,NaN
1648170000,3.59,3.65,3.58,3.64,5485800,NaN,NaN,NaN,NaN,NaN,NaN,NaN
1648429200,3.63,3.66,3.62,3.66,2298300,NaN,NaN,NaN,NaN,NaN,NaN,NaN
1648515600,3.65,3.67,3.62,3.62,1604300,NaN,NaN,NaN,NaN,NaN,NaN,NaN
1648602000,3.63,3.69,3.63,3.65,2275600,NaN,NaN,NaN,NaN,NaN,NaN,NaN
1648688400,3.67,3.74,3.65,3.71,6711000,3308796200,174858905000,156900012000,613417000,1433607000,16759792000.000002,1.34770889487871
1648774800,3.72,3.77,3.64,3.66,3403600,NaN,NaN,NaN,NaN,NaN,NaN,NaN
1649034000,3.67,3.72,3.66,3.69,2392100,NaN,NaN,NaN,NaN,NaN,NaN,NaN
1649120400,3.69,3.7,3.6,3.61,5245100,NaN,NaN,NaN,NaN,NaN,NaN,NaN
1649206800,3.6,3.68,3.6,3.68,2463900,NaN,NaN,NaN,NaN,NaN,NaN,NaN
1649293200,3.68,3.69,3.63,3.63,3748100,NaN,NaN,NaN,NaN,NaN,NaN,NaN
1649379600,3.64,3.69,3.64,3.68,1072700,NaN,NaN,NaN,NaN,NaN,NaN,NaN
1649638800,3.68,3.7,3.61,3.65,2019900,NaN,NaN,NaN,NaN,NaN,NaN,NaN
1649725200,3.65,3.68,3.62,3.65,1378300,NaN,NaN,NaN,NaN,NaN,NaN,NaN
1649811600,3.65,3.69,3.64,3.64,1133700,NaN,NaN,NaN,NaN,NaN,NaN,NaN
1649898000,3.65,3.68,3.64,3.64,1605200,NaN,NaN,NaN,NaN,NaN,NaN,NaN
1649984400,3.65,3.68,3.64,3.66,838700,NaN,NaN,NaN,NaN,NaN,NaN,NaN
1650243600,3.66,3.66,3.56,3.56,2992700,NaN,NaN,NaN,NaN,NaN,NaN,NaN
1650416400,3.58,3.63,3.57,3.62,3767700,NaN,NaN,NaN,NaN,NaN,NaN,NaN
1650502800,3.64,3.71,3.6,3.71,2683600,NaN,NaN,NaN,NaN,NaN,NaN,NaN
1650589200,3.7,3.74,3.67,3.71,2448000,NaN,NaN,NaN,NaN,NaN,NaN,NaN
1650848400,3.69,3.69,3.61,3.63,1586100,NaN,NaN,NaN,NaN,NaN,NaN,NaN
1650934800,3.65,3.67,3.62,3.64,2181100,NaN,NaN,NaN,NaN,NaN,NaN,NaN
1651021200,3.6,3.64,3.59,3.61,1998600,NaN,NaN,NaN,NaN,NaN,NaN,NaN
1651107600,3.61,3.71,3.61,3.7,3488200,NaN,NaN,NaN,NaN,NaN,NaN,NaN
1651194000,3.7,3.7,3.66,3.69,3106600,NaN,NaN,NaN,NaN,NaN,NaN,NaN
1651712400,3.69,3.7,3.64,3.66,2543100,NaN,NaN,NaN,NaN,NaN,NaN,NaN
1651798800,3.63,3.68,3.61,3.65,2666800,NaN,NaN,NaN,NaN,NaN,NaN,NaN
1652058000,3.7,3.7,3.64,3.64,1999800,NaN,NaN,NaN,NaN,NaN,NaN,NaN
1652144400,3.63,3.66,3.6,3.65,3170000,NaN,NaN,NaN,NaN,NaN,NaN,NaN
1652230800,3.65,3.67,3.59,3.64,5807800,NaN,NaN,NaN,NaN,NaN,NaN,NaN
1652317200,3.63,3.65,3.58,3.62,2884500,NaN,NaN,NaN,NaN,NaN,NaN,NaN
1652403600,3.6,3.62,3.52,3.54,3652800,NaN,NaN,NaN,NaN,NaN,NaN,NaN
1652749200,3.59,3.6,3.53,3.53,2721600,NaN,NaN,NaN,NaN,NaN,NaN,NaN
1652835600,3.54,3.58,3.51,3.51,2529300,NaN,NaN,NaN,NaN,NaN,NaN,NaN
1652922000,3.47,3.56,3.47,3.5,5044700,NaN,NaN,NaN,NaN,NaN,NaN,NaN
1653008400,3.5,3.56,3.46,3.46,3840400,NaN,NaN,NaN,NaN,NaN,NaN,NaN
1653267600,3.46,3.48,3.4,3.4,2916800,NaN,NaN,NaN,NaN,NaN,NaN,NaN
1653354000,3.41,3.46,3.38,3.39,3048900,NaN,NaN,NaN,NaN,NaN,NaN,NaN
1653440400,3.4,3.44,3.4,3.43,1214300,NaN,NaN,NaN,NaN,NaN,NaN,NaN
1653526800,3.44,3.48,3.42,3.48,2298900,NaN,NaN,NaN,NaN,NaN,NaN,NaN
1653613200,3.5,3.5,3.42,3.48,1329200,NaN,NaN,NaN,NaN,NaN,NaN,NaN
1653872400,3.48,3.49,3.42,3.43,2767300,NaN,NaN,NaN,NaN,NaN,NaN,NaN
1653958800,3.43,3.64,3.43,3.64,17671700,NaN,NaN,NaN,NaN,NaN,NaN,NaN
1654045200,3.6,3.76,3.6,3.72,6665900,NaN,NaN,NaN,NaN,NaN,NaN,NaN
1654131600,3.71,3.79,3.7,3.76,6656700,NaN,NaN,NaN,NaN,NaN,NaN,NaN
1654218000,3.78,3.8,3.72,3.74,4039400,NaN,NaN,NaN,NaN,NaN,NaN,NaN
1654563600,3.74,3.79,3.69,3.77,5807700,NaN,NaN,NaN,NaN,NaN,NaN,NaN
1654650000,3.79,3.83,3.77,3.81,4751600,NaN,NaN,NaN,NaN,NaN,NaN,NaN
1654736400,3.81,3.83,3.79,3.8,5959800,NaN,NaN,NaN,NaN,NaN,NaN,NaN
1654822800,3.8,3.84,3.79,3.82,5406500,NaN,NaN,NaN,NaN,NaN,NaN,NaN
1655082000,3.8,3.8,3.72,3.74,4727700,NaN,NaN,NaN,NaN,NaN,NaN,NaN
1655168400,3.73,3.8,3.67,3.76,5234300,NaN,NaN,NaN,NaN,NaN,NaN,NaN
1655254800,3.75,3.79,3.75,3.77,3773900,NaN,NaN,NaN,NaN,NaN,NaN,NaN
1655341200,3.79,3.82,3.78,3.81,3731900,NaN,NaN,NaN,NaN,NaN,NaN,NaN
1655427600,3.79,3.8,3.73,3.73,9759000,NaN,NaN,NaN,NaN,NaN,NaN,NaN
1655686800,3.7,3.71,3.68,3.7,4045700,NaN,NaN,NaN,NaN,NaN,NaN,NaN
1655773200,3.7,3.87,3.7,3.85,9533700,NaN,NaN,NaN,NaN,NaN,NaN,NaN
1655859600,3.82,3.87,3.76,3.77,4947200,NaN,NaN,NaN,NaN,NaN,NaN,NaN
1655946000,3.79,3.83,3.73,3.76,5265600,NaN,NaN,NaN,NaN,NaN,NaN,NaN
1656032400,3.75,3.76,3.7,3.73,4990300,NaN,NaN,NaN,NaN,NaN,NaN,NaN
1656291600,3.74,3.8,3.73,3.74,4741400,NaN,NaN,NaN,NaN,NaN,NaN,NaN
1656378000,3.76,3.79,3.75,3.79,4592100,NaN,NaN,NaN,NaN,NaN,NaN,NaN
1656464400,3.78,3.79,3.76,3.78,2947100,NaN,NaN,NaN,NaN,NaN,NaN,NaN
1656550800,3.78,3.79,3.73,3.73,4073300,3308796200,178553105000,160321773000,505811000,1554818000,17017484000,1.34048257372654
1656637200,3.72,3.81,3.72,3.81,2357500,NaN,NaN,NaN,NaN,NaN,NaN,NaN
1656896400,3.81,3.85,3.79,3.82,3417800,NaN,NaN,NaN,NaN,NaN,NaN,NaN
1656982800,3.82,3.82,3.79,3.8,2179200,NaN,NaN,NaN,NaN,NaN,NaN,NaN
1657069200,3.8,3.86,3.76,3.79,6667200,NaN,NaN,NaN,NaN,NaN,NaN,NaN
1657155600,3.8,3.86,3.8,3.85,3151400,NaN,NaN,NaN,NaN,NaN,NaN,NaN
1657242000,3.83,3.88,3.82,3.88,1848400,NaN,NaN,NaN,NaN,NaN,NaN,NaN
1657587600,3.88,3.94,3.85,3.87,6717900,NaN,NaN,NaN,NaN,NaN,NaN,NaN
1657674000,3.87,3.9,3.83,3.87,3235600,NaN,NaN,NaN,NaN,NaN,NaN,NaN
1657760400,3.86,3.89,3.84,3.87,4760300,NaN,NaN,NaN,NaN,NaN,NaN,NaN
1657846800,3.87,3.9,3.82,3.85,1055900,NaN,NaN,NaN,NaN,NaN,NaN,NaN
1658106000,3.83,3.88,3.81,3.87,833900,NaN,NaN,NaN,NaN,NaN,NaN,NaN
1658192400,3.87,3.89,3.84,3.85,3794400,NaN,NaN,NaN,NaN,NaN,NaN,NaN
1658278800,3.87,3.9,3.84,3.85,5937600,NaN,NaN,NaN,NaN,NaN,NaN,NaN
1658365200,3.86,3.89,3.85,3.87,1909500,NaN,NaN,NaN,NaN,NaN,NaN,NaN
1658451600,3.88,3.91,3.86,3.9,5980300,NaN,NaN,NaN,NaN,NaN,NaN,NaN
1658710800,3.9,3.92,3.87,3.89,3631600,NaN,NaN,NaN,NaN,NaN,NaN,NaN
1658797200,3.89,3.92,3.89,3.91,3158600,NaN,NaN,NaN,NaN,NaN,NaN,NaN
1658883600,3.9,3.92,3.85,3.89,3215700,NaN,NaN,NaN,NaN,NaN,NaN,NaN
1658970000,3.9,3.92,3.88,3.88,3533400,NaN,NaN,NaN,NaN,NaN,NaN,NaN
1659056400,3.9,3.91,3.86,3.9,3536800,NaN,NaN,NaN,NaN,NaN,NaN,NaN
1659315600,3.87,3.91,3.81,3.83,3148200,NaN,NaN,NaN,NaN,NaN,NaN,NaN
1659402000,3.84,3.85,3.79,3.83,3510200,NaN,NaN,NaN,NaN,NaN,NaN,NaN
1659488400,3.83,3.89,3.83,3.88,3938400,NaN,NaN,NaN,NaN,NaN,NaN,NaN
1659574800,3.88,3.93,3.87,3.93,3810000,NaN,NaN,NaN,NaN,NaN,NaN,NaN
1659661200,3.91,3.93,3.86,3.88,2120300,NaN,NaN,NaN,NaN,NaN,NaN,NaN
1659920400,3.89,3.9,3.87,3.88,1659100,NaN,NaN,NaN,NaN,NaN,NaN,NaN
1660006800,3.88,3.92,3.87,3.89,1666000,NaN,NaN,NaN,NaN,NaN,NaN,NaN
1660093200,3.91,3.94,3.9,3.93,3236500,NaN,NaN,NaN,NaN,NaN,NaN,NaN
1660179600,3.94,4.14,3.94,4.08,7364500,NaN,NaN,NaN,NaN,NaN,NaN,NaN
1660266000,4.03,4.07,4.01,4.03,3052900,NaN,NaN,NaN,NaN,NaN,NaN,NaN
1660525200,4.05,4.05,3.98,3.98,1393400,NaN,NaN,NaN,NaN,NaN,NaN,NaN
1660611600,4,4.04,3.99,4.02,4183800,NaN,NaN,NaN,NaN,NaN,NaN,NaN
1660698000,4.01,4.03,3.97,3.99,4245800,NaN,NaN,NaN,NaN,NaN,NaN,NaN
1660784400,3.98,4.08,3.98,4.07,6328800,NaN,NaN,NaN,NaN,NaN,NaN,NaN
1660870800,4.07,4.11,4.04,4.05,3610400,NaN,NaN,NaN,NaN,NaN,NaN,NaN
1661130000,4.05,4.06,3.99,4.01,3824000,NaN,NaN,NaN,NaN,NaN,NaN,NaN
1661216400,3.98,4.02,3.98,3.99,3655700,NaN,NaN,NaN,NaN,NaN,NaN,NaN
1661302800,3.98,4.03,3.98,4,1643600,NaN,NaN,NaN,NaN,NaN,NaN,NaN
1661389200,4.01,4.06,4.01,4.04,6115000,NaN,NaN,NaN,NaN,NaN,NaN,NaN
1661475600,4.04,4.06,4.02,4.05,3185400,NaN,NaN,NaN,NaN,NaN,NaN,NaN
1661734800,4,4.05,4,4.01,4158000,NaN,NaN,NaN,NaN,NaN,NaN,NaN
1661821200,4.02,4.18,3.99,4.18,8247800,NaN,NaN,NaN,NaN,NaN,NaN,NaN
1661994000,4.05,4.07,3.96,3.96,9448300,NaN,NaN,NaN,NaN,NaN,NaN,NaN
1662080400,3.99,4.04,3.98,3.99,3156700,NaN,NaN,NaN,NaN,NaN,NaN,NaN
1662339600,3.99,4.04,3.98,4.02,5869100,NaN,NaN,NaN,NaN,NaN,NaN,NaN
1662426000,4.01,4.08,4.01,4.04,3762200,NaN,NaN,NaN,NaN,NaN,NaN,NaN
1662512400,4.04,4.08,4.03,4.05,7238900,NaN,NaN,NaN,NaN,NaN,NaN,NaN
1662598800,4.06,4.07,4.04,4.05,5657800,NaN,NaN,NaN,NaN,NaN,NaN,NaN
1662685200,4.05,4.07,4.05,4.06,2148600,NaN,NaN,NaN,NaN,NaN,NaN,NaN
1662944400,4.06,4.12,4.06,4.08,2993300,NaN,NaN,NaN,NaN,NaN,NaN,NaN
1663030800,4.1,4.11,4.07,4.11,4127900,NaN,NaN,NaN,NaN,NaN,NaN,NaN
1663117200,4.05,4.08,4.01,4.05,6150600,NaN,NaN,NaN,NaN,NaN,NaN,NaN
1663203600,4.08,4.1,4.02,4.1,12318000,NaN,NaN,NaN,NaN,NaN,NaN,NaN
1663549200,4.12,4.12,4.04,4.05,4108700,NaN,NaN,NaN,NaN,NaN,NaN,NaN
1663635600,4.04,4.11,4.04,4.06,3093600,NaN,NaN,NaN,NaN,NaN,NaN,NaN
1663722000,4.06,4.08,4.01,4.02,2274200,NaN,NaN,NaN,NaN,NaN,NaN,NaN
1663808400,4,4.04,3.99,4.03,3892000,NaN,NaN,NaN,NaN,NaN,NaN,NaN
1663894800,4.05,4.06,3.94,3.97,1403800,NaN,NaN,NaN,NaN,NaN,NaN,NaN
1664154000,3.94,3.98,3.93,3.96,3125900,NaN,NaN,NaN,NaN,NaN,NaN,NaN
1664240400,3.96,3.96,3.87,3.91,2998700,NaN,NaN,NaN,NaN,NaN,NaN,NaN
1664326800,3.88,3.92,3.85,3.88,1935600,NaN,NaN,NaN,NaN,NaN,NaN,NaN
1664413200,3.9,3.92,3.88,3.9,2182900,NaN,NaN,NaN,NaN,NaN,NaN,NaN
1664499600,3.87,3.92,3.85,3.9,3067800,3311940200,180232182000,162964533000,597739000,1736320000,17266819000,2.82051282051282
1664758800,3.9,3.93,3.86,3.86,2072200,NaN,NaN,NaN,NaN,NaN,NaN,NaN
1664845200,3.89,3.94,3.88,3.93,4733400,NaN,NaN,NaN,NaN,NaN,NaN,NaN
1664931600,3.94,4,3.94,3.98,4214500,NaN,NaN,NaN,NaN,NaN,NaN,NaN
1665018000,3.98,4.04,3.98,3.99,2800200,NaN,NaN,NaN,NaN,NaN,NaN,NaN
1665104400,3.99,4.03,3.93,3.98,6636500,NaN,NaN,NaN,NaN,NaN,NaN,NaN
1665450000,3.94,4.01,3.93,3.95,9872900,NaN,NaN,NaN,NaN,NaN,NaN,NaN
1665536400,3.95,4.01,3.94,3.96,6728800,NaN,NaN,NaN,NaN,NaN,NaN,NaN
1665622800,3.96,3.99,3.92,3.93,3277400,NaN,NaN,NaN,NaN,NaN,NaN,NaN
1665709200,3.95,3.96,3.94,3.95,6837400,NaN,NaN,NaN,NaN,NaN,NaN,NaN
1665968400,3.98,3.98,3.92,3.94,3788700,NaN,NaN,NaN,NaN,NaN,NaN,NaN
1666054800,3.95,3.96,3.9,3.93,1516700,NaN,NaN,NaN,NaN,NaN,NaN,NaN
1666141200,3.93,3.95,3.92,3.94,1965700,NaN,NaN,NaN,NaN,NaN,NaN,NaN
1666227600,3.94,4.01,3.91,3.91,8172200,NaN,NaN,NaN,NaN,NaN,NaN,NaN
1666314000,3.93,4,3.93,3.98,5431800,NaN,NaN,NaN,NaN,NaN,NaN,NaN
1666659600,3.99,4.15,3.99,4.15,8916000,NaN,NaN,NaN,NaN,NaN,NaN,NaN
1666746000,4.14,4.14,4.05,4.07,3914600,NaN,NaN,NaN,NaN,NaN,NaN,NaN
1666832400,4.06,4.09,4.02,4.05,3299500,NaN,NaN,NaN,NaN,NaN,NaN,NaN
1666918800,4.03,4.12,4.03,4.06,6324800,NaN,NaN,NaN,NaN,NaN,NaN,NaN
1667178000,4.08,4.11,4.05,4.09,3278900,NaN,NaN,NaN,NaN,NaN,NaN,NaN
1667264400,4.09,4.1,3.99,4.02,2072500,NaN,NaN,NaN,NaN,NaN,NaN,NaN
1667350800,3.99,4.03,3.92,4,6339800,NaN,NaN,NaN,NaN,NaN,NaN,NaN
1667437200,3.99,3.99,3.93,3.95,4272700,NaN,NaN,NaN,NaN,NaN,NaN,NaN
1667523600,3.95,3.96,3.92,3.95,2048400,NaN,NaN,NaN,NaN,NaN,NaN,NaN
1667782800,3.94,3.97,3.89,3.94,6976800,NaN,NaN,NaN,NaN,NaN,NaN,NaN
1667869200,3.95,3.95,3.88,3.9,5474700,NaN,NaN,NaN,NaN,NaN,NaN,NaN
1667955600,3.92,3.94,3.89,3.9,3376100,NaN,NaN,NaN,NaN,NaN,NaN,NaN
1668042000,3.89,3.98,3.89,3.93,3709000,NaN,NaN,NaN,NaN,NaN,NaN,NaN
1668128400,3.97,3.98,3.94,3.96,3727700,NaN,NaN,NaN,NaN,NaN,NaN,NaN
1668387600,3.95,3.98,3.93,3.97,3330700,NaN,NaN,NaN,NaN,NaN,NaN,NaN
1668474000,3.97,3.97,3.91,3.92,1389000,NaN,NaN,NaN,NaN,NaN,NaN,NaN
1668560400,3.92,3.96,3.89,3.94,1851400,NaN,NaN,NaN,NaN,NaN,NaN,NaN
1668646800,3.95,3.98,3.91,3.98,1862000,NaN,NaN,NaN,NaN,NaN,NaN,NaN
1668992400,3.98,3.99,3.91,3.96,5032200,NaN,NaN,NaN,NaN,NaN,NaN,NaN
1669078800,3.96,3.98,3.92,3.95,2970800,NaN,NaN,NaN,NaN,NaN,NaN,NaN
1669165200,3.94,3.98,3.94,3.97,3835100,NaN,NaN,NaN,NaN,NaN,NaN,NaN
1669251600,3.98,4.14,3.97,4.12,10307800,NaN,NaN,NaN,NaN,NaN,NaN,NaN
1669338000,4.12,4.12,4.01,4.03,4388500,NaN,NaN,NaN,NaN,NaN,NaN,NaN
1669683600,4.03,4.14,4.03,4.12,6619900,NaN,NaN,NaN,NaN,NaN,NaN,NaN
1669770000,4.09,4.23,4.09,4.17,22357200,NaN,NaN,NaN,NaN,NaN,NaN,NaN
1669856400,4.17,4.23,4.16,4.2,7598100,NaN,NaN,NaN,NaN,NaN,NaN,NaN
1669942800,4.2,4.21,4.16,4.2,5909700,NaN,NaN,NaN,NaN,NaN,NaN,NaN
1670202000,4.2,4.2,4.15,4.16,4021900,NaN,NaN,NaN,NaN,NaN,NaN,NaN
1670288400,4.19,4.22,4.14,4.21,3668200,NaN,NaN,NaN,NaN,NaN,NaN,NaN
1670374800,4.25,4.25,4.17,4.21,6060600,NaN,NaN,NaN,NaN,NaN,NaN,NaN
1670461200,4.2,4.22,4.09,4.1,2883000,NaN,NaN,NaN,NaN,NaN,NaN,NaN
1670547600,4.12,4.22,4.12,4.22,3942700,NaN,NaN,NaN,NaN,NaN,NaN,NaN
1670806800,4.2,4.22,4.15,4.22,1967500,NaN,NaN,NaN,NaN,NaN,NaN,NaN
1670893200,4.23,4.24,4.21,4.23,2177900,NaN,NaN,NaN,NaN,NaN,NaN,NaN
1670979600,4.15,4.24,4.15,4.24,1309100,NaN,NaN,NaN,NaN,NaN,NaN,NaN
1671066000,4.23,4.23,4.16,4.21,1749400,NaN,NaN,NaN,NaN,NaN,NaN,NaN
1671152400,4.16,4.22,4.16,4.18,5072500,NaN,NaN,NaN,NaN,NaN,NaN,NaN
1671411600,4.17,4.24,4.14,4.21,3078200,NaN,NaN,NaN,NaN,NaN,NaN,NaN
1671498000,4.2,4.23,4.14,4.17,1476300,NaN,NaN,NaN,NaN,NaN,NaN,NaN
1671584400,4.2,4.23,4.14,4.23,1734800,NaN,NaN,NaN,NaN,NaN,NaN,NaN
1671670800,4.24,4.24,4.18,4.24,1483400,NaN,NaN,NaN,NaN,NaN,NaN,NaN
1671757200,4.2,4.24,4.13,4.24,1964800,NaN,NaN,NaN,NaN,NaN,NaN,NaN
1672102800,4.22,4.23,4.14,4.14,2845700,NaN,NaN,NaN,NaN,NaN,NaN,NaN
1672189200,4.15,4.17,4.07,4.11,6156500,NaN,NaN,NaN,NaN,NaN,NaN,NaN
1672275600,4.1,4.18,4.08,4.18,2111400,NaN,NaN,NaN,NaN,NaN,NaN,NaN
1672362000,4.16,4.21,4.13,4.14,4095000,3309424100,185205072000,167603602000,580020000,1939812000,17600551000,2.65700483091787
1672707600,4.13,4.13,4.06,4.08,2724500,NaN,NaN,NaN,NaN,NaN,NaN,NaN
1672794000,4.07,4.1,4.06,4.07,4275600,NaN,NaN,NaN,NaN,NaN,NaN,NaN
1672880400,4.07,4.12,4.06,4.1,6485800,NaN,NaN,NaN,NaN,NaN,NaN,NaN
1672966800,4.07,4.11,4.05,4.1,2456300,NaN,NaN,NaN,NaN,NaN,NaN,NaN
1673226000,4.1,4.17,4.1,4.16,2079300,NaN,NaN,NaN,NaN,NaN,NaN,NaN
1673312400,4.16,4.17,4.12,4.16,3729800,NaN,NaN,NaN,NaN,NaN,NaN,NaN
1673398800,4.15,4.15,4.11,4.13,1851900,NaN,NaN,NaN,NaN,NaN,NaN,NaN
1673485200,4.15,4.17,4.11,4.15,2406800,NaN,NaN,NaN,NaN,NaN,NaN,NaN
1673571600,4.16,4.2,4.16,4.19,2294200,NaN,NaN,NaN,NaN,NaN,NaN,NaN
1673830800,4.18,4.18,4.11,4.14,1349900,NaN,NaN,NaN,NaN,NaN,NaN,NaN
1673917200,4.14,4.18,4.13,4.15,6582200,NaN,NaN,NaN,NaN,NaN,NaN,NaN
1674003600,4.15,4.15,4.08,4.09,3044500,NaN,NaN,NaN,NaN,NaN,NaN,NaN
1674090000,4.08,4.12,4.01,4.06,4760900,NaN,NaN,NaN,NaN,NaN,NaN,NaN
1674176400,4.07,4.08,4.03,4.06,3571400,NaN,NaN,NaN,NaN,NaN,NaN,NaN
1674608400,4.06,4.08,4.04,4.05,4445000,NaN,NaN,NaN,NaN,NaN,NaN,NaN
1674694800,4.05,4.09,4.04,4.08,5430000,NaN,NaN,NaN,NaN,NaN,NaN,NaN
1674781200,4.08,4.11,4.08,4.11,4332400,NaN,NaN,NaN,NaN,NaN,NaN,NaN
1675040400,4.11,4.11,4.04,4.08,6901800,NaN,NaN,NaN,NaN,NaN,NaN,NaN
1675126800,4.09,4.11,4.05,4.08,9006400,NaN,NaN,NaN,NaN,NaN,NaN,NaN
1675299600,4.16,4.16,4.06,4.07,3738500,NaN,NaN,NaN,NaN,NaN,NaN,NaN
1675386000,4.09,4.1,4.06,4.07,5013300,NaN,NaN,NaN,NaN,NaN,NaN,NaN
1675731600,4.05,4.08,3.94,3.97,6473800,NaN,NaN,NaN,NaN,NaN,NaN,NaN
1675818000,3.98,4.01,3.88,3.92,8940000,NaN,NaN,NaN,NaN,NaN,NaN,NaN
1675904400,3.92,3.92,3.85,3.87,5309000,NaN,NaN,NaN,NaN,NaN,NaN,NaN
1675990800,3.88,3.92,3.87,3.9,5550300,NaN,NaN,NaN,NaN,NaN,NaN,NaN
1676250000,3.9,3.96,3.9,3.96,5757700,NaN,NaN,NaN,NaN,NaN,NaN,NaN
1676336400,3.97,3.98,3.91,3.93,2667200,NaN,NaN,NaN,NaN,NaN,NaN,NaN
1676422800,3.95,3.96,3.9,3.95,2870100,NaN,NaN,NaN,NaN,NaN,NaN,NaN
1676509200,3.95,4,3.88,3.89,4269600,NaN,NaN,NaN,NaN,NaN,NaN,NaN
1676595600,3.89,3.89,3.82,3.83,4715700,NaN,NaN,NaN,NaN,NaN,NaN,NaN
1676854800,3.85,3.86,3.82,3.85,5795000,NaN,NaN,NaN,NaN,NaN,NaN,NaN
1676941200,3.85,3.9,3.85,3.89,2132500,NaN,NaN,NaN,NaN,NaN,NaN,NaN
1677027600,3.85,3.89,3.79,3.84,5849200,NaN,NaN,NaN,NaN,NaN,NaN,NaN
1677114000,3.84,3.86,3.74,3.83,6491500,NaN,NaN,NaN,NaN,NaN,NaN,NaN
1677200400,3.85,3.94,3.83,3.91,5070200,NaN,NaN,NaN,NaN,NaN,NaN,NaN
1677459600,3.91,4.02,3.91,3.99,5246900,NaN,NaN,NaN,NaN,NaN,NaN,NaN
1677546000,4,4.03,3.97,4.01,6522400,NaN,NaN,NaN,NaN,NaN,NaN,NaN
1677632400,4,4.01,3.9,3.92,6119700,NaN,NaN,NaN,NaN,NaN,NaN,NaN
1677718800,3.92,3.97,3.85,3.89,6066900,NaN,NaN,NaN,NaN,NaN,NaN,NaN
1677805200,3.91,3.99,3.9,3.97,3157200,NaN,NaN,NaN,NaN,NaN,NaN,NaN
1678064400,3.98,3.98,3.94,3.95,1749900,NaN,NaN,NaN,NaN,NaN,NaN,NaN
1678150800,3.95,4,3.95,3.98,2578800,NaN,NaN,NaN,NaN,NaN,NaN,NaN
1678237200,3.96,4.03,3.96,4,2845400,NaN,NaN,NaN,NaN,NaN,NaN,NaN
1678323600,4,4.02,3.91,3.98,5043600,NaN,NaN,NaN,NaN,NaN,NaN,NaN
1678410000,3.97,3.97,3.85,3.87,4469200,NaN,NaN,NaN,NaN,NaN,NaN,NaN
1678669200,3.85,3.9,3.83,3.87,1866200,NaN,NaN,NaN,NaN,NaN,NaN,NaN
1678755600,3.86,3.89,3.73,3.73,7807700,NaN,NaN,NaN,NaN,NaN,NaN,NaN
1678842000,3.76,3.79,3.69,3.71,7115500,NaN,NaN,NaN,NaN,NaN,NaN,NaN
1678928400,3.69,3.69,3.63,3.63,8398500,NaN,NaN,NaN,NaN,NaN,NaN,NaN
1679014800,3.67,3.73,3.62,3.73,10944300,NaN,NaN,NaN,NaN,NaN,NaN,NaN
1679274000,3.71,3.72,3.67,3.68,2364900,NaN,NaN,NaN,NaN,NaN,NaN,NaN
1679360400,3.69,3.73,3.67,3.68,3691300,NaN,NaN,NaN,NaN,NaN,NaN,NaN
1679446800,3.69,3.79,3.69,3.74,5987000,NaN,NaN,NaN,NaN,NaN,NaN,NaN
1679533200,3.71,3.74,3.68,3.74,2306200,NaN,NaN,NaN,NaN,NaN,NaN,NaN
1679619600,3.73,3.73,3.6,3.62,8785000,NaN,NaN,NaN,NaN,NaN,NaN,NaN
1679878800,3.61,3.61,3.54,3.55,3766400,NaN,NaN,NaN,NaN,NaN,NaN,NaN
1679965200,3.56,3.65,3.55,3.63,3888000,NaN,NaN,NaN,NaN,NaN,NaN,NaN
1680051600,3.63,3.74,3.63,3.73,5503300,NaN,NaN,NaN,NaN,NaN,NaN,NaN
1680138000,3.74,3.75,3.7,3.72,3638000,NaN,NaN,NaN,NaN,NaN,NaN,NaN
1680224400,3.72,3.77,3.72,3.75,4270200,3306545894,197509900000,179484681000,502298000,1995006000,18024355000,4.88
1680483600,3.76,3.79,3.73,3.78,1563700,NaN,NaN,NaN,NaN,NaN,NaN,NaN
1680570000,3.78,3.78,3.72,3.73,1976300,NaN,NaN,NaN,NaN,NaN,NaN,NaN
1680656400,3.73,3.74,3.7,3.72,433700,NaN,NaN,NaN,NaN,NaN,NaN,NaN
1680742800,3.73,3.73,3.66,3.69,1977500,NaN,NaN,NaN,NaN,NaN,NaN,NaN
1680829200,3.69,3.7,3.65,3.67,1317400,NaN,NaN,NaN,NaN,NaN,NaN,NaN
1681088400,3.67,3.69,3.63,3.68,1687600,NaN,NaN,NaN,NaN,NaN,NaN,NaN
1681174800,3.67,3.73,3.67,3.71,1993900,NaN,NaN,NaN,NaN,NaN,NaN,NaN
1681261200,3.71,3.74,3.69,3.71,1886600,NaN,NaN,NaN,NaN,NaN,NaN,NaN
1681347600,3.74,3.76,3.71,3.74,2083000,NaN,NaN,NaN,NaN,NaN,NaN,NaN
1681434000,3.76,3.77,3.68,3.71,4046600,NaN,NaN,NaN,NaN,NaN,NaN,NaN
1681693200,3.71,3.74,3.69,3.7,1936700,NaN,NaN,NaN,NaN,NaN,NaN,NaN
1681779600,3.7,3.71,3.66,3.67,1887300,NaN,NaN,NaN,NaN,NaN,NaN,NaN
1681866000,3.67,3.68,3.64,3.66,1575300,NaN,NaN,NaN,NaN,NaN,NaN,NaN
1681952400,3.67,3.67,3.64,3.66,779500,NaN,NaN,NaN,NaN,NaN,NaN,NaN
1682384400,3.65,3.68,3.63,3.64,1772900,NaN,NaN,NaN,NaN,NaN,NaN,NaN
1682470800,3.64,3.65,3.63,3.63,1796400,NaN,NaN,NaN,NaN,NaN,NaN,NaN
1682557200,3.63,3.65,3.62,3.64,1005700,NaN,NaN,NaN,NaN,NaN,NaN,NaN
1682643600,3.65,3.65,3.6,3.61,1471600,NaN,NaN,NaN,NaN,NaN,NaN,NaN
1682989200,3.61,3.67,3.61,3.65,1997000,NaN,NaN,NaN,NaN,NaN,NaN,NaN
1683075600,3.65,3.67,3.62,3.64,3267600,NaN,NaN,NaN,NaN,NaN,NaN,NaN
1683248400,3.64,3.65,3.62,3.64,3542000,NaN,NaN,NaN,NaN,NaN,NaN,NaN
1683507600,3.65,3.69,3.65,3.67,1959600,NaN,NaN,NaN,NaN,NaN,NaN,NaN
1683594000,3.67,3.68,3.61,3.61,1854100,NaN,NaN,NaN,NaN,NaN,NaN,NaN
1683680400,3.62,3.62,3.59,3.59,1203800,NaN,NaN,NaN,NaN,NaN,NaN,NaN
1683766800,3.59,3.62,3.54,3.55,3552600,NaN,NaN,NaN,NaN,NaN,NaN,NaN
1683853200,3.55,3.56,3.51,3.54,3495200,NaN,NaN,NaN,NaN,NaN,NaN,NaN
1684112400,3.53,3.57,3.51,3.51,2821800,NaN,NaN,NaN,NaN,NaN,NaN,NaN
1684198800,3.52,3.57,3.51,3.55,2496800,NaN,NaN,NaN,NaN,NaN,NaN,NaN
1684285200,3.56,3.58,3.53,3.55,1547700,NaN,NaN,NaN,NaN,NaN,NaN,NaN
1684371600,3.56,3.59,3.55,3.57,1106200,NaN,NaN,NaN,NaN,NaN,NaN,NaN
1684458000,3.56,3.57,3.52,3.54,1851900,NaN,NaN,NaN,NaN,NaN,NaN,NaN
1684717200,3.53,3.58,3.51,3.56,2267900,NaN,NaN,NaN,NaN,NaN,NaN,NaN
1684803600,3.55,3.56,3.5,3.5,1830900,NaN,NaN,NaN,NaN,NaN,NaN,NaN
1684890000,3.5,3.52,3.5,3.51,1717600,NaN,NaN,NaN,NaN,NaN,NaN,NaN
1684976400,3.5,3.52,3.5,3.5,1645300,NaN,NaN,NaN,NaN,NaN,NaN,NaN
1685062800,3.5,3.52,3.46,3.49,2667600,NaN,NaN,NaN,NaN,NaN,NaN,NaN
1685322000,3.51,3.57,3.49,3.51,5409600,NaN,NaN,NaN,NaN,NaN,NaN,NaN
1685408400,3.53,3.6,3.53,3.57,4336800,NaN,NaN,NaN,NaN,NaN,NaN,NaN
1685494800,3.6,3.64,3.55,3.64,21248900,NaN,NaN,NaN,NaN,NaN,NaN,NaN
1685581200,3.64,3.64,3.58,3.64,2806800,NaN,NaN,NaN,NaN,NaN,NaN,NaN
1685667600,3.62,3.64,3.59,3.62,3057400,NaN,NaN,NaN,NaN,NaN,NaN,NaN
1686013200,3.62,3.63,3.58,3.58,2917000,NaN,NaN,NaN,NaN,NaN,NaN,NaN
1686099600,3.58,3.61,3.53,3.57,3925800,NaN,NaN,NaN,NaN,NaN,NaN,NaN
1686186000,3.57,3.6,3.56,3.58,2180000,NaN,NaN,NaN,NaN,NaN,NaN,NaN
1686272400,3.58,3.61,3.57,3.57,1586200,NaN,NaN,NaN,NaN,NaN,NaN,NaN
1686531600,3.58,3.61,3.57,3.59,2137400,NaN,NaN,NaN,NaN,NaN,NaN,NaN
1686618000,3.61,3.62,3.59,3.6,5670900,NaN,NaN,NaN,NaN,NaN,NaN,NaN
1686704400,3.51,3.58,3.49,3.56,5638100,NaN,NaN,NaN,NaN,NaN,NaN,NaN
1686790800,3.54,3.59,3.52,3.58,3209700,NaN,NaN,NaN,NaN,NaN,NaN,NaN
1686877200,3.54,3.57,3.44,3.44,9236200,NaN,NaN,NaN,NaN,NaN,NaN,NaN
1687136400,3.46,3.5,3.42,3.5,3187100,NaN,NaN,NaN,NaN,NaN,NaN,NaN
1687222800,3.5,3.58,3.48,3.55,3715600,NaN,NaN,NaN,NaN,NaN,NaN,NaN
1687309200,3.52,3.66,3.52,3.6,5415900,NaN,NaN,NaN,NaN,NaN,NaN,NaN
1687395600,3.6,3.68,3.59,3.64,4513500,NaN,NaN,NaN,NaN,NaN,NaN,NaN
1687482000,3.68,3.69,3.61,3.62,2653600,NaN,NaN,NaN,NaN,NaN,NaN,NaN
1687741200,3.63,3.67,3.63,3.66,2364000,NaN,NaN,NaN,NaN,NaN,NaN,NaN
1687827600,3.65,3.65,3.58,3.61,2314900,NaN,NaN,NaN,NaN,NaN,NaN,NaN
1687914000,3.6,3.65,3.59,3.65,1554200,NaN,NaN,NaN,NaN,NaN,NaN,NaN
1688086800,3.64,3.67,3.57,3.62,3462500,3306545894,194114830000,175627588000,464641000,2183170000,18486330000,5.05524861878453
1688346000,3.6,3.7,3.6,3.69,2410300,NaN,NaN,NaN,NaN,NaN,NaN,NaN
1688432400,3.68,3.69,3.64,3.67,509900,NaN,NaN,NaN,NaN,NaN,NaN,NaN
1688518800,3.66,3.68,3.61,3.64,1557500,NaN,NaN,NaN,NaN,NaN,NaN,NaN
1688605200,3.63,3.67,3.6,3.64,3326400,NaN,NaN,NaN,NaN,NaN,NaN,NaN
1688691600,3.61,3.63,3.58,3.6,1886500,NaN,NaN,NaN,NaN,NaN,NaN,NaN
1688950800,3.6,3.63,3.6,3.6,1403100,NaN,NaN,NaN,NaN,NaN,NaN,NaN
1689037200,3.61,3.62,3.56,3.58,4726200,NaN,NaN,NaN,NaN,NaN,NaN,NaN
1689123600,3.58,3.61,3.57,3.59,2788700,NaN,NaN,NaN,NaN,NaN,NaN,NaN
1689210000,3.6,3.69,3.59,3.64,2915100,NaN,NaN,NaN,NaN,NaN,NaN,NaN
1689296400,3.65,3.71,3.65,3.69,3965100,NaN,NaN,NaN,NaN,NaN,NaN,NaN
1689555600,3.71,3.72,3.65,3.67,1093800,NaN,NaN,NaN,NaN,NaN,NaN,NaN
1689642000,3.67,3.68,3.6,3.64,2050000,NaN,NaN,NaN,NaN,NaN,NaN,NaN
1689814800,3.64,3.68,3.58,3.65,2303600,NaN,NaN,NaN,NaN,NaN,NaN,NaN
1689901200,3.66,3.72,3.62,3.7,2615200,NaN,NaN,NaN,NaN,NaN,NaN,NaN
1690160400,3.7,3.71,3.66,3.69,761900,NaN,NaN,NaN,NaN,NaN,NaN,NaN
1690246800,3.7,3.8,3.69,3.76,4089600,NaN,NaN,NaN,NaN,NaN,NaN,NaN
1690333200,3.76,3.83,3.76,3.8,2508000,NaN,NaN,NaN,NaN,NaN,NaN,NaN
1690419600,3.83,3.85,3.79,3.82,1899100,NaN,NaN,NaN,NaN,NaN,NaN,NaN
1690506000,3.84,3.85,3.78,3.82,1834900,NaN,NaN,NaN,NaN,NaN,NaN,NaN
1690765200,3.83,3.9,3.83,3.86,2812600,NaN,NaN,NaN,NaN,NaN,NaN,NaN
1690851600,3.85,3.89,3.8,3.83,1779300,NaN,NaN,NaN,NaN,NaN,NaN,NaN
1690938000,3.81,3.84,3.73,3.78,2770900,NaN,NaN,NaN,NaN,NaN,NaN,NaN
1691024400,3.76,3.79,3.7,3.75,2936100,NaN,NaN,NaN,NaN,NaN,NaN,NaN
1691110800,3.75,3.8,3.75,3.78,1498100,NaN,NaN,NaN,NaN,NaN,NaN,NaN
1691370000,3.78,3.8,3.74,3.75,1376000,NaN,NaN,NaN,NaN,NaN,NaN,NaN
1691456400,3.76,3.79,3.74,3.77,1334000,NaN,NaN,NaN,NaN,NaN,NaN,NaN
1691542800,3.77,3.8,3.74,3.79,2586100,NaN,NaN,NaN,NaN,NaN,NaN,NaN
1691629200,3.78,3.83,3.76,3.8,1914200,NaN,NaN,NaN,NaN,NaN,NaN,NaN
1691715600,3.8,3.84,3.77,3.81,3097000,NaN,NaN,NaN,NaN,NaN,NaN,NaN
1691974800,3.84,3.85,3.8,3.83,1190600,NaN,NaN,NaN,NaN,NaN,NaN,NaN
1692061200,3.83,3.89,3.83,3.86,1800400,NaN,NaN,NaN,NaN,NaN,NaN,NaN
1692147600,3.84,3.9,3.84,3.87,2038400,NaN,NaN,NaN,NaN,NaN,NaN,NaN
1692234000,3.85,3.87,3.82,3.85,2260700,NaN,NaN,NaN,NaN,NaN,NaN,NaN
1692320400,3.82,3.87,3.82,3.86,1501800,NaN,NaN,NaN,NaN,NaN,NaN,NaN
1692579600,3.86,3.88,3.68,3.77,9896400,NaN,NaN,NaN,NaN,NaN,NaN,NaN
1692666000,3.74,3.76,3.7,3.73,6424700,NaN,NaN,NaN,NaN,NaN,NaN,NaN
1692752400,3.73,3.75,3.67,3.67,3531800,NaN,NaN,NaN,NaN,NaN,NaN,NaN
1692838800,3.69,3.7,3.66,3.67,2280600,NaN,NaN,NaN,NaN,NaN,NaN,NaN
1692925200,3.67,3.7,3.64,3.67,5096800,NaN,NaN,NaN,NaN,NaN,NaN,NaN
1693184400,3.68,3.71,3.67,3.69,2749200,NaN,NaN,NaN,NaN,NaN,NaN,NaN
1693270800,3.71,3.77,3.69,3.73,3786800,NaN,NaN,NaN,NaN,NaN,NaN,NaN
1693357200,3.75,3.79,3.73,3.73,7408100,NaN,NaN,NaN,NaN,NaN,NaN,NaN
1693530000,3.75,3.76,3.72,3.73,2102600,NaN,NaN,NaN,NaN,NaN,NaN,NaN
1693789200,3.74,3.74,3.68,3.69,3073100,NaN,NaN,NaN,NaN,NaN,NaN,NaN
1693875600,3.7,3.73,3.66,3.68,3509100,NaN,NaN,NaN,NaN,NaN,NaN,NaN
1693962000,3.69,3.75,3.69,3.71,2210800,NaN,NaN,NaN,NaN,NaN,NaN,NaN
1694048400,3.72,3.72,3.66,3.67,2795400,NaN,NaN,NaN,NaN,NaN,NaN,NaN
1694134800,3.68,3.69,3.66,3.67,2982200,NaN,NaN,NaN,NaN,NaN,NaN,NaN
1694394000,3.67,3.69,3.66,3.68,2741100,NaN,NaN,NaN,NaN,NaN,NaN,NaN
1694480400,3.68,3.69,3.66,3.68,1902800,NaN,NaN,NaN,NaN,NaN,NaN,NaN
1694566800,3.67,3.68,3.64,3.66,2382200,NaN,NaN,NaN,NaN,NaN,NaN,NaN
1694653200,3.67,3.67,3.64,3.66,5999600,NaN,NaN,NaN,NaN,NaN,NaN,NaN
1694739600,3.67,3.75,3.65,3.73,10068300,NaN,NaN,NaN,NaN,NaN,NaN,NaN
1694998800,3.73,3.74,3.66,3.68,3052900,NaN,NaN,NaN,NaN,NaN,NaN,NaN
1695085200,3.69,3.69,3.67,3.68,1893300,NaN,NaN,NaN,NaN,NaN,NaN,NaN
1695171600,3.67,3.76,3.67,3.73,2603700,NaN,NaN,NaN,NaN,NaN,NaN,NaN
1695258000,3.72,3.75,3.69,3.7,2105900,NaN,NaN,NaN,NaN,NaN,NaN,NaN
1695344400,3.69,3.73,3.68,3.7,1795100,NaN,NaN,NaN,NaN,NaN,NaN,NaN
1695603600,3.7,3.7,3.67,3.67,1235300,NaN,NaN,NaN,NaN,NaN,NaN,NaN
1695690000,3.69,3.74,3.68,3.73,1802300,NaN,NaN,NaN,NaN,NaN,NaN,NaN
1695776400,3.72,3.73,3.69,3.72,2465400,NaN,NaN,NaN,NaN,NaN,NaN,NaN
1695949200,3.7,3.71,3.69,3.7,1892800,3306545894,194465298000,175937725000,596539000,2050848000,18526496000,4.94594594594595
1696208400,3.72,3.73,3.71,3.72,2780900,NaN,NaN,NaN,NaN,NaN,NaN,NaN
1696294800,3.74,3.74,3.7,3.72,4362500,NaN,NaN,NaN,NaN,NaN,NaN,NaN
1696381200,3.7,3.73,3.7,3.73,1397400,NaN,NaN,NaN,NaN,NaN,NaN,NaN
1696467600,3.72,3.75,3.71,3.72,2084600,NaN,NaN,NaN,NaN,NaN,NaN,NaN
1696554000,3.72,3.74,3.71,3.74,1442900,NaN,NaN,NaN,NaN,NaN,NaN,NaN
1696813200,3.75,3.84,3.75,3.8,4824900,NaN,NaN,NaN,NaN,NaN,NaN,NaN
1696899600,3.8,3.85,3.78,3.84,6413600,NaN,NaN,NaN,NaN,NaN,NaN,NaN
1696986000,3.84,3.92,3.82,3.9,8336900,NaN,NaN,NaN,NaN,NaN,NaN,NaN
1697072400,3.92,3.94,3.88,3.89,4605900,NaN,NaN,NaN,NaN,NaN,NaN,NaN
1697158800,3.89,3.93,3.87,3.9,3917600,NaN,NaN,NaN,NaN,NaN,NaN,NaN
1697418000,3.9,3.93,3.84,3.88,3473000,NaN,NaN,NaN,NaN,NaN,NaN,NaN
1697504400,3.89,3.89,3.79,3.85,4646800,NaN,NaN,NaN,NaN,NaN,NaN,NaN
1697590800,3.85,3.87,3.81,3.81,21592900,NaN,NaN,NaN,NaN,NaN,NaN,NaN
1697677200,3.79,3.86,3.78,3.85,2440500,NaN,NaN,NaN,NaN,NaN,NaN,NaN
1697763600,3.82,3.85,3.81,3.82,1681000,NaN,NaN,NaN,NaN,NaN,NaN,NaN
1698022800,3.81,3.82,3.74,3.74,2152500,NaN,NaN,NaN,NaN,NaN,NaN,NaN
1698109200,3.74,3.8,3.74,3.75,2993000,NaN,NaN,NaN,NaN,NaN,NaN,NaN
1698195600,3.76,3.81,3.76,3.8,1054500,NaN,NaN,NaN,NaN,NaN,NaN,NaN
1698282000,3.78,3.85,3.78,3.82,1402700,NaN,NaN,NaN,NaN,NaN,NaN,NaN
1698368400,3.82,3.84,3.81,3.83,1042300,NaN,NaN,NaN,NaN,NaN,NaN,NaN
1698627600,3.83,3.83,3.79,3.81,849600,NaN,NaN,NaN,NaN,NaN,NaN,NaN
1698714000,3.82,3.85,3.81,3.82,1719500,NaN,NaN,NaN,NaN,NaN,NaN,NaN
1698800400,3.81,3.85,3.8,3.82,847500,NaN,NaN,NaN,NaN,NaN,NaN,NaN
1698886800,3.83,3.85,3.82,3.83,1239300,NaN,NaN,NaN,NaN,NaN,NaN,NaN
1698973200,3.86,3.9,3.84,3.87,1431800,NaN,NaN,NaN,NaN,NaN,NaN,NaN
1699232400,3.88,3.9,3.85,3.9,2037400,NaN,NaN,NaN,NaN,NaN,NaN,NaN
1699318800,3.9,3.91,3.88,3.89,2914600,NaN,NaN,NaN,NaN,NaN,NaN,NaN
1699405200,3.9,3.9,3.85,3.87,1471300,NaN,NaN,NaN,NaN,NaN,NaN,NaN
1699491600,3.85,3.86,3.83,3.83,1893700,NaN,NaN,NaN,NaN,NaN,NaN,NaN
1699578000,3.84,3.88,3.83,3.87,914900,NaN,NaN,NaN,NaN,NaN,NaN,NaN
1699923600,3.86,3.86,3.82,3.83,1599800,NaN,NaN,NaN,NaN,NaN,NaN,NaN
1700010000,3.84,3.93,3.84,3.93,4962900,NaN,NaN,NaN,NaN,NaN,NaN,NaN
1700096400,3.91,3.93,3.88,3.93,4009000,NaN,NaN,NaN,NaN,NaN,NaN,NaN
1700182800,3.89,3.94,3.89,3.93,1391100,NaN,NaN,NaN,NaN,NaN,NaN,NaN
1700442000,3.93,3.93,3.89,3.91,1730100,NaN,NaN,NaN,NaN,NaN,NaN,NaN
1700528400,3.91,3.95,3.89,3.93,3990600,NaN,NaN,NaN,NaN,NaN,NaN,NaN
1700614800,3.93,3.96,3.9,3.94,3295100,NaN,NaN,NaN,NaN,NaN,NaN,NaN
1700701200,3.94,4.02,3.94,4,8498400,NaN,NaN,NaN,NaN,NaN,NaN,NaN
1700787600,4.02,4.05,4.01,4.04,3727200,NaN,NaN,NaN,NaN,NaN,NaN,NaN
1701046800,4.03,4.09,4.03,4.05,3393900,NaN,NaN,NaN,NaN,NaN,NaN,NaN
1701133200,4.05,4.1,4.03,4.05,5134900,NaN,NaN,NaN,NaN,NaN,NaN,NaN
1701219600,4.06,4.08,4.04,4.05,2890600,NaN,NaN,NaN,NaN,NaN,NaN,NaN
1701306000,4.04,4.05,3.96,3.96,25077000,NaN,NaN,NaN,NaN,NaN,NaN,NaN
1701392400,3.98,4.07,3.98,4.06,3518400,NaN,NaN,NaN,NaN,NaN,NaN,NaN
1701651600,4.06,4.08,4.04,4.06,3149100,NaN,NaN,NaN,NaN,NaN,NaN,NaN
1701738000,4.04,4.06,4.01,4.04,4820700,NaN,NaN,NaN,NaN,NaN,NaN,NaN
1701824400,4.05,4.05,4.02,4.04,926900,NaN,NaN,NaN,NaN,NaN,NaN,NaN
1701910800,4.04,4.06,3.99,4.04,1528200,NaN,NaN,NaN,NaN,NaN,NaN,NaN
1701997200,4.02,4.03,4.01,4.02,1163400,NaN,NaN,NaN,NaN,NaN,NaN,NaN
1702256400,4.02,4.06,4.02,4.04,2413800,NaN,NaN,NaN,NaN,NaN,NaN,NaN
1702342800,4,4.03,3.99,4.02,2070700,NaN,NaN,NaN,NaN,NaN,NaN,NaN
1702429200,4.02,4.02,3.99,4,655600,NaN,NaN,NaN,NaN,NaN,NaN,NaN
1702515600,4.01,4.07,4,4.06,2473300,NaN,NaN,NaN,NaN,NaN,NaN,NaN
1702602000,4.05,4.07,4.02,4.05,3361900,NaN,NaN,NaN,NaN,NaN,NaN,NaN
1702861200,4.05,4.08,4.03,4.06,1473000,NaN,NaN,NaN,NaN,NaN,NaN,NaN
1702947600,4.06,4.08,4.04,4.07,2468900,NaN,NaN,NaN,NaN,NaN,NaN,NaN
1703034000,4.06,4.07,4,4.03,3662300,NaN,NaN,NaN,NaN,NaN,NaN,NaN
1703120400,4.02,4.03,4,4.01,1464600,NaN,NaN,NaN,NaN,NaN,NaN,NaN
1703206800,4.01,4.04,4.01,4.03,479900,NaN,NaN,NaN,NaN,NaN,NaN,NaN
1703552400,4.04,4.04,4,4,819400,NaN,NaN,NaN,NaN,NaN,NaN,NaN
1703638800,4.01,4.04,4,4.02,744600,NaN,NaN,NaN,NaN,NaN,NaN,NaN
1703725200,4.03,4.04,4.01,4.04,914300,NaN,NaN,NaN,NaN,NaN,NaN,NaN
1703811600,4.03,4.05,4,4.01,1481500,3306545894,193974367000,174821541000,23061000,2153388000,19151860000,4.56359102244389
1704157200,4.02,4.04,4.01,4.03,1244500,NaN,NaN,NaN,NaN,NaN,NaN,NaN
1704243600,4.04,4.12,4.02,4.11,2075800,NaN,NaN,NaN,NaN,NaN,NaN,NaN
1704330000,4.1,4.13,4.09,4.11,2927400,NaN,NaN,NaN,NaN,NaN,NaN,NaN
1704416400,4.1,4.22,4.1,4.21,6979300,NaN,NaN,NaN,NaN,NaN,NaN,NaN
1704675600,4.2,4.24,4.19,4.22,3692500,NaN,NaN,NaN,NaN,NaN,NaN,NaN
1704762000,4.2,4.24,4.16,4.18,1849600,NaN,NaN,NaN,NaN,NaN,NaN,NaN
1704848400,4.16,4.17,4.13,4.15,4907900,NaN,NaN,NaN,NaN,NaN,NaN,NaN
1704934800,4.15,4.22,4.15,4.18,5365900,NaN,NaN,NaN,NaN,NaN,NaN,NaN
1705021200,4.18,4.2,4.17,4.19,2609900,NaN,NaN,NaN,NaN,NaN,NaN,NaN
1705280400,4.19,4.24,4.18,4.23,2329400,NaN,NaN,NaN,NaN,NaN,NaN,NaN
1705366800,4.22,4.25,4.22,4.25,3999500,NaN,NaN,NaN,NaN,NaN,NaN,NaN
1705453200,4.22,4.25,4.19,4.23,5165800,NaN,NaN,NaN,NaN,NaN,NaN,NaN
1705539600,4.23,4.24,4.19,4.24,4680700,NaN,NaN,NaN,NaN,NaN,NaN,NaN
1705626000,4.24,4.24,4.19,4.22,1776900,NaN,NaN,NaN,NaN,NaN,NaN,NaN
1705885200,4.22,4.28,4.22,4.27,3754200,NaN,NaN,NaN,NaN,NaN,NaN,NaN
1705971600,4.28,4.28,4.23,4.25,2584200,NaN,NaN,NaN,NaN,NaN,NaN,NaN
1706058000,4.26,4.28,4.24,4.25,593300,NaN,NaN,NaN,NaN,NaN,NaN,NaN
1706230800,4.25,4.29,4.24,4.28,4694700,NaN,NaN,NaN,NaN,NaN,NaN,NaN
1706490000,4.28,4.3,4.26,4.29,2293300,NaN,NaN,NaN,NaN,NaN,NaN,NaN
1706576400,4.28,4.3,4.24,4.26,509300,NaN,NaN,NaN,NaN,NaN,NaN,NaN
1706662800,4.26,4.28,4.24,4.24,1219900,NaN,NaN,NaN,NaN,NaN,NaN,NaN
1706835600,4.25,4.28,4.22,4.24,1567100,NaN,NaN,NaN,NaN,NaN,NaN,NaN
1707094800,4.27,4.27,4.22,4.22,888500,NaN,NaN,NaN,NaN,NaN,NaN,NaN
1707181200,4.22,4.28,4.22,4.27,1281100,NaN,NaN,NaN,NaN,NaN,NaN,NaN
1707267600,4.28,4.3,4.26,4.29,1958800,NaN,NaN,NaN,NaN,NaN,NaN,NaN
1707354000,4.3,4.31,4.28,4.29,1174100,NaN,NaN,NaN,NaN,NaN,NaN,NaN
1707440400,4.3,4.3,4.28,4.29,437600,NaN,NaN,NaN,NaN,NaN,NaN,NaN
1707786000,4.29,4.32,4.28,4.29,2452000,NaN,NaN,NaN,NaN,NaN,NaN,NaN
1707872400,4.29,4.36,4.28,4.34,1958300,NaN,NaN,NaN,NaN,NaN,NaN,NaN
1707958800,4.35,4.36,4.29,4.33,1527100,NaN,NaN,NaN,NaN,NaN,NaN,NaN
1708045200,4.34,4.39,4.33,4.39,1587300,NaN,NaN,NaN,NaN,NaN,NaN,NaN
1708304400,4.4,4.4,4.36,4.38,610300,NaN,NaN,NaN,NaN,NaN,NaN,NaN
1708390800,4.38,4.45,4.36,4.41,3596100,NaN,NaN,NaN,NaN,NaN,NaN,NaN
1708477200,4.4,4.4,4.33,4.37,2230400,NaN,NaN,NaN,NaN,NaN,NaN,NaN
1708563600,4.35,4.37,4.34,4.37,1019300,NaN,NaN,NaN,NaN,NaN,NaN,NaN
1708650000,4.35,4.36,4.32,4.35,3286300,NaN,NaN,NaN,NaN,NaN,NaN,NaN
1708909200,4.35,4.35,4.28,4.31,2515600,NaN,NaN,NaN,NaN,NaN,NaN,NaN
1708995600,4.31,4.31,4.21,4.3,7488000,NaN,NaN,NaN,NaN,NaN,NaN,NaN
1709082000,4.29,4.35,4.27,4.33,3061600,NaN,NaN,NaN,NaN,NaN,NaN,NaN
1709168400,4.34,4.36,4.3,4.34,12560200,NaN,NaN,NaN,NaN,NaN,NaN,NaN
1709254800,4.31,4.33,4.26,4.28,7205800,NaN,NaN,NaN,NaN,NaN,NaN,NaN
1709514000,4.25,4.32,4.23,4.24,3294900,NaN,NaN,NaN,NaN,NaN,NaN,NaN
1709600400,4.25,4.25,4.17,4.2,5602400,NaN,NaN,NaN,NaN,NaN,NaN,NaN
1709686800,4.1,4.1,3.95,3.99,40085600,NaN,NaN,NaN,NaN,NaN,NaN,NaN
1709773200,3.96,4,3.92,3.95,35210100,NaN,NaN,NaN,NaN,NaN,NaN,NaN
1709859600,3.99,4.15,3.94,4.13,67009500,NaN,NaN,NaN,NaN,NaN,NaN,NaN
1710118800,4.12,4.14,3.98,3.98,59863400,NaN,NaN,NaN,NaN,NaN,NaN,NaN
1710205200,4,4.05,3.98,4.03,22640900,NaN,NaN,NaN,NaN,NaN,NaN,NaN
1710291600,4.04,4.05,3.99,4.02,17197300,NaN,NaN,NaN,NaN,NaN,NaN,NaN
1710378000,4.02,4.08,4.01,4.07,9475400,NaN,NaN,NaN,NaN,NaN,NaN,NaN
1710464400,4.07,4.13,4.06,4.1,30805000,NaN,NaN,NaN,NaN,NaN,NaN,NaN
1710723600,4.1,4.11,4.08,4.09,9988600,NaN,NaN,NaN,NaN,NaN,NaN,NaN
1710810000,4.09,4.13,4.06,4.12,9483900,NaN,NaN,NaN,NaN,NaN,NaN,NaN
1710896400,4.12,4.12,4.07,4.08,6034400,NaN,NaN,NaN,NaN,NaN,NaN,NaN
1710982800,4.08,4.13,4.08,4.12,5592700,NaN,NaN,NaN,NaN,NaN,NaN,NaN
1711069200,4.13,4.13,4.09,4.11,3127800,NaN,NaN,NaN,NaN,NaN,NaN,NaN
1711328400,4.11,4.17,4.08,4.12,7329000,NaN,NaN,NaN,NaN,NaN,NaN,NaN
1711414800,4.12,4.18,4.11,4.15,4788900,NaN,NaN,NaN,NaN,NaN,NaN,NaN
1711501200,4.16,4.17,4.14,4.17,5739700,NaN,NaN,NaN,NaN,NaN,NaN,NaN
1711674000,4.16,4.2,4.16,4.19,5292300,3305649344,196817471000,177375638000,582508000,1832780000,19440805000,5.39379474940334
1711933200,4.19,4.22,4.19,4.21,3648400,NaN,NaN,NaN,NaN,NaN,NaN,NaN
1712019600,4.21,4.24,4.2,4.24,9785100,NaN,NaN,NaN,NaN,NaN,NaN,NaN
1712106000,4.24,4.24,4.2,4.21,7845200,NaN,NaN,NaN,NaN,NaN,NaN,NaN
1712192400,4.2,4.23,4.2,4.22,4827200,NaN,NaN,NaN,NaN,NaN,NaN,NaN
1712278800,4.22,4.24,4.2,4.22,4238400,NaN,NaN,NaN,NaN,NaN,NaN,NaN
1712538000,4.21,4.25,4.21,4.24,2262000,NaN,NaN,NaN,NaN,NaN,NaN,NaN
1712624400,4.25,4.27,4.23,4.23,1617900,NaN,NaN,NaN,NaN,NaN,NaN,NaN
1712883600,4.23,4.24,4.17,4.24,4583900,NaN,NaN,NaN,NaN,NaN,NaN,NaN
1713142800,4.21,4.22,4.14,4.18,7988000,NaN,NaN,NaN,NaN,NaN,NaN,NaN
1713229200,4.17,4.17,4.09,4.1,15618800,NaN,NaN,NaN,NaN,NaN,NaN,NaN
1713315600,4.1,4.15,4.1,4.12,3593000,NaN,NaN,NaN,NaN,NaN,NaN,NaN
1713402000,4.12,4.19,4.11,4.17,3342200,NaN,NaN,NaN,NaN,NaN,NaN,NaN
1713488400,4.19,4.19,4.11,4.15,5677600,NaN,NaN,NaN,NaN,NaN,NaN,NaN
1713747600,4.15,4.2,4.15,4.2,4915000,NaN,NaN,NaN,NaN,NaN,NaN,NaN
1713834000,4.19,4.22,4.16,4.18,7263200,NaN,NaN,NaN,NaN,NaN,NaN,NaN
1713920400,4.21,4.24,4.19,4.23,3092600,NaN,NaN,NaN,NaN,NaN,NaN,NaN
1714006800,4.23,4.24,4.21,4.23,2763800,NaN,NaN,NaN,NaN,NaN,NaN,NaN
1714093200,4.23,4.24,4.21,4.24,740700,NaN,NaN,NaN,NaN,NaN,NaN,NaN
1714352400,4.24,4.24,4.21,4.23,3080100,NaN,NaN,NaN,NaN,NaN,NaN,NaN
1714438800,4.23,4.24,4.2,4.2,4696100,NaN,NaN,NaN,NaN,NaN,NaN,NaN
1714611600,4.2,4.23,4.18,4.19,2404900,NaN,NaN,NaN,NaN,NaN,NaN,NaN
1714698000,4.21,4.24,4.17,4.2,5014200,NaN,NaN,NaN,NaN,NaN,NaN,NaN
1714957200,4.2,4.21,4.18,4.2,6327600,NaN,NaN,NaN,NaN,NaN,NaN,NaN
1715043600,4.21,4.23,4.18,4.22,9989200,NaN,NaN,NaN,NaN,NaN,NaN,NaN
1715130000,4.22,4.24,4.16,4.19,4652900,NaN,NaN,NaN,NaN,NaN,NaN,NaN
1715216400,4.19,4.23,4.19,4.2,2203300,NaN,NaN,NaN,NaN,NaN,NaN,NaN
1715302800,4.21,4.23,4.19,4.23,3112400,NaN,NaN,NaN,NaN,NaN,NaN,NaN
1715562000,4.23,4.25,4.22,4.24,2538200,NaN,NaN,NaN,NaN,NaN,NaN,NaN
1715648400,4.23,4.25,4.23,4.24,2716300,NaN,NaN,NaN,NaN,NaN,NaN,NaN
1715734800,4.25,4.25,4.22,4.24,1425000,NaN,NaN,NaN,NaN,NaN,NaN,NaN
1715821200,4.25,4.27,4.24,4.27,2721200,NaN,NaN,NaN,NaN,NaN,NaN,NaN
1715907600,4.27,4.28,4.24,4.26,1926800,NaN,NaN,NaN,NaN,NaN,NaN,NaN
1716166800,4.26,4.3,4.26,4.29,5872700,NaN,NaN,NaN,NaN,NaN,NaN,NaN
1716253200,4.29,4.3,4.24,4.26,2591500,NaN,NaN,NaN,NaN,NaN,NaN,NaN
1716426000,4.26,4.31,4.26,4.3,3575200,NaN,NaN,NaN,NaN,NaN,NaN,NaN
1716512400,4.29,4.3,4.25,4.27,2775700,NaN,NaN,NaN,NaN,NaN,NaN,NaN
1716771600,4.28,4.3,4.25,4.27,4676300,NaN,NaN,NaN,NaN,NaN,NaN,NaN
1716858000,4.3,4.33,4.24,4.26,12120300,NaN,NaN,NaN,NaN,NaN,NaN,NaN
1716944400,4.26,4.28,4.21,4.22,10590200,NaN,NaN,NaN,NaN,NaN,NaN,NaN
1717030800,4.23,4.26,4.22,4.22,6606600,NaN,NaN,NaN,NaN,NaN,NaN,NaN
1717117200,4.22,4.26,4.21,4.25,20851300,NaN,NaN,NaN,NaN,NaN,NaN,NaN
1717462800,4.26,4.29,4.21,4.27,11557300,NaN,NaN,NaN,NaN,NaN,NaN,NaN
1717549200,4.28,4.3,4.25,4.27,10922500,NaN,NaN,NaN,NaN,NaN,NaN,NaN
1717635600,4.27,4.29,4.24,4.24,24742400,NaN,NaN,NaN,NaN,NaN,NaN,NaN
1717722000,4.24,4.26,4.22,4.25,5833200,NaN,NaN,NaN,NaN,NaN,NaN,NaN
1717981200,4.25,4.25,4.22,4.25,6581800,NaN,NaN,NaN,NaN,NaN,NaN,NaN
1718067600,4.25,4.27,4.23,4.25,13531400,NaN,NaN,NaN,NaN,NaN,NaN,NaN
1718154000,4.25,4.27,4.23,4.23,4408700,NaN,NaN,NaN,NaN,NaN,NaN,NaN
1718240400,4.23,4.29,4.23,4.28,4607600,NaN,NaN,NaN,NaN,NaN,NaN,NaN
1718326800,4.29,4.29,4.25,4.27,6426200,NaN,NaN,NaN,NaN,NaN,NaN,NaN
1718672400,4.27,4.37,4.27,4.33,8359100,NaN,NaN,NaN,NaN,NaN,NaN,NaN
1718758800,4.35,4.36,4.3,4.36,6034000,NaN,NaN,NaN,NaN,NaN,NaN,NaN
1718845200,4.11,4.18,4.1,4.18,7943600,NaN,NaN,NaN,NaN,NaN,NaN,NaN
1718931600,4.18,4.24,4.16,4.22,19026200,NaN,NaN,NaN,NaN,NaN,NaN,NaN
1719190800,4.22,4.29,4.18,4.25,7617500,NaN,NaN,NaN,NaN,NaN,NaN,NaN
1719277200,4.25,4.31,4.25,4.29,7174100,NaN,NaN,NaN,NaN,NaN,NaN,NaN
1719363600,4.3,4.32,4.27,4.32,8733200,NaN,NaN,NaN,NaN,NaN,NaN,NaN
1719450000,4.31,4.31,4.25,4.27,4469900,NaN,NaN,NaN,NaN,NaN,NaN,NaN
1719536400,4.27,4.29,4.22,4.29,6766400,3305649344,196179709000,176165901000,607507000,2233924000,20012847000,5.26806526806527
1719795600,4.27,4.3,4.25,4.28,1596300,NaN,NaN,NaN,NaN,NaN,NaN,NaN
1719882000,4.28,4.31,4.28,4.31,5324100,NaN,NaN,NaN,NaN,NaN,NaN,NaN
1719968400,4.31,4.32,4.29,4.31,2139700,NaN,NaN,NaN,NaN,NaN,NaN,NaN
1720054800,4.29,4.32,4.29,4.32,1792000,NaN,NaN,NaN,NaN,NaN,NaN,NaN
1720141200,4.32,4.32,4.27,4.29,1868400,NaN,NaN,NaN,NaN,NaN,NaN,NaN
1720486800,4.31,4.36,4.3,4.36,9237000,NaN,NaN,NaN,NaN,NaN,NaN,NaN
1720573200,4.36,4.38,4.32,4.36,8946100,NaN,NaN,NaN,NaN,NaN,NaN,NaN
1720659600,4.38,4.42,4.36,4.38,4090300,NaN,NaN,NaN,NaN,NaN,NaN,NaN
1720746000,4.38,4.38,4.34,4.36,2499400,NaN,NaN,NaN,NaN,NaN,NaN,NaN
1721005200,4.36,4.41,4.36,4.4,4711500,NaN,NaN,NaN,NaN,NaN,NaN,NaN
1721091600,4.4,4.41,4.38,4.41,3390500,NaN,NaN,NaN,NaN,NaN,NaN,NaN
1721178000,4.4,4.41,4.37,4.41,3436000,NaN,NaN,NaN,NaN,NaN,NaN,NaN
1721264400,4.41,4.42,4.37,4.42,3267800,NaN,NaN,NaN,NaN,NaN,NaN,NaN
1721350800,4.39,4.41,4.38,4.41,5584000,NaN,NaN,NaN,NaN,NaN,NaN,NaN
1721610000,4.41,4.45,4.38,4.45,3716200,NaN,NaN,NaN,NaN,NaN,NaN,NaN
1721696400,4.45,4.47,4.41,4.47,3792900,NaN,NaN,NaN,NaN,NaN,NaN,NaN
1721782800,4.48,4.48,4.42,4.47,3542000,NaN,NaN,NaN,NaN,NaN,NaN,NaN
1721869200,4.47,4.48,4.42,4.45,2271800,NaN,NaN,NaN,NaN,NaN,NaN,NaN
1721955600,4.44,4.48,4.44,4.46,3250600,NaN,NaN,NaN,NaN,NaN,NaN,NaN
1722214800,4.46,4.49,4.45,4.49,2396400,NaN,NaN,NaN,NaN,NaN,NaN,NaN
1722301200,4.49,4.51,4.44,4.44,8464100,NaN,NaN,NaN,NaN,NaN,NaN,NaN
1722387600,4.44,4.51,4.44,4.51,9475600,NaN,NaN,NaN,NaN,NaN,NaN,NaN
1722474000,4.51,4.58,4.48,4.58,6091300,NaN,NaN,NaN,NaN,NaN,NaN,NaN
1722560400,4.55,4.57,4.52,4.55,4462500,NaN,NaN,NaN,NaN,NaN,NaN,NaN
1722819600,4.5,4.5,4.21,4.22,9442700,NaN,NaN,NaN,NaN,NaN,NaN,NaN
1722906000,4.2,4.36,4.19,4.36,6589400,NaN,NaN,NaN,NaN,NaN,NaN,NaN
1722992400,4.36,4.47,4.32,4.45,6079900,NaN,NaN,NaN,NaN,NaN,NaN,NaN
1723078800,4.44,4.48,4.38,4.45,5724000,NaN,NaN,NaN,NaN,NaN,NaN,NaN
1723165200,4.48,4.48,4.43,4.43,2055000,NaN,NaN,NaN,NaN,NaN,NaN,NaN
1723424400,4.45,4.51,4.44,4.51,6140000,NaN,NaN,NaN,NaN,NaN,NaN,NaN
1723510800,4.51,4.6,4.49,4.59,4844100,NaN,NaN,NaN,NaN,NaN,NaN,NaN
1723597200,4.58,4.68,4.56,4.66,8954900,NaN,NaN,NaN,NaN,NaN,NaN,NaN
1723683600,4.66,4.68,4.58,4.66,7968000,NaN,NaN,NaN,NaN,NaN,NaN,NaN
1723770000,4.65,4.69,4.62,4.67,6065100,NaN,NaN,NaN,NaN,NaN,NaN,NaN
1724029200,4.67,4.93,4.67,4.89,19533800,NaN,NaN,NaN,NaN,NaN,NaN,NaN
1724115600,4.9,5.1,4.86,5.01,29991300,NaN,NaN,NaN,NaN,NaN,NaN,NaN
1724202000,5.03,5.21,5.03,5.11,19769900,NaN,NaN,NaN,NaN,NaN,NaN,NaN
1724288400,5.16,5.16,5.06,5.13,10070000,NaN,NaN,NaN,NaN,NaN,NaN,NaN
1724374800,5.13,5.13,5.03,5.05,4949500,NaN,NaN,NaN,NaN,NaN,NaN,NaN
1724634000,5.08,5.08,4.95,5,5536800,NaN,NaN,NaN,NaN,NaN,NaN,NaN
1724720400,5,5.12,4.98,5.1,12678000,NaN,NaN,NaN,NaN,NaN,NaN,NaN
1724806800,5.13,5.29,5.12,5.2,20118400,NaN,NaN,NaN,NaN,NaN,NaN,NaN
1724893200,5.2,5.3,5.19,5.2,12649900,NaN,NaN,NaN,NaN,NaN,NaN,NaN
1724979600,5.2,5.21,5.06,5.2,19442500,NaN,NaN,NaN,NaN,NaN,NaN,NaN
1725238800,5.23,5.23,5.13,5.18,6297800,NaN,NaN,NaN,NaN,NaN,NaN,NaN
1725325200,5.2,5.2,5.06,5.09,8394800,NaN,NaN,NaN,NaN,NaN,NaN,NaN
1725411600,5.08,5.12,5.04,5.09,7792400,NaN,NaN,NaN,NaN,NaN,NaN,NaN
1725498000,5.11,5.19,5.07,5.19,14664100,NaN,NaN,NaN,NaN,NaN,NaN,NaN
1725584400,5.19,5.2,5.07,5.09,9386100,NaN,NaN,NaN,NaN,NaN,NaN,NaN
1725843600,5.07,5.19,5.06,5.15,12660100,NaN,NaN,NaN,NaN,NaN,NaN,NaN
1725930000,5.19,5.25,5.16,5.18,27444400,NaN,NaN,NaN,NaN,NaN,NaN,NaN
1726016400,5.2,5.2,5.08,5.08,15465300,NaN,NaN,NaN,NaN,NaN,NaN,NaN
1726102800,5.1,5.22,5.09,5.22,15543800,NaN,NaN,NaN,NaN,NaN,NaN,NaN
1726189200,5.22,5.22,5.15,5.17,7036900,NaN,NaN,NaN,NaN,NaN,NaN,NaN
1726534800,5.17,5.2,5.16,5.18,3892800,NaN,NaN,NaN,NaN,NaN,NaN,NaN
1726621200,5.17,5.2,5.15,5.2,2346100,NaN,NaN,NaN,NaN,NaN,NaN,NaN
1726707600,5.2,5.32,5.15,5.19,22765800,NaN,NaN,NaN,NaN,NaN,NaN,NaN
1726794000,5.2,5.25,5.17,5.2,25452200,NaN,NaN,NaN,NaN,NaN,NaN,NaN
1727053200,5.2,5.27,5.17,5.21,9824300,NaN,NaN,NaN,NaN,NaN,NaN,NaN
1727139600,5.22,5.25,5.19,5.2,11478300,NaN,NaN,NaN,NaN,NaN,NaN,NaN
1727226000,5.22,5.22,5.17,5.19,10097800,NaN,NaN,NaN,NaN,NaN,NaN,NaN
1727312400,5.2,5.2,5.06,5.13,10397400,NaN,NaN,NaN,NaN,NaN,NaN,NaN
1727398800,5.13,5.14,4.98,4.98,9349900,NaN,NaN,NaN,NaN,NaN,NaN,NaN
1727658000,5.02,5.08,4.99,5,11102300,3305649344,196945874000,176974778000,641371000,2123989999.9999998,19970036000,5.38
1727744400,5,5.04,4.94,5.02,4739900,NaN,NaN,NaN,NaN,NaN,NaN,NaN
1727830800,4.98,5.01,4.93,4.93,3322000,NaN,NaN,NaN,NaN,NaN,NaN,NaN
1727917200,4.93,5.03,4.93,4.99,3262300,NaN,NaN,NaN,NaN,NaN,NaN,NaN
1728003600,4.99,5.08,4.99,5.04,4759200,NaN,NaN,NaN,NaN,NaN,NaN,NaN
1728262800,5.05,5.05,4.97,4.99,5457400,NaN,NaN,NaN,NaN,NaN,NaN,NaN
1728349200,4.98,5.04,4.96,5.04,5184800,NaN,NaN,NaN,NaN,NaN,NaN,NaN
1728435600,5,5.03,4.99,5.02,5785200,NaN,NaN,NaN,NaN,NaN,NaN,NaN
1728522000,5,5.03,4.99,5.01,6818300,NaN,NaN,NaN,NaN,NaN,NaN,NaN
1728608400,5.01,5.22,5.01,5.2,7993200,NaN,NaN,NaN,NaN,NaN,NaN,NaN
1728867600,5.17,5.21,5.17,5.19,4979600,NaN,NaN,NaN,NaN,NaN,NaN,NaN
1728954000,5.2,5.2,5.12,5.13,4927900,NaN,NaN,NaN,NaN,NaN,NaN,NaN
1729040400,5.13,5.17,5.13,5.15,5118800,NaN,NaN,NaN,NaN,NaN,NaN,NaN
1729126800,5.15,5.22,5.14,5.19,6861600,NaN,NaN,NaN,NaN,NaN,NaN,NaN
1729213200,5.19,5.21,5.16,5.17,5304700,NaN,NaN,NaN,NaN,NaN,NaN,NaN
1729472400,5.17,5.19,5.13,5.15,5509900,NaN,NaN,NaN,NaN,NaN,NaN,NaN
1729558800,5.13,5.19,5.13,5.19,6922800,NaN,NaN,NaN,NaN,NaN,NaN,NaN
1729645200,5.2,5.29,5.16,5.25,9464900,NaN,NaN,NaN,NaN,NaN,NaN,NaN
1729731600,5.28,5.28,5.18,5.18,4591100,NaN,NaN,NaN,NaN,NaN,NaN,NaN
1729818000,5.19,5.21,5.13,5.15,7628900,NaN,NaN,NaN,NaN,NaN,NaN,NaN
1730077200,5.15,5.22,5.14,5.15,5327300,NaN,NaN,NaN,NaN,NaN,NaN,NaN
1730163600,5.17,5.19,5.1,5.13,7905200,NaN,NaN,NaN,NaN,NaN,NaN,NaN
1730250000,5.13,5.17,5.1,5.1,9178900,NaN,NaN,NaN,NaN,NaN,NaN,NaN
1730422800,5.1,5.12,5.05,5.06,6688100,NaN,NaN,NaN,NaN,NaN,NaN,NaN
1730682000,5.07,5.17,5.07,5.16,7082700,NaN,NaN,NaN,NaN,NaN,NaN,NaN
1730768400,5.16,5.19,5.14,5.18,6965300,NaN,NaN,NaN,NaN,NaN,NaN,NaN
1730854800,5.18,5.27,5.17,5.27,5341900,NaN,NaN,NaN,NaN,NaN,NaN,NaN
1730941200,5.27,5.35,5.25,5.27,5229900,NaN,NaN,NaN,NaN,NaN,NaN,NaN
1731027600,5.25,5.26,5.19,5.25,2828800,NaN,NaN,NaN,NaN,NaN,NaN,NaN
1731286800,5.23,5.29,5.07,5.09,3209500,NaN,NaN,NaN,NaN,NaN,NaN,NaN
1731373200,5.11,5.21,5.11,5.12,4048800,NaN,NaN,NaN,NaN,NaN,NaN,NaN
1731459600,5.13,5.27,5.12,5.27,3595900,NaN,NaN,NaN,NaN,NaN,NaN,NaN
1731546000,5.26,5.26,5.11,5.11,4868300,NaN,NaN,NaN,NaN,NaN,NaN,NaN
1731632400,5.12,5.19,5.12,5.16,3505000,NaN,NaN,NaN,NaN,NaN,NaN,NaN
1731891600,5.14,5.2,5.14,5.2,5151700,NaN,NaN,NaN,NaN,NaN,NaN,NaN
1731978000,5.21,5.28,5.2,5.21,3960800,NaN,NaN,NaN,NaN,NaN,NaN,NaN
1732064400,5.22,5.26,5.16,5.25,7081700,NaN,NaN,NaN,NaN,NaN,NaN,NaN
1732150800,5.26,5.26,5.19,5.25,4636100,NaN,NaN,NaN,NaN,NaN,NaN,NaN
1732237200,5.23,5.27,5.21,5.25,2439100,NaN,NaN,NaN,NaN,NaN,NaN,NaN
1732496400,5.28,5.43,5.23,5.4,26168400,NaN,NaN,NaN,NaN,NaN,NaN,NaN
1732582800,5.42,5.42,5.32,5.34,8457400,NaN,NaN,NaN,NaN,NaN,NaN,NaN
1732669200,5.35,5.51,5.34,5.49,7222600,NaN,NaN,NaN,NaN,NaN,NaN,NaN
1732755600,5.5,5.5,5.32,5.37,29528700,NaN,NaN,NaN,NaN,NaN,NaN,NaN
1732842000,5.37,5.48,5.37,5.39,12289500,NaN,NaN,NaN,NaN,NaN,NaN,NaN
1733101200,5.38,5.4,5.33,5.37,16210100,NaN,NaN,NaN,NaN,NaN,NaN,NaN
1733187600,5.38,5.38,5.27,5.33,16373600,NaN,NaN,NaN,NaN,NaN,NaN,NaN
1733274000,5.35,5.4,5.29,5.39,13272500,NaN,NaN,NaN,NaN,NaN,NaN,NaN
1733360400,5.36,5.47,5.36,5.39,9989600,NaN,NaN,NaN,NaN,NaN,NaN,NaN
1733446800,5.38,5.52,5.38,5.52,6915800,NaN,NaN,NaN,NaN,NaN,NaN,NaN
1733706000,5.51,5.58,5.48,5.53,10904300,NaN,NaN,NaN,NaN,NaN,NaN,NaN
1733792400,5.53,5.65,5.5,5.63,12087000,NaN,NaN,NaN,NaN,NaN,NaN,NaN
1733878800,5.63,5.65,5.55,5.59,6973800,NaN,NaN,NaN,NaN,NaN,NaN,NaN
1733965200,5.5,5.5,5.41,5.5,3475700,NaN,NaN,NaN,NaN,NaN,NaN,NaN
1734051600,5.47,5.5,5.45,5.5,2381700,NaN,NaN,NaN,NaN,NaN,NaN,NaN
1734310800,5.47,5.52,5.47,5.5,4337800,NaN,NaN,NaN,NaN,NaN,NaN,NaN
1734397200,5.48,5.49,5.39,5.47,4060100,NaN,NaN,NaN,NaN,NaN,NaN,NaN
1734483600,5.48,5.48,5.41,5.42,3898100,NaN,NaN,NaN,NaN,NaN,NaN,NaN
1734570000,5.4,5.43,5.36,5.38,3434500,NaN,NaN,NaN,NaN,NaN,NaN,NaN
1734656400,5.38,5.45,5.28,5.32,17792200,NaN,NaN,NaN,NaN,NaN,NaN,NaN
1734915600,5.32,5.44,5.3,5.42,2239200,NaN,NaN,NaN,NaN,NaN,NaN,NaN
1735002000,5.42,5.42,5.39,5.42,677600,NaN,NaN,NaN,NaN,NaN,NaN,NaN
1735174800,5.42,5.5,5.4,5.48,2008500,NaN,NaN,NaN,NaN,NaN,NaN,NaN
1735261200,5.48,5.5,5.45,5.48,1116600,NaN,NaN,NaN,NaN,NaN,NaN,NaN
1735520400,5.48,5.51,5.46,5.48,1323000,NaN,NaN,NaN,NaN,NaN,NaN,NaN
1735606800,5.46,5.51,5.46,5.48,3549700,3305649344,197512495000,177440945000,606497000,2234517000,20070822000,4.90875912408759
1735779600,5.48,5.5,5.42,5.48,3113100,NaN,NaN,NaN,NaN,NaN,NaN,NaN
1735866000,5.48,5.57,5.45,5.54,1512800,NaN,NaN,NaN,NaN,NaN,NaN,NaN
1736125200,5.55,5.58,5.47,5.48,2130200,NaN,NaN,NaN,NaN,NaN,NaN,NaN
1736211600,5.5,5.52,5.46,5.47,4105900,NaN,NaN,NaN,NaN,NaN,NaN,NaN
1736298000,5.46,5.53,5.46,5.51,5839600,NaN,NaN,NaN,NaN,NaN,NaN,NaN
1736384400,5.51,5.52,5.42,5.42,1569600,NaN,NaN,NaN,NaN,NaN,NaN,NaN
1736470800,5.43,5.52,5.43,5.46,2771400,NaN,NaN,NaN,NaN,NaN,NaN,NaN
1736730000,5.46,5.5,5.41,5.47,5758300,NaN,NaN,NaN,NaN,NaN,NaN,NaN
1736816400,5.49,5.52,5.47,5.49,9239700,NaN,NaN,NaN,NaN,NaN,NaN,NaN
1736902800,5.49,5.5,5.34,5.36,6636700,NaN,NaN,NaN,NaN,NaN,NaN,NaN
1736989200,5.4,5.48,5.39,5.42,3772400,NaN,NaN,NaN,NaN,NaN,NaN,NaN
1737075600,5.44,5.56,5.38,5.51,9067200,NaN,NaN,NaN,NaN,NaN,NaN,NaN
1737334800,5.5,5.56,5.48,5.5,3181800,NaN,NaN,NaN,NaN,NaN,NaN,NaN
1737421200,5.5,5.54,5.48,5.5,1292700,NaN,NaN,NaN,NaN,NaN,NaN,NaN
1737507600,5.5,5.57,5.48,5.51,4725700,NaN,NaN,NaN,NaN,NaN,NaN,NaN
1737594000,5.51,5.67,5.51,5.58,4733400,NaN,NaN,NaN,NaN,NaN,NaN,NaN
1737680400,5.58,5.64,5.56,5.64,1612000,NaN,NaN,NaN,NaN,NaN,NaN,NaN
1737939600,5.65,5.67,5.57,5.58,4930700,NaN,NaN,NaN,NaN,NaN,NaN,NaN
1738026000,5.57,5.62,5.52,5.58,5567400,NaN,NaN,NaN,NaN,NaN,NaN,NaN
1738285200,5.62,5.67,5.56,5.64,4276500,NaN,NaN,NaN,NaN,NaN,NaN,NaN
1738544400,5.61,5.65,5.61,5.64,5579600,NaN,NaN,NaN,NaN,NaN,NaN,NaN
1738630800,5.64,5.67,5.58,5.64,5632900,NaN,NaN,NaN,NaN,NaN,NaN,NaN
1738717200,5.64,5.73,5.64,5.68,5394700,NaN,NaN,NaN,NaN,NaN,NaN,NaN
1738803600,5.68,5.7,5.64,5.7,6464100,NaN,NaN,NaN,NaN,NaN,NaN,NaN
1738890000,5.7,5.73,5.68,5.7,4336000,NaN,NaN,NaN,NaN,NaN,NaN,NaN
1739149200,5.72,5.8,5.69,5.8,3871100,NaN,NaN,NaN,NaN,NaN,NaN,NaN
1739322000,5.8,5.94,5.8,5.94,5893500,NaN,NaN,NaN,NaN,NaN,NaN,NaN
1739408400,5.94,5.94,5.77,5.77,3846300,NaN,NaN,NaN,NaN,NaN,NaN,NaN
1739494800,5.77,5.83,5.73,5.83,2068500,NaN,NaN,NaN,NaN,NaN,NaN,NaN
1739754000,5.82,5.84,5.77,5.81,1491200,NaN,NaN,NaN,NaN,NaN,NaN,NaN
1739840400,5.83,5.83,5.73,5.82,5706300,NaN,NaN,NaN,NaN,NaN,NaN,NaN
1739926800,5.79,5.84,5.78,5.82,3217300,NaN,NaN,NaN,NaN,NaN,NaN,NaN
1740013200,5.83,5.83,5.71,5.73,5418400,NaN,NaN,NaN,NaN,NaN,NaN,NaN
1740099600,5.73,5.78,5.73,5.76,8279600,NaN,NaN,NaN,NaN,NaN,NaN,NaN
1740358800,5.77,5.77,5.71,5.76,3493100,NaN,NaN,NaN,NaN,NaN,NaN,NaN
1740445200,5.75,5.76,5.5,5.65,11833300,NaN,NaN,NaN,NaN,NaN,NaN,NaN
1740531600,5.64,5.74,5.61,5.71,9554700,NaN,NaN,NaN,NaN,NaN,NaN,NaN
1740618000,5.67,5.75,5.67,5.7,9972600,NaN,NaN,NaN,NaN,NaN,NaN,NaN
1740704400,5.7,5.78,5.69,5.76,18074100,NaN,NaN,NaN,NaN,NaN,NaN,NaN
1740963600,5.74,5.75,5.67,5.71,5917300,NaN,NaN,NaN,NaN,NaN,NaN,NaN
1741050000,5.66,5.72,5.62,5.64,5887500,NaN,NaN,NaN,NaN,NaN,NaN,NaN
1741136400,5.64,5.79,5.6,5.75,6974300,NaN,NaN,NaN,NaN,NaN,NaN,NaN
1741222800,5.75,5.75,5.58,5.66,7395900,NaN,NaN,NaN,NaN,NaN,NaN,NaN
1741309200,5.68,5.72,5.66,5.68,3923800,NaN,NaN,NaN,NaN,NaN,NaN,NaN
1741568400,5.68,5.69,5.56,5.56,6220600,NaN,NaN,NaN,NaN,NaN,NaN,NaN
1741654800,5.51,5.59,5.47,5.47,14223100,NaN,NaN,NaN,NaN,NaN,NaN,NaN
1741741200,5.47,5.54,5.34,5.37,11371200,NaN,NaN,NaN,NaN,NaN,NaN,NaN
1741827600,5.37,5.6,5.32,5.59,5798400,NaN,NaN,NaN,NaN,NaN,NaN,NaN
1741914000,5.58,5.64,5.53,5.6,3333800,NaN,NaN,NaN,NaN,NaN,NaN,NaN
1742173200,5.6,5.72,5.55,5.72,4335200,NaN,NaN,NaN,NaN,NaN,NaN,NaN
1742346000,5.7,5.71,5.6,5.7,6086500,NaN,NaN,NaN,NaN,NaN,NaN,NaN
1742432400,5.66,5.71,5.56,5.59,1787800,NaN,NaN,NaN,NaN,NaN,NaN,NaN
1742518800,5.64,5.65,5.53,5.61,9390500,NaN,NaN,NaN,NaN,NaN,NaN,NaN
1742778000,5.62,5.62,5.53,5.53,1302200,NaN,NaN,NaN,NaN,NaN,NaN,NaN
1742864400,5.56,5.62,5.53,5.6,9233400,NaN,NaN,NaN,NaN,NaN,NaN,NaN
1742950800,5.63,5.72,5.6,5.65,5404400,NaN,NaN,NaN,NaN,NaN,NaN,NaN
1743037200,5.65,5.69,5.6,5.67,7155900,NaN,NaN,NaN,NaN,NaN,NaN,NaN
1743123600,5.67,5.69,5.6,5.6,11511000,3304066300,199095563000,178473844000,606196000,2251247000,20620810000,5.39285714285714
1743555600,5.6,5.79,5.58,5.78,12160900,NaN,NaN,NaN,NaN,NaN,NaN,NaN
1743642000,5.74,5.8,5.7,5.75,3517900,NaN,NaN,NaN,NaN,NaN,NaN,NaN
1743728400,5.69,5.74,5.59,5.64,7653800,NaN,NaN,NaN,NaN,NaN,NaN,NaN
1743987600,5.5,5.5,5.16,5.35,25766700,NaN,NaN,NaN,NaN,NaN,NaN,NaN
1744074000,5.36,5.45,5.31,5.31,6693200,NaN,NaN,NaN,NaN,NaN,NaN,NaN
1744160400,5.29,5.29,4.98,5.05,21169400,NaN,NaN,NaN,NaN,NaN,NaN,NaN
1744246800,5.29,5.35,5.21,5.27,14152700,NaN,NaN,NaN,NaN,NaN,NaN,NaN
1744333200,5.12,5.16,5.02,5.03,15469200,NaN,NaN,NaN,NaN,NaN,NaN,NaN
1744592400,5.12,5.16,5.08,5.13,12681300,NaN,NaN,NaN,NaN,NaN,NaN,NaN
1744678800,5.15,5.24,5.12,5.18,5589300,NaN,NaN,NaN,NaN,NaN,NaN,NaN
1744765200,5.2,5.26,5.13,5.16,3518200,NaN,NaN,NaN,NaN,NaN,NaN,NaN
1744851600,5.15,5.15,5.06,5.06,9439100,NaN,NaN,NaN,NaN,NaN,NaN,NaN
1744938000,5.04,5.23,5.02,5.2,10457400,NaN,NaN,NaN,NaN,NaN,NaN,NaN
1745197200,5.22,5.22,5.11,5.12,3970800,NaN,NaN,NaN,NaN,NaN,NaN,NaN
1745283600,5.1,5.1,5,5.05,5632100,NaN,NaN,NaN,NaN,NaN,NaN,NaN
1745370000,5.08,5.11,5.01,5.02,6595100,NaN,NaN,NaN,NaN,NaN,NaN,NaN
1745456400,5,5.03,4.93,4.94,24442800,NaN,NaN,NaN,NaN,NaN,NaN,NaN
1745542800,4.96,5.05,4.95,5.01,8509800,NaN,NaN,NaN,NaN,NaN,NaN,NaN
1745802000,5.04,5.14,5.03,5.09,9951000,NaN,NaN,NaN,NaN,NaN,NaN,NaN
1745888400,5.1,5.16,5.06,5.08,9475200,NaN,NaN,NaN,NaN,NaN,NaN,NaN
1745974800,5.12,5.17,5.1,5.16,12376100,NaN,NaN,NaN,NaN,NaN,NaN,NaN
1746147600,5.16,5.2,5.1,5.2,6723600,NaN,NaN,NaN,NaN,NaN,NaN,NaN
1746406800,5.2,5.35,5.19,5.22,8743700,NaN,NaN,NaN,NaN,NaN,NaN,NaN
1746493200,5.22,5.25,5.15,5.16,3903300,NaN,NaN,NaN,NaN,NaN,NaN,NaN
1746579600,5.16,5.32,5.16,5.3,7776100,NaN,NaN,NaN,NaN,NaN,NaN,NaN
1746666000,5.31,5.35,5.26,5.3,9706300,NaN,NaN,NaN,NaN,NaN,NaN,NaN
1746752400,5.33,5.34,5.25,5.27,4326900,NaN,NaN,NaN,NaN,NaN,NaN,NaN
1747098000,5.31,5.59,5.31,5.5,21117100,NaN,NaN,NaN,NaN,NaN,NaN,NaN
1747184400,5.54,5.54,5.46,5.49,4002000,NaN,NaN,NaN,NaN,NaN,NaN,NaN
1747270800,5.49,5.54,5.44,5.5,7019600,NaN,NaN,NaN,NaN,NaN,NaN,NaN
1747357200,5.46,5.5,5.45,5.49,2766700,NaN,NaN,NaN,NaN,NaN,NaN,NaN
1747616400,5.52,5.52,5.37,5.4,3510500,NaN,NaN,NaN,NaN,NaN,NaN,NaN
1747702800,5.45,5.45,5.34,5.36,3236500,NaN,NaN,NaN,NaN,NaN,NaN,NaN
1747789200,5.43,5.43,5.32,5.36,4385200,NaN,NaN,NaN,NaN,NaN,NaN,NaN
1747875600,5.35,5.42,5.29,5.34,4577600,NaN,NaN,NaN,NaN,NaN,NaN,NaN
1747962000,5.39,5.46,5.35,5.41,4633300,NaN,NaN,NaN,NaN,NaN,NaN,NaN
1748221200,5.4,5.48,5.35,5.44,6817900,NaN,NaN,NaN,NaN,NaN,NaN,NaN
1748307600,5.49,5.53,5.3,5.31,9558600,NaN,NaN,NaN,NaN,NaN,NaN,NaN
1748394000,5.34,5.35,5.28,5.29,12469500,NaN,NaN,NaN,NaN,NaN,NaN,NaN
1748480400,5.3,5.34,5.25,5.3,8185000,NaN,NaN,NaN,NaN,NaN,NaN,NaN
1748566800,5.3,5.35,5.2,5.24,39336400,NaN,NaN,NaN,NaN,NaN,NaN,NaN
1748912400,5.23,5.38,5.22,5.35,14757900,NaN,NaN,NaN,NaN,NaN,NaN,NaN
1748998800,5.35,5.38,5.32,5.34,7489300,NaN,NaN,NaN,NaN,NaN,NaN,NaN
1749085200,5.36,5.41,5.32,5.38,7932800,NaN,NaN,NaN,NaN,NaN,NaN,NaN
1749171600,5.38,5.41,5.34,5.35,3880500,NaN,NaN,NaN,NaN,NaN,NaN,NaN
1749430800,5.35,5.42,5.35,5.4,5651200,NaN,NaN,NaN,NaN,NaN,NaN,NaN
1749517200,5.41,5.43,5.4,5.4,4400600,NaN,NaN,NaN,NaN,NaN,NaN,NaN
1749603600,5.42,5.48,5.41,5.42,8514600,NaN,NaN,NaN,NaN,NaN,NaN,NaN
1749690000,5.42,5.44,5.37,5.39,5234600,NaN,NaN,NaN,NaN,NaN,NaN,NaN
1749776400,5.37,5.41,5.32,5.33,11167800,NaN,NaN,NaN,NaN,NaN,NaN,NaN
1750035600,5.32,5.36,5.27,5.3,9681300,NaN,NaN,NaN,NaN,NaN,NaN,NaN
1750122000,5.35,5.35,5.17,5.2,8358200,NaN,NaN,NaN,NaN,NaN,NaN,NaN
1750208400,4.99,5.04,4.93,5.03,8799400,NaN,NaN,NaN,NaN,NaN,NaN,NaN
1750294800,5.04,5.04,4.99,4.99,5102200,NaN,NaN,NaN,NaN,NaN,NaN,NaN
1750381200,5,5.08,4.99,5.05,10710100,NaN,NaN,NaN,NaN,NaN,NaN,NaN
1750640400,5,5.07,4.94,5.05,8754900,NaN,NaN,NaN,NaN,NaN,NaN,NaN
1750726800,5.05,5.08,5,5.05,9606400,NaN,NaN,NaN,NaN,NaN,NaN,NaN
1750813200,5.05,5.16,5.02,5.03,7240100,NaN,NaN,NaN,NaN,NaN,NaN,NaN
1750899600,5.03,5.08,5.01,5.07,7298600,NaN,NaN,NaN,NaN,NaN,NaN,NaN
1751245200,5.07,5.14,5.02,5.1,7766000,3301616144,196181377000,175616848000,609364000,2158506000,20563739000,NaN
1751331600,5.1,5.11,5.05,5.08,6744700,NaN,NaN,NaN,NaN,NaN,NaN,NaN
1751418000,5.1,5.15,5.05,5.13,9323000,NaN,NaN,NaN,NaN,NaN,NaN,NaN
1751504400,5.15,5.22,5.14,5.21,6140500,NaN,NaN,NaN,NaN,NaN,NaN,NaN
1751590800,5.21,5.23,5.19,5.22,6725300,NaN,NaN,NaN,NaN,NaN,NaN,NaN
1751850000,5.2,5.23,5.17,5.23,3185400,NaN,NaN,NaN,NaN,NaN,NaN,NaN
1751936400,5.2,5.21,5.11,5.16,5036200,NaN,NaN,NaN,NaN,NaN,NaN,NaN
1752022800,5.17,5.17,5.03,5.09,6015300,NaN,NaN,NaN,NaN,NaN,NaN,NaN
1752109200,5.09,5.09,5.02,5.09,6865700,NaN,NaN,NaN,NaN,NaN,NaN,NaN
1752195600,5.1,5.18,5.08,5.15,6739000,NaN,NaN,NaN,NaN,NaN,NaN,NaN
1752454800,5.15,5.24,5.15,5.17,3750400,NaN,NaN,NaN,NaN,NaN,NaN,NaN
1752541200,5.2,5.2,5.12,5.15,2605700,NaN,NaN,NaN,NaN,NaN,NaN,NaN
1752627600,5.15,5.16,5,5.01,3864300,NaN,NaN,NaN,NaN,NaN,NaN,NaN
1752714000,5.05,5.13,5.03,5.09,4108400,NaN,NaN,NaN,NaN,NaN,NaN,NaN
1752800400,5.13,5.15,5.09,5.13,4028700,NaN,NaN,NaN,NaN,NaN,NaN,NaN
1753059600,5.15,5.16,5.07,5.15,5145700,NaN,NaN,NaN,NaN,NaN,NaN,NaN
1753146000,5.14,5.14,5.07,5.07,2328900,NaN,NaN,NaN,NaN,NaN,NaN,NaN
1753232400,5.07,5.16,5.07,5.15,1484200,NaN,NaN,NaN,NaN,NaN,NaN,NaN
1753318800,5.15,5.17,5.12,5.16,1571300,NaN,NaN,NaN,NaN,NaN,NaN,NaN
1753405200,5.16,5.17,5.11,5.14,1541000,NaN,NaN,NaN,NaN,NaN,NaN,NaN
1753664400,5.15,5.18,5.1,5.12,1572700,NaN,NaN,NaN,NaN,NaN,NaN,NaN
1753750800,5.13,5.2,5.13,5.17,2704900,NaN,NaN,NaN,NaN,NaN,NaN,NaN
1753837200,5.18,5.18,5.09,5.1,6359100,NaN,NaN,NaN,NaN,NaN,NaN,NaN
1753923600,5.1,5.11,5.04,5.05,8209400,NaN,NaN,NaN,NaN,NaN,NaN,NaN
1754010000,5.05,5.2,5.05,5.19,3849700,NaN,NaN,NaN,NaN,NaN,NaN,NaN
1754269200,5.19,5.19,5.09,5.18,4023900,NaN,NaN,NaN,NaN,NaN,NaN,NaN
1754355600,5.18,5.2,5.13,5.19,4931500,NaN,NaN,NaN,NaN,NaN,NaN,NaN
1754442000,5.2,5.22,5.13,5.2,2488900,NaN,NaN,NaN,NaN,NaN,NaN,NaN
1754528400,5.2,5.22,5.17,5.2,1115700,NaN,NaN,NaN,NaN,NaN,NaN,NaN
1754614800,5.21,5.32,5.21,5.31,5995600,NaN,NaN,NaN,NaN,NaN,NaN,NaN
1754874000,5.3,5.35,5.28,5.32,2632100,NaN,NaN,NaN,NaN,NaN,NaN,NaN
1754960400,5.32,5.35,5.27,5.27,1484600,NaN,NaN,NaN,NaN,NaN,NaN,NaN
1755046800,5.27,5.51,5.27,5.49,9751000,NaN,NaN,NaN,NaN,NaN,NaN,NaN
1755133200,5.49,5.55,5.43,5.49,9356200,NaN,NaN,NaN,NaN,NaN,NaN,NaN
1755219600,5.45,5.52,5.44,5.51,6736800,NaN,NaN,NaN,NaN,NaN,NaN,NaN
1755478800,5.51,5.51,5.42,5.45,9116400,NaN,NaN,NaN,NaN,NaN,NaN,NaN
1755565200,5.49,5.56,5.45,5.5,8464200,NaN,NaN,NaN,NaN,NaN,NaN,NaN
1755651600,5.49,5.51,5.45,5.49,7409300,NaN,NaN,NaN,NaN,NaN,NaN,NaN
1755738000,5.49,5.52,5.46,5.5,9432400,NaN,NaN,NaN,NaN,NaN,NaN,NaN
1755824400,5.5,5.56,5.49,5.49,14050900,NaN,NaN,NaN,NaN,NaN,NaN,NaN
1756083600,5.52,5.57,5.49,5.5,20803400,NaN,NaN,NaN,NaN,NaN,NaN,NaN
1756170000,5.5,5.52,5.38,5.5,19593000,NaN,NaN,NaN,NaN,NaN,NaN,NaN
1756256400,5.48,5.5,5.45,5.47,9957200,NaN,NaN,NaN,NaN,NaN,NaN,NaN
1756342800,5.47,5.51,5.46,5.47,4208700,NaN,NaN,NaN,NaN,NaN,NaN,NaN
1756429200,5.45,5.46,5.39,5.39,8143000,NaN,NaN,NaN,NaN,NaN,NaN,NaN
1756774800,5.39,5.48,5.39,5.47,2885600,NaN,NaN,NaN,NaN,NaN,NaN,NaN
1756861200,5.43,5.52,5.43,5.47,5897300,NaN,NaN,NaN,NaN,NaN,NaN,NaN
1756947600,5.5,5.5,5.47,5.5,3098400,NaN,NaN,NaN,NaN,NaN,NaN,NaN
1757293200,5.5,5.51,5.45,5.5,2811800,NaN,NaN,NaN,NaN,NaN,NaN,NaN
1757379600,5.52,5.53,5.49,5.53,2655100,NaN,NaN,NaN,NaN,NaN,NaN,NaN
1757466000,5.48,5.5,5.47,5.48,3103500,NaN,NaN,NaN,NaN,NaN,NaN,NaN
1757552400,5.47,5.53,5.47,5.5,847900,NaN,NaN,NaN,NaN,NaN,NaN,NaN
1757638800,5.5,5.52,5.49,5.5,1861300,NaN,NaN,NaN,NaN,NaN,NaN,NaN
1758070800,5.5,5.59,5.48,5.56,7921400,NaN,NaN,NaN,NaN,NaN,NaN,NaN
1758157200,5.56,5.58,5.52,5.56,4003900,NaN,NaN,NaN,NaN,NaN,NaN,NaN
1758243600,5.55,5.63,5.54,5.56,13424800,NaN,NaN,NaN,NaN,NaN,NaN,NaN
1758502800,5.56,5.65,5.56,5.63,9796700,NaN,NaN,NaN,NaN,NaN,NaN,NaN
1758589200,5.6,5.62,5.59,5.6,6413600,NaN,NaN,NaN,NaN,NaN,NaN,NaN
1758675600,5.6,5.65,5.51,5.55,15006400,NaN,NaN,NaN,NaN,NaN,NaN,NaN
1758762000,5.54,5.56,5.51,5.55,7262700,NaN,NaN,NaN,NaN,NaN,NaN,NaN
1758848400,5.55,5.62,5.55,5.6,10147000,NaN,NaN,NaN,NaN,NaN,NaN,NaN