time,open,high,low,close,Volume,Total common shares outstanding,Total assets,Total liabilities,Operating income,Total revenue,Shareholders&#039; equity,Dividend yield %
1478826000,0.24642837,0.25071408,0.24428551,0.24642837,455467.04774076,NaN,NaN,NaN,NaN,NaN,NaN,NaN
1479085200,0.24642837,0.24857122,0.24428551,0.24642837,359800.30103292,NaN,NaN,NaN,NaN,NaN,NaN,NaN
1479171600,0.24642837,0.24857122,0.24428551,0.24642837,664533.88932669,NaN,NaN,NaN,NaN,NaN,NaN,NaN
1479258000,0.24428551,0.25071408,0.24428551,0.24642837,582400.48727507,NaN,NaN,NaN,NaN,NaN,NaN,NaN
1479344400,0.24428551,0.24642837,0.24214265,0.24428551,266466.88961063,NaN,NaN,NaN,NaN,NaN,NaN,NaN
1479430800,0.24214265,0.24857122,0.24214265,0.24857122,558600.46736239,NaN,NaN,NaN,NaN,NaN,NaN,NaN
1479690000,0.25499979,0.2592855,0.24642837,0.24642837,2970802.48557141,NaN,NaN,NaN,NaN,NaN,NaN,NaN
1479776400,0.25071408,0.25071408,0.24642837,0.24642837,669667.22695491,NaN,NaN,NaN,NaN,NaN,NaN,NaN
1479862800,0.24642837,0.24642837,0.23785694,0.24214265,1274001.06591423,NaN,NaN,NaN,NaN,NaN,NaN,NaN
1479949200,0.23785694,0.24214265,0.23785694,0.2399998,767200.6418912,NaN,NaN,NaN,NaN,NaN,NaN,NaN
1480035600,0.2399998,0.24214265,0.23785694,0.23785694,551133.79444861,NaN,NaN,NaN,NaN,NaN,NaN,NaN
1480294800,0.24214265,0.24214265,0.23571409,0.23785694,1052334.21378629,NaN,NaN,NaN,NaN,NaN,NaN,NaN
1480381200,0.23785694,0.2399998,0.23142838,0.23571409,542733.7874206,NaN,NaN,NaN,NaN,NaN,NaN,NaN
1480467600,0.23571409,0.24214265,0.22714267,0.22714267,1094800.91598343,NaN,NaN,NaN,NaN,NaN,NaN,NaN
1480554000,0.22714267,0.22714267,0.21857125,0.2207141,972534.14702024,NaN,NaN,NaN,NaN,NaN,NaN,NaN
1480640400,0.2207141,0.2207141,0.21642839,0.21642839,464800.38888299,NaN,NaN,NaN,NaN,NaN,NaN,NaN
1480899600,0.21428554,0.22285696,0.21428554,0.21857125,246866.87321195,NaN,NaN,NaN,NaN,NaN,NaN,NaN
1480986000,0.22714267,0.22714267,0.21857125,0.22499981,448000.37482698,NaN,NaN,NaN,NaN,NaN,NaN,NaN
1481072400,0.23142838,0.23142838,0.22499981,0.22928552,483000.40411034,NaN,NaN,NaN,NaN,NaN,NaN,NaN
1481158800,0.23142838,0.2399998,0.23142838,0.2399998,764867.30660565,NaN,NaN,NaN,NaN,NaN,NaN,NaN
1481245200,0.24428551,0.24428551,0.2399998,0.24214265,124133.43719164,NaN,NaN,NaN,NaN,NaN,NaN,NaN
1481590800,0.25071408,0.25071408,0.23785694,0.24214265,203000.16984348,NaN,NaN,NaN,NaN,NaN,NaN,NaN
1481677200,0.24214265,0.24428551,0.2399998,0.24428551,51800.04333937,NaN,NaN,NaN,NaN,NaN,NaN,NaN
1481763600,0.25071408,0.25071408,0.23785694,0.2399998,320600.26823556,NaN,NaN,NaN,NaN,NaN,NaN,NaN
1481850000,0.23571409,0.24214265,0.23571409,0.23571409,247333.54026906,NaN,NaN,NaN,NaN,NaN,NaN,NaN
1482109200,0.23357123,0.23357123,0.23357123,0.23357123,177333.48170235,NaN,NaN,NaN,NaN,NaN,NaN,NaN
1482195600,0.23571409,0.24642837,0.23357123,0.23571409,217000.18155682,NaN,NaN,NaN,NaN,NaN,NaN,NaN
1482282000,0.25071408,0.25071408,0.23142838,0.23142838,4666.67057111,NaN,NaN,NaN,NaN,NaN,NaN,NaN
1482368400,0.23142838,0.23571409,0.23142838,0.23571409,505400.42285169,NaN,NaN,NaN,NaN,NaN,NaN,NaN
1482454800,0.24642837,0.24642837,0.24642837,0.24642837,466.66705711,NaN,NaN,NaN,NaN,NaN,NaN,NaN
1482800400,0.23571409,0.23571409,0.23571409,0.23571409,71866.72679516,NaN,NaN,NaN,NaN,NaN,NaN,NaN
1482886800,0.23571409,0.2399998,0.23142838,0.23571409,1751868.13239634,NaN,NaN,NaN,NaN,NaN,NaN,NaN
1482973200,0.22928552,0.22928552,0.22928552,0.22928552,98000.0819934,NaN,NaN,NaN,NaN,NaN,NaN,NaN
1483059600,0.23571409,0.23571409,0.22928552,0.23142838,210933.50981437,NaN,NaN,NaN,NaN,NaN,NaN,NaN
1483405200,0.22928552,0.23142838,0.22928552,0.22928552,329000.27526356,NaN,NaN,NaN,NaN,NaN,NaN,NaN
1483491600,0.22714267,0.23142838,0.22714267,0.22928552,361666.96926136,NaN,NaN,NaN,NaN,NaN,NaN,NaN
1483578000,0.23142838,0.23357123,0.22928552,0.23357123,187600.1569588,NaN,NaN,NaN,NaN,NaN,NaN,NaN
1483664400,0.23142838,0.23142838,0.22714267,0.22928552,193200.16164414,NaN,NaN,NaN,NaN,NaN,NaN,NaN
1483923600,0.22928552,0.22928552,0.22499981,0.22499981,513333.76282258,NaN,NaN,NaN,NaN,NaN,NaN,NaN
1484010000,0.22285696,0.22285696,0.22285696,0.22285696,48066.70688248,NaN,NaN,NaN,NaN,NaN,NaN,NaN
1484096400,0.22285696,0.22928552,0.22285696,0.22285696,406467.00674406,NaN,NaN,NaN,NaN,NaN,NaN,NaN
1484182800,0.22499981,0.2399998,0.22499981,0.23785694,2696402.25598989,NaN,NaN,NaN,NaN,NaN,NaN,NaN
1484269200,0.2399998,0.2399998,0.23142838,0.23142838,172666.81113123,NaN,NaN,NaN,NaN,NaN,NaN,NaN
1484528400,0.23357123,0.23357123,0.22928552,0.22928552,93333.41142229,NaN,NaN,NaN,NaN,NaN,NaN,NaN
1484614800,0.22928552,0.23142838,0.22499981,0.22499981,443800.37131298,NaN,NaN,NaN,NaN,NaN,NaN,NaN
1484701200,0.22499981,0.22928552,0.22499981,0.22714267,457333.71596921,NaN,NaN,NaN,NaN,NaN,NaN,NaN
1484787600,0.22499981,0.22714267,0.22499981,0.22499981,189000.15813013,NaN,NaN,NaN,NaN,NaN,NaN,NaN
1484874000,0.22285696,0.22499981,0.22285696,0.22499981,59733.38331026,NaN,NaN,NaN,NaN,NaN,NaN,NaN
1485133200,0.22714267,0.22714267,0.22285696,0.22285696,155400.13001811,NaN,NaN,NaN,NaN,NaN,NaN,NaN
1485219600,0.22714267,0.23142838,0.22714267,0.22928552,372866.97863204,NaN,NaN,NaN,NaN,NaN,NaN,NaN
1485306000,0.22714267,0.22714267,0.22714267,0.22714267,21000.01757001,NaN,NaN,NaN,NaN,NaN,NaN,NaN
1485392400,0.22714267,0.22714267,0.22714267,0.22714267,0,NaN,NaN,NaN,NaN,NaN,NaN,NaN
1485478800,0.23142838,0.23142838,0.23142838,0.23142838,1400.00117133,NaN,NaN,NaN,NaN,NaN,NaN,NaN
1485824400,0.22714267,0.22928552,0.22285696,0.22285696,76066.73030916,NaN,NaN,NaN,NaN,NaN,NaN,NaN
1485997200,0.22928552,0.22928552,0.22928552,0.22928552,46666.70571114,NaN,NaN,NaN,NaN,NaN,NaN,NaN
1486083600,0.22499981,0.23357123,0.22285696,0.23357123,633733.86355733,NaN,NaN,NaN,NaN,NaN,NaN,NaN
1486342800,0.23357123,0.23571409,0.22928552,0.23142838,376600.31508893,NaN,NaN,NaN,NaN,NaN,NaN,NaN
1486429200,0.23142838,0.2399998,0.23142838,0.23357123,348133.62460513,NaN,NaN,NaN,NaN,NaN,NaN,NaN
1486515600,0.23357123,0.2399998,0.23357123,0.23357123,209066.84158592,NaN,NaN,NaN,NaN,NaN,NaN,NaN
1486688400,0.23571409,0.23785694,0.23142838,0.23571409,354666.96340469,NaN,NaN,NaN,NaN,NaN,NaN,NaN
1486947600,0.23142838,0.23357123,0.23142838,0.23357123,266933.55666774,NaN,NaN,NaN,NaN,NaN,NaN,NaN
1487034000,0.22928552,0.23357123,0.22928552,0.22928552,149333.45827566,NaN,NaN,NaN,NaN,NaN,NaN,NaN
1487120400,0.22928552,0.23142838,0.22714267,0.23142838,910000.7613673,NaN,NaN,NaN,NaN,NaN,NaN,NaN
1487206800,0.22928552,0.22928552,0.22714267,0.22714267,196000.1639868,NaN,NaN,NaN,NaN,NaN,NaN,NaN
1487293200,0.22714267,0.22714267,0.22499981,0.22714267,62533.38565293,NaN,NaN,NaN,NaN,NaN,NaN,NaN
1487552400,0.22928552,0.23357123,0.22499981,0.23357123,331333.61054912,NaN,NaN,NaN,NaN,NaN,NaN,NaN
1487638800,0.22928552,0.23142838,0.22714267,0.23142838,703267.25506694,NaN,NaN,NaN,NaN,NaN,NaN,NaN
1487725200,0.22928552,0.22928552,0.22714267,0.22928552,274400.22958153,NaN,NaN,NaN,NaN,NaN,NaN,NaN
1487811600,0.23571409,0.23571409,0.21428554,0.21857125,4273736.90902655,NaN,NaN,NaN,NaN,NaN,NaN,NaN
1487898000,0.21857125,0.2207141,0.20999982,0.21214268,2457468.72274883,NaN,NaN,NaN,NaN,NaN,NaN,NaN
1488157200,0.21214268,0.21428554,0.21214268,0.21428554,660800.5528698,NaN,NaN,NaN,NaN,NaN,NaN,NaN
1488243600,0.21214268,0.22928552,0.21214268,0.21642839,611333.84481598,NaN,NaN,NaN,NaN,NaN,NaN,NaN
1488330000,0.21321411,0.21428554,0.20999982,0.21107125,636067.19884289,NaN,NaN,NaN,NaN,NaN,NaN,NaN
1488416400,0.21107125,0.21107125,0.20785697,0.20785697,1507801.26152706,NaN,NaN,NaN,NaN,NaN,NaN,NaN
1488502800,0.20785697,0.20999982,0.20678554,0.20678554,336933.61523446,NaN,NaN,NaN,NaN,NaN,NaN,NaN
1488762000,0.20785697,0.21107125,0.20785697,0.2089284,679467.23515425,NaN,NaN,NaN,NaN,NaN,NaN,NaN
1488848400,0.20785697,0.20999982,0.20785697,0.20999982,592200.49547441,NaN,NaN,NaN,NaN,NaN,NaN,NaN
1488934800,0.21321411,0.21321411,0.20999982,0.21321411,644933.87292801,NaN,NaN,NaN,NaN,NaN,NaN,NaN
1489021200,0.21107125,0.21214268,0.20785697,0.20785697,1001000.83750403,NaN,NaN,NaN,NaN,NaN,NaN,NaN
1489107600,0.20785697,0.21214268,0.20785697,0.21214268,247800.20732617,NaN,NaN,NaN,NaN,NaN,NaN,NaN
1489366800,0.20785697,0.20785697,0.19285698,0.19714269,3541069.62936159,NaN,NaN,NaN,NaN,NaN,NaN,NaN
1489453200,0.19928555,0.20035698,0.19499984,0.19499984,2588602.16579715,NaN,NaN,NaN,NaN,NaN,NaN,NaN
1489539600,0.19499984,0.19821412,0.19071413,0.19071413,2655802.22202119,NaN,NaN,NaN,NaN,NaN,NaN,NaN
1489626000,0.19499984,0.2014284,0.1896427,0.1896427,4779137.33187824,NaN,NaN,NaN,NaN,NaN,NaN,NaN
1489712400,0.19178555,0.19178555,0.1896427,0.19178555,2215268.520108,NaN,NaN,NaN,NaN,NaN,NaN,NaN
1489971600,0.19392841,0.19499984,0.19285698,0.19499984,900667.42022508,NaN,NaN,NaN,NaN,NaN,NaN,NaN
1490058000,0.19499984,0.19499984,0.19392841,0.19392841,453133.71245521,NaN,NaN,NaN,NaN,NaN,NaN,NaN
1490144400,0.19285698,0.19392841,0.19178555,0.19392841,798000.66766056,NaN,NaN,NaN,NaN,NaN,NaN,NaN
1490230800,0.19178555,0.19285698,0.19071413,0.19071413,300533.58477977,NaN,NaN,NaN,NaN,NaN,NaN,NaN
1490317200,0.19392841,0.2014284,0.19392841,0.19607126,1640334.7057467,NaN,NaN,NaN,NaN,NaN,NaN,NaN
1490576400,0.19928555,0.20357126,0.19607126,0.19714269,2537735.456572,NaN,NaN,NaN,NaN,NaN,NaN,NaN
1490662800,0.19821412,0.19928555,0.19607126,0.19928555,498400.41699502,NaN,NaN,NaN,NaN,NaN,NaN,NaN
1490749200,0.2014284,0.20249983,0.20035698,0.2014284,690667.24452493,NaN,NaN,NaN,NaN,NaN,NaN,NaN
1490835600,0.20249983,0.20357126,0.19928555,0.2014284,502133.75345191,NaN,NaN,NaN,NaN,NaN,NaN,NaN
1490922000,0.20035698,0.20035698,0.19821412,0.19928555,322933.60352112,NaN,NaN,NaN,NaN,NaN,NaN,NaN
1491181200,0.19607126,0.20035698,0.19607126,0.19928555,553000.46267705,NaN,NaN,NaN,NaN,NaN,NaN,NaN
1491267600,0.19714269,0.19821412,0.19607126,0.19821412,1236201.0342882,NaN,NaN,NaN,NaN,NaN,NaN,NaN
1491354000,0.19821412,0.19928555,0.19714269,0.19821412,436333.69839919,NaN,NaN,NaN,NaN,NaN,NaN,NaN
1491440400,0.19821412,0.19928555,0.19714269,0.19821412,279066.90015264,NaN,NaN,NaN,NaN,NaN,NaN,NaN
1491526800,0.19821412,0.19821412,0.19821412,0.19821412,0,NaN,NaN,NaN,NaN,NaN,NaN,NaN
1491786000,0.19714269,0.19821412,0.19607126,0.19821412,280000.23426686,NaN,NaN,NaN,NaN,NaN,NaN,NaN
1491872400,0.19714269,0.19928555,0.19607126,0.19821412,417667.01611474,NaN,NaN,NaN,NaN,NaN,NaN,NaN
1491958800,0.19821412,0.2207141,0.19821412,0.21642839,10101475.11823418,NaN,NaN,NaN,NaN,NaN,NaN,NaN
1492045200,0.21642839,0.22928552,0.21321411,0.2207141,6743805.64231739,NaN,NaN,NaN,NaN,NaN,NaN,NaN
1492131600,0.21857125,0.22285696,0.21107125,0.22285696,1191400.9968055,NaN,NaN,NaN,NaN,NaN,NaN,NaN
1492390800,0.22285696,0.22714267,0.21642839,0.2207141,1588534.66240733,NaN,NaN,NaN,NaN,NaN,NaN,NaN
1492477200,0.2207141,0.2207141,0.21321411,0.21857125,1353334.46562317,NaN,NaN,NaN,NaN,NaN,NaN,NaN
1492563600,0.21642839,0.21642839,0.21107125,0.21428554,1855001.55201797,NaN,NaN,NaN,NaN,NaN,NaN,NaN
1492650000,0.22714267,0.2399998,0.22285696,0.22928552,33154827.73953921,NaN,NaN,NaN,NaN,NaN,NaN,NaN
1492736400,0.22928552,0.23357123,0.22499981,0.22928552,4699337.26511218,NaN,NaN,NaN,NaN,NaN,NaN,NaN
1493082000,0.23571409,0.23785694,0.22928552,0.23142838,6595872.18521306,NaN,NaN,NaN,NaN,NaN,NaN,NaN
1493168400,0.22928552,0.23142838,0.22499981,0.22714267,2040268.37369121,NaN,NaN,NaN,NaN,NaN,NaN,NaN
1493254800,0.22714267,0.22714267,0.21642839,0.2207141,4678337.24754216,NaN,NaN,NaN,NaN,NaN,NaN,NaN
1493341200,0.21857125,0.22499981,0.21857125,0.22499981,987000.82579069,NaN,NaN,NaN,NaN,NaN,NaN,NaN
1493686800,0.22499981,0.22928552,0.22285696,0.22928552,2382335.32655389,NaN,NaN,NaN,NaN,NaN,NaN,NaN
1493773200,0.22714267,0.22928552,0.22285696,0.22499981,1570334.64717999,NaN,NaN,NaN,NaN,NaN,NaN,NaN
1493859600,0.22499981,0.22499981,0.21857125,0.21857125,2780868.99332706,NaN,NaN,NaN,NaN,NaN,NaN,NaN
1493946000,0.21857125,0.2207141,0.21428554,0.21857125,1314601.09988292,NaN,NaN,NaN,NaN,NaN,NaN,NaN
1494205200,0.21857125,0.21857125,0.21321411,0.21642839,1613268.01643424,NaN,NaN,NaN,NaN,NaN,NaN,NaN
1494291600,0.21428554,0.21642839,0.21428554,0.21642839,693000.57981049,NaN,NaN,NaN,NaN,NaN,NaN,NaN
1494464400,0.21857125,0.21857125,0.21428554,0.21642839,699067.25155293,NaN,NaN,NaN,NaN,NaN,NaN,NaN
1494550800,0.21642839,0.22285696,0.21642839,0.2207141,3292802.75497831,NaN,NaN,NaN,NaN,NaN,NaN,NaN
1494810000,0.2207141,0.22714267,0.2207141,0.22499981,2264735.22816181,NaN,NaN,NaN,NaN,NaN,NaN,NaN
1494896400,0.22714267,0.22928552,0.22285696,0.22499981,2082735.07588835,NaN,NaN,NaN,NaN,NaN,NaN,NaN
1494982800,0.22499981,0.22714267,0.2207141,0.22285696,1248334.3777731,NaN,NaN,NaN,NaN,NaN,NaN,NaN
1495069200,0.21857125,0.2207141,0.21642839,0.21857125,1935734.95289824,NaN,NaN,NaN,NaN,NaN,NaN,NaN
1495155600,0.22285696,0.22928552,0.22285696,0.22928552,2398202.00649568,NaN,NaN,NaN,NaN,NaN,NaN,NaN
1495414800,0.22928552,0.22928552,0.22285696,0.22499981,1600668.00589223,NaN,NaN,NaN,NaN,NaN,NaN,NaN
1495501200,0.22499981,0.22928552,0.22285696,0.22499981,996800.83399003,NaN,NaN,NaN,NaN,NaN,NaN,NaN
1495587600,0.22285696,0.22714267,0.22285696,0.22499981,689267.24335359,NaN,NaN,NaN,NaN,NaN,NaN,NaN
1495674000,0.22499981,0.22714267,0.22285696,0.22499981,1175067.6498066,NaN,NaN,NaN,NaN,NaN,NaN,NaN
1495760400,0.22499981,0.22499981,0.2207141,0.2207141,1338867.78685272,NaN,NaN,NaN,NaN,NaN,NaN,NaN
1496019600,0.22285696,0.22499981,0.21857125,0.21857125,1408401.17836232,NaN,NaN,NaN,NaN,NaN,NaN,NaN
1496106000,0.21857125,0.22285696,0.21428554,0.21642839,1203534.3402904,NaN,NaN,NaN,NaN,NaN,NaN,NaN
1496192400,0.2089284,0.2089284,0.20035698,0.20571411,4353536.9757926,NaN,NaN,NaN,NaN,NaN,NaN,NaN
1496278800,0.2014284,0.2014284,0.19714269,0.2014284,1318801.10339692,NaN,NaN,NaN,NaN,NaN,NaN,NaN
1496365200,0.20571411,0.21428554,0.20571411,0.21321411,1471867.89812947,NaN,NaN,NaN,NaN,NaN,NaN,NaN
1496624400,0.21642839,0.22714267,0.21642839,0.22499981,6748472.3128885,NaN,NaN,NaN,NaN,NaN,NaN,NaN
1496710800,0.23142838,0.23142838,0.22285696,0.22499981,3307269.43374876,NaN,NaN,NaN,NaN,NaN,NaN,NaN
1496797200,0.22499981,0.22499981,0.2207141,0.22499981,1738801.45479722,NaN,NaN,NaN,NaN,NaN,NaN,NaN
1496883600,0.22499981,0.22499981,0.2207141,0.22499981,802200.67117456,NaN,NaN,NaN,NaN,NaN,NaN,NaN
1496970000,0.22285696,0.22714267,0.22285696,0.22285696,1110667.59592522,NaN,NaN,NaN,NaN,NaN,NaN,NaN
1497315600,0.22285696,0.22499981,0.21857125,0.22499981,981867.48816247,NaN,NaN,NaN,NaN,NaN,NaN,NaN
1497402000,0.22499981,0.22499981,0.22285696,0.22285696,597333.83310264,NaN,NaN,NaN,NaN,NaN,NaN,NaN
1497488400,0.22285696,0.22499981,0.22285696,0.22499981,474133.73002522,NaN,NaN,NaN,NaN,NaN,NaN,NaN
1497574800,0.22285696,0.22714267,0.22285696,0.22499981,1909601.5977,NaN,NaN,NaN,NaN,NaN,NaN,NaN
1497834000,0.22714267,0.23357123,0.22714267,0.23142838,3486002.91662244,NaN,NaN,NaN,NaN,NaN,NaN,NaN
1497920400,0.23357123,0.25071408,0.23142838,0.24428551,15582946.37106513,NaN,NaN,NaN,NaN,NaN,NaN,NaN
1498006800,0.24214265,0.25071408,0.24214265,0.24642837,4579403.83143454,NaN,NaN,NaN,NaN,NaN,NaN,NaN
1498093200,0.24642837,0.24642837,0.24214265,0.24214265,1811601.5157066,NaN,NaN,NaN,NaN,NaN,NaN,NaN
1498179600,0.24214265,0.24642837,0.24214265,0.24428551,1755134.80179612,NaN,NaN,NaN,NaN,NaN,NaN,NaN
1498611600,0.24857122,0.24857122,0.24214265,0.24428551,2404268.67823813,NaN,NaN,NaN,NaN,NaN,NaN,NaN
1498698000,0.24428551,0.25499979,0.24428551,0.24642837,4546270.47037963,NaN,NaN,NaN,NaN,NaN,NaN,NaN
1498784400,0.24428551,0.24642837,0.24214265,0.24428551,1587134.661236,NaN,NaN,NaN,NaN,NaN,NaN,NaN
1499043600,0.24642837,0.26142835,0.24642837,0.2592855,7301939.44262267,NaN,NaN,NaN,NaN,NaN,NaN,NaN
1499130000,0.26357121,0.2785712,0.26357121,0.2785712,13692011.45564958,NaN,NaN,NaN,NaN,NaN,NaN,NaN
1499216400,0.28071405,0.28714262,0.26785692,0.26999977,10408075.3747564,NaN,NaN,NaN,NaN,NaN,NaN,NaN
1499302800,0.27214263,0.27642834,0.26999977,0.27214263,3478536.24370866,NaN,NaN,NaN,NaN,NaN,NaN,NaN
1499389200,0.27428548,0.27428548,0.26571406,0.26571406,2236268.53767801,NaN,NaN,NaN,NaN,NaN,NaN,NaN
1499648400,0.26571406,0.27214263,0.26571406,0.27214263,1530667.94732552,NaN,NaN,NaN,NaN,NaN,NaN,NaN
1499734800,0.26999977,0.26999977,0.25285693,0.26142835,4178536.82937581,NaN,NaN,NaN,NaN,NaN,NaN,NaN
1499821200,0.26142835,0.26142835,0.2592855,0.2592855,255733.54729707,NaN,NaN,NaN,NaN,NaN,NaN,NaN
1499907600,0.26142835,0.26785692,0.26142835,0.26357121,927267.44248043,NaN,NaN,NaN,NaN,NaN,NaN,NaN
1499994000,0.26142835,0.26999977,0.26142835,0.26785692,1082667.57249854,NaN,NaN,NaN,NaN,NaN,NaN,NaN
1500253200,0.26785692,0.27214263,0.26571406,0.26571406,693000.57981049,NaN,NaN,NaN,NaN,NaN,NaN,NaN
1500339600,0.26571406,0.26571406,0.26142835,0.26571406,815734.01583079,NaN,NaN,NaN,NaN,NaN,NaN,NaN
1500426000,0.26571406,0.2785712,0.26571406,0.26999977,2436935.37223593,NaN,NaN,NaN,NaN,NaN,NaN,NaN
1500512400,0.27214263,0.28714262,0.27214263,0.28714262,9411274.54076637,NaN,NaN,NaN,NaN,NaN,NaN,NaN
1500598800,0.28714262,0.30642832,0.28499976,0.3021426,13696678.1262207,NaN,NaN,NaN,NaN,NaN,NaN,NaN
1500858000,0.30642832,0.31285688,0.29571404,0.30857117,10112208.46054775,NaN,NaN,NaN,NaN,NaN,NaN,NaN
1500944400,0.30857117,0.31499974,0.30857117,0.31285688,4504270.4352396,NaN,NaN,NaN,NaN,NaN,NaN,NaN
1501030800,0.31285688,0.31714259,0.30857117,0.31071403,4007736.68647303,NaN,NaN,NaN,NaN,NaN,NaN,NaN
1501117200,0.30857117,0.31714259,0.30857117,0.31714259,3262002.72920895,NaN,NaN,NaN,NaN,NaN,NaN,NaN
1501203600,0.31714259,0.33642829,0.31714259,0.33428543,11950409.9985097,NaN,NaN,NaN,NaN,NaN,NaN,NaN
1501462800,0.33857115,0.34714257,0.33214258,0.34285686,14249211.92184064,NaN,NaN,NaN,NaN,NaN,NaN,NaN
1501549200,0.34285686,0.34499971,0.32357116,0.32999972,7629539.7167149,NaN,NaN,NaN,NaN,NaN,NaN,NaN
1501635600,0.33214258,0.33214258,0.32571401,0.32999972,3270869.40329407,NaN,NaN,NaN,NaN,NaN,NaN,NaN
1501722000,0.32999972,0.34285686,0.32999972,0.33857115,4880870.75032853,NaN,NaN,NaN,NaN,NaN,NaN,NaN
1501808400,0.340714,0.34499971,0.33642829,0.34499971,4653603.89351526,NaN,NaN,NaN,NaN,NaN,NaN,NaN
1502067600,0.35357113,0.35785684,0.34928542,0.35142828,8461607.07954459,NaN,NaN,NaN,NaN,NaN,NaN,NaN
1502154000,0.35142828,0.35142828,0.33857115,0.34285686,7165205.99488902,NaN,NaN,NaN,NaN,NaN,NaN,NaN
1502240400,0.34285686,0.34499971,0.33642829,0.34285686,1659468.05508827,NaN,NaN,NaN,NaN,NaN,NaN,NaN
1502326800,0.34285686,0.34499971,0.33642829,0.34499971,2862535.72832156,NaN,NaN,NaN,NaN,NaN,NaN,NaN
1502413200,0.33642829,0.340714,0.32999972,0.33642829,3193869.33887068,NaN,NaN,NaN,NaN,NaN,NaN,NaN
1502672400,0.33642829,0.34285686,0.33428543,0.34285686,2387001.997125,NaN,NaN,NaN,NaN,NaN,NaN,NaN
1502758800,0.34714257,0.34928542,0.33428543,0.33642829,6298138.60277596,NaN,NaN,NaN,NaN,NaN,NaN,NaN
1502845200,0.33642829,0.340714,0.33428543,0.33857115,2972202.48674275,NaN,NaN,NaN,NaN,NaN,NaN,NaN
1502931600,0.33642829,0.33857115,0.32999972,0.33214258,2156935.13796907,NaN,NaN,NaN,NaN,NaN,NaN,NaN
1503018000,0.32999972,0.32999972,0.3214283,0.32571401,3423002.8639124,NaN,NaN,NaN,NaN,NaN,NaN,NaN
1503277200,0.32571401,0.32999972,0.31928545,0.31928545,2089735.08174502,NaN,NaN,NaN,NaN,NaN,NaN,NaN
1503363600,0.3214283,0.32571401,0.31714259,0.31928545,2489668.74968952,NaN,NaN,NaN,NaN,NaN,NaN,NaN
1503450000,0.31928545,0.32999972,0.31714259,0.32357116,3632536.37255543,NaN,NaN,NaN,NaN,NaN,NaN,NaN
1503536400,0.32357116,0.32571401,0.3214283,0.32357116,876867.40031239,NaN,NaN,NaN,NaN,NaN,NaN,NaN
1503622800,0.3214283,0.32571401,0.31928545,0.32357116,1775201.48525191,NaN,NaN,NaN,NaN,NaN,NaN,NaN
1503882000,0.31928545,0.3214283,0.31928545,0.3214283,973934.14819157,NaN,NaN,NaN,NaN,NaN,NaN,NaN
1503968400,0.3214283,0.3214283,0.31285688,0.31714259,1185800.99212016,NaN,NaN,NaN,NaN,NaN,NaN,NaN
1504054800,0.31285688,0.3214283,0.31285688,0.3214283,938934.11890821,NaN,NaN,NaN,NaN,NaN,NaN,NaN
1504573200,0.31928545,0.3214283,0.31071403,0.31928545,658000.55052713,NaN,NaN,NaN,NaN,NaN,NaN,NaN
1504659600,0.31714259,0.3214283,0.31714259,0.31714259,588000.49196041,NaN,NaN,NaN,NaN,NaN,NaN,NaN
1504746000,0.31928545,0.33642829,0.31714259,0.33428543,3101469.26156262,NaN,NaN,NaN,NaN,NaN,NaN,NaN
1504832400,0.33857115,0.33857115,0.32999972,0.33428543,1789201.49696525,NaN,NaN,NaN,NaN,NaN,NaN,NaN
1505091600,0.32999972,0.33428543,0.32785687,0.33214258,792867.33003233,NaN,NaN,NaN,NaN,NaN,NaN,NaN
1505178000,0.33214258,0.33214258,0.32785687,0.32999972,491400.41113834,NaN,NaN,NaN,NaN,NaN,NaN,NaN
1505264400,0.33214258,0.33642829,0.32999972,0.33214258,714933.93149472,NaN,NaN,NaN,NaN,NaN,NaN,NaN
1505350800,0.33428543,0.33428543,0.32357116,0.32571401,1667868.06211628,NaN,NaN,NaN,NaN,NaN,NaN,NaN
1505437200,0.32785687,0.32785687,0.32357116,0.32357116,1593201.33297845,NaN,NaN,NaN,NaN,NaN,NaN,NaN
1505696400,0.32571401,0.32571401,0.32357116,0.32571401,330400.2764349,NaN,NaN,NaN,NaN,NaN,NaN,NaN
1505782800,0.32571401,0.32571401,0.32357116,0.32357116,450333.71011254,NaN,NaN,NaN,NaN,NaN,NaN,NaN
1505869200,0.32571401,0.32999972,0.32571401,0.32571401,1077534.23487031,NaN,NaN,NaN,NaN,NaN,NaN,NaN
1505955600,0.32785687,0.33428543,0.32785687,0.33214258,810600.67820257,NaN,NaN,NaN,NaN,NaN,NaN,NaN
1506301200,0.340714,0.34499971,0.33642829,0.340714,4688603.92279862,NaN,NaN,NaN,NaN,NaN,NaN,NaN
1506387600,0.33428543,0.34714257,0.33428543,0.33428543,1439201.20413167,NaN,NaN,NaN,NaN,NaN,NaN,NaN
1506474000,0.33428543,0.34285686,0.33214258,0.340714,2410335.34998058,NaN,NaN,NaN,NaN,NaN,NaN,NaN
1506560400,0.34499971,0.35142828,0.34499971,0.35142828,5876271.58314723,NaN,NaN,NaN,NaN,NaN,NaN,NaN
1506646800,0.34928542,0.35357113,0.34714257,0.35142828,2819602.35906731,2230285071.35645,1450569000,982105000,42197000,542860000,468464000,1.52235924484757
1506906000,0.35142828,0.3792854,0.35142828,0.37285683,10738008.98413418,NaN,NaN,NaN,NaN,NaN,NaN,NaN
1506992400,0.37071398,0.37714254,0.36642826,0.37499969,6552472.1489017,NaN,NaN,NaN,NaN,NaN,NaN,NaN
1507078800,0.37285683,0.39642824,0.37285683,0.39214253,10955475.83274811,NaN,NaN,NaN,NaN,NaN,NaN,NaN
1507165200,0.39428538,0.40071395,0.39214253,0.39428538,7506339.61363748,NaN,NaN,NaN,NaN,NaN,NaN,NaN
1507251600,0.39428538,0.40071395,0.39214253,0.39428538,5639671.38519173,NaN,NaN,NaN,NaN,NaN,NaN,NaN
1507510800,0.39428538,0.39642824,0.38999967,0.39428538,2932069.11983116,NaN,NaN,NaN,NaN,NaN,NaN,NaN
1507597200,0.39214253,0.39214253,0.38571396,0.38785682,2007601.67969341,NaN,NaN,NaN,NaN,NaN,NaN,NaN
1507683600,0.38571396,0.38785682,0.38142825,0.38357111,2220401.85773622,NaN,NaN,NaN,NaN,NaN,NaN,NaN
1507770000,0.38571396,0.38571396,0.38142825,0.38357111,1512934.59915528,NaN,NaN,NaN,NaN,NaN,NaN,NaN
1507856400,0.38357111,0.38357111,0.37714254,0.38142825,819934.0193448,NaN,NaN,NaN,NaN,NaN,NaN,NaN
1508115600,0.38142825,0.38785682,0.37714254,0.38357111,1305267.75874069,NaN,NaN,NaN,NaN,NaN,NaN,NaN
1508202000,0.38142825,0.38357111,0.3792854,0.3792854,1394867.83370609,NaN,NaN,NaN,NaN,NaN,NaN,NaN
1508374800,0.38357111,0.39642824,0.38357111,0.39214253,4025470.03464326,NaN,NaN,NaN,NaN,NaN,NaN,NaN
1508461200,0.39642824,0.3985711,0.39214253,0.39428538,1320201.10456826,NaN,NaN,NaN,NaN,NaN,NaN,NaN
1508720400,0.39428538,0.39428538,0.38357111,0.38571396,1236201.0342882,NaN,NaN,NaN,NaN,NaN,NaN,NaN
1508806800,0.38571396,0.39428538,0.38571396,0.38999967,750867.2948923,NaN,NaN,NaN,NaN,NaN,NaN,NaN
1508893200,0.38999967,0.39428538,0.38571396,0.39428538,812467.34643101,NaN,NaN,NaN,NaN,NaN,NaN,NaN
1508979600,0.38999967,0.38999967,0.38571396,0.38785682,539000.45096371,NaN,NaN,NaN,NaN,NaN,NaN,NaN
1509066000,0.38999967,0.39428538,0.38999967,0.39428538,1953468.30106848,NaN,NaN,NaN,NaN,NaN,NaN,NaN
1509325200,0.39428538,0.40714252,0.38999967,0.40714252,4539737.13158007,NaN,NaN,NaN,NaN,NaN,NaN,NaN
1509411600,0.40499966,0.4221425,0.40499966,0.41785679,7866139.9146704,NaN,NaN,NaN,NaN,NaN,NaN,NaN
1509498000,0.41785679,0.4221425,0.41142823,0.41571394,2563402.14471313,NaN,NaN,NaN,NaN,NaN,NaN,NaN
1509584400,0.41357108,0.41999965,0.41357108,0.41571394,1082667.57249854,NaN,NaN,NaN,NaN,NaN,NaN,NaN
1509670800,0.41999965,0.4221425,0.41142823,0.4221425,2442535.37692127,NaN,NaN,NaN,NaN,NaN,NaN,NaN
1509930000,0.41785679,0.4221425,0.41785679,0.41999965,913734.0978242,NaN,NaN,NaN,NaN,NaN,NaN,NaN
1510016400,0.4221425,0.43499964,0.41999965,0.43499964,8931540.80605581,NaN,NaN,NaN,NaN,NaN,NaN,NaN
1510102800,0.43285678,0.43928535,0.42857107,0.43285678,4485137.08589803,NaN,NaN,NaN,NaN,NaN,NaN,NaN
1510189200,0.43285678,0.43285678,0.42642821,0.43285678,2364135.31132654,NaN,NaN,NaN,NaN,NaN,NaN,NaN
1510275600,0.43071393,0.43071393,0.4221425,0.4221425,3595669.67504363,NaN,NaN,NaN,NaN,NaN,NaN,NaN
1510534800,0.42642821,0.44571391,0.42642821,0.44357106,5416604.53189246,NaN,NaN,NaN,NaN,NaN,NaN,NaN
1510621200,0.44785677,0.44999962,0.42857107,0.43285678,6589805.51347061,NaN,NaN,NaN,NaN,NaN,NaN,NaN
1510707600,0.43499964,0.43928535,0.42857107,0.43285678,2576002.15525514,NaN,NaN,NaN,NaN,NaN,NaN,NaN
1510794000,0.43285678,0.43714249,0.43071393,0.43499964,2479868.74149018,NaN,NaN,NaN,NaN,NaN,NaN,NaN
1510880400,0.43071393,0.43928535,0.43071393,0.43499964,1622134.69051936,NaN,NaN,NaN,NaN,NaN,NaN,NaN
1511139600,0.43285678,0.43285678,0.42642821,0.43071393,2809802.35086797,NaN,NaN,NaN,NaN,NaN,NaN,NaN
1511226000,0.42857107,0.42857107,0.42428536,0.42642821,1133534.28172368,NaN,NaN,NaN,NaN,NaN,NaN,NaN
1511312400,0.42642821,0.43285678,0.42428536,0.43071393,830200.69460125,NaN,NaN,NaN,NaN,NaN,NaN,NaN
1511398800,0.42857107,0.43071393,0.42642821,0.43071393,394800.33031628,NaN,NaN,NaN,NaN,NaN,NaN,NaN
1511485200,0.42857107,0.42857107,0.4221425,0.42857107,820400.68640191,NaN,NaN,NaN,NaN,NaN,NaN,NaN
1511744400,0.42642821,0.42642821,0.41357108,0.41357108,1384134.49139252,NaN,NaN,NaN,NaN,NaN,NaN,NaN
1511830800,0.41142823,0.41785679,0.40714252,0.40928537,1477467.90281481,NaN,NaN,NaN,NaN,NaN,NaN,NaN
1511917200,0.40714252,0.41142823,0.40499966,0.41142823,626267.19064355,NaN,NaN,NaN,NaN,NaN,NaN,NaN
1512003600,0.41142823,0.41142823,0.40714252,0.41142823,426533.69019985,NaN,NaN,NaN,NaN,NaN,NaN,NaN
1512349200,0.41142823,0.43071393,0.41142823,0.42857107,2151801.80034084,NaN,NaN,NaN,NaN,NaN,NaN,NaN
1512435600,0.43071393,0.43928535,0.43071393,0.43285678,2898002.42466203,NaN,NaN,NaN,NaN,NaN,NaN,NaN
1512522000,0.43285678,0.43499964,0.43285678,0.43499964,735467.28200763,NaN,NaN,NaN,NaN,NaN,NaN,NaN
1512608400,0.43499964,0.43499964,0.43071393,0.43285678,552067.12856283,NaN,NaN,NaN,NaN,NaN,NaN,NaN
1512694800,0.43071393,0.43285678,0.4221425,0.43071393,1339334.45390983,NaN,NaN,NaN,NaN,NaN,NaN,NaN
1512954000,0.42857107,0.43285678,0.4221425,0.43285678,712133.92915205,NaN,NaN,NaN,NaN,NaN,NaN,NaN
1513040400,0.42642821,0.43285678,0.42642821,0.43285678,297266.91537999,NaN,NaN,NaN,NaN,NaN,NaN,NaN
1513126800,0.43285678,0.44785677,0.43285678,0.44571391,4658270.56408637,NaN,NaN,NaN,NaN,NaN,NaN,NaN
1513213200,0.44785677,0.44785677,0.43714249,0.44357106,1964201.64338204,NaN,NaN,NaN,NaN,NaN,NaN,NaN
1513299600,0.4414282,0.4414282,0.43285678,0.43499964,811067.34525968,NaN,NaN,NaN,NaN,NaN,NaN,NaN
1513558800,0.43285678,0.43499964,0.42428536,0.42642821,1878801.57193065,NaN,NaN,NaN,NaN,NaN,NaN,NaN
1513645200,0.42642821,0.43499964,0.42642821,0.43285678,573067.14613285,NaN,NaN,NaN,NaN,NaN,NaN,NaN
1513731600,0.43071393,0.43285678,0.42428536,0.42642821,920734.10368087,NaN,NaN,NaN,NaN,NaN,NaN,NaN
1513818000,0.43285678,0.43285678,0.42428536,0.42857107,1012667.51393182,NaN,NaN,NaN,NaN,NaN,NaN,NaN
1513904400,0.42857107,0.43071393,0.42642821,0.42857107,707467.25858094,NaN,NaN,NaN,NaN,NaN,NaN,NaN
1514250000,0.42857107,0.44999962,0.42857107,0.44785677,3903669.93273718,NaN,NaN,NaN,NaN,NaN,NaN,NaN
1514336400,0.44999962,0.46928532,0.44999962,0.45642819,3805669.85074378,NaN,NaN,NaN,NaN,NaN,NaN,NaN
1514422800,0.45857104,0.4607139,0.44999962,0.4607139,911400.76253864,NaN,NaN,NaN,NaN,NaN,NaN,NaN
1514509200,0.46285676,0.46714247,0.45642819,0.45642819,2881202.41060602,2230285071.35645,1580168628,1100575347,48486000,493830000,479593281,1.1721451462676
1514854800,0.45642819,0.4607139,0.44999962,0.45857104,1326734.44336782,NaN,NaN,NaN,NaN,NaN,NaN,NaN
1514941200,0.45642819,0.47142818,0.45642819,0.46285676,1720134.77251276,NaN,NaN,NaN,NaN,NaN,NaN,NaN
1515027600,0.46285676,0.46928532,0.46285676,0.46928532,981867.48816247,NaN,NaN,NaN,NaN,NaN,NaN,NaN
1515114000,0.46928532,0.46928532,0.4607139,0.46285676,787267.325347,NaN,NaN,NaN,NaN,NaN,NaN,NaN
1515373200,0.4607139,0.47142818,0.4607139,0.46928532,1521801.2732404,NaN,NaN,NaN,NaN,NaN,NaN,NaN
1515459600,0.46714247,0.46928532,0.4607139,0.4607139,1789201.49696525,NaN,NaN,NaN,NaN,NaN,NaN,NaN
1515546000,0.46285676,0.46714247,0.4607139,0.46714247,1123267.60646723,NaN,NaN,NaN,NaN,NaN,NaN,NaN
1515632400,0.46928532,0.46928532,0.46285676,0.46714247,444267.03837009,NaN,NaN,NaN,NaN,NaN,NaN,NaN
1515718800,0.46285676,0.46714247,0.4607139,0.46499961,312666.92826466,NaN,NaN,NaN,NaN,NaN,NaN,NaN
1515978000,0.46285676,0.46499961,0.45642819,0.45642819,1106934.25946833,NaN,NaN,NaN,NaN,NaN,NaN,NaN
1516064400,0.45428533,0.45857104,0.44999962,0.45857104,759267.30192031,NaN,NaN,NaN,NaN,NaN,NaN,NaN
1516150800,0.45857104,0.45857104,0.4414282,0.4414282,728933.94320807,NaN,NaN,NaN,NaN,NaN,NaN,NaN
1516237200,0.4414282,0.44357106,0.43285678,0.43285678,910467.42842442,NaN,NaN,NaN,NaN,NaN,NaN,NaN
1516323600,0.43499964,0.4414282,0.43499964,0.4414282,789133.99357544,NaN,NaN,NaN,NaN,NaN,NaN,NaN
1516582800,0.44357106,0.45857104,0.4414282,0.4414282,1295001.08348424,NaN,NaN,NaN,NaN,NaN,NaN,NaN
1516669200,0.4414282,0.44571391,0.4414282,0.44571391,446600.37365565,NaN,NaN,NaN,NaN,NaN,NaN,NaN
1516755600,0.44571391,0.44785677,0.44571391,0.44785677,379400.3174316,NaN,NaN,NaN,NaN,NaN,NaN,NaN
1516842000,0.44785677,0.44785677,0.4414282,0.44571391,570267.14379018,NaN,NaN,NaN,NaN,NaN,NaN,NaN
1516928400,0.4414282,0.44357106,0.43499964,0.44357106,1615134.68466269,NaN,NaN,NaN,NaN,NaN,NaN,NaN
1517187600,0.44357106,0.44785677,0.4414282,0.44357106,858667.38508505,NaN,NaN,NaN,NaN,NaN,NaN,NaN
1517274000,0.44357106,0.44357106,0.43499964,0.43928535,1624001.3587478,NaN,NaN,NaN,NaN,NaN,NaN,NaN
1517533200,0.43714249,0.43928535,0.43285678,0.43499964,588933.82607463,NaN,NaN,NaN,NaN,NaN,NaN,NaN
1517792400,0.43071393,0.43499964,0.4221425,0.42428536,2623135.52802339,NaN,NaN,NaN,NaN,NaN,NaN,NaN
1517878800,0.41785679,0.4221425,0.39214253,0.4221425,4028270.03698593,NaN,NaN,NaN,NaN,NaN,NaN,NaN
1517965200,0.42857107,0.43499964,0.41357108,0.42428536,1356601.13502295,NaN,NaN,NaN,NaN,NaN,NaN,NaN
1518051600,0.42642821,0.42857107,0.41571394,0.42642821,411600.34437229,NaN,NaN,NaN,NaN,NaN,NaN,NaN
1518138000,0.40285681,0.4221425,0.40285681,0.4221425,987000.82579069,NaN,NaN,NaN,NaN,NaN,NaN,NaN
1518397200,0.42857107,0.42857107,0.42428536,0.42642821,275333.56369575,NaN,NaN,NaN,NaN,NaN,NaN,NaN
1518483600,0.44999962,0.45214248,0.42857107,0.43071393,2259135.22347647,NaN,NaN,NaN,NaN,NaN,NaN,NaN
1518570000,0.43071393,0.43499964,0.41785679,0.42642821,322000.26940689,NaN,NaN,NaN,NaN,NaN,NaN,NaN
1518656400,0.42428536,0.42428536,0.4221425,0.4221425,287933.57423776,NaN,NaN,NaN,NaN,NaN,NaN,NaN
1519002000,0.4221425,0.43285678,0.41999965,0.4221425,756467.29957764,NaN,NaN,NaN,NaN,NaN,NaN,NaN
1519088400,0.41785679,0.41999965,0.40714252,0.41785679,1482601.24044304,NaN,NaN,NaN,NaN,NaN,NaN,NaN
1519174800,0.40928537,0.42428536,0.40499966,0.41785679,3030069.20182457,NaN,NaN,NaN,NaN,NaN,NaN,NaN
1519261200,0.41571394,0.41999965,0.40499966,0.40714252,2683802.24544788,NaN,NaN,NaN,NaN,NaN,NaN,NaN
1519347600,0.40714252,0.41357108,0.3985711,0.40285681,2326801.94675763,NaN,NaN,NaN,NaN,NaN,NaN,NaN
1519606800,0.40285681,0.40714252,0.40071395,0.40499966,1045800.87498673,NaN,NaN,NaN,NaN,NaN,NaN,NaN
1519693200,0.40499966,0.40714252,0.3985711,0.40071395,805934.00763145,NaN,NaN,NaN,NaN,NaN,NaN,NaN
1519779600,0.40071395,0.40071395,0.38571396,0.39428538,2498535.42377464,NaN,NaN,NaN,NaN,NaN,NaN,NaN
1519866000,0.38785682,0.38785682,0.36214255,0.38357111,4606470.520747,NaN,NaN,NaN,NaN,NaN,NaN,NaN
1519952400,0.38357111,0.38357111,0.3599997,0.36642826,1255801.05068688,NaN,NaN,NaN,NaN,NaN,NaN,NaN
1520211600,0.36642826,0.36857112,0.34285686,0.34499971,2678202.24076254,NaN,NaN,NaN,NaN,NaN,NaN,NaN
1520298000,0.34714257,0.3599997,0.34499971,0.34499971,2352001.96784165,NaN,NaN,NaN,NaN,NaN,NaN,NaN
1520384400,0.34928542,0.35357113,0.32785687,0.33214258,2614268.85393827,NaN,NaN,NaN,NaN,NaN,NaN,NaN
1520470800,0.33214258,0.33428543,0.31714259,0.32357116,4259736.8973132,NaN,NaN,NaN,NaN,NaN,NaN,NaN
1520557200,0.32785687,0.340714,0.32357116,0.33642829,2405202.01235235,NaN,NaN,NaN,NaN,NaN,NaN,NaN
1520816400,0.340714,0.36214255,0.340714,0.3599997,1361734.47265118,NaN,NaN,NaN,NaN,NaN,NaN,NaN
1520902800,0.3599997,0.3599997,0.34928542,0.35357113,526867.10747881,NaN,NaN,NaN,NaN,NaN,NaN,NaN
1520989200,0.35357113,0.35357113,0.32999972,0.33857115,1564734.64249465,NaN,NaN,NaN,NaN,NaN,NaN,NaN
1521075600,0.33214258,0.33857115,0.32999972,0.33857115,786800.65828988,NaN,NaN,NaN,NaN,NaN,NaN,NaN
1521162000,0.33642829,0.33857115,0.33214258,0.33857115,462467.05359743,NaN,NaN,NaN,NaN,NaN,NaN,NaN
1521421200,0.33428543,0.33642829,0.33428543,0.33428543,116666.76427786,NaN,NaN,NaN,NaN,NaN,NaN,NaN
1521507600,0.33214258,0.33214258,0.32357116,0.32999972,920267.43662376,NaN,NaN,NaN,NaN,NaN,NaN,NaN
1521594000,0.32571401,0.33857115,0.32357116,0.32999972,340666.95169135,NaN,NaN,NaN,NaN,NaN,NaN,NaN
1521680400,0.32357116,0.33428543,0.3214283,0.32785687,801267.33706034,NaN,NaN,NaN,NaN,NaN,NaN,NaN
1521766800,0.3214283,0.3214283,0.31285688,0.31285688,1920801.60707068,NaN,NaN,NaN,NaN,NaN,NaN,NaN
1522026000,0.31285688,0.31285688,0.29142833,0.29999975,1861534.89081753,NaN,NaN,NaN,NaN,NaN,NaN,NaN
1522112400,0.29999975,0.30642832,0.28928547,0.28928547,1281467.73882801,NaN,NaN,NaN,NaN,NaN,NaN,NaN
1522198800,0.28928547,0.29999975,0.28928547,0.29785689,916067.43310975,NaN,NaN,NaN,NaN,NaN,NaN,NaN
1522285200,0.29785689,0.29785689,0.29142833,0.29142833,254333.54612573,NaN,NaN,NaN,NaN,NaN,NaN,NaN
1522371600,0.29142833,0.29785689,0.29142833,0.29571404,429800.35959963,2230191737.92985,1453206000,944599000,54471000,519688999.99999994,508607000,1.80918055184782
1522630800,0.29785689,0.29999975,0.29571404,0.29785689,592667.16253153,NaN,NaN,NaN,NaN,NaN,NaN,NaN
1522717200,0.29785689,0.29785689,0.28285691,0.29785689,1138667.61935191,NaN,NaN,NaN,NaN,NaN,NaN,NaN
1522803600,0.28928547,0.29142833,0.28714262,0.29142833,783533.9888901,NaN,NaN,NaN,NaN,NaN,NaN,NaN
1522890000,0.29142833,0.29785689,0.28928547,0.29357118,195533.49692969,NaN,NaN,NaN,NaN,NaN,NaN,NaN
1522976400,0.28928547,0.29571404,0.28928547,0.29571404,357933.63280447,NaN,NaN,NaN,NaN,NaN,NaN,NaN
1523235600,0.28285691,0.29999975,0.28285691,0.29142833,407400.34085829,NaN,NaN,NaN,NaN,NaN,NaN,NaN
1523322000,0.29142833,0.3214283,0.29142833,0.3214283,2200335.17428043,NaN,NaN,NaN,NaN,NaN,NaN,NaN
1523408400,0.32357116,0.34499971,0.32357116,0.33428543,1496601.25215638,NaN,NaN,NaN,NaN,NaN,NaN,NaN
1523494800,0.33642829,0.33642829,0.3214283,0.33214258,420000.35140029,NaN,NaN,NaN,NaN,NaN,NaN,NaN
1523581200,0.31928545,0.33642829,0.31928545,0.33214258,297266.91537999,NaN,NaN,NaN,NaN,NaN,NaN,NaN
1523840400,0.31928545,0.33214258,0.31928545,0.33214258,78866.73265183,NaN,NaN,NaN,NaN,NaN,NaN,NaN
1523926800,0.33214258,0.33214258,0.32357116,0.32999972,66266.72210982,NaN,NaN,NaN,NaN,NaN,NaN,NaN
1524013200,0.3214283,0.32785687,0.31928545,0.31928545,459667.05125477,NaN,NaN,NaN,NaN,NaN,NaN,NaN
1524099600,0.31928545,0.3214283,0.31071403,0.31071403,400400.33500161,NaN,NaN,NaN,NaN,NaN,NaN,NaN
1524186000,0.31071403,0.31714259,0.31071403,0.31714259,109666.75842119,NaN,NaN,NaN,NaN,NaN,NaN,NaN
1524445200,0.31071403,0.33214258,0.30428546,0.31714259,331333.61054912,NaN,NaN,NaN,NaN,NaN,NaN,NaN
1524531600,0.30428546,0.32571401,0.30428546,0.31071403,186666.82284458,NaN,NaN,NaN,NaN,NaN,NaN,NaN
1524618000,0.3021426,0.32571401,0.3021426,0.31071403,112466.76076386,NaN,NaN,NaN,NaN,NaN,NaN,NaN
1524704400,0.29999975,0.3214283,0.29999975,0.31714259,179200.14993079,NaN,NaN,NaN,NaN,NaN,NaN,NaN
1524790800,0.30428546,0.31714259,0.30428546,0.31714259,359333.63397581,NaN,NaN,NaN,NaN,NaN,NaN,NaN
1525050000,0.30857117,0.31928545,0.30642832,0.30857117,161466.80176056,NaN,NaN,NaN,NaN,NaN,NaN,NaN
1525222800,0.30642832,0.31285688,0.30642832,0.30857117,88200.07379406,NaN,NaN,NaN,NaN,NaN,NaN,NaN
1525309200,0.31928545,0.3214283,0.31285688,0.31499974,127866.77364853,NaN,NaN,NaN,NaN,NaN,NaN,NaN
1525395600,0.31499974,0.31499974,0.3021426,0.31071403,558600.46736239,NaN,NaN,NaN,NaN,NaN,NaN,NaN
1525654800,0.31071403,0.31714259,0.30642832,0.31071403,556267.13207683,NaN,NaN,NaN,NaN,NaN,NaN,NaN
1525741200,0.30642832,0.31714259,0.30642832,0.31285688,169400.14173145,NaN,NaN,NaN,NaN,NaN,NaN,NaN
1526259600,0.31071403,0.33214258,0.29785689,0.31071403,1243201.04014487,NaN,NaN,NaN,NaN,NaN,NaN,NaN
1526346000,0.30428546,0.32999972,0.30428546,0.31714259,257600.21552551,NaN,NaN,NaN,NaN,NaN,NaN,NaN
1526432400,0.31714259,0.33214258,0.31714259,0.3214283,81666.7349945,NaN,NaN,NaN,NaN,NaN,NaN,NaN
1526518800,0.3214283,0.35142828,0.3214283,0.34499971,3133669.2885033,NaN,NaN,NaN,NaN,NaN,NaN,NaN
1526605200,0.34714257,0.36214255,0.34714257,0.34928542,1854534.88496085,NaN,NaN,NaN,NaN,NaN,NaN,NaN
1526864400,0.35357113,0.35571399,0.34928542,0.35571399,798934.00177478,NaN,NaN,NaN,NaN,NaN,NaN,NaN
1526950800,0.35571399,0.37285683,0.35571399,0.36857112,1441067.87236012,NaN,NaN,NaN,NaN,NaN,NaN,NaN
1527037200,0.36857112,0.37285683,0.35357113,0.35785684,1128400.94409546,NaN,NaN,NaN,NaN,NaN,NaN,NaN
1527123600,0.34285686,0.3599997,0.340714,0.3599997,1288001.07762757,NaN,NaN,NaN,NaN,NaN,NaN,NaN
1527210000,0.35357113,0.3599997,0.34928542,0.35357113,331333.61054912,NaN,NaN,NaN,NaN,NaN,NaN,NaN
1527469200,0.36428541,0.36428541,0.34285686,0.3599997,860067.38625638,NaN,NaN,NaN,NaN,NaN,NaN,NaN
1527642000,0.34499971,0.38142825,0.33642829,0.3792854,8239940.22741666,NaN,NaN,NaN,NaN,NaN,NaN,NaN
1527728400,0.39642824,0.39642824,0.3792854,0.38142825,6432538.71522406,NaN,NaN,NaN,NaN,NaN,NaN,NaN
1527814800,0.38357111,0.38357111,0.37285683,0.3792854,2138735.12274172,NaN,NaN,NaN,NaN,NaN,NaN,NaN
1528074000,0.3792854,0.38142825,0.37285683,0.37285683,932867.44716576,NaN,NaN,NaN,NaN,NaN,NaN,NaN
1528160400,0.37499969,0.38785682,0.37285683,0.38357111,5324204.45458439,NaN,NaN,NaN,NaN,NaN,NaN,NaN
1528246800,0.38785682,0.38785682,0.38357111,0.38357111,2002935.00912229,NaN,NaN,NaN,NaN,NaN,NaN,NaN
1528333200,0.38142825,0.38785682,0.38142825,0.38357111,2517668.77311621,NaN,NaN,NaN,NaN,NaN,NaN,NaN
1528419600,0.38357111,0.38357111,0.37714254,0.37714254,958067.46824978,NaN,NaN,NaN,NaN,NaN,NaN,NaN
1528678800,0.3792854,0.38571396,0.3792854,0.38142825,1605334.67646335,NaN,NaN,NaN,NaN,NaN,NaN,NaN
1528765200,0.38142825,0.38142825,0.37285683,0.37499969,1383667.82433541,NaN,NaN,NaN,NaN,NaN,NaN,NaN
1528851600,0.37499969,0.3792854,0.37499969,0.37714254,1200267.67089062,NaN,NaN,NaN,NaN,NaN,NaN,NaN
1528938000,0.37499969,0.3792854,0.37499969,0.37499969,376133.64803182,NaN,NaN,NaN,NaN,NaN,NaN,NaN
1529283600,0.37499969,0.38785682,0.37499969,0.38571396,5450204.56000448,NaN,NaN,NaN,NaN,NaN,NaN,NaN
1529370000,0.38571396,0.39428538,0.3792854,0.38357111,3938669.96202054,NaN,NaN,NaN,NaN,NaN,NaN,NaN
1529456400,0.3792854,0.38357111,0.3792854,0.38142825,247333.54026906,NaN,NaN,NaN,NaN,NaN,NaN,NaN
1529542800,0.3792854,0.38142825,0.36214255,0.36428541,1746734.79476811,NaN,NaN,NaN,NaN,NaN,NaN,NaN
1529629200,0.36428541,0.37071398,0.35571399,0.37071398,1643601.37514648,NaN,NaN,NaN,NaN,NaN,NaN,NaN
1529888400,0.37071398,0.37714254,0.36857112,0.36857112,1439667.87118879,NaN,NaN,NaN,NaN,NaN,NaN,NaN
1529974800,0.36428541,0.37071398,0.3599997,0.36428541,1351467.79739472,NaN,NaN,NaN,NaN,NaN,NaN,NaN
1530061200,0.36857112,0.36857112,0.35785684,0.3599997,1252067.71422999,NaN,NaN,NaN,NaN,NaN,NaN,NaN
1530147600,0.35785684,0.35785684,0.35142828,0.35785684,2646002.21382185,NaN,NaN,NaN,NaN,NaN,NaN,NaN
1530234000,0.35785684,0.36214255,0.35142828,0.35142828,1139134.28640902,2229757737.49616,1470141000,905422000,57966000,491584000,564719000,1.82967662511586
1530493200,0.36214255,0.36214255,0.35142828,0.35357113,553933.79679128,NaN,NaN,NaN,NaN,NaN,NaN,NaN
1530579600,0.36214255,0.36214255,0.35357113,0.35571399,913267.43076708,NaN,NaN,NaN,NaN,NaN,NaN,NaN
1530666000,0.35571399,0.35571399,0.35357113,0.35571399,721933.93735139,NaN,NaN,NaN,NaN,NaN,NaN,NaN
1530752400,0.35571399,0.36428541,0.35571399,0.36214255,747133.95843541,NaN,NaN,NaN,NaN,NaN,NaN,NaN
1530838800,0.36428541,0.36428541,0.35357113,0.35571399,657067.2164129,NaN,NaN,NaN,NaN,NaN,NaN,NaN
1531098000,0.35571399,0.3599997,0.35357113,0.3599997,514733.76399392,NaN,NaN,NaN,NaN,NaN,NaN,NaN
1531184400,0.36214255,0.36428541,0.3599997,0.36428541,291200.24363754,NaN,NaN,NaN,NaN,NaN,NaN,NaN
1531270800,0.36214255,0.36428541,0.3599997,0.36214255,190400.15930147,NaN,NaN,NaN,NaN,NaN,NaN,NaN
1531357200,0.36428541,0.36428541,0.35785684,0.36214255,569333.80967595,NaN,NaN,NaN,NaN,NaN,NaN,NaN
1531443600,0.36428541,0.36428541,0.35785684,0.35785684,311733.59415044,NaN,NaN,NaN,NaN,NaN,NaN,NaN
1531702800,0.35785684,0.37499969,0.35785684,0.37499969,2036068.3701772,NaN,NaN,NaN,NaN,NaN,NaN,NaN
1531789200,0.37714254,0.38571396,0.37714254,0.37714254,1110200.92886811,NaN,NaN,NaN,NaN,NaN,NaN,NaN
1531875600,0.38142825,0.38571396,0.3792854,0.38357111,1407934.51130521,NaN,NaN,NaN,NaN,NaN,NaN,NaN
1531962000,0.38357111,0.38357111,0.3792854,0.3792854,1310867.76342603,NaN,NaN,NaN,NaN,NaN,NaN,NaN
1532048400,0.37714254,0.38142825,0.37714254,0.38142825,466200.39005433,NaN,NaN,NaN,NaN,NaN,NaN,NaN
1532307600,0.37499969,0.38571396,0.37499969,0.38571396,1211001.01320418,NaN,NaN,NaN,NaN,NaN,NaN,NaN
1532394000,0.38571396,0.39642824,0.38571396,0.38571396,4372203.65807706,NaN,NaN,NaN,NaN,NaN,NaN,NaN
1532480400,0.38785682,0.38785682,0.38357111,0.38571396,1170400.97923549,NaN,NaN,NaN,NaN,NaN,NaN,NaN
1532566800,0.38571396,0.38785682,0.38357111,0.38571396,6066205.07539158,NaN,NaN,NaN,NaN,NaN,NaN,NaN
1532653200,0.38785682,0.38785682,0.37714254,0.38571396,1187200.9932915,NaN,NaN,NaN,NaN,NaN,NaN,NaN
1532912400,0.38571396,0.38785682,0.37714254,0.37714254,537600.44979238,NaN,NaN,NaN,NaN,NaN,NaN,NaN
1532998800,0.38142825,0.38142825,0.37714254,0.38142825,1465334.55932991,NaN,NaN,NaN,NaN,NaN,NaN,NaN
1533085200,0.38357111,0.38571396,0.38142825,0.38357111,616467.18244421,NaN,NaN,NaN,NaN,NaN,NaN,NaN
1533171600,0.38357111,0.38357111,0.37714254,0.38357111,1221267.68846063,NaN,NaN,NaN,NaN,NaN,NaN,NaN
1533258000,0.38357111,0.38357111,0.38142825,0.38357111,247333.54026906,NaN,NaN,NaN,NaN,NaN,NaN,NaN
1533517200,0.38142825,0.38571396,0.38142825,0.38571396,2216201.85422222,NaN,NaN,NaN,NaN,NaN,NaN,NaN
1533603600,0.38571396,0.40928537,0.38571396,0.40714252,7816206.53955947,NaN,NaN,NaN,NaN,NaN,NaN,NaN
1533690000,0.40714252,0.41785679,0.40714252,0.41785679,5491271.26103029,NaN,NaN,NaN,NaN,NaN,NaN,NaN
1533776400,0.41999965,0.44571391,0.41571394,0.43714249,11769343.18035046,NaN,NaN,NaN,NaN,NaN,NaN,NaN
1533862800,0.43928535,0.45857104,0.43928535,0.44785677,11574276.35047788,NaN,NaN,NaN,NaN,NaN,NaN,NaN
1534122000,0.44571391,0.45214248,0.43285678,0.4414282,5114670.94594136,NaN,NaN,NaN,NaN,NaN,NaN,NaN
1534208400,0.4607139,0.46499961,0.44999962,0.45857104,16434147.08323639,NaN,NaN,NaN,NaN,NaN,NaN,NaN
1534294800,0.4607139,0.46714247,0.44571391,0.46499961,11363809.50772062,NaN,NaN,NaN,NaN,NaN,NaN,NaN
1534381200,0.46499961,0.48857102,0.4607139,0.47571389,15889079.96053023,NaN,NaN,NaN,NaN,NaN,NaN,NaN
1534467600,0.47785674,0.48642816,0.47785674,0.48428531,6436738.71873806,NaN,NaN,NaN,NaN,NaN,NaN,NaN
1534726800,0.48642816,0.50357101,0.48642816,0.49499959,9785541.52056974,NaN,NaN,NaN,NaN,NaN,NaN,NaN
1534813200,0.49714244,0.49714244,0.48214245,0.48857102,6870739.0818517,NaN,NaN,NaN,NaN,NaN,NaN,NaN
1534986000,0.48642816,0.48857102,0.47357103,0.4799996,3897136.59393762,NaN,NaN,NaN,NaN,NaN,NaN,NaN
1535072400,0.47785674,0.4799996,0.4607139,0.47142818,7560939.65931952,NaN,NaN,NaN,NaN,NaN,NaN,NaN
1535331600,0.46714247,0.47142818,0.46285676,0.46714247,2431335.36755059,NaN,NaN,NaN,NaN,NaN,NaN,NaN
1535418000,0.46928532,0.46928532,0.46285676,0.46714247,1381801.15610697,NaN,NaN,NaN,NaN,NaN,NaN,NaN
1535504400,0.46714247,0.50357101,0.46499961,0.50142815,6848339.06311035,NaN,NaN,NaN,NaN,NaN,NaN,NaN
1535590800,0.50357101,0.50357101,0.48214245,0.48857102,2522802.11074443,NaN,NaN,NaN,NaN,NaN,NaN,NaN
1535936400,0.48857102,0.48857102,0.47357103,0.48214245,1789201.49696525,NaN,NaN,NaN,NaN,NaN,NaN,NaN
1536022800,0.48214245,0.48214245,0.47571389,0.47571389,1203534.3402904,NaN,NaN,NaN,NaN,NaN,NaN,NaN
1536109200,0.47785674,0.49499959,0.4607139,0.47357103,5061004.23437354,NaN,NaN,NaN,NaN,NaN,NaN,NaN
1536195600,0.47571389,0.4799996,0.46928532,0.47571389,1363601.14087962,NaN,NaN,NaN,NaN,NaN,NaN,NaN
1536282000,0.47571389,0.47785674,0.46285676,0.47142818,568867.14261884,NaN,NaN,NaN,NaN,NaN,NaN,NaN
1536714000,0.47142818,0.47571389,0.44571391,0.44999962,3314269.43960543,NaN,NaN,NaN,NaN,NaN,NaN,NaN
1536800400,0.45214248,0.45857104,0.4414282,0.45428533,1631468.03166159,NaN,NaN,NaN,NaN,NaN,NaN,NaN
1536886800,0.45214248,0.45214248,0.44571391,0.44785677,1697734.75377141,NaN,NaN,NaN,NaN,NaN,NaN,NaN
1537232400,0.44785677,0.45214248,0.43071393,0.43499964,3267136.06683718,NaN,NaN,NaN,NaN,NaN,NaN,NaN
1537318800,0.44571391,0.44785677,0.43714249,0.44785677,1724801.44308387,NaN,NaN,NaN,NaN,NaN,NaN,NaN
1537405200,0.44785677,0.45428533,0.44357106,0.44357106,2030935.03254898,NaN,NaN,NaN,NaN,NaN,NaN,NaN
1537491600,0.44357106,0.46714247,0.44357106,0.46499961,3119202.60973285,NaN,NaN,NaN,NaN,NaN,NaN,NaN
1537750800,0.46928532,0.47571389,0.46714247,0.47357103,4156603.47769158,NaN,NaN,NaN,NaN,NaN,NaN,NaN
1537837200,0.47357103,0.47571389,0.46714247,0.47142818,706533.92446672,NaN,NaN,NaN,NaN,NaN,NaN,NaN
1537923600,0.4799996,0.4799996,0.47357103,0.4799996,1604868.00940623,NaN,NaN,NaN,NaN,NaN,NaN,NaN
1538010000,0.4799996,0.50571386,0.47785674,0.4992853,9282007.7659465,NaN,NaN,NaN,NaN,NaN,NaN,NaN
1538096400,0.50357101,0.53142813,0.50357101,0.51857099,14691145.62492517,2229757737.49616,1559499000,954384000,60134000,598781000,605115000,0.827273553954539
1538355600,0.52071385,0.53571384,0.51857099,0.52714242,4555137.14446474,NaN,NaN,NaN,NaN,NaN,NaN,NaN
1538442000,0.52928527,0.53571384,0.52928527,0.53357098,6196405.18432567,NaN,NaN,NaN,NaN,NaN,NaN,NaN
1538528400,0.53357098,0.53357098,0.51214243,0.51642814,1794801.50165059,NaN,NaN,NaN,NaN,NaN,NaN,NaN
1538614800,0.51857099,0.53142813,0.51642814,0.52928527,2018335.02200697,NaN,NaN,NaN,NaN,NaN,NaN,NaN
1538701200,0.52928527,0.52928527,0.52071385,0.52499956,1290801.07997024,NaN,NaN,NaN,NaN,NaN,NaN,NaN
1538960400,0.52285671,0.52285671,0.50785672,0.51857099,2002935.00912229,NaN,NaN,NaN,NaN,NaN,NaN,NaN
1539046800,0.50999957,0.52071385,0.50571386,0.51857099,4156603.47769158,NaN,NaN,NaN,NaN,NaN,NaN,NaN
1539133200,0.52285671,0.53999955,0.50785672,0.51214243,4936870.7971819,NaN,NaN,NaN,NaN,NaN,NaN,NaN
1539219600,0.50357101,0.51214243,0.47785674,0.50571386,5070804.24257288,NaN,NaN,NaN,NaN,NaN,NaN,NaN
1539306000,0.4992853,0.51642814,0.4992853,0.51428528,2982935.82905631,NaN,NaN,NaN,NaN,NaN,NaN,NaN
1539565200,0.51428528,0.52714242,0.51214243,0.51428528,1853134.88378952,NaN,NaN,NaN,NaN,NaN,NaN,NaN
1539651600,0.51428528,0.51857099,0.50785672,0.51857099,887600.74262595,NaN,NaN,NaN,NaN,NaN,NaN,NaN
1539738000,0.51857099,0.52285671,0.51428528,0.51857099,709800.5938665,NaN,NaN,NaN,NaN,NaN,NaN,NaN
1539824400,0.51857099,0.51857099,0.50999957,0.51428528,694867.24803893,NaN,NaN,NaN,NaN,NaN,NaN,NaN
1539910800,0.50999957,0.51214243,0.50571386,0.50999957,574933.81436129,NaN,NaN,NaN,NaN,NaN,NaN,NaN
1540170000,0.50999957,0.51214243,0.50357101,0.50999957,467133.72416855,NaN,NaN,NaN,NaN,NaN,NaN,NaN
1540256400,0.50999957,0.50999957,0.49499959,0.50999957,1481667.90632882,NaN,NaN,NaN,NaN,NaN,NaN,NaN
1540342800,0.50571386,0.50571386,0.4799996,0.50142815,2660935.55964942,NaN,NaN,NaN,NaN,NaN,NaN,NaN
1540429200,0.48428531,0.49285673,0.4799996,0.48857102,2043535.04309099,NaN,NaN,NaN,NaN,NaN,NaN,NaN
1540515600,0.48857102,0.49285673,0.47571389,0.47785674,2160668.47442596,NaN,NaN,NaN,NaN,NaN,NaN,NaN
1540774800,0.47571389,0.47571389,0.44357106,0.45428533,3214402.68938358,NaN,NaN,NaN,NaN,NaN,NaN,NaN
1540861200,0.44999962,0.48642816,0.43499964,0.48642816,5654138.06396218,NaN,NaN,NaN,NaN,NaN,NaN,NaN
1540947600,0.48642816,0.4992853,0.48642816,0.49714244,2454202.05334905,NaN,NaN,NaN,NaN,NaN,NaN,NaN
1541034000,0.4992853,0.51428528,0.49714244,0.50785672,3415536.19099861,NaN,NaN,NaN,NaN,NaN,NaN,NaN
1541120400,0.50785672,0.53357098,0.50571386,0.53357098,4472070.40829891,NaN,NaN,NaN,NaN,NaN,NaN,NaN
1541379600,0.53357098,0.53357098,0.52071385,0.53142813,1324401.10808226,NaN,NaN,NaN,NaN,NaN,NaN,NaN
1541552400,0.52714242,0.56571381,0.52714242,0.56357096,11946676.66205281,NaN,NaN,NaN,NaN,NaN,NaN,NaN
1541638800,0.57214238,0.58285666,0.5614281,0.56999952,5265404.40538835,NaN,NaN,NaN,NaN,NaN,NaN,NaN
1541725200,0.56999952,0.57857094,0.55714239,0.57857094,3498136.26010734,NaN,NaN,NaN,NaN,NaN,NaN,NaN
1541984400,0.57857094,0.60214235,0.57642809,0.5999995,12657877.25709064,NaN,NaN,NaN,NaN,NaN,NaN,NaN
1542070800,0.58499951,0.59357093,0.56999952,0.58285666,16502280.47357466,NaN,NaN,NaN,NaN,NaN,NaN,NaN
1542157200,0.58499951,0.58499951,0.56999952,0.5807138,4756270.64607977,NaN,NaN,NaN,NaN,NaN,NaN,NaN
1542243600,0.5807138,0.58499951,0.56999952,0.58285666,5212671.02793476,NaN,NaN,NaN,NaN,NaN,NaN,NaN
1542330000,0.5807138,0.61714234,0.57214238,0.61285663,13731678.15550406,NaN,NaN,NaN,NaN,NaN,NaN,NaN
1542589200,0.61499949,0.65571374,0.60642806,0.65357088,17596148.05544387,NaN,NaN,NaN,NaN,NaN,NaN,NaN
1542762000,0.63857089,0.65785659,0.63428518,0.65142803,8197473.52521952,NaN,NaN,NaN,NaN,NaN,NaN,NaN
1542848400,0.65357088,0.65571374,0.62785662,0.62785662,4431470.37433021,NaN,NaN,NaN,NaN,NaN,NaN,NaN
1542934800,0.62785662,0.63642804,0.60428521,0.62999947,9680074.76566255,NaN,NaN,NaN,NaN,NaN,NaN,NaN
1543194000,0.61499949,0.62357091,0.59357093,0.60857092,8406540.36680544,NaN,NaN,NaN,NaN,NaN,NaN,NaN
1543280400,0.60642806,0.61285663,0.59142808,0.5999995,1872268.23313109,NaN,NaN,NaN,NaN,NaN,NaN,NaN
1543366800,0.59142808,0.61071377,0.58928522,0.60214235,3509336.26947801,NaN,NaN,NaN,NaN,NaN,NaN,NaN
1543453200,0.60642806,0.61071377,0.59571379,0.60428521,3136469.29084597,NaN,NaN,NaN,NaN,NaN,NaN,NaN
1543539600,0.60642806,0.60642806,0.58928522,0.58928522,1376201.15142163,NaN,NaN,NaN,NaN,NaN,NaN,NaN
1543798800,0.60642806,0.60857092,0.59785664,0.60857092,1515734.60149795,NaN,NaN,NaN,NaN,NaN,NaN,NaN
1543885200,0.60642806,0.64714232,0.60214235,0.64499946,8211473.53693286,NaN,NaN,NaN,NaN,NaN,NaN,NaN
1543971600,0.63428518,0.64285661,0.62142805,0.63214233,4628870.53948835,NaN,NaN,NaN,NaN,NaN,NaN,NaN
1544058000,0.63214233,0.63428518,0.6192852,0.62785662,2798602.34149729,NaN,NaN,NaN,NaN,NaN,NaN,NaN
1544144400,0.62785662,0.64285661,0.62357091,0.63214233,1717801.4372272,NaN,NaN,NaN,NaN,NaN,NaN,NaN
1544403600,0.63214233,0.63214233,0.61071377,0.61071377,2546602.13065712,NaN,NaN,NaN,NaN,NaN,NaN,NaN
1544490000,0.61071377,0.62785662,0.61071377,0.61714234,1612801.34937713,NaN,NaN,NaN,NaN,NaN,NaN,NaN
1544576400,0.61714234,0.62357091,0.61071377,0.61714234,1237134.36840242,NaN,NaN,NaN,NaN,NaN,NaN,NaN
1544662800,0.61714234,0.6192852,0.61071377,0.61714234,1022467.52213116,NaN,NaN,NaN,NaN,NaN,NaN,NaN
1544749200,0.61285663,0.61285663,0.5999995,0.60428521,3252669.38806672,NaN,NaN,NaN,NaN,NaN,NaN,NaN
1545008400,0.59785664,0.61071377,0.56999952,0.57642809,5270071.07595947,NaN,NaN,NaN,NaN,NaN,NaN,NaN
1545094800,0.56571381,0.57642809,0.55714239,0.56357096,4223803.53391562,NaN,NaN,NaN,NaN,NaN,NaN,NaN
1545181200,0.56357096,0.5807138,0.56357096,0.57857094,1721534.77368409,NaN,NaN,NaN,NaN,NaN,NaN,NaN
1545267600,0.57428523,0.57428523,0.56785667,0.57214238,2191935.16725242,NaN,NaN,NaN,NaN,NaN,NaN,NaN
1545354000,0.56785667,0.5999995,0.56357096,0.58928522,4063270.06626929,NaN,NaN,NaN,NaN,NaN,NaN,NaN
1545613200,0.58285666,0.59357093,0.5807138,0.59142808,768600.64306254,NaN,NaN,NaN,NaN,NaN,NaN,NaN
1545786000,0.58714237,0.58714237,0.57428523,0.58285666,1330467.77982471,NaN,NaN,NaN,NaN,NaN,NaN,NaN
1545872400,0.59142808,0.59571379,0.57857094,0.57857094,1540001.28846774,NaN,NaN,NaN,NaN,NaN,NaN,NaN
1545958800,0.58928522,0.58928522,0.57857094,0.58285666,1365001.14205096,NaN,NaN,NaN,NaN,NaN,NaN,NaN
1546218000,0.58285666,0.59357093,0.57428523,0.58928522,982334.15521958,2229757737.49616,1784150000,1117009000,62861000,663370000,667141000,0.728000727479996
1546390800,0.58285666,0.58928522,0.57428523,0.57642809,1365467.80910807,NaN,NaN,NaN,NaN,NaN,NaN,NaN
1546477200,0.57857094,0.58499951,0.57428523,0.5807138,1417734.51950455,NaN,NaN,NaN,NaN,NaN,NaN,NaN
1546563600,0.57428523,0.57642809,0.56571381,0.57642809,1127467.60998123,NaN,NaN,NaN,NaN,NaN,NaN,NaN
1546822800,0.57857094,0.59571379,0.57214238,0.58714237,1680934.7397154,NaN,NaN,NaN,NaN,NaN,NaN,NaN
1546909200,0.58499951,0.61499949,0.58499951,0.61285663,7364006.16121849,NaN,NaN,NaN,NaN,NaN,NaN,NaN
1546995600,0.62357091,0.63428518,0.62142805,0.62571376,3407602.85102772,NaN,NaN,NaN,NaN,NaN,NaN,NaN
1547082000,0.62999947,0.63857089,0.61499949,0.62142805,1714534.76782742,NaN,NaN,NaN,NaN,NaN,NaN,NaN
1547168400,0.62142805,0.62785662,0.61714234,0.62357091,1160600.97103615,NaN,NaN,NaN,NaN,NaN,NaN,NaN
1547427600,0.62357091,0.63857089,0.61714234,0.62785662,2247468.54704868,NaN,NaN,NaN,NaN,NaN,NaN,NaN
1547514000,0.62785662,0.63214233,0.61714234,0.6192852,1039734.20324428,NaN,NaN,NaN,NaN,NaN,NaN,NaN
1547600400,0.62142805,0.62999947,0.61714234,0.62571376,794267.33120367,NaN,NaN,NaN,NaN,NaN,NaN,NaN
1547686800,0.62571376,0.62999947,0.62357091,0.62571376,2454202.05334905,NaN,NaN,NaN,NaN,NaN,NaN,NaN
1547773200,0.62571376,0.62999947,0.62357091,0.62999947,1170400.97923549,NaN,NaN,NaN,NaN,NaN,NaN,NaN
1548118800,0.63214233,0.64928517,0.62571376,0.62571376,5941138.30408572,NaN,NaN,NaN,NaN,NaN,NaN,NaN
1548205200,0.62571376,0.63214233,0.62142805,0.62999947,1312734.43165447,NaN,NaN,NaN,NaN,NaN,NaN,NaN
1548291600,0.63214233,0.6621423,0.63214233,0.65999945,10502808.78735002,NaN,NaN,NaN,NaN,NaN,NaN,NaN
1548378000,0.65999945,0.66857087,0.65142803,0.65999945,4124870.117808,NaN,NaN,NaN,NaN,NaN,NaN,NaN
1548637200,0.66428516,0.67285658,0.6621423,0.67285658,3486469.58367955,NaN,NaN,NaN,NaN,NaN,NaN,NaN
1548723600,0.67071372,0.69428513,0.67071372,0.68999942,9630608.05760874,NaN,NaN,NaN,NaN,NaN,NaN,NaN
1548810000,0.69428513,0.69857084,0.68571371,0.68999942,3456602.89202442,NaN,NaN,NaN,NaN,NaN,NaN,NaN
1548896400,0.68571371,0.72642796,0.68571371,0.72642796,8838207.39463352,NaN,NaN,NaN,NaN,NaN,NaN,NaN
1549242000,0.73071367,0.75214223,0.73071367,0.74142795,4625137.20303146,NaN,NaN,NaN,NaN,NaN,NaN,NaN
1549501200,0.74999937,0.76928507,0.7392851,0.74999937,2521402.1095731,NaN,NaN,NaN,NaN,NaN,NaN,NaN
1549587600,0.74571366,0.74571366,0.7199994,0.72857082,1827934.8627055,NaN,NaN,NaN,NaN,NaN,NaN,NaN
1549846800,0.72428511,0.74999937,0.71357083,0.73714224,2713668.93710301,NaN,NaN,NaN,NaN,NaN,NaN,NaN
1549933200,0.72428511,0.74785652,0.72428511,0.7392851,3346936.13360323,NaN,NaN,NaN,NaN,NaN,NaN,NaN
1550019600,0.73499939,0.74571366,0.73499939,0.73714224,1088734.24424098,NaN,NaN,NaN,NaN,NaN,NaN,NaN
1550106000,0.7392851,0.74142795,0.73499939,0.7392851,2748668.96638637,NaN,NaN,NaN,NaN,NaN,NaN,NaN
1550192400,0.7392851,0.7392851,0.72857082,0.7392851,1414001.18304766,NaN,NaN,NaN,NaN,NaN,NaN,NaN
1550451600,0.73714224,0.7628565,0.73499939,0.74999937,3041269.21119524,NaN,NaN,NaN,NaN,NaN,NaN,NaN
1550538000,0.77142793,0.77142793,0.71785654,0.71785654,15213346.06183287,NaN,NaN,NaN,NaN,NaN,NaN,NaN
1550624400,0.72214225,0.76499936,0.71785654,0.7628565,15342146.16959563,NaN,NaN,NaN,NaN,NaN,NaN,NaN
1550710800,0.76499936,0.79714219,0.75642794,0.79285648,9927874.97298873,NaN,NaN,NaN,NaN,NaN,NaN,NaN
1550797200,0.79714219,0.82285645,0.79714219,0.81428503,13898744.96194995,NaN,NaN,NaN,NaN,NaN,NaN,NaN
1551056400,0.81857074,0.82928502,0.80571361,0.81642789,3500002.92833578,NaN,NaN,NaN,NaN,NaN,NaN,NaN
1551142800,0.81428503,0.81428503,0.79928505,0.80571361,2910602.43520404,NaN,NaN,NaN,NaN,NaN,NaN,NaN
1551229200,0.80571361,0.83142788,0.80357076,0.81857074,4491670.42469759,NaN,NaN,NaN,NaN,NaN,NaN,NaN
1551315600,0.81857074,0.81857074,0.80785647,0.80999932,3421136.19568395,NaN,NaN,NaN,NaN,NaN,NaN,NaN
1551402000,0.80785647,0.81857074,0.80785647,0.81428503,2810269.01792508,NaN,NaN,NaN,NaN,NaN,NaN,NaN
1551661200,0.80999932,0.80999932,0.8014279,0.80357076,1138667.61935191,NaN,NaN,NaN,NaN,NaN,NaN,NaN
1551747600,0.79285648,0.79928505,0.78428506,0.79928505,1413534.51599055,NaN,NaN,NaN,NaN,NaN,NaN,NaN
1551834000,0.79285648,0.79499933,0.79071362,0.79499933,1643134.70808937,NaN,NaN,NaN,NaN,NaN,NaN,NaN
1551920400,0.79285648,0.80357076,0.78642791,0.80357076,1154534.2992937,NaN,NaN,NaN,NaN,NaN,NaN,NaN
1552006800,0.79499933,0.79928505,0.78857077,0.79714219,1060267.55375719,NaN,NaN,NaN,NaN,NaN,NaN,NaN
1552266000,0.79714219,0.79714219,0.78642791,0.79285648,1479801.23810037,NaN,NaN,NaN,NaN,NaN,NaN,NaN
1552352400,0.79285648,0.79285648,0.7821422,0.78642791,1679534.73854406,NaN,NaN,NaN,NaN,NaN,NaN,NaN
1552438800,0.79071362,0.79928505,0.77999935,0.79928505,2281535.24221782,NaN,NaN,NaN,NaN,NaN,NaN,NaN
1552525200,0.79714219,0.80999932,0.78428506,0.8014279,2183535.16022442,NaN,NaN,NaN,NaN,NaN,NaN,NaN
1552611600,0.8014279,0.8014279,0.79285648,0.79928505,770000.64423387,NaN,NaN,NaN,NaN,NaN,NaN,NaN
1552870800,0.79928505,0.80571361,0.79285648,0.79499933,952000.79650733,NaN,NaN,NaN,NaN,NaN,NaN,NaN
1552957200,0.79285648,0.79499933,0.78857077,0.79285648,1216601.01788952,NaN,NaN,NaN,NaN,NaN,NaN,NaN
1553043600,0.79071362,0.79285648,0.7821422,0.79285648,2896135.75643358,NaN,NaN,NaN,NaN,NaN,NaN,NaN
1553130000,0.79714219,0.79928505,0.78857077,0.79928505,544133.78859194,NaN,NaN,NaN,NaN,NaN,NaN,NaN
1553216400,0.79499933,0.79499933,0.78857077,0.79071362,425600.35608563,NaN,NaN,NaN,NaN,NaN,NaN,NaN
1553475600,0.79071362,0.79071362,0.77571364,0.77785649,688800.57629648,NaN,NaN,NaN,NaN,NaN,NaN,NaN
1553562000,0.7821422,0.78428506,0.77142793,0.77571364,865200.72388461,NaN,NaN,NaN,NaN,NaN,NaN,NaN
1553648400,0.77571364,0.78428506,0.76499936,0.77142793,399933.6679445,NaN,NaN,NaN,NaN,NaN,NaN,NaN
1553734800,0.77142793,0.77142793,0.75857079,0.75857079,976734.15053424,NaN,NaN,NaN,NaN,NaN,NaN,NaN
1553821200,0.76071365,0.76928507,0.7392851,0.76071365,1897001.58715799,2229757737.49616,1777578000,1071362000.0000001,71781000,648074000,706216000,0.98591647816901
1554080400,0.77785649,0.77785649,0.74785652,0.74999937,1264667.724772,NaN,NaN,NaN,NaN,NaN,NaN,NaN
1554166800,0.74999937,0.7628565,0.74999937,0.75857079,1053734.21495763,NaN,NaN,NaN,NaN,NaN,NaN,NaN
1554253200,0.76071365,0.80357076,0.76071365,0.79071362,2596068.83871093,NaN,NaN,NaN,NaN,NaN,NaN,NaN
1554339600,0.79499933,0.79714219,0.78428506,0.79499933,317333.59883578,NaN,NaN,NaN,NaN,NaN,NaN,NaN
1554426000,0.79499933,0.79499933,0.78642791,0.79071362,170333.47584567,NaN,NaN,NaN,NaN,NaN,NaN,NaN
1554685200,0.79285648,0.79285648,0.77999935,0.79071362,678067.23398292,NaN,NaN,NaN,NaN,NaN,NaN,NaN
1554771600,0.79071362,0.79071362,0.77785649,0.78857077,273000.22841019,NaN,NaN,NaN,NaN,NaN,NaN,NaN
1554858000,0.7821422,0.78428506,0.77785649,0.77785649,126466.7724772,NaN,NaN,NaN,NaN,NaN,NaN,NaN
1554944400,0.77785649,0.7821422,0.77571364,0.7821422,104066.75373585,NaN,NaN,NaN,NaN,NaN,NaN,NaN
1555030800,0.77785649,0.80999932,0.77785649,0.80357076,1959068.30575382,NaN,NaN,NaN,NaN,NaN,NaN,NaN
1555290000,0.81214218,0.81428503,0.78642791,0.79285648,1046267.54204384,NaN,NaN,NaN,NaN,NaN,NaN,NaN
1555376400,0.79071362,0.79071362,0.78857077,0.79071362,42466.70219714,NaN,NaN,NaN,NaN,NaN,NaN,NaN
1555462800,0.78642791,0.79499933,0.7821422,0.79285648,3123869.28030396,NaN,NaN,NaN,NaN,NaN,NaN,NaN
1555549200,0.78642791,0.79285648,0.78428506,0.79071362,285133.57189509,NaN,NaN,NaN,NaN,NaN,NaN,NaN
1555635600,0.78857077,0.79285648,0.78857077,0.79285648,2714602.27121723,NaN,NaN,NaN,NaN,NaN,NaN,NaN
1555894800,0.79285648,0.8828564,0.79285648,0.87428498,5514604.61388586,NaN,NaN,NaN,NaN,NaN,NaN,NaN
1555981200,0.87428498,0.88499926,0.85071357,0.87642784,2402868.67706679,NaN,NaN,NaN,NaN,NaN,NaN,NaN
1556067600,0.87642784,0.87642784,0.85285643,0.86357071,2425735.36286525,NaN,NaN,NaN,NaN,NaN,NaN,NaN
1556154000,0.86357071,0.86357071,0.84428501,0.85714214,561400.46970506,NaN,NaN,NaN,NaN,NaN,NaN,NaN
1556240400,0.85285643,0.85714214,0.84642786,0.85714214,1623534.69169069,NaN,NaN,NaN,NaN,NaN,NaN,NaN
1556499600,0.84642786,0.87642784,0.84642786,0.859285,950134.12827889,NaN,NaN,NaN,NaN,NaN,NaN,NaN
1556586000,0.86571356,0.90857067,0.85714214,0.88928497,4943870.80303857,NaN,NaN,NaN,NaN,NaN,NaN,NaN
1556758800,0.89142783,0.89785639,0.8828564,0.88928497,1816734.85333483,NaN,NaN,NaN,NaN,NaN,NaN,NaN
1556845200,0.89785639,0.89785639,0.8828564,0.88928497,1155467.63340792,NaN,NaN,NaN,NaN,NaN,NaN,NaN
1557104400,0.88928497,0.88928497,0.84857072,0.84857072,2560602.14237046,NaN,NaN,NaN,NaN,NaN,NaN,NaN
1557190800,0.86785642,0.86785642,0.859285,0.86357071,2616135.52216672,NaN,NaN,NaN,NaN,NaN,NaN,NaN
1557277200,0.86142785,0.86357071,0.84857072,0.86357071,1245534.37543043,NaN,NaN,NaN,NaN,NaN,NaN,NaN
1557363600,0.85714214,0.86357071,0.85499928,0.85714214,781200.65360455,NaN,NaN,NaN,NaN,NaN,NaN,NaN
1557450000,0.87857069,0.87857069,0.85499928,0.859285,737800.61729318,NaN,NaN,NaN,NaN,NaN,NaN,NaN
1557709200,0.85714214,0.85714214,0.83142788,0.83142788,1358001.13619428,NaN,NaN,NaN,NaN,NaN,NaN,NaN
1557795600,0.82928502,0.85285643,0.80999932,0.84857072,1341201.12213827,NaN,NaN,NaN,NaN,NaN,NaN,NaN
1557882000,0.85285643,0.86999927,0.84642786,0.85714214,2519068.77428754,NaN,NaN,NaN,NaN,NaN,NaN,NaN
1557968400,0.85714214,0.86142785,0.85285643,0.86142785,380800.31860293,NaN,NaN,NaN,NaN,NaN,NaN,NaN
1558054800,0.859285,0.859285,0.83571359,0.85499928,1302934.42345513,NaN,NaN,NaN,NaN,NaN,NaN,NaN
1558400400,0.85714214,0.85714214,0.84428501,0.85499928,459667.05125477,NaN,NaN,NaN,NaN,NaN,NaN,NaN
1558573200,0.84642786,0.85499928,0.84214215,0.84214215,535733.78156393,NaN,NaN,NaN,NaN,NaN,NaN,NaN
1558659600,0.83571359,0.85714214,0.82928502,0.85714214,760667.30309164,NaN,NaN,NaN,NaN,NaN,NaN,NaN
1558918800,0.88928497,0.88928497,0.8399993,0.86142785,1106467.59241122,NaN,NaN,NaN,NaN,NaN,NaN,NaN
1559005200,0.86142785,0.87857069,0.86142785,0.86571356,3298402.75966364,NaN,NaN,NaN,NaN,NaN,NaN,NaN
1559091600,0.86357071,0.86357071,0.84642786,0.85499928,1511067.93092684,NaN,NaN,NaN,NaN,NaN,NaN,NaN
1559178000,0.8399993,0.85071357,0.82499931,0.83357073,2302068.59273072,NaN,NaN,NaN,NaN,NaN,NaN,NaN
1559264400,0.83357073,0.8399993,0.80357076,0.81214218,2397268.67238146,NaN,NaN,NaN,NaN,NaN,NaN,NaN
1559523600,0.8014279,0.81214218,0.77999935,0.79285648,2295535.25393116,NaN,NaN,NaN,NaN,NaN,NaN,NaN
1559610000,0.79285648,0.80357076,0.78642791,0.78642791,719600.60206584,NaN,NaN,NaN,NaN,NaN,NaN,NaN
1559869200,0.79714219,0.82285645,0.79285648,0.80571361,3416469.52511284,NaN,NaN,NaN,NaN,NaN,NaN,NaN
1560128400,0.8207136,0.8207136,0.78642791,0.79928505,2935802.45628806,NaN,NaN,NaN,NaN,NaN,NaN,NaN
1560214800,0.79928505,0.80785647,0.79071362,0.80785647,722400.60440851,NaN,NaN,NaN,NaN,NaN,NaN,NaN
1560301200,0.80785647,0.80785647,0.79499933,0.79928505,2157401.80502618,NaN,NaN,NaN,NaN,NaN,NaN,NaN
1560387600,0.80571361,0.80571361,0.7821422,0.79071362,3192936.00475646,NaN,NaN,NaN,NaN,NaN,NaN,NaN
1560474000,0.79285648,0.79285648,0.77357078,0.77571364,2559202.14119913,NaN,NaN,NaN,NaN,NaN,NaN,NaN
1560733200,0.77785649,0.77999935,0.75214223,0.76071365,1954401.6351827,NaN,NaN,NaN,NaN,NaN,NaN,NaN
1560819600,0.76071365,0.76928507,0.75428508,0.75857079,1677668.07031562,NaN,NaN,NaN,NaN,NaN,NaN,NaN
1560906000,0.7628565,0.76928507,0.75857079,0.76071365,1916134.93649956,NaN,NaN,NaN,NaN,NaN,NaN,NaN
1560992400,0.76071365,0.7628565,0.75428508,0.76071365,961800.80470667,NaN,NaN,NaN,NaN,NaN,NaN,NaN
1561078800,0.76071365,0.76071365,0.73285653,0.74357081,4009136.68764436,NaN,NaN,NaN,NaN,NaN,NaN,NaN
1561338000,0.74357081,0.74357081,0.71785654,0.72857082,3448202.88499641,NaN,NaN,NaN,NaN,NaN,NaN,NaN
1561424400,0.72428511,0.74571366,0.72214225,0.74357081,1721068.10662698,NaN,NaN,NaN,NaN,NaN,NaN,NaN
1561510800,0.74785652,0.74785652,0.73499939,0.7392851,2367401.98072632,NaN,NaN,NaN,NaN,NaN,NaN,NaN
1561597200,0.7392851,0.7392851,0.72214225,0.72857082,1569867.98012288,NaN,NaN,NaN,NaN,NaN,NaN,NaN
1561683600,0.72857082,0.72857082,0.7199994,0.72428511,465733.72299721,2229757737.49616,1804339000,1032648999.9999999,80398000,753061000,771690000,0.886391418301775
1561942800,0.7199994,0.78428506,0.7199994,0.77142793,4839337.38224561,NaN,NaN,NaN,NaN,NaN,NaN,NaN
1562029200,0.76928507,0.78428506,0.76071365,0.76499936,2653468.88673564,NaN,NaN,NaN,NaN,NaN,NaN,NaN
1562115600,0.76071365,0.76499936,0.73499939,0.7392851,1578734.65420799,NaN,NaN,NaN,NaN,NaN,NaN,NaN
1562202000,0.74142795,0.74571366,0.73714224,0.74357081,896934.08376818,NaN,NaN,NaN,NaN,NaN,NaN,NaN
1562288400,0.7392851,0.74357081,0.72428511,0.73499939,1635201.36811848,NaN,NaN,NaN,NaN,NaN,NaN,NaN
1562547600,0.73499939,0.7392851,0.72642796,0.73071367,630467.19415755,NaN,NaN,NaN,NaN,NaN,NaN,NaN
1562634000,0.73071367,0.73499939,0.72642796,0.72642796,661267.21992691,NaN,NaN,NaN,NaN,NaN,NaN,NaN
1562720400,0.72642796,0.73285653,0.72428511,0.73071367,896934.08376818,NaN,NaN,NaN,NaN,NaN,NaN,NaN
1562806800,0.73071367,0.73499939,0.7199994,0.73071367,1429867.86298945,NaN,NaN,NaN,NaN,NaN,NaN,NaN
1562893200,0.73071367,0.73499939,0.72428511,0.73071367,317800.26589289,NaN,NaN,NaN,NaN,NaN,NaN,NaN
1563152400,0.72642796,0.73071367,0.71357083,0.72857082,4554670.47740763,NaN,NaN,NaN,NaN,NaN,NaN,NaN
1563238800,0.72857082,0.74999937,0.7199994,0.74999937,5153404.31168161,NaN,NaN,NaN,NaN,NaN,NaN,NaN
1563325200,0.74999937,0.79071362,0.7392851,0.78857077,10212541.8778267,NaN,NaN,NaN,NaN,NaN,NaN,NaN
1563411600,0.79285648,0.79285648,0.77357078,0.77357078,1435001.20061767,NaN,NaN,NaN,NaN,NaN,NaN,NaN
1563498000,0.7628565,0.8014279,0.76071365,0.79285648,2655335.55496408,NaN,NaN,NaN,NaN,NaN,NaN,NaN
1563757200,0.79714219,0.79928505,0.78642791,0.79071362,1871801.56607398,NaN,NaN,NaN,NaN,NaN,NaN,NaN
1563843600,0.79071362,0.79071362,0.77785649,0.78642791,1190467.66269128,NaN,NaN,NaN,NaN,NaN,NaN,NaN
1563930000,0.78857077,0.80999932,0.78857077,0.79499933,4145403.4683209,NaN,NaN,NaN,NaN,NaN,NaN,NaN
1564016400,0.80357076,0.80571361,0.77785649,0.78642791,918867.43545242,NaN,NaN,NaN,NaN,NaN,NaN,NaN
1564102800,0.8014279,0.8014279,0.77785649,0.79285648,993534.16459025,NaN,NaN,NaN,NaN,NaN,NaN,NaN
1564362000,0.79285648,0.79285648,0.77142793,0.78642791,2548468.79888556,NaN,NaN,NaN,NaN,NaN,NaN,NaN
1564534800,0.79071362,0.79071362,0.76499936,0.77357078,1460667.8887588,NaN,NaN,NaN,NaN,NaN,NaN,NaN
1564621200,0.76928507,0.77785649,0.76071365,0.7628565,1312267.76459736,NaN,NaN,NaN,NaN,NaN,NaN,NaN
1564707600,0.74999937,0.76928507,0.73714224,0.74357081,1530667.94732552,NaN,NaN,NaN,NaN,NaN,NaN,NaN
1564966800,0.74357081,0.74571366,0.72428511,0.73071367,2315601.93738695,NaN,NaN,NaN,NaN,NaN,NaN,NaN
1565053200,0.72428511,0.74357081,0.71142798,0.74357081,6763872.32577318,NaN,NaN,NaN,NaN,NaN,NaN,NaN
1565139600,0.74142795,0.74785652,0.72857082,0.74357081,1884401.57661599,NaN,NaN,NaN,NaN,NaN,NaN,NaN
1565226000,0.7392851,0.75642794,0.7392851,0.75214223,1755601.46885323,NaN,NaN,NaN,NaN,NaN,NaN,NaN
1565312400,0.76071365,0.7821422,0.75857079,0.77785649,2923669.11280316,NaN,NaN,NaN,NaN,NaN,NaN,NaN
1565658000,0.77357078,0.77357078,0.7392851,0.74785652,1045800.87498673,NaN,NaN,NaN,NaN,NaN,NaN,NaN
1565744400,0.75428508,0.77142793,0.73285653,0.74357081,2299735.25744517,NaN,NaN,NaN,NaN,NaN,NaN,NaN
1565830800,0.73285653,0.74142795,0.72642796,0.73285653,1830734.86504817,NaN,NaN,NaN,NaN,NaN,NaN,NaN
1565917200,0.73285653,0.73499939,0.72857082,0.73071367,2196135.17076643,NaN,NaN,NaN,NaN,NaN,NaN,NaN
1566176400,0.74357081,0.7628565,0.74142795,0.75642794,4510803.77403916,NaN,NaN,NaN,NaN,NaN,NaN,NaN
1566262800,0.7821422,0.859285,0.7821422,0.83785644,21574951.38437599,NaN,NaN,NaN,NaN,NaN,NaN,NaN
1566349200,0.85285643,0.86571356,0.83785644,0.8399993,8092473.43736944,NaN,NaN,NaN,NaN,NaN,NaN,NaN
1566435600,0.84642786,0.85285643,0.83357073,0.84642786,3242869.37986738,NaN,NaN,NaN,NaN,NaN,NaN,NaN
1566522000,0.84642786,0.87214213,0.84642786,0.859285,9037474.2280201,NaN,NaN,NaN,NaN,NaN,NaN,NaN
1566781200,0.84642786,0.85714214,0.83357073,0.85071357,5635471.38167772,NaN,NaN,NaN,NaN,NaN,NaN,NaN
1566867600,0.85499928,0.85499928,0.84214215,0.84857072,3162602.64604421,NaN,NaN,NaN,NaN,NaN,NaN,NaN
1566954000,0.84642786,0.84857072,0.83571359,0.84642786,1819534.8556775,NaN,NaN,NaN,NaN,NaN,NaN,NaN
1567040400,0.85285643,0.85285643,0.82714217,0.84642786,1943201.62581203,NaN,NaN,NaN,NaN,NaN,NaN,NaN
1567126800,0.84428501,0.84642786,0.8399993,0.84642786,2095335.08643036,NaN,NaN,NaN,NaN,NaN,NaN,NaN
1567472400,0.84642786,0.86142785,0.83785644,0.84428501,4942004.13481013,NaN,NaN,NaN,NaN,NaN,NaN,NaN
1567558800,0.84428501,0.84642786,0.83571359,0.83785644,3243336.04692449,NaN,NaN,NaN,NaN,NaN,NaN,NaN
1567645200,0.83785644,0.8399993,0.83142788,0.83785644,2072935.06768901,NaN,NaN,NaN,NaN,NaN,NaN,NaN
1567731600,0.83785644,0.85285643,0.83357073,0.84642786,3027269.1994819,NaN,NaN,NaN,NaN,NaN,NaN,NaN
1568077200,0.84857072,0.85499928,0.8399993,0.8399993,1606268.01057757,NaN,NaN,NaN,NaN,NaN,NaN,NaN
1568163600,0.84214215,0.84428501,0.83357073,0.84214215,1911468.26592845,NaN,NaN,NaN,NaN,NaN,NaN,NaN
1568250000,0.8399993,0.84642786,0.83142788,0.83571359,2016468.35377852,NaN,NaN,NaN,NaN,NaN,NaN,NaN
1568336400,0.83571359,0.85071357,0.83142788,0.85071357,2008068.34675052,NaN,NaN,NaN,NaN,NaN,NaN,NaN
1568682000,0.85499928,0.89142783,0.85285643,0.86571356,12576677.18915325,NaN,NaN,NaN,NaN,NaN,NaN,NaN
1568768400,0.87214213,0.88499926,0.85714214,0.86785642,5060537.56731643,NaN,NaN,NaN,NaN,NaN,NaN,NaN
1568854800,0.86785642,0.87428498,0.85714214,0.86357071,2775268.98864172,NaN,NaN,NaN,NaN,NaN,NaN,NaN
1568941200,0.859285,0.86571356,0.85714214,0.85714214,3709069.76992171,NaN,NaN,NaN,NaN,NaN,NaN,NaN
1569200400,0.859285,0.87214213,0.85499928,0.86785642,4054403.39218417,NaN,NaN,NaN,NaN,NaN,NaN,NaN
1569286800,0.86785642,0.87214213,0.86357071,0.86999927,1674401.40091584,NaN,NaN,NaN,NaN,NaN,NaN,NaN
1569373200,0.87214213,0.87428498,0.859285,0.86785642,1913334.9341569,NaN,NaN,NaN,NaN,NaN,NaN,NaN
1569459600,0.86571356,0.86785642,0.86357071,0.86785642,882000.73794062,NaN,NaN,NaN,NaN,NaN,NaN,NaN
1569546000,0.86357071,0.86785642,0.85714214,0.86785642,1540934.62258197,NaN,NaN,NaN,NaN,NaN,NaN,NaN
1569805200,0.86357071,0.86357071,0.84642786,0.85285643,3396869.50871416,2229757737.49616,2038317000,1214456000,78946000,744608000,823861000,1.25578014935426
1569891600,0.85285643,0.86142785,0.85285643,0.85714214,1303401.09051225,NaN,NaN,NaN,NaN,NaN,NaN,NaN
1569978000,0.85714214,0.90428496,0.85499928,0.89357068,4499137.09761137,NaN,NaN,NaN,NaN,NaN,NaN,NaN
1570064400,0.88499926,0.93857064,0.8828564,0.93428493,8453207.07251659,NaN,NaN,NaN,NaN,NaN,NaN,NaN
1570150800,0.93214208,0.97071347,0.93214208,0.97071347,7382206.17644583,NaN,NaN,NaN,NaN,NaN,NaN,NaN
1570410000,0.98142775,0.99857059,0.98142775,0.99428488,4709137.27331152,NaN,NaN,NaN,NaN,NaN,NaN,NaN
1570496400,1.0028563,1.01142773,0.97928489,0.99642774,4737603.96379532,NaN,NaN,NaN,NaN,NaN,NaN,NaN
1570582800,1.0028563,1.0028563,0.97928489,0.97928489,2887269.08234847,NaN,NaN,NaN,NaN,NaN,NaN,NaN
1570669200,0.98357061,0.98571346,0.93857064,0.93857064,5109537.60831313,NaN,NaN,NaN,NaN,NaN,NaN,NaN
1570755600,0.94714206,1.00499916,0.94285635,1.00071345,5733938.13072824,NaN,NaN,NaN,NaN,NaN,NaN,NaN
1571014800,1.0028563,1.0028563,0.97071347,0.97714204,2113535.1016577,NaN,NaN,NaN,NaN,NaN,NaN,NaN
1571101200,0.98571346,1.00714201,0.98571346,0.99642774,2345935.2960992,NaN,NaN,NaN,NaN,NaN,NaN,NaN
1571187600,0.99857059,1.00499916,0.97499918,0.98142775,2317935.27267251,NaN,NaN,NaN,NaN,NaN,NaN,NaN
1571274000,0.98571346,1.02642771,0.98571346,1.02428486,7265072.74511086,NaN,NaN,NaN,NaN,NaN,NaN,NaN
1571360400,1.02857057,1.06285625,1.02857057,1.05428483,6525872.12664635,NaN,NaN,NaN,NaN,NaN,NaN,NaN
1571619600,1.05642769,1.07785624,1.03714199,1.03928484,16801414.05718309,NaN,NaN,NaN,NaN,NaN,NaN,NaN
1571706000,1.03928484,1.05857054,1.01785629,1.03071342,4580803.83260587,NaN,NaN,NaN,NaN,NaN,NaN,NaN
1571792400,1.0414277,1.0414277,1.01785629,1.02857057,1499867.92155616,NaN,NaN,NaN,NaN,NaN,NaN,NaN
1571878800,1.0414277,1.05642769,1.03071342,1.0414277,3614803.0243852,NaN,NaN,NaN,NaN,NaN,NaN,NaN
1571965200,1.04999912,1.04999912,1.03714199,1.04571341,1747668.12888233,NaN,NaN,NaN,NaN,NaN,NaN,NaN
1572310800,1.04785627,1.0607134,1.04785627,1.0607134,3549002.96933248,NaN,NaN,NaN,NaN,NaN,NaN,NaN
1572397200,1.05857054,1.06714196,1.04571341,1.04999912,4236403.54445763,NaN,NaN,NaN,NaN,NaN,NaN,NaN
1572483600,1.04999912,1.05857054,1.04785627,1.04999912,4684403.91928461,NaN,NaN,NaN,NaN,NaN,NaN,NaN
1572570000,1.05214198,1.06714196,1.04571341,1.04785627,6520272.12196101,NaN,NaN,NaN,NaN,NaN,NaN,NaN
1572829200,0.99428488,1.00714201,0.96857062,0.98571346,10210441.8760697,NaN,NaN,NaN,NaN,NaN,NaN,NaN
1572915600,0.98571346,0.98999917,0.97285633,0.98142775,4914004.11138344,NaN,NaN,NaN,NaN,NaN,NaN,NaN
1573002000,0.98571346,0.98571346,0.95142778,0.95571349,2910369.10167548,NaN,NaN,NaN,NaN,NaN,NaN,NaN
1573088400,0.95571349,1.01999915,0.94285635,0.98142775,7666406.4142267,NaN,NaN,NaN,NaN,NaN,NaN,NaN
1573174800,1.0028563,1.03714199,0.99857059,1.02428486,6489938.76324877,NaN,NaN,NaN,NaN,NaN,NaN,NaN
1573434000,1.02857057,1.03285628,1.0028563,1.01571344,3304936.0984632,NaN,NaN,NaN,NaN,NaN,NaN,NaN
1573520400,1.01999915,1.01999915,0.98999917,0.99857059,3044769.21412358,NaN,NaN,NaN,NaN,NaN,NaN,NaN
1573606800,0.99857059,1.01142773,0.98571346,1.0028563,4047636.71985606,NaN,NaN,NaN,NaN,NaN,NaN,NaN
1573693200,1.00714201,1.00714201,0.98999917,1.0028563,1425667.85947544,NaN,NaN,NaN,NaN,NaN,NaN,NaN
1573779600,0.99857059,1.03714199,0.99857059,1.00714201,9345941.15277077,NaN,NaN,NaN,NaN,NaN,NaN,NaN
1574038800,1.02428486,1.08428481,1.02428486,1.07571339,6990439.18200078,NaN,NaN,NaN,NaN,NaN,NaN,NaN
1574125200,1.09285623,1.11428478,1.05428483,1.10999907,14692312.29256795,NaN,NaN,NaN,NaN,NaN,NaN,NaN
1574211600,1.11428478,1.23857039,1.11428478,1.22999897,18178315.20919039,NaN,NaN,NaN,NaN,NaN,NaN,NaN
1574298000,1.23428468,1.27714179,1.21285613,1.22999897,10705108.95660783,NaN,NaN,NaN,NaN,NaN,NaN,NaN
1574384400,1.22999897,1.25571324,1.19571329,1.21714184,7559306.32461963,NaN,NaN,NaN,NaN,NaN,NaN,NaN
1574643600,1.22142755,1.23857039,1.18714186,1.199999,5496171.26512996,NaN,NaN,NaN,NaN,NaN,NaN,NaN
1574730000,1.19142757,1.19571329,1.13142762,1.15714189,6015805.03322354,NaN,NaN,NaN,NaN,NaN,NaN,NaN
1574816400,1.14857047,1.17857044,1.13999905,1.16571331,5336104.46454074,NaN,NaN,NaN,NaN,NaN,NaN,NaN
1574902800,1.16571331,1.16571331,1.13999905,1.15714189,6097238.43468949,NaN,NaN,NaN,NaN,NaN,NaN,NaN
1574989200,1.17857044,1.17857044,1.14428476,1.15714189,6008105.02678121,NaN,NaN,NaN,NaN,NaN,NaN,NaN
1575248400,1.15714189,1.22999897,1.14857047,1.18714186,5922004.95474415,NaN,NaN,NaN,NaN,NaN,NaN,NaN
1575334800,1.18714186,1.18714186,1.1614276,1.17857044,5577604.6665959,NaN,NaN,NaN,NaN,NaN,NaN,NaN
1575421200,1.17428473,1.19571329,1.16571331,1.18285615,4084036.75031075,NaN,NaN,NaN,NaN,NaN,NaN,NaN
1575507600,1.18714186,1.23857039,1.18714186,1.22999897,7746673.14804987,NaN,NaN,NaN,NaN,NaN,NaN,NaN
1575594000,1.23428468,1.28571321,1.23428468,1.25571324,7003972.52665701,NaN,NaN,NaN,NaN,NaN,NaN,NaN
1575853200,1.26428466,1.28571321,1.22142755,1.25142752,3058769.22583692,NaN,NaN,NaN,NaN,NaN,NaN,NaN
1575939600,1.25142752,1.26857037,1.24714181,1.25142752,4689070.58985573,NaN,NaN,NaN,NaN,NaN,NaN,NaN
1576026000,1.25571324,1.25571324,1.22142755,1.22142755,2875602.40592068,NaN,NaN,NaN,NaN,NaN,NaN,NaN
1576112400,1.2428561,1.24714181,1.22142755,1.2428561,1785468.16050836,NaN,NaN,NaN,NaN,NaN,NaN,NaN
1576198800,1.2428561,1.25999895,1.22999897,1.24714181,1515501.26796939,NaN,NaN,NaN,NaN,NaN,NaN,NaN
1576458000,1.24714181,1.26428466,1.2428561,1.25571324,1922901.60882768,NaN,NaN,NaN,NaN,NaN,NaN,NaN
1576544400,1.24714181,1.2814275,1.2428561,1.25571324,3836936.54357024,NaN,NaN,NaN,NaN,NaN,NaN,NaN
1576630800,1.25999895,1.27285608,1.2428561,1.25142752,3113135.9379904,NaN,NaN,NaN,NaN,NaN,NaN,NaN
1576717200,1.25571324,1.26428466,1.22999897,1.23857039,1645001.37631782,NaN,NaN,NaN,NaN,NaN,NaN,NaN
1576803600,1.25999895,1.27714179,1.25571324,1.26857037,5985005.00745419,NaN,NaN,NaN,NaN,NaN,NaN,NaN
1577062800,1.2814275,1.31571318,1.2814275,1.28999892,8133540.13839525,NaN,NaN,NaN,NaN,NaN,NaN,NaN
1577149200,1.29857034,1.33714174,1.29428463,1.32857032,5193771.01212175,NaN,NaN,NaN,NaN,NaN,NaN,NaN
1577322000,1.34571316,1.35857029,1.33714174,1.34142745,5253971.06248912,NaN,NaN,NaN,NaN,NaN,NaN,NaN
1577408400,1.34999887,1.34999887,1.3199989,1.32857032,1257901.05244388,NaN,NaN,NaN,NaN,NaN,NaN,NaN
1577667600,1.33285603,1.34571316,1.31142747,1.31571318,1844501.54323296,NaN,NaN,NaN,NaN,NaN,NaN,NaN
1577754000,1.31571318,1.32428461,1.30714176,1.3199989,1676734.7362014,2352365575.64219,2041804000,1092182000,67911000,795887000,949622000,1.13636476948052
1577926800,1.3199989,1.32428461,1.31142747,1.3199989,1371534.48085052,NaN,NaN,NaN,NaN,NaN,NaN,NaN
1578013200,1.3199989,1.3199989,1.25999895,1.2814275,12069176.76454456,NaN,NaN,NaN,NaN,NaN,NaN,NaN
1578272400,1.27285608,1.27285608,1.25142752,1.25142752,3053169.22115158,NaN,NaN,NaN,NaN,NaN,NaN,NaN
1578358800,1.25142752,1.27285608,1.22142755,1.23857039,5769171.49354015,NaN,NaN,NaN,NaN,NaN,NaN,NaN
1578445200,1.22999897,1.22999897,1.15714189,1.19571329,33445561.31611963,NaN,NaN,NaN,NaN,NaN,NaN,NaN
1578531600,1.21714184,1.25999895,1.20428471,1.25142752,11391342.8640902,NaN,NaN,NaN,NaN,NaN,NaN,NaN
1578618000,1.25999895,1.26857037,1.2428561,1.25142752,2764068.97927105,NaN,NaN,NaN,NaN,NaN,NaN,NaN
1578877200,1.25142752,1.29428463,1.25142752,1.28571321,3842536.54825558,NaN,NaN,NaN,NaN,NaN,NaN,NaN
1578963600,1.29857034,1.31142747,1.2814275,1.28999892,6637405.55329598,NaN,NaN,NaN,NaN,NaN,NaN,NaN
1579050000,1.28999892,1.29428463,1.27714179,1.29428463,1510367.93034117,NaN,NaN,NaN,NaN,NaN,NaN,NaN
1579136400,1.28999892,1.33285603,1.28999892,1.3199989,5152704.31109594,NaN,NaN,NaN,NaN,NaN,NaN,NaN
1579222800,1.32428461,1.35857029,1.31571318,1.35428458,4662237.23407182,NaN,NaN,NaN,NaN,NaN,NaN,NaN
1579482000,1.34999887,1.38428456,1.33285603,1.36714171,5825871.54097919,NaN,NaN,NaN,NaN,NaN,NaN,NaN
1579568400,1.38428456,1.39714169,1.36714171,1.37142742,4212136.85748784,NaN,NaN,NaN,NaN,NaN,NaN,NaN
1579654800,1.37142742,1.37571313,1.33714174,1.34142745,2080868.4076599,NaN,NaN,NaN,NaN,NaN,NaN,NaN
1579741200,1.33714174,1.34142745,1.32857032,1.33714174,2634102.20386551,NaN,NaN,NaN,NaN,NaN,NaN,NaN
1579827600,1.34142745,1.35428458,1.33285603,1.34571316,1358234.46972284,NaN,NaN,NaN,NaN,NaN,NaN,NaN
1580173200,1.31571318,1.32428461,1.29428463,1.30285605,5860638.23673399,NaN,NaN,NaN,NaN,NaN,NaN,NaN
1580259600,1.30285605,1.34999887,1.30285605,1.34999887,3244969.38162438,NaN,NaN,NaN,NaN,NaN,NaN,NaN
1580346000,1.35428458,1.35857029,1.3199989,1.33285603,3818269.86128578,NaN,NaN,NaN,NaN,NaN,NaN,NaN
1580432400,1.32857032,1.33714174,1.28999892,1.28999892,7106405.94569297,NaN,NaN,NaN,NaN,NaN,NaN,NaN
1580691600,1.25571324,1.27285608,1.20857042,1.27285608,6461705.40629352,NaN,NaN,NaN,NaN,NaN,NaN,NaN
1580778000,1.2814275,1.33714174,1.2814275,1.32857032,3742903.13156229,NaN,NaN,NaN,NaN,NaN,NaN,NaN
1580864400,1.33714174,1.35428458,1.31571318,1.33285603,3075802.57342149,NaN,NaN,NaN,NaN,NaN,NaN,NaN
1580950800,1.33285603,1.34999887,1.32428461,1.34142745,1975168.31922416,NaN,NaN,NaN,NaN,NaN,NaN,NaN
1581037200,1.34142745,1.34142745,1.29857034,1.3199989,3955936.64313366,NaN,NaN,NaN,NaN,NaN,NaN,NaN
1581296400,1.30714176,1.33285603,1.29857034,1.30714176,2261701.89229058,NaN,NaN,NaN,NaN,NaN,NaN,NaN
1581382800,1.31142747,1.34142745,1.28999892,1.3199989,3127835.95028941,NaN,NaN,NaN,NaN,NaN,NaN,NaN
1581469200,1.32428461,1.33714174,1.31142747,1.32857032,1601368.0064779,NaN,NaN,NaN,NaN,NaN,NaN,NaN
1581555600,1.32857032,1.33285603,1.31571318,1.31571318,1776134.81936613,NaN,NaN,NaN,NaN,NaN,NaN,NaN
1581642000,1.31571318,1.32857032,1.31142747,1.31571318,1629368.02990459,NaN,NaN,NaN,NaN,NaN,NaN,NaN
1581901200,1.3199989,1.32857032,1.31142747,1.32428461,1771001.48173791,NaN,NaN,NaN,NaN,NaN,NaN,NaN
1581987600,1.33285603,1.35857029,1.31142747,1.34142745,6304671.94157552,NaN,NaN,NaN,NaN,NaN,NaN,NaN
1582074000,1.35857029,1.38428456,1.34571316,1.34999887,6500905.43909088,NaN,NaN,NaN,NaN,NaN,NaN,NaN
1582160400,1.35428458,1.35428458,1.33285603,1.33714174,1800868.17339304,NaN,NaN,NaN,NaN,NaN,NaN,NaN
1582246800,1.34142745,1.37142742,1.31142747,1.3199989,10348575.32497469,NaN,NaN,NaN,NaN,NaN,NaN,NaN
1582506000,1.30714176,1.30714176,1.26857037,1.2814275,8560073.8285951,NaN,NaN,NaN,NaN,NaN,NaN,NaN
1582592400,1.22999897,1.27714179,1.21285613,1.27714179,16565513.85981326,NaN,NaN,NaN,NaN,NaN,NaN,NaN
1582678800,1.26428466,1.26428466,1.22142755,1.22142755,5808138.19280896,NaN,NaN,NaN,NaN,NaN,NaN,NaN
1582765200,1.22571326,1.23857039,1.1614276,1.17428473,5623804.70524994,NaN,NaN,NaN,NaN,NaN,NaN,NaN
1582851600,1.15714189,1.16999902,0.97714204,1.07571339,10925375.80756443,NaN,NaN,NaN,NaN,NaN,NaN,NaN
1583110800,1.07142768,1.14428476,1.03714199,1.12714191,8823040.7152774,NaN,NaN,NaN,NaN,NaN,NaN,NaN
1583197200,1.16571331,1.19142757,1.11857049,1.13142762,6868405.74656614,NaN,NaN,NaN,NaN,NaN,NaN,NaN
1583283600,1.12714191,1.14857047,1.10571336,1.12714191,2925769.11456016,NaN,NaN,NaN,NaN,NaN,NaN,NaN
1583370000,1.12714191,1.15285618,1.11428478,1.12714191,1400001.17133431,NaN,NaN,NaN,NaN,NaN,NaN,NaN
1583456400,1.13571334,1.13571334,1.07142768,1.07571339,4792904.01006302,NaN,NaN,NaN,NaN,NaN,NaN,NaN
1583715600,1.04999912,1.04999912,0.95571349,0.96428491,13949611.6711751,NaN,NaN,NaN,NaN,NaN,NaN,NaN
1583802000,0.91285638,0.98571346,0.91285638,0.9599992,10710475.62776461,NaN,NaN,NaN,NaN,NaN,NaN,NaN
1583888400,0.97714204,0.98999917,0.95571349,0.9599992,5162270.98576673,NaN,NaN,NaN,NaN,NaN,NaN,NaN
1583974800,0.95142778,0.95571349,0.91714209,0.93428493,11390409.52997597,NaN,NaN,NaN,NaN,NaN,NaN,NaN
1584061200,0.89142783,0.89142783,0.80571361,0.83571359,24318953.68019124,NaN,NaN,NaN,NaN,NaN,NaN,NaN
1584320400,0.79285648,0.85285643,0.7628565,0.78857077,14201845.21554383,NaN,NaN,NaN,NaN,NaN,NaN,NaN
1584406800,0.74999937,0.81857074,0.69857084,0.75857079,9836174.89626633,NaN,NaN,NaN,NaN,NaN,NaN,NaN
1584493200,0.77142793,0.77999935,0.64285661,0.7628565,14526645.48729339,NaN,NaN,NaN,NaN,NaN,NaN,NaN
1584579600,0.74571366,0.74999937,0.64714232,0.66857087,4903737.43612699,NaN,NaN,NaN,NaN,NaN,NaN,NaN
1584666000,0.68571371,0.7628565,0.67285658,0.75857079,8648273.90238917,NaN,NaN,NaN,NaN,NaN,NaN,NaN
1584925200,0.71571369,0.73714224,0.68571371,0.71142798,4479303.74768414,NaN,NaN,NaN,NaN,NaN,NaN,NaN
1585011600,0.74999937,0.81428503,0.73714224,0.81428503,5375071.16380954,NaN,NaN,NaN,NaN,NaN,NaN,NaN
1585098000,0.86142785,0.91285638,0.77142793,0.86571356,10964809.17389034,NaN,NaN,NaN,NaN,NaN,NaN,NaN
1585184400,0.86142785,0.8828564,0.85285643,0.8828564,3794469.8413731,NaN,NaN,NaN,NaN,NaN,NaN,NaN
1585270800,0.89999925,0.91285638,0.87857069,0.8828564,6852305.7330958,NaN,NaN,NaN,NaN,NaN,NaN,NaN
1585530000,0.84857072,0.86999927,0.83571359,0.84857072,6177505.16851266,NaN,NaN,NaN,NaN,NaN,NaN,NaN
1585616400,0.87428498,0.89999925,0.84857072,0.85714214,7125772.6285631,2354294614.23238,2121034000,1072165999.9999999,90759000,909382000,1048867999.9999999,1.87600187064
1585702800,0.84428501,0.89999925,0.8399993,0.87428498,6555972.15183003,NaN,NaN,NaN,NaN,NaN,NaN,NaN
1585789200,0.87428498,0.89571354,0.85714214,0.88714211,2423402.0275797,NaN,NaN,NaN,NaN,NaN,NaN,NaN
1585875600,0.89571354,0.89999925,0.87428498,0.89571354,2147368.46329828,NaN,NaN,NaN,NaN,NaN,NaN,NaN
1586134800,0.89571354,0.92571351,0.8828564,0.90857067,3405036.18221361,NaN,NaN,NaN,NaN,NaN,NaN,NaN
1586221200,0.92999922,0.97285633,0.92999922,0.9599992,10757375.66700431,NaN,NaN,NaN,NaN,NaN,NaN,NaN
1586307600,0.96428491,0.97285633,0.93857064,0.95571349,3212769.35468369,NaN,NaN,NaN,NaN,NaN,NaN,NaN
1586394000,0.97714204,0.97714204,0.95142778,0.95571349,3091669.25336328,NaN,NaN,NaN,NaN,NaN,NaN,NaN
1586480400,0.96857062,0.96857062,0.90857067,0.91714209,3204369.34765569,NaN,NaN,NaN,NaN,NaN,NaN,NaN
1586739600,0.92571351,0.96857062,0.91714209,0.94285635,5488471.25868762,NaN,NaN,NaN,NaN,NaN,NaN,NaN
1586826000,0.94285635,0.96428491,0.93857064,0.94285635,3306336.09963454,NaN,NaN,NaN,NaN,NaN,NaN,NaN
1586912400,0.95142778,0.9599992,0.93857064,0.94285635,3318236.10959088,NaN,NaN,NaN,NaN,NaN,NaN,NaN
1586998800,0.93428493,0.94285635,0.9214278,0.92999922,6038671.71902201,NaN,NaN,NaN,NaN,NaN,NaN,NaN
1587085200,0.95142778,0.95571349,0.93428493,0.93428493,8584573.84909345,NaN,NaN,NaN,NaN,NaN,NaN,NaN
1587344400,0.95142778,1.01999915,0.95142778,0.99857059,9396107.86141024,NaN,NaN,NaN,NaN,NaN,NaN,NaN
1587430800,0.98142775,1.0028563,0.96857062,0.96857062,4051136.72278439,NaN,NaN,NaN,NaN,NaN,NaN,NaN
1587517200,0.95142778,0.99857059,0.93428493,0.99428488,3698569.7611367,NaN,NaN,NaN,NaN,NaN,NaN,NaN
1587603600,1.01571344,1.03714199,0.99857059,1.00714201,6179371.8367411,NaN,NaN,NaN,NaN,NaN,NaN,NaN
1587690000,1.01571344,1.03714199,1.0028563,1.01571344,2972669.15379986,NaN,NaN,NaN,NaN,NaN,NaN,NaN
1587949200,1.02428486,1.02857057,1.0028563,1.00714201,2163468.47676863,NaN,NaN,NaN,NaN,NaN,NaN,NaN
1588035600,1.01571344,1.01571344,0.98142775,1.01142773,1750934.79828211,NaN,NaN,NaN,NaN,NaN,NaN,NaN
1588122000,1.01571344,1.01999915,0.99857059,0.99857059,3374936.15702992,NaN,NaN,NaN,NaN,NaN,NaN,NaN
1588208400,1.0028563,1.01571344,0.99428488,0.99857059,4630270.54065969,NaN,NaN,NaN,NaN,NaN,NaN,NaN
1588554000,0.99428488,0.99428488,0.9599992,0.98142775,4691403.92514128,NaN,NaN,NaN,NaN,NaN,NaN,NaN
1588640400,0.98142775,1.06285625,0.98142775,1.04571341,5767304.8253117,NaN,NaN,NaN,NaN,NaN,NaN,NaN
1588726800,1.04571341,1.05428483,1.02428486,1.04571341,2876069.07297779,NaN,NaN,NaN,NaN,NaN,NaN,NaN
1588899600,1.04571341,1.05428483,1.02428486,1.02857057,4855670.72924451,NaN,NaN,NaN,NaN,NaN,NaN,NaN
1589245200,1.01999915,1.04999912,0.99857059,1.03714199,5498037.9333584,NaN,NaN,NaN,NaN,NaN,NaN,NaN
1589331600,1.0414277,1.04999912,1.01999915,1.04571341,4946437.47185268,NaN,NaN,NaN,NaN,NaN,NaN,NaN
1589418000,1.03714199,1.0414277,1.00714201,1.01999915,3562069.6469316,NaN,NaN,NaN,NaN,NaN,NaN,NaN
1589504400,1.01999915,1.04571341,1.01571344,1.03714199,1970268.31512449,NaN,NaN,NaN,NaN,NaN,NaN,NaN
1589763600,1.03714199,1.09285623,1.03714199,1.08857052,4350270.30639282,NaN,NaN,NaN,NaN,NaN,NaN,NaN
1589850000,1.10142765,1.16999902,1.07142768,1.13571334,8305040.2818837,NaN,NaN,NaN,NaN,NaN,NaN,NaN
1589936400,1.15714189,1.199999,1.13999905,1.19142757,4875504.07917175,NaN,NaN,NaN,NaN,NaN,NaN,NaN
1590022800,1.17857044,1.2428561,1.17428473,1.23857039,4151703.47359191,NaN,NaN,NaN,NaN,NaN,NaN,NaN
1590109200,1.2428561,1.2428561,1.13999905,1.16571331,4683470.58517039,NaN,NaN,NaN,NaN,NaN,NaN,NaN
1590541200,1.17857044,1.22142755,1.17857044,1.20857042,4171070.15646203,NaN,NaN,NaN,NaN,NaN,NaN,NaN
1590627600,1.22142755,1.22142755,1.19571329,1.21285613,3659136.39481078,NaN,NaN,NaN,NaN,NaN,NaN,NaN
1590714000,1.21285613,1.32857032,1.19571329,1.25999895,21804551.57647482,NaN,NaN,NaN,NaN,NaN,NaN,NaN
1590973200,1.29428463,1.30285605,1.25142752,1.29428463,5800438.18636662,NaN,NaN,NaN,NaN,NaN,NaN,NaN
1591059600,1.28999892,1.29428463,1.2428561,1.26428466,4530403.79043784,NaN,NaN,NaN,NaN,NaN,NaN,NaN
1591146000,1.26857037,1.28571321,1.25571324,1.25571324,3510736.27064935,NaN,NaN,NaN,NaN,NaN,NaN,NaN
1591232400,1.26428466,1.27714179,1.25571324,1.26857037,1455534.55113057,NaN,NaN,NaN,NaN,NaN,NaN,NaN
1591318800,1.25999895,1.25999895,1.22142755,1.23857039,3678969.74473802,NaN,NaN,NaN,NaN,NaN,NaN,NaN
1591664400,1.24714181,1.25571324,1.22571326,1.23428468,3431169.53741185,NaN,NaN,NaN,NaN,NaN,NaN,NaN
1591750800,1.22999897,1.24714181,1.22999897,1.23428468,3094469.25570594,NaN,NaN,NaN,NaN,NaN,NaN,NaN
1591837200,1.23428468,1.23428468,1.1614276,1.18714186,4491203.75764048,NaN,NaN,NaN,NaN,NaN,NaN,NaN
1591923600,1.12714191,1.17857044,1.1228562,1.15285618,5849204.89383476,NaN,NaN,NaN,NaN,NaN,NaN,NaN
1592182800,1.15714189,1.16571331,0.98142775,1.09714194,10007675.03975478,NaN,NaN,NaN,NaN,NaN,NaN,NaN
1592269200,1.10571336,1.13571334,1.10571336,1.10571336,4265336.90199854,NaN,NaN,NaN,NaN,NaN,NaN,NaN
1592355600,1.1228562,1.14428476,1.10571336,1.13999905,2406835.34705224,NaN,NaN,NaN,NaN,NaN,NaN,NaN
1592442000,1.13999905,1.17428473,1.13571334,1.15285618,4336036.96115092,NaN,NaN,NaN,NaN,NaN,NaN,NaN
1592528400,1.14857047,1.17857044,1.14428476,1.17428473,3691803.08880858,NaN,NaN,NaN,NaN,NaN,NaN,NaN
1592787600,1.18285615,1.18285615,1.14428476,1.15285618,1523667.94146884,NaN,NaN,NaN,NaN,NaN,NaN,NaN
1592874000,1.15285618,1.15714189,1.12714191,1.14428476,1664134.72565939,NaN,NaN,NaN,NaN,NaN,NaN,NaN
1592960400,1.14428476,1.16999902,1.12714191,1.14428476,3067402.56639348,NaN,NaN,NaN,NaN,NaN,NaN,NaN
1593046800,1.13142762,1.14428476,1.09285623,1.10999907,4820670.69996115,NaN,NaN,NaN,NaN,NaN,NaN,NaN
1593133200,1.11428478,1.1228562,1.08428481,1.09285623,1603001.34117779,NaN,NaN,NaN,NaN,NaN,NaN,NaN
1593392400,1.10142765,1.10142765,1.08428481,1.08857052,2256101.88760525,NaN,NaN,NaN,NaN,NaN,NaN,NaN
1593478800,1.10571336,1.13999905,1.10142765,1.13999905,3367002.81705902,2387672047.5144196,2193747000,1063983999.9999999,77496000,910777000,1129763000,1.12894849414285
1593565200,1.14857047,1.1614276,1.13142762,1.13999905,3691103.08822292,NaN,NaN,NaN,NaN,NaN,NaN,NaN
1593651600,1.14428476,1.16999902,1.14428476,1.15285618,2271968.56754704,NaN,NaN,NaN,NaN,NaN,NaN,NaN
1593738000,1.15285618,1.15285618,1.13142762,1.13142762,4270703.57315532,NaN,NaN,NaN,NaN,NaN,NaN,NaN
1593997200,1.15285618,1.15714189,1.13571334,1.14857047,2111901.76695781,NaN,NaN,NaN,NaN,NaN,NaN,NaN
1594083600,1.15285618,1.15285618,1.13571334,1.14857047,1923134.94235624,NaN,NaN,NaN,NaN,NaN,NaN,NaN
1594170000,1.14857047,1.17428473,1.14428476,1.16999902,2412668.68526613,NaN,NaN,NaN,NaN,NaN,NaN,NaN
1594256400,1.17857044,1.21714184,1.16571331,1.199999,9786708.18821252,NaN,NaN,NaN,NaN,NaN,NaN,NaN
1594342800,1.20428471,1.22142755,1.199999,1.20428471,3212302.68762658,NaN,NaN,NaN,NaN,NaN,NaN,NaN
1594602000,1.21285613,1.22142755,1.19142757,1.199999,3079069.24282127,NaN,NaN,NaN,NaN,NaN,NaN,NaN
1594688400,1.199999,1.199999,1.15714189,1.16999902,6628072.21215375,NaN,NaN,NaN,NaN,NaN,NaN,NaN
1594774800,1.16571331,1.18714186,1.15714189,1.17857044,1776368.15289469,NaN,NaN,NaN,NaN,NaN,NaN,NaN
1594861200,1.17857044,1.18285615,1.1614276,1.1614276,1917301.60414234,NaN,NaN,NaN,NaN,NaN,NaN,NaN
1594947600,1.15714189,1.16999902,1.15714189,1.1614276,1348901.12858061,NaN,NaN,NaN,NaN,NaN,NaN,NaN
1595206800,1.1614276,1.16571331,1.15714189,1.15714189,1476301.23517203,NaN,NaN,NaN,NaN,NaN,NaN,NaN
1595293200,1.15714189,1.17857044,1.15714189,1.16571331,1461367.88934447,NaN,NaN,NaN,NaN,NaN,NaN,NaN
1595379600,1.16999902,1.17857044,1.15714189,1.15714189,1770068.14762368,NaN,NaN,NaN,NaN,NaN,NaN,NaN
1595466000,1.15714189,1.21285613,1.15714189,1.20428471,4859870.73275851,NaN,NaN,NaN,NaN,NaN,NaN,NaN
1595552400,1.20428471,1.26857037,1.1614276,1.26428466,7539239.64116383,NaN,NaN,NaN,NaN,NaN,NaN,NaN
1595811600,1.27714179,1.33714174,1.22571326,1.32857032,17182214.37578603,NaN,NaN,NaN,NaN,NaN,NaN,NaN
1595898000,1.34999887,1.39714169,1.32428461,1.32857032,11075409.26642575,NaN,NaN,NaN,NaN,NaN,NaN,NaN
1595984400,1.32428461,1.36714171,1.28571321,1.34999887,5287104.42354403,NaN,NaN,NaN,NaN,NaN,NaN,NaN
1596070800,1.34999887,1.362856,1.32857032,1.32857032,3198069.34238468,NaN,NaN,NaN,NaN,NaN,NaN,NaN
1596416400,1.33285603,1.34142745,1.29857034,1.30714176,3419969.52804117,NaN,NaN,NaN,NaN,NaN,NaN,NaN
1596502800,1.31142747,1.31142747,1.27714179,1.29428463,3219769.36054037,NaN,NaN,NaN,NaN,NaN,NaN,NaN
1596589200,1.30714176,1.44857022,1.30285605,1.42285595,13081610.94494782,NaN,NaN,NaN,NaN,NaN,NaN,NaN
1596675600,1.46142735,1.49571303,1.43142737,1.46999877,7091939.26692252,NaN,NaN,NaN,NaN,NaN,NaN,NaN
1596762000,1.47857019,1.47857019,1.43142737,1.43571308,4930104.12485378,NaN,NaN,NaN,NaN,NaN,NaN,NaN
1597021200,1.44857022,1.46999877,1.34142745,1.41857024,8886507.43504455,NaN,NaN,NaN,NaN,NaN,NaN,NaN
1597107600,1.45285593,1.45285593,1.40999882,1.4399988,6329638.62913099,NaN,NaN,NaN,NaN,NaN,NaN,NaN
1597194000,1.44428451,1.44857022,1.39714169,1.4399988,5264471.07127413,NaN,NaN,NaN,NaN,NaN,NaN,NaN
1597280400,1.4399988,1.53428443,1.43571308,1.53428443,9699441.44853268,NaN,NaN,NaN,NaN,NaN,NaN,NaN
1597366800,1.53857014,1.53857014,1.45714164,1.49571303,3937269.9608492,NaN,NaN,NaN,NaN,NaN,NaN,NaN
1597626000,1.46571306,1.5214273,1.45714164,1.50428446,2650435.55086441,NaN,NaN,NaN,NaN,NaN,NaN,NaN
1597712400,1.51714159,1.57714154,1.50428446,1.55999869,4629570.54007402,NaN,NaN,NaN,NaN,NaN,NaN,NaN
1597798800,1.55999869,1.60714151,1.55571298,1.6028558,3676869.74298102,NaN,NaN,NaN,NaN,NaN,NaN,NaN
1597971600,1.6028558,1.61999864,1.56428441,1.58571296,3942636.63200598,NaN,NaN,NaN,NaN,NaN,NaN,NaN
1598230800,1.59428438,1.62428436,1.5214273,1.61571293,4419570.36437387,NaN,NaN,NaN,NaN,NaN,NaN,NaN
1598317200,1.55999869,1.56857012,1.50857017,1.51714159,9816574.87986765,NaN,NaN,NaN,NaN,NaN,NaN,NaN
1598403600,1.5214273,1.55142727,1.50428446,1.54285585,3496036.25835034,NaN,NaN,NaN,NaN,NaN,NaN,NaN
1598490000,1.5214273,1.53857014,1.47857019,1.51285588,5727171.45840012,NaN,NaN,NaN,NaN,NaN,NaN,NaN
1598576400,1.51285588,1.51714159,1.46571306,1.51714159,6977839.17145877,NaN,NaN,NaN,NaN,NaN,NaN,NaN
1598922000,1.51714159,1.57285583,1.48714161,1.51714159,3809636.52072922,NaN,NaN,NaN,NaN,NaN,NaN,NaN
1599008400,1.51714159,1.54285585,1.49142732,1.51714159,3376102.8246727,NaN,NaN,NaN,NaN,NaN,NaN,NaN
1599094800,1.49999875,1.52571301,1.48714161,1.51285588,4459003.73069979,NaN,NaN,NaN,NaN,NaN,NaN,NaN
1599181200,1.49142732,1.5214273,1.47857019,1.51285588,3663569.73185334,NaN,NaN,NaN,NaN,NaN,NaN,NaN
1599440400,1.49142732,1.51714159,1.49142732,1.50428446,2233701.8688639,NaN,NaN,NaN,NaN,NaN,NaN,NaN
1599526800,1.50857017,1.50857017,1.05428483,1.46571306,8183006.84644906,NaN,NaN,NaN,NaN,NaN,NaN,NaN
1599613200,1.45714164,1.45714164,1.35857029,1.362856,7577039.67278986,NaN,NaN,NaN,NaN,NaN,NaN,NaN
1599699600,1.38428456,1.39285598,1.28999892,1.3199989,5257937.73247457,NaN,NaN,NaN,NaN,NaN,NaN,NaN
1599786000,1.28999892,1.40999882,1.27285608,1.38857027,4258336.89614187,NaN,NaN,NaN,NaN,NaN,NaN,NaN
1600045200,1.37999885,1.42714166,1.35857029,1.40999882,2165335.14499707,NaN,NaN,NaN,NaN,NaN,NaN,NaN
1600131600,1.41857024,1.41857024,1.38428456,1.38428456,1466501.22697269,NaN,NaN,NaN,NaN,NaN,NaN,NaN
1600304400,1.37571313,1.4014274,1.37142742,1.38428456,1633568.03341859,NaN,NaN,NaN,NaN,NaN,NaN,NaN
1600390800,1.38428456,1.42714166,1.38428456,1.42285595,5336337.79806929,NaN,NaN,NaN,NaN,NaN,NaN,NaN
1600650000,1.42285595,1.42285595,1.39285598,1.39714169,3282069.41266474,NaN,NaN,NaN,NaN,NaN,NaN,NaN
1600736400,1.39714169,1.41428453,1.39285598,1.40999882,1390667.83019208,NaN,NaN,NaN,NaN,NaN,NaN,NaN
1600822800,1.41428453,1.42285595,1.38857027,1.39285598,1983801.65978072,NaN,NaN,NaN,NaN,NaN,NaN,NaN
1600909200,1.38857027,1.44857022,1.362856,1.4399988,3264802.73155162,NaN,NaN,NaN,NaN,NaN,NaN,NaN
1600995600,1.44857022,1.44857022,1.41857024,1.43571308,1299434.4205268,NaN,NaN,NaN,NaN,NaN,NaN,NaN
1601254800,1.43142737,1.43142737,1.40999882,1.42285595,1021767.52154549,NaN,NaN,NaN,NaN,NaN,NaN,NaN
1601341200,1.42285595,1.42285595,1.39714169,1.41428453,1775901.48583758,NaN,NaN,NaN,NaN,NaN,NaN,NaN
1601427600,1.41428453,1.42285595,1.39714169,1.41428453,1070067.56195653,2407339733.7925596,2735194000,1573510000,64480000.00000001,841587000,1161684000,1.06131418959394
1601514000,1.40999882,1.40999882,1.37999885,1.38857027,1476301.23517203,NaN,NaN,NaN,NaN,NaN,NaN,NaN
1601600400,1.40571311,1.40571311,1.37142742,1.37571313,848167.37630004,NaN,NaN,NaN,NaN,NaN,NaN,NaN
1601859600,1.37999885,1.39714169,1.37142742,1.38857027,994700.83223303,NaN,NaN,NaN,NaN,NaN,NaN,NaN
1601946000,1.37142742,1.37999885,1.362856,1.37999885,2479868.74149018,NaN,NaN,NaN,NaN,NaN,NaN,NaN
1602032400,1.37571313,1.37571313,1.362856,1.36714171,699067.25155293,NaN,NaN,NaN,NaN,NaN,NaN,NaN
1602118800,1.362856,1.37999885,1.362856,1.37999885,745733.95726408,NaN,NaN,NaN,NaN,NaN,NaN,NaN
1602205200,1.37999885,1.38857027,1.37571313,1.38428456,437733.69957053,NaN,NaN,NaN,NaN,NaN,NaN,NaN
1602464400,1.38428456,1.38857027,1.37571313,1.38428456,939634.11949388,NaN,NaN,NaN,NaN,NaN,NaN,NaN
1602550800,1.37142742,1.38428456,1.37142742,1.37142742,1086400.90895543,NaN,NaN,NaN,NaN,NaN,NaN,NaN
1602637200,1.36714171,1.36714171,1.33285603,1.34999887,3603603.01501452,NaN,NaN,NaN,NaN,NaN,NaN,NaN
1602723600,1.34999887,1.34999887,1.32428461,1.32857032,1567534.64483732,NaN,NaN,NaN,NaN,NaN,NaN,NaN
1602810000,1.32428461,1.33285603,1.3199989,1.32857032,1305734.4257978,NaN,NaN,NaN,NaN,NaN,NaN,NaN
1603069200,1.32428461,1.32857032,1.30714176,1.32857032,2164868.47793996,NaN,NaN,NaN,NaN,NaN,NaN,NaN
1603155600,1.32428461,1.32428461,1.30714176,1.31142747,639800.53529978,NaN,NaN,NaN,NaN,NaN,NaN,NaN
1603242000,1.31142747,1.3199989,1.30285605,1.31142747,554867.1309055,NaN,NaN,NaN,NaN,NaN,NaN,NaN
1603328400,1.32428461,1.37571313,1.30714176,1.37571313,5521371.28621398,NaN,NaN,NaN,NaN,NaN,NaN,NaN
1603414800,1.37571313,1.37571313,1.31571318,1.31571318,1642901.37456082,NaN,NaN,NaN,NaN,NaN,NaN,NaN
1603674000,1.3199989,1.33714174,1.29857034,1.29857034,1609068.01292024,NaN,NaN,NaN,NaN,NaN,NaN,NaN
1603760400,1.29857034,1.31571318,1.29428463,1.29857034,1040900.87088706,NaN,NaN,NaN,NaN,NaN,NaN,NaN
1603846800,1.30285605,1.30285605,1.2428561,1.25999895,4445237.052515,NaN,NaN,NaN,NaN,NaN,NaN,NaN
1604019600,1.24714181,1.25999895,1.19571329,1.21285613,3281136.07855052,NaN,NaN,NaN,NaN,NaN,NaN,NaN
1604278800,1.20857042,1.23428468,1.17428473,1.20857042,1237367.70193098,NaN,NaN,NaN,NaN,NaN,NaN,NaN
1604365200,1.20857042,1.2428561,1.20428471,1.21714184,1281001.0717709,NaN,NaN,NaN,NaN,NaN,NaN,NaN
1604451600,1.20857042,1.24714181,1.20857042,1.21714184,1083367.5730842,NaN,NaN,NaN,NaN,NaN,NaN,NaN
1604538000,1.22571326,1.27714179,1.22571326,1.26428466,1555167.96782387,NaN,NaN,NaN,NaN,NaN,NaN,NaN
1604624400,1.27714179,1.28571321,1.26428466,1.26428466,1661101.38978816,NaN,NaN,NaN,NaN,NaN,NaN,NaN
1604883600,1.2814275,1.31142747,1.2814275,1.30285605,1474901.2340007,NaN,NaN,NaN,NaN,NaN,NaN,NaN
1604970000,1.31142747,1.33285603,1.30285605,1.30714176,2393768.66945312,NaN,NaN,NaN,NaN,NaN,NaN,NaN
1605056400,1.30285605,1.31142747,1.28571321,1.30285605,1166900.97630715,NaN,NaN,NaN,NaN,NaN,NaN,NaN
1605142800,1.30285605,1.30714176,1.26428466,1.30714176,1704968.09315664,NaN,NaN,NaN,NaN,NaN,NaN,NaN
1605229200,1.29857034,1.31142747,1.29857034,1.29857034,958767.46883545,NaN,NaN,NaN,NaN,NaN,NaN,NaN
1605488400,1.30714176,1.36714171,1.30285605,1.34999887,2966835.81558597,NaN,NaN,NaN,NaN,NaN,NaN,NaN
1605574800,1.36714171,1.46999877,1.362856,1.41428453,10039641.73316692,NaN,NaN,NaN,NaN,NaN,NaN,NaN
1605661200,1.41428453,1.44857022,1.35857029,1.362856,2284568.57808904,NaN,NaN,NaN,NaN,NaN,NaN,NaN
1605747600,1.362856,1.37999885,1.34999887,1.35428458,1886501.57837299,NaN,NaN,NaN,NaN,NaN,NaN,NaN
1605834000,1.35428458,1.39285598,1.35428458,1.362856,666167.22402658,NaN,NaN,NaN,NaN,NaN,NaN,NaN
1606093200,1.362856,1.39714169,1.32428461,1.33285603,1920568.27354212,NaN,NaN,NaN,NaN,NaN,NaN,NaN
1606179600,1.30714176,1.30714176,1.23428468,1.2428561,6633905.55036764,NaN,NaN,NaN,NaN,NaN,NaN,NaN
1606266000,1.2428561,1.25999895,1.21714184,1.22999897,3121302.61148985,NaN,NaN,NaN,NaN,NaN,NaN,NaN
1606352400,1.22999897,1.23857039,1.22999897,1.23428468,2430168.69990781,NaN,NaN,NaN,NaN,NaN,NaN,NaN
1606438800,1.23857039,1.2428561,1.22999897,1.23857039,4789404.00713469,NaN,NaN,NaN,NaN,NaN,NaN,NaN
1606698000,1.25142752,1.25142752,1.20428471,1.23857039,4759770.64900811,NaN,NaN,NaN,NaN,NaN,NaN,NaN
1606784400,1.23857039,1.2428561,1.22571326,1.23428468,3021669.19479656,NaN,NaN,NaN,NaN,NaN,NaN,NaN
1606870800,1.23428468,1.23428468,1.21285613,1.22999897,2529568.78307255,NaN,NaN,NaN,NaN,NaN,NaN,NaN
1606957200,1.22571326,1.23428468,1.22142755,1.22999897,3859569.89584015,NaN,NaN,NaN,NaN,NaN,NaN,NaN
1607043600,1.22571326,1.22999897,1.21714184,1.22571326,3117102.60797585,NaN,NaN,NaN,NaN,NaN,NaN,NaN
1607302800,1.2428561,1.25571324,1.20857042,1.22142755,4312936.94182391,NaN,NaN,NaN,NaN,NaN,NaN,NaN
1607389200,1.22571326,1.22571326,1.18285615,1.19571329,8102040.11204023,NaN,NaN,NaN,NaN,NaN,NaN,NaN
1607475600,1.19571329,1.21285613,1.18714186,1.19142757,3394302.83990004,NaN,NaN,NaN,NaN,NaN,NaN,NaN
1607562000,1.19571329,1.19571329,1.17857044,1.19571329,2898935.75877625,NaN,NaN,NaN,NaN,NaN,NaN,NaN
1607648400,1.199999,1.199999,1.17428473,1.19571329,3534069.62350492,NaN,NaN,NaN,NaN,NaN,NaN,NaN
1607907600,1.19571329,1.199999,1.18714186,1.19142757,2920635.77693193,NaN,NaN,NaN,NaN,NaN,NaN,NaN
1607994000,1.19142757,1.19142757,1.17857044,1.19142757,1304567.75815502,NaN,NaN,NaN,NaN,NaN,NaN,NaN
1608080400,1.19142757,1.20857042,1.18714186,1.19142757,5854804.8985201,NaN,NaN,NaN,NaN,NaN,NaN,NaN
1608166800,1.19142757,1.19571329,1.18285615,1.19571329,3266436.06625151,NaN,NaN,NaN,NaN,NaN,NaN,NaN
1608253200,1.19571329,1.19571329,1.18285615,1.19571329,4025003.36758615,NaN,NaN,NaN,NaN,NaN,NaN,NaN
1608512400,1.19571329,1.19571329,1.16999902,1.19142757,3799136.51194422,NaN,NaN,NaN,NaN,NaN,NaN,NaN
1608598800,1.17857044,1.17857044,1.1614276,1.16999902,1174134.31569238,NaN,NaN,NaN,NaN,NaN,NaN,NaN
1608685200,1.16999902,1.17857044,1.15714189,1.16999902,517533.76633658,NaN,NaN,NaN,NaN,NaN,NaN,NaN
1608771600,1.16999902,1.17857044,1.1614276,1.17428473,561633.80323362,NaN,NaN,NaN,NaN,NaN,NaN,NaN
1609117200,1.17857044,1.19571329,1.17428473,1.17857044,1123967.6070529,NaN,NaN,NaN,NaN,NaN,NaN,NaN
1609203600,1.17428473,1.17428473,1.16571331,1.16999902,441933.70308453,NaN,NaN,NaN,NaN,NaN,NaN,NaN
1609290000,1.17428473,1.17857044,1.14428476,1.16571331,1817434.85392049,NaN,NaN,NaN,NaN,NaN,NaN,NaN
1609376400,1.17428473,1.17428473,1.13571334,1.14428476,3556469.64224627,2412454167.55904,2826371352,1637462175,59867000,1023239000,1188909177,1.31173663882396
1609722000,1.14428476,1.14428476,1.11428478,1.14428476,2668868.89962031,NaN,NaN,NaN,NaN,NaN,NaN,NaN
1609808400,1.14857047,1.14857047,1.12714191,1.13571334,2470068.73329084,NaN,NaN,NaN,NaN,NaN,NaN,NaN
1609894800,1.13999905,1.13999905,1.10142765,1.10571336,2626168.86389462,NaN,NaN,NaN,NaN,NaN,NaN,NaN
1609981200,1.10571336,1.13142762,1.0799991,1.0799991,2279668.57398937,NaN,NaN,NaN,NaN,NaN,NaN,NaN
1610067600,1.0799991,1.08428481,1.07142768,1.07571339,6415738.70116805,NaN,NaN,NaN,NaN,NaN,NaN,NaN
1610326800,1.07571339,1.08428481,1.05428483,1.07142768,2292968.58511705,NaN,NaN,NaN,NaN,NaN,NaN,NaN
1610413200,1.05428483,1.08857052,1.04999912,1.07142768,2331935.28438586,NaN,NaN,NaN,NaN,NaN,NaN,NaN
1610499600,1.07142768,1.16999902,1.07142768,1.13999905,8214973.5398612,NaN,NaN,NaN,NaN,NaN,NaN,NaN
1610586000,1.15714189,1.16999902,1.11428478,1.13142762,4992170.84344961,NaN,NaN,NaN,NaN,NaN,NaN,NaN
1610672400,1.13571334,1.13571334,1.10142765,1.10999907,3054802.55585147,NaN,NaN,NaN,NaN,NaN,NaN,NaN
1610931600,1.11428478,1.1228562,1.10142765,1.11428478,1532534.61555396,NaN,NaN,NaN,NaN,NaN,NaN,NaN
1611018000,1.11428478,1.11857049,1.09285623,1.10999907,1479334.57104326,NaN,NaN,NaN,NaN,NaN,NaN,NaN
1611104400,1.10999907,1.13571334,1.09285623,1.11428478,3088402.5839635,NaN,NaN,NaN,NaN,NaN,NaN,NaN
1611190800,1.11857049,1.11857049,1.09714194,1.11428478,1247867.71071598,NaN,NaN,NaN,NaN,NaN,NaN,NaN
1611277200,1.11428478,1.11428478,1.09285623,1.09714194,992367.49694747,NaN,NaN,NaN,NaN,NaN,NaN,NaN
1611536400,1.09714194,1.09714194,1.04571341,1.08857052,3386369.49992915,NaN,NaN,NaN,NaN,NaN,NaN,NaN
1611622800,1.08857052,1.10999907,1.06714196,1.07571339,1082900.90602709,NaN,NaN,NaN,NaN,NaN,NaN,NaN
1611709200,1.07571339,1.09285623,1.07142768,1.07571339,1807401.5121926,NaN,NaN,NaN,NaN,NaN,NaN,NaN
1611882000,1.07142768,1.0799991,1.06285625,1.06285625,1380634.48846419,NaN,NaN,NaN,NaN,NaN,NaN,NaN
1612227600,1.06285625,1.08857052,1.06285625,1.07142768,1893501.58422966,NaN,NaN,NaN,NaN,NaN,NaN,NaN
1612314000,1.08857052,1.10571336,1.06285625,1.10571336,1214734.34966107,NaN,NaN,NaN,NaN,NaN,NaN,NaN
1612400400,1.10142765,1.15285618,1.09714194,1.12714191,2538202.12362911,NaN,NaN,NaN,NaN,NaN,NaN,NaN
1612486800,1.12714191,1.13999905,1.08857052,1.09714194,2845735.71426555,NaN,NaN,NaN,NaN,NaN,NaN,NaN
1612746000,1.11428478,1.13142762,1.10571336,1.13142762,1229901.02901719,NaN,NaN,NaN,NaN,NaN,NaN,NaN
1612832400,1.13571334,1.14428476,1.09714194,1.11857049,2171635.15026808,NaN,NaN,NaN,NaN,NaN,NaN,NaN
1612918800,1.11857049,1.13571334,1.10999907,1.11428478,1302934.42345513,NaN,NaN,NaN,NaN,NaN,NaN,NaN
1613005200,1.11428478,1.12714191,1.11428478,1.11428478,274166.89605297,NaN,NaN,NaN,NaN,NaN,NaN,NaN
1613350800,1.10142765,1.12714191,1.10142765,1.1228562,553933.79679128,NaN,NaN,NaN,NaN,NaN,NaN,NaN
1613437200,1.1228562,1.13571334,1.11857049,1.13571334,1210301.01261851,NaN,NaN,NaN,NaN,NaN,NaN,NaN
1613523600,1.13999905,1.15285618,1.11428478,1.12714191,4964404.15355148,NaN,NaN,NaN,NaN,NaN,NaN,NaN
1613610000,1.14428476,1.14857047,1.1228562,1.13999905,2486168.74676118,NaN,NaN,NaN,NaN,NaN,NaN,NaN
1613696400,1.14428476,1.15714189,1.1228562,1.15714189,1675568.06855862,NaN,NaN,NaN,NaN,NaN,NaN,NaN
1613955600,1.15714189,1.1614276,1.13999905,1.13999905,1190000.99563417,NaN,NaN,NaN,NaN,NaN,NaN,NaN
1614042000,1.13999905,1.15714189,1.12714191,1.12714191,784467.32300433,NaN,NaN,NaN,NaN,NaN,NaN,NaN
1614128400,1.14428476,1.15285618,1.12714191,1.13999905,1208667.67791862,NaN,NaN,NaN,NaN,NaN,NaN,NaN
1614214800,1.13999905,1.1614276,1.12714191,1.1614276,1655268.05157427,NaN,NaN,NaN,NaN,NaN,NaN,NaN
1614301200,1.15714189,1.15714189,1.1228562,1.13999905,1382967.82374975,NaN,NaN,NaN,NaN,NaN,NaN,NaN
1614560400,1.13999905,1.20857042,1.13999905,1.199999,7525939.63003616,NaN,NaN,NaN,NaN,NaN,NaN,NaN
1614646800,1.20857042,1.23428468,1.199999,1.20857042,7020072.54012736,NaN,NaN,NaN,NaN,NaN,NaN,NaN
1614733200,1.22142755,1.29428463,1.20857042,1.29428463,10860975.75368305,NaN,NaN,NaN,NaN,NaN,NaN,NaN
1614819600,1.28999892,1.29428463,1.26428466,1.27714179,5173470.9951374,NaN,NaN,NaN,NaN,NaN,NaN,NaN
1614906000,1.27714179,1.2814275,1.22142755,1.23857039,4353303.64226405,NaN,NaN,NaN,NaN,NaN,NaN,NaN
1615165200,1.25142752,1.27285608,1.22999897,1.22999897,3560436.31223171,NaN,NaN,NaN,NaN,NaN,NaN,NaN
1615251600,1.23428468,1.28999892,1.22999897,1.28571321,5310904.44345672,NaN,NaN,NaN,NaN,NaN,NaN,NaN
1615338000,1.28999892,1.30714176,1.27714179,1.29857034,5041870.88503197,NaN,NaN,NaN,NaN,NaN,NaN,NaN
1615424400,1.30714176,1.37142742,1.29857034,1.362856,14500745.46562371,NaN,NaN,NaN,NaN,NaN,NaN,NaN
1615510800,1.36714171,1.37142742,1.32428461,1.35428458,6522138.79018945,NaN,NaN,NaN,NaN,NaN,NaN,NaN
1615770000,1.34999887,1.38428456,1.32857032,1.37142742,4422837.03377365,NaN,NaN,NaN,NaN,NaN,NaN,NaN
1615856400,1.37571313,1.38428456,1.35428458,1.36714171,4336970.29526515,NaN,NaN,NaN,NaN,NaN,NaN,NaN
1615942800,1.37142742,1.37571313,1.34999887,1.37142742,3753636.47387585,NaN,NaN,NaN,NaN,NaN,NaN,NaN
1616029200,1.37142742,1.38428456,1.34999887,1.34999887,3851403.2223407,NaN,NaN,NaN,NaN,NaN,NaN,NaN
1616115600,1.34142745,1.36714171,1.3199989,1.36714171,3466169.5666952,NaN,NaN,NaN,NaN,NaN,NaN,NaN
1616374800,1.362856,1.36714171,1.32857032,1.36714171,2775735.65569883,NaN,NaN,NaN,NaN,NaN,NaN,NaN
1616461200,1.362856,1.362856,1.30714176,1.32857032,4535770.46159462,NaN,NaN,NaN,NaN,NaN,NaN,NaN
1616547600,1.30714176,1.32857032,1.29857034,1.32857032,3367002.81705902,NaN,NaN,NaN,NaN,NaN,NaN,NaN
1616634000,1.30714176,1.34142745,1.30714176,1.33285603,4684403.91928461,NaN,NaN,NaN,NaN,NaN,NaN,NaN
1616720400,1.33714174,1.362856,1.32428461,1.34999887,3379369.49407248,NaN,NaN,NaN,NaN,NaN,NaN,NaN
1616979600,1.34999887,1.35428458,1.32857032,1.34999887,3511669.60476357,NaN,NaN,NaN,NaN,NaN,NaN,NaN
1617066000,1.34999887,1.37142742,1.33714174,1.36714171,3888269.9198525,NaN,NaN,NaN,NaN,NaN,NaN,NaN
1617152400,1.36714171,1.36714171,1.33714174,1.34571316,2597935.50693937,2412454167.55904,2752294000,1529873000,48371000,960121000,1222421000,1.11539389352229
1617238800,1.35857029,1.362856,1.33285603,1.362856,1996635.00385129,NaN,NaN,NaN,NaN,NaN,NaN,NaN
1617325200,1.35857029,1.37142742,1.34999887,1.36714171,5748871.4765558,NaN,NaN,NaN,NaN,NaN,NaN,NaN
1617584400,1.37142742,1.37142742,1.35857029,1.35857029,854934.04862815,NaN,NaN,NaN,NaN,NaN,NaN,NaN
1617670800,1.35428458,1.35857029,1.32857032,1.32857032,1297101.08524124,NaN,NaN,NaN,NaN,NaN,NaN,NaN
1617757200,1.32857032,1.32857032,1.30714176,1.32428461,2548235.46535701,NaN,NaN,NaN,NaN,NaN,NaN,NaN
1617843600,1.32428461,1.362856,1.3199989,1.34142745,1547701.29491008,NaN,NaN,NaN,NaN,NaN,NaN,NaN
1617930000,1.33714174,1.35857029,1.3199989,1.3199989,791233.99533244,NaN,NaN,NaN,NaN,NaN,NaN,NaN
1618189200,1.3199989,1.3199989,1.30714176,1.31142747,4991470.84286394,NaN,NaN,NaN,NaN,NaN,NaN,NaN
1618275600,1.31142747,1.32428461,1.30714176,1.3199989,2430635.36696492,NaN,NaN,NaN,NaN,NaN,NaN,NaN
1618362000,1.3199989,1.3199989,1.2814275,1.29428463,4874337.41152897,NaN,NaN,NaN,NaN,NaN,NaN,NaN
1618448400,1.28571321,1.29428463,1.26857037,1.27285608,1490067.91335682,NaN,NaN,NaN,NaN,NaN,NaN,NaN
1618534800,1.27285608,1.28999892,1.26857037,1.28571321,2932302.45335972,NaN,NaN,NaN,NaN,NaN,NaN,NaN
1618794000,1.28571321,1.28999892,1.27285608,1.28571321,2700135.59244678,NaN,NaN,NaN,NaN,NaN,NaN,NaN
1618880400,1.28999892,1.28999892,1.2814275,1.28571321,1010800.84570337,NaN,NaN,NaN,NaN,NaN,NaN,NaN
1618966800,1.28571321,1.30285605,1.2814275,1.28571321,3027969.20006756,NaN,NaN,NaN,NaN,NaN,NaN,NaN
1619053200,1.28571321,1.29857034,1.28571321,1.28999892,1222201.02257486,NaN,NaN,NaN,NaN,NaN,NaN,NaN
1619139600,1.29857034,1.29857034,1.2814275,1.28571321,3134602.62261753,NaN,NaN,NaN,NaN,NaN,NaN,NaN
1619398800,1.28571321,1.29857034,1.27714179,1.28571321,881067.40382639,NaN,NaN,NaN,NaN,NaN,NaN,NaN
1619485200,1.28571321,1.29428463,1.27285608,1.2814275,282800.23660953,NaN,NaN,NaN,NaN,NaN,NaN,NaN
1619571600,1.28571321,1.28571321,1.26428466,1.2814275,1175767.65039227,NaN,NaN,NaN,NaN,NaN,NaN,NaN
1619744400,1.26857037,1.27285608,1.25999895,1.26428466,1179267.6533206,NaN,NaN,NaN,NaN,NaN,NaN,NaN
1620003600,1.25571324,1.26428466,1.2428561,1.25571324,2036768.37076287,NaN,NaN,NaN,NaN,NaN,NaN,NaN
1620090000,1.25571324,1.25571324,1.22999897,1.23428468,407167.00732973,NaN,NaN,NaN,NaN,NaN,NaN,NaN
1620176400,1.23428468,1.23857039,1.20857042,1.21285613,501433.75286624,NaN,NaN,NaN,NaN,NaN,NaN,NaN
1620262800,1.21285613,1.26857037,1.21285613,1.25142752,2048668.38071921,NaN,NaN,NaN,NaN,NaN,NaN,NaN
1620349200,1.2428561,1.25999895,1.23428468,1.25999895,2804669.01323974,NaN,NaN,NaN,NaN,NaN,NaN,NaN
1620608400,1.25999895,1.27714179,1.2428561,1.25999895,2700368.92597534,NaN,NaN,NaN,NaN,NaN,NaN,NaN
1620694800,1.25571324,1.26857037,1.25142752,1.26428466,4701903.93392629,NaN,NaN,NaN,NaN,NaN,NaN,NaN
1620781200,1.26428466,1.26428466,1.22571326,1.25142752,196933.49810103,NaN,NaN,NaN,NaN,NaN,NaN,NaN
1621213200,1.25142752,1.25142752,1.199999,1.20428471,1000534.17044692,NaN,NaN,NaN,NaN,NaN,NaN,NaN
1621299600,1.20857042,1.21714184,1.19142757,1.20428471,532933.77922126,NaN,NaN,NaN,NaN,NaN,NaN,NaN
1621386000,1.199999,1.199999,1.15714189,1.17428473,994700.83223303,NaN,NaN,NaN,NaN,NaN,NaN,NaN
1621472400,1.15714189,1.17857044,1.13999905,1.15714189,1311567.7640117,NaN,NaN,NaN,NaN,NaN,NaN,NaN
1621558800,1.14857047,1.17857044,1.1228562,1.17857044,1253701.04892988,NaN,NaN,NaN,NaN,NaN,NaN,NaN
1621818000,1.18285615,1.21285613,1.17428473,1.17857044,737567.28376463,NaN,NaN,NaN,NaN,NaN,NaN,NaN
1621904400,1.17428473,1.18714186,1.15714189,1.17428473,732667.27966496,NaN,NaN,NaN,NaN,NaN,NaN,NaN
1622077200,1.17857044,1.199999,1.15285618,1.199999,1586667.99417889,NaN,NaN,NaN,NaN,NaN,NaN,NaN
1622163600,1.18285615,1.18285615,1.13571334,1.14857047,1387401.1607923,NaN,NaN,NaN,NaN,NaN,NaN,NaN
1622422800,1.12714191,1.15285618,1.1228562,1.15285618,1166667.64277859,NaN,NaN,NaN,NaN,NaN,NaN,NaN
1622509200,1.15714189,1.15714189,1.13571334,1.15285618,424200.3549143,NaN,NaN,NaN,NaN,NaN,NaN,NaN
1622595600,1.15714189,1.199999,1.13999905,1.19142757,1443401.20764568,NaN,NaN,NaN,NaN,NaN,NaN,NaN
1622682000,1.19142757,1.19142757,1.1614276,1.18285615,279300.2336812,NaN,NaN,NaN,NaN,NaN,NaN,NaN
1622768400,1.18714186,1.18714186,1.15714189,1.16571331,602467.17073087,NaN,NaN,NaN,NaN,NaN,NaN,NaN
1623114000,1.16571331,1.22142755,1.1614276,1.21285613,1592034.66533567,NaN,NaN,NaN,NaN,NaN,NaN,NaN
1623200400,1.21285613,1.23857039,1.21285613,1.23857039,1273301.06532856,NaN,NaN,NaN,NaN,NaN,NaN,NaN
1623286800,1.23428468,1.23857039,1.22571326,1.23857039,639567.20177123,NaN,NaN,NaN,NaN,NaN,NaN,NaN
1623373200,1.2428561,1.2428561,1.21714184,1.22142755,95200.07965073,NaN,NaN,NaN,NaN,NaN,NaN,NaN
1623632400,1.22142755,1.23857039,1.22142755,1.23857039,655900.54877013,NaN,NaN,NaN,NaN,NaN,NaN,NaN
1623718800,1.23857039,1.2428561,1.22571326,1.2428561,663600.55521246,NaN,NaN,NaN,NaN,NaN,NaN,NaN
1623805200,1.2428561,1.2428561,1.22142755,1.2428561,790533.99474678,NaN,NaN,NaN,NaN,NaN,NaN,NaN
1623891600,1.24714181,1.24714181,1.22142755,1.22142755,117366.76486353,NaN,NaN,NaN,NaN,NaN,NaN,NaN
1623978000,1.22142755,1.2428561,1.21714184,1.23857039,905100.75726763,NaN,NaN,NaN,NaN,NaN,NaN,NaN
1624237200,1.23428468,1.23428468,1.17857044,1.20428471,281633.56896675,NaN,NaN,NaN,NaN,NaN,NaN,NaN
1624323600,1.21285613,1.22999897,1.21285613,1.21285613,136266.78067654,NaN,NaN,NaN,NaN,NaN,NaN,NaN
1624410000,1.22142755,1.23857039,1.20857042,1.21714184,354666.96340469,NaN,NaN,NaN,NaN,NaN,NaN,NaN
1624496400,1.20857042,1.21285613,1.17857044,1.199999,513333.76282258,NaN,NaN,NaN,NaN,NaN,NaN,NaN
1624582800,1.199999,1.199999,1.17857044,1.19142757,229133.52504172,NaN,NaN,NaN,NaN,NaN,NaN,NaN
1624842000,1.16999902,1.17428473,1.15714189,1.17428473,261566.88551096,NaN,NaN,NaN,NaN,NaN,NaN,NaN
1624928400,1.18285615,1.18285615,1.16571331,1.16571331,104533.42079296,NaN,NaN,NaN,NaN,NaN,NaN,NaN
1625014800,1.16571331,1.17857044,1.15714189,1.16999902,314766.93002166,2423120082.86114,2966912000,1717901000,51259000,876226000,1249011000,1.28290726214652
1625101200,1.16999902,1.16999902,1.15714189,1.15714189,382900.32035993,NaN,NaN,NaN,NaN,NaN,NaN,NaN
1625187600,1.15285618,1.16571331,1.15285618,1.15285618,408100.34144395,NaN,NaN,NaN,NaN,NaN,NaN,NaN
1625446800,1.14857047,1.16999902,1.14857047,1.14857047,234033.52914139,NaN,NaN,NaN,NaN,NaN,NaN,NaN
1625533200,1.15714189,1.199999,1.15714189,1.19142757,336700.2817059,NaN,NaN,NaN,NaN,NaN,NaN,NaN
1625619600,1.16999902,1.19142757,1.16571331,1.19142757,245933.53909773,NaN,NaN,NaN,NaN,NaN,NaN,NaN
1625706000,1.17857044,1.17857044,1.14428476,1.15714189,330866.94349201,NaN,NaN,NaN,NaN,NaN,NaN,NaN
1625792400,1.15714189,1.17857044,1.13999905,1.14428476,203233.50337203,NaN,NaN,NaN,NaN,NaN,NaN,NaN
1626051600,1.17428473,1.18285615,1.13999905,1.13999905,259700.21728252,NaN,NaN,NaN,NaN,NaN,NaN,NaN
1626138000,1.13999905,1.17428473,1.13999905,1.16999902,70000.05856672,NaN,NaN,NaN,NaN,NaN,NaN,NaN
1626224400,1.15285618,1.17857044,1.15285618,1.17428473,247100.20674051,NaN,NaN,NaN,NaN,NaN,NaN,NaN
1626310800,1.15714189,1.17428473,1.15285618,1.15285618,124133.43719164,NaN,NaN,NaN,NaN,NaN,NaN,NaN
1626397200,1.15714189,1.1614276,1.15714189,1.15714189,30566.6922408,NaN,NaN,NaN,NaN,NaN,NaN,NaN
1626656400,1.15285618,1.19571329,1.15285618,1.15714189,427933.69137119,NaN,NaN,NaN,NaN,NaN,NaN,NaN
1626829200,1.17857044,1.17857044,1.17428473,1.17428473,4666.67057111,NaN,NaN,NaN,NaN,NaN,NaN,NaN
1626915600,1.17428473,1.17857044,1.1614276,1.16571331,94500.07906507,NaN,NaN,NaN,NaN,NaN,NaN,NaN
1627002000,1.16571331,1.16999902,1.14857047,1.14857047,271133.56018175,NaN,NaN,NaN,NaN,NaN,NaN,NaN
1627261200,1.1614276,1.19571329,1.1614276,1.16571331,632567.19591455,NaN,NaN,NaN,NaN,NaN,NaN,NaN
1627347600,1.20428471,1.20428471,1.16571331,1.18285615,576800.48258974,NaN,NaN,NaN,NaN,NaN,NaN,NaN
1627434000,1.18714186,1.199999,1.17857044,1.199999,1083600.90661276,NaN,NaN,NaN,NaN,NaN,NaN,NaN
1627520400,1.19571329,1.199999,1.17857044,1.199999,2657668.89024964,NaN,NaN,NaN,NaN,NaN,NaN,NaN
1627606800,1.18714186,1.199999,1.18285615,1.199999,2114701.76930048,NaN,NaN,NaN,NaN,NaN,NaN,NaN
1627866000,1.199999,1.20428471,1.19142757,1.199999,276966.89839564,NaN,NaN,NaN,NaN,NaN,NaN,NaN
1627952400,1.199999,1.20428471,1.19142757,1.199999,1421001.18890433,NaN,NaN,NaN,NaN,NaN,NaN,NaN
1628038800,1.199999,1.199999,1.19142757,1.199999,394100.32973061,NaN,NaN,NaN,NaN,NaN,NaN,NaN
1628125200,1.199999,1.199999,1.19142757,1.19571329,389666.99268805,NaN,NaN,NaN,NaN,NaN,NaN,NaN
1628211600,1.19142757,1.19142757,1.18714186,1.18714186,878967.40206939,NaN,NaN,NaN,NaN,NaN,NaN,NaN
1628470800,1.18714186,1.19571329,1.18285615,1.18714186,687400.57512515,NaN,NaN,NaN,NaN,NaN,NaN,NaN
1628643600,1.18285615,1.199999,1.18285615,1.19142757,628600.52592911,NaN,NaN,NaN,NaN,NaN,NaN,NaN
1628730000,1.19142757,1.19142757,1.18285615,1.18714186,1301534.4222838,NaN,NaN,NaN,NaN,NaN,NaN,NaN
1628816400,1.18714186,1.20428471,1.18714186,1.20428471,396433.66501617,NaN,NaN,NaN,NaN,NaN,NaN,NaN
1629075600,1.20428471,1.20857042,1.19142757,1.20857042,955967.46649278,NaN,NaN,NaN,NaN,NaN,NaN,NaN
1629162000,1.199999,1.23428468,1.19142757,1.22571326,1440367.87177445,NaN,NaN,NaN,NaN,NaN,NaN,NaN
1629248400,1.22999897,1.22999897,1.21714184,1.22571326,667333.89166936,NaN,NaN,NaN,NaN,NaN,NaN,NaN
1629334800,1.22571326,1.22571326,1.199999,1.20857042,563967.13851917,NaN,NaN,NaN,NaN,NaN,NaN,NaN
1629421200,1.21285613,1.21714184,1.20857042,1.21714184,287000.24012353,NaN,NaN,NaN,NaN,NaN,NaN,NaN
1629680400,1.21714184,1.22142755,1.20857042,1.21285613,1925934.9446989,NaN,NaN,NaN,NaN,NaN,NaN,NaN
1629766800,1.20428471,1.22142755,1.18285615,1.22142755,5899838.26953135,NaN,NaN,NaN,NaN,NaN,NaN,NaN
1629853200,1.22142755,1.22999897,1.21285613,1.22142755,5883738.25606101,NaN,NaN,NaN,NaN,NaN,NaN,NaN
1629939600,1.22142755,1.27714179,1.21714184,1.26428466,5439004.55063381,NaN,NaN,NaN,NaN,NaN,NaN,NaN
1630026000,1.25999895,1.26857037,1.2428561,1.26428466,2984802.49728476,NaN,NaN,NaN,NaN,NaN,NaN,NaN
1630285200,1.26428466,1.27285608,1.26428466,1.27285608,2815635.68908186,NaN,NaN,NaN,NaN,NaN,NaN,NaN
1630458000,1.27714179,1.28571321,1.26857037,1.2814275,3562302.98046016,NaN,NaN,NaN,NaN,NaN,NaN,NaN
1630544400,1.2814275,1.28571321,1.27285608,1.27285608,2061735.05831833,NaN,NaN,NaN,NaN,NaN,NaN,NaN
1630630800,1.2814275,1.29428463,1.27714179,1.28571321,8579907.17852234,NaN,NaN,NaN,NaN,NaN,NaN,NaN
1630890000,1.28999892,1.32428461,1.26857037,1.26857037,5903104.93893113,NaN,NaN,NaN,NaN,NaN,NaN,NaN
1630976400,1.26857037,1.28999892,1.26857037,1.26857037,1479101.2375147,NaN,NaN,NaN,NaN,NaN,NaN,NaN
1631062800,1.26857037,1.27714179,1.25142752,1.26428466,1242267.70603065,NaN,NaN,NaN,NaN,NaN,NaN,NaN
1631149200,1.24714181,1.26857037,1.20857042,1.25571324,1387401.1607923,NaN,NaN,NaN,NaN,NaN,NaN,NaN
1631235600,1.25571324,1.25571324,1.24714181,1.24714181,657067.2164129,NaN,NaN,NaN,NaN,NaN,NaN,NaN
1631494800,1.25142752,1.29428463,1.25142752,1.28571321,1741601.45713989,NaN,NaN,NaN,NaN,NaN,NaN,NaN
1631581200,1.29428463,1.29428463,1.25999895,1.27285608,1001700.8380897,NaN,NaN,NaN,NaN,NaN,NaN,NaN
1631667600,1.27285608,1.2814275,1.26428466,1.27285608,1539067.95435352,NaN,NaN,NaN,NaN,NaN,NaN,NaN
1631840400,1.27285608,1.27714179,1.26428466,1.27714179,695567.2486246,NaN,NaN,NaN,NaN,NaN,NaN,NaN
1632099600,1.27714179,1.27714179,1.25571324,1.25999895,870334.06151283,NaN,NaN,NaN,NaN,NaN,NaN,NaN
1632186000,1.2428561,1.28571321,1.2428561,1.28571321,1855468.21907508,NaN,NaN,NaN,NaN,NaN,NaN,NaN
1632272400,1.29428463,1.3199989,1.2814275,1.2814275,5066370.90553032,NaN,NaN,NaN,NaN,NaN,NaN,NaN
1632358800,1.27714179,1.28999892,1.25999895,1.26857037,1362667.8067654,NaN,NaN,NaN,NaN,NaN,NaN,NaN
1632445200,1.26428466,1.28999892,1.25999895,1.27714179,1553534.63312398,NaN,NaN,NaN,NaN,NaN,NaN,NaN
1632704400,1.27285608,1.28571321,1.25571324,1.25999895,1523434.60794029,NaN,NaN,NaN,NaN,NaN,NaN,NaN
1632790800,1.25999895,1.26857037,1.24714181,1.25999895,735700.61553618,NaN,NaN,NaN,NaN,NaN,NaN,NaN
1632877200,1.24714181,1.26857037,1.24714181,1.25571324,544600.45564905,NaN,NaN,NaN,NaN,NaN,NaN,NaN
1632963600,1.26428466,1.27285608,1.26428466,1.26857037,313600.26237889,2452548112.20506,3423455000,2123538000,50688000,998104000,1299917000,1.01452803865541
1633050000,1.26428466,1.27714179,1.26428466,1.27714179,254566.87965429,NaN,NaN,NaN,NaN,NaN,NaN,NaN
1633309200,1.2814275,1.28571321,1.27285608,1.28571321,755533.96546342,NaN,NaN,NaN,NaN,NaN,NaN,NaN
1633395600,1.29428463,1.34999887,1.27714179,1.34571316,3720503.11282094,NaN,NaN,NaN,NaN,NaN,NaN,NaN
1633482000,1.34999887,1.34999887,1.3199989,1.32857032,1153367.63165092,NaN,NaN,NaN,NaN,NaN,NaN,NaN
1633568400,1.32857032,1.34571316,1.30285605,1.31571318,900200.75316796,NaN,NaN,NaN,NaN,NaN,NaN,NaN
1633654800,1.31571318,1.3199989,1.29428463,1.29428463,634200.53061444,NaN,NaN,NaN,NaN,NaN,NaN,NaN
1633914000,1.28999892,1.31142747,1.28999892,1.29857034,1410734.51364788,NaN,NaN,NaN,NaN,NaN,NaN,NaN
1634000400,1.29428463,1.30285605,1.28571321,1.29857034,666400.55755513,NaN,NaN,NaN,NaN,NaN,NaN,NaN
1634086800,1.29857034,1.29857034,1.29428463,1.29857034,482067.06999612,NaN,NaN,NaN,NaN,NaN,NaN,NaN
1634173200,1.30285605,1.31571318,1.30285605,1.31142747,2839202.37546599,NaN,NaN,NaN,NaN,NaN,NaN,NaN
1634259600,1.31571318,1.38428456,1.31571318,1.36714171,5910804.94537347,NaN,NaN,NaN,NaN,NaN,NaN,NaN
1634518800,1.36714171,1.37142742,1.33714174,1.35857029,1727834.7789551,NaN,NaN,NaN,NaN,NaN,NaN,NaN
1634691600,1.34999887,1.34999887,1.33714174,1.34999887,1232701.03135986,NaN,NaN,NaN,NaN,NaN,NaN,NaN
1634778000,1.34999887,1.37142742,1.29857034,1.30285605,3656803.05952523,NaN,NaN,NaN,NaN,NaN,NaN,NaN
1634864400,1.30285605,1.32857032,1.30285605,1.32428461,530833.77746426,NaN,NaN,NaN,NaN,NaN,NaN,NaN
1635123600,1.32428461,1.34999887,1.32428461,1.33714174,1580834.655965,NaN,NaN,NaN,NaN,NaN,NaN,NaN
1635210000,1.33285603,1.34999887,1.32428461,1.34999887,999834.16986126,NaN,NaN,NaN,NaN,NaN,NaN,NaN
1635296400,1.34999887,1.34999887,1.33714174,1.33714174,1251367.71364432,NaN,NaN,NaN,NaN,NaN,NaN,NaN
1635382800,1.33714174,1.34999887,1.31142747,1.31142747,1075667.56664186,NaN,NaN,NaN,NaN,NaN,NaN,NaN
1635469200,1.31142747,1.31142747,1.29857034,1.29857034,1336067.78451005,NaN,NaN,NaN,NaN,NaN,NaN,NaN
1635728400,1.27285608,1.30285605,1.26428466,1.30285605,1269801.06240022,NaN,NaN,NaN,NaN,NaN,NaN,NaN
1635814800,1.31142747,1.31142747,1.27714179,1.2814275,913034.09723853,NaN,NaN,NaN,NaN,NaN,NaN,NaN
1635901200,1.27714179,1.28571321,1.27714179,1.28571321,1105067.59123988,NaN,NaN,NaN,NaN,NaN,NaN,NaN
1636074000,1.28571321,1.28999892,1.27285608,1.27714179,1401867.83956276,NaN,NaN,NaN,NaN,NaN,NaN,NaN
1636333200,1.28571321,1.30285605,1.27714179,1.29857034,600600.50250242,NaN,NaN,NaN,NaN,NaN,NaN,NaN
1636419600,1.28571321,1.29857034,1.28571321,1.28999892,575867.14847551,NaN,NaN,NaN,NaN,NaN,NaN,NaN
1636506000,1.2814275,1.28571321,1.27714179,1.27714179,1051167.54614351,NaN,NaN,NaN,NaN,NaN,NaN,NaN
1636592400,1.27714179,1.2814275,1.25999895,1.2814275,1008234.17688926,NaN,NaN,NaN,NaN,NaN,NaN,NaN
1636678800,1.2814275,1.29428463,1.27714179,1.28571321,1728068.11248365,NaN,NaN,NaN,NaN,NaN,NaN,NaN
1636938000,1.28571321,1.28571321,1.25999895,1.25999895,389900.32621661,NaN,NaN,NaN,NaN,NaN,NaN,NaN
1637024400,1.27285608,1.28571321,1.26857037,1.27285608,376600.31508893,NaN,NaN,NaN,NaN,NaN,NaN,NaN
1637110800,1.26857037,1.2814275,1.25999895,1.2814275,206966.83982892,NaN,NaN,NaN,NaN,NaN,NaN,NaN
1637197200,1.25142752,1.26857037,1.25142752,1.25142752,150266.79238988,NaN,NaN,NaN,NaN,NaN,NaN,NaN
1637283600,1.26857037,1.26857037,1.2428561,1.2428561,151200.12650411,NaN,NaN,NaN,NaN,NaN,NaN,NaN
1637542800,1.23857039,1.23857039,1.17857044,1.18285615,1401867.83956276,NaN,NaN,NaN,NaN,NaN,NaN,NaN
1637629200,1.18285615,1.23428468,1.18285615,1.22999897,657300.54994146,NaN,NaN,NaN,NaN,NaN,NaN,NaN
1637715600,1.22999897,1.23857039,1.22999897,1.22999897,406000.33968695,NaN,NaN,NaN,NaN,NaN,NaN,NaN
1637802000,1.23428468,1.2428561,1.23428468,1.23857039,509600.42636569,NaN,NaN,NaN,NaN,NaN,NaN,NaN
1637888400,1.23857039,1.23857039,1.18285615,1.20428471,900434.08669652,NaN,NaN,NaN,NaN,NaN,NaN,NaN
1638147600,1.16999902,1.19142757,1.16571331,1.16999902,930300.77835165,NaN,NaN,NaN,NaN,NaN,NaN,NaN
1638234000,1.16999902,1.18714186,1.16999902,1.17428473,348133.62460513,NaN,NaN,NaN,NaN,NaN,NaN,NaN
1638320400,1.17428473,1.17857044,1.16571331,1.16571331,356766.96516169,NaN,NaN,NaN,NaN,NaN,NaN,NaN
1638406800,1.16571331,1.17857044,1.13571334,1.13571334,752967.2966493,NaN,NaN,NaN,NaN,NaN,NaN,NaN
1638752400,1.13999905,1.15714189,1.13999905,1.14857047,417433.68258618,NaN,NaN,NaN,NaN,NaN,NaN,NaN
1638838800,1.15714189,1.1614276,1.13571334,1.15285618,637233.86648567,NaN,NaN,NaN,NaN,NaN,NaN,NaN
1638925200,1.15285618,1.18714186,1.15285618,1.16571331,524300.4386647,NaN,NaN,NaN,NaN,NaN,NaN,NaN
1639011600,1.16999902,1.18285615,1.15714189,1.16571331,571667.14496151,NaN,NaN,NaN,NaN,NaN,NaN,NaN
1639098000,1.18285615,1.18285615,1.14857047,1.14857047,254333.54612573,NaN,NaN,NaN,NaN,NaN,NaN,NaN
1639357200,1.14428476,1.15714189,1.14428476,1.15285618,175466.8134739,NaN,NaN,NaN,NaN,NaN,NaN,NaN
1639443600,1.16571331,1.16571331,1.15285618,1.15714189,154933.462961,NaN,NaN,NaN,NaN,NaN,NaN,NaN
1639530000,1.1614276,1.1614276,1.14857047,1.15285618,169166.8082029,NaN,NaN,NaN,NaN,NaN,NaN,NaN
1639616400,1.15285618,1.15285618,1.15285618,1.15285618,0,NaN,NaN,NaN,NaN,NaN,NaN,NaN
1639702800,1.15285618,1.15285618,1.13999905,1.14428476,355833.63104747,NaN,NaN,NaN,NaN,NaN,NaN,NaN
1639962000,1.15714189,1.1614276,1.13571334,1.14428476,686700.57453948,NaN,NaN,NaN,NaN,NaN,NaN,NaN
1640048400,1.13571334,1.13999905,1.13571334,1.13999905,412767.01201507,NaN,NaN,NaN,NaN,NaN,NaN,NaN
1640134800,1.13571334,1.13999905,1.1228562,1.13999905,385000.32211694,NaN,NaN,NaN,NaN,NaN,NaN,NaN
1640221200,1.13999905,1.13999905,1.13571334,1.13571334,384066.98800271,NaN,NaN,NaN,NaN,NaN,NaN,NaN
1640307600,1.13571334,1.16999902,1.13571334,1.13999905,562800.47087639,NaN,NaN,NaN,NaN,NaN,NaN,NaN
1640566800,1.13571334,1.16571331,1.12714191,1.15285618,468767.05886844,NaN,NaN,NaN,NaN,NaN,NaN,NaN
1640653200,1.15714189,1.16999902,1.15714189,1.1614276,877334.0673695,NaN,NaN,NaN,NaN,NaN,NaN,NaN
1640739600,1.1614276,1.199999,1.1614276,1.18714186,435400.36428497,NaN,NaN,NaN,NaN,NaN,NaN,NaN
1640826000,1.18714186,1.21285613,1.16999902,1.16999902,520567.10220781,NaN,NaN,NaN,NaN,NaN,NaN,NaN
1640912400,1.16999902,1.199999,1.16999902,1.199999,541800.45330638,2460284946.91978,3495472253,2153125424,80244000,1088341000,1342346829,1.42916809175001
1641171600,1.20428471,1.20428471,1.19142757,1.19142757,556267.13207683,NaN,NaN,NaN,NaN,NaN,NaN,NaN
1641258000,1.199999,1.22142755,1.19571329,1.21285613,3535702.95820481,NaN,NaN,NaN,NaN,NaN,NaN,NaN
1641344400,1.21285613,1.22142755,1.20428471,1.21285613,799400.66883189,NaN,NaN,NaN,NaN,NaN,NaN,NaN
1641430800,1.20857042,1.21285613,1.199999,1.20857042,675500.56516881,NaN,NaN,NaN,NaN,NaN,NaN,NaN
1641517200,1.21285613,1.21285613,1.20428471,1.21285613,362133.63631848,NaN,NaN,NaN,NaN,NaN,NaN,NaN
1641776400,1.199999,1.20857042,1.19571329,1.19571329,876634.06678384,NaN,NaN,NaN,NaN,NaN,NaN,NaN
1641862800,1.18714186,1.199999,1.18285615,1.18285615,101266.75139318,NaN,NaN,NaN,NaN,NaN,NaN,NaN
1641949200,1.18285615,1.199999,1.16571331,1.199999,352100.29459058,NaN,NaN,NaN,NaN,NaN,NaN,NaN
1642035600,1.199999,1.199999,1.16999902,1.16999902,504933.75579458,NaN,NaN,NaN,NaN,NaN,NaN,NaN
1642122000,1.16999902,1.17428473,1.1614276,1.16571331,1963268.30926782,NaN,NaN,NaN,NaN,NaN,NaN,NaN
1642381200,1.18714186,1.18714186,1.16571331,1.17857044,196700.16457247,NaN,NaN,NaN,NaN,NaN,NaN,NaN
1642554000,1.1614276,1.1614276,1.14428476,1.15285618,2715302.2718029,NaN,NaN,NaN,NaN,NaN,NaN,NaN
1642640400,1.15714189,1.15714189,1.14857047,1.15285618,16333.3469989,NaN,NaN,NaN,NaN,NaN,NaN,NaN
1642726800,1.15285618,1.15285618,1.13142762,1.14428476,1745801.46065389,NaN,NaN,NaN,NaN,NaN,NaN,NaN
1642986000,1.13999905,1.13999905,1.13142762,1.13571334,250133.54261173,NaN,NaN,NaN,NaN,NaN,NaN,NaN
1643072400,1.13571334,1.13571334,1.11857049,1.1228562,554867.1309055,NaN,NaN,NaN,NaN,NaN,NaN,NaN
1643158800,1.1228562,1.14857047,1.1228562,1.14857047,77466.7314805,NaN,NaN,NaN,NaN,NaN,NaN,NaN
1643245200,1.13571334,1.13999905,1.13571334,1.13571334,1091300.9130551,NaN,NaN,NaN,NaN,NaN,NaN,NaN
1643331600,1.13571334,1.14428476,1.13142762,1.13571334,537133.78273526,NaN,NaN,NaN,NaN,NaN,NaN,NaN
1643590800,1.13571334,1.14857047,1.13571334,1.14428476,115500.09663508,NaN,NaN,NaN,NaN,NaN,NaN,NaN
1643850000,1.13571334,1.13999905,1.12714191,1.13142762,203700.17042914,NaN,NaN,NaN,NaN,NaN,NaN,NaN
1643936400,1.1228562,1.15285618,1.1228562,1.13571334,93566.74495084,NaN,NaN,NaN,NaN,NaN,NaN,NaN
1644195600,1.13571334,1.14857047,1.12714191,1.13142762,311966.927679,NaN,NaN,NaN,NaN,NaN,NaN,NaN
1644282000,1.13142762,1.14428476,1.1228562,1.13571334,582867.15433219,NaN,NaN,NaN,NaN,NaN,NaN,NaN
1644368400,1.13571334,1.15714189,1.13142762,1.14857047,2206168.51249432,NaN,NaN,NaN,NaN,NaN,NaN,NaN
1644454800,1.14857047,1.18714186,1.14857047,1.15714189,1850568.21497541,NaN,NaN,NaN,NaN,NaN,NaN,NaN
1644541200,1.15714189,1.17428473,1.14857047,1.16999902,686700.57453948,NaN,NaN,NaN,NaN,NaN,NaN,NaN
1644800400,1.15714189,1.16999902,1.13999905,1.13999905,3641169.71311199,NaN,NaN,NaN,NaN,NaN,NaN,NaN
1644886800,1.13999905,1.16999902,1.13999905,1.1614276,2290868.58336005,NaN,NaN,NaN,NaN,NaN,NaN,NaN
1644973200,1.1614276,1.20857042,1.15714189,1.19142757,1805768.17749271,NaN,NaN,NaN,NaN,NaN,NaN,NaN
1645059600,1.19571329,1.2814275,1.19571329,1.2814275,5985471.6745113,NaN,NaN,NaN,NaN,NaN,NaN,NaN
1645146000,1.26857037,1.2814275,1.25571324,1.26857037,979767.48640546,NaN,NaN,NaN,NaN,NaN,NaN,NaN
1645405200,1.26857037,1.30714176,1.2428561,1.30714176,3239836.04399616,NaN,NaN,NaN,NaN,NaN,NaN,NaN
1645491600,1.2814275,1.2814275,1.199999,1.199999,2499702.09141742,NaN,NaN,NaN,NaN,NaN,NaN,NaN
1645578000,1.19571329,1.21285613,1.16571331,1.17857044,1964434.9769106,NaN,NaN,NaN,NaN,NaN,NaN,NaN
1645664400,1.16999902,1.18285615,1.12714191,1.15714189,1829801.53093395,NaN,NaN,NaN,NaN,NaN,NaN,NaN
1645750800,1.15285618,1.16571331,1.13999905,1.15714189,2043068.37603387,NaN,NaN,NaN,NaN,NaN,NaN,NaN
1646010000,1.1614276,1.17857044,1.15714189,1.16571331,1920568.27354212,NaN,NaN,NaN,NaN,NaN,NaN,NaN
1646096400,1.17428473,1.18285615,1.16999902,1.17428473,402033.6697015,NaN,NaN,NaN,NaN,NaN,NaN,NaN
1646182800,1.16571331,1.17428473,1.15714189,1.1614276,591267.16136019,NaN,NaN,NaN,NaN,NaN,NaN,NaN
1646269200,1.1614276,1.18285615,1.1614276,1.16999902,2277101.90517526,NaN,NaN,NaN,NaN,NaN,NaN,NaN
1646355600,1.16571331,1.17857044,1.14428476,1.14428476,594067.16370286,NaN,NaN,NaN,NaN,NaN,NaN,NaN
1646614800,1.13999905,1.13999905,1.07142768,1.11428478,2105368.42815825,NaN,NaN,NaN,NaN,NaN,NaN,NaN
1646701200,1.10571336,1.10999907,1.07142768,1.10142765,1271667.73062867,NaN,NaN,NaN,NaN,NaN,NaN,NaN
1646787600,1.10142765,1.12714191,1.10142765,1.11428478,353266.96223336,NaN,NaN,NaN,NaN,NaN,NaN,NaN
1646874000,1.13142762,1.13999905,1.11857049,1.13571334,1466967.8940298,NaN,NaN,NaN,NaN,NaN,NaN,NaN
1646960400,1.10999907,1.12714191,1.10142765,1.10571336,234033.52914139,NaN,NaN,NaN,NaN,NaN,NaN,NaN
1647219600,1.10999907,1.11428478,1.10571336,1.10999907,166366.80586023,NaN,NaN,NaN,NaN,NaN,NaN,NaN
1647306000,1.10999907,1.10999907,1.08857052,1.08857052,361900.30278992,NaN,NaN,NaN,NaN,NaN,NaN,NaN
1647392400,1.08857052,1.11428478,1.08428481,1.09285623,424900.35549996,NaN,NaN,NaN,NaN,NaN,NaN,NaN
1647478800,1.09714194,1.10999907,1.05857054,1.06714196,2009235.0143933,NaN,NaN,NaN,NaN,NaN,NaN,NaN
1647565200,1.0799991,1.0799991,1.07142768,1.07142768,1716401.43605587,NaN,NaN,NaN,NaN,NaN,NaN,NaN
1647824400,1.08428481,1.09714194,1.0799991,1.09285623,584033.82197496,NaN,NaN,NaN,NaN,NaN,NaN,NaN
1647910800,1.08428481,1.11857049,1.0799991,1.11428478,288166.90776631,NaN,NaN,NaN,NaN,NaN,NaN,NaN
1647997200,1.11428478,1.11428478,1.09714194,1.10999907,142800.1194761,NaN,NaN,NaN,NaN,NaN,NaN,NaN
1648083600,1.10999907,1.10999907,1.10142765,1.10999907,91233.40966529,NaN,NaN,NaN,NaN,NaN,NaN,NaN
1648170000,1.10999907,1.13571334,1.10999907,1.12714191,416267.0149434,NaN,NaN,NaN,NaN,NaN,NaN,NaN
1648429200,1.11428478,1.14428476,1.11428478,1.13999905,235666.86384128,NaN,NaN,NaN,NaN,NaN,NaN,NaN
1648515600,1.13571334,1.14428476,1.1228562,1.14428476,314533.59649311,NaN,NaN,NaN,NaN,NaN,NaN,NaN
1648602000,1.13571334,1.14428476,1.13142762,1.13571334,236133.53089839,NaN,NaN,NaN,NaN,NaN,NaN,NaN
1648688400,1.13571334,1.13999905,1.13142762,1.13571334,169866.80878856,2465710458.66312,3268542000,1865842000,75252000,990527000,1402700000,1.69849225967547
1648774800,1.13142762,1.13999905,1.13142762,1.13999905,59033.3827246,NaN,NaN,NaN,NaN,NaN,NaN,NaN
1649034000,1.14428476,1.14857047,1.13999905,1.14857047,163800.13704611,NaN,NaN,NaN,NaN,NaN,NaN,NaN
1649120400,1.14857047,1.16999902,1.14857047,1.1614276,1679068.07148695,NaN,NaN,NaN,NaN,NaN,NaN,NaN
1649206800,1.1614276,1.16999902,1.15714189,1.16999902,1307601.09402625,NaN,NaN,NaN,NaN,NaN,NaN,NaN
1649293200,1.16999902,1.16999902,1.15714189,1.16571331,672467.22929758,NaN,NaN,NaN,NaN,NaN,NaN,NaN
1649379600,1.1614276,1.17428473,1.1614276,1.16999902,44800.0374827,NaN,NaN,NaN,NaN,NaN,NaN,NaN
1649638800,1.16999902,1.17428473,1.16571331,1.16999902,587067.15784619,NaN,NaN,NaN,NaN,NaN,NaN,NaN
1649725200,1.16571331,1.16999902,1.14857047,1.16999902,1083834.24014131,NaN,NaN,NaN,NaN,NaN,NaN,NaN
1649811600,1.17428473,1.17857044,1.15714189,1.16571331,79333.39970894,NaN,NaN,NaN,NaN,NaN,NaN,NaN
1649898000,1.16571331,1.16571331,1.15714189,1.15714189,2578568.82406925,NaN,NaN,NaN,NaN,NaN,NaN,NaN
1649984400,1.15714189,1.1614276,1.14857047,1.14857047,701867.2538956,NaN,NaN,NaN,NaN,NaN,NaN,NaN
1650243600,1.14428476,1.15714189,1.14428476,1.15285618,170800.14290279,NaN,NaN,NaN,NaN,NaN,NaN,NaN
1650416400,1.15285618,1.15714189,1.13571334,1.13999905,143500.12006177,NaN,NaN,NaN,NaN,NaN,NaN,NaN
1650502800,1.13999905,1.15714189,1.13999905,1.14857047,696500.58273882,NaN,NaN,NaN,NaN,NaN,NaN,NaN
1650589200,1.14428476,1.15714189,1.13999905,1.15285618,317800.26589289,NaN,NaN,NaN,NaN,NaN,NaN,NaN
1650848400,1.15285618,1.15285618,1.13142762,1.13571334,858200.71802793,NaN,NaN,NaN,NaN,NaN,NaN,NaN
1650934800,1.13571334,1.14428476,1.13571334,1.13999905,25900.02166968,NaN,NaN,NaN,NaN,NaN,NaN,NaN
1651021200,1.13999905,1.13999905,1.12714191,1.13999905,206500.17277181,NaN,NaN,NaN,NaN,NaN,NaN,NaN
1651107600,1.13999905,1.13999905,1.12714191,1.13999905,200900.16808647,NaN,NaN,NaN,NaN,NaN,NaN,NaN
1651194000,1.12714191,1.13142762,1.10571336,1.13142762,655433.88171301,NaN,NaN,NaN,NaN,NaN,NaN,NaN
1651712400,1.12714191,1.12714191,1.07142768,1.08428481,1167834.31042137,NaN,NaN,NaN,NaN,NaN,NaN,NaN
1651798800,1.07571339,1.07571339,1.04999912,1.06285625,1451567.88114513,NaN,NaN,NaN,NaN,NaN,NaN,NaN
1652058000,1.05857054,1.05857054,1.0028563,1.02428486,1401167.83897709,NaN,NaN,NaN,NaN,NaN,NaN,NaN
1652144400,1.02857057,1.03714199,1.01142773,1.03285628,466433.72358288,NaN,NaN,NaN,NaN,NaN,NaN,NaN
1652230800,1.03285628,1.04999912,1.01571344,1.04999912,766967.30836265,NaN,NaN,NaN,NaN,NaN,NaN,NaN
1652317200,1.03714199,1.04999912,1.00714201,1.00714201,836267.3663437,NaN,NaN,NaN,NaN,NaN,NaN,NaN
1652403600,1.00714201,1.04999912,0.99428488,1.00714201,852834.04687115,NaN,NaN,NaN,NaN,NaN,NaN,NaN
1652749200,1.02428486,1.02428486,0.96428491,0.97714204,1012900.84746038,NaN,NaN,NaN,NaN,NaN,NaN,NaN
1652835600,0.97285633,1.0028563,0.97285633,0.99857059,605033.83954498,NaN,NaN,NaN,NaN,NaN,NaN,NaN
1652922000,0.98999917,1.00714201,0.98571346,0.99857059,547633.79152027,NaN,NaN,NaN,NaN,NaN,NaN,NaN
1653008400,0.99857059,1.0028563,0.98571346,0.98999917,400633.66853017,NaN,NaN,NaN,NaN,NaN,NaN,NaN
1653267600,0.98999917,1.01142773,0.98571346,0.98571346,413467.01260073,NaN,NaN,NaN,NaN,NaN,NaN,NaN
1653354000,1.00714201,1.00714201,0.98142775,0.98571346,202533.50278636,NaN,NaN,NaN,NaN,NaN,NaN,NaN
1653440400,0.98142775,0.98142775,0.97285633,0.97714204,245000.2049835,NaN,NaN,NaN,NaN,NaN,NaN,NaN
1653526800,0.96857062,0.97714204,0.96428491,0.96857062,1056300.88377174,NaN,NaN,NaN,NaN,NaN,NaN,NaN
1653613200,0.96857062,0.98571346,0.96857062,0.98571346,354666.96340469,NaN,NaN,NaN,NaN,NaN,NaN,NaN
1653872400,0.98142775,0.98142775,0.95571349,0.95571349,588233.82548897,NaN,NaN,NaN,NaN,NaN,NaN,NaN
1653958800,0.98999917,1.04571341,0.98571346,1.04571341,4805037.35354792,NaN,NaN,NaN,NaN,NaN,NaN,NaN
1654045200,1.03714199,1.07142768,1.03285628,1.06714196,1523901.2749974,NaN,NaN,NaN,NaN,NaN,NaN,NaN
1654131600,1.06714196,1.12714191,1.06714196,1.11857049,2525602.1130871,NaN,NaN,NaN,NaN,NaN,NaN,NaN
1654218000,1.11857049,1.11857049,1.09285623,1.10999907,771633.97893376,NaN,NaN,NaN,NaN,NaN,NaN,NaN
1654563600,1.10571336,1.11857049,1.09714194,1.11857049,370300.30981793,NaN,NaN,NaN,NaN,NaN,NaN,NaN
1654650000,1.11857049,1.11857049,1.08857052,1.10142765,1710568.09784198,NaN,NaN,NaN,NaN,NaN,NaN,NaN
1654736400,1.10571336,1.10571336,1.0799991,1.10142765,472733.72885389,NaN,NaN,NaN,NaN,NaN,NaN,NaN
1654822800,1.07571339,1.10142765,1.07571339,1.0799991,636767.19942856,NaN,NaN,NaN,NaN,NaN,NaN,NaN
1655082000,1.07142768,1.07142768,1.05857054,1.06285625,567000.4743904,NaN,NaN,NaN,NaN,NaN,NaN,NaN
1655168400,1.0414277,1.10571336,1.0414277,1.09285623,1233634.36547409,NaN,NaN,NaN,NaN,NaN,NaN,NaN
1655254800,1.09285623,1.10142765,1.07142768,1.09285623,1494501.25039938,NaN,NaN,NaN,NaN,NaN,NaN,NaN
1655341200,1.08428481,1.08428481,1.0414277,1.05857054,933800.78127999,NaN,NaN,NaN,NaN,NaN,NaN,NaN
1655427600,1.02857057,1.07571339,1.02857057,1.07142768,546467.12387749,NaN,NaN,NaN,NaN,NaN,NaN,NaN
1655686800,1.04999912,1.05857054,1.0414277,1.05428483,477167.06589645,NaN,NaN,NaN,NaN,NaN,NaN,NaN
1655773200,1.06285625,1.07142768,1.04999912,1.07142768,657067.2164129,NaN,NaN,NaN,NaN,NaN,NaN,NaN
1655859600,1.07142768,1.07142768,1.04571341,1.06285625,1067967.56019953,NaN,NaN,NaN,NaN,NaN,NaN,NaN
1655946000,1.06285625,1.06285625,1.04571341,1.05857054,219333.51684238,NaN,NaN,NaN,NaN,NaN,NaN,NaN
1656032400,1.05857054,1.06714196,1.04999912,1.06714196,408567.00850106,NaN,NaN,NaN,NaN,NaN,NaN,NaN
1656291600,1.06714196,1.08428481,1.05857054,1.08428481,325266.93880667,NaN,NaN,NaN,NaN,NaN,NaN,NaN
1656378000,1.08428481,1.08428481,1.07571339,1.08428481,176400.14758812,NaN,NaN,NaN,NaN,NaN,NaN,NaN
1656464400,1.08857052,1.08857052,1.0799991,1.0799991,258766.88316829,NaN,NaN,NaN,NaN,NaN,NaN,NaN
1656550800,1.0799991,1.09714194,1.0799991,1.0799991,674567.23105458,2506361832.53164,3189264000,1758678000,66860000,1197505000,1430586000,2.57963220188889
1656637200,1.07571339,1.08857052,1.03714199,1.07571339,507033.75755158,NaN,NaN,NaN,NaN,NaN,NaN,NaN
1656896400,1.07142768,1.07571339,1.06714196,1.07142768,505867.0899088,NaN,NaN,NaN,NaN,NaN,NaN,NaN
1656982800,1.07142768,1.0799991,1.06285625,1.07571339,116666.76427786,NaN,NaN,NaN,NaN,NaN,NaN,NaN
1657069200,1.07142768,1.07142768,1.05428483,1.06714196,342300.28639124,NaN,NaN,NaN,NaN,NaN,NaN,NaN
1657155600,1.05857054,1.05857054,1.02428486,1.0414277,1296401.08465557,NaN,NaN,NaN,NaN,NaN,NaN,NaN
1657242000,1.01571344,1.04571341,1.01571344,1.02857057,747367.29196397,NaN,NaN,NaN,NaN,NaN,NaN,NaN
1657587600,1.01999915,1.02857057,0.99428488,1.01142773,217466.84861393,NaN,NaN,NaN,NaN,NaN,NaN,NaN
1657674000,1.0028563,1.0028563,0.96857062,0.96857062,800800.67000323,NaN,NaN,NaN,NaN,NaN,NaN,NaN
1657760400,0.97714204,0.98571346,0.95142778,0.9599992,565833.80674762,NaN,NaN,NaN,NaN,NaN,NaN,NaN
1657846800,0.9599992,0.96428491,0.92999922,0.93428493,717267.26678028,NaN,NaN,NaN,NaN,NaN,NaN,NaN
1658106000,0.93857064,0.95571349,0.93428493,0.94285635,662900.5546268,NaN,NaN,NaN,NaN,NaN,NaN,NaN
1658192400,0.93428493,0.94714206,0.92999922,0.94285635,693467.2468676,NaN,NaN,NaN,NaN,NaN,NaN,NaN
1658278800,0.94285635,0.9599992,0.93857064,0.95571349,988867.49401914,NaN,NaN,NaN,NaN,NaN,NaN,NaN
1658365200,0.9599992,0.9599992,0.93428493,0.9599992,1186267.65917728,NaN,NaN,NaN,NaN,NaN,NaN,NaN
1658451600,0.9599992,0.97285633,0.94714206,0.96857062,611333.84481598,NaN,NaN,NaN,NaN,NaN,NaN,NaN
1658710800,0.9599992,0.9599992,0.94285635,0.94714206,415567.01435774,NaN,NaN,NaN,NaN,NaN,NaN,NaN
1658797200,0.9599992,0.9599992,0.93428493,0.95142778,451267.04422676,NaN,NaN,NaN,NaN,NaN,NaN,NaN
1658883600,0.94714206,0.95571349,0.93428493,0.93857064,950134.12827889,NaN,NaN,NaN,NaN,NaN,NaN,NaN
1658970000,0.94285635,0.97285633,0.93857064,0.97285633,1786634.82815114,NaN,NaN,NaN,NaN,NaN,NaN,NaN
1659056400,0.97285633,1.03714199,0.96857062,1.03714199,2150401.79916951,NaN,NaN,NaN,NaN,NaN,NaN,NaN
1659315600,1.03714199,1.04999912,1.01142773,1.04999912,739900.61905018,NaN,NaN,NaN,NaN,NaN,NaN,NaN
1659402000,1.02857057,1.02857057,0.99428488,1.0028563,783533.9888901,NaN,NaN,NaN,NaN,NaN,NaN,NaN
1659488400,1.0028563,1.01142773,0.98571346,0.99428488,433767.02958508,NaN,NaN,NaN,NaN,NaN,NaN,NaN
1659574800,0.99857059,1.03285628,0.99857059,1.01142773,1095500.9165691,NaN,NaN,NaN,NaN,NaN,NaN,NaN
1659661200,1.02857057,1.04571341,1.01142773,1.04571341,889467.4108544,NaN,NaN,NaN,NaN,NaN,NaN,NaN
1659920400,1.04571341,1.04571341,1.00714201,1.00714201,362133.63631848,NaN,NaN,NaN,NaN,NaN,NaN,NaN
1660006800,1.01142773,1.01571344,0.99428488,0.99428488,402967.00381573,NaN,NaN,NaN,NaN,NaN,NaN,NaN
1660093200,0.98999917,0.98999917,0.9599992,0.96428491,931467.44599443,NaN,NaN,NaN,NaN,NaN,NaN,NaN
1660179600,0.97714204,1.0028563,0.96428491,1.0028563,675500.56516881,NaN,NaN,NaN,NaN,NaN,NaN,NaN
1660266000,0.98571346,1.0414277,0.98571346,1.03285628,924700.77366631,NaN,NaN,NaN,NaN,NaN,NaN,NaN
1660525200,1.02857057,1.03714199,1.01571344,1.03285628,593833.8301743,NaN,NaN,NaN,NaN,NaN,NaN,NaN
1660611600,1.02857057,1.06714196,1.01999915,1.04999912,1645234.70984637,NaN,NaN,NaN,NaN,NaN,NaN,NaN
1660698000,1.05857054,1.0799991,1.04999912,1.0799991,2220635.19126478,NaN,NaN,NaN,NaN,NaN,NaN,NaN
1660784400,1.07571339,1.0799991,1.06714196,1.0799991,973467.48113446,NaN,NaN,NaN,NaN,NaN,NaN,NaN
1660870800,1.07571339,1.0799991,1.05428483,1.07571339,451033.7106982,NaN,NaN,NaN,NaN,NaN,NaN,NaN
1661130000,1.06714196,1.06714196,1.03714199,1.0414277,263900.22079652,NaN,NaN,NaN,NaN,NaN,NaN,NaN
1661216400,1.02857057,1.0414277,1.01999915,1.02428486,281400.2354382,NaN,NaN,NaN,NaN,NaN,NaN,NaN
1661302800,1.04571341,1.04999912,1.02857057,1.03285628,326666.93997801,NaN,NaN,NaN,NaN,NaN,NaN,NaN
1661389200,1.04571341,1.06285625,1.03285628,1.0414277,302866.92006532,NaN,NaN,NaN,NaN,NaN,NaN,NaN
1661475600,1.06285625,1.06285625,1.0414277,1.06285625,147700.12357577,NaN,NaN,NaN,NaN,NaN,NaN,NaN
1661734800,1.04999912,1.04999912,1.02428486,1.02857057,213266.84509993,NaN,NaN,NaN,NaN,NaN,NaN,NaN
1661821200,1.02428486,1.03285628,1.02428486,1.02857057,119466.76662053,NaN,NaN,NaN,NaN,NaN,NaN,NaN
1661994000,1.02428486,1.0414277,1.00714201,1.02857057,374966.98038904,NaN,NaN,NaN,NaN,NaN,NaN,NaN
1662080400,1.02428486,1.02857057,1.00714201,1.01142773,122966.76954886,NaN,NaN,NaN,NaN,NaN,NaN,NaN
1662339600,1.01142773,1.02428486,0.98142775,0.98999917,1009634.1780606,NaN,NaN,NaN,NaN,NaN,NaN,NaN
1662426000,0.98999917,0.99428488,0.98142775,0.98142775,2604702.17926749,NaN,NaN,NaN,NaN,NaN,NaN,NaN
1662512400,0.98142775,1.0028563,0.97714204,0.98999917,630233.860629,NaN,NaN,NaN,NaN,NaN,NaN,NaN
1662598800,0.98571346,0.99857059,0.98571346,0.99857059,204633.50454337,NaN,NaN,NaN,NaN,NaN,NaN,NaN
1662685200,0.99428488,1.0028563,0.98999917,0.99428488,97300.08140773,NaN,NaN,NaN,NaN,NaN,NaN,NaN
1662944400,1.0028563,1.01999915,1.0028563,1.01142773,406933.67380117,NaN,NaN,NaN,NaN,NaN,NaN,NaN
1663030800,1.01571344,1.02428486,0.99428488,1.01571344,356066.96457603,NaN,NaN,NaN,NaN,NaN,NaN,NaN
1663117200,0.99857059,0.99857059,0.98999917,0.99857059,117600.09839208,NaN,NaN,NaN,NaN,NaN,NaN,NaN
1663203600,1.0028563,1.0028563,0.99428488,0.99857059,205333.50512903,NaN,NaN,NaN,NaN,NaN,NaN,NaN
1663549200,0.99857059,0.99857059,0.98142775,0.98571346,514967.09752247,NaN,NaN,NaN,NaN,NaN,NaN,NaN
1663635600,0.98571346,0.98999917,0.98571346,0.98571346,18666.68228446,NaN,NaN,NaN,NaN,NaN,NaN,NaN
1663722000,0.98571346,0.98999917,0.97714204,0.98571346,259466.88375396,NaN,NaN,NaN,NaN,NaN,NaN,NaN
1663808400,0.97714204,0.99428488,0.96857062,0.98999917,144200.12064743,NaN,NaN,NaN,NaN,NaN,NaN,NaN
1663894800,0.98571346,0.98571346,0.97285633,0.97285633,253400.21201151,NaN,NaN,NaN,NaN,NaN,NaN,NaN
1664154000,0.97285633,0.99428488,0.96428491,0.98999917,272300.22782452,NaN,NaN,NaN,NaN,NaN,NaN,NaN
1664240400,0.98999917,1.02857057,0.98999917,1.01571344,426533.69019985,NaN,NaN,NaN,NaN,NaN,NaN,NaN
1664326800,0.98999917,0.99857059,0.96857062,0.98571346,401333.66911584,NaN,NaN,NaN,NaN,NaN,NaN,NaN
1664413200,0.97714204,0.97714204,0.94714206,0.95142778,295166.91362298,NaN,NaN,NaN,NaN,NaN,NaN,NaN
1664499600,0.95142778,0.95571349,0.93857064,0.93857064,505633.75638024,2619309278.4895997,3296294000,1763550000,51875000,1100499000,1532744000,2.5112658222009
1664758800,0.93857064,0.93857064,0.9214278,0.9214278,214900.17979982,NaN,NaN,NaN,NaN,NaN,NaN,NaN
1664845200,0.92999922,0.93428493,0.90857067,0.90857067,776533.98303343,NaN,NaN,NaN,NaN,NaN,NaN,NaN
1664931600,0.91285638,0.92999922,0.89999925,0.90428496,1193267.66503395,NaN,NaN,NaN,NaN,NaN,NaN,NaN
1665018000,0.91714209,0.91714209,0.89999925,0.90857067,260166.88433963,NaN,NaN,NaN,NaN,NaN,NaN,NaN
1665104400,0.91285638,0.91285638,0.89999925,0.90428496,517767.09986514,NaN,NaN,NaN,NaN,NaN,NaN,NaN
1665450000,0.89999925,0.89999925,0.87428498,0.8828564,590800.49430308,NaN,NaN,NaN,NaN,NaN,NaN,NaN
1665536400,0.88714211,0.89571354,0.87857069,0.88714211,388266.99151672,NaN,NaN,NaN,NaN,NaN,NaN,NaN
1665622800,0.88714211,0.89142783,0.87428498,0.8828564,632333.862386,NaN,NaN,NaN,NaN,NaN,NaN,NaN
1665709200,0.89571354,0.89571354,0.86999927,0.87857069,298433.58302276,NaN,NaN,NaN,NaN,NaN,NaN,NaN
1665968400,0.87857069,0.88714211,0.86999927,0.87428498,417667.01611474,NaN,NaN,NaN,NaN,NaN,NaN,NaN
1666054800,0.87857069,0.8828564,0.86571356,0.86999927,417900.34964329,NaN,NaN,NaN,NaN,NaN,NaN,NaN
1666141200,0.87428498,0.90857067,0.87428498,0.90857067,187600.1569588,NaN,NaN,NaN,NaN,NaN,NaN,NaN
1666227600,0.90857067,0.92999922,0.90428496,0.90428496,51100.0427537,NaN,NaN,NaN,NaN,NaN,NaN,NaN
1666314000,0.89142783,0.89142783,0.88714211,0.88714211,77000.06442339,NaN,NaN,NaN,NaN,NaN,NaN,NaN
1666659600,0.8828564,0.88714211,0.87428498,0.87428498,300766.91830832,NaN,NaN,NaN,NaN,NaN,NaN,NaN
1666746000,0.87428498,0.87857069,0.87428498,0.87428498,276266.89780997,NaN,NaN,NaN,NaN,NaN,NaN,NaN
1666832400,0.87857069,0.9214278,0.87428498,0.91714209,442167.03661309,NaN,NaN,NaN,NaN,NaN,NaN,NaN
1666918800,0.91714209,0.91714209,0.89142783,0.89142783,232866.86149861,NaN,NaN,NaN,NaN,NaN,NaN,NaN
1667178000,0.90428496,0.90428496,0.89571354,0.89999925,256200.21435418,NaN,NaN,NaN,NaN,NaN,NaN,NaN
1667264400,0.89571354,0.91285638,0.89571354,0.90428496,423267.02080007,NaN,NaN,NaN,NaN,NaN,NaN,NaN
1667350800,0.90857067,0.91285638,0.89999925,0.90857067,210233.5092287,NaN,NaN,NaN,NaN,NaN,NaN,NaN
1667437200,0.91285638,0.91285638,0.89999925,0.89999925,84700.07086573,NaN,NaN,NaN,NaN,NaN,NaN,NaN
1667523600,0.89999925,0.89999925,0.88714211,0.89142783,206266.83924326,NaN,NaN,NaN,NaN,NaN,NaN,NaN
1667782800,0.89999925,0.90857067,0.89571354,0.90857067,207900.17394315,NaN,NaN,NaN,NaN,NaN,NaN,NaN
1667869200,0.90857067,0.90857067,0.89571354,0.89571354,79333.39970894,NaN,NaN,NaN,NaN,NaN,NaN,NaN
1667955600,0.89571354,0.90857067,0.89571354,0.89999925,118066.76544919,NaN,NaN,NaN,NaN,NaN,NaN,NaN
1668042000,0.90857067,0.90857067,0.89571354,0.89999925,109900.09194974,NaN,NaN,NaN,NaN,NaN,NaN,NaN
1668128400,0.89999925,0.92999922,0.89571354,0.91285638,764167.30601998,NaN,NaN,NaN,NaN,NaN,NaN,NaN
1668387600,0.9214278,0.92999922,0.90857067,0.91714209,386400.32328827,NaN,NaN,NaN,NaN,NaN,NaN,NaN
1668474000,0.91714209,0.94285635,0.91714209,0.93857064,1444334.5417599,NaN,NaN,NaN,NaN,NaN,NaN,NaN
1668560400,0.92999922,0.96857062,0.92999922,0.96857062,641667.20352823,NaN,NaN,NaN,NaN,NaN,NaN,NaN
1668646800,0.96428491,0.96428491,0.93857064,0.94714206,637700.53354278,NaN,NaN,NaN,NaN,NaN,NaN,NaN
1668992400,0.97714204,0.97714204,0.93428493,0.95142778,331333.61054912,NaN,NaN,NaN,NaN,NaN,NaN,NaN
1669078800,0.96428491,0.96428491,0.89999925,0.9214278,4192070.17403205,NaN,NaN,NaN,NaN,NaN,NaN,NaN
1669165200,0.9214278,0.95571349,0.9214278,0.94714206,572133.81201862,NaN,NaN,NaN,NaN,NaN,NaN,NaN
1669251600,0.95142778,0.98142775,0.95142778,0.96428491,807100.67527423,NaN,NaN,NaN,NaN,NaN,NaN,NaN
1669338000,0.96857062,0.97714204,0.96428491,0.97714204,146066.78887588,NaN,NaN,NaN,NaN,NaN,NaN,NaN
1669683600,0.97714204,1.02857057,0.97285633,1.01999915,728700.60967951,NaN,NaN,NaN,NaN,NaN,NaN,NaN
1669770000,1.02857057,1.02857057,0.98999917,1.01142773,192500.16105847,NaN,NaN,NaN,NaN,NaN,NaN,NaN
1669856400,1.01142773,1.03714199,1.00714201,1.03285628,929134.11070887,NaN,NaN,NaN,NaN,NaN,NaN,NaN
1669942800,1.03285628,1.03285628,1.02857057,1.02857057,168233.47408867,NaN,NaN,NaN,NaN,NaN,NaN,NaN
1670202000,1.02857057,1.04571341,1.02428486,1.04571341,548333.79210594,NaN,NaN,NaN,NaN,NaN,NaN,NaN
1670288400,1.04571341,1.05857054,1.03714199,1.04999912,1163867.64043593,NaN,NaN,NaN,NaN,NaN,NaN,NaN
1670374800,1.0414277,1.05428483,1.03714199,1.0414277,681567.23691125,NaN,NaN,NaN,NaN,NaN,NaN,NaN
1670461200,1.0414277,1.0414277,1.03714199,1.0414277,378000.31626026,NaN,NaN,NaN,NaN,NaN,NaN,NaN
1670547600,1.03714199,1.03714199,1.01571344,1.02857057,756933.96663475,NaN,NaN,NaN,NaN,NaN,NaN,NaN
1670806800,1.01999915,1.02857057,1.00714201,1.01142773,878967.40206939,NaN,NaN,NaN,NaN,NaN,NaN,NaN
1670893200,1.01571344,1.03714199,1.01571344,1.02857057,1295701.08406991,NaN,NaN,NaN,NaN,NaN,NaN,NaN
1670979600,1.02857057,1.04999912,1.01571344,1.02857057,108033.4237213,NaN,NaN,NaN,NaN,NaN,NaN,NaN
1671066000,1.02857057,1.04571341,1.02857057,1.03714199,383600.3209456,NaN,NaN,NaN,NaN,NaN,NaN,NaN
1671152400,1.03714199,1.05428483,1.03285628,1.05428483,938000.78479399,NaN,NaN,NaN,NaN,NaN,NaN,NaN
1671411600,1.05428483,1.05428483,1.02857057,1.05428483,92633.41083662,NaN,NaN,NaN,NaN,NaN,NaN,NaN
1671498000,1.05428483,1.07142768,1.04999912,1.06285625,773500.64716221,NaN,NaN,NaN,NaN,NaN,NaN,NaN
1671584400,1.06285625,1.06285625,1.04999912,1.04999912,396433.66501617,NaN,NaN,NaN,NaN,NaN,NaN,NaN
1671670800,1.04999912,1.06285625,1.04999912,1.05857054,183400.1534448,NaN,NaN,NaN,NaN,NaN,NaN,NaN
1671757200,1.05428483,1.05857054,1.05428483,1.05428483,124600.10424875,NaN,NaN,NaN,NaN,NaN,NaN,NaN
1672102800,1.05857054,1.05857054,1.03285628,1.03285628,341366.95227702,NaN,NaN,NaN,NaN,NaN,NaN,NaN
1672189200,1.02857057,1.03714199,1.02857057,1.03714199,386633.65681683,NaN,NaN,NaN,NaN,NaN,NaN,NaN
1672275600,1.04571341,1.04999912,1.01571344,1.02857057,682967.23808259,NaN,NaN,NaN,NaN,NaN,NaN,NaN
1672362000,1.02857057,1.04571341,1.02428486,1.02857057,107333.42313563,2740537555.3713903,3660374333,2021819013,50261000,1131308000,1638555320,1.4583347875
1672707600,1.02857057,1.0414277,1.02857057,1.0414277,213500.17862848,NaN,NaN,NaN,NaN,NaN,NaN,NaN
1672794000,1.0414277,1.0414277,1.0414277,1.0414277,0,NaN,NaN,NaN,NaN,NaN,NaN,NaN
1672880400,1.03714199,1.04571341,1.03285628,1.0414277,582167.15374652,NaN,NaN,NaN,NaN,NaN,NaN,NaN
1672966800,1.0414277,1.05428483,1.02857057,1.04999912,568867.14261884,NaN,NaN,NaN,NaN,NaN,NaN,NaN
1673226000,1.04999912,1.04999912,1.02428486,1.02857057,564667.13910484,NaN,NaN,NaN,NaN,NaN,NaN,NaN
1673312400,1.02857057,1.04999912,1.01571344,1.04999912,1035767.53325884,NaN,NaN,NaN,NaN,NaN,NaN,NaN
1673398800,1.05428483,1.05428483,1.04999912,1.05428483,460600.38536899,NaN,NaN,NaN,NaN,NaN,NaN,NaN
1673485200,1.05428483,1.07142768,1.05428483,1.06285625,544367.12212049,NaN,NaN,NaN,NaN,NaN,NaN,NaN
1673571600,1.07142768,1.11428478,1.07142768,1.10142765,2162768.47618296,NaN,NaN,NaN,NaN,NaN,NaN,NaN
1673830800,1.11428478,1.12714191,1.10999907,1.11428478,1029700.86151639,NaN,NaN,NaN,NaN,NaN,NaN,NaN
1673917200,1.11428478,1.1228562,1.11428478,1.11857049,459200.38419765,NaN,NaN,NaN,NaN,NaN,NaN,NaN
1674003600,1.11857049,1.11857049,1.10999907,1.11428478,825300.69050158,NaN,NaN,NaN,NaN,NaN,NaN,NaN
1674090000,1.11428478,1.1228562,1.11428478,1.11428478,1329534.44571049,NaN,NaN,NaN,NaN,NaN,NaN,NaN
1674176400,1.11428478,1.1228562,1.11428478,1.11857049,502600.42050902,NaN,NaN,NaN,NaN,NaN,NaN,NaN
1674608400,1.11857049,1.19142757,1.11857049,1.18285615,3887103.25220972,NaN,NaN,NaN,NaN,NaN,NaN,NaN
1674694800,1.18285615,1.199999,1.14857047,1.14857047,3476202.9084231,NaN,NaN,NaN,NaN,NaN,NaN,NaN
1674781200,1.15714189,1.17857044,1.14857047,1.16571331,3371436.15410158,NaN,NaN,NaN,NaN,NaN,NaN,NaN
1675040400,1.1614276,1.18714186,1.1614276,1.17857044,2381635.32596822,NaN,NaN,NaN,NaN,NaN,NaN,NaN
1675126800,1.17428473,1.18285615,1.16999902,1.17857044,1057000.88435741,NaN,NaN,NaN,NaN,NaN,NaN,NaN
1675299600,1.17857044,1.18714186,1.1614276,1.16999902,743400.62197852,NaN,NaN,NaN,NaN,NaN,NaN,NaN
1675386000,1.17428473,1.17857044,1.15714189,1.16999902,338566.94993435,NaN,NaN,NaN,NaN,NaN,NaN,NaN
1675731600,1.15714189,1.16999902,1.1228562,1.16999902,805700.6741029,NaN,NaN,NaN,NaN,NaN,NaN,NaN
1675818000,1.16999902,1.17857044,1.14857047,1.17428473,1932234.94996991,NaN,NaN,NaN,NaN,NaN,NaN,NaN
1675904400,1.16999902,1.17857044,1.15714189,1.17428473,718667.26795161,NaN,NaN,NaN,NaN,NaN,NaN,NaN
1675990800,1.17428473,1.17428473,1.1228562,1.14428476,1468601.22872969,NaN,NaN,NaN,NaN,NaN,NaN,NaN
1676250000,1.13571334,1.14428476,1.13142762,1.13999905,535500.44803537,NaN,NaN,NaN,NaN,NaN,NaN,NaN
1676336400,1.13571334,1.14428476,1.13142762,1.13571334,465733.72299721,NaN,NaN,NaN,NaN,NaN,NaN,NaN
1676422800,1.13142762,1.14428476,1.13142762,1.13999905,787033.99181844,NaN,NaN,NaN,NaN,NaN,NaN,NaN
1676509200,1.12714191,1.13999905,1.11428478,1.13571334,427933.69137119,NaN,NaN,NaN,NaN,NaN,NaN,NaN
1676595600,1.13571334,1.13571334,1.11857049,1.13571334,646100.54057079,NaN,NaN,NaN,NaN,NaN,NaN,NaN
1676854800,1.1228562,1.1228562,1.08428481,1.08857052,639100.53471411,NaN,NaN,NaN,NaN,NaN,NaN,NaN
1676941200,1.09285623,1.11428478,1.09285623,1.10999907,454300.38009798,NaN,NaN,NaN,NaN,NaN,NaN,NaN
1677027600,1.10142765,1.10999907,1.08857052,1.10571336,121800.10190609,NaN,NaN,NaN,NaN,NaN,NaN,NaN
1677114000,1.09285623,1.10999907,1.08857052,1.10999907,445200.37248431,NaN,NaN,NaN,NaN,NaN,NaN,NaN
1677200400,1.09714194,1.10999907,1.08428481,1.09285623,413933.67965785,NaN,NaN,NaN,NaN,NaN,NaN,NaN
1677459600,1.10142765,1.12714191,1.07142768,1.10999907,841634.03750048,NaN,NaN,NaN,NaN,NaN,NaN,NaN
1677546000,1.10571336,1.10571336,1.02857057,1.02857057,1703801.42551386,NaN,NaN,NaN,NaN,NaN,NaN,NaN
1677632400,1.02857057,1.02857057,0.97714204,0.97714204,4328803.6217657,NaN,NaN,NaN,NaN,NaN,NaN,NaN
1677718800,0.96428491,1.0414277,0.93857064,1.02857057,3684803.08295191,NaN,NaN,NaN,NaN,NaN,NaN,NaN
1677805200,1.01999915,1.02857057,1.00714201,1.00714201,990967.49577614,NaN,NaN,NaN,NaN,NaN,NaN,NaN
1678064400,1.00714201,1.06285625,1.00714201,1.04999912,1188834.32799139,NaN,NaN,NaN,NaN,NaN,NaN,NaN
1678150800,1.06285625,1.10142765,1.04999912,1.07571339,1082667.57249854,NaN,NaN,NaN,NaN,NaN,NaN,NaN
1678237200,1.0799991,1.09285623,1.06285625,1.08857052,489767.07643845,NaN,NaN,NaN,NaN,NaN,NaN,NaN
1678323600,1.07142768,1.10999907,1.07142768,1.09285623,566533.80733329,NaN,NaN,NaN,NaN,NaN,NaN,NaN
1678410000,1.08857052,1.10999907,1.08857052,1.08857052,516833.76575092,NaN,NaN,NaN,NaN,NaN,NaN,NaN
1678669200,1.0799991,1.10142765,1.04999912,1.10142765,537133.78273526,NaN,NaN,NaN,NaN,NaN,NaN,NaN
1678755600,1.10571336,1.10571336,1.07571339,1.07571339,635133.86472867,NaN,NaN,NaN,NaN,NaN,NaN,NaN
1678842000,1.0799991,1.10571336,1.0799991,1.10142765,930767.44540876,NaN,NaN,NaN,NaN,NaN,NaN,NaN
1678928400,1.09285623,1.10142765,1.07571339,1.07571339,530833.77746426,NaN,NaN,NaN,NaN,NaN,NaN,NaN
1679014800,1.10142765,1.10142765,1.08428481,1.08428481,503300.42109469,NaN,NaN,NaN,NaN,NaN,NaN,NaN
1679274000,1.09285623,1.10142765,1.04999912,1.04999912,690200.57746782,NaN,NaN,NaN,NaN,NaN,NaN,NaN
1679360400,1.06714196,1.07142768,1.03285628,1.03285628,713300.59679483,NaN,NaN,NaN,NaN,NaN,NaN,NaN
1679446800,1.03714199,1.04571341,1.02857057,1.03285628,919567.43603809,NaN,NaN,NaN,NaN,NaN,NaN,NaN
1679533200,1.04571341,1.04571341,1.02857057,1.04571341,553000.46267705,NaN,NaN,NaN,NaN,NaN,NaN,NaN
1679619600,1.04571341,1.04571341,0.98999917,1.02857057,1323234.44043948,NaN,NaN,NaN,NaN,NaN,NaN,NaN
1679878800,1.01999915,1.02857057,0.98999917,1.02428486,655433.88171301,NaN,NaN,NaN,NaN,NaN,NaN,NaN
1679965200,1.02857057,1.0414277,0.99428488,1.03714199,603400.50484509,NaN,NaN,NaN,NaN,NaN,NaN,NaN
1680051600,1.02857057,1.03714199,1.00714201,1.03714199,487900.40821001,NaN,NaN,NaN,NaN,NaN,NaN,NaN
1680138000,1.03714199,1.03714199,1.03285628,1.03714199,733367.28025062,NaN,NaN,NaN,NaN,NaN,NaN,NaN
1680224400,1.03714199,1.0799991,1.02857057,1.03714199,547867.12504883,2740537555.3713903,3998883000,2324507000,56436000,1102485000,1674376000,0.826309363892559
1680483600,1.04999912,1.07142768,1.04999912,1.05428483,592200.49547441,NaN,NaN,NaN,NaN,NaN,NaN,NaN
1680570000,1.06714196,1.07142768,1.04571341,1.04571341,489067.07585279,NaN,NaN,NaN,NaN,NaN,NaN,NaN
1680656400,1.04571341,1.04571341,1.03285628,1.03285628,785633.99064711,NaN,NaN,NaN,NaN,NaN,NaN,NaN
1680742800,1.02857057,1.03714199,1.01142773,1.01142773,985134.15756225,NaN,NaN,NaN,NaN,NaN,NaN,NaN
1680829200,1.05857054,1.06285625,1.03714199,1.04999912,1038334.20207295,NaN,NaN,NaN,NaN,NaN,NaN,NaN
1681088400,1.04999912,1.07142768,1.04999912,1.05857054,1010334.17864626,NaN,NaN,NaN,NaN,NaN,NaN,NaN
1681174800,1.05857054,1.13142762,1.04999912,1.11857049,4075170.07622563,NaN,NaN,NaN,NaN,NaN,NaN,NaN
1681261200,1.1228562,1.1228562,1.07571339,1.10142765,1698901.42141419,NaN,NaN,NaN,NaN,NaN,NaN,NaN
1681347600,1.11428478,1.13999905,1.10571336,1.1228562,997967.50163281,NaN,NaN,NaN,NaN,NaN,NaN,NaN
1681434000,1.1228562,1.15714189,1.1228562,1.15285618,1377134.48553585,NaN,NaN,NaN,NaN,NaN,NaN,NaN
1681693200,1.15285618,1.15714189,1.13999905,1.15714189,804067.33940301,NaN,NaN,NaN,NaN,NaN,NaN,NaN
1681779600,1.13999905,1.15714189,1.13999905,1.15714189,500033.75169491,NaN,NaN,NaN,NaN,NaN,NaN,NaN
1681866000,1.15285618,1.15285618,1.13571334,1.15285618,476000.39825367,NaN,NaN,NaN,NaN,NaN,NaN,NaN
1681952400,1.14857047,1.15714189,1.14428476,1.15714189,515900.43163669,NaN,NaN,NaN,NaN,NaN,NaN,NaN
1682384400,1.15285618,1.15714189,1.13999905,1.14857047,501433.75286624,NaN,NaN,NaN,NaN,NaN,NaN,NaN
1682470800,1.13571334,1.15285618,1.13571334,1.14857047,549733.79327727,NaN,NaN,NaN,NaN,NaN,NaN,NaN
1682557200,1.14857047,1.14857047,1.12714191,1.14428476,1431267.86416078,NaN,NaN,NaN,NaN,NaN,NaN,NaN
1682643600,1.13571334,1.13999905,1.13142762,1.13571334,630233.860629,NaN,NaN,NaN,NaN,NaN,NaN,NaN
1682989200,1.12714191,1.13999905,1.1228562,1.13571334,570033.81026162,NaN,NaN,NaN,NaN,NaN,NaN,NaN
1683075600,1.12714191,1.12714191,1.10999907,1.10999907,616933.84950132,NaN,NaN,NaN,NaN,NaN,NaN,NaN
1683248400,1.10999907,1.10999907,1.07571339,1.08428481,120400.10073475,NaN,NaN,NaN,NaN,NaN,NaN,NaN
1683507600,1.08857052,1.10571336,1.08857052,1.09714194,297266.91537999,NaN,NaN,NaN,NaN,NaN,NaN,NaN
1683594000,1.09285623,1.14428476,1.09285623,1.13142762,762300.63779153,NaN,NaN,NaN,NaN,NaN,NaN,NaN
1683680400,1.1228562,1.13571334,1.11428478,1.11428478,689033.90982504,NaN,NaN,NaN,NaN,NaN,NaN,NaN
1683766800,1.1228562,1.13142762,1.11428478,1.1228562,725433.94027973,NaN,NaN,NaN,NaN,NaN,NaN,NaN
1683853200,1.11857049,1.13571334,1.11857049,1.13571334,511933.76165125,NaN,NaN,NaN,NaN,NaN,NaN,NaN
1684112400,1.11428478,1.13999905,1.11428478,1.13571334,654967.2146559,NaN,NaN,NaN,NaN,NaN,NaN,NaN
1684198800,1.13571334,1.14428476,1.1228562,1.14428476,997967.50163281,NaN,NaN,NaN,NaN,NaN,NaN,NaN
1684285200,1.14428476,1.17428473,1.14428476,1.16571331,1092467.58069788,NaN,NaN,NaN,NaN,NaN,NaN,NaN
1684371600,1.1614276,1.16571331,1.14428476,1.1614276,537133.78273526,NaN,NaN,NaN,NaN,NaN,NaN,NaN
1684458000,1.16571331,1.16571331,1.13999905,1.13999905,551833.79503428,NaN,NaN,NaN,NaN,NaN,NaN,NaN
1684717200,1.15714189,1.15714189,1.1228562,1.13999905,794267.33120367,NaN,NaN,NaN,NaN,NaN,NaN,NaN
1684803600,1.14428476,1.14857047,1.13999905,1.14857047,467133.72416855,NaN,NaN,NaN,NaN,NaN,NaN,NaN
1684890000,1.13571334,1.13571334,1.1228562,1.1228562,52033.37686793,NaN,NaN,NaN,NaN,NaN,NaN,NaN
1684976400,1.11857049,1.11857049,1.07571339,1.07571339,322466.936464,NaN,NaN,NaN,NaN,NaN,NaN,NaN
1685062800,1.07142768,1.07142768,1.03285628,1.04999912,292366.91128032,NaN,NaN,NaN,NaN,NaN,NaN,NaN
1685322000,1.05428483,1.09285623,1.05428483,1.07142768,155166.79648955,NaN,NaN,NaN,NaN,NaN,NaN,NaN
1685408400,1.07142768,1.09285623,1.06285625,1.07571339,91466.74319384,NaN,NaN,NaN,NaN,NaN,NaN,NaN
1685494800,1.07142768,1.10142765,1.04999912,1.07571339,236600.1979555,NaN,NaN,NaN,NaN,NaN,NaN,NaN
1685581200,1.04999912,1.06714196,0.97714204,1.01571344,1635901.36870415,NaN,NaN,NaN,NaN,NaN,NaN,NaN
1685667600,1.02857057,1.02857057,0.98571346,0.99428488,1596701.33590678,NaN,NaN,NaN,NaN,NaN,NaN,NaN
1686013200,0.99428488,1.02428486,0.96857062,0.97285633,1656668.0527456,NaN,NaN,NaN,NaN,NaN,NaN,NaN
1686099600,0.98571346,0.98571346,0.97285633,0.98571346,884334.07322617,NaN,NaN,NaN,NaN,NaN,NaN,NaN
1686186000,0.98571346,1.01999915,0.98571346,1.01999915,336233.61464879,NaN,NaN,NaN,NaN,NaN,NaN,NaN
1686272400,1.02857057,1.04571341,1.02857057,1.04571341,489767.07643845,NaN,NaN,NaN,NaN,NaN,NaN,NaN
1686531600,1.05428483,1.05428483,1.03714199,1.05428483,200666.83455792,NaN,NaN,NaN,NaN,NaN,NaN,NaN
1686618000,1.04999912,1.05428483,1.01142773,1.01142773,549500.45974872,NaN,NaN,NaN,NaN,NaN,NaN,NaN
1686704400,1.01571344,1.07142768,1.01571344,1.06285625,516600.43222236,NaN,NaN,NaN,NaN,NaN,NaN,NaN
1686790800,1.06285625,1.06285625,1.04999912,1.05857054,471100.394154,NaN,NaN,NaN,NaN,NaN,NaN,NaN
1686877200,1.05857054,1.06714196,1.05857054,1.05857054,503767.0881518,NaN,NaN,NaN,NaN,NaN,NaN,NaN
1687136400,1.05857054,1.05857054,1.01571344,1.01999915,466200.39005433,NaN,NaN,NaN,NaN,NaN,NaN,NaN
1687222800,1.02428486,1.0414277,1.01571344,1.01999915,363766.97101837,NaN,NaN,NaN,NaN,NaN,NaN,NaN
1687309200,1.05428483,1.05428483,1.00714201,1.02857057,504233.75520891,NaN,NaN,NaN,NaN,NaN,NaN,NaN
1687395600,1.02857057,1.03714199,1.01571344,1.01571344,371466.9774607,NaN,NaN,NaN,NaN,NaN,NaN,NaN
1687482000,1.01999915,1.01999915,1.0028563,1.0028563,596633.83251697,NaN,NaN,NaN,NaN,NaN,NaN,NaN
1687741200,1.04571341,1.05428483,1.01142773,1.01142773,305900.25593655,NaN,NaN,NaN,NaN,NaN,NaN,NaN
1687827600,1.01999915,1.01999915,1.00714201,1.00714201,416967.01552907,NaN,NaN,NaN,NaN,NaN,NaN,NaN
1687914000,1.00714201,1.00714201,1.00714201,1.00714201,0,NaN,NaN,NaN,NaN,NaN,NaN,NaN
1688086800,1.01571344,1.01571344,0.98999917,0.98999917,392000.32797361,2740537555.3713903,5210539000,3473737000,66974000.00000001,1160194000,1736802000,0
1688346000,0.99428488,1.00714201,0.99428488,1.00714201,24733.35402691,NaN,NaN,NaN,NaN,NaN,NaN,NaN
1688432400,1.00714201,1.00714201,1.00714201,1.00714201,15633.34641323,NaN,NaN,NaN,NaN,NaN,NaN,NaN
1688518800,1.00714201,1.02428486,0.98999917,0.99428488,342300.28639124,NaN,NaN,NaN,NaN,NaN,NaN,NaN
1688605200,0.98571346,0.98999917,0.96428491,0.96857062,973234.1476059,NaN,NaN,NaN,NaN,NaN,NaN,NaN
1688691600,0.97285633,0.97714204,0.93857064,0.93857064,716800.59972317,NaN,NaN,NaN,NaN,NaN,NaN,NaN
1688950800,0.94285635,0.96428491,0.92571351,0.92999922,2082501.74235979,NaN,NaN,NaN,NaN,NaN,NaN,NaN
1689037200,0.93857064,0.93857064,0.89999925,0.90428496,2115635.1034147,NaN,NaN,NaN,NaN,NaN,NaN,NaN
1689123600,0.90428496,0.95142778,0.90428496,0.93428493,542733.7874206,NaN,NaN,NaN,NaN,NaN,NaN,NaN
1689210000,0.93857064,0.96857062,0.93857064,0.96857062,355600.29751892,NaN,NaN,NaN,NaN,NaN,NaN,NaN
1689296400,0.96857062,0.97714204,0.9599992,0.97285633,401333.66911584,NaN,NaN,NaN,NaN,NaN,NaN,NaN
1689555600,0.97285633,0.98571346,0.96857062,0.97285633,574933.81436129,NaN,NaN,NaN,NaN,NaN,NaN,NaN
1689642000,0.96857062,0.96857062,0.93857064,0.94714206,768833.97659109,NaN,NaN,NaN,NaN,NaN,NaN,NaN
1689814800,0.94714206,0.95142778,0.91285638,0.91285638,1531601.28143974,NaN,NaN,NaN,NaN,NaN,NaN,NaN
1689901200,0.91285638,0.92571351,0.90857067,0.91285638,671067.22812625,NaN,NaN,NaN,NaN,NaN,NaN,NaN
1690160400,0.91714209,0.93428493,0.91285638,0.91714209,847234.04218582,NaN,NaN,NaN,NaN,NaN,NaN,NaN
1690246800,0.91285638,0.94714206,0.91285638,0.93857064,1277967.73589967,NaN,NaN,NaN,NaN,NaN,NaN,NaN
1690333200,0.95142778,0.95142778,0.9214278,0.92999922,662433.88756969,NaN,NaN,NaN,NaN,NaN,NaN,NaN
1690419600,0.93428493,0.93857064,0.9214278,0.93857064,1027834.19328794,NaN,NaN,NaN,NaN,NaN,NaN,NaN
1690506000,0.93857064,0.93857064,0.92999922,0.93857064,89600.0749654,NaN,NaN,NaN,NaN,NaN,NaN,NaN
1690765200,0.93857064,0.94285635,0.92571351,0.94285635,863334.05565616,NaN,NaN,NaN,NaN,NaN,NaN,NaN
1690851600,0.93857064,0.93857064,0.93428493,0.93428493,52500.04392504,NaN,NaN,NaN,NaN,NaN,NaN,NaN
1690938000,0.93428493,0.93857064,0.92571351,0.93428493,586600.49078908,NaN,NaN,NaN,NaN,NaN,NaN,NaN
1691024400,0.92999922,0.92999922,0.91714209,0.92571351,1250901.04658721,NaN,NaN,NaN,NaN,NaN,NaN,NaN
1691110800,0.92571351,0.92999922,0.89142783,0.9214278,1269567.72887167,NaN,NaN,NaN,NaN,NaN,NaN,NaN
1691370000,0.9214278,0.9214278,0.90857067,0.91285638,320133.60117845,NaN,NaN,NaN,NaN,NaN,NaN,NaN
1691456400,0.91285638,0.92999922,0.91285638,0.92571351,441467.03602742,NaN,NaN,NaN,NaN,NaN,NaN,NaN
1691542800,0.91714209,0.92999922,0.90857067,0.91714209,521267.10279348,NaN,NaN,NaN,NaN,NaN,NaN,NaN
1691629200,0.91714209,0.91714209,0.90857067,0.91285638,71400.05973805,NaN,NaN,NaN,NaN,NaN,NaN,NaN
1691715600,0.9214278,0.92571351,0.91285638,0.9214278,300766.91830832,NaN,NaN,NaN,NaN,NaN,NaN,NaN
1691974800,0.92999922,0.92999922,0.91285638,0.91714209,414633.68024351,NaN,NaN,NaN,NaN,NaN,NaN,NaN
1692061200,0.91714209,0.93857064,0.90428496,0.91285638,1045567.54145818,NaN,NaN,NaN,NaN,NaN,NaN,NaN
1692147600,0.91285638,0.91285638,0.89142783,0.89999925,2209668.51542266,NaN,NaN,NaN,NaN,NaN,NaN,NaN
1692234000,0.90428496,0.90857067,0.88714211,0.88714211,2777835.65745583,NaN,NaN,NaN,NaN,NaN,NaN,NaN
1692320400,0.89142783,0.89571354,0.88714211,0.88714211,1326267.77631071,NaN,NaN,NaN,NaN,NaN,NaN,NaN
1692579600,0.89142783,0.90428496,0.89142783,0.89999925,772100.64599087,NaN,NaN,NaN,NaN,NaN,NaN,NaN
1692666000,0.89999925,0.89999925,0.89142783,0.89142783,532933.77922126,NaN,NaN,NaN,NaN,NaN,NaN,NaN
1692752400,0.89571354,0.89571354,0.87857069,0.8828564,734067.28083629,NaN,NaN,NaN,NaN,NaN,NaN,NaN
1692838800,0.8828564,0.88714211,0.8828564,0.88714211,449867.04305543,NaN,NaN,NaN,NaN,NaN,NaN,NaN
1692925200,0.8828564,0.89571354,0.87857069,0.88714211,136266.78067654,NaN,NaN,NaN,NaN,NaN,NaN,NaN
1693184400,0.88714211,0.88714211,0.88714211,0.88714211,206500.17277181,NaN,NaN,NaN,NaN,NaN,NaN,NaN
1693270800,0.89142783,0.90857067,0.88714211,0.90428496,345800.28931958,NaN,NaN,NaN,NaN,NaN,NaN,NaN
1693357200,0.90428496,0.90428496,0.8828564,0.89142783,643767.20528523,NaN,NaN,NaN,NaN,NaN,NaN,NaN
1693530000,0.89142783,0.90857067,0.8828564,0.90428496,202766.83631492,NaN,NaN,NaN,NaN,NaN,NaN,NaN
1693789200,0.89999925,0.89999925,0.89571354,0.89571354,134400.11244809,NaN,NaN,NaN,NaN,NaN,NaN,NaN
1693875600,0.89571354,0.90428496,0.88714211,0.88714211,78633.39912328,NaN,NaN,NaN,NaN,NaN,NaN,NaN
1693962000,0.89142783,0.89999925,0.87857069,0.88714211,857734.05097082,NaN,NaN,NaN,NaN,NaN,NaN,NaN
1694048400,0.89142783,0.90857067,0.88714211,0.90428496,710733.92798072,NaN,NaN,NaN,NaN,NaN,NaN,NaN
1694134800,0.90428496,0.91714209,0.89142783,0.89142783,589400.49313175,NaN,NaN,NaN,NaN,NaN,NaN,NaN
1694394000,0.88714211,0.89571354,0.88714211,0.88714211,53900.04509637,NaN,NaN,NaN,NaN,NaN,NaN,NaN
1694480400,0.88714211,0.89999925,0.87428498,0.89571354,1590867.99769289,NaN,NaN,NaN,NaN,NaN,NaN,NaN
1694566800,0.89571354,0.91714209,0.89142783,0.91714209,1147767.62696558,NaN,NaN,NaN,NaN,NaN,NaN,NaN
1694653200,0.90428496,0.90857067,0.89571354,0.89999925,2826369.03139542,NaN,NaN,NaN,NaN,NaN,NaN,NaN
1694739600,0.90857067,0.92999922,0.90428496,0.91285638,248733.5414404,NaN,NaN,NaN,NaN,NaN,NaN,NaN
1694998800,0.91285638,0.9214278,0.89999925,0.91285638,350233.62636213,NaN,NaN,NaN,NaN,NaN,NaN,NaN
1695085200,0.90857067,0.97285633,0.90857067,0.95571349,1240867.70485931,NaN,NaN,NaN,NaN,NaN,NaN,NaN
1695171600,0.9599992,0.96428491,0.94285635,0.95571349,561867.13676217,NaN,NaN,NaN,NaN,NaN,NaN,NaN
1695258000,0.95571349,0.95571349,0.94285635,0.95571349,176866.81464523,NaN,NaN,NaN,NaN,NaN,NaN,NaN
1695344400,0.95571349,0.95571349,0.94285635,0.95571349,188766.82460158,NaN,NaN,NaN,NaN,NaN,NaN,NaN
1695603600,0.95571349,0.9599992,0.93857064,0.94714206,206500.17277181,NaN,NaN,NaN,NaN,NaN,NaN,NaN
1695690000,0.94285635,0.94714206,0.93428493,0.94714206,618567.18420121,NaN,NaN,NaN,NaN,NaN,NaN,NaN
1695776400,0.94714206,0.94714206,0.92571351,0.92571351,175233.47994534,NaN,NaN,NaN,NaN,NaN,NaN,NaN
1695949200,0.9214278,0.93428493,0.9214278,0.92999922,327366.94056367,2740537555.3713903,5437277000,3673437000,77032000,1285906000,1763840000,0.921506295216587
1696208400,0.92999922,0.92999922,0.92571351,0.92999922,44800.0374827,NaN,NaN,NaN,NaN,NaN,NaN,NaN
1696294800,0.92999922,0.93428493,0.92571351,0.92999922,124366.7707202,NaN,NaN,NaN,NaN,NaN,NaN,NaN
1696381200,0.93428493,0.95142778,0.9214278,0.94714206,1657134.71980272,NaN,NaN,NaN,NaN,NaN,NaN,NaN
1696467600,0.95142778,0.95142778,0.94285635,0.94714206,957134.13413556,NaN,NaN,NaN,NaN,NaN,NaN,NaN
1696554000,0.94714206,0.94714206,0.93428493,0.94285635,346966.95696235,NaN,NaN,NaN,NaN,NaN,NaN,NaN
1696813200,0.94285635,0.94285635,0.90857067,0.9214278,491400.41113834,NaN,NaN,NaN,NaN,NaN,NaN,NaN
1696899600,0.9214278,0.93857064,0.9214278,0.93428493,363066.9704327,NaN,NaN,NaN,NaN,NaN,NaN,NaN
1696986000,0.93428493,0.9599992,0.92999922,0.93857064,720300.6026515,NaN,NaN,NaN,NaN,NaN,NaN,NaN
1697072400,0.94714206,0.94714206,0.92571351,0.92999922,743167.28844996,NaN,NaN,NaN,NaN,NaN,NaN,NaN
1697158800,0.93857064,0.95142778,0.93857064,0.94714206,739667.28552163,NaN,NaN,NaN,NaN,NaN,NaN,NaN
1697418000,0.95142778,0.95142778,0.94285635,0.94285635,415800.34788629,NaN,NaN,NaN,NaN,NaN,NaN,NaN
1697504400,0.94285635,0.94714206,0.94285635,0.94714206,129966.77540554,NaN,NaN,NaN,NaN,NaN,NaN,NaN
1697590800,0.94285635,0.94714206,0.94285635,0.94714206,268566.89136763,NaN,NaN,NaN,NaN,NaN,NaN,NaN
1697677200,0.94285635,0.94714206,0.92571351,0.93428493,1279134.40354245,NaN,NaN,NaN,NaN,NaN,NaN,NaN
1697763600,0.92571351,0.92999922,0.89571354,0.92571351,1208901.01144718,NaN,NaN,NaN,NaN,NaN,NaN,NaN
1698022800,0.90857067,0.92999922,0.88714211,0.92999922,1571734.64835132,NaN,NaN,NaN,NaN,NaN,NaN,NaN
1698109200,0.9214278,0.92999922,0.90857067,0.9214278,943834.12300788,NaN,NaN,NaN,NaN,NaN,NaN,NaN
1698195600,0.9214278,0.92999922,0.9214278,0.92999922,24733.35402691,NaN,NaN,NaN,NaN,NaN,NaN,NaN
1698282000,0.92999922,0.93428493,0.89999925,0.92999922,643767.20528523,NaN,NaN,NaN,NaN,NaN,NaN,NaN
1698368400,0.92571351,0.92999922,0.92571351,0.92999922,1909601.5977,NaN,NaN,NaN,NaN,NaN,NaN,NaN
1698627600,0.9214278,0.92999922,0.91714209,0.92571351,48533.37393959,NaN,NaN,NaN,NaN,NaN,NaN,NaN
1698714000,0.92999922,0.93428493,0.91285638,0.92999922,104066.75373585,NaN,NaN,NaN,NaN,NaN,NaN,NaN
1698800400,0.93428493,0.93857064,0.91714209,0.9214278,680633.90279703,NaN,NaN,NaN,NaN,NaN,NaN,NaN
1698886800,0.91714209,0.9214278,0.90857067,0.91714209,295400.24715154,NaN,NaN,NaN,NaN,NaN,NaN,NaN
1698973200,0.91714209,0.93428493,0.91285638,0.91714209,294700.24656587,NaN,NaN,NaN,NaN,NaN,NaN,NaN
1699232400,0.9214278,0.9214278,0.91285638,0.91714209,163800.13704611,NaN,NaN,NaN,NaN,NaN,NaN,NaN
1699318800,0.92999922,0.92999922,0.9214278,0.92571351,2704335.59596078,NaN,NaN,NaN,NaN,NaN,NaN,NaN
1699405200,0.92571351,0.92571351,0.91714209,0.91714209,50866.70922515,NaN,NaN,NaN,NaN,NaN,NaN,NaN
1699491600,0.9214278,0.93428493,0.91714209,0.93428493,2329135.28204319,NaN,NaN,NaN,NaN,NaN,NaN,NaN
1699578000,0.93428493,0.93428493,0.9214278,0.92571351,430967.02724241,NaN,NaN,NaN,NaN,NaN,NaN,NaN
1699923600,0.92571351,0.92571351,0.89571354,0.90857067,1823501.52566294,NaN,NaN,NaN,NaN,NaN,NaN,NaN
1700010000,0.90857067,0.91714209,0.89999925,0.89999925,682267.23749692,NaN,NaN,NaN,NaN,NaN,NaN,NaN
1700096400,0.89999925,0.90857067,0.88714211,0.89142783,1722234.77426976,NaN,NaN,NaN,NaN,NaN,NaN,NaN
1700182800,0.89142783,0.89571354,0.8828564,0.89142783,2718102.27414557,NaN,NaN,NaN,NaN,NaN,NaN,NaN
1700442000,0.89142783,0.89142783,0.86142785,0.86571356,1914968.26885679,NaN,NaN,NaN,NaN,NaN,NaN,NaN
1700528400,0.87428498,0.88714211,0.86571356,0.8828564,2083901.74353113,NaN,NaN,NaN,NaN,NaN,NaN,NaN
1700614800,0.8828564,0.8828564,0.85714214,0.86142785,1424734.52536122,NaN,NaN,NaN,NaN,NaN,NaN,NaN
1700701200,0.86142785,0.86999927,0.85285643,0.85714214,1798301.50457893,NaN,NaN,NaN,NaN,NaN,NaN,NaN
1700787600,0.85714214,0.86571356,0.85714214,0.85714214,467367.0576971,NaN,NaN,NaN,NaN,NaN,NaN,NaN
1701046800,0.85714214,0.87857069,0.85714214,0.86571356,1136100.9505378,NaN,NaN,NaN,NaN,NaN,NaN,NaN
1701133200,0.8828564,0.8828564,0.8399993,0.84428501,5881638.25430401,NaN,NaN,NaN,NaN,NaN,NaN,NaN
1701219600,0.85285643,0.85285643,0.77999935,0.84428501,16604947.22613918,NaN,NaN,NaN,NaN,NaN,NaN,NaN
1701306000,0.81428503,0.82285645,0.78857077,0.81428503,5402371.18665056,NaN,NaN,NaN,NaN,NaN,NaN,NaN
1701392400,0.81428503,0.81428503,0.79285648,0.80571361,4149370.13830635,NaN,NaN,NaN,NaN,NaN,NaN,NaN
1701651600,0.80571361,0.80571361,0.78857077,0.78857077,6408738.69531138,NaN,NaN,NaN,NaN,NaN,NaN,NaN
1701738000,0.79714219,0.82714217,0.79285648,0.79714219,11292642.78151113,NaN,NaN,NaN,NaN,NaN,NaN,NaN
1701824400,0.80571361,0.80571361,0.78857077,0.8014279,6529605.46310324,NaN,NaN,NaN,NaN,NaN,NaN,NaN
1701910800,0.80571361,0.80571361,0.77571364,0.8014279,7175472.67014547,NaN,NaN,NaN,NaN,NaN,NaN,NaN
1701997200,0.79714219,0.80571361,0.78428506,0.8014279,5184204.33745096,NaN,NaN,NaN,NaN,NaN,NaN,NaN
1702256400,0.8014279,0.8014279,0.78428506,0.78428506,5693804.76381665,NaN,NaN,NaN,NaN,NaN,NaN,NaN
1702342800,0.78857077,0.78857077,0.77999935,0.77999935,4407670.35441753,NaN,NaN,NaN,NaN,NaN,NaN,NaN
1702429200,0.77999935,0.79714219,0.77142793,0.78857077,7749706.48392109,NaN,NaN,NaN,NaN,NaN,NaN,NaN
1702515600,0.78857077,0.79285648,0.77999935,0.78428506,3744536.46626218,NaN,NaN,NaN,NaN,NaN,NaN,NaN
1702602000,0.78428506,0.78857077,0.77999935,0.77999935,3550869.63756093,NaN,NaN,NaN,NaN,NaN,NaN,NaN
1702861200,0.78428506,0.78857077,0.77999935,0.78428506,3349736.1359459,NaN,NaN,NaN,NaN,NaN,NaN,NaN
1702947600,0.78428506,0.8014279,0.78428506,0.79285648,4089170.08793897,NaN,NaN,NaN,NaN,NaN,NaN,NaN
1703034000,0.79285648,0.80999932,0.79285648,0.79285648,3909503.27095107,NaN,NaN,NaN,NaN,NaN,NaN,NaN
1703120400,0.79714219,0.8014279,0.78857077,0.78857077,3610136.35381408,NaN,NaN,NaN,NaN,NaN,NaN,NaN
1703206800,0.79285648,0.80571361,0.79285648,0.79285648,5288504.42471537,NaN,NaN,NaN,NaN,NaN,NaN,NaN
1703552400,0.79285648,0.79285648,0.77999935,0.78428506,3898536.59510895,NaN,NaN,NaN,NaN,NaN,NaN,NaN
1703638800,0.78428506,0.78857077,0.77999935,0.78857077,3347869.46771746,NaN,NaN,NaN,NaN,NaN,NaN,NaN
1703725200,0.78857077,0.80999932,0.78857077,0.80571361,4179470.16349004,NaN,NaN,NaN,NaN,NaN,NaN,NaN
1703811600,0.8014279,0.8014279,0.77999935,0.78428506,3579569.66157328,2740537555.3713903,5501918137,3749143674,83962000,1772256000,1752774463,1.09271511509289
1704157200,0.78428506,0.78428506,0.74571366,0.74999937,11041809.23831373,NaN,NaN,NaN,NaN,NaN,NaN,NaN
1704243600,0.75428508,0.76714222,0.74571366,0.75857079,6981805.84144422,NaN,NaN,NaN,NaN,NaN,NaN,NaN
1704330000,0.75857079,0.75857079,0.73285653,0.73714224,10467108.75748099,NaN,NaN,NaN,NaN,NaN,NaN,NaN
1704416400,0.74571366,0.7628565,0.74571366,0.75857079,19070815.95591602,NaN,NaN,NaN,NaN,NaN,NaN,NaN
1704675600,0.75857079,0.7628565,0.74571366,0.75428508,6611972.19868341,NaN,NaN,NaN,NaN,NaN,NaN,NaN
1704762000,0.7628565,0.76714222,0.74571366,0.74571366,6089771.76177571,NaN,NaN,NaN,NaN,NaN,NaN,NaN
1704848400,0.74999937,0.75428508,0.73714224,0.74571366,4478370.41356991,NaN,NaN,NaN,NaN,NaN,NaN,NaN
1704934800,0.74571366,0.74999937,0.73714224,0.74142795,4490970.42411192,NaN,NaN,NaN,NaN,NaN,NaN,NaN
1705021200,0.74142795,0.74571366,0.72857082,0.73285653,4051603.3898415,NaN,NaN,NaN,NaN,NaN,NaN,NaN
1705280400,0.73285653,0.73714224,0.70714227,0.71142798,9880041.59963481,NaN,NaN,NaN,NaN,NaN,NaN,NaN
1705366800,0.71142798,0.74142795,0.70714227,0.73714224,13190577.70278334,NaN,NaN,NaN,NaN,NaN,NaN,NaN
1705453200,0.73714224,0.73714224,0.70285655,0.71571369,6365571.99252857,NaN,NaN,NaN,NaN,NaN,NaN,NaN
1705539600,0.71571369,0.71571369,0.69857084,0.70285655,2376268.65481144,NaN,NaN,NaN,NaN,NaN,NaN,NaN
1705626000,0.70714227,0.71571369,0.70285655,0.71571369,2075735.07003168,NaN,NaN,NaN,NaN,NaN,NaN,NaN
1705885200,0.71571369,0.73285653,0.71571369,0.73285653,1953234.96753992,NaN,NaN,NaN,NaN,NaN,NaN,NaN
1705971600,0.73714224,0.74571366,0.72428511,0.72428511,2007368.34616485,NaN,NaN,NaN,NaN,NaN,NaN,NaN
1706058000,0.7199994,0.73714224,0.7199994,0.73285653,1093867.58186921,NaN,NaN,NaN,NaN,NaN,NaN,NaN
1706230800,0.73285653,0.73714224,0.7199994,0.7199994,1183467.65683461,NaN,NaN,NaN,NaN,NaN,NaN,NaN
1706490000,0.72428511,0.73285653,0.7199994,0.72428511,1850568.21497541,NaN,NaN,NaN,NaN,NaN,NaN,NaN
1706576400,0.72857082,0.72857082,0.71142798,0.71571369,2019735.0231783,NaN,NaN,NaN,NaN,NaN,NaN,NaN
1706662800,0.72857082,0.72857082,0.71142798,0.71142798,1602301.34059212,NaN,NaN,NaN,NaN,NaN,NaN,NaN
1706835600,0.71571369,0.7199994,0.71142798,0.7199994,1322067.7727967,NaN,NaN,NaN,NaN,NaN,NaN,NaN
1707094800,0.72428511,0.72857082,0.70714227,0.71571369,1146134.29226569,NaN,NaN,NaN,NaN,NaN,NaN,NaN
1707181200,0.71571369,0.72857082,0.71142798,0.7199994,1462767.8905158,NaN,NaN,NaN,NaN,NaN,NaN,NaN
1707267600,0.7199994,0.72857082,0.7199994,0.7199994,370766.97687504,NaN,NaN,NaN,NaN,NaN,NaN,NaN
1707354000,0.7199994,0.72857082,0.71571369,0.71571369,1294534.41642713,NaN,NaN,NaN,NaN,NaN,NaN,NaN
1707440400,0.7199994,0.72857082,0.70714227,0.71571369,2241635.20883479,NaN,NaN,NaN,NaN,NaN,NaN,NaN
1707786000,0.71571369,0.74571366,0.71571369,0.72428511,4004003.35001614,NaN,NaN,NaN,NaN,NaN,NaN,NaN
1707872400,0.72428511,0.72428511,0.70714227,0.71142798,3273436.07210818,NaN,NaN,NaN,NaN,NaN,NaN,NaN
1707958800,0.71571369,0.71571369,0.69857084,0.71142798,3714669.77460704,NaN,NaN,NaN,NaN,NaN,NaN,NaN
1708045200,0.71142798,0.71142798,0.69857084,0.71142798,3156769.30783032,NaN,NaN,NaN,NaN,NaN,NaN,NaN
1708304400,0.71142798,0.72428511,0.71142798,0.72428511,2921102.44398905,NaN,NaN,NaN,NaN,NaN,NaN,NaN
1708390800,0.72428511,0.72857082,0.71142798,0.71142798,3174035.98894344,NaN,NaN,NaN,NaN,NaN,NaN,NaN
1708477200,0.71142798,0.73714224,0.70714227,0.71571369,5132170.96058304,NaN,NaN,NaN,NaN,NaN,NaN,NaN
1708563600,0.71571369,0.72428511,0.71142798,0.71571369,3757836.47738985,NaN,NaN,NaN,NaN,NaN,NaN,NaN
1708650000,0.7199994,0.72428511,0.69857084,0.69857084,6707638.94539125,NaN,NaN,NaN,NaN,NaN,NaN,NaN
1708909200,0.69857084,0.70285655,0.67285658,0.681428,8977507.51118128,NaN,NaN,NaN,NaN,NaN,NaN,NaN
1708995600,0.67714229,0.681428,0.66857087,0.67714229,2503202.09434575,NaN,NaN,NaN,NaN,NaN,NaN,NaN
1709082000,0.67285658,0.67714229,0.66857087,0.67285658,2019968.35670686,NaN,NaN,NaN,NaN,NaN,NaN,NaN
1709168400,0.65142803,0.69857084,0.64714232,0.68571371,15660879.76960274,NaN,NaN,NaN,NaN,NaN,NaN,NaN
1709254800,0.68571371,0.70285655,0.681428,0.68571371,5593938.0135948,NaN,NaN,NaN,NaN,NaN,NaN,NaN
1709514000,0.68571371,0.68999942,0.65999945,0.66428516,3446336.21676797,NaN,NaN,NaN,NaN,NaN,NaN,NaN
1709600400,0.66857087,0.68571371,0.65999945,0.68571371,2400768.67530979,NaN,NaN,NaN,NaN,NaN,NaN,NaN
1709686800,0.68571371,0.68571371,0.66857087,0.681428,2471935.40151929,NaN,NaN,NaN,NaN,NaN,NaN,NaN
1709773200,0.68571371,0.73285653,0.68571371,0.72857082,9878641.59846347,NaN,NaN,NaN,NaN,NaN,NaN,NaN
1709859600,0.72857082,0.77571364,0.72857082,0.77142793,9467274.58761974,NaN,NaN,NaN,NaN,NaN,NaN,NaN
1710118800,0.77142793,0.83571359,0.77142793,0.83142788,18205848.56555997,NaN,NaN,NaN,NaN,NaN,NaN,NaN
1710205200,0.83142788,0.83571359,0.80571361,0.82285645,7282106.09269543,NaN,NaN,NaN,NaN,NaN,NaN,NaN
1710291600,0.81857074,0.83142788,0.80571361,0.81428503,3672903.07299557,NaN,NaN,NaN,NaN,NaN,NaN,NaN
1710378000,0.81428503,0.83571359,0.8014279,0.81428503,6525872.12664635,NaN,NaN,NaN,NaN,NaN,NaN,NaN
1710464400,0.81428503,0.81428503,0.78428506,0.79285648,3837869.87768446,NaN,NaN,NaN,NaN,NaN,NaN,NaN
1710723600,0.79285648,0.81428503,0.78428506,0.80571361,3936336.62673498,NaN,NaN,NaN,NaN,NaN,NaN,NaN
1710810000,0.80571361,0.80571361,0.78857077,0.79714219,3260369.39450906,NaN,NaN,NaN,NaN,NaN,NaN,NaN
1710896400,0.79714219,0.90428496,0.79714219,0.88714211,30843892.47272337,NaN,NaN,NaN,NaN,NaN,NaN,NaN
1710982800,0.87857069,0.96428491,0.87857069,0.95142778,34165395.25171403,NaN,NaN,NaN,NaN,NaN,NaN,NaN
1711069200,0.95142778,1.01142773,0.92999922,0.99857059,27838556.62492571,NaN,NaN,NaN,NaN,NaN,NaN,NaN
1711328400,0.99428488,1.03714199,0.99428488,1.01142773,11105975.95866655,NaN,NaN,NaN,NaN,NaN,NaN,NaN
1711414800,1.02857057,1.08857052,1.01571344,1.05857054,29781991.58426629,NaN,NaN,NaN,NaN,NaN,NaN,NaN
1711501200,1.07142768,1.08428481,1.0414277,1.07142768,40531200.57777115,NaN,NaN,NaN,NaN,NaN,NaN,NaN
1711674000,1.07571339,1.09285623,1.05857054,1.08857052,20135283.51318721,2740537555.3713903,6148072000,4294032000,167096000,1870162000,1854040000,0.787271126228344
1711933200,1.09285623,1.10571336,1.05428483,1.07571339,16887514.12922015,NaN,NaN,NaN,NaN,NaN,NaN,NaN
1712019600,1.07571339,1.08857052,1.05428483,1.05857054,13006010.88169577,NaN,NaN,NaN,NaN,NaN,NaN,NaN
1712106000,1.05857054,1.06285625,1.0028563,1.01571344,19100215.98051404,NaN,NaN,NaN,NaN,NaN,NaN,NaN
1712192400,1.02428486,1.09285623,1.00714201,1.06714196,25550021.37685122,NaN,NaN,NaN,NaN,NaN,NaN,NaN
1712278800,1.06714196,1.1228562,1.05857054,1.09285623,21730818.18145121,NaN,NaN,NaN,NaN,NaN,NaN,NaN
1712538000,1.09285623,1.10571336,1.08428481,1.08857052,10338775.31677535,NaN,NaN,NaN,NaN,NaN,NaN,NaN
1712624400,1.08428481,1.08857052,1.05857054,1.07571339,7101505.9415933,NaN,NaN,NaN,NaN,NaN,NaN,NaN
1712883600,1.06714196,1.08857052,1.05857054,1.06714196,14807812.38920303,NaN,NaN,NaN,NaN,NaN,NaN,NaN
1713142800,1.06714196,1.13571334,1.04999912,1.11428478,23432986.27226518,NaN,NaN,NaN,NaN,NaN,NaN,NaN
1713229200,1.11428478,1.11857049,1.0799991,1.08857052,9446741.23710684,NaN,NaN,NaN,NaN,NaN,NaN,NaN
1713315600,1.08428481,1.10571336,1.06285625,1.06714196,5257704.39894601,NaN,NaN,NaN,NaN,NaN,NaN,NaN
1713402000,1.07142768,1.10142765,1.05857054,1.09285623,6146705.1427433,NaN,NaN,NaN,NaN,NaN,NaN,NaN
1713488400,1.10142765,1.10999907,1.07571339,1.09714194,4929637.45779667,NaN,NaN,NaN,NaN,NaN,NaN,NaN
1713747600,1.09714194,1.17428473,1.09714194,1.14428476,17444014.59482554,NaN,NaN,NaN,NaN,NaN,NaN,NaN
1713834000,1.15285618,1.18285615,1.13142762,1.16999902,28214456.93942897,NaN,NaN,NaN,NaN,NaN,NaN,NaN
1713920400,1.17428473,1.18285615,1.14857047,1.1614276,17178247.70580058,NaN,NaN,NaN,NaN,NaN,NaN,NaN
1714006800,1.16999902,1.17857044,1.13999905,1.17857044,5484037.92164506,NaN,NaN,NaN,NaN,NaN,NaN,NaN
1714093200,1.17857044,1.21714184,1.15714189,1.19571329,11430776.23041611,NaN,NaN,NaN,NaN,NaN,NaN,NaN
1714352400,1.19142757,1.25142752,1.19142757,1.21714184,26875122.48551914,NaN,NaN,NaN,NaN,NaN,NaN,NaN
1714438800,1.20857042,1.21285613,1.16999902,1.17428473,15410979.56051956,NaN,NaN,NaN,NaN,NaN,NaN,NaN
1714611600,1.15714189,1.21714184,1.13142762,1.21714184,8611640.53840592,NaN,NaN,NaN,NaN,NaN,NaN,NaN
1714698000,1.20428471,1.22999897,1.19571329,1.21714184,12988977.5341112,NaN,NaN,NaN,NaN,NaN,NaN,NaN
1714957200,1.21714184,1.25999895,1.21714184,1.2428561,17943581.67946334,NaN,NaN,NaN,NaN,NaN,NaN,NaN
1715043600,1.2428561,1.26428466,1.2428561,1.25571324,24012820.09072614,NaN,NaN,NaN,NaN,NaN,NaN,NaN
1715130000,1.25142752,1.27285608,1.2428561,1.25142752,20619450.58494032,NaN,NaN,NaN,NaN,NaN,NaN,NaN
1715216400,1.25571324,1.27714179,1.25571324,1.26857037,6526805.46076057,NaN,NaN,NaN,NaN,NaN,NaN,NaN
1715302800,1.27285608,1.29857034,1.26428466,1.28999892,16215746.90050824,NaN,NaN,NaN,NaN,NaN,NaN,NaN
1715562000,1.28999892,1.31571318,1.28999892,1.30714176,4135136.79306445,NaN,NaN,NaN,NaN,NaN,NaN,NaN
1715648400,1.30714176,1.39285598,1.26428466,1.36714171,17764848.19658966,NaN,NaN,NaN,NaN,NaN,NaN,NaN
1715734800,1.36714171,1.38428456,1.3199989,1.32857032,18244815.26482877,NaN,NaN,NaN,NaN,NaN,NaN,NaN
1715821200,1.33285603,1.49571303,1.33285603,1.45285593,23377452.89246892,NaN,NaN,NaN,NaN,NaN,NaN,NaN
1715907600,1.44857022,1.57285583,1.44428451,1.56428441,19309749.48915707,NaN,NaN,NaN,NaN,NaN,NaN,NaN
1716166800,1.57714154,1.65428433,1.54285585,1.62857007,14322945.31686425,NaN,NaN,NaN,NaN,NaN,NaN,NaN
1716253200,1.62428436,1.65428433,1.57714154,1.60714151,14351645.3408766,NaN,NaN,NaN,NaN,NaN,NaN,NaN
1716426000,1.61571293,1.66714146,1.6028558,1.63285578,13032144.23689401,NaN,NaN,NaN,NaN,NaN,NaN,NaN
1716512400,1.61999864,1.70999857,1.61142722,1.68857002,14995412.54616183,NaN,NaN,NaN,NaN,NaN,NaN,NaN
1716771600,1.68857002,1.71856999,1.6028558,1.65428433,19191216.05665077,NaN,NaN,NaN,NaN,NaN,NaN,NaN
1716858000,1.65428433,1.90714126,1.61999864,1.86428415,57707814.94887184,NaN,NaN,NaN,NaN,NaN,NaN,NaN
1716944400,1.87285558,1.89856984,1.81714134,1.89856984,18869682.45430099,NaN,NaN,NaN,NaN,NaN,NaN,NaN
1717030800,1.89856984,1.90285555,1.82999847,1.8428556,14252011.92418331,NaN,NaN,NaN,NaN,NaN,NaN,NaN
1717117200,1.85571273,1.85571273,1.7228557,1.74428425,12808144.04948052,NaN,NaN,NaN,NaN,NaN,NaN,NaN
1717462800,1.74428425,1.79142707,1.66285575,1.69285573,11003775.87315915,NaN,NaN,NaN,NaN,NaN,NaN,NaN
1717549200,1.69285573,1.73142712,1.67999859,1.70571286,8069606.75157098,NaN,NaN,NaN,NaN,NaN,NaN,NaN
1717635600,1.70571286,1.76999852,1.69285573,1.71428428,11899309.955756,NaN,NaN,NaN,NaN,NaN,NaN,NaN
1717722000,1.75285568,1.75285568,1.70571286,1.7228557,3936803.29379209,NaN,NaN,NaN,NaN,NaN,NaN,NaN
1717981200,1.7228557,1.76571281,1.7228557,1.72714141,5278937.75004458,NaN,NaN,NaN,NaN,NaN,NaN,NaN
1718067600,1.72714141,1.73999854,1.69285573,1.7228557,5102770.93598502,NaN,NaN,NaN,NaN,NaN,NaN,NaN
1718154000,1.70571286,1.71856999,1.68428431,1.68428431,3144402.63081687,NaN,NaN,NaN,NaN,NaN,NaN,NaN
1718240400,1.68857002,1.70999857,1.6414272,1.66285575,6838772.38843957,NaN,NaN,NaN,NaN,NaN,NaN,NaN
1718326800,1.66285575,1.68857002,1.62857007,1.66714146,8978440.84529551,NaN,NaN,NaN,NaN,NaN,NaN,NaN
1718672400,1.67999859,1.67999859,1.63285578,1.64999862,6497638.7696911,NaN,NaN,NaN,NaN,NaN,NaN,NaN
1718758800,1.65857004,1.65857004,1.56428441,1.58999867,10419042.05059852,NaN,NaN,NaN,NaN,NaN,NaN,NaN
1718845200,1.58999867,1.61571293,1.55142727,1.59428438,8207273.53341886,NaN,NaN,NaN,NaN,NaN,NaN,NaN
1718931600,1.58571296,1.63285578,1.56428441,1.61999864,5022037.53510474,NaN,NaN,NaN,NaN,NaN,NaN,NaN
1719190800,1.61999864,1.61999864,1.54714156,1.55999869,4926604.12192545,NaN,NaN,NaN,NaN,NaN,NaN,NaN
1719277200,1.54285585,1.58571296,1.52571301,1.55142727,7863339.91232773,NaN,NaN,NaN,NaN,NaN,NaN,NaN
1719363600,1.54285585,1.6028558,1.54285585,1.55999869,6181005.17144099,NaN,NaN,NaN,NaN,NaN,NaN,NaN
1719450000,1.56428441,1.59857009,1.56428441,1.57714154,3797736.51077288,NaN,NaN,NaN,NaN,NaN,NaN,NaN
1719536400,1.57714154,1.58999867,1.56428441,1.57714154,2212001.85070822,2740537555.3713903,7434562000,5516130000,143431000,2222438000,1918432000,0.543388222994565
1719795600,1.58142725,1.62428436,1.57285583,1.61999864,3720269.77929238,NaN,NaN,NaN,NaN,NaN,NaN,NaN
1719882000,1.62428436,1.66285575,1.59857009,1.62857007,8933640.80781281,NaN,NaN,NaN,NaN,NaN,NaN,NaN
1719968400,1.62857007,1.66285575,1.61571293,1.65428433,5323504.45399873,NaN,NaN,NaN,NaN,NaN,NaN,NaN
1720054800,1.65428433,1.70571286,1.63285578,1.68857002,5064737.57083044,NaN,NaN,NaN,NaN,NaN,NaN,NaN
1720141200,1.68857002,1.71856999,1.67571288,1.69714144,3710003.10403593,NaN,NaN,NaN,NaN,NaN,NaN,NaN
1720486800,1.71428428,1.73999854,1.68428431,1.71856999,5067537.5731731,NaN,NaN,NaN,NaN,NaN,NaN,NaN
1720573200,1.70999857,1.78285565,1.70142715,1.78285565,6295105.26690474,NaN,NaN,NaN,NaN,NaN,NaN,NaN
1720659600,1.78714136,1.86428415,1.78714136,1.82571276,8527640.46812586,NaN,NaN,NaN,NaN,NaN,NaN,NaN
1720746000,1.83428418,1.85142702,1.77428423,1.82571276,5845704.89090643,NaN,NaN,NaN,NaN,NaN,NaN,NaN
1721005200,1.82571276,1.881427,1.82142705,1.86856987,5642004.72047728,NaN,NaN,NaN,NaN,NaN,NaN,NaN
1721091600,1.87285558,1.89856984,1.86856987,1.881427,2058935.05597566,NaN,NaN,NaN,NaN,NaN,NaN,NaN
1721178000,1.88571271,1.89428413,1.8042842,1.82142705,4424237.03494499,NaN,NaN,NaN,NaN,NaN,NaN,NaN
1721264400,1.82142705,1.82142705,1.77856994,1.79999849,2178168.48906764,NaN,NaN,NaN,NaN,NaN,NaN,NaN
1721350800,1.79571278,1.85571273,1.79571278,1.82142705,1319267.77045403,NaN,NaN,NaN,NaN,NaN,NaN,NaN
1721610000,1.82142705,1.82142705,1.74856997,1.78285565,3232369.37108237,NaN,NaN,NaN,NaN,NaN,NaN,NaN
1721696400,1.79571278,1.85999844,1.77428423,1.83428418,2992969.17078421,NaN,NaN,NaN,NaN,NaN,NaN,NaN
1721782800,1.8428556,1.85142702,1.80856992,1.82142705,913734.0978242,NaN,NaN,NaN,NaN,NaN,NaN,NaN
1721869200,1.81285563,1.81285563,1.67571288,1.7228557,6468238.74509308,NaN,NaN,NaN,NaN,NaN,NaN,NaN
1721955600,1.71428428,1.74856997,1.69714144,1.73142712,738033.95082174,NaN,NaN,NaN,NaN,NaN,NaN,NaN
1722214800,1.72714141,1.75285568,1.67142717,1.7228557,2853902.387765,NaN,NaN,NaN,NaN,NaN,NaN,NaN
1722301200,1.71856999,1.73142712,1.6414272,1.66714146,6566938.82767215,NaN,NaN,NaN,NaN,NaN,NaN,NaN
1722387600,1.66285575,1.66714146,1.63285578,1.6414272,2534935.45422933,NaN,NaN,NaN,NaN,NaN,NaN,NaN
1722474000,1.64999862,1.67999859,1.61999864,1.63714149,2747968.9658007,NaN,NaN,NaN,NaN,NaN,NaN,NaN
1722560400,1.63714149,1.63714149,1.55142727,1.56857012,6982272.50850133,NaN,NaN,NaN,NaN,NaN,NaN,NaN
1722819600,1.54285585,1.54714156,1.36714171,1.49999875,7999606.69300427,NaN,NaN,NaN,NaN,NaN,NaN,NaN
1722906000,1.43571308,1.53857014,1.42285595,1.49571303,4553737.14329341,NaN,NaN,NaN,NaN,NaN,NaN,NaN
1722992400,1.49999875,1.61571293,1.4828559,1.59857009,3164702.64780122,NaN,NaN,NaN,NaN,NaN,NaN,NaN
1723078800,1.61571293,1.61999864,1.55999869,1.57285583,1313201.09871159,NaN,NaN,NaN,NaN,NaN,NaN,NaN
1723165200,1.58571296,1.61571293,1.55571298,1.55571298,2193801.83548087,NaN,NaN,NaN,NaN,NaN,NaN,NaN
1723424400,1.56428441,1.59857009,1.55571298,1.56428441,2389801.99946767,NaN,NaN,NaN,NaN,NaN,NaN,NaN
1723510800,1.57285583,1.58571296,1.54714156,1.55571298,1378767.82023574,NaN,NaN,NaN,NaN,NaN,NaN,NaN
1723597200,1.55999869,1.57714154,1.49142732,1.51285588,2830569.03490943,NaN,NaN,NaN,NaN,NaN,NaN,NaN
1723683600,1.52571301,1.55999869,1.44428451,1.51714159,5494071.26337296,NaN,NaN,NaN,NaN,NaN,NaN,NaN
1723770000,1.56428441,1.62857007,1.54714156,1.6028558,4143536.80009246,NaN,NaN,NaN,NaN,NaN,NaN,NaN
1724029200,1.62428436,1.68428431,1.61999864,1.62857007,4781470.66716379,NaN,NaN,NaN,NaN,NaN,NaN,NaN
1724115600,1.68857002,1.68857002,1.51285588,1.58999867,7283506.09386677,NaN,NaN,NaN,NaN,NaN,NaN,NaN
1724202000,1.55571298,1.58571296,1.54714156,1.56428441,1027367.52623083,NaN,NaN,NaN,NaN,NaN,NaN,NaN
1724288400,1.58571296,1.59428438,1.5214273,1.52571301,2150401.79916951,NaN,NaN,NaN,NaN,NaN,NaN,NaN
1724374800,1.5214273,1.5214273,1.44428451,1.45714164,8213340.20516131,NaN,NaN,NaN,NaN,NaN,NaN,NaN
1724634000,1.49571303,1.49571303,1.42285595,1.43571308,7160305.99078935,NaN,NaN,NaN,NaN,NaN,NaN,NaN
1724720400,1.43571308,1.49999875,1.20428471,1.23428468,27351356.21730137,NaN,NaN,NaN,NaN,NaN,NaN,NaN
1724806800,1.23857039,1.32857032,1.23857039,1.25999895,28634223.95730071,NaN,NaN,NaN,NaN,NaN,NaN,NaN
1724893200,1.26857037,1.34571316,1.25999895,1.28571321,17824814.91342848,NaN,NaN,NaN,NaN,NaN,NaN,NaN
1724979600,1.29428463,1.31142747,1.23857039,1.25571324,14009345.05448536,NaN,NaN,NaN,NaN,NaN,NaN,NaN
1725238800,1.28571321,1.29428463,1.24714181,1.25142752,4523403.78458117,NaN,NaN,NaN,NaN,NaN,NaN,NaN
1725325200,1.27714179,1.29857034,1.25142752,1.26428466,3460802.89553842,NaN,NaN,NaN,NaN,NaN,NaN,NaN
1725411600,1.25999895,1.27285608,1.21714184,1.22571326,5304837.77171427,NaN,NaN,NaN,NaN,NaN,NaN,NaN
1725498000,1.22571326,1.25142752,1.17857044,1.21285613,6714172.28419081,NaN,NaN,NaN,NaN,NaN,NaN,NaN
1725584400,1.22571326,1.22571326,1.13571334,1.15285618,8235973.55743121,NaN,NaN,NaN,NaN,NaN,NaN,NaN
1725843600,1.13571334,1.18714186,1.12714191,1.16571331,4837237.38048861,NaN,NaN,NaN,NaN,NaN,NaN,NaN
1725930000,1.16571331,1.17428473,1.13571334,1.13571334,2635502.20503685,NaN,NaN,NaN,NaN,NaN,NaN,NaN
1726016400,1.11428478,1.20857042,1.11428478,1.18285615,4359836.98106361,NaN,NaN,NaN,NaN,NaN,NaN,NaN
1726102800,1.20428471,1.34142745,1.17857044,1.19571329,16801880.72424021,NaN,NaN,NaN,NaN,NaN,NaN,NaN
1726189200,1.199999,1.22571326,1.15285618,1.1614276,7424206.21158586,NaN,NaN,NaN,NaN,NaN,NaN,NaN
1726534800,1.15714189,1.16999902,1.15285618,1.15714189,1912401.60004267,NaN,NaN,NaN,NaN,NaN,NaN,NaN
1726621200,1.15714189,1.18714186,1.14857047,1.1614276,3014669.18893989,NaN,NaN,NaN,NaN,NaN,NaN,NaN
1726707600,1.1614276,1.2428561,1.1614276,1.22571326,6658638.90439455,NaN,NaN,NaN,NaN,NaN,NaN,NaN
1726794000,1.199999,1.25571324,1.19571329,1.22999897,3819436.52892856,NaN,NaN,NaN,NaN,NaN,NaN,NaN
1727053200,1.25142752,1.26857037,1.21714184,1.23857039,2937902.45804506,NaN,NaN,NaN,NaN,NaN,NaN,NaN
1727139600,1.25571324,1.26857037,1.21285613,1.26857037,4210970.18984506,NaN,NaN,NaN,NaN,NaN,NaN,NaN
1727226000,1.26857037,1.27714179,1.22571326,1.23428468,2171868.48379663,NaN,NaN,NaN,NaN,NaN,NaN,NaN
1727312400,1.22142755,1.2428561,1.21285613,1.2428561,1114634.26591067,NaN,NaN,NaN,NaN,NaN,NaN,NaN
1727398800,1.23428468,1.25142752,1.22571326,1.23857039,1249734.37894443,NaN,NaN,NaN,NaN,NaN,NaN,NaN
1727658000,1.2428561,1.33714174,1.2428561,1.32428461,5281271.08533014,2740537555.3713903,7817617000,5924713000,144904000,2976915000,1892904000,0.323948543087379
1727744400,1.33285603,1.35857029,1.29428463,1.31142747,3375169.49055847,NaN,NaN,NaN,NaN,NaN,NaN,NaN
1727830800,1.31142747,1.31142747,1.23857039,1.25142752,2797902.34091163,NaN,NaN,NaN,NaN,NaN,NaN,NaN
1727917200,1.25142752,1.25571324,1.21714184,1.22571326,1761434.80706712,NaN,NaN,NaN,NaN,NaN,NaN,NaN
1728003600,1.22142755,1.22142755,1.1614276,1.18714186,6302105.27276141,NaN,NaN,NaN,NaN,NaN,NaN,NaN
1728262800,1.18714186,1.21285613,1.16999902,1.17428473,2998335.84194099,NaN,NaN,NaN,NaN,NaN,NaN,NaN
1728349200,1.17428473,1.19571329,1.1614276,1.16999902,3894569.9251235,NaN,NaN,NaN,NaN,NaN,NaN,NaN
1728435600,1.18714186,1.22142755,1.18714186,1.22142755,4147970.13713502,NaN,NaN,NaN,NaN,NaN,NaN,NaN
1728522000,1.23428468,1.28571321,1.23428468,1.26857037,5914538.28183036,NaN,NaN,NaN,NaN,NaN,NaN,NaN
1728608400,1.26857037,1.2814275,1.23428468,1.24714181,3005102.5142691,NaN,NaN,NaN,NaN,NaN,NaN,NaN
1728867600,1.25142752,1.25142752,1.21285613,1.22999897,1778934.8217088,NaN,NaN,NaN,NaN,NaN,NaN,NaN
1728954000,1.22142755,1.24714181,1.20857042,1.22142755,1897234.92068655,NaN,NaN,NaN,NaN,NaN,NaN,NaN
1729040400,1.23857039,1.23857039,1.20428471,1.20857042,800567.33647467,NaN,NaN,NaN,NaN,NaN,NaN,NaN
1729126800,1.21714184,1.23428468,1.199999,1.22571326,1447601.21115968,NaN,NaN,NaN,NaN,NaN,NaN,NaN
1729213200,1.22571326,1.25142752,1.21285613,1.2428561,2385368.66242511,NaN,NaN,NaN,NaN,NaN,NaN,NaN
1729472400,1.2428561,1.2428561,1.21714184,1.21714184,1282167.73941368,NaN,NaN,NaN,NaN,NaN,NaN,NaN
1729558800,1.22142755,1.22142755,1.18285615,1.18714186,1666934.72800206,NaN,NaN,NaN,NaN,NaN,NaN,NaN
1729645200,1.18285615,1.19142757,1.14428476,1.14857047,4399270.34738952,NaN,NaN,NaN,NaN,NaN,NaN,NaN
1729731600,1.14857047,1.19571329,1.13999905,1.16999902,3228402.70109693,NaN,NaN,NaN,NaN,NaN,NaN,NaN
1729818000,1.16999902,1.19571329,1.15285618,1.17857044,2836869.04018043,NaN,NaN,NaN,NaN,NaN,NaN,NaN
1730077200,1.18285615,1.21714184,1.17428473,1.19571329,2958669.14208652,NaN,NaN,NaN,NaN,NaN,NaN,NaN
1730163600,1.199999,1.21285613,1.19142757,1.20428471,255500.21376851,NaN,NaN,NaN,NaN,NaN,NaN,NaN
1730250000,1.20857042,1.20857042,1.14428476,1.15714189,1156867.63457925,NaN,NaN,NaN,NaN,NaN,NaN,NaN
1730422800,1.15714189,1.18285615,1.14428476,1.16571331,1592734.66592134,NaN,NaN,NaN,NaN,NaN,NaN,NaN
1730682000,1.16571331,1.16571331,1.1228562,1.13999905,1933868.2846698,NaN,NaN,NaN,NaN,NaN,NaN,NaN
1730768400,1.13571334,1.16999902,1.13571334,1.14857047,1093634.24834065,NaN,NaN,NaN,NaN,NaN,NaN,NaN
1730854800,1.15714189,1.17857044,1.14857047,1.17428473,1159900.97045048,NaN,NaN,NaN,NaN,NaN,NaN,NaN
1730941200,1.18285615,1.19142757,1.13571334,1.14857047,1472801.2322437,NaN,NaN,NaN,NaN,NaN,NaN,NaN
1731027600,1.14857047,1.16571331,1.13999905,1.14428476,850267.37805704,NaN,NaN,NaN,NaN,NaN,NaN,NaN
1731286800,1.15714189,1.17428473,1.14857047,1.16571331,677600.56692581,NaN,NaN,NaN,NaN,NaN,NaN,NaN
1731373200,1.16571331,1.199999,1.1614276,1.18714186,1839601.53913329,NaN,NaN,NaN,NaN,NaN,NaN,NaN
1731459600,1.199999,1.23428468,1.19571329,1.20857042,1551667.96489553,NaN,NaN,NaN,NaN,NaN,NaN,NaN
1731546000,1.21714184,1.24714181,1.20428471,1.22999897,2030235.03196331,NaN,NaN,NaN,NaN,NaN,NaN,NaN
1731632400,1.22999897,1.23428468,1.199999,1.199999,1109967.59533955,NaN,NaN,NaN,NaN,NaN,NaN,NaN
1731891600,1.20428471,1.22999897,1.199999,1.20857042,1916601.60355668,NaN,NaN,NaN,NaN,NaN,NaN,NaN
1731978000,1.22142755,1.22142755,1.19142757,1.20857042,2415235.35408025,NaN,NaN,NaN,NaN,NaN,NaN,NaN
1732064400,1.199999,1.20428471,1.19571329,1.199999,1296867.75171269,NaN,NaN,NaN,NaN,NaN,NaN,NaN
1732150800,1.199999,1.22999897,1.19142757,1.21285613,1328134.44453915,NaN,NaN,NaN,NaN,NaN,NaN,NaN
1732237200,1.20428471,1.22142755,1.199999,1.199999,940567.4536081,NaN,NaN,NaN,NaN,NaN,NaN,NaN
1732496400,1.20428471,1.26428466,1.20428471,1.25999895,4672270.57579972,NaN,NaN,NaN,NaN,NaN,NaN,NaN
1732582800,1.26857037,1.26857037,1.199999,1.20428471,3650736.38778278,NaN,NaN,NaN,NaN,NaN,NaN,NaN
1732669200,1.199999,1.3199989,1.199999,1.28999892,8895140.77560112,NaN,NaN,NaN,NaN,NaN,NaN,NaN
1732755600,1.28999892,1.40571311,1.28571321,1.37571313,9178874.34632487,NaN,NaN,NaN,NaN,NaN,NaN,NaN
1732842000,1.37571313,1.47857019,1.36714171,1.43571308,9450941.24062084,NaN,NaN,NaN,NaN,NaN,NaN,NaN
1733101200,1.45285593,1.49142732,1.39714169,1.43142737,6720005.6224047,NaN,NaN,NaN,NaN,NaN,NaN,NaN
1733187600,1.42714166,1.46142735,1.40571311,1.41857024,3659836.39539645,NaN,NaN,NaN,NaN,NaN,NaN,NaN
1733274000,1.43142737,1.53857014,1.43142737,1.53857014,9659308.0816211,NaN,NaN,NaN,NaN,NaN,NaN,NaN
1733360400,1.56428441,1.61999864,1.56428441,1.58999867,7419306.20748619,NaN,NaN,NaN,NaN,NaN,NaN,NaN
1733446800,1.59428438,1.59428438,1.55142727,1.56857012,4950404.14183813,NaN,NaN,NaN,NaN,NaN,NaN,NaN
1733706000,1.56428441,1.58571296,1.52571301,1.54285585,2280368.57457504,NaN,NaN,NaN,NaN,NaN,NaN,NaN
1733792400,1.56428441,1.62428436,1.55142727,1.61571293,6253105.23176471,NaN,NaN,NaN,NaN,NaN,NaN,NaN
1733878800,1.61142722,1.67999859,1.61142722,1.63714149,6717205.62006204,NaN,NaN,NaN,NaN,NaN,NaN,NaN
1733965200,1.64999862,1.66714146,1.61999864,1.63714149,3171935.98718644,NaN,NaN,NaN,NaN,NaN,NaN,NaN
1734051600,1.63714149,1.70571286,1.63714149,1.69285573,6356471.98491489,NaN,NaN,NaN,NaN,NaN,NaN,NaN
1734310800,1.69285573,1.73142712,1.68857002,1.71428428,5841271.55386387,NaN,NaN,NaN,NaN,NaN,NaN,NaN
1734397200,1.71428428,1.71856999,1.62857007,1.66285575,6625972.21039675,NaN,NaN,NaN,NaN,NaN,NaN,NaN
1734483600,1.65857004,1.70142715,1.64999862,1.69285573,1741601.45713989,NaN,NaN,NaN,NaN,NaN,NaN,NaN
1734570000,1.67999859,1.68428431,1.63714149,1.65428433,4037370.0445996,NaN,NaN,NaN,NaN,NaN,NaN,NaN
1734656400,1.6414272,1.67142717,1.57714154,1.61999864,4303836.93421024,NaN,NaN,NaN,NaN,NaN,NaN,NaN
1734915600,1.61999864,1.66714146,1.61999864,1.64999862,3376569.49172981,NaN,NaN,NaN,NaN,NaN,NaN,NaN
1735002000,1.64999862,1.69285573,1.61999864,1.6414272,3666369.73419601,NaN,NaN,NaN,NaN,NaN,NaN,NaN
1735174800,1.6414272,1.67999859,1.62857007,1.64571291,1891634.91600121,NaN,NaN,NaN,NaN,NaN,NaN,NaN
1735261200,1.63714149,1.6414272,1.59857009,1.62428436,6952639.15037476,NaN,NaN,NaN,NaN,NaN,NaN,NaN
1735520400,1.61999864,1.64571291,1.60714151,1.61999864,7347206.14716248,NaN,NaN,NaN,NaN,NaN,NaN,NaN
1735606800,1.62857007,1.69285573,1.58999867,1.69285573,6932339.13339041,2740537555.3713903,10493522542,8368722275,339268000,3370953000,2124800267,0.633249576587341
1735779600,1.68857002,1.68857002,1.64571291,1.66285575,4806437.35471925,NaN,NaN,NaN,NaN,NaN,NaN,NaN
1735866000,1.65857004,1.72714141,1.65428433,1.71428428,10332241.97797579,NaN,NaN,NaN,NaN,NaN,NaN,NaN
1736125200,1.71428428,1.74428425,1.70142715,1.72714141,7038039.22182615,NaN,NaN,NaN,NaN,NaN,NaN,NaN
1736211600,1.73142712,1.74428425,1.70142715,1.71856999,7055305.90293927,NaN,NaN,NaN,NaN,NaN,NaN,NaN
1736298000,1.71428428,1.74428425,1.67999859,1.70142715,5346371.13979719,NaN,NaN,NaN,NaN,NaN,NaN,NaN
1736384400,1.68428431,1.70142715,1.66714146,1.67571288,5300871.10172882,NaN,NaN,NaN,NaN,NaN,NaN,NaN
1736470800,1.69714144,1.82571276,1.68428431,1.76571281,15782446.53798027,NaN,NaN,NaN,NaN,NaN,NaN,NaN
1736730000,1.76571281,1.76999852,1.71428428,1.71856999,5319537.78401328,NaN,NaN,NaN,NaN,NaN,NaN,NaN
1736816400,1.73142712,1.75714139,1.70571286,1.71428428,4615337.19483212,NaN,NaN,NaN,NaN,NaN,NaN,NaN
1736902800,1.71428428,1.73571283,1.66714146,1.67999859,5911738.27948769,NaN,NaN,NaN,NaN,NaN,NaN,NaN
1736989200,1.68428431,1.69285573,1.63285578,1.64999862,8448540.40194547,NaN,NaN,NaN,NaN,NaN,NaN,NaN
1737075600,1.64999862,1.75714139,1.63714149,1.73999854,8103206.77968301,NaN,NaN,NaN,NaN,NaN,NaN,NaN
1737334800,1.73999854,1.85142702,1.73999854,1.85142702,15048145.92361542,NaN,NaN,NaN,NaN,NaN,NaN,NaN
1737421200,1.85999844,1.91999839,1.83856989,1.87285558,9590008.02364005,NaN,NaN,NaN,NaN,NaN,NaN,NaN
1737507600,1.88571271,1.89856984,1.83856989,1.83856989,4726637.2879532,NaN,NaN,NaN,NaN,NaN,NaN,NaN
1737594000,1.83856989,1.87714129,1.82999847,1.86856987,6291838.59750496,NaN,NaN,NaN,NaN,NaN,NaN,NaN
1737680400,1.86856987,1.86856987,1.82571276,1.83428418,3944969.96729154,NaN,NaN,NaN,NaN,NaN,NaN,NaN
1737939600,1.83428418,1.8428556,1.77428423,1.79999849,5146404.30582494,NaN,NaN,NaN,NaN,NaN,NaN,NaN
1738026000,1.76999852,1.82142705,1.76571281,1.79571278,2505302.09610275,NaN,NaN,NaN,NaN,NaN,NaN,NaN
1738285200,1.78714136,1.85571273,1.78714136,1.81285563,3475969.57489454,NaN,NaN,NaN,NaN,NaN,NaN,NaN
1738544400,1.81285563,1.82571276,1.80856992,1.81285563,5034637.54564675,NaN,NaN,NaN,NaN,NaN,NaN,NaN
1738630800,1.83428418,1.90285555,1.82142705,1.83856989,4650570.55764403,NaN,NaN,NaN,NaN,NaN,NaN,NaN
1738717200,1.83856989,1.87714129,1.83428418,1.8428556,6381438.67247036,NaN,NaN,NaN,NaN,NaN,NaN,NaN
1738803600,1.83856989,1.86428415,1.83428418,1.84714131,3675003.07475257,NaN,NaN,NaN,NaN,NaN,NaN,NaN
1738890000,1.8428556,1.85142702,1.79999849,1.81285563,3499069.59422156,NaN,NaN,NaN,NaN,NaN,NaN,NaN
1739149200,1.80856992,1.80856992,1.69714144,1.71428428,7836973.22360093,NaN,NaN,NaN,NaN,NaN,NaN,NaN
1739322000,1.7228557,1.80856992,1.69285573,1.77428423,10453108.74576765,NaN,NaN,NaN,NaN,NaN,NaN,NaN
1739408400,1.77428423,1.81714134,1.73571283,1.74856997,2852735.72012222,NaN,NaN,NaN,NaN,NaN,NaN,NaN
1739494800,1.74856997,1.78714136,1.74856997,1.78285565,2601902.17692482,NaN,NaN,NaN,NaN,NaN,NaN,NaN
1739754000,1.79142707,1.85142702,1.77428423,1.81285563,4454570.39365723,NaN,NaN,NaN,NaN,NaN,NaN,NaN
1739840400,1.81714134,1.81714134,1.75285568,1.77856994,2645768.8802933,NaN,NaN,NaN,NaN,NaN,NaN,NaN
1739926800,1.77856994,1.80856992,1.77428423,1.78714136,2433668.70283615,NaN,NaN,NaN,NaN,NaN,NaN,NaN
1740013200,1.79142707,1.79142707,1.70571286,1.71856999,6627138.87803953,NaN,NaN,NaN,NaN,NaN,NaN,NaN
1740099600,1.7228557,1.82142705,1.7228557,1.8042842,7410439.53340108,NaN,NaN,NaN,NaN,NaN,NaN,NaN
1740358800,1.79142707,1.79142707,1.73999854,1.74428425,4748337.30610888,NaN,NaN,NaN,NaN,NaN,NaN,NaN
1740445200,1.73999854,1.7614271,1.43571308,1.65857004,25653854.79705852,NaN,NaN,NaN,NaN,NaN,NaN,NaN
1740531600,1.67142717,1.73999854,1.6414272,1.7228557,13129677.6518303,NaN,NaN,NaN,NaN,NaN,NaN,NaN
1740618000,1.79999849,1.82999847,1.68428431,1.7228557,16011113.39596487,NaN,NaN,NaN,NaN,NaN,NaN,NaN
1740704400,1.70571286,1.74428425,1.63714149,1.66285575,9052407.57384767,NaN,NaN,NaN,NaN,NaN,NaN,NaN
1740963600,1.69285573,1.70999857,1.55999869,1.62857007,17930281.66833566,NaN,NaN,NaN,NaN,NaN,NaN,NaN
1741050000,1.61142722,1.61142722,1.40999882,1.5214273,26612622.26589396,NaN,NaN,NaN,NaN,NaN,NaN,NaN
1741136400,1.54285585,1.67999859,1.5214273,1.66285575,13759911.5124593,NaN,NaN,NaN,NaN,NaN,NaN,NaN
1741222800,1.67142717,1.67571288,1.61571293,1.65428433,5270771.07654513,NaN,NaN,NaN,NaN,NaN,NaN,NaN
1741309200,1.64571291,1.65428433,1.59857009,1.61999864,4187170.16993238,NaN,NaN,NaN,NaN,NaN,NaN,NaN
1741568400,1.61999864,1.64999862,1.55571298,1.56428441,2953535.80445829,NaN,NaN,NaN,NaN,NaN,NaN,NaN
1741654800,1.55999869,1.56428441,1.52571301,1.54285585,5236471.04784744,NaN,NaN,NaN,NaN,NaN,NaN,NaN
1741741200,1.53857014,1.57714154,1.50857017,1.52999872,3885469.91750983,NaN,NaN,NaN,NaN,NaN,NaN,NaN
1741827600,1.54714156,1.57714154,1.51285588,1.51714159,4396703.67857541,NaN,NaN,NaN,NaN,NaN,NaN,NaN
1741914000,1.50857017,1.5214273,1.48714161,1.50857017,3426269.53331218,NaN,NaN,NaN,NaN,NaN,NaN,NaN
1742173200,1.5214273,1.55571298,1.5214273,1.53428443,2475902.07150473,NaN,NaN,NaN,NaN,NaN,NaN,NaN
1742346000,1.5214273,1.58142725,1.50857017,1.57714154,3103802.59684817,NaN,NaN,NaN,NaN,NaN,NaN,NaN
1742432400,1.56428441,1.6028558,1.53428443,1.54714156,4025470.03464326,NaN,NaN,NaN,NaN,NaN,NaN,NaN
1742518800,1.57285583,1.57285583,1.54285585,1.56428441,2179568.49023897,NaN,NaN,NaN,NaN,NaN,NaN,NaN
1742778000,1.56428441,1.56428441,1.51285588,1.52571301,2038868.37251987,NaN,NaN,NaN,NaN,NaN,NaN,NaN
1742864400,1.53857014,1.55999869,1.52999872,1.54285585,1686768.07792929,NaN,NaN,NaN,NaN,NaN,NaN,NaN
1742950800,1.54285585,1.55999869,1.49571303,1.55999869,3144169.29728831,NaN,NaN,NaN,NaN,NaN,NaN,NaN
1743037200,1.53428443,1.61999864,1.53428443,1.60714151,2984335.83022764,NaN,NaN,NaN,NaN,NaN,NaN,NaN
1743123600,1.58571296,1.61999864,1.57285583,1.58571296,1127467.60998123,2740537555.3713903,9449759000,7243364000,212842000,4305909000,2206395000,NaN
1743555600,1.56428441,1.63285578,1.56428441,1.61142722,2905702.43110437,NaN,NaN,NaN,NaN,NaN,NaN,NaN
1743642000,1.58571296,1.65428433,1.58142725,1.59428438,3774636.49144586,NaN,NaN,NaN,NaN,NaN,NaN,NaN
1743728400,1.58571296,1.61571293,1.50428446,1.53857014,4691403.92514128,NaN,NaN,NaN,NaN,NaN,NaN,NaN
1743987600,1.47857019,1.4828559,1.27285608,1.27714179,16321213.65541543,NaN,NaN,NaN,NaN,NaN,NaN,NaN
1744074000,1.32857032,1.36714171,1.25999895,1.2814275,5381137.83555199,NaN,NaN,NaN,NaN,NaN,NaN,NaN
1744160400,1.27714179,1.27714179,1.18285615,1.21714184,6344571.97495855,NaN,NaN,NaN,NaN,NaN,NaN,NaN
1744246800,1.34571316,1.35428458,1.2814275,1.31142747,9572974.67605548,NaN,NaN,NaN,NaN,NaN,NaN,NaN
1744333200,1.28571321,1.34571316,1.25999895,1.28571321,3682936.41472347,NaN,NaN,NaN,NaN,NaN,NaN,NaN
1744592400,1.32428461,1.40999882,1.31571318,1.40571311,4706570.60449741,NaN,NaN,NaN,NaN,NaN,NaN,NaN
1744678800,1.43142737,1.4399988,1.39714169,1.41428453,3719103.1116496,NaN,NaN,NaN,NaN,NaN,NaN,NaN
1744765200,1.40999882,1.41428453,1.34571316,1.35428458,1658768.05450261,NaN,NaN,NaN,NaN,NaN,NaN,NaN
1744851600,1.36714171,1.38428456,1.33714174,1.37999885,2300435.25803083,NaN,NaN,NaN,NaN,NaN,NaN,NaN
1744938000,1.37999885,1.39285598,1.35428458,1.37142742,891567.4126114,NaN,NaN,NaN,NaN,NaN,NaN,NaN
1745197200,1.40999882,1.41428453,1.36714171,1.39285598,2728602.28293058,NaN,NaN,NaN,NaN,NaN,NaN,NaN
1745283600,1.39285598,1.40999882,1.37571313,1.40999882,1368501.14497929,NaN,NaN,NaN,NaN,NaN,NaN,NaN
1745370000,1.41857024,1.46999877,1.41857024,1.45714164,2894969.0887908,NaN,NaN,NaN,NaN,NaN,NaN,NaN
1745456400,1.46571306,1.47857019,1.43142737,1.4399988,2327735.28087185,NaN,NaN,NaN,NaN,NaN,NaN,NaN
1745542800,1.45285593,1.45714164,1.38428456,1.45285593,5323737.78752728,NaN,NaN,NaN,NaN,NaN,NaN,NaN
1745802000,1.43571308,1.47857019,1.42285595,1.45714164,2408468.68175213,NaN,NaN,NaN,NaN,NaN,NaN,NaN
1745888400,1.45714164,1.47428448,1.43571308,1.46142735,1313667.7657687,NaN,NaN,NaN,NaN,NaN,NaN,NaN
1745974800,1.46142735,1.46571306,1.44428451,1.44857022,517533.76633658,NaN,NaN,NaN,NaN,NaN,NaN,NaN
1746147600,1.45714164,1.51714159,1.43142737,1.50857017,2432035.36813626,NaN,NaN,NaN,NaN,NaN,NaN,NaN
1746406800,1.50857017,1.55999869,1.50428446,1.52999872,2773635.65394183,NaN,NaN,NaN,NaN,NaN,NaN,NaN
1746493200,1.5214273,1.53857014,1.45714164,1.49142732,2526068.78014421,NaN,NaN,NaN,NaN,NaN,NaN,NaN
1746579600,1.49571303,1.52571301,1.47857019,1.51285588,1883468.24250176,NaN,NaN,NaN,NaN,NaN,NaN,NaN
1746666000,1.51714159,1.53857014,1.48714161,1.50857017,1603001.34117779,NaN,NaN,NaN,NaN,NaN,NaN,NaN
1746752400,1.5214273,1.5214273,1.47428448,1.47857019,773033.9801051,NaN,NaN,NaN,NaN,NaN,NaN,NaN
1747098000,1.49571303,1.55142727,1.49571303,1.52999872,1599268.0047209,NaN,NaN,NaN,NaN,NaN,NaN,NaN
1747184400,1.54285585,1.62857007,1.53857014,1.6028558,3403169.51398516,NaN,NaN,NaN,NaN,NaN,NaN,NaN
1747270800,1.6028558,1.6414272,1.6028558,1.60714151,2380001.99126833,NaN,NaN,NaN,NaN,NaN,NaN,NaN
1747357200,1.60714151,1.65428433,1.59428438,1.6028558,2400302.00825268,NaN,NaN,NaN,NaN,NaN,NaN,NaN
1747616400,1.60714151,1.60714151,1.54714156,1.55571298,1767501.47880957,NaN,NaN,NaN,NaN,NaN,NaN,NaN
1747702800,1.54714156,1.62428436,1.54714156,1.62428436,2702235.59420378,NaN,NaN,NaN,NaN,NaN,NaN,NaN
1747789200,1.62428436,1.62428436,1.58571296,1.59857009,939867.45302244,NaN,NaN,NaN,NaN,NaN,NaN,NaN
1747875600,1.58999867,1.59428438,1.53857014,1.54714156,2092301.75055913,NaN,NaN,NaN,NaN,NaN,NaN,NaN
1747962000,1.55142727,1.58999867,1.53428443,1.55999869,2386068.66301078,NaN,NaN,NaN,NaN,NaN,NaN,NaN
1748221200,1.54714156,1.57285583,1.49571303,1.51285588,2760568.97634271,NaN,NaN,NaN,NaN,NaN,NaN,NaN
1748307600,1.51714159,1.52999872,1.45714164,1.46571306,1767034.81175246,NaN,NaN,NaN,NaN,NaN,NaN,NaN
1748394000,1.46571306,1.51714159,1.46142735,1.47428448,1593668.00003556,NaN,NaN,NaN,NaN,NaN,NaN,NaN
1748480400,1.47857019,1.47857019,1.32857032,1.40571311,10842309.07139859,NaN,NaN,NaN,NaN,NaN,NaN,NaN
1748566800,1.39285598,1.40999882,1.362856,1.362856,2253301.88526258,NaN,NaN,NaN,NaN,NaN,NaN,NaN
1748912400,1.362856,1.39285598,1.32857032,1.34142745,2541702.12655745,NaN,NaN,NaN,NaN,NaN,NaN,NaN
1748998800,1.34999887,1.36714171,1.34142745,1.36714171,3210202.68586958,NaN,NaN,NaN,NaN,NaN,NaN,NaN
1749085200,1.35857029,1.35857029,1.34142745,1.34999887,2146668.46271261,NaN,NaN,NaN,NaN,NaN,NaN,NaN
1749171600,1.34571316,1.35857029,1.33285603,1.35857029,1613034.68290568,NaN,NaN,NaN,NaN,NaN,NaN,NaN
1749430800,1.362856,1.36714171,1.34999887,1.35428458,1598101.33707812,NaN,NaN,NaN,NaN,NaN,NaN,NaN
1749517200,1.34999887,1.42714166,1.34571316,1.4014274,5752138.14595558,NaN,NaN,NaN,NaN,NaN,NaN,NaN
1749603600,1.405713,1.414284,1.375713,1.384284,3577936,NaN,NaN,NaN,NaN,NaN,NaN,NaN
1749690000,1.38428456,1.38857027,1.35857029,1.37142742,2711102.2682889,NaN,NaN,NaN,NaN,NaN,NaN,NaN
1749776400,1.35428458,1.37142742,1.34571316,1.362856,2480102.07501874,NaN,NaN,NaN,NaN,NaN,NaN,NaN
1750035600,1.35857029,1.37571313,1.34142745,1.362856,1855701.55260363,NaN,NaN,NaN,NaN,NaN,NaN,NaN
1750122000,1.43,1.45,1.32,1.36,1866200,NaN,NaN,NaN,NaN,NaN,NaN,NaN
1750208400,1.39,1.41,1.33,1.36,2693100,NaN,NaN,NaN,NaN,NaN,NaN,NaN
1750294800,1.36,1.37,1.34,1.36,1522400,NaN,NaN,NaN,NaN,NaN,NaN,NaN
1750381200,1.36,1.36,1.32,1.34,818200,NaN,NaN,NaN,NaN,NaN,NaN,NaN
1750640400,1.33,1.34,1.29,1.33,1682000,NaN,NaN,NaN,NaN,NaN,NaN,NaN
1750726800,1.33,1.35,1.31,1.32,1020600,NaN,NaN,NaN,NaN,NaN,NaN,NaN
1750813200,1.33,1.34,1.26,1.28,1867700,NaN,NaN,NaN,NaN,NaN,NaN,NaN
1750899600,1.28,1.3,1.25,1.26,2451500,NaN,NaN,NaN,NaN,NaN,NaN,NaN
1751245200,1.27,1.28,1.22,1.24,2359500,2740537954.70646,8339503000.000001,6108858000,157677000,3886318000,2230645000,NaN
1751331600,1.25,1.25,1.16,1.19,4933900,NaN,NaN,NaN,NaN,NaN,NaN,NaN
1751418000,1.17,1.24,1.14,1.21,7664300,NaN,NaN,NaN,NaN,NaN,NaN,NaN
1751504400,1.21,1.28,1.21,1.26,4647200,NaN,NaN,NaN,NaN,NaN,NaN,NaN
1751590800,1.27,1.27,1.21,1.22,3183700,NaN,NaN,NaN,NaN,NaN,NaN,NaN
1751850000,1.21,1.21,1.18,1.19,1499500,NaN,NaN,NaN,NaN,NaN,NaN,NaN
1751936400,1.19,1.19,1.16,1.17,2393900,NaN,NaN,NaN,NaN,NaN,NaN,NaN
1752022800,1.17,1.19,1.16,1.17,2531900,NaN,NaN,NaN,NaN,NaN,NaN,NaN
1752109200,1.17,1.22,1.17,1.21,7001700,NaN,NaN,NaN,NaN,NaN,NaN,NaN
1752195600,1.21,1.23,1.19,1.2,2383800,NaN,NaN,NaN,NaN,NaN,NaN,NaN
1752454800,1.21,1.21,1.17,1.17,3174000,NaN,NaN,NaN,NaN,NaN,NaN,NaN
1752541200,1.17,1.2,1.14,1.16,7199400,NaN,NaN,NaN,NaN,NaN,NaN,NaN
1752627600,1.16,1.16,1.11,1.12,4634600,NaN,NaN,NaN,NaN,NaN,NaN,NaN
1752714000,1.13,1.14,1.11,1.12,3321700,NaN,NaN,NaN,NaN,NaN,NaN,NaN
1752800400,1.13,1.17,1.13,1.16,4481700,NaN,NaN,NaN,NaN,NaN,NaN,NaN
1753059600,1.15,1.15,1.1,1.11,3471400,NaN,NaN,NaN,NaN,NaN,NaN,NaN
1753146000,1.12,1.17,1.11,1.15,3761800,NaN,NaN,NaN,NaN,NaN,NaN,NaN
1753232400,1.16,1.2,1.15,1.17,7210100,NaN,NaN,NaN,NaN,NaN,NaN,NaN
1753318800,1.17,1.18,1.14,1.18,2444800,NaN,NaN,NaN,NaN,NaN,NaN,NaN
1753405200,1.17,1.18,1.15,1.17,1293700,NaN,NaN,NaN,NaN,NaN,NaN,NaN
1753664400,1.17,1.17,1.12,1.12,2586500,NaN,NaN,NaN,NaN,NaN,NaN,NaN
1753750800,1.13,1.15,1.12,1.13,2141600,NaN,NaN,NaN,NaN,NaN,NaN,NaN
1753837200,1.14,1.14,1.1,1.12,2407000,NaN,NaN,NaN,NaN,NaN,NaN,NaN
1753923600,1.13,1.18,1.13,1.14,5998900,NaN,NaN,NaN,NaN,NaN,NaN,NaN
1754010000,1.15,1.17,1.14,1.16,1270200,NaN,NaN,NaN,NaN,NaN,NaN,NaN
1754269200,1.16,1.16,1.1,1.15,3215600,NaN,NaN,NaN,NaN,NaN,NaN,NaN
1754355600,1.14,1.16,1.12,1.13,1950800,NaN,NaN,NaN,NaN,NaN,NaN,NaN
1754442000,1.14,1.19,1.13,1.17,3845600,NaN,NaN,NaN,NaN,NaN,NaN,NaN
1754528400,1.18,1.18,1.13,1.17,2350100,NaN,NaN,NaN,NaN,NaN,NaN,NaN
1754614800,1.16,1.16,1.13,1.16,3778100,NaN,NaN,NaN,NaN,NaN,NaN,NaN
1754874000,1.16,1.17,1.13,1.15,2496000,NaN,NaN,NaN,NaN,NaN,NaN,NaN
1754960400,1.16,1.17,1.13,1.14,3023900,NaN,NaN,NaN,NaN,NaN,NaN,NaN
1755046800,1.15,1.16,1.13,1.14,3301400,NaN,NaN,NaN,NaN,NaN,NaN,NaN
1755133200,1.14,1.15,1.11,1.12,4908400,NaN,NaN,NaN,NaN,NaN,NaN,NaN
1755219600,1.12,1.14,1.11,1.13,3799300,NaN,NaN,NaN,NaN,NaN,NaN,NaN
1755478800,1.13,1.13,1.1,1.1,2810600,NaN,NaN,NaN,NaN,NaN,NaN,NaN
1755565200,1.11,1.13,1.09,1.09,3463400,NaN,NaN,NaN,NaN,NaN,NaN,NaN
1755651600,1.09,1.1,1.03,1.04,5311400,NaN,NaN,NaN,NaN,NaN,NaN,NaN
1755738000,1.05,1.06,1.02,1.03,3045900,NaN,NaN,NaN,NaN,NaN,NaN,NaN
1755824400,1.03,1.05,1.02,1.04,2397300,NaN,NaN,NaN,NaN,NaN,NaN,NaN
1756083600,1.05,1.05,1.01,1.02,2083600,NaN,NaN,NaN,NaN,NaN,NaN,NaN
1756170000,1.02,1.05,1,1.03,5318100,NaN,NaN,NaN,NaN,NaN,NaN,NaN
1756256400,1.03,1.03,1,1.01,2929500,NaN,NaN,NaN,NaN,NaN,NaN,NaN
1756342800,1,1,0.905,0.91,19283600,NaN,NaN,NaN,NaN,NaN,NaN,NaN
1756429200,0.91,0.935,0.895,0.915,13711800,NaN,NaN,NaN,NaN,NaN,NaN,NaN
1756774800,0.915,0.925,0.89,0.895,6114000,NaN,NaN,NaN,NaN,NaN,NaN,NaN
1756861200,0.89,0.91,0.885,0.9,11994800,NaN,NaN,NaN,NaN,NaN,NaN,NaN
1756947600,0.905,0.93,0.895,0.895,8726900,NaN,NaN,NaN,NaN,NaN,NaN,NaN
1757293200,0.9,0.93,0.9,0.93,6474300,NaN,NaN,NaN,NaN,NaN,NaN,NaN
1757379600,0.935,0.975,0.93,0.93,11947500,NaN,NaN,NaN,NaN,NaN,NaN,NaN
1757466000,0.94,0.965,0.93,0.955,4935900,NaN,NaN,NaN,NaN,NaN,NaN,NaN
1757552400,0.96,0.96,0.935,0.94,2533100,NaN,NaN,NaN,NaN,NaN,NaN,NaN
1757638800,0.945,0.945,0.91,0.915,6593000,NaN,NaN,NaN,NaN,NaN,NaN,NaN
1758070800,0.92,0.95,0.92,0.95,7695300,NaN,NaN,NaN,NaN,NaN,NaN,NaN
1758157200,0.95,0.96,0.94,0.945,3547900,NaN,NaN,NaN,NaN,NaN,NaN,NaN
1758243600,0.955,0.965,0.94,0.945,5610400,NaN,NaN,NaN,NaN,NaN,NaN,NaN
1758502800,0.95,0.95,0.92,0.925,4804500,NaN,NaN,NaN,NaN,NaN,NaN,NaN
1758589200,0.925,0.93,0.915,0.93,5940800,NaN,NaN,NaN,NaN,NaN,NaN,NaN
1758675600,0.93,0.935,0.915,0.93,12281500,NaN,NaN,NaN,NaN,NaN,NaN,NaN
1758762000,0.93,0.935,0.91,0.915,5536400,NaN,NaN,NaN,NaN,NaN,NaN,NaN
1758848400,0.915,0.93,0.9,0.925,4058700,NaN,NaN,NaN,NaN,NaN,NaN,NaN