time,open,high,low,close,Volume,Total common shares outstanding,Total assets,Total liabilities,Operating income,Total revenue,Shareholders&#039; equity,Dividend yield %
1479690000,0.425,0.425,0.4175,0.4175,144800,NaN,NaN,NaN,NaN,NaN,NaN,NaN
1479776400,0.425,0.425,0.415,0.4175,1585600,NaN,NaN,NaN,NaN,NaN,NaN,NaN
1479862800,0.42,0.42,0.4175,0.42,236000,NaN,NaN,NaN,NaN,NaN,NaN,NaN
1479949200,0.425,0.43,0.4225,0.4225,452400,NaN,NaN,NaN,NaN,NaN,NaN,NaN
1480035600,0.4275,0.43,0.425,0.4275,760400,NaN,NaN,NaN,NaN,NaN,NaN,NaN
1480294800,0.4275,0.4275,0.42,0.42,144800,NaN,NaN,NaN,NaN,NaN,NaN,NaN
1480381200,0.42,0.42,0.4175,0.4175,288400,NaN,NaN,NaN,NaN,NaN,NaN,NaN
1480467600,0.415,0.415,0.41,0.41,873600,NaN,NaN,NaN,NaN,NaN,NaN,NaN
1480554000,0.425,0.425,0.415,0.425,345200,NaN,NaN,NaN,NaN,NaN,NaN,NaN
1480640400,0.4275,0.43,0.4225,0.43,904000,NaN,NaN,NaN,NaN,NaN,NaN,NaN
1480899600,0.4275,0.4275,0.425,0.4275,485200,NaN,NaN,NaN,NaN,NaN,NaN,NaN
1480986000,0.43,0.435,0.425,0.425,748000,NaN,NaN,NaN,NaN,NaN,NaN,NaN
1481072400,0.425,0.425,0.4225,0.425,420400,NaN,NaN,NaN,NaN,NaN,NaN,NaN
1481158800,0.425,0.425,0.415,0.4225,927600,NaN,NaN,NaN,NaN,NaN,NaN,NaN
1481245200,0.425,0.4325,0.425,0.4325,292400,NaN,NaN,NaN,NaN,NaN,NaN,NaN
1481590800,0.4325,0.4375,0.4325,0.4325,2080000,NaN,NaN,NaN,NaN,NaN,NaN,NaN
1481677200,0.435,0.435,0.4275,0.435,3519200,NaN,NaN,NaN,NaN,NaN,NaN,NaN
1481763600,0.435,0.4375,0.425,0.4325,1212800,NaN,NaN,NaN,NaN,NaN,NaN,NaN
1481850000,0.43,0.4325,0.4275,0.4275,657200,NaN,NaN,NaN,NaN,NaN,NaN,NaN
1482109200,0.4325,0.4325,0.4275,0.43,1112000,NaN,NaN,NaN,NaN,NaN,NaN,NaN
1482195600,0.43,0.43,0.425,0.4275,1526000,NaN,NaN,NaN,NaN,NaN,NaN,NaN
1482282000,0.4275,0.43,0.425,0.43,288800,NaN,NaN,NaN,NaN,NaN,NaN,NaN
1482368400,0.4325,0.4325,0.425,0.425,167600,NaN,NaN,NaN,NaN,NaN,NaN,NaN
1482454800,0.4275,0.43,0.425,0.425,90800,NaN,NaN,NaN,NaN,NaN,NaN,NaN
1482800400,0.4275,0.43,0.4275,0.4275,64000,NaN,NaN,NaN,NaN,NaN,NaN,NaN
1482886800,0.4275,0.4275,0.425,0.425,395200,NaN,NaN,NaN,NaN,NaN,NaN,NaN
1482973200,0.425,0.4275,0.425,0.425,1104000,NaN,NaN,NaN,NaN,NaN,NaN,NaN
1483059600,0.4275,0.4275,0.4225,0.4225,184400,NaN,NaN,NaN,NaN,NaN,NaN,NaN
1483405200,0.425,0.4275,0.4225,0.4225,257200,NaN,NaN,NaN,NaN,NaN,NaN,NaN
1483491600,0.425,0.4275,0.4225,0.425,245600,NaN,NaN,NaN,NaN,NaN,NaN,NaN
1483578000,0.4275,0.43,0.425,0.4275,312000,NaN,NaN,NaN,NaN,NaN,NaN,NaN
1483664400,0.4275,0.4275,0.425,0.425,417600,NaN,NaN,NaN,NaN,NaN,NaN,NaN
1483923600,0.425,0.43,0.425,0.4275,3342000,NaN,NaN,NaN,NaN,NaN,NaN,NaN
1484010000,0.43,0.4325,0.4275,0.4325,644400,NaN,NaN,NaN,NaN,NaN,NaN,NaN
1484096400,0.4325,0.4375,0.4325,0.4375,1582800,NaN,NaN,NaN,NaN,NaN,NaN,NaN
1484182800,0.435,0.4375,0.4325,0.4325,1046800,NaN,NaN,NaN,NaN,NaN,NaN,NaN
1484269200,0.4325,0.4325,0.43,0.43,294400,NaN,NaN,NaN,NaN,NaN,NaN,NaN
1484528400,0.4325,0.435,0.425,0.425,1783600,NaN,NaN,NaN,NaN,NaN,NaN,NaN
1484614800,0.4275,0.435,0.425,0.4275,4911600,NaN,NaN,NaN,NaN,NaN,NaN,NaN
1484701200,0.43,0.4325,0.425,0.425,975600,NaN,NaN,NaN,NaN,NaN,NaN,NaN
1484787600,0.43,0.43,0.4275,0.4275,712800,NaN,NaN,NaN,NaN,NaN,NaN,NaN
1484874000,0.4275,0.4275,0.42,0.425,1809600,NaN,NaN,NaN,NaN,NaN,NaN,NaN
1485133200,0.425,0.425,0.415,0.4175,939200,NaN,NaN,NaN,NaN,NaN,NaN,NaN
1485219600,0.42,0.42,0.4075,0.4075,2650400,NaN,NaN,NaN,NaN,NaN,NaN,NaN
1485306000,0.415,0.415,0.4075,0.4125,1356800,NaN,NaN,NaN,NaN,NaN,NaN,NaN
1485392400,0.415,0.4175,0.4125,0.415,648000,NaN,NaN,NaN,NaN,NaN,NaN,NaN
1485478800,0.4175,0.4175,0.4125,0.4125,330800,NaN,NaN,NaN,NaN,NaN,NaN,NaN
1485824400,0.415,0.415,0.4125,0.4125,448000,NaN,NaN,NaN,NaN,NaN,NaN,NaN
1485997200,0.4125,0.4125,0.405,0.4075,2965200,NaN,NaN,NaN,NaN,NaN,NaN,NaN
1486083600,0.4075,0.41,0.405,0.41,916000,NaN,NaN,NaN,NaN,NaN,NaN,NaN
1486342800,0.41,0.41,0.4075,0.4075,1050800,NaN,NaN,NaN,NaN,NaN,NaN,NaN
1486429200,0.41,0.41,0.4075,0.4075,939600,NaN,NaN,NaN,NaN,NaN,NaN,NaN
1486515600,0.41,0.4125,0.4075,0.4075,1197200,NaN,NaN,NaN,NaN,NaN,NaN,NaN
1486688400,0.4075,0.41,0.4075,0.41,901200,NaN,NaN,NaN,NaN,NaN,NaN,NaN
1486947600,0.41,0.4125,0.4075,0.4075,2361600,NaN,NaN,NaN,NaN,NaN,NaN,NaN
1487034000,0.41,0.41,0.405,0.4075,672000,NaN,NaN,NaN,NaN,NaN,NaN,NaN
1487120400,0.41,0.41,0.4075,0.4075,465600,NaN,NaN,NaN,NaN,NaN,NaN,NaN
1487206800,0.4075,0.41,0.405,0.4075,588000,NaN,NaN,NaN,NaN,NaN,NaN,NaN
1487293200,0.4075,0.41,0.4075,0.4075,1933600,NaN,NaN,NaN,NaN,NaN,NaN,NaN
1487552400,0.4075,0.4075,0.405,0.405,230400,NaN,NaN,NaN,NaN,NaN,NaN,NaN
1487638800,0.405,0.405,0.3975,0.4,1974000,NaN,NaN,NaN,NaN,NaN,NaN,NaN
1487725200,0.4025,0.4025,0.3925,0.3975,2544400,NaN,NaN,NaN,NaN,NaN,NaN,NaN
1487811600,0.405,0.41,0.3975,0.4,2209600,NaN,NaN,NaN,NaN,NaN,NaN,NaN
1487898000,0.4025,0.4025,0.3925,0.3975,1303600,NaN,NaN,NaN,NaN,NaN,NaN,NaN
1488157200,0.3975,0.4,0.3925,0.3925,724000,NaN,NaN,NaN,NaN,NaN,NaN,NaN
1488243600,0.3925,0.395,0.39,0.3925,946800,NaN,NaN,NaN,NaN,NaN,NaN,NaN
1488330000,0.3925,0.4125,0.39,0.4025,1632000,NaN,NaN,NaN,NaN,NaN,NaN,NaN
1488416400,0.4075,0.4175,0.4075,0.415,2363600,NaN,NaN,NaN,NaN,NaN,NaN,NaN
1488502800,0.4175,0.4175,0.4075,0.41,1116800,NaN,NaN,NaN,NaN,NaN,NaN,NaN
1488762000,0.41,0.4175,0.41,0.415,940000,NaN,NaN,NaN,NaN,NaN,NaN,NaN
1488848400,0.4175,0.42,0.415,0.4175,1039600,NaN,NaN,NaN,NaN,NaN,NaN,NaN
1488934800,0.42,0.42,0.415,0.4175,524400,NaN,NaN,NaN,NaN,NaN,NaN,NaN
1489021200,0.42,0.42,0.415,0.415,791200,NaN,NaN,NaN,NaN,NaN,NaN,NaN
1489107600,0.415,0.4175,0.415,0.415,665200,NaN,NaN,NaN,NaN,NaN,NaN,NaN
1489366800,0.4175,0.42,0.415,0.4175,2314400,NaN,NaN,NaN,NaN,NaN,NaN,NaN
1489453200,0.4175,0.4275,0.4175,0.425,3312800,NaN,NaN,NaN,NaN,NaN,NaN,NaN
1489539600,0.43,0.435,0.4275,0.43,1967200,NaN,NaN,NaN,NaN,NaN,NaN,NaN
1489626000,0.4325,0.44,0.4325,0.44,3623600,NaN,NaN,NaN,NaN,NaN,NaN,NaN
1489712400,0.4425,0.47,0.44,0.465,9666000,NaN,NaN,NaN,NaN,NaN,NaN,NaN
1489971600,0.4675,0.4875,0.4675,0.4875,8071200,NaN,NaN,NaN,NaN,NaN,NaN,NaN
1490058000,0.4925,0.505,0.4925,0.4975,10105200,NaN,NaN,NaN,NaN,NaN,NaN,NaN
1490144400,0.5,0.5025,0.485,0.495,14500400,NaN,NaN,NaN,NaN,NaN,NaN,NaN
1490230800,0.5,0.505,0.495,0.5025,9050000,NaN,NaN,NaN,NaN,NaN,NaN,NaN
1490317200,0.505,0.51,0.4925,0.5,10314800,NaN,NaN,NaN,NaN,NaN,NaN,NaN
1490576400,0.5325,0.5625,0.53,0.53,38738800,NaN,NaN,NaN,NaN,NaN,NaN,NaN
1490662800,0.535,0.54,0.5125,0.5225,15010400,NaN,NaN,NaN,NaN,NaN,NaN,NaN
1490749200,0.5225,0.5275,0.5175,0.52,4531200,NaN,NaN,NaN,NaN,NaN,NaN,NaN
1490835600,0.52,0.5275,0.515,0.515,6226400,NaN,NaN,NaN,NaN,NaN,NaN,NaN
1490922000,0.515,0.52,0.51,0.5125,6856400,NaN,NaN,NaN,NaN,NaN,NaN,NaN
1491181200,0.5125,0.5225,0.51,0.5125,6650000,NaN,NaN,NaN,NaN,NaN,NaN,NaN
1491267600,0.515,0.5225,0.515,0.52,3951600,NaN,NaN,NaN,NaN,NaN,NaN,NaN
1491354000,0.52,0.55,0.52,0.535,12830800,NaN,NaN,NaN,NaN,NaN,NaN,NaN
1491440400,0.54,0.5425,0.5325,0.535,5360000,NaN,NaN,NaN,NaN,NaN,NaN,NaN
1491526800,0.5425,0.565,0.54,0.5575,14528800,NaN,NaN,NaN,NaN,NaN,NaN,NaN
1491786000,0.5625,0.5775,0.5625,0.5775,6686800,NaN,NaN,NaN,NaN,NaN,NaN,NaN
1491872400,0.5825,0.5875,0.5775,0.5825,4815600,NaN,NaN,NaN,NaN,NaN,NaN,NaN
1491958800,0.5875,0.5875,0.5625,0.565,4633200,NaN,NaN,NaN,NaN,NaN,NaN,NaN
1492045200,0.5675,0.57,0.555,0.555,2616400,NaN,NaN,NaN,NaN,NaN,NaN,NaN
1492131600,0.555,0.5575,0.545,0.55,4488400,NaN,NaN,NaN,NaN,NaN,NaN,NaN
1492390800,0.5525,0.575,0.5525,0.56,2809600,NaN,NaN,NaN,NaN,NaN,NaN,NaN
1492477200,0.5675,0.57,0.565,0.565,1793200,NaN,NaN,NaN,NaN,NaN,NaN,NaN
1492563600,0.57,0.57,0.5625,0.5675,2010400,NaN,NaN,NaN,NaN,NaN,NaN,NaN
1492650000,0.57,0.595,0.5625,0.595,6206000,NaN,NaN,NaN,NaN,NaN,NaN,NaN
1492736400,0.6,0.62,0.6,0.615,10259200,NaN,NaN,NaN,NaN,NaN,NaN,NaN
1493082000,0.635,0.6575,0.635,0.6575,13032400,NaN,NaN,NaN,NaN,NaN,NaN,NaN
1493168400,0.6675,0.6875,0.665,0.67,15680800,NaN,NaN,NaN,NaN,NaN,NaN,NaN
1493254800,0.675,0.68,0.665,0.67,5815600,NaN,NaN,NaN,NaN,NaN,NaN,NaN
1493341200,0.67,0.72,0.67,0.7125,21922400,NaN,NaN,NaN,NaN,NaN,NaN,NaN
1493686800,0.725,0.7625,0.7175,0.7625,24472400,NaN,NaN,NaN,NaN,NaN,NaN,NaN
1493773200,0.78,0.82,0.725,0.7425,27420400,NaN,NaN,NaN,NaN,NaN,NaN,NaN
1493859600,0.7375,0.7375,0.6825,0.7075,21666800,NaN,NaN,NaN,NaN,NaN,NaN,NaN
1493946000,0.7075,0.735,0.7075,0.7175,12085600,NaN,NaN,NaN,NaN,NaN,NaN,NaN
1494205200,0.7225,0.73,0.71,0.7175,9376000,NaN,NaN,NaN,NaN,NaN,NaN,NaN
1494291600,0.72,0.72,0.7025,0.7075,7005200,NaN,NaN,NaN,NaN,NaN,NaN,NaN
1494464400,0.7125,0.72,0.7075,0.7075,6194400,NaN,NaN,NaN,NaN,NaN,NaN,NaN
1494550800,0.7075,0.72,0.7075,0.7125,5023600,NaN,NaN,NaN,NaN,NaN,NaN,NaN
1494810000,0.715,0.7175,0.705,0.705,3603200,NaN,NaN,NaN,NaN,NaN,NaN,NaN
1494896400,0.7125,0.7425,0.7125,0.74,12778000,NaN,NaN,NaN,NaN,NaN,NaN,NaN
1494982800,0.75,0.7675,0.75,0.7625,7805600,NaN,NaN,NaN,NaN,NaN,NaN,NaN
1495069200,0.755,0.7625,0.7425,0.745,5341600,NaN,NaN,NaN,NaN,NaN,NaN,NaN
1495155600,0.7525,0.77,0.7525,0.7625,5878800,NaN,NaN,NaN,NaN,NaN,NaN,NaN
1495414800,0.7625,0.77,0.7525,0.76,2400800,NaN,NaN,NaN,NaN,NaN,NaN,NaN
1495501200,0.765,0.775,0.755,0.7575,4892800,NaN,NaN,NaN,NaN,NaN,NaN,NaN
1495587600,0.765,0.77,0.74,0.745,9558800,NaN,NaN,NaN,NaN,NaN,NaN,NaN
1495674000,0.745,0.75,0.725,0.73,6678000,NaN,NaN,NaN,NaN,NaN,NaN,NaN
1495760400,0.73,0.7325,0.675,0.695,20642400,NaN,NaN,NaN,NaN,NaN,NaN,NaN
1496019600,0.6975,0.7075,0.6975,0.6975,5772800,NaN,NaN,NaN,NaN,NaN,NaN,NaN
1496106000,0.7025,0.705,0.685,0.6875,4053600,NaN,NaN,NaN,NaN,NaN,NaN,NaN
1496192400,0.6925,0.6925,0.655,0.6725,20905200,NaN,NaN,NaN,NaN,NaN,NaN,NaN
1496278800,0.6725,0.695,0.6625,0.69,8430400,NaN,NaN,NaN,NaN,NaN,NaN,NaN
1496365200,0.6925,0.6925,0.665,0.68,6694000,NaN,NaN,NaN,NaN,NaN,NaN,NaN
1496624400,0.6825,0.7,0.68,0.6875,9487200,NaN,NaN,NaN,NaN,NaN,NaN,NaN
1496710800,0.6925,0.6925,0.6775,0.68,7914000,NaN,NaN,NaN,NaN,NaN,NaN,NaN
1496797200,0.7,0.75,0.695,0.73,30926300,NaN,NaN,NaN,NaN,NaN,NaN,NaN
1496883600,0.73,0.735,0.71,0.71,5250400,NaN,NaN,NaN,NaN,NaN,NaN,NaN
1496970000,0.72,0.72,0.7,0.715,3685600,NaN,NaN,NaN,NaN,NaN,NaN,NaN
1497315600,0.71,0.71,0.675,0.68,13423200,NaN,NaN,NaN,NaN,NaN,NaN,NaN
1497402000,0.685,0.7,0.68,0.685,6182400,NaN,NaN,NaN,NaN,NaN,NaN,NaN
1497488400,0.69,0.69,0.68,0.68,2187500,NaN,NaN,NaN,NaN,NaN,NaN,NaN
1497574800,0.68,0.7,0.67,0.69,16436300,NaN,NaN,NaN,NaN,NaN,NaN,NaN
1497834000,0.69,0.695,0.67,0.67,8228000,NaN,NaN,NaN,NaN,NaN,NaN,NaN
1497920400,0.675,0.685,0.645,0.645,9435100,NaN,NaN,NaN,NaN,NaN,NaN,NaN
1498006800,0.645,0.645,0.615,0.62,14722100,NaN,NaN,NaN,NaN,NaN,NaN,NaN
1498093200,0.62,0.625,0.605,0.62,6101900,NaN,NaN,NaN,NaN,NaN,NaN,NaN
1498179600,0.615,0.64,0.615,0.64,4497300,NaN,NaN,NaN,NaN,NaN,NaN,NaN
1498611600,0.64,0.65,0.615,0.62,7586500,NaN,NaN,NaN,NaN,NaN,NaN,NaN
1498698000,0.625,0.625,0.615,0.625,5225800,NaN,NaN,NaN,NaN,NaN,NaN,NaN
1498784400,0.62,0.63,0.615,0.625,3934200,NaN,NaN,NaN,NaN,NaN,NaN,NaN
1499043600,0.625,0.625,0.62,0.625,1419500,NaN,NaN,NaN,NaN,NaN,NaN,NaN
1499130000,0.625,0.645,0.615,0.635,7396900,NaN,NaN,NaN,NaN,NaN,NaN,NaN
1499216400,0.635,0.645,0.63,0.635,3274400,NaN,NaN,NaN,NaN,NaN,NaN,NaN
1499302800,0.64,0.645,0.63,0.635,2552000,NaN,NaN,NaN,NaN,NaN,NaN,NaN
1499389200,0.63,0.635,0.625,0.63,1514900,NaN,NaN,NaN,NaN,NaN,NaN,NaN
1499648400,0.63,0.635,0.615,0.62,2398800,NaN,NaN,NaN,NaN,NaN,NaN,NaN
1499734800,0.625,0.63,0.62,0.62,2122700,NaN,NaN,NaN,NaN,NaN,NaN,NaN
1499821200,0.625,0.625,0.615,0.62,2382200,NaN,NaN,NaN,NaN,NaN,NaN,NaN
1499907600,0.625,0.645,0.62,0.635,4574500,NaN,NaN,NaN,NaN,NaN,NaN,NaN
1499994000,0.64,0.64,0.63,0.635,2775200,NaN,NaN,NaN,NaN,NaN,NaN,NaN
1500253200,0.635,0.64,0.635,0.64,2183400,NaN,NaN,NaN,NaN,NaN,NaN,NaN
1500339600,0.64,0.715,0.64,0.705,27631600,NaN,NaN,NaN,NaN,NaN,NaN,NaN
1500426000,0.715,0.74,0.7,0.705,24093300,NaN,NaN,NaN,NaN,NaN,NaN,NaN
1500512400,0.71,0.72,0.685,0.695,6602900,NaN,NaN,NaN,NaN,NaN,NaN,NaN
1500598800,0.695,0.705,0.69,0.695,7659800,NaN,NaN,NaN,NaN,NaN,NaN,NaN
1500858000,0.7,0.7,0.68,0.68,5097900,NaN,NaN,NaN,NaN,NaN,NaN,NaN
1500944400,0.685,0.705,0.68,0.695,7857500,NaN,NaN,NaN,NaN,NaN,NaN,NaN
1501030800,0.695,0.7,0.68,0.685,2965100,NaN,NaN,NaN,NaN,NaN,NaN,NaN
1501117200,0.69,0.7,0.685,0.69,3624700,NaN,NaN,NaN,NaN,NaN,NaN,NaN
1501203600,0.69,0.695,0.685,0.69,1743800,NaN,NaN,NaN,NaN,NaN,NaN,NaN
1501462800,0.69,0.69,0.675,0.675,4376600,NaN,NaN,NaN,NaN,NaN,NaN,NaN
1501549200,0.675,0.685,0.665,0.665,2347700,NaN,NaN,NaN,NaN,NaN,NaN,NaN
1501635600,0.67,0.685,0.665,0.67,3881400,NaN,NaN,NaN,NaN,NaN,NaN,NaN
1501722000,0.67,0.68,0.66,0.67,2987200,NaN,NaN,NaN,NaN,NaN,NaN,NaN
1501808400,0.665,0.675,0.665,0.665,1179700,NaN,NaN,NaN,NaN,NaN,NaN,NaN
1502067600,0.67,0.675,0.665,0.67,1746400,NaN,NaN,NaN,NaN,NaN,NaN,NaN
1502154000,0.67,0.67,0.64,0.65,4631100,NaN,NaN,NaN,NaN,NaN,NaN,NaN
1502240400,0.65,0.655,0.645,0.65,1201300,NaN,NaN,NaN,NaN,NaN,NaN,NaN
1502326800,0.655,0.655,0.64,0.64,1493300,NaN,NaN,NaN,NaN,NaN,NaN,NaN
1502413200,0.64,0.645,0.625,0.635,2677400,NaN,NaN,NaN,NaN,NaN,NaN,NaN
1502672400,0.635,0.66,0.63,0.655,2885900,NaN,NaN,NaN,NaN,NaN,NaN,NaN
1502758800,0.66,0.66,0.64,0.645,1140100,NaN,NaN,NaN,NaN,NaN,NaN,NaN
1502845200,0.645,0.665,0.645,0.665,3194900,NaN,NaN,NaN,NaN,NaN,NaN,NaN
1502931600,0.665,0.68,0.66,0.66,4045600,NaN,NaN,NaN,NaN,NaN,NaN,NaN
1503018000,0.65,0.67,0.65,0.65,1653200,NaN,NaN,NaN,NaN,NaN,NaN,NaN
1503277200,0.66,0.66,0.65,0.65,1163100,NaN,NaN,NaN,NaN,NaN,NaN,NaN
1503363600,0.655,0.665,0.65,0.66,2001000,NaN,NaN,NaN,NaN,NaN,NaN,NaN
1503450000,0.665,0.685,0.665,0.675,14539000,NaN,NaN,NaN,NaN,NaN,NaN,NaN
1503536400,0.685,0.685,0.675,0.675,6590800,NaN,NaN,NaN,NaN,NaN,NaN,NaN
1503622800,0.675,0.68,0.675,0.675,3605700,NaN,NaN,NaN,NaN,NaN,NaN,NaN
1503882000,0.675,0.69,0.675,0.675,4859700,NaN,NaN,NaN,NaN,NaN,NaN,NaN
1503968400,0.675,0.68,0.66,0.675,2619400,NaN,NaN,NaN,NaN,NaN,NaN,NaN
1504054800,0.67,0.685,0.665,0.68,6019400,NaN,NaN,NaN,NaN,NaN,NaN,NaN
1504573200,0.67,0.675,0.665,0.67,2518300,NaN,NaN,NaN,NaN,NaN,NaN,NaN
1504659600,0.67,0.67,0.665,0.67,1371800,NaN,NaN,NaN,NaN,NaN,NaN,NaN
1504746000,0.675,0.675,0.665,0.665,1837900,NaN,NaN,NaN,NaN,NaN,NaN,NaN
1504832400,0.665,0.67,0.655,0.66,4008600,NaN,NaN,NaN,NaN,NaN,NaN,NaN
1505091600,0.66,0.66,0.635,0.64,8301800,NaN,NaN,NaN,NaN,NaN,NaN,NaN
1505178000,0.645,0.65,0.64,0.64,3319300,NaN,NaN,NaN,NaN,NaN,NaN,NaN
1505264400,0.645,0.645,0.64,0.645,2307900,NaN,NaN,NaN,NaN,NaN,NaN,NaN
1505350800,0.645,0.645,0.635,0.635,2235300,NaN,NaN,NaN,NaN,NaN,NaN,NaN
1505437200,0.635,0.635,0.625,0.635,3898400,NaN,NaN,NaN,NaN,NaN,NaN,NaN
1505696400,0.635,0.635,0.625,0.625,2891700,NaN,NaN,NaN,NaN,NaN,NaN,NaN
1505782800,0.625,0.65,0.625,0.63,5903000,NaN,NaN,NaN,NaN,NaN,NaN,NaN
1505869200,0.635,0.635,0.625,0.63,1362300,NaN,NaN,NaN,NaN,NaN,NaN,NaN
1505955600,0.63,0.635,0.625,0.63,2221300,NaN,NaN,NaN,NaN,NaN,NaN,NaN
1506301200,0.63,0.645,0.625,0.625,3131500,NaN,NaN,NaN,NaN,NaN,NaN,NaN
1506387600,0.625,0.625,0.61,0.62,4619600,NaN,NaN,NaN,NaN,NaN,NaN,NaN
1506474000,0.62,0.625,0.615,0.62,885900,NaN,NaN,NaN,NaN,NaN,NaN,NaN
1506560400,0.625,0.63,0.62,0.625,1103500,NaN,NaN,NaN,NaN,NaN,NaN,NaN
1506646800,0.63,0.64,0.625,0.635,1451500,5576236692,490821000,56795000,6883000,68767000,434026000,0.393700787401575
1506906000,0.635,0.64,0.625,0.63,1033000,NaN,NaN,NaN,NaN,NaN,NaN,NaN
1506992400,0.635,0.64,0.625,0.63,942000,NaN,NaN,NaN,NaN,NaN,NaN,NaN
1507078800,0.63,0.645,0.63,0.64,2009700,NaN,NaN,NaN,NaN,NaN,NaN,NaN
1507165200,0.645,0.675,0.645,0.665,6396600,NaN,NaN,NaN,NaN,NaN,NaN,NaN
1507251600,0.665,0.67,0.655,0.66,1673800,NaN,NaN,NaN,NaN,NaN,NaN,NaN
1507510800,0.665,0.665,0.64,0.65,908400,NaN,NaN,NaN,NaN,NaN,NaN,NaN
1507597200,0.66,0.685,0.655,0.67,7980900,NaN,NaN,NaN,NaN,NaN,NaN,NaN
1507683600,0.675,0.675,0.665,0.665,1480400,NaN,NaN,NaN,NaN,NaN,NaN,NaN
1507770000,0.665,0.665,0.655,0.66,830900,NaN,NaN,NaN,NaN,NaN,NaN,NaN
1507856400,0.66,0.66,0.645,0.65,1711700,NaN,NaN,NaN,NaN,NaN,NaN,NaN
1508115600,0.65,0.665,0.645,0.66,2058900,NaN,NaN,NaN,NaN,NaN,NaN,NaN
1508202000,0.655,0.665,0.65,0.65,1361900,NaN,NaN,NaN,NaN,NaN,NaN,NaN
1508374800,0.65,0.655,0.65,0.65,1187100,NaN,NaN,NaN,NaN,NaN,NaN,NaN
1508461200,0.655,0.67,0.655,0.66,3899500,NaN,NaN,NaN,NaN,NaN,NaN,NaN
1508720400,0.66,0.665,0.64,0.655,6674100,NaN,NaN,NaN,NaN,NaN,NaN,NaN
1508806800,0.65,0.66,0.645,0.645,1043100,NaN,NaN,NaN,NaN,NaN,NaN,NaN
1508893200,0.65,0.65,0.645,0.645,1460100,NaN,NaN,NaN,NaN,NaN,NaN,NaN
1508979600,0.645,0.66,0.645,0.65,1652800,NaN,NaN,NaN,NaN,NaN,NaN,NaN
1509066000,0.655,0.66,0.65,0.66,2000100,NaN,NaN,NaN,NaN,NaN,NaN,NaN
1509325200,0.66,0.665,0.655,0.665,2156800,NaN,NaN,NaN,NaN,NaN,NaN,NaN
1509411600,0.665,0.675,0.66,0.665,3005100,NaN,NaN,NaN,NaN,NaN,NaN,NaN
1509498000,0.665,0.67,0.66,0.665,1873400,NaN,NaN,NaN,NaN,NaN,NaN,NaN
1509584400,0.665,0.67,0.665,0.67,1922200,NaN,NaN,NaN,NaN,NaN,NaN,NaN
1509670800,0.675,0.675,0.655,0.66,2427200,NaN,NaN,NaN,NaN,NaN,NaN,NaN
1509930000,0.66,0.665,0.645,0.66,2889800,NaN,NaN,NaN,NaN,NaN,NaN,NaN
1510016400,0.66,0.66,0.645,0.645,2064800,NaN,NaN,NaN,NaN,NaN,NaN,NaN
1510102800,0.645,0.65,0.645,0.645,1084100,NaN,NaN,NaN,NaN,NaN,NaN,NaN
1510189200,0.645,0.655,0.645,0.65,969500,NaN,NaN,NaN,NaN,NaN,NaN,NaN
1510275600,0.65,0.65,0.645,0.65,1150300,NaN,NaN,NaN,NaN,NaN,NaN,NaN
1510534800,0.65,0.655,0.645,0.645,1403300,NaN,NaN,NaN,NaN,NaN,NaN,NaN
1510621200,0.65,0.65,0.64,0.645,1020200,NaN,NaN,NaN,NaN,NaN,NaN,NaN
1510707600,0.645,0.645,0.635,0.645,1787500,NaN,NaN,NaN,NaN,NaN,NaN,NaN
1510794000,0.64,0.64,0.63,0.635,1492300,NaN,NaN,NaN,NaN,NaN,NaN,NaN
1510880400,0.635,0.64,0.63,0.635,1193500,NaN,NaN,NaN,NaN,NaN,NaN,NaN
1511139600,0.64,0.64,0.63,0.63,734300,NaN,NaN,NaN,NaN,NaN,NaN,NaN
1511226000,0.63,0.635,0.61,0.61,3515800,NaN,NaN,NaN,NaN,NaN,NaN,NaN
1511312400,0.615,0.63,0.61,0.625,3312800,NaN,NaN,NaN,NaN,NaN,NaN,NaN
1511398800,0.63,0.63,0.615,0.62,1443800,NaN,NaN,NaN,NaN,NaN,NaN,NaN
1511485200,0.62,0.62,0.615,0.62,536300,NaN,NaN,NaN,NaN,NaN,NaN,NaN
1511744400,0.62,0.62,0.6,0.605,1910000,NaN,NaN,NaN,NaN,NaN,NaN,NaN
1511830800,0.605,0.605,0.6,0.605,911100,NaN,NaN,NaN,NaN,NaN,NaN,NaN
1511917200,0.61,0.61,0.605,0.61,552800,NaN,NaN,NaN,NaN,NaN,NaN,NaN
1512003600,0.61,0.61,0.6,0.6,1901900,NaN,NaN,NaN,NaN,NaN,NaN,NaN
1512349200,0.605,0.605,0.595,0.6,951600,NaN,NaN,NaN,NaN,NaN,NaN,NaN
1512435600,0.6,0.605,0.6,0.605,525800,NaN,NaN,NaN,NaN,NaN,NaN,NaN
1512522000,0.605,0.61,0.6,0.6,1088900,NaN,NaN,NaN,NaN,NaN,NaN,NaN
1512608400,0.605,0.605,0.595,0.595,788200,NaN,NaN,NaN,NaN,NaN,NaN,NaN
1512694800,0.59,0.595,0.575,0.58,1632900,NaN,NaN,NaN,NaN,NaN,NaN,NaN
1512954000,0.58,0.59,0.58,0.585,284000,NaN,NaN,NaN,NaN,NaN,NaN,NaN
1513040400,0.585,0.6,0.585,0.595,1571700,NaN,NaN,NaN,NaN,NaN,NaN,NaN
1513126800,0.6,0.62,0.595,0.615,2504800,NaN,NaN,NaN,NaN,NaN,NaN,NaN
1513213200,0.62,0.62,0.61,0.615,316900,NaN,NaN,NaN,NaN,NaN,NaN,NaN
1513299600,0.61,0.62,0.605,0.605,547300,NaN,NaN,NaN,NaN,NaN,NaN,NaN
1513558800,0.605,0.615,0.605,0.605,661200,NaN,NaN,NaN,NaN,NaN,NaN,NaN
1513645200,0.605,0.61,0.6,0.6,751700,NaN,NaN,NaN,NaN,NaN,NaN,NaN
1513731600,0.6,0.61,0.6,0.605,661000,NaN,NaN,NaN,NaN,NaN,NaN,NaN
1513818000,0.6,0.61,0.6,0.6,461700,NaN,NaN,NaN,NaN,NaN,NaN,NaN
1513904400,0.6,0.605,0.595,0.6,512900,NaN,NaN,NaN,NaN,NaN,NaN,NaN
1514250000,0.605,0.61,0.6,0.605,472200,NaN,NaN,NaN,NaN,NaN,NaN,NaN
1514336400,0.605,0.61,0.6,0.605,988500,NaN,NaN,NaN,NaN,NaN,NaN,NaN
1514422800,0.61,0.61,0.6,0.61,738000,NaN,NaN,NaN,NaN,NaN,NaN,NaN
1514509200,0.6,0.61,0.6,0.605,976500,5576236692,511177000,70614000,9114000,76459000,440563000,0.413223140495868
1514854800,0.61,0.615,0.605,0.61,1460500,NaN,NaN,NaN,NaN,NaN,NaN,NaN
1514941200,0.61,0.64,0.605,0.635,2851900,NaN,NaN,NaN,NaN,NaN,NaN,NaN
1515027600,0.635,0.64,0.625,0.63,1550900,NaN,NaN,NaN,NaN,NaN,NaN,NaN
1515114000,0.63,0.64,0.625,0.63,1004500,NaN,NaN,NaN,NaN,NaN,NaN,NaN
1515373200,0.63,0.67,0.63,0.665,5553700,NaN,NaN,NaN,NaN,NaN,NaN,NaN
1515459600,0.665,0.665,0.64,0.64,2103900,NaN,NaN,NaN,NaN,NaN,NaN,NaN
1515546000,0.64,0.645,0.635,0.64,1551900,NaN,NaN,NaN,NaN,NaN,NaN,NaN
1515632400,0.64,0.64,0.625,0.63,1000500,NaN,NaN,NaN,NaN,NaN,NaN,NaN
1515718800,0.64,0.655,0.635,0.635,1838800,NaN,NaN,NaN,NaN,NaN,NaN,NaN
1515978000,0.64,0.64,0.625,0.625,1604800,NaN,NaN,NaN,NaN,NaN,NaN,NaN
1516064400,0.64,0.64,0.62,0.63,758800,NaN,NaN,NaN,NaN,NaN,NaN,NaN
1516150800,0.63,0.63,0.62,0.625,669500,NaN,NaN,NaN,NaN,NaN,NaN,NaN
1516237200,0.63,0.63,0.615,0.625,2539600,NaN,NaN,NaN,NaN,NaN,NaN,NaN
1516323600,0.625,0.635,0.62,0.635,1053200,NaN,NaN,NaN,NaN,NaN,NaN,NaN
1516582800,0.635,0.635,0.63,0.63,1040900,NaN,NaN,NaN,NaN,NaN,NaN,NaN
1516669200,0.63,0.65,0.63,0.65,3121400,NaN,NaN,NaN,NaN,NaN,NaN,NaN
1516755600,0.65,0.655,0.64,0.645,848600,NaN,NaN,NaN,NaN,NaN,NaN,NaN
1516842000,0.645,0.65,0.635,0.635,888000,NaN,NaN,NaN,NaN,NaN,NaN,NaN
1516928400,0.635,0.645,0.635,0.64,1734400,NaN,NaN,NaN,NaN,NaN,NaN,NaN
1517187600,0.64,0.645,0.635,0.635,1151900,NaN,NaN,NaN,NaN,NaN,NaN,NaN
1517274000,0.64,0.64,0.63,0.635,1409400,NaN,NaN,NaN,NaN,NaN,NaN,NaN
1517533200,0.635,0.645,0.63,0.645,2381300,NaN,NaN,NaN,NaN,NaN,NaN,NaN
1517792400,0.635,0.645,0.63,0.64,1523700,NaN,NaN,NaN,NaN,NaN,NaN,NaN
1517878800,0.625,0.635,0.595,0.615,7146000,NaN,NaN,NaN,NaN,NaN,NaN,NaN
1517965200,0.625,0.63,0.62,0.62,1525200,NaN,NaN,NaN,NaN,NaN,NaN,NaN
1518051600,0.615,0.62,0.615,0.62,517700,NaN,NaN,NaN,NaN,NaN,NaN,NaN
1518138000,0.605,0.62,0.605,0.615,2075900,NaN,NaN,NaN,NaN,NaN,NaN,NaN
1518397200,0.62,0.625,0.615,0.62,407100,NaN,NaN,NaN,NaN,NaN,NaN,NaN
1518483600,0.62,0.625,0.61,0.615,1020600,NaN,NaN,NaN,NaN,NaN,NaN,NaN
1518570000,0.615,0.62,0.61,0.61,928000,NaN,NaN,NaN,NaN,NaN,NaN,NaN
1518656400,0.605,0.61,0.605,0.61,234700,NaN,NaN,NaN,NaN,NaN,NaN,NaN
1519002000,0.615,0.62,0.61,0.62,142600,NaN,NaN,NaN,NaN,NaN,NaN,NaN
1519088400,0.62,0.62,0.615,0.615,304000,NaN,NaN,NaN,NaN,NaN,NaN,NaN
1519174800,0.615,0.625,0.615,0.62,1072500,NaN,NaN,NaN,NaN,NaN,NaN,NaN
1519261200,0.63,0.63,0.615,0.62,681000,NaN,NaN,NaN,NaN,NaN,NaN,NaN
1519347600,0.615,0.625,0.615,0.615,2106500,NaN,NaN,NaN,NaN,NaN,NaN,NaN
1519606800,0.615,0.62,0.61,0.61,1243200,NaN,NaN,NaN,NaN,NaN,NaN,NaN
1519693200,0.61,0.615,0.605,0.61,777900,NaN,NaN,NaN,NaN,NaN,NaN,NaN
1519779600,0.615,0.615,0.605,0.605,591400,NaN,NaN,NaN,NaN,NaN,NaN,NaN
1519866000,0.605,0.61,0.605,0.61,742300,NaN,NaN,NaN,NaN,NaN,NaN,NaN
1519952400,0.61,0.615,0.6,0.61,1015400,NaN,NaN,NaN,NaN,NaN,NaN,NaN
1520211600,0.61,0.61,0.59,0.595,2520900,NaN,NaN,NaN,NaN,NaN,NaN,NaN
1520298000,0.6,0.605,0.585,0.59,1277900,NaN,NaN,NaN,NaN,NaN,NaN,NaN
1520384400,0.59,0.59,0.57,0.58,1519900,NaN,NaN,NaN,NaN,NaN,NaN,NaN
1520470800,0.575,0.595,0.575,0.585,781000,NaN,NaN,NaN,NaN,NaN,NaN,NaN
1520557200,0.595,0.595,0.58,0.58,280800,NaN,NaN,NaN,NaN,NaN,NaN,NaN
1520816400,0.585,0.585,0.575,0.575,810000,NaN,NaN,NaN,NaN,NaN,NaN,NaN
1520902800,0.575,0.58,0.575,0.575,514400,NaN,NaN,NaN,NaN,NaN,NaN,NaN
1520989200,0.575,0.585,0.575,0.58,989900,NaN,NaN,NaN,NaN,NaN,NaN,NaN
1521075600,0.575,0.585,0.575,0.58,494700,NaN,NaN,NaN,NaN,NaN,NaN,NaN
1521162000,0.58,0.585,0.575,0.58,610700,NaN,NaN,NaN,NaN,NaN,NaN,NaN
1521421200,0.58,0.585,0.58,0.58,280600,NaN,NaN,NaN,NaN,NaN,NaN,NaN
1521507600,0.58,0.58,0.57,0.57,740100,NaN,NaN,NaN,NaN,NaN,NaN,NaN
1521594000,0.57,0.58,0.57,0.57,675100,NaN,NaN,NaN,NaN,NaN,NaN,NaN
1521680400,0.57,0.575,0.56,0.565,598000,NaN,NaN,NaN,NaN,NaN,NaN,NaN
1521766800,0.56,0.565,0.55,0.55,911100,NaN,NaN,NaN,NaN,NaN,NaN,NaN
1522026000,0.56,0.56,0.515,0.525,2288700,NaN,NaN,NaN,NaN,NaN,NaN,NaN
1522112400,0.525,0.545,0.525,0.535,621000,NaN,NaN,NaN,NaN,NaN,NaN,NaN
1522198800,0.53,0.535,0.525,0.525,478900,NaN,NaN,NaN,NaN,NaN,NaN,NaN
1522285200,0.525,0.525,0.525,0.525,538400,NaN,NaN,NaN,NaN,NaN,NaN,NaN
1522371600,0.52,0.53,0.52,0.525,373400,5602624193,512163000,69012000,7063000,73402000,443151000,0.476190476190476
1522630800,0.525,0.525,0.51,0.515,1412700,NaN,NaN,NaN,NaN,NaN,NaN,NaN
1522717200,0.515,0.515,0.485,0.485,2098100,NaN,NaN,NaN,NaN,NaN,NaN,NaN
1522803600,0.49,0.495,0.47,0.47,1848000,NaN,NaN,NaN,NaN,NaN,NaN,NaN
1522890000,0.475,0.49,0.47,0.48,2014100,NaN,NaN,NaN,NaN,NaN,NaN,NaN
1522976400,0.485,0.485,0.47,0.47,1095100,NaN,NaN,NaN,NaN,NaN,NaN,NaN
1523235600,0.47,0.49,0.465,0.485,569800,NaN,NaN,NaN,NaN,NaN,NaN,NaN
1523322000,0.485,0.525,0.485,0.525,842700,NaN,NaN,NaN,NaN,NaN,NaN,NaN
1523408400,0.525,0.6,0.525,0.575,2603900,NaN,NaN,NaN,NaN,NaN,NaN,NaN
1523494800,0.57,0.57,0.53,0.53,1263300,NaN,NaN,NaN,NaN,NaN,NaN,NaN
1523581200,0.535,0.55,0.535,0.535,294500,NaN,NaN,NaN,NaN,NaN,NaN,NaN
1523840400,0.545,0.55,0.535,0.535,175000,NaN,NaN,NaN,NaN,NaN,NaN,NaN
1523926800,0.54,0.56,0.53,0.535,1067200,NaN,NaN,NaN,NaN,NaN,NaN,NaN
1524013200,0.54,0.54,0.53,0.535,265000,NaN,NaN,NaN,NaN,NaN,NaN,NaN
1524099600,0.545,0.545,0.525,0.525,303800,NaN,NaN,NaN,NaN,NaN,NaN,NaN
1524186000,0.53,0.53,0.515,0.52,322700,NaN,NaN,NaN,NaN,NaN,NaN,NaN
1524445200,0.52,0.52,0.505,0.51,226700,NaN,NaN,NaN,NaN,NaN,NaN,NaN
1524531600,0.505,0.51,0.485,0.485,1356600,NaN,NaN,NaN,NaN,NaN,NaN,NaN
1524618000,0.485,0.5,0.485,0.495,264200,NaN,NaN,NaN,NaN,NaN,NaN,NaN
1524704400,0.495,0.505,0.495,0.505,107800,NaN,NaN,NaN,NaN,NaN,NaN,NaN
1524790800,0.505,0.51,0.5,0.51,161800,NaN,NaN,NaN,NaN,NaN,NaN,NaN
1525050000,0.51,0.51,0.495,0.5,440000,NaN,NaN,NaN,NaN,NaN,NaN,NaN
1525222800,0.5,0.505,0.5,0.505,441800,NaN,NaN,NaN,NaN,NaN,NaN,NaN
1525309200,0.5,0.51,0.495,0.5,174200,NaN,NaN,NaN,NaN,NaN,NaN,NaN
1525395600,0.5,0.5,0.49,0.49,469800,NaN,NaN,NaN,NaN,NaN,NaN,NaN
1525654800,0.495,0.495,0.485,0.49,368500,NaN,NaN,NaN,NaN,NaN,NaN,NaN
1525741200,0.49,0.51,0.49,0.51,858500,NaN,NaN,NaN,NaN,NaN,NaN,NaN
1526259600,0.47,0.535,0.47,0.525,1040100,NaN,NaN,NaN,NaN,NaN,NaN,NaN
1526346000,0.505,0.52,0.495,0.51,1776900,NaN,NaN,NaN,NaN,NaN,NaN,NaN
1526432400,0.5,0.5,0.49,0.5,366100,NaN,NaN,NaN,NaN,NaN,NaN,NaN
1526518800,0.5,0.5,0.485,0.49,806400,NaN,NaN,NaN,NaN,NaN,NaN,NaN
1526605200,0.49,0.495,0.48,0.485,878800,NaN,NaN,NaN,NaN,NaN,NaN,NaN
1526864400,0.485,0.485,0.47,0.47,1132200,NaN,NaN,NaN,NaN,NaN,NaN,NaN
1526950800,0.47,0.475,0.47,0.47,1024800,NaN,NaN,NaN,NaN,NaN,NaN,NaN
1527037200,0.47,0.47,0.465,0.465,454600,NaN,NaN,NaN,NaN,NaN,NaN,NaN
1527123600,0.465,0.465,0.45,0.455,910800,NaN,NaN,NaN,NaN,NaN,NaN,NaN
1527210000,0.46,0.47,0.45,0.455,2545700,NaN,NaN,NaN,NaN,NaN,NaN,NaN
1527469200,0.455,0.465,0.445,0.45,1453900,NaN,NaN,NaN,NaN,NaN,NaN,NaN
1527642000,0.45,0.45,0.41,0.41,2322900,NaN,NaN,NaN,NaN,NaN,NaN,NaN
1527728400,0.425,0.43,0.385,0.385,9397200,NaN,NaN,NaN,NaN,NaN,NaN,NaN
1527814800,0.395,0.41,0.395,0.41,1455700,NaN,NaN,NaN,NaN,NaN,NaN,NaN
1528074000,0.415,0.42,0.4,0.4,740600,NaN,NaN,NaN,NaN,NaN,NaN,NaN
1528160400,0.41,0.41,0.395,0.395,893800,NaN,NaN,NaN,NaN,NaN,NaN,NaN
1528246800,0.4,0.425,0.4,0.42,1314200,NaN,NaN,NaN,NaN,NaN,NaN,NaN
1528333200,0.45,0.45,0.43,0.44,701200,NaN,NaN,NaN,NaN,NaN,NaN,NaN
1528419600,0.445,0.445,0.42,0.44,516800,NaN,NaN,NaN,NaN,NaN,NaN,NaN
1528678800,0.44,0.44,0.43,0.435,305300,NaN,NaN,NaN,NaN,NaN,NaN,NaN
1528765200,0.425,0.435,0.42,0.42,513100,NaN,NaN,NaN,NaN,NaN,NaN,NaN
1528851600,0.425,0.43,0.415,0.42,362700,NaN,NaN,NaN,NaN,NaN,NaN,NaN
1528938000,0.425,0.43,0.425,0.43,40000,NaN,NaN,NaN,NaN,NaN,NaN,NaN
1529283600,0.44,0.455,0.435,0.44,1196400,NaN,NaN,NaN,NaN,NaN,NaN,NaN
1529370000,0.45,0.45,0.425,0.43,667000,NaN,NaN,NaN,NaN,NaN,NaN,NaN
1529456400,0.435,0.44,0.415,0.42,758400,NaN,NaN,NaN,NaN,NaN,NaN,NaN
1529542800,0.43,0.43,0.415,0.425,411500,NaN,NaN,NaN,NaN,NaN,NaN,NaN
1529629200,0.42,0.435,0.42,0.435,489200,NaN,NaN,NaN,NaN,NaN,NaN,NaN
1529888400,0.435,0.44,0.42,0.435,458400,NaN,NaN,NaN,NaN,NaN,NaN,NaN
1529974800,0.42,0.425,0.42,0.425,184800,NaN,NaN,NaN,NaN,NaN,NaN,NaN
1530061200,0.43,0.43,0.415,0.42,200800,NaN,NaN,NaN,NaN,NaN,NaN,NaN
1530147600,0.42,0.425,0.41,0.41,460600,NaN,NaN,NaN,NaN,NaN,NaN,NaN
1530234000,0.41,0.42,0.405,0.405,365800,5602624193,518055256,68374056,13093000,74360000,449681200,0.493827160493827
1530493200,0.415,0.42,0.41,0.415,236300,NaN,NaN,NaN,NaN,NaN,NaN,NaN
1530579600,0.415,0.42,0.41,0.41,226800,NaN,NaN,NaN,NaN,NaN,NaN,NaN
1530666000,0.41,0.42,0.41,0.415,240500,NaN,NaN,NaN,NaN,NaN,NaN,NaN
1530752400,0.41,0.42,0.41,0.42,192300,NaN,NaN,NaN,NaN,NaN,NaN,NaN
1530838800,0.415,0.42,0.405,0.41,922400,NaN,NaN,NaN,NaN,NaN,NaN,NaN
1531098000,0.415,0.415,0.405,0.415,336600,NaN,NaN,NaN,NaN,NaN,NaN,NaN
1531184400,0.415,0.415,0.405,0.41,310800,NaN,NaN,NaN,NaN,NaN,NaN,NaN
1531270800,0.41,0.42,0.41,0.41,304200,NaN,NaN,NaN,NaN,NaN,NaN,NaN
1531357200,0.41,0.415,0.405,0.41,300300,NaN,NaN,NaN,NaN,NaN,NaN,NaN
1531443600,0.415,0.415,0.405,0.415,417100,NaN,NaN,NaN,NaN,NaN,NaN,NaN
1531702800,0.41,0.42,0.41,0.415,474500,NaN,NaN,NaN,NaN,NaN,NaN,NaN
1531789200,0.415,0.42,0.41,0.415,489400,NaN,NaN,NaN,NaN,NaN,NaN,NaN
1531875600,0.415,0.42,0.41,0.42,222200,NaN,NaN,NaN,NaN,NaN,NaN,NaN
1531962000,0.425,0.43,0.42,0.425,810900,NaN,NaN,NaN,NaN,NaN,NaN,NaN
1532048400,0.425,0.45,0.42,0.45,2238300,NaN,NaN,NaN,NaN,NaN,NaN,NaN
1532307600,0.45,0.455,0.44,0.45,1098500,NaN,NaN,NaN,NaN,NaN,NaN,NaN
1532394000,0.45,0.45,0.44,0.445,884700,NaN,NaN,NaN,NaN,NaN,NaN,NaN
1532480400,0.445,0.48,0.44,0.465,3214200,NaN,NaN,NaN,NaN,NaN,NaN,NaN
1532566800,0.475,0.51,0.475,0.495,6657700,NaN,NaN,NaN,NaN,NaN,NaN,NaN
1532653200,0.5,0.505,0.49,0.49,1886000,NaN,NaN,NaN,NaN,NaN,NaN,NaN
1532912400,0.5,0.505,0.49,0.49,1046000,NaN,NaN,NaN,NaN,NaN,NaN,NaN
1532998800,0.49,0.495,0.465,0.475,1281800,NaN,NaN,NaN,NaN,NaN,NaN,NaN
1533085200,0.47,0.475,0.45,0.46,2576700,NaN,NaN,NaN,NaN,NaN,NaN,NaN
1533171600,0.455,0.455,0.435,0.44,1351600,NaN,NaN,NaN,NaN,NaN,NaN,NaN
1533258000,0.44,0.455,0.44,0.445,1129500,NaN,NaN,NaN,NaN,NaN,NaN,NaN
1533517200,0.445,0.445,0.435,0.44,853300,NaN,NaN,NaN,NaN,NaN,NaN,NaN
1533603600,0.44,0.445,0.43,0.44,2143300,NaN,NaN,NaN,NaN,NaN,NaN,NaN
1533690000,0.445,0.46,0.445,0.45,3516600,NaN,NaN,NaN,NaN,NaN,NaN,NaN
1533776400,0.46,0.47,0.455,0.455,4242700,NaN,NaN,NaN,NaN,NaN,NaN,NaN
1533862800,0.46,0.46,0.445,0.445,818300,NaN,NaN,NaN,NaN,NaN,NaN,NaN
1534122000,0.445,0.445,0.435,0.435,1344600,NaN,NaN,NaN,NaN,NaN,NaN,NaN
1534208400,0.44,0.455,0.44,0.455,2254000,NaN,NaN,NaN,NaN,NaN,NaN,NaN
1534294800,0.455,0.46,0.445,0.45,1299000,NaN,NaN,NaN,NaN,NaN,NaN,NaN
1534381200,0.45,0.455,0.44,0.445,1702200,NaN,NaN,NaN,NaN,NaN,NaN,NaN
1534467600,0.445,0.45,0.44,0.44,903800,NaN,NaN,NaN,NaN,NaN,NaN,NaN
1534726800,0.45,0.455,0.445,0.445,1630600,NaN,NaN,NaN,NaN,NaN,NaN,NaN
1534813200,0.445,0.46,0.44,0.445,3281900,NaN,NaN,NaN,NaN,NaN,NaN,NaN
1534986000,0.45,0.455,0.445,0.445,985400,NaN,NaN,NaN,NaN,NaN,NaN,NaN
1535072400,0.45,0.45,0.435,0.44,1194400,NaN,NaN,NaN,NaN,NaN,NaN,NaN
1535331600,0.44,0.445,0.43,0.44,1154600,NaN,NaN,NaN,NaN,NaN,NaN,NaN
1535418000,0.44,0.44,0.425,0.43,1444600,NaN,NaN,NaN,NaN,NaN,NaN,NaN
1535504400,0.435,0.435,0.425,0.425,820400,NaN,NaN,NaN,NaN,NaN,NaN,NaN
1535590800,0.425,0.43,0.415,0.42,1555400,NaN,NaN,NaN,NaN,NaN,NaN,NaN
1535936400,0.425,0.45,0.425,0.45,1982300,NaN,NaN,NaN,NaN,NaN,NaN,NaN
1536022800,0.45,0.45,0.43,0.435,1369600,NaN,NaN,NaN,NaN,NaN,NaN,NaN
1536109200,0.44,0.44,0.425,0.425,953200,NaN,NaN,NaN,NaN,NaN,NaN,NaN
1536195600,0.43,0.43,0.41,0.415,1015600,NaN,NaN,NaN,NaN,NaN,NaN,NaN
1536282000,0.415,0.42,0.41,0.42,666300,NaN,NaN,NaN,NaN,NaN,NaN,NaN
1536714000,0.42,0.42,0.405,0.41,976100,NaN,NaN,NaN,NaN,NaN,NaN,NaN
1536800400,0.41,0.415,0.405,0.41,929500,NaN,NaN,NaN,NaN,NaN,NaN,NaN
1536886800,0.41,0.415,0.405,0.41,965900,NaN,NaN,NaN,NaN,NaN,NaN,NaN
1537232400,0.41,0.415,0.405,0.405,673000,NaN,NaN,NaN,NaN,NaN,NaN,NaN
1537318800,0.41,0.415,0.41,0.41,725800,NaN,NaN,NaN,NaN,NaN,NaN,NaN
1537405200,0.41,0.415,0.405,0.41,829100,NaN,NaN,NaN,NaN,NaN,NaN,NaN
1537491600,0.41,0.43,0.405,0.42,2937500,NaN,NaN,NaN,NaN,NaN,NaN,NaN
1537750800,0.42,0.44,0.42,0.425,2417200,NaN,NaN,NaN,NaN,NaN,NaN,NaN
1537837200,0.425,0.435,0.425,0.425,893500,NaN,NaN,NaN,NaN,NaN,NaN,NaN
1537923600,0.43,0.43,0.42,0.425,772800,NaN,NaN,NaN,NaN,NaN,NaN,NaN
1538010000,0.425,0.43,0.415,0.43,534000,NaN,NaN,NaN,NaN,NaN,NaN,NaN
1538096400,0.425,0.425,0.415,0.42,484200,5602624193,529481000,73284000,9915000,74509000,456197000,0.476190476190476
1538355600,0.425,0.425,0.415,0.415,646400,NaN,NaN,NaN,NaN,NaN,NaN,NaN
1538442000,0.415,0.43,0.415,0.43,1007600,NaN,NaN,NaN,NaN,NaN,NaN,NaN
1538528400,0.435,0.445,0.43,0.43,2695000,NaN,NaN,NaN,NaN,NaN,NaN,NaN
1538614800,0.44,0.44,0.415,0.42,1500300,NaN,NaN,NaN,NaN,NaN,NaN,NaN
1538701200,0.42,0.435,0.42,0.43,1343200,NaN,NaN,NaN,NaN,NaN,NaN,NaN
1538960400,0.44,0.44,0.415,0.42,1456000,NaN,NaN,NaN,NaN,NaN,NaN,NaN
1539046800,0.42,0.425,0.41,0.415,962900,NaN,NaN,NaN,NaN,NaN,NaN,NaN
1539133200,0.42,0.42,0.405,0.405,1535300,NaN,NaN,NaN,NaN,NaN,NaN,NaN
1539219600,0.4,0.405,0.395,0.4,1847600,NaN,NaN,NaN,NaN,NaN,NaN,NaN
1539306000,0.4,0.41,0.4,0.405,575900,NaN,NaN,NaN,NaN,NaN,NaN,NaN
1539565200,0.41,0.41,0.39,0.4,2221700,NaN,NaN,NaN,NaN,NaN,NaN,NaN
1539651600,0.395,0.405,0.39,0.4,1064800,NaN,NaN,NaN,NaN,NaN,NaN,NaN
1539738000,0.4,0.4,0.395,0.395,517600,NaN,NaN,NaN,NaN,NaN,NaN,NaN
1539824400,0.395,0.405,0.39,0.4,868400,NaN,NaN,NaN,NaN,NaN,NaN,NaN
1539910800,0.395,0.395,0.39,0.395,1054500,NaN,NaN,NaN,NaN,NaN,NaN,NaN
1540170000,0.395,0.395,0.385,0.39,1327800,NaN,NaN,NaN,NaN,NaN,NaN,NaN
1540256400,0.39,0.39,0.375,0.385,1646500,NaN,NaN,NaN,NaN,NaN,NaN,NaN
1540342800,0.385,0.39,0.375,0.38,1199900,NaN,NaN,NaN,NaN,NaN,NaN,NaN
1540429200,0.375,0.375,0.365,0.37,1136000,NaN,NaN,NaN,NaN,NaN,NaN,NaN
1540515600,0.37,0.375,0.36,0.365,891200,NaN,NaN,NaN,NaN,NaN,NaN,NaN
1540774800,0.365,0.365,0.355,0.36,745700,NaN,NaN,NaN,NaN,NaN,NaN,NaN
1540861200,0.36,0.36,0.345,0.35,1171100,NaN,NaN,NaN,NaN,NaN,NaN,NaN
1540947600,0.36,0.37,0.35,0.365,830400,NaN,NaN,NaN,NaN,NaN,NaN,NaN
1541034000,0.365,0.365,0.355,0.355,1067700,NaN,NaN,NaN,NaN,NaN,NaN,NaN
1541120400,0.355,0.37,0.355,0.37,1205300,NaN,NaN,NaN,NaN,NaN,NaN,NaN
1541379600,0.37,0.37,0.35,0.355,1274200,NaN,NaN,NaN,NaN,NaN,NaN,NaN
1541552400,0.36,0.36,0.35,0.36,1293500,NaN,NaN,NaN,NaN,NaN,NaN,NaN
1541638800,0.36,0.36,0.35,0.355,1332600,NaN,NaN,NaN,NaN,NaN,NaN,NaN
1541725200,0.36,0.36,0.35,0.355,997800,NaN,NaN,NaN,NaN,NaN,NaN,NaN
1541984400,0.355,0.36,0.345,0.35,1062900,NaN,NaN,NaN,NaN,NaN,NaN,NaN
1542070800,0.34,0.35,0.335,0.345,1478600,NaN,NaN,NaN,NaN,NaN,NaN,NaN
1542157200,0.345,0.345,0.34,0.345,1117800,NaN,NaN,NaN,NaN,NaN,NaN,NaN
1542243600,0.34,0.345,0.335,0.34,558800,NaN,NaN,NaN,NaN,NaN,NaN,NaN
1542330000,0.34,0.35,0.34,0.345,1161600,NaN,NaN,NaN,NaN,NaN,NaN,NaN
1542589200,0.345,0.355,0.345,0.345,1069800,NaN,NaN,NaN,NaN,NaN,NaN,NaN
1542762000,0.34,0.35,0.335,0.345,818600,NaN,NaN,NaN,NaN,NaN,NaN,NaN
1542848400,0.35,0.35,0.335,0.335,1208500,NaN,NaN,NaN,NaN,NaN,NaN,NaN
1542934800,0.335,0.335,0.325,0.33,1504400,NaN,NaN,NaN,NaN,NaN,NaN,NaN
1543194000,0.33,0.33,0.315,0.315,885200,NaN,NaN,NaN,NaN,NaN,NaN,NaN
1543280400,0.315,0.32,0.305,0.31,1188200,NaN,NaN,NaN,NaN,NaN,NaN,NaN
1543366800,0.305,0.31,0.3,0.305,545200,NaN,NaN,NaN,NaN,NaN,NaN,NaN
1543453200,0.305,0.305,0.29,0.3,1531600,NaN,NaN,NaN,NaN,NaN,NaN,NaN
1543539600,0.305,0.31,0.295,0.3,1323800,NaN,NaN,NaN,NaN,NaN,NaN,NaN
1543798800,0.31,0.325,0.295,0.325,2126900,NaN,NaN,NaN,NaN,NaN,NaN,NaN
1543885200,0.325,0.325,0.305,0.31,771600,NaN,NaN,NaN,NaN,NaN,NaN,NaN
1543971600,0.305,0.305,0.295,0.3,958400,NaN,NaN,NaN,NaN,NaN,NaN,NaN
1544058000,0.3,0.3,0.29,0.3,1404200,NaN,NaN,NaN,NaN,NaN,NaN,NaN
1544144400,0.3,0.305,0.29,0.3,1317100,NaN,NaN,NaN,NaN,NaN,NaN,NaN
1544403600,0.3,0.305,0.29,0.295,1050800,NaN,NaN,NaN,NaN,NaN,NaN,NaN
1544490000,0.295,0.3,0.29,0.3,916800,NaN,NaN,NaN,NaN,NaN,NaN,NaN
1544576400,0.295,0.295,0.29,0.29,710200,NaN,NaN,NaN,NaN,NaN,NaN,NaN
1544662800,0.29,0.295,0.29,0.29,897900,NaN,NaN,NaN,NaN,NaN,NaN,NaN
1544749200,0.295,0.295,0.285,0.285,884100,NaN,NaN,NaN,NaN,NaN,NaN,NaN
1545008400,0.29,0.29,0.28,0.29,1401800,NaN,NaN,NaN,NaN,NaN,NaN,NaN
1545094800,0.28,0.285,0.27,0.27,1600400,NaN,NaN,NaN,NaN,NaN,NaN,NaN
1545181200,0.27,0.275,0.26,0.265,1130600,NaN,NaN,NaN,NaN,NaN,NaN,NaN
1545267600,0.26,0.27,0.255,0.27,2286500,NaN,NaN,NaN,NaN,NaN,NaN,NaN
1545354000,0.265,0.27,0.265,0.27,802300,NaN,NaN,NaN,NaN,NaN,NaN,NaN
1545613200,0.27,0.275,0.265,0.27,808600,NaN,NaN,NaN,NaN,NaN,NaN,NaN
1545786000,0.265,0.27,0.26,0.265,962300,NaN,NaN,NaN,NaN,NaN,NaN,NaN
1545872400,0.27,0.27,0.26,0.26,1157700,NaN,NaN,NaN,NaN,NaN,NaN,NaN
1545958800,0.26,0.265,0.255,0.26,951400,NaN,NaN,NaN,NaN,NaN,NaN,NaN
1546218000,0.265,0.27,0.26,0.265,538600,5602624193,589391000,77526000,15084000,82809000,511865000,0.754716981132076
1546390800,0.27,0.27,0.26,0.265,263800,NaN,NaN,NaN,NaN,NaN,NaN,NaN
1546477200,0.27,0.27,0.26,0.26,372400,NaN,NaN,NaN,NaN,NaN,NaN,NaN
1546563600,0.265,0.28,0.265,0.275,1899900,NaN,NaN,NaN,NaN,NaN,NaN,NaN
1546822800,0.285,0.315,0.28,0.305,5759400,NaN,NaN,NaN,NaN,NaN,NaN,NaN
1546909200,0.31,0.315,0.295,0.3,2431200,NaN,NaN,NaN,NaN,NaN,NaN,NaN
1546995600,0.3,0.31,0.3,0.305,964900,NaN,NaN,NaN,NaN,NaN,NaN,NaN
1547082000,0.305,0.325,0.3,0.32,5643600,NaN,NaN,NaN,NaN,NaN,NaN,NaN
1547168400,0.325,0.335,0.32,0.325,3409800,NaN,NaN,NaN,NaN,NaN,NaN,NaN
1547427600,0.33,0.335,0.305,0.31,2065000,NaN,NaN,NaN,NaN,NaN,NaN,NaN
1547514000,0.31,0.315,0.305,0.315,1011800,NaN,NaN,NaN,NaN,NaN,NaN,NaN
1547600400,0.32,0.32,0.31,0.315,1254700,NaN,NaN,NaN,NaN,NaN,NaN,NaN
1547686800,0.315,0.325,0.31,0.315,2012300,NaN,NaN,NaN,NaN,NaN,NaN,NaN
1547773200,0.315,0.32,0.31,0.315,613300,NaN,NaN,NaN,NaN,NaN,NaN,NaN
1548118800,0.315,0.32,0.3,0.3,1675300,NaN,NaN,NaN,NaN,NaN,NaN,NaN
1548205200,0.3,0.305,0.3,0.3,876800,NaN,NaN,NaN,NaN,NaN,NaN,NaN
1548291600,0.3,0.305,0.295,0.3,1488200,NaN,NaN,NaN,NaN,NaN,NaN,NaN
1548378000,0.3,0.315,0.3,0.305,1821600,NaN,NaN,NaN,NaN,NaN,NaN,NaN
1548637200,0.305,0.305,0.295,0.295,1251300,NaN,NaN,NaN,NaN,NaN,NaN,NaN
1548723600,0.295,0.3,0.295,0.295,1064800,NaN,NaN,NaN,NaN,NaN,NaN,NaN
1548810000,0.295,0.295,0.29,0.29,238600,NaN,NaN,NaN,NaN,NaN,NaN,NaN
1548896400,0.295,0.295,0.285,0.29,1292700,NaN,NaN,NaN,NaN,NaN,NaN,NaN
1549242000,0.29,0.29,0.285,0.29,615300,NaN,NaN,NaN,NaN,NaN,NaN,NaN
1549501200,0.29,0.295,0.285,0.29,788300,NaN,NaN,NaN,NaN,NaN,NaN,NaN
1549587600,0.29,0.3,0.285,0.3,429100,NaN,NaN,NaN,NaN,NaN,NaN,NaN
1549846800,0.3,0.3,0.29,0.29,1292300,NaN,NaN,NaN,NaN,NaN,NaN,NaN
1549933200,0.295,0.32,0.295,0.315,4306100,NaN,NaN,NaN,NaN,NaN,NaN,NaN
1550019600,0.315,0.325,0.31,0.31,2036200,NaN,NaN,NaN,NaN,NaN,NaN,NaN
1550106000,0.315,0.32,0.315,0.32,892000,NaN,NaN,NaN,NaN,NaN,NaN,NaN
1550192400,0.32,0.325,0.31,0.315,2512900,NaN,NaN,NaN,NaN,NaN,NaN,NaN
1550451600,0.315,0.32,0.31,0.31,1054200,NaN,NaN,NaN,NaN,NaN,NaN,NaN
1550538000,0.31,0.315,0.305,0.305,714400,NaN,NaN,NaN,NaN,NaN,NaN,NaN
1550624400,0.31,0.32,0.31,0.315,1505200,NaN,NaN,NaN,NaN,NaN,NaN,NaN
1550710800,0.315,0.315,0.305,0.31,1553500,NaN,NaN,NaN,NaN,NaN,NaN,NaN
1550797200,0.315,0.315,0.3,0.305,2323700,NaN,NaN,NaN,NaN,NaN,NaN,NaN
1551056400,0.305,0.31,0.3,0.305,1256900,NaN,NaN,NaN,NaN,NaN,NaN,NaN
1551142800,0.315,0.37,0.315,0.36,48742500,NaN,NaN,NaN,NaN,NaN,NaN,NaN
1551229200,0.355,0.365,0.34,0.34,10921800,NaN,NaN,NaN,NaN,NaN,NaN,NaN
1551315600,0.34,0.365,0.34,0.36,13367500,NaN,NaN,NaN,NaN,NaN,NaN,NaN
1551402000,0.36,0.395,0.35,0.365,24567200,NaN,NaN,NaN,NaN,NaN,NaN,NaN
1551661200,0.365,0.375,0.355,0.355,10728200,NaN,NaN,NaN,NaN,NaN,NaN,NaN
1551747600,0.355,0.36,0.345,0.35,3117700,NaN,NaN,NaN,NaN,NaN,NaN,NaN
1551834000,0.35,0.365,0.35,0.35,3891400,NaN,NaN,NaN,NaN,NaN,NaN,NaN
1551920400,0.35,0.365,0.345,0.35,8103000,NaN,NaN,NaN,NaN,NaN,NaN,NaN
1552006800,0.355,0.375,0.345,0.345,17907900,NaN,NaN,NaN,NaN,NaN,NaN,NaN
1552266000,0.35,0.355,0.335,0.335,4891600,NaN,NaN,NaN,NaN,NaN,NaN,NaN
1552352400,0.34,0.345,0.335,0.345,3839500,NaN,NaN,NaN,NaN,NaN,NaN,NaN
1552438800,0.34,0.34,0.33,0.335,7436600,NaN,NaN,NaN,NaN,NaN,NaN,NaN
1552525200,0.335,0.345,0.33,0.345,8196700,NaN,NaN,NaN,NaN,NaN,NaN,NaN
1552611600,0.345,0.35,0.34,0.34,4437800,NaN,NaN,NaN,NaN,NaN,NaN,NaN
1552870800,0.345,0.35,0.335,0.335,3330500,NaN,NaN,NaN,NaN,NaN,NaN,NaN
1552957200,0.335,0.36,0.335,0.355,18118600,NaN,NaN,NaN,NaN,NaN,NaN,NaN
1553043600,0.36,0.375,0.35,0.365,13936800,NaN,NaN,NaN,NaN,NaN,NaN,NaN
1553130000,0.37,0.38,0.355,0.355,11840600,NaN,NaN,NaN,NaN,NaN,NaN,NaN
1553216400,0.365,0.365,0.35,0.36,2051100,NaN,NaN,NaN,NaN,NaN,NaN,NaN
1553475600,0.355,0.355,0.345,0.345,3948900,NaN,NaN,NaN,NaN,NaN,NaN,NaN
1553562000,0.345,0.355,0.34,0.345,3079000,NaN,NaN,NaN,NaN,NaN,NaN,NaN
1553648400,0.345,0.345,0.335,0.34,2809700,NaN,NaN,NaN,NaN,NaN,NaN,NaN
1553734800,0.34,0.34,0.33,0.335,4180300,NaN,NaN,NaN,NaN,NaN,NaN,NaN
1553821200,0.34,0.345,0.335,0.345,3594100,5641388335,596214000,72892000,4907000,77969000,523322000,0.579710144927536
1554080400,0.36,0.37,0.345,0.35,10240900,NaN,NaN,NaN,NaN,NaN,NaN,NaN
1554166800,0.35,0.35,0.345,0.345,1910200,NaN,NaN,NaN,NaN,NaN,NaN,NaN
1554253200,0.345,0.35,0.34,0.35,2127600,NaN,NaN,NaN,NaN,NaN,NaN,NaN
1554339600,0.345,0.35,0.34,0.345,2922800,NaN,NaN,NaN,NaN,NaN,NaN,NaN
1554426000,0.34,0.345,0.34,0.34,2842200,NaN,NaN,NaN,NaN,NaN,NaN,NaN
1554685200,0.345,0.35,0.34,0.35,4362500,NaN,NaN,NaN,NaN,NaN,NaN,NaN
1554771600,0.35,0.36,0.345,0.35,3916800,NaN,NaN,NaN,NaN,NaN,NaN,NaN
1554858000,0.345,0.35,0.345,0.345,1994600,NaN,NaN,NaN,NaN,NaN,NaN,NaN
1554944400,0.35,0.35,0.34,0.345,2739000,NaN,NaN,NaN,NaN,NaN,NaN,NaN
1555030800,0.345,0.35,0.34,0.345,2272900,NaN,NaN,NaN,NaN,NaN,NaN,NaN
1555290000,0.345,0.35,0.34,0.34,2943300,NaN,NaN,NaN,NaN,NaN,NaN,NaN
1555376400,0.34,0.345,0.335,0.34,2005300,NaN,NaN,NaN,NaN,NaN,NaN,NaN
1555462800,0.34,0.34,0.325,0.33,3847100,NaN,NaN,NaN,NaN,NaN,NaN,NaN
1555549200,0.325,0.33,0.32,0.33,3629400,NaN,NaN,NaN,NaN,NaN,NaN,NaN
1555635600,0.325,0.33,0.325,0.325,1283900,NaN,NaN,NaN,NaN,NaN,NaN,NaN
1555894800,0.325,0.33,0.315,0.32,4566900,NaN,NaN,NaN,NaN,NaN,NaN,NaN
1555981200,0.325,0.325,0.315,0.325,3556200,NaN,NaN,NaN,NaN,NaN,NaN,NaN
1556067600,0.325,0.34,0.32,0.335,7888400,NaN,NaN,NaN,NaN,NaN,NaN,NaN
1556154000,0.335,0.34,0.325,0.325,3331600,NaN,NaN,NaN,NaN,NaN,NaN,NaN
1556240400,0.33,0.335,0.325,0.33,2476000,NaN,NaN,NaN,NaN,NaN,NaN,NaN
1556499600,0.335,0.335,0.325,0.325,1826000,NaN,NaN,NaN,NaN,NaN,NaN,NaN
1556586000,0.325,0.325,0.315,0.32,3000500,NaN,NaN,NaN,NaN,NaN,NaN,NaN
1556758800,0.32,0.32,0.305,0.31,2735100,NaN,NaN,NaN,NaN,NaN,NaN,NaN
1556845200,0.31,0.315,0.305,0.315,459100,NaN,NaN,NaN,NaN,NaN,NaN,NaN
1557104400,0.31,0.315,0.305,0.305,2399900,NaN,NaN,NaN,NaN,NaN,NaN,NaN
1557190800,0.305,0.315,0.305,0.305,1124700,NaN,NaN,NaN,NaN,NaN,NaN,NaN
1557277200,0.305,0.31,0.295,0.295,2972300,NaN,NaN,NaN,NaN,NaN,NaN,NaN
1557363600,0.3,0.305,0.3,0.3,1730100,NaN,NaN,NaN,NaN,NaN,NaN,NaN
1557450000,0.3,0.3,0.295,0.3,766400,NaN,NaN,NaN,NaN,NaN,NaN,NaN
1557709200,0.3,0.3,0.29,0.29,2156300,NaN,NaN,NaN,NaN,NaN,NaN,NaN
1557795600,0.295,0.295,0.28,0.29,1593800,NaN,NaN,NaN,NaN,NaN,NaN,NaN
1557882000,0.29,0.3,0.29,0.29,2237200,NaN,NaN,NaN,NaN,NaN,NaN,NaN
1557968400,0.29,0.295,0.29,0.29,647300,NaN,NaN,NaN,NaN,NaN,NaN,NaN
1558054800,0.295,0.295,0.29,0.295,2273000,NaN,NaN,NaN,NaN,NaN,NaN,NaN
1558400400,0.295,0.295,0.285,0.29,765000,NaN,NaN,NaN,NaN,NaN,NaN,NaN
1558573200,0.29,0.29,0.28,0.28,2231700,NaN,NaN,NaN,NaN,NaN,NaN,NaN
1558659600,0.28,0.285,0.275,0.285,1230200,NaN,NaN,NaN,NaN,NaN,NaN,NaN
1558918800,0.28,0.285,0.28,0.28,805800,NaN,NaN,NaN,NaN,NaN,NaN,NaN
1559005200,0.295,0.3,0.29,0.29,3436300,NaN,NaN,NaN,NaN,NaN,NaN,NaN
1559091600,0.29,0.29,0.285,0.285,1532400,NaN,NaN,NaN,NaN,NaN,NaN,NaN
1559178000,0.285,0.295,0.28,0.285,5415800,NaN,NaN,NaN,NaN,NaN,NaN,NaN
1559264400,0.285,0.29,0.28,0.285,2228900,NaN,NaN,NaN,NaN,NaN,NaN,NaN
1559523600,0.285,0.285,0.28,0.28,1220200,NaN,NaN,NaN,NaN,NaN,NaN,NaN
1559610000,0.28,0.285,0.28,0.28,922300,NaN,NaN,NaN,NaN,NaN,NaN,NaN
1559869200,0.28,0.285,0.28,0.28,958700,NaN,NaN,NaN,NaN,NaN,NaN,NaN
1560128400,0.28,0.29,0.28,0.285,6117200,NaN,NaN,NaN,NaN,NaN,NaN,NaN
1560214800,0.285,0.285,0.28,0.28,1750800,NaN,NaN,NaN,NaN,NaN,NaN,NaN
1560301200,0.28,0.285,0.275,0.275,3011100,NaN,NaN,NaN,NaN,NaN,NaN,NaN
1560387600,0.275,0.28,0.275,0.28,1555600,NaN,NaN,NaN,NaN,NaN,NaN,NaN
1560474000,0.28,0.285,0.28,0.285,773400,NaN,NaN,NaN,NaN,NaN,NaN,NaN
1560733200,0.28,0.285,0.275,0.28,646400,NaN,NaN,NaN,NaN,NaN,NaN,NaN
1560819600,0.28,0.28,0.27,0.27,4224000,NaN,NaN,NaN,NaN,NaN,NaN,NaN
1560906000,0.275,0.275,0.27,0.275,1551000,NaN,NaN,NaN,NaN,NaN,NaN,NaN
1560992400,0.27,0.275,0.265,0.27,1526400,NaN,NaN,NaN,NaN,NaN,NaN,NaN
1561078800,0.27,0.275,0.265,0.27,1875400,NaN,NaN,NaN,NaN,NaN,NaN,NaN
1561338000,0.27,0.27,0.265,0.265,761500,NaN,NaN,NaN,NaN,NaN,NaN,NaN
1561424400,0.27,0.27,0.265,0.27,614300,NaN,NaN,NaN,NaN,NaN,NaN,NaN
1561510800,0.27,0.27,0.265,0.27,873000,NaN,NaN,NaN,NaN,NaN,NaN,NaN
1561597200,0.27,0.27,0.265,0.265,2407800,NaN,NaN,NaN,NaN,NaN,NaN,NaN
1561683600,0.265,0.275,0.26,0.265,1474600,5641388335,555635000,76471000,9739000,78571000,479164000,0.943396226415094
1561942800,0.27,0.275,0.27,0.275,1011500,NaN,NaN,NaN,NaN,NaN,NaN,NaN
1562029200,0.275,0.29,0.275,0.285,3391700,NaN,NaN,NaN,NaN,NaN,NaN,NaN
1562115600,0.285,0.315,0.285,0.305,13156200,NaN,NaN,NaN,NaN,NaN,NaN,NaN
1562202000,0.305,0.31,0.295,0.295,2446800,NaN,NaN,NaN,NaN,NaN,NaN,NaN
1562288400,0.3,0.3,0.29,0.3,1266000,NaN,NaN,NaN,NaN,NaN,NaN,NaN
1562547600,0.295,0.295,0.285,0.29,2303100,NaN,NaN,NaN,NaN,NaN,NaN,NaN
1562634000,0.285,0.3,0.285,0.29,2804900,NaN,NaN,NaN,NaN,NaN,NaN,NaN
1562720400,0.29,0.3,0.29,0.29,1124600,NaN,NaN,NaN,NaN,NaN,NaN,NaN
1562806800,0.295,0.295,0.29,0.295,1083200,NaN,NaN,NaN,NaN,NaN,NaN,NaN
1562893200,0.295,0.295,0.29,0.295,1153800,NaN,NaN,NaN,NaN,NaN,NaN,NaN
1563152400,0.295,0.315,0.295,0.305,9587100,NaN,NaN,NaN,NaN,NaN,NaN,NaN
1563238800,0.31,0.32,0.31,0.32,13698600,NaN,NaN,NaN,NaN,NaN,NaN,NaN
1563325200,0.32,0.32,0.305,0.31,3121300,NaN,NaN,NaN,NaN,NaN,NaN,NaN
1563411600,0.305,0.31,0.3,0.3,2213700,NaN,NaN,NaN,NaN,NaN,NaN,NaN
1563498000,0.3,0.31,0.3,0.3,2000600,NaN,NaN,NaN,NaN,NaN,NaN,NaN
1563757200,0.3,0.305,0.3,0.3,1137600,NaN,NaN,NaN,NaN,NaN,NaN,NaN
1563843600,0.3,0.31,0.295,0.3,5078500,NaN,NaN,NaN,NaN,NaN,NaN,NaN
1563930000,0.3,0.305,0.3,0.3,2836700,NaN,NaN,NaN,NaN,NaN,NaN,NaN
1564016400,0.3,0.3,0.295,0.295,2130200,NaN,NaN,NaN,NaN,NaN,NaN,NaN
1564102800,0.3,0.3,0.29,0.29,3318600,NaN,NaN,NaN,NaN,NaN,NaN,NaN
1564362000,0.29,0.295,0.285,0.29,1626900,NaN,NaN,NaN,NaN,NaN,NaN,NaN
1564534800,0.29,0.29,0.28,0.285,2400100,NaN,NaN,NaN,NaN,NaN,NaN,NaN
1564621200,0.285,0.285,0.28,0.285,1080100,NaN,NaN,NaN,NaN,NaN,NaN,NaN
1564707600,0.28,0.29,0.28,0.285,1846400,NaN,NaN,NaN,NaN,NaN,NaN,NaN
1564966800,0.285,0.285,0.28,0.28,1416300,NaN,NaN,NaN,NaN,NaN,NaN,NaN
1565053200,0.275,0.285,0.27,0.285,2272700,NaN,NaN,NaN,NaN,NaN,NaN,NaN
1565139600,0.285,0.285,0.275,0.28,964400,NaN,NaN,NaN,NaN,NaN,NaN,NaN
1565226000,0.285,0.285,0.275,0.275,906200,NaN,NaN,NaN,NaN,NaN,NaN,NaN
1565312400,0.275,0.285,0.275,0.28,1307700,NaN,NaN,NaN,NaN,NaN,NaN,NaN
1565658000,0.28,0.28,0.27,0.275,1060100,NaN,NaN,NaN,NaN,NaN,NaN,NaN
1565744400,0.28,0.28,0.275,0.28,645200,NaN,NaN,NaN,NaN,NaN,NaN,NaN
1565830800,0.28,0.28,0.27,0.27,1344700,NaN,NaN,NaN,NaN,NaN,NaN,NaN
1565917200,0.275,0.275,0.27,0.27,800800,NaN,NaN,NaN,NaN,NaN,NaN,NaN
1566176400,0.27,0.275,0.27,0.275,2994700,NaN,NaN,NaN,NaN,NaN,NaN,NaN
1566262800,0.275,0.275,0.27,0.275,1714100,NaN,NaN,NaN,NaN,NaN,NaN,NaN
1566349200,0.275,0.285,0.27,0.27,3429600,NaN,NaN,NaN,NaN,NaN,NaN,NaN
1566435600,0.275,0.28,0.275,0.28,901700,NaN,NaN,NaN,NaN,NaN,NaN,NaN
1566522000,0.275,0.275,0.275,0.275,712700,NaN,NaN,NaN,NaN,NaN,NaN,NaN
1566781200,0.27,0.275,0.27,0.275,1460200,NaN,NaN,NaN,NaN,NaN,NaN,NaN
1566867600,0.285,0.295,0.28,0.28,7573100,NaN,NaN,NaN,NaN,NaN,NaN,NaN
1566954000,0.285,0.29,0.285,0.285,3564200,NaN,NaN,NaN,NaN,NaN,NaN,NaN
1567040400,0.29,0.29,0.28,0.28,1800900,NaN,NaN,NaN,NaN,NaN,NaN,NaN
1567126800,0.285,0.29,0.275,0.285,2926800,NaN,NaN,NaN,NaN,NaN,NaN,NaN
1567472400,0.28,0.28,0.28,0.28,1850700,NaN,NaN,NaN,NaN,NaN,NaN,NaN
1567558800,0.28,0.285,0.28,0.28,1267600,NaN,NaN,NaN,NaN,NaN,NaN,NaN
1567645200,0.28,0.285,0.28,0.285,2280300,NaN,NaN,NaN,NaN,NaN,NaN,NaN
1567731600,0.285,0.315,0.285,0.295,41132500,NaN,NaN,NaN,NaN,NaN,NaN,NaN
1568077200,0.3,0.305,0.29,0.295,6266800,NaN,NaN,NaN,NaN,NaN,NaN,NaN
1568163600,0.295,0.31,0.295,0.3,6962400,NaN,NaN,NaN,NaN,NaN,NaN,NaN
1568250000,0.305,0.305,0.29,0.3,7119100,NaN,NaN,NaN,NaN,NaN,NaN,NaN
1568336400,0.3,0.305,0.295,0.3,3949200,NaN,NaN,NaN,NaN,NaN,NaN,NaN
1568682000,0.295,0.305,0.295,0.295,3433000,NaN,NaN,NaN,NaN,NaN,NaN,NaN
1568768400,0.295,0.295,0.29,0.295,1954800,NaN,NaN,NaN,NaN,NaN,NaN,NaN
1568854800,0.295,0.305,0.29,0.295,4979100,NaN,NaN,NaN,NaN,NaN,NaN,NaN
1568941200,0.29,0.29,0.28,0.285,4704900,NaN,NaN,NaN,NaN,NaN,NaN,NaN
1569200400,0.285,0.285,0.28,0.285,976000,NaN,NaN,NaN,NaN,NaN,NaN,NaN
1569286800,0.28,0.29,0.28,0.29,4587500,NaN,NaN,NaN,NaN,NaN,NaN,NaN
1569373200,0.29,0.29,0.28,0.28,2724400,NaN,NaN,NaN,NaN,NaN,NaN,NaN
1569459600,0.285,0.29,0.285,0.285,1612300,NaN,NaN,NaN,NaN,NaN,NaN,NaN
1569546000,0.29,0.29,0.28,0.285,947600,NaN,NaN,NaN,NaN,NaN,NaN,NaN
1569805200,0.28,0.285,0.28,0.285,974300,5641388335,556056000,72184000,6401000,83040000,483872000,0.877192982456141
1569891600,0.285,0.29,0.28,0.285,748800,NaN,NaN,NaN,NaN,NaN,NaN,NaN
1569978000,0.28,0.285,0.275,0.275,1764600,NaN,NaN,NaN,NaN,NaN,NaN,NaN
1570064400,0.275,0.28,0.275,0.28,493000,NaN,NaN,NaN,NaN,NaN,NaN,NaN
1570150800,0.28,0.285,0.275,0.285,1697900,NaN,NaN,NaN,NaN,NaN,NaN,NaN
1570410000,0.285,0.285,0.28,0.285,470600,NaN,NaN,NaN,NaN,NaN,NaN,NaN
1570496400,0.28,0.3,0.28,0.29,4152400,NaN,NaN,NaN,NaN,NaN,NaN,NaN
1570582800,0.285,0.29,0.285,0.29,1024700,NaN,NaN,NaN,NaN,NaN,NaN,NaN
1570669200,0.29,0.29,0.285,0.29,559500,NaN,NaN,NaN,NaN,NaN,NaN,NaN
1570755600,0.29,0.29,0.28,0.28,693500,NaN,NaN,NaN,NaN,NaN,NaN,NaN
1571014800,0.285,0.29,0.28,0.285,1772100,NaN,NaN,NaN,NaN,NaN,NaN,NaN
1571101200,0.285,0.29,0.28,0.285,650500,NaN,NaN,NaN,NaN,NaN,NaN,NaN
1571187600,0.29,0.305,0.29,0.3,13787900,NaN,NaN,NaN,NaN,NaN,NaN,NaN
1571274000,0.3,0.3,0.29,0.29,4117000,NaN,NaN,NaN,NaN,NaN,NaN,NaN
1571360400,0.29,0.295,0.285,0.285,1815100,NaN,NaN,NaN,NaN,NaN,NaN,NaN
1571619600,0.285,0.3,0.285,0.29,5215500,NaN,NaN,NaN,NaN,NaN,NaN,NaN
1571706000,0.295,0.295,0.285,0.29,1758500,NaN,NaN,NaN,NaN,NaN,NaN,NaN
1571792400,0.29,0.29,0.28,0.285,3253800,NaN,NaN,NaN,NaN,NaN,NaN,NaN
1571878800,0.285,0.29,0.285,0.285,1033400,NaN,NaN,NaN,NaN,NaN,NaN,NaN
1571965200,0.29,0.29,0.285,0.285,936700,NaN,NaN,NaN,NaN,NaN,NaN,NaN
1572310800,0.285,0.29,0.28,0.285,1835800,NaN,NaN,NaN,NaN,NaN,NaN,NaN
1572397200,0.285,0.29,0.28,0.29,1654700,NaN,NaN,NaN,NaN,NaN,NaN,NaN
1572483600,0.285,0.29,0.285,0.285,415800,NaN,NaN,NaN,NaN,NaN,NaN,NaN
1572570000,0.29,0.295,0.285,0.285,2921900,NaN,NaN,NaN,NaN,NaN,NaN,NaN
1572829200,0.29,0.295,0.29,0.29,3123900,NaN,NaN,NaN,NaN,NaN,NaN,NaN
1572915600,0.29,0.295,0.285,0.29,1537200,NaN,NaN,NaN,NaN,NaN,NaN,NaN
1573002000,0.29,0.29,0.285,0.285,850200,NaN,NaN,NaN,NaN,NaN,NaN,NaN
1573088400,0.29,0.29,0.285,0.285,4250700,NaN,NaN,NaN,NaN,NaN,NaN,NaN
1573174800,0.285,0.29,0.285,0.285,925700,NaN,NaN,NaN,NaN,NaN,NaN,NaN
1573434000,0.29,0.29,0.285,0.285,762900,NaN,NaN,NaN,NaN,NaN,NaN,NaN
1573520400,0.285,0.29,0.285,0.285,1507700,NaN,NaN,NaN,NaN,NaN,NaN,NaN
1573606800,0.285,0.285,0.28,0.285,784400,NaN,NaN,NaN,NaN,NaN,NaN,NaN
1573693200,0.285,0.285,0.28,0.28,355700,NaN,NaN,NaN,NaN,NaN,NaN,NaN
1573779600,0.28,0.285,0.28,0.28,689600,NaN,NaN,NaN,NaN,NaN,NaN,NaN
1574038800,0.285,0.285,0.28,0.285,1091900,NaN,NaN,NaN,NaN,NaN,NaN,NaN
1574125200,0.28,0.28,0.275,0.28,1832500,NaN,NaN,NaN,NaN,NaN,NaN,NaN
1574211600,0.28,0.28,0.275,0.275,2138400,NaN,NaN,NaN,NaN,NaN,NaN,NaN
1574298000,0.275,0.28,0.275,0.275,1492100,NaN,NaN,NaN,NaN,NaN,NaN,NaN
1574384400,0.27,0.275,0.27,0.275,597500,NaN,NaN,NaN,NaN,NaN,NaN,NaN
1574643600,0.27,0.275,0.265,0.27,1916200,NaN,NaN,NaN,NaN,NaN,NaN,NaN
1574730000,0.27,0.275,0.265,0.265,1143300,NaN,NaN,NaN,NaN,NaN,NaN,NaN
1574816400,0.265,0.27,0.265,0.27,654100,NaN,NaN,NaN,NaN,NaN,NaN,NaN
1574902800,0.27,0.27,0.265,0.265,1502500,NaN,NaN,NaN,NaN,NaN,NaN,NaN
1574989200,0.265,0.265,0.26,0.265,852600,NaN,NaN,NaN,NaN,NaN,NaN,NaN
1575248400,0.265,0.265,0.26,0.265,415500,NaN,NaN,NaN,NaN,NaN,NaN,NaN
1575334800,0.26,0.265,0.255,0.26,2433100,NaN,NaN,NaN,NaN,NaN,NaN,NaN
1575421200,0.26,0.26,0.255,0.26,1592000,NaN,NaN,NaN,NaN,NaN,NaN,NaN
1575507600,0.26,0.265,0.26,0.265,2820000,NaN,NaN,NaN,NaN,NaN,NaN,NaN
1575594000,0.265,0.275,0.265,0.27,577300,NaN,NaN,NaN,NaN,NaN,NaN,NaN
1575853200,0.27,0.27,0.26,0.27,980200,NaN,NaN,NaN,NaN,NaN,NaN,NaN
1575939600,0.265,0.265,0.26,0.265,1365200,NaN,NaN,NaN,NaN,NaN,NaN,NaN
1576026000,0.265,0.265,0.26,0.26,1052800,NaN,NaN,NaN,NaN,NaN,NaN,NaN
1576112400,0.265,0.27,0.26,0.265,3373300,NaN,NaN,NaN,NaN,NaN,NaN,NaN
1576198800,0.27,0.275,0.265,0.265,1270500,NaN,NaN,NaN,NaN,NaN,NaN,NaN
1576458000,0.265,0.27,0.26,0.265,992100,NaN,NaN,NaN,NaN,NaN,NaN,NaN
1576544400,0.265,0.265,0.26,0.265,697500,NaN,NaN,NaN,NaN,NaN,NaN,NaN
1576630800,0.265,0.265,0.26,0.26,823700,NaN,NaN,NaN,NaN,NaN,NaN,NaN
1576717200,0.265,0.27,0.26,0.265,1116800,NaN,NaN,NaN,NaN,NaN,NaN,NaN
1576803600,0.265,0.265,0.26,0.26,893200,NaN,NaN,NaN,NaN,NaN,NaN,NaN
1577062800,0.265,0.265,0.26,0.26,1058300,NaN,NaN,NaN,NaN,NaN,NaN,NaN
1577149200,0.26,0.265,0.26,0.265,407500,NaN,NaN,NaN,NaN,NaN,NaN,NaN
1577322000,0.265,0.265,0.26,0.26,557700,NaN,NaN,NaN,NaN,NaN,NaN,NaN
1577408400,0.265,0.265,0.26,0.265,948100,NaN,NaN,NaN,NaN,NaN,NaN,NaN
1577667600,0.27,0.27,0.26,0.265,678300,NaN,NaN,NaN,NaN,NaN,NaN,NaN
1577754000,0.27,0.27,0.265,0.27,662100,5641388335,562162000,72414000,4793000,87392000,489748000,0.925925925925926
1577926800,0.265,0.27,0.265,0.265,549900,NaN,NaN,NaN,NaN,NaN,NaN,NaN
1578013200,0.265,0.27,0.265,0.265,783600,NaN,NaN,NaN,NaN,NaN,NaN,NaN
1578272400,0.265,0.27,0.26,0.26,822200,NaN,NaN,NaN,NaN,NaN,NaN,NaN
1578358800,0.265,0.27,0.265,0.265,434200,NaN,NaN,NaN,NaN,NaN,NaN,NaN
1578445200,0.265,0.265,0.26,0.26,936300,NaN,NaN,NaN,NaN,NaN,NaN,NaN
1578531600,0.26,0.27,0.26,0.27,1457900,NaN,NaN,NaN,NaN,NaN,NaN,NaN
1578618000,0.27,0.27,0.265,0.265,557100,NaN,NaN,NaN,NaN,NaN,NaN,NaN
1578877200,0.265,0.295,0.265,0.285,20407300,NaN,NaN,NaN,NaN,NaN,NaN,NaN
1578963600,0.29,0.29,0.275,0.275,4448900,NaN,NaN,NaN,NaN,NaN,NaN,NaN
1579050000,0.28,0.28,0.275,0.28,1695100,NaN,NaN,NaN,NaN,NaN,NaN,NaN
1579136400,0.28,0.28,0.27,0.28,2601100,NaN,NaN,NaN,NaN,NaN,NaN,NaN
1579222800,0.28,0.285,0.27,0.28,2552100,NaN,NaN,NaN,NaN,NaN,NaN,NaN
1579482000,0.28,0.29,0.28,0.285,3181000,NaN,NaN,NaN,NaN,NaN,NaN,NaN
1579568400,0.285,0.29,0.275,0.28,2159300,NaN,NaN,NaN,NaN,NaN,NaN,NaN
1579654800,0.28,0.28,0.275,0.275,1332200,NaN,NaN,NaN,NaN,NaN,NaN,NaN
1579741200,0.27,0.275,0.255,0.26,5496600,NaN,NaN,NaN,NaN,NaN,NaN,NaN
1579827600,0.265,0.27,0.26,0.27,1103200,NaN,NaN,NaN,NaN,NaN,NaN,NaN
1580173200,0.265,0.265,0.26,0.265,2355500,NaN,NaN,NaN,NaN,NaN,NaN,NaN
1580259600,0.265,0.27,0.26,0.265,1243700,NaN,NaN,NaN,NaN,NaN,NaN,NaN
1580346000,0.265,0.265,0.26,0.265,745100,NaN,NaN,NaN,NaN,NaN,NaN,NaN
1580432400,0.26,0.26,0.255,0.255,3427700,NaN,NaN,NaN,NaN,NaN,NaN,NaN
1580691600,0.255,0.255,0.24,0.245,3078400,NaN,NaN,NaN,NaN,NaN,NaN,NaN
1580778000,0.25,0.255,0.245,0.25,3252600,NaN,NaN,NaN,NaN,NaN,NaN,NaN
1580864400,0.25,0.255,0.245,0.25,1646900,NaN,NaN,NaN,NaN,NaN,NaN,NaN
1580950800,0.255,0.26,0.25,0.26,3180000,NaN,NaN,NaN,NaN,NaN,NaN,NaN
1581037200,0.265,0.27,0.25,0.255,4463500,NaN,NaN,NaN,NaN,NaN,NaN,NaN
1581296400,0.255,0.255,0.25,0.255,853100,NaN,NaN,NaN,NaN,NaN,NaN,NaN
1581382800,0.25,0.255,0.25,0.255,735700,NaN,NaN,NaN,NaN,NaN,NaN,NaN
1581469200,0.255,0.255,0.25,0.25,967600,NaN,NaN,NaN,NaN,NaN,NaN,NaN
1581555600,0.255,0.255,0.25,0.25,779800,NaN,NaN,NaN,NaN,NaN,NaN,NaN
1581642000,0.25,0.255,0.25,0.255,663500,NaN,NaN,NaN,NaN,NaN,NaN,NaN
1581901200,0.255,0.255,0.25,0.25,3270800,NaN,NaN,NaN,NaN,NaN,NaN,NaN
1581987600,0.245,0.25,0.24,0.245,4975600,NaN,NaN,NaN,NaN,NaN,NaN,NaN
1582074000,0.245,0.245,0.235,0.24,4266700,NaN,NaN,NaN,NaN,NaN,NaN,NaN
1582160400,0.245,0.245,0.24,0.24,1202000,NaN,NaN,NaN,NaN,NaN,NaN,NaN
1582246800,0.24,0.245,0.235,0.24,2054400,NaN,NaN,NaN,NaN,NaN,NaN,NaN
1582506000,0.235,0.235,0.22,0.23,4165900,NaN,NaN,NaN,NaN,NaN,NaN,NaN
1582592400,0.225,0.23,0.22,0.225,1685900,NaN,NaN,NaN,NaN,NaN,NaN,NaN
1582678800,0.225,0.23,0.22,0.23,1037100,NaN,NaN,NaN,NaN,NaN,NaN,NaN
1582765200,0.225,0.23,0.22,0.225,1096300,NaN,NaN,NaN,NaN,NaN,NaN,NaN
1582851600,0.225,0.225,0.2,0.21,3831500,NaN,NaN,NaN,NaN,NaN,NaN,NaN
1583110800,0.205,0.205,0.195,0.2,2973600,NaN,NaN,NaN,NaN,NaN,NaN,NaN
1583197200,0.205,0.21,0.2,0.205,1145500,NaN,NaN,NaN,NaN,NaN,NaN,NaN
1583283600,0.205,0.205,0.2,0.2,1326200,NaN,NaN,NaN,NaN,NaN,NaN,NaN
1583370000,0.205,0.21,0.205,0.205,661800,NaN,NaN,NaN,NaN,NaN,NaN,NaN
1583456400,0.2,0.205,0.2,0.205,643600,NaN,NaN,NaN,NaN,NaN,NaN,NaN
1583715600,0.2,0.2,0.18,0.18,2505400,NaN,NaN,NaN,NaN,NaN,NaN,NaN
1583802000,0.175,0.19,0.175,0.185,2255900,NaN,NaN,NaN,NaN,NaN,NaN,NaN
1583888400,0.185,0.2,0.185,0.19,1445800,NaN,NaN,NaN,NaN,NaN,NaN,NaN
1583974800,0.185,0.185,0.175,0.18,1543300,NaN,NaN,NaN,NaN,NaN,NaN,NaN
1584061200,0.175,0.18,0.15,0.16,9700000,NaN,NaN,NaN,NaN,NaN,NaN,NaN
1584320400,0.16,0.16,0.14,0.14,3889800,NaN,NaN,NaN,NaN,NaN,NaN,NaN
1584406800,0.125,0.135,0.115,0.13,2925700,NaN,NaN,NaN,NaN,NaN,NaN,NaN
1584493200,0.135,0.14,0.125,0.125,2290800,NaN,NaN,NaN,NaN,NaN,NaN,NaN
1584579600,0.125,0.125,0.115,0.125,2970100,NaN,NaN,NaN,NaN,NaN,NaN,NaN
1584666000,0.125,0.145,0.125,0.14,5125400,NaN,NaN,NaN,NaN,NaN,NaN,NaN
1584925200,0.135,0.135,0.125,0.13,1589200,NaN,NaN,NaN,NaN,NaN,NaN,NaN
1585011600,0.13,0.14,0.13,0.135,1887300,NaN,NaN,NaN,NaN,NaN,NaN,NaN
1585098000,0.14,0.155,0.14,0.145,6879600,NaN,NaN,NaN,NaN,NaN,NaN,NaN
1585184400,0.145,0.155,0.14,0.145,2714600,NaN,NaN,NaN,NaN,NaN,NaN,NaN
1585270800,0.155,0.155,0.15,0.15,4195800,NaN,NaN,NaN,NaN,NaN,NaN,NaN
1585530000,0.15,0.155,0.145,0.155,2273500,NaN,NaN,NaN,NaN,NaN,NaN,NaN
1585616400,0.155,0.16,0.15,0.155,5072400,5637214535,640949000,152979000,2326000,88244000,474816000,1.61290322580645
1585702800,0.155,0.165,0.15,0.16,4595000,NaN,NaN,NaN,NaN,NaN,NaN,NaN
1585789200,0.155,0.165,0.155,0.165,2712000,NaN,NaN,NaN,NaN,NaN,NaN,NaN
1585875600,0.165,0.175,0.165,0.17,2897100,NaN,NaN,NaN,NaN,NaN,NaN,NaN
1586134800,0.17,0.2,0.17,0.195,5653600,NaN,NaN,NaN,NaN,NaN,NaN,NaN
1586221200,0.205,0.235,0.205,0.225,10105900,NaN,NaN,NaN,NaN,NaN,NaN,NaN
1586307600,0.23,0.23,0.21,0.22,6274500,NaN,NaN,NaN,NaN,NaN,NaN,NaN
1586394000,0.225,0.225,0.21,0.21,3183800,NaN,NaN,NaN,NaN,NaN,NaN,NaN
1586480400,0.215,0.215,0.2,0.205,4839400,NaN,NaN,NaN,NaN,NaN,NaN,NaN
1586739600,0.205,0.21,0.195,0.195,2390500,NaN,NaN,NaN,NaN,NaN,NaN,NaN
1586826000,0.195,0.205,0.195,0.2,3804200,NaN,NaN,NaN,NaN,NaN,NaN,NaN
1586912400,0.205,0.21,0.2,0.205,6442600,NaN,NaN,NaN,NaN,NaN,NaN,NaN
1586998800,0.205,0.21,0.205,0.21,3077200,NaN,NaN,NaN,NaN,NaN,NaN,NaN
1587085200,0.215,0.225,0.21,0.22,7619600,NaN,NaN,NaN,NaN,NaN,NaN,NaN
1587344400,0.22,0.24,0.22,0.225,14927800,NaN,NaN,NaN,NaN,NaN,NaN,NaN
1587430800,0.225,0.23,0.21,0.215,9125500,NaN,NaN,NaN,NaN,NaN,NaN,NaN
1587517200,0.205,0.225,0.2,0.225,6652500,NaN,NaN,NaN,NaN,NaN,NaN,NaN
1587603600,0.225,0.23,0.22,0.22,4516100,NaN,NaN,NaN,NaN,NaN,NaN,NaN
1587690000,0.22,0.225,0.215,0.215,2844700,NaN,NaN,NaN,NaN,NaN,NaN,NaN
1587949200,0.22,0.225,0.215,0.22,3927500,NaN,NaN,NaN,NaN,NaN,NaN,NaN
1588035600,0.225,0.23,0.215,0.22,3123000,NaN,NaN,NaN,NaN,NaN,NaN,NaN
1588122000,0.225,0.23,0.22,0.23,5318800,NaN,NaN,NaN,NaN,NaN,NaN,NaN
1588208400,0.235,0.235,0.225,0.225,4835000,NaN,NaN,NaN,NaN,NaN,NaN,NaN
1588554000,0.225,0.225,0.215,0.22,4075500,NaN,NaN,NaN,NaN,NaN,NaN,NaN
1588640400,0.22,0.25,0.22,0.24,28537800,NaN,NaN,NaN,NaN,NaN,NaN,NaN
1588726800,0.245,0.255,0.24,0.245,18744200,NaN,NaN,NaN,NaN,NaN,NaN,NaN
1588899600,0.25,0.265,0.245,0.265,18453600,NaN,NaN,NaN,NaN,NaN,NaN,NaN
1589245200,0.275,0.31,0.275,0.305,35496500,NaN,NaN,NaN,NaN,NaN,NaN,NaN
1589331600,0.31,0.36,0.3,0.32,48875100,NaN,NaN,NaN,NaN,NaN,NaN,NaN
1589418000,0.335,0.34,0.31,0.33,19372900,NaN,NaN,NaN,NaN,NaN,NaN,NaN
1589504400,0.335,0.345,0.325,0.33,18058600,NaN,NaN,NaN,NaN,NaN,NaN,NaN
1589763600,0.33,0.34,0.325,0.33,7838900,NaN,NaN,NaN,NaN,NaN,NaN,NaN
1589850000,0.33,0.335,0.3,0.32,13835900,NaN,NaN,NaN,NaN,NaN,NaN,NaN
1589936400,0.325,0.33,0.315,0.325,9446800,NaN,NaN,NaN,NaN,NaN,NaN,NaN
1590022800,0.325,0.325,0.315,0.32,7000100,NaN,NaN,NaN,NaN,NaN,NaN,NaN
1590109200,0.32,0.39,0.32,0.37,120518100,NaN,NaN,NaN,NaN,NaN,NaN,NaN
1590541200,0.385,0.445,0.385,0.445,190747400,NaN,NaN,NaN,NaN,NaN,NaN,NaN
1590627600,0.39,0.41,0.365,0.375,130423200,NaN,NaN,NaN,NaN,NaN,NaN,NaN
1590714000,0.38,0.39,0.355,0.38,59343500,NaN,NaN,NaN,NaN,NaN,NaN,NaN
1590973200,0.4,0.405,0.38,0.38,35400400,NaN,NaN,NaN,NaN,NaN,NaN,NaN
1591059600,0.385,0.39,0.365,0.37,19390100,NaN,NaN,NaN,NaN,NaN,NaN,NaN
1591146000,0.375,0.385,0.37,0.38,21749300,NaN,NaN,NaN,NaN,NaN,NaN,NaN
1591232400,0.385,0.42,0.38,0.405,86211200,NaN,NaN,NaN,NaN,NaN,NaN,NaN
1591318800,0.41,0.41,0.39,0.395,31968600,NaN,NaN,NaN,NaN,NaN,NaN,NaN
1591664400,0.405,0.425,0.38,0.385,63403800,NaN,NaN,NaN,NaN,NaN,NaN,NaN
1591750800,0.39,0.4,0.385,0.395,27253300,NaN,NaN,NaN,NaN,NaN,NaN,NaN
1591837200,0.395,0.395,0.37,0.375,19655400,NaN,NaN,NaN,NaN,NaN,NaN,NaN
1591923600,0.35,0.37,0.33,0.365,24395200,NaN,NaN,NaN,NaN,NaN,NaN,NaN
1592182800,0.365,0.365,0.33,0.335,23070300,NaN,NaN,NaN,NaN,NaN,NaN,NaN
1592269200,0.345,0.365,0.345,0.36,10004700,NaN,NaN,NaN,NaN,NaN,NaN,NaN
1592355600,0.36,0.365,0.345,0.355,8448600,NaN,NaN,NaN,NaN,NaN,NaN,NaN
1592442000,0.355,0.36,0.345,0.345,10539700,NaN,NaN,NaN,NaN,NaN,NaN,NaN
1592528400,0.35,0.36,0.345,0.355,10979300,NaN,NaN,NaN,NaN,NaN,NaN,NaN
1592787600,0.355,0.385,0.35,0.385,27680000,NaN,NaN,NaN,NaN,NaN,NaN,NaN
1592874000,0.39,0.39,0.365,0.38,13614000,NaN,NaN,NaN,NaN,NaN,NaN,NaN
1592960400,0.38,0.385,0.375,0.375,14342500,NaN,NaN,NaN,NaN,NaN,NaN,NaN
1593046800,0.37,0.37,0.355,0.365,10236100,NaN,NaN,NaN,NaN,NaN,NaN,NaN
1593133200,0.365,0.375,0.36,0.36,5390100,NaN,NaN,NaN,NaN,NaN,NaN,NaN
1593392400,0.355,0.355,0.345,0.35,8485800,NaN,NaN,NaN,NaN,NaN,NaN,NaN
1593478800,0.355,0.36,0.355,0.355,5166000,5637214535,656056346,159629516,10791000,104544000,483180383,0.563380281690141
1593565200,0.36,0.375,0.355,0.365,7031900,NaN,NaN,NaN,NaN,NaN,NaN,NaN
1593651600,0.365,0.37,0.355,0.36,7726100,NaN,NaN,NaN,NaN,NaN,NaN,NaN
1593738000,0.36,0.365,0.355,0.36,6751500,NaN,NaN,NaN,NaN,NaN,NaN,NaN
1593997200,0.36,0.37,0.36,0.36,6944200,NaN,NaN,NaN,NaN,NaN,NaN,NaN
1594083600,0.365,0.365,0.35,0.35,4369400,NaN,NaN,NaN,NaN,NaN,NaN,NaN
1594170000,0.35,0.38,0.35,0.38,17577700,NaN,NaN,NaN,NaN,NaN,NaN,NaN
1594256400,0.38,0.385,0.37,0.37,11075300,NaN,NaN,NaN,NaN,NaN,NaN,NaN
1594342800,0.37,0.375,0.36,0.365,4062100,NaN,NaN,NaN,NaN,NaN,NaN,NaN
1594602000,0.365,0.375,0.355,0.355,4577700,NaN,NaN,NaN,NaN,NaN,NaN,NaN
1594688400,0.36,0.365,0.355,0.355,4661600,NaN,NaN,NaN,NaN,NaN,NaN,NaN
1594774800,0.355,0.36,0.35,0.355,6354900,NaN,NaN,NaN,NaN,NaN,NaN,NaN
1594861200,0.355,0.355,0.345,0.35,5033400,NaN,NaN,NaN,NaN,NaN,NaN,NaN
1594947600,0.35,0.355,0.345,0.355,3146500,NaN,NaN,NaN,NaN,NaN,NaN,NaN
1595206800,0.355,0.355,0.345,0.35,5982900,NaN,NaN,NaN,NaN,NaN,NaN,NaN
1595293200,0.35,0.35,0.345,0.35,3538900,NaN,NaN,NaN,NaN,NaN,NaN,NaN
1595379600,0.35,0.35,0.34,0.345,9088600,NaN,NaN,NaN,NaN,NaN,NaN,NaN
1595466000,0.345,0.345,0.33,0.34,7395400,NaN,NaN,NaN,NaN,NaN,NaN,NaN
1595552400,0.34,0.34,0.33,0.34,2983200,NaN,NaN,NaN,NaN,NaN,NaN,NaN
1595811600,0.34,0.355,0.33,0.34,12630200,NaN,NaN,NaN,NaN,NaN,NaN,NaN
1595898000,0.34,0.35,0.335,0.335,3604300,NaN,NaN,NaN,NaN,NaN,NaN,NaN
1595984400,0.335,0.38,0.335,0.37,23433200,NaN,NaN,NaN,NaN,NaN,NaN,NaN
1596070800,0.375,0.38,0.355,0.36,11656300,NaN,NaN,NaN,NaN,NaN,NaN,NaN
1596416400,0.36,0.365,0.34,0.34,7544300,NaN,NaN,NaN,NaN,NaN,NaN,NaN
1596502800,0.34,0.345,0.335,0.34,5049400,NaN,NaN,NaN,NaN,NaN,NaN,NaN
1596589200,0.34,0.375,0.34,0.365,14906100,NaN,NaN,NaN,NaN,NaN,NaN,NaN
1596675600,0.375,0.38,0.365,0.37,8919300,NaN,NaN,NaN,NaN,NaN,NaN,NaN
1596762000,0.375,0.41,0.36,0.365,50627800,NaN,NaN,NaN,NaN,NaN,NaN,NaN
1597021200,0.375,0.38,0.36,0.36,9460200,NaN,NaN,NaN,NaN,NaN,NaN,NaN
1597107600,0.365,0.37,0.355,0.36,5661200,NaN,NaN,NaN,NaN,NaN,NaN,NaN
1597194000,0.36,0.36,0.34,0.355,10869000,NaN,NaN,NaN,NaN,NaN,NaN,NaN
1597280400,0.36,0.36,0.35,0.355,3905400,NaN,NaN,NaN,NaN,NaN,NaN,NaN
1597366800,0.355,0.355,0.345,0.345,5911100,NaN,NaN,NaN,NaN,NaN,NaN,NaN
1597626000,0.35,0.365,0.345,0.355,7191400,NaN,NaN,NaN,NaN,NaN,NaN,NaN
1597712400,0.36,0.375,0.355,0.375,5981300,NaN,NaN,NaN,NaN,NaN,NaN,NaN
1597798800,0.375,0.375,0.36,0.37,4733300,NaN,NaN,NaN,NaN,NaN,NaN,NaN
1597971600,0.375,0.4,0.37,0.395,47276600,NaN,NaN,NaN,NaN,NaN,NaN,NaN
1598230800,0.405,0.425,0.405,0.405,50414100,NaN,NaN,NaN,NaN,NaN,NaN,NaN
1598317200,0.41,0.41,0.385,0.39,14210000,NaN,NaN,NaN,NaN,NaN,NaN,NaN
1598403600,0.39,0.39,0.365,0.375,13413700,NaN,NaN,NaN,NaN,NaN,NaN,NaN
1598490000,0.375,0.375,0.36,0.365,8567300,NaN,NaN,NaN,NaN,NaN,NaN,NaN
1598576400,0.36,0.38,0.36,0.365,8781800,NaN,NaN,NaN,NaN,NaN,NaN,NaN
1598922000,0.365,0.37,0.36,0.37,6251700,NaN,NaN,NaN,NaN,NaN,NaN,NaN
1599008400,0.37,0.37,0.36,0.37,3819100,NaN,NaN,NaN,NaN,NaN,NaN,NaN
1599094800,0.37,0.37,0.355,0.355,5581500,NaN,NaN,NaN,NaN,NaN,NaN,NaN
1599181200,0.355,0.36,0.35,0.36,4883100,NaN,NaN,NaN,NaN,NaN,NaN,NaN
1599440400,0.355,0.36,0.35,0.35,3070700,NaN,NaN,NaN,NaN,NaN,NaN,NaN
1599526800,0.355,0.355,0.345,0.345,3671500,NaN,NaN,NaN,NaN,NaN,NaN,NaN
1599613200,0.345,0.345,0.34,0.34,4253000,NaN,NaN,NaN,NaN,NaN,NaN,NaN
1599699600,0.345,0.345,0.33,0.33,6910100,NaN,NaN,NaN,NaN,NaN,NaN,NaN
1599786000,0.325,0.34,0.32,0.34,3179300,NaN,NaN,NaN,NaN,NaN,NaN,NaN
1600045200,0.345,0.36,0.34,0.355,5728500,NaN,NaN,NaN,NaN,NaN,NaN,NaN
1600131600,0.355,0.36,0.345,0.355,3540000,NaN,NaN,NaN,NaN,NaN,NaN,NaN
1600304400,0.355,0.355,0.345,0.345,2560200,NaN,NaN,NaN,NaN,NaN,NaN,NaN
1600390800,0.345,0.365,0.34,0.36,5770700,NaN,NaN,NaN,NaN,NaN,NaN,NaN
1600650000,0.355,0.36,0.345,0.345,2958100,NaN,NaN,NaN,NaN,NaN,NaN,NaN
1600736400,0.345,0.35,0.34,0.35,1816200,NaN,NaN,NaN,NaN,NaN,NaN,NaN
1600822800,0.35,0.35,0.34,0.35,2218100,NaN,NaN,NaN,NaN,NaN,NaN,NaN
1600909200,0.345,0.35,0.34,0.345,1440300,NaN,NaN,NaN,NaN,NaN,NaN,NaN
1600995600,0.345,0.345,0.34,0.34,684000,NaN,NaN,NaN,NaN,NaN,NaN,NaN
1601254800,0.34,0.345,0.335,0.335,1073700,NaN,NaN,NaN,NaN,NaN,NaN,NaN
1601341200,0.335,0.34,0.335,0.335,1030500,NaN,NaN,NaN,NaN,NaN,NaN,NaN
1601427600,0.335,0.34,0.33,0.33,1591900,NaN,NaN,NaN,NaN,NaN,NaN,NaN
1601514000,0.335,0.345,0.33,0.345,1458100,NaN,NaN,NaN,NaN,NaN,NaN,NaN
1601600400,0.35,0.35,0.345,0.35,3760100,NaN,NaN,NaN,NaN,NaN,NaN,NaN
1601859600,0.35,0.35,0.345,0.35,1405300,NaN,NaN,NaN,NaN,NaN,NaN,NaN
1601946000,0.35,0.365,0.345,0.345,10238600,NaN,NaN,NaN,NaN,NaN,NaN,NaN
1602032400,0.345,0.35,0.34,0.34,981500,NaN,NaN,NaN,NaN,NaN,NaN,NaN
1602118800,0.345,0.35,0.34,0.34,1707000,NaN,NaN,NaN,NaN,NaN,NaN,NaN
1602205200,0.345,0.35,0.34,0.34,1463400,NaN,NaN,NaN,NaN,NaN,NaN,NaN
1602464400,0.345,0.35,0.34,0.34,2711600,NaN,NaN,NaN,NaN,NaN,NaN,NaN
1602550800,0.345,0.355,0.34,0.35,5005100,NaN,NaN,NaN,NaN,NaN,NaN,NaN
1602637200,0.35,0.35,0.345,0.345,1074600,NaN,NaN,NaN,NaN,NaN,NaN,NaN
1602723600,0.35,0.35,0.34,0.34,1162700,NaN,NaN,NaN,NaN,NaN,NaN,NaN
1602810000,0.34,0.36,0.34,0.36,8202300,NaN,NaN,NaN,NaN,NaN,NaN,NaN
1603069200,0.365,0.365,0.35,0.355,4334200,NaN,NaN,NaN,NaN,NaN,NaN,NaN
1603155600,0.355,0.365,0.35,0.355,8278800,NaN,NaN,NaN,NaN,NaN,NaN,NaN
1603242000,0.36,0.4,0.355,0.375,100374200,NaN,NaN,NaN,NaN,NaN,NaN,NaN
1603328400,0.375,0.395,0.37,0.375,35347100,NaN,NaN,NaN,NaN,NaN,NaN,NaN
1603414800,0.375,0.38,0.35,0.355,10935800,NaN,NaN,NaN,NaN,NaN,NaN,NaN
1603674000,0.36,0.37,0.345,0.365,11229400,NaN,NaN,NaN,NaN,NaN,NaN,NaN
1603760400,0.36,0.37,0.355,0.355,6627800,NaN,NaN,NaN,NaN,NaN,NaN,NaN
1603846800,0.36,0.375,0.355,0.365,14458400,NaN,NaN,NaN,NaN,NaN,NaN,NaN
1604019600,0.37,0.395,0.365,0.375,55056300,NaN,NaN,NaN,NaN,NaN,NaN,NaN
1604278800,0.385,0.5,0.375,0.49,411368900,NaN,NaN,NaN,NaN,NaN,NaN,NaN
1604365200,0.49,0.545,0.39,0.395,617185400,NaN,NaN,NaN,NaN,NaN,NaN,NaN
1604451600,0.39,0.445,0.39,0.41,155107500,NaN,NaN,NaN,NaN,NaN,NaN,NaN
1604538000,0.42,0.43,0.405,0.415,49360800,NaN,NaN,NaN,NaN,NaN,NaN,NaN
1604624400,0.415,0.42,0.395,0.4,42000300,NaN,NaN,NaN,NaN,NaN,NaN,NaN
1604883600,0.41,0.455,0.405,0.45,188740700,NaN,NaN,NaN,NaN,NaN,NaN,NaN
1604970000,0.435,0.445,0.415,0.43,39036600,NaN,NaN,NaN,NaN,NaN,NaN,NaN
1605056400,0.45,0.475,0.445,0.445,123314900,NaN,NaN,NaN,NaN,NaN,NaN,NaN
1605142800,0.45,0.455,0.435,0.435,32014200,NaN,NaN,NaN,NaN,NaN,NaN,NaN
1605229200,0.44,0.445,0.425,0.445,23367800,NaN,NaN,NaN,NaN,NaN,NaN,NaN
1605488400,0.45,0.46,0.44,0.44,45160600,NaN,NaN,NaN,NaN,NaN,NaN,NaN
1605574800,0.44,0.475,0.435,0.455,116139200,NaN,NaN,NaN,NaN,NaN,NaN,NaN
1605661200,0.46,0.465,0.45,0.45,27507700,NaN,NaN,NaN,NaN,NaN,NaN,NaN
1605747600,0.455,0.475,0.45,0.46,40926400,NaN,NaN,NaN,NaN,NaN,NaN,NaN
1605834000,0.46,0.46,0.445,0.45,22512100,NaN,NaN,NaN,NaN,NaN,NaN,NaN
1606093200,0.455,0.47,0.45,0.45,36349700,NaN,NaN,NaN,NaN,NaN,NaN,NaN
1606179600,0.455,0.46,0.43,0.43,32712400,NaN,NaN,NaN,NaN,NaN,NaN,NaN
1606266000,0.43,0.445,0.43,0.435,14625600,NaN,NaN,NaN,NaN,NaN,NaN,NaN
1606352400,0.435,0.445,0.43,0.435,12221600,NaN,NaN,NaN,NaN,NaN,NaN,NaN
1606438800,0.435,0.435,0.42,0.425,26970500,NaN,NaN,NaN,NaN,NaN,NaN,NaN
1606698000,0.43,0.445,0.425,0.435,27310500,NaN,NaN,NaN,NaN,NaN,NaN,NaN
1606784400,0.43,0.44,0.42,0.42,36702100,NaN,NaN,NaN,NaN,NaN,NaN,NaN
1606870800,0.425,0.43,0.42,0.42,15670000,NaN,NaN,NaN,NaN,NaN,NaN,NaN
1606957200,0.42,0.435,0.415,0.425,30500400,NaN,NaN,NaN,NaN,NaN,NaN,NaN
1607043600,0.43,0.44,0.425,0.425,18996100,NaN,NaN,NaN,NaN,NaN,NaN,NaN
1607302800,0.43,0.435,0.42,0.425,17655400,NaN,NaN,NaN,NaN,NaN,NaN,NaN
1607389200,0.425,0.45,0.425,0.45,59270100,NaN,NaN,NaN,NaN,NaN,NaN,NaN
1607475600,0.455,0.465,0.44,0.44,73503400,NaN,NaN,NaN,NaN,NaN,NaN,NaN
1607562000,0.445,0.45,0.43,0.43,30124900,NaN,NaN,NaN,NaN,NaN,NaN,NaN
1607648400,0.44,0.445,0.425,0.425,13560100,NaN,NaN,NaN,NaN,NaN,NaN,NaN
1607907600,0.43,0.43,0.395,0.4,37442700,NaN,NaN,NaN,NaN,NaN,NaN,NaN
1607994000,0.4,0.415,0.4,0.41,9109500,NaN,NaN,NaN,NaN,NaN,NaN,NaN
1608080400,0.415,0.42,0.41,0.415,8992800,NaN,NaN,NaN,NaN,NaN,NaN,NaN
1608166800,0.415,0.415,0.4,0.405,12533400,NaN,NaN,NaN,NaN,NaN,NaN,NaN
1608253200,0.405,0.41,0.4,0.41,8004200,NaN,NaN,NaN,NaN,NaN,NaN,NaN
1608512400,0.41,0.415,0.4,0.4,10887100,NaN,NaN,NaN,NaN,NaN,NaN,NaN
1608598800,0.4,0.4,0.385,0.39,14585000,NaN,NaN,NaN,NaN,NaN,NaN,NaN
1608685200,0.39,0.41,0.39,0.405,15994700,NaN,NaN,NaN,NaN,NaN,NaN,NaN
1608771600,0.41,0.41,0.4,0.405,10720900,NaN,NaN,NaN,NaN,NaN,NaN,NaN
1609117200,0.415,0.42,0.405,0.415,13797900,NaN,NaN,NaN,NaN,NaN,NaN,NaN
1609203600,0.41,0.42,0.4,0.41,17706300,NaN,NaN,NaN,NaN,NaN,NaN,NaN
1609290000,0.41,0.42,0.405,0.405,10062700,NaN,NaN,NaN,NaN,NaN,NaN,NaN
1609376400,0.41,0.41,0.4,0.4,4877700,NaN,NaN,NaN,NaN,NaN,NaN,NaN
1609722000,0.405,0.405,0.39,0.395,6930900,NaN,NaN,NaN,NaN,NaN,NaN,NaN
1609808400,0.395,0.4,0.39,0.395,7266600,NaN,NaN,NaN,NaN,NaN,NaN,NaN
1609894800,0.395,0.4,0.385,0.39,5282900,NaN,NaN,NaN,NaN,NaN,NaN,NaN
1609981200,0.385,0.39,0.37,0.385,11594900,NaN,NaN,NaN,NaN,NaN,NaN,NaN
1610067600,0.385,0.385,0.36,0.365,9132700,NaN,NaN,NaN,NaN,NaN,NaN,NaN
1610326800,0.365,0.38,0.355,0.375,9460800,NaN,NaN,NaN,NaN,NaN,NaN,NaN
1610413200,0.385,0.41,0.38,0.4,52208900,NaN,NaN,NaN,NaN,NaN,NaN,NaN
1610499600,0.405,0.415,0.4,0.41,13914500,NaN,NaN,NaN,NaN,NaN,NaN,NaN
1610586000,0.41,0.42,0.395,0.4,22399000,NaN,NaN,NaN,NaN,NaN,NaN,NaN
1610672400,0.4,0.405,0.39,0.39,9207300,NaN,NaN,NaN,NaN,NaN,NaN,NaN
1610931600,0.39,0.395,0.385,0.385,5724300,NaN,NaN,NaN,NaN,NaN,NaN,NaN
1611018000,0.39,0.405,0.385,0.395,19139900,NaN,NaN,NaN,NaN,NaN,NaN,NaN
1611104400,0.395,0.41,0.395,0.395,23771800,NaN,NaN,NaN,NaN,NaN,NaN,NaN
1611190800,0.395,0.4,0.385,0.385,8576900,NaN,NaN,NaN,NaN,NaN,NaN,NaN
1611277200,0.39,0.39,0.38,0.38,4203300,NaN,NaN,NaN,NaN,NaN,NaN,NaN
1611536400,0.38,0.38,0.37,0.38,9601300,NaN,NaN,NaN,NaN,NaN,NaN,NaN
1611622800,0.38,0.385,0.375,0.385,5732800,NaN,NaN,NaN,NaN,NaN,NaN,NaN
1611709200,0.38,0.385,0.37,0.375,8665800,NaN,NaN,NaN,NaN,NaN,NaN,NaN
1611882000,0.375,0.375,0.365,0.365,4674700,NaN,NaN,NaN,NaN,NaN,NaN,NaN
1612227600,0.37,0.375,0.365,0.37,4964400,NaN,NaN,NaN,NaN,NaN,NaN,NaN
1612314000,0.375,0.375,0.365,0.37,2933800,NaN,NaN,NaN,NaN,NaN,NaN,NaN
1612400400,0.37,0.37,0.36,0.37,5920200,NaN,NaN,NaN,NaN,NaN,NaN,NaN
1612486800,0.37,0.375,0.365,0.37,6716800,NaN,NaN,NaN,NaN,NaN,NaN,NaN
1612746000,0.37,0.38,0.37,0.37,3479000,NaN,NaN,NaN,NaN,NaN,NaN,NaN
1612832400,0.375,0.38,0.37,0.375,7303700,NaN,NaN,NaN,NaN,NaN,NaN,NaN
1612918800,0.38,0.38,0.37,0.37,5106200,NaN,NaN,NaN,NaN,NaN,NaN,NaN
1613005200,0.37,0.375,0.365,0.375,3297900,NaN,NaN,NaN,NaN,NaN,NaN,NaN
1613350800,0.375,0.39,0.375,0.385,8518800,NaN,NaN,NaN,NaN,NaN,NaN,NaN
1613437200,0.38,0.39,0.375,0.38,6264000,NaN,NaN,NaN,NaN,NaN,NaN,NaN
1613523600,0.38,0.395,0.38,0.39,9777900,NaN,NaN,NaN,NaN,NaN,NaN,NaN
1613610000,0.395,0.395,0.385,0.385,5424300,NaN,NaN,NaN,NaN,NaN,NaN,NaN
1613696400,0.39,0.4,0.38,0.395,7734700,NaN,NaN,NaN,NaN,NaN,NaN,NaN
1613955600,0.395,0.4,0.385,0.385,6118800,NaN,NaN,NaN,NaN,NaN,NaN,NaN
1614042000,0.385,0.39,0.38,0.38,3317900,NaN,NaN,NaN,NaN,NaN,NaN,NaN
1614128400,0.385,0.385,0.37,0.37,9358700,NaN,NaN,NaN,NaN,NaN,NaN,NaN
1614214800,0.385,0.385,0.37,0.375,4759500,NaN,NaN,NaN,NaN,NaN,NaN,NaN
1614301200,0.375,0.38,0.37,0.375,4811400,NaN,NaN,NaN,NaN,NaN,NaN,NaN
1614560400,0.375,0.375,0.36,0.36,8502200,NaN,NaN,NaN,NaN,NaN,NaN,NaN
1614646800,0.365,0.375,0.36,0.36,14302200,NaN,NaN,NaN,NaN,NaN,NaN,NaN
1614733200,0.365,0.365,0.355,0.36,5718700,NaN,NaN,NaN,NaN,NaN,NaN,NaN
1614819600,0.36,0.365,0.35,0.355,11404500,NaN,NaN,NaN,NaN,NaN,NaN,NaN
1614906000,0.36,0.36,0.35,0.36,3399400,NaN,NaN,NaN,NaN,NaN,NaN,NaN
1615165200,0.36,0.37,0.355,0.355,15852600,NaN,NaN,NaN,NaN,NaN,NaN,NaN
1615251600,0.355,0.365,0.355,0.365,4177700,NaN,NaN,NaN,NaN,NaN,NaN,NaN
1615338000,0.365,0.37,0.36,0.365,3653900,NaN,NaN,NaN,NaN,NaN,NaN,NaN
1615424400,0.365,0.365,0.355,0.36,8333400,NaN,NaN,NaN,NaN,NaN,NaN,NaN
1615510800,0.36,0.37,0.36,0.365,7501200,NaN,NaN,NaN,NaN,NaN,NaN,NaN
1615770000,0.365,0.37,0.36,0.365,3392300,NaN,NaN,NaN,NaN,NaN,NaN,NaN
1615856400,0.365,0.37,0.36,0.36,2298000,NaN,NaN,NaN,NaN,NaN,NaN,NaN
1615942800,0.365,0.385,0.365,0.385,22832400,NaN,NaN,NaN,NaN,NaN,NaN,NaN
1616029200,0.39,0.395,0.375,0.375,16121900,NaN,NaN,NaN,NaN,NaN,NaN,NaN
1616115600,0.375,0.38,0.365,0.38,6021100,NaN,NaN,NaN,NaN,NaN,NaN,NaN
1616374800,0.38,0.385,0.37,0.375,4895700,NaN,NaN,NaN,NaN,NaN,NaN,NaN
1616461200,0.375,0.375,0.365,0.37,8642200,NaN,NaN,NaN,NaN,NaN,NaN,NaN
1616547600,0.365,0.37,0.36,0.36,6995200,NaN,NaN,NaN,NaN,NaN,NaN,NaN
1616634000,0.36,0.37,0.355,0.36,13068400,NaN,NaN,NaN,NaN,NaN,NaN,NaN
1616720400,0.365,0.37,0.355,0.365,8352400,NaN,NaN,NaN,NaN,NaN,NaN,NaN
1616979600,0.37,0.37,0.36,0.365,8913700,NaN,NaN,NaN,NaN,NaN,NaN,NaN
1617066000,0.365,0.365,0.355,0.365,7185800,NaN,NaN,NaN,NaN,NaN,NaN,NaN
1617152400,0.365,0.365,0.355,0.355,6557500,5613302435,638615000,143961000,7235862.06,111156460.17999999,481897000,0.563380281690141
1617238800,0.36,0.36,0.355,0.36,2067700,NaN,NaN,NaN,NaN,NaN,NaN,NaN
1617325200,0.36,0.37,0.36,0.365,4370400,NaN,NaN,NaN,NaN,NaN,NaN,NaN
1617584400,0.37,0.37,0.365,0.37,2972100,NaN,NaN,NaN,NaN,NaN,NaN,NaN
1617670800,0.37,0.375,0.365,0.365,4099500,NaN,NaN,NaN,NaN,NaN,NaN,NaN
1617757200,0.365,0.375,0.365,0.375,5006400,NaN,NaN,NaN,NaN,NaN,NaN,NaN
1617843600,0.375,0.38,0.37,0.375,3829800,NaN,NaN,NaN,NaN,NaN,NaN,NaN
1617930000,0.375,0.38,0.37,0.375,4787500,NaN,NaN,NaN,NaN,NaN,NaN,NaN
1618189200,0.38,0.39,0.37,0.385,13435400,NaN,NaN,NaN,NaN,NaN,NaN,NaN
1618275600,0.385,0.39,0.37,0.38,8991400,NaN,NaN,NaN,NaN,NaN,NaN,NaN
1618362000,0.38,0.385,0.375,0.375,5972500,NaN,NaN,NaN,NaN,NaN,NaN,NaN
1618448400,0.38,0.38,0.375,0.375,5060300,NaN,NaN,NaN,NaN,NaN,NaN,NaN
1618534800,0.375,0.38,0.375,0.375,2366400,NaN,NaN,NaN,NaN,NaN,NaN,NaN
1618794000,0.38,0.385,0.375,0.375,5622800,NaN,NaN,NaN,NaN,NaN,NaN,NaN
1618880400,0.38,0.42,0.375,0.39,85045400,NaN,NaN,NaN,NaN,NaN,NaN,NaN
1618966800,0.39,0.395,0.385,0.385,16079000,NaN,NaN,NaN,NaN,NaN,NaN,NaN
1619053200,0.39,0.39,0.375,0.38,11196400,NaN,NaN,NaN,NaN,NaN,NaN,NaN
1619139600,0.375,0.395,0.37,0.39,21023100,NaN,NaN,NaN,NaN,NaN,NaN,NaN
1619398800,0.395,0.4,0.385,0.39,8464500,NaN,NaN,NaN,NaN,NaN,NaN,NaN
1619485200,0.385,0.39,0.38,0.38,6274800,NaN,NaN,NaN,NaN,NaN,NaN,NaN
1619571600,0.38,0.385,0.38,0.38,5848700,NaN,NaN,NaN,NaN,NaN,NaN,NaN
1619744400,0.38,0.385,0.38,0.385,4902900,NaN,NaN,NaN,NaN,NaN,NaN,NaN
1620003600,0.38,0.4,0.38,0.395,20125100,NaN,NaN,NaN,NaN,NaN,NaN,NaN
1620090000,0.4,0.405,0.39,0.39,9237700,NaN,NaN,NaN,NaN,NaN,NaN,NaN
1620176400,0.39,0.395,0.38,0.38,8925600,NaN,NaN,NaN,NaN,NaN,NaN,NaN
1620262800,0.385,0.4,0.375,0.39,31128900,NaN,NaN,NaN,NaN,NaN,NaN,NaN
1620349200,0.39,0.39,0.38,0.385,5851900,NaN,NaN,NaN,NaN,NaN,NaN,NaN
1620608400,0.385,0.385,0.38,0.385,4043900,NaN,NaN,NaN,NaN,NaN,NaN,NaN
1620694800,0.38,0.385,0.365,0.365,14250100,NaN,NaN,NaN,NaN,NaN,NaN,NaN
1620781200,0.37,0.375,0.365,0.37,2914100,NaN,NaN,NaN,NaN,NaN,NaN,NaN
1621213200,0.37,0.37,0.36,0.36,6368600,NaN,NaN,NaN,NaN,NaN,NaN,NaN
1621299600,0.36,0.37,0.36,0.365,4102100,NaN,NaN,NaN,NaN,NaN,NaN,NaN
1621386000,0.365,0.37,0.36,0.36,2700000,NaN,NaN,NaN,NaN,NaN,NaN,NaN
1621472400,0.365,0.365,0.36,0.36,2980800,NaN,NaN,NaN,NaN,NaN,NaN,NaN
1621558800,0.36,0.36,0.35,0.355,8308400,NaN,NaN,NaN,NaN,NaN,NaN,NaN
1621818000,0.355,0.37,0.355,0.365,3184100,NaN,NaN,NaN,NaN,NaN,NaN,NaN
1621904400,0.365,0.37,0.365,0.37,1544400,NaN,NaN,NaN,NaN,NaN,NaN,NaN
1622077200,0.375,0.38,0.36,0.375,12576400,NaN,NaN,NaN,NaN,NaN,NaN,NaN
1622163600,0.37,0.375,0.365,0.37,2094000,NaN,NaN,NaN,NaN,NaN,NaN,NaN
1622422800,0.365,0.385,0.36,0.375,13090800,NaN,NaN,NaN,NaN,NaN,NaN,NaN
1622509200,0.38,0.385,0.37,0.37,7675200,NaN,NaN,NaN,NaN,NaN,NaN,NaN
1622595600,0.375,0.375,0.37,0.37,3489100,NaN,NaN,NaN,NaN,NaN,NaN,NaN
1622682000,0.37,0.375,0.37,0.37,1170000,NaN,NaN,NaN,NaN,NaN,NaN,NaN
1622768400,0.37,0.38,0.365,0.37,6437700,NaN,NaN,NaN,NaN,NaN,NaN,NaN
1623114000,0.375,0.38,0.37,0.37,4365100,NaN,NaN,NaN,NaN,NaN,NaN,NaN
1623200400,0.37,0.375,0.37,0.37,2237800,NaN,NaN,NaN,NaN,NaN,NaN,NaN
1623286800,0.37,0.375,0.37,0.375,1175500,NaN,NaN,NaN,NaN,NaN,NaN,NaN
1623373200,0.37,0.375,0.365,0.37,2839000,NaN,NaN,NaN,NaN,NaN,NaN,NaN
1623632400,0.37,0.38,0.37,0.375,6405800,NaN,NaN,NaN,NaN,NaN,NaN,NaN
1623718800,0.375,0.375,0.37,0.37,3603200,NaN,NaN,NaN,NaN,NaN,NaN,NaN
1623805200,0.37,0.375,0.365,0.37,2252600,NaN,NaN,NaN,NaN,NaN,NaN,NaN
1623891600,0.37,0.37,0.365,0.37,2960900,NaN,NaN,NaN,NaN,NaN,NaN,NaN
1623978000,0.37,0.37,0.365,0.365,596900,NaN,NaN,NaN,NaN,NaN,NaN,NaN
1624237200,0.365,0.37,0.36,0.365,3725000,NaN,NaN,NaN,NaN,NaN,NaN,NaN
1624323600,0.365,0.37,0.36,0.37,1186500,NaN,NaN,NaN,NaN,NaN,NaN,NaN
1624410000,0.37,0.37,0.36,0.36,870700,NaN,NaN,NaN,NaN,NaN,NaN,NaN
1624496400,0.36,0.37,0.36,0.36,2206100,NaN,NaN,NaN,NaN,NaN,NaN,NaN
1624582800,0.36,0.365,0.36,0.36,2113900,NaN,NaN,NaN,NaN,NaN,NaN,NaN
1624842000,0.36,0.365,0.355,0.355,8169200,NaN,NaN,NaN,NaN,NaN,NaN,NaN
1624928400,0.36,0.36,0.355,0.36,2609300,NaN,NaN,NaN,NaN,NaN,NaN,NaN
1625014800,0.36,0.36,0.35,0.35,2441500,5597313235,644978000,148930000,9688000,106668000,482653000,1.14285714285714
1625101200,0.35,0.355,0.35,0.355,1995900,NaN,NaN,NaN,NaN,NaN,NaN,NaN
1625187600,0.355,0.365,0.35,0.36,6268600,NaN,NaN,NaN,NaN,NaN,NaN,NaN
1625446800,0.36,0.36,0.35,0.355,2861600,NaN,NaN,NaN,NaN,NaN,NaN,NaN
1625533200,0.355,0.355,0.35,0.355,4416000,NaN,NaN,NaN,NaN,NaN,NaN,NaN
1625619600,0.35,0.355,0.35,0.355,3069900,NaN,NaN,NaN,NaN,NaN,NaN,NaN
1625706000,0.35,0.355,0.345,0.345,6240100,NaN,NaN,NaN,NaN,NaN,NaN,NaN
1625792400,0.345,0.35,0.345,0.345,2434200,NaN,NaN,NaN,NaN,NaN,NaN,NaN
1626051600,0.35,0.35,0.34,0.345,1171600,NaN,NaN,NaN,NaN,NaN,NaN,NaN
1626138000,0.345,0.345,0.33,0.33,4605400,NaN,NaN,NaN,NaN,NaN,NaN,NaN
1626224400,0.33,0.335,0.33,0.33,2670900,NaN,NaN,NaN,NaN,NaN,NaN,NaN
1626310800,0.33,0.345,0.33,0.34,2376900,NaN,NaN,NaN,NaN,NaN,NaN,NaN
1626397200,0.34,0.345,0.34,0.34,839800,NaN,NaN,NaN,NaN,NaN,NaN,NaN
1626656400,0.34,0.34,0.335,0.34,1258300,NaN,NaN,NaN,NaN,NaN,NaN,NaN
1626829200,0.34,0.34,0.33,0.335,1773700,NaN,NaN,NaN,NaN,NaN,NaN,NaN
1626915600,0.335,0.34,0.335,0.34,877000,NaN,NaN,NaN,NaN,NaN,NaN,NaN
1627002000,0.34,0.345,0.33,0.335,2480800,NaN,NaN,NaN,NaN,NaN,NaN,NaN
1627261200,0.335,0.335,0.33,0.33,942200,NaN,NaN,NaN,NaN,NaN,NaN,NaN
1627347600,0.335,0.335,0.33,0.33,944700,NaN,NaN,NaN,NaN,NaN,NaN,NaN
1627434000,0.33,0.335,0.33,0.33,2559300,NaN,NaN,NaN,NaN,NaN,NaN,NaN
1627520400,0.33,0.335,0.325,0.325,1713600,NaN,NaN,NaN,NaN,NaN,NaN,NaN
1627606800,0.325,0.33,0.325,0.325,1643800,NaN,NaN,NaN,NaN,NaN,NaN,NaN
1627866000,0.325,0.33,0.32,0.325,565200,NaN,NaN,NaN,NaN,NaN,NaN,NaN
1627952400,0.325,0.33,0.32,0.325,684200,NaN,NaN,NaN,NaN,NaN,NaN,NaN
1628038800,0.32,0.325,0.315,0.315,2112500,NaN,NaN,NaN,NaN,NaN,NaN,NaN
1628125200,0.315,0.315,0.3,0.305,3765800,NaN,NaN,NaN,NaN,NaN,NaN,NaN
1628211600,0.305,0.31,0.305,0.305,1262900,NaN,NaN,NaN,NaN,NaN,NaN,NaN
1628470800,0.31,0.315,0.305,0.315,1490400,NaN,NaN,NaN,NaN,NaN,NaN,NaN
1628643600,0.315,0.315,0.31,0.31,1418000,NaN,NaN,NaN,NaN,NaN,NaN,NaN
1628730000,0.31,0.31,0.305,0.305,1347800,NaN,NaN,NaN,NaN,NaN,NaN,NaN
1628816400,0.31,0.31,0.305,0.305,671200,NaN,NaN,NaN,NaN,NaN,NaN,NaN
1629075600,0.3,0.305,0.3,0.3,846300,NaN,NaN,NaN,NaN,NaN,NaN,NaN
1629162000,0.3,0.31,0.3,0.305,1004700,NaN,NaN,NaN,NaN,NaN,NaN,NaN
1629248400,0.305,0.31,0.305,0.31,592400,NaN,NaN,NaN,NaN,NaN,NaN,NaN
1629334800,0.31,0.31,0.305,0.305,1934500,NaN,NaN,NaN,NaN,NaN,NaN,NaN
1629421200,0.305,0.31,0.305,0.305,633200,NaN,NaN,NaN,NaN,NaN,NaN,NaN
1629680400,0.305,0.32,0.305,0.32,1847100,NaN,NaN,NaN,NaN,NaN,NaN,NaN
1629766800,0.32,0.32,0.315,0.32,1598300,NaN,NaN,NaN,NaN,NaN,NaN,NaN
1629853200,0.32,0.325,0.315,0.32,977700,NaN,NaN,NaN,NaN,NaN,NaN,NaN
1629939600,0.32,0.325,0.315,0.315,1601600,NaN,NaN,NaN,NaN,NaN,NaN,NaN
1630026000,0.32,0.325,0.315,0.325,1143100,NaN,NaN,NaN,NaN,NaN,NaN,NaN
1630285200,0.325,0.325,0.315,0.32,1455200,NaN,NaN,NaN,NaN,NaN,NaN,NaN
1630458000,0.32,0.32,0.315,0.315,864500,NaN,NaN,NaN,NaN,NaN,NaN,NaN
1630544400,0.315,0.32,0.315,0.315,800400,NaN,NaN,NaN,NaN,NaN,NaN,NaN
1630630800,0.315,0.32,0.315,0.315,1446300,NaN,NaN,NaN,NaN,NaN,NaN,NaN
1630890000,0.32,0.33,0.315,0.32,3259400,NaN,NaN,NaN,NaN,NaN,NaN,NaN
1630976400,0.325,0.33,0.315,0.315,6475600,NaN,NaN,NaN,NaN,NaN,NaN,NaN
1631062800,0.315,0.32,0.315,0.315,1762300,NaN,NaN,NaN,NaN,NaN,NaN,NaN
1631149200,0.315,0.315,0.31,0.31,602700,NaN,NaN,NaN,NaN,NaN,NaN,NaN
1631235600,0.315,0.315,0.31,0.315,597400,NaN,NaN,NaN,NaN,NaN,NaN,NaN
1631494800,0.31,0.315,0.31,0.31,1019500,NaN,NaN,NaN,NaN,NaN,NaN,NaN
1631581200,0.315,0.315,0.31,0.315,659400,NaN,NaN,NaN,NaN,NaN,NaN,NaN
1631667600,0.315,0.315,0.31,0.31,1160800,NaN,NaN,NaN,NaN,NaN,NaN,NaN
1631840400,0.31,0.315,0.305,0.31,1704100,NaN,NaN,NaN,NaN,NaN,NaN,NaN
1632099600,0.305,0.31,0.3,0.305,1675800,NaN,NaN,NaN,NaN,NaN,NaN,NaN
1632186000,0.305,0.305,0.295,0.3,2915600,NaN,NaN,NaN,NaN,NaN,NaN,NaN
1632272400,0.3,0.3,0.295,0.3,1335500,NaN,NaN,NaN,NaN,NaN,NaN,NaN
1632358800,0.3,0.3,0.295,0.3,2323000,NaN,NaN,NaN,NaN,NaN,NaN,NaN
1632445200,0.3,0.305,0.3,0.3,1038200,NaN,NaN,NaN,NaN,NaN,NaN,NaN
1632704400,0.305,0.31,0.3,0.31,1394700,NaN,NaN,NaN,NaN,NaN,NaN,NaN
1632790800,0.31,0.315,0.305,0.305,462600,NaN,NaN,NaN,NaN,NaN,NaN,NaN
1632877200,0.305,0.315,0.305,0.31,2322400,NaN,NaN,NaN,NaN,NaN,NaN,NaN
1632963600,0.315,0.32,0.31,0.315,3230500,5588652735,642935000,138795000,10216000,102859000,491030000,1.26984126984127
1633050000,0.31,0.31,0.3,0.3,2517900,NaN,NaN,NaN,NaN,NaN,NaN,NaN
1633309200,0.305,0.31,0.3,0.3,780100,NaN,NaN,NaN,NaN,NaN,NaN,NaN
1633395600,0.3,0.305,0.3,0.3,906000,NaN,NaN,NaN,NaN,NaN,NaN,NaN
1633482000,0.3,0.305,0.295,0.3,1645000,NaN,NaN,NaN,NaN,NaN,NaN,NaN
1633568400,0.3,0.305,0.295,0.3,835400,NaN,NaN,NaN,NaN,NaN,NaN,NaN
1633654800,0.3,0.32,0.3,0.315,7813100,NaN,NaN,NaN,NaN,NaN,NaN,NaN
1633914000,0.315,0.33,0.315,0.32,9152800,NaN,NaN,NaN,NaN,NaN,NaN,NaN
1634000400,0.325,0.325,0.32,0.32,5056500,NaN,NaN,NaN,NaN,NaN,NaN,NaN
1634086800,0.325,0.325,0.32,0.325,2733700,NaN,NaN,NaN,NaN,NaN,NaN,NaN
1634173200,0.33,0.335,0.32,0.32,7592200,NaN,NaN,NaN,NaN,NaN,NaN,NaN
1634259600,0.325,0.33,0.32,0.325,1877700,NaN,NaN,NaN,NaN,NaN,NaN,NaN
1634518800,0.325,0.325,0.315,0.325,2543800,NaN,NaN,NaN,NaN,NaN,NaN,NaN
1634691600,0.32,0.325,0.32,0.325,3839900,NaN,NaN,NaN,NaN,NaN,NaN,NaN
1634778000,0.325,0.325,0.32,0.32,2138900,NaN,NaN,NaN,NaN,NaN,NaN,NaN
1634864400,0.32,0.325,0.32,0.325,2377200,NaN,NaN,NaN,NaN,NaN,NaN,NaN
1635123600,0.325,0.325,0.32,0.32,1082000,NaN,NaN,NaN,NaN,NaN,NaN,NaN
1635210000,0.32,0.33,0.32,0.325,3465100,NaN,NaN,NaN,NaN,NaN,NaN,NaN
1635296400,0.325,0.33,0.32,0.32,2026900,NaN,NaN,NaN,NaN,NaN,NaN,NaN
1635382800,0.32,0.325,0.32,0.325,1211900,NaN,NaN,NaN,NaN,NaN,NaN,NaN
1635469200,0.32,0.325,0.32,0.32,2014600,NaN,NaN,NaN,NaN,NaN,NaN,NaN
1635728400,0.325,0.325,0.315,0.315,1392400,NaN,NaN,NaN,NaN,NaN,NaN,NaN
1635814800,0.32,0.325,0.315,0.32,2250900,NaN,NaN,NaN,NaN,NaN,NaN,NaN
1635901200,0.32,0.32,0.31,0.31,1965000,NaN,NaN,NaN,NaN,NaN,NaN,NaN
1636074000,0.315,0.315,0.31,0.31,911500,NaN,NaN,NaN,NaN,NaN,NaN,NaN
1636333200,0.31,0.315,0.31,0.31,1585900,NaN,NaN,NaN,NaN,NaN,NaN,NaN
1636419600,0.31,0.32,0.31,0.32,2430100,NaN,NaN,NaN,NaN,NaN,NaN,NaN
1636506000,0.315,0.315,0.31,0.31,763000,NaN,NaN,NaN,NaN,NaN,NaN,NaN
1636592400,0.315,0.315,0.31,0.31,616900,NaN,NaN,NaN,NaN,NaN,NaN,NaN
1636678800,0.31,0.31,0.305,0.31,1732400,NaN,NaN,NaN,NaN,NaN,NaN,NaN
1636938000,0.31,0.315,0.305,0.31,1288600,NaN,NaN,NaN,NaN,NaN,NaN,NaN
1637024400,0.31,0.31,0.305,0.31,1346200,NaN,NaN,NaN,NaN,NaN,NaN,NaN
1637110800,0.31,0.31,0.305,0.31,1718100,NaN,NaN,NaN,NaN,NaN,NaN,NaN
1637197200,0.31,0.315,0.305,0.315,2357600,NaN,NaN,NaN,NaN,NaN,NaN,NaN
1637283600,0.31,0.32,0.31,0.315,1059100,NaN,NaN,NaN,NaN,NaN,NaN,NaN
1637542800,0.315,0.315,0.305,0.305,961300,NaN,NaN,NaN,NaN,NaN,NaN,NaN
1637629200,0.305,0.31,0.305,0.305,659700,NaN,NaN,NaN,NaN,NaN,NaN,NaN
1637715600,0.305,0.31,0.3,0.3,1587300,NaN,NaN,NaN,NaN,NaN,NaN,NaN
1637802000,0.305,0.305,0.3,0.3,1388200,NaN,NaN,NaN,NaN,NaN,NaN,NaN
1637888400,0.305,0.305,0.3,0.3,2298500,NaN,NaN,NaN,NaN,NaN,NaN,NaN
1638147600,0.3,0.3,0.29,0.3,1352500,NaN,NaN,NaN,NaN,NaN,NaN,NaN
1638234000,0.295,0.3,0.295,0.295,1130700,NaN,NaN,NaN,NaN,NaN,NaN,NaN
1638320400,0.295,0.3,0.295,0.295,441200,NaN,NaN,NaN,NaN,NaN,NaN,NaN
1638406800,0.295,0.3,0.29,0.295,1165700,NaN,NaN,NaN,NaN,NaN,NaN,NaN
1638752400,0.295,0.295,0.29,0.295,552000,NaN,NaN,NaN,NaN,NaN,NaN,NaN
1638838800,0.295,0.295,0.29,0.295,545800,NaN,NaN,NaN,NaN,NaN,NaN,NaN
1638925200,0.295,0.3,0.29,0.295,524600,NaN,NaN,NaN,NaN,NaN,NaN,NaN
1639011600,0.295,0.295,0.29,0.29,273600,NaN,NaN,NaN,NaN,NaN,NaN,NaN
1639098000,0.29,0.29,0.285,0.285,738900,NaN,NaN,NaN,NaN,NaN,NaN,NaN
1639357200,0.285,0.29,0.28,0.285,530300,NaN,NaN,NaN,NaN,NaN,NaN,NaN
1639443600,0.285,0.29,0.28,0.28,563800,NaN,NaN,NaN,NaN,NaN,NaN,NaN
1639530000,0.28,0.285,0.275,0.275,628000,NaN,NaN,NaN,NaN,NaN,NaN,NaN
1639616400,0.275,0.28,0.275,0.275,528900,NaN,NaN,NaN,NaN,NaN,NaN,NaN
1639702800,0.275,0.28,0.275,0.28,406000,NaN,NaN,NaN,NaN,NaN,NaN,NaN
1639962000,0.28,0.285,0.28,0.28,338400,NaN,NaN,NaN,NaN,NaN,NaN,NaN
1640048400,0.28,0.28,0.275,0.275,213900,NaN,NaN,NaN,NaN,NaN,NaN,NaN
1640134800,0.28,0.285,0.28,0.28,287600,NaN,NaN,NaN,NaN,NaN,NaN,NaN
1640221200,0.28,0.285,0.28,0.28,167700,NaN,NaN,NaN,NaN,NaN,NaN,NaN
1640307600,0.28,0.285,0.28,0.285,173600,NaN,NaN,NaN,NaN,NaN,NaN,NaN
1640566800,0.285,0.285,0.28,0.285,130700,NaN,NaN,NaN,NaN,NaN,NaN,NaN
1640653200,0.28,0.285,0.28,0.285,588400,NaN,NaN,NaN,NaN,NaN,NaN,NaN
1640739600,0.285,0.285,0.28,0.28,109600,NaN,NaN,NaN,NaN,NaN,NaN,NaN
1640826000,0.28,0.285,0.28,0.285,447700,NaN,NaN,NaN,NaN,NaN,NaN,NaN
1640912400,0.285,0.29,0.285,0.285,433700,5581094535,637900000,141576000,10485000,103571000,481906000,0.701754385964912
1641171600,0.285,0.29,0.285,0.285,223900,NaN,NaN,NaN,NaN,NaN,NaN,NaN
1641258000,0.285,0.29,0.285,0.285,398600,NaN,NaN,NaN,NaN,NaN,NaN,NaN
1641344400,0.285,0.29,0.28,0.285,699800,NaN,NaN,NaN,NaN,NaN,NaN,NaN
1641430800,0.285,0.29,0.285,0.285,227600,NaN,NaN,NaN,NaN,NaN,NaN,NaN
1641517200,0.285,0.29,0.285,0.285,576300,NaN,NaN,NaN,NaN,NaN,NaN,NaN
1641776400,0.285,0.285,0.28,0.28,376400,NaN,NaN,NaN,NaN,NaN,NaN,NaN
1641862800,0.285,0.285,0.28,0.28,329900,NaN,NaN,NaN,NaN,NaN,NaN,NaN
1641949200,0.28,0.29,0.28,0.29,365400,NaN,NaN,NaN,NaN,NaN,NaN,NaN
1642035600,0.29,0.29,0.285,0.285,521200,NaN,NaN,NaN,NaN,NaN,NaN,NaN
1642122000,0.285,0.29,0.28,0.28,1053200,NaN,NaN,NaN,NaN,NaN,NaN,NaN
1642381200,0.28,0.285,0.28,0.28,647200,NaN,NaN,NaN,NaN,NaN,NaN,NaN
1642554000,0.28,0.285,0.28,0.28,417400,NaN,NaN,NaN,NaN,NaN,NaN,NaN
1642640400,0.28,0.285,0.28,0.285,314500,NaN,NaN,NaN,NaN,NaN,NaN,NaN
1642726800,0.28,0.285,0.28,0.28,228900,NaN,NaN,NaN,NaN,NaN,NaN,NaN
1642986000,0.28,0.285,0.28,0.28,190300,NaN,NaN,NaN,NaN,NaN,NaN,NaN
1643072400,0.28,0.285,0.275,0.28,453100,NaN,NaN,NaN,NaN,NaN,NaN,NaN
1643158800,0.28,0.28,0.27,0.27,641400,NaN,NaN,NaN,NaN,NaN,NaN,NaN
1643245200,0.27,0.275,0.27,0.275,649500,NaN,NaN,NaN,NaN,NaN,NaN,NaN
1643331600,0.275,0.28,0.27,0.27,150200,NaN,NaN,NaN,NaN,NaN,NaN,NaN
1643590800,0.27,0.275,0.27,0.27,301600,NaN,NaN,NaN,NaN,NaN,NaN,NaN
1643850000,0.27,0.275,0.27,0.27,368000,NaN,NaN,NaN,NaN,NaN,NaN,NaN
1643936400,0.27,0.275,0.27,0.275,395800,NaN,NaN,NaN,NaN,NaN,NaN,NaN
1644195600,0.27,0.275,0.27,0.275,308800,NaN,NaN,NaN,NaN,NaN,NaN,NaN
1644282000,0.275,0.275,0.27,0.275,405800,NaN,NaN,NaN,NaN,NaN,NaN,NaN
1644368400,0.27,0.275,0.27,0.27,349100,NaN,NaN,NaN,NaN,NaN,NaN,NaN
1644454800,0.27,0.285,0.27,0.285,2858100,NaN,NaN,NaN,NaN,NaN,NaN,NaN
1644541200,0.285,0.285,0.275,0.275,1049100,NaN,NaN,NaN,NaN,NaN,NaN,NaN
1644800400,0.275,0.28,0.27,0.27,629700,NaN,NaN,NaN,NaN,NaN,NaN,NaN
1644886800,0.27,0.28,0.27,0.27,1607200,NaN,NaN,NaN,NaN,NaN,NaN,NaN
1644973200,0.275,0.275,0.265,0.27,1950600,NaN,NaN,NaN,NaN,NaN,NaN,NaN
1645059600,0.27,0.275,0.265,0.275,1143200,NaN,NaN,NaN,NaN,NaN,NaN,NaN
1645146000,0.275,0.275,0.27,0.27,559100,NaN,NaN,NaN,NaN,NaN,NaN,NaN
1645405200,0.275,0.28,0.27,0.27,929700,NaN,NaN,NaN,NaN,NaN,NaN,NaN
1645491600,0.27,0.275,0.265,0.27,689400,NaN,NaN,NaN,NaN,NaN,NaN,NaN
1645578000,0.27,0.27,0.265,0.265,279800,NaN,NaN,NaN,NaN,NaN,NaN,NaN
1645664400,0.265,0.27,0.25,0.255,1712100,NaN,NaN,NaN,NaN,NaN,NaN,NaN
1645750800,0.255,0.26,0.25,0.255,511100,NaN,NaN,NaN,NaN,NaN,NaN,NaN
1646010000,0.255,0.265,0.25,0.25,876900,NaN,NaN,NaN,NaN,NaN,NaN,NaN
1646096400,0.25,0.26,0.25,0.25,599200,NaN,NaN,NaN,NaN,NaN,NaN,NaN
1646182800,0.255,0.255,0.235,0.245,2163500,NaN,NaN,NaN,NaN,NaN,NaN,NaN
1646269200,0.245,0.25,0.24,0.245,1269200,NaN,NaN,NaN,NaN,NaN,NaN,NaN
1646355600,0.245,0.245,0.235,0.235,2117000,NaN,NaN,NaN,NaN,NaN,NaN,NaN
1646614800,0.235,0.24,0.215,0.215,2746600,NaN,NaN,NaN,NaN,NaN,NaN,NaN
1646701200,0.215,0.215,0.205,0.215,1358000,NaN,NaN,NaN,NaN,NaN,NaN,NaN
1646787600,0.215,0.225,0.215,0.22,519400,NaN,NaN,NaN,NaN,NaN,NaN,NaN
1646874000,0.22,0.23,0.22,0.22,1434200,NaN,NaN,NaN,NaN,NaN,NaN,NaN
1646960400,0.23,0.23,0.22,0.22,281500,NaN,NaN,NaN,NaN,NaN,NaN,NaN
1647219600,0.225,0.225,0.22,0.225,188100,NaN,NaN,NaN,NaN,NaN,NaN,NaN
1647306000,0.225,0.23,0.22,0.225,569600,NaN,NaN,NaN,NaN,NaN,NaN,NaN
1647392400,0.22,0.23,0.22,0.225,432000,NaN,NaN,NaN,NaN,NaN,NaN,NaN
1647478800,0.225,0.23,0.225,0.23,268100,NaN,NaN,NaN,NaN,NaN,NaN,NaN
1647565200,0.23,0.23,0.225,0.23,271100,NaN,NaN,NaN,NaN,NaN,NaN,NaN
1647824400,0.23,0.23,0.225,0.225,262000,NaN,NaN,NaN,NaN,NaN,NaN,NaN
1647910800,0.225,0.235,0.225,0.23,2451900,NaN,NaN,NaN,NaN,NaN,NaN,NaN
1647997200,0.23,0.23,0.225,0.23,1381700,NaN,NaN,NaN,NaN,NaN,NaN,NaN
1648083600,0.23,0.23,0.225,0.225,2181800,NaN,NaN,NaN,NaN,NaN,NaN,NaN
1648170000,0.225,0.225,0.22,0.225,1715700,NaN,NaN,NaN,NaN,NaN,NaN,NaN
1648429200,0.225,0.225,0.22,0.22,2485700,NaN,NaN,NaN,NaN,NaN,NaN,NaN
1648515600,0.22,0.22,0.215,0.215,2380300,NaN,NaN,NaN,NaN,NaN,NaN,NaN
1648602000,0.215,0.22,0.21,0.22,721800,NaN,NaN,NaN,NaN,NaN,NaN,NaN
1648688400,0.22,0.22,0.215,0.22,1324900,5580094535,624152000,129316000,-2439000,91887000,480041000,0.909090909090909
1648774800,0.22,0.22,0.215,0.215,386900,NaN,NaN,NaN,NaN,NaN,NaN,NaN
1649034000,0.22,0.225,0.215,0.225,667800,NaN,NaN,NaN,NaN,NaN,NaN,NaN
1649120400,0.225,0.235,0.225,0.23,2660400,NaN,NaN,NaN,NaN,NaN,NaN,NaN
1649206800,0.23,0.23,0.225,0.225,989000,NaN,NaN,NaN,NaN,NaN,NaN,NaN
1649293200,0.225,0.23,0.225,0.225,1508200,NaN,NaN,NaN,NaN,NaN,NaN,NaN
1649379600,0.225,0.23,0.22,0.22,1143700,NaN,NaN,NaN,NaN,NaN,NaN,NaN
1649638800,0.225,0.225,0.22,0.225,386100,NaN,NaN,NaN,NaN,NaN,NaN,NaN
1649725200,0.22,0.22,0.22,0.22,764700,NaN,NaN,NaN,NaN,NaN,NaN,NaN
1649811600,0.22,0.225,0.22,0.225,142900,NaN,NaN,NaN,NaN,NaN,NaN,NaN
1649898000,0.22,0.22,0.22,0.22,343500,NaN,NaN,NaN,NaN,NaN,NaN,NaN
1649984400,0.22,0.225,0.22,0.225,673000,NaN,NaN,NaN,NaN,NaN,NaN,NaN
1650243600,0.22,0.23,0.22,0.225,1182400,NaN,NaN,NaN,NaN,NaN,NaN,NaN
1650416400,0.22,0.225,0.22,0.22,828200,NaN,NaN,NaN,NaN,NaN,NaN,NaN
1650502800,0.22,0.225,0.22,0.22,245500,NaN,NaN,NaN,NaN,NaN,NaN,NaN
1650589200,0.22,0.225,0.22,0.225,279700,NaN,NaN,NaN,NaN,NaN,NaN,NaN
1650848400,0.225,0.225,0.22,0.22,915100,NaN,NaN,NaN,NaN,NaN,NaN,NaN
1650934800,0.22,0.225,0.22,0.22,672300,NaN,NaN,NaN,NaN,NaN,NaN,NaN
1651021200,0.22,0.22,0.215,0.215,838700,NaN,NaN,NaN,NaN,NaN,NaN,NaN
1651107600,0.215,0.22,0.215,0.22,344700,NaN,NaN,NaN,NaN,NaN,NaN,NaN
1651194000,0.215,0.22,0.215,0.215,778000,NaN,NaN,NaN,NaN,NaN,NaN,NaN
1651712400,0.22,0.22,0.21,0.215,2858100,NaN,NaN,NaN,NaN,NaN,NaN,NaN
1651798800,0.215,0.215,0.21,0.21,3479100,NaN,NaN,NaN,NaN,NaN,NaN,NaN
1652058000,0.21,0.21,0.2,0.205,3565200,NaN,NaN,NaN,NaN,NaN,NaN,NaN
1652144400,0.2,0.205,0.195,0.195,1082400,NaN,NaN,NaN,NaN,NaN,NaN,NaN
1652230800,0.2,0.205,0.185,0.19,4853200,NaN,NaN,NaN,NaN,NaN,NaN,NaN
1652317200,0.19,0.195,0.185,0.195,2648000,NaN,NaN,NaN,NaN,NaN,NaN,NaN
1652403600,0.195,0.195,0.19,0.19,3191600,NaN,NaN,NaN,NaN,NaN,NaN,NaN
1652749200,0.19,0.19,0.185,0.19,970800,NaN,NaN,NaN,NaN,NaN,NaN,NaN
1652835600,0.19,0.19,0.185,0.19,418000,NaN,NaN,NaN,NaN,NaN,NaN,NaN
1652922000,0.185,0.19,0.185,0.185,898600,NaN,NaN,NaN,NaN,NaN,NaN,NaN
1653008400,0.185,0.19,0.185,0.19,1402000,NaN,NaN,NaN,NaN,NaN,NaN,NaN
1653267600,0.19,0.19,0.185,0.19,187800,NaN,NaN,NaN,NaN,NaN,NaN,NaN
1653354000,0.185,0.19,0.18,0.185,2079100,NaN,NaN,NaN,NaN,NaN,NaN,NaN
1653440400,0.185,0.185,0.18,0.18,1295300,NaN,NaN,NaN,NaN,NaN,NaN,NaN
1653526800,0.18,0.185,0.18,0.185,378000,NaN,NaN,NaN,NaN,NaN,NaN,NaN
1653613200,0.185,0.185,0.18,0.185,1326400,NaN,NaN,NaN,NaN,NaN,NaN,NaN
1653872400,0.185,0.185,0.185,0.185,806400,NaN,NaN,NaN,NaN,NaN,NaN,NaN
1653958800,0.185,0.185,0.185,0.185,677600,NaN,NaN,NaN,NaN,NaN,NaN,NaN
1654045200,0.185,0.19,0.18,0.18,1122600,NaN,NaN,NaN,NaN,NaN,NaN,NaN
1654131600,0.18,0.185,0.18,0.18,759500,NaN,NaN,NaN,NaN,NaN,NaN,NaN
1654218000,0.18,0.185,0.18,0.185,320400,NaN,NaN,NaN,NaN,NaN,NaN,NaN
1654563600,0.185,0.2,0.185,0.195,2086300,NaN,NaN,NaN,NaN,NaN,NaN,NaN
1654650000,0.195,0.2,0.19,0.2,1460500,NaN,NaN,NaN,NaN,NaN,NaN,NaN
1654736400,0.2,0.205,0.195,0.2,1164800,NaN,NaN,NaN,NaN,NaN,NaN,NaN
1654822800,0.2,0.2,0.19,0.19,547000,NaN,NaN,NaN,NaN,NaN,NaN,NaN
1655082000,0.19,0.19,0.18,0.18,825200,NaN,NaN,NaN,NaN,NaN,NaN,NaN
1655168400,0.18,0.185,0.18,0.185,697100,NaN,NaN,NaN,NaN,NaN,NaN,NaN
1655254800,0.18,0.18,0.175,0.18,453800,NaN,NaN,NaN,NaN,NaN,NaN,NaN
1655341200,0.18,0.185,0.18,0.18,207500,NaN,NaN,NaN,NaN,NaN,NaN,NaN
1655427600,0.18,0.18,0.175,0.175,1042700,NaN,NaN,NaN,NaN,NaN,NaN,NaN
1655686800,0.17,0.175,0.17,0.17,1244700,NaN,NaN,NaN,NaN,NaN,NaN,NaN
1655773200,0.17,0.175,0.165,0.175,941100,NaN,NaN,NaN,NaN,NaN,NaN,NaN
1655859600,0.175,0.175,0.165,0.175,587100,NaN,NaN,NaN,NaN,NaN,NaN,NaN
1655946000,0.17,0.175,0.165,0.175,226300,NaN,NaN,NaN,NaN,NaN,NaN,NaN
1656032400,0.175,0.175,0.175,0.175,62000,NaN,NaN,NaN,NaN,NaN,NaN,NaN
1656291600,0.175,0.175,0.17,0.175,97700,NaN,NaN,NaN,NaN,NaN,NaN,NaN
1656378000,0.17,0.175,0.17,0.17,53800,NaN,NaN,NaN,NaN,NaN,NaN,NaN
1656464400,0.175,0.175,0.17,0.175,286300,NaN,NaN,NaN,NaN,NaN,NaN,NaN
1656550800,0.175,0.175,0.17,0.17,353300,5580094535,628726000,132327000,-3954000,93533000,477318000,0
1656637200,0.17,0.175,0.17,0.175,90300,NaN,NaN,NaN,NaN,NaN,NaN,NaN
1656896400,0.175,0.175,0.17,0.17,303400,NaN,NaN,NaN,NaN,NaN,NaN,NaN
1656982800,0.17,0.175,0.165,0.165,99800,NaN,NaN,NaN,NaN,NaN,NaN,NaN
1657069200,0.165,0.17,0.165,0.17,783100,NaN,NaN,NaN,NaN,NaN,NaN,NaN
1657155600,0.17,0.175,0.17,0.175,125500,NaN,NaN,NaN,NaN,NaN,NaN,NaN
1657242000,0.17,0.17,0.165,0.17,170600,NaN,NaN,NaN,NaN,NaN,NaN,NaN
1657587600,0.17,0.175,0.165,0.175,198700,NaN,NaN,NaN,NaN,NaN,NaN,NaN
1657674000,0.175,0.175,0.17,0.17,172000,NaN,NaN,NaN,NaN,NaN,NaN,NaN
1657760400,0.17,0.175,0.17,0.17,188500,NaN,NaN,NaN,NaN,NaN,NaN,NaN
1657846800,0.17,0.175,0.17,0.17,473600,NaN,NaN,NaN,NaN,NaN,NaN,NaN
1658106000,0.17,0.175,0.17,0.175,616000,NaN,NaN,NaN,NaN,NaN,NaN,NaN
1658192400,0.17,0.18,0.17,0.17,510600,NaN,NaN,NaN,NaN,NaN,NaN,NaN
1658278800,0.17,0.175,0.17,0.175,381800,NaN,NaN,NaN,NaN,NaN,NaN,NaN
1658365200,0.175,0.18,0.175,0.18,312600,NaN,NaN,NaN,NaN,NaN,NaN,NaN
1658451600,0.18,0.185,0.175,0.175,1534900,NaN,NaN,NaN,NaN,NaN,NaN,NaN
1658710800,0.175,0.18,0.175,0.175,655300,NaN,NaN,NaN,NaN,NaN,NaN,NaN
1658797200,0.175,0.175,0.175,0.175,175200,NaN,NaN,NaN,NaN,NaN,NaN,NaN
1658883600,0.175,0.175,0.17,0.175,1256200,NaN,NaN,NaN,NaN,NaN,NaN,NaN
1658970000,0.175,0.175,0.17,0.175,319300,NaN,NaN,NaN,NaN,NaN,NaN,NaN
1659056400,0.175,0.175,0.17,0.17,624000,NaN,NaN,NaN,NaN,NaN,NaN,NaN
1659315600,0.17,0.175,0.17,0.175,184000,NaN,NaN,NaN,NaN,NaN,NaN,NaN
1659402000,0.175,0.175,0.165,0.17,2052200,NaN,NaN,NaN,NaN,NaN,NaN,NaN
1659488400,0.17,0.17,0.165,0.17,548300,NaN,NaN,NaN,NaN,NaN,NaN,NaN
1659574800,0.165,0.17,0.165,0.17,472100,NaN,NaN,NaN,NaN,NaN,NaN,NaN
1659661200,0.17,0.17,0.165,0.17,597300,NaN,NaN,NaN,NaN,NaN,NaN,NaN
1659920400,0.17,0.17,0.165,0.165,1347800,NaN,NaN,NaN,NaN,NaN,NaN,NaN
1660006800,0.17,0.17,0.165,0.165,907600,NaN,NaN,NaN,NaN,NaN,NaN,NaN
1660093200,0.17,0.17,0.16,0.165,3162700,NaN,NaN,NaN,NaN,NaN,NaN,NaN
1660179600,0.165,0.17,0.16,0.17,794300,NaN,NaN,NaN,NaN,NaN,NaN,NaN
1660266000,0.17,0.17,0.16,0.165,1297800,NaN,NaN,NaN,NaN,NaN,NaN,NaN
1660525200,0.165,0.17,0.165,0.165,383400,NaN,NaN,NaN,NaN,NaN,NaN,NaN
1660611600,0.165,0.17,0.16,0.165,226200,NaN,NaN,NaN,NaN,NaN,NaN,NaN
1660698000,0.165,0.165,0.165,0.165,213000,NaN,NaN,NaN,NaN,NaN,NaN,NaN
1660784400,0.16,0.16,0.16,0.16,26000,NaN,NaN,NaN,NaN,NaN,NaN,NaN
1660870800,0.165,0.165,0.16,0.165,416700,NaN,NaN,NaN,NaN,NaN,NaN,NaN
1661130000,0.16,0.165,0.16,0.16,2437200,NaN,NaN,NaN,NaN,NaN,NaN,NaN
1661216400,0.16,0.16,0.155,0.155,1001600,NaN,NaN,NaN,NaN,NaN,NaN,NaN
1661302800,0.155,0.16,0.155,0.155,583600,NaN,NaN,NaN,NaN,NaN,NaN,NaN
1661389200,0.155,0.16,0.145,0.15,2230900,NaN,NaN,NaN,NaN,NaN,NaN,NaN
1661475600,0.15,0.15,0.14,0.145,1818500,NaN,NaN,NaN,NaN,NaN,NaN,NaN
1661734800,0.14,0.145,0.135,0.14,1449400,NaN,NaN,NaN,NaN,NaN,NaN,NaN
1661821200,0.14,0.14,0.135,0.14,696100,NaN,NaN,NaN,NaN,NaN,NaN,NaN
1661994000,0.14,0.14,0.135,0.135,1803500,NaN,NaN,NaN,NaN,NaN,NaN,NaN
1662080400,0.135,0.135,0.13,0.135,921800,NaN,NaN,NaN,NaN,NaN,NaN,NaN
1662339600,0.135,0.135,0.125,0.125,2676200,NaN,NaN,NaN,NaN,NaN,NaN,NaN
1662426000,0.13,0.13,0.125,0.13,1502600,NaN,NaN,NaN,NaN,NaN,NaN,NaN
1662512400,0.13,0.13,0.125,0.13,516300,NaN,NaN,NaN,NaN,NaN,NaN,NaN
1662598800,0.125,0.13,0.125,0.13,701800,NaN,NaN,NaN,NaN,NaN,NaN,NaN
1662685200,0.13,0.13,0.125,0.125,1416500,NaN,NaN,NaN,NaN,NaN,NaN,NaN
1662944400,0.125,0.13,0.125,0.13,538300,NaN,NaN,NaN,NaN,NaN,NaN,NaN
1663030800,0.13,0.13,0.12,0.12,1674800,NaN,NaN,NaN,NaN,NaN,NaN,NaN
1663117200,0.12,0.125,0.12,0.12,303200,NaN,NaN,NaN,NaN,NaN,NaN,NaN
1663203600,0.125,0.125,0.12,0.12,648600,NaN,NaN,NaN,NaN,NaN,NaN,NaN
1663549200,0.12,0.125,0.12,0.12,1995400,NaN,NaN,NaN,NaN,NaN,NaN,NaN
1663635600,0.125,0.125,0.12,0.125,1266900,NaN,NaN,NaN,NaN,NaN,NaN,NaN
1663722000,0.125,0.125,0.115,0.125,471600,NaN,NaN,NaN,NaN,NaN,NaN,NaN
1663808400,0.12,0.125,0.12,0.125,79200,NaN,NaN,NaN,NaN,NaN,NaN,NaN
1663894800,0.125,0.125,0.12,0.125,248100,NaN,NaN,NaN,NaN,NaN,NaN,NaN
1664154000,0.12,0.125,0.12,0.125,187000,NaN,NaN,NaN,NaN,NaN,NaN,NaN
1664240400,0.12,0.12,0.12,0.12,541300,NaN,NaN,NaN,NaN,NaN,NaN,NaN
1664326800,0.12,0.12,0.115,0.115,671600,NaN,NaN,NaN,NaN,NaN,NaN,NaN
1664413200,0.115,0.12,0.11,0.12,921800,NaN,NaN,NaN,NaN,NaN,NaN,NaN
1664499600,0.115,0.12,0.11,0.115,987700,5580094535,655703000,158099000,-6912000,95275000,471744000,0
1664758800,0.115,0.12,0.11,0.12,369300,NaN,NaN,NaN,NaN,NaN,NaN,NaN
1664845200,0.115,0.115,0.11,0.11,526900,NaN,NaN,NaN,NaN,NaN,NaN,NaN
1664931600,0.11,0.12,0.11,0.115,1796100,NaN,NaN,NaN,NaN,NaN,NaN,NaN
1665018000,0.115,0.12,0.11,0.115,1782600,NaN,NaN,NaN,NaN,NaN,NaN,NaN
1665104400,0.115,0.12,0.11,0.11,1271400,NaN,NaN,NaN,NaN,NaN,NaN,NaN
1665450000,0.11,0.115,0.105,0.115,780600,NaN,NaN,NaN,NaN,NaN,NaN,NaN
1665536400,0.11,0.115,0.11,0.11,68000,NaN,NaN,NaN,NaN,NaN,NaN,NaN
1665622800,0.11,0.115,0.11,0.115,98400,NaN,NaN,NaN,NaN,NaN,NaN,NaN
1665709200,0.115,0.115,0.11,0.11,451100,NaN,NaN,NaN,NaN,NaN,NaN,NaN
1665968400,0.11,0.115,0.11,0.115,1122800,NaN,NaN,NaN,NaN,NaN,NaN,NaN
1666054800,0.11,0.115,0.11,0.115,203700,NaN,NaN,NaN,NaN,NaN,NaN,NaN
1666141200,0.115,0.115,0.11,0.115,167800,NaN,NaN,NaN,NaN,NaN,NaN,NaN
1666227600,0.115,0.115,0.11,0.115,5395200,NaN,NaN,NaN,NaN,NaN,NaN,NaN
1666314000,0.115,0.115,0.115,0.115,12733700,NaN,NaN,NaN,NaN,NaN,NaN,NaN
1666659600,0.115,0.12,0.115,0.115,9281900,NaN,NaN,NaN,NaN,NaN,NaN,NaN
1666746000,0.115,0.12,0.115,0.115,2167700,NaN,NaN,NaN,NaN,NaN,NaN,NaN
1666832400,0.115,0.115,0.11,0.11,3927900,NaN,NaN,NaN,NaN,NaN,NaN,NaN
1666918800,0.11,0.11,0.105,0.11,6188000,NaN,NaN,NaN,NaN,NaN,NaN,NaN
1667178000,0.11,0.12,0.11,0.115,3472500,NaN,NaN,NaN,NaN,NaN,NaN,NaN
1667264400,0.115,0.115,0.115,0.115,1219200,NaN,NaN,NaN,NaN,NaN,NaN,NaN
1667350800,0.115,0.115,0.11,0.11,1108400,NaN,NaN,NaN,NaN,NaN,NaN,NaN
1667437200,0.115,0.115,0.11,0.115,357400,NaN,NaN,NaN,NaN,NaN,NaN,NaN
1667523600,0.11,0.115,0.11,0.115,1223300,NaN,NaN,NaN,NaN,NaN,NaN,NaN
1667782800,0.11,0.115,0.11,0.11,467800,NaN,NaN,NaN,NaN,NaN,NaN,NaN
1667869200,0.115,0.125,0.115,0.125,8823900,NaN,NaN,NaN,NaN,NaN,NaN,NaN
1667955600,0.125,0.135,0.12,0.13,21628000,NaN,NaN,NaN,NaN,NaN,NaN,NaN
1668042000,0.125,0.13,0.125,0.125,3401300,NaN,NaN,NaN,NaN,NaN,NaN,NaN
1668128400,0.125,0.13,0.125,0.125,2171400,NaN,NaN,NaN,NaN,NaN,NaN,NaN
1668387600,0.125,0.13,0.12,0.12,6047000,NaN,NaN,NaN,NaN,NaN,NaN,NaN
1668474000,0.12,0.125,0.115,0.115,2244200,NaN,NaN,NaN,NaN,NaN,NaN,NaN
1668560400,0.115,0.125,0.115,0.12,2107200,NaN,NaN,NaN,NaN,NaN,NaN,NaN
1668646800,0.12,0.125,0.115,0.12,1585100,NaN,NaN,NaN,NaN,NaN,NaN,NaN
1668992400,0.115,0.13,0.115,0.13,1920600,NaN,NaN,NaN,NaN,NaN,NaN,NaN
1669078800,0.13,0.13,0.12,0.125,1744100,NaN,NaN,NaN,NaN,NaN,NaN,NaN
1669165200,0.12,0.12,0.115,0.12,1552600,NaN,NaN,NaN,NaN,NaN,NaN,NaN
1669251600,0.12,0.13,0.115,0.125,7044700,NaN,NaN,NaN,NaN,NaN,NaN,NaN
1669338000,0.13,0.135,0.125,0.13,8253000,NaN,NaN,NaN,NaN,NaN,NaN,NaN
1669683600,0.13,0.135,0.13,0.13,2654300,NaN,NaN,NaN,NaN,NaN,NaN,NaN
1669770000,0.13,0.14,0.13,0.14,8925600,NaN,NaN,NaN,NaN,NaN,NaN,NaN
1669856400,0.14,0.145,0.135,0.14,6207400,NaN,NaN,NaN,NaN,NaN,NaN,NaN
1669942800,0.14,0.145,0.135,0.145,2963600,NaN,NaN,NaN,NaN,NaN,NaN,NaN
1670202000,0.145,0.155,0.145,0.155,6090100,NaN,NaN,NaN,NaN,NaN,NaN,NaN
1670288400,0.15,0.155,0.14,0.15,3521300,NaN,NaN,NaN,NaN,NaN,NaN,NaN
1670374800,0.15,0.15,0.14,0.15,4074800,NaN,NaN,NaN,NaN,NaN,NaN,NaN
1670461200,0.15,0.155,0.14,0.145,5454800,NaN,NaN,NaN,NaN,NaN,NaN,NaN
1670547600,0.145,0.15,0.14,0.145,1009200,NaN,NaN,NaN,NaN,NaN,NaN,NaN
1670806800,0.145,0.15,0.14,0.145,3526600,NaN,NaN,NaN,NaN,NaN,NaN,NaN
1670893200,0.145,0.15,0.14,0.15,2666400,NaN,NaN,NaN,NaN,NaN,NaN,NaN
1670979600,0.15,0.15,0.14,0.14,751300,NaN,NaN,NaN,NaN,NaN,NaN,NaN
1671066000,0.145,0.15,0.14,0.15,5060300,NaN,NaN,NaN,NaN,NaN,NaN,NaN
1671152400,0.145,0.16,0.14,0.155,4016700,NaN,NaN,NaN,NaN,NaN,NaN,NaN
1671411600,0.155,0.16,0.155,0.16,3047800,NaN,NaN,NaN,NaN,NaN,NaN,NaN
1671498000,0.16,0.16,0.15,0.155,1257700,NaN,NaN,NaN,NaN,NaN,NaN,NaN
1671584400,0.15,0.155,0.145,0.15,1835600,NaN,NaN,NaN,NaN,NaN,NaN,NaN
1671670800,0.15,0.155,0.15,0.15,660900,NaN,NaN,NaN,NaN,NaN,NaN,NaN
1671757200,0.15,0.155,0.15,0.15,915100,NaN,NaN,NaN,NaN,NaN,NaN,NaN
1672102800,0.145,0.15,0.145,0.145,1760200,NaN,NaN,NaN,NaN,NaN,NaN,NaN
1672189200,0.145,0.145,0.14,0.145,950500,NaN,NaN,NaN,NaN,NaN,NaN,NaN
1672275600,0.14,0.145,0.14,0.14,415800,NaN,NaN,NaN,NaN,NaN,NaN,NaN
1672362000,0.145,0.155,0.145,0.15,3543100,5541410835,666254000,176045000,-3617000,102778000,463015000,1
1672707600,0.15,0.165,0.145,0.165,4310200,NaN,NaN,NaN,NaN,NaN,NaN,NaN
1672794000,0.16,0.165,0.155,0.16,3037000,NaN,NaN,NaN,NaN,NaN,NaN,NaN
1672880400,0.16,0.165,0.155,0.16,2228400,NaN,NaN,NaN,NaN,NaN,NaN,NaN
1672966800,0.16,0.18,0.16,0.18,6642600,NaN,NaN,NaN,NaN,NaN,NaN,NaN
1673226000,0.18,0.195,0.175,0.185,6699700,NaN,NaN,NaN,NaN,NaN,NaN,NaN
1673312400,0.185,0.19,0.175,0.18,1737300,NaN,NaN,NaN,NaN,NaN,NaN,NaN
1673398800,0.175,0.185,0.16,0.165,13441500,NaN,NaN,NaN,NaN,NaN,NaN,NaN
1673485200,0.165,0.17,0.16,0.16,2929400,NaN,NaN,NaN,NaN,NaN,NaN,NaN
1673571600,0.165,0.18,0.16,0.165,6444100,NaN,NaN,NaN,NaN,NaN,NaN,NaN
1673830800,0.165,0.17,0.16,0.165,2208100,NaN,NaN,NaN,NaN,NaN,NaN,NaN
1673917200,0.165,0.175,0.165,0.17,6670700,NaN,NaN,NaN,NaN,NaN,NaN,NaN
1674003600,0.17,0.175,0.17,0.17,2779500,NaN,NaN,NaN,NaN,NaN,NaN,NaN
1674090000,0.17,0.18,0.17,0.175,2757200,NaN,NaN,NaN,NaN,NaN,NaN,NaN
1674176400,0.175,0.18,0.17,0.18,1075600,NaN,NaN,NaN,NaN,NaN,NaN,NaN
1674608400,0.18,0.18,0.175,0.18,1662800,NaN,NaN,NaN,NaN,NaN,NaN,NaN
1674694800,0.18,0.185,0.175,0.185,3560500,NaN,NaN,NaN,NaN,NaN,NaN,NaN
1674781200,0.185,0.19,0.18,0.185,2121300,NaN,NaN,NaN,NaN,NaN,NaN,NaN
1675040400,0.185,0.195,0.185,0.195,3866900,NaN,NaN,NaN,NaN,NaN,NaN,NaN
1675126800,0.195,0.195,0.18,0.185,3290600,NaN,NaN,NaN,NaN,NaN,NaN,NaN
1675299600,0.185,0.185,0.18,0.185,1089700,NaN,NaN,NaN,NaN,NaN,NaN,NaN
1675386000,0.185,0.2,0.185,0.2,6313600,NaN,NaN,NaN,NaN,NaN,NaN,NaN
1675731600,0.2,0.205,0.195,0.195,4844700,NaN,NaN,NaN,NaN,NaN,NaN,NaN
1675818000,0.195,0.2,0.195,0.195,2366400,NaN,NaN,NaN,NaN,NaN,NaN,NaN
1675904400,0.195,0.195,0.185,0.19,994100,NaN,NaN,NaN,NaN,NaN,NaN,NaN
1675990800,0.19,0.195,0.185,0.19,1149000,NaN,NaN,NaN,NaN,NaN,NaN,NaN
1676250000,0.19,0.2,0.19,0.2,2835400,NaN,NaN,NaN,NaN,NaN,NaN,NaN
1676336400,0.2,0.205,0.2,0.2,3771500,NaN,NaN,NaN,NaN,NaN,NaN,NaN
1676422800,0.2,0.2,0.19,0.195,1545000,NaN,NaN,NaN,NaN,NaN,NaN,NaN
1676509200,0.195,0.2,0.19,0.2,1070000,NaN,NaN,NaN,NaN,NaN,NaN,NaN
1676595600,0.195,0.2,0.19,0.2,3507200,NaN,NaN,NaN,NaN,NaN,NaN,NaN
1676854800,0.2,0.205,0.195,0.205,3723200,NaN,NaN,NaN,NaN,NaN,NaN,NaN
1676941200,0.205,0.21,0.2,0.2,3474600,NaN,NaN,NaN,NaN,NaN,NaN,NaN
1677027600,0.2,0.205,0.2,0.2,2057400,NaN,NaN,NaN,NaN,NaN,NaN,NaN
1677114000,0.2,0.21,0.2,0.205,1689400,NaN,NaN,NaN,NaN,NaN,NaN,NaN
1677200400,0.205,0.21,0.2,0.21,3344900,NaN,NaN,NaN,NaN,NaN,NaN,NaN
1677459600,0.21,0.21,0.205,0.21,2653200,NaN,NaN,NaN,NaN,NaN,NaN,NaN
1677546000,0.205,0.205,0.2,0.205,3128200,NaN,NaN,NaN,NaN,NaN,NaN,NaN
1677632400,0.195,0.2,0.185,0.19,5040300,NaN,NaN,NaN,NaN,NaN,NaN,NaN
1677718800,0.19,0.195,0.18,0.185,2597300,NaN,NaN,NaN,NaN,NaN,NaN,NaN
1677805200,0.185,0.19,0.18,0.185,1215400,NaN,NaN,NaN,NaN,NaN,NaN,NaN
1678064400,0.185,0.195,0.185,0.19,643200,NaN,NaN,NaN,NaN,NaN,NaN,NaN
1678150800,0.19,0.2,0.185,0.19,1898000,NaN,NaN,NaN,NaN,NaN,NaN,NaN
1678237200,0.195,0.2,0.195,0.195,636800,NaN,NaN,NaN,NaN,NaN,NaN,NaN
1678323600,0.195,0.21,0.195,0.205,2715500,NaN,NaN,NaN,NaN,NaN,NaN,NaN
1678410000,0.205,0.205,0.2,0.2,823300,NaN,NaN,NaN,NaN,NaN,NaN,NaN
1678669200,0.195,0.195,0.19,0.19,635600,NaN,NaN,NaN,NaN,NaN,NaN,NaN
1678755600,0.19,0.195,0.18,0.185,2514200,NaN,NaN,NaN,NaN,NaN,NaN,NaN
1678842000,0.185,0.19,0.185,0.185,162100,NaN,NaN,NaN,NaN,NaN,NaN,NaN
1678928400,0.185,0.19,0.185,0.185,761900,NaN,NaN,NaN,NaN,NaN,NaN,NaN
1679014800,0.19,0.19,0.185,0.185,309700,NaN,NaN,NaN,NaN,NaN,NaN,NaN
1679274000,0.185,0.19,0.185,0.185,493300,NaN,NaN,NaN,NaN,NaN,NaN,NaN
1679360400,0.185,0.19,0.185,0.185,341900,NaN,NaN,NaN,NaN,NaN,NaN,NaN
1679446800,0.185,0.185,0.185,0.185,291400,NaN,NaN,NaN,NaN,NaN,NaN,NaN
1679533200,0.185,0.185,0.18,0.185,1131000,NaN,NaN,NaN,NaN,NaN,NaN,NaN
1679619600,0.19,0.195,0.185,0.195,755800,NaN,NaN,NaN,NaN,NaN,NaN,NaN
1679878800,0.19,0.2,0.19,0.19,685500,NaN,NaN,NaN,NaN,NaN,NaN,NaN
1679965200,0.19,0.19,0.19,0.19,880200,NaN,NaN,NaN,NaN,NaN,NaN,NaN
1680051600,0.19,0.195,0.19,0.19,466500,NaN,NaN,NaN,NaN,NaN,NaN,NaN
1680138000,0.19,0.2,0.19,0.195,1027100,NaN,NaN,NaN,NaN,NaN,NaN,NaN
1680224400,0.195,0.2,0.195,0.195,360300,5544727235,646887000,167110000,-5612000,98484000,452376000,0.769230769230769
1680483600,0.195,0.2,0.195,0.2,512900,NaN,NaN,NaN,NaN,NaN,NaN,NaN
1680570000,0.2,0.2,0.195,0.2,946800,NaN,NaN,NaN,NaN,NaN,NaN,NaN
1680656400,0.195,0.2,0.19,0.2,900600,NaN,NaN,NaN,NaN,NaN,NaN,NaN
1680742800,0.2,0.2,0.195,0.2,607100,NaN,NaN,NaN,NaN,NaN,NaN,NaN
1680829200,0.2,0.205,0.195,0.2,1708700,NaN,NaN,NaN,NaN,NaN,NaN,NaN
1681088400,0.2,0.205,0.2,0.205,468900,NaN,NaN,NaN,NaN,NaN,NaN,NaN
1681174800,0.205,0.21,0.2,0.21,1843600,NaN,NaN,NaN,NaN,NaN,NaN,NaN
1681261200,0.205,0.26,0.205,0.235,19583100,NaN,NaN,NaN,NaN,NaN,NaN,NaN
1681347600,0.235,0.235,0.22,0.22,4943800,NaN,NaN,NaN,NaN,NaN,NaN,NaN
1681434000,0.215,0.22,0.215,0.215,3286000,NaN,NaN,NaN,NaN,NaN,NaN,NaN
1681693200,0.215,0.215,0.205,0.21,5781500,NaN,NaN,NaN,NaN,NaN,NaN,NaN
1681779600,0.21,0.22,0.21,0.215,5137900,NaN,NaN,NaN,NaN,NaN,NaN,NaN
1681866000,0.22,0.23,0.215,0.225,14140900,NaN,NaN,NaN,NaN,NaN,NaN,NaN
1681952400,0.225,0.225,0.22,0.22,1445100,NaN,NaN,NaN,NaN,NaN,NaN,NaN
1682384400,0.225,0.225,0.2,0.2,7459500,NaN,NaN,NaN,NaN,NaN,NaN,NaN
1682470800,0.2,0.205,0.19,0.2,5553500,NaN,NaN,NaN,NaN,NaN,NaN,NaN
1682557200,0.2,0.21,0.195,0.205,3514100,NaN,NaN,NaN,NaN,NaN,NaN,NaN
1682643600,0.205,0.21,0.2,0.2,2434500,NaN,NaN,NaN,NaN,NaN,NaN,NaN
1682989200,0.2,0.205,0.195,0.2,1899600,NaN,NaN,NaN,NaN,NaN,NaN,NaN
1683075600,0.2,0.205,0.2,0.2,1593500,NaN,NaN,NaN,NaN,NaN,NaN,NaN
1683248400,0.2,0.2,0.195,0.2,727300,NaN,NaN,NaN,NaN,NaN,NaN,NaN
1683507600,0.2,0.205,0.195,0.2,936500,NaN,NaN,NaN,NaN,NaN,NaN,NaN
1683594000,0.195,0.2,0.195,0.2,1822000,NaN,NaN,NaN,NaN,NaN,NaN,NaN
1683680400,0.2,0.2,0.19,0.195,1571500,NaN,NaN,NaN,NaN,NaN,NaN,NaN
1683766800,0.195,0.2,0.19,0.195,545600,NaN,NaN,NaN,NaN,NaN,NaN,NaN
1683853200,0.195,0.195,0.19,0.19,1852600,NaN,NaN,NaN,NaN,NaN,NaN,NaN
1684112400,0.19,0.195,0.185,0.185,981900,NaN,NaN,NaN,NaN,NaN,NaN,NaN
1684198800,0.185,0.19,0.185,0.185,653200,NaN,NaN,NaN,NaN,NaN,NaN,NaN
1684285200,0.185,0.19,0.18,0.185,1379400,NaN,NaN,NaN,NaN,NaN,NaN,NaN
1684371600,0.19,0.195,0.185,0.185,1359100,NaN,NaN,NaN,NaN,NaN,NaN,NaN
1684458000,0.185,0.19,0.18,0.19,971400,NaN,NaN,NaN,NaN,NaN,NaN,NaN
1684717200,0.185,0.19,0.185,0.185,291000,NaN,NaN,NaN,NaN,NaN,NaN,NaN
1684803600,0.185,0.185,0.175,0.175,1674100,NaN,NaN,NaN,NaN,NaN,NaN,NaN
1684890000,0.175,0.175,0.16,0.17,2593200,NaN,NaN,NaN,NaN,NaN,NaN,NaN
1684976400,0.165,0.17,0.16,0.165,585700,NaN,NaN,NaN,NaN,NaN,NaN,NaN
1685062800,0.165,0.175,0.165,0.175,891300,NaN,NaN,NaN,NaN,NaN,NaN,NaN
1685322000,0.17,0.17,0.17,0.17,443600,NaN,NaN,NaN,NaN,NaN,NaN,NaN
1685408400,0.17,0.185,0.17,0.18,1570400,NaN,NaN,NaN,NaN,NaN,NaN,NaN
1685494800,0.18,0.185,0.18,0.18,387100,NaN,NaN,NaN,NaN,NaN,NaN,NaN
1685581200,0.18,0.18,0.17,0.17,325900,NaN,NaN,NaN,NaN,NaN,NaN,NaN
1685667600,0.175,0.18,0.17,0.175,225700,NaN,NaN,NaN,NaN,NaN,NaN,NaN
1686013200,0.175,0.18,0.175,0.175,132200,NaN,NaN,NaN,NaN,NaN,NaN,NaN
1686099600,0.175,0.18,0.175,0.175,339900,NaN,NaN,NaN,NaN,NaN,NaN,NaN
1686186000,0.175,0.18,0.17,0.18,614800,NaN,NaN,NaN,NaN,NaN,NaN,NaN
1686272400,0.18,0.18,0.18,0.18,76100,NaN,NaN,NaN,NaN,NaN,NaN,NaN
1686531600,0.175,0.2,0.175,0.185,1744500,NaN,NaN,NaN,NaN,NaN,NaN,NaN
1686618000,0.19,0.195,0.19,0.195,684900,NaN,NaN,NaN,NaN,NaN,NaN,NaN
1686704400,0.195,0.195,0.19,0.19,548400,NaN,NaN,NaN,NaN,NaN,NaN,NaN
1686790800,0.19,0.19,0.185,0.185,126700,NaN,NaN,NaN,NaN,NaN,NaN,NaN
1686877200,0.185,0.19,0.185,0.19,287600,NaN,NaN,NaN,NaN,NaN,NaN,NaN
1687136400,0.19,0.195,0.185,0.19,188200,NaN,NaN,NaN,NaN,NaN,NaN,NaN
1687222800,0.19,0.19,0.18,0.185,697300,NaN,NaN,NaN,NaN,NaN,NaN,NaN
1687309200,0.185,0.185,0.175,0.175,387300,NaN,NaN,NaN,NaN,NaN,NaN,NaN
1687395600,0.175,0.185,0.175,0.185,659500,NaN,NaN,NaN,NaN,NaN,NaN,NaN
1687482000,0.18,0.185,0.18,0.185,924100,NaN,NaN,NaN,NaN,NaN,NaN,NaN
1687741200,0.18,0.18,0.17,0.175,1077300,NaN,NaN,NaN,NaN,NaN,NaN,NaN
1687827600,0.175,0.175,0.175,0.175,104300,NaN,NaN,NaN,NaN,NaN,NaN,NaN
1687914000,0.175,0.175,0.175,0.175,303000,NaN,NaN,NaN,NaN,NaN,NaN,NaN
1688086800,0.175,0.18,0.17,0.18,986900,5541410835,646531000,176556000,-9517000,95075000,442496000,0.833333333333333
1688346000,0.175,0.185,0.175,0.175,661400,NaN,NaN,NaN,NaN,NaN,NaN,NaN
1688432400,0.175,0.18,0.17,0.18,994400,NaN,NaN,NaN,NaN,NaN,NaN,NaN
1688518800,0.18,0.18,0.18,0.18,141900,NaN,NaN,NaN,NaN,NaN,NaN,NaN
1688605200,0.18,0.18,0.18,0.18,379100,NaN,NaN,NaN,NaN,NaN,NaN,NaN
1688691600,0.175,0.18,0.175,0.18,248000,NaN,NaN,NaN,NaN,NaN,NaN,NaN
1688950800,0.175,0.175,0.17,0.17,430700,NaN,NaN,NaN,NaN,NaN,NaN,NaN
1689037200,0.175,0.175,0.165,0.17,1544100,NaN,NaN,NaN,NaN,NaN,NaN,NaN
1689123600,0.17,0.175,0.165,0.175,493800,NaN,NaN,NaN,NaN,NaN,NaN,NaN
1689210000,0.175,0.175,0.165,0.17,721100,NaN,NaN,NaN,NaN,NaN,NaN,NaN
1689296400,0.17,0.185,0.17,0.185,2993400,NaN,NaN,NaN,NaN,NaN,NaN,NaN
1689555600,0.18,0.18,0.175,0.175,293000,NaN,NaN,NaN,NaN,NaN,NaN,NaN
1689642000,0.175,0.18,0.175,0.175,275000,NaN,NaN,NaN,NaN,NaN,NaN,NaN
1689814800,0.175,0.185,0.175,0.185,2052000,NaN,NaN,NaN,NaN,NaN,NaN,NaN
1689901200,0.185,0.19,0.185,0.19,1153300,NaN,NaN,NaN,NaN,NaN,NaN,NaN
1690160400,0.19,0.19,0.185,0.19,304500,NaN,NaN,NaN,NaN,NaN,NaN,NaN
1690246800,0.185,0.195,0.185,0.19,1092900,NaN,NaN,NaN,NaN,NaN,NaN,NaN
1690333200,0.19,0.19,0.185,0.19,44800,NaN,NaN,NaN,NaN,NaN,NaN,NaN
1690419600,0.19,0.205,0.185,0.195,2412600,NaN,NaN,NaN,NaN,NaN,NaN,NaN
1690506000,0.195,0.21,0.195,0.2,3515600,NaN,NaN,NaN,NaN,NaN,NaN,NaN
1690765200,0.2,0.215,0.2,0.21,4932900,NaN,NaN,NaN,NaN,NaN,NaN,NaN
1690851600,0.21,0.22,0.205,0.21,3714900,NaN,NaN,NaN,NaN,NaN,NaN,NaN
1690938000,0.21,0.21,0.19,0.19,2120300,NaN,NaN,NaN,NaN,NaN,NaN,NaN
1691024400,0.19,0.195,0.185,0.19,960800,NaN,NaN,NaN,NaN,NaN,NaN,NaN
1691110800,0.195,0.2,0.19,0.19,366400,NaN,NaN,NaN,NaN,NaN,NaN,NaN
1691370000,0.19,0.195,0.19,0.19,223700,NaN,NaN,NaN,NaN,NaN,NaN,NaN
1691456400,0.19,0.19,0.185,0.185,315000,NaN,NaN,NaN,NaN,NaN,NaN,NaN
1691542800,0.185,0.195,0.185,0.19,393400,NaN,NaN,NaN,NaN,NaN,NaN,NaN
1691629200,0.195,0.195,0.19,0.19,117000,NaN,NaN,NaN,NaN,NaN,NaN,NaN
1691715600,0.19,0.19,0.185,0.19,535400,NaN,NaN,NaN,NaN,NaN,NaN,NaN
1691974800,0.195,0.195,0.19,0.19,43800,NaN,NaN,NaN,NaN,NaN,NaN,NaN
1692061200,0.19,0.2,0.19,0.2,341000,NaN,NaN,NaN,NaN,NaN,NaN,NaN
1692147600,0.2,0.2,0.19,0.195,964500,NaN,NaN,NaN,NaN,NaN,NaN,NaN
1692234000,0.19,0.19,0.18,0.185,2643200,NaN,NaN,NaN,NaN,NaN,NaN,NaN
1692320400,0.185,0.185,0.18,0.18,149200,NaN,NaN,NaN,NaN,NaN,NaN,NaN
1692579600,0.18,0.185,0.18,0.18,335300,NaN,NaN,NaN,NaN,NaN,NaN,NaN
1692666000,0.185,0.185,0.185,0.185,282900,NaN,NaN,NaN,NaN,NaN,NaN,NaN
1692752400,0.18,0.18,0.18,0.18,186000,NaN,NaN,NaN,NaN,NaN,NaN,NaN
1692838800,0.18,0.18,0.18,0.18,1072100,NaN,NaN,NaN,NaN,NaN,NaN,NaN
1692925200,0.18,0.18,0.175,0.18,910300,NaN,NaN,NaN,NaN,NaN,NaN,NaN
1693184400,0.18,0.18,0.175,0.175,701100,NaN,NaN,NaN,NaN,NaN,NaN,NaN
1693270800,0.175,0.175,0.17,0.175,1284500,NaN,NaN,NaN,NaN,NaN,NaN,NaN
1693357200,0.175,0.175,0.175,0.175,167400,NaN,NaN,NaN,NaN,NaN,NaN,NaN
1693530000,0.18,0.185,0.175,0.185,595600,NaN,NaN,NaN,NaN,NaN,NaN,NaN
1693789200,0.18,0.18,0.18,0.18,109200,NaN,NaN,NaN,NaN,NaN,NaN,NaN
1693875600,0.18,0.185,0.18,0.185,540600,NaN,NaN,NaN,NaN,NaN,NaN,NaN
1693962000,0.185,0.185,0.18,0.185,675300,NaN,NaN,NaN,NaN,NaN,NaN,NaN
1694048400,0.185,0.185,0.175,0.175,685800,NaN,NaN,NaN,NaN,NaN,NaN,NaN
1694134800,0.175,0.18,0.175,0.175,319400,NaN,NaN,NaN,NaN,NaN,NaN,NaN
1694394000,0.175,0.18,0.17,0.17,758600,NaN,NaN,NaN,NaN,NaN,NaN,NaN
1694480400,0.17,0.175,0.17,0.17,835700,NaN,NaN,NaN,NaN,NaN,NaN,NaN
1694566800,0.17,0.175,0.17,0.17,91600,NaN,NaN,NaN,NaN,NaN,NaN,NaN
1694653200,0.17,0.17,0.17,0.17,423200,NaN,NaN,NaN,NaN,NaN,NaN,NaN
1694739600,0.17,0.175,0.17,0.175,429400,NaN,NaN,NaN,NaN,NaN,NaN,NaN
1694998800,0.175,0.175,0.17,0.17,508100,NaN,NaN,NaN,NaN,NaN,NaN,NaN
1695085200,0.17,0.175,0.165,0.17,2094500,NaN,NaN,NaN,NaN,NaN,NaN,NaN
1695171600,0.17,0.17,0.17,0.17,448500,NaN,NaN,NaN,NaN,NaN,NaN,NaN
1695258000,0.17,0.18,0.17,0.175,869500,NaN,NaN,NaN,NaN,NaN,NaN,NaN
1695344400,0.175,0.18,0.175,0.18,149300,NaN,NaN,NaN,NaN,NaN,NaN,NaN
1695603600,0.175,0.175,0.17,0.175,274300,NaN,NaN,NaN,NaN,NaN,NaN,NaN
1695690000,0.175,0.18,0.175,0.175,189500,NaN,NaN,NaN,NaN,NaN,NaN,NaN
1695776400,0.175,0.18,0.175,0.18,380000,NaN,NaN,NaN,NaN,NaN,NaN,NaN
1695949200,0.18,0.19,0.18,0.185,2108200,5516184435,621035000,171062000,-9012000,101113000,424938000,0.810810810810811
1696208400,0.185,0.185,0.18,0.185,344000,NaN,NaN,NaN,NaN,NaN,NaN,NaN
1696294800,0.18,0.18,0.18,0.18,400600,NaN,NaN,NaN,NaN,NaN,NaN,NaN
1696381200,0.18,0.18,0.175,0.18,339900,NaN,NaN,NaN,NaN,NaN,NaN,NaN
1696467600,0.18,0.195,0.18,0.19,3212200,NaN,NaN,NaN,NaN,NaN,NaN,NaN
1696554000,0.19,0.195,0.185,0.19,1163900,NaN,NaN,NaN,NaN,NaN,NaN,NaN
1696813200,0.19,0.19,0.185,0.19,350100,NaN,NaN,NaN,NaN,NaN,NaN,NaN
1696899600,0.185,0.2,0.18,0.2,6024300,NaN,NaN,NaN,NaN,NaN,NaN,NaN
1696986000,0.2,0.205,0.195,0.2,2222800,NaN,NaN,NaN,NaN,NaN,NaN,NaN
1697072400,0.2,0.205,0.195,0.205,2664800,NaN,NaN,NaN,NaN,NaN,NaN,NaN
1697158800,0.2,0.2,0.2,0.2,857600,NaN,NaN,NaN,NaN,NaN,NaN,NaN
1697418000,0.2,0.205,0.195,0.2,1187300,NaN,NaN,NaN,NaN,NaN,NaN,NaN
1697504400,0.2,0.2,0.195,0.2,208500,NaN,NaN,NaN,NaN,NaN,NaN,NaN
1697590800,0.2,0.21,0.195,0.205,1983000,NaN,NaN,NaN,NaN,NaN,NaN,NaN
1697677200,0.205,0.215,0.205,0.21,3454600,NaN,NaN,NaN,NaN,NaN,NaN,NaN
1697763600,0.205,0.205,0.205,0.205,1320000,NaN,NaN,NaN,NaN,NaN,NaN,NaN
1698022800,0.205,0.205,0.195,0.2,852400,NaN,NaN,NaN,NaN,NaN,NaN,NaN
1698109200,0.2,0.205,0.2,0.2,1393100,NaN,NaN,NaN,NaN,NaN,NaN,NaN
1698195600,0.2,0.205,0.195,0.2,345800,NaN,NaN,NaN,NaN,NaN,NaN,NaN
1698282000,0.2,0.21,0.195,0.21,2078800,NaN,NaN,NaN,NaN,NaN,NaN,NaN
1698368400,0.21,0.21,0.2,0.205,1631800,NaN,NaN,NaN,NaN,NaN,NaN,NaN
1698627600,0.205,0.205,0.195,0.2,824200,NaN,NaN,NaN,NaN,NaN,NaN,NaN
1698714000,0.2,0.205,0.195,0.195,311500,NaN,NaN,NaN,NaN,NaN,NaN,NaN
1698800400,0.2,0.2,0.19,0.2,1294400,NaN,NaN,NaN,NaN,NaN,NaN,NaN
1698886800,0.2,0.2,0.19,0.195,833900,NaN,NaN,NaN,NaN,NaN,NaN,NaN
1698973200,0.2,0.21,0.195,0.205,1443800,NaN,NaN,NaN,NaN,NaN,NaN,NaN
1699232400,0.205,0.21,0.2,0.205,1326800,NaN,NaN,NaN,NaN,NaN,NaN,NaN
1699318800,0.2,0.21,0.195,0.21,1364600,NaN,NaN,NaN,NaN,NaN,NaN,NaN
1699405200,0.205,0.215,0.205,0.21,3100600,NaN,NaN,NaN,NaN,NaN,NaN,NaN
1699491600,0.21,0.21,0.2,0.205,3020500,NaN,NaN,NaN,NaN,NaN,NaN,NaN
1699578000,0.205,0.205,0.2,0.205,245700,NaN,NaN,NaN,NaN,NaN,NaN,NaN
1699923600,0.205,0.205,0.19,0.195,2043500,NaN,NaN,NaN,NaN,NaN,NaN,NaN
1700010000,0.195,0.2,0.19,0.195,2371100,NaN,NaN,NaN,NaN,NaN,NaN,NaN
1700096400,0.2,0.2,0.195,0.195,533700,NaN,NaN,NaN,NaN,NaN,NaN,NaN
1700182800,0.19,0.195,0.19,0.195,1507200,NaN,NaN,NaN,NaN,NaN,NaN,NaN
1700442000,0.2,0.2,0.195,0.2,2060800,NaN,NaN,NaN,NaN,NaN,NaN,NaN
1700528400,0.2,0.2,0.195,0.195,641300,NaN,NaN,NaN,NaN,NaN,NaN,NaN
1700614800,0.195,0.195,0.195,0.195,994300,NaN,NaN,NaN,NaN,NaN,NaN,NaN
1700701200,0.195,0.2,0.19,0.19,1952100,NaN,NaN,NaN,NaN,NaN,NaN,NaN
1700787600,0.195,0.195,0.19,0.19,430100,NaN,NaN,NaN,NaN,NaN,NaN,NaN
1701046800,0.195,0.2,0.19,0.195,1985200,NaN,NaN,NaN,NaN,NaN,NaN,NaN
1701133200,0.19,0.195,0.185,0.19,1120500,NaN,NaN,NaN,NaN,NaN,NaN,NaN
1701219600,0.19,0.2,0.19,0.19,1858400,NaN,NaN,NaN,NaN,NaN,NaN,NaN
1701306000,0.19,0.195,0.185,0.19,819600,NaN,NaN,NaN,NaN,NaN,NaN,NaN
1701392400,0.195,0.195,0.195,0.195,1552300,NaN,NaN,NaN,NaN,NaN,NaN,NaN
1701651600,0.19,0.19,0.19,0.19,548900,NaN,NaN,NaN,NaN,NaN,NaN,NaN
1701738000,0.19,0.19,0.185,0.19,1011100,NaN,NaN,NaN,NaN,NaN,NaN,NaN
1701824400,0.19,0.195,0.19,0.19,1067600,NaN,NaN,NaN,NaN,NaN,NaN,NaN
1701910800,0.19,0.195,0.185,0.195,741400,NaN,NaN,NaN,NaN,NaN,NaN,NaN
1701997200,0.19,0.19,0.185,0.19,490400,NaN,NaN,NaN,NaN,NaN,NaN,NaN
1702256400,0.19,0.195,0.185,0.19,760300,NaN,NaN,NaN,NaN,NaN,NaN,NaN
1702342800,0.19,0.195,0.185,0.19,937200,NaN,NaN,NaN,NaN,NaN,NaN,NaN
1702429200,0.185,0.19,0.185,0.19,557700,NaN,NaN,NaN,NaN,NaN,NaN,NaN
1702515600,0.19,0.2,0.19,0.2,1499500,NaN,NaN,NaN,NaN,NaN,NaN,NaN
1702602000,0.2,0.2,0.19,0.2,686200,NaN,NaN,NaN,NaN,NaN,NaN,NaN
1702861200,0.2,0.21,0.195,0.205,2943500,NaN,NaN,NaN,NaN,NaN,NaN,NaN
1702947600,0.205,0.205,0.2,0.205,1831800,NaN,NaN,NaN,NaN,NaN,NaN,NaN
1703034000,0.2,0.205,0.195,0.195,312800,NaN,NaN,NaN,NaN,NaN,NaN,NaN
1703120400,0.2,0.2,0.195,0.195,639900,NaN,NaN,NaN,NaN,NaN,NaN,NaN
1703206800,0.2,0.2,0.19,0.2,948500,NaN,NaN,NaN,NaN,NaN,NaN,NaN
1703552400,0.195,0.2,0.195,0.195,70800,NaN,NaN,NaN,NaN,NaN,NaN,NaN
1703638800,0.2,0.2,0.195,0.2,62600,NaN,NaN,NaN,NaN,NaN,NaN,NaN
1703725200,0.195,0.2,0.195,0.195,1203400,NaN,NaN,NaN,NaN,NaN,NaN,NaN
1703811600,0.195,0.2,0.19,0.195,756100,5541410835,607619653,167929660,-9261000,102510000,416403533,0.512820512820513
1704157200,0.195,0.2,0.195,0.2,388100,NaN,NaN,NaN,NaN,NaN,NaN,NaN
1704243600,0.2,0.2,0.195,0.2,699300,NaN,NaN,NaN,NaN,NaN,NaN,NaN
1704330000,0.195,0.21,0.19,0.2,6744000,NaN,NaN,NaN,NaN,NaN,NaN,NaN
1704416400,0.2,0.2,0.19,0.195,1687700,NaN,NaN,NaN,NaN,NaN,NaN,NaN
1704675600,0.195,0.2,0.195,0.195,553600,NaN,NaN,NaN,NaN,NaN,NaN,NaN
1704762000,0.195,0.195,0.19,0.195,836700,NaN,NaN,NaN,NaN,NaN,NaN,NaN
1704848400,0.19,0.195,0.19,0.195,77600,NaN,NaN,NaN,NaN,NaN,NaN,NaN
1704934800,0.19,0.195,0.19,0.195,254900,NaN,NaN,NaN,NaN,NaN,NaN,NaN
1705021200,0.19,0.195,0.19,0.195,348900,NaN,NaN,NaN,NaN,NaN,NaN,NaN
1705280400,0.195,0.195,0.19,0.195,294800,NaN,NaN,NaN,NaN,NaN,NaN,NaN
1705366800,0.19,0.195,0.19,0.195,632700,NaN,NaN,NaN,NaN,NaN,NaN,NaN
1705453200,0.195,0.2,0.19,0.195,626700,NaN,NaN,NaN,NaN,NaN,NaN,NaN
1705539600,0.19,0.195,0.18,0.185,3159700,NaN,NaN,NaN,NaN,NaN,NaN,NaN
1705626000,0.18,0.19,0.18,0.19,158600,NaN,NaN,NaN,NaN,NaN,NaN,NaN
1705885200,0.185,0.19,0.18,0.185,920400,NaN,NaN,NaN,NaN,NaN,NaN,NaN
1705971600,0.19,0.19,0.18,0.185,1108400,NaN,NaN,NaN,NaN,NaN,NaN,NaN
1706058000,0.185,0.19,0.18,0.185,1004000,NaN,NaN,NaN,NaN,NaN,NaN,NaN
1706230800,0.185,0.19,0.18,0.185,1215400,NaN,NaN,NaN,NaN,NaN,NaN,NaN
1706490000,0.185,0.19,0.18,0.18,940000,NaN,NaN,NaN,NaN,NaN,NaN,NaN
1706576400,0.18,0.185,0.18,0.185,194800,NaN,NaN,NaN,NaN,NaN,NaN,NaN
1706662800,0.18,0.185,0.18,0.185,286500,NaN,NaN,NaN,NaN,NaN,NaN,NaN
1706835600,0.185,0.185,0.18,0.185,666300,NaN,NaN,NaN,NaN,NaN,NaN,NaN
1707094800,0.185,0.185,0.18,0.185,862000,NaN,NaN,NaN,NaN,NaN,NaN,NaN
1707181200,0.18,0.185,0.18,0.185,251100,NaN,NaN,NaN,NaN,NaN,NaN,NaN
1707267600,0.185,0.185,0.18,0.185,673100,NaN,NaN,NaN,NaN,NaN,NaN,NaN
1707354000,0.18,0.185,0.18,0.185,52400,NaN,NaN,NaN,NaN,NaN,NaN,NaN
1707440400,0.185,0.185,0.18,0.18,365100,NaN,NaN,NaN,NaN,NaN,NaN,NaN
1707786000,0.18,0.185,0.18,0.185,74900,NaN,NaN,NaN,NaN,NaN,NaN,NaN
1707872400,0.185,0.185,0.18,0.185,16200,NaN,NaN,NaN,NaN,NaN,NaN,NaN
1707958800,0.185,0.185,0.18,0.18,785300,NaN,NaN,NaN,NaN,NaN,NaN,NaN
1708045200,0.185,0.19,0.185,0.19,357000,NaN,NaN,NaN,NaN,NaN,NaN,NaN
1708304400,0.19,0.19,0.185,0.19,1373600,NaN,NaN,NaN,NaN,NaN,NaN,NaN
1708390800,0.185,0.195,0.185,0.19,1360500,NaN,NaN,NaN,NaN,NaN,NaN,NaN
1708477200,0.19,0.19,0.185,0.185,65700,NaN,NaN,NaN,NaN,NaN,NaN,NaN
1708563600,0.185,0.19,0.185,0.19,743200,NaN,NaN,NaN,NaN,NaN,NaN,NaN
1708650000,0.19,0.19,0.185,0.19,77600,NaN,NaN,NaN,NaN,NaN,NaN,NaN
1708909200,0.19,0.195,0.185,0.19,2201200,NaN,NaN,NaN,NaN,NaN,NaN,NaN
1708995600,0.19,0.19,0.18,0.19,2472500,NaN,NaN,NaN,NaN,NaN,NaN,NaN
1709082000,0.19,0.19,0.185,0.19,295500,NaN,NaN,NaN,NaN,NaN,NaN,NaN
1709168400,0.185,0.19,0.18,0.185,323300,NaN,NaN,NaN,NaN,NaN,NaN,NaN
1709254800,0.19,0.19,0.18,0.185,327300,NaN,NaN,NaN,NaN,NaN,NaN,NaN
1709514000,0.18,0.185,0.18,0.185,92700,NaN,NaN,NaN,NaN,NaN,NaN,NaN
1709600400,0.185,0.185,0.18,0.185,66600,NaN,NaN,NaN,NaN,NaN,NaN,NaN
1709686800,0.18,0.185,0.175,0.175,1168700,NaN,NaN,NaN,NaN,NaN,NaN,NaN
1709773200,0.175,0.175,0.165,0.175,1692900,NaN,NaN,NaN,NaN,NaN,NaN,NaN
1709859600,0.175,0.18,0.17,0.175,871700,NaN,NaN,NaN,NaN,NaN,NaN,NaN
1710118800,0.175,0.18,0.17,0.175,1416800,NaN,NaN,NaN,NaN,NaN,NaN,NaN
1710205200,0.18,0.18,0.17,0.18,300100,NaN,NaN,NaN,NaN,NaN,NaN,NaN
1710291600,0.18,0.18,0.17,0.175,434300,NaN,NaN,NaN,NaN,NaN,NaN,NaN
1710378000,0.175,0.185,0.175,0.185,961800,NaN,NaN,NaN,NaN,NaN,NaN,NaN
1710464400,0.19,0.19,0.18,0.18,152600,NaN,NaN,NaN,NaN,NaN,NaN,NaN
1710723600,0.185,0.185,0.18,0.185,537200,NaN,NaN,NaN,NaN,NaN,NaN,NaN
1710810000,0.18,0.19,0.175,0.185,1705800,NaN,NaN,NaN,NaN,NaN,NaN,NaN
1710896400,0.185,0.185,0.175,0.185,293600,NaN,NaN,NaN,NaN,NaN,NaN,NaN
1710982800,0.18,0.185,0.18,0.185,143100,NaN,NaN,NaN,NaN,NaN,NaN,NaN
1711069200,0.18,0.185,0.175,0.185,106700,NaN,NaN,NaN,NaN,NaN,NaN,NaN
1711328400,0.18,0.185,0.175,0.185,380500,NaN,NaN,NaN,NaN,NaN,NaN,NaN
1711414800,0.185,0.185,0.18,0.185,791600,NaN,NaN,NaN,NaN,NaN,NaN,NaN
1711501200,0.18,0.18,0.175,0.18,1166000,NaN,NaN,NaN,NaN,NaN,NaN,NaN
1711674000,0.175,0.18,0.175,0.175,129200,5541410835,586320000,149461000,-1507000,99422000,413922000,0.571428571428572
1711933200,0.175,0.185,0.175,0.185,353300,NaN,NaN,NaN,NaN,NaN,NaN,NaN
1712019600,0.18,0.18,0.175,0.175,290700,NaN,NaN,NaN,NaN,NaN,NaN,NaN
1712106000,0.175,0.18,0.175,0.18,701900,NaN,NaN,NaN,NaN,NaN,NaN,NaN
1712192400,0.18,0.18,0.175,0.175,792100,NaN,NaN,NaN,NaN,NaN,NaN,NaN
1712278800,0.175,0.18,0.175,0.18,55000,NaN,NaN,NaN,NaN,NaN,NaN,NaN
1712538000,0.175,0.18,0.175,0.175,213500,NaN,NaN,NaN,NaN,NaN,NaN,NaN
1712624400,0.175,0.175,0.175,0.175,353500,NaN,NaN,NaN,NaN,NaN,NaN,NaN
1712883600,0.18,0.18,0.17,0.18,289300,NaN,NaN,NaN,NaN,NaN,NaN,NaN
1713142800,0.175,0.18,0.17,0.175,328200,NaN,NaN,NaN,NaN,NaN,NaN,NaN
1713229200,0.17,0.17,0.17,0.17,454500,NaN,NaN,NaN,NaN,NaN,NaN,NaN
1713315600,0.17,0.185,0.17,0.18,3323700,NaN,NaN,NaN,NaN,NaN,NaN,NaN
1713402000,0.18,0.18,0.175,0.175,1182800,NaN,NaN,NaN,NaN,NaN,NaN,NaN
1713488400,0.175,0.175,0.17,0.175,361000,NaN,NaN,NaN,NaN,NaN,NaN,NaN
1713747600,0.17,0.175,0.165,0.17,1204600,NaN,NaN,NaN,NaN,NaN,NaN,NaN
1713834000,0.17,0.175,0.165,0.17,1698100,NaN,NaN,NaN,NaN,NaN,NaN,NaN
1713920400,0.17,0.17,0.165,0.17,1706300,NaN,NaN,NaN,NaN,NaN,NaN,NaN
1714006800,0.17,0.17,0.165,0.165,781900,NaN,NaN,NaN,NaN,NaN,NaN,NaN
1714093200,0.165,0.17,0.165,0.165,636500,NaN,NaN,NaN,NaN,NaN,NaN,NaN
1714352400,0.165,0.17,0.165,0.165,956100,NaN,NaN,NaN,NaN,NaN,NaN,NaN
1714438800,0.165,0.165,0.16,0.165,1008800,NaN,NaN,NaN,NaN,NaN,NaN,NaN
1714611600,0.165,0.165,0.16,0.16,1304300,NaN,NaN,NaN,NaN,NaN,NaN,NaN
1714698000,0.165,0.165,0.16,0.16,308400,NaN,NaN,NaN,NaN,NaN,NaN,NaN
1714957200,0.16,0.165,0.16,0.165,1078100,NaN,NaN,NaN,NaN,NaN,NaN,NaN
1715043600,0.17,0.17,0.165,0.17,508600,NaN,NaN,NaN,NaN,NaN,NaN,NaN
1715130000,0.17,0.17,0.165,0.165,387600,NaN,NaN,NaN,NaN,NaN,NaN,NaN
1715216400,0.165,0.165,0.16,0.165,731900,NaN,NaN,NaN,NaN,NaN,NaN,NaN
1715302800,0.165,0.165,0.165,0.165,270300,NaN,NaN,NaN,NaN,NaN,NaN,NaN
1715562000,0.17,0.17,0.165,0.17,358200,NaN,NaN,NaN,NaN,NaN,NaN,NaN
1715648400,0.17,0.175,0.165,0.17,1874700,NaN,NaN,NaN,NaN,NaN,NaN,NaN
1715734800,0.17,0.17,0.165,0.17,190800,NaN,NaN,NaN,NaN,NaN,NaN,NaN
1715821200,0.17,0.17,0.165,0.17,265700,NaN,NaN,NaN,NaN,NaN,NaN,NaN
1715907600,0.17,0.175,0.17,0.175,310100,NaN,NaN,NaN,NaN,NaN,NaN,NaN
1716166800,0.165,0.175,0.165,0.17,1780600,NaN,NaN,NaN,NaN,NaN,NaN,NaN
1716253200,0.165,0.17,0.165,0.165,816900,NaN,NaN,NaN,NaN,NaN,NaN,NaN
1716426000,0.17,0.175,0.17,0.175,1108000,NaN,NaN,NaN,NaN,NaN,NaN,NaN
1716512400,0.175,0.175,0.165,0.17,801100,NaN,NaN,NaN,NaN,NaN,NaN,NaN
1716771600,0.17,0.17,0.165,0.17,189500,NaN,NaN,NaN,NaN,NaN,NaN,NaN
1716858000,0.17,0.17,0.165,0.165,337900,NaN,NaN,NaN,NaN,NaN,NaN,NaN
1716944400,0.165,0.165,0.165,0.165,128000,NaN,NaN,NaN,NaN,NaN,NaN,NaN
1717030800,0.17,0.17,0.16,0.165,2414200,NaN,NaN,NaN,NaN,NaN,NaN,NaN
1717117200,0.165,0.165,0.165,0.165,490700,NaN,NaN,NaN,NaN,NaN,NaN,NaN
1717462800,0.17,0.17,0.165,0.165,91500,NaN,NaN,NaN,NaN,NaN,NaN,NaN
1717549200,0.165,0.17,0.165,0.165,501000,NaN,NaN,NaN,NaN,NaN,NaN,NaN
1717635600,0.165,0.165,0.16,0.165,1208000,NaN,NaN,NaN,NaN,NaN,NaN,NaN
1717722000,0.165,0.17,0.16,0.165,1318900,NaN,NaN,NaN,NaN,NaN,NaN,NaN
1717981200,0.17,0.175,0.165,0.175,5906200,NaN,NaN,NaN,NaN,NaN,NaN,NaN
1718067600,0.175,0.175,0.17,0.175,1223700,NaN,NaN,NaN,NaN,NaN,NaN,NaN
1718154000,0.175,0.175,0.17,0.17,2344200,NaN,NaN,NaN,NaN,NaN,NaN,NaN
1718240400,0.17,0.17,0.17,0.17,1132200,NaN,NaN,NaN,NaN,NaN,NaN,NaN
1718326800,0.17,0.175,0.165,0.17,929400,NaN,NaN,NaN,NaN,NaN,NaN,NaN
1718672400,0.17,0.17,0.165,0.165,836500,NaN,NaN,NaN,NaN,NaN,NaN,NaN
1718758800,0.165,0.17,0.165,0.165,1028400,NaN,NaN,NaN,NaN,NaN,NaN,NaN
1718845200,0.165,0.165,0.165,0.165,384400,NaN,NaN,NaN,NaN,NaN,NaN,NaN
1718931600,0.165,0.165,0.16,0.165,770400,NaN,NaN,NaN,NaN,NaN,NaN,NaN
1719190800,0.165,0.165,0.16,0.165,1224700,NaN,NaN,NaN,NaN,NaN,NaN,NaN
1719277200,0.165,0.165,0.165,0.165,301500,NaN,NaN,NaN,NaN,NaN,NaN,NaN
1719363600,0.165,0.17,0.165,0.165,234900,NaN,NaN,NaN,NaN,NaN,NaN,NaN
1719450000,0.165,0.165,0.165,0.165,629700,NaN,NaN,NaN,NaN,NaN,NaN,NaN
1719536400,0.165,0.17,0.165,0.165,306500,5541410835,591263000,163812000,-1913000,96881000,404945000,0.606060606060606
1719795600,0.165,0.165,0.165,0.165,358500,NaN,NaN,NaN,NaN,NaN,NaN,NaN
1719882000,0.165,0.165,0.16,0.165,325800,NaN,NaN,NaN,NaN,NaN,NaN,NaN
1719968400,0.165,0.17,0.16,0.17,183700,NaN,NaN,NaN,NaN,NaN,NaN,NaN
1720054800,0.165,0.165,0.165,0.165,193300,NaN,NaN,NaN,NaN,NaN,NaN,NaN
1720141200,0.165,0.17,0.16,0.165,1245900,NaN,NaN,NaN,NaN,NaN,NaN,NaN
1720486800,0.165,0.165,0.165,0.165,296700,NaN,NaN,NaN,NaN,NaN,NaN,NaN
1720573200,0.165,0.17,0.165,0.165,350600,NaN,NaN,NaN,NaN,NaN,NaN,NaN
1720659600,0.165,0.165,0.16,0.165,703200,NaN,NaN,NaN,NaN,NaN,NaN,NaN
1720746000,0.165,0.165,0.16,0.165,102100,NaN,NaN,NaN,NaN,NaN,NaN,NaN
1721005200,0.165,0.165,0.16,0.165,644400,NaN,NaN,NaN,NaN,NaN,NaN,NaN
1721091600,0.165,0.17,0.16,0.165,328900,NaN,NaN,NaN,NaN,NaN,NaN,NaN
1721178000,0.165,0.165,0.16,0.165,833900,NaN,NaN,NaN,NaN,NaN,NaN,NaN
1721264400,0.165,0.165,0.16,0.165,1757200,NaN,NaN,NaN,NaN,NaN,NaN,NaN
1721350800,0.165,0.165,0.16,0.165,299100,NaN,NaN,NaN,NaN,NaN,NaN,NaN
1721610000,0.16,0.16,0.16,0.16,2710800,NaN,NaN,NaN,NaN,NaN,NaN,NaN
1721696400,0.16,0.165,0.16,0.165,849100,NaN,NaN,NaN,NaN,NaN,NaN,NaN
1721782800,0.165,0.17,0.165,0.17,1705900,NaN,NaN,NaN,NaN,NaN,NaN,NaN
1721869200,0.165,0.17,0.16,0.17,553400,NaN,NaN,NaN,NaN,NaN,NaN,NaN
1721955600,0.17,0.175,0.165,0.175,2624600,NaN,NaN,NaN,NaN,NaN,NaN,NaN
1722214800,0.175,0.175,0.165,0.165,392600,NaN,NaN,NaN,NaN,NaN,NaN,NaN
1722301200,0.17,0.17,0.17,0.17,186300,NaN,NaN,NaN,NaN,NaN,NaN,NaN
1722387600,0.165,0.17,0.165,0.165,546000,NaN,NaN,NaN,NaN,NaN,NaN,NaN
1722474000,0.165,0.17,0.165,0.17,199000,NaN,NaN,NaN,NaN,NaN,NaN,NaN
1722560400,0.165,0.165,0.16,0.165,508500,NaN,NaN,NaN,NaN,NaN,NaN,NaN
1722819600,0.165,0.165,0.15,0.16,3432100,NaN,NaN,NaN,NaN,NaN,NaN,NaN
1722906000,0.15,0.165,0.15,0.16,1590500,NaN,NaN,NaN,NaN,NaN,NaN,NaN
1722992400,0.16,0.165,0.16,0.16,1572300,NaN,NaN,NaN,NaN,NaN,NaN,NaN
1723078800,0.16,0.16,0.155,0.16,590200,NaN,NaN,NaN,NaN,NaN,NaN,NaN
1723165200,0.16,0.16,0.155,0.155,758800,NaN,NaN,NaN,NaN,NaN,NaN,NaN
1723424400,0.155,0.175,0.155,0.165,3573000,NaN,NaN,NaN,NaN,NaN,NaN,NaN
1723510800,0.16,0.165,0.16,0.165,246000,NaN,NaN,NaN,NaN,NaN,NaN,NaN
1723597200,0.165,0.175,0.165,0.165,1620200,NaN,NaN,NaN,NaN,NaN,NaN,NaN
1723683600,0.17,0.17,0.16,0.17,2979500,NaN,NaN,NaN,NaN,NaN,NaN,NaN
1723770000,0.17,0.17,0.165,0.165,218100,NaN,NaN,NaN,NaN,NaN,NaN,NaN
1724029200,0.165,0.17,0.165,0.165,632700,NaN,NaN,NaN,NaN,NaN,NaN,NaN
1724115600,0.17,0.18,0.17,0.17,8517100,NaN,NaN,NaN,NaN,NaN,NaN,NaN
1724202000,0.17,0.175,0.165,0.175,4945000,NaN,NaN,NaN,NaN,NaN,NaN,NaN
1724288400,0.17,0.17,0.165,0.17,1416600,NaN,NaN,NaN,NaN,NaN,NaN,NaN
1724374800,0.17,0.17,0.165,0.165,1137500,NaN,NaN,NaN,NaN,NaN,NaN,NaN
1724634000,0.165,0.17,0.165,0.17,487500,NaN,NaN,NaN,NaN,NaN,NaN,NaN
1724720400,0.17,0.17,0.165,0.165,637800,NaN,NaN,NaN,NaN,NaN,NaN,NaN
1724806800,0.165,0.17,0.165,0.17,142500,NaN,NaN,NaN,NaN,NaN,NaN,NaN
1724893200,0.17,0.17,0.16,0.165,1190100,NaN,NaN,NaN,NaN,NaN,NaN,NaN
1724979600,0.165,0.165,0.16,0.165,1412700,NaN,NaN,NaN,NaN,NaN,NaN,NaN
1725238800,0.165,0.165,0.16,0.165,732900,NaN,NaN,NaN,NaN,NaN,NaN,NaN
1725325200,0.165,0.17,0.165,0.165,1141000,NaN,NaN,NaN,NaN,NaN,NaN,NaN
1725411600,0.165,0.17,0.165,0.17,1093100,NaN,NaN,NaN,NaN,NaN,NaN,NaN
1725498000,0.17,0.17,0.165,0.17,251500,NaN,NaN,NaN,NaN,NaN,NaN,NaN
1725584400,0.17,0.175,0.165,0.165,3729600,NaN,NaN,NaN,NaN,NaN,NaN,NaN
1725843600,0.17,0.17,0.165,0.17,968700,NaN,NaN,NaN,NaN,NaN,NaN,NaN
1725930000,0.165,0.17,0.165,0.17,184600,NaN,NaN,NaN,NaN,NaN,NaN,NaN
1726016400,0.165,0.17,0.165,0.17,192700,NaN,NaN,NaN,NaN,NaN,NaN,NaN
1726102800,0.17,0.175,0.17,0.17,5264500,NaN,NaN,NaN,NaN,NaN,NaN,NaN
1726189200,0.175,0.19,0.175,0.185,16217500,NaN,NaN,NaN,NaN,NaN,NaN,NaN
1726534800,0.185,0.185,0.18,0.185,1907000,NaN,NaN,NaN,NaN,NaN,NaN,NaN
1726621200,0.185,0.19,0.18,0.19,1406700,NaN,NaN,NaN,NaN,NaN,NaN,NaN
1726707600,0.19,0.19,0.18,0.185,1123000,NaN,NaN,NaN,NaN,NaN,NaN,NaN
1726794000,0.185,0.195,0.185,0.185,4519200,NaN,NaN,NaN,NaN,NaN,NaN,NaN
1727053200,0.185,0.19,0.185,0.19,1548100,NaN,NaN,NaN,NaN,NaN,NaN,NaN
1727139600,0.19,0.2,0.185,0.19,3696300,NaN,NaN,NaN,NaN,NaN,NaN,NaN
1727226000,0.19,0.19,0.175,0.175,3259600,NaN,NaN,NaN,NaN,NaN,NaN,NaN
1727312400,0.18,0.185,0.18,0.18,867400,NaN,NaN,NaN,NaN,NaN,NaN,NaN
1727398800,0.185,0.185,0.18,0.185,2133300,NaN,NaN,NaN,NaN,NaN,NaN,NaN
1727658000,0.185,0.185,0.18,0.185,768200,5540129335,591919000,167272000,1595000,108320000,400956000,0.540540540540541
1727744400,0.185,0.19,0.18,0.18,1922600,NaN,NaN,NaN,NaN,NaN,NaN,NaN
1727830800,0.18,0.185,0.18,0.185,707900,NaN,NaN,NaN,NaN,NaN,NaN,NaN
1727917200,0.18,0.19,0.18,0.185,2878700,NaN,NaN,NaN,NaN,NaN,NaN,NaN
1728003600,0.18,0.185,0.175,0.18,2645800,NaN,NaN,NaN,NaN,NaN,NaN,NaN
1728262800,0.18,0.18,0.175,0.18,322400,NaN,NaN,NaN,NaN,NaN,NaN,NaN
1728349200,0.18,0.18,0.175,0.18,140100,NaN,NaN,NaN,NaN,NaN,NaN,NaN
1728435600,0.18,0.18,0.175,0.18,647000,NaN,NaN,NaN,NaN,NaN,NaN,NaN
1728522000,0.18,0.18,0.17,0.175,1176100,NaN,NaN,NaN,NaN,NaN,NaN,NaN
1728608400,0.175,0.18,0.17,0.175,345400,NaN,NaN,NaN,NaN,NaN,NaN,NaN
1728867600,0.175,0.18,0.17,0.17,481400,NaN,NaN,NaN,NaN,NaN,NaN,NaN
1728954000,0.175,0.175,0.17,0.175,401700,NaN,NaN,NaN,NaN,NaN,NaN,NaN
1729040400,0.17,0.17,0.17,0.17,459300,NaN,NaN,NaN,NaN,NaN,NaN,NaN
1729126800,0.17,0.18,0.17,0.17,1525700,NaN,NaN,NaN,NaN,NaN,NaN,NaN
1729213200,0.175,0.175,0.17,0.175,453100,NaN,NaN,NaN,NaN,NaN,NaN,NaN
1729472400,0.17,0.175,0.17,0.17,355200,NaN,NaN,NaN,NaN,NaN,NaN,NaN
1729558800,0.17,0.175,0.17,0.17,120400,NaN,NaN,NaN,NaN,NaN,NaN,NaN
1729645200,0.17,0.175,0.17,0.17,561600,NaN,NaN,NaN,NaN,NaN,NaN,NaN
1729731600,0.17,0.17,0.17,0.17,749100,NaN,NaN,NaN,NaN,NaN,NaN,NaN
1729818000,0.17,0.17,0.165,0.17,351600,NaN,NaN,NaN,NaN,NaN,NaN,NaN
1730077200,0.17,0.17,0.165,0.165,251400,NaN,NaN,NaN,NaN,NaN,NaN,NaN
1730163600,0.17,0.17,0.17,0.17,1096600,NaN,NaN,NaN,NaN,NaN,NaN,NaN
1730250000,0.165,0.18,0.165,0.17,729400,NaN,NaN,NaN,NaN,NaN,NaN,NaN
1730422800,0.17,0.175,0.17,0.17,330100,NaN,NaN,NaN,NaN,NaN,NaN,NaN
1730682000,0.17,0.18,0.17,0.175,2497500,NaN,NaN,NaN,NaN,NaN,NaN,NaN
1730768400,0.175,0.18,0.175,0.175,530500,NaN,NaN,NaN,NaN,NaN,NaN,NaN
1730854800,0.18,0.185,0.18,0.185,2526800,NaN,NaN,NaN,NaN,NaN,NaN,NaN
1730941200,0.18,0.18,0.175,0.18,742800,NaN,NaN,NaN,NaN,NaN,NaN,NaN
1731027600,0.18,0.185,0.18,0.18,517800,NaN,NaN,NaN,NaN,NaN,NaN,NaN
1731286800,0.18,0.18,0.175,0.175,505200,NaN,NaN,NaN,NaN,NaN,NaN,NaN
1731373200,0.18,0.18,0.175,0.175,285900,NaN,NaN,NaN,NaN,NaN,NaN,NaN
1731459600,0.175,0.18,0.175,0.18,1686700,NaN,NaN,NaN,NaN,NaN,NaN,NaN
1731546000,0.18,0.185,0.175,0.175,183900,NaN,NaN,NaN,NaN,NaN,NaN,NaN
1731632400,0.175,0.18,0.175,0.18,669600,NaN,NaN,NaN,NaN,NaN,NaN,NaN
1731891600,0.185,0.185,0.18,0.18,167600,NaN,NaN,NaN,NaN,NaN,NaN,NaN
1731978000,0.18,0.18,0.175,0.175,170900,NaN,NaN,NaN,NaN,NaN,NaN,NaN
1732064400,0.18,0.185,0.175,0.18,1203800,NaN,NaN,NaN,NaN,NaN,NaN,NaN
1732150800,0.18,0.18,0.175,0.175,851900,NaN,NaN,NaN,NaN,NaN,NaN,NaN
1732237200,0.175,0.175,0.17,0.17,620800,NaN,NaN,NaN,NaN,NaN,NaN,NaN
1732496400,0.175,0.175,0.175,0.175,586200,NaN,NaN,NaN,NaN,NaN,NaN,NaN
1732582800,0.175,0.18,0.175,0.18,1159100,NaN,NaN,NaN,NaN,NaN,NaN,NaN
1732669200,0.18,0.185,0.175,0.175,428900,NaN,NaN,NaN,NaN,NaN,NaN,NaN
1732755600,0.175,0.175,0.175,0.175,846100,NaN,NaN,NaN,NaN,NaN,NaN,NaN
1732842000,0.18,0.18,0.175,0.175,255100,NaN,NaN,NaN,NaN,NaN,NaN,NaN
1733101200,0.175,0.18,0.175,0.175,1035700,NaN,NaN,NaN,NaN,NaN,NaN,NaN
1733187600,0.175,0.175,0.17,0.17,129800,NaN,NaN,NaN,NaN,NaN,NaN,NaN
1733274000,0.175,0.175,0.17,0.17,680000,NaN,NaN,NaN,NaN,NaN,NaN,NaN
1733360400,0.17,0.175,0.165,0.175,601500,NaN,NaN,NaN,NaN,NaN,NaN,NaN
1733446800,0.17,0.175,0.17,0.175,422900,NaN,NaN,NaN,NaN,NaN,NaN,NaN
1733706000,0.17,0.17,0.165,0.165,219200,NaN,NaN,NaN,NaN,NaN,NaN,NaN
1733792400,0.17,0.175,0.165,0.175,530100,NaN,NaN,NaN,NaN,NaN,NaN,NaN
1733878800,0.17,0.17,0.165,0.165,263800,NaN,NaN,NaN,NaN,NaN,NaN,NaN
1733965200,0.17,0.17,0.17,0.17,271000,NaN,NaN,NaN,NaN,NaN,NaN,NaN
1734051600,0.17,0.18,0.17,0.175,1074700,NaN,NaN,NaN,NaN,NaN,NaN,NaN
1734310800,0.18,0.18,0.175,0.175,548800,NaN,NaN,NaN,NaN,NaN,NaN,NaN
1734397200,0.175,0.175,0.17,0.17,1255400,NaN,NaN,NaN,NaN,NaN,NaN,NaN
1734483600,0.17,0.175,0.17,0.17,562700,NaN,NaN,NaN,NaN,NaN,NaN,NaN
1734570000,0.17,0.175,0.165,0.17,807700,NaN,NaN,NaN,NaN,NaN,NaN,NaN
1734656400,0.17,0.17,0.17,0.17,408300,NaN,NaN,NaN,NaN,NaN,NaN,NaN
1734915600,0.17,0.175,0.17,0.175,505100,NaN,NaN,NaN,NaN,NaN,NaN,NaN
1735002000,0.175,0.175,0.17,0.17,581000,NaN,NaN,NaN,NaN,NaN,NaN,NaN
1735174800,0.17,0.175,0.17,0.17,1956000,NaN,NaN,NaN,NaN,NaN,NaN,NaN
1735261200,0.17,0.17,0.165,0.17,1359200,NaN,NaN,NaN,NaN,NaN,NaN,NaN
1735520400,0.17,0.17,0.165,0.17,800900,NaN,NaN,NaN,NaN,NaN,NaN,NaN
1735606800,0.17,0.175,0.17,0.175,1032300,5540129335,602519613,172451089,7692000,115832000,406833066,1.14285714285714
1735779600,0.175,0.175,0.17,0.17,176100,NaN,NaN,NaN,NaN,NaN,NaN,NaN
1735866000,0.17,0.175,0.17,0.175,932900,NaN,NaN,NaN,NaN,NaN,NaN,NaN
1736125200,0.175,0.175,0.175,0.175,369900,NaN,NaN,NaN,NaN,NaN,NaN,NaN
1736211600,0.175,0.175,0.175,0.175,286100,NaN,NaN,NaN,NaN,NaN,NaN,NaN
1736298000,0.175,0.175,0.17,0.175,682900,NaN,NaN,NaN,NaN,NaN,NaN,NaN
1736384400,0.17,0.175,0.17,0.175,43200,NaN,NaN,NaN,NaN,NaN,NaN,NaN
1736470800,0.175,0.175,0.175,0.175,442600,NaN,NaN,NaN,NaN,NaN,NaN,NaN
1736730000,0.175,0.175,0.175,0.175,595200,NaN,NaN,NaN,NaN,NaN,NaN,NaN
1736816400,0.175,0.175,0.175,0.175,392000,NaN,NaN,NaN,NaN,NaN,NaN,NaN
1736902800,0.175,0.175,0.17,0.17,1408000,NaN,NaN,NaN,NaN,NaN,NaN,NaN
1736989200,0.17,0.175,0.165,0.165,1009600,NaN,NaN,NaN,NaN,NaN,NaN,NaN
1737075600,0.17,0.175,0.17,0.17,650000,NaN,NaN,NaN,NaN,NaN,NaN,NaN
1737334800,0.17,0.175,0.17,0.175,598400,NaN,NaN,NaN,NaN,NaN,NaN,NaN
1737421200,0.17,0.185,0.17,0.18,4289900,NaN,NaN,NaN,NaN,NaN,NaN,NaN
1737507600,0.18,0.19,0.18,0.19,2326200,NaN,NaN,NaN,NaN,NaN,NaN,NaN
1737594000,0.19,0.19,0.185,0.19,738100,NaN,NaN,NaN,NaN,NaN,NaN,NaN
1737680400,0.185,0.185,0.18,0.185,483700,NaN,NaN,NaN,NaN,NaN,NaN,NaN
1737939600,0.18,0.18,0.18,0.18,55700,NaN,NaN,NaN,NaN,NaN,NaN,NaN
1738026000,0.18,0.185,0.18,0.185,550100,NaN,NaN,NaN,NaN,NaN,NaN,NaN
1738285200,0.185,0.185,0.18,0.185,1000100,NaN,NaN,NaN,NaN,NaN,NaN,NaN
1738544400,0.185,0.185,0.18,0.18,827700,NaN,NaN,NaN,NaN,NaN,NaN,NaN
1738630800,0.18,0.185,0.18,0.18,487500,NaN,NaN,NaN,NaN,NaN,NaN,NaN
1738717200,0.185,0.185,0.18,0.185,195000,NaN,NaN,NaN,NaN,NaN,NaN,NaN
1738803600,0.185,0.19,0.185,0.185,1245400,NaN,NaN,NaN,NaN,NaN,NaN,NaN
1738890000,0.185,0.185,0.18,0.18,795100,NaN,NaN,NaN,NaN,NaN,NaN,NaN
1739149200,0.185,0.19,0.185,0.19,510500,NaN,NaN,NaN,NaN,NaN,NaN,NaN
1739322000,0.19,0.19,0.18,0.185,724300,NaN,NaN,NaN,NaN,NaN,NaN,NaN
1739408400,0.185,0.19,0.185,0.19,954000,NaN,NaN,NaN,NaN,NaN,NaN,NaN
1739494800,0.19,0.19,0.185,0.185,354900,NaN,NaN,NaN,NaN,NaN,NaN,NaN
1739754000,0.185,0.19,0.18,0.19,300000,NaN,NaN,NaN,NaN,NaN,NaN,NaN
1739840400,0.19,0.19,0.17,0.175,3712500,NaN,NaN,NaN,NaN,NaN,NaN,NaN
1739926800,0.175,0.175,0.16,0.17,2686200,NaN,NaN,NaN,NaN,NaN,NaN,NaN
1740013200,0.17,0.175,0.165,0.175,1423000,NaN,NaN,NaN,NaN,NaN,NaN,NaN
1740099600,0.175,0.18,0.175,0.18,1091200,NaN,NaN,NaN,NaN,NaN,NaN,NaN
1740358800,0.175,0.18,0.175,0.18,579700,NaN,NaN,NaN,NaN,NaN,NaN,NaN
1740445200,0.185,0.185,0.18,0.185,1565800,NaN,NaN,NaN,NaN,NaN,NaN,NaN
1740531600,0.185,0.185,0.18,0.185,701600,NaN,NaN,NaN,NaN,NaN,NaN,NaN
1740618000,0.185,0.185,0.18,0.185,625000,NaN,NaN,NaN,NaN,NaN,NaN,NaN
1740704400,0.185,0.185,0.18,0.185,2226600,NaN,NaN,NaN,NaN,NaN,NaN,NaN
1740963600,0.185,0.185,0.18,0.18,1628200,NaN,NaN,NaN,NaN,NaN,NaN,NaN
1741050000,0.18,0.18,0.175,0.18,1155700,NaN,NaN,NaN,NaN,NaN,NaN,NaN
1741136400,0.18,0.185,0.175,0.185,1151200,NaN,NaN,NaN,NaN,NaN,NaN,NaN
1741222800,0.185,0.185,0.18,0.185,1652100,NaN,NaN,NaN,NaN,NaN,NaN,NaN
1741309200,0.185,0.185,0.18,0.18,654900,NaN,NaN,NaN,NaN,NaN,NaN,NaN
1741568400,0.18,0.18,0.175,0.175,476800,NaN,NaN,NaN,NaN,NaN,NaN,NaN
1741654800,0.175,0.175,0.175,0.175,362300,NaN,NaN,NaN,NaN,NaN,NaN,NaN
1741741200,0.175,0.18,0.175,0.175,788500,NaN,NaN,NaN,NaN,NaN,NaN,NaN
1741827600,0.175,0.18,0.175,0.18,579100,NaN,NaN,NaN,NaN,NaN,NaN,NaN
1741914000,0.175,0.175,0.175,0.175,65000,NaN,NaN,NaN,NaN,NaN,NaN,NaN
1742173200,0.175,0.18,0.175,0.18,89500,NaN,NaN,NaN,NaN,NaN,NaN,NaN
1742346000,0.175,0.175,0.175,0.175,602900,NaN,NaN,NaN,NaN,NaN,NaN,NaN
1742432400,0.175,0.18,0.175,0.18,85500,NaN,NaN,NaN,NaN,NaN,NaN,NaN
1742518800,0.175,0.18,0.17,0.175,355600,NaN,NaN,NaN,NaN,NaN,NaN,NaN
1742778000,0.175,0.175,0.175,0.175,168500,NaN,NaN,NaN,NaN,NaN,NaN,NaN
1742864400,0.175,0.18,0.175,0.175,891400,NaN,NaN,NaN,NaN,NaN,NaN,NaN
1742950800,0.175,0.18,0.175,0.18,254500,NaN,NaN,NaN,NaN,NaN,NaN,NaN
1743037200,0.18,0.18,0.175,0.18,621600,NaN,NaN,NaN,NaN,NaN,NaN,NaN
1743123600,0.175,0.2,0.175,0.185,9327700,5540129335,600028000,170338000,2183000,105457000,406233000,NaN
1743555600,0.18,0.19,0.18,0.185,3647100,NaN,NaN,NaN,NaN,NaN,NaN,NaN
1743642000,0.185,0.185,0.175,0.18,1490000,NaN,NaN,NaN,NaN,NaN,NaN,NaN
1743728400,0.175,0.18,0.175,0.175,944100,NaN,NaN,NaN,NaN,NaN,NaN,NaN
1743987600,0.17,0.17,0.16,0.16,1871100,NaN,NaN,NaN,NaN,NaN,NaN,NaN
1744074000,0.16,0.165,0.155,0.155,1159000,NaN,NaN,NaN,NaN,NaN,NaN,NaN
1744160400,0.155,0.155,0.15,0.155,1259200,NaN,NaN,NaN,NaN,NaN,NaN,NaN
1744246800,0.16,0.165,0.16,0.165,841200,NaN,NaN,NaN,NaN,NaN,NaN,NaN
1744333200,0.16,0.16,0.155,0.155,421700,NaN,NaN,NaN,NaN,NaN,NaN,NaN
1744592400,0.16,0.16,0.155,0.16,545900,NaN,NaN,NaN,NaN,NaN,NaN,NaN
1744678800,0.16,0.16,0.155,0.16,176000,NaN,NaN,NaN,NaN,NaN,NaN,NaN
1744765200,0.155,0.165,0.155,0.16,369300,NaN,NaN,NaN,NaN,NaN,NaN,NaN
1744851600,0.16,0.16,0.16,0.16,53500,NaN,NaN,NaN,NaN,NaN,NaN,NaN
1744938000,0.155,0.16,0.155,0.16,658000,NaN,NaN,NaN,NaN,NaN,NaN,NaN
1745197200,0.16,0.16,0.16,0.16,32300,NaN,NaN,NaN,NaN,NaN,NaN,NaN
1745283600,0.16,0.16,0.16,0.16,125500,NaN,NaN,NaN,NaN,NaN,NaN,NaN
1745370000,0.16,0.165,0.16,0.16,129100,NaN,NaN,NaN,NaN,NaN,NaN,NaN
1745456400,0.165,0.165,0.165,0.165,504000,NaN,NaN,NaN,NaN,NaN,NaN,NaN
1745542800,0.165,0.165,0.165,0.165,213000,NaN,NaN,NaN,NaN,NaN,NaN,NaN
1745802000,0.17,0.17,0.16,0.165,242400,NaN,NaN,NaN,NaN,NaN,NaN,NaN
1745888400,0.165,0.165,0.16,0.165,142100,NaN,NaN,NaN,NaN,NaN,NaN,NaN
1745974800,0.16,0.17,0.16,0.17,1020100,NaN,NaN,NaN,NaN,NaN,NaN,NaN
1746147600,0.175,0.175,0.17,0.17,1962800,NaN,NaN,NaN,NaN,NaN,NaN,NaN
1746406800,0.17,0.18,0.17,0.18,1659200,NaN,NaN,NaN,NaN,NaN,NaN,NaN
1746493200,0.18,0.18,0.175,0.175,2019700,NaN,NaN,NaN,NaN,NaN,NaN,NaN
1746579600,0.175,0.175,0.165,0.17,1421000,NaN,NaN,NaN,NaN,NaN,NaN,NaN
1746666000,0.17,0.17,0.16,0.165,1588900,NaN,NaN,NaN,NaN,NaN,NaN,NaN
1746752400,0.165,0.175,0.165,0.17,2151200,NaN,NaN,NaN,NaN,NaN,NaN,NaN
1747098000,0.17,0.175,0.17,0.17,353100,NaN,NaN,NaN,NaN,NaN,NaN,NaN
1747184400,0.17,0.175,0.17,0.175,106700,NaN,NaN,NaN,NaN,NaN,NaN,NaN
1747270800,0.175,0.175,0.17,0.175,97700,NaN,NaN,NaN,NaN,NaN,NaN,NaN
1747357200,0.17,0.175,0.17,0.175,615000,NaN,NaN,NaN,NaN,NaN,NaN,NaN
1747616400,0.17,0.175,0.165,0.17,650700,NaN,NaN,NaN,NaN,NaN,NaN,NaN
1747702800,0.17,0.17,0.165,0.17,130000,NaN,NaN,NaN,NaN,NaN,NaN,NaN
1747789200,0.17,0.17,0.17,0.17,22300,NaN,NaN,NaN,NaN,NaN,NaN,NaN
1747875600,0.17,0.17,0.165,0.17,75100,NaN,NaN,NaN,NaN,NaN,NaN,NaN
1747962000,0.17,0.17,0.165,0.165,61200,NaN,NaN,NaN,NaN,NaN,NaN,NaN
1748221200,0.17,0.17,0.165,0.165,707200,NaN,NaN,NaN,NaN,NaN,NaN,NaN
1748307600,0.165,0.17,0.165,0.17,250800,NaN,NaN,NaN,NaN,NaN,NaN,NaN
1748394000,0.165,0.17,0.165,0.17,38800,NaN,NaN,NaN,NaN,NaN,NaN,NaN
1748480400,0.165,0.165,0.165,0.165,407700,NaN,NaN,NaN,NaN,NaN,NaN,NaN
1748566800,0.165,0.165,0.16,0.165,215200,NaN,NaN,NaN,NaN,NaN,NaN,NaN
1748912400,0.16,0.165,0.16,0.16,314400,NaN,NaN,NaN,NaN,NaN,NaN,NaN
1748998800,0.16,0.16,0.155,0.16,953900,NaN,NaN,NaN,NaN,NaN,NaN,NaN
1749085200,0.16,0.165,0.155,0.165,1535500,NaN,NaN,NaN,NaN,NaN,NaN,NaN
1749171600,0.16,0.16,0.16,0.16,310200,NaN,NaN,NaN,NaN,NaN,NaN,NaN
1749430800,0.16,0.165,0.16,0.16,282700,NaN,NaN,NaN,NaN,NaN,NaN,NaN
1749517200,0.16,0.165,0.16,0.16,346400,NaN,NaN,NaN,NaN,NaN,NaN,NaN
1749603600,0.16,0.165,0.16,0.165,100200,NaN,NaN,NaN,NaN,NaN,NaN,NaN
1749690000,0.16,0.165,0.16,0.16,783600,NaN,NaN,NaN,NaN,NaN,NaN,NaN
1749776400,0.16,0.16,0.155,0.16,1142900,NaN,NaN,NaN,NaN,NaN,NaN,NaN
1750035600,0.16,0.16,0.155,0.16,286400,NaN,NaN,NaN,NaN,NaN,NaN,NaN
1750122000,0.155,0.16,0.155,0.16,548800,NaN,NaN,NaN,NaN,NaN,NaN,NaN
1750208400,0.155,0.155,0.155,0.155,229500,NaN,NaN,NaN,NaN,NaN,NaN,NaN
1750294800,0.155,0.16,0.155,0.155,118500,NaN,NaN,NaN,NaN,NaN,NaN,NaN
1750381200,0.155,0.155,0.155,0.155,137600,NaN,NaN,NaN,NaN,NaN,NaN,NaN
1750640400,0.16,0.16,0.155,0.16,168400,NaN,NaN,NaN,NaN,NaN,NaN,NaN
1750726800,0.16,0.16,0.155,0.16,44800,NaN,NaN,NaN,NaN,NaN,NaN,NaN
1750813200,0.155,0.16,0.155,0.16,202700,NaN,NaN,NaN,NaN,NaN,NaN,NaN
1750899600,0.155,0.16,0.155,0.16,28000,NaN,NaN,NaN,NaN,NaN,NaN,NaN
1751245200,0.155,0.16,0.155,0.16,1100200,5540129335,570384000,154369000,431000,98242000,393490000,NaN
1751331600,0.155,0.16,0.155,0.155,159500,NaN,NaN,NaN,NaN,NaN,NaN,NaN
1751418000,0.155,0.16,0.155,0.155,1521200,NaN,NaN,NaN,NaN,NaN,NaN,NaN
1751504400,0.155,0.16,0.155,0.155,689600,NaN,NaN,NaN,NaN,NaN,NaN,NaN
1751590800,0.155,0.155,0.15,0.15,2770900,NaN,NaN,NaN,NaN,NaN,NaN,NaN
1751850000,0.15,0.15,0.145,0.145,2468700,NaN,NaN,NaN,NaN,NaN,NaN,NaN
1751936400,0.145,0.145,0.14,0.145,1168500,NaN,NaN,NaN,NaN,NaN,NaN,NaN
1752022800,0.145,0.145,0.135,0.14,1684600,NaN,NaN,NaN,NaN,NaN,NaN,NaN
1752109200,0.14,0.145,0.135,0.14,1167300,NaN,NaN,NaN,NaN,NaN,NaN,NaN
1752195600,0.14,0.145,0.135,0.14,3162600,NaN,NaN,NaN,NaN,NaN,NaN,NaN
1752454800,0.14,0.14,0.135,0.135,2652700,NaN,NaN,NaN,NaN,NaN,NaN,NaN
1752541200,0.135,0.135,0.125,0.125,3744800,NaN,NaN,NaN,NaN,NaN,NaN,NaN
1752627600,0.125,0.13,0.125,0.13,1389200,NaN,NaN,NaN,NaN,NaN,NaN,NaN
1752714000,0.13,0.135,0.125,0.13,731800,NaN,NaN,NaN,NaN,NaN,NaN,NaN
1752800400,0.13,0.135,0.125,0.125,1783600,NaN,NaN,NaN,NaN,NaN,NaN,NaN
1753059600,0.125,0.13,0.12,0.12,1596900,NaN,NaN,NaN,NaN,NaN,NaN,NaN
1753146000,0.12,0.125,0.115,0.115,2845700,NaN,NaN,NaN,NaN,NaN,NaN,NaN
1753232400,0.12,0.125,0.115,0.115,3143200,NaN,NaN,NaN,NaN,NaN,NaN,NaN
1753318800,0.12,0.125,0.12,0.12,767300,NaN,NaN,NaN,NaN,NaN,NaN,NaN
1753405200,0.125,0.125,0.12,0.12,833300,NaN,NaN,NaN,NaN,NaN,NaN,NaN
1753664400,0.12,0.12,0.115,0.12,1274500,NaN,NaN,NaN,NaN,NaN,NaN,NaN
1753750800,0.115,0.12,0.115,0.12,1464500,NaN,NaN,NaN,NaN,NaN,NaN,NaN
1753837200,0.115,0.12,0.115,0.12,153600,NaN,NaN,NaN,NaN,NaN,NaN,NaN
1753923600,0.115,0.12,0.11,0.12,2919400,NaN,NaN,NaN,NaN,NaN,NaN,NaN
1754010000,0.115,0.12,0.115,0.115,967200,NaN,NaN,NaN,NaN,NaN,NaN,NaN
1754269200,0.115,0.115,0.11,0.115,2266000,NaN,NaN,NaN,NaN,NaN,NaN,NaN
1754355600,0.11,0.12,0.11,0.115,1504400,NaN,NaN,NaN,NaN,NaN,NaN,NaN
1754442000,0.115,0.115,0.11,0.11,413600,NaN,NaN,NaN,NaN,NaN,NaN,NaN
1754528400,0.115,0.115,0.11,0.11,552200,NaN,NaN,NaN,NaN,NaN,NaN,NaN
1754614800,0.11,0.115,0.11,0.115,352800,NaN,NaN,NaN,NaN,NaN,NaN,NaN
1754874000,0.115,0.115,0.105,0.11,753200,NaN,NaN,NaN,NaN,NaN,NaN,NaN
1754960400,0.11,0.115,0.11,0.11,410700,NaN,NaN,NaN,NaN,NaN,NaN,NaN
1755046800,0.115,0.115,0.11,0.11,155500,NaN,NaN,NaN,NaN,NaN,NaN,NaN
1755133200,0.115,0.115,0.11,0.11,587300,NaN,NaN,NaN,NaN,NaN,NaN,NaN
1755219600,0.11,0.115,0.11,0.11,413500,NaN,NaN,NaN,NaN,NaN,NaN,NaN
1755478800,0.11,0.11,0.105,0.11,804500,NaN,NaN,NaN,NaN,NaN,NaN,NaN
1755565200,0.11,0.11,0.105,0.11,757800,NaN,NaN,NaN,NaN,NaN,NaN,NaN
1755651600,0.105,0.11,0.105,0.105,1603800,NaN,NaN,NaN,NaN,NaN,NaN,NaN
1755738000,0.105,0.105,0.1,0.105,1204000,NaN,NaN,NaN,NaN,NaN,NaN,NaN
1755824400,0.105,0.105,0.1,0.105,823600,NaN,NaN,NaN,NaN,NaN,NaN,NaN
1756083600,0.105,0.105,0.095,0.1,3144400,NaN,NaN,NaN,NaN,NaN,NaN,NaN
1756170000,0.1,0.1,0.095,0.1,1432000,NaN,NaN,NaN,NaN,NaN,NaN,NaN
1756256400,0.1,0.105,0.1,0.1,1354900,NaN,NaN,NaN,NaN,NaN,NaN,NaN
1756342800,0.1,0.1,0.095,0.095,1403500,NaN,NaN,NaN,NaN,NaN,NaN,NaN
1756429200,0.095,0.1,0.095,0.095,2047600,NaN,NaN,NaN,NaN,NaN,NaN,NaN
1756774800,0.095,0.095,0.09,0.095,898300,NaN,NaN,NaN,NaN,NaN,NaN,NaN
1756861200,0.095,0.095,0.09,0.09,520500,NaN,NaN,NaN,NaN,NaN,NaN,NaN
1756947600,0.09,0.095,0.09,0.09,1087200,NaN,NaN,NaN,NaN,NaN,NaN,NaN
1757293200,0.09,0.095,0.085,0.09,2184000,NaN,NaN,NaN,NaN,NaN,NaN,NaN
1757379600,0.09,0.09,0.085,0.09,1171700,NaN,NaN,NaN,NaN,NaN,NaN,NaN
1757466000,0.09,0.09,0.085,0.09,2590200,NaN,NaN,NaN,NaN,NaN,NaN,NaN
1757552400,0.09,0.095,0.085,0.09,2544900,NaN,NaN,NaN,NaN,NaN,NaN,NaN
1757638800,0.09,0.09,0.09,0.09,1160000,NaN,NaN,NaN,NaN,NaN,NaN,NaN
1758070800,0.09,0.095,0.085,0.09,1569400,NaN,NaN,NaN,NaN,NaN,NaN,NaN
1758157200,0.09,0.095,0.085,0.085,2986000,NaN,NaN,NaN,NaN,NaN,NaN,NaN
1758243600,0.09,0.09,0.085,0.085,349600,NaN,NaN,NaN,NaN,NaN,NaN,NaN
1758502800,0.09,0.095,0.085,0.095,1775300,NaN,NaN,NaN,NaN,NaN,NaN,NaN
1758589200,0.095,0.095,0.09,0.095,339000,NaN,NaN,NaN,NaN,NaN,NaN,NaN
1758675600,0.095,0.095,0.09,0.095,717400,NaN,NaN,NaN,NaN,NaN,NaN,NaN
1758762000,0.09,0.095,0.09,0.09,578500,NaN,NaN,NaN,NaN,NaN,NaN,NaN
1758848400,0.09,0.095,0.09,0.095,338200,NaN,NaN,NaN,NaN,NaN,NaN,NaN