time,open,high,low,close,Volume,Total common shares outstanding,Total assets,Total liabilities,Operating income,Total revenue,Shareholders&#039; equity,Dividend yield %
1479085200,10.42,10.5,10.36,10.36,287800,NaN,NaN,NaN,NaN,NaN,NaN,NaN
1479171600,10.3,10.48,10.3,10.38,90800,NaN,NaN,NaN,NaN,NaN,NaN,NaN
1479258000,10.4,10.5,10.4,10.5,108300,NaN,NaN,NaN,NaN,NaN,NaN,NaN
1479344400,10.52,10.56,10.5,10.54,118500,NaN,NaN,NaN,NaN,NaN,NaN,NaN
1479430800,10.56,10.64,10.56,10.6,53300,NaN,NaN,NaN,NaN,NaN,NaN,NaN
1479690000,10.44,10.52,10.38,10.48,531500,NaN,NaN,NaN,NaN,NaN,NaN,NaN
1479776400,10.38,10.64,10.38,10.6,178300,NaN,NaN,NaN,NaN,NaN,NaN,NaN
1479862800,10.44,10.62,10.44,10.52,258700,NaN,NaN,NaN,NaN,NaN,NaN,NaN
1479949200,10.46,10.7,10.46,10.54,1078700,NaN,NaN,NaN,NaN,NaN,NaN,NaN
1480035600,10.44,10.74,10.44,10.7,699700,NaN,NaN,NaN,NaN,NaN,NaN,NaN
1480294800,10.48,10.68,10.48,10.54,710400,NaN,NaN,NaN,NaN,NaN,NaN,NaN
1480381200,10.58,10.68,10.58,10.64,777300,NaN,NaN,NaN,NaN,NaN,NaN,NaN
1480467600,10.64,10.72,10.62,10.7,1961400,NaN,NaN,NaN,NaN,NaN,NaN,NaN
1480554000,10.7,10.78,10.64,10.72,638100,NaN,NaN,NaN,NaN,NaN,NaN,NaN
1480640400,10.76,10.86,10.74,10.86,1423500,NaN,NaN,NaN,NaN,NaN,NaN,NaN
1480899600,10.86,10.9,10.66,10.76,373200,NaN,NaN,NaN,NaN,NaN,NaN,NaN
1480986000,10.72,10.76,10.72,10.74,224200,NaN,NaN,NaN,NaN,NaN,NaN,NaN
1481072400,10.76,10.76,10.66,10.68,796800,NaN,NaN,NaN,NaN,NaN,NaN,NaN
1481158800,10.76,10.92,10.72,10.74,711300,NaN,NaN,NaN,NaN,NaN,NaN,NaN
1481245200,10.86,10.88,10.74,10.74,1096100,NaN,NaN,NaN,NaN,NaN,NaN,NaN
1481590800,10.9,10.9,10.74,10.8,1152800,NaN,NaN,NaN,NaN,NaN,NaN,NaN
1481677200,10.78,10.78,10.72,10.76,351500,NaN,NaN,NaN,NaN,NaN,NaN,NaN
1481763600,10.7,10.76,10.66,10.66,292200,NaN,NaN,NaN,NaN,NaN,NaN,NaN
1481850000,10.7,10.72,10.64,10.72,823600,NaN,NaN,NaN,NaN,NaN,NaN,NaN
1482109200,10.58,10.72,10.58,10.7,254000,NaN,NaN,NaN,NaN,NaN,NaN,NaN
1482195600,10.7,10.74,10.68,10.72,1348500,NaN,NaN,NaN,NaN,NaN,NaN,NaN
1482282000,10.72,10.78,10.66,10.66,539200,NaN,NaN,NaN,NaN,NaN,NaN,NaN
1482368400,10.66,10.68,10.64,10.66,194600,NaN,NaN,NaN,NaN,NaN,NaN,NaN
1482454800,10.54,10.64,10.54,10.58,709600,NaN,NaN,NaN,NaN,NaN,NaN,NaN
1482800400,10.6,10.66,10.54,10.54,1514700,NaN,NaN,NaN,NaN,NaN,NaN,NaN
1482886800,10.54,10.72,10.54,10.6,100000,NaN,NaN,NaN,NaN,NaN,NaN,NaN
1482973200,10.6,10.74,10.58,10.72,1350500,NaN,NaN,NaN,NaN,NaN,NaN,NaN
1483059600,10.6,10.8,10.58,10.8,2453200,NaN,NaN,NaN,NaN,NaN,NaN,NaN
1483405200,10.72,10.8,10.7,10.8,912500,NaN,NaN,NaN,NaN,NaN,NaN,NaN
1483491600,10.82,10.92,10.72,10.88,1119200,NaN,NaN,NaN,NaN,NaN,NaN,NaN
1483578000,10.88,11.12,10.88,11.06,1994100,NaN,NaN,NaN,NaN,NaN,NaN,NaN
1483664400,11.02,11.08,11.02,11.06,1206100,NaN,NaN,NaN,NaN,NaN,NaN,NaN
1483923600,10.9,11.02,10.9,11,678900,NaN,NaN,NaN,NaN,NaN,NaN,NaN
1484010000,11,11.02,10.9,10.96,1879200,NaN,NaN,NaN,NaN,NaN,NaN,NaN
1484096400,10.98,11,10.94,11,1125800,NaN,NaN,NaN,NaN,NaN,NaN,NaN
1484182800,11,11.06,10.9,11,985900,NaN,NaN,NaN,NaN,NaN,NaN,NaN
1484269200,10.8,11.04,10.8,11.04,1310300,NaN,NaN,NaN,NaN,NaN,NaN,NaN
1484528400,11,11,10.92,10.94,498000,NaN,NaN,NaN,NaN,NaN,NaN,NaN
1484614800,10.96,11.02,10.92,11,314200,NaN,NaN,NaN,NaN,NaN,NaN,NaN
1484701200,11.02,11.02,10.96,10.98,385700,NaN,NaN,NaN,NaN,NaN,NaN,NaN
1484787600,10.98,11,10.94,11,536000,NaN,NaN,NaN,NaN,NaN,NaN,NaN
1484874000,10.96,11,10.94,11,275200,NaN,NaN,NaN,NaN,NaN,NaN,NaN
1485133200,11,11,10.92,11,372900,NaN,NaN,NaN,NaN,NaN,NaN,NaN
1485219600,11,11.1,10.98,11.1,332200,NaN,NaN,NaN,NaN,NaN,NaN,NaN
1485306000,11.06,11.14,11.06,11.12,556100,NaN,NaN,NaN,NaN,NaN,NaN,NaN
1485392400,11.14,11.14,11.06,11.12,293700,NaN,NaN,NaN,NaN,NaN,NaN,NaN
1485478800,11.1,11.1,11.08,11.08,53800,NaN,NaN,NaN,NaN,NaN,NaN,NaN
1485824400,11.08,11.1,10.9,10.9,598800,NaN,NaN,NaN,NaN,NaN,NaN,NaN
1485997200,11.08,11.08,10.94,11,636700,NaN,NaN,NaN,NaN,NaN,NaN,NaN
1486083600,11,11.34,11,11.3,1220100,NaN,NaN,NaN,NaN,NaN,NaN,NaN
1486342800,11.3,11.44,11.28,11.44,1296200,NaN,NaN,NaN,NaN,NaN,NaN,NaN
1486429200,11.4,11.5,11.38,11.44,1341100,NaN,NaN,NaN,NaN,NaN,NaN,NaN
1486515600,11.44,11.52,11.44,11.5,1545600,NaN,NaN,NaN,NaN,NaN,NaN,NaN
1486688400,11.5,11.54,11.48,11.52,1124800,NaN,NaN,NaN,NaN,NaN,NaN,NaN
1486947600,11.5,11.54,11.48,11.54,1320400,NaN,NaN,NaN,NaN,NaN,NaN,NaN
1487034000,11.52,11.56,11.5,11.52,1071700,NaN,NaN,NaN,NaN,NaN,NaN,NaN
1487120400,11.52,11.52,11.44,11.48,1208700,NaN,NaN,NaN,NaN,NaN,NaN,NaN
1487206800,11.5,11.5,11.32,11.38,728200,NaN,NaN,NaN,NaN,NaN,NaN,NaN
1487293200,11.38,11.38,11.24,11.26,76800,NaN,NaN,NaN,NaN,NaN,NaN,NaN
1487552400,11.18,11.24,11.06,11.1,431200,NaN,NaN,NaN,NaN,NaN,NaN,NaN
1487638800,11.1,11.12,11.06,11.08,1644300,NaN,NaN,NaN,NaN,NaN,NaN,NaN
1487725200,11.08,11.1,11.04,11.08,1334600,NaN,NaN,NaN,NaN,NaN,NaN,NaN
1487811600,11.26,11.32,11.22,11.3,2795500,NaN,NaN,NaN,NaN,NaN,NaN,NaN
1487898000,11.2,11.38,11.2,11.34,1314700,NaN,NaN,NaN,NaN,NaN,NaN,NaN
1488157200,11.32,11.5,11.3,11.44,1635700,NaN,NaN,NaN,NaN,NaN,NaN,NaN
1488243600,11.46,11.5,11.32,11.48,971600,NaN,NaN,NaN,NaN,NaN,NaN,NaN
1488330000,11.5,11.54,11.5,11.52,1242400,NaN,NaN,NaN,NaN,NaN,NaN,NaN
1488416400,11.44,11.54,11.42,11.54,1011700,NaN,NaN,NaN,NaN,NaN,NaN,NaN
1488502800,11.34,11.5,11.34,11.48,1250800,NaN,NaN,NaN,NaN,NaN,NaN,NaN
1488762000,11.24,11.54,11.24,11.5,2373600,NaN,NaN,NaN,NaN,NaN,NaN,NaN
1488848400,11.5,11.5,11.36,11.4,1016500,NaN,NaN,NaN,NaN,NaN,NaN,NaN
1488934800,11.4,11.46,11.4,11.44,543300,NaN,NaN,NaN,NaN,NaN,NaN,NaN
1489021200,11.4,11.48,11.4,11.42,214200,NaN,NaN,NaN,NaN,NaN,NaN,NaN
1489107600,11.42,11.44,11.42,11.44,277500,NaN,NaN,NaN,NaN,NaN,NaN,NaN
1489366800,11.44,11.48,11.42,11.44,1413400,NaN,NaN,NaN,NaN,NaN,NaN,NaN
1489453200,11.44,11.46,11.42,11.44,1261600,NaN,NaN,NaN,NaN,NaN,NaN,NaN
1489539600,11.44,11.46,11.38,11.44,744200,NaN,NaN,NaN,NaN,NaN,NaN,NaN
1489626000,11.46,11.52,11.44,11.46,760600,NaN,NaN,NaN,NaN,NaN,NaN,NaN
1489712400,11.5,11.52,11.48,11.5,669800,NaN,NaN,NaN,NaN,NaN,NaN,NaN
1489971600,11.5,11.52,11.42,11.5,872000,NaN,NaN,NaN,NaN,NaN,NaN,NaN
1490058000,11.5,11.5,11.46,11.5,583400,NaN,NaN,NaN,NaN,NaN,NaN,NaN
1490144400,11.5,11.5,11.4,11.5,327000,NaN,NaN,NaN,NaN,NaN,NaN,NaN
1490230800,11.5,11.52,11.48,11.48,253300,NaN,NaN,NaN,NaN,NaN,NaN,NaN
1490317200,11.5,11.6,11.48,11.6,211900,NaN,NaN,NaN,NaN,NaN,NaN,NaN
1490576400,11.6,11.66,11.58,11.64,714000,NaN,NaN,NaN,NaN,NaN,NaN,NaN
1490662800,11.7,11.7,11.62,11.7,1045400,NaN,NaN,NaN,NaN,NaN,NaN,NaN
1490749200,11.72,11.72,11.6,11.66,717500,NaN,NaN,NaN,NaN,NaN,NaN,NaN
1490835600,11.66,11.72,11.66,11.72,548500,NaN,NaN,NaN,NaN,NaN,NaN,NaN
1490922000,11.68,11.72,11.6,11.68,577000,NaN,NaN,NaN,NaN,NaN,NaN,NaN
1491181200,11.76,11.76,11.58,11.66,259500,NaN,NaN,NaN,NaN,NaN,NaN,NaN
1491267600,11.56,11.68,11.56,11.66,953700,NaN,NaN,NaN,NaN,NaN,NaN,NaN
1491354000,11.66,11.68,11.42,11.5,2262900,NaN,NaN,NaN,NaN,NaN,NaN,NaN
1491440400,11.62,11.62,11.5,11.6,20000,NaN,NaN,NaN,NaN,NaN,NaN,NaN
1491526800,11.6,11.6,11.5,11.5,232400,NaN,NaN,NaN,NaN,NaN,NaN,NaN
1491786000,11.48,11.5,11.34,11.38,27500,NaN,NaN,NaN,NaN,NaN,NaN,NaN
1491872400,11.4,11.5,11.34,11.4,1071900,NaN,NaN,NaN,NaN,NaN,NaN,NaN
1491958800,11.38,11.66,11.38,11.66,681600,NaN,NaN,NaN,NaN,NaN,NaN,NaN
1492045200,11.4,11.4,11.3,11.32,2166800,NaN,NaN,NaN,NaN,NaN,NaN,NaN
1492131600,11.3,11.3,11.28,11.3,955400,NaN,NaN,NaN,NaN,NaN,NaN,NaN
1492390800,11.3,11.3,11,11.12,2691200,NaN,NaN,NaN,NaN,NaN,NaN,NaN
1492477200,11.18,11.24,11.12,11.18,1497000,NaN,NaN,NaN,NaN,NaN,NaN,NaN
1492563600,11.18,11.24,11.18,11.22,752700,NaN,NaN,NaN,NaN,NaN,NaN,NaN
1492650000,11.22,11.24,11.16,11.22,2910600,NaN,NaN,NaN,NaN,NaN,NaN,NaN
1492736400,11.26,11.32,11.26,11.28,1162500,NaN,NaN,NaN,NaN,NaN,NaN,NaN
1493082000,11.28,11.38,11.22,11.36,542800,NaN,NaN,NaN,NaN,NaN,NaN,NaN
1493168400,11.36,11.38,11.34,11.36,1223600,NaN,NaN,NaN,NaN,NaN,NaN,NaN
1493254800,11.4,11.44,11.34,11.42,290300,NaN,NaN,NaN,NaN,NaN,NaN,NaN
1493341200,11.1,11.46,11.1,11.42,156700,NaN,NaN,NaN,NaN,NaN,NaN,NaN
1493686800,11.46,11.5,11.42,11.46,853100,NaN,NaN,NaN,NaN,NaN,NaN,NaN
1493773200,11.52,11.52,11.44,11.46,453400,NaN,NaN,NaN,NaN,NaN,NaN,NaN
1493859600,11.48,11.48,11.34,11.46,546000,NaN,NaN,NaN,NaN,NaN,NaN,NaN
1493946000,11.46,11.5,11.46,11.48,592500,NaN,NaN,NaN,NaN,NaN,NaN,NaN
1494205200,11.48,11.54,11.48,11.54,876500,NaN,NaN,NaN,NaN,NaN,NaN,NaN
1494291600,11.5,11.56,11.32,11.54,1215400,NaN,NaN,NaN,NaN,NaN,NaN,NaN
1494464400,11.68,11.68,11.58,11.62,1675800,NaN,NaN,NaN,NaN,NaN,NaN,NaN
1494550800,11.68,11.68,11.6,11.66,896100,NaN,NaN,NaN,NaN,NaN,NaN,NaN
1494810000,11.66,11.68,11.4,11.66,148600,NaN,NaN,NaN,NaN,NaN,NaN,NaN
1494896400,11.66,11.68,11.62,11.68,397800,NaN,NaN,NaN,NaN,NaN,NaN,NaN
1494982800,11.68,11.72,11.6,11.68,1552200,NaN,NaN,NaN,NaN,NaN,NaN,NaN
1495069200,11.5,11.62,11.48,11.6,902900,NaN,NaN,NaN,NaN,NaN,NaN,NaN
1495155600,11.6,11.72,11.58,11.6,1064200,NaN,NaN,NaN,NaN,NaN,NaN,NaN
1495414800,11.62,11.7,11.6,11.7,210500,NaN,NaN,NaN,NaN,NaN,NaN,NaN
1495501200,11.6,11.6,11.5,11.58,333400,NaN,NaN,NaN,NaN,NaN,NaN,NaN
1495587600,11.72,11.72,11.56,11.58,202900,NaN,NaN,NaN,NaN,NaN,NaN,NaN
1495674000,11.6,11.68,11.6,11.66,125500,NaN,NaN,NaN,NaN,NaN,NaN,NaN
1495760400,11.6,11.68,11.6,11.68,574700,NaN,NaN,NaN,NaN,NaN,NaN,NaN
1496019600,11.66,11.66,11.58,11.6,310400,NaN,NaN,NaN,NaN,NaN,NaN,NaN
1496106000,11.52,11.52,11.32,11.46,36700,NaN,NaN,NaN,NaN,NaN,NaN,NaN
1496192400,11.34,11.58,10.84,10.94,650200,NaN,NaN,NaN,NaN,NaN,NaN,NaN
1496278800,11.1,11.14,11,11,1069500,NaN,NaN,NaN,NaN,NaN,NaN,NaN
1496365200,11.04,11.08,10.9,11,1460800,NaN,NaN,NaN,NaN,NaN,NaN,NaN
1496624400,11,11.12,11,11.1,311500,NaN,NaN,NaN,NaN,NaN,NaN,NaN
1496710800,11.12,11.2,11.1,11.2,228300,NaN,NaN,NaN,NaN,NaN,NaN,NaN
1496797200,11.22,11.22,11.14,11.2,195500,NaN,NaN,NaN,NaN,NaN,NaN,NaN
1496883600,11.12,11.2,11.12,11.18,466500,NaN,NaN,NaN,NaN,NaN,NaN,NaN
1496970000,11.2,11.2,11.06,11.12,77200,NaN,NaN,NaN,NaN,NaN,NaN,NaN
1497315600,11.18,11.18,11.12,11.14,38700,NaN,NaN,NaN,NaN,NaN,NaN,NaN
1497402000,11.3,11.3,10.96,11.06,857800,NaN,NaN,NaN,NaN,NaN,NaN,NaN
1497488400,11.14,11.14,11.02,11.08,52400,NaN,NaN,NaN,NaN,NaN,NaN,NaN
1497574800,11.08,11.12,11.02,11.1,785700,NaN,NaN,NaN,NaN,NaN,NaN,NaN
1497834000,11.08,11.12,11.02,11.12,56000,NaN,NaN,NaN,NaN,NaN,NaN,NaN
1497920400,11.08,11.12,11.02,11.1,647300,NaN,NaN,NaN,NaN,NaN,NaN,NaN
1498006800,11.1,11.12,11.08,11.1,671500,NaN,NaN,NaN,NaN,NaN,NaN,NaN
1498093200,11,11.1,10.96,11.1,338500,NaN,NaN,NaN,NaN,NaN,NaN,NaN
1498179600,11.1,11.1,11.02,11.08,29800,NaN,NaN,NaN,NaN,NaN,NaN,NaN
1498611600,11.1,11.1,10.84,10.96,207200,NaN,NaN,NaN,NaN,NaN,NaN,NaN
1498698000,10.84,11.04,10.84,11.02,438100,NaN,NaN,NaN,NaN,NaN,NaN,NaN
1498784400,11,11.1,10.96,11.04,733000,NaN,NaN,NaN,NaN,NaN,NaN,NaN
1499043600,11.04,11.1,11,11.08,43900,NaN,NaN,NaN,NaN,NaN,NaN,NaN
1499130000,10.88,11.1,10.88,11.08,895400,NaN,NaN,NaN,NaN,NaN,NaN,NaN
1499216400,10.92,11.1,10.92,11.1,211500,NaN,NaN,NaN,NaN,NaN,NaN,NaN
1499302800,11.08,11.08,11.02,11.06,386000,NaN,NaN,NaN,NaN,NaN,NaN,NaN
1499389200,11.02,11.04,10.92,10.92,31900,NaN,NaN,NaN,NaN,NaN,NaN,NaN
1499648400,10.92,11.08,10.88,10.94,178500,NaN,NaN,NaN,NaN,NaN,NaN,NaN
1499734800,10.9,10.9,10.74,10.84,226800,NaN,NaN,NaN,NaN,NaN,NaN,NaN
1499821200,10.84,10.86,10.76,10.8,87800,NaN,NaN,NaN,NaN,NaN,NaN,NaN
1499907600,10.92,10.92,10.72,10.82,163000,NaN,NaN,NaN,NaN,NaN,NaN,NaN
1499994000,10.9,10.9,10.72,10.8,237800,NaN,NaN,NaN,NaN,NaN,NaN,NaN
1500253200,10.9,11,10.78,10.82,885000,NaN,NaN,NaN,NaN,NaN,NaN,NaN
1500339600,10.72,10.88,10.72,10.86,851300,NaN,NaN,NaN,NaN,NaN,NaN,NaN
1500426000,10.86,10.88,10.78,10.84,600900,NaN,NaN,NaN,NaN,NaN,NaN,NaN
1500512400,10.84,10.84,10.78,10.8,1103000,NaN,NaN,NaN,NaN,NaN,NaN,NaN
1500598800,10.74,10.8,10.64,10.78,356200,NaN,NaN,NaN,NaN,NaN,NaN,NaN
1500858000,10.66,10.78,10.64,10.78,81000,NaN,NaN,NaN,NaN,NaN,NaN,NaN
1500944400,10.76,10.78,10.68,10.76,71700,NaN,NaN,NaN,NaN,NaN,NaN,NaN
1501030800,10.76,10.8,10.7,10.72,196900,NaN,NaN,NaN,NaN,NaN,NaN,NaN
1501117200,10.72,10.72,10.66,10.72,148700,NaN,NaN,NaN,NaN,NaN,NaN,NaN
1501203600,10.72,10.72,10.68,10.68,77100,NaN,NaN,NaN,NaN,NaN,NaN,NaN
1501462800,10.68,10.78,10.68,10.72,174600,NaN,NaN,NaN,NaN,NaN,NaN,NaN
1501549200,10.72,10.72,10.64,10.68,767300,NaN,NaN,NaN,NaN,NaN,NaN,NaN
1501635600,10.72,10.72,10.68,10.7,197300,NaN,NaN,NaN,NaN,NaN,NaN,NaN
1501722000,10.64,10.76,10.64,10.76,83400,NaN,NaN,NaN,NaN,NaN,NaN,NaN
1501808400,10.64,10.74,10.64,10.74,426600,NaN,NaN,NaN,NaN,NaN,NaN,NaN
1502067600,10.72,10.72,10.66,10.68,4500,NaN,NaN,NaN,NaN,NaN,NaN,NaN
1502154000,10.64,10.78,10.64,10.76,797700,NaN,NaN,NaN,NaN,NaN,NaN,NaN
1502240400,10.62,10.76,10.62,10.74,731000,NaN,NaN,NaN,NaN,NaN,NaN,NaN
1502326800,10.8,10.8,10.68,10.7,522800,NaN,NaN,NaN,NaN,NaN,NaN,NaN
1502413200,10.66,10.7,10.52,10.52,513000,NaN,NaN,NaN,NaN,NaN,NaN,NaN
1502672400,10.56,10.62,10.5,10.52,424400,NaN,NaN,NaN,NaN,NaN,NaN,NaN
1502758800,10.62,10.62,10.52,10.58,27500,NaN,NaN,NaN,NaN,NaN,NaN,NaN
1502845200,10.58,10.58,10.48,10.48,660600,NaN,NaN,NaN,NaN,NaN,NaN,NaN
1502931600,10.48,10.48,10.36,10.36,16100,NaN,NaN,NaN,NaN,NaN,NaN,NaN
1503018000,10.36,10.54,10.36,10.48,226400,NaN,NaN,NaN,NaN,NaN,NaN,NaN
1503277200,10.62,10.64,10.58,10.62,53900,NaN,NaN,NaN,NaN,NaN,NaN,NaN
1503363600,10.62,10.62,10.46,10.58,550100,NaN,NaN,NaN,NaN,NaN,NaN,NaN
1503450000,10.38,10.64,10.38,10.58,51400,NaN,NaN,NaN,NaN,NaN,NaN,NaN
1503536400,10.52,10.64,10.52,10.56,1145700,NaN,NaN,NaN,NaN,NaN,NaN,NaN
1503622800,10.5,10.56,10.5,10.54,578600,NaN,NaN,NaN,NaN,NaN,NaN,NaN
1503882000,10.48,10.58,10.48,10.56,174700,NaN,NaN,NaN,NaN,NaN,NaN,NaN
1503968400,10.48,10.7,10.46,10.7,81800,NaN,NaN,NaN,NaN,NaN,NaN,NaN
1504054800,10.72,10.72,10.6,10.64,161700,NaN,NaN,NaN,NaN,NaN,NaN,NaN
1504573200,10.74,10.78,10.42,10.62,204400,NaN,NaN,NaN,NaN,NaN,NaN,NaN
1504659600,10.82,10.82,10.5,10.6,1232300,NaN,NaN,NaN,NaN,NaN,NaN,NaN
1504746000,10.64,10.66,10.62,10.66,944600,NaN,NaN,NaN,NaN,NaN,NaN,NaN
1504832400,10.66,10.72,10.66,10.72,156900,NaN,NaN,NaN,NaN,NaN,NaN,NaN
1505091600,10.46,10.72,10.46,10.66,1800800,NaN,NaN,NaN,NaN,NaN,NaN,NaN
1505178000,10.5,10.68,10.5,10.68,492900,NaN,NaN,NaN,NaN,NaN,NaN,NaN
1505264400,10.64,10.64,10.56,10.64,528500,NaN,NaN,NaN,NaN,NaN,NaN,NaN
1505350800,10.52,10.66,10.52,10.58,1078900,NaN,NaN,NaN,NaN,NaN,NaN,NaN
1505437200,10.58,10.58,10.56,10.58,310500,NaN,NaN,NaN,NaN,NaN,NaN,NaN
1505696400,10.5,10.6,10.5,10.58,322300,NaN,NaN,NaN,NaN,NaN,NaN,NaN
1505782800,10.6,10.62,10.56,10.58,135500,NaN,NaN,NaN,NaN,NaN,NaN,NaN
1505869200,10.56,10.56,10.5,10.5,28300,NaN,NaN,NaN,NaN,NaN,NaN,NaN
1505955600,10.5,10.54,10.4,10.5,46400,NaN,NaN,NaN,NaN,NaN,NaN,NaN
1506301200,10.7,10.7,10.44,10.5,150800,NaN,NaN,NaN,NaN,NaN,NaN,NaN
1506387600,10.68,10.68,10.46,10.48,695000,NaN,NaN,NaN,NaN,NaN,NaN,NaN
1506474000,10.4,10.46,10.32,10.38,90200,NaN,NaN,NaN,NaN,NaN,NaN,NaN
1506560400,10.38,10.48,10.26,10.4,196400,NaN,NaN,NaN,NaN,NaN,NaN,NaN
1506646800,10.7,10.7,10.26,10.3,106500,803213264,7591372000,3052137000,117291000,433888000,4278529000.0000005,2.37864077669903
1506906000,10.64,10.64,10.2,10.32,159100,NaN,NaN,NaN,NaN,NaN,NaN,NaN
1506992400,10.6,10.6,10.3,10.42,335000,NaN,NaN,NaN,NaN,NaN,NaN,NaN
1507078800,10.58,10.58,10.34,10.46,74400,NaN,NaN,NaN,NaN,NaN,NaN,NaN
1507165200,10.58,10.58,10.34,10.44,1045300,NaN,NaN,NaN,NaN,NaN,NaN,NaN
1507251600,10.56,10.58,10.36,10.44,81200,NaN,NaN,NaN,NaN,NaN,NaN,NaN
1507510800,10.58,10.58,10.36,10.44,878000,NaN,NaN,NaN,NaN,NaN,NaN,NaN
1507597200,10.58,10.58,10.5,10.5,44700,NaN,NaN,NaN,NaN,NaN,NaN,NaN
1507683600,10.64,10.64,10.52,10.54,321900,NaN,NaN,NaN,NaN,NaN,NaN,NaN
1507770000,10.6,10.6,10.54,10.6,556800,NaN,NaN,NaN,NaN,NaN,NaN,NaN
1507856400,10.64,10.64,10.6,10.6,1005200,NaN,NaN,NaN,NaN,NaN,NaN,NaN
1508115600,10.64,10.64,10.56,10.58,5309200,NaN,NaN,NaN,NaN,NaN,NaN,NaN
1508202000,10.58,10.6,10.56,10.6,2707400,NaN,NaN,NaN,NaN,NaN,NaN,NaN
1508374800,10.6,10.62,10.36,10.36,3126300,NaN,NaN,NaN,NaN,NaN,NaN,NaN
1508461200,10.32,10.68,10.32,10.68,668400,NaN,NaN,NaN,NaN,NaN,NaN,NaN
1508720400,10.52,10.58,10.52,10.56,6427200,NaN,NaN,NaN,NaN,NaN,NaN,NaN
1508806800,10.52,10.8,10.48,10.52,130000,NaN,NaN,NaN,NaN,NaN,NaN,NaN
1508893200,10.76,10.76,10.5,10.6,5075400,NaN,NaN,NaN,NaN,NaN,NaN,NaN
1508979600,10.7,10.7,10.58,10.6,2503100,NaN,NaN,NaN,NaN,NaN,NaN,NaN
1509066000,10.6,10.8,10.52,10.62,245800,NaN,NaN,NaN,NaN,NaN,NaN,NaN
1509325200,10.62,10.64,10.6,10.62,375300,NaN,NaN,NaN,NaN,NaN,NaN,NaN
1509411600,10.6,10.68,10.6,10.68,279500,NaN,NaN,NaN,NaN,NaN,NaN,NaN
1509498000,10.6,10.7,10.6,10.7,78900,NaN,NaN,NaN,NaN,NaN,NaN,NaN
1509584400,10.78,10.78,10.62,10.68,1686400,NaN,NaN,NaN,NaN,NaN,NaN,NaN
1509670800,10.78,10.78,10.7,10.72,274700,NaN,NaN,NaN,NaN,NaN,NaN,NaN
1509930000,10.76,10.76,10.68,10.74,1186200,NaN,NaN,NaN,NaN,NaN,NaN,NaN
1510016400,10.74,10.76,10.68,10.7,1394000,NaN,NaN,NaN,NaN,NaN,NaN,NaN
1510102800,10.5,10.76,10.5,10.74,49300,NaN,NaN,NaN,NaN,NaN,NaN,NaN
1510189200,10.76,10.78,10.76,10.78,139300,NaN,NaN,NaN,NaN,NaN,NaN,NaN
1510275600,10.78,10.86,10.72,10.74,502400,NaN,NaN,NaN,NaN,NaN,NaN,NaN
1510534800,10.68,10.68,10.58,10.58,553100,NaN,NaN,NaN,NaN,NaN,NaN,NaN
1510621200,10.5,10.62,10.48,10.52,64700,NaN,NaN,NaN,NaN,NaN,NaN,NaN
1510707600,10.52,10.54,10.5,10.52,517900,NaN,NaN,NaN,NaN,NaN,NaN,NaN
1510794000,10.4,10.6,10.38,10.38,154400,NaN,NaN,NaN,NaN,NaN,NaN,NaN
1510880400,10.28,10.42,10.24,10.4,146000,NaN,NaN,NaN,NaN,NaN,NaN,NaN
1511139600,10.54,10.54,10.3,10.48,504500,NaN,NaN,NaN,NaN,NaN,NaN,NaN
1511226000,10.3,10.68,10.3,10.48,100800,NaN,NaN,NaN,NaN,NaN,NaN,NaN
1511312400,10.38,10.5,10.34,10.48,163700,NaN,NaN,NaN,NaN,NaN,NaN,NaN
1511398800,10.5,10.5,10.5,10.5,200,NaN,NaN,NaN,NaN,NaN,NaN,NaN
1511485200,10.48,10.5,10.48,10.5,534100,NaN,NaN,NaN,NaN,NaN,NaN,NaN
1511744400,10.5,10.5,10.32,10.48,624100,NaN,NaN,NaN,NaN,NaN,NaN,NaN
1511830800,10.4,10.48,10.3,10.48,761100,NaN,NaN,NaN,NaN,NaN,NaN,NaN
1511917200,10.5,10.5,10.24,10.4,849300,NaN,NaN,NaN,NaN,NaN,NaN,NaN
1512003600,10.28,10.5,10.28,10.5,1100300,NaN,NaN,NaN,NaN,NaN,NaN,NaN
1512349200,10.44,10.44,10.3,10.3,15400,NaN,NaN,NaN,NaN,NaN,NaN,NaN
1512435600,10.3,10.32,10.26,10.3,1881000,NaN,NaN,NaN,NaN,NaN,NaN,NaN
1512522000,10.2,10.42,10.2,10.38,612800,NaN,NaN,NaN,NaN,NaN,NaN,NaN
1512608400,10.34,10.4,10.28,10.3,1023800,NaN,NaN,NaN,NaN,NaN,NaN,NaN
1512694800,10.3,10.32,10.26,10.3,1609300,NaN,NaN,NaN,NaN,NaN,NaN,NaN
1512954000,10.2,10.32,10.2,10.32,1034500,NaN,NaN,NaN,NaN,NaN,NaN,NaN
1513040400,10.32,10.32,10.26,10.28,830900,NaN,NaN,NaN,NaN,NaN,NaN,NaN
1513126800,10.36,10.36,10.22,10.28,1960500,NaN,NaN,NaN,NaN,NaN,NaN,NaN
1513213200,10.34,10.36,10.26,10.28,419900,NaN,NaN,NaN,NaN,NaN,NaN,NaN
1513299600,10.3,10.36,10.3,10.36,578300,NaN,NaN,NaN,NaN,NaN,NaN,NaN
1513558800,10.36,10.42,10.3,10.38,1701900,NaN,NaN,NaN,NaN,NaN,NaN,NaN
1513645200,10.72,10.72,10.38,10.42,1219800,NaN,NaN,NaN,NaN,NaN,NaN,NaN
1513731600,10.42,10.44,10.38,10.44,226600,NaN,NaN,NaN,NaN,NaN,NaN,NaN
1513818000,10.44,10.44,10.28,10.38,308400,NaN,NaN,NaN,NaN,NaN,NaN,NaN
1513904400,10.58,10.76,10.56,10.74,81600,NaN,NaN,NaN,NaN,NaN,NaN,NaN
1514250000,10.7,10.7,10.54,10.54,2300,NaN,NaN,NaN,NaN,NaN,NaN,NaN
1514336400,10.74,10.74,10.54,10.56,47500,NaN,NaN,NaN,NaN,NaN,NaN,NaN
1514422800,10.54,10.54,10.4,10.44,52700,NaN,NaN,NaN,NaN,NaN,NaN,NaN
1514509200,10.4,10.6,10.4,10.5,206800,803239064,8473325000.000001,3900316000,141162000,528417000.00000006,4341675000,2.47619047619048
1514854800,10.36,10.6,10.36,10.5,111700,NaN,NaN,NaN,NaN,NaN,NaN,NaN
1514941200,10.68,10.68,10.38,10.5,513300,NaN,NaN,NaN,NaN,NaN,NaN,NaN
1515027600,10.52,10.7,10.42,10.56,349600,NaN,NaN,NaN,NaN,NaN,NaN,NaN
1515114000,10.42,10.72,10.42,10.64,618500,NaN,NaN,NaN,NaN,NaN,NaN,NaN
1515373200,10.62,10.72,10.62,10.7,1437900,NaN,NaN,NaN,NaN,NaN,NaN,NaN
1515459600,10.72,10.72,10.66,10.72,317300,NaN,NaN,NaN,NaN,NaN,NaN,NaN
1515546000,10.5,10.68,10.5,10.62,278000,NaN,NaN,NaN,NaN,NaN,NaN,NaN
1515632400,10.6,10.62,10.5,10.6,345200,NaN,NaN,NaN,NaN,NaN,NaN,NaN
1515718800,10.62,10.62,10.56,10.58,82600,NaN,NaN,NaN,NaN,NaN,NaN,NaN
1515978000,10.62,10.62,10.58,10.6,14800,NaN,NaN,NaN,NaN,NaN,NaN,NaN
1516064400,10.24,10.74,10.24,10.64,93000,NaN,NaN,NaN,NaN,NaN,NaN,NaN
1516150800,10.56,10.64,10.5,10.54,436300,NaN,NaN,NaN,NaN,NaN,NaN,NaN
1516237200,10.6,10.6,10.42,10.52,123600,NaN,NaN,NaN,NaN,NaN,NaN,NaN
1516323600,10.42,10.52,10.26,10.4,153800,NaN,NaN,NaN,NaN,NaN,NaN,NaN
1516582800,10.68,10.68,10.28,10.3,155700,NaN,NaN,NaN,NaN,NaN,NaN,NaN
1516669200,10.48,10.48,10.18,10.2,655200,NaN,NaN,NaN,NaN,NaN,NaN,NaN
1516755600,10.48,10.58,10.2,10.3,71800,NaN,NaN,NaN,NaN,NaN,NaN,NaN
1516842000,10.44,10.44,10.26,10.34,795100,NaN,NaN,NaN,NaN,NaN,NaN,NaN
1516928400,10.3,10.3,10.2,10.3,111900,NaN,NaN,NaN,NaN,NaN,NaN,NaN
1517187600,10.42,10.42,10.12,10.22,283200,NaN,NaN,NaN,NaN,NaN,NaN,NaN
1517274000,10.16,10.18,10.02,10.02,99800,NaN,NaN,NaN,NaN,NaN,NaN,NaN
1517533200,10.18,10.18,10.02,10.12,321800,NaN,NaN,NaN,NaN,NaN,NaN,NaN
1517792400,10.02,10.08,9.95,10.02,487200,NaN,NaN,NaN,NaN,NaN,NaN,NaN
1517878800,9.93,10.02,9.520001,10,375600,NaN,NaN,NaN,NaN,NaN,NaN,NaN
1517965200,10.02,10.08,9.63,9.99,648800,NaN,NaN,NaN,NaN,NaN,NaN,NaN
1518051600,10.1,10.18,9.8,9.98,91200,NaN,NaN,NaN,NaN,NaN,NaN,NaN
1518138000,9.89,10,9.8,9.9,593200,NaN,NaN,NaN,NaN,NaN,NaN,NaN
1518397200,9.76,10.26,9.76,10.04,42000,NaN,NaN,NaN,NaN,NaN,NaN,NaN
1518483600,10.04,10.22,10.04,10.04,10400,NaN,NaN,NaN,NaN,NaN,NaN,NaN
1518570000,9.89,10.1,9.89,10.1,526300,NaN,NaN,NaN,NaN,NaN,NaN,NaN
1518656400,9.85,10.1,9.85,10.1,114400,NaN,NaN,NaN,NaN,NaN,NaN,NaN
1519002000,10.1,10.3,10.1,10.14,107800,NaN,NaN,NaN,NaN,NaN,NaN,NaN
1519088400,9.91,10.24,9.91,9.96,18500,NaN,NaN,NaN,NaN,NaN,NaN,NaN
1519174800,9.96,10,9.9,9.91,90600,NaN,NaN,NaN,NaN,NaN,NaN,NaN
1519261200,9.9,10.16,9.86,9.94,41400,NaN,NaN,NaN,NaN,NaN,NaN,NaN
1519347600,9.9,10,9.75,9.75,669800,NaN,NaN,NaN,NaN,NaN,NaN,NaN
1519606800,9.84,9.89,9.7,9.8,396500,NaN,NaN,NaN,NaN,NaN,NaN,NaN
1519693200,9.8,10.16,9.7,10.1,386700,NaN,NaN,NaN,NaN,NaN,NaN,NaN
1519779600,10.06,10.16,9.770001,10.1,1438200,NaN,NaN,NaN,NaN,NaN,NaN,NaN
1519866000,10.06,10.24,9.87,10.22,731200,NaN,NaN,NaN,NaN,NaN,NaN,NaN
1519952400,10.1,10.14,9.88,9.88,76300,NaN,NaN,NaN,NaN,NaN,NaN,NaN
1520211600,9.9,10.1,9.88,10.04,62700,NaN,NaN,NaN,NaN,NaN,NaN,NaN
1520298000,9.98,10.2,9.93,10.1,1211100,NaN,NaN,NaN,NaN,NaN,NaN,NaN
1520384400,9.9,10.18,9.9,10.04,279500,NaN,NaN,NaN,NaN,NaN,NaN,NaN
1520470800,10,10.2,9.99,10.04,290200,NaN,NaN,NaN,NaN,NaN,NaN,NaN
1520557200,10.04,10.2,10.04,10.18,31800,NaN,NaN,NaN,NaN,NaN,NaN,NaN
1520816400,10,10.22,10,10.2,135700,NaN,NaN,NaN,NaN,NaN,NaN,NaN
1520902800,9.96,10.18,9.96,9.99,638300,NaN,NaN,NaN,NaN,NaN,NaN,NaN
1520989200,9.92,10.04,9.92,10,372300,NaN,NaN,NaN,NaN,NaN,NaN,NaN
1521075600,10.02,10.16,10,10,49000,NaN,NaN,NaN,NaN,NaN,NaN,NaN
1521162000,9.99,10.2,9.99,10.2,831100,NaN,NaN,NaN,NaN,NaN,NaN,NaN
1521421200,10.2,10.22,10.2,10.22,25400,NaN,NaN,NaN,NaN,NaN,NaN,NaN
1521507600,10.18,10.22,10,10.22,29400,NaN,NaN,NaN,NaN,NaN,NaN,NaN
1521594000,10.24,10.24,10.06,10.22,426700,NaN,NaN,NaN,NaN,NaN,NaN,NaN
1521680400,10.1,10.28,10.1,10.26,764600,NaN,NaN,NaN,NaN,NaN,NaN,NaN
1521766800,10.24,10.28,10.24,10.26,293900,NaN,NaN,NaN,NaN,NaN,NaN,NaN
1522026000,10.24,10.28,10.24,10.26,270700,NaN,NaN,NaN,NaN,NaN,NaN,NaN
1522112400,10.26,10.28,10.22,10.26,166000,NaN,NaN,NaN,NaN,NaN,NaN,NaN
1522198800,10.08,10.28,10.04,10.22,44100,NaN,NaN,NaN,NaN,NaN,NaN,NaN
1522285200,10.1,10.24,10.08,10.2,282600,NaN,NaN,NaN,NaN,NaN,NaN,NaN
1522371600,10.04,10.26,10.04,10.26,72400,803349464,8312020000,3827743000,146889000,529073999.99999994,4255180999.9999995,2.53411306042885
1522630800,10.1,10.2,10.1,10.18,2200,NaN,NaN,NaN,NaN,NaN,NaN,NaN
1522717200,9.95,10.2,9.95,10.18,73400,NaN,NaN,NaN,NaN,NaN,NaN,NaN
1522803600,10.2,10.2,10.02,10.1,848700,NaN,NaN,NaN,NaN,NaN,NaN,NaN
1522890000,10.2,10.2,10.1,10.2,606100,NaN,NaN,NaN,NaN,NaN,NaN,NaN
1522976400,10.2,10.2,10.04,10.08,81600,NaN,NaN,NaN,NaN,NaN,NaN,NaN
1523235600,10.26,10.26,9.95,10.18,95400,NaN,NaN,NaN,NaN,NaN,NaN,NaN
1523322000,10.26,10.28,9.96,10,87600,NaN,NaN,NaN,NaN,NaN,NaN,NaN
1523408400,10.04,10.18,10.04,10.08,159300,NaN,NaN,NaN,NaN,NaN,NaN,NaN
1523494800,10.12,10.12,9.95,10.08,56900,NaN,NaN,NaN,NaN,NaN,NaN,NaN
1523581200,9.97,10.04,9.86,9.92,284900,NaN,NaN,NaN,NaN,NaN,NaN,NaN
1523840400,9.91,9.98,9.82,9.92,456500,NaN,NaN,NaN,NaN,NaN,NaN,NaN
1523926800,9.9,9.98,9.78,9.98,2195700,NaN,NaN,NaN,NaN,NaN,NaN,NaN
1524013200,10.06,10.08,9.83,10.08,132700,NaN,NaN,NaN,NaN,NaN,NaN,NaN
1524099600,10.1,10.12,9.96,10,1281700,NaN,NaN,NaN,NaN,NaN,NaN,NaN
1524186000,10.16,10.16,9.9,9.99,111600,NaN,NaN,NaN,NaN,NaN,NaN,NaN
1524445200,10.06,10.06,9.8,9.9,649900,NaN,NaN,NaN,NaN,NaN,NaN,NaN
1524531600,9.82,9.99,9.81,9.81,37200,NaN,NaN,NaN,NaN,NaN,NaN,NaN
1524618000,9.82,9.97,9.78,9.78,132200,NaN,NaN,NaN,NaN,NaN,NaN,NaN
1524704400,9.88,9.91,9.81,9.9,554600,NaN,NaN,NaN,NaN,NaN,NaN,NaN
1524790800,9.84,9.9,9.81,9.9,164200,NaN,NaN,NaN,NaN,NaN,NaN,NaN
1525050000,9.82,9.91,9.82,9.9,1113700,NaN,NaN,NaN,NaN,NaN,NaN,NaN
1525222800,9.81,9.98,9.71,9.91,214300,NaN,NaN,NaN,NaN,NaN,NaN,NaN
1525309200,9.87,9.89,9.66,9.66,230400,NaN,NaN,NaN,NaN,NaN,NaN,NaN
1525395600,9.69,9.76,9.65,9.75,649100,NaN,NaN,NaN,NaN,NaN,NaN,NaN
1525654800,9.65,9.7,9.62,9.66,156200,NaN,NaN,NaN,NaN,NaN,NaN,NaN
1525741200,9.61,9.86,9.61,9.86,363800,NaN,NaN,NaN,NaN,NaN,NaN,NaN
1526259600,9.9,9.9,9.5,9.72,1057600,NaN,NaN,NaN,NaN,NaN,NaN,NaN
1526346000,9.6,9.9,9.55,9.8,292700,NaN,NaN,NaN,NaN,NaN,NaN,NaN
1526432400,9.68,10.08,9.68,9.94,199400,NaN,NaN,NaN,NaN,NaN,NaN,NaN
1526518800,9.82,9.95,9.7,9.7,149400,NaN,NaN,NaN,NaN,NaN,NaN,NaN
1526605200,9.7,9.89,9.64,9.87,281400,NaN,NaN,NaN,NaN,NaN,NaN,NaN
1526864400,9.71,9.88,9.57,9.57,113400,NaN,NaN,NaN,NaN,NaN,NaN,NaN
1526950800,9.7,9.75,9.58,9.68,50700,NaN,NaN,NaN,NaN,NaN,NaN,NaN
1527037200,9.55,9.7,9.5,9.51,76900,NaN,NaN,NaN,NaN,NaN,NaN,NaN
1527123600,9.55,9.66,9.43,9.44,94600,NaN,NaN,NaN,NaN,NaN,NaN,NaN
1527210000,9.53,9.65,9.5,9.51,147300,NaN,NaN,NaN,NaN,NaN,NaN,NaN
1527469200,9.53,9.6,9.520001,9.55,123000,NaN,NaN,NaN,NaN,NaN,NaN,NaN
1527642000,9.54,9.55,9.28,9.28,387200,NaN,NaN,NaN,NaN,NaN,NaN,NaN
1527728400,9.29,9.5,9.29,9.5,971000,NaN,NaN,NaN,NaN,NaN,NaN,NaN
1527814800,9.48,9.59,9.48,9.5,243100,NaN,NaN,NaN,NaN,NaN,NaN,NaN
1528074000,9.5,9.61,9.5,9.5,361000,NaN,NaN,NaN,NaN,NaN,NaN,NaN
1528160400,9.57,9.57,9.42,9.42,97800,NaN,NaN,NaN,NaN,NaN,NaN,NaN
1528246800,9.49,9.59,9.48,9.51,561200,NaN,NaN,NaN,NaN,NaN,NaN,NaN
1528333200,9.520001,9.65,9.51,9.51,653700,NaN,NaN,NaN,NaN,NaN,NaN,NaN
1528419600,9.51,9.57,9.51,9.54,191000,NaN,NaN,NaN,NaN,NaN,NaN,NaN
1528678800,9.54,9.59,9.54,9.58,1166800,NaN,NaN,NaN,NaN,NaN,NaN,NaN
1528765200,9.59,9.62,9.54,9.6,932500,NaN,NaN,NaN,NaN,NaN,NaN,NaN
1528851600,9.42,9.61,9.17,9.6,1075300,NaN,NaN,NaN,NaN,NaN,NaN,NaN
1528938000,9.35,9.57,9.33,9.51,339300,NaN,NaN,NaN,NaN,NaN,NaN,NaN
1529283600,9.48,9.71,9.44,9.5,534500,NaN,NaN,NaN,NaN,NaN,NaN,NaN
1529370000,9.4,9.6,9.34,9.34,214100,NaN,NaN,NaN,NaN,NaN,NaN,NaN
1529456400,9.4,9.45,9.34,9.4,400600,NaN,NaN,NaN,NaN,NaN,NaN,NaN
1529542800,9.49,9.67,9.48,9.56,248700,NaN,NaN,NaN,NaN,NaN,NaN,NaN
1529629200,9.72,9.72,9.42,9.54,190700,NaN,NaN,NaN,NaN,NaN,NaN,NaN
1529888400,9.59,9.67,9.5,9.58,360300,NaN,NaN,NaN,NaN,NaN,NaN,NaN
1529974800,9.58,9.66,9.36,9.58,1400900,NaN,NaN,NaN,NaN,NaN,NaN,NaN
1530061200,9.7,9.7,9.58,9.63,329800,NaN,NaN,NaN,NaN,NaN,NaN,NaN
1530147600,9.59,9.59,9.46,9.5,396300,NaN,NaN,NaN,NaN,NaN,NaN,NaN
1530234000,9.55,9.55,9.33,9.45,467600,804846644,7944019000,3553963000,65464000,402649000,4176572000,2.67195767195767
1530493200,9.45,9.45,9.3,9.3,72500,NaN,NaN,NaN,NaN,NaN,NaN,NaN
1530579600,9.3,9.32,9.28,9.3,89800,NaN,NaN,NaN,NaN,NaN,NaN,NaN
1530666000,9.3,9.3,9.2,9.21,8500,NaN,NaN,NaN,NaN,NaN,NaN,NaN
1530752400,9.21,9.21,9.05,9.16,234100,NaN,NaN,NaN,NaN,NaN,NaN,NaN
1530838800,9.16,9.18,9.06,9.06,1066300,NaN,NaN,NaN,NaN,NaN,NaN,NaN
1531098000,9.1,9.12,9.06,9.09,546500,NaN,NaN,NaN,NaN,NaN,NaN,NaN
1531184400,9.09,9.11,9.09,9.1,520400,NaN,NaN,NaN,NaN,NaN,NaN,NaN
1531270800,9.08,9.4,9.08,9.3,295100,NaN,NaN,NaN,NaN,NaN,NaN,NaN
1531357200,9.21,9.39,9.21,9.3,73200,NaN,NaN,NaN,NaN,NaN,NaN,NaN
1531443600,9.12,9.37,9.12,9.35,55400,NaN,NaN,NaN,NaN,NaN,NaN,NaN
1531702800,9.22,9.4,9.2,9.4,205600,NaN,NaN,NaN,NaN,NaN,NaN,NaN
1531789200,9.26,9.3,9.21,9.3,102000,NaN,NaN,NaN,NaN,NaN,NaN,NaN
1531875600,9.21,9.4,9.21,9.4,585600,NaN,NaN,NaN,NaN,NaN,NaN,NaN
1531962000,9.35,9.39,9.35,9.38,247600,NaN,NaN,NaN,NaN,NaN,NaN,NaN
1532048400,9.38,9.4,9.35,9.4,87700,NaN,NaN,NaN,NaN,NaN,NaN,NaN
1532307600,9.36,9.5,9.33,9.47,201200,NaN,NaN,NaN,NaN,NaN,NaN,NaN
1532394000,9.47,9.49,9.41,9.43,41500,NaN,NaN,NaN,NaN,NaN,NaN,NaN
1532480400,9.43,9.43,9.31,9.31,554100,NaN,NaN,NaN,NaN,NaN,NaN,NaN
1532566800,9.38,9.38,9.33,9.35,698000,NaN,NaN,NaN,NaN,NaN,NaN,NaN
1532653200,9.35,9.4,9.35,9.38,125100,NaN,NaN,NaN,NaN,NaN,NaN,NaN
1532912400,9.42,9.42,9.4,9.4,90500,NaN,NaN,NaN,NaN,NaN,NaN,NaN
1532998800,9.45,9.46,9.35,9.35,2623300,NaN,NaN,NaN,NaN,NaN,NaN,NaN
1533085200,9.35,9.51,9.35,9.45,2238000,NaN,NaN,NaN,NaN,NaN,NaN,NaN
1533171600,9.5,9.5,9.44,9.45,1524800,NaN,NaN,NaN,NaN,NaN,NaN,NaN
1533258000,9.45,9.51,9.45,9.49,2356100,NaN,NaN,NaN,NaN,NaN,NaN,NaN
1533517200,9.49,9.520001,9.49,9.5,1040000,NaN,NaN,NaN,NaN,NaN,NaN,NaN
1533603600,9.5,9.56,9.5,9.55,1537900,NaN,NaN,NaN,NaN,NaN,NaN,NaN
1533690000,9.56,9.57,9.53,9.53,353500,NaN,NaN,NaN,NaN,NaN,NaN,NaN
1533776400,9.55,9.55,9.49,9.49,401000,NaN,NaN,NaN,NaN,NaN,NaN,NaN
1533862800,9.5,9.520001,9.48,9.5,94200,NaN,NaN,NaN,NaN,NaN,NaN,NaN
1534122000,9.5,9.5,9.4,9.4,20700,NaN,NaN,NaN,NaN,NaN,NaN,NaN
1534208400,9.48,9.55,9.4,9.41,54800,NaN,NaN,NaN,NaN,NaN,NaN,NaN
1534294800,9.49,9.49,9.41,9.44,117000,NaN,NaN,NaN,NaN,NaN,NaN,NaN
1534381200,9.41,9.44,9.39,9.44,357200,NaN,NaN,NaN,NaN,NaN,NaN,NaN
1534467600,9.44,9.48,9.44,9.45,103600,NaN,NaN,NaN,NaN,NaN,NaN,NaN
1534726800,9.45,9.45,9.42,9.45,427300,NaN,NaN,NaN,NaN,NaN,NaN,NaN
1534813200,9.45,9.46,9.4,9.4,872300,NaN,NaN,NaN,NaN,NaN,NaN,NaN
1534986000,9.4,9.45,9.4,9.45,148700,NaN,NaN,NaN,NaN,NaN,NaN,NaN
1535072400,9.4,9.45,9.4,9.45,734300,NaN,NaN,NaN,NaN,NaN,NaN,NaN
1535331600,9.41,9.46,9.41,9.46,477500,NaN,NaN,NaN,NaN,NaN,NaN,NaN
1535418000,9.4,9.45,9.35,9.44,243600,NaN,NaN,NaN,NaN,NaN,NaN,NaN
1535504400,9.44,9.45,9.41,9.44,2625500,NaN,NaN,NaN,NaN,NaN,NaN,NaN
1535590800,9.4,9.49,9.4,9.43,3084000,NaN,NaN,NaN,NaN,NaN,NaN,NaN
1535936400,9.41,9.5,9.4,9.43,590900,NaN,NaN,NaN,NaN,NaN,NaN,NaN
1536022800,9.45,9.46,9.35,9.44,426800,NaN,NaN,NaN,NaN,NaN,NaN,NaN
1536109200,9.39,9.49,9.39,9.44,742400,NaN,NaN,NaN,NaN,NaN,NaN,NaN
1536195600,9.24,9.48,9.24,9.47,993600,NaN,NaN,NaN,NaN,NaN,NaN,NaN
1536282000,9.45,9.45,9.4,9.45,313300,NaN,NaN,NaN,NaN,NaN,NaN,NaN
1536714000,9.45,9.45,9.25,9.44,456000,NaN,NaN,NaN,NaN,NaN,NaN,NaN
1536800400,9.3,9.44,9.3,9.4,132700,NaN,NaN,NaN,NaN,NaN,NaN,NaN
1536886800,9.47,9.47,9.4,9.45,178400,NaN,NaN,NaN,NaN,NaN,NaN,NaN
1537232400,9.46,9.64,9.37,9.47,238000,NaN,NaN,NaN,NaN,NaN,NaN,NaN
1537318800,9.36,9.46,9.36,9.36,11800,NaN,NaN,NaN,NaN,NaN,NaN,NaN
1537405200,9.44,9.47,9.41,9.45,239400,NaN,NaN,NaN,NaN,NaN,NaN,NaN
1537491600,9.57,9.57,9.37,9.49,776800,NaN,NaN,NaN,NaN,NaN,NaN,NaN
1537750800,9.46,9.46,9.37,9.4,138100,NaN,NaN,NaN,NaN,NaN,NaN,NaN
1537837200,9.35,9.45,9.35,9.41,7700,NaN,NaN,NaN,NaN,NaN,NaN,NaN
1537923600,9.44,9.45,9.38,9.45,372700,NaN,NaN,NaN,NaN,NaN,NaN,NaN
1538010000,9.5,9.5,9.4,9.48,183900,NaN,NaN,NaN,NaN,NaN,NaN,NaN
1538096400,9.5,9.5,9.43,9.49,511000,804877624,7781517000,3457931000,41920000,488838000,4127350000.0000005,2.66069546891465
1538355600,9.4,9.5,9.4,9.48,53700,NaN,NaN,NaN,NaN,NaN,NaN,NaN
1538442000,9.5,9.520001,9.45,9.520001,678500,NaN,NaN,NaN,NaN,NaN,NaN,NaN
1538528400,9.520001,9.520001,9.5,9.520001,795900,NaN,NaN,NaN,NaN,NaN,NaN,NaN
1538614800,9.520001,9.520001,9.42,9.5,530800,NaN,NaN,NaN,NaN,NaN,NaN,NaN
1538701200,9.520001,9.520001,9.35,9.51,1092500,NaN,NaN,NaN,NaN,NaN,NaN,NaN
1538960400,9.39,9.520001,9.39,9.51,62000,NaN,NaN,NaN,NaN,NaN,NaN,NaN
1539046800,9.53,9.53,9.44,9.520001,442300,NaN,NaN,NaN,NaN,NaN,NaN,NaN
1539133200,9.5,9.5,9.47,9.48,531500,NaN,NaN,NaN,NaN,NaN,NaN,NaN
1539219600,9.3,9.5,9.21,9.36,719700,NaN,NaN,NaN,NaN,NaN,NaN,NaN
1539306000,9.54,9.54,9.4,9.51,1351000,NaN,NaN,NaN,NaN,NaN,NaN,NaN
1539565200,9.5,9.55,9.2,9.54,264900,NaN,NaN,NaN,NaN,NaN,NaN,NaN
1539651600,9.28,9.55,9.28,9.55,81600,NaN,NaN,NaN,NaN,NaN,NaN,NaN
1539738000,9.35,9.59,9.35,9.57,117000,NaN,NaN,NaN,NaN,NaN,NaN,NaN
1539824400,9.34,9.57,9.33,9.57,2036300,NaN,NaN,NaN,NaN,NaN,NaN,NaN
1539910800,9.54,9.62,9.54,9.61,273600,NaN,NaN,NaN,NaN,NaN,NaN,NaN
1540170000,9.5,9.520001,9.44,9.5,425100,NaN,NaN,NaN,NaN,NaN,NaN,NaN
1540256400,9.55,9.55,9.42,9.49,872000,NaN,NaN,NaN,NaN,NaN,NaN,NaN
1540342800,9.520001,9.520001,9.47,9.51,699400,NaN,NaN,NaN,NaN,NaN,NaN,NaN
1540429200,9.35,9.51,9.35,9.48,64200,NaN,NaN,NaN,NaN,NaN,NaN,NaN
1540515600,9.61,9.61,9.43,9.51,1343400,NaN,NaN,NaN,NaN,NaN,NaN,NaN
1540774800,9.51,9.51,9.42,9.51,910000,NaN,NaN,NaN,NaN,NaN,NaN,NaN
1540861200,9.48,9.6,9.48,9.58,186100,NaN,NaN,NaN,NaN,NaN,NaN,NaN
1540947600,9.59,9.79,9.520001,9.65,1221700,NaN,NaN,NaN,NaN,NaN,NaN,NaN
1541034000,9.7,9.7,9.63,9.66,1023400,NaN,NaN,NaN,NaN,NaN,NaN,NaN
1541120400,9.72,9.72,9.43,9.58,129700,NaN,NaN,NaN,NaN,NaN,NaN,NaN
1541379600,9.7,9.75,9.41,9.75,63400,NaN,NaN,NaN,NaN,NaN,NaN,NaN
1541552400,9.75,9.79,9.69,9.770001,371600,NaN,NaN,NaN,NaN,NaN,NaN,NaN
1541638800,9.770001,9.78,9.76,9.78,300400,NaN,NaN,NaN,NaN,NaN,NaN,NaN
1541725200,9.78,9.78,9.7,9.78,2036300,NaN,NaN,NaN,NaN,NaN,NaN,NaN
1541984400,9.75,9.75,9.7,9.72,5200,NaN,NaN,NaN,NaN,NaN,NaN,NaN
1542070800,9.55,9.67,9.55,9.56,48200,NaN,NaN,NaN,NaN,NaN,NaN,NaN
1542157200,9.69,9.69,9.53,9.62,428100,NaN,NaN,NaN,NaN,NaN,NaN,NaN
1542243600,9.58,9.65,9.55,9.63,1537300,NaN,NaN,NaN,NaN,NaN,NaN,NaN
1542330000,9.75,9.88,9.74,9.82,1800000,NaN,NaN,NaN,NaN,NaN,NaN,NaN
1542589200,9.88,9.88,9.72,9.78,209800,NaN,NaN,NaN,NaN,NaN,NaN,NaN
1542762000,9.78,9.78,9.69,9.74,1589800,NaN,NaN,NaN,NaN,NaN,NaN,NaN
1542848400,9.7,9.7,9.62,9.66,1297100,NaN,NaN,NaN,NaN,NaN,NaN,NaN
1542934800,9.65,9.66,9.64,9.65,406300,NaN,NaN,NaN,NaN,NaN,NaN,NaN
1543194000,9.65,9.65,9.520001,9.61,17900,NaN,NaN,NaN,NaN,NaN,NaN,NaN
1543280400,9.6,9.69,9.48,9.61,1294800,NaN,NaN,NaN,NaN,NaN,NaN,NaN
1543366800,9.72,9.73,9.59,9.63,1272800,NaN,NaN,NaN,NaN,NaN,NaN,NaN
1543453200,9.7,9.8,9.46,9.65,2584800,NaN,NaN,NaN,NaN,NaN,NaN,NaN
1543539600,9.7,9.7,9.47,9.5,1264000,NaN,NaN,NaN,NaN,NaN,NaN,NaN
1543798800,9.5,9.5,9.28,9.4,749400,NaN,NaN,NaN,NaN,NaN,NaN,NaN
1543885200,9.33,9.62,9.33,9.62,310200,NaN,NaN,NaN,NaN,NaN,NaN,NaN
1543971600,9.62,9.75,9.51,9.72,136400,NaN,NaN,NaN,NaN,NaN,NaN,NaN
1544058000,9.5,9.62,9.5,9.62,386800,NaN,NaN,NaN,NaN,NaN,NaN,NaN
1544144400,9.62,9.71,9.520001,9.69,107100,NaN,NaN,NaN,NaN,NaN,NaN,NaN
1544403600,9.79,9.79,9.48,9.48,1100,NaN,NaN,NaN,NaN,NaN,NaN,NaN
1544490000,9.36,9.49,9.2,9.4,396600,NaN,NaN,NaN,NaN,NaN,NaN,NaN
1544576400,9.4,9.49,9.3,9.45,217000,NaN,NaN,NaN,NaN,NaN,NaN,NaN
1544662800,9.59,9.7,9.55,9.7,446100,NaN,NaN,NaN,NaN,NaN,NaN,NaN
1544749200,9.7,9.8,9.69,9.78,128000,NaN,NaN,NaN,NaN,NaN,NaN,NaN
1545008400,9.49,9.6,9.44,9.55,111900,NaN,NaN,NaN,NaN,NaN,NaN,NaN
1545094800,9.06,9.47,9.06,9.4,950900,NaN,NaN,NaN,NaN,NaN,NaN,NaN
1545181200,9.55,9.78,9.31,9.5,287500,NaN,NaN,NaN,NaN,NaN,NaN,NaN
1545267600,9.3,9.520001,9.3,9.51,1032600,NaN,NaN,NaN,NaN,NaN,NaN,NaN
1545354000,9.5,9.63,9.5,9.6,331100,NaN,NaN,NaN,NaN,NaN,NaN,NaN
1545613200,9.6,9.75,9.6,9.75,24700,NaN,NaN,NaN,NaN,NaN,NaN,NaN
1545786000,9.74,9.76,9.74,9.75,61400,NaN,NaN,NaN,NaN,NaN,NaN,NaN
1545872400,9.65,9.86,9.65,9.86,51700,NaN,NaN,NaN,NaN,NaN,NaN,NaN
1545958800,9.84,9.85,9.770001,9.85,41000,NaN,NaN,NaN,NaN,NaN,NaN,NaN
1546218000,9.85,9.87,9.83,9.86,602800,805573124,7951630000,3625545000,34765000,482338000,4120569999.9999995,1.3184584178499
1546390800,9.86,9.86,9.82,9.83,175200,NaN,NaN,NaN,NaN,NaN,NaN,NaN
1546477200,9.84,9.88,9.8,9.86,425000,NaN,NaN,NaN,NaN,NaN,NaN,NaN
1546563600,9.87,9.87,9.6,9.71,57900,NaN,NaN,NaN,NaN,NaN,NaN,NaN
1546822800,9.58,9.85,9.520001,9.69,102000,NaN,NaN,NaN,NaN,NaN,NaN,NaN
1546909200,9.6,9.770001,9.6,9.7,126900,NaN,NaN,NaN,NaN,NaN,NaN,NaN
1546995600,9.84,9.84,9.55,9.57,202200,NaN,NaN,NaN,NaN,NaN,NaN,NaN
1547082000,9.73,9.82,9.7,9.82,2965500,NaN,NaN,NaN,NaN,NaN,NaN,NaN
1547168400,9.87,9.99,9.8,9.99,250800,NaN,NaN,NaN,NaN,NaN,NaN,NaN
1547427600,9.95,9.95,9.86,9.9,2243300,NaN,NaN,NaN,NaN,NaN,NaN,NaN
1547514000,9.9,9.9,9.8,9.85,323300,NaN,NaN,NaN,NaN,NaN,NaN,NaN
1547600400,9.8,9.83,9.79,9.8,2367500,NaN,NaN,NaN,NaN,NaN,NaN,NaN
1547686800,9.95,9.95,9.88,9.92,1171900,NaN,NaN,NaN,NaN,NaN,NaN,NaN
1547773200,9.93,9.99,9.9,9.98,2910600,NaN,NaN,NaN,NaN,NaN,NaN,NaN
1548118800,10,10.02,9.97,10.02,1327400,NaN,NaN,NaN,NaN,NaN,NaN,NaN
1548205200,10,10.06,9.99,10.02,3333300,NaN,NaN,NaN,NaN,NaN,NaN,NaN
1548291600,10.06,10.06,10,10.02,813100,NaN,NaN,NaN,NaN,NaN,NaN,NaN
1548378000,10.04,10.06,10,10.04,1416400,NaN,NaN,NaN,NaN,NaN,NaN,NaN
1548637200,10.38,10.38,9.9,10.26,798300,NaN,NaN,NaN,NaN,NaN,NaN,NaN
1548723600,10.4,10.4,10.08,10.3,319600,NaN,NaN,NaN,NaN,NaN,NaN,NaN
1548810000,10.4,10.4,10.02,10.06,1962800,NaN,NaN,NaN,NaN,NaN,NaN,NaN
1548896400,10.4,10.4,10.08,10.22,1395900,NaN,NaN,NaN,NaN,NaN,NaN,NaN
1549242000,10.2,10.22,10.12,10.14,2042800,NaN,NaN,NaN,NaN,NaN,NaN,NaN
1549501200,10.38,10.48,10.38,10.44,172700,NaN,NaN,NaN,NaN,NaN,NaN,NaN
1549587600,10.16,10.3,10.16,10.3,468400,NaN,NaN,NaN,NaN,NaN,NaN,NaN
1549846800,10.24,10.38,10.24,10.36,359400,NaN,NaN,NaN,NaN,NaN,NaN,NaN
1549933200,10.38,10.52,10.38,10.5,902500,NaN,NaN,NaN,NaN,NaN,NaN,NaN
1550019600,10.46,10.48,10.4,10.42,2361900,NaN,NaN,NaN,NaN,NaN,NaN,NaN
1550106000,10.42,10.44,10.36,10.36,1708300,NaN,NaN,NaN,NaN,NaN,NaN,NaN
1550192400,10.3,10.52,10.3,10.5,1692700,NaN,NaN,NaN,NaN,NaN,NaN,NaN
1550451600,10.52,10.54,10.5,10.52,235200,NaN,NaN,NaN,NaN,NaN,NaN,NaN
1550538000,10.5,10.62,10.5,10.6,966900,NaN,NaN,NaN,NaN,NaN,NaN,NaN
1550624400,10.62,10.78,10.5,10.5,2099600,NaN,NaN,NaN,NaN,NaN,NaN,NaN
1550710800,10.5,10.7,10.5,10.7,2192000,NaN,NaN,NaN,NaN,NaN,NaN,NaN
1550797200,10.62,10.64,10.6,10.6,172600,NaN,NaN,NaN,NaN,NaN,NaN,NaN
1551056400,10.5,10.6,10.5,10.54,67600,NaN,NaN,NaN,NaN,NaN,NaN,NaN
1551142800,10.48,10.62,10.48,10.62,748500,NaN,NaN,NaN,NaN,NaN,NaN,NaN
1551229200,10.4,10.54,10.4,10.52,853000,NaN,NaN,NaN,NaN,NaN,NaN,NaN
1551315600,10.4,10.58,10.4,10.5,993300,NaN,NaN,NaN,NaN,NaN,NaN,NaN
1551402000,10.4,10.5,10.4,10.5,447600,NaN,NaN,NaN,NaN,NaN,NaN,NaN
1551661200,10.3,10.54,10.3,10.4,162700,NaN,NaN,NaN,NaN,NaN,NaN,NaN
1551747600,10.28,10.44,10.28,10.42,639200,NaN,NaN,NaN,NaN,NaN,NaN,NaN
1551834000,10.34,10.44,10.34,10.44,51300,NaN,NaN,NaN,NaN,NaN,NaN,NaN
1551920400,10.34,10.46,10.34,10.4,1088500,NaN,NaN,NaN,NaN,NaN,NaN,NaN
1552006800,10.4,10.42,10.4,10.4,98400,NaN,NaN,NaN,NaN,NaN,NaN,NaN
1552266000,10.4,10.46,10.4,10.44,1150800,NaN,NaN,NaN,NaN,NaN,NaN,NaN
1552352400,10.44,10.54,10.42,10.5,366200,NaN,NaN,NaN,NaN,NaN,NaN,NaN
1552438800,10.5,10.54,10.48,10.52,142400,NaN,NaN,NaN,NaN,NaN,NaN,NaN
1552525200,10.4,10.46,10.32,10.42,603300,NaN,NaN,NaN,NaN,NaN,NaN,NaN
1552611600,10.42,10.6,10.42,10.6,442500,NaN,NaN,NaN,NaN,NaN,NaN,NaN
1552870800,10.6,10.6,10.44,10.6,112700,NaN,NaN,NaN,NaN,NaN,NaN,NaN
1552957200,10.58,10.6,10.54,10.6,169700,NaN,NaN,NaN,NaN,NaN,NaN,NaN
1553043600,10.58,10.6,10.44,10.48,146400,NaN,NaN,NaN,NaN,NaN,NaN,NaN
1553130000,10.6,10.6,10.34,10.38,351100,NaN,NaN,NaN,NaN,NaN,NaN,NaN
1553216400,10.38,10.4,10.28,10.4,98100,NaN,NaN,NaN,NaN,NaN,NaN,NaN
1553475600,10.18,10.6,10.18,10.6,94200,NaN,NaN,NaN,NaN,NaN,NaN,NaN
1553562000,10.54,10.54,10.34,10.5,89900,NaN,NaN,NaN,NaN,NaN,NaN,NaN
1553648400,10.52,10.58,10.46,10.52,717700,NaN,NaN,NaN,NaN,NaN,NaN,NaN
1553734800,10.5,10.56,10.5,10.5,451900,NaN,NaN,NaN,NaN,NaN,NaN,NaN
1553821200,10.56,10.68,10.5,10.6,1402400,808766694,7885537000,3492549000,81090000,621696000,4191191000,1.22641509433962
1554080400,10.5,10.5,10.38,10.4,682100,NaN,NaN,NaN,NaN,NaN,NaN,NaN
1554166800,10.4,10.56,10.4,10.5,1098000,NaN,NaN,NaN,NaN,NaN,NaN,NaN
1554253200,10.5,10.52,10.42,10.5,362900,NaN,NaN,NaN,NaN,NaN,NaN,NaN
1554339600,10.48,10.52,10.48,10.52,732200,NaN,NaN,NaN,NaN,NaN,NaN,NaN
1554426000,10.5,10.52,10.46,10.5,761100,NaN,NaN,NaN,NaN,NaN,NaN,NaN
1554685200,10.54,10.58,10.48,10.58,943800,NaN,NaN,NaN,NaN,NaN,NaN,NaN
1554771600,10.58,10.58,10.42,10.5,844500,NaN,NaN,NaN,NaN,NaN,NaN,NaN
1554858000,10.38,10.56,10.38,10.56,628700,NaN,NaN,NaN,NaN,NaN,NaN,NaN
1554944400,10.42,10.56,10.42,10.54,804400,NaN,NaN,NaN,NaN,NaN,NaN,NaN
1555030800,10.58,10.6,10.54,10.6,114700,NaN,NaN,NaN,NaN,NaN,NaN,NaN
1555290000,10.6,10.7,10.54,10.6,289300,NaN,NaN,NaN,NaN,NaN,NaN,NaN
1555376400,10.6,10.62,10.58,10.62,592200,NaN,NaN,NaN,NaN,NaN,NaN,NaN
1555462800,10.62,10.62,10.44,10.54,73800,NaN,NaN,NaN,NaN,NaN,NaN,NaN
1555549200,10.54,10.54,10.4,10.52,199300,NaN,NaN,NaN,NaN,NaN,NaN,NaN
1555635600,10.52,10.52,10.42,10.48,1029400,NaN,NaN,NaN,NaN,NaN,NaN,NaN
1555894800,10.48,10.48,10.3,10.32,46900,NaN,NaN,NaN,NaN,NaN,NaN,NaN
1555981200,10.36,10.36,10.3,10.34,199300,NaN,NaN,NaN,NaN,NaN,NaN,NaN
1556067600,10.32,10.48,10.26,10.48,461700,NaN,NaN,NaN,NaN,NaN,NaN,NaN
1556154000,10.48,10.58,10.48,10.58,824400,NaN,NaN,NaN,NaN,NaN,NaN,NaN
1556240400,10.36,10.6,10.36,10.6,58000,NaN,NaN,NaN,NaN,NaN,NaN,NaN
1556499600,10.58,10.58,10.58,10.58,33000,NaN,NaN,NaN,NaN,NaN,NaN,NaN
1556586000,10.58,10.58,10.36,10.52,175400,NaN,NaN,NaN,NaN,NaN,NaN,NaN
1556758800,10.5,10.5,10.3,10.44,44600,NaN,NaN,NaN,NaN,NaN,NaN,NaN
1556845200,10.42,10.42,10.28,10.28,17200,NaN,NaN,NaN,NaN,NaN,NaN,NaN
1557104400,10.38,10.38,10.16,10.32,79200,NaN,NaN,NaN,NaN,NaN,NaN,NaN
1557190800,10.34,10.36,10.32,10.34,508300,NaN,NaN,NaN,NaN,NaN,NaN,NaN
1557277200,10.2,10.34,10.2,10.32,203900,NaN,NaN,NaN,NaN,NaN,NaN,NaN
1557363600,10.2,10.3,10.2,10.28,544500,NaN,NaN,NaN,NaN,NaN,NaN,NaN
1557450000,10.16,10.48,10.16,10.28,268400,NaN,NaN,NaN,NaN,NaN,NaN,NaN
1557709200,10.24,10.3,10.24,10.3,1895000,NaN,NaN,NaN,NaN,NaN,NaN,NaN
1557795600,10.1,10.26,9.8,10.2,718400,NaN,NaN,NaN,NaN,NaN,NaN,NaN
1557882000,10.16,10.32,10.1,10.3,1173500,NaN,NaN,NaN,NaN,NaN,NaN,NaN
1557968400,10.42,10.42,10.28,10.3,487300,NaN,NaN,NaN,NaN,NaN,NaN,NaN
1558054800,10.1,10.34,10.1,10.32,971600,NaN,NaN,NaN,NaN,NaN,NaN,NaN
1558400400,10.3,10.36,10.16,10.26,215900,NaN,NaN,NaN,NaN,NaN,NaN,NaN
1558573200,10.2,10.26,10.02,10.2,1230800,NaN,NaN,NaN,NaN,NaN,NaN,NaN
1558659600,9.97,10.22,9.96,10.2,445300,NaN,NaN,NaN,NaN,NaN,NaN,NaN
1558918800,10.02,10.26,10.02,10.2,1520200,NaN,NaN,NaN,NaN,NaN,NaN,NaN
1559005200,10.1,10.14,10.06,10.1,3589500,NaN,NaN,NaN,NaN,NaN,NaN,NaN
1559091600,10,10.12,10,10.1,1220700,NaN,NaN,NaN,NaN,NaN,NaN,NaN
1559178000,10.2,10.2,10.08,10.08,1739200,NaN,NaN,NaN,NaN,NaN,NaN,NaN
1559264400,10.1,10.36,10.1,10.36,233900,NaN,NaN,NaN,NaN,NaN,NaN,NaN
1559523600,10.3,10.36,10.1,10.32,332500,NaN,NaN,NaN,NaN,NaN,NaN,NaN
1559610000,10.3,10.3,9.82,10.12,57000,NaN,NaN,NaN,NaN,NaN,NaN,NaN
1559869200,10.12,10.3,9.83,10.28,64400,NaN,NaN,NaN,NaN,NaN,NaN,NaN
1560128400,10.26,10.4,10.26,10.36,240800,NaN,NaN,NaN,NaN,NaN,NaN,NaN
1560214800,10.06,10.26,10.06,10.12,20200,NaN,NaN,NaN,NaN,NaN,NaN,NaN
1560301200,10.02,10.2,10.02,10.18,155700,NaN,NaN,NaN,NaN,NaN,NaN,NaN
1560387600,10.04,10.36,10.04,10.22,1767400,NaN,NaN,NaN,NaN,NaN,NaN,NaN
1560474000,10.32,10.32,10.1,10.14,36000,NaN,NaN,NaN,NaN,NaN,NaN,NaN
1560733200,10.14,10.32,10.04,10.16,423200,NaN,NaN,NaN,NaN,NaN,NaN,NaN
1560819600,10.02,10.16,10,10.12,1059500,NaN,NaN,NaN,NaN,NaN,NaN,NaN
1560906000,10.1,10.22,10.1,10.1,51400,NaN,NaN,NaN,NaN,NaN,NaN,NaN
1560992400,10,10.34,9.97,10.34,150600,NaN,NaN,NaN,NaN,NaN,NaN,NaN
1561078800,10.28,10.34,10.14,10.28,326100,NaN,NaN,NaN,NaN,NaN,NaN,NaN
1561338000,10.2,10.24,10.08,10.08,32400,NaN,NaN,NaN,NaN,NaN,NaN,NaN
1561424400,10.06,10.08,9.98,10,384700,NaN,NaN,NaN,NaN,NaN,NaN,NaN
1561510800,10,10.16,9.98,10.16,599100,NaN,NaN,NaN,NaN,NaN,NaN,NaN
1561597200,10.06,10.12,10.02,10.12,558300,NaN,NaN,NaN,NaN,NaN,NaN,NaN
1561683600,10,10.02,9.95,10,298300,897198230,8612306000,3564999000,38301000,525744000,4847462000,1.175
1561942800,10,10.12,9.96,10.12,1331100,NaN,NaN,NaN,NaN,NaN,NaN,NaN
1562029200,10.1,10.12,10,10.02,245300,NaN,NaN,NaN,NaN,NaN,NaN,NaN
1562115600,10.02,10.12,10.02,10.04,147100,NaN,NaN,NaN,NaN,NaN,NaN,NaN
1562202000,10.12,10.12,10.04,10.04,39600,NaN,NaN,NaN,NaN,NaN,NaN,NaN
1562288400,10.02,10.1,10.02,10.1,8700,NaN,NaN,NaN,NaN,NaN,NaN,NaN
1562547600,10.08,10.08,9.98,9.98,49600,NaN,NaN,NaN,NaN,NaN,NaN,NaN
1562634000,10,10.04,9.99,10,117700,NaN,NaN,NaN,NaN,NaN,NaN,NaN
1562720400,9.98,10.04,9.98,10.04,583500,NaN,NaN,NaN,NaN,NaN,NaN,NaN
1562806800,10,10.06,9.97,10.06,64100,NaN,NaN,NaN,NaN,NaN,NaN,NaN
1562893200,10,10.04,10,10.02,30200,NaN,NaN,NaN,NaN,NaN,NaN,NaN
1563152400,9.98,10,9.92,10,38200,NaN,NaN,NaN,NaN,NaN,NaN,NaN
1563238800,10,10.04,9.98,10.04,342800,NaN,NaN,NaN,NaN,NaN,NaN,NaN
1563325200,9.95,10.04,9.89,10,570500,NaN,NaN,NaN,NaN,NaN,NaN,NaN
1563411600,9.9,9.95,9.89,9.94,149000,NaN,NaN,NaN,NaN,NaN,NaN,NaN
1563498000,9.94,9.96,9.89,9.95,106300,NaN,NaN,NaN,NaN,NaN,NaN,NaN
1563757200,9.9,10.08,9.85,9.88,70300,NaN,NaN,NaN,NaN,NaN,NaN,NaN
1563843600,9.85,9.88,9.81,9.81,138100,NaN,NaN,NaN,NaN,NaN,NaN,NaN
1563930000,9.88,9.9,9.66,9.82,214000,NaN,NaN,NaN,NaN,NaN,NaN,NaN
1564016400,9.83,9.9,9.67,9.770001,201600,NaN,NaN,NaN,NaN,NaN,NaN,NaN
1564102800,9.68,9.92,9.68,9.82,231700,NaN,NaN,NaN,NaN,NaN,NaN,NaN
1564362000,9.78,9.9,9.76,9.9,56100,NaN,NaN,NaN,NaN,NaN,NaN,NaN
1564534800,9.76,9.86,9.67,9.7,284800,NaN,NaN,NaN,NaN,NaN,NaN,NaN
1564621200,9.7,9.76,9.49,9.53,397300,NaN,NaN,NaN,NaN,NaN,NaN,NaN
1564707600,9.45,9.66,9.45,9.55,232100,NaN,NaN,NaN,NaN,NaN,NaN,NaN
1564966800,9.45,9.47,9.33,9.42,280900,NaN,NaN,NaN,NaN,NaN,NaN,NaN
1565053200,9.33,9.44,9.17,9.36,388700,NaN,NaN,NaN,NaN,NaN,NaN,NaN
1565139600,9.21,9.51,9.21,9.47,138200,NaN,NaN,NaN,NaN,NaN,NaN,NaN
1565226000,9.48,9.8,9.48,9.6,163600,NaN,NaN,NaN,NaN,NaN,NaN,NaN
1565312400,9.4,9.61,9.4,9.56,231700,NaN,NaN,NaN,NaN,NaN,NaN,NaN
1565658000,9.54,9.68,9.54,9.59,115500,NaN,NaN,NaN,NaN,NaN,NaN,NaN
1565744400,9.46,9.61,9.46,9.56,166000,NaN,NaN,NaN,NaN,NaN,NaN,NaN
1565830800,9.28,9.98,9.2,9.98,209000,NaN,NaN,NaN,NaN,NaN,NaN,NaN
1565917200,9.59,9.7,9.59,9.65,248400,NaN,NaN,NaN,NaN,NaN,NaN,NaN
1566176400,9.31,9.8,9.31,9.7,133600,NaN,NaN,NaN,NaN,NaN,NaN,NaN
1566262800,9.7,9.79,9.7,9.7,3318300,NaN,NaN,NaN,NaN,NaN,NaN,NaN
1566349200,9.7,9.8,9.54,9.75,151300,NaN,NaN,NaN,NaN,NaN,NaN,NaN
1566435600,9.75,9.8,9.75,9.8,745300,NaN,NaN,NaN,NaN,NaN,NaN,NaN
1566522000,9.6,9.98,9.56,9.98,108700,NaN,NaN,NaN,NaN,NaN,NaN,NaN
1566781200,9.81,9.98,9.71,9.98,2232500,NaN,NaN,NaN,NaN,NaN,NaN,NaN
1566867600,10,10.2,9.73,10.2,463900,NaN,NaN,NaN,NaN,NaN,NaN,NaN
1566954000,10.16,10.16,9.71,10,1282000,NaN,NaN,NaN,NaN,NaN,NaN,NaN
1567040400,10,10.04,9.83,10.02,1285900,NaN,NaN,NaN,NaN,NaN,NaN,NaN
1567126800,10.06,10.06,9.92,10.02,1769600,NaN,NaN,NaN,NaN,NaN,NaN,NaN
1567472400,10.16,10.2,9.72,9.72,152900,NaN,NaN,NaN,NaN,NaN,NaN,NaN
1567558800,9.73,9.73,9.55,9.7,323800,NaN,NaN,NaN,NaN,NaN,NaN,NaN
1567645200,9.7,9.79,9.7,9.72,133800,NaN,NaN,NaN,NaN,NaN,NaN,NaN
1567731600,9.78,9.81,9.74,9.75,1515500,NaN,NaN,NaN,NaN,NaN,NaN,NaN
1568077200,9.75,9.99,9.71,9.99,271800,NaN,NaN,NaN,NaN,NaN,NaN,NaN
1568163600,10,10,9.85,9.94,146600,NaN,NaN,NaN,NaN,NaN,NaN,NaN
1568250000,9.99,9.99,9.94,9.95,683300,NaN,NaN,NaN,NaN,NaN,NaN,NaN
1568336400,9.98,10.08,9.94,10.04,547900,NaN,NaN,NaN,NaN,NaN,NaN,NaN
1568682000,9.98,10.5,9.8,10.22,373300,NaN,NaN,NaN,NaN,NaN,NaN,NaN
1568768400,10.1,10.12,10,10.08,97600,NaN,NaN,NaN,NaN,NaN,NaN,NaN
1568854800,10,10,9.9,9.99,110800,NaN,NaN,NaN,NaN,NaN,NaN,NaN
1568941200,9.76,10.02,9.76,9.9,1331200,NaN,NaN,NaN,NaN,NaN,NaN,NaN
1569200400,9.89,9.99,9.8,9.91,41700,NaN,NaN,NaN,NaN,NaN,NaN,NaN
1569286800,9.7,9.98,9.69,9.98,178600,NaN,NaN,NaN,NaN,NaN,NaN,NaN
1569373200,9.69,9.96,9.69,9.89,769400,NaN,NaN,NaN,NaN,NaN,NaN,NaN
1569459600,9.81,9.87,9.75,9.76,228100,NaN,NaN,NaN,NaN,NaN,NaN,NaN
1569546000,9.71,9.84,9.71,9.79,118800,NaN,NaN,NaN,NaN,NaN,NaN,NaN
1569805200,9.76,9.97,9.76,9.91,732400,897198230,8714997000,3680891000,32277000,475370000,4840676000,1.18567103935419
1569891600,9.85,9.95,9.84,9.95,579300,NaN,NaN,NaN,NaN,NaN,NaN,NaN
1569978000,9.9,9.93,9.9,9.91,91200,NaN,NaN,NaN,NaN,NaN,NaN,NaN
1570064400,9.84,9.96,9.84,9.93,1517900,NaN,NaN,NaN,NaN,NaN,NaN,NaN
1570150800,9.86,9.95,9.86,9.95,3577600,NaN,NaN,NaN,NaN,NaN,NaN,NaN
1570410000,10.06,10.06,10.06,10.06,23000,NaN,NaN,NaN,NaN,NaN,NaN,NaN
1570496400,10,10.06,9.89,10.02,70200,NaN,NaN,NaN,NaN,NaN,NaN,NaN
1570582800,10.02,10.08,10,10,330600,NaN,NaN,NaN,NaN,NaN,NaN,NaN
1570669200,10,10.08,10,10.08,103700,NaN,NaN,NaN,NaN,NaN,NaN,NaN
1570755600,10.02,10.02,10,10.02,39000,NaN,NaN,NaN,NaN,NaN,NaN,NaN
1571014800,10,10,9.72,9.84,224600,NaN,NaN,NaN,NaN,NaN,NaN,NaN
1571101200,9.83,10,9.83,9.88,202000,NaN,NaN,NaN,NaN,NaN,NaN,NaN
1571187600,9.9,10,9.8,10,247800,NaN,NaN,NaN,NaN,NaN,NaN,NaN
1571274000,10.08,10.1,9.88,10.08,62400,NaN,NaN,NaN,NaN,NaN,NaN,NaN
1571360400,9.9,10.1,9.8,9.8,736700,NaN,NaN,NaN,NaN,NaN,NaN,NaN
1571619600,9.8,9.85,9.7,9.84,282100,NaN,NaN,NaN,NaN,NaN,NaN,NaN
1571706000,9.73,9.97,9.73,9.93,1336100,NaN,NaN,NaN,NaN,NaN,NaN,NaN
1571792400,9.9,9.91,9.79,9.9,75600,NaN,NaN,NaN,NaN,NaN,NaN,NaN
1571878800,9.9,9.91,9.8,9.91,163300,NaN,NaN,NaN,NaN,NaN,NaN,NaN
1571965200,9.9,9.9,9.75,9.8,1101900,NaN,NaN,NaN,NaN,NaN,NaN,NaN
1572310800,9.85,9.89,9.84,9.89,342100,NaN,NaN,NaN,NaN,NaN,NaN,NaN
1572397200,9.93,9.93,9.86,9.93,110400,NaN,NaN,NaN,NaN,NaN,NaN,NaN
1572483600,9.92,9.96,9.91,9.94,434200,NaN,NaN,NaN,NaN,NaN,NaN,NaN
1572570000,9.96,10.02,9.95,10.02,210000,NaN,NaN,NaN,NaN,NaN,NaN,NaN
1572829200,10.1,10.14,10.02,10.1,232100,NaN,NaN,NaN,NaN,NaN,NaN,NaN
1572915600,10.1,10.12,10.06,10.08,980200,NaN,NaN,NaN,NaN,NaN,NaN,NaN
1573002000,10.16,10.16,10.02,10.04,183800,NaN,NaN,NaN,NaN,NaN,NaN,NaN
1573088400,10.18,10.18,10.1,10.12,152000,NaN,NaN,NaN,NaN,NaN,NaN,NaN
1573174800,10.08,10.16,10.08,10.12,1278500,NaN,NaN,NaN,NaN,NaN,NaN,NaN
1573434000,10.12,10.14,10.08,10.14,495900,NaN,NaN,NaN,NaN,NaN,NaN,NaN
1573520400,10.18,10.2,10.1,10.14,560700,NaN,NaN,NaN,NaN,NaN,NaN,NaN
1573606800,10.14,10.18,10.06,10.14,290900,NaN,NaN,NaN,NaN,NaN,NaN,NaN
1573693200,10.1,10.12,10.04,10.1,1395400,NaN,NaN,NaN,NaN,NaN,NaN,NaN
1573779600,10.18,10.18,10.1,10.18,51200,NaN,NaN,NaN,NaN,NaN,NaN,NaN
1574038800,10.18,10.22,10.14,10.22,404000,NaN,NaN,NaN,NaN,NaN,NaN,NaN
1574125200,10.24,10.24,10.18,10.22,619000,NaN,NaN,NaN,NaN,NaN,NaN,NaN
1574211600,10.2,10.3,10.18,10.28,918800,NaN,NaN,NaN,NaN,NaN,NaN,NaN
1574298000,10.22,10.8,10.2,10.6,1198200,NaN,NaN,NaN,NaN,NaN,NaN,NaN
1574384400,10.6,10.6,10.32,10.42,1441200,NaN,NaN,NaN,NaN,NaN,NaN,NaN
1574643600,10.42,10.56,10.42,10.5,218500,NaN,NaN,NaN,NaN,NaN,NaN,NaN
1574730000,10.58,10.58,10.46,10.54,2900400,NaN,NaN,NaN,NaN,NaN,NaN,NaN
1574816400,10.66,10.66,10.42,10.6,124300,NaN,NaN,NaN,NaN,NaN,NaN,NaN
1574902800,10.5,10.52,10.18,10.44,292700,NaN,NaN,NaN,NaN,NaN,NaN,NaN
1574989200,10.46,10.58,10.26,10.32,422400,NaN,NaN,NaN,NaN,NaN,NaN,NaN
1575248400,10.32,10.32,10.26,10.3,94100,NaN,NaN,NaN,NaN,NaN,NaN,NaN
1575334800,10.3,10.3,10.18,10.2,1224200,NaN,NaN,NaN,NaN,NaN,NaN,NaN
1575421200,10.06,10.26,10.06,10.18,521700,NaN,NaN,NaN,NaN,NaN,NaN,NaN
1575507600,10.48,10.68,10.44,10.48,368800,NaN,NaN,NaN,NaN,NaN,NaN,NaN
1575594000,10.54,10.64,10.3,10.4,534100,NaN,NaN,NaN,NaN,NaN,NaN,NaN
1575853200,10.5,10.66,10.48,10.6,3467000,NaN,NaN,NaN,NaN,NaN,NaN,NaN
1575939600,10.6,10.62,10.58,10.6,619300,NaN,NaN,NaN,NaN,NaN,NaN,NaN
1576026000,10.64,10.72,10.56,10.6,2934300,NaN,NaN,NaN,NaN,NaN,NaN,NaN
1576112400,10.7,10.7,10.56,10.64,1502500,NaN,NaN,NaN,NaN,NaN,NaN,NaN
1576198800,10.7,10.92,10.4,10.4,2325700,NaN,NaN,NaN,NaN,NaN,NaN,NaN
1576458000,10.66,10.7,10.44,10.54,109400,NaN,NaN,NaN,NaN,NaN,NaN,NaN
1576544400,10.54,10.9,10.54,10.7,614100,NaN,NaN,NaN,NaN,NaN,NaN,NaN
1576630800,10.9,10.9,10.52,10.74,305700,NaN,NaN,NaN,NaN,NaN,NaN,NaN
1576717200,10.8,10.8,10.64,10.64,238600,NaN,NaN,NaN,NaN,NaN,NaN,NaN
1576803600,10.8,10.8,10.24,10.5,1270400,NaN,NaN,NaN,NaN,NaN,NaN,NaN
1577062800,10.8,10.9,10.74,10.8,365700,NaN,NaN,NaN,NaN,NaN,NaN,NaN
1577149200,10.54,10.86,10.54,10.6,927500,NaN,NaN,NaN,NaN,NaN,NaN,NaN
1577322000,10.54,10.68,10.54,10.6,2101600,NaN,NaN,NaN,NaN,NaN,NaN,NaN
1577408400,10.6,11.14,10.56,10.58,1598700,NaN,NaN,NaN,NaN,NaN,NaN,NaN
1577667600,10.66,10.88,10.64,10.74,342100,NaN,NaN,NaN,NaN,NaN,NaN,NaN
1577754000,10.74,10.86,10.56,10.58,283300,897198230,8554995000.000001,3481709000,92676000,643592000,4873119000,1.22873345935728
1577926800,10.58,10.6,10.54,10.56,962300,NaN,NaN,NaN,NaN,NaN,NaN,NaN
1578013200,10.86,10.86,10.7,10.8,1098400,NaN,NaN,NaN,NaN,NaN,NaN,NaN
1578272400,10.9,10.9,10.54,10.8,356800,NaN,NaN,NaN,NaN,NaN,NaN,NaN
1578358800,10.8,10.8,10.7,10.78,151900,NaN,NaN,NaN,NaN,NaN,NaN,NaN
1578445200,10.76,10.76,10.5,10.6,279600,NaN,NaN,NaN,NaN,NaN,NaN,NaN
1578531600,10.7,10.74,10.58,10.6,301700,NaN,NaN,NaN,NaN,NaN,NaN,NaN
1578618000,10.6,10.66,10.58,10.6,2113200,NaN,NaN,NaN,NaN,NaN,NaN,NaN
1578877200,10.6,10.64,10.56,10.6,1227600,NaN,NaN,NaN,NaN,NaN,NaN,NaN
1578963600,10.74,10.78,10.52,10.6,928100,NaN,NaN,NaN,NaN,NaN,NaN,NaN
1579050000,10.52,10.64,10.5,10.6,147700,NaN,NaN,NaN,NaN,NaN,NaN,NaN
1579136400,10.68,10.68,10.56,10.6,354500,NaN,NaN,NaN,NaN,NaN,NaN,NaN
1579222800,10.6,10.6,10.44,10.6,1889100,NaN,NaN,NaN,NaN,NaN,NaN,NaN
1579482000,10.44,10.6,10.44,10.56,606700,NaN,NaN,NaN,NaN,NaN,NaN,NaN
1579568400,10.56,10.58,10.52,10.52,1301100,NaN,NaN,NaN,NaN,NaN,NaN,NaN
1579654800,10.44,10.58,10.44,10.5,1198600,NaN,NaN,NaN,NaN,NaN,NaN,NaN
1579741200,10.58,10.7,10.56,10.7,614700,NaN,NaN,NaN,NaN,NaN,NaN,NaN
1579827600,10.64,10.74,10.6,10.74,557100,NaN,NaN,NaN,NaN,NaN,NaN,NaN
1580173200,10.56,10.66,10.54,10.56,84500,NaN,NaN,NaN,NaN,NaN,NaN,NaN
1580259600,10.38,10.58,10.06,10.54,531100,NaN,NaN,NaN,NaN,NaN,NaN,NaN
1580346000,10.44,10.76,10.32,10.58,578900,NaN,NaN,NaN,NaN,NaN,NaN,NaN
1580432400,10.52,10.66,10.42,10.5,982100,NaN,NaN,NaN,NaN,NaN,NaN,NaN
1580691600,10.2,10.5,10.2,10.44,187300,NaN,NaN,NaN,NaN,NaN,NaN,NaN
1580778000,10.5,10.52,10.42,10.5,1598500,NaN,NaN,NaN,NaN,NaN,NaN,NaN
1580864400,10.58,10.6,10.46,10.6,2006500,NaN,NaN,NaN,NaN,NaN,NaN,NaN
1580950800,10.6,10.6,10.44,10.5,901200,NaN,NaN,NaN,NaN,NaN,NaN,NaN
1581037200,10.38,10.56,10.38,10.48,289600,NaN,NaN,NaN,NaN,NaN,NaN,NaN
1581296400,10.48,10.68,10.44,10.68,67800,NaN,NaN,NaN,NaN,NaN,NaN,NaN
1581382800,10.78,10.78,10.5,10.54,1667400,NaN,NaN,NaN,NaN,NaN,NaN,NaN
1581469200,10.5,10.58,10.5,10.54,160100,NaN,NaN,NaN,NaN,NaN,NaN,NaN
1581555600,10.4,10.66,10.4,10.54,446500,NaN,NaN,NaN,NaN,NaN,NaN,NaN
1581642000,10.5,10.68,10.46,10.68,1369100,NaN,NaN,NaN,NaN,NaN,NaN,NaN
1581901200,10.7,10.7,10.56,10.56,48900,NaN,NaN,NaN,NaN,NaN,NaN,NaN
1581987600,10.44,10.5,10.38,10.46,293800,NaN,NaN,NaN,NaN,NaN,NaN,NaN
1582074000,10.42,10.48,10.4,10.4,7600,NaN,NaN,NaN,NaN,NaN,NaN,NaN
1582160400,10.32,10.4,10.08,10.08,224900,NaN,NaN,NaN,NaN,NaN,NaN,NaN
1582246800,10.1,10.26,10.02,10.02,348800,NaN,NaN,NaN,NaN,NaN,NaN,NaN
1582506000,10.02,10.02,9.54,10,161600,NaN,NaN,NaN,NaN,NaN,NaN,NaN
1582592400,9.8,10.28,9.6,10.14,334800,NaN,NaN,NaN,NaN,NaN,NaN,NaN
1582678800,9.68,10.08,9.68,10,492900,NaN,NaN,NaN,NaN,NaN,NaN,NaN
1582765200,10.4,10.4,10.12,10.38,465400,NaN,NaN,NaN,NaN,NaN,NaN,NaN
1582851600,9.78,10.38,9.78,10.02,2573300,NaN,NaN,NaN,NaN,NaN,NaN,NaN
1583110800,9.7,10.36,9.7,10.02,256600,NaN,NaN,NaN,NaN,NaN,NaN,NaN
1583197200,10,10.1,9.98,10.04,220200,NaN,NaN,NaN,NaN,NaN,NaN,NaN
1583283600,10.06,10.14,9.95,10.1,474900,NaN,NaN,NaN,NaN,NaN,NaN,NaN
1583370000,10,10.1,9.87,9.89,505200,NaN,NaN,NaN,NaN,NaN,NaN,NaN
1583456400,9.7,9.96,9.7,9.8,764800,NaN,NaN,NaN,NaN,NaN,NaN,NaN
1583715600,9.66,9.66,9.25,9.5,1485100,NaN,NaN,NaN,NaN,NaN,NaN,NaN
1583802000,9.4,9.88,9.25,9.7,685900,NaN,NaN,NaN,NaN,NaN,NaN,NaN
1583888400,9.7,9.7,9.42,9.42,383000,NaN,NaN,NaN,NaN,NaN,NaN,NaN
1583974800,9.42,9.42,9.17,9.17,1401000,NaN,NaN,NaN,NaN,NaN,NaN,NaN
1584061200,8.8,9.21,8.8,9.15,2279200,NaN,NaN,NaN,NaN,NaN,NaN,NaN
1584320400,8.25,9.3,8.25,9.23,566900,NaN,NaN,NaN,NaN,NaN,NaN,NaN
1584406800,8.520001,8.98,8.520001,8.9,904800,NaN,NaN,NaN,NaN,NaN,NaN,NaN
1584493200,8.65,9.08,8.6,8.95,1711500,NaN,NaN,NaN,NaN,NaN,NaN,NaN
1584579600,8.65,8.68,7.99,8.5,4175800,NaN,NaN,NaN,NaN,NaN,NaN,NaN
1584666000,8.35,9.46,8.35,9.46,622200,NaN,NaN,NaN,NaN,NaN,NaN,NaN
1584925200,9,9.44,8.78,8.8,1316800,NaN,NaN,NaN,NaN,NaN,NaN,NaN
1585011600,8.66,9.2,8.66,9.15,1105500,NaN,NaN,NaN,NaN,NaN,NaN,NaN
1585098000,9.29,9.63,8.73,9.15,488200,NaN,NaN,NaN,NaN,NaN,NaN,NaN
1585184400,9.28,9.45,8.9,9.24,575100,NaN,NaN,NaN,NaN,NaN,NaN,NaN
1585270800,8.9,9.72,8.9,9.56,515000,NaN,NaN,NaN,NaN,NaN,NaN,NaN
1585530000,9.3,9.5,9.23,9.5,814800,NaN,NaN,NaN,NaN,NaN,NaN,NaN
1585616400,9.26,9.5,9.25,9.5,1779300,897198230,8070050000,3287761000,86760000,569038000,4721306000,1.36842105263158
1585702800,9.31,9.48,9.23,9.4,165000,NaN,NaN,NaN,NaN,NaN,NaN,NaN
1585789200,9.4,9.5,9.22,9.5,771600,NaN,NaN,NaN,NaN,NaN,NaN,NaN
1585875600,9.33,9.41,9.32,9.4,2679000,NaN,NaN,NaN,NaN,NaN,NaN,NaN
1586134800,9.3,9.45,9.3,9.45,402500,NaN,NaN,NaN,NaN,NaN,NaN,NaN
1586221200,9.45,9.45,9.38,9.4,1351700,NaN,NaN,NaN,NaN,NaN,NaN,NaN
1586307600,9.07,9.45,9.07,9.42,3561400,NaN,NaN,NaN,NaN,NaN,NaN,NaN
1586394000,9.49,9.49,9.37,9.43,2270000,NaN,NaN,NaN,NaN,NaN,NaN,NaN
1586480400,9.34,9.46,9.34,9.45,970800,NaN,NaN,NaN,NaN,NaN,NaN,NaN
1586739600,9.43,9.49,9.43,9.49,148800,NaN,NaN,NaN,NaN,NaN,NaN,NaN
1586826000,9.49,9.59,9.49,9.54,109500,NaN,NaN,NaN,NaN,NaN,NaN,NaN
1586912400,9.6,9.7,9.56,9.65,116600,NaN,NaN,NaN,NaN,NaN,NaN,NaN
1586998800,9.4,9.65,9.4,9.6,473400,NaN,NaN,NaN,NaN,NaN,NaN,NaN
1587085200,9.65,9.72,9.63,9.63,391500,NaN,NaN,NaN,NaN,NaN,NaN,NaN
1587344400,9.7,9.7,9.6,9.6,128200,NaN,NaN,NaN,NaN,NaN,NaN,NaN
1587430800,9.39,9.59,9.25,9.4,151500,NaN,NaN,NaN,NaN,NaN,NaN,NaN
1587517200,9.3,9.32,9.19,9.3,350800,NaN,NaN,NaN,NaN,NaN,NaN,NaN
1587603600,9.21,9.36,9.21,9.26,54800,NaN,NaN,NaN,NaN,NaN,NaN,NaN
1587690000,9.04,9.47,9.04,9.15,220100,NaN,NaN,NaN,NaN,NaN,NaN,NaN
1587949200,9.2,9.33,9.2,9.26,189900,NaN,NaN,NaN,NaN,NaN,NaN,NaN
1588035600,9.26,9.33,9.26,9.28,90000,NaN,NaN,NaN,NaN,NaN,NaN,NaN
1588122000,9.34,9.48,9.3,9.48,323600,NaN,NaN,NaN,NaN,NaN,NaN,NaN
1588208400,9.46,9.6,9.46,9.59,428900,NaN,NaN,NaN,NaN,NaN,NaN,NaN
1588554000,9.33,9.48,9.32,9.46,106600,NaN,NaN,NaN,NaN,NaN,NaN,NaN
1588640400,9.43,9.47,9.4,9.41,174900,NaN,NaN,NaN,NaN,NaN,NaN,NaN
1588726800,9.44,9.44,9.32,9.4,246100,NaN,NaN,NaN,NaN,NaN,NaN,NaN
1588899600,9.4,9.4,9.3,9.3,492800,NaN,NaN,NaN,NaN,NaN,NaN,NaN
1589245200,9.29,9.44,9.29,9.4,346800,NaN,NaN,NaN,NaN,NaN,NaN,NaN
1589331600,9.28,9.4,9.28,9.36,280100,NaN,NaN,NaN,NaN,NaN,NaN,NaN
1589418000,9.31,9.33,9,9,182100,NaN,NaN,NaN,NaN,NaN,NaN,NaN
1589504400,9.01,9.2,9.01,9.17,121200,NaN,NaN,NaN,NaN,NaN,NaN,NaN
1589763600,9.24,9.24,9.14,9.18,274800,NaN,NaN,NaN,NaN,NaN,NaN,NaN
1589850000,9.25,9.54,9.25,9.54,485800,NaN,NaN,NaN,NaN,NaN,NaN,NaN
1589936400,9.35,9.66,9.35,9.66,1580600,NaN,NaN,NaN,NaN,NaN,NaN,NaN
1590022800,9.7,10.1,9.7,9.9,312500,NaN,NaN,NaN,NaN,NaN,NaN,NaN
1590109200,9.82,9.9,9.8,9.83,1115500,NaN,NaN,NaN,NaN,NaN,NaN,NaN
1590541200,9.97,9.97,9.71,9.71,29200,NaN,NaN,NaN,NaN,NaN,NaN,NaN
1590627600,9.7,10.32,9.7,10.32,140500,NaN,NaN,NaN,NaN,NaN,NaN,NaN
1590714000,9.88,10.22,9.81,10.1,1031900,NaN,NaN,NaN,NaN,NaN,NaN,NaN
1590973200,9.8,10.14,9.8,9.88,96700,NaN,NaN,NaN,NaN,NaN,NaN,NaN
1591059600,9.87,10,9.87,10,601900,NaN,NaN,NaN,NaN,NaN,NaN,NaN
1591146000,10,10.06,9.98,10.04,337000,NaN,NaN,NaN,NaN,NaN,NaN,NaN
1591232400,10.26,10.26,9.93,10.1,403400,NaN,NaN,NaN,NaN,NaN,NaN,NaN
1591318800,9.86,10.2,9.86,10.14,729500,NaN,NaN,NaN,NaN,NaN,NaN,NaN
1591664400,10.14,10.3,10.14,10.18,263400,NaN,NaN,NaN,NaN,NaN,NaN,NaN
1591750800,10.3,10.3,10.16,10.22,155700,NaN,NaN,NaN,NaN,NaN,NaN,NaN
1591837200,10.22,10.32,10.2,10.2,432200,NaN,NaN,NaN,NaN,NaN,NaN,NaN
1591923600,10.12,10.12,9.8,10,449900,NaN,NaN,NaN,NaN,NaN,NaN,NaN
1592182800,9.81,9.86,9.8,9.85,110200,NaN,NaN,NaN,NaN,NaN,NaN,NaN
1592269200,10,10.4,9.86,10,41500,NaN,NaN,NaN,NaN,NaN,NaN,NaN
1592355600,10,10.1,9.99,9.99,349800,NaN,NaN,NaN,NaN,NaN,NaN,NaN
1592442000,9.9,9.9,9.8,9.8,433300,NaN,NaN,NaN,NaN,NaN,NaN,NaN
1592528400,9.73,10.08,9.73,10,798200,NaN,NaN,NaN,NaN,NaN,NaN,NaN
1592787600,9.9,10,9.9,9.95,554400,NaN,NaN,NaN,NaN,NaN,NaN,NaN
1592874000,9.95,10.2,9.94,10.2,320400,NaN,NaN,NaN,NaN,NaN,NaN,NaN
1592960400,10.2,10.22,10,10.1,222800,NaN,NaN,NaN,NaN,NaN,NaN,NaN
1593046800,9.9,9.9,9.78,9.78,103800,NaN,NaN,NaN,NaN,NaN,NaN,NaN
1593133200,9.94,9.96,9.72,9.72,165100,NaN,NaN,NaN,NaN,NaN,NaN,NaN
1593392400,9.82,9.84,9.75,9.84,24200,NaN,NaN,NaN,NaN,NaN,NaN,NaN
1593478800,9.78,10.1,9.78,9.83,453300,897198230,8391413000,3370379000,47091000,544318000,4910596000,1.57680569684639
1593565200,9.84,9.89,9.71,9.8,92900,NaN,NaN,NaN,NaN,NaN,NaN,NaN
1593651600,9.89,9.95,9.8,9.92,302100,NaN,NaN,NaN,NaN,NaN,NaN,NaN
1593738000,9.98,9.99,9.86,9.96,58500,NaN,NaN,NaN,NaN,NaN,NaN,NaN
1593997200,9.96,9.96,9.9,9.9,23000,NaN,NaN,NaN,NaN,NaN,NaN,NaN
1594083600,9.85,9.88,9.66,9.88,228700,NaN,NaN,NaN,NaN,NaN,NaN,NaN
1594170000,9.85,9.94,9.84,9.92,310500,NaN,NaN,NaN,NaN,NaN,NaN,NaN
1594256400,9.98,9.98,9.82,9.9,48000,NaN,NaN,NaN,NaN,NaN,NaN,NaN
1594342800,9.9,9.98,9.85,9.9,57500,NaN,NaN,NaN,NaN,NaN,NaN,NaN
1594602000,9.85,10.08,9.85,9.91,390000,NaN,NaN,NaN,NaN,NaN,NaN,NaN
1594688400,9.9,9.91,9.88,9.9,376500,NaN,NaN,NaN,NaN,NaN,NaN,NaN
1594774800,9.98,10.1,9.94,10.06,252500,NaN,NaN,NaN,NaN,NaN,NaN,NaN
1594861200,10.18,10.18,10.1,10.16,79500,NaN,NaN,NaN,NaN,NaN,NaN,NaN
1594947600,10.14,10.14,9.7,10,401300,NaN,NaN,NaN,NaN,NaN,NaN,NaN
1595206800,9.88,10.2,9.88,10,408400,NaN,NaN,NaN,NaN,NaN,NaN,NaN
1595293200,10,10.1,9.76,9.79,269800,NaN,NaN,NaN,NaN,NaN,NaN,NaN
1595379600,9.97,10.1,9.97,10.1,428900,NaN,NaN,NaN,NaN,NaN,NaN,NaN
1595466000,10.1,10.4,10.08,10.3,330800,NaN,NaN,NaN,NaN,NaN,NaN,NaN
1595552400,10.3,10.32,10.24,10.24,357300,NaN,NaN,NaN,NaN,NaN,NaN,NaN
1595811600,10.3,10.3,9.96,10,68000,NaN,NaN,NaN,NaN,NaN,NaN,NaN
1595898000,10.28,10.28,9.84,10,214900,NaN,NaN,NaN,NaN,NaN,NaN,NaN
1595984400,9.85,10.1,9.85,9.89,105800,NaN,NaN,NaN,NaN,NaN,NaN,NaN
1596070800,9.91,10.1,9.85,10.1,2157700,NaN,NaN,NaN,NaN,NaN,NaN,NaN
1596416400,9.88,9.93,9.770001,9.9,152500,NaN,NaN,NaN,NaN,NaN,NaN,NaN
1596502800,9.75,10.1,9.75,9.95,55200,NaN,NaN,NaN,NaN,NaN,NaN,NaN
1596589200,9.95,10.1,9.9,9.9,669000,NaN,NaN,NaN,NaN,NaN,NaN,NaN
1596675600,10.16,10.16,9.9,10.16,28000,NaN,NaN,NaN,NaN,NaN,NaN,NaN
1596762000,9.88,9.99,9.79,9.85,327400,NaN,NaN,NaN,NaN,NaN,NaN,NaN
1597021200,9.8,10,9.8,9.85,107400,NaN,NaN,NaN,NaN,NaN,NaN,NaN
1597107600,9.98,10.08,9.83,9.85,96600,NaN,NaN,NaN,NaN,NaN,NaN,NaN
1597194000,9.8,10.08,9.8,10.08,128800,NaN,NaN,NaN,NaN,NaN,NaN,NaN
1597280400,10.1,10.1,9.86,9.9,156600,NaN,NaN,NaN,NaN,NaN,NaN,NaN
1597366800,10.08,10.08,9.9,9.93,66200,NaN,NaN,NaN,NaN,NaN,NaN,NaN
1597626000,9.81,10.24,9.81,10.2,379700,NaN,NaN,NaN,NaN,NaN,NaN,NaN
1597712400,10.2,10.28,9.92,10.02,220700,NaN,NaN,NaN,NaN,NaN,NaN,NaN
1597798800,9.93,9.93,9.78,9.78,149300,NaN,NaN,NaN,NaN,NaN,NaN,NaN
1597971600,9.79,9.95,9.79,9.9,261200,NaN,NaN,NaN,NaN,NaN,NaN,NaN
1598230800,9.91,10.02,9.91,9.95,45800,NaN,NaN,NaN,NaN,NaN,NaN,NaN
1598317200,9.81,9.99,9.81,9.9,152200,NaN,NaN,NaN,NaN,NaN,NaN,NaN
1598403600,9.9,9.9,9.85,9.9,145800,NaN,NaN,NaN,NaN,NaN,NaN,NaN
1598490000,9.91,9.99,9.9,9.99,102500,NaN,NaN,NaN,NaN,NaN,NaN,NaN
1598576400,9.85,10.08,9.85,9.94,877100,NaN,NaN,NaN,NaN,NaN,NaN,NaN
1598922000,9.96,10.06,9.81,9.9,338600,NaN,NaN,NaN,NaN,NaN,NaN,NaN
1599008400,9.93,10.1,9.93,10.1,143300,NaN,NaN,NaN,NaN,NaN,NaN,NaN
1599094800,10,10.1,9.92,10.1,70700,NaN,NaN,NaN,NaN,NaN,NaN,NaN
1599181200,9.93,9.95,9.9,9.9,61900,NaN,NaN,NaN,NaN,NaN,NaN,NaN
1599440400,9.98,10,9.9,9.9,174200,NaN,NaN,NaN,NaN,NaN,NaN,NaN
1599526800,9.9,10.1,9.89,10.1,123600,NaN,NaN,NaN,NaN,NaN,NaN,NaN
1599613200,9.9,10,9.9,10,23700,NaN,NaN,NaN,NaN,NaN,NaN,NaN
1599699600,10.02,10.02,9.63,9.770001,238600,NaN,NaN,NaN,NaN,NaN,NaN,NaN
1599786000,9.75,9.99,9.75,9.92,52200,NaN,NaN,NaN,NaN,NaN,NaN,NaN
1600045200,9.91,9.94,9.9,9.9,15300,NaN,NaN,NaN,NaN,NaN,NaN,NaN
1600131600,9.9,9.92,9.9,9.9,90100,NaN,NaN,NaN,NaN,NaN,NaN,NaN
1600304400,9.84,9.88,9.58,9.88,118700,NaN,NaN,NaN,NaN,NaN,NaN,NaN
1600390800,9.87,10.1,9.79,10.1,1326000,NaN,NaN,NaN,NaN,NaN,NaN,NaN
1600650000,10.1,10.1,9.92,10,13400,NaN,NaN,NaN,NaN,NaN,NaN,NaN
1600736400,10,10,9.81,9.84,437100,NaN,NaN,NaN,NaN,NaN,NaN,NaN
1600822800,9.84,9.84,9.8,9.8,20900,NaN,NaN,NaN,NaN,NaN,NaN,NaN
1600909200,9.8,9.9,9.8,9.85,218500,NaN,NaN,NaN,NaN,NaN,NaN,NaN
1600995600,9.85,9.97,9.78,9.78,37800,NaN,NaN,NaN,NaN,NaN,NaN,NaN
1601254800,9.9,10,9.88,9.9,483500,NaN,NaN,NaN,NaN,NaN,NaN,NaN
1601341200,9.8,9.85,9.71,9.8,325900,NaN,NaN,NaN,NaN,NaN,NaN,NaN
1601427600,9.82,9.9,9.8,9.9,105800,897198230,8305239000,3454728000,84775000,645560000,4767380000,1.56565656565657
1601514000,9.71,9.78,9.62,9.69,186000,NaN,NaN,NaN,NaN,NaN,NaN,NaN
1601600400,9.7,9.7,9.59,9.69,198700,NaN,NaN,NaN,NaN,NaN,NaN,NaN
1601859600,9.63,9.9,9.39,9.75,231500,NaN,NaN,NaN,NaN,NaN,NaN,NaN
1601946000,9.82,9.9,9.65,9.79,78500,NaN,NaN,NaN,NaN,NaN,NaN,NaN
1602032400,9.8,9.81,9.68,9.8,952900,NaN,NaN,NaN,NaN,NaN,NaN,NaN
1602118800,9.8,9.9,9.8,9.9,341800,NaN,NaN,NaN,NaN,NaN,NaN,NaN
1602205200,9.78,9.84,9.78,9.81,41300,NaN,NaN,NaN,NaN,NaN,NaN,NaN
1602464400,9.97,9.97,9.68,9.71,128400,NaN,NaN,NaN,NaN,NaN,NaN,NaN
1602550800,9.84,9.84,9.84,9.84,11900,NaN,NaN,NaN,NaN,NaN,NaN,NaN
1602637200,9.84,9.91,9.66,9.71,269900,NaN,NaN,NaN,NaN,NaN,NaN,NaN
1602723600,9.7,9.73,9.7,9.7,73100,NaN,NaN,NaN,NaN,NaN,NaN,NaN
1602810000,9.7,9.76,9.68,9.75,726900,NaN,NaN,NaN,NaN,NaN,NaN,NaN
1603069200,9.9,9.9,9.68,9.79,14200,NaN,NaN,NaN,NaN,NaN,NaN,NaN
1603155600,9.65,9.89,9.65,9.8,657900,NaN,NaN,NaN,NaN,NaN,NaN,NaN
1603242000,9.66,9.79,9.65,9.79,17000,NaN,NaN,NaN,NaN,NaN,NaN,NaN
1603328400,9.79,10.28,9.71,10.28,992500,NaN,NaN,NaN,NaN,NaN,NaN,NaN
1603414800,10,10,9.85,9.97,157600,NaN,NaN,NaN,NaN,NaN,NaN,NaN
1603674000,9.98,9.98,9.81,9.9,69900,NaN,NaN,NaN,NaN,NaN,NaN,NaN
1603760400,9.87,9.9,9.87,9.9,191200,NaN,NaN,NaN,NaN,NaN,NaN,NaN
1603846800,9.71,9.9,9.71,9.89,131000,NaN,NaN,NaN,NaN,NaN,NaN,NaN
1604019600,9.8,9.83,9.8,9.82,96600,NaN,NaN,NaN,NaN,NaN,NaN,NaN
1604278800,9.69,9.7,9.53,9.53,43200,NaN,NaN,NaN,NaN,NaN,NaN,NaN
1604365200,9.65,9.72,9.64,9.72,66800,NaN,NaN,NaN,NaN,NaN,NaN,NaN
1604451600,9.73,9.770001,9.72,9.76,217700,NaN,NaN,NaN,NaN,NaN,NaN,NaN
1604538000,9.9,10.18,9.78,9.86,1134700,NaN,NaN,NaN,NaN,NaN,NaN,NaN
1604624400,9.88,9.98,9.86,9.9,627100,NaN,NaN,NaN,NaN,NaN,NaN,NaN
1604883600,9.9,9.92,9.85,9.9,46100,NaN,NaN,NaN,NaN,NaN,NaN,NaN
1604970000,10,10.1,9.92,10,123100,NaN,NaN,NaN,NaN,NaN,NaN,NaN
1605056400,10,10,9.89,9.99,381700,NaN,NaN,NaN,NaN,NaN,NaN,NaN
1605142800,9.99,10,9.98,9.99,578800,NaN,NaN,NaN,NaN,NaN,NaN,NaN
1605229200,9.99,10,9.98,9.99,436000,NaN,NaN,NaN,NaN,NaN,NaN,NaN
1605488400,10.04,10.04,9.98,10,674500,NaN,NaN,NaN,NaN,NaN,NaN,NaN
1605574800,10,10,9.86,9.86,36000,NaN,NaN,NaN,NaN,NaN,NaN,NaN
1605661200,9.97,10.06,9.92,10,948900,NaN,NaN,NaN,NaN,NaN,NaN,NaN
1605747600,9.99,10,9.81,9.86,795700,NaN,NaN,NaN,NaN,NaN,NaN,NaN
1605834000,9.96,9.96,9.87,9.87,6000,NaN,NaN,NaN,NaN,NaN,NaN,NaN
1606093200,9.87,10,9.83,9.98,44300,NaN,NaN,NaN,NaN,NaN,NaN,NaN
1606179600,9.98,9.99,9.85,9.85,27500,NaN,NaN,NaN,NaN,NaN,NaN,NaN
1606266000,9.82,9.89,9.8,9.8,17300,NaN,NaN,NaN,NaN,NaN,NaN,NaN
1606352400,9.99,10,9.89,10,19600,NaN,NaN,NaN,NaN,NaN,NaN,NaN
1606438800,9.85,9.87,9.65,9.65,215000,NaN,NaN,NaN,NaN,NaN,NaN,NaN
1606698000,9.7,9.83,9.5,9.5,1950100,NaN,NaN,NaN,NaN,NaN,NaN,NaN
1606784400,9.7,9.93,9.7,9.93,655500,NaN,NaN,NaN,NaN,NaN,NaN,NaN
1606870800,9.92,9.99,9.81,9.99,334900,NaN,NaN,NaN,NaN,NaN,NaN,NaN
1606957200,9.99,10,9.76,10,374100,NaN,NaN,NaN,NaN,NaN,NaN,NaN
1607043600,9.9,9.99,9.86,9.9,254100,NaN,NaN,NaN,NaN,NaN,NaN,NaN
1607302800,10,10,9.61,9.87,497100,NaN,NaN,NaN,NaN,NaN,NaN,NaN
1607389200,9.87,9.87,9.770001,9.86,81200,NaN,NaN,NaN,NaN,NaN,NaN,NaN
1607475600,9.84,9.89,9.84,9.86,331300,NaN,NaN,NaN,NaN,NaN,NaN,NaN
1607562000,9.68,9.89,9.68,9.86,28100,NaN,NaN,NaN,NaN,NaN,NaN,NaN
1607648400,9.97,9.97,9.770001,9.9,190700,NaN,NaN,NaN,NaN,NaN,NaN,NaN
1607907600,9.9,9.9,9.7,9.71,120700,NaN,NaN,NaN,NaN,NaN,NaN,NaN
1607994000,9.770001,10,9.76,9.99,178200,NaN,NaN,NaN,NaN,NaN,NaN,NaN
1608080400,10,10.02,9.76,9.91,329200,NaN,NaN,NaN,NaN,NaN,NaN,NaN
1608166800,9.85,9.99,9.82,9.86,63600,NaN,NaN,NaN,NaN,NaN,NaN,NaN
1608253200,9.8,10.1,9.8,10.1,484800,NaN,NaN,NaN,NaN,NaN,NaN,NaN
1608512400,9.82,10,9.82,10,94000,NaN,NaN,NaN,NaN,NaN,NaN,NaN
1608598800,9.9,9.95,9.82,9.86,68100,NaN,NaN,NaN,NaN,NaN,NaN,NaN
1608685200,9.99,10,9.86,9.9,48600,NaN,NaN,NaN,NaN,NaN,NaN,NaN
1608771600,9.81,9.97,9.81,9.97,75800,NaN,NaN,NaN,NaN,NaN,NaN,NaN
1609117200,9.83,9.9,9.8,9.85,55000,NaN,NaN,NaN,NaN,NaN,NaN,NaN
1609203600,9.83,9.99,9.7,9.99,77300,NaN,NaN,NaN,NaN,NaN,NaN,NaN
1609290000,9.87,9.9,9.84,9.85,125300,NaN,NaN,NaN,NaN,NaN,NaN,NaN
1609376400,9.86,9.97,9.8,9.85,951400,897198230,8536017000,3498362000,144096000,739252000,4914926000,2.13197969543147
1609722000,9.85,9.85,9.770001,9.83,905200,NaN,NaN,NaN,NaN,NaN,NaN,NaN
1609808400,9.8,9.83,9.8,9.81,318800,NaN,NaN,NaN,NaN,NaN,NaN,NaN
1609894800,9.85,9.85,9.81,9.84,74200,NaN,NaN,NaN,NaN,NaN,NaN,NaN
1609981200,9.8,9.89,9.76,9.84,1314300,NaN,NaN,NaN,NaN,NaN,NaN,NaN
1610067600,9.84,10,9.84,9.93,414500,NaN,NaN,NaN,NaN,NaN,NaN,NaN
1610326800,9.93,9.93,9.79,9.93,492100,NaN,NaN,NaN,NaN,NaN,NaN,NaN
1610413200,9.91,9.92,9.82,9.84,144500,NaN,NaN,NaN,NaN,NaN,NaN,NaN
1610499600,9.93,9.93,9.8,9.91,1454800,NaN,NaN,NaN,NaN,NaN,NaN,NaN
1610586000,9.76,9.9,9.72,9.76,536400,NaN,NaN,NaN,NaN,NaN,NaN,NaN
1610672400,9.770001,9.770001,9.74,9.75,1022300,NaN,NaN,NaN,NaN,NaN,NaN,NaN
1610931600,9.75,9.76,9.62,9.72,423100,NaN,NaN,NaN,NaN,NaN,NaN,NaN
1611018000,9.79,9.79,9.64,9.75,1116300,NaN,NaN,NaN,NaN,NaN,NaN,NaN
1611104400,9.71,9.71,9.69,9.69,210000,NaN,NaN,NaN,NaN,NaN,NaN,NaN
1611190800,9.69,9.7,9.62,9.69,1592400,NaN,NaN,NaN,NaN,NaN,NaN,NaN
1611277200,9.7,9.7,9.64,9.66,180600,NaN,NaN,NaN,NaN,NaN,NaN,NaN
1611536400,9.66,9.67,9.5,9.66,545200,NaN,NaN,NaN,NaN,NaN,NaN,NaN
1611622800,9.62,9.62,9.55,9.6,449300,NaN,NaN,NaN,NaN,NaN,NaN,NaN
1611709200,9.6,9.82,9.59,9.82,475800,NaN,NaN,NaN,NaN,NaN,NaN,NaN
1611882000,9.8,9.8,9.65,9.71,513900,NaN,NaN,NaN,NaN,NaN,NaN,NaN
1612227600,9.65,9.69,9.57,9.69,1054100,NaN,NaN,NaN,NaN,NaN,NaN,NaN
1612314000,9.65,9.66,9.6,9.6,405200,NaN,NaN,NaN,NaN,NaN,NaN,NaN
1612400400,9.58,9.770001,9.58,9.69,272800,NaN,NaN,NaN,NaN,NaN,NaN,NaN
1612486800,9.7,9.7,9.59,9.59,345100,NaN,NaN,NaN,NaN,NaN,NaN,NaN
1612746000,9.57,9.57,9.3,9.5,523900,NaN,NaN,NaN,NaN,NaN,NaN,NaN
1612832400,9.51,9.6,9.5,9.520001,401000,NaN,NaN,NaN,NaN,NaN,NaN,NaN
1612918800,9.6,9.6,9.51,9.53,1110000,NaN,NaN,NaN,NaN,NaN,NaN,NaN
1613005200,9.53,9.57,9.49,9.5,531000,NaN,NaN,NaN,NaN,NaN,NaN,NaN
1613350800,9.5,9.54,9.5,9.51,39700,NaN,NaN,NaN,NaN,NaN,NaN,NaN
1613437200,9.5,9.5,9.3,9.32,132500,NaN,NaN,NaN,NaN,NaN,NaN,NaN
1613523600,9.3,9.38,9.24,9.38,397000,NaN,NaN,NaN,NaN,NaN,NaN,NaN
1613610000,9.31,9.36,9.3,9.32,214100,NaN,NaN,NaN,NaN,NaN,NaN,NaN
1613696400,9.32,9.5,9.32,9.5,121000,NaN,NaN,NaN,NaN,NaN,NaN,NaN
1613955600,9.57,9.57,9.38,9.41,353800,NaN,NaN,NaN,NaN,NaN,NaN,NaN
1614042000,9.41,9.45,9.33,9.34,50800,NaN,NaN,NaN,NaN,NaN,NaN,NaN
1614128400,9.32,9.44,9.24,9.3,282500,NaN,NaN,NaN,NaN,NaN,NaN,NaN
1614214800,9.4,9.5,9.270001,9.48,574100,NaN,NaN,NaN,NaN,NaN,NaN,NaN
1614301200,9.45,9.5,9.35,9.5,596700,NaN,NaN,NaN,NaN,NaN,NaN,NaN
1614560400,9.5,9.5,9.35,9.35,206500,NaN,NaN,NaN,NaN,NaN,NaN,NaN
1614646800,9.35,9.49,9.35,9.49,556700,NaN,NaN,NaN,NaN,NaN,NaN,NaN
1614733200,9.49,9.5,9.43,9.5,1449600,NaN,NaN,NaN,NaN,NaN,NaN,NaN
1614819600,9.4,9.4,9.33,9.37,449100,NaN,NaN,NaN,NaN,NaN,NaN,NaN
1614906000,9.44,9.47,9.3,9.45,201200,NaN,NaN,NaN,NaN,NaN,NaN,NaN
1615165200,9.32,9.51,9.2,9.2,178600,NaN,NaN,NaN,NaN,NaN,NaN,NaN
1615251600,9.32,9.4,9.24,9.4,100700,NaN,NaN,NaN,NaN,NaN,NaN,NaN
1615338000,9.4,9.49,9.32,9.37,446300,NaN,NaN,NaN,NaN,NaN,NaN,NaN
1615424400,9.37,9.41,9.26,9.4,230800,NaN,NaN,NaN,NaN,NaN,NaN,NaN
1615510800,9.45,9.45,9.22,9.22,885500,NaN,NaN,NaN,NaN,NaN,NaN,NaN
1615770000,9.3,9.3,9.19,9.2,685000,NaN,NaN,NaN,NaN,NaN,NaN,NaN
1615856400,9.21,9.25,9.19,9.2,270800,NaN,NaN,NaN,NaN,NaN,NaN,NaN
1615942800,9.25,9.3,9.21,9.24,223700,NaN,NaN,NaN,NaN,NaN,NaN,NaN
1616029200,9.21,9.26,9.18,9.2,655600,NaN,NaN,NaN,NaN,NaN,NaN,NaN
1616115600,9.21,9.3,9.2,9.2,1733800,NaN,NaN,NaN,NaN,NaN,NaN,NaN
1616374800,9.3,9.3,9.18,9.2,560500,NaN,NaN,NaN,NaN,NaN,NaN,NaN
1616461200,9.2,9.26,9.19,9.2,198700,NaN,NaN,NaN,NaN,NaN,NaN,NaN
1616547600,9.25,9.25,9.19,9.2,317400,NaN,NaN,NaN,NaN,NaN,NaN,NaN
1616634000,9.25,9.25,8.97,9.01,758400,NaN,NaN,NaN,NaN,NaN,NaN,NaN
1616720400,9.01,9.05,9,9.01,922100,NaN,NaN,NaN,NaN,NaN,NaN,NaN
1616979600,9.020001,9.13,9.01,9.13,742300,NaN,NaN,NaN,NaN,NaN,NaN,NaN
1617066000,9.07,9.15,9.07,9.12,290500,NaN,NaN,NaN,NaN,NaN,NaN,NaN
1617152400,9.15,9.15,9.08,9.1,767400,897198230,8424243000,3429465000,100816000,536576000,4880976000,2.30769230769231
1617238800,9.15,9.15,9.1,9.11,85500,NaN,NaN,NaN,NaN,NaN,NaN,NaN
1617325200,9.19,9.19,9.08,9.1,72100,NaN,NaN,NaN,NaN,NaN,NaN,NaN
1617584400,9.08,9.14,9.03,9.1,112100,NaN,NaN,NaN,NaN,NaN,NaN,NaN
1617670800,9.1,9.15,9.08,9.1,554100,NaN,NaN,NaN,NaN,NaN,NaN,NaN
1617757200,9.18,9.18,9.1,9.11,583900,NaN,NaN,NaN,NaN,NaN,NaN,NaN
1617843600,9.19,9.26,9.08,9.1,1016200,NaN,NaN,NaN,NaN,NaN,NaN,NaN
1617930000,9.08,9.08,8.99,9,1279800,NaN,NaN,NaN,NaN,NaN,NaN,NaN
1618189200,9,9.03,9,9.01,173000,NaN,NaN,NaN,NaN,NaN,NaN,NaN
1618275600,9,9.01,9,9,720000,NaN,NaN,NaN,NaN,NaN,NaN,NaN
1618362000,9.07,9.07,9,9,460100,NaN,NaN,NaN,NaN,NaN,NaN,NaN
1618448400,9,9.05,8.87,9,890600,NaN,NaN,NaN,NaN,NaN,NaN,NaN
1618534800,8.91,9,8.9,8.93,494500,NaN,NaN,NaN,NaN,NaN,NaN,NaN
1618794000,9.07,9.07,8.87,8.9,178900,NaN,NaN,NaN,NaN,NaN,NaN,NaN
1618880400,8.9,8.92,8.84,8.9,781900,NaN,NaN,NaN,NaN,NaN,NaN,NaN
1618966800,9.07,9.07,8.9,8.9,226000,NaN,NaN,NaN,NaN,NaN,NaN,NaN
1619053200,8.95,8.95,8.75,8.85,478400,NaN,NaN,NaN,NaN,NaN,NaN,NaN
1619139600,8.89,8.89,8.81,8.83,134300,NaN,NaN,NaN,NaN,NaN,NaN,NaN
1619398800,8.83,8.83,8.78,8.8,1541000,NaN,NaN,NaN,NaN,NaN,NaN,NaN
1619485200,8.8,8.98,8.8,8.81,387700,NaN,NaN,NaN,NaN,NaN,NaN,NaN
1619571600,8.81,8.81,8.7,8.79,413800,NaN,NaN,NaN,NaN,NaN,NaN,NaN
1619744400,8.8,8.8,8.73,8.73,59400,NaN,NaN,NaN,NaN,NaN,NaN,NaN
1620003600,8.92,8.92,8.8,8.81,517600,NaN,NaN,NaN,NaN,NaN,NaN,NaN
1620090000,8.89,8.91,8.81,8.86,96900,NaN,NaN,NaN,NaN,NaN,NaN,NaN
1620176400,8.86,8.88,8.79,8.8,1010100,NaN,NaN,NaN,NaN,NaN,NaN,NaN
1620262800,8.75,8.78,8.68,8.73,494000,NaN,NaN,NaN,NaN,NaN,NaN,NaN
1620349200,8.82,8.89,8.72,8.770001,982500,NaN,NaN,NaN,NaN,NaN,NaN,NaN
1620608400,8.87,8.88,8.59,8.59,740000,NaN,NaN,NaN,NaN,NaN,NaN,NaN
1620694800,8.63,8.63,8.47,8.49,334700,NaN,NaN,NaN,NaN,NaN,NaN,NaN
1620781200,8.38,8.89,8.38,8.89,690200,NaN,NaN,NaN,NaN,NaN,NaN,NaN
1621213200,8.75,8.75,8.3,8.6,1503100,NaN,NaN,NaN,NaN,NaN,NaN,NaN
1621299600,8.61,8.82,8.56,8.6,757800,NaN,NaN,NaN,NaN,NaN,NaN,NaN
1621386000,8.79,8.8,8.63,8.69,1022300,NaN,NaN,NaN,NaN,NaN,NaN,NaN
1621472400,8.69,8.83,8.6,8.69,521400,NaN,NaN,NaN,NaN,NaN,NaN,NaN
1621558800,8.82,8.82,8.520001,8.56,1651100,NaN,NaN,NaN,NaN,NaN,NaN,NaN
1621818000,8.48,8.55,8.3,8.3,996500,NaN,NaN,NaN,NaN,NaN,NaN,NaN
1621904400,8.33,8.39,8.28,8.3,1918700,NaN,NaN,NaN,NaN,NaN,NaN,NaN
1622077200,8.3,8.45,8.07,8.1,24181900,NaN,NaN,NaN,NaN,NaN,NaN,NaN
1622163600,8.17,8.270001,8.05,8.07,2600800,NaN,NaN,NaN,NaN,NaN,NaN,NaN
1622422800,7.98,8.12,7.88,8,790300,NaN,NaN,NaN,NaN,NaN,NaN,NaN
1622509200,8,8.020001,7.81,7.91,588600,NaN,NaN,NaN,NaN,NaN,NaN,NaN
1622595600,7.85,7.93,7.69,7.92,857900,NaN,NaN,NaN,NaN,NaN,NaN,NaN
1622682000,7.86,7.99,7.82,7.84,1035100,NaN,NaN,NaN,NaN,NaN,NaN,NaN
1622768400,7.84,7.84,7.68,7.68,635200,NaN,NaN,NaN,NaN,NaN,NaN,NaN
1623114000,7.7,7.94,7.7,7.85,995700,NaN,NaN,NaN,NaN,NaN,NaN,NaN
1623200400,7.85,7.89,7.71,7.71,850900,NaN,NaN,NaN,NaN,NaN,NaN,NaN
1623286800,7.76,7.76,7.49,7.49,2063300,NaN,NaN,NaN,NaN,NaN,NaN,NaN
1623373200,7.5,7.67,7.5,7.57,776300,NaN,NaN,NaN,NaN,NaN,NaN,NaN
1623632400,7.58,7.6,7.52,7.55,343300,NaN,NaN,NaN,NaN,NaN,NaN,NaN
1623718800,7.5,7.52,7.39,7.48,527000,NaN,NaN,NaN,NaN,NaN,NaN,NaN
1623805200,7.49,7.49,7.07,7.17,2050400,NaN,NaN,NaN,NaN,NaN,NaN,NaN
1623891600,7.18,7.3,7.18,7.24,227500,NaN,NaN,NaN,NaN,NaN,NaN,NaN
1623978000,7.27,7.3,7.2,7.2,323500,NaN,NaN,NaN,NaN,NaN,NaN,NaN
1624237200,7.2,7.32,7.1,7.22,216600,NaN,NaN,NaN,NaN,NaN,NaN,NaN
1624323600,7.16,7.27,7.07,7.1,582900,NaN,NaN,NaN,NaN,NaN,NaN,NaN
1624410000,7.1,7.18,7.05,7.08,234100,NaN,NaN,NaN,NaN,NaN,NaN,NaN
1624496400,7.05,7.1,7.01,7.09,304900,NaN,NaN,NaN,NaN,NaN,NaN,NaN
1624582800,7.1,7.13,7.05,7.06,291400,NaN,NaN,NaN,NaN,NaN,NaN,NaN
1624842000,7.1,7.1,6.91,7.01,319200,NaN,NaN,NaN,NaN,NaN,NaN,NaN
1624928400,6.96,7.09,6.96,7.08,282000,NaN,NaN,NaN,NaN,NaN,NaN,NaN
1625014800,7.1,7.24,7,7.14,385400,897198230,8498196000,3416809000,211317000,790114000,4953093000,3.64145658263305
1625101200,7.07,7.43,7.02,7.33,732300,NaN,NaN,NaN,NaN,NaN,NaN,NaN
1625187600,7.4,7.4,7.12,7.18,278700,NaN,NaN,NaN,NaN,NaN,NaN,NaN
1625446800,7.17,7.2,7.08,7.16,364500,NaN,NaN,NaN,NaN,NaN,NaN,NaN
1625533200,7.16,7.16,7.06,7.06,105400,NaN,NaN,NaN,NaN,NaN,NaN,NaN
1625619600,7.11,7.11,7,7.01,151100,NaN,NaN,NaN,NaN,NaN,NaN,NaN
1625706000,7.04,7.04,6.99,7,371400,NaN,NaN,NaN,NaN,NaN,NaN,NaN
1625792400,7,7.01,6.74,6.84,737200,NaN,NaN,NaN,NaN,NaN,NaN,NaN
1626051600,6.84,6.88,6.8,6.8,151600,NaN,NaN,NaN,NaN,NaN,NaN,NaN
1626138000,6.81,6.85,6.8,6.8,274500,NaN,NaN,NaN,NaN,NaN,NaN,NaN
1626224400,6.82,6.82,6.71,6.71,277300,NaN,NaN,NaN,NaN,NaN,NaN,NaN
1626310800,6.79,6.79,6.66,6.66,208700,NaN,NaN,NaN,NaN,NaN,NaN,NaN
1626397200,6.75,6.75,6.63,6.67,264400,NaN,NaN,NaN,NaN,NaN,NaN,NaN
1626656400,6.66,6.79,6.61,6.74,392800,NaN,NaN,NaN,NaN,NaN,NaN,NaN
1626829200,6.74,6.79,6.7,6.74,120600,NaN,NaN,NaN,NaN,NaN,NaN,NaN
1626915600,6.8,6.85,6.73,6.75,322800,NaN,NaN,NaN,NaN,NaN,NaN,NaN
1627002000,6.75,6.76,6.7,6.7,497200,NaN,NaN,NaN,NaN,NaN,NaN,NaN
1627261200,6.75,6.91,6.74,6.74,149900,NaN,NaN,NaN,NaN,NaN,NaN,NaN
1627347600,6.79,6.88,6.7,6.71,343000,NaN,NaN,NaN,NaN,NaN,NaN,NaN
1627434000,6.71,6.72,6.65,6.68,418800,NaN,NaN,NaN,NaN,NaN,NaN,NaN
1627520400,6.7,6.7,6.67,6.7,65000,NaN,NaN,NaN,NaN,NaN,NaN,NaN
1627606800,6.68,6.68,6.6,6.6,284000,NaN,NaN,NaN,NaN,NaN,NaN,NaN
1627866000,6.6,6.6,6.51,6.54,478800,NaN,NaN,NaN,NaN,NaN,NaN,NaN
1627952400,6.54,6.58,6.51,6.56,146100,NaN,NaN,NaN,NaN,NaN,NaN,NaN
1628038800,6.57,6.57,6.53,6.53,86000,NaN,NaN,NaN,NaN,NaN,NaN,NaN
1628125200,6.54,6.54,6.45,6.46,357300,NaN,NaN,NaN,NaN,NaN,NaN,NaN
1628211600,6.54,6.54,6.46,6.47,132000,NaN,NaN,NaN,NaN,NaN,NaN,NaN
1628470800,6.48,6.58,6.46,6.57,273400,NaN,NaN,NaN,NaN,NaN,NaN,NaN
1628643600,6.55,6.55,6.5,6.55,419500,NaN,NaN,NaN,NaN,NaN,NaN,NaN
1628730000,6.55,6.69,6.51,6.54,334700,NaN,NaN,NaN,NaN,NaN,NaN,NaN
1628816400,6.6,6.6,6.53,6.55,421600,NaN,NaN,NaN,NaN,NaN,NaN,NaN
1629075600,6.55,6.6,6.54,6.55,345100,NaN,NaN,NaN,NaN,NaN,NaN,NaN
1629162000,6.61,6.86,6.61,6.78,502200,NaN,NaN,NaN,NaN,NaN,NaN,NaN
1629248400,6.79,7.09,6.79,7.09,1145600,NaN,NaN,NaN,NaN,NaN,NaN,NaN
1629334800,7.15,7.25,7.03,7.12,326400,NaN,NaN,NaN,NaN,NaN,NaN,NaN
1629421200,7.2,7.2,7.04,7.12,203400,NaN,NaN,NaN,NaN,NaN,NaN,NaN
1629680400,7.13,7.13,7,7.04,187000,NaN,NaN,NaN,NaN,NaN,NaN,NaN
1629766800,7.04,7.29,7.04,7.27,746800,NaN,NaN,NaN,NaN,NaN,NaN,NaN
1629853200,7.3,7.41,7.2,7.37,346700,NaN,NaN,NaN,NaN,NaN,NaN,NaN
1629939600,7.48,7.63,7.38,7.6,584900,NaN,NaN,NaN,NaN,NaN,NaN,NaN
1630026000,7.63,7.64,7.45,7.59,378800,NaN,NaN,NaN,NaN,NaN,NaN,NaN
1630285200,7.6,7.72,7.6,7.71,681500,NaN,NaN,NaN,NaN,NaN,NaN,NaN
1630458000,7.74,7.79,7.6,7.6,359600,NaN,NaN,NaN,NaN,NaN,NaN,NaN
1630544400,7.6,7.8,7.6,7.65,292200,NaN,NaN,NaN,NaN,NaN,NaN,NaN
1630630800,7.65,7.66,7.51,7.53,209400,NaN,NaN,NaN,NaN,NaN,NaN,NaN
1630890000,7.58,7.59,7.33,7.34,454200,NaN,NaN,NaN,NaN,NaN,NaN,NaN
1630976400,7.33,7.58,7.33,7.52,308300,NaN,NaN,NaN,NaN,NaN,NaN,NaN
1631062800,7.52,7.65,7.51,7.53,289700,NaN,NaN,NaN,NaN,NaN,NaN,NaN
1631149200,7.51,7.51,7.34,7.43,285100,NaN,NaN,NaN,NaN,NaN,NaN,NaN
1631235600,7.43,7.43,7.23,7.23,336500,NaN,NaN,NaN,NaN,NaN,NaN,NaN
1631494800,7.23,7.24,7.04,7.19,536700,NaN,NaN,NaN,NaN,NaN,NaN,NaN
1631581200,7.1,7.17,6.99,7,450500,NaN,NaN,NaN,NaN,NaN,NaN,NaN
1631667600,7,7.07,6.93,6.94,535200,NaN,NaN,NaN,NaN,NaN,NaN,NaN
1631840400,6.94,7,6.8,6.8,641100,NaN,NaN,NaN,NaN,NaN,NaN,NaN
1632099600,6.81,6.85,6.68,6.7,390600,NaN,NaN,NaN,NaN,NaN,NaN,NaN
1632186000,6.69,6.9,6.61,6.8,801600,NaN,NaN,NaN,NaN,NaN,NaN,NaN
1632272400,6.8,6.81,6.75,6.8,357000,NaN,NaN,NaN,NaN,NaN,NaN,NaN
1632358800,6.81,6.81,6.76,6.8,719400,NaN,NaN,NaN,NaN,NaN,NaN,NaN
1632445200,6.8,6.9,6.78,6.79,393400,NaN,NaN,NaN,NaN,NaN,NaN,NaN
1632704400,6.79,6.81,6.78,6.79,340200,NaN,NaN,NaN,NaN,NaN,NaN,NaN
1632790800,6.79,6.79,6.73,6.79,199100,NaN,NaN,NaN,NaN,NaN,NaN,NaN
1632877200,6.79,6.83,6.73,6.77,514100,NaN,NaN,NaN,NaN,NaN,NaN,NaN
1632963600,6.75,7.07,6.75,6.85,371000,897198230,8570940000.000001,3467633000,201767000,732824000,4961470000,3.79562043795621
1633050000,6.84,7,6.78,6.95,298900,NaN,NaN,NaN,NaN,NaN,NaN,NaN
1633309200,6.95,6.96,6.85,6.86,81400,NaN,NaN,NaN,NaN,NaN,NaN,NaN
1633395600,6.87,6.94,6.87,6.9,181200,NaN,NaN,NaN,NaN,NaN,NaN,NaN
1633482000,7.03,7.74,7,7.69,3586000,NaN,NaN,NaN,NaN,NaN,NaN,NaN
1633568400,7.7,7.71,7.52,7.66,1047200,NaN,NaN,NaN,NaN,NaN,NaN,NaN
1633654800,7.65,7.65,7.39,7.41,740100,NaN,NaN,NaN,NaN,NaN,NaN,NaN
1633914000,7.5,7.8,7.5,7.76,1684900,NaN,NaN,NaN,NaN,NaN,NaN,NaN
1634000400,7.77,7.79,7.56,7.6,409700,NaN,NaN,NaN,NaN,NaN,NaN,NaN
1634086800,7.6,7.74,7.6,7.68,425400,NaN,NaN,NaN,NaN,NaN,NaN,NaN
1634173200,7.78,7.79,7.52,7.57,311700,NaN,NaN,NaN,NaN,NaN,NaN,NaN
1634259600,7.6,7.63,7.54,7.57,71700,NaN,NaN,NaN,NaN,NaN,NaN,NaN
1634518800,7.57,7.69,7.57,7.63,100100,NaN,NaN,NaN,NaN,NaN,NaN,NaN
1634691600,7.63,7.64,7.42,7.49,619200,NaN,NaN,NaN,NaN,NaN,NaN,NaN
1634778000,7.5,7.55,7.3,7.3,857600,NaN,NaN,NaN,NaN,NaN,NaN,NaN
1634864400,7.36,7.48,7.35,7.46,319700,NaN,NaN,NaN,NaN,NaN,NaN,NaN
1635123600,7.46,7.51,7.33,7.33,130200,NaN,NaN,NaN,NaN,NaN,NaN,NaN
1635210000,7.31,7.46,7.31,7.46,57100,NaN,NaN,NaN,NaN,NaN,NaN,NaN
1635296400,7.46,7.46,7.38,7.38,42900,NaN,NaN,NaN,NaN,NaN,NaN,NaN
1635382800,7.38,7.38,7.31,7.31,91600,NaN,NaN,NaN,NaN,NaN,NaN,NaN
1635469200,7.32,7.35,7.21,7.3,217300,NaN,NaN,NaN,NaN,NaN,NaN,NaN
1635728400,7.2,7.2,7.06,7.08,318300,NaN,NaN,NaN,NaN,NaN,NaN,NaN
1635814800,7.08,7.2,7.02,7.14,178900,NaN,NaN,NaN,NaN,NaN,NaN,NaN
1635901200,7.15,7.26,7.1,7.25,235100,NaN,NaN,NaN,NaN,NaN,NaN,NaN
1636074000,7.25,7.28,7.15,7.24,67600,NaN,NaN,NaN,NaN,NaN,NaN,NaN
1636333200,7.16,7.22,7.03,7.04,320900,NaN,NaN,NaN,NaN,NaN,NaN,NaN
1636419600,7.12,7.12,6.95,6.98,220400,NaN,NaN,NaN,NaN,NaN,NaN,NaN
1636506000,6.99,7.09,6.96,7.04,75700,NaN,NaN,NaN,NaN,NaN,NaN,NaN
1636592400,7,7.02,6.95,7.01,60100,NaN,NaN,NaN,NaN,NaN,NaN,NaN
1636678800,7.01,7.04,7,7.02,34400,NaN,NaN,NaN,NaN,NaN,NaN,NaN
1636938000,7.02,7.07,6.9,6.93,133000,NaN,NaN,NaN,NaN,NaN,NaN,NaN
1637024400,6.93,7,6.93,6.98,46000,NaN,NaN,NaN,NaN,NaN,NaN,NaN
1637110800,6.99,6.99,6.86,6.91,213600,NaN,NaN,NaN,NaN,NaN,NaN,NaN
1637197200,6.86,6.9,6.85,6.9,169200,NaN,NaN,NaN,NaN,NaN,NaN,NaN
1637283600,6.9,6.91,6.86,6.88,15400,NaN,NaN,NaN,NaN,NaN,NaN,NaN
1637542800,6.88,7.06,6.88,7.04,78300,NaN,NaN,NaN,NaN,NaN,NaN,NaN
1637629200,6.96,7.06,6.9,6.92,62900,NaN,NaN,NaN,NaN,NaN,NaN,NaN
1637715600,6.98,6.98,6.92,6.94,63500,NaN,NaN,NaN,NaN,NaN,NaN,NaN
1637802000,6.98,7,6.92,6.95,144800,NaN,NaN,NaN,NaN,NaN,NaN,NaN
1637888400,6.95,6.95,6.81,6.83,285500,NaN,NaN,NaN,NaN,NaN,NaN,NaN
1638147600,6.8,6.8,6.71,6.74,197600,NaN,NaN,NaN,NaN,NaN,NaN,NaN
1638234000,6.73,6.98,6.7,6.74,199500,NaN,NaN,NaN,NaN,NaN,NaN,NaN
1638320400,6.74,6.8,6.7,6.8,67100,NaN,NaN,NaN,NaN,NaN,NaN,NaN
1638406800,6.7,6.77,6.65,6.75,359400,NaN,NaN,NaN,NaN,NaN,NaN,NaN
1638752400,6.76,6.79,6.66,6.75,148700,NaN,NaN,NaN,NaN,NaN,NaN,NaN
1638838800,6.68,6.79,6.68,6.71,105200,NaN,NaN,NaN,NaN,NaN,NaN,NaN
1638925200,6.74,6.77,6.74,6.74,23700,NaN,NaN,NaN,NaN,NaN,NaN,NaN
1639011600,6.78,6.78,6.71,6.77,45200,NaN,NaN,NaN,NaN,NaN,NaN,NaN
1639098000,6.75,6.8,6.72,6.73,51300,NaN,NaN,NaN,NaN,NaN,NaN,NaN
1639357200,6.79,6.8,6.73,6.74,124300,NaN,NaN,NaN,NaN,NaN,NaN,NaN
1639443600,6.75,6.84,6.67,6.67,39000,NaN,NaN,NaN,NaN,NaN,NaN,NaN
1639530000,6.68,6.68,6.6,6.6,216200,NaN,NaN,NaN,NaN,NaN,NaN,NaN
1639616400,6.6,6.64,6.6,6.61,83800,NaN,NaN,NaN,NaN,NaN,NaN,NaN
1639702800,6.65,6.65,6.51,6.65,168000,NaN,NaN,NaN,NaN,NaN,NaN,NaN
1639962000,6.65,6.65,6.57,6.6,56500,NaN,NaN,NaN,NaN,NaN,NaN,NaN
1640048400,6.68,6.68,6.6,6.6,25200,NaN,NaN,NaN,NaN,NaN,NaN,NaN
1640134800,6.63,6.67,6.58,6.67,21400,NaN,NaN,NaN,NaN,NaN,NaN,NaN
1640221200,6.77,6.77,6.61,6.64,40700,NaN,NaN,NaN,NaN,NaN,NaN,NaN
1640307600,6.67,6.82,6.65,6.76,13100,NaN,NaN,NaN,NaN,NaN,NaN,NaN
1640566800,6.78,6.78,6.73,6.76,33400,NaN,NaN,NaN,NaN,NaN,NaN,NaN
1640653200,6.76,6.83,6.72,6.76,333100,NaN,NaN,NaN,NaN,NaN,NaN,NaN
1640739600,6.74,6.9,6.7,6.72,334300,NaN,NaN,NaN,NaN,NaN,NaN,NaN
1640826000,6.68,6.7,6.66,6.68,264500,NaN,NaN,NaN,NaN,NaN,NaN,NaN
1640912400,6.65,6.8,6.65,6.7,36200,897198230,8956352000,3659884000,268699000,1070656999.9999999,5149105000,4.47761194029851
1641171600,6.72,6.78,6.7,6.7,35300,NaN,NaN,NaN,NaN,NaN,NaN,NaN
1641258000,6.73,6.78,6.7,6.73,36800,NaN,NaN,NaN,NaN,NaN,NaN,NaN
1641344400,6.78,6.78,6.66,6.73,105800,NaN,NaN,NaN,NaN,NaN,NaN,NaN
1641430800,6.75,6.75,6.64,6.73,107900,NaN,NaN,NaN,NaN,NaN,NaN,NaN
1641517200,6.75,6.82,6.71,6.82,350700,NaN,NaN,NaN,NaN,NaN,NaN,NaN
1641776400,6.8,6.84,6.75,6.84,106900,NaN,NaN,NaN,NaN,NaN,NaN,NaN
1641862800,6.84,6.85,6.78,6.83,80300,NaN,NaN,NaN,NaN,NaN,NaN,NaN
1641949200,6.86,6.86,6.74,6.76,80700,NaN,NaN,NaN,NaN,NaN,NaN,NaN
1642035600,6.78,6.88,6.78,6.85,105800,NaN,NaN,NaN,NaN,NaN,NaN,NaN
1642122000,6.8,6.84,6.75,6.81,74300,NaN,NaN,NaN,NaN,NaN,NaN,NaN
1642381200,6.78,6.8,6.59,6.63,128100,NaN,NaN,NaN,NaN,NaN,NaN,NaN
1642554000,6.63,6.7,6.61,6.65,140000,NaN,NaN,NaN,NaN,NaN,NaN,NaN
1642640400,6.65,6.65,6.6,6.62,86600,NaN,NaN,NaN,NaN,NaN,NaN,NaN
1642726800,6.62,6.76,6.62,6.72,140100,NaN,NaN,NaN,NaN,NaN,NaN,NaN
1642986000,6.72,6.76,6.71,6.74,37400,NaN,NaN,NaN,NaN,NaN,NaN,NaN
1643072400,6.68,6.75,6.57,6.66,252200,NaN,NaN,NaN,NaN,NaN,NaN,NaN
1643158800,6.59,6.68,6.55,6.55,109700,NaN,NaN,NaN,NaN,NaN,NaN,NaN
1643245200,6.55,6.64,6.48,6.5,288800,NaN,NaN,NaN,NaN,NaN,NaN,NaN
1643331600,6.47,6.59,6.36,6.36,268900,NaN,NaN,NaN,NaN,NaN,NaN,NaN
1643590800,6.37,6.49,6.37,6.44,30500,NaN,NaN,NaN,NaN,NaN,NaN,NaN
1643850000,6.45,6.55,6.45,6.55,37300,NaN,NaN,NaN,NaN,NaN,NaN,NaN
1643936400,6.55,6.6,6.46,6.6,23400,NaN,NaN,NaN,NaN,NaN,NaN,NaN
1644195600,6.61,6.63,6.57,6.6,104300,NaN,NaN,NaN,NaN,NaN,NaN,NaN
1644282000,6.6,6.68,6.59,6.67,101300,NaN,NaN,NaN,NaN,NaN,NaN,NaN
1644368400,6.66,6.72,6.66,6.72,47300,NaN,NaN,NaN,NaN,NaN,NaN,NaN
1644454800,6.75,6.88,6.73,6.86,483200,NaN,NaN,NaN,NaN,NaN,NaN,NaN
1644541200,6.85,7.29,6.8,7.29,980300,NaN,NaN,NaN,NaN,NaN,NaN,NaN
1644800400,7.3,7.41,7.08,7.4,887600,NaN,NaN,NaN,NaN,NaN,NaN,NaN
1644886800,7.43,8.24,7.42,7.95,5216600,NaN,NaN,NaN,NaN,NaN,NaN,NaN
1644973200,7.9,8.03,7.78,7.8,2813800,NaN,NaN,NaN,NaN,NaN,NaN,NaN
1645059600,7.83,8.6,7.83,8.5,3820600,NaN,NaN,NaN,NaN,NaN,NaN,NaN
1645146000,8.41,8.8,8.34,8.55,3338800,NaN,NaN,NaN,NaN,NaN,NaN,NaN
1645405200,8.56,8.64,8.2,8.270001,1021200,NaN,NaN,NaN,NaN,NaN,NaN,NaN
1645491600,8.270001,8.35,8.06,8.22,1283300,NaN,NaN,NaN,NaN,NaN,NaN,NaN
1645578000,8.28,8.45,8.21,8.4,1202500,NaN,NaN,NaN,NaN,NaN,NaN,NaN
1645664400,8.5,9.11,8.5,8.93,4028700,NaN,NaN,NaN,NaN,NaN,NaN,NaN
1645750800,8.93,8.99,8.7,8.87,736300,NaN,NaN,NaN,NaN,NaN,NaN,NaN
1646010000,8.9,9.11,8.9,9.11,1642600,NaN,NaN,NaN,NaN,NaN,NaN,NaN
1646096400,9.1,9.18,9,9.11,483900,NaN,NaN,NaN,NaN,NaN,NaN,NaN
1646182800,9.1,9.48,9.1,9.39,7032000,NaN,NaN,NaN,NaN,NaN,NaN,NaN
1646269200,9.39,9.58,9.37,9.58,5698900,NaN,NaN,NaN,NaN,NaN,NaN,NaN
1646355600,9.6,9.63,9.26,9.4,2402100,NaN,NaN,NaN,NaN,NaN,NaN,NaN
1646614800,9.39,9.41,9.13,9.26,2804500,NaN,NaN,NaN,NaN,NaN,NaN,NaN
1646701200,9.15,9.22,8.96,9.2,1612400,NaN,NaN,NaN,NaN,NaN,NaN,NaN
1646787600,9.2,9.37,9.05,9.3,3384400,NaN,NaN,NaN,NaN,NaN,NaN,NaN
1646874000,9.15,9.15,8.76,8.98,1279200,NaN,NaN,NaN,NaN,NaN,NaN,NaN
1646960400,8.9,8.97,8.79,8.88,128800,NaN,NaN,NaN,NaN,NaN,NaN,NaN
1647219600,8.87,8.87,8.5,8.61,888100,NaN,NaN,NaN,NaN,NaN,NaN,NaN
1647306000,8.5,8.67,8.5,8.58,587300,NaN,NaN,NaN,NaN,NaN,NaN,NaN
1647392400,8.55,8.6,8.5,8.57,120800,NaN,NaN,NaN,NaN,NaN,NaN,NaN
1647478800,8.57,8.76,8.51,8.55,672300,NaN,NaN,NaN,NaN,NaN,NaN,NaN
1647565200,8.57,8.63,8.56,8.63,587200,NaN,NaN,NaN,NaN,NaN,NaN,NaN
1647824400,8.64,8.66,8.6,8.66,257700,NaN,NaN,NaN,NaN,NaN,NaN,NaN
1647910800,8.66,8.9,8.66,8.78,648500,NaN,NaN,NaN,NaN,NaN,NaN,NaN
1647997200,8.7,8.79,8.66,8.78,315000,NaN,NaN,NaN,NaN,NaN,NaN,NaN
1648083600,8.75,8.75,8.68,8.72,229100,NaN,NaN,NaN,NaN,NaN,NaN,NaN
1648170000,8.76,8.9,8.74,8.89,272200,NaN,NaN,NaN,NaN,NaN,NaN,NaN
1648429200,8.9,8.92,8.72,8.85,247400,NaN,NaN,NaN,NaN,NaN,NaN,NaN
1648515600,8.8,8.82,8.7,8.78,249800,NaN,NaN,NaN,NaN,NaN,NaN,NaN
1648602000,8.72,8.75,8.71,8.74,681800,NaN,NaN,NaN,NaN,NaN,NaN,NaN
1648688400,8.74,8.74,8.51,8.55,278600,897198230,8769252000,3499980000,193451000,530432000,5107650000,3.50877192982456
1648774800,8.31,8.61,8.3,8.4,892900,NaN,NaN,NaN,NaN,NaN,NaN,NaN
1649034000,8.4,8.64,8.4,8.62,264000,NaN,NaN,NaN,NaN,NaN,NaN,NaN
1649120400,8.6,8.85,8.6,8.8,662100,NaN,NaN,NaN,NaN,NaN,NaN,NaN
1649206800,8.8,8.96,8.68,8.94,675600,NaN,NaN,NaN,NaN,NaN,NaN,NaN
1649293200,8.94,8.99,8.79,8.91,612100,NaN,NaN,NaN,NaN,NaN,NaN,NaN
1649379600,8.91,9.020001,8.85,8.93,1108100,NaN,NaN,NaN,NaN,NaN,NaN,NaN
1649638800,9,9.25,9,9.2,503300,NaN,NaN,NaN,NaN,NaN,NaN,NaN
1649725200,9.2,9.21,9.15,9.2,621200,NaN,NaN,NaN,NaN,NaN,NaN,NaN
1649811600,9.2,9.2,8.93,9,685000,NaN,NaN,NaN,NaN,NaN,NaN,NaN
1649898000,9.01,9.1,9,9,120900,NaN,NaN,NaN,NaN,NaN,NaN,NaN
1649984400,9,9.04,8.91,8.94,113100,NaN,NaN,NaN,NaN,NaN,NaN,NaN
1650243600,8.97,8.97,8.69,8.8,99400,NaN,NaN,NaN,NaN,NaN,NaN,NaN
1650416400,8.8,9.08,8.8,8.98,519700,NaN,NaN,NaN,NaN,NaN,NaN,NaN
1650502800,9.03,9.08,9.020001,9.07,404300,NaN,NaN,NaN,NaN,NaN,NaN,NaN
1650589200,9.04,9.09,8.97,9.08,293300,NaN,NaN,NaN,NaN,NaN,NaN,NaN
1650848400,9.12,9.38,9.11,9.11,829600,NaN,NaN,NaN,NaN,NaN,NaN,NaN
1650934800,9.12,9.22,9.12,9.2,443700,NaN,NaN,NaN,NaN,NaN,NaN,NaN
1651021200,9.3,9.3,9.17,9.25,296900,NaN,NaN,NaN,NaN,NaN,NaN,NaN
1651107600,9.4,9.45,9.25,9.3,1372400,NaN,NaN,NaN,NaN,NaN,NaN,NaN
1651194000,9.45,9.45,9.1,9.1,81600,NaN,NaN,NaN,NaN,NaN,NaN,NaN
1651712400,9.1,9.18,9.03,9.12,65100,NaN,NaN,NaN,NaN,NaN,NaN,NaN
1651798800,9.270001,9.270001,8.9,8.98,198500,NaN,NaN,NaN,NaN,NaN,NaN,NaN
1652058000,8.98,8.98,8.5,8.51,270000,NaN,NaN,NaN,NaN,NaN,NaN,NaN
1652144400,8.51,8.51,8.12,8.16,498900,NaN,NaN,NaN,NaN,NaN,NaN,NaN
1652230800,8.16,8.7,8.16,8.48,223700,NaN,NaN,NaN,NaN,NaN,NaN,NaN
1652317200,8.45,8.59,8,8.05,376400,NaN,NaN,NaN,NaN,NaN,NaN,NaN
1652403600,8.12,8.49,8.12,8.42,147000,NaN,NaN,NaN,NaN,NaN,NaN,NaN
1652749200,8.45,8.56,8.45,8.520001,173600,NaN,NaN,NaN,NaN,NaN,NaN,NaN
1652835600,8.520001,8.520001,8.33,8.46,32800,NaN,NaN,NaN,NaN,NaN,NaN,NaN
1652922000,8.37,8.66,8.3,8.6,231600,NaN,NaN,NaN,NaN,NaN,NaN,NaN
1653008400,8.6,8.62,8.45,8.62,164100,NaN,NaN,NaN,NaN,NaN,NaN,NaN
1653267600,8.62,8.62,8.2,8.3,60200,NaN,NaN,NaN,NaN,NaN,NaN,NaN
1653354000,8.2,8.29,8.13,8.18,59400,NaN,NaN,NaN,NaN,NaN,NaN,NaN
1653440400,8.18,8.33,8.020001,8.18,168200,NaN,NaN,NaN,NaN,NaN,NaN,NaN
1653526800,8.16,8.17,7.71,7.75,607600,NaN,NaN,NaN,NaN,NaN,NaN,NaN
1653613200,7.85,7.85,7.5,7.58,1575700,NaN,NaN,NaN,NaN,NaN,NaN,NaN
1653872400,7.58,7.68,7.52,7.58,68400,NaN,NaN,NaN,NaN,NaN,NaN,NaN
1653958800,7.6,7.71,7.55,7.6,85700,NaN,NaN,NaN,NaN,NaN,NaN,NaN
1654045200,7.55,7.59,7.52,7.56,316400,NaN,NaN,NaN,NaN,NaN,NaN,NaN
1654131600,7.53,7.54,7.34,7.37,268400,NaN,NaN,NaN,NaN,NaN,NaN,NaN
1654218000,7.35,7.55,7.35,7.47,139200,NaN,NaN,NaN,NaN,NaN,NaN,NaN
1654563600,7.47,7.51,7.35,7.45,35800,NaN,NaN,NaN,NaN,NaN,NaN,NaN
1654650000,7.39,7.41,7.3,7.3,83600,NaN,NaN,NaN,NaN,NaN,NaN,NaN
1654736400,7.31,7.31,7.19,7.19,144900,NaN,NaN,NaN,NaN,NaN,NaN,NaN
1654822800,7.18,7.24,7.15,7.17,75400,NaN,NaN,NaN,NaN,NaN,NaN,NaN
1655082000,7.15,7.15,6.9,6.98,277500,NaN,NaN,NaN,NaN,NaN,NaN,NaN
1655168400,6.98,7.18,6.91,7.06,197500,NaN,NaN,NaN,NaN,NaN,NaN,NaN
1655254800,7.02,7.22,6.92,6.92,103300,NaN,NaN,NaN,NaN,NaN,NaN,NaN
1655341200,7,7.05,6.83,6.85,348000,NaN,NaN,NaN,NaN,NaN,NaN,NaN
1655427600,6.8,6.81,6.7,6.7,227300,NaN,NaN,NaN,NaN,NaN,NaN,NaN
1655686800,6.71,6.84,6.61,6.65,146700,NaN,NaN,NaN,NaN,NaN,NaN,NaN
1655773200,6.66,6.71,6.61,6.64,203700,NaN,NaN,NaN,NaN,NaN,NaN,NaN
1655859600,6.64,6.64,6.54,6.54,800600,NaN,NaN,NaN,NaN,NaN,NaN,NaN
1655946000,6.6,6.61,6.55,6.55,345700,NaN,NaN,NaN,NaN,NaN,NaN,NaN
1656032400,6.55,6.63,6.5,6.5,281500,NaN,NaN,NaN,NaN,NaN,NaN,NaN
1656291600,6.6,6.6,6.48,6.48,239400,NaN,NaN,NaN,NaN,NaN,NaN,NaN
1656378000,6.48,6.59,6.46,6.48,694900,NaN,NaN,NaN,NaN,NaN,NaN,NaN
1656464400,6.54,6.59,6.29,6.29,640900,NaN,NaN,NaN,NaN,NaN,NaN,NaN
1656550800,6.39,6.45,6.32,6.45,667900,897198230,9063650000,3584812000,339731000,1045795000.0000001,5306824000,5.27131782945736
1656637200,6.45,6.48,6.4,6.41,335700,NaN,NaN,NaN,NaN,NaN,NaN,NaN
1656896400,6.47,6.79,6.42,6.48,190500,NaN,NaN,NaN,NaN,NaN,NaN,NaN
1656982800,6.72,6.72,6.51,6.51,228900,NaN,NaN,NaN,NaN,NaN,NaN,NaN
1657069200,6.51,6.51,6.29,6.32,204600,NaN,NaN,NaN,NaN,NaN,NaN,NaN
1657155600,6.32,6.42,6.3,6.32,293200,NaN,NaN,NaN,NaN,NaN,NaN,NaN
1657242000,6.31,6.48,6.31,6.37,204500,NaN,NaN,NaN,NaN,NaN,NaN,NaN
1657587600,6.36,6.53,6.33,6.48,43200,NaN,NaN,NaN,NaN,NaN,NaN,NaN
1657674000,6.4,6.52,6.4,6.42,118700,NaN,NaN,NaN,NaN,NaN,NaN,NaN
1657760400,6.51,6.58,6.3,6.3,244700,NaN,NaN,NaN,NaN,NaN,NaN,NaN
1657846800,6.5,6.5,6.31,6.45,89800,NaN,NaN,NaN,NaN,NaN,NaN,NaN
1658106000,6.52,6.52,6.38,6.48,38300,NaN,NaN,NaN,NaN,NaN,NaN,NaN
1658192400,6.48,6.64,6.45,6.64,93700,NaN,NaN,NaN,NaN,NaN,NaN,NaN
1658278800,6.64,6.64,6.41,6.41,123000,NaN,NaN,NaN,NaN,NaN,NaN,NaN
1658365200,6.45,6.59,6.45,6.59,61500,NaN,NaN,NaN,NaN,NaN,NaN,NaN
1658451600,6.59,6.63,6.46,6.54,89000,NaN,NaN,NaN,NaN,NaN,NaN,NaN
1658710800,6.62,6.62,6.42,6.44,101300,NaN,NaN,NaN,NaN,NaN,NaN,NaN
1658797200,6.44,6.58,6.44,6.46,81700,NaN,NaN,NaN,NaN,NaN,NaN,NaN
1658883600,6.46,6.56,6.3,6.3,567100,NaN,NaN,NaN,NaN,NaN,NaN,NaN
1658970000,6.34,6.45,6.33,6.41,155000,NaN,NaN,NaN,NaN,NaN,NaN,NaN
1659056400,6.44,6.55,6.43,6.46,138600,NaN,NaN,NaN,NaN,NaN,NaN,NaN
1659315600,6.52,6.71,6.52,6.64,197200,NaN,NaN,NaN,NaN,NaN,NaN,NaN
1659402000,6.64,6.66,6.55,6.58,130600,NaN,NaN,NaN,NaN,NaN,NaN,NaN
1659488400,6.58,6.58,6.48,6.5,107000,NaN,NaN,NaN,NaN,NaN,NaN,NaN
1659574800,6.5,6.58,6.5,6.57,188100,NaN,NaN,NaN,NaN,NaN,NaN,NaN
1659661200,6.58,6.78,6.58,6.65,305300,NaN,NaN,NaN,NaN,NaN,NaN,NaN
1659920400,6.69,6.69,6.61,6.65,12600,NaN,NaN,NaN,NaN,NaN,NaN,NaN
1660006800,6.6,6.65,6.58,6.6,154000,NaN,NaN,NaN,NaN,NaN,NaN,NaN
1660093200,6.6,6.6,6.56,6.6,105300,NaN,NaN,NaN,NaN,NaN,NaN,NaN
1660179600,6.57,6.6,6.47,6.59,296100,NaN,NaN,NaN,NaN,NaN,NaN,NaN
1660266000,6.53,6.65,6.53,6.62,56800,NaN,NaN,NaN,NaN,NaN,NaN,NaN
1660525200,6.62,6.65,6.56,6.6,11800,NaN,NaN,NaN,NaN,NaN,NaN,NaN
1660611600,6.55,6.65,6.55,6.64,118300,NaN,NaN,NaN,NaN,NaN,NaN,NaN
1660698000,6.62,6.67,6.6,6.6,10800,NaN,NaN,NaN,NaN,NaN,NaN,NaN
1660784400,6.6,6.66,6.58,6.58,44100,NaN,NaN,NaN,NaN,NaN,NaN,NaN
1660870800,6.63,6.63,6.52,6.52,24800,NaN,NaN,NaN,NaN,NaN,NaN,NaN
1661130000,6.5,6.53,6.45,6.46,88500,NaN,NaN,NaN,NaN,NaN,NaN,NaN
1661216400,6.4,6.52,6.4,6.52,22500,NaN,NaN,NaN,NaN,NaN,NaN,NaN
1661302800,6.52,6.54,6.46,6.49,21700,NaN,NaN,NaN,NaN,NaN,NaN,NaN
1661389200,6.67,6.81,6.51,6.58,676700,NaN,NaN,NaN,NaN,NaN,NaN,NaN
1661475600,6.65,6.66,6.57,6.6,86800,NaN,NaN,NaN,NaN,NaN,NaN,NaN
1661734800,6.55,6.74,6.54,6.7,135600,NaN,NaN,NaN,NaN,NaN,NaN,NaN
1661821200,6.7,6.85,6.7,6.71,94900,NaN,NaN,NaN,NaN,NaN,NaN,NaN
1661994000,6.71,6.71,6.56,6.6,135000,NaN,NaN,NaN,NaN,NaN,NaN,NaN
1662080400,6.6,6.65,6.5,6.52,223100,NaN,NaN,NaN,NaN,NaN,NaN,NaN
1662339600,6.52,6.65,6.52,6.58,38400,NaN,NaN,NaN,NaN,NaN,NaN,NaN
1662426000,6.58,6.65,6.58,6.63,33300,NaN,NaN,NaN,NaN,NaN,NaN,NaN
1662512400,6.62,6.65,6.62,6.64,22900,NaN,NaN,NaN,NaN,NaN,NaN,NaN
1662598800,6.65,6.73,6.65,6.71,123000,NaN,NaN,NaN,NaN,NaN,NaN,NaN
1662685200,6.6,6.62,6.44,6.6,65200,NaN,NaN,NaN,NaN,NaN,NaN,NaN
1662944400,6.6,6.6,6.52,6.56,9900,NaN,NaN,NaN,NaN,NaN,NaN,NaN
1663030800,6.5,6.54,6.38,6.4,286200,NaN,NaN,NaN,NaN,NaN,NaN,NaN
1663117200,6.38,6.44,6.38,6.4,15400,NaN,NaN,NaN,NaN,NaN,NaN,NaN
1663203600,6.45,6.45,6.33,6.33,164800,NaN,NaN,NaN,NaN,NaN,NaN,NaN
1663549200,6.32,6.38,6.3,6.33,128100,NaN,NaN,NaN,NaN,NaN,NaN,NaN
1663635600,6.33,6.39,6.25,6.38,261500,NaN,NaN,NaN,NaN,NaN,NaN,NaN
1663722000,6.35,6.42,6.25,6.25,74100,NaN,NaN,NaN,NaN,NaN,NaN,NaN
1663808400,6.26,6.26,6.2,6.22,305600,NaN,NaN,NaN,NaN,NaN,NaN,NaN
1663894800,6.22,6.22,6.15,6.16,163900,NaN,NaN,NaN,NaN,NaN,NaN,NaN
1664154000,6.18,6.18,6.03,6.03,202700,NaN,NaN,NaN,NaN,NaN,NaN,NaN
1664240400,6.03,6.08,5.86,5.87,348100,NaN,NaN,NaN,NaN,NaN,NaN,NaN
1664326800,5.88,5.89,5.51,5.65,351700,NaN,NaN,NaN,NaN,NaN,NaN,NaN
1664413200,5.66,5.77,5.6,5.65,333500,NaN,NaN,NaN,NaN,NaN,NaN,NaN
1664499600,5.65,5.74,5.55,5.74,198800,897198230,9156414000,3660398000,114658000,822368000,5324102000,5.92334494773519
1664758800,5.74,5.78,5.65,5.69,11400,NaN,NaN,NaN,NaN,NaN,NaN,NaN
1664845200,5.7,5.7,5.6,5.62,124800,NaN,NaN,NaN,NaN,NaN,NaN,NaN
1664931600,5.65,5.72,5.62,5.69,219500,NaN,NaN,NaN,NaN,NaN,NaN,NaN
1665018000,5.72,5.78,5.66,5.71,76700,NaN,NaN,NaN,NaN,NaN,NaN,NaN
1665104400,5.73,5.79,5.54,5.62,154700,NaN,NaN,NaN,NaN,NaN,NaN,NaN
1665450000,5.6,5.67,5.51,5.58,119000,NaN,NaN,NaN,NaN,NaN,NaN,NaN
1665536400,5.58,5.64,5.55,5.6,69900,NaN,NaN,NaN,NaN,NaN,NaN,NaN
1665622800,5.59,5.61,5.53,5.55,166200,NaN,NaN,NaN,NaN,NaN,NaN,NaN
1665709200,5.56,5.74,5.56,5.56,165800,NaN,NaN,NaN,NaN,NaN,NaN,NaN
1665968400,5.57,5.69,5.5,5.61,153100,NaN,NaN,NaN,NaN,NaN,NaN,NaN
1666054800,5.61,5.9,5.61,5.9,366500,NaN,NaN,NaN,NaN,NaN,NaN,NaN
1666141200,5.9,5.95,5.76,5.78,295400,NaN,NaN,NaN,NaN,NaN,NaN,NaN
1666227600,5.8,5.96,5.78,5.83,1003800,NaN,NaN,NaN,NaN,NaN,NaN,NaN
1666314000,5.94,5.94,5.86,5.88,147100,NaN,NaN,NaN,NaN,NaN,NaN,NaN
1666659600,5.94,5.94,5.8,5.8,193900,NaN,NaN,NaN,NaN,NaN,NaN,NaN
1666746000,5.95,6.05,5.88,6,264600,NaN,NaN,NaN,NaN,NaN,NaN,NaN
1666832400,6.11,6.21,6.03,6.03,402100,NaN,NaN,NaN,NaN,NaN,NaN,NaN
1666918800,6.18,6.18,5.91,6,155800,NaN,NaN,NaN,NaN,NaN,NaN,NaN
1667178000,5.96,6.12,5.96,6.12,118200,NaN,NaN,NaN,NaN,NaN,NaN,NaN
1667264400,6.12,6.13,6.02,6.08,88800,NaN,NaN,NaN,NaN,NaN,NaN,NaN
1667350800,6.1,6.2,6.06,6.15,143500,NaN,NaN,NaN,NaN,NaN,NaN,NaN
1667437200,6.13,6.15,5.89,6,392200,NaN,NaN,NaN,NaN,NaN,NaN,NaN
1667523600,6,6.15,5.93,6.06,177100,NaN,NaN,NaN,NaN,NaN,NaN,NaN
1667782800,6.01,6.3,6.01,6.28,194000,NaN,NaN,NaN,NaN,NaN,NaN,NaN
1667869200,6.2,6.29,6.2,6.28,289500,NaN,NaN,NaN,NaN,NaN,NaN,NaN
1667955600,6.28,6.39,6.28,6.36,303500,NaN,NaN,NaN,NaN,NaN,NaN,NaN
1668042000,6.34,6.38,6.24,6.31,229700,NaN,NaN,NaN,NaN,NaN,NaN,NaN
1668128400,6.32,6.53,6.29,6.5,483300,NaN,NaN,NaN,NaN,NaN,NaN,NaN
1668387600,6.5,6.57,6.5,6.52,177200,NaN,NaN,NaN,NaN,NaN,NaN,NaN
1668474000,6.52,6.58,6.43,6.5,264300,NaN,NaN,NaN,NaN,NaN,NaN,NaN
1668560400,6.5,6.54,6.4,6.45,185600,NaN,NaN,NaN,NaN,NaN,NaN,NaN
1668646800,6.45,6.48,6.4,6.45,136600,NaN,NaN,NaN,NaN,NaN,NaN,NaN
1668992400,6.3,6.55,6.21,6.55,139300,NaN,NaN,NaN,NaN,NaN,NaN,NaN
1669078800,6.54,6.54,6.28,6.5,91900,NaN,NaN,NaN,NaN,NaN,NaN,NaN
1669165200,6.5,6.5,6.4,6.4,61500,NaN,NaN,NaN,NaN,NaN,NaN,NaN
1669251600,6.41,6.41,6.18,6.27,551000,NaN,NaN,NaN,NaN,NaN,NaN,NaN
1669338000,6.28,6.28,6.15,6.16,160600,NaN,NaN,NaN,NaN,NaN,NaN,NaN
1669683600,6.24,6.24,6.15,6.19,145800,NaN,NaN,NaN,NaN,NaN,NaN,NaN
1669770000,6.16,6.21,6.01,6.21,459100,NaN,NaN,NaN,NaN,NaN,NaN,NaN
1669856400,6.21,6.21,6.1,6.15,460700,NaN,NaN,NaN,NaN,NaN,NaN,NaN
1669942800,6.15,6.15,5.99,6.06,545900,NaN,NaN,NaN,NaN,NaN,NaN,NaN
1670202000,6.08,6.11,6.03,6.03,217200,NaN,NaN,NaN,NaN,NaN,NaN,NaN
1670288400,6.04,6.1,6,6.01,119700,NaN,NaN,NaN,NaN,NaN,NaN,NaN
1670374800,6.1,6.1,5.99,5.99,173700,NaN,NaN,NaN,NaN,NaN,NaN,NaN
1670461200,6.11,6.11,5.99,6.01,138900,NaN,NaN,NaN,NaN,NaN,NaN,NaN
1670547600,6.02,6.09,5.98,6.03,203300,NaN,NaN,NaN,NaN,NaN,NaN,NaN
1670806800,6.02,6.02,5.98,5.98,38300,NaN,NaN,NaN,NaN,NaN,NaN,NaN
1670893200,6,6.01,5.91,5.97,334800,NaN,NaN,NaN,NaN,NaN,NaN,NaN
1670979600,5.99,6.07,5.99,6.02,46000,NaN,NaN,NaN,NaN,NaN,NaN,NaN
1671066000,6.01,6.04,5.91,5.91,196800,NaN,NaN,NaN,NaN,NaN,NaN,NaN
1671152400,5.93,6.1,5.92,5.96,434100,NaN,NaN,NaN,NaN,NaN,NaN,NaN
1671411600,5.97,6.13,5.96,6,77700,NaN,NaN,NaN,NaN,NaN,NaN,NaN
1671498000,6,6.1,5.97,5.97,62700,NaN,NaN,NaN,NaN,NaN,NaN,NaN
1671584400,6,6.05,5.99,6.04,74900,NaN,NaN,NaN,NaN,NaN,NaN,NaN
1671670800,6,6.04,5.99,6.04,62600,NaN,NaN,NaN,NaN,NaN,NaN,NaN
1671757200,6.03,6.03,6.03,6.03,1200,NaN,NaN,NaN,NaN,NaN,NaN,NaN
1672102800,5.97,6.4,5.97,6.4,232500,NaN,NaN,NaN,NaN,NaN,NaN,NaN
1672189200,6.35,6.4,6.1,6.4,345100,NaN,NaN,NaN,NaN,NaN,NaN,NaN
1672275600,6.3,6.4,6.2,6.4,635800,NaN,NaN,NaN,NaN,NaN,NaN,NaN
1672362000,6.4,6.41,6.26,6.4,974000,897198230,8878050000,3568264000,108675000,791187000,5209563000,5.3125
1672707600,6.3,6.4,6.3,6.31,49400,NaN,NaN,NaN,NaN,NaN,NaN,NaN
1672794000,6.25,6.26,6.1,6.1,363500,NaN,NaN,NaN,NaN,NaN,NaN,NaN
1672880400,6.19,6.22,6.12,6.2,213900,NaN,NaN,NaN,NaN,NaN,NaN,NaN
1672966800,6.2,6.2,6.03,6.03,543700,NaN,NaN,NaN,NaN,NaN,NaN,NaN
1673226000,6.05,6.13,6.05,6.05,129200,NaN,NaN,NaN,NaN,NaN,NaN,NaN
1673312400,6.1,6.1,6.01,6.02,225200,NaN,NaN,NaN,NaN,NaN,NaN,NaN
1673398800,6.04,6.09,6.04,6.06,186900,NaN,NaN,NaN,NaN,NaN,NaN,NaN
1673485200,6.1,6.17,6.05,6.05,184600,NaN,NaN,NaN,NaN,NaN,NaN,NaN
1673571600,6.07,6.1,6.04,6.04,123800,NaN,NaN,NaN,NaN,NaN,NaN,NaN
1673830800,6.1,6.1,6.02,6.03,186700,NaN,NaN,NaN,NaN,NaN,NaN,NaN
1673917200,6.09,6.1,6.04,6.04,116900,NaN,NaN,NaN,NaN,NaN,NaN,NaN
1674003600,6.04,6.06,5.99,6,277600,NaN,NaN,NaN,NaN,NaN,NaN,NaN
1674090000,6.05,6.09,5.95,5.97,345200,NaN,NaN,NaN,NaN,NaN,NaN,NaN
1674176400,5.98,6.02,5.96,5.96,154100,NaN,NaN,NaN,NaN,NaN,NaN,NaN
1674608400,5.99,6.04,5.99,5.99,160300,NaN,NaN,NaN,NaN,NaN,NaN,NaN
1674694800,6,6.04,6,6,144900,NaN,NaN,NaN,NaN,NaN,NaN,NaN
1674781200,6.01,6.07,6,6.05,263600,NaN,NaN,NaN,NaN,NaN,NaN,NaN
1675040400,6.05,6.05,6,6,287300,NaN,NaN,NaN,NaN,NaN,NaN,NaN
1675126800,6,6.1,6,6.07,164600,NaN,NaN,NaN,NaN,NaN,NaN,NaN
1675299600,6.07,6.1,6.04,6.1,599500,NaN,NaN,NaN,NaN,NaN,NaN,NaN
1675386000,6.05,6.1,6.03,6.1,454000,NaN,NaN,NaN,NaN,NaN,NaN,NaN
1675731600,6.1,6.15,5.99,6.15,298500,NaN,NaN,NaN,NaN,NaN,NaN,NaN
1675818000,6.14,6.14,6.03,6.03,246200,NaN,NaN,NaN,NaN,NaN,NaN,NaN
1675904400,6.11,6.11,6.02,6.02,290500,NaN,NaN,NaN,NaN,NaN,NaN,NaN
1675990800,6.08,6.19,6.03,6.18,168600,NaN,NaN,NaN,NaN,NaN,NaN,NaN
1676250000,6.18,6.18,6.06,6.1,112200,NaN,NaN,NaN,NaN,NaN,NaN,NaN
1676336400,6.1,6.19,6.09,6.1,122500,NaN,NaN,NaN,NaN,NaN,NaN,NaN
1676422800,6.08,6.09,6.06,6.09,16400,NaN,NaN,NaN,NaN,NaN,NaN,NaN
1676509200,6.1,6.1,6.05,6.05,238600,NaN,NaN,NaN,NaN,NaN,NaN,NaN
1676595600,6.05,6.08,6.04,6.05,88300,NaN,NaN,NaN,NaN,NaN,NaN,NaN
1676854800,6.04,6.13,6.04,6.05,113800,NaN,NaN,NaN,NaN,NaN,NaN,NaN
1676941200,6.05,6.07,6.03,6.03,104800,NaN,NaN,NaN,NaN,NaN,NaN,NaN
1677027600,6.03,6.06,6.01,6.02,152900,NaN,NaN,NaN,NaN,NaN,NaN,NaN
1677114000,6.05,6.14,6.05,6.1,180900,NaN,NaN,NaN,NaN,NaN,NaN,NaN
1677200400,6.12,6.16,6.09,6.1,191900,NaN,NaN,NaN,NaN,NaN,NaN,NaN
1677459600,6.16,6.2,6.13,6.15,112900,NaN,NaN,NaN,NaN,NaN,NaN,NaN
1677546000,6.15,6.16,6.02,6.02,221500,NaN,NaN,NaN,NaN,NaN,NaN,NaN
1677632400,6.08,6.11,6.03,6.04,91700,NaN,NaN,NaN,NaN,NaN,NaN,NaN
1677718800,6.1,6.1,6.05,6.08,63000,NaN,NaN,NaN,NaN,NaN,NaN,NaN
1677805200,6.06,6.17,6.06,6.11,208700,NaN,NaN,NaN,NaN,NaN,NaN,NaN
1678064400,6.16,6.18,6.11,6.17,154500,NaN,NaN,NaN,NaN,NaN,NaN,NaN
1678150800,6.19,6.27,6.19,6.19,330200,NaN,NaN,NaN,NaN,NaN,NaN,NaN
1678237200,6.19,6.2,6.11,6.14,132800,NaN,NaN,NaN,NaN,NaN,NaN,NaN
1678323600,6.07,6.07,5.97,5.97,273000,NaN,NaN,NaN,NaN,NaN,NaN,NaN
1678410000,5.97,5.98,5.96,5.96,169600,NaN,NaN,NaN,NaN,NaN,NaN,NaN
1678669200,5.95,6.04,5.95,6.02,148300,NaN,NaN,NaN,NaN,NaN,NaN,NaN
1678755600,5.99,6.02,5.95,5.95,298600,NaN,NaN,NaN,NaN,NaN,NaN,NaN
1678842000,5.95,6.02,5.94,5.98,8400,NaN,NaN,NaN,NaN,NaN,NaN,NaN
1678928400,6,6,5.9,5.93,126900,NaN,NaN,NaN,NaN,NaN,NaN,NaN
1679014800,5.92,5.96,5.92,5.95,130500,NaN,NaN,NaN,NaN,NaN,NaN,NaN
1679274000,5.93,5.97,5.9,5.94,129900,NaN,NaN,NaN,NaN,NaN,NaN,NaN
1679360400,5.92,5.94,5.85,5.89,242200,NaN,NaN,NaN,NaN,NaN,NaN,NaN
1679446800,5.92,5.92,5.88,5.88,41200,NaN,NaN,NaN,NaN,NaN,NaN,NaN
1679533200,5.86,5.92,5.83,5.87,110200,NaN,NaN,NaN,NaN,NaN,NaN,NaN
1679619600,5.84,5.91,5.84,5.9,41600,NaN,NaN,NaN,NaN,NaN,NaN,NaN
1679878800,5.9,5.9,5.88,5.89,47600,NaN,NaN,NaN,NaN,NaN,NaN,NaN
1679965200,5.9,5.9,5.88,5.89,11300,NaN,NaN,NaN,NaN,NaN,NaN,NaN
1680051600,5.87,5.94,5.87,5.92,84300,NaN,NaN,NaN,NaN,NaN,NaN,NaN
1680138000,5.93,6,5.9,5.92,70300,NaN,NaN,NaN,NaN,NaN,NaN,NaN
1680224400,5.91,5.94,5.88,5.91,57200,897198230,8526512000.000001,3260147000,72180000,584251000,5153751000,5.75296108291032
1680483600,5.93,6.05,5.9,6.01,93600,NaN,NaN,NaN,NaN,NaN,NaN,NaN
1680570000,6.03,6.03,5.96,5.98,27600,NaN,NaN,NaN,NaN,NaN,NaN,NaN
1680656400,5.98,5.98,5.9,5.91,56900,NaN,NaN,NaN,NaN,NaN,NaN,NaN
1680742800,5.93,5.99,5.93,5.94,37800,NaN,NaN,NaN,NaN,NaN,NaN,NaN
1680829200,5.94,6,5.94,5.98,13100,NaN,NaN,NaN,NaN,NaN,NaN,NaN
1681088400,6,6.06,5.98,6,32600,NaN,NaN,NaN,NaN,NaN,NaN,NaN
1681174800,6,6.05,5.96,6,26200,NaN,NaN,NaN,NaN,NaN,NaN,NaN
1681261200,6,6.03,5.98,6.02,65300,NaN,NaN,NaN,NaN,NaN,NaN,NaN
1681347600,6.05,6.05,6,6,24300,NaN,NaN,NaN,NaN,NaN,NaN,NaN
1681434000,6.01,6.04,6.01,6.04,7400,NaN,NaN,NaN,NaN,NaN,NaN,NaN
1681693200,6.02,6.05,5.99,6,50200,NaN,NaN,NaN,NaN,NaN,NaN,NaN
1681779600,6,6.04,5.94,6.03,168300,NaN,NaN,NaN,NaN,NaN,NaN,NaN
1681866000,6.03,6.03,5.96,5.96,4200,NaN,NaN,NaN,NaN,NaN,NaN,NaN
1681952400,5.95,6.03,5.95,5.95,26800,NaN,NaN,NaN,NaN,NaN,NaN,NaN
1682384400,5.98,5.98,5.94,5.94,11300,NaN,NaN,NaN,NaN,NaN,NaN,NaN
1682470800,5.96,6,5.95,6,41500,NaN,NaN,NaN,NaN,NaN,NaN,NaN
1682557200,6.05,6.05,5.95,5.95,40400,NaN,NaN,NaN,NaN,NaN,NaN,NaN
1682643600,5.95,6.02,5.94,6,41500,NaN,NaN,NaN,NaN,NaN,NaN,NaN
1682989200,6.09,6.09,6,6.03,28300,NaN,NaN,NaN,NaN,NaN,NaN,NaN
1683075600,6.03,6.03,5.93,6.03,49600,NaN,NaN,NaN,NaN,NaN,NaN,NaN
1683248400,6.02,6.02,6.02,6.02,500,NaN,NaN,NaN,NaN,NaN,NaN,NaN
1683507600,5.93,6,5.93,5.99,14400,NaN,NaN,NaN,NaN,NaN,NaN,NaN
1683594000,5.96,6.03,5.95,5.98,20700,NaN,NaN,NaN,NaN,NaN,NaN,NaN
1683680400,5.97,6,5.95,6,24500,NaN,NaN,NaN,NaN,NaN,NaN,NaN
1683766800,5.99,6.05,5.99,6.05,82100,NaN,NaN,NaN,NaN,NaN,NaN,NaN
1683853200,6.05,6.05,5.94,6.02,7300,NaN,NaN,NaN,NaN,NaN,NaN,NaN
1684112400,6.02,6.02,5.95,6,15700,NaN,NaN,NaN,NaN,NaN,NaN,NaN
1684198800,6.03,6.03,6.02,6.03,42700,NaN,NaN,NaN,NaN,NaN,NaN,NaN
1684285200,5.95,6.09,5.95,6.09,111800,NaN,NaN,NaN,NaN,NaN,NaN,NaN
1684371600,6.09,6.2,6.09,6.15,103200,NaN,NaN,NaN,NaN,NaN,NaN,NaN
1684458000,6.08,6.18,6.08,6.15,136800,NaN,NaN,NaN,NaN,NaN,NaN,NaN
1684717200,6.1,6.15,6.02,6.11,243800,NaN,NaN,NaN,NaN,NaN,NaN,NaN
1684803600,6.1,6.11,6.01,6.01,36300,NaN,NaN,NaN,NaN,NaN,NaN,NaN
1684890000,6.01,6.1,6.01,6.06,100100,NaN,NaN,NaN,NaN,NaN,NaN,NaN
1684976400,6,6.1,6,6.09,18900,NaN,NaN,NaN,NaN,NaN,NaN,NaN
1685062800,5.98,6.07,5.98,6.05,77700,NaN,NaN,NaN,NaN,NaN,NaN,NaN
1685322000,5.95,6.1,5.95,6.09,7900,NaN,NaN,NaN,NaN,NaN,NaN,NaN
1685408400,6.09,6.09,6.09,6.09,0,NaN,NaN,NaN,NaN,NaN,NaN,NaN
1685494800,5.95,6.09,5.95,6,135500,NaN,NaN,NaN,NaN,NaN,NaN,NaN
1685581200,6,6.05,6,6.05,37100,NaN,NaN,NaN,NaN,NaN,NaN,NaN
1685667600,6.03,6.04,5.97,6.01,37200,NaN,NaN,NaN,NaN,NaN,NaN,NaN
1686013200,5.98,6.02,5.95,5.96,39700,NaN,NaN,NaN,NaN,NaN,NaN,NaN
1686099600,5.96,6.04,5.94,5.94,20700,NaN,NaN,NaN,NaN,NaN,NaN,NaN
1686186000,5.93,6.03,5.92,5.96,48400,NaN,NaN,NaN,NaN,NaN,NaN,NaN
1686272400,5.97,6.03,5.91,5.92,66100,NaN,NaN,NaN,NaN,NaN,NaN,NaN
1686531600,5.93,6.04,5.92,5.92,98500,NaN,NaN,NaN,NaN,NaN,NaN,NaN
1686618000,5.93,6,5.93,5.98,51200,NaN,NaN,NaN,NaN,NaN,NaN,NaN
1686704400,6,6,5.95,5.99,9500,NaN,NaN,NaN,NaN,NaN,NaN,NaN
1686790800,5.99,5.99,5.99,5.99,0,NaN,NaN,NaN,NaN,NaN,NaN,NaN
1686877200,6.03,6.03,5.95,6,169700,NaN,NaN,NaN,NaN,NaN,NaN,NaN
1687136400,6,6.05,5.96,5.96,10900,NaN,NaN,NaN,NaN,NaN,NaN,NaN
1687222800,5.95,6.04,5.95,6,36100,NaN,NaN,NaN,NaN,NaN,NaN,NaN
1687309200,5.95,6.02,5.95,5.98,88000,NaN,NaN,NaN,NaN,NaN,NaN,NaN
1687395600,6,6,5.94,5.95,39300,NaN,NaN,NaN,NaN,NaN,NaN,NaN
1687482000,5.95,5.96,5.93,5.94,245000,NaN,NaN,NaN,NaN,NaN,NaN,NaN
1687741200,6,6,5.92,5.92,6800,NaN,NaN,NaN,NaN,NaN,NaN,NaN
1687827600,5.92,5.92,5.92,5.92,200,NaN,NaN,NaN,NaN,NaN,NaN,NaN
1687914000,5.93,6,5.8,5.88,266900,NaN,NaN,NaN,NaN,NaN,NaN,NaN
1688086800,5.89,5.99,5.89,5.9,43500,897198230,8719633000,3217772000,117133000,805950000,5360845000,4.57627118644068
1688346000,5.92,6,5.92,5.94,69700,NaN,NaN,NaN,NaN,NaN,NaN,NaN
1688432400,5.94,5.94,5.82,5.82,549000,NaN,NaN,NaN,NaN,NaN,NaN,NaN
1688518800,5.87,5.87,5.83,5.87,378100,NaN,NaN,NaN,NaN,NaN,NaN,NaN
1688605200,5.83,5.89,5.75,5.8,441800,NaN,NaN,NaN,NaN,NaN,NaN,NaN
1688691600,5.8,5.8,5.69,5.72,360200,NaN,NaN,NaN,NaN,NaN,NaN,NaN
1688950800,5.75,5.76,5.7,5.71,73900,NaN,NaN,NaN,NaN,NaN,NaN,NaN
1689037200,5.71,5.73,5.67,5.69,404000,NaN,NaN,NaN,NaN,NaN,NaN,NaN
1689123600,5.69,5.8,5.64,5.8,388000,NaN,NaN,NaN,NaN,NaN,NaN,NaN
1689210000,5.85,5.85,5.7,5.8,267800,NaN,NaN,NaN,NaN,NaN,NaN,NaN
1689296400,6.04,6.04,5.8,5.8,507100,NaN,NaN,NaN,NaN,NaN,NaN,NaN
1689555600,5.83,5.88,5.78,5.82,135700,NaN,NaN,NaN,NaN,NaN,NaN,NaN
1689642000,5.87,5.88,5.87,5.87,71200,NaN,NaN,NaN,NaN,NaN,NaN,NaN
1689814800,5.87,5.94,5.87,5.88,95100,NaN,NaN,NaN,NaN,NaN,NaN,NaN
1689901200,5.94,5.97,5.91,5.97,356000,NaN,NaN,NaN,NaN,NaN,NaN,NaN
1690160400,5.99,6,5.85,5.95,238200,NaN,NaN,NaN,NaN,NaN,NaN,NaN
1690246800,5.95,6,5.91,6,604300,NaN,NaN,NaN,NaN,NaN,NaN,NaN
1690333200,6,6.11,5.99,6.1,541100,NaN,NaN,NaN,NaN,NaN,NaN,NaN
1690419600,6.11,6.16,6.01,6.11,488900,NaN,NaN,NaN,NaN,NaN,NaN,NaN
1690506000,6.13,6.13,6.03,6.09,343300,NaN,NaN,NaN,NaN,NaN,NaN,NaN
1690765200,6.12,6.14,6.06,6.11,908800,NaN,NaN,NaN,NaN,NaN,NaN,NaN
1690851600,6.1,6.1,6.02,6.02,500,NaN,NaN,NaN,NaN,NaN,NaN,NaN
1690938000,6.02,6.03,5.92,5.95,1786700,NaN,NaN,NaN,NaN,NaN,NaN,NaN
1691024400,5.98,6.09,5.91,5.94,289500,NaN,NaN,NaN,NaN,NaN,NaN,NaN
1691110800,5.92,5.92,5.87,5.89,700900,NaN,NaN,NaN,NaN,NaN,NaN,NaN
1691370000,5.9,6,5.9,5.94,177500,NaN,NaN,NaN,NaN,NaN,NaN,NaN
1691456400,5.99,5.99,5.91,5.93,172500,NaN,NaN,NaN,NaN,NaN,NaN,NaN
1691542800,5.93,5.94,5.91,5.94,357500,NaN,NaN,NaN,NaN,NaN,NaN,NaN
1691629200,5.94,5.95,5.9,5.92,328000,NaN,NaN,NaN,NaN,NaN,NaN,NaN
1691715600,5.94,5.96,5.93,5.95,352400,NaN,NaN,NaN,NaN,NaN,NaN,NaN
1691974800,5.88,5.93,5.82,5.86,212600,NaN,NaN,NaN,NaN,NaN,NaN,NaN
1692061200,5.86,5.88,5.82,5.82,222300,NaN,NaN,NaN,NaN,NaN,NaN,NaN
1692147600,5.82,5.83,5.77,5.79,431400,NaN,NaN,NaN,NaN,NaN,NaN,NaN
1692234000,5.8,5.8,5.71,5.75,629000,NaN,NaN,NaN,NaN,NaN,NaN,NaN
1692320400,5.75,5.77,5.71,5.73,214100,NaN,NaN,NaN,NaN,NaN,NaN,NaN
1692579600,5.77,5.77,5.75,5.76,118000,NaN,NaN,NaN,NaN,NaN,NaN,NaN
1692666000,5.85,5.85,5.72,5.73,335700,NaN,NaN,NaN,NaN,NaN,NaN,NaN
1692752400,5.73,5.75,5.68,5.71,357800,NaN,NaN,NaN,NaN,NaN,NaN,NaN
1692838800,5.74,5.78,5.71,5.75,310900,NaN,NaN,NaN,NaN,NaN,NaN,NaN
1692925200,5.8,5.8,5.71,5.72,301600,NaN,NaN,NaN,NaN,NaN,NaN,NaN
1693184400,5.72,5.8,5.69,5.8,2806400,NaN,NaN,NaN,NaN,NaN,NaN,NaN
1693270800,5.84,5.84,5.7,5.7,316800,NaN,NaN,NaN,NaN,NaN,NaN,NaN
1693357200,5.73,5.79,5.38,5.38,9087500,NaN,NaN,NaN,NaN,NaN,NaN,NaN
1693530000,5.44,5.49,5.39,5.44,1727000,NaN,NaN,NaN,NaN,NaN,NaN,NaN
1693789200,5.46,5.52,5.45,5.48,999800,NaN,NaN,NaN,NaN,NaN,NaN,NaN
1693875600,5.51,5.51,5.41,5.41,1564700,NaN,NaN,NaN,NaN,NaN,NaN,NaN
1693962000,5.45,5.45,5.34,5.37,1848500,NaN,NaN,NaN,NaN,NaN,NaN,NaN
1694048400,5.38,5.4,5.33,5.38,1004000,NaN,NaN,NaN,NaN,NaN,NaN,NaN
1694134800,5.35,5.35,5.14,5.16,1515900,NaN,NaN,NaN,NaN,NaN,NaN,NaN
1694394000,5.2,5.22,5.11,5.18,756300,NaN,NaN,NaN,NaN,NaN,NaN,NaN
1694480400,5.21,5.26,5.17,5.2,1305600,NaN,NaN,NaN,NaN,NaN,NaN,NaN
1694566800,5.23,5.27,5.17,5.2,1117000,NaN,NaN,NaN,NaN,NaN,NaN,NaN
1694653200,5.25,5.26,5.19,5.21,823000,NaN,NaN,NaN,NaN,NaN,NaN,NaN
1694739600,5.22,5.38,5.22,5.36,14785900,NaN,NaN,NaN,NaN,NaN,NaN,NaN
1694998800,5.38,5.54,5.38,5.49,1716900,NaN,NaN,NaN,NaN,NaN,NaN,NaN
1695085200,5.5,5.5,5.37,5.38,928000,NaN,NaN,NaN,NaN,NaN,NaN,NaN
1695171600,5.39,5.44,5.38,5.4,539100,NaN,NaN,NaN,NaN,NaN,NaN,NaN
1695258000,5.4,5.41,5.32,5.36,913900,NaN,NaN,NaN,NaN,NaN,NaN,NaN
1695344400,5.34,5.41,5.34,5.36,204400,NaN,NaN,NaN,NaN,NaN,NaN,NaN
1695603600,5.43,5.45,5.36,5.36,109100,NaN,NaN,NaN,NaN,NaN,NaN,NaN
1695690000,5.42,5.43,5.36,5.36,129500,NaN,NaN,NaN,NaN,NaN,NaN,NaN
1695776400,5.35,5.37,5.32,5.32,205000,NaN,NaN,NaN,NaN,NaN,NaN,NaN
1695949200,5.32,5.4,5.3,5.4,478200,897161830,8768553000,3308405000,137494000,775791000,5323848000,5
1696208400,5.4,5.43,5.36,5.43,254200,NaN,NaN,NaN,NaN,NaN,NaN,NaN
1696294800,5.42,5.42,5.28,5.32,820300,NaN,NaN,NaN,NaN,NaN,NaN,NaN
1696381200,5.31,5.33,5.2,5.3,419600,NaN,NaN,NaN,NaN,NaN,NaN,NaN
1696467600,5.3,5.3,5.25,5.26,183300,NaN,NaN,NaN,NaN,NaN,NaN,NaN
1696554000,5.25,5.3,5.25,5.28,153000,NaN,NaN,NaN,NaN,NaN,NaN,NaN
1696813200,5.3,5.35,5.27,5.27,119400,NaN,NaN,NaN,NaN,NaN,NaN,NaN
1696899600,5.29,5.38,5.29,5.3,162100,NaN,NaN,NaN,NaN,NaN,NaN,NaN
1696986000,5.3,5.39,5.3,5.35,180500,NaN,NaN,NaN,NaN,NaN,NaN,NaN
1697072400,5.35,5.38,5.33,5.33,128500,NaN,NaN,NaN,NaN,NaN,NaN,NaN
1697158800,5.34,5.36,5.3,5.31,145600,NaN,NaN,NaN,NaN,NaN,NaN,NaN
1697418000,5.31,5.32,5.26,5.26,152500,NaN,NaN,NaN,NaN,NaN,NaN,NaN
1697504400,5.3,5.3,5.25,5.25,165700,NaN,NaN,NaN,NaN,NaN,NaN,NaN
1697590800,5.28,5.3,5.26,5.3,186100,NaN,NaN,NaN,NaN,NaN,NaN,NaN
1697677200,5.31,5.39,5.3,5.3,489900,NaN,NaN,NaN,NaN,NaN,NaN,NaN
1697763600,5.35,5.38,5.28,5.38,156000,NaN,NaN,NaN,NaN,NaN,NaN,NaN
1698022800,5.35,5.35,5.27,5.33,119600,NaN,NaN,NaN,NaN,NaN,NaN,NaN
1698109200,5.28,5.35,5.28,5.3,50300,NaN,NaN,NaN,NaN,NaN,NaN,NaN
1698195600,5.3,5.33,5.28,5.28,39200,NaN,NaN,NaN,NaN,NaN,NaN,NaN
1698282000,5.28,5.3,5.26,5.26,113500,NaN,NaN,NaN,NaN,NaN,NaN,NaN
1698368400,5.27,5.31,5.27,5.27,21700,NaN,NaN,NaN,NaN,NaN,NaN,NaN
1698627600,5.27,5.35,5.27,5.32,62400,NaN,NaN,NaN,NaN,NaN,NaN,NaN
1698714000,5.37,5.43,5.34,5.42,445400,NaN,NaN,NaN,NaN,NaN,NaN,NaN
1698800400,5.43,5.46,5.33,5.38,452200,NaN,NaN,NaN,NaN,NaN,NaN,NaN
1698886800,5.38,5.41,5.36,5.39,264300,NaN,NaN,NaN,NaN,NaN,NaN,NaN
1698973200,5.36,5.45,5.36,5.45,192800,NaN,NaN,NaN,NaN,NaN,NaN,NaN
1699232400,5.45,5.54,5.44,5.51,478200,NaN,NaN,NaN,NaN,NaN,NaN,NaN
1699318800,5.51,5.51,5.48,5.51,177600,NaN,NaN,NaN,NaN,NaN,NaN,NaN
1699405200,5.51,5.53,5.47,5.5,182900,NaN,NaN,NaN,NaN,NaN,NaN,NaN
1699491600,5.51,5.53,5.5,5.51,135600,NaN,NaN,NaN,NaN,NaN,NaN,NaN
1699578000,5.51,5.54,5.5,5.53,281100,NaN,NaN,NaN,NaN,NaN,NaN,NaN
1699923600,5.54,5.64,5.54,5.58,475400,NaN,NaN,NaN,NaN,NaN,NaN,NaN
1700010000,5.6,5.75,5.6,5.73,994700,NaN,NaN,NaN,NaN,NaN,NaN,NaN
1700096400,5.73,5.73,5.59,5.63,655200,NaN,NaN,NaN,NaN,NaN,NaN,NaN
1700182800,5.63,5.63,5.55,5.6,643800,NaN,NaN,NaN,NaN,NaN,NaN,NaN
1700442000,5.6,5.62,5.52,5.54,424600,NaN,NaN,NaN,NaN,NaN,NaN,NaN
1700528400,5.54,5.6,5.51,5.54,327700,NaN,NaN,NaN,NaN,NaN,NaN,NaN
1700614800,5.55,5.55,5.47,5.48,300200,NaN,NaN,NaN,NaN,NaN,NaN,NaN
1700701200,5.53,5.58,5.49,5.52,270700,NaN,NaN,NaN,NaN,NaN,NaN,NaN
1700787600,5.55,5.55,5.47,5.52,189100,NaN,NaN,NaN,NaN,NaN,NaN,NaN
1701046800,5.54,5.57,5.48,5.5,177300,NaN,NaN,NaN,NaN,NaN,NaN,NaN
1701133200,5.5,5.54,5.48,5.53,171300,NaN,NaN,NaN,NaN,NaN,NaN,NaN
1701219600,5.5,5.52,5.48,5.5,49900,NaN,NaN,NaN,NaN,NaN,NaN,NaN
1701306000,5.48,5.55,5.45,5.47,459900,NaN,NaN,NaN,NaN,NaN,NaN,NaN
1701392400,5.47,5.49,5.38,5.45,529700,NaN,NaN,NaN,NaN,NaN,NaN,NaN
1701651600,5.45,5.51,5.39,5.48,247800,NaN,NaN,NaN,NaN,NaN,NaN,NaN
1701738000,5.45,5.48,5.42,5.46,197300,NaN,NaN,NaN,NaN,NaN,NaN,NaN
1701824400,5.43,5.48,5.41,5.41,166000,NaN,NaN,NaN,NaN,NaN,NaN,NaN
1701910800,5.44,5.7,5.44,5.59,738600,NaN,NaN,NaN,NaN,NaN,NaN,NaN
1701997200,5.6,5.62,5.51,5.56,276600,NaN,NaN,NaN,NaN,NaN,NaN,NaN
1702256400,5.51,5.62,5.51,5.62,387300,NaN,NaN,NaN,NaN,NaN,NaN,NaN
1702342800,5.64,5.66,5.47,5.49,339300,NaN,NaN,NaN,NaN,NaN,NaN,NaN
1702429200,5.49,5.55,5.48,5.51,129400,NaN,NaN,NaN,NaN,NaN,NaN,NaN
1702515600,5.51,5.55,5.48,5.49,165100,NaN,NaN,NaN,NaN,NaN,NaN,NaN
1702602000,5.48,5.67,5.48,5.61,285200,NaN,NaN,NaN,NaN,NaN,NaN,NaN
1702861200,5.61,5.68,5.6,5.67,476800,NaN,NaN,NaN,NaN,NaN,NaN,NaN
1702947600,5.66,5.66,5.61,5.66,357400,NaN,NaN,NaN,NaN,NaN,NaN,NaN
1703034000,5.65,5.65,5.54,5.59,71900,NaN,NaN,NaN,NaN,NaN,NaN,NaN
1703120400,5.59,5.63,5.55,5.59,68600,NaN,NaN,NaN,NaN,NaN,NaN,NaN
1703206800,5.59,5.67,5.59,5.65,165100,NaN,NaN,NaN,NaN,NaN,NaN,NaN
1703552400,5.68,5.68,5.56,5.56,214700,NaN,NaN,NaN,NaN,NaN,NaN,NaN
1703638800,5.6,5.65,5.56,5.62,218300,NaN,NaN,NaN,NaN,NaN,NaN,NaN
1703725200,5.64,5.65,5.59,5.62,174600,NaN,NaN,NaN,NaN,NaN,NaN,NaN
1703811600,5.59,5.69,5.59,5.68,322800,897161830,8632093000,3196567000,120302000,800459000,5334304000,2.11267605633803
1704157200,5.67,5.68,5.58,5.58,110000,NaN,NaN,NaN,NaN,NaN,NaN,NaN
1704243600,5.56,5.73,5.56,5.72,444500,NaN,NaN,NaN,NaN,NaN,NaN,NaN
1704330000,5.71,5.8,5.69,5.75,750800,NaN,NaN,NaN,NaN,NaN,NaN,NaN
1704416400,5.75,5.8,5.75,5.78,734700,NaN,NaN,NaN,NaN,NaN,NaN,NaN
1704675600,5.8,5.84,5.75,5.77,539600,NaN,NaN,NaN,NaN,NaN,NaN,NaN
1704762000,5.78,5.89,5.78,5.89,1681700,NaN,NaN,NaN,NaN,NaN,NaN,NaN
1704848400,5.9,6.02,5.89,6.01,1423100,NaN,NaN,NaN,NaN,NaN,NaN,NaN
1704934800,6.04,6.36,6.04,6.3,5813800,NaN,NaN,NaN,NaN,NaN,NaN,NaN
1705021200,6.3,6.31,6.2,6.3,1465300,NaN,NaN,NaN,NaN,NaN,NaN,NaN
1705280400,6.3,6.38,6.2,6.36,1158600,NaN,NaN,NaN,NaN,NaN,NaN,NaN
1705366800,6.34,6.38,6.25,6.36,1130800,NaN,NaN,NaN,NaN,NaN,NaN,NaN
1705453200,6.36,6.37,6.25,6.37,467100,NaN,NaN,NaN,NaN,NaN,NaN,NaN
1705539600,6.27,6.38,6.23,6.33,6098000,NaN,NaN,NaN,NaN,NaN,NaN,NaN
1705626000,6.3,6.37,6.25,6.37,1588100,NaN,NaN,NaN,NaN,NaN,NaN,NaN
1705885200,6.36,6.42,6.36,6.4,1009400,NaN,NaN,NaN,NaN,NaN,NaN,NaN
1705971600,6.4,6.46,6.4,6.43,400000,NaN,NaN,NaN,NaN,NaN,NaN,NaN
1706058000,6.43,6.44,6.36,6.42,798900,NaN,NaN,NaN,NaN,NaN,NaN,NaN
1706230800,6.45,6.48,6.4,6.4,805500,NaN,NaN,NaN,NaN,NaN,NaN,NaN
1706490000,6.34,6.37,6.29,6.31,618800,NaN,NaN,NaN,NaN,NaN,NaN,NaN
1706576400,6.26,6.36,6.25,6.31,545100,NaN,NaN,NaN,NaN,NaN,NaN,NaN
1706662800,6.29,6.38,6.29,6.37,633500,NaN,NaN,NaN,NaN,NaN,NaN,NaN
1706835600,6.31,6.31,6.23,6.24,219100,NaN,NaN,NaN,NaN,NaN,NaN,NaN
1707094800,6.25,6.34,6.21,6.25,232600,NaN,NaN,NaN,NaN,NaN,NaN,NaN
1707181200,6.25,6.33,6.24,6.31,85000,NaN,NaN,NaN,NaN,NaN,NaN,NaN
1707267600,6.27,6.32,6.16,6.25,134600,NaN,NaN,NaN,NaN,NaN,NaN,NaN
1707354000,6.25,6.3,6.22,6.28,28200,NaN,NaN,NaN,NaN,NaN,NaN,NaN
1707440400,6.25,6.25,6.16,6.19,174600,NaN,NaN,NaN,NaN,NaN,NaN,NaN
1707786000,6.2,6.3,6.2,6.3,143500,NaN,NaN,NaN,NaN,NaN,NaN,NaN
1707872400,6.3,6.3,6.23,6.24,81400,NaN,NaN,NaN,NaN,NaN,NaN,NaN
1707958800,6.25,6.3,6.24,6.25,74500,NaN,NaN,NaN,NaN,NaN,NaN,NaN
1708045200,6.25,6.28,6.18,6.25,266000,NaN,NaN,NaN,NaN,NaN,NaN,NaN
1708304400,6.25,6.28,6.22,6.24,359300,NaN,NaN,NaN,NaN,NaN,NaN,NaN
1708390800,6.25,6.31,6.25,6.31,90000,NaN,NaN,NaN,NaN,NaN,NaN,NaN
1708477200,6.23,6.29,6.23,6.28,83100,NaN,NaN,NaN,NaN,NaN,NaN,NaN
1708563600,6.24,6.26,6.23,6.24,32100,NaN,NaN,NaN,NaN,NaN,NaN,NaN
1708650000,6.3,6.38,6.21,6.23,293200,NaN,NaN,NaN,NaN,NaN,NaN,NaN
1708909200,6.2,6.25,6.17,6.23,98400,NaN,NaN,NaN,NaN,NaN,NaN,NaN
1708995600,6.25,6.25,6.13,6.16,134200,NaN,NaN,NaN,NaN,NaN,NaN,NaN
1709082000,6.2,6.2,6.13,6.16,82000,NaN,NaN,NaN,NaN,NaN,NaN,NaN
1709168400,6.16,6.16,6.05,6.1,554200,NaN,NaN,NaN,NaN,NaN,NaN,NaN
1709254800,6.05,6.13,6.05,6.09,469200,NaN,NaN,NaN,NaN,NaN,NaN,NaN
1709514000,6.05,6.18,6.03,6.12,277400,NaN,NaN,NaN,NaN,NaN,NaN,NaN
1709600400,6.09,6.12,6.05,6.09,102600,NaN,NaN,NaN,NaN,NaN,NaN,NaN
1709686800,6.09,6.1,6.06,6.07,280100,NaN,NaN,NaN,NaN,NaN,NaN,NaN
1709773200,6.08,6.13,6.07,6.13,919600,NaN,NaN,NaN,NaN,NaN,NaN,NaN
1709859600,6.11,6.13,6.1,6.12,581600,NaN,NaN,NaN,NaN,NaN,NaN,NaN
1710118800,6.12,6.21,6.12,6.18,97200,NaN,NaN,NaN,NaN,NaN,NaN,NaN
1710205200,6.18,6.25,6.16,6.23,151700,NaN,NaN,NaN,NaN,NaN,NaN,NaN
1710291600,6.23,6.23,6.19,6.19,58500,NaN,NaN,NaN,NaN,NaN,NaN,NaN
1710378000,6.06,6.11,6.06,6.1,48600,NaN,NaN,NaN,NaN,NaN,NaN,NaN
1710464400,6.1,6.2,6.1,6.15,99900,NaN,NaN,NaN,NaN,NaN,NaN,NaN
1710723600,6.15,6.2,6.08,6.13,286200,NaN,NaN,NaN,NaN,NaN,NaN,NaN
1710810000,6.16,6.25,6.14,6.2,446200,NaN,NaN,NaN,NaN,NaN,NaN,NaN
1710896400,6.17,6.17,6.08,6.1,347100,NaN,NaN,NaN,NaN,NaN,NaN,NaN
1710982800,6.1,6.11,6.08,6.1,206600,NaN,NaN,NaN,NaN,NaN,NaN,NaN
1711069200,6.13,6.29,6.12,6.22,555400,NaN,NaN,NaN,NaN,NaN,NaN,NaN
1711328400,6.22,6.25,6.13,6.13,305100,NaN,NaN,NaN,NaN,NaN,NaN,NaN
1711414800,6.14,6.15,6.1,6.1,349700,NaN,NaN,NaN,NaN,NaN,NaN,NaN
1711501200,6.15,6.21,6.09,6.15,420600,NaN,NaN,NaN,NaN,NaN,NaN,NaN
1711674000,6.27,6.27,6.11,6.15,338200,897161830,8727775000,3362042000,74714000,605835000,5273116000,1.95121951219512
1711933200,6.26,6.26,6.12,6.13,20100,NaN,NaN,NaN,NaN,NaN,NaN,NaN
1712019600,6.13,6.18,6.13,6.15,59500,NaN,NaN,NaN,NaN,NaN,NaN,NaN
1712106000,6.15,6.15,6.11,6.11,79500,NaN,NaN,NaN,NaN,NaN,NaN,NaN
1712192400,6.15,6.2,6.11,6.2,535500,NaN,NaN,NaN,NaN,NaN,NaN,NaN
1712278800,6.15,6.22,6.15,6.19,429000,NaN,NaN,NaN,NaN,NaN,NaN,NaN
1712538000,6.2,6.27,6.15,6.27,736600,NaN,NaN,NaN,NaN,NaN,NaN,NaN
1712624400,6.2,6.25,6.18,6.2,296400,NaN,NaN,NaN,NaN,NaN,NaN,NaN
1712883600,6.2,6.26,6.15,6.23,377900,NaN,NaN,NaN,NaN,NaN,NaN,NaN
1713142800,6.23,6.24,6.14,6.19,240100,NaN,NaN,NaN,NaN,NaN,NaN,NaN
1713229200,6.12,6.12,5.99,6.05,770700,NaN,NaN,NaN,NaN,NaN,NaN,NaN
1713315600,6.05,6.1,6,6.01,280100,NaN,NaN,NaN,NaN,NaN,NaN,NaN
1713402000,6,6.06,5.98,6.05,269300,NaN,NaN,NaN,NaN,NaN,NaN,NaN
1713488400,6,6,5.92,5.96,327900,NaN,NaN,NaN,NaN,NaN,NaN,NaN
1713747600,5.96,6.15,5.96,6.11,188000,NaN,NaN,NaN,NaN,NaN,NaN,NaN
1713834000,6.14,6.14,6.01,6.06,74500,NaN,NaN,NaN,NaN,NaN,NaN,NaN
1713920400,6.15,6.15,6.04,6.08,239600,NaN,NaN,NaN,NaN,NaN,NaN,NaN
1714006800,6.09,6.09,6.03,6.03,16700,NaN,NaN,NaN,NaN,NaN,NaN,NaN
1714093200,6.03,6.05,6,6.01,98100,NaN,NaN,NaN,NaN,NaN,NaN,NaN
1714352400,6.01,6.02,5.98,6,870500,NaN,NaN,NaN,NaN,NaN,NaN,NaN
1714438800,6,6.09,6,6.06,353500,NaN,NaN,NaN,NaN,NaN,NaN,NaN
1714611600,6.06,6.06,6.03,6.05,648400,NaN,NaN,NaN,NaN,NaN,NaN,NaN
1714698000,6.03,6.05,6.01,6.05,1322300,NaN,NaN,NaN,NaN,NaN,NaN,NaN
1714957200,6.02,6.04,5.99,6.04,256400,NaN,NaN,NaN,NaN,NaN,NaN,NaN
1715043600,6.04,6.26,6.02,6.06,692900,NaN,NaN,NaN,NaN,NaN,NaN,NaN
1715130000,6.06,6.15,6.05,6.1,147400,NaN,NaN,NaN,NaN,NaN,NaN,NaN
1715216400,6.2,6.33,6.13,6.22,1785200,NaN,NaN,NaN,NaN,NaN,NaN,NaN
1715302800,6.22,6.22,6.19,6.22,235100,NaN,NaN,NaN,NaN,NaN,NaN,NaN
1715562000,6.2,6.21,6.12,6.2,508400,NaN,NaN,NaN,NaN,NaN,NaN,NaN
1715648400,6.2,6.2,6.14,6.14,264200,NaN,NaN,NaN,NaN,NaN,NaN,NaN
1715734800,6.1,6.15,6.04,6.08,448700,NaN,NaN,NaN,NaN,NaN,NaN,NaN
1715821200,6.09,6.12,6.05,6.06,92100,NaN,NaN,NaN,NaN,NaN,NaN,NaN
1715907600,6.07,6.12,6.03,6.08,150500,NaN,NaN,NaN,NaN,NaN,NaN,NaN
1716166800,6.07,6.28,6.06,6.25,289600,NaN,NaN,NaN,NaN,NaN,NaN,NaN
1716253200,6.29,6.29,6.1,6.15,525500,NaN,NaN,NaN,NaN,NaN,NaN,NaN
1716426000,6.13,6.19,6.12,6.15,342800,NaN,NaN,NaN,NaN,NaN,NaN,NaN
1716512400,6.1,6.15,6.09,6.11,110000,NaN,NaN,NaN,NaN,NaN,NaN,NaN
1716771600,6.18,6.18,6.07,6.07,99700,NaN,NaN,NaN,NaN,NaN,NaN,NaN
1716858000,6.07,6.07,5.99,6,520400,NaN,NaN,NaN,NaN,NaN,NaN,NaN
1716944400,6,6.01,5.97,6,375700,NaN,NaN,NaN,NaN,NaN,NaN,NaN
1717030800,5.99,5.99,5.94,5.95,947000,NaN,NaN,NaN,NaN,NaN,NaN,NaN
1717117200,5.97,6,5.96,6,387100,NaN,NaN,NaN,NaN,NaN,NaN,NaN
1717462800,6,6,5.98,5.98,82200,NaN,NaN,NaN,NaN,NaN,NaN,NaN
1717549200,6,6,5.92,5.93,191500,NaN,NaN,NaN,NaN,NaN,NaN,NaN
1717635600,5.96,5.99,5.96,5.99,56500,NaN,NaN,NaN,NaN,NaN,NaN,NaN
1717722000,5.96,5.99,5.92,5.93,143200,NaN,NaN,NaN,NaN,NaN,NaN,NaN
1717981200,5.93,5.97,5.92,5.93,135500,NaN,NaN,NaN,NaN,NaN,NaN,NaN
1718067600,5.92,6.05,5.92,6.05,416700,NaN,NaN,NaN,NaN,NaN,NaN,NaN
1718154000,6.02,6.05,5.96,6.05,573200,NaN,NaN,NaN,NaN,NaN,NaN,NaN
1718240400,6,6.05,5.97,6.03,221500,NaN,NaN,NaN,NaN,NaN,NaN,NaN
1718326800,6,6.04,5.98,6.04,127000,NaN,NaN,NaN,NaN,NaN,NaN,NaN
1718672400,6.04,6.05,5.95,5.99,149300,NaN,NaN,NaN,NaN,NaN,NaN,NaN
1718758800,6,6.01,5.95,5.96,17100,NaN,NaN,NaN,NaN,NaN,NaN,NaN
1718845200,5.96,6.03,5.95,6,149000,NaN,NaN,NaN,NaN,NaN,NaN,NaN
1718931600,5.95,6.08,5.95,6.07,415500,NaN,NaN,NaN,NaN,NaN,NaN,NaN
1719190800,5.98,6.11,5.98,6.1,204800,NaN,NaN,NaN,NaN,NaN,NaN,NaN
1719277200,6.02,6.04,5.98,6,151300,NaN,NaN,NaN,NaN,NaN,NaN,NaN
1719363600,6,6.03,5.98,5.98,18900,NaN,NaN,NaN,NaN,NaN,NaN,NaN
1719450000,5.97,5.99,5.95,5.96,222000,NaN,NaN,NaN,NaN,NaN,NaN,NaN
1719536400,5.95,6,5.94,6,319500,897161830,8581710999.999999,3262650000,126042000,757160000,5259078000,2
1719795600,6,6.1,5.99,6.09,140400,NaN,NaN,NaN,NaN,NaN,NaN,NaN
1719882000,6.08,6.08,5.99,6.03,43800,NaN,NaN,NaN,NaN,NaN,NaN,NaN
1719968400,6,6,5.96,5.97,372200,NaN,NaN,NaN,NaN,NaN,NaN,NaN
1720054800,5.97,6,5.95,5.96,269800,NaN,NaN,NaN,NaN,NaN,NaN,NaN
1720141200,5.98,5.98,5.92,5.92,593600,NaN,NaN,NaN,NaN,NaN,NaN,NaN
1720486800,5.91,5.92,5.84,5.87,604900,NaN,NaN,NaN,NaN,NaN,NaN,NaN
1720573200,5.89,5.89,5.85,5.85,589500,NaN,NaN,NaN,NaN,NaN,NaN,NaN
1720659600,5.9,5.9,5.82,5.83,1105400,NaN,NaN,NaN,NaN,NaN,NaN,NaN
1720746000,5.83,5.84,5.8,5.8,262500,NaN,NaN,NaN,NaN,NaN,NaN,NaN
1721005200,5.8,5.85,5.79,5.8,704700,NaN,NaN,NaN,NaN,NaN,NaN,NaN
1721091600,5.85,5.85,5.79,5.8,195400,NaN,NaN,NaN,NaN,NaN,NaN,NaN
1721178000,5.8,5.92,5.8,5.91,181400,NaN,NaN,NaN,NaN,NaN,NaN,NaN
1721264400,5.9,5.9,5.85,5.85,49600,NaN,NaN,NaN,NaN,NaN,NaN,NaN
1721350800,5.88,5.93,5.85,5.88,612400,NaN,NaN,NaN,NaN,NaN,NaN,NaN
1721610000,5.86,5.86,5.75,5.8,1002500,NaN,NaN,NaN,NaN,NaN,NaN,NaN
1721696400,5.8,5.8,5.7,5.72,405100,NaN,NaN,NaN,NaN,NaN,NaN,NaN
1721782800,5.73,5.78,5.72,5.76,170800,NaN,NaN,NaN,NaN,NaN,NaN,NaN
1721869200,5.75,5.76,5.73,5.73,63200,NaN,NaN,NaN,NaN,NaN,NaN,NaN
1721955600,5.74,5.77,5.71,5.73,267100,NaN,NaN,NaN,NaN,NaN,NaN,NaN
1722214800,5.74,5.77,5.65,5.7,727100,NaN,NaN,NaN,NaN,NaN,NaN,NaN
1722301200,5.7,5.7,5.66,5.68,692300,NaN,NaN,NaN,NaN,NaN,NaN,NaN
1722387600,5.7,5.74,5.66,5.7,96100,NaN,NaN,NaN,NaN,NaN,NaN,NaN
1722474000,5.7,5.7,5.68,5.7,17300,NaN,NaN,NaN,NaN,NaN,NaN,NaN
1722560400,5.7,5.75,5.65,5.67,53800,NaN,NaN,NaN,NaN,NaN,NaN,NaN
1722819600,5.65,5.65,5.37,5.37,610100,NaN,NaN,NaN,NaN,NaN,NaN,NaN
1722906000,5.4,5.58,5.36,5.56,131500,NaN,NaN,NaN,NaN,NaN,NaN,NaN
1722992400,5.55,5.71,5.55,5.71,210700,NaN,NaN,NaN,NaN,NaN,NaN,NaN
1723078800,5.69,5.7,5.62,5.63,137700,NaN,NaN,NaN,NaN,NaN,NaN,NaN
1723165200,5.7,5.73,5.64,5.64,71700,NaN,NaN,NaN,NaN,NaN,NaN,NaN
1723424400,5.7,5.79,5.7,5.79,474200,NaN,NaN,NaN,NaN,NaN,NaN,NaN
1723510800,5.8,5.88,5.74,5.78,524000,NaN,NaN,NaN,NaN,NaN,NaN,NaN
1723597200,5.78,5.84,5.73,5.76,107100,NaN,NaN,NaN,NaN,NaN,NaN,NaN
1723683600,5.75,5.83,5.73,5.83,145200,NaN,NaN,NaN,NaN,NaN,NaN,NaN
1723770000,5.83,5.84,5.74,5.76,118100,NaN,NaN,NaN,NaN,NaN,NaN,NaN
1724029200,5.75,5.81,5.72,5.72,191100,NaN,NaN,NaN,NaN,NaN,NaN,NaN
1724115600,5.85,5.85,5.7,5.7,204800,NaN,NaN,NaN,NaN,NaN,NaN,NaN
1724202000,5.7,5.84,5.69,5.83,296700,NaN,NaN,NaN,NaN,NaN,NaN,NaN
1724288400,5.83,5.84,5.8,5.83,249200,NaN,NaN,NaN,NaN,NaN,NaN,NaN
1724374800,5.83,5.86,5.8,5.85,258200,NaN,NaN,NaN,NaN,NaN,NaN,NaN
1724634000,5.86,5.86,5.74,5.74,255900,NaN,NaN,NaN,NaN,NaN,NaN,NaN
1724720400,5.74,5.75,5.67,5.7,219700,NaN,NaN,NaN,NaN,NaN,NaN,NaN
1724806800,5.64,5.8,5.61,5.62,423600,NaN,NaN,NaN,NaN,NaN,NaN,NaN
1724893200,5.68,5.71,5.49,5.55,753600,NaN,NaN,NaN,NaN,NaN,NaN,NaN
1724979600,5.6,5.6,5.34,5.34,2590800,NaN,NaN,NaN,NaN,NaN,NaN,NaN
1725238800,5.4,5.43,5.37,5.42,379300,NaN,NaN,NaN,NaN,NaN,NaN,NaN
1725325200,5.42,5.43,5.38,5.39,422700,NaN,NaN,NaN,NaN,NaN,NaN,NaN
1725411600,5.38,5.39,5.35,5.37,232200,NaN,NaN,NaN,NaN,NaN,NaN,NaN
1725498000,5.35,5.37,5.3,5.3,846000,NaN,NaN,NaN,NaN,NaN,NaN,NaN
1725584400,5.3,5.4,5.3,5.33,165500,NaN,NaN,NaN,NaN,NaN,NaN,NaN
1725843600,5.35,5.37,5.33,5.35,23700,NaN,NaN,NaN,NaN,NaN,NaN,NaN
1725930000,5.38,5.41,5.38,5.4,156100,NaN,NaN,NaN,NaN,NaN,NaN,NaN
1726016400,5.45,5.45,5.31,5.33,257800,NaN,NaN,NaN,NaN,NaN,NaN,NaN
1726102800,5.3,5.31,5.27,5.3,29500,NaN,NaN,NaN,NaN,NaN,NaN,NaN
1726189200,5.3,5.35,5.3,5.35,272400,NaN,NaN,NaN,NaN,NaN,NaN,NaN
1726534800,5.37,5.38,5.31,5.35,186800,NaN,NaN,NaN,NaN,NaN,NaN,NaN
1726621200,5.33,5.34,5.29,5.3,145300,NaN,NaN,NaN,NaN,NaN,NaN,NaN
1726707600,5.3,5.38,5.3,5.38,750900,NaN,NaN,NaN,NaN,NaN,NaN,NaN
1726794000,5.38,5.38,5.21,5.24,2328700,NaN,NaN,NaN,NaN,NaN,NaN,NaN
1727053200,5.25,5.3,5.25,5.3,102000,NaN,NaN,NaN,NaN,NaN,NaN,NaN
1727139600,5.3,5.35,5.28,5.35,154000,NaN,NaN,NaN,NaN,NaN,NaN,NaN
1727226000,5.32,5.33,5.28,5.3,177000,NaN,NaN,NaN,NaN,NaN,NaN,NaN
1727312400,5.3,5.3,5.23,5.24,543100,NaN,NaN,NaN,NaN,NaN,NaN,NaN
1727398800,5.26,5.27,5.21,5.24,453300,NaN,NaN,NaN,NaN,NaN,NaN,NaN
1727658000,5.24,5.3,5.24,5.24,159500,897161830,9379552000,4221196000,172514000,718531000,5064819000,2.29007633587786
1727744400,5.26,5.3,5.26,5.28,431100,NaN,NaN,NaN,NaN,NaN,NaN,NaN
1727830800,5.29,5.29,5.24,5.25,72600,NaN,NaN,NaN,NaN,NaN,NaN,NaN
1727917200,5.26,5.35,5.26,5.33,214200,NaN,NaN,NaN,NaN,NaN,NaN,NaN
1728003600,5.35,5.41,5.35,5.36,371600,NaN,NaN,NaN,NaN,NaN,NaN,NaN
1728262800,5.36,5.44,5.33,5.36,366800,NaN,NaN,NaN,NaN,NaN,NaN,NaN
1728349200,5.39,5.48,5.36,5.47,214900,NaN,NaN,NaN,NaN,NaN,NaN,NaN
1728435600,5.47,5.58,5.47,5.51,379300,NaN,NaN,NaN,NaN,NaN,NaN,NaN
1728522000,5.5,5.52,5.47,5.52,264300,NaN,NaN,NaN,NaN,NaN,NaN,NaN
1728608400,5.49,5.5,5.46,5.49,214100,NaN,NaN,NaN,NaN,NaN,NaN,NaN
1728867600,5.52,5.54,5.48,5.53,301600,NaN,NaN,NaN,NaN,NaN,NaN,NaN
1728954000,5.52,5.52,5.47,5.48,328300,NaN,NaN,NaN,NaN,NaN,NaN,NaN
1729040400,5.47,5.49,5.45,5.48,135200,NaN,NaN,NaN,NaN,NaN,NaN,NaN
1729126800,5.47,5.47,5.43,5.45,27100,NaN,NaN,NaN,NaN,NaN,NaN,NaN
1729213200,5.45,5.47,5.44,5.47,29400,NaN,NaN,NaN,NaN,NaN,NaN,NaN
1729472400,5.44,5.44,5.4,5.41,172900,NaN,NaN,NaN,NaN,NaN,NaN,NaN
1729558800,5.42,5.45,5.41,5.41,32700,NaN,NaN,NaN,NaN,NaN,NaN,NaN
1729645200,5.41,5.44,5.4,5.43,52500,NaN,NaN,NaN,NaN,NaN,NaN,NaN
1729731600,5.43,5.44,5.39,5.4,92500,NaN,NaN,NaN,NaN,NaN,NaN,NaN
1729818000,5.4,5.44,5.35,5.38,250600,NaN,NaN,NaN,NaN,NaN,NaN,NaN
1730077200,5.38,5.4,5.35,5.35,228400,NaN,NaN,NaN,NaN,NaN,NaN,NaN
1730163600,5.35,5.37,5.35,5.37,24700,NaN,NaN,NaN,NaN,NaN,NaN,NaN
1730250000,5.37,5.38,5.3,5.3,197500,NaN,NaN,NaN,NaN,NaN,NaN,NaN
1730422800,5.31,5.34,5.28,5.29,543600,NaN,NaN,NaN,NaN,NaN,NaN,NaN
1730682000,5.37,5.51,5.35,5.44,859300,NaN,NaN,NaN,NaN,NaN,NaN,NaN
1730768400,5.45,5.45,5.33,5.36,590000,NaN,NaN,NaN,NaN,NaN,NaN,NaN
1730854800,5.36,5.57,5.36,5.45,1138100,NaN,NaN,NaN,NaN,NaN,NaN,NaN
1730941200,5.45,5.45,5.37,5.37,240500,NaN,NaN,NaN,NaN,NaN,NaN,NaN
1731027600,5.4,5.45,5.36,5.41,100000,NaN,NaN,NaN,NaN,NaN,NaN,NaN
1731286800,5.45,5.55,5.44,5.51,236600,NaN,NaN,NaN,NaN,NaN,NaN,NaN
1731373200,5.53,5.8,5.53,5.79,1778300,NaN,NaN,NaN,NaN,NaN,NaN,NaN
1731459600,5.79,5.79,5.68,5.7,265500,NaN,NaN,NaN,NaN,NaN,NaN,NaN
1731546000,5.69,5.73,5.66,5.69,159700,NaN,NaN,NaN,NaN,NaN,NaN,NaN
1731632400,5.7,5.77,5.65,5.67,290600,NaN,NaN,NaN,NaN,NaN,NaN,NaN
1731891600,5.67,5.71,5.63,5.71,56400,NaN,NaN,NaN,NaN,NaN,NaN,NaN
1731978000,5.65,5.72,5.65,5.72,253600,NaN,NaN,NaN,NaN,NaN,NaN,NaN
1732064400,5.7,5.71,5.66,5.71,215600,NaN,NaN,NaN,NaN,NaN,NaN,NaN
1732150800,5.68,5.68,5.56,5.59,115800,NaN,NaN,NaN,NaN,NaN,NaN,NaN
1732237200,5.56,5.63,5.53,5.6,196300,NaN,NaN,NaN,NaN,NaN,NaN,NaN
1732496400,5.55,5.68,5.51,5.65,519200,NaN,NaN,NaN,NaN,NaN,NaN,NaN
1732582800,5.65,5.65,5.5,5.51,125000,NaN,NaN,NaN,NaN,NaN,NaN,NaN
1732669200,5.68,5.68,5.48,5.5,201800,NaN,NaN,NaN,NaN,NaN,NaN,NaN
1732755600,5.58,5.66,5.55,5.61,130000,NaN,NaN,NaN,NaN,NaN,NaN,NaN
1732842000,5.65,5.79,5.64,5.7,424600,NaN,NaN,NaN,NaN,NaN,NaN,NaN
1733101200,5.7,5.75,5.7,5.74,335000,NaN,NaN,NaN,NaN,NaN,NaN,NaN
1733187600,5.74,5.78,5.7,5.76,227500,NaN,NaN,NaN,NaN,NaN,NaN,NaN
1733274000,5.76,5.88,5.76,5.85,423100,NaN,NaN,NaN,NaN,NaN,NaN,NaN
1733360400,5.88,5.89,5.83,5.88,470000,NaN,NaN,NaN,NaN,NaN,NaN,NaN
1733446800,5.89,5.89,5.84,5.86,108200,NaN,NaN,NaN,NaN,NaN,NaN,NaN
1733706000,5.81,5.88,5.81,5.86,180000,NaN,NaN,NaN,NaN,NaN,NaN,NaN
1733792400,5.86,5.89,5.84,5.87,108500,NaN,NaN,NaN,NaN,NaN,NaN,NaN
1733878800,5.86,5.89,5.84,5.88,347000,NaN,NaN,NaN,NaN,NaN,NaN,NaN
1733965200,5.86,5.89,5.76,5.78,63500,NaN,NaN,NaN,NaN,NaN,NaN,NaN
1734051600,5.76,5.78,5.72,5.78,1034700,NaN,NaN,NaN,NaN,NaN,NaN,NaN
1734310800,5.72,5.72,5.67,5.69,49400,NaN,NaN,NaN,NaN,NaN,NaN,NaN
1734397200,5.67,5.78,5.62,5.69,610900,NaN,NaN,NaN,NaN,NaN,NaN,NaN
1734483600,5.65,5.69,5.63,5.66,532900,NaN,NaN,NaN,NaN,NaN,NaN,NaN
1734570000,5.63,5.72,5.56,5.7,571900,NaN,NaN,NaN,NaN,NaN,NaN,NaN
1734656400,5.59,5.7,5.59,5.65,909500,NaN,NaN,NaN,NaN,NaN,NaN,NaN
1734915600,5.65,5.78,5.65,5.7,383600,NaN,NaN,NaN,NaN,NaN,NaN,NaN
1735002000,5.66,5.68,5.64,5.68,15300,NaN,NaN,NaN,NaN,NaN,NaN,NaN
1735174800,5.66,5.7,5.65,5.7,287200,NaN,NaN,NaN,NaN,NaN,NaN,NaN
1735261200,5.7,5.78,5.7,5.74,279500,NaN,NaN,NaN,NaN,NaN,NaN,NaN
1735520400,5.74,5.8,5.74,5.78,743300,NaN,NaN,NaN,NaN,NaN,NaN,NaN
1735606800,5.78,5.93,5.78,5.9,1078200,897161830,9689953000,4357306000,217235000,856349000,5274978000,2.03389830508475
1735779600,5.9,5.9,5.77,5.86,211700,NaN,NaN,NaN,NaN,NaN,NaN,NaN
1735866000,5.86,5.88,5.85,5.86,617400,NaN,NaN,NaN,NaN,NaN,NaN,NaN
1736125200,5.86,5.86,5.79,5.86,185700,NaN,NaN,NaN,NaN,NaN,NaN,NaN
1736211600,5.8,5.85,5.77,5.83,368600,NaN,NaN,NaN,NaN,NaN,NaN,NaN
1736298000,5.8,5.92,5.8,5.84,183500,NaN,NaN,NaN,NaN,NaN,NaN,NaN
1736384400,5.84,5.87,5.73,5.74,45400,NaN,NaN,NaN,NaN,NaN,NaN,NaN
1736470800,5.74,5.83,5.7,5.74,208300,NaN,NaN,NaN,NaN,NaN,NaN,NaN
1736730000,5.71,5.72,5.7,5.7,141700,NaN,NaN,NaN,NaN,NaN,NaN,NaN
1736816400,5.72,5.76,5.72,5.75,22100,NaN,NaN,NaN,NaN,NaN,NaN,NaN
1736902800,5.73,5.76,5.7,5.75,756200,NaN,NaN,NaN,NaN,NaN,NaN,NaN
1736989200,5.73,5.73,5.69,5.69,92300,NaN,NaN,NaN,NaN,NaN,NaN,NaN
1737075600,5.67,5.71,5.61,5.69,256600,NaN,NaN,NaN,NaN,NaN,NaN,NaN
1737334800,5.63,5.78,5.63,5.78,33800,NaN,NaN,NaN,NaN,NaN,NaN,NaN
1737421200,5.78,5.82,5.71,5.78,370200,NaN,NaN,NaN,NaN,NaN,NaN,NaN
1737507600,5.86,5.86,5.77,5.8,252200,NaN,NaN,NaN,NaN,NaN,NaN,NaN
1737594000,5.8,5.8,5.8,5.8,0,NaN,NaN,NaN,NaN,NaN,NaN,NaN
1737680400,5.78,5.8,5.71,5.8,40600,NaN,NaN,NaN,NaN,NaN,NaN,NaN
1737939600,5.81,5.84,5.79,5.83,643700,NaN,NaN,NaN,NaN,NaN,NaN,NaN
1738026000,5.86,5.86,5.74,5.78,115800,NaN,NaN,NaN,NaN,NaN,NaN,NaN
1738285200,5.78,5.86,5.75,5.75,75400,NaN,NaN,NaN,NaN,NaN,NaN,NaN
1738544400,5.75,5.82,5.7,5.73,62400,NaN,NaN,NaN,NaN,NaN,NaN,NaN
1738630800,5.71,5.76,5.71,5.74,1190400,NaN,NaN,NaN,NaN,NaN,NaN,NaN
1738717200,5.73,5.74,5.67,5.67,227500,NaN,NaN,NaN,NaN,NaN,NaN,NaN
1738803600,5.7,5.7,5.68,5.7,122400,NaN,NaN,NaN,NaN,NaN,NaN,NaN
1738890000,5.71,5.71,5.66,5.67,123800,NaN,NaN,NaN,NaN,NaN,NaN,NaN
1739149200,5.67,5.73,5.67,5.67,84000,NaN,NaN,NaN,NaN,NaN,NaN,NaN
1739322000,5.72,5.72,5.65,5.66,397900,NaN,NaN,NaN,NaN,NaN,NaN,NaN
1739408400,5.65,5.71,5.61,5.66,139800,NaN,NaN,NaN,NaN,NaN,NaN,NaN
1739494800,5.69,5.78,5.64,5.66,219300,NaN,NaN,NaN,NaN,NaN,NaN,NaN
1739754000,5.67,5.7,5.67,5.7,21000,NaN,NaN,NaN,NaN,NaN,NaN,NaN
1739840400,5.7,5.75,5.6,5.71,654300,NaN,NaN,NaN,NaN,NaN,NaN,NaN
1739926800,5.65,5.7,5.63,5.63,165900,NaN,NaN,NaN,NaN,NaN,NaN,NaN
1740013200,5.61,5.7,5.6,5.68,273400,NaN,NaN,NaN,NaN,NaN,NaN,NaN
1740099600,5.69,5.7,5.56,5.7,398800,NaN,NaN,NaN,NaN,NaN,NaN,NaN
1740358800,5.62,5.62,5.49,5.54,865300,NaN,NaN,NaN,NaN,NaN,NaN,NaN
1740445200,5.54,5.55,5.47,5.51,281100,NaN,NaN,NaN,NaN,NaN,NaN,NaN
1740531600,5.48,5.59,5.48,5.51,257200,NaN,NaN,NaN,NaN,NaN,NaN,NaN
1740618000,5.6,5.82,5.6,5.78,363300,NaN,NaN,NaN,NaN,NaN,NaN,NaN
1740704400,5.78,5.8,5.67,5.67,1252800,NaN,NaN,NaN,NaN,NaN,NaN,NaN
1740963600,5.67,5.73,5.62,5.73,244800,NaN,NaN,NaN,NaN,NaN,NaN,NaN
1741050000,5.56,5.61,5.47,5.51,586500,NaN,NaN,NaN,NaN,NaN,NaN,NaN
1741136400,5.52,5.64,5.44,5.52,228600,NaN,NaN,NaN,NaN,NaN,NaN,NaN
1741222800,5.5,5.59,5.48,5.5,124600,NaN,NaN,NaN,NaN,NaN,NaN,NaN
1741309200,5.5,5.56,5.46,5.47,373000,NaN,NaN,NaN,NaN,NaN,NaN,NaN
1741568400,5.5,5.54,5.45,5.47,160900,NaN,NaN,NaN,NaN,NaN,NaN,NaN
1741654800,5.44,5.47,5.3,5.37,2455000,NaN,NaN,NaN,NaN,NaN,NaN,NaN
1741741200,5.24,5.34,5.11,5.17,148000,NaN,NaN,NaN,NaN,NaN,NaN,NaN
1741827600,5.17,5.22,5.15,5.17,360100,NaN,NaN,NaN,NaN,NaN,NaN,NaN
1741914000,5.17,5.23,5.16,5.21,135000,NaN,NaN,NaN,NaN,NaN,NaN,NaN
1742173200,5.22,5.28,5.21,5.22,93800,NaN,NaN,NaN,NaN,NaN,NaN,NaN
1742346000,5.22,5.27,5.19,5.2,148700,NaN,NaN,NaN,NaN,NaN,NaN,NaN
1742432400,5.26,5.26,5.18,5.2,59500,NaN,NaN,NaN,NaN,NaN,NaN,NaN
1742518800,5.24,5.27,5.18,5.18,582600,NaN,NaN,NaN,NaN,NaN,NaN,NaN
1742778000,5.2,5.25,5.17,5.2,294700,NaN,NaN,NaN,NaN,NaN,NaN,NaN
1742864400,5.2,5.22,5.18,5.2,862700,NaN,NaN,NaN,NaN,NaN,NaN,NaN
1742950800,5.18,5.23,5.14,5.23,912200,NaN,NaN,NaN,NaN,NaN,NaN,NaN
1743037200,5.23,5.3,5.23,5.29,59300,NaN,NaN,NaN,NaN,NaN,NaN,NaN
1743123600,5.3,5.35,5.26,5.32,154900,897161830,9185876000,4056746000,181092000,719450000,5086851000,2.25563909774436
1743555600,5.35,5.36,5.25,5.25,119300,NaN,NaN,NaN,NaN,NaN,NaN,NaN
1743642000,5.26,5.31,5.2,5.27,189300,NaN,NaN,NaN,NaN,NaN,NaN,NaN
1743728400,5.25,5.25,5.17,5.23,39800,NaN,NaN,NaN,NaN,NaN,NaN,NaN
1743987600,5.15,5.15,5.02,5.13,325400,NaN,NaN,NaN,NaN,NaN,NaN,NaN
1744074000,5.07,5.1,5.03,5.06,217500,NaN,NaN,NaN,NaN,NaN,NaN,NaN
1744160400,5.01,5.06,4.86,4.92,474200,NaN,NaN,NaN,NaN,NaN,NaN,NaN
1744246800,5.23,5.23,5.03,5.04,67200,NaN,NaN,NaN,NaN,NaN,NaN,NaN
1744333200,5,5.11,5,5.08,75500,NaN,NaN,NaN,NaN,NaN,NaN,NaN
1744592400,5.1,5.19,5.09,5.13,32800,NaN,NaN,NaN,NaN,NaN,NaN,NaN
1744678800,5.13,5.16,5.05,5.07,175400,NaN,NaN,NaN,NaN,NaN,NaN,NaN
1744765200,5.12,5.12,4.97,5,456800,NaN,NaN,NaN,NaN,NaN,NaN,NaN
1744851600,5,5,4.81,4.88,665100,NaN,NaN,NaN,NaN,NaN,NaN,NaN
1744938000,4.9,4.99,4.89,4.95,345500,NaN,NaN,NaN,NaN,NaN,NaN,NaN
1745197200,4.93,5.04,4.9,4.9,177500,NaN,NaN,NaN,NaN,NaN,NaN,NaN
1745283600,4.94,4.96,4.91,4.94,153400,NaN,NaN,NaN,NaN,NaN,NaN,NaN
1745370000,4.94,5,4.92,4.94,127300,NaN,NaN,NaN,NaN,NaN,NaN,NaN
1745456400,4.95,5,4.9,4.93,92600,NaN,NaN,NaN,NaN,NaN,NaN,NaN
1745542800,5,5.06,4.95,4.97,52800,NaN,NaN,NaN,NaN,NaN,NaN,NaN
1745802000,4.95,4.96,4.9,4.91,247300,NaN,NaN,NaN,NaN,NaN,NaN,NaN
1745888400,4.91,4.96,4.87,4.89,562200,NaN,NaN,NaN,NaN,NaN,NaN,NaN
1745974800,4.89,4.89,4.83,4.83,766400,NaN,NaN,NaN,NaN,NaN,NaN,NaN
1746147600,4.84,4.87,4.82,4.83,963100,NaN,NaN,NaN,NaN,NaN,NaN,NaN
1746406800,4.87,4.9,4.85,4.87,204600,NaN,NaN,NaN,NaN,NaN,NaN,NaN
1746493200,4.87,4.93,4.82,4.92,292800,NaN,NaN,NaN,NaN,NaN,NaN,NaN
1746579600,4.91,4.92,4.88,4.89,122600,NaN,NaN,NaN,NaN,NaN,NaN,NaN
1746666000,4.88,4.91,4.86,4.88,78800,NaN,NaN,NaN,NaN,NaN,NaN,NaN
1746752400,4.86,4.88,4.83,4.85,291600,NaN,NaN,NaN,NaN,NaN,NaN,NaN
1747098000,4.92,4.96,4.89,4.94,553000,NaN,NaN,NaN,NaN,NaN,NaN,NaN
1747184400,4.95,4.99,4.93,4.97,798700,NaN,NaN,NaN,NaN,NaN,NaN,NaN
1747270800,4.97,5.04,4.96,4.98,140900,NaN,NaN,NaN,NaN,NaN,NaN,NaN
1747357200,4.98,5,4.96,5,74900,NaN,NaN,NaN,NaN,NaN,NaN,NaN
1747616400,5,5,4.91,4.91,452800,NaN,NaN,NaN,NaN,NaN,NaN,NaN
1747702800,4.93,4.97,4.91,4.92,180200,NaN,NaN,NaN,NaN,NaN,NaN,NaN
1747789200,4.91,4.92,4.85,4.89,320100,NaN,NaN,NaN,NaN,NaN,NaN,NaN
1747875600,4.89,4.89,4.82,4.86,146500,NaN,NaN,NaN,NaN,NaN,NaN,NaN
1747962000,4.87,4.88,4.83,4.85,72200,NaN,NaN,NaN,NaN,NaN,NaN,NaN
1748221200,4.85,4.88,4.82,4.88,241500,NaN,NaN,NaN,NaN,NaN,NaN,NaN
1748307600,4.88,4.89,4.86,4.86,29500,NaN,NaN,NaN,NaN,NaN,NaN,NaN
1748394000,4.84,4.89,4.84,4.87,53700,NaN,NaN,NaN,NaN,NaN,NaN,NaN
1748480400,4.88,4.91,4.88,4.9,58400,NaN,NaN,NaN,NaN,NaN,NaN,NaN
1748566800,4.9,4.9,4.86,4.9,140900,NaN,NaN,NaN,NaN,NaN,NaN,NaN
1748912400,4.86,4.86,4.82,4.83,30800,NaN,NaN,NaN,NaN,NaN,NaN,NaN
1748998800,4.84,4.88,4.84,4.84,4200,NaN,NaN,NaN,NaN,NaN,NaN,NaN
1749085200,4.88,4.93,4.85,4.92,89100,NaN,NaN,NaN,NaN,NaN,NaN,NaN
1749171600,4.9,4.99,4.9,4.94,89100,NaN,NaN,NaN,NaN,NaN,NaN,NaN
1749430800,4.99,4.99,4.92,4.96,95100,NaN,NaN,NaN,NaN,NaN,NaN,NaN
1749517200,4.96,4.99,4.88,4.9,107300,NaN,NaN,NaN,NaN,NaN,NaN,NaN
1749603600,4.89,4.91,4.86,4.88,67400,NaN,NaN,NaN,NaN,NaN,NaN,NaN
1749690000,4.88,4.9,4.86,4.88,39900,NaN,NaN,NaN,NaN,NaN,NaN,NaN
1749776400,4.86,4.86,4.75,4.75,443300,NaN,NaN,NaN,NaN,NaN,NaN,NaN
1750035600,4.84,4.93,4.81,4.87,355600,NaN,NaN,NaN,NaN,NaN,NaN,NaN
1750122000,4.94,4.95,4.87,4.88,69100,NaN,NaN,NaN,NaN,NaN,NaN,NaN
1750208400,4.87,4.91,4.83,4.89,75700,NaN,NaN,NaN,NaN,NaN,NaN,NaN
1750294800,4.92,4.93,4.81,4.86,113300,NaN,NaN,NaN,NaN,NaN,NaN,NaN
1750381200,4.85,4.92,4.82,4.84,80800,NaN,NaN,NaN,NaN,NaN,NaN,NaN
1750640400,4.86,4.86,4.79,4.81,78600,NaN,NaN,NaN,NaN,NaN,NaN,NaN
1750726800,4.81,4.83,4.77,4.79,106500,NaN,NaN,NaN,NaN,NaN,NaN,NaN
1750813200,4.81,4.9,4.79,4.83,101700,NaN,NaN,NaN,NaN,NaN,NaN,NaN
1750899600,4.88,4.9,4.86,4.9,330700,NaN,NaN,NaN,NaN,NaN,NaN,NaN
1751245200,4.9,5,4.9,5,361600,897161830,9079189000,3861180000,180221000,766991000,5170030000,2.8
1751331600,5,5,4.93,4.96,45200,NaN,NaN,NaN,NaN,NaN,NaN,NaN
1751418000,4.98,4.98,4.92,4.93,124500,NaN,NaN,NaN,NaN,NaN,NaN,NaN
1751504400,4.97,5.02,4.95,5.01,25400,NaN,NaN,NaN,NaN,NaN,NaN,NaN
1751590800,5.01,5.28,5.01,5.23,324000,NaN,NaN,NaN,NaN,NaN,NaN,NaN
1751850000,5.23,5.23,5.09,5.12,162300,NaN,NaN,NaN,NaN,NaN,NaN,NaN
1751936400,5.1,5.1,5.04,5.06,122200,NaN,NaN,NaN,NaN,NaN,NaN,NaN
1752022800,5.07,5.07,5.04,5.05,62900,NaN,NaN,NaN,NaN,NaN,NaN,NaN
1752109200,5.08,5.17,5.01,5.17,301500,NaN,NaN,NaN,NaN,NaN,NaN,NaN
1752195600,5.17,5.17,5.06,5.07,189300,NaN,NaN,NaN,NaN,NaN,NaN,NaN
1752454800,5.06,5.08,5.01,5.03,412800,NaN,NaN,NaN,NaN,NaN,NaN,NaN
1752541200,5.04,5.04,4.98,4.98,173100,NaN,NaN,NaN,NaN,NaN,NaN,NaN
1752627600,5.02,5.02,4.92,4.92,894000,NaN,NaN,NaN,NaN,NaN,NaN,NaN
1752714000,4.98,5.02,4.96,5,261200,NaN,NaN,NaN,NaN,NaN,NaN,NaN
1752800400,5.02,5.06,5.02,5.05,14300,NaN,NaN,NaN,NaN,NaN,NaN,NaN
1753059600,5.05,5.05,5.02,5.02,6700,NaN,NaN,NaN,NaN,NaN,NaN,NaN
1753146000,5.01,5.04,4.99,5.02,36700,NaN,NaN,NaN,NaN,NaN,NaN,NaN
1753232400,5.01,5.03,4.96,5,84000,NaN,NaN,NaN,NaN,NaN,NaN,NaN
1753318800,4.98,5.05,4.98,5.05,21500,NaN,NaN,NaN,NaN,NaN,NaN,NaN
1753405200,5.06,5.06,5,5.03,66700,NaN,NaN,NaN,NaN,NaN,NaN,NaN
1753664400,5,5.03,5,5.01,23100,NaN,NaN,NaN,NaN,NaN,NaN,NaN
1753750800,4.99,5.01,4.93,4.96,439600,NaN,NaN,NaN,NaN,NaN,NaN,NaN
1753837200,4.97,4.97,4.96,4.97,25800,NaN,NaN,NaN,NaN,NaN,NaN,NaN
1753923600,5.01,5.01,4.91,4.91,96300,NaN,NaN,NaN,NaN,NaN,NaN,NaN
1754010000,4.98,5,4.93,4.99,48000,NaN,NaN,NaN,NaN,NaN,NaN,NaN
1754269200,4.97,4.99,4.9,4.96,44700,NaN,NaN,NaN,NaN,NaN,NaN,NaN
1754355600,4.93,4.99,4.93,4.93,99100,NaN,NaN,NaN,NaN,NaN,NaN,NaN
1754442000,4.93,4.94,4.9,4.9,99600,NaN,NaN,NaN,NaN,NaN,NaN,NaN
1754528400,4.91,4.93,4.9,4.9,34300,NaN,NaN,NaN,NaN,NaN,NaN,NaN
1754614800,4.93,4.93,4.9,4.9,58100,NaN,NaN,NaN,NaN,NaN,NaN,NaN
1754874000,4.92,4.94,4.91,4.92,140100,NaN,NaN,NaN,NaN,NaN,NaN,NaN
1754960400,4.92,5,4.92,4.99,39600,NaN,NaN,NaN,NaN,NaN,NaN,NaN
1755046800,5,5.05,4.97,4.98,321500,NaN,NaN,NaN,NaN,NaN,NaN,NaN
1755133200,4.99,5.03,4.97,5,280000,NaN,NaN,NaN,NaN,NaN,NaN,NaN
1755219600,5,5,4.97,4.98,37000,NaN,NaN,NaN,NaN,NaN,NaN,NaN
1755478800,4.98,5,4.95,4.95,144400,NaN,NaN,NaN,NaN,NaN,NaN,NaN
1755565200,4.97,5,4.9,4.95,1116400,NaN,NaN,NaN,NaN,NaN,NaN,NaN
1755651600,5,5,4.95,4.99,134700,NaN,NaN,NaN,NaN,NaN,NaN,NaN
1755738000,5,5.05,4.99,5,180200,NaN,NaN,NaN,NaN,NaN,NaN,NaN
1755824400,5.03,5.05,5.02,5.02,48700,NaN,NaN,NaN,NaN,NaN,NaN,NaN
1756083600,5.03,5.05,5.01,5.02,78900,NaN,NaN,NaN,NaN,NaN,NaN,NaN
1756170000,5.01,5.03,4.9,4.9,500000,NaN,NaN,NaN,NaN,NaN,NaN,NaN
1756256400,4.9,4.98,4.9,4.96,310200,NaN,NaN,NaN,NaN,NaN,NaN,NaN
1756342800,5.01,5.02,4.84,4.85,1674400,NaN,NaN,NaN,NaN,NaN,NaN,NaN
1756429200,4.88,4.9,4.81,4.85,477000,NaN,NaN,NaN,NaN,NaN,NaN,NaN
1756774800,4.85,4.94,4.81,4.82,436500,NaN,NaN,NaN,NaN,NaN,NaN,NaN
1756861200,4.82,4.83,4.79,4.8,1465100,NaN,NaN,NaN,NaN,NaN,NaN,NaN
1756947600,4.8,4.81,4.79,4.8,437600,NaN,NaN,NaN,NaN,NaN,NaN,NaN
1757293200,4.8,4.9,4.8,4.88,110900,NaN,NaN,NaN,NaN,NaN,NaN,NaN
1757379600,4.89,4.89,4.83,4.83,339100,NaN,NaN,NaN,NaN,NaN,NaN,NaN
1757466000,4.84,4.87,4.84,4.85,729600,NaN,NaN,NaN,NaN,NaN,NaN,NaN
1757552400,4.86,4.89,4.83,4.83,282700,NaN,NaN,NaN,NaN,NaN,NaN,NaN
1757638800,4.83,4.87,4.82,4.84,557600,NaN,NaN,NaN,NaN,NaN,NaN,NaN
1758070800,4.76,4.84,4.76,4.81,201400,NaN,NaN,NaN,NaN,NaN,NaN,NaN
1758157200,4.81,4.85,4.81,4.81,34200,NaN,NaN,NaN,NaN,NaN,NaN,NaN
1758243600,4.83,4.89,4.82,4.85,96900,NaN,NaN,NaN,NaN,NaN,NaN,NaN
1758502800,4.85,4.85,4.81,4.82,141500,NaN,NaN,NaN,NaN,NaN,NaN,NaN
1758589200,4.83,4.85,4.82,4.83,77700,NaN,NaN,NaN,NaN,NaN,NaN,NaN
1758675600,4.83,4.85,4.83,4.85,79400,NaN,NaN,NaN,NaN,NaN,NaN,NaN
1758762000,4.85,4.89,4.85,4.85,108800,NaN,NaN,NaN,NaN,NaN,NaN,NaN
1758848400,4.85,4.86,4.83,4.84,112300,NaN,NaN,NaN,NaN,NaN,NaN,NaN