time,open,high,low,close,Volume,Total common shares outstanding,Total assets,Total liabilities,Operating income,Total revenue,Shareholders&#039; equity,Dividend yield %
1560387600,0.15875,0.195,0.15875,0.185,770885600,2504000000,145775000,62603000,11644000,58727000,82414000,NaN
1560474000,0.18875,0.21375,0.18875,0.2025,448420800,NaN,NaN,NaN,NaN,NaN,NaN,NaN
1560733200,0.20875,0.225,0.2075,0.225,311852400,NaN,NaN,NaN,NaN,NaN,NaN,NaN
1560819600,0.23125,0.25,0.2225,0.2475,382703600,NaN,NaN,NaN,NaN,NaN,NaN,NaN
1560906000,0.24875,0.2525,0.23625,0.24125,224693200,NaN,NaN,NaN,NaN,NaN,NaN,NaN
1560992400,0.23875,0.2675,0.22875,0.265,417378800,NaN,NaN,NaN,NaN,NaN,NaN,NaN
1561078800,0.2625,0.2725,0.255,0.255,171228000,NaN,NaN,NaN,NaN,NaN,NaN,NaN
1561338000,0.2575,0.27,0.24625,0.26,101675200,NaN,NaN,NaN,NaN,NaN,NaN,NaN
1561424400,0.26,0.2625,0.24875,0.25,50586800,NaN,NaN,NaN,NaN,NaN,NaN,NaN
1561510800,0.24875,0.2575,0.245,0.2475,56008400,NaN,NaN,NaN,NaN,NaN,NaN,NaN
1561597200,0.24625,0.255,0.245,0.24875,43125200,NaN,NaN,NaN,NaN,NaN,NaN,NaN
1561683600,0.25,0.25,0.2425,0.2425,32756000,2504000000,262075000,96681000,8771000,51004000,164669000,NaN
1561942800,0.2475,0.28,0.2475,0.28,167362800,NaN,NaN,NaN,NaN,NaN,NaN,NaN
1562029200,0.28,0.295,0.275,0.2775,119429600,NaN,NaN,NaN,NaN,NaN,NaN,NaN
1562115600,0.2775,0.2875,0.2775,0.285,42949600,NaN,NaN,NaN,NaN,NaN,NaN,NaN
1562202000,0.2825,0.2875,0.2775,0.2825,30166000,NaN,NaN,NaN,NaN,NaN,NaN,NaN
1562288400,0.285,0.2975,0.28,0.285,83435200,NaN,NaN,NaN,NaN,NaN,NaN,NaN
1562547600,0.285,0.2875,0.2625,0.2725,56754000,NaN,NaN,NaN,NaN,NaN,NaN,NaN
1562634000,0.2725,0.2775,0.265,0.27,22991200,NaN,NaN,NaN,NaN,NaN,NaN,NaN
1562720400,0.27,0.2775,0.2675,0.275,36275200,NaN,NaN,NaN,NaN,NaN,NaN,NaN
1562806800,0.275,0.285,0.2725,0.2825,54762800,NaN,NaN,NaN,NaN,NaN,NaN,NaN
1562893200,0.28,0.29,0.27,0.2725,51494400,NaN,NaN,NaN,NaN,NaN,NaN,NaN
1563152400,0.275,0.2825,0.27,0.2725,16246400,NaN,NaN,NaN,NaN,NaN,NaN,NaN
1563238800,0.2725,0.2775,0.2675,0.2725,18730000,NaN,NaN,NaN,NaN,NaN,NaN,NaN
1563325200,0.2725,0.2725,0.2675,0.27,14898000,NaN,NaN,NaN,NaN,NaN,NaN,NaN
1563411600,0.2675,0.27,0.2575,0.2625,17892800,NaN,NaN,NaN,NaN,NaN,NaN,NaN
1563498000,0.2625,0.2675,0.26,0.2675,11329200,NaN,NaN,NaN,NaN,NaN,NaN,NaN
1563757200,0.265,0.27,0.26,0.2625,13326800,NaN,NaN,NaN,NaN,NaN,NaN,NaN
1563843600,0.2625,0.2725,0.2575,0.265,45137200,NaN,NaN,NaN,NaN,NaN,NaN,NaN
1563930000,0.2675,0.27,0.2625,0.2625,12079600,NaN,NaN,NaN,NaN,NaN,NaN,NaN
1564016400,0.2625,0.265,0.26,0.26,5962000,NaN,NaN,NaN,NaN,NaN,NaN,NaN
1564102800,0.2575,0.2575,0.2475,0.25,37485200,NaN,NaN,NaN,NaN,NaN,NaN,NaN
1564362000,0.24875,0.2525,0.245,0.24625,16855200,NaN,NaN,NaN,NaN,NaN,NaN,NaN
1564534800,0.2475,0.26,0.2475,0.2575,35758400,NaN,NaN,NaN,NaN,NaN,NaN,NaN
1564621200,0.255,0.2625,0.2525,0.255,14228400,NaN,NaN,NaN,NaN,NaN,NaN,NaN
1564707600,0.24875,0.2525,0.2475,0.25,12340400,NaN,NaN,NaN,NaN,NaN,NaN,NaN
1564966800,0.24875,0.24875,0.24,0.24125,12140000,NaN,NaN,NaN,NaN,NaN,NaN,NaN
1565053200,0.23125,0.24375,0.2275,0.24,21028800,NaN,NaN,NaN,NaN,NaN,NaN,NaN
1565139600,0.24125,0.24125,0.23,0.235,10546000,NaN,NaN,NaN,NaN,NaN,NaN,NaN
1565226000,0.23625,0.2425,0.23375,0.24125,15195600,NaN,NaN,NaN,NaN,NaN,NaN,NaN
1565312400,0.2425,0.2525,0.24,0.24625,25703600,NaN,NaN,NaN,NaN,NaN,NaN,NaN
1565658000,0.2425,0.2425,0.24,0.2425,7654000,NaN,NaN,NaN,NaN,NaN,NaN,NaN
1565744400,0.245,0.2625,0.245,0.25,43731600,NaN,NaN,NaN,NaN,NaN,NaN,NaN
1565830800,0.2425,0.2575,0.24125,0.25,15502800,NaN,NaN,NaN,NaN,NaN,NaN,NaN
1565917200,0.255,0.26,0.24875,0.255,14107200,NaN,NaN,NaN,NaN,NaN,NaN,NaN
1566176400,0.26,0.2675,0.2575,0.265,36662000,NaN,NaN,NaN,NaN,NaN,NaN,NaN
1566262800,0.2675,0.28,0.2675,0.2725,43776800,NaN,NaN,NaN,NaN,NaN,NaN,NaN
1566349200,0.27,0.28,0.27,0.2775,14931600,NaN,NaN,NaN,NaN,NaN,NaN,NaN
1566435600,0.2775,0.285,0.2725,0.275,26318000,NaN,NaN,NaN,NaN,NaN,NaN,NaN
1566522000,0.2775,0.285,0.275,0.2775,42800000,NaN,NaN,NaN,NaN,NaN,NaN,NaN
1566781200,0.2725,0.295,0.2725,0.2925,57894400,NaN,NaN,NaN,NaN,NaN,NaN,NaN
1566867600,0.3,0.3025,0.28,0.285,76286000,NaN,NaN,NaN,NaN,NaN,NaN,NaN
1566954000,0.2875,0.2925,0.275,0.29,22792800,NaN,NaN,NaN,NaN,NaN,NaN,NaN
1567040400,0.29,0.29,0.2775,0.2825,16076400,NaN,NaN,NaN,NaN,NaN,NaN,NaN
1567126800,0.285,0.2875,0.2825,0.2875,13622800,NaN,NaN,NaN,NaN,NaN,NaN,NaN
1567472400,0.2875,0.2875,0.28,0.285,6890400,NaN,NaN,NaN,NaN,NaN,NaN,NaN
1567558800,0.285,0.3075,0.28,0.3075,54810000,NaN,NaN,NaN,NaN,NaN,NaN,NaN
1567645200,0.3075,0.3275,0.3075,0.32,58488000,NaN,NaN,NaN,NaN,NaN,NaN,NaN
1567731600,0.3225,0.345,0.3225,0.345,47671200,NaN,NaN,NaN,NaN,NaN,NaN,NaN
1568077200,0.35,0.3675,0.3425,0.3625,38700000,NaN,NaN,NaN,NaN,NaN,NaN,NaN
1568163600,0.3625,0.365,0.345,0.3525,23173600,NaN,NaN,NaN,NaN,NaN,NaN,NaN
1568250000,0.355,0.3575,0.3475,0.3525,8993200,NaN,NaN,NaN,NaN,NaN,NaN,NaN
1568336400,0.355,0.375,0.355,0.3725,40934000,NaN,NaN,NaN,NaN,NaN,NaN,NaN
1568682000,0.37,0.385,0.3675,0.38,11636400,NaN,NaN,NaN,NaN,NaN,NaN,NaN
1568768400,0.38,0.3825,0.3725,0.375,5038400,NaN,NaN,NaN,NaN,NaN,NaN,NaN
1568854800,0.3775,0.3975,0.3775,0.385,38717600,NaN,NaN,NaN,NaN,NaN,NaN,NaN
1568941200,0.385,0.3875,0.3725,0.3775,16856400,NaN,NaN,NaN,NaN,NaN,NaN,NaN
1569200400,0.3775,0.38,0.3625,0.3675,10096400,NaN,NaN,NaN,NaN,NaN,NaN,NaN
1569286800,0.3675,0.385,0.365,0.38,12226800,NaN,NaN,NaN,NaN,NaN,NaN,NaN
1569373200,0.38,0.385,0.37,0.37,9129200,NaN,NaN,NaN,NaN,NaN,NaN,NaN
1569459600,0.375,0.3775,0.37,0.3725,2257600,NaN,NaN,NaN,NaN,NaN,NaN,NaN
1569546000,0.3725,0.3725,0.3675,0.37,3278000,NaN,NaN,NaN,NaN,NaN,NaN,NaN
1569805200,0.37,0.38,0.365,0.375,7968800,2504000000,328081000,149795000,11155000,47689000,177594000,NaN
1569891600,0.375,0.38,0.3725,0.3775,8285600,NaN,NaN,NaN,NaN,NaN,NaN,NaN
1569978000,0.375,0.385,0.3725,0.38,17114400,NaN,NaN,NaN,NaN,NaN,NaN,NaN
1570064400,0.3775,0.385,0.375,0.3775,5703600,NaN,NaN,NaN,NaN,NaN,NaN,NaN
1570150800,0.3825,0.395,0.3825,0.3875,27602800,NaN,NaN,NaN,NaN,NaN,NaN,NaN
1570410000,0.39,0.41,0.3875,0.405,26926400,NaN,NaN,NaN,NaN,NaN,NaN,NaN
1570496400,0.4075,0.4225,0.4075,0.42,26120800,NaN,NaN,NaN,NaN,NaN,NaN,NaN
1570582800,0.42,0.455,0.4025,0.4425,27161200,NaN,NaN,NaN,NaN,NaN,NaN,NaN
1570669200,0.4475,0.455,0.44,0.445,16434400,NaN,NaN,NaN,NaN,NaN,NaN,NaN
1570755600,0.445,0.455,0.44,0.45,7436400,NaN,NaN,NaN,NaN,NaN,NaN,NaN
1571014800,0.4525,0.49,0.4525,0.485,25259600,NaN,NaN,NaN,NaN,NaN,NaN,NaN
1571101200,0.495,0.505,0.48,0.485,30719200,NaN,NaN,NaN,NaN,NaN,NaN,NaN
1571187600,0.49,0.4925,0.46,0.4625,15677200,NaN,NaN,NaN,NaN,NaN,NaN,NaN
1571274000,0.4625,0.485,0.46,0.48,12770000,NaN,NaN,NaN,NaN,NaN,NaN,NaN
1571360400,0.4825,0.49,0.48,0.485,6300400,NaN,NaN,NaN,NaN,NaN,NaN,NaN
1571619600,0.485,0.4925,0.48,0.49,11202000,NaN,NaN,NaN,NaN,NaN,NaN,NaN
1571706000,0.4925,0.5,0.48,0.48,17185600,NaN,NaN,NaN,NaN,NaN,NaN,NaN
1571792400,0.48,0.4875,0.4725,0.48,10834000,NaN,NaN,NaN,NaN,NaN,NaN,NaN
1571878800,0.48,0.48,0.475,0.475,5560000,NaN,NaN,NaN,NaN,NaN,NaN,NaN
1571965200,0.475,0.4775,0.455,0.465,15766000,NaN,NaN,NaN,NaN,NaN,NaN,NaN
1572310800,0.4625,0.47,0.455,0.46,5694800,NaN,NaN,NaN,NaN,NaN,NaN,NaN
1572397200,0.4575,0.465,0.45,0.455,7569200,NaN,NaN,NaN,NaN,NaN,NaN,NaN
1572483600,0.4575,0.48,0.45,0.4775,17965600,NaN,NaN,NaN,NaN,NaN,NaN,NaN
1572570000,0.4775,0.4925,0.47,0.49,25473200,NaN,NaN,NaN,NaN,NaN,NaN,NaN
1572829200,0.4925,0.5025,0.485,0.485,18742000,NaN,NaN,NaN,NaN,NaN,NaN,NaN
1572915600,0.4875,0.4975,0.485,0.4975,9394400,NaN,NaN,NaN,NaN,NaN,NaN,NaN
1573002000,0.4975,0.505,0.49,0.4925,15439600,NaN,NaN,NaN,NaN,NaN,NaN,NaN
1573088400,0.495,0.5,0.4925,0.4975,8914000,NaN,NaN,NaN,NaN,NaN,NaN,NaN
1573174800,0.4975,0.5175,0.4975,0.51,20799600,NaN,NaN,NaN,NaN,NaN,NaN,NaN
1573434000,0.51,0.525,0.505,0.505,20523200,NaN,NaN,NaN,NaN,NaN,NaN,NaN
1573520400,0.5075,0.515,0.5025,0.505,4080000,NaN,NaN,NaN,NaN,NaN,NaN,NaN
1573606800,0.505,0.5075,0.485,0.49,12620800,NaN,NaN,NaN,NaN,NaN,NaN,NaN
1573693200,0.4925,0.4975,0.4825,0.4825,5495200,NaN,NaN,NaN,NaN,NaN,NaN,NaN
1573779600,0.48,0.485,0.4725,0.4775,3805600,NaN,NaN,NaN,NaN,NaN,NaN,NaN
1574038800,0.48,0.49,0.4775,0.4875,5452800,NaN,NaN,NaN,NaN,NaN,NaN,NaN
1574125200,0.49,0.495,0.48,0.4825,4594800,NaN,NaN,NaN,NaN,NaN,NaN,NaN
1574211600,0.49,0.49,0.4825,0.4825,2987600,NaN,NaN,NaN,NaN,NaN,NaN,NaN
1574298000,0.485,0.485,0.4775,0.48,3772000,NaN,NaN,NaN,NaN,NaN,NaN,NaN
1574384400,0.48,0.4875,0.475,0.48,5620800,NaN,NaN,NaN,NaN,NaN,NaN,NaN
1574643600,0.48,0.4825,0.4725,0.48,7397200,NaN,NaN,NaN,NaN,NaN,NaN,NaN
1574730000,0.4775,0.4875,0.475,0.4775,8654800,NaN,NaN,NaN,NaN,NaN,NaN,NaN
1574816400,0.4775,0.485,0.4575,0.4675,13289200,NaN,NaN,NaN,NaN,NaN,NaN,NaN
1574902800,0.4675,0.48,0.46,0.48,5289200,NaN,NaN,NaN,NaN,NaN,NaN,NaN
1574989200,0.48,0.48,0.4675,0.47,4253200,NaN,NaN,NaN,NaN,NaN,NaN,NaN
1575248400,0.475,0.475,0.465,0.47,3975200,NaN,NaN,NaN,NaN,NaN,NaN,NaN
1575334800,0.4725,0.515,0.4725,0.5125,40655600,NaN,NaN,NaN,NaN,NaN,NaN,NaN
1575421200,0.5075,0.5175,0.5,0.505,10050400,NaN,NaN,NaN,NaN,NaN,NaN,NaN
1575507600,0.5075,0.525,0.5075,0.5175,16611600,NaN,NaN,NaN,NaN,NaN,NaN,NaN
1575594000,0.5175,0.5425,0.5125,0.535,29652800,NaN,NaN,NaN,NaN,NaN,NaN,NaN
1575853200,0.5375,0.56,0.5375,0.5475,10792400,NaN,NaN,NaN,NaN,NaN,NaN,NaN
1575939600,0.5525,0.555,0.5375,0.5425,5322400,NaN,NaN,NaN,NaN,NaN,NaN,NaN
1576026000,0.55,0.5575,0.5375,0.545,6469200,NaN,NaN,NaN,NaN,NaN,NaN,NaN
1576112400,0.5475,0.5525,0.54,0.55,5250800,NaN,NaN,NaN,NaN,NaN,NaN,NaN
1576198800,0.5525,0.555,0.53,0.54,8954800,NaN,NaN,NaN,NaN,NaN,NaN,NaN
1576458000,0.5425,0.545,0.5375,0.5425,1336400,NaN,NaN,NaN,NaN,NaN,NaN,NaN
1576544400,0.5425,0.575,0.54,0.565,17515600,NaN,NaN,NaN,NaN,NaN,NaN,NaN
1576630800,0.565,0.5725,0.56,0.565,3460000,NaN,NaN,NaN,NaN,NaN,NaN,NaN
1576717200,0.565,0.565,0.5525,0.555,5283600,NaN,NaN,NaN,NaN,NaN,NaN,NaN
1576803600,0.5525,0.56,0.5525,0.56,2017600,NaN,NaN,NaN,NaN,NaN,NaN,NaN
1577062800,0.56,0.58,0.56,0.575,4948800,NaN,NaN,NaN,NaN,NaN,NaN,NaN
1577149200,0.5725,0.5875,0.5725,0.58,3883600,NaN,NaN,NaN,NaN,NaN,NaN,NaN
1577322000,0.5825,0.5975,0.575,0.5775,7783600,NaN,NaN,NaN,NaN,NaN,NaN,NaN
1577408400,0.585,0.5925,0.58,0.5875,2462000,NaN,NaN,NaN,NaN,NaN,NaN,NaN
1577667600,0.5925,0.5975,0.585,0.5925,3824000,NaN,NaN,NaN,NaN,NaN,NaN,NaN
1577754000,0.595,0.6,0.585,0.6,4955600,2504000000,344749249,148500510,20927000,58515000,195589996,NaN
1577926800,0.6025,0.6375,0.6025,0.625,6077200,NaN,NaN,NaN,NaN,NaN,NaN,NaN
1578013200,0.65,0.65,0.625,0.6275,7182800,NaN,NaN,NaN,NaN,NaN,NaN,NaN
1578272400,0.625,0.6275,0.6025,0.61,5175600,NaN,NaN,NaN,NaN,NaN,NaN,NaN
1578358800,0.6125,0.625,0.61,0.6125,3322800,NaN,NaN,NaN,NaN,NaN,NaN,NaN
1578445200,0.605,0.605,0.5725,0.5975,21066400,NaN,NaN,NaN,NaN,NaN,NaN,NaN
1578531600,0.6125,0.6125,0.595,0.5975,6290800,NaN,NaN,NaN,NaN,NaN,NaN,NaN
1578618000,0.605,0.605,0.585,0.595,2198000,NaN,NaN,NaN,NaN,NaN,NaN,NaN
1578877200,0.5975,0.6075,0.5975,0.6025,2914800,NaN,NaN,NaN,NaN,NaN,NaN,NaN
1578963600,0.6025,0.6175,0.5975,0.6075,5810800,NaN,NaN,NaN,NaN,NaN,NaN,NaN
1579050000,0.6125,0.6125,0.5975,0.6,2702800,NaN,NaN,NaN,NaN,NaN,NaN,NaN
1579136400,0.605,0.635,0.6,0.635,17961200,NaN,NaN,NaN,NaN,NaN,NaN,NaN
1579222800,0.64,0.655,0.625,0.6275,27252400,NaN,NaN,NaN,NaN,NaN,NaN,NaN
1579482000,0.63,0.64,0.6225,0.6375,7477600,NaN,NaN,NaN,NaN,NaN,NaN,NaN
1579568400,0.64,0.655,0.6325,0.6475,8481200,NaN,NaN,NaN,NaN,NaN,NaN,NaN
1579654800,0.655,0.68,0.655,0.6575,13365600,NaN,NaN,NaN,NaN,NaN,NaN,NaN
1579741200,0.6575,0.695,0.6575,0.695,10910000,NaN,NaN,NaN,NaN,NaN,NaN,NaN
1579827600,0.695,0.7275,0.695,0.71,10446400,NaN,NaN,NaN,NaN,NaN,NaN,NaN
1580173200,0.6975,0.705,0.6825,0.6825,10661600,NaN,NaN,NaN,NaN,NaN,NaN,NaN
1580259600,0.69,0.7,0.685,0.695,5733200,NaN,NaN,NaN,NaN,NaN,NaN,NaN
1580346000,0.7,0.7,0.67,0.67,11723200,NaN,NaN,NaN,NaN,NaN,NaN,NaN
1580432400,0.6725,0.6825,0.6275,0.6325,13742000,NaN,NaN,NaN,NaN,NaN,NaN,NaN
1580691600,0.6225,0.66,0.5775,0.645,18893600,NaN,NaN,NaN,NaN,NaN,NaN,NaN
1580778000,0.6625,0.68,0.65,0.65,11355600,NaN,NaN,NaN,NaN,NaN,NaN,NaN
1580864400,0.665,0.6775,0.6625,0.675,8382400,NaN,NaN,NaN,NaN,NaN,NaN,NaN
1580950800,0.6825,0.7225,0.6825,0.7175,20968400,NaN,NaN,NaN,NaN,NaN,NaN,NaN
1581037200,0.72,0.745,0.72,0.7375,11601600,NaN,NaN,NaN,NaN,NaN,NaN,NaN
1581296400,0.73,0.7625,0.715,0.7425,17356800,NaN,NaN,NaN,NaN,NaN,NaN,NaN
1581382800,0.745,0.7725,0.745,0.77,11039200,NaN,NaN,NaN,NaN,NaN,NaN,NaN
1581469200,0.7725,0.8375,0.7725,0.83,21904000,NaN,NaN,NaN,NaN,NaN,NaN,NaN
1581555600,0.8375,0.86,0.825,0.835,17900400,NaN,NaN,NaN,NaN,NaN,NaN,NaN
1581642000,0.83,0.86,0.81,0.86,15084000,NaN,NaN,NaN,NaN,NaN,NaN,NaN
1581901200,0.86,0.8725,0.84,0.8425,9783200,NaN,NaN,NaN,NaN,NaN,NaN,NaN
1581987600,0.8425,0.8425,0.8075,0.815,11817600,NaN,NaN,NaN,NaN,NaN,NaN,NaN
1582074000,0.815,0.8375,0.815,0.8225,7518000,NaN,NaN,NaN,NaN,NaN,NaN,NaN
1582160400,0.825,0.8325,0.8025,0.8225,6309600,NaN,NaN,NaN,NaN,NaN,NaN,NaN
1582246800,0.8225,0.8675,0.8075,0.855,14450800,NaN,NaN,NaN,NaN,NaN,NaN,NaN
1582506000,0.8,0.845,0.7875,0.83,14296400,NaN,NaN,NaN,NaN,NaN,NaN,NaN
1582592400,0.82,0.9525,0.8,0.9475,25117200,NaN,NaN,NaN,NaN,NaN,NaN,NaN
1582678800,0.945,0.97,0.895,0.92,25829600,NaN,NaN,NaN,NaN,NaN,NaN,NaN
1582765200,0.92,0.92,0.8375,0.8525,23118800,NaN,NaN,NaN,NaN,NaN,NaN,NaN
1582851600,0.825,0.8375,0.765,0.8075,35858800,NaN,NaN,NaN,NaN,NaN,NaN,NaN
1583110800,0.8075,0.85,0.7775,0.8475,21384400,NaN,NaN,NaN,NaN,NaN,NaN,NaN
1583197200,0.8775,0.905,0.8475,0.8625,14296000,NaN,NaN,NaN,NaN,NaN,NaN,NaN
1583283600,0.8475,0.88,0.835,0.8575,8400000,NaN,NaN,NaN,NaN,NaN,NaN,NaN
1583370000,0.8675,0.88,0.8575,0.865,5355600,NaN,NaN,NaN,NaN,NaN,NaN,NaN
1583456400,0.8575,0.87,0.8325,0.8425,4966000,NaN,NaN,NaN,NaN,NaN,NaN,NaN
1583715600,0.8125,0.8125,0.6325,0.7025,26252400,NaN,NaN,NaN,NaN,NaN,NaN,NaN
1583802000,0.6625,0.7625,0.655,0.75,20229600,NaN,NaN,NaN,NaN,NaN,NaN,NaN
1583888400,0.7675,0.7825,0.7175,0.72,12222400,NaN,NaN,NaN,NaN,NaN,NaN,NaN
1583974800,0.7,0.7,0.6175,0.6175,34460000,NaN,NaN,NaN,NaN,NaN,NaN,NaN
1584061200,0.5475,0.62,0.535,0.6,28271200,NaN,NaN,NaN,NaN,NaN,NaN,NaN
1584320400,0.55,0.58,0.48,0.485,20674400,NaN,NaN,NaN,NaN,NaN,NaN,NaN
1584406800,0.4325,0.52,0.415,0.5,24421200,NaN,NaN,NaN,NaN,NaN,NaN,NaN
1584493200,0.5,0.525,0.4375,0.4375,11352800,NaN,NaN,NaN,NaN,NaN,NaN,NaN
1584579600,0.4375,0.46,0.335,0.345,34264000,NaN,NaN,NaN,NaN,NaN,NaN,NaN
1584666000,0.3575,0.4175,0.3525,0.415,66712800,NaN,NaN,NaN,NaN,NaN,NaN,NaN
1584925200,0.355,0.4,0.3475,0.3525,29618800,NaN,NaN,NaN,NaN,NaN,NaN,NaN
1585011600,0.3825,0.41,0.3775,0.4025,26063600,NaN,NaN,NaN,NaN,NaN,NaN,NaN
1585098000,0.4425,0.475,0.385,0.445,45841600,NaN,NaN,NaN,NaN,NaN,NaN,NaN
1585184400,0.455,0.4675,0.4275,0.45,22976400,NaN,NaN,NaN,NaN,NaN,NaN,NaN
1585270800,0.475,0.49,0.465,0.475,30454400,NaN,NaN,NaN,NaN,NaN,NaN,NaN
1585530000,0.475,0.52,0.4625,0.5175,24321200,NaN,NaN,NaN,NaN,NaN,NaN,NaN
1585616400,0.55,0.6225,0.5425,0.5875,30898000,2504000000,373133000,158437000,12518000,52738000,214070000,0
1585702800,0.5825,0.6175,0.555,0.56,32578800,NaN,NaN,NaN,NaN,NaN,NaN,NaN
1585789200,0.555,0.585,0.5525,0.575,15506000,NaN,NaN,NaN,NaN,NaN,NaN,NaN
1585875600,0.585,0.5875,0.55,0.5525,15549600,NaN,NaN,NaN,NaN,NaN,NaN,NaN
1586134800,0.575,0.58,0.5525,0.57,11723200,NaN,NaN,NaN,NaN,NaN,NaN,NaN
1586221200,0.5925,0.6125,0.5775,0.595,37633600,NaN,NaN,NaN,NaN,NaN,NaN,NaN
1586307600,0.58,0.6025,0.5725,0.5725,15868400,NaN,NaN,NaN,NaN,NaN,NaN,NaN
1586394000,0.5925,0.5975,0.585,0.5875,8384800,NaN,NaN,NaN,NaN,NaN,NaN,NaN
1586480400,0.5925,0.5925,0.5625,0.57,6642000,NaN,NaN,NaN,NaN,NaN,NaN,NaN
1586739600,0.5725,0.585,0.5625,0.57,10961200,NaN,NaN,NaN,NaN,NaN,NaN,NaN
1586826000,0.585,0.63,0.58,0.625,30443600,NaN,NaN,NaN,NaN,NaN,NaN,NaN
1586912400,0.645,0.6775,0.63,0.645,19822400,NaN,NaN,NaN,NaN,NaN,NaN,NaN
1586998800,0.645,0.6625,0.6375,0.6525,13762800,NaN,NaN,NaN,NaN,NaN,NaN,NaN
1587085200,0.675,0.69,0.665,0.6775,21590000,NaN,NaN,NaN,NaN,NaN,NaN,NaN
1587344400,0.6875,0.705,0.68,0.6875,17049200,NaN,NaN,NaN,NaN,NaN,NaN,NaN
1587430800,0.675,0.7,0.65,0.67,12316800,NaN,NaN,NaN,NaN,NaN,NaN,NaN
1587517200,0.66,0.6925,0.6525,0.69,9416000,NaN,NaN,NaN,NaN,NaN,NaN,NaN
1587603600,0.695,0.7,0.6825,0.6875,7587600,NaN,NaN,NaN,NaN,NaN,NaN,NaN
1587690000,0.6875,0.6925,0.675,0.68,3953600,NaN,NaN,NaN,NaN,NaN,NaN,NaN
1587949200,0.675,0.7,0.67,0.695,10057600,NaN,NaN,NaN,NaN,NaN,NaN,NaN
1588035600,0.6975,0.7,0.675,0.6825,3678000,NaN,NaN,NaN,NaN,NaN,NaN,NaN
1588122000,0.685,0.7225,0.68,0.7125,18947600,NaN,NaN,NaN,NaN,NaN,NaN,NaN
1588208400,0.7275,0.7325,0.71,0.715,13363600,NaN,NaN,NaN,NaN,NaN,NaN,NaN
1588554000,0.7,0.7125,0.6875,0.7025,6930000,NaN,NaN,NaN,NaN,NaN,NaN,NaN
1588640400,0.7075,0.7175,0.7025,0.7075,6002800,NaN,NaN,NaN,NaN,NaN,NaN,NaN
1588726800,0.715,0.7275,0.7025,0.7125,8010000,NaN,NaN,NaN,NaN,NaN,NaN,NaN
1588899600,0.72,0.7275,0.7075,0.7125,9000400,NaN,NaN,NaN,NaN,NaN,NaN,NaN
1589245200,0.72,0.725,0.7075,0.7225,5016000,NaN,NaN,NaN,NaN,NaN,NaN,NaN
1589331600,0.72,0.72,0.705,0.7125,4838800,NaN,NaN,NaN,NaN,NaN,NaN,NaN
1589418000,0.71,0.7125,0.68,0.695,5390400,NaN,NaN,NaN,NaN,NaN,NaN,NaN
1589504400,0.6975,0.7125,0.685,0.6925,3146000,NaN,NaN,NaN,NaN,NaN,NaN,NaN
1589763600,0.6925,0.6925,0.6725,0.68,5747200,NaN,NaN,NaN,NaN,NaN,NaN,NaN
1589850000,0.69,0.715,0.675,0.7125,9102800,NaN,NaN,NaN,NaN,NaN,NaN,NaN
1589936400,0.715,0.7725,0.7125,0.7575,18398000,NaN,NaN,NaN,NaN,NaN,NaN,NaN
1590022800,0.7625,0.77,0.73,0.735,9556800,NaN,NaN,NaN,NaN,NaN,NaN,NaN
1590109200,0.7325,0.75,0.71,0.725,5867200,NaN,NaN,NaN,NaN,NaN,NaN,NaN
1590541200,0.7375,0.75,0.7275,0.74,6227600,NaN,NaN,NaN,NaN,NaN,NaN,NaN
1590627600,0.75,0.7875,0.73,0.785,10244000,NaN,NaN,NaN,NaN,NaN,NaN,NaN
1590714000,0.795,0.8325,0.78,0.8175,13564400,NaN,NaN,NaN,NaN,NaN,NaN,NaN
1590973200,0.8375,0.8575,0.83,0.8375,15058000,NaN,NaN,NaN,NaN,NaN,NaN,NaN
1591059600,0.8375,0.8375,0.8125,0.82,6160800,NaN,NaN,NaN,NaN,NaN,NaN,NaN
1591146000,0.82,0.8675,0.815,0.85,14892800,NaN,NaN,NaN,NaN,NaN,NaN,NaN
1591232400,0.85,0.8575,0.8275,0.845,6170800,NaN,NaN,NaN,NaN,NaN,NaN,NaN
1591318800,0.8375,0.8725,0.8225,0.8375,8563600,NaN,NaN,NaN,NaN,NaN,NaN,NaN
1591664400,0.845,0.875,0.835,0.84,7928800,NaN,NaN,NaN,NaN,NaN,NaN,NaN
1591750800,0.85,0.935,0.85,0.93,20141600,NaN,NaN,NaN,NaN,NaN,NaN,NaN
1591837200,0.9175,0.96,0.8975,0.925,22244000,NaN,NaN,NaN,NaN,NaN,NaN,NaN
1591923600,0.8725,0.9125,0.8625,0.905,20619600,NaN,NaN,NaN,NaN,NaN,NaN,NaN
1592182800,0.9075,0.9175,0.85,0.87,15965600,NaN,NaN,NaN,NaN,NaN,NaN,NaN
1592269200,0.9125,0.95,0.9025,0.95,18204400,NaN,NaN,NaN,NaN,NaN,NaN,NaN
1592355600,0.965,1,0.9525,0.995,23700400,NaN,NaN,NaN,NaN,NaN,NaN,NaN
1592442000,0.99,0.9975,0.965,0.9925,5563600,NaN,NaN,NaN,NaN,NaN,NaN,NaN
1592528400,0.99,1.0125,0.98,1.0125,15330000,NaN,NaN,NaN,NaN,NaN,NaN,NaN
1592787600,0.9975,1.01,0.975,0.98,5375200,NaN,NaN,NaN,NaN,NaN,NaN,NaN
1592874000,0.99,1,0.9625,0.98,4469600,NaN,NaN,NaN,NaN,NaN,NaN,NaN
1592960400,0.9875,1.0075,0.98,0.9875,8584800,NaN,NaN,NaN,NaN,NaN,NaN,NaN
1593046800,0.975,0.9875,0.945,0.955,11897600,NaN,NaN,NaN,NaN,NaN,NaN,NaN
1593133200,0.965,0.98,0.955,0.9575,6455200,NaN,NaN,NaN,NaN,NaN,NaN,NaN
1593392400,0.955,0.97,0.9425,0.965,4270000,NaN,NaN,NaN,NaN,NaN,NaN,NaN
1593478800,0.97,0.9775,0.96,0.9675,3703600,2504000000,361780000,129489000,14598000,56222000,231699000,0
1593565200,0.975,1.01,0.965,1.01,15134400,NaN,NaN,NaN,NaN,NaN,NaN,NaN
1593651600,1.03,1.075,1.0175,1.07,17956000,NaN,NaN,NaN,NaN,NaN,NaN,NaN
1593738000,1.0725,1.16,1.0525,1.14,14844400,NaN,NaN,NaN,NaN,NaN,NaN,NaN
1593997200,1.1425,1.225,1.1375,1.205,9113200,NaN,NaN,NaN,NaN,NaN,NaN,NaN
1594083600,1.2475,1.2475,1.1825,1.19,6726400,NaN,NaN,NaN,NaN,NaN,NaN,NaN
1594170000,1.1875,1.215,1.1775,1.1975,3784000,NaN,NaN,NaN,NaN,NaN,NaN,NaN
1594256400,1.2025,1.2325,1.1875,1.1925,7443200,NaN,NaN,NaN,NaN,NaN,NaN,NaN
1594342800,1.195,1.205,1.1675,1.1675,5928800,NaN,NaN,NaN,NaN,NaN,NaN,NaN
1594602000,1.1675,1.205,1.15,1.2,4849600,NaN,NaN,NaN,NaN,NaN,NaN,NaN
1594688400,1.195,1.1975,1.145,1.1625,7067200,NaN,NaN,NaN,NaN,NaN,NaN,NaN
1594774800,1.1875,1.195,1.165,1.17,3748400,NaN,NaN,NaN,NaN,NaN,NaN,NaN
1594861200,1.1725,1.205,1.125,1.14,6359600,NaN,NaN,NaN,NaN,NaN,NaN,NaN
1594947600,1.14,1.18,1.125,1.1625,5482000,NaN,NaN,NaN,NaN,NaN,NaN,NaN
1595206800,1.165,1.185,1.1325,1.1475,4966000,NaN,NaN,NaN,NaN,NaN,NaN,NaN
1595293200,1.1575,1.3525,1.1575,1.345,30538800,NaN,NaN,NaN,NaN,NaN,NaN,NaN
1595379600,1.325,1.4475,1.3125,1.4,18959200,NaN,NaN,NaN,NaN,NaN,NaN,NaN
1595466000,1.4225,1.4425,1.33,1.3475,16746000,NaN,NaN,NaN,NaN,NaN,NaN,NaN
1595552400,1.335,1.395,1.305,1.345,8661200,NaN,NaN,NaN,NaN,NaN,NaN,NaN
1595811600,1.345,1.3675,1.25,1.355,13950800,NaN,NaN,NaN,NaN,NaN,NaN,NaN
1595898000,1.375,1.385,1.3525,1.38,6405200,NaN,NaN,NaN,NaN,NaN,NaN,NaN
1595984400,1.38,1.385,1.3475,1.355,4589600,NaN,NaN,NaN,NaN,NaN,NaN,NaN
1596070800,1.3575,1.3675,1.3325,1.35,3789600,NaN,NaN,NaN,NaN,NaN,NaN,NaN
1596416400,1.375,1.52,1.375,1.4125,13129600,NaN,NaN,NaN,NaN,NaN,NaN,NaN
1596502800,1.46,1.47,1.375,1.3975,4252000,NaN,NaN,NaN,NaN,NaN,NaN,NaN
1596589200,1.4075,1.465,1.39,1.45,6281600,NaN,NaN,NaN,NaN,NaN,NaN,NaN
1596675600,1.4875,1.4875,1.43,1.445,5022800,NaN,NaN,NaN,NaN,NaN,NaN,NaN
1596762000,1.445,1.445,1.4,1.4025,4718800,NaN,NaN,NaN,NaN,NaN,NaN,NaN
1597021200,1.4,1.525,1.3875,1.525,14871600,NaN,NaN,NaN,NaN,NaN,NaN,NaN
1597107600,1.53,1.575,1.455,1.5225,13804800,NaN,NaN,NaN,NaN,NaN,NaN,NaN
1597194000,1.5,1.61,1.405,1.5975,17260800,NaN,NaN,NaN,NaN,NaN,NaN,NaN
1597280400,1.625,1.655,1.5875,1.595,7201200,NaN,NaN,NaN,NaN,NaN,NaN,NaN
1597366800,1.565,1.58,1.5275,1.5525,7904800,NaN,NaN,NaN,NaN,NaN,NaN,NaN
1597626000,1.5525,1.555,1.5,1.5275,6074400,NaN,NaN,NaN,NaN,NaN,NaN,NaN
1597712400,1.535,1.6,1.5275,1.5625,4644800,NaN,NaN,NaN,NaN,NaN,NaN,NaN
1597798800,1.575,1.64,1.57,1.5775,4883600,NaN,NaN,NaN,NaN,NaN,NaN,NaN
1597971600,1.575,1.625,1.565,1.59,3470800,NaN,NaN,NaN,NaN,NaN,NaN,NaN
1598230800,1.6025,1.62,1.5625,1.5775,3512800,NaN,NaN,NaN,NaN,NaN,NaN,NaN
1598317200,1.585,1.7225,1.585,1.645,13220800,NaN,NaN,NaN,NaN,NaN,NaN,NaN
1598403600,1.6575,1.6875,1.645,1.6675,2671600,NaN,NaN,NaN,NaN,NaN,NaN,NaN
1598490000,1.6675,1.735,1.665,1.6975,3629200,NaN,NaN,NaN,NaN,NaN,NaN,NaN
1598576400,1.7,1.71,1.665,1.6875,1918000,NaN,NaN,NaN,NaN,NaN,NaN,NaN
1598922000,1.705,1.77,1.695,1.7175,5174800,NaN,NaN,NaN,NaN,NaN,NaN,NaN
1599008400,1.7275,1.8025,1.7275,1.76,6359600,NaN,NaN,NaN,NaN,NaN,NaN,NaN
1599094800,1.77,1.7775,1.715,1.725,5290400,NaN,NaN,NaN,NaN,NaN,NaN,NaN
1599181200,1.675,1.7375,1.6425,1.705,4554400,NaN,NaN,NaN,NaN,NaN,NaN,NaN
1599440400,1.705,1.73,1.635,1.6375,4941200,NaN,NaN,NaN,NaN,NaN,NaN,NaN
1599526800,1.635,1.66,1.4975,1.575,15298000,NaN,NaN,NaN,NaN,NaN,NaN,NaN
1599613200,1.55,1.5875,1.4775,1.5375,13282800,NaN,NaN,NaN,NaN,NaN,NaN,NaN
1599699600,1.5725,1.5825,1.45,1.4525,7548400,NaN,NaN,NaN,NaN,NaN,NaN,NaN
1599786000,1.45,1.5175,1.4075,1.5,12828800,NaN,NaN,NaN,NaN,NaN,NaN,NaN
1600045200,1.525,1.6,1.5,1.54,6274400,NaN,NaN,NaN,NaN,NaN,NaN,NaN
1600131600,1.55,1.5625,1.5225,1.5325,4065200,NaN,NaN,NaN,NaN,NaN,NaN,NaN
1600304400,1.5375,1.5375,1.495,1.495,2990800,NaN,NaN,NaN,NaN,NaN,NaN,NaN
1600390800,1.5,1.5375,1.495,1.5375,1874400,NaN,NaN,NaN,NaN,NaN,NaN,NaN
1600650000,1.525,1.53,1.4675,1.4675,4300000,NaN,NaN,NaN,NaN,NaN,NaN,NaN
1600736400,1.4575,1.5025,1.4575,1.48,4604800,NaN,NaN,NaN,NaN,NaN,NaN,NaN
1600822800,1.4875,1.515,1.4675,1.505,5908000,NaN,NaN,NaN,NaN,NaN,NaN,NaN
1600909200,1.4875,1.5125,1.475,1.5,2380400,NaN,NaN,NaN,NaN,NaN,NaN,NaN
1600995600,1.5,1.5825,1.5,1.575,6663600,NaN,NaN,NaN,NaN,NaN,NaN,NaN
1601254800,1.62,1.6375,1.5825,1.63,6141200,NaN,NaN,NaN,NaN,NaN,NaN,NaN
1601341200,1.64,1.69,1.6325,1.635,6230400,NaN,NaN,NaN,NaN,NaN,NaN,NaN
1601427600,1.635,1.7,1.5975,1.6975,4375200,2504000000,386540000,131061000,23934000,75820000,254921000,0
1601514000,1.705,1.745,1.705,1.73,3561600,NaN,NaN,NaN,NaN,NaN,NaN,NaN
1601600400,1.73,1.76,1.6625,1.67,11017600,NaN,NaN,NaN,NaN,NaN,NaN,NaN
1601859600,1.67,1.755,1.67,1.7375,5434000,NaN,NaN,NaN,NaN,NaN,NaN,NaN
1601946000,1.7575,1.7575,1.65,1.7175,4379200,NaN,NaN,NaN,NaN,NaN,NaN,NaN
1602032400,1.7225,1.725,1.6875,1.7075,1517600,NaN,NaN,NaN,NaN,NaN,NaN,NaN
1602118800,1.7125,1.755,1.69,1.695,3612800,NaN,NaN,NaN,NaN,NaN,NaN,NaN
1602205200,1.695,1.7125,1.6925,1.7,1199200,NaN,NaN,NaN,NaN,NaN,NaN,NaN
1602464400,1.7125,1.755,1.7,1.7475,4497200,NaN,NaN,NaN,NaN,NaN,NaN,NaN
1602550800,1.7525,1.8475,1.7525,1.7925,6832400,NaN,NaN,NaN,NaN,NaN,NaN,NaN
1602637200,1.7975,1.8525,1.7975,1.8425,3567200,NaN,NaN,NaN,NaN,NaN,NaN,NaN
1602723600,1.845,1.8475,1.8125,1.84,2311600,NaN,NaN,NaN,NaN,NaN,NaN,NaN
1602810000,1.83,1.875,1.83,1.8675,2696400,NaN,NaN,NaN,NaN,NaN,NaN,NaN
1603069200,1.89,1.9875,1.89,1.9825,4692800,NaN,NaN,NaN,NaN,NaN,NaN,NaN
1603155600,1.98,2.1075,1.9375,2.02,10329600,NaN,NaN,NaN,NaN,NaN,NaN,NaN
1603242000,2.0275,2.0475,1.9975,2.01,6649200,NaN,NaN,NaN,NaN,NaN,NaN,NaN
1603328400,2.0125,2.02,1.975,2.01,4020800,NaN,NaN,NaN,NaN,NaN,NaN,NaN
1603414800,2.0125,2.0375,1.9875,2.015,8009200,NaN,NaN,NaN,NaN,NaN,NaN,NaN
1603674000,2.02,2.0275,1.9275,1.9575,5387600,NaN,NaN,NaN,NaN,NaN,NaN,NaN
1603760400,1.955,1.9775,1.94,1.95,2978800,NaN,NaN,NaN,NaN,NaN,NaN,NaN
1603846800,1.955,2.0025,1.955,1.975,4307200,NaN,NaN,NaN,NaN,NaN,NaN,NaN
1604019600,1.975,1.995,1.905,1.915,3756000,NaN,NaN,NaN,NaN,NaN,NaN,NaN
1604278800,1.915,2.0075,1.82,2.005,7593600,NaN,NaN,NaN,NaN,NaN,NaN,NaN
1604365200,2.02,2.0225,1.95,1.9625,3200400,NaN,NaN,NaN,NaN,NaN,NaN,NaN
1604451600,1.975,2,1.955,1.9625,3786000,NaN,NaN,NaN,NaN,NaN,NaN,NaN
1604538000,1.98,2.185,1.98,2.1675,14730400,NaN,NaN,NaN,NaN,NaN,NaN,NaN
1604624400,2.1725,2.1725,2.08,2.1125,6623600,NaN,NaN,NaN,NaN,NaN,NaN,NaN
1604883600,2.145,2.21,2.12,2.17,4420400,NaN,NaN,NaN,NaN,NaN,NaN,NaN
1604970000,2.1625,2.19,2.1225,2.15,2646000,NaN,NaN,NaN,NaN,NaN,NaN,NaN
1605056400,2.145,2.1875,2.095,2.15,2373200,NaN,NaN,NaN,NaN,NaN,NaN,NaN
1605142800,2.1675,2.285,2.1675,2.25,5925200,NaN,NaN,NaN,NaN,NaN,NaN,NaN
1605229200,2.275,2.325,2.26,2.2825,3914400,NaN,NaN,NaN,NaN,NaN,NaN,NaN
1605488400,2.2875,2.3075,2.2575,2.2725,3984000,NaN,NaN,NaN,NaN,NaN,NaN,NaN
1605574800,2.2925,2.2925,2.1775,2.2575,8140800,NaN,NaN,NaN,NaN,NaN,NaN,NaN
1605661200,2.25,2.285,2.225,2.275,3140000,NaN,NaN,NaN,NaN,NaN,NaN,NaN
1605747600,2.275,2.275,2.245,2.265,3554400,NaN,NaN,NaN,NaN,NaN,NaN,NaN
1605834000,2.27,2.28,2.25,2.275,2510000,NaN,NaN,NaN,NaN,NaN,NaN,NaN
1606093200,2.275,2.2875,2.2275,2.235,3027600,NaN,NaN,NaN,NaN,NaN,NaN,NaN
1606179600,2.2325,2.2475,2.16,2.18,5902800,NaN,NaN,NaN,NaN,NaN,NaN,NaN
1606266000,2.19,2.2075,2.07,2.115,7142400,NaN,NaN,NaN,NaN,NaN,NaN,NaN
1606352400,2.12,2.165,2.09,2.15,4678400,NaN,NaN,NaN,NaN,NaN,NaN,NaN
1606438800,2.1625,2.27,2.1375,2.2525,8284400,NaN,NaN,NaN,NaN,NaN,NaN,NaN
1606698000,2.2725,2.28,2.215,2.25,13386800,NaN,NaN,NaN,NaN,NaN,NaN,NaN
1606784400,2.25,2.265,2.185,2.2,5742000,NaN,NaN,NaN,NaN,NaN,NaN,NaN
1606870800,2.2025,2.2025,2.165,2.17,7130800,NaN,NaN,NaN,NaN,NaN,NaN,NaN
1606957200,2.175,2.1875,2.125,2.1425,8288000,NaN,NaN,NaN,NaN,NaN,NaN,NaN
1607043600,2.145,2.15,2.075,2.075,8606800,NaN,NaN,NaN,NaN,NaN,NaN,NaN
1607302800,2.1,2.17,2.1,2.125,5613600,NaN,NaN,NaN,NaN,NaN,NaN,NaN
1607389200,2.12,2.1625,2.11,2.1125,3075600,NaN,NaN,NaN,NaN,NaN,NaN,NaN
1607475600,2.145,2.23,2.1275,2.19,10352000,NaN,NaN,NaN,NaN,NaN,NaN,NaN
1607562000,2.185,2.21,2.15,2.1725,2297200,NaN,NaN,NaN,NaN,NaN,NaN,NaN
1607648400,2.1725,2.2,2.125,2.13000025,3842000,NaN,NaN,NaN,NaN,NaN,NaN,NaN
1607907600,2.13000025,2.1375,2.0225,2.025,10996400,NaN,NaN,NaN,NaN,NaN,NaN,NaN
1607994000,2.02,2.095,1.9825,2.065,5609600,NaN,NaN,NaN,NaN,NaN,NaN,NaN
1608080400,2.1025,2.1325,2.0875,2.095,3056400,NaN,NaN,NaN,NaN,NaN,NaN,NaN
1608166800,2.1175,2.1175,2.0625,2.0725,2341200,NaN,NaN,NaN,NaN,NaN,NaN,NaN
1608253200,2.0725,2.0975,2.0525,2.0825,1879200,NaN,NaN,NaN,NaN,NaN,NaN,NaN
1608512400,2.09,2.0975,2.05,2.07,4630400,NaN,NaN,NaN,NaN,NaN,NaN,NaN
1608598800,2.0875,2.17,2.0725,2.17,8636000,NaN,NaN,NaN,NaN,NaN,NaN,NaN
1608685200,2.2,2.31750025,2.1825,2.3,13654400,NaN,NaN,NaN,NaN,NaN,NaN,NaN
1608771600,2.3125,2.3625,2.3125,2.33,5356000,NaN,NaN,NaN,NaN,NaN,NaN,NaN
1609117200,2.3625,2.4475,2.25,2.325,7729600,NaN,NaN,NaN,NaN,NaN,NaN,NaN
1609203600,2.3375,2.3625,2.23,2.2575,5818800,NaN,NaN,NaN,NaN,NaN,NaN,NaN
1609290000,2.2575,2.3475,2.25,2.265,4602800,NaN,NaN,NaN,NaN,NaN,NaN,NaN
1609376400,2.28,2.305,2.2575,2.275,3237600,2504000000,454847542,167575853,30941000,76347000,286745538,0
1609722000,2.275,2.35,2.245,2.35,4876000,NaN,NaN,NaN,NaN,NaN,NaN,NaN
1609808400,2.35,2.43,2.345,2.425,9406800,NaN,NaN,NaN,NaN,NaN,NaN,NaN
1609894800,2.43,2.475,2.335,2.365,10870800,NaN,NaN,NaN,NaN,NaN,NaN,NaN
1609981200,2.4,2.445,2.365,2.425,9051800,NaN,NaN,NaN,NaN,NaN,NaN,NaN
1610067600,2.44,2.45,2.35,2.4,7041000,NaN,NaN,NaN,NaN,NaN,NaN,NaN
1610326800,2.35,2.385,2.2,2.375,5400200,NaN,NaN,NaN,NaN,NaN,NaN,NaN
1610413200,2.375,2.49,2.335,2.485,9299800,NaN,NaN,NaN,NaN,NaN,NaN,NaN
1610499600,2.5,2.665,2.5,2.59,16852400,NaN,NaN,NaN,NaN,NaN,NaN,NaN
1610586000,2.615,2.84,2.575,2.83,18512600,NaN,NaN,NaN,NaN,NaN,NaN,NaN
1610672400,2.865,3.01,2.84,2.855,23890800,NaN,NaN,NaN,NaN,NaN,NaN,NaN
1610931600,2.86,2.99,2.78,2.925,15123400,NaN,NaN,NaN,NaN,NaN,NaN,NaN
1611018000,2.935,2.97,2.86,2.875,10364000,NaN,NaN,NaN,NaN,NaN,NaN,NaN
1611104400,2.87,2.925,2.825,2.845,14037800,NaN,NaN,NaN,NaN,NaN,NaN,NaN
1611190800,2.85,2.895,2.71,2.75,13008400,NaN,NaN,NaN,NaN,NaN,NaN,NaN
1611277200,2.75,2.865,2.725,2.8,10569200,NaN,NaN,NaN,NaN,NaN,NaN,NaN
1611536400,2.8,2.825,2.675,2.74,7871800,NaN,NaN,NaN,NaN,NaN,NaN,NaN
1611622800,2.775,2.9,2.76,2.88,9953800,NaN,NaN,NaN,NaN,NaN,NaN,NaN
1611709200,2.9,2.99,2.9,2.925,11025600,NaN,NaN,NaN,NaN,NaN,NaN,NaN
1611882000,2.9,2.915,2.785,2.81,8123000,NaN,NaN,NaN,NaN,NaN,NaN,NaN
1612227600,2.8,2.89,2.74,2.85,8570000,NaN,NaN,NaN,NaN,NaN,NaN,NaN
1612314000,2.925,3.375,2.925,3.125,28690400,NaN,NaN,NaN,NaN,NaN,NaN,NaN
1612400400,3.165,3.255,3.11,3.13,12793600,NaN,NaN,NaN,NaN,NaN,NaN,NaN
1612486800,3.175,3.21,3.125,3.13,4497400,NaN,NaN,NaN,NaN,NaN,NaN,NaN
1612746000,3.15,3.27,3.13,3.19,7060600,NaN,NaN,NaN,NaN,NaN,NaN,NaN
1612832400,3.19,3.205,3.1,3.115,4202800,NaN,NaN,NaN,NaN,NaN,NaN,NaN
1612918800,3.115,3.135,3.055,3.1,4783400,NaN,NaN,NaN,NaN,NaN,NaN,NaN
1613005200,3.105,3.195,3.105,3.175,3239400,NaN,NaN,NaN,NaN,NaN,NaN,NaN
1613350800,3.205,3.27,3.17,3.2,7824400,NaN,NaN,NaN,NaN,NaN,NaN,NaN
1613437200,3.205,3.22,3.125,3.145,3364800,NaN,NaN,NaN,NaN,NaN,NaN,NaN
1613523600,3.15,3.175,3.1,3.125,3257400,NaN,NaN,NaN,NaN,NaN,NaN,NaN
1613610000,3.125,3.125,2.975,3.03,10830000,NaN,NaN,NaN,NaN,NaN,NaN,NaN
1613696400,3.13,3.205,3.065,3.11,7337400,NaN,NaN,NaN,NaN,NaN,NaN,NaN
1613955600,3.175,3.195,3.12,3.12,8144000,NaN,NaN,NaN,NaN,NaN,NaN,NaN
1614042000,3.12,3.15,3.03,3.08,2885000,NaN,NaN,NaN,NaN,NaN,NaN,NaN
1614128400,3.08,3.11,2.98,2.995,7428200,NaN,NaN,NaN,NaN,NaN,NaN,NaN
1614214800,3.06,3.17,3.005,3.15,6110000,NaN,NaN,NaN,NaN,NaN,NaN,NaN
1614301200,3,3.12,2.995,3.05,6581200,NaN,NaN,NaN,NaN,NaN,NaN,NaN
1614560400,3.06,3.075,3,3.02,4045800,NaN,NaN,NaN,NaN,NaN,NaN,NaN
1614646800,3.075,3.08,2.995,3,3646000,NaN,NaN,NaN,NaN,NaN,NaN,NaN
1614733200,3.025,3.025,2.86,2.885,11102800,NaN,NaN,NaN,NaN,NaN,NaN,NaN
1614819600,2.85,2.89,2.755,2.82,13666000,NaN,NaN,NaN,NaN,NaN,NaN,NaN
1614906000,2.755,2.89,2.74,2.84,10214800,NaN,NaN,NaN,NaN,NaN,NaN,NaN
1615165200,2.875,2.885,2.8,2.8,18224600,NaN,NaN,NaN,NaN,NaN,NaN,NaN
1615251600,2.75,2.82,2.58,2.63,33188600,NaN,NaN,NaN,NaN,NaN,NaN,NaN
1615338000,2.75,2.8,2.675,2.69,8995800,NaN,NaN,NaN,NaN,NaN,NaN,NaN
1615424400,2.715,2.765,2.65,2.735,4546000,NaN,NaN,NaN,NaN,NaN,NaN,NaN
1615510800,2.785,2.89,2.78,2.815,6793800,NaN,NaN,NaN,NaN,NaN,NaN,NaN
1615770000,2.695,2.715,2.45,2.485,37734000,NaN,NaN,NaN,NaN,NaN,NaN,NaN
1615856400,2.49,2.57,2.36,2.535,23097400,NaN,NaN,NaN,NaN,NaN,NaN,NaN
1615942800,2.55,2.55,2.465,2.475,10630000,NaN,NaN,NaN,NaN,NaN,NaN,NaN
1616029200,2.495,2.675,2.46,2.6,26144000,NaN,NaN,NaN,NaN,NaN,NaN,NaN
1616115600,2.535,2.63,2.505,2.605,9217000,NaN,NaN,NaN,NaN,NaN,NaN,NaN
1616374800,2.605,2.645,2.57,2.63,5814000,NaN,NaN,NaN,NaN,NaN,NaN,NaN
1616461200,2.645,2.67,2.6,2.65,5130000,NaN,NaN,NaN,NaN,NaN,NaN,NaN
1616547600,2.65,2.685,2.625,2.63,3321600,NaN,NaN,NaN,NaN,NaN,NaN,NaN
1616634000,2.615,2.625,2.56,2.625,4068400,NaN,NaN,NaN,NaN,NaN,NaN,NaN
1616720400,2.64,2.68,2.62,2.665,1985600,NaN,NaN,NaN,NaN,NaN,NaN,NaN
1616979600,2.665,2.72,2.66,2.71,1660200,NaN,NaN,NaN,NaN,NaN,NaN,NaN
1617066000,2.715,2.725,2.62,2.655,2874600,NaN,NaN,NaN,NaN,NaN,NaN,NaN
1617152400,2.63,2.68,2.63,2.66,2608800,2504000000,567362000,233508000,34739000,95142000,333362000,0
1617238800,2.675,2.71,2.65,2.71,4481400,NaN,NaN,NaN,NaN,NaN,NaN,NaN
1617325200,2.73,2.805,2.73,2.765,6977800,NaN,NaN,NaN,NaN,NaN,NaN,NaN
1617584400,2.795,2.845,2.79,2.835,3877000,NaN,NaN,NaN,NaN,NaN,NaN,NaN
1617670800,2.96,3.025,2.91,2.985,13916000,NaN,NaN,NaN,NaN,NaN,NaN,NaN
1617757200,3,3.035,2.93,3.025,8951200,NaN,NaN,NaN,NaN,NaN,NaN,NaN
1617843600,3.03,3.045,2.965,2.99,3175400,NaN,NaN,NaN,NaN,NaN,NaN,NaN
1617930000,3.02,3.02,3,3,2805200,NaN,NaN,NaN,NaN,NaN,NaN,NaN
1618189200,3.015,3.015,2.96,2.97,2191600,NaN,NaN,NaN,NaN,NaN,NaN,NaN
1618275600,2.985,2.985,2.875,2.89,4336000,NaN,NaN,NaN,NaN,NaN,NaN,NaN
1618362000,2.91,2.945,2.895,2.93,2798200,NaN,NaN,NaN,NaN,NaN,NaN,NaN
1618448400,2.925,2.93,2.85,2.9,5173800,NaN,NaN,NaN,NaN,NaN,NaN,NaN
1618534800,2.91,2.985,2.875,2.975,5139400,NaN,NaN,NaN,NaN,NaN,NaN,NaN
1618794000,2.99,3.09,2.975,3.06,6590600,NaN,NaN,NaN,NaN,NaN,NaN,NaN
1618880400,3.06,3.125,2.93,2.945,8929200,NaN,NaN,NaN,NaN,NaN,NaN,NaN
1618966800,2.91,2.97,2.89,2.965,2774800,NaN,NaN,NaN,NaN,NaN,NaN,NaN
1619053200,3.01,3.01,2.98,2.99,2650400,NaN,NaN,NaN,NaN,NaN,NaN,NaN
1619139600,2.975,3.055,2.93,3.015,3772000,NaN,NaN,NaN,NaN,NaN,NaN,NaN
1619398800,3.07,3.18,3.025,3.15,11728400,NaN,NaN,NaN,NaN,NaN,NaN,NaN
1619485200,3.17,3.175,3.03,3.09,16532000,NaN,NaN,NaN,NaN,NaN,NaN,NaN
1619571600,3.085,3.09,3.035,3.035,5981400,NaN,NaN,NaN,NaN,NaN,NaN,NaN
1619744400,3.04,3.06,2.985,3.005,5147600,NaN,NaN,NaN,NaN,NaN,NaN,NaN
1620003600,3,3,2.92,2.925,4935000,NaN,NaN,NaN,NaN,NaN,NaN,NaN
1620090000,2.92,2.92,2.865,2.865,4765800,NaN,NaN,NaN,NaN,NaN,NaN,NaN
1620176400,2.825,2.905,2.775,2.89,4619400,NaN,NaN,NaN,NaN,NaN,NaN,NaN
1620262800,2.895,2.9,2.8,2.805,4663400,NaN,NaN,NaN,NaN,NaN,NaN,NaN
1620349200,2.815,2.88,2.785,2.785,4562800,NaN,NaN,NaN,NaN,NaN,NaN,NaN
1620608400,2.79,2.835,2.78,2.79,6129200,NaN,NaN,NaN,NaN,NaN,NaN,NaN
1620694800,2.75,2.75,2.625,2.625,14954200,NaN,NaN,NaN,NaN,NaN,NaN,NaN
1620781200,2.6,2.675,2.595,2.6,4984400,NaN,NaN,NaN,NaN,NaN,NaN,NaN
1621213200,2.61,2.64,2.48,2.485,9192800,NaN,NaN,NaN,NaN,NaN,NaN,NaN
1621299600,2.485,2.64,2.48,2.615,7391800,NaN,NaN,NaN,NaN,NaN,NaN,NaN
1621386000,2.615,2.615,2.495,2.5,5207800,NaN,NaN,NaN,NaN,NaN,NaN,NaN
1621472400,2.51,2.585,2.51,2.535,5983400,NaN,NaN,NaN,NaN,NaN,NaN,NaN
1621558800,2.565,2.59,2.44,2.56,4150600,NaN,NaN,NaN,NaN,NaN,NaN,NaN
1621818000,2.58,2.715,2.575,2.71,5251200,NaN,NaN,NaN,NaN,NaN,NaN,NaN
1621904400,2.735,2.745,2.59,2.625,9231600,NaN,NaN,NaN,NaN,NaN,NaN,NaN
1622077200,2.645,2.74,2.575,2.74,10077000,NaN,NaN,NaN,NaN,NaN,NaN,NaN
1622163600,2.7,2.73,2.65,2.69,2222400,NaN,NaN,NaN,NaN,NaN,NaN,NaN
1622422800,2.6,2.71,2.58,2.69,2194800,NaN,NaN,NaN,NaN,NaN,NaN,NaN
1622509200,2.7,2.765,2.66,2.765,2188000,NaN,NaN,NaN,NaN,NaN,NaN,NaN
1622595600,2.765,2.865,2.74,2.865,4395200,NaN,NaN,NaN,NaN,NaN,NaN,NaN
1622682000,2.87,2.92,2.84,2.875,3656400,NaN,NaN,NaN,NaN,NaN,NaN,NaN
1622768400,2.82,2.87,2.82,2.85,3788400,NaN,NaN,NaN,NaN,NaN,NaN,NaN
1623114000,2.9,2.94,2.845,2.9,4382400,NaN,NaN,NaN,NaN,NaN,NaN,NaN
1623200400,2.86,2.86,2.585,2.695,47550600,NaN,NaN,NaN,NaN,NaN,NaN,NaN
1623286800,2.725,2.775,2.66,2.725,11294800,NaN,NaN,NaN,NaN,NaN,NaN,NaN
1623373200,2.725,2.735,2.69,2.72,2372000,NaN,NaN,NaN,NaN,NaN,NaN,NaN
1623632400,2.725,2.775,2.7,2.77,4707800,NaN,NaN,NaN,NaN,NaN,NaN,NaN
1623718800,2.7,2.825,2.69,2.79,6795600,NaN,NaN,NaN,NaN,NaN,NaN,NaN
1623805200,2.78,2.815,2.76,2.8,3451200,NaN,NaN,NaN,NaN,NaN,NaN,NaN
1623891600,2.795,2.84,2.78,2.805,1685600,NaN,NaN,NaN,NaN,NaN,NaN,NaN
1623978000,2.835,2.885,2.78,2.82,7257200,NaN,NaN,NaN,NaN,NaN,NaN,NaN
1624237200,2.77,2.815,2.735,2.815,8451400,NaN,NaN,NaN,NaN,NaN,NaN,NaN
1624323600,2.84,2.89,2.815,2.85,3420800,NaN,NaN,NaN,NaN,NaN,NaN,NaN
1624410000,2.85,2.885,2.83,2.84,1239200,NaN,NaN,NaN,NaN,NaN,NaN,NaN
1624496400,2.83,2.84,2.77,2.795,3021600,NaN,NaN,NaN,NaN,NaN,NaN,NaN
1624582800,2.8,2.825,2.75,2.75,2559600,NaN,NaN,NaN,NaN,NaN,NaN,NaN
1624842000,2.75,2.84,2.7,2.805,3895400,NaN,NaN,NaN,NaN,NaN,NaN,NaN
1624928400,2.825,2.925,2.825,2.85,7372000,NaN,NaN,NaN,NaN,NaN,NaN,NaN
1625014800,2.845,2.89,2.825,2.845,1769600,2504008000,588671000,214549000,36108000,136357000,373662000,0
1625101200,2.85,2.885,2.82,2.85,1301600,NaN,NaN,NaN,NaN,NaN,NaN,NaN
1625187600,2.85,2.975,2.8,2.8,9927400,NaN,NaN,NaN,NaN,NaN,NaN,NaN
1625446800,2.825,2.88,2.81,2.865,3343800,NaN,NaN,NaN,NaN,NaN,NaN,NaN
1625533200,2.88,2.905,2.85,2.875,2693600,NaN,NaN,NaN,NaN,NaN,NaN,NaN
1625619600,2.885,2.94,2.855,2.94,4319200,NaN,NaN,NaN,NaN,NaN,NaN,NaN
1625706000,2.9,2.985,2.885,2.925,9694200,NaN,NaN,NaN,NaN,NaN,NaN,NaN
1625792400,2.915,2.96,2.895,2.95,4373800,NaN,NaN,NaN,NaN,NaN,NaN,NaN
1626051600,2.965,2.99,2.89,2.9,3375000,NaN,NaN,NaN,NaN,NaN,NaN,NaN
1626138000,2.905,2.97,2.905,2.95,4189200,NaN,NaN,NaN,NaN,NaN,NaN,NaN
1626224400,2.95,3.11,2.94,3.105,15933800,NaN,NaN,NaN,NaN,NaN,NaN,NaN
1626310800,3.115,3.155,3.06,3.12,6831200,NaN,NaN,NaN,NaN,NaN,NaN,NaN
1626397200,3.115,3.16,3.04,3.095,3016800,NaN,NaN,NaN,NaN,NaN,NaN,NaN
1626656400,3.08,3.11,3.05,3.065,1706000,NaN,NaN,NaN,NaN,NaN,NaN,NaN
1626829200,3.065,3.08,2.985,3,4503000,NaN,NaN,NaN,NaN,NaN,NaN,NaN
1626915600,3,3.105,3,3.07,3319200,NaN,NaN,NaN,NaN,NaN,NaN,NaN
1627002000,3.095,3.2,3.095,3.2,7906200,NaN,NaN,NaN,NaN,NaN,NaN,NaN
1627261200,3.215,3.3,3.175,3.2,4463800,NaN,NaN,NaN,NaN,NaN,NaN,NaN
1627347600,3.235,3.25,3.11,3.135,3953800,NaN,NaN,NaN,NaN,NaN,NaN,NaN
1627434000,3.12,3.17,3.105,3.135,2758600,NaN,NaN,NaN,NaN,NaN,NaN,NaN
1627520400,3.15,3.23,3.105,3.14,3735000,NaN,NaN,NaN,NaN,NaN,NaN,NaN
1627606800,3.125,3.21,3.11,3.21,1756200,NaN,NaN,NaN,NaN,NaN,NaN,NaN
1627866000,3.21,3.33,3.21,3.315,7640800,NaN,NaN,NaN,NaN,NaN,NaN,NaN
1627952400,3.335,3.4,3.31,3.39,9141000,NaN,NaN,NaN,NaN,NaN,NaN,NaN
1628038800,3.375,3.49,3.365,3.45,7946200,NaN,NaN,NaN,NaN,NaN,NaN,NaN
1628125200,3.48,3.54,3.47,3.475,10529400,NaN,NaN,NaN,NaN,NaN,NaN,NaN
1628211600,3.475,3.51,3.41,3.425,9762200,NaN,NaN,NaN,NaN,NaN,NaN,NaN
1628470800,3.45,3.665,3.45,3.55,8807800,NaN,NaN,NaN,NaN,NaN,NaN,NaN
1628643600,3.58,3.64,3.46,3.525,7352800,NaN,NaN,NaN,NaN,NaN,NaN,NaN
1628730000,3.535,3.8,3.53,3.565,38104200,NaN,NaN,NaN,NaN,NaN,NaN,NaN
1628816400,3.585,3.62,3.46,3.575,8564600,NaN,NaN,NaN,NaN,NaN,NaN,NaN
1629075600,3.505,3.65,3.505,3.615,7727400,NaN,NaN,NaN,NaN,NaN,NaN,NaN
1629162000,3.63,3.77,3.625,3.7,9082800,NaN,NaN,NaN,NaN,NaN,NaN,NaN
1629248400,3.7,3.775,3.67,3.725,8341200,NaN,NaN,NaN,NaN,NaN,NaN,NaN
1629334800,3.725,3.76,3.55,3.555,10192800,NaN,NaN,NaN,NaN,NaN,NaN,NaN
1629421200,3.585,3.64,3.545,3.55,5692000,NaN,NaN,NaN,NaN,NaN,NaN,NaN
1629680400,3.575,3.615,3.5,3.525,5938600,NaN,NaN,NaN,NaN,NaN,NaN,NaN
1629766800,3.55,3.555,3.495,3.495,11138400,NaN,NaN,NaN,NaN,NaN,NaN,NaN
1629853200,3.495,3.525,3.445,3.455,7146400,NaN,NaN,NaN,NaN,NaN,NaN,NaN
1629939600,3.47,3.555,3.455,3.55,15365200,NaN,NaN,NaN,NaN,NaN,NaN,NaN
1630026000,3.595,3.6,3.48,3.545,7406200,NaN,NaN,NaN,NaN,NaN,NaN,NaN
1630285200,3.545,3.55,3.425,3.45,9269800,NaN,NaN,NaN,NaN,NaN,NaN,NaN
1630458000,3.46,3.47,3.4,3.4,5519600,NaN,NaN,NaN,NaN,NaN,NaN,NaN
1630544400,3.42,3.515,3.365,3.44,7029000,NaN,NaN,NaN,NaN,NaN,NaN,NaN
1630630800,3.475,3.49,3.415,3.42,3071400,NaN,NaN,NaN,NaN,NaN,NaN,NaN
1630890000,3.42,3.59,3.405,3.575,9901000,NaN,NaN,NaN,NaN,NaN,NaN,NaN
1630976400,3.58,3.63,3.485,3.49,6254400,NaN,NaN,NaN,NaN,NaN,NaN,NaN
1631062800,3.495,3.565,3.48,3.49,8792800,NaN,NaN,NaN,NaN,NaN,NaN,NaN
1631149200,3.49,3.51,3.445,3.47,4458800,NaN,NaN,NaN,NaN,NaN,NaN,NaN
1631235600,3.485,3.485,3.43,3.45,4833600,NaN,NaN,NaN,NaN,NaN,NaN,NaN
1631494800,3.445,3.465,3.39,3.405,6848600,NaN,NaN,NaN,NaN,NaN,NaN,NaN
1631581200,3.41,3.5,3.385,3.49,5900200,NaN,NaN,NaN,NaN,NaN,NaN,NaN
1631667600,3.495,3.5,3.44,3.45,3768400,NaN,NaN,NaN,NaN,NaN,NaN,NaN
1631840400,3.455,3.59,3.45,3.54,7808400,NaN,NaN,NaN,NaN,NaN,NaN,NaN
1632099600,3.53,3.565,3.465,3.49,2829200,NaN,NaN,NaN,NaN,NaN,NaN,NaN
1632186000,3.46,3.51,3.435,3.5,2194000,NaN,NaN,NaN,NaN,NaN,NaN,NaN
1632272400,3.48,3.63,3.475,3.575,6974800,NaN,NaN,NaN,NaN,NaN,NaN,NaN
1632358800,3.615,3.68,3.59,3.675,13573600,NaN,NaN,NaN,NaN,NaN,NaN,NaN
1632445200,3.705,3.755,3.655,3.75,8303400,NaN,NaN,NaN,NaN,NaN,NaN,NaN
1632704400,3.75,3.755,3.66,3.69,3699400,NaN,NaN,NaN,NaN,NaN,NaN,NaN
1632790800,3.69,3.695,3.535,3.55,7410600,NaN,NaN,NaN,NaN,NaN,NaN,NaN
1632877200,3.49,3.525,3.465,3.51,4732200,NaN,NaN,NaN,NaN,NaN,NaN,NaN
1632963600,3.51,3.565,3.47,3.555,6791400,2504110000,624352000,221015000,23470000,95334000,402910000,0
1633050000,3.525,3.545,3.475,3.475,3911200,NaN,NaN,NaN,NaN,NaN,NaN,NaN
1633309200,3.48,3.51,3.48,3.49,2606200,NaN,NaN,NaN,NaN,NaN,NaN,NaN
1633395600,3.475,3.48,3.44,3.475,2687400,NaN,NaN,NaN,NaN,NaN,NaN,NaN
1633482000,3.49,3.505,3.45,3.5,3850600,NaN,NaN,NaN,NaN,NaN,NaN,NaN
1633568400,3.52,3.56,3.515,3.535,4123000,NaN,NaN,NaN,NaN,NaN,NaN,NaN
1633654800,3.54,3.545,3.5,3.5,2355800,NaN,NaN,NaN,NaN,NaN,NaN,NaN
1633914000,3.5,3.525,3.48,3.49,1490000,NaN,NaN,NaN,NaN,NaN,NaN,NaN
1634000400,3.49,3.495,3.455,3.49,4673200,NaN,NaN,NaN,NaN,NaN,NaN,NaN
1634086800,3.5,3.5,3.44,3.45,2752800,NaN,NaN,NaN,NaN,NaN,NaN,NaN
1634173200,3.46,3.475,3.445,3.45,2109600,NaN,NaN,NaN,NaN,NaN,NaN,NaN
1634259600,3.475,3.515,3.44,3.445,3748400,NaN,NaN,NaN,NaN,NaN,NaN,NaN
1634518800,3.455,3.535,3.45,3.5,7101000,NaN,NaN,NaN,NaN,NaN,NaN,NaN
1634691600,3.515,3.59,3.515,3.59,4442000,NaN,NaN,NaN,NaN,NaN,NaN,NaN
1634778000,3.6,3.615,3.54,3.595,2537400,NaN,NaN,NaN,NaN,NaN,NaN,NaN
1634864400,3.61,3.61,3.57,3.59,1155600,NaN,NaN,NaN,NaN,NaN,NaN,NaN
1635123600,3.595,3.655,3.58,3.65,5094800,NaN,NaN,NaN,NaN,NaN,NaN,NaN
1635210000,3.655,3.685,3.6,3.6,3281600,NaN,NaN,NaN,NaN,NaN,NaN,NaN
1635296400,3.6,3.615,3.54,3.6,1190800,NaN,NaN,NaN,NaN,NaN,NaN,NaN
1635382800,3.6,3.67,3.565,3.63,2604600,NaN,NaN,NaN,NaN,NaN,NaN,NaN
1635469200,3.635,3.65,3.57,3.585,1409600,NaN,NaN,NaN,NaN,NaN,NaN,NaN
1635728400,3.55,3.62,3.54,3.545,1477600,NaN,NaN,NaN,NaN,NaN,NaN,NaN
1635814800,3.5,3.62,3.48,3.6,2911000,NaN,NaN,NaN,NaN,NaN,NaN,NaN
1635901200,3.605,3.635,3.565,3.59,1691400,NaN,NaN,NaN,NaN,NaN,NaN,NaN
1636074000,3.6,3.635,3.565,3.595,3065600,NaN,NaN,NaN,NaN,NaN,NaN,NaN
1636333200,3.6,3.63,3.535,3.6,3797200,NaN,NaN,NaN,NaN,NaN,NaN,NaN
1636419600,3.6,3.61,3.56,3.57,1978600,NaN,NaN,NaN,NaN,NaN,NaN,NaN
1636506000,3.56,3.605,3.545,3.575,2003800,NaN,NaN,NaN,NaN,NaN,NaN,NaN
1636592400,3.55,3.615,3.545,3.615,2544800,NaN,NaN,NaN,NaN,NaN,NaN,NaN
1636678800,3.615,3.65,3.6,3.615,2349600,NaN,NaN,NaN,NaN,NaN,NaN,NaN
1636938000,3.62,3.63,3.595,3.605,1491000,NaN,NaN,NaN,NaN,NaN,NaN,NaN
1637024400,3.61,3.61,3.575,3.575,1303800,NaN,NaN,NaN,NaN,NaN,NaN,NaN
1637110800,3.575,3.585,3.505,3.51,1433200,NaN,NaN,NaN,NaN,NaN,NaN,NaN
1637197200,3.51,3.535,3.48,3.505,1482200,NaN,NaN,NaN,NaN,NaN,NaN,NaN
1637283600,3.5,3.545,3.495,3.53,690600,NaN,NaN,NaN,NaN,NaN,NaN,NaN
1637542800,3.525,3.58,3.505,3.56,1312200,NaN,NaN,NaN,NaN,NaN,NaN,NaN
1637629200,3.555,3.565,3.505,3.51,941600,NaN,NaN,NaN,NaN,NaN,NaN,NaN
1637715600,3.505,3.53,3.5,3.5,880000,NaN,NaN,NaN,NaN,NaN,NaN,NaN
1637802000,3.5,3.525,3.5,3.505,1354400,NaN,NaN,NaN,NaN,NaN,NaN,NaN
1637888400,3.52,3.52,3.44,3.45,3074000,NaN,NaN,NaN,NaN,NaN,NaN,NaN
1638147600,3.42,3.525,3.29,3.5,4799400,NaN,NaN,NaN,NaN,NaN,NaN,NaN
1638234000,3.5,3.52,3.45,3.495,1370800,NaN,NaN,NaN,NaN,NaN,NaN,NaN
1638320400,3.455,3.49,3.45,3.45,1175400,NaN,NaN,NaN,NaN,NaN,NaN,NaN
1638406800,3.445,3.445,3.41,3.435,1089800,NaN,NaN,NaN,NaN,NaN,NaN,NaN
1638752400,3.41,3.41,3.195,3.25,6049000,NaN,NaN,NaN,NaN,NaN,NaN,NaN
1638838800,3.265,3.395,3.21,3.22,3864400,NaN,NaN,NaN,NaN,NaN,NaN,NaN
1638925200,3.29,3.44,3.27,3.435,3353200,NaN,NaN,NaN,NaN,NaN,NaN,NaN
1639011600,3.44,3.44,3.36,3.39,967800,NaN,NaN,NaN,NaN,NaN,NaN,NaN
1639098000,3.365,3.395,3.315,3.38,715200,NaN,NaN,NaN,NaN,NaN,NaN,NaN
1639357200,3.32,3.41,3.32,3.385,1122600,NaN,NaN,NaN,NaN,NaN,NaN,NaN
1639443600,3.375,3.42,3.365,3.395,2564200,NaN,NaN,NaN,NaN,NaN,NaN,NaN
1639530000,3.37,3.385,3.365,3.365,459200,NaN,NaN,NaN,NaN,NaN,NaN,NaN
1639616400,3.365,3.41,3.365,3.39,786400,NaN,NaN,NaN,NaN,NaN,NaN,NaN
1639702800,3.39,3.39,3.365,3.385,522000,NaN,NaN,NaN,NaN,NaN,NaN,NaN
1639962000,3.385,3.385,3.3,3.3,871800,NaN,NaN,NaN,NaN,NaN,NaN,NaN
1640048400,3.3,3.37,3.29,3.305,744800,NaN,NaN,NaN,NaN,NaN,NaN,NaN
1640134800,3.325,3.335,3.27,3.28,958000,NaN,NaN,NaN,NaN,NaN,NaN,NaN
1640221200,3.29,3.31,3.27,3.305,446600,NaN,NaN,NaN,NaN,NaN,NaN,NaN
1640307600,3.325,3.355,3.31,3.35,463400,NaN,NaN,NaN,NaN,NaN,NaN,NaN
1640566800,3.34,3.35,3.31,3.325,499600,NaN,NaN,NaN,NaN,NaN,NaN,NaN
1640653200,3.35,3.365,3.325,3.34,756200,NaN,NaN,NaN,NaN,NaN,NaN,NaN
1640739600,3.35,3.445,3.335,3.405,1583400,NaN,NaN,NaN,NaN,NaN,NaN,NaN
1640826000,3.405,3.425,3.37,3.415,1202800,NaN,NaN,NaN,NaN,NaN,NaN,NaN
1640912400,3.425,3.425,3.365,3.365,1014400,2504261400,608726608,177294716,23362000,75384000,431038333,0
1641171600,3.37,3.495,3.37,3.49,1663600,NaN,NaN,NaN,NaN,NaN,NaN,NaN
1641258000,3.485,3.53,3.455,3.46,1745600,NaN,NaN,NaN,NaN,NaN,NaN,NaN
1641344400,3.475,3.49,3.45,3.45,1179800,NaN,NaN,NaN,NaN,NaN,NaN,NaN
1641430800,3.425,3.425,3.28,3.31,7517200,NaN,NaN,NaN,NaN,NaN,NaN,NaN
1641517200,3.33,3.335,3.275,3.29,3139800,NaN,NaN,NaN,NaN,NaN,NaN,NaN
1641776400,3.3,3.32,3.1,3.105,6898800,NaN,NaN,NaN,NaN,NaN,NaN,NaN
1641862800,3.115,3.145,2.9,2.94,17657400,NaN,NaN,NaN,NaN,NaN,NaN,NaN
1641949200,3.005,3.025,2.95,2.965,9465400,NaN,NaN,NaN,NaN,NaN,NaN,NaN
1642035600,2.965,2.97,2.75,2.77,11194400,NaN,NaN,NaN,NaN,NaN,NaN,NaN
1642122000,2.7,2.7,2.45,2.535,39716800,NaN,NaN,NaN,NaN,NaN,NaN,NaN
1642381200,2.525,2.635,2.485,2.6,9179800,NaN,NaN,NaN,NaN,NaN,NaN,NaN
1642554000,2.535,2.535,2.42,2.45,21398600,NaN,NaN,NaN,NaN,NaN,NaN,NaN
1642640400,2.405,2.55,2.405,2.51,11056000,NaN,NaN,NaN,NaN,NaN,NaN,NaN
1642726800,2.47,2.485,2.325,2.45,18134200,NaN,NaN,NaN,NaN,NaN,NaN,NaN
1642986000,2.38,2.535,2.365,2.39,10674600,NaN,NaN,NaN,NaN,NaN,NaN,NaN
1643072400,2.45,2.515,2.385,2.4,10742000,NaN,NaN,NaN,NaN,NaN,NaN,NaN
1643158800,2.42,2.615,2.36,2.565,19279200,NaN,NaN,NaN,NaN,NaN,NaN,NaN
1643245200,2.555,2.58,2.485,2.495,10774800,NaN,NaN,NaN,NaN,NaN,NaN,NaN
1643331600,2.5,2.555,2.485,2.525,6980000,NaN,NaN,NaN,NaN,NaN,NaN,NaN
1643590800,2.575,2.62,2.54,2.605,4366200,NaN,NaN,NaN,NaN,NaN,NaN,NaN
1643850000,2.645,2.69,2.6,2.615,7142400,NaN,NaN,NaN,NaN,NaN,NaN,NaN
1643936400,2.59,2.61,2.56,2.59,3376000,NaN,NaN,NaN,NaN,NaN,NaN,NaN
1644195600,2.59,2.61,2.55,2.59,2908400,NaN,NaN,NaN,NaN,NaN,NaN,NaN
1644282000,2.61,2.615,2.55,2.6,2313000,NaN,NaN,NaN,NaN,NaN,NaN,NaN
1644368400,2.625,2.695,2.615,2.695,4626600,NaN,NaN,NaN,NaN,NaN,NaN,NaN
1644454800,2.725,2.795,2.665,2.69,9423200,NaN,NaN,NaN,NaN,NaN,NaN,NaN
1644541200,2.65,2.675,2.63,2.645,2122400,NaN,NaN,NaN,NaN,NaN,NaN,NaN
1644800400,2.625,2.625,2.545,2.555,6919600,NaN,NaN,NaN,NaN,NaN,NaN,NaN
1644886800,2.56,2.61,2.555,2.58,6110200,NaN,NaN,NaN,NaN,NaN,NaN,NaN
1644973200,2.615,2.64,2.585,2.59,7967000,NaN,NaN,NaN,NaN,NaN,NaN,NaN
1645059600,2.58,2.585,2.55,2.55,4085400,NaN,NaN,NaN,NaN,NaN,NaN,NaN
1645146000,2.505,2.515,2.49,2.505,2602600,NaN,NaN,NaN,NaN,NaN,NaN,NaN
1645405200,2.485,2.485,2.11,2.125,29246800,NaN,NaN,NaN,NaN,NaN,NaN,NaN
1645491600,2.095,2.135,1.865,2.045,26505400,NaN,NaN,NaN,NaN,NaN,NaN,NaN
1645578000,2.04,2.12,2.04,2.1,10850400,NaN,NaN,NaN,NaN,NaN,NaN,NaN
1645664400,2.05,2.065,1.93,2.065,14878000,NaN,NaN,NaN,NaN,NaN,NaN,NaN
1645750800,2.13,2.225,2.115,2.175,11801600,NaN,NaN,NaN,NaN,NaN,NaN,NaN
1646010000,2.155,2.165,2.035,2.085,8153400,NaN,NaN,NaN,NaN,NaN,NaN,NaN
1646096400,2.095,2.12,2.015,2.07,9157600,NaN,NaN,NaN,NaN,NaN,NaN,NaN
1646182800,2.045,2.07,1.935,1.945,12847400,NaN,NaN,NaN,NaN,NaN,NaN,NaN
1646269200,1.98,1.995,1.875,1.935,12721600,NaN,NaN,NaN,NaN,NaN,NaN,NaN
1646355600,1.9,1.9,1.77,1.78,15272000,NaN,NaN,NaN,NaN,NaN,NaN,NaN
1646614800,1.765,1.765,1.5,1.505,24811800,NaN,NaN,NaN,NaN,NaN,NaN,NaN
1646701200,1.445,1.555,1.405,1.45,29818600,NaN,NaN,NaN,NaN,NaN,NaN,NaN
1646787600,1.485,1.65,1.485,1.65,20304800,NaN,NaN,NaN,NaN,NaN,NaN,NaN
1646874000,1.725,1.785,1.565,1.615,23022000,NaN,NaN,NaN,NaN,NaN,NaN,NaN
1646960400,1.595,1.735,1.575,1.7,11905400,NaN,NaN,NaN,NaN,NaN,NaN,NaN
1647219600,1.7,1.75,1.66,1.705,7449800,NaN,NaN,NaN,NaN,NaN,NaN,NaN
1647306000,1.655,1.685,1.595,1.655,8374400,NaN,NaN,NaN,NaN,NaN,NaN,NaN
1647392400,1.725,1.85,1.685,1.84,15346200,NaN,NaN,NaN,NaN,NaN,NaN,NaN
1647478800,1.91,1.99,1.845,1.96,43855200,NaN,NaN,NaN,NaN,NaN,NaN,NaN
1647565200,1.96,1.98,1.9,1.96,28647600,NaN,NaN,NaN,NaN,NaN,NaN,NaN
1647824400,2,2.155,1.975,2.11,15380400,NaN,NaN,NaN,NaN,NaN,NaN,NaN
1647910800,2.11,2.24,2.055,2.215,12088800,NaN,NaN,NaN,NaN,NaN,NaN,NaN
1647997200,2.24,2.375,2.235,2.35,23564400,NaN,NaN,NaN,NaN,NaN,NaN,NaN
1648083600,2.34,2.38,2.295,2.355,15944000,NaN,NaN,NaN,NaN,NaN,NaN,NaN
1648170000,2.43,2.46,2.415,2.425,11846800,NaN,NaN,NaN,NaN,NaN,NaN,NaN
1648429200,2.46,2.46,2.34,2.375,10100800,NaN,NaN,NaN,NaN,NaN,NaN,NaN
1648515600,2.4,2.405,2.255,2.295,10081200,NaN,NaN,NaN,NaN,NaN,NaN,NaN
1648602000,2.36,2.415,2.335,2.41,11753800,NaN,NaN,NaN,NaN,NaN,NaN,NaN
1648688400,2.38,2.41,2.365,2.37,4191000,2504270000,757823000,296534000,20366000,102156000,460929000,0
1648774800,2.33,2.39,2.32,2.355,4944600,NaN,NaN,NaN,NaN,NaN,NaN,NaN
1649034000,2.33,2.38,2.315,2.325,3508600,NaN,NaN,NaN,NaN,NaN,NaN,NaN
1649120400,2.37,2.425,2.345,2.35,8115600,NaN,NaN,NaN,NaN,NaN,NaN,NaN
1649206800,2.3,2.32,2.23,2.24,11039000,NaN,NaN,NaN,NaN,NaN,NaN,NaN
1649293200,2.225,2.225,2.15,2.195,7985600,NaN,NaN,NaN,NaN,NaN,NaN,NaN
1649379600,2.205,2.225,2.17,2.215,5939200,NaN,NaN,NaN,NaN,NaN,NaN,NaN
1649638800,2.165,2.18,2.03,2.03,11890400,NaN,NaN,NaN,NaN,NaN,NaN,NaN
1649725200,1.985,2.085,1.9,1.98,16602600,NaN,NaN,NaN,NaN,NaN,NaN,NaN
1649811600,2.005,2.06,1.98,2,8458200,NaN,NaN,NaN,NaN,NaN,NaN,NaN
1649898000,2.06,2.08,1.965,1.965,9700800,NaN,NaN,NaN,NaN,NaN,NaN,NaN
1649984400,1.93,1.965,1.915,1.945,4257800,NaN,NaN,NaN,NaN,NaN,NaN,NaN
1650243600,1.945,1.95,1.885,1.895,4806000,NaN,NaN,NaN,NaN,NaN,NaN,NaN
1650416400,1.925,2.02,1.925,2,10160200,NaN,NaN,NaN,NaN,NaN,NaN,NaN
1650502800,2.01,2.075,1.965,2.06,7960200,NaN,NaN,NaN,NaN,NaN,NaN,NaN
1650589200,1.98,2.02,1.95,2,15010000,NaN,NaN,NaN,NaN,NaN,NaN,NaN
1650848400,1.925,1.955,1.905,1.92,5695400,NaN,NaN,NaN,NaN,NaN,NaN,NaN
1650934800,1.965,2.005,1.95,1.975,5079000,NaN,NaN,NaN,NaN,NaN,NaN,NaN
1651021200,1.92,1.96,1.89,1.955,6794800,NaN,NaN,NaN,NaN,NaN,NaN,NaN
1651107600,1.955,2.025,1.935,2.01,8249000,NaN,NaN,NaN,NaN,NaN,NaN,NaN
1651194000,2.035,2.04,2,2.015,4016200,NaN,NaN,NaN,NaN,NaN,NaN,NaN
1651712400,2.065,2.07,1.94,1.95,3935200,NaN,NaN,NaN,NaN,NaN,NaN,NaN
1651798800,1.9,1.9,1.85,1.855,9145800,NaN,NaN,NaN,NaN,NaN,NaN,NaN
1652058000,1.85,1.85,1.755,1.77,6342800,NaN,NaN,NaN,NaN,NaN,NaN,NaN
1652144400,1.75,1.825,1.7,1.805,6331400,NaN,NaN,NaN,NaN,NaN,NaN,NaN
1652230800,1.795,1.82,1.755,1.79,2907800,NaN,NaN,NaN,NaN,NaN,NaN,NaN
1652317200,1.77,1.775,1.69,1.69,5192400,NaN,NaN,NaN,NaN,NaN,NaN,NaN
1652403600,1.705,1.795,1.7,1.785,8386000,NaN,NaN,NaN,NaN,NaN,NaN,NaN
1652749200,1.78,1.875,1.745,1.875,7678800,NaN,NaN,NaN,NaN,NaN,NaN,NaN
1652835600,1.895,1.935,1.805,1.81,7044400,NaN,NaN,NaN,NaN,NaN,NaN,NaN
1652922000,1.735,1.835,1.725,1.805,4687400,NaN,NaN,NaN,NaN,NaN,NaN,NaN
1653008400,1.83,1.88,1.82,1.87,5430000,NaN,NaN,NaN,NaN,NaN,NaN,NaN
1653267600,1.87,1.89,1.83,1.84,2513200,NaN,NaN,NaN,NaN,NaN,NaN,NaN
1653354000,1.85,1.85,1.8,1.8,2042800,NaN,NaN,NaN,NaN,NaN,NaN,NaN
1653440400,1.795,1.84,1.79,1.83,3488600,NaN,NaN,NaN,NaN,NaN,NaN,NaN
1653526800,1.84,1.885,1.83,1.865,6849800,NaN,NaN,NaN,NaN,NaN,NaN,NaN
1653613200,1.89,1.91,1.81,1.825,2953400,NaN,NaN,NaN,NaN,NaN,NaN,NaN
1653872400,1.875,1.935,1.84,1.92,4720600,NaN,NaN,NaN,NaN,NaN,NaN,NaN
1653958800,1.915,1.955,1.895,1.91,6531800,NaN,NaN,NaN,NaN,NaN,NaN,NaN
1654045200,1.92,1.93,1.88,1.88,3189400,NaN,NaN,NaN,NaN,NaN,NaN,NaN
1654131600,1.885,1.91,1.85,1.9,5208600,NaN,NaN,NaN,NaN,NaN,NaN,NaN
1654218000,1.93,1.985,1.91,1.945,5888000,NaN,NaN,NaN,NaN,NaN,NaN,NaN
1654563600,1.945,1.98,1.895,1.925,2218000,NaN,NaN,NaN,NaN,NaN,NaN,NaN
1654650000,1.93,1.95,1.895,1.94,1784400,NaN,NaN,NaN,NaN,NaN,NaN,NaN
1654736400,1.935,1.94,1.895,1.93,2222800,NaN,NaN,NaN,NaN,NaN,NaN,NaN
1654822800,1.885,1.905,1.85,1.9,3436400,NaN,NaN,NaN,NaN,NaN,NaN,NaN
1655082000,1.84,1.845,1.7,1.71,8104200,NaN,NaN,NaN,NaN,NaN,NaN,NaN
1655168400,1.685,1.76,1.64,1.74,5551600,NaN,NaN,NaN,NaN,NaN,NaN,NaN
1655254800,1.755,1.76,1.71,1.74,2568400,NaN,NaN,NaN,NaN,NaN,NaN,NaN
1655341200,1.78,1.8,1.715,1.72,3268600,NaN,NaN,NaN,NaN,NaN,NaN,NaN
1655427600,1.695,1.725,1.67,1.715,3308000,NaN,NaN,NaN,NaN,NaN,NaN,NaN
1655686800,1.715,1.73,1.685,1.69,1157400,NaN,NaN,NaN,NaN,NaN,NaN,NaN
1655773200,1.71,1.79,1.71,1.78,3345800,NaN,NaN,NaN,NaN,NaN,NaN,NaN
1655859600,1.79,1.805,1.72,1.765,2820800,NaN,NaN,NaN,NaN,NaN,NaN,NaN
1655946000,1.765,1.785,1.755,1.785,1459600,NaN,NaN,NaN,NaN,NaN,NaN,NaN
1656032400,1.775,1.875,1.775,1.87,4233600,NaN,NaN,NaN,NaN,NaN,NaN,NaN
1656291600,1.9,1.93,1.875,1.915,6151400,NaN,NaN,NaN,NaN,NaN,NaN,NaN
1656378000,1.91,1.925,1.88,1.89,4804800,NaN,NaN,NaN,NaN,NaN,NaN,NaN
1656464400,1.85,1.875,1.83,1.85,3829800,NaN,NaN,NaN,NaN,NaN,NaN,NaN
1656550800,1.85,1.875,1.825,1.83,2581800,2504270000,701419000,213912000,16654000,118097000,487180000,0
1656637200,1.815,1.835,1.8,1.81,2012200,NaN,NaN,NaN,NaN,NaN,NaN,NaN
1656896400,1.815,1.825,1.755,1.775,2090600,NaN,NaN,NaN,NaN,NaN,NaN,NaN
1656982800,1.8,1.805,1.725,1.725,3500000,NaN,NaN,NaN,NaN,NaN,NaN,NaN
1657069200,1.745,1.77,1.69,1.71,3197400,NaN,NaN,NaN,NaN,NaN,NaN,NaN
1657155600,1.71,1.73,1.695,1.725,1459000,NaN,NaN,NaN,NaN,NaN,NaN,NaN
1657242000,1.755,1.8,1.755,1.775,2794400,NaN,NaN,NaN,NaN,NaN,NaN,NaN
1657587600,1.76,1.76,1.705,1.72,1699800,NaN,NaN,NaN,NaN,NaN,NaN,NaN
1657674000,1.71,1.74,1.695,1.695,2266000,NaN,NaN,NaN,NaN,NaN,NaN,NaN
1657760400,1.7,1.74,1.7,1.725,808200,NaN,NaN,NaN,NaN,NaN,NaN,NaN
1657846800,1.73,1.79,1.725,1.775,2486200,NaN,NaN,NaN,NaN,NaN,NaN,NaN
1658106000,1.81,1.835,1.785,1.815,3496600,NaN,NaN,NaN,NaN,NaN,NaN,NaN
1658192400,1.8,1.82,1.765,1.79,2015800,NaN,NaN,NaN,NaN,NaN,NaN,NaN
1658278800,1.835,1.885,1.8,1.815,5187600,NaN,NaN,NaN,NaN,NaN,NaN,NaN
1658365200,1.845,1.85,1.815,1.83,2470200,NaN,NaN,NaN,NaN,NaN,NaN,NaN
1658451600,1.85,1.875,1.825,1.825,4519600,NaN,NaN,NaN,NaN,NaN,NaN,NaN
1658710800,1.81,1.81,1.76,1.795,1827200,NaN,NaN,NaN,NaN,NaN,NaN,NaN
1658797200,1.795,1.82,1.75,1.8,2932200,NaN,NaN,NaN,NaN,NaN,NaN,NaN
1658883600,1.79,1.89,1.775,1.875,10431400,NaN,NaN,NaN,NaN,NaN,NaN,NaN
1658970000,1.92,1.935,1.87,1.9,5091000,NaN,NaN,NaN,NaN,NaN,NaN,NaN
1659056400,1.945,2.025,1.915,1.945,8098400,NaN,NaN,NaN,NaN,NaN,NaN,NaN
1659315600,1.95,1.96,1.885,1.94,2322200,NaN,NaN,NaN,NaN,NaN,NaN,NaN
1659402000,1.935,1.935,1.85,1.855,3181200,NaN,NaN,NaN,NaN,NaN,NaN,NaN
1659488400,1.85,1.905,1.85,1.895,2333400,NaN,NaN,NaN,NaN,NaN,NaN,NaN
1659574800,1.92,2.045,1.92,2.04,11039400,NaN,NaN,NaN,NaN,NaN,NaN,NaN
1659661200,2.04,2.07,1.985,1.995,2649000,NaN,NaN,NaN,NaN,NaN,NaN,NaN
1659920400,1.98,1.98,1.94,1.955,2744400,NaN,NaN,NaN,NaN,NaN,NaN,NaN
1660006800,1.945,1.975,1.93,1.94,1481800,NaN,NaN,NaN,NaN,NaN,NaN,NaN
1660093200,1.925,1.925,1.85,1.89,3990400,NaN,NaN,NaN,NaN,NaN,NaN,NaN
1660179600,1.95,1.995,1.94,1.975,4917400,NaN,NaN,NaN,NaN,NaN,NaN,NaN
1660266000,1.95,2.01,1.94,2,2302000,NaN,NaN,NaN,NaN,NaN,NaN,NaN
1660525200,2.03,2.045,1.98,1.995,3449200,NaN,NaN,NaN,NaN,NaN,NaN,NaN
1660611600,2,2.025,1.995,2.02,1738200,NaN,NaN,NaN,NaN,NaN,NaN,NaN
1660698000,2.025,2.025,1.98,2.005,1668200,NaN,NaN,NaN,NaN,NaN,NaN,NaN
1660784400,1.97,1.985,1.95,1.985,2232600,NaN,NaN,NaN,NaN,NaN,NaN,NaN
1660870800,1.985,2.015,1.97,2.01,3773200,NaN,NaN,NaN,NaN,NaN,NaN,NaN
1661130000,1.96,1.975,1.875,1.885,5131400,NaN,NaN,NaN,NaN,NaN,NaN,NaN
1661216400,1.86,1.89,1.85,1.85,6096800,NaN,NaN,NaN,NaN,NaN,NaN,NaN
1661302800,1.85,1.86,1.815,1.835,2499600,NaN,NaN,NaN,NaN,NaN,NaN,NaN
1661389200,1.835,1.89,1.835,1.875,3683200,NaN,NaN,NaN,NaN,NaN,NaN,NaN
1661475600,1.9,1.9,1.865,1.875,3059000,NaN,NaN,NaN,NaN,NaN,NaN,NaN
1661734800,1.79,1.815,1.75,1.815,7300400,NaN,NaN,NaN,NaN,NaN,NaN,NaN
1661821200,1.815,1.815,1.77,1.815,2978400,NaN,NaN,NaN,NaN,NaN,NaN,NaN
1661994000,1.79,1.81,1.78,1.795,2005200,NaN,NaN,NaN,NaN,NaN,NaN,NaN
1662080400,1.8,1.805,1.775,1.78,1072600,NaN,NaN,NaN,NaN,NaN,NaN,NaN
1662339600,1.775,1.8,1.765,1.775,1279200,NaN,NaN,NaN,NaN,NaN,NaN,NaN
1662426000,1.775,1.8,1.775,1.795,924600,NaN,NaN,NaN,NaN,NaN,NaN,NaN
1662512400,1.78,1.78,1.765,1.775,1602200,NaN,NaN,NaN,NaN,NaN,NaN,NaN
1662598800,1.79,1.8,1.755,1.755,1829200,NaN,NaN,NaN,NaN,NaN,NaN,NaN
1662685200,1.77,1.78,1.75,1.76,3404200,NaN,NaN,NaN,NaN,NaN,NaN,NaN
1662944400,1.77,1.835,1.755,1.835,4013200,NaN,NaN,NaN,NaN,NaN,NaN,NaN
1663030800,1.835,1.85,1.805,1.805,1495000,NaN,NaN,NaN,NaN,NaN,NaN,NaN
1663117200,1.77,1.785,1.74,1.78,1741000,NaN,NaN,NaN,NaN,NaN,NaN,NaN
1663203600,1.78,1.8,1.745,1.745,2485400,NaN,NaN,NaN,NaN,NaN,NaN,NaN
1663549200,1.745,1.745,1.7,1.71,2083000,NaN,NaN,NaN,NaN,NaN,NaN,NaN
1663635600,1.73,1.745,1.72,1.72,577400,NaN,NaN,NaN,NaN,NaN,NaN,NaN
1663722000,1.72,1.72,1.7,1.705,1658400,NaN,NaN,NaN,NaN,NaN,NaN,NaN
1663808400,1.7,1.71,1.68,1.695,1887400,NaN,NaN,NaN,NaN,NaN,NaN,NaN
1663894800,1.695,1.695,1.66,1.66,1471400,NaN,NaN,NaN,NaN,NaN,NaN,NaN
1664154000,1.66,1.66,1.6,1.61,1988400,NaN,NaN,NaN,NaN,NaN,NaN,NaN
1664240400,1.62,1.645,1.615,1.64,545000,NaN,NaN,NaN,NaN,NaN,NaN,NaN
1664326800,1.63,1.65,1.59,1.595,1328400,NaN,NaN,NaN,NaN,NaN,NaN,NaN
1664413200,1.625,1.64,1.59,1.6,1772000,NaN,NaN,NaN,NaN,NaN,NaN,NaN
1664499600,1.6,1.75,1.565,1.73,4410200,2504270000,726038000,197164000,35051000,156851000,528580000.00000006,0
1664758800,1.7,1.7,1.66,1.66,541600,NaN,NaN,NaN,NaN,NaN,NaN,NaN
1664845200,1.69,1.705,1.69,1.7,788800,NaN,NaN,NaN,NaN,NaN,NaN,NaN
1664931600,1.72,1.74,1.695,1.695,1221000,NaN,NaN,NaN,NaN,NaN,NaN,NaN
1665018000,1.69,1.715,1.685,1.69,375600,NaN,NaN,NaN,NaN,NaN,NaN,NaN
1665104400,1.675,1.7,1.675,1.69,222600,NaN,NaN,NaN,NaN,NaN,NaN,NaN
1665450000,1.68,1.69,1.625,1.675,1165600,NaN,NaN,NaN,NaN,NaN,NaN,NaN
1665536400,1.65,1.68,1.625,1.65,383200,NaN,NaN,NaN,NaN,NaN,NaN,NaN
1665622800,1.625,1.65,1.625,1.63,649200,NaN,NaN,NaN,NaN,NaN,NaN,NaN
1665709200,1.655,1.665,1.645,1.65,319800,NaN,NaN,NaN,NaN,NaN,NaN,NaN
1665968400,1.625,1.63,1.605,1.61,628400,NaN,NaN,NaN,NaN,NaN,NaN,NaN
1666054800,1.625,1.685,1.625,1.665,1976000,NaN,NaN,NaN,NaN,NaN,NaN,NaN
1666141200,1.67,1.67,1.63,1.65,913800,NaN,NaN,NaN,NaN,NaN,NaN,NaN
1666227600,1.63,1.65,1.63,1.635,110000,NaN,NaN,NaN,NaN,NaN,NaN,NaN
1666314000,1.635,1.635,1.615,1.615,353400,NaN,NaN,NaN,NaN,NaN,NaN,NaN
1666659600,1.625,1.64,1.605,1.615,511600,NaN,NaN,NaN,NaN,NaN,NaN,NaN
1666746000,1.62,1.65,1.6,1.62,559000,NaN,NaN,NaN,NaN,NaN,NaN,NaN
1666832400,1.61,1.62,1.6,1.605,341600,NaN,NaN,NaN,NaN,NaN,NaN,NaN
1666918800,1.6,1.63,1.6,1.61,421400,NaN,NaN,NaN,NaN,NaN,NaN,NaN
1667178000,1.62,1.645,1.62,1.625,771800,NaN,NaN,NaN,NaN,NaN,NaN,NaN
1667264400,1.625,1.665,1.61,1.655,307600,NaN,NaN,NaN,NaN,NaN,NaN,NaN
1667350800,1.65,1.69,1.62,1.62,734000,NaN,NaN,NaN,NaN,NaN,NaN,NaN
1667437200,1.61,1.645,1.61,1.625,630200,NaN,NaN,NaN,NaN,NaN,NaN,NaN
1667523600,1.62,1.64,1.62,1.635,351800,NaN,NaN,NaN,NaN,NaN,NaN,NaN
1667782800,1.635,1.65,1.625,1.635,273600,NaN,NaN,NaN,NaN,NaN,NaN,NaN
1667869200,1.635,1.665,1.635,1.655,534800,NaN,NaN,NaN,NaN,NaN,NaN,NaN
1667955600,1.66,1.66,1.63,1.65,496400,NaN,NaN,NaN,NaN,NaN,NaN,NaN
1668042000,1.655,1.655,1.625,1.635,403200,NaN,NaN,NaN,NaN,NaN,NaN,NaN
1668128400,1.69,1.98,1.69,1.9,15220600,NaN,NaN,NaN,NaN,NaN,NaN,NaN
1668387600,1.92,1.98,1.895,1.95,4553600,NaN,NaN,NaN,NaN,NaN,NaN,NaN
1668474000,1.95,1.965,1.915,1.94,2566800,NaN,NaN,NaN,NaN,NaN,NaN,NaN
1668560400,1.935,1.94,1.895,1.92,1804400,NaN,NaN,NaN,NaN,NaN,NaN,NaN
1668646800,1.915,1.915,1.845,1.865,2546400,NaN,NaN,NaN,NaN,NaN,NaN,NaN
1668992400,1.855,1.935,1.8,1.915,3065200,NaN,NaN,NaN,NaN,NaN,NaN,NaN
1669078800,1.92,1.925,1.875,1.91,3148600,NaN,NaN,NaN,NaN,NaN,NaN,NaN
1669165200,1.935,1.945,1.89,1.94,3366000,NaN,NaN,NaN,NaN,NaN,NaN,NaN
1669251600,2,2.3,1.995,2.295,20925200,NaN,NaN,NaN,NaN,NaN,NaN,NaN
1669338000,2.305,2.355,2.22,2.255,12499000,NaN,NaN,NaN,NaN,NaN,NaN,NaN
1669683600,2.25,2.305,2.21,2.255,5685200,NaN,NaN,NaN,NaN,NaN,NaN,NaN
1669770000,2.265,2.325,2.225,2.3,6256000,NaN,NaN,NaN,NaN,NaN,NaN,NaN
1669856400,2.325,2.545,2.325,2.51,25241000,NaN,NaN,NaN,NaN,NaN,NaN,NaN
1669942800,2.465,2.595,2.44,2.595,13324600,NaN,NaN,NaN,NaN,NaN,NaN,NaN
1670202000,2.595,2.595,2.485,2.53,5917400,NaN,NaN,NaN,NaN,NaN,NaN,NaN
1670288400,2.495,2.585,2.475,2.555,5286400,NaN,NaN,NaN,NaN,NaN,NaN,NaN
1670374800,2.555,2.555,2.495,2.55,6343800,NaN,NaN,NaN,NaN,NaN,NaN,NaN
1670461200,2.545,2.55,2.5,2.505,2717400,NaN,NaN,NaN,NaN,NaN,NaN,NaN
1670547600,2.54,2.575,2.53,2.545,3083400,NaN,NaN,NaN,NaN,NaN,NaN,NaN
1670806800,2.54,2.555,2.515,2.525,661200,NaN,NaN,NaN,NaN,NaN,NaN,NaN
1670893200,2.555,2.565,2.475,2.53,4035200,NaN,NaN,NaN,NaN,NaN,NaN,NaN
1670979600,2.565,2.69,2.515,2.58,9160400,NaN,NaN,NaN,NaN,NaN,NaN,NaN
1671066000,2.57,2.57,2.485,2.5,2665800,NaN,NaN,NaN,NaN,NaN,NaN,NaN
1671152400,2.45,2.53,2.38,2.515,3581600,NaN,NaN,NaN,NaN,NaN,NaN,NaN
1671411600,2.49,2.53,2.45,2.475,2357600,NaN,NaN,NaN,NaN,NaN,NaN,NaN
1671498000,2.46,2.48,2.39,2.435,4574000,NaN,NaN,NaN,NaN,NaN,NaN,NaN
1671584400,2.465,2.485,2.445,2.46,3105600,NaN,NaN,NaN,NaN,NaN,NaN,NaN
1671670800,2.495,2.5,2.455,2.46,1453600,NaN,NaN,NaN,NaN,NaN,NaN,NaN
1671757200,2.425,2.475,2.42,2.46,1403400,NaN,NaN,NaN,NaN,NaN,NaN,NaN
1672102800,2.455,2.485,2.445,2.45,3260800,NaN,NaN,NaN,NaN,NaN,NaN,NaN
1672189200,2.44,2.45,2.365,2.445,3905400,NaN,NaN,NaN,NaN,NaN,NaN,NaN
1672275600,2.42,2.42,2.375,2.385,1420000,NaN,NaN,NaN,NaN,NaN,NaN,NaN
1672362000,2.44,2.44,2.415,2.42,1998800,2505674500,953417225,366391227,34640532,169110000,586765031,0
1672707600,2.42,2.42,2.365,2.39,1554800,NaN,NaN,NaN,NaN,NaN,NaN,NaN
1672794000,2.375,2.4,2.325,2.345,3471600,NaN,NaN,NaN,NaN,NaN,NaN,NaN
1672880400,2.35,2.44,2.335,2.39,4464600,NaN,NaN,NaN,NaN,NaN,NaN,NaN
1672966800,2.39,2.395,2.35,2.35,940800,NaN,NaN,NaN,NaN,NaN,NaN,NaN
1673226000,2.39,2.455,2.39,2.435,2448600,NaN,NaN,NaN,NaN,NaN,NaN,NaN
1673312400,2.44,2.44,2.41,2.43,623000,NaN,NaN,NaN,NaN,NaN,NaN,NaN
1673398800,2.44,2.455,2.39,2.4,1227200,NaN,NaN,NaN,NaN,NaN,NaN,NaN
1673485200,2.415,2.54,2.415,2.535,3967200,NaN,NaN,NaN,NaN,NaN,NaN,NaN
1673571600,2.54,2.59,2.53,2.57,4938400,NaN,NaN,NaN,NaN,NaN,NaN,NaN
1673830800,2.57,2.57,2.505,2.55,1205000,NaN,NaN,NaN,NaN,NaN,NaN,NaN
1673917200,2.565,2.565,2.52,2.53,762600,NaN,NaN,NaN,NaN,NaN,NaN,NaN
1674003600,2.53,2.565,2.525,2.535,1887800,NaN,NaN,NaN,NaN,NaN,NaN,NaN
1674090000,2.51,2.57,2.5,2.57,1262200,NaN,NaN,NaN,NaN,NaN,NaN,NaN
1674176400,2.57,2.59,2.545,2.555,940400,NaN,NaN,NaN,NaN,NaN,NaN,NaN
1674608400,2.575,2.615,2.555,2.585,1474000,NaN,NaN,NaN,NaN,NaN,NaN,NaN
1674694800,2.6,2.61,2.575,2.59,3248200,NaN,NaN,NaN,NaN,NaN,NaN,NaN
1674781200,2.615,2.625,2.525,2.545,2527400,NaN,NaN,NaN,NaN,NaN,NaN,NaN
1675040400,2.585,2.585,2.565,2.575,1186000,NaN,NaN,NaN,NaN,NaN,NaN,NaN
1675126800,2.55,2.59,2.53,2.55,3193400,NaN,NaN,NaN,NaN,NaN,NaN,NaN
1675299600,2.6,2.615,2.565,2.595,3310800,NaN,NaN,NaN,NaN,NaN,NaN,NaN
1675386000,2.595,2.645,2.53,2.555,5033200,NaN,NaN,NaN,NaN,NaN,NaN,NaN
1675731600,2.55,2.585,2.54,2.55,2728400,NaN,NaN,NaN,NaN,NaN,NaN,NaN
1675818000,2.58,2.665,2.54,2.565,5066200,NaN,NaN,NaN,NaN,NaN,NaN,NaN
1675904400,2.565,2.57,2.52,2.56,2107600,NaN,NaN,NaN,NaN,NaN,NaN,NaN
1675990800,2.55,2.56,2.515,2.52,2150400,NaN,NaN,NaN,NaN,NaN,NaN,NaN
1676250000,2.515,2.515,2.42,2.435,6235000,NaN,NaN,NaN,NaN,NaN,NaN,NaN
1676336400,2.465,2.495,2.465,2.475,1183800,NaN,NaN,NaN,NaN,NaN,NaN,NaN
1676422800,2.47,2.495,2.465,2.485,843000,NaN,NaN,NaN,NaN,NaN,NaN,NaN
1676509200,2.48,2.51,2.47,2.51,1248200,NaN,NaN,NaN,NaN,NaN,NaN,NaN
1676595600,2.49,2.51,2.42,2.495,5788200,NaN,NaN,NaN,NaN,NaN,NaN,NaN
1676854800,2.495,2.495,2.425,2.43,1820800,NaN,NaN,NaN,NaN,NaN,NaN,NaN
1676941200,2.43,2.47,2.43,2.465,969600,NaN,NaN,NaN,NaN,NaN,NaN,NaN
1677027600,2.46,2.46,2.365,2.38,4623600,NaN,NaN,NaN,NaN,NaN,NaN,NaN
1677114000,2.39,2.47,2.39,2.44,2530800,NaN,NaN,NaN,NaN,NaN,NaN,NaN
1677200400,2.465,2.515,2.445,2.515,2337200,NaN,NaN,NaN,NaN,NaN,NaN,NaN
1677459600,2.51,2.53,2.44,2.45,1148600,NaN,NaN,NaN,NaN,NaN,NaN,NaN
1677546000,2.49,2.52,2.46,2.5,2952600,NaN,NaN,NaN,NaN,NaN,NaN,NaN
1677632400,2.5,2.565,2.485,2.55,2319400,NaN,NaN,NaN,NaN,NaN,NaN,NaN
1677718800,2.55,2.57,2.515,2.52,2157800,NaN,NaN,NaN,NaN,NaN,NaN,NaN
1677805200,2.55,2.56,2.475,2.475,1365800,NaN,NaN,NaN,NaN,NaN,NaN,NaN
1678064400,2.495,2.515,2.445,2.465,788400,NaN,NaN,NaN,NaN,NaN,NaN,NaN
1678150800,2.47,2.485,2.445,2.455,504400,NaN,NaN,NaN,NaN,NaN,NaN,NaN
1678237200,2.435,2.46,2.425,2.455,854800,NaN,NaN,NaN,NaN,NaN,NaN,NaN
1678323600,2.44,2.5,2.44,2.48,625200,NaN,NaN,NaN,NaN,NaN,NaN,NaN
1678410000,2.465,2.465,2.435,2.44,287000,NaN,NaN,NaN,NaN,NaN,NaN,NaN
1678669200,2.43,2.43,2.38,2.4,1362600,NaN,NaN,NaN,NaN,NaN,NaN,NaN
1678755600,2.41,2.41,2.325,2.335,1304200,NaN,NaN,NaN,NaN,NaN,NaN,NaN
1678842000,2.365,2.41,2.345,2.35,1279600,NaN,NaN,NaN,NaN,NaN,NaN,NaN
1678928400,2.34,2.385,2.335,2.355,1545400,NaN,NaN,NaN,NaN,NaN,NaN,NaN
1679014800,2.375,2.415,2.375,2.41,933000,NaN,NaN,NaN,NaN,NaN,NaN,NaN
1679274000,2.4,2.45,2.355,2.425,1170800,NaN,NaN,NaN,NaN,NaN,NaN,NaN
1679360400,2.45,2.45,2.375,2.38,269200,NaN,NaN,NaN,NaN,NaN,NaN,NaN
1679446800,2.4,2.42,2.38,2.39,253400,NaN,NaN,NaN,NaN,NaN,NaN,NaN
1679533200,2.39,2.435,2.39,2.42,418400,NaN,NaN,NaN,NaN,NaN,NaN,NaN
1679619600,2.44,2.45,2.375,2.385,246600,NaN,NaN,NaN,NaN,NaN,NaN,NaN
1679878800,2.385,2.425,2.365,2.415,815400,NaN,NaN,NaN,NaN,NaN,NaN,NaN
1679965200,2.375,2.415,2.375,2.405,767000,NaN,NaN,NaN,NaN,NaN,NaN,NaN
1680051600,2.405,2.465,2.395,2.44,1043800,NaN,NaN,NaN,NaN,NaN,NaN,NaN
1680138000,2.475,2.5,2.45,2.455,1857000,NaN,NaN,NaN,NaN,NaN,NaN,NaN
1680224400,2.46,2.485,2.46,2.475,1065400,2505674000,980203000,361659000,27991000,113684000,618316000,0
1680483600,2.49,2.55,2.49,2.51,2798200,NaN,NaN,NaN,NaN,NaN,NaN,NaN
1680570000,2.52,2.535,2.44,2.51,635000,NaN,NaN,NaN,NaN,NaN,NaN,NaN
1680656400,2.51,2.51,2.49,2.495,208800,NaN,NaN,NaN,NaN,NaN,NaN,NaN
1680742800,2.495,2.495,2.435,2.435,626600,NaN,NaN,NaN,NaN,NaN,NaN,NaN
1680829200,2.435,2.46,2.4,2.425,559200,NaN,NaN,NaN,NaN,NaN,NaN,NaN
1681088400,2.435,2.455,2.43,2.45,447800,NaN,NaN,NaN,NaN,NaN,NaN,NaN
1681174800,2.47,2.49,2.465,2.465,397000,NaN,NaN,NaN,NaN,NaN,NaN,NaN
1681261200,2.455,2.465,2.415,2.425,371000,NaN,NaN,NaN,NaN,NaN,NaN,NaN
1681347600,2.425,2.435,2.41,2.41,292200,NaN,NaN,NaN,NaN,NaN,NaN,NaN
1681434000,2.44,2.45,2.425,2.45,447600,NaN,NaN,NaN,NaN,NaN,NaN,NaN
1681693200,2.44,2.44,2.405,2.43,644200,NaN,NaN,NaN,NaN,NaN,NaN,NaN
1681779600,2.405,2.425,2.405,2.405,527200,NaN,NaN,NaN,NaN,NaN,NaN,NaN
1681866000,2.41,2.42,2.41,2.42,322000,NaN,NaN,NaN,NaN,NaN,NaN,NaN
1681952400,2.405,2.42,2.405,2.42,250800,NaN,NaN,NaN,NaN,NaN,NaN,NaN
1682384400,2.42,2.425,2.4,2.415,268400,NaN,NaN,NaN,NaN,NaN,NaN,NaN
1682470800,2.415,2.425,2.395,2.395,414600,NaN,NaN,NaN,NaN,NaN,NaN,NaN
1682557200,2.415,2.415,2.39,2.39,361400,NaN,NaN,NaN,NaN,NaN,NaN,NaN
1682643600,2.41,2.41,2.39,2.39,499800,NaN,NaN,NaN,NaN,NaN,NaN,NaN
1682989200,2.39,2.4,2.295,2.33,1400600,NaN,NaN,NaN,NaN,NaN,NaN,NaN
1683075600,2.325,2.35,2.26,2.265,1392600,NaN,NaN,NaN,NaN,NaN,NaN,NaN
1683248400,2.265,2.27,2.15,2.25,2381000,NaN,NaN,NaN,NaN,NaN,NaN,NaN
1683507600,2.25,2.255,2.2,2.21,580000,NaN,NaN,NaN,NaN,NaN,NaN,NaN
1683594000,2.24,2.24,2.15,2.18,1133600,NaN,NaN,NaN,NaN,NaN,NaN,NaN
1683680400,2.175,2.2,2.15,2.195,359400,NaN,NaN,NaN,NaN,NaN,NaN,NaN
1683766800,2.18,2.195,2.115,2.115,951800,NaN,NaN,NaN,NaN,NaN,NaN,NaN
1683853200,2.11,2.155,2.11,2.15,1676600,NaN,NaN,NaN,NaN,NaN,NaN,NaN
1684112400,2.15,2.15,2.1,2.125,1267200,NaN,NaN,NaN,NaN,NaN,NaN,NaN
1684198800,2.12,2.13,2.11,2.12,786400,NaN,NaN,NaN,NaN,NaN,NaN,NaN
1684285200,2.12,2.12,2.09,2.095,806200,NaN,NaN,NaN,NaN,NaN,NaN,NaN
1684371600,2.1,2.14,2.095,2.12,1878800,NaN,NaN,NaN,NaN,NaN,NaN,NaN
1684458000,2.13,2.145,2.05,2.07,911400,NaN,NaN,NaN,NaN,NaN,NaN,NaN
1684717200,2.065,2.085,1.93,1.94,3114000,NaN,NaN,NaN,NaN,NaN,NaN,NaN
1684803600,1.95,2.02,1.875,1.91,6642600,NaN,NaN,NaN,NaN,NaN,NaN,NaN
1684890000,1.905,1.94,1.88,1.9,5318800,NaN,NaN,NaN,NaN,NaN,NaN,NaN
1684976400,1.925,1.96,1.89,1.92,2293600,NaN,NaN,NaN,NaN,NaN,NaN,NaN
1685062800,1.945,2.05,1.925,2.035,3071600,NaN,NaN,NaN,NaN,NaN,NaN,NaN
1685322000,2.05,2.1,2.05,2.09,2068200,NaN,NaN,NaN,NaN,NaN,NaN,NaN
1685408400,2.085,2.115,2.045,2.095,950800,NaN,NaN,NaN,NaN,NaN,NaN,NaN
1685494800,2.1,2.11,2.065,2.065,1071200,NaN,NaN,NaN,NaN,NaN,NaN,NaN
1685581200,2.09,2.09,2.06,2.06,257000,NaN,NaN,NaN,NaN,NaN,NaN,NaN
1685667600,2.095,2.095,2.065,2.095,433200,NaN,NaN,NaN,NaN,NaN,NaN,NaN
1686013200,2.095,2.11,2.06,2.095,1121200,NaN,NaN,NaN,NaN,NaN,NaN,NaN
1686099600,2.11,2.11,2.075,2.075,991200,NaN,NaN,NaN,NaN,NaN,NaN,NaN
1686186000,2.065,2.09,2.06,2.06,666200,NaN,NaN,NaN,NaN,NaN,NaN,NaN
1686272400,2.06,2.09,2.06,2.07,365200,NaN,NaN,NaN,NaN,NaN,NaN,NaN
1686531600,2.07,2.085,2.055,2.06,182400,NaN,NaN,NaN,NaN,NaN,NaN,NaN
1686618000,2.08,2.24,2.08,2.2,4899000,NaN,NaN,NaN,NaN,NaN,NaN,NaN
1686704400,2.21,2.3,2.195,2.2,5772200,NaN,NaN,NaN,NaN,NaN,NaN,NaN
1686790800,2.2,2.21,2.16,2.19,862000,NaN,NaN,NaN,NaN,NaN,NaN,NaN
1686877200,2.225,2.255,2.195,2.24,2423200,NaN,NaN,NaN,NaN,NaN,NaN,NaN
1687136400,2.24,2.25,2.21,2.235,918200,NaN,NaN,NaN,NaN,NaN,NaN,NaN
1687222800,2.2,2.215,2.185,2.2,1484800,NaN,NaN,NaN,NaN,NaN,NaN,NaN
1687309200,2.18,2.195,2.155,2.175,500000,NaN,NaN,NaN,NaN,NaN,NaN,NaN
1687395600,2.16,2.18,2.135,2.165,851800,NaN,NaN,NaN,NaN,NaN,NaN,NaN
1687482000,2.15,2.225,2.135,2.135,1029000,NaN,NaN,NaN,NaN,NaN,NaN,NaN
1687741200,2.125,2.14,2.08,2.095,1221000,NaN,NaN,NaN,NaN,NaN,NaN,NaN
1687827600,2.095,2.105,2.055,2.105,1257800,NaN,NaN,NaN,NaN,NaN,NaN,NaN
1687914000,2.105,2.155,2.1,2.15,1163800,NaN,NaN,NaN,NaN,NaN,NaN,NaN
1688086800,2.15,2.185,2.125,2.185,798800,2505674000,1009286000,349800000,20752000,165605000,659291000,0
1688346000,2.19,2.27,2.155,2.26,1780800,NaN,NaN,NaN,NaN,NaN,NaN,NaN
1688432400,2.255,2.3,2.21,2.28,1635400,NaN,NaN,NaN,NaN,NaN,NaN,NaN
1688518800,2.28,2.28,2.225,2.225,1809600,NaN,NaN,NaN,NaN,NaN,NaN,NaN
1688605200,2.225,2.25,2.155,2.19,1528400,NaN,NaN,NaN,NaN,NaN,NaN,NaN
1688691600,2.19,2.19,2.15,2.15,641000,NaN,NaN,NaN,NaN,NaN,NaN,NaN
1688950800,2.15,2.17,2.115,2.115,1853600,NaN,NaN,NaN,NaN,NaN,NaN,NaN
1689037200,2.13,2.195,2.13,2.19,2231200,NaN,NaN,NaN,NaN,NaN,NaN,NaN
1689123600,2.185,2.245,2.185,2.245,1606000,NaN,NaN,NaN,NaN,NaN,NaN,NaN
1689210000,2.24,2.32,2.225,2.26,3892800,NaN,NaN,NaN,NaN,NaN,NaN,NaN
1689296400,2.275,2.385,2.265,2.345,5090600,NaN,NaN,NaN,NaN,NaN,NaN,NaN
1689555600,2.355,2.365,2.33,2.335,3909800,NaN,NaN,NaN,NaN,NaN,NaN,NaN
1689642000,2.345,2.36,2.32,2.33,1034200,NaN,NaN,NaN,NaN,NaN,NaN,NaN
1689814800,2.335,2.34,2.3,2.3,2286400,NaN,NaN,NaN,NaN,NaN,NaN,NaN
1689901200,2.275,2.275,2.205,2.215,2304800,NaN,NaN,NaN,NaN,NaN,NaN,NaN
1690160400,2.19,2.245,2.19,2.225,903600,NaN,NaN,NaN,NaN,NaN,NaN,NaN
1690246800,2.225,2.27,2.225,2.265,1595000,NaN,NaN,NaN,NaN,NaN,NaN,NaN
1690333200,2.255,2.285,2.23,2.265,1263800,NaN,NaN,NaN,NaN,NaN,NaN,NaN
1690419600,2.24,2.28,2.24,2.255,1119000,NaN,NaN,NaN,NaN,NaN,NaN,NaN
1690506000,2.255,2.32,2.25,2.275,5068800,NaN,NaN,NaN,NaN,NaN,NaN,NaN
1690765200,2.285,2.335,2.285,2.3,1166000,NaN,NaN,NaN,NaN,NaN,NaN,NaN
1690851600,2.3,2.305,2.29,2.3,470400,NaN,NaN,NaN,NaN,NaN,NaN,NaN
1690938000,2.3,2.3,2.23,2.24,893600,NaN,NaN,NaN,NaN,NaN,NaN,NaN
1691024400,2.225,2.3,2.2,2.29,1491400,NaN,NaN,NaN,NaN,NaN,NaN,NaN
1691110800,2.285,2.34,2.285,2.315,2119800,NaN,NaN,NaN,NaN,NaN,NaN,NaN
1691370000,2.3,2.31,2.285,2.3,1135200,NaN,NaN,NaN,NaN,NaN,NaN,NaN
1691456400,2.285,2.295,2.285,2.29,142200,NaN,NaN,NaN,NaN,NaN,NaN,NaN
1691542800,2.29,2.31,2.29,2.3,2150200,NaN,NaN,NaN,NaN,NaN,NaN,NaN
1691629200,2.295,2.3,2.27,2.295,4524800,NaN,NaN,NaN,NaN,NaN,NaN,NaN
1691715600,2.305,2.39,2.28,2.38,2154200,NaN,NaN,NaN,NaN,NaN,NaN,NaN
1691974800,2.345,2.39,2.345,2.35,967400,NaN,NaN,NaN,NaN,NaN,NaN,NaN
1692061200,2.35,2.385,2.35,2.36,3795000,NaN,NaN,NaN,NaN,NaN,NaN,NaN
1692147600,2.35,2.36,2.34,2.34,1466600,NaN,NaN,NaN,NaN,NaN,NaN,NaN
1692234000,2.34,2.34,2.275,2.315,1061800,NaN,NaN,NaN,NaN,NaN,NaN,NaN
1692320400,2.3,2.3,2.24,2.25,1103000,NaN,NaN,NaN,NaN,NaN,NaN,NaN
1692579600,2.275,2.275,2.215,2.26,3403800,NaN,NaN,NaN,NaN,NaN,NaN,NaN
1692666000,2.3,2.3,2.265,2.295,279000,NaN,NaN,NaN,NaN,NaN,NaN,NaN
1692752400,2.29,2.3,2.265,2.275,356800,NaN,NaN,NaN,NaN,NaN,NaN,NaN
1692838800,2.3,2.335,2.285,2.31,917400,NaN,NaN,NaN,NaN,NaN,NaN,NaN
1692925200,2.31,2.335,2.28,2.325,548800,NaN,NaN,NaN,NaN,NaN,NaN,NaN
1693184400,2.35,2.36,2.305,2.31,1869400,NaN,NaN,NaN,NaN,NaN,NaN,NaN
1693270800,2.305,2.305,2.24,2.275,927000,NaN,NaN,NaN,NaN,NaN,NaN,NaN
1693357200,2.28,2.28,2.225,2.25,3242800,NaN,NaN,NaN,NaN,NaN,NaN,NaN
1693530000,2.25,2.25,2.215,2.225,2502600,NaN,NaN,NaN,NaN,NaN,NaN,NaN
1693789200,2.21,2.23,2.185,2.19,2515600,NaN,NaN,NaN,NaN,NaN,NaN,NaN
1693875600,2.19,2.26,2.175,2.215,1958400,NaN,NaN,NaN,NaN,NaN,NaN,NaN
1693962000,2.2,2.22,2.195,2.2,1133400,NaN,NaN,NaN,NaN,NaN,NaN,NaN
1694048400,2.195,2.2,2.175,2.175,445600,NaN,NaN,NaN,NaN,NaN,NaN,NaN
1694134800,2.175,2.175,2.14,2.155,979400,NaN,NaN,NaN,NaN,NaN,NaN,NaN
1694394000,2.15,2.205,2.15,2.2,848400,NaN,NaN,NaN,NaN,NaN,NaN,NaN
1694480400,2.205,2.205,2.18,2.19,686000,NaN,NaN,NaN,NaN,NaN,NaN,NaN
1694566800,2.19,2.195,2.155,2.17,1322000,NaN,NaN,NaN,NaN,NaN,NaN,NaN
1694653200,2.18,2.215,2.17,2.19,2243000,NaN,NaN,NaN,NaN,NaN,NaN,NaN
1694739600,2.195,2.21,2.175,2.195,1377200,NaN,NaN,NaN,NaN,NaN,NaN,NaN
1694998800,2.19,2.195,2.165,2.185,753200,NaN,NaN,NaN,NaN,NaN,NaN,NaN
1695085200,2.17,2.19,2.17,2.17,1114000,NaN,NaN,NaN,NaN,NaN,NaN,NaN
1695171600,2.17,2.19,2.13,2.18,865200,NaN,NaN,NaN,NaN,NaN,NaN,NaN
1695258000,2.15,2.23,2.15,2.21,1185000,NaN,NaN,NaN,NaN,NaN,NaN,NaN
1695344400,2.195,2.22,2.185,2.19,523000,NaN,NaN,NaN,NaN,NaN,NaN,NaN
1695603600,2.19,2.25,2.185,2.185,1176800,NaN,NaN,NaN,NaN,NaN,NaN,NaN
1695690000,2.185,2.245,2.185,2.225,760400,NaN,NaN,NaN,NaN,NaN,NaN,NaN
1695776400,2.23,2.235,2.2,2.21,236400,NaN,NaN,NaN,NaN,NaN,NaN,NaN
1695949200,2.205,2.205,2.175,2.185,497400,2507144000,952636000,244641000,52180000,224821000,707833000,0
1696208400,2.185,2.185,2.14,2.15,505400,NaN,NaN,NaN,NaN,NaN,NaN,NaN
1696294800,2.16,2.16,2.13,2.14,606600,NaN,NaN,NaN,NaN,NaN,NaN,NaN
1696381200,2.13,2.135,2.08,2.095,2513800,NaN,NaN,NaN,NaN,NaN,NaN,NaN
1696467600,2.1,2.13,2.1,2.13,369600,NaN,NaN,NaN,NaN,NaN,NaN,NaN
1696554000,2.135,2.15,2.1,2.1,720200,NaN,NaN,NaN,NaN,NaN,NaN,NaN
1696813200,2.1,2.125,2.065,2.075,915800,NaN,NaN,NaN,NaN,NaN,NaN,NaN
1696899600,2.075,2.115,2.075,2.1,2067600,NaN,NaN,NaN,NaN,NaN,NaN,NaN
1696986000,2.105,2.145,2.1,2.125,1000000,NaN,NaN,NaN,NaN,NaN,NaN,NaN
1697072400,2.13,2.13,2.095,2.12,972000,NaN,NaN,NaN,NaN,NaN,NaN,NaN
1697158800,2.11,2.115,2.09,2.09,1187800,NaN,NaN,NaN,NaN,NaN,NaN,NaN
1697418000,2.09,2.105,2.08,2.095,2119200,NaN,NaN,NaN,NaN,NaN,NaN,NaN
1697504400,2.1,2.12,2.095,2.095,1058200,NaN,NaN,NaN,NaN,NaN,NaN,NaN
1697590800,2.095,2.105,2.075,2.085,932800,NaN,NaN,NaN,NaN,NaN,NaN,NaN
1697677200,2.08,2.105,2.075,2.095,865000,NaN,NaN,NaN,NaN,NaN,NaN,NaN
1697763600,2.085,2.1,2.075,2.085,652000,NaN,NaN,NaN,NaN,NaN,NaN,NaN
1698022800,2.1,2.175,2.1,2.14,1961600,NaN,NaN,NaN,NaN,NaN,NaN,NaN
1698109200,2.15,2.225,2.15,2.21,1868400,NaN,NaN,NaN,NaN,NaN,NaN,NaN
1698195600,2.215,2.255,2.21,2.25,2733200,NaN,NaN,NaN,NaN,NaN,NaN,NaN
1698282000,2.24,2.285,2.225,2.26,1631000,NaN,NaN,NaN,NaN,NaN,NaN,NaN
1698368400,2.26,2.3,2.26,2.29,2386400,NaN,NaN,NaN,NaN,NaN,NaN,NaN
1698627600,2.295,2.31,2.28,2.285,1422400,NaN,NaN,NaN,NaN,NaN,NaN,NaN
1698714000,2.29,2.325,2.29,2.31,1774000,NaN,NaN,NaN,NaN,NaN,NaN,NaN
1698800400,2.305,2.32,2.29,2.295,1980600,NaN,NaN,NaN,NaN,NaN,NaN,NaN
1698886800,2.29,2.315,2.25,2.305,2589800,NaN,NaN,NaN,NaN,NaN,NaN,NaN
1698973200,2.315,2.39,2.315,2.335,3331600,NaN,NaN,NaN,NaN,NaN,NaN,NaN
1699232400,2.34,2.425,2.34,2.41,3151200,NaN,NaN,NaN,NaN,NaN,NaN,NaN
1699318800,2.415,2.415,2.375,2.385,4747800,NaN,NaN,NaN,NaN,NaN,NaN,NaN
1699405200,2.385,2.4,2.37,2.395,1517400,NaN,NaN,NaN,NaN,NaN,NaN,NaN
1699491600,2.395,2.415,2.375,2.38,1173400,NaN,NaN,NaN,NaN,NaN,NaN,NaN
1699578000,2.38,2.385,2.3,2.31,2538400,NaN,NaN,NaN,NaN,NaN,NaN,NaN
1699923600,2.315,2.375,2.315,2.335,452400,NaN,NaN,NaN,NaN,NaN,NaN,NaN
1700010000,2.37,2.41,2.37,2.4,2678400,NaN,NaN,NaN,NaN,NaN,NaN,NaN
1700096400,2.4,2.405,2.355,2.375,2059400,NaN,NaN,NaN,NaN,NaN,NaN,NaN
1700182800,2.365,2.365,2.345,2.355,1412400,NaN,NaN,NaN,NaN,NaN,NaN,NaN
1700442000,2.4,2.45,2.385,2.425,3921400,NaN,NaN,NaN,NaN,NaN,NaN,NaN
1700528400,2.43,2.445,2.4,2.44,1056800,NaN,NaN,NaN,NaN,NaN,NaN,NaN
1700614800,2.425,2.435,2.41,2.435,1196200,NaN,NaN,NaN,NaN,NaN,NaN,NaN
1700701200,2.435,2.435,2.38,2.38,382200,NaN,NaN,NaN,NaN,NaN,NaN,NaN
1700787600,2.38,2.4,2.34,2.4,639400,NaN,NaN,NaN,NaN,NaN,NaN,NaN
1701046800,2.395,2.395,2.365,2.395,747400,NaN,NaN,NaN,NaN,NaN,NaN,NaN
1701133200,2.375,2.375,2.32,2.35,1977000,NaN,NaN,NaN,NaN,NaN,NaN,NaN
1701219600,2.35,2.37,2.33,2.35,264200,NaN,NaN,NaN,NaN,NaN,NaN,NaN
1701306000,2.35,2.36,2.335,2.335,418800,NaN,NaN,NaN,NaN,NaN,NaN,NaN
1701392400,2.32,2.335,2.3,2.335,510800,NaN,NaN,NaN,NaN,NaN,NaN,NaN
1701651600,2.33,2.33,2.29,2.305,946400,NaN,NaN,NaN,NaN,NaN,NaN,NaN
1701738000,2.285,2.335,2.28,2.32,905200,NaN,NaN,NaN,NaN,NaN,NaN,NaN
1701824400,2.325,2.33,2.29,2.29,876600,NaN,NaN,NaN,NaN,NaN,NaN,NaN
1701910800,2.29,2.3,2.25,2.27,973400,NaN,NaN,NaN,NaN,NaN,NaN,NaN
1701997200,2.295,2.295,2.24,2.26,1787600,NaN,NaN,NaN,NaN,NaN,NaN,NaN
1702256400,2.3,2.31,2.245,2.305,251200,NaN,NaN,NaN,NaN,NaN,NaN,NaN
1702342800,2.3,2.345,2.28,2.315,311000,NaN,NaN,NaN,NaN,NaN,NaN,NaN
1702429200,2.315,2.315,2.265,2.3,327600,NaN,NaN,NaN,NaN,NaN,NaN,NaN
1702515600,2.315,2.375,2.31,2.365,889200,NaN,NaN,NaN,NaN,NaN,NaN,NaN
1702602000,2.37,2.38,2.35,2.38,824000,NaN,NaN,NaN,NaN,NaN,NaN,NaN
1702861200,2.375,2.375,2.325,2.365,475400,NaN,NaN,NaN,NaN,NaN,NaN,NaN
1702947600,2.355,2.365,2.335,2.35,378400,NaN,NaN,NaN,NaN,NaN,NaN,NaN
1703034000,2.35,2.4,2.325,2.4,860800,NaN,NaN,NaN,NaN,NaN,NaN,NaN
1703120400,2.395,2.4,2.36,2.4,783800,NaN,NaN,NaN,NaN,NaN,NaN,NaN
1703206800,2.4,2.4,2.375,2.385,195800,NaN,NaN,NaN,NaN,NaN,NaN,NaN
1703552400,2.38,2.395,2.36,2.395,435600,NaN,NaN,NaN,NaN,NaN,NaN,NaN
1703638800,2.38,2.39,2.35,2.36,285200,NaN,NaN,NaN,NaN,NaN,NaN,NaN
1703725200,2.36,2.4,2.35,2.4,363800,NaN,NaN,NaN,NaN,NaN,NaN,NaN
1703811600,2.4,2.4,2.38,2.4,1076600,2508398900,998776234,247263181,37949000,154640000,751384678,0
1704157200,2.395,2.43,2.38,2.43,596200,NaN,NaN,NaN,NaN,NaN,NaN,NaN
1704243600,2.43,2.49,2.42,2.46,1908600,NaN,NaN,NaN,NaN,NaN,NaN,NaN
1704330000,2.46,2.465,2.42,2.46,1173600,NaN,NaN,NaN,NaN,NaN,NaN,NaN
1704416400,2.465,2.49,2.445,2.475,2260200,NaN,NaN,NaN,NaN,NaN,NaN,NaN
1704675600,2.475,2.49,2.43,2.49,1328600,NaN,NaN,NaN,NaN,NaN,NaN,NaN
1704762000,2.495,2.54,2.45,2.45,1327400,NaN,NaN,NaN,NaN,NaN,NaN,NaN
1704848400,2.45,2.45,2.385,2.395,1235800,NaN,NaN,NaN,NaN,NaN,NaN,NaN
1704934800,2.395,2.42,2.39,2.4,702600,NaN,NaN,NaN,NaN,NaN,NaN,NaN
1705021200,2.4,2.4,2.39,2.395,2144000,NaN,NaN,NaN,NaN,NaN,NaN,NaN
1705280400,2.395,2.395,2.355,2.39,527800,NaN,NaN,NaN,NaN,NaN,NaN,NaN
1705366800,2.39,2.445,2.38,2.39,1127000,NaN,NaN,NaN,NaN,NaN,NaN,NaN
1705453200,2.38,2.385,2.32,2.375,807800,NaN,NaN,NaN,NaN,NaN,NaN,NaN
1705539600,2.365,2.38,2.34,2.38,630600,NaN,NaN,NaN,NaN,NaN,NaN,NaN
1705626000,2.345,2.39,2.345,2.39,361800,NaN,NaN,NaN,NaN,NaN,NaN,NaN
1705885200,2.425,2.425,2.365,2.425,717800,NaN,NaN,NaN,NaN,NaN,NaN,NaN
1705971600,2.42,2.425,2.375,2.425,541400,NaN,NaN,NaN,NaN,NaN,NaN,NaN
1706058000,2.42,2.42,2.36,2.395,590200,NaN,NaN,NaN,NaN,NaN,NaN,NaN
1706230800,2.375,2.41,2.34,2.37,1038000,NaN,NaN,NaN,NaN,NaN,NaN,NaN
1706490000,2.37,2.37,2.335,2.34,509800,NaN,NaN,NaN,NaN,NaN,NaN,NaN
1706576400,2.34,2.34,2.305,2.31,907600,NaN,NaN,NaN,NaN,NaN,NaN,NaN
1706662800,2.3,2.3,2.25,2.285,1039800,NaN,NaN,NaN,NaN,NaN,NaN,NaN
1706835600,2.285,2.315,2.245,2.26,1860400,NaN,NaN,NaN,NaN,NaN,NaN,NaN
1707094800,2.26,2.28,2.255,2.26,357200,NaN,NaN,NaN,NaN,NaN,NaN,NaN
1707181200,2.255,2.28,2.225,2.225,1053200,NaN,NaN,NaN,NaN,NaN,NaN,NaN
1707267600,2.225,2.355,2.225,2.31,1069200,NaN,NaN,NaN,NaN,NaN,NaN,NaN
1707354000,2.315,2.325,2.27,2.315,266000,NaN,NaN,NaN,NaN,NaN,NaN,NaN
1707440400,2.3,2.325,2.3,2.315,88200,NaN,NaN,NaN,NaN,NaN,NaN,NaN
1707786000,2.305,2.335,2.29,2.325,316800,NaN,NaN,NaN,NaN,NaN,NaN,NaN
1707872400,2.32,2.37,2.32,2.335,407400,NaN,NaN,NaN,NaN,NaN,NaN,NaN
1707958800,2.34,2.375,2.315,2.36,582200,NaN,NaN,NaN,NaN,NaN,NaN,NaN
1708045200,2.375,2.375,2.36,2.37,838800,NaN,NaN,NaN,NaN,NaN,NaN,NaN
1708304400,2.395,2.395,2.355,2.355,823600,NaN,NaN,NaN,NaN,NaN,NaN,NaN
1708390800,2.355,2.36,2.34,2.355,653400,NaN,NaN,NaN,NaN,NaN,NaN,NaN
1708477200,2.33,2.43,2.33,2.4,990200,NaN,NaN,NaN,NaN,NaN,NaN,NaN
1708563600,2.395,2.465,2.395,2.435,3326600,NaN,NaN,NaN,NaN,NaN,NaN,NaN
1708650000,2.46,2.465,2.43,2.45,1984200,NaN,NaN,NaN,NaN,NaN,NaN,NaN
1708909200,2.445,2.46,2.415,2.45,1680800,NaN,NaN,NaN,NaN,NaN,NaN,NaN
1708995600,2.45,2.46,2.41,2.42,479400,NaN,NaN,NaN,NaN,NaN,NaN,NaN
1709082000,2.445,2.445,2.375,2.385,715400,NaN,NaN,NaN,NaN,NaN,NaN,NaN
1709168400,2.375,2.395,2.37,2.385,323400,NaN,NaN,NaN,NaN,NaN,NaN,NaN
1709254800,2.365,2.41,2.355,2.405,369000,NaN,NaN,NaN,NaN,NaN,NaN,NaN
1709514000,2.405,2.41,2.35,2.35,549600,NaN,NaN,NaN,NaN,NaN,NaN,NaN
1709600400,2.345,2.36,2.325,2.345,277600,NaN,NaN,NaN,NaN,NaN,NaN,NaN
1709686800,2.315,2.345,2.315,2.325,147600,NaN,NaN,NaN,NaN,NaN,NaN,NaN
1709773200,2.325,2.355,2.315,2.315,952400,NaN,NaN,NaN,NaN,NaN,NaN,NaN
1709859600,2.34,2.36,2.315,2.36,573000,NaN,NaN,NaN,NaN,NaN,NaN,NaN
1710118800,2.36,2.36,2.31,2.315,310600,NaN,NaN,NaN,NaN,NaN,NaN,NaN
1710205200,2.315,2.32,2.3,2.315,265000,NaN,NaN,NaN,NaN,NaN,NaN,NaN
1710291600,2.31,2.345,2.3,2.3,417200,NaN,NaN,NaN,NaN,NaN,NaN,NaN
1710378000,2.3,2.325,2.285,2.3,366200,NaN,NaN,NaN,NaN,NaN,NaN,NaN
1710464400,2.31,2.32,2.295,2.3,804800,NaN,NaN,NaN,NaN,NaN,NaN,NaN
1710723600,2.3,2.33,2.3,2.33,125000,NaN,NaN,NaN,NaN,NaN,NaN,NaN
1710810000,2.325,2.325,2.31,2.315,617400,NaN,NaN,NaN,NaN,NaN,NaN,NaN
1710896400,2.315,2.315,2.3,2.31,504600,NaN,NaN,NaN,NaN,NaN,NaN,NaN
1710982800,2.315,2.36,2.315,2.33,852400,NaN,NaN,NaN,NaN,NaN,NaN,NaN
1711069200,2.335,2.395,2.335,2.375,892600,NaN,NaN,NaN,NaN,NaN,NaN,NaN
1711328400,2.36,2.405,2.36,2.39,1126400,NaN,NaN,NaN,NaN,NaN,NaN,NaN
1711414800,2.39,2.41,2.385,2.385,1152200,NaN,NaN,NaN,NaN,NaN,NaN,NaN
1711501200,2.39,2.39,2.33,2.35,885600,NaN,NaN,NaN,NaN,NaN,NaN,NaN
1711674000,2.335,2.35,2.33,2.345,182800,2508398000,1057896999.9999999,272869000,6145000,151863000,784914000,0
1711933200,2.345,2.35,2.335,2.335,187600,NaN,NaN,NaN,NaN,NaN,NaN,NaN
1712019600,2.33,2.345,2.325,2.335,653200,NaN,NaN,NaN,NaN,NaN,NaN,NaN
1712106000,2.335,2.345,2.31,2.325,715800,NaN,NaN,NaN,NaN,NaN,NaN,NaN
1712192400,2.325,2.35,2.315,2.34,355800,NaN,NaN,NaN,NaN,NaN,NaN,NaN
1712278800,2.35,2.35,2.32,2.325,351400,NaN,NaN,NaN,NaN,NaN,NaN,NaN
1712538000,2.325,2.34,2.305,2.305,445000,NaN,NaN,NaN,NaN,NaN,NaN,NaN
1712624400,2.305,2.31,2.265,2.285,2366000,NaN,NaN,NaN,NaN,NaN,NaN,NaN
1712883600,2.285,2.285,2.215,2.235,6194600,NaN,NaN,NaN,NaN,NaN,NaN,NaN
1713142800,2.23,2.305,2.225,2.3,1658400,NaN,NaN,NaN,NaN,NaN,NaN,NaN
1713229200,2.3,2.3,2.23,2.23,3229600,NaN,NaN,NaN,NaN,NaN,NaN,NaN
1713315600,2.235,2.315,2.235,2.31,2024400,NaN,NaN,NaN,NaN,NaN,NaN,NaN
1713402000,2.3,2.3,2.225,2.24,2068000,NaN,NaN,NaN,NaN,NaN,NaN,NaN
1713488400,2.24,2.255,2.205,2.245,1199000,NaN,NaN,NaN,NaN,NaN,NaN,NaN
1713747600,2.245,2.245,2.2,2.215,2727400,NaN,NaN,NaN,NaN,NaN,NaN,NaN
1713834000,2.225,2.3,2.22,2.285,4223800,NaN,NaN,NaN,NaN,NaN,NaN,NaN
1713920400,2.275,2.295,2.25,2.265,3005200,NaN,NaN,NaN,NaN,NaN,NaN,NaN
1714006800,2.265,2.265,2.23,2.26,2315000,NaN,NaN,NaN,NaN,NaN,NaN,NaN
1714093200,2.245,2.26,2.215,2.22,4681000,NaN,NaN,NaN,NaN,NaN,NaN,NaN
1714352400,2.225,2.26,2.215,2.255,5067400,NaN,NaN,NaN,NaN,NaN,NaN,NaN
1714438800,2.26,2.26,2.24,2.25,1424400,NaN,NaN,NaN,NaN,NaN,NaN,NaN
1714611600,2.245,2.245,2.2,2.2,2651600,NaN,NaN,NaN,NaN,NaN,NaN,NaN
1714698000,2.21,2.235,2.195,2.23,2661200,NaN,NaN,NaN,NaN,NaN,NaN,NaN
1714957200,2.23,2.31,2.22,2.27,4846000,NaN,NaN,NaN,NaN,NaN,NaN,NaN
1715043600,2.295,2.3,2.26,2.28,2588800,NaN,NaN,NaN,NaN,NaN,NaN,NaN
1715130000,2.265,2.275,2.235,2.255,671000,NaN,NaN,NaN,NaN,NaN,NaN,NaN
1715216400,2.245,2.275,2.245,2.25,326000,NaN,NaN,NaN,NaN,NaN,NaN,NaN
1715302800,2.245,2.245,2.215,2.235,4070200,NaN,NaN,NaN,NaN,NaN,NaN,NaN
1715562000,2.24,2.275,2.215,2.255,2299600,NaN,NaN,NaN,NaN,NaN,NaN,NaN
1715648400,2.245,2.275,2.245,2.265,1933000,NaN,NaN,NaN,NaN,NaN,NaN,NaN
1715734800,2.305,2.385,2.295,2.36,5915800,NaN,NaN,NaN,NaN,NaN,NaN,NaN
1715821200,2.375,2.45,2.355,2.415,5705400,NaN,NaN,NaN,NaN,NaN,NaN,NaN
1715907600,2.43,2.5,2.405,2.47,5968200,NaN,NaN,NaN,NaN,NaN,NaN,NaN
1716166800,2.48,2.51,2.475,2.475,4742800,NaN,NaN,NaN,NaN,NaN,NaN,NaN
1716253200,2.475,2.51,2.415,2.505,4764200,NaN,NaN,NaN,NaN,NaN,NaN,NaN
1716426000,2.53,2.69,2.53,2.69,11690000,NaN,NaN,NaN,NaN,NaN,NaN,NaN
1716512400,2.55,2.69,2.54,2.665,10976600,NaN,NaN,NaN,NaN,NaN,NaN,NaN
1716771600,2.665,2.775,2.625,2.705,7667000,NaN,NaN,NaN,NaN,NaN,NaN,NaN
1716858000,2.705,2.705,2.62,2.63,2685000,NaN,NaN,NaN,NaN,NaN,NaN,NaN
1716944400,2.625,2.66,2.58,2.62,2375800,NaN,NaN,NaN,NaN,NaN,NaN,NaN
1717030800,2.595,2.63,2.585,2.59,884800,NaN,NaN,NaN,NaN,NaN,NaN,NaN
1717117200,2.59,2.6,2.515,2.53,2841400,NaN,NaN,NaN,NaN,NaN,NaN,NaN
1717462800,2.535,2.63,2.535,2.625,1704800,NaN,NaN,NaN,NaN,NaN,NaN,NaN
1717549200,2.625,2.65,2.6,2.62,2550200,NaN,NaN,NaN,NaN,NaN,NaN,NaN
1717635600,2.625,2.67,2.615,2.65,3989600,NaN,NaN,NaN,NaN,NaN,NaN,NaN
1717722000,2.65,2.67,2.61,2.64,1594800,NaN,NaN,NaN,NaN,NaN,NaN,NaN
1717981200,2.64,2.665,2.62,2.625,1321200,NaN,NaN,NaN,NaN,NaN,NaN,NaN
1718067600,2.625,2.69,2.625,2.635,1558400,NaN,NaN,NaN,NaN,NaN,NaN,NaN
1718154000,2.65,2.73,2.59,2.62,7157200,NaN,NaN,NaN,NaN,NaN,NaN,NaN
1718240400,2.64,2.64,2.595,2.62,3456800,NaN,NaN,NaN,NaN,NaN,NaN,NaN
1718326800,2.615,2.64,2.605,2.605,1294200,NaN,NaN,NaN,NaN,NaN,NaN,NaN
1718672400,2.605,2.615,2.575,2.575,1276000,NaN,NaN,NaN,NaN,NaN,NaN,NaN
1718758800,2.575,2.605,2.515,2.545,1637800,NaN,NaN,NaN,NaN,NaN,NaN,NaN
1718845200,2.53,2.57,2.525,2.535,944800,NaN,NaN,NaN,NaN,NaN,NaN,NaN
1718931600,2.55,2.585,2.53,2.585,5569600,NaN,NaN,NaN,NaN,NaN,NaN,NaN
1719190800,2.585,2.585,2.5,2.51,2351200,NaN,NaN,NaN,NaN,NaN,NaN,NaN
1719277200,2.51,2.515,2.42,2.495,1890800,NaN,NaN,NaN,NaN,NaN,NaN,NaN
1719363600,2.5,2.575,2.495,2.575,1632000,NaN,NaN,NaN,NaN,NaN,NaN,NaN
1719450000,2.575,2.59,2.52,2.56,3627800,NaN,NaN,NaN,NaN,NaN,NaN,NaN
1719536400,2.575,2.64,2.57,2.625,4239000,2509731400,1135404000,300308000,49335000,205882000,834995000,0
1719795600,2.625,2.67,2.615,2.65,3032200,NaN,NaN,NaN,NaN,NaN,NaN,NaN
1719882000,2.65,2.69,2.635,2.66,4865600,NaN,NaN,NaN,NaN,NaN,NaN,NaN
1719968400,2.665,2.715,2.64,2.7,6341600,NaN,NaN,NaN,NaN,NaN,NaN,NaN
1720054800,2.725,2.775,2.685,2.755,10378400,NaN,NaN,NaN,NaN,NaN,NaN,NaN
1720141200,2.77,2.775,2.695,2.765,5027200,NaN,NaN,NaN,NaN,NaN,NaN,NaN
1720486800,2.765,2.865,2.765,2.825,4862000,NaN,NaN,NaN,NaN,NaN,NaN,NaN
1720573200,2.825,2.895,2.795,2.875,5517800,NaN,NaN,NaN,NaN,NaN,NaN,NaN
1720659600,2.885,2.925,2.875,2.915,3163800,NaN,NaN,NaN,NaN,NaN,NaN,NaN
1720746000,2.9,2.935,2.85,2.88,2875400,NaN,NaN,NaN,NaN,NaN,NaN,NaN
1721005200,2.875,2.9,2.845,2.875,887200,NaN,NaN,NaN,NaN,NaN,NaN,NaN
1721091600,2.885,2.885,2.83,2.865,1266000,NaN,NaN,NaN,NaN,NaN,NaN,NaN
1721178000,2.84,2.865,2.745,2.75,2846800,NaN,NaN,NaN,NaN,NaN,NaN,NaN
1721264400,2.75,2.75,2.675,2.715,4970000,NaN,NaN,NaN,NaN,NaN,NaN,NaN
1721350800,2.72,2.75,2.71,2.745,1796200,NaN,NaN,NaN,NaN,NaN,NaN,NaN
1721610000,2.73,2.79,2.665,2.79,2823000,NaN,NaN,NaN,NaN,NaN,NaN,NaN
1721696400,2.795,2.81,2.755,2.755,1883600,NaN,NaN,NaN,NaN,NaN,NaN,NaN
1721782800,2.755,2.765,2.72,2.745,754800,NaN,NaN,NaN,NaN,NaN,NaN,NaN
1721869200,2.72,2.745,2.625,2.625,11984600,NaN,NaN,NaN,NaN,NaN,NaN,NaN
1721955600,2.63,2.65,2.58,2.615,3898800,NaN,NaN,NaN,NaN,NaN,NaN,NaN
1722214800,2.625,2.66,2.62,2.65,973600,NaN,NaN,NaN,NaN,NaN,NaN,NaN
1722301200,2.635,2.67,2.63,2.655,837800,NaN,NaN,NaN,NaN,NaN,NaN,NaN
1722387600,2.65,2.675,2.65,2.655,2082600,NaN,NaN,NaN,NaN,NaN,NaN,NaN
1722474000,2.685,2.69,2.645,2.65,1398200,NaN,NaN,NaN,NaN,NaN,NaN,NaN
1722560400,2.625,2.645,2.545,2.545,4195200,NaN,NaN,NaN,NaN,NaN,NaN,NaN
1722819600,2.475,2.495,2.265,2.305,8423200,NaN,NaN,NaN,NaN,NaN,NaN,NaN
1722906000,2.315,2.42,2.28,2.42,3397600,NaN,NaN,NaN,NaN,NaN,NaN,NaN
1722992400,2.42,2.68,2.34,2.59,6090400,NaN,NaN,NaN,NaN,NaN,NaN,NaN
1723078800,2.525,2.57,2.445,2.53,1474800,NaN,NaN,NaN,NaN,NaN,NaN,NaN
1723165200,2.575,2.595,2.525,2.53,3483800,NaN,NaN,NaN,NaN,NaN,NaN,NaN
1723424400,2.535,2.595,2.535,2.55,1908000,NaN,NaN,NaN,NaN,NaN,NaN,NaN
1723510800,2.555,2.585,2.51,2.575,775800,NaN,NaN,NaN,NaN,NaN,NaN,NaN
1723597200,2.615,2.625,2.57,2.6,2303000,NaN,NaN,NaN,NaN,NaN,NaN,NaN
1723683600,2.625,2.625,2.58,2.6,3531400,NaN,NaN,NaN,NaN,NaN,NaN,NaN
1723770000,2.625,2.625,2.6,2.6,684800,NaN,NaN,NaN,NaN,NaN,NaN,NaN
1724029200,2.6,2.6,2.52,2.55,2297000,NaN,NaN,NaN,NaN,NaN,NaN,NaN
1724115600,2.555,2.58,2.425,2.455,4063400,NaN,NaN,NaN,NaN,NaN,NaN,NaN
1724202000,2.455,2.525,2.44,2.445,539600,NaN,NaN,NaN,NaN,NaN,NaN,NaN
1724288400,2.455,2.515,2.45,2.5,1375400,NaN,NaN,NaN,NaN,NaN,NaN,NaN
1724374800,2.515,2.53,2.41,2.415,2305600,NaN,NaN,NaN,NaN,NaN,NaN,NaN
1724634000,2.425,2.48,2.315,2.35,3303600,NaN,NaN,NaN,NaN,NaN,NaN,NaN
1724720400,2.39,2.39,2.31,2.325,2255400,NaN,NaN,NaN,NaN,NaN,NaN,NaN
1724806800,2.325,2.39,2.305,2.31,1343800,NaN,NaN,NaN,NaN,NaN,NaN,NaN
1724893200,2.31,2.31,2.22,2.24,3302600,NaN,NaN,NaN,NaN,NaN,NaN,NaN
1724979600,2.27,2.37,2.25,2.36,10153200,NaN,NaN,NaN,NaN,NaN,NaN,NaN
1725238800,2.4,2.4,2.35,2.37,2128200,NaN,NaN,NaN,NaN,NaN,NaN,NaN
1725325200,2.385,2.425,2.365,2.405,2964800,NaN,NaN,NaN,NaN,NaN,NaN,NaN
1725411600,2.35,2.38,2.33,2.35,2562600,NaN,NaN,NaN,NaN,NaN,NaN,NaN
1725498000,2.355,2.36,2.24,2.25,4153200,NaN,NaN,NaN,NaN,NaN,NaN,NaN
1725584400,2.26,2.28,2.205,2.265,2931400,NaN,NaN,NaN,NaN,NaN,NaN,NaN
1725843600,2.26,2.27,2.16,2.2,1398900,NaN,NaN,NaN,NaN,NaN,NaN,NaN
1725930000,2.23,2.23,2.09,2.15,2666100,NaN,NaN,NaN,NaN,NaN,NaN,NaN
1726016400,2.13,2.13,2.04,2.06,3085000,NaN,NaN,NaN,NaN,NaN,NaN,NaN
1726102800,2.15,2.26,2.1,2.21,4916000,NaN,NaN,NaN,NaN,NaN,NaN,NaN
1726189200,2.21,2.32,2.21,2.26,3909400,NaN,NaN,NaN,NaN,NaN,NaN,NaN
1726534800,2.26,2.3,2.16,2.16,995200,NaN,NaN,NaN,NaN,NaN,NaN,NaN
1726621200,2.16,2.23,2.16,2.23,456700,NaN,NaN,NaN,NaN,NaN,NaN,NaN
1726707600,2.23,2.3,2.16,2.26,1386400,NaN,NaN,NaN,NaN,NaN,NaN,NaN
1726794000,2.29,2.33,2.25,2.25,2135700,NaN,NaN,NaN,NaN,NaN,NaN,NaN
1727053200,2.27,2.31,2.2,2.2,1532700,NaN,NaN,NaN,NaN,NaN,NaN,NaN
1727139600,2.22,2.27,2.18,2.2,2145300,NaN,NaN,NaN,NaN,NaN,NaN,NaN
1727226000,2.21,2.25,2.1,2.14,2631700,NaN,NaN,NaN,NaN,NaN,NaN,NaN
1727312400,2.14,2.16,2.07,2.1,3466500,NaN,NaN,NaN,NaN,NaN,NaN,NaN
1727398800,2.1,2.15,2.05,2.09,5225900,NaN,NaN,NaN,NaN,NaN,NaN,NaN
1727658000,2.11,2.16,2.06,2.12,3569100,2509732000,1071363000,211654000,63576000,188792000,859622000,0
1727744400,2.16,2.16,2.12,2.12,2398600,NaN,NaN,NaN,NaN,NaN,NaN,NaN
1727830800,2.13,2.13,2.07,2.1,1796200,NaN,NaN,NaN,NaN,NaN,NaN,NaN
1727917200,2.11,2.12,2.03,2.05,2233400,NaN,NaN,NaN,NaN,NaN,NaN,NaN
1728003600,2.05,2.08,2.03,2.06,3313900,NaN,NaN,NaN,NaN,NaN,NaN,NaN
1728262800,2.06,2.12,2.05,2.09,1745800,NaN,NaN,NaN,NaN,NaN,NaN,NaN
1728349200,2.08,2.08,2.01,2.04,1730400,NaN,NaN,NaN,NaN,NaN,NaN,NaN
1728435600,2.05,2.08,2,2,1818500,NaN,NaN,NaN,NaN,NaN,NaN,NaN
1728522000,2.01,2.04,2.01,2.03,1112000,NaN,NaN,NaN,NaN,NaN,NaN,NaN
1728608400,2.04,2.04,1.96,2,3158800,NaN,NaN,NaN,NaN,NaN,NaN,NaN
1728867600,2.02,2.02,1.96,1.96,933500,NaN,NaN,NaN,NaN,NaN,NaN,NaN
1728954000,1.96,1.98,1.92,1.93,2118700,NaN,NaN,NaN,NaN,NaN,NaN,NaN
1729040400,1.9,1.91,1.85,1.91,3026800,NaN,NaN,NaN,NaN,NaN,NaN,NaN
1729126800,1.92,1.97,1.91,1.96,1634400,NaN,NaN,NaN,NaN,NaN,NaN,NaN
1729213200,1.96,2.04,1.95,2.04,3974700,NaN,NaN,NaN,NaN,NaN,NaN,NaN
1729472400,2.06,2.12,2.04,2.05,10730100,NaN,NaN,NaN,NaN,NaN,NaN,NaN
1729558800,2.06,2.14,2.06,2.09,4132100,NaN,NaN,NaN,NaN,NaN,NaN,NaN
1729645200,2.12,2.12,2.06,2.11,2933900,NaN,NaN,NaN,NaN,NaN,NaN,NaN
1729731600,2.11,2.12,2.08,2.1,2224000,NaN,NaN,NaN,NaN,NaN,NaN,NaN
1729818000,2.09,2.13,2.08,2.11,3151700,NaN,NaN,NaN,NaN,NaN,NaN,NaN
1730077200,2.12,2.2,2.12,2.15,3473900,NaN,NaN,NaN,NaN,NaN,NaN,NaN
1730163600,2.15,2.21,2.11,2.21,3259200,NaN,NaN,NaN,NaN,NaN,NaN,NaN
1730250000,2.22,2.26,2.2,2.2,2960600,NaN,NaN,NaN,NaN,NaN,NaN,NaN
1730422800,2.18,2.23,2.15,2.2,2073500,NaN,NaN,NaN,NaN,NaN,NaN,NaN
1730682000,2.22,2.22,2.15,2.19,1009800,NaN,NaN,NaN,NaN,NaN,NaN,NaN
1730768400,2.19,2.19,2.13,2.17,1434400,NaN,NaN,NaN,NaN,NaN,NaN,NaN
1730854800,2.18,2.41,2.17,2.37,12120300,NaN,NaN,NaN,NaN,NaN,NaN,NaN
1730941200,2.39,2.41,2.3,2.33,5800200,NaN,NaN,NaN,NaN,NaN,NaN,NaN
1731027600,2.33,2.33,2.23,2.3,2424700,NaN,NaN,NaN,NaN,NaN,NaN,NaN
1731286800,2.29,2.29,2.2,2.23,1135200,NaN,NaN,NaN,NaN,NaN,NaN,NaN
1731373200,2.24,2.25,2.14,2.15,1431800,NaN,NaN,NaN,NaN,NaN,NaN,NaN
1731459600,2.13,2.23,2.13,2.22,1136700,NaN,NaN,NaN,NaN,NaN,NaN,NaN
1731546000,2.23,2.23,2.15,2.16,2352000,NaN,NaN,NaN,NaN,NaN,NaN,NaN
1731632400,2.16,2.19,2.06,2.06,3522000,NaN,NaN,NaN,NaN,NaN,NaN,NaN
1731891600,2.06,2.08,2.01,2.03,1549900,NaN,NaN,NaN,NaN,NaN,NaN,NaN
1731978000,2.03,2.08,2.03,2.06,495100,NaN,NaN,NaN,NaN,NaN,NaN,NaN
1732064400,2.06,2.09,2.05,2.07,1331800,NaN,NaN,NaN,NaN,NaN,NaN,NaN
1732150800,2.07,2.08,2.02,2.06,1006200,NaN,NaN,NaN,NaN,NaN,NaN,NaN
1732237200,2.05,2.08,2.04,2.05,571600,NaN,NaN,NaN,NaN,NaN,NaN,NaN
1732496400,2.07,2.13,2.07,2.12,1883700,NaN,NaN,NaN,NaN,NaN,NaN,NaN
1732582800,2.12,2.13,2.07,2.11,934900,NaN,NaN,NaN,NaN,NaN,NaN,NaN
1732669200,2.07,2.1,2.01,2.03,6180500,NaN,NaN,NaN,NaN,NaN,NaN,NaN
1732755600,2.03,2.07,1.99,2,3837600,NaN,NaN,NaN,NaN,NaN,NaN,NaN
1732842000,2,2.07,1.98,2.06,4126000,NaN,NaN,NaN,NaN,NaN,NaN,NaN
1733101200,2.05,2.07,2.01,2.07,2165900,NaN,NaN,NaN,NaN,NaN,NaN,NaN
1733187600,2.06,2.13,2.06,2.13,2074900,NaN,NaN,NaN,NaN,NaN,NaN,NaN
1733274000,2.13,2.24,2.11,2.23,3804600,NaN,NaN,NaN,NaN,NaN,NaN,NaN
1733360400,2.24,2.25,2.18,2.2,994800,NaN,NaN,NaN,NaN,NaN,NaN,NaN
1733446800,2.2,2.25,2.17,2.25,1966900,NaN,NaN,NaN,NaN,NaN,NaN,NaN
1733706000,2.25,2.28,2.18,2.25,1525400,NaN,NaN,NaN,NaN,NaN,NaN,NaN
1733792400,2.25,2.25,2.21,2.23,1017300,NaN,NaN,NaN,NaN,NaN,NaN,NaN
1733878800,2.22,2.27,2.21,2.27,1137500,NaN,NaN,NaN,NaN,NaN,NaN,NaN
1733965200,2.28,2.31,2.22,2.25,2078000,NaN,NaN,NaN,NaN,NaN,NaN,NaN
1734051600,2.25,2.29,2.23,2.29,1725800,NaN,NaN,NaN,NaN,NaN,NaN,NaN
1734310800,2.3,2.34,2.26,2.33,2470800,NaN,NaN,NaN,NaN,NaN,NaN,NaN
1734397200,2.33,2.33,2.28,2.33,2773800,NaN,NaN,NaN,NaN,NaN,NaN,NaN
1734483600,2.32,2.33,2.28,2.32,2824000,NaN,NaN,NaN,NaN,NaN,NaN,NaN
1734570000,2.2,2.3,2.2,2.3,1420600,NaN,NaN,NaN,NaN,NaN,NaN,NaN
1734656400,2.27,2.31,2.27,2.3,958700,NaN,NaN,NaN,NaN,NaN,NaN,NaN
1734915600,2.3,2.31,2.25,2.3,793000,NaN,NaN,NaN,NaN,NaN,NaN,NaN
1735002000,2.3,2.31,2.28,2.28,482000,NaN,NaN,NaN,NaN,NaN,NaN,NaN
1735174800,2.29,2.32,2.27,2.29,905300,NaN,NaN,NaN,NaN,NaN,NaN,NaN
1735261200,2.29,2.31,2.28,2.3,466000,NaN,NaN,NaN,NaN,NaN,NaN,NaN
1735520400,2.31,2.31,2.28,2.29,256700,NaN,NaN,NaN,NaN,NaN,NaN,NaN
1735606800,2.28,2.32,2.28,2.31,2144200,2511422900,1115079616,205717256,44485000,205836000,909290272,0
1735779600,2.3,2.32,2.28,2.32,710800,NaN,NaN,NaN,NaN,NaN,NaN,NaN
1735866000,2.32,2.32,2.28,2.31,644200,NaN,NaN,NaN,NaN,NaN,NaN,NaN
1736125200,2.31,2.31,2.28,2.3,1018600,NaN,NaN,NaN,NaN,NaN,NaN,NaN
1736211600,2.3,2.37,2.3,2.37,2168600,NaN,NaN,NaN,NaN,NaN,NaN,NaN
1736298000,2.36,2.45,2.33,2.36,4246300,NaN,NaN,NaN,NaN,NaN,NaN,NaN
1736384400,2.36,2.36,2.29,2.31,2734900,NaN,NaN,NaN,NaN,NaN,NaN,NaN
1736470800,2.3,2.34,2.3,2.32,469600,NaN,NaN,NaN,NaN,NaN,NaN,NaN
1736730000,2.3,2.3,2.24,2.28,1201800,NaN,NaN,NaN,NaN,NaN,NaN,NaN
1736816400,2.27,2.31,2.27,2.31,366600,NaN,NaN,NaN,NaN,NaN,NaN,NaN
1736902800,2.32,2.32,2.21,2.23,989600,NaN,NaN,NaN,NaN,NaN,NaN,NaN
1736989200,2.26,2.28,2.22,2.23,1216300,NaN,NaN,NaN,NaN,NaN,NaN,NaN
1737075600,2.21,2.22,2.2,2.2,702100,NaN,NaN,NaN,NaN,NaN,NaN,NaN
1737334800,2.2,2.25,2.2,2.2,553800,NaN,NaN,NaN,NaN,NaN,NaN,NaN
1737421200,2.2,2.27,2.18,2.27,1478700,NaN,NaN,NaN,NaN,NaN,NaN,NaN
1737507600,2.27,2.27,2.23,2.23,944900,NaN,NaN,NaN,NaN,NaN,NaN,NaN
1737594000,2.22,2.23,2.08,2.14,3787000,NaN,NaN,NaN,NaN,NaN,NaN,NaN
1737680400,2.14,2.15,2.11,2.13,2206500,NaN,NaN,NaN,NaN,NaN,NaN,NaN
1737939600,2.1,2.12,2.07,2.09,1600900,NaN,NaN,NaN,NaN,NaN,NaN,NaN
1738026000,2.08,2.08,1.98,2.05,2024000,NaN,NaN,NaN,NaN,NaN,NaN,NaN
1738285200,2.01,2.05,1.98,2,1638800,NaN,NaN,NaN,NaN,NaN,NaN,NaN
1738544400,1.99,2.05,1.98,2.04,955000,NaN,NaN,NaN,NaN,NaN,NaN,NaN
1738630800,2.02,2.06,2,2.03,1288700,NaN,NaN,NaN,NaN,NaN,NaN,NaN
1738717200,2.03,2.1,2.03,2.07,834400,NaN,NaN,NaN,NaN,NaN,NaN,NaN
1738803600,2.07,2.08,2.03,2.06,399300,NaN,NaN,NaN,NaN,NaN,NaN,NaN
1738890000,2.06,2.12,2.06,2.09,468300,NaN,NaN,NaN,NaN,NaN,NaN,NaN
1739149200,2.09,2.1,2.01,2.01,1021700,NaN,NaN,NaN,NaN,NaN,NaN,NaN
1739322000,2.02,2.03,1.93,1.94,1805100,NaN,NaN,NaN,NaN,NaN,NaN,NaN
1739408400,1.95,2,1.94,1.95,1236500,NaN,NaN,NaN,NaN,NaN,NaN,NaN
1739494800,1.96,1.98,1.92,1.94,801600,NaN,NaN,NaN,NaN,NaN,NaN,NaN
1739754000,1.98,1.98,1.93,1.94,560300,NaN,NaN,NaN,NaN,NaN,NaN,NaN
1739840400,1.95,1.95,1.83,1.84,2583800,NaN,NaN,NaN,NaN,NaN,NaN,NaN
1739926800,1.9,1.98,1.8,1.81,7863400,NaN,NaN,NaN,NaN,NaN,NaN,NaN
1740013200,1.82,1.89,1.79,1.79,3293700,NaN,NaN,NaN,NaN,NaN,NaN,NaN
1740099600,1.81,1.83,1.77,1.78,3237200,NaN,NaN,NaN,NaN,NaN,NaN,NaN
1740358800,1.78,1.84,1.65,1.81,4009100,NaN,NaN,NaN,NaN,NaN,NaN,NaN
1740445200,1.81,1.82,1.75,1.76,1567600,NaN,NaN,NaN,NaN,NaN,NaN,NaN
1740531600,1.75,1.83,1.75,1.79,965900,NaN,NaN,NaN,NaN,NaN,NaN,NaN
1740618000,1.8,1.83,1.75,1.81,1979800,NaN,NaN,NaN,NaN,NaN,NaN,NaN
1740704400,1.77,1.79,1.67,1.67,2818800,NaN,NaN,NaN,NaN,NaN,NaN,NaN
1740963600,1.68,1.71,1.68,1.69,2367600,NaN,NaN,NaN,NaN,NaN,NaN,NaN
1741050000,1.68,1.68,1.59,1.59,6874800,NaN,NaN,NaN,NaN,NaN,NaN,NaN
1741136400,1.62,1.68,1.54,1.54,4772500,NaN,NaN,NaN,NaN,NaN,NaN,NaN
1741222800,1.56,1.58,1.5,1.51,4364100,NaN,NaN,NaN,NaN,NaN,NaN,NaN
1741309200,1.51,1.56,1.45,1.45,5778700,NaN,NaN,NaN,NaN,NaN,NaN,NaN
1741568400,1.47,1.52,1.39,1.4,5673200,NaN,NaN,NaN,NaN,NaN,NaN,NaN
1741654800,1.37,1.46,1.3,1.38,9725300,NaN,NaN,NaN,NaN,NaN,NaN,NaN
1741741200,1.4,1.48,1.37,1.45,3697700,NaN,NaN,NaN,NaN,NaN,NaN,NaN
1741827600,1.5,1.5,1.43,1.44,4893100,NaN,NaN,NaN,NaN,NaN,NaN,NaN
1741914000,1.43,1.56,1.43,1.53,6006900,NaN,NaN,NaN,NaN,NaN,NaN,NaN
1742173200,1.57,1.61,1.55,1.56,10563900,NaN,NaN,NaN,NaN,NaN,NaN,NaN
1742346000,1.56,1.62,1.52,1.61,3375600,NaN,NaN,NaN,NaN,NaN,NaN,NaN
1742432400,1.64,1.72,1.63,1.69,7479200,NaN,NaN,NaN,NaN,NaN,NaN,NaN
1742518800,1.69,1.71,1.66,1.68,2321200,NaN,NaN,NaN,NaN,NaN,NaN,NaN
1742778000,1.68,1.69,1.62,1.63,2788700,NaN,NaN,NaN,NaN,NaN,NaN,NaN
1742864400,1.66,1.69,1.66,1.67,3735300,NaN,NaN,NaN,NaN,NaN,NaN,NaN
1742950800,1.69,1.72,1.64,1.7,1679600,NaN,NaN,NaN,NaN,NaN,NaN,NaN
1743037200,1.7,1.76,1.67,1.74,2512400,NaN,NaN,NaN,NaN,NaN,NaN,NaN
1743123600,1.74,1.75,1.71,1.74,2256900,2511423000,1161647000,214426000,42985000,175386000,947163000,0
1743555600,1.72,1.72,1.67,1.7,3814100,NaN,NaN,NaN,NaN,NaN,NaN,NaN
1743642000,1.64,1.68,1.54,1.56,6145700,NaN,NaN,NaN,NaN,NaN,NaN,NaN
1743728400,1.5,1.54,1.39,1.42,11518400,NaN,NaN,NaN,NaN,NaN,NaN,NaN
1743987600,1.25,1.28,1.15,1.22,10704500,NaN,NaN,NaN,NaN,NaN,NaN,NaN
1744074000,1.28,1.3,1.14,1.16,13427100,NaN,NaN,NaN,NaN,NaN,NaN,NaN
1744160400,1.12,1.17,1.1,1.12,6340700,NaN,NaN,NaN,NaN,NaN,NaN,NaN
1744246800,1.35,1.36,1.26,1.3,32684200,NaN,NaN,NaN,NaN,NaN,NaN,NaN
1744333200,1.23,1.36,1.22,1.3,6002700,NaN,NaN,NaN,NaN,NaN,NaN,NaN
1744592400,1.39,1.41,1.32,1.34,11087900,NaN,NaN,NaN,NaN,NaN,NaN,NaN
1744678800,1.34,1.34,1.28,1.29,6024000,NaN,NaN,NaN,NaN,NaN,NaN,NaN
1744765200,1.28,1.31,1.24,1.26,5221300,NaN,NaN,NaN,NaN,NaN,NaN,NaN
1744851600,1.24,1.31,1.22,1.27,3027900,NaN,NaN,NaN,NaN,NaN,NaN,NaN
1744938000,1.27,1.33,1.26,1.31,3599600,NaN,NaN,NaN,NaN,NaN,NaN,NaN
1745197200,1.31,1.32,1.28,1.3,4088100,NaN,NaN,NaN,NaN,NaN,NaN,NaN
1745283600,1.27,1.3,1.25,1.29,2107500,NaN,NaN,NaN,NaN,NaN,NaN,NaN
1745370000,1.34,1.36,1.31,1.35,9889300,NaN,NaN,NaN,NaN,NaN,NaN,NaN
1745456400,1.35,1.41,1.32,1.36,7573100,NaN,NaN,NaN,NaN,NaN,NaN,NaN
1745542800,1.39,1.47,1.39,1.46,8065200,NaN,NaN,NaN,NaN,NaN,NaN,NaN
1745802000,1.47,1.48,1.43,1.46,5834800,NaN,NaN,NaN,NaN,NaN,NaN,NaN
1745888400,1.46,1.49,1.45,1.45,3088500,NaN,NaN,NaN,NaN,NaN,NaN,NaN
1745974800,1.45,1.48,1.44,1.45,4348800,NaN,NaN,NaN,NaN,NaN,NaN,NaN
1746147600,1.46,1.53,1.43,1.48,10013800,NaN,NaN,NaN,NaN,NaN,NaN,NaN
1746406800,1.5,1.54,1.42,1.44,9088800,NaN,NaN,NaN,NaN,NaN,NaN,NaN
1746493200,1.43,1.44,1.4,1.41,3307400,NaN,NaN,NaN,NaN,NaN,NaN,NaN
1746579600,1.42,1.45,1.39,1.42,5704000,NaN,NaN,NaN,NaN,NaN,NaN,NaN
1746666000,1.43,1.52,1.41,1.49,13706500,NaN,NaN,NaN,NaN,NaN,NaN,NaN
1746752400,1.51,1.52,1.47,1.48,5413100,NaN,NaN,NaN,NaN,NaN,NaN,NaN
1747098000,1.56,1.64,1.55,1.59,18717200,NaN,NaN,NaN,NaN,NaN,NaN,NaN
1747184400,1.64,1.85,1.63,1.78,26673900,NaN,NaN,NaN,NaN,NaN,NaN,NaN
1747270800,1.78,1.85,1.75,1.83,12972300,NaN,NaN,NaN,NaN,NaN,NaN,NaN
1747357200,1.83,1.84,1.75,1.77,6050400,NaN,NaN,NaN,NaN,NaN,NaN,NaN
1747616400,1.77,1.77,1.63,1.64,7598700,NaN,NaN,NaN,NaN,NaN,NaN,NaN
1747702800,1.67,1.71,1.63,1.63,3721700,NaN,NaN,NaN,NaN,NaN,NaN,NaN
1747789200,1.64,1.64,1.57,1.6,4284000,NaN,NaN,NaN,NaN,NaN,NaN,NaN
1747875600,1.57,1.63,1.55,1.61,3595200,NaN,NaN,NaN,NaN,NaN,NaN,NaN
1747962000,1.63,1.64,1.57,1.6,1781700,NaN,NaN,NaN,NaN,NaN,NaN,NaN
1748221200,1.58,1.6,1.52,1.56,2563100,NaN,NaN,NaN,NaN,NaN,NaN,NaN
1748307600,1.56,1.58,1.52,1.54,1457000,NaN,NaN,NaN,NaN,NaN,NaN,NaN
1748394000,1.6,1.67,1.58,1.59,7185200,NaN,NaN,NaN,NaN,NaN,NaN,NaN
1748480400,1.63,1.73,1.6,1.73,8225300,NaN,NaN,NaN,NaN,NaN,NaN,NaN
1748566800,1.7,1.72,1.67,1.7,5163900,NaN,NaN,NaN,NaN,NaN,NaN,NaN
1748912400,1.7,1.72,1.65,1.7,2588400,NaN,NaN,NaN,NaN,NaN,NaN,NaN
1748998800,1.71,1.77,1.68,1.72,4005400,NaN,NaN,NaN,NaN,NaN,NaN,NaN
1749085200,1.72,1.76,1.72,1.75,3251100,NaN,NaN,NaN,NaN,NaN,NaN,NaN
1749171600,1.74,1.74,1.71,1.72,1990100,NaN,NaN,NaN,NaN,NaN,NaN,NaN
1749430800,1.74,1.79,1.73,1.77,3413800,NaN,NaN,NaN,NaN,NaN,NaN,NaN
1749517200,1.77,1.8,1.73,1.74,3584600,NaN,NaN,NaN,NaN,NaN,NaN,NaN
1749603600,1.76,1.79,1.75,1.77,2027000,NaN,NaN,NaN,NaN,NaN,NaN,NaN
1749690000,1.77,1.78,1.73,1.75,1820700,NaN,NaN,NaN,NaN,NaN,NaN,NaN
1749776400,1.72,1.72,1.67,1.7,4455100,NaN,NaN,NaN,NaN,NaN,NaN,NaN
1750035600,1.68,1.7,1.65,1.69,3369300,NaN,NaN,NaN,NaN,NaN,NaN,NaN
1750122000,1.7,1.72,1.65,1.67,3256200,NaN,NaN,NaN,NaN,NaN,NaN,NaN
1750208400,1.64,1.64,1.61,1.62,5553400,NaN,NaN,NaN,NaN,NaN,NaN,NaN
1750294800,1.62,1.62,1.57,1.61,3552500,NaN,NaN,NaN,NaN,NaN,NaN,NaN
1750381200,1.61,1.62,1.59,1.61,3723800,NaN,NaN,NaN,NaN,NaN,NaN,NaN
1750640400,1.58,1.61,1.55,1.61,1565700,NaN,NaN,NaN,NaN,NaN,NaN,NaN
1750726800,1.64,1.67,1.62,1.66,3090400,NaN,NaN,NaN,NaN,NaN,NaN,NaN
1750813200,1.67,1.7,1.66,1.69,2121300,NaN,NaN,NaN,NaN,NaN,NaN,NaN
1750899600,1.69,1.75,1.68,1.73,3546000,NaN,NaN,NaN,NaN,NaN,NaN,NaN
1751245200,1.77,1.78,1.71,1.71,1922900,2511423000,1228413000,253723000,42903000,232734000,974646000,0
1751331600,1.72,1.77,1.71,1.73,2058700,NaN,NaN,NaN,NaN,NaN,NaN,NaN
1751418000,1.72,1.79,1.7,1.79,2989200,NaN,NaN,NaN,NaN,NaN,NaN,NaN
1751504400,1.8,1.93,1.79,1.92,9965400,NaN,NaN,NaN,NaN,NaN,NaN,NaN
1751590800,1.92,1.95,1.84,1.88,8938000,NaN,NaN,NaN,NaN,NaN,NaN,NaN
1751850000,1.81,1.84,1.77,1.81,3743900,NaN,NaN,NaN,NaN,NaN,NaN,NaN
1751936400,1.76,1.77,1.72,1.74,4431700,NaN,NaN,NaN,NaN,NaN,NaN,NaN
1752022800,1.74,1.78,1.74,1.75,3099100,NaN,NaN,NaN,NaN,NaN,NaN,NaN
1752109200,1.77,1.79,1.75,1.75,2797500,NaN,NaN,NaN,NaN,NaN,NaN,NaN
1752195600,1.75,1.84,1.75,1.77,5669800,NaN,NaN,NaN,NaN,NaN,NaN,NaN
1752454800,1.78,1.81,1.75,1.77,2044400,NaN,NaN,NaN,NaN,NaN,NaN,NaN
1752541200,1.78,1.82,1.75,1.76,3878100,NaN,NaN,NaN,NaN,NaN,NaN,NaN
1752627600,1.75,1.79,1.73,1.74,3119800,NaN,NaN,NaN,NaN,NaN,NaN,NaN
1752714000,1.74,1.77,1.7,1.74,4989400,NaN,NaN,NaN,NaN,NaN,NaN,NaN
1752800400,1.76,1.77,1.7,1.71,2429500,NaN,NaN,NaN,NaN,NaN,NaN,NaN
1753059600,1.69,1.72,1.68,1.71,2097200,NaN,NaN,NaN,NaN,NaN,NaN,NaN
1753146000,1.72,1.73,1.66,1.66,2337100,NaN,NaN,NaN,NaN,NaN,NaN,NaN
1753232400,1.66,1.71,1.66,1.7,1925200,NaN,NaN,NaN,NaN,NaN,NaN,NaN
1753318800,1.72,1.75,1.7,1.71,3437400,NaN,NaN,NaN,NaN,NaN,NaN,NaN
1753405200,1.72,1.72,1.64,1.66,3083600,NaN,NaN,NaN,NaN,NaN,NaN,NaN
1753664400,1.68,1.7,1.66,1.67,1163300,NaN,NaN,NaN,NaN,NaN,NaN,NaN
1753750800,1.68,1.69,1.63,1.64,1227200,NaN,NaN,NaN,NaN,NaN,NaN,NaN
1753837200,1.65,1.66,1.63,1.64,728700,NaN,NaN,NaN,NaN,NaN,NaN,NaN
1753923600,1.65,1.75,1.64,1.71,5096300,NaN,NaN,NaN,NaN,NaN,NaN,NaN
1754010000,1.75,1.76,1.69,1.69,4790600,NaN,NaN,NaN,NaN,NaN,NaN,NaN
1754269200,1.67,1.7,1.66,1.69,1299300,NaN,NaN,NaN,NaN,NaN,NaN,NaN
1754355600,1.71,1.74,1.69,1.7,2326500,NaN,NaN,NaN,NaN,NaN,NaN,NaN
1754442000,1.7,1.71,1.67,1.67,1715500,NaN,NaN,NaN,NaN,NaN,NaN,NaN
1754528400,1.64,1.69,1.61,1.65,2661100,NaN,NaN,NaN,NaN,NaN,NaN,NaN
1754614800,1.64,1.66,1.6,1.6,2026800,NaN,NaN,NaN,NaN,NaN,NaN,NaN
1754874000,1.6,1.64,1.6,1.6,2081100,NaN,NaN,NaN,NaN,NaN,NaN,NaN
1754960400,1.61,1.82,1.61,1.79,10515800,NaN,NaN,NaN,NaN,NaN,NaN,NaN
1755046800,1.82,2.06,1.82,2.04,21662500,NaN,NaN,NaN,NaN,NaN,NaN,NaN
1755133200,2.04,2.04,1.97,2.02,7095800,NaN,NaN,NaN,NaN,NaN,NaN,NaN
1755219600,2.02,2.06,1.99,1.99,5188900,NaN,NaN,NaN,NaN,NaN,NaN,NaN
1755478800,1.97,1.98,1.92,1.97,3811600,NaN,NaN,NaN,NaN,NaN,NaN,NaN
1755565200,1.98,2.02,1.95,1.96,3054700,NaN,NaN,NaN,NaN,NaN,NaN,NaN
1755651600,1.95,2.03,1.94,2,4004300,NaN,NaN,NaN,NaN,NaN,NaN,NaN
1755738000,2,2.02,1.91,1.94,4685400,NaN,NaN,NaN,NaN,NaN,NaN,NaN
1755824400,1.93,1.95,1.9,1.94,2009900,NaN,NaN,NaN,NaN,NaN,NaN,NaN
1756083600,2,2.14,1.98,2.12,36720600,NaN,NaN,NaN,NaN,NaN,NaN,NaN
1756170000,2.12,2.14,2.05,2.05,7831400,NaN,NaN,NaN,NaN,NaN,NaN,NaN
1756256400,2.05,2.15,2.04,2.14,7455300,NaN,NaN,NaN,NaN,NaN,NaN,NaN
1756342800,2.14,2.14,2.07,2.11,3670500,NaN,NaN,NaN,NaN,NaN,NaN,NaN
1756429200,2.11,2.11,2.06,2.09,2423700,NaN,NaN,NaN,NaN,NaN,NaN,NaN
1756774800,2.08,2.09,2.04,2.07,2925400,NaN,NaN,NaN,NaN,NaN,NaN,NaN
1756861200,2.06,2.12,2.05,2.1,2657200,NaN,NaN,NaN,NaN,NaN,NaN,NaN
1756947600,2.13,2.15,2.06,2.13,3568700,NaN,NaN,NaN,NaN,NaN,NaN,NaN
1757293200,2.12,2.15,2.08,2.1,1890700,NaN,NaN,NaN,NaN,NaN,NaN,NaN
1757379600,2.11,2.12,2.08,2.09,2010800,NaN,NaN,NaN,NaN,NaN,NaN,NaN
1757466000,2.09,2.12,2.07,2.09,1699800,NaN,NaN,NaN,NaN,NaN,NaN,NaN
1757552400,2.08,2.15,2.07,2.11,3891400,NaN,NaN,NaN,NaN,NaN,NaN,NaN
1757638800,2.11,2.2,2.11,2.15,6898500,NaN,NaN,NaN,NaN,NaN,NaN,NaN
1758070800,2.15,2.22,2.08,2.1,6380400,NaN,NaN,NaN,NaN,NaN,NaN,NaN
1758157200,2.1,2.14,2.09,2.14,2504000,NaN,NaN,NaN,NaN,NaN,NaN,NaN
1758243600,2.14,2.15,2.09,2.1,6477700,NaN,NaN,NaN,NaN,NaN,NaN,NaN
1758502800,2.1,2.11,2.08,2.1,3352500,NaN,NaN,NaN,NaN,NaN,NaN,NaN
1758589200,2.11,2.14,2.09,2.11,2769200,NaN,NaN,NaN,NaN,NaN,NaN,NaN
1758675600,2.09,2.11,2.04,2.1,3601300,NaN,NaN,NaN,NaN,NaN,NaN,NaN
1758762000,2.09,2.1,2,2.01,5515300,NaN,NaN,NaN,NaN,NaN,NaN,NaN
1758848400,2,2.04,1.97,2.02,3408800,NaN,NaN,NaN,NaN,NaN,NaN,NaN