time,open,high,low,close,Volume,Total common shares outstanding,Total assets,Total liabilities,Operating income,Total revenue,Shareholders&#039; equity,Dividend yield %
1479085200,2.485,2.515,2.405,2.405,6636800,NaN,NaN,NaN,NaN,NaN,NaN,NaN
1479171600,2.39,2.45,2.39,2.435,3404400,NaN,NaN,NaN,NaN,NaN,NaN,NaN
1479258000,2.435,2.445,2.405,2.43,2198400,NaN,NaN,NaN,NaN,NaN,NaN,NaN
1479344400,2.435,2.44,2.4,2.43,1092200,NaN,NaN,NaN,NaN,NaN,NaN,NaN
1479430800,2.435,2.46,2.425,2.44,3354400,NaN,NaN,NaN,NaN,NaN,NaN,NaN
1479690000,2.445,2.46,2.415,2.425,1456800,NaN,NaN,NaN,NaN,NaN,NaN,NaN
1479776400,2.425,2.455,2.425,2.45,3255600,NaN,NaN,NaN,NaN,NaN,NaN,NaN
1479862800,2.45,2.45,2.425,2.43,959800,NaN,NaN,NaN,NaN,NaN,NaN,NaN
1479949200,2.425,2.435,2.42,2.425,2229000,NaN,NaN,NaN,NaN,NaN,NaN,NaN
1480035600,2.425,2.425,2.4,2.41,3604400,NaN,NaN,NaN,NaN,NaN,NaN,NaN
1480294800,2.395,2.4,2.36,2.36,4727600,NaN,NaN,NaN,NaN,NaN,NaN,NaN
1480381200,2.36,2.375,2.34,2.35,3077200,NaN,NaN,NaN,NaN,NaN,NaN,NaN
1480467600,2.355,2.45,2.34,2.45,5202200,NaN,NaN,NaN,NaN,NaN,NaN,NaN
1480554000,2.45,2.45,2.4,2.41,2976600,NaN,NaN,NaN,NaN,NaN,NaN,NaN
1480640400,2.4,2.4,2.375,2.385,2034400,NaN,NaN,NaN,NaN,NaN,NaN,NaN
1480899600,2.395,2.395,2.37,2.375,1547200,NaN,NaN,NaN,NaN,NaN,NaN,NaN
1480986000,2.355,2.365,2.295,2.325,5058600,NaN,NaN,NaN,NaN,NaN,NaN,NaN
1481072400,2.34,2.36,2.295,2.31,2617000,NaN,NaN,NaN,NaN,NaN,NaN,NaN
1481158800,2.345,2.375,2.32,2.375,390800,NaN,NaN,NaN,NaN,NaN,NaN,NaN
1481245200,2.33,2.375,2.33,2.365,2052600,NaN,NaN,NaN,NaN,NaN,NaN,NaN
1481590800,2.345,2.375,2.345,2.37,2397000,NaN,NaN,NaN,NaN,NaN,NaN,NaN
1481677200,2.345,2.4,2.33,2.4,616200,NaN,NaN,NaN,NaN,NaN,NaN,NaN
1481763600,2.345,2.445,2.345,2.445,936600,NaN,NaN,NaN,NaN,NaN,NaN,NaN
1481850000,2.405,2.45,2.375,2.38,2518200,NaN,NaN,NaN,NaN,NaN,NaN,NaN
1482109200,2.375,2.385,2.365,2.375,220400,NaN,NaN,NaN,NaN,NaN,NaN,NaN
1482195600,2.38,2.4,2.375,2.375,594400,NaN,NaN,NaN,NaN,NaN,NaN,NaN
1482282000,2.385,2.4,2.375,2.38,1693200,NaN,NaN,NaN,NaN,NaN,NaN,NaN
1482368400,2.38,2.38,2.315,2.35,658800,NaN,NaN,NaN,NaN,NaN,NaN,NaN
1482454800,2.32,2.34,2.32,2.33,1293000,NaN,NaN,NaN,NaN,NaN,NaN,NaN
1482800400,2.34,2.38,2.305,2.34,137400,NaN,NaN,NaN,NaN,NaN,NaN,NaN
1482886800,2.31,2.375,2.3,2.37,1458400,NaN,NaN,NaN,NaN,NaN,NaN,NaN
1482973200,2.345,2.4,2.34,2.38,1358000,NaN,NaN,NaN,NaN,NaN,NaN,NaN
1483059600,2.39,2.415,2.33,2.415,1529200,NaN,NaN,NaN,NaN,NaN,NaN,NaN
1483405200,2.395,2.41,2.35,2.405,622400,NaN,NaN,NaN,NaN,NaN,NaN,NaN
1483491600,2.42,2.42,2.365,2.37,972600,NaN,NaN,NaN,NaN,NaN,NaN,NaN
1483578000,2.4,2.42,2.35,2.42,616200,NaN,NaN,NaN,NaN,NaN,NaN,NaN
1483664400,2.41,2.44,2.36,2.44,1964800,NaN,NaN,NaN,NaN,NaN,NaN,NaN
1483923600,2.44,2.44,2.365,2.365,118800,NaN,NaN,NaN,NaN,NaN,NaN,NaN
1484010000,2.425,2.425,2.375,2.405,395200,NaN,NaN,NaN,NaN,NaN,NaN,NaN
1484096400,2.415,2.425,2.4,2.405,1115200,NaN,NaN,NaN,NaN,NaN,NaN,NaN
1484182800,2.405,2.42,2.355,2.38,412600,NaN,NaN,NaN,NaN,NaN,NaN,NaN
1484269200,2.375,2.38,2.335,2.35,689400,NaN,NaN,NaN,NaN,NaN,NaN,NaN
1484528400,2.34,2.38,2.325,2.33,1985400,NaN,NaN,NaN,NaN,NaN,NaN,NaN
1484614800,2.33,2.33,2.295,2.3,3394400,NaN,NaN,NaN,NaN,NaN,NaN,NaN
1484701200,2.3,2.315,2.285,2.285,1055600,NaN,NaN,NaN,NaN,NaN,NaN,NaN
1484787600,2.3,2.3,2.265,2.28,1586000,NaN,NaN,NaN,NaN,NaN,NaN,NaN
1484874000,2.285,2.315,2.28,2.31,354400,NaN,NaN,NaN,NaN,NaN,NaN,NaN
1485133200,2.32,2.37,2.32,2.355,2988400,NaN,NaN,NaN,NaN,NaN,NaN,NaN
1485219600,2.37,2.375,2.35,2.36,649400,NaN,NaN,NaN,NaN,NaN,NaN,NaN
1485306000,2.35,2.37,2.33,2.355,409200,NaN,NaN,NaN,NaN,NaN,NaN,NaN
1485392400,2.35,2.4,2.35,2.4,3239400,NaN,NaN,NaN,NaN,NaN,NaN,NaN
1485478800,2.4,2.405,2.335,2.405,2274800,NaN,NaN,NaN,NaN,NaN,NaN,NaN
1485824400,2.345,2.37,2.335,2.36,935800,NaN,NaN,NaN,NaN,NaN,NaN,NaN
1485997200,2.315,2.4,2.315,2.39,2185200,NaN,NaN,NaN,NaN,NaN,NaN,NaN
1486083600,2.375,2.4,2.34,2.4,799200,NaN,NaN,NaN,NaN,NaN,NaN,NaN
1486342800,2.355,2.395,2.345,2.375,495800,NaN,NaN,NaN,NaN,NaN,NaN,NaN
1486429200,2.35,2.39,2.35,2.39,317800,NaN,NaN,NaN,NaN,NaN,NaN,NaN
1486515600,2.375,2.39,2.37,2.375,4013600,NaN,NaN,NaN,NaN,NaN,NaN,NaN
1486688400,2.385,2.39,2.36,2.385,715000,NaN,NaN,NaN,NaN,NaN,NaN,NaN
1486947600,2.375,2.38,2.365,2.38,355000,NaN,NaN,NaN,NaN,NaN,NaN,NaN
1487034000,2.375,2.38,2.34,2.375,877200,NaN,NaN,NaN,NaN,NaN,NaN,NaN
1487120400,2.34,2.39,2.335,2.39,1997600,NaN,NaN,NaN,NaN,NaN,NaN,NaN
1487206800,2.39,2.39,2.345,2.385,461200,NaN,NaN,NaN,NaN,NaN,NaN,NaN
1487293200,2.36,2.38,2.355,2.355,255000,NaN,NaN,NaN,NaN,NaN,NaN,NaN
1487552400,2.355,2.38,2.35,2.38,385200,NaN,NaN,NaN,NaN,NaN,NaN,NaN
1487638800,2.345,2.39,2.345,2.38,2451200,NaN,NaN,NaN,NaN,NaN,NaN,NaN
1487725200,2.38,2.39,2.38,2.38,822400,NaN,NaN,NaN,NaN,NaN,NaN,NaN
1487811600,2.35,2.395,2.35,2.38,855200,NaN,NaN,NaN,NaN,NaN,NaN,NaN
1487898000,2.38,2.4,2.35,2.4,2853400,NaN,NaN,NaN,NaN,NaN,NaN,NaN
1488157200,2.365,2.395,2.34,2.355,476400,NaN,NaN,NaN,NaN,NaN,NaN,NaN
1488243600,2.35,2.43,2.35,2.43,2680400,NaN,NaN,NaN,NaN,NaN,NaN,NaN
1488330000,2.425,2.475,2.425,2.45,2092000,NaN,NaN,NaN,NaN,NaN,NaN,NaN
1488416400,2.45,2.485,2.415,2.48,2358600,NaN,NaN,NaN,NaN,NaN,NaN,NaN
1488502800,2.45,2.45,2.4,2.425,2350200,NaN,NaN,NaN,NaN,NaN,NaN,NaN
1488762000,2.425,2.43,2.405,2.425,1296800,NaN,NaN,NaN,NaN,NaN,NaN,NaN
1488848400,2.42,2.45,2.42,2.45,2662600,NaN,NaN,NaN,NaN,NaN,NaN,NaN
1488934800,2.43,2.45,2.42,2.45,352400,NaN,NaN,NaN,NaN,NaN,NaN,NaN
1489021200,2.425,2.425,2.4,2.4,511200,NaN,NaN,NaN,NaN,NaN,NaN,NaN
1489107600,2.4,2.405,2.36,2.4,817600,NaN,NaN,NaN,NaN,NaN,NaN,NaN
1489366800,2.36,2.395,2.355,2.36,701400,NaN,NaN,NaN,NaN,NaN,NaN,NaN
1489453200,2.36,2.4,2.36,2.39,1168200,NaN,NaN,NaN,NaN,NaN,NaN,NaN
1489539600,2.375,2.395,2.36,2.385,277600,NaN,NaN,NaN,NaN,NaN,NaN,NaN
1489626000,2.4,2.4,2.385,2.4,4483600,NaN,NaN,NaN,NaN,NaN,NaN,NaN
1489712400,2.4,2.41,2.4,2.405,3234000,NaN,NaN,NaN,NaN,NaN,NaN,NaN
1489971600,2.4,2.435,2.385,2.425,681000,NaN,NaN,NaN,NaN,NaN,NaN,NaN
1490058000,2.42,2.45,2.41,2.45,1078000,NaN,NaN,NaN,NaN,NaN,NaN,NaN
1490144400,2.45,2.475,2.445,2.475,1096200,NaN,NaN,NaN,NaN,NaN,NaN,NaN
1490230800,2.475,2.485,2.455,2.485,1059400,NaN,NaN,NaN,NaN,NaN,NaN,NaN
1490317200,2.48,2.485,2.47,2.48,773600,NaN,NaN,NaN,NaN,NaN,NaN,NaN
1490576400,2.48,2.485,2.46,2.47,915800,NaN,NaN,NaN,NaN,NaN,NaN,NaN
1490662800,2.48,2.485,2.465,2.47,1698400,NaN,NaN,NaN,NaN,NaN,NaN,NaN
1490749200,2.465,2.465,2.42,2.425,1269400,NaN,NaN,NaN,NaN,NaN,NaN,NaN
1490835600,2.43,2.485,2.43,2.48,893000,NaN,NaN,NaN,NaN,NaN,NaN,NaN
1490922000,2.44,2.48,2.44,2.48,1644000,NaN,NaN,NaN,NaN,NaN,NaN,NaN
1491181200,2.45,2.45,2.445,2.45,1204000,NaN,NaN,NaN,NaN,NaN,NaN,NaN
1491267600,2.44,2.45,2.44,2.45,335000,NaN,NaN,NaN,NaN,NaN,NaN,NaN
1491354000,2.45,2.485,2.445,2.485,1377600,NaN,NaN,NaN,NaN,NaN,NaN,NaN
1491440400,2.485,2.49,2.44,2.475,8422000,NaN,NaN,NaN,NaN,NaN,NaN,NaN
1491526800,2.44,2.48,2.44,2.475,321600,NaN,NaN,NaN,NaN,NaN,NaN,NaN
1491786000,2.45,2.475,2.45,2.475,388000,NaN,NaN,NaN,NaN,NaN,NaN,NaN
1491872400,2.465,2.475,2.44,2.44,351000,NaN,NaN,NaN,NaN,NaN,NaN,NaN
1491958800,2.45,2.475,2.45,2.47,812400,NaN,NaN,NaN,NaN,NaN,NaN,NaN
1492045200,2.47,2.47,2.45,2.45,261200,NaN,NaN,NaN,NaN,NaN,NaN,NaN
1492131600,2.45,2.47,2.435,2.46,176600,NaN,NaN,NaN,NaN,NaN,NaN,NaN
1492390800,2.45,2.455,2.445,2.45,99000,NaN,NaN,NaN,NaN,NaN,NaN,NaN
1492477200,2.46,2.475,2.46,2.475,770000,NaN,NaN,NaN,NaN,NaN,NaN,NaN
1492563600,2.44,2.48,2.44,2.47,1347800,NaN,NaN,NaN,NaN,NaN,NaN,NaN
1492650000,2.48,2.485,2.465,2.485,1523800,NaN,NaN,NaN,NaN,NaN,NaN,NaN
1492736400,2.48,2.49,2.45,2.49,596000,NaN,NaN,NaN,NaN,NaN,NaN,NaN
1493082000,2.49,2.49,2.46,2.48,1183200,NaN,NaN,NaN,NaN,NaN,NaN,NaN
1493168400,2.48,2.49,2.445,2.445,812200,NaN,NaN,NaN,NaN,NaN,NaN,NaN
1493254800,2.455,2.475,2.455,2.475,441800,NaN,NaN,NaN,NaN,NaN,NaN,NaN
1493341200,2.48,2.48,2.45,2.45,448800,NaN,NaN,NaN,NaN,NaN,NaN,NaN
1493686800,2.45,2.495,2.45,2.46,2459000,NaN,NaN,NaN,NaN,NaN,NaN,NaN
1493773200,2.465,2.475,2.45,2.455,630600,NaN,NaN,NaN,NaN,NaN,NaN,NaN
1493859600,2.455,2.475,2.45,2.47,719000,NaN,NaN,NaN,NaN,NaN,NaN,NaN
1493946000,2.465,2.495,2.455,2.495,1845000,NaN,NaN,NaN,NaN,NaN,NaN,NaN
1494205200,2.5,2.58,2.5,2.57,3012400,NaN,NaN,NaN,NaN,NaN,NaN,NaN
1494291600,2.575,2.735,2.575,2.695,5589600,NaN,NaN,NaN,NaN,NaN,NaN,NaN
1494464400,2.75,2.865,2.74,2.85,5816200,NaN,NaN,NaN,NaN,NaN,NaN,NaN
1494550800,2.855,2.925,2.82,2.845,4524600,NaN,NaN,NaN,NaN,NaN,NaN,NaN
1494810000,2.835,2.84,2.74,2.835,3358600,NaN,NaN,NaN,NaN,NaN,NaN,NaN
1494896400,2.83,2.83,2.755,2.795,2571400,NaN,NaN,NaN,NaN,NaN,NaN,NaN
1494982800,2.795,2.895,2.795,2.88,1866600,NaN,NaN,NaN,NaN,NaN,NaN,NaN
1495069200,2.865,2.925,2.835,2.925,4334600,NaN,NaN,NaN,NaN,NaN,NaN,NaN
1495155600,2.925,2.995,2.915,2.98,4878000,NaN,NaN,NaN,NaN,NaN,NaN,NaN
1495414800,3,3.025,2.995,3.025,6596200,NaN,NaN,NaN,NaN,NaN,NaN,NaN
1495501200,3.025,3.05,3.01,3.05,5905200,NaN,NaN,NaN,NaN,NaN,NaN,NaN
1495587600,3.05,3.195,3.035,3.195,5370200,NaN,NaN,NaN,NaN,NaN,NaN,NaN
1495674000,3.195,3.225,3.15,3.19,1527400,NaN,NaN,NaN,NaN,NaN,NaN,NaN
1495760400,3.155,3.2,3.09,3.165,1137800,NaN,NaN,NaN,NaN,NaN,NaN,NaN
1496019600,3.165,3.165,3.075,3.1,627800,NaN,NaN,NaN,NaN,NaN,NaN,NaN
1496106000,3.095,3.11,3.02,3.03,1511000,NaN,NaN,NaN,NaN,NaN,NaN,NaN
1496192400,3.03,3.07,3.025,3.035,3478200,NaN,NaN,NaN,NaN,NaN,NaN,NaN
1496278800,3.045,3.18,3.045,3.15,3480200,NaN,NaN,NaN,NaN,NaN,NaN,NaN
1496365200,3.15,3.175,3.1,3.16,1262000,NaN,NaN,NaN,NaN,NaN,NaN,NaN
1496624400,3.17,3.225,3.165,3.225,2985600,NaN,NaN,NaN,NaN,NaN,NaN,NaN
1496710800,3.225,3.235,3.135,3.17,2324200,NaN,NaN,NaN,NaN,NaN,NaN,NaN
1496797200,3.175,3.25,3.17,3.235,2758600,NaN,NaN,NaN,NaN,NaN,NaN,NaN
1496883600,3.235,3.5,3.235,3.5,7223200,NaN,NaN,NaN,NaN,NaN,NaN,NaN
1496970000,3.5,3.56,3.425,3.5,4294400,NaN,NaN,NaN,NaN,NaN,NaN,NaN
1497315600,3.495,3.5,3.425,3.475,1567400,NaN,NaN,NaN,NaN,NaN,NaN,NaN
1497402000,3.45,3.48,3.4,3.43,1067600,NaN,NaN,NaN,NaN,NaN,NaN,NaN
1497488400,3.42,3.475,3.405,3.405,678600,NaN,NaN,NaN,NaN,NaN,NaN,NaN
1497574800,3.425,3.45,3.385,3.405,3296200,NaN,NaN,NaN,NaN,NaN,NaN,NaN
1497834000,3.4,3.4,3.35,3.4,3099800,NaN,NaN,NaN,NaN,NaN,NaN,NaN
1497920400,3.425,3.49,3.4,3.425,3378600,NaN,NaN,NaN,NaN,NaN,NaN,NaN
1498006800,3.405,3.52,3.405,3.445,2399800,NaN,NaN,NaN,NaN,NaN,NaN,NaN
1498093200,3.495,3.5,3.44,3.47,1423600,NaN,NaN,NaN,NaN,NaN,NaN,NaN
1498179600,3.475,3.5,3.47,3.495,697000,NaN,NaN,NaN,NaN,NaN,NaN,NaN
1498611600,3.495,3.595,3.475,3.595,2008000,NaN,NaN,NaN,NaN,NaN,NaN,NaN
1498698000,3.6,3.61,3.52,3.605,1069400,NaN,NaN,NaN,NaN,NaN,NaN,NaN
1498784400,3.605,3.69,3.58,3.69,2609000,NaN,NaN,NaN,NaN,NaN,NaN,NaN
1499043600,3.7,3.7,3.675,3.69,1858000,NaN,NaN,NaN,NaN,NaN,NaN,NaN
1499130000,3.675,3.68,3.625,3.65,351600,NaN,NaN,NaN,NaN,NaN,NaN,NaN
1499216400,3.65,3.675,3.545,3.6,1157200,NaN,NaN,NaN,NaN,NaN,NaN,NaN
1499302800,3.56,3.6,3.435,3.435,2513200,NaN,NaN,NaN,NaN,NaN,NaN,NaN
1499389200,3.425,3.43,3.29,3.425,9383800,NaN,NaN,NaN,NaN,NaN,NaN,NaN
1499648400,3.47,3.475,3.35,3.375,1638600,NaN,NaN,NaN,NaN,NaN,NaN,NaN
1499734800,3.375,3.44,3.345,3.4,3277000,NaN,NaN,NaN,NaN,NaN,NaN,NaN
1499821200,3.4,3.515,3.37,3.475,2457400,NaN,NaN,NaN,NaN,NaN,NaN,NaN
1499907600,3.475,3.5,3.45,3.47,1508800,NaN,NaN,NaN,NaN,NaN,NaN,NaN
1499994000,3.465,3.49,3.46,3.49,937200,NaN,NaN,NaN,NaN,NaN,NaN,NaN
1500253200,3.49,3.49,3.41,3.435,2436600,NaN,NaN,NaN,NaN,NaN,NaN,NaN
1500339600,3.41,3.42,3.37,3.375,4549400,NaN,NaN,NaN,NaN,NaN,NaN,NaN
1500426000,3.375,3.43,3.37,3.38,3240400,NaN,NaN,NaN,NaN,NaN,NaN,NaN
1500512400,3.38,3.44,3.38,3.4,2932800,NaN,NaN,NaN,NaN,NaN,NaN,NaN
1500598800,3.39,3.445,3.38,3.43,1199200,NaN,NaN,NaN,NaN,NaN,NaN,NaN
1500858000,3.4,3.48,3.4,3.48,937600,NaN,NaN,NaN,NaN,NaN,NaN,NaN
1500944400,3.45,3.575,3.45,3.52,2971800,NaN,NaN,NaN,NaN,NaN,NaN,NaN
1501030800,3.525,3.56,3.52,3.55,3574800,NaN,NaN,NaN,NaN,NaN,NaN,NaN
1501117200,3.55,3.615,3.55,3.605,1573200,NaN,NaN,NaN,NaN,NaN,NaN,NaN
1501203600,3.575,3.6,3.57,3.575,1323600,NaN,NaN,NaN,NaN,NaN,NaN,NaN
1501462800,3.525,3.55,3.51,3.535,1872400,NaN,NaN,NaN,NaN,NaN,NaN,NaN
1501549200,3.5,3.575,3.5,3.53,935200,NaN,NaN,NaN,NaN,NaN,NaN,NaN
1501635600,3.54,3.55,3.45,3.5,1916600,NaN,NaN,NaN,NaN,NaN,NaN,NaN
1501722000,3.5,3.51,3.485,3.485,1691000,NaN,NaN,NaN,NaN,NaN,NaN,NaN
1501808400,3.485,3.575,3.485,3.565,2576800,NaN,NaN,NaN,NaN,NaN,NaN,NaN
1502067600,3.545,3.63,3.545,3.585,1235200,NaN,NaN,NaN,NaN,NaN,NaN,NaN
1502154000,3.565,3.58,3.52,3.575,1568400,NaN,NaN,NaN,NaN,NaN,NaN,NaN
1502240400,3.55,3.55,3.435,3.465,4330200,NaN,NaN,NaN,NaN,NaN,NaN,NaN
1502326800,3.465,3.465,3.375,3.41,3688200,NaN,NaN,NaN,NaN,NaN,NaN,NaN
1502413200,3.37,3.385,3.35,3.36,1197600,NaN,NaN,NaN,NaN,NaN,NaN,NaN
1502672400,3.36,3.41,3.35,3.385,2434800,NaN,NaN,NaN,NaN,NaN,NaN,NaN
1502758800,3.385,3.515,3.385,3.495,2386400,NaN,NaN,NaN,NaN,NaN,NaN,NaN
1502845200,3.495,3.495,3.43,3.48,1417000,NaN,NaN,NaN,NaN,NaN,NaN,NaN
1502931600,3.5,3.55,3.455,3.55,2443600,NaN,NaN,NaN,NaN,NaN,NaN,NaN
1503018000,3.545,3.545,3.515,3.53,1507400,NaN,NaN,NaN,NaN,NaN,NaN,NaN
1503277200,3.525,3.535,3.51,3.52,1894800,NaN,NaN,NaN,NaN,NaN,NaN,NaN
1503363600,3.53,3.53,3.425,3.45,2949800,NaN,NaN,NaN,NaN,NaN,NaN,NaN
1503450000,3.485,3.485,3.45,3.45,721600,NaN,NaN,NaN,NaN,NaN,NaN,NaN
1503536400,3.47,3.47,3.43,3.445,865400,NaN,NaN,NaN,NaN,NaN,NaN,NaN
1503622800,3.425,3.48,3.4,3.425,1611200,NaN,NaN,NaN,NaN,NaN,NaN,NaN
1503882000,3.465,3.465,3.38,3.38,575400,NaN,NaN,NaN,NaN,NaN,NaN,NaN
1503968400,3.385,3.425,3.375,3.38,1397800,NaN,NaN,NaN,NaN,NaN,NaN,NaN
1504054800,3.4,3.44,3.39,3.395,4531000,NaN,NaN,NaN,NaN,NaN,NaN,NaN
1504573200,3.425,3.5,3.38,3.385,2719200,NaN,NaN,NaN,NaN,NaN,NaN,NaN
1504659600,3.415,3.47,3.405,3.435,2587600,NaN,NaN,NaN,NaN,NaN,NaN,NaN
1504746000,3.46,3.475,3.365,3.45,2879200,NaN,NaN,NaN,NaN,NaN,NaN,NaN
1504832400,3.405,3.45,3.38,3.45,1924400,NaN,NaN,NaN,NaN,NaN,NaN,NaN
1505091600,3.39,3.415,3.35,3.35,1618200,NaN,NaN,NaN,NaN,NaN,NaN,NaN
1505178000,3.375,3.375,3.36,3.365,1815200,NaN,NaN,NaN,NaN,NaN,NaN,NaN
1505264400,3.365,3.37,3.195,3.195,4749200,NaN,NaN,NaN,NaN,NaN,NaN,NaN
1505350800,3.195,3.26,3.19,3.245,5282400,NaN,NaN,NaN,NaN,NaN,NaN,NaN
1505437200,3.25,3.255,3.205,3.245,4551400,NaN,NaN,NaN,NaN,NaN,NaN,NaN
1505696400,3.25,3.295,3.25,3.26,1663000,NaN,NaN,NaN,NaN,NaN,NaN,NaN
1505782800,3.26,3.26,3.235,3.25,1148000,NaN,NaN,NaN,NaN,NaN,NaN,NaN
1505869200,3.245,3.245,3.195,3.215,1315000,NaN,NaN,NaN,NaN,NaN,NaN,NaN
1505955600,3.24,3.255,3.205,3.24,2019000,NaN,NaN,NaN,NaN,NaN,NaN,NaN
1506301200,3.255,3.315,3.24,3.25,4928200,NaN,NaN,NaN,NaN,NaN,NaN,NaN
1506387600,3.28,3.35,3.25,3.275,6617800,NaN,NaN,NaN,NaN,NaN,NaN,NaN
1506474000,3.275,3.44,3.275,3.4,10331000,NaN,NaN,NaN,NaN,NaN,NaN,NaN
1506560400,3.4,3.465,3.355,3.455,3497400,NaN,NaN,NaN,NaN,NaN,NaN,NaN
1506646800,3.435,3.485,3.385,3.48,10269000,3301902826,2466744000,604927000,130008000.00000001,584617000,1858655000,1.72413793103448
1506906000,3.48,3.49,3.41,3.475,987400,NaN,NaN,NaN,NaN,NaN,NaN,NaN
1506992400,3.415,3.49,3.415,3.49,899000,NaN,NaN,NaN,NaN,NaN,NaN,NaN
1507078800,3.495,3.495,3.47,3.49,388800,NaN,NaN,NaN,NaN,NaN,NaN,NaN
1507165200,3.49,3.49,3.41,3.44,1406000,NaN,NaN,NaN,NaN,NaN,NaN,NaN
1507251600,3.4,3.485,3.365,3.485,1595600,NaN,NaN,NaN,NaN,NaN,NaN,NaN
1507510800,3.425,3.485,3.425,3.45,258400,NaN,NaN,NaN,NaN,NaN,NaN,NaN
1507597200,3.45,3.465,3.44,3.465,781600,NaN,NaN,NaN,NaN,NaN,NaN,NaN
1507683600,3.475,3.475,3.44,3.47,1594400,NaN,NaN,NaN,NaN,NaN,NaN,NaN
1507770000,3.47,3.74,3.455,3.74,9534200,NaN,NaN,NaN,NaN,NaN,NaN,NaN
1507856400,3.71,3.75,3.64,3.74,7606800,NaN,NaN,NaN,NaN,NaN,NaN,NaN
1508115600,3.74,3.865,3.705,3.85,5968000,NaN,NaN,NaN,NaN,NaN,NaN,NaN
1508202000,3.85,3.855,3.82,3.84,2698200,NaN,NaN,NaN,NaN,NaN,NaN,NaN
1508374800,3.815,3.875,3.815,3.85,3664400,NaN,NaN,NaN,NaN,NaN,NaN,NaN
1508461200,3.875,3.885,3.845,3.865,8292600,NaN,NaN,NaN,NaN,NaN,NaN,NaN
1508720400,3.875,3.885,3.815,3.84,2010400,NaN,NaN,NaN,NaN,NaN,NaN,NaN
1508806800,3.84,3.875,3.81,3.815,3574400,NaN,NaN,NaN,NaN,NaN,NaN,NaN
1508893200,3.845,3.85,3.825,3.84,1497400,NaN,NaN,NaN,NaN,NaN,NaN,NaN
1508979600,3.82,3.86,3.815,3.815,1620600,NaN,NaN,NaN,NaN,NaN,NaN,NaN
1509066000,3.86,3.875,3.665,3.84,4127800,NaN,NaN,NaN,NaN,NaN,NaN,NaN
1509325200,3.825,3.825,3.7,3.81,1507400,NaN,NaN,NaN,NaN,NaN,NaN,NaN
1509411600,3.835,3.835,3.755,3.81,1527600,NaN,NaN,NaN,NaN,NaN,NaN,NaN
1509498000,3.81,3.825,3.81,3.825,295400,NaN,NaN,NaN,NaN,NaN,NaN,NaN
1509584400,3.825,3.835,3.79,3.83,727400,NaN,NaN,NaN,NaN,NaN,NaN,NaN
1509670800,3.83,3.895,3.825,3.87,2186800,NaN,NaN,NaN,NaN,NaN,NaN,NaN
1509930000,3.875,3.905,3.865,3.88,1414200,NaN,NaN,NaN,NaN,NaN,NaN,NaN
1510016400,3.88,4,3.875,4,3914000,NaN,NaN,NaN,NaN,NaN,NaN,NaN
1510102800,4.075,4.19,4.075,4.15,4194800,NaN,NaN,NaN,NaN,NaN,NaN,NaN
1510189200,4.105,4.19,4.1,4.15,4336600,NaN,NaN,NaN,NaN,NaN,NaN,NaN
1510275600,4.15,4.4,4.145,4.35,11084600,NaN,NaN,NaN,NaN,NaN,NaN,NaN
1510534800,4.45,4.64,4.35,4.425,6557800,NaN,NaN,NaN,NaN,NaN,NaN,NaN
1510621200,4.45,4.5,4.435,4.475,5214400,NaN,NaN,NaN,NaN,NaN,NaN,NaN
1510707600,4.5,4.5,4.4,4.45,2186000,NaN,NaN,NaN,NaN,NaN,NaN,NaN
1510794000,4.45,4.475,4.38,4.435,2134800,NaN,NaN,NaN,NaN,NaN,NaN,NaN
1510880400,4.45,4.45,4.38,4.415,2373800,NaN,NaN,NaN,NaN,NaN,NaN,NaN
1511139600,4.39,4.495,4.35,4.35,1709200,NaN,NaN,NaN,NaN,NaN,NaN,NaN
1511226000,4.355,4.41,4.245,4.32,3460000,NaN,NaN,NaN,NaN,NaN,NaN,NaN
1511312400,4.36,4.65,4.35,4.625,6186600,NaN,NaN,NaN,NaN,NaN,NaN,NaN
1511398800,4.62,4.755,4.455,4.75,5658200,NaN,NaN,NaN,NaN,NaN,NaN,NaN
1511485200,4.75,4.9,4.635,4.675,3142000,NaN,NaN,NaN,NaN,NaN,NaN,NaN
1511744400,4.71,4.8,4.635,4.795,5047800,NaN,NaN,NaN,NaN,NaN,NaN,NaN
1511830800,4.77,4.84,4.73,4.8,4820800,NaN,NaN,NaN,NaN,NaN,NaN,NaN
1511917200,4.82,4.82,4.735,4.75,3350800,NaN,NaN,NaN,NaN,NaN,NaN,NaN
1512003600,4.73,4.79,4.73,4.78,15112000,NaN,NaN,NaN,NaN,NaN,NaN,NaN
1512349200,4.795,4.795,4.545,4.575,4240000,NaN,NaN,NaN,NaN,NaN,NaN,NaN
1512435600,4.58,4.655,4.445,4.515,12249400,NaN,NaN,NaN,NaN,NaN,NaN,NaN
1512522000,4.5,4.655,4.5,4.54,7837200,NaN,NaN,NaN,NaN,NaN,NaN,NaN
1512608400,4.565,4.655,4.555,4.56,3407400,NaN,NaN,NaN,NaN,NaN,NaN,NaN
1512694800,4.59,4.63,4.55,4.595,7639600,NaN,NaN,NaN,NaN,NaN,NaN,NaN
1512954000,4.62,4.745,4.61,4.675,3703400,NaN,NaN,NaN,NaN,NaN,NaN,NaN
1513040400,4.695,4.75,4.66,4.72,2258200,NaN,NaN,NaN,NaN,NaN,NaN,NaN
1513126800,4.715,4.745,4.65,4.725,6595200,NaN,NaN,NaN,NaN,NaN,NaN,NaN
1513213200,4.75,4.79,4.705,4.79,8739400,NaN,NaN,NaN,NaN,NaN,NaN,NaN
1513299600,4.75,4.875,4.69,4.875,12141000,NaN,NaN,NaN,NaN,NaN,NaN,NaN
1513558800,4.9,5.03,4.825,5.02,4754400,NaN,NaN,NaN,NaN,NaN,NaN,NaN
1513645200,5.04,5.44,5.04,5.36,5940200,NaN,NaN,NaN,NaN,NaN,NaN,NaN
1513731600,5.4,5.7,5.4,5.7,9756400,NaN,NaN,NaN,NaN,NaN,NaN,NaN
1513818000,5.7,5.7,5.4,5.41,2821600,NaN,NaN,NaN,NaN,NaN,NaN,NaN
1513904400,5.5,5.5,5.16,5.37,1486200,NaN,NaN,NaN,NaN,NaN,NaN,NaN
1514250000,5.41,5.5,5.26,5.42,2061800,NaN,NaN,NaN,NaN,NaN,NaN,NaN
1514336400,5.45,5.45,5.31,5.39,1093600,NaN,NaN,NaN,NaN,NaN,NaN,NaN
1514422800,5.43,5.49,5.35,5.41,2997800,NaN,NaN,NaN,NaN,NaN,NaN,NaN
1514509200,5.5,5.5,5.25,5.34,4617600,3305810026,2555253000,625521000,127947000,603139000,1926586000,1.31086142322097
1514854800,5.25,5.35,5.23,5.33,1067400,NaN,NaN,NaN,NaN,NaN,NaN,NaN
1514941200,5.25,5.3,5.17,5.2,1993800,NaN,NaN,NaN,NaN,NaN,NaN,NaN
1515027600,5.2,5.43,5.2,5.4,4392200,NaN,NaN,NaN,NaN,NaN,NaN,NaN
1515114000,5.4,5.49,5.27,5.33,3298800,NaN,NaN,NaN,NaN,NaN,NaN,NaN
1515373200,5.43,5.48,5.37,5.39,3779200,NaN,NaN,NaN,NaN,NaN,NaN,NaN
1515459600,5.4,5.43,5.35,5.4,1776000,NaN,NaN,NaN,NaN,NaN,NaN,NaN
1515546000,5.4,5.48,5.36,5.44,4070600,NaN,NaN,NaN,NaN,NaN,NaN,NaN
1515632400,5.47,5.47,5.33,5.46,2289800,NaN,NaN,NaN,NaN,NaN,NaN,NaN
1515718800,5.45,5.62,5.39,5.61,4269200,NaN,NaN,NaN,NaN,NaN,NaN,NaN
1515978000,5.62,5.64,5.39,5.53,2190800,NaN,NaN,NaN,NaN,NaN,NaN,NaN
1516064400,5.53,5.55,5.35,5.37,2850200,NaN,NaN,NaN,NaN,NaN,NaN,NaN
1516150800,5.4,5.55,5.35,5.55,2592000,NaN,NaN,NaN,NaN,NaN,NaN,NaN
1516237200,5.56,5.63,5.42,5.6,2126800,NaN,NaN,NaN,NaN,NaN,NaN,NaN
1516323600,5.65,5.65,5.4,5.55,1589000,NaN,NaN,NaN,NaN,NaN,NaN,NaN
1516582800,5.64,5.79,5.46,5.79,3184000,NaN,NaN,NaN,NaN,NaN,NaN,NaN
1516669200,5.78,6.03,5.74,5.95,4365200,NaN,NaN,NaN,NaN,NaN,NaN,NaN
1516755600,5.97,5.97,5.82,5.89,2442400,NaN,NaN,NaN,NaN,NaN,NaN,NaN
1516842000,5.8,5.89,5.75,5.84,2496800,NaN,NaN,NaN,NaN,NaN,NaN,NaN
1516928400,5.84,5.96,5.78,5.96,1431400,NaN,NaN,NaN,NaN,NaN,NaN,NaN
1517187600,5.99,6.09,5.85,6.07,2282600,NaN,NaN,NaN,NaN,NaN,NaN,NaN
1517274000,6,6,5.85,5.9,2209600,NaN,NaN,NaN,NaN,NaN,NaN,NaN
1517533200,5.99,5.99,5.65,5.79,4874800,NaN,NaN,NaN,NaN,NaN,NaN,NaN
1517792400,5.67,5.71,5.65,5.68,1679600,NaN,NaN,NaN,NaN,NaN,NaN,NaN
1517878800,5.5,5.55,5.28,5.42,5288200,NaN,NaN,NaN,NaN,NaN,NaN,NaN
1517965200,5.62,5.75,5.61,5.75,6829400,NaN,NaN,NaN,NaN,NaN,NaN,NaN
1518051600,5.75,5.75,5.59,5.59,3927000,NaN,NaN,NaN,NaN,NaN,NaN,NaN
1518138000,5.5,5.63,5.4,5.57,2049400,NaN,NaN,NaN,NaN,NaN,NaN,NaN
1518397200,5.58,5.63,5.52,5.53,2370200,NaN,NaN,NaN,NaN,NaN,NaN,NaN
1518483600,5.52,5.68,5.52,5.67,3527400,NaN,NaN,NaN,NaN,NaN,NaN,NaN
1518570000,5.62,5.89,5.62,5.89,2501400,NaN,NaN,NaN,NaN,NaN,NaN,NaN
1518656400,5.87,6,5.85,5.94,1465000,NaN,NaN,NaN,NaN,NaN,NaN,NaN
1519002000,5.96,5.98,5.85,5.88,1172800,NaN,NaN,NaN,NaN,NaN,NaN,NaN
1519088400,5.86,5.97,5.86,5.91,2027400,NaN,NaN,NaN,NaN,NaN,NaN,NaN
1519174800,5.88,5.95,5.85,5.86,9186600,NaN,NaN,NaN,NaN,NaN,NaN,NaN
1519261200,5.86,5.92,5.8,5.8,2215600,NaN,NaN,NaN,NaN,NaN,NaN,NaN
1519347600,5.81,5.92,5.8,5.85,1969200,NaN,NaN,NaN,NaN,NaN,NaN,NaN
1519606800,5.85,5.94,5.76,5.76,2429800,NaN,NaN,NaN,NaN,NaN,NaN,NaN
1519693200,5.85,5.85,5.77,5.8,1690600,NaN,NaN,NaN,NaN,NaN,NaN,NaN
1519779600,5.76,5.84,5.61,5.84,4499000,NaN,NaN,NaN,NaN,NaN,NaN,NaN
1519866000,5.77,5.84,5.69,5.71,4270200,NaN,NaN,NaN,NaN,NaN,NaN,NaN
1519952400,5.68,5.73,5.64,5.64,1519600,NaN,NaN,NaN,NaN,NaN,NaN,NaN
1520211600,5.63,5.65,5.4,5.5,2117800,NaN,NaN,NaN,NaN,NaN,NaN,NaN
1520298000,5.5,5.64,5.5,5.55,1632800,NaN,NaN,NaN,NaN,NaN,NaN,NaN
1520384400,5.5,5.5,5.3,5.43,2464800,NaN,NaN,NaN,NaN,NaN,NaN,NaN
1520470800,5.4,5.48,5.37,5.38,1907200,NaN,NaN,NaN,NaN,NaN,NaN,NaN
1520557200,5.38,5.54,5.38,5.51,3248800,NaN,NaN,NaN,NaN,NaN,NaN,NaN
1520816400,5.52,5.9,5.5,5.9,4493400,NaN,NaN,NaN,NaN,NaN,NaN,NaN
1520902800,5.85,5.88,5.62,5.68,2816800,NaN,NaN,NaN,NaN,NaN,NaN,NaN
1520989200,5.74,5.94,5.61,5.9,6181600,NaN,NaN,NaN,NaN,NaN,NaN,NaN
1521075600,5.89,5.89,5.77,5.82,1309400,NaN,NaN,NaN,NaN,NaN,NaN,NaN
1521162000,5.82,5.91,5.78,5.9,4454200,NaN,NaN,NaN,NaN,NaN,NaN,NaN
1521421200,5.88,5.9,5.77,5.8,1430400,NaN,NaN,NaN,NaN,NaN,NaN,NaN
1521507600,5.79,5.83,5.69,5.83,1885200,NaN,NaN,NaN,NaN,NaN,NaN,NaN
1521594000,5.84,5.84,5.75,5.75,1245600,NaN,NaN,NaN,NaN,NaN,NaN,NaN
1521680400,5.77,5.79,5.74,5.78,2107000,NaN,NaN,NaN,NaN,NaN,NaN,NaN
1521766800,5.78,6,5.78,5.89,2289700,NaN,NaN,NaN,NaN,NaN,NaN,NaN
1522026000,5.89,5.98,5.8,5.8,2767800,NaN,NaN,NaN,NaN,NaN,NaN,NaN
1522112400,5.81,5.95,5.81,5.87,1590500,NaN,NaN,NaN,NaN,NaN,NaN,NaN
1522198800,5.85,5.94,5.82,5.91,1988000,NaN,NaN,NaN,NaN,NaN,NaN,NaN
1522285200,5.91,5.95,5.83,5.87,2010300,NaN,NaN,NaN,NaN,NaN,NaN,NaN
1522371600,5.9,6.08,5.87,6.05,3923700,3311965227,2687190975,689799721,100484000,616841000,1994227893,1.31404958677686
1522630800,6.05,6.22,6.04,6.2,3184200,NaN,NaN,NaN,NaN,NaN,NaN,NaN
1522717200,6.18,6.49,6.17,6.25,4005100,NaN,NaN,NaN,NaN,NaN,NaN,NaN
1522803600,6.29,6.47,5.83,6.05,5755600,NaN,NaN,NaN,NaN,NaN,NaN,NaN
1522890000,6.19,6.35,6.01,6.04,4412800,NaN,NaN,NaN,NaN,NaN,NaN,NaN
1522976400,6.15,6.25,6.06,6.21,3856900,NaN,NaN,NaN,NaN,NaN,NaN,NaN
1523235600,6.2,6.27,6.15,6.22,3538200,NaN,NaN,NaN,NaN,NaN,NaN,NaN
1523322000,6.23,6.5,6.23,6.47,4594700,NaN,NaN,NaN,NaN,NaN,NaN,NaN
1523408400,6.5,6.64,6.42,6.61,5979000,NaN,NaN,NaN,NaN,NaN,NaN,NaN
1523494800,6.63,6.64,6.5,6.64,3820200,NaN,NaN,NaN,NaN,NaN,NaN,NaN
1523581200,6.61,6.61,6.5,6.5,2554600,NaN,NaN,NaN,NaN,NaN,NaN,NaN
1523840400,6.5,6.6,6.49,6.58,2019400,NaN,NaN,NaN,NaN,NaN,NaN,NaN
1523926800,6.56,6.56,6.38,6.47,3219900,NaN,NaN,NaN,NaN,NaN,NaN,NaN
1524013200,6.4,6.55,6.23,6.34,2490900,NaN,NaN,NaN,NaN,NaN,NaN,NaN
1524099600,6.44,6.48,6.33,6.4,1757400,NaN,NaN,NaN,NaN,NaN,NaN,NaN
1524186000,6.47,6.49,6.12,6.3,2227000,NaN,NaN,NaN,NaN,NaN,NaN,NaN
1524445200,6.3,6.34,6,6,4384700,NaN,NaN,NaN,NaN,NaN,NaN,NaN
1524531600,6.05,6.06,5.78,5.82,7741700,NaN,NaN,NaN,NaN,NaN,NaN,NaN
1524618000,5.82,5.82,5.49,5.69,8692000,NaN,NaN,NaN,NaN,NaN,NaN,NaN
1524704400,5.69,5.88,5.69,5.86,2112700,NaN,NaN,NaN,NaN,NaN,NaN,NaN
1524790800,5.9,6,5.65,5.83,2518100,NaN,NaN,NaN,NaN,NaN,NaN,NaN
1525050000,5.83,5.91,5.8,5.87,1705600,NaN,NaN,NaN,NaN,NaN,NaN,NaN
1525222800,5.86,5.94,5.73,5.78,3271200,NaN,NaN,NaN,NaN,NaN,NaN,NaN
1525309200,5.8,5.86,5.55,5.68,5377900,NaN,NaN,NaN,NaN,NaN,NaN,NaN
1525395600,5.65,5.87,5.62,5.83,3039100,NaN,NaN,NaN,NaN,NaN,NaN,NaN
1525654800,5.85,5.95,5.73,5.83,1640500,NaN,NaN,NaN,NaN,NaN,NaN,NaN
1525741200,5.79,5.87,5.72,5.86,3888900,NaN,NaN,NaN,NaN,NaN,NaN,NaN
1526259600,6.03,6.5,6,6,6274700,NaN,NaN,NaN,NaN,NaN,NaN,NaN
1526346000,6.14,6.26,6,6,4919000,NaN,NaN,NaN,NaN,NaN,NaN,NaN
1526432400,6.21,6.27,6.02,6.06,4189500,NaN,NaN,NaN,NaN,NaN,NaN,NaN
1526518800,6.17,6.18,6.07,6.1,3311900,NaN,NaN,NaN,NaN,NaN,NaN,NaN
1526605200,6.1,6.1,6.05,6.08,2699600,NaN,NaN,NaN,NaN,NaN,NaN,NaN
1526864400,6.08,6.16,6.06,6.1,2509600,NaN,NaN,NaN,NaN,NaN,NaN,NaN
1526950800,6.1,6.2,6.1,6.11,2525600,NaN,NaN,NaN,NaN,NaN,NaN,NaN
1527037200,6.11,6.23,6.05,6.11,5095900,NaN,NaN,NaN,NaN,NaN,NaN,NaN
1527123600,6.11,6.16,6.05,6.07,3643500,NaN,NaN,NaN,NaN,NaN,NaN,NaN
1527210000,6.05,6.13,6.05,6.1,3693500,NaN,NaN,NaN,NaN,NaN,NaN,NaN
1527469200,6.08,6.16,6.08,6.08,1722800,NaN,NaN,NaN,NaN,NaN,NaN,NaN
1527642000,6.05,6.19,6.02,6.08,5887200,NaN,NaN,NaN,NaN,NaN,NaN,NaN
1527728400,6.1,6.17,6.07,6.1,5745600,NaN,NaN,NaN,NaN,NaN,NaN,NaN
1527814800,6.15,6.2,6.13,6.13,3437100,NaN,NaN,NaN,NaN,NaN,NaN,NaN
1528074000,6.18,6.45,6.15,6.29,3356100,NaN,NaN,NaN,NaN,NaN,NaN,NaN
1528160400,6.38,6.44,6.21,6.25,3192200,NaN,NaN,NaN,NaN,NaN,NaN,NaN
1528246800,6.25,6.34,6.25,6.26,1698700,NaN,NaN,NaN,NaN,NaN,NaN,NaN
1528333200,6.26,6.3,6.15,6.19,2952700,NaN,NaN,NaN,NaN,NaN,NaN,NaN
1528419600,6.2,6.25,6.18,6.19,2798600,NaN,NaN,NaN,NaN,NaN,NaN,NaN
1528678800,6.12,6.42,6.12,6.4,3676400,NaN,NaN,NaN,NaN,NaN,NaN,NaN
1528765200,6.32,6.37,6.2,6.2,2142700,NaN,NaN,NaN,NaN,NaN,NaN,NaN
1528851600,6.2,6.28,6.18,6.2,1555700,NaN,NaN,NaN,NaN,NaN,NaN,NaN
1528938000,6.2,6.25,5.98,5.98,5279800,NaN,NaN,NaN,NaN,NaN,NaN,NaN
1529283600,5.9,6.2,5.9,6,6669500,NaN,NaN,NaN,NaN,NaN,NaN,NaN
1529370000,6,6.07,5.9,5.9,5620400,NaN,NaN,NaN,NaN,NaN,NaN,NaN
1529456400,5.95,6.01,5.9,5.93,2445300,NaN,NaN,NaN,NaN,NaN,NaN,NaN
1529542800,5.93,5.99,5.73,5.8,5186200,NaN,NaN,NaN,NaN,NaN,NaN,NaN
1529629200,5.7,5.82,5.7,5.76,3737700,NaN,NaN,NaN,NaN,NaN,NaN,NaN
1529888400,5.71,5.85,5.7,5.75,2873900,NaN,NaN,NaN,NaN,NaN,NaN,NaN
1529974800,5.79,5.82,5.75,5.81,3158000,NaN,NaN,NaN,NaN,NaN,NaN,NaN
1530061200,5.81,5.83,5.73,5.75,3848200,NaN,NaN,NaN,NaN,NaN,NaN,NaN
1530147600,5.73,5.76,5.68,5.68,2432800,NaN,NaN,NaN,NaN,NaN,NaN,NaN
1530234000,5.68,6.03,5.68,5.99,5126100,3316481027,2760139000,689536000,155991000,706353000,2067251000.0000002,1.40233722871452
1530493200,6.05,6.25,5.92,6.05,2522600,NaN,NaN,NaN,NaN,NaN,NaN,NaN
1530579600,5.99,6.05,5.95,5.95,2175700,NaN,NaN,NaN,NaN,NaN,NaN,NaN
1530666000,5.95,5.99,5.94,5.98,1273200,NaN,NaN,NaN,NaN,NaN,NaN,NaN
1530752400,5.98,6.05,5.87,5.95,1211300,NaN,NaN,NaN,NaN,NaN,NaN,NaN
1530838800,5.89,5.94,5.8,5.8,2603800,NaN,NaN,NaN,NaN,NaN,NaN,NaN
1531098000,5.84,5.86,5.71,5.72,1582600,NaN,NaN,NaN,NaN,NaN,NaN,NaN
1531184400,5.73,5.8,5.73,5.77,1672700,NaN,NaN,NaN,NaN,NaN,NaN,NaN
1531270800,5.77,5.79,5.72,5.77,1547100,NaN,NaN,NaN,NaN,NaN,NaN,NaN
1531357200,5.8,6.14,5.8,6.1,4461100,NaN,NaN,NaN,NaN,NaN,NaN,NaN
1531443600,6.1,6.19,6.05,6.19,2185500,NaN,NaN,NaN,NaN,NaN,NaN,NaN
1531702800,6.19,6.2,6.11,6.15,1509300,NaN,NaN,NaN,NaN,NaN,NaN,NaN
1531789200,6.15,6.19,6.07,6.15,894000,NaN,NaN,NaN,NaN,NaN,NaN,NaN
1531875600,6.1,6.17,6.1,6.17,914800,NaN,NaN,NaN,NaN,NaN,NaN,NaN
1531962000,6.11,6.18,6.1,6.1,1753200,NaN,NaN,NaN,NaN,NaN,NaN,NaN
1532048400,6.13,6.13,6.05,6.08,1065300,NaN,NaN,NaN,NaN,NaN,NaN,NaN
1532307600,6.07,6.16,6.01,6.07,1445400,NaN,NaN,NaN,NaN,NaN,NaN,NaN
1532394000,6.08,6.09,6.03,6.07,1837600,NaN,NaN,NaN,NaN,NaN,NaN,NaN
1532480400,6.08,6.1,6.06,6.07,1480500,NaN,NaN,NaN,NaN,NaN,NaN,NaN
1532566800,6.07,6.1,6.06,6.07,1960800,NaN,NaN,NaN,NaN,NaN,NaN,NaN
1532653200,6.08,6.1,6.05,6.08,1911600,NaN,NaN,NaN,NaN,NaN,NaN,NaN
1532912400,6.08,6.1,6.06,6.08,2248500,NaN,NaN,NaN,NaN,NaN,NaN,NaN
1532998800,6.08,6.2,6.07,6.15,3821200,NaN,NaN,NaN,NaN,NaN,NaN,NaN
1533085200,6.15,6.2,6.1,6.18,3382600,NaN,NaN,NaN,NaN,NaN,NaN,NaN
1533171600,6.16,6.19,6.14,6.16,2177400,NaN,NaN,NaN,NaN,NaN,NaN,NaN
1533258000,6.08,6.15,6.05,6.15,3113900,NaN,NaN,NaN,NaN,NaN,NaN,NaN
1533517200,6.14,6.15,6.11,6.14,774100,NaN,NaN,NaN,NaN,NaN,NaN,NaN
1533603600,6.14,6.17,6.13,6.17,3328900,NaN,NaN,NaN,NaN,NaN,NaN,NaN
1533690000,6.25,6.41,6.25,6.34,9354000,NaN,NaN,NaN,NaN,NaN,NaN,NaN
1533776400,6.36,6.4,6.35,6.38,3126100,NaN,NaN,NaN,NaN,NaN,NaN,NaN
1533862800,6.37,6.6,6.36,6.6,4297600,NaN,NaN,NaN,NaN,NaN,NaN,NaN
1534122000,6.62,6.69,6.42,6.53,3116700,NaN,NaN,NaN,NaN,NaN,NaN,NaN
1534208400,6.55,6.63,6.54,6.63,4038200,NaN,NaN,NaN,NaN,NaN,NaN,NaN
1534294800,6.64,6.84,6.64,6.8,5240000,NaN,NaN,NaN,NaN,NaN,NaN,NaN
1534381200,6.81,6.9,6.77,6.78,3859900,NaN,NaN,NaN,NaN,NaN,NaN,NaN
1534467600,6.78,6.92,6.78,6.86,2569000,NaN,NaN,NaN,NaN,NaN,NaN,NaN
1534726800,6.88,7,6.86,6.86,2846200,NaN,NaN,NaN,NaN,NaN,NaN,NaN
1534813200,6.9,7.02,6.87,7.02,4406200,NaN,NaN,NaN,NaN,NaN,NaN,NaN
1534986000,7.01,7.02,6.92,6.97,4880100,NaN,NaN,NaN,NaN,NaN,NaN,NaN
1535072400,7,7.08,6.94,7.05,3821600,NaN,NaN,NaN,NaN,NaN,NaN,NaN
1535331600,7.05,7.21,7.05,7.21,6648000,NaN,NaN,NaN,NaN,NaN,NaN,NaN
1535418000,7.22,7.45,7.15,7.28,9040200,NaN,NaN,NaN,NaN,NaN,NaN,NaN
1535504400,7.28,7.29,6.92,7,9576000,NaN,NaN,NaN,NaN,NaN,NaN,NaN
1535590800,7,7.1,6.88,7.1,4543600,NaN,NaN,NaN,NaN,NaN,NaN,NaN
1535936400,7.1,7.17,6.97,6.98,3641200,NaN,NaN,NaN,NaN,NaN,NaN,NaN
1536022800,7.02,7.15,6.99,7.1,4659600,NaN,NaN,NaN,NaN,NaN,NaN,NaN
1536109200,7.12,7.12,6.98,7,2348000,NaN,NaN,NaN,NaN,NaN,NaN,NaN
1536195600,7,7.09,7,7.03,3154700,NaN,NaN,NaN,NaN,NaN,NaN,NaN
1536282000,7.05,7.06,6.82,6.99,5211700,NaN,NaN,NaN,NaN,NaN,NaN,NaN
1536714000,7.02,7.02,6.65,6.76,8104300,NaN,NaN,NaN,NaN,NaN,NaN,NaN
1536800400,6.76,6.8,6.6,6.7,6070300,NaN,NaN,NaN,NaN,NaN,NaN,NaN
1536886800,6.75,6.75,6.66,6.68,3854500,NaN,NaN,NaN,NaN,NaN,NaN,NaN
1537232400,6.66,6.82,6.62,6.74,3131300,NaN,NaN,NaN,NaN,NaN,NaN,NaN
1537318800,6.75,6.8,6.58,6.59,4252800,NaN,NaN,NaN,NaN,NaN,NaN,NaN
1537405200,6.61,6.68,6.59,6.6,5570200,NaN,NaN,NaN,NaN,NaN,NaN,NaN
1537491600,6.64,6.68,6.61,6.65,20225800,NaN,NaN,NaN,NaN,NaN,NaN,NaN
1537750800,6.67,6.7,6.56,6.6,2555800,NaN,NaN,NaN,NaN,NaN,NaN,NaN
1537837200,6.6,6.63,6.58,6.59,3261500,NaN,NaN,NaN,NaN,NaN,NaN,NaN
1537923600,6.59,6.61,6.55,6.57,2473800,NaN,NaN,NaN,NaN,NaN,NaN,NaN
1538010000,6.57,6.58,6.45,6.49,3394000,NaN,NaN,NaN,NaN,NaN,NaN,NaN
1538096400,6.49,6.67,6.46,6.62,8014500,3324352727,2927786000,787545000,157670000,714244000,2136755000,1.29909365558912
1538355600,6.65,6.66,6.58,6.6,1827100,NaN,NaN,NaN,NaN,NaN,NaN,NaN
1538442000,6.6,6.6,6.51,6.54,4542200,NaN,NaN,NaN,NaN,NaN,NaN,NaN
1538528400,6.54,6.57,6.52,6.54,1472900,NaN,NaN,NaN,NaN,NaN,NaN,NaN
1538614800,6.51,6.52,6.41,6.42,2347600,NaN,NaN,NaN,NaN,NaN,NaN,NaN
1538701200,6.38,6.49,6.25,6.38,2668500,NaN,NaN,NaN,NaN,NaN,NaN,NaN
1538960400,6.3,6.35,6.21,6.31,2651800,NaN,NaN,NaN,NaN,NaN,NaN,NaN
1539046800,6.3,6.38,6.25,6.25,1647800,NaN,NaN,NaN,NaN,NaN,NaN,NaN
1539133200,6.3,6.3,6.07,6.09,3191200,NaN,NaN,NaN,NaN,NaN,NaN,NaN
1539219600,6,6.2,5.81,6.15,4531000,NaN,NaN,NaN,NaN,NaN,NaN,NaN
1539306000,6.13,6.33,6.11,6.25,4960800,NaN,NaN,NaN,NaN,NaN,NaN,NaN
1539565200,6.15,6.5,6.15,6.4,3764200,NaN,NaN,NaN,NaN,NaN,NaN,NaN
1539651600,6.41,6.5,6.36,6.4,3358900,NaN,NaN,NaN,NaN,NaN,NaN,NaN
1539738000,6.4,6.49,6.4,6.43,6226000,NaN,NaN,NaN,NaN,NaN,NaN,NaN
1539824400,6.4,6.45,6.3,6.4,4783800,NaN,NaN,NaN,NaN,NaN,NaN,NaN
1539910800,6.38,6.43,6.32,6.4,6721300,NaN,NaN,NaN,NaN,NaN,NaN,NaN
1540170000,6.4,6.4,6.32,6.37,911000,NaN,NaN,NaN,NaN,NaN,NaN,NaN
1540256400,6.37,6.38,6.34,6.35,2133100,NaN,NaN,NaN,NaN,NaN,NaN,NaN
1540342800,6.35,6.36,6.21,6.3,2123900,NaN,NaN,NaN,NaN,NaN,NaN,NaN
1540429200,6.2,6.25,6.08,6.17,3554200,NaN,NaN,NaN,NaN,NaN,NaN,NaN
1540515600,6.25,6.25,6.14,6.18,1179200,NaN,NaN,NaN,NaN,NaN,NaN,NaN
1540774800,6.18,6.24,6.17,6.21,2357600,NaN,NaN,NaN,NaN,NaN,NaN,NaN
1540861200,6.24,6.24,6.17,6.23,2190100,NaN,NaN,NaN,NaN,NaN,NaN,NaN
1540947600,6.25,6.37,6.21,6.26,3475900,NaN,NaN,NaN,NaN,NaN,NaN,NaN
1541034000,6.33,6.35,6.25,6.27,3798800,NaN,NaN,NaN,NaN,NaN,NaN,NaN
1541120400,6.3,6.32,6.22,6.28,2776000,NaN,NaN,NaN,NaN,NaN,NaN,NaN
1541379600,6.34,6.37,6.28,6.37,2821300,NaN,NaN,NaN,NaN,NaN,NaN,NaN
1541552400,6.37,6.39,6.29,6.32,5241300,NaN,NaN,NaN,NaN,NaN,NaN,NaN
1541638800,6.34,6.38,6.3,6.31,3923900,NaN,NaN,NaN,NaN,NaN,NaN,NaN
1541725200,6.35,6.35,6.23,6.3,2413700,NaN,NaN,NaN,NaN,NaN,NaN,NaN
1541984400,6.29,6.32,6.26,6.28,1561100,NaN,NaN,NaN,NaN,NaN,NaN,NaN
1542070800,6.2,6.27,6.18,6.2,8410900,NaN,NaN,NaN,NaN,NaN,NaN,NaN
1542157200,6.27,6.27,5.99,6.05,3973400,NaN,NaN,NaN,NaN,NaN,NaN,NaN
1542243600,6.05,6.23,6.05,6.2,1147600,NaN,NaN,NaN,NaN,NaN,NaN,NaN
1542330000,6.23,6.3,6.22,6.3,3452600,NaN,NaN,NaN,NaN,NaN,NaN,NaN
1542589200,6.3,6.3,6.19,6.2,1616900,NaN,NaN,NaN,NaN,NaN,NaN,NaN
1542762000,6.17,6.23,6.09,6.2,3481200,NaN,NaN,NaN,NaN,NaN,NaN,NaN
1542848400,6.22,6.29,6.18,6.23,1740100,NaN,NaN,NaN,NaN,NaN,NaN,NaN
1542934800,6.22,6.29,6.21,6.26,1432600,NaN,NaN,NaN,NaN,NaN,NaN,NaN
1543194000,6.26,6.3,6.22,6.3,3317900,NaN,NaN,NaN,NaN,NaN,NaN,NaN
1543280400,6.32,6.32,6.25,6.31,2376900,NaN,NaN,NaN,NaN,NaN,NaN,NaN
1543366800,6.31,6.45,6.22,6.31,3791500,NaN,NaN,NaN,NaN,NaN,NaN,NaN
1543453200,6.32,6.41,6.31,6.36,3079800,NaN,NaN,NaN,NaN,NaN,NaN,NaN
1543539600,6.39,6.45,6.3,6.4,5577900,NaN,NaN,NaN,NaN,NaN,NaN,NaN
1543798800,6.45,6.45,6.4,6.4,2758300,NaN,NaN,NaN,NaN,NaN,NaN,NaN
1543885200,6.4,6.45,6.36,6.4,2957700,NaN,NaN,NaN,NaN,NaN,NaN,NaN
1543971600,6.23,6.37,6.23,6.36,1759300,NaN,NaN,NaN,NaN,NaN,NaN,NaN
1544058000,6.24,6.25,6.09,6.21,4045700,NaN,NaN,NaN,NaN,NaN,NaN,NaN
1544144400,6.17,6.25,6.17,6.25,1977200,NaN,NaN,NaN,NaN,NaN,NaN,NaN
1544403600,6.26,6.32,6.18,6.24,2458100,NaN,NaN,NaN,NaN,NaN,NaN,NaN
1544490000,6.17,6.41,6.17,6.37,4129700,NaN,NaN,NaN,NaN,NaN,NaN,NaN
1544576400,6.4,6.4,6.23,6.39,8420700,NaN,NaN,NaN,NaN,NaN,NaN,NaN
1544662800,6.39,6.4,6.26,6.3,4501500,NaN,NaN,NaN,NaN,NaN,NaN,NaN
1544749200,6.33,6.34,6.18,6.18,4147700,NaN,NaN,NaN,NaN,NaN,NaN,NaN
1545008400,6.14,6.23,6.12,6.2,2047600,NaN,NaN,NaN,NaN,NaN,NaN,NaN
1545094800,6.15,6.27,6.11,6.2,4582100,NaN,NaN,NaN,NaN,NaN,NaN,NaN
1545181200,6.15,6.2,6.03,6.18,2740600,NaN,NaN,NaN,NaN,NaN,NaN,NaN
1545267600,6.04,6.21,6.03,6.2,2840500,NaN,NaN,NaN,NaN,NaN,NaN,NaN
1545354000,6.15,6.29,6.15,6.26,3123700,NaN,NaN,NaN,NaN,NaN,NaN,NaN
1545613200,6.26,6.27,6.15,6.26,863100,NaN,NaN,NaN,NaN,NaN,NaN,NaN
1545786000,6.24,6.24,6.15,6.22,2314400,NaN,NaN,NaN,NaN,NaN,NaN,NaN
1545872400,6.25,6.28,6.23,6.27,3018200,NaN,NaN,NaN,NaN,NaN,NaN,NaN
1545958800,6.21,6.25,6.19,6.22,2457000,NaN,NaN,NaN,NaN,NaN,NaN,NaN
1546218000,6.13,6.2,6.11,6.14,2747000,3330525627,3020603000,814241000,152650000,723393000,2203343000,1.38436482084691
1546390800,6.15,6.18,6.11,6.17,996800,NaN,NaN,NaN,NaN,NaN,NaN,NaN
1546477200,6.15,6.18,6.1,6.15,917700,NaN,NaN,NaN,NaN,NaN,NaN,NaN
1546563600,6.15,6.15,6.09,6.13,1104900,NaN,NaN,NaN,NaN,NaN,NaN,NaN
1546822800,6.11,6.14,5.69,5.75,8680300,NaN,NaN,NaN,NaN,NaN,NaN,NaN
1546909200,5.81,5.81,5.13,5.15,14452600,NaN,NaN,NaN,NaN,NaN,NaN,NaN
1546995600,5.25,5.41,5,5,15009900,NaN,NaN,NaN,NaN,NaN,NaN,NaN
1547082000,5.1,5.15,4.92,4.99,13307000,NaN,NaN,NaN,NaN,NaN,NaN,NaN
1547168400,5.04,5.11,4.97,5.06,11568200,NaN,NaN,NaN,NaN,NaN,NaN,NaN
1547427600,5.09,5.11,4.96,4.97,8108800,NaN,NaN,NaN,NaN,NaN,NaN,NaN
1547514000,4.98,5.01,4.94,4.98,6077700,NaN,NaN,NaN,NaN,NaN,NaN,NaN
1547600400,5,5.02,4.96,4.98,4660900,NaN,NaN,NaN,NaN,NaN,NaN,NaN
1547686800,5,5.26,4.97,5.25,13929500,NaN,NaN,NaN,NaN,NaN,NaN,NaN
1547773200,5.34,5.38,5.26,5.3,12320200,NaN,NaN,NaN,NaN,NaN,NaN,NaN
1548118800,5.33,5.49,5.22,5.49,6131000,NaN,NaN,NaN,NaN,NaN,NaN,NaN
1548205200,5.47,5.53,5.42,5.5,3468800,NaN,NaN,NaN,NaN,NaN,NaN,NaN
1548291600,5.5,5.74,5.48,5.62,8374600,NaN,NaN,NaN,NaN,NaN,NaN,NaN
1548378000,5.68,5.81,5.67,5.74,7098400,NaN,NaN,NaN,NaN,NaN,NaN,NaN
1548637200,5.8,5.8,5.53,5.58,5550400,NaN,NaN,NaN,NaN,NaN,NaN,NaN
1548723600,5.58,5.67,5.53,5.58,4320100,NaN,NaN,NaN,NaN,NaN,NaN,NaN
1548810000,5.55,5.58,5.41,5.51,3981100,NaN,NaN,NaN,NaN,NaN,NaN,NaN
1548896400,5.51,5.59,5.4,5.4,7428100,NaN,NaN,NaN,NaN,NaN,NaN,NaN
1549242000,5.43,5.52,5.43,5.45,1840400,NaN,NaN,NaN,NaN,NaN,NaN,NaN
1549501200,5.45,5.55,5.45,5.53,2679800,NaN,NaN,NaN,NaN,NaN,NaN,NaN
1549587600,5.5,5.52,5.47,5.5,3916600,NaN,NaN,NaN,NaN,NaN,NaN,NaN
1549846800,5.5,5.52,5.45,5.49,7050800,NaN,NaN,NaN,NaN,NaN,NaN,NaN
1549933200,5.45,5.49,5.4,5.45,4983800,NaN,NaN,NaN,NaN,NaN,NaN,NaN
1550019600,5.45,5.47,5.42,5.44,6907300,NaN,NaN,NaN,NaN,NaN,NaN,NaN
1550106000,5.45,5.46,5.43,5.45,5201200,NaN,NaN,NaN,NaN,NaN,NaN,NaN
1550192400,5.43,5.51,5.43,5.43,4326900,NaN,NaN,NaN,NaN,NaN,NaN,NaN
1550451600,5.43,5.45,5.37,5.39,5335300,NaN,NaN,NaN,NaN,NaN,NaN,NaN
1550538000,5.4,5.51,5.37,5.49,5769900,NaN,NaN,NaN,NaN,NaN,NaN,NaN
1550624400,5.5,5.5,5.46,5.47,4074400,NaN,NaN,NaN,NaN,NaN,NaN,NaN
1550710800,5.47,5.48,5.35,5.38,10786000,NaN,NaN,NaN,NaN,NaN,NaN,NaN
1550797200,5.38,5.38,5.21,5.25,5808100,NaN,NaN,NaN,NaN,NaN,NaN,NaN
1551056400,5.25,5.37,5.23,5.28,3169700,NaN,NaN,NaN,NaN,NaN,NaN,NaN
1551142800,5.3,5.3,5.15,5.16,4629300,NaN,NaN,NaN,NaN,NaN,NaN,NaN
1551229200,5.16,5.17,5.05,5.12,4431300,NaN,NaN,NaN,NaN,NaN,NaN,NaN
1551315600,5.1,5.1,4.98,5,7839200,NaN,NaN,NaN,NaN,NaN,NaN,NaN
1551402000,5,5.15,4.99,5.14,2481800,NaN,NaN,NaN,NaN,NaN,NaN,NaN
1551661200,5.07,5.12,5.07,5.1,1483700,NaN,NaN,NaN,NaN,NaN,NaN,NaN
1551747600,5.08,5.12,4.94,4.99,5693100,NaN,NaN,NaN,NaN,NaN,NaN,NaN
1551834000,4.99,5.02,4.93,4.93,5573800,NaN,NaN,NaN,NaN,NaN,NaN,NaN
1551920400,4.93,5.03,4.93,4.96,3148500,NaN,NaN,NaN,NaN,NaN,NaN,NaN
1552006800,5,5.03,4.95,4.99,2569700,NaN,NaN,NaN,NaN,NaN,NaN,NaN
1552266000,4.99,4.99,4.75,4.75,14581100,NaN,NaN,NaN,NaN,NaN,NaN,NaN
1552352400,4.75,4.77,4.7,4.71,6437400,NaN,NaN,NaN,NaN,NaN,NaN,NaN
1552438800,4.71,4.71,4.54,4.57,8027700,NaN,NaN,NaN,NaN,NaN,NaN,NaN
1552525200,4.57,4.7,4.55,4.62,7171500,NaN,NaN,NaN,NaN,NaN,NaN,NaN
1552611600,4.68,4.76,4.63,4.76,7286500,NaN,NaN,NaN,NaN,NaN,NaN,NaN
1552870800,4.8,4.85,4.78,4.83,5126800,NaN,NaN,NaN,NaN,NaN,NaN,NaN
1552957200,4.83,4.86,4.71,4.75,2942900,NaN,NaN,NaN,NaN,NaN,NaN,NaN
1553043600,4.76,4.82,4.68,4.8,3503900,NaN,NaN,NaN,NaN,NaN,NaN,NaN
1553130000,4.82,4.84,4.69,4.71,3886900,NaN,NaN,NaN,NaN,NaN,NaN,NaN
1553216400,4.7,4.72,4.52,4.62,4567900,NaN,NaN,NaN,NaN,NaN,NaN,NaN
1553475600,4.52,4.61,4.52,4.57,5149300,NaN,NaN,NaN,NaN,NaN,NaN,NaN
1553562000,4.58,4.6,4.54,4.55,2982400,NaN,NaN,NaN,NaN,NaN,NaN,NaN
1553648400,4.57,4.74,4.57,4.63,5506400,NaN,NaN,NaN,NaN,NaN,NaN,NaN
1553734800,4.63,4.64,4.6,4.61,5648800,NaN,NaN,NaN,NaN,NaN,NaN,NaN
1553821200,4.62,4.66,4.61,4.63,11426200,3345187127,2992094000,732863000,104914000,683228000,2256422000,1.77105831533477
1554080400,4.69,4.76,4.65,4.71,6038400,NaN,NaN,NaN,NaN,NaN,NaN,NaN
1554166800,4.73,4.79,4.71,4.74,3131800,NaN,NaN,NaN,NaN,NaN,NaN,NaN
1554253200,4.76,4.84,4.74,4.82,5768100,NaN,NaN,NaN,NaN,NaN,NaN,NaN
1554339600,4.84,4.89,4.75,4.79,6639100,NaN,NaN,NaN,NaN,NaN,NaN,NaN
1554426000,4.79,4.83,4.76,4.77,6196100,NaN,NaN,NaN,NaN,NaN,NaN,NaN
1554685200,4.78,4.82,4.72,4.74,3214700,NaN,NaN,NaN,NaN,NaN,NaN,NaN
1554771600,4.74,4.78,4.7,4.75,2866200,NaN,NaN,NaN,NaN,NaN,NaN,NaN
1554858000,4.76,4.76,4.66,4.69,3676300,NaN,NaN,NaN,NaN,NaN,NaN,NaN
1554944400,4.7,4.72,4.68,4.69,1891700,NaN,NaN,NaN,NaN,NaN,NaN,NaN
1555030800,4.7,4.71,4.65,4.71,1181800,NaN,NaN,NaN,NaN,NaN,NaN,NaN
1555290000,4.73,4.74,4.62,4.66,2219500,NaN,NaN,NaN,NaN,NaN,NaN,NaN
1555376400,4.66,4.7,4.64,4.67,2568800,NaN,NaN,NaN,NaN,NaN,NaN,NaN
1555462800,4.67,4.79,4.67,4.73,9028500,NaN,NaN,NaN,NaN,NaN,NaN,NaN
1555549200,4.69,4.76,4.69,4.73,6626400,NaN,NaN,NaN,NaN,NaN,NaN,NaN
1555635600,4.73,4.75,4.69,4.72,4349000,NaN,NaN,NaN,NaN,NaN,NaN,NaN
1555894800,4.72,4.88,4.72,4.81,4860600,NaN,NaN,NaN,NaN,NaN,NaN,NaN
1555981200,4.81,5.19,4.8,5.15,7526000,NaN,NaN,NaN,NaN,NaN,NaN,NaN
1556067600,5.18,5.26,5.11,5.15,9391000,NaN,NaN,NaN,NaN,NaN,NaN,NaN
1556154000,5.15,5.18,4.99,5.05,5930100,NaN,NaN,NaN,NaN,NaN,NaN,NaN
1556240400,5.04,5.05,5,5,3128200,NaN,NaN,NaN,NaN,NaN,NaN,NaN
1556499600,5,5.05,5,5.03,2399800,NaN,NaN,NaN,NaN,NaN,NaN,NaN
1556586000,5.03,5.14,5.01,5.03,5482700,NaN,NaN,NaN,NaN,NaN,NaN,NaN
1556758800,5.03,5.03,4.88,4.93,6705800,NaN,NaN,NaN,NaN,NaN,NaN,NaN
1556845200,4.93,5.03,4.88,4.99,2190000,NaN,NaN,NaN,NaN,NaN,NaN,NaN
1557104400,4.98,4.99,4.88,4.98,2389700,NaN,NaN,NaN,NaN,NaN,NaN,NaN
1557190800,4.98,5.1,4.96,5.05,5693400,NaN,NaN,NaN,NaN,NaN,NaN,NaN
1557277200,4.88,5.02,4.86,4.95,10239400,NaN,NaN,NaN,NaN,NaN,NaN,NaN
1557363600,4.95,4.95,4.8,4.88,6077700,NaN,NaN,NaN,NaN,NaN,NaN,NaN
1557450000,4.87,4.91,4.85,4.89,1767700,NaN,NaN,NaN,NaN,NaN,NaN,NaN
1557709200,4.89,4.9,4.81,4.83,3617500,NaN,NaN,NaN,NaN,NaN,NaN,NaN
1557795600,4.79,5.03,4.73,4.99,9259800,NaN,NaN,NaN,NaN,NaN,NaN,NaN
1557882000,4.99,5.3,4.99,5.26,11416900,NaN,NaN,NaN,NaN,NaN,NaN,NaN
1557968400,5.24,5.24,5.1,5.1,5269200,NaN,NaN,NaN,NaN,NaN,NaN,NaN
1558054800,5.08,5.18,5.05,5.1,3867400,NaN,NaN,NaN,NaN,NaN,NaN,NaN
1558400400,5.19,5.22,5.11,5.2,3723300,NaN,NaN,NaN,NaN,NaN,NaN,NaN
1558573200,5.2,5.23,5.1,5.16,3498600,NaN,NaN,NaN,NaN,NaN,NaN,NaN
1558659600,5.1,5.18,5.1,5.15,2056000,NaN,NaN,NaN,NaN,NaN,NaN,NaN
1558918800,5.15,5.15,5.05,5.06,1900100,NaN,NaN,NaN,NaN,NaN,NaN,NaN
1559005200,5.06,5.1,5,5.06,15099600,NaN,NaN,NaN,NaN,NaN,NaN,NaN
1559091600,5.07,5.27,5.06,5.22,5324300,NaN,NaN,NaN,NaN,NaN,NaN,NaN
1559178000,5.24,5.25,5.18,5.2,3820500,NaN,NaN,NaN,NaN,NaN,NaN,NaN
1559264400,5.19,5.23,5.15,5.2,2433300,NaN,NaN,NaN,NaN,NaN,NaN,NaN
1559523600,5.19,5.3,5.15,5.28,2256400,NaN,NaN,NaN,NaN,NaN,NaN,NaN
1559610000,5.25,5.25,5.17,5.19,2718000,NaN,NaN,NaN,NaN,NaN,NaN,NaN
1559869200,5.18,5.28,5.18,5.27,1900900,NaN,NaN,NaN,NaN,NaN,NaN,NaN
1560128400,5.24,5.39,5.24,5.34,3193300,NaN,NaN,NaN,NaN,NaN,NaN,NaN
1560214800,5.31,5.34,5.2,5.26,1970200,NaN,NaN,NaN,NaN,NaN,NaN,NaN
1560301200,5.26,5.3,5.19,5.2,2587200,NaN,NaN,NaN,NaN,NaN,NaN,NaN
1560387600,5.2,5.27,5.17,5.2,1241300,NaN,NaN,NaN,NaN,NaN,NaN,NaN
1560474000,5.2,5.25,5.18,5.25,2006600,NaN,NaN,NaN,NaN,NaN,NaN,NaN
1560733200,5.25,5.28,5.17,5.2,1845600,NaN,NaN,NaN,NaN,NaN,NaN,NaN
1560819600,5.2,5.23,5.08,5.15,7902200,NaN,NaN,NaN,NaN,NaN,NaN,NaN
1560906000,5.15,5.19,5.11,5.19,2686900,NaN,NaN,NaN,NaN,NaN,NaN,NaN
1560992400,5.2,5.24,5.19,5.23,2237200,NaN,NaN,NaN,NaN,NaN,NaN,NaN
1561078800,5.23,5.25,5.21,5.25,2403000,NaN,NaN,NaN,NaN,NaN,NaN,NaN
1561338000,5.25,5.25,5.22,5.24,1413900,NaN,NaN,NaN,NaN,NaN,NaN,NaN
1561424400,5.23,5.23,5.14,5.21,2317200,NaN,NaN,NaN,NaN,NaN,NaN,NaN
1561510800,5.23,5.24,5.2,5.23,1738900,NaN,NaN,NaN,NaN,NaN,NaN,NaN
1561597200,5.22,5.26,5.22,5.26,4520500,NaN,NaN,NaN,NaN,NaN,NaN,NaN
1561683600,5.26,5.27,5.23,5.24,3934000,3350947727,3012483000,706037000,126631000,640101000,2303448000,1.48854961832061
1561942800,5.24,5.27,5.23,5.26,2079300,NaN,NaN,NaN,NaN,NaN,NaN,NaN
1562029200,5.2,5.25,5.19,5.23,4326100,NaN,NaN,NaN,NaN,NaN,NaN,NaN
1562115600,5.22,5.23,5.2,5.21,5901000,NaN,NaN,NaN,NaN,NaN,NaN,NaN
1562202000,5.2,5.22,5.18,5.21,4470900,NaN,NaN,NaN,NaN,NaN,NaN,NaN
1562288400,5.2,5.23,5.19,5.22,3981000,NaN,NaN,NaN,NaN,NaN,NaN,NaN
1562547600,5.22,5.22,5.21,5.21,2514600,NaN,NaN,NaN,NaN,NaN,NaN,NaN
1562634000,5.21,5.24,5.21,5.22,4715800,NaN,NaN,NaN,NaN,NaN,NaN,NaN
1562720400,5.22,5.24,5.21,5.23,3080900,NaN,NaN,NaN,NaN,NaN,NaN,NaN
1562806800,5.24,5.25,5.2,5.22,3845600,NaN,NaN,NaN,NaN,NaN,NaN,NaN
1562893200,5.23,5.23,5.2,5.22,2599600,NaN,NaN,NaN,NaN,NaN,NaN,NaN
1563152400,5.2,5.21,5.1,5.15,6619900,NaN,NaN,NaN,NaN,NaN,NaN,NaN
1563238800,5.12,5.18,5.12,5.16,3574000,NaN,NaN,NaN,NaN,NaN,NaN,NaN
1563325200,5.15,5.17,5.12,5.16,2483400,NaN,NaN,NaN,NaN,NaN,NaN,NaN
1563411600,5.14,5.19,5.14,5.17,1308900,NaN,NaN,NaN,NaN,NaN,NaN,NaN
1563498000,5.16,5.19,5.16,5.17,1860400,NaN,NaN,NaN,NaN,NaN,NaN,NaN
1563757200,5.17,5.17,5.1,5.16,2372100,NaN,NaN,NaN,NaN,NaN,NaN,NaN
1563843600,5.16,5.16,5.12,5.12,2528300,NaN,NaN,NaN,NaN,NaN,NaN,NaN
1563930000,5.13,5.22,5.1,5.22,1946400,NaN,NaN,NaN,NaN,NaN,NaN,NaN
1564016400,5.2,5.2,5.15,5.16,2612300,NaN,NaN,NaN,NaN,NaN,NaN,NaN
1564102800,5.16,5.18,5.14,5.14,1001600,NaN,NaN,NaN,NaN,NaN,NaN,NaN
1564362000,5.14,5.18,5.12,5.14,1451600,NaN,NaN,NaN,NaN,NaN,NaN,NaN
1564534800,5.13,5.13,4.88,4.95,7368800,NaN,NaN,NaN,NaN,NaN,NaN,NaN
1564621200,4.95,4.95,4.85,4.87,10689400,NaN,NaN,NaN,NaN,NaN,NaN,NaN
1564707600,4.8,4.92,4.8,4.86,4317000,NaN,NaN,NaN,NaN,NaN,NaN,NaN
1564966800,4.87,4.92,4.85,4.86,3523000,NaN,NaN,NaN,NaN,NaN,NaN,NaN
1565053200,4.85,5.13,4.8,5.05,5686100,NaN,NaN,NaN,NaN,NaN,NaN,NaN
1565139600,4.93,5.09,4.92,5.04,4715100,NaN,NaN,NaN,NaN,NaN,NaN,NaN
1565226000,4.93,5.03,4.9,5,5279000,NaN,NaN,NaN,NaN,NaN,NaN,NaN
1565312400,4.97,5.01,4.95,4.99,3153800,NaN,NaN,NaN,NaN,NaN,NaN,NaN
1565658000,5,5.03,4.93,4.93,4124100,NaN,NaN,NaN,NaN,NaN,NaN,NaN
1565744400,4.95,5,4.95,4.97,1280600,NaN,NaN,NaN,NaN,NaN,NaN,NaN
1565830800,4.93,4.97,4.91,4.96,2836500,NaN,NaN,NaN,NaN,NaN,NaN,NaN
1565917200,4.92,5,4.92,5,889600,NaN,NaN,NaN,NaN,NaN,NaN,NaN
1566176400,4.95,5,4.95,4.98,863000,NaN,NaN,NaN,NaN,NaN,NaN,NaN
1566262800,4.98,5,4.95,5,1448600,NaN,NaN,NaN,NaN,NaN,NaN,NaN
1566349200,4.99,5.01,4.97,5,2220900,NaN,NaN,NaN,NaN,NaN,NaN,NaN
1566435600,4.99,5.09,4.99,5.04,3195000,NaN,NaN,NaN,NaN,NaN,NaN,NaN
1566522000,5,5.06,5,5.06,1234800,NaN,NaN,NaN,NaN,NaN,NaN,NaN
1566781200,5,5.03,4.97,5.01,1098000,NaN,NaN,NaN,NaN,NaN,NaN,NaN
1566867600,5.01,5.05,4.96,5.04,3647400,NaN,NaN,NaN,NaN,NaN,NaN,NaN
1566954000,4.98,5.05,4.98,5.05,926800,NaN,NaN,NaN,NaN,NaN,NaN,NaN
1567040400,5,5.13,5,5.11,1725300,NaN,NaN,NaN,NaN,NaN,NaN,NaN
1567126800,5.11,5.13,5.07,5.13,1723300,NaN,NaN,NaN,NaN,NaN,NaN,NaN
1567472400,5.13,5.14,5.09,5.09,1676900,NaN,NaN,NaN,NaN,NaN,NaN,NaN
1567558800,5.08,5.17,5.08,5.16,2358400,NaN,NaN,NaN,NaN,NaN,NaN,NaN
1567645200,5.17,5.19,5.12,5.17,2407500,NaN,NaN,NaN,NaN,NaN,NaN,NaN
1567731600,5.1,5.16,5.08,5.16,1049300,NaN,NaN,NaN,NaN,NaN,NaN,NaN
1568077200,5.16,5.38,5.14,5.31,3426100,NaN,NaN,NaN,NaN,NaN,NaN,NaN
1568163600,5.31,5.38,5.26,5.33,4614600,NaN,NaN,NaN,NaN,NaN,NaN,NaN
1568250000,5.33,5.33,5.26,5.26,1704200,NaN,NaN,NaN,NaN,NaN,NaN,NaN
1568336400,5.26,5.29,5.22,5.27,1549400,NaN,NaN,NaN,NaN,NaN,NaN,NaN
1568682000,5.27,5.35,5.23,5.28,2185700,NaN,NaN,NaN,NaN,NaN,NaN,NaN
1568768400,5.27,5.3,5.18,5.27,913800,NaN,NaN,NaN,NaN,NaN,NaN,NaN
1568854800,5.22,5.29,5.2,5.29,1318400,NaN,NaN,NaN,NaN,NaN,NaN,NaN
1568941200,5.24,5.29,5.22,5.26,3903000,NaN,NaN,NaN,NaN,NaN,NaN,NaN
1569200400,5.26,5.28,5.24,5.26,2387800,NaN,NaN,NaN,NaN,NaN,NaN,NaN
1569286800,5.23,5.29,5.22,5.26,1583100,NaN,NaN,NaN,NaN,NaN,NaN,NaN
1569373200,5.24,5.27,5.23,5.27,1610200,NaN,NaN,NaN,NaN,NaN,NaN,NaN
1569459600,5.25,5.27,5.25,5.27,3826000,NaN,NaN,NaN,NaN,NaN,NaN,NaN
1569546000,5.27,5.27,5.2,5.25,1865100,NaN,NaN,NaN,NaN,NaN,NaN,NaN
1569805200,5.25,5.29,5.2,5.25,3908100,3360004027,3151678000,781433000,141902000,709424000,2366994000,1.40952380952381
1569891600,5.22,5.26,5.2,5.21,3752400,NaN,NaN,NaN,NaN,NaN,NaN,NaN
1569978000,5.2,5.21,5.15,5.2,5338900,NaN,NaN,NaN,NaN,NaN,NaN,NaN
1570064400,5.15,5.22,5.15,5.19,1005500,NaN,NaN,NaN,NaN,NaN,NaN,NaN
1570150800,5.2,5.25,5.2,5.25,793800,NaN,NaN,NaN,NaN,NaN,NaN,NaN
1570410000,5.24,5.24,5.18,5.21,1610500,NaN,NaN,NaN,NaN,NaN,NaN,NaN
1570496400,5.2,5.24,5.19,5.24,726600,NaN,NaN,NaN,NaN,NaN,NaN,NaN
1570582800,5.21,5.23,5.19,5.2,1481100,NaN,NaN,NaN,NaN,NaN,NaN,NaN
1570669200,5.19,5.22,5.16,5.2,1188600,NaN,NaN,NaN,NaN,NaN,NaN,NaN
1570755600,5.21,5.21,5.18,5.2,2147900,NaN,NaN,NaN,NaN,NaN,NaN,NaN
1571014800,5.18,5.24,5.18,5.24,1933600,NaN,NaN,NaN,NaN,NaN,NaN,NaN
1571101200,5.24,5.25,5.19,5.25,1480100,NaN,NaN,NaN,NaN,NaN,NaN,NaN
1571187600,5.25,5.25,5.21,5.24,4053700,NaN,NaN,NaN,NaN,NaN,NaN,NaN
1571274000,5.23,5.25,5.21,5.24,1668800,NaN,NaN,NaN,NaN,NaN,NaN,NaN
1571360400,5.25,5.25,5.22,5.25,1652100,NaN,NaN,NaN,NaN,NaN,NaN,NaN
1571619600,5.25,5.25,5.22,5.25,1161400,NaN,NaN,NaN,NaN,NaN,NaN,NaN
1571706000,5.23,5.26,5.23,5.25,1802300,NaN,NaN,NaN,NaN,NaN,NaN,NaN
1571792400,5.24,5.24,5.15,5.2,2438000,NaN,NaN,NaN,NaN,NaN,NaN,NaN
1571878800,5.2,5.25,5.19,5.24,2148400,NaN,NaN,NaN,NaN,NaN,NaN,NaN
1571965200,5.24,5.26,5.23,5.24,2532600,NaN,NaN,NaN,NaN,NaN,NaN,NaN
1572310800,5.25,5.25,5.17,5.21,3670200,NaN,NaN,NaN,NaN,NaN,NaN,NaN
1572397200,5.24,5.26,5.21,5.24,5626600,NaN,NaN,NaN,NaN,NaN,NaN,NaN
1572483600,5.26,5.29,5.22,5.26,5719800,NaN,NaN,NaN,NaN,NaN,NaN,NaN
1572570000,5.25,5.41,5.21,5.37,5762500,NaN,NaN,NaN,NaN,NaN,NaN,NaN
1572829200,5.4,5.63,5.4,5.54,8989200,NaN,NaN,NaN,NaN,NaN,NaN,NaN
1572915600,5.5,5.54,5.46,5.47,2871300,NaN,NaN,NaN,NaN,NaN,NaN,NaN
1573002000,5.45,5.47,5.24,5.42,7748000,NaN,NaN,NaN,NaN,NaN,NaN,NaN
1573088400,5.41,5.41,5.34,5.39,2309300,NaN,NaN,NaN,NaN,NaN,NaN,NaN
1573174800,5.39,5.39,5.35,5.35,948200,NaN,NaN,NaN,NaN,NaN,NaN,NaN
1573434000,5.35,5.37,5.29,5.32,2511100,NaN,NaN,NaN,NaN,NaN,NaN,NaN
1573520400,5.33,5.33,5.25,5.25,2304600,NaN,NaN,NaN,NaN,NaN,NaN,NaN
1573606800,5.27,5.29,5.25,5.28,2053500,NaN,NaN,NaN,NaN,NaN,NaN,NaN
1573693200,5.28,5.34,5.28,5.32,2587700,NaN,NaN,NaN,NaN,NaN,NaN,NaN
1573779600,5.35,5.37,5.32,5.33,1198600,NaN,NaN,NaN,NaN,NaN,NaN,NaN
1574038800,5.37,5.38,5.33,5.35,2244900,NaN,NaN,NaN,NaN,NaN,NaN,NaN
1574125200,5.38,5.38,5.33,5.37,1744700,NaN,NaN,NaN,NaN,NaN,NaN,NaN
1574211600,5.35,5.37,5.3,5.33,2249800,NaN,NaN,NaN,NaN,NaN,NaN,NaN
1574298000,5.32,5.34,5.26,5.32,3515300,NaN,NaN,NaN,NaN,NaN,NaN,NaN
1574384400,5.31,5.35,5.3,5.35,2204900,NaN,NaN,NaN,NaN,NaN,NaN,NaN
1574643600,5.31,5.39,5.31,5.39,620800,NaN,NaN,NaN,NaN,NaN,NaN,NaN
1574730000,5.4,5.5,5.31,5.5,3788600,NaN,NaN,NaN,NaN,NaN,NaN,NaN
1574816400,5.39,5.48,5.26,5.3,2855000,NaN,NaN,NaN,NaN,NaN,NaN,NaN
1574902800,5.35,5.35,5.27,5.27,948800,NaN,NaN,NaN,NaN,NaN,NaN,NaN
1574989200,5.27,5.3,5.19,5.25,2386200,NaN,NaN,NaN,NaN,NaN,NaN,NaN
1575248400,5.25,5.28,5.13,5.17,2744600,NaN,NaN,NaN,NaN,NaN,NaN,NaN
1575334800,5.17,5.19,5.08,5.15,3022900,NaN,NaN,NaN,NaN,NaN,NaN,NaN
1575421200,5.15,5.15,5.08,5.11,2903800,NaN,NaN,NaN,NaN,NaN,NaN,NaN
1575507600,5.1,5.23,5.1,5.13,1009200,NaN,NaN,NaN,NaN,NaN,NaN,NaN
1575594000,5.14,5.21,5.14,5.2,2531200,NaN,NaN,NaN,NaN,NaN,NaN,NaN
1575853200,5.23,5.23,5.16,5.17,1346400,NaN,NaN,NaN,NaN,NaN,NaN,NaN
1575939600,5.17,5.2,5.15,5.16,1036700,NaN,NaN,NaN,NaN,NaN,NaN,NaN
1576026000,5.17,5.2,5.16,5.18,673200,NaN,NaN,NaN,NaN,NaN,NaN,NaN
1576112400,5.17,5.21,5.15,5.15,1052700,NaN,NaN,NaN,NaN,NaN,NaN,NaN
1576198800,5.15,5.19,5.15,5.18,1470600,NaN,NaN,NaN,NaN,NaN,NaN,NaN
1576458000,5.18,5.19,5.1,5.1,894600,NaN,NaN,NaN,NaN,NaN,NaN,NaN
1576544400,5.14,5.22,5.12,5.22,2850800,NaN,NaN,NaN,NaN,NaN,NaN,NaN
1576630800,5.25,5.39,5.23,5.3,3190900,NaN,NaN,NaN,NaN,NaN,NaN,NaN
1576717200,5.3,5.38,5.28,5.34,1349900,NaN,NaN,NaN,NaN,NaN,NaN,NaN
1576803600,5.34,5.51,5.32,5.51,4176200,NaN,NaN,NaN,NaN,NaN,NaN,NaN
1577062800,5.48,5.5,5.38,5.49,2471300,NaN,NaN,NaN,NaN,NaN,NaN,NaN
1577149200,5.49,5.49,5.42,5.42,1041300,NaN,NaN,NaN,NaN,NaN,NaN,NaN
1577322000,5.46,5.49,5.39,5.43,1401500,NaN,NaN,NaN,NaN,NaN,NaN,NaN
1577408400,5.4,5.57,5.39,5.5,3109700,NaN,NaN,NaN,NaN,NaN,NaN,NaN
1577667600,5.5,5.57,5.5,5.56,2534100,NaN,NaN,NaN,NaN,NaN,NaN,NaN
1577754000,5.55,5.55,5.36,5.48,5974000,3375992927,3139603000,671153000,161388000,796550000,2464789000,1.37773722627737
1577926800,5.4,5.43,5.32,5.35,2379500,NaN,NaN,NaN,NaN,NaN,NaN,NaN
1578013200,5.33,5.45,5.33,5.4,1687200,NaN,NaN,NaN,NaN,NaN,NaN,NaN
1578272400,5.39,5.39,5.32,5.35,793400,NaN,NaN,NaN,NaN,NaN,NaN,NaN
1578358800,5.35,5.5,5.35,5.48,2817700,NaN,NaN,NaN,NaN,NaN,NaN,NaN
1578445200,5.48,5.48,5.35,5.4,1793400,NaN,NaN,NaN,NaN,NaN,NaN,NaN
1578531600,5.41,5.47,5.41,5.43,3381000,NaN,NaN,NaN,NaN,NaN,NaN,NaN
1578618000,5.47,5.47,5.4,5.43,475400,NaN,NaN,NaN,NaN,NaN,NaN,NaN
1578877200,5.44,5.45,5.4,5.44,1238200,NaN,NaN,NaN,NaN,NaN,NaN,NaN
1578963600,5.44,5.48,5.43,5.46,1597800,NaN,NaN,NaN,NaN,NaN,NaN,NaN
1579050000,5.46,5.48,5.45,5.48,857300,NaN,NaN,NaN,NaN,NaN,NaN,NaN
1579136400,5.45,5.48,5.43,5.48,1866500,NaN,NaN,NaN,NaN,NaN,NaN,NaN
1579222800,5.48,5.5,5.44,5.5,1810900,NaN,NaN,NaN,NaN,NaN,NaN,NaN
1579482000,5.5,5.57,5.46,5.55,7311700,NaN,NaN,NaN,NaN,NaN,NaN,NaN
1579568400,5.59,5.82,5.59,5.8,14643800,NaN,NaN,NaN,NaN,NaN,NaN,NaN
1579654800,5.88,6.13,5.88,6.05,15555500,NaN,NaN,NaN,NaN,NaN,NaN,NaN
1579741200,6.07,6.1,5.82,5.89,11381000,NaN,NaN,NaN,NaN,NaN,NaN,NaN
1579827600,5.93,6.07,5.92,6.03,7686200,NaN,NaN,NaN,NaN,NaN,NaN,NaN
1580173200,6.2,6.44,6.19,6.25,14370300,NaN,NaN,NaN,NaN,NaN,NaN,NaN
1580259600,6.24,6.25,5.97,6.04,7465600,NaN,NaN,NaN,NaN,NaN,NaN,NaN
1580346000,6.06,6.06,5.9,5.95,9961800,NaN,NaN,NaN,NaN,NaN,NaN,NaN
1580432400,5.97,6.1,5.9,5.92,7834300,NaN,NaN,NaN,NaN,NaN,NaN,NaN
1580691600,5.89,5.93,5.74,5.8,6584100,NaN,NaN,NaN,NaN,NaN,NaN,NaN
1580778000,5.82,5.9,5.74,5.79,10539000,NaN,NaN,NaN,NaN,NaN,NaN,NaN
1580864400,5.81,5.82,5.67,5.73,12008400,NaN,NaN,NaN,NaN,NaN,NaN,NaN
1580950800,5.72,5.81,5.71,5.8,12796900,NaN,NaN,NaN,NaN,NaN,NaN,NaN
1581037200,5.81,5.87,5.74,5.8,8082100,NaN,NaN,NaN,NaN,NaN,NaN,NaN
1581296400,5.88,6,5.86,5.93,8657100,NaN,NaN,NaN,NaN,NaN,NaN,NaN
1581382800,5.97,6.02,5.96,6,9264400,NaN,NaN,NaN,NaN,NaN,NaN,NaN
1581469200,6.09,6.15,6.08,6.12,13221600,NaN,NaN,NaN,NaN,NaN,NaN,NaN
1581555600,6.12,6.13,6.05,6.11,6373600,NaN,NaN,NaN,NaN,NaN,NaN,NaN
1581642000,6.1,6.17,6.09,6.17,9303600,NaN,NaN,NaN,NaN,NaN,NaN,NaN
1581901200,6.18,6.21,6.06,6.1,6485400,NaN,NaN,NaN,NaN,NaN,NaN,NaN
1581987600,6.06,6.12,6.03,6.11,4321500,NaN,NaN,NaN,NaN,NaN,NaN,NaN
1582074000,6.12,6.12,5.89,5.92,6759400,NaN,NaN,NaN,NaN,NaN,NaN,NaN
1582160400,5.92,5.96,5.78,5.89,7853700,NaN,NaN,NaN,NaN,NaN,NaN,NaN
1582246800,5.88,5.92,5.83,5.88,3567600,NaN,NaN,NaN,NaN,NaN,NaN,NaN
1582506000,5.85,5.94,5.69,5.91,6304000,NaN,NaN,NaN,NaN,NaN,NaN,NaN
1582592400,5.91,6.13,5.9,6.05,10686700,NaN,NaN,NaN,NaN,NaN,NaN,NaN
1582678800,6.01,6.1,5.99,6.06,5478000,NaN,NaN,NaN,NaN,NaN,NaN,NaN
1582765200,6.05,6.05,5.98,6.05,4412500,NaN,NaN,NaN,NaN,NaN,NaN,NaN
1582851600,6.06,6.2,6,6.2,13491500,NaN,NaN,NaN,NaN,NaN,NaN,NaN
1583110800,6.1,6.18,6.01,6.06,8397700,NaN,NaN,NaN,NaN,NaN,NaN,NaN
1583197200,6.1,6.15,6.01,6.03,7258400,NaN,NaN,NaN,NaN,NaN,NaN,NaN
1583283600,6.06,6.3,6.04,6.24,13813400,NaN,NaN,NaN,NaN,NaN,NaN,NaN
1583370000,6.2,6.32,6.19,6.23,8309800,NaN,NaN,NaN,NaN,NaN,NaN,NaN
1583456400,6.2,6.42,6.18,6.4,15171600,NaN,NaN,NaN,NaN,NaN,NaN,NaN
1583715600,6.44,6.45,6.27,6.42,8750500,NaN,NaN,NaN,NaN,NaN,NaN,NaN
1583802000,6.34,6.5,6.31,6.4,6671500,NaN,NaN,NaN,NaN,NaN,NaN,NaN
1583888400,6.43,6.5,6.39,6.48,9302700,NaN,NaN,NaN,NaN,NaN,NaN,NaN
1583974800,6.5,6.67,6.5,6.57,11324900,NaN,NaN,NaN,NaN,NaN,NaN,NaN
1584061200,6.34,6.69,5.87,6.06,17560600,NaN,NaN,NaN,NaN,NaN,NaN,NaN
1584320400,6.1,6.26,5.92,6.01,13877900,NaN,NaN,NaN,NaN,NaN,NaN,NaN
1584406800,5.9,6.19,5.68,6.14,25133400,NaN,NaN,NaN,NaN,NaN,NaN,NaN
1584493200,6.36,6.48,6.06,6.15,11303500,NaN,NaN,NaN,NaN,NaN,NaN,NaN
1584579600,6.2,6.41,6.12,6.33,14490300,NaN,NaN,NaN,NaN,NaN,NaN,NaN
1584666000,6.33,6.88,6.33,6.62,16068500,NaN,NaN,NaN,NaN,NaN,NaN,NaN
1584925200,6.59,6.76,6.53,6.68,14150900,NaN,NaN,NaN,NaN,NaN,NaN,NaN
1585011600,6.75,6.98,6.6,6.6,10074300,NaN,NaN,NaN,NaN,NaN,NaN,NaN
1585098000,6.95,7,6.6,6.69,9097600,NaN,NaN,NaN,NaN,NaN,NaN,NaN
1585184400,6.8,6.96,6.76,6.78,8954800,NaN,NaN,NaN,NaN,NaN,NaN,NaN
1585270800,6.92,7,6.88,6.99,9723100,NaN,NaN,NaN,NaN,NaN,NaN,NaN
1585530000,6.99,7.06,6.75,6.8,5788900,NaN,NaN,NaN,NaN,NaN,NaN,NaN
1585616400,6.82,6.93,6.8,6.88,10670200,3383413527,3313924000,770801000,166004000,778238000,2539799000,1.12645348837209
1585702800,6.88,6.89,6.74,6.75,4731000,NaN,NaN,NaN,NaN,NaN,NaN,NaN
1585789200,7.1,7.1,6.79,6.8,7209200,NaN,NaN,NaN,NaN,NaN,NaN,NaN
1585875600,7,7.02,6.87,6.9,6286500,NaN,NaN,NaN,NaN,NaN,NaN,NaN
1586134800,6.93,7.1,6.9,7.04,6741500,NaN,NaN,NaN,NaN,NaN,NaN,NaN
1586221200,7.1,7.2,7.07,7.15,7223100,NaN,NaN,NaN,NaN,NaN,NaN,NaN
1586307600,7.2,7.39,7.16,7.27,8315400,NaN,NaN,NaN,NaN,NaN,NaN,NaN
1586394000,7.35,7.54,7.34,7.44,9007000,NaN,NaN,NaN,NaN,NaN,NaN,NaN
1586480400,7.5,7.6,7.44,7.47,6339700,NaN,NaN,NaN,NaN,NaN,NaN,NaN
1586739600,7.47,7.59,7.42,7.42,3712800,NaN,NaN,NaN,NaN,NaN,NaN,NaN
1586826000,7.44,7.55,7.43,7.47,6002600,NaN,NaN,NaN,NaN,NaN,NaN,NaN
1586912400,7.48,7.73,7.48,7.6,8278100,NaN,NaN,NaN,NaN,NaN,NaN,NaN
1586998800,7.6,7.7,7.55,7.63,7398700,NaN,NaN,NaN,NaN,NaN,NaN,NaN
1587085200,7.68,7.8,7.67,7.68,7263800,NaN,NaN,NaN,NaN,NaN,NaN,NaN
1587344400,7.7,7.74,7.65,7.67,5508900,NaN,NaN,NaN,NaN,NaN,NaN,NaN
1587430800,7.7,7.7,7.21,7.25,9327600,NaN,NaN,NaN,NaN,NaN,NaN,NaN
1587517200,7.23,7.64,7.11,7.57,12048000,NaN,NaN,NaN,NaN,NaN,NaN,NaN
1587603600,7.64,7.72,7.35,7.5,8168700,NaN,NaN,NaN,NaN,NaN,NaN,NaN
1587690000,7.5,7.65,7.49,7.6,4857200,NaN,NaN,NaN,NaN,NaN,NaN,NaN
1587949200,7.6,7.68,7.56,7.57,4145900,NaN,NaN,NaN,NaN,NaN,NaN,NaN
1588035600,7.62,7.74,7.58,7.64,8242500,NaN,NaN,NaN,NaN,NaN,NaN,NaN
1588122000,7.7,7.71,7.61,7.7,2624200,NaN,NaN,NaN,NaN,NaN,NaN,NaN
1588208400,7.7,7.7,7.59,7.6,3599200,NaN,NaN,NaN,NaN,NaN,NaN,NaN
1588554000,7.58,7.58,7.31,7.4,4658100,NaN,NaN,NaN,NaN,NaN,NaN,NaN
1588640400,7.4,7.45,7.38,7.41,2992200,NaN,NaN,NaN,NaN,NaN,NaN,NaN
1588726800,7.39,7.4,7.21,7.25,4512500,NaN,NaN,NaN,NaN,NaN,NaN,NaN
1588899600,7.25,7.49,7.23,7.37,12486200,NaN,NaN,NaN,NaN,NaN,NaN,NaN
1589245200,7.37,7.66,7.37,7.53,16733800,NaN,NaN,NaN,NaN,NaN,NaN,NaN
1589331600,7.62,8.99,7.62,8.86,27513500,NaN,NaN,NaN,NaN,NaN,NaN,NaN
1589418000,8.88,9.74,8.71,9.19,20584400,NaN,NaN,NaN,NaN,NaN,NaN,NaN
1589504400,9.5,9.68,9.11,9.11,9341100,NaN,NaN,NaN,NaN,NaN,NaN,NaN
1589763600,9.19,9.36,9,9.13,11668600,NaN,NaN,NaN,NaN,NaN,NaN,NaN
1589850000,8.98,9.09,8.520001,9.01,13289800,NaN,NaN,NaN,NaN,NaN,NaN,NaN
1589936400,9.15,9.44,9.13,9.42,9417400,NaN,NaN,NaN,NaN,NaN,NaN,NaN
1590022800,9.5,10.16,9.44,10,17952500,NaN,NaN,NaN,NaN,NaN,NaN,NaN
1590109200,10.1,10.16,9.76,10,9607400,NaN,NaN,NaN,NaN,NaN,NaN,NaN
1590541200,10.58,11.4,10.58,10.88,12680300,NaN,NaN,NaN,NaN,NaN,NaN,NaN
1590627600,11.02,11.24,10.92,11.14,12741800,NaN,NaN,NaN,NaN,NaN,NaN,NaN
1590714000,11.1,12.54,10.8,12.54,27161800,NaN,NaN,NaN,NaN,NaN,NaN,NaN
1590973200,12.7,13.5,12.6,13.18,16411700,NaN,NaN,NaN,NaN,NaN,NaN,NaN
1591059600,12.9,12.98,11.42,12.74,12689900,NaN,NaN,NaN,NaN,NaN,NaN,NaN
1591146000,12.48,12.74,9.4,11.22,25688300,NaN,NaN,NaN,NaN,NaN,NaN,NaN
1591232400,10.72,11.82,10.6,11.78,16284800,NaN,NaN,NaN,NaN,NaN,NaN,NaN
1591318800,12.08,12.36,11.9,12.2,12450900,NaN,NaN,NaN,NaN,NaN,NaN,NaN
1591664400,12.6,13.5,12.38,12.52,17668000,NaN,NaN,NaN,NaN,NaN,NaN,NaN
1591750800,12.9,12.98,12.5,12.5,9075900,NaN,NaN,NaN,NaN,NaN,NaN,NaN
1591837200,12.72,13.12,12.44,12.44,14173300,NaN,NaN,NaN,NaN,NaN,NaN,NaN
1591923600,11.7,12.52,11.52,12.52,13139700,NaN,NaN,NaN,NaN,NaN,NaN,NaN
1592182800,12.8,12.88,11.68,11.68,20203900,NaN,NaN,NaN,NaN,NaN,NaN,NaN
1592269200,12.02,12.36,11.82,12.04,10995100,NaN,NaN,NaN,NaN,NaN,NaN,NaN
1592355600,12.16,12.26,11.82,11.94,5891700,NaN,NaN,NaN,NaN,NaN,NaN,NaN
1592442000,12,12.02,11.2,11.5,11453400,NaN,NaN,NaN,NaN,NaN,NaN,NaN
1592528400,11.3,12.18,11.22,12.08,13310700,NaN,NaN,NaN,NaN,NaN,NaN,NaN
1592787600,12.06,12.28,11.9,11.98,8872400,NaN,NaN,NaN,NaN,NaN,NaN,NaN
1592874000,12,12.1,11.84,12,4589500,NaN,NaN,NaN,NaN,NaN,NaN,NaN
1592960400,11.98,12.12,11.92,12.1,5984700,NaN,NaN,NaN,NaN,NaN,NaN,NaN
1593046800,11.98,12.1,11.92,12.1,5938100,NaN,NaN,NaN,NaN,NaN,NaN,NaN
1593133200,12.1,12.16,11.84,11.94,6470000,NaN,NaN,NaN,NaN,NaN,NaN,NaN
1593392400,11.94,12.5,11.7,12.5,6244000,NaN,NaN,NaN,NaN,NaN,NaN,NaN
1593478800,12.56,13.16,12.5,13,11056800,3388006127,3718193000,1002305000,288859000,920087000,2710965000,0.753846153846154
1593565200,13.06,15,13.04,14.78,17048500,NaN,NaN,NaN,NaN,NaN,NaN,NaN
1593651600,14.74,15.6,14.6,15,16681200,NaN,NaN,NaN,NaN,NaN,NaN,NaN
1593738000,15.24,16,14.82,16,12743400,NaN,NaN,NaN,NaN,NaN,NaN,NaN
1593997200,16.02,17.1,16.02,16.5,18581900,NaN,NaN,NaN,NaN,NaN,NaN,NaN
1594083600,16.799999,17.08,16.08,16.700001,11517800,NaN,NaN,NaN,NaN,NaN,NaN,NaN
1594170000,16.5,16.84,16.360001,16.42,8645500,NaN,NaN,NaN,NaN,NaN,NaN,NaN
1594256400,16.5,16.860001,16.08,16.6,10588500,NaN,NaN,NaN,NaN,NaN,NaN,NaN
1594342800,16.48,17.280001,16.48,17.059999,14338400,NaN,NaN,NaN,NaN,NaN,NaN,NaN
1594602000,17.540001,18.1,17.200001,17.9,22868100,NaN,NaN,NaN,NaN,NaN,NaN,NaN
1594688400,18,18.860001,15.28,17,25955600,NaN,NaN,NaN,NaN,NaN,NaN,NaN
1594774800,17.02,17.08,15.5,15.6,14778200,NaN,NaN,NaN,NaN,NaN,NaN,NaN
1594861200,15.3,16.379999,15,15.16,12037000,NaN,NaN,NaN,NaN,NaN,NaN,NaN
1594947600,15.28,17.219999,15.1,17.1,14949800,NaN,NaN,NaN,NaN,NaN,NaN,NaN
1595206800,17.799999,18.1,17.1,17.459999,13494600,NaN,NaN,NaN,NaN,NaN,NaN,NaN
1595293200,17.459999,18.16,17.299999,18,14570100,NaN,NaN,NaN,NaN,NaN,NaN,NaN
1595379600,17.5,17.700001,17.200001,17.379999,10782200,NaN,NaN,NaN,NaN,NaN,NaN,NaN
1595466000,17.299999,18,17.24,18,10552500,NaN,NaN,NaN,NaN,NaN,NaN,NaN
1595552400,17.799999,18,17.52,17.68,8480900,NaN,NaN,NaN,NaN,NaN,NaN,NaN
1595811600,17.9,18.34,17.559999,18.299999,12200600,NaN,NaN,NaN,NaN,NaN,NaN,NaN
1595898000,18.5,19.92,18.299999,19.9,21609200,NaN,NaN,NaN,NaN,NaN,NaN,NaN
1595984400,19.799999,20.5,19,20.120001,15772300,NaN,NaN,NaN,NaN,NaN,NaN,NaN
1596070800,20.299999,20.4,19.68,20.280001,9987000,NaN,NaN,NaN,NaN,NaN,NaN,NaN
1596416400,20.540001,21.16,20.440001,20.5,16413900,NaN,NaN,NaN,NaN,NaN,NaN,NaN
1596502800,20.52,20.68,17.540001,19.940001,38641100,NaN,NaN,NaN,NaN,NaN,NaN,NaN
1596589200,20,20.379999,19.5,19.799999,12193900,NaN,NaN,NaN,NaN,NaN,NaN,NaN
1596675600,20,20.040001,19.6,19.799999,6591200,NaN,NaN,NaN,NaN,NaN,NaN,NaN
1596762000,19.799999,19.799999,19.02,19.139999,11119600,NaN,NaN,NaN,NaN,NaN,NaN,NaN
1597021200,19,19,17.5,18.360001,9888400,NaN,NaN,NaN,NaN,NaN,NaN,NaN
1597107600,18.9,19.1,18.299999,18.299999,9073800,NaN,NaN,NaN,NaN,NaN,NaN,NaN
1597194000,18,18.1,16,16.120001,12763700,NaN,NaN,NaN,NaN,NaN,NaN,NaN
1597280400,16.299999,17,16.200001,16.559999,6975400,NaN,NaN,NaN,NaN,NaN,NaN,NaN
1597366800,16.559999,16.66,15.66,16.02,6988400,NaN,NaN,NaN,NaN,NaN,NaN,NaN
1597626000,16,16.1,14.02,15.56,6413200,NaN,NaN,NaN,NaN,NaN,NaN,NaN
1597712400,15.4,17.799999,14.88,17.559999,11220800,NaN,NaN,NaN,NaN,NaN,NaN,NaN
1597798800,17.52,18.360001,16.58,17.200001,12426600,NaN,NaN,NaN,NaN,NaN,NaN,NaN
1597971600,17.360001,17.74,16.799999,17.74,6677900,NaN,NaN,NaN,NaN,NaN,NaN,NaN
1598230800,17.700001,17.76,17.219999,17.5,6159600,NaN,NaN,NaN,NaN,NaN,NaN,NaN
1598317200,17.459999,17.459999,16.200001,16.5,5433800,NaN,NaN,NaN,NaN,NaN,NaN,NaN
1598403600,16.08,16.84,15.7,16.76,8158500,NaN,NaN,NaN,NaN,NaN,NaN,NaN
1598490000,16.5,16.860001,16.26,16.860001,4451600,NaN,NaN,NaN,NaN,NaN,NaN,NaN
1598576400,16.58,16.860001,16.5,16.52,7886500,NaN,NaN,NaN,NaN,NaN,NaN,NaN
1598922000,17,17.4,16.299999,16.459999,4187700,NaN,NaN,NaN,NaN,NaN,NaN,NaN
1599008400,16.559999,16.66,15.3,15.36,6929600,NaN,NaN,NaN,NaN,NaN,NaN,NaN
1599094800,15.3,15.36,13.7,13.86,15923300,NaN,NaN,NaN,NaN,NaN,NaN,NaN
1599181200,13.5,14.94,13.16,14,15293500,NaN,NaN,NaN,NaN,NaN,NaN,NaN
1599440400,14.02,14.38,13.96,14,4877300,NaN,NaN,NaN,NaN,NaN,NaN,NaN
1599526800,14.08,14.2,13.2,13.6,8102200,NaN,NaN,NaN,NaN,NaN,NaN,NaN
1599613200,13.48,13.48,12.78,13,12860800,NaN,NaN,NaN,NaN,NaN,NaN,NaN
1599699600,13.12,13.26,11.54,11.88,21229100,NaN,NaN,NaN,NaN,NaN,NaN,NaN
1599786000,11.8,13.38,11.56,12.44,23874300,NaN,NaN,NaN,NaN,NaN,NaN,NaN
1600045200,12.62,13.44,12.5,13,17150400,NaN,NaN,NaN,NaN,NaN,NaN,NaN
1600131600,13.1,14.4,13.04,14.1,12328500,NaN,NaN,NaN,NaN,NaN,NaN,NaN
1600304400,14.86,15.32,14.06,14.1,20619000,NaN,NaN,NaN,NaN,NaN,NaN,NaN
1600390800,14.12,14.44,13.84,14.16,10551100,NaN,NaN,NaN,NaN,NaN,NaN,NaN
1600650000,14.2,14.4,13.84,14,4920900,NaN,NaN,NaN,NaN,NaN,NaN,NaN
1600736400,13.82,14.24,13.8,14.06,5752500,NaN,NaN,NaN,NaN,NaN,NaN,NaN
1600822800,14.18,14.54,14.06,14.5,7146900,NaN,NaN,NaN,NaN,NaN,NaN,NaN
1600909200,14.5,16.059999,14.5,15.9,11687400,NaN,NaN,NaN,NaN,NaN,NaN,NaN
1600995600,16.1,17.34,16.1,17,13197200,NaN,NaN,NaN,NaN,NaN,NaN,NaN
1601254800,17.200001,17.6,17.02,17.42,13044300,NaN,NaN,NaN,NaN,NaN,NaN,NaN
1601341200,17.5,17.540001,16.82,17,8737600,NaN,NaN,NaN,NaN,NaN,NaN,NaN
1601427600,16.84,16.98,16.200001,16.200001,11048300,3427606862,4876916000,1485023000,688187000,1346016000,3382055000,1.08950617283951
1601514000,16.18,16.620001,16.139999,16.26,7216800,NaN,NaN,NaN,NaN,NaN,NaN,NaN
1601600400,16.360001,17.5,16.24,17.5,9146600,NaN,NaN,NaN,NaN,NaN,NaN,NaN
1601859600,17.48,17.700001,17.200001,17.559999,6161900,NaN,NaN,NaN,NaN,NaN,NaN,NaN
1601946000,17.58,17.620001,16.98,17.02,6163400,NaN,NaN,NaN,NaN,NaN,NaN,NaN
1602032400,16.92,17.24,16.9,16.9,5786000,NaN,NaN,NaN,NaN,NaN,NaN,NaN
1602118800,16.959999,17.08,16.799999,17,4808600,NaN,NaN,NaN,NaN,NaN,NaN,NaN
1602205200,17.08,17.459999,17,17.4,5048300,NaN,NaN,NaN,NaN,NaN,NaN,NaN
1602464400,17.26,17.559999,17.059999,17.5,5381500,NaN,NaN,NaN,NaN,NaN,NaN,NaN
1602550800,17.42,17.74,17.4,17.58,5956800,NaN,NaN,NaN,NaN,NaN,NaN,NaN
1602637200,17.58,18.26,17.42,18.16,17170700,NaN,NaN,NaN,NaN,NaN,NaN,NaN
1602723600,18.16,18.26,17.66,18.059999,6468500,NaN,NaN,NaN,NaN,NaN,NaN,NaN
1602810000,18.26,18.6,18,18.379999,10510600,NaN,NaN,NaN,NaN,NaN,NaN,NaN
1603069200,18.459999,19.24,18.34,19,6573500,NaN,NaN,NaN,NaN,NaN,NaN,NaN
1603155600,19.059999,19.200001,18.74,19.040001,7587000,NaN,NaN,NaN,NaN,NaN,NaN,NaN
1603242000,19.040001,19.040001,17.6,17.84,15237400,NaN,NaN,NaN,NaN,NaN,NaN,NaN
1603328400,17.799999,18.5,17.66,17.799999,6812900,NaN,NaN,NaN,NaN,NaN,NaN,NaN
1603414800,17.860001,18.1,17.1,17.32,4358100,NaN,NaN,NaN,NaN,NaN,NaN,NaN
1603674000,17.5,17.68,16.700001,17.68,5594800,NaN,NaN,NaN,NaN,NaN,NaN,NaN
1603760400,17.6,18.82,17.34,18.280001,9879600,NaN,NaN,NaN,NaN,NaN,NaN,NaN
1603846800,18.360001,18.459999,17.58,18.02,5401800,NaN,NaN,NaN,NaN,NaN,NaN,NaN
1604019600,18.02,18.26,17.959999,18,4800200,NaN,NaN,NaN,NaN,NaN,NaN,NaN
1604278800,18,18.02,17.780001,17.84,5434100,NaN,NaN,NaN,NaN,NaN,NaN,NaN
1604365200,17.9,18.040001,17.6,17.76,4809900,NaN,NaN,NaN,NaN,NaN,NaN,NaN
1604451600,17.76,18.18,17.76,17.84,2108600,NaN,NaN,NaN,NaN,NaN,NaN,NaN
1604538000,17.84,18.059999,17.780001,18,5262100,NaN,NaN,NaN,NaN,NaN,NaN,NaN
1604624400,18.08,18.280001,17.84,18.200001,5268900,NaN,NaN,NaN,NaN,NaN,NaN,NaN
1604883600,18.4,18.799999,18.1,18.219999,3853100,NaN,NaN,NaN,NaN,NaN,NaN,NaN
1604970000,16.799999,17,15.5,15.7,27897900,NaN,NaN,NaN,NaN,NaN,NaN,NaN
1605056400,15.7,15.94,15.1,15.5,14724000,NaN,NaN,NaN,NaN,NaN,NaN,NaN
1605142800,15.4,15.5,15.16,15.36,10911900,NaN,NaN,NaN,NaN,NaN,NaN,NaN
1605229200,15.5,15.62,15.28,15.38,4847600,NaN,NaN,NaN,NaN,NaN,NaN,NaN
1605488400,15.38,15.38,14.08,14.5,11943700,NaN,NaN,NaN,NaN,NaN,NaN,NaN
1605574800,14,14.86,13.66,14.64,18498400,NaN,NaN,NaN,NaN,NaN,NaN,NaN
1605661200,14.74,14.78,14.22,14.42,9217700,NaN,NaN,NaN,NaN,NaN,NaN,NaN
1605747600,14.3,14.44,14.06,14.1,7453500,NaN,NaN,NaN,NaN,NaN,NaN,NaN
1605834000,14.2,14.64,14.16,14.4,9511200,NaN,NaN,NaN,NaN,NaN,NaN,NaN
1606093200,14.6,14.64,14.2,14.46,4181100,NaN,NaN,NaN,NaN,NaN,NaN,NaN
1606179600,14.5,14.8,14.06,14.18,7842000,NaN,NaN,NaN,NaN,NaN,NaN,NaN
1606266000,14.24,14.4,14.16,14.36,5033000,NaN,NaN,NaN,NaN,NaN,NaN,NaN
1606352400,14.36,14.68,14.36,14.66,2679200,NaN,NaN,NaN,NaN,NaN,NaN,NaN
1606438800,14.78,14.78,14.36,14.48,2191800,NaN,NaN,NaN,NaN,NaN,NaN,NaN
1606698000,14.48,14.68,14.36,14.4,8583300,NaN,NaN,NaN,NaN,NaN,NaN,NaN
1606784400,14.5,14.6,14.38,14.46,4501100,NaN,NaN,NaN,NaN,NaN,NaN,NaN
1606870800,14.62,14.62,14.16,14.4,4982900,NaN,NaN,NaN,NaN,NaN,NaN,NaN
1606957200,14.56,14.7,14.42,14.66,6119900,NaN,NaN,NaN,NaN,NaN,NaN,NaN
1607043600,14.7,14.7,14.46,14.5,2329100,NaN,NaN,NaN,NaN,NaN,NaN,NaN
1607302800,14.5,14.6,14.32,14.44,5589200,NaN,NaN,NaN,NaN,NaN,NaN,NaN
1607389200,14.4,14.74,14.32,14.66,3141900,NaN,NaN,NaN,NaN,NaN,NaN,NaN
1607475600,14.62,14.66,14.46,14.66,4286100,NaN,NaN,NaN,NaN,NaN,NaN,NaN
1607562000,14.66,14.66,14.34,14.36,5906200,NaN,NaN,NaN,NaN,NaN,NaN,NaN
1607648400,14.38,14.4,13.66,13.72,11411700,NaN,NaN,NaN,NaN,NaN,NaN,NaN
1607907600,13.2,13.4,11.8,11.96,15575800,NaN,NaN,NaN,NaN,NaN,NaN,NaN
1607994000,11.9,12.3,11.82,11.98,6255500,NaN,NaN,NaN,NaN,NaN,NaN,NaN
1608080400,12.3,12.82,12.12,12.44,7810200,NaN,NaN,NaN,NaN,NaN,NaN,NaN
1608166800,12.5,12.5,12.12,12.38,6815700,NaN,NaN,NaN,NaN,NaN,NaN,NaN
1608253200,12.38,12.5,12.26,12.36,3385100,NaN,NaN,NaN,NaN,NaN,NaN,NaN
1608512400,12.4,12.68,12.28,12.5,2782900,NaN,NaN,NaN,NaN,NaN,NaN,NaN
1608598800,12.5,12.7,12.5,12.6,2462900,NaN,NaN,NaN,NaN,NaN,NaN,NaN
1608685200,12.6,12.82,12.56,12.72,2680000,NaN,NaN,NaN,NaN,NaN,NaN,NaN
1608771600,12.72,12.74,12.5,12.58,1088400,NaN,NaN,NaN,NaN,NaN,NaN,NaN
1609117200,12.58,12.58,12.34,12.46,2932500,NaN,NaN,NaN,NaN,NaN,NaN,NaN
1609203600,12.46,12.46,11.8,11.94,5297600,NaN,NaN,NaN,NaN,NaN,NaN,NaN
1609290000,11.94,12.2,11.94,12.2,2934400,NaN,NaN,NaN,NaN,NaN,NaN,NaN
1609376400,12.2,12.36,12.08,12.14,3460100,3427606862,5966161000,1767056000,1290326000,2129900999.9999998,4182470999.9999995,2.74299835255354
1609722000,12.2,12.2,10.42,10.48,37800300,NaN,NaN,NaN,NaN,NaN,NaN,NaN
1609808400,10.56,10.66,10.24,10.6,12738700,NaN,NaN,NaN,NaN,NaN,NaN,NaN
1609894800,10.7,10.7,10.5,10.6,10529300,NaN,NaN,NaN,NaN,NaN,NaN,NaN
1609981200,10.64,11.06,10.54,10.9,14842200,NaN,NaN,NaN,NaN,NaN,NaN,NaN
1610067600,11,12.5,10.98,12.5,21701500,NaN,NaN,NaN,NaN,NaN,NaN,NaN
1610326800,12.68,12.84,11.6,12.22,21178700,NaN,NaN,NaN,NaN,NaN,NaN,NaN
1610413200,12.42,13.3,11.84,13.14,10872800,NaN,NaN,NaN,NaN,NaN,NaN,NaN
1610499600,13.14,13.26,12.76,13,7865600,NaN,NaN,NaN,NaN,NaN,NaN,NaN
1610586000,12.88,12.88,12.3,12.3,7676600,NaN,NaN,NaN,NaN,NaN,NaN,NaN
1610672400,12.3,12.64,12.16,12.2,6138000,NaN,NaN,NaN,NaN,NaN,NaN,NaN
1610931600,12.2,12.42,12,12.36,3278300,NaN,NaN,NaN,NaN,NaN,NaN,NaN
1611018000,12.38,12.5,12.02,12.2,3005600,NaN,NaN,NaN,NaN,NaN,NaN,NaN
1611104400,12.46,12.46,12.02,12.02,5111300,NaN,NaN,NaN,NaN,NaN,NaN,NaN
1611190800,12.1,12.24,11.78,11.8,5498600,NaN,NaN,NaN,NaN,NaN,NaN,NaN
1611277200,11.84,12.44,11.84,12.32,7529500,NaN,NaN,NaN,NaN,NaN,NaN,NaN
1611536400,12.5,13.04,12.4,13,9956600,NaN,NaN,NaN,NaN,NaN,NaN,NaN
1611622800,12.92,12.92,12.4,12.44,6233700,NaN,NaN,NaN,NaN,NaN,NaN,NaN
1611709200,12.4,12.68,12.06,12.2,6058900,NaN,NaN,NaN,NaN,NaN,NaN,NaN
1611882000,13.42,13.42,12.3,12.86,14664600,NaN,NaN,NaN,NaN,NaN,NaN,NaN
1612227600,12.88,13.4,12.86,13.3,12494400,NaN,NaN,NaN,NaN,NaN,NaN,NaN
1612314000,13.28,13.3,13.02,13.18,7530200,NaN,NaN,NaN,NaN,NaN,NaN,NaN
1612400400,13.2,13.44,13.12,13.36,4601400,NaN,NaN,NaN,NaN,NaN,NaN,NaN
1612486800,13.34,13.34,13.16,13.24,3684800,NaN,NaN,NaN,NaN,NaN,NaN,NaN
1612746000,13.16,13.22,12.5,12.9,5742200,NaN,NaN,NaN,NaN,NaN,NaN,NaN
1612832400,12.64,12.94,12.44,12.46,4739400,NaN,NaN,NaN,NaN,NaN,NaN,NaN
1612918800,12.46,12.78,12.46,12.78,1302800,NaN,NaN,NaN,NaN,NaN,NaN,NaN
1613005200,12.76,12.78,12.66,12.7,1080200,NaN,NaN,NaN,NaN,NaN,NaN,NaN
1613350800,12.74,12.9,12.42,12.46,3006700,NaN,NaN,NaN,NaN,NaN,NaN,NaN
1613437200,12.48,12.54,12.4,12.44,3965600,NaN,NaN,NaN,NaN,NaN,NaN,NaN
1613523600,12.44,12.6,12.2,12.5,4783200,NaN,NaN,NaN,NaN,NaN,NaN,NaN
1613610000,12.6,12.6,12.34,12.38,4178900,NaN,NaN,NaN,NaN,NaN,NaN,NaN
1613696400,12.4,12.4,12.04,12.06,4905300,NaN,NaN,NaN,NaN,NaN,NaN,NaN
1613955600,12.06,12.22,11.62,11.64,4750900,NaN,NaN,NaN,NaN,NaN,NaN,NaN
1614042000,11.64,11.8,11.02,11.06,9186400,NaN,NaN,NaN,NaN,NaN,NaN,NaN
1614128400,11.16,11.16,10.32,10.4,17688200,NaN,NaN,NaN,NaN,NaN,NaN,NaN
1614214800,10.5,10.62,10,10.14,18001900,NaN,NaN,NaN,NaN,NaN,NaN,NaN
1614301200,10.14,10.36,9.92,10,13140200,NaN,NaN,NaN,NaN,NaN,NaN,NaN
1614560400,10,10,9.21,9.38,10115400,NaN,NaN,NaN,NaN,NaN,NaN,NaN
1614646800,9.38,9.55,8.98,9.41,12096000,NaN,NaN,NaN,NaN,NaN,NaN,NaN
1614733200,9.68,9.98,9.46,9.85,14190200,NaN,NaN,NaN,NaN,NaN,NaN,NaN
1614819600,9.85,9.9,9.5,9.65,7147900,NaN,NaN,NaN,NaN,NaN,NaN,NaN
1614906000,9.64,9.9,9.62,9.75,5370500,NaN,NaN,NaN,NaN,NaN,NaN,NaN
1615165200,9.8,9.87,9.63,9.7,5076800,NaN,NaN,NaN,NaN,NaN,NaN,NaN
1615251600,9.770001,9.78,9.65,9.72,3941900,NaN,NaN,NaN,NaN,NaN,NaN,NaN
1615338000,9.72,10.14,9.7,9.79,4794900,NaN,NaN,NaN,NaN,NaN,NaN,NaN
1615424400,9.79,9.95,9.75,9.78,3960100,NaN,NaN,NaN,NaN,NaN,NaN,NaN
1615510800,9.8,9.86,9.65,9.72,2174700,NaN,NaN,NaN,NaN,NaN,NaN,NaN
1615770000,9.72,9.95,9.56,9.83,2415900,NaN,NaN,NaN,NaN,NaN,NaN,NaN
1615856400,9.9,9.93,9.65,9.75,2747000,NaN,NaN,NaN,NaN,NaN,NaN,NaN
1615942800,9.8,9.8,9.56,9.65,7750500,NaN,NaN,NaN,NaN,NaN,NaN,NaN
1616029200,9.68,9.8,9.65,9.7,1795700,NaN,NaN,NaN,NaN,NaN,NaN,NaN
1616115600,9.72,9.74,9.6,9.69,6231300,NaN,NaN,NaN,NaN,NaN,NaN,NaN
1616374800,9.74,9.82,9.61,9.7,2630300,NaN,NaN,NaN,NaN,NaN,NaN,NaN
1616461200,9.7,9.75,9.58,9.6,2201000,NaN,NaN,NaN,NaN,NaN,NaN,NaN
1616547600,9.61,9.66,9.54,9.66,1552100,NaN,NaN,NaN,NaN,NaN,NaN,NaN
1616634000,9.68,9.68,9.5,9.63,2615900,NaN,NaN,NaN,NaN,NaN,NaN,NaN
1616720400,9.65,9.66,9.5,9.54,2904600,NaN,NaN,NaN,NaN,NaN,NaN,NaN
1616979600,9.54,9.54,9.32,9.39,4036100,NaN,NaN,NaN,NaN,NaN,NaN,NaN
1617066000,9.38,9.47,9.21,9.36,6597400,NaN,NaN,NaN,NaN,NaN,NaN,NaN
1617152400,9.35,9.35,8.9,8.93,8695800,3427606000,6901878000,1902766000,1504046000,2307481000,4974900000,5.70548712206047
1617238800,8.93,9.07,8.93,9.020001,3271000,NaN,NaN,NaN,NaN,NaN,NaN,NaN
1617325200,9.020001,9.06,8.96,8.98,4007100,NaN,NaN,NaN,NaN,NaN,NaN,NaN
1617584400,9,9.03,8.9,8.95,3029400,NaN,NaN,NaN,NaN,NaN,NaN,NaN
1617670800,8.95,9.28,8.92,9.14,4327600,NaN,NaN,NaN,NaN,NaN,NaN,NaN
1617757200,9.14,9.34,9.1,9.25,5217600,NaN,NaN,NaN,NaN,NaN,NaN,NaN
1617843600,9.25,10.34,9.22,10.14,16852700,NaN,NaN,NaN,NaN,NaN,NaN,NaN
1617930000,10.14,10.2,9.7,9.89,6276400,NaN,NaN,NaN,NaN,NaN,NaN,NaN
1618189200,9.88,10.04,9.65,9.7,6357100,NaN,NaN,NaN,NaN,NaN,NaN,NaN
1618275600,9.7,9.74,9.38,9.46,7888300,NaN,NaN,NaN,NaN,NaN,NaN,NaN
1618362000,9.5,9.5,9.34,9.47,5472600,NaN,NaN,NaN,NaN,NaN,NaN,NaN
1618448400,9.49,10,9.44,10,13883100,NaN,NaN,NaN,NaN,NaN,NaN,NaN
1618534800,9.95,10.12,9.8,10.12,12959100,NaN,NaN,NaN,NaN,NaN,NaN,NaN
1618794000,10.12,10.24,9.96,10.04,6368100,NaN,NaN,NaN,NaN,NaN,NaN,NaN
1618880400,10.04,10.04,9.7,9.87,4673800,NaN,NaN,NaN,NaN,NaN,NaN,NaN
1618966800,9.94,10.18,9.85,10.12,11066400,NaN,NaN,NaN,NaN,NaN,NaN,NaN
1619053200,10.1,10.8,10.08,10.54,19534900,NaN,NaN,NaN,NaN,NaN,NaN,NaN
1619139600,10.6,10.94,10.46,10.78,20314700,NaN,NaN,NaN,NaN,NaN,NaN,NaN
1619398800,10.84,11.26,10.84,11.18,15257500,NaN,NaN,NaN,NaN,NaN,NaN,NaN
1619485200,11.2,11.34,10.68,10.7,9261400,NaN,NaN,NaN,NaN,NaN,NaN,NaN
1619571600,10.64,10.64,10.28,10.4,7801500,NaN,NaN,NaN,NaN,NaN,NaN,NaN
1619744400,10.5,10.52,10.16,10.28,7478400,NaN,NaN,NaN,NaN,NaN,NaN,NaN
1620003600,10.36,10.4,9.92,9.98,7720900,NaN,NaN,NaN,NaN,NaN,NaN,NaN
1620090000,9.99,10.44,9.81,9.93,12522200,NaN,NaN,NaN,NaN,NaN,NaN,NaN
1620176400,9.99,10.06,9.79,9.83,6856000,NaN,NaN,NaN,NaN,NaN,NaN,NaN
1620262800,9.67,9.67,9.19,9.25,12200600,NaN,NaN,NaN,NaN,NaN,NaN,NaN
1620349200,9.26,9.65,9.23,9.56,5763300,NaN,NaN,NaN,NaN,NaN,NaN,NaN
1620608400,9.6,9.73,9.520001,9.58,3506900,NaN,NaN,NaN,NaN,NaN,NaN,NaN
1620694800,9.5,9.59,9.36,9.47,3618100,NaN,NaN,NaN,NaN,NaN,NaN,NaN
1620781200,9.45,9.68,9.39,9.53,2752300,NaN,NaN,NaN,NaN,NaN,NaN,NaN
1621213200,9.69,9.88,9.53,9.71,6227600,NaN,NaN,NaN,NaN,NaN,NaN,NaN
1621299600,9.69,9.74,9.53,9.55,4810100,NaN,NaN,NaN,NaN,NaN,NaN,NaN
1621386000,9.57,9.94,9.56,9.91,7247500,NaN,NaN,NaN,NaN,NaN,NaN,NaN
1621472400,9.89,10.06,9.75,9.92,8472600,NaN,NaN,NaN,NaN,NaN,NaN,NaN
1621558800,9.7,9.8,9.53,9.58,5188600,NaN,NaN,NaN,NaN,NaN,NaN,NaN
1621818000,9.59,9.65,9.37,9.48,3208100,NaN,NaN,NaN,NaN,NaN,NaN,NaN
1621904400,9.45,9.45,9.12,9.23,12366400,NaN,NaN,NaN,NaN,NaN,NaN,NaN
1622077200,9.18,9.18,9,9,14214200,NaN,NaN,NaN,NaN,NaN,NaN,NaN
1622163600,9,9.23,8.98,9.2,5295700,NaN,NaN,NaN,NaN,NaN,NaN,NaN
1622422800,9.020001,9.12,8.93,9,3849400,NaN,NaN,NaN,NaN,NaN,NaN,NaN
1622509200,9.01,9.03,8.9,8.91,3625900,NaN,NaN,NaN,NaN,NaN,NaN,NaN
1622595600,8.91,9.09,8.91,8.92,3192400,NaN,NaN,NaN,NaN,NaN,NaN,NaN
1622682000,8.95,8.98,8.55,8.68,9258600,NaN,NaN,NaN,NaN,NaN,NaN,NaN
1622768400,8.65,8.72,8.55,8.57,4386000,NaN,NaN,NaN,NaN,NaN,NaN,NaN
1623114000,8.56,8.58,8.3,8.46,9637800,NaN,NaN,NaN,NaN,NaN,NaN,NaN
1623200400,8.45,8.55,8.33,8.43,5452000,NaN,NaN,NaN,NaN,NaN,NaN,NaN
1623286800,8.520001,8.59,8.42,8.42,4451900,NaN,NaN,NaN,NaN,NaN,NaN,NaN
1623373200,8.42,8.43,8.21,8.3,7653400,NaN,NaN,NaN,NaN,NaN,NaN,NaN
1623632400,8.48,8.55,8.38,8.43,2360200,NaN,NaN,NaN,NaN,NaN,NaN,NaN
1623718800,8.45,8.5,8.31,8.48,3818700,NaN,NaN,NaN,NaN,NaN,NaN,NaN
1623805200,8.48,8.48,8.32,8.33,3924400,NaN,NaN,NaN,NaN,NaN,NaN,NaN
1623891600,8.33,8.4,8.29,8.29,4261400,NaN,NaN,NaN,NaN,NaN,NaN,NaN
1623978000,8.29,8.48,8.29,8.44,9586500,NaN,NaN,NaN,NaN,NaN,NaN,NaN
1624237200,8.44,8.45,8.28,8.38,3652700,NaN,NaN,NaN,NaN,NaN,NaN,NaN
1624323600,8.32,8.34,8.19,8.2,3956300,NaN,NaN,NaN,NaN,NaN,NaN,NaN
1624410000,8.2,8.22,7.99,8,6353700,NaN,NaN,NaN,NaN,NaN,NaN,NaN
1624496400,8,8,7.61,7.67,9995100,NaN,NaN,NaN,NaN,NaN,NaN,NaN
1624582800,7.67,7.84,7.46,7.48,7979100,NaN,NaN,NaN,NaN,NaN,NaN,NaN
1624842000,7.52,7.52,7.3,7.3,4436200,NaN,NaN,NaN,NaN,NaN,NaN,NaN
1624928400,7.32,7.56,7.31,7.49,7551700,NaN,NaN,NaN,NaN,NaN,NaN,NaN
1625014800,7.49,7.6,7.28,7.35,4170100,3417461863,8431897000.000001,1874690000,2833101000,3902834000,6530500000,11.1972789115646
1625101200,7.35,7.37,7.12,7.14,3562500,NaN,NaN,NaN,NaN,NaN,NaN,NaN
1625187600,7.14,7.14,6.94,7.02,6475900,NaN,NaN,NaN,NaN,NaN,NaN,NaN
1625446800,7.02,7.13,6.99,7.01,4122900,NaN,NaN,NaN,NaN,NaN,NaN,NaN
1625533200,7.05,7.16,7,7.06,7009700,NaN,NaN,NaN,NaN,NaN,NaN,NaN
1625619600,7.06,7.33,7.02,7.06,5830700,NaN,NaN,NaN,NaN,NaN,NaN,NaN
1625706000,7.06,7.16,6.9,6.98,5697600,NaN,NaN,NaN,NaN,NaN,NaN,NaN
1625792400,6.98,7.27,6.96,7.11,6689400,NaN,NaN,NaN,NaN,NaN,NaN,NaN
1626051600,7.14,7.17,6.84,6.86,4899200,NaN,NaN,NaN,NaN,NaN,NaN,NaN
1626138000,6.86,7.24,6.86,7.11,4817700,NaN,NaN,NaN,NaN,NaN,NaN,NaN
1626224400,7.15,7.53,7.14,7.26,10469100,NaN,NaN,NaN,NaN,NaN,NaN,NaN
1626310800,7.28,7.74,7.24,7.64,7888700,NaN,NaN,NaN,NaN,NaN,NaN,NaN
1626397200,7.69,7.74,7.34,7.53,5289500,NaN,NaN,NaN,NaN,NaN,NaN,NaN
1626656400,7.51,7.64,7.44,7.58,7340300,NaN,NaN,NaN,NaN,NaN,NaN,NaN
1626829200,7.62,7.92,7.56,7.89,7335000,NaN,NaN,NaN,NaN,NaN,NaN,NaN
1626915600,7.9,7.9,7.62,7.75,4796600,NaN,NaN,NaN,NaN,NaN,NaN,NaN
1627002000,7.7,7.81,7.65,7.7,3921500,NaN,NaN,NaN,NaN,NaN,NaN,NaN
1627261200,7.71,7.74,7.38,7.39,4161700,NaN,NaN,NaN,NaN,NaN,NaN,NaN
1627347600,7.39,7.4,7.15,7.3,3266900,NaN,NaN,NaN,NaN,NaN,NaN,NaN
1627434000,7.31,7.44,7.28,7.34,2549100,NaN,NaN,NaN,NaN,NaN,NaN,NaN
1627520400,7.34,7.35,7.15,7.15,2418600,NaN,NaN,NaN,NaN,NaN,NaN,NaN
1627606800,7.22,7.22,7.03,7.04,6770400,NaN,NaN,NaN,NaN,NaN,NaN,NaN
1627866000,7.07,7.15,7.01,7.03,3254400,NaN,NaN,NaN,NaN,NaN,NaN,NaN
1627952400,7,7.08,6.64,6.8,23965200,NaN,NaN,NaN,NaN,NaN,NaN,NaN
1628038800,6.83,6.94,6.73,6.76,9752700,NaN,NaN,NaN,NaN,NaN,NaN,NaN
1628125200,6.77,6.82,6.73,6.77,4676000,NaN,NaN,NaN,NaN,NaN,NaN,NaN
1628211600,6.77,6.82,6.63,6.63,8896200,NaN,NaN,NaN,NaN,NaN,NaN,NaN
1628470800,6.63,6.74,6.62,6.71,5112900,NaN,NaN,NaN,NaN,NaN,NaN,NaN
1628643600,6.71,7.01,6.67,6.94,6756500,NaN,NaN,NaN,NaN,NaN,NaN,NaN
1628730000,6.95,7.23,6.9,7.05,7313800,NaN,NaN,NaN,NaN,NaN,NaN,NaN
1628816400,7.1,7.17,7.05,7.13,3161000,NaN,NaN,NaN,NaN,NaN,NaN,NaN
1629075600,7.09,7.09,6.85,6.85,4449100,NaN,NaN,NaN,NaN,NaN,NaN,NaN
1629162000,6.87,7.09,6.86,7.07,3993000,NaN,NaN,NaN,NaN,NaN,NaN,NaN
1629248400,7.07,7.29,7.03,7.21,4711000,NaN,NaN,NaN,NaN,NaN,NaN,NaN
1629334800,7.18,7.21,7.02,7.06,2771400,NaN,NaN,NaN,NaN,NaN,NaN,NaN
1629421200,7.11,7.15,7.02,7.06,2718900,NaN,NaN,NaN,NaN,NaN,NaN,NaN
1629680400,7.07,7.09,6.92,6.96,2953800,NaN,NaN,NaN,NaN,NaN,NaN,NaN
1629766800,6.98,7.07,6.94,7.07,1751700,NaN,NaN,NaN,NaN,NaN,NaN,NaN
1629853200,7.07,7.22,7.02,7.14,2918500,NaN,NaN,NaN,NaN,NaN,NaN,NaN
1629939600,7.13,7.2,6.97,7.05,3756800,NaN,NaN,NaN,NaN,NaN,NaN,NaN
1630026000,7.05,7.25,7.03,7.25,4147000,NaN,NaN,NaN,NaN,NaN,NaN,NaN
1630285200,7.22,7.38,7.12,7.38,6949600,NaN,NaN,NaN,NaN,NaN,NaN,NaN
1630458000,7.45,7.45,7.12,7.12,7112600,NaN,NaN,NaN,NaN,NaN,NaN,NaN
1630544400,7.13,7.17,7.04,7.08,3763600,NaN,NaN,NaN,NaN,NaN,NaN,NaN
1630630800,7.1,7.1,6.87,6.92,7954000,NaN,NaN,NaN,NaN,NaN,NaN,NaN
1630890000,6.95,6.97,6.88,6.91,4817000,NaN,NaN,NaN,NaN,NaN,NaN,NaN
1630976400,6.92,6.95,6.86,6.91,4326500,NaN,NaN,NaN,NaN,NaN,NaN,NaN
1631062800,6.9,6.9,6.67,6.68,12349200,NaN,NaN,NaN,NaN,NaN,NaN,NaN
1631149200,6.68,6.75,6.41,6.42,11051700,NaN,NaN,NaN,NaN,NaN,NaN,NaN
1631235600,6.46,6.66,6.3,6.39,9984600,NaN,NaN,NaN,NaN,NaN,NaN,NaN
1631494800,6.39,6.39,6.21,6.3,5189500,NaN,NaN,NaN,NaN,NaN,NaN,NaN
1631581200,6.3,6.33,6.14,6.32,7730500,NaN,NaN,NaN,NaN,NaN,NaN,NaN
1631667600,6.29,6.3,6.17,6.25,4211500,NaN,NaN,NaN,NaN,NaN,NaN,NaN
1631840400,6.32,6.58,6.21,6.4,16705600,NaN,NaN,NaN,NaN,NaN,NaN,NaN
1632099600,6.4,6.45,6.1,6.1,6113100,NaN,NaN,NaN,NaN,NaN,NaN,NaN
1632186000,6.08,6.12,5.87,5.88,12273300,NaN,NaN,NaN,NaN,NaN,NaN,NaN
1632272400,5.85,6.07,5.82,6.04,5908200,NaN,NaN,NaN,NaN,NaN,NaN,NaN
1632358800,5.83,5.88,5.65,5.7,4030300,NaN,NaN,NaN,NaN,NaN,NaN,NaN
1632445200,5.69,5.69,5.53,5.53,9724800,NaN,NaN,NaN,NaN,NaN,NaN,NaN
1632704400,5.5,5.58,5.44,5.53,5169500,NaN,NaN,NaN,NaN,NaN,NaN,NaN
1632790800,5.53,6.06,5.51,6.06,8066600,NaN,NaN,NaN,NaN,NaN,NaN,NaN
1632877200,6.01,6.01,5.84,5.99,5867900,NaN,NaN,NaN,NaN,NaN,NaN,NaN
1632963600,6.03,6.32,5.93,6.15,14085400,3417461863,9077474000,2285335000,1189707000,2011330000,6766146000,14.2195121951219
1633050000,6.15,6.18,5.93,6,5139300,NaN,NaN,NaN,NaN,NaN,NaN,NaN
1633309200,6.02,6.1,5.95,5.99,4112800,NaN,NaN,NaN,NaN,NaN,NaN,NaN
1633395600,5.99,6.17,5.96,6.02,5054800,NaN,NaN,NaN,NaN,NaN,NaN,NaN
1633482000,6.06,6.08,5.96,6.01,5217600,NaN,NaN,NaN,NaN,NaN,NaN,NaN
1633568400,6.01,6.02,5.94,5.99,2610600,NaN,NaN,NaN,NaN,NaN,NaN,NaN
1633654800,5.97,6,5.86,5.89,5820400,NaN,NaN,NaN,NaN,NaN,NaN,NaN
1633914000,5.9,5.95,5.72,5.72,4627200,NaN,NaN,NaN,NaN,NaN,NaN,NaN
1634000400,5.7,5.97,5.51,5.97,12029600,NaN,NaN,NaN,NaN,NaN,NaN,NaN
1634086800,5.87,6.19,5.83,6.07,6791100,NaN,NaN,NaN,NaN,NaN,NaN,NaN
1634173200,6.09,6.33,6.07,6.22,5663800,NaN,NaN,NaN,NaN,NaN,NaN,NaN
1634259600,6.25,6.28,6.02,6.02,3901700,NaN,NaN,NaN,NaN,NaN,NaN,NaN
1634518800,6.08,6.3,6.08,6.2,3325400,NaN,NaN,NaN,NaN,NaN,NaN,NaN
1634691600,6.29,6.29,6.09,6.16,3327800,NaN,NaN,NaN,NaN,NaN,NaN,NaN
1634778000,6.17,6.17,5.93,6.14,6207700,NaN,NaN,NaN,NaN,NaN,NaN,NaN
1634864400,6.1,6.15,6.02,6.15,1664800,NaN,NaN,NaN,NaN,NaN,NaN,NaN
1635123600,6.1,6.14,6.03,6.12,1231200,NaN,NaN,NaN,NaN,NaN,NaN,NaN
1635210000,6.12,6.12,5.81,5.82,6483700,NaN,NaN,NaN,NaN,NaN,NaN,NaN
1635296400,5.85,5.86,5.7,5.71,3425900,NaN,NaN,NaN,NaN,NaN,NaN,NaN
1635382800,5.71,5.72,5.64,5.64,2893500,NaN,NaN,NaN,NaN,NaN,NaN,NaN
1635469200,5.68,5.89,5.63,5.86,4101000,NaN,NaN,NaN,NaN,NaN,NaN,NaN
1635728400,5.73,5.81,5.67,5.67,3468300,NaN,NaN,NaN,NaN,NaN,NaN,NaN
1635814800,5.71,5.84,5.63,5.75,4875400,NaN,NaN,NaN,NaN,NaN,NaN,NaN
1635901200,5.83,5.97,5.71,5.71,7907900,NaN,NaN,NaN,NaN,NaN,NaN,NaN
1636074000,5.75,5.83,5.68,5.72,5257400,NaN,NaN,NaN,NaN,NaN,NaN,NaN
1636333200,5.73,5.88,5.73,5.83,5476100,NaN,NaN,NaN,NaN,NaN,NaN,NaN
1636419600,5.83,5.85,5.65,5.69,5113900,NaN,NaN,NaN,NaN,NaN,NaN,NaN
1636506000,5.71,5.71,5.6,5.63,4025500,NaN,NaN,NaN,NaN,NaN,NaN,NaN
1636592400,5.69,5.69,5.57,5.57,3036400,NaN,NaN,NaN,NaN,NaN,NaN,NaN
1636678800,5.6,5.82,5.6,5.78,7039800,NaN,NaN,NaN,NaN,NaN,NaN,NaN
1636938000,5.8,5.96,5.76,5.9,5738000,NaN,NaN,NaN,NaN,NaN,NaN,NaN
1637024400,5.92,5.96,5.81,5.88,4871600,NaN,NaN,NaN,NaN,NaN,NaN,NaN
1637110800,5.5,5.54,5.3,5.45,8537900,NaN,NaN,NaN,NaN,NaN,NaN,NaN
1637197200,5.39,5.45,5.28,5.33,5357000,NaN,NaN,NaN,NaN,NaN,NaN,NaN
1637283600,5.3,5.34,5.11,5.14,4918800,NaN,NaN,NaN,NaN,NaN,NaN,NaN
1637542800,5.15,5.2,5.05,5.06,2610600,NaN,NaN,NaN,NaN,NaN,NaN,NaN
1637629200,5.06,5.15,4.97,5.11,5373100,NaN,NaN,NaN,NaN,NaN,NaN,NaN
1637715600,5.11,5.18,5.07,5.15,3554000,NaN,NaN,NaN,NaN,NaN,NaN,NaN
1637802000,5.15,5.17,5.08,5.13,2379500,NaN,NaN,NaN,NaN,NaN,NaN,NaN
1637888400,5.13,5.7,5.13,5.65,19381300,NaN,NaN,NaN,NaN,NaN,NaN,NaN
1638147600,5.82,7.01,5.82,6.4,36386900,NaN,NaN,NaN,NaN,NaN,NaN,NaN
1638234000,6.35,6.49,6,6.49,30871400,NaN,NaN,NaN,NaN,NaN,NaN,NaN
1638320400,6.41,6.53,6.22,6.29,6965000,NaN,NaN,NaN,NaN,NaN,NaN,NaN
1638406800,6.33,6.43,6.08,6.18,5362800,NaN,NaN,NaN,NaN,NaN,NaN,NaN
1638752400,6.25,6.28,5.85,6.09,7111700,NaN,NaN,NaN,NaN,NaN,NaN,NaN
1638838800,6.01,6.01,5.71,5.74,5880900,NaN,NaN,NaN,NaN,NaN,NaN,NaN
1638925200,5.74,5.82,5.56,5.59,4129900,NaN,NaN,NaN,NaN,NaN,NaN,NaN
1639011600,5.59,5.66,5.42,5.52,2417900,NaN,NaN,NaN,NaN,NaN,NaN,NaN
1639098000,5.51,5.64,5.1,5.2,6904200,NaN,NaN,NaN,NaN,NaN,NaN,NaN
1639357200,5.17,5.35,5.02,5.02,5103400,NaN,NaN,NaN,NaN,NaN,NaN,NaN
1639443600,5.1,5.13,4.95,5.02,7817300,NaN,NaN,NaN,NaN,NaN,NaN,NaN
1639530000,5.04,5.12,4.96,5.1,5652200,NaN,NaN,NaN,NaN,NaN,NaN,NaN
1639616400,5.1,5.2,5.06,5.1,4350100,NaN,NaN,NaN,NaN,NaN,NaN,NaN
1639702800,5.13,5.32,5.12,5.32,8613300,NaN,NaN,NaN,NaN,NaN,NaN,NaN
1639962000,5.33,5.6,5.33,5.39,5116100,NaN,NaN,NaN,NaN,NaN,NaN,NaN
1640048400,5.4,5.4,5.24,5.29,2457200,NaN,NaN,NaN,NaN,NaN,NaN,NaN
1640134800,5.3,5.46,5.22,5.46,2526800,NaN,NaN,NaN,NaN,NaN,NaN,NaN
1640221200,5.46,5.55,5.35,5.55,2998400,NaN,NaN,NaN,NaN,NaN,NaN,NaN
1640307600,5.56,5.56,5.39,5.53,1234200,NaN,NaN,NaN,NaN,NaN,NaN,NaN
1640566800,5.54,5.75,5.49,5.6,2747300,NaN,NaN,NaN,NaN,NaN,NaN,NaN
1640653200,5.6,5.72,5.55,5.65,2268400,NaN,NaN,NaN,NaN,NaN,NaN,NaN
1640739600,5.67,5.76,5.61,5.7,2871600,NaN,NaN,NaN,NaN,NaN,NaN,NaN
1640826000,5.72,5.75,5.66,5.7,2032600,NaN,NaN,NaN,NaN,NaN,NaN,NaN
1640912400,5.68,5.75,5.51,5.73,8171900,3417461863,7070279000,1232562000,334402000,1005429000,5822777000,12.783595113438
1641171600,5.73,5.73,5.59,5.64,1924200,NaN,NaN,NaN,NaN,NaN,NaN,NaN
1641258000,5.6,5.63,5.5,5.52,2826800,NaN,NaN,NaN,NaN,NaN,NaN,NaN
1641344400,5.53,5.8,5.53,5.75,5158600,NaN,NaN,NaN,NaN,NaN,NaN,NaN
1641430800,5.74,5.89,5.68,5.74,3464400,NaN,NaN,NaN,NaN,NaN,NaN,NaN
1641517200,5.77,5.85,5.74,5.85,5126200,NaN,NaN,NaN,NaN,NaN,NaN,NaN
1641776400,5.87,6.1,5.87,6.1,6683700,NaN,NaN,NaN,NaN,NaN,NaN,NaN
1641862800,6.04,6.05,5.83,5.84,4208000,NaN,NaN,NaN,NaN,NaN,NaN,NaN
1641949200,5.9,5.93,5.83,5.89,4066600,NaN,NaN,NaN,NaN,NaN,NaN,NaN
1642035600,5.9,5.91,5.66,5.72,3405300,NaN,NaN,NaN,NaN,NaN,NaN,NaN
1642122000,5.72,5.72,5.63,5.68,1461000,NaN,NaN,NaN,NaN,NaN,NaN,NaN
1642381200,5.7,5.73,5.55,5.59,2303600,NaN,NaN,NaN,NaN,NaN,NaN,NaN
1642554000,5.6,5.8,5.59,5.74,3340400,NaN,NaN,NaN,NaN,NaN,NaN,NaN
1642640400,5.74,5.85,5.64,5.69,3113100,NaN,NaN,NaN,NaN,NaN,NaN,NaN
1642726800,5.74,5.78,5.7,5.75,2328400,NaN,NaN,NaN,NaN,NaN,NaN,NaN
1642986000,5.72,5.74,5.52,5.53,2342900,NaN,NaN,NaN,NaN,NaN,NaN,NaN
1643072400,5.53,5.59,5.23,5.34,3861300,NaN,NaN,NaN,NaN,NaN,NaN,NaN
1643158800,5.34,5.55,5.34,5.49,1941900,NaN,NaN,NaN,NaN,NaN,NaN,NaN
1643245200,5.51,5.6,5.41,5.6,1602700,NaN,NaN,NaN,NaN,NaN,NaN,NaN
1643331600,5.56,5.68,5.51,5.58,2121500,NaN,NaN,NaN,NaN,NaN,NaN,NaN
1643590800,5.58,5.89,5.56,5.88,3639700,NaN,NaN,NaN,NaN,NaN,NaN,NaN
1643850000,5.76,5.88,5.59,5.63,3547700,NaN,NaN,NaN,NaN,NaN,NaN,NaN
1643936400,5.63,5.67,5.55,5.6,3315000,NaN,NaN,NaN,NaN,NaN,NaN,NaN
1644195600,5.68,5.97,5.65,5.83,7376900,NaN,NaN,NaN,NaN,NaN,NaN,NaN
1644282000,5.82,5.86,5.55,5.57,5184200,NaN,NaN,NaN,NaN,NaN,NaN,NaN
1644368400,5.54,5.54,5.16,5.16,19019900,NaN,NaN,NaN,NaN,NaN,NaN,NaN
1644454800,5.16,5.19,5.03,5.05,11582800,NaN,NaN,NaN,NaN,NaN,NaN,NaN
1644541200,5.05,5.11,5.02,5.04,5417300,NaN,NaN,NaN,NaN,NaN,NaN,NaN
1644800400,5.03,5.04,5.01,5.04,6191600,NaN,NaN,NaN,NaN,NaN,NaN,NaN
1644886800,5.04,5.08,5.02,5.04,3823300,NaN,NaN,NaN,NaN,NaN,NaN,NaN
1644973200,5.06,5.08,5.03,5.03,4671200,NaN,NaN,NaN,NaN,NaN,NaN,NaN
1645059600,5.05,5.05,5,5.01,5846600,NaN,NaN,NaN,NaN,NaN,NaN,NaN
1645146000,5.01,5.05,4.98,5.01,7447500,NaN,NaN,NaN,NaN,NaN,NaN,NaN
1645405200,5.01,5.04,4.98,5.01,4636900,NaN,NaN,NaN,NaN,NaN,NaN,NaN
1645491600,4.89,4.89,4.75,4.75,7699100,NaN,NaN,NaN,NaN,NaN,NaN,NaN
1645578000,4.75,4.77,4.71,4.74,3849600,NaN,NaN,NaN,NaN,NaN,NaN,NaN
1645664400,4.74,4.74,4.52,4.69,4784600,NaN,NaN,NaN,NaN,NaN,NaN,NaN
1645750800,4.69,4.75,4.61,4.61,5163600,NaN,NaN,NaN,NaN,NaN,NaN,NaN
1646010000,4.62,4.69,4.6,4.62,12427600,NaN,NaN,NaN,NaN,NaN,NaN,NaN
1646096400,4.63,4.98,4.63,4.86,7745900,NaN,NaN,NaN,NaN,NaN,NaN,NaN
1646182800,4.85,4.86,4.7,4.7,2589300,NaN,NaN,NaN,NaN,NaN,NaN,NaN
1646269200,4.71,4.8,4.61,4.75,4173100,NaN,NaN,NaN,NaN,NaN,NaN,NaN
1646355600,4.72,4.72,4.54,4.65,3453200,NaN,NaN,NaN,NaN,NaN,NaN,NaN
1646614800,4.65,4.65,4.47,4.52,4086300,NaN,NaN,NaN,NaN,NaN,NaN,NaN
1646701200,4.47,4.5,4.2,4.38,14426700,NaN,NaN,NaN,NaN,NaN,NaN,NaN
1646787600,4.32,4.44,4.15,4.44,8512200,NaN,NaN,NaN,NaN,NaN,NaN,NaN
1646874000,4.44,4.44,4.26,4.37,8592000,NaN,NaN,NaN,NaN,NaN,NaN,NaN
1646960400,4.35,4.39,4.25,4.3,6628100,NaN,NaN,NaN,NaN,NaN,NaN,NaN
1647219600,4.31,4.68,4.31,4.63,12836500,NaN,NaN,NaN,NaN,NaN,NaN,NaN
1647306000,4.63,4.77,4.57,4.71,8257500,NaN,NaN,NaN,NaN,NaN,NaN,NaN
1647392400,4.71,4.71,4.55,4.57,5710600,NaN,NaN,NaN,NaN,NaN,NaN,NaN
1647478800,4.7,4.96,4.6,4.94,10635900,NaN,NaN,NaN,NaN,NaN,NaN,NaN
1647565200,4.94,4.94,4.79,4.81,26009100,NaN,NaN,NaN,NaN,NaN,NaN,NaN
1647824400,4.8,4.9,4.65,4.9,2302500,NaN,NaN,NaN,NaN,NaN,NaN,NaN
1647910800,4.88,4.88,4.74,4.78,4276200,NaN,NaN,NaN,NaN,NaN,NaN,NaN
1647997200,4.78,4.93,4.71,4.83,2640800,NaN,NaN,NaN,NaN,NaN,NaN,NaN
1648083600,4.82,4.93,4.74,4.79,3667200,NaN,NaN,NaN,NaN,NaN,NaN,NaN
1648170000,4.79,4.82,4.75,4.81,2522200,NaN,NaN,NaN,NaN,NaN,NaN,NaN
1648429200,4.8,4.8,4.68,4.76,2388900,NaN,NaN,NaN,NaN,NaN,NaN,NaN
1648515600,4.73,4.75,4.69,4.73,1668400,NaN,NaN,NaN,NaN,NaN,NaN,NaN
1648602000,4.73,4.92,4.73,4.79,7366800,NaN,NaN,NaN,NaN,NaN,NaN,NaN
1648688400,4.79,4.95,4.77,4.85,5429700,3427606000,6347396000,1202522000,217836000,968693000,5121307000,11.7525773195876
1648774800,4.86,5.09,4.77,5.08,6717800,NaN,NaN,NaN,NaN,NaN,NaN,NaN
1649034000,5.07,5.13,4.97,5.05,2495300,NaN,NaN,NaN,NaN,NaN,NaN,NaN
1649120400,5.05,5.05,4.9,5.05,2889200,NaN,NaN,NaN,NaN,NaN,NaN,NaN
1649206800,5.05,5.05,4.95,5.02,2956600,NaN,NaN,NaN,NaN,NaN,NaN,NaN
1649293200,4.98,5.02,4.82,4.82,5063000,NaN,NaN,NaN,NaN,NaN,NaN,NaN
1649379600,4.85,4.92,4.81,4.88,2008300,NaN,NaN,NaN,NaN,NaN,NaN,NaN
1649638800,4.87,4.87,4.74,4.77,1928000,NaN,NaN,NaN,NaN,NaN,NaN,NaN
1649725200,4.75,4.78,4.69,4.71,4782300,NaN,NaN,NaN,NaN,NaN,NaN,NaN
1649811600,4.7,4.71,4.61,4.61,3865400,NaN,NaN,NaN,NaN,NaN,NaN,NaN
1649898000,4.61,4.72,4.6,4.65,3078000,NaN,NaN,NaN,NaN,NaN,NaN,NaN
1649984400,4.65,4.7,4.62,4.62,558800,NaN,NaN,NaN,NaN,NaN,NaN,NaN
1650243600,4.62,4.63,4.54,4.56,2076800,NaN,NaN,NaN,NaN,NaN,NaN,NaN
1650416400,4.58,4.71,4.58,4.64,3691800,NaN,NaN,NaN,NaN,NaN,NaN,NaN
1650502800,4.66,4.66,4.54,4.57,2684600,NaN,NaN,NaN,NaN,NaN,NaN,NaN
1650589200,4.59,4.64,4.57,4.6,2511300,NaN,NaN,NaN,NaN,NaN,NaN,NaN
1650848400,4.6,4.6,4.5,4.51,1886300,NaN,NaN,NaN,NaN,NaN,NaN,NaN
1650934800,4.53,4.6,4.53,4.56,2686300,NaN,NaN,NaN,NaN,NaN,NaN,NaN
1651021200,4.52,4.55,4.46,4.46,4073800,NaN,NaN,NaN,NaN,NaN,NaN,NaN
1651107600,4.51,4.51,4.42,4.42,2630300,NaN,NaN,NaN,NaN,NaN,NaN,NaN
1651194000,4.43,4.45,4.4,4.4,2666200,NaN,NaN,NaN,NaN,NaN,NaN,NaN
1651712400,4.42,4.62,4.36,4.38,13198300,NaN,NaN,NaN,NaN,NaN,NaN,NaN
1651798800,4.45,4.45,4.36,4.37,3368100,NaN,NaN,NaN,NaN,NaN,NaN,NaN
1652058000,4.38,4.38,4.25,4.28,2401000,NaN,NaN,NaN,NaN,NaN,NaN,NaN
1652144400,4.29,4.4,4.29,4.34,3464700,NaN,NaN,NaN,NaN,NaN,NaN,NaN
1652230800,4.33,4.39,4.31,4.35,4882900,NaN,NaN,NaN,NaN,NaN,NaN,NaN
1652317200,4.35,4.36,4.3,4.35,5144900,NaN,NaN,NaN,NaN,NaN,NaN,NaN
1652403600,4.35,4.46,4.33,4.39,6012900,NaN,NaN,NaN,NaN,NaN,NaN,NaN
1652749200,4.4,4.45,4.27,4.27,4887600,NaN,NaN,NaN,NaN,NaN,NaN,NaN
1652835600,4.29,4.35,4.24,4.24,4218300,NaN,NaN,NaN,NaN,NaN,NaN,NaN
1652922000,4.24,4.26,4.21,4.24,3419700,NaN,NaN,NaN,NaN,NaN,NaN,NaN
1653008400,4.25,4.25,4.19,4.19,2707800,NaN,NaN,NaN,NaN,NaN,NaN,NaN
1653267600,4.25,4.38,4.19,4.2,3560500,NaN,NaN,NaN,NaN,NaN,NaN,NaN
1653354000,4.22,4.25,4.13,4.13,3278400,NaN,NaN,NaN,NaN,NaN,NaN,NaN
1653440400,4.13,4.14,4.05,4.1,1689800,NaN,NaN,NaN,NaN,NaN,NaN,NaN
1653526800,4.13,4.13,4.05,4.12,2300900,NaN,NaN,NaN,NaN,NaN,NaN,NaN
1653613200,4.12,4.14,4.09,4.14,1682900,NaN,NaN,NaN,NaN,NaN,NaN,NaN
1653872400,4.14,4.16,4.06,4.07,3097300,NaN,NaN,NaN,NaN,NaN,NaN,NaN
1653958800,4.09,4.2,4.07,4.2,8282900,NaN,NaN,NaN,NaN,NaN,NaN,NaN
1654045200,4.16,4.26,4.02,4.03,3287300,NaN,NaN,NaN,NaN,NaN,NaN,NaN
1654131600,4.06,4.06,3.94,3.95,4979300,NaN,NaN,NaN,NaN,NaN,NaN,NaN
1654218000,3.97,4.03,3.94,3.94,2287600,NaN,NaN,NaN,NaN,NaN,NaN,NaN
1654563600,3.95,4.02,3.94,3.99,3593200,NaN,NaN,NaN,NaN,NaN,NaN,NaN
1654650000,3.99,4,3.81,3.81,3969200,NaN,NaN,NaN,NaN,NaN,NaN,NaN
1654736400,3.82,3.86,3.67,3.75,8185500,NaN,NaN,NaN,NaN,NaN,NaN,NaN
1654822800,3.76,3.77,3.59,3.6,4598100,NaN,NaN,NaN,NaN,NaN,NaN,NaN
1655082000,3.59,3.63,3.3,3.31,8169000,NaN,NaN,NaN,NaN,NaN,NaN,NaN
1655168400,3.3,3.31,3.15,3.17,11655000,NaN,NaN,NaN,NaN,NaN,NaN,NaN
1655254800,3.17,3.21,2.95,2.98,13795300,NaN,NaN,NaN,NaN,NaN,NaN,NaN
1655341200,3.01,3.03,2.83,2.86,10717800,NaN,NaN,NaN,NaN,NaN,NaN,NaN
1655427600,2.84,2.85,2.77,2.82,14495300,NaN,NaN,NaN,NaN,NaN,NaN,NaN
1655686800,2.81,2.88,2.79,2.82,3546200,NaN,NaN,NaN,NaN,NaN,NaN,NaN
1655773200,2.82,2.99,2.8,2.94,7764800,NaN,NaN,NaN,NaN,NaN,NaN,NaN
1655859600,2.97,3,2.71,2.71,7654300,NaN,NaN,NaN,NaN,NaN,NaN,NaN
1655946000,2.74,2.82,2.72,2.74,5923200,NaN,NaN,NaN,NaN,NaN,NaN,NaN
1656032400,2.76,2.86,2.76,2.78,7249600,NaN,NaN,NaN,NaN,NaN,NaN,NaN
1656291600,2.82,2.85,2.69,2.75,4260100,NaN,NaN,NaN,NaN,NaN,NaN,NaN
1656378000,2.75,2.75,2.57,2.65,12086900,NaN,NaN,NaN,NaN,NaN,NaN,NaN
1656464400,2.65,2.96,2.56,2.95,25436700,NaN,NaN,NaN,NaN,NaN,NaN,NaN
1656550800,3.01,3.08,2.73,3.06,30294000,3417461863,6018179000,907109000,161248000,845673000,5085820000,7.12418300653595
1656637200,2.96,2.96,2.73,2.74,10563700,NaN,NaN,NaN,NaN,NaN,NaN,NaN
1656896400,2.76,2.83,2.68,2.77,3588500,NaN,NaN,NaN,NaN,NaN,NaN,NaN
1656982800,2.78,2.8,2.68,2.72,3849000,NaN,NaN,NaN,NaN,NaN,NaN,NaN
1657069200,2.76,2.78,2.61,2.66,6487000,NaN,NaN,NaN,NaN,NaN,NaN,NaN
1657155600,2.65,2.82,2.65,2.8,6320200,NaN,NaN,NaN,NaN,NaN,NaN,NaN
1657242000,2.8,2.82,2.61,2.62,8056800,NaN,NaN,NaN,NaN,NaN,NaN,NaN
1657587600,2.67,2.77,2.63,2.73,9453200,NaN,NaN,NaN,NaN,NaN,NaN,NaN
1657674000,2.72,2.72,2.63,2.66,5058700,NaN,NaN,NaN,NaN,NaN,NaN,NaN
1657760400,2.68,2.85,2.68,2.85,12040400,NaN,NaN,NaN,NaN,NaN,NaN,NaN
1657846800,2.85,2.86,2.73,2.77,4450800,NaN,NaN,NaN,NaN,NaN,NaN,NaN
1658106000,2.77,2.83,2.67,2.7,7663000,NaN,NaN,NaN,NaN,NaN,NaN,NaN
1658192400,2.7,2.76,2.66,2.75,5098300,NaN,NaN,NaN,NaN,NaN,NaN,NaN
1658278800,2.75,2.75,2.67,2.69,5085500,NaN,NaN,NaN,NaN,NaN,NaN,NaN
1658365200,2.71,2.74,2.64,2.72,7945800,NaN,NaN,NaN,NaN,NaN,NaN,NaN
1658451600,2.71,2.77,2.68,2.77,4884400,NaN,NaN,NaN,NaN,NaN,NaN,NaN
1658710800,2.76,2.91,2.76,2.8,7173000,NaN,NaN,NaN,NaN,NaN,NaN,NaN
1658797200,2.8,2.8,2.75,2.77,1997700,NaN,NaN,NaN,NaN,NaN,NaN,NaN
1658883600,2.75,2.79,2.73,2.76,3837800,NaN,NaN,NaN,NaN,NaN,NaN,NaN
1658970000,2.78,2.78,2.64,2.7,8070500,NaN,NaN,NaN,NaN,NaN,NaN,NaN
1659056400,2.7,2.74,2.67,2.74,4676100,NaN,NaN,NaN,NaN,NaN,NaN,NaN
1659315600,2.73,2.8,2.7,2.78,5190800,NaN,NaN,NaN,NaN,NaN,NaN,NaN
1659402000,2.79,2.88,2.72,2.76,5271200,NaN,NaN,NaN,NaN,NaN,NaN,NaN
1659488400,2.75,2.82,2.73,2.8,3351200,NaN,NaN,NaN,NaN,NaN,NaN,NaN
1659574800,2.79,2.9,2.79,2.8,9485900,NaN,NaN,NaN,NaN,NaN,NaN,NaN
1659661200,2.82,2.86,2.76,2.78,8451100,NaN,NaN,NaN,NaN,NaN,NaN,NaN
1659920400,2.78,2.81,2.75,2.78,3627900,NaN,NaN,NaN,NaN,NaN,NaN,NaN
1660006800,2.78,2.81,2.77,2.8,5365300,NaN,NaN,NaN,NaN,NaN,NaN,NaN
1660093200,2.79,2.79,2.45,2.45,32044300,NaN,NaN,NaN,NaN,NaN,NaN,NaN
1660179600,2.48,2.48,2.26,2.28,23359200,NaN,NaN,NaN,NaN,NaN,NaN,NaN
1660266000,2.28,2.29,2,2,48278000,NaN,NaN,NaN,NaN,NaN,NaN,NaN
1660525200,1.99,1.99,1.85,1.86,50574400,NaN,NaN,NaN,NaN,NaN,NaN,NaN
1660611600,1.89,1.94,1.61,1.77,197091000,NaN,NaN,NaN,NaN,NaN,NaN,NaN
1660698000,1.8,1.8,1.64,1.74,150442400,NaN,NaN,NaN,NaN,NaN,NaN,NaN
1660784400,1.73,1.83,1.69,1.8,65161500,NaN,NaN,NaN,NaN,NaN,NaN,NaN
1660870800,1.81,1.86,1.78,1.81,41397100,NaN,NaN,NaN,NaN,NaN,NaN,NaN
1661130000,1.82,1.82,1.68,1.69,38287100,NaN,NaN,NaN,NaN,NaN,NaN,NaN
1661216400,1.67,1.75,1.65,1.72,24004900,NaN,NaN,NaN,NaN,NaN,NaN,NaN
1661302800,1.73,1.74,1.68,1.69,12779400,NaN,NaN,NaN,NaN,NaN,NaN,NaN
1661389200,1.7,1.77,1.68,1.75,26437700,NaN,NaN,NaN,NaN,NaN,NaN,NaN
1661475600,1.75,1.77,1.66,1.67,18999900,NaN,NaN,NaN,NaN,NaN,NaN,NaN
1661734800,1.64,1.72,1.62,1.69,19088300,NaN,NaN,NaN,NaN,NaN,NaN,NaN
1661821200,1.69,1.71,1.57,1.66,59091100,NaN,NaN,NaN,NaN,NaN,NaN,NaN
1661994000,1.65,1.65,1.59,1.6,23773000,NaN,NaN,NaN,NaN,NaN,NaN,NaN
1662080400,1.62,1.66,1.58,1.66,19380700,NaN,NaN,NaN,NaN,NaN,NaN,NaN
1662339600,1.67,1.67,1.58,1.59,30314000,NaN,NaN,NaN,NaN,NaN,NaN,NaN
1662426000,1.6,1.61,1.58,1.58,11855200,NaN,NaN,NaN,NaN,NaN,NaN,NaN
1662512400,1.58,1.65,1.58,1.65,24741400,NaN,NaN,NaN,NaN,NaN,NaN,NaN
1662598800,1.64,1.66,1.6,1.61,15302200,NaN,NaN,NaN,NaN,NaN,NaN,NaN
1662685200,1.62,1.64,1.61,1.62,7846100,NaN,NaN,NaN,NaN,NaN,NaN,NaN
1662944400,1.62,1.7,1.62,1.69,18400900,NaN,NaN,NaN,NaN,NaN,NaN,NaN
1663030800,1.69,1.7,1.61,1.62,35375000,NaN,NaN,NaN,NaN,NaN,NaN,NaN
1663117200,1.57,1.64,1.55,1.64,15983100,NaN,NaN,NaN,NaN,NaN,NaN,NaN
1663203600,1.64,1.66,1.59,1.6,11828900,NaN,NaN,NaN,NaN,NaN,NaN,NaN
1663549200,1.57,1.6,1.48,1.49,41292200,NaN,NaN,NaN,NaN,NaN,NaN,NaN
1663635600,1.5,1.54,1.46,1.54,24201100,NaN,NaN,NaN,NaN,NaN,NaN,NaN
1663722000,1.52,1.56,1.5,1.55,17846400,NaN,NaN,NaN,NaN,NaN,NaN,NaN
1663808400,1.53,1.54,1.48,1.5,15907200,NaN,NaN,NaN,NaN,NaN,NaN,NaN
1663894800,1.49,1.54,1.49,1.53,14105100,NaN,NaN,NaN,NaN,NaN,NaN,NaN
1664154000,1.52,1.57,1.52,1.57,16684800,NaN,NaN,NaN,NaN,NaN,NaN,NaN
1664240400,1.57,1.64,1.55,1.61,19110000,NaN,NaN,NaN,NaN,NaN,NaN,NaN
1664326800,1.62,1.65,1.6,1.64,8564400,NaN,NaN,NaN,NaN,NaN,NaN,NaN
1664413200,1.64,1.65,1.52,1.58,21627400,NaN,NaN,NaN,NaN,NaN,NaN,NaN
1664499600,1.58,1.68,1.56,1.66,16345900,3417461863,5848404000,828015000,54902000,584562000,4994143000,4.21686746987952
1664758800,1.65,1.68,1.61,1.64,6518500,NaN,NaN,NaN,NaN,NaN,NaN,NaN
1664845200,1.64,1.68,1.64,1.67,5528100,NaN,NaN,NaN,NaN,NaN,NaN,NaN
1664931600,1.67,1.72,1.67,1.72,12645400,NaN,NaN,NaN,NaN,NaN,NaN,NaN
1665018000,1.72,1.81,1.7,1.8,20629800,NaN,NaN,NaN,NaN,NaN,NaN,NaN
1665104400,1.8,1.83,1.67,1.69,24931000,NaN,NaN,NaN,NaN,NaN,NaN,NaN
1665450000,1.68,1.7,1.62,1.67,9068700,NaN,NaN,NaN,NaN,NaN,NaN,NaN
1665536400,1.67,1.73,1.65,1.73,9488000,NaN,NaN,NaN,NaN,NaN,NaN,NaN
1665622800,1.7,1.89,1.7,1.84,33517200,NaN,NaN,NaN,NaN,NaN,NaN,NaN
1665709200,1.86,1.93,1.82,1.88,24694600,NaN,NaN,NaN,NaN,NaN,NaN,NaN
1665968400,1.87,1.95,1.82,1.94,21030500,NaN,NaN,NaN,NaN,NaN,NaN,NaN
1666054800,1.95,1.96,1.84,1.92,17929800,NaN,NaN,NaN,NaN,NaN,NaN,NaN
1666141200,1.91,1.94,1.83,1.84,13725200,NaN,NaN,NaN,NaN,NaN,NaN,NaN
1666227600,1.81,1.88,1.76,1.86,20985200,NaN,NaN,NaN,NaN,NaN,NaN,NaN
1666314000,1.85,1.88,1.79,1.82,5506500,NaN,NaN,NaN,NaN,NaN,NaN,NaN
1666659600,1.84,1.86,1.79,1.85,7368800,NaN,NaN,NaN,NaN,NaN,NaN,NaN
1666746000,1.85,2.07,1.81,2.07,31600700,NaN,NaN,NaN,NaN,NaN,NaN,NaN
1666832400,2.08,2.15,2.03,2.08,29982000,NaN,NaN,NaN,NaN,NaN,NaN,NaN
1666918800,2.08,2.16,2.07,2.13,14067400,NaN,NaN,NaN,NaN,NaN,NaN,NaN
1667178000,2.16,2.2,2.1,2.16,19400700,NaN,NaN,NaN,NaN,NaN,NaN,NaN
1667264400,2.14,2.15,2.06,2.13,14412200,NaN,NaN,NaN,NaN,NaN,NaN,NaN
1667350800,2.11,2.2,2.09,2.19,14094400,NaN,NaN,NaN,NaN,NaN,NaN,NaN
1667437200,2.15,2.17,1.9,1.92,29598700,NaN,NaN,NaN,NaN,NaN,NaN,NaN
1667523600,1.92,2.03,1.92,2.01,14536200,NaN,NaN,NaN,NaN,NaN,NaN,NaN
1667782800,2.01,2.02,1.91,1.97,12149600,NaN,NaN,NaN,NaN,NaN,NaN,NaN
1667869200,1.98,2.07,1.92,2.07,25041200,NaN,NaN,NaN,NaN,NaN,NaN,NaN
1667955600,2.06,2.08,1.96,1.99,21024700,NaN,NaN,NaN,NaN,NaN,NaN,NaN
1668042000,1.95,2.08,1.94,2.06,16869200,NaN,NaN,NaN,NaN,NaN,NaN,NaN
1668128400,2.09,2.16,2.05,2.1,22612400,NaN,NaN,NaN,NaN,NaN,NaN,NaN
1668387600,2.11,2.17,2.06,2.15,15001300,NaN,NaN,NaN,NaN,NaN,NaN,NaN
1668474000,2.15,2.17,2,2,21737600,NaN,NaN,NaN,NaN,NaN,NaN,NaN
1668560400,2,2.02,1.95,1.95,15189900,NaN,NaN,NaN,NaN,NaN,NaN,NaN
1668646800,1.94,1.95,1.8,1.81,23336300,NaN,NaN,NaN,NaN,NaN,NaN,NaN
1668992400,1.77,1.86,1.7,1.83,14942100,NaN,NaN,NaN,NaN,NaN,NaN,NaN
1669078800,1.83,1.86,1.75,1.8,11544000,NaN,NaN,NaN,NaN,NaN,NaN,NaN
1669165200,1.79,1.8,1.74,1.75,9931800,NaN,NaN,NaN,NaN,NaN,NaN,NaN
1669251600,1.77,1.88,1.77,1.88,14920900,NaN,NaN,NaN,NaN,NaN,NaN,NaN
1669338000,1.89,1.89,1.81,1.83,7351300,NaN,NaN,NaN,NaN,NaN,NaN,NaN
1669683600,1.81,1.85,1.75,1.76,14763800,NaN,NaN,NaN,NaN,NaN,NaN,NaN
1669770000,1.75,1.81,1.73,1.73,23032200,NaN,NaN,NaN,NaN,NaN,NaN,NaN
1669856400,1.74,1.76,1.65,1.66,23335600,NaN,NaN,NaN,NaN,NaN,NaN,NaN
1669942800,1.67,1.72,1.66,1.66,12804800,NaN,NaN,NaN,NaN,NaN,NaN,NaN
1670202000,1.68,1.68,1.62,1.63,10297300,NaN,NaN,NaN,NaN,NaN,NaN,NaN
1670288400,1.63,1.67,1.6,1.6,18079200,NaN,NaN,NaN,NaN,NaN,NaN,NaN
1670374800,1.62,1.63,1.58,1.58,22060800,NaN,NaN,NaN,NaN,NaN,NaN,NaN
1670461200,1.59,1.61,1.55,1.58,12396000,NaN,NaN,NaN,NaN,NaN,NaN,NaN
1670547600,1.59,1.65,1.58,1.63,13459300,NaN,NaN,NaN,NaN,NaN,NaN,NaN
1670806800,1.65,1.65,1.61,1.62,6173200,NaN,NaN,NaN,NaN,NaN,NaN,NaN
1670893200,1.62,1.63,1.57,1.57,9760000,NaN,NaN,NaN,NaN,NaN,NaN,NaN
1670979600,1.59,1.59,1.52,1.57,24974100,NaN,NaN,NaN,NaN,NaN,NaN,NaN
1671066000,1.56,1.58,1.53,1.53,11454700,NaN,NaN,NaN,NaN,NaN,NaN,NaN
1671152400,1.53,1.56,1.51,1.52,12759800,NaN,NaN,NaN,NaN,NaN,NaN,NaN
1671411600,1.53,1.57,1.53,1.57,6237400,NaN,NaN,NaN,NaN,NaN,NaN,NaN
1671498000,1.57,1.6,1.51,1.54,18018500,NaN,NaN,NaN,NaN,NaN,NaN,NaN
1671584400,1.55,1.63,1.54,1.6,8633000,NaN,NaN,NaN,NaN,NaN,NaN,NaN
1671670800,1.59,1.67,1.58,1.67,15005000,NaN,NaN,NaN,NaN,NaN,NaN,NaN
1671757200,1.66,1.73,1.66,1.69,19281500,NaN,NaN,NaN,NaN,NaN,NaN,NaN
1672102800,1.72,1.83,1.72,1.82,23365500,NaN,NaN,NaN,NaN,NaN,NaN,NaN
1672189200,1.83,1.84,1.68,1.7,18688600,NaN,NaN,NaN,NaN,NaN,NaN,NaN
1672275600,1.7,1.78,1.68,1.76,14099500,NaN,NaN,NaN,NaN,NaN,NaN,NaN
1672362000,1.76,1.78,1.7,1.7,11786900,3417461863,5726453000,738677000,-17965000,461837000,4961023000,2.05882352941177
1672707600,1.71,1.73,1.66,1.66,8166300,NaN,NaN,NaN,NaN,NaN,NaN,NaN
1672794000,1.67,1.68,1.61,1.61,12185800,NaN,NaN,NaN,NaN,NaN,NaN,NaN
1672880400,1.62,1.68,1.6,1.68,12378300,NaN,NaN,NaN,NaN,NaN,NaN,NaN
1672966800,1.67,1.67,1.62,1.62,8991200,NaN,NaN,NaN,NaN,NaN,NaN,NaN
1673226000,1.63,1.66,1.59,1.62,13347500,NaN,NaN,NaN,NaN,NaN,NaN,NaN
1673312400,1.62,1.63,1.56,1.57,10067800,NaN,NaN,NaN,NaN,NaN,NaN,NaN
1673398800,1.58,1.6,1.55,1.57,10849500,NaN,NaN,NaN,NaN,NaN,NaN,NaN
1673485200,1.58,1.59,1.56,1.57,6092300,NaN,NaN,NaN,NaN,NaN,NaN,NaN
1673571600,1.58,1.58,1.53,1.56,10432100,NaN,NaN,NaN,NaN,NaN,NaN,NaN
1673830800,1.56,1.62,1.56,1.6,10394500,NaN,NaN,NaN,NaN,NaN,NaN,NaN
1673917200,1.59,1.61,1.58,1.6,7805000,NaN,NaN,NaN,NaN,NaN,NaN,NaN
1674003600,1.59,1.6,1.56,1.57,10744200,NaN,NaN,NaN,NaN,NaN,NaN,NaN
1674090000,1.57,1.61,1.56,1.61,7180100,NaN,NaN,NaN,NaN,NaN,NaN,NaN
1674176400,1.61,1.62,1.57,1.59,5743500,NaN,NaN,NaN,NaN,NaN,NaN,NaN
1674608400,1.6,1.65,1.58,1.65,11360800,NaN,NaN,NaN,NaN,NaN,NaN,NaN
1674694800,1.65,1.69,1.63,1.68,8935000,NaN,NaN,NaN,NaN,NaN,NaN,NaN
1674781200,1.68,1.7,1.66,1.67,6305300,NaN,NaN,NaN,NaN,NaN,NaN,NaN
1675040400,1.66,1.69,1.6,1.64,9200000,NaN,NaN,NaN,NaN,NaN,NaN,NaN
1675126800,1.64,1.64,1.58,1.61,13216000,NaN,NaN,NaN,NaN,NaN,NaN,NaN
1675299600,1.59,1.61,1.56,1.57,11995900,NaN,NaN,NaN,NaN,NaN,NaN,NaN
1675386000,1.58,1.62,1.57,1.62,8255200,NaN,NaN,NaN,NaN,NaN,NaN,NaN
1675731600,1.61,1.64,1.58,1.58,10696400,NaN,NaN,NaN,NaN,NaN,NaN,NaN
1675818000,1.58,1.59,1.52,1.52,17061100,NaN,NaN,NaN,NaN,NaN,NaN,NaN
1675904400,1.53,1.56,1.51,1.55,12952500,NaN,NaN,NaN,NaN,NaN,NaN,NaN
1675990800,1.55,1.55,1.51,1.54,12362700,NaN,NaN,NaN,NaN,NaN,NaN,NaN
1676250000,1.54,1.55,1.51,1.51,5966700,NaN,NaN,NaN,NaN,NaN,NaN,NaN
1676336400,1.52,1.52,1.48,1.48,14973000,NaN,NaN,NaN,NaN,NaN,NaN,NaN
1676422800,1.49,1.53,1.48,1.52,6088900,NaN,NaN,NaN,NaN,NaN,NaN,NaN
1676509200,1.52,1.66,1.51,1.65,29421500,NaN,NaN,NaN,NaN,NaN,NaN,NaN
1676595600,1.62,1.68,1.59,1.66,14836800,NaN,NaN,NaN,NaN,NaN,NaN,NaN
1676854800,1.65,1.76,1.65,1.75,19892100,NaN,NaN,NaN,NaN,NaN,NaN,NaN
1676941200,1.75,1.76,1.68,1.68,8527900,NaN,NaN,NaN,NaN,NaN,NaN,NaN
1677027600,1.66,1.66,1.58,1.59,15829100,NaN,NaN,NaN,NaN,NaN,NaN,NaN
1677114000,1.59,1.61,1.56,1.56,11418000,NaN,NaN,NaN,NaN,NaN,NaN,NaN
1677200400,1.57,1.58,1.52,1.55,14399900,NaN,NaN,NaN,NaN,NaN,NaN,NaN
1677459600,1.55,1.58,1.53,1.55,14994700,NaN,NaN,NaN,NaN,NaN,NaN,NaN
1677546000,1.55,1.56,1.47,1.47,215820800,NaN,NaN,NaN,NaN,NaN,NaN,NaN
1677632400,1.51,1.51,1.42,1.45,32272500,NaN,NaN,NaN,NaN,NaN,NaN,NaN
1677718800,1.45,1.45,1.41,1.43,23201000,NaN,NaN,NaN,NaN,NaN,NaN,NaN
1677805200,1.43,1.51,1.42,1.5,18490200,NaN,NaN,NaN,NaN,NaN,NaN,NaN
1678064400,1.51,1.53,1.49,1.51,9925500,NaN,NaN,NaN,NaN,NaN,NaN,NaN
1678150800,1.52,1.53,1.5,1.51,15222100,NaN,NaN,NaN,NaN,NaN,NaN,NaN
1678237200,1.5,1.51,1.45,1.48,22455600,NaN,NaN,NaN,NaN,NaN,NaN,NaN
1678323600,1.48,1.62,1.48,1.58,24008700,NaN,NaN,NaN,NaN,NaN,NaN,NaN
1678410000,1.57,1.6,1.53,1.54,15240900,NaN,NaN,NaN,NaN,NaN,NaN,NaN
1678669200,1.54,1.59,1.52,1.55,10690000,NaN,NaN,NaN,NaN,NaN,NaN,NaN
1678755600,1.55,1.57,1.53,1.54,8562300,NaN,NaN,NaN,NaN,NaN,NaN,NaN
1678842000,1.54,1.6,1.53,1.57,15608200,NaN,NaN,NaN,NaN,NaN,NaN,NaN
1678928400,1.55,1.8,1.54,1.78,71966100,NaN,NaN,NaN,NaN,NaN,NaN,NaN
1679014800,1.79,1.9,1.73,1.9,67522200,NaN,NaN,NaN,NaN,NaN,NaN,NaN
1679274000,1.9,1.95,1.85,1.92,19207300,NaN,NaN,NaN,NaN,NaN,NaN,NaN
1679360400,1.91,2.12,1.84,2.09,46855100,NaN,NaN,NaN,NaN,NaN,NaN,NaN
1679446800,2.08,2.1,1.97,1.97,36546900,NaN,NaN,NaN,NaN,NaN,NaN,NaN
1679533200,1.97,2.06,1.97,2.02,37811600,NaN,NaN,NaN,NaN,NaN,NaN,NaN
1679619600,2.01,2.1,1.95,1.95,37214500,NaN,NaN,NaN,NaN,NaN,NaN,NaN
1679878800,1.92,1.95,1.84,1.93,27045800,NaN,NaN,NaN,NaN,NaN,NaN,NaN
1679965200,1.93,1.95,1.86,1.87,17314200,NaN,NaN,NaN,NaN,NaN,NaN,NaN
1680051600,1.87,1.95,1.86,1.93,13695800,NaN,NaN,NaN,NaN,NaN,NaN,NaN
1680138000,1.93,1.94,1.88,1.9,9372900,NaN,NaN,NaN,NaN,NaN,NaN,NaN
1680224400,1.9,1.93,1.88,1.9,3180200,3417461000,5257315000,612750000,7649000,517546000.00000006,4648011000,0
1680483600,1.9,1.98,1.89,1.95,13796800,NaN,NaN,NaN,NaN,NaN,NaN,NaN
1680570000,1.96,1.97,1.91,1.94,6570700,NaN,NaN,NaN,NaN,NaN,NaN,NaN
1680656400,1.94,2.05,1.94,1.98,18787300,NaN,NaN,NaN,NaN,NaN,NaN,NaN
1680742800,1.98,2.02,1.92,1.98,22401200,NaN,NaN,NaN,NaN,NaN,NaN,NaN
1680829200,1.99,2.08,1.96,2.05,17688600,NaN,NaN,NaN,NaN,NaN,NaN,NaN
1681088400,2.06,2.17,2.03,2.16,24140500,NaN,NaN,NaN,NaN,NaN,NaN,NaN
1681174800,2.15,2.22,2.09,2.17,19274500,NaN,NaN,NaN,NaN,NaN,NaN,NaN
1681261200,2.17,2.18,2.08,2.13,18437800,NaN,NaN,NaN,NaN,NaN,NaN,NaN
1681347600,2.13,2.17,2.12,2.13,13545200,NaN,NaN,NaN,NaN,NaN,NaN,NaN
1681434000,2.13,2.14,2.08,2.12,6596800,NaN,NaN,NaN,NaN,NaN,NaN,NaN
1681693200,2.13,2.15,2.08,2.1,10546400,NaN,NaN,NaN,NaN,NaN,NaN,NaN
1681779600,2.1,2.1,1.99,2.06,16225500,NaN,NaN,NaN,NaN,NaN,NaN,NaN
1681866000,2.07,2.09,2.03,2.04,7260000,NaN,NaN,NaN,NaN,NaN,NaN,NaN
1681952400,2.04,2.08,2.03,2.04,5190600,NaN,NaN,NaN,NaN,NaN,NaN,NaN
1682384400,2.04,2.06,1.94,2,16238300,NaN,NaN,NaN,NaN,NaN,NaN,NaN
1682470800,1.97,2.02,1.95,1.97,8396900,NaN,NaN,NaN,NaN,NaN,NaN,NaN
1682557200,1.98,1.98,1.9,1.94,7002100,NaN,NaN,NaN,NaN,NaN,NaN,NaN
1682643600,1.91,1.92,1.87,1.88,8881300,NaN,NaN,NaN,NaN,NaN,NaN,NaN
1682989200,1.88,1.96,1.86,1.95,7564400,NaN,NaN,NaN,NaN,NaN,NaN,NaN
1683075600,1.94,1.99,1.93,1.97,8388400,NaN,NaN,NaN,NaN,NaN,NaN,NaN
1683248400,1.97,1.99,1.96,1.97,4823800,NaN,NaN,NaN,NaN,NaN,NaN,NaN
1683507600,1.97,1.97,1.81,1.87,15898100,NaN,NaN,NaN,NaN,NaN,NaN,NaN
1683594000,1.84,2.28,1.82,2.26,64767100,NaN,NaN,NaN,NaN,NaN,NaN,NaN
1683680400,2.25,2.33,2.17,2.29,35431200,NaN,NaN,NaN,NaN,NaN,NaN,NaN
1683766800,2.27,2.3,2.14,2.18,16111700,NaN,NaN,NaN,NaN,NaN,NaN,NaN
1683853200,2.16,2.26,2.14,2.23,15036000,NaN,NaN,NaN,NaN,NaN,NaN,NaN
1684112400,2.22,2.22,2.16,2.22,11394300,NaN,NaN,NaN,NaN,NaN,NaN,NaN
1684198800,2.21,2.29,2.2,2.25,14455000,NaN,NaN,NaN,NaN,NaN,NaN,NaN
1684285200,2.25,2.4,2.21,2.37,23196200,NaN,NaN,NaN,NaN,NaN,NaN,NaN
1684371600,2.36,2.71,2.32,2.68,42691300,NaN,NaN,NaN,NaN,NaN,NaN,NaN
1684458000,2.66,2.7,2.57,2.59,26233600,NaN,NaN,NaN,NaN,NaN,NaN,NaN
1684717200,2.57,2.59,2.49,2.55,18292600,NaN,NaN,NaN,NaN,NaN,NaN,NaN
1684803600,2.55,2.64,2.51,2.61,12493300,NaN,NaN,NaN,NaN,NaN,NaN,NaN
1684890000,2.61,2.61,2.49,2.55,16067500,NaN,NaN,NaN,NaN,NaN,NaN,NaN
1684976400,2.53,2.55,2.33,2.34,25398900,NaN,NaN,NaN,NaN,NaN,NaN,NaN
1685062800,2.35,2.41,2.32,2.37,14653700,NaN,NaN,NaN,NaN,NaN,NaN,NaN
1685322000,2.38,2.4,2.31,2.36,7165100,NaN,NaN,NaN,NaN,NaN,NaN,NaN
1685408400,2.37,2.48,2.3,2.3,19801500,NaN,NaN,NaN,NaN,NaN,NaN,NaN
1685494800,2.3,2.37,2.28,2.3,25462100,NaN,NaN,NaN,NaN,NaN,NaN,NaN
1685581200,2.29,2.34,2.26,2.33,8849100,NaN,NaN,NaN,NaN,NaN,NaN,NaN
1685667600,2.33,2.39,2.31,2.34,8356300,NaN,NaN,NaN,NaN,NaN,NaN,NaN
1686013200,2.35,2.36,2.28,2.3,8868100,NaN,NaN,NaN,NaN,NaN,NaN,NaN
1686099600,2.3,2.34,2.27,2.3,7270700,NaN,NaN,NaN,NaN,NaN,NaN,NaN
1686186000,2.31,2.31,2.21,2.25,11516900,NaN,NaN,NaN,NaN,NaN,NaN,NaN
1686272400,2.25,2.27,2.21,2.21,7266800,NaN,NaN,NaN,NaN,NaN,NaN,NaN
1686531600,2.21,2.32,2.21,2.3,8615200,NaN,NaN,NaN,NaN,NaN,NaN,NaN
1686618000,2.3,2.32,2.17,2.2,15094200,NaN,NaN,NaN,NaN,NaN,NaN,NaN
1686704400,2.2,2.25,2.19,2.23,5495900,NaN,NaN,NaN,NaN,NaN,NaN,NaN
1686790800,2.23,2.26,2.19,2.23,4747100,NaN,NaN,NaN,NaN,NaN,NaN,NaN
1686877200,2.24,2.34,2.06,2.1,38079400,NaN,NaN,NaN,NaN,NaN,NaN,NaN
1687136400,2.1,2.12,2.06,2.07,8496300,NaN,NaN,NaN,NaN,NaN,NaN,NaN
1687222800,2.06,2.07,1.95,1.99,16871200,NaN,NaN,NaN,NaN,NaN,NaN,NaN
1687309200,1.99,2.04,1.97,2,7060700,NaN,NaN,NaN,NaN,NaN,NaN,NaN
1687395600,2,2,1.95,1.97,4741500,NaN,NaN,NaN,NaN,NaN,NaN,NaN
1687482000,1.97,2.02,1.96,1.98,6952100,NaN,NaN,NaN,NaN,NaN,NaN,NaN
1687741200,1.98,1.98,1.91,1.93,6829100,NaN,NaN,NaN,NaN,NaN,NaN,NaN
1687827600,1.93,1.95,1.9,1.92,3194800,NaN,NaN,NaN,NaN,NaN,NaN,NaN
1687914000,1.93,1.94,1.9,1.91,2556600,NaN,NaN,NaN,NaN,NaN,NaN,NaN
1688086800,1.91,1.95,1.88,1.89,6117900,3417461863,5233425000,620000000,-48979000,440038000,4592719000,0
1688346000,1.9,2.04,1.88,2.04,9748200,NaN,NaN,NaN,NaN,NaN,NaN,NaN
1688432400,2.04,2.05,2,2.03,4849300,NaN,NaN,NaN,NaN,NaN,NaN,NaN
1688518800,2.03,2.06,2,2.03,5272400,NaN,NaN,NaN,NaN,NaN,NaN,NaN
1688605200,2.03,2.11,2.01,2.07,6185500,NaN,NaN,NaN,NaN,NaN,NaN,NaN
1688691600,2.05,2.08,1.99,2.01,6771300,NaN,NaN,NaN,NaN,NaN,NaN,NaN
1688950800,2.02,2.07,2.01,2.02,3671800,NaN,NaN,NaN,NaN,NaN,NaN,NaN
1689037200,2.03,2.05,2.01,2.05,4891300,NaN,NaN,NaN,NaN,NaN,NaN,NaN
1689123600,2.04,2.06,1.97,1.99,5980100,NaN,NaN,NaN,NaN,NaN,NaN,NaN
1689210000,2,2.02,1.95,1.97,7591700,NaN,NaN,NaN,NaN,NaN,NaN,NaN
1689296400,1.96,2.01,1.96,1.99,5009000,NaN,NaN,NaN,NaN,NaN,NaN,NaN
1689555600,2,2.07,2,2.07,16572400,NaN,NaN,NaN,NaN,NaN,NaN,NaN
1689642000,2.07,2.07,1.99,1.99,12642000,NaN,NaN,NaN,NaN,NaN,NaN,NaN
1689814800,1.99,2.01,1.98,2,5367200,NaN,NaN,NaN,NaN,NaN,NaN,NaN
1689901200,2,2.06,2,2.01,9626100,NaN,NaN,NaN,NaN,NaN,NaN,NaN
1690160400,2.02,2.09,2.01,2.08,4872500,NaN,NaN,NaN,NaN,NaN,NaN,NaN
1690246800,2.08,2.19,2.07,2.13,8969600,NaN,NaN,NaN,NaN,NaN,NaN,NaN
1690333200,2.14,2.15,2.04,2.04,6749100,NaN,NaN,NaN,NaN,NaN,NaN,NaN
1690419600,2.05,2.09,2.04,2.04,3335400,NaN,NaN,NaN,NaN,NaN,NaN,NaN
1690506000,2.07,2.19,2.07,2.12,7423100,NaN,NaN,NaN,NaN,NaN,NaN,NaN
1690765200,2.13,2.23,2.13,2.2,12442300,NaN,NaN,NaN,NaN,NaN,NaN,NaN
1690851600,2.2,2.27,2.17,2.26,6011100,NaN,NaN,NaN,NaN,NaN,NaN,NaN
1690938000,2.26,2.27,2.19,2.19,4404200,NaN,NaN,NaN,NaN,NaN,NaN,NaN
1691024400,2.17,2.21,2.13,2.14,5748900,NaN,NaN,NaN,NaN,NaN,NaN,NaN
1691110800,2.15,2.18,2.14,2.17,1933900,NaN,NaN,NaN,NaN,NaN,NaN,NaN
1691370000,2.18,2.2,2.11,2.12,6051600,NaN,NaN,NaN,NaN,NaN,NaN,NaN
1691456400,2.12,2.15,2.11,2.14,4258500,NaN,NaN,NaN,NaN,NaN,NaN,NaN
1691542800,2.13,2.22,2.01,2.09,25963300,NaN,NaN,NaN,NaN,NaN,NaN,NaN
1691629200,2.06,2.09,2.04,2.08,8802600,NaN,NaN,NaN,NaN,NaN,NaN,NaN
1691715600,2.06,2.08,2.03,2.03,5636500,NaN,NaN,NaN,NaN,NaN,NaN,NaN
1691974800,2.03,2.04,2,2.02,5719500,NaN,NaN,NaN,NaN,NaN,NaN,NaN
1692061200,2.02,2.04,2.02,2.04,2116300,NaN,NaN,NaN,NaN,NaN,NaN,NaN
1692147600,2.03,2.05,2.02,2.04,2632300,NaN,NaN,NaN,NaN,NaN,NaN,NaN
1692234000,2.04,2.04,2,2.01,6084400,NaN,NaN,NaN,NaN,NaN,NaN,NaN
1692320400,2,2.05,2,2.02,5453200,NaN,NaN,NaN,NaN,NaN,NaN,NaN
1692579600,2.02,2.03,1.98,2.01,5272100,NaN,NaN,NaN,NaN,NaN,NaN,NaN
1692666000,2,2.04,1.99,1.99,3864800,NaN,NaN,NaN,NaN,NaN,NaN,NaN
1692752400,2,2.01,1.96,1.97,3105900,NaN,NaN,NaN,NaN,NaN,NaN,NaN
1692838800,1.98,2,1.97,2,3827700,NaN,NaN,NaN,NaN,NaN,NaN,NaN
1692925200,1.99,1.99,1.95,1.96,4530900,NaN,NaN,NaN,NaN,NaN,NaN,NaN
1693184400,1.97,2.03,1.97,2.01,5245200,NaN,NaN,NaN,NaN,NaN,NaN,NaN
1693270800,2.02,2.02,1.97,1.97,4170000,NaN,NaN,NaN,NaN,NaN,NaN,NaN
1693357200,1.97,1.99,1.93,1.95,9828100,NaN,NaN,NaN,NaN,NaN,NaN,NaN
1693530000,1.95,1.97,1.92,1.95,3308200,NaN,NaN,NaN,NaN,NaN,NaN,NaN
1693789200,1.96,1.97,1.94,1.97,2511400,NaN,NaN,NaN,NaN,NaN,NaN,NaN
1693875600,1.96,2.02,1.96,1.98,3670600,NaN,NaN,NaN,NaN,NaN,NaN,NaN
1693962000,1.99,2.07,1.99,2.06,4650000,NaN,NaN,NaN,NaN,NaN,NaN,NaN
1694048400,2.07,2.22,2.06,2.13,24628500,NaN,NaN,NaN,NaN,NaN,NaN,NaN
1694134800,2.13,2.13,2.05,2.06,6513300,NaN,NaN,NaN,NaN,NaN,NaN,NaN
1694394000,2.06,2.1,2.03,2.04,4825100,NaN,NaN,NaN,NaN,NaN,NaN,NaN
1694480400,2.05,2.07,2.01,2.02,7822000,NaN,NaN,NaN,NaN,NaN,NaN,NaN
1694566800,2.02,2.04,2,2.03,3719100,NaN,NaN,NaN,NaN,NaN,NaN,NaN
1694653200,2.03,2.1,2.03,2.08,6565800,NaN,NaN,NaN,NaN,NaN,NaN,NaN
1694739600,2.09,2.11,2.03,2.03,9516400,NaN,NaN,NaN,NaN,NaN,NaN,NaN
1694998800,2.04,2.07,2.02,2.04,3608300,NaN,NaN,NaN,NaN,NaN,NaN,NaN
1695085200,2.05,2.09,2.04,2.06,3750800,NaN,NaN,NaN,NaN,NaN,NaN,NaN
1695171600,2.07,2.15,2.06,2.12,10556700,NaN,NaN,NaN,NaN,NaN,NaN,NaN
1695258000,2.12,2.15,2.06,2.07,8188200,NaN,NaN,NaN,NaN,NaN,NaN,NaN
1695344400,2.06,2.09,2.04,2.07,2899600,NaN,NaN,NaN,NaN,NaN,NaN,NaN
1695603600,2.07,2.09,2.02,2.06,6016200,NaN,NaN,NaN,NaN,NaN,NaN,NaN
1695690000,2.05,2.06,2.02,2.04,6236200,NaN,NaN,NaN,NaN,NaN,NaN,NaN
1695776400,2.03,2.05,2,2,4772500,NaN,NaN,NaN,NaN,NaN,NaN,NaN
1695949200,2.01,2.02,1.97,1.99,4879600,3417461863,5216286000,577948000,14572000,452085000,4617146000,0
1696208400,1.97,2.07,1.97,2.05,4838900,NaN,NaN,NaN,NaN,NaN,NaN,NaN
1696294800,2.06,2.14,2.05,2.14,8914600,NaN,NaN,NaN,NaN,NaN,NaN,NaN
1696381200,2.12,2.13,2.09,2.12,4287200,NaN,NaN,NaN,NaN,NaN,NaN,NaN
1696467600,2.12,2.15,2.1,2.11,6503000,NaN,NaN,NaN,NaN,NaN,NaN,NaN
1696554000,2.1,2.13,2.05,2.07,7052000,NaN,NaN,NaN,NaN,NaN,NaN,NaN
1696813200,2.07,2.12,2.04,2.1,4729200,NaN,NaN,NaN,NaN,NaN,NaN,NaN
1696899600,2.09,2.12,2.05,2.05,4448000,NaN,NaN,NaN,NaN,NaN,NaN,NaN
1696986000,2.06,2.06,2.02,2.02,3469600,NaN,NaN,NaN,NaN,NaN,NaN,NaN
1697072400,2.03,2.07,2.03,2.05,1901300,NaN,NaN,NaN,NaN,NaN,NaN,NaN
1697158800,2.05,2.07,2.05,2.07,1685400,NaN,NaN,NaN,NaN,NaN,NaN,NaN
1697418000,2.07,2.11,2.07,2.11,3511800,NaN,NaN,NaN,NaN,NaN,NaN,NaN
1697504400,2.1,2.21,2.1,2.14,10597000,NaN,NaN,NaN,NaN,NaN,NaN,NaN
1697590800,2.13,2.14,2.08,2.12,2061600,NaN,NaN,NaN,NaN,NaN,NaN,NaN
1697677200,2.11,2.13,2.09,2.11,2049100,NaN,NaN,NaN,NaN,NaN,NaN,NaN
1697763600,2.11,2.13,2.06,2.11,4191900,NaN,NaN,NaN,NaN,NaN,NaN,NaN
1698022800,2.1,2.1,2.07,2.09,1883000,NaN,NaN,NaN,NaN,NaN,NaN,NaN
1698109200,2.09,2.11,2.08,2.09,1747200,NaN,NaN,NaN,NaN,NaN,NaN,NaN
1698195600,2.09,2.12,2.08,2.08,2269400,NaN,NaN,NaN,NaN,NaN,NaN,NaN
1698282000,2.09,2.12,2.08,2.08,1977000,NaN,NaN,NaN,NaN,NaN,NaN,NaN
1698368400,2.09,2.1,2.07,2.07,2169800,NaN,NaN,NaN,NaN,NaN,NaN,NaN
1698627600,2.07,2.08,2.04,2.04,2660900,NaN,NaN,NaN,NaN,NaN,NaN,NaN
1698714000,2.05,2.07,2.04,2.07,2530100,NaN,NaN,NaN,NaN,NaN,NaN,NaN
1698800400,2.06,2.06,2.01,2.03,6490900,NaN,NaN,NaN,NaN,NaN,NaN,NaN
1698886800,2.03,2.04,2.01,2.03,2024300,NaN,NaN,NaN,NaN,NaN,NaN,NaN
1698973200,2.03,2.09,2.03,2.07,4061200,NaN,NaN,NaN,NaN,NaN,NaN,NaN
1699232400,2.07,2.15,2.07,2.14,5045500,NaN,NaN,NaN,NaN,NaN,NaN,NaN
1699318800,2.15,2.33,2.13,2.33,48290700,NaN,NaN,NaN,NaN,NaN,NaN,NaN
1699405200,2.32,2.44,2.31,2.39,29282900,NaN,NaN,NaN,NaN,NaN,NaN,NaN
1699491600,2.39,2.41,2.32,2.36,11997000,NaN,NaN,NaN,NaN,NaN,NaN,NaN
1699578000,2.36,2.38,2.33,2.34,8125600,NaN,NaN,NaN,NaN,NaN,NaN,NaN
1699923600,2.35,2.37,2.27,2.28,9901400,NaN,NaN,NaN,NaN,NaN,NaN,NaN
1700010000,2.29,2.39,2.29,2.35,6505600,NaN,NaN,NaN,NaN,NaN,NaN,NaN
1700096400,2.45,2.45,2.34,2.37,17953700,NaN,NaN,NaN,NaN,NaN,NaN,NaN
1700182800,2.37,2.37,2.31,2.35,6413900,NaN,NaN,NaN,NaN,NaN,NaN,NaN
1700442000,2.36,2.44,2.36,2.4,7896500,NaN,NaN,NaN,NaN,NaN,NaN,NaN
1700528400,2.4,2.45,2.38,2.44,5281100,NaN,NaN,NaN,NaN,NaN,NaN,NaN
1700614800,2.42,2.49,2.36,2.49,7255700,NaN,NaN,NaN,NaN,NaN,NaN,NaN
1700701200,2.48,2.63,2.47,2.62,17389500,NaN,NaN,NaN,NaN,NaN,NaN,NaN
1700787600,2.62,2.64,2.51,2.52,16414800,NaN,NaN,NaN,NaN,NaN,NaN,NaN
1701046800,2.53,2.57,2.47,2.5,6057000,NaN,NaN,NaN,NaN,NaN,NaN,NaN
1701133200,2.51,2.58,2.46,2.53,10428300,NaN,NaN,NaN,NaN,NaN,NaN,NaN
1701219600,2.53,2.53,2.44,2.45,9832700,NaN,NaN,NaN,NaN,NaN,NaN,NaN
1701306000,2.41,2.45,2.36,2.4,14607200,NaN,NaN,NaN,NaN,NaN,NaN,NaN
1701392400,2.43,2.49,2.4,2.46,6537600,NaN,NaN,NaN,NaN,NaN,NaN,NaN
1701651600,2.47,2.49,2.43,2.45,5423100,NaN,NaN,NaN,NaN,NaN,NaN,NaN
1701738000,2.47,2.49,2.44,2.45,7310200,NaN,NaN,NaN,NaN,NaN,NaN,NaN
1701824400,2.45,2.46,2.37,2.37,6839700,NaN,NaN,NaN,NaN,NaN,NaN,NaN
1701910800,2.37,2.39,2.32,2.33,5178100,NaN,NaN,NaN,NaN,NaN,NaN,NaN
1701997200,2.33,2.35,2.31,2.33,5005900,NaN,NaN,NaN,NaN,NaN,NaN,NaN
1702256400,2.34,2.4,2.33,2.37,3787700,NaN,NaN,NaN,NaN,NaN,NaN,NaN
1702342800,2.37,2.38,2.29,2.29,10213100,NaN,NaN,NaN,NaN,NaN,NaN,NaN
1702429200,2.3,2.55,2.3,2.53,17170900,NaN,NaN,NaN,NaN,NaN,NaN,NaN
1702515600,2.53,2.79,2.5,2.76,32384100,NaN,NaN,NaN,NaN,NaN,NaN,NaN
1702602000,2.74,2.76,2.63,2.69,26236600,NaN,NaN,NaN,NaN,NaN,NaN,NaN
1702861200,2.7,2.86,2.7,2.75,29962500,NaN,NaN,NaN,NaN,NaN,NaN,NaN
1702947600,2.75,2.76,2.64,2.68,12814700,NaN,NaN,NaN,NaN,NaN,NaN,NaN
1703034000,2.68,2.72,2.6,2.63,9309500,NaN,NaN,NaN,NaN,NaN,NaN,NaN
1703120400,2.61,2.71,2.58,2.65,7525500,NaN,NaN,NaN,NaN,NaN,NaN,NaN
1703206800,2.66,2.68,2.63,2.65,3316400,NaN,NaN,NaN,NaN,NaN,NaN,NaN
1703552400,2.65,2.76,2.6,2.75,11007600,NaN,NaN,NaN,NaN,NaN,NaN,NaN
1703638800,2.75,2.81,2.73,2.77,7479900,NaN,NaN,NaN,NaN,NaN,NaN,NaN
1703725200,2.78,2.81,2.73,2.74,6616700,NaN,NaN,NaN,NaN,NaN,NaN,NaN
1703811600,2.76,2.78,2.7,2.7,6597500,3413261863,5282628000,652856000,-901000,415644000,4637556000,0
1704157200,2.72,2.74,2.66,2.69,4020800,NaN,NaN,NaN,NaN,NaN,NaN,NaN
1704243600,2.72,2.88,2.71,2.88,15925900,NaN,NaN,NaN,NaN,NaN,NaN,NaN
1704330000,2.87,2.9,2.83,2.84,9224600,NaN,NaN,NaN,NaN,NaN,NaN,NaN
1704416400,2.85,2.96,2.79,2.95,18968400,NaN,NaN,NaN,NaN,NaN,NaN,NaN
1704675600,2.94,3.05,2.9,3.02,17882000,NaN,NaN,NaN,NaN,NaN,NaN,NaN
1704762000,3.02,3.04,2.96,3.01,10832400,NaN,NaN,NaN,NaN,NaN,NaN,NaN
1704848400,3,3.04,2.89,2.91,6157700,NaN,NaN,NaN,NaN,NaN,NaN,NaN
1704934800,2.9,2.97,2.9,2.92,2675300,NaN,NaN,NaN,NaN,NaN,NaN,NaN
1705021200,2.91,2.93,2.85,2.85,6236200,NaN,NaN,NaN,NaN,NaN,NaN,NaN
1705280400,2.85,2.88,2.77,2.77,7769700,NaN,NaN,NaN,NaN,NaN,NaN,NaN
1705366800,2.77,2.86,2.77,2.8,10362500,NaN,NaN,NaN,NaN,NaN,NaN,NaN
1705453200,2.8,2.8,2.73,2.78,8841400,NaN,NaN,NaN,NaN,NaN,NaN,NaN
1705539600,2.78,2.8,2.71,2.75,7553400,NaN,NaN,NaN,NaN,NaN,NaN,NaN
1705626000,2.75,2.81,2.72,2.79,6693000,NaN,NaN,NaN,NaN,NaN,NaN,NaN
1705885200,2.8,2.82,2.73,2.77,8403700,NaN,NaN,NaN,NaN,NaN,NaN,NaN
1705971600,2.78,2.79,2.73,2.73,5769100,NaN,NaN,NaN,NaN,NaN,NaN,NaN
1706058000,2.74,2.82,2.72,2.74,8184200,NaN,NaN,NaN,NaN,NaN,NaN,NaN
1706230800,2.75,2.84,2.73,2.81,11044700,NaN,NaN,NaN,NaN,NaN,NaN,NaN
1706490000,2.82,2.86,2.74,2.74,9122400,NaN,NaN,NaN,NaN,NaN,NaN,NaN
1706576400,2.75,2.78,2.71,2.75,5581100,NaN,NaN,NaN,NaN,NaN,NaN,NaN
1706662800,2.75,2.77,2.66,2.74,12707600,NaN,NaN,NaN,NaN,NaN,NaN,NaN
1706835600,2.71,2.77,2.7,2.76,5825600,NaN,NaN,NaN,NaN,NaN,NaN,NaN
1707094800,2.77,2.85,2.74,2.75,6689200,NaN,NaN,NaN,NaN,NaN,NaN,NaN
1707181200,2.75,2.8,2.62,2.66,13449100,NaN,NaN,NaN,NaN,NaN,NaN,NaN
1707267600,2.64,2.64,2.51,2.6,24389900,NaN,NaN,NaN,NaN,NaN,NaN,NaN
1707354000,2.6,2.63,2.56,2.62,6764600,NaN,NaN,NaN,NaN,NaN,NaN,NaN
1707440400,2.62,2.63,2.57,2.6,5962600,NaN,NaN,NaN,NaN,NaN,NaN,NaN
1707786000,2.6,2.64,2.59,2.6,7350800,NaN,NaN,NaN,NaN,NaN,NaN,NaN
1707872400,2.59,2.61,2.55,2.58,3956900,NaN,NaN,NaN,NaN,NaN,NaN,NaN
1707958800,2.58,2.62,2.56,2.6,2325200,NaN,NaN,NaN,NaN,NaN,NaN,NaN
1708045200,2.6,2.64,2.58,2.58,2471900,NaN,NaN,NaN,NaN,NaN,NaN,NaN
1708304400,2.58,2.61,2.55,2.6,3137500,NaN,NaN,NaN,NaN,NaN,NaN,NaN
1708390800,2.6,2.65,2.56,2.63,3013700,NaN,NaN,NaN,NaN,NaN,NaN,NaN
1708477200,2.62,2.69,2.59,2.62,4779700,NaN,NaN,NaN,NaN,NaN,NaN,NaN
1708563600,2.65,2.72,2.63,2.7,2871500,NaN,NaN,NaN,NaN,NaN,NaN,NaN
1708650000,2.7,2.71,2.6,2.61,2133600,NaN,NaN,NaN,NaN,NaN,NaN,NaN
1708909200,2.61,2.64,2.59,2.61,2736100,NaN,NaN,NaN,NaN,NaN,NaN,NaN
1708995600,2.61,2.63,2.58,2.6,1641100,NaN,NaN,NaN,NaN,NaN,NaN,NaN
1709082000,2.61,2.61,2.52,2.56,2706700,NaN,NaN,NaN,NaN,NaN,NaN,NaN
1709168400,2.55,2.57,2.51,2.51,3644800,NaN,NaN,NaN,NaN,NaN,NaN,NaN
1709254800,2.51,2.58,2.51,2.55,2725100,NaN,NaN,NaN,NaN,NaN,NaN,NaN
1709514000,2.53,2.53,2.48,2.5,3183200,NaN,NaN,NaN,NaN,NaN,NaN,NaN
1709600400,2.5,2.52,2.46,2.47,2068400,NaN,NaN,NaN,NaN,NaN,NaN,NaN
1709686800,2.47,2.47,2.4,2.47,4424400,NaN,NaN,NaN,NaN,NaN,NaN,NaN
1709773200,2.47,2.48,2.41,2.43,2773300,NaN,NaN,NaN,NaN,NaN,NaN,NaN
1709859600,2.43,2.46,2.41,2.41,2999600,NaN,NaN,NaN,NaN,NaN,NaN,NaN
1710118800,2.42,2.45,2.4,2.43,5889500,NaN,NaN,NaN,NaN,NaN,NaN,NaN
1710205200,2.44,2.57,2.44,2.55,6254800,NaN,NaN,NaN,NaN,NaN,NaN,NaN
1710291600,2.55,2.58,2.5,2.55,2003200,NaN,NaN,NaN,NaN,NaN,NaN,NaN
1710378000,2.55,2.63,2.54,2.6,4465900,NaN,NaN,NaN,NaN,NaN,NaN,NaN
1710464400,2.62,2.62,2.56,2.57,5859300,NaN,NaN,NaN,NaN,NaN,NaN,NaN
1710723600,2.56,2.57,2.5,2.53,3384900,NaN,NaN,NaN,NaN,NaN,NaN,NaN
1710810000,2.53,2.54,2.51,2.53,2720500,NaN,NaN,NaN,NaN,NaN,NaN,NaN
1710896400,2.53,2.68,2.53,2.67,7557100,NaN,NaN,NaN,NaN,NaN,NaN,NaN
1710982800,2.7,2.7,2.64,2.66,3857600,NaN,NaN,NaN,NaN,NaN,NaN,NaN
1711069200,2.66,2.67,2.61,2.66,2124700,NaN,NaN,NaN,NaN,NaN,NaN,NaN
1711328400,2.66,2.69,2.64,2.67,1482200,NaN,NaN,NaN,NaN,NaN,NaN,NaN
1711414800,2.67,2.76,2.65,2.74,3598900,NaN,NaN,NaN,NaN,NaN,NaN,NaN
1711501200,2.74,2.78,2.73,2.75,4215200,NaN,NaN,NaN,NaN,NaN,NaN,NaN
1711674000,2.77,2.79,2.73,2.75,1894800,3413261000,5291015000,646773000,14857000,530342999.99999994,4647743000,0.127272727272727
1711933200,2.75,2.75,2.69,2.69,1757800,NaN,NaN,NaN,NaN,NaN,NaN,NaN
1712019600,2.69,2.84,2.69,2.82,3792600,NaN,NaN,NaN,NaN,NaN,NaN,NaN
1712106000,2.81,2.85,2.77,2.77,2999000,NaN,NaN,NaN,NaN,NaN,NaN,NaN
1712192400,2.78,2.83,2.76,2.76,5086000,NaN,NaN,NaN,NaN,NaN,NaN,NaN
1712278800,2.76,2.81,2.76,2.78,2746200,NaN,NaN,NaN,NaN,NaN,NaN,NaN
1712538000,2.8,2.83,2.79,2.8,2251200,NaN,NaN,NaN,NaN,NaN,NaN,NaN
1712624400,2.8,2.81,2.75,2.78,2459800,NaN,NaN,NaN,NaN,NaN,NaN,NaN
1712883600,2.78,2.79,2.72,2.72,3534100,NaN,NaN,NaN,NaN,NaN,NaN,NaN
1713142800,2.72,2.73,2.66,2.67,3419700,NaN,NaN,NaN,NaN,NaN,NaN,NaN
1713229200,2.67,2.67,2.61,2.63,3953200,NaN,NaN,NaN,NaN,NaN,NaN,NaN
1713315600,2.64,2.72,2.63,2.67,5000100,NaN,NaN,NaN,NaN,NaN,NaN,NaN
1713402000,2.68,2.69,2.66,2.69,2271100,NaN,NaN,NaN,NaN,NaN,NaN,NaN
1713488400,2.68,2.69,2.61,2.63,4405200,NaN,NaN,NaN,NaN,NaN,NaN,NaN
1713747600,2.63,2.68,2.63,2.63,1764100,NaN,NaN,NaN,NaN,NaN,NaN,NaN
1713834000,2.65,2.71,2.65,2.68,1873700,NaN,NaN,NaN,NaN,NaN,NaN,NaN
1713920400,2.7,2.72,2.67,2.68,1871900,NaN,NaN,NaN,NaN,NaN,NaN,NaN
1714006800,2.68,2.7,2.66,2.67,1827400,NaN,NaN,NaN,NaN,NaN,NaN,NaN
1714093200,2.66,2.69,2.63,2.67,4012300,NaN,NaN,NaN,NaN,NaN,NaN,NaN
1714352400,2.67,2.81,2.67,2.78,6158100,NaN,NaN,NaN,NaN,NaN,NaN,NaN
1714438800,2.78,2.81,2.73,2.8,3462900,NaN,NaN,NaN,NaN,NaN,NaN,NaN
1714611600,2.79,2.86,2.76,2.78,3371600,NaN,NaN,NaN,NaN,NaN,NaN,NaN
1714698000,2.78,2.91,2.76,2.91,6950600,NaN,NaN,NaN,NaN,NaN,NaN,NaN
1714957200,2.9,2.95,2.88,2.9,5424600,NaN,NaN,NaN,NaN,NaN,NaN,NaN
1715043600,2.89,2.9,2.84,2.89,4714500,NaN,NaN,NaN,NaN,NaN,NaN,NaN
1715130000,2.89,2.96,2.87,2.91,7236100,NaN,NaN,NaN,NaN,NaN,NaN,NaN
1715216400,2.91,2.93,2.87,2.89,3290400,NaN,NaN,NaN,NaN,NaN,NaN,NaN
1715302800,2.91,3.02,2.91,3,15845000,NaN,NaN,NaN,NaN,NaN,NaN,NaN
1715562000,3,3.04,2.98,3,7731800,NaN,NaN,NaN,NaN,NaN,NaN,NaN
1715648400,3,3,2.94,2.96,4382800,NaN,NaN,NaN,NaN,NaN,NaN,NaN
1715734800,3.12,3.83,3.12,3.82,84894700,NaN,NaN,NaN,NaN,NaN,NaN,NaN
1715821200,3.75,3.79,3.38,3.65,37751800,NaN,NaN,NaN,NaN,NaN,NaN,NaN
1715907600,3.6,3.73,3.52,3.65,12127400,NaN,NaN,NaN,NaN,NaN,NaN,NaN
1716166800,3.7,3.77,3.62,3.65,9262800,NaN,NaN,NaN,NaN,NaN,NaN,NaN
1716253200,3.65,3.68,3.42,3.59,17639200,NaN,NaN,NaN,NaN,NaN,NaN,NaN
1716426000,3.65,3.68,3.48,3.48,11053300,NaN,NaN,NaN,NaN,NaN,NaN,NaN
1716512400,3.48,3.48,3.36,3.38,10592500,NaN,NaN,NaN,NaN,NaN,NaN,NaN
1716771600,3.38,3.38,3.26,3.3,13811500,NaN,NaN,NaN,NaN,NaN,NaN,NaN
1716858000,3.28,3.32,3.25,3.29,4939800,NaN,NaN,NaN,NaN,NaN,NaN,NaN
1716944400,3.29,3.31,3.21,3.21,6677000,NaN,NaN,NaN,NaN,NaN,NaN,NaN
1717030800,3.21,3.28,3.16,3.2,4323700,NaN,NaN,NaN,NaN,NaN,NaN,NaN
1717117200,3.2,3.22,3.14,3.14,7745900,NaN,NaN,NaN,NaN,NaN,NaN,NaN
1717462800,3.14,3.2,3.14,3.18,3268100,NaN,NaN,NaN,NaN,NaN,NaN,NaN
1717549200,3.18,3.21,3.14,3.2,6802400,NaN,NaN,NaN,NaN,NaN,NaN,NaN
1717635600,3.21,3.26,3.17,3.19,8762600,NaN,NaN,NaN,NaN,NaN,NaN,NaN
1717722000,3.24,3.44,3.24,3.41,9303900,NaN,NaN,NaN,NaN,NaN,NaN,NaN
1717981200,3.45,3.46,3.34,3.38,2357100,NaN,NaN,NaN,NaN,NaN,NaN,NaN
1718067600,3.38,3.41,3.34,3.39,3210100,NaN,NaN,NaN,NaN,NaN,NaN,NaN
1718154000,3.4,3.45,3.37,3.44,2509400,NaN,NaN,NaN,NaN,NaN,NaN,NaN
1718240400,3.44,3.57,3.39,3.55,7338600,NaN,NaN,NaN,NaN,NaN,NaN,NaN
1718326800,3.55,3.62,3.5,3.59,3850100,NaN,NaN,NaN,NaN,NaN,NaN,NaN
1718672400,3.59,3.65,3.55,3.55,6358200,NaN,NaN,NaN,NaN,NaN,NaN,NaN
1718758800,3.55,3.6,3.43,3.43,6203000,NaN,NaN,NaN,NaN,NaN,NaN,NaN
1718845200,3.45,3.5,3.42,3.47,1883300,NaN,NaN,NaN,NaN,NaN,NaN,NaN
1718931600,3.47,3.49,3.42,3.42,4186300,NaN,NaN,NaN,NaN,NaN,NaN,NaN
1719190800,3.42,3.43,3.16,3.17,11515400,NaN,NaN,NaN,NaN,NaN,NaN,NaN
1719277200,3.19,3.29,3.18,3.26,3726100,NaN,NaN,NaN,NaN,NaN,NaN,NaN
1719363600,3.26,3.34,3.25,3.28,3478900,NaN,NaN,NaN,NaN,NaN,NaN,NaN
1719450000,3.28,3.31,3.24,3.25,4690100,NaN,NaN,NaN,NaN,NaN,NaN,NaN
1719536400,3.25,3.29,3.25,3.28,1554900,3413261863,5286604000,607538000,50504000,583839000,4682564000,0.106707317073171
1719795600,3.28,3.35,3.27,3.35,3678400,NaN,NaN,NaN,NaN,NaN,NaN,NaN
1719882000,3.35,3.37,3.29,3.32,4638900,NaN,NaN,NaN,NaN,NaN,NaN,NaN
1719968400,3.33,3.34,3.26,3.29,6610500,NaN,NaN,NaN,NaN,NaN,NaN,NaN
1720054800,3.28,3.42,3.27,3.38,5931000,NaN,NaN,NaN,NaN,NaN,NaN,NaN
1720141200,3.4,3.41,3.35,3.4,1560500,NaN,NaN,NaN,NaN,NaN,NaN,NaN
1720486800,3.4,3.43,3.36,3.4,2337500,NaN,NaN,NaN,NaN,NaN,NaN,NaN
1720573200,3.4,3.4,3.33,3.36,3282200,NaN,NaN,NaN,NaN,NaN,NaN,NaN
1720659600,3.37,3.46,3.37,3.43,3596500,NaN,NaN,NaN,NaN,NaN,NaN,NaN
1720746000,3.45,3.45,3.38,3.4,2704100,NaN,NaN,NaN,NaN,NaN,NaN,NaN
1721005200,3.4,3.48,3.4,3.46,1931900,NaN,NaN,NaN,NaN,NaN,NaN,NaN
1721091600,3.46,3.46,3.39,3.4,1806800,NaN,NaN,NaN,NaN,NaN,NaN,NaN
1721178000,3.41,3.52,3.41,3.46,6437900,NaN,NaN,NaN,NaN,NaN,NaN,NaN
1721264400,3.48,3.51,3.45,3.51,3236400,NaN,NaN,NaN,NaN,NaN,NaN,NaN
1721350800,3.5,3.51,3.42,3.42,6068400,NaN,NaN,NaN,NaN,NaN,NaN,NaN
1721610000,3.44,3.44,3.35,3.4,3941600,NaN,NaN,NaN,NaN,NaN,NaN,NaN
1721696400,3.41,3.49,3.4,3.4,2872900,NaN,NaN,NaN,NaN,NaN,NaN,NaN
1721782800,3.4,3.46,3.37,3.39,4185300,NaN,NaN,NaN,NaN,NaN,NaN,NaN
1721869200,3.38,3.41,3.35,3.36,3708900,NaN,NaN,NaN,NaN,NaN,NaN,NaN
1721955600,3.37,3.39,3.35,3.38,2719500,NaN,NaN,NaN,NaN,NaN,NaN,NaN
1722214800,3.39,3.42,3.32,3.34,7635500,NaN,NaN,NaN,NaN,NaN,NaN,NaN
1722301200,3.34,3.34,3.18,3.18,11337300,NaN,NaN,NaN,NaN,NaN,NaN,NaN
1722387600,3.17,3.17,2.9,3.05,31116200,NaN,NaN,NaN,NaN,NaN,NaN,NaN
1722474000,3.08,3.08,2.99,3,7864700,NaN,NaN,NaN,NaN,NaN,NaN,NaN
1722560400,2.95,2.98,2.82,2.83,16830700,NaN,NaN,NaN,NaN,NaN,NaN,NaN
1722819600,2.8,2.8,2.45,2.48,27579400,NaN,NaN,NaN,NaN,NaN,NaN,NaN
1722906000,2.5,2.78,2.48,2.65,26528900,NaN,NaN,NaN,NaN,NaN,NaN,NaN
1722992400,2.71,2.77,2.57,2.74,17259400,NaN,NaN,NaN,NaN,NaN,NaN,NaN
1723078800,2.71,2.72,2.65,2.69,5943700,NaN,NaN,NaN,NaN,NaN,NaN,NaN
1723165200,2.75,2.77,2.69,2.71,8300400,NaN,NaN,NaN,NaN,NaN,NaN,NaN
1723424400,2.72,2.76,2.67,2.7,5513600,NaN,NaN,NaN,NaN,NaN,NaN,NaN
1723510800,2.7,2.7,2.6,2.64,6332500,NaN,NaN,NaN,NaN,NaN,NaN,NaN
1723597200,2.67,2.68,2.63,2.64,4545700,NaN,NaN,NaN,NaN,NaN,NaN,NaN
1723683600,2.64,2.66,2.6,2.64,4898500,NaN,NaN,NaN,NaN,NaN,NaN,NaN
1723770000,2.66,2.72,2.65,2.69,7188800,NaN,NaN,NaN,NaN,NaN,NaN,NaN
1724029200,2.74,2.86,2.71,2.78,20205200,NaN,NaN,NaN,NaN,NaN,NaN,NaN
1724115600,2.8,2.83,2.74,2.74,10987900,NaN,NaN,NaN,NaN,NaN,NaN,NaN
1724202000,2.74,2.78,2.72,2.74,10908600,NaN,NaN,NaN,NaN,NaN,NaN,NaN
1724288400,2.74,2.82,2.72,2.75,5289400,NaN,NaN,NaN,NaN,NaN,NaN,NaN
1724374800,2.78,2.79,2.68,2.75,5302200,NaN,NaN,NaN,NaN,NaN,NaN,NaN
1724634000,2.75,2.77,2.65,2.67,4421800,NaN,NaN,NaN,NaN,NaN,NaN,NaN
1724720400,2.67,2.71,2.65,2.66,4973300,NaN,NaN,NaN,NaN,NaN,NaN,NaN
1724806800,2.67,2.67,2.47,2.48,20014800,NaN,NaN,NaN,NaN,NaN,NaN,NaN
1724893200,2.48,2.5,2.44,2.45,8160000,NaN,NaN,NaN,NaN,NaN,NaN,NaN
1724979600,2.46,2.5,2.45,2.47,5888500,NaN,NaN,NaN,NaN,NaN,NaN,NaN
1725238800,2.48,2.53,2.47,2.48,6178600,NaN,NaN,NaN,NaN,NaN,NaN,NaN
1725325200,2.49,2.63,2.49,2.61,8750200,NaN,NaN,NaN,NaN,NaN,NaN,NaN
1725411600,2.57,2.63,2.56,2.57,3459200,NaN,NaN,NaN,NaN,NaN,NaN,NaN
1725498000,2.6,2.6,2.56,2.57,2598400,NaN,NaN,NaN,NaN,NaN,NaN,NaN
1725584400,2.58,2.58,2.49,2.49,2690000,NaN,NaN,NaN,NaN,NaN,NaN,NaN
1725843600,2.48,2.49,2.46,2.48,3166400,NaN,NaN,NaN,NaN,NaN,NaN,NaN
1725930000,2.49,2.53,2.48,2.48,3184700,NaN,NaN,NaN,NaN,NaN,NaN,NaN
1726016400,2.48,2.5,2.38,2.39,4906300,NaN,NaN,NaN,NaN,NaN,NaN,NaN
1726102800,2.4,2.43,2.38,2.42,1926700,NaN,NaN,NaN,NaN,NaN,NaN,NaN
1726189200,2.41,2.44,2.4,2.42,2638400,NaN,NaN,NaN,NaN,NaN,NaN,NaN
1726534800,3.14,3.14,2.97,3.14,54112200,NaN,NaN,NaN,NaN,NaN,NaN,NaN
1726621200,3.2,3.2,2.99,3.11,34188700,NaN,NaN,NaN,NaN,NaN,NaN,NaN
1726707600,3.08,3.12,3,3.05,15998800,NaN,NaN,NaN,NaN,NaN,NaN,NaN
1726794000,3.06,3.15,3.06,3.15,16561200,NaN,NaN,NaN,NaN,NaN,NaN,NaN
1727053200,3.16,3.17,3.06,3.08,9873200,NaN,NaN,NaN,NaN,NaN,NaN,NaN
1727139600,3.09,3.09,3.04,3.05,5529000,NaN,NaN,NaN,NaN,NaN,NaN,NaN
1727226000,3.05,3.06,2.71,2.74,18508600,NaN,NaN,NaN,NaN,NaN,NaN,NaN
1727312400,2.75,2.88,2.68,2.85,10939700,NaN,NaN,NaN,NaN,NaN,NaN,NaN
1727398800,2.85,2.85,2.77,2.77,2609300,NaN,NaN,NaN,NaN,NaN,NaN,NaN
1727658000,2.77,2.81,2.72,2.79,5995400,3413261000,5155359000,470777000,-12735000,652071000,4687703000,0.326164874551971
1727744400,2.8,2.94,2.78,2.92,5369300,NaN,NaN,NaN,NaN,NaN,NaN,NaN
1727830800,2.9,2.9,2.78,2.8,3443500,NaN,NaN,NaN,NaN,NaN,NaN,NaN
1727917200,2.81,2.85,2.8,2.83,2929100,NaN,NaN,NaN,NaN,NaN,NaN,NaN
1728003600,2.83,2.83,2.77,2.78,2550600,NaN,NaN,NaN,NaN,NaN,NaN,NaN
1728262800,2.8,2.88,2.77,2.87,6143300,NaN,NaN,NaN,NaN,NaN,NaN,NaN
1728349200,2.87,2.91,2.81,2.87,7251900,NaN,NaN,NaN,NaN,NaN,NaN,NaN
1728435600,2.89,2.92,2.82,2.9,7384700,NaN,NaN,NaN,NaN,NaN,NaN,NaN
1728522000,2.9,3,2.88,2.91,11086200,NaN,NaN,NaN,NaN,NaN,NaN,NaN
1728608400,2.92,3.04,2.9,2.99,6618600,NaN,NaN,NaN,NaN,NaN,NaN,NaN
1728867600,3.01,3.02,2.96,2.99,3998600,NaN,NaN,NaN,NaN,NaN,NaN,NaN
1728954000,3,3.02,2.96,3.02,3730500,NaN,NaN,NaN,NaN,NaN,NaN,NaN
1729040400,3,3.01,2.96,3.01,7262400,NaN,NaN,NaN,NaN,NaN,NaN,NaN
1729126800,3.01,3.07,2.98,3.05,5612400,NaN,NaN,NaN,NaN,NaN,NaN,NaN
1729213200,3.05,3.08,2.99,3.03,2521800,NaN,NaN,NaN,NaN,NaN,NaN,NaN
1729472400,3,3.1,2.99,3.1,2263900,NaN,NaN,NaN,NaN,NaN,NaN,NaN
1729558800,3.1,3.19,3.07,3.15,8066300,NaN,NaN,NaN,NaN,NaN,NaN,NaN
1729645200,3.15,3.17,3.08,3.15,3674400,NaN,NaN,NaN,NaN,NaN,NaN,NaN
1729731600,3.13,3.16,3.08,3.15,2228600,NaN,NaN,NaN,NaN,NaN,NaN,NaN
1729818000,3.14,3.15,3.08,3.12,3180900,NaN,NaN,NaN,NaN,NaN,NaN,NaN
1730077200,3.12,3.13,3.08,3.11,2434000,NaN,NaN,NaN,NaN,NaN,NaN,NaN
1730163600,3.11,3.15,3.08,3.09,2805000,NaN,NaN,NaN,NaN,NaN,NaN,NaN
1730250000,3.1,3.18,3.09,3.18,3238600,NaN,NaN,NaN,NaN,NaN,NaN,NaN
1730422800,3.15,3.27,3.13,3.19,7993000,NaN,NaN,NaN,NaN,NaN,NaN,NaN
1730682000,3.18,3.29,3.16,3.22,5033200,NaN,NaN,NaN,NaN,NaN,NaN,NaN
1730768400,3.22,3.3,3.22,3.27,7657000,NaN,NaN,NaN,NaN,NaN,NaN,NaN
1730854800,3.3,3.48,3.29,3.44,12067000,NaN,NaN,NaN,NaN,NaN,NaN,NaN
1730941200,3.46,3.48,3.22,3.34,16933000,NaN,NaN,NaN,NaN,NaN,NaN,NaN
1731027600,3.33,3.33,3.27,3.29,2136500,NaN,NaN,NaN,NaN,NaN,NaN,NaN
1731286800,3.29,3.32,3.19,3.21,7407700,NaN,NaN,NaN,NaN,NaN,NaN,NaN
1731373200,3.2,3.36,3.15,3.32,15686800,NaN,NaN,NaN,NaN,NaN,NaN,NaN
1731459600,3.3,3.38,3.27,3.34,5928700,NaN,NaN,NaN,NaN,NaN,NaN,NaN
1731546000,3.34,3.41,3.32,3.35,3793700,NaN,NaN,NaN,NaN,NaN,NaN,NaN
1731632400,3.35,3.4,3.31,3.39,3682800,NaN,NaN,NaN,NaN,NaN,NaN,NaN
1731891600,3.39,3.47,3.39,3.44,5148400,NaN,NaN,NaN,NaN,NaN,NaN,NaN
1731978000,3.44,3.48,3.39,3.47,3330000,NaN,NaN,NaN,NaN,NaN,NaN,NaN
1732064400,3.47,3.59,3.47,3.57,9570300,NaN,NaN,NaN,NaN,NaN,NaN,NaN
1732150800,3.55,3.58,3.52,3.54,6902900,NaN,NaN,NaN,NaN,NaN,NaN,NaN
1732237200,3.51,3.53,3.44,3.5,2071000,NaN,NaN,NaN,NaN,NaN,NaN,NaN
1732496400,3.47,3.54,3.47,3.49,3125900,NaN,NaN,NaN,NaN,NaN,NaN,NaN
1732582800,3.5,3.57,3.48,3.55,4539600,NaN,NaN,NaN,NaN,NaN,NaN,NaN
1732669200,3.55,3.56,3.48,3.53,4552000,NaN,NaN,NaN,NaN,NaN,NaN,NaN
1732755600,3.53,3.53,3.48,3.49,4070700,NaN,NaN,NaN,NaN,NaN,NaN,NaN
1732842000,3.49,3.54,3.47,3.52,5229300,NaN,NaN,NaN,NaN,NaN,NaN,NaN
1733101200,3.5,3.54,3.44,3.48,5075200,NaN,NaN,NaN,NaN,NaN,NaN,NaN
1733187600,3.46,3.57,3.46,3.57,5308200,NaN,NaN,NaN,NaN,NaN,NaN,NaN
1733274000,3.58,3.74,3.57,3.69,11686800,NaN,NaN,NaN,NaN,NaN,NaN,NaN
1733360400,3.69,3.76,3.68,3.7,6025700,NaN,NaN,NaN,NaN,NaN,NaN,NaN
1733446800,3.69,3.77,3.66,3.77,12649000,NaN,NaN,NaN,NaN,NaN,NaN,NaN
1733706000,3.77,3.83,3.73,3.75,12522700,NaN,NaN,NaN,NaN,NaN,NaN,NaN
1733792400,3.8,3.93,3.8,3.9,11593400,NaN,NaN,NaN,NaN,NaN,NaN,NaN
1733878800,3.92,3.93,3.88,3.91,5343700,NaN,NaN,NaN,NaN,NaN,NaN,NaN
1733965200,3.92,3.93,3.78,3.78,6260700,NaN,NaN,NaN,NaN,NaN,NaN,NaN
1734051600,3.78,3.9,3.78,3.88,6797400,NaN,NaN,NaN,NaN,NaN,NaN,NaN
1734310800,3.87,3.98,3.73,3.82,8325600,NaN,NaN,NaN,NaN,NaN,NaN,NaN
1734397200,3.83,3.85,3.78,3.83,4202600,NaN,NaN,NaN,NaN,NaN,NaN,NaN
1734483600,3.83,4.09,3.82,4.03,12096100,NaN,NaN,NaN,NaN,NaN,NaN,NaN
1734570000,3.97,4.11,3.96,4.05,10636700,NaN,NaN,NaN,NaN,NaN,NaN,NaN
1734656400,3.92,3.97,3.86,3.91,10695800,NaN,NaN,NaN,NaN,NaN,NaN,NaN
1734915600,3.91,3.96,3.8,3.8,5758800,NaN,NaN,NaN,NaN,NaN,NaN,NaN
1735002000,3.8,3.86,3.78,3.84,4871900,NaN,NaN,NaN,NaN,NaN,NaN,NaN
1735174800,3.84,3.9,3.78,3.88,6989000,NaN,NaN,NaN,NaN,NaN,NaN,NaN
1735261200,3.88,3.96,3.88,3.96,5757200,NaN,NaN,NaN,NaN,NaN,NaN,NaN
1735520400,3.96,3.97,3.92,3.95,6181600,NaN,NaN,NaN,NaN,NaN,NaN,NaN
1735606800,3.95,3.96,3.87,3.95,4164900,3413261863,4827866000,525818999.99999994,47038000,738194000,4305532000,0.230379746835443
1735779600,3.93,3.98,3.9,3.97,5801300,NaN,NaN,NaN,NaN,NaN,NaN,NaN
1735866000,3.97,3.97,3.85,3.87,7241800,NaN,NaN,NaN,NaN,NaN,NaN,NaN
1736125200,3.9,3.98,3.9,3.95,5813200,NaN,NaN,NaN,NaN,NaN,NaN,NaN
1736211600,3.95,3.97,3.88,3.88,3245400,NaN,NaN,NaN,NaN,NaN,NaN,NaN
1736298000,3.87,3.87,3.63,3.64,10887600,NaN,NaN,NaN,NaN,NaN,NaN,NaN
1736384400,3.64,3.7,3.48,3.53,8202200,NaN,NaN,NaN,NaN,NaN,NaN,NaN
1736470800,3.53,3.66,3.51,3.61,3341500,NaN,NaN,NaN,NaN,NaN,NaN,NaN
1736730000,3.59,3.66,3.58,3.6,4773400,NaN,NaN,NaN,NaN,NaN,NaN,NaN
1736816400,3.6,3.68,3.6,3.6,3556700,NaN,NaN,NaN,NaN,NaN,NaN,NaN
1736902800,3.6,3.63,3.49,3.51,3342800,NaN,NaN,NaN,NaN,NaN,NaN,NaN
1736989200,3.54,3.64,3.52,3.54,4123000,NaN,NaN,NaN,NaN,NaN,NaN,NaN
1737075600,3.53,3.58,3.5,3.55,1746400,NaN,NaN,NaN,NaN,NaN,NaN,NaN
1737334800,3.61,3.61,3.53,3.54,1644300,NaN,NaN,NaN,NaN,NaN,NaN,NaN
1737421200,3.54,3.58,3.43,3.55,2490100,NaN,NaN,NaN,NaN,NaN,NaN,NaN
1737507600,3.57,3.59,3.49,3.49,3255800,NaN,NaN,NaN,NaN,NaN,NaN,NaN
1737594000,3.55,3.55,3.46,3.49,1876200,NaN,NaN,NaN,NaN,NaN,NaN,NaN
1737680400,3.48,3.49,3.36,3.38,5770000,NaN,NaN,NaN,NaN,NaN,NaN,NaN
1737939600,3.37,3.43,3.34,3.39,3942800,NaN,NaN,NaN,NaN,NaN,NaN,NaN
1738026000,3.39,3.39,3.31,3.34,2506200,NaN,NaN,NaN,NaN,NaN,NaN,NaN
1738285200,3.35,3.35,3.28,3.31,3344700,NaN,NaN,NaN,NaN,NaN,NaN,NaN
1738544400,3.33,3.54,3.3,3.51,11038600,NaN,NaN,NaN,NaN,NaN,NaN,NaN
1738630800,3.52,3.54,3.46,3.5,2634100,NaN,NaN,NaN,NaN,NaN,NaN,NaN
1738717200,3.5,3.58,3.41,3.52,3352500,NaN,NaN,NaN,NaN,NaN,NaN,NaN
1738803600,3.51,3.53,3.46,3.51,3809300,NaN,NaN,NaN,NaN,NaN,NaN,NaN
1738890000,3.53,3.61,3.5,3.56,2815800,NaN,NaN,NaN,NaN,NaN,NaN,NaN
1739149200,3.6,3.63,3.52,3.52,2861800,NaN,NaN,NaN,NaN,NaN,NaN,NaN
1739322000,3.54,3.6,3.54,3.59,2422900,NaN,NaN,NaN,NaN,NaN,NaN,NaN
1739408400,3.59,3.59,3.44,3.48,3617500,NaN,NaN,NaN,NaN,NaN,NaN,NaN
1739494800,3.48,3.51,3.42,3.44,1903600,NaN,NaN,NaN,NaN,NaN,NaN,NaN
1739754000,3.41,3.43,3.35,3.4,2267500,NaN,NaN,NaN,NaN,NaN,NaN,NaN
1739840400,3.4,3.52,2.55,2.61,93792700,NaN,NaN,NaN,NaN,NaN,NaN,NaN
1739926800,2.65,2.68,2.42,2.44,103929300,NaN,NaN,NaN,NaN,NaN,NaN,NaN
1740013200,2.45,2.5,2.4,2.49,31499500,NaN,NaN,NaN,NaN,NaN,NaN,NaN
1740099600,2.49,2.54,2.43,2.48,27937800,NaN,NaN,NaN,NaN,NaN,NaN,NaN
1740358800,2.49,2.5,2.36,2.38,15832400,NaN,NaN,NaN,NaN,NaN,NaN,NaN
1740445200,2.37,2.42,2.27,2.31,14473200,NaN,NaN,NaN,NaN,NaN,NaN,NaN
1740531600,2.31,2.4,2.3,2.35,12177000,NaN,NaN,NaN,NaN,NaN,NaN,NaN
1740618000,2.35,2.38,2.32,2.35,8112600,NaN,NaN,NaN,NaN,NaN,NaN,NaN
1740704400,2.33,2.34,2.24,2.25,12155600,NaN,NaN,NaN,NaN,NaN,NaN,NaN
1740963600,2.26,2.3,2.2,2.27,8203200,NaN,NaN,NaN,NaN,NaN,NaN,NaN
1741050000,2.23,2.23,2.15,2.17,8827700,NaN,NaN,NaN,NaN,NaN,NaN,NaN
1741136400,2.15,2.23,2.13,2.17,8942700,NaN,NaN,NaN,NaN,NaN,NaN,NaN
1741222800,2.18,2.27,2.16,2.23,10940200,NaN,NaN,NaN,NaN,NaN,NaN,NaN
1741309200,2.21,2.21,2.15,2.18,9433200,NaN,NaN,NaN,NaN,NaN,NaN,NaN
1741568400,2.18,2.18,1.99,2.02,17616200,NaN,NaN,NaN,NaN,NaN,NaN,NaN
1741654800,1.96,1.99,1.92,1.96,16777300,NaN,NaN,NaN,NaN,NaN,NaN,NaN
1741741200,1.98,2.06,1.97,2,8363300,NaN,NaN,NaN,NaN,NaN,NaN,NaN
1741827600,2.04,2.07,2.02,2.04,5831200,NaN,NaN,NaN,NaN,NaN,NaN,NaN
1741914000,2.02,2.14,1.99,2.12,5339700,NaN,NaN,NaN,NaN,NaN,NaN,NaN
1742173200,2.15,2.17,2.09,2.1,5783100,NaN,NaN,NaN,NaN,NaN,NaN,NaN
1742346000,2.1,2.18,2.09,2.15,4856000,NaN,NaN,NaN,NaN,NaN,NaN,NaN
1742432400,2.18,2.18,2.1,2.15,5523700,NaN,NaN,NaN,NaN,NaN,NaN,NaN
1742518800,2.15,2.16,2.08,2.09,7367200,NaN,NaN,NaN,NaN,NaN,NaN,NaN
1742778000,2.09,2.09,1.92,1.93,19185500,NaN,NaN,NaN,NaN,NaN,NaN,NaN
1742864400,1.95,1.97,1.9,1.95,9152300,NaN,NaN,NaN,NaN,NaN,NaN,NaN
1742950800,1.94,1.94,1.88,1.91,15256300,NaN,NaN,NaN,NaN,NaN,NaN,NaN
1743037200,1.9,2.02,1.89,1.96,11197300,NaN,NaN,NaN,NaN,NaN,NaN,NaN
1743123600,1.96,1.96,1.89,1.89,11184800,3413261000,4840786000,521855000,14036000,611545000,4322279000,NaN
1743555600,1.9,1.91,1.83,1.86,8127300,NaN,NaN,NaN,NaN,NaN,NaN,NaN
1743642000,1.83,2.08,1.82,2.02,25714500,NaN,NaN,NaN,NaN,NaN,NaN,NaN
1743728400,2,2.03,1.92,1.94,10143500,NaN,NaN,NaN,NaN,NaN,NaN,NaN
1743987600,1.88,1.88,1.77,1.85,12429600,NaN,NaN,NaN,NaN,NaN,NaN,NaN
1744074000,1.89,2.01,1.88,1.98,13512000,NaN,NaN,NaN,NaN,NaN,NaN,NaN
1744160400,2.02,2.08,1.94,1.97,27725100,NaN,NaN,NaN,NaN,NaN,NaN,NaN
1744246800,2.18,2.34,2.11,2.3,45931500,NaN,NaN,NaN,NaN,NaN,NaN,NaN
1744333200,2.27,2.34,2.21,2.31,9859700,NaN,NaN,NaN,NaN,NaN,NaN,NaN
1744592400,2.31,2.32,2.19,2.22,7052300,NaN,NaN,NaN,NaN,NaN,NaN,NaN
1744678800,2.23,2.24,2.15,2.16,4875200,NaN,NaN,NaN,NaN,NaN,NaN,NaN
1744765200,2.16,2.24,2.13,2.16,5641000,NaN,NaN,NaN,NaN,NaN,NaN,NaN
1744851600,2.16,2.23,2.14,2.2,3974400,NaN,NaN,NaN,NaN,NaN,NaN,NaN
1744938000,2.21,2.25,2.19,2.23,4121700,NaN,NaN,NaN,NaN,NaN,NaN,NaN
1745197200,2.23,2.25,2.18,2.22,3091100,NaN,NaN,NaN,NaN,NaN,NaN,NaN
1745283600,2.18,2.19,2.12,2.15,5579500,NaN,NaN,NaN,NaN,NaN,NaN,NaN
1745370000,2.18,2.2,2.12,2.17,2454300,NaN,NaN,NaN,NaN,NaN,NaN,NaN
1745456400,2.18,2.18,2.13,2.13,3349600,NaN,NaN,NaN,NaN,NaN,NaN,NaN
1745542800,2.15,2.18,2.13,2.15,3709500,NaN,NaN,NaN,NaN,NaN,NaN,NaN
1745802000,2.16,2.27,2.15,2.21,7883300,NaN,NaN,NaN,NaN,NaN,NaN,NaN
1745888400,2.23,2.27,2.19,2.24,3499800,NaN,NaN,NaN,NaN,NaN,NaN,NaN
1745974800,2.23,2.25,2.21,2.23,1516800,NaN,NaN,NaN,NaN,NaN,NaN,NaN
1746147600,2.23,2.28,2.19,2.27,4437300,NaN,NaN,NaN,NaN,NaN,NaN,NaN
1746406800,2.28,2.3,2.19,2.19,4443400,NaN,NaN,NaN,NaN,NaN,NaN,NaN
1746493200,2.19,2.23,2.12,2.13,8431600,NaN,NaN,NaN,NaN,NaN,NaN,NaN
1746579600,2.15,2.2,2.13,2.2,6501600,NaN,NaN,NaN,NaN,NaN,NaN,NaN
1746666000,2.18,2.18,2.07,2.07,9153000,NaN,NaN,NaN,NaN,NaN,NaN,NaN
1746752400,2.08,2.11,2.06,2.07,5146000,NaN,NaN,NaN,NaN,NaN,NaN,NaN
1747098000,1.99,2.04,1.96,1.98,21142400,NaN,NaN,NaN,NaN,NaN,NaN,NaN
1747184400,1.98,2.01,1.96,1.99,4557700,NaN,NaN,NaN,NaN,NaN,NaN,NaN
1747270800,2.01,2.04,1.99,2,3918400,NaN,NaN,NaN,NaN,NaN,NaN,NaN
1747357200,2.01,2.02,1.96,2,4266100,NaN,NaN,NaN,NaN,NaN,NaN,NaN
1747616400,2.02,2.02,1.96,1.96,4745200,NaN,NaN,NaN,NaN,NaN,NaN,NaN
1747702800,1.97,1.98,1.92,1.96,3876900,NaN,NaN,NaN,NaN,NaN,NaN,NaN
1747789200,1.96,1.97,1.93,1.95,3187700,NaN,NaN,NaN,NaN,NaN,NaN,NaN
1747875600,1.92,1.93,1.89,1.92,3396700,NaN,NaN,NaN,NaN,NaN,NaN,NaN
1747962000,1.94,1.95,1.91,1.93,2526300,NaN,NaN,NaN,NaN,NaN,NaN,NaN
1748221200,1.93,1.93,1.9,1.9,1523400,NaN,NaN,NaN,NaN,NaN,NaN,NaN
1748307600,1.9,1.92,1.88,1.89,1241400,NaN,NaN,NaN,NaN,NaN,NaN,NaN
1748394000,1.9,1.92,1.88,1.89,1390700,NaN,NaN,NaN,NaN,NaN,NaN,NaN
1748480400,1.89,1.93,1.88,1.9,1689800,NaN,NaN,NaN,NaN,NaN,NaN,NaN
1748566800,1.9,1.91,1.88,1.88,3225900,NaN,NaN,NaN,NaN,NaN,NaN,NaN
1748912400,1.88,1.92,1.83,1.85,2956100,NaN,NaN,NaN,NaN,NaN,NaN,NaN
1748998800,1.85,1.85,1.83,1.85,1567600,NaN,NaN,NaN,NaN,NaN,NaN,NaN
1749085200,1.85,1.86,1.83,1.85,4465900,NaN,NaN,NaN,NaN,NaN,NaN,NaN
1749171600,1.84,1.85,1.82,1.83,3293600,NaN,NaN,NaN,NaN,NaN,NaN,NaN
1749430800,1.84,1.85,1.81,1.82,1782400,NaN,NaN,NaN,NaN,NaN,NaN,NaN
1749517200,1.82,1.95,1.82,1.93,11360100,NaN,NaN,NaN,NaN,NaN,NaN,NaN
1749603600,1.94,1.95,1.86,1.87,3284200,NaN,NaN,NaN,NaN,NaN,NaN,NaN
1749690000,1.87,1.88,1.82,1.83,4183200,NaN,NaN,NaN,NaN,NaN,NaN,NaN
1749776400,1.83,1.84,1.74,1.76,11787100,NaN,NaN,NaN,NaN,NaN,NaN,NaN
1750035600,1.73,1.74,1.65,1.66,12826200,NaN,NaN,NaN,NaN,NaN,NaN,NaN
1750122000,1.67,1.68,1.58,1.6,15082800,NaN,NaN,NaN,NaN,NaN,NaN,NaN
1750208400,1.6,1.65,1.59,1.62,5577200,NaN,NaN,NaN,NaN,NaN,NaN,NaN
1750294800,1.62,1.63,1.58,1.59,3715900,NaN,NaN,NaN,NaN,NaN,NaN,NaN
1750381200,1.59,1.63,1.58,1.58,9890000,NaN,NaN,NaN,NaN,NaN,NaN,NaN
1750640400,1.57,1.62,1.54,1.61,7554400,NaN,NaN,NaN,NaN,NaN,NaN,NaN
1750726800,1.62,1.69,1.62,1.66,6174200,NaN,NaN,NaN,NaN,NaN,NaN,NaN
1750813200,1.67,1.72,1.66,1.68,4998400,NaN,NaN,NaN,NaN,NaN,NaN,NaN
1750899600,1.67,1.69,1.62,1.63,3902700,NaN,NaN,NaN,NaN,NaN,NaN,NaN
1751245200,1.63,1.66,1.62,1.64,4410800,3413261863,4754793000,418146000,15126000,553108000,4336785000,NaN
1751331600,1.64,1.67,1.57,1.58,6435900,NaN,NaN,NaN,NaN,NaN,NaN,NaN
1751418000,1.59,1.65,1.58,1.62,5356400,NaN,NaN,NaN,NaN,NaN,NaN,NaN
1751504400,1.63,1.64,1.59,1.6,8407100,NaN,NaN,NaN,NaN,NaN,NaN,NaN
1751590800,1.61,1.61,1.53,1.53,13875300,NaN,NaN,NaN,NaN,NaN,NaN,NaN
1751850000,1.54,1.58,1.52,1.55,12642900,NaN,NaN,NaN,NaN,NaN,NaN,NaN
1751936400,1.52,1.61,1.51,1.53,24139600,NaN,NaN,NaN,NaN,NaN,NaN,NaN
1752022800,1.54,1.57,1.52,1.54,7104400,NaN,NaN,NaN,NaN,NaN,NaN,NaN
1752109200,1.54,1.56,1.52,1.56,3965700,NaN,NaN,NaN,NaN,NaN,NaN,NaN
1752195600,1.56,1.59,1.54,1.58,6224600,NaN,NaN,NaN,NaN,NaN,NaN,NaN
1752454800,1.58,1.61,1.55,1.56,5652100,NaN,NaN,NaN,NaN,NaN,NaN,NaN
1752541200,1.56,1.57,1.52,1.54,5638000,NaN,NaN,NaN,NaN,NaN,NaN,NaN
1752627600,1.54,1.54,1.45,1.45,18931800,NaN,NaN,NaN,NaN,NaN,NaN,NaN
1752714000,1.45,1.48,1.42,1.42,9795800,NaN,NaN,NaN,NaN,NaN,NaN,NaN
1752800400,1.43,1.46,1.42,1.43,9838900,NaN,NaN,NaN,NaN,NaN,NaN,NaN
1753059600,1.43,1.44,1.38,1.41,12629600,NaN,NaN,NaN,NaN,NaN,NaN,NaN
1753146000,1.41,1.43,1.4,1.41,6779800,NaN,NaN,NaN,NaN,NaN,NaN,NaN
1753232400,1.41,1.47,1.4,1.44,5196600,NaN,NaN,NaN,NaN,NaN,NaN,NaN
1753318800,1.45,1.47,1.45,1.47,2807000,NaN,NaN,NaN,NaN,NaN,NaN,NaN
1753405200,1.46,1.47,1.43,1.44,3216900,NaN,NaN,NaN,NaN,NaN,NaN,NaN
1753664400,1.44,1.47,1.42,1.43,5841700,NaN,NaN,NaN,NaN,NaN,NaN,NaN
1753750800,1.43,1.44,1.39,1.4,5533500,NaN,NaN,NaN,NaN,NaN,NaN,NaN
1753837200,1.4,1.42,1.38,1.39,5409700,NaN,NaN,NaN,NaN,NaN,NaN,NaN
1753923600,1.39,1.49,1.38,1.46,16708900,NaN,NaN,NaN,NaN,NaN,NaN,NaN
1754010000,1.51,1.53,1.42,1.42,11574300,NaN,NaN,NaN,NaN,NaN,NaN,NaN
1754269200,1.4,1.41,1.37,1.37,10136900,NaN,NaN,NaN,NaN,NaN,NaN,NaN
1754355600,1.39,1.4,1.31,1.32,16938700,NaN,NaN,NaN,NaN,NaN,NaN,NaN
1754442000,1.28,1.28,1.23,1.24,25158500,NaN,NaN,NaN,NaN,NaN,NaN,NaN
1754528400,1.24,1.26,1.21,1.22,12370300,NaN,NaN,NaN,NaN,NaN,NaN,NaN
1754614800,1.22,1.23,1.19,1.2,10380800,NaN,NaN,NaN,NaN,NaN,NaN,NaN
1754874000,1.21,1.27,1.21,1.24,9397900,NaN,NaN,NaN,NaN,NaN,NaN,NaN
1754960400,1.24,1.28,1.24,1.26,5463200,NaN,NaN,NaN,NaN,NaN,NaN,NaN
1755046800,1.26,1.29,1.24,1.25,4720400,NaN,NaN,NaN,NaN,NaN,NaN,NaN
1755133200,1.26,1.27,1.23,1.24,5829600,NaN,NaN,NaN,NaN,NaN,NaN,NaN
1755219600,1.24,1.25,1.19,1.2,10420400,NaN,NaN,NaN,NaN,NaN,NaN,NaN
1755478800,1.2,1.22,1.18,1.19,5276800,NaN,NaN,NaN,NaN,NaN,NaN,NaN
1755565200,1.19,1.22,1.19,1.21,7736900,NaN,NaN,NaN,NaN,NaN,NaN,NaN
1755651600,1.2,1.23,1.2,1.22,4376300,NaN,NaN,NaN,NaN,NaN,NaN,NaN
1755738000,1.22,1.29,1.2,1.24,9438900,NaN,NaN,NaN,NaN,NaN,NaN,NaN
1755824400,1.25,1.27,1.21,1.22,6838700,NaN,NaN,NaN,NaN,NaN,NaN,NaN
1756083600,1.24,1.25,1.21,1.22,1984200,NaN,NaN,NaN,NaN,NaN,NaN,NaN
1756170000,1.22,1.23,1.2,1.2,5024900,NaN,NaN,NaN,NaN,NaN,NaN,NaN
1756256400,1.21,1.24,1.2,1.23,8144000,NaN,NaN,NaN,NaN,NaN,NaN,NaN
1756342800,1.23,1.24,1.21,1.23,2444400,NaN,NaN,NaN,NaN,NaN,NaN,NaN
1756429200,1.23,1.23,1.17,1.18,8755100,NaN,NaN,NaN,NaN,NaN,NaN,NaN
1756774800,1.19,1.21,1.18,1.2,3818900,NaN,NaN,NaN,NaN,NaN,NaN,NaN
1756861200,1.2,1.26,1.19,1.24,8775100,NaN,NaN,NaN,NaN,NaN,NaN,NaN
1756947600,1.24,1.24,1.2,1.21,3602700,NaN,NaN,NaN,NaN,NaN,NaN,NaN
1757293200,1.21,1.23,1.19,1.2,4504900,NaN,NaN,NaN,NaN,NaN,NaN,NaN
1757379600,1.2,1.22,1.18,1.19,3807000,NaN,NaN,NaN,NaN,NaN,NaN,NaN
1757466000,1.19,1.21,1.18,1.19,5284300,NaN,NaN,NaN,NaN,NaN,NaN,NaN
1757552400,1.2,1.2,1.17,1.19,5054900,NaN,NaN,NaN,NaN,NaN,NaN,NaN
1757638800,1.19,1.21,1.18,1.19,3558800,NaN,NaN,NaN,NaN,NaN,NaN,NaN
1758070800,1.19,1.23,1.19,1.22,5888300,NaN,NaN,NaN,NaN,NaN,NaN,NaN
1758157200,1.22,1.24,1.2,1.2,3327900,NaN,NaN,NaN,NaN,NaN,NaN,NaN
1758243600,1.21,1.21,1.18,1.18,6737500,NaN,NaN,NaN,NaN,NaN,NaN,NaN
1758502800,1.19,1.2,1.18,1.19,3309600,NaN,NaN,NaN,NaN,NaN,NaN,NaN
1758589200,1.19,1.23,1.18,1.22,4902400,NaN,NaN,NaN,NaN,NaN,NaN,NaN
1758675600,1.22,1.23,1.2,1.21,2469700,NaN,NaN,NaN,NaN,NaN,NaN,NaN
1758762000,1.21,1.25,1.21,1.22,4069600,NaN,NaN,NaN,NaN,NaN,NaN,NaN
1758848400,1.22,1.22,1.2,1.22,2220800,NaN,NaN,NaN,NaN,NaN,NaN,NaN