time,open,high,low,close,Volume,Total common shares outstanding,Total assets,Total liabilities,Operating income,Total revenue,Shareholders&#039; equity,Dividend yield %
1478653200,0.066667,0.066667,0.061458,0.0625,2150402,NaN,NaN,NaN,NaN,NaN,NaN,NaN
1478739600,0.0625,0.069792,0.0625,0.065625,3327843,NaN,NaN,NaN,NaN,NaN,NaN,NaN
1478826000,0.064583,0.065625,0.063542,0.065625,663360,NaN,NaN,NaN,NaN,NaN,NaN,NaN
1479085200,0.0625,0.063542,0.0625,0.0625,881760,NaN,NaN,NaN,NaN,NaN,NaN,NaN
1479171600,0.063542,0.064583,0.059375,0.061458,1286881,NaN,NaN,NaN,NaN,NaN,NaN,NaN
1479258000,0.060417,0.060417,0.060417,0.060417,514560,NaN,NaN,NaN,NaN,NaN,NaN,NaN
1479344400,0.060417,0.061458,0.058333,0.060417,418080,NaN,NaN,NaN,NaN,NaN,NaN,NaN
1479430800,0.059375,0.060417,0.059375,0.060417,62400,NaN,NaN,NaN,NaN,NaN,NaN,NaN
1479690000,0.058333,0.060417,0.058333,0.060417,574560,NaN,NaN,NaN,NaN,NaN,NaN,NaN
1479776400,0.059375,0.060417,0.059375,0.060417,144960,NaN,NaN,NaN,NaN,NaN,NaN,NaN
1479862800,0.063542,0.063542,0.063542,0.063542,480,NaN,NaN,NaN,NaN,NaN,NaN,NaN
1479949200,0.060417,0.060417,0.059375,0.060417,435360,NaN,NaN,NaN,NaN,NaN,NaN,NaN
1480035600,0.059375,0.060417,0.059375,0.060417,575040,NaN,NaN,NaN,NaN,NaN,NaN,NaN
1480294800,0.060417,0.064583,0.059375,0.064583,696960,NaN,NaN,NaN,NaN,NaN,NaN,NaN
1480381200,0.0625,0.063542,0.060417,0.063542,480000,NaN,NaN,NaN,NaN,NaN,NaN,NaN
1480467600,0.0625,0.0625,0.058333,0.060417,1741921,NaN,NaN,NaN,NaN,NaN,NaN,NaN
1480554000,0.060417,0.060417,0.060417,0.060417,0,NaN,NaN,NaN,NaN,NaN,NaN,NaN
1480640400,0.060417,0.060417,0.054167,0.05625,1779361,NaN,NaN,NaN,NaN,NaN,NaN,NaN
1480899600,0.055208,0.05625,0.053125,0.055208,2986562,NaN,NaN,NaN,NaN,NaN,NaN,NaN
1480986000,0.054167,0.055208,0.054167,0.054167,1464001,NaN,NaN,NaN,NaN,NaN,NaN,NaN
1481072400,0.053125,0.053125,0.052083,0.053125,1718401,NaN,NaN,NaN,NaN,NaN,NaN,NaN
1481158800,0.052083,0.053125,0.052083,0.053125,1062721,NaN,NaN,NaN,NaN,NaN,NaN,NaN
1481245200,0.052083,0.053125,0.05,0.053125,1711201,NaN,NaN,NaN,NaN,NaN,NaN,NaN
1481590800,0.053125,0.053125,0.052083,0.053125,701280,NaN,NaN,NaN,NaN,NaN,NaN,NaN
1481677200,0.051042,0.051042,0.05,0.051042,2232482,NaN,NaN,NaN,NaN,NaN,NaN,NaN
1481763600,0.051042,0.052083,0.05,0.052083,1348801,NaN,NaN,NaN,NaN,NaN,NaN,NaN
1481850000,0.05,0.05,0.048958,0.05,2161442,NaN,NaN,NaN,NaN,NaN,NaN,NaN
1482109200,0.05,0.051042,0.05,0.05,899520,NaN,NaN,NaN,NaN,NaN,NaN,NaN
1482195600,0.05,0.05,0.05,0.05,617760,NaN,NaN,NaN,NaN,NaN,NaN,NaN
1482282000,0.051042,0.054167,0.051042,0.053125,3430083,NaN,NaN,NaN,NaN,NaN,NaN,NaN
1482368400,0.054167,0.054167,0.051042,0.051042,662400,NaN,NaN,NaN,NaN,NaN,NaN,NaN
1482454800,0.05,0.052083,0.05,0.052083,533280,NaN,NaN,NaN,NaN,NaN,NaN,NaN
1482800400,0.051042,0.051042,0.051042,0.051042,214560,NaN,NaN,NaN,NaN,NaN,NaN,NaN
1482886800,0.051042,0.057292,0.051042,0.055208,3935523,NaN,NaN,NaN,NaN,NaN,NaN,NaN
1482973200,0.05625,0.05625,0.052083,0.054167,321120,NaN,NaN,NaN,NaN,NaN,NaN,NaN
1483059600,0.052083,0.053125,0.052083,0.053125,492960,NaN,NaN,NaN,NaN,NaN,NaN,NaN
1483405200,0.053125,0.055208,0.052083,0.055208,1101601,NaN,NaN,NaN,NaN,NaN,NaN,NaN
1483491600,0.055208,0.064583,0.054167,0.063542,6751206,NaN,NaN,NaN,NaN,NaN,NaN,NaN
1483578000,0.0625,0.06875,0.0625,0.067708,4496644,NaN,NaN,NaN,NaN,NaN,NaN,NaN
1483664400,0.06875,0.072917,0.06875,0.070833,3618243,NaN,NaN,NaN,NaN,NaN,NaN,NaN
1483923600,0.071875,0.075,0.070833,0.072917,3722403,NaN,NaN,NaN,NaN,NaN,NaN,NaN
1484010000,0.075,0.08125,0.072917,0.080208,9446409,NaN,NaN,NaN,NaN,NaN,NaN,NaN
1484096400,0.08125,0.092708,0.08125,0.089583,24479064,NaN,NaN,NaN,NaN,NaN,NaN,NaN
1484182800,0.091667,0.092708,0.0875,0.090625,6727686,NaN,NaN,NaN,NaN,NaN,NaN,NaN
1484269200,0.091667,0.091667,0.086458,0.088542,1685281,NaN,NaN,NaN,NaN,NaN,NaN,NaN
1484528400,0.089583,0.089583,0.086458,0.0875,5510405,NaN,NaN,NaN,NaN,NaN,NaN,NaN
1484614800,0.088542,0.105208,0.0875,0.1,23756183,NaN,NaN,NaN,NaN,NaN,NaN,NaN
1484701200,0.102083,0.1125,0.101042,0.111458,31396831.00000001,NaN,NaN,NaN,NaN,NaN,NaN,NaN
1484787600,0.111458,0.114583,0.103125,0.105208,13762093,NaN,NaN,NaN,NaN,NaN,NaN,NaN
1484874000,0.10625,0.109375,0.101042,0.102083,2500802,NaN,NaN,NaN,NaN,NaN,NaN,NaN
1485133200,0.102083,0.115625,0.102083,0.115625,18462738,NaN,NaN,NaN,NaN,NaN,NaN,NaN
1485219600,0.11875,0.119792,0.1125,0.113542,11625611,NaN,NaN,NaN,NaN,NaN,NaN,NaN
1485306000,0.115625,0.116667,0.111458,0.113542,5580005,NaN,NaN,NaN,NaN,NaN,NaN,NaN
1485392400,0.115625,0.11875,0.114583,0.117708,7435687,NaN,NaN,NaN,NaN,NaN,NaN,NaN
1485478800,0.11875,0.120833,0.116667,0.117708,4682404,NaN,NaN,NaN,NaN,NaN,NaN,NaN
1485824400,0.116667,0.116667,0.114583,0.116667,2799842,NaN,NaN,NaN,NaN,NaN,NaN,NaN
1485997200,0.115625,0.120833,0.114583,0.120833,7249447,NaN,NaN,NaN,NaN,NaN,NaN,NaN
1486083600,0.121875,0.122917,0.119792,0.122917,7596007,NaN,NaN,NaN,NaN,NaN,NaN,NaN
1486342800,0.122917,0.128125,0.122917,0.128125,7076647,NaN,NaN,NaN,NaN,NaN,NaN,NaN
1486429200,0.127083,0.127083,0.122917,0.123958,1084321,NaN,NaN,NaN,NaN,NaN,NaN,NaN
1486515600,0.123958,0.123958,0.1125,0.1125,4496644,NaN,NaN,NaN,NaN,NaN,NaN,NaN
1486688400,0.1125,0.11875,0.1125,0.117708,5430245,NaN,NaN,NaN,NaN,NaN,NaN,NaN
1486947600,0.11875,0.11875,0.115625,0.117708,3346083,NaN,NaN,NaN,NaN,NaN,NaN,NaN
1487034000,0.11875,0.120833,0.116667,0.120833,5488325,NaN,NaN,NaN,NaN,NaN,NaN,NaN
1487120400,0.121875,0.121875,0.117708,0.117708,2688962,NaN,NaN,NaN,NaN,NaN,NaN,NaN
1487206800,0.115625,0.116667,0.114583,0.115625,1568161,NaN,NaN,NaN,NaN,NaN,NaN,NaN
1487293200,0.114583,0.120833,0.114583,0.119792,3008163,NaN,NaN,NaN,NaN,NaN,NaN,NaN
1487552400,0.120833,0.125,0.120833,0.121875,13444813,NaN,NaN,NaN,NaN,NaN,NaN,NaN
1487638800,0.122917,0.123958,0.120833,0.120833,2683202,NaN,NaN,NaN,NaN,NaN,NaN,NaN
1487725200,0.120833,0.120833,0.11875,0.11875,1082401,NaN,NaN,NaN,NaN,NaN,NaN,NaN
1487811600,0.11875,0.123958,0.11875,0.121875,9293769,NaN,NaN,NaN,NaN,NaN,NaN,NaN
1487898000,0.122917,0.122917,0.11875,0.120833,12113772,NaN,NaN,NaN,NaN,NaN,NaN,NaN
1488157200,0.120833,0.122917,0.119792,0.122917,29244989,NaN,NaN,NaN,NaN,NaN,NaN,NaN
1488243600,0.120833,0.120833,0.114583,0.114583,3086403,NaN,NaN,NaN,NaN,NaN,NaN,NaN
1488330000,0.103125,0.115625,0.098958,0.113542,11941931,NaN,NaN,NaN,NaN,NaN,NaN,NaN
1488416400,0.113542,0.120833,0.113542,0.119792,2110082,NaN,NaN,NaN,NaN,NaN,NaN,NaN
1488502800,0.120833,0.120833,0.11875,0.119792,2530562,NaN,NaN,NaN,NaN,NaN,NaN,NaN
1488762000,0.119792,0.120833,0.111458,0.119792,7713127,NaN,NaN,NaN,NaN,NaN,NaN,NaN
1488848400,0.120833,0.121875,0.119792,0.120833,1916161,NaN,NaN,NaN,NaN,NaN,NaN,NaN
1488934800,0.119792,0.119792,0.11875,0.11875,1021921,NaN,NaN,NaN,NaN,NaN,NaN,NaN
1489021200,0.117708,0.11875,0.116667,0.116667,760800,NaN,NaN,NaN,NaN,NaN,NaN,NaN
1489107600,0.116667,0.117708,0.113542,0.113542,5388005,NaN,NaN,NaN,NaN,NaN,NaN,NaN
1489366800,0.113542,0.113542,0.111458,0.1125,3272163,NaN,NaN,NaN,NaN,NaN,NaN,NaN
1489453200,0.114583,0.114583,0.113542,0.114583,4266244,NaN,NaN,NaN,NaN,NaN,NaN,NaN
1489539600,0.114583,0.120833,0.114583,0.120833,1676161,NaN,NaN,NaN,NaN,NaN,NaN,NaN
1489626000,0.120833,0.121875,0.115625,0.11875,7895047,NaN,NaN,NaN,NaN,NaN,NaN,NaN
1489712400,0.11875,0.122917,0.11875,0.120833,17830097,NaN,NaN,NaN,NaN,NaN,NaN,NaN
1489971600,0.119792,0.129167,0.119792,0.128125,18932658,NaN,NaN,NaN,NaN,NaN,NaN,NaN
1490058000,0.129167,0.141667,0.129167,0.138542,49418449,NaN,NaN,NaN,NaN,NaN,NaN,NaN
1490144400,0.135417,0.141667,0.135417,0.139583,10938250,NaN,NaN,NaN,NaN,NaN,NaN,NaN
1490230800,0.145833,0.160417,0.145833,0.157292,51898611,NaN,NaN,NaN,NaN,NaN,NaN,NaN
1490317200,0.158333,0.160417,0.153125,0.155208,15742095,NaN,NaN,NaN,NaN,NaN,NaN,NaN
1490576400,0.15625,0.158333,0.153125,0.15625,10818250,NaN,NaN,NaN,NaN,NaN,NaN,NaN
1490662800,0.157292,0.158333,0.155208,0.155208,6035046,NaN,NaN,NaN,NaN,NaN,NaN,NaN
1490749200,0.15625,0.176041,0.15625,0.175,31744831,NaN,NaN,NaN,NaN,NaN,NaN,NaN
1490835600,0.179166,0.190625,0.179166,0.183333,31306110.99999999,NaN,NaN,NaN,NaN,NaN,NaN,NaN
1490922000,0.183333,0.185416,0.178125,0.178125,10895050,NaN,NaN,NaN,NaN,NaN,NaN,NaN
1491181200,0.178125,0.178125,0.1625,0.173958,12077292,NaN,NaN,NaN,NaN,NaN,NaN,NaN
1491267600,0.173958,0.176041,0.171875,0.175,4944484,NaN,NaN,NaN,NaN,NaN,NaN,NaN
1491354000,0.176041,0.1875,0.175,0.18125,12486732,NaN,NaN,NaN,NaN,NaN,NaN,NaN
1491440400,0.18125,0.189583,0.18125,0.186458,14880494,NaN,NaN,NaN,NaN,NaN,NaN,NaN
1491526800,0.183333,0.185416,0.18125,0.184375,3370083,NaN,NaN,NaN,NaN,NaN,NaN,NaN
1491786000,0.18125,0.183333,0.180208,0.183333,3707043,NaN,NaN,NaN,NaN,NaN,NaN,NaN
1491872400,0.18125,0.204166,0.18125,0.203125,17602097,NaN,NaN,NaN,NaN,NaN,NaN,NaN
1491958800,0.202083,0.202083,0.196875,0.2,4099684,NaN,NaN,NaN,NaN,NaN,NaN,NaN
1492045200,0.197916,0.197916,0.184375,0.188541,5266085,NaN,NaN,NaN,NaN,NaN,NaN,NaN
1492131600,0.184375,0.190625,0.183333,0.183333,3239043,NaN,NaN,NaN,NaN,NaN,NaN,NaN
1492390800,0.183333,0.191666,0.183333,0.189583,2062562,NaN,NaN,NaN,NaN,NaN,NaN,NaN
1492477200,0.186458,0.189583,0.186458,0.189583,1319041,NaN,NaN,NaN,NaN,NaN,NaN,NaN
1492563600,0.1875,0.188541,0.186458,0.188541,1818241,NaN,NaN,NaN,NaN,NaN,NaN,NaN
1492650000,0.188541,0.191666,0.1875,0.191666,2031842,NaN,NaN,NaN,NaN,NaN,NaN,NaN
1492736400,0.191666,0.197916,0.191666,0.19375,3337443,NaN,NaN,NaN,NaN,NaN,NaN,NaN
1493082000,0.192708,0.201041,0.192708,0.198958,5553605,NaN,NaN,NaN,NaN,NaN,NaN,NaN
1493168400,0.2,0.202083,0.198958,0.201041,3993123,NaN,NaN,NaN,NaN,NaN,NaN,NaN
1493254800,0.202083,0.216666,0.198958,0.216666,11708651,NaN,NaN,NaN,NaN,NaN,NaN,NaN
1493341200,0.216666,0.235416,0.210416,0.229166,14153294,NaN,NaN,NaN,NaN,NaN,NaN,NaN
1493686800,0.229166,0.239583,0.229166,0.2375,2887682,NaN,NaN,NaN,NaN,NaN,NaN,NaN
1493773200,0.2375,0.2375,0.23125,0.233333,2597282,NaN,NaN,NaN,NaN,NaN,NaN,NaN
1493859600,0.23125,0.235416,0.227083,0.233333,3766083,NaN,NaN,NaN,NaN,NaN,NaN,NaN
1493946000,0.233333,0.235416,0.227083,0.233333,2620322,NaN,NaN,NaN,NaN,NaN,NaN,NaN
1494205200,0.235416,0.2375,0.229166,0.235416,4781284,NaN,NaN,NaN,NaN,NaN,NaN,NaN
1494291600,0.235416,0.2375,0.23125,0.2375,2424482,NaN,NaN,NaN,NaN,NaN,NaN,NaN
1494464400,0.235416,0.245833,0.235416,0.241666,3939363,NaN,NaN,NaN,NaN,NaN,NaN,NaN
1494550800,0.24375,0.24375,0.239583,0.241666,2761442,NaN,NaN,NaN,NaN,NaN,NaN,NaN
1494810000,0.239583,0.239583,0.233333,0.233333,4662244,NaN,NaN,NaN,NaN,NaN,NaN,NaN
1494896400,0.235416,0.235416,0.233333,0.233333,614400,NaN,NaN,NaN,NaN,NaN,NaN,NaN
1494982800,0.235416,0.235416,0.23125,0.23125,2190242,NaN,NaN,NaN,NaN,NaN,NaN,NaN
1495069200,0.23125,0.23125,0.225,0.227083,1555201,NaN,NaN,NaN,NaN,NaN,NaN,NaN
1495155600,0.227083,0.233333,0.225,0.233333,991680,NaN,NaN,NaN,NaN,NaN,NaN,NaN
1495414800,0.245833,0.245833,0.233333,0.233333,975840,NaN,NaN,NaN,NaN,NaN,NaN,NaN
1495501200,0.239583,0.239583,0.233333,0.239583,991200,NaN,NaN,NaN,NaN,NaN,NaN,NaN
1495587600,0.235416,0.239583,0.235416,0.2375,344640,NaN,NaN,NaN,NaN,NaN,NaN,NaN
1495674000,0.235416,0.235416,0.233333,0.235416,408000,NaN,NaN,NaN,NaN,NaN,NaN,NaN
1495760400,0.23125,0.23125,0.229166,0.229166,264000,NaN,NaN,NaN,NaN,NaN,NaN,NaN
1496019600,0.229166,0.229166,0.216666,0.222916,868320,NaN,NaN,NaN,NaN,NaN,NaN,NaN
1496106000,0.21875,0.21875,0.197916,0.2,1758721,NaN,NaN,NaN,NaN,NaN,NaN,NaN
1496192400,0.197916,0.197916,0.191666,0.191666,2227202,NaN,NaN,NaN,NaN,NaN,NaN,NaN
1496278800,0.191666,0.191666,0.173958,0.179166,1887361,NaN,NaN,NaN,NaN,NaN,NaN,NaN
1496365200,0.177083,0.197916,0.172916,0.196875,958560,NaN,NaN,NaN,NaN,NaN,NaN,NaN
1496624400,0.196875,0.204166,0.195833,0.204166,1198561,NaN,NaN,NaN,NaN,NaN,NaN,NaN
1496710800,0.20625,0.208333,0.197916,0.197916,930240,NaN,NaN,NaN,NaN,NaN,NaN,NaN
1496797200,0.197916,0.197916,0.196875,0.196875,285600,NaN,NaN,NaN,NaN,NaN,NaN,NaN
1496883600,0.19375,0.197916,0.19375,0.19375,339840,NaN,NaN,NaN,NaN,NaN,NaN,NaN
1496970000,0.19375,0.19375,0.191666,0.192708,242400,NaN,NaN,NaN,NaN,NaN,NaN,NaN
1497315600,0.19375,0.19375,0.191666,0.19375,984000,NaN,NaN,NaN,NaN,NaN,NaN,NaN
1497402000,0.191666,0.191666,0.186458,0.1875,876000,NaN,NaN,NaN,NaN,NaN,NaN,NaN
1497488400,0.1875,0.1875,0.1875,0.1875,142560,NaN,NaN,NaN,NaN,NaN,NaN,NaN
1497574800,0.1875,0.1875,0.1875,0.1875,0,NaN,NaN,NaN,NaN,NaN,NaN,NaN
1497834000,0.1875,0.1875,0.183333,0.183333,295200,NaN,NaN,NaN,NaN,NaN,NaN,NaN
1497920400,0.18125,0.185416,0.18125,0.182291,160800,NaN,NaN,NaN,NaN,NaN,NaN,NaN
1498006800,0.183333,0.183333,0.183333,0.183333,117600,NaN,NaN,NaN,NaN,NaN,NaN,NaN
1498093200,0.183333,0.190625,0.183333,0.1875,76800,NaN,NaN,NaN,NaN,NaN,NaN,NaN
1498179600,0.1875,0.1875,0.185416,0.185416,204960,NaN,NaN,NaN,NaN,NaN,NaN,NaN
1498611600,0.186458,0.189583,0.185416,0.189583,214080,NaN,NaN,NaN,NaN,NaN,NaN,NaN
1498698000,0.189583,0.189583,0.189583,0.189583,0,NaN,NaN,NaN,NaN,NaN,NaN,NaN
1498784400,0.189583,0.19375,0.1875,0.192708,1973281,NaN,NaN,NaN,NaN,NaN,NaN,NaN
1499043600,0.191666,0.195833,0.191666,0.195833,1103521,NaN,NaN,NaN,NaN,NaN,NaN,NaN
1499130000,0.194791,0.196875,0.19375,0.194791,184320,NaN,NaN,NaN,NaN,NaN,NaN,NaN
1499216400,0.194791,0.194791,0.190625,0.191666,209760,NaN,NaN,NaN,NaN,NaN,NaN,NaN
1499302800,0.190625,0.19375,0.190625,0.192708,492960,NaN,NaN,NaN,NaN,NaN,NaN,NaN
1499389200,0.188541,0.188541,0.1875,0.1875,230880,NaN,NaN,NaN,NaN,NaN,NaN,NaN
1499648400,0.1875,0.19375,0.185416,0.1875,639360,NaN,NaN,NaN,NaN,NaN,NaN,NaN
1499734800,0.188541,0.188541,0.186458,0.1875,480000,NaN,NaN,NaN,NaN,NaN,NaN,NaN
1499821200,0.186458,0.186458,0.183333,0.183333,91200,NaN,NaN,NaN,NaN,NaN,NaN,NaN
1499907600,0.186458,0.1875,0.183333,0.184375,360000,NaN,NaN,NaN,NaN,NaN,NaN,NaN
1499994000,0.185416,0.1875,0.183333,0.186458,360480,NaN,NaN,NaN,NaN,NaN,NaN,NaN
1500253200,0.186458,0.186458,0.186458,0.186458,0,NaN,NaN,NaN,NaN,NaN,NaN,NaN
1500339600,0.1875,0.1875,0.1875,0.1875,86400,NaN,NaN,NaN,NaN,NaN,NaN,NaN
1500426000,0.1875,0.1875,0.172916,0.185416,323520,NaN,NaN,NaN,NaN,NaN,NaN,NaN
1500512400,0.183333,0.183333,0.182291,0.183333,383040,NaN,NaN,NaN,NaN,NaN,NaN,NaN
1500598800,0.186458,0.186458,0.18125,0.183333,257280,NaN,NaN,NaN,NaN,NaN,NaN,NaN
1500858000,0.183333,0.184375,0.182291,0.183333,400320,NaN,NaN,NaN,NaN,NaN,NaN,NaN
1500944400,0.184375,0.184375,0.182291,0.182291,207360,NaN,NaN,NaN,NaN,NaN,NaN,NaN
1501030800,0.18125,0.184375,0.18125,0.183333,204480,NaN,NaN,NaN,NaN,NaN,NaN,NaN
1501117200,0.184375,0.184375,0.184375,0.184375,89280,NaN,NaN,NaN,NaN,NaN,NaN,NaN
1501203600,0.182291,0.183333,0.182291,0.182291,253440,NaN,NaN,NaN,NaN,NaN,NaN,NaN
1501462800,0.183333,0.183333,0.182291,0.182291,335520,NaN,NaN,NaN,NaN,NaN,NaN,NaN
1501549200,0.183333,0.183333,0.177083,0.180208,1654081,NaN,NaN,NaN,NaN,NaN,NaN,NaN
1501635600,0.179166,0.180208,0.177083,0.179166,1740481,NaN,NaN,NaN,NaN,NaN,NaN,NaN
1501722000,0.179166,0.179166,0.178125,0.178125,1618561,NaN,NaN,NaN,NaN,NaN,NaN,NaN
1501808400,0.178125,0.178125,0.175,0.177083,1715041,NaN,NaN,NaN,NaN,NaN,NaN,NaN
1502067600,0.175,0.177083,0.16875,0.171875,1673761,NaN,NaN,NaN,NaN,NaN,NaN,NaN
1502154000,0.172916,0.173958,0.16875,0.170833,1871041,NaN,NaN,NaN,NaN,NaN,NaN,NaN
1502240400,0.171875,0.172916,0.170833,0.171875,1536001,NaN,NaN,NaN,NaN,NaN,NaN,NaN
1502326800,0.170833,0.170833,0.165625,0.167708,2097122,NaN,NaN,NaN,NaN,NaN,NaN,NaN
1502413200,0.166667,0.166667,0.165625,0.165625,345600,NaN,NaN,NaN,NaN,NaN,NaN,NaN
1502672400,0.165625,0.165625,0.161458,0.161458,2240162,NaN,NaN,NaN,NaN,NaN,NaN,NaN
1502758800,0.166667,0.166667,0.1625,0.166667,579360,NaN,NaN,NaN,NaN,NaN,NaN,NaN
1502845200,0.163542,0.163542,0.1625,0.163542,2112002,NaN,NaN,NaN,NaN,NaN,NaN,NaN
1502931600,0.163542,0.165625,0.1625,0.165625,1761121,NaN,NaN,NaN,NaN,NaN,NaN,NaN
1503018000,0.1625,0.1625,0.161458,0.161458,1459201,NaN,NaN,NaN,NaN,NaN,NaN,NaN
1503277200,0.1625,0.1625,0.154167,0.154167,4094404,NaN,NaN,NaN,NaN,NaN,NaN,NaN
1503363600,0.153125,0.15625,0.153125,0.153125,1344001,NaN,NaN,NaN,NaN,NaN,NaN,NaN
1503450000,0.153125,0.154167,0.153125,0.153125,2126402,NaN,NaN,NaN,NaN,NaN,NaN,NaN
1503536400,0.153125,0.154167,0.153125,0.153125,3074403,NaN,NaN,NaN,NaN,NaN,NaN,NaN
1503622800,0.153125,0.153125,0.148958,0.148958,3916803,NaN,NaN,NaN,NaN,NaN,NaN,NaN
1503882000,0.148958,0.148958,0.147917,0.147917,1128001,NaN,NaN,NaN,NaN,NaN,NaN,NaN
1503968400,0.147917,0.152083,0.147917,0.151042,1604641,NaN,NaN,NaN,NaN,NaN,NaN,NaN
1504054800,0.15,0.153125,0.15,0.152083,446400,NaN,NaN,NaN,NaN,NaN,NaN,NaN
1504573200,0.152083,0.154167,0.152083,0.154167,1142401,NaN,NaN,NaN,NaN,NaN,NaN,NaN
1504659600,0.155208,0.155208,0.155208,0.155208,1008001,NaN,NaN,NaN,NaN,NaN,NaN,NaN
1504746000,0.158333,0.158333,0.158333,0.158333,57600,NaN,NaN,NaN,NaN,NaN,NaN,NaN
1504832400,0.158333,0.158333,0.158333,0.158333,340320,NaN,NaN,NaN,NaN,NaN,NaN,NaN
1505091600,0.1625,0.164583,0.1625,0.164583,264000,NaN,NaN,NaN,NaN,NaN,NaN,NaN
1505178000,0.166667,0.170833,0.165625,0.170833,120000,NaN,NaN,NaN,NaN,NaN,NaN,NaN
1505264400,0.170833,0.170833,0.167708,0.16875,2625602,NaN,NaN,NaN,NaN,NaN,NaN,NaN
1505350800,0.16875,0.185416,0.167708,0.185416,921600,NaN,NaN,NaN,NaN,NaN,NaN,NaN
1505437200,0.176041,0.188541,0.176041,0.183333,1677601,NaN,NaN,NaN,NaN,NaN,NaN,NaN
1505696400,0.1875,0.1875,0.183333,0.184375,177600,NaN,NaN,NaN,NaN,NaN,NaN,NaN
1505782800,0.184375,0.188541,0.184375,0.1875,1221601,NaN,NaN,NaN,NaN,NaN,NaN,NaN
1505869200,0.1875,0.1875,0.1875,0.1875,57600,NaN,NaN,NaN,NaN,NaN,NaN,NaN
1505955600,0.183333,0.186458,0.183333,0.186458,1610881,NaN,NaN,NaN,NaN,NaN,NaN,NaN
1506301200,0.183333,0.186458,0.183333,0.186458,1610881,NaN,NaN,NaN,NaN,NaN,NaN,NaN
1506387600,0.171875,0.1875,0.170833,0.178125,1440961,NaN,NaN,NaN,NaN,NaN,NaN,NaN
1506474000,0.1875,0.1875,0.183333,0.184375,198240,NaN,NaN,NaN,NaN,NaN,NaN,NaN
1506560400,0.173958,0.183333,0.173958,0.178125,3950403,NaN,NaN,NaN,NaN,NaN,NaN,NaN
1506646800,0.175,0.177083,0.175,0.176041,2246402,508670908.6704,127769000,50170000,-616000,18552000,77599000,0
1506906000,0.182291,0.183333,0.173958,0.179166,1514401,NaN,NaN,NaN,NaN,NaN,NaN,NaN
1506992400,0.176041,0.176041,0.176041,0.176041,732000,NaN,NaN,NaN,NaN,NaN,NaN,NaN
1507078800,0.173958,0.18125,0.173958,0.18125,849600,NaN,NaN,NaN,NaN,NaN,NaN,NaN
1507165200,0.176041,0.18125,0.176041,0.18125,1330561,NaN,NaN,NaN,NaN,NaN,NaN,NaN
1507251600,0.177083,0.180208,0.176041,0.180208,1608001,NaN,NaN,NaN,NaN,NaN,NaN,NaN
1507510800,0.178125,0.185416,0.177083,0.18125,600000,NaN,NaN,NaN,NaN,NaN,NaN,NaN
1507597200,0.185416,0.185416,0.179166,0.179166,780000,NaN,NaN,NaN,NaN,NaN,NaN,NaN
1507683600,0.179166,0.179166,0.179166,0.179166,19200,NaN,NaN,NaN,NaN,NaN,NaN,NaN
1507770000,0.178125,0.179166,0.178125,0.179166,722880,NaN,NaN,NaN,NaN,NaN,NaN,NaN
1507856400,0.179166,0.179166,0.179166,0.179166,1478401,NaN,NaN,NaN,NaN,NaN,NaN,NaN
1508115600,0.178125,0.178125,0.178125,0.178125,48000,NaN,NaN,NaN,NaN,NaN,NaN,NaN
1508202000,0.178125,0.178125,0.178125,0.178125,720000,NaN,NaN,NaN,NaN,NaN,NaN,NaN
1508374800,0.177083,0.177083,0.177083,0.177083,348000,NaN,NaN,NaN,NaN,NaN,NaN,NaN
1508461200,0.177083,0.177083,0.177083,0.177083,1488001,NaN,NaN,NaN,NaN,NaN,NaN,NaN
1508720400,0.177083,0.177083,0.175,0.175,1560001,NaN,NaN,NaN,NaN,NaN,NaN,NaN
1508806800,0.176041,0.177083,0.176041,0.177083,1243201,NaN,NaN,NaN,NaN,NaN,NaN,NaN
1508893200,0.179166,0.179166,0.179166,0.179166,317280,NaN,NaN,NaN,NaN,NaN,NaN,NaN
1508979600,0.179166,0.179166,0.179166,0.179166,12000,NaN,NaN,NaN,NaN,NaN,NaN,NaN
1509066000,0.177083,0.179166,0.177083,0.177083,85920,NaN,NaN,NaN,NaN,NaN,NaN,NaN
1509325200,0.177083,0.180208,0.177083,0.180208,283200,NaN,NaN,NaN,NaN,NaN,NaN,NaN
1509411600,0.18125,0.182291,0.180208,0.18125,909600,NaN,NaN,NaN,NaN,NaN,NaN,NaN
1509498000,0.182291,0.183333,0.182291,0.182291,1502401,NaN,NaN,NaN,NaN,NaN,NaN,NaN
1509584400,0.180208,0.183333,0.180208,0.182291,1655041,NaN,NaN,NaN,NaN,NaN,NaN,NaN
1509670800,0.182291,0.183333,0.18125,0.183333,1727521,NaN,NaN,NaN,NaN,NaN,NaN,NaN
1509930000,0.179166,0.179166,0.179166,0.179166,1440001,NaN,NaN,NaN,NaN,NaN,NaN,NaN
1510016400,0.179166,0.179166,0.179166,0.179166,1056001,NaN,NaN,NaN,NaN,NaN,NaN,NaN
1510102800,0.179166,0.179166,0.179166,0.179166,0,NaN,NaN,NaN,NaN,NaN,NaN,NaN
1510189200,0.179166,0.179166,0.179166,0.179166,0,NaN,NaN,NaN,NaN,NaN,NaN,NaN
1510275600,0.180208,0.18125,0.180208,0.180208,1824001,NaN,NaN,NaN,NaN,NaN,NaN,NaN
1510534800,0.182291,0.191666,0.182291,0.190625,104640,NaN,NaN,NaN,NaN,NaN,NaN,NaN
1510621200,0.189583,0.189583,0.1875,0.1875,64800,NaN,NaN,NaN,NaN,NaN,NaN,NaN
1510707600,0.1875,0.1875,0.1875,0.1875,0,NaN,NaN,NaN,NaN,NaN,NaN,NaN
1510794000,0.183333,0.183333,0.18125,0.18125,324000,NaN,NaN,NaN,NaN,NaN,NaN,NaN
1510880400,0.1875,0.1875,0.178125,0.178125,48000,NaN,NaN,NaN,NaN,NaN,NaN,NaN
1511139600,0.179166,0.179166,0.178125,0.178125,57600,NaN,NaN,NaN,NaN,NaN,NaN,NaN
1511226000,0.178125,0.178125,0.178125,0.178125,24000,NaN,NaN,NaN,NaN,NaN,NaN,NaN
1511312400,0.177083,0.1875,0.177083,0.178125,115200,NaN,NaN,NaN,NaN,NaN,NaN,NaN
1511398800,0.178125,0.178125,0.178125,0.178125,0,NaN,NaN,NaN,NaN,NaN,NaN,NaN
1511485200,0.178125,0.178125,0.178125,0.178125,9600,NaN,NaN,NaN,NaN,NaN,NaN,NaN
1511744400,0.179166,0.179166,0.179166,0.179166,2400,NaN,NaN,NaN,NaN,NaN,NaN,NaN
1511830800,0.179166,0.19375,0.179166,0.189583,821280,NaN,NaN,NaN,NaN,NaN,NaN,NaN
1511917200,0.1875,0.1875,0.18125,0.18125,240000,NaN,NaN,NaN,NaN,NaN,NaN,NaN
1512003600,0.182291,0.182291,0.182291,0.182291,19200,NaN,NaN,NaN,NaN,NaN,NaN,NaN
1512349200,0.189583,0.189583,0.177083,0.177083,1984801,NaN,NaN,NaN,NaN,NaN,NaN,NaN
1512435600,0.179166,0.189583,0.178125,0.184375,2745122,NaN,NaN,NaN,NaN,NaN,NaN,NaN
1512522000,0.184375,0.207291,0.184375,0.207291,4636804,NaN,NaN,NaN,NaN,NaN,NaN,NaN
1512608400,0.216666,0.227083,0.214583,0.21875,7141447,NaN,NaN,NaN,NaN,NaN,NaN,NaN
1512694800,0.220833,0.220833,0.192708,0.210416,3008163,NaN,NaN,NaN,NaN,NaN,NaN,NaN
1512954000,0.210416,0.21875,0.208333,0.208333,619200,NaN,NaN,NaN,NaN,NaN,NaN,NaN
1513040400,0.208333,0.2125,0.208333,0.208333,632160,NaN,NaN,NaN,NaN,NaN,NaN,NaN
1513126800,0.210416,0.210416,0.205208,0.208333,944640,NaN,NaN,NaN,NaN,NaN,NaN,NaN
1513213200,0.207291,0.207291,0.207291,0.207291,72000,NaN,NaN,NaN,NaN,NaN,NaN,NaN
1513299600,0.20625,0.207291,0.20625,0.207291,91200,NaN,NaN,NaN,NaN,NaN,NaN,NaN
1513558800,0.208333,0.208333,0.207291,0.207291,331200,NaN,NaN,NaN,NaN,NaN,NaN,NaN
1513645200,0.20625,0.20625,0.205208,0.205208,458880,NaN,NaN,NaN,NaN,NaN,NaN,NaN
1513731600,0.205208,0.20625,0.205208,0.20625,61920,NaN,NaN,NaN,NaN,NaN,NaN,NaN
1513818000,0.20625,0.20625,0.204166,0.204166,81600,NaN,NaN,NaN,NaN,NaN,NaN,NaN
1513904400,0.204166,0.204166,0.204166,0.204166,0,NaN,NaN,NaN,NaN,NaN,NaN,NaN
1514250000,0.19375,0.19375,0.19375,0.19375,24480,NaN,NaN,NaN,NaN,NaN,NaN,NaN
1514336400,0.196875,0.2,0.192708,0.2,787200,NaN,NaN,NaN,NaN,NaN,NaN,NaN
1514422800,0.2,0.2,0.2,0.2,12000,NaN,NaN,NaN,NaN,NaN,NaN,NaN
1514509200,0.191666,0.191666,0.191666,0.191666,24000,508668508.66800004,125446000,51974000,-8362000,18355000,73472000,0
1514854800,0.196875,0.196875,0.191666,0.191666,175200,NaN,NaN,NaN,NaN,NaN,NaN,NaN
1514941200,0.191666,0.196875,0.190625,0.196875,177120,NaN,NaN,NaN,NaN,NaN,NaN,NaN
1515027600,0.2,0.2,0.2,0.2,24000,NaN,NaN,NaN,NaN,NaN,NaN,NaN
1515114000,0.197916,0.197916,0.189583,0.196875,511680,NaN,NaN,NaN,NaN,NaN,NaN,NaN
1515373200,0.196875,0.197916,0.192708,0.192708,451680,NaN,NaN,NaN,NaN,NaN,NaN,NaN
1515459600,0.19375,0.19375,0.19375,0.19375,48960,NaN,NaN,NaN,NaN,NaN,NaN,NaN
1515546000,0.191666,0.191666,0.190625,0.191666,38400,NaN,NaN,NaN,NaN,NaN,NaN,NaN
1515632400,0.192708,0.195833,0.192708,0.19375,1301761,NaN,NaN,NaN,NaN,NaN,NaN,NaN
1515718800,0.195833,0.195833,0.192708,0.192708,43200,NaN,NaN,NaN,NaN,NaN,NaN,NaN
1515978000,0.191666,0.194791,0.191666,0.194791,26880,NaN,NaN,NaN,NaN,NaN,NaN,NaN
1516064400,0.195833,0.195833,0.1875,0.195833,624000,NaN,NaN,NaN,NaN,NaN,NaN,NaN
1516150800,0.191666,0.191666,0.191666,0.191666,60000,NaN,NaN,NaN,NaN,NaN,NaN,NaN
1516237200,0.192708,0.195833,0.191666,0.195833,1171201,NaN,NaN,NaN,NaN,NaN,NaN,NaN
1516323600,0.196875,0.201041,0.194791,0.194791,837600,NaN,NaN,NaN,NaN,NaN,NaN,NaN
1516582800,0.20625,0.245833,0.205208,0.235416,5951045,NaN,NaN,NaN,NaN,NaN,NaN,NaN
1516669200,0.2375,0.24375,0.23125,0.2375,2970242,NaN,NaN,NaN,NaN,NaN,NaN,NaN
1516755600,0.2375,0.239583,0.2375,0.2375,468480,NaN,NaN,NaN,NaN,NaN,NaN,NaN
1516842000,0.2375,0.2375,0.220833,0.220833,572160,NaN,NaN,NaN,NaN,NaN,NaN,NaN
1516928400,0.225,0.229166,0.220833,0.222916,835680,NaN,NaN,NaN,NaN,NaN,NaN,NaN
1517187600,0.229166,0.2375,0.229166,0.233333,1363201,NaN,NaN,NaN,NaN,NaN,NaN,NaN
1517274000,0.233333,0.235416,0.227083,0.233333,276000,NaN,NaN,NaN,NaN,NaN,NaN,NaN
1517533200,0.227083,0.23125,0.227083,0.23125,156480,NaN,NaN,NaN,NaN,NaN,NaN,NaN
1517792400,0.227083,0.227083,0.225,0.225,511200,NaN,NaN,NaN,NaN,NaN,NaN,NaN
1517878800,0.2125,0.222916,0.210416,0.220833,1176001,NaN,NaN,NaN,NaN,NaN,NaN,NaN
1517965200,0.227083,0.229166,0.225,0.225,1055041,NaN,NaN,NaN,NaN,NaN,NaN,NaN
1518051600,0.225,0.225,0.220833,0.220833,385920,NaN,NaN,NaN,NaN,NaN,NaN,NaN
1518138000,0.216666,0.21875,0.214583,0.21875,1209601,NaN,NaN,NaN,NaN,NaN,NaN,NaN
1518397200,0.222916,0.222916,0.216666,0.21875,365760,NaN,NaN,NaN,NaN,NaN,NaN,NaN
1518483600,0.21875,0.220833,0.21875,0.21875,768000,NaN,NaN,NaN,NaN,NaN,NaN,NaN
1518570000,0.216666,0.222916,0.216666,0.222916,372000,NaN,NaN,NaN,NaN,NaN,NaN,NaN
1518656400,0.222916,0.233333,0.222916,0.23125,862080,NaN,NaN,NaN,NaN,NaN,NaN,NaN
1519002000,0.233333,0.233333,0.23125,0.23125,761280,NaN,NaN,NaN,NaN,NaN,NaN,NaN
1519088400,0.233333,0.233333,0.23125,0.23125,288480,NaN,NaN,NaN,NaN,NaN,NaN,NaN
1519174800,0.21875,0.227083,0.21875,0.225,102720,NaN,NaN,NaN,NaN,NaN,NaN,NaN
1519261200,0.222916,0.222916,0.222916,0.222916,67200,NaN,NaN,NaN,NaN,NaN,NaN,NaN
1519347600,0.227083,0.227083,0.225,0.225,14400,NaN,NaN,NaN,NaN,NaN,NaN,NaN
1519606800,0.222916,0.227083,0.222916,0.227083,657120,NaN,NaN,NaN,NaN,NaN,NaN,NaN
1519693200,0.225,0.227083,0.220833,0.227083,57600,NaN,NaN,NaN,NaN,NaN,NaN,NaN
1519779600,0.227083,0.227083,0.222916,0.225,115200,NaN,NaN,NaN,NaN,NaN,NaN,NaN
1519866000,0.225,0.225,0.225,0.225,0,NaN,NaN,NaN,NaN,NaN,NaN,NaN
1519952400,0.21875,0.21875,0.214583,0.214583,57600,NaN,NaN,NaN,NaN,NaN,NaN,NaN
1520211600,0.214583,0.216666,0.214583,0.214583,573600,NaN,NaN,NaN,NaN,NaN,NaN,NaN
1520298000,0.2125,0.2125,0.2125,0.2125,120000,NaN,NaN,NaN,NaN,NaN,NaN,NaN
1520384400,0.210416,0.210416,0.20625,0.20625,821760,NaN,NaN,NaN,NaN,NaN,NaN,NaN
1520470800,0.20625,0.20625,0.20625,0.20625,4800,NaN,NaN,NaN,NaN,NaN,NaN,NaN
1520557200,0.208333,0.208333,0.208333,0.208333,56160,NaN,NaN,NaN,NaN,NaN,NaN,NaN
1520816400,0.208333,0.208333,0.208333,0.208333,0,NaN,NaN,NaN,NaN,NaN,NaN,NaN
1520902800,0.208333,0.208333,0.208333,0.208333,132000,NaN,NaN,NaN,NaN,NaN,NaN,NaN
1520989200,0.210416,0.210416,0.208333,0.208333,206400,NaN,NaN,NaN,NaN,NaN,NaN,NaN
1521075600,0.208333,0.208333,0.208333,0.208333,144000,NaN,NaN,NaN,NaN,NaN,NaN,NaN
1521162000,0.208333,0.208333,0.208333,0.208333,216000,NaN,NaN,NaN,NaN,NaN,NaN,NaN
1521421200,0.20625,0.20625,0.20625,0.20625,48000,NaN,NaN,NaN,NaN,NaN,NaN,NaN
1521507600,0.20625,0.20625,0.20625,0.20625,49440,NaN,NaN,NaN,NaN,NaN,NaN,NaN
1521594000,0.205208,0.20625,0.205208,0.20625,47520,NaN,NaN,NaN,NaN,NaN,NaN,NaN
1521680400,0.20625,0.20625,0.20625,0.20625,6720,NaN,NaN,NaN,NaN,NaN,NaN,NaN
1521766800,0.204166,0.204166,0.204166,0.204166,109920,NaN,NaN,NaN,NaN,NaN,NaN,NaN
1522026000,0.2,0.2,0.2,0.2,48000,NaN,NaN,NaN,NaN,NaN,NaN,NaN
1522112400,0.2,0.2,0.2,0.2,0,NaN,NaN,NaN,NaN,NaN,NaN,NaN
1522198800,0.2,0.2,0.2,0.2,0,NaN,NaN,NaN,NaN,NaN,NaN,NaN
1522285200,0.194791,0.194791,0.194791,0.194791,63840,NaN,NaN,NaN,NaN,NaN,NaN,NaN
1522371600,0.19375,0.197916,0.191666,0.197916,236640,105973000,119334000,47667000,-2335000,15481000,71667000,0
1522630800,0.189583,0.189583,0.189583,0.189583,60000,NaN,NaN,NaN,NaN,NaN,NaN,NaN
1522717200,0.189583,0.189583,0.189583,0.189583,0,NaN,NaN,NaN,NaN,NaN,NaN,NaN
1522803600,0.189583,0.189583,0.177083,0.177083,441600,NaN,NaN,NaN,NaN,NaN,NaN,NaN
1522890000,0.177083,0.177083,0.177083,0.177083,0,NaN,NaN,NaN,NaN,NaN,NaN,NaN
1522976400,0.177083,0.179166,0.177083,0.179166,216000,NaN,NaN,NaN,NaN,NaN,NaN,NaN
1523235600,0.183333,0.183333,0.183333,0.183333,19200,NaN,NaN,NaN,NaN,NaN,NaN,NaN
1523322000,0.185416,0.1875,0.18125,0.1875,168000,NaN,NaN,NaN,NaN,NaN,NaN,NaN
1523408400,0.1875,0.1875,0.1875,0.1875,0,NaN,NaN,NaN,NaN,NaN,NaN,NaN
1523494800,0.184375,0.184375,0.183333,0.183333,66240,NaN,NaN,NaN,NaN,NaN,NaN,NaN
1523581200,0.183333,0.183333,0.183333,0.183333,0,NaN,NaN,NaN,NaN,NaN,NaN,NaN
1523840400,0.179166,0.179166,0.179166,0.179166,48000,NaN,NaN,NaN,NaN,NaN,NaN,NaN
1523926800,0.179166,0.179166,0.177083,0.177083,144000,NaN,NaN,NaN,NaN,NaN,NaN,NaN
1524013200,0.178125,0.178125,0.177083,0.177083,113760,NaN,NaN,NaN,NaN,NaN,NaN,NaN
1524099600,0.177083,0.177083,0.177083,0.177083,24000,NaN,NaN,NaN,NaN,NaN,NaN,NaN
1524186000,0.177083,0.18125,0.177083,0.18125,182400,NaN,NaN,NaN,NaN,NaN,NaN,NaN
1524445200,0.177083,0.177083,0.177083,0.177083,48000,NaN,NaN,NaN,NaN,NaN,NaN,NaN
1524531600,0.177083,0.177083,0.177083,0.177083,96000,NaN,NaN,NaN,NaN,NaN,NaN,NaN
1524618000,0.177083,0.177083,0.177083,0.177083,29760,NaN,NaN,NaN,NaN,NaN,NaN,NaN
1524704400,0.177083,0.177083,0.177083,0.177083,0,NaN,NaN,NaN,NaN,NaN,NaN,NaN
1524790800,0.178125,0.183333,0.178125,0.183333,164160,NaN,NaN,NaN,NaN,NaN,NaN,NaN
1525050000,0.183333,0.183333,0.183333,0.183333,0,NaN,NaN,NaN,NaN,NaN,NaN,NaN
1525222800,0.183333,0.183333,0.183333,0.183333,0,NaN,NaN,NaN,NaN,NaN,NaN,NaN
1525309200,0.183333,0.183333,0.183333,0.183333,0,NaN,NaN,NaN,NaN,NaN,NaN,NaN
1525395600,0.1875,0.1875,0.1875,0.1875,52800,NaN,NaN,NaN,NaN,NaN,NaN,NaN
1525654800,0.1875,0.1875,0.1875,0.1875,0,NaN,NaN,NaN,NaN,NaN,NaN,NaN
1525741200,0.19375,0.19375,0.19375,0.19375,45600,NaN,NaN,NaN,NaN,NaN,NaN,NaN
1526259600,0.19375,0.19375,0.19375,0.19375,0,NaN,NaN,NaN,NaN,NaN,NaN,NaN
1526346000,0.1875,0.1875,0.177083,0.177083,175200,NaN,NaN,NaN,NaN,NaN,NaN,NaN
1526432400,0.1875,0.19375,0.1875,0.19375,255360,NaN,NaN,NaN,NaN,NaN,NaN,NaN
1526518800,0.195833,0.195833,0.195833,0.195833,86400,NaN,NaN,NaN,NaN,NaN,NaN,NaN
1526605200,0.195833,0.195833,0.195833,0.195833,0,NaN,NaN,NaN,NaN,NaN,NaN,NaN
1526864400,0.195833,0.195833,0.195833,0.195833,0,NaN,NaN,NaN,NaN,NaN,NaN,NaN
1526950800,0.191666,0.191666,0.191666,0.191666,12000,NaN,NaN,NaN,NaN,NaN,NaN,NaN
1527037200,0.191666,0.191666,0.191666,0.191666,0,NaN,NaN,NaN,NaN,NaN,NaN,NaN
1527123600,0.191666,0.191666,0.191666,0.191666,0,NaN,NaN,NaN,NaN,NaN,NaN,NaN
1527210000,0.191666,0.191666,0.191666,0.191666,0,NaN,NaN,NaN,NaN,NaN,NaN,NaN
1527469200,0.191666,0.191666,0.191666,0.191666,24000,NaN,NaN,NaN,NaN,NaN,NaN,NaN
1527642000,0.191666,0.191666,0.191666,0.191666,0,NaN,NaN,NaN,NaN,NaN,NaN,NaN
1527728400,0.180208,0.191666,0.179166,0.180208,120960,NaN,NaN,NaN,NaN,NaN,NaN,NaN
1527814800,0.180208,0.180208,0.180208,0.180208,0,NaN,NaN,NaN,NaN,NaN,NaN,NaN
1528074000,0.188541,0.188541,0.188541,0.188541,864000,NaN,NaN,NaN,NaN,NaN,NaN,NaN
1528160400,0.188541,0.188541,0.188541,0.188541,0,NaN,NaN,NaN,NaN,NaN,NaN,NaN
1528246800,0.188541,0.188541,0.188541,0.188541,0,NaN,NaN,NaN,NaN,NaN,NaN,NaN
1528333200,0.188541,0.188541,0.188541,0.188541,0,NaN,NaN,NaN,NaN,NaN,NaN,NaN
1528419600,0.188541,0.188541,0.188541,0.188541,0,NaN,NaN,NaN,NaN,NaN,NaN,NaN
1528678800,0.188541,0.188541,0.188541,0.188541,240000,NaN,NaN,NaN,NaN,NaN,NaN,NaN
1528765200,0.197916,0.2,0.197916,0.2,480000,NaN,NaN,NaN,NaN,NaN,NaN,NaN
1528851600,0.1875,0.202083,0.1875,0.202083,19200,NaN,NaN,NaN,NaN,NaN,NaN,NaN
1528938000,0.202083,0.202083,0.202083,0.202083,0,NaN,NaN,NaN,NaN,NaN,NaN,NaN
1529283600,0.202083,0.202083,0.202083,0.202083,0,NaN,NaN,NaN,NaN,NaN,NaN,NaN
1529370000,0.204166,0.204166,0.204166,0.204166,58080,NaN,NaN,NaN,NaN,NaN,NaN,NaN
1529456400,0.204166,0.204166,0.204166,0.204166,0,NaN,NaN,NaN,NaN,NaN,NaN,NaN
1529542800,0.204166,0.204166,0.204166,0.204166,0,NaN,NaN,NaN,NaN,NaN,NaN,NaN
1529629200,0.204166,0.204166,0.204166,0.204166,0,NaN,NaN,NaN,NaN,NaN,NaN,NaN
1529888400,0.204166,0.204166,0.204166,0.204166,0,NaN,NaN,NaN,NaN,NaN,NaN,NaN
1529974800,0.204166,0.204166,0.204166,0.204166,0,NaN,NaN,NaN,NaN,NaN,NaN,NaN
1530061200,0.179166,0.194791,0.179166,0.18125,316800,NaN,NaN,NaN,NaN,NaN,NaN,NaN
1530147600,0.175,0.175,0.175,0.175,24000,NaN,NaN,NaN,NaN,NaN,NaN,NaN
1530234000,0.191666,0.191666,0.191666,0.191666,48000,105973000,123230000,54803000,-2906000,18229000,68427000,0
1530493200,0.191666,0.191666,0.191666,0.191666,0,NaN,NaN,NaN,NaN,NaN,NaN,NaN
1530579600,0.170833,0.170833,0.170833,0.170833,19200,NaN,NaN,NaN,NaN,NaN,NaN,NaN
1530666000,0.182291,0.19375,0.182291,0.19375,91680,NaN,NaN,NaN,NaN,NaN,NaN,NaN
1530752400,0.19375,0.19375,0.19375,0.19375,0,NaN,NaN,NaN,NaN,NaN,NaN,NaN
1530838800,0.19375,0.19375,0.19375,0.19375,0,NaN,NaN,NaN,NaN,NaN,NaN,NaN
1531098000,0.182291,0.190625,0.182291,0.190625,57600,NaN,NaN,NaN,NaN,NaN,NaN,NaN
1531184400,0.190625,0.190625,0.190625,0.190625,0,NaN,NaN,NaN,NaN,NaN,NaN,NaN
1531270800,0.183333,0.183333,0.183333,0.183333,19200,NaN,NaN,NaN,NaN,NaN,NaN,NaN
1531357200,0.183333,0.183333,0.183333,0.183333,0,NaN,NaN,NaN,NaN,NaN,NaN,NaN
1531443600,0.183333,0.183333,0.18125,0.18125,15360,NaN,NaN,NaN,NaN,NaN,NaN,NaN
1531702800,0.18125,0.18125,0.18125,0.18125,12000,NaN,NaN,NaN,NaN,NaN,NaN,NaN
1531789200,0.182291,0.185416,0.18125,0.18125,1176001,NaN,NaN,NaN,NaN,NaN,NaN,NaN
1531875600,0.182291,0.191666,0.182291,0.185416,5510405,NaN,NaN,NaN,NaN,NaN,NaN,NaN
1531962000,0.183333,0.184375,0.179166,0.183333,4206724,NaN,NaN,NaN,NaN,NaN,NaN,NaN
1532048400,0.183333,0.183333,0.183333,0.183333,9600,NaN,NaN,NaN,NaN,NaN,NaN,NaN
1532307600,0.179166,0.179166,0.177083,0.177083,240000,NaN,NaN,NaN,NaN,NaN,NaN,NaN
1532394000,0.18125,0.183333,0.18125,0.183333,148320,NaN,NaN,NaN,NaN,NaN,NaN,NaN
1532480400,0.183333,0.1875,0.183333,0.1875,197280,NaN,NaN,NaN,NaN,NaN,NaN,NaN
1532566800,0.18125,0.18125,0.18125,0.18125,24000,NaN,NaN,NaN,NaN,NaN,NaN,NaN
1532653200,0.18125,0.18125,0.18125,0.18125,0,NaN,NaN,NaN,NaN,NaN,NaN,NaN
1532912400,0.18125,0.18125,0.18125,0.18125,0,NaN,NaN,NaN,NaN,NaN,NaN,NaN
1532998800,0.18125,0.18125,0.18125,0.18125,0,NaN,NaN,NaN,NaN,NaN,NaN,NaN
1533085200,0.176041,0.177083,0.175,0.177083,182880,NaN,NaN,NaN,NaN,NaN,NaN,NaN
1533171600,0.179166,0.179166,0.179166,0.179166,96000,NaN,NaN,NaN,NaN,NaN,NaN,NaN
1533258000,0.179166,0.179166,0.179166,0.179166,0,NaN,NaN,NaN,NaN,NaN,NaN,NaN
1533517200,0.179166,0.179166,0.179166,0.179166,0,NaN,NaN,NaN,NaN,NaN,NaN,NaN
1533603600,0.179166,0.179166,0.179166,0.179166,0,NaN,NaN,NaN,NaN,NaN,NaN,NaN
1533690000,0.179166,0.179166,0.179166,0.179166,0,NaN,NaN,NaN,NaN,NaN,NaN,NaN
1533776400,0.179166,0.179166,0.179166,0.179166,0,NaN,NaN,NaN,NaN,NaN,NaN,NaN
1533862800,0.179166,0.179166,0.179166,0.179166,0,NaN,NaN,NaN,NaN,NaN,NaN,NaN
1534122000,0.179166,0.179166,0.179166,0.179166,0,NaN,NaN,NaN,NaN,NaN,NaN,NaN
1534208400,0.179166,0.183333,0.179166,0.183333,144000,NaN,NaN,NaN,NaN,NaN,NaN,NaN
1534294800,0.183333,0.183333,0.183333,0.183333,72000,NaN,NaN,NaN,NaN,NaN,NaN,NaN
1534381200,0.178125,0.178125,0.178125,0.178125,480,NaN,NaN,NaN,NaN,NaN,NaN,NaN
1534467600,0.183333,0.183333,0.183333,0.183333,96000,NaN,NaN,NaN,NaN,NaN,NaN,NaN
1534726800,0.183333,0.183333,0.183333,0.183333,0,NaN,NaN,NaN,NaN,NaN,NaN,NaN
1534813200,0.177083,0.177083,0.177083,0.177083,120000,NaN,NaN,NaN,NaN,NaN,NaN,NaN
1534986000,0.183333,0.183333,0.183333,0.183333,14400,NaN,NaN,NaN,NaN,NaN,NaN,NaN
1535072400,0.183333,0.183333,0.183333,0.183333,0,NaN,NaN,NaN,NaN,NaN,NaN,NaN
1535331600,0.177083,0.177083,0.177083,0.177083,23520,NaN,NaN,NaN,NaN,NaN,NaN,NaN
1535418000,0.177083,0.177083,0.177083,0.177083,0,NaN,NaN,NaN,NaN,NaN,NaN,NaN
1535504400,0.177083,0.177083,0.177083,0.177083,0,NaN,NaN,NaN,NaN,NaN,NaN,NaN
1535590800,0.177083,0.177083,0.177083,0.177083,0,NaN,NaN,NaN,NaN,NaN,NaN,NaN
1535936400,0.177083,0.177083,0.177083,0.177083,0,NaN,NaN,NaN,NaN,NaN,NaN,NaN
1536022800,0.1625,0.1625,0.1625,0.1625,14400,NaN,NaN,NaN,NaN,NaN,NaN,NaN
1536109200,0.175,0.175,0.175,0.175,14400,NaN,NaN,NaN,NaN,NaN,NaN,NaN
1536195600,0.175,0.175,0.175,0.175,0,NaN,NaN,NaN,NaN,NaN,NaN,NaN
1536282000,0.175,0.175,0.175,0.175,0,NaN,NaN,NaN,NaN,NaN,NaN,NaN
1536714000,0.175,0.175,0.175,0.175,0,NaN,NaN,NaN,NaN,NaN,NaN,NaN
1536800400,0.175,0.175,0.175,0.175,0,NaN,NaN,NaN,NaN,NaN,NaN,NaN
1536886800,0.175,0.175,0.175,0.175,0,NaN,NaN,NaN,NaN,NaN,NaN,NaN
1537232400,0.164583,0.164583,0.15625,0.15625,589920,NaN,NaN,NaN,NaN,NaN,NaN,NaN
1537318800,0.15625,0.15625,0.15625,0.15625,0,NaN,NaN,NaN,NaN,NaN,NaN,NaN
1537405200,0.15625,0.15625,0.15625,0.15625,0,NaN,NaN,NaN,NaN,NaN,NaN,NaN
1537491600,0.153125,0.155208,0.153125,0.155208,19200,NaN,NaN,NaN,NaN,NaN,NaN,NaN
1537750800,0.154167,0.166667,0.154167,0.166667,129600,NaN,NaN,NaN,NaN,NaN,NaN,NaN
1537837200,0.166667,0.166667,0.166667,0.166667,0,NaN,NaN,NaN,NaN,NaN,NaN,NaN
1537923600,0.166667,0.166667,0.164583,0.164583,143040,NaN,NaN,NaN,NaN,NaN,NaN,NaN
1538010000,0.164583,0.164583,0.164583,0.164583,0,NaN,NaN,NaN,NaN,NaN,NaN,NaN
1538096400,0.164583,0.164583,0.164583,0.164583,0,105973000,130234000.00000001,61577000,11337000,71020000,68657000,0
1538355600,0.164583,0.164583,0.164583,0.164583,0,NaN,NaN,NaN,NaN,NaN,NaN,NaN
1538442000,0.164583,0.164583,0.164583,0.164583,0,NaN,NaN,NaN,NaN,NaN,NaN,NaN
1538528400,0.164583,0.164583,0.164583,0.164583,9600,NaN,NaN,NaN,NaN,NaN,NaN,NaN
1538614800,0.164583,0.164583,0.164583,0.164583,0,NaN,NaN,NaN,NaN,NaN,NaN,NaN
1538701200,0.164583,0.164583,0.164583,0.164583,0,NaN,NaN,NaN,NaN,NaN,NaN,NaN
1538960400,0.164583,0.164583,0.164583,0.164583,0,NaN,NaN,NaN,NaN,NaN,NaN,NaN
1539046800,0.164583,0.166667,0.164583,0.166667,182400,NaN,NaN,NaN,NaN,NaN,NaN,NaN
1539133200,0.152083,0.166667,0.152083,0.166667,43200,NaN,NaN,NaN,NaN,NaN,NaN,NaN
1539219600,0.172916,0.172916,0.172916,0.172916,24000,NaN,NaN,NaN,NaN,NaN,NaN,NaN
1539306000,0.172916,0.172916,0.172916,0.172916,0,NaN,NaN,NaN,NaN,NaN,NaN,NaN
1539565200,0.172916,0.172916,0.172916,0.172916,0,NaN,NaN,NaN,NaN,NaN,NaN,NaN
1539651600,0.172916,0.172916,0.172916,0.172916,0,NaN,NaN,NaN,NaN,NaN,NaN,NaN
1539738000,0.172916,0.172916,0.172916,0.172916,0,NaN,NaN,NaN,NaN,NaN,NaN,NaN
1539824400,0.172916,0.172916,0.172916,0.172916,0,NaN,NaN,NaN,NaN,NaN,NaN,NaN
1539910800,0.172916,0.172916,0.172916,0.172916,0,NaN,NaN,NaN,NaN,NaN,NaN,NaN
1540170000,0.158333,0.158333,0.15625,0.15625,288000,NaN,NaN,NaN,NaN,NaN,NaN,NaN
1540256400,0.155208,0.15625,0.155208,0.15625,57600,NaN,NaN,NaN,NaN,NaN,NaN,NaN
1540342800,0.155208,0.155208,0.154167,0.155208,86400,NaN,NaN,NaN,NaN,NaN,NaN,NaN
1540429200,0.152083,0.152083,0.152083,0.152083,38400,NaN,NaN,NaN,NaN,NaN,NaN,NaN
1540515600,0.166667,0.166667,0.166667,0.166667,24000,NaN,NaN,NaN,NaN,NaN,NaN,NaN
1540774800,0.152083,0.152083,0.152083,0.152083,21600,NaN,NaN,NaN,NaN,NaN,NaN,NaN
1540861200,0.152083,0.152083,0.152083,0.152083,0,NaN,NaN,NaN,NaN,NaN,NaN,NaN
1540947600,0.1625,0.1625,0.1625,0.1625,480,NaN,NaN,NaN,NaN,NaN,NaN,NaN
1541034000,0.1625,0.1625,0.1625,0.1625,0,NaN,NaN,NaN,NaN,NaN,NaN,NaN
1541120400,0.1625,0.1625,0.1625,0.1625,0,NaN,NaN,NaN,NaN,NaN,NaN,NaN
1541379600,0.1625,0.1625,0.1625,0.1625,0,NaN,NaN,NaN,NaN,NaN,NaN,NaN
1541552400,0.151042,0.15625,0.151042,0.15625,40800,NaN,NaN,NaN,NaN,NaN,NaN,NaN
1541638800,0.15625,0.15625,0.15625,0.15625,0,NaN,NaN,NaN,NaN,NaN,NaN,NaN
1541725200,0.15625,0.15625,0.15625,0.15625,0,NaN,NaN,NaN,NaN,NaN,NaN,NaN
1541984400,0.15625,0.15625,0.15625,0.15625,0,NaN,NaN,NaN,NaN,NaN,NaN,NaN
1542070800,0.15625,0.15625,0.15625,0.15625,0,NaN,NaN,NaN,NaN,NaN,NaN,NaN
1542157200,0.15625,0.15625,0.15625,0.15625,0,NaN,NaN,NaN,NaN,NaN,NaN,NaN
1542243600,0.151042,0.151042,0.151042,0.151042,14400,NaN,NaN,NaN,NaN,NaN,NaN,NaN
1542330000,0.151042,0.151042,0.151042,0.151042,0,NaN,NaN,NaN,NaN,NaN,NaN,NaN
1542589200,0.151042,0.151042,0.151042,0.151042,0,NaN,NaN,NaN,NaN,NaN,NaN,NaN
1542762000,0.15625,0.15625,0.154167,0.15625,72000,NaN,NaN,NaN,NaN,NaN,NaN,NaN
1542848400,0.15625,0.15625,0.15625,0.15625,0,NaN,NaN,NaN,NaN,NaN,NaN,NaN
1542934800,0.15625,0.15625,0.15625,0.15625,0,NaN,NaN,NaN,NaN,NaN,NaN,NaN
1543194000,0.15625,0.15625,0.15625,0.15625,0,NaN,NaN,NaN,NaN,NaN,NaN,NaN
1543280400,0.15625,0.15625,0.15625,0.15625,0,NaN,NaN,NaN,NaN,NaN,NaN,NaN
1543366800,0.15625,0.15625,0.15625,0.15625,0,NaN,NaN,NaN,NaN,NaN,NaN,NaN
1543453200,0.15625,0.15625,0.15625,0.15625,0,NaN,NaN,NaN,NaN,NaN,NaN,NaN
1543539600,0.15625,0.15625,0.15625,0.15625,0,NaN,NaN,NaN,NaN,NaN,NaN,NaN
1543798800,0.15625,0.15625,0.15625,0.15625,0,NaN,NaN,NaN,NaN,NaN,NaN,NaN
1543885200,0.139583,0.164583,0.139583,0.164583,170880,NaN,NaN,NaN,NaN,NaN,NaN,NaN
1543971600,0.164583,0.164583,0.164583,0.164583,0,NaN,NaN,NaN,NaN,NaN,NaN,NaN
1544058000,0.164583,0.164583,0.164583,0.164583,0,NaN,NaN,NaN,NaN,NaN,NaN,NaN
1544144400,0.164583,0.164583,0.164583,0.164583,0,NaN,NaN,NaN,NaN,NaN,NaN,NaN
1544403600,0.164583,0.164583,0.15625,0.15625,53760,NaN,NaN,NaN,NaN,NaN,NaN,NaN
1544490000,0.145833,0.145833,0.145833,0.145833,24000,NaN,NaN,NaN,NaN,NaN,NaN,NaN
1544576400,0.145833,0.145833,0.145833,0.145833,0,NaN,NaN,NaN,NaN,NaN,NaN,NaN
1544662800,0.145833,0.145833,0.145833,0.145833,0,NaN,NaN,NaN,NaN,NaN,NaN,NaN
1544749200,0.145833,0.145833,0.145833,0.145833,0,NaN,NaN,NaN,NaN,NaN,NaN,NaN
1545008400,0.145833,0.145833,0.145833,0.145833,0,NaN,NaN,NaN,NaN,NaN,NaN,NaN
1545094800,0.145833,0.145833,0.145833,0.145833,0,NaN,NaN,NaN,NaN,NaN,NaN,NaN
1545181200,0.145833,0.145833,0.145833,0.145833,0,NaN,NaN,NaN,NaN,NaN,NaN,NaN
1545267600,0.145833,0.145833,0.145833,0.145833,0,NaN,NaN,NaN,NaN,NaN,NaN,NaN
1545354000,0.147917,0.147917,0.147917,0.147917,23040,NaN,NaN,NaN,NaN,NaN,NaN,NaN
1545613200,0.147917,0.147917,0.147917,0.147917,0,NaN,NaN,NaN,NaN,NaN,NaN,NaN
1545786000,0.15625,0.15625,0.15625,0.15625,314400,NaN,NaN,NaN,NaN,NaN,NaN,NaN
1545872400,0.166667,0.166667,0.166667,0.166667,19200,NaN,NaN,NaN,NaN,NaN,NaN,NaN
1545958800,0.158333,0.158333,0.158333,0.158333,48000,NaN,NaN,NaN,NaN,NaN,NaN,NaN
1546218000,0.166667,0.166667,0.15625,0.15625,429600,508800508.8,256983000,112620000,4902000,65468000,144363000,0
1546390800,0.15625,0.15625,0.15625,0.15625,0,NaN,NaN,NaN,NaN,NaN,NaN,NaN
1546477200,0.15625,0.15625,0.15625,0.15625,148800,NaN,NaN,NaN,NaN,NaN,NaN,NaN
1546563600,0.160417,0.160417,0.160417,0.160417,144000,NaN,NaN,NaN,NaN,NaN,NaN,NaN
1546822800,0.160417,0.160417,0.160417,0.160417,0,NaN,NaN,NaN,NaN,NaN,NaN,NaN
1546909200,0.166667,0.166667,0.166667,0.166667,408000,NaN,NaN,NaN,NaN,NaN,NaN,NaN
1546995600,0.170833,0.170833,0.170833,0.170833,19200,NaN,NaN,NaN,NaN,NaN,NaN,NaN
1547082000,0.166667,0.172916,0.166667,0.172916,50400,NaN,NaN,NaN,NaN,NaN,NaN,NaN
1547168400,0.166667,0.166667,0.166667,0.166667,67200,NaN,NaN,NaN,NaN,NaN,NaN,NaN
1547427600,0.166667,0.166667,0.166667,0.166667,0,NaN,NaN,NaN,NaN,NaN,NaN,NaN
1547514000,0.167708,0.177083,0.166667,0.177083,120000,NaN,NaN,NaN,NaN,NaN,NaN,NaN
1547600400,0.177083,0.177083,0.166667,0.166667,251520,NaN,NaN,NaN,NaN,NaN,NaN,NaN
1547686800,0.166667,0.166667,0.166667,0.166667,0,NaN,NaN,NaN,NaN,NaN,NaN,NaN
1547773200,0.166667,0.177083,0.166667,0.177083,103680,NaN,NaN,NaN,NaN,NaN,NaN,NaN
1548118800,0.1875,0.191666,0.1875,0.1875,106560,NaN,NaN,NaN,NaN,NaN,NaN,NaN
1548205200,0.1875,0.1875,0.1875,0.1875,0,NaN,NaN,NaN,NaN,NaN,NaN,NaN
1548291600,0.1875,0.1875,0.1875,0.1875,0,NaN,NaN,NaN,NaN,NaN,NaN,NaN
1548378000,0.1875,0.1875,0.1875,0.1875,0,NaN,NaN,NaN,NaN,NaN,NaN,NaN
1548637200,0.1875,0.1875,0.1875,0.1875,0,NaN,NaN,NaN,NaN,NaN,NaN,NaN
1548723600,0.1875,0.1875,0.1875,0.1875,0,NaN,NaN,NaN,NaN,NaN,NaN,NaN
1548810000,0.1875,0.1875,0.1875,0.1875,0,NaN,NaN,NaN,NaN,NaN,NaN,NaN
1548896400,0.1875,0.1875,0.1875,0.1875,0,NaN,NaN,NaN,NaN,NaN,NaN,NaN
1549242000,0.1875,0.1875,0.1875,0.1875,0,NaN,NaN,NaN,NaN,NaN,NaN,NaN
1549501200,0.1875,0.1875,0.1875,0.1875,0,NaN,NaN,NaN,NaN,NaN,NaN,NaN
1549587600,0.1875,0.1875,0.1875,0.1875,0,NaN,NaN,NaN,NaN,NaN,NaN,NaN
1549846800,0.1875,0.1875,0.1875,0.1875,0,NaN,NaN,NaN,NaN,NaN,NaN,NaN
1549933200,0.1875,0.1875,0.1875,0.1875,0,NaN,NaN,NaN,NaN,NaN,NaN,NaN
1550019600,0.1875,0.1875,0.1875,0.1875,0,NaN,NaN,NaN,NaN,NaN,NaN,NaN
1550106000,0.1875,0.1875,0.1875,0.1875,0,NaN,NaN,NaN,NaN,NaN,NaN,NaN
1550192400,0.1875,0.1875,0.1875,0.1875,0,NaN,NaN,NaN,NaN,NaN,NaN,NaN
1550451600,0.1875,0.1875,0.1875,0.1875,0,NaN,NaN,NaN,NaN,NaN,NaN,NaN
1550538000,0.177083,0.177083,0.177083,0.177083,72000,NaN,NaN,NaN,NaN,NaN,NaN,NaN
1550624400,0.177083,0.177083,0.177083,0.177083,0,NaN,NaN,NaN,NaN,NaN,NaN,NaN
1550710800,0.177083,0.177083,0.177083,0.177083,0,NaN,NaN,NaN,NaN,NaN,NaN,NaN
1550797200,0.177083,0.177083,0.177083,0.177083,0,NaN,NaN,NaN,NaN,NaN,NaN,NaN
1551056400,0.177083,0.177083,0.177083,0.177083,0,NaN,NaN,NaN,NaN,NaN,NaN,NaN
1551142800,0.177083,0.177083,0.177083,0.177083,0,NaN,NaN,NaN,NaN,NaN,NaN,NaN
1551229200,0.177083,0.177083,0.177083,0.177083,0,NaN,NaN,NaN,NaN,NaN,NaN,NaN
1551315600,0.177083,0.177083,0.177083,0.177083,0,NaN,NaN,NaN,NaN,NaN,NaN,NaN
1551402000,0.177083,0.177083,0.177083,0.177083,0,NaN,NaN,NaN,NaN,NaN,NaN,NaN
1551661200,0.177083,0.177083,0.177083,0.177083,0,NaN,NaN,NaN,NaN,NaN,NaN,NaN
1551747600,0.177083,0.177083,0.177083,0.177083,0,NaN,NaN,NaN,NaN,NaN,NaN,NaN
1551834000,0.177083,0.177083,0.177083,0.177083,0,NaN,NaN,NaN,NaN,NaN,NaN,NaN
1551920400,0.160417,0.160417,0.15625,0.15625,18720,NaN,NaN,NaN,NaN,NaN,NaN,NaN
1552006800,0.15625,0.15625,0.15625,0.15625,0,NaN,NaN,NaN,NaN,NaN,NaN,NaN
1552266000,0.15625,0.15625,0.15625,0.15625,55200,NaN,NaN,NaN,NaN,NaN,NaN,NaN
1552352400,0.172916,0.197916,0.165625,0.196875,565920,NaN,NaN,NaN,NaN,NaN,NaN,NaN
1552438800,0.202083,0.21875,0.2,0.208333,2690882,NaN,NaN,NaN,NaN,NaN,NaN,NaN
1552525200,0.208333,0.208333,0.201041,0.207291,312000,NaN,NaN,NaN,NaN,NaN,NaN,NaN
1552611600,0.207291,0.208333,0.202083,0.202083,480960,NaN,NaN,NaN,NaN,NaN,NaN,NaN
1552870800,0.20625,0.20625,0.197916,0.197916,220800,NaN,NaN,NaN,NaN,NaN,NaN,NaN
1552957200,0.202083,0.202083,0.171875,0.189583,364800,NaN,NaN,NaN,NaN,NaN,NaN,NaN
1553043600,0.175,0.175,0.173958,0.173958,72960,NaN,NaN,NaN,NaN,NaN,NaN,NaN
1553130000,0.177083,0.191666,0.177083,0.191666,360000,NaN,NaN,NaN,NaN,NaN,NaN,NaN
1553216400,0.191666,0.191666,0.191666,0.191666,48480,NaN,NaN,NaN,NaN,NaN,NaN,NaN
1553475600,0.190625,0.195833,0.177083,0.180208,674400,NaN,NaN,NaN,NaN,NaN,NaN,NaN
1553562000,0.180208,0.180208,0.180208,0.180208,14400,NaN,NaN,NaN,NaN,NaN,NaN,NaN
1553648400,0.18125,0.18125,0.18125,0.18125,24000,NaN,NaN,NaN,NaN,NaN,NaN,NaN
1553734800,0.18125,0.18125,0.18125,0.18125,0,NaN,NaN,NaN,NaN,NaN,NaN,NaN
1553821200,0.19375,0.19375,0.177083,0.177083,1214881,105973000,125307000,63454000,11364000,81895000,61853000,0
1554080400,0.189583,0.189583,0.179166,0.179166,1987201,NaN,NaN,NaN,NaN,NaN,NaN,NaN
1554166800,0.18125,0.18125,0.18125,0.18125,427680,NaN,NaN,NaN,NaN,NaN,NaN,NaN
1554253200,0.183333,0.183333,0.179166,0.180208,187200,NaN,NaN,NaN,NaN,NaN,NaN,NaN
1554339600,0.177083,0.177083,0.177083,0.177083,24000,NaN,NaN,NaN,NaN,NaN,NaN,NaN
1554426000,0.177083,0.177083,0.177083,0.177083,0,NaN,NaN,NaN,NaN,NaN,NaN,NaN
1554685200,0.179166,0.183333,0.179166,0.183333,72000,NaN,NaN,NaN,NaN,NaN,NaN,NaN
1554771600,0.178125,0.178125,0.171875,0.177083,144000,NaN,NaN,NaN,NaN,NaN,NaN,NaN
1554858000,0.177083,0.177083,0.177083,0.177083,0,NaN,NaN,NaN,NaN,NaN,NaN,NaN
1554944400,0.182291,0.182291,0.182291,0.182291,9600,NaN,NaN,NaN,NaN,NaN,NaN,NaN
1555030800,0.183333,0.183333,0.182291,0.182291,72000,NaN,NaN,NaN,NaN,NaN,NaN,NaN
1555290000,0.183333,0.183333,0.183333,0.183333,9600,NaN,NaN,NaN,NaN,NaN,NaN,NaN
1555376400,0.183333,0.183333,0.18125,0.18125,33600,NaN,NaN,NaN,NaN,NaN,NaN,NaN
1555462800,0.18125,0.18125,0.18125,0.18125,0,NaN,NaN,NaN,NaN,NaN,NaN,NaN
1555549200,0.172916,0.172916,0.170833,0.170833,34560,NaN,NaN,NaN,NaN,NaN,NaN,NaN
1555635600,0.18125,0.18125,0.166667,0.175,93120,NaN,NaN,NaN,NaN,NaN,NaN,NaN
1555894800,0.173958,0.175,0.16875,0.175,416640,NaN,NaN,NaN,NaN,NaN,NaN,NaN
1555981200,0.175,0.179166,0.175,0.179166,11040,NaN,NaN,NaN,NaN,NaN,NaN,NaN
1556067600,0.179166,0.179166,0.179166,0.179166,0,NaN,NaN,NaN,NaN,NaN,NaN,NaN
1556154000,0.179166,0.179166,0.179166,0.179166,0,NaN,NaN,NaN,NaN,NaN,NaN,NaN
1556240400,0.170833,0.18125,0.170833,0.18125,14400,NaN,NaN,NaN,NaN,NaN,NaN,NaN
1556499600,0.18125,0.1875,0.18125,0.1875,19200,NaN,NaN,NaN,NaN,NaN,NaN,NaN
1556586000,0.175,0.175,0.165625,0.169791,951360,NaN,NaN,NaN,NaN,NaN,NaN,NaN
1556758800,0.170833,0.171875,0.16875,0.16875,1536481,NaN,NaN,NaN,NaN,NaN,NaN,NaN
1556845200,0.169791,0.172916,0.169791,0.172916,176160,NaN,NaN,NaN,NaN,NaN,NaN,NaN
1557104400,0.16875,0.171875,0.167708,0.167708,224640,NaN,NaN,NaN,NaN,NaN,NaN,NaN
1557190800,0.167708,0.16875,0.167708,0.16875,197760,NaN,NaN,NaN,NaN,NaN,NaN,NaN
1557277200,0.166667,0.170833,0.165625,0.170833,144960,NaN,NaN,NaN,NaN,NaN,NaN,NaN
1557363600,0.170833,0.170833,0.170833,0.170833,0,NaN,NaN,NaN,NaN,NaN,NaN,NaN
1557450000,0.170833,0.170833,0.170833,0.170833,480,NaN,NaN,NaN,NaN,NaN,NaN,NaN
1557709200,0.170833,0.170833,0.170833,0.170833,0,NaN,NaN,NaN,NaN,NaN,NaN,NaN
1557795600,0.157292,0.170833,0.157292,0.170833,82080,NaN,NaN,NaN,NaN,NaN,NaN,NaN
1557882000,0.160417,0.170833,0.160417,0.170833,157920,NaN,NaN,NaN,NaN,NaN,NaN,NaN
1557968400,0.160417,0.167708,0.157292,0.157292,210720,NaN,NaN,NaN,NaN,NaN,NaN,NaN
1558054800,0.1625,0.1625,0.158333,0.158333,43200,NaN,NaN,NaN,NaN,NaN,NaN,NaN
1558400400,0.158333,0.1625,0.158333,0.1625,10080,NaN,NaN,NaN,NaN,NaN,NaN,NaN
1558573200,0.1625,0.1625,0.15625,0.1625,65760,NaN,NaN,NaN,NaN,NaN,NaN,NaN
1558659600,0.15625,0.160417,0.15625,0.160417,140640,NaN,NaN,NaN,NaN,NaN,NaN,NaN
1558918800,0.158333,0.158333,0.15625,0.158333,432000,NaN,NaN,NaN,NaN,NaN,NaN,NaN
1559005200,0.1625,0.1625,0.159375,0.160417,517440,NaN,NaN,NaN,NaN,NaN,NaN,NaN
1559091600,0.159375,0.159375,0.159375,0.159375,62400,NaN,NaN,NaN,NaN,NaN,NaN,NaN
1559178000,0.158333,0.158333,0.158333,0.158333,48000,NaN,NaN,NaN,NaN,NaN,NaN,NaN
1559264400,0.158333,0.160417,0.158333,0.160417,168960,NaN,NaN,NaN,NaN,NaN,NaN,NaN
1559523600,0.160417,0.160417,0.160417,0.160417,0,NaN,NaN,NaN,NaN,NaN,NaN,NaN
1559610000,0.161458,0.161458,0.161458,0.161458,4800,NaN,NaN,NaN,NaN,NaN,NaN,NaN
1559869200,0.1625,0.1625,0.159375,0.159375,33600,NaN,NaN,NaN,NaN,NaN,NaN,NaN
1560128400,0.15625,0.165625,0.15625,0.165625,148800,NaN,NaN,NaN,NaN,NaN,NaN,NaN
1560214800,0.165625,0.165625,0.160417,0.164583,245280,NaN,NaN,NaN,NaN,NaN,NaN,NaN
1560301200,0.164583,0.164583,0.160417,0.164583,136800,NaN,NaN,NaN,NaN,NaN,NaN,NaN
1560387600,0.1625,0.1625,0.1625,0.1625,9600,NaN,NaN,NaN,NaN,NaN,NaN,NaN
1560474000,0.1625,0.1625,0.1625,0.1625,0,NaN,NaN,NaN,NaN,NaN,NaN,NaN
1560733200,0.1625,0.1625,0.1625,0.1625,0,NaN,NaN,NaN,NaN,NaN,NaN,NaN
1560819600,0.1625,0.1625,0.1625,0.1625,0,NaN,NaN,NaN,NaN,NaN,NaN,NaN
1560906000,0.1625,0.1625,0.1625,0.1625,0,NaN,NaN,NaN,NaN,NaN,NaN,NaN
1560992400,0.1625,0.1625,0.1625,0.1625,0,NaN,NaN,NaN,NaN,NaN,NaN,NaN
1561078800,0.15625,0.15625,0.15625,0.15625,21120,NaN,NaN,NaN,NaN,NaN,NaN,NaN
1561338000,0.15625,0.163542,0.15625,0.163542,515520,NaN,NaN,NaN,NaN,NaN,NaN,NaN
1561424400,0.1625,0.163542,0.158333,0.158333,780000,NaN,NaN,NaN,NaN,NaN,NaN,NaN
1561510800,0.1625,0.1625,0.1625,0.1625,720000,NaN,NaN,NaN,NaN,NaN,NaN,NaN
1561597200,0.159375,0.1625,0.158333,0.1625,650400,NaN,NaN,NaN,NaN,NaN,NaN,NaN
1561683600,0.1625,0.1625,0.1625,0.1625,0,3939133539.1296,356277000,158069000,1955000,75439000,198208000,4.59077382153853
1561942800,0.1625,0.1625,0.1625,0.1625,0,NaN,NaN,NaN,NaN,NaN,NaN,NaN
1562029200,0.163542,0.164583,0.15625,0.1625,460800,NaN,NaN,NaN,NaN,NaN,NaN,NaN
1562115600,0.157292,0.1625,0.157292,0.1625,120000,NaN,NaN,NaN,NaN,NaN,NaN,NaN
1562202000,0.157292,0.157292,0.157292,0.157292,4800,NaN,NaN,NaN,NaN,NaN,NaN,NaN
1562288400,0.157292,0.157292,0.15625,0.15625,240000,NaN,NaN,NaN,NaN,NaN,NaN,NaN
1562547600,0.15625,0.15625,0.15625,0.15625,0,NaN,NaN,NaN,NaN,NaN,NaN,NaN
1562634000,0.15625,0.15625,0.15625,0.15625,288000,NaN,NaN,NaN,NaN,NaN,NaN,NaN
1562720400,0.15625,0.15625,0.15625,0.15625,0,NaN,NaN,NaN,NaN,NaN,NaN,NaN
1562806800,0.154167,0.161458,0.154167,0.161458,193440,NaN,NaN,NaN,NaN,NaN,NaN,NaN
1562893200,0.158333,0.158333,0.158333,0.158333,14400,NaN,NaN,NaN,NaN,NaN,NaN,NaN
1563152400,0.158333,0.158333,0.158333,0.158333,0,NaN,NaN,NaN,NaN,NaN,NaN,NaN
1563238800,0.158333,0.158333,0.158333,0.158333,0,NaN,NaN,NaN,NaN,NaN,NaN,NaN
1563325200,0.154167,0.1625,0.154167,0.1625,316320,NaN,NaN,NaN,NaN,NaN,NaN,NaN
1563411600,0.1625,0.1625,0.1625,0.1625,0,NaN,NaN,NaN,NaN,NaN,NaN,NaN
1563498000,0.1625,0.1625,0.1625,0.1625,0,NaN,NaN,NaN,NaN,NaN,NaN,NaN
1563757200,0.1625,0.1625,0.1625,0.1625,0,NaN,NaN,NaN,NaN,NaN,NaN,NaN
1563843600,0.154167,0.158333,0.154167,0.158333,288000,NaN,NaN,NaN,NaN,NaN,NaN,NaN
1563930000,0.158333,0.158333,0.158333,0.158333,0,NaN,NaN,NaN,NaN,NaN,NaN,NaN
1564016400,0.158333,0.158333,0.158333,0.158333,0,NaN,NaN,NaN,NaN,NaN,NaN,NaN
1564102800,0.153125,0.15625,0.153125,0.155208,301920,NaN,NaN,NaN,NaN,NaN,NaN,NaN
1564362000,0.155208,0.155208,0.155208,0.155208,67680,NaN,NaN,NaN,NaN,NaN,NaN,NaN
1564534800,0.153125,0.155208,0.153125,0.155208,98400,NaN,NaN,NaN,NaN,NaN,NaN,NaN
1564621200,0.155208,0.155208,0.154167,0.155208,335040,NaN,NaN,NaN,NaN,NaN,NaN,NaN
1564707600,0.155208,0.155208,0.155208,0.155208,48000,NaN,NaN,NaN,NaN,NaN,NaN,NaN
1564966800,0.155208,0.155208,0.155208,0.155208,0,NaN,NaN,NaN,NaN,NaN,NaN,NaN
1565053200,0.153125,0.154167,0.153125,0.154167,54240,NaN,NaN,NaN,NaN,NaN,NaN,NaN
1565139600,0.154167,0.154167,0.154167,0.154167,0,NaN,NaN,NaN,NaN,NaN,NaN,NaN
1565226000,0.145833,0.154167,0.145833,0.154167,402720,NaN,NaN,NaN,NaN,NaN,NaN,NaN
1565312400,0.153125,0.154167,0.153125,0.154167,53280,NaN,NaN,NaN,NaN,NaN,NaN,NaN
1565658000,0.145833,0.154167,0.145833,0.154167,384480,NaN,NaN,NaN,NaN,NaN,NaN,NaN
1565744400,0.145833,0.15,0.144792,0.144792,616320,NaN,NaN,NaN,NaN,NaN,NaN,NaN
1565830800,0.14375,0.14375,0.14375,0.14375,614400,NaN,NaN,NaN,NaN,NaN,NaN,NaN
1565917200,0.14375,0.15625,0.142708,0.15625,272160,NaN,NaN,NaN,NaN,NaN,NaN,NaN
1566176400,0.145833,0.154167,0.145833,0.145833,2045282,NaN,NaN,NaN,NaN,NaN,NaN,NaN
1566262800,0.14375,0.14375,0.141667,0.141667,249120,NaN,NaN,NaN,NaN,NaN,NaN,NaN
1566349200,0.14375,0.14375,0.14375,0.14375,480,NaN,NaN,NaN,NaN,NaN,NaN,NaN
1566435600,0.14375,0.145833,0.14375,0.145833,58080,NaN,NaN,NaN,NaN,NaN,NaN,NaN
1566522000,0.145833,0.15625,0.141667,0.141667,48480,NaN,NaN,NaN,NaN,NaN,NaN,NaN
1566781200,0.15,0.15,0.15,0.15,480,NaN,NaN,NaN,NaN,NaN,NaN,NaN
1566867600,0.15,0.15,0.15,0.15,0,NaN,NaN,NaN,NaN,NaN,NaN,NaN
1566954000,0.139583,0.145833,0.139583,0.145833,10080,NaN,NaN,NaN,NaN,NaN,NaN,NaN
1567040400,0.145833,0.145833,0.145833,0.145833,0,NaN,NaN,NaN,NaN,NaN,NaN,NaN
1567126800,0.141667,0.142708,0.140625,0.141667,293760,NaN,NaN,NaN,NaN,NaN,NaN,NaN
1567472400,0.139583,0.147917,0.139583,0.147917,72480,NaN,NaN,NaN,NaN,NaN,NaN,NaN
1567558800,0.144792,0.145833,0.139583,0.139583,73920,NaN,NaN,NaN,NaN,NaN,NaN,NaN
1567645200,0.135417,0.15,0.135417,0.15,12960,NaN,NaN,NaN,NaN,NaN,NaN,NaN
1567731600,0.15,0.160417,0.147917,0.160417,224640,NaN,NaN,NaN,NaN,NaN,NaN,NaN
1568077200,0.1625,0.173958,0.1625,0.173958,110400,NaN,NaN,NaN,NaN,NaN,NaN,NaN
1568163600,0.15625,0.15625,0.15625,0.15625,19200,NaN,NaN,NaN,NaN,NaN,NaN,NaN
1568250000,0.165625,0.165625,0.148958,0.160417,12960,NaN,NaN,NaN,NaN,NaN,NaN,NaN
1568336400,0.144792,0.160417,0.144792,0.160417,170880,NaN,NaN,NaN,NaN,NaN,NaN,NaN
1568682000,0.145833,0.158333,0.14375,0.158333,4800,NaN,NaN,NaN,NaN,NaN,NaN,NaN
1568768400,0.145833,0.15625,0.145833,0.152083,148800,NaN,NaN,NaN,NaN,NaN,NaN,NaN
1568854800,0.152083,0.152083,0.152083,0.152083,0,NaN,NaN,NaN,NaN,NaN,NaN,NaN
1568941200,0.152083,0.152083,0.152083,0.152083,0,NaN,NaN,NaN,NaN,NaN,NaN,NaN
1569200400,0.152083,0.15625,0.145833,0.153125,606720,NaN,NaN,NaN,NaN,NaN,NaN,NaN
1569286800,0.145833,0.152083,0.141667,0.141667,340320,NaN,NaN,NaN,NaN,NaN,NaN,NaN
1569373200,0.141667,0.146875,0.1375,0.145833,202080,NaN,NaN,NaN,NaN,NaN,NaN,NaN
1569459600,0.144792,0.144792,0.138542,0.138542,40800,NaN,NaN,NaN,NaN,NaN,NaN,NaN
1569546000,0.144792,0.144792,0.144792,0.144792,2400,NaN,NaN,NaN,NaN,NaN,NaN,NaN
1569805200,0.1375,0.152083,0.1375,0.152083,14400,3939133539.1296,357055000,150102000,11711000,97179000,206953000,4.9052103846576
1569891600,0.152083,0.152083,0.152083,0.152083,0,NaN,NaN,NaN,NaN,NaN,NaN,NaN
1569978000,0.152083,0.157292,0.152083,0.157292,20160,NaN,NaN,NaN,NaN,NaN,NaN,NaN
1570064400,0.154167,0.160417,0.154167,0.160417,12960,NaN,NaN,NaN,NaN,NaN,NaN,NaN
1570150800,0.15625,0.160417,0.154167,0.160417,24000,NaN,NaN,NaN,NaN,NaN,NaN,NaN
1570410000,0.15625,0.15625,0.145833,0.147917,206880,NaN,NaN,NaN,NaN,NaN,NaN,NaN
1570496400,0.160417,0.160417,0.160417,0.160417,57600,NaN,NaN,NaN,NaN,NaN,NaN,NaN
1570582800,0.1625,0.1625,0.145833,0.160417,296640,NaN,NaN,NaN,NaN,NaN,NaN,NaN
1570669200,0.147917,0.152083,0.145833,0.145833,236640,NaN,NaN,NaN,NaN,NaN,NaN,NaN
1570755600,0.15,0.15,0.15,0.15,2400,NaN,NaN,NaN,NaN,NaN,NaN,NaN
1571014800,0.15,0.15,0.15,0.15,0,NaN,NaN,NaN,NaN,NaN,NaN,NaN
1571101200,0.139583,0.141667,0.139583,0.140625,69600,NaN,NaN,NaN,NaN,NaN,NaN,NaN
1571187600,0.141667,0.141667,0.139583,0.141667,256320,NaN,NaN,NaN,NaN,NaN,NaN,NaN
1571274000,0.139583,0.141667,0.139583,0.140625,214080,NaN,NaN,NaN,NaN,NaN,NaN,NaN
1571360400,0.139583,0.15,0.139583,0.15,38400,NaN,NaN,NaN,NaN,NaN,NaN,NaN
1571619600,0.145833,0.145833,0.145833,0.145833,33600,NaN,NaN,NaN,NaN,NaN,NaN,NaN
1571706000,0.134375,0.144792,0.134375,0.144792,27840,NaN,NaN,NaN,NaN,NaN,NaN,NaN
1571792400,0.144792,0.145833,0.144792,0.144792,239520,NaN,NaN,NaN,NaN,NaN,NaN,NaN
1571878800,0.1375,0.139583,0.1375,0.139583,277440,NaN,NaN,NaN,NaN,NaN,NaN,NaN
1571965200,0.139583,0.139583,0.139583,0.139583,96000,NaN,NaN,NaN,NaN,NaN,NaN,NaN
1572310800,0.139583,0.144792,0.139583,0.14375,86400,NaN,NaN,NaN,NaN,NaN,NaN,NaN
1572397200,0.14375,0.14375,0.14375,0.14375,0,NaN,NaN,NaN,NaN,NaN,NaN,NaN
1572483600,0.144792,0.15,0.144792,0.15,79680,NaN,NaN,NaN,NaN,NaN,NaN,NaN
1572570000,0.15,0.15,0.15,0.15,19200,NaN,NaN,NaN,NaN,NaN,NaN,NaN
1572829200,0.139583,0.140625,0.139583,0.140625,239520,NaN,NaN,NaN,NaN,NaN,NaN,NaN
1572915600,0.140625,0.140625,0.139583,0.139583,211680,NaN,NaN,NaN,NaN,NaN,NaN,NaN
1573002000,0.145833,0.147917,0.138542,0.144792,308640,NaN,NaN,NaN,NaN,NaN,NaN,NaN
1573088400,0.144792,0.144792,0.144792,0.144792,0,NaN,NaN,NaN,NaN,NaN,NaN,NaN
1573174800,0.139583,0.139583,0.139583,0.139583,480,NaN,NaN,NaN,NaN,NaN,NaN,NaN
1573434000,0.144792,0.145833,0.144792,0.145833,9600,NaN,NaN,NaN,NaN,NaN,NaN,NaN
1573520400,0.145833,0.145833,0.145833,0.145833,0,NaN,NaN,NaN,NaN,NaN,NaN,NaN
1573606800,0.139583,0.139583,0.138542,0.138542,301920,NaN,NaN,NaN,NaN,NaN,NaN,NaN
1573693200,0.1375,0.1375,0.1375,0.1375,572640,NaN,NaN,NaN,NaN,NaN,NaN,NaN
1573779600,0.1375,0.140625,0.1375,0.1375,34080,NaN,NaN,NaN,NaN,NaN,NaN,NaN
1574038800,0.145833,0.145833,0.136458,0.136458,1474081,NaN,NaN,NaN,NaN,NaN,NaN,NaN
1574125200,0.14375,0.147917,0.14375,0.145833,2259842,NaN,NaN,NaN,NaN,NaN,NaN,NaN
1574211600,0.148958,0.15625,0.144792,0.146875,2471522,NaN,NaN,NaN,NaN,NaN,NaN,NaN
1574298000,0.147917,0.147917,0.14375,0.145833,888480,NaN,NaN,NaN,NaN,NaN,NaN,NaN
1574384400,0.144792,0.145833,0.144792,0.145833,181920,NaN,NaN,NaN,NaN,NaN,NaN,NaN
1574643600,0.147917,0.148958,0.145833,0.146875,549600,NaN,NaN,NaN,NaN,NaN,NaN,NaN
1574730000,0.145833,0.147917,0.142708,0.14375,2784482,NaN,NaN,NaN,NaN,NaN,NaN,NaN
1574816400,0.14375,0.14375,0.142708,0.14375,1658401,NaN,NaN,NaN,NaN,NaN,NaN,NaN
1574902800,0.144792,0.145833,0.142708,0.145833,1892161,NaN,NaN,NaN,NaN,NaN,NaN,NaN
1574989200,0.125,0.1375,0.125,0.1375,208320,NaN,NaN,NaN,NaN,NaN,NaN,NaN
1575248400,0.125,0.1375,0.116667,0.1375,1172641,NaN,NaN,NaN,NaN,NaN,NaN,NaN
1575334800,0.129167,0.132292,0.128125,0.129167,323040,NaN,NaN,NaN,NaN,NaN,NaN,NaN
1575421200,0.128125,0.132292,0.128125,0.132292,385440,NaN,NaN,NaN,NaN,NaN,NaN,NaN
1575507600,0.132292,0.132292,0.132292,0.132292,366720,NaN,NaN,NaN,NaN,NaN,NaN,NaN
1575594000,0.133333,0.14375,0.129167,0.14375,2090402,NaN,NaN,NaN,NaN,NaN,NaN,NaN
1575853200,0.1375,0.1375,0.132292,0.1375,364320,NaN,NaN,NaN,NaN,NaN,NaN,NaN
1575939600,0.135417,0.135417,0.130208,0.135417,792000,NaN,NaN,NaN,NaN,NaN,NaN,NaN
1576026000,0.134375,0.135417,0.132292,0.135417,716160,NaN,NaN,NaN,NaN,NaN,NaN,NaN
1576112400,0.133333,0.136458,0.132292,0.132292,377760,NaN,NaN,NaN,NaN,NaN,NaN,NaN
1576198800,0.133333,0.133333,0.129167,0.132292,230400,NaN,NaN,NaN,NaN,NaN,NaN,NaN
1576458000,0.132292,0.132292,0.132292,0.132292,0,NaN,NaN,NaN,NaN,NaN,NaN,NaN
1576544400,0.129167,0.132292,0.129167,0.13125,2286722,NaN,NaN,NaN,NaN,NaN,NaN,NaN
1576630800,0.130208,0.130208,0.130208,0.130208,134400,NaN,NaN,NaN,NaN,NaN,NaN,NaN
1576717200,0.13125,0.13125,0.13125,0.13125,14400,NaN,NaN,NaN,NaN,NaN,NaN,NaN
1576803600,0.13125,0.13125,0.13125,0.13125,0,NaN,NaN,NaN,NaN,NaN,NaN,NaN
1577062800,0.129167,0.132292,0.129167,0.132292,179520,NaN,NaN,NaN,NaN,NaN,NaN,NaN
1577149200,0.130208,0.130208,0.130208,0.130208,352800,NaN,NaN,NaN,NaN,NaN,NaN,NaN
1577322000,0.133333,0.133333,0.13125,0.132292,135360,NaN,NaN,NaN,NaN,NaN,NaN,NaN
1577408400,0.133333,0.133333,0.128125,0.128125,2410562,NaN,NaN,NaN,NaN,NaN,NaN,NaN
1577667600,0.129167,0.129167,0.126042,0.126042,848160,NaN,NaN,NaN,NaN,NaN,NaN,NaN
1577754000,0.126042,0.133333,0.125,0.133333,355200,3939265846.46191,357321873,171981671,10283000,82765000,185340202,6.84750684750017
1577926800,0.127083,0.127083,0.126042,0.126042,2517122,NaN,NaN,NaN,NaN,NaN,NaN,NaN
1578013200,0.126042,0.127083,0.125,0.125,1673761,NaN,NaN,NaN,NaN,NaN,NaN,NaN
1578272400,0.125,0.126042,0.123958,0.125,413760,NaN,NaN,NaN,NaN,NaN,NaN,NaN
1578358800,0.125,0.125,0.122917,0.122917,1301281,NaN,NaN,NaN,NaN,NaN,NaN,NaN
1578445200,0.120833,0.123958,0.116667,0.123958,540480,NaN,NaN,NaN,NaN,NaN,NaN,NaN
1578531600,0.123958,0.123958,0.11875,0.121875,1829761,NaN,NaN,NaN,NaN,NaN,NaN,NaN
1578618000,0.121875,0.121875,0.11875,0.11875,3450723,NaN,NaN,NaN,NaN,NaN,NaN,NaN
1578877200,0.119792,0.119792,0.117708,0.119792,331200,NaN,NaN,NaN,NaN,NaN,NaN,NaN
1578963600,0.11875,0.11875,0.116667,0.11875,6036966,NaN,NaN,NaN,NaN,NaN,NaN,NaN
1579050000,0.120833,0.120833,0.119792,0.119792,417600,NaN,NaN,NaN,NaN,NaN,NaN,NaN
1579136400,0.11875,0.120833,0.113542,0.120833,5472485,NaN,NaN,NaN,NaN,NaN,NaN,NaN
1579222800,0.11875,0.120833,0.114583,0.11875,7294567,NaN,NaN,NaN,NaN,NaN,NaN,NaN
1579482000,0.117708,0.117708,0.114583,0.114583,13842733,NaN,NaN,NaN,NaN,NaN,NaN,NaN
1579568400,0.116667,0.116667,0.115625,0.115625,12254892,NaN,NaN,NaN,NaN,NaN,NaN,NaN
1579654800,0.116667,0.122917,0.115625,0.117708,6857286,NaN,NaN,NaN,NaN,NaN,NaN,NaN
1579741200,0.117708,0.121875,0.115625,0.116667,5071205,NaN,NaN,NaN,NaN,NaN,NaN,NaN
1579827600,0.11875,0.11875,0.116667,0.11875,3598563,NaN,NaN,NaN,NaN,NaN,NaN,NaN
1580173200,0.116667,0.122917,0.116667,0.122917,848640,NaN,NaN,NaN,NaN,NaN,NaN,NaN
1580259600,0.125,0.13125,0.125,0.13125,2948642,NaN,NaN,NaN,NaN,NaN,NaN,NaN
1580346000,0.13125,0.132292,0.129167,0.13125,2314562,NaN,NaN,NaN,NaN,NaN,NaN,NaN
1580432400,0.133333,0.134375,0.11875,0.119792,2867522,NaN,NaN,NaN,NaN,NaN,NaN,NaN
1580691600,0.11875,0.123958,0.108333,0.115625,16544656,NaN,NaN,NaN,NaN,NaN,NaN,NaN
1580778000,0.117708,0.11875,0.113542,0.115625,1872961,NaN,NaN,NaN,NaN,NaN,NaN,NaN
1580864400,0.115625,0.11875,0.115625,0.116667,1063681,NaN,NaN,NaN,NaN,NaN,NaN,NaN
1580950800,0.11875,0.122917,0.116667,0.122917,817440,NaN,NaN,NaN,NaN,NaN,NaN,NaN
1581037200,0.117708,0.125,0.116667,0.125,2668802,NaN,NaN,NaN,NaN,NaN,NaN,NaN
1581296400,0.123958,0.123958,0.123958,0.123958,76800,NaN,NaN,NaN,NaN,NaN,NaN,NaN
1581382800,0.122917,0.130208,0.122917,0.130208,2592962,NaN,NaN,NaN,NaN,NaN,NaN,NaN
1581469200,0.130208,0.130208,0.121875,0.121875,1392001,NaN,NaN,NaN,NaN,NaN,NaN,NaN
1581555600,0.130208,0.13125,0.120833,0.120833,3775683,NaN,NaN,NaN,NaN,NaN,NaN,NaN
1581642000,0.125,0.127083,0.119792,0.119792,1744321,NaN,NaN,NaN,NaN,NaN,NaN,NaN
1581901200,0.119792,0.123958,0.119792,0.119792,959040,NaN,NaN,NaN,NaN,NaN,NaN,NaN
1581987600,0.123958,0.126042,0.121875,0.126042,969600,NaN,NaN,NaN,NaN,NaN,NaN,NaN
1582074000,0.120833,0.126042,0.120833,0.125,283200,NaN,NaN,NaN,NaN,NaN,NaN,NaN
1582160400,0.122917,0.125,0.122917,0.125,16139056,NaN,NaN,NaN,NaN,NaN,NaN,NaN
1582246800,0.125,0.13125,0.125,0.13125,10805770,NaN,NaN,NaN,NaN,NaN,NaN,NaN
1582506000,0.128125,0.130208,0.122917,0.126042,7778887,NaN,NaN,NaN,NaN,NaN,NaN,NaN
1582592400,0.125,0.1375,0.125,0.130208,8382248,NaN,NaN,NaN,NaN,NaN,NaN,NaN
1582678800,0.130208,0.13125,0.128125,0.129167,2784962,NaN,NaN,NaN,NaN,NaN,NaN,NaN
1582765200,0.129167,0.136458,0.128125,0.133333,3519843,NaN,NaN,NaN,NaN,NaN,NaN,NaN
1582851600,0.132292,0.132292,0.125,0.126042,4836004,NaN,NaN,NaN,NaN,NaN,NaN,NaN
1583110800,0.125,0.126042,0.125,0.126042,1541281,NaN,NaN,NaN,NaN,NaN,NaN,NaN
1583197200,0.126042,0.128125,0.126042,0.127083,3028803,NaN,NaN,NaN,NaN,NaN,NaN,NaN
1583283600,0.126042,0.126042,0.125,0.125,2444642,NaN,NaN,NaN,NaN,NaN,NaN,NaN
1583370000,0.125,0.126042,0.125,0.126042,1718401,NaN,NaN,NaN,NaN,NaN,NaN,NaN
1583456400,0.125,0.126042,0.123958,0.126042,6394566,NaN,NaN,NaN,NaN,NaN,NaN,NaN
1583715600,0.123958,0.123958,0.115625,0.122917,4563844,NaN,NaN,NaN,NaN,NaN,NaN,NaN
1583802000,0.116667,0.122917,0.116667,0.122917,1193761,NaN,NaN,NaN,NaN,NaN,NaN,NaN
1583888400,0.120833,0.13125,0.120833,0.123958,5964965,NaN,NaN,NaN,NaN,NaN,NaN,NaN
1583974800,0.123958,0.123958,0.116667,0.122917,2048642,NaN,NaN,NaN,NaN,NaN,NaN,NaN
1584061200,0.114583,0.120833,0.111458,0.120833,16802896,NaN,NaN,NaN,NaN,NaN,NaN,NaN
1584320400,0.116667,0.116667,0.098958,0.114583,8417288,NaN,NaN,NaN,NaN,NaN,NaN,NaN
1584406800,0.113542,0.114583,0.111458,0.114583,1694401,NaN,NaN,NaN,NaN,NaN,NaN,NaN
1584493200,0.10625,0.114583,0.104167,0.114583,6901926,NaN,NaN,NaN,NaN,NaN,NaN,NaN
1584579600,0.10625,0.11875,0.10625,0.1125,12318252,NaN,NaN,NaN,NaN,NaN,NaN,NaN
1584666000,0.1125,0.115625,0.110417,0.1125,1043041,NaN,NaN,NaN,NaN,NaN,NaN,NaN
1584925200,0.1125,0.1125,0.107292,0.110417,980160,NaN,NaN,NaN,NaN,NaN,NaN,NaN
1585011600,0.10625,0.111458,0.10625,0.111458,1163521,NaN,NaN,NaN,NaN,NaN,NaN,NaN
1585098000,0.111458,0.116667,0.105208,0.110417,4445284,NaN,NaN,NaN,NaN,NaN,NaN,NaN
1585184400,0.107292,0.108333,0.105208,0.107292,6182406,NaN,NaN,NaN,NaN,NaN,NaN,NaN
1585270800,0.107292,0.107292,0.104167,0.105208,1775521,NaN,NaN,NaN,NaN,NaN,NaN,NaN
1585530000,0.104167,0.105208,0.104167,0.105208,3220323,NaN,NaN,NaN,NaN,NaN,NaN,NaN
1585616400,0.10625,0.107292,0.103125,0.105208,3302883,3883559083.5551996,356766000,174573000,11685000,104566000,182193000,10.6550601599995
1585702800,0.104167,0.107292,0.104167,0.107292,4728004,NaN,NaN,NaN,NaN,NaN,NaN,NaN
1585789200,0.105208,0.105208,0.103125,0.104167,4664164,NaN,NaN,NaN,NaN,NaN,NaN,NaN
1585875600,0.104167,0.104167,0.103125,0.104167,3788643,NaN,NaN,NaN,NaN,NaN,NaN,NaN
1586134800,0.103125,0.105208,0.103125,0.104167,1640161,NaN,NaN,NaN,NaN,NaN,NaN,NaN
1586221200,0.10625,0.10625,0.104167,0.104167,5237285,NaN,NaN,NaN,NaN,NaN,NaN,NaN
1586307600,0.104167,0.104167,0.104167,0.104167,1372321,NaN,NaN,NaN,NaN,NaN,NaN,NaN
1586394000,0.10625,0.114583,0.10625,0.108333,12649932,NaN,NaN,NaN,NaN,NaN,NaN,NaN
1586480400,0.108333,0.110417,0.10625,0.107292,3514563,NaN,NaN,NaN,NaN,NaN,NaN,NaN
1586739600,0.105208,0.109375,0.103125,0.103125,3084963,NaN,NaN,NaN,NaN,NaN,NaN,NaN
1586826000,0.103125,0.107292,0.103125,0.105208,3916803,NaN,NaN,NaN,NaN,NaN,NaN,NaN
1586912400,0.10625,0.107292,0.104167,0.10625,3425763,NaN,NaN,NaN,NaN,NaN,NaN,NaN
1586998800,0.104167,0.110417,0.104167,0.109375,7019047,NaN,NaN,NaN,NaN,NaN,NaN,NaN
1587085200,0.110417,0.111458,0.10625,0.10625,7550887,NaN,NaN,NaN,NaN,NaN,NaN,NaN
1587344400,0.108333,0.108333,0.104167,0.105208,7694887,NaN,NaN,NaN,NaN,NaN,NaN,NaN
1587430800,0.105208,0.10625,0.102083,0.102083,4908484,NaN,NaN,NaN,NaN,NaN,NaN,NaN
1587517200,0.102083,0.107292,0.1,0.104167,7947367,NaN,NaN,NaN,NaN,NaN,NaN,NaN
1587603600,0.104167,0.10625,0.104167,0.105208,10438090,NaN,NaN,NaN,NaN,NaN,NaN,NaN
1587690000,0.105208,0.107292,0.103125,0.104167,4247524,NaN,NaN,NaN,NaN,NaN,NaN,NaN
1587949200,0.105208,0.105208,0.103125,0.104167,2883842,NaN,NaN,NaN,NaN,NaN,NaN,NaN
1588035600,0.105208,0.105208,0.102083,0.102083,1969921,NaN,NaN,NaN,NaN,NaN,NaN,NaN
1588122000,0.102083,0.103125,0.102083,0.103125,2344322,NaN,NaN,NaN,NaN,NaN,NaN,NaN
1588208400,0.103125,0.105208,0.102083,0.105208,13832653,NaN,NaN,NaN,NaN,NaN,NaN,NaN
1588554000,0.10625,0.145833,0.10625,0.135417,104010344,NaN,NaN,NaN,NaN,NaN,NaN,NaN
1588640400,0.14375,0.155208,0.14375,0.145833,156374076.00000003,NaN,NaN,NaN,NaN,NaN,NaN,NaN
1588726800,0.148958,0.154167,0.144792,0.145833,87885206.99999999,NaN,NaN,NaN,NaN,NaN,NaN,NaN
1588899600,0.145833,0.15,0.142708,0.146875,26538746,NaN,NaN,NaN,NaN,NaN,NaN,NaN
1589245200,0.147917,0.154167,0.144792,0.151042,89668889,NaN,NaN,NaN,NaN,NaN,NaN,NaN
1589331600,0.152083,0.15625,0.145833,0.152083,46532205.99999999,NaN,NaN,NaN,NaN,NaN,NaN,NaN
1589418000,0.148958,0.154167,0.146875,0.148958,35051555.00000001,NaN,NaN,NaN,NaN,NaN,NaN,NaN
1589504400,0.148958,0.153125,0.146875,0.147917,19378099,NaN,NaN,NaN,NaN,NaN,NaN,NaN
1589763600,0.15,0.152083,0.147917,0.15,37085797,NaN,NaN,NaN,NaN,NaN,NaN,NaN
1589850000,0.15,0.15625,0.146875,0.148958,75583275,NaN,NaN,NaN,NaN,NaN,NaN,NaN
1589936400,0.15,0.151042,0.144792,0.145833,22831222,NaN,NaN,NaN,NaN,NaN,NaN,NaN
1590022800,0.147917,0.148958,0.142708,0.142708,16838416,NaN,NaN,NaN,NaN,NaN,NaN,NaN
1590109200,0.142708,0.14375,0.134375,0.139583,28591228,NaN,NaN,NaN,NaN,NaN,NaN,NaN
1590541200,0.140625,0.14375,0.1375,0.14375,25567225,NaN,NaN,NaN,NaN,NaN,NaN,NaN
1590627600,0.144792,0.147917,0.140625,0.14375,34555234,NaN,NaN,NaN,NaN,NaN,NaN,NaN
1590714000,0.144792,0.146875,0.141667,0.142708,39506919,NaN,NaN,NaN,NaN,NaN,NaN,NaN
1590973200,0.14375,0.15,0.141667,0.145833,42944201.99999999,NaN,NaN,NaN,NaN,NaN,NaN,NaN
1591059600,0.152083,0.153125,0.139583,0.139583,64193824.00000001,NaN,NaN,NaN,NaN,NaN,NaN,NaN
1591146000,0.139583,0.139583,0.114583,0.134375,22141942,NaN,NaN,NaN,NaN,NaN,NaN,NaN
1591232400,0.135417,0.136458,0.132292,0.134375,9966249,NaN,NaN,NaN,NaN,NaN,NaN,NaN
1591318800,0.133333,0.141667,0.129167,0.135417,39303879,NaN,NaN,NaN,NaN,NaN,NaN,NaN
1591664400,0.1375,0.140625,0.133333,0.1375,35867074.99999999,NaN,NaN,NaN,NaN,NaN,NaN,NaN
1591750800,0.138542,0.139583,0.134375,0.136458,20592980,NaN,NaN,NaN,NaN,NaN,NaN,NaN
1591837200,0.136458,0.138542,0.13125,0.135417,21601461,NaN,NaN,NaN,NaN,NaN,NaN,NaN
1591923600,0.125,0.135417,0.122917,0.135417,14449934,NaN,NaN,NaN,NaN,NaN,NaN,NaN
1592182800,0.133333,0.1375,0.125,0.13125,29192669,NaN,NaN,NaN,NaN,NaN,NaN,NaN
1592269200,0.132292,0.134375,0.125,0.126042,19901299,NaN,NaN,NaN,NaN,NaN,NaN,NaN
1592355600,0.128125,0.129167,0.123958,0.125,19132819,NaN,NaN,NaN,NaN,NaN,NaN,NaN
1592442000,0.126042,0.127083,0.119792,0.120833,17958737,NaN,NaN,NaN,NaN,NaN,NaN,NaN
1592528400,0.122917,0.122917,0.117708,0.117708,10929610,NaN,NaN,NaN,NaN,NaN,NaN,NaN
1592787600,0.11875,0.11875,0.1125,0.113542,13203853,NaN,NaN,NaN,NaN,NaN,NaN,NaN
1592874000,0.125,0.141667,0.123958,0.127083,100270660,NaN,NaN,NaN,NaN,NaN,NaN,NaN
1592960400,0.13125,0.132292,0.121875,0.121875,25659865,NaN,NaN,NaN,NaN,NaN,NaN,NaN
1593046800,0.122917,0.126042,0.119792,0.120833,13083853,NaN,NaN,NaN,NaN,NaN,NaN,NaN
1593133200,0.123958,0.123958,0.114583,0.116667,17359217,NaN,NaN,NaN,NaN,NaN,NaN,NaN
1593392400,0.116667,0.120833,0.114583,0.117708,15064335,NaN,NaN,NaN,NaN,NaN,NaN,NaN
1593478800,0.120833,0.121875,0.116667,0.116667,8558888,3870541470.5376,366144000,182542000,16338999.999999998,100718000,183602000,5.35714821428556
1593565200,0.117708,0.119792,0.116667,0.117708,7779367,NaN,NaN,NaN,NaN,NaN,NaN,NaN
1593651600,0.116667,0.128125,0.116667,0.127083,31803871,NaN,NaN,NaN,NaN,NaN,NaN,NaN
1593738000,0.128125,0.129167,0.125,0.125,16893136,NaN,NaN,NaN,NaN,NaN,NaN,NaN
1593997200,0.125,0.128125,0.123958,0.126042,11192651,NaN,NaN,NaN,NaN,NaN,NaN,NaN
1594083600,0.128125,0.130208,0.126042,0.129167,28330588,NaN,NaN,NaN,NaN,NaN,NaN,NaN
1594170000,0.129167,0.132292,0.128125,0.129167,9126729,NaN,NaN,NaN,NaN,NaN,NaN,NaN
1594256400,0.129167,0.13125,0.128125,0.130208,9431049,NaN,NaN,NaN,NaN,NaN,NaN,NaN
1594342800,0.130208,0.13125,0.129167,0.130208,7024807,NaN,NaN,NaN,NaN,NaN,NaN,NaN
1594602000,0.130208,0.134375,0.129167,0.133333,26454746,NaN,NaN,NaN,NaN,NaN,NaN,NaN
1594688400,0.133333,0.139583,0.129167,0.13125,34533634,NaN,NaN,NaN,NaN,NaN,NaN,NaN
1594774800,0.13125,0.134375,0.13125,0.13125,8065928,NaN,NaN,NaN,NaN,NaN,NaN,NaN
1594861200,0.132292,0.132292,0.127083,0.128125,8796488,NaN,NaN,NaN,NaN,NaN,NaN,NaN
1594947600,0.127083,0.130208,0.126042,0.126042,6773286,NaN,NaN,NaN,NaN,NaN,NaN,NaN
1595206800,0.129167,0.13125,0.128125,0.128125,5161925,NaN,NaN,NaN,NaN,NaN,NaN,NaN
1595293200,0.129167,0.130208,0.128125,0.130208,3429123,NaN,NaN,NaN,NaN,NaN,NaN,NaN
1595379600,0.130208,0.130208,0.128125,0.130208,4883524,NaN,NaN,NaN,NaN,NaN,NaN,NaN
1595466000,0.130208,0.13125,0.125,0.125,23140343,NaN,NaN,NaN,NaN,NaN,NaN,NaN
1595552400,0.126042,0.135417,0.126042,0.129167,24008664,NaN,NaN,NaN,NaN,NaN,NaN,NaN
1595811600,0.132292,0.133333,0.129167,0.130208,12043692,NaN,NaN,NaN,NaN,NaN,NaN,NaN
1595898000,0.130208,0.13125,0.129167,0.13125,6894726,NaN,NaN,NaN,NaN,NaN,NaN,NaN
1595984400,0.13125,0.135417,0.129167,0.129167,36424356,NaN,NaN,NaN,NaN,NaN,NaN,NaN
1596070800,0.13125,0.145833,0.13125,0.138542,101466340.99999999,NaN,NaN,NaN,NaN,NaN,NaN,NaN
1596416400,0.144792,0.155208,0.141667,0.148958,177453297,NaN,NaN,NaN,NaN,NaN,NaN,NaN
1596502800,0.15625,0.1625,0.145833,0.15,96541056,NaN,NaN,NaN,NaN,NaN,NaN,NaN
1596589200,0.159375,0.172916,0.155208,0.15625,289705729,NaN,NaN,NaN,NaN,NaN,NaN,NaN
1596675600,0.158333,0.161458,0.145833,0.15625,192165792,NaN,NaN,NaN,NaN,NaN,NaN,NaN
1596762000,0.1625,0.165625,0.148958,0.148958,199848199,NaN,NaN,NaN,NaN,NaN,NaN,NaN
1597021200,0.15,0.15625,0.146875,0.148958,53306453,NaN,NaN,NaN,NaN,NaN,NaN,NaN
1597107600,0.151042,0.152083,0.146875,0.146875,41944361,NaN,NaN,NaN,NaN,NaN,NaN,NaN
1597194000,0.145833,0.145833,0.130208,0.133333,63055743,NaN,NaN,NaN,NaN,NaN,NaN,NaN
1597280400,0.135417,0.138542,0.134375,0.134375,21608181,NaN,NaN,NaN,NaN,NaN,NaN,NaN
1597366800,0.134375,0.135417,0.128125,0.130208,27335067,NaN,NaN,NaN,NaN,NaN,NaN,NaN
1597626000,0.130208,0.133333,0.126042,0.132292,22701142,NaN,NaN,NaN,NaN,NaN,NaN,NaN
1597712400,0.133333,0.141667,0.13125,0.141667,40298440,NaN,NaN,NaN,NaN,NaN,NaN,NaN
1597798800,0.142708,0.14375,0.1375,0.140625,18077778,NaN,NaN,NaN,NaN,NaN,NaN,NaN
1597971600,0.141667,0.142708,0.139583,0.141667,12035052,NaN,NaN,NaN,NaN,NaN,NaN,NaN
1598230800,0.145833,0.160417,0.145833,0.152083,175082094.99999997,NaN,NaN,NaN,NaN,NaN,NaN,NaN
1598317200,0.155208,0.157292,0.141667,0.141667,72988872,NaN,NaN,NaN,NaN,NaN,NaN,NaN
1598403600,0.14375,0.147917,0.141667,0.147917,21478581,NaN,NaN,NaN,NaN,NaN,NaN,NaN
1598490000,0.15,0.15,0.142708,0.145833,18940338,NaN,NaN,NaN,NaN,NaN,NaN,NaN
1598576400,0.145833,0.15,0.141667,0.14375,22643062,NaN,NaN,NaN,NaN,NaN,NaN,NaN
1598922000,0.145833,0.15,0.142708,0.148958,60172380,NaN,NaN,NaN,NaN,NaN,NaN,NaN
1599008400,0.148958,0.15,0.145833,0.145833,11460491,NaN,NaN,NaN,NaN,NaN,NaN,NaN
1599094800,0.146875,0.146875,0.144792,0.145833,13550413,NaN,NaN,NaN,NaN,NaN,NaN,NaN
1599181200,0.144792,0.144792,0.138542,0.142708,23286743,NaN,NaN,NaN,NaN,NaN,NaN,NaN
1599440400,0.14375,0.14375,0.140625,0.141667,9515049,NaN,NaN,NaN,NaN,NaN,NaN,NaN
1599526800,0.139583,0.139583,0.133333,0.134375,11124491,NaN,NaN,NaN,NaN,NaN,NaN,NaN
1599613200,0.133333,0.135417,0.13125,0.133333,8488328,NaN,NaN,NaN,NaN,NaN,NaN,NaN
1599699600,0.133333,0.136458,0.125,0.127083,14572814,NaN,NaN,NaN,NaN,NaN,NaN,NaN
1599786000,0.125,0.132292,0.125,0.132292,11450891,NaN,NaN,NaN,NaN,NaN,NaN,NaN
1600045200,0.133333,0.1375,0.133333,0.136458,15199215,NaN,NaN,NaN,NaN,NaN,NaN,NaN
1600131600,0.1375,0.142708,0.1375,0.139583,14281934,NaN,NaN,NaN,NaN,NaN,NaN,NaN
1600304400,0.140625,0.14375,0.139583,0.139583,13938253,NaN,NaN,NaN,NaN,NaN,NaN,NaN
1600390800,0.140625,0.140625,0.1375,0.1375,4100164,NaN,NaN,NaN,NaN,NaN,NaN,NaN
1600650000,0.1375,0.147917,0.1375,0.140625,44570924,NaN,NaN,NaN,NaN,NaN,NaN,NaN
1600736400,0.139583,0.14375,0.138542,0.139583,7329607,NaN,NaN,NaN,NaN,NaN,NaN,NaN
1600822800,0.139583,0.14375,0.1375,0.1375,11759531,NaN,NaN,NaN,NaN,NaN,NaN,NaN
1600909200,0.138542,0.141667,0.138542,0.140625,7662247,NaN,NaN,NaN,NaN,NaN,NaN,NaN
1600995600,0.141667,0.141667,0.138542,0.140625,8242088,NaN,NaN,NaN,NaN,NaN,NaN,NaN
1601254800,0.142708,0.142708,0.139583,0.142708,8114408,NaN,NaN,NaN,NaN,NaN,NaN,NaN
1601341200,0.142708,0.14375,0.140625,0.141667,8591528,NaN,NaN,NaN,NaN,NaN,NaN,NaN
1601427600,0.142708,0.14375,0.139583,0.142708,6412806,3939267939.264,317811000,121319000,13879000,111563000,196492000,5.8370861290512
1601514000,0.142708,0.142708,0.138542,0.142708,9137289,NaN,NaN,NaN,NaN,NaN,NaN,NaN
1601600400,0.140625,0.142708,0.139583,0.139583,7476007,NaN,NaN,NaN,NaN,NaN,NaN,NaN
1601859600,0.139583,0.145833,0.139583,0.14375,21400821,NaN,NaN,NaN,NaN,NaN,NaN,NaN
1601946000,0.14375,0.14375,0.139583,0.140625,6456006,NaN,NaN,NaN,NaN,NaN,NaN,NaN
1602032400,0.140625,0.142708,0.139583,0.141667,11544011,NaN,NaN,NaN,NaN,NaN,NaN,NaN
1602118800,0.142708,0.142708,0.140625,0.140625,13190413,NaN,NaN,NaN,NaN,NaN,NaN,NaN
1602205200,0.140625,0.145833,0.140625,0.144792,21846741,NaN,NaN,NaN,NaN,NaN,NaN,NaN
1602464400,0.145833,0.151042,0.14375,0.14375,36253956,NaN,NaN,NaN,NaN,NaN,NaN,NaN
1602550800,0.14375,0.145833,0.142708,0.145833,17451857,NaN,NaN,NaN,NaN,NaN,NaN,NaN
1602637200,0.145833,0.152083,0.144792,0.147917,53033333,NaN,NaN,NaN,NaN,NaN,NaN,NaN
1602723600,0.15,0.167708,0.148958,0.160417,325241125,NaN,NaN,NaN,NaN,NaN,NaN,NaN
1602810000,0.164583,0.167708,0.153125,0.153125,159831519,NaN,NaN,NaN,NaN,NaN,NaN,NaN
1603069200,0.15625,0.159375,0.153125,0.15625,44056364,NaN,NaN,NaN,NaN,NaN,NaN,NaN
1603155600,0.157292,0.167708,0.155208,0.159375,142083502.00000003,NaN,NaN,NaN,NaN,NaN,NaN,NaN
1603242000,0.160417,0.161458,0.153125,0.154167,37270117,NaN,NaN,NaN,NaN,NaN,NaN,NaN
1603328400,0.15625,0.157292,0.152083,0.154167,15412815,NaN,NaN,NaN,NaN,NaN,NaN,NaN
1603414800,0.154167,0.154167,0.146875,0.146875,26782586,NaN,NaN,NaN,NaN,NaN,NaN,NaN
1603674000,0.148958,0.151042,0.142708,0.146875,23129303,NaN,NaN,NaN,NaN,NaN,NaN,NaN
1603760400,0.145833,0.148958,0.144792,0.144792,15276015,NaN,NaN,NaN,NaN,NaN,NaN,NaN
1603846800,0.148958,0.148958,0.144792,0.145833,12636012,NaN,NaN,NaN,NaN,NaN,NaN,NaN
1604019600,0.145833,0.146875,0.141667,0.142708,16484656,NaN,NaN,NaN,NaN,NaN,NaN,NaN
1604278800,0.14375,0.148958,0.142708,0.14375,19323859,NaN,NaN,NaN,NaN,NaN,NaN,NaN
1604365200,0.145833,0.148958,0.144792,0.147917,11017451,NaN,NaN,NaN,NaN,NaN,NaN,NaN
1604451600,0.147917,0.148958,0.145833,0.145833,17390417,NaN,NaN,NaN,NaN,NaN,NaN,NaN
1604538000,0.146875,0.152083,0.145833,0.152083,17448977,NaN,NaN,NaN,NaN,NaN,NaN,NaN
1604624400,0.152083,0.154167,0.145833,0.145833,16605616,NaN,NaN,NaN,NaN,NaN,NaN,NaN
1604883600,0.148958,0.151042,0.147917,0.148958,23118743,NaN,NaN,NaN,NaN,NaN,NaN,NaN
1604970000,0.147917,0.153125,0.146875,0.15,20644340,NaN,NaN,NaN,NaN,NaN,NaN,NaN
1605056400,0.15,0.151042,0.15,0.15,13327693,NaN,NaN,NaN,NaN,NaN,NaN,NaN
1605142800,0.15,0.154167,0.15,0.154167,22326262,NaN,NaN,NaN,NaN,NaN,NaN,NaN
1605229200,0.154167,0.160417,0.153125,0.158333,50569970,NaN,NaN,NaN,NaN,NaN,NaN,NaN
1605488400,0.161458,0.163542,0.154167,0.157292,41872841,NaN,NaN,NaN,NaN,NaN,NaN,NaN
1605574800,0.157292,0.157292,0.151042,0.155208,21421461,NaN,NaN,NaN,NaN,NaN,NaN,NaN
1605661200,0.155208,0.155208,0.153125,0.153125,13654573,NaN,NaN,NaN,NaN,NaN,NaN,NaN
1605747600,0.153125,0.159375,0.153125,0.157292,22373782,NaN,NaN,NaN,NaN,NaN,NaN,NaN
1605834000,0.158333,0.164583,0.158333,0.163542,60349020,NaN,NaN,NaN,NaN,NaN,NaN,NaN
1606093200,0.164583,0.171875,0.159375,0.159375,142256302,NaN,NaN,NaN,NaN,NaN,NaN,NaN
1606179600,0.1625,0.1625,0.155208,0.157292,33137793,NaN,NaN,NaN,NaN,NaN,NaN,NaN
1606266000,0.158333,0.163542,0.157292,0.163542,27390267,NaN,NaN,NaN,NaN,NaN,NaN,NaN
1606352400,0.171875,0.18125,0.16875,0.169791,100872580,NaN,NaN,NaN,NaN,NaN,NaN,NaN
1606438800,0.171875,0.178125,0.170833,0.173958,61044061.00000001,NaN,NaN,NaN,NaN,NaN,NaN,NaN
1606698000,0.178125,0.188541,0.175,0.183333,102716742,NaN,NaN,NaN,NaN,NaN,NaN,NaN
1606784400,0.18229148,0.19166647,0.18124982,0.18854147,46425647.31276159,NaN,NaN,NaN,NaN,NaN,NaN,NaN
1606870800,0.19062481,0.20833312,0.18958314,0.20624979,113647315.81892058,NaN,NaN,NaN,NaN,NaN,NaN,NaN
1606957200,0.20729146,0.20833312,0.19583313,0.19895813,42514603.32698428,NaN,NaN,NaN,NaN,NaN,NaN,NaN
1607043600,0.1999998,0.20520812,0.19270814,0.19479147,34957955.62594204,NaN,NaN,NaN,NaN,NaN,NaN,NaN
1607302800,0.19895813,0.20208313,0.19583313,0.1968748,30956671.5482003,NaN,NaN,NaN,NaN,NaN,NaN,NaN
1607389200,0.19895813,0.1999998,0.18854147,0.19062481,29413469.9755108,NaN,NaN,NaN,NaN,NaN,NaN,NaN
1607475600,0.19166647,0.19583313,0.19062481,0.19270814,16115056.42298744,NaN,NaN,NaN,NaN,NaN,NaN,NaN
1607562000,0.19270814,0.20104146,0.19166647,0.19166647,28560989.10674048,NaN,NaN,NaN,NaN,NaN,NaN,NaN
1607648400,0.1937498,0.19479147,0.18229148,0.18645814,43403084.23244253,NaN,NaN,NaN,NaN,NaN,NaN,NaN
1607907600,0.18645814,0.18645814,0.17395816,0.17499982,34744835.40874946,NaN,NaN,NaN,NaN,NaN,NaN,NaN
1607994000,0.17395816,0.18124982,0.17083316,0.17812482,22228342.65308806,NaN,NaN,NaN,NaN,NaN,NaN,NaN
1608080400,0.17916648,0.18020815,0.17291649,0.17395816,17313617.6444511,NaN,NaN,NaN,NaN,NaN,NaN,NaN
1608166800,0.17499982,0.17708315,0.17291649,0.17395816,11033291.24411847,NaN,NaN,NaN,NaN,NaN,NaN,NaN
1608253200,0.17604149,0.17604149,0.17187482,0.17291649,8887209.05702834,NaN,NaN,NaN,NaN,NaN,NaN,NaN
1608512400,0.17291649,0.17708315,0.17187482,0.17395816,13962254.22904889,NaN,NaN,NaN,NaN,NaN,NaN,NaN
1608598800,0.17395816,0.17499982,0.16770816,0.16979149,15075855.36392903,NaN,NaN,NaN,NaN,NaN,NaN,NaN
1608685200,0.16979149,0.17187482,0.16874983,0.17083316,6583686.70948964,NaN,NaN,NaN,NaN,NaN,NaN,NaN
1608771600,0.17187482,0.17395816,0.16979149,0.17291649,11367371.58458251,NaN,NaN,NaN,NaN,NaN,NaN,NaN
1609117200,0.17604149,0.20104146,0.17604149,0.1937498,63559264.77377301,NaN,NaN,NaN,NaN,NaN,NaN,NaN
1609203600,0.19479147,0.1968748,0.18333315,0.18541648,19421299.79240743,NaN,NaN,NaN,NaN,NaN,NaN,NaN
1609290000,0.18541648,0.18854147,0.18437481,0.18541648,9903370.09260646,NaN,NaN,NaN,NaN,NaN,NaN,NaN
1609376400,0.18541648,0.18749981,0.18333315,0.18749981,10238890.43453802,3939265846.46191,307054619,105787877,14698000,101795000,199794829,4.44267110933327
1609722000,0.18958314,0.1937498,0.18541648,0.18749981,17034257.35975272,NaN,NaN,NaN,NaN,NaN,NaN,NaN
1609808400,0.18541648,0.18958314,0.18437481,0.18541648,8919369.0898029,NaN,NaN,NaN,NaN,NaN,NaN,NaN
1609894800,0.18541648,0.18541648,0.17812482,0.17812482,15111375.40012779,NaN,NaN,NaN,NaN,NaN,NaN,NaN
1609981200,0.17916648,0.17916648,0.17499982,0.17916648,9482409.6636022,NaN,NaN,NaN,NaN,NaN,NaN,NaN
1610067600,0.17916648,0.17916648,0.17083316,0.17187482,21814102.23093221,NaN,NaN,NaN,NaN,NaN,NaN,NaN
1610326800,0.17187482,0.18020815,0.16979149,0.17604149,12081612.31247115,NaN,NaN,NaN,NaN,NaN,NaN,NaN
1610413200,0.17291649,0.18229148,0.17291649,0.18020815,13951214.21779793,NaN,NaN,NaN,NaN,NaN,NaN,NaN
1610499600,0.18020815,0.19062481,0.18020815,0.18541648,19852340.23168431,NaN,NaN,NaN,NaN,NaN,NaN,NaN
1610586000,0.18749981,0.19583313,0.18541648,0.19166647,32357312.97560558,NaN,NaN,NaN,NaN,NaN,NaN,NaN
1610672400,0.19270814,0.19479147,0.18958314,0.19166647,12461772.69989575,NaN,NaN,NaN,NaN,NaN,NaN,NaN
1610931600,0.19166647,0.19166647,0.18541648,0.18749981,12288012.52281531,NaN,NaN,NaN,NaN,NaN,NaN,NaN
1611018000,0.18645814,0.18958314,0.18645814,0.18749981,7490887.63402562,NaN,NaN,NaN,NaN,NaN,NaN,NaN
1611104400,0.18749981,0.18958314,0.18645814,0.18958314,7827367.97693552,NaN,NaN,NaN,NaN,NaN,NaN,NaN
1611190800,0.18958314,0.18958314,0.18645814,0.18645814,8565608.72928278,NaN,NaN,NaN,NaN,NaN,NaN,NaN
1611277200,0.18749981,0.18854147,0.18645814,0.18749981,5516645.62205923,NaN,NaN,NaN,NaN,NaN,NaN,NaN
1611536400,0.18749981,0.18749981,0.18124982,0.18437481,14422094.69767612,NaN,NaN,NaN,NaN,NaN,NaN,NaN
1611622800,0.18437481,0.18541648,0.18020815,0.18020815,5817605.92877037,NaN,NaN,NaN,NaN,NaN,NaN,NaN
1611709200,0.18124982,0.18437481,0.18020815,0.18229148,11255051.47011615,NaN,NaN,NaN,NaN,NaN,NaN,NaN
1611882000,0.18229148,0.18541648,0.18020815,0.18229148,14368814.64337798,NaN,NaN,NaN,NaN,NaN,NaN,NaN
1612227600,0.18437481,0.18749981,0.18124982,0.18749981,14448494.72458061,NaN,NaN,NaN,NaN,NaN,NaN,NaN
1612314000,0.19062481,0.1968748,0.19062481,0.1937498,38882439.62541618,NaN,NaN,NaN,NaN,NaN,NaN,NaN
1612400400,0.19583313,0.19791646,0.18958314,0.19270814,22632503.06497128,NaN,NaN,NaN,NaN,NaN,NaN,NaN
1612486800,0.19583313,0.19583313,0.19062481,0.19270814,9275049.4522797,NaN,NaN,NaN,NaN,NaN,NaN,NaN
1612746000,0.1937498,0.20624979,0.1937498,0.20520812,106499628.53465328,NaN,NaN,NaN,NaN,NaN,NaN,NaN
1612832400,0.20208313,0.21041645,0.1999998,0.20624979,79258160.77264792,NaN,NaN,NaN,NaN,NaN,NaN,NaN
1612918800,0.20729146,0.21874978,0.20520812,0.21249978,68798950.11357972,NaN,NaN,NaN,NaN,NaN,NaN,NaN
1613005200,0.21249978,0.21458311,0.20729146,0.21041645,15247215.5385636,NaN,NaN,NaN,NaN,NaN,NaN,NaN
1613350800,0.21458311,0.21874978,0.20833312,0.21041645,26789787.30169406,NaN,NaN,NaN,NaN,NaN,NaN,NaN
1613437200,0.21249978,0.21249978,0.20520812,0.20833312,18754099.11245769,NaN,NaN,NaN,NaN,NaN,NaN,NaN
1613523600,0.20833312,0.21874978,0.20833312,0.21458311,20233940.62057643,NaN,NaN,NaN,NaN,NaN,NaN,NaN
1613610000,0.21666645,0.22916643,0.21041645,0.22499977,68825350.14048421,NaN,NaN,NaN,NaN,NaN,NaN,NaN
1613696400,0.2333331,0.25416641,0.23124976,0.25416641,93892895.68702745,NaN,NaN,NaN,NaN,NaN,NaN,NaN
1613955600,0.26458306,0.27083306,0.22499977,0.22916643,178284661.69137496,NaN,NaN,NaN,NaN,NaN,NaN,NaN
1614042000,0.23958309,0.25624974,0.2333331,0.25208308,120368282.66831355,NaN,NaN,NaN,NaN,NaN,NaN,NaN
1614128400,0.25416641,0.25624974,0.22916643,0.24166642,48865969.79971445,NaN,NaN,NaN,NaN,NaN,NaN,NaN
1614214800,0.24166642,0.24374975,0.23541643,0.23749976,16626256.94395612,NaN,NaN,NaN,NaN,NaN,NaN,NaN
1614301200,0.2333331,0.23749976,0.22916643,0.2333331,30419071.00032713,NaN,NaN,NaN,NaN,NaN,NaN,NaN
1614560400,0.2333331,0.24791641,0.23124976,0.23541643,47772528.68537955,NaN,NaN,NaN,NaN,NaN,NaN,NaN
1614646800,0.23958309,0.24374975,0.23541643,0.23541643,21245781.651752,NaN,NaN,NaN,NaN,NaN,NaN,NaN
1614733200,0.23958309,0.25208308,0.23541643,0.24999975,58372859.48826444,NaN,NaN,NaN,NaN,NaN,NaN,NaN
1614819600,0.24999975,0.27708305,0.24999975,0.26458306,92301694.0654207,NaN,NaN,NaN,NaN,NaN,NaN,NaN
1614906000,0.26874973,0.29583303,0.26874973,0.28541638,135415338.00289223,NaN,NaN,NaN,NaN,NaN,NaN,NaN
1615165200,0.28958304,0.2937497,0.25416641,0.25624974,89797051.51291873,NaN,NaN,NaN,NaN,NaN,NaN,NaN
1615251600,0.25833307,0.26874973,0.25624974,0.26249973,24860185.33522072,NaN,NaN,NaN,NaN,NaN,NaN,NaN
1615338000,0.26666639,0.26874973,0.25624974,0.25833307,16424176.73801451,NaN,NaN,NaN,NaN,NaN,NaN,NaN
1615424400,0.2604164,0.26874973,0.25208308,0.26874973,18145458.492187,NaN,NaN,NaN,NaN,NaN,NaN,NaN
1615510800,0.27083306,0.28333304,0.26874973,0.28124971,33764674.40985927,NaN,NaN,NaN,NaN,NaN,NaN,NaN
1615770000,0.28333304,0.28541638,0.27083306,0.27708305,16389136.70230492,NaN,NaN,NaN,NaN,NaN,NaN,NaN
1615856400,0.27499972,0.27708305,0.26458306,0.27083306,13734733.99718114,NaN,NaN,NaN,NaN,NaN,NaN,NaN
1615942800,0.27083306,0.27499972,0.26666639,0.26874973,8870889.04039647,NaN,NaN,NaN,NaN,NaN,NaN,NaN
1616029200,0.27291639,0.27291639,0.26249973,0.26458306,15099375.38789848,NaN,NaN,NaN,NaN,NaN,NaN,NaN
1616115600,0.26249973,0.26458306,0.2604164,0.26458306,7730407.87812268,NaN,NaN,NaN,NaN,NaN,NaN,NaN
1616374800,0.26458306,0.26666639,0.25624974,0.25833307,7551847.69615052,NaN,NaN,NaN,NaN,NaN,NaN,NaN
1616461200,0.25833307,0.25833307,0.24791641,0.24999975,14805615.08852493,NaN,NaN,NaN,NaN,NaN,NaN,NaN
1616547600,0.24999975,0.26249973,0.24583308,0.25416641,11150891.36396572,NaN,NaN,NaN,NaN,NaN,NaN,NaN
1616634000,0.25416641,0.25624974,0.24999975,0.25416641,4761604.85259093,NaN,NaN,NaN,NaN,NaN,NaN,NaN
1616720400,0.25624974,0.26458306,0.24999975,0.26249973,17746578.08568467,NaN,NaN,NaN,NaN,NaN,NaN,NaN
1616979600,0.26458306,0.27083306,0.26249973,0.26666639,10335370.53286169,NaN,NaN,NaN,NaN,NaN,NaN,NaN
1617066000,0.26874973,0.27083306,0.25833307,0.26249973,7302727.44227,NaN,NaN,NaN,NaN,NaN,NaN,NaN
1617152400,0.26249973,0.26249973,0.25624974,0.26249973,9888010.07695294,3939267939.264,330281000,124930000,14030000,114816000,203975000,2.38095476190478
1617238800,0.2604164,0.27083306,0.2604164,0.27083306,19272499.64076396,NaN,NaN,NaN,NaN,NaN,NaN,NaN
1617325200,0.27083306,0.27083306,0.26249973,0.27083306,13293133.54714247,NaN,NaN,NaN,NaN,NaN,NaN,NaN
1617584400,0.27083306,0.27083306,0.26458306,0.27083306,5979366.0936215,NaN,NaN,NaN,NaN,NaN,NaN,NaN
1617670800,0.26874973,0.27083306,0.26249973,0.26666639,6749766.87874332,NaN,NaN,NaN,NaN,NaN,NaN,NaN
1617757200,0.26458306,0.26874973,0.2604164,0.26458306,7771207.91970234,NaN,NaN,NaN,NaN,NaN,NaN,NaN
1617843600,0.26249973,0.28124971,0.26249973,0.27916638,39034599.78048385,NaN,NaN,NaN,NaN,NaN,NaN,NaN
1617930000,0.27916638,0.28333304,0.27291639,0.28124971,33558754.20000428,NaN,NaN,NaN,NaN,NaN,NaN,NaN
1618189200,0.28541638,0.2937497,0.28541638,0.28749971,39278920.02947264,NaN,NaN,NaN,NaN,NaN,NaN,NaN
1618275600,0.29166637,0.30208303,0.28958304,0.29791636,30916351.50710981,NaN,NaN,NaN,NaN,NaN,NaN,NaN
1618362000,0.29791636,0.29999969,0.2937497,0.29999969,15568335.86581999,NaN,NaN,NaN,NaN,NaN,NaN,NaN
1618448400,0.29999969,0.30208303,0.29166637,0.29999969,21360981.76915339,NaN,NaN,NaN,NaN,NaN,NaN,NaN
1618534800,0.29791636,0.30833302,0.29583303,0.30624969,26757147.26843033,NaN,NaN,NaN,NaN,NaN,NaN,NaN
1618794000,0.30833302,0.31874968,0.30833302,0.31874968,43465964.29652412,NaN,NaN,NaN,NaN,NaN,NaN,NaN
1618880400,0.31874968,0.32291634,0.31249968,0.31874968,21020181.42184094,NaN,NaN,NaN,NaN,NaN,NaN,NaN
1618966800,0.31874968,0.31874968,0.31249968,0.31874968,14007854.27552028,NaN,NaN,NaN,NaN,NaN,NaN,NaN
1619053200,0.31458301,0.32499967,0.31249968,0.32083301,16812977.13424421,NaN,NaN,NaN,NaN,NaN,NaN,NaN
1619139600,0.32083301,0.33333299,0.31874968,0.33333299,20285300.67291788,NaN,NaN,NaN,NaN,NaN,NaN,NaN
1619398800,0.33333299,0.3604163,0.32916633,0.35208297,33279873.91579507,NaN,NaN,NaN,NaN,NaN,NaN,NaN
1619485200,0.35833297,0.36458296,0.34374965,0.34999964,37235077.94657626,NaN,NaN,NaN,NaN,NaN,NaN,NaN
1619571600,0.34999964,0.35208297,0.34791631,0.34999964,6029286.14449543,NaN,NaN,NaN,NaN,NaN,NaN,NaN
1619744400,0.35208297,0.37499962,0.35208297,0.37291629,25557146.04549915,NaN,NaN,NaN,NaN,NaN,NaN,NaN
1620003600,0.37291629,0.37916628,0.34999964,0.35416631,50485971.45067154,NaN,NaN,NaN,NaN,NaN,NaN,NaN
1620090000,0.35416631,0.35416631,0.33749966,0.34374965,23611704.06288312,NaN,NaN,NaN,NaN,NaN,NaN,NaN
1620176400,0.34166632,0.34583298,0.33333299,0.34166632,15683055.98273221,NaN,NaN,NaN,NaN,NaN,NaN,NaN
1620262800,0.33958299,0.34166632,0.31666634,0.31666634,33345153.98232253,NaN,NaN,NaN,NaN,NaN,NaN,NaN
1620349200,0.31666634,0.34583298,0.31666634,0.34166632,25334425.81852312,NaN,NaN,NaN,NaN,NaN,NaN,NaN
1620608400,0.34583298,0.34583298,0.32499967,0.33124966,10351690.54949355,NaN,NaN,NaN,NaN,NaN,NaN,NaN
1620694800,0.327083,0.327083,0.31874968,0.32083301,8850249.01936206,NaN,NaN,NaN,NaN,NaN,NaN,NaN
1620781200,0.32083301,0.32916633,0.31874968,0.32499967,5131205.22925374,NaN,NaN,NaN,NaN,NaN,NaN,NaN
1621213200,0.327083,0.327083,0.28749971,0.28749971,28383388.92574667,NaN,NaN,NaN,NaN,NaN,NaN,NaN
1621299600,0.28333304,0.31666634,0.28333304,0.30833302,14267054.53967342,NaN,NaN,NaN,NaN,NaN,NaN,NaN
1621386000,0.31249968,0.31249968,0.28958304,0.29166637,9156969.33194327,NaN,NaN,NaN,NaN,NaN,NaN,NaN
1621472400,0.29166637,0.29999969,0.28749971,0.28749971,8166728.32278046,NaN,NaN,NaN,NaN,NaN,NaN,NaN
1621558800,0.28541638,0.28541638,0.26666639,0.27916638,31476032.07748492,NaN,NaN,NaN,NaN,NaN,NaN,NaN
1621818000,0.28333304,0.29791636,0.28333304,0.29583303,11600651.82232033,NaN,NaN,NaN,NaN,NaN,NaN,NaN
1621904400,0.30208303,0.32083301,0.30208303,0.30833302,16025776.33200136,NaN,NaN,NaN,NaN,NaN,NaN,NaN
1622077200,0.31458301,0.31458301,0.30208303,0.30416636,8040488.1941281,NaN,NaN,NaN,NaN,NaN,NaN,NaN
1622163600,0.30624969,0.31666634,0.30208303,0.31041635,11199371.41337214,NaN,NaN,NaN,NaN,NaN,NaN,NaN
1622422800,0.2937497,0.31249968,0.28749971,0.30208303,11080331.29205737,NaN,NaN,NaN,NaN,NaN,NaN,NaN
1622509200,0.30208303,0.30208303,0.2937497,0.29999969,10446730.6463497,NaN,NaN,NaN,NaN,NaN,NaN,NaN
1622595600,0.30208303,0.31249968,0.29999969,0.31041635,7895048.04590884,NaN,NaN,NaN,NaN,NaN,NaN,NaN
1622682000,0.31458301,0.32083301,0.31041635,0.31249968,8262248.42012578,NaN,NaN,NaN,NaN,NaN,NaN,NaN
1622768400,0.31249968,0.32916633,0.31041635,0.327083,19208179.57521486,NaN,NaN,NaN,NaN,NaN,NaN,NaN
1623114000,0.33333299,0.34374965,0.33124966,0.34166632,18047058.39190664,NaN,NaN,NaN,NaN,NaN,NaN,NaN
1623200400,0.34583298,0.34791631,0.33333299,0.33958299,11448971.66774183,NaN,NaN,NaN,NaN,NaN,NaN,NaN
1623286800,0.33749966,0.33958299,0.32916633,0.33749966,7270567.40949545,NaN,NaN,NaN,NaN,NaN,NaN,NaN
1623373200,0.33749966,0.34374965,0.33333299,0.33958299,9515049.69686593,NaN,NaN,NaN,NaN,NaN,NaN,NaN
1623632400,0.34166632,0.35624964,0.34166632,0.34999964,24492504.96051461,NaN,NaN,NaN,NaN,NaN,NaN,NaN
1623718800,0.34791631,0.34999964,0.34166632,0.34166632,12068172.29877432,NaN,NaN,NaN,NaN,NaN,NaN,NaN
1623805200,0.34166632,0.34166632,0.33333299,0.34166632,10573930.77598041,NaN,NaN,NaN,NaN,NaN,NaN,NaN
1623891600,0.34166632,0.34791631,0.33541632,0.34374965,43919564.75879211,NaN,NaN,NaN,NaN,NaN,NaN,NaN
1623978000,0.34374965,0.34583298,0.32916633,0.33333299,46200047.08285052,NaN,NaN,NaN,NaN,NaN,NaN,NaN
1624237200,0.33333299,0.33541632,0.32083301,0.32499967,8743688.91076577,NaN,NaN,NaN,NaN,NaN,NaN,NaN
1624323600,0.32499967,0.33541632,0.32499967,0.33541632,6858726.98978547,NaN,NaN,NaN,NaN,NaN,NaN,NaN
1624410000,0.34166632,0.34166632,0.327083,0.327083,13032493.28152182,NaN,NaN,NaN,NaN,NaN,NaN,NaN
1624496400,0.327083,0.32916633,0.31666634,0.327083,15993616.2992268,NaN,NaN,NaN,NaN,NaN,NaN,NaN
1624582800,0.33333318,0.34333318,0.30499986,0.31333319,10344604.70209305,NaN,NaN,NaN,NaN,NaN,NaN,NaN
1624842000,0.31166653,0.31166653,0.30166653,0.30999986,7235103.28868331,NaN,NaN,NaN,NaN,NaN,NaN,NaN
1624928400,0.30833319,0.30833319,0.29999986,0.30833319,9567304.34877471,NaN,NaN,NaN,NaN,NaN,NaN,NaN
1625014800,0.30666653,0.31166653,0.29999986,0.30833319,12217505.55341162,3939264939.261,362976000,150276000,9533000,98704000,211420000,2.29621851243242
1625101200,0.30499986,0.31499986,0.3033332,0.31499986,22589110.2677774,NaN,NaN,NaN,NaN,NaN,NaN,NaN
1625187600,0.31499986,0.31666652,0.30999986,0.31499986,36501316.59150754,NaN,NaN,NaN,NaN,NaN,NaN,NaN
1625446800,0.31499986,0.31499986,0.30833319,0.31333319,38660417.57291708,NaN,NaN,NaN,NaN,NaN,NaN,NaN
1625533200,0.31333319,0.33999985,0.31166653,0.33999985,56674525.76114808,NaN,NaN,NaN,NaN,NaN,NaN,NaN
1625619600,0.33999985,0.34666651,0.32666652,0.32833318,24039310.92695952,NaN,NaN,NaN,NaN,NaN,NaN,NaN
1625706000,0.32333319,0.32666652,0.31666652,0.31833319,20221209.19145872,NaN,NaN,NaN,NaN,NaN,NaN,NaN
1625792400,0.31666652,0.33333318,0.31666652,0.32999985,8579103.89959268,NaN,NaN,NaN,NaN,NaN,NaN,NaN
1626051600,0.33666651,0.35999984,0.33333318,0.34666651,56918425.87201177,NaN,NaN,NaN,NaN,NaN,NaN,NaN
1626138000,0.34999984,0.37333316,0.34333318,0.3666665,59283026.94683044,NaN,NaN,NaN,NaN,NaN,NaN,NaN
1626224400,0.3666665,0.39666649,0.35999984,0.39333315,54121224.60055664,NaN,NaN,NaN,NaN,NaN,NaN,NaN
1626310800,0.39666649,0.4299998,0.38999982,0.42666647,73900233.59101528,NaN,NaN,NaN,NaN,NaN,NaN,NaN
1626397200,0.42666647,0.43333314,0.41666648,0.42666647,43236319.65287258,NaN,NaN,NaN,NaN,NaN,NaN,NaN
1626656400,0.42666647,0.4499998,0.42333314,0.4399998,45621920.7372367,NaN,NaN,NaN,NaN,NaN,NaN,NaN
1626829200,0.43666647,0.4499998,0.41666648,0.43333314,33041715.01896138,NaN,NaN,NaN,NaN,NaN,NaN,NaN
1626915600,0.43333314,0.4399998,0.4299998,0.43333314,11392505.17841145,NaN,NaN,NaN,NaN,NaN,NaN,NaN
1627002000,0.4399998,0.44333313,0.42333314,0.43333314,24951011.3413688,NaN,NaN,NaN,NaN,NaN,NaN,NaN
1627261200,0.4299998,0.43666647,0.42666647,0.4299998,13978806.35400289,NaN,NaN,NaN,NaN,NaN,NaN,NaN
1627347600,0.42666647,0.4299998,0.40666648,0.40666648,12632705.74213897,NaN,NaN,NaN,NaN,NaN,NaN,NaN
1627434000,0.40333315,0.41333315,0.39666649,0.40666648,18302108.31914015,NaN,NaN,NaN,NaN,NaN,NaN,NaN
1627520400,0.39999982,0.41333315,0.39999982,0.40666648,6107102.77595581,NaN,NaN,NaN,NaN,NaN,NaN,NaN
1627606800,0.40666648,0.40666648,0.39333315,0.39999982,6769203.07691049,NaN,NaN,NaN,NaN,NaN,NaN,NaN
1627866000,0.40333315,0.43666647,0.39999982,0.43333314,29248813.29491514,NaN,NaN,NaN,NaN,NaN,NaN,NaN
1627952400,0.43666647,0.4399998,0.41666648,0.42666647,10595704.81622946,NaN,NaN,NaN,NaN,NaN,NaN,NaN
1628038800,0.41666648,0.4299998,0.41333315,0.42666647,6119402.78154672,NaN,NaN,NaN,NaN,NaN,NaN,NaN
1628125200,0.42666647,0.4299998,0.41666648,0.42666647,7772703.53304706,NaN,NaN,NaN,NaN,NaN,NaN,NaN
1628211600,0.42666647,0.4299998,0.40333315,0.40999981,10070404.57745663,NaN,NaN,NaN,NaN,NaN,NaN,NaN
1628470800,0.41333315,0.41666648,0.40666648,0.41333315,5393102.45141021,NaN,NaN,NaN,NaN,NaN,NaN,NaN
1628643600,0.41666648,0.42666647,0.40999981,0.41666648,11226305.10286596,NaN,NaN,NaN,NaN,NaN,NaN,NaN
1628730000,0.42333314,0.42333314,0.41666648,0.41999981,3231901.46904612,NaN,NaN,NaN,NaN,NaN,NaN,NaN
1628816400,0.42333314,0.42666647,0.41333315,0.42333314,6315902.87086494,NaN,NaN,NaN,NaN,NaN,NaN,NaN
1629075600,0.41666648,0.41999981,0.40999981,0.41666648,4757402.16245553,NaN,NaN,NaN,NaN,NaN,NaN,NaN
1629162000,0.41666648,0.43666647,0.41666648,0.43333314,22427410.19427736,NaN,NaN,NaN,NaN,NaN,NaN,NaN
1629248400,0.43666647,0.45999979,0.4299998,0.45666646,43771519.89614541,NaN,NaN,NaN,NaN,NaN,NaN,NaN
1629334800,0.45999979,0.46333312,0.4299998,0.43666647,20105709.1389587,NaN,NaN,NaN,NaN,NaN,NaN,NaN
1629421200,0.43666647,0.44666646,0.40999981,0.40999981,21328809.6949135,NaN,NaN,NaN,NaN,NaN,NaN,NaN
1629680400,0.41333315,0.42666647,0.40999981,0.41666648,17706308.04832184,NaN,NaN,NaN,NaN,NaN,NaN,NaN
1629766800,0.40999981,0.41333315,0.40333315,0.40999981,13079105.94504816,NaN,NaN,NaN,NaN,NaN,NaN,NaN
1629853200,0.40999981,0.41999981,0.40666648,0.41999981,7267803.30354696,NaN,NaN,NaN,NaN,NaN,NaN,NaN
1629939600,0.41999981,0.42333314,0.41333315,0.41333315,3445801.56627344,NaN,NaN,NaN,NaN,NaN,NaN,NaN
1630026000,0.41333315,0.41333315,0.40999981,0.41333315,2570701.16850053,NaN,NaN,NaN,NaN,NaN,NaN,NaN
1630285200,0.41333315,0.41333315,0.40666648,0.40666648,4364101.98368272,NaN,NaN,NaN,NaN,NaN,NaN,NaN
1630458000,0.40666648,0.40999981,0.39666649,0.40333315,7045803.20263782,NaN,NaN,NaN,NaN,NaN,NaN,NaN
1630544400,0.39999982,0.40333315,0.39666649,0.39999982,5771402.62336483,NaN,NaN,NaN,NaN,NaN,NaN,NaN
1630630800,0.39999982,0.41666648,0.39666649,0.40999981,4560602.07300094,NaN,NaN,NaN,NaN,NaN,NaN,NaN
1630890000,0.41333315,0.43333314,0.40999981,0.43333314,19674008.94273134,NaN,NaN,NaN,NaN,NaN,NaN,NaN
1630976400,0.43333314,0.43333314,0.42333314,0.42333314,4452302.02377365,NaN,NaN,NaN,NaN,NaN,NaN,NaN
1631062800,0.41999981,0.42333314,0.41666648,0.41999981,2710201.23190965,NaN,NaN,NaN,NaN,NaN,NaN,NaN
1631149200,0.41999981,0.4299998,0.41666648,0.42333314,4913102.23322829,NaN,NaN,NaN,NaN,NaN,NaN,NaN
1631235600,0.42666647,0.42666647,0.41666648,0.41999981,3341101.51868251,NaN,NaN,NaN,NaN,NaN,NaN,NaN
1631494800,0.42333314,0.42333314,0.41666648,0.41999981,13014005.91545724,NaN,NaN,NaN,NaN,NaN,NaN,NaN
1631581200,0.41999981,0.43666647,0.41999981,0.43333314,28200312.81832401,NaN,NaN,NaN,NaN,NaN,NaN,NaN
1631667600,0.43333314,0.45666646,0.4299998,0.45666646,36808816.73128034,NaN,NaN,NaN,NaN,NaN,NaN,NaN
1631840400,0.45999979,0.47666645,0.41999981,0.43333314,45959120.8905095,NaN,NaN,NaN,NaN,NaN,NaN,NaN
1632099600,0.4299998,0.4299998,0.41666648,0.41666648,5788202.6310012,NaN,NaN,NaN,NaN,NaN,NaN,NaN
1632186000,0.41333315,0.42333314,0.40666648,0.42333314,23632210.74191398,NaN,NaN,NaN,NaN,NaN,NaN,NaN
1632272400,0.4299998,0.4299998,0.41999981,0.42666647,15933907.24268511,NaN,NaN,NaN,NaN,NaN,NaN,NaN
1632358800,0.42666647,0.4399998,0.42666647,0.43333314,5868302.6674103,NaN,NaN,NaN,NaN,NaN,NaN,NaN
1632445200,0.43333314,0.4399998,0.41999981,0.42333314,23322310.60105028,NaN,NaN,NaN,NaN,NaN,NaN,NaN
1632704400,0.4299998,0.4499998,0.4299998,0.43333314,20543709.3380497,NaN,NaN,NaN,NaN,NaN,NaN,NaN
1632790800,0.43333314,0.44333313,0.42666647,0.43333314,17431207.92327633,NaN,NaN,NaN,NaN,NaN,NaN,NaN
1632877200,0.42666647,0.43333314,0.42333314,0.43333314,6430802.92309224,NaN,NaN,NaN,NaN,NaN,NaN,NaN
1632963600,0.43333314,0.43333314,0.42666647,0.42666647,4992002.26909194,3914700914.697,511963000,315601000,10426000,112549000,195145000,1.17187617187499
1633050000,0.42666647,0.4299998,0.41333315,0.41666648,12557405.70791169,NaN,NaN,NaN,NaN,NaN,NaN,NaN
1633309200,0.41999981,0.4299998,0.41666648,0.41999981,8606403.91200178,NaN,NaN,NaN,NaN,NaN,NaN,NaN
1633395600,0.41666648,0.42333314,0.41333315,0.41999981,7127703.23986511,NaN,NaN,NaN,NaN,NaN,NaN,NaN
1633482000,0.41999981,0.43666647,0.41666648,0.43333314,12622805.73763897,NaN,NaN,NaN,NaN,NaN,NaN,NaN
1633568400,0.43333314,0.45333313,0.4299998,0.4499998,23818210.82645947,NaN,NaN,NaN,NaN,NaN,NaN,NaN
1633654800,0.4499998,0.45333313,0.43666647,0.4499998,12966005.89363904,NaN,NaN,NaN,NaN,NaN,NaN,NaN
1633914000,0.4499998,0.48666645,0.44333313,0.48666645,35158815.98128,NaN,NaN,NaN,NaN,NaN,NaN,NaN
1634000400,0.48999978,0.48999978,0.46999979,0.48333311,14265006.48409386,NaN,NaN,NaN,NaN,NaN,NaN,NaN
1634086800,0.48333311,0.48666645,0.46999979,0.46999979,22253110.11505006,NaN,NaN,NaN,NaN,NaN,NaN,NaN
1634173200,0.46999979,0.47333312,0.45666646,0.45666646,11419205.19054781,NaN,NaN,NaN,NaN,NaN,NaN,NaN
1634259600,0.45999979,0.47666645,0.4499998,0.47333312,15013506.82432128,NaN,NaN,NaN,NaN,NaN,NaN,NaN
1634518800,0.47999978,0.49333311,0.46999979,0.47999978,15282306.94650316,NaN,NaN,NaN,NaN,NaN,NaN,NaN
1634691600,0.47999978,0.47999978,0.45666646,0.45999979,12864305.84741175,NaN,NaN,NaN,NaN,NaN,NaN,NaN
1634778000,0.45666646,0.47666645,0.45666646,0.47666645,14172906.4422302,NaN,NaN,NaN,NaN,NaN,NaN,NaN
1634864400,0.47666645,0.47666645,0.46333312,0.47333312,7953903.61541074,NaN,NaN,NaN,NaN,NaN,NaN,NaN
1635123600,0.47333312,0.48666645,0.46999979,0.47999978,19671608.94164043,NaN,NaN,NaN,NaN,NaN,NaN,NaN
1635210000,0.47999978,0.48666645,0.47666645,0.48333311,6451202.93236497,NaN,NaN,NaN,NaN,NaN,NaN,NaN
1635296400,0.48333311,0.50666644,0.47999978,0.5033331,40039518.19978101,NaN,NaN,NaN,NaN,NaN,NaN,NaN
1635382800,0.5033331,0.5033331,0.47666645,0.47999978,16823707.64713984,NaN,NaN,NaN,NaN,NaN,NaN,NaN
1635469200,0.47666645,0.48999978,0.46999979,0.47999978,16690207.586458,NaN,NaN,NaN,NaN,NaN,NaN,NaN
1635728400,0.47666645,0.49333311,0.47666645,0.49333311,17244607.83845811,NaN,NaN,NaN,NaN,NaN,NaN,NaN
1635814800,0.49333311,0.5233331,0.49333311,0.5233331,34148415.52200706,NaN,NaN,NaN,NaN,NaN,NaN,NaN
1635901200,0.5233331,0.53666642,0.51666643,0.52999976,17586607.99391273,NaN,NaN,NaN,NaN,NaN,NaN,NaN
1636074000,0.53333309,0.56666641,0.52999976,0.56333308,27854412.66109667,NaN,NaN,NaN,NaN,NaN,NaN,NaN
1636333200,0.55999975,0.55999975,0.53333309,0.54666642,27818112.64459666,NaN,NaN,NaN,NaN,NaN,NaN,NaN
1636419600,0.54666642,0.54666642,0.5233331,0.5233331,10318504.69022941,NaN,NaN,NaN,NaN,NaN,NaN,NaN
1636506000,0.51999976,0.54666642,0.51666643,0.54333309,20809809.4590043,NaN,NaN,NaN,NaN,NaN,NaN,NaN
1636592400,0.54333309,0.55333308,0.53999975,0.54333309,9601804.36445653,NaN,NaN,NaN,NaN,NaN,NaN,NaN
1636678800,0.54666642,0.54666642,0.52666643,0.52666643,4047601.83981902,NaN,NaN,NaN,NaN,NaN,NaN,NaN
1636938000,0.52666643,0.53333309,0.5033331,0.5033331,9190804.17763826,NaN,NaN,NaN,NaN,NaN,NaN,NaN
1637024400,0.49999977,0.51999976,0.49666644,0.5133331,6468902.94041043,NaN,NaN,NaN,NaN,NaN,NaN,NaN
1637110800,0.5133331,0.51999976,0.49999977,0.50666644,7872603.57845617,NaN,NaN,NaN,NaN,NaN,NaN,NaN
1637197200,0.49999977,0.50666644,0.48666645,0.48999978,6231302.83241038,NaN,NaN,NaN,NaN,NaN,NaN,NaN
1637283600,0.48999978,0.49333311,0.46666645,0.49333311,13431606.1052755,NaN,NaN,NaN,NaN,NaN,NaN,NaN
1637542800,0.49333311,0.50666644,0.48999978,0.49333311,11691905.31450242,NaN,NaN,NaN,NaN,NaN,NaN,NaN
1637629200,0.48999978,0.49333311,0.46666645,0.46666645,9463204.3014565,NaN,NaN,NaN,NaN,NaN,NaN,NaN
1637715600,0.45999979,0.47999978,0.43666647,0.47666645,24479711.12714142,NaN,NaN,NaN,NaN,NaN,NaN,NaN
1637802000,0.47666645,0.47666645,0.45333313,0.47666645,13694406.2247301,NaN,NaN,NaN,NaN,NaN,NaN,NaN
1637888400,0.47666645,0.47666645,0.45333313,0.45666646,7077003.21681965,NaN,NaN,NaN,NaN,NaN,NaN,NaN
1638147600,0.44333313,0.45333313,0.42666647,0.45333313,15723907.14723052,NaN,NaN,NaN,NaN,NaN,NaN,NaN
1638234000,0.45666646,0.45999979,0.44666646,0.45333313,9948304.5219566,NaN,NaN,NaN,NaN,NaN,NaN,NaN
1638320400,0.45333313,0.45333313,0.44666646,0.45333313,6146102.79368309,NaN,NaN,NaN,NaN,NaN,NaN,NaN
1638406800,0.45333313,0.45666646,0.44666646,0.45333313,19711508.9597768,NaN,NaN,NaN,NaN,NaN,NaN,NaN
1638752400,0.45333313,0.45333313,0.44666646,0.45333313,7619703.46350158,NaN,NaN,NaN,NaN,NaN,NaN,NaN
1638838800,0.4499998,0.45333313,0.44666646,0.44666646,9820804.46400203,NaN,NaN,NaN,NaN,NaN,NaN,NaN
1638925200,0.44666646,0.47333312,0.44666646,0.46666645,24920711.32759606,NaN,NaN,NaN,NaN,NaN,NaN,NaN
1639011600,0.46666645,0.47999978,0.46666645,0.47333312,15111306.86877585,NaN,NaN,NaN,NaN,NaN,NaN,NaN
1639098000,0.47333312,0.47333312,0.46666645,0.47333312,7149303.2496833,NaN,NaN,NaN,NaN,NaN,NaN,NaN
1639357200,0.47333312,0.48999978,0.46999979,0.48999978,9416704.28032013,NaN,NaN,NaN,NaN,NaN,NaN,NaN
1639443600,0.49333311,0.50666644,0.47666645,0.48666645,15199806.90900314,NaN,NaN,NaN,NaN,NaN,NaN,NaN
1639530000,0.48666645,0.48666645,0.47333312,0.47333312,5563202.52872842,NaN,NaN,NaN,NaN,NaN,NaN,NaN
1639616400,0.46999979,0.48333311,0.46999979,0.47999978,3471901.57813708,NaN,NaN,NaN,NaN,NaN,NaN,NaN
1639702800,0.47666645,0.48666645,0.47666645,0.47666645,4016701.82577356,NaN,NaN,NaN,NaN,NaN,NaN,NaN
1639962000,0.47999978,0.48333311,0.46999979,0.47666645,8542803.88309268,NaN,NaN,NaN,NaN,NaN,NaN,NaN
1640048400,0.47666645,0.48333311,0.46999979,0.47999978,4085101.85686448,NaN,NaN,NaN,NaN,NaN,NaN,NaN
1640134800,0.47999978,0.49666644,0.47333312,0.48999978,11943605.42891156,NaN,NaN,NaN,NaN,NaN,NaN,NaN
1640221200,0.48999978,0.49999977,0.48666645,0.48999978,7450803.38672881,NaN,NaN,NaN,NaN,NaN,NaN,NaN
1640307600,0.48666645,0.49666644,0.48333311,0.49333311,4738202.15372825,NaN,NaN,NaN,NaN,NaN,NaN,NaN
1640566800,0.48999978,0.50666644,0.48999978,0.49999977,7747503.52159251,NaN,NaN,NaN,NaN,NaN,NaN,NaN
1640653200,0.49999977,0.5233331,0.49999977,0.51666643,11674805.30672969,NaN,NaN,NaN,NaN,NaN,NaN,NaN
1640739600,0.5133331,0.51999976,0.50999977,0.51999976,7121103.23686511,NaN,NaN,NaN,NaN,NaN,NaN,NaN
1640826000,0.51999976,0.52666643,0.51999976,0.5233331,7365603.34800152,NaN,NaN,NaN,NaN,NaN,NaN,NaN
1640912400,0.51999976,0.52666643,0.5133331,0.52666643,6144902.79313763,3939265791.2618504,652837181,423465030,20442000,138049000,212963929,1.39177354367088
1641171600,0.52666643,0.52666643,0.5133331,0.5133331,12065705.48441159,NaN,NaN,NaN,NaN,NaN,NaN,NaN
1641258000,0.51666643,0.52666643,0.48666645,0.49999977,18519608.41800383,NaN,NaN,NaN,NaN,NaN,NaN,NaN
1641344400,0.49999977,0.50999977,0.49999977,0.50666644,6309302.86786494,NaN,NaN,NaN,NaN,NaN,NaN,NaN
1641430800,0.50666644,0.50999977,0.5033331,0.50999977,4698002.13545552,NaN,NaN,NaN,NaN,NaN,NaN,NaN
1641517200,0.50999977,0.51666643,0.50666644,0.51666643,5002202.27372831,NaN,NaN,NaN,NaN,NaN,NaN,NaN
1641776400,0.51999976,0.53333309,0.51999976,0.53333309,7627203.46691067,NaN,NaN,NaN,NaN,NaN,NaN,NaN
1641862800,0.53333309,0.53666642,0.51666643,0.51999976,8881204.03691093,NaN,NaN,NaN,NaN,NaN,NaN,NaN
1641949200,0.51999976,0.52666643,0.5133331,0.5233331,4678802.12672824,NaN,NaN,NaN,NaN,NaN,NaN,NaN
1642035600,0.5233331,0.53333309,0.51999976,0.52999976,5974502.71568305,NaN,NaN,NaN,NaN,NaN,NaN,NaN
1642122000,0.52999976,0.52999976,0.51666643,0.51666643,3173101.44231884,NaN,NaN,NaN,NaN,NaN,NaN,NaN
1642381200,0.51666643,0.53333309,0.51666643,0.53333309,9524404.3292747,NaN,NaN,NaN,NaN,NaN,NaN,NaN
1642554000,0.53333309,0.53333309,0.51666643,0.51999976,12288305.58559345,NaN,NaN,NaN,NaN,NaN,NaN,NaN
1642640400,0.51999976,0.52666643,0.51666643,0.51999976,10923904.96541135,NaN,NaN,NaN,NaN,NaN,NaN,NaN
1642726800,0.51999976,0.5233331,0.50666644,0.51999976,4480802.0367282,NaN,NaN,NaN,NaN,NaN,NaN,NaN
1642986000,0.51999976,0.54999975,0.51999976,0.54666642,28349112.88596041,NaN,NaN,NaN,NaN,NaN,NaN,NaN
1643072400,0.54666642,0.54999975,0.5233331,0.52666643,7479003.399547,NaN,NaN,NaN,NaN,NaN,NaN,NaN
1643158800,0.52666643,0.55999975,0.52666643,0.55999975,23316010.59818664,NaN,NaN,NaN,NaN,NaN,NaN,NaN
1643245200,0.54999975,0.56333308,0.53999975,0.55333308,13476906.12586642,NaN,NaN,NaN,NaN,NaN,NaN,NaN
1643331600,0.54999975,0.55333308,0.54333309,0.54333309,2570101.1682278,NaN,NaN,NaN,NaN,NaN,NaN,NaN
1643590800,0.54666642,0.55333308,0.53999975,0.55333308,2609701.18622781,NaN,NaN,NaN,NaN,NaN,NaN,NaN
1643850000,0.54999975,0.58333307,0.54333309,0.58333307,13241106.01868455,NaN,NaN,NaN,NaN,NaN,NaN,NaN
1643936400,0.58333307,0.59999973,0.56999974,0.5766664,9167704.16713826,NaN,NaN,NaN,NaN,NaN,NaN,NaN
1644195600,0.5766664,0.61333305,0.5766664,0.60999972,19895109.04323139,NaN,NaN,NaN,NaN,NaN,NaN,NaN
1644282000,0.60333306,0.61666639,0.5966664,0.5966664,13179305.99059363,NaN,NaN,NaN,NaN,NaN,NaN,NaN
1644368400,0.5966664,0.60333306,0.58999973,0.58999973,4052701.8421372,NaN,NaN,NaN,NaN,NaN,NaN,NaN
1644454800,0.59333306,0.60666639,0.58999973,0.59999973,3495001.58863709,NaN,NaN,NaN,NaN,NaN,NaN,NaN
1644541200,0.59999973,0.62333305,0.5966664,0.61333305,8624103.92004724,NaN,NaN,NaN,NaN,NaN,NaN,NaN
1644800400,0.61666639,0.61666639,0.5966664,0.5966664,3426601.55754616,NaN,NaN,NaN,NaN,NaN,NaN,NaN
1644886800,0.5966664,0.5966664,0.56999974,0.58999973,8884804.03854729,NaN,NaN,NaN,NaN,NaN,NaN,NaN
1644973200,0.58999973,0.58999973,0.56666641,0.57333307,11858405.39018427,NaN,NaN,NaN,NaN,NaN,NaN,NaN
1645059600,0.57333307,0.57999974,0.56666641,0.57333307,7680303.49104704,NaN,NaN,NaN,NaN,NaN,NaN,NaN
1645146000,0.56999974,0.56999974,0.52666643,0.56333308,10211404.64154757,NaN,NaN,NaN,NaN,NaN,NaN,NaN
1645405200,0.56333308,0.58333307,0.54999975,0.57999974,9582904.35586562,NaN,NaN,NaN,NaN,NaN,NaN,NaN
1645491600,0.5866664,0.58999973,0.56666641,0.57999974,6195902.81631946,NaN,NaN,NaN,NaN,NaN,NaN,NaN
1645578000,0.5766664,0.57999974,0.56999974,0.57999974,2512801.14218234,NaN,NaN,NaN,NaN,NaN,NaN,NaN
1645664400,0.5766664,0.59999973,0.55666641,0.56333308,18148808.2494583,NaN,NaN,NaN,NaN,NaN,NaN,NaN
1645750800,0.56666641,0.58333307,0.56666641,0.5766664,8467203.84872902,NaN,NaN,NaN,NaN,NaN,NaN,NaN
1646010000,0.57999974,0.58999973,0.56999974,0.56999974,4755302.16150098,NaN,NaN,NaN,NaN,NaN,NaN,NaN
1646096400,0.56999974,0.5766664,0.53333309,0.53333309,13366806.07582095,NaN,NaN,NaN,NaN,NaN,NaN,NaN
1646182800,0.53999975,0.53999975,0.51666643,0.52999976,18870608.57754936,NaN,NaN,NaN,NaN,NaN,NaN,NaN
1646269200,0.53333309,0.53333309,0.51666643,0.51666643,4539602.06345548,NaN,NaN,NaN,NaN,NaN,NaN,NaN
1646355600,0.5133331,0.52666643,0.48999978,0.49666644,12734705.78850263,NaN,NaN,NaN,NaN,NaN,NaN,NaN
1646614800,0.49333311,0.49333311,0.45999979,0.47666645,22941910.4281411,NaN,NaN,NaN,NaN,NaN,NaN,NaN
1646701200,0.46333312,0.47999978,0.4499998,0.46333312,5771102.62322847,NaN,NaN,NaN,NaN,NaN,NaN,NaN
1646787600,0.46999979,0.49333311,0.45999979,0.48999978,8072403.6692744,NaN,NaN,NaN,NaN,NaN,NaN,NaN
1646874000,0.49999977,0.50666644,0.48333311,0.49666644,5442602.47391022,NaN,NaN,NaN,NaN,NaN,NaN,NaN
1646960400,0.49333311,0.49333311,0.47666645,0.47999978,3480901.58222799,NaN,NaN,NaN,NaN,NaN,NaN,NaN
1647219600,0.47666645,0.48666645,0.46666645,0.47999978,4522502.05568275,NaN,NaN,NaN,NaN,NaN,NaN,NaN
1647306000,0.48333311,0.48333311,0.45999979,0.47999978,2998801.36309153,NaN,NaN,NaN,NaN,NaN,NaN,NaN
1647392400,0.47999978,0.48333311,0.46666645,0.47999978,6991803.17809236,NaN,NaN,NaN,NaN,NaN,NaN,NaN
1647478800,0.48333311,0.49999977,0.48333311,0.49666644,8127903.69450168,NaN,NaN,NaN,NaN,NaN,NaN,NaN
1647565200,0.49999977,0.51666643,0.49333311,0.50666644,6052802.75127398,NaN,NaN,NaN,NaN,NaN,NaN,NaN
1647824400,0.5033331,0.50999977,0.48999978,0.5033331,3091501.40522791,NaN,NaN,NaN,NaN,NaN,NaN,NaN
1647910800,0.5033331,0.50666644,0.49333311,0.49333311,6990603.1775469,NaN,NaN,NaN,NaN,NaN,NaN,NaN
1647997200,0.49333311,0.5033331,0.49333311,0.49666644,11580605.26391149,NaN,NaN,NaN,NaN,NaN,NaN,NaN
1648083600,0.49666644,0.50999977,0.49333311,0.50666644,13081805.94627543,NaN,NaN,NaN,NaN,NaN,NaN,NaN
1648170000,0.5133331,0.53999975,0.5133331,0.52999976,15554107.07004867,NaN,NaN,NaN,NaN,NaN,NaN,NaN
1648429200,0.52999976,0.53999975,0.5133331,0.51999976,15207006.91227587,NaN,NaN,NaN,NaN,NaN,NaN,NaN
1648515600,0.51999976,0.52999976,0.50666644,0.52999976,12344405.61109346,NaN,NaN,NaN,NaN,NaN,NaN,NaN
1648602000,0.53333309,0.53666642,0.52666643,0.52999976,13961406.3460938,NaN,NaN,NaN,NaN,NaN,NaN,NaN
1648688400,0.52999976,0.53666642,0.52666643,0.52999976,12010505.45932066,3904851904.8479996,644783000,421303000,22401000,153630000,208210000,1.3830202509434
1648774800,0.52999976,0.60333306,0.51999976,0.58999973,49662322.57378299,NaN,NaN,NaN,NaN,NaN,NaN,NaN
1649034000,0.56999974,0.66666636,0.56999974,0.64333304,34612815.73309807,NaN,NaN,NaN,NaN,NaN,NaN,NaN
1649120400,0.63999971,0.6499997,0.62999971,0.64666637,13859706.2998665,NaN,NaN,NaN,NaN,NaN,NaN,NaN
1649206800,0.64666637,0.65666637,0.62666638,0.63999971,8464803.84763811,NaN,NaN,NaN,NaN,NaN,NaN,NaN
1649293200,0.63333305,0.64666637,0.60666639,0.63999971,22156510.07114094,NaN,NaN,NaN,NaN,NaN,NaN,NaN
1649379600,0.63999971,0.6499997,0.61999972,0.63333305,8766903.98495636,NaN,NaN,NaN,NaN,NaN,NaN,NaN
1649638800,0.62999971,0.63333305,0.59999973,0.59999973,11077205.0350932,NaN,NaN,NaN,NaN,NaN,NaN,NaN
1649725200,0.59999973,0.60999972,0.5966664,0.59999973,8007603.63981984,NaN,NaN,NaN,NaN,NaN,NaN,NaN
1649811600,0.59999973,0.63999971,0.59999973,0.63666638,15498607.04482139,NaN,NaN,NaN,NaN,NaN,NaN,NaN
1649898000,0.63666638,0.64333304,0.61999972,0.62333305,16003807.27445785,NaN,NaN,NaN,NaN,NaN,NaN,NaN
1649984400,0.61999972,0.62999971,0.60999972,0.61666639,20006409.09382232,NaN,NaN,NaN,NaN,NaN,NaN,NaN
1650243600,0.61666639,0.63999971,0.60333306,0.61333305,19306508.77568581,NaN,NaN,NaN,NaN,NaN,NaN,NaN
1650416400,0.61333305,0.62666638,0.60666639,0.61666639,14814606.73391215,NaN,NaN,NaN,NaN,NaN,NaN,NaN
1650502800,0.61666639,0.62333305,0.5966664,0.60999972,23856610.84391402,NaN,NaN,NaN,NaN,NaN,NaN,NaN
1650589200,0.60333306,0.61999972,0.60333306,0.61666639,20797809.45354975,NaN,NaN,NaN,NaN,NaN,NaN,NaN
1650848400,0.60666639,0.63666638,0.60666639,0.62666638,12175205.53418433,NaN,NaN,NaN,NaN,NaN,NaN,NaN
1650934800,0.62999971,0.64333304,0.60999972,0.61999972,6718803.05400139,NaN,NaN,NaN,NaN,NaN,NaN,NaN
1651021200,0.60999972,0.61999972,0.5966664,0.60999972,5730002.60454664,NaN,NaN,NaN,NaN,NaN,NaN,NaN
1651107600,0.60666639,0.61666639,0.59999973,0.61333305,12293705.588048,NaN,NaN,NaN,NaN,NaN,NaN,NaN
1651194000,0.61666639,0.61666639,0.60333306,0.60999972,12475205.67054803,NaN,NaN,NaN,NaN,NaN,NaN,NaN
1651712400,0.60999972,0.61999972,0.60999972,0.61666639,5751902.61450119,NaN,NaN,NaN,NaN,NaN,NaN,NaN
1651798800,0.61333305,0.61666639,0.60999972,0.61333305,5448902.47677385,NaN,NaN,NaN,NaN,NaN,NaN,NaN
1652058000,0.61333305,0.61333305,0.60666639,0.60999972,1417800.64445484,NaN,NaN,NaN,NaN,NaN,NaN,NaN
1652144400,0.60999972,0.60999972,0.56666641,0.57333307,15811807.18718509,NaN,NaN,NaN,NaN,NaN,NaN,NaN
1652230800,0.57333307,0.57999974,0.55666641,0.55666641,9300004.22727465,NaN,NaN,NaN,NaN,NaN,NaN,NaN
1652317200,0.55333308,0.56999974,0.53666642,0.54999975,6875703.1253196,NaN,NaN,NaN,NaN,NaN,NaN,NaN
1652403600,0.53666642,0.55666641,0.53666642,0.55333308,3455701.57077344,NaN,NaN,NaN,NaN,NaN,NaN,NaN
1652749200,0.55999975,0.55999975,0.54333309,0.54999975,1347000.61227301,NaN,NaN,NaN,NaN,NaN,NaN,NaN
1652835600,0.55333308,0.55999975,0.54333309,0.54999975,1662300.75559125,NaN,NaN,NaN,NaN,NaN,NaN,NaN
1652922000,0.53999975,0.54666642,0.53666642,0.54666642,1599300.72695488,NaN,NaN,NaN,NaN,NaN,NaN,NaN
1653008400,0.53999975,0.55666641,0.53999975,0.55666641,780000.35454562,NaN,NaN,NaN,NaN,NaN,NaN,NaN
1653267600,0.55999975,0.57999974,0.55666641,0.56666641,10755304.88877495,NaN,NaN,NaN,NaN,NaN,NaN,NaN
1653354000,0.5766664,0.5766664,0.54999975,0.54999975,4214401.91563724,NaN,NaN,NaN,NaN,NaN,NaN,NaN
1653440400,0.55333308,0.55666641,0.53333309,0.54333309,2732101.2418642,NaN,NaN,NaN,NaN,NaN,NaN,NaN
1653526800,0.53999975,0.54666642,0.53333309,0.53999975,2288401.04018229,NaN,NaN,NaN,NaN,NaN,NaN,NaN
1653613200,0.53999975,0.54333309,0.53666642,0.54333309,722400.32836379,NaN,NaN,NaN,NaN,NaN,NaN,NaN
1653872400,0.54666642,0.54666642,0.53333309,0.53666642,1929000.87681858,NaN,NaN,NaN,NaN,NaN,NaN,NaN
1653958800,0.53333309,0.55999975,0.53333309,0.55666641,3003901.36540971,NaN,NaN,NaN,NaN,NaN,NaN,NaN
1654045200,0.55666641,0.56999974,0.55666641,0.55666641,1769400.80427309,NaN,NaN,NaN,NaN,NaN,NaN,NaN
1654131600,0.55999975,0.56333308,0.54999975,0.54999975,939000.42681838,NaN,NaN,NaN,NaN,NaN,NaN,NaN
1654218000,0.54999975,0.55333308,0.54333309,0.54999975,1149900.52268206,NaN,NaN,NaN,NaN,NaN,NaN,NaN
1654563600,0.54999975,0.54999975,0.53333309,0.53999975,1066200.48463658,NaN,NaN,NaN,NaN,NaN,NaN,NaN
1654650000,0.53999975,0.53999975,0.53333309,0.53666642,1498800.68127304,NaN,NaN,NaN,NaN,NaN,NaN,NaN
1654736400,0.53333309,0.53666642,0.50666644,0.53666642,6836403.10745596,NaN,NaN,NaN,NaN,NaN,NaN,NaN
1654822800,0.52999976,0.53999975,0.52999976,0.53666642,1301400.59154572,NaN,NaN,NaN,NaN,NaN,NaN,NaN
1655082000,0.5233331,0.52666643,0.5133331,0.52666643,14073906.39723018,NaN,NaN,NaN,NaN,NaN,NaN,NaN
1655168400,0.52666643,0.53333309,0.50999977,0.52666643,16842307.65559439,NaN,NaN,NaN,NaN,NaN,NaN,NaN
1655254800,0.53333309,0.53333309,0.5133331,0.5233331,15639007.1086396,NaN,NaN,NaN,NaN,NaN,NaN,NaN
1655341200,0.51999976,0.5233331,0.5133331,0.5233331,2180100.990955,NaN,NaN,NaN,NaN,NaN,NaN,NaN
1655427600,0.51999976,0.51999976,0.50666644,0.51999976,2772301.26013694,NaN,NaN,NaN,NaN,NaN,NaN,NaN
1655686800,0.50999977,0.5133331,0.50666644,0.5133331,3870901.7595008,NaN,NaN,NaN,NaN,NaN,NaN,NaN
1655773200,0.50999977,0.51999976,0.5033331,0.51999976,12069605.48618431,NaN,NaN,NaN,NaN,NaN,NaN,NaN
1655859600,0.51999976,0.52666643,0.50999977,0.51999976,11958905.43586611,NaN,NaN,NaN,NaN,NaN,NaN,NaN
1655946000,0.5133331,0.51666643,0.5133331,0.51666643,393000.17863644,NaN,NaN,NaN,NaN,NaN,NaN,NaN
1656032400,0.51666643,0.51666643,0.50666644,0.5133331,1405800.63900029,NaN,NaN,NaN,NaN,NaN,NaN,NaN
1656291600,0.50999977,0.50999977,0.5033331,0.5033331,1466100.66640939,NaN,NaN,NaN,NaN,NaN,NaN,NaN
1656378000,0.5033331,0.5033331,0.48333311,0.49999977,4302001.95545543,NaN,NaN,NaN,NaN,NaN,NaN,NaN
1656464400,0.48666645,0.5033331,0.48666645,0.5033331,640500.2911365,NaN,NaN,NaN,NaN,NaN,NaN,NaN
1656550800,0.5033331,0.5033331,0.48999978,0.49999977,2486401.13018233,3904851904.8479996,666305000,425130000,23300000,156910000,225309000,1.466001466
1656637200,0.49666644,0.50666644,0.49333311,0.50666644,4084501.85659175,NaN,NaN,NaN,NaN,NaN,NaN,NaN
1656896400,0.50666644,0.50666644,0.49666644,0.50666644,4222801.91945542,NaN,NaN,NaN,NaN,NaN,NaN,NaN
1656982800,0.5033331,0.51666643,0.49666644,0.51666643,6915003.14318325,NaN,NaN,NaN,NaN,NaN,NaN,NaN
1657069200,0.50999977,0.5133331,0.5033331,0.5133331,1879500.85431857,NaN,NaN,NaN,NaN,NaN,NaN,NaN
1657155600,0.50999977,0.50999977,0.49999977,0.50999977,1209600.54981843,NaN,NaN,NaN,NaN,NaN,NaN,NaN
1657242000,0.5033331,0.53333309,0.5033331,0.52666643,11616605.28027513,NaN,NaN,NaN,NaN,NaN,NaN,NaN
1657587600,0.52999976,0.55666641,0.52666643,0.54999975,13613406.18791191,NaN,NaN,NaN,NaN,NaN,NaN,NaN
1657674000,0.55333308,0.55666641,0.53666642,0.54999975,11309705.14077507,NaN,NaN,NaN,NaN,NaN,NaN,NaN
1657760400,0.54999975,0.56999974,0.54666642,0.56666641,14250306.47741204,NaN,NaN,NaN,NaN,NaN,NaN,NaN
1657846800,0.56999974,0.56999974,0.55333308,0.55666641,8844304.02013819,NaN,NaN,NaN,NaN,NaN,NaN,NaN
1658106000,0.55666641,0.56666641,0.54999975,0.56333308,9828304.46741112,NaN,NaN,NaN,NaN,NaN,NaN,NaN
1658192400,0.56666641,0.56666641,0.55333308,0.56333308,6796203.08918322,NaN,NaN,NaN,NaN,NaN,NaN,NaN
1658278800,0.56333308,0.56333308,0.55333308,0.55999975,6705603.04800139,NaN,NaN,NaN,NaN,NaN,NaN,NaN
1658365200,0.55999975,0.57999974,0.55999975,0.57333307,6500702.95486498,NaN,NaN,NaN,NaN,NaN,NaN,NaN
1658451600,0.5766664,0.59333306,0.5766664,0.5866664,5520002.50909205,NaN,NaN,NaN,NaN,NaN,NaN,NaN
1658710800,0.58999973,0.59333306,0.56333308,0.57333307,6629403.01336501,NaN,NaN,NaN,NaN,NaN,NaN,NaN
1658797200,0.56999974,0.58999973,0.56999974,0.57999974,6430202.92281951,NaN,NaN,NaN,NaN,NaN,NaN,NaN
1658883600,0.58333307,0.5866664,0.57333307,0.57999974,5307302.41241019,NaN,NaN,NaN,NaN,NaN,NaN,NaN
1658970000,0.58333307,0.5866664,0.5766664,0.5766664,5439902.47268294,NaN,NaN,NaN,NaN,NaN,NaN,NaN
1659056400,0.57333307,0.58333307,0.56999974,0.56999974,3722701.69213713,NaN,NaN,NaN,NaN,NaN,NaN,NaN
1659315600,0.56666641,0.56666641,0.54333309,0.55333308,7158303.25377421,NaN,NaN,NaN,NaN,NaN,NaN,NaN
1659402000,0.54666642,0.54999975,0.53333309,0.53333309,7526103.4209561,NaN,NaN,NaN,NaN,NaN,NaN,NaN
1659488400,0.53333309,0.53333309,0.51666643,0.52999976,4321801.96445544,NaN,NaN,NaN,NaN,NaN,NaN,NaN
1659574800,0.53333309,0.53999975,0.51999976,0.52666643,4335001.97045544,NaN,NaN,NaN,NaN,NaN,NaN,NaN
1659661200,0.52666643,0.55666641,0.5233331,0.55666641,5785802.62991029,NaN,NaN,NaN,NaN,NaN,NaN,NaN
1659920400,0.55666641,0.57333307,0.54999975,0.57333307,7698303.49922886,NaN,NaN,NaN,NaN,NaN,NaN,NaN
1660006800,0.57333307,0.57333307,0.55666641,0.56666641,4224601.9202736,NaN,NaN,NaN,NaN,NaN,NaN,NaN
1660093200,0.57333307,0.57333307,0.55333308,0.56666641,1598400.72654579,NaN,NaN,NaN,NaN,NaN,NaN,NaN
1660179600,0.56666641,0.56999974,0.55333308,0.56333308,1644600.74754579,NaN,NaN,NaN,NaN,NaN,NaN,NaN
1660266000,0.55666641,0.56333308,0.54666642,0.56333308,1570800.71400032,NaN,NaN,NaN,NaN,NaN,NaN,NaN
1660525200,0.55333308,0.55999975,0.54666642,0.55999975,5000102.27277376,NaN,NaN,NaN,NaN,NaN,NaN,NaN
1660611600,0.55333308,0.55999975,0.54999975,0.55333308,2126400.96654589,NaN,NaN,NaN,NaN,NaN,NaN,NaN
1660698000,0.54999975,0.55666641,0.54333309,0.54999975,3235801.47081885,NaN,NaN,NaN,NaN,NaN,NaN,NaN
1660784400,0.54999975,0.54999975,0.53333309,0.53999975,3577201.62600074,NaN,NaN,NaN,NaN,NaN,NaN,NaN
1660870800,0.53999975,0.55333308,0.53666642,0.54333309,3656401.66200076,NaN,NaN,NaN,NaN,NaN,NaN,NaN
1661130000,0.53999975,0.54333309,0.53666642,0.53999975,3229801.46809158,NaN,NaN,NaN,NaN,NaN,NaN,NaN
1661216400,0.53333309,0.53666642,0.52666643,0.52666643,21493209.76964081,NaN,NaN,NaN,NaN,NaN,NaN,NaN
1661302800,0.52666643,0.52666643,0.51666643,0.52666643,18607508.45795839,NaN,NaN,NaN,NaN,NaN,NaN,NaN
1661389200,0.52666643,0.52666643,0.51666643,0.52666643,23640610.74573216,NaN,NaN,NaN,NaN,NaN,NaN,NaN
1661475600,0.52666643,0.52666643,0.51999976,0.52666643,17780108.08186731,NaN,NaN,NaN,NaN,NaN,NaN,NaN
1661734800,0.51999976,0.53999975,0.51666643,0.53666642,8983204.08327458,NaN,NaN,NaN,NaN,NaN,NaN,NaN
1661821200,0.53999975,0.54666642,0.53666642,0.53666642,18901208.59145846,NaN,NaN,NaN,NaN,NaN,NaN,NaN
1661994000,0.53666642,0.53666642,0.52666643,0.53666642,18937508.60795846,NaN,NaN,NaN,NaN,NaN,NaN,NaN
1662080400,0.53999975,0.53999975,0.52999976,0.53666642,15408007.00363955,NaN,NaN,NaN,NaN,NaN,NaN,NaN
1662339600,0.53333309,0.55333308,0.53333309,0.55333308,7206003.27545604,NaN,NaN,NaN,NaN,NaN,NaN,NaN
1662426000,0.55333308,0.5766664,0.55333308,0.56999974,16445707.47532158,NaN,NaN,NaN,NaN,NaN,NaN,NaN
1662512400,0.56999974,0.57333307,0.55666641,0.55666641,2583301.17422781,NaN,NaN,NaN,NaN,NaN,NaN,NaN
1662598800,0.55666641,0.5766664,0.54999975,0.5766664,9948904.52222933,NaN,NaN,NaN,NaN,NaN,NaN,NaN
1662685200,0.5766664,0.58999973,0.5766664,0.5766664,4812902.18768281,NaN,NaN,NaN,NaN,NaN,NaN,NaN
1662944400,0.5766664,0.5866664,0.57333307,0.5766664,1730100.78640945,NaN,NaN,NaN,NaN,NaN,NaN,NaN
1663030800,0.5766664,0.5966664,0.5766664,0.59333306,4941602.24618284,NaN,NaN,NaN,NaN,NaN,NaN,NaN
1663117200,0.57999974,0.59333306,0.56333308,0.58333307,4164601.89300086,NaN,NaN,NaN,NaN,NaN,NaN,NaN
1663203600,0.5866664,0.5866664,0.56333308,0.56333308,1830000.83181856,NaN,NaN,NaN,NaN,NaN,NaN,NaN
1663549200,0.55999975,0.60333306,0.55666641,0.5966664,12029705.46804794,NaN,NaN,NaN,NaN,NaN,NaN,NaN
1663635600,0.60333306,0.60666639,0.57999974,0.59333306,2248201.02190956,NaN,NaN,NaN,NaN,NaN,NaN,NaN
1663722000,0.58333307,0.59999973,0.56999974,0.58333307,2613001.18772781,NaN,NaN,NaN,NaN,NaN,NaN,NaN
1663808400,0.58333307,0.58999973,0.57333307,0.58999973,1194000.54272752,NaN,NaN,NaN,NaN,NaN,NaN,NaN
1663894800,0.59333306,0.59999973,0.58333307,0.58333307,1593300.7242276,NaN,NaN,NaN,NaN,NaN,NaN,NaN
1664154000,0.58333307,0.59999973,0.5766664,0.59333306,1705500.77522763,NaN,NaN,NaN,NaN,NaN,NaN,NaN
1664240400,0.5866664,0.60333306,0.58333307,0.59333306,6779403.08154686,NaN,NaN,NaN,NaN,NaN,NaN,NaN
1664326800,0.58999973,0.59999973,0.5866664,0.5966664,12689105.76777535,NaN,NaN,NaN,NaN,NaN,NaN,NaN
1664413200,0.60333306,0.60666639,0.57333307,0.5766664,3538201.60827346,NaN,NaN,NaN,NaN,NaN,NaN,NaN
1664499600,0.5766664,0.59333306,0.57333307,0.5866664,1371300.62331847,3857262857.2590003,643590000,427127000,28155000,155956000,202185000,1.24943306761363
1664758800,0.5866664,0.58999973,0.56999974,0.58333307,1779900.80904582,NaN,NaN,NaN,NaN,NaN,NaN,NaN
1664845200,0.58999973,0.60666639,0.5866664,0.5866664,7153503.25159239,NaN,NaN,NaN,NaN,NaN,NaN,NaN
1664931600,0.5866664,0.5966664,0.5866664,0.59333306,3804001.7290917,NaN,NaN,NaN,NaN,NaN,NaN,NaN
1665018000,0.59333306,0.59999973,0.5866664,0.5966664,6743703.06531958,NaN,NaN,NaN,NaN,NaN,NaN,NaN
1665104400,0.5966664,0.5966664,0.58999973,0.59333306,957600.43527293,NaN,NaN,NaN,NaN,NaN,NaN,NaN
1665450000,0.5866664,0.58999973,0.56999974,0.57999974,2865601.30254605,NaN,NaN,NaN,NaN,NaN,NaN,NaN
1665536400,0.5766664,0.5766664,0.56999974,0.57333307,1994400.90654587,NaN,NaN,NaN,NaN,NaN,NaN,NaN
1665622800,0.56999974,0.57333307,0.56333308,0.56999974,2443501.11068232,NaN,NaN,NaN,NaN,NaN,NaN,NaN
1665709200,0.56999974,0.57999974,0.56999974,0.57999974,2805901.27540967,NaN,NaN,NaN,NaN,NaN,NaN,NaN
1665968400,0.5766664,0.58333307,0.57333307,0.57999974,3853801.75172807,NaN,NaN,NaN,NaN,NaN,NaN,NaN
1666054800,0.57999974,0.5966664,0.57999974,0.59333306,1495800.6799094,NaN,NaN,NaN,NaN,NaN,NaN,NaN
1666141200,0.59333306,0.60666639,0.59333306,0.60333306,2956801.34400061,NaN,NaN,NaN,NaN,NaN,NaN,NaN
1666227600,0.60333306,0.6599997,0.5966664,0.65666637,16915207.68873077,NaN,NaN,NaN,NaN,NaN,NaN,NaN
1666314000,0.65333304,0.70666635,0.6499997,0.68999969,12088205.49463886,NaN,NaN,NaN,NaN,NaN,NaN,NaN
1666659600,0.69333302,0.743333,0.69333302,0.743333,11102405.04654775,NaN,NaN,NaN,NaN,NaN,NaN,NaN
1666746000,0.74666633,0.74999966,0.70999968,0.73999966,12198305.54468434,NaN,NaN,NaN,NaN,NaN,NaN,NaN
1666832400,0.73999966,0.77333298,0.71333301,0.733333,8521803.87354722,NaN,NaN,NaN,NaN,NaN,NaN,NaN
1666918800,0.733333,0.76666632,0.72999967,0.75666632,8757903.98086545,NaN,NaN,NaN,NaN,NaN,NaN,NaN
1667178000,0.76666632,0.81333296,0.76666632,0.78999964,9687604.40345655,NaN,NaN,NaN,NaN,NaN,NaN,NaN
1667264400,0.7966663,0.8066663,0.76999965,0.80333297,8373303.80604719,NaN,NaN,NaN,NaN,NaN,NaN,NaN
1667350800,0.80333297,0.82999962,0.78999964,0.80999963,7749003.52227433,NaN,NaN,NaN,NaN,NaN,NaN,NaN
1667437200,0.80333297,0.8166663,0.76333299,0.79999964,9143404.1560928,NaN,NaN,NaN,NaN,NaN,NaN,NaN
1667523600,0.79999964,0.81333296,0.79333297,0.79999964,1955700.88895495,NaN,NaN,NaN,NaN,NaN,NaN,NaN
1667782800,0.79999964,0.80999963,0.78333298,0.79999964,4061101.84595539,NaN,NaN,NaN,NaN,NaN,NaN,NaN
1667869200,0.78666631,0.82333296,0.78333298,0.7966663,4893002.22409192,NaN,NaN,NaN,NaN,NaN,NaN,NaN
1667955600,0.79999964,0.8166663,0.79333297,0.80333297,4799402.18154645,NaN,NaN,NaN,NaN,NaN,NaN,NaN
1668042000,0.7966663,0.79999964,0.78999964,0.79999964,2205001.00227318,NaN,NaN,NaN,NaN,NaN,NaN,NaN
1668128400,0.80999963,0.83999962,0.77999965,0.77999965,13745106.24777557,NaN,NaN,NaN,NaN,NaN,NaN,NaN
1668387600,0.77999965,0.80333297,0.76999965,0.77666631,3453301.56968253,NaN,NaN,NaN,NaN,NaN,NaN,NaN
1668474000,0.77666631,0.77999965,0.73999966,0.75333299,5778002.62636483,NaN,NaN,NaN,NaN,NaN,NaN,NaN
1668560400,0.75333299,0.75999965,0.73666633,0.74999966,6432902.92404679,NaN,NaN,NaN,NaN,NaN,NaN,NaN
1668646800,0.74999966,0.75333299,0.733333,0.75333299,5578202.53554661,NaN,NaN,NaN,NaN,NaN,NaN,NaN
1668992400,0.72666634,0.74999966,0.72666634,0.74999966,1759800.79990945,NaN,NaN,NaN,NaN,NaN,NaN,NaN
1669078800,0.733333,0.74999966,0.72999967,0.74666633,5864102.66550121,NaN,NaN,NaN,NaN,NaN,NaN,NaN
1669165200,0.74666633,0.74666633,0.723333,0.73666633,879900.39995473,NaN,NaN,NaN,NaN,NaN,NaN,NaN
1669251600,0.73666633,0.78666631,0.72999967,0.78333298,4814102.18822827,NaN,NaN,NaN,NaN,NaN,NaN,NaN
1669338000,0.78666631,0.80999963,0.76666632,0.78333298,3354901.52495524,NaN,NaN,NaN,NaN,NaN,NaN,NaN
1669683600,0.78333298,0.80333297,0.76333299,0.78333298,5318402.41745565,NaN,NaN,NaN,NaN,NaN,NaN,NaN
1669770000,0.76666632,0.78333298,0.75333299,0.75666632,3983101.81050082,NaN,NaN,NaN,NaN,NaN,NaN,NaN
1669856400,0.75666632,0.77666631,0.74666633,0.75999965,4899902.22722829,NaN,NaN,NaN,NaN,NaN,NaN,NaN
1669942800,0.76666632,0.77333298,0.74999966,0.76333299,3920101.78186445,NaN,NaN,NaN,NaN,NaN,NaN,NaN
1670202000,0.76666632,0.7966663,0.76666632,0.79333297,2460601.11845505,NaN,NaN,NaN,NaN,NaN,NaN,NaN
1670288400,0.79333297,0.8166663,0.79333297,0.79999964,1399800.63627302,NaN,NaN,NaN,NaN,NaN,NaN,NaN
1670374800,0.79999964,0.81333296,0.79333297,0.80333297,3476701.5803189,NaN,NaN,NaN,NaN,NaN,NaN,NaN
1670461200,0.79999964,0.80333297,0.77333298,0.78999964,602400.27381831,NaN,NaN,NaN,NaN,NaN,NaN,NaN
1670547600,0.79999964,0.79999964,0.74999966,0.79999964,1714200.77918217,NaN,NaN,NaN,NaN,NaN,NaN,NaN
1670806800,0.79999964,0.79999964,0.77999965,0.79999964,2925601.32981879,NaN,NaN,NaN,NaN,NaN,NaN,NaN
1670893200,0.80333297,0.80333297,0.78333298,0.79333297,594300.27013649,NaN,NaN,NaN,NaN,NaN,NaN,NaN
1670979600,0.78666631,0.80333297,0.77333298,0.78999964,8330403.78654718,NaN,NaN,NaN,NaN,NaN,NaN,NaN
1671066000,0.78333298,0.79999964,0.78333298,0.79999964,8808004.00363818,NaN,NaN,NaN,NaN,NaN,NaN,NaN
1671152400,0.79333297,0.8066663,0.78999964,0.79999964,10121104.60050209,NaN,NaN,NaN,NaN,NaN,NaN,NaN
1671411600,0.79999964,0.79999964,0.78999964,0.79999964,1608300.73104579,NaN,NaN,NaN,NaN,NaN,NaN,NaN
1671498000,0.79999964,0.82999962,0.78999964,0.7966663,3971701.805319,NaN,NaN,NaN,NaN,NaN,NaN,NaN
1671584400,0.7966663,0.80999963,0.79333297,0.79999964,1411200.64145484,NaN,NaN,NaN,NaN,NaN,NaN,NaN
1671670800,0.78999964,0.8066663,0.78999964,0.79999964,5111702.32350106,NaN,NaN,NaN,NaN,NaN,NaN,NaN
1671757200,0.78999964,0.8066663,0.78999964,0.7966663,2916901.32586424,NaN,NaN,NaN,NaN,NaN,NaN,NaN
1672102800,0.79333297,0.7966663,0.74999966,0.76333299,10080004.58182027,NaN,NaN,NaN,NaN,NaN,NaN,NaN
1672189200,0.75666632,0.76666632,0.74666633,0.75333299,1593000.72409124,NaN,NaN,NaN,NaN,NaN,NaN,NaN
1672275600,0.75666632,0.75999965,0.74666633,0.75666632,3003301.36513698,NaN,NaN,NaN,NaN,NaN,NaN,NaN
1672362000,0.75333299,0.77333298,0.73999966,0.75999965,1277100.58050026,3857261609.25775,622317839,389436841,18287000,134056000.00000001,216822152,1.31579078947368
1672707600,0.75333299,0.7966663,0.74999966,0.79333297,11176505.08022958,NaN,NaN,NaN,NaN,NaN,NaN,NaN
1672794000,0.79333297,0.8166663,0.78999964,0.8066663,13868106.30368469,NaN,NaN,NaN,NaN,NaN,NaN,NaN
1672880400,0.80999963,0.82999962,0.80333297,0.80999963,12388205.63100256,NaN,NaN,NaN,NaN,NaN,NaN,NaN
1672966800,0.80999963,0.81333296,0.7966663,0.80333297,11235305.10695687,NaN,NaN,NaN,NaN,NaN,NaN,NaN
1673226000,0.81999963,0.83666629,0.80999963,0.81999963,15880207.21827601,NaN,NaN,NaN,NaN,NaN,NaN,NaN
1673312400,0.8166663,0.81999963,0.78666631,0.78666631,10293304.67877486,NaN,NaN,NaN,NaN,NaN,NaN,NaN
1673398800,0.78666631,0.78666631,0.74999966,0.74999966,16606207.54827616,NaN,NaN,NaN,NaN,NaN,NaN,NaN
1673485200,0.75333299,0.78999964,0.74999966,0.76999965,12360305.61832074,NaN,NaN,NaN,NaN,NaN,NaN,NaN
1673571600,0.76999965,0.79333297,0.76999965,0.78333298,9716104.4164111,NaN,NaN,NaN,NaN,NaN,NaN,NaN
1673830800,0.78333298,0.78333298,0.76666632,0.77666631,2571301.16877326,NaN,NaN,NaN,NaN,NaN,NaN,NaN
1673917200,0.76666632,0.77666631,0.75999965,0.76666632,5932202.69645577,NaN,NaN,NaN,NaN,NaN,NaN,NaN
1674003600,0.75999965,0.76333299,0.75666632,0.76333299,832200.3782729,NaN,NaN,NaN,NaN,NaN,NaN,NaN
1674090000,0.76666632,0.76999965,0.743333,0.74666633,2362501.07386412,NaN,NaN,NaN,NaN,NaN,NaN,NaN
1674176400,0.74666633,0.76666632,0.743333,0.76333299,1610100.73186397,NaN,NaN,NaN,NaN,NaN,NaN,NaN
1674608400,0.76333299,0.76333299,0.75333299,0.75333299,586500.26659103,NaN,NaN,NaN,NaN,NaN,NaN,NaN
1674694800,0.76333299,0.79333297,0.75666632,0.76999965,2955901.34359152,NaN,NaN,NaN,NaN,NaN,NaN,NaN
1674781200,0.77666631,0.78333298,0.75666632,0.76666632,1427700.64895484,NaN,NaN,NaN,NaN,NaN,NaN,NaN
1675040400,0.76666632,0.77666631,0.76333299,0.76666632,592200.26918194,NaN,NaN,NaN,NaN,NaN,NaN,NaN
1675126800,0.76666632,0.77333298,0.75999965,0.76333299,4000501.81840992,NaN,NaN,NaN,NaN,NaN,NaN,NaN
1675299600,0.76333299,0.76999965,0.75666632,0.75999965,894000.40636382,NaN,NaN,NaN,NaN,NaN,NaN,NaN
1675386000,0.75999965,0.76333299,0.74999966,0.74999966,823200.37418199,NaN,NaN,NaN,NaN,NaN,NaN,NaN
1675731600,0.74999966,0.75333299,0.743333,0.743333,1866900.8485913,NaN,NaN,NaN,NaN,NaN,NaN,NaN
1675818000,0.743333,0.74999966,0.723333,0.733333,2354401.07018231,NaN,NaN,NaN,NaN,NaN,NaN,NaN
1675904400,0.733333,0.733333,0.71666634,0.723333,1071000.4868184,NaN,NaN,NaN,NaN,NaN,NaN,NaN
1675990800,0.723333,0.72666634,0.68666635,0.723333,6098702.77213762,NaN,NaN,NaN,NaN,NaN,NaN,NaN
1676250000,0.723333,0.723333,0.69333302,0.70333301,1452600.66027303,NaN,NaN,NaN,NaN,NaN,NaN,NaN
1676336400,0.69999968,0.71333301,0.69333302,0.70666635,1747800.79445491,NaN,NaN,NaN,NaN,NaN,NaN,NaN
1676422800,0.71333301,0.71666634,0.69333302,0.69999968,1685100.76595489,NaN,NaN,NaN,NaN,NaN,NaN,NaN
1676509200,0.69999968,0.71666634,0.69666635,0.70333301,1080900.49131841,NaN,NaN,NaN,NaN,NaN,NaN,NaN
1676595600,0.70999968,0.71666634,0.70333301,0.70999968,1273800.57900026,NaN,NaN,NaN,NaN,NaN,NaN,NaN
1676854800,0.71666634,0.743333,0.70999968,0.723333,2397901.08995504,NaN,NaN,NaN,NaN,NaN,NaN,NaN
1676941200,0.733333,0.743333,0.72666634,0.72999967,4407902.00359182,NaN,NaN,NaN,NaN,NaN,NaN,NaN
1677027600,0.733333,0.743333,0.733333,0.73999966,907200.41236382,NaN,NaN,NaN,NaN,NaN,NaN,NaN
1677114000,0.743333,0.74999966,0.73999966,0.74999966,1964100.89277313,NaN,NaN,NaN,NaN,NaN,NaN,NaN
1677200400,0.743333,0.74666633,0.71666634,0.743333,4022101.8282281,NaN,NaN,NaN,NaN,NaN,NaN,NaN
1677459600,0.743333,0.75333299,0.73999966,0.743333,1604700.72940942,NaN,NaN,NaN,NaN,NaN,NaN,NaN
1677546000,0.743333,0.74999966,0.723333,0.743333,6275702.85259221,NaN,NaN,NaN,NaN,NaN,NaN,NaN
1677632400,0.74666633,0.74666633,0.66666636,0.67333303,12310505.59568436,NaN,NaN,NaN,NaN,NaN,NaN,NaN
1677718800,0.67666636,0.68999969,0.6699997,0.6699997,3766201.71190987,NaN,NaN,NaN,NaN,NaN,NaN,NaN
1677805200,0.6699997,0.68999969,0.6699997,0.67666636,957000.4350002,NaN,NaN,NaN,NaN,NaN,NaN,NaN
1678064400,0.67333303,0.67999969,0.66666636,0.67333303,6858003.11727415,NaN,NaN,NaN,NaN,NaN,NaN,NaN
1678150800,0.67333303,0.67666636,0.6499997,0.66666636,2591401.17790963,NaN,NaN,NaN,NaN,NaN,NaN,NaN
1678237200,0.66666636,0.67333303,0.66333303,0.6699997,3461401.57336435,NaN,NaN,NaN,NaN,NaN,NaN,NaN
1678323600,0.66666636,0.6699997,0.66333303,0.6699997,1958700.89031859,NaN,NaN,NaN,NaN,NaN,NaN,NaN
1678410000,0.66333303,0.6699997,0.6599997,0.66666636,3880801.7640008,NaN,NaN,NaN,NaN,NaN,NaN,NaN
1678669200,0.65666637,0.66666636,0.64666637,0.6599997,5729102.60413755,NaN,NaN,NaN,NaN,NaN,NaN,NaN
1678755600,0.67333303,0.70666635,0.66333303,0.68333302,6562202.98281954,NaN,NaN,NaN,NaN,NaN,NaN,NaN
1678842000,0.68666635,0.70666635,0.67999969,0.69666635,6276302.85286493,NaN,NaN,NaN,NaN,NaN,NaN,NaN
1678928400,0.68999969,0.70999968,0.68666635,0.69666635,1449600.65890939,NaN,NaN,NaN,NaN,NaN,NaN,NaN
1679014800,0.69999968,0.723333,0.69333302,0.70999968,3004501.36568244,NaN,NaN,NaN,NaN,NaN,NaN,NaN
1679274000,0.70333301,0.70333301,0.69333302,0.69333302,1141500.51886387,NaN,NaN,NaN,NaN,NaN,NaN,NaN
1679360400,0.69999968,0.70999968,0.69333302,0.69666635,829200.37690926,NaN,NaN,NaN,NaN,NaN,NaN,NaN
1679446800,0.70666635,0.70666635,0.68999969,0.69333302,1282200.58281845,NaN,NaN,NaN,NaN,NaN,NaN,NaN
1679533200,0.69333302,0.69999968,0.69333302,0.69999968,322200.14645461,NaN,NaN,NaN,NaN,NaN,NaN,NaN
1679619600,0.68999969,0.70666635,0.68333302,0.69999968,9534304.3337747,NaN,NaN,NaN,NaN,NaN,NaN,NaN
1679878800,0.69333302,0.69999968,0.67666636,0.68333302,16104307.32013969,NaN,NaN,NaN,NaN,NaN,NaN,NaN
1679965200,0.68333302,0.68999969,0.66333303,0.68333302,2250001.02272774,NaN,NaN,NaN,NaN,NaN,NaN,NaN
1680051600,0.68333302,0.68333302,0.66666636,0.67666636,6712803.05127412,NaN,NaN,NaN,NaN,NaN,NaN,NaN
1680138000,0.68999969,0.68999969,0.66666636,0.68333302,2711101.23231874,NaN,NaN,NaN,NaN,NaN,NaN,NaN
1680224400,0.68333302,0.69666635,0.68333302,0.69333302,781500.35522743,3939265791.2618504,647937000,417481000,17352000,138742000,213689000,1.44230913461539
1680483600,0.69333302,0.70333301,0.68999969,0.69666635,4387501.99431909,NaN,NaN,NaN,NaN,NaN,NaN,NaN
1680570000,0.69666635,0.72666634,0.67333303,0.69333302,8379603.80891082,NaN,NaN,NaN,NaN,NaN,NaN,NaN
1680656400,0.69333302,0.69333302,0.68333302,0.69333302,566700.25759103,NaN,NaN,NaN,NaN,NaN,NaN,NaN
1680742800,0.69666635,0.70666635,0.69333302,0.70333301,905400.41154564,NaN,NaN,NaN,NaN,NaN,NaN,NaN
1680829200,0.70333301,0.71666634,0.69666635,0.70999968,1355100.61595483,NaN,NaN,NaN,NaN,NaN,NaN,NaN
1681088400,0.70999968,0.73999966,0.70666635,0.72666634,2602801.18309145,NaN,NaN,NaN,NaN,NaN,NaN,NaN
1681174800,0.723333,0.73999966,0.70666635,0.723333,9417304.28059286,NaN,NaN,NaN,NaN,NaN,NaN,NaN
1681261200,0.71999967,0.72999967,0.70999968,0.72999967,2718301.23559147,NaN,NaN,NaN,NaN,NaN,NaN,NaN
1681347600,0.72999967,0.73666633,0.72666634,0.72999967,1149000.52227296,NaN,NaN,NaN,NaN,NaN,NaN,NaN
1681434000,0.733333,0.73999966,0.71999967,0.733333,1755900.79813673,NaN,NaN,NaN,NaN,NaN,NaN,NaN
1681693200,0.75,0.76,0.7,0.7,3205600,NaN,NaN,NaN,NaN,NaN,NaN,NaN
1681779600,0.71,0.715,0.69,0.695,1556900,NaN,NaN,NaN,NaN,NaN,NaN,NaN
1681866000,0.69,0.695,0.64,0.695,7068700,NaN,NaN,NaN,NaN,NaN,NaN,NaN
1681952400,0.695,0.705,0.675,0.695,2613500,NaN,NaN,NaN,NaN,NaN,NaN,NaN
1682384400,0.695,0.695,0.665,0.675,3149200,NaN,NaN,NaN,NaN,NaN,NaN,NaN
1682470800,0.675,0.68,0.62,0.68,7956700,NaN,NaN,NaN,NaN,NaN,NaN,NaN
1682557200,0.68,0.68,0.66,0.665,5172100,NaN,NaN,NaN,NaN,NaN,NaN,NaN
1682643600,0.655,0.67,0.65,0.67,2620500,NaN,NaN,NaN,NaN,NaN,NaN,NaN
1682989200,0.67,0.67,0.635,0.66,852600,NaN,NaN,NaN,NaN,NaN,NaN,NaN
1683075600,0.66,0.66,0.64,0.65,1201200,NaN,NaN,NaN,NaN,NaN,NaN,NaN
1683248400,0.64,0.65,0.63,0.65,2795800,NaN,NaN,NaN,NaN,NaN,NaN,NaN
1683507600,0.645,0.65,0.625,0.65,3335000,NaN,NaN,NaN,NaN,NaN,NaN,NaN
1683594000,0.64,0.65,0.63,0.65,1595100,NaN,NaN,NaN,NaN,NaN,NaN,NaN
1683680400,0.65,0.65,0.64,0.65,3921400,NaN,NaN,NaN,NaN,NaN,NaN,NaN
1683766800,0.645,0.645,0.635,0.645,2222700,NaN,NaN,NaN,NaN,NaN,NaN,NaN
1683853200,0.64,0.645,0.625,0.645,4786000,NaN,NaN,NaN,NaN,NaN,NaN,NaN
1684112400,0.645,0.65,0.635,0.645,686200,NaN,NaN,NaN,NaN,NaN,NaN,NaN
1684198800,0.65,0.675,0.645,0.67,6985900,NaN,NaN,NaN,NaN,NaN,NaN,NaN
1684285200,0.67,0.685,0.66,0.685,6892400,NaN,NaN,NaN,NaN,NaN,NaN,NaN
1684371600,0.685,0.685,0.67,0.675,608100,NaN,NaN,NaN,NaN,NaN,NaN,NaN
1684458000,0.67,0.68,0.66,0.675,11327200,NaN,NaN,NaN,NaN,NaN,NaN,NaN
1684717200,0.66,0.69,0.65,0.69,10399500,NaN,NaN,NaN,NaN,NaN,NaN,NaN
1684803600,0.685,0.685,0.665,0.68,5343900,NaN,NaN,NaN,NaN,NaN,NaN,NaN
1684890000,0.68,0.745,0.675,0.74,11376200,NaN,NaN,NaN,NaN,NaN,NaN,NaN
1684976400,0.74,0.78,0.74,0.765,13332700,NaN,NaN,NaN,NaN,NaN,NaN,NaN
1685062800,0.765,0.775,0.745,0.765,7022400,NaN,NaN,NaN,NaN,NaN,NaN,NaN
1685322000,0.76,0.775,0.735,0.76,10349300,NaN,NaN,NaN,NaN,NaN,NaN,NaN
1685408400,0.76,0.76,0.74,0.75,1499600,NaN,NaN,NaN,NaN,NaN,NaN,NaN
1685494800,0.74,0.74,0.72,0.74,2961300,NaN,NaN,NaN,NaN,NaN,NaN,NaN
1685581200,0.74,0.75,0.73,0.74,2825000,NaN,NaN,NaN,NaN,NaN,NaN,NaN
1685667600,0.735,0.75,0.735,0.745,5684600,NaN,NaN,NaN,NaN,NaN,NaN,NaN
1686013200,0.745,0.76,0.735,0.76,3645200,NaN,NaN,NaN,NaN,NaN,NaN,NaN
1686099600,0.76,0.76,0.75,0.755,1337100,NaN,NaN,NaN,NaN,NaN,NaN,NaN
1686186000,0.75,0.755,0.745,0.755,3257000,NaN,NaN,NaN,NaN,NaN,NaN,NaN
1686272400,0.75,0.76,0.74,0.755,1136200,NaN,NaN,NaN,NaN,NaN,NaN,NaN
1686531600,0.755,0.76,0.745,0.745,4776200,NaN,NaN,NaN,NaN,NaN,NaN,NaN
1686618000,0.75,0.77,0.745,0.77,5722200,NaN,NaN,NaN,NaN,NaN,NaN,NaN
1686704400,0.77,0.8,0.77,0.795,5668000,NaN,NaN,NaN,NaN,NaN,NaN,NaN
1686790800,0.795,0.9,0.79,0.88,20396900,NaN,NaN,NaN,NaN,NaN,NaN,NaN
1686877200,0.895,0.92,0.81,0.87,19275300,NaN,NaN,NaN,NaN,NaN,NaN,NaN
1687136400,0.865,0.87,0.835,0.865,5112200,NaN,NaN,NaN,NaN,NaN,NaN,NaN
1687222800,0.87,0.87,0.82,0.845,5456900,NaN,NaN,NaN,NaN,NaN,NaN,NaN
1687309200,0.845,0.845,0.82,0.83,7994500,NaN,NaN,NaN,NaN,NaN,NaN,NaN
1687395600,0.82,0.825,0.795,0.81,3805700,NaN,NaN,NaN,NaN,NaN,NaN,NaN
1687482000,0.81,0.82,0.795,0.81,1828100,NaN,NaN,NaN,NaN,NaN,NaN,NaN
1687741200,0.815,0.815,0.79,0.79,4833200,NaN,NaN,NaN,NaN,NaN,NaN,NaN
1687827600,0.79,0.79,0.735,0.775,10968000,NaN,NaN,NaN,NaN,NaN,NaN,NaN
1687914000,0.775,0.78,0.735,0.735,6062600,NaN,NaN,NaN,NaN,NaN,NaN,NaN
1688086800,0.735,0.77,0.72,0.77,3669500,3876066552,641823000,402970000,21194000,133479999.99999999,219488000,0.866233766233766
1688346000,0.765,0.8,0.745,0.79,7692500,NaN,NaN,NaN,NaN,NaN,NaN,NaN
1688432400,0.79,0.81,0.75,0.755,8298300,NaN,NaN,NaN,NaN,NaN,NaN,NaN
1688518800,0.76,0.765,0.73,0.745,7443300,NaN,NaN,NaN,NaN,NaN,NaN,NaN
1688605200,0.745,0.745,0.73,0.73,1990300,NaN,NaN,NaN,NaN,NaN,NaN,NaN
1688691600,0.725,0.745,0.71,0.74,2652900,NaN,NaN,NaN,NaN,NaN,NaN,NaN
1688950800,0.735,0.735,0.72,0.735,1687000,NaN,NaN,NaN,NaN,NaN,NaN,NaN
1689037200,0.735,0.735,0.72,0.735,1389500,NaN,NaN,NaN,NaN,NaN,NaN,NaN
1689123600,0.73,0.745,0.725,0.735,3886400,NaN,NaN,NaN,NaN,NaN,NaN,NaN
1689210000,0.74,0.76,0.735,0.75,1026500,NaN,NaN,NaN,NaN,NaN,NaN,NaN
1689296400,0.75,0.755,0.74,0.75,996800,NaN,NaN,NaN,NaN,NaN,NaN,NaN
1689555600,0.745,0.745,0.735,0.74,1278400,NaN,NaN,NaN,NaN,NaN,NaN,NaN
1689642000,0.745,0.745,0.735,0.74,1092700,NaN,NaN,NaN,NaN,NaN,NaN,NaN
1689814800,0.74,0.805,0.74,0.8,9006800,NaN,NaN,NaN,NaN,NaN,NaN,NaN
1689901200,0.8,0.805,0.77,0.8,5488900,NaN,NaN,NaN,NaN,NaN,NaN,NaN
1690160400,0.805,0.805,0.785,0.8,1240600,NaN,NaN,NaN,NaN,NaN,NaN,NaN
1690246800,0.8,0.805,0.78,0.79,2722300,NaN,NaN,NaN,NaN,NaN,NaN,NaN
1690333200,0.79,0.795,0.77,0.78,2758400,NaN,NaN,NaN,NaN,NaN,NaN,NaN
1690419600,0.78,0.805,0.775,0.785,4114900,NaN,NaN,NaN,NaN,NaN,NaN,NaN
1690506000,0.785,0.79,0.78,0.78,3605100,NaN,NaN,NaN,NaN,NaN,NaN,NaN
1690765200,0.775,0.775,0.745,0.765,1388100,NaN,NaN,NaN,NaN,NaN,NaN,NaN
1690851600,0.765,0.765,0.745,0.745,2852600,NaN,NaN,NaN,NaN,NaN,NaN,NaN
1690938000,0.745,0.75,0.74,0.745,603100,NaN,NaN,NaN,NaN,NaN,NaN,NaN
1691024400,0.745,0.76,0.745,0.75,3117700,NaN,NaN,NaN,NaN,NaN,NaN,NaN
1691110800,0.75,0.755,0.74,0.75,873700,NaN,NaN,NaN,NaN,NaN,NaN,NaN
1691370000,0.745,0.775,0.74,0.765,1072100,NaN,NaN,NaN,NaN,NaN,NaN,NaN
1691456400,0.765,0.775,0.765,0.765,293800,NaN,NaN,NaN,NaN,NaN,NaN,NaN
1691542800,0.765,0.775,0.75,0.77,5210100,NaN,NaN,NaN,NaN,NaN,NaN,NaN
1691629200,0.775,0.775,0.76,0.765,663200,NaN,NaN,NaN,NaN,NaN,NaN,NaN
1691715600,0.765,0.785,0.755,0.77,1155800,NaN,NaN,NaN,NaN,NaN,NaN,NaN
1691974800,0.77,0.805,0.765,0.77,1471300,NaN,NaN,NaN,NaN,NaN,NaN,NaN
1692061200,0.775,0.78,0.765,0.77,1308200,NaN,NaN,NaN,NaN,NaN,NaN,NaN
1692147600,0.77,0.775,0.765,0.765,281000,NaN,NaN,NaN,NaN,NaN,NaN,NaN
1692234000,0.76,0.76,0.75,0.75,3397500,NaN,NaN,NaN,NaN,NaN,NaN,NaN
1692320400,0.75,0.77,0.75,0.76,5792600,NaN,NaN,NaN,NaN,NaN,NaN,NaN
1692579600,0.765,0.765,0.75,0.755,5064300,NaN,NaN,NaN,NaN,NaN,NaN,NaN
1692666000,0.75,0.755,0.745,0.755,259800,NaN,NaN,NaN,NaN,NaN,NaN,NaN
1692752400,0.755,0.755,0.74,0.75,711700,NaN,NaN,NaN,NaN,NaN,NaN,NaN
1692838800,0.74,0.745,0.73,0.745,663500,NaN,NaN,NaN,NaN,NaN,NaN,NaN
1692925200,0.735,0.74,0.73,0.74,1090700,NaN,NaN,NaN,NaN,NaN,NaN,NaN
1693184400,0.73,0.755,0.725,0.755,999900,NaN,NaN,NaN,NaN,NaN,NaN,NaN
1693270800,0.755,0.76,0.745,0.755,815000,NaN,NaN,NaN,NaN,NaN,NaN,NaN
1693357200,0.755,0.755,0.745,0.755,1533400,NaN,NaN,NaN,NaN,NaN,NaN,NaN
1693530000,0.755,0.755,0.74,0.74,4841900,NaN,NaN,NaN,NaN,NaN,NaN,NaN
1693789200,0.74,0.75,0.735,0.75,2392900,NaN,NaN,NaN,NaN,NaN,NaN,NaN
1693875600,0.75,0.75,0.735,0.745,2621500,NaN,NaN,NaN,NaN,NaN,NaN,NaN
1693962000,0.745,0.745,0.73,0.74,1482100,NaN,NaN,NaN,NaN,NaN,NaN,NaN
1694048400,0.735,0.74,0.73,0.735,1928400,NaN,NaN,NaN,NaN,NaN,NaN,NaN
1694134800,0.735,0.755,0.73,0.755,1243600,NaN,NaN,NaN,NaN,NaN,NaN,NaN
1694394000,0.75,0.79,0.745,0.785,18546100,NaN,NaN,NaN,NaN,NaN,NaN,NaN
1694480400,0.785,0.785,0.745,0.75,4146600,NaN,NaN,NaN,NaN,NaN,NaN,NaN
1694566800,0.745,0.75,0.74,0.75,1709700,NaN,NaN,NaN,NaN,NaN,NaN,NaN
1694653200,0.745,0.75,0.74,0.745,3969300,NaN,NaN,NaN,NaN,NaN,NaN,NaN
1694739600,0.745,0.755,0.73,0.75,6961600,NaN,NaN,NaN,NaN,NaN,NaN,NaN
1694998800,0.74,0.75,0.735,0.745,3995600,NaN,NaN,NaN,NaN,NaN,NaN,NaN
1695085200,0.74,0.745,0.73,0.745,2111400,NaN,NaN,NaN,NaN,NaN,NaN,NaN
1695171600,0.74,0.74,0.73,0.74,5481100,NaN,NaN,NaN,NaN,NaN,NaN,NaN
1695258000,0.735,0.75,0.73,0.74,2391700,NaN,NaN,NaN,NaN,NaN,NaN,NaN
1695344400,0.74,0.745,0.735,0.745,4802300,NaN,NaN,NaN,NaN,NaN,NaN,NaN
1695603600,0.745,0.75,0.73,0.745,2479000,NaN,NaN,NaN,NaN,NaN,NaN,NaN
1695690000,0.745,0.78,0.735,0.775,3699000,NaN,NaN,NaN,NaN,NaN,NaN,NaN
1695776400,0.77,0.77,0.75,0.765,4384700,NaN,NaN,NaN,NaN,NaN,NaN,NaN
1695949200,0.765,0.77,0.76,0.765,118500,3876066552,662492000,406749000,32393000,182937000,235867000,0.871895424836601
1696208400,0.76,0.76,0.745,0.745,957200,NaN,NaN,NaN,NaN,NaN,NaN,NaN
1696294800,0.76,0.76,0.745,0.755,2621600,NaN,NaN,NaN,NaN,NaN,NaN,NaN
1696381200,0.755,0.765,0.75,0.76,7792500,NaN,NaN,NaN,NaN,NaN,NaN,NaN
1696467600,0.755,0.77,0.75,0.76,6240500,NaN,NaN,NaN,NaN,NaN,NaN,NaN
1696554000,0.755,0.76,0.75,0.755,1672800,NaN,NaN,NaN,NaN,NaN,NaN,NaN
1696813200,0.755,0.76,0.75,0.75,1806500,NaN,NaN,NaN,NaN,NaN,NaN,NaN
1696899600,0.745,0.75,0.735,0.75,2007800,NaN,NaN,NaN,NaN,NaN,NaN,NaN
1696986000,0.745,0.75,0.74,0.745,5001300,NaN,NaN,NaN,NaN,NaN,NaN,NaN
1697072400,0.74,0.745,0.735,0.745,12747600,NaN,NaN,NaN,NaN,NaN,NaN,NaN
1697158800,0.74,0.745,0.735,0.745,4610000,NaN,NaN,NaN,NaN,NaN,NaN,NaN
1697418000,0.745,0.745,0.74,0.745,5190300,NaN,NaN,NaN,NaN,NaN,NaN,NaN
1697504400,0.745,0.75,0.74,0.75,4551800,NaN,NaN,NaN,NaN,NaN,NaN,NaN
1697590800,0.75,0.765,0.75,0.75,1663000,NaN,NaN,NaN,NaN,NaN,NaN,NaN
1697677200,0.75,0.75,0.745,0.75,244200,NaN,NaN,NaN,NaN,NaN,NaN,NaN
1697763600,0.745,0.745,0.74,0.745,626200,NaN,NaN,NaN,NaN,NaN,NaN,NaN
1698022800,0.745,0.75,0.72,0.745,12499500,NaN,NaN,NaN,NaN,NaN,NaN,NaN
1698109200,0.74,0.745,0.725,0.745,7740200,NaN,NaN,NaN,NaN,NaN,NaN,NaN
1698195600,0.735,0.76,0.735,0.76,1276000,NaN,NaN,NaN,NaN,NaN,NaN,NaN
1698282000,0.745,0.76,0.745,0.75,1891000,NaN,NaN,NaN,NaN,NaN,NaN,NaN
1698368400,0.75,0.765,0.75,0.75,4580500,NaN,NaN,NaN,NaN,NaN,NaN,NaN
1698627600,0.745,0.75,0.735,0.74,6603000,NaN,NaN,NaN,NaN,NaN,NaN,NaN
1698714000,0.735,0.74,0.725,0.725,4026700,NaN,NaN,NaN,NaN,NaN,NaN,NaN
1698800400,0.73,0.745,0.72,0.745,2997000,NaN,NaN,NaN,NaN,NaN,NaN,NaN
1698886800,0.745,0.745,0.72,0.735,7597600,NaN,NaN,NaN,NaN,NaN,NaN,NaN
1698973200,0.74,0.745,0.735,0.745,468400,NaN,NaN,NaN,NaN,NaN,NaN,NaN
1699232400,0.745,0.745,0.735,0.745,1210400,NaN,NaN,NaN,NaN,NaN,NaN,NaN
1699318800,0.745,0.75,0.745,0.75,3209600,NaN,NaN,NaN,NaN,NaN,NaN,NaN
1699405200,0.75,0.77,0.75,0.77,12457600,NaN,NaN,NaN,NaN,NaN,NaN,NaN
1699491600,0.765,0.77,0.76,0.77,3557500,NaN,NaN,NaN,NaN,NaN,NaN,NaN
1699578000,0.765,0.77,0.75,0.755,1584400,NaN,NaN,NaN,NaN,NaN,NaN,NaN
1699923600,0.755,0.76,0.735,0.755,7870500,NaN,NaN,NaN,NaN,NaN,NaN,NaN
1700010000,0.755,0.755,0.735,0.75,5145000,NaN,NaN,NaN,NaN,NaN,NaN,NaN
1700096400,0.745,0.75,0.735,0.745,709300,NaN,NaN,NaN,NaN,NaN,NaN,NaN
1700182800,0.75,0.75,0.74,0.75,1180700,NaN,NaN,NaN,NaN,NaN,NaN,NaN
1700442000,0.75,0.75,0.74,0.74,2370100,NaN,NaN,NaN,NaN,NaN,NaN,NaN
1700528400,0.74,0.745,0.74,0.745,648000,NaN,NaN,NaN,NaN,NaN,NaN,NaN
1700614800,0.74,0.75,0.74,0.75,409300,NaN,NaN,NaN,NaN,NaN,NaN,NaN
1700701200,0.745,0.75,0.74,0.745,2359800,NaN,NaN,NaN,NaN,NaN,NaN,NaN
1700787600,0.745,0.75,0.735,0.74,3810800,NaN,NaN,NaN,NaN,NaN,NaN,NaN
1701046800,0.74,0.74,0.73,0.74,1049300,NaN,NaN,NaN,NaN,NaN,NaN,NaN
1701133200,0.74,0.745,0.735,0.74,1629000,NaN,NaN,NaN,NaN,NaN,NaN,NaN
1701219600,0.745,0.745,0.735,0.74,478200,NaN,NaN,NaN,NaN,NaN,NaN,NaN
1701306000,0.74,0.74,0.735,0.735,7354400,NaN,NaN,NaN,NaN,NaN,NaN,NaN
1701392400,0.74,0.74,0.735,0.74,140800,NaN,NaN,NaN,NaN,NaN,NaN,NaN
1701651600,0.74,0.74,0.73,0.74,944900,NaN,NaN,NaN,NaN,NaN,NaN,NaN
1701738000,0.74,0.74,0.72,0.73,5949400,NaN,NaN,NaN,NaN,NaN,NaN,NaN
1701824400,0.73,0.73,0.72,0.725,5829500,NaN,NaN,NaN,NaN,NaN,NaN,NaN
1701910800,0.72,0.73,0.715,0.725,13089500,NaN,NaN,NaN,NaN,NaN,NaN,NaN
1701997200,0.725,0.745,0.725,0.725,11150500,NaN,NaN,NaN,NaN,NaN,NaN,NaN
1702256400,0.72,0.73,0.72,0.73,3608900,NaN,NaN,NaN,NaN,NaN,NaN,NaN
1702342800,0.725,0.73,0.72,0.72,6585100,NaN,NaN,NaN,NaN,NaN,NaN,NaN
1702429200,0.72,0.735,0.705,0.725,6063300,NaN,NaN,NaN,NaN,NaN,NaN,NaN
1702515600,0.725,0.745,0.72,0.74,5183900,NaN,NaN,NaN,NaN,NaN,NaN,NaN
1702602000,0.74,0.75,0.735,0.74,3659900,NaN,NaN,NaN,NaN,NaN,NaN,NaN
1702861200,0.735,0.74,0.73,0.74,6248700,NaN,NaN,NaN,NaN,NaN,NaN,NaN
1702947600,0.735,0.745,0.735,0.745,8272400,NaN,NaN,NaN,NaN,NaN,NaN,NaN
1703034000,0.745,0.765,0.745,0.755,14949700,NaN,NaN,NaN,NaN,NaN,NaN,NaN
1703120400,0.75,0.76,0.75,0.755,9586300,NaN,NaN,NaN,NaN,NaN,NaN,NaN
1703206800,0.755,0.76,0.755,0.76,1426500,NaN,NaN,NaN,NaN,NaN,NaN,NaN
1703552400,0.76,0.76,0.75,0.76,385800,NaN,NaN,NaN,NaN,NaN,NaN,NaN
1703638800,0.75,0.755,0.745,0.755,456700,NaN,NaN,NaN,NaN,NaN,NaN,NaN
1703725200,0.75,0.76,0.75,0.76,488900,NaN,NaN,NaN,NaN,NaN,NaN,NaN
1703811600,0.755,0.78,0.755,0.775,2240800,3876066552,878652733,619418693,37985000,213880000,256123575.00000003,1.29032258064516
1704157200,0.775,0.795,0.775,0.79,1637300,NaN,NaN,NaN,NaN,NaN,NaN,NaN
1704243600,0.79,0.795,0.78,0.79,160900,NaN,NaN,NaN,NaN,NaN,NaN,NaN
1704330000,0.79,0.795,0.78,0.785,352500,NaN,NaN,NaN,NaN,NaN,NaN,NaN
1704416400,0.79,0.79,0.78,0.785,385100,NaN,NaN,NaN,NaN,NaN,NaN,NaN
1704675600,0.78,0.8,0.77,0.8,13024600,NaN,NaN,NaN,NaN,NaN,NaN,NaN
1704762000,0.805,0.83,0.805,0.82,15130600,NaN,NaN,NaN,NaN,NaN,NaN,NaN
1704848400,0.81,0.83,0.805,0.82,12962700,NaN,NaN,NaN,NaN,NaN,NaN,NaN
1704934800,0.82,0.83,0.81,0.83,3190100,NaN,NaN,NaN,NaN,NaN,NaN,NaN
1705021200,0.815,0.83,0.81,0.815,2556800,NaN,NaN,NaN,NaN,NaN,NaN,NaN
1705280400,0.815,0.825,0.81,0.825,823100,NaN,NaN,NaN,NaN,NaN,NaN,NaN
1705366800,0.825,0.855,0.825,0.85,11232800,NaN,NaN,NaN,NaN,NaN,NaN,NaN
1705453200,0.85,0.855,0.83,0.835,1166000,NaN,NaN,NaN,NaN,NaN,NaN,NaN
1705539600,0.83,0.86,0.77,0.86,8332600,NaN,NaN,NaN,NaN,NaN,NaN,NaN
1705626000,0.85,0.955,0.845,0.93,12467500,NaN,NaN,NaN,NaN,NaN,NaN,NaN
1705885200,0.925,0.945,0.905,0.93,8007600,NaN,NaN,NaN,NaN,NaN,NaN,NaN
1705971600,0.91,0.945,0.91,0.93,2096000,NaN,NaN,NaN,NaN,NaN,NaN,NaN
1706058000,0.925,0.94,0.92,0.93,6726700,NaN,NaN,NaN,NaN,NaN,NaN,NaN
1706230800,0.915,0.95,0.915,0.945,15811600,NaN,NaN,NaN,NaN,NaN,NaN,NaN
1706490000,0.945,0.955,0.935,0.94,9733700,NaN,NaN,NaN,NaN,NaN,NaN,NaN
1706576400,0.94,0.95,0.935,0.95,6453300,NaN,NaN,NaN,NaN,NaN,NaN,NaN
1706662800,0.95,0.965,0.94,0.945,939000,NaN,NaN,NaN,NaN,NaN,NaN,NaN
1706835600,0.94,0.945,0.92,0.925,5551000,NaN,NaN,NaN,NaN,NaN,NaN,NaN
1707094800,0.88,0.93,0.88,0.93,2897700,NaN,NaN,NaN,NaN,NaN,NaN,NaN
1707181200,0.925,0.935,0.92,0.93,5834700,NaN,NaN,NaN,NaN,NaN,NaN,NaN
1707267600,0.92,0.93,0.92,0.93,93600,NaN,NaN,NaN,NaN,NaN,NaN,NaN
1707354000,0.925,0.93,0.925,0.925,386500,NaN,NaN,NaN,NaN,NaN,NaN,NaN
1707440400,0.925,0.96,0.925,0.955,904200,NaN,NaN,NaN,NaN,NaN,NaN,NaN
1707786000,0.955,0.97,0.955,0.965,1537200,NaN,NaN,NaN,NaN,NaN,NaN,NaN
1707872400,0.97,0.98,0.96,0.98,1936300,NaN,NaN,NaN,NaN,NaN,NaN,NaN
1707958800,0.985,0.985,0.965,0.975,3203700,NaN,NaN,NaN,NaN,NaN,NaN,NaN
1708045200,0.985,0.985,0.965,0.97,907400,NaN,NaN,NaN,NaN,NaN,NaN,NaN
1708304400,0.965,0.965,0.885,0.89,8408500,NaN,NaN,NaN,NaN,NaN,NaN,NaN
1708390800,0.91,0.915,0.87,0.885,4969700,NaN,NaN,NaN,NaN,NaN,NaN,NaN
1708477200,0.88,0.925,0.88,0.925,2923000,NaN,NaN,NaN,NaN,NaN,NaN,NaN
1708563600,0.925,0.945,0.905,0.945,2687900,NaN,NaN,NaN,NaN,NaN,NaN,NaN
1708650000,0.95,0.95,0.93,0.95,2421800,NaN,NaN,NaN,NaN,NaN,NaN,NaN
1708909200,0.94,0.945,0.91,0.925,3785700,NaN,NaN,NaN,NaN,NaN,NaN,NaN
1708995600,0.925,0.93,0.865,0.875,10859400,NaN,NaN,NaN,NaN,NaN,NaN,NaN
1709082000,0.88,0.9,0.88,0.885,1459800,NaN,NaN,NaN,NaN,NaN,NaN,NaN
1709168400,0.88,0.88,0.825,0.825,10245500,NaN,NaN,NaN,NaN,NaN,NaN,NaN
1709254800,0.825,0.86,0.805,0.855,4807800,NaN,NaN,NaN,NaN,NaN,NaN,NaN
1709514000,0.855,0.865,0.84,0.85,1111400,NaN,NaN,NaN,NaN,NaN,NaN,NaN
1709600400,0.84,0.85,0.815,0.845,648400,NaN,NaN,NaN,NaN,NaN,NaN,NaN
1709686800,0.835,0.845,0.81,0.845,1744900,NaN,NaN,NaN,NaN,NaN,NaN,NaN
1709773200,0.835,0.845,0.815,0.835,557900,NaN,NaN,NaN,NaN,NaN,NaN,NaN
1709859600,0.825,0.85,0.825,0.85,1300300,NaN,NaN,NaN,NaN,NaN,NaN,NaN
1710118800,0.85,0.85,0.83,0.85,1762400,NaN,NaN,NaN,NaN,NaN,NaN,NaN
1710205200,0.845,0.85,0.83,0.845,330100,NaN,NaN,NaN,NaN,NaN,NaN,NaN
1710291600,0.845,0.855,0.84,0.845,230200,NaN,NaN,NaN,NaN,NaN,NaN,NaN
1710378000,0.845,0.845,0.835,0.84,175100,NaN,NaN,NaN,NaN,NaN,NaN,NaN
1710464400,0.84,0.84,0.825,0.84,486300,NaN,NaN,NaN,NaN,NaN,NaN,NaN
1710723600,0.83,0.835,0.815,0.835,530600,NaN,NaN,NaN,NaN,NaN,NaN,NaN
1710810000,0.84,0.85,0.84,0.85,379000,NaN,NaN,NaN,NaN,NaN,NaN,NaN
1710896400,0.845,0.845,0.825,0.845,669200,NaN,NaN,NaN,NaN,NaN,NaN,NaN
1710982800,0.835,0.855,0.835,0.845,531000,NaN,NaN,NaN,NaN,NaN,NaN,NaN
1711069200,0.84,0.85,0.825,0.85,718500,NaN,NaN,NaN,NaN,NaN,NaN,NaN
1711328400,0.85,0.86,0.835,0.86,563000,NaN,NaN,NaN,NaN,NaN,NaN,NaN
1711414800,0.855,0.89,0.855,0.885,2017800,NaN,NaN,NaN,NaN,NaN,NaN,NaN
1711501200,0.88,0.9,0.87,0.89,2050200,NaN,NaN,NaN,NaN,NaN,NaN,NaN
1711674000,0.89,0.9,0.87,0.895,852500,3876067000,855101000,604097000,26997000,232269000,229276000,1.11731843575419
1711933200,0.9,0.9,0.87,0.875,773900,NaN,NaN,NaN,NaN,NaN,NaN,NaN
1712019600,0.875,0.88,0.86,0.875,721100,NaN,NaN,NaN,NaN,NaN,NaN,NaN
1712106000,0.87,0.87,0.855,0.87,388900,NaN,NaN,NaN,NaN,NaN,NaN,NaN
1712192400,0.865,0.865,0.84,0.865,2200800,NaN,NaN,NaN,NaN,NaN,NaN,NaN
1712278800,0.855,0.86,0.85,0.85,834000,NaN,NaN,NaN,NaN,NaN,NaN,NaN
1712538000,0.845,0.85,0.84,0.845,770400,NaN,NaN,NaN,NaN,NaN,NaN,NaN
1712624400,0.845,0.845,0.835,0.845,1088200,NaN,NaN,NaN,NaN,NaN,NaN,NaN
1712883600,0.84,0.85,0.83,0.84,1504500,NaN,NaN,NaN,NaN,NaN,NaN,NaN
1713142800,0.845,0.855,0.845,0.855,1225200,NaN,NaN,NaN,NaN,NaN,NaN,NaN
1713229200,0.86,0.865,0.84,0.85,1123400,NaN,NaN,NaN,NaN,NaN,NaN,NaN
1713315600,0.855,0.855,0.845,0.855,1064100,NaN,NaN,NaN,NaN,NaN,NaN,NaN
1713402000,0.86,0.87,0.845,0.86,2110400,NaN,NaN,NaN,NaN,NaN,NaN,NaN
1713488400,0.86,0.88,0.855,0.865,1217400,NaN,NaN,NaN,NaN,NaN,NaN,NaN
1713747600,0.865,0.89,0.855,0.89,973700,NaN,NaN,NaN,NaN,NaN,NaN,NaN
1713834000,0.89,0.91,0.89,0.9,1208600,NaN,NaN,NaN,NaN,NaN,NaN,NaN
1713920400,0.9,0.905,0.895,0.9,738800,NaN,NaN,NaN,NaN,NaN,NaN,NaN
1714006800,0.9,0.91,0.9,0.905,982800,NaN,NaN,NaN,NaN,NaN,NaN,NaN
1714093200,0.905,0.905,0.89,0.89,894700,NaN,NaN,NaN,NaN,NaN,NaN,NaN
1714352400,0.87,0.9,0.865,0.9,915100,NaN,NaN,NaN,NaN,NaN,NaN,NaN
1714438800,0.9,0.91,0.895,0.91,1095100,NaN,NaN,NaN,NaN,NaN,NaN,NaN
1714611600,0.915,0.915,0.905,0.915,902600,NaN,NaN,NaN,NaN,NaN,NaN,NaN
1714698000,0.915,0.92,0.905,0.915,1049900,NaN,NaN,NaN,NaN,NaN,NaN,NaN
1714957200,0.9,0.92,0.895,0.92,791800,NaN,NaN,NaN,NaN,NaN,NaN,NaN
1715043600,0.92,0.94,0.915,0.94,1029000,NaN,NaN,NaN,NaN,NaN,NaN,NaN
1715130000,0.94,0.945,0.94,0.94,689100,NaN,NaN,NaN,NaN,NaN,NaN,NaN
1715216400,0.94,0.945,0.93,0.945,1382600,NaN,NaN,NaN,NaN,NaN,NaN,NaN
1715302800,0.945,0.95,0.94,0.95,803300,NaN,NaN,NaN,NaN,NaN,NaN,NaN
1715562000,0.945,0.95,0.94,0.95,732600,NaN,NaN,NaN,NaN,NaN,NaN,NaN
1715648400,0.945,0.95,0.94,0.95,775400,NaN,NaN,NaN,NaN,NaN,NaN,NaN
1715734800,0.94,0.94,0.925,0.93,205000,NaN,NaN,NaN,NaN,NaN,NaN,NaN
1715821200,0.925,0.925,0.9,0.915,257100,NaN,NaN,NaN,NaN,NaN,NaN,NaN
1715907600,0.89,0.91,0.89,0.91,202600,NaN,NaN,NaN,NaN,NaN,NaN,NaN
1716166800,0.915,0.93,0.9,0.92,10266500,NaN,NaN,NaN,NaN,NaN,NaN,NaN
1716253200,0.925,0.925,0.905,0.915,5204800,NaN,NaN,NaN,NaN,NaN,NaN,NaN
1716426000,0.915,0.92,0.9,0.915,3943800,NaN,NaN,NaN,NaN,NaN,NaN,NaN
1716512400,0.915,0.915,0.895,0.915,3489100,NaN,NaN,NaN,NaN,NaN,NaN,NaN
1716771600,0.915,0.915,0.9,0.905,203500,NaN,NaN,NaN,NaN,NaN,NaN,NaN
1716858000,0.905,0.905,0.885,0.905,399100,NaN,NaN,NaN,NaN,NaN,NaN,NaN
1716944400,0.89,0.905,0.88,0.905,506800,NaN,NaN,NaN,NaN,NaN,NaN,NaN
1717030800,0.885,0.905,0.885,0.89,482500,NaN,NaN,NaN,NaN,NaN,NaN,NaN
1717117200,0.895,0.935,0.885,0.935,3010700,NaN,NaN,NaN,NaN,NaN,NaN,NaN
1717462800,0.94,0.94,0.9,0.905,549300,NaN,NaN,NaN,NaN,NaN,NaN,NaN
1717549200,0.91,0.91,0.89,0.905,1091400,NaN,NaN,NaN,NaN,NaN,NaN,NaN
1717635600,0.9,0.9,0.89,0.89,314200,NaN,NaN,NaN,NaN,NaN,NaN,NaN
1717722000,0.89,0.9,0.875,0.9,1033000,NaN,NaN,NaN,NaN,NaN,NaN,NaN
1717981200,0.9,0.9,0.875,0.895,3401200,NaN,NaN,NaN,NaN,NaN,NaN,NaN
1718067600,0.89,0.9,0.88,0.895,472700,NaN,NaN,NaN,NaN,NaN,NaN,NaN
1718154000,0.895,0.9,0.875,0.9,885900,NaN,NaN,NaN,NaN,NaN,NaN,NaN
1718240400,0.895,0.905,0.885,0.905,1644600,NaN,NaN,NaN,NaN,NaN,NaN,NaN
1718326800,0.9,0.91,0.89,0.905,323400,NaN,NaN,NaN,NaN,NaN,NaN,NaN
1718672400,0.905,0.905,0.89,0.89,101500,NaN,NaN,NaN,NaN,NaN,NaN,NaN
1718758800,0.89,0.895,0.875,0.875,4441600,NaN,NaN,NaN,NaN,NaN,NaN,NaN
1718845200,0.875,0.885,0.875,0.88,1183200,NaN,NaN,NaN,NaN,NaN,NaN,NaN
1718931600,0.89,0.9,0.88,0.9,870600,NaN,NaN,NaN,NaN,NaN,NaN,NaN
1719190800,0.9,0.9,0.88,0.88,2537100,NaN,NaN,NaN,NaN,NaN,NaN,NaN
1719277200,0.88,0.885,0.865,0.875,9726000,NaN,NaN,NaN,NaN,NaN,NaN,NaN
1719363600,0.875,0.88,0.865,0.87,6454400,NaN,NaN,NaN,NaN,NaN,NaN,NaN
1719450000,0.875,0.875,0.865,0.87,2654900,NaN,NaN,NaN,NaN,NaN,NaN,NaN
1719536400,0.87,0.87,0.86,0.865,8848500,3876067000,831692000,556420000,37545000,212963000,247920000,1.73410404624277
1719795600,0.865,0.865,0.855,0.865,601800,NaN,NaN,NaN,NaN,NaN,NaN,NaN
1719882000,0.86,0.865,0.855,0.86,1794900,NaN,NaN,NaN,NaN,NaN,NaN,NaN
1719968400,0.86,0.875,0.855,0.865,3008500,NaN,NaN,NaN,NaN,NaN,NaN,NaN
1720054800,0.865,0.875,0.845,0.865,4191900,NaN,NaN,NaN,NaN,NaN,NaN,NaN
1720141200,0.86,0.865,0.85,0.86,330400,NaN,NaN,NaN,NaN,NaN,NaN,NaN
1720486800,0.86,0.86,0.85,0.855,588200,NaN,NaN,NaN,NaN,NaN,NaN,NaN
1720573200,0.855,0.86,0.845,0.86,1107400,NaN,NaN,NaN,NaN,NaN,NaN,NaN
1720659600,0.86,0.875,0.86,0.875,397100,NaN,NaN,NaN,NaN,NaN,NaN,NaN
1720746000,0.87,0.895,0.87,0.895,643500,NaN,NaN,NaN,NaN,NaN,NaN,NaN
1721005200,0.895,0.9,0.87,0.9,297300,NaN,NaN,NaN,NaN,NaN,NaN,NaN
1721091600,0.9,0.9,0.88,0.885,189900,NaN,NaN,NaN,NaN,NaN,NaN,NaN
1721178000,0.885,0.885,0.85,0.875,3692100,NaN,NaN,NaN,NaN,NaN,NaN,NaN
1721264400,0.875,0.88,0.865,0.88,43400,NaN,NaN,NaN,NaN,NaN,NaN,NaN
1721350800,0.86,0.875,0.86,0.875,195600,NaN,NaN,NaN,NaN,NaN,NaN,NaN
1721610000,0.875,0.875,0.85,0.87,268300,NaN,NaN,NaN,NaN,NaN,NaN,NaN
1721696400,0.87,0.875,0.855,0.875,990200,NaN,NaN,NaN,NaN,NaN,NaN,NaN
1721782800,0.87,0.88,0.86,0.875,3823600,NaN,NaN,NaN,NaN,NaN,NaN,NaN
1721869200,0.86,0.87,0.855,0.865,4985500,NaN,NaN,NaN,NaN,NaN,NaN,NaN
1721955600,0.86,0.875,0.855,0.875,177000,NaN,NaN,NaN,NaN,NaN,NaN,NaN
1722214800,0.87,0.87,0.85,0.87,7199400,NaN,NaN,NaN,NaN,NaN,NaN,NaN
1722301200,0.87,0.875,0.865,0.875,140300,NaN,NaN,NaN,NaN,NaN,NaN,NaN
1722387600,0.87,0.88,0.865,0.88,235700,NaN,NaN,NaN,NaN,NaN,NaN,NaN
1722474000,0.885,0.885,0.865,0.87,920100,NaN,NaN,NaN,NaN,NaN,NaN,NaN
1722560400,0.87,0.875,0.84,0.875,2784900,NaN,NaN,NaN,NaN,NaN,NaN,NaN
1722819600,0.85,0.865,0.82,0.865,1601600,NaN,NaN,NaN,NaN,NaN,NaN,NaN
1722906000,0.845,0.88,0.84,0.875,454300,NaN,NaN,NaN,NaN,NaN,NaN,NaN
1722992400,0.86,0.875,0.86,0.875,310000,NaN,NaN,NaN,NaN,NaN,NaN,NaN
1723078800,0.865,0.875,0.86,0.875,330700,NaN,NaN,NaN,NaN,NaN,NaN,NaN
1723165200,0.875,0.875,0.865,0.87,599400,NaN,NaN,NaN,NaN,NaN,NaN,NaN
1723424400,0.87,0.87,0.86,0.87,381000,NaN,NaN,NaN,NaN,NaN,NaN,NaN
1723510800,0.875,0.875,0.86,0.865,5409600,NaN,NaN,NaN,NaN,NaN,NaN,NaN
1723597200,0.86,0.87,0.855,0.865,419000,NaN,NaN,NaN,NaN,NaN,NaN,NaN
1723683600,0.865,0.865,0.86,0.865,40900,NaN,NaN,NaN,NaN,NaN,NaN,NaN
1723770000,0.855,0.87,0.855,0.87,70100,NaN,NaN,NaN,NaN,NaN,NaN,NaN
1724029200,0.87,0.88,0.86,0.88,314300,NaN,NaN,NaN,NaN,NaN,NaN,NaN
1724115600,0.885,0.89,0.87,0.88,297000,NaN,NaN,NaN,NaN,NaN,NaN,NaN
1724202000,0.88,0.88,0.87,0.875,256800,NaN,NaN,NaN,NaN,NaN,NaN,NaN
1724288400,0.865,0.88,0.865,0.88,179700,NaN,NaN,NaN,NaN,NaN,NaN,NaN
1724374800,0.88,0.88,0.86,0.875,2372200,NaN,NaN,NaN,NaN,NaN,NaN,NaN
1724634000,0.87,0.885,0.87,0.88,1646000,NaN,NaN,NaN,NaN,NaN,NaN,NaN
1724720400,0.88,0.885,0.875,0.875,342000,NaN,NaN,NaN,NaN,NaN,NaN,NaN
1724806800,0.87,0.875,0.87,0.87,119800,NaN,NaN,NaN,NaN,NaN,NaN,NaN
1724893200,0.865,0.88,0.865,0.88,4389100,NaN,NaN,NaN,NaN,NaN,NaN,NaN
1724979600,0.88,0.9,0.875,0.9,1068400,NaN,NaN,NaN,NaN,NaN,NaN,NaN
1725238800,0.9,0.9,0.89,0.89,172700,NaN,NaN,NaN,NaN,NaN,NaN,NaN
1725325200,0.89,0.895,0.88,0.89,169500,NaN,NaN,NaN,NaN,NaN,NaN,NaN
1725411600,0.89,0.89,0.88,0.885,64200,NaN,NaN,NaN,NaN,NaN,NaN,NaN
1725498000,0.885,0.895,0.875,0.885,226900,NaN,NaN,NaN,NaN,NaN,NaN,NaN
1725584400,0.885,0.89,0.875,0.89,1226000,NaN,NaN,NaN,NaN,NaN,NaN,NaN
1725843600,0.875,0.89,0.875,0.89,43400,NaN,NaN,NaN,NaN,NaN,NaN,NaN
1725930000,0.89,0.895,0.885,0.89,245100,NaN,NaN,NaN,NaN,NaN,NaN,NaN
1726016400,0.89,0.895,0.885,0.89,134600,NaN,NaN,NaN,NaN,NaN,NaN,NaN
1726102800,0.89,0.895,0.885,0.895,37100,NaN,NaN,NaN,NaN,NaN,NaN,NaN
1726189200,0.89,0.895,0.88,0.88,399000,NaN,NaN,NaN,NaN,NaN,NaN,NaN
1726534800,0.875,0.88,0.85,0.88,172200,NaN,NaN,NaN,NaN,NaN,NaN,NaN
1726621200,0.87,0.88,0.87,0.87,49400,NaN,NaN,NaN,NaN,NaN,NaN,NaN
1726707600,0.87,0.885,0.86,0.885,3035000,NaN,NaN,NaN,NaN,NaN,NaN,NaN
1726794000,0.875,0.89,0.875,0.885,1262000,NaN,NaN,NaN,NaN,NaN,NaN,NaN
1727053200,0.885,0.885,0.87,0.88,133000,NaN,NaN,NaN,NaN,NaN,NaN,NaN
1727139600,0.88,0.93,0.88,0.925,3897000,NaN,NaN,NaN,NaN,NaN,NaN,NaN
1727226000,0.93,0.93,0.9,0.92,1138000,NaN,NaN,NaN,NaN,NaN,NaN,NaN
1727312400,0.92,0.92,0.9,0.91,667500,NaN,NaN,NaN,NaN,NaN,NaN,NaN
1727398800,0.91,0.915,0.905,0.905,528900,NaN,NaN,NaN,NaN,NaN,NaN,NaN
1727658000,0.9,0.92,0.9,0.91,207900,3876067000,865924000,589289000,35779000,252962000,245804000,2.52747252747253
1727744400,0.91,0.935,0.905,0.91,1296800,NaN,NaN,NaN,NaN,NaN,NaN,NaN
1727830800,0.905,0.905,0.9,0.9,215300,NaN,NaN,NaN,NaN,NaN,NaN,NaN
1727917200,0.895,0.9,0.875,0.9,458000,NaN,NaN,NaN,NaN,NaN,NaN,NaN
1728003600,0.89,0.9,0.885,0.885,261000,NaN,NaN,NaN,NaN,NaN,NaN,NaN
1728262800,0.885,0.91,0.88,0.885,310900,NaN,NaN,NaN,NaN,NaN,NaN,NaN
1728349200,0.885,0.91,0.885,0.9,3589500,NaN,NaN,NaN,NaN,NaN,NaN,NaN
1728435600,0.905,0.915,0.895,0.9,2720700,NaN,NaN,NaN,NaN,NaN,NaN,NaN
1728522000,0.9,0.915,0.895,0.9,2285400,NaN,NaN,NaN,NaN,NaN,NaN,NaN
1728608400,0.9,0.9,0.89,0.89,86100,NaN,NaN,NaN,NaN,NaN,NaN,NaN
1728867600,0.88,0.89,0.88,0.88,163900,NaN,NaN,NaN,NaN,NaN,NaN,NaN
1728954000,0.875,0.885,0.87,0.875,161500,NaN,NaN,NaN,NaN,NaN,NaN,NaN
1729040400,0.875,0.895,0.87,0.89,189900,NaN,NaN,NaN,NaN,NaN,NaN,NaN
1729126800,0.895,0.9,0.885,0.89,163300,NaN,NaN,NaN,NaN,NaN,NaN,NaN
1729213200,0.895,0.905,0.89,0.9,342900,NaN,NaN,NaN,NaN,NaN,NaN,NaN
1729472400,0.895,0.915,0.89,0.91,425200,NaN,NaN,NaN,NaN,NaN,NaN,NaN
1729558800,0.91,0.915,0.905,0.91,1860500,NaN,NaN,NaN,NaN,NaN,NaN,NaN
1729645200,0.905,0.92,0.9,0.92,3194100,NaN,NaN,NaN,NaN,NaN,NaN,NaN
1729731600,0.92,0.92,0.91,0.91,1791200,NaN,NaN,NaN,NaN,NaN,NaN,NaN
1729818000,0.91,0.92,0.91,0.92,125600,NaN,NaN,NaN,NaN,NaN,NaN,NaN
1730077200,0.92,0.92,0.89,0.895,440600,NaN,NaN,NaN,NaN,NaN,NaN,NaN
1730163600,0.895,0.915,0.895,0.905,671400,NaN,NaN,NaN,NaN,NaN,NaN,NaN
1730250000,0.895,0.91,0.89,0.895,1775600,NaN,NaN,NaN,NaN,NaN,NaN,NaN
1730422800,0.89,0.9,0.885,0.895,1814900,NaN,NaN,NaN,NaN,NaN,NaN,NaN
1730682000,0.895,0.915,0.89,0.915,2676000,NaN,NaN,NaN,NaN,NaN,NaN,NaN
1730768400,0.915,0.915,0.9,0.9,441300,NaN,NaN,NaN,NaN,NaN,NaN,NaN
1730854800,0.9,0.915,0.9,0.9,638000,NaN,NaN,NaN,NaN,NaN,NaN,NaN
1730941200,0.9,0.92,0.895,0.9,1259600,NaN,NaN,NaN,NaN,NaN,NaN,NaN
1731027600,0.9,0.9,0.89,0.9,31100,NaN,NaN,NaN,NaN,NaN,NaN,NaN
1731286800,0.89,0.9,0.89,0.89,32500,NaN,NaN,NaN,NaN,NaN,NaN,NaN
1731373200,0.885,0.9,0.88,0.89,796000,NaN,NaN,NaN,NaN,NaN,NaN,NaN
1731459600,0.885,0.895,0.88,0.895,4111800,NaN,NaN,NaN,NaN,NaN,NaN,NaN
1731546000,0.89,0.895,0.88,0.885,2235300,NaN,NaN,NaN,NaN,NaN,NaN,NaN
1731632400,0.885,0.9,0.88,0.9,2657300,NaN,NaN,NaN,NaN,NaN,NaN,NaN
1731891600,0.895,0.9,0.885,0.89,2051300,NaN,NaN,NaN,NaN,NaN,NaN,NaN
1731978000,0.89,0.895,0.88,0.895,2441500,NaN,NaN,NaN,NaN,NaN,NaN,NaN
1732064400,0.89,0.9,0.89,0.9,3557800,NaN,NaN,NaN,NaN,NaN,NaN,NaN
1732150800,0.89,0.9,0.89,0.9,5303700,NaN,NaN,NaN,NaN,NaN,NaN,NaN
1732237200,0.895,0.9,0.89,0.895,3312800,NaN,NaN,NaN,NaN,NaN,NaN,NaN
1732496400,0.89,0.905,0.89,0.895,3797100,NaN,NaN,NaN,NaN,NaN,NaN,NaN
1732582800,0.895,0.895,0.885,0.885,1261800,NaN,NaN,NaN,NaN,NaN,NaN,NaN
1732669200,0.89,0.9,0.885,0.895,1163000,NaN,NaN,NaN,NaN,NaN,NaN,NaN
1732755600,0.9,0.905,0.89,0.895,1286200,NaN,NaN,NaN,NaN,NaN,NaN,NaN
1732842000,0.895,0.9,0.89,0.9,2446400,NaN,NaN,NaN,NaN,NaN,NaN,NaN
1733101200,0.9,0.9,0.885,0.89,1376700,NaN,NaN,NaN,NaN,NaN,NaN,NaN
1733187600,0.885,0.885,0.88,0.885,1916000,NaN,NaN,NaN,NaN,NaN,NaN,NaN
1733274000,0.885,0.9,0.885,0.885,2815700,NaN,NaN,NaN,NaN,NaN,NaN,NaN
1733360400,0.885,0.89,0.88,0.885,1006300,NaN,NaN,NaN,NaN,NaN,NaN,NaN
1733446800,0.885,0.885,0.875,0.885,2874400,NaN,NaN,NaN,NaN,NaN,NaN,NaN
1733706000,0.885,0.895,0.875,0.885,5073900,NaN,NaN,NaN,NaN,NaN,NaN,NaN
1733792400,0.88,0.9,0.875,0.88,4787900,NaN,NaN,NaN,NaN,NaN,NaN,NaN
1733878800,0.875,0.88,0.87,0.88,138500,NaN,NaN,NaN,NaN,NaN,NaN,NaN
1733965200,0.88,0.895,0.875,0.88,4227900,NaN,NaN,NaN,NaN,NaN,NaN,NaN
1734051600,0.88,0.89,0.875,0.88,3818000,NaN,NaN,NaN,NaN,NaN,NaN,NaN
1734310800,0.885,0.885,0.875,0.88,1528600,NaN,NaN,NaN,NaN,NaN,NaN,NaN
1734397200,0.88,0.905,0.88,0.9,4331800,NaN,NaN,NaN,NaN,NaN,NaN,NaN
1734483600,0.895,0.905,0.89,0.9,1149500,NaN,NaN,NaN,NaN,NaN,NaN,NaN
1734570000,0.895,0.895,0.885,0.885,4055300,NaN,NaN,NaN,NaN,NaN,NaN,NaN
1734656400,0.89,0.9,0.885,0.885,6700100,NaN,NaN,NaN,NaN,NaN,NaN,NaN
1734915600,0.89,0.9,0.885,0.895,5650000,NaN,NaN,NaN,NaN,NaN,NaN,NaN
1735002000,0.895,0.9,0.885,0.89,17424900,NaN,NaN,NaN,NaN,NaN,NaN,NaN
1735174800,0.89,0.9,0.885,0.895,18108300,NaN,NaN,NaN,NaN,NaN,NaN,NaN
1735261200,0.895,0.895,0.885,0.89,9537500,NaN,NaN,NaN,NaN,NaN,NaN,NaN
1735520400,0.89,0.895,0.885,0.89,1993100,NaN,NaN,NaN,NaN,NaN,NaN,NaN
1735606800,0.895,0.9,0.88,0.885,8822600,3876066552,825558532,570025355,16293000,220114000,225126488,1.46892655367232
1735779600,0.88,0.88,0.875,0.88,2089000,NaN,NaN,NaN,NaN,NaN,NaN,NaN
1735866000,0.88,0.88,0.855,0.87,14347100,NaN,NaN,NaN,NaN,NaN,NaN,NaN
1736125200,0.86,0.88,0.86,0.87,14558500,NaN,NaN,NaN,NaN,NaN,NaN,NaN
1736211600,0.865,0.875,0.865,0.875,7426700,NaN,NaN,NaN,NaN,NaN,NaN,NaN
1736298000,0.875,0.875,0.86,0.87,7132100,NaN,NaN,NaN,NaN,NaN,NaN,NaN
1736384400,0.87,0.87,0.855,0.865,5820400,NaN,NaN,NaN,NaN,NaN,NaN,NaN
1736470800,0.865,0.875,0.865,0.865,1792200,NaN,NaN,NaN,NaN,NaN,NaN,NaN
1736730000,0.865,0.87,0.845,0.855,2802200,NaN,NaN,NaN,NaN,NaN,NaN,NaN
1736816400,0.855,0.875,0.855,0.87,3218600,NaN,NaN,NaN,NaN,NaN,NaN,NaN
1736902800,0.865,0.875,0.855,0.855,1914700,NaN,NaN,NaN,NaN,NaN,NaN,NaN
1736989200,0.86,0.88,0.86,0.88,2783200,NaN,NaN,NaN,NaN,NaN,NaN,NaN
1737075600,0.885,0.885,0.86,0.87,2865700,NaN,NaN,NaN,NaN,NaN,NaN,NaN
1737334800,0.87,0.9,0.87,0.895,5214000,NaN,NaN,NaN,NaN,NaN,NaN,NaN
1737421200,0.895,0.895,0.875,0.875,2682800,NaN,NaN,NaN,NaN,NaN,NaN,NaN
1737507600,0.875,0.89,0.875,0.875,3352100,NaN,NaN,NaN,NaN,NaN,NaN,NaN
1737594000,0.875,0.89,0.875,0.88,5933800,NaN,NaN,NaN,NaN,NaN,NaN,NaN
1737680400,0.88,0.885,0.875,0.88,5456000,NaN,NaN,NaN,NaN,NaN,NaN,NaN
1737939600,0.89,0.895,0.885,0.89,4361800,NaN,NaN,NaN,NaN,NaN,NaN,NaN
1738026000,0.89,0.895,0.875,0.875,2766800,NaN,NaN,NaN,NaN,NaN,NaN,NaN
1738285200,0.875,0.875,0.865,0.865,2267800,NaN,NaN,NaN,NaN,NaN,NaN,NaN
1738544400,0.865,0.89,0.865,0.885,3089600,NaN,NaN,NaN,NaN,NaN,NaN,NaN
1738630800,0.885,0.895,0.885,0.895,2102100,NaN,NaN,NaN,NaN,NaN,NaN,NaN
1738717200,0.895,0.9,0.89,0.895,3433200,NaN,NaN,NaN,NaN,NaN,NaN,NaN
1738803600,0.895,0.905,0.89,0.895,3653200,NaN,NaN,NaN,NaN,NaN,NaN,NaN
1738890000,0.895,0.895,0.885,0.895,2468600,NaN,NaN,NaN,NaN,NaN,NaN,NaN
1739149200,0.89,0.9,0.89,0.89,3070100,NaN,NaN,NaN,NaN,NaN,NaN,NaN
1739322000,0.89,0.9,0.89,0.89,4639500,NaN,NaN,NaN,NaN,NaN,NaN,NaN
1739408400,0.895,0.9,0.89,0.89,2859300,NaN,NaN,NaN,NaN,NaN,NaN,NaN
1739494800,0.895,0.905,0.88,0.885,5739700,NaN,NaN,NaN,NaN,NaN,NaN,NaN
1739754000,0.89,0.9,0.88,0.89,4266600,NaN,NaN,NaN,NaN,NaN,NaN,NaN
1739840400,0.89,0.9,0.88,0.885,2845700,NaN,NaN,NaN,NaN,NaN,NaN,NaN
1739926800,0.885,0.895,0.865,0.88,6763700,NaN,NaN,NaN,NaN,NaN,NaN,NaN
1740013200,0.895,0.895,0.865,0.88,5517300,NaN,NaN,NaN,NaN,NaN,NaN,NaN
1740099600,0.875,0.885,0.855,0.875,7193100,NaN,NaN,NaN,NaN,NaN,NaN,NaN
1740358800,0.875,0.89,0.86,0.865,8274300,NaN,NaN,NaN,NaN,NaN,NaN,NaN
1740445200,0.865,0.865,0.85,0.865,4421500,NaN,NaN,NaN,NaN,NaN,NaN,NaN
1740531600,0.855,0.895,0.855,0.89,7053900,NaN,NaN,NaN,NaN,NaN,NaN,NaN
1740618000,0.89,0.9,0.89,0.895,3863200,NaN,NaN,NaN,NaN,NaN,NaN,NaN
1740704400,0.9,0.935,0.88,0.935,6773900,NaN,NaN,NaN,NaN,NaN,NaN,NaN
1740963600,0.93,0.93,0.88,0.905,6567100,NaN,NaN,NaN,NaN,NaN,NaN,NaN
1741050000,0.9,0.91,0.885,0.895,3271800,NaN,NaN,NaN,NaN,NaN,NaN,NaN
1741136400,0.895,0.905,0.875,0.89,4467200,NaN,NaN,NaN,NaN,NaN,NaN,NaN
1741222800,0.895,0.905,0.885,0.89,2173800,NaN,NaN,NaN,NaN,NaN,NaN,NaN
1741309200,0.895,0.93,0.895,0.915,5723200,NaN,NaN,NaN,NaN,NaN,NaN,NaN
1741568400,0.91,0.915,0.895,0.895,2964300,NaN,NaN,NaN,NaN,NaN,NaN,NaN
1741654800,0.895,0.905,0.89,0.895,1610900,NaN,NaN,NaN,NaN,NaN,NaN,NaN
1741741200,0.9,0.91,0.89,0.895,4892300,NaN,NaN,NaN,NaN,NaN,NaN,NaN
1741827600,0.895,0.895,0.87,0.875,3448700,NaN,NaN,NaN,NaN,NaN,NaN,NaN
1741914000,0.87,0.875,0.86,0.865,1762900,NaN,NaN,NaN,NaN,NaN,NaN,NaN
1742173200,0.865,0.885,0.86,0.88,5292700,NaN,NaN,NaN,NaN,NaN,NaN,NaN
1742346000,0.88,0.89,0.875,0.885,2899000,NaN,NaN,NaN,NaN,NaN,NaN,NaN
1742432400,0.885,0.885,0.875,0.88,1597700,NaN,NaN,NaN,NaN,NaN,NaN,NaN
1742518800,0.88,0.885,0.875,0.88,4106000,NaN,NaN,NaN,NaN,NaN,NaN,NaN
1742778000,0.88,0.88,0.87,0.88,3207900,NaN,NaN,NaN,NaN,NaN,NaN,NaN
1742864400,0.88,0.89,0.88,0.885,1461200,NaN,NaN,NaN,NaN,NaN,NaN,NaN
1742950800,0.885,0.89,0.88,0.885,3793800,NaN,NaN,NaN,NaN,NaN,NaN,NaN
1743037200,0.885,0.885,0.87,0.88,3011600,NaN,NaN,NaN,NaN,NaN,NaN,NaN
1743123600,0.88,0.89,0.875,0.88,1671700,3876066552,849512000,574128000,31344000,238548000,239813000,1.47727272727273
1743555600,0.89,0.895,0.88,0.88,4606000,NaN,NaN,NaN,NaN,NaN,NaN,NaN
1743642000,0.885,0.895,0.875,0.885,2827300,NaN,NaN,NaN,NaN,NaN,NaN,NaN
1743728400,0.885,0.89,0.87,0.88,2618200,NaN,NaN,NaN,NaN,NaN,NaN,NaN
1743987600,0.87,0.88,0.85,0.88,4416400,NaN,NaN,NaN,NaN,NaN,NaN,NaN
1744074000,0.885,0.89,0.865,0.88,3213800,NaN,NaN,NaN,NaN,NaN,NaN,NaN
1744160400,0.87,0.885,0.81,0.875,5593800,NaN,NaN,NaN,NaN,NaN,NaN,NaN
1744246800,0.875,0.89,0.87,0.89,4159100,NaN,NaN,NaN,NaN,NaN,NaN,NaN
1744333200,0.89,0.895,0.875,0.895,4589700,NaN,NaN,NaN,NaN,NaN,NaN,NaN
1744592400,0.895,0.915,0.89,0.905,2689300,NaN,NaN,NaN,NaN,NaN,NaN,NaN
1744678800,0.91,0.91,0.9,0.91,3696700,NaN,NaN,NaN,NaN,NaN,NaN,NaN
1744765200,0.905,0.91,0.9,0.91,5424900,NaN,NaN,NaN,NaN,NaN,NaN,NaN
1744851600,0.905,0.91,0.9,0.91,3905800,NaN,NaN,NaN,NaN,NaN,NaN,NaN
1744938000,0.905,0.91,0.9,0.905,2812800,NaN,NaN,NaN,NaN,NaN,NaN,NaN
1745197200,0.905,0.905,0.895,0.905,1838300,NaN,NaN,NaN,NaN,NaN,NaN,NaN
1745283600,0.905,0.91,0.895,0.905,2375500,NaN,NaN,NaN,NaN,NaN,NaN,NaN
1745370000,0.905,0.905,0.895,0.905,1582600,NaN,NaN,NaN,NaN,NaN,NaN,NaN
1745456400,0.905,0.91,0.9,0.905,1937000,NaN,NaN,NaN,NaN,NaN,NaN,NaN
1745542800,0.905,0.91,0.895,0.905,2261800,NaN,NaN,NaN,NaN,NaN,NaN,NaN
1745802000,0.905,0.91,0.895,0.895,1670400,NaN,NaN,NaN,NaN,NaN,NaN,NaN
1745888400,0.905,0.905,0.895,0.895,1691100,NaN,NaN,NaN,NaN,NaN,NaN,NaN
1745974800,0.905,0.91,0.89,0.91,3554600,NaN,NaN,NaN,NaN,NaN,NaN,NaN
1746147600,0.91,0.985,0.895,0.97,2218500,NaN,NaN,NaN,NaN,NaN,NaN,NaN
1746406800,0.97,0.975,0.945,0.95,1933600,NaN,NaN,NaN,NaN,NaN,NaN,NaN
1746493200,0.95,0.965,0.94,0.94,5034800,NaN,NaN,NaN,NaN,NaN,NaN,NaN
1746579600,0.94,0.96,0.94,0.945,471800,NaN,NaN,NaN,NaN,NaN,NaN,NaN
1746666000,0.94,0.95,0.94,0.94,1497300,NaN,NaN,NaN,NaN,NaN,NaN,NaN
1746752400,0.945,0.965,0.945,0.95,2613000,NaN,NaN,NaN,NaN,NaN,NaN,NaN
1747098000,0.955,0.97,0.945,0.955,969400,NaN,NaN,NaN,NaN,NaN,NaN,NaN
1747184400,0.955,0.96,0.945,0.96,2257400,NaN,NaN,NaN,NaN,NaN,NaN,NaN
1747270800,0.96,0.965,0.95,0.955,3906900,NaN,NaN,NaN,NaN,NaN,NaN,NaN
1747357200,0.96,0.965,0.95,0.96,741300,NaN,NaN,NaN,NaN,NaN,NaN,NaN
1747616400,0.96,0.96,0.93,0.945,2005300,NaN,NaN,NaN,NaN,NaN,NaN,NaN
1747702800,0.94,0.945,0.915,0.94,2922900,NaN,NaN,NaN,NaN,NaN,NaN,NaN
1747789200,0.95,0.95,0.925,0.945,1019300,NaN,NaN,NaN,NaN,NaN,NaN,NaN
1747875600,0.95,0.95,0.93,0.945,2308600,NaN,NaN,NaN,NaN,NaN,NaN,NaN
1747962000,0.945,0.95,0.935,0.94,1981100,NaN,NaN,NaN,NaN,NaN,NaN,NaN
1748221200,0.94,0.95,0.93,0.935,1424500,NaN,NaN,NaN,NaN,NaN,NaN,NaN
1748307600,0.935,0.94,0.92,0.92,3154300,NaN,NaN,NaN,NaN,NaN,NaN,NaN
1748394000,0.92,0.94,0.89,0.925,4271500,NaN,NaN,NaN,NaN,NaN,NaN,NaN
1748480400,0.93,0.93,0.91,0.92,1962900,NaN,NaN,NaN,NaN,NaN,NaN,NaN
1748566800,0.92,0.94,0.895,0.94,7136500,NaN,NaN,NaN,NaN,NaN,NaN,NaN
1748912400,0.94,0.94,0.92,0.925,3556500,NaN,NaN,NaN,NaN,NaN,NaN,NaN
1748998800,0.925,0.95,0.92,0.95,3282500,NaN,NaN,NaN,NaN,NaN,NaN,NaN
1749085200,0.94,0.95,0.915,0.92,1424300,NaN,NaN,NaN,NaN,NaN,NaN,NaN
1749171600,0.92,0.93,0.91,0.92,4156000,NaN,NaN,NaN,NaN,NaN,NaN,NaN
1749430800,0.93,0.93,0.905,0.91,1960400,NaN,NaN,NaN,NaN,NaN,NaN,NaN
1749517200,0.91,0.92,0.9,0.905,3255200,NaN,NaN,NaN,NaN,NaN,NaN,NaN
1749603600,0.905,0.92,0.895,0.92,5072100,NaN,NaN,NaN,NaN,NaN,NaN,NaN
1749690000,0.92,0.92,0.89,0.895,2646300,NaN,NaN,NaN,NaN,NaN,NaN,NaN
1749776400,0.895,0.9,0.89,0.895,2266100,NaN,NaN,NaN,NaN,NaN,NaN,NaN
1750035600,0.89,0.895,0.885,0.89,2384900,NaN,NaN,NaN,NaN,NaN,NaN,NaN
1750122000,0.89,0.895,0.88,0.89,2586600,NaN,NaN,NaN,NaN,NaN,NaN,NaN
1750208400,0.89,0.89,0.885,0.89,2749100,NaN,NaN,NaN,NaN,NaN,NaN,NaN
1750294800,0.89,0.9,0.885,0.89,3728600,NaN,NaN,NaN,NaN,NaN,NaN,NaN
1750381200,0.89,0.905,0.885,0.895,2535500,NaN,NaN,NaN,NaN,NaN,NaN,NaN
1750640400,0.895,0.895,0.875,0.88,2986200,NaN,NaN,NaN,NaN,NaN,NaN,NaN
1750726800,0.88,0.89,0.86,0.89,4439400,NaN,NaN,NaN,NaN,NaN,NaN,NaN
1750813200,0.89,0.895,0.885,0.895,2029200,NaN,NaN,NaN,NaN,NaN,NaN,NaN
1750899600,0.895,0.9,0.895,0.895,1674800,NaN,NaN,NaN,NaN,NaN,NaN,NaN
1751245200,0.895,0.9,0.89,0.895,2060100,3876066552,814892000,524332000,25359000,177522000,252758000,1.45251396648045
1751331600,0.895,0.9,0.895,0.895,2469700,NaN,NaN,NaN,NaN,NaN,NaN,NaN
1751418000,0.895,0.9,0.88,0.89,1861300,NaN,NaN,NaN,NaN,NaN,NaN,NaN
1751504400,0.89,0.9,0.89,0.895,2334000,NaN,NaN,NaN,NaN,NaN,NaN,NaN
1751590800,0.9,0.91,0.895,0.905,2159600,NaN,NaN,NaN,NaN,NaN,NaN,NaN
1751850000,0.905,0.915,0.9,0.91,2079400,NaN,NaN,NaN,NaN,NaN,NaN,NaN
1751936400,0.91,0.915,0.905,0.915,1584200,NaN,NaN,NaN,NaN,NaN,NaN,NaN
1752022800,0.915,0.92,0.91,0.92,2013300,NaN,NaN,NaN,NaN,NaN,NaN,NaN
1752109200,0.92,0.92,0.91,0.91,1400200,NaN,NaN,NaN,NaN,NaN,NaN,NaN
1752195600,0.91,0.915,0.91,0.915,1038700,NaN,NaN,NaN,NaN,NaN,NaN,NaN
1752454800,0.915,0.915,0.91,0.915,1460600,NaN,NaN,NaN,NaN,NaN,NaN,NaN
1752541200,0.91,0.915,0.905,0.91,1803100,NaN,NaN,NaN,NaN,NaN,NaN,NaN
1752627600,0.91,0.915,0.9,0.915,941000,NaN,NaN,NaN,NaN,NaN,NaN,NaN
1752714000,0.915,0.915,0.905,0.91,1104100,NaN,NaN,NaN,NaN,NaN,NaN,NaN
1752800400,0.91,0.91,0.9,0.905,2404100,NaN,NaN,NaN,NaN,NaN,NaN,NaN
1753059600,0.905,0.91,0.895,0.91,558000,NaN,NaN,NaN,NaN,NaN,NaN,NaN
1753146000,0.91,0.915,0.905,0.905,1440000,NaN,NaN,NaN,NaN,NaN,NaN,NaN
1753232400,0.905,0.91,0.9,0.905,2136100,NaN,NaN,NaN,NaN,NaN,NaN,NaN
1753318800,0.905,0.915,0.905,0.91,1330800,NaN,NaN,NaN,NaN,NaN,NaN,NaN
1753405200,0.91,0.915,0.905,0.91,1694000,NaN,NaN,NaN,NaN,NaN,NaN,NaN
1753664400,0.91,0.91,0.905,0.905,2314400,NaN,NaN,NaN,NaN,NaN,NaN,NaN
1753750800,0.91,0.915,0.91,0.91,1351900,NaN,NaN,NaN,NaN,NaN,NaN,NaN
1753837200,0.915,0.915,0.91,0.915,1454100,NaN,NaN,NaN,NaN,NaN,NaN,NaN
1753923600,0.915,0.915,0.9,0.9,5600100,NaN,NaN,NaN,NaN,NaN,NaN,NaN
1754010000,0.905,0.91,0.9,0.905,1506100,NaN,NaN,NaN,NaN,NaN,NaN,NaN
1754269200,0.9,0.905,0.895,0.9,1420800,NaN,NaN,NaN,NaN,NaN,NaN,NaN
1754355600,0.9,0.905,0.9,0.905,1855100,NaN,NaN,NaN,NaN,NaN,NaN,NaN
1754442000,0.9,0.905,0.89,0.905,2150100,NaN,NaN,NaN,NaN,NaN,NaN,NaN
1754528400,0.905,0.905,0.895,0.895,1474500,NaN,NaN,NaN,NaN,NaN,NaN,NaN
1754614800,0.9,0.9,0.895,0.9,1590200,NaN,NaN,NaN,NaN,NaN,NaN,NaN
1754874000,0.9,0.9,0.895,0.895,5362500,NaN,NaN,NaN,NaN,NaN,NaN,NaN
1754960400,0.895,0.9,0.895,0.9,1737900,NaN,NaN,NaN,NaN,NaN,NaN,NaN
1755046800,0.9,0.9,0.895,0.9,1762700,NaN,NaN,NaN,NaN,NaN,NaN,NaN
1755133200,0.895,0.9,0.895,0.9,1822800,NaN,NaN,NaN,NaN,NaN,NaN,NaN
1755219600,0.9,0.9,0.895,0.9,1810600,NaN,NaN,NaN,NaN,NaN,NaN,NaN
1755478800,0.9,0.91,0.9,0.9,2562600,NaN,NaN,NaN,NaN,NaN,NaN,NaN
1755565200,0.9,0.905,0.895,0.9,1916100,NaN,NaN,NaN,NaN,NaN,NaN,NaN
1755651600,0.9,0.9,0.895,0.895,4255000,NaN,NaN,NaN,NaN,NaN,NaN,NaN
1755738000,0.9,0.905,0.895,0.9,2066200,NaN,NaN,NaN,NaN,NaN,NaN,NaN
1755824400,0.9,0.9,0.9,0.9,1635100,NaN,NaN,NaN,NaN,NaN,NaN,NaN
1756083600,0.9,0.9,0.895,0.895,2138700,NaN,NaN,NaN,NaN,NaN,NaN,NaN
1756170000,0.9,0.9,0.885,0.885,3703100,NaN,NaN,NaN,NaN,NaN,NaN,NaN
1756256400,0.885,0.89,0.885,0.885,2478800,NaN,NaN,NaN,NaN,NaN,NaN,NaN
1756342800,0.89,0.9,0.89,0.895,2834500,NaN,NaN,NaN,NaN,NaN,NaN,NaN
1756429200,0.895,0.91,0.89,0.895,5856300,NaN,NaN,NaN,NaN,NaN,NaN,NaN
1756774800,0.9,0.9,0.885,0.895,4415500,NaN,NaN,NaN,NaN,NaN,NaN,NaN
1756861200,0.895,0.895,0.89,0.895,2294000,NaN,NaN,NaN,NaN,NaN,NaN,NaN
1756947600,0.89,0.9,0.89,0.9,2526200,NaN,NaN,NaN,NaN,NaN,NaN,NaN
1757293200,0.895,0.9,0.89,0.895,3788800,NaN,NaN,NaN,NaN,NaN,NaN,NaN
1757379600,0.89,0.895,0.89,0.895,1386500,NaN,NaN,NaN,NaN,NaN,NaN,NaN
1757466000,0.895,0.895,0.89,0.895,4231400,NaN,NaN,NaN,NaN,NaN,NaN,NaN
1757552400,0.895,0.9,0.89,0.9,5418300,NaN,NaN,NaN,NaN,NaN,NaN,NaN
1757638800,0.9,0.905,0.89,0.895,1815000,NaN,NaN,NaN,NaN,NaN,NaN,NaN
1758070800,0.895,0.9,0.89,0.9,4067200,NaN,NaN,NaN,NaN,NaN,NaN,NaN
1758157200,0.9,0.9,0.895,0.9,3984000,NaN,NaN,NaN,NaN,NaN,NaN,NaN
1758243600,0.9,0.9,0.89,0.895,2665200,NaN,NaN,NaN,NaN,NaN,NaN,NaN
1758502800,0.895,0.895,0.895,0.895,2104400,NaN,NaN,NaN,NaN,NaN,NaN,NaN
1758589200,0.895,0.895,0.875,0.89,2712400,NaN,NaN,NaN,NaN,NaN,NaN,NaN
1758675600,0.89,0.895,0.88,0.895,5178100,NaN,NaN,NaN,NaN,NaN,NaN,NaN
1758762000,0.895,0.895,0.89,0.895,4825300,NaN,NaN,NaN,NaN,NaN,NaN,NaN
1758848400,0.89,0.895,0.89,0.89,2137200,NaN,NaN,NaN,NaN,NaN,NaN,NaN