time,open,high,low,close,Volume,Total common shares outstanding,Total assets,Total liabilities,Operating income,Total revenue,Shareholders&#039; equity,Dividend yield %
1478566800,9.98,9.98,9.98,9.98,0,NaN,NaN,NaN,NaN,NaN,NaN,NaN
1478653200,9.98,9.98,9.98,9.98,0,NaN,NaN,NaN,NaN,NaN,NaN,NaN
1478739600,9.98,9.98,9.98,9.98,0,NaN,NaN,NaN,NaN,NaN,NaN,NaN
1478826000,9.98,9.98,9.98,9.98,0,NaN,NaN,NaN,NaN,NaN,NaN,NaN
1479085200,9.98,9.98,9.98,9.98,0,NaN,NaN,NaN,NaN,NaN,NaN,NaN
1479171600,9.98,9.98,9.98,9.98,0,NaN,NaN,NaN,NaN,NaN,NaN,NaN
1479258000,9.98,9.98,9.98,9.98,0,NaN,NaN,NaN,NaN,NaN,NaN,NaN
1479344400,9.98,9.98,9.98,9.98,0,NaN,NaN,NaN,NaN,NaN,NaN,NaN
1479430800,9.98,9.98,9.98,9.98,0,NaN,NaN,NaN,NaN,NaN,NaN,NaN
1479690000,9.98,9.98,9.98,9.98,0,NaN,NaN,NaN,NaN,NaN,NaN,NaN
1479776400,9.98,9.98,9.98,9.98,0,NaN,NaN,NaN,NaN,NaN,NaN,NaN
1479862800,9.98,9.98,9.98,9.98,0,NaN,NaN,NaN,NaN,NaN,NaN,NaN
1479949200,9.98,9.98,9.98,9.98,0,NaN,NaN,NaN,NaN,NaN,NaN,NaN
1480035600,9.98,9.98,9.98,9.98,0,NaN,NaN,NaN,NaN,NaN,NaN,NaN
1480294800,9.98,9.98,9.98,9.98,0,NaN,NaN,NaN,NaN,NaN,NaN,NaN
1480381200,9.98,9.98,9.98,9.98,0,NaN,NaN,NaN,NaN,NaN,NaN,NaN
1480467600,9.98,9.98,9.98,9.98,0,NaN,NaN,NaN,NaN,NaN,NaN,NaN
1480554000,9.98,9.98,9.98,9.98,0,NaN,NaN,NaN,NaN,NaN,NaN,NaN
1480640400,9.98,9.98,9.98,9.98,0,NaN,NaN,NaN,NaN,NaN,NaN,NaN
1480899600,9.98,9.98,9.98,9.98,0,NaN,NaN,NaN,NaN,NaN,NaN,NaN
1480986000,9.98,9.98,9.98,9.98,0,NaN,NaN,NaN,NaN,NaN,NaN,NaN
1481072400,9.98,9.98,9.98,9.98,0,NaN,NaN,NaN,NaN,NaN,NaN,NaN
1481158800,9.98,9.98,9.98,9.98,0,NaN,NaN,NaN,NaN,NaN,NaN,NaN
1481245200,9.98,9.98,9.98,9.98,0,NaN,NaN,NaN,NaN,NaN,NaN,NaN
1481590800,9.98,9.98,9.98,9.98,0,NaN,NaN,NaN,NaN,NaN,NaN,NaN
1481677200,9.98,9.98,9.98,9.98,0,NaN,NaN,NaN,NaN,NaN,NaN,NaN
1481763600,9.98,9.98,9.98,9.98,0,NaN,NaN,NaN,NaN,NaN,NaN,NaN
1481850000,9.98,9.98,9.98,9.98,0,NaN,NaN,NaN,NaN,NaN,NaN,NaN
1482109200,9.98,9.98,9.98,9.98,0,NaN,NaN,NaN,NaN,NaN,NaN,NaN
1482195600,9.98,9.98,9.98,9.98,0,NaN,NaN,NaN,NaN,NaN,NaN,NaN
1482282000,9.98,9.98,9.98,9.98,0,NaN,NaN,NaN,NaN,NaN,NaN,NaN
1482368400,9.98,9.98,9.98,9.98,0,NaN,NaN,NaN,NaN,NaN,NaN,NaN
1482454800,9.98,9.98,9.98,9.98,0,NaN,NaN,NaN,NaN,NaN,NaN,NaN
1482800400,9.98,9.98,9.98,9.98,0,NaN,NaN,NaN,NaN,NaN,NaN,NaN
1482886800,9.98,9.98,9.98,9.98,0,NaN,NaN,NaN,NaN,NaN,NaN,NaN
1482973200,9.98,9.98,9.98,9.98,0,NaN,NaN,NaN,NaN,NaN,NaN,NaN
1483059600,9.98,9.98,9.98,9.98,0,NaN,NaN,NaN,NaN,NaN,NaN,NaN
1483405200,9.98,9.98,9.98,9.98,0,NaN,NaN,NaN,NaN,NaN,NaN,NaN
1483491600,9.98,9.98,9.98,9.98,0,NaN,NaN,NaN,NaN,NaN,NaN,NaN
1483578000,9.98,9.98,9.98,9.98,0,NaN,NaN,NaN,NaN,NaN,NaN,NaN
1483664400,9.98,9.98,9.98,9.98,0,NaN,NaN,NaN,NaN,NaN,NaN,NaN
1483923600,9.98,9.98,9.98,9.98,0,NaN,NaN,NaN,NaN,NaN,NaN,NaN
1484010000,9.98,9.98,9.98,9.98,0,NaN,NaN,NaN,NaN,NaN,NaN,NaN
1484096400,9.98,9.98,9.98,9.98,0,NaN,NaN,NaN,NaN,NaN,NaN,NaN
1484182800,9.98,9.98,9.98,9.98,0,NaN,NaN,NaN,NaN,NaN,NaN,NaN
1484269200,9.98,9.98,9.98,9.98,0,NaN,NaN,NaN,NaN,NaN,NaN,NaN
1484528400,9.98,9.98,9.98,9.98,0,NaN,NaN,NaN,NaN,NaN,NaN,NaN
1484614800,9.98,9.98,9.98,9.98,0,NaN,NaN,NaN,NaN,NaN,NaN,NaN
1484701200,9.98,9.98,9.98,9.98,0,NaN,NaN,NaN,NaN,NaN,NaN,NaN
1484787600,9.98,9.98,9.98,9.98,0,NaN,NaN,NaN,NaN,NaN,NaN,NaN
1484874000,9.98,9.98,9.98,9.98,0,NaN,NaN,NaN,NaN,NaN,NaN,NaN
1485133200,9.98,9.98,9.98,9.98,0,NaN,NaN,NaN,NaN,NaN,NaN,NaN
1485219600,9.98,9.98,9.98,9.98,0,NaN,NaN,NaN,NaN,NaN,NaN,NaN
1485306000,9.98,9.98,9.98,9.98,0,NaN,NaN,NaN,NaN,NaN,NaN,NaN
1485392400,9.98,9.98,9.98,9.98,0,NaN,NaN,NaN,NaN,NaN,NaN,NaN
1485478800,9.98,9.98,9.98,9.98,0,NaN,NaN,NaN,NaN,NaN,NaN,NaN
1485824400,9.98,9.98,9.98,9.98,0,NaN,NaN,NaN,NaN,NaN,NaN,NaN
1485997200,9.98,9.98,9.98,9.98,0,NaN,NaN,NaN,NaN,NaN,NaN,NaN
1486083600,9.98,9.98,9.98,9.98,0,NaN,NaN,NaN,NaN,NaN,NaN,NaN
1486342800,9.98,9.98,9.98,9.98,0,NaN,NaN,NaN,NaN,NaN,NaN,NaN
1486429200,9.98,9.98,9.98,9.98,0,NaN,NaN,NaN,NaN,NaN,NaN,NaN
1486515600,9.98,9.98,9.98,9.98,0,NaN,NaN,NaN,NaN,NaN,NaN,NaN
1486688400,9.98,9.98,9.98,9.98,0,NaN,NaN,NaN,NaN,NaN,NaN,NaN
1486947600,9.98,9.98,9.98,9.98,0,NaN,NaN,NaN,NaN,NaN,NaN,NaN
1487034000,9.98,9.98,9.98,9.98,0,NaN,NaN,NaN,NaN,NaN,NaN,NaN
1487120400,9.98,9.98,9.98,9.98,0,NaN,NaN,NaN,NaN,NaN,NaN,NaN
1487206800,9.98,9.98,9.98,9.98,0,NaN,NaN,NaN,NaN,NaN,NaN,NaN
1487293200,9.98,9.98,9.98,9.98,0,NaN,NaN,NaN,NaN,NaN,NaN,NaN
1487552400,9.98,9.98,9.98,9.98,0,NaN,NaN,NaN,NaN,NaN,NaN,NaN
1487638800,9.98,9.98,9.98,9.98,0,NaN,NaN,NaN,NaN,NaN,NaN,NaN
1487725200,9.98,9.98,9.98,9.98,0,NaN,NaN,NaN,NaN,NaN,NaN,NaN
1487811600,9.98,9.98,9.98,9.98,0,NaN,NaN,NaN,NaN,NaN,NaN,NaN
1487898000,9.98,9.98,9.98,9.98,0,NaN,NaN,NaN,NaN,NaN,NaN,NaN
1488157200,9.98,9.98,9.98,9.98,0,NaN,NaN,NaN,NaN,NaN,NaN,NaN
1488243600,9.98,9.98,9.98,9.98,0,NaN,NaN,NaN,NaN,NaN,NaN,NaN
1488330000,9.98,9.98,9.98,9.98,0,NaN,NaN,NaN,NaN,NaN,NaN,NaN
1488416400,9.98,9.98,9.98,9.98,0,NaN,NaN,NaN,NaN,NaN,NaN,NaN
1488502800,9.98,9.98,9.98,9.98,0,NaN,NaN,NaN,NaN,NaN,NaN,NaN
1488762000,9.98,9.98,9.98,9.98,0,NaN,NaN,NaN,NaN,NaN,NaN,NaN
1488848400,9.98,9.98,9.98,9.98,0,NaN,NaN,NaN,NaN,NaN,NaN,NaN
1488934800,9.98,9.98,9.98,9.98,0,NaN,NaN,NaN,NaN,NaN,NaN,NaN
1489021200,9.98,9.98,9.98,9.98,0,NaN,NaN,NaN,NaN,NaN,NaN,NaN
1489107600,9.98,9.98,9.98,9.98,0,NaN,NaN,NaN,NaN,NaN,NaN,NaN
1489366800,9.98,9.98,9.98,9.98,0,NaN,NaN,NaN,NaN,NaN,NaN,NaN
1489453200,9.98,9.98,9.98,9.98,0,NaN,NaN,NaN,NaN,NaN,NaN,NaN
1489539600,9.98,9.98,9.98,9.98,0,NaN,NaN,NaN,NaN,NaN,NaN,NaN
1489626000,9.98,9.98,9.98,9.98,0,NaN,NaN,NaN,NaN,NaN,NaN,NaN
1489712400,9.98,9.98,9.98,9.98,0,NaN,NaN,NaN,NaN,NaN,NaN,NaN
1489971600,9.98,9.98,9.98,9.98,0,NaN,NaN,NaN,NaN,NaN,NaN,NaN
1490058000,9.98,9.98,9.98,9.98,0,NaN,NaN,NaN,NaN,NaN,NaN,NaN
1490144400,9.98,9.98,9.98,9.98,0,NaN,NaN,NaN,NaN,NaN,NaN,NaN
1490230800,9.98,9.98,9.98,9.98,0,NaN,NaN,NaN,NaN,NaN,NaN,NaN
1490317200,9.98,9.98,9.98,9.98,0,NaN,NaN,NaN,NaN,NaN,NaN,NaN
1490576400,9.98,9.98,9.98,9.98,0,NaN,NaN,NaN,NaN,NaN,NaN,NaN
1490662800,9.98,9.98,9.98,9.98,0,NaN,NaN,NaN,NaN,NaN,NaN,NaN
1490749200,9.98,9.98,9.98,9.98,0,NaN,NaN,NaN,NaN,NaN,NaN,NaN
1490835600,9.98,9.98,9.98,9.98,0,NaN,NaN,NaN,NaN,NaN,NaN,NaN
1490922000,9.98,9.98,9.98,9.98,0,NaN,NaN,NaN,NaN,NaN,NaN,NaN
1491181200,9.98,9.98,9.98,9.98,0,NaN,NaN,NaN,NaN,NaN,NaN,NaN
1491267600,9.98,9.98,9.98,9.98,0,NaN,NaN,NaN,NaN,NaN,NaN,NaN
1491354000,9.98,9.98,9.98,9.98,0,NaN,NaN,NaN,NaN,NaN,NaN,NaN
1491440400,9.98,9.98,9.98,9.98,0,NaN,NaN,NaN,NaN,NaN,NaN,NaN
1491526800,9.98,9.98,9.98,9.98,0,NaN,NaN,NaN,NaN,NaN,NaN,NaN
1491786000,9.98,9.98,9.98,9.98,0,NaN,NaN,NaN,NaN,NaN,NaN,NaN
1491872400,9.98,9.98,9.98,9.98,0,NaN,NaN,NaN,NaN,NaN,NaN,NaN
1491958800,9.98,9.98,9.98,9.98,0,NaN,NaN,NaN,NaN,NaN,NaN,NaN
1492045200,9.98,9.98,9.98,9.98,0,NaN,NaN,NaN,NaN,NaN,NaN,NaN
1492131600,9.98,9.98,9.98,9.98,0,NaN,NaN,NaN,NaN,NaN,NaN,NaN
1492390800,9.98,9.98,9.98,9.98,0,NaN,NaN,NaN,NaN,NaN,NaN,NaN
1492477200,9.98,9.98,9.98,9.98,0,NaN,NaN,NaN,NaN,NaN,NaN,NaN
1492563600,9.98,9.98,9.98,9.98,0,NaN,NaN,NaN,NaN,NaN,NaN,NaN
1492650000,9.98,9.98,9.98,9.98,0,NaN,NaN,NaN,NaN,NaN,NaN,NaN
1492736400,9.98,9.98,9.98,9.98,0,NaN,NaN,NaN,NaN,NaN,NaN,NaN
1493082000,9.98,9.98,9.98,9.98,0,NaN,NaN,NaN,NaN,NaN,NaN,NaN
1493168400,9.98,9.98,9.98,9.98,0,NaN,NaN,NaN,NaN,NaN,NaN,NaN
1493254800,9.98,9.98,9.98,9.98,0,NaN,NaN,NaN,NaN,NaN,NaN,NaN
1493341200,9.98,9.98,9.98,9.98,0,NaN,NaN,NaN,NaN,NaN,NaN,NaN
1493686800,9.98,9.98,9.98,9.98,0,NaN,NaN,NaN,NaN,NaN,NaN,NaN
1493773200,9.98,9.98,9.98,9.98,0,NaN,NaN,NaN,NaN,NaN,NaN,NaN
1493859600,9.98,9.98,9.98,9.98,0,NaN,NaN,NaN,NaN,NaN,NaN,NaN
1493946000,9.98,9.98,9.98,9.98,0,NaN,NaN,NaN,NaN,NaN,NaN,NaN
1494205200,9.98,9.98,9.98,9.98,0,NaN,NaN,NaN,NaN,NaN,NaN,NaN
1494291600,9.98,9.98,9.98,9.98,0,NaN,NaN,NaN,NaN,NaN,NaN,NaN
1494464400,9.98,9.98,9.98,9.98,0,NaN,NaN,NaN,NaN,NaN,NaN,NaN
1494550800,9.98,9.98,9.98,9.98,0,NaN,NaN,NaN,NaN,NaN,NaN,NaN
1494810000,9.98,9.98,9.98,9.98,0,NaN,NaN,NaN,NaN,NaN,NaN,NaN
1494896400,9.98,9.98,9.98,9.98,0,NaN,NaN,NaN,NaN,NaN,NaN,NaN
1494982800,9.98,9.98,9.98,9.98,0,NaN,NaN,NaN,NaN,NaN,NaN,NaN
1495069200,9.98,9.98,9.98,9.98,0,NaN,NaN,NaN,NaN,NaN,NaN,NaN
1495155600,9.98,9.98,9.98,9.98,0,NaN,NaN,NaN,NaN,NaN,NaN,NaN
1495414800,9.98,9.98,9.98,9.98,0,NaN,NaN,NaN,NaN,NaN,NaN,NaN
1495501200,9.98,9.98,9.98,9.98,0,NaN,NaN,NaN,NaN,NaN,NaN,NaN
1495587600,9.98,9.98,9.98,9.98,0,NaN,NaN,NaN,NaN,NaN,NaN,NaN
1495674000,9.98,9.98,9.98,9.98,0,NaN,NaN,NaN,NaN,NaN,NaN,NaN
1495760400,9.98,9.98,9.98,9.98,0,NaN,NaN,NaN,NaN,NaN,NaN,NaN
1496019600,9.98,9.98,9.98,9.98,0,NaN,NaN,NaN,NaN,NaN,NaN,NaN
1496106000,9.98,9.98,9.98,9.98,0,NaN,NaN,NaN,NaN,NaN,NaN,NaN
1496192400,9.98,9.98,9.98,9.98,0,NaN,NaN,NaN,NaN,NaN,NaN,NaN
1496278800,9.98,9.98,9.98,9.98,0,NaN,NaN,NaN,NaN,NaN,NaN,NaN
1496365200,9.98,9.98,9.98,9.98,0,NaN,NaN,NaN,NaN,NaN,NaN,NaN
1496624400,9.98,9.98,9.98,9.98,0,NaN,NaN,NaN,NaN,NaN,NaN,NaN
1496710800,9.98,9.98,9.98,9.98,0,NaN,NaN,NaN,NaN,NaN,NaN,NaN
1496797200,9.98,9.98,9.98,9.98,0,NaN,NaN,NaN,NaN,NaN,NaN,NaN
1496883600,9.98,9.98,9.98,9.98,0,NaN,NaN,NaN,NaN,NaN,NaN,NaN
1496970000,9.98,9.98,9.98,9.98,0,NaN,NaN,NaN,NaN,NaN,NaN,NaN
1497315600,9.98,9.98,9.98,9.98,0,NaN,NaN,NaN,NaN,NaN,NaN,NaN
1497402000,9.98,9.98,9.98,9.98,0,NaN,NaN,NaN,NaN,NaN,NaN,NaN
1497488400,9.98,9.98,9.98,9.98,0,NaN,NaN,NaN,NaN,NaN,NaN,NaN
1497574800,9.98,9.98,9.98,9.98,0,NaN,NaN,NaN,NaN,NaN,NaN,NaN
1497834000,9.98,9.98,9.98,9.98,0,NaN,NaN,NaN,NaN,NaN,NaN,NaN
1497920400,9.98,9.98,9.98,9.98,0,NaN,NaN,NaN,NaN,NaN,NaN,NaN
1498006800,9.98,9.98,9.98,9.98,0,NaN,NaN,NaN,NaN,NaN,NaN,NaN
1498093200,9.98,9.98,9.98,9.98,0,NaN,NaN,NaN,NaN,NaN,NaN,NaN
1498179600,9.98,9.98,9.98,9.98,0,NaN,NaN,NaN,NaN,NaN,NaN,NaN
1498611600,9.98,9.98,9.98,9.98,0,NaN,NaN,NaN,NaN,NaN,NaN,NaN
1498698000,9.98,9.98,9.98,9.98,0,NaN,NaN,NaN,NaN,NaN,NaN,NaN
1498784400,9.98,9.98,9.98,9.98,0,NaN,NaN,NaN,NaN,NaN,NaN,NaN
1499043600,9.98,9.98,9.98,9.98,0,NaN,NaN,NaN,NaN,NaN,NaN,NaN
1499130000,9.98,9.98,9.98,9.98,0,NaN,NaN,NaN,NaN,NaN,NaN,NaN
1499216400,9.98,9.98,9.98,9.98,0,NaN,NaN,NaN,NaN,NaN,NaN,NaN
1499302800,9.98,9.98,9.98,9.98,0,NaN,NaN,NaN,NaN,NaN,NaN,NaN
1499389200,9.98,9.98,9.98,9.98,0,NaN,NaN,NaN,NaN,NaN,NaN,NaN
1499648400,9.98,9.98,9.98,9.98,0,NaN,NaN,NaN,NaN,NaN,NaN,NaN
1499734800,9.98,9.98,9.98,9.98,0,NaN,NaN,NaN,NaN,NaN,NaN,NaN
1499821200,9.98,9.98,9.98,9.98,0,NaN,NaN,NaN,NaN,NaN,NaN,NaN
1499907600,9.98,9.98,9.98,9.98,0,NaN,NaN,NaN,NaN,NaN,NaN,NaN
1499994000,9.98,9.98,9.98,9.98,0,NaN,NaN,NaN,NaN,NaN,NaN,NaN
1500253200,9.98,9.98,9.98,9.98,0,NaN,NaN,NaN,NaN,NaN,NaN,NaN
1500339600,9.98,9.98,9.98,9.98,0,NaN,NaN,NaN,NaN,NaN,NaN,NaN
1500426000,9.98,9.98,9.98,9.98,0,NaN,NaN,NaN,NaN,NaN,NaN,NaN
1500512400,9.98,9.98,9.98,9.98,0,NaN,NaN,NaN,NaN,NaN,NaN,NaN
1500598800,9.98,9.98,9.98,9.98,0,NaN,NaN,NaN,NaN,NaN,NaN,NaN
1500858000,9.98,9.98,9.98,9.98,0,NaN,NaN,NaN,NaN,NaN,NaN,NaN
1500944400,9.98,9.98,9.98,9.98,0,NaN,NaN,NaN,NaN,NaN,NaN,NaN
1501030800,9.98,9.98,9.98,9.98,0,NaN,NaN,NaN,NaN,NaN,NaN,NaN
1501117200,9.98,9.98,9.98,9.98,0,NaN,NaN,NaN,NaN,NaN,NaN,NaN
1501203600,9.98,9.98,9.98,9.98,0,NaN,NaN,NaN,NaN,NaN,NaN,NaN
1501462800,9.98,9.98,9.98,9.98,0,NaN,NaN,NaN,NaN,NaN,NaN,NaN
1501549200,9.98,9.98,9.98,9.98,0,NaN,NaN,NaN,NaN,NaN,NaN,NaN
1501635600,9.98,9.98,9.98,9.98,0,NaN,NaN,NaN,NaN,NaN,NaN,NaN
1501722000,9.98,9.98,9.98,9.98,0,NaN,NaN,NaN,NaN,NaN,NaN,NaN
1501808400,9.98,9.98,9.98,9.98,0,NaN,NaN,NaN,NaN,NaN,NaN,NaN
1502067600,9.98,9.98,9.98,9.98,0,NaN,NaN,NaN,NaN,NaN,NaN,NaN
1502154000,9.98,9.98,9.98,9.98,0,NaN,NaN,NaN,NaN,NaN,NaN,NaN
1502240400,9.98,9.98,9.98,9.98,0,NaN,NaN,NaN,NaN,NaN,NaN,NaN
1502326800,9.98,9.98,9.98,9.98,0,NaN,NaN,NaN,NaN,NaN,NaN,NaN
1502413200,9.98,9.98,9.98,9.98,0,NaN,NaN,NaN,NaN,NaN,NaN,NaN
1502672400,9.98,9.98,9.98,9.98,0,NaN,NaN,NaN,NaN,NaN,NaN,NaN
1502758800,9.98,9.98,9.98,9.98,0,NaN,NaN,NaN,NaN,NaN,NaN,NaN
1502845200,9.98,9.98,9.98,9.98,0,NaN,NaN,NaN,NaN,NaN,NaN,NaN
1502931600,9.98,9.98,9.98,9.98,0,NaN,NaN,NaN,NaN,NaN,NaN,NaN
1503018000,9.98,9.98,9.98,9.98,0,NaN,NaN,NaN,NaN,NaN,NaN,NaN
1503277200,9.98,9.98,9.98,9.98,0,NaN,NaN,NaN,NaN,NaN,NaN,NaN
1503363600,9.98,9.98,9.98,9.98,0,NaN,NaN,NaN,NaN,NaN,NaN,NaN
1503450000,9.98,9.98,9.98,9.98,0,NaN,NaN,NaN,NaN,NaN,NaN,NaN
1503536400,9.98,9.98,9.98,9.98,0,NaN,NaN,NaN,NaN,NaN,NaN,NaN
1503622800,9.98,9.98,9.98,9.98,0,NaN,NaN,NaN,NaN,NaN,NaN,NaN
1503882000,9.98,9.98,9.98,9.98,0,NaN,NaN,NaN,NaN,NaN,NaN,NaN
1503968400,9.98,9.98,9.98,9.98,0,NaN,NaN,NaN,NaN,NaN,NaN,NaN
1504054800,9.98,9.98,9.98,9.98,0,NaN,NaN,NaN,NaN,NaN,NaN,NaN
1504573200,9.98,9.98,9.98,9.98,0,NaN,NaN,NaN,NaN,NaN,NaN,NaN
1504659600,9.98,9.98,9.98,9.98,0,NaN,NaN,NaN,NaN,NaN,NaN,NaN
1504746000,9.98,9.98,9.98,9.98,0,NaN,NaN,NaN,NaN,NaN,NaN,NaN
1504832400,9.98,9.98,9.98,9.98,0,NaN,NaN,NaN,NaN,NaN,NaN,NaN
1505091600,9.98,9.98,9.98,9.98,0,NaN,NaN,NaN,NaN,NaN,NaN,NaN
1505178000,9.98,9.98,9.98,9.98,0,NaN,NaN,NaN,NaN,NaN,NaN,NaN
1505264400,9.98,9.98,9.98,9.98,0,NaN,NaN,NaN,NaN,NaN,NaN,NaN
1505350800,9.98,9.98,9.98,9.98,0,NaN,NaN,NaN,NaN,NaN,NaN,NaN
1505437200,9.98,9.98,9.98,9.98,0,NaN,NaN,NaN,NaN,NaN,NaN,NaN
1505696400,9.98,9.98,9.98,9.98,0,NaN,NaN,NaN,NaN,NaN,NaN,NaN
1505782800,9.98,9.98,9.98,9.98,0,NaN,NaN,NaN,NaN,NaN,NaN,NaN
1505869200,9.98,9.98,9.98,9.98,0,NaN,NaN,NaN,NaN,NaN,NaN,NaN
1505955600,9.98,9.98,9.98,9.98,0,NaN,NaN,NaN,NaN,NaN,NaN,NaN
1506301200,9.98,9.98,9.98,9.98,0,NaN,NaN,NaN,NaN,NaN,NaN,NaN
1506387600,9.98,9.98,9.98,9.98,0,NaN,NaN,NaN,NaN,NaN,NaN,NaN
1506474000,9.98,9.98,9.98,9.98,0,NaN,NaN,NaN,NaN,NaN,NaN,NaN
1506560400,9.98,9.98,9.98,9.98,0,NaN,NaN,NaN,NaN,NaN,NaN,NaN
1506646800,9.98,9.98,9.98,9.98,0,241283968,4701656000,3935776000,30382000,73765000,765880000,1.86274509803922
1506906000,9.98,9.98,9.98,9.98,0,NaN,NaN,NaN,NaN,NaN,NaN,NaN
1506992400,9.98,9.98,9.98,9.98,0,NaN,NaN,NaN,NaN,NaN,NaN,NaN
1507078800,9.98,9.98,9.98,9.98,0,NaN,NaN,NaN,NaN,NaN,NaN,NaN
1507165200,9.98,9.98,9.98,9.98,0,NaN,NaN,NaN,NaN,NaN,NaN,NaN
1507251600,9.98,9.98,9.98,9.98,0,NaN,NaN,NaN,NaN,NaN,NaN,NaN
1507510800,9.98,9.98,9.98,9.98,0,NaN,NaN,NaN,NaN,NaN,NaN,NaN
1507597200,9.98,9.98,9.98,9.98,0,NaN,NaN,NaN,NaN,NaN,NaN,NaN
1507683600,9.98,9.98,9.98,9.98,0,NaN,NaN,NaN,NaN,NaN,NaN,NaN
1507770000,9.98,9.98,9.98,9.98,0,NaN,NaN,NaN,NaN,NaN,NaN,NaN
1507856400,9.98,9.98,9.98,9.98,0,NaN,NaN,NaN,NaN,NaN,NaN,NaN
1508115600,9.98,9.98,9.98,9.98,0,NaN,NaN,NaN,NaN,NaN,NaN,NaN
1508202000,9.98,9.98,9.98,9.98,0,NaN,NaN,NaN,NaN,NaN,NaN,NaN
1508374800,9.98,9.98,9.98,9.98,0,NaN,NaN,NaN,NaN,NaN,NaN,NaN
1508461200,9.98,9.98,9.98,9.98,0,NaN,NaN,NaN,NaN,NaN,NaN,NaN
1508720400,9.98,9.98,9.98,9.98,0,NaN,NaN,NaN,NaN,NaN,NaN,NaN
1508806800,9.98,9.98,9.98,9.98,0,NaN,NaN,NaN,NaN,NaN,NaN,NaN
1508893200,9.98,9.98,9.98,9.98,0,NaN,NaN,NaN,NaN,NaN,NaN,NaN
1508979600,9.98,9.98,9.98,9.98,0,NaN,NaN,NaN,NaN,NaN,NaN,NaN
1509066000,9.98,9.98,9.98,9.98,0,NaN,NaN,NaN,NaN,NaN,NaN,NaN
1509325200,9.98,9.98,9.98,9.98,0,NaN,NaN,NaN,NaN,NaN,NaN,NaN
1509411600,9.79,9.79,9.79,9.79,0,NaN,NaN,NaN,NaN,NaN,NaN,NaN
1509498000,9.79,9.79,9.79,9.79,0,NaN,NaN,NaN,NaN,NaN,NaN,NaN
1509584400,9.79,9.79,9.79,9.79,0,NaN,NaN,NaN,NaN,NaN,NaN,NaN
1509670800,9.79,9.79,9.79,9.79,0,NaN,NaN,NaN,NaN,NaN,NaN,NaN
1509930000,9.79,9.79,9.79,9.79,0,NaN,NaN,NaN,NaN,NaN,NaN,NaN
1510016400,9.79,9.79,9.79,9.79,0,NaN,NaN,NaN,NaN,NaN,NaN,NaN
1510102800,9.79,9.79,9.79,9.79,0,NaN,NaN,NaN,NaN,NaN,NaN,NaN
1510189200,9.79,9.79,9.79,9.79,0,NaN,NaN,NaN,NaN,NaN,NaN,NaN
1510275600,9.79,9.79,9.79,9.79,0,NaN,NaN,NaN,NaN,NaN,NaN,NaN
1510534800,9.79,9.79,9.79,9.79,0,NaN,NaN,NaN,NaN,NaN,NaN,NaN
1510621200,9.79,9.79,9.79,9.79,0,NaN,NaN,NaN,NaN,NaN,NaN,NaN
1510707600,9.79,9.79,9.79,9.79,0,NaN,NaN,NaN,NaN,NaN,NaN,NaN
1510794000,9.79,9.79,9.79,9.79,0,NaN,NaN,NaN,NaN,NaN,NaN,NaN
1510880400,9.79,9.79,9.79,9.79,0,NaN,NaN,NaN,NaN,NaN,NaN,NaN
1511139600,9.79,9.79,9.79,9.79,0,NaN,NaN,NaN,NaN,NaN,NaN,NaN
1511226000,9.79,9.79,9.79,9.79,0,NaN,NaN,NaN,NaN,NaN,NaN,NaN
1511312400,9.79,9.79,9.79,9.79,0,NaN,NaN,NaN,NaN,NaN,NaN,NaN
1511398800,9.79,9.79,9.79,9.79,0,NaN,NaN,NaN,NaN,NaN,NaN,NaN
1511485200,9.79,9.79,9.79,9.79,0,NaN,NaN,NaN,NaN,NaN,NaN,NaN
1511744400,9.79,9.79,9.79,9.79,0,NaN,NaN,NaN,NaN,NaN,NaN,NaN
1511830800,9.79,9.79,9.79,9.79,0,NaN,NaN,NaN,NaN,NaN,NaN,NaN
1511917200,9.79,9.79,9.79,9.79,0,NaN,NaN,NaN,NaN,NaN,NaN,NaN
1512003600,9.79,9.79,9.79,9.79,0,NaN,NaN,NaN,NaN,NaN,NaN,NaN
1512349200,9.79,9.79,9.79,9.79,0,NaN,NaN,NaN,NaN,NaN,NaN,NaN
1512435600,9.79,9.79,9.79,9.79,0,NaN,NaN,NaN,NaN,NaN,NaN,NaN
1512522000,9.79,9.79,9.79,9.79,0,NaN,NaN,NaN,NaN,NaN,NaN,NaN
1512608400,9.79,9.79,9.79,9.79,0,NaN,NaN,NaN,NaN,NaN,NaN,NaN
1512694800,9.79,9.79,9.79,9.79,0,NaN,NaN,NaN,NaN,NaN,NaN,NaN
1512954000,9.79,9.79,9.79,9.79,0,NaN,NaN,NaN,NaN,NaN,NaN,NaN
1513040400,9.79,9.79,9.79,9.79,0,NaN,NaN,NaN,NaN,NaN,NaN,NaN
1513126800,9.79,9.79,9.79,9.79,0,NaN,NaN,NaN,NaN,NaN,NaN,NaN
1513213200,9.79,9.79,9.79,9.79,0,NaN,NaN,NaN,NaN,NaN,NaN,NaN
1513299600,9.79,9.79,9.79,9.79,0,NaN,NaN,NaN,NaN,NaN,NaN,NaN
1513558800,9.79,9.79,9.79,9.79,0,NaN,NaN,NaN,NaN,NaN,NaN,NaN
1513645200,9.79,9.79,9.79,9.79,0,NaN,NaN,NaN,NaN,NaN,NaN,NaN
1513731600,9.79,9.79,9.79,9.79,0,NaN,NaN,NaN,NaN,NaN,NaN,NaN
1513818000,9.79,9.79,9.79,9.79,0,NaN,NaN,NaN,NaN,NaN,NaN,NaN
1513904400,9.79,9.79,9.79,9.79,0,NaN,NaN,NaN,NaN,NaN,NaN,NaN
1514250000,9.79,9.79,9.79,9.79,0,NaN,NaN,NaN,NaN,NaN,NaN,NaN
1514336400,9.79,9.79,9.79,9.79,0,NaN,NaN,NaN,NaN,NaN,NaN,NaN
1514422800,9.79,9.79,9.79,9.79,0,NaN,NaN,NaN,NaN,NaN,NaN,NaN
1514509200,9.79,9.79,9.79,9.79,0,241283968,4366120000,3627293000,24504000,63701000,738827000,1.86274509803922
1514854800,9.79,9.79,9.79,9.79,0,NaN,NaN,NaN,NaN,NaN,NaN,NaN
1514941200,9.79,9.79,9.79,9.79,0,NaN,NaN,NaN,NaN,NaN,NaN,NaN
1515027600,9.79,9.79,9.79,9.79,0,NaN,NaN,NaN,NaN,NaN,NaN,NaN
1515114000,9.79,9.79,9.79,9.79,0,NaN,NaN,NaN,NaN,NaN,NaN,NaN
1515373200,9.79,9.79,9.79,9.79,0,NaN,NaN,NaN,NaN,NaN,NaN,NaN
1515459600,9.79,9.79,9.79,9.79,0,NaN,NaN,NaN,NaN,NaN,NaN,NaN
1515546000,9.79,9.79,9.79,9.79,0,NaN,NaN,NaN,NaN,NaN,NaN,NaN
1515632400,9.79,9.79,9.79,9.79,0,NaN,NaN,NaN,NaN,NaN,NaN,NaN
1515718800,9.79,9.79,9.79,9.79,0,NaN,NaN,NaN,NaN,NaN,NaN,NaN
1515978000,9.79,9.79,9.79,9.79,0,NaN,NaN,NaN,NaN,NaN,NaN,NaN
1516064400,9.79,9.79,9.79,9.79,0,NaN,NaN,NaN,NaN,NaN,NaN,NaN
1516150800,9.79,9.79,9.79,9.79,0,NaN,NaN,NaN,NaN,NaN,NaN,NaN
1516237200,9.79,9.79,9.79,9.79,0,NaN,NaN,NaN,NaN,NaN,NaN,NaN
1516323600,9.79,9.79,9.79,9.79,0,NaN,NaN,NaN,NaN,NaN,NaN,NaN
1516582800,9.79,9.79,9.79,9.79,0,NaN,NaN,NaN,NaN,NaN,NaN,NaN
1516669200,9.79,9.79,9.79,9.79,0,NaN,NaN,NaN,NaN,NaN,NaN,NaN
1516842000,9.79,9.79,9.79,9.79,0,NaN,NaN,NaN,NaN,NaN,NaN,NaN
1516928400,9.79,9.79,9.79,9.79,0,NaN,NaN,NaN,NaN,NaN,NaN,NaN
1517187600,9.79,9.79,9.79,9.79,0,NaN,NaN,NaN,NaN,NaN,NaN,NaN
1517274000,9.79,9.79,9.79,9.79,0,NaN,NaN,NaN,NaN,NaN,NaN,NaN
1517533200,9.79,9.79,9.79,9.79,0,NaN,NaN,NaN,NaN,NaN,NaN,NaN
1517792400,9.79,9.79,9.79,9.79,0,NaN,NaN,NaN,NaN,NaN,NaN,NaN
1517878800,9.79,9.79,9.79,9.79,0,NaN,NaN,NaN,NaN,NaN,NaN,NaN
1517965200,9.79,9.79,9.79,9.79,0,NaN,NaN,NaN,NaN,NaN,NaN,NaN
1518051600,9.79,9.79,9.79,9.79,0,NaN,NaN,NaN,NaN,NaN,NaN,NaN
1518138000,9.79,9.79,9.79,9.79,0,NaN,NaN,NaN,NaN,NaN,NaN,NaN
1518397200,9.79,9.79,9.79,9.79,0,NaN,NaN,NaN,NaN,NaN,NaN,NaN
1518483600,9.79,9.79,9.79,9.79,0,NaN,NaN,NaN,NaN,NaN,NaN,NaN
1518570000,9.79,9.79,9.79,9.79,0,NaN,NaN,NaN,NaN,NaN,NaN,NaN
1518656400,9.79,9.79,9.79,9.79,0,NaN,NaN,NaN,NaN,NaN,NaN,NaN
1519002000,9.79,9.79,9.79,9.79,0,NaN,NaN,NaN,NaN,NaN,NaN,NaN
1519088400,9.79,9.79,9.79,9.79,0,NaN,NaN,NaN,NaN,NaN,NaN,NaN
1519174800,9.79,9.79,9.79,9.79,0,NaN,NaN,NaN,NaN,NaN,NaN,NaN
1519261200,9.79,9.79,9.79,9.79,0,NaN,NaN,NaN,NaN,NaN,NaN,NaN
1519347600,9.79,9.79,9.79,9.79,0,NaN,NaN,NaN,NaN,NaN,NaN,NaN
1519606800,9.79,9.79,9.79,9.79,0,NaN,NaN,NaN,NaN,NaN,NaN,NaN
1519693200,9.79,9.79,9.79,9.79,0,NaN,NaN,NaN,NaN,NaN,NaN,NaN
1519779600,9.79,9.79,9.79,9.79,0,NaN,NaN,NaN,NaN,NaN,NaN,NaN
1519866000,9.79,9.79,9.79,9.79,0,NaN,NaN,NaN,NaN,NaN,NaN,NaN
1519952400,9.79,9.79,9.79,9.79,0,NaN,NaN,NaN,NaN,NaN,NaN,NaN
1520211600,9.79,9.79,9.79,9.79,0,NaN,NaN,NaN,NaN,NaN,NaN,NaN
1520298000,9.79,9.79,9.79,9.79,0,NaN,NaN,NaN,NaN,NaN,NaN,NaN
1520384400,9.79,9.79,9.79,9.79,0,NaN,NaN,NaN,NaN,NaN,NaN,NaN
1520470800,9.79,9.79,9.79,9.79,0,NaN,NaN,NaN,NaN,NaN,NaN,NaN
1520557200,9.79,9.79,9.79,9.79,0,NaN,NaN,NaN,NaN,NaN,NaN,NaN
1520816400,9.79,9.79,9.79,9.79,0,NaN,NaN,NaN,NaN,NaN,NaN,NaN
1520902800,9.79,9.79,9.79,9.79,0,NaN,NaN,NaN,NaN,NaN,NaN,NaN
1520989200,9.79,9.79,9.79,9.79,0,NaN,NaN,NaN,NaN,NaN,NaN,NaN
1521075600,9.79,9.79,9.79,9.79,0,NaN,NaN,NaN,NaN,NaN,NaN,NaN
1521162000,9.79,9.79,9.79,9.79,0,NaN,NaN,NaN,NaN,NaN,NaN,NaN
1521421200,9.79,9.79,9.79,9.79,0,NaN,NaN,NaN,NaN,NaN,NaN,NaN
1521507600,9.79,9.79,9.79,9.79,0,NaN,NaN,NaN,NaN,NaN,NaN,NaN
1521594000,9.79,9.79,9.79,9.79,0,NaN,NaN,NaN,NaN,NaN,NaN,NaN
1521680400,9.79,9.79,9.79,9.79,0,NaN,NaN,NaN,NaN,NaN,NaN,NaN
1521766800,9.79,9.79,9.79,9.79,0,NaN,NaN,NaN,NaN,NaN,NaN,NaN
1522026000,9.79,9.79,9.79,9.79,0,NaN,NaN,NaN,NaN,NaN,NaN,NaN
1522112400,9.79,9.79,9.79,9.79,0,NaN,NaN,NaN,NaN,NaN,NaN,NaN
1522198800,9.79,9.79,9.79,9.79,0,NaN,NaN,NaN,NaN,NaN,NaN,NaN
1522285200,9.79,9.79,9.79,9.79,0,NaN,NaN,NaN,NaN,NaN,NaN,NaN
1522371600,9.79,9.79,9.79,9.79,0,241283968,4047591000,3288097000,25717000,88790000,759494000,1.86274509803922
1522630800,9.79,9.79,9.79,9.79,0,NaN,NaN,NaN,NaN,NaN,NaN,NaN
1522717200,9.79,9.79,9.79,9.79,0,NaN,NaN,NaN,NaN,NaN,NaN,NaN
1522803600,9.79,9.79,9.79,9.79,0,NaN,NaN,NaN,NaN,NaN,NaN,NaN
1522890000,9.79,9.79,9.79,9.79,0,NaN,NaN,NaN,NaN,NaN,NaN,NaN
1522976400,9.79,9.79,9.79,9.79,0,NaN,NaN,NaN,NaN,NaN,NaN,NaN
1523235600,9.79,9.79,9.79,9.79,0,NaN,NaN,NaN,NaN,NaN,NaN,NaN
1523322000,9.79,9.79,9.79,9.79,0,NaN,NaN,NaN,NaN,NaN,NaN,NaN
1523408400,9.79,9.79,9.79,9.79,0,NaN,NaN,NaN,NaN,NaN,NaN,NaN
1523494800,9.79,9.79,9.79,9.79,0,NaN,NaN,NaN,NaN,NaN,NaN,NaN
1523581200,9.79,9.79,9.79,9.79,0,NaN,NaN,NaN,NaN,NaN,NaN,NaN
1523840400,9.79,9.79,9.79,9.79,0,NaN,NaN,NaN,NaN,NaN,NaN,NaN
1523926800,9.79,9.79,9.79,9.79,0,NaN,NaN,NaN,NaN,NaN,NaN,NaN
1524013200,9.79,9.79,9.79,9.79,0,NaN,NaN,NaN,NaN,NaN,NaN,NaN
1524099600,9.79,9.79,9.79,9.79,0,NaN,NaN,NaN,NaN,NaN,NaN,NaN
1524186000,9.79,9.79,9.79,9.79,0,NaN,NaN,NaN,NaN,NaN,NaN,NaN
1524445200,9.79,9.79,9.79,9.79,0,NaN,NaN,NaN,NaN,NaN,NaN,NaN
1524531600,9.79,9.79,9.79,9.79,0,NaN,NaN,NaN,NaN,NaN,NaN,NaN
1524618000,9.79,9.79,9.79,9.79,0,NaN,NaN,NaN,NaN,NaN,NaN,NaN
1524704400,9.79,9.79,9.79,9.79,0,NaN,NaN,NaN,NaN,NaN,NaN,NaN
1524790800,9.79,9.79,9.79,9.79,0,NaN,NaN,NaN,NaN,NaN,NaN,NaN
1525050000,9.79,9.79,9.79,9.79,0,NaN,NaN,NaN,NaN,NaN,NaN,NaN
1525222800,9.79,9.79,9.79,9.79,0,NaN,NaN,NaN,NaN,NaN,NaN,NaN
1525309200,9.79,9.79,9.79,9.79,0,NaN,NaN,NaN,NaN,NaN,NaN,NaN
1525395600,9.79,9.79,9.79,9.79,0,NaN,NaN,NaN,NaN,NaN,NaN,NaN
1525654800,9.79,9.79,9.79,9.79,0,NaN,NaN,NaN,NaN,NaN,NaN,NaN
1525741200,9.79,9.79,9.79,9.79,0,NaN,NaN,NaN,NaN,NaN,NaN,NaN
1526259600,9.79,9.79,9.79,9.79,0,NaN,NaN,NaN,NaN,NaN,NaN,NaN
1526346000,9.79,9.79,9.79,9.79,0,NaN,NaN,NaN,NaN,NaN,NaN,NaN
1526432400,9.79,9.79,9.79,9.79,0,NaN,NaN,NaN,NaN,NaN,NaN,NaN
1526518800,9.79,9.79,9.79,9.79,0,NaN,NaN,NaN,NaN,NaN,NaN,NaN
1526605200,9.79,9.79,9.79,9.79,0,NaN,NaN,NaN,NaN,NaN,NaN,NaN
1526864400,9.79,9.79,9.79,9.79,0,NaN,NaN,NaN,NaN,NaN,NaN,NaN
1526950800,9.79,9.79,9.79,9.79,0,NaN,NaN,NaN,NaN,NaN,NaN,NaN
1527037200,9.79,9.79,9.79,9.79,0,NaN,NaN,NaN,NaN,NaN,NaN,NaN
1527123600,9.79,9.79,9.79,9.79,0,NaN,NaN,NaN,NaN,NaN,NaN,NaN
1527210000,9.79,9.79,9.79,9.79,0,NaN,NaN,NaN,NaN,NaN,NaN,NaN
1527469200,9.79,9.79,9.79,9.79,0,NaN,NaN,NaN,NaN,NaN,NaN,NaN
1527642000,9.79,9.79,9.79,9.79,0,NaN,NaN,NaN,NaN,NaN,NaN,NaN
1527728400,9.79,9.79,9.79,9.79,0,NaN,NaN,NaN,NaN,NaN,NaN,NaN
1527814800,9.79,9.79,9.79,9.79,0,NaN,NaN,NaN,NaN,NaN,NaN,NaN
1528074000,9.79,9.79,9.79,9.79,0,NaN,NaN,NaN,NaN,NaN,NaN,NaN
1528160400,9.79,9.79,9.79,9.79,0,NaN,NaN,NaN,NaN,NaN,NaN,NaN
1528246800,9.79,9.79,9.79,9.79,0,NaN,NaN,NaN,NaN,NaN,NaN,NaN
1528333200,9.79,9.79,9.79,9.79,0,NaN,NaN,NaN,NaN,NaN,NaN,NaN
1528419600,9.79,9.79,9.79,9.79,0,NaN,NaN,NaN,NaN,NaN,NaN,NaN
1528678800,9.79,9.79,9.79,9.79,0,NaN,NaN,NaN,NaN,NaN,NaN,NaN
1528765200,9.79,9.79,9.79,9.79,0,NaN,NaN,NaN,NaN,NaN,NaN,NaN
1528851600,9.79,9.79,9.79,9.79,0,NaN,NaN,NaN,NaN,NaN,NaN,NaN
1528938000,9.79,9.79,9.79,9.79,0,NaN,NaN,NaN,NaN,NaN,NaN,NaN
1529283600,9.79,9.79,9.79,9.79,0,NaN,NaN,NaN,NaN,NaN,NaN,NaN
1529370000,9.79,9.79,9.79,9.79,0,NaN,NaN,NaN,NaN,NaN,NaN,NaN
1529456400,9.79,9.79,9.79,9.79,0,NaN,NaN,NaN,NaN,NaN,NaN,NaN
1529542800,9.79,9.79,9.79,9.79,0,NaN,NaN,NaN,NaN,NaN,NaN,NaN
1529629200,9.79,9.79,9.79,9.79,0,NaN,NaN,NaN,NaN,NaN,NaN,NaN
1529888400,9.79,9.79,9.79,9.79,0,NaN,NaN,NaN,NaN,NaN,NaN,NaN
1529974800,9.79,9.79,9.79,9.79,0,NaN,NaN,NaN,NaN,NaN,NaN,NaN
1530061200,9.79,9.79,9.79,9.79,0,NaN,NaN,NaN,NaN,NaN,NaN,NaN
1530147600,9.79,9.79,9.79,9.79,0,NaN,NaN,NaN,NaN,NaN,NaN,NaN
1530234000,9.79,9.79,9.79,9.79,0,241283968,4552078000,3786020000,49925000,67132000,766058000,1.86274509803922
1530493200,9.79,9.79,9.79,9.79,0,NaN,NaN,NaN,NaN,NaN,NaN,NaN
1530579600,9.79,9.79,9.79,9.79,0,NaN,NaN,NaN,NaN,NaN,NaN,NaN
1530666000,9.79,9.79,9.79,9.79,0,NaN,NaN,NaN,NaN,NaN,NaN,NaN
1530752400,9.79,9.79,9.79,9.79,0,NaN,NaN,NaN,NaN,NaN,NaN,NaN
1530838800,9.79,9.79,9.79,9.79,0,NaN,NaN,NaN,NaN,NaN,NaN,NaN
1531098000,9.79,9.79,9.79,9.79,0,NaN,NaN,NaN,NaN,NaN,NaN,NaN
1531184400,9.79,9.79,9.79,9.79,0,NaN,NaN,NaN,NaN,NaN,NaN,NaN
1531270800,9.79,9.79,9.79,9.79,0,NaN,NaN,NaN,NaN,NaN,NaN,NaN
1531357200,9.79,9.79,9.79,9.79,0,NaN,NaN,NaN,NaN,NaN,NaN,NaN
1531443600,9.79,9.79,9.79,9.79,0,NaN,NaN,NaN,NaN,NaN,NaN,NaN
1531702800,9.79,9.79,9.79,9.79,0,NaN,NaN,NaN,NaN,NaN,NaN,NaN
1531789200,9.79,9.79,9.79,9.79,0,NaN,NaN,NaN,NaN,NaN,NaN,NaN
1531875600,9.79,9.79,9.79,9.79,0,NaN,NaN,NaN,NaN,NaN,NaN,NaN
1531962000,9.79,9.79,9.79,9.79,0,NaN,NaN,NaN,NaN,NaN,NaN,NaN
1532048400,9.79,9.79,9.79,9.79,0,NaN,NaN,NaN,NaN,NaN,NaN,NaN
1532307600,9.79,9.79,9.79,9.79,0,NaN,NaN,NaN,NaN,NaN,NaN,NaN
1532394000,9.79,9.79,9.79,9.79,0,NaN,NaN,NaN,NaN,NaN,NaN,NaN
1532480400,9.79,9.79,9.79,9.79,0,NaN,NaN,NaN,NaN,NaN,NaN,NaN
1532566800,9.79,9.79,9.79,9.79,0,NaN,NaN,NaN,NaN,NaN,NaN,NaN
1532653200,9.79,9.79,9.79,9.79,0,NaN,NaN,NaN,NaN,NaN,NaN,NaN
1532912400,9.79,9.79,9.79,9.79,0,NaN,NaN,NaN,NaN,NaN,NaN,NaN
1532998800,9.79,9.79,9.79,9.79,0,NaN,NaN,NaN,NaN,NaN,NaN,NaN
1533085200,9.79,9.79,9.79,9.79,0,NaN,NaN,NaN,NaN,NaN,NaN,NaN
1533171600,9.79,9.79,9.79,9.79,0,NaN,NaN,NaN,NaN,NaN,NaN,NaN
1533258000,9.79,9.79,9.79,9.79,0,NaN,NaN,NaN,NaN,NaN,NaN,NaN
1533517200,9.79,9.79,9.79,9.79,0,NaN,NaN,NaN,NaN,NaN,NaN,NaN
1533603600,9.79,9.79,9.79,9.79,0,NaN,NaN,NaN,NaN,NaN,NaN,NaN
1533690000,9.79,9.79,9.79,9.79,0,NaN,NaN,NaN,NaN,NaN,NaN,NaN
1533776400,9.79,9.79,9.79,9.79,0,NaN,NaN,NaN,NaN,NaN,NaN,NaN
1533862800,9.79,9.79,9.79,9.79,0,NaN,NaN,NaN,NaN,NaN,NaN,NaN
1534122000,9.79,9.79,9.79,9.79,0,NaN,NaN,NaN,NaN,NaN,NaN,NaN
1534208400,9.79,9.79,9.79,9.79,0,NaN,NaN,NaN,NaN,NaN,NaN,NaN
1534294800,9.79,9.79,9.79,9.79,0,NaN,NaN,NaN,NaN,NaN,NaN,NaN
1534381200,9.79,9.79,9.79,9.79,0,NaN,NaN,NaN,NaN,NaN,NaN,NaN
1534467600,9.79,9.79,9.79,9.79,0,NaN,NaN,NaN,NaN,NaN,NaN,NaN
1534726800,9.79,9.79,9.79,9.79,0,NaN,NaN,NaN,NaN,NaN,NaN,NaN
1534813200,9.79,9.79,9.79,9.79,0,NaN,NaN,NaN,NaN,NaN,NaN,NaN
1534986000,9.79,9.79,9.79,9.79,0,NaN,NaN,NaN,NaN,NaN,NaN,NaN
1535072400,9.79,9.79,9.79,9.79,0,NaN,NaN,NaN,NaN,NaN,NaN,NaN
1535331600,9.79,9.79,9.79,9.79,0,NaN,NaN,NaN,NaN,NaN,NaN,NaN
1535418000,9.79,9.79,9.79,9.79,0,NaN,NaN,NaN,NaN,NaN,NaN,NaN
1535504400,9.79,9.79,9.79,9.79,0,NaN,NaN,NaN,NaN,NaN,NaN,NaN
1535590800,9.79,9.79,9.79,9.79,0,NaN,NaN,NaN,NaN,NaN,NaN,NaN
1535936400,9.79,9.79,9.79,9.79,0,NaN,NaN,NaN,NaN,NaN,NaN,NaN
1536022800,9.79,9.79,9.79,9.79,0,NaN,NaN,NaN,NaN,NaN,NaN,NaN
1536109200,9.79,9.79,9.79,9.79,0,NaN,NaN,NaN,NaN,NaN,NaN,NaN
1536195600,9.79,9.79,9.79,9.79,0,NaN,NaN,NaN,NaN,NaN,NaN,NaN
1536282000,9.79,9.79,9.79,9.79,0,NaN,NaN,NaN,NaN,NaN,NaN,NaN
1536714000,9.79,9.79,9.79,9.79,0,NaN,NaN,NaN,NaN,NaN,NaN,NaN
1536800400,9.79,9.79,9.79,9.79,0,NaN,NaN,NaN,NaN,NaN,NaN,NaN
1536886800,9.79,9.79,9.79,9.79,0,NaN,NaN,NaN,NaN,NaN,NaN,NaN
1537232400,9.79,9.79,9.79,9.79,0,NaN,NaN,NaN,NaN,NaN,NaN,NaN
1537318800,9.79,9.79,9.79,9.79,0,NaN,NaN,NaN,NaN,NaN,NaN,NaN
1537405200,9.79,9.79,9.79,9.79,0,NaN,NaN,NaN,NaN,NaN,NaN,NaN
1537491600,9.79,9.79,9.79,9.79,0,NaN,NaN,NaN,NaN,NaN,NaN,NaN
1537750800,9.79,9.79,9.79,9.79,0,NaN,NaN,NaN,NaN,NaN,NaN,NaN
1537837200,9.79,9.79,9.79,9.79,0,NaN,NaN,NaN,NaN,NaN,NaN,NaN
1537923600,9.79,9.79,9.79,9.79,0,NaN,NaN,NaN,NaN,NaN,NaN,NaN
1538010000,9.79,9.79,9.79,9.79,0,NaN,NaN,NaN,NaN,NaN,NaN,NaN
1538096400,9.79,9.79,9.79,9.79,0,241283968,4927785000,4134777000,22994000,60202000,793008000,1.86274509803922
1538355600,9.79,9.79,9.79,9.79,0,NaN,NaN,NaN,NaN,NaN,NaN,NaN
1538442000,9.79,9.79,9.79,9.79,0,NaN,NaN,NaN,NaN,NaN,NaN,NaN
1538528400,9.79,9.79,9.79,9.79,0,NaN,NaN,NaN,NaN,NaN,NaN,NaN
1538614800,9.79,9.79,9.79,9.79,0,NaN,NaN,NaN,NaN,NaN,NaN,NaN
1538701200,9.79,9.79,9.79,9.79,0,NaN,NaN,NaN,NaN,NaN,NaN,NaN
1538960400,9.79,9.79,9.79,9.79,0,NaN,NaN,NaN,NaN,NaN,NaN,NaN
1539046800,9.79,9.79,9.79,9.79,0,NaN,NaN,NaN,NaN,NaN,NaN,NaN
1539133200,9.79,9.79,9.79,9.79,0,NaN,NaN,NaN,NaN,NaN,NaN,NaN
1539219600,9.79,9.79,9.79,9.79,0,NaN,NaN,NaN,NaN,NaN,NaN,NaN
1539306000,9.79,9.79,9.79,9.79,0,NaN,NaN,NaN,NaN,NaN,NaN,NaN
1539565200,9.79,9.79,9.79,9.79,0,NaN,NaN,NaN,NaN,NaN,NaN,NaN
1539651600,9.79,9.79,9.79,9.79,0,NaN,NaN,NaN,NaN,NaN,NaN,NaN
1539738000,9.79,9.79,9.79,9.79,0,NaN,NaN,NaN,NaN,NaN,NaN,NaN
1539824400,9.79,9.79,9.79,9.79,0,NaN,NaN,NaN,NaN,NaN,NaN,NaN
1539910800,9.79,9.79,9.79,9.79,0,NaN,NaN,NaN,NaN,NaN,NaN,NaN
1540170000,9.79,9.79,9.79,9.79,0,NaN,NaN,NaN,NaN,NaN,NaN,NaN
1540256400,9.79,9.79,9.79,9.79,0,NaN,NaN,NaN,NaN,NaN,NaN,NaN
1540342800,9.79,9.79,9.79,9.79,0,NaN,NaN,NaN,NaN,NaN,NaN,NaN
1540429200,9.79,9.79,9.79,9.79,0,NaN,NaN,NaN,NaN,NaN,NaN,NaN
1540515600,9.79,9.79,9.79,9.79,0,NaN,NaN,NaN,NaN,NaN,NaN,NaN
1540774800,9.79,9.79,9.79,9.79,0,NaN,NaN,NaN,NaN,NaN,NaN,NaN
1540861200,9.79,9.79,9.79,9.79,0,NaN,NaN,NaN,NaN,NaN,NaN,NaN
1540947600,9.79,9.79,9.79,9.79,0,NaN,NaN,NaN,NaN,NaN,NaN,NaN
1541034000,9.79,9.79,9.79,9.79,0,NaN,NaN,NaN,NaN,NaN,NaN,NaN
1541120400,9.6,9.6,9.6,9.6,0,NaN,NaN,NaN,NaN,NaN,NaN,NaN
1541379600,9.6,9.6,9.6,9.6,0,NaN,NaN,NaN,NaN,NaN,NaN,NaN
1541552400,9.6,9.6,9.6,9.6,0,NaN,NaN,NaN,NaN,NaN,NaN,NaN
1541638800,9.6,9.6,9.6,9.6,0,NaN,NaN,NaN,NaN,NaN,NaN,NaN
1541725200,9.6,9.6,9.6,9.6,0,NaN,NaN,NaN,NaN,NaN,NaN,NaN
1541984400,9.6,9.6,9.6,9.6,0,NaN,NaN,NaN,NaN,NaN,NaN,NaN
1542070800,9.6,9.6,9.6,9.6,0,NaN,NaN,NaN,NaN,NaN,NaN,NaN
1542157200,9.6,9.6,9.6,9.6,0,NaN,NaN,NaN,NaN,NaN,NaN,NaN
1542243600,9.6,9.6,9.6,9.6,0,NaN,NaN,NaN,NaN,NaN,NaN,NaN
1542330000,9.6,9.6,9.6,9.6,0,NaN,NaN,NaN,NaN,NaN,NaN,NaN
1542589200,9.6,9.6,9.6,9.6,0,NaN,NaN,NaN,NaN,NaN,NaN,NaN
1542762000,9.6,9.6,9.6,9.6,0,NaN,NaN,NaN,NaN,NaN,NaN,NaN
1542848400,9.6,9.6,9.6,9.6,0,NaN,NaN,NaN,NaN,NaN,NaN,NaN
1542934800,9.6,9.6,9.6,9.6,0,NaN,NaN,NaN,NaN,NaN,NaN,NaN
1543194000,9.6,9.6,9.6,9.6,0,NaN,NaN,NaN,NaN,NaN,NaN,NaN
1543280400,9.6,9.6,9.6,9.6,0,NaN,NaN,NaN,NaN,NaN,NaN,NaN
1543366800,9.6,9.6,9.6,9.6,0,NaN,NaN,NaN,NaN,NaN,NaN,NaN
1543453200,9.6,9.6,9.6,9.6,0,NaN,NaN,NaN,NaN,NaN,NaN,NaN
1543539600,9.6,9.6,9.6,9.6,0,NaN,NaN,NaN,NaN,NaN,NaN,NaN
1543798800,9.6,9.6,9.6,9.6,0,NaN,NaN,NaN,NaN,NaN,NaN,NaN
1543885200,9.6,9.6,9.6,9.6,0,NaN,NaN,NaN,NaN,NaN,NaN,NaN
1543971600,9.6,9.6,9.6,9.6,0,NaN,NaN,NaN,NaN,NaN,NaN,NaN
1544058000,9.6,9.6,9.6,9.6,0,NaN,NaN,NaN,NaN,NaN,NaN,NaN
1544144400,9.6,9.6,9.6,9.6,0,NaN,NaN,NaN,NaN,NaN,NaN,NaN
1544403600,9.6,9.6,9.6,9.6,0,NaN,NaN,NaN,NaN,NaN,NaN,NaN
1544490000,9.6,9.6,9.6,9.6,0,NaN,NaN,NaN,NaN,NaN,NaN,NaN
1544576400,9.6,9.6,9.6,9.6,0,NaN,NaN,NaN,NaN,NaN,NaN,NaN
1544662800,9.6,9.6,9.6,9.6,0,NaN,NaN,NaN,NaN,NaN,NaN,NaN
1544749200,9.6,9.6,9.6,9.6,0,NaN,NaN,NaN,NaN,NaN,NaN,NaN
1545008400,9.6,9.6,9.6,9.6,0,NaN,NaN,NaN,NaN,NaN,NaN,NaN
1545094800,9.6,9.6,9.6,9.6,0,NaN,NaN,NaN,NaN,NaN,NaN,NaN
1545181200,9.6,9.6,9.6,9.6,0,NaN,NaN,NaN,NaN,NaN,NaN,NaN
1545267600,9.6,9.6,9.6,9.6,0,NaN,NaN,NaN,NaN,NaN,NaN,NaN
1545354000,9.6,9.6,9.6,9.6,0,NaN,NaN,NaN,NaN,NaN,NaN,NaN
1545613200,9.6,9.6,9.6,9.6,0,NaN,NaN,NaN,NaN,NaN,NaN,NaN
1545786000,9.6,9.6,9.6,9.6,0,NaN,NaN,NaN,NaN,NaN,NaN,NaN
1545872400,9.6,9.6,9.6,9.6,0,NaN,NaN,NaN,NaN,NaN,NaN,NaN
1545958800,9.6,9.6,9.6,9.6,0,NaN,NaN,NaN,NaN,NaN,NaN,NaN
1546218000,9.6,9.6,9.6,9.6,0,241283968,4698016000,3931943000,14747000,89300000,766073000,1.86274509803922
1546390800,9.6,9.6,9.6,9.6,0,NaN,NaN,NaN,NaN,NaN,NaN,NaN
1546477200,9.6,9.6,9.6,9.6,0,NaN,NaN,NaN,NaN,NaN,NaN,NaN
1546563600,9.6,9.6,9.6,9.6,0,NaN,NaN,NaN,NaN,NaN,NaN,NaN
1546822800,9.6,9.6,9.6,9.6,0,NaN,NaN,NaN,NaN,NaN,NaN,NaN
1546909200,9.6,9.6,9.6,9.6,0,NaN,NaN,NaN,NaN,NaN,NaN,NaN
1546995600,9.6,9.6,9.6,9.6,0,NaN,NaN,NaN,NaN,NaN,NaN,NaN
1547082000,9.6,9.6,9.6,9.6,0,NaN,NaN,NaN,NaN,NaN,NaN,NaN
1547168400,9.6,9.6,9.6,9.6,0,NaN,NaN,NaN,NaN,NaN,NaN,NaN
1547427600,9.6,9.6,9.6,9.6,0,NaN,NaN,NaN,NaN,NaN,NaN,NaN
1547514000,9.6,9.6,9.6,9.6,0,NaN,NaN,NaN,NaN,NaN,NaN,NaN
1547600400,9.6,9.6,9.6,9.6,0,NaN,NaN,NaN,NaN,NaN,NaN,NaN
1547686800,9.6,9.6,9.6,9.6,0,NaN,NaN,NaN,NaN,NaN,NaN,NaN
1547773200,9.6,9.6,9.6,9.6,0,NaN,NaN,NaN,NaN,NaN,NaN,NaN
1548118800,9.6,9.6,9.6,9.6,0,NaN,NaN,NaN,NaN,NaN,NaN,NaN
1548205200,9.6,9.6,9.6,9.6,0,NaN,NaN,NaN,NaN,NaN,NaN,NaN
1548291600,9.6,9.6,9.6,9.6,0,NaN,NaN,NaN,NaN,NaN,NaN,NaN
1548378000,9.6,9.6,9.6,9.6,0,NaN,NaN,NaN,NaN,NaN,NaN,NaN
1548637200,9.6,9.6,9.6,9.6,0,NaN,NaN,NaN,NaN,NaN,NaN,NaN
1548723600,9.6,9.6,9.6,9.6,0,NaN,NaN,NaN,NaN,NaN,NaN,NaN
1548810000,9.6,9.6,9.6,9.6,0,NaN,NaN,NaN,NaN,NaN,NaN,NaN
1548896400,9.6,9.6,9.6,9.6,0,NaN,NaN,NaN,NaN,NaN,NaN,NaN
1549242000,9.6,9.6,9.6,9.6,0,NaN,NaN,NaN,NaN,NaN,NaN,NaN
1549501200,9.6,9.6,9.6,9.6,0,NaN,NaN,NaN,NaN,NaN,NaN,NaN
1549587600,9.6,9.6,9.6,9.6,0,NaN,NaN,NaN,NaN,NaN,NaN,NaN
1549846800,9.6,9.6,9.6,9.6,0,NaN,NaN,NaN,NaN,NaN,NaN,NaN
1549933200,9.6,9.6,9.6,9.6,0,NaN,NaN,NaN,NaN,NaN,NaN,NaN
1550019600,9.6,9.6,9.6,9.6,0,NaN,NaN,NaN,NaN,NaN,NaN,NaN
1550106000,9.6,9.6,9.6,9.6,0,NaN,NaN,NaN,NaN,NaN,NaN,NaN
1550192400,9.6,9.6,9.6,9.6,0,NaN,NaN,NaN,NaN,NaN,NaN,NaN
1550451600,9.6,9.6,9.6,9.6,0,NaN,NaN,NaN,NaN,NaN,NaN,NaN
1550538000,9.6,9.6,9.6,9.6,0,NaN,NaN,NaN,NaN,NaN,NaN,NaN
1550624400,9.6,9.6,9.6,9.6,0,NaN,NaN,NaN,NaN,NaN,NaN,NaN
1550710800,9.6,9.6,9.6,9.6,0,NaN,NaN,NaN,NaN,NaN,NaN,NaN
1550797200,9.6,9.6,9.6,9.6,0,NaN,NaN,NaN,NaN,NaN,NaN,NaN
1551056400,9.6,9.6,9.6,9.6,0,NaN,NaN,NaN,NaN,NaN,NaN,NaN
1551142800,9.6,9.6,9.6,9.6,0,NaN,NaN,NaN,NaN,NaN,NaN,NaN
1551229200,9.6,9.6,9.6,9.6,0,NaN,NaN,NaN,NaN,NaN,NaN,NaN
1551315600,9.6,9.6,9.6,9.6,0,NaN,NaN,NaN,NaN,NaN,NaN,NaN
1551402000,9.6,9.6,9.6,9.6,0,NaN,NaN,NaN,NaN,NaN,NaN,NaN
1551661200,9.6,9.6,9.6,9.6,0,NaN,NaN,NaN,NaN,NaN,NaN,NaN
1551747600,9.6,9.6,9.6,9.6,0,NaN,NaN,NaN,NaN,NaN,NaN,NaN
1551834000,9.6,9.6,9.6,9.6,0,NaN,NaN,NaN,NaN,NaN,NaN,NaN
1551920400,9.6,9.6,9.6,9.6,0,NaN,NaN,NaN,NaN,NaN,NaN,NaN
1552006800,9.6,9.6,9.6,9.6,0,NaN,NaN,NaN,NaN,NaN,NaN,NaN
1552266000,9.6,9.6,9.6,9.6,0,NaN,NaN,NaN,NaN,NaN,NaN,NaN
1552352400,9.6,9.6,9.6,9.6,0,NaN,NaN,NaN,NaN,NaN,NaN,NaN
1552438800,9.6,9.6,9.6,9.6,0,NaN,NaN,NaN,NaN,NaN,NaN,NaN
1552525200,9.6,9.6,9.6,9.6,0,NaN,NaN,NaN,NaN,NaN,NaN,NaN
1552611600,9.6,9.6,9.6,9.6,0,NaN,NaN,NaN,NaN,NaN,NaN,NaN
1552870800,9.6,9.6,9.6,9.6,0,NaN,NaN,NaN,NaN,NaN,NaN,NaN
1552957200,9.6,9.6,9.6,9.6,0,NaN,NaN,NaN,NaN,NaN,NaN,NaN
1553043600,9.6,9.6,9.6,9.6,0,NaN,NaN,NaN,NaN,NaN,NaN,NaN
1553130000,9.6,9.6,9.6,9.6,0,NaN,NaN,NaN,NaN,NaN,NaN,NaN
1553216400,9.6,9.6,9.6,9.6,0,NaN,NaN,NaN,NaN,NaN,NaN,NaN
1553475600,9.6,9.6,9.6,9.6,0,NaN,NaN,NaN,NaN,NaN,NaN,NaN
1553562000,9.6,9.6,9.6,9.6,0,NaN,NaN,NaN,NaN,NaN,NaN,NaN
1553648400,9.6,9.6,9.6,9.6,0,NaN,NaN,NaN,NaN,NaN,NaN,NaN
1553734800,9.6,9.6,9.6,9.6,0,NaN,NaN,NaN,NaN,NaN,NaN,NaN
1553821200,9.6,9.6,9.6,9.6,0,241283968,4150064000.0000005,3360745000,18163000,66661000,789319000,1.86274509803922
1554080400,9.6,9.6,9.6,9.6,0,NaN,NaN,NaN,NaN,NaN,NaN,NaN
1554166800,9.6,9.6,9.6,9.6,0,NaN,NaN,NaN,NaN,NaN,NaN,NaN
1554253200,9.6,9.6,9.6,9.6,0,NaN,NaN,NaN,NaN,NaN,NaN,NaN
1554339600,9.6,9.6,9.6,9.6,0,NaN,NaN,NaN,NaN,NaN,NaN,NaN
1554426000,9.6,9.6,9.6,9.6,0,NaN,NaN,NaN,NaN,NaN,NaN,NaN
1554685200,9.6,9.6,9.6,9.6,0,NaN,NaN,NaN,NaN,NaN,NaN,NaN
1554771600,9.6,9.6,9.6,9.6,0,NaN,NaN,NaN,NaN,NaN,NaN,NaN
1554858000,9.6,9.6,9.6,9.6,0,NaN,NaN,NaN,NaN,NaN,NaN,NaN
1554944400,9.6,9.6,9.6,9.6,0,NaN,NaN,NaN,NaN,NaN,NaN,NaN
1555030800,9.6,9.6,9.6,9.6,0,NaN,NaN,NaN,NaN,NaN,NaN,NaN
1555290000,9.6,9.6,9.6,9.6,0,NaN,NaN,NaN,NaN,NaN,NaN,NaN
1555376400,9.6,9.6,9.6,9.6,0,NaN,NaN,NaN,NaN,NaN,NaN,NaN
1555462800,9.6,9.6,9.6,9.6,0,NaN,NaN,NaN,NaN,NaN,NaN,NaN
1555549200,9.6,9.6,9.6,9.6,0,NaN,NaN,NaN,NaN,NaN,NaN,NaN
1555635600,9.6,9.6,9.6,9.6,0,NaN,NaN,NaN,NaN,NaN,NaN,NaN
1555894800,9.6,9.6,9.6,9.6,0,NaN,NaN,NaN,NaN,NaN,NaN,NaN
1555981200,9.6,9.6,9.6,9.6,0,NaN,NaN,NaN,NaN,NaN,NaN,NaN
1556067600,9.6,9.6,9.6,9.6,0,NaN,NaN,NaN,NaN,NaN,NaN,NaN
1556154000,9.6,9.6,9.6,9.6,0,NaN,NaN,NaN,NaN,NaN,NaN,NaN
1556240400,9.6,9.6,9.6,9.6,0,NaN,NaN,NaN,NaN,NaN,NaN,NaN
1556499600,9.6,9.6,9.6,9.6,0,NaN,NaN,NaN,NaN,NaN,NaN,NaN
1556586000,9.6,9.6,9.6,9.6,0,NaN,NaN,NaN,NaN,NaN,NaN,NaN
1556758800,9.6,9.6,9.6,9.6,0,NaN,NaN,NaN,NaN,NaN,NaN,NaN
1556845200,9.6,9.6,9.6,9.6,0,NaN,NaN,NaN,NaN,NaN,NaN,NaN
1557104400,9.6,9.6,9.6,9.6,0,NaN,NaN,NaN,NaN,NaN,NaN,NaN
1557190800,9.6,9.6,9.6,9.6,0,NaN,NaN,NaN,NaN,NaN,NaN,NaN
1557277200,9.6,9.6,9.6,9.6,0,NaN,NaN,NaN,NaN,NaN,NaN,NaN
1557363600,9.6,9.6,9.6,9.6,0,NaN,NaN,NaN,NaN,NaN,NaN,NaN
1557450000,9.6,9.6,9.6,9.6,0,NaN,NaN,NaN,NaN,NaN,NaN,NaN
1557709200,9.6,9.6,9.6,9.6,0,NaN,NaN,NaN,NaN,NaN,NaN,NaN
1557795600,9.6,9.6,9.6,9.6,0,NaN,NaN,NaN,NaN,NaN,NaN,NaN
1557882000,9.6,9.6,9.6,9.6,0,NaN,NaN,NaN,NaN,NaN,NaN,NaN
1557968400,9.6,9.6,9.6,9.6,0,NaN,NaN,NaN,NaN,NaN,NaN,NaN
1558054800,9.6,9.6,9.6,9.6,0,NaN,NaN,NaN,NaN,NaN,NaN,NaN
1558400400,9.6,9.6,9.6,9.6,0,NaN,NaN,NaN,NaN,NaN,NaN,NaN
1558573200,9.6,9.6,9.6,9.6,0,NaN,NaN,NaN,NaN,NaN,NaN,NaN
1558659600,9.6,9.6,9.6,9.6,0,NaN,NaN,NaN,NaN,NaN,NaN,NaN
1558918800,9.6,9.6,9.6,9.6,0,NaN,NaN,NaN,NaN,NaN,NaN,NaN
1559005200,9.6,9.6,9.6,9.6,0,NaN,NaN,NaN,NaN,NaN,NaN,NaN
1559091600,9.6,9.6,9.6,9.6,0,NaN,NaN,NaN,NaN,NaN,NaN,NaN
1559178000,9.6,9.6,9.6,9.6,0,NaN,NaN,NaN,NaN,NaN,NaN,NaN
1559264400,9.6,9.6,9.6,9.6,0,NaN,NaN,NaN,NaN,NaN,NaN,NaN
1559523600,9.6,9.6,9.6,9.6,0,NaN,NaN,NaN,NaN,NaN,NaN,NaN
1559610000,9.6,9.6,9.6,9.6,0,NaN,NaN,NaN,NaN,NaN,NaN,NaN
1559869200,9.6,9.6,9.6,9.6,0,NaN,NaN,NaN,NaN,NaN,NaN,NaN
1560128400,9.6,9.6,9.6,9.6,0,NaN,NaN,NaN,NaN,NaN,NaN,NaN
1560214800,9.6,9.6,9.6,9.6,0,NaN,NaN,NaN,NaN,NaN,NaN,NaN
1560301200,9.6,9.6,9.6,9.6,0,NaN,NaN,NaN,NaN,NaN,NaN,NaN
1560387600,9.6,9.6,9.6,9.6,0,NaN,NaN,NaN,NaN,NaN,NaN,NaN
1560474000,9.6,9.6,9.6,9.6,0,NaN,NaN,NaN,NaN,NaN,NaN,NaN
1560733200,9.6,9.6,9.6,9.6,0,NaN,NaN,NaN,NaN,NaN,NaN,NaN
1560819600,9.6,9.6,9.6,9.6,0,NaN,NaN,NaN,NaN,NaN,NaN,NaN
1560906000,9.6,9.6,9.6,9.6,0,NaN,NaN,NaN,NaN,NaN,NaN,NaN
1560992400,9.6,9.6,9.6,9.6,0,NaN,NaN,NaN,NaN,NaN,NaN,NaN
1561078800,9.6,9.6,9.6,9.6,0,NaN,NaN,NaN,NaN,NaN,NaN,NaN
1561338000,9.6,9.6,9.6,9.6,0,NaN,NaN,NaN,NaN,NaN,NaN,NaN
1561424400,9.6,9.6,9.6,9.6,0,NaN,NaN,NaN,NaN,NaN,NaN,NaN
1561510800,9.6,9.6,9.6,9.6,0,NaN,NaN,NaN,NaN,NaN,NaN,NaN
1561597200,9.6,9.6,9.6,9.6,0,NaN,NaN,NaN,NaN,NaN,NaN,NaN
1561683600,9.6,9.6,9.6,9.6,0,241283668,4583723000,3786116000,21546000,87858000,797607000,2.15686274509804
1561942800,9.6,9.6,9.6,9.6,0,NaN,NaN,NaN,NaN,NaN,NaN,NaN
1562029200,9.6,9.6,9.6,9.6,0,NaN,NaN,NaN,NaN,NaN,NaN,NaN
1562115600,9.6,9.6,9.6,9.6,0,NaN,NaN,NaN,NaN,NaN,NaN,NaN
1562202000,9.6,9.6,9.6,9.6,0,NaN,NaN,NaN,NaN,NaN,NaN,NaN
1562288400,9.6,9.6,9.6,9.6,0,NaN,NaN,NaN,NaN,NaN,NaN,NaN
1562547600,9.6,9.6,9.6,9.6,0,NaN,NaN,NaN,NaN,NaN,NaN,NaN
1562634000,9.6,9.6,9.6,9.6,0,NaN,NaN,NaN,NaN,NaN,NaN,NaN
1562720400,9.6,9.6,9.6,9.6,0,NaN,NaN,NaN,NaN,NaN,NaN,NaN
1562806800,9.6,9.6,9.6,9.6,0,NaN,NaN,NaN,NaN,NaN,NaN,NaN
1562893200,9.6,9.6,9.6,9.6,0,NaN,NaN,NaN,NaN,NaN,NaN,NaN
1563152400,9.6,9.6,9.6,9.6,0,NaN,NaN,NaN,NaN,NaN,NaN,NaN
1563238800,9.6,9.6,9.6,9.6,0,NaN,NaN,NaN,NaN,NaN,NaN,NaN
1563325200,9.6,9.6,9.6,9.6,0,NaN,NaN,NaN,NaN,NaN,NaN,NaN
1563411600,9.6,9.6,9.6,9.6,0,NaN,NaN,NaN,NaN,NaN,NaN,NaN
1563498000,9.6,9.6,9.6,9.6,0,NaN,NaN,NaN,NaN,NaN,NaN,NaN
1563757200,9.6,9.6,9.6,9.6,0,NaN,NaN,NaN,NaN,NaN,NaN,NaN
1563843600,9.6,9.6,9.6,9.6,0,NaN,NaN,NaN,NaN,NaN,NaN,NaN
1563930000,9.6,9.6,9.6,9.6,0,NaN,NaN,NaN,NaN,NaN,NaN,NaN
1564016400,9.6,9.6,9.6,9.6,0,NaN,NaN,NaN,NaN,NaN,NaN,NaN
1564102800,9.6,9.6,9.6,9.6,0,NaN,NaN,NaN,NaN,NaN,NaN,NaN
1564362000,9.6,9.6,9.6,9.6,0,NaN,NaN,NaN,NaN,NaN,NaN,NaN
1564534800,9.6,9.6,9.6,9.6,0,NaN,NaN,NaN,NaN,NaN,NaN,NaN
1564621200,9.6,9.6,9.6,9.6,0,NaN,NaN,NaN,NaN,NaN,NaN,NaN
1564707600,9.6,9.6,9.6,9.6,0,NaN,NaN,NaN,NaN,NaN,NaN,NaN
1564966800,9.6,9.6,9.6,9.6,0,NaN,NaN,NaN,NaN,NaN,NaN,NaN
1565053200,9.6,9.6,9.6,9.6,0,NaN,NaN,NaN,NaN,NaN,NaN,NaN
1565139600,9.6,9.6,9.6,9.6,0,NaN,NaN,NaN,NaN,NaN,NaN,NaN
1565226000,9.6,9.6,9.6,9.6,0,NaN,NaN,NaN,NaN,NaN,NaN,NaN
1565312400,9.6,9.6,9.6,9.6,0,NaN,NaN,NaN,NaN,NaN,NaN,NaN
1565658000,9.6,9.6,9.6,9.6,0,NaN,NaN,NaN,NaN,NaN,NaN,NaN
1565744400,9.6,9.6,9.6,9.6,0,NaN,NaN,NaN,NaN,NaN,NaN,NaN
1565830800,9.6,9.6,9.6,9.6,0,NaN,NaN,NaN,NaN,NaN,NaN,NaN
1565917200,9.6,9.6,9.6,9.6,0,NaN,NaN,NaN,NaN,NaN,NaN,NaN
1566176400,9.6,9.6,9.6,9.6,0,NaN,NaN,NaN,NaN,NaN,NaN,NaN
1566262800,9.6,9.6,9.6,9.6,0,NaN,NaN,NaN,NaN,NaN,NaN,NaN
1566349200,9.6,9.6,9.6,9.6,0,NaN,NaN,NaN,NaN,NaN,NaN,NaN
1566435600,9.6,9.6,9.6,9.6,0,NaN,NaN,NaN,NaN,NaN,NaN,NaN
1566522000,9.6,9.6,9.6,9.6,0,NaN,NaN,NaN,NaN,NaN,NaN,NaN
1566781200,9.6,9.6,9.6,9.6,0,NaN,NaN,NaN,NaN,NaN,NaN,NaN
1566867600,9.6,9.6,9.6,9.6,0,NaN,NaN,NaN,NaN,NaN,NaN,NaN
1566954000,9.6,9.6,9.6,9.6,0,NaN,NaN,NaN,NaN,NaN,NaN,NaN
1567040400,9.6,9.6,9.6,9.6,0,NaN,NaN,NaN,NaN,NaN,NaN,NaN
1567126800,9.6,9.6,9.6,9.6,0,NaN,NaN,NaN,NaN,NaN,NaN,NaN
1567472400,9.6,9.6,9.6,9.6,0,NaN,NaN,NaN,NaN,NaN,NaN,NaN
1567558800,9.6,9.6,9.6,9.6,0,NaN,NaN,NaN,NaN,NaN,NaN,NaN
1567645200,9.6,9.6,9.6,9.6,0,NaN,NaN,NaN,NaN,NaN,NaN,NaN
1567731600,9.6,9.6,9.6,9.6,0,NaN,NaN,NaN,NaN,NaN,NaN,NaN
1568077200,9.6,9.6,9.6,9.6,0,NaN,NaN,NaN,NaN,NaN,NaN,NaN
1568163600,9.6,9.6,9.6,9.6,0,NaN,NaN,NaN,NaN,NaN,NaN,NaN
1568250000,9.6,9.6,9.6,9.6,0,NaN,NaN,NaN,NaN,NaN,NaN,NaN
1568336400,9.6,9.6,9.6,9.6,0,NaN,NaN,NaN,NaN,NaN,NaN,NaN
1568682000,9.6,9.6,9.6,9.6,0,NaN,NaN,NaN,NaN,NaN,NaN,NaN
1568768400,9.6,9.6,9.6,9.6,0,NaN,NaN,NaN,NaN,NaN,NaN,NaN
1568854800,9.6,9.6,9.6,9.6,0,NaN,NaN,NaN,NaN,NaN,NaN,NaN
1568941200,9.6,9.6,9.6,9.6,0,NaN,NaN,NaN,NaN,NaN,NaN,NaN
1569200400,9.6,9.6,9.6,9.6,0,NaN,NaN,NaN,NaN,NaN,NaN,NaN
1569286800,9.6,9.6,9.6,9.6,0,NaN,NaN,NaN,NaN,NaN,NaN,NaN
1569373200,9.6,9.6,9.6,9.6,0,NaN,NaN,NaN,NaN,NaN,NaN,NaN
1569459600,9.6,9.6,9.6,9.6,0,NaN,NaN,NaN,NaN,NaN,NaN,NaN
1569546000,9.6,9.6,9.6,9.6,0,NaN,NaN,NaN,NaN,NaN,NaN,NaN
1569805200,9.6,9.6,9.6,9.6,0,241283968,4080410000,3260614000,24524000,100373000,819796000,2.15686274509804
1569891600,9.6,9.6,9.6,9.6,0,NaN,NaN,NaN,NaN,NaN,NaN,NaN
1569978000,9.6,9.6,9.6,9.6,0,NaN,NaN,NaN,NaN,NaN,NaN,NaN
1570064400,9.6,9.6,9.6,9.6,0,NaN,NaN,NaN,NaN,NaN,NaN,NaN
1570150800,9.6,9.6,9.6,9.6,0,NaN,NaN,NaN,NaN,NaN,NaN,NaN
1570410000,9.6,9.6,9.6,9.6,0,NaN,NaN,NaN,NaN,NaN,NaN,NaN
1570496400,9.6,9.6,9.6,9.6,0,NaN,NaN,NaN,NaN,NaN,NaN,NaN
1570582800,9.6,9.6,9.6,9.6,0,NaN,NaN,NaN,NaN,NaN,NaN,NaN
1570669200,9.6,9.6,9.6,9.6,0,NaN,NaN,NaN,NaN,NaN,NaN,NaN
1570755600,9.6,9.6,9.6,9.6,0,NaN,NaN,NaN,NaN,NaN,NaN,NaN
1571014800,9.6,9.6,9.6,9.6,0,NaN,NaN,NaN,NaN,NaN,NaN,NaN
1571101200,9.6,9.6,9.6,9.6,0,NaN,NaN,NaN,NaN,NaN,NaN,NaN
1571187600,9.6,9.6,9.6,9.6,0,NaN,NaN,NaN,NaN,NaN,NaN,NaN
1571274000,9.6,9.6,9.6,9.6,0,NaN,NaN,NaN,NaN,NaN,NaN,NaN
1571360400,9.6,9.6,9.6,9.6,0,NaN,NaN,NaN,NaN,NaN,NaN,NaN
1571619600,9.6,9.6,9.6,9.6,0,NaN,NaN,NaN,NaN,NaN,NaN,NaN
1571706000,9.6,9.6,9.6,9.6,0,NaN,NaN,NaN,NaN,NaN,NaN,NaN
1571792400,9.6,9.6,9.6,9.6,0,NaN,NaN,NaN,NaN,NaN,NaN,NaN
1571878800,9.6,9.6,9.6,9.6,0,NaN,NaN,NaN,NaN,NaN,NaN,NaN
1571965200,9.6,9.6,9.6,9.6,0,NaN,NaN,NaN,NaN,NaN,NaN,NaN
1572310800,9.6,9.6,9.6,9.6,0,NaN,NaN,NaN,NaN,NaN,NaN,NaN
1572397200,9.6,9.6,9.6,9.6,0,NaN,NaN,NaN,NaN,NaN,NaN,NaN
1572483600,9.6,9.6,9.6,9.6,0,NaN,NaN,NaN,NaN,NaN,NaN,NaN
1572570000,9.6,9.6,9.6,9.6,0,NaN,NaN,NaN,NaN,NaN,NaN,NaN
1572829200,9.6,9.6,9.6,9.6,0,NaN,NaN,NaN,NaN,NaN,NaN,NaN
1572915600,9.38,9.38,9.38,9.38,0,NaN,NaN,NaN,NaN,NaN,NaN,NaN
1573002000,9.38,9.38,9.38,9.38,0,NaN,NaN,NaN,NaN,NaN,NaN,NaN
1573088400,9.38,9.38,9.38,9.38,0,NaN,NaN,NaN,NaN,NaN,NaN,NaN
1573174800,9.38,9.38,9.38,9.38,0,NaN,NaN,NaN,NaN,NaN,NaN,NaN
1573434000,9.38,9.38,9.38,9.38,0,NaN,NaN,NaN,NaN,NaN,NaN,NaN
1573520400,9.38,9.38,9.38,9.38,0,NaN,NaN,NaN,NaN,NaN,NaN,NaN
1573606800,9.38,9.38,9.38,9.38,0,NaN,NaN,NaN,NaN,NaN,NaN,NaN
1573693200,9.38,9.38,9.38,9.38,0,NaN,NaN,NaN,NaN,NaN,NaN,NaN
1573779600,9.38,9.38,9.38,9.38,0,NaN,NaN,NaN,NaN,NaN,NaN,NaN
1574038800,9.38,9.38,9.38,9.38,0,NaN,NaN,NaN,NaN,NaN,NaN,NaN
1574125200,9.38,9.38,9.38,9.38,0,NaN,NaN,NaN,NaN,NaN,NaN,NaN
1574211600,9.38,9.38,9.38,9.38,0,NaN,NaN,NaN,NaN,NaN,NaN,NaN
1574298000,9.38,9.38,9.38,9.38,0,NaN,NaN,NaN,NaN,NaN,NaN,NaN
1574384400,9.38,9.38,9.38,9.38,0,NaN,NaN,NaN,NaN,NaN,NaN,NaN
1574643600,9.38,9.38,9.38,9.38,0,NaN,NaN,NaN,NaN,NaN,NaN,NaN
1574730000,9.38,9.38,9.38,9.38,0,NaN,NaN,NaN,NaN,NaN,NaN,NaN
1574816400,9.38,9.38,9.38,9.38,0,NaN,NaN,NaN,NaN,NaN,NaN,NaN
1574902800,9.38,9.38,9.38,9.38,0,NaN,NaN,NaN,NaN,NaN,NaN,NaN
1574989200,9.38,9.38,9.38,9.38,0,NaN,NaN,NaN,NaN,NaN,NaN,NaN
1575248400,9.38,9.38,9.38,9.38,0,NaN,NaN,NaN,NaN,NaN,NaN,NaN
1575334800,9.38,9.38,9.38,9.38,0,NaN,NaN,NaN,NaN,NaN,NaN,NaN
1575421200,9.38,9.38,9.38,9.38,0,NaN,NaN,NaN,NaN,NaN,NaN,NaN
1575507600,9.38,9.38,9.38,9.38,0,NaN,NaN,NaN,NaN,NaN,NaN,NaN
1575594000,9.38,9.38,9.38,9.38,0,NaN,NaN,NaN,NaN,NaN,NaN,NaN
1575853200,9.38,9.38,9.38,9.38,0,NaN,NaN,NaN,NaN,NaN,NaN,NaN
1575939600,9.38,9.38,9.38,9.38,0,NaN,NaN,NaN,NaN,NaN,NaN,NaN
1576026000,9.38,9.38,9.38,9.38,0,NaN,NaN,NaN,NaN,NaN,NaN,NaN
1576112400,9.38,9.38,9.38,9.38,0,NaN,NaN,NaN,NaN,NaN,NaN,NaN
1576198800,9.38,9.38,9.38,9.38,0,NaN,NaN,NaN,NaN,NaN,NaN,NaN
1576458000,9.38,9.38,9.38,9.38,0,NaN,NaN,NaN,NaN,NaN,NaN,NaN
1576544400,9.38,9.38,9.38,9.38,0,NaN,NaN,NaN,NaN,NaN,NaN,NaN
1576630800,9.38,9.38,9.38,9.38,0,NaN,NaN,NaN,NaN,NaN,NaN,NaN
1576803600,9.38,9.38,9.38,9.38,0,NaN,NaN,NaN,NaN,NaN,NaN,NaN
1577062800,9.38,9.38,9.38,9.38,0,NaN,NaN,NaN,NaN,NaN,NaN,NaN
1577149200,9.38,9.38,9.38,9.38,0,NaN,NaN,NaN,NaN,NaN,NaN,NaN
1577322000,9.38,9.38,9.38,9.38,0,NaN,NaN,NaN,NaN,NaN,NaN,NaN
1577408400,9.38,9.38,9.38,9.38,0,NaN,NaN,NaN,NaN,NaN,NaN,NaN
1577667600,9.38,9.38,9.38,9.38,0,NaN,NaN,NaN,NaN,NaN,NaN,NaN
1577754000,9.38,9.38,9.38,9.38,0,241283968,4153941000,3365647000,23037000,86140000,788294000,2.15686274509804
1577926800,9.38,9.38,9.38,9.38,0,NaN,NaN,NaN,NaN,NaN,NaN,NaN
1578013200,9.38,9.38,9.38,9.38,0,NaN,NaN,NaN,NaN,NaN,NaN,NaN
1578272400,9.38,9.38,9.38,9.38,0,NaN,NaN,NaN,NaN,NaN,NaN,NaN
1578358800,9.38,9.38,9.38,9.38,0,NaN,NaN,NaN,NaN,NaN,NaN,NaN
1578445200,9.38,9.38,9.38,9.38,0,NaN,NaN,NaN,NaN,NaN,NaN,NaN
1578531600,9.38,9.38,9.38,9.38,0,NaN,NaN,NaN,NaN,NaN,NaN,NaN
1578618000,9.38,9.38,9.38,9.38,0,NaN,NaN,NaN,NaN,NaN,NaN,NaN
1578877200,9.38,9.38,9.38,9.38,0,NaN,NaN,NaN,NaN,NaN,NaN,NaN
1578963600,9.38,9.38,9.38,9.38,0,NaN,NaN,NaN,NaN,NaN,NaN,NaN
1579050000,9.38,9.38,9.38,9.38,0,NaN,NaN,NaN,NaN,NaN,NaN,NaN
1579136400,9.38,9.38,9.38,9.38,0,NaN,NaN,NaN,NaN,NaN,NaN,NaN
1579222800,9.38,9.38,9.38,9.38,0,NaN,NaN,NaN,NaN,NaN,NaN,NaN
1579482000,9.38,9.38,9.38,9.38,0,NaN,NaN,NaN,NaN,NaN,NaN,NaN
1579568400,9.38,9.38,9.38,9.38,0,NaN,NaN,NaN,NaN,NaN,NaN,NaN
1579654800,9.38,9.38,9.38,9.38,0,NaN,NaN,NaN,NaN,NaN,NaN,NaN
1579741200,9.38,9.38,9.38,9.38,0,NaN,NaN,NaN,NaN,NaN,NaN,NaN
1579827600,9.38,9.38,9.38,9.38,0,NaN,NaN,NaN,NaN,NaN,NaN,NaN
1580173200,9.38,9.38,9.38,9.38,0,NaN,NaN,NaN,NaN,NaN,NaN,NaN
1580259600,9.38,9.38,9.38,9.38,0,NaN,NaN,NaN,NaN,NaN,NaN,NaN
1580346000,9.38,9.38,9.38,9.38,0,NaN,NaN,NaN,NaN,NaN,NaN,NaN
1580432400,9.38,9.38,9.38,9.38,0,NaN,NaN,NaN,NaN,NaN,NaN,NaN
1580691600,9.38,9.38,9.38,9.38,0,NaN,NaN,NaN,NaN,NaN,NaN,NaN
1580778000,9.38,9.38,9.38,9.38,0,NaN,NaN,NaN,NaN,NaN,NaN,NaN
1580864400,9.38,9.38,9.38,9.38,0,NaN,NaN,NaN,NaN,NaN,NaN,NaN
1580950800,9.38,9.38,9.38,9.38,0,NaN,NaN,NaN,NaN,NaN,NaN,NaN
1581037200,9.38,9.38,9.38,9.38,0,NaN,NaN,NaN,NaN,NaN,NaN,NaN
1581296400,9.38,9.38,9.38,9.38,0,NaN,NaN,NaN,NaN,NaN,NaN,NaN
1581382800,9.38,9.38,9.38,9.38,0,NaN,NaN,NaN,NaN,NaN,NaN,NaN
1581469200,9.38,9.38,9.38,9.38,0,NaN,NaN,NaN,NaN,NaN,NaN,NaN
1581555600,9.38,9.38,9.38,9.38,0,NaN,NaN,NaN,NaN,NaN,NaN,NaN
1581642000,9.38,9.38,9.38,9.38,0,NaN,NaN,NaN,NaN,NaN,NaN,NaN
1581901200,9.38,9.38,9.38,9.38,0,NaN,NaN,NaN,NaN,NaN,NaN,NaN
1581987600,9.38,9.38,9.38,9.38,0,NaN,NaN,NaN,NaN,NaN,NaN,NaN
1582074000,9.38,9.38,9.38,9.38,0,NaN,NaN,NaN,NaN,NaN,NaN,NaN
1582160400,9.38,9.38,9.38,9.38,0,NaN,NaN,NaN,NaN,NaN,NaN,NaN
1582246800,9.38,9.38,9.38,9.38,0,NaN,NaN,NaN,NaN,NaN,NaN,NaN
1582506000,9.38,9.38,9.38,9.38,0,NaN,NaN,NaN,NaN,NaN,NaN,NaN
1582592400,9.38,9.38,9.38,9.38,0,NaN,NaN,NaN,NaN,NaN,NaN,NaN
1582678800,9.38,9.38,9.38,9.38,0,NaN,NaN,NaN,NaN,NaN,NaN,NaN
1582765200,9.38,9.38,9.38,9.38,0,NaN,NaN,NaN,NaN,NaN,NaN,NaN
1582851600,9.38,9.38,9.38,9.38,0,NaN,NaN,NaN,NaN,NaN,NaN,NaN
1583110800,9.38,9.38,9.38,9.38,0,NaN,NaN,NaN,NaN,NaN,NaN,NaN
1583197200,9.38,9.38,9.38,9.38,0,NaN,NaN,NaN,NaN,NaN,NaN,NaN
1583283600,9.38,9.38,9.38,9.38,0,NaN,NaN,NaN,NaN,NaN,NaN,NaN
1583370000,9.38,9.38,9.38,9.38,0,NaN,NaN,NaN,NaN,NaN,NaN,NaN
1583456400,9.38,9.38,9.38,9.38,0,NaN,NaN,NaN,NaN,NaN,NaN,NaN
1583715600,9.38,9.38,9.38,9.38,0,NaN,NaN,NaN,NaN,NaN,NaN,NaN
1583802000,9.38,9.38,9.38,9.38,0,NaN,NaN,NaN,NaN,NaN,NaN,NaN
1583888400,9.38,9.38,9.38,9.38,0,NaN,NaN,NaN,NaN,NaN,NaN,NaN
1583974800,9.38,9.38,9.38,9.38,0,NaN,NaN,NaN,NaN,NaN,NaN,NaN
1584061200,9.38,9.38,9.38,9.38,0,NaN,NaN,NaN,NaN,NaN,NaN,NaN
1584320400,9.38,9.38,9.38,9.38,0,NaN,NaN,NaN,NaN,NaN,NaN,NaN
1584406800,9.38,9.38,9.38,9.38,0,NaN,NaN,NaN,NaN,NaN,NaN,NaN
1584493200,9.38,9.38,9.38,9.38,0,NaN,NaN,NaN,NaN,NaN,NaN,NaN
1584579600,9.38,9.38,9.38,9.38,0,NaN,NaN,NaN,NaN,NaN,NaN,NaN
1584666000,9.38,9.38,9.38,9.38,0,NaN,NaN,NaN,NaN,NaN,NaN,NaN
1584925200,9.38,9.38,9.38,9.38,0,NaN,NaN,NaN,NaN,NaN,NaN,NaN
1585011600,9.38,9.38,9.38,9.38,0,NaN,NaN,NaN,NaN,NaN,NaN,NaN
1585098000,9.38,9.38,9.38,9.38,0,NaN,NaN,NaN,NaN,NaN,NaN,NaN
1585184400,9.38,9.38,9.38,9.38,0,NaN,NaN,NaN,NaN,NaN,NaN,NaN
1585270800,9.38,9.38,9.38,9.38,0,NaN,NaN,NaN,NaN,NaN,NaN,NaN
1585530000,9.38,9.38,9.38,9.38,0,NaN,NaN,NaN,NaN,NaN,NaN,NaN
1585616400,9.38,9.38,9.38,9.38,0,241283968,4733374000,3938577000,10564000,99653000,794797000,2.15686274509804
1585702800,9.38,9.38,9.38,9.38,0,NaN,NaN,NaN,NaN,NaN,NaN,NaN
1585789200,9.38,9.38,9.38,9.38,0,NaN,NaN,NaN,NaN,NaN,NaN,NaN
1585875600,9.38,9.38,9.38,9.38,0,NaN,NaN,NaN,NaN,NaN,NaN,NaN
1586134800,9.38,9.38,9.38,9.38,0,NaN,NaN,NaN,NaN,NaN,NaN,NaN
1586221200,9.38,9.38,9.38,9.38,0,NaN,NaN,NaN,NaN,NaN,NaN,NaN
1586307600,9.38,9.38,9.38,9.38,0,NaN,NaN,NaN,NaN,NaN,NaN,NaN
1586394000,9.38,9.38,9.38,9.38,0,NaN,NaN,NaN,NaN,NaN,NaN,NaN
1586480400,9.38,9.38,9.38,9.38,0,NaN,NaN,NaN,NaN,NaN,NaN,NaN
1586739600,9.38,9.38,9.38,9.38,0,NaN,NaN,NaN,NaN,NaN,NaN,NaN
1586826000,9.38,9.38,9.38,9.38,0,NaN,NaN,NaN,NaN,NaN,NaN,NaN
1586912400,9.38,9.38,9.38,9.38,0,NaN,NaN,NaN,NaN,NaN,NaN,NaN
1586998800,9.38,9.38,9.38,9.38,0,NaN,NaN,NaN,NaN,NaN,NaN,NaN
1587085200,9.38,9.38,9.38,9.38,0,NaN,NaN,NaN,NaN,NaN,NaN,NaN
1587344400,9.38,9.38,9.38,9.38,0,NaN,NaN,NaN,NaN,NaN,NaN,NaN
1587430800,9.38,9.38,9.38,9.38,0,NaN,NaN,NaN,NaN,NaN,NaN,NaN
1587517200,9.38,9.38,9.38,9.38,0,NaN,NaN,NaN,NaN,NaN,NaN,NaN
1587603600,9.38,9.38,9.38,9.38,0,NaN,NaN,NaN,NaN,NaN,NaN,NaN
1587690000,9.38,9.38,9.38,9.38,0,NaN,NaN,NaN,NaN,NaN,NaN,NaN
1587949200,9.38,9.38,9.38,9.38,0,NaN,NaN,NaN,NaN,NaN,NaN,NaN
1588035600,9.38,9.38,9.38,9.38,0,NaN,NaN,NaN,NaN,NaN,NaN,NaN
1588122000,9.38,9.38,9.38,9.38,0,NaN,NaN,NaN,NaN,NaN,NaN,NaN
1588208400,9.38,9.38,9.38,9.38,0,NaN,NaN,NaN,NaN,NaN,NaN,NaN
1588554000,9.38,9.38,9.38,9.38,0,NaN,NaN,NaN,NaN,NaN,NaN,NaN
1588640400,9.38,9.38,9.38,9.38,0,NaN,NaN,NaN,NaN,NaN,NaN,NaN
1588726800,9.38,9.38,9.38,9.38,0,NaN,NaN,NaN,NaN,NaN,NaN,NaN
1588899600,9.38,9.38,9.38,9.38,0,NaN,NaN,NaN,NaN,NaN,NaN,NaN
1589245200,9.38,9.38,9.38,9.38,0,NaN,NaN,NaN,NaN,NaN,NaN,NaN
1589331600,9.38,9.38,9.38,9.38,0,NaN,NaN,NaN,NaN,NaN,NaN,NaN
1589418000,9.38,9.38,9.38,9.38,0,NaN,NaN,NaN,NaN,NaN,NaN,NaN
1589504400,9.38,9.38,9.38,9.38,0,NaN,NaN,NaN,NaN,NaN,NaN,NaN
1589763600,9.38,9.38,9.38,9.38,0,NaN,NaN,NaN,NaN,NaN,NaN,NaN
1589850000,9.38,9.38,9.38,9.38,0,NaN,NaN,NaN,NaN,NaN,NaN,NaN
1589936400,9.38,9.38,9.38,9.38,0,NaN,NaN,NaN,NaN,NaN,NaN,NaN
1590022800,9.38,9.38,9.38,9.38,0,NaN,NaN,NaN,NaN,NaN,NaN,NaN
1590109200,9.38,9.38,9.38,9.38,0,NaN,NaN,NaN,NaN,NaN,NaN,NaN
1590541200,9.38,9.38,9.38,9.38,0,NaN,NaN,NaN,NaN,NaN,NaN,NaN
1590627600,9.38,9.38,9.38,9.38,0,NaN,NaN,NaN,NaN,NaN,NaN,NaN
1590714000,9.38,9.38,9.38,9.38,0,NaN,NaN,NaN,NaN,NaN,NaN,NaN
1590973200,9.38,9.38,9.38,9.38,0,NaN,NaN,NaN,NaN,NaN,NaN,NaN
1591059600,9.38,9.38,9.38,9.38,0,NaN,NaN,NaN,NaN,NaN,NaN,NaN
1591146000,9.38,9.38,9.38,9.38,0,NaN,NaN,NaN,NaN,NaN,NaN,NaN
1591232400,9.38,9.38,9.38,9.38,0,NaN,NaN,NaN,NaN,NaN,NaN,NaN
1591318800,9.38,9.38,9.38,9.38,0,NaN,NaN,NaN,NaN,NaN,NaN,NaN
1591664400,9.38,9.38,9.38,9.38,0,NaN,NaN,NaN,NaN,NaN,NaN,NaN
1591750800,9.38,9.38,9.38,9.38,0,NaN,NaN,NaN,NaN,NaN,NaN,NaN
1591837200,9.38,9.38,9.38,9.38,0,NaN,NaN,NaN,NaN,NaN,NaN,NaN
1591923600,9.38,9.38,9.38,9.38,0,NaN,NaN,NaN,NaN,NaN,NaN,NaN
1592182800,9.38,9.38,9.38,9.38,0,NaN,NaN,NaN,NaN,NaN,NaN,NaN
1592269200,9.38,9.38,9.38,9.38,0,NaN,NaN,NaN,NaN,NaN,NaN,NaN
1592355600,9.38,9.38,9.38,9.38,0,NaN,NaN,NaN,NaN,NaN,NaN,NaN
1592442000,9.38,9.38,9.38,9.38,0,NaN,NaN,NaN,NaN,NaN,NaN,NaN
1592528400,9.38,9.38,9.38,9.38,0,NaN,NaN,NaN,NaN,NaN,NaN,NaN
1592787600,9.38,9.38,9.38,9.38,0,NaN,NaN,NaN,NaN,NaN,NaN,NaN
1592874000,9.38,9.38,9.38,9.38,0,NaN,NaN,NaN,NaN,NaN,NaN,NaN
1592960400,9.38,9.38,9.38,9.38,0,NaN,NaN,NaN,NaN,NaN,NaN,NaN
1593046800,9.38,9.38,9.38,9.38,0,NaN,NaN,NaN,NaN,NaN,NaN,NaN
1593133200,9.38,9.38,9.38,9.38,0,NaN,NaN,NaN,NaN,NaN,NaN,NaN
1593392400,9.38,9.38,9.38,9.38,0,NaN,NaN,NaN,NaN,NaN,NaN,NaN
1593478800,9.38,9.38,9.38,9.38,0,241283668,4288377999.9999995,3448068000,39040000,72259000,840310000,2.25490196078431
1593565200,9.38,9.38,9.38,9.38,0,NaN,NaN,NaN,NaN,NaN,NaN,NaN
1593651600,9.38,9.38,9.38,9.38,0,NaN,NaN,NaN,NaN,NaN,NaN,NaN
1593738000,9.38,9.38,9.38,9.38,0,NaN,NaN,NaN,NaN,NaN,NaN,NaN
1593997200,9.38,9.38,9.38,9.38,0,NaN,NaN,NaN,NaN,NaN,NaN,NaN
1594083600,9.38,9.38,9.38,9.38,0,NaN,NaN,NaN,NaN,NaN,NaN,NaN
1594170000,9.38,9.38,9.38,9.38,0,NaN,NaN,NaN,NaN,NaN,NaN,NaN
1594256400,9.38,9.38,9.38,9.38,0,NaN,NaN,NaN,NaN,NaN,NaN,NaN
1594342800,9.38,9.38,9.38,9.38,0,NaN,NaN,NaN,NaN,NaN,NaN,NaN
1594602000,9.38,9.38,9.38,9.38,0,NaN,NaN,NaN,NaN,NaN,NaN,NaN
1594688400,9.38,9.38,9.38,9.38,0,NaN,NaN,NaN,NaN,NaN,NaN,NaN
1594774800,9.38,9.38,9.38,9.38,0,NaN,NaN,NaN,NaN,NaN,NaN,NaN
1594947600,9.38,9.38,9.38,9.38,0,NaN,NaN,NaN,NaN,NaN,NaN,NaN
1595206800,9.38,9.38,9.38,9.38,0,NaN,NaN,NaN,NaN,NaN,NaN,NaN
1595293200,9.38,9.38,9.38,9.38,0,NaN,NaN,NaN,NaN,NaN,NaN,NaN
1595379600,9.38,9.38,9.38,9.38,0,NaN,NaN,NaN,NaN,NaN,NaN,NaN
1595466000,9.38,9.38,9.38,9.38,0,NaN,NaN,NaN,NaN,NaN,NaN,NaN
1595552400,9.38,9.38,9.38,9.38,0,NaN,NaN,NaN,NaN,NaN,NaN,NaN
1595811600,9.38,9.38,9.38,9.38,0,NaN,NaN,NaN,NaN,NaN,NaN,NaN
1595898000,9.38,9.38,9.38,9.38,0,NaN,NaN,NaN,NaN,NaN,NaN,NaN
1595984400,9.38,9.38,9.38,9.38,0,NaN,NaN,NaN,NaN,NaN,NaN,NaN
1596070800,9.38,9.38,9.38,9.38,0,NaN,NaN,NaN,NaN,NaN,NaN,NaN
1596416400,9.38,9.38,9.38,9.38,0,NaN,NaN,NaN,NaN,NaN,NaN,NaN
1596502800,9.38,9.38,9.38,9.38,0,NaN,NaN,NaN,NaN,NaN,NaN,NaN
1596589200,9.38,9.38,9.38,9.38,0,NaN,NaN,NaN,NaN,NaN,NaN,NaN
1596675600,9.38,9.38,9.38,9.38,0,NaN,NaN,NaN,NaN,NaN,NaN,NaN
1596762000,9.38,9.38,9.38,9.38,0,NaN,NaN,NaN,NaN,NaN,NaN,NaN
1597021200,9.38,9.38,9.38,9.38,0,NaN,NaN,NaN,NaN,NaN,NaN,NaN
1597107600,9.38,9.38,9.38,9.38,0,NaN,NaN,NaN,NaN,NaN,NaN,NaN
1597194000,9.38,9.38,9.38,9.38,0,NaN,NaN,NaN,NaN,NaN,NaN,NaN
1597280400,9.38,9.38,9.38,9.38,0,NaN,NaN,NaN,NaN,NaN,NaN,NaN
1597366800,9.38,9.38,9.38,9.38,0,NaN,NaN,NaN,NaN,NaN,NaN,NaN
1597626000,9.38,9.38,9.38,9.38,0,NaN,NaN,NaN,NaN,NaN,NaN,NaN
1597712400,9.38,9.38,9.38,9.38,0,NaN,NaN,NaN,NaN,NaN,NaN,NaN
1597798800,9.38,9.38,9.38,9.38,0,NaN,NaN,NaN,NaN,NaN,NaN,NaN
1597971600,9.38,9.38,9.38,9.38,0,NaN,NaN,NaN,NaN,NaN,NaN,NaN
1598230800,9.38,9.38,9.38,9.38,0,NaN,NaN,NaN,NaN,NaN,NaN,NaN
1598317200,9.38,9.38,9.38,9.38,0,NaN,NaN,NaN,NaN,NaN,NaN,NaN
1598403600,9.38,9.38,9.38,9.38,0,NaN,NaN,NaN,NaN,NaN,NaN,NaN
1598490000,9.38,9.38,9.38,9.38,0,NaN,NaN,NaN,NaN,NaN,NaN,NaN
1598576400,9.38,9.38,9.38,9.38,0,NaN,NaN,NaN,NaN,NaN,NaN,NaN
1598922000,9.38,9.38,9.38,9.38,0,NaN,NaN,NaN,NaN,NaN,NaN,NaN
1599008400,9.38,9.38,9.38,9.38,0,NaN,NaN,NaN,NaN,NaN,NaN,NaN
1599094800,9.38,9.38,9.38,9.38,0,NaN,NaN,NaN,NaN,NaN,NaN,NaN
1599181200,9.38,9.38,9.38,9.38,0,NaN,NaN,NaN,NaN,NaN,NaN,NaN
1599440400,9.38,9.38,9.38,9.38,0,NaN,NaN,NaN,NaN,NaN,NaN,NaN
1599526800,9.38,9.38,9.38,9.38,0,NaN,NaN,NaN,NaN,NaN,NaN,NaN
1599613200,9.38,9.38,9.38,9.38,0,NaN,NaN,NaN,NaN,NaN,NaN,NaN
1599699600,9.38,9.38,9.38,9.38,0,NaN,NaN,NaN,NaN,NaN,NaN,NaN
1599786000,9.38,9.38,9.38,9.38,0,NaN,NaN,NaN,NaN,NaN,NaN,NaN
1600045200,9.38,9.38,9.38,9.38,0,NaN,NaN,NaN,NaN,NaN,NaN,NaN
1600131600,9.38,9.38,9.38,9.38,0,NaN,NaN,NaN,NaN,NaN,NaN,NaN
1600304400,9.38,9.38,9.38,9.38,0,NaN,NaN,NaN,NaN,NaN,NaN,NaN
1600390800,9.38,9.38,9.38,9.38,0,NaN,NaN,NaN,NaN,NaN,NaN,NaN
1600650000,9.38,9.38,9.38,9.38,0,NaN,NaN,NaN,NaN,NaN,NaN,NaN
1600736400,9.38,9.38,9.38,9.38,0,NaN,NaN,NaN,NaN,NaN,NaN,NaN
1600822800,9.38,9.38,9.38,9.38,0,NaN,NaN,NaN,NaN,NaN,NaN,NaN
1600909200,9.38,9.38,9.38,9.38,0,NaN,NaN,NaN,NaN,NaN,NaN,NaN
1600995600,9.38,9.38,9.38,9.38,0,NaN,NaN,NaN,NaN,NaN,NaN,NaN
1601254800,9.38,9.38,9.38,9.38,0,NaN,NaN,NaN,NaN,NaN,NaN,NaN
1601341200,9.38,9.38,9.38,9.38,0,NaN,NaN,NaN,NaN,NaN,NaN,NaN
1601427600,9.38,9.38,9.38,9.38,0,241283668,5269708000,4380018000,54289000,108178000,889690000,2.25490196078431
1601514000,9.38,9.38,9.38,9.38,0,NaN,NaN,NaN,NaN,NaN,NaN,NaN
1601600400,9.38,9.38,9.38,9.38,0,NaN,NaN,NaN,NaN,NaN,NaN,NaN
1601859600,9.38,9.38,9.38,9.38,0,NaN,NaN,NaN,NaN,NaN,NaN,NaN
1601946000,9.38,9.38,9.38,9.38,0,NaN,NaN,NaN,NaN,NaN,NaN,NaN
1602032400,9.38,9.38,9.38,9.38,0,NaN,NaN,NaN,NaN,NaN,NaN,NaN
1602118800,9.38,9.38,9.38,9.38,0,NaN,NaN,NaN,NaN,NaN,NaN,NaN
1602205200,9.38,9.38,9.38,9.38,0,NaN,NaN,NaN,NaN,NaN,NaN,NaN
1602464400,9.38,9.38,9.38,9.38,0,NaN,NaN,NaN,NaN,NaN,NaN,NaN
1602550800,9.38,9.38,9.38,9.38,0,NaN,NaN,NaN,NaN,NaN,NaN,NaN
1602637200,9.38,9.38,9.38,9.38,0,NaN,NaN,NaN,NaN,NaN,NaN,NaN
1602723600,9.38,9.38,9.38,9.38,0,NaN,NaN,NaN,NaN,NaN,NaN,NaN
1602810000,9.38,9.38,9.38,9.38,0,NaN,NaN,NaN,NaN,NaN,NaN,NaN
1603069200,9.38,9.38,9.38,9.38,0,NaN,NaN,NaN,NaN,NaN,NaN,NaN
1603155600,9.38,9.38,9.38,9.38,0,NaN,NaN,NaN,NaN,NaN,NaN,NaN
1603242000,9.38,9.38,9.38,9.38,0,NaN,NaN,NaN,NaN,NaN,NaN,NaN
1603328400,9.38,9.38,9.38,9.38,0,NaN,NaN,NaN,NaN,NaN,NaN,NaN
1603414800,9.38,9.38,9.38,9.38,0,NaN,NaN,NaN,NaN,NaN,NaN,NaN
1603674000,9.38,9.38,9.38,9.38,0,NaN,NaN,NaN,NaN,NaN,NaN,NaN
1603760400,9.38,9.38,9.38,9.38,0,NaN,NaN,NaN,NaN,NaN,NaN,NaN
1603846800,9.38,9.38,9.38,9.38,0,NaN,NaN,NaN,NaN,NaN,NaN,NaN
1604019600,9.38,9.38,9.38,9.38,0,NaN,NaN,NaN,NaN,NaN,NaN,NaN
1604278800,9.15,9.15,9.15,9.15,0,NaN,NaN,NaN,NaN,NaN,NaN,NaN
1604365200,9.15,9.15,9.15,9.15,0,NaN,NaN,NaN,NaN,NaN,NaN,NaN
1604451600,9.15,9.15,9.15,9.15,0,NaN,NaN,NaN,NaN,NaN,NaN,NaN
1604538000,9.15,9.15,9.15,9.15,0,NaN,NaN,NaN,NaN,NaN,NaN,NaN
1604624400,9.15,9.15,9.15,9.15,0,NaN,NaN,NaN,NaN,NaN,NaN,NaN
1604883600,9.15,9.15,9.15,9.15,0,NaN,NaN,NaN,NaN,NaN,NaN,NaN
1604970000,9.15,9.15,9.15,9.15,0,NaN,NaN,NaN,NaN,NaN,NaN,NaN
1605056400,9.15,9.15,9.15,9.15,0,NaN,NaN,NaN,NaN,NaN,NaN,NaN
1605142800,9.15,9.15,9.15,9.15,0,NaN,NaN,NaN,NaN,NaN,NaN,NaN
1605229200,8.88,8.88,6.41,7.1,17671400,NaN,NaN,NaN,NaN,NaN,NaN,NaN
1605488400,7.2,7.44,7.05,7.23,3074900,NaN,NaN,NaN,NaN,NaN,NaN,NaN
1605574800,7.25,7.25,6.93,6.98,1719200,NaN,NaN,NaN,NaN,NaN,NaN,NaN
1605661200,7,7,6.73,6.77,1345500,NaN,NaN,NaN,NaN,NaN,NaN,NaN
1605747600,6.75,6.75,6.44,6.55,2250100,NaN,NaN,NaN,NaN,NaN,NaN,NaN
1605834000,6.6,6.9,6.42,6.69,3010100,NaN,NaN,NaN,NaN,NaN,NaN,NaN
1606093200,6.75,6.78,6.46,6.47,1384400,NaN,NaN,NaN,NaN,NaN,NaN,NaN
1606179600,6.48,6.48,6.35,6.41,1576600,NaN,NaN,NaN,NaN,NaN,NaN,NaN
1606266000,6.42,6.47,6.38,6.47,940300,NaN,NaN,NaN,NaN,NaN,NaN,NaN
1606352400,6.45,6.47,6.39,6.39,710700,NaN,NaN,NaN,NaN,NaN,NaN,NaN
1606438800,6.43,6.81,6.38,6.66,2976000,NaN,NaN,NaN,NaN,NaN,NaN,NaN
1606698000,6.71,6.95,6.7,6.74,1973100,NaN,NaN,NaN,NaN,NaN,NaN,NaN
1606784400,6.76,6.79,6.6,6.66,1399100,NaN,NaN,NaN,NaN,NaN,NaN,NaN
1606870800,6.66,6.66,6.57,6.6,1236000,NaN,NaN,NaN,NaN,NaN,NaN,NaN
1606957200,6.61,6.75,6.57,6.67,1118300,NaN,NaN,NaN,NaN,NaN,NaN,NaN
1607043600,6.68,6.72,6.48,6.51,1999400,NaN,NaN,NaN,NaN,NaN,NaN,NaN
1607302800,6.51,6.59,6.45,6.57,602400,NaN,NaN,NaN,NaN,NaN,NaN,NaN
1607389200,6.55,6.61,6.55,6.59,696600,NaN,NaN,NaN,NaN,NaN,NaN,NaN
1607475600,6.63,6.63,6.55,6.62,1177600,NaN,NaN,NaN,NaN,NaN,NaN,NaN
1607562000,6.62,6.62,6.55,6.58,568500,NaN,NaN,NaN,NaN,NaN,NaN,NaN
1607648400,6.56,6.64,6.5,6.64,1232200,NaN,NaN,NaN,NaN,NaN,NaN,NaN
1607907600,6.63,6.65,6.5,6.56,811400,NaN,NaN,NaN,NaN,NaN,NaN,NaN
1607994000,6.56,6.56,6.44,6.46,670400,NaN,NaN,NaN,NaN,NaN,NaN,NaN
1608080400,6.48,6.48,6.38,6.44,1140500,NaN,NaN,NaN,NaN,NaN,NaN,NaN
1608166800,6.45,6.45,6.38,6.44,691000,NaN,NaN,NaN,NaN,NaN,NaN,NaN
1608253200,6.44,6.45,6.35,6.4,1067100,NaN,NaN,NaN,NaN,NaN,NaN,NaN
1608512400,6.39,6.55,6.34,6.38,1519200,NaN,NaN,NaN,NaN,NaN,NaN,NaN
1608598800,6.38,6.44,6.3,6.4,993500,NaN,NaN,NaN,NaN,NaN,NaN,NaN
1608685200,6.4,6.43,6.3,6.35,696200,NaN,NaN,NaN,NaN,NaN,NaN,NaN
1608771600,6.35,6.35,6.3,6.33,906000,NaN,NaN,NaN,NaN,NaN,NaN,NaN
1609117200,6.31,6.31,6.12,6.19,1192600,NaN,NaN,NaN,NaN,NaN,NaN,NaN
1609203600,6.19,6.19,6.02,6.13,722700,NaN,NaN,NaN,NaN,NaN,NaN,NaN
1609290000,6.1,6.2,6.05,6.2,453900,NaN,NaN,NaN,NaN,NaN,NaN,NaN
1609376400,6.19,6.19,6.02,6.19,866900,235785968,4929859000,4078753000,54263000,121459000,851106000,3.7156704361874
1609722000,6.17,6.17,6.02,6.14,404100,NaN,NaN,NaN,NaN,NaN,NaN,NaN
1609808400,6.06,6.1,6,6.1,840000,NaN,NaN,NaN,NaN,NaN,NaN,NaN
1609894800,6.1,6.1,5.88,5.88,721100,NaN,NaN,NaN,NaN,NaN,NaN,NaN
1609981200,5.88,6.03,5.71,5.97,1158500,NaN,NaN,NaN,NaN,NaN,NaN,NaN
1610067600,5.97,6,5.88,6,564100,NaN,NaN,NaN,NaN,NaN,NaN,NaN
1610326800,5.97,6.06,5.89,5.99,335500,NaN,NaN,NaN,NaN,NaN,NaN,NaN
1610413200,5.93,5.98,5.86,5.97,512300,NaN,NaN,NaN,NaN,NaN,NaN,NaN
1610499600,6,6.24,5.96,6.19,747400,NaN,NaN,NaN,NaN,NaN,NaN,NaN
1610586000,6.24,6.28,6.11,6.14,609700,NaN,NaN,NaN,NaN,NaN,NaN,NaN
1610672400,6.14,6.15,6.09,6.14,298800,NaN,NaN,NaN,NaN,NaN,NaN,NaN
1610931600,6.14,6.15,5.88,6.03,823500,NaN,NaN,NaN,NaN,NaN,NaN,NaN
1611018000,6,6.02,5.9,5.95,391000,NaN,NaN,NaN,NaN,NaN,NaN,NaN
1611104400,5.97,6.03,5.9,6.02,451800,NaN,NaN,NaN,NaN,NaN,NaN,NaN
1611190800,6.01,6.04,5.9,5.9,636600,NaN,NaN,NaN,NaN,NaN,NaN,NaN
1611277200,5.95,6,5.9,6,399600,NaN,NaN,NaN,NaN,NaN,NaN,NaN
1611536400,5.96,6,5.9,6,395900,NaN,NaN,NaN,NaN,NaN,NaN,NaN
1611622800,5.91,6,5.9,5.93,403600,NaN,NaN,NaN,NaN,NaN,NaN,NaN
1611709200,5.93,5.98,5.9,5.96,390500,NaN,NaN,NaN,NaN,NaN,NaN,NaN
1611882000,5.93,5.97,5.87,5.91,741400,NaN,NaN,NaN,NaN,NaN,NaN,NaN
1612227600,5.92,5.92,5.86,5.92,863500,NaN,NaN,NaN,NaN,NaN,NaN,NaN
1612314000,5.88,5.95,5.88,5.95,858600,NaN,NaN,NaN,NaN,NaN,NaN,NaN
1612400400,5.95,6,5.9,6,614900,NaN,NaN,NaN,NaN,NaN,NaN,NaN
1612486800,5.98,6.12,5.93,6.07,514600,NaN,NaN,NaN,NaN,NaN,NaN,NaN
1612746000,6.09,6.38,6.09,6.38,1265400,NaN,NaN,NaN,NaN,NaN,NaN,NaN
1612832400,6.41,6.51,6.31,6.4,1070800,NaN,NaN,NaN,NaN,NaN,NaN,NaN
1612918800,6.46,6.46,6.28,6.39,876400,NaN,NaN,NaN,NaN,NaN,NaN,NaN
1613005200,6.38,6.39,6.28,6.29,522800,NaN,NaN,NaN,NaN,NaN,NaN,NaN
1613350800,6.34,6.34,6.18,6.21,927500,NaN,NaN,NaN,NaN,NaN,NaN,NaN
1613437200,6.22,6.24,6.14,6.18,605500,NaN,NaN,NaN,NaN,NaN,NaN,NaN
1613523600,6.13,6.31,6.12,6.25,725700,NaN,NaN,NaN,NaN,NaN,NaN,NaN
1613610000,6.26,6.3,6.22,6.29,575400,NaN,NaN,NaN,NaN,NaN,NaN,NaN
1613696400,6.25,6.28,6.15,6.26,847000,NaN,NaN,NaN,NaN,NaN,NaN,NaN
1613955600,6.26,6.28,6.18,6.25,1048600,NaN,NaN,NaN,NaN,NaN,NaN,NaN
1614042000,6.23,6.25,6.16,6.19,871400,NaN,NaN,NaN,NaN,NaN,NaN,NaN
1614128400,6.19,6.2,6.09,6.17,996900,NaN,NaN,NaN,NaN,NaN,NaN,NaN
1614214800,6.17,6.37,6.17,6.34,917300,NaN,NaN,NaN,NaN,NaN,NaN,NaN
1614301200,6.25,6.4,6.2,6.27,1035800,NaN,NaN,NaN,NaN,NaN,NaN,NaN
1614560400,6.28,6.28,5.96,6.08,1230700,NaN,NaN,NaN,NaN,NaN,NaN,NaN
1614646800,6.08,6.16,6,6.14,975800,NaN,NaN,NaN,NaN,NaN,NaN,NaN
1614733200,6,6.05,5.9,5.98,1255000,NaN,NaN,NaN,NaN,NaN,NaN,NaN
1614819600,5.98,6.05,5.9,5.98,1624700,NaN,NaN,NaN,NaN,NaN,NaN,NaN
1614906000,5.98,6.02,5.85,5.9,1567600,NaN,NaN,NaN,NaN,NaN,NaN,NaN
1615165200,5.88,6.03,5.8,5.98,775500,NaN,NaN,NaN,NaN,NaN,NaN,NaN
1615251600,5.98,5.99,5.9,5.99,802700,NaN,NaN,NaN,NaN,NaN,NaN,NaN
1615338000,5.95,5.97,5.9,5.95,1038100,NaN,NaN,NaN,NaN,NaN,NaN,NaN
1615424400,5.95,5.96,5.91,5.96,801700,NaN,NaN,NaN,NaN,NaN,NaN,NaN
1615510800,5.95,5.97,5.83,5.94,1103700,NaN,NaN,NaN,NaN,NaN,NaN,NaN
1615770000,5.94,5.94,5.8,5.88,1223000,NaN,NaN,NaN,NaN,NaN,NaN,NaN
1615856400,5.88,5.9,5.8,5.82,1245500,NaN,NaN,NaN,NaN,NaN,NaN,NaN
1615942800,5.82,5.86,5.79,5.86,1230000,NaN,NaN,NaN,NaN,NaN,NaN,NaN
1616029200,5.86,5.91,5.8,5.9,1016800,NaN,NaN,NaN,NaN,NaN,NaN,NaN
1616115600,5.85,5.93,5.75,5.82,1192300,NaN,NaN,NaN,NaN,NaN,NaN,NaN
1616374800,5.83,5.86,5.75,5.8,1221600,NaN,NaN,NaN,NaN,NaN,NaN,NaN
1616461200,5.81,5.85,5.75,5.85,1159800,NaN,NaN,NaN,NaN,NaN,NaN,NaN
1616547600,5.84,5.9,5.75,5.85,1214000,NaN,NaN,NaN,NaN,NaN,NaN,NaN
1616634000,5.82,6.03,5.82,5.95,1439400,NaN,NaN,NaN,NaN,NaN,NaN,NaN
1616720400,5.94,6.08,5.87,6,1316500,NaN,NaN,NaN,NaN,NaN,NaN,NaN
1616979600,6,6,5.83,5.96,933100,NaN,NaN,NaN,NaN,NaN,NaN,NaN
1617066000,5.98,5.98,5.87,5.96,853400,NaN,NaN,NaN,NaN,NaN,NaN,NaN
1617152400,5.96,5.96,5.82,5.93,1301800,235785968,4385229000,3507046000,48235000,85236000,878183000,3.87858347386172
1617238800,5.93,5.96,5.86,5.96,873200,NaN,NaN,NaN,NaN,NaN,NaN,NaN
1617325200,5.94,6,5.91,5.96,904800,NaN,NaN,NaN,NaN,NaN,NaN,NaN
1617584400,5.95,5.98,5.75,5.83,1543400,NaN,NaN,NaN,NaN,NaN,NaN,NaN
1617670800,5.82,5.86,5.75,5.83,1119600,NaN,NaN,NaN,NaN,NaN,NaN,NaN
1617757200,5.83,5.89,5.75,5.83,1021200,NaN,NaN,NaN,NaN,NaN,NaN,NaN
1617843600,5.8,5.85,5.75,5.82,957900,NaN,NaN,NaN,NaN,NaN,NaN,NaN
1617930000,5.82,5.85,5.75,5.79,1416400,NaN,NaN,NaN,NaN,NaN,NaN,NaN
1618189200,5.79,5.81,5.75,5.78,951600,NaN,NaN,NaN,NaN,NaN,NaN,NaN
1618275600,5.78,5.79,5.71,5.76,870400,NaN,NaN,NaN,NaN,NaN,NaN,NaN
1618362000,5.76,5.77,5.71,5.75,1074100,NaN,NaN,NaN,NaN,NaN,NaN,NaN
1618448400,5.75,5.75,5.7,5.74,926000,NaN,NaN,NaN,NaN,NaN,NaN,NaN
1618534800,5.74,5.8,5.71,5.79,706600,NaN,NaN,NaN,NaN,NaN,NaN,NaN
1618794000,5.79,5.79,5.72,5.76,850800,NaN,NaN,NaN,NaN,NaN,NaN,NaN
1618880400,5.75,5.83,5.74,5.83,792900,NaN,NaN,NaN,NaN,NaN,NaN,NaN
1618966800,5.8,5.84,5.77,5.83,588600,NaN,NaN,NaN,NaN,NaN,NaN,NaN
1619053200,5.83,5.83,5.76,5.82,449800,NaN,NaN,NaN,NaN,NaN,NaN,NaN
1619139600,5.8,5.83,5.75,5.75,500500,NaN,NaN,NaN,NaN,NaN,NaN,NaN
1619398800,5.79,5.81,5.75,5.76,465500,NaN,NaN,NaN,NaN,NaN,NaN,NaN
1619485200,5.76,5.81,5.75,5.81,372100,NaN,NaN,NaN,NaN,NaN,NaN,NaN
1619571600,5.78,5.82,5.76,5.81,359100,NaN,NaN,NaN,NaN,NaN,NaN,NaN
1619744400,5.78,5.81,5.77,5.81,373800,NaN,NaN,NaN,NaN,NaN,NaN,NaN
1620003600,5.8,5.81,5.75,5.79,436900,NaN,NaN,NaN,NaN,NaN,NaN,NaN
1620090000,5.79,5.8,5.72,5.74,785200,NaN,NaN,NaN,NaN,NaN,NaN,NaN
1620176400,5.75,5.76,5.7,5.71,716500,NaN,NaN,NaN,NaN,NaN,NaN,NaN
1620262800,5.72,5.73,5.7,5.73,557600,NaN,NaN,NaN,NaN,NaN,NaN,NaN
1620349200,5.73,5.73,5.71,5.73,458900,NaN,NaN,NaN,NaN,NaN,NaN,NaN
1620608400,5.72,5.72,5.68,5.69,452900,NaN,NaN,NaN,NaN,NaN,NaN,NaN
1620694800,5.67,5.67,5.58,5.58,438200,NaN,NaN,NaN,NaN,NaN,NaN,NaN
1620781200,5.59,5.7,5.58,5.7,218700,NaN,NaN,NaN,NaN,NaN,NaN,NaN
1621213200,5.67,5.68,5.59,5.6,407400,NaN,NaN,NaN,NaN,NaN,NaN,NaN
1621299600,5.58,5.62,5.58,5.61,407100,NaN,NaN,NaN,NaN,NaN,NaN,NaN
1621386000,5.6,5.61,5.57,5.61,492100,NaN,NaN,NaN,NaN,NaN,NaN,NaN
1621472400,5.57,5.63,5.57,5.61,307700,NaN,NaN,NaN,NaN,NaN,NaN,NaN
1621558800,5.59,5.59,5.53,5.58,494700,NaN,NaN,NaN,NaN,NaN,NaN,NaN
1621818000,5.55,5.64,5.55,5.63,267300,NaN,NaN,NaN,NaN,NaN,NaN,NaN
1621904400,5.61,5.7,5.6,5.7,205000,NaN,NaN,NaN,NaN,NaN,NaN,NaN
1622077200,5.7,5.77,5.7,5.77,288100,NaN,NaN,NaN,NaN,NaN,NaN,NaN
1622163600,5.8,5.8,5.77,5.8,252900,NaN,NaN,NaN,NaN,NaN,NaN,NaN
1622422800,5.73,5.79,5.65,5.79,271600,NaN,NaN,NaN,NaN,NaN,NaN,NaN
1622509200,5.8,5.8,5.75,5.8,205300,NaN,NaN,NaN,NaN,NaN,NaN,NaN
1622595600,5.8,5.85,5.8,5.84,400900,NaN,NaN,NaN,NaN,NaN,NaN,NaN
1622682000,5.84,5.89,5.83,5.87,396700,NaN,NaN,NaN,NaN,NaN,NaN,NaN
1622768400,5.88,5.88,5.85,5.88,358800,NaN,NaN,NaN,NaN,NaN,NaN,NaN
1623114000,5.85,5.9,5.85,5.88,485300,NaN,NaN,NaN,NaN,NaN,NaN,NaN
1623200400,5.88,5.88,5.85,5.87,351800,NaN,NaN,NaN,NaN,NaN,NaN,NaN
1623286800,5.86,5.88,5.84,5.87,371400,NaN,NaN,NaN,NaN,NaN,NaN,NaN
1623373200,5.85,5.87,5.82,5.85,398200,NaN,NaN,NaN,NaN,NaN,NaN,NaN
1623632400,5.86,5.89,5.84,5.88,340800,NaN,NaN,NaN,NaN,NaN,NaN,NaN
1623718800,5.86,5.91,5.86,5.9,403800,NaN,NaN,NaN,NaN,NaN,NaN,NaN
1623805200,5.88,6.12,5.87,6.06,910900,NaN,NaN,NaN,NaN,NaN,NaN,NaN
1623891600,6.05,6.12,6.01,6.1,381000,NaN,NaN,NaN,NaN,NaN,NaN,NaN
1623978000,6.09,6.15,6.04,6.15,585100,NaN,NaN,NaN,NaN,NaN,NaN,NaN
1624237200,6.08,6.15,6.04,6.14,579700,NaN,NaN,NaN,NaN,NaN,NaN,NaN
1624323600,6.13,6.16,5.96,6.16,577500,NaN,NaN,NaN,NaN,NaN,NaN,NaN
1624410000,6.17,6.17,6.05,6.15,681000,NaN,NaN,NaN,NaN,NaN,NaN,NaN
1624496400,6.1,6.13,6.03,6.09,649200,NaN,NaN,NaN,NaN,NaN,NaN,NaN
1624582800,6.1,6.1,6.04,6.08,440000,NaN,NaN,NaN,NaN,NaN,NaN,NaN
1624842000,6.03,6.05,5.96,5.99,406700,NaN,NaN,NaN,NaN,NaN,NaN,NaN
1624928400,5.99,6.03,5.92,6.03,288400,NaN,NaN,NaN,NaN,NaN,NaN,NaN
1625014800,6.06,6.08,6.02,6.05,326300,235785668,4224596999.9999995,3267606000,25359000,78588000,956991000,4.29752066115702
1625101200,6,6.1,6,6.09,233000,NaN,NaN,NaN,NaN,NaN,NaN,NaN
1625187600,6.07,6.1,6,6.08,345400,NaN,NaN,NaN,NaN,NaN,NaN,NaN
1625446800,6,6.09,5.99,6.06,328800,NaN,NaN,NaN,NaN,NaN,NaN,NaN
1625533200,6.05,6.09,6.04,6.08,369200,NaN,NaN,NaN,NaN,NaN,NaN,NaN
1625619600,6.05,6.08,6.05,6.08,343000,NaN,NaN,NaN,NaN,NaN,NaN,NaN
1625706000,6.01,6.08,6,6.08,522300,NaN,NaN,NaN,NaN,NaN,NaN,NaN
1625792400,6.06,6.09,6.04,6.04,429400,NaN,NaN,NaN,NaN,NaN,NaN,NaN
1626051600,6.03,6.06,6.01,6.06,259500,NaN,NaN,NaN,NaN,NaN,NaN,NaN
1626138000,6.01,6.1,6.01,6.05,351200,NaN,NaN,NaN,NaN,NaN,NaN,NaN
1626224400,6.07,6.09,6.03,6.08,346100,NaN,NaN,NaN,NaN,NaN,NaN,NaN
1626310800,6.08,6.09,6.05,6.09,418400,NaN,NaN,NaN,NaN,NaN,NaN,NaN
1626397200,6.07,6.09,6.07,6.09,229800,NaN,NaN,NaN,NaN,NaN,NaN,NaN
1626656400,6.03,6.1,6.03,6.09,315800,NaN,NaN,NaN,NaN,NaN,NaN,NaN
1626829200,6.08,6.09,6.06,6.09,442500,NaN,NaN,NaN,NaN,NaN,NaN,NaN
1626915600,6.09,6.1,6.06,6.1,306000,NaN,NaN,NaN,NaN,NaN,NaN,NaN
1627002000,6.09,6.1,6.07,6.1,473800,NaN,NaN,NaN,NaN,NaN,NaN,NaN
1627261200,6.05,6.1,6.05,6.1,529400,NaN,NaN,NaN,NaN,NaN,NaN,NaN
1627347600,6.1,6.1,6.05,6.05,501300,NaN,NaN,NaN,NaN,NaN,NaN,NaN
1627434000,6.06,6.09,6.04,6.09,599000,NaN,NaN,NaN,NaN,NaN,NaN,NaN
1627520400,6.05,6.09,6.04,6.08,622400,NaN,NaN,NaN,NaN,NaN,NaN,NaN
1627606800,6.06,6.09,6.02,6.08,571400,NaN,NaN,NaN,NaN,NaN,NaN,NaN
1627866000,6.07,6.08,6.01,6.06,544600,NaN,NaN,NaN,NaN,NaN,NaN,NaN
1627952400,6.04,6.07,6.03,6.03,464800,NaN,NaN,NaN,NaN,NaN,NaN,NaN
1628038800,6.03,6.03,5.9,6.01,565100,NaN,NaN,NaN,NaN,NaN,NaN,NaN
1628125200,6.04,6.05,5.8,5.8,1036700,NaN,NaN,NaN,NaN,NaN,NaN,NaN
1628211600,5.85,5.87,5.7,5.84,821200,NaN,NaN,NaN,NaN,NaN,NaN,NaN
1628470800,5.85,6.05,5.85,6.05,567900,NaN,NaN,NaN,NaN,NaN,NaN,NaN
1628643600,6.05,6.05,6,6.05,908600,NaN,NaN,NaN,NaN,NaN,NaN,NaN
1628730000,6.01,6.05,6,6.05,657100,NaN,NaN,NaN,NaN,NaN,NaN,NaN
1628816400,6.03,6.05,5.9,6.04,609000,NaN,NaN,NaN,NaN,NaN,NaN,NaN
1629075600,6.02,6.04,5.9,6.04,888800,NaN,NaN,NaN,NaN,NaN,NaN,NaN
1629162000,6.04,6.05,5.9,6.03,827200,NaN,NaN,NaN,NaN,NaN,NaN,NaN
1629248400,6.02,6.04,5.9,6.04,1181700,NaN,NaN,NaN,NaN,NaN,NaN,NaN
1629334800,6.02,6.04,5.93,6.04,692400,NaN,NaN,NaN,NaN,NaN,NaN,NaN
1629421200,6.03,6.05,5.96,6.05,622800,NaN,NaN,NaN,NaN,NaN,NaN,NaN
1629680400,6.04,6.06,5.98,6.05,723100,NaN,NaN,NaN,NaN,NaN,NaN,NaN
1629766800,6.04,6.05,6.03,6.05,394600,NaN,NaN,NaN,NaN,NaN,NaN,NaN
1629853200,6.03,6.07,6.03,6.05,671200,NaN,NaN,NaN,NaN,NaN,NaN,NaN
1629939600,6.06,6.13,6.05,6.07,508500,NaN,NaN,NaN,NaN,NaN,NaN,NaN
1630026000,6.1,6.11,6.05,6.08,601400,NaN,NaN,NaN,NaN,NaN,NaN,NaN
1630285200,6.06,6.13,6.06,6.08,1054800,NaN,NaN,NaN,NaN,NaN,NaN,NaN
1630458000,6.1,6.25,6.1,6.24,806400,NaN,NaN,NaN,NaN,NaN,NaN,NaN
1630544400,6.25,6.35,6.23,6.34,763800,NaN,NaN,NaN,NaN,NaN,NaN,NaN
1630630800,6.35,6.5,6.32,6.5,1098100,NaN,NaN,NaN,NaN,NaN,NaN,NaN
1630890000,6.49,6.58,6.46,6.46,627000,NaN,NaN,NaN,NaN,NaN,NaN,NaN
1630976400,6.46,6.5,6.44,6.47,470300,NaN,NaN,NaN,NaN,NaN,NaN,NaN
1631062800,6.45,6.5,6.41,6.5,650800,NaN,NaN,NaN,NaN,NaN,NaN,NaN
1631149200,6.43,6.5,6.43,6.5,410700,NaN,NaN,NaN,NaN,NaN,NaN,NaN
1631235600,6.47,6.5,6.45,6.49,317800,NaN,NaN,NaN,NaN,NaN,NaN,NaN
1631494800,6.49,6.55,6.46,6.53,513100,NaN,NaN,NaN,NaN,NaN,NaN,NaN
1631581200,6.51,6.53,6.46,6.52,532000,NaN,NaN,NaN,NaN,NaN,NaN,NaN
1631667600,6.51,6.52,6.48,6.52,640400,NaN,NaN,NaN,NaN,NaN,NaN,NaN
1631840400,6.52,6.52,6.48,6.51,507100,NaN,NaN,NaN,NaN,NaN,NaN,NaN
1632099600,6.5,6.52,6.4,6.49,618900,NaN,NaN,NaN,NaN,NaN,NaN,NaN
1632186000,6.49,6.51,6.43,6.51,1039900,NaN,NaN,NaN,NaN,NaN,NaN,NaN
1632272400,6.5,6.5,6.43,6.5,466800,NaN,NaN,NaN,NaN,NaN,NaN,NaN
1632358800,6.5,6.56,6.45,6.55,756100,NaN,NaN,NaN,NaN,NaN,NaN,NaN
1632445200,6.56,6.56,6.52,6.56,515900,NaN,NaN,NaN,NaN,NaN,NaN,NaN
1632704400,6.56,6.6,6.53,6.57,712400,NaN,NaN,NaN,NaN,NaN,NaN,NaN
1632790800,6.57,6.59,6.5,6.59,1137600,NaN,NaN,NaN,NaN,NaN,NaN,NaN
1632877200,6.57,6.65,6.54,6.65,807300,NaN,NaN,NaN,NaN,NaN,NaN,NaN
1632963600,6.65,6.66,6.52,6.66,1411800,235785968,4427441000,3510270000,37903000,87096000,917171000,3.9039039039039
1633050000,6.66,6.7,6.6,6.7,1431900,NaN,NaN,NaN,NaN,NaN,NaN,NaN
1633309200,6.7,6.77,6.7,6.77,994400,NaN,NaN,NaN,NaN,NaN,NaN,NaN
1633395600,6.77,6.77,6.7,6.76,1230300,NaN,NaN,NaN,NaN,NaN,NaN,NaN
1633482000,6.76,6.77,6.7,6.74,1054900,NaN,NaN,NaN,NaN,NaN,NaN,NaN
1633568400,6.74,6.75,6.7,6.72,1105500,NaN,NaN,NaN,NaN,NaN,NaN,NaN
1633654800,6.72,6.8,6.7,6.79,1503800,NaN,NaN,NaN,NaN,NaN,NaN,NaN
1633914000,6.79,6.87,6.79,6.87,830500,NaN,NaN,NaN,NaN,NaN,NaN,NaN
1634000400,6.89,7.03,6.88,7.03,1031600,NaN,NaN,NaN,NaN,NaN,NaN,NaN
1634086800,7.03,7.29,7.01,7.29,1274500,NaN,NaN,NaN,NaN,NaN,NaN,NaN
1634173200,7.3,7.35,7.12,7.29,1237400,NaN,NaN,NaN,NaN,NaN,NaN,NaN
1634259600,7.28,7.49,7.21,7.49,1175400,NaN,NaN,NaN,NaN,NaN,NaN,NaN
1634518800,7.48,7.75,7.45,7.75,1558100,NaN,NaN,NaN,NaN,NaN,NaN,NaN
1634691600,7.77,7.85,7.67,7.85,1320400,NaN,NaN,NaN,NaN,NaN,NaN,NaN
1634778000,7.89,7.95,7.75,7.95,1417800,NaN,NaN,NaN,NaN,NaN,NaN,NaN
1634864400,7.86,8.47,7.85,8.43,1640000,NaN,NaN,NaN,NaN,NaN,NaN,NaN
1635123600,8.5,8.79,8.47,8.79,1687700,NaN,NaN,NaN,NaN,NaN,NaN,NaN
1635210000,8.8,8.9,8.72,8.79,1738700,NaN,NaN,NaN,NaN,NaN,NaN,NaN
1635296400,8.770001,8.770001,8.4,8.66,2171100,NaN,NaN,NaN,NaN,NaN,NaN,NaN
1635382800,8.29,8.43,8.06,8.33,1907100,NaN,NaN,NaN,NaN,NaN,NaN,NaN
1635469200,8.16,8.22,8.05,8.14,1192000,NaN,NaN,NaN,NaN,NaN,NaN,NaN
1635728400,7.9,8.1,7.75,7.91,1658000,NaN,NaN,NaN,NaN,NaN,NaN,NaN
1635814800,7.91,7.97,7.82,7.87,1603500,NaN,NaN,NaN,NaN,NaN,NaN,NaN
1635901200,7.86,7.88,7.52,7.78,1447200,NaN,NaN,NaN,NaN,NaN,NaN,NaN
1636074000,7.78,7.78,7.35,7.35,1498700,NaN,NaN,NaN,NaN,NaN,NaN,NaN
1636333200,7.35,7.5,7.26,7.5,1334700,NaN,NaN,NaN,NaN,NaN,NaN,NaN
1636419600,7.43,7.65,7.39,7.65,1349300,NaN,NaN,NaN,NaN,NaN,NaN,NaN
1636506000,7.67,7.71,7.48,7.59,1344100,NaN,NaN,NaN,NaN,NaN,NaN,NaN
1636592400,7.48,7.6,7.48,7.59,1758800,NaN,NaN,NaN,NaN,NaN,NaN,NaN
1636678800,7.51,7.61,7.5,7.5,1928500,NaN,NaN,NaN,NaN,NaN,NaN,NaN
1636938000,7.5,7.5,7.35,7.38,1766100,NaN,NaN,NaN,NaN,NaN,NaN,NaN
1637024400,7.33,7.48,7.33,7.41,1735900,NaN,NaN,NaN,NaN,NaN,NaN,NaN
1637110800,7.48,7.54,7.43,7.53,1980100,NaN,NaN,NaN,NaN,NaN,NaN,NaN
1637197200,7.53,7.54,7.46,7.54,1303400,NaN,NaN,NaN,NaN,NaN,NaN,NaN
1637283600,7.51,7.52,7.41,7.41,1602900,NaN,NaN,NaN,NaN,NaN,NaN,NaN
1637542800,7.45,7.5,7.32,7.5,2256200,NaN,NaN,NaN,NaN,NaN,NaN,NaN
1637629200,7.4,7.51,7.4,7.41,2182100,NaN,NaN,NaN,NaN,NaN,NaN,NaN
1637715600,7.4,7.45,7.36,7.42,1757600,NaN,NaN,NaN,NaN,NaN,NaN,NaN
1637802000,7.4,7.43,7.35,7.38,1990700,NaN,NaN,NaN,NaN,NaN,NaN,NaN
1637888400,7.38,7.38,7.26,7.3,1941200,NaN,NaN,NaN,NaN,NaN,NaN,NaN
1638147600,7.2,7.2,6.77,6.9,1973200,NaN,NaN,NaN,NaN,NaN,NaN,NaN
1638234000,6.9,7.3,6.9,7.28,2330900,NaN,NaN,NaN,NaN,NaN,NaN,NaN
1638320400,6.95,7.26,6.95,7.1,2050600,NaN,NaN,NaN,NaN,NaN,NaN,NaN
1638406800,7.22,7.22,6.92,7.05,2298800,NaN,NaN,NaN,NaN,NaN,NaN,NaN
1638752400,7.04,7.17,6.92,7.09,2399900,NaN,NaN,NaN,NaN,NaN,NaN,NaN
1638838800,7.08,7.15,7.05,7.09,2390900,NaN,NaN,NaN,NaN,NaN,NaN,NaN
1638925200,7.09,7.21,7.06,7.21,2288800,NaN,NaN,NaN,NaN,NaN,NaN,NaN
1639011600,7.21,7.33,7.15,7.29,2003500,NaN,NaN,NaN,NaN,NaN,NaN,NaN
1639098000,7.28,7.28,6.91,7.13,2183900,NaN,NaN,NaN,NaN,NaN,NaN,NaN
1639357200,7.12,7.3,7.06,7.3,2150500,NaN,NaN,NaN,NaN,NaN,NaN,NaN
1639443600,7.09,7.38,7.09,7.37,2092000,NaN,NaN,NaN,NaN,NaN,NaN,NaN
1639530000,7.35,7.35,7.16,7.3,2280800,NaN,NaN,NaN,NaN,NaN,NaN,NaN
1639616400,7.32,7.35,7.2,7.27,2540700,NaN,NaN,NaN,NaN,NaN,NaN,NaN
1639702800,7.3,7.33,7.19,7.26,2353900,NaN,NaN,NaN,NaN,NaN,NaN,NaN
1639962000,7.32,7.32,7.03,7.03,2352700,NaN,NaN,NaN,NaN,NaN,NaN,NaN
1640048400,7,7.17,6.98,7.14,2302500,NaN,NaN,NaN,NaN,NaN,NaN,NaN
1640134800,7.18,7.2,7.03,7.19,2333000,NaN,NaN,NaN,NaN,NaN,NaN,NaN
1640221200,7.18,7.23,7.17,7.23,2070700,NaN,NaN,NaN,NaN,NaN,NaN,NaN
1640307600,7.29,7.32,7.19,7.32,2263200,NaN,NaN,NaN,NaN,NaN,NaN,NaN
1640566800,7.29,7.38,7.16,7.31,2440700,NaN,NaN,NaN,NaN,NaN,NaN,NaN
1640653200,7.32,7.35,7.25,7.3,2064500,NaN,NaN,NaN,NaN,NaN,NaN,NaN
1640739600,7.34,7.35,7.25,7.28,2491700,NaN,NaN,NaN,NaN,NaN,NaN,NaN
1640826000,7.3,7.32,7.27,7.32,2369300,NaN,NaN,NaN,NaN,NaN,NaN,NaN
1640912400,7.29,7.32,7.22,7.28,2340400,235785968,4469833000,3542380000,22363000,78811000,927453000,3.57142857142857
1641171600,7.2,7.28,6.77,7.16,2253500,NaN,NaN,NaN,NaN,NaN,NaN,NaN
1641258000,7.23,7.24,7.1,7.24,2185700,NaN,NaN,NaN,NaN,NaN,NaN,NaN
1641344400,7.24,7.24,7.15,7.18,2354300,NaN,NaN,NaN,NaN,NaN,NaN,NaN
1641430800,7.23,7.25,7.21,7.24,2334600,NaN,NaN,NaN,NaN,NaN,NaN,NaN
1641517200,7.24,7.25,7.19,7.24,2098300,NaN,NaN,NaN,NaN,NaN,NaN,NaN
1641776400,7.24,7.25,7.19,7.25,2475300,NaN,NaN,NaN,NaN,NaN,NaN,NaN
1641862800,7.23,7.26,7.2,7.26,2322100,NaN,NaN,NaN,NaN,NaN,NaN,NaN
1641949200,7.27,7.4,7.27,7.4,2500500,NaN,NaN,NaN,NaN,NaN,NaN,NaN
1642035600,7.4,7.67,7.4,7.55,2630200,NaN,NaN,NaN,NaN,NaN,NaN,NaN
1642122000,7.6,7.6,7.42,7.5,3021500,NaN,NaN,NaN,NaN,NaN,NaN,NaN
1642381200,7.55,7.55,7.08,7.08,2589800,NaN,NaN,NaN,NaN,NaN,NaN,NaN
1642554000,7.03,7.16,6.85,6.97,2516700,NaN,NaN,NaN,NaN,NaN,NaN,NaN
1642640400,6.97,7.05,6.92,7.05,2964600,NaN,NaN,NaN,NaN,NaN,NaN,NaN
1642726800,7.06,7.19,7.03,7.19,2330100,NaN,NaN,NaN,NaN,NaN,NaN,NaN
1642986000,7.16,7.16,7.04,7.15,2426800,NaN,NaN,NaN,NaN,NaN,NaN,NaN
1643072400,7.19,7.19,6.94,7.01,2998600,NaN,NaN,NaN,NaN,NaN,NaN,NaN
1643158800,7.05,7.14,6.99,7.14,2337800,NaN,NaN,NaN,NaN,NaN,NaN,NaN
1643245200,7.15,7.15,7.06,7.14,2376900,NaN,NaN,NaN,NaN,NaN,NaN,NaN
1643331600,7.17,7.18,7.05,7.14,3004000,NaN,NaN,NaN,NaN,NaN,NaN,NaN
1643590800,7.18,7.19,7.08,7.14,2799200,NaN,NaN,NaN,NaN,NaN,NaN,NaN
1643850000,7.18,7.18,7.08,7.17,2599400,NaN,NaN,NaN,NaN,NaN,NaN,NaN
1643936400,7.17,7.17,7.13,7.17,3111500,NaN,NaN,NaN,NaN,NaN,NaN,NaN
1644195600,7.17,7.3,7.13,7.3,3408700,NaN,NaN,NaN,NaN,NaN,NaN,NaN
1644282000,7.3,7.35,7.28,7.3,2888800,NaN,NaN,NaN,NaN,NaN,NaN,NaN
1644368400,7.3,7.36,7.27,7.33,3016100,NaN,NaN,NaN,NaN,NaN,NaN,NaN
1644454800,7.33,7.35,7.28,7.29,2748300,NaN,NaN,NaN,NaN,NaN,NaN,NaN
1644541200,7.29,7.3,7.13,7.17,2818500,NaN,NaN,NaN,NaN,NaN,NaN,NaN
1644800400,7.1,7.17,7.05,7.13,2992600,NaN,NaN,NaN,NaN,NaN,NaN,NaN
1644886800,7.13,7.15,6.7,7.15,2812800,NaN,NaN,NaN,NaN,NaN,NaN,NaN
1644973200,7.15,7.16,7.1,7.14,2752200,NaN,NaN,NaN,NaN,NaN,NaN,NaN
1645059600,7.1,7.16,7.06,7.15,3659000,NaN,NaN,NaN,NaN,NaN,NaN,NaN
1645146000,7.15,7.15,7.06,7.15,2903700,NaN,NaN,NaN,NaN,NaN,NaN,NaN
1645405200,7.15,7.15,7.08,7.13,2597500,NaN,NaN,NaN,NaN,NaN,NaN,NaN
1645491600,7.1,7.12,7.05,7.09,3243200,NaN,NaN,NaN,NaN,NaN,NaN,NaN
1645578000,7.08,7.15,7.05,7.15,2965800,NaN,NaN,NaN,NaN,NaN,NaN,NaN
1645664400,7.09,7.18,7.09,7.09,2435300,NaN,NaN,NaN,NaN,NaN,NaN,NaN
1645750800,7.09,7.14,7.09,7.13,2488600,NaN,NaN,NaN,NaN,NaN,NaN,NaN
1646010000,7.19,7.19,7.05,7.07,2741100,NaN,NaN,NaN,NaN,NaN,NaN,NaN
1646096400,7.05,7.08,6.85,6.9,2473300,NaN,NaN,NaN,NaN,NaN,NaN,NaN
1646182800,6.9,6.9,6.41,6.55,2468800,NaN,NaN,NaN,NaN,NaN,NaN,NaN
1646269200,6.55,6.55,6.21,6.25,2146600,NaN,NaN,NaN,NaN,NaN,NaN,NaN
1646355600,6.25,6.45,6.11,6.45,2300200,NaN,NaN,NaN,NaN,NaN,NaN,NaN
1646614800,6.44,6.47,6.28,6.47,1249100,NaN,NaN,NaN,NaN,NaN,NaN,NaN
1646701200,6.4,6.5,6.21,6.47,1594200,NaN,NaN,NaN,NaN,NaN,NaN,NaN
1646787600,6.48,6.49,6.34,6.36,1832900,NaN,NaN,NaN,NaN,NaN,NaN,NaN
1646874000,6.35,6.4,6.25,6.31,1594000,NaN,NaN,NaN,NaN,NaN,NaN,NaN
1646960400,6.37,6.37,6.19,6.19,1520800,NaN,NaN,NaN,NaN,NaN,NaN,NaN
1647219600,6.19,6.3,6,6.01,1928400,NaN,NaN,NaN,NaN,NaN,NaN,NaN
1647306000,6.03,6.13,5.91,5.91,2232100,NaN,NaN,NaN,NaN,NaN,NaN,NaN
1647392400,6.1,6.1,6.01,6.07,1952800,NaN,NaN,NaN,NaN,NaN,NaN,NaN
1647478800,6.1,6.29,6.07,6.29,1892700,NaN,NaN,NaN,NaN,NaN,NaN,NaN
1647565200,6.29,6.38,6.12,6.38,2160500,NaN,NaN,NaN,NaN,NaN,NaN,NaN
1647824400,6.38,6.4,6.24,6.4,2139100,NaN,NaN,NaN,NaN,NaN,NaN,NaN
1647910800,6.46,6.46,6.18,6.18,2218500,NaN,NaN,NaN,NaN,NaN,NaN,NaN
1647997200,6.17,6.28,6.14,6.28,1807500,NaN,NaN,NaN,NaN,NaN,NaN,NaN
1648083600,6.32,6.32,6.25,6.31,2337000,NaN,NaN,NaN,NaN,NaN,NaN,NaN
1648170000,6.3,6.31,6.19,6.31,1908800,NaN,NaN,NaN,NaN,NaN,NaN,NaN
1648429200,6.38,6.38,6.32,6.37,2011400,NaN,NaN,NaN,NaN,NaN,NaN,NaN
1648515600,6.38,6.38,6.21,6.36,2347100,NaN,NaN,NaN,NaN,NaN,NaN,NaN
1648602000,6.36,6.4,6.31,6.39,2006100,NaN,NaN,NaN,NaN,NaN,NaN,NaN
1648688400,6.4,6.4,6.35,6.39,1715800,235785968,4563721000,3622020000,27790000,68065000,941701000,4.06885758998435
1648774800,6.39,6.48,6.39,6.45,2191100,NaN,NaN,NaN,NaN,NaN,NaN,NaN
1649034000,6.48,6.48,6.4,6.47,1815300,NaN,NaN,NaN,NaN,NaN,NaN,NaN
1649120400,6.47,6.49,6.45,6.48,1713300,NaN,NaN,NaN,NaN,NaN,NaN,NaN
1649206800,6.46,6.48,6.41,6.48,2275800,NaN,NaN,NaN,NaN,NaN,NaN,NaN
1649293200,6.48,6.48,6.39,6.48,2143600,NaN,NaN,NaN,NaN,NaN,NaN,NaN
1649379600,6.49,6.49,6.42,6.43,2337300,NaN,NaN,NaN,NaN,NaN,NaN,NaN
1649638800,6.48,6.48,6.41,6.48,1859200,NaN,NaN,NaN,NaN,NaN,NaN,NaN
1649725200,6.47,6.47,6.43,6.47,2375500,NaN,NaN,NaN,NaN,NaN,NaN,NaN
1649811600,6.43,6.48,6.41,6.48,2315700,NaN,NaN,NaN,NaN,NaN,NaN,NaN
1649898000,6.49,6.5,6.25,6.25,2075000,NaN,NaN,NaN,NaN,NaN,NaN,NaN
1649984400,6.3,6.4,6.28,6.29,2678500,NaN,NaN,NaN,NaN,NaN,NaN,NaN
1650243600,6.33,6.36,6.32,6.35,2215100,NaN,NaN,NaN,NaN,NaN,NaN,NaN
1650416400,6.45,6.46,6.3,6.35,2058200,NaN,NaN,NaN,NaN,NaN,NaN,NaN
1650502800,6.38,6.38,6.18,6.22,2922200,NaN,NaN,NaN,NaN,NaN,NaN,NaN
1650589200,6.22,6.3,6.11,6.12,2487100,NaN,NaN,NaN,NaN,NaN,NaN,NaN
1650848400,6.1,6.13,6.05,6.1,2354000,NaN,NaN,NaN,NaN,NaN,NaN,NaN
1650934800,6.1,6.18,6.06,6.1,2917600,NaN,NaN,NaN,NaN,NaN,NaN,NaN
1651021200,6.1,6.1,6.05,6.1,2530400,NaN,NaN,NaN,NaN,NaN,NaN,NaN
1651107600,6.12,6.13,6.06,6.09,2371900,NaN,NaN,NaN,NaN,NaN,NaN,NaN
1651194000,6.11,6.16,6.08,6.16,2823300,NaN,NaN,NaN,NaN,NaN,NaN,NaN
1651712400,6.17,6.18,6.07,6.16,2696500,NaN,NaN,NaN,NaN,NaN,NaN,NaN
1651798800,6.08,6.14,5.75,6.14,3004200,NaN,NaN,NaN,NaN,NaN,NaN,NaN
1652058000,6.1,6.14,6.03,6.14,2690700,NaN,NaN,NaN,NaN,NaN,NaN,NaN
1652144400,6.13,6.19,6.08,6.19,2458600,NaN,NaN,NaN,NaN,NaN,NaN,NaN
1652230800,6.18,6.19,6.11,6.17,2463700,NaN,NaN,NaN,NaN,NaN,NaN,NaN
1652317200,6.16,6.17,6.1,6.15,3027300,NaN,NaN,NaN,NaN,NaN,NaN,NaN
1652403600,6.19,6.19,6.11,6.17,2628700,NaN,NaN,NaN,NaN,NaN,NaN,NaN
1652749200,6.19,6.35,6.19,6.35,2894500,NaN,NaN,NaN,NaN,NaN,NaN,NaN
1652835600,6.35,6.48,6.35,6.48,2881600,NaN,NaN,NaN,NaN,NaN,NaN,NaN
1652922000,6.45,6.48,6.4,6.48,2902100,NaN,NaN,NaN,NaN,NaN,NaN,NaN
1653008400,6.48,6.48,6.38,6.48,2731000,NaN,NaN,NaN,NaN,NaN,NaN,NaN
1653267600,6.5,6.5,6.43,6.47,2069200,NaN,NaN,NaN,NaN,NaN,NaN,NaN
1653354000,6.47,6.48,6.4,6.47,2723100,NaN,NaN,NaN,NaN,NaN,NaN,NaN
1653440400,6.47,6.47,6.08,6.09,3146100,NaN,NaN,NaN,NaN,NaN,NaN,NaN
1653526800,6.15,6.16,5.8,5.86,3063000,NaN,NaN,NaN,NaN,NaN,NaN,NaN
1653613200,5.85,5.91,5.76,5.81,2880900,NaN,NaN,NaN,NaN,NaN,NaN,NaN
1653872400,5.87,5.87,5.81,5.86,2804200,NaN,NaN,NaN,NaN,NaN,NaN,NaN
1653958800,5.87,5.88,5.76,5.76,3304600,NaN,NaN,NaN,NaN,NaN,NaN,NaN
1654045200,5.76,5.78,5.61,5.69,3393200,NaN,NaN,NaN,NaN,NaN,NaN,NaN
1654131600,5.7,5.72,5.67,5.72,2159700,NaN,NaN,NaN,NaN,NaN,NaN,NaN
1654218000,5.7,5.83,5.69,5.83,3178700,NaN,NaN,NaN,NaN,NaN,NaN,NaN
1654563600,5.75,5.85,5.7,5.85,2604900,NaN,NaN,NaN,NaN,NaN,NaN,NaN
1654650000,5.87,5.95,5.82,5.9,1633100,NaN,NaN,NaN,NaN,NaN,NaN,NaN
1654736400,5.97,5.97,5.76,5.84,2199300,NaN,NaN,NaN,NaN,NaN,NaN,NaN
1654822800,5.86,5.86,5.72,5.84,1965200,NaN,NaN,NaN,NaN,NaN,NaN,NaN
1655082000,5.74,5.82,5.73,5.78,1426000,NaN,NaN,NaN,NaN,NaN,NaN,NaN
1655168400,5.74,5.9,5.74,5.84,1681100,NaN,NaN,NaN,NaN,NaN,NaN,NaN
1655254800,5.84,5.84,5.72,5.73,1266100,NaN,NaN,NaN,NaN,NaN,NaN,NaN
1655341200,5.82,5.82,5.75,5.75,1495100,NaN,NaN,NaN,NaN,NaN,NaN,NaN
1655427600,5.75,5.78,5.72,5.75,987200,NaN,NaN,NaN,NaN,NaN,NaN,NaN
1655686800,5.78,5.78,5.71,5.74,921500,NaN,NaN,NaN,NaN,NaN,NaN,NaN
1655773200,5.76,5.76,5.73,5.74,1116300,NaN,NaN,NaN,NaN,NaN,NaN,NaN
1655859600,5.77,5.77,5.7,5.74,974800,NaN,NaN,NaN,NaN,NaN,NaN,NaN
1655946000,5.73,5.74,5.71,5.73,791900,NaN,NaN,NaN,NaN,NaN,NaN,NaN
1656032400,5.73,5.75,5.71,5.73,888900,NaN,NaN,NaN,NaN,NaN,NaN,NaN
1656291600,5.73,5.74,5.71,5.74,1186700,NaN,NaN,NaN,NaN,NaN,NaN,NaN
1656378000,5.74,5.74,5.71,5.71,1237400,NaN,NaN,NaN,NaN,NaN,NaN,NaN
1656464400,5.73,5.73,5.59,5.59,1310000,NaN,NaN,NaN,NaN,NaN,NaN,NaN
1656550800,5.66,5.67,5.6,5.6,796800,235785668,4276872999.9999995,3331880000,13515000,70666000,944993000,3.39285714285714
1656637200,5.6,5.68,5.6,5.6,869800,NaN,NaN,NaN,NaN,NaN,NaN,NaN
1656896400,5.66,5.66,5.45,5.47,894100,NaN,NaN,NaN,NaN,NaN,NaN,NaN
1656982800,5.55,5.55,5.41,5.45,458700,NaN,NaN,NaN,NaN,NaN,NaN,NaN
1657069200,5.5,5.5,5.31,5.34,813100,NaN,NaN,NaN,NaN,NaN,NaN,NaN
1657155600,5.33,5.42,5.33,5.41,882900,NaN,NaN,NaN,NaN,NaN,NaN,NaN
1657242000,5.44,5.49,5.35,5.49,811700,NaN,NaN,NaN,NaN,NaN,NaN,NaN
1657587600,5.49,5.58,5.42,5.58,767000,NaN,NaN,NaN,NaN,NaN,NaN,NaN
1657674000,5.58,5.69,5.45,5.69,897900,NaN,NaN,NaN,NaN,NaN,NaN,NaN
1657760400,5.69,5.8,5.67,5.78,575900,NaN,NaN,NaN,NaN,NaN,NaN,NaN
1657846800,5.78,5.82,5.78,5.82,734300,NaN,NaN,NaN,NaN,NaN,NaN,NaN
1658106000,5.85,5.9,5.85,5.9,662600,NaN,NaN,NaN,NaN,NaN,NaN,NaN
1658192400,5.9,6,5.88,6,862600,NaN,NaN,NaN,NaN,NaN,NaN,NaN
1658278800,6,6.12,6,6.12,951800,NaN,NaN,NaN,NaN,NaN,NaN,NaN
1658365200,6.15,6.18,6.07,6.17,811000,NaN,NaN,NaN,NaN,NaN,NaN,NaN
1658451600,6.17,6.2,6.1,6.2,840400,NaN,NaN,NaN,NaN,NaN,NaN,NaN
1658710800,6.19,6.2,6.06,6.2,890600,NaN,NaN,NaN,NaN,NaN,NaN,NaN
1658797200,6.08,6.2,5.74,6.05,870800,NaN,NaN,NaN,NaN,NaN,NaN,NaN
1658883600,6.09,6.15,6.02,6.14,845100,NaN,NaN,NaN,NaN,NaN,NaN,NaN
1658970000,6.16,6.2,6.02,6.17,1038500,NaN,NaN,NaN,NaN,NaN,NaN,NaN
1659056400,6.18,6.19,6.14,6.17,649600,NaN,NaN,NaN,NaN,NaN,NaN,NaN
1659315600,6.19,6.27,6.14,6.27,957600,NaN,NaN,NaN,NaN,NaN,NaN,NaN
1659402000,6.26,6.29,5.98,6.16,1264000,NaN,NaN,NaN,NaN,NaN,NaN,NaN
1659488400,6.15,6.2,6.1,6.18,658800,NaN,NaN,NaN,NaN,NaN,NaN,NaN
1659574800,6.22,6.22,6.17,6.19,786800,NaN,NaN,NaN,NaN,NaN,NaN,NaN
1659661200,6.22,6.22,6.1,6.19,1077400,NaN,NaN,NaN,NaN,NaN,NaN,NaN
1659920400,6.21,6.22,6.12,6.2,909100,NaN,NaN,NaN,NaN,NaN,NaN,NaN
1660006800,6.2,6.23,6.15,6.2,935700,NaN,NaN,NaN,NaN,NaN,NaN,NaN
1660093200,6.21,6.21,6.1,6.17,1039600,NaN,NaN,NaN,NaN,NaN,NaN,NaN
1660179600,6.2,6.2,6.13,6.18,687400,NaN,NaN,NaN,NaN,NaN,NaN,NaN
1660266000,6.2,6.23,6.17,6.22,862300,NaN,NaN,NaN,NaN,NaN,NaN,NaN
1660525200,6.21,6.23,6.18,6.23,770100,NaN,NaN,NaN,NaN,NaN,NaN,NaN
1660611600,6.22,6.25,6.2,6.25,619100,NaN,NaN,NaN,NaN,NaN,NaN,NaN
1660698000,6.25,6.35,6.22,6.34,800200,NaN,NaN,NaN,NaN,NaN,NaN,NaN
1660784400,6.35,6.39,6.31,6.36,684500,NaN,NaN,NaN,NaN,NaN,NaN,NaN
1660870800,6.36,6.39,6.35,6.38,796800,NaN,NaN,NaN,NaN,NaN,NaN,NaN
1661130000,6.38,6.39,6.33,6.37,748400,NaN,NaN,NaN,NaN,NaN,NaN,NaN
1661216400,6.37,6.37,6.33,6.37,546300,NaN,NaN,NaN,NaN,NaN,NaN,NaN
1661302800,6.38,6.38,6.25,6.28,764700,NaN,NaN,NaN,NaN,NaN,NaN,NaN
1661389200,6.37,6.38,6.28,6.35,679800,NaN,NaN,NaN,NaN,NaN,NaN,NaN
1661475600,6.37,6.37,6.25,6.25,685200,NaN,NaN,NaN,NaN,NaN,NaN,NaN
1661734800,6.23,6.31,6.2,6.3,780800,NaN,NaN,NaN,NaN,NaN,NaN,NaN
1661821200,6.35,6.37,6.2,6.33,811900,NaN,NaN,NaN,NaN,NaN,NaN,NaN
1661994000,6.2,6.32,5.98,6.18,1012900,NaN,NaN,NaN,NaN,NaN,NaN,NaN
1662080400,6.16,6.16,5.89,5.93,1073700,NaN,NaN,NaN,NaN,NaN,NaN,NaN
1662339600,5.92,5.98,5.81,5.98,855900,NaN,NaN,NaN,NaN,NaN,NaN,NaN
1662426000,5.98,6.03,5.98,6.01,801100,NaN,NaN,NaN,NaN,NaN,NaN,NaN
1662512400,6.03,6.05,5.98,6.04,878200,NaN,NaN,NaN,NaN,NaN,NaN,NaN
1662598800,6.11,6.14,6.05,6.1,905300,NaN,NaN,NaN,NaN,NaN,NaN,NaN
1662685200,6.13,6.29,6.11,6.27,708300,NaN,NaN,NaN,NaN,NaN,NaN,NaN
1662944400,6.27,6.29,6.25,6.28,865900,NaN,NaN,NaN,NaN,NaN,NaN,NaN
1663030800,6.3,6.3,6.11,6.25,928900,NaN,NaN,NaN,NaN,NaN,NaN,NaN
1663117200,6.01,6.26,6,6.25,993500,NaN,NaN,NaN,NaN,NaN,NaN,NaN
1663203600,6.29,6.29,6.2,6.26,892800,NaN,NaN,NaN,NaN,NaN,NaN,NaN
1663549200,6.25,6.25,6.15,6.19,908600,NaN,NaN,NaN,NaN,NaN,NaN,NaN
1663635600,6.25,6.25,6.21,6.25,853700,NaN,NaN,NaN,NaN,NaN,NaN,NaN
1663722000,6.16,6.26,6.16,6.24,755500,NaN,NaN,NaN,NaN,NaN,NaN,NaN
1663808400,6.24,6.24,6.16,6.21,852600,NaN,NaN,NaN,NaN,NaN,NaN,NaN
1663894800,6.16,6.24,6.15,6.22,920500,NaN,NaN,NaN,NaN,NaN,NaN,NaN
1664154000,6.21,6.22,6.13,6.2,1046100,NaN,NaN,NaN,NaN,NaN,NaN,NaN
1664240400,6.2,6.22,6.16,6.22,1034200,NaN,NaN,NaN,NaN,NaN,NaN,NaN
1664326800,6.22,6.24,6.1,6.17,1211800,NaN,NaN,NaN,NaN,NaN,NaN,NaN
1664413200,6.17,6.23,6.15,6.2,858800,NaN,NaN,NaN,NaN,NaN,NaN,NaN
1664499600,6.19,6.2,6.17,6.19,891200,235785968,4336873000,3422230000,22052000,68748000,914643000,3.06946688206785
1664758800,6.19,6.19,6.15,6.19,1054600,NaN,NaN,NaN,NaN,NaN,NaN,NaN
1664845200,6.2,6.2,6.17,6.19,932100,NaN,NaN,NaN,NaN,NaN,NaN,NaN
1664931600,6.19,6.28,6.18,6.28,990100,NaN,NaN,NaN,NaN,NaN,NaN,NaN
1665018000,6.28,6.35,6.27,6.35,1095300,NaN,NaN,NaN,NaN,NaN,NaN,NaN
1665104400,6.35,6.35,6.29,6.3,1053700,NaN,NaN,NaN,NaN,NaN,NaN,NaN
1665450000,6.3,6.3,6.02,6.15,1124200,NaN,NaN,NaN,NaN,NaN,NaN,NaN
1665536400,6.2,6.2,6.03,6.2,1279700,NaN,NaN,NaN,NaN,NaN,NaN,NaN
1665622800,6.2,6.25,6.11,6.25,1192000,NaN,NaN,NaN,NaN,NaN,NaN,NaN
1665709200,6.3,6.3,6.2,6.26,1155800,NaN,NaN,NaN,NaN,NaN,NaN,NaN
1665968400,6.29,6.3,6.15,6.24,1084700,NaN,NaN,NaN,NaN,NaN,NaN,NaN
1666054800,6.23,6.3,6.16,6.3,1092500,NaN,NaN,NaN,NaN,NaN,NaN,NaN
1666141200,6.3,6.3,6.26,6.3,1120700,NaN,NaN,NaN,NaN,NaN,NaN,NaN
1666227600,6.3,6.35,6.25,6.33,1517600,NaN,NaN,NaN,NaN,NaN,NaN,NaN
1666314000,6.33,6.35,6.3,6.33,762800,NaN,NaN,NaN,NaN,NaN,NaN,NaN
1666659600,6.35,6.35,6.29,6.34,1139900,NaN,NaN,NaN,NaN,NaN,NaN,NaN
1666746000,6.34,6.34,6.29,6.34,1137700,NaN,NaN,NaN,NaN,NaN,NaN,NaN
1666832400,6.34,6.34,6.3,6.34,864900,NaN,NaN,NaN,NaN,NaN,NaN,NaN
1666918800,6.33,6.34,6.26,6.34,1347500,NaN,NaN,NaN,NaN,NaN,NaN,NaN
1667178000,6.33,6.35,6.31,6.35,1082400,NaN,NaN,NaN,NaN,NaN,NaN,NaN
1667264400,6.35,6.35,6.31,6.33,1168100,NaN,NaN,NaN,NaN,NaN,NaN,NaN
1667350800,6.13,6.14,5.99,6,1795400,NaN,NaN,NaN,NaN,NaN,NaN,NaN
1667437200,5.93,6.01,5.89,6,1224900,NaN,NaN,NaN,NaN,NaN,NaN,NaN
1667523600,6.05,6.05,5.94,6.05,1241500,NaN,NaN,NaN,NaN,NaN,NaN,NaN
1667782800,6,6.08,6,6.08,1613300,NaN,NaN,NaN,NaN,NaN,NaN,NaN
1667869200,6.11,6.11,6.01,6.09,983800,NaN,NaN,NaN,NaN,NaN,NaN,NaN
1667955600,6.11,6.2,6.09,6.19,1084200,NaN,NaN,NaN,NaN,NaN,NaN,NaN
1668042000,6.2,6.22,6.15,6.2,1483700,NaN,NaN,NaN,NaN,NaN,NaN,NaN
1668128400,6.2,6.25,6.18,6.25,1148700,NaN,NaN,NaN,NaN,NaN,NaN,NaN
1668387600,6.25,6.29,6.2,6.29,1661100,NaN,NaN,NaN,NaN,NaN,NaN,NaN
1668474000,6.29,6.3,6.25,6.28,953000,NaN,NaN,NaN,NaN,NaN,NaN,NaN
1668560400,6.27,6.28,6.23,6.26,806300,NaN,NaN,NaN,NaN,NaN,NaN,NaN
1668646800,6.26,6.26,6.22,6.26,1244400,NaN,NaN,NaN,NaN,NaN,NaN,NaN
1668992400,6.25,6.25,6.2,6.25,783700,NaN,NaN,NaN,NaN,NaN,NaN,NaN
1669078800,6.26,6.26,6.18,6.23,597000,NaN,NaN,NaN,NaN,NaN,NaN,NaN
1669165200,6.23,6.23,6.21,6.23,1017600,NaN,NaN,NaN,NaN,NaN,NaN,NaN
1669251600,6.23,6.26,6.21,6.26,960100,NaN,NaN,NaN,NaN,NaN,NaN,NaN
1669338000,6.26,6.26,6.21,6.25,561800,NaN,NaN,NaN,NaN,NaN,NaN,NaN
1669683600,6.24,6.25,6.2,6.2,859700,NaN,NaN,NaN,NaN,NaN,NaN,NaN
1669770000,6.24,6.25,6.2,6.24,739400,NaN,NaN,NaN,NaN,NaN,NaN,NaN
1669856400,6.25,6.25,6.2,6.24,741000,NaN,NaN,NaN,NaN,NaN,NaN,NaN
1669942800,6.21,6.26,6.21,6.25,772300,NaN,NaN,NaN,NaN,NaN,NaN,NaN
1670202000,6.26,6.26,6.22,6.24,720500,NaN,NaN,NaN,NaN,NaN,NaN,NaN
1670288400,6.23,6.26,6.22,6.25,834700,NaN,NaN,NaN,NaN,NaN,NaN,NaN
1670374800,6.23,6.26,6.22,6.24,790800,NaN,NaN,NaN,NaN,NaN,NaN,NaN
1670461200,6.24,6.26,6.22,6.26,707600,NaN,NaN,NaN,NaN,NaN,NaN,NaN
1670547600,6.26,6.3,6.23,6.29,750200,NaN,NaN,NaN,NaN,NaN,NaN,NaN
1670806800,6.28,6.3,6.24,6.3,861400,NaN,NaN,NaN,NaN,NaN,NaN,NaN
1670893200,6.32,6.32,6.27,6.29,791300,NaN,NaN,NaN,NaN,NaN,NaN,NaN
1670979600,6.3,6.31,6.26,6.29,712400,NaN,NaN,NaN,NaN,NaN,NaN,NaN
1671066000,6.3,6.3,6.27,6.3,787200,NaN,NaN,NaN,NaN,NaN,NaN,NaN
1671152400,6.3,6.3,6.27,6.29,763700,NaN,NaN,NaN,NaN,NaN,NaN,NaN
1671411600,6.29,6.31,6.27,6.28,599300,NaN,NaN,NaN,NaN,NaN,NaN,NaN
1671498000,6.2,6.3,6.2,6.29,772000,NaN,NaN,NaN,NaN,NaN,NaN,NaN
1671584400,6.29,6.31,6.26,6.29,701400,NaN,NaN,NaN,NaN,NaN,NaN,NaN
1671670800,6.29,6.31,6.26,6.3,818100,NaN,NaN,NaN,NaN,NaN,NaN,NaN
1671757200,6.31,6.31,6.27,6.3,867800,NaN,NaN,NaN,NaN,NaN,NaN,NaN
1672102800,6.31,6.33,6.27,6.29,670000,NaN,NaN,NaN,NaN,NaN,NaN,NaN
1672189200,6.3,6.3,6.25,6.29,937900,NaN,NaN,NaN,NaN,NaN,NaN,NaN
1672275600,6.29,6.29,6.26,6.29,864700,NaN,NaN,NaN,NaN,NaN,NaN,NaN
1672362000,6.3,6.32,6.28,6.28,884800,235785968,4196481000,3262337000,16999000,84003000,934144000,3.02547770700637
1672707600,6.28,6.3,6.2,6.28,1098600,NaN,NaN,NaN,NaN,NaN,NaN,NaN
1672794000,6.28,6.3,6.25,6.28,937900,NaN,NaN,NaN,NaN,NaN,NaN,NaN
1672880400,6.3,6.3,6.26,6.28,853100,NaN,NaN,NaN,NaN,NaN,NaN,NaN
1672966800,6.28,6.3,6.27,6.3,1369300,NaN,NaN,NaN,NaN,NaN,NaN,NaN
1673226000,6.3,6.32,6.26,6.32,1345200,NaN,NaN,NaN,NaN,NaN,NaN,NaN
1673312400,6.32,6.36,6.27,6.34,457900,NaN,NaN,NaN,NaN,NaN,NaN,NaN
1673398800,6.3,6.4,6.29,6.4,593000,NaN,NaN,NaN,NaN,NaN,NaN,NaN
1673485200,6.4,6.5,6.35,6.5,571800,NaN,NaN,NaN,NaN,NaN,NaN,NaN
1673571600,6.5,6.5,6.39,6.5,356800,NaN,NaN,NaN,NaN,NaN,NaN,NaN
1673830800,6.5,6.6,6.43,6.6,560400,NaN,NaN,NaN,NaN,NaN,NaN,NaN
1673917200,6.6,6.6,6.5,6.59,662600,NaN,NaN,NaN,NaN,NaN,NaN,NaN
1674003600,6.6,6.6,6.34,6.47,608200,NaN,NaN,NaN,NaN,NaN,NaN,NaN
1674090000,6.5,6.57,6.44,6.56,766700,NaN,NaN,NaN,NaN,NaN,NaN,NaN
1674176400,6.6,6.6,6.51,6.59,682000,NaN,NaN,NaN,NaN,NaN,NaN,NaN
1674608400,6.6,6.6,6.42,6.59,540200,NaN,NaN,NaN,NaN,NaN,NaN,NaN
1674694800,6.59,6.6,6.53,6.59,670500,NaN,NaN,NaN,NaN,NaN,NaN,NaN
1674781200,6.6,6.64,6.54,6.6,905600,NaN,NaN,NaN,NaN,NaN,NaN,NaN
1675040400,6.65,6.65,6.53,6.54,408300,NaN,NaN,NaN,NaN,NaN,NaN,NaN
1675126800,6.59,6.59,6.38,6.59,659900,NaN,NaN,NaN,NaN,NaN,NaN,NaN
1675299600,6.59,6.59,6.52,6.58,520000,NaN,NaN,NaN,NaN,NaN,NaN,NaN
1675386000,6.58,6.58,6.35,6.43,476800,NaN,NaN,NaN,NaN,NaN,NaN,NaN
1675731600,6.43,6.43,6.25,6.35,700900,NaN,NaN,NaN,NaN,NaN,NaN,NaN
1675818000,6.42,6.42,6.02,6.18,957800,NaN,NaN,NaN,NaN,NaN,NaN,NaN
1675904400,6.18,6.22,6.05,6.17,640000,NaN,NaN,NaN,NaN,NaN,NaN,NaN
1675990800,6.18,6.26,6.14,6.19,942700,NaN,NaN,NaN,NaN,NaN,NaN,NaN
1676250000,6.28,6.28,6.08,6.28,1117300,NaN,NaN,NaN,NaN,NaN,NaN,NaN
1676336400,6.26,6.3,6.2,6.27,609600,NaN,NaN,NaN,NaN,NaN,NaN,NaN
1676422800,6.3,6.3,6.21,6.28,1026800,NaN,NaN,NaN,NaN,NaN,NaN,NaN
1676509200,6.27,6.27,6.12,6.17,1047000,NaN,NaN,NaN,NaN,NaN,NaN,NaN
1676595600,6.2,6.2,6.12,6.14,808400,NaN,NaN,NaN,NaN,NaN,NaN,NaN
1676854800,6.16,6.19,6.06,6.19,1247000,NaN,NaN,NaN,NaN,NaN,NaN,NaN
1676941200,6.22,6.22,5.94,6.06,1262100,NaN,NaN,NaN,NaN,NaN,NaN,NaN
1677027600,6.05,6.06,5.99,6.05,1056000,NaN,NaN,NaN,NaN,NaN,NaN,NaN
1677114000,6.04,6.1,6.03,6.1,1150000,NaN,NaN,NaN,NaN,NaN,NaN,NaN
1677200400,6.12,6.16,6.08,6.14,1037000,NaN,NaN,NaN,NaN,NaN,NaN,NaN
1677459600,6.16,6.16,5.98,6.05,1371100,NaN,NaN,NaN,NaN,NaN,NaN,NaN
1677546000,6.05,6.14,5.9,6.03,1324800,NaN,NaN,NaN,NaN,NaN,NaN,NaN
1677632400,6.07,6.08,5.98,6.06,1076400,NaN,NaN,NaN,NaN,NaN,NaN,NaN
1677718800,6.07,6.08,6,6.08,1210700,NaN,NaN,NaN,NaN,NaN,NaN,NaN
1677805200,6.13,6.13,6.01,6.1,1253300,NaN,NaN,NaN,NaN,NaN,NaN,NaN
1678064400,6.13,6.13,6.08,6.12,993900,NaN,NaN,NaN,NaN,NaN,NaN,NaN
1678150800,6.14,6.14,6.09,6.12,1241500,NaN,NaN,NaN,NaN,NaN,NaN,NaN
1678237200,6.12,6.13,6.06,6.12,1132700,NaN,NaN,NaN,NaN,NaN,NaN,NaN
1678323600,6.12,6.14,6.08,6.13,1179100,NaN,NaN,NaN,NaN,NaN,NaN,NaN
1678410000,6.13,6.13,6.1,6.13,1343800,NaN,NaN,NaN,NaN,NaN,NaN,NaN
1678669200,6.14,6.14,6.01,6.14,1206700,NaN,NaN,NaN,NaN,NaN,NaN,NaN
1678755600,6.14,6.14,6.06,6.06,1567300,NaN,NaN,NaN,NaN,NaN,NaN,NaN
1678842000,6.13,6.13,6.06,6.1,1536000,NaN,NaN,NaN,NaN,NaN,NaN,NaN
1678928400,6.12,6.12,6.04,6.09,1411400,NaN,NaN,NaN,NaN,NaN,NaN,NaN
1679014800,6.13,6.14,6.06,6.12,1533200,NaN,NaN,NaN,NaN,NaN,NaN,NaN
1679274000,6.12,6.13,6.1,6.12,1248400,NaN,NaN,NaN,NaN,NaN,NaN,NaN
1679360400,6.14,6.14,6.08,6.13,1364700,NaN,NaN,NaN,NaN,NaN,NaN,NaN
1679446800,6.14,6.18,6.08,6.14,1687000,NaN,NaN,NaN,NaN,NaN,NaN,NaN
1679533200,6.18,6.18,6.1,6.14,1363600,NaN,NaN,NaN,NaN,NaN,NaN,NaN
1679619600,6.18,6.18,6.11,6.13,1720400,NaN,NaN,NaN,NaN,NaN,NaN,NaN
1679878800,6.13,6.17,6.02,6.16,1614400,NaN,NaN,NaN,NaN,NaN,NaN,NaN
1679965200,6.17,6.18,6.12,6.18,1542100,NaN,NaN,NaN,NaN,NaN,NaN,NaN
1680051600,6.03,6.19,6.03,6.19,1514100,NaN,NaN,NaN,NaN,NaN,NaN,NaN
1680138000,6.2,6.2,6.09,6.17,1599100,NaN,NaN,NaN,NaN,NaN,NaN,NaN
1680224400,6.19,6.19,6.1,6.18,1532100,235785968,4305952000,3349605000,17528000,63838000,956347000,3.07443365695793
1680483600,6.19,6.19,6.08,6.18,1641800,NaN,NaN,NaN,NaN,NaN,NaN,NaN
1680570000,6.19,6.19,6.06,6.18,1611000,NaN,NaN,NaN,NaN,NaN,NaN,NaN
1680656400,6.18,6.18,6.13,6.18,1494100,NaN,NaN,NaN,NaN,NaN,NaN,NaN
1680742800,6.2,6.2,6.14,6.17,1679900,NaN,NaN,NaN,NaN,NaN,NaN,NaN
1680829200,6.18,6.18,6.14,6.18,1744900,NaN,NaN,NaN,NaN,NaN,NaN,NaN
1681088400,6.15,6.2,6.13,6.2,1512900,NaN,NaN,NaN,NaN,NaN,NaN,NaN
1681174800,6.22,6.24,6.19,6.24,1573300,NaN,NaN,NaN,NaN,NaN,NaN,NaN
1681261200,6.25,6.25,6.17,6.24,1895500,NaN,NaN,NaN,NaN,NaN,NaN,NaN
1681347600,6.24,6.24,6.17,6.22,1627800,NaN,NaN,NaN,NaN,NaN,NaN,NaN
1681434000,6.21,6.22,6.18,6.22,1364400,NaN,NaN,NaN,NaN,NaN,NaN,NaN
1681693200,6.22,6.22,6.13,6.22,2112500,NaN,NaN,NaN,NaN,NaN,NaN,NaN
1681779600,6.14,6.14,5.99,6.06,1964800,NaN,NaN,NaN,NaN,NaN,NaN,NaN
1681866000,6.1,6.1,6.01,6.07,1600700,NaN,NaN,NaN,NaN,NaN,NaN,NaN
1681952400,6.1,6.11,6.05,6.1,2012500,NaN,NaN,NaN,NaN,NaN,NaN,NaN
1682384400,6.1,6.11,6.05,6.1,1834000,NaN,NaN,NaN,NaN,NaN,NaN,NaN
1682470800,6.11,6.11,6.05,6.08,1726300,NaN,NaN,NaN,NaN,NaN,NaN,NaN
1682557200,6.09,6.09,6.02,6.09,2250600,NaN,NaN,NaN,NaN,NaN,NaN,NaN
1682643600,6.09,6.09,6.07,6.09,1630900,NaN,NaN,NaN,NaN,NaN,NaN,NaN
1682989200,6.11,6.11,6.07,6.09,2009600,NaN,NaN,NaN,NaN,NaN,NaN,NaN
1683075600,6.09,6.1,6.06,6.1,2385700,NaN,NaN,NaN,NaN,NaN,NaN,NaN
1683248400,6.08,6.11,6.06,6.11,1600500,NaN,NaN,NaN,NaN,NaN,NaN,NaN
1683507600,6.11,6.11,6.03,6.1,1686800,NaN,NaN,NaN,NaN,NaN,NaN,NaN
1683594000,6.1,6.13,6.08,6.13,1977100,NaN,NaN,NaN,NaN,NaN,NaN,NaN
1683680400,6.13,6.15,6.08,6.13,1468800,NaN,NaN,NaN,NaN,NaN,NaN,NaN
1683766800,6.13,6.13,6.11,6.13,1810900,NaN,NaN,NaN,NaN,NaN,NaN,NaN
1683853200,6.13,6.21,6.1,6.21,1717600,NaN,NaN,NaN,NaN,NaN,NaN,NaN
1684112400,6.21,6.21,6.15,6.21,1891300,NaN,NaN,NaN,NaN,NaN,NaN,NaN
1684198800,6.21,6.23,6.16,6.23,1842600,NaN,NaN,NaN,NaN,NaN,NaN,NaN
1684285200,6.25,6.25,6.15,6.23,1774300,NaN,NaN,NaN,NaN,NaN,NaN,NaN
1684371600,6.25,6.25,6.18,6.25,1884200,NaN,NaN,NaN,NaN,NaN,NaN,NaN
1684458000,6.25,6.25,6.2,6.24,1889200,NaN,NaN,NaN,NaN,NaN,NaN,NaN
1684717200,6.25,6.25,6.16,6.25,1523300,NaN,NaN,NaN,NaN,NaN,NaN,NaN
1684803600,6.25,6.25,6.16,6.23,2029800,NaN,NaN,NaN,NaN,NaN,NaN,NaN
1684890000,6.25,6.25,6.19,6.24,1530900,NaN,NaN,NaN,NaN,NaN,NaN,NaN
1684976400,6.25,6.25,6.2,6.22,1800300,NaN,NaN,NaN,NaN,NaN,NaN,NaN
1685062800,6.21,6.21,6.16,6.2,1992400,NaN,NaN,NaN,NaN,NaN,NaN,NaN
1685322000,6.22,6.22,6.17,6.22,1719900,NaN,NaN,NaN,NaN,NaN,NaN,NaN
1685408400,6.22,6.22,6.17,6.21,1968700,NaN,NaN,NaN,NaN,NaN,NaN,NaN
1685494800,6.21,6.21,6.16,6.18,2092100,NaN,NaN,NaN,NaN,NaN,NaN,NaN
1685581200,6.2,6.2,6.11,6.17,1787500,NaN,NaN,NaN,NaN,NaN,NaN,NaN
1685667600,6.17,6.18,6.11,6.17,1921500,NaN,NaN,NaN,NaN,NaN,NaN,NaN
1686013200,6.17,6.2,6.15,6.19,2001700,NaN,NaN,NaN,NaN,NaN,NaN,NaN
1686099600,6.2,6.2,6.13,6.19,1813800,NaN,NaN,NaN,NaN,NaN,NaN,NaN
1686186000,6.2,6.2,6.16,6.19,1787700,NaN,NaN,NaN,NaN,NaN,NaN,NaN
1686272400,6.2,6.2,6.14,6.18,1985700,NaN,NaN,NaN,NaN,NaN,NaN,NaN
1686531600,6.2,6.2,6.14,6.2,1848700,NaN,NaN,NaN,NaN,NaN,NaN,NaN
1686618000,6.2,6.2,6.16,6.18,2183500,NaN,NaN,NaN,NaN,NaN,NaN,NaN
1686704400,6.2,6.2,6.17,6.19,2638100,NaN,NaN,NaN,NaN,NaN,NaN,NaN
1686790800,6.2,6.2,6.13,6.18,2345500,NaN,NaN,NaN,NaN,NaN,NaN,NaN
1686877200,6.19,6.19,6.17,6.18,2692800,NaN,NaN,NaN,NaN,NaN,NaN,NaN
1687136400,6.2,6.2,6.16,6.18,2726100,NaN,NaN,NaN,NaN,NaN,NaN,NaN
1687222800,6.2,6.2,6.16,6.18,2759200,NaN,NaN,NaN,NaN,NaN,NaN,NaN
1687309200,6.19,6.19,6.12,6.18,2602900,NaN,NaN,NaN,NaN,NaN,NaN,NaN
1687395600,6.15,6.2,6.08,6.18,2774200,NaN,NaN,NaN,NaN,NaN,NaN,NaN
1687482000,6.17,6.18,6,6.18,3470600,NaN,NaN,NaN,NaN,NaN,NaN,NaN
1687741200,6.18,6.18,6.08,6.16,2849700,NaN,NaN,NaN,NaN,NaN,NaN,NaN
1687827600,6.16,6.17,6.14,6.16,2819200,NaN,NaN,NaN,NaN,NaN,NaN,NaN
1687914000,6.18,6.18,6.14,6.17,3213000,NaN,NaN,NaN,NaN,NaN,NaN,NaN
1688086800,6.17,6.18,6.1,6.17,2664900,235785000,4975761000,4010385000,11013000,82174000,965376000,2.75526742301459
1688346000,6.15,6.18,6.05,6.16,2352900,NaN,NaN,NaN,NaN,NaN,NaN,NaN
1688432400,6.17,6.17,6.13,6.16,2448700,NaN,NaN,NaN,NaN,NaN,NaN,NaN
1688518800,6.18,6.18,6.06,6.06,2994800,NaN,NaN,NaN,NaN,NaN,NaN,NaN
1688605200,6.12,6.12,6.04,6.12,2746600,NaN,NaN,NaN,NaN,NaN,NaN,NaN
1688691600,6.11,6.11,6.03,6.11,2777600,NaN,NaN,NaN,NaN,NaN,NaN,NaN
1688950800,6.15,6.15,6.04,6.05,3229500,NaN,NaN,NaN,NaN,NaN,NaN,NaN
1689037200,6.1,6.1,6.04,6.08,2847000,NaN,NaN,NaN,NaN,NaN,NaN,NaN
1689123600,6.12,6.2,6.08,6.2,2567000,NaN,NaN,NaN,NaN,NaN,NaN,NaN
1689210000,6.1,6.19,6.1,6.19,2622800,NaN,NaN,NaN,NaN,NaN,NaN,NaN
1689296400,6.19,6.19,6.07,6.15,2195100,NaN,NaN,NaN,NaN,NaN,NaN,NaN
1689555600,6.17,6.2,6.13,6.2,2521600,NaN,NaN,NaN,NaN,NaN,NaN,NaN
1689642000,6.19,6.19,6.14,6.19,2900000,NaN,NaN,NaN,NaN,NaN,NaN,NaN
1689814800,6.12,6.2,6.12,6.18,2494200,NaN,NaN,NaN,NaN,NaN,NaN,NaN
1689901200,6.2,6.2,6.12,6.16,2846500,NaN,NaN,NaN,NaN,NaN,NaN,NaN
1690160400,6.16,6.18,6.1,6.16,3276100,NaN,NaN,NaN,NaN,NaN,NaN,NaN
1690246800,6.18,6.18,6.08,6.18,2452400,NaN,NaN,NaN,NaN,NaN,NaN,NaN
1690333200,6.18,6.18,6.14,6.18,2721500,NaN,NaN,NaN,NaN,NaN,NaN,NaN
1690419600,6.19,6.2,6.16,6.18,2794900,NaN,NaN,NaN,NaN,NaN,NaN,NaN
1690506000,6.18,6.19,6.12,6.14,2180600,NaN,NaN,NaN,NaN,NaN,NaN,NaN
1690765200,6.16,6.19,6.11,6.19,2955100,NaN,NaN,NaN,NaN,NaN,NaN,NaN
1690851600,6.2,6.2,6.15,6.19,2396600,NaN,NaN,NaN,NaN,NaN,NaN,NaN
1690938000,6.19,6.19,6.12,6.15,2280400,NaN,NaN,NaN,NaN,NaN,NaN,NaN
1691024400,6.16,6.16,6.09,6.14,3158400,NaN,NaN,NaN,NaN,NaN,NaN,NaN
1691110800,6.13,6.16,6.13,6.14,2523000,NaN,NaN,NaN,NaN,NaN,NaN,NaN
1691370000,6.15,6.15,6.11,6.14,2265500,NaN,NaN,NaN,NaN,NaN,NaN,NaN
1691456400,6.14,6.14,6.09,6.13,2624600,NaN,NaN,NaN,NaN,NaN,NaN,NaN
1691542800,6.13,6.13,6.09,6.12,2120000,NaN,NaN,NaN,NaN,NaN,NaN,NaN
1691629200,6.09,6.13,6.08,6.1,2493300,NaN,NaN,NaN,NaN,NaN,NaN,NaN
1691715600,6.08,6.08,5.82,5.84,3302200,NaN,NaN,NaN,NaN,NaN,NaN,NaN
1691974800,5.84,5.89,5.45,5.48,3481800,NaN,NaN,NaN,NaN,NaN,NaN,NaN
1692061200,5.52,5.53,5.45,5.49,3043800,NaN,NaN,NaN,NaN,NaN,NaN,NaN
1692147600,5.5,5.53,5.45,5.48,2591200,NaN,NaN,NaN,NaN,NaN,NaN,NaN
1692234000,5.48,5.49,5.46,5.47,2909900,NaN,NaN,NaN,NaN,NaN,NaN,NaN
1692320400,5.48,5.49,5.45,5.47,2499100,NaN,NaN,NaN,NaN,NaN,NaN,NaN
1692579600,5.47,5.47,5.2,5.45,2797800,NaN,NaN,NaN,NaN,NaN,NaN,NaN
1692666000,5.4,5.42,5.34,5.38,3215200,NaN,NaN,NaN,NaN,NaN,NaN,NaN
1692752400,5.38,5.45,5.38,5.43,2437600,NaN,NaN,NaN,NaN,NaN,NaN,NaN
1692838800,5.43,5.43,5.38,5.43,2658400,NaN,NaN,NaN,NaN,NaN,NaN,NaN
1692925200,5.4,5.43,5.39,5.43,3203300,NaN,NaN,NaN,NaN,NaN,NaN,NaN
1693184400,5.43,5.43,5.39,5.42,2279400,NaN,NaN,NaN,NaN,NaN,NaN,NaN
1693270800,5.41,5.42,5.37,5.41,2473400,NaN,NaN,NaN,NaN,NaN,NaN,NaN
1693357200,5.4,5.42,5.35,5.36,2911500,NaN,NaN,NaN,NaN,NaN,NaN,NaN
1693530000,5.38,5.45,5.36,5.45,2168100,NaN,NaN,NaN,NaN,NaN,NaN,NaN
1693789200,5.46,5.5,5.34,5.42,2707000,NaN,NaN,NaN,NaN,NaN,NaN,NaN
1693875600,5.42,5.42,5.36,5.41,2696900,NaN,NaN,NaN,NaN,NaN,NaN,NaN
1693962000,5.43,5.43,5.34,5.36,2572300,NaN,NaN,NaN,NaN,NaN,NaN,NaN
1694048400,5.39,5.42,5.35,5.38,3045000,NaN,NaN,NaN,NaN,NaN,NaN,NaN
1694134800,5.4,5.4,5.3,5.34,3103400,NaN,NaN,NaN,NaN,NaN,NaN,NaN
1694394000,5.34,5.41,5.33,5.39,2388100,NaN,NaN,NaN,NaN,NaN,NaN,NaN
1694480400,5.4,5.48,5.4,5.48,2564800,NaN,NaN,NaN,NaN,NaN,NaN,NaN
1694566800,5.43,5.5,5.43,5.46,3518100,NaN,NaN,NaN,NaN,NaN,NaN,NaN
1694653200,5.48,5.48,5.41,5.45,1905800,NaN,NaN,NaN,NaN,NaN,NaN,NaN
1694739600,5.48,5.48,5.42,5.45,2156700,NaN,NaN,NaN,NaN,NaN,NaN,NaN
1694998800,5.39,5.47,5.37,5.39,2225000,NaN,NaN,NaN,NaN,NaN,NaN,NaN
1695085200,5.45,5.45,5.28,5.42,2699500,NaN,NaN,NaN,NaN,NaN,NaN,NaN
1695171600,5.42,5.42,5.3,5.38,2510400,NaN,NaN,NaN,NaN,NaN,NaN,NaN
1695258000,5.38,5.43,5.36,5.43,2357900,NaN,NaN,NaN,NaN,NaN,NaN,NaN
1695344400,5.32,5.41,5.32,5.41,2390300,NaN,NaN,NaN,NaN,NaN,NaN,NaN
1695603600,5.42,5.42,5.31,5.36,2163900,NaN,NaN,NaN,NaN,NaN,NaN,NaN
1695690000,5.35,5.38,5.33,5.34,1743800,NaN,NaN,NaN,NaN,NaN,NaN,NaN
1695776400,5.37,5.37,5.31,5.34,2664500,NaN,NaN,NaN,NaN,NaN,NaN,NaN
1695949200,5.36,5.36,5.27,5.28,2409600,235785300,4857845000,3916558000,28794000,96300000,941287000,3.21969696969697
1696208400,5.29,5.31,5.26,5.28,2047400,NaN,NaN,NaN,NaN,NaN,NaN,NaN
1696294800,5.3,5.31,5.25,5.27,3031700,NaN,NaN,NaN,NaN,NaN,NaN,NaN
1696381200,5.26,5.28,5.25,5.28,1806800,NaN,NaN,NaN,NaN,NaN,NaN,NaN
1696467600,5.28,5.3,5.25,5.3,2202400,NaN,NaN,NaN,NaN,NaN,NaN,NaN
1696554000,5.32,5.35,5.28,5.32,2376000,NaN,NaN,NaN,NaN,NaN,NaN,NaN
1696813200,5.32,5.32,5.29,5.32,1958300,NaN,NaN,NaN,NaN,NaN,NaN,NaN
1696899600,5.35,5.35,5.22,5.3,2304400,NaN,NaN,NaN,NaN,NaN,NaN,NaN
1696986000,5.3,5.31,5.27,5.29,2496500,NaN,NaN,NaN,NaN,NaN,NaN,NaN
1697072400,5.31,5.33,5.27,5.3,2343200,NaN,NaN,NaN,NaN,NaN,NaN,NaN
1697158800,5.29,5.31,5.27,5.29,2109200,NaN,NaN,NaN,NaN,NaN,NaN,NaN
1697418000,5.29,5.29,5.23,5.23,2603300,NaN,NaN,NaN,NaN,NaN,NaN,NaN
1697504400,5.27,5.27,5.23,5.24,2194100,NaN,NaN,NaN,NaN,NaN,NaN,NaN
1697590800,5.25,5.25,5.11,5.11,2405900,NaN,NaN,NaN,NaN,NaN,NaN,NaN
1697677200,5.11,5.11,4.9,4.9,2658200,NaN,NaN,NaN,NaN,NaN,NaN,NaN
1697763600,4.91,4.91,4.73,4.85,3124800,NaN,NaN,NaN,NaN,NaN,NaN,NaN
1698022800,4.86,4.94,4.77,4.92,2427300,NaN,NaN,NaN,NaN,NaN,NaN,NaN
1698109200,4.92,4.96,4.83,4.87,2168500,NaN,NaN,NaN,NaN,NaN,NaN,NaN
1698195600,4.87,4.95,4.85,4.94,2563300,NaN,NaN,NaN,NaN,NaN,NaN,NaN
1698282000,4.95,4.97,4.94,4.96,2260600,NaN,NaN,NaN,NaN,NaN,NaN,NaN
1698368400,4.79,4.79,4.73,4.78,1913300,NaN,NaN,NaN,NaN,NaN,NaN,NaN
1698627600,4.78,4.78,4.69,4.72,2464400,NaN,NaN,NaN,NaN,NaN,NaN,NaN
1698714000,4.7,4.7,4.65,4.66,798800,NaN,NaN,NaN,NaN,NaN,NaN,NaN
1698800400,4.66,4.66,4.61,4.61,1820700,NaN,NaN,NaN,NaN,NaN,NaN,NaN
1698886800,4.6,4.76,4.6,4.74,778000,NaN,NaN,NaN,NaN,NaN,NaN,NaN
1698973200,4.77,4.77,4.71,4.75,1411900,NaN,NaN,NaN,NaN,NaN,NaN,NaN
1699232400,4.75,4.85,4.75,4.82,962400,NaN,NaN,NaN,NaN,NaN,NaN,NaN
1699318800,4.8,4.83,4.74,4.79,871200,NaN,NaN,NaN,NaN,NaN,NaN,NaN
1699405200,4.8,4.8,4.76,4.78,386300,NaN,NaN,NaN,NaN,NaN,NaN,NaN
1699491600,4.78,4.79,4.73,4.74,474900,NaN,NaN,NaN,NaN,NaN,NaN,NaN
1699578000,4.76,4.76,4.69,4.69,1642000,NaN,NaN,NaN,NaN,NaN,NaN,NaN
1699923600,4.69,4.72,4.67,4.72,718200,NaN,NaN,NaN,NaN,NaN,NaN,NaN
1700010000,4.72,4.74,4.7,4.71,416100,NaN,NaN,NaN,NaN,NaN,NaN,NaN
1700096400,4.71,4.72,4.66,4.69,1340400,NaN,NaN,NaN,NaN,NaN,NaN,NaN
1700182800,4.66,4.69,4.64,4.69,1070500,NaN,NaN,NaN,NaN,NaN,NaN,NaN
1700442000,4.69,4.69,4.65,4.65,937800,NaN,NaN,NaN,NaN,NaN,NaN,NaN
1700528400,4.66,4.68,4.64,4.68,1164500,NaN,NaN,NaN,NaN,NaN,NaN,NaN
1700614800,4.66,4.67,4.64,4.66,789100,NaN,NaN,NaN,NaN,NaN,NaN,NaN
1700701200,4.66,4.67,4.64,4.67,1053900,NaN,NaN,NaN,NaN,NaN,NaN,NaN
1700787600,4.66,4.7,4.65,4.7,1183900,NaN,NaN,NaN,NaN,NaN,NaN,NaN
1701046800,4.72,4.72,4.68,4.7,799200,NaN,NaN,NaN,NaN,NaN,NaN,NaN
1701133200,4.7,4.7,4.63,4.66,1098000,NaN,NaN,NaN,NaN,NaN,NaN,NaN
1701219600,4.66,4.66,4.62,4.62,1057200,NaN,NaN,NaN,NaN,NaN,NaN,NaN
1701306000,4.62,4.72,4.61,4.72,1279700,NaN,NaN,NaN,NaN,NaN,NaN,NaN
1701392400,4.72,4.78,4.71,4.74,1144600,NaN,NaN,NaN,NaN,NaN,NaN,NaN
1701651600,4.71,4.8,4.7,4.7,1289800,NaN,NaN,NaN,NaN,NaN,NaN,NaN
1701738000,4.72,4.72,4.66,4.72,1132400,NaN,NaN,NaN,NaN,NaN,NaN,NaN
1701824400,4.65,4.73,4.65,4.68,1001200,NaN,NaN,NaN,NaN,NaN,NaN,NaN
1701910800,4.7,4.7,4.66,4.7,1017400,NaN,NaN,NaN,NaN,NaN,NaN,NaN
1701997200,4.71,4.71,4.66,4.69,1248900,NaN,NaN,NaN,NaN,NaN,NaN,NaN
1702256400,4.72,4.72,4.65,4.67,843200,NaN,NaN,NaN,NaN,NaN,NaN,NaN
1702342800,4.66,4.66,4.61,4.61,920700,NaN,NaN,NaN,NaN,NaN,NaN,NaN
1702429200,4.62,4.63,4.58,4.59,1104200,NaN,NaN,NaN,NaN,NaN,NaN,NaN
1702515600,4.6,4.61,4.53,4.54,985300,NaN,NaN,NaN,NaN,NaN,NaN,NaN
1702602000,4.57,4.57,4.43,4.45,1245500,NaN,NaN,NaN,NaN,NaN,NaN,NaN
1702861200,4.48,4.48,4.41,4.48,1020800,NaN,NaN,NaN,NaN,NaN,NaN,NaN
1702947600,4.47,4.48,4.42,4.45,1135500,NaN,NaN,NaN,NaN,NaN,NaN,NaN
1703034000,4.45,4.48,4.42,4.45,1198700,NaN,NaN,NaN,NaN,NaN,NaN,NaN
1703120400,4.45,4.46,4.43,4.46,892600,NaN,NaN,NaN,NaN,NaN,NaN,NaN
1703206800,4.46,4.47,4.41,4.46,739200,NaN,NaN,NaN,NaN,NaN,NaN,NaN
1703552400,4.43,4.52,4.43,4.47,850000,NaN,NaN,NaN,NaN,NaN,NaN,NaN
1703638800,4.46,4.47,4.43,4.45,789100,NaN,NaN,NaN,NaN,NaN,NaN,NaN
1703725200,4.44,4.47,4.43,4.45,764100,NaN,NaN,NaN,NaN,NaN,NaN,NaN
1703811600,4.48,4.65,4.48,4.55,784200,235785300,4762134000,3796192000,20649000,85780000,965942000,3.73626373626374
1704157200,4.58,4.58,4.5,4.5,588300,NaN,NaN,NaN,NaN,NaN,NaN,NaN
1704243600,4.5,4.54,4.43,4.47,892900,NaN,NaN,NaN,NaN,NaN,NaN,NaN
1704330000,4.46,4.48,4.44,4.48,442200,NaN,NaN,NaN,NaN,NaN,NaN,NaN
1704416400,4.5,4.53,4.46,4.5,604400,NaN,NaN,NaN,NaN,NaN,NaN,NaN
1704675600,4.55,4.55,4.47,4.5,645100,NaN,NaN,NaN,NaN,NaN,NaN,NaN
1704762000,4.61,4.86,4.61,4.68,1831100,NaN,NaN,NaN,NaN,NaN,NaN,NaN
1704848400,4.77,4.77,4.54,4.57,1300300,NaN,NaN,NaN,NaN,NaN,NaN,NaN
1704934800,4.64,4.64,4.51,4.53,1032200,NaN,NaN,NaN,NaN,NaN,NaN,NaN
1705021200,4.56,4.56,4.45,4.46,733900,NaN,NaN,NaN,NaN,NaN,NaN,NaN
1705280400,4.5,4.5,4.42,4.46,722300,NaN,NaN,NaN,NaN,NaN,NaN,NaN
1705366800,4.48,4.48,4.19,4.22,4718500,NaN,NaN,NaN,NaN,NaN,NaN,NaN
1705453200,4.25,4.33,4,4.04,3357000,NaN,NaN,NaN,NaN,NaN,NaN,NaN
1705539600,4.16,4.23,4.04,4.13,2945200,NaN,NaN,NaN,NaN,NaN,NaN,NaN
1705626000,4.12,4.41,4.12,4.38,1726600,NaN,NaN,NaN,NaN,NaN,NaN,NaN
1705885200,4.38,4.43,4.26,4.38,1117800,NaN,NaN,NaN,NaN,NaN,NaN,NaN
1705971600,4.42,4.48,4.34,4.38,941500,NaN,NaN,NaN,NaN,NaN,NaN,NaN
1706058000,4.4,4.45,4.27,4.27,1478300,NaN,NaN,NaN,NaN,NaN,NaN,NaN
1706230800,4.31,4.34,4.18,4.22,1320800,NaN,NaN,NaN,NaN,NaN,NaN,NaN
1706490000,4.24,4.28,4.2,4.22,310800,NaN,NaN,NaN,NaN,NaN,NaN,NaN
1706576400,4.22,4.22,4.17,4.18,460100,NaN,NaN,NaN,NaN,NaN,NaN,NaN
1706662800,4.23,4.24,4.19,4.22,152200,NaN,NaN,NaN,NaN,NaN,NaN,NaN
1706835600,4.22,4.32,4.22,4.26,379000,NaN,NaN,NaN,NaN,NaN,NaN,NaN
1707094800,4.3,4.35,4.27,4.27,442100,NaN,NaN,NaN,NaN,NaN,NaN,NaN
1707181200,4.28,4.33,4.27,4.27,122600,NaN,NaN,NaN,NaN,NaN,NaN,NaN
1707267600,4.28,4.28,4.24,4.24,132300,NaN,NaN,NaN,NaN,NaN,NaN,NaN
1707354000,4.25,4.26,4.22,4.25,138000,NaN,NaN,NaN,NaN,NaN,NaN,NaN
1707440400,4.28,4.38,4.25,4.37,222600,NaN,NaN,NaN,NaN,NaN,NaN,NaN
1707786000,4.34,4.37,4.3,4.36,118700,NaN,NaN,NaN,NaN,NaN,NaN,NaN
1707872400,4.36,4.4,4.35,4.36,107000,NaN,NaN,NaN,NaN,NaN,NaN,NaN
1707958800,4.38,4.41,4.36,4.39,171700,NaN,NaN,NaN,NaN,NaN,NaN,NaN
1708045200,4.39,4.39,4.35,4.35,69600,NaN,NaN,NaN,NaN,NaN,NaN,NaN
1708304400,4.35,4.36,4.34,4.34,97300,NaN,NaN,NaN,NaN,NaN,NaN,NaN
1708390800,4.34,4.39,4.32,4.37,112700,NaN,NaN,NaN,NaN,NaN,NaN,NaN
1708477200,4.37,4.4,4.34,4.38,66200,NaN,NaN,NaN,NaN,NaN,NaN,NaN
1708563600,4.38,4.39,4.36,4.38,101400,NaN,NaN,NaN,NaN,NaN,NaN,NaN
1708650000,4.39,4.42,4.38,4.41,158800,NaN,NaN,NaN,NaN,NaN,NaN,NaN
1708909200,4.41,4.41,4.35,4.36,182500,NaN,NaN,NaN,NaN,NaN,NaN,NaN
1708995600,4.38,4.4,4.36,4.4,119400,NaN,NaN,NaN,NaN,NaN,NaN,NaN
1709082000,4.38,4.39,4.29,4.33,294700,NaN,NaN,NaN,NaN,NaN,NaN,NaN
1709168400,4.33,4.33,4.3,4.3,219500,NaN,NaN,NaN,NaN,NaN,NaN,NaN
1709254800,4.3,4.32,4.3,4.3,94900,NaN,NaN,NaN,NaN,NaN,NaN,NaN
1709514000,4.3,4.3,4.28,4.28,122900,NaN,NaN,NaN,NaN,NaN,NaN,NaN
1709600400,4.28,4.28,4.25,4.26,96600,NaN,NaN,NaN,NaN,NaN,NaN,NaN
1709686800,4.24,4.25,4.23,4.24,80800,NaN,NaN,NaN,NaN,NaN,NaN,NaN
1709773200,4.24,4.25,4.22,4.22,103000,NaN,NaN,NaN,NaN,NaN,NaN,NaN
1709859600,4.23,4.24,4.2,4.22,116200,NaN,NaN,NaN,NaN,NaN,NaN,NaN
1710118800,4.22,4.22,4.17,4.18,174900,NaN,NaN,NaN,NaN,NaN,NaN,NaN
1710205200,4.18,4.18,4.12,4.14,162300,NaN,NaN,NaN,NaN,NaN,NaN,NaN
1710291600,4.15,4.15,4.1,4.1,410000,NaN,NaN,NaN,NaN,NaN,NaN,NaN
1710378000,4.11,4.13,4.1,4.13,233800,NaN,NaN,NaN,NaN,NaN,NaN,NaN
1710464400,4.12,4.13,4.09,4.09,230600,NaN,NaN,NaN,NaN,NaN,NaN,NaN
1710723600,4.16,4.16,4.09,4.11,197600,NaN,NaN,NaN,NaN,NaN,NaN,NaN
1710810000,4.1,4.11,4.08,4.1,157300,NaN,NaN,NaN,NaN,NaN,NaN,NaN
1710896400,4.1,4.1,4.08,4.09,223000,NaN,NaN,NaN,NaN,NaN,NaN,NaN
1710982800,4.09,4.1,4.07,4.08,310500,NaN,NaN,NaN,NaN,NaN,NaN,NaN
1711069200,4.08,4.09,4.06,4.08,343700,NaN,NaN,NaN,NaN,NaN,NaN,NaN
1711328400,4.08,4.23,4.08,4.09,223200,NaN,NaN,NaN,NaN,NaN,NaN,NaN
1711414800,4.1,4.1,4.07,4.08,381000,NaN,NaN,NaN,NaN,NaN,NaN,NaN
1711501200,4.08,4.1,4.07,4.1,125500,NaN,NaN,NaN,NaN,NaN,NaN,NaN
1711674000,4.11,4.18,4.08,4.14,209400,235785300,4956167000,3965699000,28154000,84116000,990468000,4.10628019323672
1711933200,4.14,4.15,4.1,4.11,74900,NaN,NaN,NaN,NaN,NaN,NaN,NaN
1712019600,4.11,4.12,4.09,4.09,100100,NaN,NaN,NaN,NaN,NaN,NaN,NaN
1712106000,4.09,4.11,4.09,4.11,54100,NaN,NaN,NaN,NaN,NaN,NaN,NaN
1712192400,4.12,4.13,4.11,4.13,32500,NaN,NaN,NaN,NaN,NaN,NaN,NaN
1712278800,4.12,4.12,4.1,4.1,99400,NaN,NaN,NaN,NaN,NaN,NaN,NaN
1712538000,4.1,4.11,4.1,4.11,58700,NaN,NaN,NaN,NaN,NaN,NaN,NaN
1712624400,4.11,4.17,4.11,4.17,125300,NaN,NaN,NaN,NaN,NaN,NaN,NaN
1712883600,4.16,4.2,4.16,4.18,110100,NaN,NaN,NaN,NaN,NaN,NaN,NaN
1713142800,4.17,4.17,4.11,4.13,112000,NaN,NaN,NaN,NaN,NaN,NaN,NaN
1713229200,4.12,4.12,4.08,4.1,221900,NaN,NaN,NaN,NaN,NaN,NaN,NaN
1713315600,4.09,4.13,4.09,4.09,132500,NaN,NaN,NaN,NaN,NaN,NaN,NaN
1713402000,4.08,4.09,4.08,4.09,256600,NaN,NaN,NaN,NaN,NaN,NaN,NaN
1713488400,4.08,4.08,4.05,4.05,165400,NaN,NaN,NaN,NaN,NaN,NaN,NaN
1713747600,4.07,4.09,4.06,4.08,122000,NaN,NaN,NaN,NaN,NaN,NaN,NaN
1713834000,4.12,4.12,4.07,4.08,164700,NaN,NaN,NaN,NaN,NaN,NaN,NaN
1713920400,4.08,4.09,4.07,4.08,219100,NaN,NaN,NaN,NaN,NaN,NaN,NaN
1714006800,4.07,4.09,4.07,4.08,135400,NaN,NaN,NaN,NaN,NaN,NaN,NaN
1714093200,4.08,4.09,4.07,4.09,182800,NaN,NaN,NaN,NaN,NaN,NaN,NaN
1714352400,4.08,4.09,4.07,4.08,197900,NaN,NaN,NaN,NaN,NaN,NaN,NaN
1714438800,4.08,4.08,4.07,4.08,68100,NaN,NaN,NaN,NaN,NaN,NaN,NaN
1714611600,4.1,4.13,4.1,4.12,167800,NaN,NaN,NaN,NaN,NaN,NaN,NaN
1714698000,4.12,4.14,4.1,4.12,52900,NaN,NaN,NaN,NaN,NaN,NaN,NaN
1714957200,4.12,4.13,4.11,4.13,72100,NaN,NaN,NaN,NaN,NaN,NaN,NaN
1715043600,4.13,4.2,4.13,4.18,160000,NaN,NaN,NaN,NaN,NaN,NaN,NaN
1715130000,4.17,4.26,4.17,4.18,315100,NaN,NaN,NaN,NaN,NaN,NaN,NaN
1715216400,4.2,4.22,4.18,4.21,73700,NaN,NaN,NaN,NaN,NaN,NaN,NaN
1715302800,4.19,4.25,4.19,4.24,89500,NaN,NaN,NaN,NaN,NaN,NaN,NaN
1715562000,4.24,4.31,4.24,4.3,162600,NaN,NaN,NaN,NaN,NaN,NaN,NaN
1715648400,4.35,4.45,4.33,4.4,690800,NaN,NaN,NaN,NaN,NaN,NaN,NaN
1715734800,4.4,4.48,4.4,4.47,372400,NaN,NaN,NaN,NaN,NaN,NaN,NaN
1715821200,4.47,4.49,4.44,4.49,223800,NaN,NaN,NaN,NaN,NaN,NaN,NaN
1715907600,4.5,4.63,4.49,4.6,445200,NaN,NaN,NaN,NaN,NaN,NaN,NaN
1716166800,4.64,4.81,4.63,4.67,776200,NaN,NaN,NaN,NaN,NaN,NaN,NaN
1716253200,4.68,4.75,4.6,4.63,266400,NaN,NaN,NaN,NaN,NaN,NaN,NaN
1716426000,4.61,4.66,4.61,4.65,127300,NaN,NaN,NaN,NaN,NaN,NaN,NaN
1716512400,4.63,4.63,4.59,4.6,165100,NaN,NaN,NaN,NaN,NaN,NaN,NaN
1716771600,4.6,4.63,4.49,4.5,308600,NaN,NaN,NaN,NaN,NaN,NaN,NaN
1716858000,4.5,4.55,4.45,4.45,162900,NaN,NaN,NaN,NaN,NaN,NaN,NaN
1716944400,4.49,4.49,4.45,4.48,104700,NaN,NaN,NaN,NaN,NaN,NaN,NaN
1717030800,4.48,4.66,4.45,4.51,372200,NaN,NaN,NaN,NaN,NaN,NaN,NaN
1717117200,4.55,4.55,4.43,4.48,334100,NaN,NaN,NaN,NaN,NaN,NaN,NaN
1717462800,4.48,4.48,4.32,4.4,210100,NaN,NaN,NaN,NaN,NaN,NaN,NaN
1717549200,4.41,4.44,4.4,4.42,124400,NaN,NaN,NaN,NaN,NaN,NaN,NaN
1717635600,4.42,4.42,4.36,4.38,122400,NaN,NaN,NaN,NaN,NaN,NaN,NaN
1717722000,4.38,4.45,4.37,4.4,147200,NaN,NaN,NaN,NaN,NaN,NaN,NaN
1717981200,4.4,4.55,4.4,4.55,261900,NaN,NaN,NaN,NaN,NaN,NaN,NaN
1718067600,4.55,4.59,4.49,4.57,172300,NaN,NaN,NaN,NaN,NaN,NaN,NaN
1718154000,4.57,4.57,4.49,4.49,116900,NaN,NaN,NaN,NaN,NaN,NaN,NaN
1718240400,4.5,4.5,4.44,4.49,86000,NaN,NaN,NaN,NaN,NaN,NaN,NaN
1718326800,4.49,4.5,4.43,4.5,67000,NaN,NaN,NaN,NaN,NaN,NaN,NaN
1718672400,4.5,4.5,4.39,4.4,171400,NaN,NaN,NaN,NaN,NaN,NaN,NaN
1718758800,4.4,4.4,4.33,4.35,174100,NaN,NaN,NaN,NaN,NaN,NaN,NaN
1718845200,4.35,4.35,4.28,4.3,170100,NaN,NaN,NaN,NaN,NaN,NaN,NaN
1718931600,4.35,4.38,4.28,4.35,109200,NaN,NaN,NaN,NaN,NaN,NaN,NaN
1719190800,4.35,4.35,4.3,4.31,77000,NaN,NaN,NaN,NaN,NaN,NaN,NaN
1719277200,4.31,4.31,4.28,4.3,80700,NaN,NaN,NaN,NaN,NaN,NaN,NaN
1719363600,4.32,4.33,4.29,4.3,84800,NaN,NaN,NaN,NaN,NaN,NaN,NaN
1719450000,4.3,4.3,4.28,4.3,47400,NaN,NaN,NaN,NaN,NaN,NaN,NaN
1719536400,4.31,4.33,4.3,4.3,57700,235785000,5279559000,4252395999.9999995,50690000,125530000,1027163000,5.11627906976744
1719795600,4.32,4.33,4.3,4.3,76500,NaN,NaN,NaN,NaN,NaN,NaN,NaN
1719882000,4.3,4.32,4.3,4.3,52900,NaN,NaN,NaN,NaN,NaN,NaN,NaN
1719968400,4.3,4.32,4.3,4.32,155100,NaN,NaN,NaN,NaN,NaN,NaN,NaN
1720054800,4.34,4.37,4.32,4.33,40000,NaN,NaN,NaN,NaN,NaN,NaN,NaN
1720141200,4.33,4.39,4.33,4.39,74900,NaN,NaN,NaN,NaN,NaN,NaN,NaN
1720486800,4.4,4.4,4.34,4.38,152900,NaN,NaN,NaN,NaN,NaN,NaN,NaN
1720573200,4.38,4.44,4.38,4.42,87200,NaN,NaN,NaN,NaN,NaN,NaN,NaN
1720659600,4.44,4.44,4.38,4.4,106200,NaN,NaN,NaN,NaN,NaN,NaN,NaN
1720746000,4.4,4.4,4.35,4.39,91500,NaN,NaN,NaN,NaN,NaN,NaN,NaN
1721005200,4.39,4.4,4.38,4.39,150700,NaN,NaN,NaN,NaN,NaN,NaN,NaN
1721091600,4.39,4.4,4.38,4.39,106800,NaN,NaN,NaN,NaN,NaN,NaN,NaN
1721178000,4.39,4.4,4.38,4.39,295400,NaN,NaN,NaN,NaN,NaN,NaN,NaN
1721264400,4.39,4.4,4.37,4.39,188500,NaN,NaN,NaN,NaN,NaN,NaN,NaN
1721350800,4.38,4.4,4.38,4.4,61800,NaN,NaN,NaN,NaN,NaN,NaN,NaN
1721610000,4.4,4.41,4.38,4.4,95800,NaN,NaN,NaN,NaN,NaN,NaN,NaN
1721696400,4.4,4.41,4.38,4.4,123500,NaN,NaN,NaN,NaN,NaN,NaN,NaN
1721782800,4.39,4.39,4.37,4.38,113800,NaN,NaN,NaN,NaN,NaN,NaN,NaN
1721869200,4.36,4.37,4.33,4.36,59600,NaN,NaN,NaN,NaN,NaN,NaN,NaN
1721955600,4.34,4.36,4.34,4.35,37600,NaN,NaN,NaN,NaN,NaN,NaN,NaN
1722214800,4.35,4.37,4.35,4.37,39200,NaN,NaN,NaN,NaN,NaN,NaN,NaN
1722301200,4.38,4.39,4.33,4.33,53100,NaN,NaN,NaN,NaN,NaN,NaN,NaN
1722387600,4.35,4.35,4.32,4.33,90100,NaN,NaN,NaN,NaN,NaN,NaN,NaN
1722474000,4.33,4.4,4.33,4.4,57500,NaN,NaN,NaN,NaN,NaN,NaN,NaN
1722560400,4.36,4.37,4.32,4.33,203200,NaN,NaN,NaN,NaN,NaN,NaN,NaN
1722819600,4.3,4.32,4.05,4.08,449500,NaN,NaN,NaN,NaN,NaN,NaN,NaN
1722906000,4.08,4.19,4.03,4.18,149000,NaN,NaN,NaN,NaN,NaN,NaN,NaN
1722992400,4.17,4.19,4.11,4.18,64200,NaN,NaN,NaN,NaN,NaN,NaN,NaN
1723078800,4.14,4.19,4.1,4.19,116000,NaN,NaN,NaN,NaN,NaN,NaN,NaN
1723165200,4.19,4.25,4.19,4.25,79400,NaN,NaN,NaN,NaN,NaN,NaN,NaN
1723424400,4.25,4.25,4.21,4.22,38300,NaN,NaN,NaN,NaN,NaN,NaN,NaN
1723510800,4.21,4.25,4.18,4.25,26300,NaN,NaN,NaN,NaN,NaN,NaN,NaN
1723597200,4.21,4.25,4.2,4.25,45800,NaN,NaN,NaN,NaN,NaN,NaN,NaN
1723683600,4.25,4.39,4.25,4.29,60600,NaN,NaN,NaN,NaN,NaN,NaN,NaN
1723770000,4.28,4.28,4.25,4.28,23400,NaN,NaN,NaN,NaN,NaN,NaN,NaN
1724029200,4.28,4.36,4.25,4.34,64500,NaN,NaN,NaN,NaN,NaN,NaN,NaN
1724115600,4.35,4.37,4.33,4.33,61100,NaN,NaN,NaN,NaN,NaN,NaN,NaN
1724202000,4.33,4.39,4.33,4.36,108800,NaN,NaN,NaN,NaN,NaN,NaN,NaN
1724288400,4.38,4.38,4.35,4.36,17900,NaN,NaN,NaN,NaN,NaN,NaN,NaN
1724374800,4.36,4.36,4.31,4.31,84100,NaN,NaN,NaN,NaN,NaN,NaN,NaN
1724634000,4.31,4.32,4.31,4.32,35000,NaN,NaN,NaN,NaN,NaN,NaN,NaN
1724720400,4.32,4.35,4.32,4.34,68700,NaN,NaN,NaN,NaN,NaN,NaN,NaN
1724806800,4.35,4.44,4.34,4.42,327300,NaN,NaN,NaN,NaN,NaN,NaN,NaN
1724893200,4.43,4.57,4.4,4.5,620400,NaN,NaN,NaN,NaN,NaN,NaN,NaN
1724979600,4.58,4.61,4.51,4.54,589100,NaN,NaN,NaN,NaN,NaN,NaN,NaN
1725238800,4.58,4.62,4.54,4.55,134200,NaN,NaN,NaN,NaN,NaN,NaN,NaN
1725325200,4.57,4.58,4.51,4.53,106400,NaN,NaN,NaN,NaN,NaN,NaN,NaN
1725411600,4.5,4.52,4.47,4.47,204200,NaN,NaN,NaN,NaN,NaN,NaN,NaN
1725498000,4.47,4.48,4.44,4.46,126000,NaN,NaN,NaN,NaN,NaN,NaN,NaN
1725584400,4.42,4.45,4.35,4.41,94800,NaN,NaN,NaN,NaN,NaN,NaN,NaN
1725843600,4.4,4.44,4.31,4.41,39800,NaN,NaN,NaN,NaN,NaN,NaN,NaN
1725930000,4.41,4.42,4.37,4.4,117900,NaN,NaN,NaN,NaN,NaN,NaN,NaN
1726016400,4.4,4.4,4.34,4.34,145700,NaN,NaN,NaN,NaN,NaN,NaN,NaN
1726102800,4.38,4.42,4.35,4.4,127200,NaN,NaN,NaN,NaN,NaN,NaN,NaN
1726189200,4.4,4.44,4.4,4.44,66100,NaN,NaN,NaN,NaN,NaN,NaN,NaN
1726534800,4.44,4.5,4.44,4.49,92700,NaN,NaN,NaN,NaN,NaN,NaN,NaN
1726621200,4.5,4.5,4.46,4.48,71500,NaN,NaN,NaN,NaN,NaN,NaN,NaN
1726707600,4.48,4.5,4.47,4.49,66300,NaN,NaN,NaN,NaN,NaN,NaN,NaN
1726794000,4.49,4.54,4.49,4.54,93000,NaN,NaN,NaN,NaN,NaN,NaN,NaN
1727053200,4.55,4.57,4.52,4.55,96800,NaN,NaN,NaN,NaN,NaN,NaN,NaN
1727139600,4.55,4.55,4.53,4.55,35200,NaN,NaN,NaN,NaN,NaN,NaN,NaN
1727226000,4.55,4.57,4.51,4.54,89200,NaN,NaN,NaN,NaN,NaN,NaN,NaN
1727312400,4.53,4.56,4.53,4.55,57500,NaN,NaN,NaN,NaN,NaN,NaN,NaN
1727398800,4.53,4.55,4.53,4.54,20200,NaN,NaN,NaN,NaN,NaN,NaN,NaN
1727658000,4.55,4.55,4.53,4.53,144900,235785000,5438465000,4443808000,22924000,103445000,994657000,NaN
1727744400,4.55,4.59,4.55,4.57,240200,NaN,NaN,NaN,NaN,NaN,NaN,NaN
1727830800,4.55,4.57,4.53,4.55,141000,NaN,NaN,NaN,NaN,NaN,NaN,NaN
1727917200,4.54,4.58,4.54,4.58,156300,NaN,NaN,NaN,NaN,NaN,NaN,NaN
1728003600,4.59,4.59,4.5,4.52,182000,NaN,NaN,NaN,NaN,NaN,NaN,NaN
1728262800,4.58,4.58,4.49,4.53,238500,NaN,NaN,NaN,NaN,NaN,NaN,NaN
1728349200,4.55,4.58,4.53,4.55,173800,NaN,NaN,NaN,NaN,NaN,NaN,NaN
1728435600,4.52,4.56,4.52,4.54,76800,NaN,NaN,NaN,NaN,NaN,NaN,NaN
1728522000,4.56,4.58,4.55,4.57,84300,NaN,NaN,NaN,NaN,NaN,NaN,NaN
1728608400,4.56,4.59,4.52,4.58,153200,NaN,NaN,NaN,NaN,NaN,NaN,NaN
1728867600,4.59,4.59,4.57,4.58,153700,NaN,NaN,NaN,NaN,NaN,NaN,NaN
1728954000,4.57,4.61,4.57,4.59,206200,NaN,NaN,NaN,NaN,NaN,NaN,NaN
1729040400,4.61,4.62,4.59,4.6,119900,NaN,NaN,NaN,NaN,NaN,NaN,NaN
1729126800,4.62,4.63,4.6,4.62,94100,NaN,NaN,NaN,NaN,NaN,NaN,NaN
1729213200,4.63,4.65,4.63,4.64,142400,NaN,NaN,NaN,NaN,NaN,NaN,NaN
1729472400,4.65,4.67,4.61,4.61,185000,NaN,NaN,NaN,NaN,NaN,NaN,NaN
1729558800,4.65,4.65,4.62,4.62,178100,NaN,NaN,NaN,NaN,NaN,NaN,NaN
1729645200,4.63,4.64,4.62,4.62,97100,NaN,NaN,NaN,NaN,NaN,NaN,NaN
1729731600,4.63,4.63,4.6,4.6,161000,NaN,NaN,NaN,NaN,NaN,NaN,NaN
1729818000,4.6,4.6,4.54,4.55,243800,NaN,NaN,NaN,NaN,NaN,NaN,NaN
1730077200,4.54,4.57,4.53,4.55,136800,NaN,NaN,NaN,NaN,NaN,NaN,NaN
1730163600,4.54,4.55,4.5,4.54,357500,NaN,NaN,NaN,NaN,NaN,NaN,NaN
1730250000,4.32,4.32,4.24,4.24,217700,NaN,NaN,NaN,NaN,NaN,NaN,NaN
1730422800,4.22,4.24,4.17,4.18,160000,NaN,NaN,NaN,NaN,NaN,NaN,NaN
1730682000,4.16,4.18,4.11,4.17,253400,NaN,NaN,NaN,NaN,NaN,NaN,NaN
1730768400,4.2,4.22,4.18,4.21,35900,NaN,NaN,NaN,NaN,NaN,NaN,NaN
1730854800,4.23,4.29,4.23,4.29,122400,NaN,NaN,NaN,NaN,NaN,NaN,NaN
1730941200,4.3,4.3,4.18,4.2,87000,NaN,NaN,NaN,NaN,NaN,NaN,NaN
1731027600,4.2,4.2,4.15,4.15,96100,NaN,NaN,NaN,NaN,NaN,NaN,NaN
1731286800,4.16,4.19,4.15,4.15,75500,NaN,NaN,NaN,NaN,NaN,NaN,NaN
1731373200,4.16,4.19,4.12,4.13,88500,NaN,NaN,NaN,NaN,NaN,NaN,NaN
1731459600,4.14,4.15,4.13,4.13,69000,NaN,NaN,NaN,NaN,NaN,NaN,NaN
1731546000,4.13,4.25,4.13,4.14,40000,NaN,NaN,NaN,NaN,NaN,NaN,NaN
1731632400,4.14,4.14,4.13,4.13,53100,NaN,NaN,NaN,NaN,NaN,NaN,NaN
1731891600,4.13,4.15,4.06,4.08,248500,NaN,NaN,NaN,NaN,NaN,NaN,NaN
1731978000,4.08,4.13,4.05,4.08,71200,NaN,NaN,NaN,NaN,NaN,NaN,NaN
1732064400,4.1,4.13,4.1,4.11,64700,NaN,NaN,NaN,NaN,NaN,NaN,NaN
1732150800,4.11,4.14,4.1,4.1,38300,NaN,NaN,NaN,NaN,NaN,NaN,NaN
1732237200,4.16,4.16,4.1,4.12,42900,NaN,NaN,NaN,NaN,NaN,NaN,NaN
1732496400,4.1,4.12,4.1,4.1,22200,NaN,NaN,NaN,NaN,NaN,NaN,NaN
1732582800,4.1,4.11,4.08,4.09,70400,NaN,NaN,NaN,NaN,NaN,NaN,NaN
1732669200,4.17,4.17,4.08,4.13,37600,NaN,NaN,NaN,NaN,NaN,NaN,NaN
1732755600,4.1,4.1,4.07,4.07,175900,NaN,NaN,NaN,NaN,NaN,NaN,NaN
1732842000,4.07,4.07,4.02,4.06,122400,NaN,NaN,NaN,NaN,NaN,NaN,NaN
1733101200,4.07,4.07,4.02,4.02,133700,NaN,NaN,NaN,NaN,NaN,NaN,NaN
1733187600,4.02,4.03,4,4.01,179600,NaN,NaN,NaN,NaN,NaN,NaN,NaN
1733274000,4.01,4.02,4,4.02,175900,NaN,NaN,NaN,NaN,NaN,NaN,NaN
1733360400,4.02,4.05,4,4.05,88700,NaN,NaN,NaN,NaN,NaN,NaN,NaN
1733446800,4.06,4.1,4.05,4.1,49200,NaN,NaN,NaN,NaN,NaN,NaN,NaN
1733706000,4.04,4.06,4,4.03,64000,NaN,NaN,NaN,NaN,NaN,NaN,NaN
1733792400,4.03,4.05,4.01,4.01,92500,NaN,NaN,NaN,NaN,NaN,NaN,NaN
1733878800,4.02,4.08,4.01,4.01,34400,NaN,NaN,NaN,NaN,NaN,NaN,NaN
1733965200,4.06,4.06,4.01,4.02,67300,NaN,NaN,NaN,NaN,NaN,NaN,NaN
1734051600,4.09,4.09,4.02,4.02,21100,NaN,NaN,NaN,NaN,NaN,NaN,NaN
1734310800,4.02,4.05,4.01,4.02,28300,NaN,NaN,NaN,NaN,NaN,NaN,NaN
1734397200,4.02,4.04,4.01,4.01,38200,NaN,NaN,NaN,NaN,NaN,NaN,NaN
1734483600,4.03,4.03,4.02,4.02,12000,NaN,NaN,NaN,NaN,NaN,NaN,NaN
1734570000,4.01,4.02,4.01,4.02,88700,NaN,NaN,NaN,NaN,NaN,NaN,NaN
1734656400,4.03,4.04,4.02,4.02,25600,NaN,NaN,NaN,NaN,NaN,NaN,NaN
1734915600,4.01,4.03,4.01,4.02,39400,NaN,NaN,NaN,NaN,NaN,NaN,NaN
1735002000,4.02,4.03,4.01,4.03,32000,NaN,NaN,NaN,NaN,NaN,NaN,NaN
1735174800,4.02,4.05,4.02,4.05,29400,NaN,NaN,NaN,NaN,NaN,NaN,NaN
1735261200,4.05,4.07,4.05,4.06,30700,NaN,NaN,NaN,NaN,NaN,NaN,NaN
1735520400,4.06,4.1,4.06,4.08,37200,NaN,NaN,NaN,NaN,NaN,NaN,NaN
1735606800,4.1,4.1,4.05,4.05,26600,235785300,4899962000,3896691000,20568000,69417000,1003271000,NaN
1735779600,4.05,4.05,4.02,4.03,66800,NaN,NaN,NaN,NaN,NaN,NaN,NaN
1735866000,4.04,4.04,4.02,4.04,35800,NaN,NaN,NaN,NaN,NaN,NaN,NaN
1736125200,4.06,4.06,4.02,4.03,30700,NaN,NaN,NaN,NaN,NaN,NaN,NaN
1736211600,4.02,4.03,4.01,4.03,121200,NaN,NaN,NaN,NaN,NaN,NaN,NaN
1736298000,4.02,4.03,4.01,4.01,25100,NaN,NaN,NaN,NaN,NaN,NaN,NaN
1736384400,4.01,4.02,4.01,4.02,29800,NaN,NaN,NaN,NaN,NaN,NaN,NaN
1736470800,4.02,4.02,4.01,4.01,14200,NaN,NaN,NaN,NaN,NaN,NaN,NaN
1736730000,4.01,4.02,4.01,4.01,49600,NaN,NaN,NaN,NaN,NaN,NaN,NaN
1736816400,4.01,4.02,4.01,4.01,19000,NaN,NaN,NaN,NaN,NaN,NaN,NaN
1736902800,4.02,4.03,3.99,4.01,120900,NaN,NaN,NaN,NaN,NaN,NaN,NaN
1736989200,4,4,3.98,3.99,108800,NaN,NaN,NaN,NaN,NaN,NaN,NaN
1737075600,4,4,3.98,3.99,61000,NaN,NaN,NaN,NaN,NaN,NaN,NaN
1737334800,3.99,4,3.98,3.99,42900,NaN,NaN,NaN,NaN,NaN,NaN,NaN
1737421200,3.98,4,3.98,3.98,39200,NaN,NaN,NaN,NaN,NaN,NaN,NaN
1737507600,3.98,3.99,3.98,3.99,39400,NaN,NaN,NaN,NaN,NaN,NaN,NaN
1737594000,3.99,3.99,3.98,3.98,17600,NaN,NaN,NaN,NaN,NaN,NaN,NaN
1737680400,3.98,3.98,3.95,3.95,138400,NaN,NaN,NaN,NaN,NaN,NaN,NaN
1737939600,3.95,3.95,3.95,3.95,30000,NaN,NaN,NaN,NaN,NaN,NaN,NaN
1738026000,3.95,4.01,3.95,4.01,124300,NaN,NaN,NaN,NaN,NaN,NaN,NaN
1738285200,4.02,4.03,3.96,4.02,31400,NaN,NaN,NaN,NaN,NaN,NaN,NaN
1738544400,4.02,4.02,4,4.01,6500,NaN,NaN,NaN,NaN,NaN,NaN,NaN
1738630800,3.98,4,3.95,3.95,32800,NaN,NaN,NaN,NaN,NaN,NaN,NaN
1738717200,3.95,3.98,3.92,3.94,35400,NaN,NaN,NaN,NaN,NaN,NaN,NaN
1738803600,3.93,3.95,3.93,3.94,8400,NaN,NaN,NaN,NaN,NaN,NaN,NaN
1738890000,3.93,3.96,3.92,3.96,41200,NaN,NaN,NaN,NaN,NaN,NaN,NaN
1739149200,3.96,3.96,3.95,3.96,12700,NaN,NaN,NaN,NaN,NaN,NaN,NaN
1739322000,3.95,3.95,3.91,3.95,76100,NaN,NaN,NaN,NaN,NaN,NaN,NaN
1739408400,3.92,3.95,3.92,3.95,23000,NaN,NaN,NaN,NaN,NaN,NaN,NaN
1739494800,3.95,3.95,3.94,3.95,22300,NaN,NaN,NaN,NaN,NaN,NaN,NaN
1739754000,3.95,3.96,3.94,3.94,11200,NaN,NaN,NaN,NaN,NaN,NaN,NaN
1739840400,3.95,3.95,3.92,3.92,55200,NaN,NaN,NaN,NaN,NaN,NaN,NaN
1739926800,3.91,3.91,3.89,3.9,51900,NaN,NaN,NaN,NaN,NaN,NaN,NaN
1740013200,3.9,3.9,3.8,3.83,197000,NaN,NaN,NaN,NaN,NaN,NaN,NaN
1740099600,3.82,3.84,3.81,3.84,48400,NaN,NaN,NaN,NaN,NaN,NaN,NaN
1740358800,3.84,3.85,3.82,3.83,17700,NaN,NaN,NaN,NaN,NaN,NaN,NaN
1740445200,3.82,3.83,3.82,3.82,19900,NaN,NaN,NaN,NaN,NaN,NaN,NaN
1740531600,3.82,3.82,3.71,3.73,127100,NaN,NaN,NaN,NaN,NaN,NaN,NaN
1740618000,3.73,3.73,3.71,3.72,110200,NaN,NaN,NaN,NaN,NaN,NaN,NaN
1740704400,3.72,3.72,3.61,3.63,144200,NaN,NaN,NaN,NaN,NaN,NaN,NaN
1740963600,3.63,3.63,3.48,3.51,179100,NaN,NaN,NaN,NaN,NaN,NaN,NaN
1741050000,3.49,3.49,3.37,3.39,196600,NaN,NaN,NaN,NaN,NaN,NaN,NaN
1741136400,3.4,3.45,3.37,3.41,63900,NaN,NaN,NaN,NaN,NaN,NaN,NaN
1741222800,3.42,3.59,3.42,3.52,44500,NaN,NaN,NaN,NaN,NaN,NaN,NaN
1741309200,3.5,3.56,3.43,3.49,56700,NaN,NaN,NaN,NaN,NaN,NaN,NaN
1741568400,3.46,3.49,3.41,3.49,37400,NaN,NaN,NaN,NaN,NaN,NaN,NaN
1741654800,3.41,3.41,3.35,3.38,148000,NaN,NaN,NaN,NaN,NaN,NaN,NaN
1741741200,3.38,3.38,3.28,3.37,166600,NaN,NaN,NaN,NaN,NaN,NaN,NaN
1741827600,3.3,3.38,3.3,3.35,35100,NaN,NaN,NaN,NaN,NaN,NaN,NaN
1741914000,3.38,3.39,3.3,3.39,28200,NaN,NaN,NaN,NaN,NaN,NaN,NaN
1742173200,3.4,3.5,3.37,3.48,49800,NaN,NaN,NaN,NaN,NaN,NaN,NaN
1742346000,3.48,3.5,3.38,3.5,42200,NaN,NaN,NaN,NaN,NaN,NaN,NaN
1742432400,3.46,3.46,3.36,3.42,93400,NaN,NaN,NaN,NaN,NaN,NaN,NaN
1742518800,3.42,3.46,3.4,3.46,8900,NaN,NaN,NaN,NaN,NaN,NaN,NaN
1742778000,3.45,3.45,3.4,3.42,16300,NaN,NaN,NaN,NaN,NaN,NaN,NaN
1742864400,3.42,3.42,3.4,3.42,31300,NaN,NaN,NaN,NaN,NaN,NaN,NaN
1742950800,3.41,3.43,3.4,3.43,13200,NaN,NaN,NaN,NaN,NaN,NaN,NaN
1743037200,3.47,3.47,3.39,3.46,59700,NaN,NaN,NaN,NaN,NaN,NaN,NaN
1743123600,3.43,3.45,3.42,3.42,27600,235785300,4974918000,3954791000,16202000.000000002,69680000,1020127000,NaN
1743555600,3.48,3.48,3.47,3.47,1400,NaN,NaN,NaN,NaN,NaN,NaN,NaN
1743642000,3.45,3.46,3.42,3.44,12600,NaN,NaN,NaN,NaN,NaN,NaN,NaN
1743728400,3.43,3.45,3.39,3.41,29800,NaN,NaN,NaN,NaN,NaN,NaN,NaN
1743987600,3.37,3.37,3.15,3.18,236800,NaN,NaN,NaN,NaN,NaN,NaN,NaN
1744074000,3.18,3.29,3.1,3.27,102200,NaN,NaN,NaN,NaN,NaN,NaN,NaN
1744160400,3.14,3.15,3.1,3.13,28000,NaN,NaN,NaN,NaN,NaN,NaN,NaN
1744246800,3.16,3.24,3.16,3.18,65100,NaN,NaN,NaN,NaN,NaN,NaN,NaN
1744333200,3.17,3.27,3.16,3.25,47600,NaN,NaN,NaN,NaN,NaN,NaN,NaN
1744592400,3.27,3.33,3.26,3.32,34600,NaN,NaN,NaN,NaN,NaN,NaN,NaN
1744678800,3.35,3.35,3.3,3.32,30300,NaN,NaN,NaN,NaN,NaN,NaN,NaN
1744765200,3.3,3.31,3.26,3.31,3100,NaN,NaN,NaN,NaN,NaN,NaN,NaN
1744851600,3.2,3.31,3.2,3.31,22900,NaN,NaN,NaN,NaN,NaN,NaN,NaN
1744938000,3.31,3.33,3.31,3.33,35300,NaN,NaN,NaN,NaN,NaN,NaN,NaN
1745197200,3.32,3.34,3.3,3.32,7600,NaN,NaN,NaN,NaN,NaN,NaN,NaN
1745283600,3.33,3.33,3.2,3.31,10200,NaN,NaN,NaN,NaN,NaN,NaN,NaN
1745370000,3.3,3.31,3.28,3.31,19500,NaN,NaN,NaN,NaN,NaN,NaN,NaN
1745456400,3.33,3.35,3.33,3.34,4100,NaN,NaN,NaN,NaN,NaN,NaN,NaN
1745542800,3.35,3.35,3.33,3.34,7700,NaN,NaN,NaN,NaN,NaN,NaN,NaN
1745802000,3.31,3.35,3.3,3.35,9300,NaN,NaN,NaN,NaN,NaN,NaN,NaN
1745888400,3.37,3.39,3.35,3.35,13200,NaN,NaN,NaN,NaN,NaN,NaN,NaN
1745974800,3.39,3.42,3.39,3.4,41200,NaN,NaN,NaN,NaN,NaN,NaN,NaN
1746147600,3.38,3.4,3.32,3.4,25500,NaN,NaN,NaN,NaN,NaN,NaN,NaN
1746406800,3.4,3.4,3.31,3.37,24500,NaN,NaN,NaN,NaN,NaN,NaN,NaN
1746493200,3.36,3.36,3.31,3.31,17800,NaN,NaN,NaN,NaN,NaN,NaN,NaN
1746579600,3.31,3.33,3.3,3.33,53200,NaN,NaN,NaN,NaN,NaN,NaN,NaN
1746666000,3.31,3.4,3.3,3.38,57000,NaN,NaN,NaN,NaN,NaN,NaN,NaN
1746752400,3.34,3.35,3.33,3.35,21800,NaN,NaN,NaN,NaN,NaN,NaN,NaN
1747098000,3.4,3.42,3.36,3.42,126100,NaN,NaN,NaN,NaN,NaN,NaN,NaN
1747184400,3.5,3.5,3.42,3.47,28800,NaN,NaN,NaN,NaN,NaN,NaN,NaN
1747270800,3.48,3.5,3.47,3.47,14000,NaN,NaN,NaN,NaN,NaN,NaN,NaN
1747357200,3.49,3.49,3.46,3.46,28000,NaN,NaN,NaN,NaN,NaN,NaN,NaN
1747616400,3.46,3.46,3.4,3.42,25700,NaN,NaN,NaN,NaN,NaN,NaN,NaN
1747702800,3.45,3.46,3.45,3.46,3200,NaN,NaN,NaN,NaN,NaN,NaN,NaN
1747789200,3.45,3.45,3.42,3.45,6500,NaN,NaN,NaN,NaN,NaN,NaN,NaN
1747875600,3.43,3.47,3.42,3.47,800,NaN,NaN,NaN,NaN,NaN,NaN,NaN
1747962000,3.43,3.47,3.42,3.45,21900,NaN,NaN,NaN,NaN,NaN,NaN,NaN
1748221200,3.44,3.45,3.44,3.45,6500,NaN,NaN,NaN,NaN,NaN,NaN,NaN
1748307600,3.43,3.45,3.43,3.44,30900,NaN,NaN,NaN,NaN,NaN,NaN,NaN
1748394000,3.51,3.51,3.4,3.42,46600,NaN,NaN,NaN,NaN,NaN,NaN,NaN
1748480400,3.4,3.4,3.37,3.38,33700,NaN,NaN,NaN,NaN,NaN,NaN,NaN
1748566800,3.36,3.37,3.35,3.37,25400,NaN,NaN,NaN,NaN,NaN,NaN,NaN
1748912400,3.36,3.36,3.3,3.35,77000,NaN,NaN,NaN,NaN,NaN,NaN,NaN
1748998800,3.33,3.33,3.29,3.33,7100,NaN,NaN,NaN,NaN,NaN,NaN,NaN
1749085200,3.29,3.33,3.29,3.33,6700,NaN,NaN,NaN,NaN,NaN,NaN,NaN
1749171600,3.34,3.34,3.3,3.3,2000,NaN,NaN,NaN,NaN,NaN,NaN,NaN
1749430800,3.34,3.34,3.24,3.25,21300,NaN,NaN,NaN,NaN,NaN,NaN,NaN
1749517200,3.24,3.3,3.21,3.25,10200,NaN,NaN,NaN,NaN,NaN,NaN,NaN
1749603600,3.25,3.3,3.23,3.3,17400,NaN,NaN,NaN,NaN,NaN,NaN,NaN
1749690000,3.25,3.3,3.23,3.24,14200,NaN,NaN,NaN,NaN,NaN,NaN,NaN
1749776400,3.25,3.25,3.23,3.23,6500,NaN,NaN,NaN,NaN,NaN,NaN,NaN
1750035600,3.24,3.25,3.24,3.24,5800,NaN,NaN,NaN,NaN,NaN,NaN,NaN
1750122000,3.25,3.3,3.25,3.26,7100,NaN,NaN,NaN,NaN,NaN,NaN,NaN
1750208400,3.25,3.3,3.24,3.3,6900,NaN,NaN,NaN,NaN,NaN,NaN,NaN
1750294800,3.24,3.25,3.2,3.25,31900,NaN,NaN,NaN,NaN,NaN,NaN,NaN
1750381200,3.22,3.23,3.2,3.23,13300,NaN,NaN,NaN,NaN,NaN,NaN,NaN
1750640400,3.21,3.25,3.19,3.2,28600,NaN,NaN,NaN,NaN,NaN,NaN,NaN
1750726800,3.2,3.2,3.2,3.2,0,NaN,NaN,NaN,NaN,NaN,NaN,NaN
1750813200,3.2,3.3,3.18,3.24,43600,NaN,NaN,NaN,NaN,NaN,NaN,NaN
1750899600,3.25,3.25,3.2,3.24,60900,NaN,NaN,NaN,NaN,NaN,NaN,NaN
1751245200,3.23,3.3,3.23,3.28,35000,NaN,5350046000,4309641000,29161000,115779000,1040405000,NaN
1751331600,3.29,3.3,3.29,3.3,39200,NaN,NaN,NaN,NaN,NaN,NaN,NaN
1751418000,3.3,3.3,3.28,3.28,41400,NaN,NaN,NaN,NaN,NaN,NaN,NaN
1751504400,3.28,3.28,3.28,3.28,0,NaN,NaN,NaN,NaN,NaN,NaN,NaN
1751590800,3.3,3.3,3.27,3.29,4800,NaN,NaN,NaN,NaN,NaN,NaN,NaN
1751850000,3.29,3.29,3.26,3.26,28700,NaN,NaN,NaN,NaN,NaN,NaN,NaN
1751936400,3.27,3.27,3.27,3.27,2000,NaN,NaN,NaN,NaN,NaN,NaN,NaN
1752022800,3.27,3.28,3.26,3.26,9100,NaN,NaN,NaN,NaN,NaN,NaN,NaN
1752109200,3.28,3.28,3.27,3.28,40600,NaN,NaN,NaN,NaN,NaN,NaN,NaN
1752195600,3.28,3.28,3.26,3.27,26700,NaN,NaN,NaN,NaN,NaN,NaN,NaN
1752454800,3.25,3.27,3.25,3.25,13800,NaN,NaN,NaN,NaN,NaN,NaN,NaN
1752541200,3.27,3.28,3.25,3.25,28700,NaN,NaN,NaN,NaN,NaN,NaN,NaN
1752627600,3.24,3.27,3.22,3.23,28400,NaN,NaN,NaN,NaN,NaN,NaN,NaN
1752714000,3.24,3.24,3.22,3.23,16200,NaN,NaN,NaN,NaN,NaN,NaN,NaN
1752800400,3.22,3.25,3.22,3.25,5300,NaN,NaN,NaN,NaN,NaN,NaN,NaN
1753059600,3.22,3.25,3.2,3.25,46300,NaN,NaN,NaN,NaN,NaN,NaN,NaN
1753146000,3.22,3.22,3.22,3.22,100,NaN,NaN,NaN,NaN,NaN,NaN,NaN
1753232400,3.22,3.25,3.21,3.25,20300,NaN,NaN,NaN,NaN,NaN,NaN,NaN
1753318800,3.22,3.26,3.22,3.26,2000,NaN,NaN,NaN,NaN,NaN,NaN,NaN
1753405200,3.27,3.28,3.27,3.27,37700,NaN,NaN,NaN,NaN,NaN,NaN,NaN
1753664400,3.26,3.28,3.18,3.28,12500,NaN,NaN,NaN,NaN,NaN,NaN,NaN
1753750800,3.21,3.26,3.21,3.26,11900,NaN,NaN,NaN,NaN,NaN,NaN,NaN
1753837200,3.23,3.27,3.15,3.26,8500,NaN,NaN,NaN,NaN,NaN,NaN,NaN
1753923600,3.26,3.28,3.22,3.25,15300,NaN,NaN,NaN,NaN,NaN,NaN,NaN
1754010000,3.28,3.28,3.21,3.25,24100,NaN,NaN,NaN,NaN,NaN,NaN,NaN
1754269200,3.25,3.26,3.25,3.25,23500,NaN,NaN,NaN,NaN,NaN,NaN,NaN
1754355600,3.25,3.26,3.25,3.26,17200,NaN,NaN,NaN,NaN,NaN,NaN,NaN
1754442000,3.25,3.25,3.22,3.23,54500,NaN,NaN,NaN,NaN,NaN,NaN,NaN
1754528400,3.23,3.23,3.22,3.23,2600,NaN,NaN,NaN,NaN,NaN,NaN,NaN
1754614800,3.23,3.23,3.2,3.22,13100,NaN,NaN,NaN,NaN,NaN,NaN,NaN
1754874000,3.21,3.23,3.21,3.22,8800,NaN,NaN,NaN,NaN,NaN,NaN,NaN
1754960400,3.22,3.25,3.22,3.22,11400,NaN,NaN,NaN,NaN,NaN,NaN,NaN
1755046800,3.23,3.27,3.22,3.25,34700,NaN,NaN,NaN,NaN,NaN,NaN,NaN
1755133200,3.23,3.24,3.2,3.22,8900,NaN,NaN,NaN,NaN,NaN,NaN,NaN
1755219600,3.22,3.28,3.21,3.28,45200,NaN,NaN,NaN,NaN,NaN,NaN,NaN
1755478800,3.25,3.26,3.22,3.24,20800,NaN,NaN,NaN,NaN,NaN,NaN,NaN
1755565200,3.24,3.24,3.22,3.24,35700,NaN,NaN,NaN,NaN,NaN,NaN,NaN
1755651600,3.23,3.24,3.22,3.22,8700,NaN,NaN,NaN,NaN,NaN,NaN,NaN
1755738000,3.22,3.22,3.22,3.22,12900,NaN,NaN,NaN,NaN,NaN,NaN,NaN
1755824400,3.26,3.27,3.23,3.27,44400,NaN,NaN,NaN,NaN,NaN,NaN,NaN
1756083600,3.25,3.27,3.23,3.27,22000,NaN,NaN,NaN,NaN,NaN,NaN,NaN
1756170000,3.24,3.27,3.22,3.24,14500,NaN,NaN,NaN,NaN,NaN,NaN,NaN
1756256400,3.24,3.27,3.22,3.26,76600,NaN,NaN,NaN,NaN,NaN,NaN,NaN
1756342800,3.27,3.37,3.27,3.33,45100,NaN,NaN,NaN,NaN,NaN,NaN,NaN
1756429200,3.37,3.38,3.33,3.38,34500,NaN,NaN,NaN,NaN,NaN,NaN,NaN
1756774800,3.34,3.38,3.3,3.38,18400,NaN,NaN,NaN,NaN,NaN,NaN,NaN
1756861200,3.4,3.4,3.33,3.38,13300,NaN,NaN,NaN,NaN,NaN,NaN,NaN
1756947600,3.34,3.4,3.34,3.4,18700,NaN,NaN,NaN,NaN,NaN,NaN,NaN
1757293200,3.4,3.41,3.38,3.4,28100,NaN,NaN,NaN,NaN,NaN,NaN,NaN
1757379600,3.4,3.4,3.34,3.39,37800,NaN,NaN,NaN,NaN,NaN,NaN,NaN
1757466000,3.4,3.4,3.39,3.39,13000,NaN,NaN,NaN,NaN,NaN,NaN,NaN
1757552400,3.4,3.42,3.4,3.42,4100,NaN,NaN,NaN,NaN,NaN,NaN,NaN
1757638800,3.43,3.5,3.43,3.5,50200,NaN,NaN,NaN,NaN,NaN,NaN,NaN
1758070800,3.5,3.54,3.49,3.5,32000,NaN,NaN,NaN,NaN,NaN,NaN,NaN
1758157200,3.5,3.52,3.49,3.52,54500,NaN,NaN,NaN,NaN,NaN,NaN,NaN
1758243600,3.5,3.51,3.5,3.5,5800,NaN,NaN,NaN,NaN,NaN,NaN,NaN
1758502800,3.5,3.5,3.45,3.49,26000,NaN,NaN,NaN,NaN,NaN,NaN,NaN
1758589200,3.47,3.5,3.47,3.49,25100,NaN,NaN,NaN,NaN,NaN,NaN,NaN
1758675600,3.51,3.55,3.51,3.55,48800,NaN,NaN,NaN,NaN,NaN,NaN,NaN
1758762000,3.55,3.55,3.5,3.52,19700,NaN,NaN,NaN,NaN,NaN,NaN,NaN
1758848400,3.52,3.53,3.51,3.53,17200,NaN,NaN,NaN,NaN,NaN,NaN,NaN