time,open,high,low,close,Volume,Total common shares outstanding,Total assets,Total liabilities,Operating income,Total revenue,Shareholders&#039; equity,Dividend yield %
1479085200,7.7,7.71,7.67,7.68,3457200,NaN,NaN,NaN,NaN,NaN,NaN,NaN
1479171600,7.7,7.7,7.64,7.64,574100,NaN,NaN,NaN,NaN,NaN,NaN,NaN
1479258000,7.55,7.57,7.48,7.54,3222900,NaN,NaN,NaN,NaN,NaN,NaN,NaN
1479344400,7.54,7.57,7.45,7.56,1385600,NaN,NaN,NaN,NaN,NaN,NaN,NaN
1479430800,7.55,7.63,7.55,7.62,574200,NaN,NaN,NaN,NaN,NaN,NaN,NaN
1479690000,7.65,7.65,7.57,7.61,726600,NaN,NaN,NaN,NaN,NaN,NaN,NaN
1479776400,7.56,7.7,7.56,7.65,587600,NaN,NaN,NaN,NaN,NaN,NaN,NaN
1479862800,7.65,7.74,7.65,7.74,236300,NaN,NaN,NaN,NaN,NaN,NaN,NaN
1479949200,7.74,7.76,7.62,7.75,41500,NaN,NaN,NaN,NaN,NaN,NaN,NaN
1480035600,7.76,7.83,7.75,7.75,49400,NaN,NaN,NaN,NaN,NaN,NaN,NaN
1480294800,7.84,7.85,7.68,7.75,896600,NaN,NaN,NaN,NaN,NaN,NaN,NaN
1480381200,7.75,7.76,7.72,7.75,2433400,NaN,NaN,NaN,NaN,NaN,NaN,NaN
1480467600,7.68,7.7,7.61,7.62,175500,NaN,NaN,NaN,NaN,NaN,NaN,NaN
1480554000,7.69,7.75,7.65,7.75,1375400,NaN,NaN,NaN,NaN,NaN,NaN,NaN
1480640400,7.75,7.76,7.62,7.76,184300,NaN,NaN,NaN,NaN,NaN,NaN,NaN
1480899600,7.67,7.75,7.66,7.75,2176300,NaN,NaN,NaN,NaN,NaN,NaN,NaN
1480986000,7.75,7.76,7.7,7.75,2181900,NaN,NaN,NaN,NaN,NaN,NaN,NaN
1481072400,7.78,7.78,7.75,7.75,1300600,NaN,NaN,NaN,NaN,NaN,NaN,NaN
1481158800,7.76,7.8,7.66,7.8,598200,NaN,NaN,NaN,NaN,NaN,NaN,NaN
1481245200,7.79,7.84,7.75,7.81,182600,NaN,NaN,NaN,NaN,NaN,NaN,NaN
1481590800,7.75,7.81,7.74,7.81,1399900,NaN,NaN,NaN,NaN,NaN,NaN,NaN
1481677200,7.79,7.81,7.69,7.78,3276700,NaN,NaN,NaN,NaN,NaN,NaN,NaN
1481763600,7.71,7.81,7.71,7.8,1980500,NaN,NaN,NaN,NaN,NaN,NaN,NaN
1481850000,7.8,7.8,7.75,7.8,339000,NaN,NaN,NaN,NaN,NaN,NaN,NaN
1482109200,7.72,7.82,7.72,7.8,2507900,NaN,NaN,NaN,NaN,NaN,NaN,NaN
1482195600,7.82,7.83,7.79,7.81,1437500,NaN,NaN,NaN,NaN,NaN,NaN,NaN
1482282000,7.81,7.89,7.81,7.81,233200,NaN,NaN,NaN,NaN,NaN,NaN,NaN
1482368400,7.76,7.79,7.71,7.71,104700,NaN,NaN,NaN,NaN,NaN,NaN,NaN
1482454800,7.7,7.7,7.61,7.61,320900,NaN,NaN,NaN,NaN,NaN,NaN,NaN
1482800400,7.62,7.64,7.61,7.61,102900,NaN,NaN,NaN,NaN,NaN,NaN,NaN
1482886800,7.64,7.8,7.64,7.8,439800,NaN,NaN,NaN,NaN,NaN,NaN,NaN
1482973200,7.8,8,7.8,8,954600,NaN,NaN,NaN,NaN,NaN,NaN,NaN
1483059600,7.95,8.3,7.78,8.3,2538800,NaN,NaN,NaN,NaN,NaN,NaN,NaN
1483405200,8,8.020001,7.86,7.89,363200,NaN,NaN,NaN,NaN,NaN,NaN,NaN
1483491600,7.85,7.94,7.81,7.83,311900,NaN,NaN,NaN,NaN,NaN,NaN,NaN
1483578000,7.85,7.91,7.83,7.83,107300,NaN,NaN,NaN,NaN,NaN,NaN,NaN
1483664400,7.83,7.89,7.8,7.81,1929100,NaN,NaN,NaN,NaN,NaN,NaN,NaN
1483923600,7.8,7.83,7.8,7.82,140700,NaN,NaN,NaN,NaN,NaN,NaN,NaN
1484010000,7.83,7.9,7.8,7.84,314000,NaN,NaN,NaN,NaN,NaN,NaN,NaN
1484096400,7.83,7.83,7.8,7.81,1140600,NaN,NaN,NaN,NaN,NaN,NaN,NaN
1484182800,7.9,7.95,7.82,7.83,306300,NaN,NaN,NaN,NaN,NaN,NaN,NaN
1484269200,7.82,7.91,7.81,7.81,379500,NaN,NaN,NaN,NaN,NaN,NaN,NaN
1484528400,7.85,7.85,7.81,7.81,1985100,NaN,NaN,NaN,NaN,NaN,NaN,NaN
1484614800,7.82,7.85,7.8,7.83,1824300,NaN,NaN,NaN,NaN,NaN,NaN,NaN
1484701200,7.83,7.83,7.8,7.82,214200,NaN,NaN,NaN,NaN,NaN,NaN,NaN
1484787600,7.81,7.84,7.8,7.81,282500,NaN,NaN,NaN,NaN,NaN,NaN,NaN
1484874000,7.82,7.88,7.82,7.82,236300,NaN,NaN,NaN,NaN,NaN,NaN,NaN
1485133200,7.87,7.87,7.8,7.81,760800,NaN,NaN,NaN,NaN,NaN,NaN,NaN
1485219600,7.81,7.83,7.81,7.81,846800,NaN,NaN,NaN,NaN,NaN,NaN,NaN
1485306000,7.82,7.85,7.81,7.82,1239200,NaN,NaN,NaN,NaN,NaN,NaN,NaN
1485392400,7.88,7.89,7.82,7.84,204000,NaN,NaN,NaN,NaN,NaN,NaN,NaN
1485478800,7.84,7.85,7.81,7.84,2146100,NaN,NaN,NaN,NaN,NaN,NaN,NaN
1485824400,7.89,7.99,7.81,7.99,1547200,NaN,NaN,NaN,NaN,NaN,NaN,NaN
1485997200,7.88,7.91,7.84,7.87,814600,NaN,NaN,NaN,NaN,NaN,NaN,NaN
1486083600,7.87,7.87,7.85,7.86,916100,NaN,NaN,NaN,NaN,NaN,NaN,NaN
1486342800,7.84,7.84,7.78,7.82,385300,NaN,NaN,NaN,NaN,NaN,NaN,NaN
1486429200,7.85,7.85,7.8,7.81,124200,NaN,NaN,NaN,NaN,NaN,NaN,NaN
1486515600,7.79,7.82,7.78,7.81,1890900,NaN,NaN,NaN,NaN,NaN,NaN,NaN
1486688400,7.81,7.85,7.8,7.82,2229100,NaN,NaN,NaN,NaN,NaN,NaN,NaN
1486947600,7.9,7.9,7.81,7.81,2056200,NaN,NaN,NaN,NaN,NaN,NaN,NaN
1487034000,7.78,7.85,7.76,7.84,994300,NaN,NaN,NaN,NaN,NaN,NaN,NaN
1487120400,7.89,7.9,7.81,7.81,728800,NaN,NaN,NaN,NaN,NaN,NaN,NaN
1487206800,7.84,7.85,7.81,7.82,195900,NaN,NaN,NaN,NaN,NaN,NaN,NaN
1487293200,7.82,7.84,7.8,7.81,2334800,NaN,NaN,NaN,NaN,NaN,NaN,NaN
1487552400,7.81,7.81,7.78,7.8,3140400,NaN,NaN,NaN,NaN,NaN,NaN,NaN
1487638800,7.84,7.84,7.71,7.71,2569300,NaN,NaN,NaN,NaN,NaN,NaN,NaN
1487725200,7.72,7.8,7.72,7.77,459200,NaN,NaN,NaN,NaN,NaN,NaN,NaN
1487811600,7.78,7.8,7.77,7.78,2221400,NaN,NaN,NaN,NaN,NaN,NaN,NaN
1487898000,7.72,7.8,7.72,7.79,1312900,NaN,NaN,NaN,NaN,NaN,NaN,NaN
1488157200,7.8,7.81,7.75,7.75,1445300,NaN,NaN,NaN,NaN,NaN,NaN,NaN
1488243600,7.79,7.81,7.79,7.8,1310900,NaN,NaN,NaN,NaN,NaN,NaN,NaN
1488330000,7.77,7.81,7.77,7.79,133400,NaN,NaN,NaN,NaN,NaN,NaN,NaN
1488416400,7.84,7.84,7.76,7.8,1421300,NaN,NaN,NaN,NaN,NaN,NaN,NaN
1488502800,7.78,7.81,7.77,7.79,1318000,NaN,NaN,NaN,NaN,NaN,NaN,NaN
1488762000,7.79,7.82,7.76,7.8,864900,NaN,NaN,NaN,NaN,NaN,NaN,NaN
1488848400,7.89,7.99,7.85,7.85,113000,NaN,NaN,NaN,NaN,NaN,NaN,NaN
1488934800,7.81,7.95,7.81,7.95,135600,NaN,NaN,NaN,NaN,NaN,NaN,NaN
1489021200,7.83,7.84,7.81,7.82,101900,NaN,NaN,NaN,NaN,NaN,NaN,NaN
1489107600,7.8,7.82,7.79,7.81,212000,NaN,NaN,NaN,NaN,NaN,NaN,NaN
1489366800,7.8,7.81,7.78,7.81,355500,NaN,NaN,NaN,NaN,NaN,NaN,NaN
1489453200,7.91,7.91,7.82,7.9,1022700,NaN,NaN,NaN,NaN,NaN,NaN,NaN
1489539600,7.9,7.93,7.85,7.92,1168900,NaN,NaN,NaN,NaN,NaN,NaN,NaN
1489626000,7.96,8,7.91,7.94,835300,NaN,NaN,NaN,NaN,NaN,NaN,NaN
1489712400,7.85,8.14,7.85,8.14,1345900,NaN,NaN,NaN,NaN,NaN,NaN,NaN
1489971600,8.14,8.14,7.96,8.03,289300,NaN,NaN,NaN,NaN,NaN,NaN,NaN
1490058000,8.01,8.03,7.95,8,1034700,NaN,NaN,NaN,NaN,NaN,NaN,NaN
1490144400,8,8.11,7.99,8.03,365400,NaN,NaN,NaN,NaN,NaN,NaN,NaN
1490230800,8.03,8.03,7.98,8,688600,NaN,NaN,NaN,NaN,NaN,NaN,NaN
1490317200,8.01,8.020001,7.96,7.99,14600,NaN,NaN,NaN,NaN,NaN,NaN,NaN
1490576400,7.99,8.08,7.91,7.91,228200,NaN,NaN,NaN,NaN,NaN,NaN,NaN
1490662800,7.91,8.03,7.91,7.99,169400,NaN,NaN,NaN,NaN,NaN,NaN,NaN
1490749200,7.94,8.06,7.93,7.99,370700,NaN,NaN,NaN,NaN,NaN,NaN,NaN
1490835600,7.95,7.95,7.95,7.95,81900,NaN,NaN,NaN,NaN,NaN,NaN,NaN
1490922000,7.95,7.96,7.93,7.93,310500,NaN,NaN,NaN,NaN,NaN,NaN,NaN
1491181200,7.94,8,7.87,7.9,284700,NaN,NaN,NaN,NaN,NaN,NaN,NaN
1491267600,7.95,7.95,7.88,7.88,54200,NaN,NaN,NaN,NaN,NaN,NaN,NaN
1491354000,7.88,7.89,7.86,7.86,105800,NaN,NaN,NaN,NaN,NaN,NaN,NaN
1491440400,7.88,7.94,7.85,7.85,235100,NaN,NaN,NaN,NaN,NaN,NaN,NaN
1491526800,7.86,7.91,7.85,7.9,352000,NaN,NaN,NaN,NaN,NaN,NaN,NaN
1491786000,7.9,8.07,7.89,8,234000,NaN,NaN,NaN,NaN,NaN,NaN,NaN
1491872400,7.93,7.93,7.83,7.84,372800,NaN,NaN,NaN,NaN,NaN,NaN,NaN
1491958800,7.86,7.86,7.83,7.84,465400,NaN,NaN,NaN,NaN,NaN,NaN,NaN
1492045200,7.86,7.86,7.8,7.82,1086400,NaN,NaN,NaN,NaN,NaN,NaN,NaN
1492131600,7.81,7.82,7.8,7.8,2528200,NaN,NaN,NaN,NaN,NaN,NaN,NaN
1492390800,7.83,7.83,7.8,7.81,819800,NaN,NaN,NaN,NaN,NaN,NaN,NaN
1492477200,7.87,7.89,7.81,7.81,590500,NaN,NaN,NaN,NaN,NaN,NaN,NaN
1492563600,7.81,7.82,7.75,7.81,644300,NaN,NaN,NaN,NaN,NaN,NaN,NaN
1492650000,7.8,7.82,7.8,7.81,629500,NaN,NaN,NaN,NaN,NaN,NaN,NaN
1492736400,7.82,7.83,7.81,7.81,392600,NaN,NaN,NaN,NaN,NaN,NaN,NaN
1493082000,7.81,7.96,7.8,7.96,552000,NaN,NaN,NaN,NaN,NaN,NaN,NaN
1493168400,7.96,7.97,7.81,7.81,392400,NaN,NaN,NaN,NaN,NaN,NaN,NaN
1493254800,7.82,7.88,7.81,7.81,741100,NaN,NaN,NaN,NaN,NaN,NaN,NaN
1493341200,7.81,7.91,7.81,7.83,352800,NaN,NaN,NaN,NaN,NaN,NaN,NaN
1493686800,7.82,7.88,7.8,7.86,865900,NaN,NaN,NaN,NaN,NaN,NaN,NaN
1493773200,7.85,7.86,7.82,7.85,68300,NaN,NaN,NaN,NaN,NaN,NaN,NaN
1493859600,7.86,7.91,7.85,7.91,46700,NaN,NaN,NaN,NaN,NaN,NaN,NaN
1493946000,7.92,7.95,7.86,7.91,6900,NaN,NaN,NaN,NaN,NaN,NaN,NaN
1494205200,7.92,7.93,7.92,7.93,5500,NaN,NaN,NaN,NaN,NaN,NaN,NaN
1494291600,7.92,7.99,7.91,7.94,165400,NaN,NaN,NaN,NaN,NaN,NaN,NaN
1494464400,7.93,7.96,7.82,7.88,99400,NaN,NaN,NaN,NaN,NaN,NaN,NaN
1494550800,7.82,7.84,7.82,7.82,182800,NaN,NaN,NaN,NaN,NaN,NaN,NaN
1494810000,7.82,7.84,7.81,7.82,2674000,NaN,NaN,NaN,NaN,NaN,NaN,NaN
1494896400,7.83,7.84,7.75,7.75,986100,NaN,NaN,NaN,NaN,NaN,NaN,NaN
1494982800,7.78,7.84,7.78,7.83,25600,NaN,NaN,NaN,NaN,NaN,NaN,NaN
1495069200,7.82,7.83,7.76,7.83,97900,NaN,NaN,NaN,NaN,NaN,NaN,NaN
1495155600,7.86,7.87,7.8,7.8,951500,NaN,NaN,NaN,NaN,NaN,NaN,NaN
1495414800,7.8,7.87,7.8,7.87,5400,NaN,NaN,NaN,NaN,NaN,NaN,NaN
1495501200,7.86,7.91,7.8,7.81,1047400,NaN,NaN,NaN,NaN,NaN,NaN,NaN
1495587600,7.81,7.82,7.79,7.81,64000,NaN,NaN,NaN,NaN,NaN,NaN,NaN
1495674000,7.81,7.86,7.8,7.81,46700,NaN,NaN,NaN,NaN,NaN,NaN,NaN
1495760400,7.82,7.89,7.82,7.88,50100,NaN,NaN,NaN,NaN,NaN,NaN,NaN
1496019600,7.84,7.84,7.81,7.82,184000,NaN,NaN,NaN,NaN,NaN,NaN,NaN
1496106000,7.85,7.85,7.81,7.81,20700,NaN,NaN,NaN,NaN,NaN,NaN,NaN
1496192400,7.82,7.9,7.81,7.81,305400,NaN,NaN,NaN,NaN,NaN,NaN,NaN
1496278800,7.8,7.83,7.8,7.81,91000,NaN,NaN,NaN,NaN,NaN,NaN,NaN
1496365200,7.82,7.82,7.81,7.81,205400,NaN,NaN,NaN,NaN,NaN,NaN,NaN
1496624400,7.8,7.84,7.79,7.8,160600,NaN,NaN,NaN,NaN,NaN,NaN,NaN
1496710800,7.8,7.81,7.79,7.8,1112300,NaN,NaN,NaN,NaN,NaN,NaN,NaN
1496797200,7.85,7.85,7.81,7.81,207100,NaN,NaN,NaN,NaN,NaN,NaN,NaN
1496883600,7.8,7.85,7.8,7.81,139000,NaN,NaN,NaN,NaN,NaN,NaN,NaN
1496970000,7.81,7.85,7.77,7.82,2619100,NaN,NaN,NaN,NaN,NaN,NaN,NaN
1497315600,7.82,8,7.81,7.9,187000,NaN,NaN,NaN,NaN,NaN,NaN,NaN
1497402000,7.9,7.98,7.84,7.85,160100,NaN,NaN,NaN,NaN,NaN,NaN,NaN
1497488400,7.82,7.84,7.8,7.81,1640600,NaN,NaN,NaN,NaN,NaN,NaN,NaN
1497574800,7.81,7.86,7.81,7.86,1389900,NaN,NaN,NaN,NaN,NaN,NaN,NaN
1497834000,7.81,7.82,7.8,7.81,838900,NaN,NaN,NaN,NaN,NaN,NaN,NaN
1497920400,7.81,7.82,7.79,7.8,2418700,NaN,NaN,NaN,NaN,NaN,NaN,NaN
1498006800,7.8,7.87,7.79,7.79,1061700,NaN,NaN,NaN,NaN,NaN,NaN,NaN
1498093200,7.8,7.82,7.8,7.81,401800,NaN,NaN,NaN,NaN,NaN,NaN,NaN
1498179600,7.8,7.8,7.79,7.8,618600,NaN,NaN,NaN,NaN,NaN,NaN,NaN
1498611600,7.79,7.8,7.77,7.8,393000,NaN,NaN,NaN,NaN,NaN,NaN,NaN
1498698000,7.81,7.81,7.8,7.8,242600,NaN,NaN,NaN,NaN,NaN,NaN,NaN
1498784400,7.8,7.99,7.8,7.99,1287800,NaN,NaN,NaN,NaN,NaN,NaN,NaN
1499043600,7.87,7.98,7.81,7.82,249300,NaN,NaN,NaN,NaN,NaN,NaN,NaN
1499130000,7.81,7.82,7.8,7.81,340400,NaN,NaN,NaN,NaN,NaN,NaN,NaN
1499216400,7.81,7.9,7.79,7.9,2582400,NaN,NaN,NaN,NaN,NaN,NaN,NaN
1499302800,7.82,7.94,7.82,7.85,76300,NaN,NaN,NaN,NaN,NaN,NaN,NaN
1499389200,7.82,7.82,7.73,7.74,118600,NaN,NaN,NaN,NaN,NaN,NaN,NaN
1499648400,7.74,7.79,7.72,7.78,124200,NaN,NaN,NaN,NaN,NaN,NaN,NaN
1499734800,7.87,7.87,7.77,7.81,105300,NaN,NaN,NaN,NaN,NaN,NaN,NaN
1499821200,7.83,7.87,7.8,7.81,562800,NaN,NaN,NaN,NaN,NaN,NaN,NaN
1499907600,7.83,7.87,7.81,7.82,295600,NaN,NaN,NaN,NaN,NaN,NaN,NaN
1499994000,7.82,7.9,7.81,7.9,540400,NaN,NaN,NaN,NaN,NaN,NaN,NaN
1500253200,7.83,7.93,7.81,7.82,144500,NaN,NaN,NaN,NaN,NaN,NaN,NaN
1500339600,7.81,7.83,7.8,7.81,66200,NaN,NaN,NaN,NaN,NaN,NaN,NaN
1500426000,7.8,7.8,7.73,7.74,533800,NaN,NaN,NaN,NaN,NaN,NaN,NaN
1500512400,7.77,7.8,7.76,7.78,775000,NaN,NaN,NaN,NaN,NaN,NaN,NaN
1500598800,7.78,7.84,7.78,7.81,603500,NaN,NaN,NaN,NaN,NaN,NaN,NaN
1500858000,7.76,7.81,7.76,7.8,358600,NaN,NaN,NaN,NaN,NaN,NaN,NaN
1500944400,7.79,7.8,7.74,7.79,167000,NaN,NaN,NaN,NaN,NaN,NaN,NaN
1501030800,7.8,7.84,7.79,7.8,316600,NaN,NaN,NaN,NaN,NaN,NaN,NaN
1501117200,7.84,7.84,7.79,7.81,623300,NaN,NaN,NaN,NaN,NaN,NaN,NaN
1501203600,7.79,7.81,7.79,7.81,601700,NaN,NaN,NaN,NaN,NaN,NaN,NaN
1501462800,7.83,7.83,7.79,7.81,872700,NaN,NaN,NaN,NaN,NaN,NaN,NaN
1501549200,7.77,7.81,7.77,7.8,354900,NaN,NaN,NaN,NaN,NaN,NaN,NaN
1501635600,7.89,7.89,7.78,7.81,346800,NaN,NaN,NaN,NaN,NaN,NaN,NaN
1501722000,7.8,7.8,7.78,7.78,10900,NaN,NaN,NaN,NaN,NaN,NaN,NaN
1501808400,7.86,7.92,7.81,7.81,369800,NaN,NaN,NaN,NaN,NaN,NaN,NaN
1502067600,7.81,7.85,7.81,7.85,27800,NaN,NaN,NaN,NaN,NaN,NaN,NaN
1502154000,7.85,7.86,7.79,7.8,586200,NaN,NaN,NaN,NaN,NaN,NaN,NaN
1502240400,7.81,7.84,7.8,7.81,651800,NaN,NaN,NaN,NaN,NaN,NaN,NaN
1502326800,7.81,7.81,7.79,7.8,757200,NaN,NaN,NaN,NaN,NaN,NaN,NaN
1502413200,7.8,7.8,7.78,7.8,104000,NaN,NaN,NaN,NaN,NaN,NaN,NaN
1502672400,7.81,7.84,7.8,7.8,476400,NaN,NaN,NaN,NaN,NaN,NaN,NaN
1502758800,7.81,7.93,7.81,7.92,215600,NaN,NaN,NaN,NaN,NaN,NaN,NaN
1502845200,7.9,7.9,7.88,7.89,585100,NaN,NaN,NaN,NaN,NaN,NaN,NaN
1502931600,7.9,7.9,7.81,7.81,386700,NaN,NaN,NaN,NaN,NaN,NaN,NaN
1503018000,7.81,7.82,7.81,7.81,13900,NaN,NaN,NaN,NaN,NaN,NaN,NaN
1503277200,7.81,7.83,7.81,7.82,159500,NaN,NaN,NaN,NaN,NaN,NaN,NaN
1503363600,7.8,7.82,7.79,7.8,929500,NaN,NaN,NaN,NaN,NaN,NaN,NaN
1503450000,7.8,7.8,7.76,7.76,1022200,NaN,NaN,NaN,NaN,NaN,NaN,NaN
1503536400,7.79,7.88,7.79,7.88,47300,NaN,NaN,NaN,NaN,NaN,NaN,NaN
1503622800,7.86,7.86,7.81,7.86,11400,NaN,NaN,NaN,NaN,NaN,NaN,NaN
1503882000,7.86,7.89,7.78,7.78,89200,NaN,NaN,NaN,NaN,NaN,NaN,NaN
1503968400,7.86,7.86,7.81,7.81,1220800,NaN,NaN,NaN,NaN,NaN,NaN,NaN
1504054800,7.79,7.81,7.77,7.8,1173100,NaN,NaN,NaN,NaN,NaN,NaN,NaN
1504573200,7.79,7.88,7.79,7.88,143900,NaN,NaN,NaN,NaN,NaN,NaN,NaN
1504659600,7.88,7.88,7.8,7.81,1266000,NaN,NaN,NaN,NaN,NaN,NaN,NaN
1504746000,7.84,7.87,7.8,7.81,534900,NaN,NaN,NaN,NaN,NaN,NaN,NaN
1504832400,7.83,7.85,7.79,7.81,40700,NaN,NaN,NaN,NaN,NaN,NaN,NaN
1505091600,7.81,7.82,7.8,7.8,410000,NaN,NaN,NaN,NaN,NaN,NaN,NaN
1505178000,7.83,7.83,7.8,7.81,299600,NaN,NaN,NaN,NaN,NaN,NaN,NaN
1505264400,7.81,7.85,7.8,7.81,350100,NaN,NaN,NaN,NaN,NaN,NaN,NaN
1505350800,7.81,7.81,7.8,7.81,317400,NaN,NaN,NaN,NaN,NaN,NaN,NaN
1505437200,7.8,7.9,7.8,7.81,758000,NaN,NaN,NaN,NaN,NaN,NaN,NaN
1505696400,7.82,7.86,7.79,7.8,329000,NaN,NaN,NaN,NaN,NaN,NaN,NaN
1505782800,7.8,7.86,7.8,7.81,288200,NaN,NaN,NaN,NaN,NaN,NaN,NaN
1505869200,7.83,7.83,7.8,7.81,330300,NaN,NaN,NaN,NaN,NaN,NaN,NaN
1505955600,7.8,7.82,7.8,7.8,33500,NaN,NaN,NaN,NaN,NaN,NaN,NaN
1506301200,7.81,7.87,7.8,7.87,6800,NaN,NaN,NaN,NaN,NaN,NaN,NaN
1506387600,7.89,7.89,7.8,7.81,1868000,NaN,NaN,NaN,NaN,NaN,NaN,NaN
1506474000,7.87,7.87,7.79,7.8,2447600,NaN,NaN,NaN,NaN,NaN,NaN,NaN
1506560400,7.79,7.81,7.79,7.8,1298100,NaN,NaN,NaN,NaN,NaN,NaN,NaN
1506646800,7.8,8,7.78,8,497000,1805333083,17730744000,2905571000,223186000,340503000,4892146000,4.45625
1506906000,7.83,7.85,7.8,7.82,367100,NaN,NaN,NaN,NaN,NaN,NaN,NaN
1506992400,7.88,7.92,7.83,7.9,173400,NaN,NaN,NaN,NaN,NaN,NaN,NaN
1507078800,7.84,8.01,7.84,8.01,147100,NaN,NaN,NaN,NaN,NaN,NaN,NaN
1507165200,7.88,7.88,7.84,7.84,113600,NaN,NaN,NaN,NaN,NaN,NaN,NaN
1507251600,7.86,7.86,7.82,7.82,662800,NaN,NaN,NaN,NaN,NaN,NaN,NaN
1507510800,7.84,7.89,7.81,7.81,156800,NaN,NaN,NaN,NaN,NaN,NaN,NaN
1507597200,7.81,7.82,7.81,7.82,1456100,NaN,NaN,NaN,NaN,NaN,NaN,NaN
1507683600,7.8,7.81,7.78,7.8,615700,NaN,NaN,NaN,NaN,NaN,NaN,NaN
1507770000,7.82,7.82,7.8,7.82,931500,NaN,NaN,NaN,NaN,NaN,NaN,NaN
1507856400,7.8,7.81,7.79,7.8,598300,NaN,NaN,NaN,NaN,NaN,NaN,NaN
1508115600,7.79,7.81,7.78,7.8,1059400,NaN,NaN,NaN,NaN,NaN,NaN,NaN
1508202000,7.8,7.81,7.79,7.8,437800,NaN,NaN,NaN,NaN,NaN,NaN,NaN
1508374800,7.79,7.87,7.78,7.87,512100,NaN,NaN,NaN,NaN,NaN,NaN,NaN
1508461200,7.87,7.88,7.79,7.81,213000,NaN,NaN,NaN,NaN,NaN,NaN,NaN
1508720400,7.86,7.86,7.84,7.85,21400,NaN,NaN,NaN,NaN,NaN,NaN,NaN
1508806800,7.85,7.87,7.85,7.87,7300,NaN,NaN,NaN,NaN,NaN,NaN,NaN
1508893200,7.85,7.85,7.85,7.85,9600,NaN,NaN,NaN,NaN,NaN,NaN,NaN
1508979600,7.81,7.85,7.79,7.85,656000,NaN,NaN,NaN,NaN,NaN,NaN,NaN
1509066000,7.8,7.85,7.8,7.82,61200,NaN,NaN,NaN,NaN,NaN,NaN,NaN
1509325200,7.82,7.82,7.76,7.76,49400,NaN,NaN,NaN,NaN,NaN,NaN,NaN
1509411600,7.77,8,7.74,8,1084800,NaN,NaN,NaN,NaN,NaN,NaN,NaN
1509498000,7.8,7.88,7.8,7.87,12200,NaN,NaN,NaN,NaN,NaN,NaN,NaN
1509584400,7.81,7.83,7.8,7.8,44800,NaN,NaN,NaN,NaN,NaN,NaN,NaN
1509670800,7.83,7.83,7.79,7.79,102400,NaN,NaN,NaN,NaN,NaN,NaN,NaN
1509930000,7.79,7.8,7.78,7.79,159700,NaN,NaN,NaN,NaN,NaN,NaN,NaN
1510016400,7.79,7.8,7.79,7.79,86300,NaN,NaN,NaN,NaN,NaN,NaN,NaN
1510102800,7.79,7.82,7.79,7.82,2015200,NaN,NaN,NaN,NaN,NaN,NaN,NaN
1510189200,7.8,7.82,7.79,7.8,23600,NaN,NaN,NaN,NaN,NaN,NaN,NaN
1510275600,7.79,7.82,7.79,7.8,90100,NaN,NaN,NaN,NaN,NaN,NaN,NaN
1510534800,7.81,7.81,7.77,7.77,524800,NaN,NaN,NaN,NaN,NaN,NaN,NaN
1510621200,7.76,7.78,7.75,7.76,1107400,NaN,NaN,NaN,NaN,NaN,NaN,NaN
1510707600,7.73,7.75,7.72,7.73,251900,NaN,NaN,NaN,NaN,NaN,NaN,NaN
1510794000,7.73,7.73,7.64,7.7,232400,NaN,NaN,NaN,NaN,NaN,NaN,NaN
1510880400,7.7,7.81,7.7,7.8,427400,NaN,NaN,NaN,NaN,NaN,NaN,NaN
1511139600,7.76,7.8,7.73,7.8,1098900,NaN,NaN,NaN,NaN,NaN,NaN,NaN
1511226000,7.8,7.84,7.79,7.81,601200,NaN,NaN,NaN,NaN,NaN,NaN,NaN
1511312400,7.84,7.84,7.81,7.81,800,NaN,NaN,NaN,NaN,NaN,NaN,NaN
1511398800,7.79,7.84,7.78,7.84,8300,NaN,NaN,NaN,NaN,NaN,NaN,NaN
1511485200,7.84,7.88,7.84,7.88,2900,NaN,NaN,NaN,NaN,NaN,NaN,NaN
1511744400,7.86,7.86,7.86,7.86,3000,NaN,NaN,NaN,NaN,NaN,NaN,NaN
1511830800,7.86,7.86,7.62,7.78,87600,NaN,NaN,NaN,NaN,NaN,NaN,NaN
1511917200,7.76,7.81,7.76,7.81,61100,NaN,NaN,NaN,NaN,NaN,NaN,NaN
1512003600,7.75,8,7.75,8,1197300,NaN,NaN,NaN,NaN,NaN,NaN,NaN
1512349200,7.89,7.89,7.79,7.82,251500,NaN,NaN,NaN,NaN,NaN,NaN,NaN
1512435600,7.82,7.82,7.8,7.81,342000,NaN,NaN,NaN,NaN,NaN,NaN,NaN
1512522000,7.81,7.97,7.73,7.8,57300,NaN,NaN,NaN,NaN,NaN,NaN,NaN
1512608400,7.83,7.83,7.79,7.83,43100,NaN,NaN,NaN,NaN,NaN,NaN,NaN
1512694800,7.77,7.81,7.75,7.77,148400,NaN,NaN,NaN,NaN,NaN,NaN,NaN
1512954000,7.77,7.83,7.77,7.81,24200,NaN,NaN,NaN,NaN,NaN,NaN,NaN
1513040400,7.77,7.78,7.76,7.77,366700,NaN,NaN,NaN,NaN,NaN,NaN,NaN
1513126800,7.77,7.77,7.76,7.77,177000,NaN,NaN,NaN,NaN,NaN,NaN,NaN
1513213200,7.77,7.82,7.77,7.78,187900,NaN,NaN,NaN,NaN,NaN,NaN,NaN
1513299600,7.79,7.82,7.77,7.82,481400,NaN,NaN,NaN,NaN,NaN,NaN,NaN
1513558800,7.82,7.82,7.79,7.81,27800,NaN,NaN,NaN,NaN,NaN,NaN,NaN
1513645200,7.8,7.8,7.78,7.8,544200,NaN,NaN,NaN,NaN,NaN,NaN,NaN
1513731600,7.77,7.8,7.77,7.79,68100,NaN,NaN,NaN,NaN,NaN,NaN,NaN
1513818000,7.79,7.79,7.77,7.77,31600,NaN,NaN,NaN,NaN,NaN,NaN,NaN
1513904400,7.84,7.84,7.84,7.84,3100,NaN,NaN,NaN,NaN,NaN,NaN,NaN
1514250000,7.8,7.84,7.79,7.79,130600,NaN,NaN,NaN,NaN,NaN,NaN,NaN
1514336400,7.8,7.86,7.8,7.81,242600,NaN,NaN,NaN,NaN,NaN,NaN,NaN
1514422800,7.81,7.84,7.8,7.81,195400,NaN,NaN,NaN,NaN,NaN,NaN,NaN
1514509200,7.88,8.64,7.78,8.64,4051200,1805333083,17792562000,2745706000,255251000,352072000,4978228000,4.18402777777778
1514854800,8.12,8.12,7.89,7.91,386500,NaN,NaN,NaN,NaN,NaN,NaN,NaN
1514941200,7.97,8,7.87,7.89,167100,NaN,NaN,NaN,NaN,NaN,NaN,NaN
1515027600,7.95,7.98,7.87,7.89,112400,NaN,NaN,NaN,NaN,NaN,NaN,NaN
1515114000,7.84,7.93,7.82,7.82,852100,NaN,NaN,NaN,NaN,NaN,NaN,NaN
1515373200,7.86,7.86,7.79,7.8,526000,NaN,NaN,NaN,NaN,NaN,NaN,NaN
1515459600,7.82,7.83,7.8,7.8,281500,NaN,NaN,NaN,NaN,NaN,NaN,NaN
1515546000,7.9,7.9,7.78,7.79,180500,NaN,NaN,NaN,NaN,NaN,NaN,NaN
1515632400,7.79,7.87,7.78,7.85,1196100,NaN,NaN,NaN,NaN,NaN,NaN,NaN
1515718800,7.8,7.89,7.8,7.85,471300,NaN,NaN,NaN,NaN,NaN,NaN,NaN
1515978000,7.86,7.86,7.84,7.84,20100,NaN,NaN,NaN,NaN,NaN,NaN,NaN
1516064400,7.81,7.95,7.81,7.95,335700,NaN,NaN,NaN,NaN,NaN,NaN,NaN
1516150800,7.89,7.92,7.86,7.9,993300,NaN,NaN,NaN,NaN,NaN,NaN,NaN
1516237200,7.9,7.9,7.81,7.83,560600,NaN,NaN,NaN,NaN,NaN,NaN,NaN
1516323600,7.82,7.82,7.75,7.75,246200,NaN,NaN,NaN,NaN,NaN,NaN,NaN
1516582800,7.75,7.83,7.73,7.82,78800,NaN,NaN,NaN,NaN,NaN,NaN,NaN
1516669200,7.8,7.84,7.8,7.8,574800,NaN,NaN,NaN,NaN,NaN,NaN,NaN
1516755600,7.8,7.8,7.78,7.8,16700,NaN,NaN,NaN,NaN,NaN,NaN,NaN
1516842000,7.82,7.82,7.79,7.8,487400,NaN,NaN,NaN,NaN,NaN,NaN,NaN
1516928400,7.88,7.88,7.78,7.8,82800,NaN,NaN,NaN,NaN,NaN,NaN,NaN
1517187600,7.84,7.84,7.8,7.8,155100,NaN,NaN,NaN,NaN,NaN,NaN,NaN
1517274000,7.81,7.89,7.75,7.75,605600,NaN,NaN,NaN,NaN,NaN,NaN,NaN
1517533200,7.73,7.76,7.71,7.71,169600,NaN,NaN,NaN,NaN,NaN,NaN,NaN
1517792400,7.6,7.75,7.6,7.7,694100,NaN,NaN,NaN,NaN,NaN,NaN,NaN
1517878800,7.7,7.73,7.55,7.7,1103700,NaN,NaN,NaN,NaN,NaN,NaN,NaN
1517965200,7.75,7.83,7.65,7.75,440200,NaN,NaN,NaN,NaN,NaN,NaN,NaN
1518051600,7.68,7.73,7.67,7.73,258300,NaN,NaN,NaN,NaN,NaN,NaN,NaN
1518138000,7.65,7.8,7.53,7.8,1119000,NaN,NaN,NaN,NaN,NaN,NaN,NaN
1518397200,7.8,7.81,7.79,7.81,602200,NaN,NaN,NaN,NaN,NaN,NaN,NaN
1518483600,7.8,7.94,7.77,7.9,637300,NaN,NaN,NaN,NaN,NaN,NaN,NaN
1518570000,7.74,7.95,7.74,7.9,26100,NaN,NaN,NaN,NaN,NaN,NaN,NaN
1518656400,7.9,7.9,7.9,7.9,4400,NaN,NaN,NaN,NaN,NaN,NaN,NaN
1519002000,7.9,7.95,7.89,7.9,65100,NaN,NaN,NaN,NaN,NaN,NaN,NaN
1519088400,7.89,7.92,7.86,7.9,860000,NaN,NaN,NaN,NaN,NaN,NaN,NaN
1519174800,7.9,7.92,7.89,7.91,705500,NaN,NaN,NaN,NaN,NaN,NaN,NaN
1519261200,7.85,7.86,7.77,7.77,16500,NaN,NaN,NaN,NaN,NaN,NaN,NaN
1519347600,7.8,7.8,7.75,7.76,134100,NaN,NaN,NaN,NaN,NaN,NaN,NaN
1519606800,7.82,7.82,7.78,7.81,1326300,NaN,NaN,NaN,NaN,NaN,NaN,NaN
1519693200,7.86,8.01,7.83,7.9,422900,NaN,NaN,NaN,NaN,NaN,NaN,NaN
1519779600,7.89,7.91,7.78,7.78,258800,NaN,NaN,NaN,NaN,NaN,NaN,NaN
1519866000,7.75,7.81,7.75,7.8,258500,NaN,NaN,NaN,NaN,NaN,NaN,NaN
1519952400,7.75,7.81,7.74,7.81,81700,NaN,NaN,NaN,NaN,NaN,NaN,NaN
1520211600,7.8,7.8,7.63,7.63,146000,NaN,NaN,NaN,NaN,NaN,NaN,NaN
1520298000,7.62,7.89,7.62,7.89,628800,NaN,NaN,NaN,NaN,NaN,NaN,NaN
1520384400,7.8,7.8,7.66,7.7,233500,NaN,NaN,NaN,NaN,NaN,NaN,NaN
1520470800,7.66,7.8,7.66,7.8,114300,NaN,NaN,NaN,NaN,NaN,NaN,NaN
1520557200,7.8,7.86,7.8,7.81,120300,NaN,NaN,NaN,NaN,NaN,NaN,NaN
1520816400,7.82,7.87,7.8,7.87,162500,NaN,NaN,NaN,NaN,NaN,NaN,NaN
1520902800,7.87,7.87,7.76,7.85,165000,NaN,NaN,NaN,NaN,NaN,NaN,NaN
1520989200,7.8,7.82,7.73,7.82,140500,NaN,NaN,NaN,NaN,NaN,NaN,NaN
1521075600,7.82,7.82,7.8,7.8,27600,NaN,NaN,NaN,NaN,NaN,NaN,NaN
1521162000,7.75,7.79,7.6,7.6,940700,NaN,NaN,NaN,NaN,NaN,NaN,NaN
1521421200,7.65,7.65,7.33,7.4,246000,NaN,NaN,NaN,NaN,NaN,NaN,NaN
1521507600,7.36,7.37,6.99,7.01,842200,NaN,NaN,NaN,NaN,NaN,NaN,NaN
1521594000,7.01,7.04,6.94,7,957600,NaN,NaN,NaN,NaN,NaN,NaN,NaN
1521680400,7,7.12,7,7.1,1424000,NaN,NaN,NaN,NaN,NaN,NaN,NaN
1521766800,7,7.04,6.77,6.88,958800,NaN,NaN,NaN,NaN,NaN,NaN,NaN
1522026000,6.9,6.96,6.86,6.89,951300,NaN,NaN,NaN,NaN,NaN,NaN,NaN
1522112400,6.89,6.96,6.88,6.95,621200,NaN,NaN,NaN,NaN,NaN,NaN,NaN
1522198800,6.91,7.05,6.88,7.02,217700,NaN,NaN,NaN,NaN,NaN,NaN,NaN
1522285200,7.04,7.18,7.02,7.14,94800,NaN,NaN,NaN,NaN,NaN,NaN,NaN
1522371600,7.14,7.19,7.07,7.17,722200,1805333083,17806421000,2758388000,224465000,345112000,4950360000,5.0557880055788
1522630800,7.17,7.17,7.05,7.09,745000,NaN,NaN,NaN,NaN,NaN,NaN,NaN
1522717200,7.1,7.1,6.98,7.05,1302700,NaN,NaN,NaN,NaN,NaN,NaN,NaN
1522803600,7.05,7.07,6.85,6.98,306500,NaN,NaN,NaN,NaN,NaN,NaN,NaN
1522890000,6.84,7.03,6.84,7,341500,NaN,NaN,NaN,NaN,NaN,NaN,NaN
1522976400,6.99,7.01,6.97,7,468400,NaN,NaN,NaN,NaN,NaN,NaN,NaN
1523235600,7.02,7.13,6.96,7.05,71100,NaN,NaN,NaN,NaN,NaN,NaN,NaN
1523322000,7.04,7.38,7.04,7.15,500800,NaN,NaN,NaN,NaN,NaN,NaN,NaN
1523408400,7.12,7.21,7.12,7.2,31400,NaN,NaN,NaN,NaN,NaN,NaN,NaN
1523494800,7.25,7.26,7.16,7.25,406000,NaN,NaN,NaN,NaN,NaN,NaN,NaN
1523581200,7.25,7.28,7.2,7.21,290400,NaN,NaN,NaN,NaN,NaN,NaN,NaN
1523840400,7.22,7.26,7.2,7.25,276500,NaN,NaN,NaN,NaN,NaN,NaN,NaN
1523926800,7.26,7.3,7.26,7.28,633600,NaN,NaN,NaN,NaN,NaN,NaN,NaN
1524013200,7.28,7.29,7.28,7.28,226200,NaN,NaN,NaN,NaN,NaN,NaN,NaN
1524099600,7.28,7.45,7.28,7.45,195500,NaN,NaN,NaN,NaN,NaN,NaN,NaN
1524186000,7.4,7.45,7.35,7.35,76500,NaN,NaN,NaN,NaN,NaN,NaN,NaN
1524445200,7.28,7.31,7.16,7.2,218900,NaN,NaN,NaN,NaN,NaN,NaN,NaN
1524531600,7.2,7.21,7.16,7.2,386300,NaN,NaN,NaN,NaN,NaN,NaN,NaN
1524618000,7.21,7.21,7.02,7.02,50600,NaN,NaN,NaN,NaN,NaN,NaN,NaN
1524704400,7.18,7.23,7.18,7.21,640400,NaN,NaN,NaN,NaN,NaN,NaN,NaN
1524790800,7.16,7.41,7.16,7.39,65600,NaN,NaN,NaN,NaN,NaN,NaN,NaN
1525050000,7.42,7.78,7.39,7.78,992300,NaN,NaN,NaN,NaN,NaN,NaN,NaN
1525222800,7.43,7.62,7.32,7.49,399700,NaN,NaN,NaN,NaN,NaN,NaN,NaN
1525309200,7.42,7.62,7.42,7.62,65200,NaN,NaN,NaN,NaN,NaN,NaN,NaN
1525395600,7.6,7.6,7.49,7.53,342900,NaN,NaN,NaN,NaN,NaN,NaN,NaN
1525654800,7.5,7.5,7.41,7.48,338000,NaN,NaN,NaN,NaN,NaN,NaN,NaN
1525741200,7.45,7.51,7.45,7.46,20600,NaN,NaN,NaN,NaN,NaN,NaN,NaN
1526259600,7.31,8.21,7.31,7.62,179200,NaN,NaN,NaN,NaN,NaN,NaN,NaN
1526346000,7.67,7.82,7.66,7.82,162100,NaN,NaN,NaN,NaN,NaN,NaN,NaN
1526432400,7.82,7.9,7.53,7.82,609700,NaN,NaN,NaN,NaN,NaN,NaN,NaN
1526518800,7.84,7.93,7.77,7.93,405300,NaN,NaN,NaN,NaN,NaN,NaN,NaN
1526605200,7.92,7.92,7.8,7.8,91600,NaN,NaN,NaN,NaN,NaN,NaN,NaN
1526864400,7.82,7.82,7.69,7.69,232700,NaN,NaN,NaN,NaN,NaN,NaN,NaN
1526950800,7.7,7.82,7.7,7.78,604500,NaN,NaN,NaN,NaN,NaN,NaN,NaN
1527037200,7.71,7.92,7.71,7.92,23400,NaN,NaN,NaN,NaN,NaN,NaN,NaN
1527123600,7.81,7.9,7.71,7.8,1058600,NaN,NaN,NaN,NaN,NaN,NaN,NaN
1527210000,7.95,7.95,7.76,7.85,1339400,NaN,NaN,NaN,NaN,NaN,NaN,NaN
1527469200,7.95,7.95,7.88,7.89,528400,NaN,NaN,NaN,NaN,NaN,NaN,NaN
1527642000,7.4,7.9,7.4,7.8,208000,NaN,NaN,NaN,NaN,NaN,NaN,NaN
1527728400,7.68,7.98,7.68,7.77,468300,NaN,NaN,NaN,NaN,NaN,NaN,NaN
1527814800,7.81,7.87,7.71,7.85,200900,NaN,NaN,NaN,NaN,NaN,NaN,NaN
1528074000,7.78,7.8,7.67,7.75,407100,NaN,NaN,NaN,NaN,NaN,NaN,NaN
1528160400,7.68,7.72,7.6,7.7,116100,NaN,NaN,NaN,NaN,NaN,NaN,NaN
1528246800,7.61,7.84,7.61,7.75,75600,NaN,NaN,NaN,NaN,NaN,NaN,NaN
1528333200,7.75,7.82,7.7,7.7,7400,NaN,NaN,NaN,NaN,NaN,NaN,NaN
1528419600,7.8,7.8,7.71,7.76,39200,NaN,NaN,NaN,NaN,NaN,NaN,NaN
1528678800,7.75,7.76,7.7,7.74,242800,NaN,NaN,NaN,NaN,NaN,NaN,NaN
1528765200,7.7,7.74,7.69,7.7,207700,NaN,NaN,NaN,NaN,NaN,NaN,NaN
1528851600,7.62,7.74,7.62,7.65,55200,NaN,NaN,NaN,NaN,NaN,NaN,NaN
1528938000,7.67,7.67,7.53,7.53,660000,NaN,NaN,NaN,NaN,NaN,NaN,NaN
1529283600,7.6,7.7,7.59,7.6,78300,NaN,NaN,NaN,NaN,NaN,NaN,NaN
1529370000,7.6,7.6,7.48,7.5,220200,NaN,NaN,NaN,NaN,NaN,NaN,NaN
1529456400,7.6,7.6,7.5,7.5,37000,NaN,NaN,NaN,NaN,NaN,NaN,NaN
1529542800,7.5,7.6,7.5,7.55,25000,NaN,NaN,NaN,NaN,NaN,NaN,NaN
1529629200,7.6,7.6,7.52,7.55,55500,NaN,NaN,NaN,NaN,NaN,NaN,NaN
1529888400,7.55,7.55,7.5,7.54,49900,NaN,NaN,NaN,NaN,NaN,NaN,NaN
1529974800,7.54,7.54,7.5,7.5,51400,NaN,NaN,NaN,NaN,NaN,NaN,NaN
1530061200,7.52,7.52,7.48,7.49,182300,NaN,NaN,NaN,NaN,NaN,NaN,NaN
1530147600,7.5,7.5,7.46,7.46,78100,NaN,NaN,NaN,NaN,NaN,NaN,NaN
1530234000,7.5,8,7.45,8,1443900,1805333083,17797096000,2723147000,222583000,345001000,4964216000,4.54375
1530493200,7.89,7.89,7.59,7.6,624600,NaN,NaN,NaN,NaN,NaN,NaN,NaN
1530579600,7.59,7.59,7.55,7.55,163600,NaN,NaN,NaN,NaN,NaN,NaN,NaN
1530666000,7.55,7.63,7.55,7.6,291600,NaN,NaN,NaN,NaN,NaN,NaN,NaN
1530752400,7.6,7.66,7.6,7.66,102400,NaN,NaN,NaN,NaN,NaN,NaN,NaN
1530838800,7.66,7.67,7.6,7.62,3259300,NaN,NaN,NaN,NaN,NaN,NaN,NaN
1531098000,7.6,7.6,7.58,7.6,80900,NaN,NaN,NaN,NaN,NaN,NaN,NaN
1531184400,7.6,7.61,7.55,7.6,94000,NaN,NaN,NaN,NaN,NaN,NaN,NaN
1531270800,7.59,7.6,7.58,7.6,655100,NaN,NaN,NaN,NaN,NaN,NaN,NaN
1531357200,7.52,7.7,7.52,7.7,150300,NaN,NaN,NaN,NaN,NaN,NaN,NaN
1531443600,7.7,7.75,7.63,7.65,2760300,NaN,NaN,NaN,NaN,NaN,NaN,NaN
1531702800,7.65,7.66,7.62,7.62,28200,NaN,NaN,NaN,NaN,NaN,NaN,NaN
1531789200,7.62,7.7,7.6,7.63,117500,NaN,NaN,NaN,NaN,NaN,NaN,NaN
1531875600,7.63,7.69,7.62,7.66,34100,NaN,NaN,NaN,NaN,NaN,NaN,NaN
1531962000,7.66,7.66,7.55,7.55,1055000,NaN,NaN,NaN,NaN,NaN,NaN,NaN
1532048400,7.55,7.66,7.54,7.59,64200,NaN,NaN,NaN,NaN,NaN,NaN,NaN
1532307600,7.59,7.8,7.54,7.78,202500,NaN,NaN,NaN,NaN,NaN,NaN,NaN
1532394000,7.66,7.66,7.66,7.66,2100,NaN,NaN,NaN,NaN,NaN,NaN,NaN
1532480400,7.63,7.64,7.59,7.59,36700,NaN,NaN,NaN,NaN,NaN,NaN,NaN
1532566800,7.63,7.73,7.61,7.63,21700,NaN,NaN,NaN,NaN,NaN,NaN,NaN
1532653200,7.72,7.72,7.61,7.65,12700,NaN,NaN,NaN,NaN,NaN,NaN,NaN
1532912400,7.7,7.7,7.69,7.7,193800,NaN,NaN,NaN,NaN,NaN,NaN,NaN
1532998800,7.75,7.79,7.61,7.7,2280500,NaN,NaN,NaN,NaN,NaN,NaN,NaN
1533085200,7.56,7.7,7.52,7.69,20500,NaN,NaN,NaN,NaN,NaN,NaN,NaN
1533171600,7.69,7.69,7.55,7.6,382100,NaN,NaN,NaN,NaN,NaN,NaN,NaN
1533258000,7.6,7.65,7.59,7.61,97400,NaN,NaN,NaN,NaN,NaN,NaN,NaN
1533517200,7.61,7.68,7.6,7.61,183600,NaN,NaN,NaN,NaN,NaN,NaN,NaN
1533603600,7.7,7.81,7.7,7.8,116200,NaN,NaN,NaN,NaN,NaN,NaN,NaN
1533690000,7.78,7.8,7.75,7.79,40800,NaN,NaN,NaN,NaN,NaN,NaN,NaN
1533776400,7.79,7.79,7.78,7.78,136500,NaN,NaN,NaN,NaN,NaN,NaN,NaN
1533862800,7.67,7.85,7.67,7.76,1300,NaN,NaN,NaN,NaN,NaN,NaN,NaN
1534122000,7.7,7.75,7.7,7.71,63900,NaN,NaN,NaN,NaN,NaN,NaN,NaN
1534208400,7.62,7.67,7.6,7.6,126600,NaN,NaN,NaN,NaN,NaN,NaN,NaN
1534294800,7.61,7.7,7.6,7.62,72700,NaN,NaN,NaN,NaN,NaN,NaN,NaN
1534381200,7.61,7.84,7.55,7.57,24400,NaN,NaN,NaN,NaN,NaN,NaN,NaN
1534467600,7.57,7.74,7.57,7.69,34100,NaN,NaN,NaN,NaN,NaN,NaN,NaN
1534726800,7.58,7.82,7.58,7.8,28800,NaN,NaN,NaN,NaN,NaN,NaN,NaN
1534813200,7.8,7.8,7.7,7.8,155600,NaN,NaN,NaN,NaN,NaN,NaN,NaN
1534986000,7.79,7.79,7.7,7.7,20800,NaN,NaN,NaN,NaN,NaN,NaN,NaN
1535072400,7.82,7.84,7.72,7.79,20900,NaN,NaN,NaN,NaN,NaN,NaN,NaN
1535331600,7.79,7.8,7.74,7.77,57000,NaN,NaN,NaN,NaN,NaN,NaN,NaN
1535418000,7.88,7.96,7.78,7.83,62000,NaN,NaN,NaN,NaN,NaN,NaN,NaN
1535504400,7.85,7.85,7.71,7.81,69300,NaN,NaN,NaN,NaN,NaN,NaN,NaN
1535590800,7.8,7.87,7.72,7.72,167200,NaN,NaN,NaN,NaN,NaN,NaN,NaN
1535936400,7.7,7.75,7.55,7.6,113300,NaN,NaN,NaN,NaN,NaN,NaN,NaN
1536022800,7.6,7.66,7.59,7.64,14700,NaN,NaN,NaN,NaN,NaN,NaN,NaN
1536109200,7.63,7.7,7.63,7.69,33400,NaN,NaN,NaN,NaN,NaN,NaN,NaN
1536195600,7.68,7.78,7.68,7.77,11700,NaN,NaN,NaN,NaN,NaN,NaN,NaN
1536282000,7.69,7.77,7.69,7.76,13200,NaN,NaN,NaN,NaN,NaN,NaN,NaN
1536714000,7.76,7.76,7.61,7.66,226100,NaN,NaN,NaN,NaN,NaN,NaN,NaN
1536800400,7.64,7.8,7.64,7.7,290500,NaN,NaN,NaN,NaN,NaN,NaN,NaN
1536886800,7.7,7.74,7.68,7.7,290500,NaN,NaN,NaN,NaN,NaN,NaN,NaN
1537232400,7.61,7.7,7.6,7.7,76500,NaN,NaN,NaN,NaN,NaN,NaN,NaN
1537318800,7.7,7.73,7.56,7.73,938200,NaN,NaN,NaN,NaN,NaN,NaN,NaN
1537405200,7.79,7.79,7.72,7.79,113300,NaN,NaN,NaN,NaN,NaN,NaN,NaN
1537491600,7.77,7.77,7.72,7.72,169000,NaN,NaN,NaN,NaN,NaN,NaN,NaN
1537750800,7.72,7.72,7.68,7.7,810700,NaN,NaN,NaN,NaN,NaN,NaN,NaN
1537837200,7.72,7.74,7.7,7.74,149600,NaN,NaN,NaN,NaN,NaN,NaN,NaN
1537923600,7.7,7.74,7.69,7.7,192800,NaN,NaN,NaN,NaN,NaN,NaN,NaN
1538010000,7.75,7.75,7.68,7.68,87300,NaN,NaN,NaN,NaN,NaN,NaN,NaN
1538096400,7.7,7.74,7.6,7.6,2115000,1805333083,17844320000,2743452000,224175000,349480000,4977980000,4.79605263157895
1538355600,7.58,7.6,7.41,7.53,646300,NaN,NaN,NaN,NaN,NaN,NaN,NaN
1538442000,7.57,7.62,7.53,7.59,288500,NaN,NaN,NaN,NaN,NaN,NaN,NaN
1538528400,7.63,7.63,7.58,7.6,182500,NaN,NaN,NaN,NaN,NaN,NaN,NaN
1538614800,7.55,7.57,7.5,7.5,1440900,NaN,NaN,NaN,NaN,NaN,NaN,NaN
1538701200,7.53,7.58,7.5,7.55,1077000,NaN,NaN,NaN,NaN,NaN,NaN,NaN
1538960400,7.55,7.56,7.55,7.55,176900,NaN,NaN,NaN,NaN,NaN,NaN,NaN
1539046800,7.55,7.56,7.51,7.55,51800,NaN,NaN,NaN,NaN,NaN,NaN,NaN
1539133200,7.55,7.62,7.55,7.6,131300,NaN,NaN,NaN,NaN,NaN,NaN,NaN
1539219600,7.6,7.6,7.5,7.55,51100,NaN,NaN,NaN,NaN,NaN,NaN,NaN
1539306000,7.5,7.6,7.5,7.6,267800,NaN,NaN,NaN,NaN,NaN,NaN,NaN
1539565200,7.58,7.6,7.5,7.6,168000,NaN,NaN,NaN,NaN,NaN,NaN,NaN
1539651600,7.51,7.59,7.51,7.53,73600,NaN,NaN,NaN,NaN,NaN,NaN,NaN
1539738000,7.53,7.55,7.53,7.53,36200,NaN,NaN,NaN,NaN,NaN,NaN,NaN
1539824400,7.6,7.6,7.49,7.56,267900,NaN,NaN,NaN,NaN,NaN,NaN,NaN
1539910800,7.6,7.6,7.49,7.51,74300,NaN,NaN,NaN,NaN,NaN,NaN,NaN
1540170000,7.51,7.7,7.51,7.6,93100,NaN,NaN,NaN,NaN,NaN,NaN,NaN
1540256400,7.65,7.69,7.6,7.62,13200,NaN,NaN,NaN,NaN,NaN,NaN,NaN
1540342800,7.66,7.67,7.54,7.54,247600,NaN,NaN,NaN,NaN,NaN,NaN,NaN
1540429200,7.53,7.67,7.53,7.66,61400,NaN,NaN,NaN,NaN,NaN,NaN,NaN
1540515600,7.62,7.63,7.62,7.62,1939200,NaN,NaN,NaN,NaN,NaN,NaN,NaN
1540774800,7.62,7.62,7.61,7.62,1434600,NaN,NaN,NaN,NaN,NaN,NaN,NaN
1540861200,7.6,7.71,7.6,7.68,1062200,NaN,NaN,NaN,NaN,NaN,NaN,NaN
1540947600,7.68,7.72,7.65,7.65,1686700,NaN,NaN,NaN,NaN,NaN,NaN,NaN
1541034000,7.6,7.65,7.6,7.65,602100,NaN,NaN,NaN,NaN,NaN,NaN,NaN
1541120400,7.65,7.69,7.63,7.65,236200,NaN,NaN,NaN,NaN,NaN,NaN,NaN
1541379600,7.59,7.98,7.59,7.89,62700,NaN,NaN,NaN,NaN,NaN,NaN,NaN
1541552400,7.69,7.87,7.69,7.84,563300,NaN,NaN,NaN,NaN,NaN,NaN,NaN
1541638800,7.85,7.85,7.8,7.8,47300,NaN,NaN,NaN,NaN,NaN,NaN,NaN
1541725200,7.7,7.8,7.62,7.62,536500,NaN,NaN,NaN,NaN,NaN,NaN,NaN
1541984400,7.61,7.61,7.61,7.61,6300,NaN,NaN,NaN,NaN,NaN,NaN,NaN
1542070800,7.65,7.68,7.65,7.66,212700,NaN,NaN,NaN,NaN,NaN,NaN,NaN
1542157200,7.67,7.69,7.65,7.66,2248600,NaN,NaN,NaN,NaN,NaN,NaN,NaN
1542243600,7.89,7.89,7.66,7.67,318300,NaN,NaN,NaN,NaN,NaN,NaN,NaN
1542330000,7.8,7.8,7.64,7.64,812000,NaN,NaN,NaN,NaN,NaN,NaN,NaN
1542589200,7.62,7.73,7.6,7.73,10300,NaN,NaN,NaN,NaN,NaN,NaN,NaN
1542762000,7.68,7.68,7.62,7.64,1555800,NaN,NaN,NaN,NaN,NaN,NaN,NaN
1542848400,7.64,7.78,7.64,7.65,1401700,NaN,NaN,NaN,NaN,NaN,NaN,NaN
1542934800,7.66,7.76,7.65,7.7,23700,NaN,NaN,NaN,NaN,NaN,NaN,NaN
1543194000,7.77,7.77,7.73,7.76,457400,NaN,NaN,NaN,NaN,NaN,NaN,NaN
1543280400,7.79,7.79,7.68,7.68,96000,NaN,NaN,NaN,NaN,NaN,NaN,NaN
1543366800,7.68,7.68,7.47,7.61,390100,NaN,NaN,NaN,NaN,NaN,NaN,NaN
1543453200,7.63,7.77,7.63,7.68,229900,NaN,NaN,NaN,NaN,NaN,NaN,NaN
1543539600,7.68,7.96,7.65,7.68,323900,NaN,NaN,NaN,NaN,NaN,NaN,NaN
1543798800,7.89,7.89,7.73,7.8,156900,NaN,NaN,NaN,NaN,NaN,NaN,NaN
1543885200,7.76,7.81,7.75,7.8,647600,NaN,NaN,NaN,NaN,NaN,NaN,NaN
1543971600,7.74,7.82,7.74,7.81,100200,NaN,NaN,NaN,NaN,NaN,NaN,NaN
1544058000,7.8,7.87,7.8,7.82,250300,NaN,NaN,NaN,NaN,NaN,NaN,NaN
1544144400,7.78,7.85,7.73,7.83,67500,NaN,NaN,NaN,NaN,NaN,NaN,NaN
1544403600,7.74,7.76,7.71,7.71,33400,NaN,NaN,NaN,NaN,NaN,NaN,NaN
1544490000,7.71,7.78,7.71,7.76,240900,NaN,NaN,NaN,NaN,NaN,NaN,NaN
1544576400,7.76,7.83,7.69,7.69,582300,NaN,NaN,NaN,NaN,NaN,NaN,NaN
1544662800,7.7,7.75,7.7,7.7,1534100,NaN,NaN,NaN,NaN,NaN,NaN,NaN
1544749200,7.7,7.71,7.62,7.7,848800,NaN,NaN,NaN,NaN,NaN,NaN,NaN
1545008400,7.67,7.81,7.67,7.69,87300,NaN,NaN,NaN,NaN,NaN,NaN,NaN
1545094800,7.66,7.69,7.66,7.68,1532500,NaN,NaN,NaN,NaN,NaN,NaN,NaN
1545181200,7.67,7.73,7.65,7.66,1520600,NaN,NaN,NaN,NaN,NaN,NaN,NaN
1545267600,7.67,7.78,7.66,7.68,2633400,NaN,NaN,NaN,NaN,NaN,NaN,NaN
1545354000,7.61,7.79,7.57,7.65,1415200,NaN,NaN,NaN,NaN,NaN,NaN,NaN
1545613200,7.6,7.63,7.5,7.55,718100,NaN,NaN,NaN,NaN,NaN,NaN,NaN
1545786000,7.53,7.63,7.53,7.6,159900,NaN,NaN,NaN,NaN,NaN,NaN,NaN
1545872400,7.64,7.68,7.61,7.67,117100,NaN,NaN,NaN,NaN,NaN,NaN,NaN
1545958800,7.7,7.84,7.7,7.84,284900,NaN,NaN,NaN,NaN,NaN,NaN,NaN
1546218000,7.86,7.95,7.66,7.66,785000,1805333083,17860329000,2735240000,232134000,366348000,5003851000,4.83028720626632
1546390800,7.6,7.68,7.6,7.68,363900,NaN,NaN,NaN,NaN,NaN,NaN,NaN
1546477200,7.7,7.77,7.61,7.77,105200,NaN,NaN,NaN,NaN,NaN,NaN,NaN
1546563600,7.7,7.8,7.7,7.77,111400,NaN,NaN,NaN,NaN,NaN,NaN,NaN
1546822800,7.8,7.8,7.7,7.8,35500,NaN,NaN,NaN,NaN,NaN,NaN,NaN
1546909200,7.8,7.85,7.78,7.8,384000,NaN,NaN,NaN,NaN,NaN,NaN,NaN
1546995600,7.83,7.89,7.81,7.84,304400,NaN,NaN,NaN,NaN,NaN,NaN,NaN
1547082000,7.9,7.9,7.85,7.87,380000,NaN,NaN,NaN,NaN,NaN,NaN,NaN
1547168400,7.9,7.93,7.9,7.93,33400,NaN,NaN,NaN,NaN,NaN,NaN,NaN
1547427600,7.93,7.93,7.93,7.93,0,NaN,NaN,NaN,NaN,NaN,NaN,NaN
1547514000,7.94,7.94,7.85,7.93,34700,NaN,NaN,NaN,NaN,NaN,NaN,NaN
1547600400,7.93,7.93,7.82,7.82,6500,NaN,NaN,NaN,NaN,NaN,NaN,NaN
1547686800,7.85,7.88,7.85,7.85,15900,NaN,NaN,NaN,NaN,NaN,NaN,NaN
1547773200,7.85,7.85,7.83,7.85,769000,NaN,NaN,NaN,NaN,NaN,NaN,NaN
1548118800,7.9,7.9,7.82,7.85,12100,NaN,NaN,NaN,NaN,NaN,NaN,NaN
1548205200,7.86,7.86,7.83,7.86,104300,NaN,NaN,NaN,NaN,NaN,NaN,NaN
1548291600,7.9,7.9,7.87,7.9,303600,NaN,NaN,NaN,NaN,NaN,NaN,NaN
1548378000,7.9,7.95,7.87,7.88,1140400,NaN,NaN,NaN,NaN,NaN,NaN,NaN
1548637200,7.94,7.94,7.85,7.88,3573700,NaN,NaN,NaN,NaN,NaN,NaN,NaN
1548723600,7.94,7.94,7.75,7.75,182500,NaN,NaN,NaN,NaN,NaN,NaN,NaN
1548810000,7.78,7.79,7.78,7.78,1444800,NaN,NaN,NaN,NaN,NaN,NaN,NaN
1548896400,7.79,7.86,7.79,7.8,96800,NaN,NaN,NaN,NaN,NaN,NaN,NaN
1549242000,7.8,7.89,7.8,7.89,24300,NaN,NaN,NaN,NaN,NaN,NaN,NaN
1549501200,7.9,7.9,7.9,7.9,8900,NaN,NaN,NaN,NaN,NaN,NaN,NaN
1549587600,7.97,8,7.85,7.9,1060200,NaN,NaN,NaN,NaN,NaN,NaN,NaN
1549846800,7.9,7.9,7.75,7.83,110700,NaN,NaN,NaN,NaN,NaN,NaN,NaN
1549933200,7.75,7.82,7.75,7.79,11400,NaN,NaN,NaN,NaN,NaN,NaN,NaN
1550019600,7.8,7.8,7.76,7.8,31300,NaN,NaN,NaN,NaN,NaN,NaN,NaN
1550106000,7.8,7.8,7.7,7.77,90400,NaN,NaN,NaN,NaN,NaN,NaN,NaN
1550192400,7.77,7.77,7.75,7.75,47500,NaN,NaN,NaN,NaN,NaN,NaN,NaN
1550451600,7.76,7.8,7.75,7.75,13600,NaN,NaN,NaN,NaN,NaN,NaN,NaN
1550538000,7.75,7.78,7.75,7.76,292700,NaN,NaN,NaN,NaN,NaN,NaN,NaN
1550624400,7.78,7.96,7.77,7.96,3030500,NaN,NaN,NaN,NaN,NaN,NaN,NaN
1550710800,7.94,7.94,7.75,7.78,24700,NaN,NaN,NaN,NaN,NaN,NaN,NaN
1550797200,7.78,7.79,7.76,7.78,193200,NaN,NaN,NaN,NaN,NaN,NaN,NaN
1551056400,7.78,7.85,7.77,7.85,15200,NaN,NaN,NaN,NaN,NaN,NaN,NaN
1551142800,7.8,7.92,7.8,7.85,248800,NaN,NaN,NaN,NaN,NaN,NaN,NaN
1551229200,7.85,7.85,7.72,7.72,240700,NaN,NaN,NaN,NaN,NaN,NaN,NaN
1551315600,7.92,7.92,7.84,7.84,1200,NaN,NaN,NaN,NaN,NaN,NaN,NaN
1551402000,7.8,7.8,7.75,7.75,700,NaN,NaN,NaN,NaN,NaN,NaN,NaN
1551661200,7.75,7.81,7.71,7.75,22100,NaN,NaN,NaN,NaN,NaN,NaN,NaN
1551747600,7.76,7.76,7.71,7.73,845900,NaN,NaN,NaN,NaN,NaN,NaN,NaN
1551834000,7.9,7.95,7.72,7.8,22000,NaN,NaN,NaN,NaN,NaN,NaN,NaN
1551920400,7.84,7.84,7.75,7.8,439600,NaN,NaN,NaN,NaN,NaN,NaN,NaN
1552006800,7.84,7.9,7.75,7.79,361900,NaN,NaN,NaN,NaN,NaN,NaN,NaN
1552266000,7.79,7.89,7.78,7.79,1001600,NaN,NaN,NaN,NaN,NaN,NaN,NaN
1552352400,7.86,7.96,7.75,7.77,169400,NaN,NaN,NaN,NaN,NaN,NaN,NaN
1552438800,7.78,7.91,7.78,7.78,603700,NaN,NaN,NaN,NaN,NaN,NaN,NaN
1552525200,7.78,7.8,7.77,7.78,100800,NaN,NaN,NaN,NaN,NaN,NaN,NaN
1552611600,7.72,7.93,7.71,7.78,233900,NaN,NaN,NaN,NaN,NaN,NaN,NaN
1552870800,7.8,7.85,7.68,7.84,95100,NaN,NaN,NaN,NaN,NaN,NaN,NaN
1552957200,7.88,7.88,7.71,7.71,18600,NaN,NaN,NaN,NaN,NaN,NaN,NaN
1553043600,7.73,7.75,7.7,7.7,4200,NaN,NaN,NaN,NaN,NaN,NaN,NaN
1553130000,7.7,7.7,7.66,7.7,25300,NaN,NaN,NaN,NaN,NaN,NaN,NaN
1553216400,7.71,7.8,7.71,7.78,1020500,NaN,NaN,NaN,NaN,NaN,NaN,NaN
1553475600,7.75,7.81,7.69,7.75,53900,NaN,NaN,NaN,NaN,NaN,NaN,NaN
1553562000,7.82,7.82,7.76,7.77,690500,NaN,NaN,NaN,NaN,NaN,NaN,NaN
1553648400,7.8,7.84,7.78,7.8,179900,NaN,NaN,NaN,NaN,NaN,NaN,NaN
1553734800,7.8,7.82,7.72,7.8,39700,NaN,NaN,NaN,NaN,NaN,NaN,NaN
1553821200,7.84,7.84,7.76,7.76,20200,1805333083,17888317000,2773412000,229454000,353446000,4990265000,4.78092783505155
1554080400,7.7,7.8,7.7,7.8,41500,NaN,NaN,NaN,NaN,NaN,NaN,NaN
1554166800,7.82,7.84,7.75,7.8,678200,NaN,NaN,NaN,NaN,NaN,NaN,NaN
1554253200,7.72,7.77,7.72,7.76,1500,NaN,NaN,NaN,NaN,NaN,NaN,NaN
1554339600,7.77,7.82,7.77,7.82,4900,NaN,NaN,NaN,NaN,NaN,NaN,NaN
1554426000,7.8,7.8,7.8,7.8,13900,NaN,NaN,NaN,NaN,NaN,NaN,NaN
1554685200,7.82,7.82,7.75,7.8,301700,NaN,NaN,NaN,NaN,NaN,NaN,NaN
1554771600,7.8,7.81,7.7,7.75,653400,NaN,NaN,NaN,NaN,NaN,NaN,NaN
1554858000,7.83,7.83,7.73,7.73,1385900,NaN,NaN,NaN,NaN,NaN,NaN,NaN
1554944400,7.74,7.75,7.74,7.75,155700,NaN,NaN,NaN,NaN,NaN,NaN,NaN
1555030800,7.75,7.75,7.75,7.75,800,NaN,NaN,NaN,NaN,NaN,NaN,NaN
1555290000,7.75,7.8,7.75,7.8,25900,NaN,NaN,NaN,NaN,NaN,NaN,NaN
1555376400,7.8,7.81,7.78,7.79,1639500,NaN,NaN,NaN,NaN,NaN,NaN,NaN
1555462800,7.78,7.81,7.74,7.8,1485600,NaN,NaN,NaN,NaN,NaN,NaN,NaN
1555549200,7.82,7.9,7.78,7.8,523600,NaN,NaN,NaN,NaN,NaN,NaN,NaN
1555635600,7.75,7.77,7.75,7.75,122400,NaN,NaN,NaN,NaN,NaN,NaN,NaN
1555894800,7.75,7.75,7.75,7.75,0,NaN,NaN,NaN,NaN,NaN,NaN,NaN
1555981200,7.75,7.8,7.75,7.76,204200,NaN,NaN,NaN,NaN,NaN,NaN,NaN
1556067600,7.89,7.89,7.84,7.84,6600,NaN,NaN,NaN,NaN,NaN,NaN,NaN
1556154000,7.82,7.83,7.82,7.83,3000,NaN,NaN,NaN,NaN,NaN,NaN,NaN
1556240400,7.86,7.86,7.78,7.78,9700,NaN,NaN,NaN,NaN,NaN,NaN,NaN
1556499600,7.78,7.78,7.75,7.75,11800,NaN,NaN,NaN,NaN,NaN,NaN,NaN
1556586000,7.75,7.85,7.69,7.69,70800,NaN,NaN,NaN,NaN,NaN,NaN,NaN
1556758800,7.71,7.71,7.71,7.71,9500,NaN,NaN,NaN,NaN,NaN,NaN,NaN
1556845200,7.73,7.82,7.72,7.75,24700,NaN,NaN,NaN,NaN,NaN,NaN,NaN
1557104400,7.75,7.83,7.75,7.8,123300,NaN,NaN,NaN,NaN,NaN,NaN,NaN
1557190800,7.85,7.86,7.85,7.86,2500,NaN,NaN,NaN,NaN,NaN,NaN,NaN
1557277200,7.85,7.85,7.74,7.8,526100,NaN,NaN,NaN,NaN,NaN,NaN,NaN
1557363600,7.85,7.85,7.8,7.85,1297500,NaN,NaN,NaN,NaN,NaN,NaN,NaN
1557450000,7.9,7.94,7.84,7.93,105400,NaN,NaN,NaN,NaN,NaN,NaN,NaN
1557709200,7.93,7.93,7.7,7.8,534300,NaN,NaN,NaN,NaN,NaN,NaN,NaN
1557795600,7.72,7.85,7.72,7.8,177600,NaN,NaN,NaN,NaN,NaN,NaN,NaN
1557882000,7.88,7.91,7.8,7.8,1900,NaN,NaN,NaN,NaN,NaN,NaN,NaN
1557968400,7.91,7.91,7.77,7.91,31500,NaN,NaN,NaN,NaN,NaN,NaN,NaN
1558054800,7.9,7.9,7.88,7.88,8000,NaN,NaN,NaN,NaN,NaN,NaN,NaN
1558400400,7.88,7.9,7.75,7.78,13900,NaN,NaN,NaN,NaN,NaN,NaN,NaN
1558573200,7.83,7.83,7.75,7.79,34000,NaN,NaN,NaN,NaN,NaN,NaN,NaN
1558659600,7.8,7.8,7.77,7.8,159600,NaN,NaN,NaN,NaN,NaN,NaN,NaN
1558918800,7.8,7.8,7.74,7.8,16800,NaN,NaN,NaN,NaN,NaN,NaN,NaN
1559005200,7.85,7.85,7.79,7.8,3900,NaN,NaN,NaN,NaN,NaN,NaN,NaN
1559091600,7.86,7.86,7.78,7.8,11200,NaN,NaN,NaN,NaN,NaN,NaN,NaN
1559178000,7.75,7.83,7.71,7.73,1253600,NaN,NaN,NaN,NaN,NaN,NaN,NaN
1559264400,7.74,7.8,7.71,7.71,96000,NaN,NaN,NaN,NaN,NaN,NaN,NaN
1559523600,7.71,7.75,7.71,7.73,2060500,NaN,NaN,NaN,NaN,NaN,NaN,NaN
1559610000,7.8,7.8,7.73,7.73,5700,NaN,NaN,NaN,NaN,NaN,NaN,NaN
1559869200,7.75,7.85,7.75,7.81,25000,NaN,NaN,NaN,NaN,NaN,NaN,NaN
1560128400,7.83,7.9,7.76,7.8,142400,NaN,NaN,NaN,NaN,NaN,NaN,NaN
1560214800,7.88,7.88,7.79,7.8,1262100,NaN,NaN,NaN,NaN,NaN,NaN,NaN
1560301200,7.8,7.81,7.75,7.8,1662500,NaN,NaN,NaN,NaN,NaN,NaN,NaN
1560387600,7.88,7.88,7.79,7.8,1861700,NaN,NaN,NaN,NaN,NaN,NaN,NaN
1560474000,7.75,7.8,7.75,7.8,317700,NaN,NaN,NaN,NaN,NaN,NaN,NaN
1560733200,7.8,7.82,7.8,7.81,271600,NaN,NaN,NaN,NaN,NaN,NaN,NaN
1560819600,7.81,7.81,7.78,7.79,616300,NaN,NaN,NaN,NaN,NaN,NaN,NaN
1560906000,7.78,7.81,7.76,7.79,19700,NaN,NaN,NaN,NaN,NaN,NaN,NaN
1560992400,7.77,7.81,7.77,7.8,1006500,NaN,NaN,NaN,NaN,NaN,NaN,NaN
1561078800,7.8,8.1,7.79,8.1,1138700,NaN,NaN,NaN,NaN,NaN,NaN,NaN
1561338000,7.85,7.99,7.78,7.78,668900,NaN,NaN,NaN,NaN,NaN,NaN,NaN
1561424400,7.8,7.81,7.78,7.78,643600,NaN,NaN,NaN,NaN,NaN,NaN,NaN
1561510800,7.78,7.95,7.77,7.78,463500,NaN,NaN,NaN,NaN,NaN,NaN,NaN
1561597200,7.8,7.8,7.77,7.79,726300,NaN,NaN,NaN,NaN,NaN,NaN,NaN
1561683600,7.79,7.8,7.77,7.77,474900,1805333083,17989408000,2851642000,223281000,351093000,5011810000,4.78764478764479
1561942800,7.77,7.8,7.73,7.75,1120300,NaN,NaN,NaN,NaN,NaN,NaN,NaN
1562029200,7.75,7.78,7.75,7.77,9400,NaN,NaN,NaN,NaN,NaN,NaN,NaN
1562115600,7.76,7.8,7.75,7.8,728300,NaN,NaN,NaN,NaN,NaN,NaN,NaN
1562202000,7.8,7.81,7.79,7.8,722300,NaN,NaN,NaN,NaN,NaN,NaN,NaN
1562288400,7.8,7.99,7.8,7.8,1936300,NaN,NaN,NaN,NaN,NaN,NaN,NaN
1562547600,7.8,7.81,7.78,7.8,1844100,NaN,NaN,NaN,NaN,NaN,NaN,NaN
1562634000,7.8,7.92,7.78,7.8,1566400,NaN,NaN,NaN,NaN,NaN,NaN,NaN
1562720400,7.81,7.81,7.78,7.78,892100,NaN,NaN,NaN,NaN,NaN,NaN,NaN
1562806800,7.8,7.9,7.79,7.88,1533500,NaN,NaN,NaN,NaN,NaN,NaN,NaN
1562893200,7.8,7.84,7.8,7.81,2022300,NaN,NaN,NaN,NaN,NaN,NaN,NaN
1563152400,7.81,7.82,7.79,7.81,2558300,NaN,NaN,NaN,NaN,NaN,NaN,NaN
1563238800,7.8,7.81,7.8,7.8,2718000,NaN,NaN,NaN,NaN,NaN,NaN,NaN
1563325200,7.8,7.84,7.8,7.82,1401000,NaN,NaN,NaN,NaN,NaN,NaN,NaN
1563411600,7.95,7.95,7.86,7.88,828600,NaN,NaN,NaN,NaN,NaN,NaN,NaN
1563498000,7.87,7.88,7.84,7.87,110200,NaN,NaN,NaN,NaN,NaN,NaN,NaN
1563757200,7.87,7.87,7.83,7.84,251700,NaN,NaN,NaN,NaN,NaN,NaN,NaN
1563843600,7.84,7.84,7.83,7.84,914700,NaN,NaN,NaN,NaN,NaN,NaN,NaN
1563930000,7.84,7.84,7.8,7.81,416000,NaN,NaN,NaN,NaN,NaN,NaN,NaN
1564016400,7.75,7.9,7.75,7.85,1580200,NaN,NaN,NaN,NaN,NaN,NaN,NaN
1564102800,7.8,7.9,7.8,7.85,29000,NaN,NaN,NaN,NaN,NaN,NaN,NaN
1564362000,7.85,7.85,7.83,7.84,625400,NaN,NaN,NaN,NaN,NaN,NaN,NaN
1564534800,7.8,7.85,7.79,7.84,1205800,NaN,NaN,NaN,NaN,NaN,NaN,NaN
1564621200,7.82,7.84,7.8,7.8,181400,NaN,NaN,NaN,NaN,NaN,NaN,NaN
1564707600,7.93,8.020001,7.93,7.93,102200,NaN,NaN,NaN,NaN,NaN,NaN,NaN
1564966800,7.84,8,7.82,7.93,605500,NaN,NaN,NaN,NaN,NaN,NaN,NaN
1565053200,7.99,7.99,7.92,7.92,175900,NaN,NaN,NaN,NaN,NaN,NaN,NaN
1565139600,7.9,7.99,7.9,7.94,536100,NaN,NaN,NaN,NaN,NaN,NaN,NaN
1565226000,7.93,7.93,7.86,7.9,1255200,NaN,NaN,NaN,NaN,NaN,NaN,NaN
1565312400,7.9,7.9,7.89,7.9,931400,NaN,NaN,NaN,NaN,NaN,NaN,NaN
1565658000,7.91,7.92,7.89,7.9,1021300,NaN,NaN,NaN,NaN,NaN,NaN,NaN
1565744400,7.86,7.96,7.85,7.86,2511600,NaN,NaN,NaN,NaN,NaN,NaN,NaN
1565830800,7.86,7.9,7.83,7.86,2427600,NaN,NaN,NaN,NaN,NaN,NaN,NaN
1565917200,7.98,7.98,7.86,7.9,1229500,NaN,NaN,NaN,NaN,NaN,NaN,NaN
1566176400,7.88,7.89,7.84,7.87,1340000,NaN,NaN,NaN,NaN,NaN,NaN,NaN
1566262800,7.86,7.88,7.85,7.87,738700,NaN,NaN,NaN,NaN,NaN,NaN,NaN
1566349200,7.88,7.92,7.86,7.87,4142900,NaN,NaN,NaN,NaN,NaN,NaN,NaN
1566435600,7.88,7.98,7.86,7.92,3095300,NaN,NaN,NaN,NaN,NaN,NaN,NaN
1566522000,7.95,8.2,7.95,8.15,1218800,NaN,NaN,NaN,NaN,NaN,NaN,NaN
1566781200,8.2,8.37,8.18,8.25,1429700,NaN,NaN,NaN,NaN,NaN,NaN,NaN
1566867600,8.4,8.4,8.13,8.4,2594600,NaN,NaN,NaN,NaN,NaN,NaN,NaN
1566954000,8.48,8.48,8.16,8.2,775100,NaN,NaN,NaN,NaN,NaN,NaN,NaN
1567040400,8.39,8.39,8.01,8.01,1208200,NaN,NaN,NaN,NaN,NaN,NaN,NaN
1567126800,8.09,8.270001,8.04,8.16,1363700,NaN,NaN,NaN,NaN,NaN,NaN,NaN
1567472400,8.24,8.41,8.17,8.3,967500,NaN,NaN,NaN,NaN,NaN,NaN,NaN
1567558800,8.36,8.36,8.19,8.25,483300,NaN,NaN,NaN,NaN,NaN,NaN,NaN
1567645200,8.3,8.39,8.21,8.28,2119000,NaN,NaN,NaN,NaN,NaN,NaN,NaN
1567731600,8.25,8.270001,8.18,8.2,1457200,NaN,NaN,NaN,NaN,NaN,NaN,NaN
1568077200,8.2,8.270001,8.13,8.19,1571200,NaN,NaN,NaN,NaN,NaN,NaN,NaN
1568163600,8.19,8.270001,8.11,8.15,1944200,NaN,NaN,NaN,NaN,NaN,NaN,NaN
1568250000,8.35,8.35,8.020001,8.05,1625100,NaN,NaN,NaN,NaN,NaN,NaN,NaN
1568336400,8.1,8.11,8.020001,8.04,548100,NaN,NaN,NaN,NaN,NaN,NaN,NaN
1568682000,8.05,8.05,7.87,8,801700,NaN,NaN,NaN,NaN,NaN,NaN,NaN
1568768400,8.08,8.14,8.03,8.08,1507600,NaN,NaN,NaN,NaN,NaN,NaN,NaN
1568854800,8.08,8.21,8,8.05,1945300,NaN,NaN,NaN,NaN,NaN,NaN,NaN
1568941200,8.19,8.24,8.09,8.22,14282000,NaN,NaN,NaN,NaN,NaN,NaN,NaN
1569200400,8.12,8.22,8.12,8.13,78200,NaN,NaN,NaN,NaN,NaN,NaN,NaN
1569286800,8.15,8.15,8.04,8.1,865800,NaN,NaN,NaN,NaN,NaN,NaN,NaN
1569373200,8.09,8.1,8.020001,8.1,1223100,NaN,NaN,NaN,NaN,NaN,NaN,NaN
1569459600,8.1,8.1,8.020001,8.1,439000,NaN,NaN,NaN,NaN,NaN,NaN,NaN
1569546000,8.18,8.18,8.04,8.04,675200,NaN,NaN,NaN,NaN,NaN,NaN,NaN
1569805200,8.08,8.13,8.05,8.07,2110500,1805333083,18187604000,3024506000,225707000,353521000,5033150000,4.62205700123916
1569891600,8.15,8.15,8.06,8.07,1208600,NaN,NaN,NaN,NaN,NaN,NaN,NaN
1569978000,8.09,8.16,8.03,8.07,451400,NaN,NaN,NaN,NaN,NaN,NaN,NaN
1570064400,8.03,8.16,8.03,8.07,1193200,NaN,NaN,NaN,NaN,NaN,NaN,NaN
1570150800,8.08,8.12,8.05,8.08,2019900,NaN,NaN,NaN,NaN,NaN,NaN,NaN
1570410000,8.08,8.15,8.08,8.09,1103200,NaN,NaN,NaN,NaN,NaN,NaN,NaN
1570496400,8.08,8.13,8.06,8.08,988200,NaN,NaN,NaN,NaN,NaN,NaN,NaN
1570582800,8.14,8.14,8.09,8.1,912700,NaN,NaN,NaN,NaN,NaN,NaN,NaN
1570669200,8.06,8.09,8.05,8.06,448400,NaN,NaN,NaN,NaN,NaN,NaN,NaN
1570755600,8.06,8.09,8.01,8.01,673000,NaN,NaN,NaN,NaN,NaN,NaN,NaN
1571014800,8.01,8.06,7.95,8,924700,NaN,NaN,NaN,NaN,NaN,NaN,NaN
1571101200,7.96,8.14,7.96,8.06,15400,NaN,NaN,NaN,NaN,NaN,NaN,NaN
1571187600,8.1,8.1,7.95,7.96,392400,NaN,NaN,NaN,NaN,NaN,NaN,NaN
1571274000,7.96,8.05,7.92,7.99,1224700,NaN,NaN,NaN,NaN,NaN,NaN,NaN
1571360400,7.99,8.04,7.96,7.96,906800,NaN,NaN,NaN,NaN,NaN,NaN,NaN
1571619600,7.97,8,7.97,7.98,2000,NaN,NaN,NaN,NaN,NaN,NaN,NaN
1571706000,7.98,8.06,7.97,7.99,757000,NaN,NaN,NaN,NaN,NaN,NaN,NaN
1571792400,8,8.1,8,8,92200,NaN,NaN,NaN,NaN,NaN,NaN,NaN
1571878800,8,8.01,7.99,8,325700,NaN,NaN,NaN,NaN,NaN,NaN,NaN
1571965200,8.01,8.08,8.01,8.01,9300,NaN,NaN,NaN,NaN,NaN,NaN,NaN
1572310800,8.12,8.12,8,8.01,50100,NaN,NaN,NaN,NaN,NaN,NaN,NaN
1572397200,8.01,8.020001,7.99,8,627300,NaN,NaN,NaN,NaN,NaN,NaN,NaN
1572483600,8,8.08,7.95,7.99,995200,NaN,NaN,NaN,NaN,NaN,NaN,NaN
1572570000,8,8,7.95,7.95,437000,NaN,NaN,NaN,NaN,NaN,NaN,NaN
1572829200,8,8.03,7.99,7.99,371700,NaN,NaN,NaN,NaN,NaN,NaN,NaN
1572915600,8,8,7.97,7.99,676100,NaN,NaN,NaN,NaN,NaN,NaN,NaN
1573002000,8,8.08,7.99,8,503100,NaN,NaN,NaN,NaN,NaN,NaN,NaN
1573088400,8,8.09,7.98,7.99,845100,NaN,NaN,NaN,NaN,NaN,NaN,NaN
1573174800,8,8,7.96,7.99,147500,NaN,NaN,NaN,NaN,NaN,NaN,NaN
1573434000,8,8,7.98,7.99,67400,NaN,NaN,NaN,NaN,NaN,NaN,NaN
1573520400,8,8.05,7.97,7.99,681600,NaN,NaN,NaN,NaN,NaN,NaN,NaN
1573606800,8.04,8.04,7.99,8,48900,NaN,NaN,NaN,NaN,NaN,NaN,NaN
1573693200,8.08,8.3,8.020001,8.1,169200,NaN,NaN,NaN,NaN,NaN,NaN,NaN
1573779600,8.1,8.2,8,8,433600,NaN,NaN,NaN,NaN,NaN,NaN,NaN
1574038800,8.15,8.15,8,8.1,117300,NaN,NaN,NaN,NaN,NaN,NaN,NaN
1574125200,8.1,8.1,7.99,7.99,870300,NaN,NaN,NaN,NaN,NaN,NaN,NaN
1574211600,7.99,8.01,7.99,8,630200,NaN,NaN,NaN,NaN,NaN,NaN,NaN
1574298000,8.01,8.06,7.99,8,458600,NaN,NaN,NaN,NaN,NaN,NaN,NaN
1574384400,8,8.06,7.99,7.99,490800,NaN,NaN,NaN,NaN,NaN,NaN,NaN
1574643600,8,8,7.99,7.99,489200,NaN,NaN,NaN,NaN,NaN,NaN,NaN
1574730000,8,8.020001,7.98,7.99,1122400,NaN,NaN,NaN,NaN,NaN,NaN,NaN
1574816400,7.97,8,7.97,7.98,616100,NaN,NaN,NaN,NaN,NaN,NaN,NaN
1574902800,7.99,8.09,7.99,8,137500,NaN,NaN,NaN,NaN,NaN,NaN,NaN
1574989200,8.09,8.09,7.99,8,328100,NaN,NaN,NaN,NaN,NaN,NaN,NaN
1575248400,8,8,7.99,8,234300,NaN,NaN,NaN,NaN,NaN,NaN,NaN
1575334800,8,8,7.95,7.98,1135600,NaN,NaN,NaN,NaN,NaN,NaN,NaN
1575421200,7.97,7.98,7.97,7.98,239800,NaN,NaN,NaN,NaN,NaN,NaN,NaN
1575507600,7.97,8.03,7.97,8.03,77400,NaN,NaN,NaN,NaN,NaN,NaN,NaN
1575594000,8.09,8.09,7.99,7.99,1102700,NaN,NaN,NaN,NaN,NaN,NaN,NaN
1575853200,8,8,7.98,7.98,772800,NaN,NaN,NaN,NaN,NaN,NaN,NaN
1575939600,7.99,7.99,7.96,7.97,918700,NaN,NaN,NaN,NaN,NaN,NaN,NaN
1576026000,7.99,8,7.98,7.99,610200,NaN,NaN,NaN,NaN,NaN,NaN,NaN
1576112400,8,8.020001,7.99,8.020001,688100,NaN,NaN,NaN,NaN,NaN,NaN,NaN
1576198800,7.99,8.020001,7.99,8,262400,NaN,NaN,NaN,NaN,NaN,NaN,NaN
1576458000,7.99,8,7.99,8,540200,NaN,NaN,NaN,NaN,NaN,NaN,NaN
1576544400,8.01,8.01,7.99,7.99,777300,NaN,NaN,NaN,NaN,NaN,NaN,NaN
1576630800,8.05,8.05,7.99,7.99,1027000,NaN,NaN,NaN,NaN,NaN,NaN,NaN
1576717200,7.99,8.01,7.97,7.98,503800,NaN,NaN,NaN,NaN,NaN,NaN,NaN
1576803600,8,8,7.95,8,256600,NaN,NaN,NaN,NaN,NaN,NaN,NaN
1577062800,7.99,8,7.97,7.99,704400,NaN,NaN,NaN,NaN,NaN,NaN,NaN
1577149200,7.99,8,7.96,7.99,613400,NaN,NaN,NaN,NaN,NaN,NaN,NaN
1577322000,7.99,8,7.99,8,225600,NaN,NaN,NaN,NaN,NaN,NaN,NaN
1577408400,8,8,7.98,7.99,967700,NaN,NaN,NaN,NaN,NaN,NaN,NaN
1577667600,8,8.01,7.97,7.98,47000,NaN,NaN,NaN,NaN,NaN,NaN,NaN
1577754000,8,8.03,7.9,7.9,241100,1805333083,18211256000,2917818000,261087000,364961000,5138604000,4.81012658227848
1577926800,7.94,7.94,7.85,7.85,217300,NaN,NaN,NaN,NaN,NaN,NaN,NaN
1578013200,7.85,7.92,7.84,7.91,793800,NaN,NaN,NaN,NaN,NaN,NaN,NaN
1578272400,7.9,7.98,7.89,7.97,74400,NaN,NaN,NaN,NaN,NaN,NaN,NaN
1578358800,7.97,7.99,7.96,7.98,1513900,NaN,NaN,NaN,NaN,NaN,NaN,NaN
1578445200,7.95,7.99,7.95,7.98,932900,NaN,NaN,NaN,NaN,NaN,NaN,NaN
1578531600,7.98,7.98,7.97,7.97,918400,NaN,NaN,NaN,NaN,NaN,NaN,NaN
1578618000,7.97,8.14,7.95,8.14,423900,NaN,NaN,NaN,NaN,NaN,NaN,NaN
1578877200,8.13,8.13,7.99,8,162500,NaN,NaN,NaN,NaN,NaN,NaN,NaN
1578963600,8,8,7.94,7.95,516900,NaN,NaN,NaN,NaN,NaN,NaN,NaN
1579050000,7.95,7.96,7.91,7.95,1063800,NaN,NaN,NaN,NaN,NaN,NaN,NaN
1579136400,7.98,7.98,7.92,7.96,1733100,NaN,NaN,NaN,NaN,NaN,NaN,NaN
1579222800,7.95,7.95,7.88,7.89,655600,NaN,NaN,NaN,NaN,NaN,NaN,NaN
1579482000,7.9,7.94,7.9,7.94,816400,NaN,NaN,NaN,NaN,NaN,NaN,NaN
1579568400,7.95,7.95,7.92,7.93,256000,NaN,NaN,NaN,NaN,NaN,NaN,NaN
1579654800,7.93,7.93,7.83,7.83,245400,NaN,NaN,NaN,NaN,NaN,NaN,NaN
1579741200,7.85,7.98,7.83,7.98,3862800,NaN,NaN,NaN,NaN,NaN,NaN,NaN
1579827600,7.98,8,7.92,7.98,29100,NaN,NaN,NaN,NaN,NaN,NaN,NaN
1580173200,7.98,8,7.84,7.85,894700,NaN,NaN,NaN,NaN,NaN,NaN,NaN
1580259600,7.9,7.9,7.75,7.76,3091200,NaN,NaN,NaN,NaN,NaN,NaN,NaN
1580346000,7.8,7.87,7.77,7.8,1702700,NaN,NaN,NaN,NaN,NaN,NaN,NaN
1580432400,7.85,7.92,7.81,7.83,592200,NaN,NaN,NaN,NaN,NaN,NaN,NaN
1580691600,7.85,7.87,7.8,7.82,570700,NaN,NaN,NaN,NaN,NaN,NaN,NaN
1580778000,7.8,7.81,7.78,7.8,2622700,NaN,NaN,NaN,NaN,NaN,NaN,NaN
1580864400,7.83,7.88,7.8,7.81,1147600,NaN,NaN,NaN,NaN,NaN,NaN,NaN
1580950800,7.87,7.87,7.82,7.83,723900,NaN,NaN,NaN,NaN,NaN,NaN,NaN
1581037200,7.83,7.85,7.71,7.83,564300,NaN,NaN,NaN,NaN,NaN,NaN,NaN
1581296400,7.85,7.99,7.8,7.91,140600,NaN,NaN,NaN,NaN,NaN,NaN,NaN
1581382800,7.91,8,7.91,7.97,44300,NaN,NaN,NaN,NaN,NaN,NaN,NaN
1581469200,7.98,8,7.9,7.98,2161200,NaN,NaN,NaN,NaN,NaN,NaN,NaN
1581555600,8.01,8.1,8,8.05,1793800,NaN,NaN,NaN,NaN,NaN,NaN,NaN
1581642000,8.03,8.12,8.020001,8.09,532100,NaN,NaN,NaN,NaN,NaN,NaN,NaN
1581901200,8.1,8.12,8.09,8.1,419100,NaN,NaN,NaN,NaN,NaN,NaN,NaN
1581987600,8.1,8.14,8.09,8.14,2809000,NaN,NaN,NaN,NaN,NaN,NaN,NaN
1582074000,8.13,8.16,8.13,8.15,664300,NaN,NaN,NaN,NaN,NaN,NaN,NaN
1582160400,8.15,8.15,8.14,8.15,2800,NaN,NaN,NaN,NaN,NaN,NaN,NaN
1582246800,8.1,8.15,8.09,8.11,205900,NaN,NaN,NaN,NaN,NaN,NaN,NaN
1582506000,8.13,8.13,8.06,8.09,240800,NaN,NaN,NaN,NaN,NaN,NaN,NaN
1582592400,8.09,8.15,8.06,8.15,568400,NaN,NaN,NaN,NaN,NaN,NaN,NaN
1582678800,8.12,8.15,8.01,8.14,745500,NaN,NaN,NaN,NaN,NaN,NaN,NaN
1582765200,8.12,8.14,8.06,8.14,63600,NaN,NaN,NaN,NaN,NaN,NaN,NaN
1582851600,8.1,8.15,8.07,8.14,1265700,NaN,NaN,NaN,NaN,NaN,NaN,NaN
1583110800,8.14,8.14,8.11,8.12,487400,NaN,NaN,NaN,NaN,NaN,NaN,NaN
1583197200,8.16,8.16,8.11,8.13,1146900,NaN,NaN,NaN,NaN,NaN,NaN,NaN
1583283600,8.16,8.17,8.11,8.12,142800,NaN,NaN,NaN,NaN,NaN,NaN,NaN
1583370000,8.15,8.15,8.12,8.14,116300,NaN,NaN,NaN,NaN,NaN,NaN,NaN
1583456400,8.15,8.19,8.14,8.15,630800,NaN,NaN,NaN,NaN,NaN,NaN,NaN
1583715600,8.15,8.16,8.1,8.12,475500,NaN,NaN,NaN,NaN,NaN,NaN,NaN
1583802000,8.13,8.2,8.13,8.2,681900,NaN,NaN,NaN,NaN,NaN,NaN,NaN
1583888400,8.25,8.28,8.24,8.26,838400,NaN,NaN,NaN,NaN,NaN,NaN,NaN
1583974800,8.2,8.25,8.15,8.2,1039400,NaN,NaN,NaN,NaN,NaN,NaN,NaN
1584061200,8.15,8.15,7.84,8.04,3039500,NaN,NaN,NaN,NaN,NaN,NaN,NaN
1584320400,7.84,7.84,7.66,7.66,1865100,NaN,NaN,NaN,NaN,NaN,NaN,NaN
1584406800,7.64,7.9,7.55,7.56,1783700,NaN,NaN,NaN,NaN,NaN,NaN,NaN
1584493200,7.6,8.29,7.58,7.6,2436200,NaN,NaN,NaN,NaN,NaN,NaN,NaN
1584579600,7.6,7.87,7.52,7.6,3085700,NaN,NaN,NaN,NaN,NaN,NaN,NaN
1584666000,7.6,7.61,7.56,7.6,2075300,NaN,NaN,NaN,NaN,NaN,NaN,NaN
1584925200,7.58,7.65,7.38,7.58,1042500,NaN,NaN,NaN,NaN,NaN,NaN,NaN
1585011600,7.65,7.8,7.63,7.71,2018200,NaN,NaN,NaN,NaN,NaN,NaN,NaN
1585098000,7.75,7.88,7.75,7.88,628800,NaN,NaN,NaN,NaN,NaN,NaN,NaN
1585184400,7.8,7.88,7.8,7.83,675300,NaN,NaN,NaN,NaN,NaN,NaN,NaN
1585270800,7.88,7.98,7.88,7.89,343200,NaN,NaN,NaN,NaN,NaN,NaN,NaN
1585530000,7.89,7.89,7.56,7.87,479900,NaN,NaN,NaN,NaN,NaN,NaN,NaN
1585616400,7.89,7.89,7.78,7.79,1562000,1805333083,18187187000,2925894000,249849000,354594000,5105187000,4.81386392811296
1585702800,7.82,7.85,7.57,7.84,191000,NaN,NaN,NaN,NaN,NaN,NaN,NaN
1585789200,7.8,8,7.79,8,2781800,NaN,NaN,NaN,NaN,NaN,NaN,NaN
1585875600,7.82,7.82,7.79,7.81,244100,NaN,NaN,NaN,NaN,NaN,NaN,NaN
1586134800,7.8,7.92,7.8,7.8,332600,NaN,NaN,NaN,NaN,NaN,NaN,NaN
1586221200,7.99,7.99,7.79,7.83,461200,NaN,NaN,NaN,NaN,NaN,NaN,NaN
1586307600,7.83,7.84,7.77,7.8,674100,NaN,NaN,NaN,NaN,NaN,NaN,NaN
1586394000,7.82,7.83,7.75,7.83,497600,NaN,NaN,NaN,NaN,NaN,NaN,NaN
1586480400,7.83,7.83,7.78,7.79,2043200,NaN,NaN,NaN,NaN,NaN,NaN,NaN
1586739600,7.84,7.99,7.78,7.79,719800,NaN,NaN,NaN,NaN,NaN,NaN,NaN
1586826000,7.8,7.8,7.76,7.79,640600,NaN,NaN,NaN,NaN,NaN,NaN,NaN
1586912400,7.8,7.97,7.78,7.81,996700,NaN,NaN,NaN,NaN,NaN,NaN,NaN
1586998800,7.83,7.99,7.83,7.84,315800,NaN,NaN,NaN,NaN,NaN,NaN,NaN
1587085200,7.99,8.020001,7.86,7.95,137300,NaN,NaN,NaN,NaN,NaN,NaN,NaN
1587344400,7.95,7.98,7.83,7.85,189100,NaN,NaN,NaN,NaN,NaN,NaN,NaN
1587430800,7.89,7.9,7.78,7.8,357700,NaN,NaN,NaN,NaN,NaN,NaN,NaN
1587517200,7.79,7.99,7.79,7.93,354500,NaN,NaN,NaN,NaN,NaN,NaN,NaN
1587603600,7.9,7.95,7.78,7.88,557400,NaN,NaN,NaN,NaN,NaN,NaN,NaN
1587690000,7.83,7.86,7.8,7.8,77400,NaN,NaN,NaN,NaN,NaN,NaN,NaN
1587949200,7.8,7.83,7.8,7.8,259400,NaN,NaN,NaN,NaN,NaN,NaN,NaN
1588035600,7.78,7.82,7.78,7.8,3685500,NaN,NaN,NaN,NaN,NaN,NaN,NaN
1588122000,7.79,7.85,7.79,7.8,159700,NaN,NaN,NaN,NaN,NaN,NaN,NaN
1588208400,7.8,7.89,7.79,7.84,1141400,NaN,NaN,NaN,NaN,NaN,NaN,NaN
1588554000,7.86,7.86,7.79,7.85,105600,NaN,NaN,NaN,NaN,NaN,NaN,NaN
1588640400,7.85,7.85,7.8,7.83,127900,NaN,NaN,NaN,NaN,NaN,NaN,NaN
1588726800,7.85,7.85,7.81,7.83,339200,NaN,NaN,NaN,NaN,NaN,NaN,NaN
1588899600,7.8,7.89,7.8,7.8,537800,NaN,NaN,NaN,NaN,NaN,NaN,NaN
1589245200,7.8,7.81,7.78,7.78,199200,NaN,NaN,NaN,NaN,NaN,NaN,NaN
1589331600,7.8,7.8,7.72,7.8,22200,NaN,NaN,NaN,NaN,NaN,NaN,NaN
1589418000,7.8,7.8,7.73,7.79,107500,NaN,NaN,NaN,NaN,NaN,NaN,NaN
1589504400,7.77,7.8,7.77,7.79,108200,NaN,NaN,NaN,NaN,NaN,NaN,NaN
1589763600,7.76,7.82,7.76,7.82,413600,NaN,NaN,NaN,NaN,NaN,NaN,NaN
1589850000,7.82,7.82,7.79,7.81,208700,NaN,NaN,NaN,NaN,NaN,NaN,NaN
1589936400,7.83,7.86,7.78,7.83,203500,NaN,NaN,NaN,NaN,NaN,NaN,NaN
1590022800,7.78,7.83,7.76,7.78,78500,NaN,NaN,NaN,NaN,NaN,NaN,NaN
1590109200,7.78,7.8,7.75,7.75,2121100,NaN,NaN,NaN,NaN,NaN,NaN,NaN
1590541200,7.75,7.84,7.71,7.77,202100,NaN,NaN,NaN,NaN,NaN,NaN,NaN
1590627600,7.8,7.8,7.76,7.76,58700,NaN,NaN,NaN,NaN,NaN,NaN,NaN
1590714000,7.76,7.76,7.61,7.71,625100,NaN,NaN,NaN,NaN,NaN,NaN,NaN
1590973200,7.78,7.78,7.71,7.75,776300,NaN,NaN,NaN,NaN,NaN,NaN,NaN
1591059600,7.76,7.85,7.75,7.8,2383600,NaN,NaN,NaN,NaN,NaN,NaN,NaN
1591146000,7.8,7.94,7.79,7.8,1188400,NaN,NaN,NaN,NaN,NaN,NaN,NaN
1591232400,7.81,8.2,7.78,8.18,593800,NaN,NaN,NaN,NaN,NaN,NaN,NaN
1591318800,8.35,8.39,8.020001,8.19,1732600,NaN,NaN,NaN,NaN,NaN,NaN,NaN
1591664400,8.21,8.33,8.2,8.24,206400,NaN,NaN,NaN,NaN,NaN,NaN,NaN
1591750800,8.24,8.25,8.19,8.2,935600,NaN,NaN,NaN,NaN,NaN,NaN,NaN
1591837200,8.2,8.2,7.97,7.97,294900,NaN,NaN,NaN,NaN,NaN,NaN,NaN
1591923600,7.9,8.2,7.9,8.2,97900,NaN,NaN,NaN,NaN,NaN,NaN,NaN
1592182800,8.1,8.11,7.95,8.05,92700,NaN,NaN,NaN,NaN,NaN,NaN,NaN
1592269200,8.04,8.1,7.96,8.05,846000,NaN,NaN,NaN,NaN,NaN,NaN,NaN
1592355600,7.95,8.05,7.95,8,251100,NaN,NaN,NaN,NaN,NaN,NaN,NaN
1592442000,7.98,8.05,7.91,8,1246700,NaN,NaN,NaN,NaN,NaN,NaN,NaN
1592528400,7.93,8.25,7.72,7.72,738600,NaN,NaN,NaN,NaN,NaN,NaN,NaN
1592787600,7.81,8.01,7.76,7.95,1944400,NaN,NaN,NaN,NaN,NaN,NaN,NaN
1592874000,7.95,8.06,7.95,7.95,175300,NaN,NaN,NaN,NaN,NaN,NaN,NaN
1592960400,7.98,8.09,7.95,8.01,766900,NaN,NaN,NaN,NaN,NaN,NaN,NaN
1593046800,7.96,8.03,7.96,8,948300,NaN,NaN,NaN,NaN,NaN,NaN,NaN
1593133200,7.96,8.020001,7.96,7.96,779900,NaN,NaN,NaN,NaN,NaN,NaN,NaN
1593392400,7.96,8.01,7.96,7.97,1133300,NaN,NaN,NaN,NaN,NaN,NaN,NaN
1593478800,7.99,8.03,7.96,7.96,830800,1805333083,18170314000,2909567000,182446000,267245000,5090264000,4.54773869346734
1593565200,7.95,7.99,7.95,7.98,97400,NaN,NaN,NaN,NaN,NaN,NaN,NaN
1593651600,7.96,7.98,7.96,7.97,23200,NaN,NaN,NaN,NaN,NaN,NaN,NaN
1593738000,7.96,7.98,7.96,7.96,246100,NaN,NaN,NaN,NaN,NaN,NaN,NaN
1593997200,7.96,8,7.95,8,258000,NaN,NaN,NaN,NaN,NaN,NaN,NaN
1594083600,8,8.1,7.97,8.1,75300,NaN,NaN,NaN,NaN,NaN,NaN,NaN
1594170000,7.97,8.020001,7.96,7.97,322200,NaN,NaN,NaN,NaN,NaN,NaN,NaN
1594256400,7.91,7.97,7.91,7.93,597700,NaN,NaN,NaN,NaN,NaN,NaN,NaN
1594342800,7.93,8.05,7.85,8.05,1244100,NaN,NaN,NaN,NaN,NaN,NaN,NaN
1594602000,8.04,8.04,7.91,7.96,16900,NaN,NaN,NaN,NaN,NaN,NaN,NaN
1594688400,7.94,8.04,7.94,7.95,101800,NaN,NaN,NaN,NaN,NaN,NaN,NaN
1594774800,8,8.1,7.94,7.95,714300,NaN,NaN,NaN,NaN,NaN,NaN,NaN
1594861200,7.9,7.95,7.9,7.93,420900,NaN,NaN,NaN,NaN,NaN,NaN,NaN
1594947600,7.9,7.95,7.9,7.94,802000,NaN,NaN,NaN,NaN,NaN,NaN,NaN
1595206800,7.98,7.98,7.86,7.86,191700,NaN,NaN,NaN,NaN,NaN,NaN,NaN
1595293200,7.93,7.95,7.86,7.86,410300,NaN,NaN,NaN,NaN,NaN,NaN,NaN
1595379600,7.95,7.95,7.87,7.87,9200,NaN,NaN,NaN,NaN,NaN,NaN,NaN
1595466000,7.88,7.9,7.8,7.87,141100,NaN,NaN,NaN,NaN,NaN,NaN,NaN
1595552400,7.85,7.85,7.75,7.76,242900,NaN,NaN,NaN,NaN,NaN,NaN,NaN
1595811600,7.76,7.8,7.75,7.76,303100,NaN,NaN,NaN,NaN,NaN,NaN,NaN
1595898000,7.75,7.77,7.66,7.75,1230000,NaN,NaN,NaN,NaN,NaN,NaN,NaN
1595984400,7.78,7.86,7.75,7.8,591400,NaN,NaN,NaN,NaN,NaN,NaN,NaN
1596070800,7.8,7.92,7.8,7.8,504500,NaN,NaN,NaN,NaN,NaN,NaN,NaN
1596416400,7.9,7.9,7.65,7.9,601700,NaN,NaN,NaN,NaN,NaN,NaN,NaN
1596502800,7.8,7.81,7.74,7.76,414500,NaN,NaN,NaN,NaN,NaN,NaN,NaN
1596589200,7.76,7.81,7.76,7.78,653400,NaN,NaN,NaN,NaN,NaN,NaN,NaN
1596675600,7.8,7.9,7.78,7.8,1631600,NaN,NaN,NaN,NaN,NaN,NaN,NaN
1596762000,7.8,8,7.8,7.85,387300,NaN,NaN,NaN,NaN,NaN,NaN,NaN
1597021200,7.85,7.9,7.84,7.9,215000,NaN,NaN,NaN,NaN,NaN,NaN,NaN
1597107600,7.85,7.97,7.85,7.95,93400,NaN,NaN,NaN,NaN,NaN,NaN,NaN
1597194000,7.94,7.94,7.78,7.81,1019400,NaN,NaN,NaN,NaN,NaN,NaN,NaN
1597280400,7.83,7.98,7.83,7.91,163000,NaN,NaN,NaN,NaN,NaN,NaN,NaN
1597366800,7.98,7.98,7.85,7.85,302000,NaN,NaN,NaN,NaN,NaN,NaN,NaN
1597626000,7.88,7.98,7.88,7.92,81300,NaN,NaN,NaN,NaN,NaN,NaN,NaN
1597712400,7.97,7.97,7.93,7.93,374900,NaN,NaN,NaN,NaN,NaN,NaN,NaN
1597798800,7.92,7.95,7.91,7.95,364000,NaN,NaN,NaN,NaN,NaN,NaN,NaN
1597971600,7.9,8,7.9,7.93,251400,NaN,NaN,NaN,NaN,NaN,NaN,NaN
1598230800,7.91,7.91,7.85,7.9,441700,NaN,NaN,NaN,NaN,NaN,NaN,NaN
1598317200,7.89,7.94,7.84,7.9,115000,NaN,NaN,NaN,NaN,NaN,NaN,NaN
1598403600,7.95,7.95,7.86,7.86,783200,NaN,NaN,NaN,NaN,NaN,NaN,NaN
1598490000,7.86,7.87,7.84,7.86,605100,NaN,NaN,NaN,NaN,NaN,NaN,NaN
1598576400,7.87,7.9,7.8,7.8,827500,NaN,NaN,NaN,NaN,NaN,NaN,NaN
1598922000,7.79,7.8,7.71,7.75,380000,NaN,NaN,NaN,NaN,NaN,NaN,NaN
1599008400,7.8,7.91,7.8,7.8,296100,NaN,NaN,NaN,NaN,NaN,NaN,NaN
1599094800,7.94,8,7.8,7.86,102500,NaN,NaN,NaN,NaN,NaN,NaN,NaN
1599181200,7.76,7.96,7.76,7.91,230200,NaN,NaN,NaN,NaN,NaN,NaN,NaN
1599440400,7.89,7.91,7.83,7.89,143000,NaN,NaN,NaN,NaN,NaN,NaN,NaN
1599526800,7.89,7.97,7.78,7.78,208300,NaN,NaN,NaN,NaN,NaN,NaN,NaN
1599613200,7.93,7.99,7.79,7.92,607700,NaN,NaN,NaN,NaN,NaN,NaN,NaN
1599699600,7.92,7.95,7.9,7.93,658900,NaN,NaN,NaN,NaN,NaN,NaN,NaN
1599786000,7.93,7.93,7.84,7.88,379200,NaN,NaN,NaN,NaN,NaN,NaN,NaN
1600045200,7.88,7.9,7.82,7.87,331700,NaN,NaN,NaN,NaN,NaN,NaN,NaN
1600131600,7.87,7.9,7.8,7.88,754300,NaN,NaN,NaN,NaN,NaN,NaN,NaN
1600304400,7.88,7.92,7.86,7.89,699600,NaN,NaN,NaN,NaN,NaN,NaN,NaN
1600390800,7.89,7.92,7.65,7.65,1686300,NaN,NaN,NaN,NaN,NaN,NaN,NaN
1600650000,7.7,7.76,7.57,7.61,1251800,NaN,NaN,NaN,NaN,NaN,NaN,NaN
1600736400,7.65,7.82,7.65,7.75,192600,NaN,NaN,NaN,NaN,NaN,NaN,NaN
1600822800,7.75,7.84,7.75,7.77,165400,NaN,NaN,NaN,NaN,NaN,NaN,NaN
1600909200,7.77,7.84,7.7,7.84,383200,NaN,NaN,NaN,NaN,NaN,NaN,NaN
1600995600,7.85,7.85,7.68,7.77,59500,NaN,NaN,NaN,NaN,NaN,NaN,NaN
1601254800,7.77,7.77,7.68,7.69,137000,NaN,NaN,NaN,NaN,NaN,NaN,NaN
1601341200,7.84,7.84,7.67,7.67,122600,NaN,NaN,NaN,NaN,NaN,NaN,NaN
1601427600,7.67,7.74,7.67,7.72,151800,1805333083,18197655000,2919771000,215210000,312604000,5109032000,4.52072538860104
1601514000,7.72,7.8,7.7,7.72,320800,NaN,NaN,NaN,NaN,NaN,NaN,NaN
1601600400,7.7,7.73,7.67,7.68,554700,NaN,NaN,NaN,NaN,NaN,NaN,NaN
1601859600,7.7,7.79,7.68,7.68,601200,NaN,NaN,NaN,NaN,NaN,NaN,NaN
1601946000,7.7,7.75,7.68,7.71,235000,NaN,NaN,NaN,NaN,NaN,NaN,NaN
1602032400,7.68,7.72,7.68,7.71,130900,NaN,NaN,NaN,NaN,NaN,NaN,NaN
1602118800,7.7,7.78,7.65,7.78,493900,NaN,NaN,NaN,NaN,NaN,NaN,NaN
1602205200,7.7,7.83,7.7,7.8,203500,NaN,NaN,NaN,NaN,NaN,NaN,NaN
1602464400,7.71,7.73,7.65,7.65,548700,NaN,NaN,NaN,NaN,NaN,NaN,NaN
1602550800,7.7,7.85,7.66,7.68,443700,NaN,NaN,NaN,NaN,NaN,NaN,NaN
1602637200,7.68,7.68,7.64,7.65,418800,NaN,NaN,NaN,NaN,NaN,NaN,NaN
1602723600,7.65,7.65,7.63,7.65,17700,NaN,NaN,NaN,NaN,NaN,NaN,NaN
1602810000,7.63,7.65,7.56,7.63,571700,NaN,NaN,NaN,NaN,NaN,NaN,NaN
1603069200,7.62,7.66,7.6,7.63,357300,NaN,NaN,NaN,NaN,NaN,NaN,NaN
1603155600,7.63,7.71,7.53,7.55,532000,NaN,NaN,NaN,NaN,NaN,NaN,NaN
1603242000,7.55,7.59,7.55,7.58,330200,NaN,NaN,NaN,NaN,NaN,NaN,NaN
1603328400,7.58,7.6,7.56,7.56,70400,NaN,NaN,NaN,NaN,NaN,NaN,NaN
1603414800,7.56,7.75,7.55,7.74,363400,NaN,NaN,NaN,NaN,NaN,NaN,NaN
1603674000,7.65,7.69,7.59,7.6,414400,NaN,NaN,NaN,NaN,NaN,NaN,NaN
1603760400,7.7,7.7,7.58,7.59,475500,NaN,NaN,NaN,NaN,NaN,NaN,NaN
1603846800,7.6,7.65,7.6,7.6,32300,NaN,NaN,NaN,NaN,NaN,NaN,NaN
1604019600,7.6,7.7,7.54,7.6,336600,NaN,NaN,NaN,NaN,NaN,NaN,NaN
1604278800,7.61,7.75,7.53,7.62,32700,NaN,NaN,NaN,NaN,NaN,NaN,NaN
1604365200,7.62,7.62,7.57,7.6,91600,NaN,NaN,NaN,NaN,NaN,NaN,NaN
1604451600,7.57,7.57,7.43,7.51,267700,NaN,NaN,NaN,NaN,NaN,NaN,NaN
1604538000,7.51,7.69,7.5,7.69,181800,NaN,NaN,NaN,NaN,NaN,NaN,NaN
1604624400,7.58,7.7,7.53,7.62,212200,NaN,NaN,NaN,NaN,NaN,NaN,NaN
1604883600,7.62,7.68,7.62,7.63,29400,NaN,NaN,NaN,NaN,NaN,NaN,NaN
1604970000,7.63,7.78,7.61,7.72,415000,NaN,NaN,NaN,NaN,NaN,NaN,NaN
1605056400,7.66,7.82,7.66,7.73,657600,NaN,NaN,NaN,NaN,NaN,NaN,NaN
1605142800,7.73,8.1,7.73,8,402200,NaN,NaN,NaN,NaN,NaN,NaN,NaN
1605229200,7.76,7.98,7.76,7.98,47000,NaN,NaN,NaN,NaN,NaN,NaN,NaN
1605488400,8.05,8.05,7.84,7.92,257900,NaN,NaN,NaN,NaN,NaN,NaN,NaN
1605574800,8,8,7.86,7.88,6400,NaN,NaN,NaN,NaN,NaN,NaN,NaN
1605661200,7.93,7.99,7.88,7.89,19200,NaN,NaN,NaN,NaN,NaN,NaN,NaN
1605747600,7.99,8.04,7.82,7.93,58500,NaN,NaN,NaN,NaN,NaN,NaN,NaN
1605834000,7.93,7.93,7.75,7.75,227600,NaN,NaN,NaN,NaN,NaN,NaN,NaN
1606093200,7.75,7.8,7.7,7.71,338200,NaN,NaN,NaN,NaN,NaN,NaN,NaN
1606179600,7.7,7.74,7.61,7.64,101900,NaN,NaN,NaN,NaN,NaN,NaN,NaN
1606266000,7.65,7.7,7.65,7.69,153500,NaN,NaN,NaN,NaN,NaN,NaN,NaN
1606352400,7.7,7.71,7.67,7.7,232100,NaN,NaN,NaN,NaN,NaN,NaN,NaN
1606438800,7.7,7.7,7.67,7.68,113600,NaN,NaN,NaN,NaN,NaN,NaN,NaN
1606698000,7.68,7.68,7.65,7.68,119100,NaN,NaN,NaN,NaN,NaN,NaN,NaN
1606784400,7.65,7.69,7.65,7.68,70200,NaN,NaN,NaN,NaN,NaN,NaN,NaN
1606870800,7.65,7.69,7.65,7.66,236200,NaN,NaN,NaN,NaN,NaN,NaN,NaN
1606957200,7.66,7.71,7.6,7.6,323400,NaN,NaN,NaN,NaN,NaN,NaN,NaN
1607043600,7.6,7.71,7.56,7.6,375500,NaN,NaN,NaN,NaN,NaN,NaN,NaN
1607302800,7.66,7.71,7.57,7.6,411000,NaN,NaN,NaN,NaN,NaN,NaN,NaN
1607389200,7.61,7.65,7.57,7.6,361500,NaN,NaN,NaN,NaN,NaN,NaN,NaN
1607475600,7.58,7.65,7.5,7.65,486500,NaN,NaN,NaN,NaN,NaN,NaN,NaN
1607562000,7.65,7.65,7.5,7.55,363500,NaN,NaN,NaN,NaN,NaN,NaN,NaN
1607648400,7.5,7.53,7.38,7.49,521300,NaN,NaN,NaN,NaN,NaN,NaN,NaN
1607907600,7.5,7.56,7.33,7.34,542100,NaN,NaN,NaN,NaN,NaN,NaN,NaN
1607994000,7.36,7.36,7.06,7.14,1858300,NaN,NaN,NaN,NaN,NaN,NaN,NaN
1608080400,7.23,7.28,7.05,7.12,2082400,NaN,NaN,NaN,NaN,NaN,NaN,NaN
1608166800,7.15,7.37,7.12,7.31,1931300,NaN,NaN,NaN,NaN,NaN,NaN,NaN
1608253200,7.35,7.35,7.16,7.16,1784300,NaN,NaN,NaN,NaN,NaN,NaN,NaN
1608512400,7.18,7.25,7.11,7.24,1103900,NaN,NaN,NaN,NaN,NaN,NaN,NaN
1608598800,7.24,7.24,7.15,7.17,1002500,NaN,NaN,NaN,NaN,NaN,NaN,NaN
1608685200,7.18,7.28,7.17,7.21,475200,NaN,NaN,NaN,NaN,NaN,NaN,NaN
1608771600,7.21,7.21,7.13,7.14,263200,NaN,NaN,NaN,NaN,NaN,NaN,NaN
1609117200,7.15,7.21,7.15,7.17,366000,NaN,NaN,NaN,NaN,NaN,NaN,NaN
1609203600,7.2,7.24,7.16,7.18,603300,NaN,NaN,NaN,NaN,NaN,NaN,NaN
1609290000,7.18,7.22,7.11,7.13,760600,NaN,NaN,NaN,NaN,NaN,NaN,NaN
1609376400,7.2,7.2,7.08,7.08,1068800,1805333083,17995471000,2917512000,117003000,304707000,4935220000,4.23728813559322
1609722000,7.09,7.1,7.03,7.03,621300,NaN,NaN,NaN,NaN,NaN,NaN,NaN
1609808400,7.04,7.04,6.85,7,1403000,NaN,NaN,NaN,NaN,NaN,NaN,NaN
1609894800,7,7.01,6.9,7,897900,NaN,NaN,NaN,NaN,NaN,NaN,NaN
1609981200,7.04,7.13,7,7.12,513500,NaN,NaN,NaN,NaN,NaN,NaN,NaN
1610067600,7.12,7.14,7.05,7.12,273500,NaN,NaN,NaN,NaN,NaN,NaN,NaN
1610326800,7.12,7.12,7.01,7.12,330400,NaN,NaN,NaN,NaN,NaN,NaN,NaN
1610413200,7.04,7.04,6.85,6.88,807200,NaN,NaN,NaN,NaN,NaN,NaN,NaN
1610499600,6.97,6.97,6.86,6.9,768800,NaN,NaN,NaN,NaN,NaN,NaN,NaN
1610586000,6.9,7.15,6.9,7.14,1248900,NaN,NaN,NaN,NaN,NaN,NaN,NaN
1610672400,7.14,7.15,7.08,7.14,86400,NaN,NaN,NaN,NaN,NaN,NaN,NaN
1610931600,7.14,7.14,7.05,7.1,59300,NaN,NaN,NaN,NaN,NaN,NaN,NaN
1611018000,7.06,7.07,7,7.02,956500,NaN,NaN,NaN,NaN,NaN,NaN,NaN
1611104400,7.02,7.18,7.01,7.12,2217100,NaN,NaN,NaN,NaN,NaN,NaN,NaN
1611190800,7.08,7.09,7.04,7.05,1353700,NaN,NaN,NaN,NaN,NaN,NaN,NaN
1611277200,7.1,7.1,7.02,7.02,563100,NaN,NaN,NaN,NaN,NaN,NaN,NaN
1611536400,7.02,7.09,7,7.05,423400,NaN,NaN,NaN,NaN,NaN,NaN,NaN
1611622800,7.05,7.1,7.03,7.05,929200,NaN,NaN,NaN,NaN,NaN,NaN,NaN
1611709200,7.04,7.06,6.93,7.03,1377900,NaN,NaN,NaN,NaN,NaN,NaN,NaN
1611882000,6.92,7.08,6.92,7.05,1527700,NaN,NaN,NaN,NaN,NaN,NaN,NaN
1612227600,7.05,7.07,6.95,7.03,174000,NaN,NaN,NaN,NaN,NaN,NaN,NaN
1612314000,6.98,7.08,6.98,7,553600,NaN,NaN,NaN,NaN,NaN,NaN,NaN
1612400400,6.99,7.15,6.96,7.15,153600,NaN,NaN,NaN,NaN,NaN,NaN,NaN
1612486800,7.1,7.12,6.99,6.99,128900,NaN,NaN,NaN,NaN,NaN,NaN,NaN
1612746000,7.09,7.1,7,7,538200,NaN,NaN,NaN,NaN,NaN,NaN,NaN
1612832400,7,7.04,6.93,6.96,249200,NaN,NaN,NaN,NaN,NaN,NaN,NaN
1612918800,7,7.05,6.95,6.95,137000,NaN,NaN,NaN,NaN,NaN,NaN,NaN
1613005200,6.97,6.97,6.89,6.89,153100,NaN,NaN,NaN,NaN,NaN,NaN,NaN
1613350800,6.9,6.94,6.87,6.88,689200,NaN,NaN,NaN,NaN,NaN,NaN,NaN
1613437200,6.88,7.07,6.87,7.03,356500,NaN,NaN,NaN,NaN,NaN,NaN,NaN
1613523600,6.93,7.19,6.93,7.04,398500,NaN,NaN,NaN,NaN,NaN,NaN,NaN
1613610000,7.03,7.12,7.01,7.11,516700,NaN,NaN,NaN,NaN,NaN,NaN,NaN
1613696400,7.11,7.11,7.03,7.07,108300,NaN,NaN,NaN,NaN,NaN,NaN,NaN
1613955600,7.01,7.04,6.95,6.95,354000,NaN,NaN,NaN,NaN,NaN,NaN,NaN
1614042000,7,7.04,6.97,7,124900,NaN,NaN,NaN,NaN,NaN,NaN,NaN
1614128400,7,7,6.88,6.93,229600,NaN,NaN,NaN,NaN,NaN,NaN,NaN
1614214800,6.94,6.96,6.93,6.93,78600,NaN,NaN,NaN,NaN,NaN,NaN,NaN
1614301200,6.98,6.98,6.88,6.88,135700,NaN,NaN,NaN,NaN,NaN,NaN,NaN
1614560400,7,7,6.93,6.94,137200,NaN,NaN,NaN,NaN,NaN,NaN,NaN
1614646800,6.96,7,6.95,6.97,21100,NaN,NaN,NaN,NaN,NaN,NaN,NaN
1614733200,6.98,7.03,6.94,7.01,129600,NaN,NaN,NaN,NaN,NaN,NaN,NaN
1614819600,7.01,7.02,6.97,7.01,10400,NaN,NaN,NaN,NaN,NaN,NaN,NaN
1614906000,7.01,7.01,6.99,7.01,29800,NaN,NaN,NaN,NaN,NaN,NaN,NaN
1615165200,7.03,7.12,7.02,7.09,67100,NaN,NaN,NaN,NaN,NaN,NaN,NaN
1615251600,7.1,7.17,7.08,7.17,204900,NaN,NaN,NaN,NaN,NaN,NaN,NaN
1615338000,7.17,7.18,7.05,7.05,360300,NaN,NaN,NaN,NaN,NaN,NaN,NaN
1615424400,7.05,7.1,6.99,7,313200,NaN,NaN,NaN,NaN,NaN,NaN,NaN
1615510800,7.05,7.08,6.92,6.95,1285600,NaN,NaN,NaN,NaN,NaN,NaN,NaN
1615770000,6.96,7.05,6.96,7.04,223300,NaN,NaN,NaN,NaN,NaN,NaN,NaN
1615856400,7.03,7.03,7.01,7.02,206300,NaN,NaN,NaN,NaN,NaN,NaN,NaN
1615942800,7.02,7.04,7.01,7.01,691400,NaN,NaN,NaN,NaN,NaN,NaN,NaN
1616029200,7,7.01,6.96,7,625400,NaN,NaN,NaN,NaN,NaN,NaN,NaN
1616115600,7,7.04,6.95,7.01,229700,NaN,NaN,NaN,NaN,NaN,NaN,NaN
1616374800,7.01,7.01,6.97,7.01,147700,NaN,NaN,NaN,NaN,NaN,NaN,NaN
1616461200,7,7.01,6.94,6.94,393600,NaN,NaN,NaN,NaN,NaN,NaN,NaN
1616547600,7,7.01,6.96,6.99,31600,NaN,NaN,NaN,NaN,NaN,NaN,NaN
1616634000,6.98,7.02,6.95,6.96,30600,NaN,NaN,NaN,NaN,NaN,NaN,NaN
1616720400,6.96,7.02,6.94,6.96,196200,NaN,NaN,NaN,NaN,NaN,NaN,NaN
1616979600,6.96,7,6.93,6.96,893700,NaN,NaN,NaN,NaN,NaN,NaN,NaN
1617066000,7.02,7.02,6.96,7.02,83700,NaN,NaN,NaN,NaN,NaN,NaN,NaN
1617152400,7.02,7.02,6.94,6.98,42000,1805333083,17978131000,2877302000,194880000,282374000,4954225000,4.11174785100287
1617238800,7,7.03,6.98,7.02,73800,NaN,NaN,NaN,NaN,NaN,NaN,NaN
1617325200,7.04,7.04,6.98,7.01,63900,NaN,NaN,NaN,NaN,NaN,NaN,NaN
1617584400,7.01,7.1,7.01,7.08,358700,NaN,NaN,NaN,NaN,NaN,NaN,NaN
1617670800,7.08,7.08,6.96,7,497300,NaN,NaN,NaN,NaN,NaN,NaN,NaN
1617757200,7,7.01,6.99,7,995700,NaN,NaN,NaN,NaN,NaN,NaN,NaN
1617843600,7.04,7.04,6.99,7,48900,NaN,NaN,NaN,NaN,NaN,NaN,NaN
1617930000,7,7,6.97,7,130200,NaN,NaN,NaN,NaN,NaN,NaN,NaN
1618189200,7.04,7.04,6.95,7,141500,NaN,NaN,NaN,NaN,NaN,NaN,NaN
1618275600,7,7,6.96,7,306400,NaN,NaN,NaN,NaN,NaN,NaN,NaN
1618362000,6.99,7,6.98,7,35600,NaN,NaN,NaN,NaN,NaN,NaN,NaN
1618448400,7.01,7.01,6.94,6.99,151500,NaN,NaN,NaN,NaN,NaN,NaN,NaN
1618534800,6.96,6.99,6.94,6.94,61400,NaN,NaN,NaN,NaN,NaN,NaN,NaN
1618794000,6.95,7.03,6.95,7,30500,NaN,NaN,NaN,NaN,NaN,NaN,NaN
1618880400,6.95,7,6.95,6.98,91600,NaN,NaN,NaN,NaN,NaN,NaN,NaN
1618966800,6.99,7.01,6.98,7,22300,NaN,NaN,NaN,NaN,NaN,NaN,NaN
1619053200,7.01,7.01,6.99,7,20700,NaN,NaN,NaN,NaN,NaN,NaN,NaN
1619139600,6.99,7,6.98,6.98,118200,NaN,NaN,NaN,NaN,NaN,NaN,NaN
1619398800,7,7.01,6.95,6.98,155600,NaN,NaN,NaN,NaN,NaN,NaN,NaN
1619485200,6.98,7.01,6.98,7,564300,NaN,NaN,NaN,NaN,NaN,NaN,NaN
1619571600,7.01,7.01,6.93,6.93,168800,NaN,NaN,NaN,NaN,NaN,NaN,NaN
1619744400,6.99,6.99,6.94,6.94,145100,NaN,NaN,NaN,NaN,NaN,NaN,NaN
1620003600,6.94,6.96,6.89,6.9,365500,NaN,NaN,NaN,NaN,NaN,NaN,NaN
1620090000,6.96,6.97,6.89,6.9,174300,NaN,NaN,NaN,NaN,NaN,NaN,NaN
1620176400,6.91,6.91,6.89,6.9,61400,NaN,NaN,NaN,NaN,NaN,NaN,NaN
1620262800,6.9,6.93,6.88,6.9,583000,NaN,NaN,NaN,NaN,NaN,NaN,NaN
1620349200,6.91,6.95,6.9,6.95,54400,NaN,NaN,NaN,NaN,NaN,NaN,NaN
1620608400,6.95,6.95,6.88,6.9,262900,NaN,NaN,NaN,NaN,NaN,NaN,NaN
1620694800,6.9,6.91,6.8,6.8,318600,NaN,NaN,NaN,NaN,NaN,NaN,NaN
1620781200,6.81,6.83,6.79,6.8,256700,NaN,NaN,NaN,NaN,NaN,NaN,NaN
1621213200,6.8,6.8,6.78,6.79,86100,NaN,NaN,NaN,NaN,NaN,NaN,NaN
1621299600,6.78,6.92,6.78,6.8,376900,NaN,NaN,NaN,NaN,NaN,NaN,NaN
1621386000,6.9,6.91,6.86,6.86,49000,NaN,NaN,NaN,NaN,NaN,NaN,NaN
1621472400,6.83,6.83,6.78,6.79,294600,NaN,NaN,NaN,NaN,NaN,NaN,NaN
1621558800,6.79,6.79,6.75,6.77,148300,NaN,NaN,NaN,NaN,NaN,NaN,NaN
1621818000,6.77,6.8,6.76,6.77,197400,NaN,NaN,NaN,NaN,NaN,NaN,NaN
1621904400,6.77,6.9,6.75,6.78,104400,NaN,NaN,NaN,NaN,NaN,NaN,NaN
1622077200,6.88,6.9,6.76,6.8,100700,NaN,NaN,NaN,NaN,NaN,NaN,NaN
1622163600,6.8,6.88,6.78,6.8,43000,NaN,NaN,NaN,NaN,NaN,NaN,NaN
1622422800,6.78,6.8,6.75,6.78,116900,NaN,NaN,NaN,NaN,NaN,NaN,NaN
1622509200,6.76,6.77,6.6,6.69,294800,NaN,NaN,NaN,NaN,NaN,NaN,NaN
1622595600,6.7,6.75,6.69,6.74,523500,NaN,NaN,NaN,NaN,NaN,NaN,NaN
1622682000,6.82,6.87,6.74,6.85,93400,NaN,NaN,NaN,NaN,NaN,NaN,NaN
1622768400,6.85,6.86,6.84,6.84,95900,NaN,NaN,NaN,NaN,NaN,NaN,NaN
1623114000,6.89,6.89,6.86,6.87,448400,NaN,NaN,NaN,NaN,NaN,NaN,NaN
1623200400,6.87,6.87,6.85,6.86,78100,NaN,NaN,NaN,NaN,NaN,NaN,NaN
1623286800,6.86,6.86,6.86,6.86,170800,NaN,NaN,NaN,NaN,NaN,NaN,NaN
1623373200,6.85,6.86,6.8,6.83,90700,NaN,NaN,NaN,NaN,NaN,NaN,NaN
1623632400,6.83,6.91,6.83,6.91,83300,NaN,NaN,NaN,NaN,NaN,NaN,NaN
1623718800,6.91,6.91,6.83,6.91,182600,NaN,NaN,NaN,NaN,NaN,NaN,NaN
1623805200,6.88,6.95,6.84,6.95,309900,NaN,NaN,NaN,NaN,NaN,NaN,NaN
1623891600,6.95,6.95,6.82,6.85,160900,NaN,NaN,NaN,NaN,NaN,NaN,NaN
1623978000,6.85,6.94,6.85,6.88,50800,NaN,NaN,NaN,NaN,NaN,NaN,NaN
1624237200,6.88,6.89,6.82,6.83,97900,NaN,NaN,NaN,NaN,NaN,NaN,NaN
1624323600,6.83,6.88,6.83,6.87,6800,NaN,NaN,NaN,NaN,NaN,NaN,NaN
1624410000,6.87,6.9,6.83,6.85,259500,NaN,NaN,NaN,NaN,NaN,NaN,NaN
1624496400,6.85,6.85,6.82,6.84,207800,NaN,NaN,NaN,NaN,NaN,NaN,NaN
1624582800,6.88,6.88,6.75,6.75,296400,NaN,NaN,NaN,NaN,NaN,NaN,NaN
1624842000,6.75,6.75,6.7,6.7,74800,NaN,NaN,NaN,NaN,NaN,NaN,NaN
1624928400,6.7,6.7,6.68,6.69,268700,NaN,NaN,NaN,NaN,NaN,NaN,NaN
1625014800,6.68,6.71,6.65,6.67,473700,1805333083,17981791000,2866840000,190599000,280160000,4970983000,4.22788605697151
1625101200,6.67,6.7,6.67,6.67,263400,NaN,NaN,NaN,NaN,NaN,NaN,NaN
1625187600,6.67,6.72,6.66,6.68,60700,NaN,NaN,NaN,NaN,NaN,NaN,NaN
1625446800,6.68,6.68,6.66,6.68,31200,NaN,NaN,NaN,NaN,NaN,NaN,NaN
1625533200,6.69,6.85,6.69,6.83,25600,NaN,NaN,NaN,NaN,NaN,NaN,NaN
1625619600,6.8,6.87,6.69,6.69,182100,NaN,NaN,NaN,NaN,NaN,NaN,NaN
1625706000,6.69,6.83,6.66,6.77,29800,NaN,NaN,NaN,NaN,NaN,NaN,NaN
1625792400,6.77,6.77,6.7,6.77,18400,NaN,NaN,NaN,NaN,NaN,NaN,NaN
1626051600,6.69,6.76,6.66,6.76,26000,NaN,NaN,NaN,NaN,NaN,NaN,NaN
1626138000,6.7,6.78,6.7,6.78,7900,NaN,NaN,NaN,NaN,NaN,NaN,NaN
1626224400,6.7,6.77,6.7,6.73,8900,NaN,NaN,NaN,NaN,NaN,NaN,NaN
1626310800,6.71,6.79,6.71,6.73,12500,NaN,NaN,NaN,NaN,NaN,NaN,NaN
1626397200,6.71,6.72,6.71,6.71,8400,NaN,NaN,NaN,NaN,NaN,NaN,NaN
1626656400,6.8,6.83,6.74,6.8,12100,NaN,NaN,NaN,NaN,NaN,NaN,NaN
1626829200,6.83,6.83,6.75,6.78,23500,NaN,NaN,NaN,NaN,NaN,NaN,NaN
1626915600,6.84,6.84,6.75,6.81,46200,NaN,NaN,NaN,NaN,NaN,NaN,NaN
1627002000,6.78,6.8,6.77,6.79,5600,NaN,NaN,NaN,NaN,NaN,NaN,NaN
1627261200,6.76,6.77,6.75,6.75,20000,NaN,NaN,NaN,NaN,NaN,NaN,NaN
1627347600,6.76,6.76,6.74,6.75,7500,NaN,NaN,NaN,NaN,NaN,NaN,NaN
1627434000,6.75,6.75,6.73,6.74,18500,NaN,NaN,NaN,NaN,NaN,NaN,NaN
1627520400,6.74,6.74,6.73,6.74,9000,NaN,NaN,NaN,NaN,NaN,NaN,NaN
1627606800,6.74,6.74,6.66,6.68,97100,NaN,NaN,NaN,NaN,NaN,NaN,NaN
1627866000,6.69,6.69,6.67,6.69,9600,NaN,NaN,NaN,NaN,NaN,NaN,NaN
1627952400,6.69,6.69,6.62,6.66,106800,NaN,NaN,NaN,NaN,NaN,NaN,NaN
1628038800,6.68,6.68,6.64,6.65,84500,NaN,NaN,NaN,NaN,NaN,NaN,NaN
1628125200,6.65,6.66,6.58,6.64,128200,NaN,NaN,NaN,NaN,NaN,NaN,NaN
1628211600,6.64,6.65,6.6,6.64,223200,NaN,NaN,NaN,NaN,NaN,NaN,NaN
1628470800,6.65,6.69,6.64,6.64,17800,NaN,NaN,NaN,NaN,NaN,NaN,NaN
1628643600,6.66,6.68,6.62,6.65,41100,NaN,NaN,NaN,NaN,NaN,NaN,NaN
1628730000,6.65,6.68,6.64,6.65,3500,NaN,NaN,NaN,NaN,NaN,NaN,NaN
1628816400,6.64,6.67,6.63,6.65,369700,NaN,NaN,NaN,NaN,NaN,NaN,NaN
1629075600,6.65,6.65,6.61,6.65,39100,NaN,NaN,NaN,NaN,NaN,NaN,NaN
1629162000,6.65,6.66,6.64,6.65,311500,NaN,NaN,NaN,NaN,NaN,NaN,NaN
1629248400,6.65,6.65,6.64,6.65,146300,NaN,NaN,NaN,NaN,NaN,NaN,NaN
1629334800,6.65,6.75,6.65,6.7,85400,NaN,NaN,NaN,NaN,NaN,NaN,NaN
1629421200,6.69,6.77,6.69,6.69,487700,NaN,NaN,NaN,NaN,NaN,NaN,NaN
1629680400,6.69,6.7,6.68,6.69,39200,NaN,NaN,NaN,NaN,NaN,NaN,NaN
1629766800,6.7,6.72,6.65,6.65,202700,NaN,NaN,NaN,NaN,NaN,NaN,NaN
1629853200,6.66,6.7,6.65,6.7,287700,NaN,NaN,NaN,NaN,NaN,NaN,NaN
1629939600,6.69,6.75,6.66,6.75,60100,NaN,NaN,NaN,NaN,NaN,NaN,NaN
1630026000,6.75,6.83,6.75,6.83,83900,NaN,NaN,NaN,NaN,NaN,NaN,NaN
1630285200,6.84,6.85,6.77,6.85,93600,NaN,NaN,NaN,NaN,NaN,NaN,NaN
1630458000,6.8,6.86,6.78,6.86,45500,NaN,NaN,NaN,NaN,NaN,NaN,NaN
1630544400,6.84,6.84,6.65,6.65,228300,NaN,NaN,NaN,NaN,NaN,NaN,NaN
1630630800,6.68,6.74,6.65,6.72,50100,NaN,NaN,NaN,NaN,NaN,NaN,NaN
1630890000,6.7,6.71,6.64,6.67,113800,NaN,NaN,NaN,NaN,NaN,NaN,NaN
1630976400,6.67,6.74,6.66,6.7,49100,NaN,NaN,NaN,NaN,NaN,NaN,NaN
1631062800,6.75,6.75,6.6,6.63,529400,NaN,NaN,NaN,NaN,NaN,NaN,NaN
1631149200,6.7,6.7,6.58,6.6,801700,NaN,NaN,NaN,NaN,NaN,NaN,NaN
1631235600,6.61,6.62,6.6,6.61,45400,NaN,NaN,NaN,NaN,NaN,NaN,NaN
1631494800,6.65,6.65,6.57,6.58,177300,NaN,NaN,NaN,NaN,NaN,NaN,NaN
1631581200,6.64,6.64,6.54,6.55,361500,NaN,NaN,NaN,NaN,NaN,NaN,NaN
1631667600,6.57,6.57,6.5,6.52,414100,NaN,NaN,NaN,NaN,NaN,NaN,NaN
1631840400,6.53,6.75,6.5,6.75,1647800,NaN,NaN,NaN,NaN,NaN,NaN,NaN
1632099600,6.74,6.74,6.52,6.52,155300,NaN,NaN,NaN,NaN,NaN,NaN,NaN
1632186000,6.53,6.57,6.53,6.54,270600,NaN,NaN,NaN,NaN,NaN,NaN,NaN
1632272400,6.54,6.62,6.54,6.56,142200,NaN,NaN,NaN,NaN,NaN,NaN,NaN
1632358800,6.55,6.63,6.49,6.49,835000,NaN,NaN,NaN,NaN,NaN,NaN,NaN
1632445200,6.53,6.53,6.48,6.5,127400,NaN,NaN,NaN,NaN,NaN,NaN,NaN
1632704400,6.5,6.5,6.41,6.44,154800,NaN,NaN,NaN,NaN,NaN,NaN,NaN
1632790800,6.44,6.56,6.44,6.48,76400,NaN,NaN,NaN,NaN,NaN,NaN,NaN
1632877200,6.57,6.57,6.44,6.46,226700,NaN,NaN,NaN,NaN,NaN,NaN,NaN
1632963600,6.48,6.51,6.46,6.49,93600,1805333083,18019471000,2908462000,172096000,260345000.00000003,4979695000,4.26810477657935
1633050000,6.49,6.49,6.46,6.49,86200,NaN,NaN,NaN,NaN,NaN,NaN,NaN
1633309200,6.49,6.57,6.49,6.5,21100,NaN,NaN,NaN,NaN,NaN,NaN,NaN
1633395600,6.5,6.65,6.5,6.65,159100,NaN,NaN,NaN,NaN,NaN,NaN,NaN
1633482000,6.65,6.69,6.63,6.69,99400,NaN,NaN,NaN,NaN,NaN,NaN,NaN
1633568400,6.7,6.72,6.68,6.69,19400,NaN,NaN,NaN,NaN,NaN,NaN,NaN
1633654800,6.7,6.72,6.61,6.62,73000,NaN,NaN,NaN,NaN,NaN,NaN,NaN
1633914000,6.71,6.71,6.63,6.64,80200,NaN,NaN,NaN,NaN,NaN,NaN,NaN
1634000400,6.7,6.73,6.66,6.67,84500,NaN,NaN,NaN,NaN,NaN,NaN,NaN
1634086800,6.72,6.75,6.71,6.75,96500,NaN,NaN,NaN,NaN,NaN,NaN,NaN
1634173200,6.75,6.75,6.71,6.74,21400,NaN,NaN,NaN,NaN,NaN,NaN,NaN
1634259600,6.74,6.86,6.72,6.75,322300,NaN,NaN,NaN,NaN,NaN,NaN,NaN
1634518800,6.82,6.87,6.8,6.85,29500,NaN,NaN,NaN,NaN,NaN,NaN,NaN
1634691600,6.85,6.85,6.76,6.79,15200,NaN,NaN,NaN,NaN,NaN,NaN,NaN
1634778000,6.79,6.79,6.66,6.77,104100,NaN,NaN,NaN,NaN,NaN,NaN,NaN
1634864400,6.68,6.76,6.65,6.67,190100,NaN,NaN,NaN,NaN,NaN,NaN,NaN
1635123600,6.77,6.77,6.68,6.77,7600,NaN,NaN,NaN,NaN,NaN,NaN,NaN
1635210000,6.77,6.83,6.77,6.82,100200,NaN,NaN,NaN,NaN,NaN,NaN,NaN
1635296400,6.82,6.82,6.78,6.79,17700,NaN,NaN,NaN,NaN,NaN,NaN,NaN
1635382800,6.79,6.82,6.79,6.8,25300,NaN,NaN,NaN,NaN,NaN,NaN,NaN
1635469200,6.8,6.83,6.76,6.81,12500,NaN,NaN,NaN,NaN,NaN,NaN,NaN
1635728400,6.77,6.77,6.61,6.61,84000,NaN,NaN,NaN,NaN,NaN,NaN,NaN
1635814800,6.79,6.79,6.67,6.76,45100,NaN,NaN,NaN,NaN,NaN,NaN,NaN
1635901200,6.76,6.77,6.68,6.7,11900,NaN,NaN,NaN,NaN,NaN,NaN,NaN
1636074000,6.7,6.78,6.68,6.7,15800,NaN,NaN,NaN,NaN,NaN,NaN,NaN
1636333200,6.68,6.78,6.66,6.75,6300,NaN,NaN,NaN,NaN,NaN,NaN,NaN
1636419600,6.77,6.8,6.76,6.78,57500,NaN,NaN,NaN,NaN,NaN,NaN,NaN
1636506000,6.79,6.8,6.73,6.77,12000,NaN,NaN,NaN,NaN,NaN,NaN,NaN
1636592400,6.78,6.79,6.73,6.78,108200,NaN,NaN,NaN,NaN,NaN,NaN,NaN
1636678800,6.77,6.78,6.73,6.77,31500,NaN,NaN,NaN,NaN,NaN,NaN,NaN
1636938000,6.77,6.8,6.7,6.8,6600,NaN,NaN,NaN,NaN,NaN,NaN,NaN
1637024400,6.8,6.82,6.71,6.78,33100,NaN,NaN,NaN,NaN,NaN,NaN,NaN
1637110800,6.78,6.8,6.7,6.78,7200,NaN,NaN,NaN,NaN,NaN,NaN,NaN
1637197200,6.8,6.8,6.74,6.75,7300,NaN,NaN,NaN,NaN,NaN,NaN,NaN
1637283600,6.75,6.8,6.74,6.8,82100,NaN,NaN,NaN,NaN,NaN,NaN,NaN
1637542800,6.71,6.76,6.71,6.74,4800,NaN,NaN,NaN,NaN,NaN,NaN,NaN
1637629200,6.73,6.76,6.7,6.75,48100,NaN,NaN,NaN,NaN,NaN,NaN,NaN
1637715600,6.7,6.77,6.61,6.62,150400,NaN,NaN,NaN,NaN,NaN,NaN,NaN
1637802000,6.78,6.78,6.64,6.69,46700,NaN,NaN,NaN,NaN,NaN,NaN,NaN
1637888400,6.65,6.69,6.63,6.63,9500,NaN,NaN,NaN,NaN,NaN,NaN,NaN
1638147600,6.6,6.63,6.32,6.32,460200,NaN,NaN,NaN,NaN,NaN,NaN,NaN
1638234000,6.4,6.5,6.39,6.49,26900,NaN,NaN,NaN,NaN,NaN,NaN,NaN
1638320400,6.49,6.49,6.4,6.42,20900,NaN,NaN,NaN,NaN,NaN,NaN,NaN
1638406800,6.45,6.56,6.45,6.5,28000,NaN,NaN,NaN,NaN,NaN,NaN,NaN
1638752400,6.5,6.5,6.42,6.43,64300,NaN,NaN,NaN,NaN,NaN,NaN,NaN
1638838800,6.4,6.49,6.4,6.46,39300,NaN,NaN,NaN,NaN,NaN,NaN,NaN
1638925200,6.45,6.58,6.44,6.53,29100,NaN,NaN,NaN,NaN,NaN,NaN,NaN
1639011600,6.5,6.58,6.45,6.45,10900,NaN,NaN,NaN,NaN,NaN,NaN,NaN
1639098000,6.57,6.57,6.43,6.43,6600,NaN,NaN,NaN,NaN,NaN,NaN,NaN
1639357200,6.45,6.57,6.43,6.55,31200,NaN,NaN,NaN,NaN,NaN,NaN,NaN
1639443600,6.54,6.63,6.51,6.61,48200,NaN,NaN,NaN,NaN,NaN,NaN,NaN
1639530000,6.61,6.62,6.52,6.6,216200,NaN,NaN,NaN,NaN,NaN,NaN,NaN
1639616400,6.6,6.62,6.58,6.58,281500,NaN,NaN,NaN,NaN,NaN,NaN,NaN
1639702800,6.54,6.62,6.4,6.4,153400,NaN,NaN,NaN,NaN,NaN,NaN,NaN
1639962000,6.41,6.58,6.41,6.5,118300,NaN,NaN,NaN,NaN,NaN,NaN,NaN
1640048400,6.52,6.59,6.42,6.5,40900,NaN,NaN,NaN,NaN,NaN,NaN,NaN
1640134800,6.59,6.59,6.48,6.48,95700,NaN,NaN,NaN,NaN,NaN,NaN,NaN
1640221200,6.49,6.59,6.49,6.58,3500,NaN,NaN,NaN,NaN,NaN,NaN,NaN
1640307600,6.58,6.58,6.58,6.58,0,NaN,NaN,NaN,NaN,NaN,NaN,NaN
1640566800,6.58,6.58,6.5,6.5,7400,NaN,NaN,NaN,NaN,NaN,NaN,NaN
1640653200,6.5,6.63,6.5,6.63,17000,NaN,NaN,NaN,NaN,NaN,NaN,NaN
1640739600,6.62,6.62,6.55,6.6,12300,NaN,NaN,NaN,NaN,NaN,NaN,NaN
1640826000,6.6,6.62,6.51,6.55,32500,NaN,NaN,NaN,NaN,NaN,NaN,NaN
1640912400,6.55,6.61,6.55,6.55,373900,1805333083,17937104000,2897628000,227599000,348171000,4992712000,5.12977099236641
1641171600,6.51,6.63,6.51,6.55,14600,NaN,NaN,NaN,NaN,NaN,NaN,NaN
1641258000,6.63,6.63,6.6,6.63,28000,NaN,NaN,NaN,NaN,NaN,NaN,NaN
1641344400,6.63,6.65,6.52,6.55,85000,NaN,NaN,NaN,NaN,NaN,NaN,NaN
1641430800,6.55,6.56,6.51,6.54,8700,NaN,NaN,NaN,NaN,NaN,NaN,NaN
1641517200,6.54,6.59,6.52,6.56,135200,NaN,NaN,NaN,NaN,NaN,NaN,NaN
1641776400,6.51,6.59,6.51,6.54,46300,NaN,NaN,NaN,NaN,NaN,NaN,NaN
1641862800,6.51,6.53,6.45,6.46,96900,NaN,NaN,NaN,NaN,NaN,NaN,NaN
1641949200,6.5,6.53,6.5,6.51,63600,NaN,NaN,NaN,NaN,NaN,NaN,NaN
1642035600,6.53,6.54,6.42,6.42,224500,NaN,NaN,NaN,NaN,NaN,NaN,NaN
1642122000,6.43,6.51,6.42,6.49,63100,NaN,NaN,NaN,NaN,NaN,NaN,NaN
1642381200,6.49,6.5,6.4,6.4,76800,NaN,NaN,NaN,NaN,NaN,NaN,NaN
1642554000,6.4,6.43,6.33,6.35,124000,NaN,NaN,NaN,NaN,NaN,NaN,NaN
1642640400,6.33,6.4,6.32,6.34,84300,NaN,NaN,NaN,NaN,NaN,NaN,NaN
1642726800,6.36,6.4,6.36,6.37,45000,NaN,NaN,NaN,NaN,NaN,NaN,NaN
1642986000,6.37,6.44,6.34,6.38,38600,NaN,NaN,NaN,NaN,NaN,NaN,NaN
1643072400,6.37,6.38,6.3,6.33,79100,NaN,NaN,NaN,NaN,NaN,NaN,NaN
1643158800,6.33,6.4,6.33,6.38,45400,NaN,NaN,NaN,NaN,NaN,NaN,NaN
1643245200,6.33,6.38,6.31,6.33,83400,NaN,NaN,NaN,NaN,NaN,NaN,NaN
1643331600,6.34,6.37,6.32,6.37,22800,NaN,NaN,NaN,NaN,NaN,NaN,NaN
1643590800,6.45,6.46,6.38,6.4,54400,NaN,NaN,NaN,NaN,NaN,NaN,NaN
1643850000,6.4,6.48,6.39,6.47,46600,NaN,NaN,NaN,NaN,NaN,NaN,NaN
1643936400,6.4,6.45,6.4,6.42,67700,NaN,NaN,NaN,NaN,NaN,NaN,NaN
1644195600,6.42,6.45,6.4,6.42,31500,NaN,NaN,NaN,NaN,NaN,NaN,NaN
1644282000,6.42,6.42,6.39,6.4,68100,NaN,NaN,NaN,NaN,NaN,NaN,NaN
1644368400,6.4,6.47,6.4,6.47,35100,NaN,NaN,NaN,NaN,NaN,NaN,NaN
1644454800,6.47,6.48,6.42,6.44,206700,NaN,NaN,NaN,NaN,NaN,NaN,NaN
1644541200,6.44,6.45,6.42,6.45,11000,NaN,NaN,NaN,NaN,NaN,NaN,NaN
1644800400,6.45,6.49,6.45,6.46,56800,NaN,NaN,NaN,NaN,NaN,NaN,NaN
1644886800,6.38,6.47,6.33,6.34,48200,NaN,NaN,NaN,NaN,NaN,NaN,NaN
1644973200,6.4,6.45,6.39,6.4,86100,NaN,NaN,NaN,NaN,NaN,NaN,NaN
1645059600,6.43,6.45,6.4,6.43,52300,NaN,NaN,NaN,NaN,NaN,NaN,NaN
1645146000,6.39,6.44,6.39,6.4,49100,NaN,NaN,NaN,NaN,NaN,NaN,NaN
1645405200,6.44,6.45,6.4,6.43,48500,NaN,NaN,NaN,NaN,NaN,NaN,NaN
1645491600,6.44,6.56,6.43,6.54,82800,NaN,NaN,NaN,NaN,NaN,NaN,NaN
1645578000,6.5,6.59,6.5,6.57,33500,NaN,NaN,NaN,NaN,NaN,NaN,NaN
1645664400,6.57,6.65,6.5,6.55,293600,NaN,NaN,NaN,NaN,NaN,NaN,NaN
1645750800,6.42,6.53,6.41,6.41,238900,NaN,NaN,NaN,NaN,NaN,NaN,NaN
1646010000,6.42,6.59,6.42,6.55,42600,NaN,NaN,NaN,NaN,NaN,NaN,NaN
1646096400,6.55,6.55,6.42,6.42,2700,NaN,NaN,NaN,NaN,NaN,NaN,NaN
1646182800,6.5,6.55,6.44,6.44,33300,NaN,NaN,NaN,NaN,NaN,NaN,NaN
1646269200,6.43,6.55,6.42,6.53,18400,NaN,NaN,NaN,NaN,NaN,NaN,NaN
1646355600,6.51,6.53,6.4,6.51,68600,NaN,NaN,NaN,NaN,NaN,NaN,NaN
1646614800,6.55,6.55,6.42,6.42,75300,NaN,NaN,NaN,NaN,NaN,NaN,NaN
1646701200,6.4,6.48,6.35,6.47,70800,NaN,NaN,NaN,NaN,NaN,NaN,NaN
1646787600,6.4,6.65,6.4,6.65,235500,NaN,NaN,NaN,NaN,NaN,NaN,NaN
1646874000,6.64,6.64,6.6,6.61,24900,NaN,NaN,NaN,NaN,NaN,NaN,NaN
1646960400,6.6,6.64,6.6,6.64,75000,NaN,NaN,NaN,NaN,NaN,NaN,NaN
1647219600,6.64,6.65,6.6,6.65,41700,NaN,NaN,NaN,NaN,NaN,NaN,NaN
1647306000,6.6,6.68,6.6,6.67,110400,NaN,NaN,NaN,NaN,NaN,NaN,NaN
1647392400,6.67,6.67,6.5,6.64,33200,NaN,NaN,NaN,NaN,NaN,NaN,NaN
1647478800,6.64,6.68,6.6,6.65,247800,NaN,NaN,NaN,NaN,NaN,NaN,NaN
1647565200,6.54,6.65,6.54,6.54,70300,NaN,NaN,NaN,NaN,NaN,NaN,NaN
1647824400,6.69,6.69,6.63,6.65,3100,NaN,NaN,NaN,NaN,NaN,NaN,NaN
1647910800,6.7,6.7,6.55,6.65,7100,NaN,NaN,NaN,NaN,NaN,NaN,NaN
1647997200,6.65,6.69,6.6,6.69,57700,NaN,NaN,NaN,NaN,NaN,NaN,NaN
1648083600,6.7,6.7,6.56,6.67,21500,NaN,NaN,NaN,NaN,NaN,NaN,NaN
1648170000,6.6,6.69,6.6,6.68,19900,NaN,NaN,NaN,NaN,NaN,NaN,NaN
1648429200,6.68,6.68,6.6,6.6,11600,NaN,NaN,NaN,NaN,NaN,NaN,NaN
1648515600,6.6,6.61,6.6,6.6,38500,NaN,NaN,NaN,NaN,NaN,NaN,NaN
1648602000,6.65,6.65,6.53,6.58,32300,NaN,NaN,NaN,NaN,NaN,NaN,NaN
1648688400,6.6,6.6,6.55,6.56,199200,1805333083,17847130000,2891311000,220208000,321712000,4937810000,5.27439024390244
1648774800,6.59,6.7,6.59,6.68,5000,NaN,NaN,NaN,NaN,NaN,NaN,NaN
1649034000,6.68,6.68,6.6,6.6,18400,NaN,NaN,NaN,NaN,NaN,NaN,NaN
1649120400,6.7,6.7,6.6,6.67,5300,NaN,NaN,NaN,NaN,NaN,NaN,NaN
1649206800,6.67,6.7,6.6,6.7,66200,NaN,NaN,NaN,NaN,NaN,NaN,NaN
1649293200,6.7,6.7,6.6,6.6,33300,NaN,NaN,NaN,NaN,NaN,NaN,NaN
1649379600,6.61,6.81,6.61,6.65,89700,NaN,NaN,NaN,NaN,NaN,NaN,NaN
1649638800,6.66,6.66,6.62,6.65,9600,NaN,NaN,NaN,NaN,NaN,NaN,NaN
1649725200,6.64,6.65,6.61,6.64,54400,NaN,NaN,NaN,NaN,NaN,NaN,NaN
1649811600,6.65,6.7,6.63,6.68,25300,NaN,NaN,NaN,NaN,NaN,NaN,NaN
1649898000,6.68,6.69,6.65,6.68,79400,NaN,NaN,NaN,NaN,NaN,NaN,NaN
1649984400,6.65,6.68,6.65,6.68,18400,NaN,NaN,NaN,NaN,NaN,NaN,NaN
1650243600,6.7,6.7,6.61,6.69,169900,NaN,NaN,NaN,NaN,NaN,NaN,NaN
1650416400,6.7,6.7,6.68,6.69,125000,NaN,NaN,NaN,NaN,NaN,NaN,NaN
1650502800,6.69,6.7,6.68,6.68,29800,NaN,NaN,NaN,NaN,NaN,NaN,NaN
1650589200,6.69,6.76,6.58,6.6,302600,NaN,NaN,NaN,NaN,NaN,NaN,NaN
1650848400,6.6,6.68,6.58,6.59,77900,NaN,NaN,NaN,NaN,NaN,NaN,NaN
1650934800,6.59,6.69,6.59,6.59,4400,NaN,NaN,NaN,NaN,NaN,NaN,NaN
1651021200,6.65,6.7,6.6,6.6,70200,NaN,NaN,NaN,NaN,NaN,NaN,NaN
1651107600,6.7,6.74,6.65,6.74,57900,NaN,NaN,NaN,NaN,NaN,NaN,NaN
1651194000,6.74,6.76,6.65,6.65,75300,NaN,NaN,NaN,NaN,NaN,NaN,NaN
1651712400,6.76,6.84,6.76,6.81,101000,NaN,NaN,NaN,NaN,NaN,NaN,NaN
1651798800,6.8,6.87,6.79,6.87,48800,NaN,NaN,NaN,NaN,NaN,NaN,NaN
1652058000,6.87,6.87,6.7,6.7,115300,NaN,NaN,NaN,NaN,NaN,NaN,NaN
1652144400,6.86,6.86,6.75,6.75,4900,NaN,NaN,NaN,NaN,NaN,NaN,NaN
1652230800,6.8,6.88,6.73,6.88,57400,NaN,NaN,NaN,NaN,NaN,NaN,NaN
1652317200,6.9,6.9,6.73,6.73,57000,NaN,NaN,NaN,NaN,NaN,NaN,NaN
1652403600,6.73,6.9,6.73,6.86,14300,NaN,NaN,NaN,NaN,NaN,NaN,NaN
1652749200,6.85,6.85,6.73,6.73,24800,NaN,NaN,NaN,NaN,NaN,NaN,NaN
1652835600,6.73,6.83,6.73,6.83,10600,NaN,NaN,NaN,NaN,NaN,NaN,NaN
1652922000,6.87,6.87,6.77,6.86,83800,NaN,NaN,NaN,NaN,NaN,NaN,NaN
1653008400,6.8,6.83,6.8,6.83,23200,NaN,NaN,NaN,NaN,NaN,NaN,NaN
1653267600,6.81,6.83,6.78,6.82,201500,NaN,NaN,NaN,NaN,NaN,NaN,NaN
1653354000,6.82,6.84,6.78,6.78,53200,NaN,NaN,NaN,NaN,NaN,NaN,NaN
1653440400,6.85,6.85,6.74,6.8,22200,NaN,NaN,NaN,NaN,NaN,NaN,NaN
1653526800,6.83,6.83,6.8,6.8,32900,NaN,NaN,NaN,NaN,NaN,NaN,NaN
1653613200,6.83,6.83,6.76,6.77,14800,NaN,NaN,NaN,NaN,NaN,NaN,NaN
1653872400,6.77,6.8,6.77,6.79,6700,NaN,NaN,NaN,NaN,NaN,NaN,NaN
1653958800,6.85,6.87,6.81,6.85,9400,NaN,NaN,NaN,NaN,NaN,NaN,NaN
1654045200,6.85,6.87,6.81,6.81,45500,NaN,NaN,NaN,NaN,NaN,NaN,NaN
1654131600,6.83,6.89,6.83,6.89,67900,NaN,NaN,NaN,NaN,NaN,NaN,NaN
1654218000,6.9,6.95,6.9,6.95,336600,NaN,NaN,NaN,NaN,NaN,NaN,NaN
1654563600,6.94,6.94,6.85,6.88,17000,NaN,NaN,NaN,NaN,NaN,NaN,NaN
1654650000,6.88,6.95,6.82,6.82,19400,NaN,NaN,NaN,NaN,NaN,NaN,NaN
1654736400,6.82,6.85,6.78,6.79,33500,NaN,NaN,NaN,NaN,NaN,NaN,NaN
1654822800,6.8,6.83,6.77,6.79,17500,NaN,NaN,NaN,NaN,NaN,NaN,NaN
1655082000,6.8,6.82,6.75,6.75,66100,NaN,NaN,NaN,NaN,NaN,NaN,NaN
1655168400,6.75,6.85,6.73,6.79,165600,NaN,NaN,NaN,NaN,NaN,NaN,NaN
1655254800,6.78,6.78,6.72,6.73,95900,NaN,NaN,NaN,NaN,NaN,NaN,NaN
1655341200,6.73,6.8,6.73,6.76,227300,NaN,NaN,NaN,NaN,NaN,NaN,NaN
1655427600,6.7,6.78,6.49,6.49,527100,NaN,NaN,NaN,NaN,NaN,NaN,NaN
1655686800,6.55,6.59,6.4,6.45,275800,NaN,NaN,NaN,NaN,NaN,NaN,NaN
1655773200,6.5,6.5,6.41,6.44,146900,NaN,NaN,NaN,NaN,NaN,NaN,NaN
1655859600,6.48,6.65,6.46,6.6,115300,NaN,NaN,NaN,NaN,NaN,NaN,NaN
1655946000,6.68,6.77,6.62,6.7,47000,NaN,NaN,NaN,NaN,NaN,NaN,NaN
1656032400,6.7,6.72,6.68,6.7,14600,NaN,NaN,NaN,NaN,NaN,NaN,NaN
1656291600,6.7,6.78,6.66,6.66,50600,NaN,NaN,NaN,NaN,NaN,NaN,NaN
1656378000,6.66,6.71,6.66,6.71,200,NaN,NaN,NaN,NaN,NaN,NaN,NaN
1656464400,6.77,6.8,6.73,6.8,43400,NaN,NaN,NaN,NaN,NaN,NaN,NaN
1656550800,6.8,6.85,6.79,6.8,94400,1805333083,17853673000,2875965000,236789000,350306000,4972854000,5.23529411764706
1656637200,6.8,6.84,6.8,6.82,61400,NaN,NaN,NaN,NaN,NaN,NaN,NaN
1656896400,6.82,6.82,6.79,6.8,132700,NaN,NaN,NaN,NaN,NaN,NaN,NaN
1656982800,6.8,6.84,6.8,6.83,221600,NaN,NaN,NaN,NaN,NaN,NaN,NaN
1657069200,6.84,6.85,6.8,6.8,259700,NaN,NaN,NaN,NaN,NaN,NaN,NaN
1657155600,6.8,6.9,6.8,6.87,97200,NaN,NaN,NaN,NaN,NaN,NaN,NaN
1657242000,6.82,6.91,6.82,6.85,24200,NaN,NaN,NaN,NaN,NaN,NaN,NaN
1657587600,6.86,6.89,6.85,6.89,24800,NaN,NaN,NaN,NaN,NaN,NaN,NaN
1657674000,6.83,6.88,6.83,6.86,156400,NaN,NaN,NaN,NaN,NaN,NaN,NaN
1657760400,6.81,6.87,6.81,6.81,140700,NaN,NaN,NaN,NaN,NaN,NaN,NaN
1657846800,6.81,6.88,6.8,6.88,71400,NaN,NaN,NaN,NaN,NaN,NaN,NaN
1658106000,6.88,6.94,6.88,6.94,218800,NaN,NaN,NaN,NaN,NaN,NaN,NaN
1658192400,6.94,6.97,6.93,6.96,256500,NaN,NaN,NaN,NaN,NaN,NaN,NaN
1658278800,6.97,6.97,6.9,6.97,117100,NaN,NaN,NaN,NaN,NaN,NaN,NaN
1658365200,6.96,7,6.8,6.99,183000,NaN,NaN,NaN,NaN,NaN,NaN,NaN
1658451600,7,7.05,6.87,6.99,165100,NaN,NaN,NaN,NaN,NaN,NaN,NaN
1658710800,6.99,7.03,6.99,7,146100,NaN,NaN,NaN,NaN,NaN,NaN,NaN
1658797200,7,7.02,7,7.01,81400,NaN,NaN,NaN,NaN,NaN,NaN,NaN
1658883600,7.01,7.04,7.01,7.04,17500,NaN,NaN,NaN,NaN,NaN,NaN,NaN
1658970000,7.03,7.04,7,7.02,155600,NaN,NaN,NaN,NaN,NaN,NaN,NaN
1659056400,7,7.05,7,7.03,101900,NaN,NaN,NaN,NaN,NaN,NaN,NaN
1659315600,7,7.02,6.97,7,256800,NaN,NaN,NaN,NaN,NaN,NaN,NaN
1659402000,6.9,7.04,6.9,7.04,391000,NaN,NaN,NaN,NaN,NaN,NaN,NaN
1659488400,7.04,7.06,6.99,6.99,28600,NaN,NaN,NaN,NaN,NaN,NaN,NaN
1659574800,6.96,6.97,6.92,6.93,208700,NaN,NaN,NaN,NaN,NaN,NaN,NaN
1659661200,6.93,6.93,6.91,6.92,59700,NaN,NaN,NaN,NaN,NaN,NaN,NaN
1659920400,6.92,6.93,6.92,6.93,32400,NaN,NaN,NaN,NaN,NaN,NaN,NaN
1660006800,6.93,6.93,6.93,6.93,0,NaN,NaN,NaN,NaN,NaN,NaN,NaN
1660093200,6.99,7.02,6.98,7.02,67200,NaN,NaN,NaN,NaN,NaN,NaN,NaN
1660179600,7.02,7.03,7.02,7.02,54200,NaN,NaN,NaN,NaN,NaN,NaN,NaN
1660266000,7.03,7.03,7,7.03,162300,NaN,NaN,NaN,NaN,NaN,NaN,NaN
1660525200,7.02,7.06,7,7.06,119500,NaN,NaN,NaN,NaN,NaN,NaN,NaN
1660611600,7.05,7.07,7.05,7.06,28300,NaN,NaN,NaN,NaN,NaN,NaN,NaN
1660698000,7.07,7.07,7.02,7.07,56900,NaN,NaN,NaN,NaN,NaN,NaN,NaN
1660784400,7.01,7.03,7.01,7.03,5300,NaN,NaN,NaN,NaN,NaN,NaN,NaN
1660870800,7.05,7.11,7.03,7.09,29500,NaN,NaN,NaN,NaN,NaN,NaN,NaN
1661130000,7.1,7.1,7.05,7.05,7300,NaN,NaN,NaN,NaN,NaN,NaN,NaN
1661216400,7.05,7.05,7,7,21800,NaN,NaN,NaN,NaN,NaN,NaN,NaN
1661302800,7,7.05,7,7,2000,NaN,NaN,NaN,NaN,NaN,NaN,NaN
1661389200,7.03,7.05,7.03,7.04,2500,NaN,NaN,NaN,NaN,NaN,NaN,NaN
1661475600,7.04,7.04,7,7.01,24100,NaN,NaN,NaN,NaN,NaN,NaN,NaN
1661734800,6.99,7.1,6.99,7.1,187600,NaN,NaN,NaN,NaN,NaN,NaN,NaN
1661821200,7,7.02,6.93,6.93,16300,NaN,NaN,NaN,NaN,NaN,NaN,NaN
1661994000,6.94,7,6.94,7,10400,NaN,NaN,NaN,NaN,NaN,NaN,NaN
1662080400,7,7,6.97,7,35300,NaN,NaN,NaN,NaN,NaN,NaN,NaN
1662339600,6.98,6.98,6.95,6.95,5200,NaN,NaN,NaN,NaN,NaN,NaN,NaN
1662426000,6.95,6.95,6.9,6.9,6800,NaN,NaN,NaN,NaN,NaN,NaN,NaN
1662512400,6.9,6.9,6.9,6.9,11500,NaN,NaN,NaN,NaN,NaN,NaN,NaN
1662598800,6.9,6.91,6.9,6.91,42300,NaN,NaN,NaN,NaN,NaN,NaN,NaN
1662685200,6.87,6.93,6.83,6.83,17200,NaN,NaN,NaN,NaN,NaN,NaN,NaN
1662944400,6.85,6.87,6.84,6.86,280300,NaN,NaN,NaN,NaN,NaN,NaN,NaN
1663030800,6.83,6.9,6.83,6.86,281700,NaN,NaN,NaN,NaN,NaN,NaN,NaN
1663117200,6.83,6.86,6.77,6.83,200400,NaN,NaN,NaN,NaN,NaN,NaN,NaN
1663203600,6.81,6.83,6.57,6.63,929300,NaN,NaN,NaN,NaN,NaN,NaN,NaN
1663549200,6.63,6.66,6.58,6.65,173200,NaN,NaN,NaN,NaN,NaN,NaN,NaN
1663635600,6.63,6.65,6.63,6.63,530800,NaN,NaN,NaN,NaN,NaN,NaN,NaN
1663722000,6.63,6.63,6.62,6.62,16800,NaN,NaN,NaN,NaN,NaN,NaN,NaN
1663808400,6.62,6.7,6.62,6.68,29300,NaN,NaN,NaN,NaN,NaN,NaN,NaN
1663894800,6.68,6.68,6.67,6.67,59100,NaN,NaN,NaN,NaN,NaN,NaN,NaN
1664154000,6.67,6.67,6.62,6.62,298600,NaN,NaN,NaN,NaN,NaN,NaN,NaN
1664240400,6.62,6.63,6.5,6.53,233800,NaN,NaN,NaN,NaN,NaN,NaN,NaN
1664326800,6.54,6.61,6.48,6.61,96400,NaN,NaN,NaN,NaN,NaN,NaN,NaN
1664413200,6.58,6.68,6.58,6.6,24800,NaN,NaN,NaN,NaN,NaN,NaN,NaN
1664499600,6.58,6.59,6.46,6.59,685400,1805333083,17916507000,2901807000,253631000,373976000,5020212000,5.55386949924128
1664758800,6.58,6.58,6.55,6.55,10300,NaN,NaN,NaN,NaN,NaN,NaN,NaN
1664845200,6.55,6.6,6.55,6.6,5600,NaN,NaN,NaN,NaN,NaN,NaN,NaN
1664931600,6.6,6.65,6.55,6.6,46500,NaN,NaN,NaN,NaN,NaN,NaN,NaN
1665018000,6.61,6.63,6.6,6.6,32500,NaN,NaN,NaN,NaN,NaN,NaN,NaN
1665104400,6.63,6.63,6.63,6.63,1000,NaN,NaN,NaN,NaN,NaN,NaN,NaN
1665450000,6.63,6.67,6.6,6.6,14400,NaN,NaN,NaN,NaN,NaN,NaN,NaN
1665536400,6.62,6.63,6.58,6.62,139000,NaN,NaN,NaN,NaN,NaN,NaN,NaN
1665622800,6.62,6.62,6.53,6.6,1300,NaN,NaN,NaN,NaN,NaN,NaN,NaN
1665709200,6.6,6.63,6.51,6.63,172400,NaN,NaN,NaN,NaN,NaN,NaN,NaN
1665968400,6.63,6.63,6.57,6.6,4000,NaN,NaN,NaN,NaN,NaN,NaN,NaN
1666054800,6.6,6.6,6.58,6.58,12900,NaN,NaN,NaN,NaN,NaN,NaN,NaN
1666141200,6.6,6.6,6.59,6.6,1400,NaN,NaN,NaN,NaN,NaN,NaN,NaN
1666227600,6.67,6.67,6.62,6.62,3300,NaN,NaN,NaN,NaN,NaN,NaN,NaN
1666314000,6.66,6.67,6.62,6.62,23800,NaN,NaN,NaN,NaN,NaN,NaN,NaN
1666659600,6.62,6.62,6.6,6.62,15200,NaN,NaN,NaN,NaN,NaN,NaN,NaN
1666746000,6.66,6.66,6.6,6.61,3600,NaN,NaN,NaN,NaN,NaN,NaN,NaN
1666832400,6.61,6.67,6.61,6.67,29500,NaN,NaN,NaN,NaN,NaN,NaN,NaN
1666918800,6.67,6.67,6.61,6.62,27300,NaN,NaN,NaN,NaN,NaN,NaN,NaN
1667178000,6.62,6.68,6.62,6.63,25700,NaN,NaN,NaN,NaN,NaN,NaN,NaN
1667264400,6.63,6.64,6.62,6.64,27100,NaN,NaN,NaN,NaN,NaN,NaN,NaN
1667350800,6.63,6.65,6.62,6.64,24400,NaN,NaN,NaN,NaN,NaN,NaN,NaN
1667437200,6.7,6.86,6.64,6.86,210500,NaN,NaN,NaN,NaN,NaN,NaN,NaN
1667523600,6.85,6.86,6.8,6.84,57800,NaN,NaN,NaN,NaN,NaN,NaN,NaN
1667782800,6.84,6.95,6.8,6.95,37700,NaN,NaN,NaN,NaN,NaN,NaN,NaN
1667869200,6.93,6.93,6.71,6.74,113600,NaN,NaN,NaN,NaN,NaN,NaN,NaN
1667955600,6.91,6.91,6.73,6.73,165700,NaN,NaN,NaN,NaN,NaN,NaN,NaN
1668042000,6.8,6.81,6.75,6.8,75500,NaN,NaN,NaN,NaN,NaN,NaN,NaN
1668128400,6.88,6.88,6.8,6.8,66300,NaN,NaN,NaN,NaN,NaN,NaN,NaN
1668387600,6.8,6.8,6.75,6.77,48600,NaN,NaN,NaN,NaN,NaN,NaN,NaN
1668474000,6.8,6.93,6.73,6.93,71600,NaN,NaN,NaN,NaN,NaN,NaN,NaN
1668560400,6.85,6.85,6.79,6.8,259600,NaN,NaN,NaN,NaN,NaN,NaN,NaN
1668646800,6.8,6.8,6.75,6.8,52200,NaN,NaN,NaN,NaN,NaN,NaN,NaN
1668992400,6.75,6.83,6.75,6.83,15600,NaN,NaN,NaN,NaN,NaN,NaN,NaN
1669078800,6.8,6.89,6.76,6.8,115900,NaN,NaN,NaN,NaN,NaN,NaN,NaN
1669165200,6.8,6.81,6.73,6.77,312100,NaN,NaN,NaN,NaN,NaN,NaN,NaN
1669251600,6.7,6.78,6.67,6.77,84300,NaN,NaN,NaN,NaN,NaN,NaN,NaN
1669338000,6.8,6.82,6.79,6.81,49700,NaN,NaN,NaN,NaN,NaN,NaN,NaN
1669683600,6.8,6.89,6.54,6.64,69600,NaN,NaN,NaN,NaN,NaN,NaN,NaN
1669770000,6.7,6.72,6.62,6.64,98700,NaN,NaN,NaN,NaN,NaN,NaN,NaN
1669856400,6.72,6.74,6.62,6.63,59300,NaN,NaN,NaN,NaN,NaN,NaN,NaN
1669942800,6.64,6.73,6.64,6.7,101700,NaN,NaN,NaN,NaN,NaN,NaN,NaN
1670202000,6.72,6.72,6.6,6.61,60800,NaN,NaN,NaN,NaN,NaN,NaN,NaN
1670288400,6.61,6.7,6.59,6.63,75800,NaN,NaN,NaN,NaN,NaN,NaN,NaN
1670374800,6.64,6.68,6.64,6.68,7100,NaN,NaN,NaN,NaN,NaN,NaN,NaN
1670461200,6.68,6.68,6.6,6.61,50000,NaN,NaN,NaN,NaN,NaN,NaN,NaN
1670547600,6.61,6.69,6.6,6.68,8300,NaN,NaN,NaN,NaN,NaN,NaN,NaN
1670806800,6.62,6.67,6.61,6.65,45700,NaN,NaN,NaN,NaN,NaN,NaN,NaN
1670893200,6.65,6.71,6.62,6.69,81800,NaN,NaN,NaN,NaN,NaN,NaN,NaN
1670979600,6.7,6.72,6.7,6.71,81900,NaN,NaN,NaN,NaN,NaN,NaN,NaN
1671066000,6.7,6.71,6.66,6.7,204400,NaN,NaN,NaN,NaN,NaN,NaN,NaN
1671152400,6.7,6.75,6.7,6.7,13600,NaN,NaN,NaN,NaN,NaN,NaN,NaN
1671411600,6.7,6.76,6.7,6.76,19000,NaN,NaN,NaN,NaN,NaN,NaN,NaN
1671498000,6.76,6.76,6.68,6.7,89400,NaN,NaN,NaN,NaN,NaN,NaN,NaN
1671584400,6.73,6.73,6.73,6.73,800,NaN,NaN,NaN,NaN,NaN,NaN,NaN
1671670800,6.77,6.77,6.71,6.71,2400,NaN,NaN,NaN,NaN,NaN,NaN,NaN
1671757200,6.71,6.77,6.7,6.7,10900,NaN,NaN,NaN,NaN,NaN,NaN,NaN
1672102800,6.7,6.75,6.7,6.75,5900,NaN,NaN,NaN,NaN,NaN,NaN,NaN
1672189200,6.75,6.75,6.74,6.75,2400,NaN,NaN,NaN,NaN,NaN,NaN,NaN
1672275600,6.77,6.77,6.71,6.71,1600,NaN,NaN,NaN,NaN,NaN,NaN,NaN
1672362000,6.71,6.73,6.71,6.71,2100,1805333083,18109458000,2942180000,248327000,413256000,5113388000,5.66318926974665
1672707600,6.7,6.71,6.7,6.71,20600,NaN,NaN,NaN,NaN,NaN,NaN,NaN
1672794000,6.7,6.74,6.7,6.72,3600,NaN,NaN,NaN,NaN,NaN,NaN,NaN
1672880400,6.7,6.82,6.7,6.79,40800,NaN,NaN,NaN,NaN,NaN,NaN,NaN
1672966800,6.79,6.79,6.75,6.75,9300,NaN,NaN,NaN,NaN,NaN,NaN,NaN
1673226000,6.75,6.89,6.75,6.89,25900,NaN,NaN,NaN,NaN,NaN,NaN,NaN
1673312400,6.89,6.9,6.78,6.9,30300,NaN,NaN,NaN,NaN,NaN,NaN,NaN
1673398800,6.87,6.88,6.85,6.88,4700,NaN,NaN,NaN,NaN,NaN,NaN,NaN
1673485200,6.84,6.84,6.84,6.84,400,NaN,NaN,NaN,NaN,NaN,NaN,NaN
1673571600,6.84,6.86,6.84,6.86,2200,NaN,NaN,NaN,NaN,NaN,NaN,NaN
1673830800,6.86,6.89,6.85,6.85,7200,NaN,NaN,NaN,NaN,NaN,NaN,NaN
1673917200,6.88,6.9,6.82,6.83,174800,NaN,NaN,NaN,NaN,NaN,NaN,NaN
1674003600,6.83,6.83,6.78,6.78,30400,NaN,NaN,NaN,NaN,NaN,NaN,NaN
1674090000,6.75,6.91,6.75,6.91,373700,NaN,NaN,NaN,NaN,NaN,NaN,NaN
1674176400,6.91,6.96,6.9,6.96,306300,NaN,NaN,NaN,NaN,NaN,NaN,NaN
1674608400,6.95,7,6.91,7,59700,NaN,NaN,NaN,NaN,NaN,NaN,NaN
1674694800,7,7.05,7,7.05,23800,NaN,NaN,NaN,NaN,NaN,NaN,NaN
1674781200,7.05,7.05,7,7.05,39500,NaN,NaN,NaN,NaN,NaN,NaN,NaN
1675040400,7.05,7.05,6.99,6.99,176300,NaN,NaN,NaN,NaN,NaN,NaN,NaN
1675126800,6.99,7.05,6.99,7.05,134200,NaN,NaN,NaN,NaN,NaN,NaN,NaN
1675299600,7.05,7.13,7.03,7.08,45900,NaN,NaN,NaN,NaN,NaN,NaN,NaN
1675386000,7.08,7.08,7.04,7.06,285800,NaN,NaN,NaN,NaN,NaN,NaN,NaN
1675731600,7.06,7.12,7.06,7.12,98100,NaN,NaN,NaN,NaN,NaN,NaN,NaN
1675818000,7.12,7.12,7.11,7.11,100100,NaN,NaN,NaN,NaN,NaN,NaN,NaN
1675904400,7.11,7.11,7.08,7.1,23400,NaN,NaN,NaN,NaN,NaN,NaN,NaN
1675990800,7.09,7.17,7.06,7.17,153000,NaN,NaN,NaN,NaN,NaN,NaN,NaN
1676250000,7.17,7.18,7.1,7.16,553400,NaN,NaN,NaN,NaN,NaN,NaN,NaN
1676336400,7.14,7.17,7.1,7.15,130000,NaN,NaN,NaN,NaN,NaN,NaN,NaN
1676422800,7.02,7.05,7.02,7.02,11100,NaN,NaN,NaN,NaN,NaN,NaN,NaN
1676509200,7.02,7.03,7,7.02,60700,NaN,NaN,NaN,NaN,NaN,NaN,NaN
1676595600,7,7.01,6.95,6.96,72800,NaN,NaN,NaN,NaN,NaN,NaN,NaN
1676854800,6.99,7.01,6.99,7.01,38100,NaN,NaN,NaN,NaN,NaN,NaN,NaN
1676941200,7.04,7.04,7,7,33800,NaN,NaN,NaN,NaN,NaN,NaN,NaN
1677027600,7,7,6.95,6.95,84700,NaN,NaN,NaN,NaN,NaN,NaN,NaN
1677114000,6.97,6.97,6.9,6.93,24500,NaN,NaN,NaN,NaN,NaN,NaN,NaN
1677200400,6.9,6.9,6.86,6.86,41400,NaN,NaN,NaN,NaN,NaN,NaN,NaN
1677459600,6.86,6.87,6.7,6.72,124800,NaN,NaN,NaN,NaN,NaN,NaN,NaN
1677546000,6.72,6.78,6.7,6.72,58200,NaN,NaN,NaN,NaN,NaN,NaN,NaN
1677632400,6.73,6.74,6.7,6.72,23700,NaN,NaN,NaN,NaN,NaN,NaN,NaN
1677718800,6.73,6.75,6.71,6.73,85900,NaN,NaN,NaN,NaN,NaN,NaN,NaN
1677805200,6.87,6.87,6.76,6.76,2200,NaN,NaN,NaN,NaN,NaN,NaN,NaN
1678064400,6.78,6.78,6.74,6.75,37400,NaN,NaN,NaN,NaN,NaN,NaN,NaN
1678150800,6.85,6.85,6.77,6.8,1800,NaN,NaN,NaN,NaN,NaN,NaN,NaN
1678237200,6.86,6.86,6.86,6.86,800,NaN,NaN,NaN,NaN,NaN,NaN,NaN
1678323600,6.86,6.86,6.82,6.83,3700,NaN,NaN,NaN,NaN,NaN,NaN,NaN
1678410000,6.83,6.83,6.78,6.8,9000,NaN,NaN,NaN,NaN,NaN,NaN,NaN
1678669200,6.86,6.86,6.75,6.8,29000,NaN,NaN,NaN,NaN,NaN,NaN,NaN
1678755600,6.79,6.79,6.72,6.72,22500,NaN,NaN,NaN,NaN,NaN,NaN,NaN
1678842000,6.76,6.8,6.72,6.75,15100,NaN,NaN,NaN,NaN,NaN,NaN,NaN
1678928400,6.75,6.75,6.72,6.72,6400,NaN,NaN,NaN,NaN,NaN,NaN,NaN
1679014800,6.8,6.82,6.8,6.8,16900,NaN,NaN,NaN,NaN,NaN,NaN,NaN
1679274000,6.85,6.85,6.84,6.84,6400,NaN,NaN,NaN,NaN,NaN,NaN,NaN
1679360400,6.84,6.84,6.75,6.83,3000,NaN,NaN,NaN,NaN,NaN,NaN,NaN
1679446800,6.85,6.85,6.8,6.8,8200,NaN,NaN,NaN,NaN,NaN,NaN,NaN
1679533200,6.85,6.85,6.8,6.85,2500,NaN,NaN,NaN,NaN,NaN,NaN,NaN
1679619600,6.85,6.92,6.8,6.81,12200,NaN,NaN,NaN,NaN,NaN,NaN,NaN
1679878800,6.82,6.82,6.75,6.75,41200,NaN,NaN,NaN,NaN,NaN,NaN,NaN
1679965200,6.85,6.85,6.85,6.85,500,NaN,NaN,NaN,NaN,NaN,NaN,NaN
1680051600,6.85,6.95,6.78,6.95,72700,NaN,NaN,NaN,NaN,NaN,NaN,NaN
1680138000,6.9,6.9,6.88,6.9,1500,NaN,NaN,NaN,NaN,NaN,NaN,NaN
1680224400,6.9,6.9,6.85,6.85,4000,1805333083,17990402000,2900068000,251383000,380744000,5041498000,5.62043795620438
1680483600,6.95,6.95,6.85,6.85,5200,NaN,NaN,NaN,NaN,NaN,NaN,NaN
1680570000,6.85,6.86,6.84,6.84,7300,NaN,NaN,NaN,NaN,NaN,NaN,NaN
1680656400,6.84,6.92,6.81,6.92,74800,NaN,NaN,NaN,NaN,NaN,NaN,NaN
1680742800,6.87,6.87,6.8,6.86,483100,NaN,NaN,NaN,NaN,NaN,NaN,NaN
1680829200,6.87,6.92,6.86,6.88,60000,NaN,NaN,NaN,NaN,NaN,NaN,NaN
1681088400,6.86,6.89,6.86,6.89,37500,NaN,NaN,NaN,NaN,NaN,NaN,NaN
1681174800,6.85,6.93,6.85,6.91,371100,NaN,NaN,NaN,NaN,NaN,NaN,NaN
1681261200,6.92,6.95,6.91,6.93,35400,NaN,NaN,NaN,NaN,NaN,NaN,NaN
1681347600,6.95,6.95,6.91,6.93,207700,NaN,NaN,NaN,NaN,NaN,NaN,NaN
1681434000,6.93,6.98,6.88,6.98,240400,NaN,NaN,NaN,NaN,NaN,NaN,NaN
1681693200,6.88,6.9,6.87,6.87,63700,NaN,NaN,NaN,NaN,NaN,NaN,NaN
1681779600,6.9,7.04,6.9,6.93,88100,NaN,NaN,NaN,NaN,NaN,NaN,NaN
1681866000,6.96,6.96,6.86,6.86,10300,NaN,NaN,NaN,NaN,NaN,NaN,NaN
1681952400,6.86,6.96,6.85,6.96,23900,NaN,NaN,NaN,NaN,NaN,NaN,NaN
1682384400,6.96,7.04,6.96,6.96,25200,NaN,NaN,NaN,NaN,NaN,NaN,NaN
1682470800,7,7.04,7,7.03,22300,NaN,NaN,NaN,NaN,NaN,NaN,NaN
1682557200,7,7.04,7,7.03,9800,NaN,NaN,NaN,NaN,NaN,NaN,NaN
1682643600,7,7.03,7,7.03,800,NaN,NaN,NaN,NaN,NaN,NaN,NaN
1682989200,7.04,7.04,6.96,6.96,1000,NaN,NaN,NaN,NaN,NaN,NaN,NaN
1683075600,6.94,7,6.92,6.99,12000,NaN,NaN,NaN,NaN,NaN,NaN,NaN
1683248400,6.99,7,6.92,6.93,11800,NaN,NaN,NaN,NaN,NaN,NaN,NaN
1683507600,6.93,7.02,6.92,7,18400,NaN,NaN,NaN,NaN,NaN,NaN,NaN
1683594000,7,7.01,6.97,6.99,132900,NaN,NaN,NaN,NaN,NaN,NaN,NaN
1683680400,7.01,7.05,7,7.05,12200,NaN,NaN,NaN,NaN,NaN,NaN,NaN
1683766800,7.01,7.03,6.93,7,871700,NaN,NaN,NaN,NaN,NaN,NaN,NaN
1683853200,7,7.07,6.96,7.01,32100,NaN,NaN,NaN,NaN,NaN,NaN,NaN
1684112400,7.08,7.12,6.99,7.12,346400,NaN,NaN,NaN,NaN,NaN,NaN,NaN
1684198800,7.12,7.12,6.97,7.1,188800,NaN,NaN,NaN,NaN,NaN,NaN,NaN
1684285200,7.08,7.08,7.01,7.01,1500,NaN,NaN,NaN,NaN,NaN,NaN,NaN
1684371600,7,7.01,7,7,6500,NaN,NaN,NaN,NaN,NaN,NaN,NaN
1684458000,7,7.02,7,7.02,1700,NaN,NaN,NaN,NaN,NaN,NaN,NaN
1684717200,7.02,7.04,7.02,7.04,1000,NaN,NaN,NaN,NaN,NaN,NaN,NaN
1684803600,7.02,7.02,6.92,6.92,8200,NaN,NaN,NaN,NaN,NaN,NaN,NaN
1684890000,6.99,6.99,6.94,6.94,700,NaN,NaN,NaN,NaN,NaN,NaN,NaN
1684976400,6.94,6.94,6.93,6.94,3400,NaN,NaN,NaN,NaN,NaN,NaN,NaN
1685062800,6.96,7,6.96,6.96,3700,NaN,NaN,NaN,NaN,NaN,NaN,NaN
1685322000,6.96,6.96,6.95,6.96,15000,NaN,NaN,NaN,NaN,NaN,NaN,NaN
1685408400,6.95,7.1,6.95,7.1,24600,NaN,NaN,NaN,NaN,NaN,NaN,NaN
1685494800,7.05,7.15,6.95,6.95,24300,NaN,NaN,NaN,NaN,NaN,NaN,NaN
1685581200,7,7.03,6.96,7.02,78100,NaN,NaN,NaN,NaN,NaN,NaN,NaN
1685667600,7,7,6.92,6.98,186700,NaN,NaN,NaN,NaN,NaN,NaN,NaN
1686013200,7,7.06,7,7.05,242200,NaN,NaN,NaN,NaN,NaN,NaN,NaN
1686099600,7.01,7.01,6.95,6.95,12200,NaN,NaN,NaN,NaN,NaN,NaN,NaN
1686186000,6.95,6.97,6.9,6.9,45500,NaN,NaN,NaN,NaN,NaN,NaN,NaN
1686272400,6.95,7.1,6.95,7.08,20100,NaN,NaN,NaN,NaN,NaN,NaN,NaN
1686531600,7.01,7.01,7,7,8000,NaN,NaN,NaN,NaN,NaN,NaN,NaN
1686618000,7,7,6.91,6.91,4000,NaN,NaN,NaN,NaN,NaN,NaN,NaN
1686704400,6.9,7,6.88,6.9,75700,NaN,NaN,NaN,NaN,NaN,NaN,NaN
1686790800,6.9,7,6.9,7,84100,NaN,NaN,NaN,NaN,NaN,NaN,NaN
1686877200,6.94,6.94,6.86,6.86,20400,NaN,NaN,NaN,NaN,NaN,NaN,NaN
1687136400,6.87,7,6.86,6.95,7400,NaN,NaN,NaN,NaN,NaN,NaN,NaN
1687222800,6.93,6.93,6.92,6.93,1400,NaN,NaN,NaN,NaN,NaN,NaN,NaN
1687309200,6.88,6.93,6.88,6.91,25100,NaN,NaN,NaN,NaN,NaN,NaN,NaN
1687395600,6.91,6.98,6.88,6.97,25200,NaN,NaN,NaN,NaN,NaN,NaN,NaN
1687482000,6.85,7,6.85,6.88,8200,NaN,NaN,NaN,NaN,NaN,NaN,NaN
1687741200,6.88,6.89,6.85,6.88,48500,NaN,NaN,NaN,NaN,NaN,NaN,NaN
1687827600,6.88,6.88,6.85,6.85,5000,NaN,NaN,NaN,NaN,NaN,NaN,NaN
1687914000,6.86,6.86,6.85,6.85,6200,NaN,NaN,NaN,NaN,NaN,NaN,NaN
1688086800,6.85,6.99,6.85,6.99,7300,1805333083,18019354000,2900348000,250721000,394603000,5084851000,5.62231759656652
1688346000,6.99,6.99,6.87,6.99,7700,NaN,NaN,NaN,NaN,NaN,NaN,NaN
1688432400,6.97,6.97,6.88,6.88,3500,NaN,NaN,NaN,NaN,NaN,NaN,NaN
1688518800,6.86,6.86,6.82,6.84,76200,NaN,NaN,NaN,NaN,NaN,NaN,NaN
1688605200,6.9,6.99,6.84,6.9,18700,NaN,NaN,NaN,NaN,NaN,NaN,NaN
1688691600,6.9,6.9,6.9,6.9,0,NaN,NaN,NaN,NaN,NaN,NaN,NaN
1688950800,6.9,6.9,6.83,6.83,12200,NaN,NaN,NaN,NaN,NaN,NaN,NaN
1689037200,6.97,6.97,6.83,6.84,13100,NaN,NaN,NaN,NaN,NaN,NaN,NaN
1689123600,6.88,6.89,6.82,6.83,100100,NaN,NaN,NaN,NaN,NaN,NaN,NaN
1689210000,6.85,6.85,6.82,6.82,108600,NaN,NaN,NaN,NaN,NaN,NaN,NaN
1689296400,6.85,6.85,6.82,6.82,196000,NaN,NaN,NaN,NaN,NaN,NaN,NaN
1689555600,6.85,6.85,6.83,6.83,4000,NaN,NaN,NaN,NaN,NaN,NaN,NaN
1689642000,6.85,6.85,6.76,6.79,70300,NaN,NaN,NaN,NaN,NaN,NaN,NaN
1689814800,6.78,6.9,6.78,6.8,28300,NaN,NaN,NaN,NaN,NaN,NaN,NaN
1689901200,6.8,6.82,6.76,6.76,27000,NaN,NaN,NaN,NaN,NaN,NaN,NaN
1690160400,6.8,6.8,6.8,6.8,100,NaN,NaN,NaN,NaN,NaN,NaN,NaN
1690246800,6.8,6.8,6.77,6.77,28100,NaN,NaN,NaN,NaN,NaN,NaN,NaN
1690333200,6.78,6.8,6.74,6.78,194700,NaN,NaN,NaN,NaN,NaN,NaN,NaN
1690419600,6.76,6.8,6.76,6.76,27800,NaN,NaN,NaN,NaN,NaN,NaN,NaN
1690506000,6.76,6.84,6.76,6.77,7100,NaN,NaN,NaN,NaN,NaN,NaN,NaN
1690765200,6.77,6.83,6.77,6.8,2300,NaN,NaN,NaN,NaN,NaN,NaN,NaN
1690851600,6.82,6.82,6.8,6.8,3300,NaN,NaN,NaN,NaN,NaN,NaN,NaN
1690938000,6.8,6.82,6.77,6.77,29800,NaN,NaN,NaN,NaN,NaN,NaN,NaN
1691024400,6.78,6.85,6.77,6.85,53200,NaN,NaN,NaN,NaN,NaN,NaN,NaN
1691110800,6.85,6.85,6.78,6.8,10200,NaN,NaN,NaN,NaN,NaN,NaN,NaN
1691370000,6.8,6.8,6.76,6.77,117000,NaN,NaN,NaN,NaN,NaN,NaN,NaN
1691456400,6.85,6.85,6.72,6.77,362400,NaN,NaN,NaN,NaN,NaN,NaN,NaN
1691542800,6.77,6.82,6.75,6.76,79500,NaN,NaN,NaN,NaN,NaN,NaN,NaN
1691629200,6.77,6.8,6.74,6.77,105700,NaN,NaN,NaN,NaN,NaN,NaN,NaN
1691715600,6.77,6.84,6.73,6.74,132400,NaN,NaN,NaN,NaN,NaN,NaN,NaN
1691974800,6.73,6.77,6.72,6.77,397500,NaN,NaN,NaN,NaN,NaN,NaN,NaN
1692061200,6.84,6.9,6.8,6.9,622200,NaN,NaN,NaN,NaN,NaN,NaN,NaN
1692147600,6.9,6.95,6.79,6.85,184100,NaN,NaN,NaN,NaN,NaN,NaN,NaN
1692234000,6.89,6.9,6.84,6.9,140900,NaN,NaN,NaN,NaN,NaN,NaN,NaN
1692320400,6.84,6.94,6.73,6.76,419900,NaN,NaN,NaN,NaN,NaN,NaN,NaN
1692579600,6.76,6.83,6.76,6.79,15600,NaN,NaN,NaN,NaN,NaN,NaN,NaN
1692666000,6.79,6.87,6.79,6.87,1800,NaN,NaN,NaN,NaN,NaN,NaN,NaN
1692752400,6.8,6.81,6.79,6.8,19800,NaN,NaN,NaN,NaN,NaN,NaN,NaN
1692838800,6.8,6.82,6.8,6.82,15600,NaN,NaN,NaN,NaN,NaN,NaN,NaN
1692925200,6.82,6.82,6.82,6.82,4400,NaN,NaN,NaN,NaN,NaN,NaN,NaN
1693184400,6.83,6.83,6.8,6.8,65400,NaN,NaN,NaN,NaN,NaN,NaN,NaN
1693270800,6.8,6.8,6.79,6.79,206700,NaN,NaN,NaN,NaN,NaN,NaN,NaN
1693357200,6.71,6.71,6.69,6.7,253100,NaN,NaN,NaN,NaN,NaN,NaN,NaN
1693530000,6.7,6.7,6.69,6.7,342600,NaN,NaN,NaN,NaN,NaN,NaN,NaN
1693789200,6.7,6.8,6.68,6.69,143600,NaN,NaN,NaN,NaN,NaN,NaN,NaN
1693875600,6.78,6.78,6.66,6.7,540400,NaN,NaN,NaN,NaN,NaN,NaN,NaN
1693962000,6.7,6.77,6.7,6.74,392100,NaN,NaN,NaN,NaN,NaN,NaN,NaN
1694048400,6.74,6.77,6.74,6.77,7400,NaN,NaN,NaN,NaN,NaN,NaN,NaN
1694134800,6.77,6.77,6.75,6.76,39200,NaN,NaN,NaN,NaN,NaN,NaN,NaN
1694394000,6.77,6.77,6.76,6.76,11700,NaN,NaN,NaN,NaN,NaN,NaN,NaN
1694480400,6.76,6.8,6.76,6.8,3200,NaN,NaN,NaN,NaN,NaN,NaN,NaN
1694566800,6.79,6.84,6.79,6.83,47200,NaN,NaN,NaN,NaN,NaN,NaN,NaN
1694653200,6.76,6.8,6.76,6.8,4000,NaN,NaN,NaN,NaN,NaN,NaN,NaN
1694739600,6.8,6.8,6.74,6.78,112600,NaN,NaN,NaN,NaN,NaN,NaN,NaN
1694998800,6.83,6.83,6.76,6.78,53100,NaN,NaN,NaN,NaN,NaN,NaN,NaN
1695085200,6.8,6.82,6.8,6.81,33100,NaN,NaN,NaN,NaN,NaN,NaN,NaN
1695171600,6.81,6.81,6.75,6.76,149100,NaN,NaN,NaN,NaN,NaN,NaN,NaN
1695258000,6.76,6.76,6.76,6.76,1200,NaN,NaN,NaN,NaN,NaN,NaN,NaN
1695344400,6.76,6.8,6.76,6.79,128900,NaN,NaN,NaN,NaN,NaN,NaN,NaN
1695603600,6.79,6.79,6.69,6.73,47100,NaN,NaN,NaN,NaN,NaN,NaN,NaN
1695690000,6.73,6.81,6.73,6.81,600,NaN,NaN,NaN,NaN,NaN,NaN,NaN
1695776400,6.81,6.81,6.73,6.73,20000,NaN,NaN,NaN,NaN,NaN,NaN,NaN
1695949200,6.8,6.8,6.73,6.8,12900,1805333083,18060724000,2911371000,257991000,401203000,5125833000,5.89705882352941
1696208400,6.78,6.78,6.77,6.77,3200,NaN,NaN,NaN,NaN,NaN,NaN,NaN
1696294800,6.77,6.8,6.75,6.8,6500,NaN,NaN,NaN,NaN,NaN,NaN,NaN
1696381200,6.8,6.84,6.75,6.75,73600,NaN,NaN,NaN,NaN,NaN,NaN,NaN
1696467600,6.76,6.76,6.76,6.76,600,NaN,NaN,NaN,NaN,NaN,NaN,NaN
1696554000,6.77,6.77,6.75,6.76,165100,NaN,NaN,NaN,NaN,NaN,NaN,NaN
1696813200,6.76,6.77,6.74,6.77,103100,NaN,NaN,NaN,NaN,NaN,NaN,NaN
1696899600,6.77,6.78,6.77,6.77,27400,NaN,NaN,NaN,NaN,NaN,NaN,NaN
1696986000,6.78,6.8,6.77,6.8,164300,NaN,NaN,NaN,NaN,NaN,NaN,NaN
1697072400,6.8,6.8,6.76,6.8,84000,NaN,NaN,NaN,NaN,NaN,NaN,NaN
1697158800,6.8,6.8,6.78,6.8,5000,NaN,NaN,NaN,NaN,NaN,NaN,NaN
1697418000,6.78,6.8,6.76,6.8,107200,NaN,NaN,NaN,NaN,NaN,NaN,NaN
1697504400,6.8,6.8,6.78,6.79,502700,NaN,NaN,NaN,NaN,NaN,NaN,NaN
1697590800,6.8,6.81,6.74,6.75,950300,NaN,NaN,NaN,NaN,NaN,NaN,NaN
1697677200,6.8,6.82,6.79,6.81,26600,NaN,NaN,NaN,NaN,NaN,NaN,NaN
1697763600,6.8,6.81,6.8,6.8,85200,NaN,NaN,NaN,NaN,NaN,NaN,NaN
1698022800,6.8,6.82,6.75,6.81,28600,NaN,NaN,NaN,NaN,NaN,NaN,NaN
1698109200,6.75,6.82,6.75,6.82,14900,NaN,NaN,NaN,NaN,NaN,NaN,NaN
1698195600,6.81,6.86,6.81,6.85,47400,NaN,NaN,NaN,NaN,NaN,NaN,NaN
1698282000,6.85,6.87,6.84,6.84,11600,NaN,NaN,NaN,NaN,NaN,NaN,NaN
1698368400,6.8,6.84,6.8,6.84,2500,NaN,NaN,NaN,NaN,NaN,NaN,NaN
1698627600,6.89,6.89,6.86,6.86,285500,NaN,NaN,NaN,NaN,NaN,NaN,NaN
1698714000,6.86,6.88,6.86,6.87,17500,NaN,NaN,NaN,NaN,NaN,NaN,NaN
1698800400,6.86,6.87,6.86,6.86,66700,NaN,NaN,NaN,NaN,NaN,NaN,NaN
1698886800,6.87,6.95,6.87,6.9,35400,NaN,NaN,NaN,NaN,NaN,NaN,NaN
1698973200,6.93,6.96,6.93,6.95,245600,NaN,NaN,NaN,NaN,NaN,NaN,NaN
1699232400,6.94,6.96,6.87,6.96,476600,NaN,NaN,NaN,NaN,NaN,NaN,NaN
1699318800,6.96,6.99,6.96,6.99,17300,NaN,NaN,NaN,NaN,NaN,NaN,NaN
1699405200,6.97,7.03,6.97,7,33700,NaN,NaN,NaN,NaN,NaN,NaN,NaN
1699491600,7,7.03,7,7.03,24100,NaN,NaN,NaN,NaN,NaN,NaN,NaN
1699578000,7,7.04,6.96,7.04,54900,NaN,NaN,NaN,NaN,NaN,NaN,NaN
1699923600,7.03,7.05,6.96,6.96,30100,NaN,NaN,NaN,NaN,NaN,NaN,NaN
1700010000,7,7,6.91,6.91,5400,NaN,NaN,NaN,NaN,NaN,NaN,NaN
1700096400,6.95,7.02,6.91,7.02,25600,NaN,NaN,NaN,NaN,NaN,NaN,NaN
1700182800,7.02,7.05,7,7.05,30500,NaN,NaN,NaN,NaN,NaN,NaN,NaN
1700442000,7,7,6.95,7,5600,NaN,NaN,NaN,NaN,NaN,NaN,NaN
1700528400,7,7.02,6.96,7.02,11800,NaN,NaN,NaN,NaN,NaN,NaN,NaN
1700614800,7,7,6.96,6.97,12300,NaN,NaN,NaN,NaN,NaN,NaN,NaN
1700701200,6.97,7.01,6.95,7,7100,NaN,NaN,NaN,NaN,NaN,NaN,NaN
1700787600,6.96,6.99,6.93,6.95,86200,NaN,NaN,NaN,NaN,NaN,NaN,NaN
1701046800,6.99,7.01,6.98,7.01,255100,NaN,NaN,NaN,NaN,NaN,NaN,NaN
1701133200,6.99,7,6.95,6.95,2100,NaN,NaN,NaN,NaN,NaN,NaN,NaN
1701219600,6.96,7,6.95,7,143600,NaN,NaN,NaN,NaN,NaN,NaN,NaN
1701306000,7,7.02,6.99,7.01,143300,NaN,NaN,NaN,NaN,NaN,NaN,NaN
1701392400,6.98,7.05,6.96,7.02,33400,NaN,NaN,NaN,NaN,NaN,NaN,NaN
1701651600,7.04,7.05,7,7,4700,NaN,NaN,NaN,NaN,NaN,NaN,NaN
1701738000,7.01,7.04,7,7,24300,NaN,NaN,NaN,NaN,NaN,NaN,NaN
1701824400,7,7.05,7,7.04,70800,NaN,NaN,NaN,NaN,NaN,NaN,NaN
1701910800,7.04,7.06,7,7.03,36300,NaN,NaN,NaN,NaN,NaN,NaN,NaN
1701997200,7.03,7.03,6.99,7,67900,NaN,NaN,NaN,NaN,NaN,NaN,NaN
1702256400,6.99,7.05,6.99,7.04,296900,NaN,NaN,NaN,NaN,NaN,NaN,NaN
1702342800,7.01,7.01,6.93,7.01,155900,NaN,NaN,NaN,NaN,NaN,NaN,NaN
1702429200,7,7.01,6.98,7.01,563800,NaN,NaN,NaN,NaN,NaN,NaN,NaN
1702515600,7.05,7.11,7.01,7.05,80100,NaN,NaN,NaN,NaN,NaN,NaN,NaN
1702602000,7.05,7.3,7.05,7.3,211900,NaN,NaN,NaN,NaN,NaN,NaN,NaN
1702861200,7.1,7.17,7.09,7.16,47000,NaN,NaN,NaN,NaN,NaN,NaN,NaN
1702947600,7.15,7.18,7.13,7.15,7100,NaN,NaN,NaN,NaN,NaN,NaN,NaN
1703034000,7.09,7.17,6.9,7.14,50400,NaN,NaN,NaN,NaN,NaN,NaN,NaN
1703120400,6.95,7.14,6.95,7.14,2900,NaN,NaN,NaN,NaN,NaN,NaN,NaN
1703206800,7.14,7.18,7,7.18,27100,NaN,NaN,NaN,NaN,NaN,NaN,NaN
1703552400,7.13,7.18,7.01,7.18,16500,NaN,NaN,NaN,NaN,NaN,NaN,NaN
1703638800,7.1,7.12,7.03,7.1,241500,NaN,NaN,NaN,NaN,NaN,NaN,NaN
1703725200,7.09,7.1,7.05,7.05,1200,NaN,NaN,NaN,NaN,NaN,NaN,NaN
1703811600,7.05,7.11,7.05,7.09,2000,1805333083,18333558000,2944104000,260158000.00000003,442640000,5268135000,5.71227080394922
1704157200,7,7.06,7,7.06,11700,NaN,NaN,NaN,NaN,NaN,NaN,NaN
1704243600,7.09,7.15,7.08,7.13,49000,NaN,NaN,NaN,NaN,NaN,NaN,NaN
1704330000,7.12,7.2,7.12,7.2,167900,NaN,NaN,NaN,NaN,NaN,NaN,NaN
1704416400,7.2,7.24,7.18,7.24,49000,NaN,NaN,NaN,NaN,NaN,NaN,NaN
1704675600,7.17,7.24,7.17,7.2,309800,NaN,NaN,NaN,NaN,NaN,NaN,NaN
1704762000,7.2,7.21,7.18,7.2,214400,NaN,NaN,NaN,NaN,NaN,NaN,NaN
1704848400,7.2,7.22,7.19,7.2,150800,NaN,NaN,NaN,NaN,NaN,NaN,NaN
1704934800,7.2,7.22,7.17,7.2,537600,NaN,NaN,NaN,NaN,NaN,NaN,NaN
1705021200,7.2,7.21,7.18,7.2,325000,NaN,NaN,NaN,NaN,NaN,NaN,NaN
1705280400,7.18,7.23,7.18,7.18,110000,NaN,NaN,NaN,NaN,NaN,NaN,NaN
1705366800,7.18,7.2,7.18,7.2,231300,NaN,NaN,NaN,NaN,NaN,NaN,NaN
1705453200,7.2,7.24,7.2,7.24,336700,NaN,NaN,NaN,NaN,NaN,NaN,NaN
1705539600,7.2,7.25,7.2,7.24,552100,NaN,NaN,NaN,NaN,NaN,NaN,NaN
1705626000,7.24,7.24,7.2,7.2,102600,NaN,NaN,NaN,NaN,NaN,NaN,NaN
1705885200,7.21,7.24,7.21,7.23,52800,NaN,NaN,NaN,NaN,NaN,NaN,NaN
1705971600,7.24,7.28,7.2,7.28,685900,NaN,NaN,NaN,NaN,NaN,NaN,NaN
1706058000,7.28,7.28,7.21,7.25,13800,NaN,NaN,NaN,NaN,NaN,NaN,NaN
1706230800,7.25,7.28,7.2,7.25,600900,NaN,NaN,NaN,NaN,NaN,NaN,NaN
1706490000,7.25,7.28,7.23,7.26,101700,NaN,NaN,NaN,NaN,NaN,NaN,NaN
1706576400,7.29,7.29,7.18,7.25,429300,NaN,NaN,NaN,NaN,NaN,NaN,NaN
1706662800,7.25,7.37,7.25,7.37,122400,NaN,NaN,NaN,NaN,NaN,NaN,NaN
1706835600,7.37,7.41,7.33,7.4,28400,NaN,NaN,NaN,NaN,NaN,NaN,NaN
1707094800,7.4,7.4,7.3,7.3,22800,NaN,NaN,NaN,NaN,NaN,NaN,NaN
1707181200,7.35,7.4,7.26,7.3,128700,NaN,NaN,NaN,NaN,NaN,NaN,NaN
1707267600,7.31,7.35,7.31,7.31,2500,NaN,NaN,NaN,NaN,NaN,NaN,NaN
1707354000,7.41,7.45,7.38,7.38,200000,NaN,NaN,NaN,NaN,NaN,NaN,NaN
1707440400,7.4,7.4,7.39,7.4,18200,NaN,NaN,NaN,NaN,NaN,NaN,NaN
1707786000,7.39,7.41,7.36,7.41,265800,NaN,NaN,NaN,NaN,NaN,NaN,NaN
1707872400,7.4,7.41,7.39,7.4,127600,NaN,NaN,NaN,NaN,NaN,NaN,NaN
1707958800,7.4,7.41,7.39,7.4,255500,NaN,NaN,NaN,NaN,NaN,NaN,NaN
1708045200,7.4,7.65,7.39,7.65,735900,NaN,NaN,NaN,NaN,NaN,NaN,NaN
1708304400,7.65,7.67,7.65,7.65,345100,NaN,NaN,NaN,NaN,NaN,NaN,NaN
1708390800,7.6,7.68,7.59,7.6,187400,NaN,NaN,NaN,NaN,NaN,NaN,NaN
1708477200,7.45,7.5,7.41,7.41,72400,NaN,NaN,NaN,NaN,NaN,NaN,NaN
1708563600,7.4,7.41,7.32,7.32,640000,NaN,NaN,NaN,NaN,NaN,NaN,NaN
1708650000,7.27,7.41,7.27,7.3,2254700,NaN,NaN,NaN,NaN,NaN,NaN,NaN
1708909200,7.4,7.45,7.39,7.4,123300,NaN,NaN,NaN,NaN,NaN,NaN,NaN
1708995600,7.4,7.5,7.4,7.5,201800,NaN,NaN,NaN,NaN,NaN,NaN,NaN
1709082000,7.5,7.5,7.41,7.45,1548600,NaN,NaN,NaN,NaN,NaN,NaN,NaN
1709168400,7.45,7.54,7.42,7.54,107200,NaN,NaN,NaN,NaN,NaN,NaN,NaN
1709254800,7.54,7.55,7.49,7.55,60700,NaN,NaN,NaN,NaN,NaN,NaN,NaN
1709514000,7.45,7.5,7.39,7.4,15000,NaN,NaN,NaN,NaN,NaN,NaN,NaN
1709600400,7.41,7.49,7.35,7.35,92300,NaN,NaN,NaN,NaN,NaN,NaN,NaN
1709686800,7.32,7.46,7.32,7.35,9600,NaN,NaN,NaN,NaN,NaN,NaN,NaN
1709773200,7.5,7.5,7.35,7.42,96400,NaN,NaN,NaN,NaN,NaN,NaN,NaN
1709859600,7.43,7.43,7.28,7.28,107900,NaN,NaN,NaN,NaN,NaN,NaN,NaN
1710118800,7.44,7.44,7.29,7.36,17500,NaN,NaN,NaN,NaN,NaN,NaN,NaN
1710205200,7.35,7.46,7.35,7.45,15600,NaN,NaN,NaN,NaN,NaN,NaN,NaN
1710291600,7.5,7.54,7.41,7.46,717400,NaN,NaN,NaN,NaN,NaN,NaN,NaN
1710378000,7.46,7.5,7.45,7.5,343700,NaN,NaN,NaN,NaN,NaN,NaN,NaN
1710464400,7.5,7.53,7.45,7.53,6800,NaN,NaN,NaN,NaN,NaN,NaN,NaN
1710723600,7.53,7.53,7.44,7.45,4800,NaN,NaN,NaN,NaN,NaN,NaN,NaN
1710810000,7.45,7.54,7.43,7.5,275400,NaN,NaN,NaN,NaN,NaN,NaN,NaN
1710896400,7.5,7.5,7.39,7.43,43200,NaN,NaN,NaN,NaN,NaN,NaN,NaN
1710982800,7.41,7.44,7.38,7.43,93900,NaN,NaN,NaN,NaN,NaN,NaN,NaN
1711069200,7.46,7.5,7.37,7.46,82800,NaN,NaN,NaN,NaN,NaN,NaN,NaN
1711328400,7.45,7.45,7.33,7.38,165100,NaN,NaN,NaN,NaN,NaN,NaN,NaN
1711414800,7.38,7.5,7.38,7.5,22100,NaN,NaN,NaN,NaN,NaN,NaN,NaN
1711501200,7.5,7.5,7.41,7.44,9300,NaN,NaN,NaN,NaN,NaN,NaN,NaN
1711674000,7.44,7.48,7.44,7.46,162200,1805333083,18232360000,2914278000,266243000,408901000,5199027000,5.49597855227882
1711933200,7.43,7.5,7.43,7.43,61100,NaN,NaN,NaN,NaN,NaN,NaN,NaN
1712019600,7.43,7.53,7.42,7.53,93900,NaN,NaN,NaN,NaN,NaN,NaN,NaN
1712106000,7.53,7.55,7.47,7.53,10700,NaN,NaN,NaN,NaN,NaN,NaN,NaN
1712192400,7.53,7.53,7.48,7.5,23600,NaN,NaN,NaN,NaN,NaN,NaN,NaN
1712278800,7.51,7.54,7.47,7.5,9100,NaN,NaN,NaN,NaN,NaN,NaN,NaN
1712538000,7.55,7.55,7.45,7.46,26800,NaN,NaN,NaN,NaN,NaN,NaN,NaN
1712624400,7.5,7.54,7.44,7.45,14900,NaN,NaN,NaN,NaN,NaN,NaN,NaN
1712883600,7.48,7.5,7.4,7.46,54000,NaN,NaN,NaN,NaN,NaN,NaN,NaN
1713142800,7.4,7.49,7.4,7.45,255500,NaN,NaN,NaN,NaN,NaN,NaN,NaN
1713229200,7.43,7.45,7.39,7.4,19100,NaN,NaN,NaN,NaN,NaN,NaN,NaN
1713315600,7.44,7.47,7.38,7.38,26600,NaN,NaN,NaN,NaN,NaN,NaN,NaN
1713402000,7.45,7.45,7.42,7.44,5700,NaN,NaN,NaN,NaN,NaN,NaN,NaN
1713488400,7.45,7.45,7.37,7.38,215100,NaN,NaN,NaN,NaN,NaN,NaN,NaN
1713747600,7.38,7.43,7.38,7.43,3900,NaN,NaN,NaN,NaN,NaN,NaN,NaN
1713834000,7.43,7.55,7.42,7.5,241500,NaN,NaN,NaN,NaN,NaN,NaN,NaN
1713920400,7.51,7.6,7.5,7.54,53600,NaN,NaN,NaN,NaN,NaN,NaN,NaN
1714006800,7.54,7.72,7.54,7.7,132900,NaN,NaN,NaN,NaN,NaN,NaN,NaN
1714093200,7.7,7.72,7.7,7.71,1232400,NaN,NaN,NaN,NaN,NaN,NaN,NaN
1714352400,7.7,7.7,7.52,7.52,38700,NaN,NaN,NaN,NaN,NaN,NaN,NaN
1714438800,7.54,7.58,7.54,7.54,9700,NaN,NaN,NaN,NaN,NaN,NaN,NaN
1714611600,7.54,7.58,7.54,7.58,1020600,NaN,NaN,NaN,NaN,NaN,NaN,NaN
1714698000,7.58,7.58,7.5,7.55,42000,NaN,NaN,NaN,NaN,NaN,NaN,NaN
1714957200,7.55,7.56,7.52,7.54,557500,NaN,NaN,NaN,NaN,NaN,NaN,NaN
1715043600,7.54,7.54,7.52,7.53,17600,NaN,NaN,NaN,NaN,NaN,NaN,NaN
1715130000,7.55,7.55,7.51,7.51,10700,NaN,NaN,NaN,NaN,NaN,NaN,NaN
1715216400,7.51,7.55,7.51,7.55,318800,NaN,NaN,NaN,NaN,NaN,NaN,NaN
1715302800,7.51,7.55,7.5,7.5,63400,NaN,NaN,NaN,NaN,NaN,NaN,NaN
1715562000,7.51,7.55,7.51,7.52,275500,NaN,NaN,NaN,NaN,NaN,NaN,NaN
1715648400,7.52,7.55,7.51,7.55,224400,NaN,NaN,NaN,NaN,NaN,NaN,NaN
1715734800,7.54,7.58,7.51,7.55,65700,NaN,NaN,NaN,NaN,NaN,NaN,NaN
1715821200,7.51,7.56,7.51,7.52,61700,NaN,NaN,NaN,NaN,NaN,NaN,NaN
1715907600,7.51,7.56,7.51,7.54,85000,NaN,NaN,NaN,NaN,NaN,NaN,NaN
1716166800,7.54,7.54,7.5,7.53,169700,NaN,NaN,NaN,NaN,NaN,NaN,NaN
1716253200,7.51,7.54,7.51,7.54,724000,NaN,NaN,NaN,NaN,NaN,NaN,NaN
1716426000,7.54,7.55,7.53,7.54,408700,NaN,NaN,NaN,NaN,NaN,NaN,NaN
1716512400,7.56,7.66,7.55,7.65,472000,NaN,NaN,NaN,NaN,NaN,NaN,NaN
1716771600,7.65,7.68,7.64,7.65,76400,NaN,NaN,NaN,NaN,NaN,NaN,NaN
1716858000,7.6,7.67,7.6,7.61,60500,NaN,NaN,NaN,NaN,NaN,NaN,NaN
1716944400,7.61,7.64,7.61,7.63,109700,NaN,NaN,NaN,NaN,NaN,NaN,NaN
1717030800,7.63,7.68,7.6,7.68,79800,NaN,NaN,NaN,NaN,NaN,NaN,NaN
1717117200,7.68,7.68,7.6,7.6,219100,NaN,NaN,NaN,NaN,NaN,NaN,NaN
1717462800,7.6,7.6,7.49,7.51,186300,NaN,NaN,NaN,NaN,NaN,NaN,NaN
1717549200,7.51,7.56,7.5,7.5,171700,NaN,NaN,NaN,NaN,NaN,NaN,NaN
1717635600,7.51,7.6,7.51,7.6,646600,NaN,NaN,NaN,NaN,NaN,NaN,NaN
1717722000,7.5,7.59,7.47,7.58,1226500,NaN,NaN,NaN,NaN,NaN,NaN,NaN
1717981200,7.58,7.58,7.54,7.56,212700,NaN,NaN,NaN,NaN,NaN,NaN,NaN
1718067600,7.55,7.55,7.43,7.45,2337100,NaN,NaN,NaN,NaN,NaN,NaN,NaN
1718154000,7.43,7.55,7.43,7.55,8700,NaN,NaN,NaN,NaN,NaN,NaN,NaN
1718240400,7.56,7.56,7.43,7.45,201800,NaN,NaN,NaN,NaN,NaN,NaN,NaN
1718326800,7.5,7.52,7.49,7.52,95700,NaN,NaN,NaN,NaN,NaN,NaN,NaN
1718672400,7.52,7.52,7.45,7.51,62100,NaN,NaN,NaN,NaN,NaN,NaN,NaN
1718758800,7.52,7.53,7.47,7.53,63100,NaN,NaN,NaN,NaN,NaN,NaN,NaN
1718845200,7.45,7.49,7.4,7.4,72900,NaN,NaN,NaN,NaN,NaN,NaN,NaN
1718931600,7.4,7.48,7.4,7.48,211200,NaN,NaN,NaN,NaN,NaN,NaN,NaN
1719190800,7.48,7.52,7.45,7.5,178500,NaN,NaN,NaN,NaN,NaN,NaN,NaN
1719277200,7.5,7.5,7.5,7.5,500,NaN,NaN,NaN,NaN,NaN,NaN,NaN
1719363600,7.5,7.61,7.45,7.45,22900,NaN,NaN,NaN,NaN,NaN,NaN,NaN
1719450000,7.5,7.5,7.4,7.43,81000,NaN,NaN,NaN,NaN,NaN,NaN,NaN
1719536400,7.43,7.47,7.4,7.4,55000,1805333083,18298803000,4900731000,259350000.00000003,413145000,5309925000,5.59459459459459
1719795600,7.47,7.55,7.45,7.47,136800,NaN,NaN,NaN,NaN,NaN,NaN,NaN
1719882000,7.45,7.48,7.43,7.47,193500,NaN,NaN,NaN,NaN,NaN,NaN,NaN
1719968400,7.55,7.55,7.46,7.5,59400,NaN,NaN,NaN,NaN,NaN,NaN,NaN
1720054800,7.5,7.5,7.41,7.41,85200,NaN,NaN,NaN,NaN,NaN,NaN,NaN
1720141200,7.45,7.46,7.42,7.45,286000,NaN,NaN,NaN,NaN,NaN,NaN,NaN
1720486800,7.45,7.55,7.43,7.45,87200,NaN,NaN,NaN,NaN,NaN,NaN,NaN
1720573200,7.45,7.5,7.45,7.45,6600,NaN,NaN,NaN,NaN,NaN,NaN,NaN
1720659600,7.45,7.5,7.45,7.5,8200,NaN,NaN,NaN,NaN,NaN,NaN,NaN
1720746000,7.5,7.5,7.41,7.41,134800,NaN,NaN,NaN,NaN,NaN,NaN,NaN
1721005200,7.41,7.53,7.41,7.48,10800,NaN,NaN,NaN,NaN,NaN,NaN,NaN
1721091600,7.45,7.5,7.42,7.48,133100,NaN,NaN,NaN,NaN,NaN,NaN,NaN
1721178000,7.5,7.5,7.41,7.42,164100,NaN,NaN,NaN,NaN,NaN,NaN,NaN
1721264400,7.45,7.55,7.44,7.53,71200,NaN,NaN,NaN,NaN,NaN,NaN,NaN
1721350800,7.53,7.6,7.53,7.58,70300,NaN,NaN,NaN,NaN,NaN,NaN,NaN
1721610000,7.55,7.55,7.52,7.52,3400,NaN,NaN,NaN,NaN,NaN,NaN,NaN
1721696400,7.58,7.58,7.51,7.56,3600,NaN,NaN,NaN,NaN,NaN,NaN,NaN
1721782800,7.55,7.58,7.55,7.57,10000,NaN,NaN,NaN,NaN,NaN,NaN,NaN
1721869200,7.57,7.57,7.57,7.57,0,NaN,NaN,NaN,NaN,NaN,NaN,NaN
1721955600,7.58,7.59,7.56,7.59,251700,NaN,NaN,NaN,NaN,NaN,NaN,NaN
1722214800,7.58,7.58,7.49,7.5,284400,NaN,NaN,NaN,NaN,NaN,NaN,NaN
1722301200,7.5,7.51,7.5,7.5,244300,NaN,NaN,NaN,NaN,NaN,NaN,NaN
1722387600,7.5,7.56,7.5,7.55,166400,NaN,NaN,NaN,NaN,NaN,NaN,NaN
1722474000,7.55,7.6,7.55,7.59,46900,NaN,NaN,NaN,NaN,NaN,NaN,NaN
1722560400,7.6,7.6,7.57,7.59,10600,NaN,NaN,NaN,NaN,NaN,NaN,NaN
1722819600,7.42,7.6,7.4,7.6,490800,NaN,NaN,NaN,NaN,NaN,NaN,NaN
1722906000,7.42,7.62,7.39,7.6,1031600,NaN,NaN,NaN,NaN,NaN,NaN,NaN
1722992400,7.6,7.6,7.59,7.6,149700,NaN,NaN,NaN,NaN,NaN,NaN,NaN
1723078800,7.6,7.62,7.6,7.62,527700,NaN,NaN,NaN,NaN,NaN,NaN,NaN
1723165200,7.62,7.62,7.62,7.62,200,NaN,NaN,NaN,NaN,NaN,NaN,NaN
1723424400,7.6,7.66,7.55,7.65,706200,NaN,NaN,NaN,NaN,NaN,NaN,NaN
1723510800,7.65,7.66,7.65,7.66,227500,NaN,NaN,NaN,NaN,NaN,NaN,NaN
1723597200,7.68,7.7,7.6,7.7,40500,NaN,NaN,NaN,NaN,NaN,NaN,NaN
1723683600,7.65,7.65,7.61,7.61,103300,NaN,NaN,NaN,NaN,NaN,NaN,NaN
1723770000,7.61,7.63,7.6,7.61,98300,NaN,NaN,NaN,NaN,NaN,NaN,NaN
1724029200,7.55,7.65,7.55,7.65,25200,NaN,NaN,NaN,NaN,NaN,NaN,NaN
1724115600,7.65,7.71,7.65,7.71,78000,NaN,NaN,NaN,NaN,NaN,NaN,NaN
1724202000,7.71,7.71,7.6,7.71,39400,NaN,NaN,NaN,NaN,NaN,NaN,NaN
1724288400,7.71,7.8,7.7,7.8,795000,NaN,NaN,NaN,NaN,NaN,NaN,NaN
1724374800,7.78,7.84,7.78,7.8,51000,NaN,NaN,NaN,NaN,NaN,NaN,NaN
1724634000,7.83,7.83,7.79,7.79,56300,NaN,NaN,NaN,NaN,NaN,NaN,NaN
1724720400,7.7,7.82,7.7,7.82,118500,NaN,NaN,NaN,NaN,NaN,NaN,NaN
1724806800,7.8,7.82,7.8,7.8,4000,NaN,NaN,NaN,NaN,NaN,NaN,NaN
1724893200,7.8,7.88,7.8,7.86,48600,NaN,NaN,NaN,NaN,NaN,NaN,NaN
1724979600,7.85,7.85,7.73,7.8,20500,NaN,NaN,NaN,NaN,NaN,NaN,NaN
1725238800,7.8,7.87,7.73,7.8,445400,NaN,NaN,NaN,NaN,NaN,NaN,NaN
1725325200,7.8,7.85,7.75,7.8,358400,NaN,NaN,NaN,NaN,NaN,NaN,NaN
1725411600,7.74,7.85,7.74,7.81,11700,NaN,NaN,NaN,NaN,NaN,NaN,NaN
1725498000,7.81,7.99,7.73,7.89,68300,NaN,NaN,NaN,NaN,NaN,NaN,NaN
1725584400,7.98,8,7.83,7.83,82400,NaN,NaN,NaN,NaN,NaN,NaN,NaN
1725843600,7.99,7.99,7.93,7.95,240500,NaN,NaN,NaN,NaN,NaN,NaN,NaN
1725930000,7.9,7.9,7.73,7.73,56200,NaN,NaN,NaN,NaN,NaN,NaN,NaN
1726016400,7.72,7.75,7.72,7.75,2900,NaN,NaN,NaN,NaN,NaN,NaN,NaN
1726102800,7.76,7.8,7.75,7.79,3400,NaN,NaN,NaN,NaN,NaN,NaN,NaN
1726189200,7.85,7.97,7.85,7.97,18700,NaN,NaN,NaN,NaN,NaN,NaN,NaN
1726534800,7.96,8.21,7.94,8.18,92800,NaN,NaN,NaN,NaN,NaN,NaN,NaN
1726621200,8,8.01,7.9,8,918500,NaN,NaN,NaN,NaN,NaN,NaN,NaN
1726707600,8,8,7.9,7.92,6000,NaN,NaN,NaN,NaN,NaN,NaN,NaN
1726794000,7.92,7.93,7.88,7.92,1447300,NaN,NaN,NaN,NaN,NaN,NaN,NaN
1727053200,7.9,7.92,7.87,7.92,1500,NaN,NaN,NaN,NaN,NaN,NaN,NaN
1727139600,7.91,8,7.9,7.95,103800,NaN,NaN,NaN,NaN,NaN,NaN,NaN
1727226000,7.95,7.95,7.86,7.86,4500,NaN,NaN,NaN,NaN,NaN,NaN,NaN
1727312400,7.86,7.86,7.82,7.85,760700,NaN,NaN,NaN,NaN,NaN,NaN,NaN
1727398800,7.9,7.9,7.85,7.89,277500,NaN,NaN,NaN,NaN,NaN,NaN,NaN
1727658000,7.9,8,7.9,8,40200,1805333083,18378806000,4938759000,272904000,429534000,5360272000,5.225
1727744400,8,8,7.8,7.83,31400,NaN,NaN,NaN,NaN,NaN,NaN,NaN
1727830800,7.84,7.85,7.81,7.83,80300,NaN,NaN,NaN,NaN,NaN,NaN,NaN
1727917200,7.83,7.9,7.83,7.86,110900,NaN,NaN,NaN,NaN,NaN,NaN,NaN
1728003600,7.86,7.86,7.8,7.84,50900,NaN,NaN,NaN,NaN,NaN,NaN,NaN
1728262800,7.83,7.9,7.83,7.9,325100,NaN,NaN,NaN,NaN,NaN,NaN,NaN
1728349200,7.85,7.86,7.79,7.8,65700,NaN,NaN,NaN,NaN,NaN,NaN,NaN
1728435600,7.83,8,7.83,7.9,119900,NaN,NaN,NaN,NaN,NaN,NaN,NaN
1728522000,7.99,8.04,7.95,7.95,26000,NaN,NaN,NaN,NaN,NaN,NaN,NaN
1728608400,8,8.1,8,8.05,49400,NaN,NaN,NaN,NaN,NaN,NaN,NaN
1728867600,8.1,8.1,8,8,40000,NaN,NaN,NaN,NaN,NaN,NaN,NaN
1728954000,8,8,7.91,7.91,6800,NaN,NaN,NaN,NaN,NaN,NaN,NaN
1729040400,7.93,8,7.93,8,65900,NaN,NaN,NaN,NaN,NaN,NaN,NaN
1729126800,8,8.04,7.99,7.99,63700,NaN,NaN,NaN,NaN,NaN,NaN,NaN
1729213200,7.99,8.04,7.99,8.04,251200,NaN,NaN,NaN,NaN,NaN,NaN,NaN
1729472400,8.04,8.04,7.95,8,191500,NaN,NaN,NaN,NaN,NaN,NaN,NaN
1729558800,8,8,7.94,8,2800,NaN,NaN,NaN,NaN,NaN,NaN,NaN
1729645200,8,8.01,8,8,168400,NaN,NaN,NaN,NaN,NaN,NaN,NaN
1729731600,7.95,8.03,7.95,8,102800,NaN,NaN,NaN,NaN,NaN,NaN,NaN
1729818000,7.97,8,7.97,7.99,2700,NaN,NaN,NaN,NaN,NaN,NaN,NaN
1730077200,7.97,7.99,7.97,7.97,4100,NaN,NaN,NaN,NaN,NaN,NaN,NaN
1730163600,8,8.02,7.99,7.99,168700,NaN,NaN,NaN,NaN,NaN,NaN,NaN
1730250000,7.95,8,7.94,8,923000,NaN,NaN,NaN,NaN,NaN,NaN,NaN
1730422800,8,8,7.95,7.96,9700,NaN,NaN,NaN,NaN,NaN,NaN,NaN
1730682000,7.96,8,7.92,7.99,309100,NaN,NaN,NaN,NaN,NaN,NaN,NaN
1730768400,7.99,8,7.97,7.99,493200,NaN,NaN,NaN,NaN,NaN,NaN,NaN
1730854800,7.99,8,7.99,8,1154200,NaN,NaN,NaN,NaN,NaN,NaN,NaN
1730941200,8,8.01,8,8,1212700,NaN,NaN,NaN,NaN,NaN,NaN,NaN
1731027600,8.05,8.05,7.99,8,504300,NaN,NaN,NaN,NaN,NaN,NaN,NaN
1731286800,7.98,8.07,7.96,8.07,3900,NaN,NaN,NaN,NaN,NaN,NaN,NaN
1731373200,7.95,7.96,7.95,7.95,3300,NaN,NaN,NaN,NaN,NaN,NaN,NaN
1731459600,7.99,8,7.99,7.99,29900,NaN,NaN,NaN,NaN,NaN,NaN,NaN
1731546000,8.07,8.07,7.99,7.99,700,NaN,NaN,NaN,NaN,NaN,NaN,NaN
1731632400,7.99,8.05,7.99,8.05,113400,NaN,NaN,NaN,NaN,NaN,NaN,NaN
1731891600,7.96,8.06,7.96,8.01,16100,NaN,NaN,NaN,NaN,NaN,NaN,NaN
1731978000,8.01,8.02,8.01,8.01,38700,NaN,NaN,NaN,NaN,NaN,NaN,NaN
1732064400,8.01,8.01,7.95,7.96,10400,NaN,NaN,NaN,NaN,NaN,NaN,NaN
1732150800,7.95,8.03,7.95,7.95,7300,NaN,NaN,NaN,NaN,NaN,NaN,NaN
1732237200,7.99,8.03,7.99,7.99,202400,NaN,NaN,NaN,NaN,NaN,NaN,NaN
1732496400,8,8.01,7.95,8,255600,NaN,NaN,NaN,NaN,NaN,NaN,NaN
1732582800,8,8.02,8,8,9900,NaN,NaN,NaN,NaN,NaN,NaN,NaN
1732669200,7.99,8.01,7.97,8,232500,NaN,NaN,NaN,NaN,NaN,NaN,NaN
1732755600,8,8.1,8,8.1,14100,NaN,NaN,NaN,NaN,NaN,NaN,NaN
1732842000,8.07,8.07,8,8.02,54500,NaN,NaN,NaN,NaN,NaN,NaN,NaN
1733101200,8.01,8.01,7.96,7.96,18500,NaN,NaN,NaN,NaN,NaN,NaN,NaN
1733187600,8,8.01,7.99,8,140300,NaN,NaN,NaN,NaN,NaN,NaN,NaN
1733274000,8,8.1,8,8.1,270800,NaN,NaN,NaN,NaN,NaN,NaN,NaN
1733360400,8,8.01,7.99,8,112000,NaN,NaN,NaN,NaN,NaN,NaN,NaN
1733446800,7.95,8.02,7.95,8.02,122300,NaN,NaN,NaN,NaN,NaN,NaN,NaN
1733706000,7.96,8.03,7.96,8.03,5800,NaN,NaN,NaN,NaN,NaN,NaN,NaN
1733792400,7.96,8.03,7.95,8.03,48700,NaN,NaN,NaN,NaN,NaN,NaN,NaN
1733878800,8.03,8.03,7.95,8.03,112500,NaN,NaN,NaN,NaN,NaN,NaN,NaN
1733965200,8.03,8.03,7.98,8.03,1300,NaN,NaN,NaN,NaN,NaN,NaN,NaN
1734051600,8.03,8.03,7.95,7.95,1004000,NaN,NaN,NaN,NaN,NaN,NaN,NaN
1734310800,8.07,8.07,7.93,8,1600,NaN,NaN,NaN,NaN,NaN,NaN,NaN
1734397200,7.95,8,7.93,7.94,84200,NaN,NaN,NaN,NaN,NaN,NaN,NaN
1734483600,7.93,7.96,7.92,7.96,8100,NaN,NaN,NaN,NaN,NaN,NaN,NaN
1734570000,7.96,7.97,7.96,7.96,9200,NaN,NaN,NaN,NaN,NaN,NaN,NaN
1734656400,7.96,8.21,7.96,8.21,141400,NaN,NaN,NaN,NaN,NaN,NaN,NaN
1734915600,8.2,8.2,8.05,8.08,43500,NaN,NaN,NaN,NaN,NaN,NaN,NaN
1735002000,8.1,8.12,8.06,8.06,17400,NaN,NaN,NaN,NaN,NaN,NaN,NaN
1735174800,8.08,8.08,8.05,8.05,1200,NaN,NaN,NaN,NaN,NaN,NaN,NaN
1735261200,8.05,8.07,8.05,8.05,153200,NaN,NaN,NaN,NaN,NaN,NaN,NaN
1735520400,8.05,8.06,8,8.06,24100,NaN,NaN,NaN,NaN,NaN,NaN,NaN
1735606800,8.09,8.15,8.03,8.15,52900,1805333083,18663277000,4958693000,268845000,459279000,5564830000,5.4601226993865
1735779600,8.12,8.15,8.12,8.12,10300,NaN,NaN,NaN,NaN,NaN,NaN,NaN
1735866000,8.1,8.1,8.03,8.08,110400,NaN,NaN,NaN,NaN,NaN,NaN,NaN
1736125200,8.1,8.11,7.97,7.99,75100,NaN,NaN,NaN,NaN,NaN,NaN,NaN
1736211600,7.99,8,7.99,8,65000,NaN,NaN,NaN,NaN,NaN,NaN,NaN
1736298000,8,8.03,7.96,8,297600,NaN,NaN,NaN,NaN,NaN,NaN,NaN
1736384400,8.1,8.1,7.97,8.05,3600,NaN,NaN,NaN,NaN,NaN,NaN,NaN
1736470800,8.05,8.11,8.05,8.07,17000,NaN,NaN,NaN,NaN,NaN,NaN,NaN
1736730000,8.07,8.12,7.98,8.11,2100,NaN,NaN,NaN,NaN,NaN,NaN,NaN
1736816400,8.1,8.11,8,8.05,3500,NaN,NaN,NaN,NaN,NaN,NaN,NaN
1736902800,8.05,8.06,8.05,8.06,24500,NaN,NaN,NaN,NaN,NaN,NaN,NaN
1736989200,8.01,8.01,7.96,8,6700,NaN,NaN,NaN,NaN,NaN,NaN,NaN
1737075600,8,8.05,8,8.01,98800,NaN,NaN,NaN,NaN,NaN,NaN,NaN
1737334800,8.01,8.07,8.01,8.07,25600,NaN,NaN,NaN,NaN,NaN,NaN,NaN
1737421200,8.01,8.04,8,8.01,49500,NaN,NaN,NaN,NaN,NaN,NaN,NaN
1737507600,8.01,8.01,8.01,8.01,2200,NaN,NaN,NaN,NaN,NaN,NaN,NaN
1737594000,8.02,8.09,8.01,8.04,14400,NaN,NaN,NaN,NaN,NaN,NaN,NaN
1737680400,8.05,8.1,8,8.05,25500,NaN,NaN,NaN,NaN,NaN,NaN,NaN
1737939600,8.05,8.06,8.04,8.06,106500,NaN,NaN,NaN,NaN,NaN,NaN,NaN
1738026000,8.06,8.06,8.04,8.05,1074200,NaN,NaN,NaN,NaN,NaN,NaN,NaN
1738285200,8.05,8.14,8.01,8.14,1028100,NaN,NaN,NaN,NaN,NaN,NaN,NaN
1738544400,8.14,8.18,8.05,8.18,23300,NaN,NaN,NaN,NaN,NaN,NaN,NaN
1738630800,8.18,8.27,8.18,8.27,96700,NaN,NaN,NaN,NaN,NaN,NaN,NaN
1738717200,8.27,8.4,8.27,8.35,56500,NaN,NaN,NaN,NaN,NaN,NaN,NaN
1738803600,8.38,8.42,8.34,8.4,219800,NaN,NaN,NaN,NaN,NaN,NaN,NaN
1738890000,8.44,8.46,8.44,8.44,193100,NaN,NaN,NaN,NaN,NaN,NaN,NaN
1739149200,8.44,8.49,8.42,8.42,10300,NaN,NaN,NaN,NaN,NaN,NaN,NaN
1739322000,8.41,8.45,8.4,8.41,14500,NaN,NaN,NaN,NaN,NaN,NaN,NaN
1739408400,8.41,8.42,8.39,8.42,316900,NaN,NaN,NaN,NaN,NaN,NaN,NaN
1739494800,8.42,8.5,8.42,8.49,62900,NaN,NaN,NaN,NaN,NaN,NaN,NaN
1739754000,8.49,8.5,8.48,8.48,327300,NaN,NaN,NaN,NaN,NaN,NaN,NaN
1739840400,8.55,8.55,8.35,8.4,81700,NaN,NaN,NaN,NaN,NaN,NaN,NaN
1739926800,8.22,8.22,8.15,8.2,19700,NaN,NaN,NaN,NaN,NaN,NaN,NaN
1740013200,8.19,8.2,8,8.2,43000,NaN,NaN,NaN,NaN,NaN,NaN,NaN
1740099600,8.2,8.21,8.2,8.21,63400,NaN,NaN,NaN,NaN,NaN,NaN,NaN
1740358800,8.21,8.3,8.21,8.3,7700,NaN,NaN,NaN,NaN,NaN,NaN,NaN
1740445200,8.3,8.31,8.2,8.24,141500,NaN,NaN,NaN,NaN,NaN,NaN,NaN
1740531600,8.24,8.25,8.24,8.24,44300,NaN,NaN,NaN,NaN,NaN,NaN,NaN
1740618000,8.35,8.35,8.1,8.3,88400,NaN,NaN,NaN,NaN,NaN,NaN,NaN
1740704400,8.3,8.45,8.29,8.45,56500,NaN,NaN,NaN,NaN,NaN,NaN,NaN
1740963600,8.45,8.53,8.31,8.5,101600,NaN,NaN,NaN,NaN,NaN,NaN,NaN
1741050000,8.45,8.5,8.45,8.45,27200,NaN,NaN,NaN,NaN,NaN,NaN,NaN
1741136400,8.4,8.45,8.4,8.45,83800,NaN,NaN,NaN,NaN,NaN,NaN,NaN
1741222800,8.45,8.5,8.45,8.45,141400,NaN,NaN,NaN,NaN,NaN,NaN,NaN
1741309200,8.5,8.59,8.48,8.59,85400,NaN,NaN,NaN,NaN,NaN,NaN,NaN
1741568400,8.59,8.6,8.51,8.58,17800,NaN,NaN,NaN,NaN,NaN,NaN,NaN
1741654800,8.58,8.6,8.31,8.5,690700,NaN,NaN,NaN,NaN,NaN,NaN,NaN
1741741200,8.5,8.5,8.32,8.47,821600,NaN,NaN,NaN,NaN,NaN,NaN,NaN
1741827600,8.5,8.59,8.46,8.46,1082300,NaN,NaN,NaN,NaN,NaN,NaN,NaN
1741914000,8.5,8.5,8.45,8.48,1065500,NaN,NaN,NaN,NaN,NaN,NaN,NaN
1742173200,8.5,8.52,8.49,8.49,472000,NaN,NaN,NaN,NaN,NaN,NaN,NaN
1742346000,8.5,8.51,8.48,8.49,749700,NaN,NaN,NaN,NaN,NaN,NaN,NaN
1742432400,8.5,8.5,8.44,8.45,328200,NaN,NaN,NaN,NaN,NaN,NaN,NaN
1742518800,8.45,8.45,8.25,8.26,2194500,NaN,NaN,NaN,NaN,NaN,NaN,NaN
1742778000,8.21,8.42,8.21,8.4,691900,NaN,NaN,NaN,NaN,NaN,NaN,NaN
1742864400,8.4,8.41,8.35,8.35,268600,NaN,NaN,NaN,NaN,NaN,NaN,NaN
1742950800,8.36,8.45,8.36,8.39,939800,NaN,NaN,NaN,NaN,NaN,NaN,NaN
1743037200,8.39,8.48,8.39,8.44,7300,NaN,NaN,NaN,NaN,NaN,NaN,NaN
1743123600,8.45,8.49,8.45,8.49,151600,1805333083,18525966000,4929804000,262428999.99999997,406917000,5478174000,5.26501766784452
1743555600,8.5,8.54,8.5,8.5,1043300,NaN,NaN,NaN,NaN,NaN,NaN,NaN
1743642000,8.5,8.55,8.5,8.52,253200,NaN,NaN,NaN,NaN,NaN,NaN,NaN
1743728400,8.49,8.65,8.49,8.64,89200,NaN,NaN,NaN,NaN,NaN,NaN,NaN
1743987600,8.58,8.64,8.45,8.53,421900,NaN,NaN,NaN,NaN,NaN,NaN,NaN
1744074000,8.5,8.53,8.39,8.5,298400,NaN,NaN,NaN,NaN,NaN,NaN,NaN
1744160400,8.5,8.52,8.47,8.5,373800,NaN,NaN,NaN,NaN,NaN,NaN,NaN
1744246800,8.5,8.6,8.5,8.6,37300,NaN,NaN,NaN,NaN,NaN,NaN,NaN
1744333200,8.55,8.69,8.51,8.65,146400,NaN,NaN,NaN,NaN,NaN,NaN,NaN
1744592400,8.69,8.7,8.65,8.65,74000,NaN,NaN,NaN,NaN,NaN,NaN,NaN
1744678800,8.65,8.65,8.58,8.6,20300,NaN,NaN,NaN,NaN,NaN,NaN,NaN
1744765200,8.6,8.66,8.6,8.66,160700,NaN,NaN,NaN,NaN,NaN,NaN,NaN
1744851600,8.66,8.67,8.65,8.65,438500,NaN,NaN,NaN,NaN,NaN,NaN,NaN
1744938000,8.55,8.66,8.55,8.64,150200,NaN,NaN,NaN,NaN,NaN,NaN,NaN
1745197200,8.66,8.73,8.4,8.69,264200,NaN,NaN,NaN,NaN,NaN,NaN,NaN
1745283600,8.69,8.69,8.68,8.69,213800,NaN,NaN,NaN,NaN,NaN,NaN,NaN
1745370000,8.69,8.75,8.68,8.69,902400,NaN,NaN,NaN,NaN,NaN,NaN,NaN
1745456400,8.69,8.69,8.6,8.63,1280000,NaN,NaN,NaN,NaN,NaN,NaN,NaN
1745542800,8.62,8.66,8.62,8.66,157400,NaN,NaN,NaN,NaN,NaN,NaN,NaN
1745802000,8.7,8.7,8.69,8.7,616900,NaN,NaN,NaN,NaN,NaN,NaN,NaN
1745888400,8.71,8.71,8.65,8.69,337000,NaN,NaN,NaN,NaN,NaN,NaN,NaN
1745974800,8.69,8.72,8.66,8.69,350000,NaN,NaN,NaN,NaN,NaN,NaN,NaN
1746147600,8.69,8.72,8.69,8.7,413000,NaN,NaN,NaN,NaN,NaN,NaN,NaN
1746406800,8.61,8.75,8.61,8.66,931100,NaN,NaN,NaN,NaN,NaN,NaN,NaN
1746493200,8.7,8.75,8.65,8.7,759100,NaN,NaN,NaN,NaN,NaN,NaN,NaN
1746579600,8.7,8.84,8.7,8.75,422100,NaN,NaN,NaN,NaN,NaN,NaN,NaN
1746666000,8.8,8.99,8.8,8.92,230200,NaN,NaN,NaN,NaN,NaN,NaN,NaN
1746752400,8.93,8.93,8.87,8.88,990700,NaN,NaN,NaN,NaN,NaN,NaN,NaN
1747098000,8.9,8.96,8.87,8.9,397000,NaN,NaN,NaN,NaN,NaN,NaN,NaN
1747184400,8.99,8.99,8.88,8.9,512800,NaN,NaN,NaN,NaN,NaN,NaN,NaN
1747270800,8.9,8.92,8.89,8.9,403000,NaN,NaN,NaN,NaN,NaN,NaN,NaN
1747357200,8.9,8.9,8.7,8.81,354700,NaN,NaN,NaN,NaN,NaN,NaN,NaN
1747616400,8.95,8.99,8.82,8.9,198600,NaN,NaN,NaN,NaN,NaN,NaN,NaN
1747702800,8.98,8.98,8.88,8.88,742600,NaN,NaN,NaN,NaN,NaN,NaN,NaN
1747789200,8.88,8.96,8.88,8.89,289500,NaN,NaN,NaN,NaN,NaN,NaN,NaN
1747875600,8.88,8.96,8.65,8.7,745200,NaN,NaN,NaN,NaN,NaN,NaN,NaN
1747962000,8.9,8.9,8.67,8.7,867300,NaN,NaN,NaN,NaN,NaN,NaN,NaN
1748221200,8.7,8.9,8.7,8.8,1236400,NaN,NaN,NaN,NaN,NaN,NaN,NaN
1748307600,8.8,8.84,8.76,8.76,38700,NaN,NaN,NaN,NaN,NaN,NaN,NaN
1748394000,8.77,8.96,8.77,8.82,102900,NaN,NaN,NaN,NaN,NaN,NaN,NaN
1748480400,8.95,8.96,8.85,8.89,68400,NaN,NaN,NaN,NaN,NaN,NaN,NaN
1748566800,8.95,8.95,8.88,8.92,85500,NaN,NaN,NaN,NaN,NaN,NaN,NaN
1748912400,8.92,8.95,8.74,8.88,245800,NaN,NaN,NaN,NaN,NaN,NaN,NaN
1748998800,8.88,8.95,8.86,8.95,68700,NaN,NaN,NaN,NaN,NaN,NaN,NaN
1749085200,8.95,9,8.9,8.99,395400,NaN,NaN,NaN,NaN,NaN,NaN,NaN
1749171600,9,9.02,8.9,8.93,116600,NaN,NaN,NaN,NaN,NaN,NaN,NaN
1749430800,8.93,9,8.93,8.99,470400,NaN,NaN,NaN,NaN,NaN,NaN,NaN
1749517200,9.02,9.02,8.9,8.93,51700,NaN,NaN,NaN,NaN,NaN,NaN,NaN
1749603600,8.99,9.01,8.6,8.91,1732700,NaN,NaN,NaN,NaN,NaN,NaN,NaN
1749690000,8.96,9,8.91,8.98,2049800,NaN,NaN,NaN,NaN,NaN,NaN,NaN
1749776400,9,9,8.91,8.98,113200,NaN,NaN,NaN,NaN,NaN,NaN,NaN
1750035600,8.98,8.99,8.91,8.98,1670700,NaN,NaN,NaN,NaN,NaN,NaN,NaN
1750122000,8.98,9,8.98,8.98,1009200,NaN,NaN,NaN,NaN,NaN,NaN,NaN
1750208400,8.98,9,8.97,8.98,423100,NaN,NaN,NaN,NaN,NaN,NaN,NaN
1750294800,8.98,8.98,8.92,8.95,1100800,NaN,NaN,NaN,NaN,NaN,NaN,NaN
1750381200,8.95,8.95,8.85,8.9,127000,NaN,NaN,NaN,NaN,NaN,NaN,NaN
1750640400,8.9,8.9,8.8,8.89,654600,NaN,NaN,NaN,NaN,NaN,NaN,NaN
1750726800,8.9,8.9,8.72,8.72,250600,NaN,NaN,NaN,NaN,NaN,NaN,NaN
1750813200,8.9,8.9,8.72,8.85,339800,NaN,NaN,NaN,NaN,NaN,NaN,NaN
1750899600,8.85,8.85,8.81,8.82,923400,NaN,NaN,NaN,NaN,NaN,NaN,NaN
1751245200,8.82,8.83,8.79,8.8,114000,1805333083,18566460000,4935699000,262089999.99999997,410252000,5534206000,5.07954545454545
1751331600,8.87,8.87,8.78,8.8,2867500,NaN,NaN,NaN,NaN,NaN,NaN,NaN
1751418000,8.81,8.82,8.79,8.81,969600,NaN,NaN,NaN,NaN,NaN,NaN,NaN
1751504400,8.82,8.82,8.77,8.77,2158400,NaN,NaN,NaN,NaN,NaN,NaN,NaN
1751590800,8.82,8.82,8.79,8.8,119900,NaN,NaN,NaN,NaN,NaN,NaN,NaN
1751850000,8.8,8.88,8.8,8.84,916700,NaN,NaN,NaN,NaN,NaN,NaN,NaN
1751936400,8.87,8.87,8.83,8.84,190700,NaN,NaN,NaN,NaN,NaN,NaN,NaN
1752022800,8.84,8.87,8.79,8.81,1249900,NaN,NaN,NaN,NaN,NaN,NaN,NaN
1752109200,8.8,8.82,8.79,8.81,2812100,NaN,NaN,NaN,NaN,NaN,NaN,NaN
1752195600,8.82,8.85,8.81,8.81,1891900,NaN,NaN,NaN,NaN,NaN,NaN,NaN
1752454800,8.82,8.86,8.8,8.81,460100,NaN,NaN,NaN,NaN,NaN,NaN,NaN
1752541200,8.8,8.82,8.78,8.78,690500,NaN,NaN,NaN,NaN,NaN,NaN,NaN
1752627600,8.82,8.82,8.76,8.76,700300,NaN,NaN,NaN,NaN,NaN,NaN,NaN
1752714000,8.8,8.81,8.75,8.75,686100,NaN,NaN,NaN,NaN,NaN,NaN,NaN
1752800400,8.75,8.76,8.7,8.7,2465100,NaN,NaN,NaN,NaN,NaN,NaN,NaN
1753059600,8.75,8.75,8.7,8.7,213400,NaN,NaN,NaN,NaN,NaN,NaN,NaN
1753146000,8.7,8.7,8.67,8.69,1727700,NaN,NaN,NaN,NaN,NaN,NaN,NaN
1753232400,8.7,8.7,8.68,8.69,603600,NaN,NaN,NaN,NaN,NaN,NaN,NaN
1753318800,8.69,8.7,8.68,8.7,223300,NaN,NaN,NaN,NaN,NaN,NaN,NaN
1753405200,8.7,8.72,8.65,8.68,483100,NaN,NaN,NaN,NaN,NaN,NaN,NaN
1753664400,8.69,8.7,8.55,8.55,611300,NaN,NaN,NaN,NaN,NaN,NaN,NaN
1753750800,8.55,8.56,8.5,8.53,1478400,NaN,NaN,NaN,NaN,NaN,NaN,NaN
1753837200,8.55,8.61,8.55,8.58,240300,NaN,NaN,NaN,NaN,NaN,NaN,NaN
1753923600,8.58,8.59,8.53,8.58,1880000,NaN,NaN,NaN,NaN,NaN,NaN,NaN
1754010000,8.65,8.65,8.58,8.6,848900,NaN,NaN,NaN,NaN,NaN,NaN,NaN
1754269200,8.62,8.62,8.56,8.59,987300,NaN,NaN,NaN,NaN,NaN,NaN,NaN
1754355600,8.59,8.61,8.59,8.6,2748600,NaN,NaN,NaN,NaN,NaN,NaN,NaN
1754442000,8.6,8.61,8.55,8.58,2488700,NaN,NaN,NaN,NaN,NaN,NaN,NaN
1754528400,8.58,8.62,8.58,8.62,204800,NaN,NaN,NaN,NaN,NaN,NaN,NaN
1754614800,8.54,8.62,8.54,8.6,626300,NaN,NaN,NaN,NaN,NaN,NaN,NaN
1754874000,8.56,8.69,8.56,8.6,256500,NaN,NaN,NaN,NaN,NaN,NaN,NaN
1754960400,8.6,8.68,8.59,8.63,3775400,NaN,NaN,NaN,NaN,NaN,NaN,NaN
1755046800,8.63,8.67,8.61,8.61,182800,NaN,NaN,NaN,NaN,NaN,NaN,NaN
1755133200,8.61,8.64,8.6,8.62,984900,NaN,NaN,NaN,NaN,NaN,NaN,NaN
1755219600,8.62,8.63,8.6,8.61,2251000,NaN,NaN,NaN,NaN,NaN,NaN,NaN
1755478800,8.62,8.62,8.6,8.6,1673200,NaN,NaN,NaN,NaN,NaN,NaN,NaN
1755565200,8.6,8.67,8.6,8.65,486100,NaN,NaN,NaN,NaN,NaN,NaN,NaN
1755651600,8.69,8.69,8.64,8.64,1595100,NaN,NaN,NaN,NaN,NaN,NaN,NaN
1755738000,8.64,8.65,8.62,8.63,501200,NaN,NaN,NaN,NaN,NaN,NaN,NaN
1755824400,8.63,8.7,8.61,8.63,1080400,NaN,NaN,NaN,NaN,NaN,NaN,NaN
1756083600,8.75,8.75,8.63,8.64,2227600,NaN,NaN,NaN,NaN,NaN,NaN,NaN
1756170000,8.75,8.75,8.62,8.62,1735600,NaN,NaN,NaN,NaN,NaN,NaN,NaN
1756256400,8.62,8.65,8.62,8.64,1322300,NaN,NaN,NaN,NaN,NaN,NaN,NaN
1756342800,8.64,8.65,8.55,8.58,617300,NaN,NaN,NaN,NaN,NaN,NaN,NaN
1756429200,8.74,8.74,8.55,8.58,1337800,NaN,NaN,NaN,NaN,NaN,NaN,NaN
1756774800,8.6,8.64,8.58,8.63,1178100,NaN,NaN,NaN,NaN,NaN,NaN,NaN
1756861200,8.74,8.74,8.59,8.65,573600,NaN,NaN,NaN,NaN,NaN,NaN,NaN
1756947600,8.65,8.65,8.5,8.64,1170400,NaN,NaN,NaN,NaN,NaN,NaN,NaN
1757293200,8.6,8.65,8.55,8.58,350200,NaN,NaN,NaN,NaN,NaN,NaN,NaN
1757379600,8.64,8.75,8.59,8.6,257300,NaN,NaN,NaN,NaN,NaN,NaN,NaN
1757466000,8.75,8.75,8.55,8.55,3341700,NaN,NaN,NaN,NaN,NaN,NaN,NaN
1757552400,8.5,8.71,8.5,8.71,1554700,NaN,NaN,NaN,NaN,NaN,NaN,NaN
1757638800,8.75,8.75,8.56,8.65,423300,NaN,NaN,NaN,NaN,NaN,NaN,NaN
1758070800,8.65,8.65,8.57,8.6,211500,NaN,NaN,NaN,NaN,NaN,NaN,NaN
1758157200,8.6,8.65,8.6,8.61,9900,NaN,NaN,NaN,NaN,NaN,NaN,NaN
1758243600,8.61,8.61,8.58,8.61,413200,NaN,NaN,NaN,NaN,NaN,NaN,NaN
1758502800,8.62,8.62,8.56,8.57,470100,NaN,NaN,NaN,NaN,NaN,NaN,NaN
1758589200,8.58,8.62,8.54,8.55,213000,NaN,NaN,NaN,NaN,NaN,NaN,NaN
1758675600,8.58,8.59,8.47,8.58,166800,NaN,NaN,NaN,NaN,NaN,NaN,NaN
1758762000,8.58,8.61,8.52,8.59,459800,NaN,NaN,NaN,NaN,NaN,NaN,NaN
1758848400,8.59,8.61,8.56,8.56,6389500,NaN,NaN,NaN,NaN,NaN,NaN,NaN