time,open,high,low,close,Volume,Total common shares outstanding,Total assets,Total liabilities,Operating income,Total revenue,Shareholders&#039; equity,Dividend yield %
1479862800,1.055,1.0625,1.05,1.0625,1265600,NaN,NaN,NaN,NaN,NaN,NaN,NaN
1479949200,1.055,1.055,1.0475,1.05,472400,NaN,NaN,NaN,NaN,NaN,NaN,NaN
1480035600,1.045,1.0525,1.0425,1.045,692800,NaN,NaN,NaN,NaN,NaN,NaN,NaN
1480294800,1.0425,1.045,1.0375,1.045,978400,NaN,NaN,NaN,NaN,NaN,NaN,NaN
1480381200,1.0425,1.0475,1.0425,1.0475,1207600,NaN,NaN,NaN,NaN,NaN,NaN,NaN
1480467600,1.0475,1.055,1.045,1.05,5438800,NaN,NaN,NaN,NaN,NaN,NaN,NaN
1480554000,1.045,1.05,1.04,1.0475,2844400,NaN,NaN,NaN,NaN,NaN,NaN,NaN
1480640400,1.05,1.05,1.04,1.0425,215200,NaN,NaN,NaN,NaN,NaN,NaN,NaN
1480899600,1.05,1.05,1.0425,1.0475,467200,NaN,NaN,NaN,NaN,NaN,NaN,NaN
1480986000,1.05,1.05,1.0425,1.0475,4980800,NaN,NaN,NaN,NaN,NaN,NaN,NaN
1481072400,1.0475,1.05,1.0425,1.0475,2919200,NaN,NaN,NaN,NaN,NaN,NaN,NaN
1481158800,1.0525,1.0625,1.04,1.045,3777600,NaN,NaN,NaN,NaN,NaN,NaN,NaN
1481245200,1.0475,1.0475,1.0425,1.0475,2111200,NaN,NaN,NaN,NaN,NaN,NaN,NaN
1481590800,1.0475,1.0475,1.0375,1.0425,4932400,NaN,NaN,NaN,NaN,NaN,NaN,NaN
1481677200,1.0425,1.045,1.025,1.025,3344000,NaN,NaN,NaN,NaN,NaN,NaN,NaN
1481763600,1.0275,1.04,1.025,1.0375,10177200,NaN,NaN,NaN,NaN,NaN,NaN,NaN
1481850000,1.0375,1.04,1.03,1.03,705200,NaN,NaN,NaN,NaN,NaN,NaN,NaN
1482109200,1.0325,1.04,1.03,1.0375,2062400,NaN,NaN,NaN,NaN,NaN,NaN,NaN
1482195600,1.04,1.0425,1.0375,1.04,1391600,NaN,NaN,NaN,NaN,NaN,NaN,NaN
1482282000,1.04,1.0425,1.0375,1.0425,104800,NaN,NaN,NaN,NaN,NaN,NaN,NaN
1482368400,1.0375,1.04,1.0375,1.0375,118000,NaN,NaN,NaN,NaN,NaN,NaN,NaN
1482454800,1.035,1.0425,1.035,1.0375,131600,NaN,NaN,NaN,NaN,NaN,NaN,NaN
1482800400,1.0375,1.0425,1.0375,1.0375,33200,NaN,NaN,NaN,NaN,NaN,NaN,NaN
1482886800,1.0375,1.045,1.0375,1.04,330000,NaN,NaN,NaN,NaN,NaN,NaN,NaN
1482973200,1.025,1.0475,1.025,1.045,150400,NaN,NaN,NaN,NaN,NaN,NaN,NaN
1483059600,1.045,1.045,1.0425,1.045,177600,NaN,NaN,NaN,NaN,NaN,NaN,NaN
1483405200,1.045,1.045,1.045,1.045,0,NaN,NaN,NaN,NaN,NaN,NaN,NaN
1483491600,1.045,1.05,1.03,1.0375,478400,NaN,NaN,NaN,NaN,NaN,NaN,NaN
1483578000,1.0325,1.0475,1.03,1.0375,646800,NaN,NaN,NaN,NaN,NaN,NaN,NaN
1483664400,1.0375,1.04,1.03,1.03,4886400,NaN,NaN,NaN,NaN,NaN,NaN,NaN
1483923600,1.035,1.04,1.0325,1.04,1623200,NaN,NaN,NaN,NaN,NaN,NaN,NaN
1484010000,1.0375,1.04,1.03,1.03,11085200,NaN,NaN,NaN,NaN,NaN,NaN,NaN
1484096400,1.0375,1.0375,1.025,1.03,2257600,NaN,NaN,NaN,NaN,NaN,NaN,NaN
1484182800,1.0325,1.04,1.0325,1.0375,2424400,NaN,NaN,NaN,NaN,NaN,NaN,NaN
1484269200,1.0375,1.04,1.03,1.0375,2352800,NaN,NaN,NaN,NaN,NaN,NaN,NaN
1484528400,1.0375,1.0375,1.0375,1.0375,1647600,NaN,NaN,NaN,NaN,NaN,NaN,NaN
1484614800,1.04,1.04,1.0375,1.04,1481600,NaN,NaN,NaN,NaN,NaN,NaN,NaN
1484701200,1.0425,1.0425,1.0275,1.0375,268000,NaN,NaN,NaN,NaN,NaN,NaN,NaN
1484787600,1.0375,1.0425,1.0375,1.04,138000,NaN,NaN,NaN,NaN,NaN,NaN,NaN
1484874000,1.04,1.04,1.03,1.03,40800,NaN,NaN,NaN,NaN,NaN,NaN,NaN
1485133200,1.03,1.0375,1.03,1.0375,348400,NaN,NaN,NaN,NaN,NaN,NaN,NaN
1485219600,1.035,1.0375,1.0275,1.0375,114400,NaN,NaN,NaN,NaN,NaN,NaN,NaN
1485306000,1.0375,1.0425,1.0325,1.0425,386800,NaN,NaN,NaN,NaN,NaN,NaN,NaN
1485392400,1.04,1.055,1.04,1.055,1102400,NaN,NaN,NaN,NaN,NaN,NaN,NaN
1485478800,1.055,1.055,1.0475,1.055,31200,NaN,NaN,NaN,NaN,NaN,NaN,NaN
1485824400,1.0375,1.05,1.0375,1.05,96400,NaN,NaN,NaN,NaN,NaN,NaN,NaN
1485997200,1.05,1.0525,1.0325,1.0475,1586400,NaN,NaN,NaN,NaN,NaN,NaN,NaN
1486083600,1.04,1.0525,1.0375,1.0525,92400,NaN,NaN,NaN,NaN,NaN,NaN,NaN
1486342800,1.0375,1.05,1.0375,1.05,1767600,NaN,NaN,NaN,NaN,NaN,NaN,NaN
1486429200,1.0375,1.05,1.0375,1.05,1236000,NaN,NaN,NaN,NaN,NaN,NaN,NaN
1486515600,1.0375,1.04,1.035,1.04,630400,NaN,NaN,NaN,NaN,NaN,NaN,NaN
1486688400,1.04,1.045,1.0375,1.045,126000,NaN,NaN,NaN,NaN,NaN,NaN,NaN
1486947600,1.0375,1.0375,1.035,1.0375,394400,NaN,NaN,NaN,NaN,NaN,NaN,NaN
1487034000,1.035,1.0375,1.0125,1.0225,1089600,NaN,NaN,NaN,NaN,NaN,NaN,NaN
1487120400,1.025,1.03,1.02,1.03,398400,NaN,NaN,NaN,NaN,NaN,NaN,NaN
1487206800,1.03,1.03,1.03,1.03,17600,NaN,NaN,NaN,NaN,NaN,NaN,NaN
1487293200,1.0225,1.0275,1.0075,1.01,879200,NaN,NaN,NaN,NaN,NaN,NaN,NaN
1487552400,1.025,1.025,1,1,684800,NaN,NaN,NaN,NaN,NaN,NaN,NaN
1487638800,1.005,1.0175,0.9925,1.0175,607200,NaN,NaN,NaN,NaN,NaN,NaN,NaN
1487725200,1.02,1.0275,1.02,1.0225,2930800,NaN,NaN,NaN,NaN,NaN,NaN,NaN
1487811600,1.025,1.0325,1.02,1.0325,1448800,NaN,NaN,NaN,NaN,NaN,NaN,NaN
1487898000,1.035,1.035,1.015,1.0175,3776800,NaN,NaN,NaN,NaN,NaN,NaN,NaN
1488157200,1.015,1.0175,1.0125,1.0175,1330400,NaN,NaN,NaN,NaN,NaN,NaN,NaN
1488243600,1.0175,1.0425,1.01,1.025,2615600,NaN,NaN,NaN,NaN,NaN,NaN,NaN
1488330000,1.015,1.025,1.015,1.025,203600,NaN,NaN,NaN,NaN,NaN,NaN,NaN
1488416400,1.025,1.035,1.0225,1.035,177600,NaN,NaN,NaN,NaN,NaN,NaN,NaN
1488502800,1.035,1.035,0.9975,1.0025,4324000,NaN,NaN,NaN,NaN,NaN,NaN,NaN
1488762000,1.0075,1.0175,1.0075,1.015,1385200,NaN,NaN,NaN,NaN,NaN,NaN,NaN
1488848400,1.015,1.015,1,1,2650800,NaN,NaN,NaN,NaN,NaN,NaN,NaN
1488934800,1.005,1.0175,0.9975,1,4682400,NaN,NaN,NaN,NaN,NaN,NaN,NaN
1489021200,1,1,0.995,0.9975,2024800,NaN,NaN,NaN,NaN,NaN,NaN,NaN
1489107600,1,1.0075,1,1.0025,742400,NaN,NaN,NaN,NaN,NaN,NaN,NaN
1489366800,1.0025,1.015,1,1.0125,1677200,NaN,NaN,NaN,NaN,NaN,NaN,NaN
1489453200,1.0125,1.0125,1.005,1.0075,762000,NaN,NaN,NaN,NaN,NaN,NaN,NaN
1489539600,1.0025,1.0125,1.0025,1.0125,337600,NaN,NaN,NaN,NaN,NaN,NaN,NaN
1489626000,1.0075,1.02,1.005,1.0075,661600,NaN,NaN,NaN,NaN,NaN,NaN,NaN
1489712400,1.0175,1.02,0.9625,1.005,2532400,NaN,NaN,NaN,NaN,NaN,NaN,NaN
1489971600,1.005,1.0075,0.9975,1.0075,5027200,NaN,NaN,NaN,NaN,NaN,NaN,NaN
1490058000,1,1.0175,1,1.015,878000,NaN,NaN,NaN,NaN,NaN,NaN,NaN
1490144400,1.01,1.02,1.005,1.02,746000,NaN,NaN,NaN,NaN,NaN,NaN,NaN
1490230800,1.015,1.0175,1,1,457600,NaN,NaN,NaN,NaN,NaN,NaN,NaN
1490317200,1.0025,1.0075,0.995,0.995,1866800,NaN,NaN,NaN,NaN,NaN,NaN,NaN
1490576400,1,1.0125,0.99,1,686000,NaN,NaN,NaN,NaN,NaN,NaN,NaN
1490662800,1.005,1.01,1,1,287600,NaN,NaN,NaN,NaN,NaN,NaN,NaN
1490749200,1,1.02,1,1.0125,2219200,NaN,NaN,NaN,NaN,NaN,NaN,NaN
1490835600,1.0125,1.015,1.0125,1.015,503200,NaN,NaN,NaN,NaN,NaN,NaN,NaN
1490922000,1.015,1.015,1.0125,1.0125,1014000,NaN,NaN,NaN,NaN,NaN,NaN,NaN
1491181200,1.0125,1.02,1.0125,1.0125,272000,NaN,NaN,NaN,NaN,NaN,NaN,NaN
1491267600,1.02,1.02,1.0125,1.0175,584000,NaN,NaN,NaN,NaN,NaN,NaN,NaN
1491354000,1.015,1.0175,1,1.0125,1798000,NaN,NaN,NaN,NaN,NaN,NaN,NaN
1491440400,1.0025,1.0025,1,1,1415600,NaN,NaN,NaN,NaN,NaN,NaN,NaN
1491526800,1,1.005,0.99,0.99,2272000,NaN,NaN,NaN,NaN,NaN,NaN,NaN
1491786000,1,1.01,0.9925,1.005,300400,NaN,NaN,NaN,NaN,NaN,NaN,NaN
1491872400,1.005,1.0125,1,1,308000,NaN,NaN,NaN,NaN,NaN,NaN,NaN
1491958800,1,1.0125,1,1.0125,2152800,NaN,NaN,NaN,NaN,NaN,NaN,NaN
1492045200,1,1.0125,1,1,2678800,NaN,NaN,NaN,NaN,NaN,NaN,NaN
1492131600,1,1.0125,0.9975,1,5822400,NaN,NaN,NaN,NaN,NaN,NaN,NaN
1492390800,0.995,1.01,0.995,1.0025,6036800,NaN,NaN,NaN,NaN,NaN,NaN,NaN
1492477200,1.0025,1.0125,1.0025,1.0125,447200,NaN,NaN,NaN,NaN,NaN,NaN,NaN
1492563600,1.0125,1.0175,1.0125,1.0125,1106000,NaN,NaN,NaN,NaN,NaN,NaN,NaN
1492650000,1.0125,1.0125,1,1,777200,NaN,NaN,NaN,NaN,NaN,NaN,NaN
1492736400,1.0225,1.0425,1.02,1.0225,4676000,NaN,NaN,NaN,NaN,NaN,NaN,NaN
1493082000,1.025,1.0375,1.0225,1.0325,2280800,NaN,NaN,NaN,NaN,NaN,NaN,NaN
1493168400,1.0375,1.075,1.035,1.0625,28212800,NaN,NaN,NaN,NaN,NaN,NaN,NaN
1493254800,1.0625,1.0625,1.04,1.05,9182400,NaN,NaN,NaN,NaN,NaN,NaN,NaN
1493341200,1.0475,1.05,1.045,1.05,7136400,NaN,NaN,NaN,NaN,NaN,NaN,NaN
1493686800,1.0475,1.055,1.045,1.0475,5527600,NaN,NaN,NaN,NaN,NaN,NaN,NaN
1493773200,1.05,1.05,1.0475,1.05,20190400,NaN,NaN,NaN,NaN,NaN,NaN,NaN
1493859600,1.0525,1.0525,1.0475,1.05,2289600,NaN,NaN,NaN,NaN,NaN,NaN,NaN
1493946000,1.05,1.0525,1.0475,1.05,7610000,NaN,NaN,NaN,NaN,NaN,NaN,NaN
1494205200,1.05,1.05,1.0475,1.05,5174400,NaN,NaN,NaN,NaN,NaN,NaN,NaN
1494291600,1.045,1.05,1.045,1.045,616400,NaN,NaN,NaN,NaN,NaN,NaN,NaN
1494464400,1.05,1.05,1.0375,1.04,9791200,NaN,NaN,NaN,NaN,NaN,NaN,NaN
1494550800,1.045,1.05,1.04,1.04,8648000,NaN,NaN,NaN,NaN,NaN,NaN,NaN
1494810000,1.04,1.045,1.035,1.0375,411200,NaN,NaN,NaN,NaN,NaN,NaN,NaN
1494896400,1.035,1.05,1.035,1.045,3092000,NaN,NaN,NaN,NaN,NaN,NaN,NaN
1494982800,1.05,1.05,1.0425,1.045,5286800,NaN,NaN,NaN,NaN,NaN,NaN,NaN
1495069200,1.0475,1.0475,1.04,1.0425,364000,NaN,NaN,NaN,NaN,NaN,NaN,NaN
1495155600,1.0475,1.05,1.0375,1.0375,6528400,NaN,NaN,NaN,NaN,NaN,NaN,NaN
1495414800,1.05,1.05,1.04,1.045,334400,NaN,NaN,NaN,NaN,NaN,NaN,NaN
1495501200,1.05,1.05,1.03,1.0425,4024000,NaN,NaN,NaN,NaN,NaN,NaN,NaN
1495587600,1.05,1.05,1.0375,1.0425,7903600,NaN,NaN,NaN,NaN,NaN,NaN,NaN
1495674000,1.0425,1.045,1.04,1.0425,6463600,NaN,NaN,NaN,NaN,NaN,NaN,NaN
1495760400,1.05,1.05,1.035,1.0425,367600,NaN,NaN,NaN,NaN,NaN,NaN,NaN
1496019600,1.05,1.05,1.04,1.045,3786800,NaN,NaN,NaN,NaN,NaN,NaN,NaN
1496106000,1.0475,1.05,1.0375,1.04,277600,NaN,NaN,NaN,NaN,NaN,NaN,NaN
1496192400,1.04,1.0425,1.035,1.0425,3237600,NaN,NaN,NaN,NaN,NaN,NaN,NaN
1496278800,1.0375,1.0475,1.0375,1.0475,645200,NaN,NaN,NaN,NaN,NaN,NaN,NaN
1496365200,1.045,1.0475,1.04,1.0475,2107600,NaN,NaN,NaN,NaN,NaN,NaN,NaN
1496624400,1.05,1.05,1.04,1.05,4118800,NaN,NaN,NaN,NaN,NaN,NaN,NaN
1496710800,1.0475,1.05,1.0425,1.045,196800,NaN,NaN,NaN,NaN,NaN,NaN,NaN
1496797200,1.04,1.05,1.04,1.0475,656800,NaN,NaN,NaN,NaN,NaN,NaN,NaN
1496883600,1.04,1.0475,1.035,1.045,427200,NaN,NaN,NaN,NaN,NaN,NaN,NaN
1496970000,1.045,1.05,1.045,1.05,8533200,NaN,NaN,NaN,NaN,NaN,NaN,NaN
1497315600,1.05,1.05,1.04,1.0425,2621600,NaN,NaN,NaN,NaN,NaN,NaN,NaN
1497402000,1.0425,1.05,1.0425,1.0475,720000,NaN,NaN,NaN,NaN,NaN,NaN,NaN
1497488400,1.0475,1.06,1.0475,1.0575,14094800,NaN,NaN,NaN,NaN,NaN,NaN,NaN
1497574800,1.05,1.05,1.045,1.05,1792800,NaN,NaN,NaN,NaN,NaN,NaN,NaN
1497834000,1.045,1.0525,1.0425,1.045,152400,NaN,NaN,NaN,NaN,NaN,NaN,NaN
1497920400,1.0475,1.05,1.0425,1.045,12171200,NaN,NaN,NaN,NaN,NaN,NaN,NaN
1498006800,1.0475,1.0475,1.0425,1.045,4360000,NaN,NaN,NaN,NaN,NaN,NaN,NaN
1498093200,1.0425,1.05,1.0425,1.0425,432400,NaN,NaN,NaN,NaN,NaN,NaN,NaN
1498179600,1.05,1.0525,1.0475,1.05,641600,NaN,NaN,NaN,NaN,NaN,NaN,NaN
1498611600,1.05,1.05,1.0425,1.05,281200,NaN,NaN,NaN,NaN,NaN,NaN,NaN
1498698000,1.05,1.05,1.05,1.05,3534400,NaN,NaN,NaN,NaN,NaN,NaN,NaN
1498784400,1.05,1.065,1.05,1.055,1891200,NaN,NaN,NaN,NaN,NaN,NaN,NaN
1499043600,1.055,1.0625,1.05,1.0525,105600,NaN,NaN,NaN,NaN,NaN,NaN,NaN
1499130000,1.055,1.07,1.045,1.045,5503200,NaN,NaN,NaN,NaN,NaN,NaN,NaN
1499216400,1.05,1.07,1.0475,1.07,445200,NaN,NaN,NaN,NaN,NaN,NaN,NaN
1499302800,1.0625,1.0675,1.055,1.065,544000,NaN,NaN,NaN,NaN,NaN,NaN,NaN
1499389200,1.0625,1.0725,1.0625,1.065,328800,NaN,NaN,NaN,NaN,NaN,NaN,NaN
1499648400,1.065,1.065,1.0575,1.06,266400,NaN,NaN,NaN,NaN,NaN,NaN,NaN
1499734800,1.0625,1.0625,1.055,1.06,140000,NaN,NaN,NaN,NaN,NaN,NaN,NaN
1499821200,1.06,1.06,1.0575,1.06,46800,NaN,NaN,NaN,NaN,NaN,NaN,NaN
1499907600,1.06,1.0625,1.055,1.0625,276000,NaN,NaN,NaN,NaN,NaN,NaN,NaN
1499994000,1.055,1.055,1.05,1.05,573200,NaN,NaN,NaN,NaN,NaN,NaN,NaN
1500253200,1.055,1.0575,1.05,1.0575,251600,NaN,NaN,NaN,NaN,NaN,NaN,NaN
1500339600,1.055,1.0575,1.05,1.0575,384400,NaN,NaN,NaN,NaN,NaN,NaN,NaN
1500426000,1.0525,1.0575,1.0475,1.055,509600,NaN,NaN,NaN,NaN,NaN,NaN,NaN
1500512400,1.0475,1.0525,1.0475,1.0525,60000,NaN,NaN,NaN,NaN,NaN,NaN,NaN
1500598800,1.0475,1.05,1.045,1.045,259200,NaN,NaN,NaN,NaN,NaN,NaN,NaN
1500858000,1.045,1.05,1.045,1.0475,322000,NaN,NaN,NaN,NaN,NaN,NaN,NaN
1500944400,1.045,1.0625,1.045,1.0625,8474400,NaN,NaN,NaN,NaN,NaN,NaN,NaN
1501030800,1.06,1.06,1.0525,1.0575,198400,NaN,NaN,NaN,NaN,NaN,NaN,NaN
1501117200,1.05,1.0525,1.045,1.05,6081600,NaN,NaN,NaN,NaN,NaN,NaN,NaN
1501203600,1.045,1.0475,1.04,1.04,3130800,NaN,NaN,NaN,NaN,NaN,NaN,NaN
1501462800,1.045,1.045,1.03,1.04,5710000,NaN,NaN,NaN,NaN,NaN,NaN,NaN
1501549200,1.0475,1.0525,1.035,1.05,4692000,NaN,NaN,NaN,NaN,NaN,NaN,NaN
1501635600,1.05,1.0575,1.0425,1.0575,2110000,NaN,NaN,NaN,NaN,NaN,NaN,NaN
1501722000,1.05,1.055,1.0475,1.055,3060400,NaN,NaN,NaN,NaN,NaN,NaN,NaN
1501808400,1.05,1.055,1.0475,1.055,921200,NaN,NaN,NaN,NaN,NaN,NaN,NaN
1502067600,1.055,1.055,1.0475,1.0475,334000,NaN,NaN,NaN,NaN,NaN,NaN,NaN
1502154000,1.0475,1.0525,1.045,1.0525,387600,NaN,NaN,NaN,NaN,NaN,NaN,NaN
1502240400,1.0525,1.0525,1.04,1.04,1576000,NaN,NaN,NaN,NaN,NaN,NaN,NaN
1502326800,1.045,1.045,1.04,1.04,1182800,NaN,NaN,NaN,NaN,NaN,NaN,NaN
1502413200,1.04,1.045,1.04,1.04,612800,NaN,NaN,NaN,NaN,NaN,NaN,NaN
1502672400,1.05,1.05,1.045,1.05,364800,NaN,NaN,NaN,NaN,NaN,NaN,NaN
1502758800,1.0475,1.0525,1.0425,1.05,3523600,NaN,NaN,NaN,NaN,NaN,NaN,NaN
1502845200,1.045,1.045,1.045,1.045,19200,NaN,NaN,NaN,NaN,NaN,NaN,NaN
1502931600,1.045,1.05,1.0425,1.045,1401200,NaN,NaN,NaN,NaN,NaN,NaN,NaN
1503018000,1.045,1.0475,1.0425,1.0425,310800,NaN,NaN,NaN,NaN,NaN,NaN,NaN
1503277200,1.045,1.0525,1.045,1.045,466400,NaN,NaN,NaN,NaN,NaN,NaN,NaN
1503363600,1.05,1.05,1.045,1.0475,939600,NaN,NaN,NaN,NaN,NaN,NaN,NaN
1503450000,1.05,1.05,1.045,1.0475,597200,NaN,NaN,NaN,NaN,NaN,NaN,NaN
1503536400,1.0475,1.0525,1.045,1.05,5809200,NaN,NaN,NaN,NaN,NaN,NaN,NaN
1503622800,1.0475,1.0475,1.045,1.045,437200,NaN,NaN,NaN,NaN,NaN,NaN,NaN
1503882000,1.045,1.045,1.0425,1.045,569600,NaN,NaN,NaN,NaN,NaN,NaN,NaN
1503968400,1.045,1.045,1.04,1.04,307600,NaN,NaN,NaN,NaN,NaN,NaN,NaN
1504054800,1.04,1.045,1.04,1.04,7126800,NaN,NaN,NaN,NaN,NaN,NaN,NaN
1504573200,1.0425,1.0475,1.035,1.04,4826400,NaN,NaN,NaN,NaN,NaN,NaN,NaN
1504659600,1.04,1.05,1.04,1.05,1006400,NaN,NaN,NaN,NaN,NaN,NaN,NaN
1504746000,1.05,1.0575,1.05,1.0575,1217600,NaN,NaN,NaN,NaN,NaN,NaN,NaN
1504832400,1.0575,1.0575,1.05,1.0575,361200,NaN,NaN,NaN,NaN,NaN,NaN,NaN
1505091600,1.055,1.06,1.0525,1.06,1193200,NaN,NaN,NaN,NaN,NaN,NaN,NaN
1505178000,1.06,1.0625,1.055,1.0625,1112400,NaN,NaN,NaN,NaN,NaN,NaN,NaN
1505264400,1.0625,1.065,1.0525,1.0625,11890400,NaN,NaN,NaN,NaN,NaN,NaN,NaN
1505350800,1.065,1.075,1.06,1.075,582800,NaN,NaN,NaN,NaN,NaN,NaN,NaN
1505437200,1.075,1.0925,1.0625,1.0925,956000,NaN,NaN,NaN,NaN,NaN,NaN,NaN
1505696400,1.0875,1.0925,1.075,1.085,19031200,NaN,NaN,NaN,NaN,NaN,NaN,NaN
1505782800,1.085,1.085,1.0775,1.0825,17595600,NaN,NaN,NaN,NaN,NaN,NaN,NaN
1505869200,1.0825,1.0825,1.0675,1.0725,1280800,NaN,NaN,NaN,NaN,NaN,NaN,NaN
1505955600,1.1,1.14,1.07,1.08,4118600,NaN,NaN,NaN,NaN,NaN,NaN,NaN
1506301200,1.09,1.13,1.07,1.08,3377200,NaN,NaN,NaN,NaN,NaN,NaN,NaN
1506387600,1.08,1.08,1.03,1.03,1043900,NaN,NaN,NaN,NaN,NaN,NaN,NaN
1506474000,1.05,1.06,1.03,1.04,1309500,NaN,NaN,NaN,NaN,NaN,NaN,NaN
1506560400,1.03,1.07,1.03,1.05,3061500,NaN,NaN,NaN,NaN,NaN,NaN,NaN
1506646800,1.07,1.07,1.04,1.04,1829000,4218267000,4117104999.9999995,2350852000,49653000,788433000,1675406000,1.70673076923077
1506906000,1.05,1.07,1.04,1.05,1530200,NaN,NaN,NaN,NaN,NaN,NaN,NaN
1506992400,1.06,1.06,1.04,1.05,1782800,NaN,NaN,NaN,NaN,NaN,NaN,NaN
1507078800,1.05,1.05,1.04,1.05,478000,NaN,NaN,NaN,NaN,NaN,NaN,NaN
1507165200,1.05,1.05,1.03,1.04,470100,NaN,NaN,NaN,NaN,NaN,NaN,NaN
1507251600,1.05,1.05,1.03,1.04,1580400,NaN,NaN,NaN,NaN,NaN,NaN,NaN
1507510800,1.05,1.06,1.03,1.03,1339600,NaN,NaN,NaN,NaN,NaN,NaN,NaN
1507597200,1.04,1.05,1.02,1.02,1553700,NaN,NaN,NaN,NaN,NaN,NaN,NaN
1507683600,1.02,1.04,1.01,1.04,2151200,NaN,NaN,NaN,NaN,NaN,NaN,NaN
1507770000,1.03,1.04,1.02,1.02,826800,NaN,NaN,NaN,NaN,NaN,NaN,NaN
1507856400,1.03,1.04,1.02,1.02,548100,NaN,NaN,NaN,NaN,NaN,NaN,NaN
1508115600,1.03,1.03,1.02,1.03,1072600,NaN,NaN,NaN,NaN,NaN,NaN,NaN
1508202000,1.03,1.05,1.03,1.03,1621400,NaN,NaN,NaN,NaN,NaN,NaN,NaN
1508374800,1.05,1.05,1.03,1.03,774200,NaN,NaN,NaN,NaN,NaN,NaN,NaN
1508461200,1.03,1.05,1.02,1.05,5306600,NaN,NaN,NaN,NaN,NaN,NaN,NaN
1508720400,1.04,1.05,1.04,1.04,336400,NaN,NaN,NaN,NaN,NaN,NaN,NaN
1508806800,1.05,1.05,1.03,1.03,500900,NaN,NaN,NaN,NaN,NaN,NaN,NaN
1508893200,1.03,1.05,1.02,1.04,2216100,NaN,NaN,NaN,NaN,NaN,NaN,NaN
1508979600,1.04,1.05,1.03,1.04,220700,NaN,NaN,NaN,NaN,NaN,NaN,NaN
1509066000,1.04,1.05,1.03,1.04,905500,NaN,NaN,NaN,NaN,NaN,NaN,NaN
1509325200,1.05,1.05,1.03,1.05,701800,NaN,NaN,NaN,NaN,NaN,NaN,NaN
1509411600,1.04,1.04,1.01,1.02,3406400,NaN,NaN,NaN,NaN,NaN,NaN,NaN
1509498000,1.02,1.02,1.01,1.02,496800,NaN,NaN,NaN,NaN,NaN,NaN,NaN
1509584400,1.02,1.03,1.02,1.03,1081700,NaN,NaN,NaN,NaN,NaN,NaN,NaN
1509670800,1.03,1.04,1.02,1.04,962200,NaN,NaN,NaN,NaN,NaN,NaN,NaN
1509930000,1.04,1.04,1.01,1.01,1008500,NaN,NaN,NaN,NaN,NaN,NaN,NaN
1510016400,1.02,1.02,1.01,1.02,377500,NaN,NaN,NaN,NaN,NaN,NaN,NaN
1510102800,1.02,1.02,1.01,1.02,1615600,NaN,NaN,NaN,NaN,NaN,NaN,NaN
1510189200,1.01,1.02,1.01,1.02,354700,NaN,NaN,NaN,NaN,NaN,NaN,NaN
1510275600,1.02,1.03,1.01,1.02,1881800,NaN,NaN,NaN,NaN,NaN,NaN,NaN
1510534800,1.02,1.02,1.01,1.01,1589400,NaN,NaN,NaN,NaN,NaN,NaN,NaN
1510621200,1.01,1.02,1,1.02,298500,NaN,NaN,NaN,NaN,NaN,NaN,NaN
1510707600,1.02,1.02,1,1.01,656500,NaN,NaN,NaN,NaN,NaN,NaN,NaN
1510794000,1.01,1.01,1,1,1172700,NaN,NaN,NaN,NaN,NaN,NaN,NaN
1510880400,1,1,0.97,0.98,2279600,NaN,NaN,NaN,NaN,NaN,NaN,NaN
1511139600,0.98,1.02,0.98,1.01,356400,NaN,NaN,NaN,NaN,NaN,NaN,NaN
1511226000,1.01,1.01,0.99,0.995,347700,NaN,NaN,NaN,NaN,NaN,NaN,NaN
1511312400,0.995,1,0.99,1,381900,NaN,NaN,NaN,NaN,NaN,NaN,NaN
1511398800,1.01,1.02,0.995,1.02,348000,NaN,NaN,NaN,NaN,NaN,NaN,NaN
1511485200,1.02,1.02,0.995,1,775900,NaN,NaN,NaN,NaN,NaN,NaN,NaN
1511744400,1,1.02,1,1.01,1090800,NaN,NaN,NaN,NaN,NaN,NaN,NaN
1511830800,1.02,1.02,0.995,1,607100,NaN,NaN,NaN,NaN,NaN,NaN,NaN
1511917200,0.995,1,0.99,0.995,586600,NaN,NaN,NaN,NaN,NaN,NaN,NaN
1512003600,1.01,1.01,0.97,0.97,3449300,NaN,NaN,NaN,NaN,NaN,NaN,NaN
1512349200,0.97,0.975,0.94,0.94,1282800,NaN,NaN,NaN,NaN,NaN,NaN,NaN
1512435600,0.945,0.95,0.915,0.925,1188700,NaN,NaN,NaN,NaN,NaN,NaN,NaN
1512522000,0.925,0.935,0.905,0.91,1985600,NaN,NaN,NaN,NaN,NaN,NaN,NaN
1512608400,0.91,0.925,0.9,0.9,2206800,NaN,NaN,NaN,NaN,NaN,NaN,NaN
1512694800,0.91,0.925,0.9,0.91,2040600,NaN,NaN,NaN,NaN,NaN,NaN,NaN
1512954000,0.91,0.935,0.91,0.91,1900200,NaN,NaN,NaN,NaN,NaN,NaN,NaN
1513040400,0.91,0.925,0.9,0.925,1831800,NaN,NaN,NaN,NaN,NaN,NaN,NaN
1513126800,0.925,0.93,0.91,0.915,1478200,NaN,NaN,NaN,NaN,NaN,NaN,NaN
1513213200,0.925,0.935,0.915,0.925,1807600,NaN,NaN,NaN,NaN,NaN,NaN,NaN
1513299600,0.925,0.94,0.925,0.925,551100,NaN,NaN,NaN,NaN,NaN,NaN,NaN
1513558800,0.925,0.945,0.925,0.935,375600,NaN,NaN,NaN,NaN,NaN,NaN,NaN
1513645200,0.93,0.95,0.93,0.95,291300,NaN,NaN,NaN,NaN,NaN,NaN,NaN
1513731600,0.95,1.02,0.95,1,1169900,NaN,NaN,NaN,NaN,NaN,NaN,NaN
1513818000,0.97,0.995,0.97,0.97,822200,NaN,NaN,NaN,NaN,NaN,NaN,NaN
1513904400,0.985,0.995,0.98,0.985,403000,NaN,NaN,NaN,NaN,NaN,NaN,NaN
1514250000,0.985,0.995,0.985,0.995,242100,NaN,NaN,NaN,NaN,NaN,NaN,NaN
1514336400,0.995,1,0.985,0.985,511900,NaN,NaN,NaN,NaN,NaN,NaN,NaN
1514422800,0.985,0.995,0.975,0.98,456900,NaN,NaN,NaN,NaN,NaN,NaN,NaN
1514509200,0.98,0.985,0.97,0.97,1055900,4218366272,4233908000.0000005,2418697000,68844000,833728000,1726795000,1.77835051546392
1514854800,0.98,0.985,0.97,0.98,270700,NaN,NaN,NaN,NaN,NaN,NaN,NaN
1514941200,0.985,0.985,0.97,0.98,1326400,NaN,NaN,NaN,NaN,NaN,NaN,NaN
1515027600,0.98,0.995,0.98,0.99,877900,NaN,NaN,NaN,NaN,NaN,NaN,NaN
1515114000,0.995,1,0.975,0.985,906100,NaN,NaN,NaN,NaN,NaN,NaN,NaN
1515373200,0.99,0.99,0.97,0.97,990600,NaN,NaN,NaN,NaN,NaN,NaN,NaN
1515459600,0.975,0.99,0.97,0.98,1217500,NaN,NaN,NaN,NaN,NaN,NaN,NaN
1515546000,0.98,0.99,0.965,0.98,1538000,NaN,NaN,NaN,NaN,NaN,NaN,NaN
1515632400,0.98,0.98,0.96,0.97,1608400,NaN,NaN,NaN,NaN,NaN,NaN,NaN
1515718800,0.97,0.97,0.965,0.97,1362100,NaN,NaN,NaN,NaN,NaN,NaN,NaN
1515978000,0.98,0.98,0.96,0.97,1765600,NaN,NaN,NaN,NaN,NaN,NaN,NaN
1516064400,0.975,0.98,0.965,0.97,1518400,NaN,NaN,NaN,NaN,NaN,NaN,NaN
1516150800,0.98,0.98,0.965,0.97,1313000,NaN,NaN,NaN,NaN,NaN,NaN,NaN
1516237200,0.98,0.98,0.965,0.97,2000900,NaN,NaN,NaN,NaN,NaN,NaN,NaN
1516323600,0.98,0.98,0.965,0.97,581700,NaN,NaN,NaN,NaN,NaN,NaN,NaN
1516582800,0.98,1,0.97,0.985,3008300,NaN,NaN,NaN,NaN,NaN,NaN,NaN
1516669200,0.975,0.99,0.97,0.98,1354000,NaN,NaN,NaN,NaN,NaN,NaN,NaN
1516755600,0.985,0.985,0.97,0.975,816100,NaN,NaN,NaN,NaN,NaN,NaN,NaN
1516842000,0.975,0.98,0.97,0.975,833500,NaN,NaN,NaN,NaN,NaN,NaN,NaN
1516928400,0.98,0.98,0.955,0.96,2486800,NaN,NaN,NaN,NaN,NaN,NaN,NaN
1517187600,0.96,0.98,0.96,0.975,1686700,NaN,NaN,NaN,NaN,NaN,NaN,NaN
1517274000,0.975,0.98,0.96,0.97,2246600,NaN,NaN,NaN,NaN,NaN,NaN,NaN
1517533200,0.975,0.975,0.94,0.94,2235900,NaN,NaN,NaN,NaN,NaN,NaN,NaN
1517792400,0.93,0.945,0.93,0.94,2505400,NaN,NaN,NaN,NaN,NaN,NaN,NaN
1517878800,0.92,0.93,0.915,0.93,2204100,NaN,NaN,NaN,NaN,NaN,NaN,NaN
1517965200,0.93,0.95,0.92,0.93,2889700,NaN,NaN,NaN,NaN,NaN,NaN,NaN
1518051600,0.945,0.945,0.92,0.92,1505900,NaN,NaN,NaN,NaN,NaN,NaN,NaN
1518138000,0.91,0.925,0.9,0.915,2531600,NaN,NaN,NaN,NaN,NaN,NaN,NaN
1518397200,0.925,0.925,0.87,0.875,4036000,NaN,NaN,NaN,NaN,NaN,NaN,NaN
1518483600,0.885,0.895,0.87,0.895,2868400,NaN,NaN,NaN,NaN,NaN,NaN,NaN
1518570000,0.895,0.905,0.875,0.905,3249200,NaN,NaN,NaN,NaN,NaN,NaN,NaN
1518656400,0.885,0.92,0.885,0.92,3973300,NaN,NaN,NaN,NaN,NaN,NaN,NaN
1519002000,0.92,0.95,0.915,0.95,1098100,NaN,NaN,NaN,NaN,NaN,NaN,NaN
1519088400,0.95,0.95,0.935,0.95,318900,NaN,NaN,NaN,NaN,NaN,NaN,NaN
1519174800,0.945,0.95,0.935,0.945,770800,NaN,NaN,NaN,NaN,NaN,NaN,NaN
1519261200,0.95,0.95,0.94,0.95,260800,NaN,NaN,NaN,NaN,NaN,NaN,NaN
1519347600,0.945,0.95,0.935,0.935,1362400,NaN,NaN,NaN,NaN,NaN,NaN,NaN
1519606800,0.945,0.945,0.915,0.925,2061700,NaN,NaN,NaN,NaN,NaN,NaN,NaN
1519693200,0.935,0.955,0.92,0.945,21196700,NaN,NaN,NaN,NaN,NaN,NaN,NaN
1519779600,0.945,1.01,0.94,0.985,18785600,NaN,NaN,NaN,NaN,NaN,NaN,NaN
1519866000,0.99,0.99,0.945,0.96,4498200,NaN,NaN,NaN,NaN,NaN,NaN,NaN
1519952400,0.96,0.965,0.94,0.945,3128300,NaN,NaN,NaN,NaN,NaN,NaN,NaN
1520211600,0.955,0.955,0.92,0.92,5183500,NaN,NaN,NaN,NaN,NaN,NaN,NaN
1520298000,0.925,0.94,0.9,0.9,5277600,NaN,NaN,NaN,NaN,NaN,NaN,NaN
1520384400,0.91,0.92,0.9,0.92,2252200,NaN,NaN,NaN,NaN,NaN,NaN,NaN
1520470800,0.92,0.94,0.92,0.94,867900,NaN,NaN,NaN,NaN,NaN,NaN,NaN
1520557200,0.945,0.945,0.925,0.925,1894200,NaN,NaN,NaN,NaN,NaN,NaN,NaN
1520816400,0.925,0.94,0.925,0.935,1746300,NaN,NaN,NaN,NaN,NaN,NaN,NaN
1520902800,0.94,0.945,0.93,0.935,3944300,NaN,NaN,NaN,NaN,NaN,NaN,NaN
1520989200,0.94,0.94,0.93,0.935,1847700,NaN,NaN,NaN,NaN,NaN,NaN,NaN
1521075600,0.94,0.94,0.935,0.94,1270100,NaN,NaN,NaN,NaN,NaN,NaN,NaN
1521162000,0.94,0.945,0.92,0.92,38044200,NaN,NaN,NaN,NaN,NaN,NaN,NaN
1521421200,0.925,0.925,0.9,0.9,4076500,NaN,NaN,NaN,NaN,NaN,NaN,NaN
1521507600,0.9,0.905,0.895,0.905,2506800,NaN,NaN,NaN,NaN,NaN,NaN,NaN
1521594000,0.905,0.915,0.9,0.905,1637500,NaN,NaN,NaN,NaN,NaN,NaN,NaN
1521680400,0.9,0.91,0.9,0.9,805000,NaN,NaN,NaN,NaN,NaN,NaN,NaN
1521766800,0.895,0.91,0.89,0.9,1778500,NaN,NaN,NaN,NaN,NaN,NaN,NaN
1522026000,0.895,0.91,0.88,0.91,3926400,NaN,NaN,NaN,NaN,NaN,NaN,NaN
1522112400,0.915,0.915,0.89,0.895,2745200,NaN,NaN,NaN,NaN,NaN,NaN,NaN
1522198800,0.89,0.905,0.885,0.89,1288300,NaN,NaN,NaN,NaN,NaN,NaN,NaN
1522285200,0.88,0.9,0.88,0.895,2767400,NaN,NaN,NaN,NaN,NaN,NaN,NaN
1522371600,0.9,0.9,0.88,0.89,757500,4213630292,4494921000,2536548000,65800000,822883000,1695913000,1.99438202247191
1522630800,0.9,0.9,0.88,0.88,2118400,NaN,NaN,NaN,NaN,NaN,NaN,NaN
1522717200,0.885,0.89,0.87,0.88,2426300,NaN,NaN,NaN,NaN,NaN,NaN,NaN
1522803600,0.885,0.885,0.85,0.855,2185000,NaN,NaN,NaN,NaN,NaN,NaN,NaN
1522890000,0.855,0.87,0.855,0.86,1725100,NaN,NaN,NaN,NaN,NaN,NaN,NaN
1522976400,0.86,0.87,0.84,0.87,1425200,NaN,NaN,NaN,NaN,NaN,NaN,NaN
1523235600,0.87,0.875,0.86,0.87,710300,NaN,NaN,NaN,NaN,NaN,NaN,NaN
1523322000,0.88,0.945,0.88,0.94,2047100,NaN,NaN,NaN,NaN,NaN,NaN,NaN
1523408400,0.945,0.945,0.92,0.93,963900,NaN,NaN,NaN,NaN,NaN,NaN,NaN
1523494800,0.93,0.93,0.9,0.915,407200,NaN,NaN,NaN,NaN,NaN,NaN,NaN
1523581200,0.915,0.94,0.905,0.93,366900,NaN,NaN,NaN,NaN,NaN,NaN,NaN
1523840400,0.935,0.935,0.915,0.93,377000,NaN,NaN,NaN,NaN,NaN,NaN,NaN
1523926800,0.935,0.935,0.915,0.92,197700,NaN,NaN,NaN,NaN,NaN,NaN,NaN
1524013200,0.93,0.93,0.9,0.9,652600,NaN,NaN,NaN,NaN,NaN,NaN,NaN
1524099600,0.91,0.92,0.895,0.895,707600,NaN,NaN,NaN,NaN,NaN,NaN,NaN
1524186000,0.9,0.905,0.875,0.875,628100,NaN,NaN,NaN,NaN,NaN,NaN,NaN
1524445200,0.89,0.91,0.885,0.895,782300,NaN,NaN,NaN,NaN,NaN,NaN,NaN
1524531600,0.905,0.905,0.885,0.895,798100,NaN,NaN,NaN,NaN,NaN,NaN,NaN
1524618000,0.9,0.9,0.89,0.895,385200,NaN,NaN,NaN,NaN,NaN,NaN,NaN
1524704400,0.91,0.915,0.905,0.91,894100,NaN,NaN,NaN,NaN,NaN,NaN,NaN
1524790800,0.915,0.92,0.91,0.92,221900,NaN,NaN,NaN,NaN,NaN,NaN,NaN
1525050000,0.92,0.935,0.915,0.925,824000,NaN,NaN,NaN,NaN,NaN,NaN,NaN
1525222800,0.93,0.935,0.92,0.92,1663100,NaN,NaN,NaN,NaN,NaN,NaN,NaN
1525309200,0.92,0.925,0.915,0.92,3215700,NaN,NaN,NaN,NaN,NaN,NaN,NaN
1525395600,0.925,0.95,0.925,0.935,2361200,NaN,NaN,NaN,NaN,NaN,NaN,NaN
1525654800,0.94,0.945,0.92,0.925,1726700,NaN,NaN,NaN,NaN,NaN,NaN,NaN
1525741200,0.93,0.93,0.92,0.925,4433600,NaN,NaN,NaN,NaN,NaN,NaN,NaN
1526259600,0.925,0.965,0.925,0.96,4652600,NaN,NaN,NaN,NaN,NaN,NaN,NaN
1526346000,0.97,0.97,0.95,0.955,7435700,NaN,NaN,NaN,NaN,NaN,NaN,NaN
1526432400,0.955,0.96,0.94,0.955,11551000,NaN,NaN,NaN,NaN,NaN,NaN,NaN
1526518800,0.955,0.955,0.93,0.93,3004000,NaN,NaN,NaN,NaN,NaN,NaN,NaN
1526605200,0.935,0.94,0.925,0.935,1503700,NaN,NaN,NaN,NaN,NaN,NaN,NaN
1526864400,0.93,0.94,0.93,0.935,2616400,NaN,NaN,NaN,NaN,NaN,NaN,NaN
1526950800,0.94,0.945,0.93,0.94,5364700,NaN,NaN,NaN,NaN,NaN,NaN,NaN
1527037200,0.94,0.94,0.93,0.935,907900,NaN,NaN,NaN,NaN,NaN,NaN,NaN
1527123600,0.935,0.94,0.92,0.94,1294500,NaN,NaN,NaN,NaN,NaN,NaN,NaN
1527210000,0.94,0.95,0.935,0.94,4585100,NaN,NaN,NaN,NaN,NaN,NaN,NaN
1527469200,0.945,0.95,0.92,0.94,2054900,NaN,NaN,NaN,NaN,NaN,NaN,NaN
1527642000,0.94,0.94,0.88,0.94,3336700,NaN,NaN,NaN,NaN,NaN,NaN,NaN
1527728400,0.94,1.01,0.94,0.99,15856300,NaN,NaN,NaN,NaN,NaN,NaN,NaN
1527814800,0.985,1.01,0.975,0.99,13792500,NaN,NaN,NaN,NaN,NaN,NaN,NaN
1528074000,0.99,1.06,0.98,1.05,13753500,NaN,NaN,NaN,NaN,NaN,NaN,NaN
1528160400,1.05,1.05,1.02,1.05,10670800,NaN,NaN,NaN,NaN,NaN,NaN,NaN
1528246800,1.05,1.13,1.04,1.06,21708400,NaN,NaN,NaN,NaN,NaN,NaN,NaN
1528333200,1.07,1.15,1.07,1.1,27322800,NaN,NaN,NaN,NaN,NaN,NaN,NaN
1528419600,1.11,1.11,1.07,1.1,8971800,NaN,NaN,NaN,NaN,NaN,NaN,NaN
1528678800,1.1,1.1,1.05,1.06,5227100,NaN,NaN,NaN,NaN,NaN,NaN,NaN
1528765200,1.05,1.06,1.01,1.04,6838900,NaN,NaN,NaN,NaN,NaN,NaN,NaN
1528851600,1.04,1.07,1.03,1.06,7531300,NaN,NaN,NaN,NaN,NaN,NaN,NaN
1528938000,1.06,1.06,1.05,1.06,1267000,NaN,NaN,NaN,NaN,NaN,NaN,NaN
1529283600,1.05,1.05,1.01,1.03,6106100,NaN,NaN,NaN,NaN,NaN,NaN,NaN
1529370000,1.03,1.04,1.02,1.02,5315700,NaN,NaN,NaN,NaN,NaN,NaN,NaN
1529456400,1.02,1.03,1.01,1.02,4831000,NaN,NaN,NaN,NaN,NaN,NaN,NaN
1529542800,1.01,1.02,1.01,1.01,2717200,NaN,NaN,NaN,NaN,NaN,NaN,NaN
1529629200,1.01,1.02,1,1.02,2100700,NaN,NaN,NaN,NaN,NaN,NaN,NaN
1529888400,1.02,1.03,1,1.01,7828900,NaN,NaN,NaN,NaN,NaN,NaN,NaN
1529974800,1,1,0.99,1,3296100,NaN,NaN,NaN,NaN,NaN,NaN,NaN
1530061200,0.995,1.01,0.99,1,8582700,NaN,NaN,NaN,NaN,NaN,NaN,NaN
1530147600,0.995,1.01,0.99,0.995,9247600,NaN,NaN,NaN,NaN,NaN,NaN,NaN
1530234000,1,1.04,0.99,1.02,9047000,4214465132.0000005,4545150000,2559994000,69784000,801329000,1720457000,1.86274509803922
1530493200,1.01,1.02,1,1.01,2607700,NaN,NaN,NaN,NaN,NaN,NaN,NaN
1530579600,1,1.03,1,1.01,4929300,NaN,NaN,NaN,NaN,NaN,NaN,NaN
1530666000,1.01,1.05,1.01,1.04,12292000,NaN,NaN,NaN,NaN,NaN,NaN,NaN
1530752400,1.06,1.08,1.03,1.04,3767200,NaN,NaN,NaN,NaN,NaN,NaN,NaN
1530838800,1.04,1.04,1.01,1.03,4251700,NaN,NaN,NaN,NaN,NaN,NaN,NaN
1531098000,1.02,1.04,1,1.01,4963000,NaN,NaN,NaN,NaN,NaN,NaN,NaN
1531184400,1.01,1.03,1.01,1.01,1025100,NaN,NaN,NaN,NaN,NaN,NaN,NaN
1531270800,1.01,1.01,0.995,1.01,1803400,NaN,NaN,NaN,NaN,NaN,NaN,NaN
1531357200,1,1.06,1,1.05,2171000,NaN,NaN,NaN,NaN,NaN,NaN,NaN
1531443600,1.05,1.06,1.02,1.03,1971800,NaN,NaN,NaN,NaN,NaN,NaN,NaN
1531702800,1.03,1.03,1.01,1.02,1272400,NaN,NaN,NaN,NaN,NaN,NaN,NaN
1531789200,1.02,1.04,1.01,1.02,3692400,NaN,NaN,NaN,NaN,NaN,NaN,NaN
1531875600,1.02,1.05,1.02,1.05,4006600,NaN,NaN,NaN,NaN,NaN,NaN,NaN
1531962000,1.05,1.05,1.03,1.04,3635800,NaN,NaN,NaN,NaN,NaN,NaN,NaN
1532048400,1.04,1.05,1.03,1.05,1664300,NaN,NaN,NaN,NaN,NaN,NaN,NaN
1532307600,1.05,1.05,1.02,1.04,2215100,NaN,NaN,NaN,NaN,NaN,NaN,NaN
1532394000,1.04,1.08,1.04,1.06,3981100,NaN,NaN,NaN,NaN,NaN,NaN,NaN
1532480400,1.07,1.07,1.04,1.04,1364900,NaN,NaN,NaN,NaN,NaN,NaN,NaN
1532566800,1.05,1.05,1.02,1.03,8213200,NaN,NaN,NaN,NaN,NaN,NaN,NaN
1532653200,1.03,1.05,1.02,1.04,4584700,NaN,NaN,NaN,NaN,NaN,NaN,NaN
1532912400,1.04,1.06,1.03,1.05,11756000,NaN,NaN,NaN,NaN,NaN,NaN,NaN
1532998800,1.05,1.06,1.03,1.05,8675600,NaN,NaN,NaN,NaN,NaN,NaN,NaN
1533085200,1.04,1.06,1.04,1.04,4208100,NaN,NaN,NaN,NaN,NaN,NaN,NaN
1533171600,1.04,1.1,1.04,1.1,17094800,NaN,NaN,NaN,NaN,NaN,NaN,NaN
1533258000,1.07,1.07,1.05,1.06,9525400,NaN,NaN,NaN,NaN,NaN,NaN,NaN
1533517200,1.06,1.1,1.04,1.1,8202800,NaN,NaN,NaN,NaN,NaN,NaN,NaN
1533603600,1.08,1.1,1.06,1.08,12589000,NaN,NaN,NaN,NaN,NaN,NaN,NaN
1533690000,1.08,1.14,1.08,1.1,13854100,NaN,NaN,NaN,NaN,NaN,NaN,NaN
1533776400,1.1,1.12,1.08,1.1,9311500,NaN,NaN,NaN,NaN,NaN,NaN,NaN
1533862800,1.09,1.13,1.08,1.1,11409100,NaN,NaN,NaN,NaN,NaN,NaN,NaN
1534122000,1.1,1.11,1.06,1.06,6203900,NaN,NaN,NaN,NaN,NaN,NaN,NaN
1534208400,1.06,1.11,1.06,1.1,8238700,NaN,NaN,NaN,NaN,NaN,NaN,NaN
1534294800,1.1,1.17,1.1,1.14,17083200,NaN,NaN,NaN,NaN,NaN,NaN,NaN
1534381200,1.14,1.17,1.13,1.14,4360900,NaN,NaN,NaN,NaN,NaN,NaN,NaN
1534467600,1.15,1.15,1.12,1.13,16539100,NaN,NaN,NaN,NaN,NaN,NaN,NaN
1534726800,1.12,1.15,1.12,1.13,10604800,NaN,NaN,NaN,NaN,NaN,NaN,NaN
1534813200,1.13,1.14,1.11,1.13,8079400,NaN,NaN,NaN,NaN,NaN,NaN,NaN
1534986000,1.14,1.15,1.12,1.12,16241200,NaN,NaN,NaN,NaN,NaN,NaN,NaN
1535072400,1.13,1.14,1.09,1.1,10834700,NaN,NaN,NaN,NaN,NaN,NaN,NaN
1535331600,1.1,1.12,1.1,1.1,6747200,NaN,NaN,NaN,NaN,NaN,NaN,NaN
1535418000,1.1,1.14,1.09,1.12,11621600,NaN,NaN,NaN,NaN,NaN,NaN,NaN
1535504400,1.12,1.12,1.09,1.11,5131800,NaN,NaN,NaN,NaN,NaN,NaN,NaN
1535590800,1.1,1.1,1.09,1.1,8030000,NaN,NaN,NaN,NaN,NaN,NaN,NaN
1535936400,1.1,1.14,1.08,1.14,5685900,NaN,NaN,NaN,NaN,NaN,NaN,NaN
1536022800,1.13,1.14,1.11,1.13,2625800,NaN,NaN,NaN,NaN,NaN,NaN,NaN
1536109200,1.13,1.16,1.12,1.14,4950600,NaN,NaN,NaN,NaN,NaN,NaN,NaN
1536195600,1.13,1.13,1.11,1.12,3332000,NaN,NaN,NaN,NaN,NaN,NaN,NaN
1536282000,1.12,1.12,1.1,1.12,13065200,NaN,NaN,NaN,NaN,NaN,NaN,NaN
1536714000,1.12,1.13,1.1,1.12,8463500,NaN,NaN,NaN,NaN,NaN,NaN,NaN
1536800400,1.12,1.12,1.11,1.12,3229600,NaN,NaN,NaN,NaN,NaN,NaN,NaN
1536886800,1.12,1.12,1.11,1.12,721900,NaN,NaN,NaN,NaN,NaN,NaN,NaN
1537232400,1.12,1.12,1.1,1.1,2527100,NaN,NaN,NaN,NaN,NaN,NaN,NaN
1537318800,1.1,1.13,1.1,1.11,5020100,NaN,NaN,NaN,NaN,NaN,NaN,NaN
1537405200,1.11,1.13,1.11,1.11,7376700,NaN,NaN,NaN,NaN,NaN,NaN,NaN
1537491600,1.12,1.13,1.09,1.09,8878500,NaN,NaN,NaN,NaN,NaN,NaN,NaN
1537750800,1.09,1.11,1.07,1.09,7159300,NaN,NaN,NaN,NaN,NaN,NaN,NaN
1537837200,1.09,1.1,1.08,1.08,7422400,NaN,NaN,NaN,NaN,NaN,NaN,NaN
1537923600,1.08,1.09,1.07,1.08,5450000,NaN,NaN,NaN,NaN,NaN,NaN,NaN
1538010000,1.09,1.1,1.08,1.1,11130600,NaN,NaN,NaN,NaN,NaN,NaN,NaN
1538096400,1.1,1.1,1.08,1.08,3178700,4210362234.9999995,4606299000,2607061000,70179000,820560000,1737153000,1.85185185185185
1538355600,1.08,1.1,1.08,1.09,9515000,NaN,NaN,NaN,NaN,NaN,NaN,NaN
1538442000,1.09,1.09,1.07,1.08,11612900,NaN,NaN,NaN,NaN,NaN,NaN,NaN
1538528400,1.08,1.1,1.07,1.09,4722200,NaN,NaN,NaN,NaN,NaN,NaN,NaN
1538614800,1.09,1.09,1.04,1.09,5167700,NaN,NaN,NaN,NaN,NaN,NaN,NaN
1538701200,1.08,1.1,1.05,1.1,3735800,NaN,NaN,NaN,NaN,NaN,NaN,NaN
1538960400,1.08,1.09,1.07,1.08,2010500,NaN,NaN,NaN,NaN,NaN,NaN,NaN
1539046800,1.08,1.09,1.07,1.08,592100,NaN,NaN,NaN,NaN,NaN,NaN,NaN
1539133200,1.08,1.1,1.05,1.1,3717500,NaN,NaN,NaN,NaN,NaN,NaN,NaN
1539219600,1.07,1.1,1.03,1.1,5418500,NaN,NaN,NaN,NaN,NaN,NaN,NaN
1539306000,1.08,1.1,1.08,1.08,11682600,NaN,NaN,NaN,NaN,NaN,NaN,NaN
1539565200,1.08,1.09,1.07,1.08,3323400,NaN,NaN,NaN,NaN,NaN,NaN,NaN
1539651600,1.07,1.09,1.06,1.07,4646800,NaN,NaN,NaN,NaN,NaN,NaN,NaN
1539738000,1.07,1.07,1.06,1.07,1808600,NaN,NaN,NaN,NaN,NaN,NaN,NaN
1539824400,1.07,1.07,1.06,1.06,1117900,NaN,NaN,NaN,NaN,NaN,NaN,NaN
1539910800,1.06,1.07,1.06,1.07,3964900,NaN,NaN,NaN,NaN,NaN,NaN,NaN
1540170000,1.07,1.07,1.06,1.06,1329200,NaN,NaN,NaN,NaN,NaN,NaN,NaN
1540256400,1.06,1.08,1.05,1.08,2907800,NaN,NaN,NaN,NaN,NaN,NaN,NaN
1540342800,1.08,1.09,1.06,1.08,2959400,NaN,NaN,NaN,NaN,NaN,NaN,NaN
1540429200,1.07,1.07,1.05,1.05,2751000,NaN,NaN,NaN,NaN,NaN,NaN,NaN
1540515600,1.05,1.06,1.03,1.05,3164400,NaN,NaN,NaN,NaN,NaN,NaN,NaN
1540774800,1.04,1.05,1.01,1.04,5121500,NaN,NaN,NaN,NaN,NaN,NaN,NaN
1540861200,1.02,1.05,1.01,1.04,5302900,NaN,NaN,NaN,NaN,NaN,NaN,NaN
1540947600,1.04,1.05,1.03,1.04,2553900,NaN,NaN,NaN,NaN,NaN,NaN,NaN
1541034000,1.04,1.04,1.01,1.03,5336800,NaN,NaN,NaN,NaN,NaN,NaN,NaN
1541120400,1.02,1.06,1.02,1.04,5521200,NaN,NaN,NaN,NaN,NaN,NaN,NaN
1541379600,1.04,1.08,1.02,1.07,10779900,NaN,NaN,NaN,NaN,NaN,NaN,NaN
1541552400,1.07,1.1,1.06,1.1,12942000,NaN,NaN,NaN,NaN,NaN,NaN,NaN
1541638800,1.1,1.13,1.09,1.1,10630800,NaN,NaN,NaN,NaN,NaN,NaN,NaN
1541725200,1.11,1.11,1.09,1.1,5562600,NaN,NaN,NaN,NaN,NaN,NaN,NaN
1541984400,1.11,1.11,1.09,1.1,5703000,NaN,NaN,NaN,NaN,NaN,NaN,NaN
1542070800,1.09,1.1,1.08,1.09,335700,NaN,NaN,NaN,NaN,NaN,NaN,NaN
1542157200,1.08,1.11,1.08,1.1,4088100,NaN,NaN,NaN,NaN,NaN,NaN,NaN
1542243600,1.1,1.1,1.08,1.08,3472200,NaN,NaN,NaN,NaN,NaN,NaN,NaN
1542330000,1.08,1.1,1.08,1.1,4363300,NaN,NaN,NaN,NaN,NaN,NaN,NaN
1542589200,1.1,1.11,1.09,1.1,2376300,NaN,NaN,NaN,NaN,NaN,NaN,NaN
1542762000,1.09,1.1,1.08,1.1,781600,NaN,NaN,NaN,NaN,NaN,NaN,NaN
1542848400,1.1,1.1,1.09,1.1,2501100,NaN,NaN,NaN,NaN,NaN,NaN,NaN
1542934800,1.1,1.1,1.08,1.08,919600,NaN,NaN,NaN,NaN,NaN,NaN,NaN
1543194000,1.08,1.08,1.06,1.07,584000,NaN,NaN,NaN,NaN,NaN,NaN,NaN
1543280400,1.07,1.09,1.05,1.09,2688200,NaN,NaN,NaN,NaN,NaN,NaN,NaN
1543366800,1.08,1.09,1.07,1.08,4878200,NaN,NaN,NaN,NaN,NaN,NaN,NaN
1543453200,1.07,1.09,1.06,1.07,4657900,NaN,NaN,NaN,NaN,NaN,NaN,NaN
1543539600,1.07,1.08,1.05,1.05,4122800,NaN,NaN,NaN,NaN,NaN,NaN,NaN
1543798800,1.06,1.09,1.04,1.07,10302500,NaN,NaN,NaN,NaN,NaN,NaN,NaN
1543885200,1.07,1.07,1.05,1.06,990000,NaN,NaN,NaN,NaN,NaN,NaN,NaN
1543971600,1.05,1.07,1.03,1.07,5085400,NaN,NaN,NaN,NaN,NaN,NaN,NaN
1544058000,1.06,1.06,1.04,1.04,4533100,NaN,NaN,NaN,NaN,NaN,NaN,NaN
1544144400,1.03,1.09,1.02,1.09,5913000,NaN,NaN,NaN,NaN,NaN,NaN,NaN
1544403600,1.07,1.08,1.05,1.06,1889600,NaN,NaN,NaN,NaN,NaN,NaN,NaN
1544490000,1.06,1.06,1.04,1.05,1836000,NaN,NaN,NaN,NaN,NaN,NaN,NaN
1544576400,1.06,1.06,1.02,1.06,9960000,NaN,NaN,NaN,NaN,NaN,NaN,NaN
1544662800,1.05,1.05,1.03,1.04,2493300,NaN,NaN,NaN,NaN,NaN,NaN,NaN
1544749200,1.04,1.05,1.03,1.03,2556000,NaN,NaN,NaN,NaN,NaN,NaN,NaN
1545008400,1.03,1.04,1.02,1.03,4687600,NaN,NaN,NaN,NaN,NaN,NaN,NaN
1545094800,1.03,1.04,1.02,1.03,2788800,NaN,NaN,NaN,NaN,NaN,NaN,NaN
1545181200,1.03,1.05,1.03,1.04,3196800,NaN,NaN,NaN,NaN,NaN,NaN,NaN
1545267600,1.04,1.04,1.03,1.03,754900,NaN,NaN,NaN,NaN,NaN,NaN,NaN
1545354000,1.03,1.04,1.02,1.04,1855400,NaN,NaN,NaN,NaN,NaN,NaN,NaN
1545613200,1.03,1.04,1.03,1.03,648400,NaN,NaN,NaN,NaN,NaN,NaN,NaN
1545786000,1.03,1.04,1.02,1.03,2954700,NaN,NaN,NaN,NaN,NaN,NaN,NaN
1545872400,1.04,1.04,1.03,1.04,2055700,NaN,NaN,NaN,NaN,NaN,NaN,NaN
1545958800,1.03,1.04,1.03,1.03,1700000,NaN,NaN,NaN,NaN,NaN,NaN,NaN
1546218000,1.04,1.05,1.03,1.04,5506900,4283950500,4826245000,2689542000,70256000,876547000,1983900000,1.92307692307692
1546390800,1.03,1.03,1.02,1.02,997000,NaN,NaN,NaN,NaN,NaN,NaN,NaN
1546477200,1.02,1.03,1.01,1.03,866100,NaN,NaN,NaN,NaN,NaN,NaN,NaN
1546563600,1.02,1.02,0.995,0.995,12403500,NaN,NaN,NaN,NaN,NaN,NaN,NaN
1546822800,1,1.01,0.995,1,3881000,NaN,NaN,NaN,NaN,NaN,NaN,NaN
1546909200,1,1.01,0.995,1,3186400,NaN,NaN,NaN,NaN,NaN,NaN,NaN
1546995600,1,1.03,1,1,13654900,NaN,NaN,NaN,NaN,NaN,NaN,NaN
1547082000,1.01,1.03,0.995,1.01,13859600,NaN,NaN,NaN,NaN,NaN,NaN,NaN
1547168400,1.02,1.02,1.01,1.02,2497600,NaN,NaN,NaN,NaN,NaN,NaN,NaN
1547427600,1.01,1.03,1.01,1.02,3806200,NaN,NaN,NaN,NaN,NaN,NaN,NaN
1547514000,1.01,1.03,1.01,1.02,569700,NaN,NaN,NaN,NaN,NaN,NaN,NaN
1547600400,1.02,1.04,1.02,1.02,3758100,NaN,NaN,NaN,NaN,NaN,NaN,NaN
1547686800,1.03,1.03,1.02,1.02,5799700,NaN,NaN,NaN,NaN,NaN,NaN,NaN
1547773200,1.03,1.05,1.02,1.04,3707200,NaN,NaN,NaN,NaN,NaN,NaN,NaN
1548118800,1.05,1.05,1.03,1.03,5928200,NaN,NaN,NaN,NaN,NaN,NaN,NaN
1548205200,1.03,1.07,1.02,1.06,3316600,NaN,NaN,NaN,NaN,NaN,NaN,NaN
1548291600,1.06,1.07,1.04,1.06,3705500,NaN,NaN,NaN,NaN,NaN,NaN,NaN
1548378000,1.06,1.08,1.05,1.07,4550100,NaN,NaN,NaN,NaN,NaN,NaN,NaN
1548637200,1.07,1.1,1.07,1.09,5771600,NaN,NaN,NaN,NaN,NaN,NaN,NaN
1548723600,1.09,1.1,1.06,1.08,2155200,NaN,NaN,NaN,NaN,NaN,NaN,NaN
1548810000,1.08,1.08,1.06,1.07,5133600,NaN,NaN,NaN,NaN,NaN,NaN,NaN
1548896400,1.08,1.08,1.06,1.08,6123100,NaN,NaN,NaN,NaN,NaN,NaN,NaN
1549242000,1.07,1.08,1.06,1.07,1489400,NaN,NaN,NaN,NaN,NaN,NaN,NaN
1549501200,1.06,1.08,1.06,1.07,1299000,NaN,NaN,NaN,NaN,NaN,NaN,NaN
1549587600,1.07,1.08,1.06,1.08,4423300,NaN,NaN,NaN,NaN,NaN,NaN,NaN
1549846800,1.08,1.08,1.05,1.05,4989600,NaN,NaN,NaN,NaN,NaN,NaN,NaN
1549933200,1.05,1.09,1.05,1.08,8822700,NaN,NaN,NaN,NaN,NaN,NaN,NaN
1550019600,1.08,1.08,1.06,1.07,6136300,NaN,NaN,NaN,NaN,NaN,NaN,NaN
1550106000,1.08,1.08,1.06,1.06,928000,NaN,NaN,NaN,NaN,NaN,NaN,NaN
1550192400,1.07,1.08,1.06,1.06,9278500,NaN,NaN,NaN,NaN,NaN,NaN,NaN
1550451600,1.06,1.09,1.05,1.09,5855900,NaN,NaN,NaN,NaN,NaN,NaN,NaN
1550538000,1.08,1.1,1.06,1.08,6236200,NaN,NaN,NaN,NaN,NaN,NaN,NaN
1550624400,1.08,1.09,1.05,1.07,11668900,NaN,NaN,NaN,NaN,NaN,NaN,NaN
1550710800,1.07,1.08,1.06,1.07,8332300,NaN,NaN,NaN,NaN,NaN,NaN,NaN
1550797200,1.07,1.07,1.06,1.07,4225800,NaN,NaN,NaN,NaN,NaN,NaN,NaN
1551056400,1.07,1.07,1.06,1.06,3418500,NaN,NaN,NaN,NaN,NaN,NaN,NaN
1551142800,1.05,1.05,1.02,1.03,11917400,NaN,NaN,NaN,NaN,NaN,NaN,NaN
1551229200,1.03,1.03,1,1.01,10617200,NaN,NaN,NaN,NaN,NaN,NaN,NaN
1551315600,1.02,1.03,1.01,1.01,8029000,NaN,NaN,NaN,NaN,NaN,NaN,NaN
1551402000,1.01,1.01,1,1.01,6154400,NaN,NaN,NaN,NaN,NaN,NaN,NaN
1551661200,1.01,1.03,1.01,1.01,7782200,NaN,NaN,NaN,NaN,NaN,NaN,NaN
1551747600,1.02,1.04,1.01,1.04,4391200,NaN,NaN,NaN,NaN,NaN,NaN,NaN
1551834000,1.04,1.05,1.02,1.04,4703100,NaN,NaN,NaN,NaN,NaN,NaN,NaN
1551920400,1.04,1.05,1.03,1.03,4401600,NaN,NaN,NaN,NaN,NaN,NaN,NaN
1552006800,1.03,1.05,1.03,1.04,5122500,NaN,NaN,NaN,NaN,NaN,NaN,NaN
1552266000,1.05,1.05,1.03,1.03,4510300,NaN,NaN,NaN,NaN,NaN,NaN,NaN
1552352400,1.03,1.05,1.03,1.04,10022600,NaN,NaN,NaN,NaN,NaN,NaN,NaN
1552438800,1.04,1.04,1.02,1.02,4295600,NaN,NaN,NaN,NaN,NaN,NaN,NaN
1552525200,1.02,1.05,1.02,1.02,10614100,NaN,NaN,NaN,NaN,NaN,NaN,NaN
1552611600,1.03,1.04,1.02,1.04,75629100,NaN,NaN,NaN,NaN,NaN,NaN,NaN
1552870800,1.04,1.04,1.02,1.03,8560700,NaN,NaN,NaN,NaN,NaN,NaN,NaN
1552957200,1.03,1.04,1.03,1.03,687000,NaN,NaN,NaN,NaN,NaN,NaN,NaN
1553043600,1.03,1.04,1.03,1.03,829900,NaN,NaN,NaN,NaN,NaN,NaN,NaN
1553130000,1.03,1.05,1.03,1.04,3731900,NaN,NaN,NaN,NaN,NaN,NaN,NaN
1553216400,1.04,1.05,1.03,1.04,4725600,NaN,NaN,NaN,NaN,NaN,NaN,NaN
1553475600,1.03,1.04,1,1.01,6211900,NaN,NaN,NaN,NaN,NaN,NaN,NaN
1553562000,1.01,1.02,0.995,0.995,4131700,NaN,NaN,NaN,NaN,NaN,NaN,NaN
1553648400,0.995,1.01,0.995,0.995,6084300,NaN,NaN,NaN,NaN,NaN,NaN,NaN
1553734800,1,1.01,0.995,1,2606100,NaN,NaN,NaN,NaN,NaN,NaN,NaN
1553821200,1,1,0.98,0.98,4607800,4319667986,5663279000,3816460000,87811000,880988000,1689818000,2.04081632653061
1554080400,0.985,1,0.98,0.995,2518600,NaN,NaN,NaN,NaN,NaN,NaN,NaN
1554166800,0.99,1,0.99,0.995,2167700,NaN,NaN,NaN,NaN,NaN,NaN,NaN
1554253200,0.995,0.995,0.985,0.99,2521700,NaN,NaN,NaN,NaN,NaN,NaN,NaN
1554339600,0.995,1.03,0.995,1.02,7419900,NaN,NaN,NaN,NaN,NaN,NaN,NaN
1554426000,1.02,1.03,1,1,1314300,NaN,NaN,NaN,NaN,NaN,NaN,NaN
1554685200,1.01,1.02,1.01,1.01,1053000,NaN,NaN,NaN,NaN,NaN,NaN,NaN
1554771600,1.01,1.03,1,1.01,3306100,NaN,NaN,NaN,NaN,NaN,NaN,NaN
1554858000,1.01,1.02,1,1.02,4521500,NaN,NaN,NaN,NaN,NaN,NaN,NaN
1554944400,1.02,1.03,0.995,1,5887100,NaN,NaN,NaN,NaN,NaN,NaN,NaN
1555030800,1.01,1.02,1,1.01,5055800,NaN,NaN,NaN,NaN,NaN,NaN,NaN
1555290000,1,1.01,0.995,1,4748200,NaN,NaN,NaN,NaN,NaN,NaN,NaN
1555376400,1,1.01,0.995,1,1373800,NaN,NaN,NaN,NaN,NaN,NaN,NaN
1555462800,1,1.01,0.96,0.965,9578000,NaN,NaN,NaN,NaN,NaN,NaN,NaN
1555549200,0.96,0.975,0.955,0.96,7433400,NaN,NaN,NaN,NaN,NaN,NaN,NaN
1555635600,0.965,0.995,0.96,0.985,8434800,NaN,NaN,NaN,NaN,NaN,NaN,NaN
1555894800,0.99,1.01,0.98,1,8224800,NaN,NaN,NaN,NaN,NaN,NaN,NaN
1555981200,1,1.01,0.99,1,7675800,NaN,NaN,NaN,NaN,NaN,NaN,NaN
1556067600,1,1,0.98,0.995,4922100,NaN,NaN,NaN,NaN,NaN,NaN,NaN
1556154000,0.995,1,0.975,0.98,8663700,NaN,NaN,NaN,NaN,NaN,NaN,NaN
1556240400,0.985,1,0.985,0.995,5791700,NaN,NaN,NaN,NaN,NaN,NaN,NaN
1556499600,0.99,0.99,0.97,0.98,9864500,NaN,NaN,NaN,NaN,NaN,NaN,NaN
1556586000,0.985,0.99,0.98,0.98,4477700,NaN,NaN,NaN,NaN,NaN,NaN,NaN
1556758800,0.98,0.995,0.98,0.985,1811900,NaN,NaN,NaN,NaN,NaN,NaN,NaN
1556845200,0.985,0.985,0.965,0.97,4932200,NaN,NaN,NaN,NaN,NaN,NaN,NaN
1557104400,0.97,0.975,0.965,0.97,3435000,NaN,NaN,NaN,NaN,NaN,NaN,NaN
1557190800,0.97,0.98,0.97,0.97,5003700,NaN,NaN,NaN,NaN,NaN,NaN,NaN
1557277200,0.97,0.98,0.97,0.98,1812600,NaN,NaN,NaN,NaN,NaN,NaN,NaN
1557363600,0.98,0.98,0.975,0.98,2349500,NaN,NaN,NaN,NaN,NaN,NaN,NaN
1557450000,0.98,0.98,0.97,0.975,1268000,NaN,NaN,NaN,NaN,NaN,NaN,NaN
1557709200,0.975,0.975,0.94,0.95,3786700,NaN,NaN,NaN,NaN,NaN,NaN,NaN
1557795600,0.95,0.95,0.92,0.93,6011300,NaN,NaN,NaN,NaN,NaN,NaN,NaN
1557882000,0.94,0.95,0.94,0.95,1927700,NaN,NaN,NaN,NaN,NaN,NaN,NaN
1557968400,0.95,0.95,0.94,0.945,1048400,NaN,NaN,NaN,NaN,NaN,NaN,NaN
1558054800,0.945,0.945,0.94,0.945,533700,NaN,NaN,NaN,NaN,NaN,NaN,NaN
1558400400,0.945,0.945,0.93,0.935,3177700,NaN,NaN,NaN,NaN,NaN,NaN,NaN
1558573200,0.93,0.94,0.93,0.935,2191900,NaN,NaN,NaN,NaN,NaN,NaN,NaN
1558659600,0.935,0.94,0.925,0.925,3152700,NaN,NaN,NaN,NaN,NaN,NaN,NaN
1558918800,0.925,0.93,0.92,0.925,1679100,NaN,NaN,NaN,NaN,NaN,NaN,NaN
1559005200,0.93,0.93,0.92,0.92,6280100,NaN,NaN,NaN,NaN,NaN,NaN,NaN
1559091600,0.925,0.935,0.92,0.925,2048500,NaN,NaN,NaN,NaN,NaN,NaN,NaN
1559178000,0.925,0.94,0.925,0.93,1916900,NaN,NaN,NaN,NaN,NaN,NaN,NaN
1559264400,0.93,0.945,0.93,0.93,1530400,NaN,NaN,NaN,NaN,NaN,NaN,NaN
1559523600,0.93,0.935,0.92,0.925,2998900,NaN,NaN,NaN,NaN,NaN,NaN,NaN
1559610000,0.93,0.93,0.925,0.925,1195400,NaN,NaN,NaN,NaN,NaN,NaN,NaN
1559869200,0.93,0.95,0.93,0.935,1962000,NaN,NaN,NaN,NaN,NaN,NaN,NaN
1560128400,0.935,0.96,0.935,0.96,819900,NaN,NaN,NaN,NaN,NaN,NaN,NaN
1560214800,0.955,0.97,0.955,0.97,699500,NaN,NaN,NaN,NaN,NaN,NaN,NaN
1560301200,0.96,0.965,0.955,0.96,582800,NaN,NaN,NaN,NaN,NaN,NaN,NaN
1560387600,0.96,0.965,0.95,0.96,837500,NaN,NaN,NaN,NaN,NaN,NaN,NaN
1560474000,0.96,0.975,0.96,0.975,1073900,NaN,NaN,NaN,NaN,NaN,NaN,NaN
1560733200,0.98,0.98,0.97,0.975,2421500,NaN,NaN,NaN,NaN,NaN,NaN,NaN
1560819600,0.97,0.97,0.965,0.965,1433900,NaN,NaN,NaN,NaN,NaN,NaN,NaN
1560906000,0.96,0.965,0.94,0.95,906400,NaN,NaN,NaN,NaN,NaN,NaN,NaN
1560992400,0.97,0.97,0.95,0.955,588300,NaN,NaN,NaN,NaN,NaN,NaN,NaN
1561078800,0.96,1.03,0.95,1.03,2249500,NaN,NaN,NaN,NaN,NaN,NaN,NaN
1561338000,0.985,1.01,0.97,0.97,1597800,NaN,NaN,NaN,NaN,NaN,NaN,NaN
1561424400,0.97,0.98,0.965,0.965,692700,NaN,NaN,NaN,NaN,NaN,NaN,NaN
1561510800,0.965,0.965,0.95,0.955,1286800,NaN,NaN,NaN,NaN,NaN,NaN,NaN
1561597200,0.955,0.975,0.94,0.945,7501500,NaN,NaN,NaN,NaN,NaN,NaN,NaN
1561683600,0.945,0.95,0.935,0.935,2092500,4323009035,5572987000,3698973000,87705000,860269000,1714975000,2.13903743315508
1561942800,0.945,0.95,0.93,0.95,4291600,NaN,NaN,NaN,NaN,NaN,NaN,NaN
1562029200,0.945,0.95,0.935,0.935,3092800,NaN,NaN,NaN,NaN,NaN,NaN,NaN
1562115600,0.935,0.95,0.925,0.925,6512900,NaN,NaN,NaN,NaN,NaN,NaN,NaN
1562202000,0.93,0.945,0.925,0.945,5019400,NaN,NaN,NaN,NaN,NaN,NaN,NaN
1562288400,0.94,0.95,0.93,0.95,6417000,NaN,NaN,NaN,NaN,NaN,NaN,NaN
1562547600,0.95,0.955,0.945,0.945,2281300,NaN,NaN,NaN,NaN,NaN,NaN,NaN
1562634000,0.95,0.97,0.935,0.935,13287400,NaN,NaN,NaN,NaN,NaN,NaN,NaN
1562720400,0.94,0.95,0.935,0.95,5452200,NaN,NaN,NaN,NaN,NaN,NaN,NaN
1562806800,0.955,0.955,0.945,0.955,2483400,NaN,NaN,NaN,NaN,NaN,NaN,NaN
1562893200,0.955,0.99,0.95,0.99,2669300,NaN,NaN,NaN,NaN,NaN,NaN,NaN
1563152400,0.98,0.98,0.97,0.97,3469800,NaN,NaN,NaN,NaN,NaN,NaN,NaN
1563238800,0.975,0.98,0.965,0.98,4013100,NaN,NaN,NaN,NaN,NaN,NaN,NaN
1563325200,0.985,0.985,0.975,0.98,2435200,NaN,NaN,NaN,NaN,NaN,NaN,NaN
1563411600,0.985,0.985,0.97,0.98,3177600,NaN,NaN,NaN,NaN,NaN,NaN,NaN
1563498000,0.98,0.98,0.965,0.965,1666400,NaN,NaN,NaN,NaN,NaN,NaN,NaN
1563757200,0.965,0.965,0.955,0.955,2119800,NaN,NaN,NaN,NaN,NaN,NaN,NaN
1563843600,0.95,0.955,0.945,0.95,3264500,NaN,NaN,NaN,NaN,NaN,NaN,NaN
1563930000,0.945,0.955,0.945,0.945,3547700,NaN,NaN,NaN,NaN,NaN,NaN,NaN
1564016400,0.945,0.96,0.94,0.945,4492400,NaN,NaN,NaN,NaN,NaN,NaN,NaN
1564102800,0.945,0.95,0.935,0.945,5600500,NaN,NaN,NaN,NaN,NaN,NaN,NaN
1564362000,0.945,0.945,0.935,0.935,4720700,NaN,NaN,NaN,NaN,NaN,NaN,NaN
1564534800,0.94,0.94,0.925,0.935,8476900,NaN,NaN,NaN,NaN,NaN,NaN,NaN
1564621200,0.93,0.94,0.925,0.93,3709900,NaN,NaN,NaN,NaN,NaN,NaN,NaN
1564707600,0.93,0.935,0.9,0.925,12817700,NaN,NaN,NaN,NaN,NaN,NaN,NaN
1564966800,0.92,0.925,0.91,0.92,1441700,NaN,NaN,NaN,NaN,NaN,NaN,NaN
1565053200,0.91,0.95,0.9,0.95,5477500,NaN,NaN,NaN,NaN,NaN,NaN,NaN
1565139600,0.935,0.935,0.915,0.92,2157700,NaN,NaN,NaN,NaN,NaN,NaN,NaN
1565226000,0.92,0.92,0.9,0.91,10531700,NaN,NaN,NaN,NaN,NaN,NaN,NaN
1565312400,0.91,0.915,0.905,0.91,4455700,NaN,NaN,NaN,NaN,NaN,NaN,NaN
1565658000,0.905,0.905,0.89,0.9,8603900,NaN,NaN,NaN,NaN,NaN,NaN,NaN
1565744400,0.9,0.905,0.895,0.9,2716900,NaN,NaN,NaN,NaN,NaN,NaN,NaN
1565830800,0.89,0.905,0.885,0.895,5470600,NaN,NaN,NaN,NaN,NaN,NaN,NaN
1565917200,0.89,0.9,0.885,0.885,4666500,NaN,NaN,NaN,NaN,NaN,NaN,NaN
1566176400,0.89,0.895,0.885,0.89,6168700,NaN,NaN,NaN,NaN,NaN,NaN,NaN
1566262800,0.89,0.89,0.87,0.88,5335200,NaN,NaN,NaN,NaN,NaN,NaN,NaN
1566349200,0.885,0.885,0.875,0.88,2181500,NaN,NaN,NaN,NaN,NaN,NaN,NaN
1566435600,0.88,0.925,0.88,0.925,3200400,NaN,NaN,NaN,NaN,NaN,NaN,NaN
1566522000,0.92,0.92,0.895,0.9,1846000,NaN,NaN,NaN,NaN,NaN,NaN,NaN
1566781200,0.885,0.905,0.885,0.9,1905400,NaN,NaN,NaN,NaN,NaN,NaN,NaN
1566867600,0.895,0.9,0.89,0.895,2770000,NaN,NaN,NaN,NaN,NaN,NaN,NaN
1566954000,0.895,0.91,0.885,0.9,2336200,NaN,NaN,NaN,NaN,NaN,NaN,NaN
1567040400,0.9,0.9,0.89,0.89,1747300,NaN,NaN,NaN,NaN,NaN,NaN,NaN
1567126800,0.89,0.92,0.89,0.91,5384400,NaN,NaN,NaN,NaN,NaN,NaN,NaN
1567472400,0.91,0.925,0.9,0.905,5048200,NaN,NaN,NaN,NaN,NaN,NaN,NaN
1567558800,0.905,0.905,0.895,0.895,3180900,NaN,NaN,NaN,NaN,NaN,NaN,NaN
1567645200,0.9,0.91,0.895,0.9,2870100,NaN,NaN,NaN,NaN,NaN,NaN,NaN
1567731600,0.905,0.91,0.9,0.9,4124800,NaN,NaN,NaN,NaN,NaN,NaN,NaN
1568077200,0.905,0.91,0.895,0.9,572900,NaN,NaN,NaN,NaN,NaN,NaN,NaN
1568163600,0.9,0.915,0.9,0.91,2282800,NaN,NaN,NaN,NaN,NaN,NaN,NaN
1568250000,0.91,0.92,0.91,0.915,5953500,NaN,NaN,NaN,NaN,NaN,NaN,NaN
1568336400,0.915,0.92,0.91,0.915,12729900,NaN,NaN,NaN,NaN,NaN,NaN,NaN
1568682000,0.915,0.915,0.9,0.9,4195400,NaN,NaN,NaN,NaN,NaN,NaN,NaN
1568768400,0.905,0.91,0.9,0.9,3905300,NaN,NaN,NaN,NaN,NaN,NaN,NaN
1568854800,0.9,0.905,0.895,0.9,4678300,NaN,NaN,NaN,NaN,NaN,NaN,NaN
1568941200,0.9,0.9,0.885,0.895,6863400,NaN,NaN,NaN,NaN,NaN,NaN,NaN
1569200400,0.895,0.905,0.89,0.89,6582100,NaN,NaN,NaN,NaN,NaN,NaN,NaN
1569286800,0.895,0.905,0.89,0.9,4531900,NaN,NaN,NaN,NaN,NaN,NaN,NaN
1569373200,0.9,0.9,0.895,0.895,926100,NaN,NaN,NaN,NaN,NaN,NaN,NaN
1569459600,0.895,0.895,0.88,0.885,5503500,NaN,NaN,NaN,NaN,NaN,NaN,NaN
1569546000,0.885,0.89,0.87,0.88,7790500,NaN,NaN,NaN,NaN,NaN,NaN,NaN
1569805200,0.88,0.885,0.875,0.885,4639000,4284117355.0000005,5662470000,3793404000,88311000,919104000,1707722000,2.25988700564972
1569891600,0.885,0.89,0.88,0.88,2211100,NaN,NaN,NaN,NaN,NaN,NaN,NaN
1569978000,0.88,0.885,0.875,0.88,2927100,NaN,NaN,NaN,NaN,NaN,NaN,NaN
1570064400,0.885,0.885,0.87,0.875,5390300,NaN,NaN,NaN,NaN,NaN,NaN,NaN
1570150800,0.875,0.885,0.875,0.88,6603400,NaN,NaN,NaN,NaN,NaN,NaN,NaN
1570410000,0.88,0.895,0.875,0.885,3262200,NaN,NaN,NaN,NaN,NaN,NaN,NaN
1570496400,0.89,0.89,0.88,0.885,6390900,NaN,NaN,NaN,NaN,NaN,NaN,NaN
1570582800,0.885,0.89,0.875,0.875,4989600,NaN,NaN,NaN,NaN,NaN,NaN,NaN
1570669200,0.875,0.89,0.875,0.885,4137600,NaN,NaN,NaN,NaN,NaN,NaN,NaN
1570755600,0.885,0.905,0.885,0.9,2731300,NaN,NaN,NaN,NaN,NaN,NaN,NaN
1571014800,0.91,0.925,0.9,0.92,2907100,NaN,NaN,NaN,NaN,NaN,NaN,NaN
1571101200,0.915,0.915,0.9,0.9,2056900,NaN,NaN,NaN,NaN,NaN,NaN,NaN
1571187600,0.9,0.915,0.9,0.915,5115700,NaN,NaN,NaN,NaN,NaN,NaN,NaN
1571274000,0.915,0.92,0.9,0.91,1708400,NaN,NaN,NaN,NaN,NaN,NaN,NaN
1571360400,0.905,0.95,0.905,0.95,3417800,NaN,NaN,NaN,NaN,NaN,NaN,NaN
1571619600,0.935,0.95,0.915,0.95,2378800,NaN,NaN,NaN,NaN,NaN,NaN,NaN
1571706000,0.94,0.945,0.93,0.93,1307700,NaN,NaN,NaN,NaN,NaN,NaN,NaN
1571792400,0.925,0.93,0.915,0.915,1036000,NaN,NaN,NaN,NaN,NaN,NaN,NaN
1571878800,0.915,0.92,0.91,0.92,2031400,NaN,NaN,NaN,NaN,NaN,NaN,NaN
1571965200,0.915,0.935,0.915,0.93,2650000,NaN,NaN,NaN,NaN,NaN,NaN,NaN
1572310800,0.93,0.945,0.92,0.92,1503100,NaN,NaN,NaN,NaN,NaN,NaN,NaN
1572397200,0.92,0.925,0.915,0.925,4236100,NaN,NaN,NaN,NaN,NaN,NaN,NaN
1572483600,0.925,0.93,0.92,0.92,5340400,NaN,NaN,NaN,NaN,NaN,NaN,NaN
1572570000,0.92,0.935,0.92,0.93,1716600,NaN,NaN,NaN,NaN,NaN,NaN,NaN
1572829200,0.935,0.94,0.925,0.94,1238800,NaN,NaN,NaN,NaN,NaN,NaN,NaN
1572915600,0.945,0.945,0.93,0.93,2007600,NaN,NaN,NaN,NaN,NaN,NaN,NaN
1573002000,0.93,0.935,0.93,0.93,388900,NaN,NaN,NaN,NaN,NaN,NaN,NaN
1573088400,0.93,0.935,0.92,0.92,1146400,NaN,NaN,NaN,NaN,NaN,NaN,NaN
1573174800,0.925,0.93,0.92,0.925,670200,NaN,NaN,NaN,NaN,NaN,NaN,NaN
1573434000,0.925,0.925,0.915,0.925,1178000,NaN,NaN,NaN,NaN,NaN,NaN,NaN
1573520400,0.92,0.925,0.91,0.91,1341800,NaN,NaN,NaN,NaN,NaN,NaN,NaN
1573606800,0.91,0.93,0.905,0.915,1632100,NaN,NaN,NaN,NaN,NaN,NaN,NaN
1573693200,0.915,0.915,0.905,0.91,701500,NaN,NaN,NaN,NaN,NaN,NaN,NaN
1573779600,0.905,0.915,0.905,0.905,2497200,NaN,NaN,NaN,NaN,NaN,NaN,NaN
1574038800,0.91,0.915,0.91,0.91,731200,NaN,NaN,NaN,NaN,NaN,NaN,NaN
1574125200,0.91,0.92,0.905,0.915,1595200,NaN,NaN,NaN,NaN,NaN,NaN,NaN
1574211600,0.915,0.93,0.915,0.92,935900,NaN,NaN,NaN,NaN,NaN,NaN,NaN
1574298000,0.92,0.93,0.92,0.92,191900,NaN,NaN,NaN,NaN,NaN,NaN,NaN
1574384400,0.92,0.925,0.915,0.915,1887000,NaN,NaN,NaN,NaN,NaN,NaN,NaN
1574643600,0.915,0.925,0.915,0.915,1700400,NaN,NaN,NaN,NaN,NaN,NaN,NaN
1574730000,0.92,0.935,0.915,0.935,4224600,NaN,NaN,NaN,NaN,NaN,NaN,NaN
1574816400,0.925,0.925,0.905,0.91,1528400,NaN,NaN,NaN,NaN,NaN,NaN,NaN
1574902800,0.91,0.915,0.9,0.905,2986800,NaN,NaN,NaN,NaN,NaN,NaN,NaN
1574989200,0.905,0.92,0.905,0.905,2311800,NaN,NaN,NaN,NaN,NaN,NaN,NaN
1575248400,0.905,0.92,0.905,0.915,1320600,NaN,NaN,NaN,NaN,NaN,NaN,NaN
1575334800,0.915,0.92,0.91,0.915,938400,NaN,NaN,NaN,NaN,NaN,NaN,NaN
1575421200,0.925,0.925,0.915,0.92,1162900,NaN,NaN,NaN,NaN,NaN,NaN,NaN
1575507600,0.92,0.925,0.915,0.92,788300,NaN,NaN,NaN,NaN,NaN,NaN,NaN
1575594000,0.92,0.93,0.915,0.925,1268000,NaN,NaN,NaN,NaN,NaN,NaN,NaN
1575853200,0.925,0.935,0.925,0.935,1320900,NaN,NaN,NaN,NaN,NaN,NaN,NaN
1575939600,0.93,0.94,0.925,0.925,830200,NaN,NaN,NaN,NaN,NaN,NaN,NaN
1576026000,0.925,0.93,0.92,0.93,637500,NaN,NaN,NaN,NaN,NaN,NaN,NaN
1576112400,0.93,0.935,0.925,0.935,379800,NaN,NaN,NaN,NaN,NaN,NaN,NaN
1576198800,0.935,0.94,0.925,0.93,822100,NaN,NaN,NaN,NaN,NaN,NaN,NaN
1576458000,0.93,0.935,0.925,0.935,1307000,NaN,NaN,NaN,NaN,NaN,NaN,NaN
1576544400,0.93,0.935,0.92,0.925,1294900,NaN,NaN,NaN,NaN,NaN,NaN,NaN
1576630800,0.925,0.935,0.925,0.93,871800,NaN,NaN,NaN,NaN,NaN,NaN,NaN
1576717200,0.93,0.935,0.93,0.93,617300,NaN,NaN,NaN,NaN,NaN,NaN,NaN
1576803600,0.93,0.935,0.93,0.935,641400,NaN,NaN,NaN,NaN,NaN,NaN,NaN
1577062800,0.93,0.935,0.925,0.93,746000,NaN,NaN,NaN,NaN,NaN,NaN,NaN
1577149200,0.935,0.935,0.93,0.93,406500,NaN,NaN,NaN,NaN,NaN,NaN,NaN
1577322000,0.935,0.94,0.93,0.935,684300,NaN,NaN,NaN,NaN,NaN,NaN,NaN
1577408400,0.94,0.94,0.925,0.94,2727300,NaN,NaN,NaN,NaN,NaN,NaN,NaN
1577667600,0.94,0.945,0.94,0.94,631300,NaN,NaN,NaN,NaN,NaN,NaN,NaN
1577754000,0.94,0.955,0.94,0.945,3689500,4276890475,6056859000,4007595000,94437000,717926000,1892825000,2.11640211640212
1577926800,0.945,0.96,0.945,0.96,1554800,NaN,NaN,NaN,NaN,NaN,NaN,NaN
1578013200,0.96,0.96,0.95,0.96,658300,NaN,NaN,NaN,NaN,NaN,NaN,NaN
1578272400,0.96,0.96,0.945,0.955,684200,NaN,NaN,NaN,NaN,NaN,NaN,NaN
1578358800,0.95,0.96,0.95,0.96,621100,NaN,NaN,NaN,NaN,NaN,NaN,NaN
1578445200,0.965,0.965,0.955,0.955,1837700,NaN,NaN,NaN,NaN,NaN,NaN,NaN
1578531600,0.96,0.965,0.955,0.955,1974200,NaN,NaN,NaN,NaN,NaN,NaN,NaN
1578618000,0.96,0.96,0.945,0.95,1321300,NaN,NaN,NaN,NaN,NaN,NaN,NaN
1578877200,0.95,0.95,0.945,0.945,487500,NaN,NaN,NaN,NaN,NaN,NaN,NaN
1578963600,0.95,0.96,0.94,0.95,1088000,NaN,NaN,NaN,NaN,NaN,NaN,NaN
1579050000,0.955,0.96,0.95,0.955,2943100,NaN,NaN,NaN,NaN,NaN,NaN,NaN
1579136400,0.955,0.955,0.935,0.94,2651800,NaN,NaN,NaN,NaN,NaN,NaN,NaN
1579222800,0.94,0.96,0.94,0.955,3202100,NaN,NaN,NaN,NaN,NaN,NaN,NaN
1579482000,0.955,0.955,0.945,0.95,3098200,NaN,NaN,NaN,NaN,NaN,NaN,NaN
1579568400,0.95,0.955,0.945,0.95,2353900,NaN,NaN,NaN,NaN,NaN,NaN,NaN
1579654800,0.955,0.995,0.95,0.99,17567900,NaN,NaN,NaN,NaN,NaN,NaN,NaN
1579741200,1,1.01,0.98,0.98,3277300,NaN,NaN,NaN,NaN,NaN,NaN,NaN
1579827600,0.99,0.99,0.97,0.97,1138200,NaN,NaN,NaN,NaN,NaN,NaN,NaN
1580173200,0.99,1.04,0.99,1.02,11315700,NaN,NaN,NaN,NaN,NaN,NaN,NaN
1580259600,1.03,1.03,0.985,0.995,5510000,NaN,NaN,NaN,NaN,NaN,NaN,NaN
1580346000,1.01,1.01,0.97,0.97,3456500,NaN,NaN,NaN,NaN,NaN,NaN,NaN
1580432400,0.965,0.985,0.965,0.98,3724300,NaN,NaN,NaN,NaN,NaN,NaN,NaN
1580691600,0.975,0.975,0.95,0.955,6432300,NaN,NaN,NaN,NaN,NaN,NaN,NaN
1580778000,0.95,0.965,0.95,0.955,3687800,NaN,NaN,NaN,NaN,NaN,NaN,NaN
1580864400,0.965,0.985,0.955,0.985,5256500,NaN,NaN,NaN,NaN,NaN,NaN,NaN
1580950800,0.99,0.995,0.97,0.975,3902400,NaN,NaN,NaN,NaN,NaN,NaN,NaN
1581037200,0.985,0.985,0.965,0.97,2520500,NaN,NaN,NaN,NaN,NaN,NaN,NaN
1581296400,0.98,0.98,0.955,0.955,6326700,NaN,NaN,NaN,NaN,NaN,NaN,NaN
1581382800,0.96,0.97,0.955,0.96,2320100,NaN,NaN,NaN,NaN,NaN,NaN,NaN
1581469200,0.965,0.97,0.955,0.96,1917700,NaN,NaN,NaN,NaN,NaN,NaN,NaN
1581555600,0.96,0.975,0.955,0.97,3351900,NaN,NaN,NaN,NaN,NaN,NaN,NaN
1581642000,0.97,0.98,0.97,0.975,3695000,NaN,NaN,NaN,NaN,NaN,NaN,NaN
1581901200,0.975,0.985,0.975,0.98,1185200,NaN,NaN,NaN,NaN,NaN,NaN,NaN
1581987600,0.98,0.98,0.97,0.98,2235200,NaN,NaN,NaN,NaN,NaN,NaN,NaN
1582074000,0.98,0.985,0.98,0.98,1279200,NaN,NaN,NaN,NaN,NaN,NaN,NaN
1582160400,0.98,0.98,0.975,0.98,1264100,NaN,NaN,NaN,NaN,NaN,NaN,NaN
1582246800,0.975,0.99,0.975,0.98,3034100,NaN,NaN,NaN,NaN,NaN,NaN,NaN
1582506000,0.97,0.97,0.95,0.96,2397900,NaN,NaN,NaN,NaN,NaN,NaN,NaN
1582592400,0.955,0.965,0.95,0.95,4257600,NaN,NaN,NaN,NaN,NaN,NaN,NaN
1582678800,0.95,0.97,0.95,0.95,3533900,NaN,NaN,NaN,NaN,NaN,NaN,NaN
1582765200,0.955,0.965,0.95,0.955,3140200,NaN,NaN,NaN,NaN,NaN,NaN,NaN
1582851600,0.95,0.97,0.945,0.97,4100700,NaN,NaN,NaN,NaN,NaN,NaN,NaN
1583110800,0.97,0.97,0.955,0.97,2187300,NaN,NaN,NaN,NaN,NaN,NaN,NaN
1583197200,0.97,0.97,0.96,0.96,524700,NaN,NaN,NaN,NaN,NaN,NaN,NaN
1583283600,0.96,0.97,0.96,0.965,3544000,NaN,NaN,NaN,NaN,NaN,NaN,NaN
1583370000,0.965,0.97,0.965,0.97,841100,NaN,NaN,NaN,NaN,NaN,NaN,NaN
1583456400,0.965,0.975,0.965,0.97,778900,NaN,NaN,NaN,NaN,NaN,NaN,NaN
1583715600,0.96,0.96,0.945,0.95,1782700,NaN,NaN,NaN,NaN,NaN,NaN,NaN
1583802000,0.945,0.945,0.92,0.94,1331300,NaN,NaN,NaN,NaN,NaN,NaN,NaN
1583888400,0.94,0.955,0.935,0.95,416100,NaN,NaN,NaN,NaN,NaN,NaN,NaN
1583974800,0.94,0.945,0.935,0.94,1156800,NaN,NaN,NaN,NaN,NaN,NaN,NaN
1584061200,0.93,0.93,0.875,0.91,3818000,NaN,NaN,NaN,NaN,NaN,NaN,NaN
1584320400,0.905,0.905,0.85,0.86,2560900,NaN,NaN,NaN,NaN,NaN,NaN,NaN
1584406800,0.83,0.83,0.8,0.83,3102300,NaN,NaN,NaN,NaN,NaN,NaN,NaN
1584493200,0.825,0.84,0.785,0.81,2505300,NaN,NaN,NaN,NaN,NaN,NaN,NaN
1584579600,0.79,0.79,0.72,0.75,7861100,NaN,NaN,NaN,NaN,NaN,NaN,NaN
1584666000,0.75,0.78,0.74,0.775,1963500,NaN,NaN,NaN,NaN,NaN,NaN,NaN
1584925200,0.765,0.83,0.745,0.8,6036900,NaN,NaN,NaN,NaN,NaN,NaN,NaN
1585011600,0.825,0.83,0.8,0.83,1260200,NaN,NaN,NaN,NaN,NaN,NaN,NaN
1585098000,0.83,0.875,0.83,0.87,1276900,NaN,NaN,NaN,NaN,NaN,NaN,NaN
1585184400,0.88,0.91,0.865,0.91,1187100,NaN,NaN,NaN,NaN,NaN,NaN,NaN
1585270800,0.92,0.935,0.91,0.915,2936900,NaN,NaN,NaN,NaN,NaN,NaN,NaN
1585530000,0.88,0.905,0.865,0.9,2022100,NaN,NaN,NaN,NaN,NaN,NaN,NaN
1585616400,0.9,0.93,0.9,0.93,2044600,4279593300.0000005,5959499000,3889107000,82270000,665816000,1911952000,1.93548387096774
1585702800,0.92,0.93,0.905,0.905,773800,NaN,NaN,NaN,NaN,NaN,NaN,NaN
1585789200,0.905,0.925,0.905,0.92,380700,NaN,NaN,NaN,NaN,NaN,NaN,NaN
1585875600,0.92,0.92,0.895,0.9,587900,NaN,NaN,NaN,NaN,NaN,NaN,NaN
1586134800,0.9,0.9,0.875,0.885,1249200,NaN,NaN,NaN,NaN,NaN,NaN,NaN
1586221200,0.885,0.905,0.875,0.875,3135500,NaN,NaN,NaN,NaN,NaN,NaN,NaN
1586307600,0.87,0.89,0.86,0.87,4381500,NaN,NaN,NaN,NaN,NaN,NaN,NaN
1586394000,0.88,0.88,0.865,0.865,819300,NaN,NaN,NaN,NaN,NaN,NaN,NaN
1586480400,0.87,0.87,0.855,0.86,834800,NaN,NaN,NaN,NaN,NaN,NaN,NaN
1586739600,0.86,0.885,0.86,0.875,934600,NaN,NaN,NaN,NaN,NaN,NaN,NaN
1586826000,0.885,0.89,0.875,0.88,1745500,NaN,NaN,NaN,NaN,NaN,NaN,NaN
1586912400,0.885,0.9,0.88,0.89,1973200,NaN,NaN,NaN,NaN,NaN,NaN,NaN
1586998800,0.895,0.905,0.89,0.9,3055400,NaN,NaN,NaN,NaN,NaN,NaN,NaN
1587085200,0.9,0.9,0.885,0.885,2647200,NaN,NaN,NaN,NaN,NaN,NaN,NaN
1587344400,0.895,0.905,0.89,0.89,1078600,NaN,NaN,NaN,NaN,NaN,NaN,NaN
1587430800,0.89,0.89,0.865,0.875,1340500,NaN,NaN,NaN,NaN,NaN,NaN,NaN
1587517200,0.87,0.885,0.86,0.875,2305100,NaN,NaN,NaN,NaN,NaN,NaN,NaN
1587603600,0.875,0.885,0.875,0.885,324200,NaN,NaN,NaN,NaN,NaN,NaN,NaN
1587690000,0.885,0.89,0.875,0.875,693600,NaN,NaN,NaN,NaN,NaN,NaN,NaN
1587949200,0.875,0.89,0.875,0.885,688400,NaN,NaN,NaN,NaN,NaN,NaN,NaN
1588035600,0.885,0.885,0.865,0.88,1795000,NaN,NaN,NaN,NaN,NaN,NaN,NaN
1588122000,0.885,0.9,0.875,0.895,1432900,NaN,NaN,NaN,NaN,NaN,NaN,NaN
1588208400,0.885,0.9,0.885,0.895,1162700,NaN,NaN,NaN,NaN,NaN,NaN,NaN
1588554000,0.9,0.9,0.87,0.875,1312000,NaN,NaN,NaN,NaN,NaN,NaN,NaN
1588640400,0.88,0.89,0.875,0.885,811400,NaN,NaN,NaN,NaN,NaN,NaN,NaN
1588726800,0.885,0.885,0.87,0.87,968600,NaN,NaN,NaN,NaN,NaN,NaN,NaN
1588899600,0.875,0.89,0.87,0.87,1756900,NaN,NaN,NaN,NaN,NaN,NaN,NaN
1589245200,0.875,0.895,0.865,0.87,4405300,NaN,NaN,NaN,NaN,NaN,NaN,NaN
1589331600,0.87,0.89,0.87,0.885,2722600,NaN,NaN,NaN,NaN,NaN,NaN,NaN
1589418000,0.885,0.895,0.875,0.88,915400,NaN,NaN,NaN,NaN,NaN,NaN,NaN
1589504400,0.88,0.885,0.875,0.88,792700,NaN,NaN,NaN,NaN,NaN,NaN,NaN
1589763600,0.88,0.89,0.88,0.88,926400,NaN,NaN,NaN,NaN,NaN,NaN,NaN
1589850000,0.885,0.89,0.88,0.89,1559700,NaN,NaN,NaN,NaN,NaN,NaN,NaN
1589936400,0.89,0.89,0.885,0.89,787000,NaN,NaN,NaN,NaN,NaN,NaN,NaN
1590022800,0.895,0.895,0.885,0.885,848600,NaN,NaN,NaN,NaN,NaN,NaN,NaN
1590109200,0.89,0.895,0.87,0.875,4561000,NaN,NaN,NaN,NaN,NaN,NaN,NaN
1590541200,0.875,0.895,0.87,0.88,1906600,NaN,NaN,NaN,NaN,NaN,NaN,NaN
1590627600,0.88,0.885,0.875,0.885,3169700,NaN,NaN,NaN,NaN,NaN,NaN,NaN
1590714000,0.885,0.895,0.88,0.895,3026500,NaN,NaN,NaN,NaN,NaN,NaN,NaN
1590973200,0.895,0.925,0.89,0.895,3805500,NaN,NaN,NaN,NaN,NaN,NaN,NaN
1591059600,0.9,0.915,0.89,0.895,3440700,NaN,NaN,NaN,NaN,NaN,NaN,NaN
1591146000,0.9,0.9,0.885,0.885,4375300,NaN,NaN,NaN,NaN,NaN,NaN,NaN
1591232400,0.9,0.9,0.885,0.89,4421200,NaN,NaN,NaN,NaN,NaN,NaN,NaN
1591318800,0.89,0.905,0.89,0.89,2105200,NaN,NaN,NaN,NaN,NaN,NaN,NaN
1591664400,0.895,0.905,0.895,0.905,1215300,NaN,NaN,NaN,NaN,NaN,NaN,NaN
1591750800,0.9,0.905,0.895,0.895,2248800,NaN,NaN,NaN,NaN,NaN,NaN,NaN
1591837200,0.895,0.9,0.885,0.885,3557100,NaN,NaN,NaN,NaN,NaN,NaN,NaN
1591923600,0.875,0.875,0.84,0.845,10388700,NaN,NaN,NaN,NaN,NaN,NaN,NaN
1592182800,0.85,0.855,0.83,0.835,3236300,NaN,NaN,NaN,NaN,NaN,NaN,NaN
1592269200,0.84,0.86,0.84,0.855,2941700,NaN,NaN,NaN,NaN,NaN,NaN,NaN
1592355600,0.85,0.86,0.85,0.86,1210800,NaN,NaN,NaN,NaN,NaN,NaN,NaN
1592442000,0.86,0.86,0.855,0.855,2657900,NaN,NaN,NaN,NaN,NaN,NaN,NaN
1592528400,0.855,0.855,0.85,0.85,2638500,NaN,NaN,NaN,NaN,NaN,NaN,NaN
1592787600,0.855,0.86,0.84,0.84,966300,NaN,NaN,NaN,NaN,NaN,NaN,NaN
1592874000,0.85,0.85,0.84,0.85,1320000,NaN,NaN,NaN,NaN,NaN,NaN,NaN
1592960400,0.85,0.85,0.84,0.845,1251300,NaN,NaN,NaN,NaN,NaN,NaN,NaN
1593046800,0.84,0.845,0.83,0.83,762000,NaN,NaN,NaN,NaN,NaN,NaN,NaN
1593133200,0.84,0.84,0.835,0.84,145200,NaN,NaN,NaN,NaN,NaN,NaN,NaN
1593392400,0.84,0.84,0.81,0.82,925800,NaN,NaN,NaN,NaN,NaN,NaN,NaN
1593478800,0.82,0.84,0.82,0.84,536000,4279610300.0000005,5788443000,3718860000,42155000,475849000,1912867000,1.54761904761905
1593565200,0.845,0.845,0.825,0.825,595900,NaN,NaN,NaN,NaN,NaN,NaN,NaN
1593651600,0.83,0.84,0.83,0.835,262200,NaN,NaN,NaN,NaN,NaN,NaN,NaN
1593738000,0.84,0.84,0.83,0.835,604300,NaN,NaN,NaN,NaN,NaN,NaN,NaN
1593997200,0.835,0.84,0.83,0.83,1226400,NaN,NaN,NaN,NaN,NaN,NaN,NaN
1594083600,0.835,0.84,0.83,0.835,1382600,NaN,NaN,NaN,NaN,NaN,NaN,NaN
1594170000,0.83,0.835,0.825,0.835,2283000,NaN,NaN,NaN,NaN,NaN,NaN,NaN
1594256400,0.835,0.835,0.815,0.825,2209000,NaN,NaN,NaN,NaN,NaN,NaN,NaN
1594342800,0.825,0.825,0.815,0.82,2647400,NaN,NaN,NaN,NaN,NaN,NaN,NaN
1594602000,0.82,0.82,0.81,0.815,2047000,NaN,NaN,NaN,NaN,NaN,NaN,NaN
1594688400,0.815,0.82,0.81,0.81,1800100,NaN,NaN,NaN,NaN,NaN,NaN,NaN
1594774800,0.81,0.815,0.805,0.81,1598700,NaN,NaN,NaN,NaN,NaN,NaN,NaN
1594861200,0.81,0.81,0.805,0.805,885500,NaN,NaN,NaN,NaN,NaN,NaN,NaN
1594947600,0.805,0.81,0.8,0.8,1814200,NaN,NaN,NaN,NaN,NaN,NaN,NaN
1595206800,0.815,0.815,0.79,0.79,3143900,NaN,NaN,NaN,NaN,NaN,NaN,NaN
1595293200,0.8,0.8,0.77,0.78,4440100,NaN,NaN,NaN,NaN,NaN,NaN,NaN
1595379600,0.785,0.895,0.785,0.83,38021400,NaN,NaN,NaN,NaN,NaN,NaN,NaN
1595466000,0.835,0.86,0.81,0.815,9427700,NaN,NaN,NaN,NaN,NaN,NaN,NaN
1595552400,0.815,0.815,0.8,0.805,2689200,NaN,NaN,NaN,NaN,NaN,NaN,NaN
1595811600,0.81,0.815,0.795,0.8,3275500,NaN,NaN,NaN,NaN,NaN,NaN,NaN
1595898000,0.8,0.815,0.8,0.81,2242200,NaN,NaN,NaN,NaN,NaN,NaN,NaN
1595984400,0.81,0.815,0.8,0.8,1681400,NaN,NaN,NaN,NaN,NaN,NaN,NaN
1596070800,0.8,0.805,0.785,0.785,2580500,NaN,NaN,NaN,NaN,NaN,NaN,NaN
1596416400,0.79,0.82,0.785,0.815,3024900,NaN,NaN,NaN,NaN,NaN,NaN,NaN
1596502800,0.83,0.84,0.81,0.82,2528300,NaN,NaN,NaN,NaN,NaN,NaN,NaN
1596589200,0.82,0.84,0.81,0.83,3623700,NaN,NaN,NaN,NaN,NaN,NaN,NaN
1596675600,0.83,0.835,0.815,0.82,2500100,NaN,NaN,NaN,NaN,NaN,NaN,NaN
1596762000,0.835,0.85,0.83,0.83,6209900,NaN,NaN,NaN,NaN,NaN,NaN,NaN
1597021200,0.83,0.85,0.815,0.845,4325700,NaN,NaN,NaN,NaN,NaN,NaN,NaN
1597107600,0.85,0.86,0.84,0.85,5159600,NaN,NaN,NaN,NaN,NaN,NaN,NaN
1597194000,0.855,0.855,0.82,0.85,2726000,NaN,NaN,NaN,NaN,NaN,NaN,NaN
1597280400,0.845,0.85,0.83,0.845,1643100,NaN,NaN,NaN,NaN,NaN,NaN,NaN
1597366800,0.835,0.84,0.795,0.82,4669900,NaN,NaN,NaN,NaN,NaN,NaN,NaN
1597626000,0.82,0.82,0.8,0.81,1579800,NaN,NaN,NaN,NaN,NaN,NaN,NaN
1597712400,0.81,0.825,0.805,0.82,1094300,NaN,NaN,NaN,NaN,NaN,NaN,NaN
1597798800,0.82,0.825,0.81,0.82,730600,NaN,NaN,NaN,NaN,NaN,NaN,NaN
1597971600,0.82,0.82,0.81,0.815,930200,NaN,NaN,NaN,NaN,NaN,NaN,NaN
1598230800,0.815,0.835,0.815,0.835,1365300,NaN,NaN,NaN,NaN,NaN,NaN,NaN
1598317200,0.835,0.835,0.82,0.82,1524900,NaN,NaN,NaN,NaN,NaN,NaN,NaN
1598403600,0.825,0.83,0.82,0.825,1247100,NaN,NaN,NaN,NaN,NaN,NaN,NaN
1598490000,0.83,0.83,0.815,0.825,1256000,NaN,NaN,NaN,NaN,NaN,NaN,NaN
1598576400,0.825,0.83,0.82,0.825,2796000,NaN,NaN,NaN,NaN,NaN,NaN,NaN
1598922000,0.835,0.835,0.825,0.825,1668900,NaN,NaN,NaN,NaN,NaN,NaN,NaN
1599008400,0.83,0.835,0.825,0.825,206400,NaN,NaN,NaN,NaN,NaN,NaN,NaN
1599094800,0.83,0.83,0.82,0.825,1203500,NaN,NaN,NaN,NaN,NaN,NaN,NaN
1599181200,0.825,0.85,0.82,0.85,2314400,NaN,NaN,NaN,NaN,NaN,NaN,NaN
1599440400,0.85,0.85,0.835,0.835,1143800,NaN,NaN,NaN,NaN,NaN,NaN,NaN
1599526800,0.84,0.84,0.82,0.825,1548100,NaN,NaN,NaN,NaN,NaN,NaN,NaN
1599613200,0.83,0.83,0.82,0.825,434000,NaN,NaN,NaN,NaN,NaN,NaN,NaN
1599699600,0.83,0.83,0.815,0.825,1620200,NaN,NaN,NaN,NaN,NaN,NaN,NaN
1599786000,0.82,0.855,0.815,0.85,3413500,NaN,NaN,NaN,NaN,NaN,NaN,NaN
1600045200,0.85,0.855,0.84,0.855,1036700,NaN,NaN,NaN,NaN,NaN,NaN,NaN
1600131600,0.855,0.86,0.84,0.855,1736200,NaN,NaN,NaN,NaN,NaN,NaN,NaN
1600304400,0.855,0.865,0.855,0.86,2827200,NaN,NaN,NaN,NaN,NaN,NaN,NaN
1600390800,0.855,0.865,0.85,0.86,3358000,NaN,NaN,NaN,NaN,NaN,NaN,NaN
1600650000,0.86,0.86,0.86,0.86,877200,NaN,NaN,NaN,NaN,NaN,NaN,NaN
1600736400,0.86,0.865,0.855,0.865,1487700,NaN,NaN,NaN,NaN,NaN,NaN,NaN
1600822800,0.865,0.865,0.84,0.855,2925800,NaN,NaN,NaN,NaN,NaN,NaN,NaN
1600909200,0.855,0.855,0.835,0.855,1630000,NaN,NaN,NaN,NaN,NaN,NaN,NaN
1600995600,0.855,0.855,0.835,0.845,1070200,NaN,NaN,NaN,NaN,NaN,NaN,NaN
1601254800,0.84,0.85,0.84,0.84,374800,NaN,NaN,NaN,NaN,NaN,NaN,NaN
1601341200,0.84,0.845,0.84,0.84,1115800,NaN,NaN,NaN,NaN,NaN,NaN,NaN
1601427600,0.845,0.86,0.845,0.85,2252700,4279610300.0000005,5973367000,3871547000,82348000,633438000,1943495000,0.941176470588235
1601514000,0.86,0.86,0.85,0.85,1059800,NaN,NaN,NaN,NaN,NaN,NaN,NaN
1601600400,0.85,0.855,0.84,0.85,2055200,NaN,NaN,NaN,NaN,NaN,NaN,NaN
1601859600,0.85,0.85,0.845,0.85,901800,NaN,NaN,NaN,NaN,NaN,NaN,NaN
1601946000,0.85,0.855,0.85,0.85,297500,NaN,NaN,NaN,NaN,NaN,NaN,NaN
1602032400,0.85,0.855,0.85,0.85,682400,NaN,NaN,NaN,NaN,NaN,NaN,NaN
1602118800,0.85,0.85,0.845,0.845,161200,NaN,NaN,NaN,NaN,NaN,NaN,NaN
1602205200,0.845,0.855,0.845,0.85,414800,NaN,NaN,NaN,NaN,NaN,NaN,NaN
1602464400,0.855,0.855,0.85,0.855,1768100,NaN,NaN,NaN,NaN,NaN,NaN,NaN
1602550800,0.855,0.855,0.85,0.85,158400,NaN,NaN,NaN,NaN,NaN,NaN,NaN
1602637200,0.85,0.865,0.85,0.865,2445300,NaN,NaN,NaN,NaN,NaN,NaN,NaN
1602723600,0.865,0.865,0.855,0.855,2331800,NaN,NaN,NaN,NaN,NaN,NaN,NaN
1602810000,0.855,0.865,0.855,0.865,470200,NaN,NaN,NaN,NaN,NaN,NaN,NaN
1603069200,0.865,0.875,0.86,0.87,2938700,NaN,NaN,NaN,NaN,NaN,NaN,NaN
1603155600,0.87,0.875,0.87,0.875,1637000,NaN,NaN,NaN,NaN,NaN,NaN,NaN
1603242000,0.875,0.885,0.875,0.88,5868700,NaN,NaN,NaN,NaN,NaN,NaN,NaN
1603328400,0.88,0.895,0.87,0.87,3945300,NaN,NaN,NaN,NaN,NaN,NaN,NaN
1603414800,0.87,0.88,0.86,0.86,1018100,NaN,NaN,NaN,NaN,NaN,NaN,NaN
1603674000,0.86,0.875,0.855,0.86,1939100,NaN,NaN,NaN,NaN,NaN,NaN,NaN
1603760400,0.855,0.87,0.845,0.87,1783700,NaN,NaN,NaN,NaN,NaN,NaN,NaN
1603846800,0.865,0.87,0.865,0.87,1133200,NaN,NaN,NaN,NaN,NaN,NaN,NaN
1604019600,0.86,0.865,0.845,0.85,757000,NaN,NaN,NaN,NaN,NaN,NaN,NaN
1604278800,0.84,0.845,0.84,0.84,740900,NaN,NaN,NaN,NaN,NaN,NaN,NaN
1604365200,0.855,0.855,0.835,0.835,482800,NaN,NaN,NaN,NaN,NaN,NaN,NaN
1604451600,0.835,0.845,0.835,0.845,276000,NaN,NaN,NaN,NaN,NaN,NaN,NaN
1604538000,0.845,0.87,0.845,0.855,2226800,NaN,NaN,NaN,NaN,NaN,NaN,NaN
1604624400,0.855,0.875,0.85,0.865,1259700,NaN,NaN,NaN,NaN,NaN,NaN,NaN
1604883600,0.875,0.875,0.86,0.87,1771400,NaN,NaN,NaN,NaN,NaN,NaN,NaN
1604970000,0.875,0.89,0.875,0.88,6948700,NaN,NaN,NaN,NaN,NaN,NaN,NaN
1605056400,0.885,0.905,0.885,0.905,6281400,NaN,NaN,NaN,NaN,NaN,NaN,NaN
1605142800,0.905,0.915,0.9,0.91,3829900,NaN,NaN,NaN,NaN,NaN,NaN,NaN
1605229200,0.91,0.92,0.905,0.92,1467600,NaN,NaN,NaN,NaN,NaN,NaN,NaN
1605488400,0.925,0.925,0.915,0.92,3133000,NaN,NaN,NaN,NaN,NaN,NaN,NaN
1605574800,0.925,0.93,0.915,0.925,1312400,NaN,NaN,NaN,NaN,NaN,NaN,NaN
1605661200,0.92,0.925,0.92,0.925,393700,NaN,NaN,NaN,NaN,NaN,NaN,NaN
1605747600,0.925,0.93,0.92,0.925,465300,NaN,NaN,NaN,NaN,NaN,NaN,NaN
1605834000,0.925,0.93,0.92,0.925,1708100,NaN,NaN,NaN,NaN,NaN,NaN,NaN
1606093200,0.92,0.93,0.92,0.93,693600,NaN,NaN,NaN,NaN,NaN,NaN,NaN
1606179600,0.93,0.93,0.915,0.92,678600,NaN,NaN,NaN,NaN,NaN,NaN,NaN
1606266000,0.92,0.92,0.905,0.905,651600,NaN,NaN,NaN,NaN,NaN,NaN,NaN
1606352400,0.9,0.905,0.895,0.905,1516900,NaN,NaN,NaN,NaN,NaN,NaN,NaN
1606438800,0.905,0.92,0.905,0.915,198700,NaN,NaN,NaN,NaN,NaN,NaN,NaN
1606698000,0.92,0.955,0.915,0.955,7629800,NaN,NaN,NaN,NaN,NaN,NaN,NaN
1606784400,0.965,1,0.95,0.99,7404700,NaN,NaN,NaN,NaN,NaN,NaN,NaN
1606870800,1,1,0.975,0.995,3345200,NaN,NaN,NaN,NaN,NaN,NaN,NaN
1606957200,0.995,1,0.99,1,3242300,NaN,NaN,NaN,NaN,NaN,NaN,NaN
1607043600,1,1,0.985,0.995,1241500,NaN,NaN,NaN,NaN,NaN,NaN,NaN
1607302800,0.995,1.02,0.99,1.01,5454800,NaN,NaN,NaN,NaN,NaN,NaN,NaN
1607389200,1,1.02,1,1.01,4890700,NaN,NaN,NaN,NaN,NaN,NaN,NaN
1607475600,1.01,1.02,1,1.01,1665100,NaN,NaN,NaN,NaN,NaN,NaN,NaN
1607562000,1.01,1.04,1.01,1.03,2898700,NaN,NaN,NaN,NaN,NaN,NaN,NaN
1607648400,1.03,1.04,1.02,1.04,2746300,NaN,NaN,NaN,NaN,NaN,NaN,NaN
1607907600,1.03,1.03,0.96,0.99,4459300,NaN,NaN,NaN,NaN,NaN,NaN,NaN
1607994000,0.99,1,0.96,0.995,2423800,NaN,NaN,NaN,NaN,NaN,NaN,NaN
1608080400,1,1.02,1,1.01,4178400,NaN,NaN,NaN,NaN,NaN,NaN,NaN
1608166800,1.02,1.02,1.01,1.02,1827700,NaN,NaN,NaN,NaN,NaN,NaN,NaN
1608253200,1.02,1.02,0.99,1,2235300,NaN,NaN,NaN,NaN,NaN,NaN,NaN
1608512400,1,1,0.99,1,721400,NaN,NaN,NaN,NaN,NaN,NaN,NaN
1608598800,1,1.02,1,1.02,1256000,NaN,NaN,NaN,NaN,NaN,NaN,NaN
1608685200,1.02,1.02,0.995,1.01,848500,NaN,NaN,NaN,NaN,NaN,NaN,NaN
1608771600,1.01,1.02,1,1.01,1052900,NaN,NaN,NaN,NaN,NaN,NaN,NaN
1609117200,1,1.01,0.995,1,395800,NaN,NaN,NaN,NaN,NaN,NaN,NaN
1609203600,1.01,1.01,1,1,757200,NaN,NaN,NaN,NaN,NaN,NaN,NaN
1609290000,1,1.01,1,1.01,734400,NaN,NaN,NaN,NaN,NaN,NaN,NaN
1609376400,1.01,1.01,1,1,308300,4279736036.0000005,6141431000,3939219000,48437000,622340000,2050083999.9999998,0.7
1609722000,1.01,1.01,0.985,1,1344600,NaN,NaN,NaN,NaN,NaN,NaN,NaN
1609808400,0.99,1.01,0.98,0.995,1649100,NaN,NaN,NaN,NaN,NaN,NaN,NaN
1609894800,0.985,1.01,0.985,1,1209700,NaN,NaN,NaN,NaN,NaN,NaN,NaN
1609981200,1.02,1.02,0.985,0.985,1689000,NaN,NaN,NaN,NaN,NaN,NaN,NaN
1610067600,0.985,0.995,0.98,0.99,579900,NaN,NaN,NaN,NaN,NaN,NaN,NaN
1610326800,0.995,1,0.98,1,1056500,NaN,NaN,NaN,NaN,NaN,NaN,NaN
1610413200,0.985,0.985,0.955,0.96,1234400,NaN,NaN,NaN,NaN,NaN,NaN,NaN
1610499600,0.97,0.985,0.96,0.985,1361500,NaN,NaN,NaN,NaN,NaN,NaN,NaN
1610586000,0.985,0.99,0.97,0.99,1951900,NaN,NaN,NaN,NaN,NaN,NaN,NaN
1610672400,0.99,0.99,0.97,0.985,566000,NaN,NaN,NaN,NaN,NaN,NaN,NaN
1610931600,0.99,0.99,0.95,0.96,2560600,NaN,NaN,NaN,NaN,NaN,NaN,NaN
1611018000,0.965,0.97,0.93,0.935,1914700,NaN,NaN,NaN,NaN,NaN,NaN,NaN
1611104400,0.935,0.96,0.93,0.93,4945500,NaN,NaN,NaN,NaN,NaN,NaN,NaN
1611190800,0.935,0.945,0.93,0.93,555800,NaN,NaN,NaN,NaN,NaN,NaN,NaN
1611277200,0.93,0.945,0.93,0.945,646200,NaN,NaN,NaN,NaN,NaN,NaN,NaN
1611536400,0.95,0.955,0.925,0.93,2816100,NaN,NaN,NaN,NaN,NaN,NaN,NaN
1611622800,0.93,0.935,0.925,0.93,1451900,NaN,NaN,NaN,NaN,NaN,NaN,NaN
1611709200,0.935,0.935,0.93,0.93,2997400,NaN,NaN,NaN,NaN,NaN,NaN,NaN
1611882000,0.93,0.93,0.92,0.92,1042400,NaN,NaN,NaN,NaN,NaN,NaN,NaN
1612227600,0.92,0.92,0.91,0.915,2432000,NaN,NaN,NaN,NaN,NaN,NaN,NaN
1612314000,0.915,0.925,0.915,0.925,1152400,NaN,NaN,NaN,NaN,NaN,NaN,NaN
1612400400,0.92,0.96,0.92,0.96,907200,NaN,NaN,NaN,NaN,NaN,NaN,NaN
1612486800,0.96,0.96,0.945,0.955,272900,NaN,NaN,NaN,NaN,NaN,NaN,NaN
1612746000,0.945,0.95,0.915,0.935,622800,NaN,NaN,NaN,NaN,NaN,NaN,NaN
1612832400,0.92,0.945,0.92,0.94,1154500,NaN,NaN,NaN,NaN,NaN,NaN,NaN
1612918800,0.935,0.945,0.93,0.935,965800,NaN,NaN,NaN,NaN,NaN,NaN,NaN
1613005200,0.935,0.935,0.93,0.935,123000,NaN,NaN,NaN,NaN,NaN,NaN,NaN
1613350800,0.925,0.96,0.925,0.96,966700,NaN,NaN,NaN,NaN,NaN,NaN,NaN
1613437200,0.96,0.97,0.95,0.97,1218400,NaN,NaN,NaN,NaN,NaN,NaN,NaN
1613523600,0.975,0.98,0.945,0.98,3491200,NaN,NaN,NaN,NaN,NaN,NaN,NaN
1613610000,0.985,0.995,0.97,0.98,2412000,NaN,NaN,NaN,NaN,NaN,NaN,NaN
1613696400,0.975,1,0.96,1,6120600,NaN,NaN,NaN,NaN,NaN,NaN,NaN
1613955600,1,1.02,0.98,1,3935000,NaN,NaN,NaN,NaN,NaN,NaN,NaN
1614042000,1,1,0.98,0.995,2099900,NaN,NaN,NaN,NaN,NaN,NaN,NaN
1614128400,0.99,1,0.985,1,2082900,NaN,NaN,NaN,NaN,NaN,NaN,NaN
1614214800,0.995,1,0.985,1,1043600,NaN,NaN,NaN,NaN,NaN,NaN,NaN
1614301200,0.99,1,0.985,1,2895600,NaN,NaN,NaN,NaN,NaN,NaN,NaN
1614560400,0.99,1,0.985,1,2025400,NaN,NaN,NaN,NaN,NaN,NaN,NaN
1614646800,1,1.01,0.99,1,2590800,NaN,NaN,NaN,NaN,NaN,NaN,NaN
1614733200,1,1.06,1,1.05,18368100,NaN,NaN,NaN,NaN,NaN,NaN,NaN
1614819600,1.06,1.11,1.04,1.09,16390600,NaN,NaN,NaN,NaN,NaN,NaN,NaN
1614906000,1.09,1.1,1.04,1.05,9923100,NaN,NaN,NaN,NaN,NaN,NaN,NaN
1615165200,1.05,1.05,0.995,1.01,3408100,NaN,NaN,NaN,NaN,NaN,NaN,NaN
1615251600,1,1.03,1,1.03,4598000,NaN,NaN,NaN,NaN,NaN,NaN,NaN
1615338000,1.02,1.03,1.01,1.03,1530600,NaN,NaN,NaN,NaN,NaN,NaN,NaN
1615424400,1.04,1.04,1,1.02,4185200,NaN,NaN,NaN,NaN,NaN,NaN,NaN
1615510800,1.02,1.03,1.01,1.02,3686800,NaN,NaN,NaN,NaN,NaN,NaN,NaN
1615770000,1.02,1.03,1.01,1.01,5305400,NaN,NaN,NaN,NaN,NaN,NaN,NaN
1615856400,1.01,1.03,1.01,1.03,3822300,NaN,NaN,NaN,NaN,NaN,NaN,NaN
1615942800,1.03,1.04,1.02,1.04,2263200,NaN,NaN,NaN,NaN,NaN,NaN,NaN
1616029200,1.03,1.04,1.02,1.03,3116000,NaN,NaN,NaN,NaN,NaN,NaN,NaN
1616115600,1.03,1.03,1,1.01,6697300,NaN,NaN,NaN,NaN,NaN,NaN,NaN
1616374800,1.01,1.03,1,1.01,5378700,NaN,NaN,NaN,NaN,NaN,NaN,NaN
1616461200,1.01,1.03,1.01,1.02,1511100,NaN,NaN,NaN,NaN,NaN,NaN,NaN
1616547600,1.01,1.03,1,1.02,2057800,NaN,NaN,NaN,NaN,NaN,NaN,NaN
1616634000,1.02,1.03,1.02,1.03,1463800,NaN,NaN,NaN,NaN,NaN,NaN,NaN
1616720400,1.02,1.04,1.02,1.04,659900,NaN,NaN,NaN,NaN,NaN,NaN,NaN
1616979600,1.02,1.04,1.02,1.04,186500,NaN,NaN,NaN,NaN,NaN,NaN,NaN
1617066000,1.04,1.04,1.01,1.04,2376600,NaN,NaN,NaN,NaN,NaN,NaN,NaN
1617152400,1.03,1.06,1.02,1.03,3918000,4280463300.0000005,6254680000,4038853000,49777000,605944000,2061437000,0.388349514563107
1617238800,1.02,1.04,1.02,1.03,404000,NaN,NaN,NaN,NaN,NaN,NaN,NaN
1617325200,1.02,1.04,1.02,1.04,452700,NaN,NaN,NaN,NaN,NaN,NaN,NaN
1617584400,1.04,1.07,1.03,1.05,1645600,NaN,NaN,NaN,NaN,NaN,NaN,NaN
1617670800,1.05,1.05,1.03,1.05,529400,NaN,NaN,NaN,NaN,NaN,NaN,NaN
1617757200,1.05,1.05,1.02,1.05,3337300,NaN,NaN,NaN,NaN,NaN,NaN,NaN
1617843600,1.05,1.06,1.04,1.05,3916300,NaN,NaN,NaN,NaN,NaN,NaN,NaN
1617930000,1.05,1.06,1.04,1.05,2750200,NaN,NaN,NaN,NaN,NaN,NaN,NaN
1618189200,1.05,1.08,1.04,1.05,5103700,NaN,NaN,NaN,NaN,NaN,NaN,NaN
1618275600,1.05,1.05,1.02,1.03,2261500,NaN,NaN,NaN,NaN,NaN,NaN,NaN
1618362000,1.03,1.05,1.03,1.04,1805400,NaN,NaN,NaN,NaN,NaN,NaN,NaN
1618448400,1.04,1.05,1.03,1.04,1437200,NaN,NaN,NaN,NaN,NaN,NaN,NaN
1618534800,1.04,1.05,1.03,1.04,2278200,NaN,NaN,NaN,NaN,NaN,NaN,NaN
1618794000,1.04,1.05,1.03,1.03,2954300,NaN,NaN,NaN,NaN,NaN,NaN,NaN
1618880400,1.03,1.05,1.02,1.04,2989600,NaN,NaN,NaN,NaN,NaN,NaN,NaN
1618966800,1.05,1.05,1.03,1.05,2508000,NaN,NaN,NaN,NaN,NaN,NaN,NaN
1619053200,1.04,1.05,1.02,1.04,3431200,NaN,NaN,NaN,NaN,NaN,NaN,NaN
1619139600,1.04,1.04,1.03,1.04,390700,NaN,NaN,NaN,NaN,NaN,NaN,NaN
1619398800,1.04,1.04,1.02,1.02,4017000,NaN,NaN,NaN,NaN,NaN,NaN,NaN
1619485200,1.02,1.02,1,1.01,2515200,NaN,NaN,NaN,NaN,NaN,NaN,NaN
1619571600,1.01,1.02,1,1.02,1432900,NaN,NaN,NaN,NaN,NaN,NaN,NaN
1619744400,1.01,1.02,1,1.02,2019100,NaN,NaN,NaN,NaN,NaN,NaN,NaN
1620003600,1.02,1.02,1,1.02,2531500,NaN,NaN,NaN,NaN,NaN,NaN,NaN
1620090000,1.02,1.02,1.01,1.01,1007700,NaN,NaN,NaN,NaN,NaN,NaN,NaN
1620176400,1.01,1.02,1,1.01,1939900,NaN,NaN,NaN,NaN,NaN,NaN,NaN
1620262800,1,1.01,0.97,0.98,3432000,NaN,NaN,NaN,NaN,NaN,NaN,NaN
1620349200,0.98,1,0.975,0.99,2227400,NaN,NaN,NaN,NaN,NaN,NaN,NaN
1620608400,0.995,1.02,0.995,1.02,1395700,NaN,NaN,NaN,NaN,NaN,NaN,NaN
1620694800,1.02,1.02,1,1.01,513000,NaN,NaN,NaN,NaN,NaN,NaN,NaN
1620781200,1.01,1.02,1,1.01,213100,NaN,NaN,NaN,NaN,NaN,NaN,NaN
1621213200,1,1,0.985,0.995,784100,NaN,NaN,NaN,NaN,NaN,NaN,NaN
1621299600,0.995,1,0.99,0.995,656500,NaN,NaN,NaN,NaN,NaN,NaN,NaN
1621386000,1,1,0.995,0.995,546700,NaN,NaN,NaN,NaN,NaN,NaN,NaN
1621472400,0.995,1.02,0.995,1,2173700,NaN,NaN,NaN,NaN,NaN,NaN,NaN
1621558800,1,1.01,0.99,0.995,1022200,NaN,NaN,NaN,NaN,NaN,NaN,NaN
1621818000,1,1,0.995,0.995,4009600,NaN,NaN,NaN,NaN,NaN,NaN,NaN
1621904400,0.995,1,0.985,1,1628500,NaN,NaN,NaN,NaN,NaN,NaN,NaN
1622077200,1,1,0.97,1,5626000,NaN,NaN,NaN,NaN,NaN,NaN,NaN
1622163600,0.995,0.995,0.98,0.985,782900,NaN,NaN,NaN,NaN,NaN,NaN,NaN
1622422800,0.985,1.01,0.97,1,1084700,NaN,NaN,NaN,NaN,NaN,NaN,NaN
1622509200,0.995,1.01,0.995,1,1231500,NaN,NaN,NaN,NaN,NaN,NaN,NaN
1622595600,1,1.02,1,1.01,874900,NaN,NaN,NaN,NaN,NaN,NaN,NaN
1622682000,1.01,1.02,1,1.02,325200,NaN,NaN,NaN,NaN,NaN,NaN,NaN
1622768400,1.01,1.02,1,1,238400,NaN,NaN,NaN,NaN,NaN,NaN,NaN
1623114000,1,1,0.995,1,315500,NaN,NaN,NaN,NaN,NaN,NaN,NaN
1623200400,1.01,1.01,1,1,419300,NaN,NaN,NaN,NaN,NaN,NaN,NaN
1623286800,1,1.01,1,1.01,411500,NaN,NaN,NaN,NaN,NaN,NaN,NaN
1623373200,1,1.01,0.99,0.99,820600,NaN,NaN,NaN,NaN,NaN,NaN,NaN
1623632400,0.99,1.01,0.99,1.01,309400,NaN,NaN,NaN,NaN,NaN,NaN,NaN
1623718800,1,1.02,1,1.01,575400,NaN,NaN,NaN,NaN,NaN,NaN,NaN
1623805200,1.01,1.02,1,1.02,597600,NaN,NaN,NaN,NaN,NaN,NaN,NaN
1623891600,1,1.03,1,1.03,1320200,NaN,NaN,NaN,NaN,NaN,NaN,NaN
1623978000,1.03,1.03,1.02,1.03,1208800,NaN,NaN,NaN,NaN,NaN,NaN,NaN
1624237200,1.03,1.03,1.01,1.02,215400,NaN,NaN,NaN,NaN,NaN,NaN,NaN
1624323600,1.02,1.03,1,1.01,982700,NaN,NaN,NaN,NaN,NaN,NaN,NaN
1624410000,1.01,1.02,1.01,1.01,920800,NaN,NaN,NaN,NaN,NaN,NaN,NaN
1624496400,1.02,1.03,1.01,1.03,2600900,NaN,NaN,NaN,NaN,NaN,NaN,NaN
1624582800,1.03,1.04,1.02,1.03,4001700,NaN,NaN,NaN,NaN,NaN,NaN,NaN
1624842000,1.03,1.04,1.03,1.03,1224600,NaN,NaN,NaN,NaN,NaN,NaN,NaN
1624928400,1.04,1.04,1.03,1.03,2928000,NaN,NaN,NaN,NaN,NaN,NaN,NaN
1625014800,1.03,1.04,1.01,1.01,1551800,4285463300.0000005,5984440000,3805259000,41006000,632829000,2071996000,0.396039603960396
1625101200,1.01,1.02,1,1.01,270000,NaN,NaN,NaN,NaN,NaN,NaN,NaN
1625187600,1,1.02,1,1.02,2830600,NaN,NaN,NaN,NaN,NaN,NaN,NaN
1625446800,1.01,1.02,1,1,84700,NaN,NaN,NaN,NaN,NaN,NaN,NaN
1625533200,1,1.02,1,1.02,1109400,NaN,NaN,NaN,NaN,NaN,NaN,NaN
1625619600,1.02,1.02,1.01,1.02,1567200,NaN,NaN,NaN,NaN,NaN,NaN,NaN
1625706000,1.02,1.02,1,1,1552900,NaN,NaN,NaN,NaN,NaN,NaN,NaN
1625792400,1,1.02,1,1.01,1237000,NaN,NaN,NaN,NaN,NaN,NaN,NaN
1626051600,1.02,1.02,1.01,1.01,809900,NaN,NaN,NaN,NaN,NaN,NaN,NaN
1626138000,1.01,1.02,1.01,1.02,1563700,NaN,NaN,NaN,NaN,NaN,NaN,NaN
1626224400,1.02,1.02,1.01,1.01,250800,NaN,NaN,NaN,NaN,NaN,NaN,NaN
1626310800,1.01,1.02,1.01,1.02,372200,NaN,NaN,NaN,NaN,NaN,NaN,NaN
1626397200,1.02,1.03,1.01,1.02,4453400,NaN,NaN,NaN,NaN,NaN,NaN,NaN
1626656400,1.02,1.07,1.01,1.06,10994000,NaN,NaN,NaN,NaN,NaN,NaN,NaN
1626829200,1.06,1.06,1.03,1.04,5543400,NaN,NaN,NaN,NaN,NaN,NaN,NaN
1626915600,1.04,1.06,1.04,1.05,1545200,NaN,NaN,NaN,NaN,NaN,NaN,NaN
1627002000,1.05,1.05,1.03,1.04,1177700,NaN,NaN,NaN,NaN,NaN,NaN,NaN
1627261200,1.05,1.06,1.04,1.05,829600,NaN,NaN,NaN,NaN,NaN,NaN,NaN
1627347600,1.05,1.05,1.03,1.05,1053400,NaN,NaN,NaN,NaN,NaN,NaN,NaN
1627434000,1.05,1.05,1.03,1.04,1309700,NaN,NaN,NaN,NaN,NaN,NaN,NaN
1627520400,1.04,1.07,1.04,1.07,5241200,NaN,NaN,NaN,NaN,NaN,NaN,NaN
1627606800,1.06,1.08,1.05,1.08,4177200,NaN,NaN,NaN,NaN,NaN,NaN,NaN
1627866000,1.08,1.1,1.06,1.08,3278100,NaN,NaN,NaN,NaN,NaN,NaN,NaN
1627952400,1.08,1.08,1.06,1.07,1109900,NaN,NaN,NaN,NaN,NaN,NaN,NaN
1628038800,1.06,1.07,1.05,1.06,6256300,NaN,NaN,NaN,NaN,NaN,NaN,NaN
1628125200,1.06,1.07,1.05,1.06,2920500,NaN,NaN,NaN,NaN,NaN,NaN,NaN
1628211600,1.07,1.08,1.06,1.07,5200400,NaN,NaN,NaN,NaN,NaN,NaN,NaN
1628470800,1.07,1.17,1.07,1.11,10865500,NaN,NaN,NaN,NaN,NaN,NaN,NaN
1628643600,1.11,1.14,1.11,1.13,7122500,NaN,NaN,NaN,NaN,NaN,NaN,NaN
1628730000,1.13,1.13,1.08,1.1,6152600,NaN,NaN,NaN,NaN,NaN,NaN,NaN
1628816400,1.09,1.11,1.07,1.08,4188100,NaN,NaN,NaN,NaN,NaN,NaN,NaN
1629075600,1.07,1.09,1.06,1.09,3249600,NaN,NaN,NaN,NaN,NaN,NaN,NaN
1629162000,1.08,1.11,1.07,1.09,3109600,NaN,NaN,NaN,NaN,NaN,NaN,NaN
1629248400,1.09,1.1,1.09,1.1,3859000,NaN,NaN,NaN,NaN,NaN,NaN,NaN
1629334800,1.1,1.1,1.07,1.07,3028900,NaN,NaN,NaN,NaN,NaN,NaN,NaN
1629421200,1.07,1.1,1.06,1.09,3233800,NaN,NaN,NaN,NaN,NaN,NaN,NaN
1629680400,1.09,1.09,1.04,1.07,6716500,NaN,NaN,NaN,NaN,NaN,NaN,NaN
1629766800,1.06,1.07,1.06,1.06,1779100,NaN,NaN,NaN,NaN,NaN,NaN,NaN
1629853200,1.06,1.06,1.02,1.02,3913400,NaN,NaN,NaN,NaN,NaN,NaN,NaN
1629939600,1.02,1.03,1.01,1.02,9809600,NaN,NaN,NaN,NaN,NaN,NaN,NaN
1630026000,1.02,1.02,1,1.01,4342600,NaN,NaN,NaN,NaN,NaN,NaN,NaN
1630285200,1.01,1.02,1,1,10829400,NaN,NaN,NaN,NaN,NaN,NaN,NaN
1630458000,1.01,1.05,1,1.04,11019500,NaN,NaN,NaN,NaN,NaN,NaN,NaN
1630544400,1.04,1.1,1.04,1.08,8588300,NaN,NaN,NaN,NaN,NaN,NaN,NaN
1630630800,1.08,1.09,1.07,1.09,8129000,NaN,NaN,NaN,NaN,NaN,NaN,NaN
1630890000,1.1,1.11,1.07,1.08,3319300,NaN,NaN,NaN,NaN,NaN,NaN,NaN
1630976400,1.08,1.08,1.06,1.07,1126300,NaN,NaN,NaN,NaN,NaN,NaN,NaN
1631062800,1.07,1.1,1.04,1.09,4825100,NaN,NaN,NaN,NaN,NaN,NaN,NaN
1631149200,1.08,1.1,1.07,1.1,2012900,NaN,NaN,NaN,NaN,NaN,NaN,NaN
1631235600,1.1,1.11,1.08,1.1,4113900,NaN,NaN,NaN,NaN,NaN,NaN,NaN
1631494800,1.1,1.1,1.08,1.08,3143800,NaN,NaN,NaN,NaN,NaN,NaN,NaN
1631581200,1.08,1.09,1.08,1.08,1605300,NaN,NaN,NaN,NaN,NaN,NaN,NaN
1631667600,1.08,1.09,1.07,1.08,1566100,NaN,NaN,NaN,NaN,NaN,NaN,NaN
1631840400,1.08,1.09,1.06,1.09,3505600,NaN,NaN,NaN,NaN,NaN,NaN,NaN
1632099600,1.09,1.09,1.06,1.06,626500,NaN,NaN,NaN,NaN,NaN,NaN,NaN
1632186000,1.06,1.1,1.06,1.1,853600,NaN,NaN,NaN,NaN,NaN,NaN,NaN
1632272400,1.1,1.1,1.08,1.1,2221300,NaN,NaN,NaN,NaN,NaN,NaN,NaN
1632358800,1.09,1.1,1.08,1.09,1511900,NaN,NaN,NaN,NaN,NaN,NaN,NaN
1632445200,1.08,1.1,1.05,1.09,5020700,NaN,NaN,NaN,NaN,NaN,NaN,NaN
1632704400,1.08,1.08,1.06,1.07,2490500,NaN,NaN,NaN,NaN,NaN,NaN,NaN
1632790800,1.06,1.1,1.05,1.1,4691800,NaN,NaN,NaN,NaN,NaN,NaN,NaN
1632877200,1.09,1.18,1.09,1.17,20807100,NaN,NaN,NaN,NaN,NaN,NaN,NaN
1632963600,1.17,1.17,1.14,1.16,6254900,4299042300,6222365000,4020556000,75367000,698958000,2089335000,0.560344827586207
1633050000,1.16,1.3,1.15,1.21,43725400,NaN,NaN,NaN,NaN,NaN,NaN,NaN
1633309200,1.18,1.19,1.13,1.15,28639900,NaN,NaN,NaN,NaN,NaN,NaN,NaN
1633395600,1.15,1.2,1.12,1.19,12719400,NaN,NaN,NaN,NaN,NaN,NaN,NaN
1633482000,1.16,1.17,1.12,1.14,8544200,NaN,NaN,NaN,NaN,NaN,NaN,NaN
1633568400,1.14,1.16,1.12,1.13,6131900,NaN,NaN,NaN,NaN,NaN,NaN,NaN
1633654800,1.13,1.15,1.1,1.15,9677200,NaN,NaN,NaN,NaN,NaN,NaN,NaN
1633914000,1.15,1.16,1.13,1.15,3873100,NaN,NaN,NaN,NaN,NaN,NaN,NaN
1634000400,1.15,1.16,1.13,1.13,2524700,NaN,NaN,NaN,NaN,NaN,NaN,NaN
1634086800,1.13,1.15,1.12,1.14,6188300,NaN,NaN,NaN,NaN,NaN,NaN,NaN
1634173200,1.15,1.15,1.12,1.14,3127000,NaN,NaN,NaN,NaN,NaN,NaN,NaN
1634259600,1.13,1.14,1.12,1.14,3044300,NaN,NaN,NaN,NaN,NaN,NaN,NaN
1634518800,1.14,1.14,1.12,1.12,3313500,NaN,NaN,NaN,NaN,NaN,NaN,NaN
1634691600,1.13,1.13,1.1,1.12,1395300,NaN,NaN,NaN,NaN,NaN,NaN,NaN
1634778000,1.11,1.11,1.1,1.1,6424600,NaN,NaN,NaN,NaN,NaN,NaN,NaN
1634864400,1.09,1.14,1.09,1.12,5471800,NaN,NaN,NaN,NaN,NaN,NaN,NaN
1635123600,1.13,1.17,1.12,1.15,4630400,NaN,NaN,NaN,NaN,NaN,NaN,NaN
1635210000,1.15,1.16,1.12,1.14,2307100,NaN,NaN,NaN,NaN,NaN,NaN,NaN
1635296400,1.14,1.14,1.11,1.12,3574800,NaN,NaN,NaN,NaN,NaN,NaN,NaN
1635382800,1.12,1.14,1.11,1.13,2616300,NaN,NaN,NaN,NaN,NaN,NaN,NaN
1635469200,1.13,1.14,1.13,1.14,2062000,NaN,NaN,NaN,NaN,NaN,NaN,NaN
1635728400,1.12,1.13,1.11,1.12,6706700,NaN,NaN,NaN,NaN,NaN,NaN,NaN
1635814800,1.13,1.13,1.11,1.13,1834900,NaN,NaN,NaN,NaN,NaN,NaN,NaN
1635901200,1.13,1.14,1.12,1.13,1895000,NaN,NaN,NaN,NaN,NaN,NaN,NaN
1636074000,1.13,1.13,1.11,1.12,2073200,NaN,NaN,NaN,NaN,NaN,NaN,NaN
1636333200,1.12,1.12,1.1,1.12,3401600,NaN,NaN,NaN,NaN,NaN,NaN,NaN
1636419600,1.12,1.13,1.11,1.11,2238900,NaN,NaN,NaN,NaN,NaN,NaN,NaN
1636506000,1.11,1.12,1.1,1.11,1312300,NaN,NaN,NaN,NaN,NaN,NaN,NaN
1636592400,1.11,1.11,1.08,1.09,4420100,NaN,NaN,NaN,NaN,NaN,NaN,NaN
1636678800,1.08,1.12,1.08,1.11,1897500,NaN,NaN,NaN,NaN,NaN,NaN,NaN
1636938000,1.1,1.12,1.1,1.11,655400,NaN,NaN,NaN,NaN,NaN,NaN,NaN
1637024400,1.11,1.13,1.1,1.13,1996300,NaN,NaN,NaN,NaN,NaN,NaN,NaN
1637110800,1.13,1.13,1.1,1.11,923000,NaN,NaN,NaN,NaN,NaN,NaN,NaN
1637197200,1.11,1.12,1.1,1.11,6704500,NaN,NaN,NaN,NaN,NaN,NaN,NaN
1637283600,1.11,1.13,1.1,1.13,1557700,NaN,NaN,NaN,NaN,NaN,NaN,NaN
1637542800,1.13,1.13,1.11,1.12,870200,NaN,NaN,NaN,NaN,NaN,NaN,NaN
1637629200,1.11,1.11,1.1,1.1,647300,NaN,NaN,NaN,NaN,NaN,NaN,NaN
1637715600,1.09,1.1,1.08,1.09,2001400,NaN,NaN,NaN,NaN,NaN,NaN,NaN
1637802000,1.08,1.11,1.08,1.09,1996500,NaN,NaN,NaN,NaN,NaN,NaN,NaN
1637888400,1.09,1.09,1.04,1.05,3927900,NaN,NaN,NaN,NaN,NaN,NaN,NaN
1638147600,1.03,1.04,1.02,1.04,3744800,NaN,NaN,NaN,NaN,NaN,NaN,NaN
1638234000,1.03,1.04,1.02,1.03,5188400,NaN,NaN,NaN,NaN,NaN,NaN,NaN
1638320400,1.03,1.04,1.02,1.03,2405100,NaN,NaN,NaN,NaN,NaN,NaN,NaN
1638406800,1.03,1.04,1.02,1.02,4371100,NaN,NaN,NaN,NaN,NaN,NaN,NaN
1638752400,1.02,1.03,1.02,1.02,1356400,NaN,NaN,NaN,NaN,NaN,NaN,NaN
1638838800,1.02,1.03,1,1.01,1314700,NaN,NaN,NaN,NaN,NaN,NaN,NaN
1638925200,1.01,1.02,1,1,5401900,NaN,NaN,NaN,NaN,NaN,NaN,NaN
1639011600,1.01,1.05,1.01,1.04,4229300,NaN,NaN,NaN,NaN,NaN,NaN,NaN
1639098000,1.03,1.04,1.01,1.01,720900,NaN,NaN,NaN,NaN,NaN,NaN,NaN
1639357200,1.02,1.04,1.01,1.02,1417000,NaN,NaN,NaN,NaN,NaN,NaN,NaN
1639443600,1.02,1.05,1.02,1.02,5054600,NaN,NaN,NaN,NaN,NaN,NaN,NaN
1639530000,1.02,1.05,1.02,1.03,2315900,NaN,NaN,NaN,NaN,NaN,NaN,NaN
1639616400,1.04,1.04,1.02,1.04,1219200,NaN,NaN,NaN,NaN,NaN,NaN,NaN
1639702800,1.05,1.06,1.04,1.05,3308600,NaN,NaN,NaN,NaN,NaN,NaN,NaN
1639962000,1.03,1.05,1.02,1.03,2656600,NaN,NaN,NaN,NaN,NaN,NaN,NaN
1640048400,1.02,1.04,1.02,1.04,279800,NaN,NaN,NaN,NaN,NaN,NaN,NaN
1640134800,1.04,1.05,1.03,1.05,2735300,NaN,NaN,NaN,NaN,NaN,NaN,NaN
1640221200,1.05,1.06,1.04,1.05,1134800,NaN,NaN,NaN,NaN,NaN,NaN,NaN
1640307600,1.05,1.05,1.04,1.04,128300,NaN,NaN,NaN,NaN,NaN,NaN,NaN
1640566800,1.04,1.05,1.03,1.04,166100,NaN,NaN,NaN,NaN,NaN,NaN,NaN
1640653200,1.04,1.08,1.03,1.08,1883900,NaN,NaN,NaN,NaN,NaN,NaN,NaN
1640739600,1.08,1.11,1.06,1.11,3482300,NaN,NaN,NaN,NaN,NaN,NaN,NaN
1640826000,1.09,1.12,1.09,1.11,3961300,NaN,NaN,NaN,NaN,NaN,NaN,NaN
1640912400,1.1,1.11,1.08,1.11,2764200,4326852401,6204757000,3954249000,45531000,689118000,2135429999.9999998,0.495495495495495
1641171600,1.11,1.12,1.06,1.06,2158100,NaN,NaN,NaN,NaN,NaN,NaN,NaN
1641258000,1.07,1.07,1.05,1.07,1459500,NaN,NaN,NaN,NaN,NaN,NaN,NaN
1641344400,1.07,1.09,1.06,1.07,2604300,NaN,NaN,NaN,NaN,NaN,NaN,NaN
1641430800,1.07,1.07,1.04,1.04,2461600,NaN,NaN,NaN,NaN,NaN,NaN,NaN
1641517200,1.05,1.07,1.04,1.05,1550800,NaN,NaN,NaN,NaN,NaN,NaN,NaN
1641776400,1.05,1.08,1.05,1.06,1424600,NaN,NaN,NaN,NaN,NaN,NaN,NaN
1641862800,1.07,1.07,1.04,1.05,2652200,NaN,NaN,NaN,NaN,NaN,NaN,NaN
1641949200,1.05,1.05,1.04,1.04,489900,NaN,NaN,NaN,NaN,NaN,NaN,NaN
1642035600,1.04,1.06,1.04,1.05,1415600,NaN,NaN,NaN,NaN,NaN,NaN,NaN
1642122000,1.05,1.06,1.04,1.04,1395800,NaN,NaN,NaN,NaN,NaN,NaN,NaN
1642381200,1.05,1.06,1.04,1.04,1176000,NaN,NaN,NaN,NaN,NaN,NaN,NaN
1642554000,1.04,1.05,1.03,1.04,2023100,NaN,NaN,NaN,NaN,NaN,NaN,NaN
1642640400,1.03,1.04,1.03,1.04,550800,NaN,NaN,NaN,NaN,NaN,NaN,NaN
1642726800,1.04,1.05,1.03,1.04,1049200,NaN,NaN,NaN,NaN,NaN,NaN,NaN
1642986000,1.04,1.04,1.02,1.03,1942400,NaN,NaN,NaN,NaN,NaN,NaN,NaN
1643072400,1.03,1.03,1.01,1.03,1267100,NaN,NaN,NaN,NaN,NaN,NaN,NaN
1643158800,1.02,1.03,1.01,1.03,3697500,NaN,NaN,NaN,NaN,NaN,NaN,NaN
1643245200,1.02,1.03,1.01,1.02,2097800,NaN,NaN,NaN,NaN,NaN,NaN,NaN
1643331600,1.03,1.04,1.02,1.04,2144400,NaN,NaN,NaN,NaN,NaN,NaN,NaN
1643590800,1.05,1.05,1.03,1.04,1080000,NaN,NaN,NaN,NaN,NaN,NaN,NaN
1643850000,1.05,1.06,1.04,1.05,2045700,NaN,NaN,NaN,NaN,NaN,NaN,NaN
1643936400,1.04,1.05,1.02,1.03,669700,NaN,NaN,NaN,NaN,NaN,NaN,NaN
1644195600,1.03,1.1,1.03,1.09,2890800,NaN,NaN,NaN,NaN,NaN,NaN,NaN
1644282000,1.09,1.1,1.07,1.08,3611100,NaN,NaN,NaN,NaN,NaN,NaN,NaN
1644368400,1.08,1.12,1.08,1.1,3427300,NaN,NaN,NaN,NaN,NaN,NaN,NaN
1644454800,1.12,1.15,1.1,1.12,4589300,NaN,NaN,NaN,NaN,NaN,NaN,NaN
1644541200,1.11,1.15,1.11,1.15,10079900,NaN,NaN,NaN,NaN,NaN,NaN,NaN
1644800400,1.15,1.17,1.11,1.15,7117200,NaN,NaN,NaN,NaN,NaN,NaN,NaN
1644886800,1.14,1.15,1.1,1.13,6844900,NaN,NaN,NaN,NaN,NaN,NaN,NaN
1644973200,1.12,1.13,1.08,1.09,2885800,NaN,NaN,NaN,NaN,NaN,NaN,NaN
1645059600,1.08,1.11,1.08,1.09,2217500,NaN,NaN,NaN,NaN,NaN,NaN,NaN
1645146000,1.09,1.1,1.09,1.09,103700,NaN,NaN,NaN,NaN,NaN,NaN,NaN
1645405200,1.09,1.1,1.06,1.07,4305200,NaN,NaN,NaN,NaN,NaN,NaN,NaN
1645491600,1.08,1.08,1.04,1.05,3870100,NaN,NaN,NaN,NaN,NaN,NaN,NaN
1645578000,1.06,1.07,1.04,1.06,3429100,NaN,NaN,NaN,NaN,NaN,NaN,NaN
1645664400,1.06,1.06,1.02,1.02,3526400,NaN,NaN,NaN,NaN,NaN,NaN,NaN
1645750800,1.03,1.06,1.02,1.03,1967600,NaN,NaN,NaN,NaN,NaN,NaN,NaN
1646010000,1.03,1.06,1.03,1.04,2428200,NaN,NaN,NaN,NaN,NaN,NaN,NaN
1646096400,1.06,1.06,1.03,1.04,3445200,NaN,NaN,NaN,NaN,NaN,NaN,NaN
1646182800,1.02,1.03,1.01,1.02,3162700,NaN,NaN,NaN,NaN,NaN,NaN,NaN
1646269200,1.02,1.03,0.99,0.995,5312700,NaN,NaN,NaN,NaN,NaN,NaN,NaN
1646355600,0.99,1.01,0.98,0.99,4642700,NaN,NaN,NaN,NaN,NaN,NaN,NaN
1646614800,0.99,0.995,0.945,0.96,7679600,NaN,NaN,NaN,NaN,NaN,NaN,NaN
1646701200,0.95,0.96,0.935,0.945,1490300,NaN,NaN,NaN,NaN,NaN,NaN,NaN
1646787600,0.96,0.985,0.95,0.965,1576000,NaN,NaN,NaN,NaN,NaN,NaN,NaN
1646874000,0.965,1.04,0.965,0.99,3352500,NaN,NaN,NaN,NaN,NaN,NaN,NaN
1646960400,0.995,1,0.975,0.99,1055700,NaN,NaN,NaN,NaN,NaN,NaN,NaN
1647219600,0.985,1,0.98,0.985,746200,NaN,NaN,NaN,NaN,NaN,NaN,NaN
1647306000,0.99,0.99,0.975,0.975,1349200,NaN,NaN,NaN,NaN,NaN,NaN,NaN
1647392400,0.985,0.99,0.98,0.985,1143800,NaN,NaN,NaN,NaN,NaN,NaN,NaN
1647478800,0.99,1.02,0.99,1.02,2135800,NaN,NaN,NaN,NaN,NaN,NaN,NaN
1647565200,1.03,1.03,0.99,1,2483600,NaN,NaN,NaN,NaN,NaN,NaN,NaN
1647824400,1,1.01,0.985,1,1999300,NaN,NaN,NaN,NaN,NaN,NaN,NaN
1647910800,1,1.02,1,1.02,1127900,NaN,NaN,NaN,NaN,NaN,NaN,NaN
1647997200,1.03,1.03,1.01,1.02,655000,NaN,NaN,NaN,NaN,NaN,NaN,NaN
1648083600,1.02,1.03,1.01,1.02,2703900,NaN,NaN,NaN,NaN,NaN,NaN,NaN
1648170000,1.03,1.03,1.01,1.02,2943000,NaN,NaN,NaN,NaN,NaN,NaN,NaN
1648429200,1.04,1.04,1.02,1.03,422900,NaN,NaN,NaN,NaN,NaN,NaN,NaN
1648515600,1.03,1.04,1.01,1.02,1185900,NaN,NaN,NaN,NaN,NaN,NaN,NaN
1648602000,1.02,1.03,1,1.01,1228700,NaN,NaN,NaN,NaN,NaN,NaN,NaN
1648688400,1.02,1.03,1.01,1.01,1200000,4342735300,7368421000,5087979000,73324000,641639000,2161178000,0.742574257425743
1648774800,1.01,1.03,1.01,1.02,3448000,NaN,NaN,NaN,NaN,NaN,NaN,NaN
1649034000,1,1.02,0.99,0.995,4315200,NaN,NaN,NaN,NaN,NaN,NaN,NaN
1649120400,0.985,0.995,0.975,0.98,5511800,NaN,NaN,NaN,NaN,NaN,NaN,NaN
1649206800,0.98,0.98,0.97,0.98,2378600,NaN,NaN,NaN,NaN,NaN,NaN,NaN
1649293200,0.98,0.98,0.96,0.965,2984000,NaN,NaN,NaN,NaN,NaN,NaN,NaN
1649379600,0.96,0.975,0.96,0.975,1683500,NaN,NaN,NaN,NaN,NaN,NaN,NaN
1649638800,0.965,0.975,0.96,0.965,2167100,NaN,NaN,NaN,NaN,NaN,NaN,NaN
1649725200,0.965,0.965,0.955,0.96,1959100,NaN,NaN,NaN,NaN,NaN,NaN,NaN
1649811600,0.965,0.97,0.955,0.965,1348300,NaN,NaN,NaN,NaN,NaN,NaN,NaN
1649898000,0.965,0.97,0.96,0.965,462700,NaN,NaN,NaN,NaN,NaN,NaN,NaN
1649984400,0.96,0.965,0.96,0.965,587600,NaN,NaN,NaN,NaN,NaN,NaN,NaN
1650243600,0.96,0.965,0.96,0.965,916200,NaN,NaN,NaN,NaN,NaN,NaN,NaN
1650416400,0.96,0.965,0.955,0.96,803100,NaN,NaN,NaN,NaN,NaN,NaN,NaN
1650502800,0.96,0.965,0.955,0.96,2077600,NaN,NaN,NaN,NaN,NaN,NaN,NaN
1650589200,0.96,0.98,0.96,0.97,743700,NaN,NaN,NaN,NaN,NaN,NaN,NaN
1650848400,0.97,0.97,0.955,0.965,1759200,NaN,NaN,NaN,NaN,NaN,NaN,NaN
1650934800,0.96,0.97,0.96,0.965,1863700,NaN,NaN,NaN,NaN,NaN,NaN,NaN
1651021200,0.96,0.96,0.935,0.935,4799800,NaN,NaN,NaN,NaN,NaN,NaN,NaN
1651107600,0.935,0.95,0.93,0.945,2125700,NaN,NaN,NaN,NaN,NaN,NaN,NaN
1651194000,0.945,0.95,0.935,0.95,436900,NaN,NaN,NaN,NaN,NaN,NaN,NaN
1651712400,0.945,0.945,0.925,0.925,1360500,NaN,NaN,NaN,NaN,NaN,NaN,NaN
1651798800,0.925,0.93,0.92,0.92,833800,NaN,NaN,NaN,NaN,NaN,NaN,NaN
1652058000,0.92,0.925,0.91,0.92,1683500,NaN,NaN,NaN,NaN,NaN,NaN,NaN
1652144400,0.91,0.92,0.91,0.915,848900,NaN,NaN,NaN,NaN,NaN,NaN,NaN
1652230800,0.915,0.915,0.895,0.9,1239700,NaN,NaN,NaN,NaN,NaN,NaN,NaN
1652317200,0.9,0.9,0.88,0.89,3514500,NaN,NaN,NaN,NaN,NaN,NaN,NaN
1652403600,0.88,0.9,0.88,0.89,603000,NaN,NaN,NaN,NaN,NaN,NaN,NaN
1652749200,0.88,0.9,0.88,0.885,1110600,NaN,NaN,NaN,NaN,NaN,NaN,NaN
1652835600,0.885,0.9,0.885,0.89,1285200,NaN,NaN,NaN,NaN,NaN,NaN,NaN
1652922000,0.885,0.895,0.88,0.885,1686600,NaN,NaN,NaN,NaN,NaN,NaN,NaN
1653008400,0.885,0.92,0.885,0.9,2476600,NaN,NaN,NaN,NaN,NaN,NaN,NaN
1653267600,0.91,0.935,0.91,0.92,2141900,NaN,NaN,NaN,NaN,NaN,NaN,NaN
1653354000,0.92,0.92,0.905,0.91,2744700,NaN,NaN,NaN,NaN,NaN,NaN,NaN
1653440400,0.905,0.915,0.9,0.905,910800,NaN,NaN,NaN,NaN,NaN,NaN,NaN
1653526800,0.905,0.92,0.905,0.915,2453000,NaN,NaN,NaN,NaN,NaN,NaN,NaN
1653613200,0.91,0.92,0.89,0.89,511500,NaN,NaN,NaN,NaN,NaN,NaN,NaN
1653872400,0.895,0.905,0.89,0.9,572700,NaN,NaN,NaN,NaN,NaN,NaN,NaN
1653958800,0.9,0.915,0.87,0.87,2802500,NaN,NaN,NaN,NaN,NaN,NaN,NaN
1654045200,0.88,0.895,0.875,0.88,1979800,NaN,NaN,NaN,NaN,NaN,NaN,NaN
1654131600,0.88,0.9,0.88,0.89,2135700,NaN,NaN,NaN,NaN,NaN,NaN,NaN
1654218000,0.895,0.91,0.89,0.9,499200,NaN,NaN,NaN,NaN,NaN,NaN,NaN
1654563600,0.9,0.9,0.89,0.89,698600,NaN,NaN,NaN,NaN,NaN,NaN,NaN
1654650000,0.89,0.89,0.88,0.885,5231500,NaN,NaN,NaN,NaN,NaN,NaN,NaN
1654736400,0.88,0.88,0.865,0.875,3338700,NaN,NaN,NaN,NaN,NaN,NaN,NaN
1654822800,0.87,0.875,0.855,0.87,696600,NaN,NaN,NaN,NaN,NaN,NaN,NaN
1655082000,0.87,0.87,0.85,0.85,1655600,NaN,NaN,NaN,NaN,NaN,NaN,NaN
1655168400,0.845,0.85,0.84,0.845,1305900,NaN,NaN,NaN,NaN,NaN,NaN,NaN
1655254800,0.84,0.85,0.84,0.845,1754200,NaN,NaN,NaN,NaN,NaN,NaN,NaN
1655341200,0.845,0.85,0.84,0.845,1777300,NaN,NaN,NaN,NaN,NaN,NaN,NaN
1655427600,0.84,0.85,0.82,0.85,3037500,NaN,NaN,NaN,NaN,NaN,NaN,NaN
1655686800,0.85,0.85,0.82,0.82,1792200,NaN,NaN,NaN,NaN,NaN,NaN,NaN
1655773200,0.82,0.84,0.815,0.835,1843900,NaN,NaN,NaN,NaN,NaN,NaN,NaN
1655859600,0.835,0.84,0.82,0.825,1385000,NaN,NaN,NaN,NaN,NaN,NaN,NaN
1655946000,0.825,0.835,0.81,0.825,5110900,NaN,NaN,NaN,NaN,NaN,NaN,NaN
1656032400,0.825,0.835,0.815,0.825,7487900,NaN,NaN,NaN,NaN,NaN,NaN,NaN
1656291600,0.825,0.855,0.825,0.84,1933100,NaN,NaN,NaN,NaN,NaN,NaN,NaN
1656378000,0.845,0.845,0.835,0.835,2995800,NaN,NaN,NaN,NaN,NaN,NaN,NaN
1656464400,0.835,0.835,0.825,0.83,3403500,NaN,NaN,NaN,NaN,NaN,NaN,NaN
1656550800,0.83,0.84,0.83,0.835,3319300,4343203561,6783077000,4486886000,78209000,699335000,2178578000,1.19760479041916
1656637200,0.83,0.83,0.82,0.82,1343300,NaN,NaN,NaN,NaN,NaN,NaN,NaN
1656896400,0.82,0.825,0.805,0.81,1022000,NaN,NaN,NaN,NaN,NaN,NaN,NaN
1656982800,0.81,0.815,0.805,0.805,571800,NaN,NaN,NaN,NaN,NaN,NaN,NaN
1657069200,0.81,0.815,0.8,0.8,1061200,NaN,NaN,NaN,NaN,NaN,NaN,NaN
1657155600,0.815,0.825,0.8,0.82,1027300,NaN,NaN,NaN,NaN,NaN,NaN,NaN
1657242000,0.805,0.825,0.805,0.815,518200,NaN,NaN,NaN,NaN,NaN,NaN,NaN
1657587600,0.815,0.825,0.81,0.815,440000,NaN,NaN,NaN,NaN,NaN,NaN,NaN
1657674000,0.82,0.845,0.82,0.84,634500,NaN,NaN,NaN,NaN,NaN,NaN,NaN
1657760400,0.84,0.865,0.84,0.855,1095700,NaN,NaN,NaN,NaN,NaN,NaN,NaN
1657846800,0.855,0.865,0.835,0.845,227400,NaN,NaN,NaN,NaN,NaN,NaN,NaN
1658106000,0.85,0.85,0.825,0.84,184400,NaN,NaN,NaN,NaN,NaN,NaN,NaN
1658192400,0.835,0.845,0.825,0.835,785400,NaN,NaN,NaN,NaN,NaN,NaN,NaN
1658278800,0.835,0.85,0.83,0.85,1019400,NaN,NaN,NaN,NaN,NaN,NaN,NaN
1658365200,0.85,0.86,0.835,0.86,1886800,NaN,NaN,NaN,NaN,NaN,NaN,NaN
1658451600,0.86,0.86,0.84,0.85,6261100,NaN,NaN,NaN,NaN,NaN,NaN,NaN
1658710800,0.84,0.86,0.84,0.85,804400,NaN,NaN,NaN,NaN,NaN,NaN,NaN
1658797200,0.85,0.85,0.83,0.835,2425400,NaN,NaN,NaN,NaN,NaN,NaN,NaN
1658883600,0.835,0.85,0.835,0.845,2023600,NaN,NaN,NaN,NaN,NaN,NaN,NaN
1658970000,0.85,0.86,0.845,0.86,4815300,NaN,NaN,NaN,NaN,NaN,NaN,NaN
1659056400,0.86,0.88,0.86,0.87,875400,NaN,NaN,NaN,NaN,NaN,NaN,NaN
1659315600,0.87,0.88,0.87,0.875,264900,NaN,NaN,NaN,NaN,NaN,NaN,NaN
1659402000,0.86,0.875,0.85,0.85,1659600,NaN,NaN,NaN,NaN,NaN,NaN,NaN
1659488400,0.855,0.87,0.85,0.87,240900,NaN,NaN,NaN,NaN,NaN,NaN,NaN
1659574800,0.86,0.875,0.86,0.875,446700,NaN,NaN,NaN,NaN,NaN,NaN,NaN
1659661200,0.86,0.875,0.86,0.875,615800,NaN,NaN,NaN,NaN,NaN,NaN,NaN
1659920400,0.87,0.88,0.86,0.88,2830500,NaN,NaN,NaN,NaN,NaN,NaN,NaN
1660006800,0.88,0.9,0.87,0.88,766800,NaN,NaN,NaN,NaN,NaN,NaN,NaN
1660093200,0.88,0.885,0.87,0.88,1748100,NaN,NaN,NaN,NaN,NaN,NaN,NaN
1660179600,0.88,0.885,0.87,0.875,1004800,NaN,NaN,NaN,NaN,NaN,NaN,NaN
1660266000,0.87,0.89,0.87,0.885,781400,NaN,NaN,NaN,NaN,NaN,NaN,NaN
1660525200,0.885,0.885,0.875,0.88,765900,NaN,NaN,NaN,NaN,NaN,NaN,NaN
1660611600,0.88,0.88,0.865,0.87,884000,NaN,NaN,NaN,NaN,NaN,NaN,NaN
1660698000,0.87,0.89,0.87,0.88,2894700,NaN,NaN,NaN,NaN,NaN,NaN,NaN
1660784400,0.885,0.885,0.875,0.88,511400,NaN,NaN,NaN,NaN,NaN,NaN,NaN
1660870800,0.88,0.885,0.87,0.875,414300,NaN,NaN,NaN,NaN,NaN,NaN,NaN
1661130000,0.87,0.875,0.86,0.86,911200,NaN,NaN,NaN,NaN,NaN,NaN,NaN
1661216400,0.86,0.875,0.86,0.87,949900,NaN,NaN,NaN,NaN,NaN,NaN,NaN
1661302800,0.87,0.875,0.87,0.875,996100,NaN,NaN,NaN,NaN,NaN,NaN,NaN
1661389200,0.875,0.88,0.87,0.875,569700,NaN,NaN,NaN,NaN,NaN,NaN,NaN
1661475600,0.88,0.885,0.88,0.88,549300,NaN,NaN,NaN,NaN,NaN,NaN,NaN
1661734800,0.88,0.89,0.87,0.88,288500,NaN,NaN,NaN,NaN,NaN,NaN,NaN
1661821200,0.88,0.885,0.865,0.875,990300,NaN,NaN,NaN,NaN,NaN,NaN,NaN
1661994000,0.88,0.88,0.865,0.88,421600,NaN,NaN,NaN,NaN,NaN,NaN,NaN
1662080400,0.88,0.88,0.87,0.875,49400,NaN,NaN,NaN,NaN,NaN,NaN,NaN
1662339600,0.875,0.875,0.86,0.86,306300,NaN,NaN,NaN,NaN,NaN,NaN,NaN
1662426000,0.86,0.87,0.86,0.87,627500,NaN,NaN,NaN,NaN,NaN,NaN,NaN
1662512400,0.87,0.88,0.865,0.87,3684300,NaN,NaN,NaN,NaN,NaN,NaN,NaN
1662598800,0.87,0.88,0.855,0.86,3396800,NaN,NaN,NaN,NaN,NaN,NaN,NaN
1662685200,0.855,0.86,0.84,0.845,658500,NaN,NaN,NaN,NaN,NaN,NaN,NaN
1662944400,0.845,0.845,0.835,0.84,4494800,NaN,NaN,NaN,NaN,NaN,NaN,NaN
1663030800,0.84,0.85,0.84,0.84,813500,NaN,NaN,NaN,NaN,NaN,NaN,NaN
1663117200,0.84,0.85,0.835,0.84,4062100,NaN,NaN,NaN,NaN,NaN,NaN,NaN
1663203600,0.84,0.845,0.84,0.845,3605900,NaN,NaN,NaN,NaN,NaN,NaN,NaN
1663549200,0.84,0.85,0.815,0.82,2559400,NaN,NaN,NaN,NaN,NaN,NaN,NaN
1663635600,0.82,0.835,0.82,0.83,353800,NaN,NaN,NaN,NaN,NaN,NaN,NaN
1663722000,0.835,0.835,0.82,0.825,3576400,NaN,NaN,NaN,NaN,NaN,NaN,NaN
1663808400,0.82,0.84,0.82,0.835,329400,NaN,NaN,NaN,NaN,NaN,NaN,NaN
1663894800,0.83,0.83,0.82,0.83,2138600,NaN,NaN,NaN,NaN,NaN,NaN,NaN
1664154000,0.835,0.835,0.815,0.815,968200,NaN,NaN,NaN,NaN,NaN,NaN,NaN
1664240400,0.815,0.825,0.81,0.815,766800,NaN,NaN,NaN,NaN,NaN,NaN,NaN
1664326800,0.82,0.825,0.815,0.82,3787200,NaN,NaN,NaN,NaN,NaN,NaN,NaN
1664413200,0.825,0.825,0.805,0.81,3728600,NaN,NaN,NaN,NaN,NaN,NaN,NaN
1664499600,0.82,0.825,0.785,0.79,1446600,4343203561,6895709000,4563954000,114281000,798748000,2208066000,1.64556962025316
1664758800,0.79,0.81,0.79,0.81,592300,NaN,NaN,NaN,NaN,NaN,NaN,NaN
1664845200,0.805,0.815,0.805,0.805,156200,NaN,NaN,NaN,NaN,NaN,NaN,NaN
1664931600,0.81,0.84,0.805,0.84,718600,NaN,NaN,NaN,NaN,NaN,NaN,NaN
1665018000,0.825,0.835,0.825,0.825,687700,NaN,NaN,NaN,NaN,NaN,NaN,NaN
1665104400,0.82,0.82,0.8,0.8,235700,NaN,NaN,NaN,NaN,NaN,NaN,NaN
1665450000,0.8,0.8,0.79,0.8,646800,NaN,NaN,NaN,NaN,NaN,NaN,NaN
1665536400,0.8,0.805,0.795,0.795,1081400,NaN,NaN,NaN,NaN,NaN,NaN,NaN
1665622800,0.795,0.815,0.795,0.805,4549900,NaN,NaN,NaN,NaN,NaN,NaN,NaN
1665709200,0.8,0.81,0.8,0.805,4090100,NaN,NaN,NaN,NaN,NaN,NaN,NaN
1665968400,0.805,0.805,0.795,0.8,2693100,NaN,NaN,NaN,NaN,NaN,NaN,NaN
1666054800,0.805,0.81,0.8,0.805,3483200,NaN,NaN,NaN,NaN,NaN,NaN,NaN
1666141200,0.805,0.815,0.805,0.81,3095100,NaN,NaN,NaN,NaN,NaN,NaN,NaN
1666227600,0.81,0.82,0.79,0.795,6179600,NaN,NaN,NaN,NaN,NaN,NaN,NaN
1666314000,0.795,0.82,0.795,0.82,1345200,NaN,NaN,NaN,NaN,NaN,NaN,NaN
1666659600,0.82,0.82,0.81,0.81,566100,NaN,NaN,NaN,NaN,NaN,NaN,NaN
1666746000,0.81,0.815,0.8,0.8,1498300,NaN,NaN,NaN,NaN,NaN,NaN,NaN
1666832400,0.805,0.815,0.805,0.81,837200,NaN,NaN,NaN,NaN,NaN,NaN,NaN
1666918800,0.81,0.815,0.81,0.81,528400,NaN,NaN,NaN,NaN,NaN,NaN,NaN
1667178000,0.82,0.835,0.81,0.82,405200,NaN,NaN,NaN,NaN,NaN,NaN,NaN
1667264400,0.82,0.83,0.815,0.815,337500,NaN,NaN,NaN,NaN,NaN,NaN,NaN
1667350800,0.825,0.875,0.825,0.85,1470400,NaN,NaN,NaN,NaN,NaN,NaN,NaN
1667437200,0.85,0.855,0.82,0.82,639900,NaN,NaN,NaN,NaN,NaN,NaN,NaN
1667523600,0.825,0.835,0.82,0.835,307300,NaN,NaN,NaN,NaN,NaN,NaN,NaN
1667782800,0.825,0.85,0.825,0.85,527300,NaN,NaN,NaN,NaN,NaN,NaN,NaN
1667869200,0.835,0.85,0.835,0.84,213200,NaN,NaN,NaN,NaN,NaN,NaN,NaN
1667955600,0.835,0.865,0.835,0.865,682100,NaN,NaN,NaN,NaN,NaN,NaN,NaN
1668042000,0.86,0.86,0.85,0.855,114100,NaN,NaN,NaN,NaN,NaN,NaN,NaN
1668128400,0.855,0.87,0.855,0.865,715900,NaN,NaN,NaN,NaN,NaN,NaN,NaN
1668387600,0.865,0.88,0.85,0.855,712500,NaN,NaN,NaN,NaN,NaN,NaN,NaN
1668474000,0.85,0.86,0.845,0.855,533800,NaN,NaN,NaN,NaN,NaN,NaN,NaN
1668560400,0.85,0.855,0.84,0.85,565200,NaN,NaN,NaN,NaN,NaN,NaN,NaN
1668646800,0.85,0.865,0.85,0.85,1134300,NaN,NaN,NaN,NaN,NaN,NaN,NaN
1668992400,0.845,0.87,0.84,0.87,771500,NaN,NaN,NaN,NaN,NaN,NaN,NaN
1669078800,0.865,0.87,0.85,0.855,398600,NaN,NaN,NaN,NaN,NaN,NaN,NaN
1669165200,0.86,0.86,0.85,0.86,215400,NaN,NaN,NaN,NaN,NaN,NaN,NaN
1669251600,0.87,0.95,0.87,0.94,4102200,NaN,NaN,NaN,NaN,NaN,NaN,NaN
1669338000,0.94,0.98,0.92,0.975,10794300,NaN,NaN,NaN,NaN,NaN,NaN,NaN
1669683600,0.96,0.965,0.945,0.955,4212800,NaN,NaN,NaN,NaN,NaN,NaN,NaN
1669770000,0.955,0.955,0.94,0.94,3471400,NaN,NaN,NaN,NaN,NaN,NaN,NaN
1669856400,0.94,0.955,0.94,0.95,1776600,NaN,NaN,NaN,NaN,NaN,NaN,NaN
1669942800,0.945,0.95,0.94,0.95,2334500,NaN,NaN,NaN,NaN,NaN,NaN,NaN
1670202000,0.95,0.96,0.945,0.95,1257400,NaN,NaN,NaN,NaN,NaN,NaN,NaN
1670288400,0.95,0.975,0.945,0.96,1014500,NaN,NaN,NaN,NaN,NaN,NaN,NaN
1670374800,0.96,0.98,0.96,0.97,747600,NaN,NaN,NaN,NaN,NaN,NaN,NaN
1670461200,0.97,0.97,0.95,0.955,1770000,NaN,NaN,NaN,NaN,NaN,NaN,NaN
1670547600,0.955,0.96,0.94,0.96,2549800,NaN,NaN,NaN,NaN,NaN,NaN,NaN
1670806800,0.94,0.96,0.94,0.945,479400,NaN,NaN,NaN,NaN,NaN,NaN,NaN
1670893200,0.94,0.945,0.925,0.935,449000,NaN,NaN,NaN,NaN,NaN,NaN,NaN
1670979600,0.94,0.945,0.93,0.935,801400,NaN,NaN,NaN,NaN,NaN,NaN,NaN
1671066000,0.93,1,0.93,0.945,5099200,NaN,NaN,NaN,NaN,NaN,NaN,NaN
1671152400,0.94,0.985,0.935,0.98,1409300,NaN,NaN,NaN,NaN,NaN,NaN,NaN
1671411600,0.97,0.99,0.955,0.99,966700,NaN,NaN,NaN,NaN,NaN,NaN,NaN
1671498000,0.99,0.99,0.965,0.97,696700,NaN,NaN,NaN,NaN,NaN,NaN,NaN
1671584400,0.965,0.965,0.95,0.95,125800,NaN,NaN,NaN,NaN,NaN,NaN,NaN
1671670800,0.95,0.975,0.95,0.97,240500,NaN,NaN,NaN,NaN,NaN,NaN,NaN
1671757200,0.96,0.99,0.955,0.99,1398000,NaN,NaN,NaN,NaN,NaN,NaN,NaN
1672102800,0.99,0.995,0.975,0.985,1393800,NaN,NaN,NaN,NaN,NaN,NaN,NaN
1672189200,0.985,1,0.98,1,2736100,NaN,NaN,NaN,NaN,NaN,NaN,NaN
1672275600,0.995,0.995,0.975,0.975,3562400,NaN,NaN,NaN,NaN,NaN,NaN,NaN
1672362000,0.97,1.02,0.97,1.01,5719600,4343221161,6994066000,4639848000,107390000,765825000,2227260000,1.98019801980198
1672707600,1.01,1.01,0.99,0.995,250900,NaN,NaN,NaN,NaN,NaN,NaN,NaN
1672794000,0.995,0.995,0.975,0.98,1100200,NaN,NaN,NaN,NaN,NaN,NaN,NaN
1672880400,0.98,1.01,0.98,1.01,2825400,NaN,NaN,NaN,NaN,NaN,NaN,NaN
1672966800,1,1.01,0.995,1,1484000,NaN,NaN,NaN,NaN,NaN,NaN,NaN
1673226000,1,1.01,0.985,0.99,3653600,NaN,NaN,NaN,NaN,NaN,NaN,NaN
1673312400,0.99,1,0.98,0.985,3433100,NaN,NaN,NaN,NaN,NaN,NaN,NaN
1673398800,0.995,0.995,0.985,0.99,2263200,NaN,NaN,NaN,NaN,NaN,NaN,NaN
1673485200,0.995,1.05,0.995,1.02,5758000,NaN,NaN,NaN,NaN,NaN,NaN,NaN
1673571600,1.03,1.03,1.01,1.01,890300,NaN,NaN,NaN,NaN,NaN,NaN,NaN
1673830800,1.01,1.02,0.99,0.99,2289000,NaN,NaN,NaN,NaN,NaN,NaN,NaN
1673917200,0.995,1.01,0.985,0.99,4611300,NaN,NaN,NaN,NaN,NaN,NaN,NaN
1674003600,1,1.02,0.985,1.01,5031200,NaN,NaN,NaN,NaN,NaN,NaN,NaN
1674090000,1.01,1.01,0.995,1,3458100,NaN,NaN,NaN,NaN,NaN,NaN,NaN
1674176400,0.99,0.995,0.98,0.98,2244200,NaN,NaN,NaN,NaN,NaN,NaN,NaN
1674608400,0.975,0.995,0.975,0.99,1651500,NaN,NaN,NaN,NaN,NaN,NaN,NaN
1674694800,0.995,1.01,0.985,1,2908200,NaN,NaN,NaN,NaN,NaN,NaN,NaN
1674781200,0.995,1.01,0.995,1,1011700,NaN,NaN,NaN,NaN,NaN,NaN,NaN
1675040400,1,1.03,1,1.02,1439900,NaN,NaN,NaN,NaN,NaN,NaN,NaN
1675126800,1.02,1.03,1.01,1.03,4627100,NaN,NaN,NaN,NaN,NaN,NaN,NaN
1675299600,1.03,1.05,1.02,1.03,3235800,NaN,NaN,NaN,NaN,NaN,NaN,NaN
1675386000,1.03,1.03,1,1.02,1600100,NaN,NaN,NaN,NaN,NaN,NaN,NaN
1675731600,1.01,1.02,0.995,1,2298500,NaN,NaN,NaN,NaN,NaN,NaN,NaN
1675818000,0.995,1.01,0.99,0.995,4350600,NaN,NaN,NaN,NaN,NaN,NaN,NaN
1675904400,1,1,0.99,0.99,2228900,NaN,NaN,NaN,NaN,NaN,NaN,NaN
1675990800,0.995,1.01,0.975,0.99,5655900,NaN,NaN,NaN,NaN,NaN,NaN,NaN
1676250000,0.995,1.01,0.985,1,2015700,NaN,NaN,NaN,NaN,NaN,NaN,NaN
1676336400,0.995,1.07,0.995,1.05,11888600,NaN,NaN,NaN,NaN,NaN,NaN,NaN
1676422800,1.06,1.07,1.05,1.07,5783700,NaN,NaN,NaN,NaN,NaN,NaN,NaN
1676509200,1.07,1.07,1.06,1.06,8839000,NaN,NaN,NaN,NaN,NaN,NaN,NaN
1676595600,1.06,1.07,1.06,1.06,6763700,NaN,NaN,NaN,NaN,NaN,NaN,NaN
1676854800,1.07,1.16,1.07,1.15,32101100,NaN,NaN,NaN,NaN,NaN,NaN,NaN
1676941200,1.15,1.16,1.08,1.09,17467000,NaN,NaN,NaN,NaN,NaN,NaN,NaN
1677027600,1.09,1.09,1.05,1.07,11862700,NaN,NaN,NaN,NaN,NaN,NaN,NaN
1677114000,1.07,1.09,1.06,1.08,10315200,NaN,NaN,NaN,NaN,NaN,NaN,NaN
1677200400,1.08,1.11,1.07,1.08,8730700,NaN,NaN,NaN,NaN,NaN,NaN,NaN
1677459600,1.08,1.09,1.04,1.05,9367000,NaN,NaN,NaN,NaN,NaN,NaN,NaN
1677546000,1.05,1.09,1.05,1.05,13387900,NaN,NaN,NaN,NaN,NaN,NaN,NaN
1677632400,1.05,1.07,1.05,1.06,5956400,NaN,NaN,NaN,NaN,NaN,NaN,NaN
1677718800,1.04,1.1,1.04,1.09,13396300,NaN,NaN,NaN,NaN,NaN,NaN,NaN
1677805200,1.09,1.13,1.08,1.13,9636100,NaN,NaN,NaN,NaN,NaN,NaN,NaN
1678064400,1.13,1.15,1.11,1.13,28728000,NaN,NaN,NaN,NaN,NaN,NaN,NaN
1678150800,1.14,1.18,1.13,1.15,25171500,NaN,NaN,NaN,NaN,NaN,NaN,NaN
1678237200,1.15,1.17,1.13,1.14,14586400,NaN,NaN,NaN,NaN,NaN,NaN,NaN
1678323600,1.15,1.16,1.13,1.15,19050500,NaN,NaN,NaN,NaN,NaN,NaN,NaN
1678410000,1.15,1.15,1.12,1.13,17469900,NaN,NaN,NaN,NaN,NaN,NaN,NaN
1678669200,1.11,1.12,1.08,1.1,21201100,NaN,NaN,NaN,NaN,NaN,NaN,NaN
1678755600,1.09,1.12,1.09,1.11,8461800,NaN,NaN,NaN,NaN,NaN,NaN,NaN
1678842000,1.12,1.12,1.1,1.11,3899500,NaN,NaN,NaN,NaN,NaN,NaN,NaN
1678928400,1.11,1.11,1.08,1.09,18521300,NaN,NaN,NaN,NaN,NaN,NaN,NaN
1679014800,1.1,1.12,1.09,1.12,31216100,NaN,NaN,NaN,NaN,NaN,NaN,NaN
1679274000,1.12,1.12,1.07,1.1,7425100,NaN,NaN,NaN,NaN,NaN,NaN,NaN
1679360400,1.09,1.13,1.07,1.1,15429300,NaN,NaN,NaN,NaN,NaN,NaN,NaN
1679446800,1.1,1.11,1.08,1.1,2219800,NaN,NaN,NaN,NaN,NaN,NaN,NaN
1679533200,1.1,1.13,1.09,1.1,7607200,NaN,NaN,NaN,NaN,NaN,NaN,NaN
1679619600,1.11,1.12,1.09,1.09,6484400,NaN,NaN,NaN,NaN,NaN,NaN,NaN
1679878800,1.09,1.13,1.09,1.13,3814000,NaN,NaN,NaN,NaN,NaN,NaN,NaN
1679965200,1.12,1.13,1.09,1.12,3297300,NaN,NaN,NaN,NaN,NaN,NaN,NaN
1680051600,1.11,1.13,1.1,1.1,11917400,NaN,NaN,NaN,NaN,NaN,NaN,NaN
1680138000,1.1,1.12,1.09,1.12,8847300,NaN,NaN,NaN,NaN,NaN,NaN,NaN
1680224400,1.12,1.13,1.11,1.13,1842100,4364301300,7621971000,5217688000,113135000,814990000,2273053000,2.12389380530973
1680483600,1.13,1.13,1.1,1.12,10531300,NaN,NaN,NaN,NaN,NaN,NaN,NaN
1680570000,1.12,1.17,1.11,1.13,30581000,NaN,NaN,NaN,NaN,NaN,NaN,NaN
1680656400,1.13,1.16,1.13,1.16,4710600,NaN,NaN,NaN,NaN,NaN,NaN,NaN
1680742800,1.17,1.18,1.15,1.17,6231100,NaN,NaN,NaN,NaN,NaN,NaN,NaN
1680829200,1.17,1.19,1.13,1.13,7354600,NaN,NaN,NaN,NaN,NaN,NaN,NaN
1681088400,1.13,1.18,1.12,1.17,3409100,NaN,NaN,NaN,NaN,NaN,NaN,NaN
1681174800,1.17,1.18,1.16,1.18,4299900,NaN,NaN,NaN,NaN,NaN,NaN,NaN
1681261200,1.18,1.18,1.15,1.15,5876100,NaN,NaN,NaN,NaN,NaN,NaN,NaN
1681347600,1.14,1.16,1.13,1.14,3645900,NaN,NaN,NaN,NaN,NaN,NaN,NaN
1681434000,1.14,1.16,1.13,1.14,10529700,NaN,NaN,NaN,NaN,NaN,NaN,NaN
1681693200,1.14,1.16,1.13,1.14,6231700,NaN,NaN,NaN,NaN,NaN,NaN,NaN
1681779600,1.14,1.16,1.13,1.14,20279700,NaN,NaN,NaN,NaN,NaN,NaN,NaN
1681866000,1.15,1.15,1.13,1.14,7626300,NaN,NaN,NaN,NaN,NaN,NaN,NaN
1681952400,1.14,1.14,1.12,1.13,3734300,NaN,NaN,NaN,NaN,NaN,NaN,NaN
1682384400,1.12,1.17,1.12,1.17,3688600,NaN,NaN,NaN,NaN,NaN,NaN,NaN
1682470800,1.17,1.17,1.1,1.12,7601300,NaN,NaN,NaN,NaN,NaN,NaN,NaN
1682557200,1.12,1.14,1.09,1.1,8179600,NaN,NaN,NaN,NaN,NaN,NaN,NaN
1682643600,1.1,1.13,1.09,1.12,10467200,NaN,NaN,NaN,NaN,NaN,NaN,NaN
1682989200,1.12,1.12,1.1,1.11,3051500,NaN,NaN,NaN,NaN,NaN,NaN,NaN
1683075600,1.1,1.14,1.09,1.1,9397900,NaN,NaN,NaN,NaN,NaN,NaN,NaN
1683248400,1.1,1.12,1.09,1.11,6862600,NaN,NaN,NaN,NaN,NaN,NaN,NaN
1683507600,1.11,1.17,1.11,1.14,5769600,NaN,NaN,NaN,NaN,NaN,NaN,NaN
1683594000,1.14,1.15,1.11,1.14,7661300,NaN,NaN,NaN,NaN,NaN,NaN,NaN
1683680400,1.14,1.15,1.12,1.13,5767700,NaN,NaN,NaN,NaN,NaN,NaN,NaN
1683766800,1.15,1.17,1.13,1.16,5010000,NaN,NaN,NaN,NaN,NaN,NaN,NaN
1683853200,1.16,1.16,1.12,1.13,7087400,NaN,NaN,NaN,NaN,NaN,NaN,NaN
1684112400,1.14,1.15,1.13,1.14,1931900,NaN,NaN,NaN,NaN,NaN,NaN,NaN
1684198800,1.14,1.14,1.13,1.13,2345100,NaN,NaN,NaN,NaN,NaN,NaN,NaN
1684285200,1.13,1.14,1.11,1.12,6726500,NaN,NaN,NaN,NaN,NaN,NaN,NaN
1684371600,1.12,1.13,1.1,1.11,10375500,NaN,NaN,NaN,NaN,NaN,NaN,NaN
1684458000,1.11,1.12,1.1,1.11,5919400,NaN,NaN,NaN,NaN,NaN,NaN,NaN
1684717200,1.11,1.16,1.11,1.15,7056100,NaN,NaN,NaN,NaN,NaN,NaN,NaN
1684803600,1.15,1.15,1.13,1.14,4867300,NaN,NaN,NaN,NaN,NaN,NaN,NaN
1684890000,1.14,1.15,1.13,1.13,4755700,NaN,NaN,NaN,NaN,NaN,NaN,NaN
1684976400,1.13,1.14,1.12,1.12,3669900,NaN,NaN,NaN,NaN,NaN,NaN,NaN
1685062800,1.13,1.14,1.11,1.13,6650800,NaN,NaN,NaN,NaN,NaN,NaN,NaN
1685322000,1.13,1.14,1.12,1.12,1903100,NaN,NaN,NaN,NaN,NaN,NaN,NaN
1685408400,1.12,1.14,1.11,1.12,13656500,NaN,NaN,NaN,NaN,NaN,NaN,NaN
1685494800,1.13,1.18,1.13,1.18,26544000,NaN,NaN,NaN,NaN,NaN,NaN,NaN
1685581200,1.17,1.18,1.15,1.16,14044000,NaN,NaN,NaN,NaN,NaN,NaN,NaN
1685667600,1.16,1.18,1.15,1.18,7679400,NaN,NaN,NaN,NaN,NaN,NaN,NaN
1686013200,1.17,1.18,1.13,1.16,7568500,NaN,NaN,NaN,NaN,NaN,NaN,NaN
1686099600,1.16,1.16,1.12,1.14,6659200,NaN,NaN,NaN,NaN,NaN,NaN,NaN
1686186000,1.15,1.15,1.12,1.15,7723700,NaN,NaN,NaN,NaN,NaN,NaN,NaN
1686272400,1.15,1.15,1.12,1.14,7462800,NaN,NaN,NaN,NaN,NaN,NaN,NaN
1686531600,1.14,1.16,1.12,1.13,10411800,NaN,NaN,NaN,NaN,NaN,NaN,NaN
1686618000,1.13,1.14,1.1,1.12,21879500,NaN,NaN,NaN,NaN,NaN,NaN,NaN
1686704400,1.12,1.14,1.11,1.12,8495400,NaN,NaN,NaN,NaN,NaN,NaN,NaN
1686790800,1.12,1.15,1.11,1.15,6152700,NaN,NaN,NaN,NaN,NaN,NaN,NaN
1686877200,1.15,1.17,1.13,1.17,3761400,NaN,NaN,NaN,NaN,NaN,NaN,NaN
1687136400,1.16,1.16,1.12,1.13,8064000,NaN,NaN,NaN,NaN,NaN,NaN,NaN
1687222800,1.13,1.13,1.09,1.11,17961500,NaN,NaN,NaN,NaN,NaN,NaN,NaN
1687309200,1.11,1.14,1.1,1.12,14996200,NaN,NaN,NaN,NaN,NaN,NaN,NaN
1687395600,1.12,1.13,1.1,1.11,13821800,NaN,NaN,NaN,NaN,NaN,NaN,NaN
1687482000,1.11,1.12,1.1,1.1,22011400,NaN,NaN,NaN,NaN,NaN,NaN,NaN
1687741200,1.11,1.12,1.1,1.1,11448300,NaN,NaN,NaN,NaN,NaN,NaN,NaN
1687827600,1.11,1.15,1.1,1.14,6334300,NaN,NaN,NaN,NaN,NaN,NaN,NaN
1687914000,1.14,1.15,1.13,1.15,3722700,NaN,NaN,NaN,NaN,NaN,NaN,NaN
1688086800,1.13,1.13,1.12,1.12,4334300,4364301300,7159578000,4733852000,109367000,785362000,2293457000,2.5
1688346000,1.13,1.14,1.11,1.12,3499800,NaN,NaN,NaN,NaN,NaN,NaN,NaN
1688432400,1.12,1.14,1.11,1.12,7613000,NaN,NaN,NaN,NaN,NaN,NaN,NaN
1688518800,1.12,1.12,1.11,1.11,1951100,NaN,NaN,NaN,NaN,NaN,NaN,NaN
1688605200,1.11,1.12,1.1,1.11,8297200,NaN,NaN,NaN,NaN,NaN,NaN,NaN
1688691600,1.11,1.11,1.09,1.09,6435700,NaN,NaN,NaN,NaN,NaN,NaN,NaN
1688950800,1.09,1.11,1.08,1.09,3190800,NaN,NaN,NaN,NaN,NaN,NaN,NaN
1689037200,1.1,1.11,1.09,1.1,1883700,NaN,NaN,NaN,NaN,NaN,NaN,NaN
1689123600,1.1,1.12,1.09,1.1,6343800,NaN,NaN,NaN,NaN,NaN,NaN,NaN
1689210000,1.1,1.12,1.09,1.11,7008900,NaN,NaN,NaN,NaN,NaN,NaN,NaN
1689296400,1.12,1.14,1.1,1.11,8664900,NaN,NaN,NaN,NaN,NaN,NaN,NaN
1689555600,1.1,1.12,1.09,1.11,7931500,NaN,NaN,NaN,NaN,NaN,NaN,NaN
1689642000,1.12,1.13,1.12,1.12,2502900,NaN,NaN,NaN,NaN,NaN,NaN,NaN
1689814800,1.13,1.13,1.11,1.12,1704000,NaN,NaN,NaN,NaN,NaN,NaN,NaN
1689901200,1.11,1.13,1.1,1.11,5068200,NaN,NaN,NaN,NaN,NaN,NaN,NaN
1690160400,1.11,1.12,1.1,1.11,3817500,NaN,NaN,NaN,NaN,NaN,NaN,NaN
1690246800,1.12,1.13,1.11,1.12,3291700,NaN,NaN,NaN,NaN,NaN,NaN,NaN
1690333200,1.12,1.13,1.11,1.13,4450100,NaN,NaN,NaN,NaN,NaN,NaN,NaN
1690419600,1.12,1.15,1.11,1.13,6703600,NaN,NaN,NaN,NaN,NaN,NaN,NaN
1690506000,1.13,1.14,1.12,1.13,1690800,NaN,NaN,NaN,NaN,NaN,NaN,NaN
1690765200,1.14,1.15,1.13,1.15,3789300,NaN,NaN,NaN,NaN,NaN,NaN,NaN
1690851600,1.15,1.15,1.13,1.14,4098900,NaN,NaN,NaN,NaN,NaN,NaN,NaN
1690938000,1.14,1.16,1.12,1.14,9403100,NaN,NaN,NaN,NaN,NaN,NaN,NaN
1691024400,1.14,1.16,1.13,1.15,6528100,NaN,NaN,NaN,NaN,NaN,NaN,NaN
1691110800,1.15,1.16,1.14,1.16,4093000,NaN,NaN,NaN,NaN,NaN,NaN,NaN
1691370000,1.16,1.16,1.14,1.14,4155900,NaN,NaN,NaN,NaN,NaN,NaN,NaN
1691456400,1.15,1.15,1.13,1.14,9822800,NaN,NaN,NaN,NaN,NaN,NaN,NaN
1691542800,1.14,1.15,1.13,1.14,2664700,NaN,NaN,NaN,NaN,NaN,NaN,NaN
1691629200,1.14,1.15,1.13,1.14,4300100,NaN,NaN,NaN,NaN,NaN,NaN,NaN
1691715600,1.14,1.16,1.14,1.15,1664300,NaN,NaN,NaN,NaN,NaN,NaN,NaN
1691974800,1.14,1.16,1.14,1.15,2898500,NaN,NaN,NaN,NaN,NaN,NaN,NaN
1692061200,1.15,1.21,1.15,1.18,10224400,NaN,NaN,NaN,NaN,NaN,NaN,NaN
1692147600,1.18,1.2,1.17,1.19,6109900,NaN,NaN,NaN,NaN,NaN,NaN,NaN
1692234000,1.2,1.2,1.18,1.19,9979900,NaN,NaN,NaN,NaN,NaN,NaN,NaN
1692320400,1.19,1.2,1.16,1.17,3219300,NaN,NaN,NaN,NaN,NaN,NaN,NaN
1692579600,1.18,1.19,1.15,1.16,6084100,NaN,NaN,NaN,NaN,NaN,NaN,NaN
1692666000,1.16,1.18,1.15,1.17,10013900,NaN,NaN,NaN,NaN,NaN,NaN,NaN
1692752400,1.17,1.19,1.17,1.18,1588000,NaN,NaN,NaN,NaN,NaN,NaN,NaN
1692838800,1.18,1.18,1.15,1.16,9270600,NaN,NaN,NaN,NaN,NaN,NaN,NaN
1692925200,1.16,1.19,1.15,1.16,4184100,NaN,NaN,NaN,NaN,NaN,NaN,NaN
1693184400,1.16,1.19,1.16,1.18,4426000,NaN,NaN,NaN,NaN,NaN,NaN,NaN
1693270800,1.19,1.19,1.16,1.17,7133600,NaN,NaN,NaN,NaN,NaN,NaN,NaN
1693357200,1.17,1.2,1.14,1.16,21466700,NaN,NaN,NaN,NaN,NaN,NaN,NaN
1693530000,1.15,1.19,1.15,1.18,6320800,NaN,NaN,NaN,NaN,NaN,NaN,NaN
1693789200,1.18,1.2,1.17,1.18,10812900,NaN,NaN,NaN,NaN,NaN,NaN,NaN
1693875600,1.18,1.19,1.15,1.16,7739100,NaN,NaN,NaN,NaN,NaN,NaN,NaN
1693962000,1.17,1.18,1.16,1.17,4320900,NaN,NaN,NaN,NaN,NaN,NaN,NaN
1694048400,1.17,1.18,1.16,1.18,5153800,NaN,NaN,NaN,NaN,NaN,NaN,NaN
1694134800,1.16,1.19,1.16,1.17,4437400,NaN,NaN,NaN,NaN,NaN,NaN,NaN
1694394000,1.19,1.19,1.15,1.16,6277100,NaN,NaN,NaN,NaN,NaN,NaN,NaN
1694480400,1.16,1.19,1.15,1.18,8609400,NaN,NaN,NaN,NaN,NaN,NaN,NaN
1694566800,1.18,1.2,1.17,1.19,8127000,NaN,NaN,NaN,NaN,NaN,NaN,NaN
1694653200,1.19,1.2,1.17,1.19,11317100,NaN,NaN,NaN,NaN,NaN,NaN,NaN
1694739600,1.19,1.22,1.19,1.19,13192500,NaN,NaN,NaN,NaN,NaN,NaN,NaN
1694998800,1.19,1.21,1.18,1.19,6303500,NaN,NaN,NaN,NaN,NaN,NaN,NaN
1695085200,1.19,1.22,1.19,1.19,16122400,NaN,NaN,NaN,NaN,NaN,NaN,NaN
1695171600,1.2,1.21,1.19,1.19,6870600,NaN,NaN,NaN,NaN,NaN,NaN,NaN
1695258000,1.19,1.21,1.18,1.2,5784000,NaN,NaN,NaN,NaN,NaN,NaN,NaN
1695344400,1.2,1.21,1.19,1.19,4237600,NaN,NaN,NaN,NaN,NaN,NaN,NaN
1695603600,1.19,1.2,1.19,1.19,12503700,NaN,NaN,NaN,NaN,NaN,NaN,NaN
1695690000,1.19,1.21,1.18,1.2,10968200,NaN,NaN,NaN,NaN,NaN,NaN,NaN
1695776400,1.2,1.2,1.16,1.17,17213300,NaN,NaN,NaN,NaN,NaN,NaN,NaN
1695949200,1.17,1.17,1.14,1.14,24546200,4364301300,7293055000,4799114000,126408000,906894000,2337492000,2.67543859649123
1696208400,1.14,1.15,1.13,1.14,6265500,NaN,NaN,NaN,NaN,NaN,NaN,NaN
1696294800,1.13,1.16,1.12,1.14,10920700,NaN,NaN,NaN,NaN,NaN,NaN,NaN
1696381200,1.14,1.15,1.13,1.15,11230200,NaN,NaN,NaN,NaN,NaN,NaN,NaN
1696467600,1.15,1.16,1.14,1.15,13717300,NaN,NaN,NaN,NaN,NaN,NaN,NaN
1696554000,1.15,1.17,1.15,1.16,7411000,NaN,NaN,NaN,NaN,NaN,NaN,NaN
1696813200,1.16,1.17,1.16,1.16,5106800,NaN,NaN,NaN,NaN,NaN,NaN,NaN
1696899600,1.17,1.18,1.16,1.18,13941100,NaN,NaN,NaN,NaN,NaN,NaN,NaN
1696986000,1.18,1.21,1.17,1.2,17454000,NaN,NaN,NaN,NaN,NaN,NaN,NaN
1697072400,1.2,1.21,1.19,1.2,7467200,NaN,NaN,NaN,NaN,NaN,NaN,NaN
1697158800,1.19,1.21,1.19,1.2,6897600,NaN,NaN,NaN,NaN,NaN,NaN,NaN
1697418000,1.19,1.21,1.19,1.2,10586100,NaN,NaN,NaN,NaN,NaN,NaN,NaN
1697504400,1.2,1.22,1.2,1.2,1636000,NaN,NaN,NaN,NaN,NaN,NaN,NaN
1697590800,1.2,1.21,1.18,1.19,17987900,NaN,NaN,NaN,NaN,NaN,NaN,NaN
1697677200,1.18,1.2,1.18,1.2,3390300,NaN,NaN,NaN,NaN,NaN,NaN,NaN
1697763600,1.19,1.21,1.18,1.2,2373500,NaN,NaN,NaN,NaN,NaN,NaN,NaN
1698022800,1.2,1.22,1.18,1.2,8481800,NaN,NaN,NaN,NaN,NaN,NaN,NaN
1698109200,1.19,1.25,1.19,1.24,9641000,NaN,NaN,NaN,NaN,NaN,NaN,NaN
1698195600,1.24,1.27,1.23,1.24,10334800,NaN,NaN,NaN,NaN,NaN,NaN,NaN
1698282000,1.24,1.25,1.23,1.25,1957300,NaN,NaN,NaN,NaN,NaN,NaN,NaN
1698368400,1.25,1.26,1.24,1.25,4001500,NaN,NaN,NaN,NaN,NaN,NaN,NaN
1698627600,1.25,1.25,1.21,1.24,7456700,NaN,NaN,NaN,NaN,NaN,NaN,NaN
1698714000,1.24,1.28,1.24,1.28,4086300,NaN,NaN,NaN,NaN,NaN,NaN,NaN
1698800400,1.29,1.29,1.24,1.27,6373200,NaN,NaN,NaN,NaN,NaN,NaN,NaN
1698886800,1.26,1.28,1.25,1.26,6171900,NaN,NaN,NaN,NaN,NaN,NaN,NaN
1698973200,1.26,1.29,1.25,1.27,11397400,NaN,NaN,NaN,NaN,NaN,NaN,NaN
1699232400,1.27,1.31,1.27,1.29,19125800,NaN,NaN,NaN,NaN,NaN,NaN,NaN
1699318800,1.29,1.3,1.27,1.28,7035000,NaN,NaN,NaN,NaN,NaN,NaN,NaN
1699405200,1.28,1.29,1.24,1.26,12098100,NaN,NaN,NaN,NaN,NaN,NaN,NaN
1699491600,1.26,1.3,1.25,1.28,16618400,NaN,NaN,NaN,NaN,NaN,NaN,NaN
1699578000,1.25,1.27,1.24,1.25,11012500,NaN,NaN,NaN,NaN,NaN,NaN,NaN
1699923600,1.25,1.27,1.25,1.26,12173100,NaN,NaN,NaN,NaN,NaN,NaN,NaN
1700010000,1.27,1.29,1.26,1.28,3164400,NaN,NaN,NaN,NaN,NaN,NaN,NaN
1700096400,1.28,1.3,1.28,1.3,3003600,NaN,NaN,NaN,NaN,NaN,NaN,NaN
1700182800,1.29,1.3,1.28,1.29,2884300,NaN,NaN,NaN,NaN,NaN,NaN,NaN
1700442000,1.29,1.3,1.28,1.29,4918700,NaN,NaN,NaN,NaN,NaN,NaN,NaN
1700528400,1.29,1.3,1.29,1.3,8006000,NaN,NaN,NaN,NaN,NaN,NaN,NaN
1700614800,1.3,1.3,1.28,1.29,1225800,NaN,NaN,NaN,NaN,NaN,NaN,NaN
1700701200,1.29,1.31,1.29,1.3,6627900,NaN,NaN,NaN,NaN,NaN,NaN,NaN
1700787600,1.3,1.32,1.29,1.29,10469500,NaN,NaN,NaN,NaN,NaN,NaN,NaN
1701046800,1.29,1.3,1.26,1.28,12393000,NaN,NaN,NaN,NaN,NaN,NaN,NaN
1701133200,1.27,1.32,1.27,1.3,13971000,NaN,NaN,NaN,NaN,NaN,NaN,NaN
1701219600,1.34,1.39,1.32,1.35,36940500,NaN,NaN,NaN,NaN,NaN,NaN,NaN
1701306000,1.35,1.38,1.34,1.34,24164600,NaN,NaN,NaN,NaN,NaN,NaN,NaN
1701392400,1.35,1.36,1.33,1.34,14877500,NaN,NaN,NaN,NaN,NaN,NaN,NaN
1701651600,1.34,1.35,1.31,1.35,25635100,NaN,NaN,NaN,NaN,NaN,NaN,NaN
1701738000,1.34,1.36,1.32,1.33,28623000,NaN,NaN,NaN,NaN,NaN,NaN,NaN
1701824400,1.33,1.36,1.3,1.34,33177000,NaN,NaN,NaN,NaN,NaN,NaN,NaN
1701910800,1.34,1.35,1.3,1.32,22563200,NaN,NaN,NaN,NaN,NaN,NaN,NaN
1701997200,1.32,1.34,1.3,1.33,13119500,NaN,NaN,NaN,NaN,NaN,NaN,NaN
1702256400,1.33,1.34,1.32,1.33,34223500,NaN,NaN,NaN,NaN,NaN,NaN,NaN
1702342800,1.31,1.36,1.3,1.34,12079000,NaN,NaN,NaN,NaN,NaN,NaN,NaN
1702429200,1.34,1.42,1.33,1.4,25330900,NaN,NaN,NaN,NaN,NaN,NaN,NaN
1702515600,1.41,1.44,1.37,1.43,34661500,NaN,NaN,NaN,NaN,NaN,NaN,NaN
1702602000,1.43,1.45,1.4,1.44,7338500,NaN,NaN,NaN,NaN,NaN,NaN,NaN
1702861200,1.44,1.46,1.42,1.44,20714600,NaN,NaN,NaN,NaN,NaN,NaN,NaN
1702947600,1.44,1.45,1.42,1.43,14921900,NaN,NaN,NaN,NaN,NaN,NaN,NaN
1703034000,1.43,1.45,1.41,1.43,16546700,NaN,NaN,NaN,NaN,NaN,NaN,NaN
1703120400,1.42,1.45,1.42,1.43,15973700,NaN,NaN,NaN,NaN,NaN,NaN,NaN
1703206800,1.43,1.44,1.42,1.43,4461900,NaN,NaN,NaN,NaN,NaN,NaN,NaN
1703552400,1.42,1.45,1.42,1.43,9291400,NaN,NaN,NaN,NaN,NaN,NaN,NaN
1703638800,1.43,1.44,1.42,1.43,2869700,NaN,NaN,NaN,NaN,NaN,NaN,NaN
1703725200,1.43,1.46,1.42,1.45,8814600,NaN,NaN,NaN,NaN,NaN,NaN,NaN
1703811600,1.45,1.49,1.44,1.44,24797300,4364301366,7246162000,4718010000,102744000,911455000,2383164000,2.15277777777778
1704157200,1.44,1.44,1.41,1.42,6304600,NaN,NaN,NaN,NaN,NaN,NaN,NaN
1704243600,1.42,1.44,1.41,1.43,4748300,NaN,NaN,NaN,NaN,NaN,NaN,NaN
1704330000,1.44,1.46,1.43,1.45,6237800,NaN,NaN,NaN,NaN,NaN,NaN,NaN
1704416400,1.44,1.5,1.44,1.47,15265900,NaN,NaN,NaN,NaN,NaN,NaN,NaN
1704675600,1.48,1.48,1.45,1.48,10036200,NaN,NaN,NaN,NaN,NaN,NaN,NaN
1704762000,1.47,1.52,1.47,1.5,16955300,NaN,NaN,NaN,NaN,NaN,NaN,NaN
1704848400,1.5,1.51,1.47,1.48,12937300,NaN,NaN,NaN,NaN,NaN,NaN,NaN
1704934800,1.48,1.52,1.47,1.52,9421100,NaN,NaN,NaN,NaN,NaN,NaN,NaN
1705021200,1.52,1.54,1.5,1.51,10260400,NaN,NaN,NaN,NaN,NaN,NaN,NaN
1705280400,1.51,1.54,1.5,1.51,6710100,NaN,NaN,NaN,NaN,NaN,NaN,NaN
1705366800,1.52,1.53,1.49,1.49,8243000,NaN,NaN,NaN,NaN,NaN,NaN,NaN
1705453200,1.49,1.53,1.46,1.52,10777100,NaN,NaN,NaN,NaN,NaN,NaN,NaN
1705539600,1.51,1.53,1.49,1.51,9459500,NaN,NaN,NaN,NaN,NaN,NaN,NaN
1705626000,1.51,1.58,1.51,1.57,10506500,NaN,NaN,NaN,NaN,NaN,NaN,NaN
1705885200,1.57,1.6,1.55,1.56,8030000,NaN,NaN,NaN,NaN,NaN,NaN,NaN
1705971600,1.55,1.58,1.54,1.57,6301100,NaN,NaN,NaN,NaN,NaN,NaN,NaN
1706058000,1.56,1.6,1.56,1.59,7739300,NaN,NaN,NaN,NaN,NaN,NaN,NaN
1706230800,1.59,1.65,1.59,1.63,12761100,NaN,NaN,NaN,NaN,NaN,NaN,NaN
1706490000,1.64,1.64,1.57,1.6,11070800,NaN,NaN,NaN,NaN,NaN,NaN,NaN
1706576400,1.6,1.62,1.6,1.62,4664000,NaN,NaN,NaN,NaN,NaN,NaN,NaN
1706662800,1.62,1.63,1.6,1.61,3582200,NaN,NaN,NaN,NaN,NaN,NaN,NaN
1706835600,1.61,1.64,1.59,1.61,7387800,NaN,NaN,NaN,NaN,NaN,NaN,NaN
1707094800,1.62,1.63,1.61,1.61,1710000,NaN,NaN,NaN,NaN,NaN,NaN,NaN
1707181200,1.62,1.63,1.61,1.62,6151800,NaN,NaN,NaN,NaN,NaN,NaN,NaN
1707267600,1.63,1.63,1.56,1.59,7008800,NaN,NaN,NaN,NaN,NaN,NaN,NaN
1707354000,1.6,1.64,1.6,1.62,4344800,NaN,NaN,NaN,NaN,NaN,NaN,NaN
1707440400,1.63,1.63,1.61,1.62,529200,NaN,NaN,NaN,NaN,NaN,NaN,NaN
1707786000,1.62,1.69,1.62,1.67,8278500,NaN,NaN,NaN,NaN,NaN,NaN,NaN
1707872400,1.65,1.68,1.64,1.67,4108200,NaN,NaN,NaN,NaN,NaN,NaN,NaN
1707958800,1.68,1.69,1.63,1.65,9073600,NaN,NaN,NaN,NaN,NaN,NaN,NaN
1708045200,1.66,1.67,1.62,1.63,13553500,NaN,NaN,NaN,NaN,NaN,NaN,NaN
1708304400,1.65,1.66,1.6,1.61,13127200,NaN,NaN,NaN,NaN,NaN,NaN,NaN
1708390800,1.61,1.64,1.61,1.62,12877700,NaN,NaN,NaN,NaN,NaN,NaN,NaN
1708477200,1.63,1.69,1.61,1.64,20303400,NaN,NaN,NaN,NaN,NaN,NaN,NaN
1708563600,1.65,1.65,1.63,1.64,8327900,NaN,NaN,NaN,NaN,NaN,NaN,NaN
1708650000,1.63,1.66,1.63,1.64,11624900,NaN,NaN,NaN,NaN,NaN,NaN,NaN
1708909200,1.64,1.69,1.64,1.67,12943300,NaN,NaN,NaN,NaN,NaN,NaN,NaN
1708995600,1.66,1.7,1.64,1.67,9108100,NaN,NaN,NaN,NaN,NaN,NaN,NaN
1709082000,1.68,1.7,1.65,1.67,8767400,NaN,NaN,NaN,NaN,NaN,NaN,NaN
1709168400,1.67,1.69,1.64,1.65,37105200,NaN,NaN,NaN,NaN,NaN,NaN,NaN
1709254800,1.65,1.69,1.65,1.67,17735500,NaN,NaN,NaN,NaN,NaN,NaN,NaN
1709514000,1.67,1.74,1.67,1.68,16041500,NaN,NaN,NaN,NaN,NaN,NaN,NaN
1709600400,1.68,1.69,1.66,1.67,10945200,NaN,NaN,NaN,NaN,NaN,NaN,NaN
1709686800,1.67,1.71,1.66,1.7,11467600,NaN,NaN,NaN,NaN,NaN,NaN,NaN
1709773200,1.69,1.72,1.68,1.7,17298700,NaN,NaN,NaN,NaN,NaN,NaN,NaN
1709859600,1.7,1.74,1.68,1.72,14814000,NaN,NaN,NaN,NaN,NaN,NaN,NaN
1710118800,1.72,1.75,1.71,1.74,8416700,NaN,NaN,NaN,NaN,NaN,NaN,NaN
1710205200,1.74,1.8,1.73,1.77,21897900,NaN,NaN,NaN,NaN,NaN,NaN,NaN
1710291600,1.78,1.8,1.76,1.77,13518000,NaN,NaN,NaN,NaN,NaN,NaN,NaN
1710378000,1.78,1.8,1.78,1.79,10689500,NaN,NaN,NaN,NaN,NaN,NaN,NaN
1710464400,1.79,1.85,1.79,1.83,14374900,NaN,NaN,NaN,NaN,NaN,NaN,NaN
1710723600,1.83,1.89,1.83,1.85,16436400,NaN,NaN,NaN,NaN,NaN,NaN,NaN
1710810000,1.86,1.91,1.85,1.91,10102200,NaN,NaN,NaN,NaN,NaN,NaN,NaN
1710896400,1.91,1.92,1.84,1.87,13323100,NaN,NaN,NaN,NaN,NaN,NaN,NaN
1710982800,1.87,1.89,1.84,1.89,11186500,NaN,NaN,NaN,NaN,NaN,NaN,NaN
1711069200,1.89,1.93,1.87,1.93,9365900,NaN,NaN,NaN,NaN,NaN,NaN,NaN
1711328400,1.94,1.94,1.88,1.9,15812000,NaN,NaN,NaN,NaN,NaN,NaN,NaN
1711414800,1.9,1.96,1.89,1.94,10238500,NaN,NaN,NaN,NaN,NaN,NaN,NaN
1711501200,1.94,1.96,1.89,1.9,9079900,NaN,NaN,NaN,NaN,NaN,NaN,NaN
1711674000,1.9,1.92,1.89,1.92,15849200,4364301366,7229269000,4655675000,121940000,908015000,2404244000,1.82291666666667
1711933200,1.92,1.95,1.88,1.88,12787100,NaN,NaN,NaN,NaN,NaN,NaN,NaN
1712019600,1.86,1.92,1.86,1.91,11251100,NaN,NaN,NaN,NaN,NaN,NaN,NaN
1712106000,1.91,1.94,1.91,1.92,10642400,NaN,NaN,NaN,NaN,NaN,NaN,NaN
1712192400,1.92,1.93,1.91,1.92,4331300,NaN,NaN,NaN,NaN,NaN,NaN,NaN
1712278800,1.91,1.94,1.91,1.94,7212400,NaN,NaN,NaN,NaN,NaN,NaN,NaN
1712538000,1.94,1.97,1.94,1.96,10304200,NaN,NaN,NaN,NaN,NaN,NaN,NaN
1712624400,1.97,1.98,1.91,1.91,7470700,NaN,NaN,NaN,NaN,NaN,NaN,NaN
1712883600,1.92,1.95,1.92,1.93,6508800,NaN,NaN,NaN,NaN,NaN,NaN,NaN
1713142800,1.92,1.95,1.89,1.91,17012200,NaN,NaN,NaN,NaN,NaN,NaN,NaN
1713229200,1.9,1.9,1.85,1.87,19512500,NaN,NaN,NaN,NaN,NaN,NaN,NaN
1713315600,1.88,1.93,1.88,1.91,16155300,NaN,NaN,NaN,NaN,NaN,NaN,NaN
1713402000,1.91,1.95,1.9,1.95,10548600,NaN,NaN,NaN,NaN,NaN,NaN,NaN
1713488400,1.95,1.96,1.89,1.92,13707900,NaN,NaN,NaN,NaN,NaN,NaN,NaN
1713747600,1.92,1.95,1.91,1.93,12321200,NaN,NaN,NaN,NaN,NaN,NaN,NaN
1713834000,1.94,1.97,1.93,1.96,15658100,NaN,NaN,NaN,NaN,NaN,NaN,NaN
1713920400,1.97,2.02,1.96,2,9345000,NaN,NaN,NaN,NaN,NaN,NaN,NaN
1714006800,2,2,1.96,1.98,13503400,NaN,NaN,NaN,NaN,NaN,NaN,NaN
1714093200,1.98,2.01,1.97,1.97,9213000,NaN,NaN,NaN,NaN,NaN,NaN,NaN
1714352400,1.98,2.02,1.98,2.01,13475100,NaN,NaN,NaN,NaN,NaN,NaN,NaN
1714438800,2.01,2.05,2,2.02,14933900,NaN,NaN,NaN,NaN,NaN,NaN,NaN
1714611600,2,2.05,1.99,1.99,8513600,NaN,NaN,NaN,NaN,NaN,NaN,NaN
1714698000,1.99,2.01,1.96,1.97,7945200,NaN,NaN,NaN,NaN,NaN,NaN,NaN
1714957200,1.98,2,1.97,1.99,6127600,NaN,NaN,NaN,NaN,NaN,NaN,NaN
1715043600,1.99,2,1.97,1.99,6747400,NaN,NaN,NaN,NaN,NaN,NaN,NaN
1715130000,1.99,2,1.97,2,7956500,NaN,NaN,NaN,NaN,NaN,NaN,NaN
1715216400,2,2.01,1.98,1.99,11097300,NaN,NaN,NaN,NaN,NaN,NaN,NaN
1715302800,1.99,2,1.96,1.99,7284800,NaN,NaN,NaN,NaN,NaN,NaN,NaN
1715562000,1.99,2,1.96,1.97,4824100,NaN,NaN,NaN,NaN,NaN,NaN,NaN
1715648400,1.97,2,1.96,2,5913500,NaN,NaN,NaN,NaN,NaN,NaN,NaN
1715734800,2,2.02,2,2,6543900,NaN,NaN,NaN,NaN,NaN,NaN,NaN
1715821200,2.01,2.01,1.98,1.99,8050300,NaN,NaN,NaN,NaN,NaN,NaN,NaN
1715907600,1.99,2.02,1.98,2.01,9767500,NaN,NaN,NaN,NaN,NaN,NaN,NaN
1716166800,2.01,2.01,1.98,1.99,6315700,NaN,NaN,NaN,NaN,NaN,NaN,NaN
1716253200,2,2.01,1.99,2.01,5599400,NaN,NaN,NaN,NaN,NaN,NaN,NaN
1716426000,2.01,2.03,1.99,2.01,8019200,NaN,NaN,NaN,NaN,NaN,NaN,NaN
1716512400,2,2.03,1.99,2.01,8508200,NaN,NaN,NaN,NaN,NaN,NaN,NaN
1716771600,2,2.01,1.99,2,8298600,NaN,NaN,NaN,NaN,NaN,NaN,NaN
1716858000,2.01,2.01,1.9,1.94,30688400,NaN,NaN,NaN,NaN,NaN,NaN,NaN
1716944400,1.93,1.94,1.9,1.94,32501600,NaN,NaN,NaN,NaN,NaN,NaN,NaN
1717030800,1.93,1.94,1.89,1.93,14917100,NaN,NaN,NaN,NaN,NaN,NaN,NaN
1717117200,1.92,1.94,1.9,1.9,17842000,NaN,NaN,NaN,NaN,NaN,NaN,NaN
1717462800,1.9,1.92,1.85,1.89,13121600,NaN,NaN,NaN,NaN,NaN,NaN,NaN
1717549200,1.9,1.92,1.89,1.89,6863000,NaN,NaN,NaN,NaN,NaN,NaN,NaN
1717635600,1.9,1.93,1.9,1.92,8243300,NaN,NaN,NaN,NaN,NaN,NaN,NaN
1717722000,1.92,1.95,1.91,1.94,8439500,NaN,NaN,NaN,NaN,NaN,NaN,NaN
1717981200,1.94,1.95,1.92,1.94,3839000,NaN,NaN,NaN,NaN,NaN,NaN,NaN
1718067600,1.94,1.97,1.93,1.96,8812400,NaN,NaN,NaN,NaN,NaN,NaN,NaN
1718154000,1.96,1.98,1.95,1.96,11078500,NaN,NaN,NaN,NaN,NaN,NaN,NaN
1718240400,1.97,1.97,1.93,1.97,9988500,NaN,NaN,NaN,NaN,NaN,NaN,NaN
1718326800,1.97,1.99,1.96,1.96,5331800,NaN,NaN,NaN,NaN,NaN,NaN,NaN
1718672400,1.96,1.97,1.93,1.96,4903700,NaN,NaN,NaN,NaN,NaN,NaN,NaN
1718758800,1.97,1.97,1.91,1.92,10629300,NaN,NaN,NaN,NaN,NaN,NaN,NaN
1718845200,1.92,1.93,1.91,1.92,4097700,NaN,NaN,NaN,NaN,NaN,NaN,NaN
1718931600,1.92,1.94,1.89,1.93,5981100,NaN,NaN,NaN,NaN,NaN,NaN,NaN
1719190800,1.93,1.93,1.89,1.9,11021600,NaN,NaN,NaN,NaN,NaN,NaN,NaN
1719277200,1.9,1.93,1.89,1.92,7248100,NaN,NaN,NaN,NaN,NaN,NaN,NaN
1719363600,1.91,1.94,1.91,1.92,2393700,NaN,NaN,NaN,NaN,NaN,NaN,NaN
1719450000,1.92,1.92,1.9,1.91,10900000,NaN,NaN,NaN,NaN,NaN,NaN,NaN
1719536400,1.91,1.94,1.91,1.93,5572500,4364301366,7334025000,4722005000,146676000,924838000,2435102000,1.99481865284974
1719795600,1.93,1.94,1.92,1.94,6590400,NaN,NaN,NaN,NaN,NaN,NaN,NaN
1719882000,1.93,1.94,1.91,1.92,9565200,NaN,NaN,NaN,NaN,NaN,NaN,NaN
1719968400,1.92,1.94,1.9,1.93,5588700,NaN,NaN,NaN,NaN,NaN,NaN,NaN
1720054800,1.94,1.95,1.92,1.94,7514800,NaN,NaN,NaN,NaN,NaN,NaN,NaN
1720141200,1.94,1.95,1.91,1.93,5991200,NaN,NaN,NaN,NaN,NaN,NaN,NaN
1720486800,1.93,1.93,1.89,1.91,9825600,NaN,NaN,NaN,NaN,NaN,NaN,NaN
1720573200,1.91,1.93,1.89,1.9,7149100,NaN,NaN,NaN,NaN,NaN,NaN,NaN
1720659600,1.9,1.92,1.9,1.91,8362900,NaN,NaN,NaN,NaN,NaN,NaN,NaN
1720746000,1.91,1.92,1.9,1.91,4593100,NaN,NaN,NaN,NaN,NaN,NaN,NaN
1721005200,1.9,1.94,1.89,1.9,8501900,NaN,NaN,NaN,NaN,NaN,NaN,NaN
1721091600,1.9,1.9,1.87,1.88,11300100,NaN,NaN,NaN,NaN,NaN,NaN,NaN
1721178000,1.88,1.88,1.85,1.86,6434400,NaN,NaN,NaN,NaN,NaN,NaN,NaN
1721264400,1.87,1.87,1.81,1.83,14977300,NaN,NaN,NaN,NaN,NaN,NaN,NaN
1721350800,1.81,1.85,1.79,1.83,14581400,NaN,NaN,NaN,NaN,NaN,NaN,NaN
1721610000,1.84,1.84,1.82,1.83,3490900,NaN,NaN,NaN,NaN,NaN,NaN,NaN
1721696400,1.83,1.87,1.83,1.85,10042900,NaN,NaN,NaN,NaN,NaN,NaN,NaN
1721782800,1.85,1.89,1.85,1.89,13093100,NaN,NaN,NaN,NaN,NaN,NaN,NaN
1721869200,1.88,1.91,1.86,1.9,9437600,NaN,NaN,NaN,NaN,NaN,NaN,NaN
1721955600,1.9,1.9,1.87,1.88,5433000,NaN,NaN,NaN,NaN,NaN,NaN,NaN
1722214800,1.89,1.89,1.83,1.85,11254500,NaN,NaN,NaN,NaN,NaN,NaN,NaN
1722301200,1.85,1.89,1.83,1.85,12195700,NaN,NaN,NaN,NaN,NaN,NaN,NaN
1722387600,1.85,1.87,1.82,1.86,4197500,NaN,NaN,NaN,NaN,NaN,NaN,NaN
1722474000,1.86,1.9,1.85,1.85,13019500,NaN,NaN,NaN,NaN,NaN,NaN,NaN
1722560400,1.83,1.86,1.83,1.83,11645100,NaN,NaN,NaN,NaN,NaN,NaN,NaN
1722819600,1.82,1.84,1.72,1.8,20816700,NaN,NaN,NaN,NaN,NaN,NaN,NaN
1722906000,1.8,1.86,1.76,1.85,10523300,NaN,NaN,NaN,NaN,NaN,NaN,NaN
1722992400,1.85,1.92,1.83,1.87,10169800,NaN,NaN,NaN,NaN,NaN,NaN,NaN
1723078800,1.83,1.89,1.81,1.86,10720300,NaN,NaN,NaN,NaN,NaN,NaN,NaN
1723165200,1.89,1.91,1.88,1.88,8199500,NaN,NaN,NaN,NaN,NaN,NaN,NaN
1723424400,1.91,1.92,1.88,1.89,6687900,NaN,NaN,NaN,NaN,NaN,NaN,NaN
1723510800,1.9,1.92,1.88,1.9,6849800,NaN,NaN,NaN,NaN,NaN,NaN,NaN
1723597200,1.91,1.92,1.89,1.89,5283800,NaN,NaN,NaN,NaN,NaN,NaN,NaN
1723683600,1.9,1.9,1.89,1.89,4605600,NaN,NaN,NaN,NaN,NaN,NaN,NaN
1723770000,1.89,1.92,1.89,1.9,3364100,NaN,NaN,NaN,NaN,NaN,NaN,NaN
1724029200,1.9,1.91,1.88,1.9,2492800,NaN,NaN,NaN,NaN,NaN,NaN,NaN
1724115600,1.9,1.91,1.89,1.9,4915000,NaN,NaN,NaN,NaN,NaN,NaN,NaN
1724202000,1.9,1.93,1.87,1.9,7702700,NaN,NaN,NaN,NaN,NaN,NaN,NaN
1724288400,1.89,1.91,1.88,1.89,4550300,NaN,NaN,NaN,NaN,NaN,NaN,NaN
1724374800,1.89,1.91,1.87,1.89,1118300,NaN,NaN,NaN,NaN,NaN,NaN,NaN
1724634000,1.9,1.91,1.87,1.89,3552900,NaN,NaN,NaN,NaN,NaN,NaN,NaN
1724720400,1.88,1.9,1.88,1.88,2702200,NaN,NaN,NaN,NaN,NaN,NaN,NaN
1724806800,1.88,1.89,1.83,1.85,6499400,NaN,NaN,NaN,NaN,NaN,NaN,NaN
1724893200,1.86,1.91,1.85,1.86,11963700,NaN,NaN,NaN,NaN,NaN,NaN,NaN
1724979600,1.87,1.92,1.86,1.92,11705600,NaN,NaN,NaN,NaN,NaN,NaN,NaN
1725238800,1.91,1.93,1.89,1.93,4314900,NaN,NaN,NaN,NaN,NaN,NaN,NaN
1725325200,1.93,1.95,1.92,1.93,2130200,NaN,NaN,NaN,NaN,NaN,NaN,NaN
1725411600,1.91,1.96,1.91,1.95,1313800,NaN,NaN,NaN,NaN,NaN,NaN,NaN
1725498000,1.96,1.96,1.92,1.94,3846400,NaN,NaN,NaN,NaN,NaN,NaN,NaN
1725584400,1.93,1.95,1.91,1.94,1840100,NaN,NaN,NaN,NaN,NaN,NaN,NaN
1725843600,1.94,1.94,1.91,1.92,1336100,NaN,NaN,NaN,NaN,NaN,NaN,NaN
1725930000,1.93,2,1.93,1.97,6965900,NaN,NaN,NaN,NaN,NaN,NaN,NaN
1726016400,1.97,1.97,1.91,1.91,3635400,NaN,NaN,NaN,NaN,NaN,NaN,NaN
1726102800,1.9,1.97,1.9,1.96,5036700,NaN,NaN,NaN,NaN,NaN,NaN,NaN
1726189200,1.96,1.99,1.94,1.97,1674900,NaN,NaN,NaN,NaN,NaN,NaN,NaN
1726534800,1.97,2.07,1.97,2.06,10129400,NaN,NaN,NaN,NaN,NaN,NaN,NaN
1726621200,2.05,2.1,2.04,2.08,7460400,NaN,NaN,NaN,NaN,NaN,NaN,NaN
1726707600,2.07,2.13,2.06,2.11,11903500,NaN,NaN,NaN,NaN,NaN,NaN,NaN
1726794000,2.11,2.2,2.11,2.19,12954200,NaN,NaN,NaN,NaN,NaN,NaN,NaN
1727053200,2.18,2.2,2.13,2.14,8691400,NaN,NaN,NaN,NaN,NaN,NaN,NaN
1727139600,2.15,2.18,2.14,2.15,10654500,NaN,NaN,NaN,NaN,NaN,NaN,NaN
1727226000,2.17,2.18,2.07,2.11,16561200,NaN,NaN,NaN,NaN,NaN,NaN,NaN
1727312400,2.11,2.11,2.07,2.08,8595200,NaN,NaN,NaN,NaN,NaN,NaN,NaN
1727398800,2.09,2.13,2.05,2.12,10745700,NaN,NaN,NaN,NaN,NaN,NaN,NaN
1727658000,2.12,2.13,2.08,2.12,9176200,4364301366,7316620000,4645241000,162960000,1032832000.0000001,2484565000,1.91037735849057
1727744400,2.13,2.14,2.09,2.12,3107400,NaN,NaN,NaN,NaN,NaN,NaN,NaN
1727830800,2.11,2.13,2.05,2.1,7048600,NaN,NaN,NaN,NaN,NaN,NaN,NaN
1727917200,2.11,2.13,2.07,2.11,4192500,NaN,NaN,NaN,NaN,NaN,NaN,NaN
1728003600,2.1,2.12,2.07,2.1,4068000,NaN,NaN,NaN,NaN,NaN,NaN,NaN
1728262800,2.1,2.13,2.08,2.09,6757000,NaN,NaN,NaN,NaN,NaN,NaN,NaN
1728349200,2.08,2.11,2.07,2.11,4572200,NaN,NaN,NaN,NaN,NaN,NaN,NaN
1728435600,2.11,2.11,2.07,2.09,2145300,NaN,NaN,NaN,NaN,NaN,NaN,NaN
1728522000,2.09,2.11,2.08,2.09,7017200,NaN,NaN,NaN,NaN,NaN,NaN,NaN
1728608400,2.1,2.1,2.08,2.08,1838500,NaN,NaN,NaN,NaN,NaN,NaN,NaN
1728867600,2.1,2.1,2.05,2.05,3266200,NaN,NaN,NaN,NaN,NaN,NaN,NaN
1728954000,2.06,2.11,2.06,2.1,5767200,NaN,NaN,NaN,NaN,NaN,NaN,NaN
1729040400,2.09,2.1,2.04,2.06,5032700,NaN,NaN,NaN,NaN,NaN,NaN,NaN
1729126800,2.07,2.09,2.06,2.08,6338400,NaN,NaN,NaN,NaN,NaN,NaN,NaN
1729213200,2.08,2.11,2.08,2.1,3457400,NaN,NaN,NaN,NaN,NaN,NaN,NaN
1729472400,2.1,2.14,2.1,2.13,2994400,NaN,NaN,NaN,NaN,NaN,NaN,NaN
1729558800,2.13,2.18,2.1,2.14,8269800,NaN,NaN,NaN,NaN,NaN,NaN,NaN
1729645200,2.15,2.16,2.13,2.14,3165200,NaN,NaN,NaN,NaN,NaN,NaN,NaN
1729731600,2.14,2.15,2.13,2.14,1647700,NaN,NaN,NaN,NaN,NaN,NaN,NaN
1729818000,2.14,2.16,2.08,2.15,9306200,NaN,NaN,NaN,NaN,NaN,NaN,NaN
1730077200,2.15,2.15,2.1,2.11,6289500,NaN,NaN,NaN,NaN,NaN,NaN,NaN
1730163600,2.1,2.11,2.06,2.07,5090100,NaN,NaN,NaN,NaN,NaN,NaN,NaN
1730250000,2.07,2.1,2.05,2.09,7896000,NaN,NaN,NaN,NaN,NaN,NaN,NaN
1730422800,2.08,2.11,2.06,2.1,6340800,NaN,NaN,NaN,NaN,NaN,NaN,NaN
1730682000,2.1,2.14,2.08,2.08,8455100,NaN,NaN,NaN,NaN,NaN,NaN,NaN
1730768400,2.08,2.11,2.07,2.1,12364000,NaN,NaN,NaN,NaN,NaN,NaN,NaN
1730854800,2.11,2.14,2.09,2.1,6662500,NaN,NaN,NaN,NaN,NaN,NaN,NaN
1730941200,2.1,2.16,2.1,2.15,7055600,NaN,NaN,NaN,NaN,NaN,NaN,NaN
1731027600,2.16,2.17,2.13,2.14,2896300,NaN,NaN,NaN,NaN,NaN,NaN,NaN
1731286800,2.14,2.17,2.11,2.12,3317900,NaN,NaN,NaN,NaN,NaN,NaN,NaN
1731373200,2.13,2.2,2.12,2.17,8690500,NaN,NaN,NaN,NaN,NaN,NaN,NaN
1731459600,2.17,2.29,2.17,2.2,10956000,NaN,NaN,NaN,NaN,NaN,NaN,NaN
1731546000,2.22,2.26,2.19,2.2,17729400,NaN,NaN,NaN,NaN,NaN,NaN,NaN
1731632400,2.19,2.25,2.18,2.22,11907300,NaN,NaN,NaN,NaN,NaN,NaN,NaN
1731891600,2.21,2.23,2.2,2.22,7918300,NaN,NaN,NaN,NaN,NaN,NaN,NaN
1731978000,2.23,2.26,2.22,2.24,5961900,NaN,NaN,NaN,NaN,NaN,NaN,NaN
1732064400,2.24,2.26,2.22,2.24,9072700,NaN,NaN,NaN,NaN,NaN,NaN,NaN
1732150800,2.24,2.32,2.23,2.29,8593900,NaN,NaN,NaN,NaN,NaN,NaN,NaN
1732237200,2.29,2.32,2.29,2.29,6231300,NaN,NaN,NaN,NaN,NaN,NaN,NaN
1732496400,2.3,2.34,2.3,2.33,8243600,NaN,NaN,NaN,NaN,NaN,NaN,NaN
1732582800,2.32,2.45,2.32,2.4,17060800,NaN,NaN,NaN,NaN,NaN,NaN,NaN
1732669200,2.41,2.54,2.41,2.47,11408000,NaN,NaN,NaN,NaN,NaN,NaN,NaN
1732755600,2.48,2.52,2.44,2.5,9238500,NaN,NaN,NaN,NaN,NaN,NaN,NaN
1732842000,2.51,2.52,2.47,2.49,8742300,NaN,NaN,NaN,NaN,NaN,NaN,NaN
1733101200,2.5,2.5,2.39,2.44,10627200,NaN,NaN,NaN,NaN,NaN,NaN,NaN
1733187600,2.44,2.52,2.44,2.48,18856300,NaN,NaN,NaN,NaN,NaN,NaN,NaN
1733274000,2.48,2.51,2.47,2.48,10781000,NaN,NaN,NaN,NaN,NaN,NaN,NaN
1733360400,2.49,2.54,2.49,2.52,17426400,NaN,NaN,NaN,NaN,NaN,NaN,NaN
1733446800,2.52,2.54,2.48,2.52,16654400,NaN,NaN,NaN,NaN,NaN,NaN,NaN
1733706000,2.53,2.53,2.46,2.5,7049100,NaN,NaN,NaN,NaN,NaN,NaN,NaN
1733792400,2.48,2.53,2.48,2.5,14401700,NaN,NaN,NaN,NaN,NaN,NaN,NaN
1733878800,2.51,2.51,2.26,2.27,47259900,NaN,NaN,NaN,NaN,NaN,NaN,NaN
1733965200,2.26,2.36,2.24,2.34,44394900,NaN,NaN,NaN,NaN,NaN,NaN,NaN
1734051600,2.33,2.4,2.32,2.38,12360700,NaN,NaN,NaN,NaN,NaN,NaN,NaN
1734310800,2.37,2.4,2.33,2.4,11535100,NaN,NaN,NaN,NaN,NaN,NaN,NaN
1734397200,2.4,2.42,2.38,2.39,9758100,NaN,NaN,NaN,NaN,NaN,NaN,NaN
1734483600,2.39,2.41,2.35,2.36,12743100,NaN,NaN,NaN,NaN,NaN,NaN,NaN
1734570000,2.35,2.46,2.35,2.46,12172800,NaN,NaN,NaN,NaN,NaN,NaN,NaN
1734656400,2.41,2.46,2.4,2.45,13902700,NaN,NaN,NaN,NaN,NaN,NaN,NaN
1734915600,2.45,2.46,2.34,2.36,8157400,NaN,NaN,NaN,NaN,NaN,NaN,NaN
1735002000,2.36,2.38,2.33,2.35,3046400,NaN,NaN,NaN,NaN,NaN,NaN,NaN
1735174800,2.33,2.36,2.32,2.32,8460900,NaN,NaN,NaN,NaN,NaN,NaN,NaN
1735261200,2.32,2.4,2.32,2.38,5243400,NaN,NaN,NaN,NaN,NaN,NaN,NaN
1735520400,2.41,2.44,2.39,2.43,1009800,NaN,NaN,NaN,NaN,NaN,NaN,NaN
1735606800,2.41,2.44,2.39,2.43,4462900,4364301366,7403241000,4665643000,204379000,1050838000,2536661000,1.70781893004115
1735779600,2.45,2.45,2.34,2.35,4524200,NaN,NaN,NaN,NaN,NaN,NaN,NaN
1735866000,2.36,2.38,2.34,2.35,14344300,NaN,NaN,NaN,NaN,NaN,NaN,NaN
1736125200,2.36,2.39,2.34,2.37,7365300,NaN,NaN,NaN,NaN,NaN,NaN,NaN
1736211600,2.37,2.42,2.36,2.37,11135800,NaN,NaN,NaN,NaN,NaN,NaN,NaN
1736298000,2.36,2.4,2.36,2.39,4196700,NaN,NaN,NaN,NaN,NaN,NaN,NaN
1736384400,2.39,2.39,2.3,2.32,6075500,NaN,NaN,NaN,NaN,NaN,NaN,NaN
1736470800,2.35,2.37,2.33,2.36,6458000,NaN,NaN,NaN,NaN,NaN,NaN,NaN
1736730000,2.36,2.37,2.29,2.35,4590300,NaN,NaN,NaN,NaN,NaN,NaN,NaN
1736816400,2.37,2.37,2.31,2.32,3976100,NaN,NaN,NaN,NaN,NaN,NaN,NaN
1736902800,2.32,2.32,2.24,2.25,7206000,NaN,NaN,NaN,NaN,NaN,NaN,NaN
1736989200,2.26,2.29,2.22,2.24,6907100,NaN,NaN,NaN,NaN,NaN,NaN,NaN
1737075600,2.22,2.27,2.17,2.24,8085500,NaN,NaN,NaN,NaN,NaN,NaN,NaN
1737334800,2.24,2.26,2.23,2.24,1940500,NaN,NaN,NaN,NaN,NaN,NaN,NaN
1737421200,2.24,2.26,2.21,2.24,3698200,NaN,NaN,NaN,NaN,NaN,NaN,NaN
1737507600,2.25,2.27,2.24,2.27,7384300,NaN,NaN,NaN,NaN,NaN,NaN,NaN
1737594000,2.26,2.28,2.24,2.27,5217600,NaN,NaN,NaN,NaN,NaN,NaN,NaN
1737680400,2.26,2.29,2.23,2.26,5518100,NaN,NaN,NaN,NaN,NaN,NaN,NaN
1737939600,2.26,2.31,2.24,2.28,7625600,NaN,NaN,NaN,NaN,NaN,NaN,NaN
1738026000,2.29,2.29,2.21,2.23,2699800,NaN,NaN,NaN,NaN,NaN,NaN,NaN
1738285200,2.25,2.28,2.24,2.26,4872900,NaN,NaN,NaN,NaN,NaN,NaN,NaN
1738544400,2.26,2.29,2.25,2.28,4457900,NaN,NaN,NaN,NaN,NaN,NaN,NaN
1738630800,2.29,2.37,2.26,2.35,7384200,NaN,NaN,NaN,NaN,NaN,NaN,NaN
1738717200,2.35,2.42,2.35,2.37,14128600,NaN,NaN,NaN,NaN,NaN,NaN,NaN
1738803600,2.37,2.41,2.33,2.4,13486900,NaN,NaN,NaN,NaN,NaN,NaN,NaN
1738890000,2.42,2.42,2.4,2.4,3211000,NaN,NaN,NaN,NaN,NaN,NaN,NaN
1739149200,2.4,2.41,2.38,2.38,2901400,NaN,NaN,NaN,NaN,NaN,NaN,NaN
1739322000,2.38,2.48,2.38,2.46,8357900,NaN,NaN,NaN,NaN,NaN,NaN,NaN
1739408400,2.46,2.5,2.45,2.48,7947600,NaN,NaN,NaN,NaN,NaN,NaN,NaN
1739494800,2.48,2.5,2.46,2.48,3197100,NaN,NaN,NaN,NaN,NaN,NaN,NaN
1739754000,2.49,2.49,2.45,2.48,3387100,NaN,NaN,NaN,NaN,NaN,NaN,NaN
1739840400,2.49,2.5,2.44,2.48,3305200,NaN,NaN,NaN,NaN,NaN,NaN,NaN
1739926800,2.48,2.49,2.39,2.39,5589400,NaN,NaN,NaN,NaN,NaN,NaN,NaN
1740013200,2.39,2.48,2.39,2.45,4160700,NaN,NaN,NaN,NaN,NaN,NaN,NaN
1740099600,2.45,2.54,2.43,2.54,3586000,NaN,NaN,NaN,NaN,NaN,NaN,NaN
1740358800,2.54,2.54,2.51,2.53,8111000,NaN,NaN,NaN,NaN,NaN,NaN,NaN
1740445200,2.53,2.53,2.43,2.47,13235400,NaN,NaN,NaN,NaN,NaN,NaN,NaN
1740531600,2.45,2.5,2.45,2.48,12566200,NaN,NaN,NaN,NaN,NaN,NaN,NaN
1740618000,2.47,2.53,2.47,2.49,1710300,NaN,NaN,NaN,NaN,NaN,NaN,NaN
1740704400,2.5,2.5,2.37,2.37,16746300,NaN,NaN,NaN,NaN,NaN,NaN,NaN
1740963600,2.43,2.64,2.42,2.64,26855300,NaN,NaN,NaN,NaN,NaN,NaN,NaN
1741050000,2.62,2.71,2.6,2.66,18642800,NaN,NaN,NaN,NaN,NaN,NaN,NaN
1741136400,2.66,2.82,2.66,2.78,15254900,NaN,NaN,NaN,NaN,NaN,NaN,NaN
1741222800,2.81,2.82,2.7,2.79,14388400,NaN,NaN,NaN,NaN,NaN,NaN,NaN
1741309200,2.75,2.78,2.69,2.76,16259000,NaN,NaN,NaN,NaN,NaN,NaN,NaN
1741568400,2.76,2.78,2.74,2.76,3678800,NaN,NaN,NaN,NaN,NaN,NaN,NaN
1741654800,2.72,2.74,2.56,2.59,22797700,NaN,NaN,NaN,NaN,NaN,NaN,NaN
1741741200,2.59,2.63,2.48,2.54,12021000,NaN,NaN,NaN,NaN,NaN,NaN,NaN
1741827600,2.54,2.61,2.5,2.6,13639300,NaN,NaN,NaN,NaN,NaN,NaN,NaN
1741914000,2.6,2.64,2.54,2.61,19147600,NaN,NaN,NaN,NaN,NaN,NaN,NaN
1742173200,2.68,2.68,2.63,2.65,10630700,NaN,NaN,NaN,NaN,NaN,NaN,NaN
1742346000,2.64,2.74,2.61,2.67,13762900,NaN,NaN,NaN,NaN,NaN,NaN,NaN
1742432400,2.71,2.74,2.68,2.72,13649700,NaN,NaN,NaN,NaN,NaN,NaN,NaN
1742518800,2.72,2.75,2.6,2.6,15381100,NaN,NaN,NaN,NaN,NaN,NaN,NaN
1742778000,2.6,2.67,2.59,2.64,10595100,NaN,NaN,NaN,NaN,NaN,NaN,NaN
1742864400,2.64,2.67,2.55,2.64,14197500,NaN,NaN,NaN,NaN,NaN,NaN,NaN
1742950800,2.64,2.66,2.62,2.62,4598400,NaN,NaN,NaN,NaN,NaN,NaN,NaN
1743037200,2.62,2.69,2.62,2.69,18807100,NaN,NaN,NaN,NaN,NaN,NaN,NaN
1743123600,2.69,2.7,2.63,2.66,13044100,4364301366,7337091000,4586196000,131978000.00000001,971802000,2543296000,1.57894736842105
1743555600,2.67,2.68,2.61,2.64,22920200,NaN,NaN,NaN,NaN,NaN,NaN,NaN
1743642000,2.61,2.7,2.61,2.66,16941100,NaN,NaN,NaN,NaN,NaN,NaN,NaN
1743728400,2.66,2.69,2.62,2.68,6664600,NaN,NaN,NaN,NaN,NaN,NaN,NaN
1743987600,2.64,2.64,2.49,2.56,24543600,NaN,NaN,NaN,NaN,NaN,NaN,NaN
1744074000,2.56,2.63,2.52,2.61,9163000,NaN,NaN,NaN,NaN,NaN,NaN,NaN
1744160400,2.61,2.63,2.46,2.57,17342000,NaN,NaN,NaN,NaN,NaN,NaN,NaN
1744246800,2.61,2.68,2.6,2.63,4386800,NaN,NaN,NaN,NaN,NaN,NaN,NaN
1744333200,2.61,2.68,2.55,2.65,7000000,NaN,NaN,NaN,NaN,NaN,NaN,NaN
1744592400,2.66,2.67,2.58,2.64,7764600,NaN,NaN,NaN,NaN,NaN,NaN,NaN
1744678800,2.63,2.75,2.63,2.7,10334700,NaN,NaN,NaN,NaN,NaN,NaN,NaN
1744765200,2.71,2.72,2.67,2.7,9026400,NaN,NaN,NaN,NaN,NaN,NaN,NaN
1744851600,2.71,2.75,2.68,2.73,4081200,NaN,NaN,NaN,NaN,NaN,NaN,NaN
1744938000,2.73,2.78,2.69,2.71,8009500,NaN,NaN,NaN,NaN,NaN,NaN,NaN
1745197200,2.68,2.75,2.68,2.71,10445000,NaN,NaN,NaN,NaN,NaN,NaN,NaN
1745283600,2.69,2.7,2.61,2.62,6904000,NaN,NaN,NaN,NaN,NaN,NaN,NaN
1745370000,2.63,2.67,2.62,2.66,12356300,NaN,NaN,NaN,NaN,NaN,NaN,NaN
1745456400,2.67,2.76,2.67,2.71,15530800,NaN,NaN,NaN,NaN,NaN,NaN,NaN
1745542800,2.73,2.74,2.69,2.72,8624900,NaN,NaN,NaN,NaN,NaN,NaN,NaN
1745802000,2.72,2.74,2.7,2.73,4841300,NaN,NaN,NaN,NaN,NaN,NaN,NaN
1745888400,2.74,2.87,2.74,2.85,19146400,NaN,NaN,NaN,NaN,NaN,NaN,NaN
1745974800,2.85,2.94,2.83,2.88,14430200,NaN,NaN,NaN,NaN,NaN,NaN,NaN
1746147600,2.88,2.96,2.87,2.95,7470800,NaN,NaN,NaN,NaN,NaN,NaN,NaN
1746406800,2.96,2.96,2.85,2.9,6803200,NaN,NaN,NaN,NaN,NaN,NaN,NaN
1746493200,2.91,2.92,2.85,2.87,5389800,NaN,NaN,NaN,NaN,NaN,NaN,NaN
1746579600,2.88,2.93,2.88,2.93,5926800,NaN,NaN,NaN,NaN,NaN,NaN,NaN
1746666000,2.93,2.97,2.9,2.94,7064000,NaN,NaN,NaN,NaN,NaN,NaN,NaN
1746752400,2.97,2.97,2.92,2.95,4733600,NaN,NaN,NaN,NaN,NaN,NaN,NaN
1747098000,2.97,3.02,2.97,3.02,15192100,NaN,NaN,NaN,NaN,NaN,NaN,NaN
1747184400,3.02,3.05,3,3.01,16586400,NaN,NaN,NaN,NaN,NaN,NaN,NaN
1747270800,3.02,3.03,2.93,2.95,15540900,NaN,NaN,NaN,NaN,NaN,NaN,NaN
1747357200,2.97,2.98,2.82,2.95,20494800,NaN,NaN,NaN,NaN,NaN,NaN,NaN
1747616400,2.95,3.01,2.89,2.98,10842000,NaN,NaN,NaN,NaN,NaN,NaN,NaN
1747702800,3,3.02,2.94,2.94,7317700,NaN,NaN,NaN,NaN,NaN,NaN,NaN
1747789200,2.95,2.99,2.92,2.97,9124900,NaN,NaN,NaN,NaN,NaN,NaN,NaN
1747875600,2.96,2.98,2.88,2.9,13740700,NaN,NaN,NaN,NaN,NaN,NaN,NaN
1747962000,2.9,2.93,2.88,2.9,8811700,NaN,NaN,NaN,NaN,NaN,NaN,NaN
1748221200,2.87,2.99,2.87,2.97,4749200,NaN,NaN,NaN,NaN,NaN,NaN,NaN
1748307600,2.97,3.01,2.95,2.96,7126800,NaN,NaN,NaN,NaN,NaN,NaN,NaN
1748394000,2.98,2.99,2.94,2.98,9830700,NaN,NaN,NaN,NaN,NaN,NaN,NaN
1748480400,2.99,2.99,2.94,2.96,8250800,NaN,NaN,NaN,NaN,NaN,NaN,NaN
1748566800,2.88,2.91,2.67,2.72,81423600,NaN,NaN,NaN,NaN,NaN,NaN,NaN
1748912400,2.72,2.75,2.66,2.73,25362800,NaN,NaN,NaN,NaN,NaN,NaN,NaN
1748998800,2.74,2.79,2.72,2.75,24859800,NaN,NaN,NaN,NaN,NaN,NaN,NaN
1749085200,2.75,2.8,2.72,2.78,32034500,NaN,NaN,NaN,NaN,NaN,NaN,NaN
1749171600,2.78,2.81,2.75,2.75,25277700,NaN,NaN,NaN,NaN,NaN,NaN,NaN
1749430800,2.76,2.82,2.76,2.81,9645600,NaN,NaN,NaN,NaN,NaN,NaN,NaN
1749517200,2.81,2.82,2.8,2.8,10754600,NaN,NaN,NaN,NaN,NaN,NaN,NaN
1749603600,2.8,2.83,2.77,2.81,14079200,NaN,NaN,NaN,NaN,NaN,NaN,NaN
1749690000,2.81,2.82,2.76,2.8,23980200,NaN,NaN,NaN,NaN,NaN,NaN,NaN
1749776400,2.81,2.82,2.78,2.79,6821000,NaN,NaN,NaN,NaN,NaN,NaN,NaN
1750035600,2.78,2.81,2.77,2.78,6278000,NaN,NaN,NaN,NaN,NaN,NaN,NaN
1750122000,2.79,2.79,2.69,2.71,17868600,NaN,NaN,NaN,NaN,NaN,NaN,NaN
1750208400,2.72,2.74,2.71,2.71,9700100,NaN,NaN,NaN,NaN,NaN,NaN,NaN
1750294800,2.71,2.73,2.66,2.67,15311400,NaN,NaN,NaN,NaN,NaN,NaN,NaN
1750381200,2.66,2.66,2.56,2.58,34155200,NaN,NaN,NaN,NaN,NaN,NaN,NaN
1750640400,2.55,2.62,2.35,2.62,28556100,NaN,NaN,NaN,NaN,NaN,NaN,NaN
1750726800,2.63,2.64,2.52,2.52,25512500,NaN,NaN,NaN,NaN,NaN,NaN,NaN
1750813200,2.52,2.58,2.5,2.56,24891000,NaN,NaN,NaN,NaN,NaN,NaN,NaN
1750899600,2.56,2.6,2.54,2.56,14307100,NaN,NaN,NaN,NaN,NaN,NaN,NaN
1751245200,2.57,2.7,2.57,2.66,18193400,4364301366,7500768000,4698850000,153428000,1023684000,2584556000,1.50375939849624
1751331600,2.66,2.67,2.58,2.59,11191500,NaN,NaN,NaN,NaN,NaN,NaN,NaN
1751418000,2.59,2.63,2.57,2.59,13524000,NaN,NaN,NaN,NaN,NaN,NaN,NaN
1751504400,2.59,2.67,2.58,2.66,10931800,NaN,NaN,NaN,NaN,NaN,NaN,NaN
1751590800,2.67,2.71,2.64,2.69,6723000,NaN,NaN,NaN,NaN,NaN,NaN,NaN
1751850000,2.69,2.69,2.64,2.67,3662700,NaN,NaN,NaN,NaN,NaN,NaN,NaN
1751936400,2.67,2.67,2.6,2.6,9671800,NaN,NaN,NaN,NaN,NaN,NaN,NaN
1752022800,2.62,2.64,2.6,2.61,5464000,NaN,NaN,NaN,NaN,NaN,NaN,NaN
1752109200,2.59,2.61,2.56,2.59,17683000,NaN,NaN,NaN,NaN,NaN,NaN,NaN
1752195600,2.59,2.64,2.57,2.62,7021300,NaN,NaN,NaN,NaN,NaN,NaN,NaN
1752454800,2.62,2.7,2.62,2.67,2924400,NaN,NaN,NaN,NaN,NaN,NaN,NaN
1752541200,2.7,2.71,2.61,2.64,11177400,NaN,NaN,NaN,NaN,NaN,NaN,NaN
1752627600,2.64,2.64,2.5,2.5,25017800,NaN,NaN,NaN,NaN,NaN,NaN,NaN
1752714000,2.52,2.56,2.49,2.55,23044300,NaN,NaN,NaN,NaN,NaN,NaN,NaN
1752800400,2.55,2.58,2.53,2.56,18100300,NaN,NaN,NaN,NaN,NaN,NaN,NaN
1753059600,2.56,2.59,2.5,2.57,11335200,NaN,NaN,NaN,NaN,NaN,NaN,NaN
1753146000,2.55,2.59,2.54,2.54,11397500,NaN,NaN,NaN,NaN,NaN,NaN,NaN
1753232400,2.54,2.62,2.53,2.58,11049900,NaN,NaN,NaN,NaN,NaN,NaN,NaN
1753318800,2.58,2.61,2.56,2.6,6307500,NaN,NaN,NaN,NaN,NaN,NaN,NaN
1753405200,2.62,2.62,2.58,2.6,7693800,NaN,NaN,NaN,NaN,NaN,NaN,NaN
1753664400,2.6,2.6,2.56,2.58,2232200,NaN,NaN,NaN,NaN,NaN,NaN,NaN
1753750800,2.58,2.61,2.56,2.58,8881600,NaN,NaN,NaN,NaN,NaN,NaN,NaN
1753837200,2.59,2.59,2.55,2.55,4173000,NaN,NaN,NaN,NaN,NaN,NaN,NaN
1753923600,2.55,2.61,2.54,2.59,11575800,NaN,NaN,NaN,NaN,NaN,NaN,NaN
1754010000,2.58,2.67,2.57,2.65,8668600,NaN,NaN,NaN,NaN,NaN,NaN,NaN
1754269200,2.65,2.67,2.64,2.66,6694600,NaN,NaN,NaN,NaN,NaN,NaN,NaN
1754355600,2.66,2.75,2.65,2.75,20504100,NaN,NaN,NaN,NaN,NaN,NaN,NaN
1754442000,2.77,2.79,2.73,2.79,18745200,NaN,NaN,NaN,NaN,NaN,NaN,NaN
1754528400,2.79,2.82,2.78,2.8,13070100,NaN,NaN,NaN,NaN,NaN,NaN,NaN
1754614800,2.81,2.86,2.77,2.85,5662700,NaN,NaN,NaN,NaN,NaN,NaN,NaN
1754874000,2.85,2.91,2.82,2.9,5210100,NaN,NaN,NaN,NaN,NaN,NaN,NaN
1754960400,2.89,2.9,2.8,2.9,13335600,NaN,NaN,NaN,NaN,NaN,NaN,NaN
1755046800,2.9,2.91,2.82,2.9,14316600,NaN,NaN,NaN,NaN,NaN,NaN,NaN
1755133200,2.9,2.9,2.77,2.84,20111200,NaN,NaN,NaN,NaN,NaN,NaN,NaN
1755219600,2.84,2.88,2.81,2.88,12173200,NaN,NaN,NaN,NaN,NaN,NaN,NaN
1755478800,2.88,2.9,2.84,2.88,8935300,NaN,NaN,NaN,NaN,NaN,NaN,NaN
1755565200,2.88,2.88,2.82,2.85,13727500,NaN,NaN,NaN,NaN,NaN,NaN,NaN
1755651600,2.85,2.85,2.76,2.78,6338200,NaN,NaN,NaN,NaN,NaN,NaN,NaN
1755738000,2.78,2.78,2.74,2.77,15803100,NaN,NaN,NaN,NaN,NaN,NaN,NaN
1755824400,2.77,2.81,2.74,2.74,2975000,NaN,NaN,NaN,NaN,NaN,NaN,NaN
1756083600,2.74,2.76,2.69,2.72,8209000,NaN,NaN,NaN,NaN,NaN,NaN,NaN
1756170000,2.72,2.76,2.62,2.62,12514300,NaN,NaN,NaN,NaN,NaN,NaN,NaN
1756256400,2.63,2.72,2.6,2.7,26742000,NaN,NaN,NaN,NaN,NaN,NaN,NaN
1756342800,2.7,2.71,2.61,2.61,4592200,NaN,NaN,NaN,NaN,NaN,NaN,NaN
1756429200,2.65,2.66,2.56,2.6,8780400,NaN,NaN,NaN,NaN,NaN,NaN,NaN
1756774800,2.6,2.6,2.46,2.46,18429600,NaN,NaN,NaN,NaN,NaN,NaN,NaN
1756861200,2.46,2.48,2.41,2.43,14112900,NaN,NaN,NaN,NaN,NaN,NaN,NaN
1756947600,2.43,2.43,2.36,2.37,14786100,NaN,NaN,NaN,NaN,NaN,NaN,NaN
1757293200,2.39,2.41,2.34,2.38,8060600,NaN,NaN,NaN,NaN,NaN,NaN,NaN
1757379600,2.39,2.4,2.36,2.37,14723000,NaN,NaN,NaN,NaN,NaN,NaN,NaN
1757466000,2.37,2.47,2.36,2.44,12879000,NaN,NaN,NaN,NaN,NaN,NaN,NaN
1757552400,2.44,2.55,2.44,2.49,15289800,NaN,NaN,NaN,NaN,NaN,NaN,NaN
1757638800,2.51,2.51,2.48,2.5,7901000,NaN,NaN,NaN,NaN,NaN,NaN,NaN
1758070800,2.5,2.53,2.48,2.5,12701100,NaN,NaN,NaN,NaN,NaN,NaN,NaN
1758157200,2.5,2.53,2.5,2.51,23119000,NaN,NaN,NaN,NaN,NaN,NaN,NaN
1758243600,2.51,2.54,2.5,2.51,27640200,NaN,NaN,NaN,NaN,NaN,NaN,NaN
1758502800,2.51,2.54,2.49,2.51,26399000,NaN,NaN,NaN,NaN,NaN,NaN,NaN
1758589200,2.51,2.54,2.51,2.53,1884200,NaN,NaN,NaN,NaN,NaN,NaN,NaN
1758675600,2.53,2.57,2.53,2.56,6413100,NaN,NaN,NaN,NaN,NaN,NaN,NaN
1758762000,2.56,2.59,2.56,2.58,7655000,NaN,NaN,NaN,NaN,NaN,NaN,NaN
1758848400,2.59,2.69,2.58,2.68,23036600,NaN,NaN,NaN,NaN,NaN,NaN,NaN