time,open,high,low,close,Volume,Total common shares outstanding,Total assets,Total liabilities,Operating income,Total revenue,Shareholders&#039; equity,Dividend yield %
1499734800,6.5,6.53,6.33,6.38,45477400,NaN,NaN,NaN,NaN,NaN,NaN,NaN
1499821200,6.33,6.48,6.33,6.48,5888400,NaN,NaN,NaN,NaN,NaN,NaN,NaN
1499907600,6.47,6.48,6.4,6.4,7053600,NaN,NaN,NaN,NaN,NaN,NaN,NaN
1499994000,6.4,6.42,6.37,6.41,2427500,NaN,NaN,NaN,NaN,NaN,NaN,NaN
1500253200,6.41,6.41,6.38,6.4,3769600,NaN,NaN,NaN,NaN,NaN,NaN,NaN
1500339600,6.41,6.43,6.4,6.41,954800,NaN,NaN,NaN,NaN,NaN,NaN,NaN
1500426000,6.43,6.43,6.4,6.41,588500,NaN,NaN,NaN,NaN,NaN,NaN,NaN
1500512400,6.42,6.43,6.38,6.39,1818200,NaN,NaN,NaN,NaN,NaN,NaN,NaN
1500598800,6.38,6.4,6.33,6.33,1736700,NaN,NaN,NaN,NaN,NaN,NaN,NaN
1500858000,6.35,6.35,6.21,6.27,3655700,NaN,NaN,NaN,NaN,NaN,NaN,NaN
1500944400,6.27,6.27,6.23,6.24,844600,NaN,NaN,NaN,NaN,NaN,NaN,NaN
1501030800,6.24,6.24,6.19,6.21,317600,NaN,NaN,NaN,NaN,NaN,NaN,NaN
1501117200,6.21,6.24,6.07,6.16,1578800,NaN,NaN,NaN,NaN,NaN,NaN,NaN
1501203600,6.13,6.15,6.11,6.13,1109000,NaN,NaN,NaN,NaN,NaN,NaN,NaN
1501462800,6.13,6.13,4.65,4.7,32376900,NaN,NaN,NaN,NaN,NaN,NaN,NaN
1501549200,4.76,4.78,4.14,4.28,55170200,NaN,NaN,NaN,NaN,NaN,NaN,NaN
1501635600,4.35,4.65,4.25,4.42,30758300,NaN,NaN,NaN,NaN,NaN,NaN,NaN
1501722000,4.47,4.53,4.39,4.4,16515600,NaN,NaN,NaN,NaN,NaN,NaN,NaN
1501808400,4.42,4.47,4.37,4.43,6023800,NaN,NaN,NaN,NaN,NaN,NaN,NaN
1502067600,4.44,4.45,4.34,4.34,8415400,NaN,NaN,NaN,NaN,NaN,NaN,NaN
1502154000,4.34,4.48,4.27,4.42,6431400,NaN,NaN,NaN,NaN,NaN,NaN,NaN
1502240400,4.41,4.47,4.39,4.43,2554700,NaN,NaN,NaN,NaN,NaN,NaN,NaN
1502326800,4.43,4.46,4.35,4.37,2814200,NaN,NaN,NaN,NaN,NaN,NaN,NaN
1502413200,4.33,4.41,4.31,4.36,1844800,NaN,NaN,NaN,NaN,NaN,NaN,NaN
1502672400,4.36,4.7,4.36,4.7,12827200,NaN,NaN,NaN,NaN,NaN,NaN,NaN
1502758800,4.78,5.25,4.74,5.12,26935800,NaN,NaN,NaN,NaN,NaN,NaN,NaN
1502845200,5.16,5.22,5.04,5.06,7500200,NaN,NaN,NaN,NaN,NaN,NaN,NaN
1502931600,5.07,5.49,5.04,5.44,15376800,NaN,NaN,NaN,NaN,NaN,NaN,NaN
1503018000,5.35,5.45,5.32,5.35,7492900,NaN,NaN,NaN,NaN,NaN,NaN,NaN
1503277200,5.35,5.4,5.27,5.35,4246600,NaN,NaN,NaN,NaN,NaN,NaN,NaN
1503363600,5.35,5.47,5.31,5.35,4267900,NaN,NaN,NaN,NaN,NaN,NaN,NaN
1503450000,5.37,5.4,5.35,5.36,1768300,NaN,NaN,NaN,NaN,NaN,NaN,NaN
1503536400,5.41,5.47,5.4,5.41,5066500,NaN,NaN,NaN,NaN,NaN,NaN,NaN
1503622800,5.42,5.44,5.36,5.38,2251000,NaN,NaN,NaN,NaN,NaN,NaN,NaN
1503882000,5.4,5.4,5.07,5.09,6289700,NaN,NaN,NaN,NaN,NaN,NaN,NaN
1503968400,5.05,5.12,4.95,5.05,4087200,NaN,NaN,NaN,NaN,NaN,NaN,NaN
1504054800,5.05,5.11,5.04,5.09,2899800,NaN,NaN,NaN,NaN,NaN,NaN,NaN
1504573200,5.14,5.24,5.11,5.22,5006700,NaN,NaN,NaN,NaN,NaN,NaN,NaN
1504659600,5.2,5.35,5.18,5.3,7689700,NaN,NaN,NaN,NaN,NaN,NaN,NaN
1504746000,5.32,5.35,5.31,5.35,3630600,NaN,NaN,NaN,NaN,NaN,NaN,NaN
1504832400,5.36,5.55,5.36,5.51,6220900,NaN,NaN,NaN,NaN,NaN,NaN,NaN
1505091600,5.54,5.79,5.54,5.77,6641100,NaN,NaN,NaN,NaN,NaN,NaN,NaN
1505178000,5.79,5.94,5.77,5.8,6203600,NaN,NaN,NaN,NaN,NaN,NaN,NaN
1505264400,5.84,5.84,5.66,5.7,3133000,NaN,NaN,NaN,NaN,NaN,NaN,NaN
1505350800,5.7,5.75,5.57,5.59,2377600,NaN,NaN,NaN,NaN,NaN,NaN,NaN
1505437200,5.58,5.66,5.49,5.66,4253500,NaN,NaN,NaN,NaN,NaN,NaN,NaN
1505696400,5.61,5.61,5.49,5.49,3715600,NaN,NaN,NaN,NaN,NaN,NaN,NaN
1505782800,5.5,5.57,5.46,5.49,3936800,NaN,NaN,NaN,NaN,NaN,NaN,NaN
1505869200,5.48,5.52,5.2,5.29,5533800,NaN,NaN,NaN,NaN,NaN,NaN,NaN
1505955600,5.16,5.32,5.04,5.25,10997000,NaN,NaN,NaN,NaN,NaN,NaN,NaN
1506301200,5.29,5.34,5.25,5.25,2304900,NaN,NaN,NaN,NaN,NaN,NaN,NaN
1506387600,5.28,5.3,5.25,5.25,5169600,NaN,NaN,NaN,NaN,NaN,NaN,NaN
1506474000,5.26,5.3,5.25,5.26,997300,NaN,NaN,NaN,NaN,NaN,NaN,NaN
1506560400,5.26,5.27,5.23,5.26,2639900,NaN,NaN,NaN,NaN,NaN,NaN,NaN
1506646800,5.28,5.28,5.24,5.26,1581000,2272983500,12883406000,1354543000,254065000,2016169000,11501334000,NaN
1506906000,5.25,5.28,4.97,4.98,7687400,NaN,NaN,NaN,NaN,NaN,NaN,NaN
1506992400,5.02,5.13,5.02,5.08,5597700,NaN,NaN,NaN,NaN,NaN,NaN,NaN
1507078800,5.1,5.17,5.07,5.07,1898000,NaN,NaN,NaN,NaN,NaN,NaN,NaN
1507165200,5.08,5.12,5.08,5.1,562300,NaN,NaN,NaN,NaN,NaN,NaN,NaN
1507251600,5.1,5.24,5.09,5.23,2325400,NaN,NaN,NaN,NaN,NaN,NaN,NaN
1507510800,5.25,5.26,5.19,5.22,1179400,NaN,NaN,NaN,NaN,NaN,NaN,NaN
1507597200,5.22,5.35,5.22,5.34,1485000,NaN,NaN,NaN,NaN,NaN,NaN,NaN
1507683600,5.34,5.47,5.34,5.37,3036700,NaN,NaN,NaN,NaN,NaN,NaN,NaN
1507770000,5.37,5.38,5.33,5.33,426400,NaN,NaN,NaN,NaN,NaN,NaN,NaN
1507856400,5.34,5.39,5.34,5.36,597400,NaN,NaN,NaN,NaN,NaN,NaN,NaN
1508115600,5.33,5.39,5.33,5.36,814600,NaN,NaN,NaN,NaN,NaN,NaN,NaN
1508202000,5.35,5.36,5.34,5.35,567800,NaN,NaN,NaN,NaN,NaN,NaN,NaN
1508374800,5.35,5.4,5.33,5.39,2101100,NaN,NaN,NaN,NaN,NaN,NaN,NaN
1508461200,5.39,5.4,5.34,5.34,411800,NaN,NaN,NaN,NaN,NaN,NaN,NaN
1508720400,5.35,5.35,5.18,5.18,1261300,NaN,NaN,NaN,NaN,NaN,NaN,NaN
1508806800,5.19,5.24,5.09,5.15,1751900,NaN,NaN,NaN,NaN,NaN,NaN,NaN
1508893200,5.18,5.28,5.16,5.25,818800,NaN,NaN,NaN,NaN,NaN,NaN,NaN
1508979600,5.26,5.31,5.12,5.18,2721600,NaN,NaN,NaN,NaN,NaN,NaN,NaN
1509066000,5.12,5.22,5.12,5.19,1299800,NaN,NaN,NaN,NaN,NaN,NaN,NaN
1509325200,5.19,5.27,5.14,5.24,1199100,NaN,NaN,NaN,NaN,NaN,NaN,NaN
1509411600,5.24,5.28,5.17,5.28,843400,NaN,NaN,NaN,NaN,NaN,NaN,NaN
1509498000,5.25,5.28,5.17,5.24,1476600,NaN,NaN,NaN,NaN,NaN,NaN,NaN
1509584400,5.19,5.23,5.18,5.18,958000,NaN,NaN,NaN,NaN,NaN,NaN,NaN
1509670800,5.24,5.24,5.18,5.21,508600,NaN,NaN,NaN,NaN,NaN,NaN,NaN
1509930000,5.22,5.27,5.21,5.27,1244200,NaN,NaN,NaN,NaN,NaN,NaN,NaN
1510016400,5.22,5.28,5.19,5.28,1201300,NaN,NaN,NaN,NaN,NaN,NaN,NaN
1510102800,5.28,5.4,5.28,5.37,2250100,NaN,NaN,NaN,NaN,NaN,NaN,NaN
1510189200,5.37,5.44,5.34,5.34,1498600,NaN,NaN,NaN,NaN,NaN,NaN,NaN
1510275600,5.33,5.38,5.29,5.29,907500,NaN,NaN,NaN,NaN,NaN,NaN,NaN
1510534800,5.36,5.36,5.25,5.25,1304900,NaN,NaN,NaN,NaN,NaN,NaN,NaN
1510621200,5.29,5.29,5.09,5.11,4716400,NaN,NaN,NaN,NaN,NaN,NaN,NaN
1510707600,5.11,5.13,5.03,5.03,2407000,NaN,NaN,NaN,NaN,NaN,NaN,NaN
1510794000,5.03,5.08,5.01,5.03,1126900,NaN,NaN,NaN,NaN,NaN,NaN,NaN
1510880400,5.05,5.14,5.04,5.14,1258700,NaN,NaN,NaN,NaN,NaN,NaN,NaN
1511139600,5.12,5.12,5.03,5.05,767100,NaN,NaN,NaN,NaN,NaN,NaN,NaN
1511226000,5.04,5.07,5,5.01,943500,NaN,NaN,NaN,NaN,NaN,NaN,NaN
1511312400,5.03,5.06,5,5.06,787800,NaN,NaN,NaN,NaN,NaN,NaN,NaN
1511398800,5.06,5.09,4.91,4.99,2512000,NaN,NaN,NaN,NaN,NaN,NaN,NaN
1511485200,4.98,5.03,4.95,4.99,519000,NaN,NaN,NaN,NaN,NaN,NaN,NaN
1511744400,4.97,5,4.94,4.97,447100,NaN,NaN,NaN,NaN,NaN,NaN,NaN
1511830800,4.97,4.97,4.85,4.89,1058700,NaN,NaN,NaN,NaN,NaN,NaN,NaN
1511917200,4.9,4.93,4.73,4.79,4986700,NaN,NaN,NaN,NaN,NaN,NaN,NaN
1512003600,4.81,4.81,4.75,4.75,2054400,NaN,NaN,NaN,NaN,NaN,NaN,NaN
1512349200,4.8,4.96,4.76,4.77,3190200,NaN,NaN,NaN,NaN,NaN,NaN,NaN
1512435600,4.8,4.91,4.77,4.77,2984900,NaN,NaN,NaN,NaN,NaN,NaN,NaN
1512522000,4.78,4.82,4.76,4.76,2359600,NaN,NaN,NaN,NaN,NaN,NaN,NaN
1512608400,4.78,4.91,4.78,4.78,2344200,NaN,NaN,NaN,NaN,NaN,NaN,NaN
1512694800,4.8,4.8,4.71,4.73,2444400,NaN,NaN,NaN,NaN,NaN,NaN,NaN
1512954000,4.73,4.77,4.64,4.65,3129900,NaN,NaN,NaN,NaN,NaN,NaN,NaN
1513040400,4.65,4.65,4.57,4.59,3015000,NaN,NaN,NaN,NaN,NaN,NaN,NaN
1513126800,4.59,4.66,4.59,4.6,2967600,NaN,NaN,NaN,NaN,NaN,NaN,NaN
1513213200,4.6,4.84,4.6,4.73,5211800,NaN,NaN,NaN,NaN,NaN,NaN,NaN
1513299600,4.8,4.82,4.71,4.79,17504300,NaN,NaN,NaN,NaN,NaN,NaN,NaN
1513558800,4.8,4.83,4.75,4.78,677600,NaN,NaN,NaN,NaN,NaN,NaN,NaN
1513645200,4.78,4.79,4.69,4.7,1103500,NaN,NaN,NaN,NaN,NaN,NaN,NaN
1513731600,4.71,4.76,4.63,4.63,2672400,NaN,NaN,NaN,NaN,NaN,NaN,NaN
1513818000,4.64,4.7,4.64,4.66,859000,NaN,NaN,NaN,NaN,NaN,NaN,NaN
1513904400,4.66,4.7,4.65,4.68,1254700,NaN,NaN,NaN,NaN,NaN,NaN,NaN
1514250000,4.67,4.73,4.65,4.68,1010200,NaN,NaN,NaN,NaN,NaN,NaN,NaN
1514336400,4.68,4.7,4.66,4.69,1052700,NaN,NaN,NaN,NaN,NaN,NaN,NaN
1514422800,4.7,4.85,4.67,4.81,1540800,NaN,NaN,NaN,NaN,NaN,NaN,NaN
1514509200,4.85,4.94,4.7,4.7,3795900,2272983500,13198066000,1639683000,349358000,2117293000.0000002,11533413000,4.8936170212766
1514854800,4.73,4.8,4.7,4.75,1676100,NaN,NaN,NaN,NaN,NaN,NaN,NaN
1514941200,4.78,5.03,4.78,4.91,6073300,NaN,NaN,NaN,NaN,NaN,NaN,NaN
1515027600,4.93,5.08,4.93,5.01,2178900,NaN,NaN,NaN,NaN,NaN,NaN,NaN
1515114000,5.04,5.09,5.03,5.07,1812600,NaN,NaN,NaN,NaN,NaN,NaN,NaN
1515373200,5.09,5.17,5.09,5.1,2039500,NaN,NaN,NaN,NaN,NaN,NaN,NaN
1515459600,5.1,5.12,5.03,5.11,2294100,NaN,NaN,NaN,NaN,NaN,NaN,NaN
1515546000,5.11,5.12,5.05,5.1,1635400,NaN,NaN,NaN,NaN,NaN,NaN,NaN
1515632400,5.09,5.09,4.98,4.98,1407800,NaN,NaN,NaN,NaN,NaN,NaN,NaN
1515718800,5,5.1,5,5.08,1242200,NaN,NaN,NaN,NaN,NaN,NaN,NaN
1515978000,5.1,5.11,5.08,5.1,1186400,NaN,NaN,NaN,NaN,NaN,NaN,NaN
1516064400,5.1,5.1,4.93,5.06,1069800,NaN,NaN,NaN,NaN,NaN,NaN,NaN
1516150800,5,5.08,5,5.06,865800,NaN,NaN,NaN,NaN,NaN,NaN,NaN
1516237200,5.08,5.08,4.97,5.03,1054800,NaN,NaN,NaN,NaN,NaN,NaN,NaN
1516323600,5.01,5.2,5,5.19,1095200,NaN,NaN,NaN,NaN,NaN,NaN,NaN
1516582800,5.24,5.25,5.15,5.16,1175900,NaN,NaN,NaN,NaN,NaN,NaN,NaN
1516669200,5.15,5.21,5.1,5.18,731300,NaN,NaN,NaN,NaN,NaN,NaN,NaN
1516755600,5.17,5.19,5.12,5.13,445500,NaN,NaN,NaN,NaN,NaN,NaN,NaN
1516842000,5.12,5.2,5.11,5.13,1144400,NaN,NaN,NaN,NaN,NaN,NaN,NaN
1516928400,5.14,5.15,5.11,5.11,282900,NaN,NaN,NaN,NaN,NaN,NaN,NaN
1517187600,5.12,5.14,5.08,5.08,512300,NaN,NaN,NaN,NaN,NaN,NaN,NaN
1517274000,5.08,5.57,5.08,5.36,7857300,NaN,NaN,NaN,NaN,NaN,NaN,NaN
1517533200,5.39,5.52,5.39,5.5,4537900,NaN,NaN,NaN,NaN,NaN,NaN,NaN
1517792400,5.4,5.53,5.34,5.36,4398600,NaN,NaN,NaN,NaN,NaN,NaN,NaN
1517878800,5.2,5.32,5.07,5.26,3724400,NaN,NaN,NaN,NaN,NaN,NaN,NaN
1517965200,5.36,5.39,5.21,5.22,1414200,NaN,NaN,NaN,NaN,NaN,NaN,NaN
1518051600,5.24,5.32,5.23,5.24,691500,NaN,NaN,NaN,NaN,NaN,NaN,NaN
1518138000,5.17,5.24,5.13,5.17,1522400,NaN,NaN,NaN,NaN,NaN,NaN,NaN
1518397200,5.18,5.27,5.13,5.21,1780700,NaN,NaN,NaN,NaN,NaN,NaN,NaN
1518483600,5.23,5.23,5.15,5.16,754600,NaN,NaN,NaN,NaN,NaN,NaN,NaN
1518570000,5.18,5.21,5.14,5.16,392600,NaN,NaN,NaN,NaN,NaN,NaN,NaN
1518656400,5.18,5.19,5.15,5.16,458000,NaN,NaN,NaN,NaN,NaN,NaN,NaN
1519002000,5.19,5.25,5.18,5.21,1557700,NaN,NaN,NaN,NaN,NaN,NaN,NaN
1519088400,5.21,5.22,5.17,5.18,717200,NaN,NaN,NaN,NaN,NaN,NaN,NaN
1519174800,5.18,5.32,5.18,5.25,3861400,NaN,NaN,NaN,NaN,NaN,NaN,NaN
1519261200,5.26,5.26,5.23,5.25,2103300,NaN,NaN,NaN,NaN,NaN,NaN,NaN
1519347600,5.26,5.26,5.21,5.23,811000,NaN,NaN,NaN,NaN,NaN,NaN,NaN
1519606800,5.25,5.35,5.24,5.33,4287300,NaN,NaN,NaN,NaN,NaN,NaN,NaN
1519693200,5.35,5.47,5.3,5.43,3678000,NaN,NaN,NaN,NaN,NaN,NaN,NaN
1519779600,5.43,5.54,5.38,5.52,6051100,NaN,NaN,NaN,NaN,NaN,NaN,NaN
1519866000,5.51,5.81,5.48,5.8,6681000,NaN,NaN,NaN,NaN,NaN,NaN,NaN
1519952400,5.78,5.8,5.73,5.76,5566600,NaN,NaN,NaN,NaN,NaN,NaN,NaN
1520211600,5.78,5.78,5.54,5.56,4332300,NaN,NaN,NaN,NaN,NaN,NaN,NaN
1520298000,5.6,5.75,5.6,5.71,3266400,NaN,NaN,NaN,NaN,NaN,NaN,NaN
1520384400,5.7,5.74,5.53,5.68,2481900,NaN,NaN,NaN,NaN,NaN,NaN,NaN
1520470800,5.67,5.8,5.6,5.79,2257100,NaN,NaN,NaN,NaN,NaN,NaN,NaN
1520557200,5.82,6.1,5.82,6.1,7505000,NaN,NaN,NaN,NaN,NaN,NaN,NaN
1520816400,6.16,6.36,6.16,6.33,4618600,NaN,NaN,NaN,NaN,NaN,NaN,NaN
1520902800,6.36,6.46,6.26,6.45,5000500,NaN,NaN,NaN,NaN,NaN,NaN,NaN
1520989200,6.45,6.46,6.25,6.25,2832100,NaN,NaN,NaN,NaN,NaN,NaN,NaN
1521075600,6.26,6.29,6.13,6.21,1626900,NaN,NaN,NaN,NaN,NaN,NaN,NaN
1521162000,6.22,6.43,6.19,6.19,1538900,NaN,NaN,NaN,NaN,NaN,NaN,NaN
1521421200,6.22,6.4,6.22,6.4,3165700,NaN,NaN,NaN,NaN,NaN,NaN,NaN
1521507600,6.37,6.38,6.23,6.26,1305100,NaN,NaN,NaN,NaN,NaN,NaN,NaN
1521594000,6.26,6.35,6.19,6.25,770700,NaN,NaN,NaN,NaN,NaN,NaN,NaN
1521680400,6.25,6.3,6.22,6.22,1406100,NaN,NaN,NaN,NaN,NaN,NaN,NaN
1521766800,6.1,6.13,5.98,5.99,6224400,NaN,NaN,NaN,NaN,NaN,NaN,NaN
1522026000,5.97,5.98,5.77,5.89,3502400,NaN,NaN,NaN,NaN,NaN,NaN,NaN
1522112400,6.03,6.06,5.98,6,1139700,NaN,NaN,NaN,NaN,NaN,NaN,NaN
1522198800,5.96,6.07,5.9,6.06,956600,NaN,NaN,NaN,NaN,NaN,NaN,NaN
1522285200,6.09,6.23,6.08,6.1,852200,NaN,NaN,NaN,NaN,NaN,NaN,NaN
1522371600,6.2,6.2,6.06,6.09,420500,2272983500,13047416000,1669502000,264276000,2214259000,11354307000,3.77668308702791
1522630800,6.12,6.12,5.94,6.01,510500,NaN,NaN,NaN,NaN,NaN,NaN,NaN
1522717200,5.93,6.03,5.9,5.99,995200,NaN,NaN,NaN,NaN,NaN,NaN,NaN
1522803600,6.01,6.11,5.43,5.5,3316200,NaN,NaN,NaN,NaN,NaN,NaN,NaN
1522890000,5.75,5.97,5.63,5.95,3449800,NaN,NaN,NaN,NaN,NaN,NaN,NaN
1522976400,5.89,5.96,5.74,5.93,1476300,NaN,NaN,NaN,NaN,NaN,NaN,NaN
1523235600,5.9,6.06,5.86,6.06,1691200,NaN,NaN,NaN,NaN,NaN,NaN,NaN
1523322000,6.08,6.4,6.08,6.39,4011600,NaN,NaN,NaN,NaN,NaN,NaN,NaN
1523408400,6.38,6.45,6.27,6.4,3464200,NaN,NaN,NaN,NaN,NaN,NaN,NaN
1523494800,6.39,6.4,6.27,6.28,1778600,NaN,NaN,NaN,NaN,NaN,NaN,NaN
1523581200,6.34,6.36,6.29,6.32,3422800,NaN,NaN,NaN,NaN,NaN,NaN,NaN
1523840400,6.3,6.31,6.17,6.21,1254200,NaN,NaN,NaN,NaN,NaN,NaN,NaN
1523926800,6.25,6.29,6.19,6.21,1324700,NaN,NaN,NaN,NaN,NaN,NaN,NaN
1524013200,6.27,6.27,6.02,6.15,2992000,NaN,NaN,NaN,NaN,NaN,NaN,NaN
1524099600,6.14,6.28,6.14,6.23,1349100,NaN,NaN,NaN,NaN,NaN,NaN,NaN
1524186000,6.29,6.39,6.28,6.33,2560200,NaN,NaN,NaN,NaN,NaN,NaN,NaN
1524445200,6.3,6.35,6.18,6.21,1713300,NaN,NaN,NaN,NaN,NaN,NaN,NaN
1524531600,6.28,6.3,6.2,6.23,2972800,NaN,NaN,NaN,NaN,NaN,NaN,NaN
1524618000,6.23,6.27,6.18,6.22,3027800,NaN,NaN,NaN,NaN,NaN,NaN,NaN
1524704400,6.16,6.38,6.15,6.33,4375300,NaN,NaN,NaN,NaN,NaN,NaN,NaN
1524790800,6.35,6.43,6.2,6.23,2581400,NaN,NaN,NaN,NaN,NaN,NaN,NaN
1525050000,6.23,6.31,5.35,5.71,21885600,NaN,NaN,NaN,NaN,NaN,NaN,NaN
1525222800,5.6,5.69,5.56,5.64,9278500,NaN,NaN,NaN,NaN,NaN,NaN,NaN
1525309200,5.64,5.77,5.64,5.7,3928100,NaN,NaN,NaN,NaN,NaN,NaN,NaN
1525395600,5.7,5.87,5.65,5.8,4439200,NaN,NaN,NaN,NaN,NaN,NaN,NaN
1525654800,5.75,5.8,5.74,5.77,997400,NaN,NaN,NaN,NaN,NaN,NaN,NaN
1525741200,5.8,5.94,5.75,5.77,3095300,NaN,NaN,NaN,NaN,NaN,NaN,NaN
1526259600,5.75,6,5.75,5.81,8040900,NaN,NaN,NaN,NaN,NaN,NaN,NaN
1526346000,5.6,5.62,5.42,5.55,17530600,NaN,NaN,NaN,NaN,NaN,NaN,NaN
1526432400,5.38,5.38,5.23,5.28,3546500,NaN,NaN,NaN,NaN,NaN,NaN,NaN
1526518800,5.3,5.3,5.2,5.2,1641100,NaN,NaN,NaN,NaN,NaN,NaN,NaN
1526605200,5.2,5.28,5.05,5.13,3377000,NaN,NaN,NaN,NaN,NaN,NaN,NaN
1526864400,5.17,5.25,5.15,5.21,783800,NaN,NaN,NaN,NaN,NaN,NaN,NaN
1526950800,5.25,5.25,5.15,5.15,587700,NaN,NaN,NaN,NaN,NaN,NaN,NaN
1527037200,5.16,5.16,5.05,5.08,2453200,NaN,NaN,NaN,NaN,NaN,NaN,NaN
1527123600,5.09,5.24,4.93,5.2,2324800,NaN,NaN,NaN,NaN,NaN,NaN,NaN
1527210000,5.21,5.21,5.08,5.12,451500,NaN,NaN,NaN,NaN,NaN,NaN,NaN
1527469200,5.13,5.18,5.06,5.08,537000,NaN,NaN,NaN,NaN,NaN,NaN,NaN
1527642000,5.1,5.1,5,5.05,2972300,NaN,NaN,NaN,NaN,NaN,NaN,NaN
1527728400,5.12,5.15,5.05,5.1,1264600,NaN,NaN,NaN,NaN,NaN,NaN,NaN
1527814800,5.1,5.2,5.1,5.2,1765700,NaN,NaN,NaN,NaN,NaN,NaN,NaN
1528074000,5.2,5.2,5.1,5.18,505600,NaN,NaN,NaN,NaN,NaN,NaN,NaN
1528160400,5.16,5.25,5.1,5.15,869500,NaN,NaN,NaN,NaN,NaN,NaN,NaN
1528246800,5.15,5.23,5.15,5.23,350700,NaN,NaN,NaN,NaN,NaN,NaN,NaN
1528333200,5.23,5.3,5.23,5.27,334600,NaN,NaN,NaN,NaN,NaN,NaN,NaN
1528419600,5.32,5.32,5.19,5.3,616600,NaN,NaN,NaN,NaN,NaN,NaN,NaN
1528678800,5.3,5.3,5.23,5.23,188800,NaN,NaN,NaN,NaN,NaN,NaN,NaN
1528765200,5.23,5.23,5.12,5.12,781400,NaN,NaN,NaN,NaN,NaN,NaN,NaN
1528851600,5.14,5.2,5.13,5.19,153900,NaN,NaN,NaN,NaN,NaN,NaN,NaN
1528938000,5.2,5.22,5.11,5.22,735200,NaN,NaN,NaN,NaN,NaN,NaN,NaN
1529283600,5.16,5.21,5.12,5.14,173900,NaN,NaN,NaN,NaN,NaN,NaN,NaN
1529370000,5.12,5.16,5.09,5.12,730200,NaN,NaN,NaN,NaN,NaN,NaN,NaN
1529456400,5.1,5.14,5.1,5.11,301600,NaN,NaN,NaN,NaN,NaN,NaN,NaN
1529542800,5.12,5.16,5.08,5.09,307500,NaN,NaN,NaN,NaN,NaN,NaN,NaN
1529629200,5.09,5.1,5.07,5.08,312400,NaN,NaN,NaN,NaN,NaN,NaN,NaN
1529888400,5.1,5.11,5.08,5.08,654300,NaN,NaN,NaN,NaN,NaN,NaN,NaN
1529974800,5.07,5.07,5.01,5.02,1222800,NaN,NaN,NaN,NaN,NaN,NaN,NaN
1530061200,5,5.01,4.86,4.88,2416300,NaN,NaN,NaN,NaN,NaN,NaN,NaN
1530147600,4.88,4.97,4.85,4.95,611400,NaN,NaN,NaN,NaN,NaN,NaN,NaN
1530234000,4.98,5.03,4.89,4.95,460500,2272983500,13248859000,1686645000,249448000,2275537000,11536606000,4.64646464646465
1530493200,4.95,4.99,4.94,4.98,397600,NaN,NaN,NaN,NaN,NaN,NaN,NaN
1530579600,4.96,4.96,4.94,4.94,468100,NaN,NaN,NaN,NaN,NaN,NaN,NaN
1530666000,4.94,4.98,4.94,4.94,292800,NaN,NaN,NaN,NaN,NaN,NaN,NaN
1530752400,4.95,4.99,4.94,4.95,163000,NaN,NaN,NaN,NaN,NaN,NaN,NaN
1530838800,4.96,4.96,4.93,4.95,434300,NaN,NaN,NaN,NaN,NaN,NaN,NaN
1531098000,4.95,4.96,4.95,4.95,151800,NaN,NaN,NaN,NaN,NaN,NaN,NaN
1531184400,4.96,4.98,4.95,4.96,94900,NaN,NaN,NaN,NaN,NaN,NaN,NaN
1531270800,4.96,4.96,4.9,4.92,159000,NaN,NaN,NaN,NaN,NaN,NaN,NaN
1531357200,4.91,4.99,4.91,4.96,364400,NaN,NaN,NaN,NaN,NaN,NaN,NaN
1531443600,4.98,5.12,4.98,5.1,796600,NaN,NaN,NaN,NaN,NaN,NaN,NaN
1531702800,5.11,5.26,5.11,5.13,793000,NaN,NaN,NaN,NaN,NaN,NaN,NaN
1531789200,5.15,5.2,5.12,5.15,1517800,NaN,NaN,NaN,NaN,NaN,NaN,NaN
1531875600,5.18,5.18,5.12,5.14,470100,NaN,NaN,NaN,NaN,NaN,NaN,NaN
1531962000,5.17,5.18,5.11,5.14,675800,NaN,NaN,NaN,NaN,NaN,NaN,NaN
1532048400,5.14,5.14,5.1,5.11,652600,NaN,NaN,NaN,NaN,NaN,NaN,NaN
1532307600,5.11,5.27,5.11,5.17,1402200,NaN,NaN,NaN,NaN,NaN,NaN,NaN
1532394000,5.18,5.24,5.18,5.2,542600,NaN,NaN,NaN,NaN,NaN,NaN,NaN
1532480400,5.19,5.21,5.15,5.17,351300,NaN,NaN,NaN,NaN,NaN,NaN,NaN
1532566800,5.16,5.2,5.13,5.13,401300,NaN,NaN,NaN,NaN,NaN,NaN,NaN
1532653200,5.12,5.2,5.08,5.16,1480500,NaN,NaN,NaN,NaN,NaN,NaN,NaN
1532912400,5.19,5.19,5.13,5.16,1504700,NaN,NaN,NaN,NaN,NaN,NaN,NaN
1532998800,5.15,5.45,5.14,5.29,5998900,NaN,NaN,NaN,NaN,NaN,NaN,NaN
1533085200,5.35,5.36,5.24,5.26,3111500,NaN,NaN,NaN,NaN,NaN,NaN,NaN
1533171600,5.28,5.33,5.15,5.17,2080000,NaN,NaN,NaN,NaN,NaN,NaN,NaN
1533258000,5.17,5.2,5.15,5.15,1874500,NaN,NaN,NaN,NaN,NaN,NaN,NaN
1533517200,5.17,5.2,5.07,5.15,1887900,NaN,NaN,NaN,NaN,NaN,NaN,NaN
1533603600,5.16,5.2,5.15,5.17,763400,NaN,NaN,NaN,NaN,NaN,NaN,NaN
1533690000,5.17,5.28,5.17,5.18,1123700,NaN,NaN,NaN,NaN,NaN,NaN,NaN
1533776400,5.19,5.27,5.19,5.2,1285300,NaN,NaN,NaN,NaN,NaN,NaN,NaN
1533862800,5.21,5.23,5.19,5.2,674000,NaN,NaN,NaN,NaN,NaN,NaN,NaN
1534122000,5.19,5.22,5.15,5.17,2397000,NaN,NaN,NaN,NaN,NaN,NaN,NaN
1534208400,5.17,5.18,5.14,5.16,834300,NaN,NaN,NaN,NaN,NaN,NaN,NaN
1534294800,5.16,5.19,5.12,5.12,997000,NaN,NaN,NaN,NaN,NaN,NaN,NaN
1534381200,5.12,5.14,5.09,5.09,1151300,NaN,NaN,NaN,NaN,NaN,NaN,NaN
1534467600,5.1,5.16,5.09,5.09,1260600,NaN,NaN,NaN,NaN,NaN,NaN,NaN
1534726800,5.1,5.14,5.09,5.09,657000,NaN,NaN,NaN,NaN,NaN,NaN,NaN
1534813200,5.12,5.17,5.1,5.11,1849400,NaN,NaN,NaN,NaN,NaN,NaN,NaN
1534986000,5.11,5.19,5.11,5.12,815000,NaN,NaN,NaN,NaN,NaN,NaN,NaN
1535072400,5.13,5.14,5.12,5.13,1569700,NaN,NaN,NaN,NaN,NaN,NaN,NaN
1535331600,5.13,5.16,5.12,5.15,1060100,NaN,NaN,NaN,NaN,NaN,NaN,NaN
1535418000,5.15,5.18,5.12,5.15,217100,NaN,NaN,NaN,NaN,NaN,NaN,NaN
1535504400,5.12,5.17,5.12,5.15,3051800,NaN,NaN,NaN,NaN,NaN,NaN,NaN
1535590800,5.14,5.16,5.14,5.15,819500,NaN,NaN,NaN,NaN,NaN,NaN,NaN
1535936400,5.18,5.18,5.13,5.15,2003100,NaN,NaN,NaN,NaN,NaN,NaN,NaN
1536022800,5.16,5.19,5.15,5.16,579500,NaN,NaN,NaN,NaN,NaN,NaN,NaN
1536109200,5.15,5.19,5.15,5.19,1158000,NaN,NaN,NaN,NaN,NaN,NaN,NaN
1536195600,5.18,5.21,5.15,5.15,1706800,NaN,NaN,NaN,NaN,NaN,NaN,NaN
1536282000,5.15,5.17,5.14,5.15,163300,NaN,NaN,NaN,NaN,NaN,NaN,NaN
1536714000,5.15,5.15,5.02,5.06,692100,NaN,NaN,NaN,NaN,NaN,NaN,NaN
1536800400,5.1,5.1,5.05,5.06,249600,NaN,NaN,NaN,NaN,NaN,NaN,NaN
1536886800,5.06,5.06,5,5.01,1435700,NaN,NaN,NaN,NaN,NaN,NaN,NaN
1537232400,5.02,5.02,4.88,4.92,488700,NaN,NaN,NaN,NaN,NaN,NaN,NaN
1537318800,4.94,4.98,4.94,4.94,296100,NaN,NaN,NaN,NaN,NaN,NaN,NaN
1537405200,4.95,4.98,4.94,4.97,264000,NaN,NaN,NaN,NaN,NaN,NaN,NaN
1537491600,4.98,4.98,4.96,4.97,1288500,NaN,NaN,NaN,NaN,NaN,NaN,NaN
1537750800,4.97,5,4.94,5,772200,NaN,NaN,NaN,NaN,NaN,NaN,NaN
1537837200,5,5.07,4.97,5.07,380500,NaN,NaN,NaN,NaN,NaN,NaN,NaN
1537923600,5.01,5.08,5.01,5.05,125400,NaN,NaN,NaN,NaN,NaN,NaN,NaN
1538010000,5.07,5.1,4.99,5.05,220500,NaN,NaN,NaN,NaN,NaN,NaN,NaN
1538096400,5.05,5.07,4.96,5.04,503900,2272983500,13816408000,1823234000,171372000,2417941000,11971293000,4.56349206349206
1538355600,4.99,5.01,4.98,4.99,112100,NaN,NaN,NaN,NaN,NaN,NaN,NaN
1538442000,4.99,4.99,4.85,4.89,1616500,NaN,NaN,NaN,NaN,NaN,NaN,NaN
1538528400,4.9,4.94,4.75,4.81,1579500,NaN,NaN,NaN,NaN,NaN,NaN,NaN
1538614800,4.81,4.81,4.55,4.58,4285000,NaN,NaN,NaN,NaN,NaN,NaN,NaN
1538701200,4.62,4.69,4.58,4.69,1128300,NaN,NaN,NaN,NaN,NaN,NaN,NaN
1538960400,4.69,4.69,4.5,4.5,1293900,NaN,NaN,NaN,NaN,NaN,NaN,NaN
1539046800,4.51,4.56,4.5,4.5,486000,NaN,NaN,NaN,NaN,NaN,NaN,NaN
1539133200,4.52,4.53,4.4,4.44,637100,NaN,NaN,NaN,NaN,NaN,NaN,NaN
1539219600,4.4,4.41,4.29,4.29,1199200,NaN,NaN,NaN,NaN,NaN,NaN,NaN
1539306000,4.29,4.48,4.29,4.33,948300,NaN,NaN,NaN,NaN,NaN,NaN,NaN
1539565200,4.34,4.45,4.33,4.45,438900,NaN,NaN,NaN,NaN,NaN,NaN,NaN
1539651600,4.45,4.45,4.32,4.34,422400,NaN,NaN,NaN,NaN,NaN,NaN,NaN
1539738000,4.38,4.44,4.34,4.36,513700,NaN,NaN,NaN,NaN,NaN,NaN,NaN
1539824400,4.4,4.45,4.38,4.44,337200,NaN,NaN,NaN,NaN,NaN,NaN,NaN
1539910800,4.43,4.56,4.37,4.56,1829700,NaN,NaN,NaN,NaN,NaN,NaN,NaN
1540170000,4.53,4.56,4.44,4.44,283500,NaN,NaN,NaN,NaN,NaN,NaN,NaN
1540256400,4.44,4.44,4.3,4.33,197600,NaN,NaN,NaN,NaN,NaN,NaN,NaN
1540342800,4.34,4.42,4.33,4.33,289900,NaN,NaN,NaN,NaN,NaN,NaN,NaN
1540429200,4.33,4.35,4.21,4.28,454700,NaN,NaN,NaN,NaN,NaN,NaN,NaN
1540515600,4.29,4.31,4.27,4.3,202300,NaN,NaN,NaN,NaN,NaN,NaN,NaN
1540774800,4.27,4.36,4.21,4.25,354700,NaN,NaN,NaN,NaN,NaN,NaN,NaN
1540861200,4.24,4.24,4.18,4.21,645900,NaN,NaN,NaN,NaN,NaN,NaN,NaN
1540947600,4.22,4.33,4.22,4.3,448900,NaN,NaN,NaN,NaN,NaN,NaN,NaN
1541034000,4.3,4.3,4.25,4.29,228300,NaN,NaN,NaN,NaN,NaN,NaN,NaN
1541120400,4.3,4.39,4.26,4.38,661100,NaN,NaN,NaN,NaN,NaN,NaN,NaN
1541379600,4.36,4.36,4.25,4.3,397600,NaN,NaN,NaN,NaN,NaN,NaN,NaN
1541552400,4.3,4.39,4.25,4.3,297400,NaN,NaN,NaN,NaN,NaN,NaN,NaN
1541638800,4.3,4.3,4.29,4.3,293600,NaN,NaN,NaN,NaN,NaN,NaN,NaN
1541725200,4.36,4.36,4.25,4.28,359500,NaN,NaN,NaN,NaN,NaN,NaN,NaN
1541984400,4.3,4.32,4.28,4.28,84200,NaN,NaN,NaN,NaN,NaN,NaN,NaN
1542070800,4.28,4.35,4.25,4.35,153400,NaN,NaN,NaN,NaN,NaN,NaN,NaN
1542157200,4.37,4.52,4.37,4.5,918300,NaN,NaN,NaN,NaN,NaN,NaN,NaN
1542243600,4.5,4.65,4.41,4.58,803200,NaN,NaN,NaN,NaN,NaN,NaN,NaN
1542330000,4.62,4.64,4.54,4.63,312800,NaN,NaN,NaN,NaN,NaN,NaN,NaN
1542589200,4.62,4.83,4.58,4.81,638800,NaN,NaN,NaN,NaN,NaN,NaN,NaN
1542762000,4.73,4.81,4.65,4.74,348400,NaN,NaN,NaN,NaN,NaN,NaN,NaN
1542848400,4.73,4.79,4.73,4.78,656600,NaN,NaN,NaN,NaN,NaN,NaN,NaN
1542934800,4.79,4.86,4.77,4.85,771500,NaN,NaN,NaN,NaN,NaN,NaN,NaN
1543194000,4.89,4.96,4.88,4.93,563300,NaN,NaN,NaN,NaN,NaN,NaN,NaN
1543280400,4.92,4.93,4.79,4.92,1709500,NaN,NaN,NaN,NaN,NaN,NaN,NaN
1543366800,4.86,4.93,4.86,4.9,201800,NaN,NaN,NaN,NaN,NaN,NaN,NaN
1543453200,4.9,4.94,4.9,4.91,1215100,NaN,NaN,NaN,NaN,NaN,NaN,NaN
1543539600,4.74,4.88,4.74,4.88,334800,NaN,NaN,NaN,NaN,NaN,NaN,NaN
1543798800,4.82,4.87,4.72,4.72,1034700,NaN,NaN,NaN,NaN,NaN,NaN,NaN
1543885200,4.75,4.8,4.72,4.77,642100,NaN,NaN,NaN,NaN,NaN,NaN,NaN
1543971600,4.7,4.75,4.66,4.7,738100,NaN,NaN,NaN,NaN,NaN,NaN,NaN
1544058000,4.68,4.68,4.56,4.56,516700,NaN,NaN,NaN,NaN,NaN,NaN,NaN
1544144400,4.59,4.67,4.56,4.65,630900,NaN,NaN,NaN,NaN,NaN,NaN,NaN
1544403600,4.65,4.65,4.59,4.65,567300,NaN,NaN,NaN,NaN,NaN,NaN,NaN
1544490000,4.63,4.65,4.54,4.6,310900,NaN,NaN,NaN,NaN,NaN,NaN,NaN
1544576400,4.58,4.58,4.45,4.48,649700,NaN,NaN,NaN,NaN,NaN,NaN,NaN
1544662800,4.48,4.57,4.48,4.52,433800,NaN,NaN,NaN,NaN,NaN,NaN,NaN
1544749200,4.52,4.58,4.42,4.46,416600,NaN,NaN,NaN,NaN,NaN,NaN,NaN
1545008400,4.54,4.54,4.44,4.54,637000,NaN,NaN,NaN,NaN,NaN,NaN,NaN
1545094800,4.43,4.53,4.43,4.5,301200,NaN,NaN,NaN,NaN,NaN,NaN,NaN
1545181200,4.48,4.52,4.41,4.5,98200,NaN,NaN,NaN,NaN,NaN,NaN,NaN
1545267600,4.48,4.52,4.45,4.5,64700,NaN,NaN,NaN,NaN,NaN,NaN,NaN
1545354000,4.46,4.61,4.46,4.61,356200,NaN,NaN,NaN,NaN,NaN,NaN,NaN
1545613200,4.58,4.64,4.55,4.62,68300,NaN,NaN,NaN,NaN,NaN,NaN,NaN
1545786000,4.6,4.61,4.55,4.6,601400,NaN,NaN,NaN,NaN,NaN,NaN,NaN
1545872400,4.61,4.66,4.6,4.65,680400,NaN,NaN,NaN,NaN,NaN,NaN,NaN
1545958800,4.65,4.65,4.6,4.62,88400,NaN,NaN,NaN,NaN,NaN,NaN,NaN
1546218000,4.62,4.65,4.58,4.62,146100,2272984000,13521052000,1517118000,-25666000,2336972000,11980949000,3.67965367965368
1546390800,4.64,4.68,4.6,4.6,67300,NaN,NaN,NaN,NaN,NaN,NaN,NaN
1546477200,4.64,4.73,4.64,4.71,237800,NaN,NaN,NaN,NaN,NaN,NaN,NaN
1546563600,4.66,4.72,4.66,4.67,275700,NaN,NaN,NaN,NaN,NaN,NaN,NaN
1546822800,4.72,4.78,4.68,4.75,135500,NaN,NaN,NaN,NaN,NaN,NaN,NaN
1546909200,4.78,4.8,4.7,4.71,90200,NaN,NaN,NaN,NaN,NaN,NaN,NaN
1546995600,4.71,4.79,4.7,4.71,348400,NaN,NaN,NaN,NaN,NaN,NaN,NaN
1547082000,4.71,4.75,4.68,4.7,230000,NaN,NaN,NaN,NaN,NaN,NaN,NaN
1547168400,4.73,4.73,4.67,4.69,148000,NaN,NaN,NaN,NaN,NaN,NaN,NaN
1547427600,4.68,4.68,4.59,4.62,364800,NaN,NaN,NaN,NaN,NaN,NaN,NaN
1547514000,4.65,4.68,4.59,4.65,241400,NaN,NaN,NaN,NaN,NaN,NaN,NaN
1547600400,4.65,4.69,4.62,4.63,193800,NaN,NaN,NaN,NaN,NaN,NaN,NaN
1547686800,4.63,4.69,4.61,4.63,1646900,NaN,NaN,NaN,NaN,NaN,NaN,NaN
1547773200,4.64,4.67,4.62,4.62,160300,NaN,NaN,NaN,NaN,NaN,NaN,NaN
1548118800,4.64,4.7,4.6,4.6,200700,NaN,NaN,NaN,NaN,NaN,NaN,NaN
1548205200,4.6,4.64,4.6,4.63,2146500,NaN,NaN,NaN,NaN,NaN,NaN,NaN
1548291600,4.63,4.65,4.62,4.62,487200,NaN,NaN,NaN,NaN,NaN,NaN,NaN
1548378000,4.62,4.64,4.6,4.63,221100,NaN,NaN,NaN,NaN,NaN,NaN,NaN
1548637200,4.64,4.68,4.61,4.63,250300,NaN,NaN,NaN,NaN,NaN,NaN,NaN
1548723600,4.63,4.63,4.61,4.62,286300,NaN,NaN,NaN,NaN,NaN,NaN,NaN
1548810000,4.62,4.66,4.11,4.24,4890600,NaN,NaN,NaN,NaN,NaN,NaN,NaN
1548896400,4.18,4.27,4.15,4.22,2225600,NaN,NaN,NaN,NaN,NaN,NaN,NaN
1549242000,4.23,4.26,4.23,4.23,216000,NaN,NaN,NaN,NaN,NaN,NaN,NaN
1549501200,4.24,4.33,4.24,4.32,549800,NaN,NaN,NaN,NaN,NaN,NaN,NaN
1549587600,4.33,4.47,4.32,4.45,830100,NaN,NaN,NaN,NaN,NaN,NaN,NaN
1549846800,4.44,4.49,4.41,4.45,183900,NaN,NaN,NaN,NaN,NaN,NaN,NaN
1549933200,4.44,4.44,4.35,4.43,390000,NaN,NaN,NaN,NaN,NaN,NaN,NaN
1550019600,4.39,4.58,4.39,4.52,1050500,NaN,NaN,NaN,NaN,NaN,NaN,NaN
1550106000,4.55,4.55,4.47,4.5,2411000,NaN,NaN,NaN,NaN,NaN,NaN,NaN
1550192400,4.51,4.64,4.51,4.59,5123300,NaN,NaN,NaN,NaN,NaN,NaN,NaN
1550451600,4.58,4.59,4.48,4.48,292000,NaN,NaN,NaN,NaN,NaN,NaN,NaN
1550538000,4.48,4.5,4.43,4.43,544500,NaN,NaN,NaN,NaN,NaN,NaN,NaN
1550624400,4.5,4.5,4.46,4.48,398500,NaN,NaN,NaN,NaN,NaN,NaN,NaN
1550710800,4.48,4.51,4.43,4.44,1934900,NaN,NaN,NaN,NaN,NaN,NaN,NaN
1550797200,4.45,4.48,4.41,4.41,583300,NaN,NaN,NaN,NaN,NaN,NaN,NaN
1551056400,4.41,4.43,4.39,4.41,510300,NaN,NaN,NaN,NaN,NaN,NaN,NaN
1551142800,4.4,4.41,4.38,4.38,217500,NaN,NaN,NaN,NaN,NaN,NaN,NaN
1551229200,4.38,4.43,4.38,4.4,85300,NaN,NaN,NaN,NaN,NaN,NaN,NaN
1551315600,4.4,4.4,4.3,4.34,248100,NaN,NaN,NaN,NaN,NaN,NaN,NaN
1551402000,4.31,4.4,4.31,4.34,257400,NaN,NaN,NaN,NaN,NaN,NaN,NaN
1551661200,4.3,4.32,4.26,4.3,587200,NaN,NaN,NaN,NaN,NaN,NaN,NaN
1551747600,4.28,4.36,4.28,4.28,422600,NaN,NaN,NaN,NaN,NaN,NaN,NaN
1551834000,4.29,4.34,4.29,4.34,307500,NaN,NaN,NaN,NaN,NaN,NaN,NaN
1551920400,4.33,4.4,4.3,4.39,328900,NaN,NaN,NaN,NaN,NaN,NaN,NaN
1552006800,4.4,4.4,4.36,4.39,168300,NaN,NaN,NaN,NaN,NaN,NaN,NaN
1552266000,4.37,4.37,4.31,4.34,188700,NaN,NaN,NaN,NaN,NaN,NaN,NaN
1552352400,4.34,4.36,4.32,4.33,257600,NaN,NaN,NaN,NaN,NaN,NaN,NaN
1552438800,4.36,4.39,4.33,4.34,239100,NaN,NaN,NaN,NaN,NaN,NaN,NaN
1552525200,4.36,4.39,4.26,4.28,424200,NaN,NaN,NaN,NaN,NaN,NaN,NaN
1552611600,4.32,4.38,4.27,4.29,428100,NaN,NaN,NaN,NaN,NaN,NaN,NaN
1552870800,4.29,4.31,4.25,4.25,522200,NaN,NaN,NaN,NaN,NaN,NaN,NaN
1552957200,4.26,4.3,4.25,4.27,182000,NaN,NaN,NaN,NaN,NaN,NaN,NaN
1553043600,4.27,4.31,4.25,4.28,420200,NaN,NaN,NaN,NaN,NaN,NaN,NaN
1553130000,4.28,4.29,4.21,4.21,701500,NaN,NaN,NaN,NaN,NaN,NaN,NaN
1553216400,4.22,4.26,4.21,4.22,672300,NaN,NaN,NaN,NaN,NaN,NaN,NaN
1553475600,4.2,4.23,4.19,4.22,432200,NaN,NaN,NaN,NaN,NaN,NaN,NaN
1553562000,4.23,4.24,4.2,4.2,1702600,NaN,NaN,NaN,NaN,NaN,NaN,NaN
1553648400,4.23,4.23,4.14,4.18,791000,NaN,NaN,NaN,NaN,NaN,NaN,NaN
1553734800,4.18,4.18,4.04,4.05,2335300,NaN,NaN,NaN,NaN,NaN,NaN,NaN
1553821200,4.1,4.11,4.05,4.1,612500,2272984000,13355434000,1438231000,94701000,2170003000,11895406000,4.14634146341464
1554080400,4.1,4.1,4.07,4.07,1293300,NaN,NaN,NaN,NaN,NaN,NaN,NaN
1554166800,4.08,4.08,4.05,4.06,1505700,NaN,NaN,NaN,NaN,NaN,NaN,NaN
1554253200,4.08,4.1,4.02,4.02,1475300,NaN,NaN,NaN,NaN,NaN,NaN,NaN
1554339600,4.09,4.13,4.06,4.07,2594000,NaN,NaN,NaN,NaN,NaN,NaN,NaN
1554426000,4.09,4.09,4.06,4.07,1858300,NaN,NaN,NaN,NaN,NaN,NaN,NaN
1554685200,4.08,4.1,4.07,4.08,1584100,NaN,NaN,NaN,NaN,NaN,NaN,NaN
1554771600,4.1,4.1,4.07,4.08,1239500,NaN,NaN,NaN,NaN,NaN,NaN,NaN
1554858000,4.08,4.09,4.07,4.08,1384000,NaN,NaN,NaN,NaN,NaN,NaN,NaN
1554944400,4.08,4.08,4.05,4.07,873400,NaN,NaN,NaN,NaN,NaN,NaN,NaN
1555030800,4.07,4.08,3.96,3.99,2765000,NaN,NaN,NaN,NaN,NaN,NaN,NaN
1555290000,4.01,4.05,4.01,4.02,969600,NaN,NaN,NaN,NaN,NaN,NaN,NaN
1555376400,4.05,4.05,4.01,4.02,443800,NaN,NaN,NaN,NaN,NaN,NaN,NaN
1555462800,4.02,4.05,3.95,3.97,1533000,NaN,NaN,NaN,NaN,NaN,NaN,NaN
1555549200,3.98,4.02,3.96,3.99,784500,NaN,NaN,NaN,NaN,NaN,NaN,NaN
1555635600,4,4,3.98,3.98,340800,NaN,NaN,NaN,NaN,NaN,NaN,NaN
1555894800,3.98,4,3.98,3.99,434900,NaN,NaN,NaN,NaN,NaN,NaN,NaN
1555981200,4,4.01,3.98,3.99,742500,NaN,NaN,NaN,NaN,NaN,NaN,NaN
1556067600,4,4.05,3.99,4,1021300,NaN,NaN,NaN,NaN,NaN,NaN,NaN
1556154000,4.02,4.05,3.99,4,844100,NaN,NaN,NaN,NaN,NaN,NaN,NaN
1556240400,4.02,4.02,3.98,3.99,982500,NaN,NaN,NaN,NaN,NaN,NaN,NaN
1556499600,3.99,4,3.67,3.67,7210100,NaN,NaN,NaN,NaN,NaN,NaN,NaN
1556586000,3.71,3.73,3.52,3.53,10536400,NaN,NaN,NaN,NaN,NaN,NaN,NaN
1556758800,3.55,3.6,3.48,3.52,6082500,NaN,NaN,NaN,NaN,NaN,NaN,NaN
1556845200,3.54,3.54,3.5,3.51,2106100,NaN,NaN,NaN,NaN,NaN,NaN,NaN
1557104400,3.5,3.5,3.44,3.44,3735200,NaN,NaN,NaN,NaN,NaN,NaN,NaN
1557190800,3.46,3.53,3.46,3.49,2029900,NaN,NaN,NaN,NaN,NaN,NaN,NaN
1557277200,3.49,3.49,3.46,3.46,1083600,NaN,NaN,NaN,NaN,NaN,NaN,NaN
1557363600,3.47,3.5,3.45,3.48,1804800,NaN,NaN,NaN,NaN,NaN,NaN,NaN
1557450000,3.49,3.5,3.47,3.49,891200,NaN,NaN,NaN,NaN,NaN,NaN,NaN
1557709200,3.49,3.52,3.47,3.48,1534200,NaN,NaN,NaN,NaN,NaN,NaN,NaN
1557795600,3.46,3.51,3.44,3.49,2241000,NaN,NaN,NaN,NaN,NaN,NaN,NaN
1557882000,3.35,3.35,3.26,3.28,1159500,NaN,NaN,NaN,NaN,NaN,NaN,NaN
1557968400,3.3,3.3,3.19,3.2,1055100,NaN,NaN,NaN,NaN,NaN,NaN,NaN
1558054800,3.21,3.23,3.18,3.19,773300,NaN,NaN,NaN,NaN,NaN,NaN,NaN
1558400400,3.2,3.2,3.08,3.1,1138100,NaN,NaN,NaN,NaN,NaN,NaN,NaN
1558573200,3.1,3.14,2.93,2.94,2130200,NaN,NaN,NaN,NaN,NaN,NaN,NaN
1558659600,2.94,3.09,2.92,3.07,1334200,NaN,NaN,NaN,NaN,NaN,NaN,NaN
1558918800,3.08,3.11,3.06,3.07,1145700,NaN,NaN,NaN,NaN,NaN,NaN,NaN
1559005200,3.06,3.07,3,3.03,347900,NaN,NaN,NaN,NaN,NaN,NaN,NaN
1559091600,3.05,3.06,3.01,3.01,431900,NaN,NaN,NaN,NaN,NaN,NaN,NaN
1559178000,3.01,3.04,2.96,2.98,996500,NaN,NaN,NaN,NaN,NaN,NaN,NaN
1559264400,3,3.03,2.98,3,669500,NaN,NaN,NaN,NaN,NaN,NaN,NaN
1559523600,3.03,3.03,2.97,2.98,380500,NaN,NaN,NaN,NaN,NaN,NaN,NaN
1559610000,3,3.01,2.98,3,420100,NaN,NaN,NaN,NaN,NaN,NaN,NaN
1559869200,3,3.03,2.98,2.99,812300,NaN,NaN,NaN,NaN,NaN,NaN,NaN
1560128400,3.01,3.03,2.99,3,1914600,NaN,NaN,NaN,NaN,NaN,NaN,NaN
1560214800,3.01,3.02,2.99,3.01,924400,NaN,NaN,NaN,NaN,NaN,NaN,NaN
1560301200,3.01,3.01,2.98,2.99,773600,NaN,NaN,NaN,NaN,NaN,NaN,NaN
1560387600,3,3.1,3,3.07,1757400,NaN,NaN,NaN,NaN,NaN,NaN,NaN
1560474000,3.08,3.08,3.01,3.01,767100,NaN,NaN,NaN,NaN,NaN,NaN,NaN
1560733200,3.01,3.05,3,3,296100,NaN,NaN,NaN,NaN,NaN,NaN,NaN
1560819600,3,3.01,2.99,3,694200,NaN,NaN,NaN,NaN,NaN,NaN,NaN
1560906000,3.01,3.02,3,3,1179300,NaN,NaN,NaN,NaN,NaN,NaN,NaN
1560992400,3.01,3.01,3,3,796700,NaN,NaN,NaN,NaN,NaN,NaN,NaN
1561078800,3.01,3.04,3,3,1630100,NaN,NaN,NaN,NaN,NaN,NaN,NaN
1561338000,3.02,3.02,3,3.01,339700,NaN,NaN,NaN,NaN,NaN,NaN,NaN
1561424400,3.01,3.01,2.99,3,511800,NaN,NaN,NaN,NaN,NaN,NaN,NaN
1561510800,3,3,2.99,3,446200,NaN,NaN,NaN,NaN,NaN,NaN,NaN
1561597200,3.01,3.01,2.97,2.97,896400,NaN,NaN,NaN,NaN,NaN,NaN,NaN
1561683600,2.97,2.99,2.96,2.98,201500,2272983500,13161635000,1389724000,71306000,2127154000,11749494000,5.70469798657718
1561942800,2.99,3,2.98,2.98,407500,NaN,NaN,NaN,NaN,NaN,NaN,NaN
1562029200,2.99,2.99,2.93,2.96,1441400,NaN,NaN,NaN,NaN,NaN,NaN,NaN
1562115600,2.96,2.96,2.93,2.93,952000,NaN,NaN,NaN,NaN,NaN,NaN,NaN
1562202000,2.93,2.95,2.92,2.93,920300,NaN,NaN,NaN,NaN,NaN,NaN,NaN
1562288400,2.93,2.94,2.92,2.93,627200,NaN,NaN,NaN,NaN,NaN,NaN,NaN
1562547600,2.94,2.94,2.92,2.94,415100,NaN,NaN,NaN,NaN,NaN,NaN,NaN
1562634000,2.95,2.95,2.92,2.93,289200,NaN,NaN,NaN,NaN,NaN,NaN,NaN
1562720400,2.93,2.98,2.93,2.95,1020800,NaN,NaN,NaN,NaN,NaN,NaN,NaN
1562806800,2.95,2.98,2.95,2.96,731300,NaN,NaN,NaN,NaN,NaN,NaN,NaN
1562893200,2.98,2.98,2.95,2.96,1126800,NaN,NaN,NaN,NaN,NaN,NaN,NaN
1563152400,2.97,2.98,2.95,2.95,583800,NaN,NaN,NaN,NaN,NaN,NaN,NaN
1563238800,2.95,2.97,2.93,2.93,830600,NaN,NaN,NaN,NaN,NaN,NaN,NaN
1563325200,2.94,2.94,2.92,2.93,423800,NaN,NaN,NaN,NaN,NaN,NaN,NaN
1563411600,2.93,2.93,2.86,2.88,1128800,NaN,NaN,NaN,NaN,NaN,NaN,NaN
1563498000,2.88,2.91,2.86,2.86,709400,NaN,NaN,NaN,NaN,NaN,NaN,NaN
1563757200,2.87,2.92,2.86,2.91,415000,NaN,NaN,NaN,NaN,NaN,NaN,NaN
1563843600,2.91,2.91,2.88,2.88,333000,NaN,NaN,NaN,NaN,NaN,NaN,NaN
1563930000,2.9,2.91,2.88,2.89,531300,NaN,NaN,NaN,NaN,NaN,NaN,NaN
1564016400,2.9,2.9,2.87,2.88,825700,NaN,NaN,NaN,NaN,NaN,NaN,NaN
1564102800,2.87,2.88,2.83,2.83,982200,NaN,NaN,NaN,NaN,NaN,NaN,NaN
1564362000,2.85,2.86,2.84,2.84,441900,NaN,NaN,NaN,NaN,NaN,NaN,NaN
1564534800,2.85,2.85,2.81,2.83,859800,NaN,NaN,NaN,NaN,NaN,NaN,NaN
1564621200,2.83,2.83,2.77,2.79,962100,NaN,NaN,NaN,NaN,NaN,NaN,NaN
1564707600,2.77,2.77,2.7,2.71,953800,NaN,NaN,NaN,NaN,NaN,NaN,NaN
1564966800,2.71,2.71,2.65,2.66,683600,NaN,NaN,NaN,NaN,NaN,NaN,NaN
1565053200,2.63,2.63,2.6,2.62,1013900,NaN,NaN,NaN,NaN,NaN,NaN,NaN
1565139600,2.62,2.62,2.57,2.58,662200,NaN,NaN,NaN,NaN,NaN,NaN,NaN
1565226000,2.57,2.59,2.5,2.5,1596100,NaN,NaN,NaN,NaN,NaN,NaN,NaN
1565312400,2.54,2.64,2.53,2.63,809600,NaN,NaN,NaN,NaN,NaN,NaN,NaN
1565658000,2.67,2.8,2.63,2.66,1668100,NaN,NaN,NaN,NaN,NaN,NaN,NaN
1565744400,2.7,2.73,2.58,2.59,1082900,NaN,NaN,NaN,NaN,NaN,NaN,NaN
1565830800,2.53,2.57,2.53,2.53,1483700,NaN,NaN,NaN,NaN,NaN,NaN,NaN
1565917200,2.55,2.6,2.53,2.56,543800,NaN,NaN,NaN,NaN,NaN,NaN,NaN
1566176400,2.54,2.57,2.53,2.54,348500,NaN,NaN,NaN,NaN,NaN,NaN,NaN
1566262800,2.54,2.59,2.53,2.55,752900,NaN,NaN,NaN,NaN,NaN,NaN,NaN
1566349200,2.54,2.55,2.5,2.51,794900,NaN,NaN,NaN,NaN,NaN,NaN,NaN
1566435600,2.51,2.54,2.51,2.51,259000,NaN,NaN,NaN,NaN,NaN,NaN,NaN
1566522000,2.51,2.52,2.5,2.51,435500,NaN,NaN,NaN,NaN,NaN,NaN,NaN
1566781200,2.51,2.54,2.5,2.51,662200,NaN,NaN,NaN,NaN,NaN,NaN,NaN
1566867600,2.54,2.54,2.51,2.52,153100,NaN,NaN,NaN,NaN,NaN,NaN,NaN
1566954000,2.52,2.53,2.5,2.5,224200,NaN,NaN,NaN,NaN,NaN,NaN,NaN
1567040400,2.51,2.52,2.46,2.47,576200,NaN,NaN,NaN,NaN,NaN,NaN,NaN
1567126800,2.47,2.5,2.46,2.49,131500,NaN,NaN,NaN,NaN,NaN,NaN,NaN
1567472400,2.49,2.52,2.47,2.48,152900,NaN,NaN,NaN,NaN,NaN,NaN,NaN
1567558800,2.49,2.52,2.49,2.5,334500,NaN,NaN,NaN,NaN,NaN,NaN,NaN
1567645200,2.5,2.53,2.49,2.49,392900,NaN,NaN,NaN,NaN,NaN,NaN,NaN
1567731600,2.54,2.7,2.54,2.65,1787100,NaN,NaN,NaN,NaN,NaN,NaN,NaN
1568077200,2.66,2.69,2.64,2.64,1671700,NaN,NaN,NaN,NaN,NaN,NaN,NaN
1568163600,2.64,2.64,2.6,2.62,374500,NaN,NaN,NaN,NaN,NaN,NaN,NaN
1568250000,2.6,2.68,2.6,2.65,1514500,NaN,NaN,NaN,NaN,NaN,NaN,NaN
1568336400,2.66,2.71,2.64,2.64,1358000,NaN,NaN,NaN,NaN,NaN,NaN,NaN
1568682000,2.66,2.78,2.66,2.75,1202900,NaN,NaN,NaN,NaN,NaN,NaN,NaN
1568768400,2.75,2.85,2.75,2.78,1679800,NaN,NaN,NaN,NaN,NaN,NaN,NaN
1568854800,2.78,2.78,2.74,2.74,387200,NaN,NaN,NaN,NaN,NaN,NaN,NaN
1568941200,2.74,2.77,2.66,2.66,1463700,NaN,NaN,NaN,NaN,NaN,NaN,NaN
1569200400,2.7,2.76,2.68,2.76,839300,NaN,NaN,NaN,NaN,NaN,NaN,NaN
1569286800,2.76,2.78,2.74,2.76,390300,NaN,NaN,NaN,NaN,NaN,NaN,NaN
1569373200,2.76,2.77,2.72,2.73,981800,NaN,NaN,NaN,NaN,NaN,NaN,NaN
1569459600,2.73,2.74,2.72,2.73,81500,NaN,NaN,NaN,NaN,NaN,NaN,NaN
1569546000,2.73,2.76,2.73,2.75,507300,NaN,NaN,NaN,NaN,NaN,NaN,NaN
1569805200,2.75,2.75,2.66,2.68,719100,2272983500,13312423000,1347213000,70763000,2166989000,11942365000,6.34328358208955
1569891600,2.66,2.67,2.65,2.65,198700,NaN,NaN,NaN,NaN,NaN,NaN,NaN
1569978000,2.65,2.69,2.64,2.65,343700,NaN,NaN,NaN,NaN,NaN,NaN,NaN
1570064400,2.66,2.66,2.54,2.62,410300,NaN,NaN,NaN,NaN,NaN,NaN,NaN
1570150800,2.65,2.65,2.6,2.63,155700,NaN,NaN,NaN,NaN,NaN,NaN,NaN
1570410000,2.62,2.62,2.58,2.58,327100,NaN,NaN,NaN,NaN,NaN,NaN,NaN
1570496400,2.6,2.62,2.56,2.58,205200,NaN,NaN,NaN,NaN,NaN,NaN,NaN
1570582800,2.6,2.6,2.53,2.56,266600,NaN,NaN,NaN,NaN,NaN,NaN,NaN
1570669200,2.55,2.58,2.55,2.57,117300,NaN,NaN,NaN,NaN,NaN,NaN,NaN
1570755600,2.58,2.65,2.56,2.62,182400,NaN,NaN,NaN,NaN,NaN,NaN,NaN
1571014800,2.6,2.65,2.59,2.6,211400,NaN,NaN,NaN,NaN,NaN,NaN,NaN
1571101200,2.6,2.63,2.58,2.59,275800,NaN,NaN,NaN,NaN,NaN,NaN,NaN
1571187600,2.59,2.63,2.59,2.6,1010100,NaN,NaN,NaN,NaN,NaN,NaN,NaN
1571274000,2.6,2.6,2.58,2.58,482300,NaN,NaN,NaN,NaN,NaN,NaN,NaN
1571360400,2.58,2.58,2.48,2.48,3185900,NaN,NaN,NaN,NaN,NaN,NaN,NaN
1571619600,2.48,2.49,2.46,2.48,634200,NaN,NaN,NaN,NaN,NaN,NaN,NaN
1571706000,2.48,2.52,2.48,2.51,263000,NaN,NaN,NaN,NaN,NaN,NaN,NaN
1571792400,2.51,2.52,2.48,2.5,495500,NaN,NaN,NaN,NaN,NaN,NaN,NaN
1571878800,2.51,2.51,2.48,2.48,516500,NaN,NaN,NaN,NaN,NaN,NaN,NaN
1571965200,2.48,2.5,2.48,2.5,129300,NaN,NaN,NaN,NaN,NaN,NaN,NaN
1572310800,2.5,2.52,2.5,2.51,240600,NaN,NaN,NaN,NaN,NaN,NaN,NaN
1572397200,2.51,2.51,2.46,2.48,754300,NaN,NaN,NaN,NaN,NaN,NaN,NaN
1572483600,2.51,2.55,2.48,2.48,869800,NaN,NaN,NaN,NaN,NaN,NaN,NaN
1572570000,2.46,2.47,2.43,2.45,653400,NaN,NaN,NaN,NaN,NaN,NaN,NaN
1572829200,2.45,2.46,2.41,2.44,679300,NaN,NaN,NaN,NaN,NaN,NaN,NaN
1572915600,2.46,2.47,2.43,2.44,904700,NaN,NaN,NaN,NaN,NaN,NaN,NaN
1573002000,2.46,2.46,2.43,2.44,1219700,NaN,NaN,NaN,NaN,NaN,NaN,NaN
1573088400,2.45,2.45,2.43,2.44,485300,NaN,NaN,NaN,NaN,NaN,NaN,NaN
1573174800,2.44,2.47,2.43,2.44,814300,NaN,NaN,NaN,NaN,NaN,NaN,NaN
1573434000,2.45,2.46,2.43,2.44,646000,NaN,NaN,NaN,NaN,NaN,NaN,NaN
1573520400,2.45,2.47,2.44,2.46,310700,NaN,NaN,NaN,NaN,NaN,NaN,NaN
1573606800,2.46,2.46,2.45,2.46,530700,NaN,NaN,NaN,NaN,NaN,NaN,NaN
1573693200,2.45,2.46,2.45,2.45,171000,NaN,NaN,NaN,NaN,NaN,NaN,NaN
1573779600,2.45,2.45,2.44,2.44,227700,NaN,NaN,NaN,NaN,NaN,NaN,NaN
1574038800,2.44,2.46,2.44,2.46,154500,NaN,NaN,NaN,NaN,NaN,NaN,NaN
1574125200,2.46,2.46,2.44,2.46,226400,NaN,NaN,NaN,NaN,NaN,NaN,NaN
1574211600,2.46,2.46,2.44,2.45,280700,NaN,NaN,NaN,NaN,NaN,NaN,NaN
1574298000,2.45,2.45,2.42,2.44,1962300,NaN,NaN,NaN,NaN,NaN,NaN,NaN
1574384400,2.43,2.44,2.43,2.44,2505700,NaN,NaN,NaN,NaN,NaN,NaN,NaN
1574643600,2.43,2.44,2.41,2.41,399200,NaN,NaN,NaN,NaN,NaN,NaN,NaN
1574730000,2.41,2.44,2.41,2.42,271300,NaN,NaN,NaN,NaN,NaN,NaN,NaN
1574816400,2.42,2.43,2.41,2.42,66800,NaN,NaN,NaN,NaN,NaN,NaN,NaN
1574902800,2.42,2.42,2.3,2.34,1227700,NaN,NaN,NaN,NaN,NaN,NaN,NaN
1574989200,2.34,2.34,2.3,2.32,477600,NaN,NaN,NaN,NaN,NaN,NaN,NaN
1575248400,2.32,2.35,2.32,2.33,276900,NaN,NaN,NaN,NaN,NaN,NaN,NaN
1575334800,2.33,2.33,2.28,2.29,719300,NaN,NaN,NaN,NaN,NaN,NaN,NaN
1575421200,2.28,2.28,2.24,2.25,873200,NaN,NaN,NaN,NaN,NaN,NaN,NaN
1575507600,2.25,2.28,2.25,2.26,282100,NaN,NaN,NaN,NaN,NaN,NaN,NaN
1575594000,2.27,2.27,2.24,2.25,202500,NaN,NaN,NaN,NaN,NaN,NaN,NaN
1575853200,2.24,2.25,2.23,2.23,524300,NaN,NaN,NaN,NaN,NaN,NaN,NaN
1575939600,2.25,2.26,2.24,2.24,174700,NaN,NaN,NaN,NaN,NaN,NaN,NaN
1576026000,2.24,2.3,2.24,2.28,253700,NaN,NaN,NaN,NaN,NaN,NaN,NaN
1576112400,2.28,2.32,2.26,2.3,217100,NaN,NaN,NaN,NaN,NaN,NaN,NaN
1576198800,2.32,2.44,2.29,2.32,1472700,NaN,NaN,NaN,NaN,NaN,NaN,NaN
1576458000,2.33,2.41,2.33,2.41,684100,NaN,NaN,NaN,NaN,NaN,NaN,NaN
1576544400,2.39,2.4,2.34,2.35,468400,NaN,NaN,NaN,NaN,NaN,NaN,NaN
1576630800,2.38,2.38,2.35,2.36,219700,NaN,NaN,NaN,NaN,NaN,NaN,NaN
1576717200,2.37,2.38,2.34,2.35,139200,NaN,NaN,NaN,NaN,NaN,NaN,NaN
1576803600,2.38,2.38,2.35,2.38,280800,NaN,NaN,NaN,NaN,NaN,NaN,NaN
1577062800,2.36,2.38,2.36,2.37,85200,NaN,NaN,NaN,NaN,NaN,NaN,NaN
1577149200,2.36,2.39,2.34,2.37,207800,NaN,NaN,NaN,NaN,NaN,NaN,NaN
1577322000,2.37,2.37,2.36,2.37,143900,NaN,NaN,NaN,NaN,NaN,NaN,NaN
1577408400,2.35,2.39,2.35,2.38,282200,NaN,NaN,NaN,NaN,NaN,NaN,NaN
1577667600,2.37,2.43,2.36,2.4,379300,NaN,NaN,NaN,NaN,NaN,NaN,NaN
1577754000,2.4,2.43,2.39,2.41,1702000,2272984000,13858649000,1579425000,-10205000,1973885000,11961640000,2.9045643153527
1577926800,2.43,2.5,2.43,2.48,1071500,NaN,NaN,NaN,NaN,NaN,NaN,NaN
1578013200,2.48,2.48,2.41,2.41,882800,NaN,NaN,NaN,NaN,NaN,NaN,NaN
1578272400,2.4,2.4,2.37,2.38,373400,NaN,NaN,NaN,NaN,NaN,NaN,NaN
1578358800,2.38,2.4,2.37,2.38,154200,NaN,NaN,NaN,NaN,NaN,NaN,NaN
1578445200,2.37,2.38,2.32,2.34,468300,NaN,NaN,NaN,NaN,NaN,NaN,NaN
1578531600,2.34,2.39,2.34,2.39,132800,NaN,NaN,NaN,NaN,NaN,NaN,NaN
1578618000,2.39,2.4,2.37,2.38,128100,NaN,NaN,NaN,NaN,NaN,NaN,NaN
1578877200,2.37,2.39,2.37,2.38,131600,NaN,NaN,NaN,NaN,NaN,NaN,NaN
1578963600,2.37,2.37,2.35,2.35,283900,NaN,NaN,NaN,NaN,NaN,NaN,NaN
1579050000,2.35,2.36,2.33,2.35,308200,NaN,NaN,NaN,NaN,NaN,NaN,NaN
1579136400,2.35,2.35,2.32,2.34,180500,NaN,NaN,NaN,NaN,NaN,NaN,NaN
1579222800,2.32,2.32,2.3,2.31,485600,NaN,NaN,NaN,NaN,NaN,NaN,NaN
1579482000,2.29,2.31,2.29,2.31,194500,NaN,NaN,NaN,NaN,NaN,NaN,NaN
1579568400,2.3,2.3,2.25,2.25,1325100,NaN,NaN,NaN,NaN,NaN,NaN,NaN
1579654800,2.25,2.25,2.23,2.25,244400,NaN,NaN,NaN,NaN,NaN,NaN,NaN
1579741200,2.25,2.26,2.21,2.23,313100,NaN,NaN,NaN,NaN,NaN,NaN,NaN
1579827600,2.22,2.25,2.22,2.25,99600,NaN,NaN,NaN,NaN,NaN,NaN,NaN
1580173200,2.22,2.22,2.18,2.18,877700,NaN,NaN,NaN,NaN,NaN,NaN,NaN
1580259600,2.18,2.18,2.14,2.16,819900,NaN,NaN,NaN,NaN,NaN,NaN,NaN
1580346000,2.16,2.37,2.15,2.23,4634100,NaN,NaN,NaN,NaN,NaN,NaN,NaN
1580432400,2.24,2.24,2.05,2.05,4610400,NaN,NaN,NaN,NaN,NaN,NaN,NaN
1580691600,1.99,1.99,1.89,1.93,2587500,NaN,NaN,NaN,NaN,NaN,NaN,NaN
1580778000,1.93,1.94,1.83,1.84,3044400,NaN,NaN,NaN,NaN,NaN,NaN,NaN
1580864400,1.86,1.86,1.79,1.81,2435100,NaN,NaN,NaN,NaN,NaN,NaN,NaN
1580950800,1.81,1.84,1.81,1.83,1369700,NaN,NaN,NaN,NaN,NaN,NaN,NaN
1581037200,1.83,1.83,1.79,1.8,2362600,NaN,NaN,NaN,NaN,NaN,NaN,NaN
1581296400,1.8,1.81,1.76,1.77,1741700,NaN,NaN,NaN,NaN,NaN,NaN,NaN
1581382800,1.76,1.78,1.75,1.76,2095000,NaN,NaN,NaN,NaN,NaN,NaN,NaN
1581469200,1.77,1.93,1.76,1.87,10053600,NaN,NaN,NaN,NaN,NaN,NaN,NaN
1581555600,1.9,1.91,1.8,1.81,3515700,NaN,NaN,NaN,NaN,NaN,NaN,NaN
1581642000,1.82,1.84,1.79,1.81,4395400,NaN,NaN,NaN,NaN,NaN,NaN,NaN
1581901200,1.82,1.86,1.8,1.82,4766000,NaN,NaN,NaN,NaN,NaN,NaN,NaN
1581987600,1.82,1.84,1.76,1.77,3836800,NaN,NaN,NaN,NaN,NaN,NaN,NaN
1582074000,1.78,1.78,1.76,1.77,1931400,NaN,NaN,NaN,NaN,NaN,NaN,NaN
1582160400,1.77,1.81,1.77,1.78,1539600,NaN,NaN,NaN,NaN,NaN,NaN,NaN
1582246800,1.78,1.8,1.76,1.78,1531000,NaN,NaN,NaN,NaN,NaN,NaN,NaN
1582506000,1.75,1.75,1.7,1.71,2969000,NaN,NaN,NaN,NaN,NaN,NaN,NaN
1582592400,1.69,1.74,1.67,1.72,1436200,NaN,NaN,NaN,NaN,NaN,NaN,NaN
1582678800,1.7,1.73,1.69,1.7,1150200,NaN,NaN,NaN,NaN,NaN,NaN,NaN
1582765200,1.7,1.72,1.65,1.65,2586700,NaN,NaN,NaN,NaN,NaN,NaN,NaN
1582851600,1.64,1.65,1.58,1.58,2997800,NaN,NaN,NaN,NaN,NaN,NaN,NaN
1583110800,1.56,1.59,1.5,1.56,1006000,NaN,NaN,NaN,NaN,NaN,NaN,NaN
1583197200,1.64,1.64,1.57,1.6,833000,NaN,NaN,NaN,NaN,NaN,NaN,NaN
1583283600,1.6,1.68,1.58,1.66,983500,NaN,NaN,NaN,NaN,NaN,NaN,NaN
1583370000,1.66,1.68,1.63,1.63,1049800,NaN,NaN,NaN,NaN,NaN,NaN,NaN
1583456400,1.63,1.64,1.57,1.58,1080800,NaN,NaN,NaN,NaN,NaN,NaN,NaN
1583715600,1.58,1.58,1.44,1.44,4393600,NaN,NaN,NaN,NaN,NaN,NaN,NaN
1583802000,1.44,1.52,1.43,1.46,5034800,NaN,NaN,NaN,NaN,NaN,NaN,NaN
1583888400,1.48,1.5,1.45,1.45,3574400,NaN,NaN,NaN,NaN,NaN,NaN,NaN
1583974800,1.45,1.45,1.39,1.39,2654800,NaN,NaN,NaN,NaN,NaN,NaN,NaN
1584061200,1.35,1.38,1.3,1.38,2548300,NaN,NaN,NaN,NaN,NaN,NaN,NaN
1584320400,1.35,1.35,1.23,1.23,3523700,NaN,NaN,NaN,NaN,NaN,NaN,NaN
1584406800,1.19,1.19,1.12,1.12,6023700,NaN,NaN,NaN,NaN,NaN,NaN,NaN
1584493200,1.13,1.14,1.02,1.03,7910100,NaN,NaN,NaN,NaN,NaN,NaN,NaN
1584579600,1.01,1.02,0.975,0.985,9585800,NaN,NaN,NaN,NaN,NaN,NaN,NaN
1584666000,0.99,1.28,0.985,1.15,17783700,NaN,NaN,NaN,NaN,NaN,NaN,NaN
1584925200,1.02,1.13,1.01,1.03,7910200,NaN,NaN,NaN,NaN,NaN,NaN,NaN
1585011600,1.09,1.2,1.07,1.17,11093900,NaN,NaN,NaN,NaN,NaN,NaN,NaN
1585098000,1.25,1.28,1.11,1.2,11384600,NaN,NaN,NaN,NaN,NaN,NaN,NaN
1585184400,1.21,1.23,1.15,1.18,4239400,NaN,NaN,NaN,NaN,NaN,NaN,NaN
1585270800,1.23,1.25,1.16,1.17,7909400,NaN,NaN,NaN,NaN,NaN,NaN,NaN
1585530000,1.15,1.17,1.12,1.13,10037500,NaN,NaN,NaN,NaN,NaN,NaN,NaN
1585616400,1.15,1.18,1.14,1.16,8962800,2272984000,14313751000,1564622000,-242713000,1461834000,12304561000,6.03448275862069
1585702800,1.15,1.22,1.13,1.15,10623200,NaN,NaN,NaN,NaN,NaN,NaN,NaN
1585789200,1.15,1.21,1.14,1.18,8498100,NaN,NaN,NaN,NaN,NaN,NaN,NaN
1585875600,1.22,1.24,1.17,1.18,5034900,NaN,NaN,NaN,NaN,NaN,NaN,NaN
1586134800,1.19,1.23,1.18,1.2,13436000,NaN,NaN,NaN,NaN,NaN,NaN,NaN
1586221200,1.23,1.3,1.21,1.27,23584400,NaN,NaN,NaN,NaN,NaN,NaN,NaN
1586307600,1.25,1.36,1.23,1.28,23526200,NaN,NaN,NaN,NaN,NaN,NaN,NaN
1586394000,1.32,1.33,1.27,1.28,10369400,NaN,NaN,NaN,NaN,NaN,NaN,NaN
1586480400,1.29,1.29,1.22,1.24,11105000,NaN,NaN,NaN,NaN,NaN,NaN,NaN
1586739600,1.23,1.24,1.21,1.21,8740400,NaN,NaN,NaN,NaN,NaN,NaN,NaN
1586826000,1.22,1.26,1.22,1.24,13012300,NaN,NaN,NaN,NaN,NaN,NaN,NaN
1586912400,1.26,1.35,1.25,1.3,24907900,NaN,NaN,NaN,NaN,NaN,NaN,NaN
1586998800,1.3,1.51,1.3,1.5,45366300,NaN,NaN,NaN,NaN,NaN,NaN,NaN
1587085200,1.54,1.67,1.54,1.58,47277200,NaN,NaN,NaN,NaN,NaN,NaN,NaN
1587344400,1.62,1.64,1.53,1.54,29752600,NaN,NaN,NaN,NaN,NaN,NaN,NaN
1587430800,1.52,1.6,1.48,1.59,19017300,NaN,NaN,NaN,NaN,NaN,NaN,NaN
1587517200,1.55,1.58,1.53,1.55,26038700,NaN,NaN,NaN,NaN,NaN,NaN,NaN
1587603600,1.58,1.63,1.54,1.55,27377900,NaN,NaN,NaN,NaN,NaN,NaN,NaN
1587690000,1.54,1.56,1.51,1.52,10906200,NaN,NaN,NaN,NaN,NaN,NaN,NaN
1587949200,1.54,1.55,1.51,1.52,9991300,NaN,NaN,NaN,NaN,NaN,NaN,NaN
1588035600,1.53,1.55,1.49,1.49,10162700,NaN,NaN,NaN,NaN,NaN,NaN,NaN
1588122000,1.5,1.59,1.49,1.54,40337500,NaN,NaN,NaN,NaN,NaN,NaN,NaN
1588208400,1.58,1.79,1.56,1.7,68030200,NaN,NaN,NaN,NaN,NaN,NaN,NaN
1588554000,1.66,1.73,1.61,1.69,16346300,NaN,NaN,NaN,NaN,NaN,NaN,NaN
1588640400,1.71,1.83,1.71,1.81,21300800,NaN,NaN,NaN,NaN,NaN,NaN,NaN
1588726800,1.83,1.85,1.79,1.82,16253300,NaN,NaN,NaN,NaN,NaN,NaN,NaN
1588899600,1.78,1.85,1.77,1.81,24959500,NaN,NaN,NaN,NaN,NaN,NaN,NaN
1589245200,1.83,1.94,1.76,1.92,19702100,NaN,NaN,NaN,NaN,NaN,NaN,NaN
1589331600,1.92,1.92,1.84,1.86,14064200,NaN,NaN,NaN,NaN,NaN,NaN,NaN
1589418000,1.85,1.87,1.74,1.81,10666400,NaN,NaN,NaN,NaN,NaN,NaN,NaN
1589504400,1.82,1.87,1.82,1.82,5531100,NaN,NaN,NaN,NaN,NaN,NaN,NaN
1589763600,1.82,1.83,1.79,1.79,6927000,NaN,NaN,NaN,NaN,NaN,NaN,NaN
1589850000,1.8,1.83,1.73,1.77,6885100,NaN,NaN,NaN,NaN,NaN,NaN,NaN
1589936400,1.77,1.84,1.76,1.82,4790500,NaN,NaN,NaN,NaN,NaN,NaN,NaN
1590022800,1.85,1.92,1.84,1.86,7452300,NaN,NaN,NaN,NaN,NaN,NaN,NaN
1590109200,1.86,1.87,1.8,1.81,4868300,NaN,NaN,NaN,NaN,NaN,NaN,NaN
1590541200,1.86,1.95,1.84,1.94,9818800,NaN,NaN,NaN,NaN,NaN,NaN,NaN
1590627600,1.97,2.31,1.97,2.31,18654500,NaN,NaN,NaN,NaN,NaN,NaN,NaN
1590714000,2.34,2.56,2.27,2.42,26023100,NaN,NaN,NaN,NaN,NaN,NaN,NaN
1590973200,2.4,2.47,2.33,2.34,6742400,NaN,NaN,NaN,NaN,NaN,NaN,NaN
1591059600,2.33,2.34,2.17,2.19,8531000,NaN,NaN,NaN,NaN,NaN,NaN,NaN
1591146000,2.2,2.26,2.1,2.25,12448300,NaN,NaN,NaN,NaN,NaN,NaN,NaN
1591232400,2.25,2.42,2.21,2.29,12249400,NaN,NaN,NaN,NaN,NaN,NaN,NaN
1591318800,2.26,2.28,2.05,2.11,22402500,NaN,NaN,NaN,NaN,NaN,NaN,NaN
1591664400,2.15,2.17,2.09,2.11,7047700,NaN,NaN,NaN,NaN,NaN,NaN,NaN
1591750800,2.11,2.14,2,2.01,11053100,NaN,NaN,NaN,NaN,NaN,NaN,NaN
1591837200,2.01,2.06,1.85,1.88,14382300,NaN,NaN,NaN,NaN,NaN,NaN,NaN
1591923600,1.75,1.96,1.7,1.95,11986900,NaN,NaN,NaN,NaN,NaN,NaN,NaN
1592182800,1.95,1.96,1.75,1.75,9233000,NaN,NaN,NaN,NaN,NaN,NaN,NaN
1592269200,1.82,1.89,1.8,1.82,8167400,NaN,NaN,NaN,NaN,NaN,NaN,NaN
1592355600,1.84,1.87,1.81,1.81,4704300,NaN,NaN,NaN,NaN,NaN,NaN,NaN
1592442000,1.81,1.82,1.77,1.79,2935600,NaN,NaN,NaN,NaN,NaN,NaN,NaN
1592528400,1.8,1.85,1.79,1.8,5447400,NaN,NaN,NaN,NaN,NaN,NaN,NaN
1592787600,1.82,1.84,1.78,1.8,3784800,NaN,NaN,NaN,NaN,NaN,NaN,NaN
1592874000,1.8,1.82,1.77,1.78,3295200,NaN,NaN,NaN,NaN,NaN,NaN,NaN
1592960400,1.79,1.81,1.76,1.77,3478400,NaN,NaN,NaN,NaN,NaN,NaN,NaN
1593046800,1.76,1.79,1.72,1.74,5112200,NaN,NaN,NaN,NaN,NaN,NaN,NaN
1593133200,1.76,1.79,1.76,1.78,1745800,NaN,NaN,NaN,NaN,NaN,NaN,NaN
1593392400,1.78,1.78,1.74,1.74,1888700,NaN,NaN,NaN,NaN,NaN,NaN,NaN
1593478800,1.77,1.82,1.76,1.78,4386500,2272983500,14292345000,1676103000,119624000,1576264000,12140627000,3.93258426966292
1593565200,1.79,1.85,1.79,1.81,4009600,NaN,NaN,NaN,NaN,NaN,NaN,NaN
1593651600,1.82,1.94,1.8,1.93,11777200,NaN,NaN,NaN,NaN,NaN,NaN,NaN
1593738000,1.96,2.09,1.95,2.06,15272100,NaN,NaN,NaN,NaN,NaN,NaN,NaN
1593997200,2.09,2.16,2.09,2.12,11958000,NaN,NaN,NaN,NaN,NaN,NaN,NaN
1594083600,2.13,2.16,2.04,2.05,8144900,NaN,NaN,NaN,NaN,NaN,NaN,NaN
1594170000,2.03,2.13,2.03,2.13,4914100,NaN,NaN,NaN,NaN,NaN,NaN,NaN
1594256400,2.15,2.24,2.1,2.13,11349600,NaN,NaN,NaN,NaN,NaN,NaN,NaN
1594342800,2.13,2.18,2.07,2.08,5447400,NaN,NaN,NaN,NaN,NaN,NaN,NaN
1594602000,2.1,2.21,2.07,2.21,14008500,NaN,NaN,NaN,NaN,NaN,NaN,NaN
1594688400,2.19,2.23,2.1,2.16,13309900,NaN,NaN,NaN,NaN,NaN,NaN,NaN
1594774800,2.18,2.18,2.11,2.14,2772600,NaN,NaN,NaN,NaN,NaN,NaN,NaN
1594861200,2.13,2.17,2.06,2.07,2966400,NaN,NaN,NaN,NaN,NaN,NaN,NaN
1594947600,2.05,2.12,2.05,2.09,3622800,NaN,NaN,NaN,NaN,NaN,NaN,NaN
1595206800,2.08,2.09,2,2.01,4417800,NaN,NaN,NaN,NaN,NaN,NaN,NaN
1595293200,2.03,2.1,2.03,2.05,3765800,NaN,NaN,NaN,NaN,NaN,NaN,NaN
1595379600,2.08,2.08,2.02,2.03,3429400,NaN,NaN,NaN,NaN,NaN,NaN,NaN
1595466000,2.05,2.12,2.02,2.1,6379500,NaN,NaN,NaN,NaN,NaN,NaN,NaN
1595552400,2.11,2.15,2.06,2.12,7075800,NaN,NaN,NaN,NaN,NaN,NaN,NaN
1595811600,2.12,2.18,2.12,2.15,5384200,NaN,NaN,NaN,NaN,NaN,NaN,NaN
1595898000,2.19,2.31,2.16,2.24,13966900,NaN,NaN,NaN,NaN,NaN,NaN,NaN
1595984400,2.27,2.3,2.2,2.23,9915200,NaN,NaN,NaN,NaN,NaN,NaN,NaN
1596070800,2.27,2.31,1.88,2,40254200,NaN,NaN,NaN,NaN,NaN,NaN,NaN
1596416400,1.94,1.97,1.85,1.86,19337900,NaN,NaN,NaN,NaN,NaN,NaN,NaN
1596502800,1.88,1.91,1.81,1.84,8812000,NaN,NaN,NaN,NaN,NaN,NaN,NaN
1596589200,1.86,1.88,1.83,1.84,8392400,NaN,NaN,NaN,NaN,NaN,NaN,NaN
1596675600,1.86,1.86,1.81,1.82,10332700,NaN,NaN,NaN,NaN,NaN,NaN,NaN
1596762000,1.84,1.94,1.83,1.92,12635200,NaN,NaN,NaN,NaN,NaN,NaN,NaN
1597021200,1.93,1.98,1.88,1.89,4639400,NaN,NaN,NaN,NaN,NaN,NaN,NaN
1597107600,1.91,1.93,1.86,1.86,3288700,NaN,NaN,NaN,NaN,NaN,NaN,NaN
1597194000,1.87,1.88,1.81,1.84,3938000,NaN,NaN,NaN,NaN,NaN,NaN,NaN
1597280400,1.85,1.87,1.82,1.83,3065300,NaN,NaN,NaN,NaN,NaN,NaN,NaN
1597366800,1.83,1.83,1.75,1.8,4936000,NaN,NaN,NaN,NaN,NaN,NaN,NaN
1597626000,1.8,1.83,1.78,1.81,1303300,NaN,NaN,NaN,NaN,NaN,NaN,NaN
1597712400,1.82,1.82,1.78,1.79,1618300,NaN,NaN,NaN,NaN,NaN,NaN,NaN
1597798800,1.8,1.87,1.78,1.85,3914000,NaN,NaN,NaN,NaN,NaN,NaN,NaN
1597971600,1.85,1.85,1.82,1.83,1508900,NaN,NaN,NaN,NaN,NaN,NaN,NaN
1598230800,1.83,1.85,1.78,1.79,3372700,NaN,NaN,NaN,NaN,NaN,NaN,NaN
1598317200,1.8,1.81,1.77,1.77,3130000,NaN,NaN,NaN,NaN,NaN,NaN,NaN
1598403600,1.78,1.8,1.75,1.75,3963100,NaN,NaN,NaN,NaN,NaN,NaN,NaN
1598490000,1.76,1.77,1.75,1.76,2535500,NaN,NaN,NaN,NaN,NaN,NaN,NaN
1598576400,1.76,1.82,1.75,1.82,3235400,NaN,NaN,NaN,NaN,NaN,NaN,NaN
1598922000,1.8,1.81,1.75,1.77,1982700,NaN,NaN,NaN,NaN,NaN,NaN,NaN
1599008400,1.75,1.79,1.75,1.77,3172800,NaN,NaN,NaN,NaN,NaN,NaN,NaN
1599094800,1.79,1.81,1.74,1.76,5630400,NaN,NaN,NaN,NaN,NaN,NaN,NaN
1599181200,1.73,1.76,1.72,1.73,2790900,NaN,NaN,NaN,NaN,NaN,NaN,NaN
1599440400,1.73,1.74,1.66,1.69,4358600,NaN,NaN,NaN,NaN,NaN,NaN,NaN
1599526800,1.69,1.74,1.69,1.73,4614100,NaN,NaN,NaN,NaN,NaN,NaN,NaN
1599613200,1.73,1.73,1.69,1.7,1255000,NaN,NaN,NaN,NaN,NaN,NaN,NaN
1599699600,1.7,1.72,1.68,1.69,1621700,NaN,NaN,NaN,NaN,NaN,NaN,NaN
1599786000,1.68,1.72,1.67,1.72,1363100,NaN,NaN,NaN,NaN,NaN,NaN,NaN
1600045200,1.73,1.84,1.73,1.84,5210400,NaN,NaN,NaN,NaN,NaN,NaN,NaN
1600131600,1.84,1.88,1.82,1.86,3560600,NaN,NaN,NaN,NaN,NaN,NaN,NaN
1600304400,1.86,1.87,1.82,1.85,3011900,NaN,NaN,NaN,NaN,NaN,NaN,NaN
1600390800,1.85,1.85,1.81,1.83,1710300,NaN,NaN,NaN,NaN,NaN,NaN,NaN
1600650000,1.83,1.85,1.78,1.8,3495500,NaN,NaN,NaN,NaN,NaN,NaN,NaN
1600736400,1.79,1.84,1.78,1.82,1892500,NaN,NaN,NaN,NaN,NaN,NaN,NaN
1600822800,1.82,1.84,1.77,1.82,1434900,NaN,NaN,NaN,NaN,NaN,NaN,NaN
1600909200,1.81,1.82,1.78,1.8,1209400,NaN,NaN,NaN,NaN,NaN,NaN,NaN
1600995600,1.82,1.97,1.81,1.96,11402300,NaN,NaN,NaN,NaN,NaN,NaN,NaN
1601254800,2.01,2.13,2,2.06,27753700,NaN,NaN,NaN,NaN,NaN,NaN,NaN
1601341200,2.1,2.12,2.02,2.03,7271700,NaN,NaN,NaN,NaN,NaN,NaN,NaN
1601427600,2.04,2.19,2.04,2.13,23586600,2272983500,13916503000,1519726000,169669000,1940593000,11936275000,3.28638497652582
1601514000,2.15,2.23,2.14,2.18,14608700,NaN,NaN,NaN,NaN,NaN,NaN,NaN
1601600400,2.2,2.22,2.1,2.11,8473800,NaN,NaN,NaN,NaN,NaN,NaN,NaN
1601859600,2.13,2.35,2.12,2.27,38048600,NaN,NaN,NaN,NaN,NaN,NaN,NaN
1601946000,2.3,2.32,2.16,2.19,14016900,NaN,NaN,NaN,NaN,NaN,NaN,NaN
1602032400,2.21,2.28,2.19,2.26,8095800,NaN,NaN,NaN,NaN,NaN,NaN,NaN
1602118800,2.27,2.28,2.22,2.23,3908400,NaN,NaN,NaN,NaN,NaN,NaN,NaN
1602205200,2.23,2.24,2.2,2.23,3579500,NaN,NaN,NaN,NaN,NaN,NaN,NaN
1602464400,2.24,2.31,2.23,2.27,8700000,NaN,NaN,NaN,NaN,NaN,NaN,NaN
1602550800,2.27,2.34,2.23,2.28,8396800,NaN,NaN,NaN,NaN,NaN,NaN,NaN
1602637200,2.27,2.39,2.27,2.35,15597900,NaN,NaN,NaN,NaN,NaN,NaN,NaN
1602723600,2.35,2.6,2.35,2.55,30586500,NaN,NaN,NaN,NaN,NaN,NaN,NaN
1602810000,2.55,2.61,2.48,2.51,13030600,NaN,NaN,NaN,NaN,NaN,NaN,NaN
1603069200,2.55,2.64,2.54,2.63,10618600,NaN,NaN,NaN,NaN,NaN,NaN,NaN
1603155600,2.63,2.71,2.59,2.6,9731600,NaN,NaN,NaN,NaN,NaN,NaN,NaN
1603242000,2.6,2.62,2.45,2.46,14320400,NaN,NaN,NaN,NaN,NaN,NaN,NaN
1603328400,2.46,2.5,2.29,2.29,21647200,NaN,NaN,NaN,NaN,NaN,NaN,NaN
1603414800,2.32,2.35,2.2,2.21,23388900,NaN,NaN,NaN,NaN,NaN,NaN,NaN
1603674000,2.26,2.36,2.17,2.29,11343600,NaN,NaN,NaN,NaN,NaN,NaN,NaN
1603760400,2.3,2.4,2.3,2.4,9665800,NaN,NaN,NaN,NaN,NaN,NaN,NaN
1603846800,2.48,2.52,2.01,2.13,89032300,NaN,NaN,NaN,NaN,NaN,NaN,NaN
1604019600,2.12,2.13,2.02,2.08,14381200,NaN,NaN,NaN,NaN,NaN,NaN,NaN
1604278800,2.05,2.07,2.01,2.05,6841500,NaN,NaN,NaN,NaN,NaN,NaN,NaN
1604365200,2.07,2.13,2.06,2.09,7577900,NaN,NaN,NaN,NaN,NaN,NaN,NaN
1604451600,2.11,2.24,2.11,2.18,7937100,NaN,NaN,NaN,NaN,NaN,NaN,NaN
1604538000,2.2,2.28,2.2,2.25,5774400,NaN,NaN,NaN,NaN,NaN,NaN,NaN
1604624400,2.28,2.3,2.22,2.28,4710600,NaN,NaN,NaN,NaN,NaN,NaN,NaN
1604883600,2.29,2.34,2.29,2.31,2660100,NaN,NaN,NaN,NaN,NaN,NaN,NaN
1604970000,2.29,2.34,2.26,2.31,6771800,NaN,NaN,NaN,NaN,NaN,NaN,NaN
1605056400,2.31,2.37,2.28,2.34,1992400,NaN,NaN,NaN,NaN,NaN,NaN,NaN
1605142800,2.34,2.41,2.33,2.35,2765000,NaN,NaN,NaN,NaN,NaN,NaN,NaN
1605229200,2.36,2.37,2.3,2.32,1082300,NaN,NaN,NaN,NaN,NaN,NaN,NaN
1605488400,2.34,2.35,2.26,2.3,3895300,NaN,NaN,NaN,NaN,NaN,NaN,NaN
1605574800,2.29,2.29,2.25,2.28,2419700,NaN,NaN,NaN,NaN,NaN,NaN,NaN
1605661200,2.28,2.4,2.25,2.4,5170600,NaN,NaN,NaN,NaN,NaN,NaN,NaN
1605747600,2.39,2.46,2.36,2.39,2546300,NaN,NaN,NaN,NaN,NaN,NaN,NaN
1605834000,2.41,2.43,2.37,2.41,5123900,NaN,NaN,NaN,NaN,NaN,NaN,NaN
1606093200,2.43,2.49,2.39,2.46,4027700,NaN,NaN,NaN,NaN,NaN,NaN,NaN
1606179600,2.47,2.53,2.4,2.46,5161900,NaN,NaN,NaN,NaN,NaN,NaN,NaN
1606266000,2.46,2.49,2.45,2.48,3234700,NaN,NaN,NaN,NaN,NaN,NaN,NaN
1606352400,2.48,2.49,2.42,2.47,2256000,NaN,NaN,NaN,NaN,NaN,NaN,NaN
1606438800,2.49,2.53,2.47,2.5,7347700,NaN,NaN,NaN,NaN,NaN,NaN,NaN
1606698000,2.51,2.63,2.51,2.61,7802000,NaN,NaN,NaN,NaN,NaN,NaN,NaN
1606784400,2.61,2.66,2.57,2.63,4590000,NaN,NaN,NaN,NaN,NaN,NaN,NaN
1606870800,2.64,2.78,2.6,2.71,7792500,NaN,NaN,NaN,NaN,NaN,NaN,NaN
1606957200,2.71,2.97,2.71,2.92,9891400,NaN,NaN,NaN,NaN,NaN,NaN,NaN
1607043600,2.96,2.96,2.79,2.86,4109200,NaN,NaN,NaN,NaN,NaN,NaN,NaN
1607302800,2.87,2.95,2.82,2.86,4875900,NaN,NaN,NaN,NaN,NaN,NaN,NaN
1607389200,2.91,2.92,2.83,2.83,3948200,NaN,NaN,NaN,NaN,NaN,NaN,NaN
1607475600,2.85,2.92,2.82,2.85,5563700,NaN,NaN,NaN,NaN,NaN,NaN,NaN
1607562000,2.85,2.89,2.82,2.83,2316200,NaN,NaN,NaN,NaN,NaN,NaN,NaN
1607648400,2.83,2.83,2.76,2.77,5731200,NaN,NaN,NaN,NaN,NaN,NaN,NaN
1607907600,2.77,2.85,2.72,2.8,8555300,NaN,NaN,NaN,NaN,NaN,NaN,NaN
1607994000,2.81,2.82,2.73,2.77,3710400,NaN,NaN,NaN,NaN,NaN,NaN,NaN
1608080400,2.78,2.89,2.7,2.89,6271400,NaN,NaN,NaN,NaN,NaN,NaN,NaN
1608166800,2.9,2.95,2.87,2.91,6572300,NaN,NaN,NaN,NaN,NaN,NaN,NaN
1608253200,2.94,2.98,2.84,2.92,5654300,NaN,NaN,NaN,NaN,NaN,NaN,NaN
1608512400,2.92,2.92,2.85,2.85,2530800,NaN,NaN,NaN,NaN,NaN,NaN,NaN
1608598800,2.84,2.84,2.73,2.8,5494300,NaN,NaN,NaN,NaN,NaN,NaN,NaN
1608685200,2.8,2.88,2.8,2.84,5847500,NaN,NaN,NaN,NaN,NaN,NaN,NaN
1608771600,2.83,2.88,2.81,2.84,2403900,NaN,NaN,NaN,NaN,NaN,NaN,NaN
1609117200,2.84,2.84,2.8,2.82,585000,NaN,NaN,NaN,NaN,NaN,NaN,NaN
1609203600,2.82,2.82,2.75,2.79,2282500,NaN,NaN,NaN,NaN,NaN,NaN,NaN
1609290000,2.79,2.81,2.78,2.79,1487400,NaN,NaN,NaN,NaN,NaN,NaN,NaN
1609376400,2.78,2.83,2.76,2.77,1924800,2272984000,13908220000,1640079000,234724000,1922658000,11799348000,1.18050541516245
1609722000,2.76,2.79,2.67,2.72,2205400,NaN,NaN,NaN,NaN,NaN,NaN,NaN
1609808400,2.7,2.72,2.67,2.68,2760000,NaN,NaN,NaN,NaN,NaN,NaN,NaN
1609894800,2.67,2.72,2.56,2.69,3584600,NaN,NaN,NaN,NaN,NaN,NaN,NaN
1609981200,2.68,2.68,2.57,2.61,2290300,NaN,NaN,NaN,NaN,NaN,NaN,NaN
1610067600,2.61,2.7,2.61,2.65,4811700,NaN,NaN,NaN,NaN,NaN,NaN,NaN
1610326800,2.64,2.7,2.58,2.6,1774200,NaN,NaN,NaN,NaN,NaN,NaN,NaN
1610413200,2.63,2.67,2.52,2.64,2550600,NaN,NaN,NaN,NaN,NaN,NaN,NaN
1610499600,2.65,2.72,2.65,2.67,8931900,NaN,NaN,NaN,NaN,NaN,NaN,NaN
1610586000,2.68,2.87,2.68,2.86,7932700,NaN,NaN,NaN,NaN,NaN,NaN,NaN
1610672400,2.89,2.93,2.83,2.85,5868800,NaN,NaN,NaN,NaN,NaN,NaN,NaN
1610931600,2.83,2.83,2.75,2.8,2895800,NaN,NaN,NaN,NaN,NaN,NaN,NaN
1611018000,2.81,2.84,2.74,2.76,1233200,NaN,NaN,NaN,NaN,NaN,NaN,NaN
1611104400,2.75,2.9,2.74,2.88,5172600,NaN,NaN,NaN,NaN,NaN,NaN,NaN
1611190800,2.91,2.95,2.81,2.86,4302800,NaN,NaN,NaN,NaN,NaN,NaN,NaN
1611277200,2.87,2.87,2.77,2.78,1672200,NaN,NaN,NaN,NaN,NaN,NaN,NaN
1611536400,2.75,2.75,2.64,2.68,7043600,NaN,NaN,NaN,NaN,NaN,NaN,NaN
1611622800,2.68,2.75,2.64,2.65,4111700,NaN,NaN,NaN,NaN,NaN,NaN,NaN
1611709200,2.64,2.67,2.4,2.42,13817500,NaN,NaN,NaN,NaN,NaN,NaN,NaN
1611882000,2.43,2.49,2.35,2.37,8818000,NaN,NaN,NaN,NaN,NaN,NaN,NaN
1612227600,2.37,2.45,2.26,2.26,8922600,NaN,NaN,NaN,NaN,NaN,NaN,NaN
1612314000,2.28,2.43,2.28,2.38,8701900,NaN,NaN,NaN,NaN,NaN,NaN,NaN
1612400400,2.41,2.46,2.36,2.38,3549300,NaN,NaN,NaN,NaN,NaN,NaN,NaN
1612486800,2.38,2.41,2.35,2.38,1156200,NaN,NaN,NaN,NaN,NaN,NaN,NaN
1612746000,2.39,2.43,2.27,2.3,4497400,NaN,NaN,NaN,NaN,NaN,NaN,NaN
1612832400,2.3,2.39,2.3,2.37,5433900,NaN,NaN,NaN,NaN,NaN,NaN,NaN
1612918800,2.37,2.43,2.35,2.39,2776400,NaN,NaN,NaN,NaN,NaN,NaN,NaN
1613005200,2.39,2.4,2.33,2.38,1323000,NaN,NaN,NaN,NaN,NaN,NaN,NaN
1613350800,2.37,2.4,2.31,2.33,4289800,NaN,NaN,NaN,NaN,NaN,NaN,NaN
1613437200,2.33,2.39,2.32,2.36,1972800,NaN,NaN,NaN,NaN,NaN,NaN,NaN
1613523600,2.35,2.37,2.33,2.34,2264300,NaN,NaN,NaN,NaN,NaN,NaN,NaN
1613610000,2.35,2.42,2.34,2.36,3544800,NaN,NaN,NaN,NaN,NaN,NaN,NaN
1613696400,2.36,2.39,2.35,2.37,2020300,NaN,NaN,NaN,NaN,NaN,NaN,NaN
1613955600,2.39,2.39,2.22,2.23,6488800,NaN,NaN,NaN,NaN,NaN,NaN,NaN
1614042000,2.24,2.27,2.12,2.13,8569000,NaN,NaN,NaN,NaN,NaN,NaN,NaN
1614128400,2.14,2.19,2.07,2.08,7499200,NaN,NaN,NaN,NaN,NaN,NaN,NaN
1614214800,2.11,2.33,2.11,2.26,10457400,NaN,NaN,NaN,NaN,NaN,NaN,NaN
1614301200,2.21,2.33,2.19,2.26,7843400,NaN,NaN,NaN,NaN,NaN,NaN,NaN
1614560400,2.28,2.32,2.23,2.26,5963900,NaN,NaN,NaN,NaN,NaN,NaN,NaN
1614646800,2.27,2.3,2.22,2.24,5410400,NaN,NaN,NaN,NaN,NaN,NaN,NaN
1614733200,2.24,2.26,2.21,2.21,4263400,NaN,NaN,NaN,NaN,NaN,NaN,NaN
1614819600,2.22,2.26,2.19,2.2,5205500,NaN,NaN,NaN,NaN,NaN,NaN,NaN
1614906000,2.24,2.26,2.2,2.21,6613900,NaN,NaN,NaN,NaN,NaN,NaN,NaN
1615165200,2.24,2.35,2.24,2.27,11165900,NaN,NaN,NaN,NaN,NaN,NaN,NaN
1615251600,2.31,2.39,2.3,2.37,10846000,NaN,NaN,NaN,NaN,NaN,NaN,NaN
1615338000,2.38,2.43,2.35,2.37,4247400,NaN,NaN,NaN,NaN,NaN,NaN,NaN
1615424400,2.4,2.47,2.38,2.43,6306500,NaN,NaN,NaN,NaN,NaN,NaN,NaN
1615510800,2.45,2.51,2.45,2.49,4649800,NaN,NaN,NaN,NaN,NaN,NaN,NaN
1615770000,2.51,2.56,2.5,2.52,5047800,NaN,NaN,NaN,NaN,NaN,NaN,NaN
1615856400,2.52,2.53,2.43,2.47,4051200,NaN,NaN,NaN,NaN,NaN,NaN,NaN
1615942800,2.49,2.58,2.45,2.58,4096200,NaN,NaN,NaN,NaN,NaN,NaN,NaN
1616029200,2.59,2.74,2.59,2.72,11762900,NaN,NaN,NaN,NaN,NaN,NaN,NaN
1616115600,2.7,2.75,2.67,2.7,5621700,NaN,NaN,NaN,NaN,NaN,NaN,NaN
1616374800,2.7,2.76,2.62,2.62,5325800,NaN,NaN,NaN,NaN,NaN,NaN,NaN
1616461200,2.65,2.67,2.56,2.58,2584200,NaN,NaN,NaN,NaN,NaN,NaN,NaN
1616547600,2.55,2.63,2.54,2.58,3522600,NaN,NaN,NaN,NaN,NaN,NaN,NaN
1616634000,2.58,2.63,2.55,2.55,2492400,NaN,NaN,NaN,NaN,NaN,NaN,NaN
1616720400,2.56,2.62,2.55,2.62,3335200,NaN,NaN,NaN,NaN,NaN,NaN,NaN
1616979600,2.63,2.7,2.62,2.62,3054300,NaN,NaN,NaN,NaN,NaN,NaN,NaN
1617066000,2.66,2.66,2.62,2.64,1386300,NaN,NaN,NaN,NaN,NaN,NaN,NaN
1617152400,2.64,2.64,2.53,2.55,3940200,2272984000,14834934000,1862576000,483819000,2367093000,12466724000,1.28235294117647
1617238800,2.56,2.61,2.56,2.6,1411600,NaN,NaN,NaN,NaN,NaN,NaN,NaN
1617325200,2.61,2.64,2.59,2.6,2676100,NaN,NaN,NaN,NaN,NaN,NaN,NaN
1617584400,2.62,2.62,2.58,2.58,1809400,NaN,NaN,NaN,NaN,NaN,NaN,NaN
1617670800,2.58,2.6,2.49,2.51,4976700,NaN,NaN,NaN,NaN,NaN,NaN,NaN
1617757200,2.51,2.52,2.45,2.5,2908400,NaN,NaN,NaN,NaN,NaN,NaN,NaN
1617843600,2.5,2.51,2.46,2.47,2855700,NaN,NaN,NaN,NaN,NaN,NaN,NaN
1617930000,2.48,2.56,2.48,2.52,6001400,NaN,NaN,NaN,NaN,NaN,NaN,NaN
1618189200,2.55,2.57,2.51,2.54,3728900,NaN,NaN,NaN,NaN,NaN,NaN,NaN
1618275600,2.56,2.63,2.55,2.58,4733500,NaN,NaN,NaN,NaN,NaN,NaN,NaN
1618362000,2.58,2.61,2.55,2.56,3071000,NaN,NaN,NaN,NaN,NaN,NaN,NaN
1618448400,2.56,2.57,2.5,2.51,5255300,NaN,NaN,NaN,NaN,NaN,NaN,NaN
1618534800,2.52,2.55,2.47,2.52,3790000,NaN,NaN,NaN,NaN,NaN,NaN,NaN
1618794000,2.56,2.73,2.55,2.73,19475000,NaN,NaN,NaN,NaN,NaN,NaN,NaN
1618880400,2.73,2.78,2.65,2.7,8614100,NaN,NaN,NaN,NaN,NaN,NaN,NaN
1618966800,2.72,2.78,2.71,2.77,7500500,NaN,NaN,NaN,NaN,NaN,NaN,NaN
1619053200,2.77,2.79,2.68,2.75,9816600,NaN,NaN,NaN,NaN,NaN,NaN,NaN
1619139600,2.75,2.8,2.72,2.76,6412900,NaN,NaN,NaN,NaN,NaN,NaN,NaN
1619398800,2.79,2.84,2.77,2.81,8499600,NaN,NaN,NaN,NaN,NaN,NaN,NaN
1619485200,2.83,2.92,2.82,2.91,15115800,NaN,NaN,NaN,NaN,NaN,NaN,NaN
1619571600,2.93,3.29,2.76,2.99,83260600,NaN,NaN,NaN,NaN,NaN,NaN,NaN
1619744400,3.05,3.37,3.02,3.23,58170700,NaN,NaN,NaN,NaN,NaN,NaN,NaN
1620003600,3.25,3.32,3.19,3.21,13346700,NaN,NaN,NaN,NaN,NaN,NaN,NaN
1620090000,3.21,3.45,3.16,3.39,17177900,NaN,NaN,NaN,NaN,NaN,NaN,NaN
1620176400,3.42,3.48,3.33,3.37,10458200,NaN,NaN,NaN,NaN,NaN,NaN,NaN
1620262800,3.36,3.46,3.26,3.42,10415200,NaN,NaN,NaN,NaN,NaN,NaN,NaN
1620349200,3.43,3.51,3.41,3.45,10383800,NaN,NaN,NaN,NaN,NaN,NaN,NaN
1620608400,3.45,3.54,3.42,3.5,7872300,NaN,NaN,NaN,NaN,NaN,NaN,NaN
1620694800,3.49,3.5,3.2,3.2,14679300,NaN,NaN,NaN,NaN,NaN,NaN,NaN
1620781200,3.18,3.39,3.16,3.38,7343100,NaN,NaN,NaN,NaN,NaN,NaN,NaN
1621213200,3.35,3.36,3.12,3.2,8748200,NaN,NaN,NaN,NaN,NaN,NaN,NaN
1621299600,3.2,3.26,3.16,3.21,6332100,NaN,NaN,NaN,NaN,NaN,NaN,NaN
1621386000,3.22,3.22,3.01,3.05,8340300,NaN,NaN,NaN,NaN,NaN,NaN,NaN
1621472400,3.05,3.13,2.9,2.9,7675900,NaN,NaN,NaN,NaN,NaN,NaN,NaN
1621558800,2.9,3.05,2.83,3.05,9100000,NaN,NaN,NaN,NaN,NaN,NaN,NaN
1621818000,3.09,3.18,3.06,3.16,5184700,NaN,NaN,NaN,NaN,NaN,NaN,NaN
1621904400,3.16,3.23,3.07,3.1,6747100,NaN,NaN,NaN,NaN,NaN,NaN,NaN
1622077200,3.1,3.14,3,3.09,3908200,NaN,NaN,NaN,NaN,NaN,NaN,NaN
1622163600,3.08,3.1,3.03,3.04,3894600,NaN,NaN,NaN,NaN,NaN,NaN,NaN
1622422800,2.95,3.02,2.85,2.99,4223300,NaN,NaN,NaN,NaN,NaN,NaN,NaN
1622509200,3,3.18,2.96,3.15,11527700,NaN,NaN,NaN,NaN,NaN,NaN,NaN
1622595600,3.17,3.23,3.13,3.19,6309900,NaN,NaN,NaN,NaN,NaN,NaN,NaN
1622682000,3.16,3.23,3.15,3.17,3972100,NaN,NaN,NaN,NaN,NaN,NaN,NaN
1622768400,3.19,3.27,3.13,3.25,5352600,NaN,NaN,NaN,NaN,NaN,NaN,NaN
1623114000,3.26,3.29,3.19,3.22,5358100,NaN,NaN,NaN,NaN,NaN,NaN,NaN
1623200400,3.22,3.23,3.07,3.15,6737900,NaN,NaN,NaN,NaN,NaN,NaN,NaN
1623286800,3.14,3.14,3.05,3.07,5002700,NaN,NaN,NaN,NaN,NaN,NaN,NaN
1623373200,3.08,3.13,3.04,3.09,3114300,NaN,NaN,NaN,NaN,NaN,NaN,NaN
1623632400,3.13,3.14,3.07,3.09,2616300,NaN,NaN,NaN,NaN,NaN,NaN,NaN
1623718800,3.09,3.17,3.08,3.15,5773600,NaN,NaN,NaN,NaN,NaN,NaN,NaN
1623805200,3.15,3.18,3.13,3.14,3564300,NaN,NaN,NaN,NaN,NaN,NaN,NaN
1623891600,3.13,3.16,3.09,3.13,1816000,NaN,NaN,NaN,NaN,NaN,NaN,NaN
1623978000,3.1,3.14,3.07,3.1,2625800,NaN,NaN,NaN,NaN,NaN,NaN,NaN
1624237200,3.07,3.07,2.99,3,4507600,NaN,NaN,NaN,NaN,NaN,NaN,NaN
1624323600,3.03,3.06,2.98,2.99,2320900,NaN,NaN,NaN,NaN,NaN,NaN,NaN
1624410000,2.99,3.01,2.91,2.93,3671600,NaN,NaN,NaN,NaN,NaN,NaN,NaN
1624496400,2.93,2.97,2.87,2.9,3837800,NaN,NaN,NaN,NaN,NaN,NaN,NaN
1624582800,2.9,2.91,2.85,2.85,3130900,NaN,NaN,NaN,NaN,NaN,NaN,NaN
1624842000,2.84,2.85,2.72,2.83,2298100,NaN,NaN,NaN,NaN,NaN,NaN,NaN
1624928400,2.83,2.88,2.83,2.84,1571200,NaN,NaN,NaN,NaN,NaN,NaN,NaN
1625014800,2.84,2.86,2.77,2.78,1207800,2277557040,15298840000,1935720000,439585000,2542557000,12856110000,1.17625899280576
1625101200,2.78,2.82,2.75,2.79,1325500,NaN,NaN,NaN,NaN,NaN,NaN,NaN
1625187600,2.79,2.79,2.69,2.71,2964700,NaN,NaN,NaN,NaN,NaN,NaN,NaN
1625446800,2.71,2.71,2.6,2.63,4343100,NaN,NaN,NaN,NaN,NaN,NaN,NaN
1625533200,2.61,2.85,2.6,2.84,5964600,NaN,NaN,NaN,NaN,NaN,NaN,NaN
1625619600,2.85,2.88,2.76,2.85,2040900,NaN,NaN,NaN,NaN,NaN,NaN,NaN
1625706000,2.8,2.83,2.66,2.7,5490900,NaN,NaN,NaN,NaN,NaN,NaN,NaN
1625792400,2.7,2.74,2.69,2.69,2194800,NaN,NaN,NaN,NaN,NaN,NaN,NaN
1626051600,2.7,2.73,2.65,2.68,2185600,NaN,NaN,NaN,NaN,NaN,NaN,NaN
1626138000,2.7,2.73,2.65,2.72,1665700,NaN,NaN,NaN,NaN,NaN,NaN,NaN
1626224400,2.7,2.77,2.7,2.77,1538200,NaN,NaN,NaN,NaN,NaN,NaN,NaN
1626310800,2.77,2.81,2.75,2.76,1568700,NaN,NaN,NaN,NaN,NaN,NaN,NaN
1626397200,2.77,2.78,2.74,2.77,983800,NaN,NaN,NaN,NaN,NaN,NaN,NaN
1626656400,2.78,2.92,2.76,2.88,4249500,NaN,NaN,NaN,NaN,NaN,NaN,NaN
1626829200,2.89,2.91,2.84,2.84,2412700,NaN,NaN,NaN,NaN,NaN,NaN,NaN
1626915600,2.86,2.89,2.84,2.85,1416700,NaN,NaN,NaN,NaN,NaN,NaN,NaN
1627002000,2.86,2.86,2.82,2.83,1657600,NaN,NaN,NaN,NaN,NaN,NaN,NaN
1627261200,2.85,2.87,2.79,2.8,2027400,NaN,NaN,NaN,NaN,NaN,NaN,NaN
1627347600,2.8,2.96,2.8,2.87,5211400,NaN,NaN,NaN,NaN,NaN,NaN,NaN
1627434000,2.92,2.94,2.76,2.78,12837900,NaN,NaN,NaN,NaN,NaN,NaN,NaN
1627520400,2.8,2.81,2.67,2.69,9406200,NaN,NaN,NaN,NaN,NaN,NaN,NaN
1627606800,2.67,2.67,2.6,2.62,4058800,NaN,NaN,NaN,NaN,NaN,NaN,NaN
1627866000,2.62,2.68,2.54,2.54,3825700,NaN,NaN,NaN,NaN,NaN,NaN,NaN
1627952400,2.54,2.59,2.53,2.56,2119400,NaN,NaN,NaN,NaN,NaN,NaN,NaN
1628038800,2.55,2.62,2.52,2.52,3682200,NaN,NaN,NaN,NaN,NaN,NaN,NaN
1628125200,2.52,2.58,2.52,2.57,2475100,NaN,NaN,NaN,NaN,NaN,NaN,NaN
1628211600,2.55,2.56,2.52,2.53,1058200,NaN,NaN,NaN,NaN,NaN,NaN,NaN
1628470800,2.53,2.55,2.51,2.52,1276300,NaN,NaN,NaN,NaN,NaN,NaN,NaN
1628643600,2.53,2.56,2.51,2.52,1686400,NaN,NaN,NaN,NaN,NaN,NaN,NaN
1628730000,2.53,2.53,2.46,2.5,3060100,NaN,NaN,NaN,NaN,NaN,NaN,NaN
1628816400,2.5,2.5,2.45,2.47,1763800,NaN,NaN,NaN,NaN,NaN,NaN,NaN
1629075600,2.45,2.47,2.42,2.47,2463000,NaN,NaN,NaN,NaN,NaN,NaN,NaN
1629162000,2.47,2.55,2.46,2.55,2474700,NaN,NaN,NaN,NaN,NaN,NaN,NaN
1629248400,2.55,2.55,2.48,2.48,2023000,NaN,NaN,NaN,NaN,NaN,NaN,NaN
1629334800,2.48,2.51,2.46,2.51,2348000,NaN,NaN,NaN,NaN,NaN,NaN,NaN
1629421200,2.5,2.52,2.47,2.48,1247100,NaN,NaN,NaN,NaN,NaN,NaN,NaN
1629680400,2.5,2.5,2.46,2.47,1303100,NaN,NaN,NaN,NaN,NaN,NaN,NaN
1629766800,2.48,2.53,2.45,2.49,3975100,NaN,NaN,NaN,NaN,NaN,NaN,NaN
1629853200,2.5,2.54,2.5,2.52,2077900,NaN,NaN,NaN,NaN,NaN,NaN,NaN
1629939600,2.55,2.64,2.54,2.59,5683500,NaN,NaN,NaN,NaN,NaN,NaN,NaN
1630026000,2.59,2.6,2.56,2.58,2589200,NaN,NaN,NaN,NaN,NaN,NaN,NaN
1630285200,2.59,2.63,2.55,2.56,3629400,NaN,NaN,NaN,NaN,NaN,NaN,NaN
1630458000,2.59,2.7,2.57,2.66,5308100,NaN,NaN,NaN,NaN,NaN,NaN,NaN
1630544400,2.68,2.71,2.62,2.63,3500200,NaN,NaN,NaN,NaN,NaN,NaN,NaN
1630630800,2.65,2.67,2.62,2.67,3127400,NaN,NaN,NaN,NaN,NaN,NaN,NaN
1630890000,2.67,2.71,2.64,2.67,2786200,NaN,NaN,NaN,NaN,NaN,NaN,NaN
1630976400,2.68,2.69,2.64,2.64,3016900,NaN,NaN,NaN,NaN,NaN,NaN,NaN
1631062800,2.65,2.66,2.58,2.6,3126200,NaN,NaN,NaN,NaN,NaN,NaN,NaN
1631149200,2.6,2.6,2.56,2.59,1821700,NaN,NaN,NaN,NaN,NaN,NaN,NaN
1631235600,2.59,2.62,2.58,2.6,1226000,NaN,NaN,NaN,NaN,NaN,NaN,NaN
1631494800,2.6,2.6,2.53,2.55,2276300,NaN,NaN,NaN,NaN,NaN,NaN,NaN
1631581200,2.55,2.6,2.54,2.55,1604900,NaN,NaN,NaN,NaN,NaN,NaN,NaN
1631667600,2.55,2.58,2.52,2.54,1560100,NaN,NaN,NaN,NaN,NaN,NaN,NaN
1631840400,2.56,2.62,2.55,2.62,2257000,NaN,NaN,NaN,NaN,NaN,NaN,NaN
1632099600,2.62,2.62,2.56,2.56,985500,NaN,NaN,NaN,NaN,NaN,NaN,NaN
1632186000,2.55,2.57,2.53,2.57,944800,NaN,NaN,NaN,NaN,NaN,NaN,NaN
1632272400,2.57,2.58,2.53,2.55,1132600,NaN,NaN,NaN,NaN,NaN,NaN,NaN
1632358800,2.57,2.57,2.53,2.56,1191800,NaN,NaN,NaN,NaN,NaN,NaN,NaN
1632445200,2.56,2.56,2.54,2.54,921400,NaN,NaN,NaN,NaN,NaN,NaN,NaN
1632704400,2.55,2.56,2.51,2.51,1685400,NaN,NaN,NaN,NaN,NaN,NaN,NaN
1632790800,2.51,2.62,2.51,2.59,4324900,NaN,NaN,NaN,NaN,NaN,NaN,NaN
1632877200,2.58,2.65,2.55,2.59,2677900,NaN,NaN,NaN,NaN,NaN,NaN,NaN
1632963600,2.62,2.67,2.6,2.64,3805800,2277557040,15498913000,1964535000,87778000,2236646000,12989724000,1.23863636363636
1633050000,2.64,2.65,2.55,2.58,2580900,NaN,NaN,NaN,NaN,NaN,NaN,NaN
1633309200,2.6,2.62,2.58,2.58,825800,NaN,NaN,NaN,NaN,NaN,NaN,NaN
1633395600,2.58,2.59,2.56,2.57,1247700,NaN,NaN,NaN,NaN,NaN,NaN,NaN
1633482000,2.57,2.6,2.55,2.57,1762900,NaN,NaN,NaN,NaN,NaN,NaN,NaN
1633568400,2.57,2.61,2.55,2.58,2349300,NaN,NaN,NaN,NaN,NaN,NaN,NaN
1633654800,2.59,2.7,2.56,2.64,5111600,NaN,NaN,NaN,NaN,NaN,NaN,NaN
1633914000,2.68,2.72,2.65,2.7,3305800,NaN,NaN,NaN,NaN,NaN,NaN,NaN
1634000400,2.7,2.73,2.61,2.66,6225800,NaN,NaN,NaN,NaN,NaN,NaN,NaN
1634086800,2.65,2.78,2.63,2.77,6070600,NaN,NaN,NaN,NaN,NaN,NaN,NaN
1634173200,2.78,2.78,2.71,2.72,4447300,NaN,NaN,NaN,NaN,NaN,NaN,NaN
1634259600,2.74,2.77,2.72,2.74,3398000,NaN,NaN,NaN,NaN,NaN,NaN,NaN
1634518800,2.77,2.82,2.74,2.76,4151100,NaN,NaN,NaN,NaN,NaN,NaN,NaN
1634691600,2.77,2.81,2.73,2.74,2937900,NaN,NaN,NaN,NaN,NaN,NaN,NaN
1634778000,2.77,2.84,2.75,2.77,6561300,NaN,NaN,NaN,NaN,NaN,NaN,NaN
1634864400,2.79,2.79,2.75,2.77,2191600,NaN,NaN,NaN,NaN,NaN,NaN,NaN
1635123600,2.78,2.84,2.78,2.79,2470500,NaN,NaN,NaN,NaN,NaN,NaN,NaN
1635210000,2.8,2.81,2.76,2.79,1792400,NaN,NaN,NaN,NaN,NaN,NaN,NaN
1635296400,2.8,2.8,2.71,2.74,2761500,NaN,NaN,NaN,NaN,NaN,NaN,NaN
1635382800,2.73,2.75,2.5,2.63,14633200,NaN,NaN,NaN,NaN,NaN,NaN,NaN
1635469200,2.65,2.74,2.65,2.72,6723100,NaN,NaN,NaN,NaN,NaN,NaN,NaN
1635728400,2.69,2.69,2.62,2.64,5327800,NaN,NaN,NaN,NaN,NaN,NaN,NaN
1635814800,2.66,2.69,2.65,2.67,1987800,NaN,NaN,NaN,NaN,NaN,NaN,NaN
1635901200,2.68,2.69,2.62,2.66,3459900,NaN,NaN,NaN,NaN,NaN,NaN,NaN
1636074000,2.66,2.68,2.65,2.67,1897200,NaN,NaN,NaN,NaN,NaN,NaN,NaN
1636333200,2.68,2.75,2.67,2.75,3337400,NaN,NaN,NaN,NaN,NaN,NaN,NaN
1636419600,2.75,2.76,2.7,2.72,1748200,NaN,NaN,NaN,NaN,NaN,NaN,NaN
1636506000,2.72,2.73,2.69,2.7,2133800,NaN,NaN,NaN,NaN,NaN,NaN,NaN
1636592400,2.69,2.72,2.67,2.68,2711800,NaN,NaN,NaN,NaN,NaN,NaN,NaN
1636678800,2.5,2.53,2.47,2.5,1872800,NaN,NaN,NaN,NaN,NaN,NaN,NaN
1636938000,2.5,2.5,2.4,2.41,3237100,NaN,NaN,NaN,NaN,NaN,NaN,NaN
1637024400,2.42,2.45,2.42,2.43,770900,NaN,NaN,NaN,NaN,NaN,NaN,NaN
1637110800,2.45,2.45,2.38,2.39,1379300,NaN,NaN,NaN,NaN,NaN,NaN,NaN
1637197200,2.36,2.38,2.3,2.31,2760900,NaN,NaN,NaN,NaN,NaN,NaN,NaN
1637283600,2.31,2.33,2.27,2.27,2527200,NaN,NaN,NaN,NaN,NaN,NaN,NaN
1637542800,2.27,2.31,2.23,2.29,1181500,NaN,NaN,NaN,NaN,NaN,NaN,NaN
1637629200,2.29,2.33,2.27,2.28,1332500,NaN,NaN,NaN,NaN,NaN,NaN,NaN
1637715600,2.28,2.29,2.26,2.26,541200,NaN,NaN,NaN,NaN,NaN,NaN,NaN
1637802000,2.26,2.27,2.23,2.24,1034500,NaN,NaN,NaN,NaN,NaN,NaN,NaN
1637888400,2.24,2.24,2.12,2.13,4313800,NaN,NaN,NaN,NaN,NaN,NaN,NaN
1638147600,2.1,2.16,2.06,2.11,2809700,NaN,NaN,NaN,NaN,NaN,NaN,NaN
1638234000,2.11,2.19,2.11,2.13,1828100,NaN,NaN,NaN,NaN,NaN,NaN,NaN
1638320400,2.13,2.19,2.13,2.18,1111200,NaN,NaN,NaN,NaN,NaN,NaN,NaN
1638406800,2.18,2.32,2.16,2.3,2052800,NaN,NaN,NaN,NaN,NaN,NaN,NaN
1638752400,2.31,2.32,2.17,2.18,1371900,NaN,NaN,NaN,NaN,NaN,NaN,NaN
1638838800,2.18,2.23,2.1,2.15,2913100,NaN,NaN,NaN,NaN,NaN,NaN,NaN
1638925200,2.16,2.2,2.16,2.19,522000,NaN,NaN,NaN,NaN,NaN,NaN,NaN
1639011600,2.2,2.27,2.19,2.27,903100,NaN,NaN,NaN,NaN,NaN,NaN,NaN
1639098000,2.28,2.28,2.21,2.26,432900,NaN,NaN,NaN,NaN,NaN,NaN,NaN
1639357200,2.26,2.28,2.25,2.27,742100,NaN,NaN,NaN,NaN,NaN,NaN,NaN
1639443600,2.29,2.3,2.2,2.2,917100,NaN,NaN,NaN,NaN,NaN,NaN,NaN
1639530000,2.21,2.27,2.21,2.25,756300,NaN,NaN,NaN,NaN,NaN,NaN,NaN
1639616400,2.25,2.29,2.24,2.29,783300,NaN,NaN,NaN,NaN,NaN,NaN,NaN
1639702800,2.29,2.35,2.26,2.28,1161900,NaN,NaN,NaN,NaN,NaN,NaN,NaN
1639962000,2.29,2.3,2.28,2.3,420900,NaN,NaN,NaN,NaN,NaN,NaN,NaN
1640048400,2.3,2.3,2.26,2.27,511200,NaN,NaN,NaN,NaN,NaN,NaN,NaN
1640134800,2.27,2.31,2.25,2.31,724100,NaN,NaN,NaN,NaN,NaN,NaN,NaN
1640221200,2.3,2.32,2.29,2.32,331500,NaN,NaN,NaN,NaN,NaN,NaN,NaN
1640307600,2.3,2.35,2.3,2.31,402600,NaN,NaN,NaN,NaN,NaN,NaN,NaN
1640566800,2.31,2.34,2.3,2.33,329100,NaN,NaN,NaN,NaN,NaN,NaN,NaN
1640653200,2.34,2.37,2.33,2.36,610500,NaN,NaN,NaN,NaN,NaN,NaN,NaN
1640739600,2.37,2.46,2.37,2.42,1632700,NaN,NaN,NaN,NaN,NaN,NaN,NaN
1640826000,2.43,2.44,2.4,2.41,287400,NaN,NaN,NaN,NaN,NaN,NaN,NaN
1640912400,2.43,2.43,2.39,2.4,455700,2277556540,15474759000,2146563999.9999998,23540000,2684589000,12705587000,8.75
1641171600,2.4,2.44,2.39,2.42,739200,NaN,NaN,NaN,NaN,NaN,NaN,NaN
1641258000,2.44,2.45,2.4,2.42,464800,NaN,NaN,NaN,NaN,NaN,NaN,NaN
1641344400,2.42,2.43,2.4,2.4,818000,NaN,NaN,NaN,NaN,NaN,NaN,NaN
1641430800,2.4,2.43,2.37,2.41,494200,NaN,NaN,NaN,NaN,NaN,NaN,NaN
1641517200,2.4,2.43,2.39,2.39,441300,NaN,NaN,NaN,NaN,NaN,NaN,NaN
1641776400,2.4,2.42,2.39,2.4,375100,NaN,NaN,NaN,NaN,NaN,NaN,NaN
1641862800,2.41,2.41,2.34,2.38,865100,NaN,NaN,NaN,NaN,NaN,NaN,NaN
1641949200,2.35,2.41,2.34,2.4,491800,NaN,NaN,NaN,NaN,NaN,NaN,NaN
1642035600,2.39,2.4,2.35,2.36,661700,NaN,NaN,NaN,NaN,NaN,NaN,NaN
1642122000,2.34,2.34,2.31,2.31,1391600,NaN,NaN,NaN,NaN,NaN,NaN,NaN
1642381200,2.31,2.33,2.29,2.29,386900,NaN,NaN,NaN,NaN,NaN,NaN,NaN
1642554000,2.3,2.31,2.25,2.26,748500,NaN,NaN,NaN,NaN,NaN,NaN,NaN
1642640400,2.27,2.29,2.25,2.26,385600,NaN,NaN,NaN,NaN,NaN,NaN,NaN
1642726800,2.26,2.27,2.23,2.23,816200,NaN,NaN,NaN,NaN,NaN,NaN,NaN
1642986000,2.23,2.27,2.22,2.23,400100,NaN,NaN,NaN,NaN,NaN,NaN,NaN
1643072400,2.22,2.22,2.19,2.2,819800,NaN,NaN,NaN,NaN,NaN,NaN,NaN
1643158800,2.22,2.28,2.21,2.25,922400,NaN,NaN,NaN,NaN,NaN,NaN,NaN
1643245200,2.25,2.29,2.21,2.25,1774000,NaN,NaN,NaN,NaN,NaN,NaN,NaN
1643331600,2.28,2.32,2.26,2.26,3511500,NaN,NaN,NaN,NaN,NaN,NaN,NaN
1643590800,2.25,2.26,2.22,2.23,712100,NaN,NaN,NaN,NaN,NaN,NaN,NaN
1643850000,2.24,2.25,2.21,2.23,1063400,NaN,NaN,NaN,NaN,NaN,NaN,NaN
1643936400,2.23,2.24,2.22,2.24,980300,NaN,NaN,NaN,NaN,NaN,NaN,NaN
1644195600,2.24,2.25,2.22,2.23,1653400,NaN,NaN,NaN,NaN,NaN,NaN,NaN
1644282000,2.23,2.24,2.22,2.23,1000300,NaN,NaN,NaN,NaN,NaN,NaN,NaN
1644368400,2.23,2.28,2.22,2.26,2002900,NaN,NaN,NaN,NaN,NaN,NaN,NaN
1644454800,2.26,2.29,2.25,2.26,1747300,NaN,NaN,NaN,NaN,NaN,NaN,NaN
1644541200,2.25,2.27,2.23,2.25,943700,NaN,NaN,NaN,NaN,NaN,NaN,NaN
1644800400,2.24,2.3,2.24,2.27,985000,NaN,NaN,NaN,NaN,NaN,NaN,NaN
1644886800,2.27,2.31,2.27,2.3,1231300,NaN,NaN,NaN,NaN,NaN,NaN,NaN
1644973200,2.3,2.33,2.3,2.32,1358400,NaN,NaN,NaN,NaN,NaN,NaN,NaN
1645059600,2.32,2.35,2.3,2.3,1282800,NaN,NaN,NaN,NaN,NaN,NaN,NaN
1645146000,2.3,2.31,2.28,2.3,927000,NaN,NaN,NaN,NaN,NaN,NaN,NaN
1645405200,2.3,2.3,2.23,2.27,1524600,NaN,NaN,NaN,NaN,NaN,NaN,NaN
1645491600,2.25,2.25,2.21,2.23,924500,NaN,NaN,NaN,NaN,NaN,NaN,NaN
1645578000,2.24,2.25,2.22,2.23,886300,NaN,NaN,NaN,NaN,NaN,NaN,NaN
1645664400,2.22,2.24,2.16,2.17,2235600,NaN,NaN,NaN,NaN,NaN,NaN,NaN
1645750800,2.16,2.22,2.15,2.19,1340500,NaN,NaN,NaN,NaN,NaN,NaN,NaN
1646010000,2.18,2.23,2.18,2.18,1306100,NaN,NaN,NaN,NaN,NaN,NaN,NaN
1646096400,2.21,2.25,2.15,2.16,1552900,NaN,NaN,NaN,NaN,NaN,NaN,NaN
1646182800,2.17,2.18,2.1,2.1,3435100,NaN,NaN,NaN,NaN,NaN,NaN,NaN
1646269200,2.12,2.32,2.09,2.3,10058700,NaN,NaN,NaN,NaN,NaN,NaN,NaN
1646355600,2.35,2.42,2.31,2.37,10444700,NaN,NaN,NaN,NaN,NaN,NaN,NaN
1646614800,2.37,2.41,2.35,2.36,3204100,NaN,NaN,NaN,NaN,NaN,NaN,NaN
1646701200,2.35,2.37,2.26,2.31,3705700,NaN,NaN,NaN,NaN,NaN,NaN,NaN
1646787600,2.33,2.36,2.32,2.35,2008300,NaN,NaN,NaN,NaN,NaN,NaN,NaN
1646874000,2.37,2.4,2.36,2.39,2158600,NaN,NaN,NaN,NaN,NaN,NaN,NaN
1646960400,2.39,2.4,2.37,2.39,1379500,NaN,NaN,NaN,NaN,NaN,NaN,NaN
1647219600,2.38,2.39,2.35,2.36,1572500,NaN,NaN,NaN,NaN,NaN,NaN,NaN
1647306000,2.36,2.37,2.32,2.32,2535900,NaN,NaN,NaN,NaN,NaN,NaN,NaN
1647392400,2.35,2.38,2.33,2.38,3160100,NaN,NaN,NaN,NaN,NaN,NaN,NaN
1647478800,2.39,2.44,2.37,2.39,5230300,NaN,NaN,NaN,NaN,NaN,NaN,NaN
1647565200,2.4,2.42,2.38,2.4,4859100,NaN,NaN,NaN,NaN,NaN,NaN,NaN
1647824400,2.22,2.22,2.14,2.16,1861400,NaN,NaN,NaN,NaN,NaN,NaN,NaN
1647910800,2.16,2.16,2.14,2.15,1471300,NaN,NaN,NaN,NaN,NaN,NaN,NaN
1647997200,2.15,2.2,2.15,2.16,1144800,NaN,NaN,NaN,NaN,NaN,NaN,NaN
1648083600,2.16,2.19,2.16,2.19,1009500,NaN,NaN,NaN,NaN,NaN,NaN,NaN
1648170000,2.18,2.2,2.17,2.18,1440600,NaN,NaN,NaN,NaN,NaN,NaN,NaN
1648429200,2.17,2.19,2.16,2.16,1201900,NaN,NaN,NaN,NaN,NaN,NaN,NaN
1648515600,2.2,2.2,2.17,2.18,793900,NaN,NaN,NaN,NaN,NaN,NaN,NaN
1648602000,2.2,2.2,2.18,2.2,1292800,NaN,NaN,NaN,NaN,NaN,NaN,NaN
1648688400,2.2,2.24,2.2,2.23,1176900,2277556540,16705458999.999998,2817986000,24554000,2759480000,12405257000,9.4170403587444
1648774800,2.24,2.28,2.23,2.27,1236300,NaN,NaN,NaN,NaN,NaN,NaN,NaN
1649034000,2.29,2.29,2.24,2.25,970300,NaN,NaN,NaN,NaN,NaN,NaN,NaN
1649120400,2.27,2.28,2.25,2.25,784000,NaN,NaN,NaN,NaN,NaN,NaN,NaN
1649206800,2.26,2.29,2.25,2.29,1352800,NaN,NaN,NaN,NaN,NaN,NaN,NaN
1649293200,2.29,2.29,2.25,2.27,1858300,NaN,NaN,NaN,NaN,NaN,NaN,NaN
1649379600,2.28,2.28,2.25,2.27,541800,NaN,NaN,NaN,NaN,NaN,NaN,NaN
1649638800,2.27,2.28,2.25,2.25,1046900,NaN,NaN,NaN,NaN,NaN,NaN,NaN
1649725200,2.25,2.27,2.16,2.16,2755200,NaN,NaN,NaN,NaN,NaN,NaN,NaN
1649811600,2.19,2.23,2.19,2.22,826600,NaN,NaN,NaN,NaN,NaN,NaN,NaN
1649898000,2.22,2.24,2.19,2.19,993900,NaN,NaN,NaN,NaN,NaN,NaN,NaN
1649984400,2.2,2.22,2.18,2.2,363500,NaN,NaN,NaN,NaN,NaN,NaN,NaN
1650243600,2.21,2.22,2.19,2.22,490800,NaN,NaN,NaN,NaN,NaN,NaN,NaN
1650416400,2.22,2.27,2.21,2.25,884700,NaN,NaN,NaN,NaN,NaN,NaN,NaN
1650502800,2.27,2.28,2.25,2.27,915600,NaN,NaN,NaN,NaN,NaN,NaN,NaN
1650589200,2.28,2.29,2.25,2.28,674200,NaN,NaN,NaN,NaN,NaN,NaN,NaN
1650848400,2.27,2.27,2.21,2.24,1385200,NaN,NaN,NaN,NaN,NaN,NaN,NaN
1650934800,2.25,2.28,2.24,2.27,650900,NaN,NaN,NaN,NaN,NaN,NaN,NaN
1651021200,2.25,2.27,2.24,2.26,319800,NaN,NaN,NaN,NaN,NaN,NaN,NaN
1651107600,2.28,2.29,2.18,2.22,2804600,NaN,NaN,NaN,NaN,NaN,NaN,NaN
1651194000,2.21,2.21,2.18,2.19,2389400,NaN,NaN,NaN,NaN,NaN,NaN,NaN
1651712400,2.19,2.21,2.17,2.17,1400400,NaN,NaN,NaN,NaN,NaN,NaN,NaN
1651798800,2.17,2.18,2.12,2.14,1817800,NaN,NaN,NaN,NaN,NaN,NaN,NaN
1652058000,2.13,2.14,2.11,2.13,1010200,NaN,NaN,NaN,NaN,NaN,NaN,NaN
1652144400,2.13,2.13,2.1,2.12,1196100,NaN,NaN,NaN,NaN,NaN,NaN,NaN
1652230800,2.11,2.12,2.11,2.11,353500,NaN,NaN,NaN,NaN,NaN,NaN,NaN
1652317200,2.12,2.12,2.08,2.08,1476900,NaN,NaN,NaN,NaN,NaN,NaN,NaN
1652403600,2.08,2.11,2.08,2.09,547500,NaN,NaN,NaN,NaN,NaN,NaN,NaN
1652749200,2.09,2.13,2.09,2.13,272700,NaN,NaN,NaN,NaN,NaN,NaN,NaN
1652835600,2.13,2.13,2.11,2.12,348200,NaN,NaN,NaN,NaN,NaN,NaN,NaN
1652922000,2.12,2.12,2.1,2.1,710000,NaN,NaN,NaN,NaN,NaN,NaN,NaN
1653008400,2.11,2.13,2.1,2.1,556700,NaN,NaN,NaN,NaN,NaN,NaN,NaN
1653267600,2.12,2.13,2.1,2.1,516200,NaN,NaN,NaN,NaN,NaN,NaN,NaN
1653354000,2.1,2.11,2.08,2.08,839800,NaN,NaN,NaN,NaN,NaN,NaN,NaN
1653440400,2.08,2.1,2.07,2.07,706000,NaN,NaN,NaN,NaN,NaN,NaN,NaN
1653526800,2.08,2.09,2.06,2.08,477200,NaN,NaN,NaN,NaN,NaN,NaN,NaN
1653613200,2.07,2.09,2.07,2.08,431100,NaN,NaN,NaN,NaN,NaN,NaN,NaN
1653872400,2.09,2.12,2.08,2.12,258700,NaN,NaN,NaN,NaN,NaN,NaN,NaN
1653958800,2.13,2.13,2.05,2.05,1517500,NaN,NaN,NaN,NaN,NaN,NaN,NaN
1654045200,2.06,2.08,2.05,2.07,332600,NaN,NaN,NaN,NaN,NaN,NaN,NaN
1654131600,2.08,2.09,2.08,2.08,116900,NaN,NaN,NaN,NaN,NaN,NaN,NaN
1654218000,2.08,2.1,2.08,2.08,456400,NaN,NaN,NaN,NaN,NaN,NaN,NaN
1654563600,2.08,2.1,2.07,2.09,246900,NaN,NaN,NaN,NaN,NaN,NaN,NaN
1654650000,2.08,2.1,2.08,2.09,224400,NaN,NaN,NaN,NaN,NaN,NaN,NaN
1654736400,2.09,2.11,2.09,2.11,295700,NaN,NaN,NaN,NaN,NaN,NaN,NaN
1654822800,2.11,2.11,2.08,2.08,396900,NaN,NaN,NaN,NaN,NaN,NaN,NaN
1655082000,2.07,2.07,2.01,2.02,988300,NaN,NaN,NaN,NaN,NaN,NaN,NaN
1655168400,2.01,2.02,1.98,2,895500,NaN,NaN,NaN,NaN,NaN,NaN,NaN
1655254800,2,2.01,1.97,1.99,984400,NaN,NaN,NaN,NaN,NaN,NaN,NaN
1655341200,2,2.03,1.96,1.96,498500,NaN,NaN,NaN,NaN,NaN,NaN,NaN
1655427600,1.96,1.98,1.93,1.95,617300,NaN,NaN,NaN,NaN,NaN,NaN,NaN
1655686800,1.95,1.96,1.91,1.91,521700,NaN,NaN,NaN,NaN,NaN,NaN,NaN
1655773200,1.91,1.95,1.91,1.95,356400,NaN,NaN,NaN,NaN,NaN,NaN,NaN
1655859600,1.95,1.95,1.92,1.92,358400,NaN,NaN,NaN,NaN,NaN,NaN,NaN
1655946000,1.92,1.94,1.9,1.91,629000,NaN,NaN,NaN,NaN,NaN,NaN,NaN
1656032400,1.92,1.94,1.91,1.94,412300,NaN,NaN,NaN,NaN,NaN,NaN,NaN
1656291600,1.95,1.97,1.94,1.96,184100,NaN,NaN,NaN,NaN,NaN,NaN,NaN
1656378000,1.94,1.97,1.94,1.96,183200,NaN,NaN,NaN,NaN,NaN,NaN,NaN
1656464400,1.96,1.96,1.92,1.93,317100,NaN,NaN,NaN,NaN,NaN,NaN,NaN
1656550800,1.93,1.97,1.93,1.97,284100,2277556540,17499331000,2875531000,-215035000,2816869000,12740400000,10.6598984771574
1656637200,1.93,1.96,1.93,1.93,139700,NaN,NaN,NaN,NaN,NaN,NaN,NaN
1656896400,1.95,1.96,1.93,1.93,215400,NaN,NaN,NaN,NaN,NaN,NaN,NaN
1656982800,1.93,1.95,1.92,1.92,137400,NaN,NaN,NaN,NaN,NaN,NaN,NaN
1657069200,1.93,1.96,1.91,1.93,513400,NaN,NaN,NaN,NaN,NaN,NaN,NaN
1657155600,1.91,1.93,1.91,1.93,295700,NaN,NaN,NaN,NaN,NaN,NaN,NaN
1657242000,1.94,1.96,1.91,1.93,443200,NaN,NaN,NaN,NaN,NaN,NaN,NaN
1657587600,1.94,1.94,1.9,1.92,580600,NaN,NaN,NaN,NaN,NaN,NaN,NaN
1657674000,1.92,1.94,1.91,1.94,251100,NaN,NaN,NaN,NaN,NaN,NaN,NaN
1657760400,1.95,1.95,1.91,1.92,328800,NaN,NaN,NaN,NaN,NaN,NaN,NaN
1657846800,1.94,1.94,1.91,1.93,249300,NaN,NaN,NaN,NaN,NaN,NaN,NaN
1658106000,1.92,1.93,1.92,1.92,131800,NaN,NaN,NaN,NaN,NaN,NaN,NaN
1658192400,1.92,1.93,1.91,1.92,387900,NaN,NaN,NaN,NaN,NaN,NaN,NaN
1658278800,1.92,1.95,1.92,1.92,399800,NaN,NaN,NaN,NaN,NaN,NaN,NaN
1658365200,1.93,1.95,1.93,1.93,137400,NaN,NaN,NaN,NaN,NaN,NaN,NaN
1658451600,1.94,2.05,1.93,2.05,783600,NaN,NaN,NaN,NaN,NaN,NaN,NaN
1658710800,2.05,2.05,1.98,2.01,391200,NaN,NaN,NaN,NaN,NaN,NaN,NaN
1658797200,2.01,2.01,1.98,2,398600,NaN,NaN,NaN,NaN,NaN,NaN,NaN
1658883600,2,2,1.98,1.99,312900,NaN,NaN,NaN,NaN,NaN,NaN,NaN
1658970000,1.99,2.02,1.99,2.01,702600,NaN,NaN,NaN,NaN,NaN,NaN,NaN
1659056400,1.93,1.93,1.88,1.91,3037300,NaN,NaN,NaN,NaN,NaN,NaN,NaN
1659315600,1.9,1.9,1.87,1.88,1290300,NaN,NaN,NaN,NaN,NaN,NaN,NaN
1659402000,1.85,1.86,1.81,1.83,2112200,NaN,NaN,NaN,NaN,NaN,NaN,NaN
1659488400,1.81,1.83,1.81,1.83,763200,NaN,NaN,NaN,NaN,NaN,NaN,NaN
1659574800,1.82,1.85,1.8,1.81,1789300,NaN,NaN,NaN,NaN,NaN,NaN,NaN
1659661200,1.82,1.83,1.81,1.81,369800,NaN,NaN,NaN,NaN,NaN,NaN,NaN
1659920400,1.81,1.82,1.8,1.81,728300,NaN,NaN,NaN,NaN,NaN,NaN,NaN
1660006800,1.81,1.82,1.8,1.81,279900,NaN,NaN,NaN,NaN,NaN,NaN,NaN
1660093200,1.81,1.81,1.77,1.77,1671000,NaN,NaN,NaN,NaN,NaN,NaN,NaN
1660179600,1.79,1.79,1.76,1.77,644300,NaN,NaN,NaN,NaN,NaN,NaN,NaN
1660266000,1.78,1.79,1.76,1.77,405900,NaN,NaN,NaN,NaN,NaN,NaN,NaN
1660525200,1.78,1.78,1.71,1.72,2210900,NaN,NaN,NaN,NaN,NaN,NaN,NaN
1660611600,1.72,1.74,1.72,1.73,496100,NaN,NaN,NaN,NaN,NaN,NaN,NaN
1660698000,1.74,1.78,1.73,1.76,783400,NaN,NaN,NaN,NaN,NaN,NaN,NaN
1660784400,1.76,1.78,1.74,1.74,960400,NaN,NaN,NaN,NaN,NaN,NaN,NaN
1660870800,1.75,1.77,1.74,1.75,654100,NaN,NaN,NaN,NaN,NaN,NaN,NaN
1661130000,1.74,1.74,1.72,1.72,555500,NaN,NaN,NaN,NaN,NaN,NaN,NaN
1661216400,1.72,1.74,1.71,1.72,652300,NaN,NaN,NaN,NaN,NaN,NaN,NaN
1661302800,1.72,1.73,1.71,1.72,733400,NaN,NaN,NaN,NaN,NaN,NaN,NaN
1661389200,1.72,1.74,1.71,1.71,884700,NaN,NaN,NaN,NaN,NaN,NaN,NaN
1661475600,1.72,1.73,1.72,1.73,357600,NaN,NaN,NaN,NaN,NaN,NaN,NaN
1661734800,1.72,1.73,1.71,1.71,565800,NaN,NaN,NaN,NaN,NaN,NaN,NaN
1661821200,1.71,1.73,1.71,1.71,178100,NaN,NaN,NaN,NaN,NaN,NaN,NaN
1661994000,1.71,1.74,1.71,1.73,712300,NaN,NaN,NaN,NaN,NaN,NaN,NaN
1662080400,1.74,1.74,1.71,1.71,332400,NaN,NaN,NaN,NaN,NaN,NaN,NaN
1662339600,1.71,1.72,1.7,1.7,535300,NaN,NaN,NaN,NaN,NaN,NaN,NaN
1662426000,1.71,1.72,1.7,1.71,308600,NaN,NaN,NaN,NaN,NaN,NaN,NaN
1662512400,1.71,1.72,1.69,1.69,1140900,NaN,NaN,NaN,NaN,NaN,NaN,NaN
1662598800,1.7,1.7,1.69,1.69,660600,NaN,NaN,NaN,NaN,NaN,NaN,NaN
1662685200,1.69,1.71,1.68,1.71,266800,NaN,NaN,NaN,NaN,NaN,NaN,NaN
1662944400,1.7,1.71,1.68,1.69,933700,NaN,NaN,NaN,NaN,NaN,NaN,NaN
1663030800,1.69,1.7,1.69,1.69,199300,NaN,NaN,NaN,NaN,NaN,NaN,NaN
1663117200,1.69,1.69,1.68,1.69,422800,NaN,NaN,NaN,NaN,NaN,NaN,NaN
1663203600,1.69,1.71,1.68,1.68,717300,NaN,NaN,NaN,NaN,NaN,NaN,NaN
1663549200,1.68,1.71,1.68,1.68,743100,NaN,NaN,NaN,NaN,NaN,NaN,NaN
1663635600,1.69,1.7,1.68,1.68,350900,NaN,NaN,NaN,NaN,NaN,NaN,NaN
1663722000,1.68,1.69,1.65,1.65,614600,NaN,NaN,NaN,NaN,NaN,NaN,NaN
1663808400,1.65,1.66,1.63,1.64,493800,NaN,NaN,NaN,NaN,NaN,NaN,NaN
1663894800,1.63,1.64,1.63,1.63,330200,NaN,NaN,NaN,NaN,NaN,NaN,NaN
1664154000,1.64,1.64,1.58,1.59,594500,NaN,NaN,NaN,NaN,NaN,NaN,NaN
1664240400,1.58,1.58,1.51,1.52,1244200,NaN,NaN,NaN,NaN,NaN,NaN,NaN
1664326800,1.52,1.54,1.44,1.47,1160800,NaN,NaN,NaN,NaN,NaN,NaN,NaN
1664413200,1.48,1.5,1.44,1.44,1401100,NaN,NaN,NaN,NaN,NaN,NaN,NaN
1664499600,1.44,1.46,1.34,1.34,6187000,2277556540,17468252000,2212882000,-457922000,2374691000,12970501000,15.6716417910448
1664758800,1.33,1.39,1.31,1.32,1948800,NaN,NaN,NaN,NaN,NaN,NaN,NaN
1664845200,1.36,1.37,1.34,1.36,1586000,NaN,NaN,NaN,NaN,NaN,NaN,NaN
1664931600,1.38,1.42,1.36,1.36,3698400,NaN,NaN,NaN,NaN,NaN,NaN,NaN
1665018000,1.36,1.41,1.36,1.4,822900,NaN,NaN,NaN,NaN,NaN,NaN,NaN
1665104400,1.4,1.42,1.38,1.4,465800,NaN,NaN,NaN,NaN,NaN,NaN,NaN
1665450000,1.39,1.39,1.33,1.33,1480600,NaN,NaN,NaN,NaN,NaN,NaN,NaN
1665536400,1.33,1.36,1.33,1.34,744600,NaN,NaN,NaN,NaN,NaN,NaN,NaN
1665622800,1.33,1.38,1.33,1.36,449400,NaN,NaN,NaN,NaN,NaN,NaN,NaN
1665709200,1.39,1.39,1.34,1.35,1090800,NaN,NaN,NaN,NaN,NaN,NaN,NaN
1665968400,1.35,1.38,1.34,1.36,434800,NaN,NaN,NaN,NaN,NaN,NaN,NaN
1666054800,1.36,1.38,1.35,1.37,868300,NaN,NaN,NaN,NaN,NaN,NaN,NaN
1666141200,1.38,1.39,1.35,1.36,1512700,NaN,NaN,NaN,NaN,NaN,NaN,NaN
1666227600,1.36,1.37,1.34,1.34,2062100,NaN,NaN,NaN,NaN,NaN,NaN,NaN
1666314000,1.34,1.38,1.34,1.38,839700,NaN,NaN,NaN,NaN,NaN,NaN,NaN
1666659600,1.37,1.39,1.36,1.36,733600,NaN,NaN,NaN,NaN,NaN,NaN,NaN
1666746000,1.36,1.41,1.36,1.39,963700,NaN,NaN,NaN,NaN,NaN,NaN,NaN
1666832400,1.39,1.49,1.39,1.47,2402600,NaN,NaN,NaN,NaN,NaN,NaN,NaN
1666918800,1.35,1.36,1.31,1.32,6028800,NaN,NaN,NaN,NaN,NaN,NaN,NaN
1667178000,1.32,1.33,1.3,1.31,1392200,NaN,NaN,NaN,NaN,NaN,NaN,NaN
1667264400,1.31,1.32,1.3,1.3,1133500,NaN,NaN,NaN,NaN,NaN,NaN,NaN
1667350800,1.3,1.32,1.29,1.3,1174400,NaN,NaN,NaN,NaN,NaN,NaN,NaN
1667437200,1.3,1.3,1.26,1.26,1783600,NaN,NaN,NaN,NaN,NaN,NaN,NaN
1667523600,1.27,1.29,1.25,1.28,815200,NaN,NaN,NaN,NaN,NaN,NaN,NaN
1667782800,1.28,1.28,1.25,1.25,1180600,NaN,NaN,NaN,NaN,NaN,NaN,NaN
1667869200,1.25,1.27,1.25,1.27,470800,NaN,NaN,NaN,NaN,NaN,NaN,NaN
1667955600,1.27,1.28,1.25,1.28,623900,NaN,NaN,NaN,NaN,NaN,NaN,NaN
1668042000,1.26,1.3,1.26,1.27,728400,NaN,NaN,NaN,NaN,NaN,NaN,NaN
1668128400,1.29,1.31,1.27,1.27,1083700,NaN,NaN,NaN,NaN,NaN,NaN,NaN
1668387600,1.27,1.29,1.26,1.27,574400,NaN,NaN,NaN,NaN,NaN,NaN,NaN
1668474000,1.27,1.31,1.27,1.3,1567000,NaN,NaN,NaN,NaN,NaN,NaN,NaN
1668560400,1.3,1.3,1.27,1.27,1226300,NaN,NaN,NaN,NaN,NaN,NaN,NaN
1668646800,1.27,1.31,1.27,1.3,900000,NaN,NaN,NaN,NaN,NaN,NaN,NaN
1668992400,1.29,1.34,1.29,1.34,832300,NaN,NaN,NaN,NaN,NaN,NaN,NaN
1669078800,1.35,1.42,1.35,1.38,1752600,NaN,NaN,NaN,NaN,NaN,NaN,NaN
1669165200,1.38,1.42,1.38,1.42,609600,NaN,NaN,NaN,NaN,NaN,NaN,NaN
1669251600,1.42,1.49,1.42,1.46,1162300,NaN,NaN,NaN,NaN,NaN,NaN,NaN
1669338000,1.53,1.6,1.53,1.58,2968200,NaN,NaN,NaN,NaN,NaN,NaN,NaN
1669683600,1.59,1.65,1.59,1.59,3089500,NaN,NaN,NaN,NaN,NaN,NaN,NaN
1669770000,1.6,1.63,1.59,1.62,1829200,NaN,NaN,NaN,NaN,NaN,NaN,NaN
1669856400,1.62,1.63,1.6,1.61,1266400,NaN,NaN,NaN,NaN,NaN,NaN,NaN
1669942800,1.61,1.62,1.55,1.56,2133600,NaN,NaN,NaN,NaN,NaN,NaN,NaN
1670202000,1.56,1.62,1.56,1.6,1125800,NaN,NaN,NaN,NaN,NaN,NaN,NaN
1670288400,1.6,1.62,1.58,1.59,1127300,NaN,NaN,NaN,NaN,NaN,NaN,NaN
1670374800,1.59,1.61,1.58,1.59,1586500,NaN,NaN,NaN,NaN,NaN,NaN,NaN
1670461200,1.46,1.46,1.42,1.45,864600,NaN,NaN,NaN,NaN,NaN,NaN,NaN
1670547600,1.43,1.44,1.41,1.41,443300,NaN,NaN,NaN,NaN,NaN,NaN,NaN
1670806800,1.41,1.42,1.39,1.4,363600,NaN,NaN,NaN,NaN,NaN,NaN,NaN
1670893200,1.4,1.4,1.36,1.36,761500,NaN,NaN,NaN,NaN,NaN,NaN,NaN
1670979600,1.37,1.38,1.36,1.36,634700,NaN,NaN,NaN,NaN,NaN,NaN,NaN
1671066000,1.36,1.4,1.36,1.38,541800,NaN,NaN,NaN,NaN,NaN,NaN,NaN
1671152400,1.38,1.39,1.36,1.37,335400,NaN,NaN,NaN,NaN,NaN,NaN,NaN
1671411600,1.38,1.4,1.37,1.37,543100,NaN,NaN,NaN,NaN,NaN,NaN,NaN
1671498000,1.37,1.37,1.33,1.34,1664000,NaN,NaN,NaN,NaN,NaN,NaN,NaN
1671584400,1.34,1.36,1.33,1.35,1184900,NaN,NaN,NaN,NaN,NaN,NaN,NaN
1671670800,1.36,1.36,1.34,1.36,265100,NaN,NaN,NaN,NaN,NaN,NaN,NaN
1671757200,1.36,1.38,1.34,1.38,478600,NaN,NaN,NaN,NaN,NaN,NaN,NaN
1672102800,1.39,1.43,1.38,1.4,735100,NaN,NaN,NaN,NaN,NaN,NaN,NaN
1672189200,1.41,1.43,1.38,1.42,770900,NaN,NaN,NaN,NaN,NaN,NaN,NaN
1672275600,1.43,1.43,1.4,1.43,497900,NaN,NaN,NaN,NaN,NaN,NaN,NaN
1672362000,1.43,1.43,1.42,1.42,350800,2277556540,23122231000,8111543000,-383867000,2068043000.0000002,11499199000,0
1672707600,1.42,1.48,1.42,1.46,1208300,NaN,NaN,NaN,NaN,NaN,NaN,NaN
1672794000,1.46,1.49,1.46,1.47,660300,NaN,NaN,NaN,NaN,NaN,NaN,NaN
1672880400,1.48,1.51,1.47,1.5,546000,NaN,NaN,NaN,NaN,NaN,NaN,NaN
1672966800,1.5,1.5,1.47,1.47,584600,NaN,NaN,NaN,NaN,NaN,NaN,NaN
1673226000,1.48,1.6,1.48,1.59,1665700,NaN,NaN,NaN,NaN,NaN,NaN,NaN
1673312400,1.6,1.6,1.54,1.55,748000,NaN,NaN,NaN,NaN,NaN,NaN,NaN
1673398800,1.56,1.59,1.55,1.57,723900,NaN,NaN,NaN,NaN,NaN,NaN,NaN
1673485200,1.58,1.6,1.56,1.58,561100,NaN,NaN,NaN,NaN,NaN,NaN,NaN
1673571600,1.58,1.59,1.55,1.55,648800,NaN,NaN,NaN,NaN,NaN,NaN,NaN
1673830800,1.56,1.57,1.55,1.56,373800,NaN,NaN,NaN,NaN,NaN,NaN,NaN
1673917200,1.56,1.59,1.56,1.57,290700,NaN,NaN,NaN,NaN,NaN,NaN,NaN
1674003600,1.57,1.59,1.56,1.57,430800,NaN,NaN,NaN,NaN,NaN,NaN,NaN
1674090000,1.57,1.59,1.56,1.57,281100,NaN,NaN,NaN,NaN,NaN,NaN,NaN
1674176400,1.59,1.61,1.57,1.59,845600,NaN,NaN,NaN,NaN,NaN,NaN,NaN
1674608400,1.59,1.6,1.58,1.59,265000,NaN,NaN,NaN,NaN,NaN,NaN,NaN
1674694800,1.59,1.6,1.58,1.59,379100,NaN,NaN,NaN,NaN,NaN,NaN,NaN
1674781200,1.59,1.6,1.57,1.59,548300,NaN,NaN,NaN,NaN,NaN,NaN,NaN
1675040400,1.59,1.6,1.57,1.58,863300,NaN,NaN,NaN,NaN,NaN,NaN,NaN
1675126800,1.58,1.59,1.56,1.57,725300,NaN,NaN,NaN,NaN,NaN,NaN,NaN
1675299600,1.48,1.48,1.41,1.46,4475100,NaN,NaN,NaN,NaN,NaN,NaN,NaN
1675386000,1.45,1.45,1.39,1.42,3085500,NaN,NaN,NaN,NaN,NaN,NaN,NaN
1675731600,1.41,1.41,1.33,1.34,4196000,NaN,NaN,NaN,NaN,NaN,NaN,NaN
1675818000,1.34,1.38,1.34,1.37,832500,NaN,NaN,NaN,NaN,NaN,NaN,NaN
1675904400,1.37,1.38,1.35,1.36,607600,NaN,NaN,NaN,NaN,NaN,NaN,NaN
1675990800,1.36,1.4,1.35,1.38,836000,NaN,NaN,NaN,NaN,NaN,NaN,NaN
1676250000,1.38,1.39,1.36,1.37,829700,NaN,NaN,NaN,NaN,NaN,NaN,NaN
1676336400,1.37,1.38,1.36,1.38,350000,NaN,NaN,NaN,NaN,NaN,NaN,NaN
1676422800,1.38,1.4,1.38,1.4,411400,NaN,NaN,NaN,NaN,NaN,NaN,NaN
1676509200,1.4,1.42,1.38,1.4,776600,NaN,NaN,NaN,NaN,NaN,NaN,NaN
1676595600,1.4,1.45,1.38,1.44,922300,NaN,NaN,NaN,NaN,NaN,NaN,NaN
1676854800,1.45,1.46,1.43,1.44,761400,NaN,NaN,NaN,NaN,NaN,NaN,NaN
1676941200,1.45,1.45,1.42,1.44,534400,NaN,NaN,NaN,NaN,NaN,NaN,NaN
1677027600,1.44,1.46,1.43,1.44,771500,NaN,NaN,NaN,NaN,NaN,NaN,NaN
1677114000,1.44,1.44,1.36,1.4,586400,NaN,NaN,NaN,NaN,NaN,NaN,NaN
1677200400,1.4,1.4,1.36,1.38,1243800,NaN,NaN,NaN,NaN,NaN,NaN,NaN
1677459600,1.38,1.4,1.36,1.38,500500,NaN,NaN,NaN,NaN,NaN,NaN,NaN
1677546000,1.37,1.43,1.36,1.38,1349600,NaN,NaN,NaN,NaN,NaN,NaN,NaN
1677632400,1.38,1.38,1.35,1.36,937300,NaN,NaN,NaN,NaN,NaN,NaN,NaN
1677718800,1.35,1.39,1.35,1.36,552300,NaN,NaN,NaN,NaN,NaN,NaN,NaN
1677805200,1.37,1.39,1.36,1.37,264200,NaN,NaN,NaN,NaN,NaN,NaN,NaN
1678064400,1.4,1.4,1.35,1.36,1073800,NaN,NaN,NaN,NaN,NaN,NaN,NaN
1678150800,1.37,1.37,1.35,1.35,287900,NaN,NaN,NaN,NaN,NaN,NaN,NaN
1678237200,1.36,1.37,1.35,1.35,1023000,NaN,NaN,NaN,NaN,NaN,NaN,NaN
1678323600,1.36,1.38,1.35,1.36,477500,NaN,NaN,NaN,NaN,NaN,NaN,NaN
1678410000,1.36,1.36,1.35,1.35,264200,NaN,NaN,NaN,NaN,NaN,NaN,NaN
1678669200,1.35,1.35,1.33,1.33,586100,NaN,NaN,NaN,NaN,NaN,NaN,NaN
1678755600,1.33,1.34,1.3,1.31,1814800,NaN,NaN,NaN,NaN,NaN,NaN,NaN
1678842000,1.32,1.33,1.31,1.33,302900,NaN,NaN,NaN,NaN,NaN,NaN,NaN
1678928400,1.31,1.32,1.29,1.3,1101300,NaN,NaN,NaN,NaN,NaN,NaN,NaN
1679014800,1.3,1.34,1.3,1.33,651900,NaN,NaN,NaN,NaN,NaN,NaN,NaN
1679274000,1.34,1.34,1.3,1.3,551500,NaN,NaN,NaN,NaN,NaN,NaN,NaN
1679360400,1.31,1.31,1.28,1.29,910100,NaN,NaN,NaN,NaN,NaN,NaN,NaN
1679446800,1.3,1.34,1.3,1.31,466600,NaN,NaN,NaN,NaN,NaN,NaN,NaN
1679533200,1.31,1.33,1.3,1.3,809000,NaN,NaN,NaN,NaN,NaN,NaN,NaN
1679619600,1.31,1.31,1.29,1.29,1068500,NaN,NaN,NaN,NaN,NaN,NaN,NaN
1679878800,1.3,1.31,1.28,1.29,843800,NaN,NaN,NaN,NaN,NaN,NaN,NaN
1679965200,1.28,1.31,1.28,1.29,451500,NaN,NaN,NaN,NaN,NaN,NaN,NaN
1680051600,1.3,1.33,1.29,1.31,617600,NaN,NaN,NaN,NaN,NaN,NaN,NaN
1680138000,1.33,1.35,1.31,1.32,879500,NaN,NaN,NaN,NaN,NaN,NaN,NaN
1680224400,1.33,1.35,1.33,1.35,564100,2277556540,17332145000,2366036000,-257411999.99999997,1971298000,11570702000,0
1680483600,1.36,1.39,1.36,1.37,633400,NaN,NaN,NaN,NaN,NaN,NaN,NaN
1680570000,1.37,1.38,1.34,1.34,534100,NaN,NaN,NaN,NaN,NaN,NaN,NaN
1680656400,1.34,1.35,1.33,1.34,291900,NaN,NaN,NaN,NaN,NaN,NaN,NaN
1680742800,1.34,1.36,1.34,1.34,237700,NaN,NaN,NaN,NaN,NaN,NaN,NaN
1680829200,1.35,1.38,1.35,1.35,260700,NaN,NaN,NaN,NaN,NaN,NaN,NaN
1681088400,1.36,1.37,1.35,1.36,254100,NaN,NaN,NaN,NaN,NaN,NaN,NaN
1681174800,1.36,1.37,1.35,1.36,284100,NaN,NaN,NaN,NaN,NaN,NaN,NaN
1681261200,1.36,1.37,1.34,1.35,574900,NaN,NaN,NaN,NaN,NaN,NaN,NaN
1681347600,1.35,1.35,1.32,1.32,607500,NaN,NaN,NaN,NaN,NaN,NaN,NaN
1681434000,1.32,1.35,1.32,1.32,617500,NaN,NaN,NaN,NaN,NaN,NaN,NaN
1681693200,1.32,1.32,1.29,1.31,1069500,NaN,NaN,NaN,NaN,NaN,NaN,NaN
1681779600,1.32,1.32,1.3,1.3,327600,NaN,NaN,NaN,NaN,NaN,NaN,NaN
1681866000,1.31,1.33,1.28,1.3,1565200,NaN,NaN,NaN,NaN,NaN,NaN,NaN
1681952400,1.3,1.31,1.29,1.3,339000,NaN,NaN,NaN,NaN,NaN,NaN,NaN
1682384400,1.3,1.35,1.3,1.33,430900,NaN,NaN,NaN,NaN,NaN,NaN,NaN
1682470800,1.32,1.34,1.31,1.33,856700,NaN,NaN,NaN,NaN,NaN,NaN,NaN
1682557200,1.33,1.33,1.29,1.3,944300,NaN,NaN,NaN,NaN,NaN,NaN,NaN
1682643600,1.28,1.28,1.25,1.25,2643300,NaN,NaN,NaN,NaN,NaN,NaN,NaN
1682989200,1.25,1.28,1.25,1.26,274100,NaN,NaN,NaN,NaN,NaN,NaN,NaN
1683075600,1.25,1.26,1.23,1.23,1846600,NaN,NaN,NaN,NaN,NaN,NaN,NaN
1683248400,1.23,1.24,1.21,1.21,1258200,NaN,NaN,NaN,NaN,NaN,NaN,NaN
1683507600,1.21,1.24,1.21,1.22,509800,NaN,NaN,NaN,NaN,NaN,NaN,NaN
1683594000,1.22,1.23,1.21,1.21,379000,NaN,NaN,NaN,NaN,NaN,NaN,NaN
1683680400,1.21,1.22,1.19,1.2,1435400,NaN,NaN,NaN,NaN,NaN,NaN,NaN
1683766800,1.2,1.21,1.19,1.2,911500,NaN,NaN,NaN,NaN,NaN,NaN,NaN
1683853200,1.2,1.2,1.16,1.17,2198700,NaN,NaN,NaN,NaN,NaN,NaN,NaN
1684112400,1.17,1.18,1.17,1.17,284400,NaN,NaN,NaN,NaN,NaN,NaN,NaN
1684198800,1.18,1.18,1.17,1.17,245400,NaN,NaN,NaN,NaN,NaN,NaN,NaN
1684285200,1.17,1.18,1.16,1.17,517000,NaN,NaN,NaN,NaN,NaN,NaN,NaN
1684371600,1.17,1.17,1.16,1.17,1155500,NaN,NaN,NaN,NaN,NaN,NaN,NaN
1684458000,1.17,1.18,1.15,1.16,1257200,NaN,NaN,NaN,NaN,NaN,NaN,NaN
1684717200,1.16,1.16,1.12,1.13,2312300,NaN,NaN,NaN,NaN,NaN,NaN,NaN
1684803600,1.13,1.14,1.1,1.11,2492100,NaN,NaN,NaN,NaN,NaN,NaN,NaN
1684890000,1.11,1.14,1.1,1.11,1277200,NaN,NaN,NaN,NaN,NaN,NaN,NaN
1684976400,1.11,1.16,1.11,1.15,782500,NaN,NaN,NaN,NaN,NaN,NaN,NaN
1685062800,1.15,1.16,1.13,1.14,602800,NaN,NaN,NaN,NaN,NaN,NaN,NaN
1685322000,1.14,1.15,1.12,1.13,912500,NaN,NaN,NaN,NaN,NaN,NaN,NaN
1685408400,1.14,1.17,1.13,1.17,510500,NaN,NaN,NaN,NaN,NaN,NaN,NaN
1685494800,1.17,1.19,1.16,1.19,658500,NaN,NaN,NaN,NaN,NaN,NaN,NaN
1685581200,1.18,1.24,1.17,1.23,1258100,NaN,NaN,NaN,NaN,NaN,NaN,NaN
1685667600,1.22,1.26,1.19,1.23,1526600,NaN,NaN,NaN,NaN,NaN,NaN,NaN
1686013200,1.23,1.23,1.16,1.17,1025200,NaN,NaN,NaN,NaN,NaN,NaN,NaN
1686099600,1.17,1.2,1.15,1.15,478200,NaN,NaN,NaN,NaN,NaN,NaN,NaN
1686186000,1.16,1.18,1.15,1.15,676400,NaN,NaN,NaN,NaN,NaN,NaN,NaN
1686272400,1.15,1.19,1.15,1.17,395000,NaN,NaN,NaN,NaN,NaN,NaN,NaN
1686531600,1.17,1.19,1.15,1.17,412700,NaN,NaN,NaN,NaN,NaN,NaN,NaN
1686618000,1.17,1.17,1.15,1.16,347700,NaN,NaN,NaN,NaN,NaN,NaN,NaN
1686704400,1.16,1.18,1.15,1.16,375100,NaN,NaN,NaN,NaN,NaN,NaN,NaN
1686790800,1.16,1.18,1.16,1.17,258600,NaN,NaN,NaN,NaN,NaN,NaN,NaN
1686877200,1.17,1.27,1.16,1.27,1245100,NaN,NaN,NaN,NaN,NaN,NaN,NaN
1687136400,1.25,1.26,1.2,1.23,584500,NaN,NaN,NaN,NaN,NaN,NaN,NaN
1687222800,1.21,1.22,1.19,1.19,418700,NaN,NaN,NaN,NaN,NaN,NaN,NaN
1687309200,1.19,1.22,1.18,1.2,494900,NaN,NaN,NaN,NaN,NaN,NaN,NaN
1687395600,1.21,1.23,1.2,1.22,971300,NaN,NaN,NaN,NaN,NaN,NaN,NaN
1687482000,1.22,1.22,1.19,1.19,250100,NaN,NaN,NaN,NaN,NaN,NaN,NaN
1687741200,1.19,1.2,1.19,1.19,129300,NaN,NaN,NaN,NaN,NaN,NaN,NaN
1687827600,1.19,1.2,1.17,1.17,790200,NaN,NaN,NaN,NaN,NaN,NaN,NaN
1687914000,1.17,1.18,1.17,1.17,341500,NaN,NaN,NaN,NaN,NaN,NaN,NaN
1688086800,1.18,1.2,1.17,1.17,259000,2277556540,19832795000,4275720999.9999995,-388539000,1858046000,11962252000,0
1688346000,1.17,1.19,1.17,1.19,169700,NaN,NaN,NaN,NaN,NaN,NaN,NaN
1688432400,1.19,1.21,1.19,1.21,247300,NaN,NaN,NaN,NaN,NaN,NaN,NaN
1688518800,1.22,1.22,1.2,1.21,122500,NaN,NaN,NaN,NaN,NaN,NaN,NaN
1688605200,1.2,1.21,1.19,1.21,102300,NaN,NaN,NaN,NaN,NaN,NaN,NaN
1688691600,1.19,1.21,1.19,1.19,222900,NaN,NaN,NaN,NaN,NaN,NaN,NaN
1688950800,1.19,1.21,1.19,1.2,493700,NaN,NaN,NaN,NaN,NaN,NaN,NaN
1689037200,1.2,1.21,1.19,1.19,280300,NaN,NaN,NaN,NaN,NaN,NaN,NaN
1689123600,1.2,1.27,1.2,1.25,1460400,NaN,NaN,NaN,NaN,NaN,NaN,NaN
1689210000,1.25,1.29,1.25,1.26,1184400,NaN,NaN,NaN,NaN,NaN,NaN,NaN
1689296400,1.27,1.29,1.23,1.26,2119700,NaN,NaN,NaN,NaN,NaN,NaN,NaN
1689555600,1.25,1.26,1.24,1.25,512600,NaN,NaN,NaN,NaN,NaN,NaN,NaN
1689642000,1.24,1.26,1.23,1.25,390500,NaN,NaN,NaN,NaN,NaN,NaN,NaN
1689814800,1.24,1.26,1.23,1.24,1215200,NaN,NaN,NaN,NaN,NaN,NaN,NaN
1689901200,1.25,1.26,1.24,1.25,381600,NaN,NaN,NaN,NaN,NaN,NaN,NaN
1690160400,1.25,1.25,1.24,1.24,548800,NaN,NaN,NaN,NaN,NaN,NaN,NaN
1690246800,1.24,1.25,1.23,1.24,553400,NaN,NaN,NaN,NaN,NaN,NaN,NaN
1690333200,1.24,1.25,1.23,1.25,397700,NaN,NaN,NaN,NaN,NaN,NaN,NaN
1690419600,1.25,1.28,1.25,1.25,585000,NaN,NaN,NaN,NaN,NaN,NaN,NaN
1690506000,1.19,1.19,1.15,1.16,3450700,NaN,NaN,NaN,NaN,NaN,NaN,NaN
1690765200,1.16,1.16,1.13,1.14,2548300,NaN,NaN,NaN,NaN,NaN,NaN,NaN
1690851600,1.14,1.15,1.13,1.15,562000,NaN,NaN,NaN,NaN,NaN,NaN,NaN
1690938000,1.13,1.15,1.13,1.14,713400,NaN,NaN,NaN,NaN,NaN,NaN,NaN
1691024400,1.13,1.15,1.13,1.15,813100,NaN,NaN,NaN,NaN,NaN,NaN,NaN
1691110800,1.15,1.17,1.14,1.15,282100,NaN,NaN,NaN,NaN,NaN,NaN,NaN
1691370000,1.15,1.16,1.14,1.16,538300,NaN,NaN,NaN,NaN,NaN,NaN,NaN
1691456400,1.16,1.17,1.15,1.15,361300,NaN,NaN,NaN,NaN,NaN,NaN,NaN
1691542800,1.16,1.18,1.15,1.16,708600,NaN,NaN,NaN,NaN,NaN,NaN,NaN
1691629200,1.17,1.17,1.16,1.16,91200,NaN,NaN,NaN,NaN,NaN,NaN,NaN
1691715600,1.16,1.17,1.15,1.16,345100,NaN,NaN,NaN,NaN,NaN,NaN,NaN
1691974800,1.16,1.16,1.15,1.16,527000,NaN,NaN,NaN,NaN,NaN,NaN,NaN
1692061200,1.15,1.16,1.15,1.15,425300,NaN,NaN,NaN,NaN,NaN,NaN,NaN
1692147600,1.15,1.17,1.15,1.16,552000,NaN,NaN,NaN,NaN,NaN,NaN,NaN
1692234000,1.16,1.17,1.15,1.16,663500,NaN,NaN,NaN,NaN,NaN,NaN,NaN
1692320400,1.16,1.17,1.15,1.15,684700,NaN,NaN,NaN,NaN,NaN,NaN,NaN
1692579600,1.15,1.17,1.14,1.15,1249200,NaN,NaN,NaN,NaN,NaN,NaN,NaN
1692666000,1.15,1.16,1.15,1.15,455100,NaN,NaN,NaN,NaN,NaN,NaN,NaN
1692752400,1.16,1.17,1.15,1.15,105900,NaN,NaN,NaN,NaN,NaN,NaN,NaN
1692838800,1.16,1.17,1.15,1.15,328700,NaN,NaN,NaN,NaN,NaN,NaN,NaN
1692925200,1.16,1.19,1.15,1.17,597900,NaN,NaN,NaN,NaN,NaN,NaN,NaN
1693184400,1.17,1.23,1.17,1.21,765300,NaN,NaN,NaN,NaN,NaN,NaN,NaN
1693270800,1.21,1.27,1.21,1.25,1222100,NaN,NaN,NaN,NaN,NaN,NaN,NaN
1693357200,1.26,1.28,1.23,1.23,1255600,NaN,NaN,NaN,NaN,NaN,NaN,NaN
1693530000,1.25,1.25,1.22,1.23,413800,NaN,NaN,NaN,NaN,NaN,NaN,NaN
1693789200,1.23,1.24,1.21,1.24,332900,NaN,NaN,NaN,NaN,NaN,NaN,NaN
1693875600,1.24,1.26,1.2,1.21,1142300,NaN,NaN,NaN,NaN,NaN,NaN,NaN
1693962000,1.22,1.22,1.21,1.21,133800,NaN,NaN,NaN,NaN,NaN,NaN,NaN
1694048400,1.21,1.21,1.19,1.2,765400,NaN,NaN,NaN,NaN,NaN,NaN,NaN
1694134800,1.2,1.21,1.19,1.19,868100,NaN,NaN,NaN,NaN,NaN,NaN,NaN
1694394000,1.19,1.2,1.19,1.19,413900,NaN,NaN,NaN,NaN,NaN,NaN,NaN
1694480400,1.19,1.19,1.17,1.18,886500,NaN,NaN,NaN,NaN,NaN,NaN,NaN
1694566800,1.18,1.19,1.17,1.17,482700,NaN,NaN,NaN,NaN,NaN,NaN,NaN
1694653200,1.18,1.19,1.17,1.18,519200,NaN,NaN,NaN,NaN,NaN,NaN,NaN
1694739600,1.2,1.2,1.18,1.18,701000,NaN,NaN,NaN,NaN,NaN,NaN,NaN
1694998800,1.18,1.19,1.18,1.18,453500,NaN,NaN,NaN,NaN,NaN,NaN,NaN
1695085200,1.19,1.22,1.18,1.22,1086100,NaN,NaN,NaN,NaN,NaN,NaN,NaN
1695171600,1.22,1.22,1.19,1.2,720100,NaN,NaN,NaN,NaN,NaN,NaN,NaN
1695258000,1.2,1.21,1.18,1.19,620700,NaN,NaN,NaN,NaN,NaN,NaN,NaN
1695344400,1.19,1.22,1.18,1.21,534700,NaN,NaN,NaN,NaN,NaN,NaN,NaN
1695603600,1.21,1.23,1.19,1.19,500800,NaN,NaN,NaN,NaN,NaN,NaN,NaN
1695690000,1.19,1.21,1.18,1.2,527100,NaN,NaN,NaN,NaN,NaN,NaN,NaN
1695776400,1.2,1.2,1.19,1.19,401100,NaN,NaN,NaN,NaN,NaN,NaN,NaN
1695949200,1.19,1.19,1.16,1.16,1096000,2277556540,21894094000,6401636000,-28609000,1961055000,11909331000,0
1696208400,1.16,1.17,1.16,1.17,641900,NaN,NaN,NaN,NaN,NaN,NaN,NaN
1696294800,1.16,1.17,1.15,1.16,756600,NaN,NaN,NaN,NaN,NaN,NaN,NaN
1696381200,1.16,1.17,1.13,1.15,1375300,NaN,NaN,NaN,NaN,NaN,NaN,NaN
1696467600,1.15,1.16,1.13,1.14,579400,NaN,NaN,NaN,NaN,NaN,NaN,NaN
1696554000,1.15,1.17,1.14,1.16,568500,NaN,NaN,NaN,NaN,NaN,NaN,NaN
1696813200,1.16,1.17,1.15,1.16,513100,NaN,NaN,NaN,NaN,NaN,NaN,NaN
1696899600,1.16,1.18,1.16,1.16,287800,NaN,NaN,NaN,NaN,NaN,NaN,NaN
1696986000,1.17,1.2,1.17,1.19,1015800,NaN,NaN,NaN,NaN,NaN,NaN,NaN
1697072400,1.17,1.2,1.16,1.18,1083400,NaN,NaN,NaN,NaN,NaN,NaN,NaN
1697158800,1.19,1.19,1.17,1.18,151300,NaN,NaN,NaN,NaN,NaN,NaN,NaN
1697418000,1.17,1.18,1.17,1.17,104100,NaN,NaN,NaN,NaN,NaN,NaN,NaN
1697504400,1.17,1.19,1.17,1.19,294100,NaN,NaN,NaN,NaN,NaN,NaN,NaN
1697590800,1.19,1.19,1.18,1.19,308400,NaN,NaN,NaN,NaN,NaN,NaN,NaN
1697677200,1.18,1.19,1.15,1.16,796700,NaN,NaN,NaN,NaN,NaN,NaN,NaN
1697763600,1.16,1.17,1.15,1.16,731900,NaN,NaN,NaN,NaN,NaN,NaN,NaN
1698022800,1.16,1.16,1.15,1.15,73100,NaN,NaN,NaN,NaN,NaN,NaN,NaN
1698109200,1.15,1.16,1.14,1.14,791700,NaN,NaN,NaN,NaN,NaN,NaN,NaN
1698195600,1.14,1.14,1.13,1.13,1036000,NaN,NaN,NaN,NaN,NaN,NaN,NaN
1698282000,1.13,1.14,1.12,1.13,626500,NaN,NaN,NaN,NaN,NaN,NaN,NaN
1698368400,1.15,1.17,1.13,1.14,1275700,NaN,NaN,NaN,NaN,NaN,NaN,NaN
1698627600,1.14,1.14,1.11,1.13,1232500,NaN,NaN,NaN,NaN,NaN,NaN,NaN
1698714000,1.13,1.13,1.12,1.13,690500,NaN,NaN,NaN,NaN,NaN,NaN,NaN
1698800400,1.13,1.13,1.1,1.11,1035500,NaN,NaN,NaN,NaN,NaN,NaN,NaN
1698886800,1.11,1.12,1.1,1.11,645000,NaN,NaN,NaN,NaN,NaN,NaN,NaN
1698973200,1.11,1.13,1.11,1.11,573800,NaN,NaN,NaN,NaN,NaN,NaN,NaN
1699232400,1.12,1.16,1.12,1.14,422500,NaN,NaN,NaN,NaN,NaN,NaN,NaN
1699318800,1.15,1.18,1.14,1.18,790800,NaN,NaN,NaN,NaN,NaN,NaN,NaN
1699405200,1.18,1.18,1.15,1.17,351600,NaN,NaN,NaN,NaN,NaN,NaN,NaN
1699491600,1.17,1.19,1.16,1.17,517200,NaN,NaN,NaN,NaN,NaN,NaN,NaN
1699578000,1.17,1.18,1.16,1.17,243300,NaN,NaN,NaN,NaN,NaN,NaN,NaN
1699923600,1.17,1.18,1.16,1.18,403000,NaN,NaN,NaN,NaN,NaN,NaN,NaN
1700010000,1.18,1.18,1.16,1.17,534600,NaN,NaN,NaN,NaN,NaN,NaN,NaN
1700096400,1.17,1.22,1.17,1.19,1354100,NaN,NaN,NaN,NaN,NaN,NaN,NaN
1700182800,1.19,1.21,1.19,1.19,353600,NaN,NaN,NaN,NaN,NaN,NaN,NaN
1700442000,1.19,1.2,1.18,1.19,317100,NaN,NaN,NaN,NaN,NaN,NaN,NaN
1700528400,1.19,1.22,1.18,1.2,1029500,NaN,NaN,NaN,NaN,NaN,NaN,NaN
1700614800,1.19,1.23,1.19,1.23,1201500,NaN,NaN,NaN,NaN,NaN,NaN,NaN
1700701200,1.23,1.24,1.22,1.24,801000,NaN,NaN,NaN,NaN,NaN,NaN,NaN
1700787600,1.24,1.24,1.19,1.2,1026600,NaN,NaN,NaN,NaN,NaN,NaN,NaN
1701046800,1.2,1.21,1.18,1.18,379100,NaN,NaN,NaN,NaN,NaN,NaN,NaN
1701133200,1.18,1.19,1.18,1.19,169000,NaN,NaN,NaN,NaN,NaN,NaN,NaN
1701219600,1.19,1.19,1.16,1.16,923400,NaN,NaN,NaN,NaN,NaN,NaN,NaN
1701306000,1.17,1.19,1.15,1.19,751300,NaN,NaN,NaN,NaN,NaN,NaN,NaN
1701392400,1.18,1.18,1.16,1.16,345500,NaN,NaN,NaN,NaN,NaN,NaN,NaN
1701651600,1.17,1.18,1.16,1.18,155300,NaN,NaN,NaN,NaN,NaN,NaN,NaN
1701738000,1.18,1.2,1.15,1.18,1524400,NaN,NaN,NaN,NaN,NaN,NaN,NaN
1701824400,1.17,1.18,1.16,1.17,854600,NaN,NaN,NaN,NaN,NaN,NaN,NaN
1701910800,1.17,1.17,1.15,1.15,983300,NaN,NaN,NaN,NaN,NaN,NaN,NaN
1701997200,1.16,1.17,1.15,1.16,187000,NaN,NaN,NaN,NaN,NaN,NaN,NaN
1702256400,1.16,1.18,1.16,1.18,385500,NaN,NaN,NaN,NaN,NaN,NaN,NaN
1702342800,1.18,1.2,1.18,1.18,557000,NaN,NaN,NaN,NaN,NaN,NaN,NaN
1702429200,1.19,1.2,1.18,1.19,449200,NaN,NaN,NaN,NaN,NaN,NaN,NaN
1702515600,1.19,1.22,1.19,1.21,562700,NaN,NaN,NaN,NaN,NaN,NaN,NaN
1702602000,1.21,1.23,1.21,1.22,346800,NaN,NaN,NaN,NaN,NaN,NaN,NaN
1702861200,1.22,1.22,1.2,1.2,326900,NaN,NaN,NaN,NaN,NaN,NaN,NaN
1702947600,1.22,1.24,1.21,1.23,900100,NaN,NaN,NaN,NaN,NaN,NaN,NaN
1703034000,1.23,1.24,1.22,1.23,726600,NaN,NaN,NaN,NaN,NaN,NaN,NaN
1703120400,1.23,1.24,1.23,1.23,279000,NaN,NaN,NaN,NaN,NaN,NaN,NaN
1703206800,1.23,1.33,1.23,1.32,3581300,NaN,NaN,NaN,NaN,NaN,NaN,NaN
1703552400,1.32,1.43,1.32,1.4,4832900,NaN,NaN,NaN,NaN,NaN,NaN,NaN
1703638800,1.41,1.42,1.37,1.37,2461000,NaN,NaN,NaN,NaN,NaN,NaN,NaN
1703725200,1.37,1.39,1.34,1.36,1478500,NaN,NaN,NaN,NaN,NaN,NaN,NaN
1703811600,1.36,1.37,1.34,1.35,1601900,2277556540,23122231000,8111543000,-221959000,1855771000,11499199000,0
1704157200,1.35,1.41,1.35,1.4,2579100,NaN,NaN,NaN,NaN,NaN,NaN,NaN
1704243600,1.4,1.45,1.39,1.45,3846600,NaN,NaN,NaN,NaN,NaN,NaN,NaN
1704330000,1.44,1.44,1.4,1.42,2738600,NaN,NaN,NaN,NaN,NaN,NaN,NaN
1704416400,1.42,1.43,1.38,1.42,2388200,NaN,NaN,NaN,NaN,NaN,NaN,NaN
1704675600,1.43,1.43,1.39,1.39,1399700,NaN,NaN,NaN,NaN,NaN,NaN,NaN
1704762000,1.39,1.54,1.37,1.53,6083600,NaN,NaN,NaN,NaN,NaN,NaN,NaN
1704848400,1.52,1.53,1.49,1.51,1989100,NaN,NaN,NaN,NaN,NaN,NaN,NaN
1704934800,1.5,1.51,1.45,1.48,1668600,NaN,NaN,NaN,NaN,NaN,NaN,NaN
1705021200,1.48,1.52,1.46,1.52,988200,NaN,NaN,NaN,NaN,NaN,NaN,NaN
1705280400,1.52,1.57,1.51,1.53,2865300,NaN,NaN,NaN,NaN,NaN,NaN,NaN
1705366800,1.53,1.53,1.45,1.45,2102700,NaN,NaN,NaN,NaN,NaN,NaN,NaN
1705453200,1.45,1.47,1.39,1.44,1731200,NaN,NaN,NaN,NaN,NaN,NaN,NaN
1705539600,1.41,1.43,1.38,1.4,1554800,NaN,NaN,NaN,NaN,NaN,NaN,NaN
1705626000,1.4,1.45,1.39,1.42,753600,NaN,NaN,NaN,NaN,NaN,NaN,NaN
1705885200,1.43,1.5,1.43,1.5,1259800,NaN,NaN,NaN,NaN,NaN,NaN,NaN
1705971600,1.49,1.5,1.47,1.48,524300,NaN,NaN,NaN,NaN,NaN,NaN,NaN
1706058000,1.48,1.5,1.45,1.49,1017200,NaN,NaN,NaN,NaN,NaN,NaN,NaN
1706230800,1.48,1.52,1.47,1.49,891600,NaN,NaN,NaN,NaN,NaN,NaN,NaN
1706490000,1.49,1.5,1.46,1.46,585000,NaN,NaN,NaN,NaN,NaN,NaN,NaN
1706576400,1.36,1.36,1.23,1.23,9787400,NaN,NaN,NaN,NaN,NaN,NaN,NaN
1706662800,1.23,1.23,1.2,1.2,2372300,NaN,NaN,NaN,NaN,NaN,NaN,NaN
1706835600,1.2,1.23,1.18,1.19,1991800,NaN,NaN,NaN,NaN,NaN,NaN,NaN
1707094800,1.19,1.2,1.18,1.19,781200,NaN,NaN,NaN,NaN,NaN,NaN,NaN
1707181200,1.19,1.22,1.18,1.21,1019100,NaN,NaN,NaN,NaN,NaN,NaN,NaN
1707267600,1.21,1.22,1.19,1.2,542300,NaN,NaN,NaN,NaN,NaN,NaN,NaN
1707354000,1.2,1.2,1.19,1.19,484000,NaN,NaN,NaN,NaN,NaN,NaN,NaN
1707440400,1.19,1.2,1.18,1.19,277700,NaN,NaN,NaN,NaN,NaN,NaN,NaN
1707786000,1.2,1.24,1.2,1.23,594300,NaN,NaN,NaN,NaN,NaN,NaN,NaN
1707872400,1.23,1.24,1.21,1.23,254900,NaN,NaN,NaN,NaN,NaN,NaN,NaN
1707958800,1.23,1.24,1.22,1.23,529400,NaN,NaN,NaN,NaN,NaN,NaN,NaN
1708045200,1.23,1.28,1.22,1.27,746100,NaN,NaN,NaN,NaN,NaN,NaN,NaN
1708304400,1.28,1.28,1.23,1.23,693500,NaN,NaN,NaN,NaN,NaN,NaN,NaN
1708390800,1.23,1.25,1.22,1.23,732800,NaN,NaN,NaN,NaN,NaN,NaN,NaN
1708477200,1.23,1.24,1.22,1.22,607500,NaN,NaN,NaN,NaN,NaN,NaN,NaN
1708563600,1.22,1.24,1.21,1.21,827900,NaN,NaN,NaN,NaN,NaN,NaN,NaN
1708650000,1.21,1.22,1.21,1.21,514600,NaN,NaN,NaN,NaN,NaN,NaN,NaN
1708909200,1.21,1.21,1.19,1.19,1054700,NaN,NaN,NaN,NaN,NaN,NaN,NaN
1708995600,1.19,1.21,1.19,1.2,397300,NaN,NaN,NaN,NaN,NaN,NaN,NaN
1709082000,1.2,1.2,1.18,1.19,1262200,NaN,NaN,NaN,NaN,NaN,NaN,NaN
1709168400,1.19,1.19,1.18,1.18,1105100,NaN,NaN,NaN,NaN,NaN,NaN,NaN
1709254800,1.18,1.18,1.15,1.15,1785600,NaN,NaN,NaN,NaN,NaN,NaN,NaN
1709514000,1.15,1.16,1.14,1.14,1387300,NaN,NaN,NaN,NaN,NaN,NaN,NaN
1709600400,1.15,1.15,1.14,1.14,501600,NaN,NaN,NaN,NaN,NaN,NaN,NaN
1709686800,1.14,1.19,1.13,1.16,994900,NaN,NaN,NaN,NaN,NaN,NaN,NaN
1709773200,1.13,1.15,1.12,1.13,2185700,NaN,NaN,NaN,NaN,NaN,NaN,NaN
1709859600,1.14,1.15,1.09,1.15,4620200,NaN,NaN,NaN,NaN,NaN,NaN,NaN
1710118800,1.13,1.22,1.13,1.21,1996600,NaN,NaN,NaN,NaN,NaN,NaN,NaN
1710205200,1.22,1.23,1.2,1.21,790800,NaN,NaN,NaN,NaN,NaN,NaN,NaN
1710291600,1.21,1.22,1.15,1.16,1497100,NaN,NaN,NaN,NaN,NaN,NaN,NaN
1710378000,1.16,1.19,1.14,1.15,1389500,NaN,NaN,NaN,NaN,NaN,NaN,NaN
1710464400,1.18,1.18,1.12,1.14,1443300,NaN,NaN,NaN,NaN,NaN,NaN,NaN
1710723600,1.15,1.16,1.13,1.15,973600,NaN,NaN,NaN,NaN,NaN,NaN,NaN
1710810000,1.15,1.16,1.14,1.15,656200,NaN,NaN,NaN,NaN,NaN,NaN,NaN
1710896400,1.15,1.18,1.14,1.15,2052400,NaN,NaN,NaN,NaN,NaN,NaN,NaN
1710982800,1.15,1.16,1.14,1.16,1349200,NaN,NaN,NaN,NaN,NaN,NaN,NaN
1711069200,1.15,1.16,1.14,1.15,623700,NaN,NaN,NaN,NaN,NaN,NaN,NaN
1711328400,1.14,1.14,1.11,1.12,2744400,NaN,NaN,NaN,NaN,NaN,NaN,NaN
1711414800,1.12,1.16,1.11,1.14,957700,NaN,NaN,NaN,NaN,NaN,NaN,NaN
1711501200,1.14,1.14,1.12,1.13,1455900,NaN,NaN,NaN,NaN,NaN,NaN,NaN
1711674000,1.13,1.14,1.12,1.13,1443600,2277557000,24687037000,9423581000,-191918000,1917665000,11659992000,0
1711933200,1.13,1.15,1.12,1.13,1389700,NaN,NaN,NaN,NaN,NaN,NaN,NaN
1712019600,1.13,1.14,1.12,1.14,722700,NaN,NaN,NaN,NaN,NaN,NaN,NaN
1712106000,1.13,1.14,1.12,1.14,787100,NaN,NaN,NaN,NaN,NaN,NaN,NaN
1712192400,1.14,1.15,1.12,1.13,1246800,NaN,NaN,NaN,NaN,NaN,NaN,NaN
1712278800,1.13,1.14,1.12,1.13,1468700,NaN,NaN,NaN,NaN,NaN,NaN,NaN
1712538000,1.13,1.15,1.13,1.15,864600,NaN,NaN,NaN,NaN,NaN,NaN,NaN
1712624400,1.15,1.15,1.14,1.15,407900,NaN,NaN,NaN,NaN,NaN,NaN,NaN
1712883600,1.15,1.15,1.13,1.14,828200,NaN,NaN,NaN,NaN,NaN,NaN,NaN
1713142800,1.14,1.15,1.12,1.12,1446700,NaN,NaN,NaN,NaN,NaN,NaN,NaN
1713229200,1.12,1.12,1.08,1.1,3460100,NaN,NaN,NaN,NaN,NaN,NaN,NaN
1713315600,1.1,1.12,1.08,1.1,781000,NaN,NaN,NaN,NaN,NaN,NaN,NaN
1713402000,1.1,1.11,1.09,1.1,398900,NaN,NaN,NaN,NaN,NaN,NaN,NaN
1713488400,1.1,1.1,1.07,1.08,1205600,NaN,NaN,NaN,NaN,NaN,NaN,NaN
1713747600,1.08,1.09,1.07,1.07,688000,NaN,NaN,NaN,NaN,NaN,NaN,NaN
1713834000,1.07,1.11,1.07,1.1,1260000,NaN,NaN,NaN,NaN,NaN,NaN,NaN
1713920400,1.1,1.1,1.09,1.09,434100,NaN,NaN,NaN,NaN,NaN,NaN,NaN
1714006800,1.09,1.12,1.09,1.09,844200,NaN,NaN,NaN,NaN,NaN,NaN,NaN
1714093200,1.09,1.1,1.09,1.09,408000,NaN,NaN,NaN,NaN,NaN,NaN,NaN
1714352400,1.09,1.1,1.08,1.08,730600,NaN,NaN,NaN,NaN,NaN,NaN,NaN
1714438800,1.08,1.13,1.08,1.1,1166900,NaN,NaN,NaN,NaN,NaN,NaN,NaN
1714611600,1.11,1.11,1.09,1.1,244600,NaN,NaN,NaN,NaN,NaN,NaN,NaN
1714698000,1.08,1.09,1.06,1.07,2253800,NaN,NaN,NaN,NaN,NaN,NaN,NaN
1714957200,1.06,1.07,1.01,1.02,4726200,NaN,NaN,NaN,NaN,NaN,NaN,NaN
1715043600,1.02,1.02,0.995,1,4725600,NaN,NaN,NaN,NaN,NaN,NaN,NaN
1715130000,1,1.01,0.99,0.99,2453700,NaN,NaN,NaN,NaN,NaN,NaN,NaN
1715216400,0.99,1.01,0.985,0.99,3407900,NaN,NaN,NaN,NaN,NaN,NaN,NaN
1715302800,0.99,1.01,0.99,1,2002300,NaN,NaN,NaN,NaN,NaN,NaN,NaN
1715562000,1,1.03,1,1,3232700,NaN,NaN,NaN,NaN,NaN,NaN,NaN
1715648400,1.01,1.01,0.995,0.995,1323900,NaN,NaN,NaN,NaN,NaN,NaN,NaN
1715734800,0.995,1.06,0.995,1.02,9385400,NaN,NaN,NaN,NaN,NaN,NaN,NaN
1715821200,1.02,1.04,1,1.01,4077000,NaN,NaN,NaN,NaN,NaN,NaN,NaN
1715907600,1.01,1.04,1,1.03,3103500,NaN,NaN,NaN,NaN,NaN,NaN,NaN
1716166800,1.03,1.07,1.03,1.06,2605100,NaN,NaN,NaN,NaN,NaN,NaN,NaN
1716253200,1.07,1.08,1.04,1.05,1829100,NaN,NaN,NaN,NaN,NaN,NaN,NaN
1716426000,1.05,1.08,1.05,1.06,796100,NaN,NaN,NaN,NaN,NaN,NaN,NaN
1716512400,1.05,1.06,1.02,1.04,1158300,NaN,NaN,NaN,NaN,NaN,NaN,NaN
1716771600,1.05,1.06,1.03,1.04,907000,NaN,NaN,NaN,NaN,NaN,NaN,NaN
1716858000,1.04,1.05,1.02,1.03,743100,NaN,NaN,NaN,NaN,NaN,NaN,NaN
1716944400,1.03,1.04,1.02,1.03,662300,NaN,NaN,NaN,NaN,NaN,NaN,NaN
1717030800,1.03,1.04,1.02,1.03,578500,NaN,NaN,NaN,NaN,NaN,NaN,NaN
1717117200,1.02,1.09,1.01,1.09,3740800,NaN,NaN,NaN,NaN,NaN,NaN,NaN
1717462800,1.08,1.08,1.02,1.03,1514500,NaN,NaN,NaN,NaN,NaN,NaN,NaN
1717549200,1.04,1.06,1.03,1.05,600500,NaN,NaN,NaN,NaN,NaN,NaN,NaN
1717635600,1.05,1.06,1.04,1.05,794000,NaN,NaN,NaN,NaN,NaN,NaN,NaN
1717722000,1.05,1.08,1.05,1.07,840200,NaN,NaN,NaN,NaN,NaN,NaN,NaN
1717981200,1.07,1.14,1.06,1.12,3550300,NaN,NaN,NaN,NaN,NaN,NaN,NaN
1718067600,1.12,1.18,1.12,1.17,5601900,NaN,NaN,NaN,NaN,NaN,NaN,NaN
1718154000,1.17,1.23,1.16,1.2,5480200,NaN,NaN,NaN,NaN,NaN,NaN,NaN
1718240400,1.21,1.39,1.21,1.33,15194900,NaN,NaN,NaN,NaN,NaN,NaN,NaN
1718326800,1.33,1.33,1.26,1.28,5908000,NaN,NaN,NaN,NaN,NaN,NaN,NaN
1718672400,1.28,1.34,1.28,1.28,3369200,NaN,NaN,NaN,NaN,NaN,NaN,NaN
1718758800,1.28,1.3,1.23,1.25,3786000,NaN,NaN,NaN,NaN,NaN,NaN,NaN
1718845200,1.25,1.28,1.2,1.21,4007200,NaN,NaN,NaN,NaN,NaN,NaN,NaN
1718931600,1.2,1.28,1.2,1.28,2855700,NaN,NaN,NaN,NaN,NaN,NaN,NaN
1719190800,1.29,1.29,1.24,1.25,2198900,NaN,NaN,NaN,NaN,NaN,NaN,NaN
1719277200,1.24,1.25,1.2,1.21,1213100,NaN,NaN,NaN,NaN,NaN,NaN,NaN
1719363600,1.21,1.25,1.21,1.25,1274100,NaN,NaN,NaN,NaN,NaN,NaN,NaN
1719450000,1.25,1.25,1.21,1.22,922200,NaN,NaN,NaN,NaN,NaN,NaN,NaN
1719536400,1.22,1.24,1.21,1.22,770800,2277556540,25158936000,10207986000,-285848000,1778038000,11370789000,0
1719795600,1.22,1.28,1.22,1.28,1421800,NaN,NaN,NaN,NaN,NaN,NaN,NaN
1719882000,1.28,1.29,1.25,1.26,1213600,NaN,NaN,NaN,NaN,NaN,NaN,NaN
1719968400,1.28,1.28,1.24,1.26,950800,NaN,NaN,NaN,NaN,NaN,NaN,NaN
1720054800,1.25,1.26,1.23,1.25,771900,NaN,NaN,NaN,NaN,NaN,NaN,NaN
1720141200,1.25,1.27,1.24,1.27,548200,NaN,NaN,NaN,NaN,NaN,NaN,NaN
1720486800,1.26,1.27,1.24,1.25,713200,NaN,NaN,NaN,NaN,NaN,NaN,NaN
1720573200,1.24,1.25,1.21,1.22,1290700,NaN,NaN,NaN,NaN,NaN,NaN,NaN
1720659600,1.22,1.23,1.22,1.23,368700,NaN,NaN,NaN,NaN,NaN,NaN,NaN
1720746000,1.22,1.24,1.2,1.22,1163500,NaN,NaN,NaN,NaN,NaN,NaN,NaN
1721005200,1.22,1.23,1.2,1.22,1282500,NaN,NaN,NaN,NaN,NaN,NaN,NaN
1721091600,1.21,1.21,1.15,1.17,2788700,NaN,NaN,NaN,NaN,NaN,NaN,NaN
1721178000,1.16,1.17,1.15,1.16,802500,NaN,NaN,NaN,NaN,NaN,NaN,NaN
1721264400,1.16,1.17,1.15,1.15,683800,NaN,NaN,NaN,NaN,NaN,NaN,NaN
1721350800,1.15,1.17,1.14,1.17,485900,NaN,NaN,NaN,NaN,NaN,NaN,NaN
1721610000,1.15,1.16,1.12,1.13,1674000,NaN,NaN,NaN,NaN,NaN,NaN,NaN
1721696400,1.14,1.15,1.1,1.13,1440300,NaN,NaN,NaN,NaN,NaN,NaN,NaN
1721782800,1.13,1.13,1.12,1.13,868700,NaN,NaN,NaN,NaN,NaN,NaN,NaN
1721869200,1.12,1.16,1.1,1.12,1360100,NaN,NaN,NaN,NaN,NaN,NaN,NaN
1721955600,1.12,1.13,1.08,1.1,2669200,NaN,NaN,NaN,NaN,NaN,NaN,NaN
1722214800,1.1,1.12,1.1,1.1,1025100,NaN,NaN,NaN,NaN,NaN,NaN,NaN
1722301200,1.1,1.11,1.08,1.1,1720500,NaN,NaN,NaN,NaN,NaN,NaN,NaN
1722387600,1.09,1.09,1.06,1.07,1045000,NaN,NaN,NaN,NaN,NaN,NaN,NaN
1722474000,1.06,1.08,1.05,1.06,1274000,NaN,NaN,NaN,NaN,NaN,NaN,NaN
1722560400,1.06,1.06,1,1.01,6057300,NaN,NaN,NaN,NaN,NaN,NaN,NaN
1722819600,1.01,1.01,0.94,0.95,5378300,NaN,NaN,NaN,NaN,NaN,NaN,NaN
1722906000,0.945,0.96,0.93,0.955,2400000,NaN,NaN,NaN,NaN,NaN,NaN,NaN
1722992400,0.96,0.98,0.945,0.97,1526800,NaN,NaN,NaN,NaN,NaN,NaN,NaN
1723078800,0.98,0.98,0.955,0.96,716100,NaN,NaN,NaN,NaN,NaN,NaN,NaN
1723165200,0.96,0.995,0.96,0.995,961100,NaN,NaN,NaN,NaN,NaN,NaN,NaN
1723424400,0.98,1.04,0.98,1.03,596800,NaN,NaN,NaN,NaN,NaN,NaN,NaN
1723510800,1.03,1.05,1.02,1.04,735500,NaN,NaN,NaN,NaN,NaN,NaN,NaN
1723597200,1.03,1.05,1.01,1.03,417800,NaN,NaN,NaN,NaN,NaN,NaN,NaN
1723683600,1.03,1.03,1,1.01,588300,NaN,NaN,NaN,NaN,NaN,NaN,NaN
1723770000,1.01,1.04,1.01,1.03,1018800,NaN,NaN,NaN,NaN,NaN,NaN,NaN
1724029200,1.02,1.03,1.01,1.03,445000,NaN,NaN,NaN,NaN,NaN,NaN,NaN
1724115600,1.03,1.03,1.01,1.01,507000,NaN,NaN,NaN,NaN,NaN,NaN,NaN
1724202000,1.01,1.06,1.01,1.06,1869700,NaN,NaN,NaN,NaN,NaN,NaN,NaN
1724288400,1.06,1.06,1.04,1.05,552800,NaN,NaN,NaN,NaN,NaN,NaN,NaN
1724374800,1.05,1.06,1.03,1.04,714400,NaN,NaN,NaN,NaN,NaN,NaN,NaN
1724634000,1.04,1.05,1.02,1.04,756900,NaN,NaN,NaN,NaN,NaN,NaN,NaN
1724720400,1.04,1.06,1.02,1.04,320800,NaN,NaN,NaN,NaN,NaN,NaN,NaN
1724806800,1.04,1.04,1.02,1.02,533200,NaN,NaN,NaN,NaN,NaN,NaN,NaN
1724893200,1.02,1.02,0.965,0.975,2399200,NaN,NaN,NaN,NaN,NaN,NaN,NaN
1724979600,0.975,1.02,0.975,1.02,1168800,NaN,NaN,NaN,NaN,NaN,NaN,NaN
1725238800,1,1.02,0.965,1,1064200,NaN,NaN,NaN,NaN,NaN,NaN,NaN
1725325200,0.99,0.99,0.975,0.975,1226600,NaN,NaN,NaN,NaN,NaN,NaN,NaN
1725411600,0.97,0.98,0.95,0.97,976200,NaN,NaN,NaN,NaN,NaN,NaN,NaN
1725498000,0.965,0.98,0.95,0.975,240300,NaN,NaN,NaN,NaN,NaN,NaN,NaN
1725584400,0.96,1,0.96,0.975,989100,NaN,NaN,NaN,NaN,NaN,NaN,NaN
1725843600,0.965,0.97,0.96,0.965,277900,NaN,NaN,NaN,NaN,NaN,NaN,NaN
1725930000,0.965,0.97,0.96,0.96,222400,NaN,NaN,NaN,NaN,NaN,NaN,NaN
1726016400,0.96,0.97,0.955,0.965,288400,NaN,NaN,NaN,NaN,NaN,NaN,NaN
1726102800,0.96,0.97,0.96,0.97,314000,NaN,NaN,NaN,NaN,NaN,NaN,NaN
1726189200,0.97,0.97,0.965,0.965,93600,NaN,NaN,NaN,NaN,NaN,NaN,NaN
1726534800,0.97,0.975,0.965,0.97,292100,NaN,NaN,NaN,NaN,NaN,NaN,NaN
1726621200,0.97,0.98,0.97,0.975,197800,NaN,NaN,NaN,NaN,NaN,NaN,NaN
1726707600,0.975,1.02,0.975,1.02,2778700,NaN,NaN,NaN,NaN,NaN,NaN,NaN
1726794000,1.02,1.03,0.985,0.985,814700,NaN,NaN,NaN,NaN,NaN,NaN,NaN
1727053200,0.985,0.995,0.975,0.985,618400,NaN,NaN,NaN,NaN,NaN,NaN,NaN
1727139600,0.975,1.03,0.975,1.03,1411200,NaN,NaN,NaN,NaN,NaN,NaN,NaN
1727226000,1.04,1.05,1,1.02,343200,NaN,NaN,NaN,NaN,NaN,NaN,NaN
1727312400,1.01,1.03,0.99,1,1129700,NaN,NaN,NaN,NaN,NaN,NaN,NaN
1727398800,0.99,1.01,0.99,0.995,1282200,NaN,NaN,NaN,NaN,NaN,NaN,NaN
1727658000,0.99,1.01,0.99,1,563900,2277557000,22159657000,9350326000,-211159000,1946042000,9682298000,0
1727744400,0.995,1.04,0.995,1.02,1720800,NaN,NaN,NaN,NaN,NaN,NaN,NaN
1727830800,1.01,1.03,1,1.01,772300,NaN,NaN,NaN,NaN,NaN,NaN,NaN
1727917200,1.01,1.02,1,1.02,222700,NaN,NaN,NaN,NaN,NaN,NaN,NaN
1728003600,1.01,1.02,0.995,1.01,1520900,NaN,NaN,NaN,NaN,NaN,NaN,NaN
1728262800,1,1.06,1,1.04,1877800,NaN,NaN,NaN,NaN,NaN,NaN,NaN
1728349200,1.04,1.06,1.01,1.03,733000,NaN,NaN,NaN,NaN,NaN,NaN,NaN
1728435600,1.03,1.03,1.02,1.03,234900,NaN,NaN,NaN,NaN,NaN,NaN,NaN
1728522000,1.02,1.03,1.01,1.02,612500,NaN,NaN,NaN,NaN,NaN,NaN,NaN
1728608400,1.02,1.04,1.02,1.02,274300,NaN,NaN,NaN,NaN,NaN,NaN,NaN
1728867600,1.02,1.03,1,1,391500,NaN,NaN,NaN,NaN,NaN,NaN,NaN
1728954000,1.01,1.01,0.985,0.985,1273300,NaN,NaN,NaN,NaN,NaN,NaN,NaN
1729040400,0.985,0.995,0.98,0.985,1166800,NaN,NaN,NaN,NaN,NaN,NaN,NaN
1729126800,0.99,0.995,0.985,0.985,218200,NaN,NaN,NaN,NaN,NaN,NaN,NaN
1729213200,0.99,0.995,0.985,0.995,172700,NaN,NaN,NaN,NaN,NaN,NaN,NaN
1729472400,0.995,0.995,0.99,0.99,1315200,NaN,NaN,NaN,NaN,NaN,NaN,NaN
1729558800,0.99,0.995,0.985,0.995,303800,NaN,NaN,NaN,NaN,NaN,NaN,NaN
1729645200,0.995,0.995,0.985,0.99,410500,NaN,NaN,NaN,NaN,NaN,NaN,NaN
1729731600,0.99,0.995,0.98,0.99,276500,NaN,NaN,NaN,NaN,NaN,NaN,NaN
1729818000,0.985,0.985,0.96,0.965,1529900,NaN,NaN,NaN,NaN,NaN,NaN,NaN
1730077200,0.96,0.97,0.955,0.965,574300,NaN,NaN,NaN,NaN,NaN,NaN,NaN
1730163600,0.965,0.965,0.955,0.96,301300,NaN,NaN,NaN,NaN,NaN,NaN,NaN
1730250000,0.96,0.96,0.935,0.94,1252600,NaN,NaN,NaN,NaN,NaN,NaN,NaN
1730422800,0.94,0.98,0.93,0.975,1740400,NaN,NaN,NaN,NaN,NaN,NaN,NaN
1730682000,0.97,0.97,0.95,0.955,221300,NaN,NaN,NaN,NaN,NaN,NaN,NaN
1730768400,0.95,0.96,0.945,0.955,329100,NaN,NaN,NaN,NaN,NaN,NaN,NaN
1730854800,0.945,0.975,0.945,0.96,1916500,NaN,NaN,NaN,NaN,NaN,NaN,NaN
1730941200,0.95,0.96,0.91,0.92,2617200,NaN,NaN,NaN,NaN,NaN,NaN,NaN
1731027600,0.915,0.92,0.88,0.885,1961700,NaN,NaN,NaN,NaN,NaN,NaN,NaN
1731286800,0.885,0.885,0.825,0.835,2867500,NaN,NaN,NaN,NaN,NaN,NaN,NaN
1731373200,0.83,0.83,0.78,0.785,4349700,NaN,NaN,NaN,NaN,NaN,NaN,NaN
1731459600,0.78,0.795,0.77,0.795,1321600,NaN,NaN,NaN,NaN,NaN,NaN,NaN
1731546000,0.795,0.795,0.775,0.775,1232600,NaN,NaN,NaN,NaN,NaN,NaN,NaN
1731632400,0.775,0.785,0.77,0.78,1195000,NaN,NaN,NaN,NaN,NaN,NaN,NaN
1731891600,0.775,0.78,0.77,0.78,1036200,NaN,NaN,NaN,NaN,NaN,NaN,NaN
1731978000,0.77,0.78,0.765,0.775,738500,NaN,NaN,NaN,NaN,NaN,NaN,NaN
1732064400,0.77,0.775,0.76,0.76,1327800,NaN,NaN,NaN,NaN,NaN,NaN,NaN
1732150800,0.76,0.76,0.745,0.745,1389600,NaN,NaN,NaN,NaN,NaN,NaN,NaN
1732237200,0.745,0.77,0.745,0.76,789200,NaN,NaN,NaN,NaN,NaN,NaN,NaN
1732496400,0.76,0.78,0.745,0.745,9026900,NaN,NaN,NaN,NaN,NaN,NaN,NaN
1732582800,0.74,0.745,0.7,0.71,3257900,NaN,NaN,NaN,NaN,NaN,NaN,NaN
1732669200,0.705,0.73,0.7,0.725,1507300,NaN,NaN,NaN,NaN,NaN,NaN,NaN
1732755600,0.72,0.72,0.7,0.7,1883100,NaN,NaN,NaN,NaN,NaN,NaN,NaN
1732842000,0.7,0.7,0.68,0.685,3460700,NaN,NaN,NaN,NaN,NaN,NaN,NaN
1733101200,0.69,0.69,0.67,0.675,1492000,NaN,NaN,NaN,NaN,NaN,NaN,NaN
1733187600,0.675,0.675,0.65,0.665,2803600,NaN,NaN,NaN,NaN,NaN,NaN,NaN
1733274000,0.665,0.68,0.665,0.665,2472700,NaN,NaN,NaN,NaN,NaN,NaN,NaN
1733360400,0.67,0.675,0.665,0.675,1328500,NaN,NaN,NaN,NaN,NaN,NaN,NaN
1733446800,0.67,0.705,0.665,0.69,5528000,NaN,NaN,NaN,NaN,NaN,NaN,NaN
1733706000,0.695,0.695,0.67,0.67,2089200,NaN,NaN,NaN,NaN,NaN,NaN,NaN
1733792400,0.67,0.675,0.65,0.66,3731700,NaN,NaN,NaN,NaN,NaN,NaN,NaN
1733878800,0.66,0.665,0.65,0.655,2290500,NaN,NaN,NaN,NaN,NaN,NaN,NaN
1733965200,0.655,0.66,0.64,0.645,3045500,NaN,NaN,NaN,NaN,NaN,NaN,NaN
1734051600,0.64,0.65,0.625,0.63,4128000,NaN,NaN,NaN,NaN,NaN,NaN,NaN
1734310800,0.62,0.62,0.595,0.595,6349700,NaN,NaN,NaN,NaN,NaN,NaN,NaN
1734397200,0.595,0.595,0.56,0.565,5595800,NaN,NaN,NaN,NaN,NaN,NaN,NaN
1734483600,0.565,0.6,0.56,0.595,7525300,NaN,NaN,NaN,NaN,NaN,NaN,NaN
1734570000,0.58,0.645,0.575,0.64,9772200,NaN,NaN,NaN,NaN,NaN,NaN,NaN
1734656400,0.64,0.64,0.595,0.605,3899400,NaN,NaN,NaN,NaN,NaN,NaN,NaN
1734915600,0.6,0.605,0.58,0.595,2273400,NaN,NaN,NaN,NaN,NaN,NaN,NaN
1735002000,0.595,0.62,0.59,0.6,1653800,NaN,NaN,NaN,NaN,NaN,NaN,NaN
1735174800,0.605,0.605,0.59,0.6,1690300,NaN,NaN,NaN,NaN,NaN,NaN,NaN
1735261200,0.605,0.635,0.605,0.63,3280800,NaN,NaN,NaN,NaN,NaN,NaN,NaN
1735520400,0.625,0.66,0.615,0.65,3700800,NaN,NaN,NaN,NaN,NaN,NaN,NaN
1735606800,0.65,0.655,0.635,0.64,1781500,2277557000,23299101000,10500799000,-202396000,1793286000,9417897000,0
1735779600,0.64,0.645,0.62,0.64,1187700,NaN,NaN,NaN,NaN,NaN,NaN,NaN
1735866000,0.635,0.65,0.615,0.625,2376000,NaN,NaN,NaN,NaN,NaN,NaN,NaN
1736125200,0.625,0.635,0.62,0.635,825800,NaN,NaN,NaN,NaN,NaN,NaN,NaN
1736211600,0.635,0.635,0.61,0.61,1341600,NaN,NaN,NaN,NaN,NaN,NaN,NaN
1736298000,0.605,0.61,0.59,0.6,1911000,NaN,NaN,NaN,NaN,NaN,NaN,NaN
1736384400,0.6,0.6,0.585,0.585,1069600,NaN,NaN,NaN,NaN,NaN,NaN,NaN
1736470800,0.59,0.59,0.58,0.59,695400,NaN,NaN,NaN,NaN,NaN,NaN,NaN
1736730000,0.59,0.59,0.57,0.575,1583900,NaN,NaN,NaN,NaN,NaN,NaN,NaN
1736816400,0.575,0.58,0.57,0.575,706600,NaN,NaN,NaN,NaN,NaN,NaN,NaN
1736902800,0.57,0.585,0.56,0.57,1309900,NaN,NaN,NaN,NaN,NaN,NaN,NaN
1736989200,0.57,0.58,0.565,0.575,604500,NaN,NaN,NaN,NaN,NaN,NaN,NaN
1737075600,0.575,0.58,0.56,0.575,991500,NaN,NaN,NaN,NaN,NaN,NaN,NaN
1737334800,0.57,0.585,0.57,0.58,468900,NaN,NaN,NaN,NaN,NaN,NaN,NaN
1737421200,0.585,0.595,0.58,0.59,498500,NaN,NaN,NaN,NaN,NaN,NaN,NaN
1737507600,0.595,0.6,0.575,0.585,546100,NaN,NaN,NaN,NaN,NaN,NaN,NaN
1737594000,0.585,0.585,0.565,0.565,913200,NaN,NaN,NaN,NaN,NaN,NaN,NaN
1737680400,0.565,0.57,0.56,0.565,699700,NaN,NaN,NaN,NaN,NaN,NaN,NaN
1737939600,0.565,0.565,0.56,0.565,299400,NaN,NaN,NaN,NaN,NaN,NaN,NaN
1738026000,0.565,0.57,0.56,0.57,318100,NaN,NaN,NaN,NaN,NaN,NaN,NaN
1738285200,0.57,0.58,0.56,0.575,266200,NaN,NaN,NaN,NaN,NaN,NaN,NaN
1738544400,0.57,0.575,0.565,0.565,511100,NaN,NaN,NaN,NaN,NaN,NaN,NaN
1738630800,0.565,0.57,0.56,0.57,619800,NaN,NaN,NaN,NaN,NaN,NaN,NaN
1738717200,0.57,0.575,0.565,0.57,276300,NaN,NaN,NaN,NaN,NaN,NaN,NaN
1738803600,0.57,0.585,0.57,0.575,367200,NaN,NaN,NaN,NaN,NaN,NaN,NaN
1738890000,0.56,0.56,0.535,0.535,2484500,NaN,NaN,NaN,NaN,NaN,NaN,NaN
1739149200,0.54,0.545,0.535,0.54,951600,NaN,NaN,NaN,NaN,NaN,NaN,NaN
1739322000,0.545,0.545,0.535,0.535,535800,NaN,NaN,NaN,NaN,NaN,NaN,NaN
1739408400,0.535,0.535,0.51,0.515,1874200,NaN,NaN,NaN,NaN,NaN,NaN,NaN
1739494800,0.515,0.515,0.5,0.5,1648400,NaN,NaN,NaN,NaN,NaN,NaN,NaN
1739754000,0.5,0.5,0.47,0.475,2938700,NaN,NaN,NaN,NaN,NaN,NaN,NaN
1739840400,0.47,0.47,0.455,0.465,1270500,NaN,NaN,NaN,NaN,NaN,NaN,NaN
1739926800,0.465,0.465,0.45,0.455,1359400,NaN,NaN,NaN,NaN,NaN,NaN,NaN
1740013200,0.45,0.455,0.44,0.445,840300,NaN,NaN,NaN,NaN,NaN,NaN,NaN
1740099600,0.445,0.475,0.44,0.47,1620600,NaN,NaN,NaN,NaN,NaN,NaN,NaN
1740358800,0.46,0.465,0.44,0.45,1250400,NaN,NaN,NaN,NaN,NaN,NaN,NaN
1740445200,0.45,0.45,0.42,0.435,1149400,NaN,NaN,NaN,NaN,NaN,NaN,NaN
1740531600,0.435,0.435,0.42,0.435,811400,NaN,NaN,NaN,NaN,NaN,NaN,NaN
1740618000,0.43,0.45,0.43,0.44,751200,NaN,NaN,NaN,NaN,NaN,NaN,NaN
1740704400,0.44,0.44,0.425,0.44,651400,NaN,NaN,NaN,NaN,NaN,NaN,NaN
1740963600,0.43,0.435,0.405,0.405,2267800,NaN,NaN,NaN,NaN,NaN,NaN,NaN
1741050000,0.4,0.4,0.39,0.395,1921100,NaN,NaN,NaN,NaN,NaN,NaN,NaN
1741136400,0.395,0.4,0.39,0.395,924800,NaN,NaN,NaN,NaN,NaN,NaN,NaN
1741222800,0.395,0.405,0.39,0.4,1874500,NaN,NaN,NaN,NaN,NaN,NaN,NaN
1741309200,0.4,0.405,0.395,0.4,2690700,NaN,NaN,NaN,NaN,NaN,NaN,NaN
1741568400,0.4,0.42,0.4,0.405,2006300,NaN,NaN,NaN,NaN,NaN,NaN,NaN
1741654800,0.395,0.41,0.39,0.4,2570000,NaN,NaN,NaN,NaN,NaN,NaN,NaN
1741741200,0.4,0.405,0.385,0.395,1221800,NaN,NaN,NaN,NaN,NaN,NaN,NaN
1741827600,0.395,0.4,0.39,0.39,2462600,NaN,NaN,NaN,NaN,NaN,NaN,NaN
1741914000,0.385,0.44,0.385,0.43,3966300,NaN,NaN,NaN,NaN,NaN,NaN,NaN
1742173200,0.44,0.49,0.44,0.48,2991200,NaN,NaN,NaN,NaN,NaN,NaN,NaN
1742346000,0.485,0.485,0.465,0.47,902300,NaN,NaN,NaN,NaN,NaN,NaN,NaN
1742432400,0.475,0.49,0.465,0.475,619000,NaN,NaN,NaN,NaN,NaN,NaN,NaN
1742518800,0.47,0.47,0.435,0.435,10381500,NaN,NaN,NaN,NaN,NaN,NaN,NaN
1742778000,0.425,0.43,0.405,0.41,2102700,NaN,NaN,NaN,NaN,NaN,NaN,NaN
1742864400,0.41,0.425,0.41,0.415,866200,NaN,NaN,NaN,NaN,NaN,NaN,NaN
1742950800,0.42,0.425,0.415,0.42,559800,NaN,NaN,NaN,NaN,NaN,NaN,NaN
1743037200,0.415,0.435,0.415,0.43,865400,NaN,NaN,NaN,NaN,NaN,NaN,NaN
1743123600,0.42,0.425,0.41,0.41,1130800,2277557000,23362263000,10779960000,-127781000,1491116000,9232815000,0
1743555600,0.41,0.415,0.4,0.415,869300,NaN,NaN,NaN,NaN,NaN,NaN,NaN
1743642000,0.405,0.42,0.4,0.41,774500,NaN,NaN,NaN,NaN,NaN,NaN,NaN
1743728400,0.405,0.425,0.395,0.395,2607400,NaN,NaN,NaN,NaN,NaN,NaN,NaN
1743987600,0.39,0.39,0.355,0.37,4098100,NaN,NaN,NaN,NaN,NaN,NaN,NaN
1744074000,0.37,0.385,0.365,0.37,1484700,NaN,NaN,NaN,NaN,NaN,NaN,NaN
1744160400,0.37,0.37,0.35,0.36,3579400,NaN,NaN,NaN,NaN,NaN,NaN,NaN
1744246800,0.375,0.385,0.365,0.365,2477800,NaN,NaN,NaN,NaN,NaN,NaN,NaN
1744333200,0.365,0.395,0.36,0.385,1457700,NaN,NaN,NaN,NaN,NaN,NaN,NaN
1744592400,0.39,0.405,0.385,0.395,1530900,NaN,NaN,NaN,NaN,NaN,NaN,NaN
1744678800,0.395,0.4,0.39,0.4,333500,NaN,NaN,NaN,NaN,NaN,NaN,NaN
1744765200,0.395,0.4,0.385,0.395,437000,NaN,NaN,NaN,NaN,NaN,NaN,NaN
1744851600,0.39,0.395,0.38,0.395,1201200,NaN,NaN,NaN,NaN,NaN,NaN,NaN
1744938000,0.395,0.4,0.385,0.4,201700,NaN,NaN,NaN,NaN,NaN,NaN,NaN
1745197200,0.4,0.4,0.39,0.395,250500,NaN,NaN,NaN,NaN,NaN,NaN,NaN
1745283600,0.39,0.395,0.385,0.395,340400,NaN,NaN,NaN,NaN,NaN,NaN,NaN
1745370000,0.4,0.405,0.39,0.405,522600,NaN,NaN,NaN,NaN,NaN,NaN,NaN
1745456400,0.4,0.42,0.4,0.405,1376900,NaN,NaN,NaN,NaN,NaN,NaN,NaN
1745542800,0.405,0.445,0.405,0.44,1948400,NaN,NaN,NaN,NaN,NaN,NaN,NaN
1745802000,0.44,0.455,0.43,0.44,1284900,NaN,NaN,NaN,NaN,NaN,NaN,NaN
1745888400,0.44,0.445,0.43,0.435,563800,NaN,NaN,NaN,NaN,NaN,NaN,NaN
1745974800,0.445,0.445,0.43,0.44,873100,NaN,NaN,NaN,NaN,NaN,NaN,NaN
1746147600,0.44,0.445,0.425,0.435,669900,NaN,NaN,NaN,NaN,NaN,NaN,NaN
1746406800,0.435,0.44,0.43,0.44,365600,NaN,NaN,NaN,NaN,NaN,NaN,NaN
1746493200,0.44,0.44,0.41,0.42,1625800,NaN,NaN,NaN,NaN,NaN,NaN,NaN
1746579600,0.425,0.57,0.42,0.57,13363600,NaN,NaN,NaN,NaN,NaN,NaN,NaN
1746666000,0.565,0.57,0.53,0.545,10942100,NaN,NaN,NaN,NaN,NaN,NaN,NaN
1746752400,0.56,0.63,0.55,0.585,40457100,NaN,NaN,NaN,NaN,NaN,NaN,NaN
1747098000,0.59,0.6,0.565,0.58,8700200,NaN,NaN,NaN,NaN,NaN,NaN,NaN
1747184400,0.58,0.585,0.57,0.585,4705100,NaN,NaN,NaN,NaN,NaN,NaN,NaN
1747270800,0.585,0.59,0.57,0.57,4410000,NaN,NaN,NaN,NaN,NaN,NaN,NaN
1747357200,0.57,0.59,0.55,0.59,6678000,NaN,NaN,NaN,NaN,NaN,NaN,NaN
1747616400,0.58,0.585,0.56,0.56,4875700,NaN,NaN,NaN,NaN,NaN,NaN,NaN
1747702800,0.57,0.61,0.56,0.61,12928600,NaN,NaN,NaN,NaN,NaN,NaN,NaN
1747789200,0.61,0.63,0.555,0.555,23583400,NaN,NaN,NaN,NaN,NaN,NaN,NaN
1747875600,0.55,0.56,0.53,0.545,5907200,NaN,NaN,NaN,NaN,NaN,NaN,NaN
1747962000,0.54,0.55,0.53,0.545,2377800,NaN,NaN,NaN,NaN,NaN,NaN,NaN
1748221200,0.54,0.545,0.505,0.505,5434600,NaN,NaN,NaN,NaN,NaN,NaN,NaN
1748307600,0.5,0.515,0.495,0.51,3310200,NaN,NaN,NaN,NaN,NaN,NaN,NaN
1748394000,0.515,0.515,0.49,0.495,2750900,NaN,NaN,NaN,NaN,NaN,NaN,NaN
1748480400,0.49,0.505,0.475,0.48,4596100,NaN,NaN,NaN,NaN,NaN,NaN,NaN
1748566800,0.48,0.485,0.46,0.46,3192900,NaN,NaN,NaN,NaN,NaN,NaN,NaN
1748912400,0.46,0.465,0.455,0.46,2475500,NaN,NaN,NaN,NaN,NaN,NaN,NaN
1748998800,0.465,0.495,0.465,0.48,4467400,NaN,NaN,NaN,NaN,NaN,NaN,NaN
1749085200,0.48,0.505,0.48,0.5,3049100,NaN,NaN,NaN,NaN,NaN,NaN,NaN
1749171600,0.495,0.505,0.485,0.5,2142600,NaN,NaN,NaN,NaN,NaN,NaN,NaN
1749430800,0.5,0.52,0.49,0.505,2360600,NaN,NaN,NaN,NaN,NaN,NaN,NaN
1749517200,0.505,0.51,0.495,0.505,853900,NaN,NaN,NaN,NaN,NaN,NaN,NaN
1749603600,0.505,0.52,0.5,0.505,1735300,NaN,NaN,NaN,NaN,NaN,NaN,NaN
1749690000,0.51,0.51,0.485,0.485,2909800,NaN,NaN,NaN,NaN,NaN,NaN,NaN
1749776400,0.485,0.485,0.47,0.48,1836000,NaN,NaN,NaN,NaN,NaN,NaN,NaN
1750035600,0.48,0.49,0.47,0.485,974800,NaN,NaN,NaN,NaN,NaN,NaN,NaN
1750122000,0.49,0.49,0.465,0.47,1269100,NaN,NaN,NaN,NaN,NaN,NaN,NaN
1750208400,0.465,0.475,0.46,0.465,753000,NaN,NaN,NaN,NaN,NaN,NaN,NaN
1750294800,0.46,0.46,0.44,0.45,2240900,NaN,NaN,NaN,NaN,NaN,NaN,NaN
1750381200,0.45,0.455,0.43,0.435,2285400,NaN,NaN,NaN,NaN,NaN,NaN,NaN
1750640400,0.43,0.445,0.425,0.435,1258100,NaN,NaN,NaN,NaN,NaN,NaN,NaN
1750726800,0.445,0.445,0.425,0.435,2431800,NaN,NaN,NaN,NaN,NaN,NaN,NaN
1750813200,0.435,0.455,0.42,0.43,5182200,NaN,NaN,NaN,NaN,NaN,NaN,NaN
1750899600,0.43,0.445,0.43,0.44,1122600,NaN,NaN,NaN,NaN,NaN,NaN,NaN
1751245200,0.445,0.45,0.44,0.445,1241200,2277557000,23188098000,11358946000,-162167000,1435986000,8645384000,0
1751331600,0.44,0.455,0.44,0.445,1443600,NaN,NaN,NaN,NaN,NaN,NaN,NaN
1751418000,0.445,0.475,0.44,0.47,3041100,NaN,NaN,NaN,NaN,NaN,NaN,NaN
1751504400,0.47,0.475,0.46,0.47,1385900,NaN,NaN,NaN,NaN,NaN,NaN,NaN
1751590800,0.47,0.48,0.465,0.475,1037600,NaN,NaN,NaN,NaN,NaN,NaN,NaN
1751850000,0.47,0.47,0.45,0.46,1688000,NaN,NaN,NaN,NaN,NaN,NaN,NaN
1751936400,0.47,0.48,0.455,0.47,3899400,NaN,NaN,NaN,NaN,NaN,NaN,NaN
1752022800,0.475,0.475,0.465,0.47,469100,NaN,NaN,NaN,NaN,NaN,NaN,NaN
1752109200,0.47,0.475,0.46,0.46,1271200,NaN,NaN,NaN,NaN,NaN,NaN,NaN
1752195600,0.465,0.475,0.465,0.47,967700,NaN,NaN,NaN,NaN,NaN,NaN,NaN
1752454800,0.47,0.545,0.47,0.54,12830800,NaN,NaN,NaN,NaN,NaN,NaN,NaN
1752541200,0.54,0.54,0.525,0.53,2869200,NaN,NaN,NaN,NaN,NaN,NaN,NaN
1752627600,0.535,0.535,0.5,0.505,6468200,NaN,NaN,NaN,NaN,NaN,NaN,NaN
1752714000,0.5,0.59,0.5,0.56,28155800,NaN,NaN,NaN,NaN,NaN,NaN,NaN
1752800400,0.56,0.575,0.56,0.565,4963700,NaN,NaN,NaN,NaN,NaN,NaN,NaN
1753059600,0.565,0.58,0.54,0.58,5590100,NaN,NaN,NaN,NaN,NaN,NaN,NaN
1753146000,0.58,0.595,0.56,0.57,5904300,NaN,NaN,NaN,NaN,NaN,NaN,NaN
1753232400,0.57,0.595,0.57,0.595,6709100,NaN,NaN,NaN,NaN,NaN,NaN,NaN
1753318800,0.595,0.715,0.585,0.705,40906500,NaN,NaN,NaN,NaN,NaN,NaN,NaN
1753405200,0.7,0.73,0.675,0.695,38112600,NaN,NaN,NaN,NaN,NaN,NaN,NaN
1753664400,0.69,0.715,0.645,0.655,15981400,NaN,NaN,NaN,NaN,NaN,NaN,NaN
1753750800,0.65,0.7,0.65,0.68,13888200,NaN,NaN,NaN,NaN,NaN,NaN,NaN
1753837200,0.68,0.755,0.665,0.72,42954900,NaN,NaN,NaN,NaN,NaN,NaN,NaN
1753923600,0.72,0.755,0.7,0.71,20892500,NaN,NaN,NaN,NaN,NaN,NaN,NaN
1754010000,0.71,0.725,0.7,0.71,4785300,NaN,NaN,NaN,NaN,NaN,NaN,NaN
1754269200,0.705,0.715,0.69,0.705,4967900,NaN,NaN,NaN,NaN,NaN,NaN,NaN
1754355600,0.705,0.74,0.705,0.715,15351300,NaN,NaN,NaN,NaN,NaN,NaN,NaN
1754442000,0.68,0.685,0.59,0.595,28686100,NaN,NaN,NaN,NaN,NaN,NaN,NaN
1754528400,0.585,0.585,0.545,0.565,21051800,NaN,NaN,NaN,NaN,NaN,NaN,NaN
1754614800,0.565,0.57,0.505,0.515,19741400,NaN,NaN,NaN,NaN,NaN,NaN,NaN
1754874000,0.51,0.535,0.5,0.515,15418800,NaN,NaN,NaN,NaN,NaN,NaN,NaN
1754960400,0.515,0.555,0.515,0.54,20409700,NaN,NaN,NaN,NaN,NaN,NaN,NaN
1755046800,0.545,0.57,0.545,0.55,16568100,NaN,NaN,NaN,NaN,NaN,NaN,NaN
1755133200,0.55,0.55,0.525,0.53,6087400,NaN,NaN,NaN,NaN,NaN,NaN,NaN
1755219600,0.53,0.535,0.515,0.525,5737000,NaN,NaN,NaN,NaN,NaN,NaN,NaN
1755478800,0.52,0.53,0.515,0.52,5023100,NaN,NaN,NaN,NaN,NaN,NaN,NaN
1755565200,0.515,0.525,0.51,0.515,4815200,NaN,NaN,NaN,NaN,NaN,NaN,NaN
1755651600,0.515,0.58,0.505,0.565,22079500,NaN,NaN,NaN,NaN,NaN,NaN,NaN
1755738000,0.565,0.615,0.565,0.59,42491800,NaN,NaN,NaN,NaN,NaN,NaN,NaN
1755824400,0.585,0.64,0.585,0.62,22544200,NaN,NaN,NaN,NaN,NaN,NaN,NaN
1756083600,0.625,0.625,0.575,0.59,14372500,NaN,NaN,NaN,NaN,NaN,NaN,NaN
1756170000,0.59,0.6,0.575,0.575,7181800,NaN,NaN,NaN,NaN,NaN,NaN,NaN
1756256400,0.575,0.585,0.57,0.575,3933500,NaN,NaN,NaN,NaN,NaN,NaN,NaN
1756342800,0.575,0.58,0.55,0.565,6046400,NaN,NaN,NaN,NaN,NaN,NaN,NaN
1756429200,0.56,0.565,0.535,0.535,5036000,NaN,NaN,NaN,NaN,NaN,NaN,NaN
1756774800,0.54,0.545,0.515,0.53,7448400,NaN,NaN,NaN,NaN,NaN,NaN,NaN
1756861200,0.52,0.555,0.52,0.54,7584900,NaN,NaN,NaN,NaN,NaN,NaN,NaN
1756947600,0.54,0.545,0.525,0.53,2564900,NaN,NaN,NaN,NaN,NaN,NaN,NaN
1757293200,0.53,0.565,0.525,0.555,9405400,NaN,NaN,NaN,NaN,NaN,NaN,NaN
1757379600,0.555,0.57,0.54,0.545,8879500,NaN,NaN,NaN,NaN,NaN,NaN,NaN
1757466000,0.545,0.56,0.53,0.535,3617600,NaN,NaN,NaN,NaN,NaN,NaN,NaN
1757552400,0.535,0.545,0.525,0.54,2075500,NaN,NaN,NaN,NaN,NaN,NaN,NaN
1757638800,0.54,0.545,0.53,0.535,2737700,NaN,NaN,NaN,NaN,NaN,NaN,NaN
1758070800,0.535,0.57,0.535,0.555,6136700,NaN,NaN,NaN,NaN,NaN,NaN,NaN
1758157200,0.55,0.555,0.535,0.545,6205900,NaN,NaN,NaN,NaN,NaN,NaN,NaN
1758243600,0.545,0.56,0.545,0.56,4414800,NaN,NaN,NaN,NaN,NaN,NaN,NaN
1758502800,0.56,0.565,0.55,0.56,3435100,NaN,NaN,NaN,NaN,NaN,NaN,NaN
1758589200,0.565,0.59,0.565,0.59,11926100,NaN,NaN,NaN,NaN,NaN,NaN,NaN
1758675600,0.59,0.625,0.585,0.615,12079200,NaN,NaN,NaN,NaN,NaN,NaN,NaN
1758762000,0.62,0.625,0.605,0.615,5841100,NaN,NaN,NaN,NaN,NaN,NaN,NaN
1758848400,0.605,0.65,0.59,0.635,12146700,NaN,NaN,NaN,NaN,NaN,NaN,NaN