time,open,high,low,close,Volume,Total common shares outstanding,Total assets,Total liabilities,Operating income,Total revenue,Shareholders&#039; equity,Dividend yield %
1478653200,2.287129,2.287129,2.247525,2.277228,112312,NaN,NaN,NaN,NaN,NaN,NaN,NaN
1478739600,2.277228,2.277228,2.257426,2.267327,40703,NaN,NaN,NaN,NaN,NaN,NaN,NaN
1478826000,2.267327,2.267327,2.217822,2.227723,789719,NaN,NaN,NaN,NaN,NaN,NaN,NaN
1479085200,2.227723,2.237624,2.227723,2.227723,174629,NaN,NaN,NaN,NaN,NaN,NaN,NaN
1479171600,2.237624,2.257426,2.227723,2.237624,98980,NaN,NaN,NaN,NaN,NaN,NaN,NaN
1479258000,2.237624,2.247525,2.227723,2.237624,189375,NaN,NaN,NaN,NaN,NaN,NaN,NaN
1479344400,2.237624,2.247525,2.227723,2.227723,134027,NaN,NaN,NaN,NaN,NaN,NaN,NaN
1479430800,2.237624,2.237624,2.227723,2.237624,102414,NaN,NaN,NaN,NaN,NaN,NaN,NaN
1479690000,2.237624,2.267327,2.237624,2.257426,156247,NaN,NaN,NaN,NaN,NaN,NaN,NaN
1479776400,2.257426,2.29703,2.247525,2.277228,389355,NaN,NaN,NaN,NaN,NaN,NaN,NaN
1479862800,2.287129,2.287129,2.217822,2.267327,471670,NaN,NaN,NaN,NaN,NaN,NaN,NaN
1479949200,2.257426,2.267327,2.237624,2.267327,50399,NaN,NaN,NaN,NaN,NaN,NaN,NaN
1480035600,2.277228,2.277228,2.247525,2.277228,157964,NaN,NaN,NaN,NaN,NaN,NaN,NaN
1480294800,2.257426,2.267327,2.257426,2.267327,126351,NaN,NaN,NaN,NaN,NaN,NaN,NaN
1480381200,2.267327,2.267327,2.257426,2.267327,133522,NaN,NaN,NaN,NaN,NaN,NaN,NaN
1480467600,2.267327,2.267327,2.207921,2.207921,583679,NaN,NaN,NaN,NaN,NaN,NaN,NaN
1480554000,2.217822,2.247525,2.217822,2.227723,326230,NaN,NaN,NaN,NaN,NaN,NaN,NaN
1480640400,2.237624,2.267327,2.227723,2.267327,88880,NaN,NaN,NaN,NaN,NaN,NaN,NaN
1480899600,2.237624,2.247525,2.227723,2.237624,336633,NaN,NaN,NaN,NaN,NaN,NaN,NaN
1480986000,2.237624,2.247525,2.237624,2.247525,44945,NaN,NaN,NaN,NaN,NaN,NaN,NaN
1481072400,2.237624,2.247525,2.217822,2.227723,981821,NaN,NaN,NaN,NaN,NaN,NaN,NaN
1481158800,2.207921,2.217822,2.188119,2.217822,838199,NaN,NaN,NaN,NaN,NaN,NaN,NaN
1481245200,2.207921,2.207921,2.19802,2.207921,120392,NaN,NaN,NaN,NaN,NaN,NaN,NaN
1481590800,2.207921,2.217822,2.19802,2.207921,328856,NaN,NaN,NaN,NaN,NaN,NaN,NaN
1481677200,2.207921,2.207921,2.19802,2.19802,219776,NaN,NaN,NaN,NaN,NaN,NaN,NaN
1481763600,2.19802,2.19802,2.178218,2.188119,229775,NaN,NaN,NaN,NaN,NaN,NaN,NaN
1481850000,2.188119,2.188119,2.168317,2.178218,637512,NaN,NaN,NaN,NaN,NaN,NaN,NaN
1482109200,2.188119,2.188119,2.168317,2.168317,394910,NaN,NaN,NaN,NaN,NaN,NaN,NaN
1482195600,2.168317,2.178218,2.128713,2.148515,1052521,NaN,NaN,NaN,NaN,NaN,NaN,NaN
1482282000,2.138614,2.158416,2.128713,2.138614,525806,NaN,NaN,NaN,NaN,NaN,NaN,NaN
1482368400,2.148515,2.158416,2.138614,2.158416,158671,NaN,NaN,NaN,NaN,NaN,NaN,NaN
1482454800,2.168317,2.19802,2.148515,2.148515,265428,NaN,NaN,NaN,NaN,NaN,NaN,NaN
1482800400,2.148515,2.148515,2.138614,2.138614,294314,NaN,NaN,NaN,NaN,NaN,NaN,NaN
1482886800,2.148515,2.158416,2.128713,2.138614,472377,NaN,NaN,NaN,NaN,NaN,NaN,NaN
1482973200,2.138614,2.138614,2.128713,2.128713,302798,NaN,NaN,NaN,NaN,NaN,NaN,NaN
1483059600,2.148515,2.158416,2.138614,2.148515,99283,NaN,NaN,NaN,NaN,NaN,NaN,NaN
1483405200,2.158416,2.158416,2.128713,2.128713,457631,NaN,NaN,NaN,NaN,NaN,NaN,NaN
1483491600,2.138614,2.138614,2.108911,2.108911,1568934,NaN,NaN,NaN,NaN,NaN,NaN,NaN
1483578000,2.118812,2.128713,2.089109,2.089109,2810224,NaN,NaN,NaN,NaN,NaN,NaN,NaN
1483664400,2.09901,2.118812,2.069307,2.079208,2385014,NaN,NaN,NaN,NaN,NaN,NaN,NaN
1483923600,2.079208,2.09901,2.069307,2.069307,1581155,NaN,NaN,NaN,NaN,NaN,NaN,NaN
1484010000,2.079208,2.089109,2.059406,2.069307,1446825,NaN,NaN,NaN,NaN,NaN,NaN,NaN
1484096400,2.079208,2.079208,2.059406,2.069307,922938,NaN,NaN,NaN,NaN,NaN,NaN,NaN
1484182800,2.069307,2.108911,2.069307,2.079208,1141805,NaN,NaN,NaN,NaN,NaN,NaN,NaN
1484269200,2.089109,2.089109,2.069307,2.079208,790123,NaN,NaN,NaN,NaN,NaN,NaN,NaN
1484528400,2.069307,2.079208,2.059406,2.059406,812444,NaN,NaN,NaN,NaN,NaN,NaN,NaN
1484614800,2.069307,2.079208,2.059406,2.079208,1822848,NaN,NaN,NaN,NaN,NaN,NaN,NaN
1484701200,2.079208,2.118812,2.079208,2.118812,793052,NaN,NaN,NaN,NaN,NaN,NaN,NaN
1484787600,2.118812,2.128713,2.108911,2.108911,511868,NaN,NaN,NaN,NaN,NaN,NaN,NaN
1484874000,2.108911,2.118812,2.09901,2.09901,288052,NaN,NaN,NaN,NaN,NaN,NaN,NaN
1485133200,2.108911,2.108911,2.079208,2.089109,316938,NaN,NaN,NaN,NaN,NaN,NaN,NaN
1485219600,2.089109,2.128713,2.089109,2.118812,508737,NaN,NaN,NaN,NaN,NaN,NaN,NaN
1485306000,2.118812,2.148515,2.118812,2.148515,824362,NaN,NaN,NaN,NaN,NaN,NaN,NaN
1485392400,2.138614,2.148515,2.138614,2.148515,226846,NaN,NaN,NaN,NaN,NaN,NaN,NaN
1485478800,2.148515,2.148515,2.138614,2.148515,132512,NaN,NaN,NaN,NaN,NaN,NaN,NaN
1485824400,2.128713,2.138614,2.128713,2.128713,101303,NaN,NaN,NaN,NaN,NaN,NaN,NaN
1485997200,2.138614,2.207921,2.128713,2.188119,818605,NaN,NaN,NaN,NaN,NaN,NaN,NaN
1486083600,2.188119,2.188119,2.158416,2.178218,351177,NaN,NaN,NaN,NaN,NaN,NaN,NaN
1486342800,2.178218,2.178218,2.158416,2.168317,708616,NaN,NaN,NaN,NaN,NaN,NaN,NaN
1486429200,2.178218,2.178218,2.138614,2.168317,297546,NaN,NaN,NaN,NaN,NaN,NaN,NaN
1486515600,2.168317,2.178218,2.158416,2.178218,290779,NaN,NaN,NaN,NaN,NaN,NaN,NaN
1486688400,2.178218,2.178218,2.158416,2.158416,628725,NaN,NaN,NaN,NaN,NaN,NaN,NaN
1486947600,2.178218,2.188119,2.158416,2.188119,475104,NaN,NaN,NaN,NaN,NaN,NaN,NaN
1487034000,2.178218,2.188119,2.148515,2.188119,667408,NaN,NaN,NaN,NaN,NaN,NaN,NaN
1487120400,2.188119,2.188119,2.158416,2.178218,329058,NaN,NaN,NaN,NaN,NaN,NaN,NaN
1487206800,2.168317,2.178218,2.158416,2.178218,523079,NaN,NaN,NaN,NaN,NaN,NaN,NaN
1487293200,2.178218,2.178218,2.168317,2.178218,319261,NaN,NaN,NaN,NaN,NaN,NaN,NaN
1487552400,2.188119,2.188119,2.168317,2.168317,959096,NaN,NaN,NaN,NaN,NaN,NaN,NaN
1487638800,2.178218,2.188119,2.158416,2.158416,605495,NaN,NaN,NaN,NaN,NaN,NaN,NaN
1487725200,2.158416,2.178218,2.158416,2.178218,273912,NaN,NaN,NaN,NaN,NaN,NaN,NaN
1487811600,2.168317,2.178218,2.158416,2.168317,395718,NaN,NaN,NaN,NaN,NaN,NaN,NaN
1487898000,2.158416,2.178218,2.148515,2.158416,819110,NaN,NaN,NaN,NaN,NaN,NaN,NaN
1488157200,2.158416,2.168317,2.158416,2.158416,184830,NaN,NaN,NaN,NaN,NaN,NaN,NaN
1488243600,2.168317,2.168317,2.148515,2.158416,324008,NaN,NaN,NaN,NaN,NaN,NaN,NaN
1488330000,2.158416,2.168317,2.148515,2.148515,223614,NaN,NaN,NaN,NaN,NaN,NaN,NaN
1488416400,2.158416,2.158416,2.148515,2.148515,842542,NaN,NaN,NaN,NaN,NaN,NaN,NaN
1488502800,2.148515,2.158416,2.138614,2.138614,525099,NaN,NaN,NaN,NaN,NaN,NaN,NaN
1488762000,2.148515,2.178218,2.148515,2.148515,522675,NaN,NaN,NaN,NaN,NaN,NaN,NaN
1488848400,2.158416,2.168317,2.148515,2.158416,578326,NaN,NaN,NaN,NaN,NaN,NaN,NaN
1488934800,2.158416,2.168317,2.148515,2.158416,508030,NaN,NaN,NaN,NaN,NaN,NaN,NaN
1489021200,2.168317,2.168317,2.148515,2.158416,769822,NaN,NaN,NaN,NaN,NaN,NaN,NaN
1489107600,2.138614,2.138614,2.108911,2.108911,566004,NaN,NaN,NaN,NaN,NaN,NaN,NaN
1489366800,2.118812,2.128713,2.108911,2.128713,233007,NaN,NaN,NaN,NaN,NaN,NaN,NaN
1489453200,2.118812,2.128713,2.108911,2.118812,248763,NaN,NaN,NaN,NaN,NaN,NaN,NaN
1489539600,2.108911,2.118812,2.108911,2.108911,343400,NaN,NaN,NaN,NaN,NaN,NaN,NaN
1489626000,2.108911,2.128713,2.09901,2.118812,625291,NaN,NaN,NaN,NaN,NaN,NaN,NaN
1489712400,2.118812,2.118812,2.09901,2.09901,684275,NaN,NaN,NaN,NaN,NaN,NaN,NaN
1489971600,2.108911,2.118812,2.09901,2.118812,668822,NaN,NaN,NaN,NaN,NaN,NaN,NaN
1490058000,2.118812,2.118812,2.089109,2.108911,791537,NaN,NaN,NaN,NaN,NaN,NaN,NaN
1490144400,2.09901,2.108911,2.09901,2.108911,382689,NaN,NaN,NaN,NaN,NaN,NaN,NaN
1490230800,2.108911,2.118812,2.09901,2.108911,411777,NaN,NaN,NaN,NaN,NaN,NaN,NaN
1490317200,2.108911,2.118812,2.108911,2.118812,410161,NaN,NaN,NaN,NaN,NaN,NaN,NaN
1490576400,2.108911,2.128713,2.09901,2.09901,313403,NaN,NaN,NaN,NaN,NaN,NaN,NaN
1490662800,2.09901,2.108911,2.09901,2.09901,352187,NaN,NaN,NaN,NaN,NaN,NaN,NaN
1490749200,2.09901,2.108911,2.089109,2.108911,306333,NaN,NaN,NaN,NaN,NaN,NaN,NaN
1490835600,2.108911,2.108911,2.09901,2.108911,166751,NaN,NaN,NaN,NaN,NaN,NaN,NaN
1490922000,2.09901,2.118812,2.09901,2.108911,285325,NaN,NaN,NaN,NaN,NaN,NaN,NaN
1491181200,2.09901,2.118812,2.09901,2.118812,233714,NaN,NaN,NaN,NaN,NaN,NaN,NaN
1491267600,2.118812,2.118812,2.09901,2.108911,488032,NaN,NaN,NaN,NaN,NaN,NaN,NaN
1491354000,2.108911,2.118812,2.108911,2.118812,1098274,NaN,NaN,NaN,NaN,NaN,NaN,NaN
1491440400,2.118812,2.118812,2.108911,2.108911,560348,NaN,NaN,NaN,NaN,NaN,NaN,NaN
1491526800,2.108911,2.118812,2.089109,2.089109,1053632,NaN,NaN,NaN,NaN,NaN,NaN,NaN
1491786000,2.089109,2.108911,2.079208,2.09901,830826,NaN,NaN,NaN,NaN,NaN,NaN,NaN
1491872400,2.09901,2.108911,2.079208,2.079208,668014,NaN,NaN,NaN,NaN,NaN,NaN,NaN
1491958800,2.089109,2.09901,2.069307,2.079208,1227857,NaN,NaN,NaN,NaN,NaN,NaN,NaN
1492045200,2.079208,2.079208,2.069307,2.069307,361277,NaN,NaN,NaN,NaN,NaN,NaN,NaN
1492131600,2.069307,2.079208,2.069307,2.079208,470458,NaN,NaN,NaN,NaN,NaN,NaN,NaN
1492390800,2.079208,2.079208,2.069307,2.079208,358348,NaN,NaN,NaN,NaN,NaN,NaN,NaN
1492477200,2.079208,2.108911,2.069307,2.108911,272195,NaN,NaN,NaN,NaN,NaN,NaN,NaN
1492563600,2.09901,2.108911,2.069307,2.079208,411070,NaN,NaN,NaN,NaN,NaN,NaN,NaN
1492650000,2.079208,2.079208,2.069307,2.069307,488032,NaN,NaN,NaN,NaN,NaN,NaN,NaN
1492736400,2.079208,2.089109,2.069307,2.079208,690941,NaN,NaN,NaN,NaN,NaN,NaN,NaN
1493082000,2.079208,2.089109,2.069307,2.079208,402889,NaN,NaN,NaN,NaN,NaN,NaN,NaN
1493168400,2.079208,2.089109,2.079208,2.089109,381578,NaN,NaN,NaN,NaN,NaN,NaN,NaN
1493254800,2.079208,2.089109,2.079208,2.079208,490557,NaN,NaN,NaN,NaN,NaN,NaN,NaN
1493341200,2.079208,2.09901,2.079208,2.079208,436825,NaN,NaN,NaN,NaN,NaN,NaN,NaN
1493686800,2.079208,2.09901,2.069307,2.079208,1368247,NaN,NaN,NaN,NaN,NaN,NaN,NaN
1493773200,2.079208,2.079208,2.069307,2.069307,274417,NaN,NaN,NaN,NaN,NaN,NaN,NaN
1493859600,2.069307,2.079208,2.069307,2.079208,368549,NaN,NaN,NaN,NaN,NaN,NaN,NaN
1493946000,2.069307,2.089109,2.069307,2.079208,1002627,NaN,NaN,NaN,NaN,NaN,NaN,NaN
1494205200,2.079208,2.09901,2.079208,2.089109,202606,NaN,NaN,NaN,NaN,NaN,NaN,NaN
1494291600,2.089109,2.09901,2.079208,2.079208,209373,NaN,NaN,NaN,NaN,NaN,NaN,NaN
1494464400,2.079208,2.108911,2.079208,2.089109,757399,NaN,NaN,NaN,NaN,NaN,NaN,NaN
1494550800,2.089109,2.108911,2.089109,2.089109,417130,NaN,NaN,NaN,NaN,NaN,NaN,NaN
1494810000,2.089109,2.09901,2.069307,2.079208,743764,NaN,NaN,NaN,NaN,NaN,NaN,NaN
1494896400,2.079208,2.09901,2.079208,2.09901,217150,NaN,NaN,NaN,NaN,NaN,NaN,NaN
1494982800,2.09901,2.09901,2.069307,2.079208,734270,NaN,NaN,NaN,NaN,NaN,NaN,NaN
1495069200,2.069307,2.089109,2.069307,2.079208,364509,NaN,NaN,NaN,NaN,NaN,NaN,NaN
1495155600,2.089109,2.089109,2.079208,2.079208,602869,NaN,NaN,NaN,NaN,NaN,NaN,NaN
1495414800,1.851485,1.90099,1.792079,1.861386,22679853,NaN,NaN,NaN,NaN,NaN,NaN,NaN
1495501200,1.861386,1.881188,1.821782,1.841584,5933043,NaN,NaN,NaN,NaN,NaN,NaN,NaN
1495587600,1.841584,1.841584,1.792079,1.792079,6488846,NaN,NaN,NaN,NaN,NaN,NaN,NaN
1495674000,1.80198,1.811881,1.782178,1.792079,3940919,NaN,NaN,NaN,NaN,NaN,NaN,NaN
1495760400,1.782178,1.792079,1.722772,1.732673,9050408,NaN,NaN,NaN,NaN,NaN,NaN,NaN
1496019600,1.752475,1.762376,1.70297,1.712871,3564997,NaN,NaN,NaN,NaN,NaN,NaN,NaN
1496106000,1.722772,1.722772,1.70297,1.70297,1466015,NaN,NaN,NaN,NaN,NaN,NaN,NaN
1496192400,1.70297,1.722772,1.693069,1.712871,3403094,NaN,NaN,NaN,NaN,NaN,NaN,NaN
1496278800,1.712871,1.712871,1.663366,1.673267,5197460,NaN,NaN,NaN,NaN,NaN,NaN,NaN
1496365200,1.673267,1.693069,1.653465,1.663366,4321992,NaN,NaN,NaN,NaN,NaN,NaN,NaN
1496624400,1.673267,1.712871,1.673267,1.683168,2825374,NaN,NaN,NaN,NaN,NaN,NaN,NaN
1496710800,1.693069,1.70297,1.683168,1.70297,3055957,NaN,NaN,NaN,NaN,NaN,NaN,NaN
1496797200,1.70297,1.712871,1.693069,1.693069,3053331,NaN,NaN,NaN,NaN,NaN,NaN,NaN
1496883600,1.70297,1.70297,1.683168,1.693069,2202911,NaN,NaN,NaN,NaN,NaN,NaN,NaN
1496970000,1.693069,1.70297,1.683168,1.693069,1322090,NaN,NaN,NaN,NaN,NaN,NaN,NaN
1497315600,1.712871,1.772277,1.712871,1.732673,4792147,NaN,NaN,NaN,NaN,NaN,NaN,NaN
1497402000,1.742574,1.752475,1.693069,1.712871,3938091,NaN,NaN,NaN,NaN,NaN,NaN,NaN
1497488400,1.722772,1.722772,1.683168,1.70297,2253411,NaN,NaN,NaN,NaN,NaN,NaN,NaN
1497574800,1.70297,1.712871,1.693069,1.712871,814666,NaN,NaN,NaN,NaN,NaN,NaN,NaN
1497834000,1.70297,1.712871,1.683168,1.683168,1948189,NaN,NaN,NaN,NaN,NaN,NaN,NaN
1497920400,1.693069,1.712871,1.693069,1.712871,1535503,NaN,NaN,NaN,NaN,NaN,NaN,NaN
1498006800,1.70297,1.70297,1.683168,1.70297,1706193,NaN,NaN,NaN,NaN,NaN,NaN,NaN
1498093200,1.70297,1.712871,1.693069,1.712871,668822,NaN,NaN,NaN,NaN,NaN,NaN,NaN
1498179600,1.70297,1.712871,1.693069,1.70297,615494,NaN,NaN,NaN,NaN,NaN,NaN,NaN
1498611600,1.70297,1.732673,1.70297,1.70297,961318,NaN,NaN,NaN,NaN,NaN,NaN,NaN
1498698000,1.712871,1.752475,1.712871,1.732673,1974045,NaN,NaN,NaN,NaN,NaN,NaN,NaN
1498784400,1.732673,1.752475,1.712871,1.712871,1779115,NaN,NaN,NaN,NaN,NaN,NaN,NaN
1499043600,1.712871,1.722772,1.70297,1.712871,1051814,NaN,NaN,NaN,NaN,NaN,NaN,NaN
1499130000,1.712871,1.732673,1.712871,1.722772,964954,NaN,NaN,NaN,NaN,NaN,NaN,NaN
1499216400,1.722772,1.722772,1.70297,1.70297,1594487,NaN,NaN,NaN,NaN,NaN,NaN,NaN
1499302800,1.70297,1.712871,1.70297,1.712871,965055,NaN,NaN,NaN,NaN,NaN,NaN,NaN
1499389200,1.70297,1.722772,1.70297,1.70297,431674,NaN,NaN,NaN,NaN,NaN,NaN,NaN
1499648400,1.712871,1.712871,1.693069,1.70297,880821,NaN,NaN,NaN,NaN,NaN,NaN,NaN
1499734800,1.70297,1.70297,1.693069,1.693069,657712,NaN,NaN,NaN,NaN,NaN,NaN,NaN
1499821200,1.693069,1.70297,1.693069,1.693069,290173,NaN,NaN,NaN,NaN,NaN,NaN,NaN
1499907600,1.693069,1.712871,1.693069,1.693069,577619,NaN,NaN,NaN,NaN,NaN,NaN,NaN
1499994000,1.693069,1.712871,1.693069,1.712871,617918,NaN,NaN,NaN,NaN,NaN,NaN,NaN
1500253200,1.712871,1.712871,1.693069,1.70297,396425,NaN,NaN,NaN,NaN,NaN,NaN,NaN
1500339600,1.693069,1.70297,1.693069,1.693069,678114,NaN,NaN,NaN,NaN,NaN,NaN,NaN
1500426000,1.70297,1.712871,1.693069,1.712871,561257,NaN,NaN,NaN,NaN,NaN,NaN,NaN
1500512400,1.712871,1.712871,1.693069,1.70297,487527,NaN,NaN,NaN,NaN,NaN,NaN,NaN
1500598800,1.70297,1.70297,1.693069,1.70297,379760,NaN,NaN,NaN,NaN,NaN,NaN,NaN
1500858000,1.70297,1.70297,1.693069,1.70297,295425,NaN,NaN,NaN,NaN,NaN,NaN,NaN
1500944400,1.693069,1.70297,1.693069,1.70297,388345,NaN,NaN,NaN,NaN,NaN,NaN,NaN
1501030800,1.712871,1.712871,1.693069,1.70297,411777,NaN,NaN,NaN,NaN,NaN,NaN,NaN
1501117200,1.70297,1.70297,1.693069,1.693069,205333,NaN,NaN,NaN,NaN,NaN,NaN,NaN
1501203600,1.693069,1.70297,1.693069,1.70297,356833,NaN,NaN,NaN,NaN,NaN,NaN,NaN
1501462800,1.70297,1.70297,1.683168,1.693069,864762,NaN,NaN,NaN,NaN,NaN,NaN,NaN
1501549200,1.693069,1.693069,1.673267,1.683168,1285528,NaN,NaN,NaN,NaN,NaN,NaN,NaN
1501635600,1.683168,1.683168,1.663366,1.663366,769216,NaN,NaN,NaN,NaN,NaN,NaN,NaN
1501722000,1.673267,1.683168,1.663366,1.683168,671650,NaN,NaN,NaN,NaN,NaN,NaN,NaN
1501808400,1.683168,1.693069,1.663366,1.673267,519342,NaN,NaN,NaN,NaN,NaN,NaN,NaN
1502067600,1.673267,1.693069,1.663366,1.673267,771438,NaN,NaN,NaN,NaN,NaN,NaN,NaN
1502154000,1.683168,1.683168,1.673267,1.683168,649531,NaN,NaN,NaN,NaN,NaN,NaN,NaN
1502240400,1.683168,1.693069,1.673267,1.673267,406121,NaN,NaN,NaN,NaN,NaN,NaN,NaN
1502326800,1.683168,1.693069,1.673267,1.683168,397940,NaN,NaN,NaN,NaN,NaN,NaN,NaN
1502413200,1.683168,1.693069,1.663366,1.683168,1283205,NaN,NaN,NaN,NaN,NaN,NaN,NaN
1502672400,1.673267,1.693069,1.663366,1.693069,517827,NaN,NaN,NaN,NaN,NaN,NaN,NaN
1502758800,1.683168,1.70297,1.683168,1.693069,1775883,NaN,NaN,NaN,NaN,NaN,NaN,NaN
1502845200,1.693069,1.712871,1.693069,1.693069,2728515,NaN,NaN,NaN,NaN,NaN,NaN,NaN
1502931600,1.693069,1.70297,1.693069,1.693069,1537725,NaN,NaN,NaN,NaN,NaN,NaN,NaN
1503018000,1.693069,1.70297,1.683168,1.70297,1365116,NaN,NaN,NaN,NaN,NaN,NaN,NaN
1503277200,1.70297,1.712871,1.693069,1.693069,1619333,NaN,NaN,NaN,NaN,NaN,NaN,NaN
1503363600,1.693069,1.70297,1.683168,1.693069,2974652,NaN,NaN,NaN,NaN,NaN,NaN,NaN
1503450000,1.693069,1.712871,1.693069,1.693069,741340,NaN,NaN,NaN,NaN,NaN,NaN,NaN
1503536400,1.742574,1.792079,1.742574,1.782178,4294217,NaN,NaN,NaN,NaN,NaN,NaN,NaN
1503622800,1.782178,1.792079,1.752475,1.792079,3645696,NaN,NaN,NaN,NaN,NaN,NaN,NaN
1503882000,1.792079,1.80198,1.782178,1.792079,822746,NaN,NaN,NaN,NaN,NaN,NaN,NaN
1503968400,1.782178,1.821782,1.772277,1.821782,4849515,NaN,NaN,NaN,NaN,NaN,NaN,NaN
1504054800,1.811881,1.881188,1.811881,1.881188,1795780,NaN,NaN,NaN,NaN,NaN,NaN,NaN
1504573200,1.881188,1.881188,1.841584,1.871287,1813354,NaN,NaN,NaN,NaN,NaN,NaN,NaN
1504659600,1.861386,1.871287,1.841584,1.851485,568933,NaN,NaN,NaN,NaN,NaN,NaN,NaN
1504746000,1.851485,1.861386,1.841584,1.851485,375518,NaN,NaN,NaN,NaN,NaN,NaN,NaN
1504832400,1.861386,1.871287,1.851485,1.861386,490456,NaN,NaN,NaN,NaN,NaN,NaN,NaN
1505091600,1.861386,1.881188,1.861386,1.871287,644380,NaN,NaN,NaN,NaN,NaN,NaN,NaN
1505178000,1.871287,1.871287,1.851485,1.871287,712656,NaN,NaN,NaN,NaN,NaN,NaN,NaN
1505264400,1.841584,1.851485,1.831683,1.841584,325422,NaN,NaN,NaN,NaN,NaN,NaN,NaN
1505350800,1.831683,1.831683,1.811881,1.821782,322695,NaN,NaN,NaN,NaN,NaN,NaN,NaN
1505437200,1.811881,1.831683,1.792079,1.831683,339057,NaN,NaN,NaN,NaN,NaN,NaN,NaN
1505696400,1.821782,1.821782,1.80198,1.821782,156954,NaN,NaN,NaN,NaN,NaN,NaN,NaN
1505782800,1.821782,1.821782,1.80198,1.811881,341986,NaN,NaN,NaN,NaN,NaN,NaN,NaN
1505869200,1.80198,1.811881,1.792079,1.792079,422281,NaN,NaN,NaN,NaN,NaN,NaN,NaN
1505955600,1.80198,1.80198,1.782178,1.80198,148571,NaN,NaN,NaN,NaN,NaN,NaN,NaN
1506301200,1.792079,1.811881,1.772277,1.772277,615999,NaN,NaN,NaN,NaN,NaN,NaN,NaN
1506387600,1.772277,1.792079,1.752475,1.762376,436421,NaN,NaN,NaN,NaN,NaN,NaN,NaN
1506474000,1.762376,1.80198,1.762376,1.772277,465711,NaN,NaN,NaN,NaN,NaN,NaN,NaN
1506560400,1.782178,1.792079,1.772277,1.782178,535805,NaN,NaN,NaN,NaN,NaN,NaN,NaN
1506646800,1.792079,1.792079,1.772277,1.792079,256540,1437184890.45955,3548859000,1024336000,115393000,656454000,2484420000,5.52430944696134
1506906000,1.782178,1.792079,1.752475,1.762376,460762,NaN,NaN,NaN,NaN,NaN,NaN,NaN
1506992400,1.752475,1.772277,1.752475,1.772277,88678,NaN,NaN,NaN,NaN,NaN,NaN,NaN
1507078800,1.782178,1.782178,1.762376,1.772277,190082,NaN,NaN,NaN,NaN,NaN,NaN,NaN
1507165200,1.782178,1.792079,1.752475,1.772277,381174,NaN,NaN,NaN,NaN,NaN,NaN,NaN
1507251600,1.782178,1.782178,1.762376,1.772277,115746,NaN,NaN,NaN,NaN,NaN,NaN,NaN
1507510800,1.772277,1.782178,1.762376,1.772277,180386,NaN,NaN,NaN,NaN,NaN,NaN,NaN
1507597200,1.762376,1.782178,1.762376,1.782178,331684,NaN,NaN,NaN,NaN,NaN,NaN,NaN
1507683600,1.782178,1.792079,1.772277,1.792079,435007,NaN,NaN,NaN,NaN,NaN,NaN,NaN
1507770000,1.792079,1.80198,1.782178,1.80198,404707,NaN,NaN,NaN,NaN,NaN,NaN,NaN
1507856400,1.80198,1.80198,1.782178,1.80198,1056864,NaN,NaN,NaN,NaN,NaN,NaN,NaN
1508115600,1.811881,1.811881,1.792079,1.80198,1840018,NaN,NaN,NaN,NaN,NaN,NaN,NaN
1508202000,1.80198,1.80198,1.782178,1.792079,1407132,NaN,NaN,NaN,NaN,NaN,NaN,NaN
1508374800,1.792079,1.811881,1.782178,1.782178,389254,NaN,NaN,NaN,NaN,NaN,NaN,NaN
1508461200,1.782178,1.792079,1.722772,1.722772,2318556,NaN,NaN,NaN,NaN,NaN,NaN,NaN
1508720400,1.742574,1.762376,1.732673,1.742574,1398749,NaN,NaN,NaN,NaN,NaN,NaN,NaN
1508806800,1.742574,1.762376,1.732673,1.742574,1283407,NaN,NaN,NaN,NaN,NaN,NaN,NaN
1508893200,1.742574,1.752475,1.732673,1.742574,1125443,NaN,NaN,NaN,NaN,NaN,NaN,NaN
1508979600,1.742574,1.752475,1.732673,1.732673,845471,NaN,NaN,NaN,NaN,NaN,NaN,NaN
1509066000,1.742574,1.742574,1.732673,1.742574,487931,NaN,NaN,NaN,NaN,NaN,NaN,NaN
1509325200,1.742574,1.742574,1.732673,1.742574,282901,NaN,NaN,NaN,NaN,NaN,NaN,NaN
1509411600,1.742574,1.752475,1.732673,1.732673,1109384,NaN,NaN,NaN,NaN,NaN,NaN,NaN
1509498000,1.742574,1.752475,1.732673,1.742574,254015,NaN,NaN,NaN,NaN,NaN,NaN,NaN
1509584400,1.742574,1.742574,1.732673,1.742574,355621,NaN,NaN,NaN,NaN,NaN,NaN,NaN
1509670800,1.732673,1.742574,1.722772,1.722772,902334,NaN,NaN,NaN,NaN,NaN,NaN,NaN
1509930000,1.722772,1.732673,1.712871,1.732673,642663,NaN,NaN,NaN,NaN,NaN,NaN,NaN
1510016400,1.732673,1.732673,1.722772,1.722772,693466,NaN,NaN,NaN,NaN,NaN,NaN,NaN
1510102800,1.722772,1.732673,1.712871,1.712871,410767,NaN,NaN,NaN,NaN,NaN,NaN,NaN
1510189200,1.712871,1.722772,1.712871,1.722772,452884,NaN,NaN,NaN,NaN,NaN,NaN,NaN
1510275600,1.722772,1.722772,1.712871,1.712871,304919,NaN,NaN,NaN,NaN,NaN,NaN,NaN
1510534800,1.712871,1.712871,1.693069,1.693069,1372893,NaN,NaN,NaN,NaN,NaN,NaN,NaN
1510621200,1.70297,1.70297,1.683168,1.70297,608424,NaN,NaN,NaN,NaN,NaN,NaN,NaN
1510707600,1.693069,1.70297,1.693069,1.693069,172407,NaN,NaN,NaN,NaN,NaN,NaN,NaN
1510794000,1.693069,1.70297,1.683168,1.693069,391981,NaN,NaN,NaN,NaN,NaN,NaN,NaN
1510880400,1.683168,1.70297,1.683168,1.70297,196243,NaN,NaN,NaN,NaN,NaN,NaN,NaN
1511139600,1.70297,1.70297,1.683168,1.683168,584588,NaN,NaN,NaN,NaN,NaN,NaN,NaN
1511226000,1.683168,1.732673,1.683168,1.722772,471165,NaN,NaN,NaN,NaN,NaN,NaN,NaN
1511312400,1.693069,1.712871,1.693069,1.712871,91506,NaN,NaN,NaN,NaN,NaN,NaN,NaN
1511398800,1.70297,1.732673,1.70297,1.712871,109888,NaN,NaN,NaN,NaN,NaN,NaN,NaN
1511485200,1.70297,1.712871,1.693069,1.712871,139077,NaN,NaN,NaN,NaN,NaN,NaN,NaN
1511744400,1.70297,1.712871,1.693069,1.712871,177457,NaN,NaN,NaN,NaN,NaN,NaN,NaN
1511830800,1.70297,1.70297,1.683168,1.70297,571054,NaN,NaN,NaN,NaN,NaN,NaN,NaN
1511917200,1.70297,1.70297,1.683168,1.693069,155540,NaN,NaN,NaN,NaN,NaN,NaN,NaN
1512003600,1.722772,1.762376,1.722772,1.762376,1750936,NaN,NaN,NaN,NaN,NaN,NaN,NaN
1512349200,1.762376,1.762376,1.742574,1.742574,370367,NaN,NaN,NaN,NaN,NaN,NaN,NaN
1512435600,1.752475,1.762376,1.742574,1.752475,592668,NaN,NaN,NaN,NaN,NaN,NaN,NaN
1512522000,1.752475,1.782178,1.752475,1.782178,491163,NaN,NaN,NaN,NaN,NaN,NaN,NaN
1512608400,1.782178,1.782178,1.752475,1.782178,510555,NaN,NaN,NaN,NaN,NaN,NaN,NaN
1512694800,1.782178,1.782178,1.693069,1.742574,797395,NaN,NaN,NaN,NaN,NaN,NaN,NaN
1512954000,1.772277,1.772277,1.712871,1.722772,1197456,NaN,NaN,NaN,NaN,NaN,NaN,NaN
1513040400,1.722772,1.732673,1.693069,1.712871,3119284,NaN,NaN,NaN,NaN,NaN,NaN,NaN
1513126800,1.712871,1.732673,1.712871,1.712871,1006970,NaN,NaN,NaN,NaN,NaN,NaN,NaN
1513213200,1.693069,1.712871,1.643564,1.693069,1332695,NaN,NaN,NaN,NaN,NaN,NaN,NaN
1513299600,1.693069,1.712871,1.683168,1.712871,476518,NaN,NaN,NaN,NaN,NaN,NaN,NaN
1513558800,1.70297,1.722772,1.70297,1.712871,523685,NaN,NaN,NaN,NaN,NaN,NaN,NaN
1513645200,1.712871,1.722772,1.70297,1.712871,126250,NaN,NaN,NaN,NaN,NaN,NaN,NaN
1513731600,1.712871,1.712871,1.70297,1.712871,108070,NaN,NaN,NaN,NaN,NaN,NaN,NaN
1513818000,1.712871,1.722772,1.70297,1.712871,296233,NaN,NaN,NaN,NaN,NaN,NaN,NaN
1513904400,1.712871,1.732673,1.70297,1.722772,269468,NaN,NaN,NaN,NaN,NaN,NaN,NaN
1514250000,1.722772,1.732673,1.722772,1.722772,279568,NaN,NaN,NaN,NaN,NaN,NaN,NaN
1514336400,1.732673,1.732673,1.70297,1.70297,384709,NaN,NaN,NaN,NaN,NaN,NaN,NaN
1514422800,1.732673,1.732673,1.70297,1.722772,142612,NaN,NaN,NaN,NaN,NaN,NaN,NaN
1514509200,1.722772,1.732673,1.712871,1.722772,262701,1437184890.45955,3532400000,1012036000,116451000,675086000,2479948000,6.32120695913794
1514854800,1.722772,1.732673,1.712871,1.722772,304616,NaN,NaN,NaN,NaN,NaN,NaN,NaN
1514941200,1.722772,1.762376,1.722772,1.752475,1008081,NaN,NaN,NaN,NaN,NaN,NaN,NaN
1515027600,1.762376,1.772277,1.742574,1.772277,595900,NaN,NaN,NaN,NaN,NaN,NaN,NaN
1515114000,1.772277,1.782178,1.762376,1.772277,365519,NaN,NaN,NaN,NaN,NaN,NaN,NaN
1515373200,1.772277,1.831683,1.772277,1.831683,1630746,NaN,NaN,NaN,NaN,NaN,NaN,NaN
1515459600,1.831683,1.851485,1.772277,1.80198,1337038,NaN,NaN,NaN,NaN,NaN,NaN,NaN
1515546000,1.80198,1.831683,1.792079,1.821782,1346330,NaN,NaN,NaN,NaN,NaN,NaN,NaN
1515632400,1.821782,1.821782,1.792079,1.821782,322695,NaN,NaN,NaN,NaN,NaN,NaN,NaN
1515718800,1.811881,1.831683,1.80198,1.821782,394506,NaN,NaN,NaN,NaN,NaN,NaN,NaN
1515978000,1.831683,1.831683,1.80198,1.811881,712151,NaN,NaN,NaN,NaN,NaN,NaN,NaN
1516064400,1.811881,1.821782,1.782178,1.811881,1228261,NaN,NaN,NaN,NaN,NaN,NaN,NaN
1516150800,1.811881,1.811881,1.782178,1.782178,1645492,NaN,NaN,NaN,NaN,NaN,NaN,NaN
1516237200,1.80198,1.80198,1.782178,1.80198,659631,NaN,NaN,NaN,NaN,NaN,NaN,NaN
1516323600,1.80198,1.851485,1.80198,1.841584,1287952,NaN,NaN,NaN,NaN,NaN,NaN,NaN
1516582800,1.841584,1.841584,1.811881,1.811881,727200,NaN,NaN,NaN,NaN,NaN,NaN,NaN
1516669200,1.821782,1.831683,1.811881,1.821782,587719,NaN,NaN,NaN,NaN,NaN,NaN,NaN
1516755600,1.831683,1.831683,1.821782,1.831683,309666,NaN,NaN,NaN,NaN,NaN,NaN,NaN
1516842000,1.831683,1.831683,1.811881,1.821782,585396,NaN,NaN,NaN,NaN,NaN,NaN,NaN
1516928400,1.821782,1.831683,1.821782,1.831683,385113,NaN,NaN,NaN,NaN,NaN,NaN,NaN
1517187600,1.831683,1.831683,1.821782,1.831683,340168,NaN,NaN,NaN,NaN,NaN,NaN,NaN
1517274000,1.831683,1.831683,1.821782,1.831683,300576,NaN,NaN,NaN,NaN,NaN,NaN,NaN
1517533200,1.821782,1.831683,1.811881,1.811881,548834,NaN,NaN,NaN,NaN,NaN,NaN,NaN
1517792400,1.811881,1.841584,1.782178,1.831683,1397941,NaN,NaN,NaN,NaN,NaN,NaN,NaN
1517878800,1.80198,1.811881,1.762376,1.792079,1290275,NaN,NaN,NaN,NaN,NaN,NaN,NaN
1517965200,1.782178,1.841584,1.782178,1.841584,1406223,NaN,NaN,NaN,NaN,NaN,NaN,NaN
1518051600,1.831683,1.841584,1.821782,1.821782,400970,NaN,NaN,NaN,NaN,NaN,NaN,NaN
1518138000,1.811881,1.821782,1.792079,1.821782,618423,NaN,NaN,NaN,NaN,NaN,NaN,NaN
1518397200,1.821782,1.851485,1.811881,1.851485,2001012,NaN,NaN,NaN,NaN,NaN,NaN,NaN
1518483600,1.851485,1.851485,1.841584,1.851485,417736,NaN,NaN,NaN,NaN,NaN,NaN,NaN
1518570000,1.841584,1.851485,1.831683,1.851485,226139,NaN,NaN,NaN,NaN,NaN,NaN,NaN
1518656400,1.841584,1.851485,1.841584,1.841584,43228,NaN,NaN,NaN,NaN,NaN,NaN,NaN
1519002000,1.841584,1.861386,1.841584,1.861386,469650,NaN,NaN,NaN,NaN,NaN,NaN,NaN
1519088400,1.861386,1.861386,1.841584,1.861386,141905,NaN,NaN,NaN,NaN,NaN,NaN,NaN
1519174800,1.851485,1.861386,1.851485,1.851485,499950,NaN,NaN,NaN,NaN,NaN,NaN,NaN
1519261200,1.851485,1.861386,1.851485,1.861386,434603,NaN,NaN,NaN,NaN,NaN,NaN,NaN
1519347600,1.861386,1.891089,1.861386,1.881188,1473186,NaN,NaN,NaN,NaN,NaN,NaN,NaN
1519606800,1.891089,1.90099,1.881188,1.90099,471367,NaN,NaN,NaN,NaN,NaN,NaN,NaN
1519693200,1.90099,1.960396,1.90099,1.960396,1372186,NaN,NaN,NaN,NaN,NaN,NaN,NaN
1519779600,1.960396,1.960396,1.930693,1.940594,1104940,NaN,NaN,NaN,NaN,NaN,NaN,NaN
1519866000,1.930693,1.960396,1.930693,1.940594,914757,NaN,NaN,NaN,NaN,NaN,NaN,NaN
1519952400,1.940594,1.950495,1.910891,1.920792,406727,NaN,NaN,NaN,NaN,NaN,NaN,NaN
1520211600,1.920792,1.940594,1.910891,1.930693,854056,NaN,NaN,NaN,NaN,NaN,NaN,NaN
1520298000,1.930693,1.940594,1.910891,1.920792,606808,NaN,NaN,NaN,NaN,NaN,NaN,NaN
1520384400,1.910891,1.920792,1.881188,1.90099,316938,NaN,NaN,NaN,NaN,NaN,NaN,NaN
1520470800,1.90099,1.930693,1.891089,1.930693,720433,NaN,NaN,NaN,NaN,NaN,NaN,NaN
1520557200,1.930693,1.950495,1.930693,1.950495,1730029,NaN,NaN,NaN,NaN,NaN,NaN,NaN
1520816400,1.960396,1.970297,1.930693,1.950495,1353299,NaN,NaN,NaN,NaN,NaN,NaN,NaN
1520902800,1.930693,1.930693,1.881188,1.920792,328250,NaN,NaN,NaN,NaN,NaN,NaN,NaN
1520989200,1.920792,1.930693,1.891089,1.910891,417332,NaN,NaN,NaN,NaN,NaN,NaN,NaN
1521075600,1.90099,1.920792,1.881188,1.920792,397435,NaN,NaN,NaN,NaN,NaN,NaN,NaN
1521162000,1.90099,1.910891,1.891089,1.910891,474801,NaN,NaN,NaN,NaN,NaN,NaN,NaN
1521421200,1.910891,1.910891,1.90099,1.910891,348046,NaN,NaN,NaN,NaN,NaN,NaN,NaN
1521507600,1.910891,1.910891,1.891089,1.910891,579033,NaN,NaN,NaN,NaN,NaN,NaN,NaN
1521594000,1.910891,1.910891,1.821782,1.821782,354005,NaN,NaN,NaN,NaN,NaN,NaN,NaN
1521680400,1.831683,1.871287,1.831683,1.851485,470660,NaN,NaN,NaN,NaN,NaN,NaN,NaN
1521766800,1.851485,1.861386,1.831683,1.831683,364812,NaN,NaN,NaN,NaN,NaN,NaN,NaN
1522026000,1.831683,1.841584,1.821782,1.821782,325119,NaN,NaN,NaN,NaN,NaN,NaN,NaN
1522112400,1.831683,1.841584,1.782178,1.831683,183012,NaN,NaN,NaN,NaN,NaN,NaN,NaN
1522198800,1.831683,1.861386,1.821782,1.821782,114130,NaN,NaN,NaN,NaN,NaN,NaN,NaN
1522285200,1.811881,1.811881,1.80198,1.811881,29997,NaN,NaN,NaN,NaN,NaN,NaN,NaN
1522371600,1.811881,1.811881,1.792079,1.811881,177558,1437184890.45955,3653011000,1133830000,108823000,712352000,2477994000,8.19590172049182
1522630800,1.811881,1.811881,1.792079,1.80198,65852,NaN,NaN,NaN,NaN,NaN,NaN,NaN
1522717200,1.792079,1.80198,1.782178,1.80198,219877,NaN,NaN,NaN,NaN,NaN,NaN,NaN
1522803600,1.792079,1.792079,1.732673,1.762376,359459,NaN,NaN,NaN,NaN,NaN,NaN,NaN
1522890000,1.752475,1.792079,1.752475,1.792079,346430,NaN,NaN,NaN,NaN,NaN,NaN,NaN
1522976400,1.80198,1.80198,1.772277,1.782178,241491,NaN,NaN,NaN,NaN,NaN,NaN,NaN
1523235600,1.782178,1.782178,1.762376,1.782178,123624,NaN,NaN,NaN,NaN,NaN,NaN,NaN
1523322000,1.782178,1.80198,1.772277,1.782178,324412,NaN,NaN,NaN,NaN,NaN,NaN,NaN
1523408400,1.782178,1.80198,1.772277,1.792079,431775,NaN,NaN,NaN,NaN,NaN,NaN,NaN
1523494800,1.792079,1.80198,1.772277,1.80198,111302,NaN,NaN,NaN,NaN,NaN,NaN,NaN
1523581200,1.792079,1.80198,1.772277,1.80198,198869,NaN,NaN,NaN,NaN,NaN,NaN,NaN
1523840400,1.80198,1.80198,1.782178,1.80198,69791,NaN,NaN,NaN,NaN,NaN,NaN,NaN
1523926800,1.792079,1.80198,1.772277,1.792079,146349,NaN,NaN,NaN,NaN,NaN,NaN,NaN
1524013200,1.782178,1.792079,1.772277,1.772277,181194,NaN,NaN,NaN,NaN,NaN,NaN,NaN
1524099600,1.782178,1.792079,1.772277,1.782178,126250,NaN,NaN,NaN,NaN,NaN,NaN,NaN
1524186000,1.772277,1.782178,1.762376,1.772277,250278,NaN,NaN,NaN,NaN,NaN,NaN,NaN
1524445200,1.772277,1.772277,1.752475,1.752475,298455,NaN,NaN,NaN,NaN,NaN,NaN,NaN
1524531600,1.752475,1.762376,1.732673,1.762376,375417,NaN,NaN,NaN,NaN,NaN,NaN,NaN
1524618000,1.762376,1.762376,1.742574,1.742574,223109,NaN,NaN,NaN,NaN,NaN,NaN,NaN
1524704400,1.762376,1.772277,1.752475,1.752475,89284,NaN,NaN,NaN,NaN,NaN,NaN,NaN
1524790800,1.762376,1.772277,1.752475,1.762376,123018,NaN,NaN,NaN,NaN,NaN,NaN,NaN
1525050000,1.762376,1.80198,1.762376,1.772277,241491,NaN,NaN,NaN,NaN,NaN,NaN,NaN
1525222800,1.80198,1.80198,1.772277,1.792079,240986,NaN,NaN,NaN,NaN,NaN,NaN,NaN
1525309200,1.792079,1.792079,1.772277,1.792079,251894,NaN,NaN,NaN,NaN,NaN,NaN,NaN
1525395600,1.782178,1.792079,1.772277,1.782178,113726,NaN,NaN,NaN,NaN,NaN,NaN,NaN
1525654800,1.772277,1.782178,1.732673,1.732673,695991,NaN,NaN,NaN,NaN,NaN,NaN,NaN
1525741200,1.752475,1.782178,1.742574,1.772277,198768,NaN,NaN,NaN,NaN,NaN,NaN,NaN
1526259600,1.881188,1.990099,1.871287,1.990099,6856284,NaN,NaN,NaN,NaN,NaN,NaN,NaN
1526346000,1.990099,2.029703,1.960396,2.019802,2050401,NaN,NaN,NaN,NaN,NaN,NaN,NaN
1526432400,2,2.029703,1.990099,2,877589,NaN,NaN,NaN,NaN,NaN,NaN,NaN
1526518800,2.009901,2.148515,2.009901,2.138614,3917790,NaN,NaN,NaN,NaN,NaN,NaN,NaN
1526605200,2.148515,2.158416,2.079208,2.079208,1158773,NaN,NaN,NaN,NaN,NaN,NaN,NaN
1526864400,2.089109,2.128713,2.079208,2.09901,712959,NaN,NaN,NaN,NaN,NaN,NaN,NaN
1526950800,2.138614,2.178218,2.128713,2.128713,1902234,NaN,NaN,NaN,NaN,NaN,NaN,NaN
1527037200,2.128713,2.138614,2.108911,2.108911,2374308,NaN,NaN,NaN,NaN,NaN,NaN,NaN
1527123600,2.108911,2.128713,2.079208,2.108911,908798,NaN,NaN,NaN,NaN,NaN,NaN,NaN
1527210000,2.108911,2.118812,2.079208,2.089109,1156652,NaN,NaN,NaN,NaN,NaN,NaN,NaN
1527469200,2.089109,2.128713,2.089109,2.108911,638522,NaN,NaN,NaN,NaN,NaN,NaN,NaN
1527642000,2.089109,2.118812,2.069307,2.118812,1947280,NaN,NaN,NaN,NaN,NaN,NaN,NaN
1527728400,2.118812,2.168317,2.089109,2.168317,1401880,NaN,NaN,NaN,NaN,NaN,NaN,NaN
1527814800,2.138614,2.178218,2.138614,2.168317,1087972,NaN,NaN,NaN,NaN,NaN,NaN,NaN
1528074000,2.168317,2.207921,2.158416,2.207921,1159682,NaN,NaN,NaN,NaN,NaN,NaN,NaN
1528160400,2.217822,2.257426,2.217822,2.247525,1208364,NaN,NaN,NaN,NaN,NaN,NaN,NaN
1528246800,2.257426,2.277228,2.247525,2.267327,890012,NaN,NaN,NaN,NaN,NaN,NaN,NaN
1528333200,2.267327,2.277228,2.247525,2.267327,727907,NaN,NaN,NaN,NaN,NaN,NaN,NaN
1528419600,2.267327,2.267327,2.237624,2.257426,653672,NaN,NaN,NaN,NaN,NaN,NaN,NaN
1528678800,2.257426,2.267327,2.227723,2.247525,1536513,NaN,NaN,NaN,NaN,NaN,NaN,NaN
1528765200,2.247525,2.257426,2.207921,2.257426,1024039,NaN,NaN,NaN,NaN,NaN,NaN,NaN
1528851600,2.217822,2.217822,2.19802,2.207921,546410,NaN,NaN,NaN,NaN,NaN,NaN,NaN
1528938000,2.217822,2.316832,2.19802,2.316832,2402790,NaN,NaN,NaN,NaN,NaN,NaN,NaN
1529283600,2.257426,2.277228,2.237624,2.247525,656803,NaN,NaN,NaN,NaN,NaN,NaN,NaN
1529370000,2.247525,2.257426,2.19802,2.207921,752652,NaN,NaN,NaN,NaN,NaN,NaN,NaN
1529456400,2.19802,2.237624,2.19802,2.217822,659732,NaN,NaN,NaN,NaN,NaN,NaN,NaN
1529542800,2.227723,2.227723,2.158416,2.158416,394304,NaN,NaN,NaN,NaN,NaN,NaN,NaN
1529629200,2.158416,2.168317,2.138614,2.138614,383901,NaN,NaN,NaN,NaN,NaN,NaN,NaN
1529888400,2.148515,2.158416,2.128713,2.138614,415009,NaN,NaN,NaN,NaN,NaN,NaN,NaN
1529974800,2.138614,2.138614,2.108911,2.118812,520958,NaN,NaN,NaN,NaN,NaN,NaN,NaN
1530061200,2.108911,2.118812,2.089109,2.089109,372185,NaN,NaN,NaN,NaN,NaN,NaN,NaN
1530147600,2.089109,2.089109,2.029703,2.049505,598728,NaN,NaN,NaN,NaN,NaN,NaN,NaN
1530234000,2.039604,2.09901,2.039604,2.069307,717201,1437184890.45955,3660056000,1151621000,93295000,600388000,2468999000,7.17631586052632
1530493200,2.069307,2.079208,2,2,703061,NaN,NaN,NaN,NaN,NaN,NaN,NaN
1530579600,2.009901,2.059406,1.990099,2.029703,508333,NaN,NaN,NaN,NaN,NaN,NaN,NaN
1530666000,2.029703,2.079208,2.029703,2.039604,557823,NaN,NaN,NaN,NaN,NaN,NaN,NaN
1530752400,2.049505,2.079208,2.039604,2.069307,258762,NaN,NaN,NaN,NaN,NaN,NaN,NaN
1530838800,2.079208,2.118812,2.049505,2.108911,423897,NaN,NaN,NaN,NaN,NaN,NaN,NaN
1531098000,2.108911,2.138614,2.069307,2.128713,686093,NaN,NaN,NaN,NaN,NaN,NaN,NaN
1531184400,2.128713,2.138614,2.09901,2.138614,181699,NaN,NaN,NaN,NaN,NaN,NaN,NaN
1531270800,2.138614,2.138614,2.09901,2.108911,139380,NaN,NaN,NaN,NaN,NaN,NaN,NaN
1531357200,2.128713,2.138614,2.118812,2.138614,159277,NaN,NaN,NaN,NaN,NaN,NaN,NaN
1531443600,2.148515,2.168317,2.138614,2.158416,557823,NaN,NaN,NaN,NaN,NaN,NaN,NaN
1531702800,2.158416,2.19802,2.138614,2.19802,559035,NaN,NaN,NaN,NaN,NaN,NaN,NaN
1531789200,2.19802,2.19802,2.168317,2.188119,362489,NaN,NaN,NaN,NaN,NaN,NaN,NaN
1531875600,2.188119,2.217822,2.188119,2.217822,705485,NaN,NaN,NaN,NaN,NaN,NaN,NaN
1531962000,2.217822,2.227723,2.19802,2.227723,519140,NaN,NaN,NaN,NaN,NaN,NaN,NaN
1532048400,2.217822,2.227723,2.188119,2.227723,730432,NaN,NaN,NaN,NaN,NaN,NaN,NaN
1532307600,2.217822,2.217822,2.158416,2.19802,702758,NaN,NaN,NaN,NaN,NaN,NaN,NaN
1532394000,2.168317,2.19802,2.158416,2.178218,660035,NaN,NaN,NaN,NaN,NaN,NaN,NaN
1532480400,2.188119,2.188119,2.158416,2.158416,262095,NaN,NaN,NaN,NaN,NaN,NaN,NaN
1532566800,2.168317,2.178218,2.148515,2.168317,457126,NaN,NaN,NaN,NaN,NaN,NaN,NaN
1532653200,2.168317,2.178218,2.148515,2.168317,252904,NaN,NaN,NaN,NaN,NaN,NaN,NaN
1532912400,2.148515,2.188119,2.148515,2.168317,406929,NaN,NaN,NaN,NaN,NaN,NaN,NaN
1532998800,2.178218,2.188119,2.158416,2.178218,493890,NaN,NaN,NaN,NaN,NaN,NaN,NaN
1533085200,2.178218,2.207921,2.178218,2.178218,393900,NaN,NaN,NaN,NaN,NaN,NaN,NaN
1533171600,2.178218,2.207921,2.158416,2.158416,788305,NaN,NaN,NaN,NaN,NaN,NaN,NaN
1533258000,2.178218,2.188119,2.138614,2.168317,437431,NaN,NaN,NaN,NaN,NaN,NaN,NaN
1533517200,2.158416,2.168317,2.148515,2.168317,209575,NaN,NaN,NaN,NaN,NaN,NaN,NaN
1533603600,2.168317,2.178218,2.039604,2.079208,2044644,NaN,NaN,NaN,NaN,NaN,NaN,NaN
1533690000,2.059406,2.079208,2.039604,2.069307,1239674,NaN,NaN,NaN,NaN,NaN,NaN,NaN
1533776400,2.059406,2.089109,2.049505,2.059406,697607,NaN,NaN,NaN,NaN,NaN,NaN,NaN
1533862800,2.059406,2.079208,2.059406,2.059406,262297,NaN,NaN,NaN,NaN,NaN,NaN,NaN
1534122000,2.059406,2.069307,2.049505,2.059406,453692,NaN,NaN,NaN,NaN,NaN,NaN,NaN
1534208400,2.049505,2.059406,2.029703,2.029703,604889,NaN,NaN,NaN,NaN,NaN,NaN,NaN
1534294800,2.029703,2.039604,2.029703,2.029703,332290,NaN,NaN,NaN,NaN,NaN,NaN,NaN
1534381200,2.029703,2.039604,2.009901,2.029703,665085,NaN,NaN,NaN,NaN,NaN,NaN,NaN
1534467600,2.029703,2.039604,2.009901,2.019802,615494,NaN,NaN,NaN,NaN,NaN,NaN,NaN
1534726800,2.029703,2.029703,2.009901,2.009901,439249,NaN,NaN,NaN,NaN,NaN,NaN,NaN
1534813200,2.009901,2.019802,1.990099,2,979902,NaN,NaN,NaN,NaN,NaN,NaN,NaN
1534986000,2,2.009901,1.990099,2,656500,NaN,NaN,NaN,NaN,NaN,NaN,NaN
1535072400,2.019802,2.069307,1.980198,1.980198,841128,NaN,NaN,NaN,NaN,NaN,NaN,NaN
1535331600,1.990099,2,1.960396,1.960396,1387538,NaN,NaN,NaN,NaN,NaN,NaN,NaN
1535418000,1.950495,1.960396,1.90099,1.910891,1514899,NaN,NaN,NaN,NaN,NaN,NaN,NaN
1535504400,1.910891,1.940594,1.910891,1.930693,903950,NaN,NaN,NaN,NaN,NaN,NaN,NaN
1535590800,1.940594,1.950495,1.90099,1.90099,1176751,NaN,NaN,NaN,NaN,NaN,NaN,NaN
1535936400,1.920792,1.930693,1.90099,1.90099,1005657,NaN,NaN,NaN,NaN,NaN,NaN,NaN
1536022800,1.910891,1.920792,1.90099,1.910891,561661,NaN,NaN,NaN,NaN,NaN,NaN,NaN
1536109200,1.910891,1.930693,1.910891,1.910891,593981,NaN,NaN,NaN,NaN,NaN,NaN,NaN
1536195600,1.930693,1.960396,1.920792,1.930693,742855,NaN,NaN,NaN,NaN,NaN,NaN,NaN
1536282000,1.940594,1.940594,1.910891,1.920792,695385,NaN,NaN,NaN,NaN,NaN,NaN,NaN
1536714000,1.930693,1.930693,1.881188,1.891089,1464096,NaN,NaN,NaN,NaN,NaN,NaN,NaN
1536800400,1.90099,1.90099,1.851485,1.881188,1390063,NaN,NaN,NaN,NaN,NaN,NaN,NaN
1536886800,1.861386,1.871287,1.821782,1.831683,1544694,NaN,NaN,NaN,NaN,NaN,NaN,NaN
1537232400,1.841584,1.871287,1.831683,1.851485,331381,NaN,NaN,NaN,NaN,NaN,NaN,NaN
1537318800,1.851485,1.881188,1.851485,1.851485,423998,NaN,NaN,NaN,NaN,NaN,NaN,NaN
1537405200,1.861386,1.881188,1.851485,1.851485,404909,NaN,NaN,NaN,NaN,NaN,NaN,NaN
1537491600,1.920792,1.930693,1.881188,1.910891,1530958,NaN,NaN,NaN,NaN,NaN,NaN,NaN
1537750800,1.920792,1.920792,1.881188,1.881188,391072,NaN,NaN,NaN,NaN,NaN,NaN,NaN
1537837200,1.891089,1.90099,1.881188,1.90099,188971,NaN,NaN,NaN,NaN,NaN,NaN,NaN
1537923600,1.90099,1.90099,1.881188,1.90099,134532,NaN,NaN,NaN,NaN,NaN,NaN,NaN
1538010000,1.90099,1.930693,1.891089,1.920792,498031,NaN,NaN,NaN,NaN,NaN,NaN,NaN
1538096400,1.910891,1.920792,1.90099,1.90099,193314,1437184890.45955,3639337000,1243298000,128401999.99999999,667109000,2355868000,7.81171882734374
1538355600,1.910891,1.920792,1.891089,1.891089,421776,NaN,NaN,NaN,NaN,NaN,NaN,NaN
1538442000,1.90099,1.90099,1.881188,1.881188,217150,NaN,NaN,NaN,NaN,NaN,NaN,NaN
1538528400,1.90099,1.90099,1.851485,1.871287,617211,NaN,NaN,NaN,NaN,NaN,NaN,NaN
1538614800,1.881188,1.891089,1.871287,1.881188,260984,NaN,NaN,NaN,NaN,NaN,NaN,NaN
1538701200,1.871287,1.871287,1.861386,1.861386,236946,NaN,NaN,NaN,NaN,NaN,NaN,NaN
1538960400,1.871287,1.871287,1.841584,1.841584,507020,NaN,NaN,NaN,NaN,NaN,NaN,NaN
1539046800,1.851485,1.871287,1.841584,1.841584,508838,NaN,NaN,NaN,NaN,NaN,NaN,NaN
1539133200,1.841584,1.841584,1.811881,1.811881,717908,NaN,NaN,NaN,NaN,NaN,NaN,NaN
1539219600,1.782178,1.792079,1.762376,1.772277,871832,NaN,NaN,NaN,NaN,NaN,NaN,NaN
1539306000,1.772277,1.821782,1.762376,1.80198,518433,NaN,NaN,NaN,NaN,NaN,NaN,NaN
1539565200,1.811881,1.821782,1.782178,1.80198,406929,NaN,NaN,NaN,NaN,NaN,NaN,NaN
1539651600,1.80198,1.811881,1.772277,1.782178,302798,NaN,NaN,NaN,NaN,NaN,NaN,NaN
1539738000,1.792079,1.80198,1.782178,1.782178,271589,NaN,NaN,NaN,NaN,NaN,NaN,NaN
1539824400,1.80198,1.811881,1.782178,1.811881,337239,NaN,NaN,NaN,NaN,NaN,NaN,NaN
1539910800,1.811881,1.811881,1.772277,1.792079,1498537,NaN,NaN,NaN,NaN,NaN,NaN,NaN
1540170000,1.792079,1.80198,1.782178,1.792079,236138,NaN,NaN,NaN,NaN,NaN,NaN,NaN
1540256400,1.782178,1.792079,1.782178,1.782178,260378,NaN,NaN,NaN,NaN,NaN,NaN,NaN
1540342800,1.792079,1.80198,1.782178,1.792079,310878,NaN,NaN,NaN,NaN,NaN,NaN,NaN
1540429200,1.782178,1.782178,1.762376,1.772277,504394,NaN,NaN,NaN,NaN,NaN,NaN,NaN
1540515600,1.782178,1.782178,1.772277,1.782178,208565,NaN,NaN,NaN,NaN,NaN,NaN,NaN
1540774800,1.782178,1.80198,1.782178,1.792079,321483,NaN,NaN,NaN,NaN,NaN,NaN,NaN
1540861200,1.792079,1.792079,1.782178,1.792079,167458,NaN,NaN,NaN,NaN,NaN,NaN,NaN
1540947600,1.782178,1.80198,1.782178,1.792079,263206,NaN,NaN,NaN,NaN,NaN,NaN,NaN
1541034000,1.80198,1.811881,1.792079,1.80198,355722,NaN,NaN,NaN,NaN,NaN,NaN,NaN
1541120400,1.80198,1.90099,1.80198,1.861386,809313,NaN,NaN,NaN,NaN,NaN,NaN,NaN
1541379600,1.831683,1.920792,1.792079,1.910891,1252703,NaN,NaN,NaN,NaN,NaN,NaN,NaN
1541552400,1.910891,1.930693,1.881188,1.920792,316231,NaN,NaN,NaN,NaN,NaN,NaN,NaN
1541638800,1.930693,1.950495,1.910891,1.950495,835472,NaN,NaN,NaN,NaN,NaN,NaN,NaN
1541725200,1.930693,1.940594,1.910891,1.930693,460459,NaN,NaN,NaN,NaN,NaN,NaN,NaN
1541984400,1.930693,1.950495,1.920792,1.920792,307242,NaN,NaN,NaN,NaN,NaN,NaN,NaN
1542070800,1.891089,1.930693,1.891089,1.920792,287244,NaN,NaN,NaN,NaN,NaN,NaN,NaN
1542157200,1.920792,1.930693,1.910891,1.920792,265125,NaN,NaN,NaN,NaN,NaN,NaN,NaN
1542243600,1.930693,1.940594,1.920792,1.920792,469145,NaN,NaN,NaN,NaN,NaN,NaN,NaN
1542330000,1.930693,1.960396,1.930693,1.960396,700738,NaN,NaN,NaN,NaN,NaN,NaN,NaN
1542589200,1.940594,1.980198,1.940594,1.980198,656298,NaN,NaN,NaN,NaN,NaN,NaN,NaN
1542762000,1.940594,1.980198,1.940594,1.980198,449854,NaN,NaN,NaN,NaN,NaN,NaN,NaN
1542848400,1.960396,1.980198,1.960396,1.970297,689628,NaN,NaN,NaN,NaN,NaN,NaN,NaN
1542934800,1.970297,1.970297,1.930693,1.950495,734876,NaN,NaN,NaN,NaN,NaN,NaN,NaN
1543194000,1.970297,1.980198,1.960396,1.980198,622564,NaN,NaN,NaN,NaN,NaN,NaN,NaN
1543280400,1.990099,2,1.960396,2,1219070,NaN,NaN,NaN,NaN,NaN,NaN,NaN
1543366800,1.910891,1.980198,1.910891,1.940594,1645088,NaN,NaN,NaN,NaN,NaN,NaN,NaN
1543453200,1.940594,1.960396,1.920792,1.950495,2455916,NaN,NaN,NaN,NaN,NaN,NaN,NaN
1543539600,1.950495,1.960396,1.920792,1.960396,1498941,NaN,NaN,NaN,NaN,NaN,NaN,NaN
1543798800,1.930693,1.950495,1.910891,1.950495,1144532,NaN,NaN,NaN,NaN,NaN,NaN,NaN
1543885200,1.950495,1.950495,1.930693,1.940594,248561,NaN,NaN,NaN,NaN,NaN,NaN,NaN
1543971600,1.940594,1.940594,1.891089,1.920792,1047269,NaN,NaN,NaN,NaN,NaN,NaN,NaN
1544058000,1.910891,1.940594,1.910891,1.940594,778306,NaN,NaN,NaN,NaN,NaN,NaN,NaN
1544144400,1.940594,1.960396,1.940594,1.960396,593577,NaN,NaN,NaN,NaN,NaN,NaN,NaN
1544403600,1.940594,1.950495,1.940594,1.950495,232098,NaN,NaN,NaN,NaN,NaN,NaN,NaN
1544490000,1.950495,1.950495,1.940594,1.950495,401677,NaN,NaN,NaN,NaN,NaN,NaN,NaN
1544576400,1.950495,1.980198,1.930693,1.980198,1120292,NaN,NaN,NaN,NaN,NaN,NaN,NaN
1544662800,1.930693,1.930693,1.910891,1.920792,256338,NaN,NaN,NaN,NaN,NaN,NaN,NaN
1544749200,1.920792,1.920792,1.90099,1.90099,2529444,NaN,NaN,NaN,NaN,NaN,NaN,NaN
1545008400,1.90099,1.90099,1.871287,1.881188,265630,NaN,NaN,NaN,NaN,NaN,NaN,NaN
1545094800,1.881188,1.910891,1.871287,1.910891,1053531,NaN,NaN,NaN,NaN,NaN,NaN,NaN
1545181200,1.891089,1.940594,1.881188,1.940594,2119283,NaN,NaN,NaN,NaN,NaN,NaN,NaN
1545267600,1.930693,1.940594,1.910891,1.930693,695991,NaN,NaN,NaN,NaN,NaN,NaN,NaN
1545354000,1.920792,1.920792,1.881188,1.90099,1916172,NaN,NaN,NaN,NaN,NaN,NaN,NaN
1545613200,1.891089,1.910891,1.891089,1.90099,220786,NaN,NaN,NaN,NaN,NaN,NaN,NaN
1545786000,1.891089,1.891089,1.871287,1.871287,279568,NaN,NaN,NaN,NaN,NaN,NaN,NaN
1545872400,1.881188,1.930693,1.881188,1.910891,262398,NaN,NaN,NaN,NaN,NaN,NaN,NaN
1545958800,1.90099,1.920792,1.891089,1.90099,159075,NaN,NaN,NaN,NaN,NaN,NaN,NaN
1546218000,1.90099,1.940594,1.90099,1.930693,645188,1437184890.45955,3755964000,1263294000,134498000,724405000,2451948000,7.6915385376923
1546390800,1.940594,1.940594,1.910891,1.930693,293708,NaN,NaN,NaN,NaN,NaN,NaN,NaN
1546477200,1.920792,1.940594,1.920792,1.940594,372084,NaN,NaN,NaN,NaN,NaN,NaN,NaN
1546563600,1.940594,1.940594,1.920792,1.920792,64438,NaN,NaN,NaN,NaN,NaN,NaN,NaN
1546822800,1.930693,1.960396,1.930693,1.950495,416221,NaN,NaN,NaN,NaN,NaN,NaN,NaN
1546909200,1.950495,1.960396,1.930693,1.930693,424604,NaN,NaN,NaN,NaN,NaN,NaN,NaN
1546995600,1.930693,1.970297,1.930693,1.960396,1237856,NaN,NaN,NaN,NaN,NaN,NaN,NaN
1547082000,1.970297,2,1.960396,1.990099,774670,NaN,NaN,NaN,NaN,NaN,NaN,NaN
1547168400,1.980198,2,1.980198,2,432381,NaN,NaN,NaN,NaN,NaN,NaN,NaN
1547427600,2,2.009901,1.980198,2,511262,NaN,NaN,NaN,NaN,NaN,NaN,NaN
1547514000,2,2,1.980198,2,113726,NaN,NaN,NaN,NaN,NaN,NaN,NaN
1547600400,1.990099,1.990099,1.980198,1.980198,707909,NaN,NaN,NaN,NaN,NaN,NaN,NaN
1547686800,1.980198,2,1.980198,2,324614,NaN,NaN,NaN,NaN,NaN,NaN,NaN
1547773200,1.990099,2.009901,1.990099,2,530452,NaN,NaN,NaN,NaN,NaN,NaN,NaN
1548118800,2,2.019802,1.990099,2.019802,374811,NaN,NaN,NaN,NaN,NaN,NaN,NaN
1548205200,2.019802,2.029703,2,2.009901,319766,NaN,NaN,NaN,NaN,NaN,NaN,NaN
1548291600,2,2.009901,1.980198,1.990099,501667,NaN,NaN,NaN,NaN,NaN,NaN,NaN
1548378000,2,2.019802,2,2.009901,161297,NaN,NaN,NaN,NaN,NaN,NaN,NaN
1548637200,2.009901,2.019802,1.990099,2.009901,679629,NaN,NaN,NaN,NaN,NaN,NaN,NaN
1548723600,2.009901,2.019802,2,2.019802,989598,NaN,NaN,NaN,NaN,NaN,NaN,NaN
1548810000,2.019802,2.019802,2,2.019802,374003,NaN,NaN,NaN,NaN,NaN,NaN,NaN
1548896400,2.019802,2.079208,2.009901,2.039604,1469146,NaN,NaN,NaN,NaN,NaN,NaN,NaN
1549242000,2.069307,2.079208,2.049505,2.059406,485103,NaN,NaN,NaN,NaN,NaN,NaN,NaN
1549501200,2.069307,2.158416,2.059406,2.148515,1280074,NaN,NaN,NaN,NaN,NaN,NaN,NaN
1549587600,2.148515,2.148515,2.128713,2.138614,1118474,NaN,NaN,NaN,NaN,NaN,NaN,NaN
1549846800,2.138614,2.148515,2.108911,2.108911,827392,NaN,NaN,NaN,NaN,NaN,NaN,NaN
1549933200,2.128713,2.148515,2.108911,2.118812,727200,NaN,NaN,NaN,NaN,NaN,NaN,NaN
1550019600,2.128713,2.138614,2.118812,2.118812,674478,NaN,NaN,NaN,NaN,NaN,NaN,NaN
1550106000,2.138614,2.138614,2.108911,2.128713,704778,NaN,NaN,NaN,NaN,NaN,NaN,NaN
1550192400,2.118812,2.168317,2.118812,2.158416,1127362,NaN,NaN,NaN,NaN,NaN,NaN,NaN
1550451600,2.158416,2.267327,2.158416,2.257426,4028890,NaN,NaN,NaN,NaN,NaN,NaN,NaN
1550538000,2.247525,2.267327,2.178218,2.267327,3095347,NaN,NaN,NaN,NaN,NaN,NaN,NaN
1550624400,2.257426,2.277228,2.247525,2.267327,1434806,NaN,NaN,NaN,NaN,NaN,NaN,NaN
1550710800,2.267327,2.29703,2.247525,2.29703,2537019,NaN,NaN,NaN,NaN,NaN,NaN,NaN
1550797200,2.287129,2.306931,2.257426,2.306931,1581357,NaN,NaN,NaN,NaN,NaN,NaN,NaN
1551056400,2.306931,2.306931,2.277228,2.29703,1008788,NaN,NaN,NaN,NaN,NaN,NaN,NaN
1551142800,2.306931,2.356436,2.29703,2.326733,3167966,NaN,NaN,NaN,NaN,NaN,NaN,NaN
1551229200,2.326733,2.39604,2.326733,2.376238,4258665,NaN,NaN,NaN,NaN,NaN,NaN,NaN
1551315600,2.366337,2.415842,2.366337,2.386139,2977581,NaN,NaN,NaN,NaN,NaN,NaN,NaN
1551402000,2.366337,2.435644,2.366337,2.435644,2504497,NaN,NaN,NaN,NaN,NaN,NaN,NaN
1551661200,2.435644,2.455446,2.39604,2.39604,4188066,NaN,NaN,NaN,NaN,NaN,NaN,NaN
1551747600,2.376238,2.415842,2.336634,2.366337,2948796,NaN,NaN,NaN,NaN,NaN,NaN,NaN
1551834000,2.356436,2.386139,2.306931,2.376238,3162108,NaN,NaN,NaN,NaN,NaN,NaN,NaN
1551920400,2.336634,2.376238,2.336634,2.356436,1896679,NaN,NaN,NaN,NaN,NaN,NaN,NaN
1552006800,2.346535,2.366337,2.336634,2.346535,1942836,NaN,NaN,NaN,NaN,NaN,NaN,NaN
1552266000,2.336634,2.366337,2.336634,2.346535,2581560,NaN,NaN,NaN,NaN,NaN,NaN,NaN
1552352400,2.366337,2.386139,2.346535,2.376238,2083933,NaN,NaN,NaN,NaN,NaN,NaN,NaN
1552438800,2.346535,2.425743,2.326733,2.425743,3046665,NaN,NaN,NaN,NaN,NaN,NaN,NaN
1552525200,2.405941,2.455446,2.386139,2.435644,2588024,NaN,NaN,NaN,NaN,NaN,NaN,NaN
1552611600,2.435644,2.445545,2.336634,2.366337,17241811,NaN,NaN,NaN,NaN,NaN,NaN,NaN
1552870800,2.386139,2.39604,2.346535,2.386139,414908,NaN,NaN,NaN,NaN,NaN,NaN,NaN
1552957200,2.386139,2.386139,2.29703,2.29703,548531,NaN,NaN,NaN,NaN,NaN,NaN,NaN
1553043600,2.277228,2.366337,2.277228,2.366337,587315,NaN,NaN,NaN,NaN,NaN,NaN,NaN
1553130000,2.356436,2.366337,2.326733,2.356436,169175,NaN,NaN,NaN,NaN,NaN,NaN,NaN
1553216400,2.316832,2.376238,2.316832,2.376238,338956,NaN,NaN,NaN,NaN,NaN,NaN,NaN
1553475600,2.326733,2.376238,2.326733,2.346535,169983,NaN,NaN,NaN,NaN,NaN,NaN,NaN
1553562000,2.346535,2.356436,2.326733,2.336634,394405,NaN,NaN,NaN,NaN,NaN,NaN,NaN
1553648400,2.326733,2.376238,2.326733,2.376238,503485,NaN,NaN,NaN,NaN,NaN,NaN,NaN
1553734800,2.366337,2.366337,2.326733,2.346535,526311,NaN,NaN,NaN,NaN,NaN,NaN,NaN
1553821200,2.346535,2.386139,2.346535,2.356436,837391,1437184890.45955,3717913000,1221217000,118548000,756246000,2455034000,6.30189081869748
1554080400,2.356436,2.386139,2.356436,2.376238,442380,NaN,NaN,NaN,NaN,NaN,NaN,NaN
1554166800,2.376238,2.386139,2.356436,2.386139,404606,NaN,NaN,NaN,NaN,NaN,NaN,NaN
1554253200,2.386139,2.425743,2.356436,2.415842,1438139,NaN,NaN,NaN,NaN,NaN,NaN,NaN
1554339600,2.415842,2.425743,2.386139,2.425743,731038,NaN,NaN,NaN,NaN,NaN,NaN,NaN
1554426000,2.415842,2.425743,2.39604,2.425743,384810,NaN,NaN,NaN,NaN,NaN,NaN,NaN
1554685200,2.425743,2.435644,2.415842,2.425743,1204021,NaN,NaN,NaN,NaN,NaN,NaN,NaN
1554771600,2.425743,2.435644,2.356436,2.376238,1282801,NaN,NaN,NaN,NaN,NaN,NaN,NaN
1554858000,2.39604,2.39604,2.346535,2.386139,968388,NaN,NaN,NaN,NaN,NaN,NaN,NaN
1554944400,2.386139,2.405941,2.356436,2.366337,177962,NaN,NaN,NaN,NaN,NaN,NaN,NaN
1555030800,2.376238,2.386139,2.336634,2.376238,738613,NaN,NaN,NaN,NaN,NaN,NaN,NaN
1555290000,2.376238,2.386139,2.356436,2.386139,45349,NaN,NaN,NaN,NaN,NaN,NaN,NaN
1555376400,2.376238,2.386139,2.366337,2.376238,899304,NaN,NaN,NaN,NaN,NaN,NaN,NaN
1555462800,2.376238,2.376238,2.316832,2.316832,1616606,NaN,NaN,NaN,NaN,NaN,NaN,NaN
1555549200,2.336634,2.366337,2.306931,2.356436,1257450,NaN,NaN,NaN,NaN,NaN,NaN,NaN
1555635600,2.346535,2.376238,2.336634,2.356436,547218,NaN,NaN,NaN,NaN,NaN,NaN,NaN
1555894800,2.356436,2.366337,2.346535,2.356436,249773,NaN,NaN,NaN,NaN,NaN,NaN,NaN
1555981200,2.356436,2.376238,2.346535,2.356436,910515,NaN,NaN,NaN,NaN,NaN,NaN,NaN
1556067600,2.366337,2.386139,2.356436,2.356436,867085,NaN,NaN,NaN,NaN,NaN,NaN,NaN
1556154000,2.356436,2.386139,2.356436,2.376238,346430,NaN,NaN,NaN,NaN,NaN,NaN,NaN
1556240400,2.376238,2.376238,2.356436,2.376238,173922,NaN,NaN,NaN,NaN,NaN,NaN,NaN
1556499600,2.376238,2.376238,2.346535,2.376238,306232,NaN,NaN,NaN,NaN,NaN,NaN,NaN
1556586000,2.376238,2.405941,2.356436,2.405941,351480,NaN,NaN,NaN,NaN,NaN,NaN,NaN
1556758800,2.405941,2.405941,2.366337,2.376238,1233816,NaN,NaN,NaN,NaN,NaN,NaN,NaN
1556845200,2.366337,2.415842,2.356436,2.386139,685689,NaN,NaN,NaN,NaN,NaN,NaN,NaN
1557104400,2.39604,2.39604,2.326733,2.346535,611656,NaN,NaN,NaN,NaN,NaN,NaN,NaN
1557190800,2.376238,2.386139,2.346535,2.376238,804263,NaN,NaN,NaN,NaN,NaN,NaN,NaN
1557277200,2.376238,2.405941,2.376238,2.405941,408141,NaN,NaN,NaN,NaN,NaN,NaN,NaN
1557363600,2.405941,2.405941,2.386139,2.39604,276538,NaN,NaN,NaN,NaN,NaN,NaN,NaN
1557450000,2.39604,2.405941,2.376238,2.39604,252601,NaN,NaN,NaN,NaN,NaN,NaN,NaN
1557709200,2.405941,2.405941,2.376238,2.39604,412686,NaN,NaN,NaN,NaN,NaN,NaN,NaN
1557795600,2.39604,2.415842,2.346535,2.415842,844461,NaN,NaN,NaN,NaN,NaN,NaN,NaN
1557882000,2.415842,2.415842,2.386139,2.405941,473286,NaN,NaN,NaN,NaN,NaN,NaN,NaN
1557968400,2.415842,2.425743,2.386139,2.386139,406828,NaN,NaN,NaN,NaN,NaN,NaN,NaN
1558054800,2.39604,2.425743,2.386139,2.425743,533886,NaN,NaN,NaN,NaN,NaN,NaN,NaN
1558400400,2.39604,2.425743,2.39604,2.425743,295627,NaN,NaN,NaN,NaN,NaN,NaN,NaN
1558573200,2.39604,2.415842,2.386139,2.386139,353500,NaN,NaN,NaN,NaN,NaN,NaN,NaN
1558659600,2.386139,2.39604,2.346535,2.346535,684780,NaN,NaN,NaN,NaN,NaN,NaN,NaN
1558918800,2.346535,2.376238,2.336634,2.366337,280679,NaN,NaN,NaN,NaN,NaN,NaN,NaN
1559005200,2.366337,2.386139,2.287129,2.287129,1391477,NaN,NaN,NaN,NaN,NaN,NaN,NaN
1559091600,2.316832,2.415842,2.316832,2.376238,1024544,NaN,NaN,NaN,NaN,NaN,NaN,NaN
1559178000,2.376238,2.415842,2.376238,2.39604,579841,NaN,NaN,NaN,NaN,NaN,NaN,NaN
1559264400,2.376238,2.39604,2.366337,2.39604,450056,NaN,NaN,NaN,NaN,NaN,NaN,NaN
1559523600,2.39604,2.415842,2.386139,2.415842,444703,NaN,NaN,NaN,NaN,NaN,NaN,NaN
1559610000,2.405941,2.415842,2.386139,2.386139,269569,NaN,NaN,NaN,NaN,NaN,NaN,NaN
1559869200,2.386139,2.425743,2.386139,2.425743,381679,NaN,NaN,NaN,NaN,NaN,NaN,NaN
1560128400,2.425743,2.425743,2.405941,2.415842,710838,NaN,NaN,NaN,NaN,NaN,NaN,NaN
1560214800,2.425743,2.425743,2.405941,2.405941,179578,NaN,NaN,NaN,NaN,NaN,NaN,NaN
1560301200,2.415842,2.445545,2.39604,2.435644,1211596,NaN,NaN,NaN,NaN,NaN,NaN,NaN
1560387600,2.405941,2.495049,2.405941,2.495049,1894760,NaN,NaN,NaN,NaN,NaN,NaN,NaN
1560474000,2.495049,2.50495,2.465347,2.465347,780225,NaN,NaN,NaN,NaN,NaN,NaN,NaN
1560733200,2.495049,2.495049,2.465347,2.475247,786083,NaN,NaN,NaN,NaN,NaN,NaN,NaN
1560819600,2.425743,2.475247,2.405941,2.475247,813959,NaN,NaN,NaN,NaN,NaN,NaN,NaN
1560906000,2.475247,2.50495,2.455446,2.50495,1643472,NaN,NaN,NaN,NaN,NaN,NaN,NaN
1560992400,2.50495,2.534653,2.475247,2.534653,1497628,NaN,NaN,NaN,NaN,NaN,NaN,NaN
1561078800,2.534653,2.554455,2.50495,2.544554,1276741,NaN,NaN,NaN,NaN,NaN,NaN,NaN
1561338000,2.50495,2.554455,2.50495,2.514851,714373,NaN,NaN,NaN,NaN,NaN,NaN,NaN
1561424400,2.544554,2.60396,2.514851,2.60396,2488034,NaN,NaN,NaN,NaN,NaN,NaN,NaN
1561510800,2.60396,2.673267,2.584158,2.653465,1828504,NaN,NaN,NaN,NaN,NaN,NaN,NaN
1561597200,2.673267,2.712871,2.663366,2.693069,1608627,NaN,NaN,NaN,NaN,NaN,NaN,NaN
1561683600,2.693069,2.722772,2.623762,2.633663,1293810,1437184890.45955,3736692000,1223680000,130614000,666403000,2472586000,6.39033840913534
1561942800,2.653465,2.712871,2.643564,2.683168,1240381,NaN,NaN,NaN,NaN,NaN,NaN,NaN
1562029200,2.70297,2.712871,2.663366,2.683168,1400466,NaN,NaN,NaN,NaN,NaN,NaN,NaN
1562115600,2.673267,2.70297,2.653465,2.693069,1178468,NaN,NaN,NaN,NaN,NaN,NaN,NaN
1562202000,2.693069,2.70297,2.663366,2.693069,1254420,NaN,NaN,NaN,NaN,NaN,NaN,NaN
1562288400,2.693069,2.693069,2.663366,2.683168,1093325,NaN,NaN,NaN,NaN,NaN,NaN,NaN
1562547600,2.683168,2.683168,2.663366,2.673267,3755483,NaN,NaN,NaN,NaN,NaN,NaN,NaN
1562634000,2.663366,2.70297,2.663366,2.70297,1526716,NaN,NaN,NaN,NaN,NaN,NaN,NaN
1562720400,2.70297,2.722772,2.693069,2.722772,1214020,NaN,NaN,NaN,NaN,NaN,NaN,NaN
1562806800,2.722772,2.742574,2.70297,2.722772,1822444,NaN,NaN,NaN,NaN,NaN,NaN,NaN
1562893200,2.70297,2.732673,2.70297,2.732673,707101,NaN,NaN,NaN,NaN,NaN,NaN,NaN
1563152400,2.712871,2.762376,2.712871,2.762376,1473489,NaN,NaN,NaN,NaN,NaN,NaN,NaN
1563238800,2.742574,2.792079,2.742574,2.792079,2525101,NaN,NaN,NaN,NaN,NaN,NaN,NaN
1563325200,2.772277,2.80198,2.732673,2.80198,1731948,NaN,NaN,NaN,NaN,NaN,NaN,NaN
1563411600,2.772277,2.782178,2.70297,2.70297,1070499,NaN,NaN,NaN,NaN,NaN,NaN,NaN
1563498000,2.70297,2.742574,2.70297,2.70297,315827,NaN,NaN,NaN,NaN,NaN,NaN,NaN
1563757200,2.722772,2.722772,2.653465,2.673267,393698,NaN,NaN,NaN,NaN,NaN,NaN,NaN
1563843600,2.673267,2.673267,2.643564,2.643564,874054,NaN,NaN,NaN,NaN,NaN,NaN,NaN
1563930000,2.653465,2.673267,2.633663,2.633663,448541,NaN,NaN,NaN,NaN,NaN,NaN,NaN
1564016400,2.643564,2.742574,2.623762,2.722772,894658,NaN,NaN,NaN,NaN,NaN,NaN,NaN
1564102800,2.722772,2.722772,2.673267,2.673267,138269,NaN,NaN,NaN,NaN,NaN,NaN,NaN
1564362000,2.663366,2.673267,2.633663,2.653465,342794,NaN,NaN,NaN,NaN,NaN,NaN,NaN
1564534800,2.643564,2.653465,2.623762,2.653465,818302,NaN,NaN,NaN,NaN,NaN,NaN,NaN
1564621200,2.653465,2.653465,2.623762,2.653465,138168,NaN,NaN,NaN,NaN,NaN,NaN,NaN
1564707600,2.653465,2.653465,2.623762,2.623762,220079,NaN,NaN,NaN,NaN,NaN,NaN,NaN
1564966800,2.623762,2.633663,2.485148,2.495049,1571661,NaN,NaN,NaN,NaN,NaN,NaN,NaN
1565053200,2.475247,2.574257,2.455446,2.574257,470862,NaN,NaN,NaN,NaN,NaN,NaN,NaN
1565139600,2.584158,2.633663,2.554455,2.554455,632361,NaN,NaN,NaN,NaN,NaN,NaN,NaN
1565226000,2.574257,2.643564,2.574257,2.643564,192001,NaN,NaN,NaN,NaN,NaN,NaN,NaN
1565312400,2.643564,2.653465,2.60396,2.633663,125543,NaN,NaN,NaN,NaN,NaN,NaN,NaN
1565658000,2.633663,2.722772,2.594059,2.712871,1054541,NaN,NaN,NaN,NaN,NaN,NaN,NaN
1565744400,2.712871,2.712871,2.663366,2.70297,564085,NaN,NaN,NaN,NaN,NaN,NaN,NaN
1565830800,2.653465,2.683168,2.633663,2.653465,992931,NaN,NaN,NaN,NaN,NaN,NaN,NaN
1565917200,2.643564,2.683168,2.633663,2.673267,401677,NaN,NaN,NaN,NaN,NaN,NaN,NaN
1566176400,2.653465,2.712871,2.653465,2.712871,658116,NaN,NaN,NaN,NaN,NaN,NaN,NaN
1566262800,2.663366,2.712871,2.663366,2.712871,444198,NaN,NaN,NaN,NaN,NaN,NaN,NaN
1566349200,2.693069,2.782178,2.683168,2.762376,2508335,NaN,NaN,NaN,NaN,NaN,NaN,NaN
1566435600,2.772277,2.772277,2.732673,2.752475,1031513,NaN,NaN,NaN,NaN,NaN,NaN,NaN
1566522000,2.782178,2.811881,2.782178,2.811881,3291388,NaN,NaN,NaN,NaN,NaN,NaN,NaN
1566781200,2.782178,2.792079,2.772277,2.772277,293506,NaN,NaN,NaN,NaN,NaN,NaN,NaN
1566867600,2.772277,2.821782,2.762376,2.821782,1964046,NaN,NaN,NaN,NaN,NaN,NaN,NaN
1566954000,2.821782,2.821782,2.752475,2.792079,611050,NaN,NaN,NaN,NaN,NaN,NaN,NaN
1567040400,2.792079,2.80198,2.772277,2.782178,299162,NaN,NaN,NaN,NaN,NaN,NaN,NaN
1567126800,2.772277,2.811881,2.772277,2.811881,214322,NaN,NaN,NaN,NaN,NaN,NaN,NaN
1567472400,2.821782,2.821782,2.752475,2.762376,488739,NaN,NaN,NaN,NaN,NaN,NaN,NaN
1567558800,2.762376,2.772277,2.712871,2.712871,659530,NaN,NaN,NaN,NaN,NaN,NaN,NaN
1567645200,2.752475,2.772277,2.732673,2.732673,363398,NaN,NaN,NaN,NaN,NaN,NaN,NaN
1567731600,2.732673,2.762376,2.732673,2.752475,368650,NaN,NaN,NaN,NaN,NaN,NaN,NaN
1568077200,2.752475,2.792079,2.752475,2.772277,384608,NaN,NaN,NaN,NaN,NaN,NaN,NaN
1568163600,2.772277,2.841584,2.762376,2.80198,1273206,NaN,NaN,NaN,NaN,NaN,NaN,NaN
1568250000,2.821782,2.841584,2.782178,2.811881,2025757,NaN,NaN,NaN,NaN,NaN,NaN,NaN
1568336400,2.831683,2.861386,2.831683,2.861386,943138,NaN,NaN,NaN,NaN,NaN,NaN,NaN
1568682000,2.861386,2.871287,2.841584,2.851485,960308,NaN,NaN,NaN,NaN,NaN,NaN,NaN
1568768400,2.80198,2.851485,2.792079,2.831683,1537018,NaN,NaN,NaN,NaN,NaN,NaN,NaN
1568854800,2.831683,2.851485,2.811881,2.811881,514292,NaN,NaN,NaN,NaN,NaN,NaN,NaN
1568941200,2.831683,2.841584,2.821782,2.831683,979599,NaN,NaN,NaN,NaN,NaN,NaN,NaN
1569200400,2.841584,2.841584,2.811881,2.841584,322493,NaN,NaN,NaN,NaN,NaN,NaN,NaN
1569286800,2.821782,2.821782,2.782178,2.792079,106959,NaN,NaN,NaN,NaN,NaN,NaN,NaN
1569373200,2.80198,2.831683,2.792079,2.792079,203212,NaN,NaN,NaN,NaN,NaN,NaN,NaN
1569459600,2.792079,2.80198,2.752475,2.792079,551056,NaN,NaN,NaN,NaN,NaN,NaN,NaN
1569546000,2.80198,2.80198,2.752475,2.752475,140693,NaN,NaN,NaN,NaN,NaN,NaN,NaN
1569805200,2.752475,2.80198,2.732673,2.80198,226947,1437184890.45955,3586660000,1110480000,100748000,652104000,2449522000,6.00646649056538
1569891600,2.782178,2.811881,2.772277,2.80198,110393,NaN,NaN,NaN,NaN,NaN,NaN,NaN
1569978000,2.80198,2.80198,2.673267,2.742574,1304112,NaN,NaN,NaN,NaN,NaN,NaN,NaN
1570064400,2.712871,2.712871,2.643564,2.663366,1680943,NaN,NaN,NaN,NaN,NaN,NaN,NaN
1570150800,2.663366,2.693069,2.633663,2.653465,261893,NaN,NaN,NaN,NaN,NaN,NaN,NaN
1570410000,2.653465,2.673267,2.623762,2.643564,546410,NaN,NaN,NaN,NaN,NaN,NaN,NaN
1570496400,2.633663,2.712871,2.633663,2.683168,961015,NaN,NaN,NaN,NaN,NaN,NaN,NaN
1570582800,2.693069,2.693069,2.633663,2.633663,309565,NaN,NaN,NaN,NaN,NaN,NaN,NaN
1570669200,2.623762,2.70297,2.623762,2.623762,2441574,NaN,NaN,NaN,NaN,NaN,NaN,NaN
1570755600,2.623762,2.742574,2.623762,2.722772,826180,NaN,NaN,NaN,NaN,NaN,NaN,NaN
1571014800,2.752475,2.792079,2.742574,2.752475,933139,NaN,NaN,NaN,NaN,NaN,NaN,NaN
1571101200,2.772277,2.811881,2.752475,2.772277,678215,NaN,NaN,NaN,NaN,NaN,NaN,NaN
1571187600,2.782178,2.831683,2.782178,2.811881,845774,NaN,NaN,NaN,NaN,NaN,NaN,NaN
1571274000,2.821782,2.841584,2.811881,2.841584,938997,NaN,NaN,NaN,NaN,NaN,NaN,NaN
1571360400,2.841584,2.841584,2.732673,2.732673,2882237,NaN,NaN,NaN,NaN,NaN,NaN,NaN
1571619600,2.732673,2.752475,2.693069,2.712871,1009596,NaN,NaN,NaN,NaN,NaN,NaN,NaN
1571706000,2.722772,2.792079,2.70297,2.732673,970610,NaN,NaN,NaN,NaN,NaN,NaN,NaN
1571792400,2.732673,2.772277,2.722772,2.762376,471367,NaN,NaN,NaN,NaN,NaN,NaN,NaN
1571878800,2.742574,2.811881,2.742574,2.80198,1291386,NaN,NaN,NaN,NaN,NaN,NaN,NaN
1571965200,2.762376,2.792079,2.752475,2.772277,209474,NaN,NaN,NaN,NaN,NaN,NaN,NaN
1572310800,2.792079,2.792079,2.742574,2.752475,245228,NaN,NaN,NaN,NaN,NaN,NaN,NaN
1572397200,2.752475,2.752475,2.742574,2.742574,178568,NaN,NaN,NaN,NaN,NaN,NaN,NaN
1572483600,2.752475,2.792079,2.742574,2.772277,995557,NaN,NaN,NaN,NaN,NaN,NaN,NaN
1572570000,2.772277,2.772277,2.742574,2.742574,136552,NaN,NaN,NaN,NaN,NaN,NaN,NaN
1572829200,2.752475,2.772277,2.742574,2.772277,511161,NaN,NaN,NaN,NaN,NaN,NaN,NaN
1572915600,2.772277,2.772277,2.742574,2.752475,333603,NaN,NaN,NaN,NaN,NaN,NaN,NaN
1573002000,2.752475,2.762376,2.742574,2.742574,559136,NaN,NaN,NaN,NaN,NaN,NaN,NaN
1573088400,2.742574,2.752475,2.732673,2.752475,196849,NaN,NaN,NaN,NaN,NaN,NaN,NaN
1573174800,2.752475,2.752475,2.732673,2.732673,278760,NaN,NaN,NaN,NaN,NaN,NaN,NaN
1573434000,2.742574,2.752475,2.732673,2.752475,192910,NaN,NaN,NaN,NaN,NaN,NaN,NaN
1573520400,2.752475,2.752475,2.722772,2.722772,238663,NaN,NaN,NaN,NaN,NaN,NaN,NaN
1573606800,2.722772,2.742574,2.70297,2.742574,303505,NaN,NaN,NaN,NaN,NaN,NaN,NaN
1573693200,2.742574,2.742574,2.712871,2.742574,253106,NaN,NaN,NaN,NaN,NaN,NaN,NaN
1573779600,2.742574,2.752475,2.732673,2.742574,103525,NaN,NaN,NaN,NaN,NaN,NaN,NaN
1574038800,2.752475,2.752475,2.722772,2.732673,212807,NaN,NaN,NaN,NaN,NaN,NaN,NaN
1574125200,2.722772,2.722772,2.70297,2.722772,339562,NaN,NaN,NaN,NaN,NaN,NaN,NaN
1574211600,2.732673,2.752475,2.732673,2.742574,627715,NaN,NaN,NaN,NaN,NaN,NaN,NaN
1574298000,2.742574,2.752475,2.712871,2.722772,377740,NaN,NaN,NaN,NaN,NaN,NaN,NaN
1574384400,2.722772,2.742574,2.70297,2.712871,529846,NaN,NaN,NaN,NaN,NaN,NaN,NaN
1574643600,2.70297,2.712871,2.683168,2.693069,488638,NaN,NaN,NaN,NaN,NaN,NaN,NaN
1574730000,2.693069,2.732673,2.673267,2.732673,503586,NaN,NaN,NaN,NaN,NaN,NaN,NaN
1574816400,2.712871,2.732673,2.712871,2.732673,114736,NaN,NaN,NaN,NaN,NaN,NaN,NaN
1574902800,2.742574,2.742574,2.683168,2.693069,458641,NaN,NaN,NaN,NaN,NaN,NaN,NaN
1574989200,2.70297,2.712871,2.673267,2.70297,621453,NaN,NaN,NaN,NaN,NaN,NaN,NaN
1575248400,2.712871,2.722772,2.673267,2.673267,535300,NaN,NaN,NaN,NaN,NaN,NaN,NaN
1575334800,2.673267,2.683168,2.623762,2.623762,1362490,NaN,NaN,NaN,NaN,NaN,NaN,NaN
1575421200,2.643564,2.653465,2.60396,2.653465,593779,NaN,NaN,NaN,NaN,NaN,NaN,NaN
1575507600,2.653465,2.663366,2.633663,2.643564,289365,NaN,NaN,NaN,NaN,NaN,NaN,NaN
1575594000,2.653465,2.70297,2.643564,2.643564,547319,NaN,NaN,NaN,NaN,NaN,NaN,NaN
1575853200,2.574257,2.594059,2.534653,2.544554,2826586,NaN,NaN,NaN,NaN,NaN,NaN,NaN
1575939600,2.544554,2.594059,2.514851,2.564356,892436,NaN,NaN,NaN,NaN,NaN,NaN,NaN
1576026000,2.574257,2.594059,2.564356,2.584158,369256,NaN,NaN,NaN,NaN,NaN,NaN,NaN
1576112400,2.584158,2.584158,2.554455,2.564356,960914,NaN,NaN,NaN,NaN,NaN,NaN,NaN
1576198800,2.534653,2.544554,2.524752,2.544554,260479,NaN,NaN,NaN,NaN,NaN,NaN,NaN
1576458000,2.524752,2.534653,2.50495,2.514851,698516,NaN,NaN,NaN,NaN,NaN,NaN,NaN
1576544400,2.514851,2.514851,2.475247,2.475247,1308152,NaN,NaN,NaN,NaN,NaN,NaN,NaN
1576630800,2.485148,2.564356,2.475247,2.564356,792345,NaN,NaN,NaN,NaN,NaN,NaN,NaN
1576717200,2.564356,2.564356,2.524752,2.544554,361479,NaN,NaN,NaN,NaN,NaN,NaN,NaN
1576803600,2.534653,2.574257,2.50495,2.574257,414706,NaN,NaN,NaN,NaN,NaN,NaN,NaN
1577062800,2.574257,2.574257,2.524752,2.564356,311484,NaN,NaN,NaN,NaN,NaN,NaN,NaN
1577149200,2.564356,2.564356,2.524752,2.524752,260681,NaN,NaN,NaN,NaN,NaN,NaN,NaN
1577322000,2.524752,2.534653,2.524752,2.524752,51308,NaN,NaN,NaN,NaN,NaN,NaN,NaN
1577408400,2.524752,2.554455,2.524752,2.544554,199677,NaN,NaN,NaN,NaN,NaN,NaN,NaN
1577667600,2.554455,2.554455,2.524752,2.544554,206747,NaN,NaN,NaN,NaN,NaN,NaN,NaN
1577754000,2.544554,2.554455,2.534653,2.544554,178568,1437184890.45955,3603405000,1103496000,105624000,630932000,2477264000,6.22505842739299
1577926800,2.544554,2.544554,2.524752,2.544554,146753,NaN,NaN,NaN,NaN,NaN,NaN,NaN
1578013200,2.534653,2.574257,2.534653,2.574257,423998,NaN,NaN,NaN,NaN,NaN,NaN,NaN
1578272400,2.554455,2.574257,2.544554,2.564356,354914,NaN,NaN,NaN,NaN,NaN,NaN,NaN
1578358800,2.564356,2.574257,2.534653,2.574257,724372,NaN,NaN,NaN,NaN,NaN,NaN,NaN
1578445200,2.574257,2.574257,2.524752,2.554455,1213818,NaN,NaN,NaN,NaN,NaN,NaN,NaN
1578531600,2.534653,2.564356,2.534653,2.554455,113322,NaN,NaN,NaN,NaN,NaN,NaN,NaN
1578618000,2.564356,2.574257,2.554455,2.554455,504394,NaN,NaN,NaN,NaN,NaN,NaN,NaN
1578877200,2.564356,2.574257,2.554455,2.554455,237754,NaN,NaN,NaN,NaN,NaN,NaN,NaN
1578963600,2.554455,2.574257,2.554455,2.554455,288860,NaN,NaN,NaN,NaN,NaN,NaN,NaN
1579050000,2.564356,2.564356,2.554455,2.564356,223109,NaN,NaN,NaN,NaN,NaN,NaN,NaN
1579136400,2.554455,2.564356,2.524752,2.534653,452682,NaN,NaN,NaN,NaN,NaN,NaN,NaN
1579222800,2.544554,2.544554,2.524752,2.544554,182204,NaN,NaN,NaN,NaN,NaN,NaN,NaN
1579482000,2.544554,2.564356,2.544554,2.554455,133623,NaN,NaN,NaN,NaN,NaN,NaN,NaN
1579568400,2.544554,2.554455,2.544554,2.544554,1001819,NaN,NaN,NaN,NaN,NaN,NaN,NaN
1579654800,2.544554,2.544554,2.524752,2.534653,461671,NaN,NaN,NaN,NaN,NaN,NaN,NaN
1579741200,2.534653,2.534653,2.50495,2.524752,977074,NaN,NaN,NaN,NaN,NaN,NaN,NaN
1579827600,2.534653,2.554455,2.524752,2.534653,54641,NaN,NaN,NaN,NaN,NaN,NaN,NaN
1580173200,2.514851,2.544554,2.475247,2.524752,420867,NaN,NaN,NaN,NaN,NaN,NaN,NaN
1580259600,2.514851,2.554455,2.514851,2.554455,240885,NaN,NaN,NaN,NaN,NaN,NaN,NaN
1580346000,2.544554,2.554455,2.514851,2.524752,516413,NaN,NaN,NaN,NaN,NaN,NaN,NaN
1580432400,2.524752,2.554455,2.50495,2.524752,1242704,NaN,NaN,NaN,NaN,NaN,NaN,NaN
1580691600,2.514851,2.514851,2.445545,2.475247,1080902,NaN,NaN,NaN,NaN,NaN,NaN,NaN
1580778000,2.475247,2.534653,2.475247,2.524752,670539,NaN,NaN,NaN,NaN,NaN,NaN,NaN
1580864400,2.524752,2.534653,2.50495,2.534653,147965,NaN,NaN,NaN,NaN,NaN,NaN,NaN
1580950800,2.534653,2.554455,2.524752,2.554455,236643,NaN,NaN,NaN,NaN,NaN,NaN,NaN
1581037200,2.554455,2.554455,2.524752,2.534653,163418,NaN,NaN,NaN,NaN,NaN,NaN,NaN
1581296400,2.524752,2.544554,2.514851,2.524752,466216,NaN,NaN,NaN,NaN,NaN,NaN,NaN
1581382800,2.524752,2.544554,2.50495,2.544554,620342,NaN,NaN,NaN,NaN,NaN,NaN,NaN
1581469200,2.544554,2.554455,2.514851,2.544554,120291,NaN,NaN,NaN,NaN,NaN,NaN,NaN
1581555600,2.544554,2.554455,2.524752,2.524752,194829,NaN,NaN,NaN,NaN,NaN,NaN,NaN
1581642000,2.534653,2.544554,2.524752,2.534653,283305,NaN,NaN,NaN,NaN,NaN,NaN,NaN
1581901200,2.524752,2.554455,2.524752,2.534653,144430,NaN,NaN,NaN,NaN,NaN,NaN,NaN
1581987600,2.534653,2.534653,2.50495,2.50495,571357,NaN,NaN,NaN,NaN,NaN,NaN,NaN
1582074000,2.514851,2.514851,2.485148,2.50495,901324,NaN,NaN,NaN,NaN,NaN,NaN,NaN
1582160400,2.495049,2.514851,2.475247,2.514851,1248259,NaN,NaN,NaN,NaN,NaN,NaN,NaN
1582246800,2.514851,2.564356,2.50495,2.554455,756692,NaN,NaN,NaN,NaN,NaN,NaN,NaN
1582506000,2.524752,2.524752,2.485148,2.485148,648925,NaN,NaN,NaN,NaN,NaN,NaN,NaN
1582592400,2.514851,2.534653,2.485148,2.524752,716191,NaN,NaN,NaN,NaN,NaN,NaN,NaN
1582678800,2.514851,2.524752,2.495049,2.50495,406323,NaN,NaN,NaN,NaN,NaN,NaN,NaN
1582765200,2.50495,2.50495,2.485148,2.485148,327240,NaN,NaN,NaN,NaN,NaN,NaN,NaN
1582851600,2.495049,2.495049,2.386139,2.386139,1165237,NaN,NaN,NaN,NaN,NaN,NaN,NaN
1583110800,2.376238,2.376238,2.237624,2.267327,2416627,NaN,NaN,NaN,NaN,NaN,NaN,NaN
1583197200,2.29703,2.336634,2.287129,2.29703,1363500,NaN,NaN,NaN,NaN,NaN,NaN,NaN
1583283600,2.29703,2.336634,2.287129,2.29703,1030806,NaN,NaN,NaN,NaN,NaN,NaN,NaN
1583370000,2.287129,2.326733,2.287129,2.29703,529543,NaN,NaN,NaN,NaN,NaN,NaN,NaN
1583456400,2.29703,2.29703,2.277228,2.277228,413898,NaN,NaN,NaN,NaN,NaN,NaN,NaN
1583715600,2.247525,2.247525,2.079208,2.09901,1869914,NaN,NaN,NaN,NaN,NaN,NaN,NaN
1583802000,2.079208,2.207921,2.059406,2.178218,1753461,NaN,NaN,NaN,NaN,NaN,NaN,NaN
1583888400,2.19802,2.237624,2.188119,2.188119,1070297,NaN,NaN,NaN,NaN,NaN,NaN,NaN
1583974800,2.178218,2.178218,2.089109,2.089109,1492275,NaN,NaN,NaN,NaN,NaN,NaN,NaN
1584061200,2.079208,2.09901,1.980198,2.069307,1199678,NaN,NaN,NaN,NaN,NaN,NaN,NaN
1584320400,2.049505,2.049505,1.930693,1.930693,3143726,NaN,NaN,NaN,NaN,NaN,NaN,NaN
1584406800,1.871287,1.881188,1.742574,1.841584,2561360,NaN,NaN,NaN,NaN,NaN,NaN,NaN
1584493200,1.841584,1.861386,1.732673,1.742574,1638927,NaN,NaN,NaN,NaN,NaN,NaN,NaN
1584579600,1.722772,1.742574,1.683168,1.732673,2234928,NaN,NaN,NaN,NaN,NaN,NaN,NaN
1584666000,1.732673,1.881188,1.732673,1.861386,2796892,NaN,NaN,NaN,NaN,NaN,NaN,NaN
1584925200,1.782178,1.80198,1.722772,1.742574,3803660,NaN,NaN,NaN,NaN,NaN,NaN,NaN
1585011600,1.742574,1.871287,1.742574,1.821782,1600749,NaN,NaN,NaN,NaN,NaN,NaN,NaN
1585098000,1.861386,1.930693,1.752475,1.80198,4131304,NaN,NaN,NaN,NaN,NaN,NaN,NaN
1585184400,1.80198,1.871287,1.782178,1.841584,2331585,NaN,NaN,NaN,NaN,NaN,NaN,NaN
1585270800,1.871287,1.930693,1.851485,1.90099,3792247,NaN,NaN,NaN,NaN,NaN,NaN,NaN
1585530000,1.881188,1.891089,1.831683,1.841584,1337038,NaN,NaN,NaN,NaN,NaN,NaN,NaN
1585616400,1.881188,1.910891,1.881188,1.881188,1493790,1437184890.45955,3568639000,1055296000,107207000,609544000,2490227000,7.6308158650263
1585702800,1.891089,1.930693,1.881188,1.881188,1529241,NaN,NaN,NaN,NaN,NaN,NaN,NaN
1585789200,1.881188,1.920792,1.871287,1.891089,714373,NaN,NaN,NaN,NaN,NaN,NaN,NaN
1585875600,1.891089,1.930693,1.891089,1.90099,1764773,NaN,NaN,NaN,NaN,NaN,NaN,NaN
1586134800,1.920792,2,1.910891,1.990099,1962935,NaN,NaN,NaN,NaN,NaN,NaN,NaN
1586221200,2.009901,2.069307,2.009901,2.049505,1294214,NaN,NaN,NaN,NaN,NaN,NaN,NaN
1586307600,2.049505,2.049505,2,2.019802,1144633,NaN,NaN,NaN,NaN,NaN,NaN,NaN
1586394000,2.019802,2.049505,2,2.009901,729018,NaN,NaN,NaN,NaN,NaN,NaN,NaN
1586480400,2.029703,2.029703,1.980198,1.990099,808909,NaN,NaN,NaN,NaN,NaN,NaN,NaN
1586739600,1.990099,2.009901,1.970297,1.970297,530957,NaN,NaN,NaN,NaN,NaN,NaN,NaN
1586826000,1.970297,2.019802,1.970297,2,619635,NaN,NaN,NaN,NaN,NaN,NaN,NaN
1586912400,2.019802,2.069307,2.009901,2.059406,2422081,NaN,NaN,NaN,NaN,NaN,NaN,NaN
1586998800,2.059406,2.108911,2.039604,2.069307,1303304,NaN,NaN,NaN,NaN,NaN,NaN,NaN
1587085200,2.079208,2.128713,2.079208,2.09901,1179175,NaN,NaN,NaN,NaN,NaN,NaN,NaN
1587344400,2.128713,2.217822,2.118812,2.188119,2977985,NaN,NaN,NaN,NaN,NaN,NaN,NaN
1587430800,2.158416,2.188119,2.09901,2.128713,1684983,NaN,NaN,NaN,NaN,NaN,NaN,NaN
1587517200,2.118812,2.138614,2.079208,2.128713,1368954,NaN,NaN,NaN,NaN,NaN,NaN,NaN
1587603600,2.158416,2.158416,2.118812,2.128713,1991720,NaN,NaN,NaN,NaN,NaN,NaN,NaN
1587690000,2.128713,2.148515,2.09901,2.108911,519645,NaN,NaN,NaN,NaN,NaN,NaN,NaN
1587949200,2.118812,2.118812,2.09901,2.09901,589537,NaN,NaN,NaN,NaN,NaN,NaN,NaN
1588035600,2.09901,2.158416,2.09901,2.158416,1048986,NaN,NaN,NaN,NaN,NaN,NaN,NaN
1588122000,2.148515,2.168317,2.138614,2.148515,1325928,NaN,NaN,NaN,NaN,NaN,NaN,NaN
1588208400,2.158416,2.207921,2.158416,2.178218,1646805,NaN,NaN,NaN,NaN,NaN,NaN,NaN
1588554000,2.188119,2.227723,2.188119,2.207921,1399557,NaN,NaN,NaN,NaN,NaN,NaN,NaN
1588640400,2.227723,2.277228,2.217822,2.257426,1032220,NaN,NaN,NaN,NaN,NaN,NaN,NaN
1588726800,2.267327,2.277228,2.237624,2.247525,1043936,NaN,NaN,NaN,NaN,NaN,NaN,NaN
1588899600,2.257426,2.326733,2.257426,2.316832,1277145,NaN,NaN,NaN,NaN,NaN,NaN,NaN
1589245200,2.29703,2.306931,2.247525,2.257426,1690033,NaN,NaN,NaN,NaN,NaN,NaN,NaN
1589331600,2.257426,2.257426,2.19802,2.19802,1215636,NaN,NaN,NaN,NaN,NaN,NaN,NaN
1589418000,2.19802,2.19802,2.158416,2.168317,1507526,NaN,NaN,NaN,NaN,NaN,NaN,NaN
1589504400,2.178218,2.19802,2.158416,2.168317,1358248,NaN,NaN,NaN,NaN,NaN,NaN,NaN
1589763600,2.168317,2.207921,2.168317,2.178218,919807,NaN,NaN,NaN,NaN,NaN,NaN,NaN
1589850000,2.19802,2.227723,2.19802,2.217822,1026261,NaN,NaN,NaN,NaN,NaN,NaN,NaN
1589936400,2.227723,2.227723,2.188119,2.19802,877286,NaN,NaN,NaN,NaN,NaN,NaN,NaN
1590022800,2.19802,2.217822,2.19802,2.207921,1211293,NaN,NaN,NaN,NaN,NaN,NaN,NaN
1590109200,2.207921,2.207921,2.158416,2.158416,1616606,NaN,NaN,NaN,NaN,NaN,NaN,NaN
1590541200,2.168317,2.19802,2.158416,2.168317,967580,NaN,NaN,NaN,NaN,NaN,NaN,NaN
1590627600,2.178218,2.188119,2.158416,2.168317,819716,NaN,NaN,NaN,NaN,NaN,NaN,NaN
1590714000,2.178218,2.227723,2.158416,2.227723,1293507,NaN,NaN,NaN,NaN,NaN,NaN,NaN
1590973200,2.227723,2.227723,2.188119,2.207921,870822,NaN,NaN,NaN,NaN,NaN,NaN,NaN
1591059600,2.207921,2.356436,2.178218,2.336634,5478543,NaN,NaN,NaN,NaN,NaN,NaN,NaN
1591146000,2.366337,2.376238,2.277228,2.277228,2901629,NaN,NaN,NaN,NaN,NaN,NaN,NaN
1591232400,2.287129,2.306931,2.277228,2.287129,1584084,NaN,NaN,NaN,NaN,NaN,NaN,NaN
1591318800,2.277228,2.287129,2.237624,2.277228,2160188,NaN,NaN,NaN,NaN,NaN,NaN,NaN
1591664400,2.29703,2.366337,2.29703,2.336634,3312497,NaN,NaN,NaN,NaN,NaN,NaN,NaN
1591750800,2.346535,2.356436,2.306931,2.316832,2294518,NaN,NaN,NaN,NaN,NaN,NaN,NaN
1591837200,2.326733,2.336634,2.267327,2.277228,2205436,NaN,NaN,NaN,NaN,NaN,NaN,NaN
1591923600,2.188119,2.257426,2.148515,2.247525,1672055,NaN,NaN,NaN,NaN,NaN,NaN,NaN
1592182800,2.267327,2.267327,2.128713,2.138614,3025354,NaN,NaN,NaN,NaN,NaN,NaN,NaN
1592269200,2.178218,2.287129,2.178218,2.277228,3067673,NaN,NaN,NaN,NaN,NaN,NaN,NaN
1592355600,2.376238,2.425743,2.326733,2.336634,8123127,NaN,NaN,NaN,NaN,NaN,NaN,NaN
1592442000,2.356436,2.356436,2.29703,2.316832,1614384,NaN,NaN,NaN,NaN,NaN,NaN,NaN
1592528400,2.316832,2.326733,2.277228,2.326733,1427231,NaN,NaN,NaN,NaN,NaN,NaN,NaN
1592787600,2.306931,2.306931,2.257426,2.29703,989699,NaN,NaN,NaN,NaN,NaN,NaN,NaN
1592874000,2.287129,2.287129,2.227723,2.227723,862136,NaN,NaN,NaN,NaN,NaN,NaN,NaN
1592960400,2.267327,2.267327,2.227723,2.227723,398445,NaN,NaN,NaN,NaN,NaN,NaN,NaN
1593046800,2.227723,2.227723,2.178218,2.188119,790123,NaN,NaN,NaN,NaN,NaN,NaN,NaN
1593133200,2.207921,2.217822,2.178218,2.188119,417938,NaN,NaN,NaN,NaN,NaN,NaN,NaN
1593392400,2.178218,2.188119,2.158416,2.178218,779922,NaN,NaN,NaN,NaN,NaN,NaN,NaN
1593478800,2.188119,2.19802,2.168317,2.178218,704172,1437184890.45955,3493937000,1040434000,-6865000,50554000,2430818000,4.31775004274999
1593565200,2.178218,2.188119,2.178218,2.178218,573680,NaN,NaN,NaN,NaN,NaN,NaN,NaN
1593651600,2.19802,2.207921,2.178218,2.188119,638825,NaN,NaN,NaN,NaN,NaN,NaN,NaN
1593738000,2.217822,2.217822,2.19802,2.207921,302293,NaN,NaN,NaN,NaN,NaN,NaN,NaN
1593997200,2.217822,2.237624,2.217822,2.227723,438643,NaN,NaN,NaN,NaN,NaN,NaN,NaN
1594083600,2.257426,2.267327,2.227723,2.227723,1388043,NaN,NaN,NaN,NaN,NaN,NaN,NaN
1594170000,2.227723,2.247525,2.227723,2.237624,470054,NaN,NaN,NaN,NaN,NaN,NaN,NaN
1594256400,2.257426,2.257426,2.227723,2.237624,664782,NaN,NaN,NaN,NaN,NaN,NaN,NaN
1594342800,2.237624,2.237624,2.188119,2.207921,782245,NaN,NaN,NaN,NaN,NaN,NaN,NaN
1594602000,2.207921,2.217822,2.178218,2.188119,756591,NaN,NaN,NaN,NaN,NaN,NaN,NaN
1594688400,2.19802,2.19802,2.178218,2.178218,692860,NaN,NaN,NaN,NaN,NaN,NaN,NaN
1594774800,2.178218,2.227723,2.178218,2.227723,576609,NaN,NaN,NaN,NaN,NaN,NaN,NaN
1594861200,2.207921,2.217822,2.178218,2.188119,336229,NaN,NaN,NaN,NaN,NaN,NaN,NaN
1594947600,2.188119,2.19802,2.168317,2.178218,1093527,NaN,NaN,NaN,NaN,NaN,NaN,NaN
1595206800,2.178218,2.207921,2.168317,2.188119,681245,NaN,NaN,NaN,NaN,NaN,NaN,NaN
1595293200,2.188119,2.188119,2.178218,2.178218,507626,NaN,NaN,NaN,NaN,NaN,NaN,NaN
1595379600,2.178218,2.188119,2.168317,2.178218,1036260,NaN,NaN,NaN,NaN,NaN,NaN,NaN
1595466000,2.178218,2.178218,2.168317,2.178218,539340,NaN,NaN,NaN,NaN,NaN,NaN,NaN
1595552400,2.178218,2.178218,2.158416,2.168317,649026,NaN,NaN,NaN,NaN,NaN,NaN,NaN
1595811600,2.168317,2.168317,2.138614,2.138614,867287,NaN,NaN,NaN,NaN,NaN,NaN,NaN
1595898000,2.138614,2.158416,2.128713,2.148515,900920,NaN,NaN,NaN,NaN,NaN,NaN,NaN
1595984400,2.148515,2.158416,2.108911,2.118812,1935867,NaN,NaN,NaN,NaN,NaN,NaN,NaN
1596070800,2.118812,2.128713,2.108911,2.108911,1179175,NaN,NaN,NaN,NaN,NaN,NaN,NaN
1596416400,2.118812,2.118812,2.039604,2.049505,1506415,NaN,NaN,NaN,NaN,NaN,NaN,NaN
1596502800,2.049505,2.079208,2.039604,2.079208,571862,NaN,NaN,NaN,NaN,NaN,NaN,NaN
1596589200,2.079208,2.09901,2.049505,2.079208,894153,NaN,NaN,NaN,NaN,NaN,NaN,NaN
1596675600,2.079208,2.079208,2.059406,2.069307,577619,NaN,NaN,NaN,NaN,NaN,NaN,NaN
1596762000,2.069307,2.079208,2.049505,2.069307,806687,NaN,NaN,NaN,NaN,NaN,NaN,NaN
1597021200,2.079208,2.128713,2.069307,2.09901,440158,NaN,NaN,NaN,NaN,NaN,NaN,NaN
1597107600,2.128713,2.128713,2.09901,2.118812,363095,NaN,NaN,NaN,NaN,NaN,NaN,NaN
1597194000,2.118812,2.158416,2.069307,2.158416,987780,NaN,NaN,NaN,NaN,NaN,NaN,NaN
1597280400,2.168317,2.168317,2.128713,2.128713,277952,NaN,NaN,NaN,NaN,NaN,NaN,NaN
1597366800,2.128713,2.128713,2.108911,2.108911,224523,NaN,NaN,NaN,NaN,NaN,NaN,NaN
1597626000,2.128713,2.138614,2.09901,2.138614,193011,NaN,NaN,NaN,NaN,NaN,NaN,NaN
1597712400,2.138614,2.138614,2.118812,2.128713,212807,NaN,NaN,NaN,NaN,NaN,NaN,NaN
1597798800,2.138614,2.148515,2.128713,2.128713,184224,NaN,NaN,NaN,NaN,NaN,NaN,NaN
1597971600,2.138614,2.148515,2.128713,2.138614,349056,NaN,NaN,NaN,NaN,NaN,NaN,NaN
1598230800,2.148515,2.217822,2.148515,2.207921,891224,NaN,NaN,NaN,NaN,NaN,NaN,NaN
1598317200,2.227723,2.227723,2.188119,2.19802,673367,NaN,NaN,NaN,NaN,NaN,NaN,NaN
1598403600,2.19802,2.19802,2.158416,2.158416,356328,NaN,NaN,NaN,NaN,NaN,NaN,NaN
1598490000,2.178218,2.237624,2.178218,2.237624,1789417,NaN,NaN,NaN,NaN,NaN,NaN,NaN
1598576400,2.237624,2.257426,2.188119,2.207921,510252,NaN,NaN,NaN,NaN,NaN,NaN,NaN
1598922000,2.227723,2.227723,2.19802,2.19802,547319,NaN,NaN,NaN,NaN,NaN,NaN,NaN
1599008400,2.227723,2.227723,2.19802,2.217822,158974,NaN,NaN,NaN,NaN,NaN,NaN,NaN
1599094800,2.217822,2.227723,2.19802,2.19802,268862,NaN,NaN,NaN,NaN,NaN,NaN,NaN
1599181200,2.188119,2.207921,2.188119,2.207921,412888,NaN,NaN,NaN,NaN,NaN,NaN,NaN
1599440400,2.207921,2.217822,2.19802,2.217822,413797,NaN,NaN,NaN,NaN,NaN,NaN,NaN
1599526800,2.207921,2.207921,2.188119,2.188119,293708,NaN,NaN,NaN,NaN,NaN,NaN,NaN
1599613200,2.188119,2.188119,2.168317,2.168317,464701,NaN,NaN,NaN,NaN,NaN,NaN,NaN
1599699600,2.178218,2.188119,2.138614,2.158416,569135,NaN,NaN,NaN,NaN,NaN,NaN,NaN
1599786000,2.15,2.15,2.12,2.12,209300,NaN,NaN,NaN,NaN,NaN,NaN,NaN
1600045200,2.14,2.14,2.1,2.11,429000,NaN,NaN,NaN,NaN,NaN,NaN,NaN
1600131600,2.13,2.2,2.13,2.16,617500,NaN,NaN,NaN,NaN,NaN,NaN,NaN
1600304400,2.19,2.21,2.16,2.19,349700,NaN,NaN,NaN,NaN,NaN,NaN,NaN
1600390800,2.19,2.19,2.16,2.16,370900,NaN,NaN,NaN,NaN,NaN,NaN,NaN
1600650000,2.17,2.18,2.15,2.15,271000,NaN,NaN,NaN,NaN,NaN,NaN,NaN
1600736400,2.15,2.15,2.13,2.13,111400,NaN,NaN,NaN,NaN,NaN,NaN,NaN
1600822800,2.18,2.18,2.15,2.16,273900,NaN,NaN,NaN,NaN,NaN,NaN,NaN
1600909200,2.17,2.17,2.13,2.13,116600,NaN,NaN,NaN,NaN,NaN,NaN,NaN
1600995600,2.13,2.15,2.1,2.12,621900,NaN,NaN,NaN,NaN,NaN,NaN,NaN
1601254800,2.12,2.15,2.12,2.12,125200,NaN,NaN,NaN,NaN,NaN,NaN,NaN
1601341200,2.12,2.14,2.11,2.11,574800,NaN,NaN,NaN,NaN,NaN,NaN,NaN
1601427600,2.11,2.13,2.1,2.1,156000,1437179323,3526068000,1041877000,79889000,485705000,2461463000,3.5452380952381
1601514000,2.11,2.16,2.1,2.11,117900,NaN,NaN,NaN,NaN,NaN,NaN,NaN
1601600400,2.13,2.15,2.11,2.11,334400,NaN,NaN,NaN,NaN,NaN,NaN,NaN
1601859600,2.11,2.16,2.11,2.16,285000,NaN,NaN,NaN,NaN,NaN,NaN,NaN
1601946000,2.13,2.13,2.11,2.11,411500,NaN,NaN,NaN,NaN,NaN,NaN,NaN
1602032400,2.11,2.13,2.1,2.11,282100,NaN,NaN,NaN,NaN,NaN,NaN,NaN
1602118800,2.12,2.13,2.09,2.09,562700,NaN,NaN,NaN,NaN,NaN,NaN,NaN
1602205200,2.09,2.12,2.09,2.12,362500,NaN,NaN,NaN,NaN,NaN,NaN,NaN
1602464400,2.12,2.16,2.08,2.1,937000,NaN,NaN,NaN,NaN,NaN,NaN,NaN
1602550800,2.1,2.1,2.05,2.07,1173600,NaN,NaN,NaN,NaN,NaN,NaN,NaN
1602637200,2.07,2.07,2.03,2.04,1675400,NaN,NaN,NaN,NaN,NaN,NaN,NaN
1602723600,2.05,2.05,2.01,2.02,1019800,NaN,NaN,NaN,NaN,NaN,NaN,NaN
1602810000,2.03,2.08,2,2.02,1054400,NaN,NaN,NaN,NaN,NaN,NaN,NaN
1603069200,2.02,2.02,2,2.02,900300,NaN,NaN,NaN,NaN,NaN,NaN,NaN
1603155600,2.02,2.03,2,2.02,583600,NaN,NaN,NaN,NaN,NaN,NaN,NaN
1603242000,2,2.02,2,2.01,222800,NaN,NaN,NaN,NaN,NaN,NaN,NaN
1603328400,2,2.05,2,2.01,269600,NaN,NaN,NaN,NaN,NaN,NaN,NaN
1603414800,2.01,2.03,2,2.01,705600,NaN,NaN,NaN,NaN,NaN,NaN,NaN
1603674000,2.01,2.02,2,2.01,321700,NaN,NaN,NaN,NaN,NaN,NaN,NaN
1603760400,2.01,2.04,2,2.01,202100,NaN,NaN,NaN,NaN,NaN,NaN,NaN
1603846800,2.01,2.02,2,2.01,135800,NaN,NaN,NaN,NaN,NaN,NaN,NaN
1604019600,2,2.01,2,2,288600,NaN,NaN,NaN,NaN,NaN,NaN,NaN
1604278800,2,2.01,1.95,1.95,1197800,NaN,NaN,NaN,NaN,NaN,NaN,NaN
1604365200,1.96,1.99,1.96,1.98,275200,NaN,NaN,NaN,NaN,NaN,NaN,NaN
1604451600,2,2.01,1.99,2,283400,NaN,NaN,NaN,NaN,NaN,NaN,NaN
1604538000,2,2.03,2,2.03,599000,NaN,NaN,NaN,NaN,NaN,NaN,NaN
1604624400,2.02,2.04,2.01,2.03,184600,NaN,NaN,NaN,NaN,NaN,NaN,NaN
1604883600,2.05,2.08,2.01,2.03,572000,NaN,NaN,NaN,NaN,NaN,NaN,NaN
1604970000,2.05,2.12,2.05,2.11,1237700,NaN,NaN,NaN,NaN,NaN,NaN,NaN
1605056400,2.11,2.13,2.08,2.12,343800,NaN,NaN,NaN,NaN,NaN,NaN,NaN
1605142800,2.11,2.14,2.11,2.13,807000,NaN,NaN,NaN,NaN,NaN,NaN,NaN
1605229200,2.13,2.14,2.1,2.13,461400,NaN,NaN,NaN,NaN,NaN,NaN,NaN
1605488400,2.13,2.18,2.11,2.18,1014800,NaN,NaN,NaN,NaN,NaN,NaN,NaN
1605574800,2.19,2.22,2.16,2.21,1213400,NaN,NaN,NaN,NaN,NaN,NaN,NaN
1605661200,2.21,2.21,2.17,2.2,363300,NaN,NaN,NaN,NaN,NaN,NaN,NaN
1605747600,2.21,2.24,2.21,2.24,1002500,NaN,NaN,NaN,NaN,NaN,NaN,NaN
1605834000,2.24,2.25,2.23,2.24,435800,NaN,NaN,NaN,NaN,NaN,NaN,NaN
1606093200,2.24,2.25,2.23,2.25,564800,NaN,NaN,NaN,NaN,NaN,NaN,NaN
1606179600,2.25,2.25,2.2,2.2,772300,NaN,NaN,NaN,NaN,NaN,NaN,NaN
1606266000,2.22,2.23,2.21,2.21,148200,NaN,NaN,NaN,NaN,NaN,NaN,NaN
1606352400,2.2,2.22,2.2,2.2,438600,NaN,NaN,NaN,NaN,NaN,NaN,NaN
1606438800,2.2,2.2,2.18,2.19,864400,NaN,NaN,NaN,NaN,NaN,NaN,NaN
1606698000,2.22,2.22,2.17,2.17,720000,NaN,NaN,NaN,NaN,NaN,NaN,NaN
1606784400,2.18,2.2,2.17,2.2,172300,NaN,NaN,NaN,NaN,NaN,NaN,NaN
1606870800,2.22,2.22,2.19,2.22,530100,NaN,NaN,NaN,NaN,NaN,NaN,NaN
1606957200,2.21,2.23,2.2,2.23,485300,NaN,NaN,NaN,NaN,NaN,NaN,NaN
1607043600,2.22,2.24,2.21,2.24,481200,NaN,NaN,NaN,NaN,NaN,NaN,NaN
1607302800,2.24,2.25,2.23,2.25,556100,NaN,NaN,NaN,NaN,NaN,NaN,NaN
1607389200,2.25,2.25,2.23,2.24,557200,NaN,NaN,NaN,NaN,NaN,NaN,NaN
1607475600,2.25,2.25,2.23,2.24,357700,NaN,NaN,NaN,NaN,NaN,NaN,NaN
1607562000,2.25,2.25,2.23,2.24,335500,NaN,NaN,NaN,NaN,NaN,NaN,NaN
1607648400,2.23,2.25,2.21,2.24,521600,NaN,NaN,NaN,NaN,NaN,NaN,NaN
1607907600,2.23,2.37,2.23,2.27,1850500,NaN,NaN,NaN,NaN,NaN,NaN,NaN
1607994000,2.28,2.3,2.24,2.29,305000,NaN,NaN,NaN,NaN,NaN,NaN,NaN
1608080400,2.29,2.3,2.2,2.26,878100,NaN,NaN,NaN,NaN,NaN,NaN,NaN
1608166800,2.25,2.25,2.21,2.23,544700,NaN,NaN,NaN,NaN,NaN,NaN,NaN
1608253200,2.23,2.23,2.2,2.2,574300,NaN,NaN,NaN,NaN,NaN,NaN,NaN
1608512400,2.2,2.24,2.2,2.22,183300,NaN,NaN,NaN,NaN,NaN,NaN,NaN
1608598800,2.2,2.2,2.18,2.19,367000,NaN,NaN,NaN,NaN,NaN,NaN,NaN
1608685200,2.18,2.21,2.18,2.21,188400,NaN,NaN,NaN,NaN,NaN,NaN,NaN
1608771600,2.2,2.2,2.18,2.18,425500,NaN,NaN,NaN,NaN,NaN,NaN,NaN
1609117200,2.18,2.2,2.16,2.17,646400,NaN,NaN,NaN,NaN,NaN,NaN,NaN
1609203600,2.17,2.21,2.17,2.2,202100,NaN,NaN,NaN,NaN,NaN,NaN,NaN
1609290000,2.2,2.26,2.2,2.25,784400,NaN,NaN,NaN,NaN,NaN,NaN,NaN
1609376400,2.27,2.29,2.26,2.28,1062900,1437178945,3575941000,1161336000,84688000,527350000,2391743000,2.83991228070175
1609722000,2.3,2.34,2.26,2.32,1366700,NaN,NaN,NaN,NaN,NaN,NaN,NaN
1609808400,2.31,2.32,2.28,2.32,523700,NaN,NaN,NaN,NaN,NaN,NaN,NaN
1609894800,2.32,2.33,2.27,2.27,642400,NaN,NaN,NaN,NaN,NaN,NaN,NaN
1609981200,2.26,2.26,2.18,2.2,1477600,NaN,NaN,NaN,NaN,NaN,NaN,NaN
1610067600,2.2,2.21,2.16,2.17,979800,NaN,NaN,NaN,NaN,NaN,NaN,NaN
1610326800,2.16,2.2,2.15,2.2,547800,NaN,NaN,NaN,NaN,NaN,NaN,NaN
1610413200,2.17,2.2,2.12,2.18,890200,NaN,NaN,NaN,NaN,NaN,NaN,NaN
1610499600,2.16,2.2,2.16,2.2,947500,NaN,NaN,NaN,NaN,NaN,NaN,NaN
1610586000,2.18,2.2,2.16,2.19,423800,NaN,NaN,NaN,NaN,NaN,NaN,NaN
1610672400,2.18,2.18,2.17,2.18,354600,NaN,NaN,NaN,NaN,NaN,NaN,NaN
1610931600,2.17,2.18,2.15,2.17,374100,NaN,NaN,NaN,NaN,NaN,NaN,NaN
1611018000,2.17,2.17,2.15,2.15,552400,NaN,NaN,NaN,NaN,NaN,NaN,NaN
1611104400,2.14,2.15,2.13,2.13,278300,NaN,NaN,NaN,NaN,NaN,NaN,NaN
1611190800,2.13,2.16,2.12,2.14,432000,NaN,NaN,NaN,NaN,NaN,NaN,NaN
1611277200,2.12,2.13,2.12,2.13,497200,NaN,NaN,NaN,NaN,NaN,NaN,NaN
1611536400,2.11,2.12,2.1,2.11,370700,NaN,NaN,NaN,NaN,NaN,NaN,NaN
1611622800,2.13,2.14,2.1,2.12,434100,NaN,NaN,NaN,NaN,NaN,NaN,NaN
1611709200,2.13,2.14,2.12,2.12,219300,NaN,NaN,NaN,NaN,NaN,NaN,NaN
1611882000,2.13,2.13,2.11,2.11,501600,NaN,NaN,NaN,NaN,NaN,NaN,NaN
1612227600,2.13,2.14,2.11,2.13,294800,NaN,NaN,NaN,NaN,NaN,NaN,NaN
1612314000,2.13,2.17,2.12,2.12,1335900,NaN,NaN,NaN,NaN,NaN,NaN,NaN
1612400400,2.16,2.18,2.14,2.18,151300,NaN,NaN,NaN,NaN,NaN,NaN,NaN
1612486800,2.18,2.18,2.12,2.14,339100,NaN,NaN,NaN,NaN,NaN,NaN,NaN
1612746000,2.16,2.16,2.15,2.16,131400,NaN,NaN,NaN,NaN,NaN,NaN,NaN
1612832400,2.16,2.19,2.16,2.17,324200,NaN,NaN,NaN,NaN,NaN,NaN,NaN
1612918800,2.17,2.19,2.16,2.18,333500,NaN,NaN,NaN,NaN,NaN,NaN,NaN
1613005200,2.18,2.19,2.18,2.19,229600,NaN,NaN,NaN,NaN,NaN,NaN,NaN
1613350800,2.19,2.22,2.19,2.2,400400,NaN,NaN,NaN,NaN,NaN,NaN,NaN
1613437200,2.22,2.26,2.22,2.25,742700,NaN,NaN,NaN,NaN,NaN,NaN,NaN
1613523600,2.26,2.26,2.23,2.23,500200,NaN,NaN,NaN,NaN,NaN,NaN,NaN
1613610000,2.23,2.24,2.21,2.21,358200,NaN,NaN,NaN,NaN,NaN,NaN,NaN
1613696400,2.21,2.23,2.21,2.22,301000,NaN,NaN,NaN,NaN,NaN,NaN,NaN
1613955600,2.22,2.25,2.22,2.24,277500,NaN,NaN,NaN,NaN,NaN,NaN,NaN
1614042000,2.24,2.25,2.21,2.25,264100,NaN,NaN,NaN,NaN,NaN,NaN,NaN
1614128400,2.25,2.25,2.22,2.24,619400,NaN,NaN,NaN,NaN,NaN,NaN,NaN
1614214800,2.24,2.27,2.23,2.24,392200,NaN,NaN,NaN,NaN,NaN,NaN,NaN
1614301200,2.21,2.22,2.18,2.19,1266100,NaN,NaN,NaN,NaN,NaN,NaN,NaN
1614560400,2.19,2.21,2.19,2.21,406700,NaN,NaN,NaN,NaN,NaN,NaN,NaN
1614646800,2.2,2.21,2.19,2.21,310500,NaN,NaN,NaN,NaN,NaN,NaN,NaN
1614733200,2.21,2.25,2.19,2.24,803600,NaN,NaN,NaN,NaN,NaN,NaN,NaN
1614819600,2.24,2.25,2.2,2.2,836200,NaN,NaN,NaN,NaN,NaN,NaN,NaN
1614906000,2.22,2.23,2.2,2.2,479800,NaN,NaN,NaN,NaN,NaN,NaN,NaN
1615165200,2.22,2.25,2.22,2.23,1002000,NaN,NaN,NaN,NaN,NaN,NaN,NaN
1615251600,2.24,2.27,2.24,2.27,1052700,NaN,NaN,NaN,NaN,NaN,NaN,NaN
1615338000,2.28,2.3,2.26,2.3,1100400,NaN,NaN,NaN,NaN,NaN,NaN,NaN
1615424400,2.3,2.31,2.28,2.3,1496800,NaN,NaN,NaN,NaN,NaN,NaN,NaN
1615510800,2.28,2.28,2.26,2.27,378700,NaN,NaN,NaN,NaN,NaN,NaN,NaN
1615770000,2.27,2.27,2.24,2.25,471400,NaN,NaN,NaN,NaN,NaN,NaN,NaN
1615856400,2.25,2.25,2.21,2.24,345400,NaN,NaN,NaN,NaN,NaN,NaN,NaN
1615942800,2.23,2.24,2.22,2.24,226400,NaN,NaN,NaN,NaN,NaN,NaN,NaN
1616029200,2.22,2.24,2.22,2.23,302400,NaN,NaN,NaN,NaN,NaN,NaN,NaN
1616115600,2.23,2.24,2.21,2.22,321100,NaN,NaN,NaN,NaN,NaN,NaN,NaN
1616374800,2.22,2.23,2.21,2.22,174900,NaN,NaN,NaN,NaN,NaN,NaN,NaN
1616461200,2.21,2.22,2.2,2.22,198800,NaN,NaN,NaN,NaN,NaN,NaN,NaN
1616547600,2.22,2.22,2.2,2.21,206800,NaN,NaN,NaN,NaN,NaN,NaN,NaN
1616634000,2.21,2.22,2.2,2.21,219500,NaN,NaN,NaN,NaN,NaN,NaN,NaN
1616720400,2.2,2.21,2.2,2.21,275200,NaN,NaN,NaN,NaN,NaN,NaN,NaN
1616979600,2.21,2.22,2.2,2.21,631200,NaN,NaN,NaN,NaN,NaN,NaN,NaN
1617066000,2.2,2.22,2.19,2.22,313200,NaN,NaN,NaN,NaN,NaN,NaN,NaN
1617152400,2.22,2.22,2.18,2.2,776200,1437178945,3532879000,1139820000,37265000,383881000,2370375000,1.81818181818182
1617238800,2.2,2.22,2.18,2.22,213900,NaN,NaN,NaN,NaN,NaN,NaN,NaN
1617325200,2.21,2.22,2.19,2.22,63100,NaN,NaN,NaN,NaN,NaN,NaN,NaN
1617584400,2.21,2.23,2.2,2.22,229700,NaN,NaN,NaN,NaN,NaN,NaN,NaN
1617670800,2.22,2.22,2.2,2.22,259300,NaN,NaN,NaN,NaN,NaN,NaN,NaN
1617757200,2.22,2.22,2.2,2.22,179000,NaN,NaN,NaN,NaN,NaN,NaN,NaN
1617843600,2.22,2.23,2.2,2.21,115600,NaN,NaN,NaN,NaN,NaN,NaN,NaN
1617930000,2.22,2.22,2.2,2.22,141500,NaN,NaN,NaN,NaN,NaN,NaN,NaN
1618189200,2.22,2.22,2.2,2.22,249700,NaN,NaN,NaN,NaN,NaN,NaN,NaN
1618275600,2.22,2.22,2.19,2.2,435800,NaN,NaN,NaN,NaN,NaN,NaN,NaN
1618362000,2.19,2.21,2.18,2.2,345300,NaN,NaN,NaN,NaN,NaN,NaN,NaN
1618448400,2.2,2.2,2.19,2.2,146800,NaN,NaN,NaN,NaN,NaN,NaN,NaN
1618534800,2.19,2.2,2.18,2.19,174100,NaN,NaN,NaN,NaN,NaN,NaN,NaN
1618794000,2.19,2.19,2.17,2.18,243100,NaN,NaN,NaN,NaN,NaN,NaN,NaN
1618880400,2.17,2.17,2.15,2.16,392800,NaN,NaN,NaN,NaN,NaN,NaN,NaN
1618966800,2.16,2.17,2.15,2.15,516600,NaN,NaN,NaN,NaN,NaN,NaN,NaN
1619053200,2.15,2.18,2.15,2.16,251500,NaN,NaN,NaN,NaN,NaN,NaN,NaN
1619139600,2.16,2.17,2.14,2.16,262200,NaN,NaN,NaN,NaN,NaN,NaN,NaN
1619398800,2.15,2.16,2.13,2.14,538900,NaN,NaN,NaN,NaN,NaN,NaN,NaN
1619485200,2.14,2.15,2.12,2.12,755700,NaN,NaN,NaN,NaN,NaN,NaN,NaN
1619571600,2.13,2.14,2.12,2.13,163200,NaN,NaN,NaN,NaN,NaN,NaN,NaN
1619744400,2.13,2.15,2.11,2.11,698800,NaN,NaN,NaN,NaN,NaN,NaN,NaN
1620003600,2.11,2.13,2.1,2.13,528400,NaN,NaN,NaN,NaN,NaN,NaN,NaN
1620090000,2.13,2.14,2.11,2.13,126700,NaN,NaN,NaN,NaN,NaN,NaN,NaN
1620176400,2.13,2.13,2.11,2.11,144300,NaN,NaN,NaN,NaN,NaN,NaN,NaN
1620262800,2.12,2.12,2.1,2.11,229500,NaN,NaN,NaN,NaN,NaN,NaN,NaN
1620349200,2.11,2.12,2.1,2.11,191600,NaN,NaN,NaN,NaN,NaN,NaN,NaN
1620608400,2.1,2.15,2.1,2.12,147900,NaN,NaN,NaN,NaN,NaN,NaN,NaN
1620694800,2.1,2.12,2.1,2.11,161800,NaN,NaN,NaN,NaN,NaN,NaN,NaN
1620781200,2.1,2.1,2.09,2.09,314000,NaN,NaN,NaN,NaN,NaN,NaN,NaN
1621213200,2.09,2.11,2.08,2.08,505100,NaN,NaN,NaN,NaN,NaN,NaN,NaN
1621299600,2.09,2.09,2.07,2.08,459200,NaN,NaN,NaN,NaN,NaN,NaN,NaN
1621386000,2.08,2.08,2.05,2.05,375100,NaN,NaN,NaN,NaN,NaN,NaN,NaN
1621472400,2.05,2.06,2.01,2.01,751100,NaN,NaN,NaN,NaN,NaN,NaN,NaN
1621558800,2,2,1.98,1.99,1225700,NaN,NaN,NaN,NaN,NaN,NaN,NaN
1621818000,2.02,2.02,1.99,1.99,756800,NaN,NaN,NaN,NaN,NaN,NaN,NaN
1621904400,1.99,2,1.98,1.99,795200,NaN,NaN,NaN,NaN,NaN,NaN,NaN
1622077200,1.99,2,1.98,2,1592900,NaN,NaN,NaN,NaN,NaN,NaN,NaN
1622163600,2,2.01,1.99,1.99,743800,NaN,NaN,NaN,NaN,NaN,NaN,NaN
1622422800,1.99,1.99,1.97,1.98,879300,NaN,NaN,NaN,NaN,NaN,NaN,NaN
1622509200,1.98,2,1.97,1.99,429300,NaN,NaN,NaN,NaN,NaN,NaN,NaN
1622595600,2,2.08,2,2.03,870400,NaN,NaN,NaN,NaN,NaN,NaN,NaN
1622682000,2.07,2.07,2,2.02,528800,NaN,NaN,NaN,NaN,NaN,NaN,NaN
1622768400,2.01,2.02,2,2,692700,NaN,NaN,NaN,NaN,NaN,NaN,NaN
1623114000,2,2.08,2,2.06,547200,NaN,NaN,NaN,NaN,NaN,NaN,NaN
1623200400,2.06,2.08,2.05,2.07,219900,NaN,NaN,NaN,NaN,NaN,NaN,NaN
1623286800,2.08,2.09,2.06,2.07,279500,NaN,NaN,NaN,NaN,NaN,NaN,NaN
1623373200,2.06,2.07,2.05,2.05,171000,NaN,NaN,NaN,NaN,NaN,NaN,NaN
1623632400,2.06,2.1,2.04,2.09,735800,NaN,NaN,NaN,NaN,NaN,NaN,NaN
1623718800,2.09,2.09,2.05,2.09,111400,NaN,NaN,NaN,NaN,NaN,NaN,NaN
1623805200,2.09,2.09,2.04,2.05,267700,NaN,NaN,NaN,NaN,NaN,NaN,NaN
1623891600,2.06,2.07,2.04,2.04,127600,NaN,NaN,NaN,NaN,NaN,NaN,NaN
1623978000,2.04,2.06,2.03,2.06,197400,NaN,NaN,NaN,NaN,NaN,NaN,NaN
1624237200,2.04,2.04,2.02,2.02,243800,NaN,NaN,NaN,NaN,NaN,NaN,NaN
1624323600,2.04,2.06,2.03,2.04,295000,NaN,NaN,NaN,NaN,NaN,NaN,NaN
1624410000,2.05,2.05,2.02,2.04,131900,NaN,NaN,NaN,NaN,NaN,NaN,NaN
1624496400,2.05,2.05,2.02,2.02,149100,NaN,NaN,NaN,NaN,NaN,NaN,NaN
1624582800,2.03,2.04,2.02,2.02,166700,NaN,NaN,NaN,NaN,NaN,NaN,NaN
1624842000,2.02,2.02,2,2,238400,NaN,NaN,NaN,NaN,NaN,NaN,NaN
1624928400,2.01,2.02,1.99,2.02,648300,NaN,NaN,NaN,NaN,NaN,NaN,NaN
1625014800,2.02,2.02,1.97,1.98,1026200,1437178945,3530977000,1135988000,38381000,326487000,2372409000,2.02020202020202
1625101200,2,2,1.98,1.99,275000,NaN,NaN,NaN,NaN,NaN,NaN,NaN
1625187600,2,2,1.98,1.99,243800,NaN,NaN,NaN,NaN,NaN,NaN,NaN
1625446800,1.99,2,1.97,1.99,524600,NaN,NaN,NaN,NaN,NaN,NaN,NaN
1625533200,1.98,2,1.98,1.98,191100,NaN,NaN,NaN,NaN,NaN,NaN,NaN
1625619600,1.99,1.99,1.98,1.98,70100,NaN,NaN,NaN,NaN,NaN,NaN,NaN
1625706000,1.99,1.99,1.97,1.97,311400,NaN,NaN,NaN,NaN,NaN,NaN,NaN
1625792400,1.98,1.99,1.97,1.98,309600,NaN,NaN,NaN,NaN,NaN,NaN,NaN
1626051600,1.98,2,1.97,1.98,163000,NaN,NaN,NaN,NaN,NaN,NaN,NaN
1626138000,1.98,2,1.97,1.99,307100,NaN,NaN,NaN,NaN,NaN,NaN,NaN
1626224400,1.99,1.99,1.97,1.98,184400,NaN,NaN,NaN,NaN,NaN,NaN,NaN
1626310800,1.98,2,1.97,1.98,407900,NaN,NaN,NaN,NaN,NaN,NaN,NaN
1626397200,2,2,1.98,1.98,199500,NaN,NaN,NaN,NaN,NaN,NaN,NaN
1626656400,1.98,2,1.97,1.98,274800,NaN,NaN,NaN,NaN,NaN,NaN,NaN
1626829200,1.99,2.01,1.98,2,286700,NaN,NaN,NaN,NaN,NaN,NaN,NaN
1626915600,2.01,2.06,1.99,2.04,360000,NaN,NaN,NaN,NaN,NaN,NaN,NaN
1627002000,2.04,2.04,2,2,112300,NaN,NaN,NaN,NaN,NaN,NaN,NaN
1627261200,2,2.02,2,2,112800,NaN,NaN,NaN,NaN,NaN,NaN,NaN
1627347600,2,2,1.99,2,150500,NaN,NaN,NaN,NaN,NaN,NaN,NaN
1627434000,2,2,1.99,1.99,92000,NaN,NaN,NaN,NaN,NaN,NaN,NaN
1627520400,2,2.01,1.98,1.99,159500,NaN,NaN,NaN,NaN,NaN,NaN,NaN
1627606800,1.99,2.01,1.98,1.98,202000,NaN,NaN,NaN,NaN,NaN,NaN,NaN
1627866000,2.01,2.01,1.98,1.99,214900,NaN,NaN,NaN,NaN,NaN,NaN,NaN
1627952400,1.98,1.99,1.97,1.97,358000,NaN,NaN,NaN,NaN,NaN,NaN,NaN
1628038800,1.98,1.99,1.97,1.97,399700,NaN,NaN,NaN,NaN,NaN,NaN,NaN
1628125200,1.98,2,1.98,1.99,218000,NaN,NaN,NaN,NaN,NaN,NaN,NaN
1628211600,2,2,1.98,1.99,133100,NaN,NaN,NaN,NaN,NaN,NaN,NaN
1628470800,2,2.02,1.99,2.02,503900,NaN,NaN,NaN,NaN,NaN,NaN,NaN
1628643600,2.02,2.02,1.99,2,284600,NaN,NaN,NaN,NaN,NaN,NaN,NaN
1628730000,1.99,2.01,1.98,1.98,305700,NaN,NaN,NaN,NaN,NaN,NaN,NaN
1628816400,1.98,2,1.98,1.98,105300,NaN,NaN,NaN,NaN,NaN,NaN,NaN
1629075600,1.99,2.01,1.98,2,112400,NaN,NaN,NaN,NaN,NaN,NaN,NaN
1629162000,2.02,2.02,1.98,2.01,222100,NaN,NaN,NaN,NaN,NaN,NaN,NaN
1629248400,2,2.01,1.99,2.01,56800,NaN,NaN,NaN,NaN,NaN,NaN,NaN
1629334800,2,2.01,1.99,2,272200,NaN,NaN,NaN,NaN,NaN,NaN,NaN
1629421200,1.99,2,1.99,2,183500,NaN,NaN,NaN,NaN,NaN,NaN,NaN
1629680400,2,2.04,2,2.04,345600,NaN,NaN,NaN,NaN,NaN,NaN,NaN
1629766800,2.03,2.05,2.03,2.05,236200,NaN,NaN,NaN,NaN,NaN,NaN,NaN
1629853200,2.05,2.05,2.03,2.05,215200,NaN,NaN,NaN,NaN,NaN,NaN,NaN
1629939600,2.05,2.05,2.02,2.03,297700,NaN,NaN,NaN,NaN,NaN,NaN,NaN
1630026000,2.03,2.03,2,2,400600,NaN,NaN,NaN,NaN,NaN,NaN,NaN
1630285200,2.01,2.07,2.01,2.03,832400,NaN,NaN,NaN,NaN,NaN,NaN,NaN
1630458000,2.04,2.05,2.03,2.04,446700,NaN,NaN,NaN,NaN,NaN,NaN,NaN
1630544400,2.05,2.05,2.03,2.05,1013000,NaN,NaN,NaN,NaN,NaN,NaN,NaN
1630630800,2.04,2.06,2.04,2.05,317300,NaN,NaN,NaN,NaN,NaN,NaN,NaN
1630890000,2.06,2.1,2.05,2.09,1159400,NaN,NaN,NaN,NaN,NaN,NaN,NaN
1630976400,2.09,2.09,2.06,2.08,329500,NaN,NaN,NaN,NaN,NaN,NaN,NaN
1631062800,2.09,2.1,2.08,2.09,285500,NaN,NaN,NaN,NaN,NaN,NaN,NaN
1631149200,2.09,2.1,2.06,2.08,279800,NaN,NaN,NaN,NaN,NaN,NaN,NaN
1631235600,2.09,2.09,2.05,2.06,227000,NaN,NaN,NaN,NaN,NaN,NaN,NaN
1631494800,2.06,2.07,2.04,2.06,388300,NaN,NaN,NaN,NaN,NaN,NaN,NaN
1631581200,2.1,2.1,2.06,2.06,3086800,NaN,NaN,NaN,NaN,NaN,NaN,NaN
1631667600,2.09,2.1,2.07,2.09,1072700,NaN,NaN,NaN,NaN,NaN,NaN,NaN
1631840400,2.09,2.1,2.07,2.07,513700,NaN,NaN,NaN,NaN,NaN,NaN,NaN
1632099600,2.08,2.08,2.04,2.04,886900,NaN,NaN,NaN,NaN,NaN,NaN,NaN
1632186000,2.03,2.04,2,2.01,1214300,NaN,NaN,NaN,NaN,NaN,NaN,NaN
1632272400,2.04,2.05,2.02,2.05,228400,NaN,NaN,NaN,NaN,NaN,NaN,NaN
1632358800,2.05,2.06,2.03,2.04,366700,NaN,NaN,NaN,NaN,NaN,NaN,NaN
1632445200,2.04,2.04,2.02,2.02,549700,NaN,NaN,NaN,NaN,NaN,NaN,NaN
1632704400,2.02,2.04,2.02,2.03,382300,NaN,NaN,NaN,NaN,NaN,NaN,NaN
1632790800,2.03,2.03,2.02,2.02,202200,NaN,NaN,NaN,NaN,NaN,NaN,NaN
1632877200,2.02,2.03,2.01,2.02,1345700,NaN,NaN,NaN,NaN,NaN,NaN,NaN
1632963600,2.02,2.05,2.02,2.04,305100,1437178945,3511320000,1146860000,-7272000,66178000,2342417000,0.980392156862745
1633050000,2.04,2.05,2.03,2.05,248700,NaN,NaN,NaN,NaN,NaN,NaN,NaN
1633309200,2.04,2.05,2.02,2.03,118900,NaN,NaN,NaN,NaN,NaN,NaN,NaN
1633395600,2.05,2.05,2.01,2.01,464500,NaN,NaN,NaN,NaN,NaN,NaN,NaN
1633482000,2.02,2.04,2,2.03,447500,NaN,NaN,NaN,NaN,NaN,NaN,NaN
1633568400,2.04,2.04,2.02,2.02,209500,NaN,NaN,NaN,NaN,NaN,NaN,NaN
1633654800,2.02,2.04,2.02,2.02,310800,NaN,NaN,NaN,NaN,NaN,NaN,NaN
1633914000,2.04,2.05,2.03,2.05,445500,NaN,NaN,NaN,NaN,NaN,NaN,NaN
1634000400,2.05,2.09,2.04,2.07,876600,NaN,NaN,NaN,NaN,NaN,NaN,NaN
1634086800,2.07,2.07,2.05,2.06,259200,NaN,NaN,NaN,NaN,NaN,NaN,NaN
1634173200,2.07,2.1,2.07,2.09,821700,NaN,NaN,NaN,NaN,NaN,NaN,NaN
1634259600,2.09,2.14,2.09,2.13,1023000,NaN,NaN,NaN,NaN,NaN,NaN,NaN
1634518800,2.14,2.15,2.11,2.12,435400,NaN,NaN,NaN,NaN,NaN,NaN,NaN
1634691600,2.12,2.13,2.12,2.12,234200,NaN,NaN,NaN,NaN,NaN,NaN,NaN
1634778000,2.12,2.13,2.11,2.13,421500,NaN,NaN,NaN,NaN,NaN,NaN,NaN
1634864400,2.11,2.12,2.1,2.12,100200,NaN,NaN,NaN,NaN,NaN,NaN,NaN
1635123600,2.12,2.13,2.1,2.11,227600,NaN,NaN,NaN,NaN,NaN,NaN,NaN
1635210000,2.12,2.13,2.11,2.12,441800,NaN,NaN,NaN,NaN,NaN,NaN,NaN
1635296400,2.12,2.17,2.12,2.16,1168000,NaN,NaN,NaN,NaN,NaN,NaN,NaN
1635382800,2.18,2.18,2.16,2.17,840300,NaN,NaN,NaN,NaN,NaN,NaN,NaN
1635469200,2.16,2.17,2.15,2.16,218500,NaN,NaN,NaN,NaN,NaN,NaN,NaN
1635728400,2.13,2.14,2.1,2.11,354900,NaN,NaN,NaN,NaN,NaN,NaN,NaN
1635814800,2.13,2.15,2.05,2.05,1280000,NaN,NaN,NaN,NaN,NaN,NaN,NaN
1635901200,2.06,2.12,2.06,2.1,446900,NaN,NaN,NaN,NaN,NaN,NaN,NaN
1636074000,2.11,2.11,2.07,2.1,398300,NaN,NaN,NaN,NaN,NaN,NaN,NaN
1636333200,2.08,2.11,2.08,2.1,371300,NaN,NaN,NaN,NaN,NaN,NaN,NaN
1636419600,2.1,2.13,2.09,2.12,195300,NaN,NaN,NaN,NaN,NaN,NaN,NaN
1636506000,2.1,2.12,2.09,2.11,565000,NaN,NaN,NaN,NaN,NaN,NaN,NaN
1636592400,2.1,2.12,2.09,2.1,154600,NaN,NaN,NaN,NaN,NaN,NaN,NaN
1636678800,2.11,2.12,2.1,2.1,70900,NaN,NaN,NaN,NaN,NaN,NaN,NaN
1636938000,2.03,2.06,2.02,2.05,1510800,NaN,NaN,NaN,NaN,NaN,NaN,NaN
1637024400,2.04,2.05,2.02,2.03,873600,NaN,NaN,NaN,NaN,NaN,NaN,NaN
1637110800,2.03,2.05,2.03,2.05,325900,NaN,NaN,NaN,NaN,NaN,NaN,NaN
1637197200,2.04,2.05,2.04,2.04,204900,NaN,NaN,NaN,NaN,NaN,NaN,NaN
1637283600,2.04,2.05,2.02,2.02,1211700,NaN,NaN,NaN,NaN,NaN,NaN,NaN
1637542800,2.02,2.04,2.01,2.01,829100,NaN,NaN,NaN,NaN,NaN,NaN,NaN
1637629200,2.01,2.03,2.01,2.01,422800,NaN,NaN,NaN,NaN,NaN,NaN,NaN
1637715600,2.01,2.01,2,2.01,178500,NaN,NaN,NaN,NaN,NaN,NaN,NaN
1637802000,2.01,2.01,2,2,199100,NaN,NaN,NaN,NaN,NaN,NaN,NaN
1637888400,2,2,1.97,1.97,597800,NaN,NaN,NaN,NaN,NaN,NaN,NaN
1638147600,1.97,1.97,1.9,1.9,824800,NaN,NaN,NaN,NaN,NaN,NaN,NaN
1638234000,1.92,1.93,1.88,1.88,1100400,NaN,NaN,NaN,NaN,NaN,NaN,NaN
1638320400,1.91,1.91,1.89,1.89,318800,NaN,NaN,NaN,NaN,NaN,NaN,NaN
1638406800,1.89,1.91,1.87,1.88,406000,NaN,NaN,NaN,NaN,NaN,NaN,NaN
1638752400,1.88,1.9,1.86,1.86,365800,NaN,NaN,NaN,NaN,NaN,NaN,NaN
1638838800,1.87,1.9,1.87,1.87,212600,NaN,NaN,NaN,NaN,NaN,NaN,NaN
1638925200,1.9,1.9,1.88,1.88,333000,NaN,NaN,NaN,NaN,NaN,NaN,NaN
1639011600,1.88,1.92,1.88,1.91,67700,NaN,NaN,NaN,NaN,NaN,NaN,NaN
1639098000,1.91,1.92,1.87,1.9,353800,NaN,NaN,NaN,NaN,NaN,NaN,NaN
1639357200,1.9,1.92,1.89,1.89,162900,NaN,NaN,NaN,NaN,NaN,NaN,NaN
1639443600,1.89,1.92,1.88,1.88,532000,NaN,NaN,NaN,NaN,NaN,NaN,NaN
1639530000,1.88,1.9,1.85,1.88,411900,NaN,NaN,NaN,NaN,NaN,NaN,NaN
1639616400,1.88,1.88,1.81,1.81,1207000,NaN,NaN,NaN,NaN,NaN,NaN,NaN
1639702800,1.83,1.84,1.81,1.83,788900,NaN,NaN,NaN,NaN,NaN,NaN,NaN
1639962000,1.83,1.84,1.82,1.84,209800,NaN,NaN,NaN,NaN,NaN,NaN,NaN
1640048400,1.83,1.84,1.82,1.82,89600,NaN,NaN,NaN,NaN,NaN,NaN,NaN
1640134800,1.83,1.84,1.83,1.84,188500,NaN,NaN,NaN,NaN,NaN,NaN,NaN
1640221200,1.85,1.86,1.84,1.84,239700,NaN,NaN,NaN,NaN,NaN,NaN,NaN
1640307600,1.84,1.88,1.84,1.85,95300,NaN,NaN,NaN,NaN,NaN,NaN,NaN
1640566800,1.84,1.86,1.84,1.86,232300,NaN,NaN,NaN,NaN,NaN,NaN,NaN
1640653200,1.87,1.89,1.87,1.89,247000,NaN,NaN,NaN,NaN,NaN,NaN,NaN
1640739600,1.88,1.89,1.87,1.88,396400,NaN,NaN,NaN,NaN,NaN,NaN,NaN
1640826000,1.88,1.93,1.88,1.93,339100,NaN,NaN,NaN,NaN,NaN,NaN,NaN
1640912400,1.93,1.93,1.9,1.9,267800,1437178945,3510323000,1126130000,66215000,483010000,2362864000,0.789473684210526
1641171600,1.9,1.93,1.9,1.92,406600,NaN,NaN,NaN,NaN,NaN,NaN,NaN
1641258000,1.93,1.96,1.92,1.95,828700,NaN,NaN,NaN,NaN,NaN,NaN,NaN
1641344400,1.96,2,1.95,2,1040700,NaN,NaN,NaN,NaN,NaN,NaN,NaN
1641430800,1.99,1.99,1.93,1.94,264600,NaN,NaN,NaN,NaN,NaN,NaN,NaN
1641517200,1.94,1.96,1.94,1.96,89000,NaN,NaN,NaN,NaN,NaN,NaN,NaN
1641776400,1.96,1.96,1.93,1.93,328900,NaN,NaN,NaN,NaN,NaN,NaN,NaN
1641862800,1.92,1.93,1.92,1.93,168800,NaN,NaN,NaN,NaN,NaN,NaN,NaN
1641949200,1.93,1.94,1.92,1.93,617100,NaN,NaN,NaN,NaN,NaN,NaN,NaN
1642035600,1.93,1.94,1.91,1.91,277900,NaN,NaN,NaN,NaN,NaN,NaN,NaN
1642122000,1.92,1.92,1.9,1.9,262900,NaN,NaN,NaN,NaN,NaN,NaN,NaN
1642381200,1.89,1.94,1.89,1.91,972400,NaN,NaN,NaN,NaN,NaN,NaN,NaN
1642554000,1.9,1.9,1.88,1.9,258300,NaN,NaN,NaN,NaN,NaN,NaN,NaN
1642640400,1.88,1.91,1.88,1.91,193100,NaN,NaN,NaN,NaN,NaN,NaN,NaN
1642726800,1.9,1.93,1.89,1.9,937700,NaN,NaN,NaN,NaN,NaN,NaN,NaN
1642986000,1.9,1.9,1.89,1.89,170100,NaN,NaN,NaN,NaN,NaN,NaN,NaN
1643072400,1.89,1.89,1.89,1.89,154000,NaN,NaN,NaN,NaN,NaN,NaN,NaN
1643158800,1.92,1.92,1.89,1.91,142600,NaN,NaN,NaN,NaN,NaN,NaN,NaN
1643245200,1.9,1.91,1.89,1.9,68200,NaN,NaN,NaN,NaN,NaN,NaN,NaN
1643331600,1.88,1.9,1.88,1.89,181100,NaN,NaN,NaN,NaN,NaN,NaN,NaN
1643590800,1.88,1.89,1.88,1.88,106700,NaN,NaN,NaN,NaN,NaN,NaN,NaN
1643850000,1.9,1.92,1.9,1.92,17100,NaN,NaN,NaN,NaN,NaN,NaN,NaN
1643936400,1.91,1.91,1.89,1.89,85500,NaN,NaN,NaN,NaN,NaN,NaN,NaN
1644195600,1.89,1.92,1.89,1.92,202300,NaN,NaN,NaN,NaN,NaN,NaN,NaN
1644282000,1.92,1.92,1.89,1.92,178400,NaN,NaN,NaN,NaN,NaN,NaN,NaN
1644368400,1.92,1.93,1.91,1.93,1090600,NaN,NaN,NaN,NaN,NaN,NaN,NaN
1644454800,1.94,1.96,1.92,1.96,260600,NaN,NaN,NaN,NaN,NaN,NaN,NaN
1644541200,1.93,1.96,1.93,1.94,206700,NaN,NaN,NaN,NaN,NaN,NaN,NaN
1644800400,1.93,1.97,1.93,1.95,346900,NaN,NaN,NaN,NaN,NaN,NaN,NaN
1644886800,1.95,1.96,1.92,1.93,598400,NaN,NaN,NaN,NaN,NaN,NaN,NaN
1644973200,1.93,1.97,1.93,1.95,332800,NaN,NaN,NaN,NaN,NaN,NaN,NaN
1645059600,1.95,1.97,1.94,1.96,634800,NaN,NaN,NaN,NaN,NaN,NaN,NaN
1645146000,1.95,1.95,1.92,1.93,222200,NaN,NaN,NaN,NaN,NaN,NaN,NaN
1645405200,1.92,1.93,1.9,1.91,1414800,NaN,NaN,NaN,NaN,NaN,NaN,NaN
1645491600,1.9,1.94,1.9,1.93,799200,NaN,NaN,NaN,NaN,NaN,NaN,NaN
1645578000,1.91,1.92,1.9,1.9,473300,NaN,NaN,NaN,NaN,NaN,NaN,NaN
1645664400,1.9,1.91,1.85,1.86,1426400,NaN,NaN,NaN,NaN,NaN,NaN,NaN
1645750800,1.88,1.91,1.85,1.87,1555200,NaN,NaN,NaN,NaN,NaN,NaN,NaN
1646010000,1.88,1.9,1.86,1.89,773900,NaN,NaN,NaN,NaN,NaN,NaN,NaN
1646096400,1.89,1.89,1.87,1.87,353500,NaN,NaN,NaN,NaN,NaN,NaN,NaN
1646182800,1.89,1.89,1.81,1.83,2382200,NaN,NaN,NaN,NaN,NaN,NaN,NaN
1646269200,1.83,1.85,1.81,1.82,2566700,NaN,NaN,NaN,NaN,NaN,NaN,NaN
1646355600,1.83,1.84,1.81,1.82,843000,NaN,NaN,NaN,NaN,NaN,NaN,NaN
1646614800,1.82,1.82,1.79,1.8,1387700,NaN,NaN,NaN,NaN,NaN,NaN,NaN
1646701200,1.8,1.81,1.79,1.79,1094800,NaN,NaN,NaN,NaN,NaN,NaN,NaN
1646787600,1.81,1.85,1.79,1.81,1199500,NaN,NaN,NaN,NaN,NaN,NaN,NaN
1646874000,1.8,1.81,1.79,1.8,861700,NaN,NaN,NaN,NaN,NaN,NaN,NaN
1646960400,1.8,1.8,1.77,1.78,729400,NaN,NaN,NaN,NaN,NaN,NaN,NaN
1647219600,1.77,1.81,1.75,1.77,2390400,NaN,NaN,NaN,NaN,NaN,NaN,NaN
1647306000,1.77,1.79,1.76,1.77,772200,NaN,NaN,NaN,NaN,NaN,NaN,NaN
1647392400,1.77,1.8,1.75,1.76,2144100,NaN,NaN,NaN,NaN,NaN,NaN,NaN
1647478800,1.76,1.78,1.74,1.76,2490000,NaN,NaN,NaN,NaN,NaN,NaN,NaN
1647565200,1.76,1.8,1.71,1.71,22397700,NaN,NaN,NaN,NaN,NaN,NaN,NaN
1647824400,1.73,1.75,1.71,1.73,3400700,NaN,NaN,NaN,NaN,NaN,NaN,NaN
1647910800,1.73,1.75,1.72,1.73,1644900,NaN,NaN,NaN,NaN,NaN,NaN,NaN
1647997200,1.73,1.74,1.71,1.72,2481400,NaN,NaN,NaN,NaN,NaN,NaN,NaN
1648083600,1.72,1.77,1.71,1.77,1024400,NaN,NaN,NaN,NaN,NaN,NaN,NaN
1648170000,1.77,1.78,1.77,1.78,626900,NaN,NaN,NaN,NaN,NaN,NaN,NaN
1648429200,1.79,1.82,1.78,1.81,1011400,NaN,NaN,NaN,NaN,NaN,NaN,NaN
1648515600,1.81,1.82,1.79,1.81,256900,NaN,NaN,NaN,NaN,NaN,NaN,NaN
1648602000,1.81,1.81,1.78,1.8,405600,NaN,NaN,NaN,NaN,NaN,NaN,NaN
1648688400,1.8,1.82,1.79,1.82,528200,1437178945,3519794000,1140364000,68446000,501042000,2357893000,1.37362637362637
1648774800,1.82,1.82,1.8,1.8,258400,NaN,NaN,NaN,NaN,NaN,NaN,NaN
1649034000,1.82,1.82,1.77,1.78,1156600,NaN,NaN,NaN,NaN,NaN,NaN,NaN
1649120400,1.78,1.82,1.78,1.81,1016100,NaN,NaN,NaN,NaN,NaN,NaN,NaN
1649206800,1.8,1.84,1.8,1.84,1073700,NaN,NaN,NaN,NaN,NaN,NaN,NaN
1649293200,1.83,1.89,1.82,1.86,1284800,NaN,NaN,NaN,NaN,NaN,NaN,NaN
1649379600,1.87,1.87,1.85,1.86,380800,NaN,NaN,NaN,NaN,NaN,NaN,NaN
1649638800,1.86,1.88,1.85,1.87,1361000,NaN,NaN,NaN,NaN,NaN,NaN,NaN
1649725200,1.87,1.87,1.85,1.87,608700,NaN,NaN,NaN,NaN,NaN,NaN,NaN
1649811600,1.87,1.87,1.85,1.87,222400,NaN,NaN,NaN,NaN,NaN,NaN,NaN
1649898000,1.87,1.87,1.85,1.86,252700,NaN,NaN,NaN,NaN,NaN,NaN,NaN
1649984400,1.86,1.86,1.85,1.85,91800,NaN,NaN,NaN,NaN,NaN,NaN,NaN
1650243600,1.86,1.87,1.85,1.86,448800,NaN,NaN,NaN,NaN,NaN,NaN,NaN
1650416400,1.86,1.88,1.86,1.87,195500,NaN,NaN,NaN,NaN,NaN,NaN,NaN
1650502800,1.87,1.88,1.85,1.85,218500,NaN,NaN,NaN,NaN,NaN,NaN,NaN
1650589200,1.86,1.86,1.85,1.85,460900,NaN,NaN,NaN,NaN,NaN,NaN,NaN
1650848400,1.85,1.85,1.82,1.84,813800,NaN,NaN,NaN,NaN,NaN,NaN,NaN
1650934800,1.84,1.85,1.81,1.83,315700,NaN,NaN,NaN,NaN,NaN,NaN,NaN
1651021200,1.83,1.83,1.8,1.81,379400,NaN,NaN,NaN,NaN,NaN,NaN,NaN
1651107600,1.81,1.82,1.81,1.81,215700,NaN,NaN,NaN,NaN,NaN,NaN,NaN
1651194000,1.83,1.84,1.81,1.81,754400,NaN,NaN,NaN,NaN,NaN,NaN,NaN
1651712400,1.81,1.83,1.8,1.81,588300,NaN,NaN,NaN,NaN,NaN,NaN,NaN
1651798800,1.8,1.81,1.78,1.79,342300,NaN,NaN,NaN,NaN,NaN,NaN,NaN
1652058000,1.79,1.79,1.78,1.78,214600,NaN,NaN,NaN,NaN,NaN,NaN,NaN
1652144400,1.78,1.8,1.76,1.78,220000,NaN,NaN,NaN,NaN,NaN,NaN,NaN
1652230800,1.79,1.81,1.78,1.8,252500,NaN,NaN,NaN,NaN,NaN,NaN,NaN
1652317200,1.8,1.8,1.77,1.77,394400,NaN,NaN,NaN,NaN,NaN,NaN,NaN
1652403600,1.79,1.79,1.77,1.78,385100,NaN,NaN,NaN,NaN,NaN,NaN,NaN
1652749200,1.8,1.81,1.78,1.79,271500,NaN,NaN,NaN,NaN,NaN,NaN,NaN
1652835600,1.8,1.81,1.79,1.8,356800,NaN,NaN,NaN,NaN,NaN,NaN,NaN
1652922000,1.79,1.81,1.78,1.81,217800,NaN,NaN,NaN,NaN,NaN,NaN,NaN
1653008400,1.84,1.84,1.79,1.8,555100,NaN,NaN,NaN,NaN,NaN,NaN,NaN
1653267600,1.8,1.8,1.76,1.76,865400,NaN,NaN,NaN,NaN,NaN,NaN,NaN
1653354000,1.77,1.78,1.75,1.75,753100,NaN,NaN,NaN,NaN,NaN,NaN,NaN
1653440400,1.75,1.76,1.74,1.75,638200,NaN,NaN,NaN,NaN,NaN,NaN,NaN
1653526800,1.76,1.76,1.75,1.76,88000,NaN,NaN,NaN,NaN,NaN,NaN,NaN
1653613200,1.77,1.77,1.75,1.76,108700,NaN,NaN,NaN,NaN,NaN,NaN,NaN
1653872400,1.75,1.76,1.74,1.75,132800,NaN,NaN,NaN,NaN,NaN,NaN,NaN
1653958800,1.76,1.76,1.74,1.75,661100,NaN,NaN,NaN,NaN,NaN,NaN,NaN
1654045200,1.75,1.79,1.75,1.77,275300,NaN,NaN,NaN,NaN,NaN,NaN,NaN
1654131600,1.78,1.78,1.77,1.77,258000,NaN,NaN,NaN,NaN,NaN,NaN,NaN
1654218000,1.77,1.79,1.77,1.77,215400,NaN,NaN,NaN,NaN,NaN,NaN,NaN
1654563600,1.77,1.79,1.77,1.79,158900,NaN,NaN,NaN,NaN,NaN,NaN,NaN
1654650000,1.79,1.79,1.72,1.76,926300,NaN,NaN,NaN,NaN,NaN,NaN,NaN
1654736400,1.77,1.77,1.74,1.76,170100,NaN,NaN,NaN,NaN,NaN,NaN,NaN
1654822800,1.75,1.76,1.74,1.74,267300,NaN,NaN,NaN,NaN,NaN,NaN,NaN
1655082000,1.74,1.74,1.7,1.71,778300,NaN,NaN,NaN,NaN,NaN,NaN,NaN
1655168400,1.7,1.72,1.68,1.71,554700,NaN,NaN,NaN,NaN,NaN,NaN,NaN
1655254800,1.72,1.72,1.68,1.69,527300,NaN,NaN,NaN,NaN,NaN,NaN,NaN
1655341200,1.7,1.7,1.66,1.67,584500,NaN,NaN,NaN,NaN,NaN,NaN,NaN
1655427600,1.66,1.66,1.63,1.64,982700,NaN,NaN,NaN,NaN,NaN,NaN,NaN
1655686800,1.64,1.64,1.61,1.62,550100,NaN,NaN,NaN,NaN,NaN,NaN,NaN
1655773200,1.63,1.65,1.62,1.64,569400,NaN,NaN,NaN,NaN,NaN,NaN,NaN
1655859600,1.65,1.66,1.64,1.64,406400,NaN,NaN,NaN,NaN,NaN,NaN,NaN
1655946000,1.64,1.65,1.63,1.63,270800,NaN,NaN,NaN,NaN,NaN,NaN,NaN
1656032400,1.64,1.67,1.64,1.67,83100,NaN,NaN,NaN,NaN,NaN,NaN,NaN
1656291600,1.67,1.68,1.65,1.65,84400,NaN,NaN,NaN,NaN,NaN,NaN,NaN
1656378000,1.65,1.67,1.65,1.67,65500,NaN,NaN,NaN,NaN,NaN,NaN,NaN
1656464400,1.66,1.67,1.65,1.66,151800,NaN,NaN,NaN,NaN,NaN,NaN,NaN
1656550800,1.67,1.67,1.64,1.67,356000,1437178945,3546701000,1155152000,69994000,482144000,2369817000,2.39520958083832
1656637200,1.67,1.67,1.65,1.66,42400,NaN,NaN,NaN,NaN,NaN,NaN,NaN
1656896400,1.67,1.68,1.65,1.66,91500,NaN,NaN,NaN,NaN,NaN,NaN,NaN
1656982800,1.66,1.66,1.65,1.65,8000,NaN,NaN,NaN,NaN,NaN,NaN,NaN
1657069200,1.65,1.65,1.64,1.64,66200,NaN,NaN,NaN,NaN,NaN,NaN,NaN
1657155600,1.64,1.66,1.64,1.66,117400,NaN,NaN,NaN,NaN,NaN,NaN,NaN
1657242000,1.65,1.66,1.64,1.65,87400,NaN,NaN,NaN,NaN,NaN,NaN,NaN
1657587600,1.65,1.66,1.63,1.65,577400,NaN,NaN,NaN,NaN,NaN,NaN,NaN
1657674000,1.63,1.65,1.63,1.63,62300,NaN,NaN,NaN,NaN,NaN,NaN,NaN
1657760400,1.63,1.64,1.62,1.63,132900,NaN,NaN,NaN,NaN,NaN,NaN,NaN
1657846800,1.63,1.66,1.63,1.66,78200,NaN,NaN,NaN,NaN,NaN,NaN,NaN
1658106000,1.65,1.65,1.62,1.65,264600,NaN,NaN,NaN,NaN,NaN,NaN,NaN
1658192400,1.63,1.64,1.61,1.62,490400,NaN,NaN,NaN,NaN,NaN,NaN,NaN
1658278800,1.62,1.66,1.61,1.66,504600,NaN,NaN,NaN,NaN,NaN,NaN,NaN
1658365200,1.65,1.65,1.63,1.64,405600,NaN,NaN,NaN,NaN,NaN,NaN,NaN
1658451600,1.64,1.64,1.6,1.62,2163700,NaN,NaN,NaN,NaN,NaN,NaN,NaN
1658710800,1.62,1.63,1.62,1.62,311000,NaN,NaN,NaN,NaN,NaN,NaN,NaN
1658797200,1.62,1.63,1.61,1.61,389000,NaN,NaN,NaN,NaN,NaN,NaN,NaN
1658883600,1.63,1.64,1.62,1.64,371500,NaN,NaN,NaN,NaN,NaN,NaN,NaN
1658970000,1.64,1.65,1.63,1.63,762600,NaN,NaN,NaN,NaN,NaN,NaN,NaN
1659056400,1.64,1.7,1.63,1.66,1285700,NaN,NaN,NaN,NaN,NaN,NaN,NaN
1659315600,1.66,1.69,1.64,1.69,855400,NaN,NaN,NaN,NaN,NaN,NaN,NaN
1659402000,1.68,1.68,1.66,1.68,193300,NaN,NaN,NaN,NaN,NaN,NaN,NaN
1659488400,1.67,1.67,1.66,1.66,131900,NaN,NaN,NaN,NaN,NaN,NaN,NaN
1659574800,1.67,1.72,1.67,1.7,931900,NaN,NaN,NaN,NaN,NaN,NaN,NaN
1659661200,1.69,1.71,1.68,1.69,86300,NaN,NaN,NaN,NaN,NaN,NaN,NaN
1659920400,1.69,1.73,1.68,1.73,649900,NaN,NaN,NaN,NaN,NaN,NaN,NaN
1660006800,1.71,1.73,1.7,1.71,199400,NaN,NaN,NaN,NaN,NaN,NaN,NaN
1660093200,1.71,1.71,1.68,1.68,237200,NaN,NaN,NaN,NaN,NaN,NaN,NaN
1660179600,1.69,1.7,1.69,1.7,53400,NaN,NaN,NaN,NaN,NaN,NaN,NaN
1660266000,1.7,1.7,1.67,1.68,466000,NaN,NaN,NaN,NaN,NaN,NaN,NaN
1660525200,1.68,1.69,1.67,1.68,72300,NaN,NaN,NaN,NaN,NaN,NaN,NaN
1660611600,1.68,1.68,1.66,1.68,273800,NaN,NaN,NaN,NaN,NaN,NaN,NaN
1660698000,1.67,1.68,1.67,1.68,340300,NaN,NaN,NaN,NaN,NaN,NaN,NaN
1660784400,1.68,1.68,1.66,1.66,210500,NaN,NaN,NaN,NaN,NaN,NaN,NaN
1660870800,1.69,1.71,1.66,1.66,1849900,NaN,NaN,NaN,NaN,NaN,NaN,NaN
1661130000,1.66,1.66,1.62,1.63,1100300,NaN,NaN,NaN,NaN,NaN,NaN,NaN
1661216400,1.64,1.64,1.62,1.64,349100,NaN,NaN,NaN,NaN,NaN,NaN,NaN
1661302800,1.64,1.65,1.63,1.63,294100,NaN,NaN,NaN,NaN,NaN,NaN,NaN
1661389200,1.64,1.65,1.63,1.64,190500,NaN,NaN,NaN,NaN,NaN,NaN,NaN
1661475600,1.64,1.65,1.63,1.65,325500,NaN,NaN,NaN,NaN,NaN,NaN,NaN
1661734800,1.64,1.64,1.6,1.62,433900,NaN,NaN,NaN,NaN,NaN,NaN,NaN
1661821200,1.63,1.64,1.62,1.63,279100,NaN,NaN,NaN,NaN,NaN,NaN,NaN
1661994000,1.63,1.63,1.61,1.61,399300,NaN,NaN,NaN,NaN,NaN,NaN,NaN
1662080400,1.63,1.63,1.61,1.62,317900,NaN,NaN,NaN,NaN,NaN,NaN,NaN
1662339600,1.61,1.62,1.61,1.61,361100,NaN,NaN,NaN,NaN,NaN,NaN,NaN
1662426000,1.62,1.63,1.61,1.62,385700,NaN,NaN,NaN,NaN,NaN,NaN,NaN
1662512400,1.63,1.64,1.61,1.63,356000,NaN,NaN,NaN,NaN,NaN,NaN,NaN
1662598800,1.63,1.63,1.61,1.62,433600,NaN,NaN,NaN,NaN,NaN,NaN,NaN
1662685200,1.62,1.63,1.61,1.62,230400,NaN,NaN,NaN,NaN,NaN,NaN,NaN
1662944400,1.63,1.63,1.61,1.62,370400,NaN,NaN,NaN,NaN,NaN,NaN,NaN
1663030800,1.62,1.63,1.61,1.62,290100,NaN,NaN,NaN,NaN,NaN,NaN,NaN
1663117200,1.6,1.6,1.56,1.57,2413500,NaN,NaN,NaN,NaN,NaN,NaN,NaN
1663203600,1.57,1.58,1.57,1.57,685300,NaN,NaN,NaN,NaN,NaN,NaN,NaN
1663549200,1.57,1.57,1.54,1.54,810400,NaN,NaN,NaN,NaN,NaN,NaN,NaN
1663635600,1.54,1.56,1.54,1.54,368000,NaN,NaN,NaN,NaN,NaN,NaN,NaN
1663722000,1.54,1.55,1.52,1.52,389200,NaN,NaN,NaN,NaN,NaN,NaN,NaN
1663808400,1.52,1.53,1.51,1.52,343800,NaN,NaN,NaN,NaN,NaN,NaN,NaN
1663894800,1.53,1.53,1.49,1.5,778800,NaN,NaN,NaN,NaN,NaN,NaN,NaN
1664154000,1.5,1.5,1.46,1.47,755500,NaN,NaN,NaN,NaN,NaN,NaN,NaN
1664240400,1.46,1.47,1.43,1.45,1486700,NaN,NaN,NaN,NaN,NaN,NaN,NaN
1664326800,1.45,1.46,1.42,1.42,459200,NaN,NaN,NaN,NaN,NaN,NaN,NaN
1664413200,1.43,1.44,1.37,1.38,1065700,NaN,NaN,NaN,NaN,NaN,NaN,NaN
1664499600,1.37,1.42,1.37,1.42,923900,1437178945,3494007000,1105275000,69165000,509020000,2368173000,3.52112676056338
1664758800,1.4,1.42,1.4,1.41,341000,NaN,NaN,NaN,NaN,NaN,NaN,NaN
1664845200,1.41,1.43,1.41,1.42,276400,NaN,NaN,NaN,NaN,NaN,NaN,NaN
1664931600,1.42,1.46,1.41,1.45,764500,NaN,NaN,NaN,NaN,NaN,NaN,NaN
1665018000,1.47,1.51,1.44,1.5,532900,NaN,NaN,NaN,NaN,NaN,NaN,NaN
1665104400,1.51,1.51,1.45,1.47,242600,NaN,NaN,NaN,NaN,NaN,NaN,NaN
1665450000,1.45,1.46,1.42,1.45,174000,NaN,NaN,NaN,NaN,NaN,NaN,NaN
1665536400,1.44,1.45,1.42,1.43,98600,NaN,NaN,NaN,NaN,NaN,NaN,NaN
1665622800,1.43,1.44,1.42,1.42,153900,NaN,NaN,NaN,NaN,NaN,NaN,NaN
1665709200,1.44,1.44,1.41,1.42,189500,NaN,NaN,NaN,NaN,NaN,NaN,NaN
1665968400,1.42,1.44,1.42,1.42,96400,NaN,NaN,NaN,NaN,NaN,NaN,NaN
1666054800,1.42,1.44,1.41,1.44,236900,NaN,NaN,NaN,NaN,NaN,NaN,NaN
1666141200,1.44,1.44,1.43,1.43,119000,NaN,NaN,NaN,NaN,NaN,NaN,NaN
1666227600,1.43,1.43,1.4,1.41,648600,NaN,NaN,NaN,NaN,NaN,NaN,NaN
1666314000,1.41,1.49,1.41,1.47,629900,NaN,NaN,NaN,NaN,NaN,NaN,NaN
1666659600,1.45,1.51,1.44,1.5,277000,NaN,NaN,NaN,NaN,NaN,NaN,NaN
1666746000,1.5,1.57,1.48,1.56,960200,NaN,NaN,NaN,NaN,NaN,NaN,NaN
1666832400,1.55,1.59,1.54,1.59,431900,NaN,NaN,NaN,NaN,NaN,NaN,NaN
1666918800,1.58,1.58,1.55,1.58,303100,NaN,NaN,NaN,NaN,NaN,NaN,NaN
1667178000,1.57,1.57,1.54,1.57,247300,NaN,NaN,NaN,NaN,NaN,NaN,NaN
1667264400,1.56,1.56,1.52,1.52,150300,NaN,NaN,NaN,NaN,NaN,NaN,NaN
1667350800,1.52,1.57,1.52,1.56,356700,NaN,NaN,NaN,NaN,NaN,NaN,NaN
1667437200,1.56,1.56,1.49,1.49,253600,NaN,NaN,NaN,NaN,NaN,NaN,NaN
1667523600,1.49,1.51,1.49,1.49,227300,NaN,NaN,NaN,NaN,NaN,NaN,NaN
1667782800,1.49,1.52,1.49,1.52,264200,NaN,NaN,NaN,NaN,NaN,NaN,NaN
1667869200,1.51,1.51,1.49,1.49,95500,NaN,NaN,NaN,NaN,NaN,NaN,NaN
1667955600,1.49,1.51,1.49,1.5,285000,NaN,NaN,NaN,NaN,NaN,NaN,NaN
1668042000,1.5,1.5,1.48,1.49,178300,NaN,NaN,NaN,NaN,NaN,NaN,NaN
1668128400,1.5,1.51,1.49,1.49,457500,NaN,NaN,NaN,NaN,NaN,NaN,NaN
1668387600,1.5,1.5,1.49,1.5,247200,NaN,NaN,NaN,NaN,NaN,NaN,NaN
1668474000,1.5,1.52,1.49,1.52,197800,NaN,NaN,NaN,NaN,NaN,NaN,NaN
1668560400,1.52,1.52,1.48,1.49,428900,NaN,NaN,NaN,NaN,NaN,NaN,NaN
1668646800,1.49,1.5,1.48,1.49,189500,NaN,NaN,NaN,NaN,NaN,NaN,NaN
1668992400,1.38,1.4,1.32,1.36,33855900,NaN,NaN,NaN,NaN,NaN,NaN,NaN
1669078800,1.37,1.39,1.3,1.35,14660400,NaN,NaN,NaN,NaN,NaN,NaN,NaN
1669165200,1.35,1.35,1.29,1.29,9949900,NaN,NaN,NaN,NaN,NaN,NaN,NaN
1669251600,1.37,1.44,1.36,1.41,24802400,NaN,NaN,NaN,NaN,NaN,NaN,NaN
1669338000,1.41,1.42,1.37,1.38,4141400,NaN,NaN,NaN,NaN,NaN,NaN,NaN
1669683600,1.38,1.39,1.36,1.36,2395200,NaN,NaN,NaN,NaN,NaN,NaN,NaN
1669770000,1.36,1.39,1.34,1.34,4184600,NaN,NaN,NaN,NaN,NaN,NaN,NaN
1669856400,1.35,1.37,1.34,1.35,3562200,NaN,NaN,NaN,NaN,NaN,NaN,NaN
1669942800,1.35,1.36,1.34,1.36,1526200,NaN,NaN,NaN,NaN,NaN,NaN,NaN
1670202000,1.36,1.36,1.29,1.29,6197900,NaN,NaN,NaN,NaN,NaN,NaN,NaN
1670288400,1.29,1.32,1.29,1.31,5186900,NaN,NaN,NaN,NaN,NaN,NaN,NaN
1670374800,1.31,1.32,1.29,1.31,3255600,NaN,NaN,NaN,NaN,NaN,NaN,NaN
1670461200,1.31,1.31,1.29,1.3,1259400,NaN,NaN,NaN,NaN,NaN,NaN,NaN
1670547600,1.3,1.31,1.29,1.31,772000,NaN,NaN,NaN,NaN,NaN,NaN,NaN
1670806800,1.31,1.31,1.3,1.3,438500,NaN,NaN,NaN,NaN,NaN,NaN,NaN
1670893200,1.31,1.32,1.3,1.31,762300,NaN,NaN,NaN,NaN,NaN,NaN,NaN
1670979600,1.32,1.33,1.31,1.32,593800,NaN,NaN,NaN,NaN,NaN,NaN,NaN
1671066000,1.31,1.32,1.3,1.3,440400,NaN,NaN,NaN,NaN,NaN,NaN,NaN
1671152400,1.3,1.31,1.3,1.3,392700,NaN,NaN,NaN,NaN,NaN,NaN,NaN
1671411600,1.3,1.3,1.29,1.3,511900,NaN,NaN,NaN,NaN,NaN,NaN,NaN
1671498000,1.3,1.3,1.29,1.3,355100,NaN,NaN,NaN,NaN,NaN,NaN,NaN
1671584400,1.3,1.32,1.3,1.3,571900,NaN,NaN,NaN,NaN,NaN,NaN,NaN
1671670800,1.3,1.32,1.3,1.3,588000,NaN,NaN,NaN,NaN,NaN,NaN,NaN
1671757200,1.3,1.31,1.3,1.3,655000,NaN,NaN,NaN,NaN,NaN,NaN,NaN
1672102800,1.3,1.32,1.3,1.3,1586200,NaN,NaN,NaN,NaN,NaN,NaN,NaN
1672189200,1.3,1.3,1.28,1.29,1163500,NaN,NaN,NaN,NaN,NaN,NaN,NaN
1672275600,1.29,1.3,1.28,1.29,666000,NaN,NaN,NaN,NaN,NaN,NaN,NaN
1672362000,1.29,1.31,1.28,1.29,754200,1437178945,3514198000,1102621000,67109000,538894000,2391311000,3.87596899224806
1672707600,1.29,1.29,1.25,1.26,2198400,NaN,NaN,NaN,NaN,NaN,NaN,NaN
1672794000,1.26,1.27,1.25,1.26,1005200,NaN,NaN,NaN,NaN,NaN,NaN,NaN
1672880400,1.26,1.29,1.26,1.27,978800,NaN,NaN,NaN,NaN,NaN,NaN,NaN
1672966800,1.27,1.28,1.26,1.26,537000,NaN,NaN,NaN,NaN,NaN,NaN,NaN
1673226000,1.26,1.28,1.26,1.27,828900,NaN,NaN,NaN,NaN,NaN,NaN,NaN
1673312400,1.27,1.28,1.26,1.27,339600,NaN,NaN,NaN,NaN,NaN,NaN,NaN
1673398800,1.27,1.28,1.26,1.28,682600,NaN,NaN,NaN,NaN,NaN,NaN,NaN
1673485200,1.27,1.29,1.27,1.27,687000,NaN,NaN,NaN,NaN,NaN,NaN,NaN
1673571600,1.28,1.29,1.27,1.29,362900,NaN,NaN,NaN,NaN,NaN,NaN,NaN
1673830800,1.29,1.29,1.27,1.27,381400,NaN,NaN,NaN,NaN,NaN,NaN,NaN
1673917200,1.27,1.28,1.27,1.28,442200,NaN,NaN,NaN,NaN,NaN,NaN,NaN
1674003600,1.27,1.28,1.26,1.27,729300,NaN,NaN,NaN,NaN,NaN,NaN,NaN
1674090000,1.27,1.29,1.26,1.28,394500,NaN,NaN,NaN,NaN,NaN,NaN,NaN
1674176400,1.29,1.29,1.28,1.29,164800,NaN,NaN,NaN,NaN,NaN,NaN,NaN
1674608400,1.3,1.3,1.28,1.29,472200,NaN,NaN,NaN,NaN,NaN,NaN,NaN
1674694800,1.29,1.31,1.29,1.3,454700,NaN,NaN,NaN,NaN,NaN,NaN,NaN
1674781200,1.3,1.32,1.3,1.32,619500,NaN,NaN,NaN,NaN,NaN,NaN,NaN
1675040400,1.32,1.36,1.32,1.34,1376100,NaN,NaN,NaN,NaN,NaN,NaN,NaN
1675126800,1.34,1.34,1.32,1.33,373800,NaN,NaN,NaN,NaN,NaN,NaN,NaN
1675299600,1.32,1.33,1.29,1.3,1026800,NaN,NaN,NaN,NaN,NaN,NaN,NaN
1675386000,1.3,1.31,1.29,1.31,658600,NaN,NaN,NaN,NaN,NaN,NaN,NaN
1675731600,1.31,1.31,1.28,1.3,548200,NaN,NaN,NaN,NaN,NaN,NaN,NaN
1675818000,1.29,1.3,1.28,1.3,270200,NaN,NaN,NaN,NaN,NaN,NaN,NaN
1675904400,1.3,1.3,1.27,1.29,580700,NaN,NaN,NaN,NaN,NaN,NaN,NaN
1675990800,1.29,1.29,1.27,1.28,350800,NaN,NaN,NaN,NaN,NaN,NaN,NaN
1676250000,1.27,1.28,1.26,1.28,765500,NaN,NaN,NaN,NaN,NaN,NaN,NaN
1676336400,1.27,1.28,1.26,1.27,618100,NaN,NaN,NaN,NaN,NaN,NaN,NaN
1676422800,1.27,1.28,1.25,1.26,1315200,NaN,NaN,NaN,NaN,NaN,NaN,NaN
1676509200,1.25,1.26,1.21,1.22,3058900,NaN,NaN,NaN,NaN,NaN,NaN,NaN
1676595600,1.23,1.24,1.21,1.22,1332600,NaN,NaN,NaN,NaN,NaN,NaN,NaN
1676854800,1.22,1.23,1.21,1.21,1418200,NaN,NaN,NaN,NaN,NaN,NaN,NaN
1676941200,1.22,1.24,1.17,1.19,2756000,NaN,NaN,NaN,NaN,NaN,NaN,NaN
1677027600,1.19,1.23,1.18,1.21,1528300,NaN,NaN,NaN,NaN,NaN,NaN,NaN
1677114000,1.21,1.23,1.2,1.22,813000,NaN,NaN,NaN,NaN,NaN,NaN,NaN
1677200400,1.21,1.22,1.2,1.21,897300,NaN,NaN,NaN,NaN,NaN,NaN,NaN
1677459600,1.21,1.21,1.19,1.21,798200,NaN,NaN,NaN,NaN,NaN,NaN,NaN
1677546000,1.2,1.22,1.2,1.2,782400,NaN,NaN,NaN,NaN,NaN,NaN,NaN
1677632400,1.24,1.24,1.21,1.23,1105300,NaN,NaN,NaN,NaN,NaN,NaN,NaN
1677718800,1.23,1.24,1.21,1.22,1973400,NaN,NaN,NaN,NaN,NaN,NaN,NaN
1677805200,1.22,1.22,1.21,1.21,399000,NaN,NaN,NaN,NaN,NaN,NaN,NaN
1678064400,1.21,1.23,1.2,1.21,2400400,NaN,NaN,NaN,NaN,NaN,NaN,NaN
1678150800,1.2,1.21,1.2,1.21,466300,NaN,NaN,NaN,NaN,NaN,NaN,NaN
1678237200,1.2,1.21,1.2,1.21,258300,NaN,NaN,NaN,NaN,NaN,NaN,NaN
1678323600,1.2,1.2,1.17,1.18,3292800,NaN,NaN,NaN,NaN,NaN,NaN,NaN
1678410000,1.18,1.18,1.16,1.18,1183800,NaN,NaN,NaN,NaN,NaN,NaN,NaN
1678669200,1.18,1.18,1.14,1.16,2069700,NaN,NaN,NaN,NaN,NaN,NaN,NaN
1678755600,1.16,1.16,1.1,1.1,2495400,NaN,NaN,NaN,NaN,NaN,NaN,NaN
1678842000,1.11,1.14,1.11,1.13,1522500,NaN,NaN,NaN,NaN,NaN,NaN,NaN
1678928400,1.12,1.12,1.08,1.09,1530700,NaN,NaN,NaN,NaN,NaN,NaN,NaN
1679014800,1.09,1.13,1.09,1.11,903700,NaN,NaN,NaN,NaN,NaN,NaN,NaN
1679274000,1.11,1.12,1.08,1.1,1699900,NaN,NaN,NaN,NaN,NaN,NaN,NaN
1679360400,1.1,1.11,1.08,1.09,1580500,NaN,NaN,NaN,NaN,NaN,NaN,NaN
1679446800,1.1,1.11,1.09,1.09,1202600,NaN,NaN,NaN,NaN,NaN,NaN,NaN
1679533200,1.1,1.11,1.08,1.09,1563900,NaN,NaN,NaN,NaN,NaN,NaN,NaN
1679619600,1.1,1.1,1.08,1.1,1135400,NaN,NaN,NaN,NaN,NaN,NaN,NaN
1679878800,1.1,1.11,1.08,1.09,815500,NaN,NaN,NaN,NaN,NaN,NaN,NaN
1679965200,1.09,1.11,1.09,1.09,470500,NaN,NaN,NaN,NaN,NaN,NaN,NaN
1680051600,1.1,1.12,1.1,1.11,661500,NaN,NaN,NaN,NaN,NaN,NaN,NaN
1680138000,1.12,1.14,1.12,1.14,629700,NaN,NaN,NaN,NaN,NaN,NaN,NaN
1680224400,1.14,1.15,1.13,1.14,322600,1437748654,3497366000,1091114000,56759000,546001000,2385637000,4.3859649122807
1680483600,1.14,1.14,1.13,1.14,510800,NaN,NaN,NaN,NaN,NaN,NaN,NaN
1680570000,1.14,1.15,1.12,1.13,452200,NaN,NaN,NaN,NaN,NaN,NaN,NaN
1680656400,1.12,1.14,1.12,1.12,438600,NaN,NaN,NaN,NaN,NaN,NaN,NaN
1680742800,1.12,1.12,1.11,1.11,313600,NaN,NaN,NaN,NaN,NaN,NaN,NaN
1680829200,1.12,1.12,1.1,1.11,741800,NaN,NaN,NaN,NaN,NaN,NaN,NaN
1681088400,1.11,1.12,1.1,1.12,446700,NaN,NaN,NaN,NaN,NaN,NaN,NaN
1681174800,1.12,1.13,1.11,1.12,179400,NaN,NaN,NaN,NaN,NaN,NaN,NaN
1681261200,1.12,1.14,1.12,1.12,289200,NaN,NaN,NaN,NaN,NaN,NaN,NaN
1681347600,1.13,1.14,1.12,1.12,284100,NaN,NaN,NaN,NaN,NaN,NaN,NaN
1681434000,1.13,1.13,1.11,1.11,464300,NaN,NaN,NaN,NaN,NaN,NaN,NaN
1681693200,1.11,1.12,1.1,1.11,205300,NaN,NaN,NaN,NaN,NaN,NaN,NaN
1681779600,1.11,1.12,1.1,1.11,509900,NaN,NaN,NaN,NaN,NaN,NaN,NaN
1681866000,1.12,1.12,1.1,1.1,796800,NaN,NaN,NaN,NaN,NaN,NaN,NaN
1681952400,1.1,1.11,1.1,1.11,316500,NaN,NaN,NaN,NaN,NaN,NaN,NaN
1682384400,1.11,1.12,1.11,1.11,157800,NaN,NaN,NaN,NaN,NaN,NaN,NaN
1682470800,1.11,1.12,1.1,1.11,307900,NaN,NaN,NaN,NaN,NaN,NaN,NaN
1682557200,1.11,1.11,1.1,1.1,173300,NaN,NaN,NaN,NaN,NaN,NaN,NaN
1682643600,1.1,1.11,1.1,1.11,296300,NaN,NaN,NaN,NaN,NaN,NaN,NaN
1682989200,1.12,1.13,1.07,1.08,3700500,NaN,NaN,NaN,NaN,NaN,NaN,NaN
1683075600,1.08,1.09,1.07,1.08,717200,NaN,NaN,NaN,NaN,NaN,NaN,NaN
1683248400,1.08,1.09,1.08,1.08,203700,NaN,NaN,NaN,NaN,NaN,NaN,NaN
1683507600,1.08,1.09,1.02,1.02,4201800,NaN,NaN,NaN,NaN,NaN,NaN,NaN
1683594000,1.03,1.05,1.01,1.03,1485200,NaN,NaN,NaN,NaN,NaN,NaN,NaN
1683680400,1.03,1.04,1.02,1.03,363800,NaN,NaN,NaN,NaN,NaN,NaN,NaN
1683766800,1.03,1.06,1.03,1.05,875400,NaN,NaN,NaN,NaN,NaN,NaN,NaN
1683853200,1.06,1.06,1.02,1.02,843000,NaN,NaN,NaN,NaN,NaN,NaN,NaN
1684112400,1.03,1.04,1.03,1.04,346400,NaN,NaN,NaN,NaN,NaN,NaN,NaN
1684198800,1.04,1.04,1.02,1.02,1064100,NaN,NaN,NaN,NaN,NaN,NaN,NaN
1684285200,1.02,1.03,1,1,2303400,NaN,NaN,NaN,NaN,NaN,NaN,NaN
1684371600,1.01,1.03,1,1.01,2027200,NaN,NaN,NaN,NaN,NaN,NaN,NaN
1684458000,1.01,1.03,1.01,1.02,1829200,NaN,NaN,NaN,NaN,NaN,NaN,NaN
1684717200,1.02,1.04,1.02,1.03,1148900,NaN,NaN,NaN,NaN,NaN,NaN,NaN
1684803600,1.03,1.04,1.02,1.03,597300,NaN,NaN,NaN,NaN,NaN,NaN,NaN
1684890000,1.03,1.03,1.01,1.01,1303400,NaN,NaN,NaN,NaN,NaN,NaN,NaN
1684976400,1.02,1.03,1.02,1.03,526600,NaN,NaN,NaN,NaN,NaN,NaN,NaN
1685062800,1.03,1.04,1.02,1.04,455400,NaN,NaN,NaN,NaN,NaN,NaN,NaN
1685322000,1.03,1.04,1.01,1.01,882500,NaN,NaN,NaN,NaN,NaN,NaN,NaN
1685408400,1.02,1.03,1.01,1.02,425600,NaN,NaN,NaN,NaN,NaN,NaN,NaN
1685494800,1.03,1.03,1.01,1.01,2694000,NaN,NaN,NaN,NaN,NaN,NaN,NaN
1685581200,1.01,1.03,1,1.03,1512700,NaN,NaN,NaN,NaN,NaN,NaN,NaN
1685667600,1.03,1.04,1.02,1.02,1366600,NaN,NaN,NaN,NaN,NaN,NaN,NaN
1686013200,1.02,1.03,1.02,1.03,1379400,NaN,NaN,NaN,NaN,NaN,NaN,NaN
1686099600,1.03,1.03,1.01,1.02,437700,NaN,NaN,NaN,NaN,NaN,NaN,NaN
1686186000,1.02,1.02,1.01,1.01,1266300,NaN,NaN,NaN,NaN,NaN,NaN,NaN
1686272400,1.02,1.02,1.01,1.01,831500,NaN,NaN,NaN,NaN,NaN,NaN,NaN
1686531600,1.02,1.03,1.01,1.02,438900,NaN,NaN,NaN,NaN,NaN,NaN,NaN
1686618000,1.02,1.03,1.01,1.02,494100,NaN,NaN,NaN,NaN,NaN,NaN,NaN
1686704400,1.02,1.03,1.01,1.01,609200,NaN,NaN,NaN,NaN,NaN,NaN,NaN
1686790800,1.01,1.03,1,1.02,2206200,NaN,NaN,NaN,NaN,NaN,NaN,NaN
1686877200,1.02,1.02,1,1,2454600,NaN,NaN,NaN,NaN,NaN,NaN,NaN
1687136400,1.01,1.02,1,1,1159300,NaN,NaN,NaN,NaN,NaN,NaN,NaN
1687222800,1.01,1.02,1,1.02,576400,NaN,NaN,NaN,NaN,NaN,NaN,NaN
1687309200,1.01,1.02,1,1.01,1221700,NaN,NaN,NaN,NaN,NaN,NaN,NaN
1687395600,1.01,1.02,1,1.01,1111500,NaN,NaN,NaN,NaN,NaN,NaN,NaN
1687482000,1,1.01,1,1,721000,NaN,NaN,NaN,NaN,NaN,NaN,NaN
1687741200,1,1.01,1,1,1080800,NaN,NaN,NaN,NaN,NaN,NaN,NaN
1687827600,1.01,1.01,1,1.01,680000,NaN,NaN,NaN,NaN,NaN,NaN,NaN
1687914000,1.01,1.01,0.995,0.995,2477800,NaN,NaN,NaN,NaN,NaN,NaN,NaN
1688086800,0.995,1,0.995,0.995,812800,1437748654,3543851000,1108089000,84968000,537108000,2414806000,5.52763819095477
1688346000,1,1.02,1,1.02,1336100,NaN,NaN,NaN,NaN,NaN,NaN,NaN
1688432400,1.02,1.02,1,1.02,922100,NaN,NaN,NaN,NaN,NaN,NaN,NaN
1688518800,1.02,1.02,1,1.02,396300,NaN,NaN,NaN,NaN,NaN,NaN,NaN
1688605200,1.02,1.02,1.01,1.02,741700,NaN,NaN,NaN,NaN,NaN,NaN,NaN
1688691600,1.01,1.02,1,1,1157600,NaN,NaN,NaN,NaN,NaN,NaN,NaN
1688950800,1,1.02,1,1.01,763800,NaN,NaN,NaN,NaN,NaN,NaN,NaN
1689037200,1.01,1.03,1.01,1.02,489200,NaN,NaN,NaN,NaN,NaN,NaN,NaN
1689123600,1.02,1.07,1.02,1.06,1947100,NaN,NaN,NaN,NaN,NaN,NaN,NaN
1689210000,1.06,1.07,1.04,1.04,740500,NaN,NaN,NaN,NaN,NaN,NaN,NaN
1689296400,1.05,1.09,1.05,1.08,1695600,NaN,NaN,NaN,NaN,NaN,NaN,NaN
1689555600,1.08,1.11,1.07,1.1,2430000,NaN,NaN,NaN,NaN,NaN,NaN,NaN
1689642000,1.1,1.12,1.09,1.1,1564500,NaN,NaN,NaN,NaN,NaN,NaN,NaN
1689814800,1.1,1.11,1.08,1.09,1022100,NaN,NaN,NaN,NaN,NaN,NaN,NaN
1689901200,1.09,1.09,1.07,1.08,787400,NaN,NaN,NaN,NaN,NaN,NaN,NaN
1690160400,1.08,1.09,1.06,1.07,801500,NaN,NaN,NaN,NaN,NaN,NaN,NaN
1690246800,1.07,1.09,1.07,1.08,454800,NaN,NaN,NaN,NaN,NaN,NaN,NaN
1690333200,1.07,1.09,1.07,1.07,739500,NaN,NaN,NaN,NaN,NaN,NaN,NaN
1690419600,1.07,1.09,1.07,1.08,471900,NaN,NaN,NaN,NaN,NaN,NaN,NaN
1690506000,1.08,1.1,1.08,1.08,595600,NaN,NaN,NaN,NaN,NaN,NaN,NaN
1690765200,1.09,1.11,1.09,1.1,1420300,NaN,NaN,NaN,NaN,NaN,NaN,NaN
1690851600,1.1,1.11,1.07,1.08,1124500,NaN,NaN,NaN,NaN,NaN,NaN,NaN
1690938000,1.08,1.08,1.06,1.06,1525200,NaN,NaN,NaN,NaN,NaN,NaN,NaN
1691024400,1.06,1.07,1.06,1.07,634200,NaN,NaN,NaN,NaN,NaN,NaN,NaN
1691110800,1.07,1.09,1.06,1.09,433800,NaN,NaN,NaN,NaN,NaN,NaN,NaN
1691370000,1.09,1.1,1.07,1.08,741900,NaN,NaN,NaN,NaN,NaN,NaN,NaN
1691456400,1.09,1.11,1.08,1.1,927100,NaN,NaN,NaN,NaN,NaN,NaN,NaN
1691542800,1.1,1.11,1.09,1.11,1527300,NaN,NaN,NaN,NaN,NaN,NaN,NaN
1691629200,1.11,1.12,1.1,1.11,3056000,NaN,NaN,NaN,NaN,NaN,NaN,NaN
1691715600,1.11,1.18,1.11,1.17,6668500,NaN,NaN,NaN,NaN,NaN,NaN,NaN
1691974800,1.2,1.2,1.13,1.14,5014300,NaN,NaN,NaN,NaN,NaN,NaN,NaN
1692061200,1.15,1.2,1.15,1.17,3678900,NaN,NaN,NaN,NaN,NaN,NaN,NaN
1692147600,1.16,1.18,1.16,1.17,1211700,NaN,NaN,NaN,NaN,NaN,NaN,NaN
1692234000,1.16,1.17,1.13,1.15,2284800,NaN,NaN,NaN,NaN,NaN,NaN,NaN
1692320400,1.19,1.19,1.15,1.16,3474000,NaN,NaN,NaN,NaN,NaN,NaN,NaN
1692579600,1.17,1.18,1.16,1.17,1774800,NaN,NaN,NaN,NaN,NaN,NaN,NaN
1692666000,1.17,1.18,1.16,1.16,1680700,NaN,NaN,NaN,NaN,NaN,NaN,NaN
1692752400,1.16,1.22,1.16,1.21,4159300,NaN,NaN,NaN,NaN,NaN,NaN,NaN
1692838800,1.21,1.24,1.2,1.21,3241300,NaN,NaN,NaN,NaN,NaN,NaN,NaN
1692925200,1.21,1.22,1.2,1.22,1080000,NaN,NaN,NaN,NaN,NaN,NaN,NaN
1693184400,1.22,1.22,1.19,1.21,3477000,NaN,NaN,NaN,NaN,NaN,NaN,NaN
1693270800,1.21,1.21,1.19,1.21,893200,NaN,NaN,NaN,NaN,NaN,NaN,NaN
1693357200,1.21,1.21,1.19,1.19,1597600,NaN,NaN,NaN,NaN,NaN,NaN,NaN
1693530000,1.18,1.19,1.16,1.18,1303300,NaN,NaN,NaN,NaN,NaN,NaN,NaN
1693789200,1.18,1.18,1.16,1.16,1218700,NaN,NaN,NaN,NaN,NaN,NaN,NaN
1693875600,1.16,1.17,1.15,1.16,1239200,NaN,NaN,NaN,NaN,NaN,NaN,NaN
1693962000,1.15,1.16,1.14,1.14,1316900,NaN,NaN,NaN,NaN,NaN,NaN,NaN
1694048400,1.14,1.15,1.13,1.14,1231800,NaN,NaN,NaN,NaN,NaN,NaN,NaN
1694134800,1.14,1.17,1.13,1.16,1020200,NaN,NaN,NaN,NaN,NaN,NaN,NaN
1694394000,1.16,1.16,1.13,1.14,796500,NaN,NaN,NaN,NaN,NaN,NaN,NaN
1694480400,1.14,1.14,1.12,1.13,811800,NaN,NaN,NaN,NaN,NaN,NaN,NaN
1694566800,1.12,1.16,1.1,1.14,2107900,NaN,NaN,NaN,NaN,NaN,NaN,NaN
1694653200,1.14,1.14,1.12,1.12,853300,NaN,NaN,NaN,NaN,NaN,NaN,NaN
1694739600,1.12,1.15,1.12,1.12,1026900,NaN,NaN,NaN,NaN,NaN,NaN,NaN
1694998800,1.12,1.14,1.11,1.13,1410300,NaN,NaN,NaN,NaN,NaN,NaN,NaN
1695085200,1.14,1.14,1.12,1.13,301600,NaN,NaN,NaN,NaN,NaN,NaN,NaN
1695171600,1.13,1.14,1.12,1.13,763900,NaN,NaN,NaN,NaN,NaN,NaN,NaN
1695258000,1.14,1.16,1.13,1.14,1102500,NaN,NaN,NaN,NaN,NaN,NaN,NaN
1695344400,1.14,1.14,1.12,1.14,750700,NaN,NaN,NaN,NaN,NaN,NaN,NaN
1695603600,1.14,1.15,1.13,1.14,461500,NaN,NaN,NaN,NaN,NaN,NaN,NaN
1695690000,1.14,1.14,1.12,1.12,886400,NaN,NaN,NaN,NaN,NaN,NaN,NaN
1695776400,1.13,1.14,1.12,1.13,507200,NaN,NaN,NaN,NaN,NaN,NaN,NaN
1695949200,1.13,1.13,1.11,1.12,884100,1437178945,3496494000,1059423000,55868000,520470000,2415851000,4.91071428571429
1696208400,1.12,1.13,1.11,1.11,405500,NaN,NaN,NaN,NaN,NaN,NaN,NaN
1696294800,1.11,1.11,1.1,1.1,665300,NaN,NaN,NaN,NaN,NaN,NaN,NaN
1696381200,1.1,1.1,1.08,1.09,745900,NaN,NaN,NaN,NaN,NaN,NaN,NaN
1696467600,1.09,1.11,1.09,1.11,475000,NaN,NaN,NaN,NaN,NaN,NaN,NaN
1696554000,1.1,1.11,1.1,1.1,80900,NaN,NaN,NaN,NaN,NaN,NaN,NaN
1696813200,1.11,1.11,1.09,1.1,790800,NaN,NaN,NaN,NaN,NaN,NaN,NaN
1696899600,1.1,1.1,1.09,1.09,377200,NaN,NaN,NaN,NaN,NaN,NaN,NaN
1696986000,1.1,1.11,1.09,1.1,368900,NaN,NaN,NaN,NaN,NaN,NaN,NaN
1697072400,1.1,1.12,1.1,1.11,577900,NaN,NaN,NaN,NaN,NaN,NaN,NaN
1697158800,1.11,1.12,1.1,1.11,280600,NaN,NaN,NaN,NaN,NaN,NaN,NaN
1697418000,1.11,1.12,1.1,1.1,704000,NaN,NaN,NaN,NaN,NaN,NaN,NaN
1697504400,1.11,1.11,1.1,1.1,143100,NaN,NaN,NaN,NaN,NaN,NaN,NaN
1697590800,1.11,1.11,1.09,1.1,418800,NaN,NaN,NaN,NaN,NaN,NaN,NaN
1697677200,1.1,1.11,1.09,1.09,356500,NaN,NaN,NaN,NaN,NaN,NaN,NaN
1697763600,1.1,1.1,1.09,1.09,316200,NaN,NaN,NaN,NaN,NaN,NaN,NaN
1698022800,1.09,1.09,1.08,1.08,751300,NaN,NaN,NaN,NaN,NaN,NaN,NaN
1698109200,1.08,1.09,1.06,1.07,1039500,NaN,NaN,NaN,NaN,NaN,NaN,NaN
1698195600,1.08,1.08,1.07,1.08,272300,NaN,NaN,NaN,NaN,NaN,NaN,NaN
1698282000,1.07,1.08,1.07,1.07,326400,NaN,NaN,NaN,NaN,NaN,NaN,NaN
1698368400,1.06,1.08,1.06,1.07,192100,NaN,NaN,NaN,NaN,NaN,NaN,NaN
1698627600,1.07,1.07,1.06,1.07,178600,NaN,NaN,NaN,NaN,NaN,NaN,NaN
1698714000,1.07,1.07,1.06,1.07,452000,NaN,NaN,NaN,NaN,NaN,NaN,NaN
1698800400,1.07,1.07,1.06,1.06,266900,NaN,NaN,NaN,NaN,NaN,NaN,NaN
1698886800,1.06,1.08,1.06,1.06,632600,NaN,NaN,NaN,NaN,NaN,NaN,NaN
1698973200,1.06,1.09,1.06,1.08,315400,NaN,NaN,NaN,NaN,NaN,NaN,NaN
1699232400,1.08,1.1,1.08,1.09,349000,NaN,NaN,NaN,NaN,NaN,NaN,NaN
1699318800,1.09,1.1,1.08,1.08,183100,NaN,NaN,NaN,NaN,NaN,NaN,NaN
1699405200,1.08,1.1,1.08,1.1,170000,NaN,NaN,NaN,NaN,NaN,NaN,NaN
1699491600,1.09,1.11,1.09,1.11,347900,NaN,NaN,NaN,NaN,NaN,NaN,NaN
1699578000,1.1,1.11,1.09,1.09,216500,NaN,NaN,NaN,NaN,NaN,NaN,NaN
1699923600,1.09,1.1,1.09,1.1,386900,NaN,NaN,NaN,NaN,NaN,NaN,NaN
1700010000,1.1,1.11,1.09,1.1,383400,NaN,NaN,NaN,NaN,NaN,NaN,NaN
1700096400,1.11,1.14,1.1,1.13,802500,NaN,NaN,NaN,NaN,NaN,NaN,NaN
1700182800,1.13,1.16,1.12,1.15,986300,NaN,NaN,NaN,NaN,NaN,NaN,NaN
1700442000,1.14,1.17,1.14,1.15,920100,NaN,NaN,NaN,NaN,NaN,NaN,NaN
1700528400,1.15,1.16,1.14,1.15,436700,NaN,NaN,NaN,NaN,NaN,NaN,NaN
1700614800,1.15,1.15,1.13,1.15,401100,NaN,NaN,NaN,NaN,NaN,NaN,NaN
1700701200,1.14,1.16,1.14,1.14,614500,NaN,NaN,NaN,NaN,NaN,NaN,NaN
1700787600,1.14,1.15,1.14,1.14,203800,NaN,NaN,NaN,NaN,NaN,NaN,NaN
1701046800,1.14,1.14,1.13,1.14,444100,NaN,NaN,NaN,NaN,NaN,NaN,NaN
1701133200,1.14,1.16,1.14,1.15,611200,NaN,NaN,NaN,NaN,NaN,NaN,NaN
1701219600,1.15,1.16,1.14,1.15,703100,NaN,NaN,NaN,NaN,NaN,NaN,NaN
1701306000,1.15,1.17,1.14,1.17,2204700,NaN,NaN,NaN,NaN,NaN,NaN,NaN
1701392400,1.17,1.17,1.14,1.15,642000,NaN,NaN,NaN,NaN,NaN,NaN,NaN
1701651600,1.15,1.16,1.14,1.15,2081900,NaN,NaN,NaN,NaN,NaN,NaN,NaN
1701738000,1.15,1.16,1.12,1.14,1155300,NaN,NaN,NaN,NaN,NaN,NaN,NaN
1701824400,1.14,1.14,1.12,1.13,186800,NaN,NaN,NaN,NaN,NaN,NaN,NaN
1701910800,1.13,1.13,1.11,1.11,300200,NaN,NaN,NaN,NaN,NaN,NaN,NaN
1701997200,1.11,1.12,1.09,1.1,1025000,NaN,NaN,NaN,NaN,NaN,NaN,NaN
1702256400,1.1,1.1,1.08,1.09,818400,NaN,NaN,NaN,NaN,NaN,NaN,NaN
1702342800,1.09,1.11,1.07,1.09,1082100,NaN,NaN,NaN,NaN,NaN,NaN,NaN
1702429200,1.08,1.1,1.08,1.09,925200,NaN,NaN,NaN,NaN,NaN,NaN,NaN
1702515600,1.09,1.1,1.09,1.09,337900,NaN,NaN,NaN,NaN,NaN,NaN,NaN
1702602000,1.09,1.1,1.08,1.08,642500,NaN,NaN,NaN,NaN,NaN,NaN,NaN
1702861200,1.09,1.11,1.08,1.1,649600,NaN,NaN,NaN,NaN,NaN,NaN,NaN
1702947600,1.1,1.11,1.09,1.1,807500,NaN,NaN,NaN,NaN,NaN,NaN,NaN
1703034000,1.1,1.11,1.09,1.1,540300,NaN,NaN,NaN,NaN,NaN,NaN,NaN
1703120400,1.1,1.11,1.1,1.1,211600,NaN,NaN,NaN,NaN,NaN,NaN,NaN
1703206800,1.11,1.11,1.1,1.1,418600,NaN,NaN,NaN,NaN,NaN,NaN,NaN
1703552400,1.1,1.11,1.09,1.11,397000,NaN,NaN,NaN,NaN,NaN,NaN,NaN
1703638800,1.11,1.11,1.09,1.1,323400,NaN,NaN,NaN,NaN,NaN,NaN,NaN
1703725200,1.1,1.1,1.08,1.09,1017700,NaN,NaN,NaN,NaN,NaN,NaN,NaN
1703811600,1.09,1.1,1.09,1.09,312700,1437178945,3512411000,1053440000,84943000,556347000,2437556000,5.5045871559633
1704157200,1.1,1.1,1.09,1.09,459600,NaN,NaN,NaN,NaN,NaN,NaN,NaN
1704243600,1.09,1.1,1.08,1.09,1075100,NaN,NaN,NaN,NaN,NaN,NaN,NaN
1704330000,1.09,1.1,1.08,1.08,610000,NaN,NaN,NaN,NaN,NaN,NaN,NaN
1704416400,1.08,1.13,1.08,1.12,1633400,NaN,NaN,NaN,NaN,NaN,NaN,NaN
1704675600,1.13,1.13,1.11,1.12,898600,NaN,NaN,NaN,NaN,NaN,NaN,NaN
1704762000,1.12,1.14,1.12,1.13,730900,NaN,NaN,NaN,NaN,NaN,NaN,NaN
1704848400,1.13,1.14,1.12,1.12,674200,NaN,NaN,NaN,NaN,NaN,NaN,NaN
1704934800,1.13,1.14,1.12,1.13,846200,NaN,NaN,NaN,NaN,NaN,NaN,NaN
1705021200,1.12,1.13,1.12,1.13,293400,NaN,NaN,NaN,NaN,NaN,NaN,NaN
1705280400,1.13,1.13,1.11,1.12,465700,NaN,NaN,NaN,NaN,NaN,NaN,NaN
1705366800,1.11,1.12,1.11,1.11,607500,NaN,NaN,NaN,NaN,NaN,NaN,NaN
1705453200,1.11,1.12,1.1,1.11,951700,NaN,NaN,NaN,NaN,NaN,NaN,NaN
1705539600,1.11,1.11,1.1,1.11,578200,NaN,NaN,NaN,NaN,NaN,NaN,NaN
1705626000,1.11,1.11,1.09,1.1,526100,NaN,NaN,NaN,NaN,NaN,NaN,NaN
1705885200,1.1,1.11,1.1,1.1,547500,NaN,NaN,NaN,NaN,NaN,NaN,NaN
1705971600,1.1,1.11,1.09,1.09,693300,NaN,NaN,NaN,NaN,NaN,NaN,NaN
1706058000,1.09,1.1,1.09,1.09,505800,NaN,NaN,NaN,NaN,NaN,NaN,NaN
1706230800,1.1,1.11,1.09,1.1,1657300,NaN,NaN,NaN,NaN,NaN,NaN,NaN
1706490000,1.1,1.12,1.09,1.1,1147100,NaN,NaN,NaN,NaN,NaN,NaN,NaN
1706576400,1.1,1.11,1.1,1.11,577700,NaN,NaN,NaN,NaN,NaN,NaN,NaN
1706662800,1.11,1.12,1.1,1.1,858100,NaN,NaN,NaN,NaN,NaN,NaN,NaN
1706835600,1.1,1.11,1.09,1.1,961600,NaN,NaN,NaN,NaN,NaN,NaN,NaN
1707094800,1.1,1.11,1.09,1.1,451700,NaN,NaN,NaN,NaN,NaN,NaN,NaN
1707181200,1.1,1.11,1.09,1.11,527500,NaN,NaN,NaN,NaN,NaN,NaN,NaN
1707267600,1.11,1.11,1.1,1.11,293400,NaN,NaN,NaN,NaN,NaN,NaN,NaN
1707354000,1.11,1.11,1.09,1.09,691900,NaN,NaN,NaN,NaN,NaN,NaN,NaN
1707440400,1.09,1.11,1.09,1.1,516800,NaN,NaN,NaN,NaN,NaN,NaN,NaN
1707786000,1.1,1.13,1.1,1.13,621200,NaN,NaN,NaN,NaN,NaN,NaN,NaN
1707872400,1.12,1.14,1.12,1.14,635900,NaN,NaN,NaN,NaN,NaN,NaN,NaN
1707958800,1.14,1.17,1.13,1.16,1891500,NaN,NaN,NaN,NaN,NaN,NaN,NaN
1708045200,1.17,1.17,1.15,1.17,762200,NaN,NaN,NaN,NaN,NaN,NaN,NaN
1708304400,1.17,1.19,1.16,1.18,1514100,NaN,NaN,NaN,NaN,NaN,NaN,NaN
1708390800,1.18,1.18,1.16,1.17,430500,NaN,NaN,NaN,NaN,NaN,NaN,NaN
1708477200,1.16,1.17,1.15,1.16,529900,NaN,NaN,NaN,NaN,NaN,NaN,NaN
1708563600,1.16,1.18,1.16,1.18,326800,NaN,NaN,NaN,NaN,NaN,NaN,NaN
1708650000,1.17,1.17,1.16,1.17,85200,NaN,NaN,NaN,NaN,NaN,NaN,NaN
1708909200,1.16,1.16,1.13,1.15,1329000,NaN,NaN,NaN,NaN,NaN,NaN,NaN
1708995600,1.15,1.15,1.13,1.15,242200,NaN,NaN,NaN,NaN,NaN,NaN,NaN
1709082000,1.14,1.15,1.13,1.15,518300,NaN,NaN,NaN,NaN,NaN,NaN,NaN
1709168400,1.15,1.16,1.13,1.13,2461800,NaN,NaN,NaN,NaN,NaN,NaN,NaN
1709254800,1.13,1.14,1.13,1.13,777000,NaN,NaN,NaN,NaN,NaN,NaN,NaN
1709514000,1.13,1.15,1.13,1.14,567900,NaN,NaN,NaN,NaN,NaN,NaN,NaN
1709600400,1.14,1.16,1.13,1.16,949300,NaN,NaN,NaN,NaN,NaN,NaN,NaN
1709686800,1.16,1.16,1.14,1.14,375900,NaN,NaN,NaN,NaN,NaN,NaN,NaN
1709773200,1.16,1.16,1.14,1.16,692700,NaN,NaN,NaN,NaN,NaN,NaN,NaN
1709859600,1.15,1.16,1.15,1.15,434000,NaN,NaN,NaN,NaN,NaN,NaN,NaN
1710118800,1.15,1.16,1.15,1.16,836300,NaN,NaN,NaN,NaN,NaN,NaN,NaN
1710205200,1.14,1.14,1.13,1.14,211700,NaN,NaN,NaN,NaN,NaN,NaN,NaN
1710291600,1.14,1.14,1.13,1.14,282300,NaN,NaN,NaN,NaN,NaN,NaN,NaN
1710378000,1.12,1.14,1.12,1.14,512400,NaN,NaN,NaN,NaN,NaN,NaN,NaN
1710464400,1.13,1.13,1.11,1.12,707700,NaN,NaN,NaN,NaN,NaN,NaN,NaN
1710723600,1.12,1.13,1.12,1.13,327100,NaN,NaN,NaN,NaN,NaN,NaN,NaN
1710810000,1.13,1.13,1.12,1.12,373300,NaN,NaN,NaN,NaN,NaN,NaN,NaN
1710896400,1.12,1.14,1.12,1.14,415800,NaN,NaN,NaN,NaN,NaN,NaN,NaN
1710982800,1.14,1.14,1.11,1.13,1121200,NaN,NaN,NaN,NaN,NaN,NaN,NaN
1711069200,1.13,1.13,1.12,1.12,295700,NaN,NaN,NaN,NaN,NaN,NaN,NaN
1711328400,1.12,1.14,1.12,1.13,1286200,NaN,NaN,NaN,NaN,NaN,NaN,NaN
1711414800,1.13,1.14,1.12,1.14,1007400,NaN,NaN,NaN,NaN,NaN,NaN,NaN
1711501200,1.13,1.14,1.13,1.14,396600,NaN,NaN,NaN,NaN,NaN,NaN,NaN
1711674000,1.13,1.14,1.12,1.12,440900,1437178945,3476869000,1020993000,55026000,584396000,2434762000,5.80357142857143
1711933200,1.12,1.15,1.12,1.14,844600,NaN,NaN,NaN,NaN,NaN,NaN,NaN
1712019600,1.14,1.14,1.12,1.14,683200,NaN,NaN,NaN,NaN,NaN,NaN,NaN
1712106000,1.13,1.15,1.13,1.15,718800,NaN,NaN,NaN,NaN,NaN,NaN,NaN
1712192400,1.15,1.15,1.13,1.14,608400,NaN,NaN,NaN,NaN,NaN,NaN,NaN
1712278800,1.14,1.14,1.13,1.13,112400,NaN,NaN,NaN,NaN,NaN,NaN,NaN
1712538000,1.14,1.15,1.13,1.14,1073600,NaN,NaN,NaN,NaN,NaN,NaN,NaN
1712624400,1.14,1.15,1.14,1.15,719000,NaN,NaN,NaN,NaN,NaN,NaN,NaN
1712883600,1.15,1.16,1.14,1.15,959100,NaN,NaN,NaN,NaN,NaN,NaN,NaN
1713142800,1.15,1.15,1.13,1.14,1989400,NaN,NaN,NaN,NaN,NaN,NaN,NaN
1713229200,1.14,1.15,1.13,1.15,2380300,NaN,NaN,NaN,NaN,NaN,NaN,NaN
1713315600,1.14,1.16,1.14,1.16,1291500,NaN,NaN,NaN,NaN,NaN,NaN,NaN
1713402000,1.15,1.16,1.14,1.16,589400,NaN,NaN,NaN,NaN,NaN,NaN,NaN
1713488400,1.15,1.16,1.13,1.14,832300,NaN,NaN,NaN,NaN,NaN,NaN,NaN
1713747600,1.14,1.15,1.14,1.15,159600,NaN,NaN,NaN,NaN,NaN,NaN,NaN
1713834000,1.14,1.15,1.14,1.14,622800,NaN,NaN,NaN,NaN,NaN,NaN,NaN
1713920400,1.15,1.16,1.14,1.15,825800,NaN,NaN,NaN,NaN,NaN,NaN,NaN
1714006800,1.15,1.15,1.14,1.15,99600,NaN,NaN,NaN,NaN,NaN,NaN,NaN
1714093200,1.15,1.15,1.13,1.14,658300,NaN,NaN,NaN,NaN,NaN,NaN,NaN
1714352400,1.13,1.14,1.13,1.13,576100,NaN,NaN,NaN,NaN,NaN,NaN,NaN
1714438800,1.14,1.15,1.13,1.15,749800,NaN,NaN,NaN,NaN,NaN,NaN,NaN
1714611600,1.15,1.15,1.13,1.13,368300,NaN,NaN,NaN,NaN,NaN,NaN,NaN
1714698000,1.14,1.15,1.13,1.14,654200,NaN,NaN,NaN,NaN,NaN,NaN,NaN
1714957200,1.14,1.15,1.14,1.14,160700,NaN,NaN,NaN,NaN,NaN,NaN,NaN
1715043600,1.14,1.15,1.14,1.15,491000,NaN,NaN,NaN,NaN,NaN,NaN,NaN
1715130000,1.15,1.15,1.14,1.14,264300,NaN,NaN,NaN,NaN,NaN,NaN,NaN
1715216400,1.14,1.15,1.13,1.15,504400,NaN,NaN,NaN,NaN,NaN,NaN,NaN
1715302800,1.14,1.15,1.13,1.15,472900,NaN,NaN,NaN,NaN,NaN,NaN,NaN
1715562000,1.15,1.16,1.14,1.16,890900,NaN,NaN,NaN,NaN,NaN,NaN,NaN
1715648400,1.15,1.16,1.15,1.16,376800,NaN,NaN,NaN,NaN,NaN,NaN,NaN
1715734800,1.15,1.16,1.14,1.16,649700,NaN,NaN,NaN,NaN,NaN,NaN,NaN
1715821200,1.15,1.16,1.15,1.16,318200,NaN,NaN,NaN,NaN,NaN,NaN,NaN
1715907600,1.16,1.16,1.14,1.15,1630100,NaN,NaN,NaN,NaN,NaN,NaN,NaN
1716166800,1.16,1.19,1.15,1.18,6125900,NaN,NaN,NaN,NaN,NaN,NaN,NaN
1716253200,1.19,1.21,1.16,1.16,4775600,NaN,NaN,NaN,NaN,NaN,NaN,NaN
1716426000,1.17,1.18,1.15,1.17,2937700,NaN,NaN,NaN,NaN,NaN,NaN,NaN
1716512400,1.16,1.16,1.14,1.16,3103800,NaN,NaN,NaN,NaN,NaN,NaN,NaN
1716771600,1.18,1.2,1.17,1.18,3168200,NaN,NaN,NaN,NaN,NaN,NaN,NaN
1716858000,1.18,1.19,1.17,1.18,1406200,NaN,NaN,NaN,NaN,NaN,NaN,NaN
1716944400,1.17,1.18,1.15,1.16,2220500,NaN,NaN,NaN,NaN,NaN,NaN,NaN
1717030800,1.16,1.18,1.15,1.17,872200,NaN,NaN,NaN,NaN,NaN,NaN,NaN
1717117200,1.17,1.18,1.13,1.13,17896700,NaN,NaN,NaN,NaN,NaN,NaN,NaN
1717462800,1.13,1.16,1.13,1.13,7799200,NaN,NaN,NaN,NaN,NaN,NaN,NaN
1717549200,1.13,1.14,1.12,1.13,1826400,NaN,NaN,NaN,NaN,NaN,NaN,NaN
1717635600,1.14,1.14,1.13,1.13,811800,NaN,NaN,NaN,NaN,NaN,NaN,NaN
1717722000,1.13,1.15,1.13,1.14,1137600,NaN,NaN,NaN,NaN,NaN,NaN,NaN
1717981200,1.15,1.17,1.15,1.15,1672300,NaN,NaN,NaN,NaN,NaN,NaN,NaN
1718067600,1.16,1.16,1.13,1.13,3363100,NaN,NaN,NaN,NaN,NaN,NaN,NaN
1718154000,1.13,1.13,1.1,1.11,5303200,NaN,NaN,NaN,NaN,NaN,NaN,NaN
1718240400,1.11,1.13,1.1,1.12,2394300,NaN,NaN,NaN,NaN,NaN,NaN,NaN
1718326800,1.13,1.14,1.12,1.12,957200,NaN,NaN,NaN,NaN,NaN,NaN,NaN
1718672400,1.12,1.15,1.12,1.14,1834800,NaN,NaN,NaN,NaN,NaN,NaN,NaN
1718758800,1.14,1.14,1.13,1.13,702400,NaN,NaN,NaN,NaN,NaN,NaN,NaN
1718845200,1.13,1.14,1.12,1.14,887700,NaN,NaN,NaN,NaN,NaN,NaN,NaN
1718931600,1.13,1.14,1.12,1.14,871000,NaN,NaN,NaN,NaN,NaN,NaN,NaN
1719190800,1.13,1.13,1.12,1.12,1065100,NaN,NaN,NaN,NaN,NaN,NaN,NaN
1719277200,1.13,1.13,1.12,1.12,889900,NaN,NaN,NaN,NaN,NaN,NaN,NaN
1719363600,1.12,1.13,1.11,1.12,3001500,NaN,NaN,NaN,NaN,NaN,NaN,NaN
1719450000,1.12,1.13,1.11,1.13,1581800,NaN,NaN,NaN,NaN,NaN,NaN,NaN
1719536400,1.13,1.13,1.12,1.12,655000,1437178945,3572936000,1092781000,86772000,601938000,2458637000,5.80357142857143
1719795600,1.12,1.13,1.12,1.13,1115000,NaN,NaN,NaN,NaN,NaN,NaN,NaN
1719882000,1.13,1.14,1.12,1.14,626600,NaN,NaN,NaN,NaN,NaN,NaN,NaN
1719968400,1.13,1.14,1.13,1.13,500100,NaN,NaN,NaN,NaN,NaN,NaN,NaN
1720054800,1.13,1.15,1.13,1.14,722500,NaN,NaN,NaN,NaN,NaN,NaN,NaN
1720141200,1.14,1.15,1.14,1.15,374000,NaN,NaN,NaN,NaN,NaN,NaN,NaN
1720486800,1.16,1.19,1.15,1.19,3229900,NaN,NaN,NaN,NaN,NaN,NaN,NaN
1720573200,1.19,1.2,1.16,1.17,3496400,NaN,NaN,NaN,NaN,NaN,NaN,NaN
1720659600,1.18,1.18,1.16,1.18,1291700,NaN,NaN,NaN,NaN,NaN,NaN,NaN
1720746000,1.18,1.18,1.16,1.17,522900,NaN,NaN,NaN,NaN,NaN,NaN,NaN
1721005200,1.17,1.18,1.16,1.18,358800,NaN,NaN,NaN,NaN,NaN,NaN,NaN
1721091600,1.17,1.18,1.17,1.18,354600,NaN,NaN,NaN,NaN,NaN,NaN,NaN
1721178000,1.2,1.28,1.19,1.27,14674900,NaN,NaN,NaN,NaN,NaN,NaN,NaN
1721264400,1.27,1.29,1.25,1.28,4312000,NaN,NaN,NaN,NaN,NaN,NaN,NaN
1721350800,1.28,1.28,1.25,1.26,1365200,NaN,NaN,NaN,NaN,NaN,NaN,NaN
1721610000,1.26,1.29,1.25,1.28,3584700,NaN,NaN,NaN,NaN,NaN,NaN,NaN
1721696400,1.28,1.3,1.27,1.3,2601600,NaN,NaN,NaN,NaN,NaN,NaN,NaN
1721782800,1.3,1.3,1.27,1.28,1915200,NaN,NaN,NaN,NaN,NaN,NaN,NaN
1721869200,1.27,1.28,1.26,1.27,1413300,NaN,NaN,NaN,NaN,NaN,NaN,NaN
1721955600,1.27,1.28,1.25,1.27,1279700,NaN,NaN,NaN,NaN,NaN,NaN,NaN
1722214800,1.27,1.28,1.26,1.28,1490100,NaN,NaN,NaN,NaN,NaN,NaN,NaN
1722301200,1.28,1.29,1.26,1.27,1149600,NaN,NaN,NaN,NaN,NaN,NaN,NaN
1722387600,1.27,1.29,1.26,1.29,2209000,NaN,NaN,NaN,NaN,NaN,NaN,NaN
1722474000,1.29,1.32,1.26,1.28,1849800,NaN,NaN,NaN,NaN,NaN,NaN,NaN
1722560400,1.27,1.27,1.25,1.25,2026800,NaN,NaN,NaN,NaN,NaN,NaN,NaN
1722819600,1.24,1.26,1.18,1.2,8475300,NaN,NaN,NaN,NaN,NaN,NaN,NaN
1722906000,1.2,1.27,1.18,1.24,4516600,NaN,NaN,NaN,NaN,NaN,NaN,NaN
1722992400,1.24,1.25,1.23,1.23,1287600,NaN,NaN,NaN,NaN,NaN,NaN,NaN
1723078800,1.24,1.25,1.21,1.23,2916900,NaN,NaN,NaN,NaN,NaN,NaN,NaN
1723165200,1.24,1.25,1.22,1.22,875500,NaN,NaN,NaN,NaN,NaN,NaN,NaN
1723424400,1.23,1.24,1.22,1.23,1008700,NaN,NaN,NaN,NaN,NaN,NaN,NaN
1723510800,1.22,1.23,1.21,1.23,570000,NaN,NaN,NaN,NaN,NaN,NaN,NaN
1723597200,1.23,1.23,1.2,1.22,1359700,NaN,NaN,NaN,NaN,NaN,NaN,NaN
1723683600,1.22,1.24,1.21,1.23,1030000,NaN,NaN,NaN,NaN,NaN,NaN,NaN
1723770000,1.23,1.24,1.22,1.23,353000,NaN,NaN,NaN,NaN,NaN,NaN,NaN
1724029200,1.23,1.24,1.23,1.23,767800,NaN,NaN,NaN,NaN,NaN,NaN,NaN
1724115600,1.23,1.24,1.22,1.23,395000,NaN,NaN,NaN,NaN,NaN,NaN,NaN
1724202000,1.24,1.25,1.23,1.25,1343000,NaN,NaN,NaN,NaN,NaN,NaN,NaN
1724288400,1.25,1.26,1.24,1.25,911300,NaN,NaN,NaN,NaN,NaN,NaN,NaN
1724374800,1.26,1.26,1.24,1.25,727100,NaN,NaN,NaN,NaN,NaN,NaN,NaN
1724634000,1.26,1.26,1.24,1.24,808800,NaN,NaN,NaN,NaN,NaN,NaN,NaN
1724720400,1.24,1.25,1.23,1.23,1000800,NaN,NaN,NaN,NaN,NaN,NaN,NaN
1724806800,1.23,1.24,1.22,1.23,418800,NaN,NaN,NaN,NaN,NaN,NaN,NaN
1724893200,1.23,1.24,1.23,1.24,436700,NaN,NaN,NaN,NaN,NaN,NaN,NaN
1724979600,1.24,1.25,1.22,1.24,647600,NaN,NaN,NaN,NaN,NaN,NaN,NaN
1725238800,1.24,1.24,1.23,1.23,243600,NaN,NaN,NaN,NaN,NaN,NaN,NaN
1725325200,1.23,1.24,1.23,1.23,380700,NaN,NaN,NaN,NaN,NaN,NaN,NaN
1725411600,1.23,1.24,1.23,1.23,137500,NaN,NaN,NaN,NaN,NaN,NaN,NaN
1725498000,1.23,1.24,1.22,1.22,291400,NaN,NaN,NaN,NaN,NaN,NaN,NaN
1725584400,1.22,1.22,1.18,1.19,688900,NaN,NaN,NaN,NaN,NaN,NaN,NaN
1725843600,1.19,1.21,1.18,1.21,187000,NaN,NaN,NaN,NaN,NaN,NaN,NaN
1725930000,1.2,1.2,1.18,1.18,340000,NaN,NaN,NaN,NaN,NaN,NaN,NaN
1726016400,1.18,1.19,1.17,1.18,546400,NaN,NaN,NaN,NaN,NaN,NaN,NaN
1726102800,1.18,1.18,1.17,1.17,448500,NaN,NaN,NaN,NaN,NaN,NaN,NaN
1726189200,1.18,1.19,1.17,1.18,174700,NaN,NaN,NaN,NaN,NaN,NaN,NaN
1726534800,1.18,1.2,1.17,1.2,515100,NaN,NaN,NaN,NaN,NaN,NaN,NaN
1726621200,1.19,1.19,1.18,1.18,82800,NaN,NaN,NaN,NaN,NaN,NaN,NaN
1726707600,1.18,1.2,1.18,1.19,368300,NaN,NaN,NaN,NaN,NaN,NaN,NaN
1726794000,1.19,1.2,1.18,1.18,303700,NaN,NaN,NaN,NaN,NaN,NaN,NaN
1727053200,1.19,1.19,1.17,1.18,887300,NaN,NaN,NaN,NaN,NaN,NaN,NaN
1727139600,1.18,1.19,1.17,1.19,385000,NaN,NaN,NaN,NaN,NaN,NaN,NaN
1727226000,1.2,1.2,1.18,1.18,195900,NaN,NaN,NaN,NaN,NaN,NaN,NaN
1727312400,1.19,1.19,1.17,1.18,424900,NaN,NaN,NaN,NaN,NaN,NaN,NaN
1727398800,1.18,1.19,1.18,1.18,344000,NaN,NaN,NaN,NaN,NaN,NaN,NaN
1727658000,1.18,1.19,1.17,1.17,325600,1437178945,3498507000,1017275000,67526000,516020000,2459276000,5.98290598290598
1727744400,1.17,1.18,1.17,1.18,353500,NaN,NaN,NaN,NaN,NaN,NaN,NaN
1727830800,1.18,1.18,1.17,1.18,552300,NaN,NaN,NaN,NaN,NaN,NaN,NaN
1727917200,1.18,1.19,1.17,1.18,253600,NaN,NaN,NaN,NaN,NaN,NaN,NaN
1728003600,1.18,1.19,1.17,1.19,345200,NaN,NaN,NaN,NaN,NaN,NaN,NaN
1728262800,1.18,1.18,1.17,1.17,576500,NaN,NaN,NaN,NaN,NaN,NaN,NaN
1728349200,1.17,1.19,1.17,1.18,397600,NaN,NaN,NaN,NaN,NaN,NaN,NaN
1728435600,1.17,1.18,1.16,1.18,849200,NaN,NaN,NaN,NaN,NaN,NaN,NaN
1728522000,1.18,1.18,1.17,1.17,340700,NaN,NaN,NaN,NaN,NaN,NaN,NaN
1728608400,1.17,1.18,1.16,1.17,250300,NaN,NaN,NaN,NaN,NaN,NaN,NaN
1728867600,1.17,1.18,1.16,1.17,414600,NaN,NaN,NaN,NaN,NaN,NaN,NaN
1728954000,1.16,1.17,1.15,1.17,475800,NaN,NaN,NaN,NaN,NaN,NaN,NaN
1729040400,1.16,1.17,1.15,1.17,515800,NaN,NaN,NaN,NaN,NaN,NaN,NaN
1729126800,1.15,1.17,1.15,1.16,399700,NaN,NaN,NaN,NaN,NaN,NaN,NaN
1729213200,1.16,1.19,1.15,1.19,982400,NaN,NaN,NaN,NaN,NaN,NaN,NaN
1729472400,1.19,1.19,1.17,1.18,939900,NaN,NaN,NaN,NaN,NaN,NaN,NaN
1729558800,1.18,1.18,1.17,1.18,350100,NaN,NaN,NaN,NaN,NaN,NaN,NaN
1729645200,1.18,1.19,1.18,1.18,453500,NaN,NaN,NaN,NaN,NaN,NaN,NaN
1729731600,1.18,1.19,1.18,1.18,186500,NaN,NaN,NaN,NaN,NaN,NaN,NaN
1729818000,1.18,1.18,1.17,1.18,618400,NaN,NaN,NaN,NaN,NaN,NaN,NaN
1730077200,1.18,1.18,1.17,1.18,161600,NaN,NaN,NaN,NaN,NaN,NaN,NaN
1730163600,1.18,1.18,1.17,1.18,195400,NaN,NaN,NaN,NaN,NaN,NaN,NaN
1730250000,1.18,1.18,1.16,1.18,251700,NaN,NaN,NaN,NaN,NaN,NaN,NaN
1730422800,1.18,1.19,1.17,1.18,496800,NaN,NaN,NaN,NaN,NaN,NaN,NaN
1730682000,1.18,1.22,1.18,1.2,1616900,NaN,NaN,NaN,NaN,NaN,NaN,NaN
1730768400,1.21,1.21,1.2,1.21,559000,NaN,NaN,NaN,NaN,NaN,NaN,NaN
1730854800,1.21,1.22,1.2,1.22,485600,NaN,NaN,NaN,NaN,NaN,NaN,NaN
1730941200,1.21,1.21,1.19,1.2,444000,NaN,NaN,NaN,NaN,NaN,NaN,NaN
1731027600,1.2,1.2,1.19,1.19,203300,NaN,NaN,NaN,NaN,NaN,NaN,NaN
1731286800,1.19,1.2,1.18,1.19,447000,NaN,NaN,NaN,NaN,NaN,NaN,NaN
1731373200,1.19,1.2,1.18,1.2,523400,NaN,NaN,NaN,NaN,NaN,NaN,NaN
1731459600,1.19,1.25,1.18,1.22,1391200,NaN,NaN,NaN,NaN,NaN,NaN,NaN
1731546000,1.23,1.25,1.22,1.23,1810000,NaN,NaN,NaN,NaN,NaN,NaN,NaN
1731632400,1.24,1.24,1.22,1.23,795200,NaN,NaN,NaN,NaN,NaN,NaN,NaN
1731891600,1.23,1.23,1.21,1.21,609100,NaN,NaN,NaN,NaN,NaN,NaN,NaN
1731978000,1.21,1.23,1.21,1.22,170000,NaN,NaN,NaN,NaN,NaN,NaN,NaN
1732064400,1.22,1.24,1.22,1.22,411800,NaN,NaN,NaN,NaN,NaN,NaN,NaN
1732150800,1.22,1.23,1.21,1.21,313700,NaN,NaN,NaN,NaN,NaN,NaN,NaN
1732237200,1.22,1.22,1.2,1.2,738200,NaN,NaN,NaN,NaN,NaN,NaN,NaN
1732496400,1.21,1.22,1.2,1.21,319200,NaN,NaN,NaN,NaN,NaN,NaN,NaN
1732582800,1.22,1.22,1.2,1.2,287600,NaN,NaN,NaN,NaN,NaN,NaN,NaN
1732669200,1.2,1.22,1.2,1.2,873700,NaN,NaN,NaN,NaN,NaN,NaN,NaN
1732755600,1.2,1.21,1.19,1.19,725700,NaN,NaN,NaN,NaN,NaN,NaN,NaN
1732842000,1.19,1.2,1.18,1.19,1124300,NaN,NaN,NaN,NaN,NaN,NaN,NaN
1733101200,1.19,1.19,1.18,1.18,370900,NaN,NaN,NaN,NaN,NaN,NaN,NaN
1733187600,1.19,1.2,1.18,1.19,825300,NaN,NaN,NaN,NaN,NaN,NaN,NaN
1733274000,1.2,1.2,1.18,1.19,1032200,NaN,NaN,NaN,NaN,NaN,NaN,NaN
1733360400,1.18,1.18,1.16,1.18,1170700,NaN,NaN,NaN,NaN,NaN,NaN,NaN
1733446800,1.17,1.18,1.17,1.18,683600,NaN,NaN,NaN,NaN,NaN,NaN,NaN
1733706000,1.18,1.2,1.18,1.19,509300,NaN,NaN,NaN,NaN,NaN,NaN,NaN
1733792400,1.2,1.21,1.2,1.2,557200,NaN,NaN,NaN,NaN,NaN,NaN,NaN
1733878800,1.2,1.2,1.18,1.19,870000,NaN,NaN,NaN,NaN,NaN,NaN,NaN
1733965200,1.19,1.21,1.19,1.2,554400,NaN,NaN,NaN,NaN,NaN,NaN,NaN
1734051600,1.21,1.22,1.2,1.21,1006200,NaN,NaN,NaN,NaN,NaN,NaN,NaN
1734310800,1.21,1.21,1.2,1.21,1336800,NaN,NaN,NaN,NaN,NaN,NaN,NaN
1734397200,1.21,1.21,1.2,1.21,251900,NaN,NaN,NaN,NaN,NaN,NaN,NaN
1734483600,1.21,1.23,1.2,1.21,1021000,NaN,NaN,NaN,NaN,NaN,NaN,NaN
1734570000,1.2,1.21,1.2,1.2,867900,NaN,NaN,NaN,NaN,NaN,NaN,NaN
1734656400,1.2,1.21,1.2,1.2,573900,NaN,NaN,NaN,NaN,NaN,NaN,NaN
1734915600,1.21,1.21,1.2,1.2,262800,NaN,NaN,NaN,NaN,NaN,NaN,NaN
1735002000,1.2,1.25,1.2,1.25,5203100,NaN,NaN,NaN,NaN,NaN,NaN,NaN
1735174800,1.25,1.27,1.23,1.26,1664300,NaN,NaN,NaN,NaN,NaN,NaN,NaN
1735261200,1.26,1.27,1.25,1.26,1195200,NaN,NaN,NaN,NaN,NaN,NaN,NaN
1735520400,1.26,1.26,1.25,1.25,586600,NaN,NaN,NaN,NaN,NaN,NaN,NaN
1735606800,1.25,1.28,1.25,1.26,1603700,1437178945,3519841000,1008094000,86314000,528698999.99999994,2489768000,5.95238095238095
1735779600,1.25,1.28,1.24,1.28,1348300,NaN,NaN,NaN,NaN,NaN,NaN,NaN
1735866000,1.28,1.34,1.26,1.34,4149400,NaN,NaN,NaN,NaN,NaN,NaN,NaN
1736125200,1.34,1.37,1.32,1.36,2378900,NaN,NaN,NaN,NaN,NaN,NaN,NaN
1736211600,1.35,1.38,1.34,1.37,2655400,NaN,NaN,NaN,NaN,NaN,NaN,NaN
1736298000,1.36,1.4,1.36,1.37,1982900,NaN,NaN,NaN,NaN,NaN,NaN,NaN
1736384400,1.37,1.37,1.33,1.36,978000,NaN,NaN,NaN,NaN,NaN,NaN,NaN
1736470800,1.36,1.36,1.33,1.34,1537500,NaN,NaN,NaN,NaN,NaN,NaN,NaN
1736730000,1.34,1.35,1.3,1.33,1879500,NaN,NaN,NaN,NaN,NaN,NaN,NaN
1736816400,1.33,1.35,1.3,1.31,1098900,NaN,NaN,NaN,NaN,NaN,NaN,NaN
1736902800,1.31,1.32,1.28,1.3,2043700,NaN,NaN,NaN,NaN,NaN,NaN,NaN
1736989200,1.3,1.3,1.28,1.29,1282400,NaN,NaN,NaN,NaN,NaN,NaN,NaN
1737075600,1.28,1.3,1.28,1.3,509000,NaN,NaN,NaN,NaN,NaN,NaN,NaN
1737334800,1.3,1.3,1.28,1.28,623700,NaN,NaN,NaN,NaN,NaN,NaN,NaN
1737421200,1.28,1.3,1.28,1.28,691500,NaN,NaN,NaN,NaN,NaN,NaN,NaN
1737507600,1.29,1.3,1.28,1.29,322700,NaN,NaN,NaN,NaN,NaN,NaN,NaN
1737594000,1.29,1.3,1.28,1.28,560500,NaN,NaN,NaN,NaN,NaN,NaN,NaN
1737680400,1.29,1.3,1.28,1.29,693200,NaN,NaN,NaN,NaN,NaN,NaN,NaN
1737939600,1.29,1.29,1.27,1.28,558300,NaN,NaN,NaN,NaN,NaN,NaN,NaN
1738026000,1.27,1.28,1.27,1.28,341100,NaN,NaN,NaN,NaN,NaN,NaN,NaN
1738285200,1.28,1.3,1.28,1.29,908600,NaN,NaN,NaN,NaN,NaN,NaN,NaN
1738544400,1.29,1.3,1.29,1.29,540700,NaN,NaN,NaN,NaN,NaN,NaN,NaN
1738630800,1.29,1.3,1.28,1.29,1279600,NaN,NaN,NaN,NaN,NaN,NaN,NaN
1738717200,1.29,1.34,1.28,1.34,2533000,NaN,NaN,NaN,NaN,NaN,NaN,NaN
1738803600,1.34,1.34,1.31,1.33,722300,NaN,NaN,NaN,NaN,NaN,NaN,NaN
1738890000,1.32,1.34,1.32,1.32,359300,NaN,NaN,NaN,NaN,NaN,NaN,NaN
1739149200,1.33,1.34,1.32,1.33,379700,NaN,NaN,NaN,NaN,NaN,NaN,NaN
1739322000,1.33,1.34,1.32,1.34,821700,NaN,NaN,NaN,NaN,NaN,NaN,NaN
1739408400,1.33,1.34,1.31,1.32,903000,NaN,NaN,NaN,NaN,NaN,NaN,NaN
1739494800,1.32,1.33,1.3,1.31,1295600,NaN,NaN,NaN,NaN,NaN,NaN,NaN
1739754000,1.31,1.34,1.3,1.32,992300,NaN,NaN,NaN,NaN,NaN,NaN,NaN
1739840400,1.32,1.32,1.29,1.3,870800,NaN,NaN,NaN,NaN,NaN,NaN,NaN
1739926800,1.29,1.3,1.29,1.29,1650200,NaN,NaN,NaN,NaN,NaN,NaN,NaN
1740013200,1.29,1.3,1.28,1.29,1044000,NaN,NaN,NaN,NaN,NaN,NaN,NaN
1740099600,1.28,1.3,1.28,1.3,527700,NaN,NaN,NaN,NaN,NaN,NaN,NaN
1740358800,1.29,1.3,1.28,1.28,482700,NaN,NaN,NaN,NaN,NaN,NaN,NaN
1740445200,1.29,1.29,1.26,1.27,1161700,NaN,NaN,NaN,NaN,NaN,NaN,NaN
1740531600,1.28,1.28,1.26,1.28,619400,NaN,NaN,NaN,NaN,NaN,NaN,NaN
1740618000,1.29,1.29,1.28,1.28,150600,NaN,NaN,NaN,NaN,NaN,NaN,NaN
1740704400,1.3,1.31,1.26,1.27,2875900,NaN,NaN,NaN,NaN,NaN,NaN,NaN
1740963600,1.27,1.27,1.26,1.27,582100,NaN,NaN,NaN,NaN,NaN,NaN,NaN
1741050000,1.27,1.27,1.25,1.25,1386800,NaN,NaN,NaN,NaN,NaN,NaN,NaN
1741136400,1.26,1.27,1.23,1.25,2410900,NaN,NaN,NaN,NaN,NaN,NaN,NaN
1741222800,1.25,1.25,1.23,1.24,1056000,NaN,NaN,NaN,NaN,NaN,NaN,NaN
1741309200,1.25,1.25,1.23,1.24,1162200,NaN,NaN,NaN,NaN,NaN,NaN,NaN
1741568400,1.25,1.25,1.24,1.24,452700,NaN,NaN,NaN,NaN,NaN,NaN,NaN
1741654800,1.24,1.24,1.23,1.23,1420500,NaN,NaN,NaN,NaN,NaN,NaN,NaN
1741741200,1.23,1.23,1.2,1.2,2327500,NaN,NaN,NaN,NaN,NaN,NaN,NaN
1741827600,1.18,1.2,1.18,1.2,628800,NaN,NaN,NaN,NaN,NaN,NaN,NaN
1741914000,1.2,1.22,1.2,1.21,169300,NaN,NaN,NaN,NaN,NaN,NaN,NaN
1742173200,1.22,1.23,1.2,1.2,428100,NaN,NaN,NaN,NaN,NaN,NaN,NaN
1742346000,1.2,1.22,1.2,1.22,287100,NaN,NaN,NaN,NaN,NaN,NaN,NaN
1742432400,1.22,1.23,1.21,1.22,350100,NaN,NaN,NaN,NaN,NaN,NaN,NaN
1742518800,1.22,1.23,1.21,1.22,348200,NaN,NaN,NaN,NaN,NaN,NaN,NaN
1742778000,1.23,1.24,1.22,1.22,214900,NaN,NaN,NaN,NaN,NaN,NaN,NaN
1742864400,1.23,1.23,1.22,1.23,389700,NaN,NaN,NaN,NaN,NaN,NaN,NaN
1742950800,1.23,1.23,1.22,1.22,206300,NaN,NaN,NaN,NaN,NaN,NaN,NaN
1743037200,1.23,1.24,1.23,1.23,340500,NaN,NaN,NaN,NaN,NaN,NaN,NaN
1743123600,1.25,1.25,1.23,1.23,82100,1437178945,3562265000,1035723999.9999999,96567000,648870000,2503787000,6.91056910569106
1743555600,1.23,1.23,1.22,1.22,382600,NaN,NaN,NaN,NaN,NaN,NaN,NaN
1743642000,1.23,1.23,1.22,1.22,163700,NaN,NaN,NaN,NaN,NaN,NaN,NaN
1743728400,1.22,1.22,1.2,1.21,944600,NaN,NaN,NaN,NaN,NaN,NaN,NaN
1743987600,1.21,1.21,1.13,1.13,2995600,NaN,NaN,NaN,NaN,NaN,NaN,NaN
1744074000,1.14,1.16,1.14,1.15,779400,NaN,NaN,NaN,NaN,NaN,NaN,NaN
1744160400,1.14,1.16,1.12,1.13,939900,NaN,NaN,NaN,NaN,NaN,NaN,NaN
1744246800,1.17,1.18,1.16,1.17,752400,NaN,NaN,NaN,NaN,NaN,NaN,NaN
1744333200,1.16,1.18,1.14,1.17,631800,NaN,NaN,NaN,NaN,NaN,NaN,NaN
1744592400,1.17,1.2,1.17,1.18,377500,NaN,NaN,NaN,NaN,NaN,NaN,NaN
1744678800,1.2,1.2,1.18,1.19,317700,NaN,NaN,NaN,NaN,NaN,NaN,NaN
1744765200,1.2,1.2,1.18,1.19,240000,NaN,NaN,NaN,NaN,NaN,NaN,NaN
1744851600,1.18,1.2,1.18,1.2,412400,NaN,NaN,NaN,NaN,NaN,NaN,NaN
1744938000,1.2,1.22,1.2,1.22,230600,NaN,NaN,NaN,NaN,NaN,NaN,NaN
1745197200,1.22,1.22,1.21,1.22,97200,NaN,NaN,NaN,NaN,NaN,NaN,NaN
1745283600,1.2,1.21,1.19,1.2,173700,NaN,NaN,NaN,NaN,NaN,NaN,NaN
1745370000,1.21,1.22,1.19,1.19,602800,NaN,NaN,NaN,NaN,NaN,NaN,NaN
1745456400,1.19,1.22,1.19,1.22,257300,NaN,NaN,NaN,NaN,NaN,NaN,NaN
1745542800,1.21,1.22,1.2,1.21,765800,NaN,NaN,NaN,NaN,NaN,NaN,NaN
1745802000,1.22,1.23,1.22,1.22,361000,NaN,NaN,NaN,NaN,NaN,NaN,NaN
1745888400,1.22,1.25,1.22,1.25,571900,NaN,NaN,NaN,NaN,NaN,NaN,NaN
1745974800,1.25,1.26,1.24,1.24,281400,NaN,NaN,NaN,NaN,NaN,NaN,NaN
1746147600,1.25,1.25,1.23,1.24,250000,NaN,NaN,NaN,NaN,NaN,NaN,NaN
1746406800,1.24,1.26,1.24,1.25,324300,NaN,NaN,NaN,NaN,NaN,NaN,NaN
1746493200,1.24,1.28,1.23,1.28,910300,NaN,NaN,NaN,NaN,NaN,NaN,NaN
1746579600,1.26,1.27,1.25,1.26,390400,NaN,NaN,NaN,NaN,NaN,NaN,NaN
1746666000,1.26,1.26,1.25,1.26,247300,NaN,NaN,NaN,NaN,NaN,NaN,NaN
1746752400,1.27,1.27,1.26,1.27,134200,NaN,NaN,NaN,NaN,NaN,NaN,NaN
1747098000,1.27,1.27,1.25,1.26,408900,NaN,NaN,NaN,NaN,NaN,NaN,NaN
1747184400,1.26,1.28,1.25,1.28,161400,NaN,NaN,NaN,NaN,NaN,NaN,NaN
1747270800,1.28,1.28,1.26,1.27,493500,NaN,NaN,NaN,NaN,NaN,NaN,NaN
1747357200,1.27,1.28,1.26,1.27,273800,NaN,NaN,NaN,NaN,NaN,NaN,NaN
1747616400,1.27,1.27,1.25,1.27,525600,NaN,NaN,NaN,NaN,NaN,NaN,NaN
1747702800,1.27,1.27,1.25,1.27,310000,NaN,NaN,NaN,NaN,NaN,NaN,NaN
1747789200,1.27,1.28,1.26,1.27,250900,NaN,NaN,NaN,NaN,NaN,NaN,NaN
1747875600,1.26,1.27,1.26,1.27,468900,NaN,NaN,NaN,NaN,NaN,NaN,NaN
1747962000,1.27,1.27,1.25,1.25,397200,NaN,NaN,NaN,NaN,NaN,NaN,NaN
1748221200,1.25,1.26,1.24,1.26,360200,NaN,NaN,NaN,NaN,NaN,NaN,NaN
1748307600,1.25,1.26,1.25,1.26,143000,NaN,NaN,NaN,NaN,NaN,NaN,NaN
1748394000,1.26,1.27,1.25,1.26,278800,NaN,NaN,NaN,NaN,NaN,NaN,NaN
1748480400,1.27,1.29,1.27,1.28,868500,NaN,NaN,NaN,NaN,NaN,NaN,NaN
1748566800,1.28,1.29,1.27,1.28,242700,NaN,NaN,NaN,NaN,NaN,NaN,NaN
1748912400,1.28,1.29,1.27,1.28,1436100,NaN,NaN,NaN,NaN,NaN,NaN,NaN
1748998800,1.28,1.29,1.27,1.29,293000,NaN,NaN,NaN,NaN,NaN,NaN,NaN
1749085200,1.29,1.29,1.28,1.29,190000,NaN,NaN,NaN,NaN,NaN,NaN,NaN
1749171600,1.28,1.29,1.28,1.29,322700,NaN,NaN,NaN,NaN,NaN,NaN,NaN
1749430800,1.29,1.29,1.28,1.29,448500,NaN,NaN,NaN,NaN,NaN,NaN,NaN
1749517200,1.28,1.29,1.28,1.28,799600,NaN,NaN,NaN,NaN,NaN,NaN,NaN
1749603600,1.29,1.29,1.28,1.29,560700,NaN,NaN,NaN,NaN,NaN,NaN,NaN
1749690000,1.29,1.29,1.28,1.28,591100,NaN,NaN,NaN,NaN,NaN,NaN,NaN
1749776400,1.26,1.27,1.25,1.27,501100,NaN,NaN,NaN,NaN,NaN,NaN,NaN
1750035600,1.26,1.27,1.25,1.25,224900,NaN,NaN,NaN,NaN,NaN,NaN,NaN
1750122000,1.25,1.27,1.25,1.27,111200,NaN,NaN,NaN,NaN,NaN,NaN,NaN
1750208400,1.27,1.27,1.25,1.25,191400,NaN,NaN,NaN,NaN,NaN,NaN,NaN
1750294800,1.25,1.26,1.24,1.26,422300,NaN,NaN,NaN,NaN,NaN,NaN,NaN
1750381200,1.26,1.26,1.24,1.24,157800,NaN,NaN,NaN,NaN,NaN,NaN,NaN
1750640400,1.24,1.24,1.22,1.23,417200,NaN,NaN,NaN,NaN,NaN,NaN,NaN
1750726800,1.24,1.25,1.23,1.25,205300,NaN,NaN,NaN,NaN,NaN,NaN,NaN
1750813200,1.24,1.27,1.24,1.27,305400,NaN,NaN,NaN,NaN,NaN,NaN,NaN
1750899600,1.27,1.27,1.25,1.27,267100,NaN,NaN,NaN,NaN,NaN,NaN,NaN
1751245200,1.27,1.27,1.25,1.27,243600,1437178945,3577299000,1023708000,105631000,570756000,2530255000,7.08661417322835
1751331600,1.27,1.27,1.25,1.26,364800,NaN,NaN,NaN,NaN,NaN,NaN,NaN
1751418000,1.26,1.28,1.25,1.26,526700,NaN,NaN,NaN,NaN,NaN,NaN,NaN
1751504400,1.27,1.29,1.27,1.29,650800,NaN,NaN,NaN,NaN,NaN,NaN,NaN
1751590800,1.29,1.3,1.28,1.3,521000,NaN,NaN,NaN,NaN,NaN,NaN,NaN
1751850000,1.3,1.32,1.29,1.31,1096900,NaN,NaN,NaN,NaN,NaN,NaN,NaN
1751936400,1.31,1.38,1.3,1.36,1864600,NaN,NaN,NaN,NaN,NaN,NaN,NaN
1752022800,1.35,1.38,1.35,1.36,1347300,NaN,NaN,NaN,NaN,NaN,NaN,NaN
1752109200,1.36,1.37,1.35,1.36,267700,NaN,NaN,NaN,NaN,NaN,NaN,NaN
1752195600,1.36,1.36,1.34,1.35,345000,NaN,NaN,NaN,NaN,NaN,NaN,NaN
1752454800,1.34,1.35,1.32,1.33,1008600,NaN,NaN,NaN,NaN,NaN,NaN,NaN
1752541200,1.33,1.34,1.32,1.34,305600,NaN,NaN,NaN,NaN,NaN,NaN,NaN
1752627600,1.34,1.35,1.33,1.34,417200,NaN,NaN,NaN,NaN,NaN,NaN,NaN
1752714000,1.35,1.35,1.32,1.33,462400,NaN,NaN,NaN,NaN,NaN,NaN,NaN
1752800400,1.33,1.34,1.33,1.34,275000,NaN,NaN,NaN,NaN,NaN,NaN,NaN
1753059600,1.33,1.34,1.33,1.33,166400,NaN,NaN,NaN,NaN,NaN,NaN,NaN
1753146000,1.33,1.35,1.33,1.35,378200,NaN,NaN,NaN,NaN,NaN,NaN,NaN
1753232400,1.34,1.35,1.34,1.34,581700,NaN,NaN,NaN,NaN,NaN,NaN,NaN
1753318800,1.34,1.37,1.34,1.36,964200,NaN,NaN,NaN,NaN,NaN,NaN,NaN
1753405200,1.35,1.36,1.34,1.36,667100,NaN,NaN,NaN,NaN,NaN,NaN,NaN
1753664400,1.36,1.38,1.35,1.36,891800,NaN,NaN,NaN,NaN,NaN,NaN,NaN
1753750800,1.36,1.38,1.35,1.37,616000,NaN,NaN,NaN,NaN,NaN,NaN,NaN
1753837200,1.36,1.37,1.35,1.36,446000,NaN,NaN,NaN,NaN,NaN,NaN,NaN
1753923600,1.35,1.37,1.35,1.35,322500,NaN,NaN,NaN,NaN,NaN,NaN,NaN
1754010000,1.35,1.38,1.35,1.37,1034400,NaN,NaN,NaN,NaN,NaN,NaN,NaN
1754269200,1.37,1.37,1.33,1.33,1661900,NaN,NaN,NaN,NaN,NaN,NaN,NaN
1754355600,1.33,1.35,1.33,1.34,1273600,NaN,NaN,NaN,NaN,NaN,NaN,NaN
1754442000,1.33,1.34,1.32,1.33,797700,NaN,NaN,NaN,NaN,NaN,NaN,NaN
1754528400,1.33,1.33,1.32,1.33,216500,NaN,NaN,NaN,NaN,NaN,NaN,NaN
1754614800,1.32,1.33,1.31,1.32,769300,NaN,NaN,NaN,NaN,NaN,NaN,NaN
1754874000,1.32,1.34,1.32,1.33,833700,NaN,NaN,NaN,NaN,NaN,NaN,NaN
1754960400,1.33,1.34,1.32,1.33,522800,NaN,NaN,NaN,NaN,NaN,NaN,NaN
1755046800,1.34,1.34,1.33,1.33,482100,NaN,NaN,NaN,NaN,NaN,NaN,NaN
1755133200,1.33,1.33,1.32,1.33,406300,NaN,NaN,NaN,NaN,NaN,NaN,NaN
1755219600,1.33,1.34,1.32,1.33,162600,NaN,NaN,NaN,NaN,NaN,NaN,NaN
1755478800,1.34,1.34,1.33,1.33,217400,NaN,NaN,NaN,NaN,NaN,NaN,NaN
1755565200,1.34,1.35,1.34,1.34,179800,NaN,NaN,NaN,NaN,NaN,NaN,NaN
1755651600,1.35,1.35,1.34,1.34,173100,NaN,NaN,NaN,NaN,NaN,NaN,NaN
1755738000,1.35,1.36,1.35,1.35,173800,NaN,NaN,NaN,NaN,NaN,NaN,NaN
1755824400,1.37,1.41,1.37,1.39,2698900,NaN,NaN,NaN,NaN,NaN,NaN,NaN
1756083600,1.39,1.41,1.39,1.39,1233100,NaN,NaN,NaN,NaN,NaN,NaN,NaN
1756170000,1.4,1.4,1.38,1.39,291400,NaN,NaN,NaN,NaN,NaN,NaN,NaN
1756256400,1.39,1.4,1.38,1.4,520800,NaN,NaN,NaN,NaN,NaN,NaN,NaN
1756342800,1.39,1.4,1.38,1.39,778900,NaN,NaN,NaN,NaN,NaN,NaN,NaN
1756429200,1.39,1.4,1.38,1.4,511900,NaN,NaN,NaN,NaN,NaN,NaN,NaN
1756774800,1.4,1.4,1.38,1.39,667300,NaN,NaN,NaN,NaN,NaN,NaN,NaN
1756861200,1.39,1.39,1.38,1.38,251100,NaN,NaN,NaN,NaN,NaN,NaN,NaN
1756947600,1.39,1.39,1.37,1.39,413100,NaN,NaN,NaN,NaN,NaN,NaN,NaN
1757293200,1.39,1.4,1.38,1.39,758500,NaN,NaN,NaN,NaN,NaN,NaN,NaN
1757379600,1.38,1.38,1.36,1.36,305200,NaN,NaN,NaN,NaN,NaN,NaN,NaN
1757466000,1.36,1.36,1.33,1.34,1029600,NaN,NaN,NaN,NaN,NaN,NaN,NaN
1757552400,1.34,1.36,1.34,1.36,427000,NaN,NaN,NaN,NaN,NaN,NaN,NaN
1757638800,1.35,1.36,1.35,1.35,287400,NaN,NaN,NaN,NaN,NaN,NaN,NaN
1758070800,1.34,1.36,1.34,1.36,724000,NaN,NaN,NaN,NaN,NaN,NaN,NaN
1758157200,1.35,1.36,1.35,1.36,206600,NaN,NaN,NaN,NaN,NaN,NaN,NaN
1758243600,1.36,1.36,1.35,1.36,176500,NaN,NaN,NaN,NaN,NaN,NaN,NaN
1758502800,1.36,1.36,1.35,1.36,328500,NaN,NaN,NaN,NaN,NaN,NaN,NaN
1758589200,1.36,1.37,1.35,1.37,779800,NaN,NaN,NaN,NaN,NaN,NaN,NaN
1758675600,1.36,1.37,1.35,1.36,358500,NaN,NaN,NaN,NaN,NaN,NaN,NaN
1758762000,1.36,1.39,1.36,1.38,1278600,NaN,NaN,NaN,NaN,NaN,NaN,NaN
1758848400,1.39,1.39,1.37,1.39,434000,NaN,NaN,NaN,NaN,NaN,NaN,NaN