time,open,high,low,close,Volume,Total common shares outstanding,Total assets,Total liabilities,Operating income,Total revenue,Shareholders&#039; equity,Dividend yield %
1478826000,0.66222095,0.66666561,0.65777695,0.66222095,395550.22941913,NaN,NaN,NaN,NaN,NaN,NaN,NaN
1479085200,0.66222095,0.66222095,0.65333229,0.65777695,285075.1653436,NaN,NaN,NaN,NaN,NaN,NaN,NaN
1479171600,0.65777695,0.66666561,0.65777695,0.66666561,236475.13715558,NaN,NaN,NaN,NaN,NaN,NaN,NaN
1479258000,0.66666561,0.67555427,0.65777695,0.67555427,524025.30393468,NaN,NaN,NaN,NaN,NaN,NaN,NaN
1479344400,0.66666561,0.66666561,0.66222095,0.66222095,112050.06498904,NaN,NaN,NaN,NaN,NaN,NaN,NaN
1479430800,0.66222095,0.67111028,0.66222095,0.66666561,383625.22250263,NaN,NaN,NaN,NaN,NaN,NaN,NaN
1479690000,0.66222095,0.66666561,0.66222095,0.66222095,44775.02596952,NaN,NaN,NaN,NaN,NaN,NaN,NaN
1479776400,0.66666561,0.66666561,0.65777695,0.66222095,82575.04789353,NaN,NaN,NaN,NaN,NaN,NaN,NaN
1479862800,0.66222095,0.66222095,0.65333229,0.66222095,451800.26204415,NaN,NaN,NaN,NaN,NaN,NaN,NaN
1479949200,0.66222095,0.66222095,0.65777695,0.65777695,260550.15111909,NaN,NaN,NaN,NaN,NaN,NaN,NaN
1480035600,0.65777695,0.65777695,0.65333229,0.65333229,400950.23255113,NaN,NaN,NaN,NaN,NaN,NaN,NaN
1480294800,0.65333229,0.65333229,0.6355543,0.64444363,794925.46105677,NaN,NaN,NaN,NaN,NaN,NaN,NaN
1480381200,0.64444363,0.64444363,0.63999896,0.64444363,516150.29936717,NaN,NaN,NaN,NaN,NaN,NaN,NaN
1480467600,0.64444363,0.67999894,0.6355543,0.67999894,1010475.58607584,NaN,NaN,NaN,NaN,NaN,NaN,NaN
1480554000,0.67999894,0.67999894,0.65777695,0.65777695,564975.32768569,NaN,NaN,NaN,NaN,NaN,NaN,NaN
1480640400,0.67111028,0.67111028,0.65777695,0.66222095,97200.05637603,NaN,NaN,NaN,NaN,NaN,NaN,NaN
1480899600,0.65777695,0.66222095,0.65333229,0.65777695,186300.10805406,NaN,NaN,NaN,NaN,NaN,NaN,NaN
1480986000,0.65777695,0.66222095,0.64888762,0.66222095,507600.29440817,NaN,NaN,NaN,NaN,NaN,NaN,NaN
1481072400,0.65333229,0.65777695,0.65333229,0.65333229,1020150.59168734,NaN,NaN,NaN,NaN,NaN,NaN,NaN
1481158800,0.66222095,0.67999894,0.65333229,0.67999894,366750.21271512,NaN,NaN,NaN,NaN,NaN,NaN,NaN
1481245200,0.66666561,0.66666561,0.65333229,0.66666561,435375.25251765,NaN,NaN,NaN,NaN,NaN,NaN,NaN
1481590800,0.67555427,0.67555427,0.65777695,0.66666561,287325.1666486,NaN,NaN,NaN,NaN,NaN,NaN,NaN
1481677200,0.66222095,0.66222095,0.64888762,0.65333229,576225.33421069,NaN,NaN,NaN,NaN,NaN,NaN,NaN
1481763600,0.65333229,0.65333229,0.64444363,0.64444363,1032525.59886485,NaN,NaN,NaN,NaN,NaN,NaN,NaN
1481850000,0.64444363,0.64444363,0.63999896,0.63999896,1269225.73615093,NaN,NaN,NaN,NaN,NaN,NaN,NaN
1482109200,0.63999896,0.63999896,0.6311103,0.6311103,1395450.80936147,NaN,NaN,NaN,NaN,NaN,NaN,NaN
1482195600,0.6311103,0.6311103,0.61777698,0.61777698,2335727.85472216,NaN,NaN,NaN,NaN,NaN,NaN,NaN
1482282000,0.62666564,0.6311103,0.62222097,0.62666564,330975.19196561,NaN,NaN,NaN,NaN,NaN,NaN,NaN
1482368400,0.6311103,0.6355543,0.62666564,0.62666564,1101825.63905887,NaN,NaN,NaN,NaN,NaN,NaN,NaN
1482454800,0.62666564,0.6311103,0.62222097,0.62222097,239175.13872158,NaN,NaN,NaN,NaN,NaN,NaN,NaN
1482800400,0.62666564,0.6311103,0.62666564,0.6311103,96300.05585403,NaN,NaN,NaN,NaN,NaN,NaN,NaN
1482886800,0.6311103,0.6355543,0.62666564,0.6311103,164025.09513456,NaN,NaN,NaN,NaN,NaN,NaN,NaN
1482973200,0.6311103,0.6311103,0.62666564,0.62666564,228600.13258808,NaN,NaN,NaN,NaN,NaN,NaN,NaN
1483059600,0.62666564,0.6311103,0.62222097,0.62222097,472725.27418066,NaN,NaN,NaN,NaN,NaN,NaN,NaN
1483405200,0.62666564,0.6311103,0.62222097,0.62666564,163350.09474305,NaN,NaN,NaN,NaN,NaN,NaN,NaN
1483491600,0.6311103,0.6311103,0.62666564,0.62666564,177075.10270356,NaN,NaN,NaN,NaN,NaN,NaN,NaN
1483578000,0.62666564,0.6355543,0.62666564,0.6311103,447525.25956465,NaN,NaN,NaN,NaN,NaN,NaN,NaN
1483664400,0.6355543,0.63999896,0.6311103,0.63999896,315000.18270011,NaN,NaN,NaN,NaN,NaN,NaN,NaN
1483923600,0.63999896,0.63999896,0.6311103,0.6355543,159750.09265505,NaN,NaN,NaN,NaN,NaN,NaN,NaN
1484010000,0.6311103,0.64444363,0.6311103,0.6311103,165825.09617856,NaN,NaN,NaN,NaN,NaN,NaN,NaN
1484096400,0.6311103,0.6355543,0.6311103,0.6355543,673875.39084773,NaN,NaN,NaN,NaN,NaN,NaN,NaN
1484182800,0.6355543,0.65333229,0.6355543,0.64888762,841275.48793978,NaN,NaN,NaN,NaN,NaN,NaN,NaN
1484269200,0.64444363,0.64444363,0.6355543,0.63999896,493875.28644767,NaN,NaN,NaN,NaN,NaN,NaN,NaN
1484528400,0.63999896,0.63999896,0.6311103,0.6355543,236700.13728608,NaN,NaN,NaN,NaN,NaN,NaN,NaN
1484614800,0.6355543,0.6355543,0.6311103,0.6355543,151650.08795705,NaN,NaN,NaN,NaN,NaN,NaN,NaN
1484701200,0.6355543,0.63999896,0.6311103,0.6311103,467775.27130966,NaN,NaN,NaN,NaN,NaN,NaN,NaN
1484787600,0.6311103,0.6355543,0.62222097,0.62222097,1625852.44299442,NaN,NaN,NaN,NaN,NaN,NaN,NaN
1484874000,0.62666564,0.62666564,0.62222097,0.62222097,413775.23998964,NaN,NaN,NaN,NaN,NaN,NaN,NaN
1485133200,0.62666564,0.62666564,0.62222097,0.62222097,416025.24129464,NaN,NaN,NaN,NaN,NaN,NaN,NaN
1485219600,0.62666564,0.62666564,0.62222097,0.62222097,1000125.58007284,NaN,NaN,NaN,NaN,NaN,NaN,NaN
1485306000,0.62222097,0.62666564,0.62222097,0.62222097,440100.25525815,NaN,NaN,NaN,NaN,NaN,NaN,NaN
1485392400,0.62666564,0.62666564,0.62222097,0.62666564,519300.30119417,NaN,NaN,NaN,NaN,NaN,NaN,NaN
1485478800,0.62222097,0.6355543,0.62222097,0.6311103,193725.11236057,NaN,NaN,NaN,NaN,NaN,NaN,NaN
1485824400,0.62666564,0.62666564,0.62222097,0.62222097,2333702.85354766,NaN,NaN,NaN,NaN,NaN,NaN,NaN
1485997200,0.62666564,0.6311103,0.62222097,0.62666564,1073025.62235486,NaN,NaN,NaN,NaN,NaN,NaN,NaN
1486083600,0.62666564,0.62666564,0.62222097,0.62666564,1166625.67664289,NaN,NaN,NaN,NaN,NaN,NaN,NaN
1486342800,0.62666564,0.6311103,0.62222097,0.62666564,4022330.33295159,NaN,NaN,NaN,NaN,NaN,NaN,NaN
1486429200,0.62666564,0.6355543,0.62222097,0.6311103,7000885.06051333,NaN,NaN,NaN,NaN,NaN,NaN,NaN
1486515600,0.6355543,0.64444363,0.6311103,0.6311103,7803012.02574697,NaN,NaN,NaN,NaN,NaN,NaN,NaN
1486688400,0.6311103,0.63999896,0.6311103,0.63999896,7491385.3450035,NaN,NaN,NaN,NaN,NaN,NaN,NaN
1486947600,0.64444363,0.66222095,0.63999896,0.65777695,4985557.39162329,NaN,NaN,NaN,NaN,NaN,NaN,NaN
1487034000,0.66222095,0.66222095,0.64888762,0.64888762,2248427.80408813,NaN,NaN,NaN,NaN,NaN,NaN,NaN
1487120400,0.65333229,0.65777695,0.64888762,0.64888762,1846802.57114549,NaN,NaN,NaN,NaN,NaN,NaN,NaN
1487206800,0.64888762,0.64888762,0.63999896,0.63999896,1160550.67311939,NaN,NaN,NaN,NaN,NaN,NaN,NaN
1487293200,0.64444363,0.64888762,0.63999896,0.64888762,1143000.66294038,NaN,NaN,NaN,NaN,NaN,NaN,NaN
1487552400,0.64888762,0.65333229,0.64444363,0.64444363,1045575.60643385,NaN,NaN,NaN,NaN,NaN,NaN,NaN
1487638800,0.64888762,0.65333229,0.64888762,0.65333229,1807427.54830798,NaN,NaN,NaN,NaN,NaN,NaN,NaN
1487725200,0.65777695,0.67555427,0.65777695,0.66222095,5265232.55383488,NaN,NaN,NaN,NaN,NaN,NaN,NaN
1487811600,0.66666561,0.67111028,0.66222095,0.66666561,1468125.85151299,NaN,NaN,NaN,NaN,NaN,NaN,NaN
1487898000,0.66222095,0.66666561,0.66222095,0.66666561,1479150.8579075,NaN,NaN,NaN,NaN,NaN,NaN,NaN
1488157200,0.65777695,0.66222095,0.64888762,0.64888762,2036477.68115705,NaN,NaN,NaN,NaN,NaN,NaN,NaN
1488243600,0.64444363,0.64888762,0.6355543,0.63999896,2893053.17797084,NaN,NaN,NaN,NaN,NaN,NaN,NaN
1488330000,0.63999896,0.65333229,0.63999896,0.64888762,549225.31855068,NaN,NaN,NaN,NaN,NaN,NaN,NaN
1488416400,0.65333229,0.65777695,0.64888762,0.65333229,1285650.74567743,NaN,NaN,NaN,NaN,NaN,NaN,NaN
1488502800,0.65777695,0.65777695,0.64444363,0.64444363,1806527.54778598,NaN,NaN,NaN,NaN,NaN,NaN,NaN
1488762000,0.64888762,0.65777695,0.64888762,0.65777695,2222552.78908062,NaN,NaN,NaN,NaN,NaN,NaN,NaN
1488848400,0.65777695,0.65777695,0.65333229,0.65777695,1715852.49519445,NaN,NaN,NaN,NaN,NaN,NaN,NaN
1488934800,0.65777695,0.65777695,0.65333229,0.65777695,874125.50699279,NaN,NaN,NaN,NaN,NaN,NaN,NaN
1489021200,0.65777695,0.66222095,0.65333229,0.65333229,1378350.79944346,NaN,NaN,NaN,NaN,NaN,NaN,NaN
1489107600,0.65333229,0.66666561,0.65333229,0.65777695,2784378.11493931,NaN,NaN,NaN,NaN,NaN,NaN,NaN
1489366800,0.66222095,0.66666561,0.66222095,0.66666561,683775.39658973,NaN,NaN,NaN,NaN,NaN,NaN,NaN
1489453200,0.66666561,0.67999894,0.66222095,0.66666561,1976402.64631353,NaN,NaN,NaN,NaN,NaN,NaN,NaN
1489539600,0.66222095,0.66666561,0.65333229,0.65777695,1226925.71161691,NaN,NaN,NaN,NaN,NaN,NaN,NaN
1489626000,0.66222095,0.66666561,0.65777695,0.66666561,3432154.99064989,NaN,NaN,NaN,NaN,NaN,NaN,NaN
1489712400,0.66666561,0.69333226,0.66666561,0.6844436,22738985.6886117,NaN,NaN,NaN,NaN,NaN,NaN,NaN
1489971600,0.69333226,0.70666559,0.69333226,0.69777693,2390627.88656417,NaN,NaN,NaN,NaN,NaN,NaN,NaN
1490058000,0.69777693,0.70222093,0.6888876,0.70222093,2812278.13112132,NaN,NaN,NaN,NaN,NaN,NaN,NaN
1490144400,0.70222093,0.70222093,0.6888876,0.69777693,747225.43339075,NaN,NaN,NaN,NaN,NaN,NaN,NaN
1490230800,0.69333226,0.70222093,0.69333226,0.69777693,4056755.3529181,NaN,NaN,NaN,NaN,NaN,NaN,NaN
1490317200,0.69777693,0.70222093,0.6888876,0.69333226,1377900.79918246,NaN,NaN,NaN,NaN,NaN,NaN,NaN
1490576400,0.69777693,0.71999892,0.69333226,0.70666559,5221132.52825687,NaN,NaN,NaN,NaN,NaN,NaN,NaN
1490662800,0.71555425,0.71555425,0.70222093,0.71111025,983700.57054633,NaN,NaN,NaN,NaN,NaN,NaN,NaN
1490749200,0.71111025,0.71555425,0.70222093,0.71555425,2385227.88343217,NaN,NaN,NaN,NaN,NaN,NaN,NaN
1490835600,0.71111025,0.71555425,0.70666559,0.70666559,1979552.64814054,NaN,NaN,NaN,NaN,NaN,NaN,NaN
1490922000,0.71111025,0.71555425,0.70222093,0.70222093,2331902.85250365,NaN,NaN,NaN,NaN,NaN,NaN,NaN
1491181200,0.70666559,0.71555425,0.70666559,0.71111025,2575802.99396574,NaN,NaN,NaN,NaN,NaN,NaN,NaN
1491267600,0.71555425,0.72444358,0.71555425,0.71999892,1109475.64349587,NaN,NaN,NaN,NaN,NaN,NaN,NaN
1491354000,0.72444358,0.72888758,0.71999892,0.72888758,1245150.72218742,NaN,NaN,NaN,NaN,NaN,NaN,NaN
1491440400,0.74666557,0.74666557,0.71999892,0.72444358,9318839.40492686,NaN,NaN,NaN,NaN,NaN,NaN,NaN
1491526800,0.72444358,0.72888758,0.71555425,0.72444358,2294102.83057964,NaN,NaN,NaN,NaN,NaN,NaN,NaN
1491786000,0.72444358,0.73333224,0.71555425,0.71555425,1765577.52403496,NaN,NaN,NaN,NaN,NaN,NaN,NaN
1491872400,0.71555425,0.72888758,0.71555425,0.71999892,2293202.83005764,NaN,NaN,NaN,NaN,NaN,NaN,NaN
1491958800,0.71999892,0.72888758,0.71555425,0.72888758,1149075.66646389,NaN,NaN,NaN,NaN,NaN,NaN,NaN
1492045200,0.71999892,0.72888758,0.71555425,0.71555425,3075979.78406828,NaN,NaN,NaN,NaN,NaN,NaN,NaN
1492131600,0.71999892,0.71999892,0.71555425,0.71555425,1275750.73993543,NaN,NaN,NaN,NaN,NaN,NaN,NaN
1492390800,0.71999892,0.71999892,0.69777693,0.70666559,2139977.74118709,NaN,NaN,NaN,NaN,NaN,NaN,NaN
1492477200,0.71111025,0.71111025,0.69777693,0.71111025,2726778.08153129,NaN,NaN,NaN,NaN,NaN,NaN,NaN
1492563600,0.70666559,0.70666559,0.69777693,0.70222093,2246402.80291363,NaN,NaN,NaN,NaN,NaN,NaN,NaN
1492650000,0.67999894,0.6844436,0.67555427,0.67999894,1853327.57492999,NaN,NaN,NaN,NaN,NaN,NaN,NaN
1492736400,0.67999894,0.6844436,0.67999894,0.67999894,2006327.66367004,NaN,NaN,NaN,NaN,NaN,NaN,NaN
1493082000,0.6888876,0.69333226,0.67999894,0.69333226,1433925.83167698,NaN,NaN,NaN,NaN,NaN,NaN,NaN
1493168400,0.69333226,0.69777693,0.6888876,0.69777693,975375.56571783,NaN,NaN,NaN,NaN,NaN,NaN,NaN
1493254800,0.69333226,0.69333226,0.6844436,0.69333226,631575.36631371,NaN,NaN,NaN,NaN,NaN,NaN,NaN
1493341200,0.6888876,0.70222093,0.6888876,0.69777693,4754707.25773021,NaN,NaN,NaN,NaN,NaN,NaN,NaN
1493686800,0.69777693,0.73777691,0.69777693,0.71999892,8109687.20361858,NaN,NaN,NaN,NaN,NaN,NaN,NaN
1493773200,0.71999892,0.72888758,0.71111025,0.71111025,2847378.15147933,NaN,NaN,NaN,NaN,NaN,NaN,NaN
1493859600,0.71555425,0.71999892,0.70222093,0.71555425,2119727.72944208,NaN,NaN,NaN,NaN,NaN,NaN,NaN
1493946000,0.71555425,0.71999892,0.70666559,0.71555425,835650.48467728,NaN,NaN,NaN,NaN,NaN,NaN,NaN
1494205200,0.71555425,0.71555425,0.70222093,0.71111025,1259100.73027842,NaN,NaN,NaN,NaN,NaN,NaN,NaN
1494291600,0.71111025,0.71111025,0.69333226,0.70666559,1841177.56788299,NaN,NaN,NaN,NaN,NaN,NaN,NaN
1494464400,0.70666559,0.71999892,0.70666559,0.71999892,2174627.7612841,NaN,NaN,NaN,NaN,NaN,NaN,NaN
1494550800,0.71111025,0.71999892,0.70666559,0.71111025,967950.56141133,NaN,NaN,NaN,NaN,NaN,NaN,NaN
1494810000,0.71111025,0.71999892,0.70666559,0.71111025,918675.53283181,NaN,NaN,NaN,NaN,NaN,NaN,NaN
1494896400,0.70666559,0.72444358,0.70666559,0.72444358,7625261.92265192,NaN,NaN,NaN,NaN,NaN,NaN,NaN
1494982800,0.72444358,0.73333224,0.71999892,0.73333224,2132777.73701109,NaN,NaN,NaN,NaN,NaN,NaN,NaN
1495069200,0.71999892,0.72888758,0.71999892,0.72888758,735975.42686575,NaN,NaN,NaN,NaN,NaN,NaN,NaN
1495155600,0.72444358,0.72888758,0.71999892,0.72444358,195525.11340457,NaN,NaN,NaN,NaN,NaN,NaN,NaN
1495414800,0.71999892,0.72888758,0.71999892,0.72444358,786375.45609776,NaN,NaN,NaN,NaN,NaN,NaN,NaN
1495501200,0.71999892,0.72444358,0.71555425,0.72444358,529875.30732768,NaN,NaN,NaN,NaN,NaN,NaN,NaN
1495587600,0.71555425,0.72444358,0.71555425,0.71999892,506925.29401667,NaN,NaN,NaN,NaN,NaN,NaN,NaN
1495674000,0.71555425,0.72444358,0.71555425,0.72444358,585450.3395612,NaN,NaN,NaN,NaN,NaN,NaN,NaN
1495760400,0.71555425,0.72444358,0.71111025,0.71555425,5181082.50502785,NaN,NaN,NaN,NaN,NaN,NaN,NaN
1496019600,0.70666559,0.71111025,0.69777693,0.70222093,1000125.58007284,NaN,NaN,NaN,NaN,NaN,NaN,NaN
1496106000,0.70666559,0.71111025,0.70222093,0.71111025,1225350.71070341,NaN,NaN,NaN,NaN,NaN,NaN,NaN
1496192400,0.70666559,0.73777691,0.70222093,0.73777691,4020980.33216859,NaN,NaN,NaN,NaN,NaN,NaN,NaN
1496278800,0.75111023,0.75999889,0.71999892,0.72888758,6147234.56539605,NaN,NaN,NaN,NaN,NaN,NaN,NaN
1496365200,0.73777691,0.74666557,0.72444358,0.72888758,1811252.55052648,NaN,NaN,NaN,NaN,NaN,NaN,NaN
1496624400,0.72888758,0.72888758,0.71999892,0.72888758,442800.25682415,NaN,NaN,NaN,NaN,NaN,NaN,NaN
1496710800,0.72444358,0.72444358,0.71999892,0.72444358,525825.30497868,NaN,NaN,NaN,NaN,NaN,NaN,NaN
1496797200,0.72444358,0.72444358,0.71555425,0.72444358,1009575.58555384,NaN,NaN,NaN,NaN,NaN,NaN,NaN
1496883600,0.72444358,0.72888758,0.71999892,0.72444358,319050.18504911,NaN,NaN,NaN,NaN,NaN,NaN,NaN
1496970000,0.71999892,0.72444358,0.71555425,0.72444358,392400.22759213,NaN,NaN,NaN,NaN,NaN,NaN,NaN
1497315600,0.71999892,0.72444358,0.71999892,0.72444358,631125.36605271,NaN,NaN,NaN,NaN,NaN,NaN,NaN
1497402000,0.72444358,0.72444358,0.71999892,0.72444358,428400.24847214,NaN,NaN,NaN,NaN,NaN,NaN,NaN
1497488400,0.71999892,0.72444358,0.71999892,0.71999892,247950.14381108,NaN,NaN,NaN,NaN,NaN,NaN,NaN
1497574800,0.71999892,0.72444358,0.71555425,0.72444358,237375.13767758,NaN,NaN,NaN,NaN,NaN,NaN,NaN
1497834000,0.71999892,0.71999892,0.71111025,0.71999892,259200.15033609,NaN,NaN,NaN,NaN,NaN,NaN,NaN
1497920400,0.71555425,0.71999892,0.70222093,0.71111025,675900.39202223,NaN,NaN,NaN,NaN,NaN,NaN,NaN
1498006800,0.70222093,0.70666559,0.70222093,0.70222093,143325.08312855,NaN,NaN,NaN,NaN,NaN,NaN,NaN
1498093200,0.70666559,0.71111025,0.70222093,0.71111025,161325.09356855,NaN,NaN,NaN,NaN,NaN,NaN,NaN
1498179600,0.71111025,0.71111025,0.70222093,0.71111025,123750.07177504,NaN,NaN,NaN,NaN,NaN,NaN,NaN
1498611600,0.71999892,0.71999892,0.70666559,0.71111025,395550.22941913,NaN,NaN,NaN,NaN,NaN,NaN,NaN
1498698000,0.71111025,0.71111025,0.70666559,0.71111025,117900.06838204,NaN,NaN,NaN,NaN,NaN,NaN,NaN
1498784400,0.70666559,0.71999892,0.70222093,0.71999892,510525.29610467,NaN,NaN,NaN,NaN,NaN,NaN,NaN
1499043600,0.71555425,0.71555425,0.70222093,0.70666559,76275.04423953,NaN,NaN,NaN,NaN,NaN,NaN,NaN
1499130000,0.70666559,0.71111025,0.70666559,0.70666559,67275.03901952,NaN,NaN,NaN,NaN,NaN,NaN,NaN
1499216400,0.70666559,0.70666559,0.70222093,0.70666559,151425.08782655,NaN,NaN,NaN,NaN,NaN,NaN,NaN
1499302800,0.70666559,0.71555425,0.70666559,0.71555425,473175.27444166,NaN,NaN,NaN,NaN,NaN,NaN,NaN
1499389200,0.71555425,0.71555425,0.70666559,0.71111025,760050.44082926,NaN,NaN,NaN,NaN,NaN,NaN,NaN
1499648400,0.71111025,0.71555425,0.70666559,0.71111025,144900.08404205,NaN,NaN,NaN,NaN,NaN,NaN,NaN
1499734800,0.70666559,0.71111025,0.69777693,0.70222093,662400.38419222,NaN,NaN,NaN,NaN,NaN,NaN,NaN
1499821200,0.69777693,0.70222093,0.69333226,0.70222093,245925.14263658,NaN,NaN,NaN,NaN,NaN,NaN,NaN
1499907600,0.69777693,0.70222093,0.69333226,0.70222093,443025.25695465,NaN,NaN,NaN,NaN,NaN,NaN,NaN
1499994000,0.69777693,0.71111025,0.69777693,0.71111025,1034550.60003935,NaN,NaN,NaN,NaN,NaN,NaN,NaN
1500253200,0.70222093,0.70666559,0.70222093,0.70666559,297675.1726516,NaN,NaN,NaN,NaN,NaN,NaN,NaN
1500339600,0.70222093,0.70666559,0.69777693,0.70222093,261450.15164109,NaN,NaN,NaN,NaN,NaN,NaN,NaN
1500426000,0.69777693,0.70222093,0.69777693,0.70222093,395775.22954963,NaN,NaN,NaN,NaN,NaN,NaN,NaN
1500512400,0.69777693,0.70666559,0.69777693,0.70222093,343800.19940412,NaN,NaN,NaN,NaN,NaN,NaN,NaN
1500598800,0.69777693,0.70222093,0.69777693,0.70222093,141075.08182355,NaN,NaN,NaN,NaN,NaN,NaN,NaN
1500858000,0.70222093,0.70666559,0.69777693,0.70666559,341550.19809911,NaN,NaN,NaN,NaN,NaN,NaN,NaN
1500944400,0.69777693,0.69777693,0.6888876,0.69777693,936675.54327182,NaN,NaN,NaN,NaN,NaN,NaN,NaN
1501030800,0.69777693,0.69777693,0.69333226,0.69777693,1001250.58072534,NaN,NaN,NaN,NaN,NaN,NaN,NaN
1501117200,0.69777693,0.69777693,0.69333226,0.69777693,368325.21362862,NaN,NaN,NaN,NaN,NaN,NaN,NaN
1501203600,0.69777693,0.69777693,0.69333226,0.69777693,565650.32807719,NaN,NaN,NaN,NaN,NaN,NaN,NaN
1501462800,0.69777693,0.71111025,0.69777693,0.71111025,920025.53361481,NaN,NaN,NaN,NaN,NaN,NaN,NaN
1501549200,0.70666559,0.71111025,0.70222093,0.71111025,345600.20044812,NaN,NaN,NaN,NaN,NaN,NaN,NaN
1501635600,0.70222093,0.71555425,0.70222093,0.71555425,360900.20932212,NaN,NaN,NaN,NaN,NaN,NaN,NaN
1501722000,0.70222093,0.71111025,0.70222093,0.71111025,552150.32024719,NaN,NaN,NaN,NaN,NaN,NaN,NaN
1501808400,0.70222093,0.70666559,0.69777693,0.70222093,438975.25460565,NaN,NaN,NaN,NaN,NaN,NaN,NaN
1502067600,0.70222093,0.71111025,0.70222093,0.71111025,501300.29075417,NaN,NaN,NaN,NaN,NaN,NaN,NaN
1502154000,0.70666559,0.71111025,0.70222093,0.70666559,680625.39476273,NaN,NaN,NaN,NaN,NaN,NaN,NaN
1502240400,0.70222093,0.71111025,0.70222093,0.71111025,341550.19809911,NaN,NaN,NaN,NaN,NaN,NaN,NaN
1502326800,0.70666559,0.70666559,0.70222093,0.70666559,535725.31072068,NaN,NaN,NaN,NaN,NaN,NaN,NaN
1502413200,0.69777693,0.69777693,0.6888876,0.69333226,892350.5175633,NaN,NaN,NaN,NaN,NaN,NaN,NaN
1502672400,0.6888876,0.69333226,0.67999894,0.69333226,329400.19105211,NaN,NaN,NaN,NaN,NaN,NaN,NaN
1502758800,0.6844436,0.69333226,0.6844436,0.6844436,181575.10531356,NaN,NaN,NaN,NaN,NaN,NaN,NaN
1502845200,0.6888876,0.69333226,0.67999894,0.6844436,614250.35626521,NaN,NaN,NaN,NaN,NaN,NaN,NaN
1502931600,0.6844436,0.6888876,0.67999894,0.6888876,528075.30628368,NaN,NaN,NaN,NaN,NaN,NaN,NaN
1503018000,0.6888876,0.6888876,0.67999894,0.6844436,297225.1723906,NaN,NaN,NaN,NaN,NaN,NaN,NaN
1503277200,0.6844436,0.6888876,0.67555427,0.6844436,1643177.45304292,NaN,NaN,NaN,NaN,NaN,NaN,NaN
1503363600,0.6888876,0.70222093,0.6888876,0.69333226,1537877.39196889,NaN,NaN,NaN,NaN,NaN,NaN,NaN
1503450000,0.70666559,0.72888758,0.70666559,0.71555425,5931682.94037611,NaN,NaN,NaN,NaN,NaN,NaN,NaN
1503536400,0.71999892,0.72444358,0.71555425,0.71555425,1683902.47666344,NaN,NaN,NaN,NaN,NaN,NaN,NaN
1503622800,0.71999892,0.73777691,0.71111025,0.71111025,3047854.76775576,NaN,NaN,NaN,NaN,NaN,NaN,NaN
1503882000,0.71555425,0.71555425,0.70666559,0.71111025,2315702.84310765,NaN,NaN,NaN,NaN,NaN,NaN,NaN
1503968400,0.71111025,0.71111025,0.70666559,0.71111025,223200.12945608,NaN,NaN,NaN,NaN,NaN,NaN,NaN
1504054800,0.71111025,0.71555425,0.71111025,0.71111025,1495350.8673035,NaN,NaN,NaN,NaN,NaN,NaN,NaN
1504573200,0.71111025,0.72888758,0.71111025,0.72888758,1969427.64226803,NaN,NaN,NaN,NaN,NaN,NaN,NaN
1504659600,0.72888758,0.72888758,0.71555425,0.72888758,762750.44239526,NaN,NaN,NaN,NaN,NaN,NaN,NaN
1504746000,0.72888758,0.72888758,0.71999892,0.72888758,301275.1747396,NaN,NaN,NaN,NaN,NaN,NaN,NaN
1504832400,0.72888758,0.72888758,0.72444358,0.72888758,708975.41120574,NaN,NaN,NaN,NaN,NaN,NaN,NaN
1505091600,0.72888758,0.73777691,0.72888758,0.73333224,1228050.71226941,NaN,NaN,NaN,NaN,NaN,NaN,NaN
1505178000,0.73777691,0.74666557,0.73777691,0.74666557,1169100.67807839,NaN,NaN,NaN,NaN,NaN,NaN,NaN
1505264400,0.74666557,0.74666557,0.73777691,0.7422209,569475.33029569,NaN,NaN,NaN,NaN,NaN,NaN,NaN
1505350800,0.7422209,0.7422209,0.73333224,0.73777691,259425.15046659,NaN,NaN,NaN,NaN,NaN,NaN,NaN
1505437200,0.73777691,0.74666557,0.73333224,0.73333224,963900.55906232,NaN,NaN,NaN,NaN,NaN,NaN,NaN
1505696400,0.73777691,0.74666557,0.73333224,0.73333224,4175780.42195265,NaN,NaN,NaN,NaN,NaN,NaN,NaN
1505782800,0.73777691,0.73777691,0.73333224,0.73777691,1052325.61034885,NaN,NaN,NaN,NaN,NaN,NaN,NaN
1505869200,0.73777691,0.73777691,0.73333224,0.73777691,2021852.67267455,NaN,NaN,NaN,NaN,NaN,NaN,NaN
1505955600,0.71999892,0.71999892,0.71111025,0.71555425,1077750.62509536,NaN,NaN,NaN,NaN,NaN,NaN,NaN
1506301200,0.71555425,0.71555425,0.70222093,0.70222093,599850.3479132,NaN,NaN,NaN,NaN,NaN,NaN,NaN
1506387600,0.70222093,0.71111025,0.69777693,0.70222093,232875.13506758,NaN,NaN,NaN,NaN,NaN,NaN,NaN
1506474000,0.70666559,0.70666559,0.70222093,0.70222093,301500.1748701,NaN,NaN,NaN,NaN,NaN,NaN,NaN
1506560400,0.70666559,0.71111025,0.70666559,0.71111025,304200.1764361,NaN,NaN,NaN,NaN,NaN,NaN,NaN
1506646800,0.70666559,0.71111025,0.69777693,0.71111025,594675.3449117,3115780731.71564,7892105000,3276016000,20778000,324650000,4544240000,4.68703358309999
1506906000,0.70666559,0.71111025,0.70666559,0.71111025,411300.23855414,NaN,NaN,NaN,NaN,NaN,NaN,NaN
1506992400,0.71111025,0.72888758,0.71111025,0.71555425,158175.09174155,NaN,NaN,NaN,NaN,NaN,NaN,NaN
1507078800,0.72444358,0.72444358,0.70666559,0.71555425,337950.19601111,NaN,NaN,NaN,NaN,NaN,NaN,NaN
1507165200,0.71111025,0.71999892,0.70222093,0.70222093,322200.18687611,NaN,NaN,NaN,NaN,NaN,NaN,NaN
1507251600,0.71555425,0.71555425,0.70666559,0.70666559,135675.07869155,NaN,NaN,NaN,NaN,NaN,NaN,NaN
1507510800,0.70666559,0.71999892,0.70666559,0.70666559,403650.23411714,NaN,NaN,NaN,NaN,NaN,NaN,NaN
1507597200,0.71555425,0.72444358,0.71111025,0.72444358,290025.1682146,NaN,NaN,NaN,NaN,NaN,NaN,NaN
1507683600,0.71555425,0.72444358,0.71555425,0.72444358,500850.29049317,NaN,NaN,NaN,NaN,NaN,NaN,NaN
1507770000,0.72444358,0.72444358,0.71111025,0.71111025,247500.14355008,NaN,NaN,NaN,NaN,NaN,NaN,NaN
1507856400,0.71555425,0.71555425,0.70666559,0.70666559,748800.43430425,NaN,NaN,NaN,NaN,NaN,NaN,NaN
1508115600,0.70666559,0.71555425,0.70222093,0.70666559,1324575.76825395,NaN,NaN,NaN,NaN,NaN,NaN,NaN
1508202000,0.70666559,0.71111025,0.70666559,0.71111025,359550.20853912,NaN,NaN,NaN,NaN,NaN,NaN,NaN
1508374800,0.71111025,0.71999892,0.70666559,0.71111025,346725.20110062,NaN,NaN,NaN,NaN,NaN,NaN,NaN
1508461200,0.71111025,0.71555425,0.70666559,0.71111025,1448325.84002899,NaN,NaN,NaN,NaN,NaN,NaN,NaN
1508720400,0.71555425,0.71555425,0.70666559,0.71111025,956025.55449482,NaN,NaN,NaN,NaN,NaN,NaN,NaN
1508806800,0.71111025,0.71111025,0.70222093,0.71111025,622575.36109371,NaN,NaN,NaN,NaN,NaN,NaN,NaN
1508893200,0.71111025,0.71111025,0.69777693,0.70222093,980775.56884983,NaN,NaN,NaN,NaN,NaN,NaN,NaN
1508979600,0.70222093,0.70222093,0.69777693,0.69777693,1067400.61909236,NaN,NaN,NaN,NaN,NaN,NaN,NaN
1509066000,0.69777693,0.70222093,0.69777693,0.70222093,398025.23085463,NaN,NaN,NaN,NaN,NaN,NaN,NaN
1509325200,0.70666559,0.70666559,0.69777693,0.69777693,1911377.60859901,NaN,NaN,NaN,NaN,NaN,NaN,NaN
1509411600,0.70222093,0.70222093,0.69777693,0.70222093,2078777.70569107,NaN,NaN,NaN,NaN,NaN,NaN,NaN
1509498000,0.70222093,0.70222093,0.69777693,0.70222093,613125.35561271,NaN,NaN,NaN,NaN,NaN,NaN,NaN
1509584400,0.70222093,0.71111025,0.69777693,0.70222093,1276650.74045743,NaN,NaN,NaN,NaN,NaN,NaN,NaN
1509670800,0.70666559,0.70666559,0.69777693,0.70222093,526725.30550068,NaN,NaN,NaN,NaN,NaN,NaN,NaN
1509930000,0.70666559,0.70666559,0.69777693,0.70222093,856350.49668329,NaN,NaN,NaN,NaN,NaN,NaN,NaN
1510016400,0.70222093,0.70666559,0.69777693,0.70222093,1285650.74567743,NaN,NaN,NaN,NaN,NaN,NaN,NaN
1510102800,0.70222093,0.70666559,0.69777693,0.70222093,964800.55958432,NaN,NaN,NaN,NaN,NaN,NaN,NaN
1510189200,0.70222093,0.70666559,0.69777693,0.70222093,1223325.70952891,NaN,NaN,NaN,NaN,NaN,NaN,NaN
1510275600,0.70666559,0.70666559,0.69777693,0.70222093,1063800.61700436,NaN,NaN,NaN,NaN,NaN,NaN,NaN
1510534800,0.70222093,0.70222093,0.69777693,0.70222093,1595477.42537691,NaN,NaN,NaN,NaN,NaN,NaN,NaN
1510621200,0.70222093,0.70222093,0.69777693,0.70222093,762075.44200376,NaN,NaN,NaN,NaN,NaN,NaN,NaN
1510707600,0.70222093,0.70666559,0.69777693,0.69777693,635625.36866271,NaN,NaN,NaN,NaN,NaN,NaN,NaN
1510794000,0.70666559,0.71111025,0.69777693,0.70222093,1562627.4063239,NaN,NaN,NaN,NaN,NaN,NaN,NaN
1510880400,0.70222093,0.70222093,0.69777693,0.70222093,1058625.61400286,NaN,NaN,NaN,NaN,NaN,NaN,NaN
1511139600,0.70222093,0.70666559,0.69777693,0.69777693,1171575.67951389,NaN,NaN,NaN,NaN,NaN,NaN,NaN
1511226000,0.69777693,0.70222093,0.6888876,0.70222093,1473300.8545145,NaN,NaN,NaN,NaN,NaN,NaN,NaN
1511312400,0.70222093,0.70222093,0.69777693,0.70222093,374625.21728263,NaN,NaN,NaN,NaN,NaN,NaN,NaN
1511398800,0.70222093,0.70222093,0.69777693,0.70222093,744750.43195525,NaN,NaN,NaN,NaN,NaN,NaN,NaN
1511485200,0.70222093,0.70666559,0.69777693,0.70222093,2016227.66941205,NaN,NaN,NaN,NaN,NaN,NaN,NaN
1511744400,0.70666626,0.71333292,0.69333293,0.70666626,601200.3486962,NaN,NaN,NaN,NaN,NaN,NaN,NaN
1511830800,0.71333292,0.73333291,0.70666626,0.71333292,2015101.16875868,NaN,NaN,NaN,NaN,NaN,NaN,NaN
1511917200,0.71333292,0.71999958,0.71333292,0.71999958,461250.26752516,NaN,NaN,NaN,NaN,NaN,NaN,NaN
1512003600,0.71333292,0.71999958,0.70666626,0.71999958,1754401.01755259,NaN,NaN,NaN,NaN,NaN,NaN,NaN
1512349200,0.71999958,0.71999958,0.69999959,0.70666626,620700.36000621,NaN,NaN,NaN,NaN,NaN,NaN,NaN
1512435600,0.71333292,0.71333292,0.69333293,0.70666626,758100.43969825,NaN,NaN,NaN,NaN,NaN,NaN,NaN
1512522000,0.69999959,0.70666626,0.69333293,0.70666626,628950.36479121,NaN,NaN,NaN,NaN,NaN,NaN,NaN
1512608400,0.70666626,0.70666626,0.69333293,0.70666626,442350.25656315,NaN,NaN,NaN,NaN,NaN,NaN,NaN
1512694800,0.69333293,0.69999959,0.68666627,0.69333293,391800.22724413,NaN,NaN,NaN,NaN,NaN,NaN,NaN
1512954000,0.68666627,0.69333293,0.68666627,0.69333293,231600.13432808,NaN,NaN,NaN,NaN,NaN,NaN,NaN
1513040400,0.69333293,0.69999959,0.68666627,0.69999959,490800.28466417,NaN,NaN,NaN,NaN,NaN,NaN,NaN
1513126800,0.69333293,0.70666626,0.68666627,0.70666626,1068000.61944036,NaN,NaN,NaN,NaN,NaN,NaN,NaN
1513213200,0.69333293,0.69999959,0.68666627,0.68666627,758400.43987226,NaN,NaN,NaN,NaN,NaN,NaN,NaN
1513299600,0.69333293,0.70666626,0.69333293,0.70666626,1165650.67607739,NaN,NaN,NaN,NaN,NaN,NaN,NaN
1513558800,0.69999959,0.70666626,0.69333293,0.69999959,536100.31093818,NaN,NaN,NaN,NaN,NaN,NaN,NaN
1513645200,0.69999959,0.69999959,0.68666627,0.68666627,741000.42978025,NaN,NaN,NaN,NaN,NaN,NaN,NaN
1513731600,0.69333293,0.69333293,0.67999961,0.67999961,418500.24273014,NaN,NaN,NaN,NaN,NaN,NaN,NaN
1513818000,0.68666627,0.68666627,0.67999961,0.68666627,234300.13589408,NaN,NaN,NaN,NaN,NaN,NaN,NaN
1513904400,0.68666627,0.68666627,0.67999961,0.68666627,726000.42108024,NaN,NaN,NaN,NaN,NaN,NaN,NaN
1514250000,0.67999961,0.68666627,0.67999961,0.68666627,307800.1785241,NaN,NaN,NaN,NaN,NaN,NaN,NaN
1514336400,0.67999961,0.68666627,0.67999961,0.67999961,452100.26221815,NaN,NaN,NaN,NaN,NaN,NaN,NaN
1514422800,0.68666627,0.69333293,0.67999961,0.68666627,756450.43874125,NaN,NaN,NaN,NaN,NaN,NaN,NaN
1514509200,0.68666627,0.71999958,0.67999961,0.71333292,2393101.38799881,3115798442.1,7902669000,3295745000,8755000,287442000,4538690000,4.82803496915887
1514854800,0.69333293,0.69999959,0.68666627,0.69333293,775050.44952926,NaN,NaN,NaN,NaN,NaN,NaN,NaN
1514941200,0.69333293,0.70666626,0.69333293,0.70666626,685350.39750323,NaN,NaN,NaN,NaN,NaN,NaN,NaN
1515027600,0.70666626,0.71333292,0.69333293,0.71333292,952050.55218932,NaN,NaN,NaN,NaN,NaN,NaN,NaN
1515114000,0.71333292,0.71333292,0.69999959,0.71333292,1176600.6824284,NaN,NaN,NaN,NaN,NaN,NaN,NaN
1515373200,0.71333292,0.71333292,0.70666626,0.71333292,1268850.73593343,NaN,NaN,NaN,NaN,NaN,NaN,NaN
1515459600,0.71333292,0.71333292,0.69999959,0.71333292,2188951.26959174,NaN,NaN,NaN,NaN,NaN,NaN,NaN
1515546000,0.71333292,0.71333292,0.69999959,0.71333292,966900.56080233,NaN,NaN,NaN,NaN,NaN,NaN,NaN
1515632400,0.71333292,0.71333292,0.69999959,0.71333292,577200.33477619,NaN,NaN,NaN,NaN,NaN,NaN,NaN
1515718800,0.71333292,0.71333292,0.70666626,0.71333292,1544700.89592652,NaN,NaN,NaN,NaN,NaN,NaN,NaN
1515978000,0.71333292,0.71333292,0.70666626,0.70666626,329850.19131311,NaN,NaN,NaN,NaN,NaN,NaN,NaN
1516064400,0.70666626,0.71333292,0.69999959,0.70666626,1409250.81736547,NaN,NaN,NaN,NaN,NaN,NaN,NaN
1516150800,0.70666626,0.71333292,0.69999959,0.71333292,531600.30832818,NaN,NaN,NaN,NaN,NaN,NaN,NaN
1516237200,0.71333292,0.71333292,0.69999959,0.69999959,829650.48119728,NaN,NaN,NaN,NaN,NaN,NaN,NaN
1516323600,0.70666626,0.71333292,0.69999959,0.71333292,1111650.64475737,NaN,NaN,NaN,NaN,NaN,NaN,NaN
1516582800,0.71333292,0.71333292,0.70666626,0.71333292,1113300.64571437,NaN,NaN,NaN,NaN,NaN,NaN,NaN
1516669200,0.71333292,0.71333292,0.69999959,0.69999959,1427100.82771848,NaN,NaN,NaN,NaN,NaN,NaN,NaN
1516755600,0.69999959,0.70666626,0.69999959,0.70666626,755400.43813225,NaN,NaN,NaN,NaN,NaN,NaN,NaN
1516842000,0.69999959,0.70666626,0.69999959,0.70666626,1478250.8573855,NaN,NaN,NaN,NaN,NaN,NaN,NaN
1516928400,0.70666626,0.70666626,0.69999959,0.70666626,1116750.64771538,NaN,NaN,NaN,NaN,NaN,NaN,NaN
1517187600,0.70666626,0.70666626,0.69333293,0.69999959,1681950.97553157,NaN,NaN,NaN,NaN,NaN,NaN,NaN
1517274000,0.69333293,0.69333293,0.68666627,0.69333293,934500.54201031,NaN,NaN,NaN,NaN,NaN,NaN,NaN
1517533200,0.69333293,0.69999959,0.69333293,0.69333293,1621650.94055755,NaN,NaN,NaN,NaN,NaN,NaN,NaN
1517792400,0.68666627,0.69333293,0.67999961,0.69333293,1392750.80779547,NaN,NaN,NaN,NaN,NaN,NaN,NaN
1517878800,0.68666627,0.68666627,0.66333295,0.67999961,2785951.61585194,NaN,NaN,NaN,NaN,NaN,NaN,NaN
1517965200,0.67999961,0.68666627,0.67999961,0.68666627,431550.25029915,NaN,NaN,NaN,NaN,NaN,NaN,NaN
1518051600,0.68666627,0.69333293,0.68666627,0.69333293,688650.39941723,NaN,NaN,NaN,NaN,NaN,NaN,NaN
1518138000,0.68666627,0.68666627,0.66666628,0.67999961,726750.42151524,NaN,NaN,NaN,NaN,NaN,NaN,NaN
1518397200,0.67333294,0.68666627,0.67333294,0.67333294,169350.09822306,NaN,NaN,NaN,NaN,NaN,NaN,NaN
1518483600,0.67333294,0.68666627,0.67333294,0.67333294,375150.21758713,NaN,NaN,NaN,NaN,NaN,NaN,NaN
1518570000,0.67333294,0.68666627,0.67333294,0.67999961,490500.28449016,NaN,NaN,NaN,NaN,NaN,NaN,NaN
1518656400,0.67999961,0.68666627,0.67999961,0.68666627,38550.02235901,NaN,NaN,NaN,NaN,NaN,NaN,NaN
1519002000,0.67999961,0.70666626,0.67999961,0.70666626,709950.41177124,NaN,NaN,NaN,NaN,NaN,NaN,NaN
1519088400,0.69999959,0.69999959,0.69333293,0.69999959,274950.15947109,NaN,NaN,NaN,NaN,NaN,NaN,NaN
1519174800,0.69999959,0.70666626,0.68666627,0.69333293,933150.54122731,NaN,NaN,NaN,NaN,NaN,NaN,NaN
1519261200,0.69333293,0.69999959,0.69333293,0.69333293,380400.22063213,NaN,NaN,NaN,NaN,NaN,NaN,NaN
1519347600,0.69333293,0.69999959,0.68666627,0.69333293,537150.31154718,NaN,NaN,NaN,NaN,NaN,NaN,NaN
1519606800,0.69333293,0.69999959,0.69333293,0.69999959,325500.18879011,NaN,NaN,NaN,NaN,NaN,NaN,NaN
1519693200,0.69999959,0.69999959,0.69333293,0.69333293,899850.5219133,NaN,NaN,NaN,NaN,NaN,NaN,NaN
1519779600,0.69333293,0.69333293,0.68666627,0.69333293,1056900.61300236,NaN,NaN,NaN,NaN,NaN,NaN,NaN
1519866000,0.69333293,0.69333293,0.68666627,0.69333293,518100.30049817,NaN,NaN,NaN,NaN,NaN,NaN,NaN
1519952400,0.69333293,0.69333293,0.67999961,0.67999961,513000.29754017,NaN,NaN,NaN,NaN,NaN,NaN,NaN
1520211600,0.68666627,0.68666627,0.67333294,0.68666627,616650.35765721,NaN,NaN,NaN,NaN,NaN,NaN,NaN
1520298000,0.68666627,0.68666627,0.67999961,0.67999961,228600.13258808,NaN,NaN,NaN,NaN,NaN,NaN,NaN
1520384400,0.67999961,0.67999961,0.66666628,0.66666628,2398951.39139181,NaN,NaN,NaN,NaN,NaN,NaN,NaN
1520470800,0.67999961,0.67999961,0.66666628,0.66666628,666750.38671522,NaN,NaN,NaN,NaN,NaN,NaN,NaN
1520557200,0.66666628,0.67333294,0.66333295,0.67333294,2087551.2107797,NaN,NaN,NaN,NaN,NaN,NaN,NaN
1520816400,0.67999961,0.67999961,0.66666628,0.67333294,1197600.6946084,NaN,NaN,NaN,NaN,NaN,NaN,NaN
1520902800,0.66666628,0.67999961,0.66666628,0.67999961,663600.38488822,NaN,NaN,NaN,NaN,NaN,NaN,NaN
1520989200,0.67333294,0.67999961,0.66666628,0.67333294,210600.12214807,NaN,NaN,NaN,NaN,NaN,NaN,NaN
1521075600,0.66666628,0.67333294,0.66666628,0.67333294,708150.41072724,NaN,NaN,NaN,NaN,NaN,NaN,NaN
1521162000,0.67333294,0.67333294,0.65999962,0.65999962,945450.54836132,NaN,NaN,NaN,NaN,NaN,NaN,NaN
1521421200,0.66666628,0.66666628,0.66333295,0.66333295,343050.19896912,NaN,NaN,NaN,NaN,NaN,NaN,NaN
1521507600,0.66333295,0.66666628,0.65666629,0.66333295,476400.27631216,NaN,NaN,NaN,NaN,NaN,NaN,NaN
1521594000,0.65999962,0.66333295,0.65999962,0.65999962,914400.53035231,NaN,NaN,NaN,NaN,NaN,NaN,NaN
1521680400,0.65999962,0.66333295,0.65666629,0.65666629,706500.40977024,NaN,NaN,NaN,NaN,NaN,NaN,NaN
1521766800,0.65666629,0.65666629,0.64666629,0.65666629,1192800.6918244,NaN,NaN,NaN,NaN,NaN,NaN,NaN
1522026000,0.65666629,0.65666629,0.64666629,0.64999962,330150.19148711,NaN,NaN,NaN,NaN,NaN,NaN,NaN
1522112400,0.65333295,0.66666628,0.65333295,0.66666628,318600.18478811,NaN,NaN,NaN,NaN,NaN,NaN,NaN
1522198800,0.65666629,0.66666628,0.65333295,0.66666628,104250.06046504,NaN,NaN,NaN,NaN,NaN,NaN,NaN
1522285200,0.65999962,0.65999962,0.64999962,0.65333295,937050.54348932,NaN,NaN,NaN,NaN,NaN,NaN,NaN
1522371600,0.65333295,0.66666628,0.65333295,0.66666628,293700.1703461,3115798442.1,7738370000,3219852000,15421000,288446000,4449825000,5.16599741699997
1522630800,0.67333294,0.67333294,0.65999962,0.66666628,78000.04524003,NaN,NaN,NaN,NaN,NaN,NaN,NaN
1522717200,0.65999962,0.66666628,0.65666629,0.66333295,490800.28466417,NaN,NaN,NaN,NaN,NaN,NaN,NaN
1522803600,0.65999962,0.65999962,0.64333296,0.64666629,859350.49842329,NaN,NaN,NaN,NaN,NaN,NaN,NaN
1522890000,0.64333296,0.65666629,0.64333296,0.64666629,776700.45048626,NaN,NaN,NaN,NaN,NaN,NaN,NaN
1522976400,0.64999962,0.65999962,0.63999963,0.65666629,534900.31024218,NaN,NaN,NaN,NaN,NaN,NaN,NaN
1523235600,0.65333295,0.65333295,0.64666629,0.65333295,526050.30510918,NaN,NaN,NaN,NaN,NaN,NaN,NaN
1523322000,0.65333295,0.65999962,0.64999962,0.65999962,258300.14981409,NaN,NaN,NaN,NaN,NaN,NaN,NaN
1523408400,0.65999962,0.66666628,0.65999962,0.66666628,780900.45292226,NaN,NaN,NaN,NaN,NaN,NaN,NaN
1523494800,0.65999962,0.66666628,0.65333295,0.66666628,514950.29867117,NaN,NaN,NaN,NaN,NaN,NaN,NaN
1523581200,0.67333294,0.67333294,0.65999962,0.65999962,263250.15268509,NaN,NaN,NaN,NaN,NaN,NaN,NaN
1523840400,0.65666629,0.66333295,0.65666629,0.66333295,432150.25064715,NaN,NaN,NaN,NaN,NaN,NaN,NaN
1523926800,0.65666629,0.65999962,0.65333295,0.65666629,434700.25212615,NaN,NaN,NaN,NaN,NaN,NaN,NaN
1524013200,0.65999962,0.66333295,0.64999962,0.65333295,772500.44805026,NaN,NaN,NaN,NaN,NaN,NaN,NaN
1524099600,0.65333295,0.65999962,0.64999962,0.64999962,894300.5186943,NaN,NaN,NaN,NaN,NaN,NaN,NaN
1524186000,0.65333295,0.65333295,0.64666629,0.64666629,578550.33555919,NaN,NaN,NaN,NaN,NaN,NaN,NaN
1524445200,0.64666629,0.64999962,0.63999963,0.64333296,1237350.71766342,NaN,NaN,NaN,NaN,NaN,NaN,NaN
1524531600,0.64666629,0.64666629,0.63999963,0.64333296,459900.26674215,NaN,NaN,NaN,NaN,NaN,NaN,NaN
1524618000,0.64666629,0.64666629,0.64333296,0.64666629,221700.12858607,NaN,NaN,NaN,NaN,NaN,NaN,NaN
1524704400,0.64999962,0.65333295,0.64333296,0.65333295,89550.05193903,NaN,NaN,NaN,NaN,NaN,NaN,NaN
1524790800,0.65333295,0.65333295,0.64666629,0.65333295,331050.19200911,NaN,NaN,NaN,NaN,NaN,NaN,NaN
1525050000,0.65333295,0.66333295,0.64999962,0.66333295,381600.22132813,NaN,NaN,NaN,NaN,NaN,NaN,NaN
1525222800,0.66333295,0.66333295,0.65333295,0.65333295,217050.12588907,NaN,NaN,NaN,NaN,NaN,NaN,NaN
1525309200,0.64999962,0.65333295,0.64666629,0.64999962,289800.1680841,NaN,NaN,NaN,NaN,NaN,NaN,NaN
1525395600,0.64999962,0.65333295,0.64999962,0.64999962,41100.02383801,NaN,NaN,NaN,NaN,NaN,NaN,NaN
1525654800,0.65333295,0.65333295,0.64666629,0.64666629,483000.28014016,NaN,NaN,NaN,NaN,NaN,NaN,NaN
1525741200,0.64666629,0.64999962,0.64666629,0.64999962,805050.46692927,NaN,NaN,NaN,NaN,NaN,NaN,NaN
1526259600,0.63999963,0.67999961,0.63999963,0.65999962,1419750.82345548,NaN,NaN,NaN,NaN,NaN,NaN,NaN
1526346000,0.66666628,0.66666628,0.65333295,0.65333295,1275000.73950043,NaN,NaN,NaN,NaN,NaN,NaN,NaN
1526432400,0.66666628,0.66666628,0.65666629,0.65999962,544650.31589718,NaN,NaN,NaN,NaN,NaN,NaN,NaN
1526518800,0.66333295,0.67333294,0.65999962,0.67333294,768750.44587526,NaN,NaN,NaN,NaN,NaN,NaN,NaN
1526605200,0.66666628,0.67333294,0.66333295,0.66333295,310950.1803511,NaN,NaN,NaN,NaN,NaN,NaN,NaN
1526864400,0.67333294,0.67333294,0.66666628,0.67333294,288300.1672141,NaN,NaN,NaN,NaN,NaN,NaN,NaN
1526950800,0.66666628,0.67333294,0.66666628,0.67333294,126900.07360204,NaN,NaN,NaN,NaN,NaN,NaN,NaN
1527037200,0.67333294,0.67333294,0.66333295,0.66666628,337950.19601111,NaN,NaN,NaN,NaN,NaN,NaN,NaN
1527123600,0.66666628,0.66666628,0.65999962,0.66666628,521700.30258618,NaN,NaN,NaN,NaN,NaN,NaN,NaN
1527210000,0.66333295,0.67333294,0.66333295,0.67333294,588900.3415622,NaN,NaN,NaN,NaN,NaN,NaN,NaN
1527469200,0.65999962,0.65999962,0.64999962,0.65666629,425100.24655814,NaN,NaN,NaN,NaN,NaN,NaN,NaN
1527642000,0.65333295,0.65333295,0.6366663,0.6366663,1127850.65415338,NaN,NaN,NaN,NaN,NaN,NaN,NaN
1527728400,0.6366663,0.63999963,0.61333298,0.61333298,1960501.13709066,NaN,NaN,NaN,NaN,NaN,NaN,NaN
1527814800,0.61999964,0.6366663,0.61999964,0.63333297,461550.26769916,NaN,NaN,NaN,NaN,NaN,NaN,NaN
1528074000,0.63333297,0.64666629,0.63333297,0.64333296,308700.1790461,NaN,NaN,NaN,NaN,NaN,NaN,NaN
1528160400,0.64333296,0.65333295,0.64333296,0.64666629,318300.18461411,NaN,NaN,NaN,NaN,NaN,NaN,NaN
1528246800,0.64666629,0.65999962,0.64666629,0.65666629,271650.15755709,NaN,NaN,NaN,NaN,NaN,NaN,NaN
1528333200,0.65666629,0.67333294,0.64666629,0.66666628,1693650.98231757,NaN,NaN,NaN,NaN,NaN,NaN,NaN
1528419600,0.66666628,0.67999961,0.66333295,0.67333294,288150.1671271,NaN,NaN,NaN,NaN,NaN,NaN,NaN
1528678800,0.65999962,0.67999961,0.65999962,0.66666628,1092750.63379537,NaN,NaN,NaN,NaN,NaN,NaN,NaN
1528765200,0.67333294,0.67999961,0.67333294,0.67333294,1167750.67729539,NaN,NaN,NaN,NaN,NaN,NaN,NaN
1528851600,0.67333294,0.67333294,0.66666628,0.66666628,139950.08117105,NaN,NaN,NaN,NaN,NaN,NaN,NaN
1528938000,0.66666628,0.67333294,0.65999962,0.65999962,414900.24064214,NaN,NaN,NaN,NaN,NaN,NaN,NaN
1529283600,0.65999962,0.66666628,0.65999962,0.65999962,435300.25247415,NaN,NaN,NaN,NaN,NaN,NaN,NaN
1529370000,0.66666628,0.66666628,0.65666629,0.65999962,261150.15146709,NaN,NaN,NaN,NaN,NaN,NaN,NaN
1529456400,0.65333295,0.65999962,0.64999962,0.65333295,514800.29858417,NaN,NaN,NaN,NaN,NaN,NaN,NaN
1529542800,0.66333295,0.66333295,0.64999962,0.64999962,172800.10022406,NaN,NaN,NaN,NaN,NaN,NaN,NaN
1529629200,0.65333295,0.65999962,0.64999962,0.64999962,208050.12066907,NaN,NaN,NaN,NaN,NaN,NaN,NaN
1529888400,0.64999962,0.64999962,0.64999962,0.64999962,86700.05028603,NaN,NaN,NaN,NaN,NaN,NaN,NaN
1529974800,0.65333295,0.65333295,0.64666629,0.64666629,161250.09352505,NaN,NaN,NaN,NaN,NaN,NaN,NaN
1530061200,0.65333295,0.65666629,0.64666629,0.64666629,169500.09831006,NaN,NaN,NaN,NaN,NaN,NaN,NaN
1530147600,0.64999962,0.64999962,0.64999962,0.64999962,86850.05037303,NaN,NaN,NaN,NaN,NaN,NaN,NaN
1530234000,0.65333295,0.65333295,0.64999962,0.64999962,214200.12423607,3115798442.1,7687120000,3188245000,5037000,256904000,4430072000,5.63999718000002
1530493200,0.65333295,0.65333295,0.64666629,0.64999962,331950.19253111,NaN,NaN,NaN,NaN,NaN,NaN,NaN
1530579600,0.64999962,0.65333295,0.64999962,0.64999962,121350.07038304,NaN,NaN,NaN,NaN,NaN,NaN,NaN
1530666000,0.64999962,0.65666629,0.64999962,0.65666629,112650.06533704,NaN,NaN,NaN,NaN,NaN,NaN,NaN
1530752400,0.64999962,0.65333295,0.64999962,0.65333295,52650.03053702,NaN,NaN,NaN,NaN,NaN,NaN,NaN
1530838800,0.65333295,0.65666629,0.64666629,0.65333295,189150.10970706,NaN,NaN,NaN,NaN,NaN,NaN,NaN
1531098000,0.64999962,0.65999962,0.64999962,0.64999962,78900.04576203,NaN,NaN,NaN,NaN,NaN,NaN,NaN
1531184400,0.64999962,0.65333295,0.64999962,0.65333295,194400.11275207,NaN,NaN,NaN,NaN,NaN,NaN,NaN
1531270800,0.64999962,0.65333295,0.64333296,0.64333296,366900.21280212,NaN,NaN,NaN,NaN,NaN,NaN,NaN
1531357200,0.64333296,0.64999962,0.63999963,0.64666629,246000.14268008,NaN,NaN,NaN,NaN,NaN,NaN,NaN
1531443600,0.64666629,0.64999962,0.63999963,0.63999963,1023600.59368834,NaN,NaN,NaN,NaN,NaN,NaN,NaN
1531702800,0.64666629,0.64999962,0.64666629,0.64999962,9600.005568,NaN,NaN,NaN,NaN,NaN,NaN,NaN
1531789200,0.63999963,0.65333295,0.63999963,0.63999963,244500.14181008,NaN,NaN,NaN,NaN,NaN,NaN,NaN
1531875600,0.64333296,0.65333295,0.63999963,0.64333296,312750.18139511,NaN,NaN,NaN,NaN,NaN,NaN,NaN
1531962000,0.64999962,0.64999962,0.64666629,0.64666629,460500.26709015,NaN,NaN,NaN,NaN,NaN,NaN,NaN
1532048400,0.64999962,0.65666629,0.64666629,0.64999962,683100.39619823,NaN,NaN,NaN,NaN,NaN,NaN,NaN
1532307600,0.65666629,0.65666629,0.64999962,0.65666629,255300.14807409,NaN,NaN,NaN,NaN,NaN,NaN,NaN
1532394000,0.65999962,0.68666627,0.65999962,0.67333294,1736101.00693858,NaN,NaN,NaN,NaN,NaN,NaN,NaN
1532480400,0.67333294,0.67333294,0.66666628,0.66666628,345450.20036112,NaN,NaN,NaN,NaN,NaN,NaN,NaN
1532566800,0.67333294,0.67333294,0.65999962,0.67333294,475200.27561616,NaN,NaN,NaN,NaN,NaN,NaN,NaN
1532653200,0.65999962,0.66666628,0.65999962,0.66333295,318450.18470111,NaN,NaN,NaN,NaN,NaN,NaN,NaN
1532912400,0.66333295,0.67333294,0.65999962,0.66666628,425850.24699314,NaN,NaN,NaN,NaN,NaN,NaN,NaN
1532998800,0.67333294,0.67999961,0.66333295,0.67333294,1448550.84015949,NaN,NaN,NaN,NaN,NaN,NaN,NaN
1533085200,0.67333294,0.69999959,0.67333294,0.68666627,1771951.0277316,NaN,NaN,NaN,NaN,NaN,NaN,NaN
1533171600,0.68666627,0.69333293,0.67999961,0.67999961,1317150.76394744,NaN,NaN,NaN,NaN,NaN,NaN,NaN
1533258000,0.68666627,0.69333293,0.67999961,0.68666627,1226550.71139941,NaN,NaN,NaN,NaN,NaN,NaN,NaN
1533517200,0.68666627,0.69999959,0.68666627,0.68666627,1016550.58959934,NaN,NaN,NaN,NaN,NaN,NaN,NaN
1533603600,0.68666627,0.68666627,0.67999961,0.68666627,447450.25952115,NaN,NaN,NaN,NaN,NaN,NaN,NaN
1533690000,0.68666627,0.68666627,0.67999961,0.68666627,539550.31293918,NaN,NaN,NaN,NaN,NaN,NaN,NaN
1533776400,0.68666627,0.69333293,0.67999961,0.69333293,291150.1688671,NaN,NaN,NaN,NaN,NaN,NaN,NaN
1533862800,0.68666627,0.68666627,0.67999961,0.67999961,234450.13598108,NaN,NaN,NaN,NaN,NaN,NaN,NaN
1534122000,0.67999961,0.68666627,0.67333294,0.67333294,332250.19270511,NaN,NaN,NaN,NaN,NaN,NaN,NaN
1534208400,0.67333294,0.67999961,0.67333294,0.67333294,223350.12954308,NaN,NaN,NaN,NaN,NaN,NaN,NaN
1534294800,0.67999961,0.67999961,0.66666628,0.66666628,875100.50755829,NaN,NaN,NaN,NaN,NaN,NaN,NaN
1534381200,0.67333294,0.67333294,0.66666628,0.66666628,681750.39541523,NaN,NaN,NaN,NaN,NaN,NaN,NaN
1534467600,0.67333294,0.67333294,0.66666628,0.66666628,126300.07325404,NaN,NaN,NaN,NaN,NaN,NaN,NaN
1534726800,0.66666628,0.67333294,0.66333295,0.66666628,344550.19983912,NaN,NaN,NaN,NaN,NaN,NaN,NaN
1534813200,0.66666628,0.66666628,0.65999962,0.66333295,569850.33051319,NaN,NaN,NaN,NaN,NaN,NaN,NaN
1534986000,0.66333295,0.67999961,0.66333295,0.67333294,358050.20766912,NaN,NaN,NaN,NaN,NaN,NaN,NaN
1535072400,0.66666628,0.67333294,0.66666628,0.67333294,190800.11066406,NaN,NaN,NaN,NaN,NaN,NaN,NaN
1535331600,0.66666628,0.67333294,0.66666628,0.66666628,407550.23637914,NaN,NaN,NaN,NaN,NaN,NaN,NaN
1535418000,0.67999961,0.67999961,0.66333295,0.66666628,191850.11127306,NaN,NaN,NaN,NaN,NaN,NaN,NaN
1535504400,0.66666628,0.67333294,0.66333295,0.66333295,222750.12919507,NaN,NaN,NaN,NaN,NaN,NaN,NaN
1535590800,0.66333295,0.67333294,0.66333295,0.66333295,723600.41968824,NaN,NaN,NaN,NaN,NaN,NaN,NaN
1535936400,0.66333295,0.66666628,0.65999962,0.66333295,390600.22654813,NaN,NaN,NaN,NaN,NaN,NaN,NaN
1536022800,0.66666628,0.67333294,0.66333295,0.66666628,256650.14885709,NaN,NaN,NaN,NaN,NaN,NaN,NaN
1536109200,0.66666628,0.67333294,0.66333295,0.66333295,265950.15425109,NaN,NaN,NaN,NaN,NaN,NaN,NaN
1536195600,0.67333294,0.67333294,0.66333295,0.66333295,163650.09491706,NaN,NaN,NaN,NaN,NaN,NaN,NaN
1536282000,0.66333295,0.66666628,0.65666629,0.65666629,739050.42864925,NaN,NaN,NaN,NaN,NaN,NaN,NaN
1536714000,0.65999962,0.66666628,0.64666629,0.64999962,1367700.79326646,NaN,NaN,NaN,NaN,NaN,NaN,NaN
1536800400,0.64999962,0.65999962,0.64999962,0.65666629,155100.08995805,NaN,NaN,NaN,NaN,NaN,NaN,NaN
1536886800,0.66333295,0.66333295,0.64666629,0.64999962,1255050.72792942,NaN,NaN,NaN,NaN,NaN,NaN,NaN
1537232400,0.65333295,0.65333295,0.64333296,0.64333296,1252350.72636342,NaN,NaN,NaN,NaN,NaN,NaN,NaN
1537318800,0.64666629,0.65333295,0.64666629,0.65333295,536250.31102518,NaN,NaN,NaN,NaN,NaN,NaN,NaN
1537405200,0.65666629,0.65666629,0.63999963,0.64333296,2049301.18859469,NaN,NaN,NaN,NaN,NaN,NaN,NaN
1537491600,0.64999962,0.65333295,0.63999963,0.63999963,1930201.11951665,NaN,NaN,NaN,NaN,NaN,NaN,NaN
1537750800,0.63999963,0.64333296,0.63333297,0.6366663,188250.10918506,NaN,NaN,NaN,NaN,NaN,NaN,NaN
1537837200,0.6366663,0.63999963,0.6366663,0.6366663,67800.03932402,NaN,NaN,NaN,NaN,NaN,NaN,NaN
1537923600,0.63999963,0.63999963,0.6366663,0.6366663,78600.04558803,NaN,NaN,NaN,NaN,NaN,NaN,NaN
1538010000,0.6366663,0.64333296,0.63333297,0.63333297,485400.28153216,NaN,NaN,NaN,NaN,NaN,NaN,NaN
1538096400,0.63333297,0.64666629,0.63333297,0.63999963,652950.37871122,3115798442.1,7936549000,3346241000,14017000,356493000,4521430000,5.7281221359375
1538355600,0.63999963,0.64333296,0.63333297,0.64333296,56700.03288602,NaN,NaN,NaN,NaN,NaN,NaN,NaN
1538442000,0.64666629,0.65333295,0.64333296,0.64999962,376950.21863113,NaN,NaN,NaN,NaN,NaN,NaN,NaN
1538528400,0.64999962,0.65333295,0.64999962,0.64999962,222900.12928207,NaN,NaN,NaN,NaN,NaN,NaN,NaN
1538614800,0.64999962,0.65333295,0.64666629,0.64999962,462900.26848216,NaN,NaN,NaN,NaN,NaN,NaN,NaN
1538701200,0.64999962,0.65333295,0.64333296,0.64333296,489900.28414216,NaN,NaN,NaN,NaN,NaN,NaN,NaN
1538960400,0.64333296,0.64666629,0.63999963,0.64666629,207000.12006007,NaN,NaN,NaN,NaN,NaN,NaN,NaN
1539046800,0.63999963,0.63999963,0.6366663,0.6366663,139350.08082305,NaN,NaN,NaN,NaN,NaN,NaN,NaN
1539133200,0.63999963,0.64666629,0.62999963,0.63333297,632700.36696621,NaN,NaN,NaN,NaN,NaN,NaN,NaN
1539219600,0.6266663,0.62999963,0.61333298,0.61999964,957450.55532132,NaN,NaN,NaN,NaN,NaN,NaN,NaN
1539306000,0.62333297,0.63333297,0.62333297,0.63333297,317400.18409211,NaN,NaN,NaN,NaN,NaN,NaN,NaN
1539565200,0.63333297,0.63333297,0.62333297,0.62999963,198900.11536207,NaN,NaN,NaN,NaN,NaN,NaN,NaN
1539651600,0.63333297,0.63333297,0.6266663,0.6266663,259650.15059709,NaN,NaN,NaN,NaN,NaN,NaN,NaN
1539738000,0.63333297,0.63333297,0.62333297,0.62333297,160500.09309005,NaN,NaN,NaN,NaN,NaN,NaN,NaN
1539824400,0.6266663,0.62999963,0.62333297,0.62333297,213750.12397507,NaN,NaN,NaN,NaN,NaN,NaN,NaN
1539910800,0.62333297,0.6266663,0.62333297,0.62333297,204600.11866807,NaN,NaN,NaN,NaN,NaN,NaN,NaN
1540170000,0.61999964,0.6266663,0.61999964,0.62333297,315450.18296111,NaN,NaN,NaN,NaN,NaN,NaN,NaN
1540256400,0.61999964,0.62333297,0.60999965,0.60999965,551100.31963819,NaN,NaN,NaN,NaN,NaN,NaN,NaN
1540342800,0.61333298,0.61999964,0.61333298,0.61999964,112800.06542404,NaN,NaN,NaN,NaN,NaN,NaN,NaN
1540429200,0.61333298,0.61333298,0.60333298,0.61333298,624750.36235521,NaN,NaN,NaN,NaN,NaN,NaN,NaN
1540515600,0.61333298,0.61333298,0.60666631,0.61333298,400650.23237713,NaN,NaN,NaN,NaN,NaN,NaN,NaN
1540774800,0.61333298,0.61999964,0.60999965,0.61333298,137850.07995305,NaN,NaN,NaN,NaN,NaN,NaN,NaN
1540861200,0.60666631,0.60999965,0.60666631,0.60666631,184050.10674906,NaN,NaN,NaN,NaN,NaN,NaN,NaN
1540947600,0.61999964,0.61999964,0.60666631,0.60666631,860550.49911929,NaN,NaN,NaN,NaN,NaN,NaN,NaN
1541034000,0.60666631,0.61333298,0.60666631,0.60666631,442500.25665015,NaN,NaN,NaN,NaN,NaN,NaN,NaN
1541120400,0.60999965,0.62333297,0.60666631,0.62333297,600450.3482612,NaN,NaN,NaN,NaN,NaN,NaN,NaN
1541379600,0.62333297,0.62333297,0.60999965,0.61999964,423900.24586214,NaN,NaN,NaN,NaN,NaN,NaN,NaN
1541552400,0.62333297,0.6266663,0.61333298,0.6266663,438300.25421415,NaN,NaN,NaN,NaN,NaN,NaN,NaN
1541638800,0.62999963,0.6366663,0.62333297,0.6266663,554850.32181319,NaN,NaN,NaN,NaN,NaN,NaN,NaN
1541725200,0.61666631,0.6266663,0.61333298,0.61333298,285000.1653001,NaN,NaN,NaN,NaN,NaN,NaN,NaN
1541984400,0.63333297,0.63333297,0.60999965,0.61333298,368400.21367212,NaN,NaN,NaN,NaN,NaN,NaN,NaN
1542070800,0.60999965,0.61333298,0.60666631,0.60999965,144750.08395505,NaN,NaN,NaN,NaN,NaN,NaN,NaN
1542157200,0.60999965,0.61666631,0.60333298,0.60333298,376650.21845713,NaN,NaN,NaN,NaN,NaN,NaN,NaN
1542243600,0.60333298,0.61333298,0.60333298,0.60666631,241650.14015708,NaN,NaN,NaN,NaN,NaN,NaN,NaN
1542330000,0.62333297,0.62333297,0.61333298,0.61666631,335250.19444511,NaN,NaN,NaN,NaN,NaN,NaN,NaN
1542589200,0.61333298,0.6266663,0.61333298,0.61666631,227100.13171808,NaN,NaN,NaN,NaN,NaN,NaN,NaN
1542762000,0.61333298,0.61999964,0.60666631,0.61999964,260850.15129309,NaN,NaN,NaN,NaN,NaN,NaN,NaN
1542848400,0.61999964,0.61999964,0.60999965,0.60999965,88650.05141703,NaN,NaN,NaN,NaN,NaN,NaN,NaN
1542934800,0.60666631,0.61333298,0.60333298,0.60333298,407700.23646614,NaN,NaN,NaN,NaN,NaN,NaN,NaN
1543194000,0.60333298,0.60666631,0.59999965,0.59999965,562800.32642419,NaN,NaN,NaN,NaN,NaN,NaN,NaN
1543280400,0.59999965,0.59999965,0.59666632,0.59666632,726150.42116724,NaN,NaN,NaN,NaN,NaN,NaN,NaN
1543366800,0.59999965,0.60999965,0.59666632,0.59666632,393900.22846213,NaN,NaN,NaN,NaN,NaN,NaN,NaN
1543453200,0.59999965,0.60333298,0.59666632,0.59999965,930450.53966131,NaN,NaN,NaN,NaN,NaN,NaN,NaN
1543539600,0.59999965,0.59999965,0.59333299,0.59999965,1398900.81136247,NaN,NaN,NaN,NaN,NaN,NaN,NaN
1543798800,0.59999965,0.60999965,0.58999966,0.59333299,414750.24055514,NaN,NaN,NaN,NaN,NaN,NaN,NaN
1543885200,0.59333299,0.60333298,0.58999966,0.59999965,228900.13276208,NaN,NaN,NaN,NaN,NaN,NaN,NaN
1543971600,0.59333299,0.59999965,0.58666633,0.59333299,202500.11745007,NaN,NaN,NaN,NaN,NaN,NaN,NaN
1544058000,0.59333299,0.60999965,0.58999966,0.60999965,689550.39993923,NaN,NaN,NaN,NaN,NaN,NaN,NaN
1544144400,0.61333298,0.61333298,0.59666632,0.60666631,383550.22245913,NaN,NaN,NaN,NaN,NaN,NaN,NaN
1544403600,0.60666631,0.60666631,0.58999966,0.58999966,112650.06533704,NaN,NaN,NaN,NaN,NaN,NaN,NaN
1544490000,0.59999965,0.60666631,0.58666633,0.58666633,180000.10440006,NaN,NaN,NaN,NaN,NaN,NaN,NaN
1544576400,0.58999966,0.59666632,0.58666633,0.59666632,94650.05489703,NaN,NaN,NaN,NaN,NaN,NaN,NaN
1544662800,0.58999966,0.59999965,0.58999966,0.59999965,649650.37679722,NaN,NaN,NaN,NaN,NaN,NaN,NaN
1544749200,0.59999965,0.59999965,0.59333299,0.59333299,214350.12432307,NaN,NaN,NaN,NaN,NaN,NaN,NaN
1545008400,0.59333299,0.59333299,0.58666633,0.59333299,155400.09013205,NaN,NaN,NaN,NaN,NaN,NaN,NaN
1545094800,0.59333299,0.59666632,0.57999966,0.58666633,715200.41481624,NaN,NaN,NaN,NaN,NaN,NaN,NaN
1545181200,0.58999966,0.59333299,0.583333,0.58999966,1506600.87382851,NaN,NaN,NaN,NaN,NaN,NaN,NaN
1545267600,0.58999966,0.58999966,0.57666633,0.57666633,2055001.19190069,NaN,NaN,NaN,NaN,NaN,NaN,NaN
1545354000,0.57999966,0.58999966,0.55666634,0.573333,2068501.1997307,NaN,NaN,NaN,NaN,NaN,NaN,NaN
1545613200,0.55999968,0.57666633,0.55999968,0.57666633,232350.13476308,NaN,NaN,NaN,NaN,NaN,NaN,NaN
1545786000,0.56666634,0.573333,0.56333301,0.573333,544200.31563618,NaN,NaN,NaN,NaN,NaN,NaN,NaN
1545872400,0.573333,0.57999966,0.56666634,0.57999966,647400.37549222,NaN,NaN,NaN,NaN,NaN,NaN,NaN
1545958800,0.57666633,0.58666633,0.573333,0.58666633,506250.29362517,NaN,NaN,NaN,NaN,NaN,NaN,NaN
1546218000,0.57999966,0.58999966,0.57999966,0.57999966,1111200.64449637,3115798442.1,8092998000,3423466000,30743000,326769000,4597538000,5.74654885086202
1546390800,0.57999966,0.583333,0.57666633,0.57999966,396900.23020213,NaN,NaN,NaN,NaN,NaN,NaN,NaN
1546477200,0.58999966,0.60666631,0.58666633,0.60333298,481500.27927016,NaN,NaN,NaN,NaN,NaN,NaN,NaN
1546563600,0.59999965,0.59999965,0.58999966,0.58999966,187200.10857606,NaN,NaN,NaN,NaN,NaN,NaN,NaN
1546822800,0.58999966,0.59999965,0.58999966,0.59999965,148950.08639105,NaN,NaN,NaN,NaN,NaN,NaN,NaN
1546909200,0.59666632,0.59666632,0.59666632,0.59666632,138300.08021405,NaN,NaN,NaN,NaN,NaN,NaN,NaN
1546995600,0.59333299,0.59999965,0.59333299,0.59999965,276150.16016709,NaN,NaN,NaN,NaN,NaN,NaN,NaN
1547082000,0.59999965,0.59999965,0.59666632,0.59999965,366000.21228012,NaN,NaN,NaN,NaN,NaN,NaN,NaN
1547168400,0.59999965,0.60999965,0.59333299,0.60999965,925950.53705131,NaN,NaN,NaN,NaN,NaN,NaN,NaN
1547427600,0.60666631,0.60666631,0.59666632,0.59666632,517050.29988917,NaN,NaN,NaN,NaN,NaN,NaN,NaN
1547514000,0.59999965,0.59999965,0.58999966,0.59999965,300450.1742611,NaN,NaN,NaN,NaN,NaN,NaN,NaN
1547600400,0.58999966,0.59999965,0.58999966,0.59999965,1290600.74854843,NaN,NaN,NaN,NaN,NaN,NaN,NaN
1547686800,0.59999965,0.59999965,0.59333299,0.59666632,232200.13467608,NaN,NaN,NaN,NaN,NaN,NaN,NaN
1547773200,0.59666632,0.59999965,0.59666632,0.59999965,669450.38828123,NaN,NaN,NaN,NaN,NaN,NaN,NaN
1548118800,0.60666631,0.60999965,0.60333298,0.60999965,322950.18731111,NaN,NaN,NaN,NaN,NaN,NaN,NaN
1548205200,0.60666631,0.60999965,0.60333298,0.60999965,511050.29640917,NaN,NaN,NaN,NaN,NaN,NaN,NaN
1548291600,0.60999965,0.60999965,0.60333298,0.60999965,216000.12528007,NaN,NaN,NaN,NaN,NaN,NaN,NaN
1548378000,0.61333298,0.61666631,0.60333298,0.60999965,328200.19035611,NaN,NaN,NaN,NaN,NaN,NaN,NaN
1548637200,0.61333298,0.61666631,0.60999965,0.61333298,179850.10431306,NaN,NaN,NaN,NaN,NaN,NaN,NaN
1548723600,0.60666631,0.61999964,0.60666631,0.61999964,216150.12536707,NaN,NaN,NaN,NaN,NaN,NaN,NaN
1548810000,0.61666631,0.61999964,0.61333298,0.61999964,127650.07403704,NaN,NaN,NaN,NaN,NaN,NaN,NaN
1548896400,0.61666631,0.61999964,0.60666631,0.60666631,233850.13563308,NaN,NaN,NaN,NaN,NaN,NaN,NaN
1549242000,0.60333298,0.61999964,0.60333298,0.61999964,360600.20914812,NaN,NaN,NaN,NaN,NaN,NaN,NaN
1549501200,0.61999964,0.6266663,0.60999965,0.6266663,277950.16121109,NaN,NaN,NaN,NaN,NaN,NaN,NaN
1549587600,0.62333297,0.6266663,0.61999964,0.6266663,162750.09439505,NaN,NaN,NaN,NaN,NaN,NaN,NaN
1549846800,0.62333297,0.6266663,0.61666631,0.6266663,492900.28588217,NaN,NaN,NaN,NaN,NaN,NaN,NaN
1549933200,0.6266663,0.63333297,0.62333297,0.62333297,412650.23933714,NaN,NaN,NaN,NaN,NaN,NaN,NaN
1550019600,0.6266663,0.62999963,0.62333297,0.62999963,288300.1672141,NaN,NaN,NaN,NaN,NaN,NaN,NaN
1550106000,0.62999963,0.63333297,0.62999963,0.62999963,104700.06072604,NaN,NaN,NaN,NaN,NaN,NaN,NaN
1550192400,0.63333297,0.6366663,0.62999963,0.63333297,354600.20566812,NaN,NaN,NaN,NaN,NaN,NaN,NaN
1550451600,0.62999963,0.64333296,0.62999963,0.63999963,411450.23864114,NaN,NaN,NaN,NaN,NaN,NaN,NaN
1550538000,0.63999963,0.63999963,0.63333297,0.6366663,166950.09683106,NaN,NaN,NaN,NaN,NaN,NaN,NaN
1550624400,0.63999963,0.65333295,0.6366663,0.64666629,1068900.61996236,NaN,NaN,NaN,NaN,NaN,NaN,NaN
1550710800,0.64666629,0.65999962,0.64333296,0.65666629,462750.26839516,NaN,NaN,NaN,NaN,NaN,NaN,NaN
1550797200,0.65333295,0.65666629,0.64666629,0.65333295,288150.1671271,NaN,NaN,NaN,NaN,NaN,NaN,NaN
1551056400,0.65333295,0.65333295,0.62999963,0.62999963,280650.16277709,NaN,NaN,NaN,NaN,NaN,NaN,NaN
1551142800,0.63333297,0.64666629,0.63333297,0.64666629,329550.19113911,NaN,NaN,NaN,NaN,NaN,NaN,NaN
1551229200,0.64999962,0.65666629,0.64666629,0.65666629,455850.26439315,NaN,NaN,NaN,NaN,NaN,NaN,NaN
1551315600,0.65999962,0.66666628,0.63999963,0.64333296,1465050.84972949,NaN,NaN,NaN,NaN,NaN,NaN,NaN
1551402000,0.64333296,0.65666629,0.63999963,0.65333295,246600.14302808,NaN,NaN,NaN,NaN,NaN,NaN,NaN
1551661200,0.65333295,0.65666629,0.64666629,0.64999962,862950.50051129,NaN,NaN,NaN,NaN,NaN,NaN,NaN
1551747600,0.64666629,0.64999962,0.64666629,0.64999962,285150.1653871,NaN,NaN,NaN,NaN,NaN,NaN,NaN
1551834000,0.64333296,0.64666629,0.63333297,0.6366663,538500.31233018,NaN,NaN,NaN,NaN,NaN,NaN,NaN
1551920400,0.64333296,0.65333295,0.6366663,0.65333295,75300.04367403,NaN,NaN,NaN,NaN,NaN,NaN,NaN
1552006800,0.65333295,0.65333295,0.64333296,0.64333296,71550.04149902,NaN,NaN,NaN,NaN,NaN,NaN,NaN
1552266000,0.64333296,0.64666629,0.6366663,0.6366663,327900.19018211,NaN,NaN,NaN,NaN,NaN,NaN,NaN
1552352400,0.63999963,0.64666629,0.6366663,0.63999963,192450.11162106,NaN,NaN,NaN,NaN,NaN,NaN,NaN
1552438800,0.64666629,0.64666629,0.6366663,0.63999963,186600.10822806,NaN,NaN,NaN,NaN,NaN,NaN,NaN
1552525200,0.64333296,0.64333296,0.6366663,0.6366663,733650.42551725,NaN,NaN,NaN,NaN,NaN,NaN,NaN
1552611600,0.63999963,0.64333296,0.63999963,0.64333296,170850.09909306,NaN,NaN,NaN,NaN,NaN,NaN,NaN
1552870800,0.63999963,0.64333296,0.6366663,0.64333296,248850.14433308,NaN,NaN,NaN,NaN,NaN,NaN,NaN
1552957200,0.63999963,0.64666629,0.6366663,0.6366663,399300.23159413,NaN,NaN,NaN,NaN,NaN,NaN,NaN
1553043600,0.63999963,0.64333296,0.6366663,0.63999963,332550.19287911,NaN,NaN,NaN,NaN,NaN,NaN,NaN
1553130000,0.63999963,0.63999963,0.6266663,0.62999963,2153851.24923372,NaN,NaN,NaN,NaN,NaN,NaN,NaN
1553216400,0.63333297,0.63333297,0.62333297,0.62999963,818700.47484628,NaN,NaN,NaN,NaN,NaN,NaN,NaN
1553475600,0.6266663,0.62999963,0.62333297,0.62999963,71100.04123802,NaN,NaN,NaN,NaN,NaN,NaN,NaN
1553562000,0.62999963,0.6366663,0.62333297,0.6266663,212550.12327907,NaN,NaN,NaN,NaN,NaN,NaN,NaN
1553648400,0.62999963,0.6366663,0.6266663,0.6366663,433500.25143015,NaN,NaN,NaN,NaN,NaN,NaN,NaN
1553734800,0.6266663,0.63333297,0.62333297,0.6266663,273300.15851409,NaN,NaN,NaN,NaN,NaN,NaN,NaN
1553821200,0.62999963,0.63333297,0.62333297,0.62333297,549150.31850718,3115798442.1,7935760000,3142899000,32953000.000000004,272623000,4724158000,5.34705614999996
1554080400,0.6266663,0.62999963,0.6266663,0.62999963,445500.25839015,NaN,NaN,NaN,NaN,NaN,NaN,NaN
1554166800,0.6366663,0.6366663,0.62999963,0.6366663,46350.02688302,NaN,NaN,NaN,NaN,NaN,NaN,NaN
1554253200,0.6366663,0.64333296,0.63333297,0.64333296,589350.3418232,NaN,NaN,NaN,NaN,NaN,NaN,NaN
1554339600,0.64333296,0.65666629,0.64333296,0.65333295,1588050.92106953,NaN,NaN,NaN,NaN,NaN,NaN,NaN
1554426000,0.65333295,0.65333295,0.64666629,0.64666629,110400.06403204,NaN,NaN,NaN,NaN,NaN,NaN,NaN
1554685200,0.64333296,0.64333296,0.6366663,0.63999963,318600.18478811,NaN,NaN,NaN,NaN,NaN,NaN,NaN
1554771600,0.65333295,0.65333295,0.6366663,0.63999963,650850.37749322,NaN,NaN,NaN,NaN,NaN,NaN,NaN
1554858000,0.64333296,0.64333296,0.63999963,0.64333296,424800.24638414,NaN,NaN,NaN,NaN,NaN,NaN,NaN
1554944400,0.64333296,0.64666629,0.64333296,0.64333296,156000.09048005,NaN,NaN,NaN,NaN,NaN,NaN,NaN
1555030800,0.64333296,0.65333295,0.64333296,0.64999962,201000.11658007,NaN,NaN,NaN,NaN,NaN,NaN,NaN
1555290000,0.64999962,0.64999962,0.63333297,0.64333296,1333200.77325645,NaN,NaN,NaN,NaN,NaN,NaN,NaN
1555376400,0.64333296,0.64666629,0.63999963,0.64666629,1933201.12125665,NaN,NaN,NaN,NaN,NaN,NaN,NaN
1555462800,0.64333296,0.64666629,0.64333296,0.64333296,236850.13737308,NaN,NaN,NaN,NaN,NaN,NaN,NaN
1555549200,0.64333296,0.64666629,0.64333296,0.64333296,196800.11414407,NaN,NaN,NaN,NaN,NaN,NaN,NaN
1555635600,0.64333296,0.65333295,0.64333296,0.65333295,385200.22341613,NaN,NaN,NaN,NaN,NaN,NaN,NaN
1555894800,0.65333295,0.66333295,0.64999962,0.66333295,896100.5197383,NaN,NaN,NaN,NaN,NaN,NaN,NaN
1555981200,0.66333295,0.66333295,0.65666629,0.65999962,540150.31328718,NaN,NaN,NaN,NaN,NaN,NaN,NaN
1556067600,0.66333295,0.66333295,0.65333295,0.66333295,326100.18913811,NaN,NaN,NaN,NaN,NaN,NaN,NaN
1556154000,0.66333295,0.66333295,0.65333295,0.65333295,205950.11945107,NaN,NaN,NaN,NaN,NaN,NaN,NaN
1556240400,0.65666629,0.65999962,0.65333295,0.65666629,314700.18252611,NaN,NaN,NaN,NaN,NaN,NaN,NaN
1556499600,0.65666629,0.65999962,0.65666629,0.65999962,195600.11344807,NaN,NaN,NaN,NaN,NaN,NaN,NaN
1556586000,0.65666629,0.65999962,0.65666629,0.65666629,1092600.63370837,NaN,NaN,NaN,NaN,NaN,NaN,NaN
1556758800,0.65666629,0.65999962,0.65333295,0.65666629,565350.32790319,NaN,NaN,NaN,NaN,NaN,NaN,NaN
1556845200,0.65666629,0.65666629,0.64999962,0.65333295,2445901.41862282,NaN,NaN,NaN,NaN,NaN,NaN,NaN
1557104400,0.6366663,0.63999963,0.6266663,0.63333297,901500.5228703,NaN,NaN,NaN,NaN,NaN,NaN,NaN
1557190800,0.6366663,0.63999963,0.62999963,0.63333297,2783101.61419894,NaN,NaN,NaN,NaN,NaN,NaN,NaN
1557277200,0.63333297,0.63999963,0.62333297,0.62999963,1016100.58933834,NaN,NaN,NaN,NaN,NaN,NaN,NaN
1557363600,0.62333297,0.6266663,0.62333297,0.6266663,18750.01087501,NaN,NaN,NaN,NaN,NaN,NaN,NaN
1557450000,0.62999963,0.63333297,0.62333297,0.62333297,77550.04497903,NaN,NaN,NaN,NaN,NaN,NaN,NaN
1557709200,0.6266663,0.62999963,0.61999964,0.61999964,874800.50738429,NaN,NaN,NaN,NaN,NaN,NaN,NaN
1557795600,0.61333298,0.61999964,0.60999965,0.61666631,312750.18139511,NaN,NaN,NaN,NaN,NaN,NaN,NaN
1557882000,0.61999964,0.61999964,0.61666631,0.61666631,845100.49015828,NaN,NaN,NaN,NaN,NaN,NaN,NaN
1557968400,0.61666631,0.61666631,0.61333298,0.61333298,3540902.05372319,NaN,NaN,NaN,NaN,NaN,NaN,NaN
1558054800,0.61333298,0.61333298,0.60666631,0.60999965,1299600.75376844,NaN,NaN,NaN,NaN,NaN,NaN,NaN
1558400400,0.60999965,0.60999965,0.58666633,0.59333299,3218251.86658608,NaN,NaN,NaN,NaN,NaN,NaN,NaN
1558573200,0.59333299,0.60333298,0.57999966,0.583333,4214702.44452742,NaN,NaN,NaN,NaN,NaN,NaN,NaN
1558659600,0.583333,0.58666633,0.583333,0.583333,3887252.25460631,NaN,NaN,NaN,NaN,NaN,NaN,NaN
1558918800,0.583333,0.58666633,0.56999967,0.573333,3050551.76932003,NaN,NaN,NaN,NaN,NaN,NaN,NaN
1559005200,0.58999966,0.59666632,0.55666634,0.55666634,32103168.6198378,NaN,NaN,NaN,NaN,NaN,NaN,NaN
1559091600,0.56333301,0.58999966,0.56333301,0.583333,3855752.2363363,NaN,NaN,NaN,NaN,NaN,NaN,NaN
1559178000,0.58666633,0.58666633,0.57666633,0.583333,2022001.17276068,NaN,NaN,NaN,NaN,NaN,NaN,NaN
1559264400,0.583333,0.59333299,0.573333,0.57999966,2860351.65900396,NaN,NaN,NaN,NaN,NaN,NaN,NaN
1559523600,0.57999966,0.58666633,0.573333,0.583333,583950.3386912,NaN,NaN,NaN,NaN,NaN,NaN,NaN
1559610000,0.583333,0.583333,0.573333,0.57999966,810900.47032227,NaN,NaN,NaN,NaN,NaN,NaN,NaN
1559869200,0.583333,0.58999966,0.583333,0.58666633,954000.55332032,NaN,NaN,NaN,NaN,NaN,NaN,NaN
1560128400,0.59333299,0.60666631,0.59333299,0.59999965,1185600.6876484,NaN,NaN,NaN,NaN,NaN,NaN,NaN
1560214800,0.60333298,0.60666631,0.60333298,0.60666631,319650.18539711,NaN,NaN,NaN,NaN,NaN,NaN,NaN
1560301200,0.60666631,0.60999965,0.60666631,0.60666631,794850.46101327,NaN,NaN,NaN,NaN,NaN,NaN,NaN
1560387600,0.60999965,0.61666631,0.60666631,0.61333298,711450.41264124,NaN,NaN,NaN,NaN,NaN,NaN,NaN
1560474000,0.61333298,0.61333298,0.60333298,0.60666631,475350.27570316,NaN,NaN,NaN,NaN,NaN,NaN,NaN
1560733200,0.60333298,0.60666631,0.60333298,0.60666631,266400.15451209,NaN,NaN,NaN,NaN,NaN,NaN,NaN
1560819600,0.60333298,0.62333297,0.60333298,0.61999964,732300.42473425,NaN,NaN,NaN,NaN,NaN,NaN,NaN
1560906000,0.61666631,0.63999963,0.61666631,0.6366663,1035150.60038735,NaN,NaN,NaN,NaN,NaN,NaN,NaN
1560992400,0.63999963,0.63999963,0.6266663,0.62999963,123450.07160104,NaN,NaN,NaN,NaN,NaN,NaN,NaN
1561078800,0.61999964,0.62999963,0.61999964,0.6266663,451800.26204415,NaN,NaN,NaN,NaN,NaN,NaN,NaN
1561338000,0.62333297,0.62999963,0.62333297,0.6266663,890700.5166063,NaN,NaN,NaN,NaN,NaN,NaN,NaN
1561424400,0.6266663,0.62999963,0.61999964,0.61999964,945300.54827432,NaN,NaN,NaN,NaN,NaN,NaN,NaN
1561510800,0.61999964,0.62333297,0.61666631,0.62333297,269700.15642609,NaN,NaN,NaN,NaN,NaN,NaN,NaN
1561597200,0.62999963,0.63333297,0.6266663,0.6266663,1146300.66485439,NaN,NaN,NaN,NaN,NaN,NaN,NaN
1561683600,0.6266663,0.63333297,0.61999964,0.6266663,2679451.5540819,3115798442.1,7955018000,3100376000,28229000,343357000,4784555000,5.31861436196806
1561942800,0.6266663,0.63333297,0.6266663,0.62999963,402000.23316014,NaN,NaN,NaN,NaN,NaN,NaN,NaN
1562029200,0.62999963,0.6366663,0.62999963,0.63333297,1526400.88531251,NaN,NaN,NaN,NaN,NaN,NaN,NaN
1562115600,0.63333297,0.63333297,0.63333297,0.63333297,1862401.08019263,NaN,NaN,NaN,NaN,NaN,NaN,NaN
1562202000,0.6366663,0.6366663,0.62999963,0.63333297,1806601.04782861,NaN,NaN,NaN,NaN,NaN,NaN,NaN
1562288400,0.63333297,0.63999963,0.63333297,0.63333297,1645800.95456455,NaN,NaN,NaN,NaN,NaN,NaN,NaN
1562547600,0.63333297,0.63999963,0.63333297,0.63333297,4654202.69943757,NaN,NaN,NaN,NaN,NaN,NaN,NaN
1562634000,0.62999963,0.63999963,0.62999963,0.6366663,629400.36505221,NaN,NaN,NaN,NaN,NaN,NaN,NaN
1562720400,0.63333297,0.63333297,0.62999963,0.63333297,646500.37497022,NaN,NaN,NaN,NaN,NaN,NaN,NaN
1562806800,0.6366663,0.6366663,0.6266663,0.63333297,1099500.63771037,NaN,NaN,NaN,NaN,NaN,NaN,NaN
1562893200,0.63333297,0.6366663,0.62999963,0.6366663,925800.53696431,NaN,NaN,NaN,NaN,NaN,NaN,NaN
1563152400,0.63333297,0.63333297,0.62999963,0.62999963,1144350.66372339,NaN,NaN,NaN,NaN,NaN,NaN,NaN
1563238800,0.62999963,0.63333297,0.6266663,0.63333297,329400.19105211,NaN,NaN,NaN,NaN,NaN,NaN,NaN
1563325200,0.63333297,0.6366663,0.63333297,0.63333297,861900.49990229,NaN,NaN,NaN,NaN,NaN,NaN,NaN
1563411600,0.63333297,0.63333297,0.6266663,0.6266663,1101150.63866737,NaN,NaN,NaN,NaN,NaN,NaN,NaN
1563498000,0.6266663,0.63333297,0.6266663,0.62999963,114300.06629404,NaN,NaN,NaN,NaN,NaN,NaN,NaN
1563757200,0.62999963,0.62999963,0.62333297,0.62333297,186000.10788006,NaN,NaN,NaN,NaN,NaN,NaN,NaN
1563843600,0.6266663,0.6266663,0.62333297,0.6266663,523050.30336918,NaN,NaN,NaN,NaN,NaN,NaN,NaN
1563930000,0.6266663,0.63333297,0.62333297,0.63333297,739200.42873625,NaN,NaN,NaN,NaN,NaN,NaN,NaN
1564016400,0.6366663,0.63999963,0.62333297,0.62999963,102900.05968203,NaN,NaN,NaN,NaN,NaN,NaN,NaN
1564102800,0.62999963,0.62999963,0.61999964,0.62999963,159150.09230705,NaN,NaN,NaN,NaN,NaN,NaN,NaN
1564362000,0.6266663,0.6266663,0.62333297,0.62333297,355500.20619012,NaN,NaN,NaN,NaN,NaN,NaN,NaN
1564534800,0.62333297,0.6266663,0.61999964,0.62333297,2938651.70441799,NaN,NaN,NaN,NaN,NaN,NaN,NaN
1564621200,0.63333297,0.63333297,0.61999964,0.62333297,384600.22306813,NaN,NaN,NaN,NaN,NaN,NaN,NaN
1564707600,0.61999964,0.61999964,0.61666631,0.61999964,572250.33190519,NaN,NaN,NaN,NaN,NaN,NaN,NaN
1564966800,0.61666631,0.61666631,0.60333298,0.60999965,491700.28518617,NaN,NaN,NaN,NaN,NaN,NaN,NaN
1565053200,0.60333298,0.60999965,0.59999965,0.60333298,252000.14616008,NaN,NaN,NaN,NaN,NaN,NaN,NaN
1565139600,0.60333298,0.60666631,0.60333298,0.60333298,92550.05367903,NaN,NaN,NaN,NaN,NaN,NaN,NaN
1565226000,0.59999965,0.61333298,0.59999965,0.61333298,140850.08169305,NaN,NaN,NaN,NaN,NaN,NaN,NaN
1565312400,0.61333298,0.61666631,0.61333298,0.61666631,64950.03767102,NaN,NaN,NaN,NaN,NaN,NaN,NaN
1565658000,0.60666631,0.61333298,0.60333298,0.61333298,284250.1648651,NaN,NaN,NaN,NaN,NaN,NaN,NaN
1565744400,0.60999965,0.61666631,0.60999965,0.61666631,77850.04515303,NaN,NaN,NaN,NaN,NaN,NaN,NaN
1565830800,0.60666631,0.60999965,0.59999965,0.59999965,482850.28005316,NaN,NaN,NaN,NaN,NaN,NaN,NaN
1565917200,0.59999965,0.60666631,0.59999965,0.60333298,115950.06725104,NaN,NaN,NaN,NaN,NaN,NaN,NaN
1566176400,0.60333298,0.60999965,0.60333298,0.60666631,220350.12780307,NaN,NaN,NaN,NaN,NaN,NaN,NaN
1566262800,0.60999965,0.60999965,0.60333298,0.60333298,390150.22628713,NaN,NaN,NaN,NaN,NaN,NaN,NaN
1566349200,0.60333298,0.60666631,0.59999965,0.60333298,134250.07786505,NaN,NaN,NaN,NaN,NaN,NaN,NaN
1566435600,0.60333298,0.61333298,0.60333298,0.60666631,75900.04402203,NaN,NaN,NaN,NaN,NaN,NaN,NaN
1566522000,0.60999965,0.60999965,0.59999965,0.60666631,528600.30658818,NaN,NaN,NaN,NaN,NaN,NaN,NaN
1566781200,0.59999965,0.60666631,0.59666632,0.60333298,151050.08760905,NaN,NaN,NaN,NaN,NaN,NaN,NaN
1566867600,0.60333298,0.60999965,0.60333298,0.60666631,1425600.82684848,NaN,NaN,NaN,NaN,NaN,NaN,NaN
1566954000,0.60666631,0.60666631,0.60333298,0.60333298,239550.13893908,NaN,NaN,NaN,NaN,NaN,NaN,NaN
1567040400,0.60999965,0.60999965,0.59999965,0.60333298,191700.11118606,NaN,NaN,NaN,NaN,NaN,NaN,NaN
1567126800,0.60333298,0.61333298,0.60333298,0.60999965,1822351.05696361,NaN,NaN,NaN,NaN,NaN,NaN,NaN
1567472400,0.61333298,0.61333298,0.60666631,0.60999965,276600.16042809,NaN,NaN,NaN,NaN,NaN,NaN,NaN
1567558800,0.60999965,0.61333298,0.60999965,0.60999965,522150.30284718,NaN,NaN,NaN,NaN,NaN,NaN,NaN
1567645200,0.61333298,0.61333298,0.60999965,0.61333298,367800.21332412,NaN,NaN,NaN,NaN,NaN,NaN,NaN
1567731600,0.61333298,0.63333297,0.61333298,0.6266663,1351200.78369645,NaN,NaN,NaN,NaN,NaN,NaN,NaN
1568077200,0.6266663,0.62999963,0.61999964,0.62999963,418500.24273014,NaN,NaN,NaN,NaN,NaN,NaN,NaN
1568163600,0.62999963,0.63333297,0.6266663,0.63333297,1125600.65284838,NaN,NaN,NaN,NaN,NaN,NaN,NaN
1568250000,0.63333297,0.6366663,0.62999963,0.63333297,647100.37531822,NaN,NaN,NaN,NaN,NaN,NaN,NaN
1568336400,0.63333297,0.6366663,0.62333297,0.62999963,825300.47867428,NaN,NaN,NaN,NaN,NaN,NaN,NaN
1568682000,0.6266663,0.6266663,0.60999965,0.61999964,761550.44169926,NaN,NaN,NaN,NaN,NaN,NaN,NaN
1568768400,0.61666631,0.61666631,0.60999965,0.61333298,1222350.70896341,NaN,NaN,NaN,NaN,NaN,NaN,NaN
1568854800,0.61333298,0.62333297,0.61333298,0.61999964,241200.13989608,NaN,NaN,NaN,NaN,NaN,NaN,NaN
1568941200,0.61999964,0.6266663,0.61999964,0.6266663,1161900.67390239,NaN,NaN,NaN,NaN,NaN,NaN,NaN
1569200400,0.62999963,0.63333297,0.62333297,0.62999963,559350.32442319,NaN,NaN,NaN,NaN,NaN,NaN,NaN
1569286800,0.62999963,0.63999963,0.62999963,0.6366663,1804951.04687161,NaN,NaN,NaN,NaN,NaN,NaN,NaN
1569373200,0.63333297,0.65999962,0.63333297,0.65333295,2608051.51266988,NaN,NaN,NaN,NaN,NaN,NaN,NaN
1569459600,0.65333295,0.65333295,0.63999963,0.64666629,995400.57733233,NaN,NaN,NaN,NaN,NaN,NaN,NaN
1569546000,0.64999962,0.64999962,0.63999963,0.63999963,560700.32520619,NaN,NaN,NaN,NaN,NaN,NaN,NaN
1569805200,0.63333297,0.64999962,0.63333297,0.64333296,780450.45266126,3115798442.1,8194914000.000001,3204722000,50276000,321860000,4918861000,5.18082642512954
1569891600,0.6366663,0.64666629,0.6366663,0.63999963,671850.38967323,NaN,NaN,NaN,NaN,NaN,NaN,NaN
1569978000,0.64666629,0.64666629,0.6366663,0.63999963,562350.32616319,NaN,NaN,NaN,NaN,NaN,NaN,NaN
1570064400,0.63999963,0.63999963,0.63333297,0.63999963,112950.06551104,NaN,NaN,NaN,NaN,NaN,NaN,NaN
1570150800,0.6366663,0.63999963,0.63333297,0.63999963,181200.10509606,NaN,NaN,NaN,NaN,NaN,NaN,NaN
1570410000,0.63333297,0.6366663,0.63333297,0.6366663,151350.08778305,NaN,NaN,NaN,NaN,NaN,NaN,NaN
1570496400,0.64333296,0.64333296,0.63333297,0.63333297,207000.12006007,NaN,NaN,NaN,NaN,NaN,NaN,NaN
1570582800,0.63333297,0.6366663,0.6266663,0.63333297,164700.09552606,NaN,NaN,NaN,NaN,NaN,NaN,NaN
1570669200,0.63333297,0.63333297,0.62999963,0.63333297,450450.26126115,NaN,NaN,NaN,NaN,NaN,NaN,NaN
1570755600,0.63333297,0.6366663,0.62333297,0.63333297,586950.3404312,NaN,NaN,NaN,NaN,NaN,NaN,NaN
1571014800,0.6366663,0.63999963,0.63333297,0.63999963,666000.38628022,NaN,NaN,NaN,NaN,NaN,NaN,NaN
1571101200,0.63999963,0.64666629,0.6366663,0.64333296,615900.35722221,NaN,NaN,NaN,NaN,NaN,NaN,NaN
1571187600,0.64666629,0.64999962,0.63999963,0.64666629,861900.49990229,NaN,NaN,NaN,NaN,NaN,NaN,NaN
1571274000,0.64999962,0.64999962,0.64333296,0.64666629,318000.18444011,NaN,NaN,NaN,NaN,NaN,NaN,NaN
1571360400,0.64666629,0.64999962,0.6366663,0.63999963,475950.27605116,NaN,NaN,NaN,NaN,NaN,NaN,NaN
1571619600,0.63999963,0.63999963,0.62999963,0.63333297,181800.10544406,NaN,NaN,NaN,NaN,NaN,NaN,NaN
1571706000,0.63333297,0.6366663,0.63333297,0.6366663,535950.31085118,NaN,NaN,NaN,NaN,NaN,NaN,NaN
1571792400,0.63333297,0.6366663,0.62999963,0.6366663,395700.22950613,NaN,NaN,NaN,NaN,NaN,NaN,NaN
1571878800,0.63333297,0.63999963,0.63333297,0.63999963,555600.32224819,NaN,NaN,NaN,NaN,NaN,NaN,NaN
1571965200,0.63333297,0.63999963,0.63333297,0.6366663,286200.1659961,NaN,NaN,NaN,NaN,NaN,NaN,NaN
1572310800,0.6366663,0.64666629,0.63333297,0.6366663,410700.23820614,NaN,NaN,NaN,NaN,NaN,NaN,NaN
1572397200,0.6366663,0.64333296,0.6366663,0.6366663,58350.03384302,NaN,NaN,NaN,NaN,NaN,NaN,NaN
1572483600,0.6366663,0.6366663,0.63333297,0.6366663,240600.13954808,NaN,NaN,NaN,NaN,NaN,NaN,NaN
1572570000,0.63333297,0.63999963,0.63333297,0.6366663,467700.27126616,NaN,NaN,NaN,NaN,NaN,NaN,NaN
1572829200,0.6366663,0.63999963,0.63333297,0.6366663,1752601.01650859,NaN,NaN,NaN,NaN,NaN,NaN,NaN
1572915600,0.6366663,0.6366663,0.62999963,0.6366663,862800.50042429,NaN,NaN,NaN,NaN,NaN,NaN,NaN
1573002000,0.6366663,0.6366663,0.63333297,0.63333297,821700.47658628,NaN,NaN,NaN,NaN,NaN,NaN,NaN
1573088400,0.6366663,0.64333296,0.63333297,0.63999963,480150.27848716,NaN,NaN,NaN,NaN,NaN,NaN,NaN
1573174800,0.63999963,0.63999963,0.63333297,0.6366663,293100.1699981,NaN,NaN,NaN,NaN,NaN,NaN,NaN
1573434000,0.6366663,0.6366663,0.63333297,0.6366663,196350.11388307,NaN,NaN,NaN,NaN,NaN,NaN,NaN
1573520400,0.6366663,0.6366663,0.62999963,0.63333297,1488000.8630405,NaN,NaN,NaN,NaN,NaN,NaN,NaN
1573606800,0.63333297,0.63333297,0.62999963,0.63333297,859800.49868429,NaN,NaN,NaN,NaN,NaN,NaN,NaN
1573693200,0.63333297,0.63333297,0.62999963,0.63333297,606600.3518282,NaN,NaN,NaN,NaN,NaN,NaN,NaN
1573779600,0.63333297,0.63333297,0.6266663,0.62999963,526050.30510918,NaN,NaN,NaN,NaN,NaN,NaN,NaN
1574038800,0.62999963,0.63333297,0.6266663,0.62999963,398100.23089813,NaN,NaN,NaN,NaN,NaN,NaN,NaN
1574125200,0.62999963,0.62999963,0.6266663,0.6266663,237750.13789508,NaN,NaN,NaN,NaN,NaN,NaN,NaN
1574211600,0.62999963,0.63333297,0.62999963,0.62999963,403350.23394314,NaN,NaN,NaN,NaN,NaN,NaN,NaN
1574298000,0.63333297,0.63333297,0.62333297,0.62333297,614400.35635221,NaN,NaN,NaN,NaN,NaN,NaN,NaN
1574384400,0.6266663,0.6266663,0.62333297,0.62333297,396900.23020213,NaN,NaN,NaN,NaN,NaN,NaN,NaN
1574643600,0.62333297,0.62999963,0.62333297,0.62999963,460950.26735116,NaN,NaN,NaN,NaN,NaN,NaN,NaN
1574730000,0.63333297,0.64999962,0.62999963,0.62999963,2102101.21921871,NaN,NaN,NaN,NaN,NaN,NaN,NaN
1574816400,0.63333297,0.6366663,0.62999963,0.63333297,3358051.94767013,NaN,NaN,NaN,NaN,NaN,NaN,NaN
1574902800,0.63333297,0.63333297,0.62999963,0.63333297,572700.33216619,NaN,NaN,NaN,NaN,NaN,NaN,NaN
1574989200,0.62999963,0.62999963,0.6266663,0.6266663,644250.37366522,NaN,NaN,NaN,NaN,NaN,NaN,NaN
1575248400,0.62999963,0.62999963,0.62333297,0.62333297,1363650.79091746,NaN,NaN,NaN,NaN,NaN,NaN,NaN
1575334800,0.6266663,0.6266663,0.61999964,0.61999964,465450.26996116,NaN,NaN,NaN,NaN,NaN,NaN,NaN
1575421200,0.62333297,0.6266663,0.61999964,0.62333297,884550.5130393,NaN,NaN,NaN,NaN,NaN,NaN,NaN
1575507600,0.62333297,0.62333297,0.60666631,0.62333297,759150.44030726,NaN,NaN,NaN,NaN,NaN,NaN,NaN
1575594000,0.62333297,0.62333297,0.61999964,0.61999964,375600.21784813,NaN,NaN,NaN,NaN,NaN,NaN,NaN
1575853200,0.61999964,0.6266663,0.61999964,0.62333297,394500.22881013,NaN,NaN,NaN,NaN,NaN,NaN,NaN
1575939600,0.6266663,0.6266663,0.61999964,0.6266663,467550.27117916,NaN,NaN,NaN,NaN,NaN,NaN,NaN
1576026000,0.62333297,0.6266663,0.61999964,0.6266663,397500.23055013,NaN,NaN,NaN,NaN,NaN,NaN,NaN
1576112400,0.62999963,0.62999963,0.6266663,0.62999963,262050.15198909,NaN,NaN,NaN,NaN,NaN,NaN,NaN
1576198800,0.6266663,0.62999963,0.62333297,0.62333297,724350.42012324,NaN,NaN,NaN,NaN,NaN,NaN,NaN
1576458000,0.62333297,0.62999963,0.62333297,0.62333297,200850.11649307,NaN,NaN,NaN,NaN,NaN,NaN,NaN
1576544400,0.6266663,0.6266663,0.62333297,0.6266663,370950.21515112,NaN,NaN,NaN,NaN,NaN,NaN,NaN
1576630800,0.6266663,0.63333297,0.62333297,0.63333297,1221750.70861541,NaN,NaN,NaN,NaN,NaN,NaN,NaN
1576717200,0.63333297,0.65999962,0.63333297,0.65333295,1866901.08280263,NaN,NaN,NaN,NaN,NaN,NaN,NaN
1576803600,0.65333295,0.65999962,0.64999962,0.65999962,1998301.15901467,NaN,NaN,NaN,NaN,NaN,NaN,NaN
1577062800,0.65999962,0.67333294,0.65999962,0.67333294,3669602.12836923,NaN,NaN,NaN,NaN,NaN,NaN,NaN
1577149200,0.67333294,0.68666627,0.66666628,0.68666627,2780101.61245894,NaN,NaN,NaN,NaN,NaN,NaN,NaN
1577322000,0.68666627,0.69999959,0.67999961,0.68666627,1054050.61134935,NaN,NaN,NaN,NaN,NaN,NaN,NaN
1577408400,0.68666627,0.69333293,0.67333294,0.69333293,858000.49764029,NaN,NaN,NaN,NaN,NaN,NaN,NaN
1577667600,0.68666627,0.69333293,0.67333294,0.68666627,1950151.13108766,NaN,NaN,NaN,NaN,NaN,NaN,NaN
1577754000,0.68666627,0.69333293,0.67999961,0.69333293,1851001.07358062,3107752446.123,8393129000.000001,3329680000,85070000,299833000,4989463000,4.80720913485579
1577926800,0.68666627,0.69333293,0.67999961,0.69333293,520200.30171617,NaN,NaN,NaN,NaN,NaN,NaN,NaN
1578013200,0.68666627,0.69333293,0.67999961,0.69333293,539700.31302618,NaN,NaN,NaN,NaN,NaN,NaN,NaN
1578272400,0.68666627,0.68666627,0.67333294,0.67999961,955350.55410332,NaN,NaN,NaN,NaN,NaN,NaN,NaN
1578358800,0.67333294,0.68666627,0.67333294,0.68666627,608100.3526982,NaN,NaN,NaN,NaN,NaN,NaN,NaN
1578445200,0.67333294,0.67333294,0.66333295,0.66333295,2647501.53555089,NaN,NaN,NaN,NaN,NaN,NaN,NaN
1578531600,0.66666628,0.67999961,0.66666628,0.67333294,740700.42960625,NaN,NaN,NaN,NaN,NaN,NaN,NaN
1578618000,0.67333294,0.67999961,0.66666628,0.67333294,509400.29545217,NaN,NaN,NaN,NaN,NaN,NaN,NaN
1578877200,0.67333294,0.67999961,0.66666628,0.67999961,499800.28988417,NaN,NaN,NaN,NaN,NaN,NaN,NaN
1578963600,0.67999961,0.67999961,0.66666628,0.67333294,421350.24438314,NaN,NaN,NaN,NaN,NaN,NaN,NaN
1579050000,0.67333294,0.67999961,0.66666628,0.67999961,1508850.87513351,NaN,NaN,NaN,NaN,NaN,NaN,NaN
1579136400,0.67333294,0.67333294,0.66666628,0.67333294,572400.33199219,NaN,NaN,NaN,NaN,NaN,NaN,NaN
1579222800,0.67333294,0.67333294,0.65999962,0.66666628,1764751.02355559,NaN,NaN,NaN,NaN,NaN,NaN,NaN
1579482000,0.67333294,0.67333294,0.66333295,0.66666628,345000.20010012,NaN,NaN,NaN,NaN,NaN,NaN,NaN
1579568400,0.66666628,0.66666628,0.65999962,0.65999962,879600.5101683,NaN,NaN,NaN,NaN,NaN,NaN,NaN
1579654800,0.65999962,0.66666628,0.65999962,0.66333295,736350.42708325,NaN,NaN,NaN,NaN,NaN,NaN,NaN
1579741200,0.66333295,0.67333294,0.66333295,0.67333294,1236900.71740242,NaN,NaN,NaN,NaN,NaN,NaN,NaN
1579827600,0.67333294,0.67999961,0.67333294,0.67999961,633000.36714021,NaN,NaN,NaN,NaN,NaN,NaN,NaN
1580173200,0.66666628,0.66666628,0.65999962,0.66333295,925650.53687731,NaN,NaN,NaN,NaN,NaN,NaN,NaN
1580259600,0.66333295,0.67999961,0.65999962,0.67999961,465600.27004816,NaN,NaN,NaN,NaN,NaN,NaN,NaN
1580346000,0.67333294,0.67999961,0.66666628,0.66666628,1165200.67581639,NaN,NaN,NaN,NaN,NaN,NaN,NaN
1580432400,0.67333294,0.67333294,0.63999963,0.63999963,1950001.13100066,NaN,NaN,NaN,NaN,NaN,NaN,NaN
1580691600,0.6366663,0.64333296,0.62999963,0.63999963,578850.33573319,NaN,NaN,NaN,NaN,NaN,NaN,NaN
1580778000,0.64666629,0.65333295,0.64333296,0.64666629,278250.16138509,NaN,NaN,NaN,NaN,NaN,NaN,NaN
1580864400,0.64666629,0.64666629,0.63999963,0.64333296,536700.31128618,NaN,NaN,NaN,NaN,NaN,NaN,NaN
1580950800,0.65333295,0.66333295,0.64333296,0.65999962,361050.20940912,NaN,NaN,NaN,NaN,NaN,NaN,NaN
1581037200,0.65333295,0.65999962,0.64999962,0.65333295,171900.09970206,NaN,NaN,NaN,NaN,NaN,NaN,NaN
1581296400,0.64999962,0.65333295,0.64666629,0.64666629,183150.10622706,NaN,NaN,NaN,NaN,NaN,NaN,NaN
1581382800,0.64333296,0.65666629,0.64333296,0.65333295,222300.12893407,NaN,NaN,NaN,NaN,NaN,NaN,NaN
1581469200,0.65666629,0.65666629,0.64666629,0.64666629,188850.10953306,NaN,NaN,NaN,NaN,NaN,NaN,NaN
1581555600,0.64999962,0.65333295,0.64999962,0.64999962,282150.16364709,NaN,NaN,NaN,NaN,NaN,NaN,NaN
1581642000,0.65333295,0.65333295,0.64999962,0.64999962,159450.09248105,NaN,NaN,NaN,NaN,NaN,NaN,NaN
1581901200,0.65333295,0.65333295,0.64999962,0.65333295,192750.11179506,NaN,NaN,NaN,NaN,NaN,NaN,NaN
1581987600,0.64999962,0.65333295,0.64999962,0.64999962,195000.11310007,NaN,NaN,NaN,NaN,NaN,NaN,NaN
1582074000,0.64666629,0.65666629,0.64666629,0.64999962,586050.3399092,NaN,NaN,NaN,NaN,NaN,NaN,NaN
1582160400,0.64999962,0.65333295,0.64666629,0.64666629,396900.23020213,NaN,NaN,NaN,NaN,NaN,NaN,NaN
1582246800,0.64999962,0.65666629,0.64999962,0.65333295,348000.20184012,NaN,NaN,NaN,NaN,NaN,NaN,NaN
1582506000,0.64666629,0.64666629,0.6366663,0.63999963,1402650.81353747,NaN,NaN,NaN,NaN,NaN,NaN,NaN
1582592400,0.6366663,0.64333296,0.6366663,0.64333296,480750.27883516,NaN,NaN,NaN,NaN,NaN,NaN,NaN
1582678800,0.6366663,0.64333296,0.6366663,0.64333296,213150.12362707,NaN,NaN,NaN,NaN,NaN,NaN,NaN
1582765200,0.65333295,0.65333295,0.63999963,0.63999963,225900.13102208,NaN,NaN,NaN,NaN,NaN,NaN,NaN
1582851600,0.63999963,0.63999963,0.61666631,0.61999964,2390251.3863458,NaN,NaN,NaN,NaN,NaN,NaN,NaN
1583110800,0.61999964,0.62999963,0.61333298,0.6266663,1012350.58716334,NaN,NaN,NaN,NaN,NaN,NaN,NaN
1583197200,0.61999964,0.6266663,0.61666631,0.6266663,412950.23951114,NaN,NaN,NaN,NaN,NaN,NaN,NaN
1583283600,0.61999964,0.62333297,0.61999964,0.62333297,163200.09465605,NaN,NaN,NaN,NaN,NaN,NaN,NaN
1583370000,0.61999964,0.62333297,0.61999964,0.62333297,294000.1705201,NaN,NaN,NaN,NaN,NaN,NaN,NaN
1583456400,0.61999964,0.63333297,0.61999964,0.62333297,391350.22698313,NaN,NaN,NaN,NaN,NaN,NaN,NaN
1583715600,0.61999964,0.61999964,0.58666633,0.58999966,1832551.06287962,NaN,NaN,NaN,NaN,NaN,NaN,NaN
1583802000,0.57999966,0.59999965,0.57666633,0.583333,4285952.48585244,NaN,NaN,NaN,NaN,NaN,NaN,NaN
1583888400,0.58999966,0.60666631,0.58999966,0.60666631,875400.50773229,NaN,NaN,NaN,NaN,NaN,NaN,NaN
1583974800,0.59333299,0.59333299,0.57666633,0.57666633,993450.57620133,NaN,NaN,NaN,NaN,NaN,NaN,NaN
1584061200,0.57666633,0.57666633,0.52666636,0.53666636,2538901.47256285,NaN,NaN,NaN,NaN,NaN,NaN,NaN
1584320400,0.53999969,0.53999969,0.49333305,0.49333305,1807801.04852461,NaN,NaN,NaN,NaN,NaN,NaN,NaN
1584406800,0.42999975,0.49333305,0.42666642,0.47999972,1711200.99249658,NaN,NaN,NaN,NaN,NaN,NaN,NaN
1584493200,0.47999972,0.48666638,0.45999973,0.4666664,1271850.73767343,NaN,NaN,NaN,NaN,NaN,NaN,NaN
1584579600,0.46333306,0.4666664,0.43666641,0.43666641,1576200.91419653,NaN,NaN,NaN,NaN,NaN,NaN,NaN
1584666000,0.44666641,0.46333306,0.44333308,0.45333307,2332801.35302478,NaN,NaN,NaN,NaN,NaN,NaN,NaN
1584925200,0.44666641,0.44666641,0.43333308,0.44333308,459150.26630715,NaN,NaN,NaN,NaN,NaN,NaN,NaN
1585011600,0.43333308,0.4566664,0.43333308,0.44999974,747600.43360825,NaN,NaN,NaN,NaN,NaN,NaN,NaN
1585098000,0.45333307,0.47999972,0.45333307,0.45999973,792900.45988227,NaN,NaN,NaN,NaN,NaN,NaN,NaN
1585184400,0.4666664,0.47333306,0.44666641,0.47333306,502050.29118917,NaN,NaN,NaN,NaN,NaN,NaN,NaN
1585270800,0.47999972,0.49333305,0.47666639,0.47666639,1072650.62213736,NaN,NaN,NaN,NaN,NaN,NaN,NaN
1585530000,0.47666639,0.47999972,0.46333306,0.47999972,392100.22741813,NaN,NaN,NaN,NaN,NaN,NaN,NaN
1585616400,0.47999972,0.49999971,0.47666639,0.47666639,1050750.60943535,3106217946.89025,8452491000,3374769000,13413000,259982000.00000003,5004199000,6.99230419615383
1585702800,0.48333305,0.49333305,0.47333306,0.48333305,1189500.6899104,NaN,NaN,NaN,NaN,NaN,NaN,NaN
1585789200,0.48333305,0.48666638,0.47999972,0.48666638,409950.23777114,NaN,NaN,NaN,NaN,NaN,NaN,NaN
1585875600,0.48666638,0.48999972,0.48333305,0.48333305,694200.40263623,NaN,NaN,NaN,NaN,NaN,NaN,NaN
1586134800,0.47999972,0.49666638,0.47999972,0.49666638,691500.40107023,NaN,NaN,NaN,NaN,NaN,NaN,NaN
1586221200,0.49999971,0.51666637,0.49999971,0.50666637,934500.54201031,NaN,NaN,NaN,NaN,NaN,NaN,NaN
1586307600,0.50666637,0.52666636,0.50666637,0.51666637,434550.25203915,NaN,NaN,NaN,NaN,NaN,NaN,NaN
1586394000,0.52333303,0.52999969,0.51333304,0.5199997,588150.3411272,NaN,NaN,NaN,NaN,NaN,NaN,NaN
1586480400,0.52666636,0.52666636,0.5099997,0.51333304,299400.1736521,NaN,NaN,NaN,NaN,NaN,NaN,NaN
1586739600,0.51333304,0.51666637,0.5099997,0.51333304,510600.29614817,NaN,NaN,NaN,NaN,NaN,NaN,NaN
1586826000,0.51333304,0.5199997,0.5099997,0.51666637,323550.18765911,NaN,NaN,NaN,NaN,NaN,NaN,NaN
1586912400,0.5199997,0.52666636,0.51666637,0.51666637,211500.12267007,NaN,NaN,NaN,NaN,NaN,NaN,NaN
1586998800,0.51666637,0.52999969,0.51666637,0.52666636,377700.21906613,NaN,NaN,NaN,NaN,NaN,NaN,NaN
1587085200,0.53333302,0.53999969,0.52666636,0.53999969,1053300.61091435,NaN,NaN,NaN,NaN,NaN,NaN,NaN
1587344400,0.53666636,0.54333302,0.53666636,0.53999969,1038300.60221435,NaN,NaN,NaN,NaN,NaN,NaN,NaN
1587430800,0.53333302,0.53333302,0.51666637,0.51666637,664800.38558422,NaN,NaN,NaN,NaN,NaN,NaN,NaN
1587517200,0.51333304,0.5199997,0.50666637,0.51666637,425850.24699314,NaN,NaN,NaN,NaN,NaN,NaN,NaN
1587603600,0.5199997,0.52999969,0.5199997,0.52999969,414900.24064214,NaN,NaN,NaN,NaN,NaN,NaN,NaN
1587690000,0.52333303,0.52333303,0.5199997,0.5199997,417300.24203414,NaN,NaN,NaN,NaN,NaN,NaN,NaN
1587949200,0.5199997,0.5199997,0.5099997,0.51333304,623850.36183321,NaN,NaN,NaN,NaN,NaN,NaN,NaN
1588035600,0.51333304,0.51666637,0.51333304,0.51333304,384150.22280713,NaN,NaN,NaN,NaN,NaN,NaN,NaN
1588122000,0.5199997,0.53333302,0.5199997,0.52999969,192900.11188206,NaN,NaN,NaN,NaN,NaN,NaN,NaN
1588208400,0.53333302,0.53999969,0.51333304,0.5199997,2452801.42262483,NaN,NaN,NaN,NaN,NaN,NaN,NaN
1588554000,0.5199997,0.5199997,0.51333304,0.51666637,595050.3451292,NaN,NaN,NaN,NaN,NaN,NaN,NaN
1588640400,0.5199997,0.52999969,0.5199997,0.52999969,911850.52887331,NaN,NaN,NaN,NaN,NaN,NaN,NaN
1588726800,0.52999969,0.53333302,0.52333303,0.52666636,238350.13824308,NaN,NaN,NaN,NaN,NaN,NaN,NaN
1588899600,0.52666636,0.52999969,0.52333303,0.52999969,959700.55662632,NaN,NaN,NaN,NaN,NaN,NaN,NaN
1589245200,0.52999969,0.53333302,0.52666636,0.52666636,295650.1714771,NaN,NaN,NaN,NaN,NaN,NaN,NaN
1589331600,0.52666636,0.52999969,0.52666636,0.52666636,528600.30658818,NaN,NaN,NaN,NaN,NaN,NaN,NaN
1589418000,0.52999969,0.53999969,0.52999969,0.53666636,1504800.87278451,NaN,NaN,NaN,NaN,NaN,NaN,NaN
1589504400,0.53999969,0.54999968,0.53999969,0.54333302,1398900.81136247,NaN,NaN,NaN,NaN,NaN,NaN,NaN
1589763600,0.54666635,0.55666634,0.54666635,0.55666634,1360200.78891646,NaN,NaN,NaN,NaN,NaN,NaN,NaN
1589850000,0.56333301,0.57999966,0.55666634,0.56999967,1764751.02355559,NaN,NaN,NaN,NaN,NaN,NaN,NaN
1589936400,0.56666634,0.56666634,0.55999968,0.56333301,479850.27831316,NaN,NaN,NaN,NaN,NaN,NaN,NaN
1590022800,0.56666634,0.56999967,0.55999968,0.56666634,886050.5139093,NaN,NaN,NaN,NaN,NaN,NaN,NaN
1590109200,0.56666634,0.56999967,0.55333301,0.55999968,884850.5132133,NaN,NaN,NaN,NaN,NaN,NaN,NaN
1590541200,0.56333301,0.56666634,0.55999968,0.56666634,955500.55419032,NaN,NaN,NaN,NaN,NaN,NaN,NaN
1590627600,0.56666634,0.56666634,0.55666634,0.55999968,1186050.6879094,NaN,NaN,NaN,NaN,NaN,NaN,NaN
1590714000,0.55999968,0.56999967,0.55666634,0.56333301,1402650.81353747,NaN,NaN,NaN,NaN,NaN,NaN,NaN
1590973200,0.55999968,0.573333,0.55999968,0.573333,1000350.58020334,NaN,NaN,NaN,NaN,NaN,NaN,NaN
1591059600,0.56666634,0.57999966,0.56666634,0.57666633,1093950.63449137,NaN,NaN,NaN,NaN,NaN,NaN,NaN
1591146000,0.57999966,0.58999966,0.573333,0.58999966,1316250.76342544,NaN,NaN,NaN,NaN,NaN,NaN,NaN
1591232400,0.58999966,0.59999965,0.58999966,0.59333299,4160102.4128594,NaN,NaN,NaN,NaN,NaN,NaN,NaN
1591318800,0.59333299,0.59333299,0.583333,0.58666633,1056000.61248036,NaN,NaN,NaN,NaN,NaN,NaN,NaN
1591664400,0.60666631,0.60666631,0.59333299,0.59999965,1485600.8616485,NaN,NaN,NaN,NaN,NaN,NaN,NaN
1591750800,0.59999965,0.60666631,0.59333299,0.59333299,1199850.6959134,NaN,NaN,NaN,NaN,NaN,NaN,NaN
1591837200,0.59333299,0.59999965,0.57999966,0.58666633,615150.35678721,NaN,NaN,NaN,NaN,NaN,NaN,NaN
1591923600,0.56666634,0.583333,0.55666634,0.583333,1127100.65371838,NaN,NaN,NaN,NaN,NaN,NaN,NaN
1592182800,0.583333,0.59333299,0.56333301,0.56999967,1802851.04565361,NaN,NaN,NaN,NaN,NaN,NaN,NaN
1592269200,0.57666633,0.58666633,0.57666633,0.58666633,614250.35626521,NaN,NaN,NaN,NaN,NaN,NaN,NaN
1592355600,0.54999968,0.57666633,0.54999968,0.55666634,468450.27170116,NaN,NaN,NaN,NaN,NaN,NaN,NaN
1592442000,0.55999968,0.56333301,0.55333301,0.55333301,567750.32929519,NaN,NaN,NaN,NaN,NaN,NaN,NaN
1592528400,0.54999968,0.55999968,0.53999969,0.55333301,423750.24577514,NaN,NaN,NaN,NaN,NaN,NaN,NaN
1592787600,0.55666634,0.55666634,0.54999968,0.55666634,227400.13189208,NaN,NaN,NaN,NaN,NaN,NaN,NaN
1592874000,0.54999968,0.55333301,0.54333302,0.54666635,845550.49041928,NaN,NaN,NaN,NaN,NaN,NaN,NaN
1592960400,0.54666635,0.55333301,0.54333302,0.54333302,634950.36827121,NaN,NaN,NaN,NaN,NaN,NaN,NaN
1593046800,0.54333302,0.54666635,0.53999969,0.54333302,314250.18226511,NaN,NaN,NaN,NaN,NaN,NaN,NaN
1593133200,0.54333302,0.54666635,0.54333302,0.54333302,317250.18400511,NaN,NaN,NaN,NaN,NaN,NaN,NaN
1593392400,0.53999969,0.54333302,0.53666636,0.54333302,665250.38584522,NaN,NaN,NaN,NaN,NaN,NaN,NaN
1593478800,0.54333302,0.54333302,0.53666636,0.53666636,502950.29171117,3106217946.89025,8528201999.999999,3280881000,13115000,179748000,5175899000,4.96956273260873
1593565200,0.53999969,0.53999969,0.53666636,0.53999969,254550.14763909,NaN,NaN,NaN,NaN,NaN,NaN,NaN
1593651600,0.53999969,0.54333302,0.53666636,0.54333302,572700.33216619,NaN,NaN,NaN,NaN,NaN,NaN,NaN
1593738000,0.54333302,0.54333302,0.53333302,0.53999969,811800.47084427,NaN,NaN,NaN,NaN,NaN,NaN,NaN
1593997200,0.53999969,0.54999968,0.53999969,0.54666635,742650.43073725,NaN,NaN,NaN,NaN,NaN,NaN,NaN
1594083600,0.54999968,0.54999968,0.54333302,0.54999968,663450.38480122,NaN,NaN,NaN,NaN,NaN,NaN,NaN
1594170000,0.54999968,0.54999968,0.54333302,0.54333302,490650.28457717,NaN,NaN,NaN,NaN,NaN,NaN,NaN
1594256400,0.54333302,0.54666635,0.53999969,0.54666635,661500.38367022,NaN,NaN,NaN,NaN,NaN,NaN,NaN
1594342800,0.54333302,0.54999968,0.53999969,0.54333302,670200.38871623,NaN,NaN,NaN,NaN,NaN,NaN,NaN
1594602000,0.54666635,0.54666635,0.53999969,0.53999969,982200.56967633,NaN,NaN,NaN,NaN,NaN,NaN,NaN
1594688400,0.54333302,0.54333302,0.53666636,0.53999969,538650.31241718,NaN,NaN,NaN,NaN,NaN,NaN,NaN
1594774800,0.53999969,0.53999969,0.53666636,0.53666636,321900.18670211,NaN,NaN,NaN,NaN,NaN,NaN,NaN
1594861200,0.53999969,0.54333302,0.53666636,0.53666636,217350.12606307,NaN,NaN,NaN,NaN,NaN,NaN,NaN
1594947600,0.53666636,0.53999969,0.53333302,0.53333302,949650.55079732,NaN,NaN,NaN,NaN,NaN,NaN,NaN
1595206800,0.53666636,0.53999969,0.53333302,0.53333302,851250.49372529,NaN,NaN,NaN,NaN,NaN,NaN,NaN
1595293200,0.53666636,0.54666635,0.53333302,0.53333302,1904101.10437864,NaN,NaN,NaN,NaN,NaN,NaN,NaN
1595379600,0.53666636,0.53666636,0.53333302,0.53666636,527550.30597918,NaN,NaN,NaN,NaN,NaN,NaN,NaN
1595466000,0.53999969,0.53999969,0.53333302,0.53999969,749700.43482625,NaN,NaN,NaN,NaN,NaN,NaN,NaN
1595552400,0.53999969,0.53999969,0.53333302,0.53333302,175200.10161606,NaN,NaN,NaN,NaN,NaN,NaN,NaN
1595811600,0.53333302,0.53666636,0.53333302,0.53333302,678750.39367523,NaN,NaN,NaN,NaN,NaN,NaN,NaN
1595898000,0.53666636,0.53666636,0.52999969,0.53333302,1210350.70200341,NaN,NaN,NaN,NaN,NaN,NaN,NaN
1595984400,0.53666636,0.53666636,0.52666636,0.52666636,1229400.71305241,NaN,NaN,NaN,NaN,NaN,NaN,NaN
1596070800,0.52999969,0.53333302,0.5199997,0.5199997,789750.45805527,NaN,NaN,NaN,NaN,NaN,NaN,NaN
1596416400,0.5199997,0.5199997,0.49999971,0.50666637,1788751.0374756,NaN,NaN,NaN,NaN,NaN,NaN,NaN
1596502800,0.50666637,0.51333304,0.50333304,0.50666637,642000.37236022,NaN,NaN,NaN,NaN,NaN,NaN,NaN
1596589200,0.50666637,0.51666637,0.50666637,0.51666637,271950.15773109,NaN,NaN,NaN,NaN,NaN,NaN,NaN
1596675600,0.5199997,0.52333303,0.51333304,0.52333303,429750.24925514,NaN,NaN,NaN,NaN,NaN,NaN,NaN
1596762000,0.52333303,0.52333303,0.51666637,0.5199997,392550.22767913,NaN,NaN,NaN,NaN,NaN,NaN,NaN
1597021200,0.52666636,0.52999969,0.5199997,0.52333303,1159650.67259739,NaN,NaN,NaN,NaN,NaN,NaN,NaN
1597107600,0.52999969,0.52999969,0.52333303,0.52333303,314850.18261311,NaN,NaN,NaN,NaN,NaN,NaN,NaN
1597194000,0.52333303,0.52666636,0.5199997,0.52333303,660600.38314822,NaN,NaN,NaN,NaN,NaN,NaN,NaN
1597280400,0.52333303,0.52999969,0.52333303,0.52999969,405300.23507414,NaN,NaN,NaN,NaN,NaN,NaN,NaN
1597366800,0.52666636,0.52999969,0.52333303,0.52333303,721050.41820924,NaN,NaN,NaN,NaN,NaN,NaN,NaN
1597626000,0.52333303,0.53333302,0.52333303,0.53333302,462450.26822116,NaN,NaN,NaN,NaN,NaN,NaN,NaN
1597712400,0.52999969,0.52999969,0.52333303,0.52333303,336900.19540211,NaN,NaN,NaN,NaN,NaN,NaN,NaN
1597798800,0.52333303,0.52999969,0.52333303,0.52999969,318900.18496211,NaN,NaN,NaN,NaN,NaN,NaN,NaN
1597971600,0.52999969,0.52999969,0.5199997,0.5199997,1138800.66050438,NaN,NaN,NaN,NaN,NaN,NaN,NaN
1598230800,0.5199997,0.52666636,0.5199997,0.5199997,479400.27805216,NaN,NaN,NaN,NaN,NaN,NaN,NaN
1598317200,0.52333303,0.52666636,0.5199997,0.5199997,456600.26482815,NaN,NaN,NaN,NaN,NaN,NaN,NaN
1598403600,0.5199997,0.52333303,0.51333304,0.51666637,872850.50625329,NaN,NaN,NaN,NaN,NaN,NaN,NaN
1598490000,0.5199997,0.52333303,0.51333304,0.51666637,485250.28144516,NaN,NaN,NaN,NaN,NaN,NaN,NaN
1598576400,0.5199997,0.52333303,0.51333304,0.51333304,349050.20244912,NaN,NaN,NaN,NaN,NaN,NaN,NaN
1598922000,0.51666637,0.5199997,0.50666637,0.5099997,2199451.27568174,NaN,NaN,NaN,NaN,NaN,NaN,NaN
1599008400,0.51333304,0.51666637,0.5099997,0.51333304,670950.38915123,NaN,NaN,NaN,NaN,NaN,NaN,NaN
1599094800,0.51333304,0.5199997,0.5099997,0.51333304,1097850.63675337,NaN,NaN,NaN,NaN,NaN,NaN,NaN
1599181200,0.50666637,0.51333304,0.50666637,0.5099997,418950.24299114,NaN,NaN,NaN,NaN,NaN,NaN,NaN
1599440400,0.5199997,0.52666636,0.50666637,0.52666636,1349700.78282645,NaN,NaN,NaN,NaN,NaN,NaN,NaN
1599526800,0.52666636,0.52666636,0.5099997,0.5199997,467700.27126616,NaN,NaN,NaN,NaN,NaN,NaN,NaN
1599613200,0.51666637,0.5199997,0.50666637,0.50666637,876000.50808029,NaN,NaN,NaN,NaN,NaN,NaN,NaN
1599699600,0.51333304,0.51333304,0.50333304,0.50333304,2099701.21782671,NaN,NaN,NaN,NaN,NaN,NaN,NaN
1599786000,0.50333304,0.5099997,0.49666638,0.49999971,4507352.61426452,NaN,NaN,NaN,NaN,NaN,NaN,NaN
1600045200,0.49999971,0.49999971,0.49333305,0.49666638,207000.12006007,NaN,NaN,NaN,NaN,NaN,NaN,NaN
1600131600,0.49666638,0.49999971,0.48999972,0.49666638,2396251.38982581,NaN,NaN,NaN,NaN,NaN,NaN,NaN
1600304400,0.50666637,0.50666637,0.48999972,0.49999971,1379100.79987846,NaN,NaN,NaN,NaN,NaN,NaN,NaN
1600390800,0.49666638,0.49666638,0.48999972,0.48999972,546600.31702818,NaN,NaN,NaN,NaN,NaN,NaN,NaN
1600650000,0.48999972,0.49666638,0.48999972,0.48999972,316800.18374411,NaN,NaN,NaN,NaN,NaN,NaN,NaN
1600736400,0.48999972,0.49333305,0.48999972,0.48999972,610200.35391621,NaN,NaN,NaN,NaN,NaN,NaN,NaN
1600822800,0.48999972,0.48999972,0.48666638,0.48999972,69300.04019402,NaN,NaN,NaN,NaN,NaN,NaN,NaN
1600909200,0.48999972,0.49333305,0.48666638,0.49333305,322650.18713711,NaN,NaN,NaN,NaN,NaN,NaN,NaN
1600995600,0.49333305,0.49333305,0.48999972,0.48999972,117900.06838204,NaN,NaN,NaN,NaN,NaN,NaN,NaN
1601254800,0.48999972,0.48999972,0.48666638,0.48999972,181650.10535706,NaN,NaN,NaN,NaN,NaN,NaN,NaN
1601341200,0.48999972,0.49333305,0.48999972,0.49333305,561900.32590219,NaN,NaN,NaN,NaN,NaN,NaN,NaN
1601427600,0.49333305,0.49666638,0.48666638,0.48666638,1363950.79109146,3106219446.8895,8541715000,3234144000,44215000,324786000,5235224000,5.4801342462329
1601514000,0.48999972,0.49333305,0.48999972,0.48999972,646950.37523122,NaN,NaN,NaN,NaN,NaN,NaN,NaN
1601600400,0.48999972,0.49333305,0.48999972,0.48999972,380550.22071913,NaN,NaN,NaN,NaN,NaN,NaN,NaN
1601859600,0.48666638,0.49333305,0.47999972,0.47999972,684300.39689423,NaN,NaN,NaN,NaN,NaN,NaN,NaN
1601946000,0.48333305,0.48666638,0.48333305,0.48666638,534600.31006818,NaN,NaN,NaN,NaN,NaN,NaN,NaN
1602032400,0.48666638,0.48666638,0.48333305,0.48666638,733500.42543025,NaN,NaN,NaN,NaN,NaN,NaN,NaN
1602118800,0.48666638,0.48999972,0.48666638,0.48999972,760650.44117726,NaN,NaN,NaN,NaN,NaN,NaN,NaN
1602205200,0.49333305,0.49666638,0.48666638,0.49666638,997200.57837634,NaN,NaN,NaN,NaN,NaN,NaN,NaN
1602464400,0.50333304,0.50666637,0.49999971,0.49999971,2334901.35424279,NaN,NaN,NaN,NaN,NaN,NaN,NaN
1602550800,0.50666637,0.50666637,0.49999971,0.49999971,1467900.85138249,NaN,NaN,NaN,NaN,NaN,NaN,NaN
1602637200,0.49999971,0.50666637,0.49999971,0.50333304,942600.54670832,NaN,NaN,NaN,NaN,NaN,NaN,NaN
1602723600,0.50333304,0.50333304,0.49999971,0.49999971,1242150.72044742,NaN,NaN,NaN,NaN,NaN,NaN,NaN
1602810000,0.49999971,0.50666637,0.49999971,0.50666637,180450.10466106,NaN,NaN,NaN,NaN,NaN,NaN,NaN
1603069200,0.50666637,0.50666637,0.49999971,0.50333304,665850.38619322,NaN,NaN,NaN,NaN,NaN,NaN,NaN
1603155600,0.50333304,0.50333304,0.49999971,0.49999971,194400.11275207,NaN,NaN,NaN,NaN,NaN,NaN,NaN
1603242000,0.50333304,0.50666637,0.49999971,0.50666637,472050.27378916,NaN,NaN,NaN,NaN,NaN,NaN,NaN
1603328400,0.49999971,0.50666637,0.49999971,0.50333304,159900.09274205,NaN,NaN,NaN,NaN,NaN,NaN,NaN
1603414800,0.50333304,0.50333304,0.49999971,0.49999971,427800.24812414,NaN,NaN,NaN,NaN,NaN,NaN,NaN
1603674000,0.50333304,0.50333304,0.49666638,0.49999971,2192851.27185374,NaN,NaN,NaN,NaN,NaN,NaN,NaN
1603760400,0.49999971,0.50666637,0.49999971,0.49999971,335550.19461911,NaN,NaN,NaN,NaN,NaN,NaN,NaN
1603846800,0.49999971,0.50666637,0.49999971,0.49999971,498000.28884017,NaN,NaN,NaN,NaN,NaN,NaN,NaN
1604019600,0.50333304,0.50333304,0.49666638,0.49666638,4097552.37658038,NaN,NaN,NaN,NaN,NaN,NaN,NaN
1604278800,0.49999971,0.49999971,0.49666638,0.49666638,615300.35687421,NaN,NaN,NaN,NaN,NaN,NaN,NaN
1604365200,0.49666638,0.49999971,0.49666638,0.49999971,77400.04489203,NaN,NaN,NaN,NaN,NaN,NaN,NaN
1604451600,0.49999971,0.50333304,0.49666638,0.50333304,331950.19253111,NaN,NaN,NaN,NaN,NaN,NaN,NaN
1604538000,0.49666638,0.50333304,0.49666638,0.50333304,460500.26709015,NaN,NaN,NaN,NaN,NaN,NaN,NaN
1604624400,0.50333304,0.5099997,0.49666638,0.50666637,916650.53165731,NaN,NaN,NaN,NaN,NaN,NaN,NaN
1604883600,0.5099997,0.51666637,0.50333304,0.51666637,315300.18287411,NaN,NaN,NaN,NaN,NaN,NaN,NaN
1604970000,0.5199997,0.52999969,0.51666637,0.52333303,842700.48876628,NaN,NaN,NaN,NaN,NaN,NaN,NaN
1605056400,0.5199997,0.52999969,0.51666637,0.52999969,432000.25056015,NaN,NaN,NaN,NaN,NaN,NaN,NaN
1605142800,0.52666636,0.53333302,0.52333303,0.52999969,403500.23403014,NaN,NaN,NaN,NaN,NaN,NaN,NaN
1605229200,0.52999969,0.52999969,0.5199997,0.5199997,304800.1767841,NaN,NaN,NaN,NaN,NaN,NaN,NaN
1605488400,0.52333303,0.53666636,0.5199997,0.52999969,890400.5164323,NaN,NaN,NaN,NaN,NaN,NaN,NaN
1605574800,0.53333302,0.54333302,0.52999969,0.53666636,1241550.72009942,NaN,NaN,NaN,NaN,NaN,NaN,NaN
1605661200,0.53333302,0.53999969,0.51666637,0.5199997,2188051.26906974,NaN,NaN,NaN,NaN,NaN,NaN,NaN
1605747600,0.5199997,0.53333302,0.5199997,0.53333302,677400.39289223,NaN,NaN,NaN,NaN,NaN,NaN,NaN
1605834000,0.53333302,0.53333302,0.52666636,0.52999969,178950.10379106,NaN,NaN,NaN,NaN,NaN,NaN,NaN
1606093200,0.52666636,0.53666636,0.52666636,0.52999969,410550.23811914,NaN,NaN,NaN,NaN,NaN,NaN,NaN
1606179600,0.52999969,0.53333302,0.52333303,0.52333303,420000.24360014,NaN,NaN,NaN,NaN,NaN,NaN,NaN
1606266000,0.52333303,0.52999969,0.5199997,0.52666636,167400.09709206,NaN,NaN,NaN,NaN,NaN,NaN,NaN
1606352400,0.52999969,0.52999969,0.52333303,0.52666636,472050.27378916,NaN,NaN,NaN,NaN,NaN,NaN,NaN
1606438800,0.52666636,0.52999969,0.52333303,0.52333303,302100.1752181,NaN,NaN,NaN,NaN,NaN,NaN,NaN
1606698000,0.52333303,0.55333301,0.52333303,0.54999968,2024101.17397868,NaN,NaN,NaN,NaN,NaN,NaN,NaN
1606784400,0.55333301,0.57666633,0.55333301,0.573333,3556802.0629452,NaN,NaN,NaN,NaN,NaN,NaN,NaN
1606870800,0.57666633,0.57666633,0.56333301,0.56666634,1071000.62118036,NaN,NaN,NaN,NaN,NaN,NaN,NaN
1606957200,0.56999967,0.57666633,0.56666634,0.573333,1281150.74306743,NaN,NaN,NaN,NaN,NaN,NaN,NaN
1607043600,0.56999967,0.57666633,0.56999967,0.56999967,752850.43665325,NaN,NaN,NaN,NaN,NaN,NaN,NaN
1607302800,0.56999967,0.58666633,0.56999967,0.583333,1318050.76446944,NaN,NaN,NaN,NaN,NaN,NaN,NaN
1607389200,0.58666633,0.58999966,0.57999966,0.583333,1053150.61082735,NaN,NaN,NaN,NaN,NaN,NaN,NaN
1607475600,0.583333,0.59999965,0.57999966,0.59999965,1939951.12517165,NaN,NaN,NaN,NaN,NaN,NaN,NaN
1607562000,0.59999965,0.60999965,0.59333299,0.59333299,1290450.74846143,NaN,NaN,NaN,NaN,NaN,NaN,NaN
1607648400,0.59666632,0.60999965,0.59666632,0.59999965,1618200.93855654,NaN,NaN,NaN,NaN,NaN,NaN,NaN
1607907600,0.60666631,0.61333298,0.59999965,0.61333298,1786201.0359966,NaN,NaN,NaN,NaN,NaN,NaN,NaN
1607994000,0.59999965,0.60333298,0.59666632,0.60333298,896700.5200863,NaN,NaN,NaN,NaN,NaN,NaN,NaN
1608080400,0.59999965,0.60666631,0.59666632,0.59666632,466050.27030916,NaN,NaN,NaN,NaN,NaN,NaN,NaN
1608166800,0.59999965,0.59999965,0.59666632,0.59666632,492000.28536017,NaN,NaN,NaN,NaN,NaN,NaN,NaN
1608253200,0.59999965,0.59999965,0.58666633,0.58666633,1324800.76838445,NaN,NaN,NaN,NaN,NaN,NaN,NaN
1608512400,0.59333299,0.60333298,0.58999966,0.58999966,525150.30458718,NaN,NaN,NaN,NaN,NaN,NaN,NaN
1608598800,0.59333299,0.59999965,0.583333,0.58666633,965700.56010632,NaN,NaN,NaN,NaN,NaN,NaN,NaN
1608685200,0.59333299,0.59333299,0.58666633,0.58999966,410250.23794514,NaN,NaN,NaN,NaN,NaN,NaN,NaN
1608771600,0.58999966,0.59333299,0.58666633,0.58999966,242400.14059208,NaN,NaN,NaN,NaN,NaN,NaN,NaN
1609117200,0.58999966,0.59333299,0.58666633,0.58666633,1138950.66059138,NaN,NaN,NaN,NaN,NaN,NaN,NaN
1609203600,0.59333299,0.59666632,0.58666633,0.58666633,372900.21628213,NaN,NaN,NaN,NaN,NaN,NaN,NaN
1609290000,0.58999966,0.59666632,0.57999966,0.58999966,318300.18461411,NaN,NaN,NaN,NaN,NaN,NaN,NaN
1609376400,0.58999966,0.60333298,0.58666633,0.59999965,2311951.34093178,3093154453.4220004,8645285000,3278867000,143877000,351024000,5296988000,4.4449977775
1609722000,0.59999965,0.59999965,0.58666633,0.58999966,406950.23603114,NaN,NaN,NaN,NaN,NaN,NaN,NaN
1609808400,0.58666633,0.58999966,0.583333,0.58666633,247500.14355008,NaN,NaN,NaN,NaN,NaN,NaN,NaN
1609894800,0.58666633,0.58666633,0.57666633,0.583333,942900.54688232,NaN,NaN,NaN,NaN,NaN,NaN,NaN
1609981200,0.57999966,0.57999966,0.56666634,0.573333,974100.56497833,NaN,NaN,NaN,NaN,NaN,NaN,NaN
1610067600,0.56666634,0.56999967,0.56333301,0.56666634,646050.37470922,NaN,NaN,NaN,NaN,NaN,NaN,NaN
1610326800,0.55999968,0.56999967,0.55666634,0.56999967,1110450.64406137,NaN,NaN,NaN,NaN,NaN,NaN,NaN
1610413200,0.55999968,0.56666634,0.54999968,0.55666634,1078650.62561736,NaN,NaN,NaN,NaN,NaN,NaN,NaN
1610499600,0.55666634,0.56999967,0.55666634,0.56666634,196650.11405707,NaN,NaN,NaN,NaN,NaN,NaN,NaN
1610586000,0.56999967,0.56999967,0.55333301,0.56333301,482700.27996616,NaN,NaN,NaN,NaN,NaN,NaN,NaN
1610672400,0.55999968,0.56666634,0.55999968,0.56333301,185100.10735806,NaN,NaN,NaN,NaN,NaN,NaN,NaN
1610931600,0.56666634,0.56666634,0.55999968,0.55999968,542100.31441818,NaN,NaN,NaN,NaN,NaN,NaN,NaN
1611018000,0.55999968,0.56333301,0.55666634,0.55999968,550800.31946419,NaN,NaN,NaN,NaN,NaN,NaN,NaN
1611104400,0.55999968,0.56333301,0.55666634,0.55666634,670950.38915123,NaN,NaN,NaN,NaN,NaN,NaN,NaN
1611190800,0.55999968,0.55999968,0.55333301,0.55333301,653400.37897222,NaN,NaN,NaN,NaN,NaN,NaN,NaN
1611277200,0.55333301,0.55999968,0.54999968,0.55333301,404550.23463914,NaN,NaN,NaN,NaN,NaN,NaN,NaN
1611536400,0.54999968,0.55333301,0.53666636,0.53999969,670500.38889023,NaN,NaN,NaN,NaN,NaN,NaN,NaN
1611622800,0.53999969,0.54999968,0.53999969,0.54666635,207000.12006007,NaN,NaN,NaN,NaN,NaN,NaN,NaN
1611709200,0.53999969,0.55666634,0.53999969,0.55666634,161700.09378605,NaN,NaN,NaN,NaN,NaN,NaN,NaN
1611882000,0.55666634,0.55666634,0.53666636,0.53666636,1155300.67007439,NaN,NaN,NaN,NaN,NaN,NaN,NaN
1612227600,0.53666636,0.54333302,0.53666636,0.54333302,337350.19566311,NaN,NaN,NaN,NaN,NaN,NaN,NaN
1612314000,0.54666635,0.55333301,0.54666635,0.55333301,572400.33199219,NaN,NaN,NaN,NaN,NaN,NaN,NaN
1612400400,0.54999968,0.55333301,0.54999968,0.54999968,117450.06812104,NaN,NaN,NaN,NaN,NaN,NaN,NaN
1612486800,0.55999968,0.55999968,0.53999969,0.54666635,679650.39419723,NaN,NaN,NaN,NaN,NaN,NaN,NaN
1612746000,0.55333301,0.55333301,0.54333302,0.54666635,483750.28057516,NaN,NaN,NaN,NaN,NaN,NaN,NaN
1612832400,0.55333301,0.55333301,0.54666635,0.55333301,610200.35391621,NaN,NaN,NaN,NaN,NaN,NaN,NaN
1612918800,0.54666635,0.54999968,0.54666635,0.54999968,187050.10848906,NaN,NaN,NaN,NaN,NaN,NaN,NaN
1613005200,0.55333301,0.55666634,0.54999968,0.54999968,57900.03358202,NaN,NaN,NaN,NaN,NaN,NaN,NaN
1613350800,0.55999968,0.57999966,0.55999968,0.56999967,1521900.88270251,NaN,NaN,NaN,NaN,NaN,NaN,NaN
1613437200,0.57999966,0.58666633,0.573333,0.58666633,2476801.43654483,NaN,NaN,NaN,NaN,NaN,NaN,NaN
1613523600,0.58999966,0.58999966,0.56999967,0.57999966,1159350.67242339,NaN,NaN,NaN,NaN,NaN,NaN,NaN
1613610000,0.57666633,0.57999966,0.573333,0.573333,1000200.58011634,NaN,NaN,NaN,NaN,NaN,NaN,NaN
1613696400,0.573333,0.57666633,0.56666634,0.57666633,1016700.58968634,NaN,NaN,NaN,NaN,NaN,NaN,NaN
1613955600,0.57666633,0.57999966,0.56999967,0.56999967,718650.41681724,NaN,NaN,NaN,NaN,NaN,NaN,NaN
1614042000,0.56999967,0.573333,0.56666634,0.56999967,673650.39071723,NaN,NaN,NaN,NaN,NaN,NaN,NaN
1614128400,0.573333,0.58666633,0.56999967,0.56999967,762750.44239526,NaN,NaN,NaN,NaN,NaN,NaN,NaN
1614214800,0.56999967,0.57666633,0.56999967,0.573333,244800.14198408,NaN,NaN,NaN,NaN,NaN,NaN,NaN
1614301200,0.56999967,0.57666633,0.56666634,0.56666634,686700.39828623,NaN,NaN,NaN,NaN,NaN,NaN,NaN
1614560400,0.583333,0.583333,0.56999967,0.573333,482550.27987916,NaN,NaN,NaN,NaN,NaN,NaN,NaN
1614646800,0.573333,0.57999966,0.56999967,0.57999966,1000950.58055134,NaN,NaN,NaN,NaN,NaN,NaN,NaN
1614733200,0.57999966,0.57999966,0.573333,0.57999966,1092300.63353437,NaN,NaN,NaN,NaN,NaN,NaN,NaN
1614819600,0.57666633,0.57999966,0.573333,0.57999966,243750.14137508,NaN,NaN,NaN,NaN,NaN,NaN,NaN
1614906000,0.583333,0.58666633,0.57999966,0.583333,1118250.64858538,NaN,NaN,NaN,NaN,NaN,NaN,NaN
1615165200,0.583333,0.59333299,0.583333,0.58666633,1480650.8587775,NaN,NaN,NaN,NaN,NaN,NaN,NaN
1615251600,0.58666633,0.59333299,0.58666633,0.59333299,1181850.6854734,NaN,NaN,NaN,NaN,NaN,NaN,NaN
1615338000,0.59333299,0.59666632,0.59333299,0.59666632,1471500.8534705,NaN,NaN,NaN,NaN,NaN,NaN,NaN
1615424400,0.59333299,0.61666631,0.58999966,0.60666631,2438401.41427282,NaN,NaN,NaN,NaN,NaN,NaN,NaN
1615510800,0.60999965,0.61333298,0.60333298,0.60999965,674850.39141323,NaN,NaN,NaN,NaN,NaN,NaN,NaN
1615770000,0.60999965,0.62999963,0.60999965,0.61666631,10042655.82474038,NaN,NaN,NaN,NaN,NaN,NaN,NaN
1615856400,0.62333297,0.63333297,0.62333297,0.62333297,7488904.34356452,NaN,NaN,NaN,NaN,NaN,NaN,NaN
1615942800,0.62333297,0.63333297,0.61999964,0.63333297,1824901.05844261,NaN,NaN,NaN,NaN,NaN,NaN,NaN
1616029200,0.63333297,0.6366663,0.61999964,0.61999964,1822501.05705061,NaN,NaN,NaN,NaN,NaN,NaN,NaN
1616115600,0.62333297,0.64999962,0.62333297,0.63333297,5168252.99758674,NaN,NaN,NaN,NaN,NaN,NaN,NaN
1616374800,0.63999963,0.67999961,0.63333297,0.65333295,11476956.65663486,NaN,NaN,NaN,NaN,NaN,NaN,NaN
1616461200,0.67999961,0.68666627,0.64333296,0.65333295,7035004.08030237,NaN,NaN,NaN,NaN,NaN,NaN,NaN
1616547600,0.65333295,0.66666628,0.64333296,0.66666628,5266653.05465877,NaN,NaN,NaN,NaN,NaN,NaN,NaN
1616634000,0.66666628,0.67333294,0.65666629,0.67333294,2467351.43106383,NaN,NaN,NaN,NaN,NaN,NaN,NaN
1616720400,0.66666628,0.67999961,0.66333295,0.67999961,4216652.44565842,NaN,NaN,NaN,NaN,NaN,NaN,NaN
1616979600,0.67999961,0.68666627,0.66333295,0.67333294,1777501.0309506,NaN,NaN,NaN,NaN,NaN,NaN,NaN
1617066000,0.66666628,0.67999961,0.66333295,0.67999961,1435350.83250348,NaN,NaN,NaN,NaN,NaN,NaN,NaN
1617152400,0.67999961,0.67999961,0.64999962,0.65999962,3320551.92592012,3093154453.4220004,8733889000,3336573000,54164000,327164000,5324475000,4.04090707045452
1617238800,0.66333295,0.67333294,0.65999962,0.66666628,2910301.68797498,NaN,NaN,NaN,NaN,NaN,NaN,NaN
1617325200,0.66333295,0.67999961,0.65999962,0.67999961,2409001.39722081,NaN,NaN,NaN,NaN,NaN,NaN,NaN
1617584400,0.67333294,0.67999961,0.66333295,0.67999961,2101351.21878371,NaN,NaN,NaN,NaN,NaN,NaN,NaN
1617670800,0.67999961,0.67999961,0.66333295,0.66666628,4882202.83167764,NaN,NaN,NaN,NaN,NaN,NaN,NaN
1617757200,0.66666628,0.67333294,0.65666629,0.67333294,3108751.80307605,NaN,NaN,NaN,NaN,NaN,NaN,NaN
1617843600,0.67333294,0.67333294,0.64999962,0.65999962,7236904.19740443,NaN,NaN,NaN,NaN,NaN,NaN,NaN
1617930000,0.65999962,0.65999962,0.64999962,0.65999962,5181153.00506874,NaN,NaN,NaN,NaN,NaN,NaN,NaN
1618189200,0.65999962,0.65999962,0.63999963,0.64999962,5230503.03369176,NaN,NaN,NaN,NaN,NaN,NaN,NaN
1618275600,0.64999962,0.64999962,0.63999963,0.64999962,2200501.27629074,NaN,NaN,NaN,NaN,NaN,NaN,NaN
1618362000,0.64333296,0.64999962,0.63999963,0.64999962,1752601.01650859,NaN,NaN,NaN,NaN,NaN,NaN,NaN
1618448400,0.64666629,0.64999962,0.6366663,0.6366663,3569702.0704272,NaN,NaN,NaN,NaN,NaN,NaN,NaN
1618534800,0.6366663,0.64333296,0.63333297,0.6366663,1816651.05365761,NaN,NaN,NaN,NaN,NaN,NaN,NaN
1618794000,0.6366663,0.63999963,0.63333297,0.63999963,701550.40689924,NaN,NaN,NaN,NaN,NaN,NaN,NaN
1618880400,0.63999963,0.64333296,0.63333297,0.63999963,716100.41533824,NaN,NaN,NaN,NaN,NaN,NaN,NaN
1618966800,0.64333296,0.64666629,0.63333297,0.63999963,1123500.65163038,NaN,NaN,NaN,NaN,NaN,NaN,NaN
1619053200,0.64333296,0.64666629,0.6366663,0.6366663,1297200.75237644,NaN,NaN,NaN,NaN,NaN,NaN,NaN
1619139600,0.61999964,0.61999964,0.60666631,0.61333298,1439100.83467848,NaN,NaN,NaN,NaN,NaN,NaN,NaN
1619398800,0.61666631,0.61666631,0.60666631,0.60999965,1009650.58559734,NaN,NaN,NaN,NaN,NaN,NaN,NaN
1619485200,0.60999965,0.60999965,0.60333298,0.60666631,985050.57132933,NaN,NaN,NaN,NaN,NaN,NaN,NaN
1619571600,0.60666631,0.60666631,0.59999965,0.60333298,539850.31311318,NaN,NaN,NaN,NaN,NaN,NaN,NaN
1619744400,0.60666631,0.60666631,0.59999965,0.59999965,2214301.28429474,NaN,NaN,NaN,NaN,NaN,NaN,NaN
1620003600,0.59999965,0.60333298,0.57999966,0.58666633,3568052.0694702,NaN,NaN,NaN,NaN,NaN,NaN,NaN
1620090000,0.58666633,0.60333298,0.583333,0.59666632,1237050.71748942,NaN,NaN,NaN,NaN,NaN,NaN,NaN
1620176400,0.59666632,0.59666632,0.58666633,0.58666633,908250.52678531,NaN,NaN,NaN,NaN,NaN,NaN,NaN
1620262800,0.58666633,0.58999966,0.57999966,0.58666633,1054950.61187135,NaN,NaN,NaN,NaN,NaN,NaN,NaN
1620349200,0.58666633,0.59333299,0.583333,0.59333299,1331250.77212545,NaN,NaN,NaN,NaN,NaN,NaN,NaN
1620608400,0.59333299,0.59333299,0.583333,0.58999966,1054500.61161035,NaN,NaN,NaN,NaN,NaN,NaN,NaN
1620694800,0.583333,0.583333,0.573333,0.57666633,1601100.92863854,NaN,NaN,NaN,NaN,NaN,NaN,NaN
1620781200,0.57666633,0.58666633,0.57666633,0.583333,379050.21984913,NaN,NaN,NaN,NaN,NaN,NaN,NaN
1621213200,0.57666633,0.57666633,0.56999967,0.57666633,1817551.05417961,NaN,NaN,NaN,NaN,NaN,NaN,NaN
1621299600,0.57999966,0.58666633,0.573333,0.58666633,429900.24934214,NaN,NaN,NaN,NaN,NaN,NaN,NaN
1621386000,0.57999966,0.57999966,0.56666634,0.56999967,880200.5105163,NaN,NaN,NaN,NaN,NaN,NaN,NaN
1621472400,0.573333,0.573333,0.56333301,0.573333,639900.37114222,NaN,NaN,NaN,NaN,NaN,NaN,NaN
1621558800,0.573333,0.573333,0.56333301,0.56666634,782700.45396626,NaN,NaN,NaN,NaN,NaN,NaN,NaN
1621818000,0.56666634,0.57666633,0.56666634,0.56999967,319800.18548411,NaN,NaN,NaN,NaN,NaN,NaN,NaN
1621904400,0.56666634,0.573333,0.56666634,0.56999967,475350.27570316,NaN,NaN,NaN,NaN,NaN,NaN,NaN
1622077200,0.573333,0.60333298,0.56999967,0.58999966,2071351.2013837,NaN,NaN,NaN,NaN,NaN,NaN,NaN
1622163600,0.59999965,0.59999965,0.583333,0.59333299,1832401.06279262,NaN,NaN,NaN,NaN,NaN,NaN,NaN
1622422800,0.57999966,0.58666633,0.573333,0.583333,320100.18565811,NaN,NaN,NaN,NaN,NaN,NaN,NaN
1622509200,0.57999966,0.58999966,0.57999966,0.58999966,664350.38532322,NaN,NaN,NaN,NaN,NaN,NaN,NaN
1622595600,0.58999966,0.59999965,0.58999966,0.59999965,1140450.66146138,NaN,NaN,NaN,NaN,NaN,NaN,NaN
1622682000,0.59999965,0.59999965,0.58999966,0.59666632,960300.55697432,NaN,NaN,NaN,NaN,NaN,NaN,NaN
1622768400,0.59333299,0.59666632,0.58999966,0.59333299,879000.5098203,NaN,NaN,NaN,NaN,NaN,NaN,NaN
1623114000,0.59999965,0.60999965,0.59333299,0.59999965,1666500.96657056,NaN,NaN,NaN,NaN,NaN,NaN,NaN
1623200400,0.59999965,0.60666631,0.59666632,0.60666631,662550.38427922,NaN,NaN,NaN,NaN,NaN,NaN,NaN
1623286800,0.59999965,0.60333298,0.59666632,0.59999965,619200.35913621,NaN,NaN,NaN,NaN,NaN,NaN,NaN
1623373200,0.60333298,0.60333298,0.59666632,0.59999965,348600.20218812,NaN,NaN,NaN,NaN,NaN,NaN,NaN
1623632400,0.59999965,0.60666631,0.59333299,0.59999965,903600.5240883,NaN,NaN,NaN,NaN,NaN,NaN,NaN
1623718800,0.59999965,0.60333298,0.59666632,0.60333298,455550.26421915,NaN,NaN,NaN,NaN,NaN,NaN,NaN
1623805200,0.60333298,0.60333298,0.59333299,0.59666632,717600.41620824,NaN,NaN,NaN,NaN,NaN,NaN,NaN
1623891600,0.59666632,0.59666632,0.58999966,0.59333299,704400.40855224,NaN,NaN,NaN,NaN,NaN,NaN,NaN
1623978000,0.59333299,0.59666632,0.58999966,0.59333299,788400.45727227,NaN,NaN,NaN,NaN,NaN,NaN,NaN
1624237200,0.58999966,0.59333299,0.58666633,0.58999966,567150.32894719,NaN,NaN,NaN,NaN,NaN,NaN,NaN
1624323600,0.58999966,0.58999966,0.58666633,0.58999966,277200.16077609,NaN,NaN,NaN,NaN,NaN,NaN,NaN
1624410000,0.58666633,0.58999966,0.58666633,0.58999966,319050.18504911,NaN,NaN,NaN,NaN,NaN,NaN,NaN
1624496400,0.58999966,0.59333299,0.58666633,0.58999966,1692000.98136057,NaN,NaN,NaN,NaN,NaN,NaN,NaN
1624582800,0.58999966,0.59333299,0.58666633,0.58666633,292350.1695631,NaN,NaN,NaN,NaN,NaN,NaN,NaN
1624842000,0.58666633,0.58666633,0.573333,0.573333,1869751.08445563,NaN,NaN,NaN,NaN,NaN,NaN,NaN
1624928400,0.57999966,0.57999966,0.56999967,0.56999967,2372701.3761668,NaN,NaN,NaN,NaN,NaN,NaN,NaN
1625014800,0.56999967,0.57999966,0.56666634,0.56666634,391200.22689613,3093154453.4220004,8890214000,3439351000,35720000,273798000,5379004000,4.70646823500001
1625101200,0.57999966,0.57999966,0.573333,0.57666633,264600.15346809,NaN,NaN,NaN,NaN,NaN,NaN,NaN
1625187600,0.57666633,0.57666633,0.56666634,0.573333,562950.32651119,NaN,NaN,NaN,NaN,NaN,NaN,NaN
1625446800,0.56666634,0.57999966,0.56666634,0.57999966,220650.12797707,NaN,NaN,NaN,NaN,NaN,NaN,NaN
1625533200,0.57999966,0.57999966,0.573333,0.57999966,98250.05698503,NaN,NaN,NaN,NaN,NaN,NaN,NaN
1625619600,0.57666633,0.57666633,0.573333,0.57666633,251700.14598608,NaN,NaN,NaN,NaN,NaN,NaN,NaN
1625706000,0.57666633,0.57666633,0.56333301,0.56666634,864900.50164229,NaN,NaN,NaN,NaN,NaN,NaN,NaN
1625792400,0.56666634,0.573333,0.56666634,0.573333,284700.1651261,NaN,NaN,NaN,NaN,NaN,NaN,NaN
1626051600,0.573333,0.573333,0.56666634,0.573333,142800.08282405,NaN,NaN,NaN,NaN,NaN,NaN,NaN
1626138000,0.56999967,0.573333,0.56666634,0.56666634,790800.45866427,NaN,NaN,NaN,NaN,NaN,NaN,NaN
1626224400,0.56999967,0.573333,0.56333301,0.56333301,1158000.67164039,NaN,NaN,NaN,NaN,NaN,NaN,NaN
1626310800,0.56666634,0.56999967,0.56333301,0.56666634,918900.53296231,NaN,NaN,NaN,NaN,NaN,NaN,NaN
1626397200,0.56333301,0.56999967,0.56333301,0.56666634,1318800.76490444,NaN,NaN,NaN,NaN,NaN,NaN,NaN
1626656400,0.56999967,0.57666633,0.56999967,0.573333,371550.21549912,NaN,NaN,NaN,NaN,NaN,NaN,NaN
1626829200,0.56999967,0.573333,0.56999967,0.56999967,169500.09831006,NaN,NaN,NaN,NaN,NaN,NaN,NaN
1626915600,0.573333,0.573333,0.56666634,0.573333,176400.10231206,NaN,NaN,NaN,NaN,NaN,NaN,NaN
1627002000,0.56999967,0.56999967,0.56333301,0.56333301,2472751.43419583,NaN,NaN,NaN,NaN,NaN,NaN,NaN
1627261200,0.56333301,0.56666634,0.56333301,0.56333301,639450.37088122,NaN,NaN,NaN,NaN,NaN,NaN,NaN
1627347600,0.56999967,0.573333,0.56333301,0.56666634,1613400.93577254,NaN,NaN,NaN,NaN,NaN,NaN,NaN
1627434000,0.56666634,0.573333,0.56333301,0.56333301,123300.07151404,NaN,NaN,NaN,NaN,NaN,NaN,NaN
1627520400,0.56333301,0.56999967,0.56333301,0.56666634,179700.10422606,NaN,NaN,NaN,NaN,NaN,NaN,NaN
1627606800,0.56666634,0.56666634,0.55999968,0.56333301,1028250.59638535,NaN,NaN,NaN,NaN,NaN,NaN,NaN
1627866000,0.56333301,0.56333301,0.55666634,0.56333301,678300.39341423,NaN,NaN,NaN,NaN,NaN,NaN,NaN
1627952400,0.55999968,0.56666634,0.55999968,0.56333301,181500.10527006,NaN,NaN,NaN,NaN,NaN,NaN,NaN
1628038800,0.56333301,0.56666634,0.55666634,0.55999968,587700.3408662,NaN,NaN,NaN,NaN,NaN,NaN,NaN
1628125200,0.56333301,0.56666634,0.55999968,0.56333301,230250.13354508,NaN,NaN,NaN,NaN,NaN,NaN,NaN
1628211600,0.56333301,0.56333301,0.55999968,0.55999968,95550.05541903,NaN,NaN,NaN,NaN,NaN,NaN,NaN
1628470800,0.56333301,0.56333301,0.55999968,0.56333301,82500.04785003,NaN,NaN,NaN,NaN,NaN,NaN,NaN
1628643600,0.55999968,0.56666634,0.55999968,0.56666634,210900.12232207,NaN,NaN,NaN,NaN,NaN,NaN,NaN
1628730000,0.56666634,0.56666634,0.55999968,0.55999968,808950.46919127,NaN,NaN,NaN,NaN,NaN,NaN,NaN
1628816400,0.56666634,0.56999967,0.55999968,0.56666634,271950.15773109,NaN,NaN,NaN,NaN,NaN,NaN,NaN
1629075600,0.55999968,0.56333301,0.55999968,0.56333301,258450.14990109,NaN,NaN,NaN,NaN,NaN,NaN,NaN
1629162000,0.56333301,0.56999967,0.56333301,0.56666634,314550.18243911,NaN,NaN,NaN,NaN,NaN,NaN,NaN
1629248400,0.56333301,0.56666634,0.56333301,0.56666634,296700.1720861,NaN,NaN,NaN,NaN,NaN,NaN,NaN
1629334800,0.56666634,0.56666634,0.56333301,0.56333301,469500.27231016,NaN,NaN,NaN,NaN,NaN,NaN,NaN
1629421200,0.56333301,0.56666634,0.56333301,0.56666634,187800.10892406,NaN,NaN,NaN,NaN,NaN,NaN,NaN
1629680400,0.56666634,0.573333,0.56666634,0.573333,404400.23455214,NaN,NaN,NaN,NaN,NaN,NaN,NaN
1629766800,0.573333,0.583333,0.56999967,0.57999966,859200.49833629,NaN,NaN,NaN,NaN,NaN,NaN,NaN
1629853200,0.57999966,0.58999966,0.57999966,0.58999966,896100.5197383,NaN,NaN,NaN,NaN,NaN,NaN,NaN
1629939600,0.58999966,0.59333299,0.583333,0.58999966,324750.18835511,NaN,NaN,NaN,NaN,NaN,NaN,NaN
1630026000,0.58666633,0.59999965,0.58666633,0.59333299,541950.31433118,NaN,NaN,NaN,NaN,NaN,NaN,NaN
1630285200,0.59333299,0.59666632,0.58999966,0.59333299,793950.46049127,NaN,NaN,NaN,NaN,NaN,NaN,NaN
1630458000,0.59333299,0.59666632,0.58666633,0.58999966,1001700.58098634,NaN,NaN,NaN,NaN,NaN,NaN,NaN
1630544400,0.58999966,0.58999966,0.58666633,0.58999966,266100.15433809,NaN,NaN,NaN,NaN,NaN,NaN,NaN
1630630800,0.58999966,0.59333299,0.58999966,0.58999966,365550.21201912,NaN,NaN,NaN,NaN,NaN,NaN,NaN
1630890000,0.58999966,0.59999965,0.58666633,0.59999965,1360050.78882946,NaN,NaN,NaN,NaN,NaN,NaN,NaN
1630976400,0.59666632,0.60666631,0.59333299,0.60333298,2253601.30708876,NaN,NaN,NaN,NaN,NaN,NaN,NaN
1631062800,0.59999965,0.60333298,0.59333299,0.60333298,745950.43265125,NaN,NaN,NaN,NaN,NaN,NaN,NaN
1631149200,0.59999965,0.60333298,0.59999965,0.59999965,944850.54801332,NaN,NaN,NaN,NaN,NaN,NaN,NaN
1631235600,0.60333298,0.60333298,0.59333299,0.60333298,934200.54183631,NaN,NaN,NaN,NaN,NaN,NaN,NaN
1631494800,0.59666632,0.59999965,0.58999966,0.59999965,830100.48145828,NaN,NaN,NaN,NaN,NaN,NaN,NaN
1631581200,0.59666632,0.59999965,0.58999966,0.59333299,1377450.79892146,NaN,NaN,NaN,NaN,NaN,NaN,NaN
1631667600,0.58999966,0.59666632,0.58666633,0.59333299,1532400.88879252,NaN,NaN,NaN,NaN,NaN,NaN,NaN
1631840400,0.58999966,0.59666632,0.57999966,0.59666632,5103002.95974172,NaN,NaN,NaN,NaN,NaN,NaN,NaN
1632099600,0.59666632,0.59666632,0.57666633,0.583333,413700.23994614,NaN,NaN,NaN,NaN,NaN,NaN,NaN
1632186000,0.57999966,0.57999966,0.573333,0.57666633,657150.38114722,NaN,NaN,NaN,NaN,NaN,NaN,NaN
1632272400,0.57666633,0.58666633,0.573333,0.573333,103950.06029103,NaN,NaN,NaN,NaN,NaN,NaN,NaN
1632358800,0.583333,0.58666633,0.57999966,0.583333,77250.04480503,NaN,NaN,NaN,NaN,NaN,NaN,NaN
1632445200,0.58666633,0.58666633,0.57666633,0.583333,79350.04602303,NaN,NaN,NaN,NaN,NaN,NaN,NaN
1632704400,0.58999966,0.58999966,0.57666633,0.57999966,364650.21149712,NaN,NaN,NaN,NaN,NaN,NaN,NaN
1632790800,0.583333,0.583333,0.57666633,0.57666633,262050.15198909,NaN,NaN,NaN,NaN,NaN,NaN,NaN
1632877200,0.57666633,0.57666633,0.56999967,0.573333,504450.29258117,NaN,NaN,NaN,NaN,NaN,NaN,NaN
1632963600,0.573333,0.57666633,0.56999967,0.56999967,815100.47275827,3093154453.4220004,9056603000,3594846000,36034000,223124000,5390966000,4.67894502894739
1633050000,0.573333,0.57666633,0.56999967,0.573333,321300.18635411,NaN,NaN,NaN,NaN,NaN,NaN,NaN
1633309200,0.57666633,0.57999966,0.57666633,0.57999966,270600.15694809,NaN,NaN,NaN,NaN,NaN,NaN,NaN
1633395600,0.57666633,0.57666633,0.573333,0.57666633,173700.10074606,NaN,NaN,NaN,NaN,NaN,NaN,NaN
1633482000,0.57999966,0.57999966,0.57666633,0.57666633,516000.29928017,NaN,NaN,NaN,NaN,NaN,NaN,NaN
1633568400,0.57666633,0.583333,0.57666633,0.583333,189300.10979406,NaN,NaN,NaN,NaN,NaN,NaN,NaN
1633654800,0.583333,0.58666633,0.57666633,0.583333,713550.41385924,NaN,NaN,NaN,NaN,NaN,NaN,NaN
1633914000,0.58666633,0.58666633,0.583333,0.58666633,874500.50721029,NaN,NaN,NaN,NaN,NaN,NaN,NaN
1634000400,0.58666633,0.59333299,0.58666633,0.59333299,763200.44265626,NaN,NaN,NaN,NaN,NaN,NaN,NaN
1634086800,0.59333299,0.59666632,0.58999966,0.59333299,396300.22985413,NaN,NaN,NaN,NaN,NaN,NaN,NaN
1634173200,0.59333299,0.59666632,0.59333299,0.59666632,435600.25264815,NaN,NaN,NaN,NaN,NaN,NaN,NaN
1634259600,0.59666632,0.59999965,0.59666632,0.59666632,753150.43682725,NaN,NaN,NaN,NaN,NaN,NaN,NaN
1634518800,0.59999965,0.60666631,0.59666632,0.59666632,1243050.72096942,NaN,NaN,NaN,NaN,NaN,NaN,NaN
1634691600,0.59666632,0.60333298,0.59666632,0.60333298,546600.31702818,NaN,NaN,NaN,NaN,NaN,NaN,NaN
1634778000,0.60666631,0.60666631,0.59666632,0.59999965,474150.27500716,NaN,NaN,NaN,NaN,NaN,NaN,NaN
1634864400,0.59999965,0.59999965,0.59666632,0.59666632,210450.12206107,NaN,NaN,NaN,NaN,NaN,NaN,NaN
1635123600,0.59666632,0.59999965,0.59333299,0.59666632,614250.35626521,NaN,NaN,NaN,NaN,NaN,NaN,NaN
1635210000,0.59666632,0.59999965,0.59666632,0.59666632,355500.20619012,NaN,NaN,NaN,NaN,NaN,NaN,NaN
1635296400,0.59999965,0.59999965,0.59666632,0.59666632,397200.23037613,NaN,NaN,NaN,NaN,NaN,NaN,NaN
1635382800,0.59666632,0.60333298,0.59666632,0.60333298,371550.21549912,NaN,NaN,NaN,NaN,NaN,NaN,NaN
1635469200,0.60333298,0.60666631,0.59999965,0.59999965,648900.37636222,NaN,NaN,NaN,NaN,NaN,NaN,NaN
1635728400,0.59999965,0.60333298,0.583333,0.59333299,2084851.2092137,NaN,NaN,NaN,NaN,NaN,NaN,NaN
1635814800,0.58666633,0.59333299,0.58666633,0.59333299,46500.02697002,NaN,NaN,NaN,NaN,NaN,NaN,NaN
1635901200,0.59333299,0.59999965,0.59333299,0.59666632,649500.37671022,NaN,NaN,NaN,NaN,NaN,NaN,NaN
1636074000,0.59666632,0.59666632,0.58999966,0.58999966,253650.14711709,NaN,NaN,NaN,NaN,NaN,NaN,NaN
1636333200,0.59333299,0.59666632,0.58666633,0.58666633,271950.15773109,NaN,NaN,NaN,NaN,NaN,NaN,NaN
1636419600,0.58666633,0.58999966,0.58666633,0.58999966,521250.30232518,NaN,NaN,NaN,NaN,NaN,NaN,NaN
1636506000,0.58999966,0.59333299,0.58666633,0.58666633,123750.07177504,NaN,NaN,NaN,NaN,NaN,NaN,NaN
1636592400,0.58666633,0.58999966,0.58666633,0.58999966,142650.08273705,NaN,NaN,NaN,NaN,NaN,NaN,NaN
1636678800,0.58999966,0.59666632,0.58999966,0.58999966,199950.11597107,NaN,NaN,NaN,NaN,NaN,NaN,NaN
1636938000,0.58999966,0.58999966,0.583333,0.58666633,476850.27657316,NaN,NaN,NaN,NaN,NaN,NaN,NaN
1637024400,0.58999966,0.59333299,0.58999966,0.58999966,70950.04115102,NaN,NaN,NaN,NaN,NaN,NaN,NaN
1637110800,0.59333299,0.59333299,0.58666633,0.58999966,135450.07856105,NaN,NaN,NaN,NaN,NaN,NaN,NaN
1637197200,0.58666633,0.58666633,0.58666633,0.58666633,228300.13241408,NaN,NaN,NaN,NaN,NaN,NaN,NaN
1637283600,0.58666633,0.58666633,0.583333,0.583333,676350.39228323,NaN,NaN,NaN,NaN,NaN,NaN,NaN
1637542800,0.58666633,0.58666633,0.583333,0.58666633,103350.05994303,NaN,NaN,NaN,NaN,NaN,NaN,NaN
1637629200,0.583333,0.58999966,0.57999966,0.58999966,96150.05576703,NaN,NaN,NaN,NaN,NaN,NaN,NaN
1637715600,0.58666633,0.58666633,0.57999966,0.57999966,331800.19244411,NaN,NaN,NaN,NaN,NaN,NaN,NaN
1637802000,0.57999966,0.583333,0.57666633,0.57666633,541350.31398318,NaN,NaN,NaN,NaN,NaN,NaN,NaN
1637888400,0.57666633,0.57999966,0.573333,0.573333,543600.31528818,NaN,NaN,NaN,NaN,NaN,NaN,NaN
1638147600,0.56999967,0.573333,0.55999968,0.56999967,413400.23977214,NaN,NaN,NaN,NaN,NaN,NaN,NaN
1638234000,0.56999967,0.573333,0.56666634,0.56999967,391050.22680913,NaN,NaN,NaN,NaN,NaN,NaN,NaN
1638320400,0.56666634,0.57999966,0.56666634,0.573333,296850.1721731,NaN,NaN,NaN,NaN,NaN,NaN,NaN
1638406800,0.57666633,0.57666633,0.56666634,0.573333,301650.1749571,NaN,NaN,NaN,NaN,NaN,NaN,NaN
1638752400,0.57999966,0.57999966,0.56666634,0.56666634,124650.07229704,NaN,NaN,NaN,NaN,NaN,NaN,NaN
1638838800,0.56666634,0.573333,0.56666634,0.573333,335850.19479311,NaN,NaN,NaN,NaN,NaN,NaN,NaN
1638925200,0.573333,0.573333,0.56999967,0.573333,135000.07830005,NaN,NaN,NaN,NaN,NaN,NaN,NaN
1639011600,0.56999967,0.57999966,0.56999967,0.573333,187050.10848906,NaN,NaN,NaN,NaN,NaN,NaN,NaN
1639098000,0.57999966,0.57999966,0.56999967,0.573333,80100.04645803,NaN,NaN,NaN,NaN,NaN,NaN,NaN
1639357200,0.573333,0.57999966,0.573333,0.57999966,119100.06907804,NaN,NaN,NaN,NaN,NaN,NaN,NaN
1639443600,0.573333,0.57999966,0.573333,0.57999966,84600.04906803,NaN,NaN,NaN,NaN,NaN,NaN,NaN
1639530000,0.573333,0.57666633,0.573333,0.57666633,165150.09578706,NaN,NaN,NaN,NaN,NaN,NaN,NaN
1639616400,0.56999967,0.57999966,0.56999967,0.57999966,182850.10605306,NaN,NaN,NaN,NaN,NaN,NaN,NaN
1639702800,0.583333,0.59333299,0.56666634,0.58999966,1215150.70478741,NaN,NaN,NaN,NaN,NaN,NaN,NaN
1639962000,0.57999966,0.58999966,0.573333,0.583333,54450.03158102,NaN,NaN,NaN,NaN,NaN,NaN,NaN
1640048400,0.583333,0.583333,0.583333,0.583333,0,NaN,NaN,NaN,NaN,NaN,NaN,NaN
1640134800,0.57666633,0.58666633,0.57666633,0.583333,33300.01931401,NaN,NaN,NaN,NaN,NaN,NaN,NaN
1640221200,0.573333,0.58666633,0.573333,0.58666633,67200.03897602,NaN,NaN,NaN,NaN,NaN,NaN,NaN
1640307600,0.57999966,0.58666633,0.57999966,0.58666633,176550.10239906,NaN,NaN,NaN,NaN,NaN,NaN,NaN
1640566800,0.583333,0.583333,0.57999966,0.583333,467700.27126616,NaN,NaN,NaN,NaN,NaN,NaN,NaN
1640653200,0.57999966,0.58999966,0.57999966,0.58999966,445650.25847715,NaN,NaN,NaN,NaN,NaN,NaN,NaN
1640739600,0.583333,0.58999966,0.583333,0.58666633,129150.07490704,NaN,NaN,NaN,NaN,NaN,NaN,NaN
1640826000,0.57999966,0.58666633,0.57999966,0.58666633,446250.25882515,NaN,NaN,NaN,NaN,NaN,NaN,NaN
1640912400,0.58999966,0.58999966,0.57666633,0.57999966,218550.12675907,3093154453.4220004,9215953000,3676110000,73968000,324718000,5468040000,5.74827298793099
1641171600,0.57999966,0.583333,0.57999966,0.57999966,432600.25090815,NaN,NaN,NaN,NaN,NaN,NaN,NaN
1641258000,0.57999966,0.583333,0.57999966,0.57999966,166050.09630906,NaN,NaN,NaN,NaN,NaN,NaN,NaN
1641344400,0.583333,0.58666633,0.57999966,0.58666633,337200.19557611,NaN,NaN,NaN,NaN,NaN,NaN,NaN
1641430800,0.58666633,0.58666633,0.57999966,0.583333,171300.09935406,NaN,NaN,NaN,NaN,NaN,NaN,NaN
1641517200,0.583333,0.58666633,0.583333,0.58666633,307950.1786111,NaN,NaN,NaN,NaN,NaN,NaN,NaN
1641776400,0.58999966,0.58999966,0.583333,0.583333,175800.10196406,NaN,NaN,NaN,NaN,NaN,NaN,NaN
1641862800,0.58666633,0.59999965,0.58666633,0.59666632,1416600.82162848,NaN,NaN,NaN,NaN,NaN,NaN,NaN
1641949200,0.59666632,0.59999965,0.58999966,0.59999965,382050.22158913,NaN,NaN,NaN,NaN,NaN,NaN,NaN
1642035600,0.59999965,0.60666631,0.59999965,0.60333298,750000.43500025,NaN,NaN,NaN,NaN,NaN,NaN,NaN
1642122000,0.60333298,0.60666631,0.59999965,0.60333298,716100.41533824,NaN,NaN,NaN,NaN,NaN,NaN,NaN
1642381200,0.59999965,0.60333298,0.583333,0.58999966,458100.26569815,NaN,NaN,NaN,NaN,NaN,NaN,NaN
1642554000,0.58999966,0.59333299,0.58666633,0.58999966,226200.13119608,NaN,NaN,NaN,NaN,NaN,NaN,NaN
1642640400,0.58999966,0.59333299,0.58666633,0.59333299,159000.09222005,NaN,NaN,NaN,NaN,NaN,NaN,NaN
1642726800,0.58666633,0.59333299,0.58666633,0.59333299,391200.22689613,NaN,NaN,NaN,NaN,NaN,NaN,NaN
1642986000,0.59666632,0.59666632,0.57999966,0.583333,362700.21036612,NaN,NaN,NaN,NaN,NaN,NaN,NaN
1643072400,0.57666633,0.58666633,0.57666633,0.583333,132600.07690804,NaN,NaN,NaN,NaN,NaN,NaN,NaN
1643158800,0.57999966,0.59333299,0.57999966,0.59333299,82500.04785003,NaN,NaN,NaN,NaN,NaN,NaN,NaN
1643245200,0.59333299,0.59333299,0.57999966,0.57999966,161550.09369905,NaN,NaN,NaN,NaN,NaN,NaN,NaN
1643331600,0.57999966,0.58666633,0.573333,0.57666633,235200.13641608,NaN,NaN,NaN,NaN,NaN,NaN,NaN
1643590800,0.57666633,0.58999966,0.573333,0.573333,152850.08865305,NaN,NaN,NaN,NaN,NaN,NaN,NaN
1643850000,0.57999966,0.58666633,0.57999966,0.57999966,17550.01017901,NaN,NaN,NaN,NaN,NaN,NaN,NaN
1643936400,0.58666633,0.58666633,0.57999966,0.57999966,46650.02705702,NaN,NaN,NaN,NaN,NaN,NaN,NaN
1644195600,0.583333,0.58999966,0.57999966,0.58999966,709350.41142324,NaN,NaN,NaN,NaN,NaN,NaN,NaN
1644282000,0.58666633,0.58999966,0.57999966,0.583333,1146450.66494139,NaN,NaN,NaN,NaN,NaN,NaN,NaN
1644368400,0.58999966,0.58999966,0.583333,0.58999966,597300.3464342,NaN,NaN,NaN,NaN,NaN,NaN,NaN
1644454800,0.58666633,0.58999966,0.58666633,0.58999966,717600.41620824,NaN,NaN,NaN,NaN,NaN,NaN,NaN
1644541200,0.58666633,0.59333299,0.58666633,0.58999966,683550.39645923,NaN,NaN,NaN,NaN,NaN,NaN,NaN
1644800400,0.58999966,0.58999966,0.583333,0.583333,173100.10039806,NaN,NaN,NaN,NaN,NaN,NaN,NaN
1644886800,0.583333,0.58999966,0.583333,0.58999966,228600.13258808,NaN,NaN,NaN,NaN,NaN,NaN,NaN
1644973200,0.58666633,0.59333299,0.58666633,0.59333299,438900.25456215,NaN,NaN,NaN,NaN,NaN,NaN,NaN
1645059600,0.59333299,0.59333299,0.58666633,0.59333299,328350.19044311,NaN,NaN,NaN,NaN,NaN,NaN,NaN
1645146000,0.59333299,0.59666632,0.58999966,0.59333299,849150.49250729,NaN,NaN,NaN,NaN,NaN,NaN,NaN
1645405200,0.59333299,0.59666632,0.58999966,0.59666632,206250.11962507,NaN,NaN,NaN,NaN,NaN,NaN,NaN
1645491600,0.58999966,0.59666632,0.58999966,0.58999966,803700.46614627,NaN,NaN,NaN,NaN,NaN,NaN,NaN
1645578000,0.583333,0.59333299,0.583333,0.59333299,162900.09448205,NaN,NaN,NaN,NaN,NaN,NaN,NaN
1645664400,0.58999966,0.59333299,0.57999966,0.57999966,852900.49468229,NaN,NaN,NaN,NaN,NaN,NaN,NaN
1645750800,0.583333,0.59333299,0.583333,0.58999966,331350.19218311,NaN,NaN,NaN,NaN,NaN,NaN,NaN
1646010000,0.58666633,0.59333299,0.58666633,0.59333299,912750.52939531,NaN,NaN,NaN,NaN,NaN,NaN,NaN
1646096400,0.59999965,0.61666631,0.59999965,0.60999965,2859451.65848196,NaN,NaN,NaN,NaN,NaN,NaN,NaN
1646182800,0.61333298,0.62999963,0.61333298,0.61999964,1820701.05600661,NaN,NaN,NaN,NaN,NaN,NaN,NaN
1646269200,0.61999964,0.6266663,0.61666631,0.6266663,752550.43647925,NaN,NaN,NaN,NaN,NaN,NaN,NaN
1646355600,0.61999964,0.6266663,0.61999964,0.61999964,299100.1734781,NaN,NaN,NaN,NaN,NaN,NaN,NaN
1646614800,0.61333298,0.61999964,0.59666632,0.59666632,748800.43430425,NaN,NaN,NaN,NaN,NaN,NaN,NaN
1646701200,0.59333299,0.60666631,0.59333299,0.59666632,476700.27648616,NaN,NaN,NaN,NaN,NaN,NaN,NaN
1646787600,0.60333298,0.61333298,0.60333298,0.61333298,596550.3459992,NaN,NaN,NaN,NaN,NaN,NaN,NaN
1646874000,0.61666631,0.61999964,0.61333298,0.61666631,340350.19740311,NaN,NaN,NaN,NaN,NaN,NaN,NaN
1646960400,0.61666631,0.61666631,0.60333298,0.60666631,551400.31981219,NaN,NaN,NaN,NaN,NaN,NaN,NaN
1647219600,0.61333298,0.61999964,0.60999965,0.61999964,372150.21584713,NaN,NaN,NaN,NaN,NaN,NaN,NaN
1647306000,0.61999964,0.61999964,0.60999965,0.61333298,132450.07682104,NaN,NaN,NaN,NaN,NaN,NaN,NaN
1647392400,0.60999965,0.61666631,0.60999965,0.61333298,490500.28449016,NaN,NaN,NaN,NaN,NaN,NaN,NaN
1647478800,0.61666631,0.61999964,0.61333298,0.61666631,381300.22115413,NaN,NaN,NaN,NaN,NaN,NaN,NaN
1647565200,0.61999964,0.61999964,0.60999965,0.60999965,447000.25926015,NaN,NaN,NaN,NaN,NaN,NaN,NaN
1647824400,0.61333298,0.62333297,0.60999965,0.62333297,1405650.81527747,NaN,NaN,NaN,NaN,NaN,NaN,NaN
1647910800,0.6266663,0.62999963,0.62333297,0.6266663,854850.49581329,NaN,NaN,NaN,NaN,NaN,NaN,NaN
1647997200,0.6266663,0.62999963,0.62333297,0.62999963,80700.04680603,NaN,NaN,NaN,NaN,NaN,NaN,NaN
1648083600,0.62999963,0.62999963,0.62333297,0.62999963,276150.16016709,NaN,NaN,NaN,NaN,NaN,NaN,NaN
1648170000,0.62999963,0.63999963,0.62999963,0.63999963,2431501.41027082,NaN,NaN,NaN,NaN,NaN,NaN,NaN
1648429200,0.6366663,0.64333296,0.63333297,0.63333297,627900.36418221,NaN,NaN,NaN,NaN,NaN,NaN,NaN
1648515600,0.63333297,0.6366663,0.6266663,0.63333297,1889251.09576564,NaN,NaN,NaN,NaN,NaN,NaN,NaN
1648602000,0.6366663,0.63999963,0.63333297,0.63333297,574650.33329719,NaN,NaN,NaN,NaN,NaN,NaN,NaN
1648688400,0.6366663,0.63999963,0.63333297,0.63999963,401700.23298614,3093154453.4220004,9127652000,3534862000,46709000,309702000,5520086000,5.2093723953125
1648774800,0.63999963,0.64333296,0.63333297,0.6366663,1452750.84259549,NaN,NaN,NaN,NaN,NaN,NaN,NaN
1649034000,0.6366663,0.63999963,0.63333297,0.6366663,926700.53748631,NaN,NaN,NaN,NaN,NaN,NaN,NaN
1649120400,0.6366663,0.6366663,0.63333297,0.6366663,391050.22680913,NaN,NaN,NaN,NaN,NaN,NaN,NaN
1649206800,0.63333297,0.6366663,0.62999963,0.63333297,1274250.73906543,NaN,NaN,NaN,NaN,NaN,NaN,NaN
1649293200,0.63333297,0.63999963,0.63333297,0.63333297,1316700.76368644,NaN,NaN,NaN,NaN,NaN,NaN,NaN
1649379600,0.63333297,0.6366663,0.62999963,0.62999963,775950.45005126,NaN,NaN,NaN,NaN,NaN,NaN,NaN
1649638800,0.62999963,0.6366663,0.6266663,0.6266663,1208100.70069841,NaN,NaN,NaN,NaN,NaN,NaN,NaN
1649725200,0.62999963,0.6366663,0.62999963,0.62999963,496800.28814417,NaN,NaN,NaN,NaN,NaN,NaN,NaN
1649811600,0.62999963,0.63999963,0.62999963,0.63333297,766050.44430926,NaN,NaN,NaN,NaN,NaN,NaN,NaN
1649898000,0.6366663,0.63999963,0.63333297,0.6366663,1804201.04643661,NaN,NaN,NaN,NaN,NaN,NaN,NaN
1649984400,0.63333297,0.63999963,0.63333297,0.63999963,282750.1639951,NaN,NaN,NaN,NaN,NaN,NaN,NaN
1650243600,0.6366663,0.6366663,0.63333297,0.6366663,747900.43378225,NaN,NaN,NaN,NaN,NaN,NaN,NaN
1650416400,0.63999963,0.63999963,0.6366663,0.63999963,486450.28214116,NaN,NaN,NaN,NaN,NaN,NaN,NaN
1650502800,0.63999963,0.63999963,0.63333297,0.63999963,2121151.23026771,NaN,NaN,NaN,NaN,NaN,NaN,NaN
1650589200,0.63999963,0.64999962,0.63999963,0.64333296,4122152.39084839,NaN,NaN,NaN,NaN,NaN,NaN,NaN
1650848400,0.61333298,0.61999964,0.60333298,0.61333298,971550.56349933,NaN,NaN,NaN,NaN,NaN,NaN,NaN
1650934800,0.61333298,0.61666631,0.60666631,0.60666631,1025850.59499335,NaN,NaN,NaN,NaN,NaN,NaN,NaN
1651021200,0.60333298,0.60999965,0.59999965,0.59999965,873450.50660129,NaN,NaN,NaN,NaN,NaN,NaN,NaN
1651107600,0.60333298,0.62333297,0.60333298,0.61666631,1658550.96195956,NaN,NaN,NaN,NaN,NaN,NaN,NaN
1651194000,0.62333297,0.62333297,0.61666631,0.61999964,1662750.96439556,NaN,NaN,NaN,NaN,NaN,NaN,NaN
1651712400,0.61999964,0.6266663,0.61999964,0.62333297,1903951.10429164,NaN,NaN,NaN,NaN,NaN,NaN,NaN
1651798800,0.61666631,0.61999964,0.61666631,0.61666631,851400.49381229,NaN,NaN,NaN,NaN,NaN,NaN,NaN
1652058000,0.61666631,0.62333297,0.61333298,0.62333297,1020150.59168734,NaN,NaN,NaN,NaN,NaN,NaN,NaN
1652144400,0.61999964,0.61999964,0.61333298,0.61666631,135600.07864805,NaN,NaN,NaN,NaN,NaN,NaN,NaN
1652230800,0.61666631,0.62333297,0.61666631,0.62333297,347850.20175312,NaN,NaN,NaN,NaN,NaN,NaN,NaN
1652317200,0.62333297,0.62333297,0.60333298,0.60333298,544800.31598418,NaN,NaN,NaN,NaN,NaN,NaN,NaN
1652403600,0.60666631,0.61333298,0.60666631,0.60999965,531750.30841518,NaN,NaN,NaN,NaN,NaN,NaN,NaN
1652749200,0.60999965,0.61999964,0.60999965,0.61999964,1279050.74184943,NaN,NaN,NaN,NaN,NaN,NaN,NaN
1652835600,0.61999964,0.61999964,0.61666631,0.61666631,65100.03775802,NaN,NaN,NaN,NaN,NaN,NaN,NaN
1652922000,0.61666631,0.61666631,0.61333298,0.61333298,335850.19479311,NaN,NaN,NaN,NaN,NaN,NaN,NaN
1653008400,0.61999964,0.61999964,0.61333298,0.61666631,244950.14207108,NaN,NaN,NaN,NaN,NaN,NaN,NaN
1653267600,0.61666631,0.61666631,0.60999965,0.60999965,929550.53913931,NaN,NaN,NaN,NaN,NaN,NaN,NaN
1653354000,0.60999965,0.61666631,0.60999965,0.61333298,909750.52765531,NaN,NaN,NaN,NaN,NaN,NaN,NaN
1653440400,0.60999965,0.60999965,0.60333298,0.60333298,746100.43273825,NaN,NaN,NaN,NaN,NaN,NaN,NaN
1653526800,0.59999965,0.60666631,0.59999965,0.59999965,1112550.64527937,NaN,NaN,NaN,NaN,NaN,NaN,NaN
1653613200,0.60333298,0.60999965,0.59999965,0.59999965,1753201.01685659,NaN,NaN,NaN,NaN,NaN,NaN,NaN
1653872400,0.60333298,0.60666631,0.59999965,0.59999965,594300.3446942,NaN,NaN,NaN,NaN,NaN,NaN,NaN
1653958800,0.59999965,0.60999965,0.59999965,0.60333298,734400.42595225,NaN,NaN,NaN,NaN,NaN,NaN,NaN
1654045200,0.60333298,0.61333298,0.60333298,0.60999965,632100.36661821,NaN,NaN,NaN,NaN,NaN,NaN,NaN
1654131600,0.60666631,0.60999965,0.60666631,0.60999965,111450.06464104,NaN,NaN,NaN,NaN,NaN,NaN,NaN
1654218000,0.60666631,0.60999965,0.60666631,0.60666631,126750.07351504,NaN,NaN,NaN,NaN,NaN,NaN,NaN
1654563600,0.60666631,0.60999965,0.60333298,0.60999965,241950.14033108,NaN,NaN,NaN,NaN,NaN,NaN,NaN
1654650000,0.60999965,0.61333298,0.60666631,0.60666631,320700.18600611,NaN,NaN,NaN,NaN,NaN,NaN,NaN
1654736400,0.60666631,0.60999965,0.60666631,0.60666631,211350.12258307,NaN,NaN,NaN,NaN,NaN,NaN,NaN
1654822800,0.60999965,0.60999965,0.60333298,0.60333298,784350.45492326,NaN,NaN,NaN,NaN,NaN,NaN,NaN
1655082000,0.60333298,0.60333298,0.58999966,0.58999966,836850.48537328,NaN,NaN,NaN,NaN,NaN,NaN,NaN
1655168400,0.58666633,0.58999966,0.58666633,0.58999966,470250.27274516,NaN,NaN,NaN,NaN,NaN,NaN,NaN
1655254800,0.59666632,0.59999965,0.58666633,0.58999966,238650.13841708,NaN,NaN,NaN,NaN,NaN,NaN,NaN
1655341200,0.59333299,0.59666632,0.58999966,0.59666632,315300.18287411,NaN,NaN,NaN,NaN,NaN,NaN,NaN
1655427600,0.58999966,0.58999966,0.583333,0.583333,488100.28309816,NaN,NaN,NaN,NaN,NaN,NaN,NaN
1655686800,0.583333,0.58666633,0.57666633,0.57999966,605250.3510452,NaN,NaN,NaN,NaN,NaN,NaN,NaN
1655773200,0.58666633,0.58666633,0.57999966,0.57999966,168300.09761406,NaN,NaN,NaN,NaN,NaN,NaN,NaN
1655859600,0.57999966,0.58666633,0.573333,0.573333,312300.18113411,NaN,NaN,NaN,NaN,NaN,NaN,NaN
1655946000,0.57666633,0.57666633,0.56999967,0.57666633,259200.15033609,NaN,NaN,NaN,NaN,NaN,NaN,NaN
1656032400,0.57999966,0.583333,0.57666633,0.583333,1518750.88087551,NaN,NaN,NaN,NaN,NaN,NaN,NaN
1656291600,0.583333,0.58666633,0.583333,0.583333,328650.19061711,NaN,NaN,NaN,NaN,NaN,NaN,NaN
1656378000,0.583333,0.58666633,0.583333,0.583333,24900.01444201,NaN,NaN,NaN,NaN,NaN,NaN,NaN
1656464400,0.583333,0.58999966,0.57999966,0.58999966,166500.09657006,NaN,NaN,NaN,NaN,NaN,NaN,NaN
1656550800,0.583333,0.583333,0.57999966,0.57999966,63150.03662702,3093154453.4220004,8947873000,3410991000,61539000,340299000,5465656000,6.89654827586201
1656637200,0.583333,0.58666633,0.583333,0.58666633,2250.001305,NaN,NaN,NaN,NaN,NaN,NaN,NaN
1656896400,0.58666633,0.58666633,0.57999966,0.58666633,164100.09517806,NaN,NaN,NaN,NaN,NaN,NaN,NaN
1656982800,0.57999966,0.59333299,0.57999966,0.58666633,139800.08108405,NaN,NaN,NaN,NaN,NaN,NaN,NaN
1657069200,0.583333,0.58666633,0.57999966,0.583333,70650.04097702,NaN,NaN,NaN,NaN,NaN,NaN,NaN
1657155600,0.583333,0.58999966,0.57999966,0.583333,250500.14529008,NaN,NaN,NaN,NaN,NaN,NaN,NaN
1657242000,0.57999966,0.58666633,0.57999966,0.58666633,37800.02192401,NaN,NaN,NaN,NaN,NaN,NaN,NaN
1657587600,0.58666633,0.58666633,0.57999966,0.583333,155850.09039305,NaN,NaN,NaN,NaN,NaN,NaN,NaN
1657674000,0.583333,0.58666633,0.57999966,0.58666633,405150.23498714,NaN,NaN,NaN,NaN,NaN,NaN,NaN
1657760400,0.58666633,0.58666633,0.57999966,0.583333,211950.12293107,NaN,NaN,NaN,NaN,NaN,NaN,NaN
1657846800,0.583333,0.58666633,0.57999966,0.58666633,251550.14589908,NaN,NaN,NaN,NaN,NaN,NaN,NaN
1658106000,0.58666633,0.59666632,0.583333,0.59666632,247200.14337608,NaN,NaN,NaN,NaN,NaN,NaN,NaN
1658192400,0.58666633,0.59999965,0.58666633,0.59999965,543450.31520118,NaN,NaN,NaN,NaN,NaN,NaN,NaN
1658278800,0.59666632,0.59999965,0.59666632,0.59999965,198150.11492707,NaN,NaN,NaN,NaN,NaN,NaN,NaN
1658365200,0.59999965,0.59999965,0.59666632,0.59666632,340500.19749011,NaN,NaN,NaN,NaN,NaN,NaN,NaN
1658451600,0.59666632,0.60666631,0.59666632,0.60333298,347400.20149212,NaN,NaN,NaN,NaN,NaN,NaN,NaN
1658710800,0.60333298,0.60666631,0.59999965,0.60333298,147150.08534705,NaN,NaN,NaN,NaN,NaN,NaN,NaN
1658797200,0.59999965,0.60666631,0.59999965,0.60333298,55500.03219002,NaN,NaN,NaN,NaN,NaN,NaN,NaN
1658883600,0.60666631,0.60666631,0.59999965,0.60666631,153150.08882705,NaN,NaN,NaN,NaN,NaN,NaN,NaN
1658970000,0.60333298,0.60666631,0.60333298,0.60666631,109200.06333604,NaN,NaN,NaN,NaN,NaN,NaN,NaN
1659056400,0.60666631,0.60999965,0.60333298,0.60333298,212850.12345307,NaN,NaN,NaN,NaN,NaN,NaN,NaN
1659315600,0.60666631,0.61333298,0.60666631,0.61333298,129150.07490704,NaN,NaN,NaN,NaN,NaN,NaN,NaN
1659402000,0.61333298,0.61333298,0.60333298,0.60999965,410850.23829314,NaN,NaN,NaN,NaN,NaN,NaN,NaN
1659488400,0.59999965,0.61333298,0.59999965,0.60333298,96300.05585403,NaN,NaN,NaN,NaN,NaN,NaN,NaN
1659574800,0.60333298,0.60666631,0.60333298,0.60333298,126750.07351504,NaN,NaN,NaN,NaN,NaN,NaN,NaN
1659661200,0.60999965,0.60999965,0.60333298,0.60999965,62700.03636602,NaN,NaN,NaN,NaN,NaN,NaN,NaN
1659920400,0.60666631,0.60999965,0.60333298,0.60999965,119100.06907804,NaN,NaN,NaN,NaN,NaN,NaN,NaN
1660006800,0.60666631,0.60999965,0.60666631,0.60999965,174150.10100706,NaN,NaN,NaN,NaN,NaN,NaN,NaN
1660093200,0.60999965,0.60999965,0.60666631,0.60999965,112800.06542404,NaN,NaN,NaN,NaN,NaN,NaN,NaN
1660179600,0.60666631,0.60999965,0.60333298,0.60333298,347400.20149212,NaN,NaN,NaN,NaN,NaN,NaN,NaN
1660266000,0.60333298,0.60999965,0.59999965,0.59999965,938550.54435932,NaN,NaN,NaN,NaN,NaN,NaN,NaN
1660525200,0.60333298,0.60666631,0.59999965,0.60333298,120000.06960004,NaN,NaN,NaN,NaN,NaN,NaN,NaN
1660611600,0.60333298,0.60999965,0.60333298,0.60666631,438000.25404015,NaN,NaN,NaN,NaN,NaN,NaN,NaN
1660698000,0.60999965,0.61999964,0.60999965,0.61999964,811950.47093127,NaN,NaN,NaN,NaN,NaN,NaN,NaN
1660784400,0.61999964,0.6266663,0.61999964,0.6266663,529800.30728418,NaN,NaN,NaN,NaN,NaN,NaN,NaN
1660870800,0.62333297,0.6266663,0.61999964,0.61999964,348450.20210112,NaN,NaN,NaN,NaN,NaN,NaN,NaN
1661130000,0.61999964,0.6266663,0.61999964,0.62333297,56700.03288602,NaN,NaN,NaN,NaN,NaN,NaN,NaN
1661216400,0.61999964,0.62333297,0.61333298,0.61333298,86550.05019903,NaN,NaN,NaN,NaN,NaN,NaN,NaN
1661302800,0.61666631,0.62333297,0.61666631,0.62333297,373950.21689113,NaN,NaN,NaN,NaN,NaN,NaN,NaN
1661389200,0.6266663,0.6266663,0.61999964,0.61999964,191400.11101206,NaN,NaN,NaN,NaN,NaN,NaN,NaN
1661475600,0.62333297,0.62333297,0.61999964,0.61999964,192600.11170806,NaN,NaN,NaN,NaN,NaN,NaN,NaN
1661734800,0.61666631,0.6266663,0.61666631,0.61999964,147900.08578205,NaN,NaN,NaN,NaN,NaN,NaN,NaN
1661821200,0.62333297,0.6266663,0.61999964,0.61999964,285450.1655611,NaN,NaN,NaN,NaN,NaN,NaN,NaN
1661994000,0.61999964,0.6266663,0.61999964,0.61999964,1043850.60543335,NaN,NaN,NaN,NaN,NaN,NaN,NaN
1662080400,0.61999964,0.62333297,0.61999964,0.61999964,71700.04158602,NaN,NaN,NaN,NaN,NaN,NaN,NaN
1662339600,0.61999964,0.62333297,0.61999964,0.62333297,109650.06359704,NaN,NaN,NaN,NaN,NaN,NaN,NaN
1662426000,0.62333297,0.62333297,0.61999964,0.62333297,384450.22298113,NaN,NaN,NaN,NaN,NaN,NaN,NaN
1662512400,0.6266663,0.6266663,0.60666631,0.61999964,1095300.63527437,NaN,NaN,NaN,NaN,NaN,NaN,NaN
1662598800,0.62333297,0.6266663,0.62333297,0.62333297,192150.11144706,NaN,NaN,NaN,NaN,NaN,NaN,NaN
1662685200,0.62333297,0.62999963,0.62333297,0.6266663,347700.20166612,NaN,NaN,NaN,NaN,NaN,NaN,NaN
1662944400,0.62999963,0.62999963,0.6266663,0.62999963,442950.25691115,NaN,NaN,NaN,NaN,NaN,NaN,NaN
1663030800,0.6266663,0.6266663,0.62333297,0.62333297,245850.14259308,NaN,NaN,NaN,NaN,NaN,NaN,NaN
1663117200,0.60666631,0.60999965,0.59999965,0.60666631,407700.23646614,NaN,NaN,NaN,NaN,NaN,NaN,NaN
1663203600,0.61333298,0.61333298,0.59333299,0.59333299,2912701.68936698,NaN,NaN,NaN,NaN,NaN,NaN,NaN
1663549200,0.59333299,0.59666632,0.58999966,0.59333299,131100.07603804,NaN,NaN,NaN,NaN,NaN,NaN,NaN
1663635600,0.59333299,0.59333299,0.58999966,0.59333299,1450350.84120349,NaN,NaN,NaN,NaN,NaN,NaN,NaN
1663722000,0.59333299,0.59333299,0.58999966,0.58999966,149850.08691305,NaN,NaN,NaN,NaN,NaN,NaN,NaN
1663808400,0.59333299,0.59333299,0.58999966,0.59333299,62400.03619202,NaN,NaN,NaN,NaN,NaN,NaN,NaN
1663894800,0.59333299,0.59333299,0.59333299,0.59333299,57750.03349502,NaN,NaN,NaN,NaN,NaN,NaN,NaN
1664154000,0.58999966,0.59333299,0.58999966,0.58999966,1758151.01972759,NaN,NaN,NaN,NaN,NaN,NaN,NaN
1664240400,0.59333299,0.59333299,0.58999966,0.59333299,257700.14946609,NaN,NaN,NaN,NaN,NaN,NaN,NaN
1664326800,0.58999966,0.59333299,0.58666633,0.59333299,314100.18217811,NaN,NaN,NaN,NaN,NaN,NaN,NaN
1664413200,0.58666633,0.58999966,0.57666633,0.583333,469500.27231016,NaN,NaN,NaN,NaN,NaN,NaN,NaN
1664499600,0.583333,0.58666633,0.573333,0.57666633,580050.3364292,3093154453.4220004,9219023000,3583852000,60441000,352825000,5565893000,6.93641271676306
1664758800,0.573333,0.57999966,0.573333,0.57999966,64950.03767102,NaN,NaN,NaN,NaN,NaN,NaN,NaN
1664845200,0.57999966,0.58666633,0.57999966,0.58666633,110100.06385804,NaN,NaN,NaN,NaN,NaN,NaN,NaN
1664931600,0.57999966,0.58666633,0.573333,0.57999966,469650.27239716,NaN,NaN,NaN,NaN,NaN,NaN,NaN
1665018000,0.57999966,0.58666633,0.57999966,0.57999966,105900.06142204,NaN,NaN,NaN,NaN,NaN,NaN,NaN
1665104400,0.58666633,0.58666633,0.57666633,0.57999966,439350.25482315,NaN,NaN,NaN,NaN,NaN,NaN,NaN
1665450000,0.57999966,0.583333,0.57666633,0.57666633,79800.04628403,NaN,NaN,NaN,NaN,NaN,NaN,NaN
1665536400,0.57666633,0.57999966,0.573333,0.57666633,312000.1809601,NaN,NaN,NaN,NaN,NaN,NaN,NaN
1665622800,0.573333,0.57999966,0.573333,0.573333,487950.28301116,NaN,NaN,NaN,NaN,NaN,NaN,NaN
1665709200,0.57666633,0.57666633,0.56999967,0.56999967,240450.13946108,NaN,NaN,NaN,NaN,NaN,NaN,NaN
1665968400,0.573333,0.57666633,0.56999967,0.573333,55350.03210302,NaN,NaN,NaN,NaN,NaN,NaN,NaN
1666054800,0.57666633,0.57666633,0.56333301,0.573333,1784551.0350396,NaN,NaN,NaN,NaN,NaN,NaN,NaN
1666141200,0.573333,0.57666633,0.56999967,0.573333,209850.12171307,NaN,NaN,NaN,NaN,NaN,NaN,NaN
1666227600,0.57666633,0.57666633,0.56666634,0.57666633,1792501.0396506,NaN,NaN,NaN,NaN,NaN,NaN,NaN
1666314000,0.573333,0.57666633,0.56999967,0.57666633,145800.08456405,NaN,NaN,NaN,NaN,NaN,NaN,NaN
1666659600,0.57666633,0.57999966,0.57666633,0.57999966,171150.09926706,NaN,NaN,NaN,NaN,NaN,NaN,NaN
1666746000,0.57999966,0.583333,0.57999966,0.583333,334050.19374911,NaN,NaN,NaN,NaN,NaN,NaN,NaN
1666832400,0.583333,0.58666633,0.57999966,0.58666633,376200.21819613,NaN,NaN,NaN,NaN,NaN,NaN,NaN
1666918800,0.58999966,0.58999966,0.58666633,0.58999966,110550.06411904,NaN,NaN,NaN,NaN,NaN,NaN,NaN
1667178000,0.58999966,0.59333299,0.58666633,0.59333299,331650.19235711,NaN,NaN,NaN,NaN,NaN,NaN,NaN
1667264400,0.58666633,0.59333299,0.58666633,0.59333299,70050.04062902,NaN,NaN,NaN,NaN,NaN,NaN,NaN
1667350800,0.59333299,0.59333299,0.58666633,0.58999966,103650.06011703,NaN,NaN,NaN,NaN,NaN,NaN,NaN
1667437200,0.58666633,0.58999966,0.583333,0.58666633,1608300.93281454,NaN,NaN,NaN,NaN,NaN,NaN,NaN
1667523600,0.58666633,0.58999966,0.583333,0.58999966,437100.25351815,NaN,NaN,NaN,NaN,NaN,NaN,NaN
1667782800,0.583333,0.59666632,0.583333,0.59666632,662850.38445322,NaN,NaN,NaN,NaN,NaN,NaN,NaN
1667869200,0.58999966,0.59333299,0.583333,0.58666633,45750.02653502,NaN,NaN,NaN,NaN,NaN,NaN,NaN
1667955600,0.58666633,0.58999966,0.58666633,0.58666633,108900.06316204,NaN,NaN,NaN,NaN,NaN,NaN,NaN
1668042000,0.58999966,0.59333299,0.58666633,0.59333299,235650.13667708,NaN,NaN,NaN,NaN,NaN,NaN,NaN
1668128400,0.59333299,0.59666632,0.59333299,0.59666632,274800.15938409,NaN,NaN,NaN,NaN,NaN,NaN,NaN
1668387600,0.58666633,0.59999965,0.58666633,0.59666632,175500.10179006,NaN,NaN,NaN,NaN,NaN,NaN,NaN
1668474000,0.59333299,0.60666631,0.58999966,0.60666631,270450.15686109,NaN,NaN,NaN,NaN,NaN,NaN,NaN
1668560400,0.59666632,0.60333298,0.59333299,0.60333298,21900.01270201,NaN,NaN,NaN,NaN,NaN,NaN,NaN
1668646800,0.59999965,0.60333298,0.59333299,0.59333299,88650.05141703,NaN,NaN,NaN,NaN,NaN,NaN,NaN
1668992400,0.58666633,0.60333298,0.583333,0.59999965,308850.1791331,NaN,NaN,NaN,NaN,NaN,NaN,NaN
1669078800,0.59333299,0.60333298,0.58999966,0.60333298,564450.32738119,NaN,NaN,NaN,NaN,NaN,NaN,NaN
1669165200,0.59999965,0.60333298,0.59666632,0.60333298,88800.05150403,NaN,NaN,NaN,NaN,NaN,NaN,NaN
1669251600,0.60333298,0.61333298,0.60333298,0.60999965,989850.57411333,NaN,NaN,NaN,NaN,NaN,NaN,NaN
1669338000,0.61333298,0.61333298,0.60333298,0.60666631,140250.08134505,NaN,NaN,NaN,NaN,NaN,NaN,NaN
1669683600,0.61333298,0.61999964,0.60666631,0.61999964,700050.40602924,NaN,NaN,NaN,NaN,NaN,NaN,NaN
1669770000,0.61999964,0.61999964,0.61666631,0.61666631,336450.19514111,NaN,NaN,NaN,NaN,NaN,NaN,NaN
1669856400,0.61666631,0.62333297,0.61666631,0.61999964,1559250.90436552,NaN,NaN,NaN,NaN,NaN,NaN,NaN
1669942800,0.61666631,0.62333297,0.61666631,0.62333297,1732501.00485058,NaN,NaN,NaN,NaN,NaN,NaN,NaN
1670202000,0.61999964,0.61999964,0.61666631,0.61999964,262650.15233709,NaN,NaN,NaN,NaN,NaN,NaN,NaN
1670288400,0.61999964,0.61999964,0.61333298,0.61999964,764700.44352626,NaN,NaN,NaN,NaN,NaN,NaN,NaN
1670374800,0.61666631,0.62333297,0.61666631,0.62333297,413850.24003314,NaN,NaN,NaN,NaN,NaN,NaN,NaN
1670461200,0.62333297,0.63333297,0.62333297,0.62999963,2291251.32892577,NaN,NaN,NaN,NaN,NaN,NaN,NaN
1670547600,0.62999963,0.65333295,0.62999963,0.65333295,3604502.09061121,NaN,NaN,NaN,NaN,NaN,NaN,NaN
1670806800,0.65333295,0.65333295,0.64333296,0.64999962,429300.24899414,NaN,NaN,NaN,NaN,NaN,NaN,NaN
1670893200,0.64999962,0.65333295,0.63999963,0.65333295,586800.3403442,NaN,NaN,NaN,NaN,NaN,NaN,NaN
1670979600,0.65333295,0.65333295,0.64333296,0.64333296,720600.41794824,NaN,NaN,NaN,NaN,NaN,NaN,NaN
1671066000,0.64333296,0.64999962,0.63333297,0.64333296,421050.24420914,NaN,NaN,NaN,NaN,NaN,NaN,NaN
1671152400,0.63999963,0.64666629,0.63333297,0.64666629,525150.30458718,NaN,NaN,NaN,NaN,NaN,NaN,NaN
1671411600,0.63999963,0.64999962,0.6366663,0.64999962,291150.1688671,NaN,NaN,NaN,NaN,NaN,NaN,NaN
1671498000,0.64999962,0.64999962,0.64666629,0.64999962,733800.42560425,NaN,NaN,NaN,NaN,NaN,NaN,NaN
1671584400,0.64999962,0.65333295,0.64666629,0.65333295,1748851.01433359,NaN,NaN,NaN,NaN,NaN,NaN,NaN
1671670800,0.65333295,0.67333294,0.65333295,0.66333295,4788302.77721561,NaN,NaN,NaN,NaN,NaN,NaN,NaN
1671757200,0.66333295,0.67333294,0.65999962,0.66666628,1159350.67242339,NaN,NaN,NaN,NaN,NaN,NaN,NaN
1672102800,0.66666628,0.66666628,0.65666629,0.65666629,6626403.84331423,NaN,NaN,NaN,NaN,NaN,NaN,NaN
1672189200,0.65666629,0.65666629,0.64333296,0.64666629,361800.20984412,NaN,NaN,NaN,NaN,NaN,NaN,NaN
1672275600,0.65333295,0.65333295,0.64666629,0.64666629,131850.07647304,NaN,NaN,NaN,NaN,NaN,NaN,NaN
1672362000,0.65333295,0.65999962,0.64333296,0.64333296,162450.09422105,3093154453.4220004,9681397000,3925056000,62457000,339193000,5681466000,6.2176134715026
1672707600,0.65666629,0.65666629,0.64999962,0.65666629,149850.08691305,NaN,NaN,NaN,NaN,NaN,NaN,NaN
1672794000,0.65999962,0.66666628,0.65333295,0.65666629,368100.21349812,NaN,NaN,NaN,NaN,NaN,NaN,NaN
1672880400,0.65999962,0.65999962,0.65333295,0.65999962,295350.1713031,NaN,NaN,NaN,NaN,NaN,NaN,NaN
1672966800,0.65666629,0.65666629,0.64999962,0.65333295,52800.03062402,NaN,NaN,NaN,NaN,NaN,NaN,NaN
1673226000,0.64999962,0.66666628,0.64999962,0.66666628,639600.37096822,NaN,NaN,NaN,NaN,NaN,NaN,NaN
1673312400,0.64999962,0.66333295,0.64999962,0.65666629,964500.55941032,NaN,NaN,NaN,NaN,NaN,NaN,NaN
1673398800,0.65666629,0.65999962,0.65666629,0.65666629,420150.24368714,NaN,NaN,NaN,NaN,NaN,NaN,NaN
1673485200,0.65999962,0.66333295,0.65666629,0.65999962,1279350.74202343,NaN,NaN,NaN,NaN,NaN,NaN,NaN
1673571600,0.65999962,0.66333295,0.65666629,0.66333295,1609050.93324954,NaN,NaN,NaN,NaN,NaN,NaN,NaN
1673830800,0.66333295,0.66666628,0.65666629,0.65999962,808350.46884327,NaN,NaN,NaN,NaN,NaN,NaN,NaN
1673917200,0.65999962,0.67333294,0.65999962,0.66666628,1349250.78256545,NaN,NaN,NaN,NaN,NaN,NaN,NaN
1674003600,0.65999962,0.66666628,0.65999962,0.66666628,633150.36722721,NaN,NaN,NaN,NaN,NaN,NaN,NaN
1674090000,0.65999962,0.66666628,0.65666629,0.66666628,87000.05046003,NaN,NaN,NaN,NaN,NaN,NaN,NaN
1674176400,0.65999962,0.66666628,0.65666629,0.66666628,525000.30450018,NaN,NaN,NaN,NaN,NaN,NaN,NaN
1674608400,0.66666628,0.67333294,0.65999962,0.67333294,211350.12258307,NaN,NaN,NaN,NaN,NaN,NaN,NaN
1674694800,0.67333294,0.68666627,0.66666628,0.66666628,1143150.66302738,NaN,NaN,NaN,NaN,NaN,NaN,NaN
1674781200,0.67333294,0.67999961,0.66666628,0.67333294,596550.3459992,NaN,NaN,NaN,NaN,NaN,NaN,NaN
1675040400,0.67333294,0.67999961,0.67333294,0.67999961,272550.15807909,NaN,NaN,NaN,NaN,NaN,NaN,NaN
1675126800,0.67333294,0.67333294,0.66666628,0.66666628,316200.18339611,NaN,NaN,NaN,NaN,NaN,NaN,NaN
1675299600,0.66666628,0.67999961,0.66666628,0.67999961,151950.08813105,NaN,NaN,NaN,NaN,NaN,NaN,NaN
1675386000,0.67333294,0.67999961,0.67333294,0.67333294,359250.20836512,NaN,NaN,NaN,NaN,NaN,NaN,NaN
1675731600,0.67333294,0.67333294,0.66666628,0.67333294,228300.13241408,NaN,NaN,NaN,NaN,NaN,NaN,NaN
1675818000,0.67333294,0.68666627,0.67333294,0.67999961,1157850.67155339,NaN,NaN,NaN,NaN,NaN,NaN,NaN
1675904400,0.67999961,0.68666627,0.67999961,0.67999961,735750.42673525,NaN,NaN,NaN,NaN,NaN,NaN,NaN
1675990800,0.67999961,0.67999961,0.67333294,0.67333294,547950.31781118,NaN,NaN,NaN,NaN,NaN,NaN,NaN
1676250000,0.67333294,0.67999961,0.67333294,0.67999961,200100.11605807,NaN,NaN,NaN,NaN,NaN,NaN,NaN
1676336400,0.67333294,0.67999961,0.67333294,0.67333294,169500.09831006,NaN,NaN,NaN,NaN,NaN,NaN,NaN
1676422800,0.67999961,0.67999961,0.66666628,0.67999961,704550.40863924,NaN,NaN,NaN,NaN,NaN,NaN,NaN
1676509200,0.67999961,0.67999961,0.66666628,0.67333294,760350.44100326,NaN,NaN,NaN,NaN,NaN,NaN,NaN
1676595600,0.67333294,0.67333294,0.66666628,0.66666628,975900.56602233,NaN,NaN,NaN,NaN,NaN,NaN,NaN
1676854800,0.66333295,0.66666628,0.66333295,0.66333295,129450.07508104,NaN,NaN,NaN,NaN,NaN,NaN,NaN
1676941200,0.66666628,0.66666628,0.66333295,0.66333295,138750.08047505,NaN,NaN,NaN,NaN,NaN,NaN,NaN
1677027600,0.66333295,0.66666628,0.66333295,0.66666628,132750.07699504,NaN,NaN,NaN,NaN,NaN,NaN,NaN
1677114000,0.66666628,0.67999961,0.66666628,0.67999961,389400.22585213,NaN,NaN,NaN,NaN,NaN,NaN,NaN
1677200400,0.67999961,0.67999961,0.66666628,0.66666628,112500.06525004,NaN,NaN,NaN,NaN,NaN,NaN,NaN
1677459600,0.67333294,0.68666627,0.67333294,0.67999961,1698000.98484057,NaN,NaN,NaN,NaN,NaN,NaN,NaN
1677546000,0.67999961,0.68666627,0.67333294,0.67999961,885450.5135613,NaN,NaN,NaN,NaN,NaN,NaN,NaN
1677632400,0.67999961,0.68666627,0.67333294,0.68666627,613950.35609121,NaN,NaN,NaN,NaN,NaN,NaN,NaN
1677718800,0.68666627,0.69333293,0.67999961,0.68666627,829800.48128428,NaN,NaN,NaN,NaN,NaN,NaN,NaN
1677805200,0.67999961,0.69333293,0.67333294,0.68666627,1417050.82188948,NaN,NaN,NaN,NaN,NaN,NaN,NaN
1678064400,0.68666627,0.69333293,0.67999961,0.68666627,575550.33381919,NaN,NaN,NaN,NaN,NaN,NaN,NaN
1678150800,0.68666627,0.68666627,0.67999961,0.68666627,1009800.58568434,NaN,NaN,NaN,NaN,NaN,NaN,NaN
1678237200,0.67999961,0.69333293,0.67999961,0.67999961,1187700.6888664,NaN,NaN,NaN,NaN,NaN,NaN,NaN
1678323600,0.67999961,0.68666627,0.67333294,0.67999961,2217751.28629575,NaN,NaN,NaN,NaN,NaN,NaN,NaN
1678410000,0.67999961,0.67999961,0.66666628,0.67999961,2048401.18807269,NaN,NaN,NaN,NaN,NaN,NaN,NaN
1678669200,0.67333294,0.67333294,0.65666629,0.66666628,1589850.92211353,NaN,NaN,NaN,NaN,NaN,NaN,NaN
1678755600,0.66666628,0.67333294,0.65666629,0.65999962,3049801.76888503,NaN,NaN,NaN,NaN,NaN,NaN,NaN
1678842000,0.67333294,0.67999961,0.66333295,0.66666628,2615851.51719388,NaN,NaN,NaN,NaN,NaN,NaN,NaN
1678928400,0.66333295,0.67333294,0.65666629,0.65999962,1866601.08262863,NaN,NaN,NaN,NaN,NaN,NaN,NaN
1679014800,0.66666628,0.67333294,0.66333295,0.66666628,3429151.98890815,NaN,NaN,NaN,NaN,NaN,NaN,NaN
1679274000,0.66666628,0.66666628,0.66333295,0.66333295,989700.57402633,NaN,NaN,NaN,NaN,NaN,NaN,NaN
1679360400,0.66333295,0.67333294,0.66333295,0.66333295,1165950.67625139,NaN,NaN,NaN,NaN,NaN,NaN,NaN
1679446800,0.66666628,0.66666628,0.66333295,0.66333295,680100.39445823,NaN,NaN,NaN,NaN,NaN,NaN,NaN
1679533200,0.66666628,0.66666628,0.66333295,0.66333295,1635150.94838755,NaN,NaN,NaN,NaN,NaN,NaN,NaN
1679619600,0.66333295,0.66666628,0.65999962,0.66333295,684000.39672023,NaN,NaN,NaN,NaN,NaN,NaN,NaN
1679878800,0.66333295,0.66666628,0.65999962,0.66333295,855450.49616129,NaN,NaN,NaN,NaN,NaN,NaN,NaN
1679965200,0.66666628,0.66666628,0.65999962,0.66333295,1021200.59229634,NaN,NaN,NaN,NaN,NaN,NaN,NaN
1680051600,0.65999962,0.66666628,0.65999962,0.66333295,590700.3426062,NaN,NaN,NaN,NaN,NaN,NaN,NaN
1680138000,0.66333295,0.66666628,0.65999962,0.66333295,1314750.76255544,NaN,NaN,NaN,NaN,NaN,NaN,NaN
1680224400,0.66666628,0.66666628,0.65999962,0.66333295,1396350.80988347,3093154453.4220004,9674551000,3771664000,52690000,342397000,5831664000,6.03014773869343
1680483600,0.66333295,0.66666628,0.65999962,0.66333295,3425251.98664615,NaN,NaN,NaN,NaN,NaN,NaN,NaN
1680570000,0.66333295,0.66666628,0.65999962,0.66333295,4427552.56798049,NaN,NaN,NaN,NaN,NaN,NaN,NaN
1680656400,0.66333295,0.67999961,0.66333295,0.67333294,7077304.10483638,NaN,NaN,NaN,NaN,NaN,NaN,NaN
1680742800,0.67333294,0.67999961,0.66333295,0.66666628,3276001.9000811,NaN,NaN,NaN,NaN,NaN,NaN,NaN
1680829200,0.67333294,0.67999961,0.66333295,0.66333295,4361702.52978747,NaN,NaN,NaN,NaN,NaN,NaN,NaN
1681088400,0.67333294,0.67333294,0.66333295,0.66666628,1599150.92750754,NaN,NaN,NaN,NaN,NaN,NaN,NaN
1681174800,0.66666628,0.67333294,0.66666628,0.66666628,189900.11014206,NaN,NaN,NaN,NaN,NaN,NaN,NaN
1681261200,0.67333294,0.68666627,0.66666628,0.66666628,3826502.21937129,NaN,NaN,NaN,NaN,NaN,NaN,NaN
1681347600,0.66666628,0.67333294,0.66666628,0.66666628,678750.39367523,NaN,NaN,NaN,NaN,NaN,NaN,NaN
1681434000,0.67333294,0.67999961,0.66666628,0.66666628,4551152.63966853,NaN,NaN,NaN,NaN,NaN,NaN,NaN
1681693200,0.66666628,0.67999961,0.66666628,0.67333294,2709451.57148191,NaN,NaN,NaN,NaN,NaN,NaN,NaN
1681779600,0.67333294,0.68666627,0.66666628,0.67333294,3402451.97342214,NaN,NaN,NaN,NaN,NaN,NaN,NaN
1681866000,0.67333294,0.67999961,0.67333294,0.67333294,1882051.09158963,NaN,NaN,NaN,NaN,NaN,NaN,NaN
1681952400,0.67333294,0.67999961,0.66666628,0.67333294,3888152.25512831,NaN,NaN,NaN,NaN,NaN,NaN,NaN
1682384400,0.65333295,0.65999962,0.64666629,0.64999962,3322951.92731212,NaN,NaN,NaN,NaN,NaN,NaN,NaN
1682470800,0.64999962,0.65333295,0.64666629,0.64999962,1397250.81040547,NaN,NaN,NaN,NaN,NaN,NaN,NaN
1682557200,0.64666629,0.64999962,0.64333296,0.64666629,846000.49068028,NaN,NaN,NaN,NaN,NaN,NaN,NaN
1682643600,0.64666629,0.64999962,0.64333296,0.64666629,1384050.80274947,NaN,NaN,NaN,NaN,NaN,NaN,NaN
1682989200,0.64999962,0.64999962,0.64333296,0.64999962,704550.40863924,NaN,NaN,NaN,NaN,NaN,NaN,NaN
1683075600,0.65333295,0.65333295,0.64333296,0.64666629,3725852.16099425,NaN,NaN,NaN,NaN,NaN,NaN,NaN
1683248400,0.64999962,0.65666629,0.64666629,0.64999962,2209351.28142374,NaN,NaN,NaN,NaN,NaN,NaN,NaN
1683507600,0.65333295,0.65999962,0.64666629,0.65333295,953100.55279832,NaN,NaN,NaN,NaN,NaN,NaN,NaN
1683594000,0.65333295,0.65999962,0.64666629,0.64999962,1563600.90688853,NaN,NaN,NaN,NaN,NaN,NaN,NaN
1683680400,0.65333295,0.65999962,0.64999962,0.65333295,1099650.63779737,NaN,NaN,NaN,NaN,NaN,NaN,NaN
1683766800,0.65333295,0.65666629,0.65333295,0.65333295,354450.20558112,NaN,NaN,NaN,NaN,NaN,NaN,NaN
1683853200,0.65333295,0.65333295,0.64999962,0.65333295,907800.52652431,NaN,NaN,NaN,NaN,NaN,NaN,NaN
1684112400,0.65666629,0.65666629,0.64999962,0.65333295,2920651.69397798,NaN,NaN,NaN,NaN,NaN,NaN,NaN
1684198800,0.65333295,0.65666629,0.65333295,0.65333295,359700.20862612,NaN,NaN,NaN,NaN,NaN,NaN,NaN
1684285200,0.65333295,0.65666629,0.65333295,0.65666629,170400.09883206,NaN,NaN,NaN,NaN,NaN,NaN,NaN
1684371600,0.65333295,0.65333295,0.64999962,0.65333295,856800.49694429,NaN,NaN,NaN,NaN,NaN,NaN,NaN
1684458000,0.65333295,0.65333295,0.6366663,0.63999963,1652850.95865356,NaN,NaN,NaN,NaN,NaN,NaN,NaN
1684717200,0.64333296,0.64666629,0.63999963,0.63999963,544500.31581018,NaN,NaN,NaN,NaN,NaN,NaN,NaN
1684803600,0.64333296,0.64666629,0.6366663,0.6366663,1550400.89923252,NaN,NaN,NaN,NaN,NaN,NaN,NaN
1684890000,0.63999963,0.64333296,0.63999963,0.64333296,153900.08926205,NaN,NaN,NaN,NaN,NaN,NaN,NaN
1684976400,0.64333296,0.64333296,0.63999963,0.64333296,178200.10335606,NaN,NaN,NaN,NaN,NaN,NaN,NaN
1685062800,0.64333296,0.64999962,0.63999963,0.64666629,1474650.8552975,NaN,NaN,NaN,NaN,NaN,NaN,NaN
1685322000,0.65333295,0.65666629,0.64666629,0.64999962,2670751.5490359,NaN,NaN,NaN,NaN,NaN,NaN,NaN
1685408400,0.64999962,0.65666629,0.64999962,0.64999962,1534950.89027152,NaN,NaN,NaN,NaN,NaN,NaN,NaN
1685494800,0.65333295,0.66333295,0.64999962,0.65666629,1505550.87321951,NaN,NaN,NaN,NaN,NaN,NaN,NaN
1685581200,0.65666629,0.65999962,0.65666629,0.65666629,618000.35844021,NaN,NaN,NaN,NaN,NaN,NaN,NaN
1685667600,0.65999962,0.65999962,0.65333295,0.65333295,603300.3499142,NaN,NaN,NaN,NaN,NaN,NaN,NaN
1686013200,0.65333295,0.66333295,0.65333295,0.65999962,176850.10257306,NaN,NaN,NaN,NaN,NaN,NaN,NaN
1686099600,0.65999962,0.65999962,0.65666629,0.65666629,505650.29327717,NaN,NaN,NaN,NaN,NaN,NaN,NaN
1686186000,0.65999962,0.66333295,0.65999962,0.65999962,769050.44604926,NaN,NaN,NaN,NaN,NaN,NaN,NaN
1686272400,0.65999962,0.67333294,0.65666629,0.66333295,843600.48928828,NaN,NaN,NaN,NaN,NaN,NaN,NaN
1686531600,0.67333294,0.67333294,0.65999962,0.66666628,373500.21663013,NaN,NaN,NaN,NaN,NaN,NaN,NaN
1686618000,0.66666628,0.67333294,0.65999962,0.65999962,397200.23037613,NaN,NaN,NaN,NaN,NaN,NaN,NaN
1686704400,0.66333295,0.66666628,0.65999962,0.65999962,1131150.65606738,NaN,NaN,NaN,NaN,NaN,NaN,NaN
1686790800,0.66333295,0.67999961,0.65999962,0.67999961,435300.25247415,NaN,NaN,NaN,NaN,NaN,NaN,NaN
1686877200,0.67333294,0.68666627,0.66666628,0.68666627,1972501.14405066,NaN,NaN,NaN,NaN,NaN,NaN,NaN
1687136400,0.67999961,0.68666627,0.67333294,0.67999961,684150.39680723,NaN,NaN,NaN,NaN,NaN,NaN,NaN
1687222800,0.68666627,0.72666625,0.68666627,0.70666626,3260251.8909461,NaN,NaN,NaN,NaN,NaN,NaN,NaN
1687309200,0.69999959,0.73999957,0.69999959,0.71999958,3376651.95845814,NaN,NaN,NaN,NaN,NaN,NaN,NaN
1687395600,0.71999958,0.71999958,0.71333292,0.71999958,671400.38941223,NaN,NaN,NaN,NaN,NaN,NaN,NaN
1687482000,0.70666626,0.72666625,0.70666626,0.71999958,1079400.62605236,NaN,NaN,NaN,NaN,NaN,NaN,NaN
1687741200,0.72666625,0.77333288,0.72666625,0.72666625,8240104.77926077,NaN,NaN,NaN,NaN,NaN,NaN,NaN
1687827600,0.73333291,0.7533329,0.71333292,0.71999958,4128152.39432839,NaN,NaN,NaN,NaN,NaN,NaN,NaN
1687914000,0.71999958,0.72666625,0.70666626,0.71333292,954900.55384232,NaN,NaN,NaN,NaN,NaN,NaN,NaN
1688086800,0.71333292,0.71999958,0.69333293,0.70666626,2887951.67501197,3093154453.4220004,9915874000,3915370000,70358000,403496000,5927883000,6.6042419808962
1688346000,0.70666626,0.71999958,0.69333293,0.69999959,986850.57237333,NaN,NaN,NaN,NaN,NaN,NaN,NaN
1688432400,0.69999959,0.71999958,0.69999959,0.71333292,2208001.28064074,NaN,NaN,NaN,NaN,NaN,NaN,NaN
1688518800,0.71999958,0.73999957,0.71333292,0.71999958,3639302.11079522,NaN,NaN,NaN,NaN,NaN,NaN,NaN
1688605200,0.72666625,0.72666625,0.71333292,0.71999958,2150851.24749372,NaN,NaN,NaN,NaN,NaN,NaN,NaN
1688691600,0.71333292,0.71999958,0.71333292,0.71999958,980550.56871933,NaN,NaN,NaN,NaN,NaN,NaN,NaN
1688950800,0.71999958,0.72666625,0.69999959,0.71333292,2889151.67570797,NaN,NaN,NaN,NaN,NaN,NaN,NaN
1689037200,0.71333292,0.71333292,0.70666626,0.70666626,743700.43134625,NaN,NaN,NaN,NaN,NaN,NaN,NaN
1689123600,0.70666626,0.71999958,0.69999959,0.69999959,3643802.11340523,NaN,NaN,NaN,NaN,NaN,NaN,NaN
1689210000,0.71333292,0.71333292,0.69999959,0.71333292,1162350.67416339,NaN,NaN,NaN,NaN,NaN,NaN,NaN
1689296400,0.71333292,0.72666625,0.71333292,0.71333292,4751252.7557266,NaN,NaN,NaN,NaN,NaN,NaN,NaN
1689555600,0.71333292,0.71999958,0.70666626,0.70666626,3660152.12288823,NaN,NaN,NaN,NaN,NaN,NaN,NaN
1689642000,0.71333292,0.71999958,0.71333292,0.71999958,2381101.3810388,NaN,NaN,NaN,NaN,NaN,NaN,NaN
1689814800,0.71999958,0.72666625,0.71333292,0.71333292,5729403.32305393,NaN,NaN,NaN,NaN,NaN,NaN,NaN
1689901200,0.71333292,0.71999958,0.71333292,0.71333292,3460052.00683016,NaN,NaN,NaN,NaN,NaN,NaN,NaN
1690160400,0.71999958,0.73999957,0.71333292,0.73333291,6223053.60937109,NaN,NaN,NaN,NaN,NaN,NaN,NaN
1690246800,0.73999957,0.74666623,0.73333291,0.73999957,6289653.64799912,NaN,NaN,NaN,NaN,NaN,NaN,NaN
1690333200,0.74666623,0.75999956,0.73999957,0.73999957,11409906.61774584,NaN,NaN,NaN,NaN,NaN,NaN,NaN
1690419600,0.73999957,0.74666623,0.72666625,0.72666625,1867201.08297663,NaN,NaN,NaN,NaN,NaN,NaN,NaN
1690506000,0.72666625,0.73999957,0.72666625,0.73999957,1257000.72906042,NaN,NaN,NaN,NaN,NaN,NaN,NaN
1690765200,0.74666623,0.7533329,0.73333291,0.73333291,1308750.75907544,NaN,NaN,NaN,NaN,NaN,NaN,NaN
1690851600,0.73333291,0.73999957,0.72666625,0.72666625,1304550.75663944,NaN,NaN,NaN,NaN,NaN,NaN,NaN
1690938000,0.72666625,0.73333291,0.72666625,0.73333291,1673700.97074656,NaN,NaN,NaN,NaN,NaN,NaN,NaN
1691024400,0.72666625,0.74666623,0.72666625,0.73999957,3702752.14759625,NaN,NaN,NaN,NaN,NaN,NaN,NaN
1691110800,0.73999957,0.77333288,0.73999957,0.77333288,4561052.64541053,NaN,NaN,NaN,NaN,NaN,NaN,NaN
1691370000,0.77333288,0.78666621,0.7533329,0.7533329,4290002.48820144,NaN,NaN,NaN,NaN,NaN,NaN,NaN
1691456400,0.75999956,0.76666622,0.7533329,0.75999956,1189050.6896494,NaN,NaN,NaN,NaN,NaN,NaN,NaN
1691542800,0.76666622,0.77333288,0.75999956,0.75999956,1449000.84042049,NaN,NaN,NaN,NaN,NaN,NaN,NaN
1691629200,0.75999956,0.76666622,0.7533329,0.75999956,3982802.31002534,NaN,NaN,NaN,NaN,NaN,NaN,NaN
1691715600,0.75999956,0.77333288,0.7533329,0.76666622,2568901.48996286,NaN,NaN,NaN,NaN,NaN,NaN,NaN
1691974800,0.77333288,0.77999955,0.75999956,0.75999956,2128351.23444372,NaN,NaN,NaN,NaN,NaN,NaN,NaN
1692061200,0.76666622,0.78666621,0.76666622,0.77999955,5774853.34941494,NaN,NaN,NaN,NaN,NaN,NaN,NaN
1692147600,0.77999955,0.81999952,0.77999955,0.81333286,8945555.18842201,NaN,NaN,NaN,NaN,NaN,NaN,NaN
1692234000,0.81333286,0.83333285,0.79999954,0.81333286,6179703.58422808,NaN,NaN,NaN,NaN,NaN,NaN,NaN
1692320400,0.8066662,0.82666619,0.79999954,0.81333286,9045905.24662504,NaN,NaN,NaN,NaN,NaN,NaN,NaN
1692579600,0.81333286,0.83333285,0.8066662,0.81333286,4492202.60547751,NaN,NaN,NaN,NaN,NaN,NaN,NaN
1692666000,0.81999952,0.81999952,0.8066662,0.8066662,2740501.58949092,NaN,NaN,NaN,NaN,NaN,NaN,NaN
1692752400,0.81999952,0.81999952,0.8066662,0.81333286,2391601.3871288,NaN,NaN,NaN,NaN,NaN,NaN,NaN
1692838800,0.81333286,0.81999952,0.79999954,0.8066662,1541550.89409952,NaN,NaN,NaN,NaN,NaN,NaN,NaN
1692925200,0.8066662,0.81999952,0.8066662,0.81333286,2736451.58714192,NaN,NaN,NaN,NaN,NaN,NaN,NaN
1693184400,0.81999952,0.84666618,0.81999952,0.83999951,4814852.79261462,NaN,NaN,NaN,NaN,NaN,NaN,NaN
1693270800,0.83999951,0.86666616,0.81999952,0.83999951,10670406.18883559,NaN,NaN,NaN,NaN,NaN,NaN,NaN
1693357200,0.83333285,0.83333285,0.81333286,0.81999952,5694603.30286992,NaN,NaN,NaN,NaN,NaN,NaN,NaN
1693530000,0.81999952,0.83999951,0.8066662,0.81333286,5760303.34097594,NaN,NaN,NaN,NaN,NaN,NaN,NaN
1693789200,0.81999952,0.81999952,0.78666621,0.81333286,9773105.66840129,NaN,NaN,NaN,NaN,NaN,NaN,NaN
1693875600,0.8066662,0.81999952,0.79999954,0.8066662,3981302.30915534,NaN,NaN,NaN,NaN,NaN,NaN,NaN
1693962000,0.8066662,0.83333285,0.8066662,0.83333285,2555551.48221986,NaN,NaN,NaN,NaN,NaN,NaN,NaN
1694048400,0.82666619,0.83999951,0.81999952,0.83333285,2785801.61576494,NaN,NaN,NaN,NaN,NaN,NaN,NaN
1694134800,0.83333285,0.83999951,0.82666619,0.83333285,1819951.05557161,NaN,NaN,NaN,NaN,NaN,NaN,NaN
1694394000,0.83999951,0.83999951,0.81333286,0.81333286,2369551.3743398,NaN,NaN,NaN,NaN,NaN,NaN,NaN
1694480400,0.81999952,0.83333285,0.81333286,0.81999952,2907901.68658298,NaN,NaN,NaN,NaN,NaN,NaN,NaN
1694566800,0.81999952,0.83333285,0.81333286,0.82666619,3005551.74322001,NaN,NaN,NaN,NaN,NaN,NaN,NaN
1694653200,0.8066662,0.81999952,0.79999954,0.8066662,2008051.16466968,NaN,NaN,NaN,NaN,NaN,NaN,NaN
1694739600,0.81333286,0.83999951,0.79999954,0.83999951,7774654.50929961,NaN,NaN,NaN,NaN,NaN,NaN,NaN
1694998800,0.83999951,0.84666618,0.81999952,0.82666619,2070751.2010357,NaN,NaN,NaN,NaN,NaN,NaN,NaN
1695085200,0.83333285,0.83999951,0.82666619,0.83333285,1282500.74385043,NaN,NaN,NaN,NaN,NaN,NaN,NaN
1695171600,0.83333285,0.84666618,0.83333285,0.83333285,1844251.06966562,NaN,NaN,NaN,NaN,NaN,NaN,NaN
1695258000,0.83333285,0.84666618,0.82666619,0.83999951,1410900.81832247,NaN,NaN,NaN,NaN,NaN,NaN,NaN
1695344400,0.83333285,0.83999951,0.81999952,0.83333285,1832551.06287962,NaN,NaN,NaN,NaN,NaN,NaN,NaN
1695603600,0.83333285,0.84666618,0.83333285,0.83333285,1018650.59081734,NaN,NaN,NaN,NaN,NaN,NaN,NaN
1695690000,0.83333285,0.83999951,0.81999952,0.82666619,1120950.65015138,NaN,NaN,NaN,NaN,NaN,NaN,NaN
1695776400,0.81999952,0.82666619,0.81333286,0.81333286,1684500.97701057,NaN,NaN,NaN,NaN,NaN,NaN,NaN
1695949200,0.81333286,0.82666619,0.81333286,0.81333286,1929901.11934265,3093154453.4220004,10168949000,4071386000,92814000,439908000,6024133000,5.73811188504101
1696208400,0.81999952,0.83333285,0.79999954,0.81333286,3386401.96411314,NaN,NaN,NaN,NaN,NaN,NaN,NaN
1696294800,0.79999954,0.81333286,0.79333287,0.79999954,2631601.52632889,NaN,NaN,NaN,NaN,NaN,NaN,NaN
1696381200,0.79999954,0.8066662,0.77999955,0.78666621,1895401.09933264,NaN,NaN,NaN,NaN,NaN,NaN,NaN
1696467600,0.78666621,0.8066662,0.77999955,0.79333287,4036202.34099736,NaN,NaN,NaN,NaN,NaN,NaN,NaN
1696554000,0.79333287,0.79333287,0.78666621,0.79333287,599250.3475652,NaN,NaN,NaN,NaN,NaN,NaN,NaN
1696813200,0.79333287,0.79999954,0.77999955,0.78666621,1890751.09663564,NaN,NaN,NaN,NaN,NaN,NaN,NaN
1696899600,0.77999955,0.79333287,0.76666622,0.78666621,3025801.75496502,NaN,NaN,NaN,NaN,NaN,NaN,NaN
1696986000,0.78666621,0.79999954,0.78666621,0.79999954,979050.56784933,NaN,NaN,NaN,NaN,NaN,NaN,NaN
1697072400,0.79999954,0.8066662,0.79333287,0.79999954,1307700.75846644,NaN,NaN,NaN,NaN,NaN,NaN,NaN
1697158800,0.79999954,0.81999952,0.79999954,0.81333286,1928251.11838565,NaN,NaN,NaN,NaN,NaN,NaN,NaN
1697418000,0.81333286,0.81999952,0.79333287,0.79999954,3241201.87989709,NaN,NaN,NaN,NaN,NaN,NaN,NaN
1697504400,0.79999954,0.8066662,0.78666621,0.79999954,2262301.31213476,NaN,NaN,NaN,NaN,NaN,NaN,NaN
1697590800,0.79999954,0.79999954,0.78666621,0.79333287,2094751.2149557,NaN,NaN,NaN,NaN,NaN,NaN,NaN
1697677200,0.79333287,0.79999954,0.77333288,0.77333288,3683402.13637324,NaN,NaN,NaN,NaN,NaN,NaN,NaN
1697763600,0.77333288,0.77999955,0.76666622,0.77333288,2181751.26541573,NaN,NaN,NaN,NaN,NaN,NaN,NaN
1698022800,0.77333288,0.77999955,0.75999956,0.77999955,4688702.71944758,NaN,NaN,NaN,NaN,NaN,NaN,NaN
1698109200,0.77999955,0.78666621,0.77333288,0.77999955,1184400.6869524,NaN,NaN,NaN,NaN,NaN,NaN,NaN
1698195600,0.79333287,0.79333287,0.77999955,0.79333287,649500.37671022,NaN,NaN,NaN,NaN,NaN,NaN,NaN
1698282000,0.78666621,0.79999954,0.77999955,0.78666621,920850.53409331,NaN,NaN,NaN,NaN,NaN,NaN,NaN
1698368400,0.78666621,0.8066662,0.77999955,0.79999954,2330551.35171978,NaN,NaN,NaN,NaN,NaN,NaN,NaN
1698627600,0.79333287,0.8066662,0.78666621,0.79333287,1357200.78717646,NaN,NaN,NaN,NaN,NaN,NaN,NaN
1698714000,0.79333287,0.79999954,0.78666621,0.78666621,1097100.63631837,NaN,NaN,NaN,NaN,NaN,NaN,NaN
1698800400,0.77999955,0.78666621,0.75999956,0.77999955,3501752.03101618,NaN,NaN,NaN,NaN,NaN,NaN,NaN
1698886800,0.77333288,0.79333287,0.77333288,0.79333287,1052550.61047935,NaN,NaN,NaN,NaN,NaN,NaN,NaN
1698973200,0.78666621,0.79333287,0.77999955,0.78666621,500400.29023217,NaN,NaN,NaN,NaN,NaN,NaN,NaN
1699232400,0.79333287,0.79333287,0.77999955,0.78666621,944550.54783932,NaN,NaN,NaN,NaN,NaN,NaN,NaN
1699318800,0.78666621,0.79333287,0.78666621,0.78666621,394200.22863613,NaN,NaN,NaN,NaN,NaN,NaN,NaN
1699405200,0.78666621,0.79999954,0.78666621,0.78666621,722400.41899224,NaN,NaN,NaN,NaN,NaN,NaN,NaN
1699491600,0.78666621,0.79999954,0.78666621,0.79333287,716550.41559924,NaN,NaN,NaN,NaN,NaN,NaN,NaN
1699578000,0.78666621,0.79999954,0.78666621,0.79333287,1275900.74002243,NaN,NaN,NaN,NaN,NaN,NaN,NaN
1699923600,0.79333287,0.79999954,0.78666621,0.79333287,803400.46597227,NaN,NaN,NaN,NaN,NaN,NaN,NaN
1700010000,0.79999954,0.81333286,0.79333287,0.8066662,1139250.66076538,NaN,NaN,NaN,NaN,NaN,NaN,NaN
1700096400,0.8066662,0.81333286,0.79333287,0.79999954,1360350.78900346,NaN,NaN,NaN,NaN,NaN,NaN,NaN
1700182800,0.79999954,0.81333286,0.79999954,0.81333286,1046250.60682535,NaN,NaN,NaN,NaN,NaN,NaN,NaN
1700442000,0.81333286,0.82666619,0.8066662,0.82666619,910950.52835131,NaN,NaN,NaN,NaN,NaN,NaN,NaN
1700528400,0.82666619,0.83333285,0.81333286,0.82666619,1587450.92072153,NaN,NaN,NaN,NaN,NaN,NaN,NaN
1700614800,0.82666619,0.82666619,0.81333286,0.81999952,757350.43926325,NaN,NaN,NaN,NaN,NaN,NaN,NaN
1700701200,0.81999952,0.82666619,0.81333286,0.81999952,699750.40585524,NaN,NaN,NaN,NaN,NaN,NaN,NaN
1700787600,0.81333286,0.81999952,0.8066662,0.81999952,690750.40063523,NaN,NaN,NaN,NaN,NaN,NaN,NaN
1701046800,0.81999952,0.82666619,0.79999954,0.81333286,2851651.65395796,NaN,NaN,NaN,NaN,NaN,NaN,NaN
1701133200,0.81999952,0.82666619,0.81333286,0.81999952,816750.47371527,NaN,NaN,NaN,NaN,NaN,NaN,NaN
1701219600,0.81999952,0.82666619,0.81333286,0.82666619,577950.33521119,NaN,NaN,NaN,NaN,NaN,NaN,NaN
1701306000,0.82666619,0.82666619,0.8066662,0.8066662,1096950.63623137,NaN,NaN,NaN,NaN,NaN,NaN,NaN
1701392400,0.81333286,0.81333286,0.8066662,0.8066662,1168650.67781739,NaN,NaN,NaN,NaN,NaN,NaN,NaN
1701651600,0.8066662,0.81999952,0.8066662,0.8066662,974550.56523933,NaN,NaN,NaN,NaN,NaN,NaN,NaN
1701738000,0.8066662,0.81999952,0.8066662,0.81333286,712800.41342424,NaN,NaN,NaN,NaN,NaN,NaN,NaN
1701824400,0.81333286,0.81999952,0.8066662,0.81333286,245850.14259308,NaN,NaN,NaN,NaN,NaN,NaN,NaN
1701910800,0.81999952,0.81999952,0.81333286,0.81999952,383250.22228513,NaN,NaN,NaN,NaN,NaN,NaN,NaN
1701997200,0.81333286,0.81999952,0.81333286,0.81333286,486300.28205416,NaN,NaN,NaN,NaN,NaN,NaN,NaN
1702256400,0.81333286,0.82666619,0.81333286,0.81999952,922500.53505031,NaN,NaN,NaN,NaN,NaN,NaN,NaN
1702342800,0.81999952,0.81999952,0.81333286,0.81333286,957000.55506032,NaN,NaN,NaN,NaN,NaN,NaN,NaN
1702429200,0.81333286,0.81999952,0.8066662,0.8066662,2363851.3710338,NaN,NaN,NaN,NaN,NaN,NaN,NaN
1702515600,0.81333286,0.82666619,0.8066662,0.82666619,1613550.93585954,NaN,NaN,NaN,NaN,NaN,NaN,NaN
1702602000,0.82666619,0.82666619,0.81333286,0.81333286,2127151.23374772,NaN,NaN,NaN,NaN,NaN,NaN,NaN
1702861200,0.81333286,0.81999952,0.81333286,0.81333286,534300.30989418,NaN,NaN,NaN,NaN,NaN,NaN,NaN
1702947600,0.81333286,0.82666619,0.81333286,0.81999952,1710000.99180058,NaN,NaN,NaN,NaN,NaN,NaN,NaN
1703034000,0.81999952,0.82666619,0.81333286,0.81333286,1507950.87461151,NaN,NaN,NaN,NaN,NaN,NaN,NaN
1703120400,0.81333286,0.81999952,0.81333286,0.81333286,337650.19583711,NaN,NaN,NaN,NaN,NaN,NaN,NaN
1703206800,0.81333286,0.81999952,0.81333286,0.81333286,824850.47841328,NaN,NaN,NaN,NaN,NaN,NaN,NaN
1703552400,0.81999952,0.83999951,0.81999952,0.82666619,1974901.14544266,NaN,NaN,NaN,NaN,NaN,NaN,NaN
1703638800,0.81999952,0.82666619,0.81999952,0.82666619,707850.41055324,NaN,NaN,NaN,NaN,NaN,NaN,NaN
1703725200,0.82666619,0.83333285,0.82666619,0.83333285,1281000.74298043,NaN,NaN,NaN,NaN,NaN,NaN,NaN
1703811600,0.83333285,0.83999951,0.82666619,0.82666619,1865401.08193263,3093154453.4220004,10435189000,4239785000,94482000,431209000,6120806000,5.64556169334675
1704157200,0.82666619,0.8599995,0.82666619,0.85333284,4414502.56041149,NaN,NaN,NaN,NaN,NaN,NaN,NaN
1704243600,0.8599995,0.87999949,0.85333284,0.87333283,6138753.56047707,NaN,NaN,NaN,NaN,NaN,NaN,NaN
1704330000,0.86666616,0.90666614,0.86666616,0.89999948,5455953.16445284,NaN,NaN,NaN,NaN,NaN,NaN,NaN
1704416400,0.89999948,0.93333279,0.89999948,0.91999947,3960002.29680133,NaN,NaN,NaN,NaN,NaN,NaN,NaN
1704675600,0.93333279,0.93999945,0.91999947,0.92666613,3778652.19161827,NaN,NaN,NaN,NaN,NaN,NaN,NaN
1704762000,0.92666613,0.97999943,0.92666613,0.96666611,7078504.10553238,NaN,NaN,NaN,NaN,NaN,NaN,NaN
1704848400,0.96666611,0.97333277,0.93999945,0.94666612,2604901.51084288,NaN,NaN,NaN,NaN,NaN,NaN,NaN
1704934800,0.95333278,0.96666611,0.91999947,0.93333279,3415501.98099115,NaN,NaN,NaN,NaN,NaN,NaN,NaN
1705021200,0.93999945,0.97333277,0.92666613,0.93999945,6720153.89768926,NaN,NaN,NaN,NaN,NaN,NaN,NaN
1705280400,0.93999945,0.97333277,0.93999945,0.96666611,4603202.66985755,NaN,NaN,NaN,NaN,NaN,NaN,NaN
1705366800,0.96666611,0.99333276,0.95999944,0.97333277,5074652.94329871,NaN,NaN,NaN,NaN,NaN,NaN,NaN
1705453200,0.97333277,0.98666609,0.95999944,0.97333277,3138451.82030206,NaN,NaN,NaN,NaN,NaN,NaN,NaN
1705539600,0.97333277,0.98666609,0.94666612,0.95999944,3822452.21702229,NaN,NaN,NaN,NaN,NaN,NaN,NaN
1705626000,0.95999944,0.98666609,0.95999944,0.98666609,3850052.2330303,NaN,NaN,NaN,NaN,NaN,NaN,NaN
1705885200,0.99333276,1.01999941,0.97999943,0.98666609,5635053.2683309,NaN,NaN,NaN,NaN,NaN,NaN,NaN
1705971600,0.99999942,1.01333275,0.99333276,0.99333276,3692102.14141924,NaN,NaN,NaN,NaN,NaN,NaN,NaN
1706058000,0.99999942,1.02666607,0.99999942,1.02666607,4722752.73919659,NaN,NaN,NaN,NaN,NaN,NaN,NaN
1706230800,1.01999941,1.03333273,1.00666608,1.03333273,3524252.04406619,NaN,NaN,NaN,NaN,NaN,NaN,NaN
1706490000,1.03333273,1.03333273,1.00666608,1.01999941,1993051.15596967,NaN,NaN,NaN,NaN,NaN,NaN,NaN
1706576400,1.02666607,1.03333273,0.99333276,1.03333273,5685303.29747591,NaN,NaN,NaN,NaN,NaN,NaN,NaN
1706662800,1.03333273,1.03333273,1.01333275,1.01333275,1938901.12456265,NaN,NaN,NaN,NaN,NaN,NaN,NaN
1706835600,1.01333275,1.01333275,0.99999942,0.99999942,2792551.61967994,NaN,NaN,NaN,NaN,NaN,NaN,NaN
1707094800,1.00666608,1.01333275,0.98666609,0.98666609,1611900.93490254,NaN,NaN,NaN,NaN,NaN,NaN,NaN
1707181200,0.98666609,0.99999942,0.97999943,0.99999942,1265100.73375843,NaN,NaN,NaN,NaN,NaN,NaN,NaN
1707267600,0.99999942,0.99999942,0.98666609,0.98666609,419250.24316514,NaN,NaN,NaN,NaN,NaN,NaN,NaN
1707354000,0.98666609,0.99999942,0.98666609,0.99999942,1578750.91567553,NaN,NaN,NaN,NaN,NaN,NaN,NaN
1707440400,0.99999942,1.00666608,0.99333276,1.00666608,1014450.58838134,NaN,NaN,NaN,NaN,NaN,NaN,NaN
1707786000,1.00666608,1.00666608,0.99333276,0.99999942,1510200.87591651,NaN,NaN,NaN,NaN,NaN,NaN,NaN
1707872400,0.99999942,1.01333275,0.99333276,1.00666608,2247001.30326076,NaN,NaN,NaN,NaN,NaN,NaN,NaN
1707958800,1.01333275,1.03333273,1.01333275,1.01999941,3903602.26408931,NaN,NaN,NaN,NaN,NaN,NaN,NaN
1708045200,1.02666607,1.03333273,1.01333275,1.02666607,2576551.49439987,NaN,NaN,NaN,NaN,NaN,NaN,NaN
1708304400,1.02666607,1.03333273,1.00666608,1.01333275,3924002.27592132,NaN,NaN,NaN,NaN,NaN,NaN,NaN
1708390800,1.01333275,1.04666606,1.00666608,1.02666607,7852504.55445264,NaN,NaN,NaN,NaN,NaN,NaN,NaN
1708477200,1.02666607,1.02666607,1.01333275,1.01999941,1954801.13378466,NaN,NaN,NaN,NaN,NaN,NaN,NaN
1708563600,1.01999941,1.01999941,1.00666608,1.01999941,1812751.05139561,NaN,NaN,NaN,NaN,NaN,NaN,NaN
1708650000,1.01333275,1.01999941,1.00666608,1.01333275,1764901.02364259,NaN,NaN,NaN,NaN,NaN,NaN,NaN
1708909200,1.01333275,1.01999941,1.00666608,1.00666608,1849201.07253662,NaN,NaN,NaN,NaN,NaN,NaN,NaN
1708995600,1.00666608,1.00666608,0.95333278,0.96666611,8035804.6607667,NaN,NaN,NaN,NaN,NaN,NaN,NaN
1709082000,0.96666611,0.97333277,0.95999944,0.97333277,2783701.61454694,NaN,NaN,NaN,NaN,NaN,NaN,NaN
1709168400,0.97333277,0.97333277,0.93999945,0.93999945,4238552.45836043,NaN,NaN,NaN,NaN,NaN,NaN,NaN
1709254800,0.93999945,0.94666612,0.91999947,0.93333279,3088651.79141804,NaN,NaN,NaN,NaN,NaN,NaN,NaN
1709514000,0.93333279,0.94666612,0.93333279,0.94666612,622350.36096321,NaN,NaN,NaN,NaN,NaN,NaN,NaN
1709600400,0.94666612,0.94666612,0.93333279,0.94666612,1113750.64597537,NaN,NaN,NaN,NaN,NaN,NaN,NaN
1709686800,0.93999945,0.94666612,0.92666613,0.93999945,1512150.87704751,NaN,NaN,NaN,NaN,NaN,NaN,NaN
1709773200,0.93333279,0.95999944,0.92666613,0.95999944,1592550.92367954,NaN,NaN,NaN,NaN,NaN,NaN,NaN
1709859600,0.95999944,0.95999944,0.94666612,0.95333278,793200.46005627,NaN,NaN,NaN,NaN,NaN,NaN,NaN
1710118800,0.95333278,0.95333278,0.93333279,0.93999945,1390950.80675147,NaN,NaN,NaN,NaN,NaN,NaN,NaN
1710205200,0.94666612,0.94666612,0.93333279,0.93999945,719250.41716524,NaN,NaN,NaN,NaN,NaN,NaN,NaN
1710291600,0.93999945,0.95999944,0.93999945,0.95999944,1329150.77090745,NaN,NaN,NaN,NaN,NaN,NaN,NaN
1710378000,0.95999944,0.95999944,0.94666612,0.95333278,625350.36270321,NaN,NaN,NaN,NaN,NaN,NaN,NaN
1710464400,0.95333278,0.95999944,0.94666612,0.95999944,806100.46753827,NaN,NaN,NaN,NaN,NaN,NaN,NaN
1710723600,0.95999944,0.97999943,0.95333278,0.97333277,1768351.02564359,NaN,NaN,NaN,NaN,NaN,NaN,NaN
1710810000,0.97999943,0.99333276,0.96666611,0.97999943,2718451.57670191,NaN,NaN,NaN,NaN,NaN,NaN,NaN
1710896400,0.99333276,0.99333276,0.96666611,0.97999943,1474050.8549495,NaN,NaN,NaN,NaN,NaN,NaN,NaN
1710982800,0.97999943,0.99333276,0.97333277,0.99333276,1719450.99728158,NaN,NaN,NaN,NaN,NaN,NaN,NaN
1711069200,0.99333276,0.99999942,0.97333277,0.98666609,2166901.25680273,NaN,NaN,NaN,NaN,NaN,NaN,NaN
1711328400,0.98666609,0.99333276,0.97999943,0.98666609,1816351.05348361,NaN,NaN,NaN,NaN,NaN,NaN,NaN
1711414800,0.98666609,0.99999942,0.97999943,0.99333276,1481400.8592125,NaN,NaN,NaN,NaN,NaN,NaN,NaN
1711501200,0.99999942,0.99999942,0.97999943,0.97999943,3306751.91791611,NaN,NaN,NaN,NaN,NaN,NaN,NaN
1711674000,0.97999943,0.99333276,0.97333277,0.97999943,1830451.06166162,3093154453.4220004,10495508000,4180292999.9999995,85023000,374418000,6240667000,4.76224251683671
1711933200,0.97999943,0.98666609,0.97333277,0.97999943,728550.42255925,NaN,NaN,NaN,NaN,NaN,NaN,NaN
1712019600,0.97999943,0.98666609,0.96666611,0.97999943,3139801.82108506,NaN,NaN,NaN,NaN,NaN,NaN,NaN
1712106000,0.97999943,0.98666609,0.96666611,0.97999943,2057551.19337969,NaN,NaN,NaN,NaN,NaN,NaN,NaN
1712192400,0.97999943,0.99333276,0.97333277,0.98666609,1078800.62570436,NaN,NaN,NaN,NaN,NaN,NaN,NaN
1712278800,0.98666609,1.01999941,0.97999943,1.01333275,5192553.01168075,NaN,NaN,NaN,NaN,NaN,NaN,NaN
1712538000,1.01333275,1.01999941,1.00666608,1.00666608,2104051.22034971,NaN,NaN,NaN,NaN,NaN,NaN,NaN
1712624400,1.01999941,1.02666607,1.00666608,1.00666608,1996651.15805767,NaN,NaN,NaN,NaN,NaN,NaN,NaN
1712883600,1.01333275,1.02666607,1.00666608,1.01999941,1933801.12160465,NaN,NaN,NaN,NaN,NaN,NaN,NaN
1713142800,1.01333275,1.01333275,0.99333276,0.99999942,3065101.77775903,NaN,NaN,NaN,NaN,NaN,NaN,NaN
1713229200,0.99333276,0.99333276,0.96666611,0.97999943,4038302.34221536,NaN,NaN,NaN,NaN,NaN,NaN,NaN
1713315600,0.97999943,0.99333276,0.97333277,0.99333276,1380900.80092246,NaN,NaN,NaN,NaN,NaN,NaN,NaN
1713402000,0.99333276,0.99999942,0.98666609,0.99333276,453300.26291415,NaN,NaN,NaN,NaN,NaN,NaN,NaN
1713488400,0.99999942,0.99999942,0.97333277,0.98666609,1652700.95856656,NaN,NaN,NaN,NaN,NaN,NaN,NaN
1713747600,0.95333278,0.97333277,0.94666612,0.96666611,1480200.8585165,NaN,NaN,NaN,NaN,NaN,NaN,NaN
1713834000,0.96666611,0.96666611,0.94666612,0.95333278,2439301.41479482,NaN,NaN,NaN,NaN,NaN,NaN,NaN
1713920400,0.95999944,0.98666609,0.95999944,0.96666611,2157001.25106073,NaN,NaN,NaN,NaN,NaN,NaN,NaN
1714006800,0.96666611,0.97999943,0.95999944,0.96666611,1019250.59116534,NaN,NaN,NaN,NaN,NaN,NaN,NaN
1714093200,0.96666611,0.96666611,0.95333278,0.95999944,1007100.58411834,NaN,NaN,NaN,NaN,NaN,NaN,NaN
1714352400,0.96666611,0.98666609,0.96666611,0.97999943,1422750.82519548,NaN,NaN,NaN,NaN,NaN,NaN,NaN
1714438800,0.97999943,0.98666609,0.97333277,0.97333277,915300.53087431,NaN,NaN,NaN,NaN,NaN,NaN,NaN
1714611600,0.97333277,0.98666609,0.95999944,0.95999944,1217400.70609241,NaN,NaN,NaN,NaN,NaN,NaN,NaN
1714698000,0.96666611,0.97999943,0.95999944,0.95999944,1174950.6814714,NaN,NaN,NaN,NaN,NaN,NaN,NaN
1714957200,0.97333277,0.99333276,0.96666611,0.99333276,2094451.2147817,NaN,NaN,NaN,NaN,NaN,NaN,NaN
1715043600,0.99333276,1.01333275,0.99333276,1.00666608,3145501.82439106,NaN,NaN,NaN,NaN,NaN,NaN,NaN
1715130000,1.00666608,1.01333275,0.99999942,1.00666608,1308150.75872744,NaN,NaN,NaN,NaN,NaN,NaN,NaN
1715216400,1.01333275,1.01333275,0.99999942,1.00666608,1124250.65206538,NaN,NaN,NaN,NaN,NaN,NaN,NaN
1715302800,1.01333275,1.0399994,0.99999942,1.03333273,5033402.91937369,NaN,NaN,NaN,NaN,NaN,NaN,NaN
1715562000,1.02666607,1.07999937,1.02666607,1.07333271,5941653.446159,NaN,NaN,NaN,NaN,NaN,NaN,NaN
1715648400,1.07333271,1.08666604,1.05999939,1.07333271,3432151.99064815,NaN,NaN,NaN,NaN,NaN,NaN,NaN
1715734800,1.08666604,1.10666602,1.07999937,1.08666604,7357654.26743947,NaN,NaN,NaN,NaN,NaN,NaN,NaN
1715821200,1.0933327,1.11999935,1.07999937,1.11333269,4973102.88439967,NaN,NaN,NaN,NaN,NaN,NaN,NaN
1715907600,1.11333269,1.12666601,1.08666604,1.0933327,5817753.37429696,NaN,NaN,NaN,NaN,NaN,NaN,NaN
1716166800,1.09999936,1.12666601,1.09999936,1.11999935,3681302.13515524,NaN,NaN,NaN,NaN,NaN,NaN,NaN
1716253200,1.11999935,1.13333268,1.11333269,1.11999935,2513251.45768585,NaN,NaN,NaN,NaN,NaN,NaN,NaN
1716426000,1.11999935,1.13333268,1.11333269,1.13333268,4616552.67760055,NaN,NaN,NaN,NaN,NaN,NaN,NaN
1716512400,1.12666601,1.12666601,1.10666602,1.11999935,3129601.81516905,NaN,NaN,NaN,NaN,NaN,NaN,NaN
1716771600,1.11999935,1.146666,1.11333269,1.13333268,4026452.33534235,NaN,NaN,NaN,NaN,NaN,NaN,NaN
1716858000,1.13333268,1.13333268,1.08666604,1.09999936,4493852.60643451,NaN,NaN,NaN,NaN,NaN,NaN,NaN
1716944400,1.09999936,1.10666602,1.07333271,1.08666604,6129003.55482206,NaN,NaN,NaN,NaN,NaN,NaN,NaN
1717030800,1.0933327,1.11333269,1.07999937,1.10666602,5578953.23579288,NaN,NaN,NaN,NaN,NaN,NaN,NaN
1717117200,1.10666602,1.10666602,1.04666606,1.04666606,24321164.10627518,NaN,NaN,NaN,NaN,NaN,NaN,NaN
1717462800,1.05333272,1.05999939,1.0399994,1.05333272,3801602.20492928,NaN,NaN,NaN,NaN,NaN,NaN,NaN
1717549200,1.05333272,1.05999939,1.03333273,1.0399994,2409151.39730781,NaN,NaN,NaN,NaN,NaN,NaN,NaN
1717635600,1.04666606,1.05999939,1.04666606,1.05333272,2268451.31570176,NaN,NaN,NaN,NaN,NaN,NaN,NaN
1717722000,1.05999939,1.07333271,1.05333272,1.05999939,2523601.46368885,NaN,NaN,NaN,NaN,NaN,NaN,NaN
1717981200,1.05999939,1.07333271,1.05999939,1.06666605,1238400.71827242,NaN,NaN,NaN,NaN,NaN,NaN,NaN
1718067600,1.06666605,1.08666604,1.06666605,1.07333271,2528851.46673385,NaN,NaN,NaN,NaN,NaN,NaN,NaN
1718154000,1.07999937,1.08666604,1.04666606,1.05333272,3456452.00474216,NaN,NaN,NaN,NaN,NaN,NaN,NaN
1718240400,1.05999939,1.07333271,1.05333272,1.05999939,2156701.25088673,NaN,NaN,NaN,NaN,NaN,NaN,NaN
1718326800,1.06666605,1.07333271,1.05333272,1.05333272,1321650.76655744,NaN,NaN,NaN,NaN,NaN,NaN,NaN
1718672400,1.05333272,1.06666605,1.05333272,1.06666605,2950801.71146499,NaN,NaN,NaN,NaN,NaN,NaN,NaN
1718758800,1.06666605,1.07999937,1.05999939,1.06666605,2302351.33536377,NaN,NaN,NaN,NaN,NaN,NaN,NaN
1718845200,1.07999937,1.07999937,1.05333272,1.05333272,1369050.79404946,NaN,NaN,NaN,NaN,NaN,NaN,NaN
1718931600,1.05333272,1.06666605,1.05333272,1.05333272,1198200.6949564,NaN,NaN,NaN,NaN,NaN,NaN,NaN
1719190800,1.05333272,1.05333272,1.03333273,1.04666606,2174851.26141373,NaN,NaN,NaN,NaN,NaN,NaN,NaN
1719277200,1.0399994,1.04666606,1.03333273,1.03333273,2027251.17580568,NaN,NaN,NaN,NaN,NaN,NaN,NaN
1719363600,1.03333273,1.0399994,1.01999941,1.03333273,1062000.61596036,NaN,NaN,NaN,NaN,NaN,NaN,NaN
1719450000,1.03333273,1.03333273,1.01333275,1.01333275,1355850.78639346,NaN,NaN,NaN,NaN,NaN,NaN,NaN
1719536400,1.00666608,1.05999939,1.00666608,1.05999939,2059051.19424969,3093154453.4220004,10610005000,4240930999.9999995,72325000,375862000,6293496000,4.40282798726413
1719795600,1.05999939,1.05999939,1.0399994,1.05333272,536400.31111218,NaN,NaN,NaN,NaN,NaN,NaN,NaN
1719882000,1.05333272,1.05333272,1.0399994,1.04666606,521850.30267318,NaN,NaN,NaN,NaN,NaN,NaN,NaN
1719968400,1.04666606,1.06666605,1.04666606,1.06666605,982200.56967633,NaN,NaN,NaN,NaN,NaN,NaN,NaN
1720054800,1.06666605,1.06666605,1.05333272,1.05999939,213450.12380107,NaN,NaN,NaN,NaN,NaN,NaN,NaN
1720141200,1.05999939,1.07333271,1.05333272,1.07333271,796950.46223127,NaN,NaN,NaN,NaN,NaN,NaN,NaN
1720486800,1.07333271,1.07333271,1.04666606,1.05999939,706800.40994424,NaN,NaN,NaN,NaN,NaN,NaN,NaN
1720573200,1.05999939,1.05999939,1.0399994,1.04666606,974550.56523933,NaN,NaN,NaN,NaN,NaN,NaN,NaN
1720659600,1.05333272,1.06666605,1.04666606,1.04666606,1598550.92715954,NaN,NaN,NaN,NaN,NaN,NaN,NaN
1720746000,1.05333272,1.07333271,1.05333272,1.05999939,580050.3364292,NaN,NaN,NaN,NaN,NaN,NaN,NaN
1721005200,1.06666605,1.07999937,1.05999939,1.07333271,1725901.00102258,NaN,NaN,NaN,NaN,NaN,NaN,NaN
1721091600,1.07333271,1.07333271,1.05333272,1.05999939,1117950.64841138,NaN,NaN,NaN,NaN,NaN,NaN,NaN
1721178000,1.05333272,1.06666605,1.05333272,1.05999939,759000.44022026,NaN,NaN,NaN,NaN,NaN,NaN,NaN
1721264400,1.05333272,1.06666605,1.05333272,1.06666605,710550.41211924,NaN,NaN,NaN,NaN,NaN,NaN,NaN
1721350800,1.05999939,1.06666605,1.05999939,1.06666605,303750.1761751,NaN,NaN,NaN,NaN,NaN,NaN,NaN
1721610000,1.06666605,1.07333271,1.0399994,1.05333272,978600.56758833,NaN,NaN,NaN,NaN,NaN,NaN,NaN
1721696400,1.05333272,1.06666605,1.05333272,1.05999939,499800.28988417,NaN,NaN,NaN,NaN,NaN,NaN,NaN
1721782800,1.05999939,1.05999939,1.05333272,1.05333272,366150.21236712,NaN,NaN,NaN,NaN,NaN,NaN,NaN
1721869200,1.05333272,1.05333272,1.0399994,1.05333272,604500.3506102,NaN,NaN,NaN,NaN,NaN,NaN,NaN
1721955600,1.05333272,1.05333272,1.0399994,1.0399994,1092450.63362137,NaN,NaN,NaN,NaN,NaN,NaN,NaN
1722214800,1.04666606,1.05999939,1.04666606,1.04666606,344250.19966512,NaN,NaN,NaN,NaN,NaN,NaN,NaN
1722301200,1.05333272,1.05999939,1.04666606,1.04666606,826500.47937028,NaN,NaN,NaN,NaN,NaN,NaN,NaN
1722387600,1.05333272,1.05999939,1.04666606,1.05333272,809850.46971327,NaN,NaN,NaN,NaN,NaN,NaN,NaN
1722474000,1.05999939,1.06666605,1.05333272,1.05999939,471150.27326716,NaN,NaN,NaN,NaN,NaN,NaN,NaN
1722560400,1.05333272,1.05333272,1.0399994,1.04666606,1287900.74698243,NaN,NaN,NaN,NaN,NaN,NaN,NaN
1722819600,1.01999941,1.01999941,0.93999945,0.95333278,6287103.64652012,NaN,NaN,NaN,NaN,NaN,NaN,NaN
1722906000,0.93333279,0.98666609,0.92666613,0.97333277,4138202.40015739,NaN,NaN,NaN,NaN,NaN,NaN,NaN
1722992400,0.97999943,0.99999942,0.95333278,0.97999943,1965151.13978766,NaN,NaN,NaN,NaN,NaN,NaN,NaN
1723078800,0.97999943,0.99333276,0.97333277,0.99333276,1044600.60586835,NaN,NaN,NaN,NaN,NaN,NaN,NaN
1723165200,0.99999942,1.01333275,0.99333276,1.00666608,962400.55819232,NaN,NaN,NaN,NaN,NaN,NaN,NaN
1723424400,1.01333275,1.01999941,0.99999942,0.99999942,807450.46832127,NaN,NaN,NaN,NaN,NaN,NaN,NaN
1723510800,0.99999942,1.00666608,0.99333276,0.99999942,639900.37114222,NaN,NaN,NaN,NaN,NaN,NaN,NaN
1723597200,1.00666608,1.01999941,1.00666608,1.01999941,527550.30597918,NaN,NaN,NaN,NaN,NaN,NaN,NaN
1723683600,1.01999941,1.01999941,0.99999942,1.01333275,634500.36801021,NaN,NaN,NaN,NaN,NaN,NaN,NaN
1723770000,1.01333275,1.02666607,0.99999942,1.01999941,700050.40602924,NaN,NaN,NaN,NaN,NaN,NaN,NaN
1724029200,1.03333273,1.07333271,1.03333273,1.05999939,2426251.40722582,NaN,NaN,NaN,NaN,NaN,NaN,NaN
1724115600,1.06666605,1.07999937,1.04666606,1.05333272,2201401.27681274,NaN,NaN,NaN,NaN,NaN,NaN,NaN
1724202000,1.05333272,1.06666605,1.04666606,1.06666605,585600.3396482,NaN,NaN,NaN,NaN,NaN,NaN,NaN
1724288400,1.05999939,1.05999939,1.04666606,1.04666606,829800.48128428,NaN,NaN,NaN,NaN,NaN,NaN,NaN
1724374800,1.05333272,1.05333272,1.03333273,1.04666606,2145601.24444872,NaN,NaN,NaN,NaN,NaN,NaN,NaN
1724634000,1.04666606,1.05333272,1.0399994,1.05333272,540150.31328718,NaN,NaN,NaN,NaN,NaN,NaN,NaN
1724720400,1.05333272,1.07333271,1.0399994,1.04666606,2193601.27228874,NaN,NaN,NaN,NaN,NaN,NaN,NaN
1724806800,1.04666606,1.07333271,1.04666606,1.04666606,3142051.82239006,NaN,NaN,NaN,NaN,NaN,NaN,NaN
1724893200,1.05333272,1.05333272,1.01999941,1.02666607,2113051.22556971,NaN,NaN,NaN,NaN,NaN,NaN,NaN
1724979600,1.02666607,1.04666606,1.02666607,1.04666606,875550.50781929,NaN,NaN,NaN,NaN,NaN,NaN,NaN
1725238800,1.03333273,1.0399994,1.03333273,1.0399994,306750.1779151,NaN,NaN,NaN,NaN,NaN,NaN,NaN
1725325200,1.0399994,1.04666606,1.03333273,1.03333273,1047600.60760835,NaN,NaN,NaN,NaN,NaN,NaN,NaN
1725411600,1.02666607,1.0399994,1.02666607,1.0399994,546600.31702818,NaN,NaN,NaN,NaN,NaN,NaN,NaN
1725498000,1.0399994,1.0399994,1.01999941,1.01999941,997350.57846334,NaN,NaN,NaN,NaN,NaN,NaN,NaN
1725584400,1.01999941,1.01999941,1.00666608,1.01333275,728400.42247225,NaN,NaN,NaN,NaN,NaN,NaN,NaN
1725843600,1.01333275,1.0399994,1.00666608,1.0399994,1434300.83189448,NaN,NaN,NaN,NaN,NaN,NaN,NaN
1725930000,1.0399994,1.04666606,1.02666607,1.0399994,933750.54157531,NaN,NaN,NaN,NaN,NaN,NaN,NaN
1726016400,1.0399994,1.0399994,1.01333275,1.03333273,1301700.75498644,NaN,NaN,NaN,NaN,NaN,NaN,NaN
1726102800,1.02666607,1.03333273,1.01999941,1.03333273,516900.29980217,NaN,NaN,NaN,NaN,NaN,NaN,NaN
1726189200,1.03333273,1.05333272,1.02666607,1.05333272,978450.56750133,NaN,NaN,NaN,NaN,NaN,NaN,NaN
1726534800,1.05333272,1.06666605,1.04666606,1.06666605,1330800.77186445,NaN,NaN,NaN,NaN,NaN,NaN,NaN
1726621200,1.06666605,1.06666605,1.05333272,1.05999939,1383150.80222747,NaN,NaN,NaN,NaN,NaN,NaN,NaN
1726707600,1.05333272,1.05333272,1.0399994,1.04666606,1162050.67398939,NaN,NaN,NaN,NaN,NaN,NaN,NaN
1726794000,1.05333272,1.05999939,1.04666606,1.05333272,570150.33068719,NaN,NaN,NaN,NaN,NaN,NaN,NaN
1727053200,1.05999939,1.06666605,1.05333272,1.05333272,909150.52730731,NaN,NaN,NaN,NaN,NaN,NaN,NaN
1727139600,1.05999939,1.08666604,1.05999939,1.08666604,5463003.16854184,NaN,NaN,NaN,NaN,NaN,NaN,NaN
1727226000,1.08666604,1.08666604,1.05333272,1.06666605,1100550.63831937,NaN,NaN,NaN,NaN,NaN,NaN,NaN
1727312400,1.06666605,1.06666605,1.04666606,1.05999939,593250.3440852,NaN,NaN,NaN,NaN,NaN,NaN,NaN
1727398800,1.05999939,1.05999939,1.03333273,1.0399994,991500.57507033,NaN,NaN,NaN,NaN,NaN,NaN,NaN
1727658000,1.04666606,1.04666606,1.02666607,1.02666607,895500.5193903,3093154453.4220004,10708886000,4274380000,91788000,487985000,6362423000,4.5457769478896
1727744400,1.03333273,1.06666605,1.03333273,1.05999939,1166400.67651239,NaN,NaN,NaN,NaN,NaN,NaN,NaN
1727830800,1.05999939,1.05999939,1.0399994,1.04666606,618750.35887521,NaN,NaN,NaN,NaN,NaN,NaN,NaN
1727917200,1.04666606,1.05333272,1.03333273,1.05333272,440700.25560615,NaN,NaN,NaN,NaN,NaN,NaN,NaN
1728003600,1.04666606,1.05999939,1.0399994,1.05999939,556950.32303119,NaN,NaN,NaN,NaN,NaN,NaN,NaN
1728262800,1.05999939,1.05999939,1.03333273,1.03333273,912900.52948231,NaN,NaN,NaN,NaN,NaN,NaN,NaN
1728349200,1.03333273,1.05333272,1.03333273,1.05333272,528450.30650118,NaN,NaN,NaN,NaN,NaN,NaN,NaN
1728435600,1.04666606,1.04666606,1.0399994,1.0399994,238200.13815608,NaN,NaN,NaN,NaN,NaN,NaN,NaN
1728522000,1.04666606,1.05999939,1.0399994,1.05333272,758850.44013326,NaN,NaN,NaN,NaN,NaN,NaN,NaN
1728608400,1.05333272,1.05999939,1.04666606,1.04666606,567900.32938219,NaN,NaN,NaN,NaN,NaN,NaN,NaN
1728867600,1.04666606,1.05999939,1.04666606,1.05999939,854700.49572629,NaN,NaN,NaN,NaN,NaN,NaN,NaN
1728954000,1.05999939,1.08666604,1.04666606,1.08666604,3738302.16821526,NaN,NaN,NaN,NaN,NaN,NaN,NaN
1729040400,1.08666604,1.08666604,1.05999939,1.08666604,806100.46753827,NaN,NaN,NaN,NaN,NaN,NaN,NaN
1729126800,1.07999937,1.09999936,1.07333271,1.0933327,2355151.36598779,NaN,NaN,NaN,NaN,NaN,NaN,NaN
1729213200,1.0933327,1.10666602,1.0933327,1.09999936,1541550.89409952,NaN,NaN,NaN,NaN,NaN,NaN,NaN
1729472400,1.09999936,1.09999936,1.07999937,1.0933327,1135500.65859038,NaN,NaN,NaN,NaN,NaN,NaN,NaN
1729558800,1.08666604,1.08666604,1.07333271,1.07999937,738150.42812725,NaN,NaN,NaN,NaN,NaN,NaN,NaN
1729645200,1.07333271,1.09999936,1.07333271,1.0933327,1242900.72088242,NaN,NaN,NaN,NaN,NaN,NaN,NaN
1729731600,1.0933327,1.0933327,1.07333271,1.07999937,279000.16182009,NaN,NaN,NaN,NaN,NaN,NaN,NaN
1729818000,1.07333271,1.07333271,1.05999939,1.05999939,916200.53139631,NaN,NaN,NaN,NaN,NaN,NaN,NaN
1730077200,1.05333272,1.06666605,1.05333272,1.05999939,238200.13815608,NaN,NaN,NaN,NaN,NaN,NaN,NaN
1730163600,1.05999939,1.06666605,1.05333272,1.05333272,238500.13833008,NaN,NaN,NaN,NaN,NaN,NaN,NaN
1730250000,1.05333272,1.05333272,1.0399994,1.0399994,499650.28979717,NaN,NaN,NaN,NaN,NaN,NaN,NaN
1730422800,1.0399994,1.05333272,1.0399994,1.05333272,277950.16121109,NaN,NaN,NaN,NaN,NaN,NaN,NaN
1730682000,1.05333272,1.05333272,1.0399994,1.04666606,382350.22176313,NaN,NaN,NaN,NaN,NaN,NaN,NaN
1730768400,1.04666606,1.05333272,1.0399994,1.04666606,622650.36113721,NaN,NaN,NaN,NaN,NaN,NaN,NaN
1730854800,1.04666606,1.06666605,1.0399994,1.05333272,1779601.0321686,NaN,NaN,NaN,NaN,NaN,NaN,NaN
1730941200,1.04666606,1.05999939,1.04666606,1.05999939,437250.25360515,NaN,NaN,NaN,NaN,NaN,NaN,NaN
1731027600,1.05999939,1.05999939,1.04666606,1.05333272,361350.20958312,NaN,NaN,NaN,NaN,NaN,NaN,NaN
1731286800,1.05999939,1.06666605,1.05333272,1.05999939,935100.54235831,NaN,NaN,NaN,NaN,NaN,NaN,NaN
1731373200,1.05999939,1.05999939,1.05333272,1.05333272,224700.13032608,NaN,NaN,NaN,NaN,NaN,NaN,NaN
1731459600,1.05333272,1.05999939,1.0399994,1.05333272,886350.5140833,NaN,NaN,NaN,NaN,NaN,NaN,NaN
1731546000,1.05333272,1.05999939,1.0399994,1.0399994,303300.1759141,NaN,NaN,NaN,NaN,NaN,NaN,NaN
1731632400,1.0399994,1.05333272,1.0399994,1.04666606,560100.32485819,NaN,NaN,NaN,NaN,NaN,NaN,NaN
1731891600,1.04666606,1.05333272,1.0399994,1.04666606,499650.28979717,NaN,NaN,NaN,NaN,NaN,NaN,NaN
1731978000,1.04666606,1.05999939,1.04666606,1.05333272,704700.40872624,NaN,NaN,NaN,NaN,NaN,NaN,NaN
1732064400,1.05333272,1.05999939,1.04666606,1.05333272,183300.10631406,NaN,NaN,NaN,NaN,NaN,NaN,NaN
1732150800,1.04666606,1.05333272,1.04666606,1.04666606,453150.26282715,NaN,NaN,NaN,NaN,NaN,NaN,NaN
1732237200,1.04666606,1.05999939,1.04666606,1.05333272,244050.14154908,NaN,NaN,NaN,NaN,NaN,NaN,NaN
1732496400,1.05333272,1.06666605,1.04666606,1.06666605,1003350.58194334,NaN,NaN,NaN,NaN,NaN,NaN,NaN
1732582800,1.05999939,1.07333271,1.05999939,1.07333271,395400.22933213,NaN,NaN,NaN,NaN,NaN,NaN,NaN
1732669200,1.07333271,1.07333271,1.05999939,1.07333271,412050.23898914,NaN,NaN,NaN,NaN,NaN,NaN,NaN
1732755600,1.06666605,1.07999937,1.06666605,1.07333271,486750.28231516,NaN,NaN,NaN,NaN,NaN,NaN,NaN
1732842000,1.06666605,1.0933327,1.05999939,1.07999937,1157400.67129239,NaN,NaN,NaN,NaN,NaN,NaN,NaN
1733101200,1.07999937,1.08666604,1.07333271,1.07999937,602850.3496532,NaN,NaN,NaN,NaN,NaN,NaN,NaN
1733187600,1.07999937,1.0933327,1.07999937,1.0933327,2164651.25549773,NaN,NaN,NaN,NaN,NaN,NaN,NaN
1733274000,1.0933327,1.09999936,1.0933327,1.09999936,1196400.6939124,NaN,NaN,NaN,NaN,NaN,NaN,NaN
1733360400,1.09999936,1.09999936,1.08666604,1.0933327,545250.31624518,NaN,NaN,NaN,NaN,NaN,NaN,NaN
1733446800,1.0933327,1.09999936,1.08666604,1.09999936,574050.33294919,NaN,NaN,NaN,NaN,NaN,NaN,NaN
1733706000,1.09999936,1.13999934,1.09999936,1.11333269,3171001.83918107,NaN,NaN,NaN,NaN,NaN,NaN,NaN
1733792400,1.11333269,1.12666601,1.11333269,1.12666601,364800.21158412,NaN,NaN,NaN,NaN,NaN,NaN,NaN
1733878800,1.12666601,1.13333268,1.11333269,1.12666601,1708350.99084357,NaN,NaN,NaN,NaN,NaN,NaN,NaN
1733965200,1.12666601,1.13333268,1.11999935,1.13333268,765000.44370026,NaN,NaN,NaN,NaN,NaN,NaN,NaN
1734051600,1.13333268,1.15999933,1.12666601,1.15999933,2341201.35789679,NaN,NaN,NaN,NaN,NaN,NaN,NaN
1734310800,1.15999933,1.21999929,1.15999933,1.21333263,5050802.9294657,NaN,NaN,NaN,NaN,NaN,NaN,NaN
1734397200,1.21333263,1.21333263,1.17333265,1.17333265,1095900.63562237,NaN,NaN,NaN,NaN,NaN,NaN,NaN
1734483600,1.17333265,1.18666598,1.15333266,1.15999933,1079850.62631336,NaN,NaN,NaN,NaN,NaN,NaN,NaN
1734570000,1.15333266,1.16666599,1.13999934,1.15999933,1067700.61926636,NaN,NaN,NaN,NaN,NaN,NaN,NaN
1734656400,1.16666599,1.17999932,1.13999934,1.15999933,1980001.14840067,NaN,NaN,NaN,NaN,NaN,NaN,NaN
1734915600,1.15333266,1.15999933,1.146666,1.15999933,436050.25290915,NaN,NaN,NaN,NaN,NaN,NaN,NaN
1735002000,1.15999933,1.15999933,1.146666,1.15999933,340200.19731611,NaN,NaN,NaN,NaN,NaN,NaN,NaN
1735174800,1.15999933,1.18666598,1.15999933,1.18666598,968700.56184633,NaN,NaN,NaN,NaN,NaN,NaN,NaN
1735261200,1.18666598,1.18666598,1.16666599,1.17999932,417750.24229514,NaN,NaN,NaN,NaN,NaN,NaN,NaN
1735520400,1.17999932,1.1999993,1.17333265,1.1999993,1670400.96883256,NaN,NaN,NaN,NaN,NaN,NaN,NaN
1735606800,1.19333264,1.19333264,1.17333265,1.18666598,444600.25786815,3093154453.4220004,11413904000,4912369000,90815000,450900000,6428731000,4.49409887654493
1735779600,1.18666598,1.19333264,1.15999933,1.16666599,505200.29301617,NaN,NaN,NaN,NaN,NaN,NaN,NaN
1735866000,1.16666599,1.17999932,1.16666599,1.17999932,1110150.64388737,NaN,NaN,NaN,NaN,NaN,NaN,NaN
1736125200,1.17999932,1.1999993,1.17999932,1.1999993,2085451.2095617,NaN,NaN,NaN,NaN,NaN,NaN,NaN
1736211600,1.1999993,1.21333263,1.17333265,1.17333265,1874701.08732663,NaN,NaN,NaN,NaN,NaN,NaN,NaN
1736298000,1.17999932,1.18666598,1.16666599,1.17333265,1096800.63614437,NaN,NaN,NaN,NaN,NaN,NaN,NaN
1736384400,1.17333265,1.17333265,1.146666,1.146666,1621200.94029655,NaN,NaN,NaN,NaN,NaN,NaN,NaN
1736470800,1.146666,1.16666599,1.13999934,1.146666,1649250.95656555,NaN,NaN,NaN,NaN,NaN,NaN,NaN
1736730000,1.146666,1.15333266,1.10666602,1.12666601,2009551.16553968,NaN,NaN,NaN,NaN,NaN,NaN,NaN
1736816400,1.12666601,1.146666,1.12666601,1.13333268,883350.5123433,NaN,NaN,NaN,NaN,NaN,NaN,NaN
1736902800,1.12666601,1.13333268,1.09999936,1.11333269,1809301.04939461,NaN,NaN,NaN,NaN,NaN,NaN,NaN
1736989200,1.11999935,1.11999935,1.09999936,1.11333269,835950.48485128,NaN,NaN,NaN,NaN,NaN,NaN,NaN
1737075600,1.11333269,1.12666601,1.0933327,1.12666601,1093800.63440437,NaN,NaN,NaN,NaN,NaN,NaN,NaN
1737334800,1.11999935,1.13333268,1.11999935,1.12666601,397350.23046313,NaN,NaN,NaN,NaN,NaN,NaN,NaN
1737421200,1.12666601,1.146666,1.12666601,1.13999934,267900.15538209,NaN,NaN,NaN,NaN,NaN,NaN,NaN
1737507600,1.13999934,1.146666,1.12666601,1.12666601,274350.15912309,NaN,NaN,NaN,NaN,NaN,NaN,NaN
1737594000,1.12666601,1.13999934,1.11999935,1.11999935,582900.3380822,NaN,NaN,NaN,NaN,NaN,NaN,NaN
1737680400,1.12666601,1.13333268,1.10666602,1.13333268,828000.48024028,NaN,NaN,NaN,NaN,NaN,NaN,NaN
1737939600,1.12666601,1.12666601,1.11333269,1.12666601,565650.32807719,NaN,NaN,NaN,NaN,NaN,NaN,NaN
1738026000,1.12666601,1.12666601,1.10666602,1.11333269,882750.5119953,NaN,NaN,NaN,NaN,NaN,NaN,NaN
1738285200,1.11999935,1.13333268,1.10666602,1.10666602,617550.35817921,NaN,NaN,NaN,NaN,NaN,NaN,NaN
1738544400,1.10666602,1.12666601,1.10666602,1.11333269,430800.24986414,NaN,NaN,NaN,NaN,NaN,NaN,NaN
1738630800,1.11999935,1.12666601,1.11999935,1.12666601,194100.11257807,NaN,NaN,NaN,NaN,NaN,NaN,NaN
1738717200,1.13333268,1.15999933,1.13333268,1.15999933,1395750.80953547,NaN,NaN,NaN,NaN,NaN,NaN,NaN
1738803600,1.15999933,1.19333264,1.15333266,1.19333264,2338801.35650479,NaN,NaN,NaN,NaN,NaN,NaN,NaN
1738890000,1.19333264,1.19333264,1.17333265,1.17999932,800700.46440627,NaN,NaN,NaN,NaN,NaN,NaN,NaN
1739149200,1.17999932,1.19333264,1.17333265,1.18666598,659850.38271322,NaN,NaN,NaN,NaN,NaN,NaN,NaN
1739322000,1.17999932,1.18666598,1.15333266,1.15999933,2047651.18763769,NaN,NaN,NaN,NaN,NaN,NaN,NaN
1739408400,1.15999933,1.17333265,1.15333266,1.16666599,499500.28971017,NaN,NaN,NaN,NaN,NaN,NaN,NaN
1739494800,1.16666599,1.17333265,1.146666,1.15333266,1494600.8668685,NaN,NaN,NaN,NaN,NaN,NaN,NaN
1739754000,1.15333266,1.15999933,1.12666601,1.13333268,1956751.13491566,NaN,NaN,NaN,NaN,NaN,NaN,NaN
1739840400,1.13333268,1.15333266,1.13333268,1.13999934,1686450.97814157,NaN,NaN,NaN,NaN,NaN,NaN,NaN
1739926800,1.13333268,1.15333266,1.12666601,1.13999934,1381800.80144446,NaN,NaN,NaN,NaN,NaN,NaN,NaN
1740013200,1.13999934,1.15999933,1.13333268,1.146666,988650.57341733,NaN,NaN,NaN,NaN,NaN,NaN,NaN
1740099600,1.15333266,1.17999932,1.15333266,1.17999932,1409250.81736547,NaN,NaN,NaN,NaN,NaN,NaN,NaN
1740358800,1.16666599,1.17333265,1.146666,1.17333265,1609950.93377154,NaN,NaN,NaN,NaN,NaN,NaN,NaN
1740445200,1.17333265,1.19333264,1.15333266,1.15333266,2396551.38999981,NaN,NaN,NaN,NaN,NaN,NaN,NaN
1740531600,1.15333266,1.17333265,1.13999934,1.17333265,1122300.65093438,NaN,NaN,NaN,NaN,NaN,NaN,NaN
1740618000,1.17333265,1.22666596,1.15999933,1.20666597,6316803.66374612,NaN,NaN,NaN,NaN,NaN,NaN,NaN
1740704400,1.21999929,1.26666593,1.21999929,1.26666593,12331507.15227415,NaN,NaN,NaN,NaN,NaN,NaN,NaN
1740963600,1.26666593,1.26666593,1.23333262,1.23999928,2227201.29177675,NaN,NaN,NaN,NaN,NaN,NaN,NaN
1741050000,1.23333262,1.23333262,1.19333264,1.21333263,2681401.5552129,NaN,NaN,NaN,NaN,NaN,NaN,NaN
1741136400,1.1999993,1.21999929,1.19333264,1.21333263,2266501.31457076,NaN,NaN,NaN,NaN,NaN,NaN,NaN
1741222800,1.21333263,1.22666596,1.1999993,1.1999993,1147350.66546339,NaN,NaN,NaN,NaN,NaN,NaN,NaN
1741309200,1.1999993,1.23999928,1.1999993,1.21333263,2405701.39530681,NaN,NaN,NaN,NaN,NaN,NaN,NaN
1741568400,1.20666597,1.21999929,1.18666598,1.18666598,1548000.89784052,NaN,NaN,NaN,NaN,NaN,NaN,NaN
1741654800,1.17333265,1.17333265,1.146666,1.17333265,3558002.0636412,NaN,NaN,NaN,NaN,NaN,NaN,NaN
1741741200,1.16666599,1.17333265,1.12666601,1.13333268,1892851.09785364,NaN,NaN,NaN,NaN,NaN,NaN,NaN
1741827600,1.13999934,1.16666599,1.13999934,1.16666599,900600.5223483,NaN,NaN,NaN,NaN,NaN,NaN,NaN
1741914000,1.15999933,1.16666599,1.146666,1.15999933,812700.47136627,NaN,NaN,NaN,NaN,NaN,NaN,NaN
1742173200,1.16666599,1.19333264,1.16666599,1.18666598,1226700.71148641,NaN,NaN,NaN,NaN,NaN,NaN,NaN
1742346000,1.17999932,1.18666598,1.16666599,1.17999932,382500.22185013,NaN,NaN,NaN,NaN,NaN,NaN,NaN
1742432400,1.18666598,1.19333264,1.17333265,1.18666598,695700.40350623,NaN,NaN,NaN,NaN,NaN,NaN,NaN
1742518800,1.18666598,1.19333264,1.17999932,1.19333264,507000.29406017,NaN,NaN,NaN,NaN,NaN,NaN,NaN
1742778000,1.19333264,1.19333264,1.17333265,1.19333264,814650.47249727,NaN,NaN,NaN,NaN,NaN,NaN,NaN
1742864400,1.19333264,1.20666597,1.18666598,1.20666597,1156200.67059639,NaN,NaN,NaN,NaN,NaN,NaN,NaN
1742950800,1.1999993,1.20666597,1.17999932,1.18666598,720900.41812224,NaN,NaN,NaN,NaN,NaN,NaN,NaN
1743037200,1.18666598,1.21333263,1.17999932,1.20666597,956400.55471232,NaN,NaN,NaN,NaN,NaN,NaN,NaN
1743123600,1.1999993,1.20666597,1.18666598,1.18666598,987450.57272133,3093154453.4220004,11814887000,5167940000,91223000,414155000,6573523000,4.49409887654493
1743555600,1.17333265,1.19333264,1.17333265,1.17333265,521850.30267318,NaN,NaN,NaN,NaN,NaN,NaN,NaN
1743642000,1.17333265,1.18666598,1.16666599,1.17999932,779850.45231326,NaN,NaN,NaN,NaN,NaN,NaN,NaN
1743728400,1.17333265,1.17333265,1.15999933,1.15999933,1806601.04782861,NaN,NaN,NaN,NaN,NaN,NaN,NaN
1743987600,1.12666601,1.12666601,1.05999939,1.06666605,5259753.05065677,NaN,NaN,NaN,NaN,NaN,NaN,NaN
1744074000,1.07333271,1.09999936,1.05999939,1.07999937,2574151.49300787,NaN,NaN,NaN,NaN,NaN,NaN,NaN
1744160400,1.06666605,1.06666605,1.01333275,1.02666607,3292501.90965111,NaN,NaN,NaN,NaN,NaN,NaN,NaN
1744246800,1.06666605,1.0933327,1.06666605,1.06666605,2441851.41627382,NaN,NaN,NaN,NaN,NaN,NaN,NaN
1744333200,1.03333273,1.07999937,1.03333273,1.07333271,624900.36244221,NaN,NaN,NaN,NaN,NaN,NaN,NaN
1744592400,1.08666604,1.09999936,1.07999937,1.0933327,1450500.84129049,NaN,NaN,NaN,NaN,NaN,NaN,NaN
1744678800,1.0933327,1.10666602,1.0933327,1.09999936,809400.46945227,NaN,NaN,NaN,NaN,NaN,NaN,NaN
1744765200,1.10666602,1.11333269,1.08666604,1.08666604,999150.57950734,NaN,NaN,NaN,NaN,NaN,NaN,NaN
1744851600,1.08666604,1.09999936,1.07999937,1.0933327,701850.40707324,NaN,NaN,NaN,NaN,NaN,NaN,NaN
1744938000,1.08666604,1.10666602,1.08666604,1.09999936,411900.23890214,NaN,NaN,NaN,NaN,NaN,NaN,NaN
1745197200,1.09999936,1.10666602,1.08666604,1.0933327,942900.54688232,NaN,NaN,NaN,NaN,NaN,NaN,NaN
1745283600,1.0933327,1.0933327,1.07999937,1.08666604,506400.29371217,NaN,NaN,NaN,NaN,NaN,NaN,NaN
1745370000,1.0933327,1.10666602,1.07999937,1.09999936,2556751.48291586,NaN,NaN,NaN,NaN,NaN,NaN,NaN
1745456400,1.09999936,1.11333269,1.09999936,1.10666602,601950.3491312,NaN,NaN,NaN,NaN,NaN,NaN,NaN
1745542800,1.11333269,1.13333268,1.11333269,1.12666601,963900.55906232,NaN,NaN,NaN,NaN,NaN,NaN,NaN
1745802000,1.11333269,1.13333268,1.11333269,1.11999935,592650.3437372,NaN,NaN,NaN,NaN,NaN,NaN,NaN
1745888400,1.13333268,1.13333268,1.11333269,1.12666601,363000.21054012,NaN,NaN,NaN,NaN,NaN,NaN,NaN
1745974800,1.12666601,1.13999934,1.11999935,1.13333268,1059000.61422036,NaN,NaN,NaN,NaN,NaN,NaN,NaN
1746147600,1.13333268,1.15333266,1.11999935,1.146666,1518600.88078851,NaN,NaN,NaN,NaN,NaN,NaN,NaN
1746406800,1.15333266,1.16666599,1.146666,1.15333266,503700.29214617,NaN,NaN,NaN,NaN,NaN,NaN,NaN
1746493200,1.146666,1.15333266,1.146666,1.146666,812400.47119227,NaN,NaN,NaN,NaN,NaN,NaN,NaN
1746579600,1.146666,1.15999933,1.146666,1.15333266,396150.22976713,NaN,NaN,NaN,NaN,NaN,NaN,NaN
1746666000,1.15999933,1.16666599,1.15333266,1.16666599,472050.27378916,NaN,NaN,NaN,NaN,NaN,NaN,NaN
1746752400,1.16666599,1.17333265,1.15999933,1.17333265,291750.1692151,NaN,NaN,NaN,NaN,NaN,NaN,NaN
1747098000,1.17999932,1.18666598,1.17333265,1.18666598,1204650.69869741,NaN,NaN,NaN,NaN,NaN,NaN,NaN
1747184400,1.18666598,1.20666597,1.17999932,1.1999993,1413150.81962748,NaN,NaN,NaN,NaN,NaN,NaN,NaN
1747270800,1.1999993,1.21333263,1.18666598,1.19333264,1920001.11360065,NaN,NaN,NaN,NaN,NaN,NaN,NaN
1747357200,1.1999993,1.21999929,1.18666598,1.1999993,2521051.46220985,NaN,NaN,NaN,NaN,NaN,NaN,NaN
1747616400,1.16666599,1.17999932,1.15333266,1.16666599,818250.47458528,NaN,NaN,NaN,NaN,NaN,NaN,NaN
1747702800,1.17333265,1.18666598,1.16666599,1.18666598,716100.41533824,NaN,NaN,NaN,NaN,NaN,NaN,NaN
1747789200,1.17333265,1.18666598,1.17333265,1.17999932,428400.24847214,NaN,NaN,NaN,NaN,NaN,NaN,NaN
1747875600,1.16666599,1.18666598,1.15999933,1.16666599,667650.38723722,NaN,NaN,NaN,NaN,NaN,NaN,NaN
1747962000,1.17333265,1.17999932,1.16666599,1.17333265,524850.30441318,NaN,NaN,NaN,NaN,NaN,NaN,NaN
1748221200,1.17333265,1.18666598,1.16666599,1.17999932,906150.5255673,NaN,NaN,NaN,NaN,NaN,NaN,NaN
1748307600,1.18666598,1.19333264,1.17999932,1.18666598,605850.3513932,NaN,NaN,NaN,NaN,NaN,NaN,NaN
1748394000,1.18666598,1.19333264,1.17333265,1.17999932,645000.37410022,NaN,NaN,NaN,NaN,NaN,NaN,NaN
1748480400,1.17333265,1.17333265,1.146666,1.16666599,804150.46640727,NaN,NaN,NaN,NaN,NaN,NaN,NaN
1748566800,1.16666599,1.16666599,1.15333266,1.15999933,1015200.58881634,NaN,NaN,NaN,NaN,NaN,NaN,NaN
1748912400,1.16666599,1.17333265,1.15999933,1.17333265,591750.3432152,NaN,NaN,NaN,NaN,NaN,NaN,NaN
1748998800,1.16666599,1.17999932,1.16666599,1.17333265,343800.19940412,NaN,NaN,NaN,NaN,NaN,NaN,NaN
1749085200,1.17333265,1.17333265,1.15999933,1.16666599,308400.1788721,NaN,NaN,NaN,NaN,NaN,NaN,NaN
1749171600,1.16666599,1.17333265,1.15999933,1.16666599,534600.31006818,NaN,NaN,NaN,NaN,NaN,NaN,NaN
1749430800,1.15999933,1.16666599,1.15333266,1.15999933,203250.11788507,NaN,NaN,NaN,NaN,NaN,NaN,NaN
1749517200,1.17999932,1.18666598,1.15999933,1.17999932,824700.47832628,NaN,NaN,NaN,NaN,NaN,NaN,NaN
1749603600,1.18666598,1.18666598,1.17333265,1.18666598,646950.37523122,NaN,NaN,NaN,NaN,NaN,NaN,NaN
1749690000,1.17999932,1.1999993,1.17999932,1.17999932,813000.47154027,NaN,NaN,NaN,NaN,NaN,NaN,NaN
1749776400,1.17999932,1.18666598,1.17333265,1.18666598,663750.38497522,NaN,NaN,NaN,NaN,NaN,NaN,NaN
1750035600,1.17999932,1.17999932,1.15333266,1.17333265,1199550.6957394,NaN,NaN,NaN,NaN,NaN,NaN,NaN
1750122000,1.17333265,1.17333265,1.15333266,1.15333266,1473600.8546885,NaN,NaN,NaN,NaN,NaN,NaN,NaN
1750208400,1.15333266,1.17333265,1.146666,1.146666,2419051.40304981,NaN,NaN,NaN,NaN,NaN,NaN,NaN
1750294800,1.15333266,1.15999933,1.13999934,1.146666,1378500.79953046,NaN,NaN,NaN,NaN,NaN,NaN,NaN
1750381200,1.12,1.16,1.12,1.16,1100100,NaN,NaN,NaN,NaN,NaN,NaN,NaN
1750640400,1.12,1.14,1.09,1.1,1515300,NaN,NaN,NaN,NaN,NaN,NaN,NaN
1750726800,1.11,1.16,1.11,1.15,1887400,NaN,NaN,NaN,NaN,NaN,NaN,NaN
1750813200,1.15,1.16,1.14,1.14,954100,NaN,NaN,NaN,NaN,NaN,NaN,NaN
1750899600,1.14,1.17,1.14,1.17,883900,NaN,NaN,NaN,NaN,NaN,NaN,NaN
1751245200,1.17,1.17,1.15,1.17,811000,3093153000,12180396000,5465278000,100169000,520544000,6641246000,4.98547008547009
1751331600,1.17,1.18,1.16,1.17,744900,NaN,NaN,NaN,NaN,NaN,NaN,NaN
1751418000,1.17,1.19,1.16,1.18,1220300,NaN,NaN,NaN,NaN,NaN,NaN,NaN
1751504400,1.19,1.22,1.19,1.21,2554800,NaN,NaN,NaN,NaN,NaN,NaN,NaN
1751590800,1.21,1.24,1.21,1.24,1480600,NaN,NaN,NaN,NaN,NaN,NaN,NaN
1751850000,1.24,1.24,1.21,1.23,1681200,NaN,NaN,NaN,NaN,NaN,NaN,NaN
1751936400,1.22,1.23,1.21,1.23,1570900,NaN,NaN,NaN,NaN,NaN,NaN,NaN
1752022800,1.23,1.27,1.23,1.26,2178800,NaN,NaN,NaN,NaN,NaN,NaN,NaN
1752109200,1.26,1.27,1.25,1.27,1245800,NaN,NaN,NaN,NaN,NaN,NaN,NaN
1752195600,1.27,1.27,1.26,1.26,277400,NaN,NaN,NaN,NaN,NaN,NaN,NaN
1752454800,1.27,1.28,1.24,1.26,1581400,NaN,NaN,NaN,NaN,NaN,NaN,NaN
1752541200,1.25,1.27,1.25,1.27,428800,NaN,NaN,NaN,NaN,NaN,NaN,NaN
1752627600,1.27,1.27,1.25,1.26,800300,NaN,NaN,NaN,NaN,NaN,NaN,NaN
1752714000,1.26,1.32,1.26,1.31,3142400,NaN,NaN,NaN,NaN,NaN,NaN,NaN
1752800400,1.32,1.36,1.32,1.33,4541500,NaN,NaN,NaN,NaN,NaN,NaN,NaN
1753059600,1.34,1.37,1.33,1.33,1404500,NaN,NaN,NaN,NaN,NaN,NaN,NaN
1753146000,1.34,1.34,1.29,1.31,1845800,NaN,NaN,NaN,NaN,NaN,NaN,NaN
1753232400,1.3,1.31,1.29,1.29,810300,NaN,NaN,NaN,NaN,NaN,NaN,NaN
1753318800,1.29,1.31,1.25,1.27,1991300,NaN,NaN,NaN,NaN,NaN,NaN,NaN
1753405200,1.28,1.28,1.25,1.26,952900,NaN,NaN,NaN,NaN,NaN,NaN,NaN
1753664400,1.28,1.29,1.26,1.27,434400,NaN,NaN,NaN,NaN,NaN,NaN,NaN
1753750800,1.27,1.29,1.27,1.29,784900,NaN,NaN,NaN,NaN,NaN,NaN,NaN
1753837200,1.3,1.34,1.3,1.34,1870600,NaN,NaN,NaN,NaN,NaN,NaN,NaN
1753923600,1.34,1.34,1.31,1.31,1616700,NaN,NaN,NaN,NaN,NaN,NaN,NaN
1754010000,1.31,1.34,1.31,1.32,1429100,NaN,NaN,NaN,NaN,NaN,NaN,NaN
1754269200,1.32,1.32,1.28,1.3,1185200,NaN,NaN,NaN,NaN,NaN,NaN,NaN
1754355600,1.3,1.31,1.29,1.29,995900,NaN,NaN,NaN,NaN,NaN,NaN,NaN
1754442000,1.29,1.29,1.27,1.28,1315100,NaN,NaN,NaN,NaN,NaN,NaN,NaN
1754528400,1.28,1.29,1.27,1.28,953700,NaN,NaN,NaN,NaN,NaN,NaN,NaN
1754614800,1.28,1.28,1.26,1.27,678300,NaN,NaN,NaN,NaN,NaN,NaN,NaN
1754874000,1.27,1.29,1.26,1.27,687800,NaN,NaN,NaN,NaN,NaN,NaN,NaN
1754960400,1.27,1.27,1.23,1.26,2065100,NaN,NaN,NaN,NaN,NaN,NaN,NaN
1755046800,1.26,1.28,1.26,1.28,984500,NaN,NaN,NaN,NaN,NaN,NaN,NaN
1755133200,1.27,1.29,1.27,1.28,899000,NaN,NaN,NaN,NaN,NaN,NaN,NaN
1755219600,1.28,1.29,1.26,1.27,899900,NaN,NaN,NaN,NaN,NaN,NaN,NaN
1755478800,1.27,1.28,1.26,1.28,484200,NaN,NaN,NaN,NaN,NaN,NaN,NaN
1755565200,1.28,1.3,1.27,1.28,525000,NaN,NaN,NaN,NaN,NaN,NaN,NaN
1755651600,1.28,1.28,1.27,1.28,353500,NaN,NaN,NaN,NaN,NaN,NaN,NaN
1755738000,1.27,1.29,1.27,1.27,870700,NaN,NaN,NaN,NaN,NaN,NaN,NaN
1755824400,1.27,1.28,1.26,1.27,1025400,NaN,NaN,NaN,NaN,NaN,NaN,NaN
1756083600,1.27,1.3,1.27,1.28,836000,NaN,NaN,NaN,NaN,NaN,NaN,NaN
1756170000,1.28,1.28,1.26,1.26,1193100,NaN,NaN,NaN,NaN,NaN,NaN,NaN
1756256400,1.27,1.29,1.27,1.28,514200,NaN,NaN,NaN,NaN,NaN,NaN,NaN
1756342800,1.28,1.31,1.28,1.29,4837900,NaN,NaN,NaN,NaN,NaN,NaN,NaN
1756429200,1.3,1.31,1.26,1.28,2838900,NaN,NaN,NaN,NaN,NaN,NaN,NaN
1756774800,1.29,1.29,1.27,1.28,987500,NaN,NaN,NaN,NaN,NaN,NaN,NaN
1756861200,1.29,1.34,1.28,1.32,3591200,NaN,NaN,NaN,NaN,NaN,NaN,NaN
1756947600,1.33,1.35,1.3,1.33,1753600,NaN,NaN,NaN,NaN,NaN,NaN,NaN
1757293200,1.33,1.33,1.31,1.32,761200,NaN,NaN,NaN,NaN,NaN,NaN,NaN
1757379600,1.32,1.33,1.31,1.31,1603000,NaN,NaN,NaN,NaN,NaN,NaN,NaN
1757466000,1.32,1.34,1.31,1.32,1555600,NaN,NaN,NaN,NaN,NaN,NaN,NaN
1757552400,1.33,1.33,1.3,1.31,1677800,NaN,NaN,NaN,NaN,NaN,NaN,NaN
1757638800,1.31,1.33,1.31,1.32,1074200,NaN,NaN,NaN,NaN,NaN,NaN,NaN
1758070800,1.33,1.33,1.31,1.31,1735100,NaN,NaN,NaN,NaN,NaN,NaN,NaN
1758157200,1.3,1.31,1.3,1.31,706500,NaN,NaN,NaN,NaN,NaN,NaN,NaN
1758243600,1.31,1.32,1.3,1.3,1149600,NaN,NaN,NaN,NaN,NaN,NaN,NaN
1758502800,1.31,1.34,1.31,1.32,1769000,NaN,NaN,NaN,NaN,NaN,NaN,NaN
1758589200,1.33,1.33,1.3,1.31,1042700,NaN,NaN,NaN,NaN,NaN,NaN,NaN
1758675600,1.32,1.33,1.31,1.33,3416400,NaN,NaN,NaN,NaN,NaN,NaN,NaN
1758762000,1.32,1.33,1.32,1.33,1052200,NaN,NaN,NaN,NaN,NaN,NaN,NaN
1758848400,1.33,1.33,1.32,1.32,1004000,NaN,NaN,NaN,NaN,NaN,NaN,NaN