time,open,high,low,close,Volume,Total common shares outstanding,Total assets,Total liabilities,Operating income,Total revenue,Shareholders&#039; equity,Dividend yield %
1479690000,1.68,1.69,1.64,1.65,950300,NaN,NaN,NaN,NaN,NaN,NaN,NaN
1479776400,1.65,1.68,1.63,1.68,2348500,NaN,NaN,NaN,NaN,NaN,NaN,NaN
1479862800,1.66,1.71,1.65,1.7,2960700,NaN,NaN,NaN,NaN,NaN,NaN,NaN
1479949200,1.7,1.7,1.66,1.67,120200,NaN,NaN,NaN,NaN,NaN,NaN,NaN
1480035600,1.69,1.7,1.67,1.69,1008500,NaN,NaN,NaN,NaN,NaN,NaN,NaN
1480294800,1.68,1.75,1.68,1.72,1833900,NaN,NaN,NaN,NaN,NaN,NaN,NaN
1480381200,1.7,1.7,1.7,1.7,3851200,NaN,NaN,NaN,NaN,NaN,NaN,NaN
1480467600,1.7,1.77,1.69,1.77,627100,NaN,NaN,NaN,NaN,NaN,NaN,NaN
1480554000,1.75,1.75,1.73,1.73,62700,NaN,NaN,NaN,NaN,NaN,NaN,NaN
1480640400,1.74,1.75,1.73,1.74,2896700,NaN,NaN,NaN,NaN,NaN,NaN,NaN
1480899600,1.74,1.75,1.72,1.73,2331600,NaN,NaN,NaN,NaN,NaN,NaN,NaN
1480986000,1.73,1.79,1.73,1.79,1891500,NaN,NaN,NaN,NaN,NaN,NaN,NaN
1481072400,1.77,1.8,1.77,1.77,1190300,NaN,NaN,NaN,NaN,NaN,NaN,NaN
1481158800,1.78,1.8,1.78,1.79,598200,NaN,NaN,NaN,NaN,NaN,NaN,NaN
1481245200,1.79,1.8,1.78,1.79,136300,NaN,NaN,NaN,NaN,NaN,NaN,NaN
1481590800,1.79,1.8,1.78,1.8,72700,NaN,NaN,NaN,NaN,NaN,NaN,NaN
1481677200,1.79,1.79,1.74,1.74,273200,NaN,NaN,NaN,NaN,NaN,NaN,NaN
1481763600,1.76,1.76,1.73,1.74,1169200,NaN,NaN,NaN,NaN,NaN,NaN,NaN
1481850000,1.74,1.76,1.73,1.76,561900,NaN,NaN,NaN,NaN,NaN,NaN,NaN
1482109200,1.75,1.75,1.73,1.74,73800,NaN,NaN,NaN,NaN,NaN,NaN,NaN
1482195600,1.74,1.75,1.73,1.74,1655400,NaN,NaN,NaN,NaN,NaN,NaN,NaN
1482282000,1.76,1.76,1.74,1.75,99300,NaN,NaN,NaN,NaN,NaN,NaN,NaN
1482368400,1.74,1.74,1.73,1.73,43600,NaN,NaN,NaN,NaN,NaN,NaN,NaN
1482454800,1.73,1.73,1.72,1.72,16700,NaN,NaN,NaN,NaN,NaN,NaN,NaN
1482800400,1.72,1.74,1.72,1.73,22100,NaN,NaN,NaN,NaN,NaN,NaN,NaN
1482886800,1.72,1.8,1.72,1.8,4102300,NaN,NaN,NaN,NaN,NaN,NaN,NaN
1482973200,1.79,1.8,1.75,1.77,738300,NaN,NaN,NaN,NaN,NaN,NaN,NaN
1483059600,1.78,1.9,1.77,1.9,1536400,NaN,NaN,NaN,NaN,NaN,NaN,NaN
1483405200,1.84,1.84,1.78,1.79,426300,NaN,NaN,NaN,NaN,NaN,NaN,NaN
1483491600,1.83,1.83,1.78,1.78,1027400,NaN,NaN,NaN,NaN,NaN,NaN,NaN
1483578000,1.78,1.78,1.77,1.78,1474200,NaN,NaN,NaN,NaN,NaN,NaN,NaN
1483664400,1.78,1.8,1.78,1.8,465800,NaN,NaN,NaN,NaN,NaN,NaN,NaN
1483923600,1.79,1.79,1.77,1.77,141900,NaN,NaN,NaN,NaN,NaN,NaN,NaN
1484010000,1.78,1.8,1.77,1.79,2094000,NaN,NaN,NaN,NaN,NaN,NaN,NaN
1484096400,1.79,1.82,1.78,1.82,753200,NaN,NaN,NaN,NaN,NaN,NaN,NaN
1484182800,1.81,1.82,1.8,1.82,165800,NaN,NaN,NaN,NaN,NaN,NaN,NaN
1484269200,1.82,1.82,1.79,1.82,111100,NaN,NaN,NaN,NaN,NaN,NaN,NaN
1484528400,1.8,1.82,1.8,1.82,6500,NaN,NaN,NaN,NaN,NaN,NaN,NaN
1484614800,1.8,1.82,1.8,1.82,100100,NaN,NaN,NaN,NaN,NaN,NaN,NaN
1484701200,1.8,1.82,1.8,1.81,75600,NaN,NaN,NaN,NaN,NaN,NaN,NaN
1484787600,1.81,1.83,1.81,1.82,1408800,NaN,NaN,NaN,NaN,NaN,NaN,NaN
1484874000,1.83,1.83,1.81,1.82,179600,NaN,NaN,NaN,NaN,NaN,NaN,NaN
1485133200,1.82,1.83,1.81,1.83,2923000,NaN,NaN,NaN,NaN,NaN,NaN,NaN
1485219600,1.84,1.88,1.83,1.88,2090000,NaN,NaN,NaN,NaN,NaN,NaN,NaN
1485306000,1.87,1.87,1.85,1.86,69900,NaN,NaN,NaN,NaN,NaN,NaN,NaN
1485392400,1.86,1.88,1.86,1.88,258600,NaN,NaN,NaN,NaN,NaN,NaN,NaN
1485478800,1.87,1.9,1.87,1.88,3063000,NaN,NaN,NaN,NaN,NaN,NaN,NaN
1485824400,1.88,1.95,1.88,1.93,6135000,NaN,NaN,NaN,NaN,NaN,NaN,NaN
1485997200,1.91,1.91,1.87,1.88,1072000,NaN,NaN,NaN,NaN,NaN,NaN,NaN
1486083600,1.86,1.86,1.83,1.86,1155100,NaN,NaN,NaN,NaN,NaN,NaN,NaN
1486342800,1.85,1.86,1.82,1.83,218200,NaN,NaN,NaN,NaN,NaN,NaN,NaN
1486429200,1.83,1.84,1.81,1.82,565200,NaN,NaN,NaN,NaN,NaN,NaN,NaN
1486515600,1.82,1.83,1.79,1.8,304800,NaN,NaN,NaN,NaN,NaN,NaN,NaN
1486688400,1.8,1.81,1.79,1.8,1406500,NaN,NaN,NaN,NaN,NaN,NaN,NaN
1486947600,1.8,1.82,1.78,1.79,598200,NaN,NaN,NaN,NaN,NaN,NaN,NaN
1487034000,1.8,1.8,1.78,1.79,158000,NaN,NaN,NaN,NaN,NaN,NaN,NaN
1487120400,1.78,1.79,1.75,1.77,686300,NaN,NaN,NaN,NaN,NaN,NaN,NaN
1487206800,1.77,1.78,1.76,1.77,564700,NaN,NaN,NaN,NaN,NaN,NaN,NaN
1487293200,1.77,1.81,1.75,1.75,1498000,NaN,NaN,NaN,NaN,NaN,NaN,NaN
1487552400,1.75,1.76,1.75,1.76,686700,NaN,NaN,NaN,NaN,NaN,NaN,NaN
1487638800,1.76,1.76,1.75,1.76,1175600,NaN,NaN,NaN,NaN,NaN,NaN,NaN
1487725200,1.76,1.79,1.76,1.78,492500,NaN,NaN,NaN,NaN,NaN,NaN,NaN
1487811600,1.79,1.79,1.74,1.74,1057000,NaN,NaN,NaN,NaN,NaN,NaN,NaN
1487898000,1.76,1.76,1.74,1.74,646300,NaN,NaN,NaN,NaN,NaN,NaN,NaN
1488157200,1.74,1.74,1.73,1.73,500200,NaN,NaN,NaN,NaN,NaN,NaN,NaN
1488243600,1.74,1.74,1.73,1.73,699600,NaN,NaN,NaN,NaN,NaN,NaN,NaN
1488330000,1.73,1.73,1.72,1.73,786900,NaN,NaN,NaN,NaN,NaN,NaN,NaN
1488416400,1.74,1.74,1.72,1.73,2567100,NaN,NaN,NaN,NaN,NaN,NaN,NaN
1488502800,1.73,1.74,1.72,1.74,1322000,NaN,NaN,NaN,NaN,NaN,NaN,NaN
1488762000,1.74,1.74,1.73,1.74,1104400,NaN,NaN,NaN,NaN,NaN,NaN,NaN
1488848400,1.74,1.76,1.74,1.75,1163300,NaN,NaN,NaN,NaN,NaN,NaN,NaN
1488934800,1.75,1.76,1.75,1.76,2994800,NaN,NaN,NaN,NaN,NaN,NaN,NaN
1489021200,1.77,1.77,1.75,1.76,1593300,NaN,NaN,NaN,NaN,NaN,NaN,NaN
1489107600,1.76,1.76,1.74,1.74,249800,NaN,NaN,NaN,NaN,NaN,NaN,NaN
1489366800,1.75,1.75,1.71,1.73,2797700,NaN,NaN,NaN,NaN,NaN,NaN,NaN
1489453200,1.72,1.73,1.71,1.71,2060300,NaN,NaN,NaN,NaN,NaN,NaN,NaN
1489539600,1.71,1.72,1.71,1.72,1441400,NaN,NaN,NaN,NaN,NaN,NaN,NaN
1489626000,1.72,1.74,1.72,1.74,173400,NaN,NaN,NaN,NaN,NaN,NaN,NaN
1489712400,1.74,1.76,1.72,1.76,4172700,NaN,NaN,NaN,NaN,NaN,NaN,NaN
1489971600,1.77,1.77,1.75,1.76,121400,NaN,NaN,NaN,NaN,NaN,NaN,NaN
1490058000,1.76,1.76,1.74,1.75,360900,NaN,NaN,NaN,NaN,NaN,NaN,NaN
1490144400,1.74,1.75,1.72,1.72,1127300,NaN,NaN,NaN,NaN,NaN,NaN,NaN
1490230800,1.73,1.76,1.73,1.76,275000,NaN,NaN,NaN,NaN,NaN,NaN,NaN
1490317200,1.76,1.76,1.73,1.73,414000,NaN,NaN,NaN,NaN,NaN,NaN,NaN
1490576400,1.75,1.75,1.74,1.75,212100,NaN,NaN,NaN,NaN,NaN,NaN,NaN
1490662800,1.74,1.76,1.73,1.74,688000,NaN,NaN,NaN,NaN,NaN,NaN,NaN
1490749200,1.73,1.75,1.72,1.73,1158400,NaN,NaN,NaN,NaN,NaN,NaN,NaN
1490835600,1.73,1.74,1.73,1.74,69300,NaN,NaN,NaN,NaN,NaN,NaN,NaN
1490922000,1.74,1.74,1.73,1.74,236400,NaN,NaN,NaN,NaN,NaN,NaN,NaN
1491181200,1.74,1.74,1.73,1.74,1234200,NaN,NaN,NaN,NaN,NaN,NaN,NaN
1491267600,1.73,1.74,1.72,1.73,826000,NaN,NaN,NaN,NaN,NaN,NaN,NaN
1491354000,1.73,1.74,1.73,1.74,849600,NaN,NaN,NaN,NaN,NaN,NaN,NaN
1491440400,1.73,1.74,1.73,1.73,377500,NaN,NaN,NaN,NaN,NaN,NaN,NaN
1491526800,1.73,1.74,1.73,1.74,279700,NaN,NaN,NaN,NaN,NaN,NaN,NaN
1491786000,1.74,1.74,1.73,1.74,55800,NaN,NaN,NaN,NaN,NaN,NaN,NaN
1491872400,1.73,1.74,1.72,1.74,764600,NaN,NaN,NaN,NaN,NaN,NaN,NaN
1491958800,1.74,1.75,1.73,1.75,715000,NaN,NaN,NaN,NaN,NaN,NaN,NaN
1492045200,1.73,1.74,1.73,1.74,855000,NaN,NaN,NaN,NaN,NaN,NaN,NaN
1492131600,1.73,1.75,1.73,1.75,24600,NaN,NaN,NaN,NaN,NaN,NaN,NaN
1492390800,1.75,1.75,1.74,1.74,2064900,NaN,NaN,NaN,NaN,NaN,NaN,NaN
1492477200,1.74,1.75,1.73,1.75,93800,NaN,NaN,NaN,NaN,NaN,NaN,NaN
1492563600,1.73,1.74,1.73,1.74,1033500,NaN,NaN,NaN,NaN,NaN,NaN,NaN
1492650000,1.74,1.74,1.74,1.74,201300,NaN,NaN,NaN,NaN,NaN,NaN,NaN
1492736400,1.74,1.75,1.73,1.73,170200,NaN,NaN,NaN,NaN,NaN,NaN,NaN
1493082000,1.74,1.74,1.73,1.74,1124000,NaN,NaN,NaN,NaN,NaN,NaN,NaN
1493168400,1.73,1.74,1.73,1.74,2256100,NaN,NaN,NaN,NaN,NaN,NaN,NaN
1493254800,1.74,1.75,1.74,1.75,35700,NaN,NaN,NaN,NaN,NaN,NaN,NaN
1493341200,1.74,1.75,1.73,1.74,149200,NaN,NaN,NaN,NaN,NaN,NaN,NaN
1493686800,1.74,1.76,1.73,1.74,1986100,NaN,NaN,NaN,NaN,NaN,NaN,NaN
1493773200,1.74,1.75,1.72,1.72,4124400,NaN,NaN,NaN,NaN,NaN,NaN,NaN
1493859600,1.72,1.73,1.72,1.72,3203500,NaN,NaN,NaN,NaN,NaN,NaN,NaN
1493946000,1.73,1.73,1.72,1.72,201000,NaN,NaN,NaN,NaN,NaN,NaN,NaN
1494205200,1.72,1.74,1.72,1.72,2456900,NaN,NaN,NaN,NaN,NaN,NaN,NaN
1494291600,1.73,1.74,1.72,1.74,7853200,NaN,NaN,NaN,NaN,NaN,NaN,NaN
1494464400,1.73,1.75,1.73,1.75,598300,NaN,NaN,NaN,NaN,NaN,NaN,NaN
1494550800,1.75,1.76,1.74,1.74,631200,NaN,NaN,NaN,NaN,NaN,NaN,NaN
1494810000,1.74,1.74,1.72,1.73,3219100,NaN,NaN,NaN,NaN,NaN,NaN,NaN
1494896400,1.74,1.74,1.73,1.74,6175100,NaN,NaN,NaN,NaN,NaN,NaN,NaN
1494982800,1.73,1.77,1.73,1.77,413300,NaN,NaN,NaN,NaN,NaN,NaN,NaN
1495069200,1.74,1.77,1.74,1.76,1961200,NaN,NaN,NaN,NaN,NaN,NaN,NaN
1495155600,1.75,1.77,1.75,1.76,1133900,NaN,NaN,NaN,NaN,NaN,NaN,NaN
1495414800,1.76,1.76,1.76,1.76,229000,NaN,NaN,NaN,NaN,NaN,NaN,NaN
1495501200,1.76,1.77,1.76,1.77,220100,NaN,NaN,NaN,NaN,NaN,NaN,NaN
1495587600,1.76,1.76,1.75,1.76,445300,NaN,NaN,NaN,NaN,NaN,NaN,NaN
1495674000,1.77,1.77,1.75,1.76,249000,NaN,NaN,NaN,NaN,NaN,NaN,NaN
1495760400,1.76,1.77,1.76,1.77,341800,NaN,NaN,NaN,NaN,NaN,NaN,NaN
1496019600,1.76,1.77,1.75,1.76,65600,NaN,NaN,NaN,NaN,NaN,NaN,NaN
1496106000,1.76,1.78,1.76,1.78,449400,NaN,NaN,NaN,NaN,NaN,NaN,NaN
1496192400,1.78,1.78,1.72,1.72,653100,NaN,NaN,NaN,NaN,NaN,NaN,NaN
1496278800,1.74,1.74,1.72,1.73,518300,NaN,NaN,NaN,NaN,NaN,NaN,NaN
1496365200,1.74,1.74,1.73,1.74,174500,NaN,NaN,NaN,NaN,NaN,NaN,NaN
1496624400,1.74,1.74,1.73,1.74,370900,NaN,NaN,NaN,NaN,NaN,NaN,NaN
1496710800,1.73,1.74,1.73,1.73,74300,NaN,NaN,NaN,NaN,NaN,NaN,NaN
1496797200,1.73,1.73,1.72,1.73,1181300,NaN,NaN,NaN,NaN,NaN,NaN,NaN
1496883600,1.73,1.74,1.73,1.74,649900,NaN,NaN,NaN,NaN,NaN,NaN,NaN
1496970000,1.73,1.73,1.71,1.71,2819800,NaN,NaN,NaN,NaN,NaN,NaN,NaN
1497315600,1.72,1.73,1.71,1.73,1435300,NaN,NaN,NaN,NaN,NaN,NaN,NaN
1497402000,1.73,1.74,1.73,1.74,1122600,NaN,NaN,NaN,NaN,NaN,NaN,NaN
1497488400,1.73,1.74,1.72,1.72,173300,NaN,NaN,NaN,NaN,NaN,NaN,NaN
1497574800,1.72,1.76,1.72,1.76,745400,NaN,NaN,NaN,NaN,NaN,NaN,NaN
1497834000,1.73,1.76,1.73,1.73,1351200,NaN,NaN,NaN,NaN,NaN,NaN,NaN
1497920400,1.74,1.74,1.73,1.73,11600,NaN,NaN,NaN,NaN,NaN,NaN,NaN
1498006800,1.74,1.74,1.73,1.74,90800,NaN,NaN,NaN,NaN,NaN,NaN,NaN
1498093200,1.74,1.74,1.73,1.73,286700,NaN,NaN,NaN,NaN,NaN,NaN,NaN
1498179600,1.74,1.74,1.74,1.74,2400,NaN,NaN,NaN,NaN,NaN,NaN,NaN
1498611600,1.75,1.75,1.73,1.74,558000,NaN,NaN,NaN,NaN,NaN,NaN,NaN
1498698000,1.74,1.75,1.73,1.75,1299900,NaN,NaN,NaN,NaN,NaN,NaN,NaN
1498784400,1.75,1.76,1.74,1.76,150100,NaN,NaN,NaN,NaN,NaN,NaN,NaN
1499043600,1.74,1.76,1.74,1.74,83400,NaN,NaN,NaN,NaN,NaN,NaN,NaN
1499130000,1.76,1.76,1.73,1.73,196700,NaN,NaN,NaN,NaN,NaN,NaN,NaN
1499216400,1.73,1.76,1.73,1.75,399400,NaN,NaN,NaN,NaN,NaN,NaN,NaN
1499302800,1.74,1.75,1.74,1.74,711300,NaN,NaN,NaN,NaN,NaN,NaN,NaN
1499389200,1.74,1.76,1.74,1.75,128900,NaN,NaN,NaN,NaN,NaN,NaN,NaN
1499648400,1.75,1.75,1.74,1.74,438800,NaN,NaN,NaN,NaN,NaN,NaN,NaN
1499734800,1.75,1.75,1.75,1.75,433700,NaN,NaN,NaN,NaN,NaN,NaN,NaN
1499821200,1.74,1.75,1.74,1.75,75300,NaN,NaN,NaN,NaN,NaN,NaN,NaN
1499907600,1.75,1.76,1.74,1.75,970700,NaN,NaN,NaN,NaN,NaN,NaN,NaN
1499994000,1.74,1.76,1.74,1.75,6200,NaN,NaN,NaN,NaN,NaN,NaN,NaN
1500253200,1.74,1.76,1.74,1.75,1080300,NaN,NaN,NaN,NaN,NaN,NaN,NaN
1500339600,1.74,1.76,1.74,1.75,927200,NaN,NaN,NaN,NaN,NaN,NaN,NaN
1500426000,1.74,1.75,1.74,1.75,635900,NaN,NaN,NaN,NaN,NaN,NaN,NaN
1500512400,1.74,1.75,1.74,1.75,940800,NaN,NaN,NaN,NaN,NaN,NaN,NaN
1500598800,1.75,1.75,1.73,1.73,771300,NaN,NaN,NaN,NaN,NaN,NaN,NaN
1500858000,1.74,1.75,1.74,1.75,141600,NaN,NaN,NaN,NaN,NaN,NaN,NaN
1500944400,1.74,1.75,1.74,1.74,287200,NaN,NaN,NaN,NaN,NaN,NaN,NaN
1501030800,1.75,1.75,1.74,1.75,485900,NaN,NaN,NaN,NaN,NaN,NaN,NaN
1501117200,1.75,1.75,1.75,1.75,70200,NaN,NaN,NaN,NaN,NaN,NaN,NaN
1501203600,1.75,1.76,1.74,1.75,100200,NaN,NaN,NaN,NaN,NaN,NaN,NaN
1501462800,1.75,1.75,1.73,1.75,324100,NaN,NaN,NaN,NaN,NaN,NaN,NaN
1501549200,1.75,1.75,1.74,1.75,107200,NaN,NaN,NaN,NaN,NaN,NaN,NaN
1501635600,1.75,1.75,1.74,1.75,194200,NaN,NaN,NaN,NaN,NaN,NaN,NaN
1501722000,1.75,1.75,1.74,1.74,194400,NaN,NaN,NaN,NaN,NaN,NaN,NaN
1501808400,1.74,1.75,1.73,1.75,222000,NaN,NaN,NaN,NaN,NaN,NaN,NaN
1502067600,1.75,1.75,1.74,1.74,190900,NaN,NaN,NaN,NaN,NaN,NaN,NaN
1502154000,1.71,1.73,1.71,1.72,3603600,NaN,NaN,NaN,NaN,NaN,NaN,NaN
1502240400,1.71,1.71,1.7,1.71,53700,NaN,NaN,NaN,NaN,NaN,NaN,NaN
1502326800,1.7,1.71,1.7,1.7,2138900,NaN,NaN,NaN,NaN,NaN,NaN,NaN
1502413200,1.7,1.71,1.7,1.71,1247900,NaN,NaN,NaN,NaN,NaN,NaN,NaN
1502672400,1.7,1.7,1.67,1.7,2287100,NaN,NaN,NaN,NaN,NaN,NaN,NaN
1502758800,1.7,1.72,1.7,1.72,1973600,NaN,NaN,NaN,NaN,NaN,NaN,NaN
1502845200,1.71,1.72,1.71,1.72,18300,NaN,NaN,NaN,NaN,NaN,NaN,NaN
1502931600,1.72,1.72,1.7,1.72,1147200,NaN,NaN,NaN,NaN,NaN,NaN,NaN
1503018000,1.71,1.71,1.71,1.71,36100,NaN,NaN,NaN,NaN,NaN,NaN,NaN
1503277200,1.71,1.71,1.7,1.7,192800,NaN,NaN,NaN,NaN,NaN,NaN,NaN
1503363600,1.7,1.73,1.69,1.73,2168500,NaN,NaN,NaN,NaN,NaN,NaN,NaN
1503450000,1.72,1.72,1.72,1.72,6700,NaN,NaN,NaN,NaN,NaN,NaN,NaN
1503536400,1.72,1.73,1.71,1.72,708100,NaN,NaN,NaN,NaN,NaN,NaN,NaN
1503622800,1.72,1.72,1.72,1.72,126500,NaN,NaN,NaN,NaN,NaN,NaN,NaN
1503882000,1.71,1.73,1.7,1.73,75200,NaN,NaN,NaN,NaN,NaN,NaN,NaN
1503968400,1.71,1.72,1.7,1.72,1713100,NaN,NaN,NaN,NaN,NaN,NaN,NaN
1504054800,1.71,1.72,1.71,1.72,1222200,NaN,NaN,NaN,NaN,NaN,NaN,NaN
1504573200,1.72,1.72,1.71,1.72,45200,NaN,NaN,NaN,NaN,NaN,NaN,NaN
1504659600,1.72,1.73,1.71,1.73,496700,NaN,NaN,NaN,NaN,NaN,NaN,NaN
1504746000,1.73,1.74,1.72,1.74,3315200,NaN,NaN,NaN,NaN,NaN,NaN,NaN
1504832400,1.73,1.74,1.73,1.74,1631300,NaN,NaN,NaN,NaN,NaN,NaN,NaN
1505091600,1.74,1.74,1.7,1.7,913400,NaN,NaN,NaN,NaN,NaN,NaN,NaN
1505178000,1.71,1.72,1.7,1.72,669000,NaN,NaN,NaN,NaN,NaN,NaN,NaN
1505264400,1.72,1.73,1.72,1.73,113000,NaN,NaN,NaN,NaN,NaN,NaN,NaN
1505350800,1.73,1.73,1.72,1.73,3294900,NaN,NaN,NaN,NaN,NaN,NaN,NaN
1505437200,1.73,1.77,1.73,1.77,648300,NaN,NaN,NaN,NaN,NaN,NaN,NaN
1505696400,1.77,1.77,1.74,1.75,1841300,NaN,NaN,NaN,NaN,NaN,NaN,NaN
1505782800,1.74,1.76,1.74,1.75,1635500,NaN,NaN,NaN,NaN,NaN,NaN,NaN
1505869200,1.74,1.75,1.74,1.75,646600,NaN,NaN,NaN,NaN,NaN,NaN,NaN
1505955600,1.75,1.76,1.75,1.75,1086000,NaN,NaN,NaN,NaN,NaN,NaN,NaN
1506301200,1.74,1.74,1.73,1.73,62700,NaN,NaN,NaN,NaN,NaN,NaN,NaN
1506387600,1.74,1.74,1.73,1.74,2573100,NaN,NaN,NaN,NaN,NaN,NaN,NaN
1506474000,1.74,1.74,1.73,1.74,1817900,NaN,NaN,NaN,NaN,NaN,NaN,NaN
1506560400,1.74,1.74,1.72,1.72,1915100,NaN,NaN,NaN,NaN,NaN,NaN,NaN
1506646800,1.72,1.75,1.71,1.75,163700,3030093605,5554860000,1697202000,55407000,123473000,3857658000,4.59428571428571
1506906000,1.74,1.75,1.73,1.75,308600,NaN,NaN,NaN,NaN,NaN,NaN,NaN
1506992400,1.73,1.75,1.72,1.72,516100,NaN,NaN,NaN,NaN,NaN,NaN,NaN
1507078800,1.74,1.74,1.72,1.72,396300,NaN,NaN,NaN,NaN,NaN,NaN,NaN
1507165200,1.72,1.72,1.71,1.72,147500,NaN,NaN,NaN,NaN,NaN,NaN,NaN
1507251600,1.72,1.72,1.71,1.72,452300,NaN,NaN,NaN,NaN,NaN,NaN,NaN
1507510800,1.71,1.72,1.7,1.7,88300,NaN,NaN,NaN,NaN,NaN,NaN,NaN
1507597200,1.71,1.72,1.7,1.71,138800,NaN,NaN,NaN,NaN,NaN,NaN,NaN
1507683600,1.71,1.72,1.7,1.72,284100,NaN,NaN,NaN,NaN,NaN,NaN,NaN
1507770000,1.71,1.72,1.71,1.72,571600,NaN,NaN,NaN,NaN,NaN,NaN,NaN
1507856400,1.7,1.72,1.69,1.69,304200,NaN,NaN,NaN,NaN,NaN,NaN,NaN
1508115600,1.71,1.73,1.69,1.73,1188500,NaN,NaN,NaN,NaN,NaN,NaN,NaN
1508202000,1.73,1.73,1.7,1.71,342900,NaN,NaN,NaN,NaN,NaN,NaN,NaN
1508374800,1.7,1.73,1.68,1.7,2596200,NaN,NaN,NaN,NaN,NaN,NaN,NaN
1508461200,1.7,1.72,1.69,1.69,579400,NaN,NaN,NaN,NaN,NaN,NaN,NaN
1508720400,1.69,1.71,1.69,1.71,773200,NaN,NaN,NaN,NaN,NaN,NaN,NaN
1508806800,1.71,1.71,1.68,1.7,1451700,NaN,NaN,NaN,NaN,NaN,NaN,NaN
1508893200,1.7,1.72,1.7,1.72,1014700,NaN,NaN,NaN,NaN,NaN,NaN,NaN
1508979600,1.71,1.73,1.69,1.73,1278300,NaN,NaN,NaN,NaN,NaN,NaN,NaN
1509066000,1.72,1.73,1.71,1.72,1657400,NaN,NaN,NaN,NaN,NaN,NaN,NaN
1509325200,1.72,1.72,1.68,1.7,1428500,NaN,NaN,NaN,NaN,NaN,NaN,NaN
1509411600,1.7,1.71,1.69,1.71,421300,NaN,NaN,NaN,NaN,NaN,NaN,NaN
1509498000,1.71,1.71,1.7,1.71,3400,NaN,NaN,NaN,NaN,NaN,NaN,NaN
1509584400,1.71,1.71,1.68,1.7,423800,NaN,NaN,NaN,NaN,NaN,NaN,NaN
1509670800,1.7,1.7,1.68,1.68,100200,NaN,NaN,NaN,NaN,NaN,NaN,NaN
1509930000,1.68,1.69,1.66,1.68,195700,NaN,NaN,NaN,NaN,NaN,NaN,NaN
1510016400,1.68,1.68,1.62,1.64,884200,NaN,NaN,NaN,NaN,NaN,NaN,NaN
1510102800,1.65,1.65,1.63,1.64,269700,NaN,NaN,NaN,NaN,NaN,NaN,NaN
1510189200,1.65,1.65,1.64,1.65,85500,NaN,NaN,NaN,NaN,NaN,NaN,NaN
1510275600,1.65,1.65,1.62,1.62,400200,NaN,NaN,NaN,NaN,NaN,NaN,NaN
1510534800,1.63,1.65,1.63,1.65,1272100,NaN,NaN,NaN,NaN,NaN,NaN,NaN
1510621200,1.65,1.65,1.65,1.65,32700,NaN,NaN,NaN,NaN,NaN,NaN,NaN
1510707600,1.65,1.65,1.65,1.65,460800,NaN,NaN,NaN,NaN,NaN,NaN,NaN
1510794000,1.66,1.66,1.65,1.66,86900,NaN,NaN,NaN,NaN,NaN,NaN,NaN
1510880400,1.65,1.65,1.64,1.65,4027400,NaN,NaN,NaN,NaN,NaN,NaN,NaN
1511139600,1.65,1.66,1.65,1.66,27600,NaN,NaN,NaN,NaN,NaN,NaN,NaN
1511226000,1.65,1.65,1.64,1.65,1137200,NaN,NaN,NaN,NaN,NaN,NaN,NaN
1511312400,1.65,1.67,1.64,1.67,406200,NaN,NaN,NaN,NaN,NaN,NaN,NaN
1511398800,1.66,1.66,1.66,1.66,11400,NaN,NaN,NaN,NaN,NaN,NaN,NaN
1511485200,1.65,1.65,1.63,1.64,119300,NaN,NaN,NaN,NaN,NaN,NaN,NaN
1511744400,1.63,1.64,1.62,1.62,702000,NaN,NaN,NaN,NaN,NaN,NaN,NaN
1511830800,1.62,1.62,1.61,1.61,189900,NaN,NaN,NaN,NaN,NaN,NaN,NaN
1511917200,1.62,1.64,1.61,1.64,211700,NaN,NaN,NaN,NaN,NaN,NaN,NaN
1512003600,1.63,1.65,1.61,1.65,2775800,NaN,NaN,NaN,NaN,NaN,NaN,NaN
1512349200,1.65,1.65,1.63,1.64,534500,NaN,NaN,NaN,NaN,NaN,NaN,NaN
1512435600,1.64,1.65,1.63,1.65,1346000,NaN,NaN,NaN,NaN,NaN,NaN,NaN
1512522000,1.65,1.65,1.63,1.64,37300,NaN,NaN,NaN,NaN,NaN,NaN,NaN
1512608400,1.64,1.64,1.63,1.64,12300,NaN,NaN,NaN,NaN,NaN,NaN,NaN
1512694800,1.64,1.64,1.6,1.61,300800,NaN,NaN,NaN,NaN,NaN,NaN,NaN
1512954000,1.6,1.62,1.6,1.61,231400,NaN,NaN,NaN,NaN,NaN,NaN,NaN
1513040400,1.61,1.61,1.6,1.61,115100,NaN,NaN,NaN,NaN,NaN,NaN,NaN
1513126800,1.6,1.61,1.59,1.61,382200,NaN,NaN,NaN,NaN,NaN,NaN,NaN
1513213200,1.61,1.61,1.6,1.61,90800,NaN,NaN,NaN,NaN,NaN,NaN,NaN
1513299600,1.61,1.64,1.61,1.64,273600,NaN,NaN,NaN,NaN,NaN,NaN,NaN
1513558800,1.65,1.65,1.64,1.64,86300,NaN,NaN,NaN,NaN,NaN,NaN,NaN
1513645200,1.65,1.65,1.62,1.63,4266200,NaN,NaN,NaN,NaN,NaN,NaN,NaN
1513731600,1.64,1.64,1.64,1.64,11400,NaN,NaN,NaN,NaN,NaN,NaN,NaN
1513818000,1.65,1.65,1.61,1.64,151700,NaN,NaN,NaN,NaN,NaN,NaN,NaN
1513904400,1.64,1.64,1.63,1.63,41200,NaN,NaN,NaN,NaN,NaN,NaN,NaN
1514250000,1.63,1.63,1.63,1.63,36300,NaN,NaN,NaN,NaN,NaN,NaN,NaN
1514336400,1.63,1.64,1.61,1.64,147500,NaN,NaN,NaN,NaN,NaN,NaN,NaN
1514422800,1.63,1.63,1.62,1.63,81600,NaN,NaN,NaN,NaN,NaN,NaN,NaN
1514509200,1.64,1.64,1.61,1.61,256500,3030093605,5653164000,1712887000,83338000,131288999.99999999,3940277000,5.11801242236025
1514854800,1.62,1.65,1.62,1.62,128500,NaN,NaN,NaN,NaN,NaN,NaN,NaN
1514941200,1.62,1.62,1.61,1.62,188000,NaN,NaN,NaN,NaN,NaN,NaN,NaN
1515027600,1.62,1.62,1.61,1.62,362800,NaN,NaN,NaN,NaN,NaN,NaN,NaN
1515114000,1.62,1.62,1.59,1.62,493800,NaN,NaN,NaN,NaN,NaN,NaN,NaN
1515373200,1.6,1.62,1.6,1.61,171400,NaN,NaN,NaN,NaN,NaN,NaN,NaN
1515459600,1.62,1.64,1.62,1.64,129600,NaN,NaN,NaN,NaN,NaN,NaN,NaN
1515546000,1.62,1.62,1.6,1.61,189000,NaN,NaN,NaN,NaN,NaN,NaN,NaN
1515632400,1.62,1.62,1.59,1.6,775500,NaN,NaN,NaN,NaN,NaN,NaN,NaN
1515718800,1.62,1.62,1.6,1.62,533500,NaN,NaN,NaN,NaN,NaN,NaN,NaN
1515978000,1.62,1.62,1.61,1.61,129300,NaN,NaN,NaN,NaN,NaN,NaN,NaN
1516064400,1.62,1.62,1.61,1.62,170900,NaN,NaN,NaN,NaN,NaN,NaN,NaN
1516150800,1.62,1.64,1.61,1.61,386800,NaN,NaN,NaN,NaN,NaN,NaN,NaN
1516237200,1.61,1.61,1.59,1.6,329400,NaN,NaN,NaN,NaN,NaN,NaN,NaN
1516323600,1.61,1.61,1.59,1.6,122600,NaN,NaN,NaN,NaN,NaN,NaN,NaN
1516582800,1.6,1.6,1.58,1.59,696300,NaN,NaN,NaN,NaN,NaN,NaN,NaN
1516669200,1.6,1.6,1.59,1.6,47700,NaN,NaN,NaN,NaN,NaN,NaN,NaN
1516755600,1.6,1.6,1.59,1.59,52700,NaN,NaN,NaN,NaN,NaN,NaN,NaN
1516842000,1.59,1.6,1.55,1.55,787800,NaN,NaN,NaN,NaN,NaN,NaN,NaN
1516928400,1.56,1.57,1.53,1.55,1017800,NaN,NaN,NaN,NaN,NaN,NaN,NaN
1517187600,1.56,1.59,1.56,1.57,1433300,NaN,NaN,NaN,NaN,NaN,NaN,NaN
1517274000,1.58,1.58,1.57,1.57,427300,NaN,NaN,NaN,NaN,NaN,NaN,NaN
1517533200,1.57,1.58,1.55,1.55,544600,NaN,NaN,NaN,NaN,NaN,NaN,NaN
1517792400,1.55,1.57,1.55,1.55,236500,NaN,NaN,NaN,NaN,NaN,NaN,NaN
1517878800,1.55,1.55,1.49,1.5,2356700,NaN,NaN,NaN,NaN,NaN,NaN,NaN
1517965200,1.51,1.53,1.5,1.5,1197300,NaN,NaN,NaN,NaN,NaN,NaN,NaN
1518051600,1.47,1.51,1.47,1.51,364400,NaN,NaN,NaN,NaN,NaN,NaN,NaN
1518138000,1.47,1.5,1.45,1.46,1056000,NaN,NaN,NaN,NaN,NaN,NaN,NaN
1518397200,1.46,1.46,1.4,1.41,1208900,NaN,NaN,NaN,NaN,NaN,NaN,NaN
1518483600,1.42,1.43,1.38,1.39,1115100,NaN,NaN,NaN,NaN,NaN,NaN,NaN
1518570000,1.4,1.4,1.37,1.38,1189700,NaN,NaN,NaN,NaN,NaN,NaN,NaN
1518656400,1.38,1.39,1.37,1.38,517000,NaN,NaN,NaN,NaN,NaN,NaN,NaN
1519002000,1.39,1.4,1.38,1.39,1068600,NaN,NaN,NaN,NaN,NaN,NaN,NaN
1519088400,1.39,1.4,1.37,1.38,701300,NaN,NaN,NaN,NaN,NaN,NaN,NaN
1519174800,1.37,1.37,1.32,1.34,3008400,NaN,NaN,NaN,NaN,NaN,NaN,NaN
1519261200,1.36,1.37,1.35,1.36,2611600,NaN,NaN,NaN,NaN,NaN,NaN,NaN
1519347600,1.36,1.36,1.35,1.36,241900,NaN,NaN,NaN,NaN,NaN,NaN,NaN
1519606800,1.37,1.37,1.35,1.35,442900,NaN,NaN,NaN,NaN,NaN,NaN,NaN
1519693200,1.36,1.36,1.35,1.36,220900,NaN,NaN,NaN,NaN,NaN,NaN,NaN
1519779600,1.36,1.36,1.34,1.34,460100,NaN,NaN,NaN,NaN,NaN,NaN,NaN
1519866000,1.35,1.36,1.34,1.36,403500,NaN,NaN,NaN,NaN,NaN,NaN,NaN
1519952400,1.36,1.37,1.36,1.37,199500,NaN,NaN,NaN,NaN,NaN,NaN,NaN
1520211600,1.37,1.39,1.37,1.39,535700,NaN,NaN,NaN,NaN,NaN,NaN,NaN
1520298000,1.39,1.39,1.37,1.37,344600,NaN,NaN,NaN,NaN,NaN,NaN,NaN
1520384400,1.38,1.38,1.35,1.36,326000,NaN,NaN,NaN,NaN,NaN,NaN,NaN
1520470800,1.36,1.37,1.35,1.35,1349300,NaN,NaN,NaN,NaN,NaN,NaN,NaN
1520557200,1.36,1.38,1.35,1.38,961300,NaN,NaN,NaN,NaN,NaN,NaN,NaN
1520816400,1.38,1.43,1.38,1.43,266700,NaN,NaN,NaN,NaN,NaN,NaN,NaN
1520902800,1.43,1.43,1.41,1.42,302100,NaN,NaN,NaN,NaN,NaN,NaN,NaN
1520989200,1.42,1.43,1.41,1.43,214200,NaN,NaN,NaN,NaN,NaN,NaN,NaN
1521075600,1.42,1.43,1.41,1.42,2464400,NaN,NaN,NaN,NaN,NaN,NaN,NaN
1521162000,1.43,1.43,1.39,1.4,1041100,NaN,NaN,NaN,NaN,NaN,NaN,NaN
1521421200,1.43,1.43,1.4,1.4,73500,NaN,NaN,NaN,NaN,NaN,NaN,NaN
1521507600,1.41,1.41,1.35,1.36,1088400,NaN,NaN,NaN,NaN,NaN,NaN,NaN
1521594000,1.36,1.36,1.32,1.33,1242500,NaN,NaN,NaN,NaN,NaN,NaN,NaN
1521680400,1.35,1.41,1.35,1.41,273300,NaN,NaN,NaN,NaN,NaN,NaN,NaN
1521766800,1.39,1.41,1.38,1.41,1016400,NaN,NaN,NaN,NaN,NaN,NaN,NaN
1522026000,1.41,1.41,1.37,1.37,1072500,NaN,NaN,NaN,NaN,NaN,NaN,NaN
1522112400,1.38,1.39,1.36,1.36,267000,NaN,NaN,NaN,NaN,NaN,NaN,NaN
1522198800,1.37,1.39,1.36,1.37,149300,NaN,NaN,NaN,NaN,NaN,NaN,NaN
1522285200,1.37,1.38,1.37,1.38,79000,NaN,NaN,NaN,NaN,NaN,NaN,NaN
1522371600,1.38,1.38,1.37,1.37,250300,3034503464,5609681000,1726903000,65349000.00000001,133661000,3882778000,6.01459854014599
1522630800,1.39,1.41,1.38,1.41,1385700,NaN,NaN,NaN,NaN,NaN,NaN,NaN
1522717200,1.41,1.41,1.38,1.4,2071400,NaN,NaN,NaN,NaN,NaN,NaN,NaN
1522803600,1.41,1.41,1.38,1.39,322800,NaN,NaN,NaN,NaN,NaN,NaN,NaN
1522890000,1.39,1.39,1.38,1.39,1479400,NaN,NaN,NaN,NaN,NaN,NaN,NaN
1522976400,1.39,1.42,1.37,1.42,1360300,NaN,NaN,NaN,NaN,NaN,NaN,NaN
1523235600,1.42,1.42,1.4,1.42,1111200,NaN,NaN,NaN,NaN,NaN,NaN,NaN
1523322000,1.4,1.42,1.4,1.41,1450000,NaN,NaN,NaN,NaN,NaN,NaN,NaN
1523408400,1.41,1.44,1.41,1.43,375600,NaN,NaN,NaN,NaN,NaN,NaN,NaN
1523494800,1.43,1.43,1.42,1.42,266100,NaN,NaN,NaN,NaN,NaN,NaN,NaN
1523581200,1.42,1.44,1.42,1.44,229600,NaN,NaN,NaN,NaN,NaN,NaN,NaN
1523840400,1.44,1.46,1.42,1.46,324100,NaN,NaN,NaN,NaN,NaN,NaN,NaN
1523926800,1.45,1.49,1.45,1.48,561600,NaN,NaN,NaN,NaN,NaN,NaN,NaN
1524013200,1.48,1.5,1.47,1.49,1143800,NaN,NaN,NaN,NaN,NaN,NaN,NaN
1524099600,1.49,1.5,1.47,1.48,1718200,NaN,NaN,NaN,NaN,NaN,NaN,NaN
1524186000,1.48,1.48,1.45,1.47,608700,NaN,NaN,NaN,NaN,NaN,NaN,NaN
1524445200,1.47,1.47,1.44,1.45,3466200,NaN,NaN,NaN,NaN,NaN,NaN,NaN
1524531600,1.44,1.45,1.42,1.44,240100,NaN,NaN,NaN,NaN,NaN,NaN,NaN
1524618000,1.44,1.45,1.44,1.44,62700,NaN,NaN,NaN,NaN,NaN,NaN,NaN
1524704400,1.45,1.45,1.44,1.44,3526200,NaN,NaN,NaN,NaN,NaN,NaN,NaN
1524790800,1.45,1.45,1.44,1.44,1139500,NaN,NaN,NaN,NaN,NaN,NaN,NaN
1525050000,1.44,1.5,1.44,1.5,671500,NaN,NaN,NaN,NaN,NaN,NaN,NaN
1525222800,1.48,1.5,1.47,1.48,2253100,NaN,NaN,NaN,NaN,NaN,NaN,NaN
1525309200,1.48,1.49,1.48,1.48,2010900,NaN,NaN,NaN,NaN,NaN,NaN,NaN
1525395600,1.48,1.48,1.46,1.48,1125400,NaN,NaN,NaN,NaN,NaN,NaN,NaN
1525654800,1.48,1.49,1.48,1.48,116000,NaN,NaN,NaN,NaN,NaN,NaN,NaN
1525741200,1.48,1.48,1.47,1.47,1151400,NaN,NaN,NaN,NaN,NaN,NaN,NaN
1526259600,1.42,1.48,1.42,1.45,487800,NaN,NaN,NaN,NaN,NaN,NaN,NaN
1526346000,1.45,1.48,1.45,1.47,1542800,NaN,NaN,NaN,NaN,NaN,NaN,NaN
1526432400,1.47,1.47,1.45,1.46,3273100,NaN,NaN,NaN,NaN,NaN,NaN,NaN
1526518800,1.46,1.49,1.46,1.49,3378500,NaN,NaN,NaN,NaN,NaN,NaN,NaN
1526605200,1.5,1.51,1.47,1.47,5538000,NaN,NaN,NaN,NaN,NaN,NaN,NaN
1526864400,1.46,1.46,1.41,1.45,2427400,NaN,NaN,NaN,NaN,NaN,NaN,NaN
1526950800,1.44,1.46,1.44,1.46,2757100,NaN,NaN,NaN,NaN,NaN,NaN,NaN
1527037200,1.45,1.45,1.44,1.44,270800,NaN,NaN,NaN,NaN,NaN,NaN,NaN
1527123600,1.44,1.45,1.41,1.44,1492700,NaN,NaN,NaN,NaN,NaN,NaN,NaN
1527210000,1.44,1.46,1.43,1.46,6128600,NaN,NaN,NaN,NaN,NaN,NaN,NaN
1527469200,1.45,1.5,1.44,1.5,2195400,NaN,NaN,NaN,NaN,NaN,NaN,NaN
1527642000,1.5,1.56,1.48,1.56,2212400,NaN,NaN,NaN,NaN,NaN,NaN,NaN
1527728400,1.55,1.57,1.55,1.57,4146000,NaN,NaN,NaN,NaN,NaN,NaN,NaN
1527814800,1.57,1.57,1.55,1.57,2174900,NaN,NaN,NaN,NaN,NaN,NaN,NaN
1528074000,1.56,1.56,1.54,1.54,3449900,NaN,NaN,NaN,NaN,NaN,NaN,NaN
1528160400,1.55,1.61,1.54,1.61,4719800,NaN,NaN,NaN,NaN,NaN,NaN,NaN
1528246800,1.6,1.61,1.59,1.6,5100100,NaN,NaN,NaN,NaN,NaN,NaN,NaN
1528333200,1.6,1.6,1.56,1.56,87800,NaN,NaN,NaN,NaN,NaN,NaN,NaN
1528419600,1.57,1.58,1.56,1.57,31800,NaN,NaN,NaN,NaN,NaN,NaN,NaN
1528678800,1.55,1.58,1.55,1.57,783600,NaN,NaN,NaN,NaN,NaN,NaN,NaN
1528765200,1.57,1.58,1.55,1.55,455300,NaN,NaN,NaN,NaN,NaN,NaN,NaN
1528851600,1.55,1.56,1.53,1.53,156200,NaN,NaN,NaN,NaN,NaN,NaN,NaN
1528938000,1.53,1.55,1.53,1.53,412000,NaN,NaN,NaN,NaN,NaN,NaN,NaN
1529283600,1.55,1.55,1.53,1.54,549500,NaN,NaN,NaN,NaN,NaN,NaN,NaN
1529370000,1.53,1.54,1.53,1.54,16500,NaN,NaN,NaN,NaN,NaN,NaN,NaN
1529456400,1.53,1.55,1.53,1.55,6200,NaN,NaN,NaN,NaN,NaN,NaN,NaN
1529542800,1.55,1.55,1.5,1.5,2537200,NaN,NaN,NaN,NaN,NaN,NaN,NaN
1529629200,1.5,1.51,1.49,1.5,39500,NaN,NaN,NaN,NaN,NaN,NaN,NaN
1529888400,1.5,1.5,1.49,1.5,402800,NaN,NaN,NaN,NaN,NaN,NaN,NaN
1529974800,1.5,1.5,1.47,1.48,80700,NaN,NaN,NaN,NaN,NaN,NaN,NaN
1530061200,1.48,1.49,1.47,1.47,401600,NaN,NaN,NaN,NaN,NaN,NaN,NaN
1530147600,1.48,1.5,1.48,1.5,227100,NaN,NaN,NaN,NaN,NaN,NaN,NaN
1530234000,1.51,1.78,1.5,1.78,3115300,3034503464,6286876000,2343290000,60808000,138048000,3943586000,4.84269662921348
1530493200,1.55,1.58,1.53,1.56,1154700,NaN,NaN,NaN,NaN,NaN,NaN,NaN
1530579600,1.57,1.57,1.55,1.56,105400,NaN,NaN,NaN,NaN,NaN,NaN,NaN
1530666000,1.56,1.57,1.56,1.56,1077900,NaN,NaN,NaN,NaN,NaN,NaN,NaN
1530752400,1.57,1.57,1.55,1.56,1396300,NaN,NaN,NaN,NaN,NaN,NaN,NaN
1530838800,1.55,1.58,1.55,1.58,164200,NaN,NaN,NaN,NaN,NaN,NaN,NaN
1531098000,1.57,1.57,1.55,1.55,41200,NaN,NaN,NaN,NaN,NaN,NaN,NaN
1531184400,1.55,1.58,1.55,1.57,3055400,NaN,NaN,NaN,NaN,NaN,NaN,NaN
1531270800,1.57,1.58,1.56,1.57,538300,NaN,NaN,NaN,NaN,NaN,NaN,NaN
1531357200,1.57,1.59,1.56,1.57,1606200,NaN,NaN,NaN,NaN,NaN,NaN,NaN
1531443600,1.57,1.61,1.57,1.61,1174300,NaN,NaN,NaN,NaN,NaN,NaN,NaN
1531702800,1.61,1.64,1.61,1.64,268500,NaN,NaN,NaN,NaN,NaN,NaN,NaN
1531789200,1.64,1.64,1.63,1.64,148300,NaN,NaN,NaN,NaN,NaN,NaN,NaN
1531875600,1.64,1.65,1.63,1.64,555600,NaN,NaN,NaN,NaN,NaN,NaN,NaN
1531962000,1.64,1.64,1.63,1.64,77500,NaN,NaN,NaN,NaN,NaN,NaN,NaN
1532048400,1.62,1.64,1.62,1.64,321100,NaN,NaN,NaN,NaN,NaN,NaN,NaN
1532307600,1.64,1.65,1.63,1.65,45700,NaN,NaN,NaN,NaN,NaN,NaN,NaN
1532394000,1.65,1.65,1.65,1.65,40800,NaN,NaN,NaN,NaN,NaN,NaN,NaN
1532480400,1.66,1.66,1.66,1.66,629800,NaN,NaN,NaN,NaN,NaN,NaN,NaN
1532566800,1.66,1.67,1.65,1.65,382600,NaN,NaN,NaN,NaN,NaN,NaN,NaN
1532653200,1.65,1.67,1.64,1.64,229700,NaN,NaN,NaN,NaN,NaN,NaN,NaN
1532912400,1.66,1.67,1.65,1.66,247700,NaN,NaN,NaN,NaN,NaN,NaN,NaN
1532998800,1.66,1.68,1.63,1.64,492900,NaN,NaN,NaN,NaN,NaN,NaN,NaN
1533085200,1.65,1.68,1.65,1.65,434700,NaN,NaN,NaN,NaN,NaN,NaN,NaN
1533171600,1.66,1.67,1.64,1.64,48500,NaN,NaN,NaN,NaN,NaN,NaN,NaN
1533258000,1.65,1.66,1.63,1.64,183900,NaN,NaN,NaN,NaN,NaN,NaN,NaN
1533517200,1.64,1.64,1.62,1.63,526400,NaN,NaN,NaN,NaN,NaN,NaN,NaN
1533603600,1.6,1.6,1.57,1.57,209700,NaN,NaN,NaN,NaN,NaN,NaN,NaN
1533690000,1.57,1.57,1.55,1.55,153600,NaN,NaN,NaN,NaN,NaN,NaN,NaN
1533776400,1.56,1.57,1.54,1.55,245800,NaN,NaN,NaN,NaN,NaN,NaN,NaN
1533862800,1.55,1.56,1.55,1.55,836200,NaN,NaN,NaN,NaN,NaN,NaN,NaN
1534122000,1.55,1.55,1.53,1.54,192100,NaN,NaN,NaN,NaN,NaN,NaN,NaN
1534208400,1.54,1.55,1.53,1.54,176200,NaN,NaN,NaN,NaN,NaN,NaN,NaN
1534294800,1.54,1.55,1.54,1.54,20700,NaN,NaN,NaN,NaN,NaN,NaN,NaN
1534381200,1.54,1.56,1.54,1.55,497800,NaN,NaN,NaN,NaN,NaN,NaN,NaN
1534467600,1.55,1.6,1.55,1.59,507100,NaN,NaN,NaN,NaN,NaN,NaN,NaN
1534726800,1.59,1.61,1.58,1.6,881600,NaN,NaN,NaN,NaN,NaN,NaN,NaN
1534813200,1.6,1.61,1.6,1.6,318600,NaN,NaN,NaN,NaN,NaN,NaN,NaN
1534986000,1.62,1.64,1.61,1.61,453100,NaN,NaN,NaN,NaN,NaN,NaN,NaN
1535072400,1.63,1.64,1.6,1.62,501600,NaN,NaN,NaN,NaN,NaN,NaN,NaN
1535331600,1.61,1.63,1.61,1.62,173200,NaN,NaN,NaN,NaN,NaN,NaN,NaN
1535418000,1.63,1.64,1.63,1.63,1426200,NaN,NaN,NaN,NaN,NaN,NaN,NaN
1535504400,1.64,1.64,1.62,1.62,1907300,NaN,NaN,NaN,NaN,NaN,NaN,NaN
1535590800,1.62,1.64,1.62,1.63,1831000,NaN,NaN,NaN,NaN,NaN,NaN,NaN
1535936400,1.62,1.64,1.62,1.62,96100,NaN,NaN,NaN,NaN,NaN,NaN,NaN
1536022800,1.62,1.64,1.62,1.62,1274700,NaN,NaN,NaN,NaN,NaN,NaN,NaN
1536109200,1.62,1.64,1.61,1.64,351700,NaN,NaN,NaN,NaN,NaN,NaN,NaN
1536195600,1.63,1.65,1.62,1.63,1319200,NaN,NaN,NaN,NaN,NaN,NaN,NaN
1536282000,1.63,1.64,1.63,1.64,29100,NaN,NaN,NaN,NaN,NaN,NaN,NaN
1536714000,1.64,1.66,1.61,1.64,340900,NaN,NaN,NaN,NaN,NaN,NaN,NaN
1536800400,1.64,1.64,1.61,1.62,914800,NaN,NaN,NaN,NaN,NaN,NaN,NaN
1536886800,1.6,1.62,1.6,1.62,508900,NaN,NaN,NaN,NaN,NaN,NaN,NaN
1537232400,1.61,1.62,1.59,1.6,481500,NaN,NaN,NaN,NaN,NaN,NaN,NaN
1537318800,1.61,1.62,1.6,1.61,131900,NaN,NaN,NaN,NaN,NaN,NaN,NaN
1537405200,1.61,1.62,1.61,1.62,72100,NaN,NaN,NaN,NaN,NaN,NaN,NaN
1537491600,1.63,1.63,1.6,1.62,1993400,NaN,NaN,NaN,NaN,NaN,NaN,NaN
1537750800,1.61,1.61,1.61,1.61,453600,NaN,NaN,NaN,NaN,NaN,NaN,NaN
1537837200,1.6,1.62,1.6,1.61,42300,NaN,NaN,NaN,NaN,NaN,NaN,NaN
1537923600,1.6,1.6,1.59,1.6,114700,NaN,NaN,NaN,NaN,NaN,NaN,NaN
1538010000,1.6,1.61,1.59,1.61,1236500,NaN,NaN,NaN,NaN,NaN,NaN,NaN
1538096400,1.6,1.61,1.59,1.6,3558900,3036704925,6225146000,2347470000,62247000,144361000,3877676000,5.3875
1538355600,1.6,1.6,1.58,1.59,130900,NaN,NaN,NaN,NaN,NaN,NaN,NaN
1538442000,1.59,1.59,1.58,1.58,80300,NaN,NaN,NaN,NaN,NaN,NaN,NaN
1538528400,1.58,1.59,1.58,1.59,170000,NaN,NaN,NaN,NaN,NaN,NaN,NaN
1538614800,1.59,1.68,1.58,1.68,125200,NaN,NaN,NaN,NaN,NaN,NaN,NaN
1538701200,1.63,1.63,1.59,1.6,3166200,NaN,NaN,NaN,NaN,NaN,NaN,NaN
1538960400,1.6,1.6,1.57,1.57,391600,NaN,NaN,NaN,NaN,NaN,NaN,NaN
1539046800,1.58,1.58,1.57,1.57,344600,NaN,NaN,NaN,NaN,NaN,NaN,NaN
1539133200,1.57,1.6,1.54,1.6,375500,NaN,NaN,NaN,NaN,NaN,NaN,NaN
1539219600,1.59,1.59,1.53,1.56,1028400,NaN,NaN,NaN,NaN,NaN,NaN,NaN
1539306000,1.56,1.58,1.55,1.58,824500,NaN,NaN,NaN,NaN,NaN,NaN,NaN
1539565200,1.56,1.58,1.56,1.58,74800,NaN,NaN,NaN,NaN,NaN,NaN,NaN
1539651600,1.57,1.58,1.56,1.57,635200,NaN,NaN,NaN,NaN,NaN,NaN,NaN
1539738000,1.58,1.58,1.57,1.57,286900,NaN,NaN,NaN,NaN,NaN,NaN,NaN
1539824400,1.57,1.59,1.57,1.59,152600,NaN,NaN,NaN,NaN,NaN,NaN,NaN
1539910800,1.6,1.62,1.59,1.62,204900,NaN,NaN,NaN,NaN,NaN,NaN,NaN
1540170000,1.63,1.63,1.62,1.63,23100,NaN,NaN,NaN,NaN,NaN,NaN,NaN
1540256400,1.59,1.6,1.55,1.59,85300,NaN,NaN,NaN,NaN,NaN,NaN,NaN
1540342800,1.58,1.6,1.58,1.6,89100,NaN,NaN,NaN,NaN,NaN,NaN,NaN
1540429200,1.56,1.57,1.56,1.57,28600,NaN,NaN,NaN,NaN,NaN,NaN,NaN
1540515600,1.58,1.6,1.57,1.6,794800,NaN,NaN,NaN,NaN,NaN,NaN,NaN
1540774800,1.57,1.58,1.57,1.57,116300,NaN,NaN,NaN,NaN,NaN,NaN,NaN
1540861200,1.57,1.61,1.57,1.59,1197800,NaN,NaN,NaN,NaN,NaN,NaN,NaN
1540947600,1.59,1.6,1.58,1.59,4008100,NaN,NaN,NaN,NaN,NaN,NaN,NaN
1541034000,1.58,1.61,1.58,1.6,120600,NaN,NaN,NaN,NaN,NaN,NaN,NaN
1541120400,1.59,1.59,1.59,1.59,1244300,NaN,NaN,NaN,NaN,NaN,NaN,NaN
1541379600,1.6,1.61,1.58,1.6,251600,NaN,NaN,NaN,NaN,NaN,NaN,NaN
1541552400,1.61,1.62,1.59,1.6,199700,NaN,NaN,NaN,NaN,NaN,NaN,NaN
1541638800,1.62,1.62,1.59,1.59,684700,NaN,NaN,NaN,NaN,NaN,NaN,NaN
1541725200,1.58,1.6,1.56,1.58,1119200,NaN,NaN,NaN,NaN,NaN,NaN,NaN
1541984400,1.57,1.57,1.56,1.57,239600,NaN,NaN,NaN,NaN,NaN,NaN,NaN
1542070800,1.56,1.56,1.55,1.55,146300,NaN,NaN,NaN,NaN,NaN,NaN,NaN
1542157200,1.56,1.56,1.55,1.56,226800,NaN,NaN,NaN,NaN,NaN,NaN,NaN
1542243600,1.57,1.57,1.55,1.55,400500,NaN,NaN,NaN,NaN,NaN,NaN,NaN
1542330000,1.56,1.61,1.55,1.6,291600,NaN,NaN,NaN,NaN,NaN,NaN,NaN
1542589200,1.61,1.61,1.57,1.59,166100,NaN,NaN,NaN,NaN,NaN,NaN,NaN
1542762000,1.62,1.62,1.58,1.59,16900,NaN,NaN,NaN,NaN,NaN,NaN,NaN
1542848400,1.6,1.6,1.57,1.58,4600,NaN,NaN,NaN,NaN,NaN,NaN,NaN
1542934800,1.58,1.6,1.57,1.57,195400,NaN,NaN,NaN,NaN,NaN,NaN,NaN
1543194000,1.57,1.57,1.56,1.57,62000,NaN,NaN,NaN,NaN,NaN,NaN,NaN
1543280400,1.56,1.57,1.56,1.57,64900,NaN,NaN,NaN,NaN,NaN,NaN,NaN
1543366800,1.58,1.6,1.57,1.6,107600,NaN,NaN,NaN,NaN,NaN,NaN,NaN
1543453200,1.6,1.6,1.59,1.6,311800,NaN,NaN,NaN,NaN,NaN,NaN,NaN
1543539600,1.59,1.6,1.59,1.59,134300,NaN,NaN,NaN,NaN,NaN,NaN,NaN
1543798800,1.58,1.6,1.57,1.6,97100,NaN,NaN,NaN,NaN,NaN,NaN,NaN
1543885200,1.6,1.61,1.59,1.6,91200,NaN,NaN,NaN,NaN,NaN,NaN,NaN
1543971600,1.6,1.64,1.58,1.58,258500,NaN,NaN,NaN,NaN,NaN,NaN,NaN
1544058000,1.58,1.65,1.58,1.6,551800,NaN,NaN,NaN,NaN,NaN,NaN,NaN
1544144400,1.62,1.63,1.59,1.59,712900,NaN,NaN,NaN,NaN,NaN,NaN,NaN
1544403600,1.59,1.59,1.59,1.59,16200,NaN,NaN,NaN,NaN,NaN,NaN,NaN
1544490000,1.58,1.59,1.58,1.58,12800,NaN,NaN,NaN,NaN,NaN,NaN,NaN
1544576400,1.59,1.6,1.58,1.6,220400,NaN,NaN,NaN,NaN,NaN,NaN,NaN
1544662800,1.58,1.6,1.57,1.6,207000,NaN,NaN,NaN,NaN,NaN,NaN,NaN
1544749200,1.6,1.6,1.59,1.6,35100,NaN,NaN,NaN,NaN,NaN,NaN,NaN
1545008400,1.6,1.6,1.58,1.58,147800,NaN,NaN,NaN,NaN,NaN,NaN,NaN
1545094800,1.58,1.6,1.58,1.59,902400,NaN,NaN,NaN,NaN,NaN,NaN,NaN
1545181200,1.59,1.61,1.59,1.6,486000,NaN,NaN,NaN,NaN,NaN,NaN,NaN
1545267600,1.6,1.61,1.6,1.6,453500,NaN,NaN,NaN,NaN,NaN,NaN,NaN
1545354000,1.6,1.61,1.57,1.57,471100,NaN,NaN,NaN,NaN,NaN,NaN,NaN
1545613200,1.58,1.58,1.57,1.57,63600,NaN,NaN,NaN,NaN,NaN,NaN,NaN
1545786000,1.56,1.59,1.55,1.59,407000,NaN,NaN,NaN,NaN,NaN,NaN,NaN
1545872400,1.6,1.6,1.59,1.6,90500,NaN,NaN,NaN,NaN,NaN,NaN,NaN
1545958800,1.6,1.64,1.6,1.61,1117300,NaN,NaN,NaN,NaN,NaN,NaN,NaN
1546218000,1.64,1.65,1.63,1.64,4226200,3036704925,6357724000,2379768000,66662000.00000001,149771000,3977956000,5.35365853658537
1546390800,1.62,1.62,1.61,1.62,98600,NaN,NaN,NaN,NaN,NaN,NaN,NaN
1546477200,1.62,1.64,1.62,1.62,3455100,NaN,NaN,NaN,NaN,NaN,NaN,NaN
1546563600,1.62,1.65,1.61,1.64,500500,NaN,NaN,NaN,NaN,NaN,NaN,NaN
1546822800,1.65,1.66,1.64,1.65,167200,NaN,NaN,NaN,NaN,NaN,NaN,NaN
1546909200,1.64,1.64,1.62,1.63,400500,NaN,NaN,NaN,NaN,NaN,NaN,NaN
1546995600,1.63,1.64,1.63,1.64,112300,NaN,NaN,NaN,NaN,NaN,NaN,NaN
1547082000,1.64,1.69,1.63,1.69,612400,NaN,NaN,NaN,NaN,NaN,NaN,NaN
1547168400,1.69,1.69,1.66,1.67,318500,NaN,NaN,NaN,NaN,NaN,NaN,NaN
1547427600,1.67,1.68,1.65,1.65,354600,NaN,NaN,NaN,NaN,NaN,NaN,NaN
1547514000,1.69,1.69,1.64,1.66,194900,NaN,NaN,NaN,NaN,NaN,NaN,NaN
1547600400,1.65,1.67,1.64,1.65,665000,NaN,NaN,NaN,NaN,NaN,NaN,NaN
1547686800,1.67,1.67,1.64,1.66,6245500,NaN,NaN,NaN,NaN,NaN,NaN,NaN
1547773200,1.66,1.66,1.65,1.65,3195200,NaN,NaN,NaN,NaN,NaN,NaN,NaN
1548118800,1.66,1.68,1.66,1.67,471900,NaN,NaN,NaN,NaN,NaN,NaN,NaN
1548205200,1.66,1.7,1.66,1.7,1235800,NaN,NaN,NaN,NaN,NaN,NaN,NaN
1548291600,1.69,1.75,1.69,1.73,2611000,NaN,NaN,NaN,NaN,NaN,NaN,NaN
1548378000,1.73,1.75,1.72,1.75,1684200,NaN,NaN,NaN,NaN,NaN,NaN,NaN
1548637200,1.74,1.76,1.73,1.75,3621600,NaN,NaN,NaN,NaN,NaN,NaN,NaN
1548723600,1.75,1.77,1.74,1.75,1216300,NaN,NaN,NaN,NaN,NaN,NaN,NaN
1548810000,1.76,1.76,1.71,1.72,3718200,NaN,NaN,NaN,NaN,NaN,NaN,NaN
1548896400,1.72,1.74,1.72,1.73,2770000,NaN,NaN,NaN,NaN,NaN,NaN,NaN
1549242000,1.73,1.75,1.73,1.75,116300,NaN,NaN,NaN,NaN,NaN,NaN,NaN
1549501200,1.74,1.76,1.74,1.75,2309600,NaN,NaN,NaN,NaN,NaN,NaN,NaN
1549587600,1.76,1.78,1.75,1.78,354600,NaN,NaN,NaN,NaN,NaN,NaN,NaN
1549846800,1.78,1.78,1.77,1.77,1023000,NaN,NaN,NaN,NaN,NaN,NaN,NaN
1549933200,1.77,1.77,1.76,1.76,1701300,NaN,NaN,NaN,NaN,NaN,NaN,NaN
1550019600,1.77,1.77,1.76,1.76,288100,NaN,NaN,NaN,NaN,NaN,NaN,NaN
1550106000,1.73,1.73,1.71,1.71,29100,NaN,NaN,NaN,NaN,NaN,NaN,NaN
1550192400,1.7,1.71,1.68,1.69,94900,NaN,NaN,NaN,NaN,NaN,NaN,NaN
1550451600,1.69,1.7,1.69,1.7,456400,NaN,NaN,NaN,NaN,NaN,NaN,NaN
1550538000,1.71,1.71,1.69,1.69,1095300,NaN,NaN,NaN,NaN,NaN,NaN,NaN
1550624400,1.69,1.74,1.69,1.73,1381500,NaN,NaN,NaN,NaN,NaN,NaN,NaN
1550710800,1.74,1.75,1.71,1.75,1204700,NaN,NaN,NaN,NaN,NaN,NaN,NaN
1550797200,1.74,1.74,1.72,1.73,25100,NaN,NaN,NaN,NaN,NaN,NaN,NaN
1551056400,1.73,1.74,1.73,1.74,128400,NaN,NaN,NaN,NaN,NaN,NaN,NaN
1551142800,1.74,1.76,1.73,1.76,124600,NaN,NaN,NaN,NaN,NaN,NaN,NaN
1551229200,1.76,1.76,1.73,1.75,1164400,NaN,NaN,NaN,NaN,NaN,NaN,NaN
1551315600,1.74,1.75,1.74,1.74,157900,NaN,NaN,NaN,NaN,NaN,NaN,NaN
1551402000,1.74,1.75,1.72,1.72,1170600,NaN,NaN,NaN,NaN,NaN,NaN,NaN
1551661200,1.72,1.74,1.72,1.74,14300,NaN,NaN,NaN,NaN,NaN,NaN,NaN
1551747600,1.72,1.74,1.72,1.73,232800,NaN,NaN,NaN,NaN,NaN,NaN,NaN
1551834000,1.73,1.74,1.73,1.74,119500,NaN,NaN,NaN,NaN,NaN,NaN,NaN
1551920400,1.74,1.74,1.73,1.74,297000,NaN,NaN,NaN,NaN,NaN,NaN,NaN
1552006800,1.74,1.76,1.73,1.73,1707300,NaN,NaN,NaN,NaN,NaN,NaN,NaN
1552266000,1.73,1.75,1.73,1.75,5800,NaN,NaN,NaN,NaN,NaN,NaN,NaN
1552352400,1.74,1.75,1.71,1.72,295800,NaN,NaN,NaN,NaN,NaN,NaN,NaN
1552438800,1.73,1.74,1.71,1.72,25200,NaN,NaN,NaN,NaN,NaN,NaN,NaN
1552525200,1.73,1.74,1.71,1.74,28100,NaN,NaN,NaN,NaN,NaN,NaN,NaN
1552611600,1.73,1.75,1.73,1.73,111100,NaN,NaN,NaN,NaN,NaN,NaN,NaN
1552870800,1.73,1.77,1.73,1.76,6291600,NaN,NaN,NaN,NaN,NaN,NaN,NaN
1552957200,1.76,1.76,1.74,1.74,1033700,NaN,NaN,NaN,NaN,NaN,NaN,NaN
1553043600,1.75,1.76,1.73,1.75,5233200,NaN,NaN,NaN,NaN,NaN,NaN,NaN
1553130000,1.75,1.77,1.74,1.75,3582000,NaN,NaN,NaN,NaN,NaN,NaN,NaN
1553216400,1.76,1.81,1.76,1.81,3409400,NaN,NaN,NaN,NaN,NaN,NaN,NaN
1553475600,1.81,1.81,1.79,1.8,1982000,NaN,NaN,NaN,NaN,NaN,NaN,NaN
1553562000,1.8,1.85,1.8,1.83,9183000,NaN,NaN,NaN,NaN,NaN,NaN,NaN
1553648400,1.82,1.85,1.8,1.8,3086200,NaN,NaN,NaN,NaN,NaN,NaN,NaN
1553734800,1.8,1.81,1.79,1.8,2676900,NaN,NaN,NaN,NaN,NaN,NaN,NaN
1553821200,1.8,1.84,1.8,1.82,1296000,3039020436,6367878000,2451629000,69231000,153849000,3916249000,4.82417582417582
1554080400,1.82,1.82,1.81,1.81,2587300,NaN,NaN,NaN,NaN,NaN,NaN,NaN
1554166800,1.82,1.83,1.8,1.81,2954400,NaN,NaN,NaN,NaN,NaN,NaN,NaN
1554253200,1.82,1.83,1.8,1.8,1582200,NaN,NaN,NaN,NaN,NaN,NaN,NaN
1554339600,1.81,1.85,1.8,1.8,1710300,NaN,NaN,NaN,NaN,NaN,NaN,NaN
1554426000,1.8,1.81,1.79,1.8,1127400,NaN,NaN,NaN,NaN,NaN,NaN,NaN
1554685200,1.8,1.81,1.79,1.81,57300,NaN,NaN,NaN,NaN,NaN,NaN,NaN
1554771600,1.82,1.85,1.8,1.85,122800,NaN,NaN,NaN,NaN,NaN,NaN,NaN
1554858000,1.81,1.83,1.81,1.81,2104800,NaN,NaN,NaN,NaN,NaN,NaN,NaN
1554944400,1.82,1.82,1.8,1.8,2035700,NaN,NaN,NaN,NaN,NaN,NaN,NaN
1555030800,1.81,1.84,1.8,1.8,391600,NaN,NaN,NaN,NaN,NaN,NaN,NaN
1555290000,1.79,1.82,1.79,1.81,1017200,NaN,NaN,NaN,NaN,NaN,NaN,NaN
1555376400,1.84,1.85,1.81,1.81,972900,NaN,NaN,NaN,NaN,NaN,NaN,NaN
1555462800,1.81,1.81,1.79,1.79,68300,NaN,NaN,NaN,NaN,NaN,NaN,NaN
1555549200,1.79,1.8,1.75,1.8,3110100,NaN,NaN,NaN,NaN,NaN,NaN,NaN
1555635600,1.8,1.84,1.8,1.84,463700,NaN,NaN,NaN,NaN,NaN,NaN,NaN
1555894800,1.84,1.84,1.81,1.82,8600,NaN,NaN,NaN,NaN,NaN,NaN,NaN
1555981200,1.81,1.84,1.81,1.84,45600,NaN,NaN,NaN,NaN,NaN,NaN,NaN
1556067600,1.81,1.83,1.81,1.81,33100,NaN,NaN,NaN,NaN,NaN,NaN,NaN
1556154000,1.81,1.82,1.81,1.81,47900,NaN,NaN,NaN,NaN,NaN,NaN,NaN
1556240400,1.8,1.81,1.8,1.8,51600,NaN,NaN,NaN,NaN,NaN,NaN,NaN
1556499600,1.81,1.82,1.81,1.82,118100,NaN,NaN,NaN,NaN,NaN,NaN,NaN
1556586000,1.8,1.82,1.8,1.82,279400,NaN,NaN,NaN,NaN,NaN,NaN,NaN
1556758800,1.81,1.81,1.8,1.8,1542200,NaN,NaN,NaN,NaN,NaN,NaN,NaN
1556845200,1.81,1.81,1.8,1.8,25000,NaN,NaN,NaN,NaN,NaN,NaN,NaN
1557104400,1.81,1.84,1.81,1.84,138600,NaN,NaN,NaN,NaN,NaN,NaN,NaN
1557190800,1.84,1.84,1.8,1.8,674400,NaN,NaN,NaN,NaN,NaN,NaN,NaN
1557277200,1.81,1.85,1.81,1.83,189600,NaN,NaN,NaN,NaN,NaN,NaN,NaN
1557363600,1.82,1.82,1.8,1.8,4315400,NaN,NaN,NaN,NaN,NaN,NaN,NaN
1557450000,1.8,1.8,1.8,1.8,633200,NaN,NaN,NaN,NaN,NaN,NaN,NaN
1557709200,1.8,1.81,1.8,1.8,2562100,NaN,NaN,NaN,NaN,NaN,NaN,NaN
1557795600,1.81,1.84,1.81,1.82,1880800,NaN,NaN,NaN,NaN,NaN,NaN,NaN
1557882000,1.82,1.83,1.82,1.82,1550500,NaN,NaN,NaN,NaN,NaN,NaN,NaN
1557968400,1.82,1.83,1.81,1.82,122200,NaN,NaN,NaN,NaN,NaN,NaN,NaN
1558054800,1.81,1.84,1.81,1.82,90800,NaN,NaN,NaN,NaN,NaN,NaN,NaN
1558400400,1.84,1.84,1.82,1.82,76600,NaN,NaN,NaN,NaN,NaN,NaN,NaN
1558573200,1.82,1.83,1.79,1.8,3944600,NaN,NaN,NaN,NaN,NaN,NaN,NaN
1558659600,1.8,1.8,1.79,1.8,68600,NaN,NaN,NaN,NaN,NaN,NaN,NaN
1558918800,1.8,1.82,1.79,1.8,151200,NaN,NaN,NaN,NaN,NaN,NaN,NaN
1559005200,1.8,1.82,1.79,1.79,3457700,NaN,NaN,NaN,NaN,NaN,NaN,NaN
1559091600,1.79,1.8,1.77,1.79,371900,NaN,NaN,NaN,NaN,NaN,NaN,NaN
1559178000,1.79,1.79,1.78,1.79,1406700,NaN,NaN,NaN,NaN,NaN,NaN,NaN
1559264400,1.79,1.82,1.79,1.82,99300,NaN,NaN,NaN,NaN,NaN,NaN,NaN
1559523600,1.82,1.82,1.78,1.78,122600,NaN,NaN,NaN,NaN,NaN,NaN,NaN
1559610000,1.78,1.8,1.78,1.78,53400,NaN,NaN,NaN,NaN,NaN,NaN,NaN
1559869200,1.79,1.81,1.78,1.79,145700,NaN,NaN,NaN,NaN,NaN,NaN,NaN
1560128400,1.79,1.8,1.79,1.8,1511000,NaN,NaN,NaN,NaN,NaN,NaN,NaN
1560214800,1.8,1.8,1.79,1.8,1551300,NaN,NaN,NaN,NaN,NaN,NaN,NaN
1560301200,1.81,1.81,1.79,1.8,1051300,NaN,NaN,NaN,NaN,NaN,NaN,NaN
1560387600,1.8,1.81,1.79,1.81,175300,NaN,NaN,NaN,NaN,NaN,NaN,NaN
1560474000,1.81,1.81,1.8,1.8,15600,NaN,NaN,NaN,NaN,NaN,NaN,NaN
1560733200,1.8,1.81,1.8,1.8,82600,NaN,NaN,NaN,NaN,NaN,NaN,NaN
1560819600,1.81,1.81,1.8,1.81,7000,NaN,NaN,NaN,NaN,NaN,NaN,NaN
1560906000,1.81,1.82,1.79,1.81,235100,NaN,NaN,NaN,NaN,NaN,NaN,NaN
1560992400,1.82,1.82,1.81,1.81,3900,NaN,NaN,NaN,NaN,NaN,NaN,NaN
1561078800,1.81,1.92,1.8,1.92,839400,NaN,NaN,NaN,NaN,NaN,NaN,NaN
1561338000,1.89,1.89,1.8,1.82,442500,NaN,NaN,NaN,NaN,NaN,NaN,NaN
1561424400,1.82,1.83,1.82,1.83,48000,NaN,NaN,NaN,NaN,NaN,NaN,NaN
1561510800,1.83,1.84,1.82,1.83,242600,NaN,NaN,NaN,NaN,NaN,NaN,NaN
1561597200,1.85,1.85,1.83,1.84,152400,NaN,NaN,NaN,NaN,NaN,NaN,NaN
1561683600,1.84,1.84,1.83,1.83,584300,3039020436,6348894000,2373416000,59229000,147111000,3975478000,4.83060109289618
1561942800,1.83,1.84,1.82,1.84,151200,NaN,NaN,NaN,NaN,NaN,NaN,NaN
1562029200,1.83,1.85,1.83,1.85,556500,NaN,NaN,NaN,NaN,NaN,NaN,NaN
1562115600,1.83,1.84,1.83,1.84,653100,NaN,NaN,NaN,NaN,NaN,NaN,NaN
1562202000,1.84,1.86,1.84,1.86,589800,NaN,NaN,NaN,NaN,NaN,NaN,NaN
1562288400,1.85,1.86,1.84,1.85,1715000,NaN,NaN,NaN,NaN,NaN,NaN,NaN
1562547600,1.85,1.86,1.84,1.85,953000,NaN,NaN,NaN,NaN,NaN,NaN,NaN
1562634000,1.86,1.88,1.85,1.88,107100,NaN,NaN,NaN,NaN,NaN,NaN,NaN
1562720400,1.89,1.89,1.87,1.88,175500,NaN,NaN,NaN,NaN,NaN,NaN,NaN
1562806800,1.87,1.9,1.87,1.89,400300,NaN,NaN,NaN,NaN,NaN,NaN,NaN
1562893200,1.89,1.89,1.88,1.89,22100,NaN,NaN,NaN,NaN,NaN,NaN,NaN
1563152400,1.89,1.9,1.88,1.88,1102300,NaN,NaN,NaN,NaN,NaN,NaN,NaN
1563238800,1.88,1.89,1.88,1.88,488800,NaN,NaN,NaN,NaN,NaN,NaN,NaN
1563325200,1.88,1.88,1.87,1.87,1091600,NaN,NaN,NaN,NaN,NaN,NaN,NaN
1563411600,1.87,1.89,1.87,1.88,36800,NaN,NaN,NaN,NaN,NaN,NaN,NaN
1563498000,1.89,1.89,1.88,1.88,13500,NaN,NaN,NaN,NaN,NaN,NaN,NaN
1563757200,1.88,1.89,1.88,1.88,47600,NaN,NaN,NaN,NaN,NaN,NaN,NaN
1563843600,1.88,1.9,1.88,1.88,81200,NaN,NaN,NaN,NaN,NaN,NaN,NaN
1563930000,1.89,1.89,1.87,1.89,57300,NaN,NaN,NaN,NaN,NaN,NaN,NaN
1564016400,1.88,1.89,1.87,1.89,85400,NaN,NaN,NaN,NaN,NaN,NaN,NaN
1564102800,1.89,1.9,1.85,1.9,203700,NaN,NaN,NaN,NaN,NaN,NaN,NaN
1564362000,1.9,1.9,1.87,1.87,506500,NaN,NaN,NaN,NaN,NaN,NaN,NaN
1564534800,1.88,1.88,1.87,1.87,383100,NaN,NaN,NaN,NaN,NaN,NaN,NaN
1564621200,1.87,1.87,1.85,1.87,954500,NaN,NaN,NaN,NaN,NaN,NaN,NaN
1564707600,1.88,1.88,1.85,1.87,136900,NaN,NaN,NaN,NaN,NaN,NaN,NaN
1564966800,1.89,1.9,1.86,1.9,149900,NaN,NaN,NaN,NaN,NaN,NaN,NaN
1565053200,1.89,1.91,1.87,1.89,3032800,NaN,NaN,NaN,NaN,NaN,NaN,NaN
1565139600,1.9,1.9,1.87,1.87,1081700,NaN,NaN,NaN,NaN,NaN,NaN,NaN
1565226000,1.87,1.89,1.84,1.88,477500,NaN,NaN,NaN,NaN,NaN,NaN,NaN
1565312400,1.88,1.88,1.85,1.88,325900,NaN,NaN,NaN,NaN,NaN,NaN,NaN
1565658000,1.87,1.9,1.87,1.89,256900,NaN,NaN,NaN,NaN,NaN,NaN,NaN
1565744400,1.89,1.9,1.88,1.89,39300,NaN,NaN,NaN,NaN,NaN,NaN,NaN
1565830800,1.89,1.89,1.84,1.84,1452100,NaN,NaN,NaN,NaN,NaN,NaN,NaN
1565917200,1.86,1.87,1.84,1.85,1105100,NaN,NaN,NaN,NaN,NaN,NaN,NaN
1566176400,1.87,1.9,1.87,1.9,68800,NaN,NaN,NaN,NaN,NaN,NaN,NaN
1566262800,1.9,1.9,1.87,1.87,170400,NaN,NaN,NaN,NaN,NaN,NaN,NaN
1566349200,1.87,1.87,1.85,1.86,1284200,NaN,NaN,NaN,NaN,NaN,NaN,NaN
1566435600,1.9,1.9,1.86,1.88,255200,NaN,NaN,NaN,NaN,NaN,NaN,NaN
1566522000,1.88,1.88,1.85,1.87,1602900,NaN,NaN,NaN,NaN,NaN,NaN,NaN
1566781200,1.87,1.88,1.87,1.88,813500,NaN,NaN,NaN,NaN,NaN,NaN,NaN
1566867600,1.89,1.9,1.88,1.88,361200,NaN,NaN,NaN,NaN,NaN,NaN,NaN
1566954000,1.9,1.9,1.87,1.88,417600,NaN,NaN,NaN,NaN,NaN,NaN,NaN
1567040400,1.88,1.88,1.87,1.87,20600,NaN,NaN,NaN,NaN,NaN,NaN,NaN
1567126800,1.88,1.88,1.84,1.87,161100,NaN,NaN,NaN,NaN,NaN,NaN,NaN
1567472400,1.9,1.9,1.86,1.87,370100,NaN,NaN,NaN,NaN,NaN,NaN,NaN
1567558800,1.87,1.88,1.87,1.87,2906700,NaN,NaN,NaN,NaN,NaN,NaN,NaN
1567645200,1.87,1.88,1.87,1.88,228600,NaN,NaN,NaN,NaN,NaN,NaN,NaN
1567731600,1.9,1.9,1.86,1.87,718300,NaN,NaN,NaN,NaN,NaN,NaN,NaN
1568077200,1.88,1.88,1.86,1.87,111400,NaN,NaN,NaN,NaN,NaN,NaN,NaN
1568163600,1.87,1.87,1.84,1.86,253700,NaN,NaN,NaN,NaN,NaN,NaN,NaN
1568250000,1.88,1.88,1.83,1.84,1313800,NaN,NaN,NaN,NaN,NaN,NaN,NaN
1568336400,1.86,1.86,1.78,1.8,2170000,NaN,NaN,NaN,NaN,NaN,NaN,NaN
1568682000,1.79,1.84,1.79,1.84,508300,NaN,NaN,NaN,NaN,NaN,NaN,NaN
1568768400,1.84,1.85,1.8,1.83,375100,NaN,NaN,NaN,NaN,NaN,NaN,NaN
1568854800,1.84,1.87,1.81,1.82,989500,NaN,NaN,NaN,NaN,NaN,NaN,NaN
1568941200,1.81,1.83,1.79,1.79,3009500,NaN,NaN,NaN,NaN,NaN,NaN,NaN
1569200400,1.8,1.82,1.79,1.8,883800,NaN,NaN,NaN,NaN,NaN,NaN,NaN
1569286800,1.8,1.81,1.79,1.8,1607800,NaN,NaN,NaN,NaN,NaN,NaN,NaN
1569373200,1.8,1.81,1.77,1.8,1461300,NaN,NaN,NaN,NaN,NaN,NaN,NaN
1569459600,1.8,1.81,1.79,1.81,2854000,NaN,NaN,NaN,NaN,NaN,NaN,NaN
1569546000,1.82,1.83,1.8,1.8,10686800,NaN,NaN,NaN,NaN,NaN,NaN,NaN
1569805200,1.8,1.81,1.79,1.81,636900,3041090299,6290532000,2385516000,59448000,147153000,3905016000,4.88397790055249
1569891600,1.81,1.82,1.79,1.8,10879700,NaN,NaN,NaN,NaN,NaN,NaN,NaN
1569978000,1.8,1.82,1.8,1.81,12175400,NaN,NaN,NaN,NaN,NaN,NaN,NaN
1570064400,1.82,1.83,1.81,1.82,7250200,NaN,NaN,NaN,NaN,NaN,NaN,NaN
1570150800,1.82,1.83,1.79,1.81,3272700,NaN,NaN,NaN,NaN,NaN,NaN,NaN
1570410000,1.81,1.81,1.79,1.8,139800,NaN,NaN,NaN,NaN,NaN,NaN,NaN
1570496400,1.8,1.83,1.79,1.8,800100,NaN,NaN,NaN,NaN,NaN,NaN,NaN
1570582800,1.8,1.8,1.79,1.79,174200,NaN,NaN,NaN,NaN,NaN,NaN,NaN
1570669200,1.8,1.82,1.79,1.8,547600,NaN,NaN,NaN,NaN,NaN,NaN,NaN
1570755600,1.8,1.81,1.79,1.79,802200,NaN,NaN,NaN,NaN,NaN,NaN,NaN
1571014800,1.81,1.81,1.78,1.79,2687900,NaN,NaN,NaN,NaN,NaN,NaN,NaN
1571101200,1.79,1.79,1.77,1.77,1650400,NaN,NaN,NaN,NaN,NaN,NaN,NaN
1571187600,1.78,1.79,1.77,1.77,793400,NaN,NaN,NaN,NaN,NaN,NaN,NaN
1571274000,1.78,1.79,1.78,1.78,1547400,NaN,NaN,NaN,NaN,NaN,NaN,NaN
1571360400,1.78,1.79,1.77,1.77,1683100,NaN,NaN,NaN,NaN,NaN,NaN,NaN
1571619600,1.77,1.79,1.77,1.79,139400,NaN,NaN,NaN,NaN,NaN,NaN,NaN
1571706000,1.8,1.8,1.78,1.79,78500,NaN,NaN,NaN,NaN,NaN,NaN,NaN
1571792400,1.79,1.8,1.77,1.8,88500,NaN,NaN,NaN,NaN,NaN,NaN,NaN
1571878800,1.79,1.8,1.78,1.79,59200,NaN,NaN,NaN,NaN,NaN,NaN,NaN
1571965200,1.78,1.79,1.77,1.77,163000,NaN,NaN,NaN,NaN,NaN,NaN,NaN
1572310800,1.77,1.78,1.76,1.76,75000,NaN,NaN,NaN,NaN,NaN,NaN,NaN
1572397200,1.77,1.77,1.76,1.76,26700,NaN,NaN,NaN,NaN,NaN,NaN,NaN
1572483600,1.77,1.77,1.73,1.73,465700,NaN,NaN,NaN,NaN,NaN,NaN,NaN
1572570000,1.73,1.73,1.7,1.71,4638000,NaN,NaN,NaN,NaN,NaN,NaN,NaN
1572829200,1.71,1.76,1.71,1.76,452600,NaN,NaN,NaN,NaN,NaN,NaN,NaN
1572915600,1.77,1.78,1.76,1.77,580300,NaN,NaN,NaN,NaN,NaN,NaN,NaN
1573002000,1.77,1.79,1.77,1.77,75300,NaN,NaN,NaN,NaN,NaN,NaN,NaN
1573088400,1.77,1.79,1.76,1.79,492400,NaN,NaN,NaN,NaN,NaN,NaN,NaN
1573174800,1.79,1.8,1.77,1.79,1031800,NaN,NaN,NaN,NaN,NaN,NaN,NaN
1573434000,1.79,1.8,1.78,1.8,668700,NaN,NaN,NaN,NaN,NaN,NaN,NaN
1573520400,1.8,1.8,1.77,1.79,961300,NaN,NaN,NaN,NaN,NaN,NaN,NaN
1573606800,1.78,1.79,1.77,1.78,5059300,NaN,NaN,NaN,NaN,NaN,NaN,NaN
1573693200,1.79,1.85,1.79,1.81,574200,NaN,NaN,NaN,NaN,NaN,NaN,NaN
1573779600,1.81,1.84,1.79,1.8,1607100,NaN,NaN,NaN,NaN,NaN,NaN,NaN
1574038800,1.8,1.8,1.77,1.78,510200,NaN,NaN,NaN,NaN,NaN,NaN,NaN
1574125200,1.79,1.79,1.76,1.78,540800,NaN,NaN,NaN,NaN,NaN,NaN,NaN
1574211600,1.78,1.82,1.78,1.82,167500,NaN,NaN,NaN,NaN,NaN,NaN,NaN
1574298000,1.82,1.82,1.81,1.82,1282900,NaN,NaN,NaN,NaN,NaN,NaN,NaN
1574384400,1.82,1.82,1.8,1.82,35400,NaN,NaN,NaN,NaN,NaN,NaN,NaN
1574643600,1.8,1.82,1.79,1.82,117100,NaN,NaN,NaN,NaN,NaN,NaN,NaN
1574730000,1.82,1.83,1.74,1.74,690000,NaN,NaN,NaN,NaN,NaN,NaN,NaN
1574816400,1.77,1.8,1.77,1.79,119100,NaN,NaN,NaN,NaN,NaN,NaN,NaN
1574902800,1.79,1.8,1.77,1.8,20700,NaN,NaN,NaN,NaN,NaN,NaN,NaN
1574989200,1.78,1.8,1.77,1.8,47400,NaN,NaN,NaN,NaN,NaN,NaN,NaN
1575248400,1.77,1.78,1.77,1.77,7600,NaN,NaN,NaN,NaN,NaN,NaN,NaN
1575334800,1.77,1.8,1.76,1.8,67300,NaN,NaN,NaN,NaN,NaN,NaN,NaN
1575421200,1.8,1.8,1.74,1.75,450000,NaN,NaN,NaN,NaN,NaN,NaN,NaN
1575507600,1.76,1.76,1.72,1.74,638000,NaN,NaN,NaN,NaN,NaN,NaN,NaN
1575594000,1.74,1.76,1.73,1.73,902500,NaN,NaN,NaN,NaN,NaN,NaN,NaN
1575853200,1.74,1.79,1.73,1.77,148200,NaN,NaN,NaN,NaN,NaN,NaN,NaN
1575939600,1.78,1.78,1.74,1.76,53800,NaN,NaN,NaN,NaN,NaN,NaN,NaN
1576026000,1.75,1.77,1.74,1.75,1849400,NaN,NaN,NaN,NaN,NaN,NaN,NaN
1576112400,1.75,1.78,1.75,1.77,146200,NaN,NaN,NaN,NaN,NaN,NaN,NaN
1576198800,1.78,1.8,1.76,1.77,378000,NaN,NaN,NaN,NaN,NaN,NaN,NaN
1576458000,1.8,1.8,1.75,1.77,82500,NaN,NaN,NaN,NaN,NaN,NaN,NaN
1576544400,1.8,1.8,1.77,1.78,158000,NaN,NaN,NaN,NaN,NaN,NaN,NaN
1576630800,1.78,1.78,1.75,1.76,97400,NaN,NaN,NaN,NaN,NaN,NaN,NaN
1576717200,1.79,1.79,1.73,1.74,964400,NaN,NaN,NaN,NaN,NaN,NaN,NaN
1576803600,1.75,1.79,1.72,1.79,445600,NaN,NaN,NaN,NaN,NaN,NaN,NaN
1577062800,1.77,1.77,1.75,1.77,186600,NaN,NaN,NaN,NaN,NaN,NaN,NaN
1577149200,1.75,1.77,1.75,1.77,552000,NaN,NaN,NaN,NaN,NaN,NaN,NaN
1577322000,1.77,1.77,1.74,1.74,752400,NaN,NaN,NaN,NaN,NaN,NaN,NaN
1577408400,1.75,1.75,1.73,1.74,1037400,NaN,NaN,NaN,NaN,NaN,NaN,NaN
1577667600,1.74,1.75,1.73,1.75,59700,NaN,NaN,NaN,NaN,NaN,NaN,NaN
1577754000,1.76,1.76,1.74,1.74,164600,3041090000,6357015000,2377277000,59717000,148828000,3979738000,4.88505747126437
1577926800,1.74,1.75,1.73,1.75,67900,NaN,NaN,NaN,NaN,NaN,NaN,NaN
1578013200,1.75,1.76,1.73,1.75,323400,NaN,NaN,NaN,NaN,NaN,NaN,NaN
1578272400,1.75,1.75,1.74,1.75,62600,NaN,NaN,NaN,NaN,NaN,NaN,NaN
1578358800,1.75,1.75,1.73,1.74,115100,NaN,NaN,NaN,NaN,NaN,NaN,NaN
1578445200,1.74,1.74,1.72,1.73,1172200,NaN,NaN,NaN,NaN,NaN,NaN,NaN
1578531600,1.73,1.74,1.73,1.73,196100,NaN,NaN,NaN,NaN,NaN,NaN,NaN
1578618000,1.73,1.75,1.73,1.74,161100,NaN,NaN,NaN,NaN,NaN,NaN,NaN
1578877200,1.75,1.76,1.73,1.73,72500,NaN,NaN,NaN,NaN,NaN,NaN,NaN
1578963600,1.74,1.74,1.73,1.73,248800,NaN,NaN,NaN,NaN,NaN,NaN,NaN
1579050000,1.74,1.74,1.73,1.74,55800,NaN,NaN,NaN,NaN,NaN,NaN,NaN
1579136400,1.74,1.75,1.73,1.74,162400,NaN,NaN,NaN,NaN,NaN,NaN,NaN
1579222800,1.76,1.76,1.73,1.74,215700,NaN,NaN,NaN,NaN,NaN,NaN,NaN
1579482000,1.74,1.74,1.72,1.73,1874100,NaN,NaN,NaN,NaN,NaN,NaN,NaN
1579568400,1.74,1.74,1.72,1.73,157000,NaN,NaN,NaN,NaN,NaN,NaN,NaN
1579654800,1.73,1.74,1.7,1.72,5082600,NaN,NaN,NaN,NaN,NaN,NaN,NaN
1579741200,1.73,1.74,1.73,1.73,97300,NaN,NaN,NaN,NaN,NaN,NaN,NaN
1579827600,1.74,1.75,1.74,1.74,106300,NaN,NaN,NaN,NaN,NaN,NaN,NaN
1580173200,1.74,1.74,1.72,1.74,747400,NaN,NaN,NaN,NaN,NaN,NaN,NaN
1580259600,1.74,1.74,1.71,1.71,3316900,NaN,NaN,NaN,NaN,NaN,NaN,NaN
1580346000,1.71,1.72,1.7,1.71,3587700,NaN,NaN,NaN,NaN,NaN,NaN,NaN
1580432400,1.72,1.72,1.7,1.71,417700,NaN,NaN,NaN,NaN,NaN,NaN,NaN
1580691600,1.71,1.72,1.7,1.72,561300,NaN,NaN,NaN,NaN,NaN,NaN,NaN
1580778000,1.72,1.72,1.69,1.71,985700,NaN,NaN,NaN,NaN,NaN,NaN,NaN
1580864400,1.71,1.72,1.7,1.72,2774400,NaN,NaN,NaN,NaN,NaN,NaN,NaN
1580950800,1.73,1.73,1.71,1.73,3415500,NaN,NaN,NaN,NaN,NaN,NaN,NaN
1581037200,1.68,1.72,1.67,1.72,1301200,NaN,NaN,NaN,NaN,NaN,NaN,NaN
1581296400,1.72,1.72,1.71,1.71,83000,NaN,NaN,NaN,NaN,NaN,NaN,NaN
1581382800,1.71,1.73,1.7,1.72,233600,NaN,NaN,NaN,NaN,NaN,NaN,NaN
1581469200,1.71,1.74,1.71,1.73,10306800,NaN,NaN,NaN,NaN,NaN,NaN,NaN
1581555600,1.73,1.73,1.7,1.73,1242100,NaN,NaN,NaN,NaN,NaN,NaN,NaN
1581642000,1.72,1.82,1.71,1.8,1848100,NaN,NaN,NaN,NaN,NaN,NaN,NaN
1581901200,1.8,1.8,1.73,1.73,143700,NaN,NaN,NaN,NaN,NaN,NaN,NaN
1581987600,1.73,1.76,1.72,1.76,4533500,NaN,NaN,NaN,NaN,NaN,NaN,NaN
1582074000,1.76,1.76,1.73,1.75,5101200,NaN,NaN,NaN,NaN,NaN,NaN,NaN
1582160400,1.75,1.78,1.74,1.78,2326700,NaN,NaN,NaN,NaN,NaN,NaN,NaN
1582246800,1.78,1.78,1.75,1.75,75000,NaN,NaN,NaN,NaN,NaN,NaN,NaN
1582506000,1.75,1.75,1.72,1.74,47400,NaN,NaN,NaN,NaN,NaN,NaN,NaN
1582592400,1.73,1.73,1.72,1.72,15300,NaN,NaN,NaN,NaN,NaN,NaN,NaN
1582678800,1.73,1.73,1.71,1.72,105200,NaN,NaN,NaN,NaN,NaN,NaN,NaN
1582765200,1.72,1.72,1.71,1.72,92200,NaN,NaN,NaN,NaN,NaN,NaN,NaN
1582851600,1.71,1.8,1.7,1.8,1933100,NaN,NaN,NaN,NaN,NaN,NaN,NaN
1583110800,1.79,1.79,1.71,1.72,627100,NaN,NaN,NaN,NaN,NaN,NaN,NaN
1583197200,1.73,1.75,1.71,1.73,1746700,NaN,NaN,NaN,NaN,NaN,NaN,NaN
1583283600,1.74,1.79,1.73,1.74,1953100,NaN,NaN,NaN,NaN,NaN,NaN,NaN
1583370000,1.75,1.76,1.74,1.75,61700,NaN,NaN,NaN,NaN,NaN,NaN,NaN
1583456400,1.75,1.77,1.73,1.77,148200,NaN,NaN,NaN,NaN,NaN,NaN,NaN
1583715600,1.76,1.76,1.71,1.73,224900,NaN,NaN,NaN,NaN,NaN,NaN,NaN
1583802000,1.72,1.75,1.72,1.73,292300,NaN,NaN,NaN,NaN,NaN,NaN,NaN
1583888400,1.73,1.76,1.72,1.75,1427000,NaN,NaN,NaN,NaN,NaN,NaN,NaN
1583974800,1.73,1.73,1.7,1.72,4397000,NaN,NaN,NaN,NaN,NaN,NaN,NaN
1584061200,1.7,1.7,1.6,1.7,4172500,NaN,NaN,NaN,NaN,NaN,NaN,NaN
1584320400,1.67,1.67,1.62,1.63,3170900,NaN,NaN,NaN,NaN,NaN,NaN,NaN
1584406800,1.58,1.58,1.35,1.55,1016000,NaN,NaN,NaN,NaN,NaN,NaN,NaN
1584493200,1.55,1.63,1.55,1.55,3039100,NaN,NaN,NaN,NaN,NaN,NaN,NaN
1584579600,1.55,1.58,1.51,1.51,3335200,NaN,NaN,NaN,NaN,NaN,NaN,NaN
1584666000,1.5,1.58,1.47,1.57,1446100,NaN,NaN,NaN,NaN,NaN,NaN,NaN
1584925200,1.56,1.56,1.5,1.55,524200,NaN,NaN,NaN,NaN,NaN,NaN,NaN
1585011600,1.54,1.55,1.53,1.54,2607100,NaN,NaN,NaN,NaN,NaN,NaN,NaN
1585098000,1.55,1.61,1.55,1.61,2047500,NaN,NaN,NaN,NaN,NaN,NaN,NaN
1585184400,1.61,1.64,1.58,1.64,97500,NaN,NaN,NaN,NaN,NaN,NaN,NaN
1585270800,1.64,1.68,1.63,1.64,513400,NaN,NaN,NaN,NaN,NaN,NaN,NaN
1585530000,1.65,1.65,1.58,1.6,328600,NaN,NaN,NaN,NaN,NaN,NaN,NaN
1585616400,1.6,1.62,1.55,1.58,2270200,3043332805,6272050000,2378622000,60432000,136707000,3893428000,5.37974683544304
1585702800,1.58,1.58,1.53,1.58,634200,NaN,NaN,NaN,NaN,NaN,NaN,NaN
1585789200,1.6,1.61,1.56,1.59,3182300,NaN,NaN,NaN,NaN,NaN,NaN,NaN
1585875600,1.56,1.59,1.55,1.58,2217200,NaN,NaN,NaN,NaN,NaN,NaN,NaN
1586134800,1.58,1.6,1.58,1.59,703700,NaN,NaN,NaN,NaN,NaN,NaN,NaN
1586221200,1.61,1.61,1.55,1.56,350700,NaN,NaN,NaN,NaN,NaN,NaN,NaN
1586307600,1.57,1.57,1.55,1.56,143100,NaN,NaN,NaN,NaN,NaN,NaN,NaN
1586394000,1.56,1.58,1.55,1.57,422900,NaN,NaN,NaN,NaN,NaN,NaN,NaN
1586480400,1.56,1.57,1.55,1.57,36800,NaN,NaN,NaN,NaN,NaN,NaN,NaN
1586739600,1.57,1.57,1.55,1.56,500900,NaN,NaN,NaN,NaN,NaN,NaN,NaN
1586826000,1.56,1.59,1.56,1.58,504400,NaN,NaN,NaN,NaN,NaN,NaN,NaN
1586912400,1.59,1.63,1.56,1.58,1061100,NaN,NaN,NaN,NaN,NaN,NaN,NaN
1586998800,1.58,1.64,1.57,1.6,556000,NaN,NaN,NaN,NaN,NaN,NaN,NaN
1587085200,1.63,1.65,1.6,1.62,426400,NaN,NaN,NaN,NaN,NaN,NaN,NaN
1587344400,1.65,1.68,1.64,1.64,275100,NaN,NaN,NaN,NaN,NaN,NaN,NaN
1587430800,1.64,1.64,1.6,1.61,173800,NaN,NaN,NaN,NaN,NaN,NaN,NaN
1587517200,1.6,1.64,1.59,1.59,102500,NaN,NaN,NaN,NaN,NaN,NaN,NaN
1587603600,1.6,1.6,1.59,1.6,46800,NaN,NaN,NaN,NaN,NaN,NaN,NaN
1587690000,1.6,1.63,1.6,1.61,10500,NaN,NaN,NaN,NaN,NaN,NaN,NaN
1587949200,1.61,1.63,1.6,1.61,84000,NaN,NaN,NaN,NaN,NaN,NaN,NaN
1588035600,1.6,1.62,1.6,1.62,48500,NaN,NaN,NaN,NaN,NaN,NaN,NaN
1588122000,1.61,1.62,1.59,1.6,622000,NaN,NaN,NaN,NaN,NaN,NaN,NaN
1588208400,1.6,1.62,1.59,1.62,916900,NaN,NaN,NaN,NaN,NaN,NaN,NaN
1588554000,1.6,1.6,1.58,1.59,1077800,NaN,NaN,NaN,NaN,NaN,NaN,NaN
1588640400,1.59,1.6,1.57,1.59,1221200,NaN,NaN,NaN,NaN,NaN,NaN,NaN
1588726800,1.6,1.62,1.6,1.6,951800,NaN,NaN,NaN,NaN,NaN,NaN,NaN
1588899600,1.61,1.63,1.6,1.61,510800,NaN,NaN,NaN,NaN,NaN,NaN,NaN
1589245200,1.61,1.63,1.61,1.62,166300,NaN,NaN,NaN,NaN,NaN,NaN,NaN
1589331600,1.63,1.64,1.62,1.63,139900,NaN,NaN,NaN,NaN,NaN,NaN,NaN
1589418000,1.62,1.63,1.61,1.62,134400,NaN,NaN,NaN,NaN,NaN,NaN,NaN
1589504400,1.62,1.64,1.62,1.63,492900,NaN,NaN,NaN,NaN,NaN,NaN,NaN
1589763600,1.63,1.63,1.58,1.58,479700,NaN,NaN,NaN,NaN,NaN,NaN,NaN
1589850000,1.59,1.65,1.59,1.63,306500,NaN,NaN,NaN,NaN,NaN,NaN,NaN
1589936400,1.63,1.65,1.62,1.65,285100,NaN,NaN,NaN,NaN,NaN,NaN,NaN
1590022800,1.65,1.69,1.65,1.69,240000,NaN,NaN,NaN,NaN,NaN,NaN,NaN
1590109200,1.69,1.7,1.66,1.68,241800,NaN,NaN,NaN,NaN,NaN,NaN,NaN
1590541200,1.67,1.71,1.67,1.71,157100,NaN,NaN,NaN,NaN,NaN,NaN,NaN
1590627600,1.69,1.74,1.69,1.74,315000,NaN,NaN,NaN,NaN,NaN,NaN,NaN
1590714000,1.75,1.75,1.67,1.67,1762900,NaN,NaN,NaN,NaN,NaN,NaN,NaN
1590973200,1.69,1.7,1.61,1.64,644100,NaN,NaN,NaN,NaN,NaN,NaN,NaN
1591059600,1.64,1.66,1.62,1.64,655000,NaN,NaN,NaN,NaN,NaN,NaN,NaN
1591146000,1.64,1.7,1.62,1.69,632900,NaN,NaN,NaN,NaN,NaN,NaN,NaN
1591232400,1.7,1.7,1.67,1.7,179000,NaN,NaN,NaN,NaN,NaN,NaN,NaN
1591318800,1.7,1.7,1.64,1.66,981800,NaN,NaN,NaN,NaN,NaN,NaN,NaN
1591664400,1.68,1.69,1.68,1.69,305000,NaN,NaN,NaN,NaN,NaN,NaN,NaN
1591750800,1.69,1.72,1.68,1.68,562300,NaN,NaN,NaN,NaN,NaN,NaN,NaN
1591837200,1.71,1.71,1.65,1.66,582100,NaN,NaN,NaN,NaN,NaN,NaN,NaN
1591923600,1.64,1.78,1.62,1.73,2380000,NaN,NaN,NaN,NaN,NaN,NaN,NaN
1592182800,1.73,1.73,1.65,1.65,695600,NaN,NaN,NaN,NaN,NaN,NaN,NaN
1592269200,1.66,1.67,1.66,1.67,34500,NaN,NaN,NaN,NaN,NaN,NaN,NaN
1592355600,1.69,1.69,1.66,1.66,55900,NaN,NaN,NaN,NaN,NaN,NaN,NaN
1592442000,1.66,1.66,1.64,1.64,289200,NaN,NaN,NaN,NaN,NaN,NaN,NaN
1592528400,1.64,1.67,1.63,1.67,1115800,NaN,NaN,NaN,NaN,NaN,NaN,NaN
1592787600,1.68,1.7,1.66,1.69,2621000,NaN,NaN,NaN,NaN,NaN,NaN,NaN
1592874000,1.67,1.68,1.65,1.66,695700,NaN,NaN,NaN,NaN,NaN,NaN,NaN
1592960400,1.67,1.67,1.64,1.64,2751300,NaN,NaN,NaN,NaN,NaN,NaN,NaN
1593046800,1.65,1.65,1.64,1.64,681400,NaN,NaN,NaN,NaN,NaN,NaN,NaN
1593133200,1.65,1.65,1.62,1.62,1043200,NaN,NaN,NaN,NaN,NaN,NaN,NaN
1593392400,1.63,1.63,1.61,1.62,123300,NaN,NaN,NaN,NaN,NaN,NaN,NaN
1593478800,1.62,1.67,1.6,1.6,3662700,3043332805,6331625000,2428207000,34146000,127878000,3903418000,3.56875
1593565200,1.61,1.62,1.61,1.61,881100,NaN,NaN,NaN,NaN,NaN,NaN,NaN
1593651600,1.61,1.65,1.61,1.63,406500,NaN,NaN,NaN,NaN,NaN,NaN,NaN
1593738000,1.65,1.66,1.64,1.66,367500,NaN,NaN,NaN,NaN,NaN,NaN,NaN
1593997200,1.66,1.66,1.64,1.65,368900,NaN,NaN,NaN,NaN,NaN,NaN,NaN
1594083600,1.65,1.65,1.63,1.64,863300,NaN,NaN,NaN,NaN,NaN,NaN,NaN
1594170000,1.65,1.65,1.62,1.64,646900,NaN,NaN,NaN,NaN,NaN,NaN,NaN
1594256400,1.65,1.65,1.63,1.63,198800,NaN,NaN,NaN,NaN,NaN,NaN,NaN
1594342800,1.65,1.65,1.63,1.64,517300,NaN,NaN,NaN,NaN,NaN,NaN,NaN
1594602000,1.63,1.64,1.62,1.63,181000,NaN,NaN,NaN,NaN,NaN,NaN,NaN
1594688400,1.62,1.63,1.61,1.61,192500,NaN,NaN,NaN,NaN,NaN,NaN,NaN
1594774800,1.62,1.62,1.61,1.62,94500,NaN,NaN,NaN,NaN,NaN,NaN,NaN
1594861200,1.62,1.62,1.59,1.6,200000,NaN,NaN,NaN,NaN,NaN,NaN,NaN
1594947600,1.6,1.61,1.6,1.6,82400,NaN,NaN,NaN,NaN,NaN,NaN,NaN
1595206800,1.6,1.64,1.6,1.62,220000,NaN,NaN,NaN,NaN,NaN,NaN,NaN
1595293200,1.62,1.63,1.61,1.62,112000,NaN,NaN,NaN,NaN,NaN,NaN,NaN
1595379600,1.6,1.61,1.59,1.59,265400,NaN,NaN,NaN,NaN,NaN,NaN,NaN
1595466000,1.59,1.64,1.59,1.6,2325600,NaN,NaN,NaN,NaN,NaN,NaN,NaN
1595552400,1.6,1.6,1.58,1.58,591400,NaN,NaN,NaN,NaN,NaN,NaN,NaN
1595811600,1.58,1.58,1.57,1.57,236300,NaN,NaN,NaN,NaN,NaN,NaN,NaN
1595898000,1.58,1.58,1.56,1.57,222000,NaN,NaN,NaN,NaN,NaN,NaN,NaN
1595984400,1.56,1.57,1.54,1.55,468100,NaN,NaN,NaN,NaN,NaN,NaN,NaN
1596070800,1.55,1.55,1.51,1.51,408300,NaN,NaN,NaN,NaN,NaN,NaN,NaN
1596416400,1.51,1.53,1.49,1.5,586400,NaN,NaN,NaN,NaN,NaN,NaN,NaN
1596502800,1.51,1.51,1.49,1.51,396800,NaN,NaN,NaN,NaN,NaN,NaN,NaN
1596589200,1.51,1.53,1.51,1.53,48900,NaN,NaN,NaN,NaN,NaN,NaN,NaN
1596675600,1.52,1.58,1.52,1.53,177000,NaN,NaN,NaN,NaN,NaN,NaN,NaN
1596762000,1.53,1.53,1.5,1.51,163300,NaN,NaN,NaN,NaN,NaN,NaN,NaN
1597021200,1.54,1.54,1.51,1.51,29900,NaN,NaN,NaN,NaN,NaN,NaN,NaN
1597107600,1.51,1.53,1.51,1.53,92000,NaN,NaN,NaN,NaN,NaN,NaN,NaN
1597194000,1.53,1.58,1.53,1.58,71600,NaN,NaN,NaN,NaN,NaN,NaN,NaN
1597280400,1.57,1.58,1.55,1.57,164200,NaN,NaN,NaN,NaN,NaN,NaN,NaN
1597366800,1.57,1.57,1.55,1.56,328100,NaN,NaN,NaN,NaN,NaN,NaN,NaN
1597626000,1.56,1.57,1.55,1.57,54700,NaN,NaN,NaN,NaN,NaN,NaN,NaN
1597712400,1.57,1.57,1.55,1.56,414300,NaN,NaN,NaN,NaN,NaN,NaN,NaN
1597798800,1.56,1.56,1.54,1.55,417700,NaN,NaN,NaN,NaN,NaN,NaN,NaN
1597971600,1.55,1.55,1.52,1.53,194700,NaN,NaN,NaN,NaN,NaN,NaN,NaN
1598230800,1.54,1.57,1.53,1.57,169200,NaN,NaN,NaN,NaN,NaN,NaN,NaN
1598317200,1.54,1.55,1.54,1.55,31100,NaN,NaN,NaN,NaN,NaN,NaN,NaN
1598403600,1.57,1.57,1.55,1.57,330500,NaN,NaN,NaN,NaN,NaN,NaN,NaN
1598490000,1.58,1.58,1.55,1.57,77200,NaN,NaN,NaN,NaN,NaN,NaN,NaN
1598576400,1.58,1.58,1.55,1.55,212500,NaN,NaN,NaN,NaN,NaN,NaN,NaN
1598922000,1.55,1.56,1.55,1.56,356100,NaN,NaN,NaN,NaN,NaN,NaN,NaN
1599008400,1.55,1.57,1.55,1.57,48400,NaN,NaN,NaN,NaN,NaN,NaN,NaN
1599094800,1.57,1.58,1.57,1.58,50200,NaN,NaN,NaN,NaN,NaN,NaN,NaN
1599181200,1.58,1.58,1.57,1.58,105300,NaN,NaN,NaN,NaN,NaN,NaN,NaN
1599440400,1.57,1.58,1.57,1.58,30200,NaN,NaN,NaN,NaN,NaN,NaN,NaN
1599526800,1.59,1.61,1.59,1.6,163000,NaN,NaN,NaN,NaN,NaN,NaN,NaN
1599613200,1.62,1.62,1.58,1.6,635300,NaN,NaN,NaN,NaN,NaN,NaN,NaN
1599699600,1.6,1.6,1.59,1.6,129300,NaN,NaN,NaN,NaN,NaN,NaN,NaN
1599786000,1.59,1.6,1.59,1.6,71900,NaN,NaN,NaN,NaN,NaN,NaN,NaN
1600045200,1.59,1.6,1.58,1.59,440100,NaN,NaN,NaN,NaN,NaN,NaN,NaN
1600131600,1.59,1.59,1.58,1.58,18500,NaN,NaN,NaN,NaN,NaN,NaN,NaN
1600304400,1.59,1.62,1.58,1.59,53900,NaN,NaN,NaN,NaN,NaN,NaN,NaN
1600390800,1.59,1.6,1.55,1.55,651000,NaN,NaN,NaN,NaN,NaN,NaN,NaN
1600650000,1.55,1.56,1.55,1.56,12400,NaN,NaN,NaN,NaN,NaN,NaN,NaN
1600736400,1.56,1.56,1.55,1.56,21300,NaN,NaN,NaN,NaN,NaN,NaN,NaN
1600822800,1.56,1.56,1.54,1.54,429100,NaN,NaN,NaN,NaN,NaN,NaN,NaN
1600909200,1.54,1.6,1.53,1.57,714500,NaN,NaN,NaN,NaN,NaN,NaN,NaN
1600995600,1.57,1.57,1.54,1.56,139000,NaN,NaN,NaN,NaN,NaN,NaN,NaN
1601254800,1.56,1.56,1.54,1.54,208200,NaN,NaN,NaN,NaN,NaN,NaN,NaN
1601341200,1.54,1.55,1.53,1.54,1271500,NaN,NaN,NaN,NaN,NaN,NaN,NaN
1601427600,1.54,1.55,1.52,1.54,314100,3045307543,6337239000,2447640000,55123000,119952000,3889599000,3.70779220779221
1601514000,1.52,1.54,1.52,1.53,38400,NaN,NaN,NaN,NaN,NaN,NaN,NaN
1601600400,1.54,1.54,1.51,1.52,214600,NaN,NaN,NaN,NaN,NaN,NaN,NaN
1601859600,1.5,1.52,1.5,1.5,8800,NaN,NaN,NaN,NaN,NaN,NaN,NaN
1601946000,1.51,1.53,1.5,1.51,563500,NaN,NaN,NaN,NaN,NaN,NaN,NaN
1602032400,1.5,1.52,1.5,1.51,25300,NaN,NaN,NaN,NaN,NaN,NaN,NaN
1602118800,1.52,1.55,1.52,1.53,393600,NaN,NaN,NaN,NaN,NaN,NaN,NaN
1602205200,1.52,1.52,1.49,1.5,558400,NaN,NaN,NaN,NaN,NaN,NaN,NaN
1602464400,1.5,1.5,1.49,1.49,46700,NaN,NaN,NaN,NaN,NaN,NaN,NaN
1602550800,1.5,1.5,1.5,1.5,88800,NaN,NaN,NaN,NaN,NaN,NaN,NaN
1602637200,1.51,1.51,1.48,1.48,189400,NaN,NaN,NaN,NaN,NaN,NaN,NaN
1602723600,1.49,1.5,1.47,1.48,212000,NaN,NaN,NaN,NaN,NaN,NaN,NaN
1602810000,1.47,1.47,1.38,1.41,1102800,NaN,NaN,NaN,NaN,NaN,NaN,NaN
1603069200,1.4,1.41,1.38,1.41,370300,NaN,NaN,NaN,NaN,NaN,NaN,NaN
1603155600,1.41,1.41,1.37,1.39,579900,NaN,NaN,NaN,NaN,NaN,NaN,NaN
1603242000,1.39,1.4,1.38,1.39,40500,NaN,NaN,NaN,NaN,NaN,NaN,NaN
1603328400,1.38,1.41,1.37,1.4,195700,NaN,NaN,NaN,NaN,NaN,NaN,NaN
1603414800,1.42,1.42,1.37,1.4,1025900,NaN,NaN,NaN,NaN,NaN,NaN,NaN
1603674000,1.4,1.4,1.38,1.39,210500,NaN,NaN,NaN,NaN,NaN,NaN,NaN
1603760400,1.41,1.41,1.37,1.38,841800,NaN,NaN,NaN,NaN,NaN,NaN,NaN
1603846800,1.39,1.4,1.38,1.4,899500,NaN,NaN,NaN,NaN,NaN,NaN,NaN
1604019600,1.38,1.39,1.38,1.39,289200,NaN,NaN,NaN,NaN,NaN,NaN,NaN
1604278800,1.4,1.4,1.36,1.38,250000,NaN,NaN,NaN,NaN,NaN,NaN,NaN
1604365200,1.37,1.37,1.35,1.37,352900,NaN,NaN,NaN,NaN,NaN,NaN,NaN
1604451600,1.37,1.38,1.36,1.38,71000,NaN,NaN,NaN,NaN,NaN,NaN,NaN
1604538000,1.35,1.46,1.35,1.46,456700,NaN,NaN,NaN,NaN,NaN,NaN,NaN
1604624400,1.46,1.46,1.38,1.43,192500,NaN,NaN,NaN,NaN,NaN,NaN,NaN
1604883600,1.43,1.43,1.37,1.38,115200,NaN,NaN,NaN,NaN,NaN,NaN,NaN
1604970000,1.4,1.46,1.39,1.43,3255200,NaN,NaN,NaN,NaN,NaN,NaN,NaN
1605056400,1.44,1.44,1.41,1.43,894700,NaN,NaN,NaN,NaN,NaN,NaN,NaN
1605142800,1.44,1.45,1.44,1.45,360600,NaN,NaN,NaN,NaN,NaN,NaN,NaN
1605229200,1.45,1.47,1.45,1.47,308400,NaN,NaN,NaN,NaN,NaN,NaN,NaN
1605488400,1.48,1.49,1.46,1.47,202500,NaN,NaN,NaN,NaN,NaN,NaN,NaN
1605574800,1.5,1.5,1.47,1.47,223600,NaN,NaN,NaN,NaN,NaN,NaN,NaN
1605661200,1.47,1.5,1.46,1.5,139600,NaN,NaN,NaN,NaN,NaN,NaN,NaN
1605747600,1.49,1.49,1.47,1.49,133400,NaN,NaN,NaN,NaN,NaN,NaN,NaN
1605834000,1.49,1.5,1.48,1.5,62500,NaN,NaN,NaN,NaN,NaN,NaN,NaN
1606093200,1.5,1.5,1.49,1.5,192800,NaN,NaN,NaN,NaN,NaN,NaN,NaN
1606179600,1.5,1.5,1.48,1.49,76500,NaN,NaN,NaN,NaN,NaN,NaN,NaN
1606266000,1.5,1.5,1.5,1.5,744800,NaN,NaN,NaN,NaN,NaN,NaN,NaN
1606352400,1.5,1.51,1.5,1.51,536600,NaN,NaN,NaN,NaN,NaN,NaN,NaN
1606438800,1.51,1.51,1.49,1.49,164800,NaN,NaN,NaN,NaN,NaN,NaN,NaN
1606698000,1.49,1.57,1.49,1.57,1138300,NaN,NaN,NaN,NaN,NaN,NaN,NaN
1606784400,1.53,1.54,1.5,1.52,161800,NaN,NaN,NaN,NaN,NaN,NaN,NaN
1606870800,1.52,1.53,1.5,1.52,837700,NaN,NaN,NaN,NaN,NaN,NaN,NaN
1606957200,1.51,1.55,1.51,1.52,879300,NaN,NaN,NaN,NaN,NaN,NaN,NaN
1607043600,1.52,1.54,1.52,1.53,679800,NaN,NaN,NaN,NaN,NaN,NaN,NaN
1607302800,1.53,1.59,1.52,1.55,804600,NaN,NaN,NaN,NaN,NaN,NaN,NaN
1607389200,1.54,1.58,1.54,1.57,195200,NaN,NaN,NaN,NaN,NaN,NaN,NaN
1607475600,1.56,1.57,1.55,1.55,265900,NaN,NaN,NaN,NaN,NaN,NaN,NaN
1607562000,1.56,1.57,1.55,1.55,159000,NaN,NaN,NaN,NaN,NaN,NaN,NaN
1607648400,1.56,1.59,1.55,1.58,1278300,NaN,NaN,NaN,NaN,NaN,NaN,NaN
1607907600,1.59,1.59,1.55,1.57,186000,NaN,NaN,NaN,NaN,NaN,NaN,NaN
1607994000,1.57,1.58,1.54,1.56,275100,NaN,NaN,NaN,NaN,NaN,NaN,NaN
1608080400,1.57,1.59,1.53,1.59,230200,NaN,NaN,NaN,NaN,NaN,NaN,NaN
1608166800,1.58,1.58,1.58,1.58,18200,NaN,NaN,NaN,NaN,NaN,NaN,NaN
1608253200,1.56,1.63,1.56,1.63,304700,NaN,NaN,NaN,NaN,NaN,NaN,NaN
1608512400,1.6,1.6,1.58,1.6,194000,NaN,NaN,NaN,NaN,NaN,NaN,NaN
1608598800,1.59,1.6,1.57,1.6,101100,NaN,NaN,NaN,NaN,NaN,NaN,NaN
1608685200,1.57,1.6,1.57,1.58,67500,NaN,NaN,NaN,NaN,NaN,NaN,NaN
1608771600,1.57,1.59,1.57,1.57,6900,NaN,NaN,NaN,NaN,NaN,NaN,NaN
1609117200,1.6,1.6,1.57,1.6,214100,NaN,NaN,NaN,NaN,NaN,NaN,NaN
1609203600,1.58,1.58,1.55,1.55,135000,NaN,NaN,NaN,NaN,NaN,NaN,NaN
1609290000,1.56,1.56,1.54,1.54,264900,NaN,NaN,NaN,NaN,NaN,NaN,NaN
1609376400,1.54,1.54,1.5,1.5,495300,3045307543,6241907000,2382590000,62798000,132068000.00000001,3859317000,2.75333333333333
1609722000,1.52,1.53,1.51,1.52,547800,NaN,NaN,NaN,NaN,NaN,NaN,NaN
1609808400,1.52,1.52,1.5,1.5,941200,NaN,NaN,NaN,NaN,NaN,NaN,NaN
1609894800,1.5,1.5,1.49,1.5,24800,NaN,NaN,NaN,NaN,NaN,NaN,NaN
1609981200,1.49,1.49,1.47,1.47,285900,NaN,NaN,NaN,NaN,NaN,NaN,NaN
1610067600,1.47,1.47,1.45,1.46,178200,NaN,NaN,NaN,NaN,NaN,NaN,NaN
1610326800,1.46,1.5,1.41,1.49,505400,NaN,NaN,NaN,NaN,NaN,NaN,NaN
1610413200,1.42,1.44,1.41,1.41,608400,NaN,NaN,NaN,NaN,NaN,NaN,NaN
1610499600,1.45,1.48,1.42,1.45,332500,NaN,NaN,NaN,NaN,NaN,NaN,NaN
1610586000,1.45,1.47,1.43,1.47,167100,NaN,NaN,NaN,NaN,NaN,NaN,NaN
1610672400,1.47,1.47,1.43,1.45,469400,NaN,NaN,NaN,NaN,NaN,NaN,NaN
1610931600,1.45,1.45,1.41,1.41,307500,NaN,NaN,NaN,NaN,NaN,NaN,NaN
1611018000,1.42,1.42,1.41,1.42,811200,NaN,NaN,NaN,NaN,NaN,NaN,NaN
1611104400,1.42,1.43,1.4,1.4,421500,NaN,NaN,NaN,NaN,NaN,NaN,NaN
1611190800,1.41,1.42,1.39,1.4,992900,NaN,NaN,NaN,NaN,NaN,NaN,NaN
1611277200,1.4,1.41,1.39,1.4,689000,NaN,NaN,NaN,NaN,NaN,NaN,NaN
1611536400,1.4,1.4,1.36,1.37,940300,NaN,NaN,NaN,NaN,NaN,NaN,NaN
1611622800,1.38,1.39,1.35,1.36,812100,NaN,NaN,NaN,NaN,NaN,NaN,NaN
1611709200,1.36,1.38,1.34,1.37,1870300,NaN,NaN,NaN,NaN,NaN,NaN,NaN
1611882000,1.38,1.39,1.34,1.38,574500,NaN,NaN,NaN,NaN,NaN,NaN,NaN
1612227600,1.4,1.4,1.36,1.37,744500,NaN,NaN,NaN,NaN,NaN,NaN,NaN
1612314000,1.37,1.39,1.36,1.37,704200,NaN,NaN,NaN,NaN,NaN,NaN,NaN
1612400400,1.39,1.4,1.37,1.39,1278700,NaN,NaN,NaN,NaN,NaN,NaN,NaN
1612486800,1.39,1.39,1.38,1.38,244100,NaN,NaN,NaN,NaN,NaN,NaN,NaN
1612746000,1.4,1.41,1.37,1.38,577400,NaN,NaN,NaN,NaN,NaN,NaN,NaN
1612832400,1.38,1.39,1.37,1.37,1135100,NaN,NaN,NaN,NaN,NaN,NaN,NaN
1612918800,1.38,1.4,1.37,1.37,1828100,NaN,NaN,NaN,NaN,NaN,NaN,NaN
1613005200,1.37,1.37,1.35,1.35,347800,NaN,NaN,NaN,NaN,NaN,NaN,NaN
1613350800,1.36,1.37,1.35,1.36,1167800,NaN,NaN,NaN,NaN,NaN,NaN,NaN
1613437200,1.37,1.38,1.36,1.37,2660100,NaN,NaN,NaN,NaN,NaN,NaN,NaN
1613523600,1.38,1.38,1.36,1.37,1796500,NaN,NaN,NaN,NaN,NaN,NaN,NaN
1613610000,1.37,1.38,1.35,1.36,1987800,NaN,NaN,NaN,NaN,NaN,NaN,NaN
1613696400,1.37,1.38,1.35,1.37,3588600,NaN,NaN,NaN,NaN,NaN,NaN,NaN
1613955600,1.37,1.39,1.36,1.37,1400900,NaN,NaN,NaN,NaN,NaN,NaN,NaN
1614042000,1.38,1.38,1.36,1.37,957300,NaN,NaN,NaN,NaN,NaN,NaN,NaN
1614128400,1.37,1.38,1.36,1.37,1720100,NaN,NaN,NaN,NaN,NaN,NaN,NaN
1614214800,1.37,1.38,1.36,1.37,1049800,NaN,NaN,NaN,NaN,NaN,NaN,NaN
1614301200,1.36,1.38,1.36,1.36,1657500,NaN,NaN,NaN,NaN,NaN,NaN,NaN
1614560400,1.36,1.38,1.36,1.37,725900,NaN,NaN,NaN,NaN,NaN,NaN,NaN
1614646800,1.37,1.37,1.36,1.37,534600,NaN,NaN,NaN,NaN,NaN,NaN,NaN
1614733200,1.37,1.38,1.36,1.37,340800,NaN,NaN,NaN,NaN,NaN,NaN,NaN
1614819600,1.38,1.38,1.37,1.38,441300,NaN,NaN,NaN,NaN,NaN,NaN,NaN
1614906000,1.37,1.39,1.37,1.38,966900,NaN,NaN,NaN,NaN,NaN,NaN,NaN
1615165200,1.39,1.45,1.38,1.43,1285600,NaN,NaN,NaN,NaN,NaN,NaN,NaN
1615251600,1.44,1.44,1.41,1.44,1540900,NaN,NaN,NaN,NaN,NaN,NaN,NaN
1615338000,1.45,1.47,1.44,1.46,1313800,NaN,NaN,NaN,NaN,NaN,NaN,NaN
1615424400,1.48,1.48,1.44,1.45,681600,NaN,NaN,NaN,NaN,NaN,NaN,NaN
1615510800,1.45,1.47,1.44,1.45,953600,NaN,NaN,NaN,NaN,NaN,NaN,NaN
1615770000,1.45,1.45,1.44,1.44,292800,NaN,NaN,NaN,NaN,NaN,NaN,NaN
1615856400,1.44,1.45,1.41,1.42,1006800,NaN,NaN,NaN,NaN,NaN,NaN,NaN
1615942800,1.43,1.43,1.39,1.4,4325600,NaN,NaN,NaN,NaN,NaN,NaN,NaN
1616029200,1.4,1.44,1.39,1.4,4929900,NaN,NaN,NaN,NaN,NaN,NaN,NaN
1616115600,1.4,1.41,1.36,1.36,24527400,NaN,NaN,NaN,NaN,NaN,NaN,NaN
1616374800,1.36,1.39,1.36,1.38,1932900,NaN,NaN,NaN,NaN,NaN,NaN,NaN
1616461200,1.38,1.4,1.37,1.38,964700,NaN,NaN,NaN,NaN,NaN,NaN,NaN
1616547600,1.39,1.39,1.37,1.38,2003100,NaN,NaN,NaN,NaN,NaN,NaN,NaN
1616634000,1.39,1.4,1.38,1.39,2312400,NaN,NaN,NaN,NaN,NaN,NaN,NaN
1616720400,1.39,1.39,1.38,1.39,511400,NaN,NaN,NaN,NaN,NaN,NaN,NaN
1616979600,1.39,1.41,1.39,1.41,572500,NaN,NaN,NaN,NaN,NaN,NaN,NaN
1617066000,1.42,1.42,1.39,1.42,654000,NaN,NaN,NaN,NaN,NaN,NaN,NaN
1617152400,1.42,1.42,1.39,1.4,683500,3047723507,6223828000,2406705000,53336000,127447000,3817123000,2.95
1617238800,1.4,1.41,1.39,1.39,712300,NaN,NaN,NaN,NaN,NaN,NaN,NaN
1617325200,1.39,1.4,1.39,1.39,546600,NaN,NaN,NaN,NaN,NaN,NaN,NaN
1617584400,1.4,1.41,1.39,1.4,270500,NaN,NaN,NaN,NaN,NaN,NaN,NaN
1617670800,1.41,1.42,1.41,1.42,331100,NaN,NaN,NaN,NaN,NaN,NaN,NaN
1617757200,1.42,1.43,1.41,1.43,811000,NaN,NaN,NaN,NaN,NaN,NaN,NaN
1617843600,1.43,1.45,1.43,1.43,507700,NaN,NaN,NaN,NaN,NaN,NaN,NaN
1617930000,1.43,1.45,1.43,1.44,695700,NaN,NaN,NaN,NaN,NaN,NaN,NaN
1618189200,1.44,1.44,1.42,1.43,385300,NaN,NaN,NaN,NaN,NaN,NaN,NaN
1618275600,1.42,1.43,1.42,1.42,290700,NaN,NaN,NaN,NaN,NaN,NaN,NaN
1618362000,1.43,1.43,1.42,1.42,170900,NaN,NaN,NaN,NaN,NaN,NaN,NaN
1618448400,1.43,1.43,1.4,1.41,1287300,NaN,NaN,NaN,NaN,NaN,NaN,NaN
1618534800,1.4,1.42,1.4,1.41,568800,NaN,NaN,NaN,NaN,NaN,NaN,NaN
1618794000,1.41,1.41,1.4,1.4,422200,NaN,NaN,NaN,NaN,NaN,NaN,NaN
1618880400,1.4,1.42,1.39,1.4,715600,NaN,NaN,NaN,NaN,NaN,NaN,NaN
1618966800,1.4,1.42,1.4,1.4,202400,NaN,NaN,NaN,NaN,NaN,NaN,NaN
1619053200,1.41,1.41,1.4,1.4,123100,NaN,NaN,NaN,NaN,NaN,NaN,NaN
1619139600,1.41,1.41,1.4,1.41,570400,NaN,NaN,NaN,NaN,NaN,NaN,NaN
1619398800,1.41,1.42,1.4,1.41,390200,NaN,NaN,NaN,NaN,NaN,NaN,NaN
1619485200,1.41,1.41,1.4,1.41,205400,NaN,NaN,NaN,NaN,NaN,NaN,NaN
1619571600,1.41,1.41,1.4,1.4,282800,NaN,NaN,NaN,NaN,NaN,NaN,NaN
1619744400,1.4,1.41,1.39,1.39,522800,NaN,NaN,NaN,NaN,NaN,NaN,NaN
1620003600,1.39,1.4,1.39,1.4,595800,NaN,NaN,NaN,NaN,NaN,NaN,NaN
1620090000,1.4,1.4,1.38,1.39,648800,NaN,NaN,NaN,NaN,NaN,NaN,NaN
1620176400,1.39,1.39,1.38,1.39,145100,NaN,NaN,NaN,NaN,NaN,NaN,NaN
1620262800,1.38,1.38,1.37,1.37,706400,NaN,NaN,NaN,NaN,NaN,NaN,NaN
1620349200,1.37,1.39,1.36,1.37,1259400,NaN,NaN,NaN,NaN,NaN,NaN,NaN
1620608400,1.36,1.38,1.36,1.37,372200,NaN,NaN,NaN,NaN,NaN,NaN,NaN
1620694800,1.36,1.37,1.35,1.35,688300,NaN,NaN,NaN,NaN,NaN,NaN,NaN
1620781200,1.35,1.37,1.35,1.36,88200,NaN,NaN,NaN,NaN,NaN,NaN,NaN
1621213200,1.36,1.36,1.35,1.36,468500,NaN,NaN,NaN,NaN,NaN,NaN,NaN
1621299600,1.36,1.36,1.35,1.35,363800,NaN,NaN,NaN,NaN,NaN,NaN,NaN
1621386000,1.35,1.36,1.33,1.33,1796800,NaN,NaN,NaN,NaN,NaN,NaN,NaN
1621472400,1.33,1.34,1.31,1.31,1943800,NaN,NaN,NaN,NaN,NaN,NaN,NaN
1621558800,1.3,1.31,1.27,1.3,2269400,NaN,NaN,NaN,NaN,NaN,NaN,NaN
1621818000,1.3,1.33,1.29,1.3,1942600,NaN,NaN,NaN,NaN,NaN,NaN,NaN
1621904400,1.3,1.31,1.29,1.3,597600,NaN,NaN,NaN,NaN,NaN,NaN,NaN
1622077200,1.3,1.31,1.29,1.29,1580500,NaN,NaN,NaN,NaN,NaN,NaN,NaN
1622163600,1.3,1.31,1.29,1.3,744200,NaN,NaN,NaN,NaN,NaN,NaN,NaN
1622422800,1.28,1.3,1.26,1.28,716100,NaN,NaN,NaN,NaN,NaN,NaN,NaN
1622509200,1.28,1.3,1.28,1.29,1574100,NaN,NaN,NaN,NaN,NaN,NaN,NaN
1622595600,1.29,1.33,1.29,1.33,1255900,NaN,NaN,NaN,NaN,NaN,NaN,NaN
1622682000,1.33,1.36,1.33,1.35,558100,NaN,NaN,NaN,NaN,NaN,NaN,NaN
1622768400,1.36,1.36,1.33,1.34,476000,NaN,NaN,NaN,NaN,NaN,NaN,NaN
1623114000,1.36,1.38,1.35,1.37,466200,NaN,NaN,NaN,NaN,NaN,NaN,NaN
1623200400,1.37,1.37,1.36,1.36,171600,NaN,NaN,NaN,NaN,NaN,NaN,NaN
1623286800,1.36,1.37,1.36,1.36,45300,NaN,NaN,NaN,NaN,NaN,NaN,NaN
1623373200,1.36,1.37,1.35,1.36,135200,NaN,NaN,NaN,NaN,NaN,NaN,NaN
1623632400,1.36,1.37,1.35,1.37,540200,NaN,NaN,NaN,NaN,NaN,NaN,NaN
1623718800,1.37,1.39,1.36,1.39,449500,NaN,NaN,NaN,NaN,NaN,NaN,NaN
1623805200,1.39,1.39,1.37,1.37,382900,NaN,NaN,NaN,NaN,NaN,NaN,NaN
1623891600,1.38,1.39,1.37,1.38,145700,NaN,NaN,NaN,NaN,NaN,NaN,NaN
1623978000,1.38,1.38,1.36,1.36,588900,NaN,NaN,NaN,NaN,NaN,NaN,NaN
1624237200,1.37,1.37,1.36,1.36,488500,NaN,NaN,NaN,NaN,NaN,NaN,NaN
1624323600,1.36,1.39,1.36,1.37,243800,NaN,NaN,NaN,NaN,NaN,NaN,NaN
1624410000,1.37,1.38,1.36,1.38,222900,NaN,NaN,NaN,NaN,NaN,NaN,NaN
1624496400,1.37,1.38,1.36,1.38,239500,NaN,NaN,NaN,NaN,NaN,NaN,NaN
1624582800,1.38,1.38,1.36,1.37,395400,NaN,NaN,NaN,NaN,NaN,NaN,NaN
1624842000,1.36,1.37,1.35,1.36,355600,NaN,NaN,NaN,NaN,NaN,NaN,NaN
1624928400,1.36,1.37,1.35,1.36,319800,NaN,NaN,NaN,NaN,NaN,NaN,NaN
1625014800,1.35,1.37,1.35,1.36,60200,3047723507,6246665000,2409133000,42275000,125964000,3837532000,3.19852941176471
1625101200,1.35,1.37,1.35,1.36,375200,NaN,NaN,NaN,NaN,NaN,NaN,NaN
1625187600,1.35,1.37,1.35,1.37,129600,NaN,NaN,NaN,NaN,NaN,NaN,NaN
1625446800,1.37,1.37,1.34,1.35,919400,NaN,NaN,NaN,NaN,NaN,NaN,NaN
1625533200,1.36,1.37,1.35,1.36,1146000,NaN,NaN,NaN,NaN,NaN,NaN,NaN
1625619600,1.35,1.36,1.34,1.34,443700,NaN,NaN,NaN,NaN,NaN,NaN,NaN
1625706000,1.34,1.36,1.33,1.35,858200,NaN,NaN,NaN,NaN,NaN,NaN,NaN
1625792400,1.35,1.37,1.35,1.37,244600,NaN,NaN,NaN,NaN,NaN,NaN,NaN
1626051600,1.36,1.37,1.36,1.37,146100,NaN,NaN,NaN,NaN,NaN,NaN,NaN
1626138000,1.36,1.37,1.35,1.37,186000,NaN,NaN,NaN,NaN,NaN,NaN,NaN
1626224400,1.36,1.37,1.35,1.37,153800,NaN,NaN,NaN,NaN,NaN,NaN,NaN
1626310800,1.36,1.37,1.35,1.37,852700,NaN,NaN,NaN,NaN,NaN,NaN,NaN
1626397200,1.36,1.37,1.35,1.37,202600,NaN,NaN,NaN,NaN,NaN,NaN,NaN
1626656400,1.37,1.38,1.37,1.38,186600,NaN,NaN,NaN,NaN,NaN,NaN,NaN
1626829200,1.38,1.39,1.36,1.37,247000,NaN,NaN,NaN,NaN,NaN,NaN,NaN
1626915600,1.37,1.38,1.37,1.38,202400,NaN,NaN,NaN,NaN,NaN,NaN,NaN
1627002000,1.37,1.38,1.36,1.37,49500,NaN,NaN,NaN,NaN,NaN,NaN,NaN
1627261200,1.37,1.38,1.36,1.37,137500,NaN,NaN,NaN,NaN,NaN,NaN,NaN
1627347600,1.37,1.38,1.36,1.36,208200,NaN,NaN,NaN,NaN,NaN,NaN,NaN
1627434000,1.37,1.38,1.36,1.38,218800,NaN,NaN,NaN,NaN,NaN,NaN,NaN
1627520400,1.38,1.38,1.36,1.38,137000,NaN,NaN,NaN,NaN,NaN,NaN,NaN
1627606800,1.36,1.37,1.33,1.35,580300,NaN,NaN,NaN,NaN,NaN,NaN,NaN
1627866000,1.35,1.37,1.35,1.36,307800,NaN,NaN,NaN,NaN,NaN,NaN,NaN
1627952400,1.36,1.37,1.35,1.35,647900,NaN,NaN,NaN,NaN,NaN,NaN,NaN
1628038800,1.35,1.36,1.34,1.35,45800,NaN,NaN,NaN,NaN,NaN,NaN,NaN
1628125200,1.35,1.37,1.34,1.36,1270100,NaN,NaN,NaN,NaN,NaN,NaN,NaN
1628211600,1.35,1.37,1.35,1.36,156900,NaN,NaN,NaN,NaN,NaN,NaN,NaN
1628470800,1.37,1.37,1.35,1.36,247400,NaN,NaN,NaN,NaN,NaN,NaN,NaN
1628643600,1.36,1.37,1.35,1.37,176200,NaN,NaN,NaN,NaN,NaN,NaN,NaN
1628730000,1.37,1.37,1.36,1.36,29000,NaN,NaN,NaN,NaN,NaN,NaN,NaN
1628816400,1.36,1.37,1.36,1.36,90700,NaN,NaN,NaN,NaN,NaN,NaN,NaN
1629075600,1.37,1.38,1.36,1.36,608200,NaN,NaN,NaN,NaN,NaN,NaN,NaN
1629162000,1.38,1.38,1.36,1.38,37000,NaN,NaN,NaN,NaN,NaN,NaN,NaN
1629248400,1.38,1.38,1.36,1.38,182300,NaN,NaN,NaN,NaN,NaN,NaN,NaN
1629334800,1.37,1.37,1.35,1.35,267500,NaN,NaN,NaN,NaN,NaN,NaN,NaN
1629421200,1.36,1.38,1.35,1.38,72700,NaN,NaN,NaN,NaN,NaN,NaN,NaN
1629680400,1.37,1.38,1.36,1.38,108500,NaN,NaN,NaN,NaN,NaN,NaN,NaN
1629766800,1.38,1.39,1.37,1.38,428100,NaN,NaN,NaN,NaN,NaN,NaN,NaN
1629853200,1.38,1.39,1.37,1.38,595200,NaN,NaN,NaN,NaN,NaN,NaN,NaN
1629939600,1.38,1.39,1.36,1.37,703500,NaN,NaN,NaN,NaN,NaN,NaN,NaN
1630026000,1.37,1.37,1.36,1.36,99300,NaN,NaN,NaN,NaN,NaN,NaN,NaN
1630285200,1.37,1.39,1.36,1.39,255100,NaN,NaN,NaN,NaN,NaN,NaN,NaN
1630458000,1.39,1.4,1.39,1.4,493100,NaN,NaN,NaN,NaN,NaN,NaN,NaN
1630544400,1.41,1.41,1.4,1.41,264100,NaN,NaN,NaN,NaN,NaN,NaN,NaN
1630630800,1.4,1.41,1.4,1.41,44600,NaN,NaN,NaN,NaN,NaN,NaN,NaN
1630890000,1.41,1.42,1.4,1.4,68900,NaN,NaN,NaN,NaN,NaN,NaN,NaN
1630976400,1.41,1.42,1.4,1.42,216900,NaN,NaN,NaN,NaN,NaN,NaN,NaN
1631062800,1.42,1.44,1.42,1.44,344500,NaN,NaN,NaN,NaN,NaN,NaN,NaN
1631149200,1.44,1.44,1.42,1.44,252000,NaN,NaN,NaN,NaN,NaN,NaN,NaN
1631235600,1.44,1.44,1.42,1.43,30400,NaN,NaN,NaN,NaN,NaN,NaN,NaN
1631494800,1.43,1.43,1.41,1.41,80000,NaN,NaN,NaN,NaN,NaN,NaN,NaN
1631581200,1.42,1.42,1.4,1.4,133800,NaN,NaN,NaN,NaN,NaN,NaN,NaN
1631667600,1.4,1.41,1.4,1.41,68200,NaN,NaN,NaN,NaN,NaN,NaN,NaN
1631840400,1.41,1.41,1.39,1.39,401300,NaN,NaN,NaN,NaN,NaN,NaN,NaN
1632099600,1.4,1.41,1.39,1.4,441300,NaN,NaN,NaN,NaN,NaN,NaN,NaN
1632186000,1.39,1.41,1.39,1.41,342200,NaN,NaN,NaN,NaN,NaN,NaN,NaN
1632272400,1.4,1.41,1.39,1.4,39500,NaN,NaN,NaN,NaN,NaN,NaN,NaN
1632358800,1.4,1.41,1.39,1.4,782100,NaN,NaN,NaN,NaN,NaN,NaN,NaN
1632445200,1.4,1.41,1.4,1.41,76300,NaN,NaN,NaN,NaN,NaN,NaN,NaN
1632704400,1.4,1.41,1.39,1.4,304200,NaN,NaN,NaN,NaN,NaN,NaN,NaN
1632790800,1.4,1.42,1.4,1.4,77300,NaN,NaN,NaN,NaN,NaN,NaN,NaN
1632877200,1.41,1.43,1.4,1.42,119100,NaN,NaN,NaN,NaN,NaN,NaN,NaN
1632963600,1.42,1.42,1.41,1.42,69600,3050059081,6214743000,2409856000,42176000,114497000,3804887000,3.06338028169014
1633050000,1.41,1.42,1.4,1.42,174500,NaN,NaN,NaN,NaN,NaN,NaN,NaN
1633309200,1.41,1.42,1.4,1.4,49300,NaN,NaN,NaN,NaN,NaN,NaN,NaN
1633395600,1.4,1.41,1.4,1.4,71800,NaN,NaN,NaN,NaN,NaN,NaN,NaN
1633482000,1.41,1.41,1.4,1.4,119700,NaN,NaN,NaN,NaN,NaN,NaN,NaN
1633568400,1.41,1.42,1.4,1.4,192500,NaN,NaN,NaN,NaN,NaN,NaN,NaN
1633654800,1.4,1.42,1.4,1.4,188700,NaN,NaN,NaN,NaN,NaN,NaN,NaN
1633914000,1.41,1.43,1.41,1.42,370200,NaN,NaN,NaN,NaN,NaN,NaN,NaN
1634000400,1.43,1.43,1.42,1.42,222600,NaN,NaN,NaN,NaN,NaN,NaN,NaN
1634086800,1.42,1.43,1.42,1.42,72000,NaN,NaN,NaN,NaN,NaN,NaN,NaN
1634173200,1.43,1.43,1.4,1.41,873000,NaN,NaN,NaN,NaN,NaN,NaN,NaN
1634259600,1.41,1.42,1.39,1.4,710300,NaN,NaN,NaN,NaN,NaN,NaN,NaN
1634518800,1.4,1.41,1.4,1.41,1084400,NaN,NaN,NaN,NaN,NaN,NaN,NaN
1634691600,1.41,1.41,1.4,1.4,371400,NaN,NaN,NaN,NaN,NaN,NaN,NaN
1634778000,1.41,1.42,1.4,1.42,282100,NaN,NaN,NaN,NaN,NaN,NaN,NaN
1634864400,1.42,1.42,1.4,1.4,774900,NaN,NaN,NaN,NaN,NaN,NaN,NaN
1635123600,1.41,1.41,1.4,1.4,439200,NaN,NaN,NaN,NaN,NaN,NaN,NaN
1635210000,1.41,1.42,1.41,1.41,420200,NaN,NaN,NaN,NaN,NaN,NaN,NaN
1635296400,1.41,1.42,1.41,1.42,29400,NaN,NaN,NaN,NaN,NaN,NaN,NaN
1635382800,1.42,1.42,1.41,1.42,233500,NaN,NaN,NaN,NaN,NaN,NaN,NaN
1635469200,1.42,1.42,1.41,1.42,139200,NaN,NaN,NaN,NaN,NaN,NaN,NaN
1635728400,1.41,1.42,1.4,1.4,352700,NaN,NaN,NaN,NaN,NaN,NaN,NaN
1635814800,1.4,1.41,1.4,1.4,423800,NaN,NaN,NaN,NaN,NaN,NaN,NaN
1635901200,1.4,1.41,1.39,1.41,537300,NaN,NaN,NaN,NaN,NaN,NaN,NaN
1636074000,1.41,1.41,1.4,1.4,157700,NaN,NaN,NaN,NaN,NaN,NaN,NaN
1636333200,1.4,1.42,1.39,1.42,149900,NaN,NaN,NaN,NaN,NaN,NaN,NaN
1636419600,1.42,1.42,1.41,1.41,153300,NaN,NaN,NaN,NaN,NaN,NaN,NaN
1636506000,1.42,1.42,1.4,1.41,35200,NaN,NaN,NaN,NaN,NaN,NaN,NaN
1636592400,1.41,1.41,1.4,1.41,321900,NaN,NaN,NaN,NaN,NaN,NaN,NaN
1636678800,1.4,1.4,1.39,1.4,212200,NaN,NaN,NaN,NaN,NaN,NaN,NaN
1636938000,1.4,1.4,1.39,1.4,3384800,NaN,NaN,NaN,NaN,NaN,NaN,NaN
1637024400,1.4,1.4,1.39,1.39,689700,NaN,NaN,NaN,NaN,NaN,NaN,NaN
1637110800,1.4,1.4,1.37,1.37,3538700,NaN,NaN,NaN,NaN,NaN,NaN,NaN
1637197200,1.37,1.39,1.36,1.36,2370000,NaN,NaN,NaN,NaN,NaN,NaN,NaN
1637283600,1.36,1.36,1.32,1.35,2325600,NaN,NaN,NaN,NaN,NaN,NaN,NaN
1637542800,1.4,1.4,1.3,1.31,3325300,NaN,NaN,NaN,NaN,NaN,NaN,NaN
1637629200,1.31,1.32,1.27,1.31,9273600,NaN,NaN,NaN,NaN,NaN,NaN,NaN
1637715600,1.29,1.3,1.24,1.25,9683000,NaN,NaN,NaN,NaN,NaN,NaN,NaN
1637802000,1.25,1.26,1.22,1.23,6807200,NaN,NaN,NaN,NaN,NaN,NaN,NaN
1637888400,1.23,1.24,1.21,1.21,5474300,NaN,NaN,NaN,NaN,NaN,NaN,NaN
1638147600,1.2,1.25,1.19,1.21,4816900,NaN,NaN,NaN,NaN,NaN,NaN,NaN
1638234000,1.22,1.28,1.21,1.27,13292000,NaN,NaN,NaN,NaN,NaN,NaN,NaN
1638320400,1.25,1.29,1.25,1.27,661900,NaN,NaN,NaN,NaN,NaN,NaN,NaN
1638406800,1.28,1.28,1.25,1.26,258000,NaN,NaN,NaN,NaN,NaN,NaN,NaN
1638752400,1.27,1.27,1.24,1.24,834400,NaN,NaN,NaN,NaN,NaN,NaN,NaN
1638838800,1.25,1.27,1.24,1.24,989300,NaN,NaN,NaN,NaN,NaN,NaN,NaN
1638925200,1.25,1.28,1.23,1.25,1809400,NaN,NaN,NaN,NaN,NaN,NaN,NaN
1639011600,1.26,1.27,1.25,1.25,421100,NaN,NaN,NaN,NaN,NaN,NaN,NaN
1639098000,1.26,1.27,1.25,1.26,410300,NaN,NaN,NaN,NaN,NaN,NaN,NaN
1639357200,1.27,1.29,1.26,1.27,656000,NaN,NaN,NaN,NaN,NaN,NaN,NaN
1639443600,1.28,1.28,1.26,1.26,413000,NaN,NaN,NaN,NaN,NaN,NaN,NaN
1639530000,1.27,1.3,1.26,1.3,192200,NaN,NaN,NaN,NaN,NaN,NaN,NaN
1639616400,1.3,1.3,1.28,1.28,29700,NaN,NaN,NaN,NaN,NaN,NaN,NaN
1639702800,1.29,1.29,1.27,1.29,43200,NaN,NaN,NaN,NaN,NaN,NaN,NaN
1639962000,1.28,1.29,1.27,1.27,477800,NaN,NaN,NaN,NaN,NaN,NaN,NaN
1640048400,1.28,1.28,1.27,1.27,375500,NaN,NaN,NaN,NaN,NaN,NaN,NaN
1640134800,1.28,1.29,1.27,1.27,238000,NaN,NaN,NaN,NaN,NaN,NaN,NaN
1640221200,1.28,1.28,1.27,1.27,65300,NaN,NaN,NaN,NaN,NaN,NaN,NaN
1640307600,1.27,1.28,1.27,1.27,66400,NaN,NaN,NaN,NaN,NaN,NaN,NaN
1640566800,1.28,1.29,1.27,1.29,381600,NaN,NaN,NaN,NaN,NaN,NaN,NaN
1640653200,1.29,1.3,1.27,1.3,341200,NaN,NaN,NaN,NaN,NaN,NaN,NaN
1640739600,1.28,1.28,1.23,1.24,4294700,NaN,NaN,NaN,NaN,NaN,NaN,NaN
1640826000,1.25,1.25,1.23,1.24,345500,NaN,NaN,NaN,NaN,NaN,NaN,NaN
1640912400,1.25,1.27,1.24,1.25,446800,3050059081,6238695000,2380242000,76284000,125355000,3858453000,3.528
1641171600,1.26,1.28,1.26,1.27,472800,NaN,NaN,NaN,NaN,NaN,NaN,NaN
1641258000,1.27,1.27,1.26,1.27,182400,NaN,NaN,NaN,NaN,NaN,NaN,NaN
1641344400,1.27,1.28,1.26,1.27,98800,NaN,NaN,NaN,NaN,NaN,NaN,NaN
1641430800,1.27,1.28,1.25,1.25,305600,NaN,NaN,NaN,NaN,NaN,NaN,NaN
1641517200,1.25,1.26,1.25,1.25,63300,NaN,NaN,NaN,NaN,NaN,NaN,NaN
1641776400,1.25,1.27,1.25,1.25,120100,NaN,NaN,NaN,NaN,NaN,NaN,NaN
1641862800,1.26,1.26,1.25,1.26,72600,NaN,NaN,NaN,NaN,NaN,NaN,NaN
1641949200,1.26,1.28,1.25,1.28,153400,NaN,NaN,NaN,NaN,NaN,NaN,NaN
1642035600,1.28,1.28,1.26,1.27,81900,NaN,NaN,NaN,NaN,NaN,NaN,NaN
1642122000,1.27,1.27,1.25,1.25,177400,NaN,NaN,NaN,NaN,NaN,NaN,NaN
1642381200,1.25,1.27,1.25,1.26,130700,NaN,NaN,NaN,NaN,NaN,NaN,NaN
1642554000,1.26,1.27,1.25,1.25,131300,NaN,NaN,NaN,NaN,NaN,NaN,NaN
1642640400,1.25,1.25,1.24,1.24,356400,NaN,NaN,NaN,NaN,NaN,NaN,NaN
1642726800,1.24,1.25,1.24,1.25,109900,NaN,NaN,NaN,NaN,NaN,NaN,NaN
1642986000,1.25,1.27,1.22,1.24,463500,NaN,NaN,NaN,NaN,NaN,NaN,NaN
1643072400,1.23,1.23,1.22,1.22,272100,NaN,NaN,NaN,NaN,NaN,NaN,NaN
1643158800,1.23,1.25,1.22,1.25,122400,NaN,NaN,NaN,NaN,NaN,NaN,NaN
1643245200,1.25,1.25,1.24,1.25,79800,NaN,NaN,NaN,NaN,NaN,NaN,NaN
1643331600,1.27,1.27,1.25,1.26,226800,NaN,NaN,NaN,NaN,NaN,NaN,NaN
1643590800,1.26,1.26,1.25,1.26,117600,NaN,NaN,NaN,NaN,NaN,NaN,NaN
1643850000,1.26,1.26,1.25,1.26,257800,NaN,NaN,NaN,NaN,NaN,NaN,NaN
1643936400,1.25,1.26,1.25,1.25,110900,NaN,NaN,NaN,NaN,NaN,NaN,NaN
1644195600,1.25,1.27,1.25,1.27,135700,NaN,NaN,NaN,NaN,NaN,NaN,NaN
1644282000,1.27,1.27,1.25,1.26,435100,NaN,NaN,NaN,NaN,NaN,NaN,NaN
1644368400,1.26,1.27,1.25,1.26,234200,NaN,NaN,NaN,NaN,NaN,NaN,NaN
1644454800,1.26,1.27,1.25,1.26,713500,NaN,NaN,NaN,NaN,NaN,NaN,NaN
1644541200,1.26,1.27,1.25,1.26,1377300,NaN,NaN,NaN,NaN,NaN,NaN,NaN
1644800400,1.25,1.25,1.23,1.24,258200,NaN,NaN,NaN,NaN,NaN,NaN,NaN
1644886800,1.24,1.26,1.23,1.25,534600,NaN,NaN,NaN,NaN,NaN,NaN,NaN
1644973200,1.26,1.27,1.26,1.26,720100,NaN,NaN,NaN,NaN,NaN,NaN,NaN
1645059600,1.26,1.26,1.25,1.26,350600,NaN,NaN,NaN,NaN,NaN,NaN,NaN
1645146000,1.25,1.26,1.25,1.26,271800,NaN,NaN,NaN,NaN,NaN,NaN,NaN
1645405200,1.26,1.27,1.25,1.26,437700,NaN,NaN,NaN,NaN,NaN,NaN,NaN
1645491600,1.25,1.27,1.24,1.25,1255600,NaN,NaN,NaN,NaN,NaN,NaN,NaN
1645578000,1.25,1.26,1.24,1.25,117800,NaN,NaN,NaN,NaN,NaN,NaN,NaN
1645664400,1.24,1.25,1.24,1.25,130000,NaN,NaN,NaN,NaN,NaN,NaN,NaN
1645750800,1.24,1.26,1.24,1.25,194000,NaN,NaN,NaN,NaN,NaN,NaN,NaN
1646010000,1.25,1.26,1.25,1.25,252600,NaN,NaN,NaN,NaN,NaN,NaN,NaN
1646096400,1.25,1.26,1.25,1.25,122800,NaN,NaN,NaN,NaN,NaN,NaN,NaN
1646182800,1.25,1.26,1.24,1.24,187700,NaN,NaN,NaN,NaN,NaN,NaN,NaN
1646269200,1.25,1.25,1.23,1.23,270200,NaN,NaN,NaN,NaN,NaN,NaN,NaN
1646355600,1.23,1.23,1.22,1.23,347300,NaN,NaN,NaN,NaN,NaN,NaN,NaN
1646614800,1.23,1.23,1.2,1.21,503500,NaN,NaN,NaN,NaN,NaN,NaN,NaN
1646701200,1.21,1.22,1.2,1.21,440100,NaN,NaN,NaN,NaN,NaN,NaN,NaN
1646787600,1.21,1.24,1.21,1.24,412200,NaN,NaN,NaN,NaN,NaN,NaN,NaN
1646874000,1.24,1.24,1.23,1.24,123700,NaN,NaN,NaN,NaN,NaN,NaN,NaN
1646960400,1.24,1.24,1.21,1.21,410900,NaN,NaN,NaN,NaN,NaN,NaN,NaN
1647219600,1.21,1.23,1.2,1.21,3075800,NaN,NaN,NaN,NaN,NaN,NaN,NaN
1647306000,1.21,1.22,1.2,1.21,797400,NaN,NaN,NaN,NaN,NaN,NaN,NaN
1647392400,1.2,1.22,1.2,1.2,635400,NaN,NaN,NaN,NaN,NaN,NaN,NaN
1647478800,1.2,1.22,1.2,1.21,655800,NaN,NaN,NaN,NaN,NaN,NaN,NaN
1647565200,1.21,1.21,1.2,1.2,273300,NaN,NaN,NaN,NaN,NaN,NaN,NaN
1647824400,1.2,1.21,1.2,1.2,503900,NaN,NaN,NaN,NaN,NaN,NaN,NaN
1647910800,1.21,1.22,1.2,1.22,462800,NaN,NaN,NaN,NaN,NaN,NaN,NaN
1647997200,1.22,1.22,1.21,1.21,102100,NaN,NaN,NaN,NaN,NaN,NaN,NaN
1648083600,1.21,1.23,1.21,1.22,377500,NaN,NaN,NaN,NaN,NaN,NaN,NaN
1648170000,1.23,1.27,1.23,1.25,1031800,NaN,NaN,NaN,NaN,NaN,NaN,NaN
1648429200,1.25,1.28,1.25,1.26,608100,NaN,NaN,NaN,NaN,NaN,NaN,NaN
1648515600,1.26,1.27,1.26,1.27,68200,NaN,NaN,NaN,NaN,NaN,NaN,NaN
1648602000,1.27,1.32,1.27,1.27,2044400,NaN,NaN,NaN,NaN,NaN,NaN,NaN
1648688400,1.27,1.32,1.27,1.32,730400,3052809806,6232265000,2383930000,87279000,139985000,3848335000,3.34090909090909
1648774800,1.33,1.33,1.31,1.32,81900,NaN,NaN,NaN,NaN,NaN,NaN,NaN
1649034000,1.33,1.33,1.3,1.3,490300,NaN,NaN,NaN,NaN,NaN,NaN,NaN
1649120400,1.31,1.33,1.31,1.31,255700,NaN,NaN,NaN,NaN,NaN,NaN,NaN
1649206800,1.32,1.32,1.3,1.31,334200,NaN,NaN,NaN,NaN,NaN,NaN,NaN
1649293200,1.32,1.32,1.28,1.29,2515000,NaN,NaN,NaN,NaN,NaN,NaN,NaN
1649379600,1.3,1.31,1.29,1.29,1580900,NaN,NaN,NaN,NaN,NaN,NaN,NaN
1649638800,1.3,1.3,1.28,1.29,114500,NaN,NaN,NaN,NaN,NaN,NaN,NaN
1649725200,1.29,1.31,1.28,1.3,538400,NaN,NaN,NaN,NaN,NaN,NaN,NaN
1649811600,1.3,1.31,1.29,1.31,367500,NaN,NaN,NaN,NaN,NaN,NaN,NaN
1649898000,1.29,1.3,1.28,1.3,1363700,NaN,NaN,NaN,NaN,NaN,NaN,NaN
1649984400,1.29,1.29,1.28,1.28,858700,NaN,NaN,NaN,NaN,NaN,NaN,NaN
1650243600,1.29,1.29,1.27,1.28,363100,NaN,NaN,NaN,NaN,NaN,NaN,NaN
1650416400,1.28,1.29,1.28,1.28,567700,NaN,NaN,NaN,NaN,NaN,NaN,NaN
1650502800,1.29,1.29,1.26,1.27,1244400,NaN,NaN,NaN,NaN,NaN,NaN,NaN
1650589200,1.27,1.28,1.25,1.27,1117500,NaN,NaN,NaN,NaN,NaN,NaN,NaN
1650848400,1.27,1.27,1.26,1.27,207200,NaN,NaN,NaN,NaN,NaN,NaN,NaN
1650934800,1.27,1.27,1.26,1.26,125200,NaN,NaN,NaN,NaN,NaN,NaN,NaN
1651021200,1.26,1.27,1.26,1.27,56400,NaN,NaN,NaN,NaN,NaN,NaN,NaN
1651107600,1.28,1.31,1.28,1.3,1670800,NaN,NaN,NaN,NaN,NaN,NaN,NaN
1651194000,1.32,1.34,1.32,1.32,1833700,NaN,NaN,NaN,NaN,NaN,NaN,NaN
1651712400,1.32,1.37,1.31,1.35,3688800,NaN,NaN,NaN,NaN,NaN,NaN,NaN
1651798800,1.35,1.36,1.35,1.36,621900,NaN,NaN,NaN,NaN,NaN,NaN,NaN
1652058000,1.36,1.36,1.34,1.35,4327300,NaN,NaN,NaN,NaN,NaN,NaN,NaN
1652144400,1.33,1.36,1.33,1.36,1054200,NaN,NaN,NaN,NaN,NaN,NaN,NaN
1652230800,1.36,1.36,1.34,1.36,3260300,NaN,NaN,NaN,NaN,NaN,NaN,NaN
1652317200,1.36,1.36,1.35,1.36,864600,NaN,NaN,NaN,NaN,NaN,NaN,NaN
1652403600,1.35,1.36,1.34,1.36,3189900,NaN,NaN,NaN,NaN,NaN,NaN,NaN
1652749200,1.36,1.37,1.34,1.37,1840300,NaN,NaN,NaN,NaN,NaN,NaN,NaN
1652835600,1.38,1.41,1.35,1.4,1734300,NaN,NaN,NaN,NaN,NaN,NaN,NaN
1652922000,1.39,1.41,1.39,1.4,4091700,NaN,NaN,NaN,NaN,NaN,NaN,NaN
1653008400,1.41,1.41,1.38,1.4,603900,NaN,NaN,NaN,NaN,NaN,NaN,NaN
1653267600,1.39,1.39,1.35,1.35,1422400,NaN,NaN,NaN,NaN,NaN,NaN,NaN
1653354000,1.36,1.39,1.36,1.38,397100,NaN,NaN,NaN,NaN,NaN,NaN,NaN
1653440400,1.39,1.39,1.36,1.38,201100,NaN,NaN,NaN,NaN,NaN,NaN,NaN
1653526800,1.38,1.38,1.35,1.37,1694800,NaN,NaN,NaN,NaN,NaN,NaN,NaN
1653613200,1.38,1.38,1.36,1.36,290900,NaN,NaN,NaN,NaN,NaN,NaN,NaN
1653872400,1.36,1.37,1.36,1.36,144400,NaN,NaN,NaN,NaN,NaN,NaN,NaN
1653958800,1.36,1.36,1.35,1.35,383000,NaN,NaN,NaN,NaN,NaN,NaN,NaN
1654045200,1.36,1.36,1.35,1.35,84900,NaN,NaN,NaN,NaN,NaN,NaN,NaN
1654131600,1.35,1.36,1.34,1.35,216000,NaN,NaN,NaN,NaN,NaN,NaN,NaN
1654218000,1.35,1.37,1.35,1.36,185900,NaN,NaN,NaN,NaN,NaN,NaN,NaN
1654563600,1.36,1.37,1.35,1.36,157100,NaN,NaN,NaN,NaN,NaN,NaN,NaN
1654650000,1.36,1.37,1.35,1.35,842200,NaN,NaN,NaN,NaN,NaN,NaN,NaN
1654736400,1.35,1.37,1.35,1.35,131400,NaN,NaN,NaN,NaN,NaN,NaN,NaN
1654822800,1.35,1.36,1.35,1.35,212600,NaN,NaN,NaN,NaN,NaN,NaN,NaN
1655082000,1.35,1.35,1.3,1.3,1073200,NaN,NaN,NaN,NaN,NaN,NaN,NaN
1655168400,1.29,1.32,1.29,1.32,386400,NaN,NaN,NaN,NaN,NaN,NaN,NaN
1655254800,1.33,1.33,1.31,1.31,199100,NaN,NaN,NaN,NaN,NaN,NaN,NaN
1655341200,1.32,1.33,1.29,1.3,1787900,NaN,NaN,NaN,NaN,NaN,NaN,NaN
1655427600,1.3,1.32,1.27,1.32,589700,NaN,NaN,NaN,NaN,NaN,NaN,NaN
1655686800,1.31,1.32,1.29,1.32,309800,NaN,NaN,NaN,NaN,NaN,NaN,NaN
1655773200,1.31,1.33,1.3,1.32,192000,NaN,NaN,NaN,NaN,NaN,NaN,NaN
1655859600,1.32,1.33,1.32,1.32,248300,NaN,NaN,NaN,NaN,NaN,NaN,NaN
1655946000,1.32,1.35,1.31,1.31,896100,NaN,NaN,NaN,NaN,NaN,NaN,NaN
1656032400,1.32,1.32,1.3,1.32,680900,NaN,NaN,NaN,NaN,NaN,NaN,NaN
1656291600,1.32,1.33,1.31,1.32,372800,NaN,NaN,NaN,NaN,NaN,NaN,NaN
1656378000,1.33,1.33,1.31,1.31,46400,NaN,NaN,NaN,NaN,NaN,NaN,NaN
1656464400,1.31,1.32,1.31,1.31,56500,NaN,NaN,NaN,NaN,NaN,NaN,NaN
1656550800,1.31,1.33,1.31,1.32,66600,3052809806,6292828000,2389517000,76397000,142671000,3903311000,5.04545454545455
1656637200,1.31,1.32,1.31,1.32,149600,NaN,NaN,NaN,NaN,NaN,NaN,NaN
1656896400,1.32,1.32,1.31,1.31,156800,NaN,NaN,NaN,NaN,NaN,NaN,NaN
1656982800,1.31,1.32,1.31,1.32,7600,NaN,NaN,NaN,NaN,NaN,NaN,NaN
1657069200,1.32,1.32,1.3,1.31,85900,NaN,NaN,NaN,NaN,NaN,NaN,NaN
1657155600,1.31,1.32,1.3,1.31,80400,NaN,NaN,NaN,NaN,NaN,NaN,NaN
1657242000,1.31,1.31,1.3,1.31,113200,NaN,NaN,NaN,NaN,NaN,NaN,NaN
1657587600,1.3,1.32,1.3,1.31,41000,NaN,NaN,NaN,NaN,NaN,NaN,NaN
1657674000,1.31,1.32,1.3,1.31,61200,NaN,NaN,NaN,NaN,NaN,NaN,NaN
1657760400,1.31,1.32,1.31,1.32,92400,NaN,NaN,NaN,NaN,NaN,NaN,NaN
1657846800,1.33,1.33,1.3,1.31,222000,NaN,NaN,NaN,NaN,NaN,NaN,NaN
1658106000,1.3,1.3,1.29,1.3,560300,NaN,NaN,NaN,NaN,NaN,NaN,NaN
1658192400,1.3,1.3,1.29,1.29,392300,NaN,NaN,NaN,NaN,NaN,NaN,NaN
1658278800,1.3,1.3,1.29,1.3,342200,NaN,NaN,NaN,NaN,NaN,NaN,NaN
1658365200,1.31,1.31,1.29,1.3,423000,NaN,NaN,NaN,NaN,NaN,NaN,NaN
1658451600,1.3,1.31,1.29,1.3,227500,NaN,NaN,NaN,NaN,NaN,NaN,NaN
1658710800,1.3,1.31,1.29,1.3,132500,NaN,NaN,NaN,NaN,NaN,NaN,NaN
1658797200,1.3,1.31,1.29,1.31,213300,NaN,NaN,NaN,NaN,NaN,NaN,NaN
1658883600,1.31,1.32,1.31,1.32,49300,NaN,NaN,NaN,NaN,NaN,NaN,NaN
1658970000,1.32,1.34,1.31,1.33,279600,NaN,NaN,NaN,NaN,NaN,NaN,NaN
1659056400,1.34,1.37,1.34,1.36,1307500,NaN,NaN,NaN,NaN,NaN,NaN,NaN
1659315600,1.36,1.37,1.34,1.36,880500,NaN,NaN,NaN,NaN,NaN,NaN,NaN
1659402000,1.36,1.38,1.35,1.38,2122200,NaN,NaN,NaN,NaN,NaN,NaN,NaN
1659488400,1.38,1.38,1.35,1.35,693600,NaN,NaN,NaN,NaN,NaN,NaN,NaN
1659574800,1.36,1.37,1.35,1.37,99500,NaN,NaN,NaN,NaN,NaN,NaN,NaN
1659661200,1.37,1.37,1.35,1.36,513200,NaN,NaN,NaN,NaN,NaN,NaN,NaN
1659920400,1.36,1.37,1.35,1.36,426500,NaN,NaN,NaN,NaN,NaN,NaN,NaN
1660006800,1.36,1.37,1.35,1.36,806500,NaN,NaN,NaN,NaN,NaN,NaN,NaN
1660093200,1.34,1.34,1.31,1.31,225100,NaN,NaN,NaN,NaN,NaN,NaN,NaN
1660179600,1.31,1.32,1.3,1.32,295400,NaN,NaN,NaN,NaN,NaN,NaN,NaN
1660266000,1.32,1.32,1.3,1.3,246500,NaN,NaN,NaN,NaN,NaN,NaN,NaN
1660525200,1.31,1.32,1.3,1.32,142400,NaN,NaN,NaN,NaN,NaN,NaN,NaN
1660611600,1.32,1.32,1.3,1.31,95800,NaN,NaN,NaN,NaN,NaN,NaN,NaN
1660698000,1.31,1.32,1.3,1.32,162900,NaN,NaN,NaN,NaN,NaN,NaN,NaN
1660784400,1.32,1.32,1.31,1.31,52500,NaN,NaN,NaN,NaN,NaN,NaN,NaN
1660870800,1.31,1.34,1.31,1.33,828000,NaN,NaN,NaN,NaN,NaN,NaN,NaN
1661130000,1.33,1.33,1.31,1.31,127700,NaN,NaN,NaN,NaN,NaN,NaN,NaN
1661216400,1.32,1.32,1.31,1.31,245100,NaN,NaN,NaN,NaN,NaN,NaN,NaN
1661302800,1.31,1.32,1.31,1.31,22200,NaN,NaN,NaN,NaN,NaN,NaN,NaN
1661389200,1.32,1.32,1.31,1.31,46100,NaN,NaN,NaN,NaN,NaN,NaN,NaN
1661475600,1.32,1.33,1.31,1.32,101400,NaN,NaN,NaN,NaN,NaN,NaN,NaN
1661734800,1.33,1.33,1.3,1.3,363000,NaN,NaN,NaN,NaN,NaN,NaN,NaN
1661821200,1.3,1.3,1.27,1.28,1973700,NaN,NaN,NaN,NaN,NaN,NaN,NaN
1661994000,1.28,1.29,1.28,1.29,112600,NaN,NaN,NaN,NaN,NaN,NaN,NaN
1662080400,1.29,1.29,1.28,1.29,92800,NaN,NaN,NaN,NaN,NaN,NaN,NaN
1662339600,1.29,1.29,1.28,1.29,63200,NaN,NaN,NaN,NaN,NaN,NaN,NaN
1662426000,1.29,1.29,1.28,1.29,362900,NaN,NaN,NaN,NaN,NaN,NaN,NaN
1662512400,1.29,1.29,1.28,1.28,85900,NaN,NaN,NaN,NaN,NaN,NaN,NaN
1662598800,1.28,1.29,1.27,1.28,429500,NaN,NaN,NaN,NaN,NaN,NaN,NaN
1662685200,1.28,1.29,1.27,1.28,130500,NaN,NaN,NaN,NaN,NaN,NaN,NaN
1662944400,1.28,1.29,1.27,1.29,68000,NaN,NaN,NaN,NaN,NaN,NaN,NaN
1663030800,1.29,1.29,1.28,1.29,42900,NaN,NaN,NaN,NaN,NaN,NaN,NaN
1663117200,1.28,1.29,1.27,1.28,164700,NaN,NaN,NaN,NaN,NaN,NaN,NaN
1663203600,1.28,1.28,1.27,1.28,267200,NaN,NaN,NaN,NaN,NaN,NaN,NaN
1663549200,1.28,1.28,1.26,1.27,274100,NaN,NaN,NaN,NaN,NaN,NaN,NaN
1663635600,1.27,1.27,1.26,1.27,56500,NaN,NaN,NaN,NaN,NaN,NaN,NaN
1663722000,1.27,1.27,1.26,1.27,63600,NaN,NaN,NaN,NaN,NaN,NaN,NaN
1663808400,1.26,1.27,1.26,1.26,98800,NaN,NaN,NaN,NaN,NaN,NaN,NaN
1663894800,1.26,1.26,1.25,1.25,822000,NaN,NaN,NaN,NaN,NaN,NaN,NaN
1664154000,1.26,1.26,1.24,1.24,301500,NaN,NaN,NaN,NaN,NaN,NaN,NaN
1664240400,1.24,1.25,1.24,1.24,332700,NaN,NaN,NaN,NaN,NaN,NaN,NaN
1664326800,1.24,1.25,1.24,1.25,57700,NaN,NaN,NaN,NaN,NaN,NaN,NaN
1664413200,1.25,1.27,1.24,1.24,173100,NaN,NaN,NaN,NaN,NaN,NaN,NaN
1664499600,1.25,1.26,1.24,1.26,566700,3055721661,6259090000,2415498000,84471000,140936000,3843592000,5.28571428571429
1664758800,1.26,1.26,1.25,1.26,44300,NaN,NaN,NaN,NaN,NaN,NaN,NaN
1664845200,1.26,1.26,1.25,1.26,21500,NaN,NaN,NaN,NaN,NaN,NaN,NaN
1664931600,1.26,1.27,1.25,1.27,52900,NaN,NaN,NaN,NaN,NaN,NaN,NaN
1665018000,1.27,1.27,1.25,1.26,120900,NaN,NaN,NaN,NaN,NaN,NaN,NaN
1665104400,1.25,1.26,1.25,1.25,21400,NaN,NaN,NaN,NaN,NaN,NaN,NaN
1665450000,1.26,1.27,1.25,1.27,382100,NaN,NaN,NaN,NaN,NaN,NaN,NaN
1665536400,1.27,1.27,1.25,1.25,337200,NaN,NaN,NaN,NaN,NaN,NaN,NaN
1665622800,1.26,1.26,1.24,1.24,439600,NaN,NaN,NaN,NaN,NaN,NaN,NaN
1665709200,1.24,1.25,1.24,1.25,324500,NaN,NaN,NaN,NaN,NaN,NaN,NaN
1665968400,1.25,1.26,1.24,1.25,1270000,NaN,NaN,NaN,NaN,NaN,NaN,NaN
1666054800,1.26,1.26,1.24,1.24,154900,NaN,NaN,NaN,NaN,NaN,NaN,NaN
1666141200,1.25,1.25,1.24,1.25,64600,NaN,NaN,NaN,NaN,NaN,NaN,NaN
1666227600,1.25,1.26,1.24,1.26,34900,NaN,NaN,NaN,NaN,NaN,NaN,NaN
1666314000,1.26,1.26,1.23,1.24,399000,NaN,NaN,NaN,NaN,NaN,NaN,NaN
1666659600,1.24,1.25,1.24,1.25,87600,NaN,NaN,NaN,NaN,NaN,NaN,NaN
1666746000,1.25,1.25,1.24,1.24,55500,NaN,NaN,NaN,NaN,NaN,NaN,NaN
1666832400,1.25,1.26,1.24,1.25,487300,NaN,NaN,NaN,NaN,NaN,NaN,NaN
1666918800,1.25,1.27,1.23,1.24,1159200,NaN,NaN,NaN,NaN,NaN,NaN,NaN
1667178000,1.25,1.25,1.24,1.24,350600,NaN,NaN,NaN,NaN,NaN,NaN,NaN
1667264400,1.25,1.25,1.23,1.23,685700,NaN,NaN,NaN,NaN,NaN,NaN,NaN
1667350800,1.24,1.24,1.22,1.23,580900,NaN,NaN,NaN,NaN,NaN,NaN,NaN
1667437200,1.23,1.23,1.22,1.22,658600,NaN,NaN,NaN,NaN,NaN,NaN,NaN
1667523600,1.22,1.24,1.22,1.24,529600,NaN,NaN,NaN,NaN,NaN,NaN,NaN
1667782800,1.24,1.24,1.22,1.23,287400,NaN,NaN,NaN,NaN,NaN,NaN,NaN
1667869200,1.23,1.24,1.22,1.22,215600,NaN,NaN,NaN,NaN,NaN,NaN,NaN
1667955600,1.22,1.23,1.2,1.21,1119300,NaN,NaN,NaN,NaN,NaN,NaN,NaN
1668042000,1.21,1.22,1.2,1.21,828500,NaN,NaN,NaN,NaN,NaN,NaN,NaN
1668128400,1.22,1.23,1.2,1.2,1382400,NaN,NaN,NaN,NaN,NaN,NaN,NaN
1668387600,1.21,1.21,1.2,1.21,448300,NaN,NaN,NaN,NaN,NaN,NaN,NaN
1668474000,1.21,1.21,1.2,1.21,252900,NaN,NaN,NaN,NaN,NaN,NaN,NaN
1668560400,1.21,1.21,1.2,1.2,294600,NaN,NaN,NaN,NaN,NaN,NaN,NaN
1668646800,1.21,1.22,1.2,1.21,426200,NaN,NaN,NaN,NaN,NaN,NaN,NaN
1668992400,1.2,1.23,1.19,1.2,1236000,NaN,NaN,NaN,NaN,NaN,NaN,NaN
1669078800,1.2,1.21,1.19,1.2,413500,NaN,NaN,NaN,NaN,NaN,NaN,NaN
1669165200,1.2,1.21,1.18,1.19,1438800,NaN,NaN,NaN,NaN,NaN,NaN,NaN
1669251600,1.19,1.2,1.18,1.18,1129200,NaN,NaN,NaN,NaN,NaN,NaN,NaN
1669338000,1.19,1.2,1.18,1.18,778100,NaN,NaN,NaN,NaN,NaN,NaN,NaN
1669683600,1.19,1.21,1.18,1.19,1710100,NaN,NaN,NaN,NaN,NaN,NaN,NaN
1669770000,1.19,1.21,1.18,1.2,840100,NaN,NaN,NaN,NaN,NaN,NaN,NaN
1669856400,1.2,1.21,1.19,1.2,700200,NaN,NaN,NaN,NaN,NaN,NaN,NaN
1669942800,1.2,1.27,1.19,1.24,2126700,NaN,NaN,NaN,NaN,NaN,NaN,NaN
1670202000,1.24,1.26,1.24,1.25,313300,NaN,NaN,NaN,NaN,NaN,NaN,NaN
1670288400,1.25,1.26,1.24,1.25,335300,NaN,NaN,NaN,NaN,NaN,NaN,NaN
1670374800,1.25,1.25,1.23,1.25,312200,NaN,NaN,NaN,NaN,NaN,NaN,NaN
1670461200,1.24,1.25,1.22,1.22,336800,NaN,NaN,NaN,NaN,NaN,NaN,NaN
1670547600,1.23,1.24,1.22,1.22,235000,NaN,NaN,NaN,NaN,NaN,NaN,NaN
1670806800,1.23,1.23,1.22,1.23,144900,NaN,NaN,NaN,NaN,NaN,NaN,NaN
1670893200,1.22,1.23,1.22,1.23,164000,NaN,NaN,NaN,NaN,NaN,NaN,NaN
1670979600,1.23,1.24,1.22,1.23,204600,NaN,NaN,NaN,NaN,NaN,NaN,NaN
1671066000,1.23,1.23,1.21,1.22,302000,NaN,NaN,NaN,NaN,NaN,NaN,NaN
1671152400,1.22,1.23,1.21,1.23,233900,NaN,NaN,NaN,NaN,NaN,NaN,NaN
1671411600,1.23,1.23,1.22,1.23,47900,NaN,NaN,NaN,NaN,NaN,NaN,NaN
1671498000,1.22,1.23,1.22,1.22,171200,NaN,NaN,NaN,NaN,NaN,NaN,NaN
1671584400,1.22,1.22,1.21,1.21,197500,NaN,NaN,NaN,NaN,NaN,NaN,NaN
1671670800,1.21,1.22,1.2,1.2,577900,NaN,NaN,NaN,NaN,NaN,NaN,NaN
1671757200,1.2,1.22,1.2,1.21,296000,NaN,NaN,NaN,NaN,NaN,NaN,NaN
1672102800,1.21,1.22,1.2,1.2,915300,NaN,NaN,NaN,NaN,NaN,NaN,NaN
1672189200,1.21,1.22,1.2,1.2,596000,NaN,NaN,NaN,NaN,NaN,NaN,NaN
1672275600,1.21,1.22,1.2,1.22,663600,NaN,NaN,NaN,NaN,NaN,NaN,NaN
1672362000,1.22,1.24,1.21,1.21,610500,3055721661,6483176000,2423169000,90257000,147936000,4060007000,6.91735537190083
1672707600,1.21,1.22,1.2,1.21,1553700,NaN,NaN,NaN,NaN,NaN,NaN,NaN
1672794000,1.21,1.22,1.21,1.21,1391500,NaN,NaN,NaN,NaN,NaN,NaN,NaN
1672880400,1.21,1.22,1.2,1.22,1065000,NaN,NaN,NaN,NaN,NaN,NaN,NaN
1672966800,1.22,1.24,1.21,1.24,406900,NaN,NaN,NaN,NaN,NaN,NaN,NaN
1673226000,1.24,1.25,1.23,1.25,1792800,NaN,NaN,NaN,NaN,NaN,NaN,NaN
1673312400,1.25,1.25,1.23,1.24,656400,NaN,NaN,NaN,NaN,NaN,NaN,NaN
1673398800,1.24,1.24,1.23,1.23,830800,NaN,NaN,NaN,NaN,NaN,NaN,NaN
1673485200,1.24,1.25,1.23,1.24,1741300,NaN,NaN,NaN,NaN,NaN,NaN,NaN
1673571600,1.24,1.24,1.21,1.23,2382400,NaN,NaN,NaN,NaN,NaN,NaN,NaN
1673830800,1.23,1.24,1.22,1.24,446600,NaN,NaN,NaN,NaN,NaN,NaN,NaN
1673917200,1.23,1.24,1.22,1.24,377800,NaN,NaN,NaN,NaN,NaN,NaN,NaN
1674003600,1.24,1.25,1.23,1.25,570500,NaN,NaN,NaN,NaN,NaN,NaN,NaN
1674090000,1.24,1.3,1.24,1.29,3065400,NaN,NaN,NaN,NaN,NaN,NaN,NaN
1674176400,1.29,1.35,1.29,1.34,2719300,NaN,NaN,NaN,NaN,NaN,NaN,NaN
1674608400,1.34,1.35,1.3,1.34,1453300,NaN,NaN,NaN,NaN,NaN,NaN,NaN
1674694800,1.33,1.36,1.32,1.35,1393800,NaN,NaN,NaN,NaN,NaN,NaN,NaN
1674781200,1.35,1.37,1.35,1.37,653600,NaN,NaN,NaN,NaN,NaN,NaN,NaN
1675040400,1.37,1.37,1.34,1.35,553500,NaN,NaN,NaN,NaN,NaN,NaN,NaN
1675126800,1.37,1.37,1.35,1.35,1196900,NaN,NaN,NaN,NaN,NaN,NaN,NaN
1675299600,1.38,1.42,1.36,1.41,2527500,NaN,NaN,NaN,NaN,NaN,NaN,NaN
1675386000,1.41,1.45,1.39,1.44,1924800,NaN,NaN,NaN,NaN,NaN,NaN,NaN
1675731600,1.44,1.44,1.39,1.4,2635600,NaN,NaN,NaN,NaN,NaN,NaN,NaN
1675818000,1.4,1.41,1.39,1.4,1366300,NaN,NaN,NaN,NaN,NaN,NaN,NaN
1675904400,1.4,1.41,1.39,1.4,1558100,NaN,NaN,NaN,NaN,NaN,NaN,NaN
1675990800,1.39,1.4,1.37,1.38,1433400,NaN,NaN,NaN,NaN,NaN,NaN,NaN
1676250000,1.38,1.39,1.36,1.36,810300,NaN,NaN,NaN,NaN,NaN,NaN,NaN
1676336400,1.37,1.39,1.37,1.38,876900,NaN,NaN,NaN,NaN,NaN,NaN,NaN
1676422800,1.35,1.39,1.34,1.38,1127800,NaN,NaN,NaN,NaN,NaN,NaN,NaN
1676509200,1.38,1.38,1.35,1.35,1196500,NaN,NaN,NaN,NaN,NaN,NaN,NaN
1676595600,1.35,1.36,1.34,1.35,1658500,NaN,NaN,NaN,NaN,NaN,NaN,NaN
1676854800,1.35,1.36,1.34,1.35,899300,NaN,NaN,NaN,NaN,NaN,NaN,NaN
1676941200,1.35,1.35,1.34,1.35,1109500,NaN,NaN,NaN,NaN,NaN,NaN,NaN
1677027600,1.34,1.35,1.33,1.34,1420400,NaN,NaN,NaN,NaN,NaN,NaN,NaN
1677114000,1.35,1.36,1.33,1.35,1575200,NaN,NaN,NaN,NaN,NaN,NaN,NaN
1677200400,1.36,1.36,1.33,1.34,403800,NaN,NaN,NaN,NaN,NaN,NaN,NaN
1677459600,1.34,1.36,1.33,1.34,1290200,NaN,NaN,NaN,NaN,NaN,NaN,NaN
1677546000,1.34,1.36,1.33,1.35,1221200,NaN,NaN,NaN,NaN,NaN,NaN,NaN
1677632400,1.35,1.37,1.34,1.35,946100,NaN,NaN,NaN,NaN,NaN,NaN,NaN
1677718800,1.36,1.38,1.35,1.36,1109800,NaN,NaN,NaN,NaN,NaN,NaN,NaN
1677805200,1.36,1.37,1.35,1.36,268100,NaN,NaN,NaN,NaN,NaN,NaN,NaN
1678064400,1.36,1.38,1.35,1.38,622600,NaN,NaN,NaN,NaN,NaN,NaN,NaN
1678150800,1.38,1.39,1.35,1.35,1540100,NaN,NaN,NaN,NaN,NaN,NaN,NaN
1678237200,1.35,1.35,1.33,1.35,688300,NaN,NaN,NaN,NaN,NaN,NaN,NaN
1678323600,1.35,1.37,1.34,1.37,519500,NaN,NaN,NaN,NaN,NaN,NaN,NaN
1678410000,1.36,1.36,1.34,1.35,715900,NaN,NaN,NaN,NaN,NaN,NaN,NaN
1678669200,1.35,1.35,1.33,1.34,1128400,NaN,NaN,NaN,NaN,NaN,NaN,NaN
1678755600,1.35,1.35,1.33,1.34,957700,NaN,NaN,NaN,NaN,NaN,NaN,NaN
1678842000,1.34,1.36,1.33,1.36,369800,NaN,NaN,NaN,NaN,NaN,NaN,NaN
1678928400,1.35,1.36,1.33,1.36,408300,NaN,NaN,NaN,NaN,NaN,NaN,NaN
1679014800,1.36,1.36,1.34,1.35,173600,NaN,NaN,NaN,NaN,NaN,NaN,NaN
1679274000,1.35,1.35,1.32,1.32,546300,NaN,NaN,NaN,NaN,NaN,NaN,NaN
1679360400,1.32,1.33,1.31,1.32,291000,NaN,NaN,NaN,NaN,NaN,NaN,NaN
1679446800,1.32,1.34,1.32,1.32,105800,NaN,NaN,NaN,NaN,NaN,NaN,NaN
1679533200,1.33,1.34,1.32,1.34,260500,NaN,NaN,NaN,NaN,NaN,NaN,NaN
1679619600,1.34,1.34,1.32,1.33,714100,NaN,NaN,NaN,NaN,NaN,NaN,NaN
1679878800,1.33,1.34,1.33,1.33,383900,NaN,NaN,NaN,NaN,NaN,NaN,NaN
1679965200,1.34,1.35,1.32,1.33,585600,NaN,NaN,NaN,NaN,NaN,NaN,NaN
1680051600,1.33,1.34,1.32,1.33,594600,NaN,NaN,NaN,NaN,NaN,NaN,NaN
1680138000,1.34,1.34,1.33,1.33,522700,NaN,NaN,NaN,NaN,NaN,NaN,NaN
1680224400,1.33,1.34,1.33,1.34,311800,3058756453,6442043000,2439149000,96301000,159109000,4002894000,8.97014925373134
1680483600,1.34,1.35,1.34,1.34,175000,NaN,NaN,NaN,NaN,NaN,NaN,NaN
1680570000,1.35,1.35,1.3,1.31,1038800,NaN,NaN,NaN,NaN,NaN,NaN,NaN
1680656400,1.31,1.33,1.31,1.31,685400,NaN,NaN,NaN,NaN,NaN,NaN,NaN
1680742800,1.32,1.33,1.32,1.33,127000,NaN,NaN,NaN,NaN,NaN,NaN,NaN
1680829200,1.32,1.33,1.32,1.32,61500,NaN,NaN,NaN,NaN,NaN,NaN,NaN
1681088400,1.33,1.33,1.32,1.33,98600,NaN,NaN,NaN,NaN,NaN,NaN,NaN
1681174800,1.33,1.33,1.31,1.32,2841900,NaN,NaN,NaN,NaN,NaN,NaN,NaN
1681261200,1.32,1.33,1.31,1.32,848700,NaN,NaN,NaN,NaN,NaN,NaN,NaN
1681347600,1.32,1.32,1.31,1.31,1188900,NaN,NaN,NaN,NaN,NaN,NaN,NaN
1681434000,1.31,1.32,1.3,1.3,3221000,NaN,NaN,NaN,NaN,NaN,NaN,NaN
1681693200,1.31,1.31,1.3,1.31,797900,NaN,NaN,NaN,NaN,NaN,NaN,NaN
1681779600,1.31,1.31,1.3,1.31,397800,NaN,NaN,NaN,NaN,NaN,NaN,NaN
1681866000,1.31,1.31,1.3,1.31,194000,NaN,NaN,NaN,NaN,NaN,NaN,NaN
1681952400,1.32,1.32,1.3,1.3,252900,NaN,NaN,NaN,NaN,NaN,NaN,NaN
1682384400,1.31,1.33,1.31,1.33,387000,NaN,NaN,NaN,NaN,NaN,NaN,NaN
1682470800,1.33,1.33,1.32,1.33,217100,NaN,NaN,NaN,NaN,NaN,NaN,NaN
1682557200,1.32,1.37,1.32,1.36,1985400,NaN,NaN,NaN,NaN,NaN,NaN,NaN
1682643600,1.36,1.37,1.35,1.37,458200,NaN,NaN,NaN,NaN,NaN,NaN,NaN
1682989200,1.37,1.37,1.34,1.35,665600,NaN,NaN,NaN,NaN,NaN,NaN,NaN
1683075600,1.37,1.37,1.34,1.35,598400,NaN,NaN,NaN,NaN,NaN,NaN,NaN
1683248400,1.35,1.36,1.35,1.35,443400,NaN,NaN,NaN,NaN,NaN,NaN,NaN
1683507600,1.35,1.36,1.35,1.35,489600,NaN,NaN,NaN,NaN,NaN,NaN,NaN
1683594000,1.34,1.35,1.33,1.34,1047200,NaN,NaN,NaN,NaN,NaN,NaN,NaN
1683680400,1.34,1.34,1.32,1.33,852400,NaN,NaN,NaN,NaN,NaN,NaN,NaN
1683766800,1.33,1.34,1.31,1.32,662500,NaN,NaN,NaN,NaN,NaN,NaN,NaN
1683853200,1.31,1.32,1.31,1.32,525500,NaN,NaN,NaN,NaN,NaN,NaN,NaN
1684112400,1.32,1.32,1.29,1.3,2625600,NaN,NaN,NaN,NaN,NaN,NaN,NaN
1684198800,1.3,1.31,1.28,1.29,2519200,NaN,NaN,NaN,NaN,NaN,NaN,NaN
1684285200,1.3,1.3,1.28,1.29,1222800,NaN,NaN,NaN,NaN,NaN,NaN,NaN
1684371600,1.29,1.3,1.29,1.3,694300,NaN,NaN,NaN,NaN,NaN,NaN,NaN
1684458000,1.3,1.31,1.29,1.31,1858300,NaN,NaN,NaN,NaN,NaN,NaN,NaN
1684717200,1.31,1.31,1.29,1.3,1286600,NaN,NaN,NaN,NaN,NaN,NaN,NaN
1684803600,1.31,1.33,1.3,1.31,343900,NaN,NaN,NaN,NaN,NaN,NaN,NaN
1684890000,1.31,1.31,1.3,1.3,1035500,NaN,NaN,NaN,NaN,NaN,NaN,NaN
1684976400,1.3,1.31,1.29,1.3,1090900,NaN,NaN,NaN,NaN,NaN,NaN,NaN
1685062800,1.3,1.34,1.28,1.32,1764400,NaN,NaN,NaN,NaN,NaN,NaN,NaN
1685322000,1.3,1.31,1.28,1.29,799800,NaN,NaN,NaN,NaN,NaN,NaN,NaN
1685408400,1.28,1.3,1.28,1.28,219300,NaN,NaN,NaN,NaN,NaN,NaN,NaN
1685494800,1.29,1.29,1.28,1.28,11625100,NaN,NaN,NaN,NaN,NaN,NaN,NaN
1685581200,1.24,1.25,1.22,1.22,5572500,NaN,NaN,NaN,NaN,NaN,NaN,NaN
1685667600,1.23,1.27,1.23,1.27,5395900,NaN,NaN,NaN,NaN,NaN,NaN,NaN
1686013200,1.27,1.27,1.24,1.26,3926100,NaN,NaN,NaN,NaN,NaN,NaN,NaN
1686099600,1.27,1.28,1.25,1.25,606300,NaN,NaN,NaN,NaN,NaN,NaN,NaN
1686186000,1.26,1.27,1.25,1.26,1440000,NaN,NaN,NaN,NaN,NaN,NaN,NaN
1686272400,1.26,1.27,1.26,1.27,195300,NaN,NaN,NaN,NaN,NaN,NaN,NaN
1686531600,1.27,1.27,1.25,1.26,674300,NaN,NaN,NaN,NaN,NaN,NaN,NaN
1686618000,1.26,1.27,1.25,1.25,997400,NaN,NaN,NaN,NaN,NaN,NaN,NaN
1686704400,1.25,1.26,1.25,1.25,834900,NaN,NaN,NaN,NaN,NaN,NaN,NaN
1686790800,1.26,1.27,1.25,1.27,762900,NaN,NaN,NaN,NaN,NaN,NaN,NaN
1686877200,1.27,1.27,1.25,1.25,605800,NaN,NaN,NaN,NaN,NaN,NaN,NaN
1687136400,1.26,1.26,1.23,1.23,1262600,NaN,NaN,NaN,NaN,NaN,NaN,NaN
1687222800,1.24,1.25,1.23,1.23,962000,NaN,NaN,NaN,NaN,NaN,NaN,NaN
1687309200,1.23,1.27,1.23,1.27,790800,NaN,NaN,NaN,NaN,NaN,NaN,NaN
1687395600,1.26,1.26,1.23,1.24,2914700,NaN,NaN,NaN,NaN,NaN,NaN,NaN
1687482000,1.24,1.25,1.21,1.21,4359500,NaN,NaN,NaN,NaN,NaN,NaN,NaN
1687741200,1.23,1.23,1.21,1.22,819500,NaN,NaN,NaN,NaN,NaN,NaN,NaN
1687827600,1.23,1.24,1.22,1.24,332800,NaN,NaN,NaN,NaN,NaN,NaN,NaN
1687914000,1.24,1.24,1.23,1.24,270800,NaN,NaN,NaN,NaN,NaN,NaN,NaN
1688086800,1.23,1.25,1.23,1.24,581300,3648920353,8673019000,4016725000,94500000,162460000,4656294000,7.01612903225806
1688346000,1.24,1.25,1.24,1.25,229100,NaN,NaN,NaN,NaN,NaN,NaN,NaN
1688432400,1.24,1.25,1.23,1.25,792500,NaN,NaN,NaN,NaN,NaN,NaN,NaN
1688518800,1.25,1.25,1.23,1.24,454100,NaN,NaN,NaN,NaN,NaN,NaN,NaN
1688605200,1.23,1.24,1.23,1.24,256900,NaN,NaN,NaN,NaN,NaN,NaN,NaN
1688691600,1.24,1.25,1.23,1.24,751000,NaN,NaN,NaN,NaN,NaN,NaN,NaN
1688950800,1.24,1.24,1.23,1.24,1366300,NaN,NaN,NaN,NaN,NaN,NaN,NaN
1689037200,1.24,1.24,1.23,1.24,668700,NaN,NaN,NaN,NaN,NaN,NaN,NaN
1689123600,1.23,1.24,1.23,1.24,861500,NaN,NaN,NaN,NaN,NaN,NaN,NaN
1689210000,1.24,1.24,1.23,1.24,518900,NaN,NaN,NaN,NaN,NaN,NaN,NaN
1689296400,1.24,1.24,1.23,1.24,813800,NaN,NaN,NaN,NaN,NaN,NaN,NaN
1689555600,1.24,1.24,1.23,1.24,1228400,NaN,NaN,NaN,NaN,NaN,NaN,NaN
1689642000,1.24,1.24,1.23,1.24,472300,NaN,NaN,NaN,NaN,NaN,NaN,NaN
1689814800,1.24,1.25,1.22,1.22,2540200,NaN,NaN,NaN,NaN,NaN,NaN,NaN
1689901200,1.22,1.23,1.22,1.23,445400,NaN,NaN,NaN,NaN,NaN,NaN,NaN
1690160400,1.23,1.24,1.22,1.23,1377700,NaN,NaN,NaN,NaN,NaN,NaN,NaN
1690246800,1.23,1.24,1.22,1.23,1211300,NaN,NaN,NaN,NaN,NaN,NaN,NaN
1690333200,1.23,1.24,1.22,1.23,4314800,NaN,NaN,NaN,NaN,NaN,NaN,NaN
1690419600,1.23,1.24,1.22,1.22,3845700,NaN,NaN,NaN,NaN,NaN,NaN,NaN
1690506000,1.23,1.24,1.22,1.23,3211800,NaN,NaN,NaN,NaN,NaN,NaN,NaN
1690765200,1.23,1.24,1.22,1.22,2589900,NaN,NaN,NaN,NaN,NaN,NaN,NaN
1690851600,1.23,1.24,1.22,1.24,2198200,NaN,NaN,NaN,NaN,NaN,NaN,NaN
1690938000,1.24,1.24,1.22,1.23,1054900,NaN,NaN,NaN,NaN,NaN,NaN,NaN
1691024400,1.23,1.24,1.22,1.23,1185200,NaN,NaN,NaN,NaN,NaN,NaN,NaN
1691110800,1.23,1.24,1.23,1.23,654400,NaN,NaN,NaN,NaN,NaN,NaN,NaN
1691370000,1.23,1.24,1.23,1.24,2162200,NaN,NaN,NaN,NaN,NaN,NaN,NaN
1691456400,1.24,1.24,1.23,1.24,1607900,NaN,NaN,NaN,NaN,NaN,NaN,NaN
1691542800,1.23,1.24,1.22,1.23,1597700,NaN,NaN,NaN,NaN,NaN,NaN,NaN
1691629200,1.23,1.23,1.22,1.22,656000,NaN,NaN,NaN,NaN,NaN,NaN,NaN
1691715600,1.23,1.23,1.22,1.22,2592000,NaN,NaN,NaN,NaN,NaN,NaN,NaN
1691974800,1.22,1.23,1.21,1.21,2445400,NaN,NaN,NaN,NaN,NaN,NaN,NaN
1692061200,1.22,1.22,1.21,1.22,2417400,NaN,NaN,NaN,NaN,NaN,NaN,NaN
1692147600,1.22,1.23,1.21,1.21,2783400,NaN,NaN,NaN,NaN,NaN,NaN,NaN
1692234000,1.22,1.22,1.21,1.22,590400,NaN,NaN,NaN,NaN,NaN,NaN,NaN
1692320400,1.22,1.22,1.21,1.22,2145900,NaN,NaN,NaN,NaN,NaN,NaN,NaN
1692579600,1.22,1.24,1.21,1.22,3080400,NaN,NaN,NaN,NaN,NaN,NaN,NaN
1692666000,1.22,1.22,1.21,1.22,1072000,NaN,NaN,NaN,NaN,NaN,NaN,NaN
1692752400,1.22,1.22,1.21,1.21,125200,NaN,NaN,NaN,NaN,NaN,NaN,NaN
1692838800,1.21,1.22,1.21,1.21,951700,NaN,NaN,NaN,NaN,NaN,NaN,NaN
1692925200,1.21,1.22,1.21,1.21,485500,NaN,NaN,NaN,NaN,NaN,NaN,NaN
1693184400,1.22,1.23,1.21,1.22,831000,NaN,NaN,NaN,NaN,NaN,NaN,NaN
1693270800,1.22,1.22,1.21,1.22,775400,NaN,NaN,NaN,NaN,NaN,NaN,NaN
1693357200,1.22,1.22,1.21,1.22,761800,NaN,NaN,NaN,NaN,NaN,NaN,NaN
1693530000,1.22,1.22,1.21,1.22,446000,NaN,NaN,NaN,NaN,NaN,NaN,NaN
1693789200,1.21,1.22,1.21,1.22,1136500,NaN,NaN,NaN,NaN,NaN,NaN,NaN
1693875600,1.23,1.23,1.21,1.22,1098900,NaN,NaN,NaN,NaN,NaN,NaN,NaN
1693962000,1.22,1.22,1.21,1.22,1414700,NaN,NaN,NaN,NaN,NaN,NaN,NaN
1694048400,1.22,1.22,1.21,1.22,1379700,NaN,NaN,NaN,NaN,NaN,NaN,NaN
1694134800,1.22,1.22,1.21,1.22,778800,NaN,NaN,NaN,NaN,NaN,NaN,NaN
1694394000,1.22,1.22,1.21,1.22,917700,NaN,NaN,NaN,NaN,NaN,NaN,NaN
1694480400,1.22,1.22,1.21,1.22,2205600,NaN,NaN,NaN,NaN,NaN,NaN,NaN
1694566800,1.22,1.22,1.2,1.21,1929200,NaN,NaN,NaN,NaN,NaN,NaN,NaN
1694653200,1.21,1.22,1.2,1.21,2534600,NaN,NaN,NaN,NaN,NaN,NaN,NaN
1694739600,1.21,1.22,1.2,1.22,5477800,NaN,NaN,NaN,NaN,NaN,NaN,NaN
1694998800,1.22,1.22,1.21,1.21,816000,NaN,NaN,NaN,NaN,NaN,NaN,NaN
1695085200,1.21,1.22,1.2,1.21,992900,NaN,NaN,NaN,NaN,NaN,NaN,NaN
1695171600,1.22,1.22,1.21,1.22,67600,NaN,NaN,NaN,NaN,NaN,NaN,NaN
1695258000,1.22,1.22,1.2,1.22,241300,NaN,NaN,NaN,NaN,NaN,NaN,NaN
1695344400,1.22,1.22,1.2,1.21,2157900,NaN,NaN,NaN,NaN,NaN,NaN,NaN
1695603600,1.21,1.22,1.2,1.21,2526100,NaN,NaN,NaN,NaN,NaN,NaN,NaN
1695690000,1.21,1.22,1.21,1.22,528100,NaN,NaN,NaN,NaN,NaN,NaN,NaN
1695776400,1.22,1.22,1.21,1.22,276100,NaN,NaN,NaN,NaN,NaN,NaN,NaN
1695949200,1.22,1.22,1.21,1.22,1239100,3652338101,8727809000,4024609000,113479000,202229000,4703200000,7.13114754098361
1696208400,1.22,1.22,1.21,1.22,3308700,NaN,NaN,NaN,NaN,NaN,NaN,NaN
1696294800,1.22,1.22,1.2,1.21,1934700,NaN,NaN,NaN,NaN,NaN,NaN,NaN
1696381200,1.21,1.21,1.2,1.21,1362200,NaN,NaN,NaN,NaN,NaN,NaN,NaN
1696467600,1.21,1.21,1.19,1.2,4007900,NaN,NaN,NaN,NaN,NaN,NaN,NaN
1696554000,1.2,1.21,1.19,1.2,1421100,NaN,NaN,NaN,NaN,NaN,NaN,NaN
1696813200,1.2,1.21,1.19,1.21,1199000,NaN,NaN,NaN,NaN,NaN,NaN,NaN
1696899600,1.21,1.21,1.2,1.2,1793300,NaN,NaN,NaN,NaN,NaN,NaN,NaN
1696986000,1.2,1.21,1.19,1.2,2588500,NaN,NaN,NaN,NaN,NaN,NaN,NaN
1697072400,1.2,1.21,1.2,1.21,136600,NaN,NaN,NaN,NaN,NaN,NaN,NaN
1697158800,1.21,1.21,1.2,1.21,1080900,NaN,NaN,NaN,NaN,NaN,NaN,NaN
1697418000,1.21,1.21,1.2,1.2,1404800,NaN,NaN,NaN,NaN,NaN,NaN,NaN
1697504400,1.2,1.21,1.2,1.2,1116600,NaN,NaN,NaN,NaN,NaN,NaN,NaN
1697590800,1.2,1.2,1.19,1.2,3336400,NaN,NaN,NaN,NaN,NaN,NaN,NaN
1697677200,1.2,1.2,1.18,1.2,5523500,NaN,NaN,NaN,NaN,NaN,NaN,NaN
1697763600,1.2,1.2,1.19,1.2,220900,NaN,NaN,NaN,NaN,NaN,NaN,NaN
1698022800,1.2,1.2,1.18,1.2,4502900,NaN,NaN,NaN,NaN,NaN,NaN,NaN
1698109200,1.2,1.2,1.19,1.19,1333200,NaN,NaN,NaN,NaN,NaN,NaN,NaN
1698195600,1.19,1.2,1.19,1.2,369700,NaN,NaN,NaN,NaN,NaN,NaN,NaN
1698282000,1.2,1.2,1.19,1.2,1077500,NaN,NaN,NaN,NaN,NaN,NaN,NaN
1698368400,1.2,1.21,1.19,1.21,1660400,NaN,NaN,NaN,NaN,NaN,NaN,NaN
1698627600,1.21,1.21,1.2,1.2,994500,NaN,NaN,NaN,NaN,NaN,NaN,NaN
1698714000,1.21,1.21,1.2,1.21,258900,NaN,NaN,NaN,NaN,NaN,NaN,NaN
1698800400,1.21,1.23,1.21,1.23,1589400,NaN,NaN,NaN,NaN,NaN,NaN,NaN
1698886800,1.23,1.23,1.21,1.21,2383500,NaN,NaN,NaN,NaN,NaN,NaN,NaN
1698973200,1.22,1.23,1.21,1.22,1595700,NaN,NaN,NaN,NaN,NaN,NaN,NaN
1699232400,1.22,1.23,1.21,1.22,1387300,NaN,NaN,NaN,NaN,NaN,NaN,NaN
1699318800,1.22,1.23,1.21,1.23,1532300,NaN,NaN,NaN,NaN,NaN,NaN,NaN
1699405200,1.22,1.23,1.21,1.22,1712600,NaN,NaN,NaN,NaN,NaN,NaN,NaN
1699491600,1.22,1.22,1.21,1.22,397700,NaN,NaN,NaN,NaN,NaN,NaN,NaN
1699578000,1.22,1.23,1.21,1.22,607800,NaN,NaN,NaN,NaN,NaN,NaN,NaN
1699923600,1.22,1.23,1.21,1.22,961400,NaN,NaN,NaN,NaN,NaN,NaN,NaN
1700010000,1.22,1.22,1.21,1.22,237500,NaN,NaN,NaN,NaN,NaN,NaN,NaN
1700096400,1.21,1.22,1.21,1.22,1149700,NaN,NaN,NaN,NaN,NaN,NaN,NaN
1700182800,1.22,1.22,1.21,1.22,608400,NaN,NaN,NaN,NaN,NaN,NaN,NaN
1700442000,1.22,1.22,1.21,1.22,309000,NaN,NaN,NaN,NaN,NaN,NaN,NaN
1700528400,1.22,1.22,1.21,1.21,469400,NaN,NaN,NaN,NaN,NaN,NaN,NaN
1700614800,1.21,1.22,1.21,1.21,602100,NaN,NaN,NaN,NaN,NaN,NaN,NaN
1700701200,1.22,1.22,1.2,1.21,1142100,NaN,NaN,NaN,NaN,NaN,NaN,NaN
1700787600,1.21,1.21,1.2,1.21,833400,NaN,NaN,NaN,NaN,NaN,NaN,NaN
1701046800,1.21,1.22,1.2,1.21,1269100,NaN,NaN,NaN,NaN,NaN,NaN,NaN
1701133200,1.21,1.22,1.2,1.21,1430700,NaN,NaN,NaN,NaN,NaN,NaN,NaN
1701219600,1.21,1.23,1.21,1.22,2844800,NaN,NaN,NaN,NaN,NaN,NaN,NaN
1701306000,1.22,1.23,1.21,1.22,760400,NaN,NaN,NaN,NaN,NaN,NaN,NaN
1701392400,1.22,1.22,1.2,1.21,1877400,NaN,NaN,NaN,NaN,NaN,NaN,NaN
1701651600,1.2,1.21,1.2,1.2,1230900,NaN,NaN,NaN,NaN,NaN,NaN,NaN
1701738000,1.2,1.21,1.18,1.19,5594000,NaN,NaN,NaN,NaN,NaN,NaN,NaN
1701824400,1.19,1.2,1.19,1.19,1748500,NaN,NaN,NaN,NaN,NaN,NaN,NaN
1701910800,1.2,1.2,1.18,1.19,2766200,NaN,NaN,NaN,NaN,NaN,NaN,NaN
1701997200,1.19,1.2,1.18,1.18,2310500,NaN,NaN,NaN,NaN,NaN,NaN,NaN
1702256400,1.19,1.19,1.17,1.18,3334600,NaN,NaN,NaN,NaN,NaN,NaN,NaN
1702342800,1.18,1.19,1.17,1.18,2689500,NaN,NaN,NaN,NaN,NaN,NaN,NaN
1702429200,1.18,1.2,1.17,1.19,3375900,NaN,NaN,NaN,NaN,NaN,NaN,NaN
1702515600,1.19,1.2,1.18,1.2,2223200,NaN,NaN,NaN,NaN,NaN,NaN,NaN
1702602000,1.19,1.21,1.19,1.19,1703600,NaN,NaN,NaN,NaN,NaN,NaN,NaN
1702861200,1.19,1.2,1.19,1.2,782200,NaN,NaN,NaN,NaN,NaN,NaN,NaN
1702947600,1.2,1.21,1.2,1.2,1428100,NaN,NaN,NaN,NaN,NaN,NaN,NaN
1703034000,1.2,1.21,1.2,1.21,345400,NaN,NaN,NaN,NaN,NaN,NaN,NaN
1703120400,1.21,1.21,1.2,1.21,548900,NaN,NaN,NaN,NaN,NaN,NaN,NaN
1703206800,1.2,1.21,1.2,1.21,494300,NaN,NaN,NaN,NaN,NaN,NaN,NaN
1703552400,1.21,1.22,1.21,1.21,479900,NaN,NaN,NaN,NaN,NaN,NaN,NaN
1703638800,1.21,1.22,1.21,1.21,344100,NaN,NaN,NaN,NaN,NaN,NaN,NaN
1703725200,1.21,1.22,1.21,1.22,168400,NaN,NaN,NaN,NaN,NaN,NaN,NaN
1703811600,1.21,1.22,1.21,1.21,392100,3652338101,8998489000,4067023000,125564000,211418000,4931466000,7.44628099173554
1704157200,1.21,1.23,1.21,1.23,1143400,NaN,NaN,NaN,NaN,NaN,NaN,NaN
1704243600,1.23,1.25,1.22,1.24,3427600,NaN,NaN,NaN,NaN,NaN,NaN,NaN
1704330000,1.24,1.26,1.23,1.24,4955000,NaN,NaN,NaN,NaN,NaN,NaN,NaN
1704416400,1.24,1.26,1.23,1.25,3071300,NaN,NaN,NaN,NaN,NaN,NaN,NaN
1704675600,1.25,1.25,1.24,1.25,1950800,NaN,NaN,NaN,NaN,NaN,NaN,NaN
1704762000,1.25,1.27,1.23,1.26,4283700,NaN,NaN,NaN,NaN,NaN,NaN,NaN
1704848400,1.26,1.27,1.25,1.25,2500500,NaN,NaN,NaN,NaN,NaN,NaN,NaN
1704934800,1.25,1.26,1.24,1.25,2583900,NaN,NaN,NaN,NaN,NaN,NaN,NaN
1705021200,1.25,1.26,1.22,1.25,5736900,NaN,NaN,NaN,NaN,NaN,NaN,NaN
1705280400,1.25,1.28,1.24,1.25,5612500,NaN,NaN,NaN,NaN,NaN,NaN,NaN
1705366800,1.25,1.26,1.24,1.25,1561900,NaN,NaN,NaN,NaN,NaN,NaN,NaN
1705453200,1.25,1.26,1.24,1.25,2954700,NaN,NaN,NaN,NaN,NaN,NaN,NaN
1705539600,1.25,1.26,1.24,1.25,1288600,NaN,NaN,NaN,NaN,NaN,NaN,NaN
1705626000,1.25,1.27,1.24,1.26,1324200,NaN,NaN,NaN,NaN,NaN,NaN,NaN
1705885200,1.26,1.26,1.24,1.25,4579400,NaN,NaN,NaN,NaN,NaN,NaN,NaN
1705971600,1.25,1.25,1.24,1.25,4173100,NaN,NaN,NaN,NaN,NaN,NaN,NaN
1706058000,1.25,1.25,1.23,1.24,2594400,NaN,NaN,NaN,NaN,NaN,NaN,NaN
1706230800,1.26,1.33,1.25,1.27,32299500,NaN,NaN,NaN,NaN,NaN,NaN,NaN
1706490000,1.28,1.3,1.27,1.27,8428100,NaN,NaN,NaN,NaN,NaN,NaN,NaN
1706576400,1.28,1.3,1.27,1.28,5970900,NaN,NaN,NaN,NaN,NaN,NaN,NaN
1706662800,1.28,1.31,1.28,1.3,9005700,NaN,NaN,NaN,NaN,NaN,NaN,NaN
1706835600,1.3,1.32,1.3,1.31,5074700,NaN,NaN,NaN,NaN,NaN,NaN,NaN
1707094800,1.32,1.34,1.31,1.32,12470900,NaN,NaN,NaN,NaN,NaN,NaN,NaN
1707181200,1.32,1.33,1.31,1.32,4667200,NaN,NaN,NaN,NaN,NaN,NaN,NaN
1707267600,1.33,1.33,1.31,1.32,5122600,NaN,NaN,NaN,NaN,NaN,NaN,NaN
1707354000,1.28,1.29,1.27,1.28,4582500,NaN,NaN,NaN,NaN,NaN,NaN,NaN
1707440400,1.28,1.3,1.27,1.28,1416500,NaN,NaN,NaN,NaN,NaN,NaN,NaN
1707786000,1.28,1.33,1.28,1.32,6591900,NaN,NaN,NaN,NaN,NaN,NaN,NaN
1707872400,1.31,1.34,1.3,1.33,5698500,NaN,NaN,NaN,NaN,NaN,NaN,NaN
1707958800,1.32,1.34,1.31,1.32,3311900,NaN,NaN,NaN,NaN,NaN,NaN,NaN
1708045200,1.32,1.33,1.3,1.31,5870000,NaN,NaN,NaN,NaN,NaN,NaN,NaN
1708304400,1.31,1.34,1.3,1.33,4615100,NaN,NaN,NaN,NaN,NaN,NaN,NaN
1708390800,1.33,1.33,1.3,1.31,2569600,NaN,NaN,NaN,NaN,NaN,NaN,NaN
1708477200,1.32,1.34,1.3,1.33,5198200,NaN,NaN,NaN,NaN,NaN,NaN,NaN
1708563600,1.32,1.34,1.32,1.34,2424200,NaN,NaN,NaN,NaN,NaN,NaN,NaN
1708650000,1.34,1.36,1.33,1.35,5636600,NaN,NaN,NaN,NaN,NaN,NaN,NaN
1708909200,1.34,1.35,1.31,1.31,4577800,NaN,NaN,NaN,NaN,NaN,NaN,NaN
1708995600,1.31,1.33,1.3,1.31,5036100,NaN,NaN,NaN,NaN,NaN,NaN,NaN
1709082000,1.31,1.32,1.3,1.31,4250000,NaN,NaN,NaN,NaN,NaN,NaN,NaN
1709168400,1.31,1.32,1.27,1.27,27504000,NaN,NaN,NaN,NaN,NaN,NaN,NaN
1709254800,1.28,1.3,1.27,1.28,9680800,NaN,NaN,NaN,NaN,NaN,NaN,NaN
1709514000,1.28,1.29,1.27,1.27,4711100,NaN,NaN,NaN,NaN,NaN,NaN,NaN
1709600400,1.28,1.28,1.26,1.28,2730200,NaN,NaN,NaN,NaN,NaN,NaN,NaN
1709686800,1.28,1.3,1.27,1.28,2900200,NaN,NaN,NaN,NaN,NaN,NaN,NaN
1709773200,1.28,1.3,1.28,1.28,2738700,NaN,NaN,NaN,NaN,NaN,NaN,NaN
1709859600,1.28,1.3,1.28,1.28,3626600,NaN,NaN,NaN,NaN,NaN,NaN,NaN
1710118800,1.28,1.29,1.27,1.27,2876600,NaN,NaN,NaN,NaN,NaN,NaN,NaN
1710205200,1.28,1.29,1.27,1.28,5708300,NaN,NaN,NaN,NaN,NaN,NaN,NaN
1710291600,1.29,1.29,1.27,1.29,2353100,NaN,NaN,NaN,NaN,NaN,NaN,NaN
1710378000,1.28,1.3,1.28,1.29,1361100,NaN,NaN,NaN,NaN,NaN,NaN,NaN
1710464400,1.3,1.33,1.29,1.33,13753300,NaN,NaN,NaN,NaN,NaN,NaN,NaN
1710723600,1.32,1.32,1.3,1.31,1492000,NaN,NaN,NaN,NaN,NaN,NaN,NaN
1710810000,1.31,1.31,1.29,1.3,1012700,NaN,NaN,NaN,NaN,NaN,NaN,NaN
1710896400,1.3,1.3,1.29,1.29,3578800,NaN,NaN,NaN,NaN,NaN,NaN,NaN
1710982800,1.29,1.3,1.28,1.29,1890000,NaN,NaN,NaN,NaN,NaN,NaN,NaN
1711069200,1.29,1.31,1.29,1.31,2624800,NaN,NaN,NaN,NaN,NaN,NaN,NaN
1711328400,1.31,1.31,1.28,1.29,1956200,NaN,NaN,NaN,NaN,NaN,NaN,NaN
1711414800,1.29,1.29,1.28,1.29,1051800,NaN,NaN,NaN,NaN,NaN,NaN,NaN
1711501200,1.29,1.3,1.27,1.28,2896800,NaN,NaN,NaN,NaN,NaN,NaN,NaN
1711674000,1.28,1.29,1.27,1.28,5553000,3656848312,8919822000,4067731000,128667000,222444000,4852091000,4.1875
1711933200,1.28,1.29,1.27,1.28,1602000,NaN,NaN,NaN,NaN,NaN,NaN,NaN
1712019600,1.28,1.3,1.27,1.28,4969100,NaN,NaN,NaN,NaN,NaN,NaN,NaN
1712106000,1.28,1.29,1.27,1.28,1869600,NaN,NaN,NaN,NaN,NaN,NaN,NaN
1712192400,1.28,1.29,1.27,1.27,5304600,NaN,NaN,NaN,NaN,NaN,NaN,NaN
1712278800,1.28,1.29,1.28,1.28,1003000,NaN,NaN,NaN,NaN,NaN,NaN,NaN
1712538000,1.28,1.29,1.28,1.29,1169100,NaN,NaN,NaN,NaN,NaN,NaN,NaN
1712624400,1.29,1.3,1.28,1.29,5105000,NaN,NaN,NaN,NaN,NaN,NaN,NaN
1712883600,1.29,1.29,1.28,1.28,3523300,NaN,NaN,NaN,NaN,NaN,NaN,NaN
1713142800,1.28,1.29,1.27,1.28,5818000,NaN,NaN,NaN,NaN,NaN,NaN,NaN
1713229200,1.28,1.28,1.26,1.27,6456400,NaN,NaN,NaN,NaN,NaN,NaN,NaN
1713315600,1.27,1.28,1.27,1.27,1782100,NaN,NaN,NaN,NaN,NaN,NaN,NaN
1713402000,1.28,1.29,1.27,1.29,3721200,NaN,NaN,NaN,NaN,NaN,NaN,NaN
1713488400,1.29,1.3,1.28,1.28,2543400,NaN,NaN,NaN,NaN,NaN,NaN,NaN
1713747600,1.29,1.29,1.28,1.29,575500,NaN,NaN,NaN,NaN,NaN,NaN,NaN
1713834000,1.29,1.29,1.28,1.29,1980100,NaN,NaN,NaN,NaN,NaN,NaN,NaN
1713920400,1.29,1.3,1.29,1.29,4977900,NaN,NaN,NaN,NaN,NaN,NaN,NaN
1714006800,1.3,1.3,1.29,1.3,1875500,NaN,NaN,NaN,NaN,NaN,NaN,NaN
1714093200,1.32,1.33,1.31,1.32,3817900,NaN,NaN,NaN,NaN,NaN,NaN,NaN
1714352400,1.32,1.32,1.3,1.32,6130200,NaN,NaN,NaN,NaN,NaN,NaN,NaN
1714438800,1.32,1.32,1.3,1.31,2109900,NaN,NaN,NaN,NaN,NaN,NaN,NaN
1714611600,1.31,1.33,1.31,1.33,3482700,NaN,NaN,NaN,NaN,NaN,NaN,NaN
1714698000,1.33,1.34,1.32,1.32,1805300,NaN,NaN,NaN,NaN,NaN,NaN,NaN
1714957200,1.32,1.34,1.3,1.31,6378300,NaN,NaN,NaN,NaN,NaN,NaN,NaN
1715043600,1.31,1.34,1.31,1.33,4848300,NaN,NaN,NaN,NaN,NaN,NaN,NaN
1715130000,1.33,1.34,1.31,1.31,8586000,NaN,NaN,NaN,NaN,NaN,NaN,NaN
1715216400,1.32,1.33,1.31,1.33,3678700,NaN,NaN,NaN,NaN,NaN,NaN,NaN
1715302800,1.33,1.35,1.33,1.34,2808500,NaN,NaN,NaN,NaN,NaN,NaN,NaN
1715562000,1.34,1.35,1.33,1.34,1949400,NaN,NaN,NaN,NaN,NaN,NaN,NaN
1715648400,1.34,1.34,1.32,1.33,1630500,NaN,NaN,NaN,NaN,NaN,NaN,NaN
1715734800,1.33,1.34,1.32,1.32,1200600,NaN,NaN,NaN,NaN,NaN,NaN,NaN
1715821200,1.33,1.36,1.32,1.36,11753100,NaN,NaN,NaN,NaN,NaN,NaN,NaN
1715907600,1.36,1.36,1.33,1.33,2394400,NaN,NaN,NaN,NaN,NaN,NaN,NaN
1716166800,1.34,1.38,1.34,1.37,7093400,NaN,NaN,NaN,NaN,NaN,NaN,NaN
1716253200,1.37,1.38,1.36,1.38,4023300,NaN,NaN,NaN,NaN,NaN,NaN,NaN
1716426000,1.38,1.38,1.35,1.36,5755100,NaN,NaN,NaN,NaN,NaN,NaN,NaN
1716512400,1.35,1.37,1.35,1.36,1207200,NaN,NaN,NaN,NaN,NaN,NaN,NaN
1716771600,1.36,1.38,1.36,1.37,3548300,NaN,NaN,NaN,NaN,NaN,NaN,NaN
1716858000,1.37,1.39,1.36,1.37,1850800,NaN,NaN,NaN,NaN,NaN,NaN,NaN
1716944400,1.37,1.38,1.35,1.37,4571100,NaN,NaN,NaN,NaN,NaN,NaN,NaN
1717030800,1.37,1.38,1.36,1.38,4530200,NaN,NaN,NaN,NaN,NaN,NaN,NaN
1717117200,1.38,1.45,1.37,1.45,10891300,NaN,NaN,NaN,NaN,NaN,NaN,NaN
1717462800,1.42,1.43,1.4,1.4,5388600,NaN,NaN,NaN,NaN,NaN,NaN,NaN
1717549200,1.41,1.42,1.4,1.41,2035300,NaN,NaN,NaN,NaN,NaN,NaN,NaN
1717635600,1.41,1.43,1.41,1.42,6273000,NaN,NaN,NaN,NaN,NaN,NaN,NaN
1717722000,1.41,1.43,1.41,1.43,882200,NaN,NaN,NaN,NaN,NaN,NaN,NaN
1717981200,1.43,1.44,1.42,1.43,832400,NaN,NaN,NaN,NaN,NaN,NaN,NaN
1718067600,1.44,1.45,1.43,1.44,1823400,NaN,NaN,NaN,NaN,NaN,NaN,NaN
1718154000,1.44,1.45,1.43,1.44,3765200,NaN,NaN,NaN,NaN,NaN,NaN,NaN
1718240400,1.44,1.45,1.43,1.45,1776100,NaN,NaN,NaN,NaN,NaN,NaN,NaN
1718326800,1.45,1.45,1.43,1.44,1432500,NaN,NaN,NaN,NaN,NaN,NaN,NaN
1718672400,1.44,1.44,1.41,1.43,2775100,NaN,NaN,NaN,NaN,NaN,NaN,NaN
1718758800,1.43,1.43,1.39,1.41,5335000,NaN,NaN,NaN,NaN,NaN,NaN,NaN
1718845200,1.4,1.41,1.39,1.4,2783400,NaN,NaN,NaN,NaN,NaN,NaN,NaN
1718931600,1.4,1.41,1.38,1.4,3581700,NaN,NaN,NaN,NaN,NaN,NaN,NaN
1719190800,1.4,1.42,1.38,1.38,4380200,NaN,NaN,NaN,NaN,NaN,NaN,NaN
1719277200,1.38,1.39,1.37,1.37,3626100,NaN,NaN,NaN,NaN,NaN,NaN,NaN
1719363600,1.37,1.39,1.37,1.38,4103500,NaN,NaN,NaN,NaN,NaN,NaN,NaN
1719450000,1.38,1.39,1.37,1.37,4082400,NaN,NaN,NaN,NaN,NaN,NaN,NaN
1719536400,1.38,1.39,1.38,1.39,1688200,3656848312,9000449000,4081242000,112482000,204731000,4919207000,6.56834532374101
1719795600,1.39,1.4,1.37,1.39,2655400,NaN,NaN,NaN,NaN,NaN,NaN,NaN
1719882000,1.39,1.39,1.38,1.38,1675600,NaN,NaN,NaN,NaN,NaN,NaN,NaN
1719968400,1.38,1.4,1.38,1.38,3862500,NaN,NaN,NaN,NaN,NaN,NaN,NaN
1720054800,1.38,1.39,1.37,1.38,4217100,NaN,NaN,NaN,NaN,NaN,NaN,NaN
1720141200,1.39,1.4,1.38,1.39,2647500,NaN,NaN,NaN,NaN,NaN,NaN,NaN
1720486800,1.39,1.4,1.38,1.39,1736100,NaN,NaN,NaN,NaN,NaN,NaN,NaN
1720573200,1.4,1.42,1.39,1.41,3754100,NaN,NaN,NaN,NaN,NaN,NaN,NaN
1720659600,1.41,1.43,1.41,1.41,1485500,NaN,NaN,NaN,NaN,NaN,NaN,NaN
1720746000,1.42,1.43,1.4,1.42,2586100,NaN,NaN,NaN,NaN,NaN,NaN,NaN
1721005200,1.42,1.45,1.42,1.42,4734700,NaN,NaN,NaN,NaN,NaN,NaN,NaN
1721091600,1.43,1.43,1.41,1.41,2393600,NaN,NaN,NaN,NaN,NaN,NaN,NaN
1721178000,1.4,1.42,1.4,1.41,3299300,NaN,NaN,NaN,NaN,NaN,NaN,NaN
1721264400,1.4,1.42,1.4,1.41,7835000,NaN,NaN,NaN,NaN,NaN,NaN,NaN
1721350800,1.41,1.42,1.4,1.41,3454200,NaN,NaN,NaN,NaN,NaN,NaN,NaN
1721610000,1.41,1.41,1.39,1.4,3426700,NaN,NaN,NaN,NaN,NaN,NaN,NaN
1721696400,1.4,1.41,1.39,1.4,4414200,NaN,NaN,NaN,NaN,NaN,NaN,NaN
1721782800,1.41,1.41,1.39,1.4,1512000,NaN,NaN,NaN,NaN,NaN,NaN,NaN
1721869200,1.4,1.4,1.38,1.39,2563000,NaN,NaN,NaN,NaN,NaN,NaN,NaN
1721955600,1.4,1.41,1.39,1.4,4790300,NaN,NaN,NaN,NaN,NaN,NaN,NaN
1722214800,1.4,1.41,1.38,1.39,4598800,NaN,NaN,NaN,NaN,NaN,NaN,NaN
1722301200,1.36,1.37,1.34,1.35,7208300,NaN,NaN,NaN,NaN,NaN,NaN,NaN
1722387600,1.35,1.36,1.34,1.34,2289400,NaN,NaN,NaN,NaN,NaN,NaN,NaN
1722474000,1.35,1.35,1.34,1.35,662300,NaN,NaN,NaN,NaN,NaN,NaN,NaN
1722560400,1.34,1.34,1.32,1.33,3337700,NaN,NaN,NaN,NaN,NaN,NaN,NaN
1722819600,1.33,1.34,1.27,1.27,8080500,NaN,NaN,NaN,NaN,NaN,NaN,NaN
1722906000,1.28,1.33,1.27,1.32,9040300,NaN,NaN,NaN,NaN,NaN,NaN,NaN
1722992400,1.33,1.39,1.32,1.39,7657700,NaN,NaN,NaN,NaN,NaN,NaN,NaN
1723078800,1.37,1.39,1.36,1.38,3145900,NaN,NaN,NaN,NaN,NaN,NaN,NaN
1723165200,1.38,1.4,1.38,1.39,2991000,NaN,NaN,NaN,NaN,NaN,NaN,NaN
1723424400,1.38,1.4,1.38,1.39,1362600,NaN,NaN,NaN,NaN,NaN,NaN,NaN
1723510800,1.39,1.39,1.37,1.37,968400,NaN,NaN,NaN,NaN,NaN,NaN,NaN
1723597200,1.38,1.39,1.37,1.38,1219600,NaN,NaN,NaN,NaN,NaN,NaN,NaN
1723683600,1.38,1.38,1.37,1.38,647800,NaN,NaN,NaN,NaN,NaN,NaN,NaN
1723770000,1.38,1.39,1.37,1.38,714700,NaN,NaN,NaN,NaN,NaN,NaN,NaN
1724029200,1.38,1.39,1.38,1.38,1416300,NaN,NaN,NaN,NaN,NaN,NaN,NaN
1724115600,1.38,1.39,1.37,1.38,1636400,NaN,NaN,NaN,NaN,NaN,NaN,NaN
1724202000,1.37,1.39,1.37,1.38,1179700,NaN,NaN,NaN,NaN,NaN,NaN,NaN
1724288400,1.38,1.38,1.37,1.38,1357600,NaN,NaN,NaN,NaN,NaN,NaN,NaN
1724374800,1.37,1.38,1.37,1.37,1575900,NaN,NaN,NaN,NaN,NaN,NaN,NaN
1724634000,1.38,1.41,1.38,1.41,4143500,NaN,NaN,NaN,NaN,NaN,NaN,NaN
1724720400,1.41,1.41,1.38,1.39,2512900,NaN,NaN,NaN,NaN,NaN,NaN,NaN
1724806800,1.39,1.41,1.38,1.39,2308500,NaN,NaN,NaN,NaN,NaN,NaN,NaN
1724893200,1.39,1.4,1.38,1.4,1430200,NaN,NaN,NaN,NaN,NaN,NaN,NaN
1724979600,1.4,1.41,1.39,1.41,2745100,NaN,NaN,NaN,NaN,NaN,NaN,NaN
1725238800,1.41,1.43,1.4,1.43,3212200,NaN,NaN,NaN,NaN,NaN,NaN,NaN
1725325200,1.42,1.45,1.42,1.45,3717500,NaN,NaN,NaN,NaN,NaN,NaN,NaN
1725411600,1.43,1.45,1.42,1.45,2834500,NaN,NaN,NaN,NaN,NaN,NaN,NaN
1725498000,1.44,1.45,1.42,1.43,3519600,NaN,NaN,NaN,NaN,NaN,NaN,NaN
1725584400,1.43,1.44,1.43,1.43,1011200,NaN,NaN,NaN,NaN,NaN,NaN,NaN
1725843600,1.43,1.43,1.42,1.42,934000,NaN,NaN,NaN,NaN,NaN,NaN,NaN
1725930000,1.43,1.44,1.42,1.43,2238300,NaN,NaN,NaN,NaN,NaN,NaN,NaN
1726016400,1.43,1.43,1.41,1.41,2730700,NaN,NaN,NaN,NaN,NaN,NaN,NaN
1726102800,1.43,1.43,1.41,1.43,3358800,NaN,NaN,NaN,NaN,NaN,NaN,NaN
1726189200,1.43,1.43,1.42,1.43,241000,NaN,NaN,NaN,NaN,NaN,NaN,NaN
1726534800,1.43,1.44,1.42,1.44,973100,NaN,NaN,NaN,NaN,NaN,NaN,NaN
1726621200,1.43,1.44,1.42,1.43,1039000,NaN,NaN,NaN,NaN,NaN,NaN,NaN
1726707600,1.44,1.44,1.43,1.43,4186500,NaN,NaN,NaN,NaN,NaN,NaN,NaN
1726794000,1.44,1.44,1.43,1.44,2611500,NaN,NaN,NaN,NaN,NaN,NaN,NaN
1727053200,1.44,1.45,1.43,1.45,2678700,NaN,NaN,NaN,NaN,NaN,NaN,NaN
1727139600,1.45,1.45,1.44,1.45,1885900,NaN,NaN,NaN,NaN,NaN,NaN,NaN
1727226000,1.45,1.46,1.43,1.44,1483800,NaN,NaN,NaN,NaN,NaN,NaN,NaN
1727312400,1.44,1.45,1.43,1.44,858400,NaN,NaN,NaN,NaN,NaN,NaN,NaN
1727398800,1.44,1.44,1.43,1.43,280900,NaN,NaN,NaN,NaN,NaN,NaN,NaN
1727658000,1.44,1.45,1.43,1.44,2345900,3660689013,8939567000,4101796999.9999995,124664000,211170000,4837770000,6.34027777777778
1727744400,1.44,1.45,1.43,1.44,4639500,NaN,NaN,NaN,NaN,NaN,NaN,NaN
1727830800,1.44,1.45,1.43,1.44,2199300,NaN,NaN,NaN,NaN,NaN,NaN,NaN
1727917200,1.44,1.45,1.43,1.44,551900,NaN,NaN,NaN,NaN,NaN,NaN,NaN
1728003600,1.44,1.45,1.43,1.44,1419700,NaN,NaN,NaN,NaN,NaN,NaN,NaN
1728262800,1.44,1.46,1.43,1.46,1635500,NaN,NaN,NaN,NaN,NaN,NaN,NaN
1728349200,1.46,1.47,1.45,1.46,1796600,NaN,NaN,NaN,NaN,NaN,NaN,NaN
1728435600,1.46,1.52,1.46,1.5,4131300,NaN,NaN,NaN,NaN,NaN,NaN,NaN
1728522000,1.51,1.52,1.5,1.51,2590900,NaN,NaN,NaN,NaN,NaN,NaN,NaN
1728608400,1.52,1.52,1.49,1.49,2164200,NaN,NaN,NaN,NaN,NaN,NaN,NaN
1728867600,1.49,1.52,1.49,1.52,1196400,NaN,NaN,NaN,NaN,NaN,NaN,NaN
1728954000,1.52,1.53,1.51,1.53,1876700,NaN,NaN,NaN,NaN,NaN,NaN,NaN
1729040400,1.52,1.53,1.51,1.52,842000,NaN,NaN,NaN,NaN,NaN,NaN,NaN
1729126800,1.51,1.53,1.51,1.52,823100,NaN,NaN,NaN,NaN,NaN,NaN,NaN
1729213200,1.52,1.54,1.47,1.48,3503600,NaN,NaN,NaN,NaN,NaN,NaN,NaN
1729472400,1.48,1.56,1.47,1.56,2570100,NaN,NaN,NaN,NaN,NaN,NaN,NaN
1729558800,1.57,1.58,1.54,1.58,1641500,NaN,NaN,NaN,NaN,NaN,NaN,NaN
1729645200,1.58,1.59,1.56,1.59,704100,NaN,NaN,NaN,NaN,NaN,NaN,NaN
1729731600,1.58,1.59,1.56,1.58,3074600,NaN,NaN,NaN,NaN,NaN,NaN,NaN
1729818000,1.56,1.56,1.53,1.56,1665700,NaN,NaN,NaN,NaN,NaN,NaN,NaN
1730077200,1.56,1.56,1.53,1.54,636300,NaN,NaN,NaN,NaN,NaN,NaN,NaN
1730163600,1.54,1.54,1.51,1.52,2035700,NaN,NaN,NaN,NaN,NaN,NaN,NaN
1730250000,1.52,1.56,1.5,1.54,6133000,NaN,NaN,NaN,NaN,NaN,NaN,NaN
1730422800,1.53,1.56,1.51,1.55,3637400,NaN,NaN,NaN,NaN,NaN,NaN,NaN
1730682000,1.53,1.54,1.52,1.53,3269200,NaN,NaN,NaN,NaN,NaN,NaN,NaN
1730768400,1.53,1.54,1.51,1.53,4800100,NaN,NaN,NaN,NaN,NaN,NaN,NaN
1730854800,1.54,1.54,1.51,1.52,2755600,NaN,NaN,NaN,NaN,NaN,NaN,NaN
1730941200,1.52,1.53,1.51,1.52,3974100,NaN,NaN,NaN,NaN,NaN,NaN,NaN
1731027600,1.52,1.53,1.51,1.52,1925200,NaN,NaN,NaN,NaN,NaN,NaN,NaN
1731286800,1.51,1.52,1.48,1.48,3300700,NaN,NaN,NaN,NaN,NaN,NaN,NaN
1731373200,1.48,1.5,1.47,1.49,1977200,NaN,NaN,NaN,NaN,NaN,NaN,NaN
1731459600,1.49,1.49,1.46,1.47,2333700,NaN,NaN,NaN,NaN,NaN,NaN,NaN
1731546000,1.47,1.49,1.47,1.48,3400800,NaN,NaN,NaN,NaN,NaN,NaN,NaN
1731632400,1.48,1.51,1.47,1.51,685000,NaN,NaN,NaN,NaN,NaN,NaN,NaN
1731891600,1.5,1.5,1.48,1.5,828200,NaN,NaN,NaN,NaN,NaN,NaN,NaN
1731978000,1.5,1.51,1.49,1.49,800200,NaN,NaN,NaN,NaN,NaN,NaN,NaN
1732064400,1.49,1.49,1.48,1.48,1297500,NaN,NaN,NaN,NaN,NaN,NaN,NaN
1732150800,1.49,1.49,1.47,1.48,1404600,NaN,NaN,NaN,NaN,NaN,NaN,NaN
1732237200,1.48,1.49,1.47,1.49,1460800,NaN,NaN,NaN,NaN,NaN,NaN,NaN
1732496400,1.49,1.52,1.48,1.52,4235200,NaN,NaN,NaN,NaN,NaN,NaN,NaN
1732582800,1.52,1.52,1.5,1.51,410500,NaN,NaN,NaN,NaN,NaN,NaN,NaN
1732669200,1.51,1.51,1.49,1.51,304600,NaN,NaN,NaN,NaN,NaN,NaN,NaN
1732755600,1.5,1.51,1.49,1.5,352300,NaN,NaN,NaN,NaN,NaN,NaN,NaN
1732842000,1.5,1.5,1.49,1.49,341900,NaN,NaN,NaN,NaN,NaN,NaN,NaN
1733101200,1.49,1.49,1.47,1.48,1208200,NaN,NaN,NaN,NaN,NaN,NaN,NaN
1733187600,1.48,1.49,1.47,1.48,819300,NaN,NaN,NaN,NaN,NaN,NaN,NaN
1733274000,1.48,1.5,1.47,1.49,3039300,NaN,NaN,NaN,NaN,NaN,NaN,NaN
1733360400,1.5,1.51,1.49,1.51,1100600,NaN,NaN,NaN,NaN,NaN,NaN,NaN
1733446800,1.49,1.5,1.47,1.48,2957600,NaN,NaN,NaN,NaN,NaN,NaN,NaN
1733706000,1.48,1.49,1.46,1.47,1785500,NaN,NaN,NaN,NaN,NaN,NaN,NaN
1733792400,1.47,1.48,1.46,1.46,1681200,NaN,NaN,NaN,NaN,NaN,NaN,NaN
1733878800,1.47,1.48,1.46,1.47,1563100,NaN,NaN,NaN,NaN,NaN,NaN,NaN
1733965200,1.47,1.47,1.46,1.47,694900,NaN,NaN,NaN,NaN,NaN,NaN,NaN
1734051600,1.47,1.48,1.46,1.47,1822900,NaN,NaN,NaN,NaN,NaN,NaN,NaN
1734310800,1.47,1.49,1.47,1.49,1792400,NaN,NaN,NaN,NaN,NaN,NaN,NaN
1734397200,1.49,1.5,1.48,1.49,1639400,NaN,NaN,NaN,NaN,NaN,NaN,NaN
1734483600,1.49,1.5,1.48,1.49,1238800,NaN,NaN,NaN,NaN,NaN,NaN,NaN
1734570000,1.48,1.49,1.47,1.48,3341900,NaN,NaN,NaN,NaN,NaN,NaN,NaN
1734656400,1.48,1.49,1.47,1.48,1920800,NaN,NaN,NaN,NaN,NaN,NaN,NaN
1734915600,1.48,1.48,1.47,1.48,705100,NaN,NaN,NaN,NaN,NaN,NaN,NaN
1735002000,1.48,1.49,1.48,1.49,352200,NaN,NaN,NaN,NaN,NaN,NaN,NaN
1735174800,1.49,1.5,1.48,1.5,990400,NaN,NaN,NaN,NaN,NaN,NaN,NaN
1735261200,1.5,1.52,1.49,1.52,3331400,NaN,NaN,NaN,NaN,NaN,NaN,NaN
1735520400,1.52,1.55,1.51,1.54,4233300,NaN,NaN,NaN,NaN,NaN,NaN,NaN
1735606800,1.54,1.57,1.53,1.55,4175000,3660689013,9130854000,4112390000.0000005,126307000,222317000,5018464000,6.0258064516129
1735779600,1.54,1.58,1.54,1.57,2812100,NaN,NaN,NaN,NaN,NaN,NaN,NaN
1735866000,1.57,1.57,1.54,1.55,4117800,NaN,NaN,NaN,NaN,NaN,NaN,NaN
1736125200,1.55,1.59,1.54,1.59,4477900,NaN,NaN,NaN,NaN,NaN,NaN,NaN
1736211600,1.58,1.59,1.57,1.58,1907400,NaN,NaN,NaN,NaN,NaN,NaN,NaN
1736298000,1.57,1.59,1.56,1.57,1948500,NaN,NaN,NaN,NaN,NaN,NaN,NaN
1736384400,1.58,1.58,1.56,1.56,1166900,NaN,NaN,NaN,NaN,NaN,NaN,NaN
1736470800,1.56,1.57,1.55,1.57,512700,NaN,NaN,NaN,NaN,NaN,NaN,NaN
1736730000,1.56,1.57,1.53,1.54,1145800,NaN,NaN,NaN,NaN,NaN,NaN,NaN
1736816400,1.54,1.56,1.54,1.55,778500,NaN,NaN,NaN,NaN,NaN,NaN,NaN
1736902800,1.55,1.55,1.5,1.51,2576400,NaN,NaN,NaN,NaN,NaN,NaN,NaN
1736989200,1.51,1.53,1.5,1.51,2904100,NaN,NaN,NaN,NaN,NaN,NaN,NaN
1737075600,1.49,1.53,1.48,1.52,3485900,NaN,NaN,NaN,NaN,NaN,NaN,NaN
1737334800,1.51,1.53,1.5,1.52,3341100,NaN,NaN,NaN,NaN,NaN,NaN,NaN
1737421200,1.52,1.54,1.51,1.52,2534600,NaN,NaN,NaN,NaN,NaN,NaN,NaN
1737507600,1.52,1.54,1.51,1.52,3242000,NaN,NaN,NaN,NaN,NaN,NaN,NaN
1737594000,1.51,1.52,1.51,1.51,1677000,NaN,NaN,NaN,NaN,NaN,NaN,NaN
1737680400,1.51,1.52,1.5,1.51,1528200,NaN,NaN,NaN,NaN,NaN,NaN,NaN
1737939600,1.51,1.52,1.5,1.51,1064100,NaN,NaN,NaN,NaN,NaN,NaN,NaN
1738026000,1.5,1.52,1.5,1.5,718300,NaN,NaN,NaN,NaN,NaN,NaN,NaN
1738285200,1.5,1.53,1.5,1.51,912600,NaN,NaN,NaN,NaN,NaN,NaN,NaN
1738544400,1.51,1.52,1.51,1.51,837700,NaN,NaN,NaN,NaN,NaN,NaN,NaN
1738630800,1.52,1.53,1.52,1.53,2342400,NaN,NaN,NaN,NaN,NaN,NaN,NaN
1738717200,1.53,1.54,1.53,1.54,2107800,NaN,NaN,NaN,NaN,NaN,NaN,NaN
1738803600,1.54,1.54,1.52,1.53,1398600,NaN,NaN,NaN,NaN,NaN,NaN,NaN
1738890000,1.53,1.53,1.52,1.52,411500,NaN,NaN,NaN,NaN,NaN,NaN,NaN
1739149200,1.52,1.54,1.52,1.54,671000,NaN,NaN,NaN,NaN,NaN,NaN,NaN
1739322000,1.54,1.54,1.53,1.54,1888800,NaN,NaN,NaN,NaN,NaN,NaN,NaN
1739408400,1.55,1.56,1.53,1.54,2974000,NaN,NaN,NaN,NaN,NaN,NaN,NaN
1739494800,1.54,1.55,1.53,1.54,2995700,NaN,NaN,NaN,NaN,NaN,NaN,NaN
1739754000,1.55,1.56,1.53,1.53,3371900,NaN,NaN,NaN,NaN,NaN,NaN,NaN
1739840400,1.54,1.55,1.53,1.54,1648000,NaN,NaN,NaN,NaN,NaN,NaN,NaN
1739926800,1.53,1.54,1.53,1.53,1488400,NaN,NaN,NaN,NaN,NaN,NaN,NaN
1740013200,1.53,1.54,1.52,1.52,3155600,NaN,NaN,NaN,NaN,NaN,NaN,NaN
1740099600,1.53,1.54,1.52,1.53,2038300,NaN,NaN,NaN,NaN,NaN,NaN,NaN
1740358800,1.53,1.55,1.52,1.53,4594700,NaN,NaN,NaN,NaN,NaN,NaN,NaN
1740445200,1.49,1.5,1.47,1.49,3613600,NaN,NaN,NaN,NaN,NaN,NaN,NaN
1740531600,1.49,1.5,1.48,1.49,1541600,NaN,NaN,NaN,NaN,NaN,NaN,NaN
1740618000,1.49,1.53,1.49,1.51,2498300,NaN,NaN,NaN,NaN,NaN,NaN,NaN
1740704400,1.51,1.52,1.5,1.51,3795600,NaN,NaN,NaN,NaN,NaN,NaN,NaN
1740963600,1.51,1.51,1.49,1.51,4499100,NaN,NaN,NaN,NaN,NaN,NaN,NaN
1741050000,1.51,1.51,1.49,1.5,2510500,NaN,NaN,NaN,NaN,NaN,NaN,NaN
1741136400,1.5,1.52,1.5,1.51,2440100,NaN,NaN,NaN,NaN,NaN,NaN,NaN
1741222800,1.5,1.53,1.5,1.5,2755500,NaN,NaN,NaN,NaN,NaN,NaN,NaN
1741309200,1.5,1.53,1.5,1.51,2284200,NaN,NaN,NaN,NaN,NaN,NaN,NaN
1741568400,1.51,1.53,1.51,1.52,2671700,NaN,NaN,NaN,NaN,NaN,NaN,NaN
1741654800,1.51,1.53,1.5,1.52,4076300,NaN,NaN,NaN,NaN,NaN,NaN,NaN
1741741200,1.52,1.55,1.51,1.53,5323700,NaN,NaN,NaN,NaN,NaN,NaN,NaN
1741827600,1.53,1.55,1.51,1.53,6215700,NaN,NaN,NaN,NaN,NaN,NaN,NaN
1741914000,1.52,1.54,1.5,1.52,6876500,NaN,NaN,NaN,NaN,NaN,NaN,NaN
1742173200,1.52,1.52,1.49,1.5,8586800,NaN,NaN,NaN,NaN,NaN,NaN,NaN
1742346000,1.5,1.51,1.47,1.49,9838500,NaN,NaN,NaN,NaN,NaN,NaN,NaN
1742432400,1.49,1.5,1.47,1.48,8814600,NaN,NaN,NaN,NaN,NaN,NaN,NaN
1742518800,1.48,1.48,1.43,1.44,47521000,NaN,NaN,NaN,NaN,NaN,NaN,NaN
1742778000,1.44,1.46,1.44,1.46,2718100,NaN,NaN,NaN,NaN,NaN,NaN,NaN
1742864400,1.47,1.48,1.46,1.46,2945600,NaN,NaN,NaN,NaN,NaN,NaN,NaN
1742950800,1.46,1.48,1.45,1.47,1343000,NaN,NaN,NaN,NaN,NaN,NaN,NaN
1743037200,1.47,1.47,1.46,1.47,370000,NaN,NaN,NaN,NaN,NaN,NaN,NaN
1743123600,1.47,1.48,1.46,1.46,1887400,3664390155,9047507000,4109209000,135466000,232458000,4938298000,9.58219178082192
1743555600,1.45,1.49,1.45,1.47,2265000,NaN,NaN,NaN,NaN,NaN,NaN,NaN
1743642000,1.47,1.48,1.46,1.47,643400,NaN,NaN,NaN,NaN,NaN,NaN,NaN
1743728400,1.47,1.48,1.46,1.47,874600,NaN,NaN,NaN,NaN,NaN,NaN,NaN
1743987600,1.46,1.47,1.22,1.39,6558600,NaN,NaN,NaN,NaN,NaN,NaN,NaN
1744074000,1.4,1.43,1.38,1.42,3509200,NaN,NaN,NaN,NaN,NaN,NaN,NaN
1744160400,1.4,1.4,1.34,1.36,4669700,NaN,NaN,NaN,NaN,NaN,NaN,NaN
1744246800,1.4,1.43,1.39,1.42,4058600,NaN,NaN,NaN,NaN,NaN,NaN,NaN
1744333200,1.42,1.44,1.39,1.43,1965200,NaN,NaN,NaN,NaN,NaN,NaN,NaN
1744592400,1.43,1.46,1.43,1.46,1099000,NaN,NaN,NaN,NaN,NaN,NaN,NaN
1744678800,1.45,1.46,1.43,1.45,1882000,NaN,NaN,NaN,NaN,NaN,NaN,NaN
1744765200,1.45,1.46,1.44,1.45,769700,NaN,NaN,NaN,NaN,NaN,NaN,NaN
1744851600,1.45,1.46,1.44,1.45,837700,NaN,NaN,NaN,NaN,NaN,NaN,NaN
1744938000,1.45,1.47,1.45,1.46,778800,NaN,NaN,NaN,NaN,NaN,NaN,NaN
1745197200,1.45,1.46,1.44,1.44,1358500,NaN,NaN,NaN,NaN,NaN,NaN,NaN
1745283600,1.44,1.45,1.43,1.43,1186700,NaN,NaN,NaN,NaN,NaN,NaN,NaN
1745370000,1.44,1.45,1.43,1.44,1181000,NaN,NaN,NaN,NaN,NaN,NaN,NaN
1745456400,1.44,1.47,1.44,1.44,2906800,NaN,NaN,NaN,NaN,NaN,NaN,NaN
1745542800,1.45,1.46,1.44,1.46,525500,NaN,NaN,NaN,NaN,NaN,NaN,NaN
1745802000,1.45,1.47,1.45,1.46,2302000,NaN,NaN,NaN,NaN,NaN,NaN,NaN
1745888400,1.46,1.47,1.45,1.46,1069100,NaN,NaN,NaN,NaN,NaN,NaN,NaN
1745974800,1.46,1.47,1.45,1.45,839900,NaN,NaN,NaN,NaN,NaN,NaN,NaN
1746147600,1.45,1.46,1.44,1.45,1882700,NaN,NaN,NaN,NaN,NaN,NaN,NaN
1746406800,1.45,1.46,1.44,1.45,2041000,NaN,NaN,NaN,NaN,NaN,NaN,NaN
1746493200,1.45,1.46,1.43,1.44,1805000,NaN,NaN,NaN,NaN,NaN,NaN,NaN
1746579600,1.44,1.45,1.43,1.45,2891500,NaN,NaN,NaN,NaN,NaN,NaN,NaN
1746666000,1.44,1.46,1.44,1.45,709600,NaN,NaN,NaN,NaN,NaN,NaN,NaN
1746752400,1.45,1.47,1.45,1.47,2450400,NaN,NaN,NaN,NaN,NaN,NaN,NaN
1747098000,1.47,1.47,1.45,1.45,1979900,NaN,NaN,NaN,NaN,NaN,NaN,NaN
1747184400,1.45,1.47,1.45,1.47,2650800,NaN,NaN,NaN,NaN,NaN,NaN,NaN
1747270800,1.47,1.49,1.46,1.48,2840200,NaN,NaN,NaN,NaN,NaN,NaN,NaN
1747357200,1.49,1.49,1.47,1.49,2405800,NaN,NaN,NaN,NaN,NaN,NaN,NaN
1747616400,1.49,1.49,1.47,1.49,1900200,NaN,NaN,NaN,NaN,NaN,NaN,NaN
1747702800,1.49,1.5,1.49,1.49,404600,NaN,NaN,NaN,NaN,NaN,NaN,NaN
1747789200,1.49,1.5,1.48,1.48,1706200,NaN,NaN,NaN,NaN,NaN,NaN,NaN
1747875600,1.48,1.49,1.47,1.47,1956400,NaN,NaN,NaN,NaN,NaN,NaN,NaN
1747962000,1.47,1.49,1.46,1.47,1646700,NaN,NaN,NaN,NaN,NaN,NaN,NaN
1748221200,1.47,1.48,1.46,1.48,1251400,NaN,NaN,NaN,NaN,NaN,NaN,NaN
1748307600,1.47,1.47,1.43,1.45,9695100,NaN,NaN,NaN,NaN,NaN,NaN,NaN
1748394000,1.45,1.46,1.44,1.45,10389600,NaN,NaN,NaN,NaN,NaN,NaN,NaN
1748480400,1.45,1.46,1.44,1.45,2545900,NaN,NaN,NaN,NaN,NaN,NaN,NaN
1748566800,1.45,1.48,1.45,1.47,6730500,NaN,NaN,NaN,NaN,NaN,NaN,NaN
1748912400,1.47,1.48,1.46,1.47,1577900,NaN,NaN,NaN,NaN,NaN,NaN,NaN
1748998800,1.48,1.48,1.47,1.47,1586900,NaN,NaN,NaN,NaN,NaN,NaN,NaN
1749085200,1.48,1.48,1.46,1.47,2985800,NaN,NaN,NaN,NaN,NaN,NaN,NaN
1749171600,1.47,1.5,1.46,1.49,3024500,NaN,NaN,NaN,NaN,NaN,NaN,NaN
1749430800,1.49,1.58,1.49,1.57,10366300,NaN,NaN,NaN,NaN,NaN,NaN,NaN
1749517200,1.56,1.6,1.55,1.59,6448500,NaN,NaN,NaN,NaN,NaN,NaN,NaN
1749603600,1.6,1.6,1.57,1.58,2602300,NaN,NaN,NaN,NaN,NaN,NaN,NaN
1749690000,1.58,1.65,1.58,1.63,6333300,NaN,NaN,NaN,NaN,NaN,NaN,NaN
1749776400,1.63,1.63,1.6,1.63,2425400,NaN,NaN,NaN,NaN,NaN,NaN,NaN
1750035600,1.63,1.63,1.59,1.59,4334700,NaN,NaN,NaN,NaN,NaN,NaN,NaN
1750122000,1.56,1.58,1.56,1.56,1977800,NaN,NaN,NaN,NaN,NaN,NaN,NaN
1750208400,1.56,1.56,1.54,1.55,802600,NaN,NaN,NaN,NaN,NaN,NaN,NaN
1750294800,1.54,1.55,1.53,1.54,1883600,NaN,NaN,NaN,NaN,NaN,NaN,NaN
1750381200,1.5,1.58,1.47,1.55,17088800,NaN,NaN,NaN,NaN,NaN,NaN,NaN
1750640400,1.53,1.57,1.52,1.54,8809900,NaN,NaN,NaN,NaN,NaN,NaN,NaN
1750726800,1.54,1.57,1.54,1.56,1421100,NaN,NaN,NaN,NaN,NaN,NaN,NaN
1750813200,1.56,1.63,1.55,1.59,7986700,NaN,NaN,NaN,NaN,NaN,NaN,NaN
1750899600,1.58,1.6,1.57,1.6,2108800,NaN,NaN,NaN,NaN,NaN,NaN,NaN
1751245200,1.62,1.63,1.58,1.59,4026200,3921532955,9654133000,4282653000.0000005,121933000,217048000,5371480000,6.15094339622641
1751331600,1.59,1.62,1.59,1.6,7030600,NaN,NaN,NaN,NaN,NaN,NaN,NaN
1751418000,1.61,1.61,1.6,1.61,2727900,NaN,NaN,NaN,NaN,NaN,NaN,NaN
1751504400,1.61,1.66,1.6,1.65,5298900,NaN,NaN,NaN,NaN,NaN,NaN,NaN
1751590800,1.65,1.67,1.64,1.65,3559700,NaN,NaN,NaN,NaN,NaN,NaN,NaN
1751850000,1.65,1.66,1.6,1.62,2922500,NaN,NaN,NaN,NaN,NaN,NaN,NaN
1751936400,1.62,1.67,1.61,1.66,3310800,NaN,NaN,NaN,NaN,NaN,NaN,NaN
1752022800,1.66,1.67,1.64,1.66,2674600,NaN,NaN,NaN,NaN,NaN,NaN,NaN
1752109200,1.66,1.7,1.65,1.67,4048900,NaN,NaN,NaN,NaN,NaN,NaN,NaN
1752195600,1.67,1.7,1.66,1.69,4989300,NaN,NaN,NaN,NaN,NaN,NaN,NaN
1752454800,1.69,1.7,1.68,1.69,5011400,NaN,NaN,NaN,NaN,NaN,NaN,NaN
1752541200,1.69,1.72,1.69,1.71,5162000,NaN,NaN,NaN,NaN,NaN,NaN,NaN
1752627600,1.71,1.74,1.69,1.7,8346000,NaN,NaN,NaN,NaN,NaN,NaN,NaN
1752714000,1.7,1.73,1.67,1.68,6649800,NaN,NaN,NaN,NaN,NaN,NaN,NaN
1752800400,1.68,1.71,1.67,1.69,10840100,NaN,NaN,NaN,NaN,NaN,NaN,NaN
1753059600,1.69,1.73,1.69,1.72,8211700,NaN,NaN,NaN,NaN,NaN,NaN,NaN
1753146000,1.73,1.73,1.7,1.71,3061000,NaN,NaN,NaN,NaN,NaN,NaN,NaN
1753232400,1.72,1.74,1.68,1.7,6450200,NaN,NaN,NaN,NaN,NaN,NaN,NaN
1753318800,1.7,1.7,1.67,1.68,6684600,NaN,NaN,NaN,NaN,NaN,NaN,NaN
1753405200,1.68,1.71,1.68,1.7,5056000,NaN,NaN,NaN,NaN,NaN,NaN,NaN
1753664400,1.7,1.72,1.69,1.7,2750800,NaN,NaN,NaN,NaN,NaN,NaN,NaN
1753750800,1.7,1.74,1.69,1.74,3757000,NaN,NaN,NaN,NaN,NaN,NaN,NaN
1753837200,1.74,1.76,1.71,1.74,6514100,NaN,NaN,NaN,NaN,NaN,NaN,NaN
1753923600,1.74,1.79,1.74,1.78,3787000,NaN,NaN,NaN,NaN,NaN,NaN,NaN
1754010000,1.78,1.79,1.76,1.77,1256200,NaN,NaN,NaN,NaN,NaN,NaN,NaN
1754269200,1.76,1.84,1.75,1.79,7854400,NaN,NaN,NaN,NaN,NaN,NaN,NaN
1754355600,1.79,1.83,1.76,1.77,3911600,NaN,NaN,NaN,NaN,NaN,NaN,NaN
1754442000,1.77,1.79,1.74,1.75,4520300,NaN,NaN,NaN,NaN,NaN,NaN,NaN
1754528400,1.75,1.76,1.71,1.74,9922200,NaN,NaN,NaN,NaN,NaN,NaN,NaN
1754614800,1.73,1.76,1.72,1.75,3932300,NaN,NaN,NaN,NaN,NaN,NaN,NaN
1754874000,1.75,1.77,1.74,1.76,5088700,NaN,NaN,NaN,NaN,NaN,NaN,NaN
1754960400,1.76,1.77,1.73,1.73,946200,NaN,NaN,NaN,NaN,NaN,NaN,NaN
1755046800,1.74,1.75,1.71,1.72,3041900,NaN,NaN,NaN,NaN,NaN,NaN,NaN
1755133200,1.72,1.74,1.71,1.71,3452000,NaN,NaN,NaN,NaN,NaN,NaN,NaN
1755219600,1.71,1.75,1.7,1.71,2735100,NaN,NaN,NaN,NaN,NaN,NaN,NaN
1755478800,1.71,1.74,1.69,1.74,9202200,NaN,NaN,NaN,NaN,NaN,NaN,NaN
1755565200,1.74,1.77,1.73,1.76,3616800,NaN,NaN,NaN,NaN,NaN,NaN,NaN
1755651600,1.76,1.76,1.7,1.71,3046000,NaN,NaN,NaN,NaN,NaN,NaN,NaN
1755738000,1.72,1.76,1.71,1.74,3319600,NaN,NaN,NaN,NaN,NaN,NaN,NaN
1755824400,1.74,1.76,1.73,1.75,5925900,NaN,NaN,NaN,NaN,NaN,NaN,NaN
1756083600,1.75,1.77,1.74,1.75,1445000,NaN,NaN,NaN,NaN,NaN,NaN,NaN
1756170000,1.75,1.75,1.7,1.71,14101300,NaN,NaN,NaN,NaN,NaN,NaN,NaN
1756256400,1.71,1.74,1.7,1.71,5053600,NaN,NaN,NaN,NaN,NaN,NaN,NaN
1756342800,1.71,1.75,1.71,1.74,1534500,NaN,NaN,NaN,NaN,NaN,NaN,NaN
1756429200,1.74,1.75,1.7,1.72,3137800,NaN,NaN,NaN,NaN,NaN,NaN,NaN
1756774800,1.72,1.73,1.7,1.73,4972700,NaN,NaN,NaN,NaN,NaN,NaN,NaN
1756861200,1.73,1.74,1.72,1.74,3643800,NaN,NaN,NaN,NaN,NaN,NaN,NaN
1756947600,1.74,1.76,1.72,1.73,9304600,NaN,NaN,NaN,NaN,NaN,NaN,NaN
1757293200,1.74,1.77,1.74,1.77,4659700,NaN,NaN,NaN,NaN,NaN,NaN,NaN
1757379600,1.77,1.8,1.77,1.79,3051700,NaN,NaN,NaN,NaN,NaN,NaN,NaN
1757466000,1.79,1.79,1.75,1.76,1715800,NaN,NaN,NaN,NaN,NaN,NaN,NaN
1757552400,1.74,1.77,1.74,1.77,1454200,NaN,NaN,NaN,NaN,NaN,NaN,NaN
1757638800,1.77,1.79,1.76,1.78,1032600,NaN,NaN,NaN,NaN,NaN,NaN,NaN
1758070800,1.79,1.82,1.78,1.81,3984500,NaN,NaN,NaN,NaN,NaN,NaN,NaN
1758157200,1.81,1.83,1.79,1.83,1988600,NaN,NaN,NaN,NaN,NaN,NaN,NaN
1758243600,1.82,1.82,1.78,1.8,15626400,NaN,NaN,NaN,NaN,NaN,NaN,NaN
1758502800,1.8,1.82,1.8,1.8,440400,NaN,NaN,NaN,NaN,NaN,NaN,NaN
1758589200,1.8,1.85,1.8,1.84,1809600,NaN,NaN,NaN,NaN,NaN,NaN,NaN
1758675600,1.84,1.88,1.82,1.86,3294800,NaN,NaN,NaN,NaN,NaN,NaN,NaN
1758762000,1.85,1.87,1.84,1.86,2786200,NaN,NaN,NaN,NaN,NaN,NaN,NaN
1758848400,1.85,1.88,1.84,1.86,1548700,NaN,NaN,NaN,NaN,NaN,NaN,NaN