time,open,high,low,close,Volume,Total common shares outstanding,Total assets,Total liabilities,Operating income,Total revenue,Shareholders&#039; equity,Dividend yield %
1478826000,2.279998,2.279998,2.243331,2.246664,957900,NaN,NaN,NaN,NaN,NaN,NaN,NaN
1479085200,2.253331,2.256664,2.216664,2.216664,521400,NaN,NaN,NaN,NaN,NaN,NaN,NaN
1479171600,2.216664,2.243331,2.213331,2.243331,357600,NaN,NaN,NaN,NaN,NaN,NaN,NaN
1479258000,2.239998,2.303331,2.239998,2.289998,541200,NaN,NaN,NaN,NaN,NaN,NaN,NaN
1479344400,2.289998,2.323331,2.283331,2.303331,1184101,NaN,NaN,NaN,NaN,NaN,NaN,NaN
1479430800,2.316664,2.319998,2.313331,2.319998,465300,NaN,NaN,NaN,NaN,NaN,NaN,NaN
1479690000,2.319998,2.323331,2.309998,2.323331,379500,NaN,NaN,NaN,NaN,NaN,NaN,NaN
1479776400,2.303331,2.359998,2.279998,2.333331,865200,NaN,NaN,NaN,NaN,NaN,NaN,NaN
1479862800,2.339998,2.339998,2.286664,2.286664,271200,NaN,NaN,NaN,NaN,NaN,NaN,NaN
1479949200,2.299998,2.313331,2.289998,2.299998,1431901,NaN,NaN,NaN,NaN,NaN,NaN,NaN
1480035600,2.306664,2.306664,2.266664,2.269998,630600,NaN,NaN,NaN,NaN,NaN,NaN,NaN
1480294800,2.279998,2.309998,2.279998,2.309998,282000,NaN,NaN,NaN,NaN,NaN,NaN,NaN
1480381200,2.299998,2.299998,2.259998,2.259998,797400,NaN,NaN,NaN,NaN,NaN,NaN,NaN
1480467600,2.259998,2.259998,2.236664,2.246664,1814401,NaN,NaN,NaN,NaN,NaN,NaN,NaN
1480554000,2.253331,2.256664,2.243331,2.246664,918900,NaN,NaN,NaN,NaN,NaN,NaN,NaN
1480640400,2.253331,2.253331,2.246664,2.253331,293400,NaN,NaN,NaN,NaN,NaN,NaN,NaN
1480899600,2.253331,2.259998,2.249998,2.253331,254100,NaN,NaN,NaN,NaN,NaN,NaN,NaN
1480986000,2.249998,2.249998,2.239998,2.246664,311100,NaN,NaN,NaN,NaN,NaN,NaN,NaN
1481072400,2.243331,2.243331,2.223331,2.229998,1335901,NaN,NaN,NaN,NaN,NaN,NaN,NaN
1481158800,2.253331,2.263331,2.233331,2.239998,272100,NaN,NaN,NaN,NaN,NaN,NaN,NaN
1481245200,2.233331,2.249998,2.233331,2.236664,826500,NaN,NaN,NaN,NaN,NaN,NaN,NaN
1481590800,2.236664,2.263331,2.236664,2.246664,2679002,NaN,NaN,NaN,NaN,NaN,NaN,NaN
1481677200,2.239998,2.329998,2.239998,2.266664,1977601,NaN,NaN,NaN,NaN,NaN,NaN,NaN
1481763600,2.266664,2.316664,2.259998,2.303331,1195501,NaN,NaN,NaN,NaN,NaN,NaN,NaN
1481850000,2.269998,2.283331,2.229998,2.256664,1395901,NaN,NaN,NaN,NaN,NaN,NaN,NaN
1482109200,2.236664,2.256664,2.233331,2.256664,570900,NaN,NaN,NaN,NaN,NaN,NaN,NaN
1482195600,2.256664,2.263331,2.256664,2.256664,496800,NaN,NaN,NaN,NaN,NaN,NaN,NaN
1482282000,2.249998,2.266664,2.249998,2.253331,610200,NaN,NaN,NaN,NaN,NaN,NaN,NaN
1482368400,2.253331,2.256664,2.243331,2.246664,441900,NaN,NaN,NaN,NaN,NaN,NaN,NaN
1482454800,2.246664,2.249998,2.243331,2.249998,189600,NaN,NaN,NaN,NaN,NaN,NaN,NaN
1482800400,2.253331,2.269998,2.246664,2.246664,198600,NaN,NaN,NaN,NaN,NaN,NaN,NaN
1482886800,2.246664,2.246664,2.226664,2.233331,870000,NaN,NaN,NaN,NaN,NaN,NaN,NaN
1482973200,2.239998,2.249998,2.229998,2.249998,601200,NaN,NaN,NaN,NaN,NaN,NaN,NaN
1483059600,2.239998,2.259998,2.233331,2.233331,1172401,NaN,NaN,NaN,NaN,NaN,NaN,NaN
1483405200,2.226664,2.249998,2.226664,2.249998,38400,NaN,NaN,NaN,NaN,NaN,NaN,NaN
1483491600,2.256664,2.259998,2.243331,2.243331,861300,NaN,NaN,NaN,NaN,NaN,NaN,NaN
1483578000,2.239998,2.256664,2.239998,2.249998,588300,NaN,NaN,NaN,NaN,NaN,NaN,NaN
1483664400,2.243331,2.253331,2.243331,2.246664,633000,NaN,NaN,NaN,NaN,NaN,NaN,NaN
1483923600,2.249998,2.253331,2.233331,2.233331,554700,NaN,NaN,NaN,NaN,NaN,NaN,NaN
1484010000,2.236664,2.246664,2.229998,2.229998,710100,NaN,NaN,NaN,NaN,NaN,NaN,NaN
1484096400,2.229998,2.243331,2.229998,2.243331,331500,NaN,NaN,NaN,NaN,NaN,NaN,NaN
1484182800,2.243331,2.249998,2.233331,2.249998,1425601,NaN,NaN,NaN,NaN,NaN,NaN,NaN
1484269200,2.253331,2.253331,2.246664,2.249998,827700,NaN,NaN,NaN,NaN,NaN,NaN,NaN
1484528400,2.249998,2.259998,2.243331,2.243331,887100,NaN,NaN,NaN,NaN,NaN,NaN,NaN
1484614800,2.253331,2.266664,2.249998,2.249998,687300,NaN,NaN,NaN,NaN,NaN,NaN,NaN
1484701200,2.249998,2.309998,2.249998,2.299998,1296001,NaN,NaN,NaN,NaN,NaN,NaN,NaN
1484787600,2.299998,2.299998,2.253331,2.266664,368100,NaN,NaN,NaN,NaN,NaN,NaN,NaN
1484874000,2.289998,2.289998,2.263331,2.273331,327600,NaN,NaN,NaN,NaN,NaN,NaN,NaN
1485133200,2.266664,2.276664,2.266664,2.266664,501600,NaN,NaN,NaN,NaN,NaN,NaN,NaN
1485219600,2.266664,2.289998,2.266664,2.283331,808500,NaN,NaN,NaN,NaN,NaN,NaN,NaN
1485306000,2.286664,2.306664,2.283331,2.299998,856800,NaN,NaN,NaN,NaN,NaN,NaN,NaN
1485392400,2.309998,2.313331,2.303331,2.306664,460800,NaN,NaN,NaN,NaN,NaN,NaN,NaN
1485478800,2.316664,2.359998,2.316664,2.349998,814800,NaN,NaN,NaN,NaN,NaN,NaN,NaN
1485824400,2.349998,2.363331,2.329998,2.329998,517200,NaN,NaN,NaN,NaN,NaN,NaN,NaN
1485997200,2.329998,2.336664,2.323331,2.326664,1121101,NaN,NaN,NaN,NaN,NaN,NaN,NaN
1486083600,2.329998,2.339998,2.319998,2.333331,482400,NaN,NaN,NaN,NaN,NaN,NaN,NaN
1486342800,2.333331,2.339998,2.319998,2.336664,509700,NaN,NaN,NaN,NaN,NaN,NaN,NaN
1486429200,2.333331,2.343331,2.319998,2.339998,584700,NaN,NaN,NaN,NaN,NaN,NaN,NaN
1486515600,2.319998,2.339998,2.319998,2.333331,511800,NaN,NaN,NaN,NaN,NaN,NaN,NaN
1486688400,2.333331,2.336664,2.316664,2.319998,926400,NaN,NaN,NaN,NaN,NaN,NaN,NaN
1486947600,2.319998,2.319998,2.296664,2.296664,498000,NaN,NaN,NaN,NaN,NaN,NaN,NaN
1487034000,2.296664,2.326664,2.296664,2.319998,597300,NaN,NaN,NaN,NaN,NaN,NaN,NaN
1487120400,2.323331,2.333331,2.306664,2.319998,590400,NaN,NaN,NaN,NaN,NaN,NaN,NaN
1487206800,2.319998,2.373331,2.319998,2.359998,1667701,NaN,NaN,NaN,NaN,NaN,NaN,NaN
1487293200,2.376664,2.376664,2.353331,2.366664,841800,NaN,NaN,NaN,NaN,NaN,NaN,NaN
1487552400,2.366664,2.373331,2.363331,2.369998,359700,NaN,NaN,NaN,NaN,NaN,NaN,NaN
1487638800,2.376664,2.376664,2.366664,2.369998,286500,NaN,NaN,NaN,NaN,NaN,NaN,NaN
1487725200,2.333331,2.373331,2.333331,2.366664,505200,NaN,NaN,NaN,NaN,NaN,NaN,NaN
1487811600,2.336664,2.383331,2.333331,2.373331,1329001,NaN,NaN,NaN,NaN,NaN,NaN,NaN
1487898000,2.349998,2.466664,2.349998,2.466664,3257103,NaN,NaN,NaN,NaN,NaN,NaN,NaN
1488157200,2.466664,2.499997,2.419998,2.463331,695100,NaN,NaN,NaN,NaN,NaN,NaN,NaN
1488243600,2.453331,2.453331,2.399998,2.443331,965400,NaN,NaN,NaN,NaN,NaN,NaN,NaN
1488330000,2.443331,2.523331,2.443331,2.499997,1789201,NaN,NaN,NaN,NaN,NaN,NaN,NaN
1488416400,2.506664,2.516664,2.496664,2.513331,1099201,NaN,NaN,NaN,NaN,NaN,NaN,NaN
1488502800,2.513331,2.519997,2.469997,2.513331,1447501,NaN,NaN,NaN,NaN,NaN,NaN,NaN
1488762000,2.509998,2.513331,2.466664,2.483331,523500,NaN,NaN,NaN,NaN,NaN,NaN,NaN
1488848400,2.516664,2.516664,2.469997,2.469997,315000,NaN,NaN,NaN,NaN,NaN,NaN,NaN
1488934800,2.469997,2.489997,2.459998,2.463331,1267801,NaN,NaN,NaN,NaN,NaN,NaN,NaN
1489021200,2.433331,2.449998,2.419998,2.429998,771600,NaN,NaN,NaN,NaN,NaN,NaN,NaN
1489107600,2.413331,2.499997,2.413331,2.433331,187800,NaN,NaN,NaN,NaN,NaN,NaN,NaN
1489366800,2.433331,2.439998,2.409998,2.433331,867000,NaN,NaN,NaN,NaN,NaN,NaN,NaN
1489453200,2.433331,2.436664,2.426664,2.433331,2086502,NaN,NaN,NaN,NaN,NaN,NaN,NaN
1489539600,2.433331,2.439998,2.429998,2.433331,359700,NaN,NaN,NaN,NaN,NaN,NaN,NaN
1489626000,2.436664,2.443331,2.436664,2.443331,1038301,NaN,NaN,NaN,NaN,NaN,NaN,NaN
1489712400,2.443331,2.536664,2.439998,2.473331,993000,NaN,NaN,NaN,NaN,NaN,NaN,NaN
1489971600,2.479998,2.499997,2.479998,2.493331,398100,NaN,NaN,NaN,NaN,NaN,NaN,NaN
1490058000,2.476664,2.493331,2.476664,2.489997,1030801,NaN,NaN,NaN,NaN,NaN,NaN,NaN
1490144400,2.486664,2.486664,2.409998,2.416664,835200,NaN,NaN,NaN,NaN,NaN,NaN,NaN
1490230800,2.413331,2.433331,2.409998,2.429998,1187101,NaN,NaN,NaN,NaN,NaN,NaN,NaN
1490317200,2.479998,2.479998,2.423331,2.426664,345900,NaN,NaN,NaN,NaN,NaN,NaN,NaN
1490576400,2.419998,2.423331,2.416664,2.423331,3417003,NaN,NaN,NaN,NaN,NaN,NaN,NaN
1490662800,2.419998,2.433331,2.413331,2.433331,1099201,NaN,NaN,NaN,NaN,NaN,NaN,NaN
1490749200,2.433331,2.449998,2.419998,2.433331,251400,NaN,NaN,NaN,NaN,NaN,NaN,NaN
1490835600,2.433331,2.483331,2.433331,2.473331,422400,NaN,NaN,NaN,NaN,NaN,NaN,NaN
1490922000,2.473331,2.473331,2.443331,2.459998,152400,NaN,NaN,NaN,NaN,NaN,NaN,NaN
1491181200,2.459998,2.466664,2.459998,2.459998,173400,NaN,NaN,NaN,NaN,NaN,NaN,NaN
1491267600,2.459998,2.476664,2.459998,2.476664,354300,NaN,NaN,NaN,NaN,NaN,NaN,NaN
1491354000,2.466664,2.479998,2.466664,2.479998,100500,NaN,NaN,NaN,NaN,NaN,NaN,NaN
1491440400,2.476664,2.479998,2.466664,2.473331,202200,NaN,NaN,NaN,NaN,NaN,NaN,NaN
1491526800,2.469997,2.509998,2.469997,2.509998,1209601,NaN,NaN,NaN,NaN,NaN,NaN,NaN
1491786000,2.496664,2.506664,2.473331,2.499997,254100,NaN,NaN,NaN,NaN,NaN,NaN,NaN
1491872400,2.506664,2.589997,2.506664,2.583331,1692901,NaN,NaN,NaN,NaN,NaN,NaN,NaN
1491958800,2.579997,2.653331,2.573331,2.646664,1355701,NaN,NaN,NaN,NaN,NaN,NaN,NaN
1492045200,2.659997,2.669997,2.633331,2.633331,2977802,NaN,NaN,NaN,NaN,NaN,NaN,NaN
1492131600,2.633331,2.653331,2.583331,2.636664,1846201,NaN,NaN,NaN,NaN,NaN,NaN,NaN
1492390800,2.626664,2.683331,2.626664,2.659997,1402201,NaN,NaN,NaN,NaN,NaN,NaN,NaN
1492477200,2.686664,2.716664,2.669997,2.716664,746100,NaN,NaN,NaN,NaN,NaN,NaN,NaN
1492563600,2.726664,2.809997,2.726664,2.793331,1074901,NaN,NaN,NaN,NaN,NaN,NaN,NaN
1492650000,2.81333,2.88333,2.81333,2.849997,1908901,NaN,NaN,NaN,NaN,NaN,NaN,NaN
1492736400,2.83333,2.93333,2.83333,2.90333,1623301,NaN,NaN,NaN,NaN,NaN,NaN,NaN
1493082000,2.916664,2.966664,2.916664,2.966664,942900,NaN,NaN,NaN,NaN,NaN,NaN,NaN
1493168400,2.966664,2.996664,2.93333,2.98333,739200,NaN,NaN,NaN,NaN,NaN,NaN,NaN
1493254800,2.98333,2.98333,2.849997,2.879997,1527901,NaN,NaN,NaN,NaN,NaN,NaN,NaN
1493341200,2.87333,2.893331,2.749997,2.763331,2947202,NaN,NaN,NaN,NaN,NaN,NaN,NaN
1493686800,2.763331,2.799997,2.749997,2.749997,1306801,NaN,NaN,NaN,NaN,NaN,NaN,NaN
1493773200,2.753331,2.766664,2.749997,2.766664,1511101,NaN,NaN,NaN,NaN,NaN,NaN,NaN
1493859600,2.759997,2.766664,2.733331,2.733331,679500,NaN,NaN,NaN,NaN,NaN,NaN,NaN
1493946000,2.736664,2.796664,2.736664,2.789997,942900,NaN,NaN,NaN,NaN,NaN,NaN,NaN
1494205200,2.796664,2.853331,2.796664,2.83333,907800,NaN,NaN,NaN,NaN,NaN,NaN,NaN
1494291600,2.83333,2.856664,2.766664,2.809997,288000,NaN,NaN,NaN,NaN,NaN,NaN,NaN
1494464400,2.819997,2.93333,2.809997,2.869997,1806301,NaN,NaN,NaN,NaN,NaN,NaN,NaN
1494550800,2.893331,2.94333,2.88333,2.906664,419100,NaN,NaN,NaN,NaN,NaN,NaN,NaN
1494810000,2.906664,2.906664,2.876664,2.899997,93600,NaN,NaN,NaN,NaN,NaN,NaN,NaN
1494896400,2.876664,2.899997,2.83333,2.849997,173700,NaN,NaN,NaN,NaN,NaN,NaN,NaN
1494982800,2.846664,2.923331,2.84333,2.896664,609000,NaN,NaN,NaN,NaN,NaN,NaN,NaN
1495069200,2.889997,2.889997,2.849997,2.866664,535500,NaN,NaN,NaN,NaN,NaN,NaN,NaN
1495155600,2.83333,2.90333,2.83333,2.893331,604500,NaN,NaN,NaN,NaN,NaN,NaN,NaN
1495414800,2.893331,2.893331,2.836664,2.846664,470400,NaN,NaN,NaN,NaN,NaN,NaN,NaN
1495501200,2.849997,2.866664,2.846664,2.863331,453900,NaN,NaN,NaN,NaN,NaN,NaN,NaN
1495587600,2.863331,2.863331,2.839997,2.849997,406500,NaN,NaN,NaN,NaN,NaN,NaN,NaN
1495674000,2.839997,2.849997,2.83333,2.836664,159900,NaN,NaN,NaN,NaN,NaN,NaN,NaN
1495760400,2.84333,2.84333,2.80333,2.809997,332700,NaN,NaN,NaN,NaN,NaN,NaN,NaN
1496019600,2.806664,2.806664,2.783331,2.793331,702600,NaN,NaN,NaN,NaN,NaN,NaN,NaN
1496106000,2.786664,2.793331,2.756664,2.769997,552600,NaN,NaN,NaN,NaN,NaN,NaN,NaN
1496192400,2.769997,2.783331,2.733331,2.74333,1415701,NaN,NaN,NaN,NaN,NaN,NaN,NaN
1496278800,2.739997,2.776664,2.739997,2.77333,160200,NaN,NaN,NaN,NaN,NaN,NaN,NaN
1496365200,2.779997,2.799997,2.776664,2.799997,474300,NaN,NaN,NaN,NaN,NaN,NaN,NaN
1496624400,2.799997,2.816664,2.779997,2.783331,356700,NaN,NaN,NaN,NaN,NaN,NaN,NaN
1496710800,2.783331,2.783331,2.759997,2.766664,411600,NaN,NaN,NaN,NaN,NaN,NaN,NaN
1496797200,2.749997,2.779997,2.749997,2.766664,714600,NaN,NaN,NaN,NaN,NaN,NaN,NaN
1496883600,2.766664,2.799997,2.766664,2.783331,639900,NaN,NaN,NaN,NaN,NaN,NaN,NaN
1496970000,2.783331,2.793331,2.766664,2.776664,434100,NaN,NaN,NaN,NaN,NaN,NaN,NaN
1497315600,2.776664,2.793331,2.749997,2.793331,819000,NaN,NaN,NaN,NaN,NaN,NaN,NaN
1497402000,2.763331,2.793331,2.763331,2.779997,168300,NaN,NaN,NaN,NaN,NaN,NaN,NaN
1497488400,2.779997,2.793331,2.763331,2.783331,291000,NaN,NaN,NaN,NaN,NaN,NaN,NaN
1497574800,2.799997,2.823331,2.799997,2.816664,194400,NaN,NaN,NaN,NaN,NaN,NaN,NaN
1497834000,2.766664,2.816664,2.766664,2.783331,823500,NaN,NaN,NaN,NaN,NaN,NaN,NaN
1497920400,2.783331,2.793331,2.749997,2.779997,1520701,NaN,NaN,NaN,NaN,NaN,NaN,NaN
1498006800,2.779997,2.809997,2.779997,2.783331,511200,NaN,NaN,NaN,NaN,NaN,NaN,NaN
1498093200,2.799997,2.799997,2.783331,2.786664,389100,NaN,NaN,NaN,NaN,NaN,NaN,NaN
1498179600,2.786664,2.81333,2.786664,2.799997,72900,NaN,NaN,NaN,NaN,NaN,NaN,NaN
1498611600,2.793331,2.83333,2.793331,2.83333,422700,NaN,NaN,NaN,NaN,NaN,NaN,NaN
1498698000,2.83333,2.879997,2.83333,2.869997,1152001,NaN,NaN,NaN,NaN,NaN,NaN,NaN
1498784400,2.88333,2.946664,2.88333,2.93333,2743502,NaN,NaN,NaN,NaN,NaN,NaN,NaN
1499043600,2.93333,2.93333,2.88333,2.926664,477600,NaN,NaN,NaN,NaN,NaN,NaN,NaN
1499130000,2.93333,2.93333,2.866664,2.899997,396300,NaN,NaN,NaN,NaN,NaN,NaN,NaN
1499216400,2.879997,2.959997,2.876664,2.879997,310200,NaN,NaN,NaN,NaN,NaN,NaN,NaN
1499302800,2.893331,2.893331,2.849997,2.853331,264300,NaN,NaN,NaN,NaN,NaN,NaN,NaN
1499389200,2.899997,2.899997,2.829997,2.83333,613800,NaN,NaN,NaN,NaN,NaN,NaN,NaN
1499648400,2.849997,2.849997,2.816664,2.84333,183900,NaN,NaN,NaN,NaN,NaN,NaN,NaN
1499734800,2.863331,2.863331,2.823331,2.83333,375600,NaN,NaN,NaN,NaN,NaN,NaN,NaN
1499821200,2.839997,2.839997,2.829997,2.836664,1089601,NaN,NaN,NaN,NaN,NaN,NaN,NaN
1499907600,2.84333,2.88333,2.839997,2.88333,351600,NaN,NaN,NaN,NaN,NaN,NaN,NaN
1499994000,2.87333,2.889997,2.87333,2.886664,1182301,NaN,NaN,NaN,NaN,NaN,NaN,NaN
1500253200,2.866664,2.88333,2.866664,2.88333,122700,NaN,NaN,NaN,NaN,NaN,NaN,NaN
1500339600,2.853331,2.879997,2.853331,2.879997,103800,NaN,NaN,NaN,NaN,NaN,NaN,NaN
1500426000,2.893331,2.909997,2.889997,2.909997,802800,NaN,NaN,NaN,NaN,NaN,NaN,NaN
1500512400,2.909997,2.916664,2.906664,2.909997,174000,NaN,NaN,NaN,NaN,NaN,NaN,NaN
1500598800,2.909997,2.919997,2.893331,2.90333,409500,NaN,NaN,NaN,NaN,NaN,NaN,NaN
1500858000,2.906664,2.906664,2.863331,2.866664,102600,NaN,NaN,NaN,NaN,NaN,NaN,NaN
1500944400,2.893331,2.893331,2.856664,2.859997,176100,NaN,NaN,NaN,NaN,NaN,NaN,NaN
1501030800,2.859997,2.863331,2.853331,2.859997,577200,NaN,NaN,NaN,NaN,NaN,NaN,NaN
1501117200,2.859997,2.889997,2.856664,2.859997,39000,NaN,NaN,NaN,NaN,NaN,NaN,NaN
1501203600,2.88333,2.896664,2.83333,2.876664,645600,NaN,NaN,NaN,NaN,NaN,NaN,NaN
1501462800,2.876664,2.889997,2.866664,2.886664,426300,NaN,NaN,NaN,NaN,NaN,NaN,NaN
1501549200,2.869997,2.879997,2.863331,2.869997,280200,NaN,NaN,NaN,NaN,NaN,NaN,NaN
1501635600,2.869997,2.869997,2.853331,2.866664,482100,NaN,NaN,NaN,NaN,NaN,NaN,NaN
1501722000,2.866664,2.88333,2.849997,2.866664,489600,NaN,NaN,NaN,NaN,NaN,NaN,NaN
1501808400,2.866664,2.889997,2.866664,2.869997,306300,NaN,NaN,NaN,NaN,NaN,NaN,NaN
1502067600,2.866664,2.869997,2.859997,2.866664,621300,NaN,NaN,NaN,NaN,NaN,NaN,NaN
1502154000,2.859997,2.866664,2.83333,2.849997,340800,NaN,NaN,NaN,NaN,NaN,NaN,NaN
1502240400,2.853331,2.856664,2.846664,2.853331,316800,NaN,NaN,NaN,NaN,NaN,NaN,NaN
1502326800,2.853331,2.856664,2.826664,2.83333,1320601,NaN,NaN,NaN,NaN,NaN,NaN,NaN
1502413200,2.83333,2.846664,2.766664,2.823331,293400,NaN,NaN,NaN,NaN,NaN,NaN,NaN
1502672400,2.823331,2.836664,2.806664,2.83333,460800,NaN,NaN,NaN,NaN,NaN,NaN,NaN
1502758800,2.849997,2.866664,2.829997,2.866664,1550401,NaN,NaN,NaN,NaN,NaN,NaN,NaN
1502845200,2.859997,2.866664,2.853331,2.859997,1003201,NaN,NaN,NaN,NaN,NaN,NaN,NaN
1502931600,2.859997,2.859997,2.83333,2.83333,776100,NaN,NaN,NaN,NaN,NaN,NaN,NaN
1503018000,2.83333,2.846664,2.799997,2.823331,872700,NaN,NaN,NaN,NaN,NaN,NaN,NaN
1503277200,2.799997,2.849997,2.796664,2.839997,178500,NaN,NaN,NaN,NaN,NaN,NaN,NaN
1503363600,2.84333,2.846664,2.826664,2.846664,541500,NaN,NaN,NaN,NaN,NaN,NaN,NaN
1503450000,2.83333,2.849997,2.829997,2.83333,891300,NaN,NaN,NaN,NaN,NaN,NaN,NaN
1503536400,2.829997,2.846664,2.826664,2.836664,374100,NaN,NaN,NaN,NaN,NaN,NaN,NaN
1503622800,2.846664,2.899997,2.823331,2.88333,652200,NaN,NaN,NaN,NaN,NaN,NaN,NaN
1503882000,2.876664,2.876664,2.859997,2.866664,340200,NaN,NaN,NaN,NaN,NaN,NaN,NaN
1503968400,2.846664,2.893331,2.846664,2.889997,323100,NaN,NaN,NaN,NaN,NaN,NaN,NaN
1504054800,2.869997,2.88333,2.863331,2.879997,721200,NaN,NaN,NaN,NaN,NaN,NaN,NaN
1504573200,2.87333,2.98333,2.87333,2.969997,3358503,NaN,NaN,NaN,NaN,NaN,NaN,NaN
1504659600,2.966664,3.03333,2.949997,2.999997,2204702,NaN,NaN,NaN,NaN,NaN,NaN,NaN
1504746000,2.97333,3.03333,2.97333,3.016664,1326901,NaN,NaN,NaN,NaN,NaN,NaN,NaN
1504832400,2.999997,3.116664,2.999997,3.089997,3076503,NaN,NaN,NaN,NaN,NaN,NaN,NaN
1505091600,3.089997,3.199997,3.089997,3.169997,1985401,NaN,NaN,NaN,NaN,NaN,NaN,NaN
1505178000,3.17333,3.199997,3.159997,3.166664,2480702,NaN,NaN,NaN,NaN,NaN,NaN,NaN
1505264400,3.166664,3.28333,3.159997,3.266663,1768801,NaN,NaN,NaN,NaN,NaN,NaN,NaN
1505350800,3.266663,3.28333,3.129997,3.15333,1566601,NaN,NaN,NaN,NaN,NaN,NaN,NaN
1505437200,3.149997,3.239997,2.94333,2.94333,7000207,NaN,NaN,NaN,NaN,NaN,NaN,NaN
1505696400,2.94333,2.996664,2.896664,2.90333,837300,NaN,NaN,NaN,NaN,NaN,NaN,NaN
1505782800,2.90333,2.96333,2.853331,2.866664,2469902,NaN,NaN,NaN,NaN,NaN,NaN,NaN
1505869200,2.899997,2.989997,2.893331,2.906664,1704601,NaN,NaN,NaN,NaN,NaN,NaN,NaN
1505955600,2.939997,2.939997,2.853331,2.863331,3508503,NaN,NaN,NaN,NaN,NaN,NaN,NaN
1506301200,2.863331,2.906664,2.863331,2.863331,578400,NaN,NaN,NaN,NaN,NaN,NaN,NaN
1506387600,2.866664,2.959997,2.866664,2.959997,1323301,NaN,NaN,NaN,NaN,NaN,NaN,NaN
1506474000,2.959997,2.96333,2.896664,2.916664,283500,NaN,NaN,NaN,NaN,NaN,NaN,NaN
1506560400,2.91333,2.93333,2.893331,2.893331,435000,NaN,NaN,NaN,NaN,NaN,NaN,NaN
1506646800,2.939997,2.939997,2.896664,2.93333,405300,NaN,NaN,NaN,NaN,NaN,NaN,NaN
1506906000,2.93333,2.93333,2.88333,2.889997,129300,NaN,NaN,NaN,NaN,NaN,NaN,NaN
1506992400,2.886664,2.889997,2.88333,2.88333,248100,NaN,NaN,NaN,NaN,NaN,NaN,NaN
1507078800,2.889997,2.889997,2.876664,2.886664,337800,NaN,NaN,NaN,NaN,NaN,NaN,NaN
1507165200,2.889997,2.896664,2.869997,2.876664,351600,NaN,NaN,NaN,NaN,NaN,NaN,NaN
1507251600,2.876664,2.896664,2.866664,2.88333,653100,NaN,NaN,NaN,NaN,NaN,NaN,NaN
1507510800,2.88333,2.889997,2.88333,2.889997,243300,NaN,NaN,NaN,NaN,NaN,NaN,NaN
1507597200,2.916664,2.916664,2.88333,2.896664,1315201,NaN,NaN,NaN,NaN,NaN,NaN,NaN
1507683600,2.866664,2.899997,2.866664,2.886664,884400,NaN,NaN,NaN,NaN,NaN,NaN,NaN
1507770000,2.866664,2.916664,2.863331,2.916664,431100,NaN,NaN,NaN,NaN,NaN,NaN,NaN
1507856400,2.916664,2.959997,2.916664,2.95333,1878001,NaN,NaN,NaN,NaN,NaN,NaN,NaN
1508115600,2.966664,3.009997,2.966664,2.98333,1909201,NaN,NaN,NaN,NaN,NaN,NaN,NaN
1508202000,2.989997,2.996664,2.986664,2.989997,993000,NaN,NaN,NaN,NaN,NaN,NaN,NaN
1508374800,2.989997,2.989997,2.936664,2.959997,365700,NaN,NaN,NaN,NaN,NaN,NaN,NaN
1508461200,2.93333,2.979997,2.916664,2.936664,491400,NaN,NaN,NaN,NaN,NaN,NaN,NaN
1508720400,2.93333,2.93333,2.896664,2.896664,93600,NaN,NaN,NaN,NaN,NaN,NaN,NaN
1508806800,2.899997,2.919997,2.889997,2.899997,234600,NaN,NaN,NaN,NaN,NaN,NaN,NaN
1508893200,2.899997,2.919997,2.893331,2.919997,122700,NaN,NaN,NaN,NaN,NaN,NaN,NaN
1508979600,2.919997,2.93333,2.899997,2.919997,631800,NaN,NaN,NaN,NaN,NaN,NaN,NaN
1509066000,2.929997,2.929997,2.893331,2.919997,77700,NaN,NaN,NaN,NaN,NaN,NaN,NaN
1509325200,2.919997,2.96333,2.91333,2.96333,561300,NaN,NaN,NaN,NaN,NaN,NaN,NaN
1509411600,2.949997,2.97333,2.949997,2.966664,607200,1450675450.674,2622671000,948170000,90579000,655014000,1605375000,1.79764224707865
1509498000,2.966664,2.98333,2.959997,2.976664,1884001,NaN,NaN,NaN,NaN,NaN,NaN,NaN
1509584400,2.986664,2.986664,2.94333,2.979997,162000,NaN,NaN,NaN,NaN,NaN,NaN,NaN
1509670800,2.986664,2.986664,2.939997,2.976664,114000,NaN,NaN,NaN,NaN,NaN,NaN,NaN
1509930000,2.986664,2.986664,2.959997,2.979997,156900,NaN,NaN,NaN,NaN,NaN,NaN,NaN
1510016400,2.97333,2.98333,2.97333,2.98333,216600,NaN,NaN,NaN,NaN,NaN,NaN,NaN
1510102800,2.979997,2.986664,2.97333,2.979997,460200,NaN,NaN,NaN,NaN,NaN,NaN,NaN
1510189200,2.986664,2.99333,2.949997,2.97333,534000,NaN,NaN,NaN,NaN,NaN,NaN,NaN
1510275600,2.966664,2.97333,2.949997,2.949997,237900,NaN,NaN,NaN,NaN,NaN,NaN,NaN
1510534800,2.949997,2.986664,2.939997,2.966664,256500,NaN,NaN,NaN,NaN,NaN,NaN,NaN
1510621200,2.96333,2.96333,2.899997,2.909997,390000,NaN,NaN,NaN,NaN,NaN,NaN,NaN
1510707600,2.93333,2.93333,2.909997,2.909997,204600,NaN,NaN,NaN,NaN,NaN,NaN,NaN
1510794000,2.909997,2.956664,2.899997,2.946664,791400,NaN,NaN,NaN,NaN,NaN,NaN,NaN
1510880400,2.949997,2.959997,2.916664,2.946664,305400,NaN,NaN,NaN,NaN,NaN,NaN,NaN
1511139600,2.946664,2.946664,2.929997,2.93333,66900,NaN,NaN,NaN,NaN,NaN,NaN,NaN
1511226000,2.93333,2.93333,2.919997,2.919997,124800,NaN,NaN,NaN,NaN,NaN,NaN,NaN
1511312400,2.916664,2.966664,2.916664,2.966664,123300,NaN,NaN,NaN,NaN,NaN,NaN,NaN
1511398800,2.93333,2.93333,2.88333,2.899997,239100,NaN,NaN,NaN,NaN,NaN,NaN,NaN
1511485200,2.906664,2.906664,2.859997,2.863331,521700,NaN,NaN,NaN,NaN,NaN,NaN,NaN
1511744400,2.869997,2.91333,2.869997,2.899997,67200,NaN,NaN,NaN,NaN,NaN,NaN,NaN
1511830800,2.899997,2.899997,2.866664,2.893331,93900,NaN,NaN,NaN,NaN,NaN,NaN,NaN
1511917200,2.896664,2.896664,2.863331,2.866664,172500,NaN,NaN,NaN,NaN,NaN,NaN,NaN
1512003600,2.866664,2.869997,2.849997,2.866664,1155301,NaN,NaN,NaN,NaN,NaN,NaN,NaN
1512349200,2.869997,2.876664,2.849997,2.863331,550800,NaN,NaN,NaN,NaN,NaN,NaN,NaN
1512435600,2.869997,2.869997,2.839997,2.853331,240600,NaN,NaN,NaN,NaN,NaN,NaN,NaN
1512522000,2.853331,2.939997,2.836664,2.859997,1211401,NaN,NaN,NaN,NaN,NaN,NaN,NaN
1512608400,2.88333,2.923331,2.87333,2.88333,991800,NaN,NaN,NaN,NaN,NaN,NaN,NaN
1512694800,2.893331,2.926664,2.886664,2.91333,1652401,NaN,NaN,NaN,NaN,NaN,NaN,NaN
1512954000,2.916664,2.923331,2.893331,2.909997,1182301,NaN,NaN,NaN,NaN,NaN,NaN,NaN
1513040400,2.926664,2.939997,2.91333,2.939997,207600,NaN,NaN,NaN,NaN,NaN,NaN,NaN
1513126800,2.959997,2.959997,2.886664,2.893331,390600,NaN,NaN,NaN,NaN,NaN,NaN,NaN
1513213200,2.906664,2.929997,2.856664,2.866664,910800,NaN,NaN,NaN,NaN,NaN,NaN,NaN
1513299600,2.859997,2.923331,2.859997,2.923331,1466401,NaN,NaN,NaN,NaN,NaN,NaN,NaN
1513558800,2.93333,2.93333,2.849997,2.866664,506400,NaN,NaN,NaN,NaN,NaN,NaN,NaN
1513645200,2.876664,2.926664,2.876664,2.916664,246300,NaN,NaN,NaN,NaN,NaN,NaN,NaN
1513731600,2.916664,2.919997,2.90333,2.906664,350100,NaN,NaN,NaN,NaN,NaN,NaN,NaN
1513818000,2.906664,2.926664,2.893331,2.916664,186900,NaN,NaN,NaN,NaN,NaN,NaN,NaN
1513904400,2.909997,2.939997,2.906664,2.93333,393300,NaN,NaN,NaN,NaN,NaN,NaN,NaN
1514250000,2.93333,2.93333,2.893331,2.91333,139500,NaN,NaN,NaN,NaN,NaN,NaN,NaN
1514336400,2.879997,2.899997,2.869997,2.899997,288600,NaN,NaN,NaN,NaN,NaN,NaN,NaN
1514422800,2.899997,2.899997,2.879997,2.899997,187200,NaN,NaN,NaN,NaN,NaN,NaN,NaN
1514509200,2.879997,2.896664,2.863331,2.886664,140100,NaN,NaN,NaN,NaN,NaN,NaN,NaN
1514854800,2.886664,2.899997,2.88333,2.896664,382500,NaN,NaN,NaN,NaN,NaN,NaN,NaN
1514941200,2.896664,2.939997,2.886664,2.939997,468300,NaN,NaN,NaN,NaN,NaN,NaN,NaN
1515027600,2.94333,3.05333,2.929997,2.966664,715500,NaN,NaN,NaN,NaN,NaN,NaN,NaN
1515114000,3.05333,3.06333,2.969997,3.039997,1068901,NaN,NaN,NaN,NaN,NaN,NaN,NaN
1515373200,3.059997,3.099997,2.93333,3.08333,672900,NaN,NaN,NaN,NaN,NaN,NaN,NaN
1515459600,3.08333,3.08333,2.946664,2.966664,127200,NaN,NaN,NaN,NaN,NaN,NaN,NaN
1515546000,2.969997,3.016664,2.966664,2.999997,605100,NaN,NaN,NaN,NaN,NaN,NaN,NaN
1515632400,3.016664,3.026664,2.966664,2.969997,144300,NaN,NaN,NaN,NaN,NaN,NaN,NaN
1515718800,2.969997,2.999997,2.969997,2.996664,26700,NaN,NaN,NaN,NaN,NaN,NaN,NaN
1515978000,2.996664,2.996664,2.929997,2.93333,471300,NaN,NaN,NaN,NaN,NaN,NaN,NaN
1516064400,2.93333,2.93333,2.896664,2.909997,231900,NaN,NaN,NaN,NaN,NaN,NaN,NaN
1516150800,2.899997,2.916664,2.863331,2.87333,340200,NaN,NaN,NaN,NaN,NaN,NaN,NaN
1516237200,2.87333,2.87333,2.856664,2.856664,363300,NaN,NaN,NaN,NaN,NaN,NaN,NaN
1516323600,2.856664,2.939997,2.856664,2.929997,654000,NaN,NaN,NaN,NaN,NaN,NaN,NaN
1516582800,2.93333,2.999997,2.93333,2.999997,1965901,NaN,NaN,NaN,NaN,NaN,NaN,NaN
1516669200,2.996664,2.999997,2.99333,2.999997,421500,NaN,NaN,NaN,NaN,NaN,NaN,NaN
1516755600,3.009997,3.009997,2.956664,2.976664,77100,NaN,NaN,NaN,NaN,NaN,NaN,NaN
1516842000,2.996664,2.996664,2.936664,2.966664,200100,NaN,NaN,NaN,NaN,NaN,NaN,NaN
1516928400,2.959997,2.966664,2.93333,2.949997,204000,NaN,NaN,NaN,NaN,NaN,NaN,NaN
1517187600,2.923331,2.97333,2.869997,2.97333,225000,NaN,NaN,NaN,NaN,NaN,NaN,NaN
1517274000,2.926664,2.959997,2.906664,2.916664,136500,1466780666.7791998,2719678000,999491000,84928000,630684000,1653512000,2.28548799977143
1517533200,2.916664,2.916664,2.866664,2.896664,295500,NaN,NaN,NaN,NaN,NaN,NaN,NaN
1517792400,2.859997,2.909997,2.809997,2.816664,1081201,NaN,NaN,NaN,NaN,NaN,NaN,NaN
1517878800,2.799997,2.799997,2.766664,2.77333,753000,NaN,NaN,NaN,NaN,NaN,NaN,NaN
1517965200,2.796664,2.826664,2.706664,2.733331,825000,NaN,NaN,NaN,NaN,NaN,NaN,NaN
1518051600,2.766664,2.766664,2.683331,2.683331,915000,NaN,NaN,NaN,NaN,NaN,NaN,NaN
1518138000,2.663331,2.723331,2.616664,2.723331,797100,NaN,NaN,NaN,NaN,NaN,NaN,NaN
1518397200,2.726664,2.746664,2.726664,2.739997,511800,NaN,NaN,NaN,NaN,NaN,NaN,NaN
1518483600,2.739997,2.756664,2.739997,2.74333,199500,NaN,NaN,NaN,NaN,NaN,NaN,NaN
1518570000,2.749997,2.763331,2.686664,2.763331,415500,NaN,NaN,NaN,NaN,NaN,NaN,NaN
1518656400,2.749997,2.796664,2.746664,2.776664,171300,NaN,NaN,NaN,NaN,NaN,NaN,NaN
1519002000,2.776664,2.819997,2.776664,2.776664,57900,NaN,NaN,NaN,NaN,NaN,NaN,NaN
1519088400,2.776664,2.816664,2.77333,2.799997,583200,NaN,NaN,NaN,NaN,NaN,NaN,NaN
1519174800,2.816664,2.83333,2.81333,2.83333,237300,NaN,NaN,NaN,NaN,NaN,NaN,NaN
1519261200,2.836664,2.93333,2.836664,2.889997,443100,NaN,NaN,NaN,NaN,NaN,NaN,NaN
1519347600,2.889997,2.889997,2.889997,2.889997,0,NaN,NaN,NaN,NaN,NaN,NaN,NaN
1519606800,2.93333,2.979997,2.829997,2.829997,1966201,NaN,NaN,NaN,NaN,NaN,NaN,NaN
1519693200,2.859997,2.90333,2.859997,2.866664,690600,NaN,NaN,NaN,NaN,NaN,NaN,NaN
1519779600,2.886664,2.896664,2.853331,2.87333,1267201,NaN,NaN,NaN,NaN,NaN,NaN,NaN
1519866000,2.866664,2.886664,2.856664,2.863331,204600,NaN,NaN,NaN,NaN,NaN,NaN,NaN
1519952400,2.83333,2.859997,2.783331,2.80333,570600,NaN,NaN,NaN,NaN,NaN,NaN,NaN
1520211600,2.81333,2.81333,2.759997,2.759997,333000,NaN,NaN,NaN,NaN,NaN,NaN,NaN
1520298000,2.763331,2.859997,2.763331,2.763331,193500,NaN,NaN,NaN,NaN,NaN,NaN,NaN
1520384400,2.766664,2.83333,2.746664,2.816664,668400,NaN,NaN,NaN,NaN,NaN,NaN,NaN
1520470800,2.786664,2.786664,2.746664,2.766664,557700,NaN,NaN,NaN,NaN,NaN,NaN,NaN
1520557200,2.766664,2.766664,2.736664,2.756664,414300,NaN,NaN,NaN,NaN,NaN,NaN,NaN
1520816400,2.766664,2.81333,2.766664,2.766664,301500,NaN,NaN,NaN,NaN,NaN,NaN,NaN
1520902800,2.769997,2.783331,2.733331,2.736664,197100,NaN,NaN,NaN,NaN,NaN,NaN,NaN
1520989200,2.733331,2.74333,2.686664,2.689997,934500,NaN,NaN,NaN,NaN,NaN,NaN,NaN
1521075600,2.696664,2.696664,2.683331,2.683331,721500,NaN,NaN,NaN,NaN,NaN,NaN,NaN
1521162000,2.679997,2.766664,2.676664,2.683331,825600,NaN,NaN,NaN,NaN,NaN,NaN,NaN
1521421200,2.746664,2.753331,2.686664,2.739997,413400,NaN,NaN,NaN,NaN,NaN,NaN,NaN
1521507600,2.719997,2.739997,2.713331,2.739997,338700,NaN,NaN,NaN,NaN,NaN,NaN,NaN
1521594000,2.733331,2.736664,2.696664,2.706664,412800,NaN,NaN,NaN,NaN,NaN,NaN,NaN
1521680400,2.696664,2.709997,2.673331,2.676664,475800,NaN,NaN,NaN,NaN,NaN,NaN,NaN
1521766800,2.676664,2.733331,2.676664,2.716664,1089001,NaN,NaN,NaN,NaN,NaN,NaN,NaN
1522026000,2.719997,2.809997,2.709997,2.809997,1908001,NaN,NaN,NaN,NaN,NaN,NaN,NaN
1522112400,2.829997,2.829997,2.753331,2.759997,840900,NaN,NaN,NaN,NaN,NaN,NaN,NaN
1522198800,2.759997,2.789997,2.749997,2.769997,188400,NaN,NaN,NaN,NaN,NaN,NaN,NaN
1522285200,2.793331,2.806664,2.766664,2.783331,510900,NaN,NaN,NaN,NaN,NaN,NaN,NaN
1522371600,2.763331,2.816664,2.759997,2.816664,196500,NaN,NaN,NaN,NaN,NaN,NaN,NaN
1522630800,2.796664,2.799997,2.766664,2.766664,163500,NaN,NaN,NaN,NaN,NaN,NaN,NaN
1522717200,2.759997,2.766664,2.683331,2.683331,261300,NaN,NaN,NaN,NaN,NaN,NaN,NaN
1522803600,2.686664,2.716664,2.576664,2.576664,1652401,NaN,NaN,NaN,NaN,NaN,NaN,NaN
1522890000,2.616664,2.656664,2.563331,2.603331,2244902,NaN,NaN,NaN,NaN,NaN,NaN,NaN
1522976400,2.643331,2.643331,2.483331,2.533331,2571002,NaN,NaN,NaN,NaN,NaN,NaN,NaN
1523235600,2.556664,2.556664,2.516664,2.516664,2639402,NaN,NaN,NaN,NaN,NaN,NaN,NaN
1523322000,2.533331,2.533331,2.486664,2.506664,2900402,NaN,NaN,NaN,NaN,NaN,NaN,NaN
1523408400,2.509998,2.596664,2.509998,2.579997,993000,NaN,NaN,NaN,NaN,NaN,NaN,NaN
1523494800,2.579997,2.613331,2.553331,2.613331,511500,NaN,NaN,NaN,NaN,NaN,NaN,NaN
1523581200,2.626664,2.639997,2.599997,2.633331,585600,NaN,NaN,NaN,NaN,NaN,NaN,NaN
1523840400,2.633331,2.669997,2.633331,2.633331,1457101,NaN,NaN,NaN,NaN,NaN,NaN,NaN
1523926800,2.659997,2.663331,2.613331,2.633331,226200,NaN,NaN,NaN,NaN,NaN,NaN,NaN
1524013200,2.633331,2.639997,2.599997,2.606664,154500,NaN,NaN,NaN,NaN,NaN,NaN,NaN
1524099600,2.609997,2.609997,2.569997,2.573331,620400,NaN,NaN,NaN,NaN,NaN,NaN,NaN
1524186000,2.573331,2.606664,2.566664,2.566664,288000,NaN,NaN,NaN,NaN,NaN,NaN,NaN
1524445200,2.566664,2.569997,2.549997,2.566664,282300,NaN,NaN,NaN,NaN,NaN,NaN,NaN
1524531600,2.573331,2.599997,2.559997,2.596664,61500,NaN,NaN,NaN,NaN,NaN,NaN,NaN
1524618000,2.559997,2.563331,2.536664,2.539997,231300,NaN,NaN,NaN,NaN,NaN,NaN,NaN
1524704400,2.543331,2.546664,2.539997,2.539997,105000,NaN,NaN,NaN,NaN,NaN,NaN,NaN
1524790800,2.549997,2.563331,2.533331,2.553331,157800,NaN,NaN,NaN,NaN,NaN,NaN,NaN
1525050000,2.536664,2.549997,2.533331,2.536664,186900,1466780666.7791998,2925187000,1138768000,77996000,596415000,1718045000,2.62786070932983
1525222800,2.533331,2.573331,2.489997,2.526664,1537801,NaN,NaN,NaN,NaN,NaN,NaN,NaN
1525309200,2.526664,2.533331,2.493331,2.503331,282900,NaN,NaN,NaN,NaN,NaN,NaN,NaN
1525395600,2.499997,2.503331,2.493331,2.496664,406500,NaN,NaN,NaN,NaN,NaN,NaN,NaN
1525654800,2.493331,2.493331,2.483331,2.483331,313500,NaN,NaN,NaN,NaN,NaN,NaN,NaN
1525741200,2.466664,2.566664,2.463331,2.566664,482400,NaN,NaN,NaN,NaN,NaN,NaN,NaN
1526259600,2.533331,2.643331,2.533331,2.573331,1766701,NaN,NaN,NaN,NaN,NaN,NaN,NaN
1526346000,2.586664,2.663331,2.586664,2.613331,331800,NaN,NaN,NaN,NaN,NaN,NaN,NaN
1526432400,2.613331,2.629997,2.599997,2.599997,184200,NaN,NaN,NaN,NaN,NaN,NaN,NaN
1526518800,2.599997,2.626664,2.599997,2.606664,372000,NaN,NaN,NaN,NaN,NaN,NaN,NaN
1526605200,2.599997,2.599997,2.503331,2.573331,168600,NaN,NaN,NaN,NaN,NaN,NaN,NaN
1526864400,2.599997,2.599997,2.559997,2.566664,109200,NaN,NaN,NaN,NaN,NaN,NaN,NaN
1526950800,2.593331,2.593331,2.536664,2.553331,162600,NaN,NaN,NaN,NaN,NaN,NaN,NaN
1527037200,2.549997,2.549997,2.503331,2.513331,367800,NaN,NaN,NaN,NaN,NaN,NaN,NaN
1527123600,2.513331,2.513331,2.489997,2.489997,180600,NaN,NaN,NaN,NaN,NaN,NaN,NaN
1527210000,2.496664,2.499997,2.486664,2.489997,399600,NaN,NaN,NaN,NaN,NaN,NaN,NaN
1527469200,2.513331,2.513331,2.466664,2.499997,150900,NaN,NaN,NaN,NaN,NaN,NaN,NaN
1527642000,2.466664,2.466664,2.399998,2.429998,331800,NaN,NaN,NaN,NaN,NaN,NaN,NaN
1527728400,2.419998,2.449998,2.353331,2.353331,1855801,NaN,NaN,NaN,NaN,NaN,NaN,NaN
1527814800,2.353331,2.386664,2.349998,2.376664,890100,NaN,NaN,NaN,NaN,NaN,NaN,NaN
1528074000,2.379998,2.396664,2.326664,2.353331,807900,NaN,NaN,NaN,NaN,NaN,NaN,NaN
1528160400,2.383331,2.383331,2.329998,2.333331,751200,NaN,NaN,NaN,NaN,NaN,NaN,NaN
1528246800,2.333331,2.356664,2.329998,2.333331,1008601,NaN,NaN,NaN,NaN,NaN,NaN,NaN
1528333200,2.353331,2.399998,2.353331,2.366664,594000,NaN,NaN,NaN,NaN,NaN,NaN,NaN
1528419600,2.366664,2.373331,2.303331,2.313331,2478302,NaN,NaN,NaN,NaN,NaN,NaN,NaN
1528678800,2.316664,2.319998,2.249998,2.256664,1451701,NaN,NaN,NaN,NaN,NaN,NaN,NaN
1528765200,2.276664,2.276664,2.176665,2.236664,1754101,NaN,NaN,NaN,NaN,NaN,NaN,NaN
1528851600,2.219998,2.229998,2.176665,2.183331,1182901,NaN,NaN,NaN,NaN,NaN,NaN,NaN
1528938000,2.183331,2.183331,2.169998,2.183331,715500,NaN,NaN,NaN,NaN,NaN,NaN,NaN
1529283600,2.183331,2.246664,2.183331,2.236664,1085101,NaN,NaN,NaN,NaN,NaN,NaN,NaN
1529370000,2.236664,2.263331,2.226664,2.233331,615900,NaN,NaN,NaN,NaN,NaN,NaN,NaN
1529456400,2.239998,2.243331,2.229998,2.236664,2068502,NaN,NaN,NaN,NaN,NaN,NaN,NaN
1529542800,2.239998,2.289998,2.236664,2.289998,2131802,NaN,NaN,NaN,NaN,NaN,NaN,NaN
1529629200,2.289998,2.349998,2.279998,2.323331,1803301,NaN,NaN,NaN,NaN,NaN,NaN,NaN
1529888400,2.323331,2.399998,2.323331,2.393331,374100,NaN,NaN,NaN,NaN,NaN,NaN,NaN
1529974800,2.403331,2.439998,2.396664,2.396664,888600,NaN,NaN,NaN,NaN,NaN,NaN,NaN
1530061200,2.393331,2.416664,2.336664,2.399998,2795702,NaN,NaN,NaN,NaN,NaN,NaN,NaN
1530147600,2.383331,2.406664,2.366664,2.399998,1412101,NaN,NaN,NaN,NaN,NaN,NaN,NaN
1530234000,2.399998,2.409998,2.399998,2.403331,874200,NaN,NaN,NaN,NaN,NaN,NaN,NaN
1530493200,2.413331,2.413331,2.386664,2.399998,227100,NaN,NaN,NaN,NaN,NaN,NaN,NaN
1530579600,2.383331,2.383331,2.366664,2.376664,393600,NaN,NaN,NaN,NaN,NaN,NaN,NaN
1530666000,2.393331,2.399998,2.366664,2.366664,927900,NaN,NaN,NaN,NaN,NaN,NaN,NaN
1530752400,2.396664,2.396664,2.366664,2.386664,85800,NaN,NaN,NaN,NaN,NaN,NaN,NaN
1530838800,2.386664,2.386664,2.366664,2.366664,168900,NaN,NaN,NaN,NaN,NaN,NaN,NaN
1531098000,2.359998,2.363331,2.329998,2.343331,307800,NaN,NaN,NaN,NaN,NaN,NaN,NaN
1531184400,2.336664,2.399998,2.336664,2.369998,85800,NaN,NaN,NaN,NaN,NaN,NaN,NaN
1531270800,2.373331,2.399998,2.369998,2.396664,261300,NaN,NaN,NaN,NaN,NaN,NaN,NaN
1531357200,2.393331,2.399998,2.383331,2.399998,131700,NaN,NaN,NaN,NaN,NaN,NaN,NaN
1531443600,2.393331,2.446664,2.393331,2.446664,199200,NaN,NaN,NaN,NaN,NaN,NaN,NaN
1531702800,2.446664,2.566664,2.446664,2.556664,491700,NaN,NaN,NaN,NaN,NaN,NaN,NaN
1531789200,2.566664,2.619997,2.566664,2.619997,538800,NaN,NaN,NaN,NaN,NaN,NaN,NaN
1531875600,2.633331,2.666664,2.613331,2.619997,543600,NaN,NaN,NaN,NaN,NaN,NaN,NaN
1531962000,2.619997,2.619997,2.593331,2.606664,237600,NaN,NaN,NaN,NaN,NaN,NaN,NaN
1532048400,2.616664,2.666664,2.599997,2.649997,333000,NaN,NaN,NaN,NaN,NaN,NaN,NaN
1532307600,2.649997,2.659997,2.599997,2.626664,556200,NaN,NaN,NaN,NaN,NaN,NaN,NaN
1532394000,2.629997,2.656664,2.596664,2.633331,959400,NaN,NaN,NaN,NaN,NaN,NaN,NaN
1532480400,2.626664,2.683331,2.626664,2.666664,558300,NaN,NaN,NaN,NaN,NaN,NaN,NaN
1532566800,2.666664,2.683331,2.666664,2.669997,258600,NaN,NaN,NaN,NaN,NaN,NaN,NaN
1532653200,2.669997,2.669997,2.633331,2.656664,88200,NaN,NaN,NaN,NaN,NaN,NaN,NaN
1532912400,2.656664,2.656664,2.636664,2.639997,70800,NaN,NaN,NaN,NaN,NaN,NaN,NaN
1532998800,2.649997,2.663331,2.633331,2.633331,115200,1466780666.7791998,3385290000,1565712000,101224000,720721000,1749605000,2.5313949364557
1533085200,2.633331,2.639997,2.623331,2.633331,221100,NaN,NaN,NaN,NaN,NaN,NaN,NaN
1533171600,2.633331,2.633331,2.609997,2.609997,324600,NaN,NaN,NaN,NaN,NaN,NaN,NaN
1533258000,2.609997,2.666664,2.609997,2.666664,306300,NaN,NaN,NaN,NaN,NaN,NaN,NaN
1533517200,2.656664,2.666664,2.656664,2.666664,159000,NaN,NaN,NaN,NaN,NaN,NaN,NaN
1533603600,2.666664,2.733331,2.649997,2.723331,536400,NaN,NaN,NaN,NaN,NaN,NaN,NaN
1533690000,2.719997,2.739997,2.716664,2.729997,247800,NaN,NaN,NaN,NaN,NaN,NaN,NaN
1533776400,2.74333,2.893331,2.739997,2.88333,751200,NaN,NaN,NaN,NaN,NaN,NaN,NaN
1533862800,2.886664,2.889997,2.816664,2.816664,1748401,NaN,NaN,NaN,NaN,NaN,NaN,NaN
1534122000,2.816664,2.816664,2.746664,2.783331,327000,NaN,NaN,NaN,NaN,NaN,NaN,NaN
1534208400,2.77333,2.799997,2.753331,2.783331,151200,NaN,NaN,NaN,NaN,NaN,NaN,NaN
1534294800,2.799997,2.806664,2.786664,2.799997,439800,NaN,NaN,NaN,NaN,NaN,NaN,NaN
1534381200,2.816664,2.816664,2.683331,2.729997,959700,NaN,NaN,NaN,NaN,NaN,NaN,NaN
1534467600,2.729997,2.753331,2.683331,2.686664,514500,NaN,NaN,NaN,NaN,NaN,NaN,NaN
1534726800,2.686664,2.736664,2.686664,2.736664,72000,NaN,NaN,NaN,NaN,NaN,NaN,NaN
1534813200,2.736664,2.759997,2.726664,2.746664,442200,NaN,NaN,NaN,NaN,NaN,NaN,NaN
1534986000,2.746664,2.799997,2.739997,2.766664,976800,NaN,NaN,NaN,NaN,NaN,NaN,NaN
1535072400,2.769997,2.799997,2.766664,2.766664,147600,NaN,NaN,NaN,NaN,NaN,NaN,NaN
1535331600,2.739997,2.793331,2.739997,2.759997,107100,NaN,NaN,NaN,NaN,NaN,NaN,NaN
1535418000,2.783331,2.783331,2.766664,2.77333,299400,NaN,NaN,NaN,NaN,NaN,NaN,NaN
1535504400,2.77333,2.77333,2.766664,2.766664,186300,NaN,NaN,NaN,NaN,NaN,NaN,NaN
1535590800,2.763331,2.783331,2.763331,2.783331,518100,NaN,NaN,NaN,NaN,NaN,NaN,NaN
1535936400,2.783331,2.793331,2.766664,2.779997,191400,NaN,NaN,NaN,NaN,NaN,NaN,NaN
1536022800,2.779997,2.793331,2.769997,2.779997,161100,NaN,NaN,NaN,NaN,NaN,NaN,NaN
1536109200,2.769997,2.786664,2.759997,2.769997,195300,NaN,NaN,NaN,NaN,NaN,NaN,NaN
1536195600,2.766664,2.796664,2.759997,2.776664,391500,NaN,NaN,NaN,NaN,NaN,NaN,NaN
1536282000,2.766664,2.776664,2.766664,2.766664,608700,NaN,NaN,NaN,NaN,NaN,NaN,NaN
1536714000,2.769997,2.769997,2.696664,2.716664,1028401,NaN,NaN,NaN,NaN,NaN,NaN,NaN
1536800400,2.716664,2.769997,2.716664,2.753331,429000,NaN,NaN,NaN,NaN,NaN,NaN,NaN
1536886800,2.766664,2.766664,2.719997,2.753331,1293001,NaN,NaN,NaN,NaN,NaN,NaN,NaN
1537232400,2.753331,2.766664,2.749997,2.753331,872100,NaN,NaN,NaN,NaN,NaN,NaN,NaN
1537318800,2.753331,2.759997,2.729997,2.74333,373500,NaN,NaN,NaN,NaN,NaN,NaN,NaN
1537405200,2.759997,2.856664,2.753331,2.856664,4342204,NaN,NaN,NaN,NaN,NaN,NaN,NaN
1537491600,2.859997,2.91333,2.819997,2.91333,4396204,NaN,NaN,NaN,NaN,NaN,NaN,NaN
1537750800,2.91333,2.939997,2.886664,2.939997,721200,NaN,NaN,NaN,NaN,NaN,NaN,NaN
1537837200,2.919997,2.919997,2.866664,2.869997,947100,NaN,NaN,NaN,NaN,NaN,NaN,NaN
1537923600,2.893331,2.916664,2.87333,2.876664,1349401,NaN,NaN,NaN,NaN,NaN,NaN,NaN
1538010000,2.869997,2.876664,2.849997,2.853331,7406107,NaN,NaN,NaN,NaN,NaN,NaN,NaN
1538096400,2.849997,2.959997,2.849997,2.959997,1932001,NaN,NaN,NaN,NaN,NaN,NaN,NaN
1538355600,2.956664,2.959997,2.926664,2.93333,973200,NaN,NaN,NaN,NaN,NaN,NaN,NaN
1538442000,2.926664,2.949997,2.91333,2.929997,267600,NaN,NaN,NaN,NaN,NaN,NaN,NaN
1538528400,2.909997,2.919997,2.893331,2.896664,167100,NaN,NaN,NaN,NaN,NaN,NaN,NaN
1538614800,2.88333,2.896664,2.869997,2.879997,1050001,NaN,NaN,NaN,NaN,NaN,NaN,NaN
1538701200,2.866664,2.893331,2.839997,2.869997,1786501,NaN,NaN,NaN,NaN,NaN,NaN,NaN
1538960400,2.869997,2.886664,2.859997,2.866664,1244101,NaN,NaN,NaN,NaN,NaN,NaN,NaN
1539046800,2.866664,2.866664,2.839997,2.849997,759300,NaN,NaN,NaN,NaN,NaN,NaN,NaN
1539133200,2.859997,2.866664,2.823331,2.849997,936900,NaN,NaN,NaN,NaN,NaN,NaN,NaN
1539219600,2.83333,2.866664,2.726664,2.866664,1204201,NaN,NaN,NaN,NaN,NaN,NaN,NaN
1539306000,2.80333,2.916664,2.80333,2.866664,1389601,NaN,NaN,NaN,NaN,NaN,NaN,NaN
1539565200,2.869997,2.919997,2.869997,2.886664,424200,NaN,NaN,NaN,NaN,NaN,NaN,NaN
1539651600,2.886664,2.926664,2.879997,2.879997,294300,NaN,NaN,NaN,NaN,NaN,NaN,NaN
1539738000,2.88333,2.906664,2.859997,2.859997,375600,NaN,NaN,NaN,NaN,NaN,NaN,NaN
1539824400,2.859997,2.886664,2.859997,2.876664,677100,NaN,NaN,NaN,NaN,NaN,NaN,NaN
1539910800,2.859997,2.889997,2.856664,2.88333,314100,NaN,NaN,NaN,NaN,NaN,NaN,NaN
1540170000,2.88333,2.88333,2.859997,2.859997,339900,NaN,NaN,NaN,NaN,NaN,NaN,NaN
1540256400,2.853331,2.856664,2.793331,2.83333,438300,NaN,NaN,NaN,NaN,NaN,NaN,NaN
1540342800,2.829997,2.866664,2.829997,2.866664,359400,NaN,NaN,NaN,NaN,NaN,NaN,NaN
1540429200,2.81333,2.856664,2.80333,2.853331,412200,NaN,NaN,NaN,NaN,NaN,NaN,NaN
1540515600,2.836664,2.849997,2.829997,2.836664,422400,NaN,NaN,NaN,NaN,NaN,NaN,NaN
1540774800,2.83333,2.839997,2.819997,2.83333,428100,NaN,NaN,NaN,NaN,NaN,NaN,NaN
1540861200,2.83333,2.863331,2.819997,2.863331,399000,NaN,NaN,NaN,NaN,NaN,NaN,NaN
1540947600,2.863331,2.886664,2.863331,2.863331,1228801,1466780666.7791998,3371487000,1477083000,75588000,713639000,1822272000,2.32805820698487
1541034000,2.863331,2.863331,2.853331,2.863331,147600,NaN,NaN,NaN,NaN,NaN,NaN,NaN
1541120400,2.859997,2.866664,2.859997,2.863331,744900,NaN,NaN,NaN,NaN,NaN,NaN,NaN
1541379600,2.866664,2.866664,2.84333,2.856664,197700,NaN,NaN,NaN,NaN,NaN,NaN,NaN
1541552400,2.863331,2.876664,2.849997,2.876664,801300,NaN,NaN,NaN,NaN,NaN,NaN,NaN
1541638800,2.893331,2.966664,2.893331,2.959997,707700,NaN,NaN,NaN,NaN,NaN,NaN,NaN
1541725200,2.96333,2.96333,2.919997,2.929997,1700101,NaN,NaN,NaN,NaN,NaN,NaN,NaN
1541984400,2.916664,2.97333,2.916664,2.93333,322200,NaN,NaN,NaN,NaN,NaN,NaN,NaN
1542070800,2.899997,2.899997,2.879997,2.889997,225600,NaN,NaN,NaN,NaN,NaN,NaN,NaN
1542157200,2.889997,2.889997,2.889997,2.889997,0,NaN,NaN,NaN,NaN,NaN,NaN,NaN
1542243600,2.959997,2.999997,2.93333,2.946664,1628701,NaN,NaN,NaN,NaN,NaN,NaN,NaN
1542330000,2.949997,2.989997,2.939997,2.989997,1146301,NaN,NaN,NaN,NaN,NaN,NaN,NaN
1542589200,2.989997,3.036664,2.989997,3.01333,1398001,NaN,NaN,NaN,NaN,NaN,NaN,NaN
1542762000,3.01333,3.046664,2.996664,3.036664,1120801,NaN,NaN,NaN,NaN,NaN,NaN,NaN
1542848400,3.039997,3.046664,3.006664,3.019997,668700,NaN,NaN,NaN,NaN,NaN,NaN,NaN
1542934800,3.03333,3.03333,3.009997,3.029997,153000,NaN,NaN,NaN,NaN,NaN,NaN,NaN
1543194000,3.016664,3.036664,2.996664,3.03333,1502101,NaN,NaN,NaN,NaN,NaN,NaN,NaN
1543280400,3.00333,3.039997,2.999997,3.016664,479100,NaN,NaN,NaN,NaN,NaN,NaN,NaN
1543366800,2.999997,3.029997,2.969997,3.019997,432000,NaN,NaN,NaN,NaN,NaN,NaN,NaN
1543453200,3.03333,3.03333,3.02333,3.03333,684300,NaN,NaN,NaN,NaN,NaN,NaN,NaN
1543539600,3.02333,3.056664,3.019997,3.046664,1548601,NaN,NaN,NaN,NaN,NaN,NaN,NaN
1543798800,3.049997,3.086664,3.049997,3.076663,2348102,NaN,NaN,NaN,NaN,NaN,NaN,NaN
1543885200,3.089997,3.096664,3.069997,3.09333,714000,NaN,NaN,NaN,NaN,NaN,NaN,NaN
1543971600,3.08333,3.096664,3.069997,3.076663,1256101,NaN,NaN,NaN,NaN,NaN,NaN,NaN
1544058000,3.076663,3.089997,3.06333,3.069997,1491901,NaN,NaN,NaN,NaN,NaN,NaN,NaN
1544144400,3.076663,3.14333,3.07333,3.14333,1590001,NaN,NaN,NaN,NaN,NaN,NaN,NaN
1544403600,3.146663,3.146663,3.106663,3.106663,392100,NaN,NaN,NaN,NaN,NaN,NaN,NaN
1544490000,3.10333,3.139997,3.10333,3.106663,297600,NaN,NaN,NaN,NaN,NaN,NaN,NaN
1544576400,3.13333,3.136663,3.126664,3.136663,1540201,NaN,NaN,NaN,NaN,NaN,NaN,NaN
1544662800,3.136663,3.139997,3.11333,3.139997,193500,NaN,NaN,NaN,NaN,NaN,NaN,NaN
1544749200,3.13333,3.159997,3.13333,3.159997,797700,NaN,NaN,NaN,NaN,NaN,NaN,NaN
1545008400,3.13333,3.149997,3.106663,3.106663,1062601,NaN,NaN,NaN,NaN,NaN,NaN,NaN
1545094800,3.13333,3.13333,3.00333,3.076663,1091101,NaN,NaN,NaN,NaN,NaN,NaN,NaN
1545181200,3.096664,3.096664,3.006664,3.09333,102900,NaN,NaN,NaN,NaN,NaN,NaN,NaN
1545267600,3.05333,3.076663,3.049997,3.066664,352800,NaN,NaN,NaN,NaN,NaN,NaN,NaN
1545354000,3.086664,3.119997,3.049997,3.119997,1426801,NaN,NaN,NaN,NaN,NaN,NaN,NaN
1545613200,3.116664,3.116664,3.069997,3.069997,223800,NaN,NaN,NaN,NaN,NaN,NaN,NaN
1545786000,2.999997,3.039997,2.999997,3.009997,1116601,NaN,NaN,NaN,NaN,NaN,NaN,NaN
1545872400,3.009997,3.049997,3.006664,3.04333,330600,NaN,NaN,NaN,NaN,NaN,NaN,NaN
1545958800,3.009997,3.059997,3.009997,3.049997,271800,NaN,NaN,NaN,NaN,NaN,NaN,NaN
1546218000,2.959997,2.98333,2.826664,2.949997,4268704,NaN,NaN,NaN,NaN,NaN,NaN,NaN
1546390800,2.936664,2.969997,2.929997,2.939997,2981702,NaN,NaN,NaN,NaN,NaN,NaN,NaN
1546477200,2.93333,2.949997,2.876664,2.876664,654900,NaN,NaN,NaN,NaN,NaN,NaN,NaN
1546563600,2.88333,2.93333,2.876664,2.916664,421800,NaN,NaN,NaN,NaN,NaN,NaN,NaN
1546822800,2.916664,2.916664,2.876664,2.899997,657600,NaN,NaN,NaN,NaN,NaN,NaN,NaN
1546909200,2.893331,2.93333,2.886664,2.923331,1020901,NaN,NaN,NaN,NaN,NaN,NaN,NaN
1546995600,2.916664,2.959997,2.906664,2.939997,6715206,NaN,NaN,NaN,NaN,NaN,NaN,NaN
1547082000,2.909997,2.946664,2.909997,2.94333,384600,NaN,NaN,NaN,NaN,NaN,NaN,NaN
1547168400,2.939997,2.939997,2.893331,2.936664,819000,NaN,NaN,NaN,NaN,NaN,NaN,NaN
1547427600,2.926664,2.936664,2.906664,2.936664,895200,NaN,NaN,NaN,NaN,NaN,NaN,NaN
1547514000,2.916664,2.929997,2.91333,2.916664,2136002,NaN,NaN,NaN,NaN,NaN,NaN,NaN
1547600400,2.899997,2.936664,2.899997,2.93333,921300,NaN,NaN,NaN,NaN,NaN,NaN,NaN
1547686800,2.936664,2.946664,2.929997,2.929997,4318804,NaN,NaN,NaN,NaN,NaN,NaN,NaN
1547773200,2.929997,2.939997,2.916664,2.936664,3743703,NaN,NaN,NaN,NaN,NaN,NaN,NaN
1548118800,2.93333,2.93333,2.896664,2.906664,261000,NaN,NaN,NaN,NaN,NaN,NaN,NaN
1548205200,2.893331,2.916664,2.886664,2.899997,425700,NaN,NaN,NaN,NaN,NaN,NaN,NaN
1548291600,2.899997,2.959997,2.899997,2.94333,2955302,NaN,NaN,NaN,NaN,NaN,NaN,NaN
1548378000,2.94333,2.946664,2.93333,2.94333,477600,NaN,NaN,NaN,NaN,NaN,NaN,NaN
1548637200,2.94333,2.94333,2.91333,2.936664,1409401,NaN,NaN,NaN,NaN,NaN,NaN,NaN
1548723600,2.939997,2.939997,2.923331,2.93333,2265002,NaN,NaN,NaN,NaN,NaN,NaN,NaN
1548810000,2.93333,2.936664,2.929997,2.93333,676200,NaN,NaN,NaN,NaN,NaN,NaN,NaN
1548896400,2.936664,2.939997,2.926664,2.93333,3073503,1467701667.7002,3352047000,1435084000,103875000,766585000,1846035000,2.2725022725
1549242000,2.93333,2.959997,2.926664,2.959997,328500,NaN,NaN,NaN,NaN,NaN,NaN,NaN
1549501200,2.93333,2.939997,2.916664,2.916664,249300,NaN,NaN,NaN,NaN,NaN,NaN,NaN
1549587600,2.93333,2.946664,2.916664,2.93333,514500,NaN,NaN,NaN,NaN,NaN,NaN,NaN
1549846800,2.926664,2.936664,2.91333,2.929997,2223002,NaN,NaN,NaN,NaN,NaN,NaN,NaN
1549933200,2.94333,2.94333,2.929997,2.936664,1779001,NaN,NaN,NaN,NaN,NaN,NaN,NaN
1550019600,2.926664,2.94333,2.926664,2.939997,442500,NaN,NaN,NaN,NaN,NaN,NaN,NaN
1550106000,2.916664,2.949997,2.916664,2.939997,760800,NaN,NaN,NaN,NaN,NaN,NaN,NaN
1550192400,2.94333,2.946664,2.93333,2.94333,1146601,NaN,NaN,NaN,NaN,NaN,NaN,NaN
1550451600,2.93333,2.939997,2.929997,2.936664,1788901,NaN,NaN,NaN,NaN,NaN,NaN,NaN
1550538000,2.93333,2.939997,2.926664,2.936664,1403401,NaN,NaN,NaN,NaN,NaN,NaN,NaN
1550624400,2.939997,2.959997,2.926664,2.94333,942600,NaN,NaN,NaN,NaN,NaN,NaN,NaN
1550710800,2.94333,2.949997,2.936664,2.949997,613500,NaN,NaN,NaN,NaN,NaN,NaN,NaN
1550797200,2.949997,2.95333,2.93333,2.94333,422100,NaN,NaN,NaN,NaN,NaN,NaN,NaN
1551056400,2.94333,2.949997,2.926664,2.926664,610500,NaN,NaN,NaN,NaN,NaN,NaN,NaN
1551142800,2.94333,2.94333,2.926664,2.93333,344100,NaN,NaN,NaN,NaN,NaN,NaN,NaN
1551229200,2.916664,2.93333,2.899997,2.909997,321300,NaN,NaN,NaN,NaN,NaN,NaN,NaN
1551315600,2.899997,2.946664,2.876664,2.946664,545700,NaN,NaN,NaN,NaN,NaN,NaN,NaN
1551402000,2.93333,2.93333,2.896664,2.919997,92700,NaN,NaN,NaN,NaN,NaN,NaN,NaN
1551661200,2.879997,2.929997,2.879997,2.906664,228000,NaN,NaN,NaN,NaN,NaN,NaN,NaN
1551747600,2.889997,2.90333,2.789997,2.809997,3583203,NaN,NaN,NaN,NaN,NaN,NaN,NaN
1551834000,2.799997,2.809997,2.793331,2.799997,4342804,NaN,NaN,NaN,NaN,NaN,NaN,NaN
1551920400,2.816664,2.87333,2.816664,2.866664,203700,NaN,NaN,NaN,NaN,NaN,NaN,NaN
1552006800,2.83333,2.879997,2.783331,2.863331,386100,NaN,NaN,NaN,NaN,NaN,NaN,NaN
1552266000,2.809997,2.853331,2.809997,2.839997,781200,NaN,NaN,NaN,NaN,NaN,NaN,NaN
1552352400,2.83333,2.849997,2.77333,2.776664,596100,NaN,NaN,NaN,NaN,NaN,NaN,NaN
1552438800,2.80333,2.809997,2.793331,2.799997,554100,NaN,NaN,NaN,NaN,NaN,NaN,NaN
1552525200,2.799997,2.799997,2.783331,2.793331,1291801,NaN,NaN,NaN,NaN,NaN,NaN,NaN
1552611600,2.779997,2.826664,2.779997,2.826664,1588201,NaN,NaN,NaN,NaN,NaN,NaN,NaN
1552870800,2.829997,2.83333,2.809997,2.819997,2207102,NaN,NaN,NaN,NaN,NaN,NaN,NaN
1552957200,2.819997,2.836664,2.809997,2.819997,711600,NaN,NaN,NaN,NaN,NaN,NaN,NaN
1553043600,2.836664,2.839997,2.826664,2.83333,691200,NaN,NaN,NaN,NaN,NaN,NaN,NaN
1553130000,2.836664,2.863331,2.836664,2.836664,143400,NaN,NaN,NaN,NaN,NaN,NaN,NaN
1553216400,2.836664,2.853331,2.826664,2.853331,490500,NaN,NaN,NaN,NaN,NaN,NaN,NaN
1553475600,2.853331,2.856664,2.829997,2.83333,456900,NaN,NaN,NaN,NaN,NaN,NaN,NaN
1553562000,2.83333,2.853331,2.809997,2.83333,2799602,NaN,NaN,NaN,NaN,NaN,NaN,NaN
1553648400,2.863331,2.863331,2.793331,2.839997,368400,NaN,NaN,NaN,NaN,NaN,NaN,NaN
1553734800,2.83333,2.83333,2.80333,2.816664,102300,NaN,NaN,NaN,NaN,NaN,NaN,NaN
1553821200,2.816664,2.849997,2.809997,2.849997,686100,NaN,NaN,NaN,NaN,NaN,NaN,NaN
1554080400,2.83333,2.856664,2.829997,2.83333,160200,NaN,NaN,NaN,NaN,NaN,NaN,NaN
1554166800,2.83333,2.859997,2.83333,2.836664,93600,NaN,NaN,NaN,NaN,NaN,NaN,NaN
1554253200,2.836664,2.853331,2.823331,2.846664,160200,NaN,NaN,NaN,NaN,NaN,NaN,NaN
1554339600,2.853331,2.856664,2.829997,2.846664,126600,NaN,NaN,NaN,NaN,NaN,NaN,NaN
1554426000,2.836664,2.836664,2.826664,2.826664,164400,NaN,NaN,NaN,NaN,NaN,NaN,NaN
1554685200,2.816664,2.83333,2.806664,2.81333,456300,NaN,NaN,NaN,NaN,NaN,NaN,NaN
1554771600,2.806664,2.836664,2.80333,2.81333,262200,NaN,NaN,NaN,NaN,NaN,NaN,NaN
1554858000,2.809997,2.856664,2.809997,2.83333,291000,NaN,NaN,NaN,NaN,NaN,NaN,NaN
1554944400,2.836664,2.836664,2.829997,2.83333,2205302,NaN,NaN,NaN,NaN,NaN,NaN,NaN
1555030800,2.83333,2.84333,2.83333,2.836664,184500,NaN,NaN,NaN,NaN,NaN,NaN,NaN
1555290000,2.836664,2.856664,2.836664,2.856664,217800,NaN,NaN,NaN,NaN,NaN,NaN,NaN
1555376400,2.856664,2.929997,2.856664,2.929997,458700,NaN,NaN,NaN,NaN,NaN,NaN,NaN
1555462800,2.926664,2.929997,2.91333,2.926664,390600,NaN,NaN,NaN,NaN,NaN,NaN,NaN
1555549200,2.919997,2.926664,2.909997,2.926664,285300,NaN,NaN,NaN,NaN,NaN,NaN,NaN
1555635600,2.923331,2.93333,2.923331,2.923331,128100,NaN,NaN,NaN,NaN,NaN,NaN,NaN
1555894800,2.93333,2.93333,2.923331,2.929997,152700,NaN,NaN,NaN,NaN,NaN,NaN,NaN
1555981200,2.93333,2.94333,2.923331,2.939997,380100,NaN,NaN,NaN,NaN,NaN,NaN,NaN
1556067600,2.93333,2.939997,2.926664,2.93333,1750801,NaN,NaN,NaN,NaN,NaN,NaN,NaN
1556154000,2.926664,2.93333,2.923331,2.93333,343200,NaN,NaN,NaN,NaN,NaN,NaN,NaN
1556240400,2.93333,2.93333,2.923331,2.93333,263400,NaN,NaN,NaN,NaN,NaN,NaN,NaN
1556499600,2.923331,2.929997,2.866664,2.88333,228900,NaN,NaN,NaN,NaN,NaN,NaN,NaN
1556586000,2.899997,2.899997,2.826664,2.849997,599700,1545785661.78412,3979096000,1661265000,103085000,828457000,2146324000,2.33894970736842
1556758800,2.856664,2.886664,2.856664,2.886664,1009201,NaN,NaN,NaN,NaN,NaN,NaN,NaN
1556845200,2.916664,2.916664,2.889997,2.899997,180000,NaN,NaN,NaN,NaN,NaN,NaN,NaN
1557104400,2.87333,2.909997,2.87333,2.909997,2755802,NaN,NaN,NaN,NaN,NaN,NaN,NaN
1557190800,2.91333,2.919997,2.899997,2.919997,375300,NaN,NaN,NaN,NaN,NaN,NaN,NaN
1557277200,2.919997,2.939997,2.899997,2.93333,1680601,NaN,NaN,NaN,NaN,NaN,NaN,NaN
1557363600,2.866664,2.936664,2.866664,2.899997,1029901,NaN,NaN,NaN,NaN,NaN,NaN,NaN
1557450000,2.899997,2.909997,2.836664,2.909997,359700,NaN,NaN,NaN,NaN,NaN,NaN,NaN
1557709200,2.906664,2.906664,2.866664,2.866664,74100,NaN,NaN,NaN,NaN,NaN,NaN,NaN
1557795600,2.84333,2.909997,2.836664,2.849997,78000,NaN,NaN,NaN,NaN,NaN,NaN,NaN
1557882000,2.849997,2.893331,2.836664,2.849997,483000,NaN,NaN,NaN,NaN,NaN,NaN,NaN
1557968400,2.836664,2.866664,2.836664,2.849997,713700,NaN,NaN,NaN,NaN,NaN,NaN,NaN
1558054800,2.856664,2.87333,2.839997,2.866664,1023601,NaN,NaN,NaN,NaN,NaN,NaN,NaN
1558400400,2.849997,2.88333,2.849997,2.879997,70800,NaN,NaN,NaN,NaN,NaN,NaN,NaN
1558573200,2.856664,2.869997,2.84333,2.869997,532800,NaN,NaN,NaN,NaN,NaN,NaN,NaN
1558659600,2.853331,2.866664,2.84333,2.863331,683700,NaN,NaN,NaN,NaN,NaN,NaN,NaN
1558918800,2.84333,2.863331,2.839997,2.84333,20400,NaN,NaN,NaN,NaN,NaN,NaN,NaN
1559005200,2.839997,2.899997,2.829997,2.899997,2243402,NaN,NaN,NaN,NaN,NaN,NaN,NaN
1559091600,2.866664,2.866664,2.846664,2.863331,40200,NaN,NaN,NaN,NaN,NaN,NaN,NaN
1559178000,2.863331,2.879997,2.829997,2.83333,2904302,NaN,NaN,NaN,NaN,NaN,NaN,NaN
1559264400,2.826664,2.836664,2.799997,2.80333,339600,NaN,NaN,NaN,NaN,NaN,NaN,NaN
1559523600,2.80333,2.823331,2.799997,2.816664,24900,NaN,NaN,NaN,NaN,NaN,NaN,NaN
1559610000,2.799997,2.826664,2.793331,2.826664,12000,NaN,NaN,NaN,NaN,NaN,NaN,NaN
1559869200,2.826664,2.866664,2.816664,2.866664,119400,NaN,NaN,NaN,NaN,NaN,NaN,NaN
1560128400,2.849997,2.87333,2.809997,2.849997,186000,NaN,NaN,NaN,NaN,NaN,NaN,NaN
1560214800,2.849997,2.853331,2.836664,2.846664,140700,NaN,NaN,NaN,NaN,NaN,NaN,NaN
1560301200,2.846664,2.846664,2.816664,2.839997,187200,NaN,NaN,NaN,NaN,NaN,NaN,NaN
1560387600,2.836664,2.839997,2.823331,2.83333,864600,NaN,NaN,NaN,NaN,NaN,NaN,NaN
1560474000,2.83333,2.839997,2.829997,2.83333,333600,NaN,NaN,NaN,NaN,NaN,NaN,NaN
1560733200,2.83333,2.846664,2.83333,2.839997,90300,NaN,NaN,NaN,NaN,NaN,NaN,NaN
1560819600,2.839997,2.84333,2.799997,2.839997,359100,NaN,NaN,NaN,NaN,NaN,NaN,NaN
1560906000,2.839997,2.839997,2.806664,2.83333,428100,NaN,NaN,NaN,NaN,NaN,NaN,NaN
1560992400,2.83333,2.886664,2.829997,2.886664,409800,NaN,NaN,NaN,NaN,NaN,NaN,NaN
1561078800,2.886664,2.899997,2.866664,2.899997,572700,NaN,NaN,NaN,NaN,NaN,NaN,NaN
1561338000,2.866664,2.896664,2.866664,2.879997,504600,NaN,NaN,NaN,NaN,NaN,NaN,NaN
1561424400,2.886664,2.886664,2.84333,2.853331,194400,NaN,NaN,NaN,NaN,NaN,NaN,NaN
1561510800,2.866664,2.869997,2.846664,2.853331,411900,NaN,NaN,NaN,NaN,NaN,NaN,NaN
1561597200,2.87333,2.896664,2.866664,2.876664,595200,NaN,NaN,NaN,NaN,NaN,NaN,NaN
1561683600,2.893331,2.893331,2.87333,2.879997,78900,NaN,NaN,NaN,NaN,NaN,NaN,NaN
1561942800,2.88333,2.91333,2.879997,2.896664,821700,NaN,NaN,NaN,NaN,NaN,NaN,NaN
1562029200,2.899997,2.899997,2.889997,2.899997,68700,NaN,NaN,NaN,NaN,NaN,NaN,NaN
1562115600,2.889997,2.90333,2.866664,2.90333,76500,NaN,NaN,NaN,NaN,NaN,NaN,NaN
1562202000,2.90333,2.91333,2.88333,2.909997,170700,NaN,NaN,NaN,NaN,NaN,NaN,NaN
1562288400,2.916664,2.926664,2.91333,2.923331,177600,NaN,NaN,NaN,NaN,NaN,NaN,NaN
1562547600,2.916664,2.93333,2.889997,2.906664,98100,NaN,NaN,NaN,NaN,NaN,NaN,NaN
1562634000,2.899997,2.906664,2.896664,2.896664,367200,NaN,NaN,NaN,NaN,NaN,NaN,NaN
1562720400,2.899997,2.919997,2.886664,2.899997,6380106,NaN,NaN,NaN,NaN,NaN,NaN,NaN
1562806800,2.896664,2.91333,2.849997,2.886664,255600,NaN,NaN,NaN,NaN,NaN,NaN,NaN
1562893200,2.886664,2.899997,2.869997,2.88333,429000,NaN,NaN,NaN,NaN,NaN,NaN,NaN
1563152400,2.886664,2.886664,2.853331,2.869997,51600,NaN,NaN,NaN,NaN,NaN,NaN,NaN
1563238800,2.879997,2.879997,2.83333,2.863331,438900,NaN,NaN,NaN,NaN,NaN,NaN,NaN
1563325200,2.88333,2.906664,2.849997,2.866664,179700,NaN,NaN,NaN,NaN,NaN,NaN,NaN
1563411600,2.87333,2.87333,2.84333,2.863331,321900,NaN,NaN,NaN,NaN,NaN,NaN,NaN
1563498000,2.863331,2.863331,2.84333,2.846664,105300,NaN,NaN,NaN,NaN,NaN,NaN,NaN
1563757200,2.846664,2.846664,2.816664,2.83333,171900,NaN,NaN,NaN,NaN,NaN,NaN,NaN
1563843600,2.83333,2.836664,2.809997,2.836664,180600,NaN,NaN,NaN,NaN,NaN,NaN,NaN
1563930000,2.829997,2.83333,2.823331,2.83333,54900,NaN,NaN,NaN,NaN,NaN,NaN,NaN
1564016400,2.83333,2.83333,2.816664,2.823331,105600,NaN,NaN,NaN,NaN,NaN,NaN,NaN
1564102800,2.819997,2.83333,2.816664,2.819997,154800,NaN,NaN,NaN,NaN,NaN,NaN,NaN
1564362000,2.799997,2.816664,2.799997,2.809997,118800,NaN,NaN,NaN,NaN,NaN,NaN,NaN
1564534800,2.809997,2.816664,2.806664,2.806664,199500,1545785661.78412,4107481000,1708528000,179229000,938765000,2225018000,2.37506175748218
1564621200,2.806664,2.823331,2.793331,2.81333,353400,NaN,NaN,NaN,NaN,NaN,NaN,NaN
1564707600,2.799997,2.81333,2.799997,2.806664,296700,NaN,NaN,NaN,NaN,NaN,NaN,NaN
1564966800,2.806664,2.806664,2.776664,2.783331,2695502,NaN,NaN,NaN,NaN,NaN,NaN,NaN
1565053200,2.776664,2.816664,2.776664,2.783331,1288201,NaN,NaN,NaN,NaN,NaN,NaN,NaN
1565139600,2.783331,2.783331,2.776664,2.783331,73800,NaN,NaN,NaN,NaN,NaN,NaN,NaN
1565226000,2.783331,2.84333,2.776664,2.84333,255900,NaN,NaN,NaN,NaN,NaN,NaN,NaN
1565312400,2.836664,2.84333,2.81333,2.826664,68100,NaN,NaN,NaN,NaN,NaN,NaN,NaN
1565658000,2.816664,2.816664,2.776664,2.779997,465600,NaN,NaN,NaN,NaN,NaN,NaN,NaN
1565744400,2.779997,2.789997,2.776664,2.786664,3394503,NaN,NaN,NaN,NaN,NaN,NaN,NaN
1565830800,2.776664,2.783331,2.756664,2.766664,3182103,NaN,NaN,NaN,NaN,NaN,NaN,NaN
1565917200,2.77333,2.783331,2.753331,2.759997,1052701,NaN,NaN,NaN,NaN,NaN,NaN,NaN
1566176400,2.766664,2.766664,2.749997,2.759997,1458301,NaN,NaN,NaN,NaN,NaN,NaN,NaN
1566262800,2.763331,2.763331,2.739997,2.749997,1816201,NaN,NaN,NaN,NaN,NaN,NaN,NaN
1566349200,2.753331,2.753331,2.703331,2.726664,2186102,NaN,NaN,NaN,NaN,NaN,NaN,NaN
1566435600,2.739997,2.739997,2.729997,2.739997,312000,NaN,NaN,NaN,NaN,NaN,NaN,NaN
1566522000,2.739997,2.763331,2.739997,2.756664,111600,NaN,NaN,NaN,NaN,NaN,NaN,NaN
1566781200,2.759997,2.766664,2.749997,2.763331,340200,NaN,NaN,NaN,NaN,NaN,NaN,NaN
1566867600,2.769997,2.799997,2.769997,2.783331,336300,NaN,NaN,NaN,NaN,NaN,NaN,NaN
1566954000,2.783331,2.796664,2.766664,2.779997,126300,NaN,NaN,NaN,NaN,NaN,NaN,NaN
1567040400,2.779997,2.779997,2.763331,2.779997,498900,NaN,NaN,NaN,NaN,NaN,NaN,NaN
1567126800,2.776664,2.779997,2.746664,2.779997,556800,NaN,NaN,NaN,NaN,NaN,NaN,NaN
1567472400,2.783331,2.783331,2.766664,2.766664,55800,NaN,NaN,NaN,NaN,NaN,NaN,NaN
1567558800,2.736664,2.776664,2.736664,2.756664,59100,NaN,NaN,NaN,NaN,NaN,NaN,NaN
1567645200,2.779997,2.779997,2.77333,2.776664,27000,NaN,NaN,NaN,NaN,NaN,NaN,NaN
1567731600,2.783331,2.783331,2.776664,2.783331,175800,NaN,NaN,NaN,NaN,NaN,NaN,NaN
1568077200,2.77333,2.799997,2.769997,2.799997,34500,NaN,NaN,NaN,NaN,NaN,NaN,NaN
1568163600,2.81333,2.83333,2.81333,2.83333,128100,NaN,NaN,NaN,NaN,NaN,NaN,NaN
1568250000,2.83333,2.83333,2.77333,2.77333,210900,NaN,NaN,NaN,NaN,NaN,NaN,NaN
1568336400,2.783331,2.796664,2.776664,2.779997,255000,NaN,NaN,NaN,NaN,NaN,NaN,NaN
1568682000,2.793331,2.819997,2.779997,2.779997,78600,NaN,NaN,NaN,NaN,NaN,NaN,NaN
1568768400,2.799997,2.80333,2.786664,2.786664,14100,NaN,NaN,NaN,NaN,NaN,NaN,NaN
1568854800,2.783331,2.80333,2.783331,2.789997,100800,NaN,NaN,NaN,NaN,NaN,NaN,NaN
1568941200,2.806664,2.93333,2.793331,2.93333,990600,NaN,NaN,NaN,NaN,NaN,NaN,NaN
1569200400,2.93333,2.939997,2.869997,2.886664,494700,NaN,NaN,NaN,NaN,NaN,NaN,NaN
1569286800,2.889997,2.93333,2.87333,2.87333,363900,NaN,NaN,NaN,NaN,NaN,NaN,NaN
1569373200,2.93333,2.93333,2.87333,2.876664,400500,NaN,NaN,NaN,NaN,NaN,NaN,NaN
1569459600,2.866664,3.019997,2.863331,2.96333,2504702,NaN,NaN,NaN,NaN,NaN,NaN,NaN
1569546000,2.996664,3.029997,2.98333,2.999997,2556602,NaN,NaN,NaN,NaN,NaN,NaN,NaN
1569805200,2.999997,3.00333,2.979997,2.979997,763500,NaN,NaN,NaN,NaN,NaN,NaN,NaN
1569891600,2.986664,3.016664,2.986664,2.986664,1267201,NaN,NaN,NaN,NaN,NaN,NaN,NaN
1569978000,2.989997,3.019997,2.976664,3.016664,3096603,NaN,NaN,NaN,NaN,NaN,NaN,NaN
1570064400,2.999997,3.01333,2.999997,3.006664,231000,NaN,NaN,NaN,NaN,NaN,NaN,NaN
1570150800,3.006664,3.026664,2.999997,3.016664,656700,NaN,NaN,NaN,NaN,NaN,NaN,NaN
1570410000,3.026664,3.03333,3.006664,3.026664,1076701,NaN,NaN,NaN,NaN,NaN,NaN,NaN
1570496400,3.026664,3.099997,3.026664,3.056664,1001401,NaN,NaN,NaN,NaN,NaN,NaN,NaN
1570582800,3.056664,3.056664,3.009997,3.02333,818700,NaN,NaN,NaN,NaN,NaN,NaN,NaN
1570669200,3.026664,3.03333,3.01333,3.02333,543300,NaN,NaN,NaN,NaN,NaN,NaN,NaN
1570755600,3.02333,3.08333,3.02333,3.076663,771900,NaN,NaN,NaN,NaN,NaN,NaN,NaN
1571014800,3.089997,3.099997,2.989997,3.029997,1905301,NaN,NaN,NaN,NaN,NaN,NaN,NaN
1571101200,3.029997,3.056664,3.02333,3.056664,370200,NaN,NaN,NaN,NaN,NaN,NaN,NaN
1571187600,3.056664,3.079997,3.006664,3.006664,460800,NaN,NaN,NaN,NaN,NaN,NaN,NaN
1571274000,2.996664,3.036664,2.996664,3.02333,374700,NaN,NaN,NaN,NaN,NaN,NaN,NaN
1571360400,3.02333,3.166664,3.00333,3.166664,1661101,NaN,NaN,NaN,NaN,NaN,NaN,NaN
1571619600,3.09333,3.09333,3.046664,3.05333,968700,NaN,NaN,NaN,NaN,NaN,NaN,NaN
1571706000,3.05333,3.07333,3.049997,3.059997,509700,NaN,NaN,NaN,NaN,NaN,NaN,NaN
1571792400,3.079997,3.079997,3.039997,3.056664,825600,NaN,NaN,NaN,NaN,NaN,NaN,NaN
1571878800,3.056664,3.099997,3.056664,3.076663,1995901,NaN,NaN,NaN,NaN,NaN,NaN,NaN
1571965200,3.09333,3.099997,3.066664,3.089997,565800,NaN,NaN,NaN,NaN,NaN,NaN,NaN
1572310800,3.089997,3.089997,3.069997,3.089997,459300,NaN,NaN,NaN,NaN,NaN,NaN,NaN
1572397200,3.089997,3.09333,3.066664,3.066664,555900,NaN,NaN,NaN,NaN,NaN,NaN,NaN
1572483600,3.079997,3.09333,3.059997,3.066664,1119901,1545785661.78412,4158834000,1669701000,118504000,877365000,2308499000,2.17369782586956
1572570000,3.08333,3.08333,2.999997,3.059997,239100,NaN,NaN,NaN,NaN,NaN,NaN,NaN
1572829200,3.059997,3.079997,3.049997,3.05333,945600,NaN,NaN,NaN,NaN,NaN,NaN,NaN
1572915600,3.056664,3.069997,3.049997,3.059997,532200,NaN,NaN,NaN,NaN,NaN,NaN,NaN
1573002000,3.059997,3.059997,3.04333,3.05333,797400,NaN,NaN,NaN,NaN,NaN,NaN,NaN
1573088400,3.05333,3.066664,3.03333,3.036664,1072201,NaN,NaN,NaN,NaN,NaN,NaN,NaN
1573174800,3.049997,3.056664,3.04333,3.049997,156600,NaN,NaN,NaN,NaN,NaN,NaN,NaN
1573434000,3.05333,3.059997,3.03333,3.046664,689700,NaN,NaN,NaN,NaN,NaN,NaN,NaN
1573520400,3.056664,3.06333,3.03333,3.049997,818100,NaN,NaN,NaN,NaN,NaN,NaN,NaN
1573606800,3.049997,3.07333,3.039997,3.066664,304200,NaN,NaN,NaN,NaN,NaN,NaN,NaN
1573693200,3.056664,3.059997,3.036664,3.046664,1127401,NaN,NaN,NaN,NaN,NaN,NaN,NaN
1573779600,3.049997,3.049997,3.016664,3.03333,563100,NaN,NaN,NaN,NaN,NaN,NaN,NaN
1574038800,3.059997,3.06333,3.02333,3.049997,1258201,NaN,NaN,NaN,NaN,NaN,NaN,NaN
1574125200,3.049997,3.049997,3.046664,3.049997,181500,NaN,NaN,NaN,NaN,NaN,NaN,NaN
1574211600,3.046664,3.10333,3.046664,3.08333,1455001,NaN,NaN,NaN,NaN,NaN,NaN,NaN
1574298000,3.07333,3.13333,3.069997,3.116664,1784701,NaN,NaN,NaN,NaN,NaN,NaN,NaN
1574384400,3.13333,3.216663,3.126664,3.146663,2385602,NaN,NaN,NaN,NaN,NaN,NaN,NaN
1574643600,3.16333,3.169997,3.096664,3.11333,549300,NaN,NaN,NaN,NaN,NaN,NaN,NaN
1574730000,3.129997,3.166664,3.12333,3.166664,3237603,NaN,NaN,NaN,NaN,NaN,NaN,NaN
1574816400,3.169997,3.169997,3.116664,3.139997,542400,NaN,NaN,NaN,NaN,NaN,NaN,NaN
1574902800,3.139997,3.139997,3.099997,3.116664,481800,NaN,NaN,NaN,NaN,NaN,NaN,NaN
1574989200,3.11333,3.129997,3.089997,3.10333,351000,NaN,NaN,NaN,NaN,NaN,NaN,NaN
1575248400,3.11333,3.129997,3.08333,3.11333,919500,NaN,NaN,NaN,NaN,NaN,NaN,NaN
1575334800,3.11333,3.12333,3.089997,3.106663,1434901,NaN,NaN,NaN,NaN,NaN,NaN,NaN
1575421200,3.106663,3.126664,3.10333,3.106663,372300,NaN,NaN,NaN,NaN,NaN,NaN,NaN
1575507600,3.099997,3.116664,3.08333,3.09333,544500,NaN,NaN,NaN,NaN,NaN,NaN,NaN
1575594000,3.09333,3.129997,3.09333,3.129997,1838401,NaN,NaN,NaN,NaN,NaN,NaN,NaN
1575853200,3.129997,3.18333,3.129997,3.13333,925800,NaN,NaN,NaN,NaN,NaN,NaN,NaN
1575939600,3.136663,3.18333,3.136663,3.166664,962400,NaN,NaN,NaN,NaN,NaN,NaN,NaN
1576026000,3.17333,3.18333,3.149997,3.169997,445200,NaN,NaN,NaN,NaN,NaN,NaN,NaN
1576112400,3.159997,3.26333,3.159997,3.249997,1578001,NaN,NaN,NaN,NaN,NaN,NaN,NaN
1576198800,3.266663,3.289997,3.25333,3.279997,844800,NaN,NaN,NaN,NaN,NaN,NaN,NaN
1576458000,3.279997,3.28333,3.226664,3.266663,767700,NaN,NaN,NaN,NaN,NaN,NaN,NaN
1576544400,3.27333,3.28333,3.14333,3.176663,2671502,NaN,NaN,NaN,NaN,NaN,NaN,NaN
1576630800,3.20333,3.216663,3.176663,3.18333,744900,NaN,NaN,NaN,NaN,NaN,NaN,NaN
1576717200,3.176663,3.19333,3.089997,3.136663,2293802,NaN,NaN,NaN,NaN,NaN,NaN,NaN
1576803600,3.13333,3.159997,3.116664,3.13333,1183501,NaN,NaN,NaN,NaN,NaN,NaN,NaN
1577062800,3.139997,3.156664,3.129997,3.146663,1441201,NaN,NaN,NaN,NaN,NaN,NaN,NaN
1577149200,3.146663,3.166664,3.13333,3.136663,666000,NaN,NaN,NaN,NaN,NaN,NaN,NaN
1577322000,3.129997,3.129997,3.07333,3.099997,375900,NaN,NaN,NaN,NaN,NaN,NaN,NaN
1577408400,3.099997,3.18333,3.08333,3.16333,674400,NaN,NaN,NaN,NaN,NaN,NaN,NaN
1577667600,3.166664,3.189997,3.136663,3.169997,1014001,NaN,NaN,NaN,NaN,NaN,NaN,NaN
1577754000,3.166664,3.17333,3.149997,3.149997,1000201,NaN,NaN,NaN,NaN,NaN,NaN,NaN
1577926800,3.149997,3.17333,3.149997,3.166664,782400,NaN,NaN,NaN,NaN,NaN,NaN,NaN
1578013200,3.169997,3.226664,3.166664,3.216663,1078801,NaN,NaN,NaN,NaN,NaN,NaN,NaN
1578272400,3.20333,3.229997,3.18333,3.209997,499200,NaN,NaN,NaN,NaN,NaN,NaN,NaN
1578358800,3.21333,3.21333,3.169997,3.199997,360900,NaN,NaN,NaN,NaN,NaN,NaN,NaN
1578445200,3.199997,3.199997,3.116664,3.146663,937500,NaN,NaN,NaN,NaN,NaN,NaN,NaN
1578531600,3.146663,3.166664,3.13333,3.136663,644400,NaN,NaN,NaN,NaN,NaN,NaN,NaN
1578618000,3.149997,3.159997,3.14333,3.15333,443100,NaN,NaN,NaN,NaN,NaN,NaN,NaN
1578877200,3.149997,3.149997,3.13333,3.146663,211500,NaN,NaN,NaN,NaN,NaN,NaN,NaN
1578963600,3.139997,3.149997,3.126664,3.129997,736200,NaN,NaN,NaN,NaN,NaN,NaN,NaN
1579050000,3.13333,3.14333,3.129997,3.13333,439800,NaN,NaN,NaN,NaN,NaN,NaN,NaN
1579136400,3.13333,3.139997,3.119997,3.126664,224100,NaN,NaN,NaN,NaN,NaN,NaN,NaN
1579222800,3.119997,3.129997,3.079997,3.119997,969900,NaN,NaN,NaN,NaN,NaN,NaN,NaN
1579482000,3.119997,3.119997,3.046664,3.049997,1303501,NaN,NaN,NaN,NaN,NaN,NaN,NaN
1579568400,3.049997,3.08333,3.049997,3.059997,1280101,NaN,NaN,NaN,NaN,NaN,NaN,NaN
1579654800,3.07333,3.086664,3.059997,3.076663,499500,NaN,NaN,NaN,NaN,NaN,NaN,NaN
1579741200,3.08333,3.08333,3.066664,3.069997,141000,NaN,NaN,NaN,NaN,NaN,NaN,NaN
1579827600,3.07333,3.079997,3.066664,3.069997,159600,NaN,NaN,NaN,NaN,NaN,NaN,NaN
1580173200,3.06333,3.06333,3.046664,3.059997,510300,NaN,NaN,NaN,NaN,NaN,NaN,NaN
1580259600,3.066664,3.066664,3.04333,3.059997,375000,NaN,NaN,NaN,NaN,NaN,NaN,NaN
1580346000,3.046664,3.069997,3.03333,3.056664,925500,NaN,NaN,NaN,NaN,NaN,NaN,NaN
1580432400,3.059997,3.06333,3.009997,3.016664,645300,1547631863.6303198,4293595000.0000005,1756008000,140786000,914378000,2356657000,2.20972596662983
1580691600,3.00333,3.016664,2.976664,2.999997,2151002,NaN,NaN,NaN,NaN,NaN,NaN,NaN
1580778000,2.98333,3.03333,2.959997,3.016664,1010401,NaN,NaN,NaN,NaN,NaN,NaN,NaN
1580864400,3.016664,3.05333,2.999997,3.049997,621000,NaN,NaN,NaN,NaN,NaN,NaN,NaN
1580950800,3.049997,3.059997,3.016664,3.03333,3323703,NaN,NaN,NaN,NaN,NaN,NaN,NaN
1581037200,3.03333,3.03333,3.026664,3.026664,623400,NaN,NaN,NaN,NaN,NaN,NaN,NaN
1581296400,3.03333,3.06333,3.00333,3.026664,261000,NaN,NaN,NaN,NaN,NaN,NaN,NaN
1581382800,2.999997,3.03333,2.986664,3.016664,700800,NaN,NaN,NaN,NaN,NaN,NaN,NaN
1581469200,3.016664,3.126664,2.999997,3.11333,604500,NaN,NaN,NaN,NaN,NaN,NaN,NaN
1581555600,3.126664,3.126664,3.04333,3.08333,1218301,NaN,NaN,NaN,NaN,NaN,NaN,NaN
1581642000,3.066664,3.18333,3.05333,3.166664,1232101,NaN,NaN,NaN,NaN,NaN,NaN,NaN
1581901200,3.166664,3.17333,3.14333,3.166664,359100,NaN,NaN,NaN,NaN,NaN,NaN,NaN
1581987600,3.136663,3.16333,3.13333,3.16333,863700,NaN,NaN,NaN,NaN,NaN,NaN,NaN
1582074000,3.16333,3.16333,3.11333,3.119997,510000,NaN,NaN,NaN,NaN,NaN,NaN,NaN
1582160400,3.109997,3.15333,3.109997,3.146663,195300,NaN,NaN,NaN,NaN,NaN,NaN,NaN
1582246800,3.146663,3.146663,3.099997,3.099997,398400,NaN,NaN,NaN,NaN,NaN,NaN,NaN
1582506000,3.066664,3.076663,3.03333,3.036664,553200,NaN,NaN,NaN,NaN,NaN,NaN,NaN
1582592400,3.016664,3.059997,3.016664,3.059997,521100,NaN,NaN,NaN,NaN,NaN,NaN,NaN
1582678800,3.056664,3.059997,3.016664,3.029997,284700,NaN,NaN,NaN,NaN,NaN,NaN,NaN
1582765200,3.019997,3.039997,3.01333,3.01333,477300,NaN,NaN,NaN,NaN,NaN,NaN,NaN
1582851600,3.009997,3.009997,2.946664,2.999997,873000,NaN,NaN,NaN,NaN,NaN,NaN,NaN
1583110800,2.869997,2.929997,2.83333,2.909997,2225102,NaN,NaN,NaN,NaN,NaN,NaN,NaN
1583197200,2.93333,2.986664,2.899997,2.966664,445200,NaN,NaN,NaN,NaN,NaN,NaN,NaN
1583283600,2.96333,2.996664,2.929997,2.996664,313800,NaN,NaN,NaN,NaN,NaN,NaN,NaN
1583370000,2.99333,3.049997,2.95333,3.049997,877200,NaN,NaN,NaN,NaN,NaN,NaN,NaN
1583456400,2.999997,3.03333,2.966664,2.996664,271800,NaN,NaN,NaN,NaN,NaN,NaN,NaN
1583715600,2.966664,2.966664,2.81333,2.866664,2427902,NaN,NaN,NaN,NaN,NaN,NaN,NaN
1583802000,2.83333,2.859997,2.736664,2.836664,936000,NaN,NaN,NaN,NaN,NaN,NaN,NaN
1583888400,2.863331,2.99333,2.863331,2.97333,1167901,NaN,NaN,NaN,NaN,NaN,NaN,NaN
1583974800,2.93333,2.95333,2.906664,2.923331,2637302,NaN,NaN,NaN,NaN,NaN,NaN,NaN
1584061200,2.826664,2.83333,2.723331,2.829997,2097302,NaN,NaN,NaN,NaN,NaN,NaN,NaN
1584320400,2.796664,2.796664,2.549997,2.633331,3316203,NaN,NaN,NaN,NaN,NaN,NaN,NaN
1584406800,2.499997,2.566664,2.399998,2.566664,1570801,NaN,NaN,NaN,NaN,NaN,NaN,NaN
1584493200,2.566664,2.619997,2.399998,2.399998,3273303,NaN,NaN,NaN,NaN,NaN,NaN,NaN
1584579600,2.399998,2.399998,1.986665,2.029998,5454005,NaN,NaN,NaN,NaN,NaN,NaN,NaN
1584666000,2.073331,2.346664,2.043331,2.283331,2132402,NaN,NaN,NaN,NaN,NaN,NaN,NaN
1584925200,2.249998,2.249998,2.066665,2.123331,1631701,NaN,NaN,NaN,NaN,NaN,NaN,NaN
1585011600,2.133331,2.183331,2.133331,2.166665,828600,NaN,NaN,NaN,NaN,NaN,NaN,NaN
1585098000,2.263331,2.369998,2.209998,2.333331,2981702,NaN,NaN,NaN,NaN,NaN,NaN,NaN
1585184400,2.349998,2.399998,2.273331,2.339998,1442701,NaN,NaN,NaN,NaN,NaN,NaN,NaN
1585270800,2.353331,2.436664,2.346664,2.433331,2751602,NaN,NaN,NaN,NaN,NaN,NaN,NaN
1585530000,2.433331,2.433331,2.336664,2.416664,1494001,NaN,NaN,NaN,NaN,NaN,NaN,NaN
1585616400,2.493331,2.516664,2.449998,2.513331,1865701,NaN,NaN,NaN,NaN,NaN,NaN,NaN
1585702800,2.499997,2.506664,2.453331,2.483331,1476001,NaN,NaN,NaN,NaN,NaN,NaN,NaN
1585789200,2.449998,2.516664,2.429998,2.516664,3294303,NaN,NaN,NaN,NaN,NaN,NaN,NaN
1585875600,2.553331,2.553331,2.466664,2.493331,1321201,NaN,NaN,NaN,NaN,NaN,NaN,NaN
1586134800,2.533331,2.533331,2.436664,2.493331,2016302,NaN,NaN,NaN,NaN,NaN,NaN,NaN
1586221200,2.566664,2.569997,2.499997,2.563331,3126603,NaN,NaN,NaN,NaN,NaN,NaN,NaN
1586307600,2.533331,2.563331,2.496664,2.533331,1750501,NaN,NaN,NaN,NaN,NaN,NaN,NaN
1586394000,2.536664,2.549997,2.513331,2.539997,1760101,NaN,NaN,NaN,NaN,NaN,NaN,NaN
1586480400,2.546664,2.546664,2.493331,2.529998,1587901,NaN,NaN,NaN,NaN,NaN,NaN,NaN
1586739600,2.529998,2.536664,2.503331,2.503331,1467301,NaN,NaN,NaN,NaN,NaN,NaN,NaN
1586826000,2.513331,2.683331,2.513331,2.593331,1574401,NaN,NaN,NaN,NaN,NaN,NaN,NaN
1586912400,2.566664,2.629997,2.566664,2.583331,1164601,NaN,NaN,NaN,NaN,NaN,NaN,NaN
1586998800,2.583331,2.633331,2.566664,2.616664,3231903,NaN,NaN,NaN,NaN,NaN,NaN,NaN
1587085200,2.653331,2.696664,2.619997,2.693331,2964602,NaN,NaN,NaN,NaN,NaN,NaN,NaN
1587344400,2.686664,2.766664,2.686664,2.756664,1906801,NaN,NaN,NaN,NaN,NaN,NaN,NaN
1587430800,2.749997,2.753331,2.646664,2.703331,2235902,NaN,NaN,NaN,NaN,NaN,NaN,NaN
1587517200,2.683331,2.689997,2.609997,2.686664,856500,NaN,NaN,NaN,NaN,NaN,NaN,NaN
1587603600,2.686664,2.713331,2.679997,2.689997,541500,NaN,NaN,NaN,NaN,NaN,NaN,NaN
1587690000,2.723331,2.723331,2.649997,2.669997,510900,NaN,NaN,NaN,NaN,NaN,NaN,NaN
1587949200,2.649997,2.669997,2.629997,2.639997,2538902,NaN,NaN,NaN,NaN,NaN,NaN,NaN
1588035600,2.643331,2.666664,2.626664,2.666664,615300,NaN,NaN,NaN,NaN,NaN,NaN,NaN
1588122000,2.639997,2.696664,2.639997,2.679997,571500,NaN,NaN,NaN,NaN,NaN,NaN,NaN
1588208400,2.679997,2.766664,2.679997,2.766664,1071601,1547631863.6303198,4410731000,1783381000,106444000,772229000,2436126000,2.40939999975903
1588554000,2.763331,2.766664,2.719997,2.746664,597300,NaN,NaN,NaN,NaN,NaN,NaN,NaN
1588640400,2.766664,2.83333,2.733331,2.749997,701400,NaN,NaN,NaN,NaN,NaN,NaN,NaN
1588726800,2.766664,2.816664,2.766664,2.799997,489900,NaN,NaN,NaN,NaN,NaN,NaN,NaN
1588899600,2.799997,2.819997,2.749997,2.819997,1077001,NaN,NaN,NaN,NaN,NaN,NaN,NaN
1589245200,2.819997,2.826664,2.783331,2.789997,787800,NaN,NaN,NaN,NaN,NaN,NaN,NaN
1589331600,2.786664,2.88333,2.786664,2.83333,1517401,NaN,NaN,NaN,NaN,NaN,NaN,NaN
1589418000,2.83333,2.83333,2.753331,2.80333,1719901,NaN,NaN,NaN,NaN,NaN,NaN,NaN
1589504400,2.759997,2.796664,2.759997,2.783331,105900,NaN,NaN,NaN,NaN,NaN,NaN,NaN
1589763600,2.779997,2.81333,2.766664,2.783331,906300,NaN,NaN,NaN,NaN,NaN,NaN,NaN
1589850000,2.816664,2.816664,2.759997,2.786664,779700,NaN,NaN,NaN,NaN,NaN,NaN,NaN
1589936400,2.809997,2.809997,2.759997,2.77333,1026901,NaN,NaN,NaN,NaN,NaN,NaN,NaN
1590022800,2.769997,2.816664,2.749997,2.776664,1132501,NaN,NaN,NaN,NaN,NaN,NaN,NaN
1590109200,2.766664,2.766664,2.719997,2.74333,1616701,NaN,NaN,NaN,NaN,NaN,NaN,NaN
1590541200,2.759997,2.759997,2.729997,2.739997,682800,NaN,NaN,NaN,NaN,NaN,NaN,NaN
1590627600,2.739997,2.759997,2.726664,2.759997,930600,NaN,NaN,NaN,NaN,NaN,NaN,NaN
1590714000,2.759997,2.77333,2.733331,2.759997,1462801,NaN,NaN,NaN,NaN,NaN,NaN,NaN
1590973200,2.763331,2.819997,2.756664,2.819997,1186201,NaN,NaN,NaN,NaN,NaN,NaN,NaN
1591059600,2.826664,2.899997,2.793331,2.893331,1467301,NaN,NaN,NaN,NaN,NaN,NaN,NaN
1591146000,2.90333,2.916664,2.859997,2.869997,716700,NaN,NaN,NaN,NaN,NaN,NaN,NaN
1591232400,2.876664,2.926664,2.869997,2.909997,1797901,NaN,NaN,NaN,NaN,NaN,NaN,NaN
1591318800,2.929997,2.929997,2.899997,2.899997,691800,NaN,NaN,NaN,NaN,NaN,NaN,NaN
1591664400,2.909997,3.13333,2.899997,3.029997,3536703,NaN,NaN,NaN,NaN,NaN,NaN,NaN
1591750800,3.03333,3.03333,2.966664,2.976664,350400,NaN,NaN,NaN,NaN,NaN,NaN,NaN
1591837200,2.99333,2.99333,2.919997,2.919997,2700002,NaN,NaN,NaN,NaN,NaN,NaN,NaN
1591923600,2.826664,2.956664,2.793331,2.926664,944700,NaN,NaN,NaN,NaN,NaN,NaN,NaN
1592182800,2.919997,2.919997,2.816664,2.84333,405300,NaN,NaN,NaN,NaN,NaN,NaN,NaN
1592269200,2.896664,2.896664,2.80333,2.876664,346800,NaN,NaN,NaN,NaN,NaN,NaN,NaN
1592355600,2.876664,2.876664,2.849997,2.859997,229800,NaN,NaN,NaN,NaN,NaN,NaN,NaN
1592442000,2.859997,2.863331,2.836664,2.856664,379500,NaN,NaN,NaN,NaN,NaN,NaN,NaN
1592528400,2.863331,2.879997,2.836664,2.879997,1857601,NaN,NaN,NaN,NaN,NaN,NaN,NaN
1592787600,2.929997,2.929997,2.863331,2.87333,230400,NaN,NaN,NaN,NaN,NaN,NaN,NaN
1592874000,2.87333,2.923331,2.856664,2.923331,1533601,NaN,NaN,NaN,NaN,NaN,NaN,NaN
1592960400,2.926664,3.05333,2.926664,2.999997,1283701,NaN,NaN,NaN,NaN,NaN,NaN,NaN
1593046800,2.999997,2.999997,2.96333,2.969997,1321801,NaN,NaN,NaN,NaN,NaN,NaN,NaN
1593133200,2.98333,2.98333,2.969997,2.969997,231900,NaN,NaN,NaN,NaN,NaN,NaN,NaN
1593392400,2.969997,2.969997,2.93333,2.936664,112800,NaN,NaN,NaN,NaN,NaN,NaN,NaN
1593478800,2.93333,2.969997,2.916664,2.966664,210000,NaN,NaN,NaN,NaN,NaN,NaN,NaN
1593565200,2.966664,2.989997,2.966664,2.986664,686400,NaN,NaN,NaN,NaN,NaN,NaN,NaN
1593651600,2.986664,2.989997,2.949997,2.949997,173100,NaN,NaN,NaN,NaN,NaN,NaN,NaN
1593738000,2.959997,3.03333,2.929997,3.019997,1740001,NaN,NaN,NaN,NaN,NaN,NaN,NaN
1593997200,3.02333,3.07333,2.969997,3.07333,1536901,NaN,NaN,NaN,NaN,NaN,NaN,NaN
1594083600,3.07333,3.10333,3.07333,3.099997,1774801,NaN,NaN,NaN,NaN,NaN,NaN,NaN
1594170000,3.099997,3.109997,3.089997,3.109997,569100,NaN,NaN,NaN,NaN,NaN,NaN,NaN
1594256400,3.099997,3.106663,3.046664,3.07333,314700,NaN,NaN,NaN,NaN,NaN,NaN,NaN
1594342800,3.07333,3.086664,3.069997,3.08333,774000,NaN,NaN,NaN,NaN,NaN,NaN,NaN
1594602000,3.099997,3.10333,3.089997,3.09333,587700,NaN,NaN,NaN,NaN,NaN,NaN,NaN
1594688400,3.09333,3.099997,3.086664,3.096664,434400,NaN,NaN,NaN,NaN,NaN,NaN,NaN
1594774800,3.069997,3.099997,3.046664,3.099997,359700,NaN,NaN,NaN,NaN,NaN,NaN,NaN
1594861200,3.09333,3.09333,3.05333,3.056664,138000,NaN,NaN,NaN,NaN,NaN,NaN,NaN
1594947600,3.039997,3.05333,3.03333,3.049997,317700,NaN,NaN,NaN,NaN,NaN,NaN,NaN
1595206800,3.049997,3.066664,3.049997,3.049997,152400,NaN,NaN,NaN,NaN,NaN,NaN,NaN
1595293200,3.049997,3.066664,3.016664,3.046664,470400,NaN,NaN,NaN,NaN,NaN,NaN,NaN
1595379600,3.049997,3.066664,2.999997,3.04333,378600,NaN,NaN,NaN,NaN,NaN,NaN,NaN
1595466000,3.05333,3.056664,3.049997,3.056664,511800,NaN,NaN,NaN,NaN,NaN,NaN,NaN
1595552400,3.049997,3.149997,3.049997,3.10333,830100,NaN,NaN,NaN,NaN,NaN,NaN,NaN
1595811600,3.10333,3.156664,3.10333,3.116664,807600,NaN,NaN,NaN,NaN,NaN,NaN,NaN
1595898000,3.14333,3.14333,3.089997,3.11333,384300,NaN,NaN,NaN,NaN,NaN,NaN,NaN
1595984400,3.11333,3.11333,3.03333,3.036664,917100,NaN,NaN,NaN,NaN,NaN,NaN,NaN
1596070800,3.036664,3.07333,3.016664,3.03333,629400,1547631863.6303198,4600435000,1844783000,183721000,954629000,2561392000,2.5272552745055
1596416400,3.03333,3.07333,3.03333,3.03333,815700,NaN,NaN,NaN,NaN,NaN,NaN,NaN
1596502800,3.039997,3.079997,3.036664,3.069997,709500,NaN,NaN,NaN,NaN,NaN,NaN,NaN
1596589200,3.069997,3.13333,3.069997,3.13333,663900,NaN,NaN,NaN,NaN,NaN,NaN,NaN
1596675600,3.13333,3.14333,3.13333,3.14333,340500,NaN,NaN,NaN,NaN,NaN,NaN,NaN
1596762000,3.146663,3.166664,3.13333,3.15333,1053901,NaN,NaN,NaN,NaN,NaN,NaN,NaN
1597021200,3.15333,3.15333,3.06333,3.12333,233100,NaN,NaN,NaN,NaN,NaN,NaN,NaN
1597107600,3.126664,3.13333,3.09333,3.09333,562500,NaN,NaN,NaN,NaN,NaN,NaN,NaN
1597194000,3.08333,3.096664,3.039997,3.039997,597600,NaN,NaN,NaN,NaN,NaN,NaN,NaN
1597280400,3.076663,3.076663,3.046664,3.049997,280800,NaN,NaN,NaN,NaN,NaN,NaN,NaN
1597366800,3.05333,3.066664,3.049997,3.05333,386700,NaN,NaN,NaN,NaN,NaN,NaN,NaN
1597626000,3.05333,3.09333,3.036664,3.06333,336600,NaN,NaN,NaN,NaN,NaN,NaN,NaN
1597712400,3.09333,3.09333,3.036664,3.06333,360600,NaN,NaN,NaN,NaN,NaN,NaN,NaN
1597798800,3.09333,3.099997,3.049997,3.099997,243900,NaN,NaN,NaN,NaN,NaN,NaN,NaN
1597971600,3.09333,3.166664,3.069997,3.166664,2289002,NaN,NaN,NaN,NaN,NaN,NaN,NaN
1598230800,3.166664,3.166664,3.10333,3.11333,494400,NaN,NaN,NaN,NaN,NaN,NaN,NaN
1598317200,3.116664,3.149997,3.11333,3.139997,2262602,NaN,NaN,NaN,NaN,NaN,NaN,NaN
1598403600,3.139997,3.149997,3.119997,3.146663,762600,NaN,NaN,NaN,NaN,NaN,NaN,NaN
1598490000,3.146663,3.146663,3.08333,3.11333,491400,NaN,NaN,NaN,NaN,NaN,NaN,NaN
1598576400,3.12333,3.13333,3.08333,3.13333,1263901,NaN,NaN,NaN,NaN,NaN,NaN,NaN
1598922000,3.13333,3.146663,3.12333,3.129997,4200304,NaN,NaN,NaN,NaN,NaN,NaN,NaN
1599008400,3.136663,3.14333,3.09333,3.09333,1128001,NaN,NaN,NaN,NaN,NaN,NaN,NaN
1599094800,3.099997,3.099997,3.059997,3.066664,679200,NaN,NaN,NaN,NaN,NaN,NaN,NaN
1599181200,3.049997,3.06333,3.006664,3.019997,1558501,NaN,NaN,NaN,NaN,NaN,NaN,NaN
1599440400,3.019997,3.06333,3.019997,3.039997,73800,NaN,NaN,NaN,NaN,NaN,NaN,NaN
1599526800,3.039997,3.05333,3.016664,3.016664,492600,NaN,NaN,NaN,NaN,NaN,NaN,NaN
1599613200,3.016664,3.029997,2.999997,3.016664,822000,NaN,NaN,NaN,NaN,NaN,NaN,NaN
1599699600,3.016664,3.016664,2.966664,2.966664,837600,NaN,NaN,NaN,NaN,NaN,NaN,NaN
1599786000,2.966664,3.026664,2.966664,3.006664,323700,NaN,NaN,NaN,NaN,NaN,NaN,NaN
1600045200,3.006664,3.03333,2.996664,2.999997,447600,NaN,NaN,NaN,NaN,NaN,NaN,NaN
1600131600,3.03333,3.03333,3.006664,3.016664,759600,NaN,NaN,NaN,NaN,NaN,NaN,NaN
1600304400,3.019997,3.069997,3.019997,3.056664,495900,NaN,NaN,NaN,NaN,NaN,NaN,NaN
1600390800,3.056664,3.43333,3.056664,3.166664,6654306,NaN,NaN,NaN,NaN,NaN,NaN,NaN
1600650000,3.299997,3.459997,3.266663,3.299997,5440805,NaN,NaN,NaN,NaN,NaN,NaN,NaN
1600736400,3.299997,3.379997,3.299997,3.32333,5778305,NaN,NaN,NaN,NaN,NaN,NaN,NaN
1600822800,3.346663,3.386663,3.299997,3.306663,2397602,NaN,NaN,NaN,NaN,NaN,NaN,NaN
1600909200,3.306663,3.359997,3.289997,3.299997,2331002,NaN,NaN,NaN,NaN,NaN,NaN,NaN
1600995600,3.299997,3.35333,3.296663,3.306663,1624501,NaN,NaN,NaN,NaN,NaN,NaN,NaN
1601254800,3.31333,3.419997,3.31333,3.366663,1805701,NaN,NaN,NaN,NaN,NaN,NaN,NaN
1601341200,3.37333,3.59333,3.37333,3.479997,5545205,NaN,NaN,NaN,NaN,NaN,NaN,NaN
1601427600,3.519996,3.559996,3.499996,3.53333,3672603,NaN,NaN,NaN,NaN,NaN,NaN,NaN
1601514000,3.53333,3.939996,3.53333,3.699996,7342507,NaN,NaN,NaN,NaN,NaN,NaN,NaN
1601600400,3.706663,3.913329,3.646663,3.679996,6447006,NaN,NaN,NaN,NaN,NaN,NaN,NaN
1601859600,3.679996,3.819996,3.67333,3.686663,2809802,NaN,NaN,NaN,NaN,NaN,NaN,NaN
1601946000,3.699996,3.73333,3.57333,3.639996,2485202,NaN,NaN,NaN,NaN,NaN,NaN,NaN
1602032400,3.65333,3.71333,3.61333,3.65333,1672801,NaN,NaN,NaN,NaN,NaN,NaN,NaN
1602118800,3.65333,3.79333,3.65333,3.746663,4239904,NaN,NaN,NaN,NaN,NaN,NaN,NaN
1602205200,3.766663,3.79333,3.73333,3.746663,2646902,NaN,NaN,NaN,NaN,NaN,NaN,NaN
1602464400,3.746663,3.746663,3.686663,3.699996,1146301,NaN,NaN,NaN,NaN,NaN,NaN,NaN
1602550800,3.706663,3.786663,3.706663,3.71333,1063201,NaN,NaN,NaN,NaN,NaN,NaN,NaN
1602637200,3.71333,3.819996,3.71333,3.779996,2283002,NaN,NaN,NaN,NaN,NaN,NaN,NaN
1602723600,3.79333,3.899996,3.779996,3.833329,2133902,NaN,NaN,NaN,NaN,NaN,NaN,NaN
1602810000,3.893329,3.959996,3.839996,3.933329,2407502,NaN,NaN,NaN,NaN,NaN,NaN,NaN
1603069200,3.966663,4.273329,3.933329,4.133329,6936906,NaN,NaN,NaN,NaN,NaN,NaN,NaN
1603155600,4.173329,4.299996,4.146663,4.166662,4137604,NaN,NaN,NaN,NaN,NaN,NaN,NaN
1603242000,4.246662,4.246662,4.039996,4.113329,2306702,NaN,NaN,NaN,NaN,NaN,NaN,NaN
1603328400,4.133329,4.159996,4.099996,4.126663,1021201,NaN,NaN,NaN,NaN,NaN,NaN,NaN
1603414800,4.119996,4.166662,4.006663,4.033329,2224202,NaN,NaN,NaN,NaN,NaN,NaN,NaN
1603674000,4.066663,4.099996,3.939996,3.973329,1632301,NaN,NaN,NaN,NaN,NaN,NaN,NaN
1603760400,3.966663,4.139996,3.966663,4.086663,2654702,NaN,NaN,NaN,NaN,NaN,NaN,NaN
1603846800,4.099996,4.226662,4.086663,4.113329,2503502,NaN,NaN,NaN,NaN,NaN,NaN,NaN
1604019600,4.119996,4.153329,3.946663,3.959996,3470103,1550595866.5943198,4484470000,1620586000,126756000,802259000,2661464000,1.93586052171717
1604278800,3.959996,4.013329,3.913329,3.939996,1675201,NaN,NaN,NaN,NaN,NaN,NaN,NaN
1604365200,3.959996,4.073329,3.959996,4.006663,1143301,NaN,NaN,NaN,NaN,NaN,NaN,NaN
1604451600,4.019996,4.073329,3.999996,4.013329,621600,NaN,NaN,NaN,NaN,NaN,NaN,NaN
1604538000,4.026663,4.053329,3.973329,3.979996,1578001,NaN,NaN,NaN,NaN,NaN,NaN,NaN
1604624400,3.986663,4.026663,3.966663,3.973329,1111501,NaN,NaN,NaN,NaN,NaN,NaN,NaN
1604883600,4.019996,4.059996,3.946663,3.979996,1416001,NaN,NaN,NaN,NaN,NaN,NaN,NaN
1604970000,3.993329,4.046663,3.966663,3.999996,3147003,NaN,NaN,NaN,NaN,NaN,NaN,NaN
1605056400,4.026663,4.026663,3.939996,3.939996,2044202,NaN,NaN,NaN,NaN,NaN,NaN,NaN
1605142800,3.946663,3.979996,3.933329,3.946663,1616701,NaN,NaN,NaN,NaN,NaN,NaN,NaN
1605229200,3.946663,3.959996,3.899996,3.919996,1311601,NaN,NaN,NaN,NaN,NaN,NaN,NaN
1605488400,3.946663,3.993329,3.933329,3.959996,2443502,NaN,NaN,NaN,NaN,NaN,NaN,NaN
1605574800,3.966663,3.979996,3.926663,3.926663,1995601,NaN,NaN,NaN,NaN,NaN,NaN,NaN
1605661200,3.953329,3.973329,3.926663,3.959996,1250701,NaN,NaN,NaN,NaN,NaN,NaN,NaN
1605747600,3.979996,3.979996,3.919996,3.919996,1144201,NaN,NaN,NaN,NaN,NaN,NaN,NaN
1605834000,3.926663,4.166662,3.919996,4.166662,4482004,NaN,NaN,NaN,NaN,NaN,NaN,NaN
1606093200,4.173329,4.299996,4.173329,4.193329,2247002,NaN,NaN,NaN,NaN,NaN,NaN,NaN
1606179600,4.193329,4.193329,3.993329,4.059996,2537702,NaN,NaN,NaN,NaN,NaN,NaN,NaN
1606266000,4.066663,4.086663,3.959996,3.993329,2508302,NaN,NaN,NaN,NaN,NaN,NaN,NaN
1606352400,4.019996,4.019996,3.973329,3.979996,1120201,NaN,NaN,NaN,NaN,NaN,NaN,NaN
1606438800,3.986663,4.059996,3.939996,3.939996,2080502,NaN,NaN,NaN,NaN,NaN,NaN,NaN
1606698000,3.993329,3.999996,3.933329,3.966663,2854202,NaN,NaN,NaN,NaN,NaN,NaN,NaN
1606784400,3.96666251,4.01332913,3.94666253,3.94666253,1673101.75405829,NaN,NaN,NaN,NaN,NaN,NaN,NaN
1606870800,3.95332919,3.97332917,3.93999587,3.93999587,1728601.81224384,NaN,NaN,NaN,NaN,NaN,NaN,NaN
1606957200,3.95332919,3.97332917,3.93999587,3.94666253,1074901.12691247,NaN,NaN,NaN,NaN,NaN,NaN,NaN
1607043600,3.94666253,3.95999585,3.93332921,3.93332921,2405402.52179297,NaN,NaN,NaN,NaN,NaN,NaN,NaN
1607302800,3.94666253,3.94666253,3.88666259,3.90666257,2422502.53972041,NaN,NaN,NaN,NaN,NaN,NaN,NaN
1607389200,3.92666255,3.93332921,3.83999597,3.85332929,2342102.45542999,NaN,NaN,NaN,NaN,NaN,NaN,NaN
1607475600,3.85332929,3.91999589,3.819996,3.82666265,3134403.28606796,NaN,NaN,NaN,NaN,NaN,NaN,NaN
1607562000,3.83332931,3.89332925,3.81332934,3.84666263,1827901.91634878,NaN,NaN,NaN,NaN,NaN,NaN,NaN
1607648400,3.86666261,4.12666234,3.86666261,3.99999581,5717105.99374016,NaN,NaN,NaN,NaN,NaN,NaN,NaN
1607907600,4.0666624,4.11332902,4.01332913,4.0333291,2088602.18966359,NaN,NaN,NaN,NaN,NaN,NaN,NaN
1607994000,4.04666242,4.05999574,4.01332913,4.0333291,2169602.27458303,NaN,NaN,NaN,NaN,NaN,NaN,NaN
1608080400,4.04666242,4.15332898,4.04666242,4.0999957,2481602.60168015,NaN,NaN,NaN,NaN,NaN,NaN,NaN
1608166800,4.13999566,4.18666228,4.00666247,4.00666247,2511902.63344631,NaN,NaN,NaN,NaN,NaN,NaN,NaN
1608253200,4.01999579,4.08666238,3.95332919,4.05332908,3427503.59335054,NaN,NaN,NaN,NaN,NaN,NaN,NaN
1608512400,4.07999572,4.09332904,4.05332908,4.07999572,1374001.44048538,NaN,NaN,NaN,NaN,NaN,NaN,NaN
1608598800,4.07332906,4.07999572,4.02666245,4.0666624,1338901.40368696,NaN,NaN,NaN,NaN,NaN,NaN,NaN
1608685200,4.0666624,4.17999562,4.0666624,4.15332898,1361401.42727569,NaN,NaN,NaN,NaN,NaN,NaN,NaN
1608771600,4.15999564,4.18666228,4.10666236,4.15332898,823200.86303316,NaN,NaN,NaN,NaN,NaN,NaN,NaN
1609117200,4.18666228,4.18666228,4.14666232,4.14666232,656100.6878475,NaN,NaN,NaN,NaN,NaN,NaN,NaN
1609203600,4.15999564,4.17332896,4.12666234,4.15332898,1144801.20019481,NaN,NaN,NaN,NaN,NaN,NaN,NaN
1609290000,4.15332898,4.17999562,4.133329,4.17999562,1257901.31876751,NaN,NaN,NaN,NaN,NaN,NaN,NaN
1609376400,4.17999562,4.23999555,4.17999562,4.22666224,1503301.57604198,NaN,NaN,NaN,NaN,NaN,NaN,NaN
1609722000,4.22666224,4.22666224,4.133329,4.1666623,1987202.08335702,NaN,NaN,NaN,NaN,NaN,NaN,NaN
1609808400,4.18666228,4.1999956,4.133329,4.15332898,958201.00456557,NaN,NaN,NaN,NaN,NaN,NaN,NaN
1609894800,4.133329,4.17332896,4.07332906,4.07999572,1293901.35650949,NaN,NaN,NaN,NaN,NaN,NaN,NaN
1609981200,4.0666624,4.09332904,4.01332913,4.03999576,1265701.32694494,NaN,NaN,NaN,NaN,NaN,NaN,NaN
1610067600,4.05332908,4.11999568,4.01999579,4.03999576,1527001.60088878,NaN,NaN,NaN,NaN,NaN,NaN,NaN
1610326800,4.03999576,4.03999576,3.99332915,3.99332915,3596703.77073782,NaN,NaN,NaN,NaN,NaN,NaN,NaN
1610413200,3.98666249,4.133329,3.98666249,4.133329,4417204.63094034,NaN,NaN,NaN,NaN,NaN,NaN,NaN
1610499600,4.2,4.23,4.05,4.08,3726500,NaN,NaN,NaN,NaN,NaN,NaN,NaN
1610586000,4.1,4.34,4.1,4.27,5196100,NaN,NaN,NaN,NaN,NaN,NaN,NaN
1610672400,4.28,4.28,4.18,4.21,2945100,NaN,NaN,NaN,NaN,NaN,NaN,NaN
1610931600,4.23,4.23,4.09,4.12,2413200,NaN,NaN,NaN,NaN,NaN,NaN,NaN
1611018000,4.13,4.15,4.08,4.09,1794700,NaN,NaN,NaN,NaN,NaN,NaN,NaN
1611104400,4.1,4.2,4.06,4.08,2920000,NaN,NaN,NaN,NaN,NaN,NaN,NaN
1611190800,4.08,4.12,4.02,4.04,1373500,NaN,NaN,NaN,NaN,NaN,NaN,NaN
1611277200,4.07,4.07,3.99,3.99,1914300,NaN,NaN,NaN,NaN,NaN,NaN,NaN
1611536400,3.99,4.04,3.91,3.99,3332300,NaN,NaN,NaN,NaN,NaN,NaN,NaN
1611622800,3.99,4.02,3.97,3.98,2368600,NaN,NaN,NaN,NaN,NaN,NaN,NaN
1611709200,4,4.02,3.98,4,4321500,NaN,NaN,NaN,NaN,NaN,NaN,NaN
1611882000,4,4,3.95,3.99,2308100,1550594316,4723662000,1819814000,149174000,906545000,2701815000,2.08847117794486
1612227600,3.99,4.07,3.99,4.05,3168900,NaN,NaN,NaN,NaN,NaN,NaN,NaN
1612314000,4.08,4.3,4.03,4.25,3918100,NaN,NaN,NaN,NaN,NaN,NaN,NaN
1612400400,4.27,4.45,4.2,4.2,5347100,NaN,NaN,NaN,NaN,NaN,NaN,NaN
1612486800,4.21,4.32,4.21,4.25,1653400,NaN,NaN,NaN,NaN,NaN,NaN,NaN
1612746000,4.26,4.28,4.18,4.23,1995100,NaN,NaN,NaN,NaN,NaN,NaN,NaN
1612832400,4.25,4.25,4.15,4.17,1976900,NaN,NaN,NaN,NaN,NaN,NaN,NaN
1612918800,4.17,4.17,4.11,4.16,759800,NaN,NaN,NaN,NaN,NaN,NaN,NaN
1613005200,4.16,4.16,4.12,4.15,196800,NaN,NaN,NaN,NaN,NaN,NaN,NaN
1613350800,4.16,4.16,4.09,4.09,1378300,NaN,NaN,NaN,NaN,NaN,NaN,NaN
1613437200,4.1,4.15,4.07,4.12,1867200,NaN,NaN,NaN,NaN,NaN,NaN,NaN
1613523600,4.15,4.15,4.08,4.1,614000,NaN,NaN,NaN,NaN,NaN,NaN,NaN
1613610000,4.1,4.1,4.02,4.02,1107900,NaN,NaN,NaN,NaN,NaN,NaN,NaN
1613696400,4.03,4.06,4.01,4.05,767100,NaN,NaN,NaN,NaN,NaN,NaN,NaN
1613955600,4.05,4.05,3.98,4,1149400,NaN,NaN,NaN,NaN,NaN,NaN,NaN
1614042000,4,4.03,3.99,4,956800,NaN,NaN,NaN,NaN,NaN,NaN,NaN
1614128400,4,4.03,3.98,4.01,1573000,NaN,NaN,NaN,NaN,NaN,NaN,NaN
1614214800,4,4.12,4,4.12,1401700,NaN,NaN,NaN,NaN,NaN,NaN,NaN
1614301200,4.11,4.11,4.01,4.02,2212700,NaN,NaN,NaN,NaN,NaN,NaN,NaN
1614560400,4.03,4.09,3.99,4,994900,NaN,NaN,NaN,NaN,NaN,NaN,NaN
1614646800,4,4.02,3.98,3.98,725800,NaN,NaN,NaN,NaN,NaN,NaN,NaN
1614733200,4,4.05,3.98,4.01,969900,NaN,NaN,NaN,NaN,NaN,NaN,NaN
1614819600,4.01,4.03,3.99,3.99,389200,NaN,NaN,NaN,NaN,NaN,NaN,NaN
1614906000,3.98,4,3.98,3.99,408500,NaN,NaN,NaN,NaN,NaN,NaN,NaN
1615165200,4.01,4.05,4,4.01,849400,NaN,NaN,NaN,NaN,NaN,NaN,NaN
1615251600,4.01,4.04,3.94,4,2142000,NaN,NaN,NaN,NaN,NaN,NaN,NaN
1615338000,4.02,4.03,3.98,3.98,1939200,NaN,NaN,NaN,NaN,NaN,NaN,NaN
1615424400,3.99,4.02,3.98,3.98,2065300,NaN,NaN,NaN,NaN,NaN,NaN,NaN
1615510800,4,4.02,3.99,4,1109400,NaN,NaN,NaN,NaN,NaN,NaN,NaN
1615770000,4,4.01,3.98,3.98,1257500,NaN,NaN,NaN,NaN,NaN,NaN,NaN
1615856400,3.99,4,3.96,3.98,1257400,NaN,NaN,NaN,NaN,NaN,NaN,NaN
1615942800,3.98,4,3.96,3.98,954300,NaN,NaN,NaN,NaN,NaN,NaN,NaN
1616029200,4,4.01,3.98,4,1177600,NaN,NaN,NaN,NaN,NaN,NaN,NaN
1616115600,4,4.02,3.99,4.02,1135600,NaN,NaN,NaN,NaN,NaN,NaN,NaN
1616374800,4.02,4.08,4.02,4.03,740200,NaN,NaN,NaN,NaN,NaN,NaN,NaN
1616461200,4.04,4.1,4.03,4.07,1025500,NaN,NaN,NaN,NaN,NaN,NaN,NaN
1616547600,4.07,4.08,4.04,4.04,481200,NaN,NaN,NaN,NaN,NaN,NaN,NaN
1616634000,4.05,4.08,4.03,4.03,350200,NaN,NaN,NaN,NaN,NaN,NaN,NaN
1616720400,4.03,4.05,4.01,4.01,257000,NaN,NaN,NaN,NaN,NaN,NaN,NaN
1616979600,4.01,4.05,4.01,4.03,334700,NaN,NaN,NaN,NaN,NaN,NaN,NaN
1617066000,4.03,4.05,4.01,4.05,680200,NaN,NaN,NaN,NaN,NaN,NaN,NaN
1617152400,4.03,4.03,3.99,4.01,810400,NaN,NaN,NaN,NaN,NaN,NaN,NaN
1617238800,4,4.02,3.99,4,792400,NaN,NaN,NaN,NaN,NaN,NaN,NaN
1617325200,4.04,4.04,4,4.02,182900,NaN,NaN,NaN,NaN,NaN,NaN,NaN
1617584400,4.02,4.05,4.01,4.01,616700,NaN,NaN,NaN,NaN,NaN,NaN,NaN
1617670800,4.02,4.05,4.02,4.03,1137100,NaN,NaN,NaN,NaN,NaN,NaN,NaN
1617757200,4.05,4.15,4.04,4.11,1052000,NaN,NaN,NaN,NaN,NaN,NaN,NaN
1617843600,4.12,4.15,4.12,4.15,462300,NaN,NaN,NaN,NaN,NaN,NaN,NaN
1617930000,4.15,4.15,4.11,4.13,427300,NaN,NaN,NaN,NaN,NaN,NaN,NaN
1618189200,4.14,4.14,4.1,4.12,638800,NaN,NaN,NaN,NaN,NaN,NaN,NaN
1618275600,4.11,4.23,4.1,4.21,2084800,NaN,NaN,NaN,NaN,NaN,NaN,NaN
1618362000,4.2,4.27,4.17,4.21,1171500,NaN,NaN,NaN,NaN,NaN,NaN,NaN
1618448400,4.19,4.22,4.07,4.15,650300,NaN,NaN,NaN,NaN,NaN,NaN,NaN
1618534800,4.15,4.22,4.12,4.13,655600,NaN,NaN,NaN,NaN,NaN,NaN,NaN
1618794000,4.13,4.19,4.13,4.17,2003600,NaN,NaN,NaN,NaN,NaN,NaN,NaN
1618880400,4.17,4.19,4.17,4.19,552000,NaN,NaN,NaN,NaN,NaN,NaN,NaN
1618966800,4.19,4.27,4.19,4.23,1028000,NaN,NaN,NaN,NaN,NaN,NaN,NaN
1619053200,4.23,4.26,4.17,4.19,866600,NaN,NaN,NaN,NaN,NaN,NaN,NaN
1619139600,4.2,4.2,4.16,4.18,410900,NaN,NaN,NaN,NaN,NaN,NaN,NaN
1619398800,4.18,4.2,4.17,4.18,439000,NaN,NaN,NaN,NaN,NaN,NaN,NaN
1619485200,4.2,4.2,4.16,4.19,592400,NaN,NaN,NaN,NaN,NaN,NaN,NaN
1619571600,4.17,4.2,4.16,4.19,352400,NaN,NaN,NaN,NaN,NaN,NaN,NaN
1619744400,4.19,4.2,4.16,4.19,653100,1550594336,4885430000,1871149000,148589000,976798000,2810398000,1.98878281622912
1620003600,4.16,4.16,4.1,4.1,531800,NaN,NaN,NaN,NaN,NaN,NaN,NaN
1620090000,4.1,4.2,4.1,4.14,499900,NaN,NaN,NaN,NaN,NaN,NaN,NaN
1620176400,4.13,4.18,4.12,4.15,745300,NaN,NaN,NaN,NaN,NaN,NaN,NaN
1620262800,4.14,4.16,4.08,4.11,1162600,NaN,NaN,NaN,NaN,NaN,NaN,NaN
1620349200,4.08,4.15,4.08,4.13,364600,NaN,NaN,NaN,NaN,NaN,NaN,NaN
1620608400,4.13,4.15,4.11,4.12,371400,NaN,NaN,NaN,NaN,NaN,NaN,NaN
1620694800,4.13,4.15,4.08,4.15,841500,NaN,NaN,NaN,NaN,NaN,NaN,NaN
1620781200,4.12,4.15,4.11,4.15,162600,NaN,NaN,NaN,NaN,NaN,NaN,NaN
1621213200,4.14,4.14,4.1,4.12,701100,NaN,NaN,NaN,NaN,NaN,NaN,NaN
1621299600,4.12,4.12,4.09,4.1,273700,NaN,NaN,NaN,NaN,NaN,NaN,NaN
1621386000,4.11,4.11,4.01,4.02,770000,NaN,NaN,NaN,NaN,NaN,NaN,NaN
1621472400,4.03,4.05,4,4,538800,NaN,NaN,NaN,NaN,NaN,NaN,NaN
1621558800,4,4.03,3.94,3.98,1158100,NaN,NaN,NaN,NaN,NaN,NaN,NaN
1621818000,3.98,4.07,3.98,4.06,248200,NaN,NaN,NaN,NaN,NaN,NaN,NaN
1621904400,4.06,4.09,4.05,4.07,245300,NaN,NaN,NaN,NaN,NaN,NaN,NaN
1622077200,4.07,4.3,4.07,4.3,1362200,NaN,NaN,NaN,NaN,NaN,NaN,NaN
1622163600,4.19,4.25,4.12,4.16,535300,NaN,NaN,NaN,NaN,NaN,NaN,NaN
1622422800,4.08,4.13,4.04,4.12,562300,NaN,NaN,NaN,NaN,NaN,NaN,NaN
1622509200,4.12,4.21,4.12,4.14,466300,NaN,NaN,NaN,NaN,NaN,NaN,NaN
1622595600,4.14,4.26,4.14,4.26,1366300,NaN,NaN,NaN,NaN,NaN,NaN,NaN
1622682000,4.25,4.31,4.2,4.3,1857100,NaN,NaN,NaN,NaN,NaN,NaN,NaN
1622768400,4.3,4.32,4.2,4.24,874800,NaN,NaN,NaN,NaN,NaN,NaN,NaN
1623114000,4.24,4.32,4.21,4.24,803000,NaN,NaN,NaN,NaN,NaN,NaN,NaN
1623200400,4.26,4.26,4.2,4.2,428500,NaN,NaN,NaN,NaN,NaN,NaN,NaN
1623286800,4.2,4.25,4.19,4.23,389200,NaN,NaN,NaN,NaN,NaN,NaN,NaN
1623373200,4.22,4.25,4.21,4.24,320100,NaN,NaN,NaN,NaN,NaN,NaN,NaN
1623632400,4.24,4.25,4.2,4.21,336000,NaN,NaN,NaN,NaN,NaN,NaN,NaN
1623718800,4.21,4.23,4.2,4.22,139900,NaN,NaN,NaN,NaN,NaN,NaN,NaN
1623805200,4.24,4.24,4.2,4.2,208000,NaN,NaN,NaN,NaN,NaN,NaN,NaN
1623891600,4.2,4.24,4.19,4.22,341600,NaN,NaN,NaN,NaN,NaN,NaN,NaN
1623978000,4.22,4.24,4.2,4.22,292300,NaN,NaN,NaN,NaN,NaN,NaN,NaN
1624237200,4.22,4.22,4.18,4.22,211800,NaN,NaN,NaN,NaN,NaN,NaN,NaN
1624323600,4.22,4.29,4.2,4.27,383000,NaN,NaN,NaN,NaN,NaN,NaN,NaN
1624410000,4.27,4.27,4.24,4.26,332800,NaN,NaN,NaN,NaN,NaN,NaN,NaN
1624496400,4.28,4.3,4.26,4.28,1392900,NaN,NaN,NaN,NaN,NaN,NaN,NaN
1624582800,4.28,4.28,4.22,4.23,592900,NaN,NaN,NaN,NaN,NaN,NaN,NaN
1624842000,4.23,4.23,4.16,4.2,640200,NaN,NaN,NaN,NaN,NaN,NaN,NaN
1624928400,4.2,4.23,4.17,4.18,519800,NaN,NaN,NaN,NaN,NaN,NaN,NaN
1625014800,4.19,4.21,4.18,4.18,653300,NaN,NaN,NaN,NaN,NaN,NaN,NaN
1625101200,4.17,4.22,4.17,4.19,340100,NaN,NaN,NaN,NaN,NaN,NaN,NaN
1625187600,4.2,4.21,4.14,4.15,587700,NaN,NaN,NaN,NaN,NaN,NaN,NaN
1625446800,4.15,4.18,4.09,4.13,972000,NaN,NaN,NaN,NaN,NaN,NaN,NaN
1625533200,4.13,4.16,4.1,4.16,698600,NaN,NaN,NaN,NaN,NaN,NaN,NaN
1625619600,4.15,4.15,4.06,4.08,655000,NaN,NaN,NaN,NaN,NaN,NaN,NaN
1625706000,4.07,4.08,4.04,4.05,751200,NaN,NaN,NaN,NaN,NaN,NaN,NaN
1625792400,4.07,4.16,4.04,4.13,458100,NaN,NaN,NaN,NaN,NaN,NaN,NaN
1626051600,4.12,4.13,4.09,4.13,421100,NaN,NaN,NaN,NaN,NaN,NaN,NaN
1626138000,4.13,4.15,4.11,4.15,303500,NaN,NaN,NaN,NaN,NaN,NaN,NaN
1626224400,4.13,4.17,4.13,4.16,320800,NaN,NaN,NaN,NaN,NaN,NaN,NaN
1626310800,4.16,4.17,4.14,4.17,500600,NaN,NaN,NaN,NaN,NaN,NaN,NaN
1626397200,4.16,4.18,4.15,4.17,191400,NaN,NaN,NaN,NaN,NaN,NaN,NaN
1626656400,4.17,4.2,4.15,4.15,249200,NaN,NaN,NaN,NaN,NaN,NaN,NaN
1626829200,4.15,4.18,4.15,4.15,181800,NaN,NaN,NaN,NaN,NaN,NaN,NaN
1626915600,4.15,4.17,4.15,4.15,162200,NaN,NaN,NaN,NaN,NaN,NaN,NaN
1627002000,4.15,4.24,4.15,4.24,844400,NaN,NaN,NaN,NaN,NaN,NaN,NaN
1627261200,4.24,4.27,4.2,4.26,591100,NaN,NaN,NaN,NaN,NaN,NaN,NaN
1627347600,4.26,4.26,4.2,4.25,322500,NaN,NaN,NaN,NaN,NaN,NaN,NaN
1627434000,4.21,4.25,4.2,4.24,281500,NaN,NaN,NaN,NaN,NaN,NaN,NaN
1627520400,4.22,4.25,4.21,4.22,244600,NaN,NaN,NaN,NaN,NaN,NaN,NaN
1627606800,4.22,4.22,4.18,4.18,220900,1550656029,5099833000,2002625000,175820000,970364000,2895663000,2.15311004784689
1627866000,4.17,4.22,4.15,4.2,283400,NaN,NaN,NaN,NaN,NaN,NaN,NaN
1627952400,4.2,4.24,4.15,4.24,1045700,NaN,NaN,NaN,NaN,NaN,NaN,NaN
1628038800,4.24,4.24,4.19,4.23,352600,NaN,NaN,NaN,NaN,NaN,NaN,NaN
1628125200,4.2,4.23,4.18,4.2,285800,NaN,NaN,NaN,NaN,NaN,NaN,NaN
1628211600,4.21,4.22,4.19,4.2,395300,NaN,NaN,NaN,NaN,NaN,NaN,NaN
1628470800,4.19,4.21,4.15,4.18,316900,NaN,NaN,NaN,NaN,NaN,NaN,NaN
1628643600,4.18,4.2,4.14,4.19,353500,NaN,NaN,NaN,NaN,NaN,NaN,NaN
1628730000,4.19,4.2,4.12,4.16,627400,NaN,NaN,NaN,NaN,NaN,NaN,NaN
1628816400,4.16,4.2,4.12,4.2,363800,NaN,NaN,NaN,NaN,NaN,NaN,NaN
1629075600,4.15,4.21,4.13,4.2,523400,NaN,NaN,NaN,NaN,NaN,NaN,NaN
1629162000,4.2,4.26,4.19,4.26,633100,NaN,NaN,NaN,NaN,NaN,NaN,NaN
1629248400,4.26,4.27,4.23,4.25,447100,NaN,NaN,NaN,NaN,NaN,NaN,NaN
1629334800,4.24,4.3,4.24,4.29,1042900,NaN,NaN,NaN,NaN,NaN,NaN,NaN
1629421200,4.29,4.39,4.28,4.39,1894400,NaN,NaN,NaN,NaN,NaN,NaN,NaN
1629680400,4.39,4.53,4.38,4.48,1433800,NaN,NaN,NaN,NaN,NaN,NaN,NaN
1629766800,4.48,4.48,4.4,4.4,969400,NaN,NaN,NaN,NaN,NaN,NaN,NaN
1629853200,4.4,4.47,4.4,4.45,682700,NaN,NaN,NaN,NaN,NaN,NaN,NaN
1629939600,4.44,4.5,4.41,4.44,851100,NaN,NaN,NaN,NaN,NaN,NaN,NaN
1630026000,4.45,4.48,4.43,4.45,1017100,NaN,NaN,NaN,NaN,NaN,NaN,NaN
1630285200,4.47,4.55,4.43,4.48,1344900,NaN,NaN,NaN,NaN,NaN,NaN,NaN
1630458000,4.5,4.58,4.5,4.54,472500,NaN,NaN,NaN,NaN,NaN,NaN,NaN
1630544400,4.56,4.57,4.5,4.57,640800,NaN,NaN,NaN,NaN,NaN,NaN,NaN
1630630800,4.57,4.78,4.56,4.73,1699600,NaN,NaN,NaN,NaN,NaN,NaN,NaN
1630890000,4.75,4.87,4.72,4.83,1091700,NaN,NaN,NaN,NaN,NaN,NaN,NaN
1630976400,4.83,4.84,4.66,4.68,1091600,NaN,NaN,NaN,NaN,NaN,NaN,NaN
1631062800,4.68,4.72,4.65,4.65,548300,NaN,NaN,NaN,NaN,NaN,NaN,NaN
1631149200,4.66,4.69,4.46,4.51,1459900,NaN,NaN,NaN,NaN,NaN,NaN,NaN
1631235600,4.51,4.65,4.51,4.57,593100,NaN,NaN,NaN,NaN,NaN,NaN,NaN
1631494800,4.51,4.65,4.51,4.57,0,NaN,NaN,NaN,NaN,NaN,NaN,NaN
1631581200,4.72,4.8,4.55,4.59,1660600,NaN,NaN,NaN,NaN,NaN,NaN,NaN
1631667600,4.65,4.68,4.62,4.64,405500,NaN,NaN,NaN,NaN,NaN,NaN,NaN
1631840400,4.64,4.72,4.63,4.67,869200,NaN,NaN,NaN,NaN,NaN,NaN,NaN
1632099600,4.7,4.7,4.57,4.58,444600,NaN,NaN,NaN,NaN,NaN,NaN,NaN
1632186000,4.56,4.62,4.51,4.53,508600,NaN,NaN,NaN,NaN,NaN,NaN,NaN
1632272400,4.53,4.67,4.53,4.65,831400,NaN,NaN,NaN,NaN,NaN,NaN,NaN
1632358800,4.66,4.67,4.61,4.61,438000,NaN,NaN,NaN,NaN,NaN,NaN,NaN
1632445200,4.62,4.65,4.51,4.52,741500,NaN,NaN,NaN,NaN,NaN,NaN,NaN
1632704400,4.6,4.6,4.48,4.54,583800,NaN,NaN,NaN,NaN,NaN,NaN,NaN
1632790800,4.55,4.64,4.55,4.62,301200,NaN,NaN,NaN,NaN,NaN,NaN,NaN
1632877200,4.6,4.64,4.51,4.57,721700,NaN,NaN,NaN,NaN,NaN,NaN,NaN
1632963600,4.63,4.63,4.56,4.57,494800,NaN,NaN,NaN,NaN,NaN,NaN,NaN
1633050000,4.58,4.6,4.5,4.55,1093100,NaN,NaN,NaN,NaN,NaN,NaN,NaN
1633309200,4.55,4.57,4.5,4.55,240900,NaN,NaN,NaN,NaN,NaN,NaN,NaN
1633395600,4.51,4.55,4.51,4.53,201600,NaN,NaN,NaN,NaN,NaN,NaN,NaN
1633482000,4.53,4.55,4.52,4.55,160700,NaN,NaN,NaN,NaN,NaN,NaN,NaN
1633568400,4.56,4.56,4.5,4.5,999200,NaN,NaN,NaN,NaN,NaN,NaN,NaN
1633654800,4.51,4.54,4.5,4.5,692200,NaN,NaN,NaN,NaN,NaN,NaN,NaN
1633914000,4.51,4.59,4.51,4.59,272200,NaN,NaN,NaN,NaN,NaN,NaN,NaN
1634000400,4.6,4.6,4.54,4.54,386400,NaN,NaN,NaN,NaN,NaN,NaN,NaN
1634086800,4.54,4.55,4.5,4.55,375000,NaN,NaN,NaN,NaN,NaN,NaN,NaN
1634173200,4.55,4.55,4.5,4.52,374200,NaN,NaN,NaN,NaN,NaN,NaN,NaN
1634259600,4.52,4.55,4.52,4.54,450700,NaN,NaN,NaN,NaN,NaN,NaN,NaN
1634518800,4.54,4.61,4.52,4.61,764700,NaN,NaN,NaN,NaN,NaN,NaN,NaN
1634691600,4.6,4.7,4.57,4.64,617800,NaN,NaN,NaN,NaN,NaN,NaN,NaN
1634778000,4.65,4.7,4.55,4.7,1518200,NaN,NaN,NaN,NaN,NaN,NaN,NaN
1634864400,4.68,4.68,4.59,4.63,537900,NaN,NaN,NaN,NaN,NaN,NaN,NaN
1635123600,4.63,4.63,4.56,4.57,357600,NaN,NaN,NaN,NaN,NaN,NaN,NaN
1635210000,4.64,4.64,4.56,4.6,366500,NaN,NaN,NaN,NaN,NaN,NaN,NaN
1635296400,4.6,4.6,4.55,4.58,244600,NaN,NaN,NaN,NaN,NaN,NaN,NaN
1635382800,4.59,4.68,4.59,4.62,590700,NaN,NaN,NaN,NaN,NaN,NaN,NaN
1635469200,4.64,4.67,4.6,4.66,364700,1550656029,5161785000,2049609000,133217000.00000001,928172000,2934065000,1.931330472103
1635728400,4.57,4.64,4.57,4.59,465100,NaN,NaN,NaN,NaN,NaN,NaN,NaN
1635814800,4.59,4.72,4.57,4.6,1748500,NaN,NaN,NaN,NaN,NaN,NaN,NaN
1635901200,4.62,4.64,4.58,4.64,154900,NaN,NaN,NaN,NaN,NaN,NaN,NaN
1636074000,4.61,4.62,4.58,4.58,427800,NaN,NaN,NaN,NaN,NaN,NaN,NaN
1636333200,4.59,4.61,4.58,4.6,250400,NaN,NaN,NaN,NaN,NaN,NaN,NaN
1636419600,4.58,4.61,4.58,4.59,272000,NaN,NaN,NaN,NaN,NaN,NaN,NaN
1636506000,4.6,4.61,4.59,4.6,290500,NaN,NaN,NaN,NaN,NaN,NaN,NaN
1636592400,4.6,4.61,4.59,4.6,290600,NaN,NaN,NaN,NaN,NaN,NaN,NaN
1636678800,4.6,4.68,4.6,4.68,305700,NaN,NaN,NaN,NaN,NaN,NaN,NaN
1636938000,4.68,4.69,4.63,4.64,127300,NaN,NaN,NaN,NaN,NaN,NaN,NaN
1637024400,4.64,4.66,4.6,4.66,293800,NaN,NaN,NaN,NaN,NaN,NaN,NaN
1637110800,4.66,4.66,4.57,4.58,673800,NaN,NaN,NaN,NaN,NaN,NaN,NaN
1637197200,4.58,4.6,4.57,4.57,327200,NaN,NaN,NaN,NaN,NaN,NaN,NaN
1637283600,4.57,4.61,4.55,4.6,398100,NaN,NaN,NaN,NaN,NaN,NaN,NaN
1637542800,4.6,4.67,4.57,4.64,336400,NaN,NaN,NaN,NaN,NaN,NaN,NaN
1637629200,4.6,4.65,4.59,4.6,257200,NaN,NaN,NaN,NaN,NaN,NaN,NaN
1637715600,4.59,4.64,4.59,4.61,280800,NaN,NaN,NaN,NaN,NaN,NaN,NaN
1637802000,4.59,4.62,4.59,4.61,114800,NaN,NaN,NaN,NaN,NaN,NaN,NaN
1637888400,4.59,4.59,4.56,4.56,440300,NaN,NaN,NaN,NaN,NaN,NaN,NaN
1638147600,4.55,4.56,4.48,4.52,554800,NaN,NaN,NaN,NaN,NaN,NaN,NaN
1638234000,4.52,4.59,4.5,4.5,1243900,NaN,NaN,NaN,NaN,NaN,NaN,NaN
1638320400,4.52,4.55,4.5,4.52,383100,NaN,NaN,NaN,NaN,NaN,NaN,NaN
1638406800,4.52,4.55,4.5,4.52,282900,NaN,NaN,NaN,NaN,NaN,NaN,NaN
1638752400,4.52,4.55,4.51,4.52,311400,NaN,NaN,NaN,NaN,NaN,NaN,NaN
1638838800,4.5,4.6,4.5,4.55,413100,NaN,NaN,NaN,NaN,NaN,NaN,NaN
1638925200,4.55,4.62,4.55,4.58,268700,NaN,NaN,NaN,NaN,NaN,NaN,NaN
1639011600,4.62,4.71,4.6,4.7,936200,NaN,NaN,NaN,NaN,NaN,NaN,NaN
1639098000,4.71,4.72,4.66,4.7,509700,NaN,NaN,NaN,NaN,NaN,NaN,NaN
1639357200,4.7,4.73,4.66,4.72,492900,NaN,NaN,NaN,NaN,NaN,NaN,NaN
1639443600,4.72,4.73,4.62,4.68,908600,NaN,NaN,NaN,NaN,NaN,NaN,NaN
1639530000,4.68,4.7,4.62,4.62,2497400,NaN,NaN,NaN,NaN,NaN,NaN,NaN
1639616400,4.62,4.74,4.62,4.73,493600,NaN,NaN,NaN,NaN,NaN,NaN,NaN
1639702800,4.66,4.82,4.66,4.81,412000,NaN,NaN,NaN,NaN,NaN,NaN,NaN
1639962000,4.82,4.82,4.72,4.72,218500,NaN,NaN,NaN,NaN,NaN,NaN,NaN
1640048400,4.75,4.78,4.71,4.76,125600,NaN,NaN,NaN,NaN,NaN,NaN,NaN
1640134800,4.79,4.79,4.66,4.67,386600,NaN,NaN,NaN,NaN,NaN,NaN,NaN
1640221200,4.66,4.75,4.66,4.69,276000,NaN,NaN,NaN,NaN,NaN,NaN,NaN
1640307600,4.72,4.75,4.7,4.7,235700,NaN,NaN,NaN,NaN,NaN,NaN,NaN
1640566800,4.69,4.74,4.69,4.72,379400,NaN,NaN,NaN,NaN,NaN,NaN,NaN
1640653200,4.72,4.75,4.7,4.71,442600,NaN,NaN,NaN,NaN,NaN,NaN,NaN
1640739600,4.69,4.8,4.68,4.76,415900,NaN,NaN,NaN,NaN,NaN,NaN,NaN
1640826000,4.76,4.84,4.76,4.83,350500,NaN,NaN,NaN,NaN,NaN,NaN,NaN
1640912400,4.83,4.84,4.78,4.79,375100,NaN,NaN,NaN,NaN,NaN,NaN,NaN
1641171600,4.79,4.97,4.75,4.91,1299500,NaN,NaN,NaN,NaN,NaN,NaN,NaN
1641258000,4.9,4.95,4.87,4.95,986400,NaN,NaN,NaN,NaN,NaN,NaN,NaN
1641344400,4.95,5,4.85,4.89,424700,NaN,NaN,NaN,NaN,NaN,NaN,NaN
1641430800,4.89,4.89,4.79,4.82,322500,NaN,NaN,NaN,NaN,NaN,NaN,NaN
1641517200,4.82,4.91,4.8,4.85,353500,NaN,NaN,NaN,NaN,NaN,NaN,NaN
1641776400,4.92,4.92,4.82,4.82,416200,NaN,NaN,NaN,NaN,NaN,NaN,NaN
1641862800,4.82,4.88,4.82,4.85,110500,NaN,NaN,NaN,NaN,NaN,NaN,NaN
1641949200,4.82,4.89,4.8,4.89,521400,NaN,NaN,NaN,NaN,NaN,NaN,NaN
1642035600,4.89,4.89,4.82,4.86,135700,NaN,NaN,NaN,NaN,NaN,NaN,NaN
1642122000,4.86,4.86,4.65,4.7,942900,NaN,NaN,NaN,NaN,NaN,NaN,NaN
1642381200,4.7,4.73,4.6,4.62,980600,NaN,NaN,NaN,NaN,NaN,NaN,NaN
1642554000,4.61,4.68,4.58,4.67,2170600,NaN,NaN,NaN,NaN,NaN,NaN,NaN
1642640400,4.68,4.7,4.58,4.6,514100,NaN,NaN,NaN,NaN,NaN,NaN,NaN
1642726800,4.58,4.6,4.56,4.57,403300,NaN,NaN,NaN,NaN,NaN,NaN,NaN
1642986000,4.57,4.6,4.55,4.58,284100,NaN,NaN,NaN,NaN,NaN,NaN,NaN
1643072400,4.6,4.6,4.49,4.51,748500,NaN,NaN,NaN,NaN,NaN,NaN,NaN
1643158800,4.52,4.58,4.51,4.54,428700,NaN,NaN,NaN,NaN,NaN,NaN,NaN
1643245200,4.53,4.56,4.52,4.55,209800,NaN,NaN,NaN,NaN,NaN,NaN,NaN
1643331600,4.6,4.6,4.54,4.58,353800,NaN,NaN,NaN,NaN,NaN,NaN,NaN
1643590800,4.58,4.6,4.56,4.59,102800,1550999767,5367791000,2247330000,125865000,952007000,2948150000,1.96078431372549
1643850000,4.59,4.65,4.59,4.63,211500,NaN,NaN,NaN,NaN,NaN,NaN,NaN
1643936400,4.65,4.66,4.58,4.6,602700,NaN,NaN,NaN,NaN,NaN,NaN,NaN
1644195600,4.58,4.63,4.44,4.49,2348600,NaN,NaN,NaN,NaN,NaN,NaN,NaN
1644282000,4.49,4.53,4.46,4.51,769100,NaN,NaN,NaN,NaN,NaN,NaN,NaN
1644368400,4.51,4.56,4.49,4.52,629000,NaN,NaN,NaN,NaN,NaN,NaN,NaN
1644454800,4.52,4.57,4.5,4.56,978600,NaN,NaN,NaN,NaN,NaN,NaN,NaN
1644541200,4.56,4.65,4.55,4.6,721400,NaN,NaN,NaN,NaN,NaN,NaN,NaN
1644800400,4.57,4.65,4.57,4.64,308000,NaN,NaN,NaN,NaN,NaN,NaN,NaN
1644886800,4.6,4.65,4.54,4.55,755600,NaN,NaN,NaN,NaN,NaN,NaN,NaN
1644973200,4.55,4.6,4.54,4.6,471500,NaN,NaN,NaN,NaN,NaN,NaN,NaN
1645059600,4.57,4.58,4.56,4.57,152800,NaN,NaN,NaN,NaN,NaN,NaN,NaN
1645146000,4.55,4.6,4.54,4.6,373000,NaN,NaN,NaN,NaN,NaN,NaN,NaN
1645405200,4.55,4.58,4.54,4.57,214400,NaN,NaN,NaN,NaN,NaN,NaN,NaN
1645491600,4.57,4.57,4.4,4.42,1115900,NaN,NaN,NaN,NaN,NaN,NaN,NaN
1645578000,4.42,4.49,4.42,4.43,247100,NaN,NaN,NaN,NaN,NaN,NaN,NaN
1645664400,4.45,4.45,4.29,4.36,824600,NaN,NaN,NaN,NaN,NaN,NaN,NaN
1645750800,4.37,4.45,4.35,4.4,283600,NaN,NaN,NaN,NaN,NaN,NaN,NaN
1646010000,4.4,4.43,4.32,4.43,341700,NaN,NaN,NaN,NaN,NaN,NaN,NaN
1646096400,4.43,4.43,4.29,4.29,745200,NaN,NaN,NaN,NaN,NaN,NaN,NaN
1646182800,4.29,4.3,4.28,4.28,420400,NaN,NaN,NaN,NaN,NaN,NaN,NaN
1646269200,4.29,4.31,4.22,4.23,907500,NaN,NaN,NaN,NaN,NaN,NaN,NaN
1646355600,4.23,4.24,4.05,4.1,1640700,NaN,NaN,NaN,NaN,NaN,NaN,NaN
1646614800,4.1,4.1,4.01,4.05,1363100,NaN,NaN,NaN,NaN,NaN,NaN,NaN
1646701200,4,4.05,3.95,4,1243200,NaN,NaN,NaN,NaN,NaN,NaN,NaN
1646787600,3.99,4.12,3.97,4.08,1207300,NaN,NaN,NaN,NaN,NaN,NaN,NaN
1646874000,4.12,4.15,4.05,4.07,748700,NaN,NaN,NaN,NaN,NaN,NaN,NaN
1646960400,4.07,4.08,4,4,1325200,NaN,NaN,NaN,NaN,NaN,NaN,NaN
1647219600,4.05,4.07,4.03,4.04,448900,NaN,NaN,NaN,NaN,NaN,NaN,NaN
1647306000,4.04,4.04,3.96,3.98,1033400,NaN,NaN,NaN,NaN,NaN,NaN,NaN
1647392400,3.99,4.01,3.93,3.93,1806400,NaN,NaN,NaN,NaN,NaN,NaN,NaN
1647478800,3.95,4.03,3.94,4,4712800,NaN,NaN,NaN,NaN,NaN,NaN,NaN
1647565200,4.05,4.09,3.94,4.09,1282700,NaN,NaN,NaN,NaN,NaN,NaN,NaN
1647824400,4.09,4.15,4.05,4.14,893900,NaN,NaN,NaN,NaN,NaN,NaN,NaN
1647910800,4.14,4.14,4.05,4.1,512600,NaN,NaN,NaN,NaN,NaN,NaN,NaN
1647997200,4.1,4.1,4.01,4.07,1094200,NaN,NaN,NaN,NaN,NaN,NaN,NaN
1648083600,4.07,4.08,4.05,4.08,119900,NaN,NaN,NaN,NaN,NaN,NaN,NaN
1648170000,4.1,4.12,4.05,4.05,609500,NaN,NaN,NaN,NaN,NaN,NaN,NaN
1648429200,4.08,4.15,4.07,4.15,803100,NaN,NaN,NaN,NaN,NaN,NaN,NaN
1648515600,4.15,4.15,4.11,4.14,319100,NaN,NaN,NaN,NaN,NaN,NaN,NaN
1648602000,4.15,4.15,4.07,4.07,849700,NaN,NaN,NaN,NaN,NaN,NaN,NaN
1648688400,4.07,4.09,4.06,4.06,731800,NaN,NaN,NaN,NaN,NaN,NaN,NaN
1648774800,4.09,4.1,4.03,4.08,545600,NaN,NaN,NaN,NaN,NaN,NaN,NaN
1649034000,4.12,4.12,4.08,4.1,112800,NaN,NaN,NaN,NaN,NaN,NaN,NaN
1649120400,4.1,4.18,4.1,4.14,656400,NaN,NaN,NaN,NaN,NaN,NaN,NaN
1649206800,4.12,4.12,4.09,4.09,560000,NaN,NaN,NaN,NaN,NaN,NaN,NaN
1649293200,4.12,4.12,4.07,4.07,204400,NaN,NaN,NaN,NaN,NaN,NaN,NaN
1649379600,4.1,4.11,4.08,4.11,202700,NaN,NaN,NaN,NaN,NaN,NaN,NaN
1649638800,4.1,4.11,4.04,4.05,569300,NaN,NaN,NaN,NaN,NaN,NaN,NaN
1649725200,4.07,4.07,4,4.02,802800,NaN,NaN,NaN,NaN,NaN,NaN,NaN
1649811600,4.02,4.02,3.98,4.02,1016700,NaN,NaN,NaN,NaN,NaN,NaN,NaN
1649898000,4.01,4.08,3.98,4.02,1599100,NaN,NaN,NaN,NaN,NaN,NaN,NaN
1649984400,4.03,4.04,3.99,4,581600,NaN,NaN,NaN,NaN,NaN,NaN,NaN
1650243600,4,4.02,3.97,3.97,722000,NaN,NaN,NaN,NaN,NaN,NaN,NaN
1650416400,3.97,4,3.95,3.95,713300,NaN,NaN,NaN,NaN,NaN,NaN,NaN
1650502800,3.99,3.99,3.94,3.94,539400,NaN,NaN,NaN,NaN,NaN,NaN,NaN
1650589200,3.94,3.95,3.83,3.86,2535800,NaN,NaN,NaN,NaN,NaN,NaN,NaN
1650848400,3.84,3.86,3.78,3.78,1708100,NaN,NaN,NaN,NaN,NaN,NaN,NaN
1650934800,3.78,3.82,3.74,3.79,1653900,NaN,NaN,NaN,NaN,NaN,NaN,NaN
1651021200,3.79,3.84,3.76,3.77,431300,NaN,NaN,NaN,NaN,NaN,NaN,NaN
1651107600,3.77,3.81,3.77,3.8,1886800,NaN,NaN,NaN,NaN,NaN,NaN,NaN
1651194000,3.84,3.84,3.79,3.81,221000,1550999767,5436283000,2214627000,123302000,993844000,3042818000,2.36220472440945
1651712400,3.81,3.84,3.8,3.81,464800,NaN,NaN,NaN,NaN,NaN,NaN,NaN
1651798800,3.8,3.81,3.78,3.79,485700,NaN,NaN,NaN,NaN,NaN,NaN,NaN
1652058000,3.79,3.79,3.75,3.77,691400,NaN,NaN,NaN,NaN,NaN,NaN,NaN
1652144400,3.78,3.79,3.71,3.77,979600,NaN,NaN,NaN,NaN,NaN,NaN,NaN
1652230800,3.75,3.77,3.7,3.72,535100,NaN,NaN,NaN,NaN,NaN,NaN,NaN
1652317200,3.71,3.72,3.65,3.7,684600,NaN,NaN,NaN,NaN,NaN,NaN,NaN
1652403600,3.68,3.69,3.63,3.65,606200,NaN,NaN,NaN,NaN,NaN,NaN,NaN
1652749200,3.65,3.69,3.6,3.6,630200,NaN,NaN,NaN,NaN,NaN,NaN,NaN
1652835600,3.6,3.62,3.56,3.59,611500,NaN,NaN,NaN,NaN,NaN,NaN,NaN
1652922000,3.6,3.6,3.51,3.52,541400,NaN,NaN,NaN,NaN,NaN,NaN,NaN
1653008400,3.52,3.57,3.47,3.5,1028600,NaN,NaN,NaN,NaN,NaN,NaN,NaN
1653267600,3.5,3.55,3.42,3.55,742100,NaN,NaN,NaN,NaN,NaN,NaN,NaN
1653354000,3.55,3.55,3.47,3.5,322300,NaN,NaN,NaN,NaN,NaN,NaN,NaN
1653440400,3.5,3.5,3.42,3.42,530000,NaN,NaN,NaN,NaN,NaN,NaN,NaN
1653526800,3.42,3.5,3.37,3.5,586800,NaN,NaN,NaN,NaN,NaN,NaN,NaN
1653613200,3.5,3.55,3.47,3.52,230600,NaN,NaN,NaN,NaN,NaN,NaN,NaN
1653872400,3.56,3.56,3.5,3.53,145900,NaN,NaN,NaN,NaN,NaN,NaN,NaN
1653958800,3.56,3.62,3.52,3.62,1447500,NaN,NaN,NaN,NaN,NaN,NaN,NaN
1654045200,3.63,3.74,3.63,3.74,658600,NaN,NaN,NaN,NaN,NaN,NaN,NaN
1654131600,3.74,3.79,3.71,3.77,484000,NaN,NaN,NaN,NaN,NaN,NaN,NaN
1654218000,3.77,3.8,3.7,3.76,634200,NaN,NaN,NaN,NaN,NaN,NaN,NaN
1654563600,3.78,3.8,3.63,3.63,707500,NaN,NaN,NaN,NaN,NaN,NaN,NaN
1654650000,3.63,3.64,3.54,3.6,565100,NaN,NaN,NaN,NaN,NaN,NaN,NaN
1654736400,3.65,3.65,3.58,3.63,271700,NaN,NaN,NaN,NaN,NaN,NaN,NaN
1654822800,3.58,3.6,3.57,3.59,440400,NaN,NaN,NaN,NaN,NaN,NaN,NaN
1655082000,3.59,3.59,3.46,3.47,840900,NaN,NaN,NaN,NaN,NaN,NaN,NaN
1655168400,3.47,3.58,3.42,3.55,1277100,NaN,NaN,NaN,NaN,NaN,NaN,NaN
1655254800,3.55,3.58,3.52,3.58,514800,NaN,NaN,NaN,NaN,NaN,NaN,NaN
1655341200,3.58,3.58,3.5,3.5,480000,NaN,NaN,NaN,NaN,NaN,NaN,NaN
1655427600,3.5,3.59,3.45,3.59,797100,NaN,NaN,NaN,NaN,NaN,NaN,NaN
1655686800,3.58,3.58,3.45,3.47,738800,NaN,NaN,NaN,NaN,NaN,NaN,NaN
1655773200,3.49,3.51,3.44,3.49,860300,NaN,NaN,NaN,NaN,NaN,NaN,NaN
1655859600,3.5,3.52,3.47,3.5,1116600,NaN,NaN,NaN,NaN,NaN,NaN,NaN
1655946000,3.5,3.5,3.45,3.46,771800,NaN,NaN,NaN,NaN,NaN,NaN,NaN
1656032400,3.48,3.5,3.42,3.47,755800,NaN,NaN,NaN,NaN,NaN,NaN,NaN
1656291600,3.5,3.5,3.47,3.48,396400,NaN,NaN,NaN,NaN,NaN,NaN,NaN
1656378000,3.48,3.48,3.45,3.48,1193300,NaN,NaN,NaN,NaN,NaN,NaN,NaN
1656464400,3.47,3.5,3.42,3.43,1019800,NaN,NaN,NaN,NaN,NaN,NaN,NaN
1656550800,3.43,3.47,3.43,3.46,1152000,NaN,NaN,NaN,NaN,NaN,NaN,NaN
1656637200,3.46,3.56,3.46,3.56,983300,NaN,NaN,NaN,NaN,NaN,NaN,NaN
1656896400,3.54,3.54,3.51,3.52,576500,NaN,NaN,NaN,NaN,NaN,NaN,NaN
1656982800,3.52,3.55,3.51,3.53,595900,NaN,NaN,NaN,NaN,NaN,NaN,NaN
1657069200,3.54,3.54,3.48,3.5,756600,NaN,NaN,NaN,NaN,NaN,NaN,NaN
1657155600,3.5,3.5,3.42,3.43,272300,NaN,NaN,NaN,NaN,NaN,NaN,NaN
1657242000,3.44,3.45,3.42,3.43,409400,NaN,NaN,NaN,NaN,NaN,NaN,NaN
1657587600,3.43,3.44,3.4,3.4,627700,NaN,NaN,NaN,NaN,NaN,NaN,NaN
1657674000,3.4,3.4,3.31,3.31,1107100,NaN,NaN,NaN,NaN,NaN,NaN,NaN
1657760400,3.31,3.31,3.2,3.22,1292200,NaN,NaN,NaN,NaN,NaN,NaN,NaN
1657846800,3.2,3.21,3.15,3.19,1708000,NaN,NaN,NaN,NaN,NaN,NaN,NaN
1658106000,3.19,3.26,3.16,3.19,1099900,NaN,NaN,NaN,NaN,NaN,NaN,NaN
1658192400,3.19,3.19,3.02,3.13,3674400,NaN,NaN,NaN,NaN,NaN,NaN,NaN
1658278800,3.15,3.35,3.15,3.26,1288700,NaN,NaN,NaN,NaN,NaN,NaN,NaN
1658365200,3.29,3.29,3.27,3.28,725100,NaN,NaN,NaN,NaN,NaN,NaN,NaN
1658451600,3.28,3.4,3.27,3.33,711700,NaN,NaN,NaN,NaN,NaN,NaN,NaN
1658710800,3.33,3.37,3.33,3.35,371700,NaN,NaN,NaN,NaN,NaN,NaN,NaN
1658797200,3.36,3.37,3.29,3.3,701900,NaN,NaN,NaN,NaN,NaN,NaN,NaN
1658883600,3.3,3.3,3.22,3.26,797500,NaN,NaN,NaN,NaN,NaN,NaN,NaN
1658970000,3.28,3.43,3.27,3.4,1467000,NaN,NaN,NaN,NaN,NaN,NaN,NaN
1659056400,3.4,3.45,3.39,3.43,856200,1550999767,5474555000,2166897000,178658000,1111295000,3109596000,2.62390670553936
1659315600,3.42,3.42,3.32,3.39,525100,NaN,NaN,NaN,NaN,NaN,NaN,NaN
1659402000,3.39,3.39,3.32,3.37,772500,NaN,NaN,NaN,NaN,NaN,NaN,NaN
1659488400,3.36,3.38,3.3,3.38,261300,NaN,NaN,NaN,NaN,NaN,NaN,NaN
1659574800,3.35,3.43,3.35,3.39,468600,NaN,NaN,NaN,NaN,NaN,NaN,NaN
1659661200,3.39,3.43,3.38,3.41,533200,NaN,NaN,NaN,NaN,NaN,NaN,NaN
1659920400,3.41,3.42,3.39,3.42,210000,NaN,NaN,NaN,NaN,NaN,NaN,NaN
1660006800,3.42,3.44,3.41,3.42,774600,NaN,NaN,NaN,NaN,NaN,NaN,NaN
1660093200,3.4,3.42,3.33,3.33,471100,NaN,NaN,NaN,NaN,NaN,NaN,NaN
1660179600,3.4,3.42,3.37,3.4,733300,NaN,NaN,NaN,NaN,NaN,NaN,NaN
1660266000,3.4,3.42,3.38,3.42,256300,NaN,NaN,NaN,NaN,NaN,NaN,NaN
1660525200,3.42,3.5,3.4,3.45,519400,NaN,NaN,NaN,NaN,NaN,NaN,NaN
1660611600,3.46,3.6,3.46,3.58,863400,NaN,NaN,NaN,NaN,NaN,NaN,NaN
1660698000,3.58,3.66,3.58,3.61,1084400,NaN,NaN,NaN,NaN,NaN,NaN,NaN
1660784400,3.61,3.61,3.44,3.47,854200,NaN,NaN,NaN,NaN,NaN,NaN,NaN
1660870800,3.5,3.53,3.46,3.47,289800,NaN,NaN,NaN,NaN,NaN,NaN,NaN
1661130000,3.47,3.54,3.47,3.52,281300,NaN,NaN,NaN,NaN,NaN,NaN,NaN
1661216400,3.49,3.51,3.46,3.47,248000,NaN,NaN,NaN,NaN,NaN,NaN,NaN
1661302800,3.46,3.5,3.46,3.48,128800,NaN,NaN,NaN,NaN,NaN,NaN,NaN
1661389200,3.48,3.53,3.48,3.5,89800,NaN,NaN,NaN,NaN,NaN,NaN,NaN
1661475600,3.54,3.62,3.54,3.61,533200,NaN,NaN,NaN,NaN,NaN,NaN,NaN
1661734800,3.53,3.61,3.51,3.54,229000,NaN,NaN,NaN,NaN,NaN,NaN,NaN
1661821200,3.54,3.58,3.5,3.53,412600,NaN,NaN,NaN,NaN,NaN,NaN,NaN
1661994000,3.53,3.53,3.5,3.5,180400,NaN,NaN,NaN,NaN,NaN,NaN,NaN
1662080400,3.51,3.54,3.5,3.52,134800,NaN,NaN,NaN,NaN,NaN,NaN,NaN
1662339600,3.52,3.52,3.48,3.5,275300,NaN,NaN,NaN,NaN,NaN,NaN,NaN
1662426000,3.5,3.59,3.5,3.59,230000,NaN,NaN,NaN,NaN,NaN,NaN,NaN
1662512400,3.55,3.6,3.55,3.58,86500,NaN,NaN,NaN,NaN,NaN,NaN,NaN
1662598800,3.61,3.69,3.61,3.66,532700,NaN,NaN,NaN,NaN,NaN,NaN,NaN
1662685200,3.7,3.75,3.67,3.7,534500,NaN,NaN,NaN,NaN,NaN,NaN,NaN
1662944400,3.7,3.72,3.7,3.7,195500,NaN,NaN,NaN,NaN,NaN,NaN,NaN
1663030800,3.7,3.74,3.65,3.66,297600,NaN,NaN,NaN,NaN,NaN,NaN,NaN
1663117200,3.63,3.63,3.53,3.61,399800,NaN,NaN,NaN,NaN,NaN,NaN,NaN
1663203600,3.62,3.75,3.61,3.75,1183700,NaN,NaN,NaN,NaN,NaN,NaN,NaN
1663549200,3.74,3.74,3.67,3.69,206200,NaN,NaN,NaN,NaN,NaN,NaN,NaN
1663635600,3.74,3.74,3.68,3.69,74000,NaN,NaN,NaN,NaN,NaN,NaN,NaN
1663722000,3.68,3.69,3.61,3.63,387600,NaN,NaN,NaN,NaN,NaN,NaN,NaN
1663808400,3.6,3.68,3.59,3.64,121000,NaN,NaN,NaN,NaN,NaN,NaN,NaN
1663894800,3.65,3.66,3.6,3.6,289000,NaN,NaN,NaN,NaN,NaN,NaN,NaN
1664154000,3.58,3.58,3.52,3.53,387800,NaN,NaN,NaN,NaN,NaN,NaN,NaN
1664240400,3.54,3.58,3.54,3.55,236000,NaN,NaN,NaN,NaN,NaN,NaN,NaN
1664326800,3.55,3.55,3.43,3.46,494900,NaN,NaN,NaN,NaN,NaN,NaN,NaN
1664413200,3.48,3.57,3.39,3.47,1060500,NaN,NaN,NaN,NaN,NaN,NaN,NaN
1664499600,3.46,3.47,3.35,3.47,637300,NaN,NaN,NaN,NaN,NaN,NaN,NaN
1664758800,3.46,3.49,3.43,3.49,123300,NaN,NaN,NaN,NaN,NaN,NaN,NaN
1664845200,3.49,3.54,3.48,3.54,70200,NaN,NaN,NaN,NaN,NaN,NaN,NaN
1664931600,3.54,3.62,3.52,3.6,339500,NaN,NaN,NaN,NaN,NaN,NaN,NaN
1665018000,3.6,3.6,3.53,3.55,86700,NaN,NaN,NaN,NaN,NaN,NaN,NaN
1665104400,3.55,3.55,3.5,3.55,45900,NaN,NaN,NaN,NaN,NaN,NaN,NaN
1665450000,3.51,3.51,3.38,3.4,508900,NaN,NaN,NaN,NaN,NaN,NaN,NaN
1665536400,3.45,3.45,3.38,3.38,381900,NaN,NaN,NaN,NaN,NaN,NaN,NaN
1665622800,3.39,3.39,3.28,3.32,426700,NaN,NaN,NaN,NaN,NaN,NaN,NaN
1665709200,3.32,3.36,3.3,3.32,388500,NaN,NaN,NaN,NaN,NaN,NaN,NaN
1665968400,3.32,3.32,3.26,3.31,358200,NaN,NaN,NaN,NaN,NaN,NaN,NaN
1666054800,3.29,3.33,3.29,3.33,770700,NaN,NaN,NaN,NaN,NaN,NaN,NaN
1666141200,3.33,3.35,3.3,3.33,121000,NaN,NaN,NaN,NaN,NaN,NaN,NaN
1666227600,3.3,3.33,3.18,3.18,2875000,NaN,NaN,NaN,NaN,NaN,NaN,NaN
1666314000,3.19,3.23,3.19,3.22,601400,NaN,NaN,NaN,NaN,NaN,NaN,NaN
1666659600,3.23,3.23,3.17,3.17,870200,NaN,NaN,NaN,NaN,NaN,NaN,NaN
1666746000,3.18,3.26,3.18,3.24,456500,NaN,NaN,NaN,NaN,NaN,NaN,NaN
1666832400,3.24,3.3,3.24,3.29,267600,NaN,NaN,NaN,NaN,NaN,NaN,NaN
1666918800,3.29,3.29,3.27,3.28,65000,NaN,NaN,NaN,NaN,NaN,NaN,NaN
1667178000,3.28,3.29,3.26,3.26,106300,1550999767,5422747000,1979080000,143386000,1029876000,3224479000,2.76073619631902
1667264400,3.28,3.28,3.23,3.28,419600,NaN,NaN,NaN,NaN,NaN,NaN,NaN
1667350800,3.28,3.28,3.25,3.28,195500,NaN,NaN,NaN,NaN,NaN,NaN,NaN
1667437200,3.26,3.28,3.22,3.24,280600,NaN,NaN,NaN,NaN,NaN,NaN,NaN
1667523600,3.24,3.28,3.23,3.27,129000,NaN,NaN,NaN,NaN,NaN,NaN,NaN
1667782800,3.25,3.28,3.17,3.27,483900,NaN,NaN,NaN,NaN,NaN,NaN,NaN
1667869200,3.26,3.27,3.22,3.22,156300,NaN,NaN,NaN,NaN,NaN,NaN,NaN
1667955600,3.22,3.26,3.21,3.26,267700,NaN,NaN,NaN,NaN,NaN,NaN,NaN
1668042000,3.26,3.3,3.23,3.29,255000,NaN,NaN,NaN,NaN,NaN,NaN,NaN
1668128400,3.3,3.35,3.28,3.3,679000,NaN,NaN,NaN,NaN,NaN,NaN,NaN
1668387600,3.3,3.32,3.26,3.26,643200,NaN,NaN,NaN,NaN,NaN,NaN,NaN
1668474000,3.27,3.28,3.26,3.28,150400,NaN,NaN,NaN,NaN,NaN,NaN,NaN
1668560400,3.28,3.34,3.28,3.29,251500,NaN,NaN,NaN,NaN,NaN,NaN,NaN
1668646800,3.29,3.3,3.26,3.28,282700,NaN,NaN,NaN,NaN,NaN,NaN,NaN
1668992400,3.28,3.28,3.25,3.28,251400,NaN,NaN,NaN,NaN,NaN,NaN,NaN
1669078800,3.28,3.29,3.23,3.25,199700,NaN,NaN,NaN,NaN,NaN,NaN,NaN
1669165200,3.25,3.25,3.21,3.23,122100,NaN,NaN,NaN,NaN,NaN,NaN,NaN
1669251600,3.23,3.32,3.23,3.3,482500,NaN,NaN,NaN,NaN,NaN,NaN,NaN
1669338000,3.33,3.34,3.29,3.32,326100,NaN,NaN,NaN,NaN,NaN,NaN,NaN
1669683600,3.3,3.33,3.27,3.3,318400,NaN,NaN,NaN,NaN,NaN,NaN,NaN
1669770000,3.29,3.38,3.29,3.36,836800,NaN,NaN,NaN,NaN,NaN,NaN,NaN
1669856400,3.36,3.46,3.36,3.38,596600,NaN,NaN,NaN,NaN,NaN,NaN,NaN
1669942800,3.38,3.41,3.37,3.4,349700,NaN,NaN,NaN,NaN,NaN,NaN,NaN
1670202000,3.4,3.4,3.36,3.36,282000,NaN,NaN,NaN,NaN,NaN,NaN,NaN
1670288400,3.36,3.38,3.36,3.36,334700,NaN,NaN,NaN,NaN,NaN,NaN,NaN
1670374800,3.36,3.38,3.35,3.36,814000,NaN,NaN,NaN,NaN,NaN,NaN,NaN
1670461200,3.36,3.41,3.36,3.4,453800,NaN,NaN,NaN,NaN,NaN,NaN,NaN
1670547600,3.41,3.43,3.41,3.41,339000,NaN,NaN,NaN,NaN,NaN,NaN,NaN
1670806800,3.42,3.46,3.4,3.42,536000,NaN,NaN,NaN,NaN,NaN,NaN,NaN
1670893200,3.42,3.43,3.36,3.38,1169100,NaN,NaN,NaN,NaN,NaN,NaN,NaN
1670979600,3.38,3.38,3.3,3.35,1438900,NaN,NaN,NaN,NaN,NaN,NaN,NaN
1671066000,3.35,3.35,3.29,3.3,1657500,NaN,NaN,NaN,NaN,NaN,NaN,NaN
1671152400,3.29,3.3,3.26,3.26,873700,NaN,NaN,NaN,NaN,NaN,NaN,NaN
1671411600,3.26,3.27,3.22,3.23,832800,NaN,NaN,NaN,NaN,NaN,NaN,NaN
1671498000,3.23,3.25,3.21,3.22,551500,NaN,NaN,NaN,NaN,NaN,NaN,NaN
1671584400,3.22,3.25,3.21,3.23,213800,NaN,NaN,NaN,NaN,NaN,NaN,NaN
1671670800,3.24,3.28,3.23,3.25,500700,NaN,NaN,NaN,NaN,NaN,NaN,NaN
1671757200,3.2,3.21,3.16,3.2,315200,NaN,NaN,NaN,NaN,NaN,NaN,NaN
1672102800,3.21,3.24,3.2,3.22,133400,NaN,NaN,NaN,NaN,NaN,NaN,NaN
1672189200,3.23,3.24,3.2,3.21,112900,NaN,NaN,NaN,NaN,NaN,NaN,NaN
1672275600,3.22,3.23,3.2,3.23,103700,NaN,NaN,NaN,NaN,NaN,NaN,NaN
1672362000,3.22,3.24,3.22,3.22,85700,NaN,NaN,NaN,NaN,NaN,NaN,NaN
1672707600,3.24,3.26,3.22,3.26,193000,NaN,NaN,NaN,NaN,NaN,NaN,NaN
1672794000,3.27,3.34,3.27,3.33,255900,NaN,NaN,NaN,NaN,NaN,NaN,NaN
1672880400,3.33,3.37,3.28,3.28,433500,NaN,NaN,NaN,NaN,NaN,NaN,NaN
1672966800,3.28,3.3,3.28,3.29,25400,NaN,NaN,NaN,NaN,NaN,NaN,NaN
1673226000,3.28,3.33,3.28,3.3,149700,NaN,NaN,NaN,NaN,NaN,NaN,NaN
1673312400,3.3,3.39,3.3,3.33,637200,NaN,NaN,NaN,NaN,NaN,NaN,NaN
1673398800,3.35,3.36,3.3,3.3,296000,NaN,NaN,NaN,NaN,NaN,NaN,NaN
1673485200,3.32,3.32,3.29,3.3,343000,NaN,NaN,NaN,NaN,NaN,NaN,NaN
1673571600,3.32,3.33,3.29,3.3,348300,NaN,NaN,NaN,NaN,NaN,NaN,NaN
1673830800,3.29,3.32,3.27,3.29,178600,NaN,NaN,NaN,NaN,NaN,NaN,NaN
1673917200,3.3,3.33,3.28,3.32,180300,NaN,NaN,NaN,NaN,NaN,NaN,NaN
1674003600,3.33,3.35,3.3,3.35,120000,NaN,NaN,NaN,NaN,NaN,NaN,NaN
1674090000,3.35,3.35,3.31,3.35,259700,NaN,NaN,NaN,NaN,NaN,NaN,NaN
1674176400,3.35,3.35,3.31,3.34,130400,NaN,NaN,NaN,NaN,NaN,NaN,NaN
1674608400,3.34,3.38,3.33,3.38,428300,NaN,NaN,NaN,NaN,NaN,NaN,NaN
1674694800,3.39,3.52,3.39,3.52,539300,NaN,NaN,NaN,NaN,NaN,NaN,NaN
1674781200,3.53,3.53,3.46,3.49,733900,NaN,NaN,NaN,NaN,NaN,NaN,NaN
1675040400,3.49,3.52,3.47,3.5,462700,NaN,NaN,NaN,NaN,NaN,NaN,NaN
1675126800,3.5,3.56,3.5,3.53,366200,1551063567,5357300000,1905707000,147456000,978392000,3233994000,2.8328611898017
1675299600,3.54,3.63,3.54,3.62,330800,NaN,NaN,NaN,NaN,NaN,NaN,NaN
1675386000,3.6,3.63,3.58,3.61,251800,NaN,NaN,NaN,NaN,NaN,NaN,NaN
1675731600,3.6,3.63,3.54,3.63,738400,NaN,NaN,NaN,NaN,NaN,NaN,NaN
1675818000,3.62,3.62,3.52,3.57,497100,NaN,NaN,NaN,NaN,NaN,NaN,NaN
1675904400,3.57,3.6,3.54,3.55,489500,NaN,NaN,NaN,NaN,NaN,NaN,NaN
1675990800,3.55,3.56,3.52,3.55,477300,NaN,NaN,NaN,NaN,NaN,NaN,NaN
1676250000,3.54,3.54,3.49,3.51,925500,NaN,NaN,NaN,NaN,NaN,NaN,NaN
1676336400,3.51,3.6,3.5,3.6,475100,NaN,NaN,NaN,NaN,NaN,NaN,NaN
1676422800,3.59,3.59,3.56,3.59,139100,NaN,NaN,NaN,NaN,NaN,NaN,NaN
1676509200,3.59,3.61,3.57,3.6,479000,NaN,NaN,NaN,NaN,NaN,NaN,NaN
1676595600,3.6,3.6,3.55,3.6,330700,NaN,NaN,NaN,NaN,NaN,NaN,NaN
1676854800,3.6,3.64,3.54,3.63,533600,NaN,NaN,NaN,NaN,NaN,NaN,NaN
1676941200,3.63,3.72,3.6,3.7,897700,NaN,NaN,NaN,NaN,NaN,NaN,NaN
1677027600,3.7,3.7,3.64,3.68,397000,NaN,NaN,NaN,NaN,NaN,NaN,NaN
1677114000,3.68,3.7,3.63,3.63,613300,NaN,NaN,NaN,NaN,NaN,NaN,NaN
1677200400,3.67,3.7,3.65,3.69,392100,NaN,NaN,NaN,NaN,NaN,NaN,NaN
1677459600,3.7,3.7,3.65,3.68,182100,NaN,NaN,NaN,NaN,NaN,NaN,NaN
1677546000,3.65,3.67,3.6,3.62,428500,NaN,NaN,NaN,NaN,NaN,NaN,NaN
1677632400,3.6,3.64,3.59,3.64,175900,NaN,NaN,NaN,NaN,NaN,NaN,NaN
1677718800,3.64,3.68,3.59,3.66,868500,NaN,NaN,NaN,NaN,NaN,NaN,NaN
1677805200,3.6,3.68,3.6,3.67,213200,NaN,NaN,NaN,NaN,NaN,NaN,NaN
1678064400,3.67,3.67,3.63,3.67,109300,NaN,NaN,NaN,NaN,NaN,NaN,NaN
1678150800,3.67,3.68,3.61,3.67,210300,NaN,NaN,NaN,NaN,NaN,NaN,NaN
1678237200,3.63,3.67,3.6,3.6,105300,NaN,NaN,NaN,NaN,NaN,NaN,NaN
1678323600,3.66,3.67,3.58,3.62,258100,NaN,NaN,NaN,NaN,NaN,NaN,NaN
1678410000,3.62,3.63,3.6,3.62,856500,NaN,NaN,NaN,NaN,NaN,NaN,NaN
1678669200,3.62,3.63,3.59,3.62,1113300,NaN,NaN,NaN,NaN,NaN,NaN,NaN
1678755600,3.6,3.61,3.56,3.61,605100,NaN,NaN,NaN,NaN,NaN,NaN,NaN
1678842000,3.6,3.61,3.5,3.51,237000,NaN,NaN,NaN,NaN,NaN,NaN,NaN
1678928400,3.5,3.5,3.33,3.37,852400,NaN,NaN,NaN,NaN,NaN,NaN,NaN
1679014800,3.37,3.48,3.36,3.36,861300,NaN,NaN,NaN,NaN,NaN,NaN,NaN
1679274000,3.37,3.42,3.36,3.37,749900,NaN,NaN,NaN,NaN,NaN,NaN,NaN
1679360400,3.38,3.47,3.38,3.42,846700,NaN,NaN,NaN,NaN,NaN,NaN,NaN
1679446800,3.43,3.48,3.42,3.46,576200,NaN,NaN,NaN,NaN,NaN,NaN,NaN
1679533200,3.43,3.47,3.37,3.43,1295700,NaN,NaN,NaN,NaN,NaN,NaN,NaN
1679619600,3.49,3.49,3.4,3.4,207800,NaN,NaN,NaN,NaN,NaN,NaN,NaN
1679878800,3.4,3.42,3.39,3.4,270400,NaN,NaN,NaN,NaN,NaN,NaN,NaN
1679965200,3.4,3.47,3.4,3.44,101600,NaN,NaN,NaN,NaN,NaN,NaN,NaN
1680051600,3.42,3.47,3.42,3.47,156400,NaN,NaN,NaN,NaN,NaN,NaN,NaN
1680138000,3.44,3.48,3.43,3.47,917600,NaN,NaN,NaN,NaN,NaN,NaN,NaN
1680224400,3.43,3.48,3.39,3.45,436500,NaN,NaN,NaN,NaN,NaN,NaN,NaN
1680483600,3.42,3.43,3.39,3.4,657300,NaN,NaN,NaN,NaN,NaN,NaN,NaN
1680570000,3.4,3.43,3.39,3.41,160000,NaN,NaN,NaN,NaN,NaN,NaN,NaN
1680656400,3.41,3.42,3.39,3.41,481300,NaN,NaN,NaN,NaN,NaN,NaN,NaN
1680742800,3.41,3.42,3.4,3.41,34600,NaN,NaN,NaN,NaN,NaN,NaN,NaN
1680829200,3.4,3.43,3.4,3.41,52300,NaN,NaN,NaN,NaN,NaN,NaN,NaN
1681088400,3.4,3.43,3.39,3.43,47900,NaN,NaN,NaN,NaN,NaN,NaN,NaN
1681174800,3.44,3.48,3.44,3.48,113800,NaN,NaN,NaN,NaN,NaN,NaN,NaN
1681261200,3.47,3.5,3.45,3.49,134600,NaN,NaN,NaN,NaN,NaN,NaN,NaN
1681347600,3.46,3.47,3.45,3.47,71000,NaN,NaN,NaN,NaN,NaN,NaN,NaN
1681434000,3.47,3.48,3.46,3.48,80600,NaN,NaN,NaN,NaN,NaN,NaN,NaN
1681693200,3.48,3.48,3.41,3.41,213100,NaN,NaN,NaN,NaN,NaN,NaN,NaN
1681779600,3.41,3.46,3.41,3.44,78900,NaN,NaN,NaN,NaN,NaN,NaN,NaN
1681866000,3.42,3.45,3.41,3.41,119300,NaN,NaN,NaN,NaN,NaN,NaN,NaN
1681952400,3.45,3.45,3.39,3.4,46100,NaN,NaN,NaN,NaN,NaN,NaN,NaN
1682384400,3.42,3.42,3.4,3.4,72100,NaN,NaN,NaN,NaN,NaN,NaN,NaN
1682470800,3.42,3.44,3.4,3.44,147700,NaN,NaN,NaN,NaN,NaN,NaN,NaN
1682557200,3.45,3.45,3.4,3.45,81100,NaN,NaN,NaN,NaN,NaN,NaN,NaN
1682643600,3.41,3.43,3.4,3.41,46900,1551063567,5274875000,1697487000,149814000,997113000,3353203000,2.93255131964809
1682989200,3.45,3.45,3.41,3.41,110800,NaN,NaN,NaN,NaN,NaN,NaN,NaN
1683075600,3.41,3.44,3.4,3.4,100700,NaN,NaN,NaN,NaN,NaN,NaN,NaN
1683248400,3.43,3.43,3.38,3.39,118600,NaN,NaN,NaN,NaN,NaN,NaN,NaN
1683507600,3.41,3.42,3.36,3.37,104600,NaN,NaN,NaN,NaN,NaN,NaN,NaN
1683594000,3.36,3.38,3.3,3.3,451500,NaN,NaN,NaN,NaN,NaN,NaN,NaN
1683680400,3.3,3.32,3.28,3.3,234900,NaN,NaN,NaN,NaN,NaN,NaN,NaN
1683766800,3.3,3.33,3.25,3.25,207600,NaN,NaN,NaN,NaN,NaN,NaN,NaN
1683853200,3.25,3.28,3.18,3.25,1264000,NaN,NaN,NaN,NaN,NaN,NaN,NaN
1684112400,3.3,3.32,3.25,3.32,121400,NaN,NaN,NaN,NaN,NaN,NaN,NaN
1684198800,3.32,3.35,3.27,3.33,152600,NaN,NaN,NaN,NaN,NaN,NaN,NaN
1684285200,3.33,3.41,3.3,3.4,302000,NaN,NaN,NaN,NaN,NaN,NaN,NaN
1684371600,3.4,3.42,3.39,3.41,191400,NaN,NaN,NaN,NaN,NaN,NaN,NaN
1684458000,3.41,3.41,3.38,3.41,176100,NaN,NaN,NaN,NaN,NaN,NaN,NaN
1684717200,3.34,3.37,3.32,3.35,93400,NaN,NaN,NaN,NaN,NaN,NaN,NaN
1684803600,3.35,3.35,3.33,3.35,63500,NaN,NaN,NaN,NaN,NaN,NaN,NaN
1684890000,3.37,3.37,3.35,3.36,118400,NaN,NaN,NaN,NaN,NaN,NaN,NaN
1684976400,3.32,3.36,3.32,3.36,8300,NaN,NaN,NaN,NaN,NaN,NaN,NaN
1685062800,3.34,3.39,3.33,3.35,204500,NaN,NaN,NaN,NaN,NaN,NaN,NaN
1685322000,3.42,3.42,3.36,3.36,954000,NaN,NaN,NaN,NaN,NaN,NaN,NaN
1685408400,3.33,3.39,3.32,3.35,209200,NaN,NaN,NaN,NaN,NaN,NaN,NaN
1685494800,3.32,3.33,3.29,3.32,358300,NaN,NaN,NaN,NaN,NaN,NaN,NaN
1685581200,3.32,3.34,3.28,3.31,36900,NaN,NaN,NaN,NaN,NaN,NaN,NaN
1685667600,3.29,3.31,3.26,3.3,207600,NaN,NaN,NaN,NaN,NaN,NaN,NaN
1686013200,3.29,3.31,3.22,3.25,366600,NaN,NaN,NaN,NaN,NaN,NaN,NaN
1686099600,3.24,3.25,3.19,3.2,1455800,NaN,NaN,NaN,NaN,NaN,NaN,NaN
1686186000,3.22,3.22,3.16,3.18,527200,NaN,NaN,NaN,NaN,NaN,NaN,NaN
1686272400,3.2,3.25,3.19,3.23,374700,NaN,NaN,NaN,NaN,NaN,NaN,NaN
1686531600,3.23,3.27,3.19,3.19,132000,NaN,NaN,NaN,NaN,NaN,NaN,NaN
1686618000,3.2,3.21,3.18,3.19,1371900,NaN,NaN,NaN,NaN,NaN,NaN,NaN
1686704400,3.2,3.27,3.2,3.25,322600,NaN,NaN,NaN,NaN,NaN,NaN,NaN
1686790800,3.24,3.28,3.22,3.27,295800,NaN,NaN,NaN,NaN,NaN,NaN,NaN
1686877200,3.26,3.29,3.23,3.29,783600,NaN,NaN,NaN,NaN,NaN,NaN,NaN
1687136400,3.28,3.31,3.28,3.29,122600,NaN,NaN,NaN,NaN,NaN,NaN,NaN
1687222800,3.29,3.42,3.27,3.41,452800,NaN,NaN,NaN,NaN,NaN,NaN,NaN
1687309200,3.41,3.43,3.35,3.4,283600,NaN,NaN,NaN,NaN,NaN,NaN,NaN
1687395600,3.39,3.44,3.39,3.44,646900,NaN,NaN,NaN,NaN,NaN,NaN,NaN
1687482000,3.44,3.48,3.4,3.44,382900,NaN,NaN,NaN,NaN,NaN,NaN,NaN
1687741200,3.47,3.47,3.38,3.43,374900,NaN,NaN,NaN,NaN,NaN,NaN,NaN
1687827600,3.4,3.44,3.35,3.37,345900,NaN,NaN,NaN,NaN,NaN,NaN,NaN
1687914000,3.37,3.45,3.35,3.45,370500,NaN,NaN,NaN,NaN,NaN,NaN,NaN
1688086800,3.44,3.46,3.39,3.45,353200,NaN,NaN,NaN,NaN,NaN,NaN,NaN
1688346000,3.45,3.49,3.42,3.49,305900,NaN,NaN,NaN,NaN,NaN,NaN,NaN
1688432400,3.48,3.49,3.45,3.47,138900,NaN,NaN,NaN,NaN,NaN,NaN,NaN
1688518800,3.47,3.47,3.42,3.47,227600,NaN,NaN,NaN,NaN,NaN,NaN,NaN
1688605200,3.47,3.47,3.4,3.43,234200,NaN,NaN,NaN,NaN,NaN,NaN,NaN
1688691600,3.4,3.48,3.4,3.47,334600,NaN,NaN,NaN,NaN,NaN,NaN,NaN
1688950800,3.46,3.46,3.38,3.42,195500,NaN,NaN,NaN,NaN,NaN,NaN,NaN
1689037200,3.41,3.46,3.41,3.44,91400,NaN,NaN,NaN,NaN,NaN,NaN,NaN
1689123600,3.47,3.5,3.45,3.49,514400,NaN,NaN,NaN,NaN,NaN,NaN,NaN
1689210000,3.49,3.52,3.49,3.51,686800,NaN,NaN,NaN,NaN,NaN,NaN,NaN
1689296400,3.51,3.52,3.48,3.51,329000,NaN,NaN,NaN,NaN,NaN,NaN,NaN
1689555600,3.51,3.65,3.48,3.58,721900,NaN,NaN,NaN,NaN,NaN,NaN,NaN
1689642000,3.59,3.59,3.52,3.52,249800,NaN,NaN,NaN,NaN,NaN,NaN,NaN
1689814800,3.52,3.6,3.51,3.57,663400,NaN,NaN,NaN,NaN,NaN,NaN,NaN
1689901200,3.56,3.56,3.49,3.49,157800,NaN,NaN,NaN,NaN,NaN,NaN,NaN
1690160400,3.49,3.56,3.48,3.53,342000,NaN,NaN,NaN,NaN,NaN,NaN,NaN
1690246800,3.53,3.54,3.49,3.53,360600,NaN,NaN,NaN,NaN,NaN,NaN,NaN
1690333200,3.52,3.55,3.49,3.55,930700,NaN,NaN,NaN,NaN,NaN,NaN,NaN
1690419600,3.55,3.6,3.55,3.57,279800,NaN,NaN,NaN,NaN,NaN,NaN,NaN
1690506000,3.57,3.59,3.56,3.59,249600,NaN,NaN,NaN,NaN,NaN,NaN,NaN
1690765200,3.6,3.6,3.55,3.56,736000,1551063567,5602470000,1996125000,148942000,1071515000.0000001,3392218000,2.80898876404494
1690851600,3.56,3.6,3.56,3.59,149500,NaN,NaN,NaN,NaN,NaN,NaN,NaN
1690938000,3.56,3.59,3.55,3.55,157600,NaN,NaN,NaN,NaN,NaN,NaN,NaN
1691024400,3.56,3.58,3.55,3.55,282400,NaN,NaN,NaN,NaN,NaN,NaN,NaN
1691110800,3.53,3.59,3.53,3.57,442600,NaN,NaN,NaN,NaN,NaN,NaN,NaN
1691370000,3.57,3.58,3.53,3.57,339200,NaN,NaN,NaN,NaN,NaN,NaN,NaN
1691456400,3.54,3.59,3.54,3.59,137800,NaN,NaN,NaN,NaN,NaN,NaN,NaN
1691542800,3.57,3.64,3.57,3.62,408500,NaN,NaN,NaN,NaN,NaN,NaN,NaN
1691629200,3.6,3.62,3.59,3.61,22200,NaN,NaN,NaN,NaN,NaN,NaN,NaN
1691715600,3.62,3.63,3.55,3.63,360800,NaN,NaN,NaN,NaN,NaN,NaN,NaN
1691974800,3.63,3.63,3.58,3.63,431900,NaN,NaN,NaN,NaN,NaN,NaN,NaN
1692061200,3.64,3.79,3.63,3.78,1533600,NaN,NaN,NaN,NaN,NaN,NaN,NaN
1692147600,3.78,3.8,3.75,3.79,425100,NaN,NaN,NaN,NaN,NaN,NaN,NaN
1692234000,3.78,3.97,3.74,3.9,1400000,NaN,NaN,NaN,NaN,NaN,NaN,NaN
1692320400,3.9,3.9,3.78,3.82,1637600,NaN,NaN,NaN,NaN,NaN,NaN,NaN
1692579600,3.81,3.81,3.74,3.76,234800,NaN,NaN,NaN,NaN,NaN,NaN,NaN
1692666000,3.78,3.86,3.78,3.86,849800,NaN,NaN,NaN,NaN,NaN,NaN,NaN
1692752400,3.86,3.86,3.81,3.82,122400,NaN,NaN,NaN,NaN,NaN,NaN,NaN
1692838800,3.76,3.82,3.76,3.8,128000,NaN,NaN,NaN,NaN,NaN,NaN,NaN
1692925200,3.8,3.82,3.76,3.76,191500,NaN,NaN,NaN,NaN,NaN,NaN,NaN
1693184400,3.76,3.82,3.73,3.79,558800,NaN,NaN,NaN,NaN,NaN,NaN,NaN
1693270800,3.78,3.8,3.76,3.78,383000,NaN,NaN,NaN,NaN,NaN,NaN,NaN
1693357200,3.77,3.8,3.76,3.78,890800,NaN,NaN,NaN,NaN,NaN,NaN,NaN
1693530000,3.76,3.8,3.76,3.8,224300,NaN,NaN,NaN,NaN,NaN,NaN,NaN
1693789200,3.8,3.82,3.79,3.8,411000,NaN,NaN,NaN,NaN,NaN,NaN,NaN
1693875600,3.79,3.79,3.73,3.73,316300,NaN,NaN,NaN,NaN,NaN,NaN,NaN
1693962000,3.74,3.75,3.68,3.71,212200,NaN,NaN,NaN,NaN,NaN,NaN,NaN
1694048400,3.71,3.75,3.71,3.73,222900,NaN,NaN,NaN,NaN,NaN,NaN,NaN
1694134800,3.72,3.74,3.71,3.73,148500,NaN,NaN,NaN,NaN,NaN,NaN,NaN
1694394000,3.72,3.72,3.64,3.66,551800,NaN,NaN,NaN,NaN,NaN,NaN,NaN
1694480400,3.66,3.7,3.63,3.65,233500,NaN,NaN,NaN,NaN,NaN,NaN,NaN
1694566800,3.64,3.67,3.59,3.65,317800,NaN,NaN,NaN,NaN,NaN,NaN,NaN
1694653200,3.61,3.66,3.61,3.65,277000,NaN,NaN,NaN,NaN,NaN,NaN,NaN
1694739600,3.63,3.64,3.57,3.61,302700,NaN,NaN,NaN,NaN,NaN,NaN,NaN
1694998800,3.6,3.65,3.57,3.63,417000,NaN,NaN,NaN,NaN,NaN,NaN,NaN
1695085200,3.64,3.7,3.6,3.68,516900,NaN,NaN,NaN,NaN,NaN,NaN,NaN
1695171600,3.68,3.75,3.66,3.68,425700,NaN,NaN,NaN,NaN,NaN,NaN,NaN
1695258000,3.69,3.74,3.68,3.69,784600,NaN,NaN,NaN,NaN,NaN,NaN,NaN
1695344400,3.69,3.77,3.65,3.77,779900,NaN,NaN,NaN,NaN,NaN,NaN,NaN
1695603600,3.77,3.78,3.68,3.78,563200,NaN,NaN,NaN,NaN,NaN,NaN,NaN
1695690000,3.77,3.79,3.71,3.79,538600,NaN,NaN,NaN,NaN,NaN,NaN,NaN
1695776400,3.77,3.77,3.73,3.74,406000,NaN,NaN,NaN,NaN,NaN,NaN,NaN
1695949200,3.74,3.75,3.71,3.71,172000,NaN,NaN,NaN,NaN,NaN,NaN,NaN
1696208400,3.71,3.75,3.7,3.7,417100,NaN,NaN,NaN,NaN,NaN,NaN,NaN
1696294800,3.7,3.71,3.65,3.65,351800,NaN,NaN,NaN,NaN,NaN,NaN,NaN
1696381200,3.64,3.65,3.56,3.6,523600,NaN,NaN,NaN,NaN,NaN,NaN,NaN
1696467600,3.6,3.7,3.54,3.61,438900,NaN,NaN,NaN,NaN,NaN,NaN,NaN
1696554000,3.61,3.7,3.61,3.69,314300,NaN,NaN,NaN,NaN,NaN,NaN,NaN
1696813200,3.64,3.68,3.64,3.66,128400,NaN,NaN,NaN,NaN,NaN,NaN,NaN
1696899600,3.66,3.75,3.66,3.73,1034200,NaN,NaN,NaN,NaN,NaN,NaN,NaN
1696986000,3.73,3.73,3.68,3.73,323900,NaN,NaN,NaN,NaN,NaN,NaN,NaN
1697072400,3.73,3.73,3.66,3.68,328500,NaN,NaN,NaN,NaN,NaN,NaN,NaN
1697158800,3.7,3.73,3.68,3.73,108900,NaN,NaN,NaN,NaN,NaN,NaN,NaN
1697418000,3.68,3.71,3.68,3.71,64400,NaN,NaN,NaN,NaN,NaN,NaN,NaN
1697504400,3.7,3.73,3.68,3.7,38700,NaN,NaN,NaN,NaN,NaN,NaN,NaN
1697590800,3.69,3.79,3.65,3.79,534600,NaN,NaN,NaN,NaN,NaN,NaN,NaN
1697677200,3.75,3.75,3.66,3.66,406300,NaN,NaN,NaN,NaN,NaN,NaN,NaN
1697763600,3.67,3.7,3.66,3.68,93300,NaN,NaN,NaN,NaN,NaN,NaN,NaN
1698022800,3.67,3.68,3.63,3.63,145400,NaN,NaN,NaN,NaN,NaN,NaN,NaN
1698109200,3.63,3.73,3.63,3.68,669500,NaN,NaN,NaN,NaN,NaN,NaN,NaN
1698195600,3.68,3.69,3.63,3.64,145500,NaN,NaN,NaN,NaN,NaN,NaN,NaN
1698282000,3.62,3.7,3.62,3.65,457000,NaN,NaN,NaN,NaN,NaN,NaN,NaN
1698368400,3.65,3.66,3.6,3.61,413900,NaN,NaN,NaN,NaN,NaN,NaN,NaN
1698627600,3.61,3.64,3.59,3.59,65700,NaN,NaN,NaN,NaN,NaN,NaN,NaN
1698714000,3.6,3.68,3.6,3.65,251800,1551063567,5313801000,1554422000,188451000,1106504000,3539056000,2.73972602739726
1698800400,3.66,3.66,3.58,3.58,274900,NaN,NaN,NaN,NaN,NaN,NaN,NaN
1698886800,3.59,3.68,3.58,3.66,332100,NaN,NaN,NaN,NaN,NaN,NaN,NaN
1698973200,3.66,3.69,3.62,3.65,311200,NaN,NaN,NaN,NaN,NaN,NaN,NaN
1699232400,3.65,3.7,3.63,3.66,299000,NaN,NaN,NaN,NaN,NaN,NaN,NaN
1699318800,3.67,3.72,3.67,3.67,409100,NaN,NaN,NaN,NaN,NaN,NaN,NaN
1699405200,3.65,3.72,3.65,3.72,302100,NaN,NaN,NaN,NaN,NaN,NaN,NaN
1699491600,3.7,3.73,3.66,3.71,318300,NaN,NaN,NaN,NaN,NaN,NaN,NaN
1699578000,3.69,3.76,3.69,3.7,448500,NaN,NaN,NaN,NaN,NaN,NaN,NaN
1699923600,3.7,3.74,3.69,3.69,146200,NaN,NaN,NaN,NaN,NaN,NaN,NaN
1700010000,3.72,3.72,3.67,3.7,234100,NaN,NaN,NaN,NaN,NaN,NaN,NaN
1700096400,3.7,3.7,3.66,3.66,73200,NaN,NaN,NaN,NaN,NaN,NaN,NaN
1700182800,3.66,3.68,3.63,3.66,433700,NaN,NaN,NaN,NaN,NaN,NaN,NaN
1700442000,3.63,3.68,3.63,3.64,167300,NaN,NaN,NaN,NaN,NaN,NaN,NaN
1700528400,3.63,3.68,3.63,3.67,355900,NaN,NaN,NaN,NaN,NaN,NaN,NaN
1700614800,3.65,3.67,3.64,3.64,325800,NaN,NaN,NaN,NaN,NaN,NaN,NaN
1700701200,3.64,3.64,3.61,3.62,285000,NaN,NaN,NaN,NaN,NaN,NaN,NaN
1700787600,3.65,3.65,3.61,3.61,77800,NaN,NaN,NaN,NaN,NaN,NaN,NaN
1701046800,3.61,3.62,3.59,3.6,150400,NaN,NaN,NaN,NaN,NaN,NaN,NaN
1701133200,3.6,3.62,3.6,3.6,210400,NaN,NaN,NaN,NaN,NaN,NaN,NaN
1701219600,3.6,3.6,3.57,3.57,189900,NaN,NaN,NaN,NaN,NaN,NaN,NaN
1701306000,3.59,3.66,3.48,3.66,1467400,NaN,NaN,NaN,NaN,NaN,NaN,NaN
1701392400,3.63,3.63,3.58,3.6,329600,NaN,NaN,NaN,NaN,NaN,NaN,NaN
1701651600,3.6,3.6,3.55,3.58,342900,NaN,NaN,NaN,NaN,NaN,NaN,NaN
1701738000,3.56,3.63,3.55,3.57,231900,NaN,NaN,NaN,NaN,NaN,NaN,NaN
1701824400,3.57,3.58,3.55,3.57,377100,NaN,NaN,NaN,NaN,NaN,NaN,NaN
1701910800,3.57,3.57,3.54,3.57,43600,NaN,NaN,NaN,NaN,NaN,NaN,NaN
1701997200,3.58,3.58,3.51,3.51,107900,NaN,NaN,NaN,NaN,NaN,NaN,NaN
1702256400,3.51,3.52,3.44,3.44,552400,NaN,NaN,NaN,NaN,NaN,NaN,NaN
1702342800,3.44,3.52,3.44,3.52,311200,NaN,NaN,NaN,NaN,NaN,NaN,NaN
1702429200,3.5,3.52,3.49,3.5,74500,NaN,NaN,NaN,NaN,NaN,NaN,NaN
1702515600,3.52,3.62,3.5,3.6,329200,NaN,NaN,NaN,NaN,NaN,NaN,NaN
1702602000,3.63,3.78,3.61,3.76,834000,NaN,NaN,NaN,NaN,NaN,NaN,NaN
1702861200,3.7,3.88,3.7,3.84,1090900,NaN,NaN,NaN,NaN,NaN,NaN,NaN
1702947600,3.8,3.88,3.79,3.79,414700,NaN,NaN,NaN,NaN,NaN,NaN,NaN
1703034000,3.82,3.88,3.79,3.86,606000,NaN,NaN,NaN,NaN,NaN,NaN,NaN
1703120400,3.86,3.88,3.82,3.86,373700,NaN,NaN,NaN,NaN,NaN,NaN,NaN
1703206800,3.84,3.88,3.82,3.86,458200,NaN,NaN,NaN,NaN,NaN,NaN,NaN
1703552400,3.83,3.88,3.83,3.86,429900,NaN,NaN,NaN,NaN,NaN,NaN,NaN
1703638800,3.84,3.87,3.83,3.85,836800,NaN,NaN,NaN,NaN,NaN,NaN,NaN
1703725200,3.85,3.9,3.83,3.87,686800,NaN,NaN,NaN,NaN,NaN,NaN,NaN
1703811600,3.88,3.89,3.8,3.81,214500,NaN,NaN,NaN,NaN,NaN,NaN,NaN
1704157200,3.77,3.89,3.76,3.85,791100,NaN,NaN,NaN,NaN,NaN,NaN,NaN
1704243600,3.88,3.9,3.85,3.89,737300,NaN,NaN,NaN,NaN,NaN,NaN,NaN
1704330000,3.89,3.97,3.88,3.93,1334700,NaN,NaN,NaN,NaN,NaN,NaN,NaN
1704416400,3.91,3.99,3.91,3.97,1565900,NaN,NaN,NaN,NaN,NaN,NaN,NaN
1704675600,3.95,3.97,3.91,3.92,303300,NaN,NaN,NaN,NaN,NaN,NaN,NaN
1704762000,3.92,3.97,3.92,3.95,440900,NaN,NaN,NaN,NaN,NaN,NaN,NaN
1704848400,3.93,3.95,3.93,3.94,362600,NaN,NaN,NaN,NaN,NaN,NaN,NaN
1704934800,3.95,3.96,3.91,3.92,967700,NaN,NaN,NaN,NaN,NaN,NaN,NaN
1705021200,3.91,3.96,3.91,3.96,228900,NaN,NaN,NaN,NaN,NaN,NaN,NaN
1705280400,3.96,3.96,3.91,3.92,323400,NaN,NaN,NaN,NaN,NaN,NaN,NaN
1705366800,3.93,4.05,3.91,4,685600,NaN,NaN,NaN,NaN,NaN,NaN,NaN
1705453200,4,4,3.94,3.96,1024500,NaN,NaN,NaN,NaN,NaN,NaN,NaN
1705539600,3.96,4,3.94,4,632500,NaN,NaN,NaN,NaN,NaN,NaN,NaN
1705626000,4,4,3.92,3.97,728300,NaN,NaN,NaN,NaN,NaN,NaN,NaN
1705885200,3.93,3.98,3.93,3.97,176200,NaN,NaN,NaN,NaN,NaN,NaN,NaN
1705971600,3.95,3.98,3.94,3.96,91200,NaN,NaN,NaN,NaN,NaN,NaN,NaN
1706058000,3.96,4.05,3.96,4.01,1825500,NaN,NaN,NaN,NaN,NaN,NaN,NaN
1706230800,4.02,4.04,4,4.01,306700,NaN,NaN,NaN,NaN,NaN,NaN,NaN
1706490000,4.01,4.02,3.95,3.96,307200,NaN,NaN,NaN,NaN,NaN,NaN,NaN
1706576400,4,4,3.96,3.96,119100,NaN,NaN,NaN,NaN,NaN,NaN,NaN
1706662800,3.96,4,3.93,4,469800,1551267067,5549456000,1713869000,191294000,1092741000,3602420000,2.75
1706835600,3.99,4,3.86,3.86,681100,NaN,NaN,NaN,NaN,NaN,NaN,NaN
1707094800,3.85,3.92,3.85,3.89,143900,NaN,NaN,NaN,NaN,NaN,NaN,NaN
1707181200,3.9,3.96,3.89,3.92,193500,NaN,NaN,NaN,NaN,NaN,NaN,NaN
1707267600,3.93,3.97,3.87,3.9,633200,NaN,NaN,NaN,NaN,NaN,NaN,NaN
1707354000,3.94,3.94,3.88,3.89,569400,NaN,NaN,NaN,NaN,NaN,NaN,NaN
1707440400,3.9,3.94,3.88,3.89,321200,NaN,NaN,NaN,NaN,NaN,NaN,NaN
1707786000,3.89,3.99,3.89,3.97,347800,NaN,NaN,NaN,NaN,NaN,NaN,NaN
1707872400,3.94,3.96,3.9,3.92,450800,NaN,NaN,NaN,NaN,NaN,NaN,NaN
1707958800,3.91,3.98,3.89,3.89,802600,NaN,NaN,NaN,NaN,NaN,NaN,NaN
1708045200,3.89,4,3.89,3.91,1148100,NaN,NaN,NaN,NaN,NaN,NaN,NaN
1708304400,3.91,3.95,3.89,3.91,372300,NaN,NaN,NaN,NaN,NaN,NaN,NaN
1708390800,3.91,3.96,3.91,3.93,350600,NaN,NaN,NaN,NaN,NaN,NaN,NaN
1708477200,3.95,3.96,3.92,3.96,422700,NaN,NaN,NaN,NaN,NaN,NaN,NaN
1708563600,3.91,3.94,3.88,3.9,259800,NaN,NaN,NaN,NaN,NaN,NaN,NaN
1708650000,3.89,3.92,3.87,3.88,326000,NaN,NaN,NaN,NaN,NaN,NaN,NaN
1708909200,3.87,3.93,3.87,3.89,305500,NaN,NaN,NaN,NaN,NaN,NaN,NaN
1708995600,3.9,3.93,3.88,3.91,381900,NaN,NaN,NaN,NaN,NaN,NaN,NaN
1709082000,3.88,3.9,3.88,3.88,231300,NaN,NaN,NaN,NaN,NaN,NaN,NaN
1709168400,3.9,3.9,3.85,3.89,523600,NaN,NaN,NaN,NaN,NaN,NaN,NaN
1709254800,3.89,3.89,3.82,3.85,354100,NaN,NaN,NaN,NaN,NaN,NaN,NaN
1709514000,3.85,3.87,3.84,3.84,174200,NaN,NaN,NaN,NaN,NaN,NaN,NaN
1709600400,3.86,3.88,3.78,3.78,284600,NaN,NaN,NaN,NaN,NaN,NaN,NaN
1709686800,3.78,3.84,3.78,3.78,340700,NaN,NaN,NaN,NaN,NaN,NaN,NaN
1709773200,3.78,3.81,3.76,3.77,726900,NaN,NaN,NaN,NaN,NaN,NaN,NaN
1709859600,3.76,3.88,3.76,3.85,421400,NaN,NaN,NaN,NaN,NaN,NaN,NaN
1710118800,3.88,3.94,3.86,3.86,689600,NaN,NaN,NaN,NaN,NaN,NaN,NaN
1710205200,3.86,3.92,3.82,3.85,791400,NaN,NaN,NaN,NaN,NaN,NaN,NaN
1710291600,3.85,3.91,3.85,3.9,486200,NaN,NaN,NaN,NaN,NaN,NaN,NaN
1710378000,3.9,3.92,3.86,3.86,186800,NaN,NaN,NaN,NaN,NaN,NaN,NaN
1710464400,3.89,3.93,3.89,3.92,530700,NaN,NaN,NaN,NaN,NaN,NaN,NaN
1710723600,3.94,3.94,3.85,3.86,152500,NaN,NaN,NaN,NaN,NaN,NaN,NaN
1710810000,3.9,3.91,3.87,3.87,327100,NaN,NaN,NaN,NaN,NaN,NaN,NaN
1710896400,3.85,3.9,3.84,3.86,313700,NaN,NaN,NaN,NaN,NaN,NaN,NaN
1710982800,3.84,3.88,3.82,3.82,749200,NaN,NaN,NaN,NaN,NaN,NaN,NaN
1711069200,3.84,3.86,3.78,3.82,516000,NaN,NaN,NaN,NaN,NaN,NaN,NaN
1711328400,3.8,3.85,3.8,3.82,447000,NaN,NaN,NaN,NaN,NaN,NaN,NaN
1711414800,3.82,3.94,3.81,3.91,1325600,NaN,NaN,NaN,NaN,NaN,NaN,NaN
1711501200,3.96,4.19,3.95,4.13,5159200,NaN,NaN,NaN,NaN,NaN,NaN,NaN
1711674000,4.17,4.25,4.11,4.11,3844600,NaN,NaN,NaN,NaN,NaN,NaN,NaN
1711933200,4.15,4.16,4.1,4.14,645300,NaN,NaN,NaN,NaN,NaN,NaN,NaN
1712019600,4.14,4.16,4.11,4.14,768800,NaN,NaN,NaN,NaN,NaN,NaN,NaN
1712106000,4.14,4.14,4.1,4.12,1221400,NaN,NaN,NaN,NaN,NaN,NaN,NaN
1712192400,4.11,4.17,4.11,4.14,1265500,NaN,NaN,NaN,NaN,NaN,NaN,NaN
1712278800,4.14,4.16,4.12,4.13,650900,NaN,NaN,NaN,NaN,NaN,NaN,NaN
1712538000,4.13,4.18,4.12,4.16,1055200,NaN,NaN,NaN,NaN,NaN,NaN,NaN
1712624400,4.15,4.17,4.11,4.16,457100,NaN,NaN,NaN,NaN,NaN,NaN,NaN
1712883600,4.16,4.16,4.11,4.12,470300,NaN,NaN,NaN,NaN,NaN,NaN,NaN
1713142800,4.11,4.13,4.03,4.05,1034800,NaN,NaN,NaN,NaN,NaN,NaN,NaN
1713229200,4.03,4.12,3.97,4.03,1872900,NaN,NaN,NaN,NaN,NaN,NaN,NaN
1713315600,4.02,4.11,4.02,4.04,1101500,NaN,NaN,NaN,NaN,NaN,NaN,NaN
1713402000,4.05,4.1,4.04,4.08,489800,NaN,NaN,NaN,NaN,NaN,NaN,NaN
1713488400,4.08,4.08,3.97,3.97,1059400,NaN,NaN,NaN,NaN,NaN,NaN,NaN
1713747600,3.98,4.04,3.98,4.04,279000,NaN,NaN,NaN,NaN,NaN,NaN,NaN
1713834000,4.04,4.1,4.04,4.09,636100,NaN,NaN,NaN,NaN,NaN,NaN,NaN
1713920400,4.09,4.13,4.08,4.13,422600,NaN,NaN,NaN,NaN,NaN,NaN,NaN
1714006800,4.12,4.13,4.08,4.09,359200,NaN,NaN,NaN,NaN,NaN,NaN,NaN
1714093200,4.09,4.1,4.06,4.1,228500,NaN,NaN,NaN,NaN,NaN,NaN,NaN
1714352400,4.1,4.16,4.1,4.16,655200,NaN,NaN,NaN,NaN,NaN,NaN,NaN
1714438800,4.16,4.2,4.14,4.2,868100,1551267067,5868814000,1894270000,179580000,1108014000,3733781000,2.61904761904762
1714611600,4.16,4.22,4.16,4.21,968900,NaN,NaN,NaN,NaN,NaN,NaN,NaN
1714698000,4.21,4.28,4.19,4.2,1091800,NaN,NaN,NaN,NaN,NaN,NaN,NaN
1714957200,4.2,4.3,4.2,4.27,577100,NaN,NaN,NaN,NaN,NaN,NaN,NaN
1715043600,4.26,4.31,4.26,4.28,1002600,NaN,NaN,NaN,NaN,NaN,NaN,NaN
1715130000,4.27,4.43,4.27,4.42,2374400,NaN,NaN,NaN,NaN,NaN,NaN,NaN
1715216400,4.4,4.44,4.35,4.39,2845700,NaN,NaN,NaN,NaN,NaN,NaN,NaN
1715302800,4.39,4.42,4.35,4.35,1768000,NaN,NaN,NaN,NaN,NaN,NaN,NaN
1715562000,4.38,4.49,4.37,4.46,1566800,NaN,NaN,NaN,NaN,NaN,NaN,NaN
1715648400,4.48,4.5,4.37,4.44,940300,NaN,NaN,NaN,NaN,NaN,NaN,NaN
1715734800,4.42,4.44,4.37,4.39,1528400,NaN,NaN,NaN,NaN,NaN,NaN,NaN
1715821200,4.4,4.49,4.37,4.44,600800,NaN,NaN,NaN,NaN,NaN,NaN,NaN
1715907600,4.45,4.5,4.41,4.46,542700,NaN,NaN,NaN,NaN,NaN,NaN,NaN
1716166800,4.47,4.5,4.41,4.43,177800,NaN,NaN,NaN,NaN,NaN,NaN,NaN
1716253200,4.43,4.48,4.4,4.4,799300,NaN,NaN,NaN,NaN,NaN,NaN,NaN
1716426000,4.4,4.45,4.37,4.41,1274400,NaN,NaN,NaN,NaN,NaN,NaN,NaN
1716512400,4.4,4.44,4.37,4.44,266300,NaN,NaN,NaN,NaN,NaN,NaN,NaN
1716771600,4.44,4.44,4.38,4.38,321300,NaN,NaN,NaN,NaN,NaN,NaN,NaN
1716858000,4.37,4.37,4.26,4.28,1509700,NaN,NaN,NaN,NaN,NaN,NaN,NaN
1716944400,4.28,4.36,4.27,4.3,524400,NaN,NaN,NaN,NaN,NaN,NaN,NaN
1717030800,4.3,4.35,4.28,4.31,326700,NaN,NaN,NaN,NaN,NaN,NaN,NaN
1717117200,4.31,4.38,4.3,4.38,1163600,NaN,NaN,NaN,NaN,NaN,NaN,NaN
1717462800,4.37,4.4,4.31,4.4,493300,NaN,NaN,NaN,NaN,NaN,NaN,NaN
1717549200,4.39,4.39,4.27,4.28,1248400,NaN,NaN,NaN,NaN,NaN,NaN,NaN
1717635600,4.35,4.35,4.28,4.29,205900,NaN,NaN,NaN,NaN,NaN,NaN,NaN
1717722000,4.3,4.38,4.3,4.36,378400,NaN,NaN,NaN,NaN,NaN,NaN,NaN
1717981200,4.32,4.38,4.31,4.32,424900,NaN,NaN,NaN,NaN,NaN,NaN,NaN
1718067600,4.33,4.37,4.28,4.31,1742400,NaN,NaN,NaN,NaN,NaN,NaN,NaN
1718154000,4.3,4.34,4.3,4.34,339500,NaN,NaN,NaN,NaN,NaN,NaN,NaN
1718240400,4.33,4.35,4.3,4.34,164000,NaN,NaN,NaN,NaN,NaN,NaN,NaN
1718326800,4.36,4.36,4.29,4.33,421700,NaN,NaN,NaN,NaN,NaN,NaN,NaN
1718672400,4.35,4.35,4.28,4.31,552800,NaN,NaN,NaN,NaN,NaN,NaN,NaN
1718758800,4.29,4.31,4.27,4.3,198500,NaN,NaN,NaN,NaN,NaN,NaN,NaN
1718845200,4.3,4.33,4.16,4.23,701600,NaN,NaN,NaN,NaN,NaN,NaN,NaN
1718931600,4.23,4.3,4.19,4.29,1677700,NaN,NaN,NaN,NaN,NaN,NaN,NaN
1719190800,4.3,4.32,4.24,4.27,1151800,NaN,NaN,NaN,NaN,NaN,NaN,NaN
1719277200,4.26,4.27,4.22,4.26,917800,NaN,NaN,NaN,NaN,NaN,NaN,NaN
1719363600,4.28,4.29,4.23,4.23,1261100,NaN,NaN,NaN,NaN,NaN,NaN,NaN
1719450000,4.24,4.26,4.23,4.23,894500,NaN,NaN,NaN,NaN,NaN,NaN,NaN
1719536400,4.23,4.34,4.23,4.31,1225000,NaN,NaN,NaN,NaN,NaN,NaN,NaN
1719795600,4.31,4.37,4.31,4.35,612000,NaN,NaN,NaN,NaN,NaN,NaN,NaN
1719882000,4.38,4.39,4.3,4.36,1112400,NaN,NaN,NaN,NaN,NaN,NaN,NaN
1719968400,4.36,4.4,4.36,4.38,264000,NaN,NaN,NaN,NaN,NaN,NaN,NaN
1720054800,4.38,4.38,4.35,4.38,358900,NaN,NaN,NaN,NaN,NaN,NaN,NaN
1720141200,4.38,4.42,4.36,4.41,413100,NaN,NaN,NaN,NaN,NaN,NaN,NaN
1720486800,4.38,4.38,4.28,4.31,548100,NaN,NaN,NaN,NaN,NaN,NaN,NaN
1720573200,4.3,4.33,4.29,4.29,231300,NaN,NaN,NaN,NaN,NaN,NaN,NaN
1720659600,4.3,4.3,4.24,4.3,666700,NaN,NaN,NaN,NaN,NaN,NaN,NaN
1720746000,4.29,4.36,4.28,4.36,357600,NaN,NaN,NaN,NaN,NaN,NaN,NaN
1721005200,4.3,4.36,4.29,4.35,299600,NaN,NaN,NaN,NaN,NaN,NaN,NaN
1721091600,4.35,4.36,4.32,4.33,289700,NaN,NaN,NaN,NaN,NaN,NaN,NaN
1721178000,4.34,4.37,4.33,4.33,817800,NaN,NaN,NaN,NaN,NaN,NaN,NaN
1721264400,4.32,4.37,4.25,4.33,1351900,NaN,NaN,NaN,NaN,NaN,NaN,NaN
1721350800,4.32,4.34,4.27,4.27,89800,NaN,NaN,NaN,NaN,NaN,NaN,NaN
1721610000,4.28,4.3,4.21,4.27,262100,NaN,NaN,NaN,NaN,NaN,NaN,NaN
1721696400,4.3,4.33,4.28,4.32,289100,NaN,NaN,NaN,NaN,NaN,NaN,NaN
1721782800,4.32,4.32,4.23,4.29,398100,NaN,NaN,NaN,NaN,NaN,NaN,NaN
1721869200,4.29,4.29,4.23,4.24,113000,NaN,NaN,NaN,NaN,NaN,NaN,NaN
1721955600,4.23,4.27,4.22,4.24,326800,NaN,NaN,NaN,NaN,NaN,NaN,NaN
1722214800,4.24,4.31,4.24,4.3,242500,NaN,NaN,NaN,NaN,NaN,NaN,NaN
1722301200,4.32,4.32,4.21,4.26,272900,NaN,NaN,NaN,NaN,NaN,NaN,NaN
1722387600,4.25,4.26,4.21,4.24,234200,1551268267,6230206000,2218967000,177209000,1168340000,3776195000,2.83018867924528
1722474000,4.24,4.31,4.22,4.29,634700,NaN,NaN,NaN,NaN,NaN,NaN,NaN
1722560400,4.23,4.23,4.12,4.12,296100,NaN,NaN,NaN,NaN,NaN,NaN,NaN
1722819600,4.05,4.1,3.9,3.91,1801000,NaN,NaN,NaN,NaN,NaN,NaN,NaN
1722906000,3.85,4.02,3.84,4,781300,NaN,NaN,NaN,NaN,NaN,NaN,NaN
1722992400,4,4.07,3.92,4.02,179000,NaN,NaN,NaN,NaN,NaN,NaN,NaN
1723078800,4,4.03,3.97,4.02,491000,NaN,NaN,NaN,NaN,NaN,NaN,NaN
1723165200,4.05,4.08,4.03,4.04,722200,NaN,NaN,NaN,NaN,NaN,NaN,NaN
1723424400,4.06,4.06,4.03,4.03,53000,NaN,NaN,NaN,NaN,NaN,NaN,NaN
1723510800,4.03,4.08,3.95,4.07,360400,NaN,NaN,NaN,NaN,NaN,NaN,NaN
1723597200,4.05,4.16,4.05,4.16,423400,NaN,NaN,NaN,NaN,NaN,NaN,NaN
1723683600,4.15,4.2,4.06,4.13,204600,NaN,NaN,NaN,NaN,NaN,NaN,NaN
1723770000,4.16,4.19,4.11,4.19,269200,NaN,NaN,NaN,NaN,NaN,NaN,NaN
1724029200,4.16,4.16,4.09,4.11,87900,NaN,NaN,NaN,NaN,NaN,NaN,NaN
1724115600,4.08,4.13,4.08,4.09,2158800,NaN,NaN,NaN,NaN,NaN,NaN,NaN
1724202000,4.09,4.13,4.08,4.13,292000,NaN,NaN,NaN,NaN,NaN,NaN,NaN
1724288400,4.13,4.16,4.1,4.11,357600,NaN,NaN,NaN,NaN,NaN,NaN,NaN
1724374800,4.11,4.14,4.1,4.12,123100,NaN,NaN,NaN,NaN,NaN,NaN,NaN
1724634000,4.14,4.19,4.11,4.17,155900,NaN,NaN,NaN,NaN,NaN,NaN,NaN
1724720400,4.19,4.2,4.17,4.2,341700,NaN,NaN,NaN,NaN,NaN,NaN,NaN
1724806800,4.18,4.19,4.14,4.15,129300,NaN,NaN,NaN,NaN,NaN,NaN,NaN
1724893200,4.15,4.15,4.07,4.1,290300,NaN,NaN,NaN,NaN,NaN,NaN,NaN
1724979600,4.12,4.12,4.09,4.09,170300,NaN,NaN,NaN,NaN,NaN,NaN,NaN
1725238800,4.1,4.19,4.09,4.19,255100,NaN,NaN,NaN,NaN,NaN,NaN,NaN
1725325200,4.2,4.2,4.09,4.12,417900,NaN,NaN,NaN,NaN,NaN,NaN,NaN
1725411600,4.07,4.09,4.04,4.06,275900,NaN,NaN,NaN,NaN,NaN,NaN,NaN
1725498000,4.07,4.07,4.04,4.06,212500,NaN,NaN,NaN,NaN,NaN,NaN,NaN
1725584400,4.08,4.11,3.98,3.98,285400,NaN,NaN,NaN,NaN,NaN,NaN,NaN
1725843600,3.96,3.99,3.95,3.99,114400,NaN,NaN,NaN,NaN,NaN,NaN,NaN
1725930000,3.99,4.09,3.96,3.97,222400,NaN,NaN,NaN,NaN,NaN,NaN,NaN
1726016400,3.98,3.98,3.91,3.98,274800,NaN,NaN,NaN,NaN,NaN,NaN,NaN
1726102800,3.99,3.99,3.94,3.98,156100,NaN,NaN,NaN,NaN,NaN,NaN,NaN
1726189200,3.99,4,3.98,4,498100,NaN,NaN,NaN,NaN,NaN,NaN,NaN
1726534800,4,4.01,3.95,4,489200,NaN,NaN,NaN,NaN,NaN,NaN,NaN
1726621200,4,4.03,3.99,4,1251000,NaN,NaN,NaN,NaN,NaN,NaN,NaN
1726707600,4,4.12,4,4.08,614300,NaN,NaN,NaN,NaN,NaN,NaN,NaN
1726794000,4.13,4.13,4.08,4.12,1064700,NaN,NaN,NaN,NaN,NaN,NaN,NaN
1727053200,4.14,4.14,4.1,4.12,1135800,NaN,NaN,NaN,NaN,NaN,NaN,NaN
1727139600,4.13,4.19,4.11,4.19,603300,NaN,NaN,NaN,NaN,NaN,NaN,NaN
1727226000,4.2,4.23,4.16,4.22,1088100,NaN,NaN,NaN,NaN,NaN,NaN,NaN
1727312400,4.22,4.25,4.22,4.25,953400,NaN,NaN,NaN,NaN,NaN,NaN,NaN
1727398800,4.24,4.29,4.23,4.28,1420800,NaN,NaN,NaN,NaN,NaN,NaN,NaN
1727658000,4.28,4.35,4.26,4.32,1453800,NaN,NaN,NaN,NaN,NaN,NaN,NaN
1727744400,4.32,4.4,4.3,4.4,1149400,NaN,NaN,NaN,NaN,NaN,NaN,NaN
1727830800,4.38,4.4,4.34,4.38,922000,NaN,NaN,NaN,NaN,NaN,NaN,NaN
1727917200,4.38,4.39,4.33,4.37,774800,NaN,NaN,NaN,NaN,NaN,NaN,NaN
1728003600,4.36,4.36,4.32,4.34,720000,NaN,NaN,NaN,NaN,NaN,NaN,NaN
1728262800,4.35,4.5,4.35,4.49,2513300,NaN,NaN,NaN,NaN,NaN,NaN,NaN
1728349200,4.49,4.49,4.4,4.45,1397300,NaN,NaN,NaN,NaN,NaN,NaN,NaN
1728435600,4.45,4.52,4.35,4.4,2384600,NaN,NaN,NaN,NaN,NaN,NaN,NaN
1728522000,4.45,4.45,4.36,4.39,482000,NaN,NaN,NaN,NaN,NaN,NaN,NaN
1728608400,4.38,4.45,4.27,4.33,1001500,NaN,NaN,NaN,NaN,NaN,NaN,NaN
1728867600,4.32,4.35,4.28,4.28,368900,NaN,NaN,NaN,NaN,NaN,NaN,NaN
1728954000,4.28,4.35,4.27,4.32,1024200,NaN,NaN,NaN,NaN,NaN,NaN,NaN
1729040400,4.33,4.48,4.25,4.48,2650500,NaN,NaN,NaN,NaN,NaN,NaN,NaN
1729126800,4.44,4.44,4.36,4.37,633400,NaN,NaN,NaN,NaN,NaN,NaN,NaN
1729213200,4.4,4.42,4.38,4.4,509100,NaN,NaN,NaN,NaN,NaN,NaN,NaN
1729472400,4.44,4.47,4.4,4.46,1322400,NaN,NaN,NaN,NaN,NaN,NaN,NaN
1729558800,4.45,4.5,4.42,4.49,1139000,NaN,NaN,NaN,NaN,NaN,NaN,NaN
1729645200,4.49,4.52,4.48,4.5,1070700,NaN,NaN,NaN,NaN,NaN,NaN,NaN
1729731600,4.5,4.53,4.5,4.53,982400,NaN,NaN,NaN,NaN,NaN,NaN,NaN
1729818000,4.53,4.55,4.49,4.5,2753800,NaN,NaN,NaN,NaN,NaN,NaN,NaN
1730077200,4.5,4.51,4.46,4.46,479700,NaN,NaN,NaN,NaN,NaN,NaN,NaN
1730163600,4.45,4.47,4.44,4.45,713700,NaN,NaN,NaN,NaN,NaN,NaN,NaN
1730250000,4.47,4.48,4.45,4.46,300400,1551268267,6609602000,2462362000,176896000,1109419000,3894611000,2.69058295964126
1730422800,4.44,4.52,4.44,4.49,1132700,NaN,NaN,NaN,NaN,NaN,NaN,NaN
1730682000,4.5,4.62,4.5,4.59,2638800,NaN,NaN,NaN,NaN,NaN,NaN,NaN
1730768400,4.6,4.65,4.58,4.65,1693600,NaN,NaN,NaN,NaN,NaN,NaN,NaN
1730854800,4.65,4.66,4.59,4.66,553600,NaN,NaN,NaN,NaN,NaN,NaN,NaN
1730941200,4.65,4.68,4.61,4.64,595700,NaN,NaN,NaN,NaN,NaN,NaN,NaN
1731027600,4.66,4.66,4.56,4.6,733100,NaN,NaN,NaN,NaN,NaN,NaN,NaN
1731286800,4.58,4.63,4.58,4.6,300100,NaN,NaN,NaN,NaN,NaN,NaN,NaN
1731373200,4.62,4.62,4.55,4.56,356600,NaN,NaN,NaN,NaN,NaN,NaN,NaN
1731459600,4.53,4.58,4.5,4.53,230100,NaN,NaN,NaN,NaN,NaN,NaN,NaN
1731546000,4.57,4.57,4.52,4.56,165200,NaN,NaN,NaN,NaN,NaN,NaN,NaN
1731632400,4.57,4.57,4.48,4.48,176000,NaN,NaN,NaN,NaN,NaN,NaN,NaN
1731891600,4.48,4.53,4.44,4.47,336800,NaN,NaN,NaN,NaN,NaN,NaN,NaN
1731978000,4.5,4.5,4.36,4.38,1376200,NaN,NaN,NaN,NaN,NaN,NaN,NaN
1732064400,4.38,4.49,4.38,4.46,188400,NaN,NaN,NaN,NaN,NaN,NaN,NaN
1732150800,4.46,4.55,4.36,4.43,2110600,NaN,NaN,NaN,NaN,NaN,NaN,NaN
1732237200,4.43,4.55,4.42,4.52,580900,NaN,NaN,NaN,NaN,NaN,NaN,NaN
1732496400,4.52,4.63,4.52,4.62,799400,NaN,NaN,NaN,NaN,NaN,NaN,NaN
1732582800,4.61,4.61,4.55,4.57,197400,NaN,NaN,NaN,NaN,NaN,NaN,NaN
1732669200,4.6,4.63,4.55,4.55,86000,NaN,NaN,NaN,NaN,NaN,NaN,NaN
1732755600,4.6,4.6,4.56,4.57,67000,NaN,NaN,NaN,NaN,NaN,NaN,NaN
1732842000,4.59,4.59,4.55,4.56,524100,NaN,NaN,NaN,NaN,NaN,NaN,NaN
1733101200,4.57,4.6,4.55,4.59,392600,NaN,NaN,NaN,NaN,NaN,NaN,NaN
1733187600,4.6,4.62,4.57,4.58,593700,NaN,NaN,NaN,NaN,NaN,NaN,NaN
1733274000,4.6,4.63,4.58,4.59,447400,NaN,NaN,NaN,NaN,NaN,NaN,NaN
1733360400,4.6,4.61,4.56,4.59,349500,NaN,NaN,NaN,NaN,NaN,NaN,NaN
1733446800,4.6,4.61,4.56,4.57,396800,NaN,NaN,NaN,NaN,NaN,NaN,NaN
1733706000,4.57,4.62,4.57,4.62,152800,NaN,NaN,NaN,NaN,NaN,NaN,NaN
1733792400,4.62,4.62,4.58,4.61,209300,NaN,NaN,NaN,NaN,NaN,NaN,NaN
1733878800,4.6,4.62,4.6,4.61,173900,NaN,NaN,NaN,NaN,NaN,NaN,NaN
1733965200,4.62,4.63,4.6,4.63,300900,NaN,NaN,NaN,NaN,NaN,NaN,NaN
1734051600,4.63,4.63,4.57,4.63,168400,NaN,NaN,NaN,NaN,NaN,NaN,NaN
1734310800,4.63,4.63,4.57,4.57,381800,NaN,NaN,NaN,NaN,NaN,NaN,NaN
1734397200,4.57,4.59,4.45,4.5,243000,NaN,NaN,NaN,NaN,NaN,NaN,NaN
1734483600,4.46,4.52,4.46,4.5,109000,NaN,NaN,NaN,NaN,NaN,NaN,NaN
1734570000,4.45,4.46,4.3,4.3,1354000,NaN,NaN,NaN,NaN,NaN,NaN,NaN
1734656400,4.3,4.37,4.25,4.3,557800,NaN,NaN,NaN,NaN,NaN,NaN,NaN
1734915600,4.26,4.3,4.2,4.24,524300,NaN,NaN,NaN,NaN,NaN,NaN,NaN
1735002000,4.22,4.25,4.2,4.23,451600,NaN,NaN,NaN,NaN,NaN,NaN,NaN
1735174800,4.26,4.57,4.26,4.57,653700,NaN,NaN,NaN,NaN,NaN,NaN,NaN
1735261200,4.49,4.49,4.37,4.44,431700,NaN,NaN,NaN,NaN,NaN,NaN,NaN
1735520400,4.47,4.47,4.44,4.44,268300,NaN,NaN,NaN,NaN,NaN,NaN,NaN
1735606800,4.48,4.48,4.42,4.44,225700,NaN,NaN,NaN,NaN,NaN,NaN,NaN
1735779600,4.44,4.46,4.4,4.4,373900,NaN,NaN,NaN,NaN,NaN,NaN,NaN
1735866000,4.44,4.44,4.32,4.37,535500,NaN,NaN,NaN,NaN,NaN,NaN,NaN
1736125200,4.38,4.4,4.29,4.34,594100,NaN,NaN,NaN,NaN,NaN,NaN,NaN
1736211600,4.28,4.3,4.25,4.29,314900,NaN,NaN,NaN,NaN,NaN,NaN,NaN
1736298000,4.3,4.32,4.24,4.28,612500,NaN,NaN,NaN,NaN,NaN,NaN,NaN
1736384400,4.3,4.3,4.25,4.27,336900,NaN,NaN,NaN,NaN,NaN,NaN,NaN
1736470800,4.3,4.32,4.24,4.27,430000,NaN,NaN,NaN,NaN,NaN,NaN,NaN
1736730000,4.27,4.27,4.1,4.12,1196600,NaN,NaN,NaN,NaN,NaN,NaN,NaN
1736816400,4.13,4.18,4.05,4.16,970600,NaN,NaN,NaN,NaN,NaN,NaN,NaN
1736902800,4.14,4.14,3.98,4.01,1008800,NaN,NaN,NaN,NaN,NaN,NaN,NaN
1736989200,4.02,4.09,4.02,4.06,581700,NaN,NaN,NaN,NaN,NaN,NaN,NaN
1737075600,4.06,4.09,4.02,4.08,171600,NaN,NaN,NaN,NaN,NaN,NaN,NaN
1737334800,4.2,4.2,4.07,4.1,376800,NaN,NaN,NaN,NaN,NaN,NaN,NaN
1737421200,4.1,4.11,4.04,4.1,254900,NaN,NaN,NaN,NaN,NaN,NaN,NaN
1737507600,4.1,4.13,4.07,4.08,191200,NaN,NaN,NaN,NaN,NaN,NaN,NaN
1737594000,4.08,4.08,4.02,4.05,576500,NaN,NaN,NaN,NaN,NaN,NaN,NaN
1737680400,4.06,4.06,4.02,4.02,126100,NaN,NaN,NaN,NaN,NaN,NaN,NaN
1737939600,4.03,4.08,3.99,3.99,210000,NaN,NaN,NaN,NaN,NaN,NaN,NaN
1738026000,4,4.02,3.98,3.98,239900,NaN,NaN,NaN,NaN,NaN,NaN,NaN
1738285200,3.98,4.06,3.98,4.03,285000,1556268391,6957340000,2770030000,175247000,1105140000,3941593000,2.97766749379653
1738544400,4.03,4.07,3.99,4.07,418700,NaN,NaN,NaN,NaN,NaN,NaN,NaN
1738630800,4.08,4.08,4,4.05,319900,NaN,NaN,NaN,NaN,NaN,NaN,NaN
1738717200,4.05,4.11,4.05,4.1,209100,NaN,NaN,NaN,NaN,NaN,NaN,NaN
1738803600,4.13,4.2,4.07,4.08,392200,NaN,NaN,NaN,NaN,NaN,NaN,NaN
1738890000,4.15,4.15,4.1,4.14,29700,NaN,NaN,NaN,NaN,NaN,NaN,NaN
1739149200,4.15,4.15,4.11,4.11,127200,NaN,NaN,NaN,NaN,NaN,NaN,NaN
1739322000,4.11,4.15,4.08,4.08,242600,NaN,NaN,NaN,NaN,NaN,NaN,NaN
1739408400,4.08,4.1,3.97,3.97,432300,NaN,NaN,NaN,NaN,NaN,NaN,NaN
1739494800,3.97,4.07,3.97,3.99,727300,NaN,NaN,NaN,NaN,NaN,NaN,NaN
1739754000,4,4.06,3.91,3.94,601200,NaN,NaN,NaN,NaN,NaN,NaN,NaN
1739840400,3.94,3.94,3.83,3.9,416300,NaN,NaN,NaN,NaN,NaN,NaN,NaN
1739926800,3.93,3.93,3.73,3.73,1553700,NaN,NaN,NaN,NaN,NaN,NaN,NaN
1740013200,3.8,3.86,3.74,3.79,514200,NaN,NaN,NaN,NaN,NaN,NaN,NaN
1740099600,3.81,3.81,3.68,3.78,711800,NaN,NaN,NaN,NaN,NaN,NaN,NaN
1740358800,3.78,3.8,3.76,3.79,185000,NaN,NaN,NaN,NaN,NaN,NaN,NaN
1740445200,3.77,3.77,3.69,3.69,568500,NaN,NaN,NaN,NaN,NaN,NaN,NaN
1740531600,3.69,3.74,3.67,3.74,619900,NaN,NaN,NaN,NaN,NaN,NaN,NaN
1740618000,3.74,3.86,3.72,3.86,194700,NaN,NaN,NaN,NaN,NaN,NaN,NaN
1740704400,3.88,3.88,3.67,3.67,1216700,NaN,NaN,NaN,NaN,NaN,NaN,NaN
1740963600,3.67,3.73,3.67,3.7,109700,NaN,NaN,NaN,NaN,NaN,NaN,NaN
1741050000,3.7,3.7,3.62,3.64,288800,NaN,NaN,NaN,NaN,NaN,NaN,NaN
1741136400,3.64,3.64,3.53,3.53,747900,NaN,NaN,NaN,NaN,NaN,NaN,NaN
1741222800,3.55,3.63,3.54,3.61,245900,NaN,NaN,NaN,NaN,NaN,NaN,NaN
1741309200,3.57,3.57,3.49,3.55,1139400,NaN,NaN,NaN,NaN,NaN,NaN,NaN
1741568400,3.54,3.54,3.5,3.5,1159500,NaN,NaN,NaN,NaN,NaN,NaN,NaN
1741654800,3.5,3.5,3.41,3.42,1079100,NaN,NaN,NaN,NaN,NaN,NaN,NaN
1741741200,3.43,3.55,3.4,3.44,671000,NaN,NaN,NaN,NaN,NaN,NaN,NaN
1741827600,3.46,3.61,3.45,3.53,642000,NaN,NaN,NaN,NaN,NaN,NaN,NaN
1741914000,3.5,3.57,3.48,3.54,363200,NaN,NaN,NaN,NaN,NaN,NaN,NaN
1742173200,3.57,3.68,3.57,3.6,451300,NaN,NaN,NaN,NaN,NaN,NaN,NaN
1742346000,3.6,3.68,3.55,3.55,389100,NaN,NaN,NaN,NaN,NaN,NaN,NaN
1742432400,3.56,3.57,3.52,3.52,199200,NaN,NaN,NaN,NaN,NaN,NaN,NaN
1742518800,3.52,3.61,3.52,3.61,900900,NaN,NaN,NaN,NaN,NaN,NaN,NaN
1742778000,3.61,3.73,3.6,3.65,824400,NaN,NaN,NaN,NaN,NaN,NaN,NaN
1742864400,3.69,3.72,3.65,3.66,129800,NaN,NaN,NaN,NaN,NaN,NaN,NaN
1742950800,3.66,3.7,3.64,3.65,486600,NaN,NaN,NaN,NaN,NaN,NaN,NaN
1743037200,3.65,3.69,3.65,3.69,119900,NaN,NaN,NaN,NaN,NaN,NaN,NaN
1743123600,3.69,3.69,3.54,3.55,1059500,NaN,NaN,NaN,NaN,NaN,NaN,NaN
1743555600,3.58,3.58,3.43,3.49,416700,NaN,NaN,NaN,NaN,NaN,NaN,NaN
1743642000,3.43,3.51,3.43,3.47,311200,NaN,NaN,NaN,NaN,NaN,NaN,NaN
1743728400,3.47,3.5,3.39,3.4,760900,NaN,NaN,NaN,NaN,NaN,NaN,NaN
1743987600,3.39,3.41,3.22,3.31,2145800,NaN,NaN,NaN,NaN,NaN,NaN,NaN
1744074000,3.3,3.4,3.21,3.28,1800400,NaN,NaN,NaN,NaN,NaN,NaN,NaN
1744160400,3.3,3.38,3.21,3.24,3325300,NaN,NaN,NaN,NaN,NaN,NaN,NaN
1744246800,3.31,3.4,3.24,3.32,1047500,NaN,NaN,NaN,NaN,NaN,NaN,NaN
1744333200,3.3,3.35,3.26,3.32,673500,NaN,NaN,NaN,NaN,NaN,NaN,NaN
1744592400,3.38,3.41,3.32,3.38,884000,NaN,NaN,NaN,NaN,NaN,NaN,NaN
1744678800,3.38,3.39,3.35,3.39,369500,NaN,NaN,NaN,NaN,NaN,NaN,NaN
1744765200,3.44,3.44,3.3,3.33,687600,NaN,NaN,NaN,NaN,NaN,NaN,NaN
1744851600,3.33,3.4,3.28,3.39,291300,NaN,NaN,NaN,NaN,NaN,NaN,NaN
1744938000,3.41,3.47,3.4,3.43,871700,NaN,NaN,NaN,NaN,NaN,NaN,NaN
1745197200,3.44,3.46,3.43,3.43,469300,NaN,NaN,NaN,NaN,NaN,NaN,NaN
1745283600,3.41,3.44,3.36,3.36,529200,NaN,NaN,NaN,NaN,NaN,NaN,NaN
1745370000,3.4,3.43,3.36,3.37,1347600,NaN,NaN,NaN,NaN,NaN,NaN,NaN
1745456400,3.36,3.39,3.35,3.38,995400,NaN,NaN,NaN,NaN,NaN,NaN,NaN
1745542800,3.38,3.48,3.38,3.48,1070500,NaN,NaN,NaN,NaN,NaN,NaN,NaN
1745802000,3.44,3.57,3.44,3.53,418500,NaN,NaN,NaN,NaN,NaN,NaN,NaN
1745888400,3.55,3.63,3.5,3.63,680400,NaN,NaN,NaN,NaN,NaN,NaN,NaN
1745974800,3.59,3.59,3.5,3.5,735500,1556268291,7444826000,3126212000,177508000,1110547000,4061857000,3.42857142857143
1746147600,3.5,3.64,3.5,3.61,912800,NaN,NaN,NaN,NaN,NaN,NaN,NaN
1746406800,3.61,3.61,3.58,3.6,838600,NaN,NaN,NaN,NaN,NaN,NaN,NaN
1746493200,3.6,3.67,3.59,3.65,507300,NaN,NaN,NaN,NaN,NaN,NaN,NaN
1746579600,3.65,3.68,3.6,3.68,523000,NaN,NaN,NaN,NaN,NaN,NaN,NaN
1746666000,3.67,3.71,3.65,3.71,674700,NaN,NaN,NaN,NaN,NaN,NaN,NaN
1746752400,3.71,3.71,3.65,3.68,527100,NaN,NaN,NaN,NaN,NaN,NaN,NaN
1747098000,3.7,3.81,3.68,3.81,968200,NaN,NaN,NaN,NaN,NaN,NaN,NaN
1747184400,3.82,3.84,3.78,3.8,812700,NaN,NaN,NaN,NaN,NaN,NaN,NaN
1747270800,3.82,3.85,3.79,3.79,810200,NaN,NaN,NaN,NaN,NaN,NaN,NaN
1747357200,3.8,3.81,3.71,3.8,1068700,NaN,NaN,NaN,NaN,NaN,NaN,NaN
1747616400,3.76,3.78,3.63,3.7,888800,NaN,NaN,NaN,NaN,NaN,NaN,NaN
1747702800,3.69,3.73,3.68,3.71,474400,NaN,NaN,NaN,NaN,NaN,NaN,NaN
1747789200,3.72,3.72,3.67,3.67,454800,NaN,NaN,NaN,NaN,NaN,NaN,NaN
1747875600,3.67,3.74,3.67,3.74,144900,NaN,NaN,NaN,NaN,NaN,NaN,NaN
1747962000,3.73,3.74,3.61,3.62,315300,NaN,NaN,NaN,NaN,NaN,NaN,NaN
1748221200,3.6,3.63,3.55,3.57,194100,NaN,NaN,NaN,NaN,NaN,NaN,NaN
1748307600,3.57,3.57,3.52,3.55,171700,NaN,NaN,NaN,NaN,NaN,NaN,NaN
1748394000,3.55,3.55,3.47,3.49,559000,NaN,NaN,NaN,NaN,NaN,NaN,NaN
1748480400,3.49,3.52,3.47,3.51,421000,NaN,NaN,NaN,NaN,NaN,NaN,NaN
1748566800,3.54,3.58,3.4,3.4,911600,NaN,NaN,NaN,NaN,NaN,NaN,NaN
1748912400,3.44,3.44,3.36,3.4,310400,NaN,NaN,NaN,NaN,NaN,NaN,NaN
1748998800,3.4,3.41,3.36,3.4,214000,NaN,NaN,NaN,NaN,NaN,NaN,NaN
1749085200,3.38,3.38,3.34,3.37,398400,NaN,NaN,NaN,NaN,NaN,NaN,NaN
1749171600,3.36,3.39,3.35,3.36,141100,NaN,NaN,NaN,NaN,NaN,NaN,NaN
1749430800,3.38,3.44,3.36,3.41,271100,NaN,NaN,NaN,NaN,NaN,NaN,NaN
1749517200,3.44,3.44,3.38,3.39,173000,NaN,NaN,NaN,NaN,NaN,NaN,NaN
1749603600,3.44,3.44,3.39,3.39,181800,NaN,NaN,NaN,NaN,NaN,NaN,NaN
1749690000,3.4,3.42,3.39,3.42,485500,NaN,NaN,NaN,NaN,NaN,NaN,NaN
1749776400,3.44,3.44,3.39,3.39,629100,NaN,NaN,NaN,NaN,NaN,NaN,NaN
1750035600,3.39,3.4,3.34,3.4,240300,NaN,NaN,NaN,NaN,NaN,NaN,NaN
1750122000,3.35,3.36,3.28,3.33,906000,NaN,NaN,NaN,NaN,NaN,NaN,NaN
1750208400,3.33,3.35,3.3,3.34,595200,NaN,NaN,NaN,NaN,NaN,NaN,NaN
1750294800,3.36,3.38,3.3,3.31,533400,NaN,NaN,NaN,NaN,NaN,NaN,NaN
1750381200,3.32,3.4,3.28,3.4,1723900,NaN,NaN,NaN,NaN,NaN,NaN,NaN
1750640400,3.36,3.36,3.25,3.27,840500,NaN,NaN,NaN,NaN,NaN,NaN,NaN
1750726800,3.31,3.31,3.25,3.26,617100,NaN,NaN,NaN,NaN,NaN,NaN,NaN
1750813200,3.27,3.28,3.19,3.19,1749900,NaN,NaN,NaN,NaN,NaN,NaN,NaN
1750899600,3.22,3.35,3.22,3.34,634100,NaN,NaN,NaN,NaN,NaN,NaN,NaN
1751245200,3.33,3.36,3.29,3.34,591200,NaN,NaN,NaN,NaN,NaN,NaN,NaN
1751331600,3.34,3.34,3.28,3.3,332800,NaN,NaN,NaN,NaN,NaN,NaN,NaN
1751418000,3.3,3.32,3.28,3.32,564300,NaN,NaN,NaN,NaN,NaN,NaN,NaN
1751504400,3.32,3.39,3.32,3.37,202500,NaN,NaN,NaN,NaN,NaN,NaN,NaN
1751590800,3.38,3.38,3.35,3.37,137900,NaN,NaN,NaN,NaN,NaN,NaN,NaN
1751850000,3.33,3.33,3.27,3.32,448900,NaN,NaN,NaN,NaN,NaN,NaN,NaN
1751936400,3.29,3.31,3.27,3.28,481200,NaN,NaN,NaN,NaN,NaN,NaN,NaN
1752022800,3.3,3.32,3.28,3.32,467300,NaN,NaN,NaN,NaN,NaN,NaN,NaN
1752109200,3.32,3.32,3.27,3.27,456700,NaN,NaN,NaN,NaN,NaN,NaN,NaN
1752195600,3.28,3.3,3.25,3.27,602800,NaN,NaN,NaN,NaN,NaN,NaN,NaN
1752454800,3.32,3.32,3.28,3.3,338700,NaN,NaN,NaN,NaN,NaN,NaN,NaN
1752541200,3.31,3.31,3.27,3.28,165800,NaN,NaN,NaN,NaN,NaN,NaN,NaN
1752627600,3.28,3.28,3.23,3.24,389800,NaN,NaN,NaN,NaN,NaN,NaN,NaN
1752714000,3.24,3.26,3.17,3.17,1149600,NaN,NaN,NaN,NaN,NaN,NaN,NaN
1752800400,3.17,3.2,3.12,3.12,1061900,NaN,NaN,NaN,NaN,NaN,NaN,NaN
1753059600,3.12,3.18,3.11,3.15,257800,NaN,NaN,NaN,NaN,NaN,NaN,NaN
1753146000,3.15,3.15,3.11,3.11,866400,NaN,NaN,NaN,NaN,NaN,NaN,NaN
1753232400,3.11,3.18,3.09,3.17,568000,NaN,NaN,NaN,NaN,NaN,NaN,NaN
1753318800,3.16,3.17,3.13,3.17,376700,NaN,NaN,NaN,NaN,NaN,NaN,NaN
1753405200,3.17,3.22,3.17,3.17,387200,NaN,NaN,NaN,NaN,NaN,NaN,NaN
1753664400,3.2,3.22,3.16,3.18,1520100,NaN,NaN,NaN,NaN,NaN,NaN,NaN
1753750800,3.18,3.23,3.16,3.22,532800,NaN,NaN,NaN,NaN,NaN,NaN,NaN
1753837200,3.26,3.27,3.16,3.24,548500,NaN,NaN,NaN,NaN,NaN,NaN,NaN
1753923600,3.25,3.28,3.24,3.26,347000,1556268291,8068957000,3683897000,212413000,1192603000,4123902000,3.68098159509202
1754010000,3.29,3.3,3.21,3.29,426300,NaN,NaN,NaN,NaN,NaN,NaN,NaN
1754269200,3.28,3.3,3.25,3.25,425300,NaN,NaN,NaN,NaN,NaN,NaN,NaN
1754355600,3.24,3.28,3.24,3.26,220200,NaN,NaN,NaN,NaN,NaN,NaN,NaN
1754442000,3.29,3.29,3.23,3.25,307000,NaN,NaN,NaN,NaN,NaN,NaN,NaN
1754528400,3.25,3.29,3.25,3.28,404000,NaN,NaN,NaN,NaN,NaN,NaN,NaN
1754614800,3.28,3.42,3.28,3.34,1456800,NaN,NaN,NaN,NaN,NaN,NaN,NaN
1754874000,3.35,3.44,3.34,3.42,1314600,NaN,NaN,NaN,NaN,NaN,NaN,NaN
1754960400,3.42,3.44,3.39,3.4,722000,NaN,NaN,NaN,NaN,NaN,NaN,NaN
1755046800,3.41,3.43,3.31,3.33,872500,NaN,NaN,NaN,NaN,NaN,NaN,NaN
1755133200,3.33,3.4,3.3,3.36,457400,NaN,NaN,NaN,NaN,NaN,NaN,NaN
1755219600,3.36,3.36,3.32,3.33,681600,NaN,NaN,NaN,NaN,NaN,NaN,NaN
1755478800,3.32,3.33,3.27,3.32,384500,NaN,NaN,NaN,NaN,NaN,NaN,NaN
1755565200,3.32,3.32,3.26,3.28,383600,NaN,NaN,NaN,NaN,NaN,NaN,NaN
1755651600,3.29,3.29,3.21,3.22,585300,NaN,NaN,NaN,NaN,NaN,NaN,NaN
1755738000,3.21,3.25,3.2,3.21,308900,NaN,NaN,NaN,NaN,NaN,NaN,NaN
1755824400,3.21,3.24,3.18,3.21,872500,NaN,NaN,NaN,NaN,NaN,NaN,NaN
1756083600,3.25,3.32,3.25,3.26,254200,NaN,NaN,NaN,NaN,NaN,NaN,NaN
1756170000,3.26,3.26,3.15,3.15,595300,NaN,NaN,NaN,NaN,NaN,NaN,NaN
1756256400,3.16,3.19,3.14,3.15,741400,NaN,NaN,NaN,NaN,NaN,NaN,NaN
1756342800,3.15,3.18,3.13,3.14,596100,NaN,NaN,NaN,NaN,NaN,NaN,NaN
1756429200,3.15,3.15,3.11,3.12,635800,NaN,NaN,NaN,NaN,NaN,NaN,NaN
1756774800,3.12,3.15,3.08,3.12,761100,NaN,NaN,NaN,NaN,NaN,NaN,NaN
1756861200,3.16,3.16,3.07,3.13,1437900,NaN,NaN,NaN,NaN,NaN,NaN,NaN
1756947600,3.14,3.16,3.07,3.08,1129200,NaN,NaN,NaN,NaN,NaN,NaN,NaN
1757293200,3.08,3.19,3.08,3.16,1390300,NaN,NaN,NaN,NaN,NaN,NaN,NaN
1757379600,3.21,3.24,3.17,3.18,1451800,NaN,NaN,NaN,NaN,NaN,NaN,NaN
1757466000,3.2,3.2,3.11,3.13,1241000,NaN,NaN,NaN,NaN,NaN,NaN,NaN
1757552400,3.19,3.19,3.06,3.09,2536700,NaN,NaN,NaN,NaN,NaN,NaN,NaN
1757638800,3.07,3.16,3.07,3.16,1384600,NaN,NaN,NaN,NaN,NaN,NaN,NaN
1758070800,3.17,3.25,3.11,3.23,3731800,NaN,NaN,NaN,NaN,NaN,NaN,NaN
1758157200,3.25,3.4,3.23,3.39,3557400,NaN,NaN,NaN,NaN,NaN,NaN,NaN
1758243600,3.39,3.5,3.38,3.5,3351500,NaN,NaN,NaN,NaN,NaN,NaN,NaN
1758502800,3.51,3.71,3.51,3.65,1761600,NaN,NaN,NaN,NaN,NaN,NaN,NaN
1758589200,3.68,3.71,3.65,3.69,906700,NaN,NaN,NaN,NaN,NaN,NaN,NaN
1758675600,3.67,3.7,3.65,3.7,1426500,NaN,NaN,NaN,NaN,NaN,NaN,NaN
1758762000,3.7,3.8,3.69,3.71,1800000,NaN,NaN,NaN,NaN,NaN,NaN,NaN
1758848400,3.71,3.71,3.57,3.69,873500,NaN,NaN,NaN,NaN,NaN,NaN,NaN