time,open,high,low,close,Volume,Total common shares outstanding,Total assets,Total liabilities,Operating income,Total revenue,Shareholders&#039; equity,Dividend yield %
1512003600,5.6,5.65,4.9,5.01,38189900,6800839377,29454877000,16561993999.999998,2943173000,3686381000,12458084000,NaN
1512349200,5.01,5.01,4.83,4.85,23671700,NaN,NaN,NaN,NaN,NaN,NaN,NaN
1512435600,4.58,4.79,4.58,4.75,20480700,NaN,NaN,NaN,NaN,NaN,NaN,NaN
1512522000,4.62,4.88,4.61,4.87,9799800,NaN,NaN,NaN,NaN,NaN,NaN,NaN
1512608400,4.94,5.21,4.91,5.16,5875400,NaN,NaN,NaN,NaN,NaN,NaN,NaN
1512694800,5.22,5.44,5.22,5.29,14188200,NaN,NaN,NaN,NaN,NaN,NaN,NaN
1512954000,5.3,5.42,5.3,5.38,8852800,NaN,NaN,NaN,NaN,NaN,NaN,NaN
1513040400,5.4,5.4,5.36,5.38,10465100,NaN,NaN,NaN,NaN,NaN,NaN,NaN
1513126800,5.38,5.4,5.35,5.38,6272000,NaN,NaN,NaN,NaN,NaN,NaN,NaN
1513213200,5.32,5.39,5.23,5.27,13245500,NaN,NaN,NaN,NaN,NaN,NaN,NaN
1513299600,5.23,5.29,5.22,5.25,23395200,NaN,NaN,NaN,NaN,NaN,NaN,NaN
1513558800,5.25,5.31,5.18,5.3,5521300,NaN,NaN,NaN,NaN,NaN,NaN,NaN
1513645200,5.3,5.31,5.25,5.3,10424400,NaN,NaN,NaN,NaN,NaN,NaN,NaN
1513731600,5.31,5.48,5.28,5.42,8382900,NaN,NaN,NaN,NaN,NaN,NaN,NaN
1513818000,5.42,5.45,5.34,5.42,7750300,NaN,NaN,NaN,NaN,NaN,NaN,NaN
1513904400,5.44,5.44,5.39,5.43,3595200,NaN,NaN,NaN,NaN,NaN,NaN,NaN
1514250000,5.43,5.5,5.42,5.44,8086500,NaN,NaN,NaN,NaN,NaN,NaN,NaN
1514336400,5.41,5.49,5.41,5.47,2794900,NaN,NaN,NaN,NaN,NaN,NaN,NaN
1514422800,5.48,5.5,5.47,5.48,5531200,NaN,NaN,NaN,NaN,NaN,NaN,NaN
1514509200,5.51,6,5.48,6,18295600,NaN,NaN,NaN,NaN,NaN,NaN,NaN
1514854800,5.57,5.58,5.48,5.49,9040300,NaN,NaN,NaN,NaN,NaN,NaN,NaN
1514941200,5.53,5.53,5.45,5.5,8627800,NaN,NaN,NaN,NaN,NaN,NaN,NaN
1515027600,5.58,5.62,5.5,5.55,9553600,NaN,NaN,NaN,NaN,NaN,NaN,NaN
1515114000,5.56,5.64,5.56,5.61,13017100,NaN,NaN,NaN,NaN,NaN,NaN,NaN
1515373200,5.61,5.66,5.59,5.61,9821100,NaN,NaN,NaN,NaN,NaN,NaN,NaN
1515459600,5.62,5.62,5.55,5.6,10168000,NaN,NaN,NaN,NaN,NaN,NaN,NaN
1515546000,5.6,5.64,5.58,5.58,5682400,NaN,NaN,NaN,NaN,NaN,NaN,NaN
1515632400,5.55,5.57,5.5,5.52,5714700,NaN,NaN,NaN,NaN,NaN,NaN,NaN
1515718800,5.55,5.57,5.5,5.53,4305200,NaN,NaN,NaN,NaN,NaN,NaN,NaN
1515978000,5.54,5.56,5.5,5.54,569500,NaN,NaN,NaN,NaN,NaN,NaN,NaN
1516064400,5.5,5.51,5.42,5.5,6422700,NaN,NaN,NaN,NaN,NaN,NaN,NaN
1516150800,5.43,5.52,5.43,5.5,9453700,NaN,NaN,NaN,NaN,NaN,NaN,NaN
1516237200,5.5,5.54,5.48,5.54,13231000,NaN,NaN,NaN,NaN,NaN,NaN,NaN
1516323600,5.46,5.54,5.46,5.5,9418400,NaN,NaN,NaN,NaN,NaN,NaN,NaN
1516582800,5.5,5.51,5.48,5.5,6230600,NaN,NaN,NaN,NaN,NaN,NaN,NaN
1516669200,5.47,5.54,5.47,5.51,6911500,NaN,NaN,NaN,NaN,NaN,NaN,NaN
1516755600,5.5,5.53,5.49,5.51,3892500,NaN,NaN,NaN,NaN,NaN,NaN,NaN
1516842000,5.53,5.54,5.5,5.51,4810300,NaN,NaN,NaN,NaN,NaN,NaN,NaN
1516928400,5.51,5.51,5.48,5.5,8515900,NaN,NaN,NaN,NaN,NaN,NaN,NaN
1517187600,5.5,5.52,5.48,5.5,11863900,NaN,NaN,NaN,NaN,NaN,NaN,NaN
1517274000,5.46,5.51,5.46,5.5,4286700,NaN,NaN,NaN,NaN,NaN,NaN,NaN
1517533200,5.74,5.8,5.53,5.55,9629600,NaN,NaN,NaN,NaN,NaN,NaN,NaN
1517792400,5.46,5.52,5.41,5.49,6398100,NaN,NaN,NaN,NaN,NaN,NaN,NaN
1517878800,5.4,5.47,5.36,5.46,7646400,NaN,NaN,NaN,NaN,NaN,NaN,NaN
1517965200,5.46,5.55,5.45,5.5,6169400,NaN,NaN,NaN,NaN,NaN,NaN,NaN
1518051600,5.48,5.54,5.48,5.5,2425600,NaN,NaN,NaN,NaN,NaN,NaN,NaN
1518138000,5.45,5.51,5.4,5.5,4017100,NaN,NaN,NaN,NaN,NaN,NaN,NaN
1518397200,5.51,5.59,5.51,5.57,3325800,NaN,NaN,NaN,NaN,NaN,NaN,NaN
1518483600,5.6,5.6,5.55,5.58,4960600,NaN,NaN,NaN,NaN,NaN,NaN,NaN
1518570000,5.55,5.6,5.4,5.4,4216800,NaN,NaN,NaN,NaN,NaN,NaN,NaN
1518656400,5.49,5.52,5.46,5.49,1140400,NaN,NaN,NaN,NaN,NaN,NaN,NaN
1519002000,5.5,5.59,5.5,5.54,1409800,NaN,NaN,NaN,NaN,NaN,NaN,NaN
1519088400,5.5,5.56,5.5,5.55,2186500,NaN,NaN,NaN,NaN,NaN,NaN,NaN
1519174800,5.5,5.55,5.5,5.53,5761900,NaN,NaN,NaN,NaN,NaN,NaN,NaN
1519261200,5.54,5.55,5.5,5.5,4461200,NaN,NaN,NaN,NaN,NaN,NaN,NaN
1519347600,5.52,5.57,5.51,5.52,7491300,NaN,NaN,NaN,NaN,NaN,NaN,NaN
1519606800,5.5,5.54,5.49,5.5,5442400,NaN,NaN,NaN,NaN,NaN,NaN,NaN
1519693200,5.56,5.59,5.51,5.53,5402200,NaN,NaN,NaN,NaN,NaN,NaN,NaN
1519779600,5.54,5.55,5.35,5.35,8282400,NaN,NaN,NaN,NaN,NaN,NaN,NaN
1519866000,5.36,5.5,5.36,5.5,3486900,NaN,NaN,NaN,NaN,NaN,NaN,NaN
1519952400,5.49,5.58,5.49,5.51,3861600,NaN,NaN,NaN,NaN,NaN,NaN,NaN
1520211600,5.52,5.52,5.46,5.52,4438400,NaN,NaN,NaN,NaN,NaN,NaN,NaN
1520298000,5.53,5.53,5.46,5.51,4579700,NaN,NaN,NaN,NaN,NaN,NaN,NaN
1520384400,5.49,5.5,5.37,5.44,4181100,NaN,NaN,NaN,NaN,NaN,NaN,NaN
1520470800,5.41,5.49,5.38,5.46,2162800,NaN,NaN,NaN,NaN,NaN,NaN,NaN
1520557200,5.42,5.5,5.38,5.45,1493300,NaN,NaN,NaN,NaN,NaN,NaN,NaN
1520816400,5.53,5.59,5.5,5.56,5050000,NaN,NaN,NaN,NaN,NaN,NaN,NaN
1520902800,5.57,5.64,5.54,5.6,4291200,NaN,NaN,NaN,NaN,NaN,NaN,NaN
1520989200,5.55,5.65,5.55,5.56,5678600,NaN,NaN,NaN,NaN,NaN,NaN,NaN
1521075600,5.6,5.63,5.52,5.52,3369900,NaN,NaN,NaN,NaN,NaN,NaN,NaN
1521162000,5.57,5.58,5.48,5.48,14234000,NaN,NaN,NaN,NaN,NaN,NaN,NaN
1521421200,5.52,5.52,5.5,5.5,4443300,NaN,NaN,NaN,NaN,NaN,NaN,NaN
1521507600,5.5,5.6,5.42,5.6,2264400,NaN,NaN,NaN,NaN,NaN,NaN,NaN
1521594000,5.6,5.61,5.57,5.59,4370100,NaN,NaN,NaN,NaN,NaN,NaN,NaN
1521680400,5.52,5.6,5.52,5.6,1555600,NaN,NaN,NaN,NaN,NaN,NaN,NaN
1521766800,5.5,5.64,5.5,5.64,1105400,NaN,NaN,NaN,NaN,NaN,NaN,NaN
1522026000,5.6,5.6,5.54,5.58,1679400,NaN,NaN,NaN,NaN,NaN,NaN,NaN
1522112400,5.58,5.59,5.57,5.59,1664400,NaN,NaN,NaN,NaN,NaN,NaN,NaN
1522198800,5.5,5.58,5.5,5.52,2402400,NaN,NaN,NaN,NaN,NaN,NaN,NaN
1522285200,5.52,5.54,5.5,5.5,3647700,NaN,NaN,NaN,NaN,NaN,NaN,NaN
1522371600,5.46,5.53,5.46,5.52,2840600,6800839377,27569000000,13279000000,426000000,3659000000,13910000000,NaN
1522630800,5.5,5.55,5.5,5.53,645900,NaN,NaN,NaN,NaN,NaN,NaN,NaN
1522717200,5.5,5.55,5.49,5.54,856100,NaN,NaN,NaN,NaN,NaN,NaN,NaN
1522803600,5.53,5.54,5.49,5.51,1718900,NaN,NaN,NaN,NaN,NaN,NaN,NaN
1522890000,5.51,5.52,5.5,5.5,4827200,NaN,NaN,NaN,NaN,NaN,NaN,NaN
1522976400,5.5,5.51,5.45,5.5,2284000,NaN,NaN,NaN,NaN,NaN,NaN,NaN
1523235600,5.48,5.58,5.46,5.52,1042300,NaN,NaN,NaN,NaN,NaN,NaN,NaN
1523322000,5.5,5.8,5.5,5.8,1879000,NaN,NaN,NaN,NaN,NaN,NaN,NaN
1523408400,5.74,5.74,5.57,5.63,3172100,NaN,NaN,NaN,NaN,NaN,NaN,NaN
1523494800,5.54,5.64,5.54,5.59,3427800,NaN,NaN,NaN,NaN,NaN,NaN,NaN
1523581200,5.55,5.63,5.55,5.59,4335400,NaN,NaN,NaN,NaN,NaN,NaN,NaN
1523840400,5.64,5.64,5.56,5.64,1481200,NaN,NaN,NaN,NaN,NaN,NaN,NaN
1523926800,5.51,5.64,5.51,5.6,2276100,NaN,NaN,NaN,NaN,NaN,NaN,NaN
1524013200,5.55,5.6,5.53,5.6,928300,NaN,NaN,NaN,NaN,NaN,NaN,NaN
1524099600,5.61,5.65,5.54,5.6,2502400,NaN,NaN,NaN,NaN,NaN,NaN,NaN
1524186000,5.6,5.63,5.49,5.52,4851700,NaN,NaN,NaN,NaN,NaN,NaN,NaN
1524445200,5.53,5.57,5.5,5.57,2347100,NaN,NaN,NaN,NaN,NaN,NaN,NaN
1524531600,5.53,5.62,5.52,5.54,3780000,NaN,NaN,NaN,NaN,NaN,NaN,NaN
1524618000,5.52,5.52,5.49,5.5,3603100,NaN,NaN,NaN,NaN,NaN,NaN,NaN
1524704400,5.51,5.58,5.51,5.56,2566300,NaN,NaN,NaN,NaN,NaN,NaN,NaN
1524790800,5.51,5.57,5.46,5.56,2009300,NaN,NaN,NaN,NaN,NaN,NaN,NaN
1525050000,5.56,5.6,5.49,5.57,3741000,NaN,NaN,NaN,NaN,NaN,NaN,NaN
1525222800,5.55,5.58,5.47,5.49,2164500,NaN,NaN,NaN,NaN,NaN,NaN,NaN
1525309200,5.5,5.52,5.47,5.51,2754700,NaN,NaN,NaN,NaN,NaN,NaN,NaN
1525395600,5.47,5.5,5.47,5.49,2858700,NaN,NaN,NaN,NaN,NaN,NaN,NaN
1525654800,5.46,5.47,5.43,5.46,1817200,NaN,NaN,NaN,NaN,NaN,NaN,NaN
1525741200,5.43,5.47,5.43,5.44,2852100,NaN,NaN,NaN,NaN,NaN,NaN,NaN
1526259600,5.33,5.54,5.32,5.45,4532800,NaN,NaN,NaN,NaN,NaN,NaN,NaN
1526346000,5.5,5.57,5.46,5.51,3883600,NaN,NaN,NaN,NaN,NaN,NaN,NaN
1526432400,5.53,5.55,5.5,5.54,1197000,NaN,NaN,NaN,NaN,NaN,NaN,NaN
1526518800,5.54,5.57,5.53,5.55,5125600,NaN,NaN,NaN,NaN,NaN,NaN,NaN
1526605200,5.55,5.56,5.48,5.52,4512000,NaN,NaN,NaN,NaN,NaN,NaN,NaN
1526864400,5.52,5.56,5.46,5.56,3423200,NaN,NaN,NaN,NaN,NaN,NaN,NaN
1526950800,5.51,5.57,5.51,5.54,2039600,NaN,NaN,NaN,NaN,NaN,NaN,NaN
1527037200,5.56,5.56,5.48,5.5,3164800,NaN,NaN,NaN,NaN,NaN,NaN,NaN
1527123600,5.45,5.55,5.45,5.51,1979900,NaN,NaN,NaN,NaN,NaN,NaN,NaN
1527210000,5.52,5.57,5.5,5.5,3514000,NaN,NaN,NaN,NaN,NaN,NaN,NaN
1527469200,5.55,5.55,5.48,5.49,1364700,NaN,NaN,NaN,NaN,NaN,NaN,NaN
1527642000,5.43,5.46,5.12,5.41,8753800,NaN,NaN,NaN,NaN,NaN,NaN,NaN
1527728400,5.51,5.65,5.37,5.54,15948100,NaN,NaN,NaN,NaN,NaN,NaN,NaN
1527814800,5.47,5.5,5.3,5.35,5541900,NaN,NaN,NaN,NaN,NaN,NaN,NaN
1528074000,5.32,5.35,5.19,5.25,3196100,NaN,NaN,NaN,NaN,NaN,NaN,NaN
1528160400,5.38,5.48,5.3,5.48,3088100,NaN,NaN,NaN,NaN,NaN,NaN,NaN
1528246800,5.49,5.51,5.32,5.37,3872700,NaN,NaN,NaN,NaN,NaN,NaN,NaN
1528333200,5.35,5.47,5.3,5.37,2900900,NaN,NaN,NaN,NaN,NaN,NaN,NaN
1528419600,5.34,5.45,5.23,5.23,4491900,NaN,NaN,NaN,NaN,NaN,NaN,NaN
1528678800,5.25,5.47,5.24,5.38,5287100,NaN,NaN,NaN,NaN,NaN,NaN,NaN
1528765200,5.45,5.45,5.32,5.34,2305500,NaN,NaN,NaN,NaN,NaN,NaN,NaN
1528851600,5.31,5.47,5.3,5.46,9581200,NaN,NaN,NaN,NaN,NaN,NaN,NaN
1528938000,5.36,5.51,5.36,5.51,24436200,NaN,NaN,NaN,NaN,NaN,NaN,NaN
1529283600,5.36,5.52,5.31,5.48,2074100,NaN,NaN,NaN,NaN,NaN,NaN,NaN
1529370000,5.48,5.5,5.41,5.45,4611800,NaN,NaN,NaN,NaN,NaN,NaN,NaN
1529456400,5.49,5.49,5.4,5.45,2845700,NaN,NaN,NaN,NaN,NaN,NaN,NaN
1529542800,5.45,5.47,5.25,5.35,6689400,NaN,NaN,NaN,NaN,NaN,NaN,NaN
1529629200,5.34,5.34,5.22,5.28,6016900,NaN,NaN,NaN,NaN,NaN,NaN,NaN
1529888400,5.33,5.39,5.23,5.35,5195600,NaN,NaN,NaN,NaN,NaN,NaN,NaN
1529974800,5.3,5.35,5.25,5.29,4709200,NaN,NaN,NaN,NaN,NaN,NaN,NaN
1530061200,5.29,5.31,5.27,5.3,3223300,NaN,NaN,NaN,NaN,NaN,NaN,NaN
1530147600,5.26,5.39,5.26,5.35,2716700,NaN,NaN,NaN,NaN,NaN,NaN,NaN
1530234000,5.3,5.39,5.3,5.33,6478400,6800839377,27491000000,13408000000,407000000,3084000000,13675000000,NaN
1530493200,5.32,5.34,5.3,5.33,2345200,NaN,NaN,NaN,NaN,NaN,NaN,NaN
1530579600,5.33,5.35,5.32,5.34,1169800,NaN,NaN,NaN,NaN,NaN,NaN,NaN
1530666000,5.33,5.35,5.32,5.35,487700,NaN,NaN,NaN,NaN,NaN,NaN,NaN
1530752400,5.34,5.35,5.33,5.35,2981400,NaN,NaN,NaN,NaN,NaN,NaN,NaN
1530838800,5.27,5.35,5.2,5.26,6327500,NaN,NaN,NaN,NaN,NaN,NaN,NaN
1531098000,5.24,5.32,5.24,5.3,1045100,NaN,NaN,NaN,NaN,NaN,NaN,NaN
1531184400,5.3,5.35,5.26,5.35,1161200,NaN,NaN,NaN,NaN,NaN,NaN,NaN
1531270800,5.26,5.38,5.24,5.38,1162400,NaN,NaN,NaN,NaN,NaN,NaN,NaN
1531357200,5.38,5.38,5.28,5.29,819900,NaN,NaN,NaN,NaN,NaN,NaN,NaN
1531443600,5.37,5.37,5.26,5.29,1457100,NaN,NaN,NaN,NaN,NaN,NaN,NaN
1531702800,5.29,5.32,5.27,5.32,1028400,NaN,NaN,NaN,NaN,NaN,NaN,NaN
1531789200,5.33,5.33,5.19,5.23,1982100,NaN,NaN,NaN,NaN,NaN,NaN,NaN
1531875600,5.23,5.27,5.22,5.25,2789300,NaN,NaN,NaN,NaN,NaN,NaN,NaN
1531962000,5.29,5.29,5.19,5.19,1350300,NaN,NaN,NaN,NaN,NaN,NaN,NaN
1532048400,5.18,5.22,5.15,5.18,2092300,NaN,NaN,NaN,NaN,NaN,NaN,NaN
1532307600,5.15,5.22,5.15,5.16,3927600,NaN,NaN,NaN,NaN,NaN,NaN,NaN
1532394000,5.2,5.34,5.18,5.33,999200,NaN,NaN,NaN,NaN,NaN,NaN,NaN
1532480400,5.25,5.29,5.23,5.25,591500,NaN,NaN,NaN,NaN,NaN,NaN,NaN
1532566800,5.26,5.32,5.21,5.25,1622000,NaN,NaN,NaN,NaN,NaN,NaN,NaN
1532653200,5.21,5.25,5.21,5.23,1026100,NaN,NaN,NaN,NaN,NaN,NaN,NaN
1532912400,5.26,5.27,5.22,5.25,1314300,NaN,NaN,NaN,NaN,NaN,NaN,NaN
1532998800,5.23,5.32,5.23,5.25,4869500,NaN,NaN,NaN,NaN,NaN,NaN,NaN
1533085200,5.25,5.34,5.24,5.32,1457900,NaN,NaN,NaN,NaN,NaN,NaN,NaN
1533171600,5.25,5.3,5.14,5.18,2025900,NaN,NaN,NaN,NaN,NaN,NaN,NaN
1533258000,5.19,5.33,5.17,5.26,3260300,NaN,NaN,NaN,NaN,NaN,NaN,NaN
1533517200,5.3,5.33,5.26,5.31,1901800,NaN,NaN,NaN,NaN,NaN,NaN,NaN
1533603600,5.34,5.34,5.3,5.34,3503200,NaN,NaN,NaN,NaN,NaN,NaN,NaN
1533690000,5.34,5.38,5.3,5.31,6241400,NaN,NaN,NaN,NaN,NaN,NaN,NaN
1533776400,5.29,5.35,5.29,5.34,2889500,NaN,NaN,NaN,NaN,NaN,NaN,NaN
1533862800,5.38,5.4,5.33,5.37,7935700,NaN,NaN,NaN,NaN,NaN,NaN,NaN
1534122000,5.3,5.37,5.2,5.21,738700,NaN,NaN,NaN,NaN,NaN,NaN,NaN
1534208400,5.2,5.3,5.2,5.25,1838300,NaN,NaN,NaN,NaN,NaN,NaN,NaN
1534294800,5.3,5.3,5.18,5.18,2606700,NaN,NaN,NaN,NaN,NaN,NaN,NaN
1534381200,5.18,5.21,5.15,5.16,775200,NaN,NaN,NaN,NaN,NaN,NaN,NaN
1534467600,5.16,5.25,5.15,5.24,2642900,NaN,NaN,NaN,NaN,NaN,NaN,NaN
1534726800,5.23,5.24,5.17,5.17,1826200,NaN,NaN,NaN,NaN,NaN,NaN,NaN
1534813200,5.19,5.33,5.18,5.24,3040800,NaN,NaN,NaN,NaN,NaN,NaN,NaN
1534986000,5.32,5.33,5.28,5.33,4387300,NaN,NaN,NaN,NaN,NaN,NaN,NaN
1535072400,5.35,5.35,5.26,5.34,1061500,NaN,NaN,NaN,NaN,NaN,NaN,NaN
1535331600,5.34,5.34,5.2,5.2,2767000,NaN,NaN,NaN,NaN,NaN,NaN,NaN
1535418000,5.2,5.3,5.19,5.3,1687500,NaN,NaN,NaN,NaN,NaN,NaN,NaN
1535504400,5.3,5.34,5.25,5.34,2945200,NaN,NaN,NaN,NaN,NaN,NaN,NaN
1535590800,5.36,5.37,5.26,5.36,6618200,NaN,NaN,NaN,NaN,NaN,NaN,NaN
1535936400,5.32,5.33,5.23,5.26,755500,NaN,NaN,NaN,NaN,NaN,NaN,NaN
1536022800,5.26,5.28,5.23,5.26,3436000,NaN,NaN,NaN,NaN,NaN,NaN,NaN
1536109200,5.22,5.24,5.17,5.24,3729600,NaN,NaN,NaN,NaN,NaN,NaN,NaN
1536195600,5.27,5.29,5.2,5.29,1475800,NaN,NaN,NaN,NaN,NaN,NaN,NaN
1536282000,5.22,5.3,5.17,5.3,4601300,NaN,NaN,NaN,NaN,NaN,NaN,NaN
1536714000,5.44,5.46,5.16,5.21,3413600,NaN,NaN,NaN,NaN,NaN,NaN,NaN
1536800400,5.21,5.29,5.19,5.23,2449600,NaN,NaN,NaN,NaN,NaN,NaN,NaN
1536886800,5.23,5.32,5.23,5.31,3627500,NaN,NaN,NaN,NaN,NaN,NaN,NaN
1537232400,5.23,5.26,5.17,5.23,1641600,NaN,NaN,NaN,NaN,NaN,NaN,NaN
1537318800,5.23,5.35,5.23,5.3,4194200,NaN,NaN,NaN,NaN,NaN,NaN,NaN
1537405200,5.34,5.38,5.29,5.32,5100100,NaN,NaN,NaN,NaN,NaN,NaN,NaN
1537491600,5.4,5.41,5.3,5.36,7788700,NaN,NaN,NaN,NaN,NaN,NaN,NaN
1537750800,5.25,5.32,5.24,5.31,324800,NaN,NaN,NaN,NaN,NaN,NaN,NaN
1537837200,5.31,5.31,5.27,5.3,519300,NaN,NaN,NaN,NaN,NaN,NaN,NaN
1537923600,5.25,5.43,5.25,5.33,1786800,NaN,NaN,NaN,NaN,NaN,NaN,NaN
1538010000,5.33,5.35,5.3,5.34,3015700,NaN,NaN,NaN,NaN,NaN,NaN,NaN
1538096400,5.34,5.35,5.3,5.3,18516900,6800839377,28986000000,14642000000,248000000,3039000000,13931000000,NaN
1538355600,5.31,5.34,5.24,5.24,4972800,NaN,NaN,NaN,NaN,NaN,NaN,NaN
1538442000,5.24,5.31,5.24,5.28,3295400,NaN,NaN,NaN,NaN,NaN,NaN,NaN
1538528400,5.31,5.31,5.22,5.26,2259900,NaN,NaN,NaN,NaN,NaN,NaN,NaN
1538614800,5.28,5.29,5.23,5.25,5983300,NaN,NaN,NaN,NaN,NaN,NaN,NaN
1538701200,5.25,5.29,5.21,5.25,6884600,NaN,NaN,NaN,NaN,NaN,NaN,NaN
1538960400,5.25,5.27,5.25,5.25,699500,NaN,NaN,NaN,NaN,NaN,NaN,NaN
1539046800,5.26,5.27,5.24,5.27,780500,NaN,NaN,NaN,NaN,NaN,NaN,NaN
1539133200,5.35,5.35,5.17,5.24,4983400,NaN,NaN,NaN,NaN,NaN,NaN,NaN
1539219600,5.16,5.27,5.02,5.24,8615900,NaN,NaN,NaN,NaN,NaN,NaN,NaN
1539306000,5.32,5.37,5.18,5.21,5412800,NaN,NaN,NaN,NaN,NaN,NaN,NaN
1539565200,5.18,5.33,5.12,5.18,1493800,NaN,NaN,NaN,NaN,NaN,NaN,NaN
1539651600,5.18,5.24,5.18,5.2,4673600,NaN,NaN,NaN,NaN,NaN,NaN,NaN
1539738000,5.2,5.27,5.2,5.23,1568900,NaN,NaN,NaN,NaN,NaN,NaN,NaN
1539824400,5.2,5.23,5.13,5.13,6326100,NaN,NaN,NaN,NaN,NaN,NaN,NaN
1539910800,5.09,5.3,5.07,5.28,3040800,NaN,NaN,NaN,NaN,NaN,NaN,NaN
1540170000,5.22,5.26,5.22,5.23,883700,NaN,NaN,NaN,NaN,NaN,NaN,NaN
1540256400,5.19,5.26,5.18,5.2,2378300,NaN,NaN,NaN,NaN,NaN,NaN,NaN
1540342800,5.25,5.26,5.22,5.25,1310400,NaN,NaN,NaN,NaN,NaN,NaN,NaN
1540429200,5.18,5.19,5.14,5.17,2782300,NaN,NaN,NaN,NaN,NaN,NaN,NaN
1540515600,5.18,5.18,5.14,5.18,1560500,NaN,NaN,NaN,NaN,NaN,NaN,NaN
1540774800,5.18,5.18,5.14,5.18,703600,NaN,NaN,NaN,NaN,NaN,NaN,NaN
1540861200,5.17,5.2,5.11,5.12,1105200,NaN,NaN,NaN,NaN,NaN,NaN,NaN
1540947600,5.1,5.29,5.1,5.26,3473700,NaN,NaN,NaN,NaN,NaN,NaN,NaN
1541034000,5.26,5.28,5.18,5.28,486800,NaN,NaN,NaN,NaN,NaN,NaN,NaN
1541120400,5.29,5.37,5.26,5.29,960200,NaN,NaN,NaN,NaN,NaN,NaN,NaN
1541379600,5.39,5.39,5.21,5.28,1963700,NaN,NaN,NaN,NaN,NaN,NaN,NaN
1541552400,5.3,5.32,5.19,5.2,4386900,NaN,NaN,NaN,NaN,NaN,NaN,NaN
1541638800,5.28,5.3,5.19,5.2,3841200,NaN,NaN,NaN,NaN,NaN,NaN,NaN
1541725200,5.2,5.26,5.16,5.25,3774400,NaN,NaN,NaN,NaN,NaN,NaN,NaN
1541984400,5.2,5.22,5.1,5.16,1828000,NaN,NaN,NaN,NaN,NaN,NaN,NaN
1542070800,5.11,5.2,5.06,5.2,3048400,NaN,NaN,NaN,NaN,NaN,NaN,NaN
1542157200,5.15,5.27,5.13,5.25,3921700,NaN,NaN,NaN,NaN,NaN,NaN,NaN
1542243600,5.25,5.31,5.18,5.26,6210700,NaN,NaN,NaN,NaN,NaN,NaN,NaN
1542330000,5.31,5.32,5.22,5.26,1435700,NaN,NaN,NaN,NaN,NaN,NaN,NaN
1542589200,5.23,5.32,5.23,5.29,1663800,NaN,NaN,NaN,NaN,NaN,NaN,NaN
1542762000,5.2,5.27,5.05,5.23,8301000,NaN,NaN,NaN,NaN,NaN,NaN,NaN
1542848400,5.17,5.23,5.15,5.18,1282500,NaN,NaN,NaN,NaN,NaN,NaN,NaN
1542934800,5.17,5.19,5.14,5.18,4619700,NaN,NaN,NaN,NaN,NaN,NaN,NaN
1543194000,5.14,5.16,5.04,5.06,2635700,NaN,NaN,NaN,NaN,NaN,NaN,NaN
1543280400,5.09,5.1,4.93,5.02,4648300,NaN,NaN,NaN,NaN,NaN,NaN,NaN
1543366800,5.08,5.08,4.81,4.9,7548500,NaN,NaN,NaN,NaN,NaN,NaN,NaN
1543453200,4.95,5,4.82,4.97,8948400,NaN,NaN,NaN,NaN,NaN,NaN,NaN
1543539600,5,5,4.65,4.7,8748700,NaN,NaN,NaN,NaN,NaN,NaN,NaN
1543798800,4.79,4.94,4.74,4.94,4661600,NaN,NaN,NaN,NaN,NaN,NaN,NaN
1543885200,4.94,4.94,4.8,4.83,4038000,NaN,NaN,NaN,NaN,NaN,NaN,NaN
1543971600,4.71,4.8,4.69,4.8,8846900,NaN,NaN,NaN,NaN,NaN,NaN,NaN
1544058000,4.72,4.82,4.6,4.67,5035100,NaN,NaN,NaN,NaN,NaN,NaN,NaN
1544144400,4.67,4.72,4.63,4.69,6312300,NaN,NaN,NaN,NaN,NaN,NaN,NaN
1544403600,4.63,4.65,4.44,4.48,3820400,NaN,NaN,NaN,NaN,NaN,NaN,NaN
1544490000,4.4,4.55,4.4,4.44,1843700,NaN,NaN,NaN,NaN,NaN,NaN,NaN
1544576400,4.47,4.5,4.42,4.44,5673400,NaN,NaN,NaN,NaN,NaN,NaN,NaN
1544662800,4.48,4.48,4.42,4.46,2390900,NaN,NaN,NaN,NaN,NaN,NaN,NaN
1544749200,4.48,4.48,4.38,4.43,2402300,NaN,NaN,NaN,NaN,NaN,NaN,NaN
1545008400,4.34,4.41,4.23,4.3,1556800,NaN,NaN,NaN,NaN,NaN,NaN,NaN
1545094800,4.25,4.25,3.95,4.09,3624000,NaN,NaN,NaN,NaN,NaN,NaN,NaN
1545181200,4.12,4.42,4.1,4.42,2014400,NaN,NaN,NaN,NaN,NaN,NaN,NaN
1545267600,4.29,4.38,4.2,4.36,2850600,NaN,NaN,NaN,NaN,NaN,NaN,NaN
1545354000,4.38,4.82,4.28,4.79,6445700,NaN,NaN,NaN,NaN,NaN,NaN,NaN
1545613200,4.74,4.74,4.53,4.63,667300,NaN,NaN,NaN,NaN,NaN,NaN,NaN
1545786000,4.53,4.68,4.53,4.61,1006500,NaN,NaN,NaN,NaN,NaN,NaN,NaN
1545872400,4.68,4.8,4.64,4.78,769100,NaN,NaN,NaN,NaN,NaN,NaN,NaN
1545958800,4.7,4.81,4.64,4.78,1387800,NaN,NaN,NaN,NaN,NaN,NaN,NaN
1546218000,4.83,4.91,4.76,4.76,2282300,6800839377,28626302000,15404387000,259000000,3504000000,13118449000,2.77310924369748
1546390800,4.65,4.74,4.51,4.55,2440500,NaN,NaN,NaN,NaN,NaN,NaN,NaN
1546477200,4.6,4.81,4.55,4.71,1405700,NaN,NaN,NaN,NaN,NaN,NaN,NaN
1546563600,4.71,4.8,4.68,4.8,629700,NaN,NaN,NaN,NaN,NaN,NaN,NaN
1546822800,4.75,5,4.75,5,3795400,NaN,NaN,NaN,NaN,NaN,NaN,NaN
1546909200,5,5.05,4.8,4.92,2128500,NaN,NaN,NaN,NaN,NaN,NaN,NaN
1546995600,5.03,5.07,4.95,5.03,6976900,NaN,NaN,NaN,NaN,NaN,NaN,NaN
1547082000,5.1,5.15,4.88,5.05,3652700,NaN,NaN,NaN,NaN,NaN,NaN,NaN
1547168400,5.07,5.1,5.02,5.1,5955300,NaN,NaN,NaN,NaN,NaN,NaN,NaN
1547427600,5.1,5.13,5.08,5.1,2180800,NaN,NaN,NaN,NaN,NaN,NaN,NaN
1547514000,5.1,5.1,5.01,5.08,3114800,NaN,NaN,NaN,NaN,NaN,NaN,NaN
1547600400,5.01,5.1,5.01,5.09,6647000,NaN,NaN,NaN,NaN,NaN,NaN,NaN
1547686800,5.1,5.14,5.09,5.1,4786900,NaN,NaN,NaN,NaN,NaN,NaN,NaN
1547773200,4.95,5.12,4.95,5.11,2143500,NaN,NaN,NaN,NaN,NaN,NaN,NaN
1548118800,5.13,5.23,5.13,5.17,3412800,NaN,NaN,NaN,NaN,NaN,NaN,NaN
1548205200,5.11,5.17,5.1,5.15,3509900,NaN,NaN,NaN,NaN,NaN,NaN,NaN
1548291600,5.15,5.16,5.14,5.15,2839000,NaN,NaN,NaN,NaN,NaN,NaN,NaN
1548378000,5.18,5.19,5.14,5.18,4181900,NaN,NaN,NaN,NaN,NaN,NaN,NaN
1548637200,5.2,5.2,5.15,5.18,3136400,NaN,NaN,NaN,NaN,NaN,NaN,NaN
1548723600,5.16,5.16,5.03,5.11,3117700,NaN,NaN,NaN,NaN,NaN,NaN,NaN
1548810000,5.12,5.14,5.06,5.12,1465500,NaN,NaN,NaN,NaN,NaN,NaN,NaN
1548896400,5.2,5.2,5.14,5.17,5071200,NaN,NaN,NaN,NaN,NaN,NaN,NaN
1549242000,5.17,5.17,5.09,5.14,477500,NaN,NaN,NaN,NaN,NaN,NaN,NaN
1549501200,5.16,5.2,5.12,5.15,1973800,NaN,NaN,NaN,NaN,NaN,NaN,NaN
1549587600,5.18,5.18,5.14,5.16,2715800,NaN,NaN,NaN,NaN,NaN,NaN,NaN
1549846800,5.11,5.14,5.09,5.11,2686500,NaN,NaN,NaN,NaN,NaN,NaN,NaN
1549933200,5.18,5.18,5.1,5.13,2960200,NaN,NaN,NaN,NaN,NaN,NaN,NaN
1550019600,5.12,5.17,5.12,5.14,2887900,NaN,NaN,NaN,NaN,NaN,NaN,NaN
1550106000,5.11,5.16,5.1,5.12,2529300,NaN,NaN,NaN,NaN,NaN,NaN,NaN
1550192400,5.16,5.16,5.07,5.16,1789400,NaN,NaN,NaN,NaN,NaN,NaN,NaN
1550451600,5.16,5.17,5.15,5.16,2188800,NaN,NaN,NaN,NaN,NaN,NaN,NaN
1550538000,5.16,5.2,5.14,5.16,5317500,NaN,NaN,NaN,NaN,NaN,NaN,NaN
1550624400,5.22,5.32,5.21,5.28,8695600,NaN,NaN,NaN,NaN,NaN,NaN,NaN
1550710800,5.21,5.29,5.21,5.27,6654200,NaN,NaN,NaN,NaN,NaN,NaN,NaN
1550797200,5.32,5.32,5.16,5.24,1764900,NaN,NaN,NaN,NaN,NaN,NaN,NaN
1551056400,5.29,5.29,5.15,5.26,2797600,NaN,NaN,NaN,NaN,NaN,NaN,NaN
1551142800,5.27,5.27,5.19,5.24,1675000,NaN,NaN,NaN,NaN,NaN,NaN,NaN
1551229200,5.14,5.23,5.01,5.09,1353700,NaN,NaN,NaN,NaN,NaN,NaN,NaN
1551315600,5.16,5.16,5.03,5.1,3783100,NaN,NaN,NaN,NaN,NaN,NaN,NaN
1551402000,5.03,5.16,5.03,5.11,2198900,NaN,NaN,NaN,NaN,NaN,NaN,NaN
1551661200,5.05,5.17,5.05,5.11,2202000,NaN,NaN,NaN,NaN,NaN,NaN,NaN
1551747600,5.11,5.16,5.06,5.09,1949300,NaN,NaN,NaN,NaN,NaN,NaN,NaN
1551834000,5.09,5.15,5.09,5.13,939900,NaN,NaN,NaN,NaN,NaN,NaN,NaN
1551920400,5.11,5.18,5.11,5.14,774700,NaN,NaN,NaN,NaN,NaN,NaN,NaN
1552006800,5.1,5.16,5.08,5.1,3058600,NaN,NaN,NaN,NaN,NaN,NaN,NaN
1552266000,5.05,5.14,5.05,5.1,2029800,NaN,NaN,NaN,NaN,NaN,NaN,NaN
1552352400,5.06,5.09,5.03,5.08,1953200,NaN,NaN,NaN,NaN,NaN,NaN,NaN
1552438800,5.06,5.1,5.06,5.09,2015600,NaN,NaN,NaN,NaN,NaN,NaN,NaN
1552525200,5.05,5.09,5.05,5.07,2436000,NaN,NaN,NaN,NaN,NaN,NaN,NaN
1552611600,5.08,5.09,5.05,5.05,10169200,NaN,NaN,NaN,NaN,NaN,NaN,NaN
1552870800,5.05,5.16,5.05,5.1,2110100,NaN,NaN,NaN,NaN,NaN,NaN,NaN
1552957200,5.09,5.1,5.06,5.09,996600,NaN,NaN,NaN,NaN,NaN,NaN,NaN
1553043600,5.05,5.16,5.05,5.15,938000,NaN,NaN,NaN,NaN,NaN,NaN,NaN
1553130000,5.17,5.18,5.05,5.06,3409100,NaN,NaN,NaN,NaN,NaN,NaN,NaN
1553216400,5.04,5.07,5.01,5.07,1366900,NaN,NaN,NaN,NaN,NaN,NaN,NaN
1553475600,5.03,5.07,4.99,5.06,2411000,NaN,NaN,NaN,NaN,NaN,NaN,NaN
1553562000,5.05,5.12,5,5.08,592300,NaN,NaN,NaN,NaN,NaN,NaN,NaN
1553648400,5.06,5.13,5.06,5.09,1426500,NaN,NaN,NaN,NaN,NaN,NaN,NaN
1553734800,5.06,5.09,4.99,5.02,2286400,NaN,NaN,NaN,NaN,NaN,NaN,NaN
1553821200,5.09,5.1,4.95,5.02,1669900,6884575000,28538000000,14536000000,171000000,2999000000,13606000000,2.62948207171315
1554080400,5,5.1,5,5.08,3060900,NaN,NaN,NaN,NaN,NaN,NaN,NaN
1554166800,5.15,5.18,5.01,5.02,2946500,NaN,NaN,NaN,NaN,NaN,NaN,NaN
1554253200,5.05,5.11,5.04,5.05,1895700,NaN,NaN,NaN,NaN,NaN,NaN,NaN
1554339600,5.09,5.16,5.05,5.05,3840100,NaN,NaN,NaN,NaN,NaN,NaN,NaN
1554426000,5.09,5.15,5.09,5.15,711200,NaN,NaN,NaN,NaN,NaN,NaN,NaN
1554685200,5.14,5.17,5.1,5.17,1819300,NaN,NaN,NaN,NaN,NaN,NaN,NaN
1554771600,5.17,5.18,5.14,5.15,1586900,NaN,NaN,NaN,NaN,NaN,NaN,NaN
1554858000,5.12,5.15,5.11,5.14,880400,NaN,NaN,NaN,NaN,NaN,NaN,NaN
1554944400,5.12,5.12,5.03,5.05,829000,NaN,NaN,NaN,NaN,NaN,NaN,NaN
1555030800,5.09,5.14,5.05,5.1,585600,NaN,NaN,NaN,NaN,NaN,NaN,NaN
1555290000,5.1,5.15,5.09,5.1,637600,NaN,NaN,NaN,NaN,NaN,NaN,NaN
1555376400,5.1,5.15,5.07,5.13,6503200,NaN,NaN,NaN,NaN,NaN,NaN,NaN
1555462800,5.11,5.11,5.1,5.11,1578100,NaN,NaN,NaN,NaN,NaN,NaN,NaN
1555549200,5.15,5.15,5.03,5.1,5005700,NaN,NaN,NaN,NaN,NaN,NaN,NaN
1555635600,5.09,5.11,5.09,5.1,367500,NaN,NaN,NaN,NaN,NaN,NaN,NaN
1555894800,5.1,5.13,5.04,5.06,2429700,NaN,NaN,NaN,NaN,NaN,NaN,NaN
1555981200,5.09,5.09,5.02,5.04,962500,NaN,NaN,NaN,NaN,NaN,NaN,NaN
1556067600,5.12,5.12,5.05,5.09,2160000,NaN,NaN,NaN,NaN,NaN,NaN,NaN
1556154000,5.09,5.15,5.06,5.09,3808400,NaN,NaN,NaN,NaN,NaN,NaN,NaN
1556240400,5.15,5.15,5.06,5.12,488900,NaN,NaN,NaN,NaN,NaN,NaN,NaN
1556499600,5.1,5.15,5.05,5.15,363000,NaN,NaN,NaN,NaN,NaN,NaN,NaN
1556586000,5.08,5.16,5.08,5.16,2864700,NaN,NaN,NaN,NaN,NaN,NaN,NaN
1556758800,5.1,5.13,5.08,5.08,398800,NaN,NaN,NaN,NaN,NaN,NaN,NaN
1556845200,5.07,5.12,5.06,5.08,1254100,NaN,NaN,NaN,NaN,NaN,NaN,NaN
1557104400,5.08,5.15,5.06,5.14,626300,NaN,NaN,NaN,NaN,NaN,NaN,NaN
1557190800,5.09,5.13,5.08,5.1,860900,NaN,NaN,NaN,NaN,NaN,NaN,NaN
1557277200,5.08,5.08,5.01,5.07,1958900,NaN,NaN,NaN,NaN,NaN,NaN,NaN
1557363600,5.05,5.05,4.95,4.99,2801600,NaN,NaN,NaN,NaN,NaN,NaN,NaN
1557450000,4.95,4.98,4.91,4.95,2225600,NaN,NaN,NaN,NaN,NaN,NaN,NaN
1557709200,4.9,4.95,4.84,4.91,3406200,NaN,NaN,NaN,NaN,NaN,NaN,NaN
1557795600,4.84,4.84,4.66,4.68,13799100,NaN,NaN,NaN,NaN,NaN,NaN,NaN
1557882000,4.72,4.88,4.52,4.69,4046000,NaN,NaN,NaN,NaN,NaN,NaN,NaN
1557968400,4.61,4.68,4.57,4.64,5569300,NaN,NaN,NaN,NaN,NaN,NaN,NaN
1558054800,4.64,4.76,4.64,4.68,3432100,NaN,NaN,NaN,NaN,NaN,NaN,NaN
1558400400,4.66,4.79,4.64,4.68,2976800,NaN,NaN,NaN,NaN,NaN,NaN,NaN
1558573200,4.68,4.73,4.59,4.66,3414900,NaN,NaN,NaN,NaN,NaN,NaN,NaN
1558659600,4.58,4.67,4.43,4.53,3096800,NaN,NaN,NaN,NaN,NaN,NaN,NaN
1558918800,4.55,4.8,4.47,4.71,2197900,NaN,NaN,NaN,NaN,NaN,NaN,NaN
1559005200,4.72,4.84,4.71,4.71,37805900,NaN,NaN,NaN,NaN,NaN,NaN,NaN
1559091600,4.7,4.74,4.61,4.62,1879200,NaN,NaN,NaN,NaN,NaN,NaN,NaN
1559178000,4.52,4.79,4.52,4.56,1788300,NaN,NaN,NaN,NaN,NaN,NaN,NaN
1559264400,4.64,4.73,4.59,4.66,7868700,NaN,NaN,NaN,NaN,NaN,NaN,NaN
1559523600,4.61,4.74,4.61,4.66,2375600,NaN,NaN,NaN,NaN,NaN,NaN,NaN
1559610000,4.74,4.85,4.57,4.58,1457400,NaN,NaN,NaN,NaN,NaN,NaN,NaN
1559869200,4.58,4.61,4.5,4.58,8144000,NaN,NaN,NaN,NaN,NaN,NaN,NaN
1560128400,4.58,4.61,4.53,4.58,17211300,NaN,NaN,NaN,NaN,NaN,NaN,NaN
1560214800,4.58,4.58,4.55,4.57,15411400,NaN,NaN,NaN,NaN,NaN,NaN,NaN
1560301200,4.56,4.57,4.52,4.55,15645200,NaN,NaN,NaN,NaN,NaN,NaN,NaN
1560387600,4.52,4.65,4.43,4.64,2221500,NaN,NaN,NaN,NaN,NaN,NaN,NaN
1560474000,4.63,4.67,4.52,4.67,2595700,NaN,NaN,NaN,NaN,NaN,NaN,NaN
1560733200,4.63,4.67,4.58,4.64,1534200,NaN,NaN,NaN,NaN,NaN,NaN,NaN
1560819600,4.6,4.82,4.6,4.82,3149600,NaN,NaN,NaN,NaN,NaN,NaN,NaN
1560906000,4.82,5,4.78,5,1412000,NaN,NaN,NaN,NaN,NaN,NaN,NaN
1560992400,4.92,5.03,4.74,4.78,2091300,NaN,NaN,NaN,NaN,NaN,NaN,NaN
1561078800,4.76,5,4.76,4.96,9621600,NaN,NaN,NaN,NaN,NaN,NaN,NaN
1561338000,4.98,4.98,4.83,4.87,1175900,NaN,NaN,NaN,NaN,NaN,NaN,NaN
1561424400,4.88,4.95,4.85,4.89,1724100,NaN,NaN,NaN,NaN,NaN,NaN,NaN
1561510800,4.87,4.89,4.84,4.84,1484400,NaN,NaN,NaN,NaN,NaN,NaN,NaN
1561597200,4.84,4.87,4.8,4.86,2432700,NaN,NaN,NaN,NaN,NaN,NaN,NaN
1561683600,4.85,4.92,4.76,4.92,3416100,6884575000,28538000000,14561000000,-19000000,2866000000,13608000000,1.97154471544715
1561942800,4.88,4.96,4.81,4.9,921400,NaN,NaN,NaN,NaN,NaN,NaN,NaN
1562029200,4.94,4.99,4.81,4.84,2361000,NaN,NaN,NaN,NaN,NaN,NaN,NaN
1562115600,4.89,4.89,4.83,4.87,1669500,NaN,NaN,NaN,NaN,NaN,NaN,NaN
1562202000,4.88,4.96,4.83,4.83,2332300,NaN,NaN,NaN,NaN,NaN,NaN,NaN
1562288400,4.82,4.88,4.82,4.87,3028200,NaN,NaN,NaN,NaN,NaN,NaN,NaN
1562547600,4.86,4.87,4.84,4.85,615200,NaN,NaN,NaN,NaN,NaN,NaN,NaN
1562634000,4.87,4.91,4.85,4.9,1021400,NaN,NaN,NaN,NaN,NaN,NaN,NaN
1562720400,4.87,4.91,4.86,4.88,2242800,NaN,NaN,NaN,NaN,NaN,NaN,NaN
1562806800,4.85,4.87,4.84,4.86,2945600,NaN,NaN,NaN,NaN,NaN,NaN,NaN
1562893200,4.88,4.89,4.8,4.83,2850800,NaN,NaN,NaN,NaN,NaN,NaN,NaN
1563152400,4.84,4.88,4.75,4.85,1118100,NaN,NaN,NaN,NaN,NaN,NaN,NaN
1563238800,4.86,4.87,4.8,4.83,1448000,NaN,NaN,NaN,NaN,NaN,NaN,NaN
1563325200,4.82,4.85,4.78,4.81,1724400,NaN,NaN,NaN,NaN,NaN,NaN,NaN
1563411600,4.8,4.8,4.68,4.7,758100,NaN,NaN,NaN,NaN,NaN,NaN,NaN
1563498000,4.85,4.85,4.67,4.67,1623500,NaN,NaN,NaN,NaN,NaN,NaN,NaN
1563757200,4.66,4.68,4.61,4.66,1971800,NaN,NaN,NaN,NaN,NaN,NaN,NaN
1563843600,4.7,4.86,4.67,4.78,1896900,NaN,NaN,NaN,NaN,NaN,NaN,NaN
1563930000,4.73,4.84,4.7,4.78,1285300,NaN,NaN,NaN,NaN,NaN,NaN,NaN
1564016400,4.71,4.83,4.71,4.82,728000,NaN,NaN,NaN,NaN,NaN,NaN,NaN
1564102800,4.78,4.85,4.7,4.72,2838800,NaN,NaN,NaN,NaN,NaN,NaN,NaN
1564362000,4.7,4.81,4.69,4.76,1191700,NaN,NaN,NaN,NaN,NaN,NaN,NaN
1564534800,4.78,4.78,4.54,4.61,3743200,NaN,NaN,NaN,NaN,NaN,NaN,NaN
1564621200,4.6,4.63,4.53,4.63,1449800,NaN,NaN,NaN,NaN,NaN,NaN,NaN
1564707600,4.6,4.6,4.54,4.56,1952300,NaN,NaN,NaN,NaN,NaN,NaN,NaN
1564966800,4.54,4.56,4.42,4.45,3174800,NaN,NaN,NaN,NaN,NaN,NaN,NaN
1565053200,4.41,4.45,4.22,4.42,3413100,NaN,NaN,NaN,NaN,NaN,NaN,NaN
1565139600,4.4,4.55,4.4,4.49,2210100,NaN,NaN,NaN,NaN,NaN,NaN,NaN
1565226000,4.49,4.74,4.49,4.7,1432500,NaN,NaN,NaN,NaN,NaN,NaN,NaN
1565312400,4.59,4.68,4.59,4.67,1618100,NaN,NaN,NaN,NaN,NaN,NaN,NaN
1565658000,4.6,4.76,4.59,4.6,4294700,NaN,NaN,NaN,NaN,NaN,NaN,NaN
1565744400,4.61,4.7,4.61,4.67,1676500,NaN,NaN,NaN,NaN,NaN,NaN,NaN
1565830800,4.53,4.81,4.51,4.81,2080800,NaN,NaN,NaN,NaN,NaN,NaN,NaN
1565917200,4.68,4.72,4.61,4.7,2134300,NaN,NaN,NaN,NaN,NaN,NaN,NaN
1566176400,4.67,4.74,4.67,4.71,1391000,NaN,NaN,NaN,NaN,NaN,NaN,NaN
1566262800,4.71,4.73,4.63,4.72,3824900,NaN,NaN,NaN,NaN,NaN,NaN,NaN
1566349200,4.72,4.74,4.64,4.71,4241900,NaN,NaN,NaN,NaN,NaN,NaN,NaN
1566435600,4.66,4.72,4.66,4.72,2756100,NaN,NaN,NaN,NaN,NaN,NaN,NaN
1566522000,4.7,4.84,4.67,4.82,1948100,NaN,NaN,NaN,NaN,NaN,NaN,NaN
1566781200,4.72,4.81,4.68,4.81,1580600,NaN,NaN,NaN,NaN,NaN,NaN,NaN
1566867600,4.74,4.93,4.74,4.81,10725900,NaN,NaN,NaN,NaN,NaN,NaN,NaN
1566954000,4.79,4.89,4.71,4.86,1461600,NaN,NaN,NaN,NaN,NaN,NaN,NaN
1567040400,4.86,4.94,4.76,4.88,2262000,NaN,NaN,NaN,NaN,NaN,NaN,NaN
1567126800,4.95,5,4.8,4.98,3409100,NaN,NaN,NaN,NaN,NaN,NaN,NaN
1567472400,5,5,4.74,4.78,1077000,NaN,NaN,NaN,NaN,NaN,NaN,NaN
1567558800,4.82,4.9,4.71,4.85,2121300,NaN,NaN,NaN,NaN,NaN,NaN,NaN
1567645200,4.85,4.86,4.75,4.82,2503100,NaN,NaN,NaN,NaN,NaN,NaN,NaN
1567731600,4.86,4.88,4.66,4.87,2906600,NaN,NaN,NaN,NaN,NaN,NaN,NaN
1568077200,4.76,4.9,4.72,4.89,3278600,NaN,NaN,NaN,NaN,NaN,NaN,NaN
1568163600,4.94,4.94,4.85,4.93,3705000,NaN,NaN,NaN,NaN,NaN,NaN,NaN
1568250000,4.85,4.92,4.82,4.85,2104400,NaN,NaN,NaN,NaN,NaN,NaN,NaN
1568336400,4.82,4.87,4.76,4.86,1292000,NaN,NaN,NaN,NaN,NaN,NaN,NaN
1568682000,4.78,4.88,4.73,4.88,3048900,NaN,NaN,NaN,NaN,NaN,NaN,NaN
1568768400,4.93,4.93,4.79,4.9,977900,NaN,NaN,NaN,NaN,NaN,NaN,NaN
1568854800,4.92,4.92,4.8,4.84,1289900,NaN,NaN,NaN,NaN,NaN,NaN,NaN
1568941200,4.83,4.9,4.8,4.89,9679200,NaN,NaN,NaN,NaN,NaN,NaN,NaN
1569200400,4.87,4.87,4.74,4.75,1189700,NaN,NaN,NaN,NaN,NaN,NaN,NaN
1569286800,4.75,4.9,4.75,4.9,1467300,NaN,NaN,NaN,NaN,NaN,NaN,NaN
1569373200,4.83,4.88,4.8,4.85,1000500,NaN,NaN,NaN,NaN,NaN,NaN,NaN
1569459600,4.82,4.9,4.82,4.88,751900,NaN,NaN,NaN,NaN,NaN,NaN,NaN
1569546000,4.93,4.93,4.76,4.8,3108800,NaN,NaN,NaN,NaN,NaN,NaN,NaN
1569805200,4.83,4.84,4.68,4.73,3200400,6884575000,28434000000,14649000000,126000000,2821000000,13419000000,0.359408033826638
1569891600,4.75,4.89,4.74,4.83,1470100,NaN,NaN,NaN,NaN,NaN,NaN,NaN
1569978000,4.78,4.84,4.75,4.75,832100,NaN,NaN,NaN,NaN,NaN,NaN,NaN
1570064400,4.7,4.77,4.67,4.7,2213900,NaN,NaN,NaN,NaN,NaN,NaN,NaN
1570150800,4.71,4.79,4.71,4.73,2342700,NaN,NaN,NaN,NaN,NaN,NaN,NaN
1570410000,4.76,4.77,4.68,4.7,658200,NaN,NaN,NaN,NaN,NaN,NaN,NaN
1570496400,4.74,4.84,4.68,4.7,1901200,NaN,NaN,NaN,NaN,NaN,NaN,NaN
1570582800,4.69,4.7,4.63,4.65,881400,NaN,NaN,NaN,NaN,NaN,NaN,NaN
1570669200,4.67,4.7,4.55,4.6,1645100,NaN,NaN,NaN,NaN,NaN,NaN,NaN
1570755600,4.6,4.64,4.58,4.62,2153900,NaN,NaN,NaN,NaN,NaN,NaN,NaN
1571014800,4.65,4.84,4.65,4.8,935200,NaN,NaN,NaN,NaN,NaN,NaN,NaN
1571101200,4.8,4.88,4.8,4.85,1009000,NaN,NaN,NaN,NaN,NaN,NaN,NaN
1571187600,4.76,4.82,4.74,4.8,1346200,NaN,NaN,NaN,NaN,NaN,NaN,NaN
1571274000,4.75,4.88,4.75,4.87,948400,NaN,NaN,NaN,NaN,NaN,NaN,NaN
1571360400,4.87,4.87,4.79,4.81,1311400,NaN,NaN,NaN,NaN,NaN,NaN,NaN
1571619600,4.83,4.84,4.75,4.82,646800,NaN,NaN,NaN,NaN,NaN,NaN,NaN
1571706000,4.77,4.82,4.7,4.75,2897100,NaN,NaN,NaN,NaN,NaN,NaN,NaN
1571792400,4.7,4.81,4.66,4.8,4570800,NaN,NaN,NaN,NaN,NaN,NaN,NaN
1571878800,4.72,4.8,4.7,4.72,1974600,NaN,NaN,NaN,NaN,NaN,NaN,NaN
1571965200,4.75,4.84,4.7,4.8,2627800,NaN,NaN,NaN,NaN,NaN,NaN,NaN
1572310800,4.73,4.91,4.73,4.91,3520100,NaN,NaN,NaN,NaN,NaN,NaN,NaN
1572397200,4.9,4.9,4.76,4.82,1952000,NaN,NaN,NaN,NaN,NaN,NaN,NaN
1572483600,4.76,4.94,4.76,4.91,4178800,NaN,NaN,NaN,NaN,NaN,NaN,NaN
1572570000,4.89,4.98,4.85,4.91,1352100,NaN,NaN,NaN,NaN,NaN,NaN,NaN
1572829200,4.94,5.05,4.9,5,7714800,NaN,NaN,NaN,NaN,NaN,NaN,NaN
1572915600,5.03,5.04,4.99,5.03,6339900,NaN,NaN,NaN,NaN,NaN,NaN,NaN
1573002000,5.03,5.03,4.91,4.99,3059800,NaN,NaN,NaN,NaN,NaN,NaN,NaN
1573088400,4.91,4.97,4.91,4.97,4159400,NaN,NaN,NaN,NaN,NaN,NaN,NaN
1573174800,4.93,5,4.93,4.99,4364400,NaN,NaN,NaN,NaN,NaN,NaN,NaN
1573434000,4.98,5,4.97,4.98,4375700,NaN,NaN,NaN,NaN,NaN,NaN,NaN
1573520400,5,5.18,4.99,5.15,14218300,NaN,NaN,NaN,NaN,NaN,NaN,NaN
1573606800,5.15,5.15,5.02,5.12,23415400,NaN,NaN,NaN,NaN,NaN,NaN,NaN
1573693200,5.1,5.11,5.08,5.1,7107900,NaN,NaN,NaN,NaN,NaN,NaN,NaN
1573779600,5.1,5.12,5.09,5.11,7686000,NaN,NaN,NaN,NaN,NaN,NaN,NaN
1574038800,5.14,5.15,5.1,5.13,3417300,NaN,NaN,NaN,NaN,NaN,NaN,NaN
1574125200,5.15,5.15,5.11,5.14,6728100,NaN,NaN,NaN,NaN,NaN,NaN,NaN
1574211600,5.15,5.17,5.13,5.14,5523100,NaN,NaN,NaN,NaN,NaN,NaN,NaN
1574298000,5.14,5.14,5.04,5.11,5627300,NaN,NaN,NaN,NaN,NaN,NaN,NaN
1574384400,5.11,5.14,5.09,5.14,3437300,NaN,NaN,NaN,NaN,NaN,NaN,NaN
1574643600,5.12,5.14,5.09,5.1,886000,NaN,NaN,NaN,NaN,NaN,NaN,NaN
1574730000,5.03,5.15,5.02,5.02,9977100,NaN,NaN,NaN,NaN,NaN,NaN,NaN
1574816400,5.03,5.11,5.03,5.1,2319100,NaN,NaN,NaN,NaN,NaN,NaN,NaN
1574902800,5.05,5.11,5.05,5.05,2016000,NaN,NaN,NaN,NaN,NaN,NaN,NaN
1574989200,5.05,5.07,4.9,4.98,3618400,NaN,NaN,NaN,NaN,NaN,NaN,NaN
1575248400,4.98,5.14,4.98,5.12,4027800,NaN,NaN,NaN,NaN,NaN,NaN,NaN
1575334800,5.14,5.14,5.1,5.12,3811100,NaN,NaN,NaN,NaN,NaN,NaN,NaN
1575421200,5.02,5.14,4.96,5.07,2486700,NaN,NaN,NaN,NaN,NaN,NaN,NaN
1575507600,5.07,5.15,5.07,5.15,7590600,NaN,NaN,NaN,NaN,NaN,NaN,NaN
1575594000,5.1,5.3,5.1,5.28,7031700,NaN,NaN,NaN,NaN,NaN,NaN,NaN
1575853200,5.29,5.32,5.25,5.3,7311600,NaN,NaN,NaN,NaN,NaN,NaN,NaN
1575939600,5.3,5.32,5.28,5.28,5215500,NaN,NaN,NaN,NaN,NaN,NaN,NaN
1576026000,5.24,5.31,5.2,5.3,13520200,NaN,NaN,NaN,NaN,NaN,NaN,NaN
1576112400,5.25,5.32,5.25,5.3,10621000,NaN,NaN,NaN,NaN,NaN,NaN,NaN
1576198800,5.32,5.45,5.32,5.33,5258000,NaN,NaN,NaN,NaN,NaN,NaN,NaN
1576458000,5.25,5.37,5.25,5.33,2387400,NaN,NaN,NaN,NaN,NaN,NaN,NaN
1576544400,5.4,5.4,5.14,5.35,2776800,NaN,NaN,NaN,NaN,NaN,NaN,NaN
1576630800,5.4,5.4,5.34,5.37,7096500,NaN,NaN,NaN,NaN,NaN,NaN,NaN
1576717200,5.27,5.37,5.27,5.35,2135200,NaN,NaN,NaN,NaN,NaN,NaN,NaN
1576803600,5.3,5.4,5.25,5.35,5757800,NaN,NaN,NaN,NaN,NaN,NaN,NaN
1577062800,5.4,5.44,5.38,5.39,2184400,NaN,NaN,NaN,NaN,NaN,NaN,NaN
1577149200,5.42,5.42,5.32,5.37,663500,NaN,NaN,NaN,NaN,NaN,NaN,NaN
1577322000,5.4,5.4,5.38,5.39,1114300,NaN,NaN,NaN,NaN,NaN,NaN,NaN
1577408400,5.37,5.48,5.34,5.46,4169300,NaN,NaN,NaN,NaN,NaN,NaN,NaN
1577667600,5.49,5.63,5.44,5.56,10275500,NaN,NaN,NaN,NaN,NaN,NaN,NaN
1577754000,5.47,5.5,5.41,5.45,4062400,6884575000,28633117000,15003586000,272000000,3376000000,13260973000,0.18348623853211
1577926800,5.45,5.52,5.45,5.5,6230500,NaN,NaN,NaN,NaN,NaN,NaN,NaN
1578013200,5.52,5.52,5.47,5.5,5210600,NaN,NaN,NaN,NaN,NaN,NaN,NaN
1578272400,5.49,5.49,5.35,5.38,1717700,NaN,NaN,NaN,NaN,NaN,NaN,NaN
1578358800,5.4,5.49,5.37,5.48,6235900,NaN,NaN,NaN,NaN,NaN,NaN,NaN
1578445200,5.46,5.46,5.36,5.43,4276000,NaN,NaN,NaN,NaN,NaN,NaN,NaN
1578531600,5.4,5.48,5.4,5.45,2489600,NaN,NaN,NaN,NaN,NaN,NaN,NaN
1578618000,5.41,5.45,5.37,5.45,1309300,NaN,NaN,NaN,NaN,NaN,NaN,NaN
1578877200,5.45,5.45,5.4,5.42,1254300,NaN,NaN,NaN,NaN,NaN,NaN,NaN
1578963600,5.37,5.41,5.22,5.3,3194600,NaN,NaN,NaN,NaN,NaN,NaN,NaN
1579050000,5.32,5.36,5.23,5.3,3996100,NaN,NaN,NaN,NaN,NaN,NaN,NaN
1579136400,5.25,5.35,5.25,5.3,4203700,NaN,NaN,NaN,NaN,NaN,NaN,NaN
1579222800,5.27,5.33,5.27,5.31,7610200,NaN,NaN,NaN,NaN,NaN,NaN,NaN
1579482000,5.3,5.32,5.27,5.28,2828400,NaN,NaN,NaN,NaN,NaN,NaN,NaN
1579568400,5.33,5.35,5.29,5.3,5949200,NaN,NaN,NaN,NaN,NaN,NaN,NaN
1579654800,5.28,5.35,5.28,5.31,7148800,NaN,NaN,NaN,NaN,NaN,NaN,NaN
1579741200,5.3,5.3,5.28,5.29,3843400,NaN,NaN,NaN,NaN,NaN,NaN,NaN
1579827600,5.28,5.29,5.26,5.28,226700,NaN,NaN,NaN,NaN,NaN,NaN,NaN
1580173200,5.13,5.13,4.93,4.99,14398900,NaN,NaN,NaN,NaN,NaN,NaN,NaN
1580259600,4.99,5.06,4.98,4.99,9704200,NaN,NaN,NaN,NaN,NaN,NaN,NaN
1580346000,4.95,5.01,4.84,5,6680500,NaN,NaN,NaN,NaN,NaN,NaN,NaN
1580432400,4.93,5.15,4.93,5.07,17342400,NaN,NaN,NaN,NaN,NaN,NaN,NaN
1580691600,4.95,5.07,4.84,4.99,5308200,NaN,NaN,NaN,NaN,NaN,NaN,NaN
1580778000,5.02,5.1,5.01,5.08,6239600,NaN,NaN,NaN,NaN,NaN,NaN,NaN
1580864400,5.1,5.11,4.98,5.1,6963800,NaN,NaN,NaN,NaN,NaN,NaN,NaN
1580950800,5.12,5.19,5.12,5.19,5636900,NaN,NaN,NaN,NaN,NaN,NaN,NaN
1581037200,5.2,5.22,5.16,5.22,2961600,NaN,NaN,NaN,NaN,NaN,NaN,NaN
1581296400,5.21,5.22,5.15,5.17,4296700,NaN,NaN,NaN,NaN,NaN,NaN,NaN
1581382800,5.17,5.26,5.17,5.21,2439200,NaN,NaN,NaN,NaN,NaN,NaN,NaN
1581469200,5.2,5.21,5.18,5.21,4575600,NaN,NaN,NaN,NaN,NaN,NaN,NaN
1581555600,5.21,5.22,5.19,5.22,752700,NaN,NaN,NaN,NaN,NaN,NaN,NaN
1581642000,5.22,5.29,5.22,5.29,3134000,NaN,NaN,NaN,NaN,NaN,NaN,NaN
1581901200,5.2,5.26,5.07,5.21,2174000,NaN,NaN,NaN,NaN,NaN,NaN,NaN
1581987600,5.21,5.21,5.15,5.19,4160300,NaN,NaN,NaN,NaN,NaN,NaN,NaN
1582074000,5.19,5.19,5.05,5.07,1963700,NaN,NaN,NaN,NaN,NaN,NaN,NaN
1582160400,5.09,5.18,5.01,5.11,2089600,NaN,NaN,NaN,NaN,NaN,NaN,NaN
1582246800,5.11,5.17,5,5.05,2545500,NaN,NaN,NaN,NaN,NaN,NaN,NaN
1582506000,4.7,4.94,4.7,4.9,4091000,NaN,NaN,NaN,NaN,NaN,NaN,NaN
1582592400,4.86,5.01,4.81,4.96,2082700,NaN,NaN,NaN,NaN,NaN,NaN,NaN
1582678800,4.82,5.04,4.78,5.02,3884600,NaN,NaN,NaN,NaN,NaN,NaN,NaN
1582765200,5.02,5.04,4.92,5,2693400,NaN,NaN,NaN,NaN,NaN,NaN,NaN
1582851600,4.89,4.99,4.86,4.96,10299700,NaN,NaN,NaN,NaN,NaN,NaN,NaN
1583110800,4.8,4.95,4.71,4.73,9220500,NaN,NaN,NaN,NaN,NaN,NaN,NaN
1583197200,4.8,4.85,4.74,4.8,3791600,NaN,NaN,NaN,NaN,NaN,NaN,NaN
1583283600,4.79,4.84,4.75,4.83,3203500,NaN,NaN,NaN,NaN,NaN,NaN,NaN
1583370000,4.78,4.88,4.78,4.84,5215600,NaN,NaN,NaN,NaN,NaN,NaN,NaN
1583456400,4.75,4.88,4.75,4.87,2096100,NaN,NaN,NaN,NaN,NaN,NaN,NaN
1583715600,4.72,4.8,4.26,4.4,13365400,NaN,NaN,NaN,NaN,NaN,NaN,NaN
1583802000,4.4,4.75,4.3,4.45,12451400,NaN,NaN,NaN,NaN,NaN,NaN,NaN
1583888400,4.47,4.72,4.47,4.61,6902700,NaN,NaN,NaN,NaN,NaN,NaN,NaN
1583974800,4.6,4.6,4.36,4.46,7377500,NaN,NaN,NaN,NaN,NaN,NaN,NaN
1584061200,4.14,4.32,3.98,4.01,18318000,NaN,NaN,NaN,NaN,NaN,NaN,NaN
1584320400,3.91,4.23,3.82,4.2,9268000,NaN,NaN,NaN,NaN,NaN,NaN,NaN
1584406800,4,4.29,3.89,4.16,8013700,NaN,NaN,NaN,NaN,NaN,NaN,NaN
1584493200,4.16,4.54,4.01,4.07,15758100,NaN,NaN,NaN,NaN,NaN,NaN,NaN
1584579600,4.06,4.41,4.06,4.25,8255100,NaN,NaN,NaN,NaN,NaN,NaN,NaN
1584666000,4.3,4.85,4.3,4.85,15055700,NaN,NaN,NaN,NaN,NaN,NaN,NaN
1584925200,4.4,4.73,4.14,4.6,8224700,NaN,NaN,NaN,NaN,NaN,NaN,NaN
1585011600,4.53,4.68,4.39,4.65,3830900,NaN,NaN,NaN,NaN,NaN,NaN,NaN
1585098000,4.68,4.75,4.57,4.7,6659700,NaN,NaN,NaN,NaN,NaN,NaN,NaN
1585184400,4.71,4.75,4.55,4.7,4126400,NaN,NaN,NaN,NaN,NaN,NaN,NaN
1585270800,4.7,4.75,4.62,4.7,5481400,NaN,NaN,NaN,NaN,NaN,NaN,NaN
1585530000,4.57,4.72,4.57,4.65,3508500,NaN,NaN,NaN,NaN,NaN,NaN,NaN
1585616400,4.65,5.25,4.6,4.94,8928500,6884575000,28581000000,14996000000,271000000,3044000000,13236000000,0.202429149797571
1585702800,4.85,4.88,4.74,4.74,7963900,NaN,NaN,NaN,NaN,NaN,NaN,NaN
1585789200,4.7,4.89,4.67,4.75,7465400,NaN,NaN,NaN,NaN,NaN,NaN,NaN
1585875600,4.74,4.77,4.6,4.77,7264700,NaN,NaN,NaN,NaN,NaN,NaN,NaN
1586134800,4.85,4.85,4.6,4.65,4943500,NaN,NaN,NaN,NaN,NaN,NaN,NaN
1586221200,4.66,5.05,4.58,5.05,7299900,NaN,NaN,NaN,NaN,NaN,NaN,NaN
1586307600,4.99,4.99,4.72,4.76,6609700,NaN,NaN,NaN,NaN,NaN,NaN,NaN
1586394000,4.79,4.95,4.75,4.95,1730600,NaN,NaN,NaN,NaN,NaN,NaN,NaN
1586480400,4.89,4.99,4.8,4.97,762400,NaN,NaN,NaN,NaN,NaN,NaN,NaN
1586739600,4.95,4.96,4.82,4.86,1508800,NaN,NaN,NaN,NaN,NaN,NaN,NaN
1586826000,4.85,4.94,4.8,4.91,1458800,NaN,NaN,NaN,NaN,NaN,NaN,NaN
1586912400,4.95,4.96,4.87,4.92,3990900,NaN,NaN,NaN,NaN,NaN,NaN,NaN
1586998800,4.84,5.07,4.84,4.91,4396800,NaN,NaN,NaN,NaN,NaN,NaN,NaN
1587085200,4.91,4.99,4.84,4.86,1775000,NaN,NaN,NaN,NaN,NaN,NaN,NaN
1587344400,4.91,4.94,4.87,4.88,1586400,NaN,NaN,NaN,NaN,NaN,NaN,NaN
1587430800,4.89,4.9,4.76,4.77,3369600,NaN,NaN,NaN,NaN,NaN,NaN,NaN
1587517200,4.7,4.77,4.61,4.75,2531500,NaN,NaN,NaN,NaN,NaN,NaN,NaN
1587603600,4.77,4.81,4.7,4.77,1758300,NaN,NaN,NaN,NaN,NaN,NaN,NaN
1587690000,4.71,4.78,4.67,4.71,2250700,NaN,NaN,NaN,NaN,NaN,NaN,NaN
1587949200,4.71,4.85,4.71,4.8,1173700,NaN,NaN,NaN,NaN,NaN,NaN,NaN
1588035600,4.85,4.85,4.75,4.77,2931300,NaN,NaN,NaN,NaN,NaN,NaN,NaN
1588122000,4.8,4.85,4.79,4.83,1940000,NaN,NaN,NaN,NaN,NaN,NaN,NaN
1588208400,4.8,5.07,4.8,4.95,4352900,NaN,NaN,NaN,NaN,NaN,NaN,NaN
1588554000,4.79,4.84,4.72,4.76,3382700,NaN,NaN,NaN,NaN,NaN,NaN,NaN
1588640400,4.76,4.81,4.76,4.78,1780700,NaN,NaN,NaN,NaN,NaN,NaN,NaN
1588726800,4.73,4.83,4.73,4.79,5325800,NaN,NaN,NaN,NaN,NaN,NaN,NaN
1588899600,4.82,4.85,4.72,4.77,2350000,NaN,NaN,NaN,NaN,NaN,NaN,NaN
1589245200,4.74,4.85,4.72,4.74,2053100,NaN,NaN,NaN,NaN,NaN,NaN,NaN
1589331600,4.72,4.8,4.68,4.73,1994000,NaN,NaN,NaN,NaN,NaN,NaN,NaN
1589418000,4.7,4.75,4.56,4.75,3457600,NaN,NaN,NaN,NaN,NaN,NaN,NaN
1589504400,4.7,4.7,4.59,4.61,3184400,NaN,NaN,NaN,NaN,NaN,NaN,NaN
1589763600,4.6,4.7,4.59,4.7,3513200,NaN,NaN,NaN,NaN,NaN,NaN,NaN
1589850000,4.72,4.95,4.71,4.82,4117400,NaN,NaN,NaN,NaN,NaN,NaN,NaN
1589936400,4.84,4.95,4.83,4.92,2645900,NaN,NaN,NaN,NaN,NaN,NaN,NaN
1590022800,4.92,4.99,4.92,4.98,5731600,NaN,NaN,NaN,NaN,NaN,NaN,NaN
1590109200,4.99,5.04,4.92,4.92,2404400,NaN,NaN,NaN,NaN,NaN,NaN,NaN
1590541200,4.92,5.06,4.92,5,2533700,NaN,NaN,NaN,NaN,NaN,NaN,NaN
1590627600,5,5.02,4.9,5.01,1493700,NaN,NaN,NaN,NaN,NaN,NaN,NaN
1590714000,4.9,5.03,4.9,4.96,7452300,NaN,NaN,NaN,NaN,NaN,NaN,NaN
1590973200,4.96,5.1,4.95,5.1,3191800,NaN,NaN,NaN,NaN,NaN,NaN,NaN
1591059600,5,5,4.93,4.95,4257600,NaN,NaN,NaN,NaN,NaN,NaN,NaN
1591146000,4.95,4.97,4.88,4.91,2394000,NaN,NaN,NaN,NaN,NaN,NaN,NaN
1591232400,4.94,5.06,4.94,4.98,3007000,NaN,NaN,NaN,NaN,NaN,NaN,NaN
1591318800,5,5.08,4.91,4.96,2115500,NaN,NaN,NaN,NaN,NaN,NaN,NaN
1591664400,5.09,5.14,4.94,4.95,3617000,NaN,NaN,NaN,NaN,NaN,NaN,NaN
1591750800,5,5.04,4.9,4.97,1862000,NaN,NaN,NaN,NaN,NaN,NaN,NaN
1591837200,4.99,5.1,4.92,4.96,1985000,NaN,NaN,NaN,NaN,NaN,NaN,NaN
1591923600,4.9,5.06,4.9,4.96,2094200,NaN,NaN,NaN,NaN,NaN,NaN,NaN
1592182800,4.96,5.07,4.91,4.93,1747400,NaN,NaN,NaN,NaN,NaN,NaN,NaN
1592269200,5.01,5.02,4.94,4.97,2002100,NaN,NaN,NaN,NaN,NaN,NaN,NaN
1592355600,5.05,5.05,4.94,5,2899600,NaN,NaN,NaN,NaN,NaN,NaN,NaN
1592442000,5,5.04,4.94,4.95,727600,NaN,NaN,NaN,NaN,NaN,NaN,NaN
1592528400,4.93,5.08,4.86,5.05,12536500,NaN,NaN,NaN,NaN,NaN,NaN,NaN
1592787600,4.94,5,4.94,4.98,375900,NaN,NaN,NaN,NaN,NaN,NaN,NaN
1592874000,4.95,4.99,4.84,4.93,951600,NaN,NaN,NaN,NaN,NaN,NaN,NaN
1592960400,4.96,5.02,4.9,4.95,2493700,NaN,NaN,NaN,NaN,NaN,NaN,NaN
1593046800,4.86,4.94,4.82,4.9,1808200,NaN,NaN,NaN,NaN,NaN,NaN,NaN
1593133200,4.95,4.96,4.86,4.87,1379600,NaN,NaN,NaN,NaN,NaN,NaN,NaN
1593392400,4.81,4.99,4.81,4.95,1148000,NaN,NaN,NaN,NaN,NaN,NaN,NaN
1593478800,4.88,4.97,4.88,4.92,3453300,6884575000,29188000000,14706000000,279000000,3216000000,14117000000,0.725609756097561
1593565200,4.99,5.01,4.93,4.98,4398500,NaN,NaN,NaN,NaN,NaN,NaN,NaN
1593651600,4.98,5,4.91,4.98,2075700,NaN,NaN,NaN,NaN,NaN,NaN,NaN
1593738000,4.98,4.98,4.9,4.96,3438900,NaN,NaN,NaN,NaN,NaN,NaN,NaN
1593997200,4.91,5.09,4.9,4.97,2449100,NaN,NaN,NaN,NaN,NaN,NaN,NaN
1594083600,4.97,5.03,4.89,4.96,3142200,NaN,NaN,NaN,NaN,NaN,NaN,NaN
1594170000,4.96,5.13,4.95,5.05,1693200,NaN,NaN,NaN,NaN,NaN,NaN,NaN
1594256400,5.05,5.05,4.93,4.96,3359700,NaN,NaN,NaN,NaN,NaN,NaN,NaN
1594342800,4.96,5.09,4.95,5.03,1406800,NaN,NaN,NaN,NaN,NaN,NaN,NaN
1594602000,5.03,5.1,4.95,5,1475900,NaN,NaN,NaN,NaN,NaN,NaN,NaN
1594688400,5.09,5.1,4.99,5.03,2212100,NaN,NaN,NaN,NaN,NaN,NaN,NaN
1594774800,5.1,5.16,5.05,5.13,3364800,NaN,NaN,NaN,NaN,NaN,NaN,NaN
1594861200,5.14,5.17,5.1,5.14,2149300,NaN,NaN,NaN,NaN,NaN,NaN,NaN
1594947600,5.2,5.2,5.04,5.1,5014400,NaN,NaN,NaN,NaN,NaN,NaN,NaN
1595206800,5.1,5.12,5.1,5.12,4048600,NaN,NaN,NaN,NaN,NaN,NaN,NaN
1595293200,5.12,5.12,5.01,5.1,1594500,NaN,NaN,NaN,NaN,NaN,NaN,NaN
1595379600,5.12,5.15,5.1,5.12,4531800,NaN,NaN,NaN,NaN,NaN,NaN,NaN
1595466000,5.12,5.31,5.12,5.25,2806100,NaN,NaN,NaN,NaN,NaN,NaN,NaN
1595552400,5.21,5.24,5.06,5.18,2253400,NaN,NaN,NaN,NaN,NaN,NaN,NaN
1595811600,5.24,5.24,5.09,5.11,956800,NaN,NaN,NaN,NaN,NaN,NaN,NaN
1595898000,5.14,5.21,5.13,5.16,1803900,NaN,NaN,NaN,NaN,NaN,NaN,NaN
1595984400,5.15,5.22,5.13,5.15,2038100,NaN,NaN,NaN,NaN,NaN,NaN,NaN
1596070800,5.15,5.22,5.1,5.21,3404200,NaN,NaN,NaN,NaN,NaN,NaN,NaN
1596416400,5.15,5.23,5.03,5.08,1722500,NaN,NaN,NaN,NaN,NaN,NaN,NaN
1596502800,5.09,5.14,5.01,5.07,1598700,NaN,NaN,NaN,NaN,NaN,NaN,NaN
1596589200,5.08,5.13,5,5.05,2679400,NaN,NaN,NaN,NaN,NaN,NaN,NaN
1596675600,5.05,5.11,5.04,5.11,3050900,NaN,NaN,NaN,NaN,NaN,NaN,NaN
1596762000,5.12,5.13,5.05,5.05,1999800,NaN,NaN,NaN,NaN,NaN,NaN,NaN
1597021200,5.1,5.23,5.05,5.23,151700,NaN,NaN,NaN,NaN,NaN,NaN,NaN
1597107600,5.12,5.2,5.07,5.11,1904000,NaN,NaN,NaN,NaN,NaN,NaN,NaN
1597194000,5.11,5.13,5.08,5.09,423500,NaN,NaN,NaN,NaN,NaN,NaN,NaN
1597280400,5.19,5.19,5.1,5.15,934300,NaN,NaN,NaN,NaN,NaN,NaN,NaN
1597366800,5.12,5.12,5.1,5.11,2428300,NaN,NaN,NaN,NaN,NaN,NaN,NaN
1597626000,5.15,5.27,5.09,5.12,1135300,NaN,NaN,NaN,NaN,NaN,NaN,NaN
1597712400,5.19,5.22,4.93,5.05,1403100,NaN,NaN,NaN,NaN,NaN,NaN,NaN
1597798800,5.05,5.1,5.02,5.07,2087300,NaN,NaN,NaN,NaN,NaN,NaN,NaN
1597971600,5.03,5.15,5.03,5.12,1496500,NaN,NaN,NaN,NaN,NaN,NaN,NaN
1598230800,5.12,5.15,5.1,5.12,2140200,NaN,NaN,NaN,NaN,NaN,NaN,NaN
1598317200,5.12,5.23,5.12,5.16,1462200,NaN,NaN,NaN,NaN,NaN,NaN,NaN
1598403600,5.21,5.21,5.1,5.1,1287200,NaN,NaN,NaN,NaN,NaN,NaN,NaN
1598490000,5.13,5.16,5.11,5.16,1377000,NaN,NaN,NaN,NaN,NaN,NaN,NaN
1598576400,5.18,5.18,5.09,5.1,5252600,NaN,NaN,NaN,NaN,NaN,NaN,NaN
1598922000,5.05,5.15,4.97,5.1,6199300,NaN,NaN,NaN,NaN,NaN,NaN,NaN
1599008400,5.11,5.16,5.1,5.12,2115300,NaN,NaN,NaN,NaN,NaN,NaN,NaN
1599094800,5.12,5.14,5.01,5.08,3101100,NaN,NaN,NaN,NaN,NaN,NaN,NaN
1599181200,5.08,5.08,5.01,5.04,1032900,NaN,NaN,NaN,NaN,NaN,NaN,NaN
1599440400,5.03,5.1,5.01,5.07,625100,NaN,NaN,NaN,NaN,NaN,NaN,NaN
1599526800,5.1,5.1,5.03,5.09,1699300,NaN,NaN,NaN,NaN,NaN,NaN,NaN
1599613200,5.08,5.15,5.06,5.12,992500,NaN,NaN,NaN,NaN,NaN,NaN,NaN
1599699600,5.15,5.15,5.04,5.06,2291100,NaN,NaN,NaN,NaN,NaN,NaN,NaN
1599786000,5.06,5.07,5,5.06,2144100,NaN,NaN,NaN,NaN,NaN,NaN,NaN
1600045200,5.05,5.07,5.02,5.05,2012400,NaN,NaN,NaN,NaN,NaN,NaN,NaN
1600131600,5.06,5.15,5.05,5.12,1269300,NaN,NaN,NaN,NaN,NaN,NaN,NaN
1600304400,5.1,5.15,5.02,5.13,2408200,NaN,NaN,NaN,NaN,NaN,NaN,NaN
1600390800,5.14,5.16,5.03,5.03,14637000,NaN,NaN,NaN,NaN,NaN,NaN,NaN
1600650000,5.04,5.08,5,5.05,8402200,NaN,NaN,NaN,NaN,NaN,NaN,NaN
1600736400,5.05,5.09,5.03,5.05,2225700,NaN,NaN,NaN,NaN,NaN,NaN,NaN
1600822800,5.05,5.06,4.98,5.05,3275200,NaN,NaN,NaN,NaN,NaN,NaN,NaN
1600909200,5.05,5.07,5,5.05,2254700,NaN,NaN,NaN,NaN,NaN,NaN,NaN
1600995600,5.05,5.06,5.01,5.02,2237600,NaN,NaN,NaN,NaN,NaN,NaN,NaN
1601254800,5.03,5.07,5.03,5.05,2645500,NaN,NaN,NaN,NaN,NaN,NaN,NaN
1601341200,5.04,5.07,5.03,5.03,2366600,NaN,NaN,NaN,NaN,NaN,NaN,NaN
1601427600,5.05,5.07,5.03,5.05,1313800,6884575000,28436000000,14487000000,416000000,3182000000,13591000000,0.706930693069307
1601514000,5.01,5.03,4.77,4.79,1796200,NaN,NaN,NaN,NaN,NaN,NaN,NaN
1601600400,4.79,4.83,4.74,4.83,2533600,NaN,NaN,NaN,NaN,NaN,NaN,NaN
1601859600,4.83,5,4.82,5,1299300,NaN,NaN,NaN,NaN,NaN,NaN,NaN
1601946000,5,5.05,4.83,5.02,2712600,NaN,NaN,NaN,NaN,NaN,NaN,NaN
1602032400,5.02,5.03,4.89,4.89,2797800,NaN,NaN,NaN,NaN,NaN,NaN,NaN
1602118800,4.98,5.05,4.96,5.05,2063300,NaN,NaN,NaN,NaN,NaN,NaN,NaN
1602205200,5.03,5.24,5,5.16,1626300,NaN,NaN,NaN,NaN,NaN,NaN,NaN
1602464400,5.1,5.15,4.98,5,886500,NaN,NaN,NaN,NaN,NaN,NaN,NaN
1602550800,5.01,5.03,4.98,5,951800,NaN,NaN,NaN,NaN,NaN,NaN,NaN
1602637200,5.05,5.05,4.91,4.91,2366700,NaN,NaN,NaN,NaN,NaN,NaN,NaN
1602723600,4.91,5,4.88,4.95,1225900,NaN,NaN,NaN,NaN,NaN,NaN,NaN
1602810000,4.95,4.95,4.84,4.92,3416400,NaN,NaN,NaN,NaN,NaN,NaN,NaN
1603069200,4.99,5,4.88,5,714800,NaN,NaN,NaN,NaN,NaN,NaN,NaN
1603155600,5,5,4.9,4.98,1162800,NaN,NaN,NaN,NaN,NaN,NaN,NaN
1603242000,4.84,4.97,4.84,4.91,1723400,NaN,NaN,NaN,NaN,NaN,NaN,NaN
1603328400,4.96,4.96,4.86,4.93,1490700,NaN,NaN,NaN,NaN,NaN,NaN,NaN
1603414800,4.96,4.98,4.88,4.89,1623000,NaN,NaN,NaN,NaN,NaN,NaN,NaN
1603674000,4.89,4.99,4.87,4.97,598600,NaN,NaN,NaN,NaN,NaN,NaN,NaN
1603760400,4.89,4.98,4.87,4.87,2304700,NaN,NaN,NaN,NaN,NaN,NaN,NaN
1603846800,4.9,4.91,4.82,4.85,1988300,NaN,NaN,NaN,NaN,NaN,NaN,NaN
1604019600,4.85,4.87,4.69,4.84,4342200,NaN,NaN,NaN,NaN,NaN,NaN,NaN
1604278800,4.8,4.99,4.8,4.88,679200,NaN,NaN,NaN,NaN,NaN,NaN,NaN
1604365200,4.85,4.91,4.84,4.86,768600,NaN,NaN,NaN,NaN,NaN,NaN,NaN
1604451600,4.9,4.92,4.81,4.83,436000,NaN,NaN,NaN,NaN,NaN,NaN,NaN
1604538000,4.87,5.2,4.85,5.15,4489600,NaN,NaN,NaN,NaN,NaN,NaN,NaN
1604624400,5.14,5.15,5.1,5.12,2291700,NaN,NaN,NaN,NaN,NaN,NaN,NaN
1604883600,5.13,5.15,5.07,5.14,1275000,NaN,NaN,NaN,NaN,NaN,NaN,NaN
1604970000,5.15,5.16,5.06,5.15,1559900,NaN,NaN,NaN,NaN,NaN,NaN,NaN
1605056400,5.15,5.18,4.93,5.01,2514500,NaN,NaN,NaN,NaN,NaN,NaN,NaN
1605142800,5.02,5.2,5.02,5.2,7118500,NaN,NaN,NaN,NaN,NaN,NaN,NaN
1605229200,5.07,5.22,5.07,5.21,1898300,NaN,NaN,NaN,NaN,NaN,NaN,NaN
1605488400,5.21,5.21,5.05,5.16,2668700,NaN,NaN,NaN,NaN,NaN,NaN,NaN
1605574800,5.25,5.25,5.15,5.24,6198700,NaN,NaN,NaN,NaN,NaN,NaN,NaN
1605661200,5.24,5.25,5.2,5.25,4324500,NaN,NaN,NaN,NaN,NaN,NaN,NaN
1605747600,5.25,5.25,5.17,5.2,1257500,NaN,NaN,NaN,NaN,NaN,NaN,NaN
1605834000,5.23,5.23,5.15,5.17,1188400,NaN,NaN,NaN,NaN,NaN,NaN,NaN
1606093200,5.14,5.23,5.09,5.17,3020300,NaN,NaN,NaN,NaN,NaN,NaN,NaN
1606179600,5.17,5.21,5.1,5.12,1459800,NaN,NaN,NaN,NaN,NaN,NaN,NaN
1606266000,5.12,5.2,5.12,5.19,612700,NaN,NaN,NaN,NaN,NaN,NaN,NaN
1606352400,5.19,5.21,5.1,5.21,2716700,NaN,NaN,NaN,NaN,NaN,NaN,NaN
1606438800,5.13,5.2,4.96,5.05,1967400,NaN,NaN,NaN,NaN,NaN,NaN,NaN
1606698000,5.08,5.14,4.9,4.9,8101200,NaN,NaN,NaN,NaN,NaN,NaN,NaN
1606784400,4.95,5.08,4.95,5.08,1068500,NaN,NaN,NaN,NaN,NaN,NaN,NaN
1606870800,5.06,5.1,4.97,5.03,3151300,NaN,NaN,NaN,NaN,NaN,NaN,NaN
1606957200,5.05,5.15,5.03,5.12,1732600,NaN,NaN,NaN,NaN,NaN,NaN,NaN
1607043600,5.13,5.13,5.07,5.08,565700,NaN,NaN,NaN,NaN,NaN,NaN,NaN
1607302800,5.09,5.15,4.98,5.05,2691200,NaN,NaN,NaN,NaN,NaN,NaN,NaN
1607389200,5.08,5.11,4.99,5.04,3061300,NaN,NaN,NaN,NaN,NaN,NaN,NaN
1607475600,5.01,5.1,5,5.03,3459400,NaN,NaN,NaN,NaN,NaN,NaN,NaN
1607562000,5.05,5.07,5.02,5.06,1125800,NaN,NaN,NaN,NaN,NaN,NaN,NaN
1607648400,5.02,5.17,5.02,5.16,2643100,NaN,NaN,NaN,NaN,NaN,NaN,NaN
1607907600,5.15,5.16,5.03,5.09,1664300,NaN,NaN,NaN,NaN,NaN,NaN,NaN
1607994000,5.04,5.18,5.02,5.15,1373300,NaN,NaN,NaN,NaN,NaN,NaN,NaN
1608080400,5.09,5.16,5.09,5.12,1791800,NaN,NaN,NaN,NaN,NaN,NaN,NaN
1608166800,5.15,5.19,5.12,5.16,1684200,NaN,NaN,NaN,NaN,NaN,NaN,NaN
1608253200,5.16,5.16,5.03,5.08,4728800,NaN,NaN,NaN,NaN,NaN,NaN,NaN
1608512400,5.1,5.16,5,5.15,1723900,NaN,NaN,NaN,NaN,NaN,NaN,NaN
1608598800,5.13,5.13,5.01,5.04,754900,NaN,NaN,NaN,NaN,NaN,NaN,NaN
1608685200,5.03,5.19,5.01,5.16,1112900,NaN,NaN,NaN,NaN,NaN,NaN,NaN
1608771600,5.17,5.21,5.08,5.18,1463800,NaN,NaN,NaN,NaN,NaN,NaN,NaN
1609117200,5.18,5.2,5.14,5.15,892100,NaN,NaN,NaN,NaN,NaN,NaN,NaN
1609203600,5.11,5.16,5.07,5.07,664200,NaN,NaN,NaN,NaN,NaN,NaN,NaN
1609290000,5.08,5.17,5.08,5.17,2529700,NaN,NaN,NaN,NaN,NaN,NaN,NaN
1609376400,5.08,5.1,4.95,4.99,3432500,6884575000,28401926000,14363509000,372000000,3639000000,13653500000,1.60120240480962
1609722000,5,5.04,4.97,4.99,1858900,NaN,NaN,NaN,NaN,NaN,NaN,NaN
1609808400,5,5.07,4.96,5.04,2115200,NaN,NaN,NaN,NaN,NaN,NaN,NaN
1609894800,5.04,5.05,4.97,4.99,2201100,NaN,NaN,NaN,NaN,NaN,NaN,NaN
1609981200,5,5.2,4.98,5.15,3790600,NaN,NaN,NaN,NaN,NaN,NaN,NaN
1610067600,5.06,5.19,5.04,5.17,4847000,NaN,NaN,NaN,NaN,NaN,NaN,NaN
1610326800,5.19,5.24,5.18,5.21,7566300,NaN,NaN,NaN,NaN,NaN,NaN,NaN
1610413200,5.21,5.22,5.12,5.2,1018200,NaN,NaN,NaN,NaN,NaN,NaN,NaN
1610499600,5.2,5.22,5.15,5.2,2931900,NaN,NaN,NaN,NaN,NaN,NaN,NaN
1610586000,5.19,5.21,5.17,5.2,5720500,NaN,NaN,NaN,NaN,NaN,NaN,NaN
1610672400,5.21,5.21,5.06,5.06,1413800,NaN,NaN,NaN,NaN,NaN,NaN,NaN
1610931600,5.06,5.06,4.97,4.98,2165700,NaN,NaN,NaN,NaN,NaN,NaN,NaN
1611018000,5.03,5.12,4.98,4.98,2732100,NaN,NaN,NaN,NaN,NaN,NaN,NaN
1611104400,5.03,5.11,4.99,5.02,2843600,NaN,NaN,NaN,NaN,NaN,NaN,NaN
1611190800,5.06,5.09,4.98,4.98,2370400,NaN,NaN,NaN,NaN,NaN,NaN,NaN
1611277200,4.99,5,4.94,4.98,3232600,NaN,NaN,NaN,NaN,NaN,NaN,NaN
1611536400,5,5.07,4.97,4.98,2280500,NaN,NaN,NaN,NaN,NaN,NaN,NaN
1611622800,5.01,5.01,4.86,4.96,3624900,NaN,NaN,NaN,NaN,NaN,NaN,NaN
1611709200,4.94,4.96,4.88,4.89,5283500,NaN,NaN,NaN,NaN,NaN,NaN,NaN
1611882000,4.82,4.91,4.69,4.85,9342200,NaN,NaN,NaN,NaN,NaN,NaN,NaN
1612227600,4.85,4.94,4.85,4.9,4424300,NaN,NaN,NaN,NaN,NaN,NaN,NaN
1612314000,4.93,5,4.9,4.97,5166000,NaN,NaN,NaN,NaN,NaN,NaN,NaN
1612400400,4.9,4.97,4.9,4.97,1287500,NaN,NaN,NaN,NaN,NaN,NaN,NaN
1612486800,5,5,4.89,4.91,2283900,NaN,NaN,NaN,NaN,NaN,NaN,NaN
1612746000,4.93,4.99,4.93,4.94,2711200,NaN,NaN,NaN,NaN,NaN,NaN,NaN
1612832400,4.94,4.99,4.93,4.95,5449300,NaN,NaN,NaN,NaN,NaN,NaN,NaN
1612918800,4.95,5,4.95,4.97,4185600,NaN,NaN,NaN,NaN,NaN,NaN,NaN
1613005200,4.97,4.97,4.91,4.94,1787800,NaN,NaN,NaN,NaN,NaN,NaN,NaN
1613350800,5,5,4.94,4.95,2570500,NaN,NaN,NaN,NaN,NaN,NaN,NaN
1613437200,4.97,4.99,4.82,4.85,2758400,NaN,NaN,NaN,NaN,NaN,NaN,NaN
1613523600,4.89,4.92,4.86,4.9,3886600,NaN,NaN,NaN,NaN,NaN,NaN,NaN
1613610000,4.89,4.99,4.86,4.95,4822700,NaN,NaN,NaN,NaN,NaN,NaN,NaN
1613696400,4.99,4.99,4.85,4.94,5805600,NaN,NaN,NaN,NaN,NaN,NaN,NaN
1613955600,4.94,4.94,4.87,4.87,5047100,NaN,NaN,NaN,NaN,NaN,NaN,NaN
1614042000,4.87,4.9,4.86,4.88,4379700,NaN,NaN,NaN,NaN,NaN,NaN,NaN
1614128400,4.89,5.06,4.88,4.93,7566400,NaN,NaN,NaN,NaN,NaN,NaN,NaN
1614214800,5.05,5.05,4.9,4.97,4069200,NaN,NaN,NaN,NaN,NaN,NaN,NaN
1614301200,4.98,4.98,4.86,4.9,8267000,NaN,NaN,NaN,NaN,NaN,NaN,NaN
1614560400,4.93,4.99,4.9,4.91,2363700,NaN,NaN,NaN,NaN,NaN,NaN,NaN
1614646800,4.95,4.96,4.9,4.94,3039200,NaN,NaN,NaN,NaN,NaN,NaN,NaN
1614733200,4.96,4.96,4.9,4.93,2991800,NaN,NaN,NaN,NaN,NaN,NaN,NaN
1614819600,4.95,4.95,4.9,4.95,3332800,NaN,NaN,NaN,NaN,NaN,NaN,NaN
1614906000,4.9,4.95,4.88,4.95,2074200,NaN,NaN,NaN,NaN,NaN,NaN,NaN
1615165200,4.88,4.92,4.88,4.9,2809600,NaN,NaN,NaN,NaN,NaN,NaN,NaN
1615251600,4.9,4.95,4.9,4.94,1623100,NaN,NaN,NaN,NaN,NaN,NaN,NaN
1615338000,4.94,4.96,4.91,4.95,2680800,NaN,NaN,NaN,NaN,NaN,NaN,NaN
1615424400,4.95,4.96,4.89,4.91,3352300,NaN,NaN,NaN,NaN,NaN,NaN,NaN
1615510800,4.91,4.93,4.87,4.87,3772900,NaN,NaN,NaN,NaN,NaN,NaN,NaN
1615770000,4.87,4.92,4.87,4.9,2352000,NaN,NaN,NaN,NaN,NaN,NaN,NaN
1615856400,4.88,4.91,4.86,4.89,1877700,NaN,NaN,NaN,NaN,NaN,NaN,NaN
1615942800,4.91,4.91,4.87,4.89,1629900,NaN,NaN,NaN,NaN,NaN,NaN,NaN
1616029200,4.88,4.9,4.87,4.88,3322300,NaN,NaN,NaN,NaN,NaN,NaN,NaN
1616115600,4.9,4.9,4.82,4.85,8459000,NaN,NaN,NaN,NaN,NaN,NaN,NaN
1616374800,4.82,4.94,4.82,4.85,2179900,NaN,NaN,NaN,NaN,NaN,NaN,NaN
1616461200,4.84,4.87,4.82,4.85,2661200,NaN,NaN,NaN,NaN,NaN,NaN,NaN
1616547600,4.87,4.91,4.85,4.87,802300,NaN,NaN,NaN,NaN,NaN,NaN,NaN
1616634000,4.85,4.9,4.74,4.76,1243600,NaN,NaN,NaN,NaN,NaN,NaN,NaN
1616720400,4.76,4.82,4.76,4.8,2032700,NaN,NaN,NaN,NaN,NaN,NaN,NaN
1616979600,4.81,4.83,4.74,4.75,1893300,NaN,NaN,NaN,NaN,NaN,NaN,NaN
1617066000,4.75,4.86,4.75,4.85,1527000,NaN,NaN,NaN,NaN,NaN,NaN,NaN
1617152400,4.78,4.86,4.51,4.64,3724900,6884575000,29413000000,15244000000,720000000,3673000000,13768000000,1.72198275862069
1617238800,4.67,4.73,4.63,4.65,3322600,NaN,NaN,NaN,NaN,NaN,NaN,NaN
1617325200,4.66,4.68,4.64,4.66,471800,NaN,NaN,NaN,NaN,NaN,NaN,NaN
1617584400,4.66,4.67,4.63,4.67,971400,NaN,NaN,NaN,NaN,NaN,NaN,NaN
1617670800,4.65,4.66,4.44,4.49,4934200,NaN,NaN,NaN,NaN,NaN,NaN,NaN
1617757200,4.5,4.7,4.5,4.7,3640700,NaN,NaN,NaN,NaN,NaN,NaN,NaN
1617843600,4.68,4.73,4.52,4.59,3171000,NaN,NaN,NaN,NaN,NaN,NaN,NaN
1617930000,4.54,4.61,4.51,4.56,2052300,NaN,NaN,NaN,NaN,NaN,NaN,NaN
1618189200,4.57,4.59,4.5,4.53,1369600,NaN,NaN,NaN,NaN,NaN,NaN,NaN
1618275600,4.53,4.55,4.51,4.55,2158800,NaN,NaN,NaN,NaN,NaN,NaN,NaN
1618362000,4.54,4.58,4.5,4.57,1808300,NaN,NaN,NaN,NaN,NaN,NaN,NaN
1618448400,4.57,4.59,4.51,4.53,1686400,NaN,NaN,NaN,NaN,NaN,NaN,NaN
1618534800,4.53,4.53,4.46,4.48,1984000,NaN,NaN,NaN,NaN,NaN,NaN,NaN
1618794000,4.53,4.53,4.47,4.5,1043600,NaN,NaN,NaN,NaN,NaN,NaN,NaN
1618880400,4.52,4.55,4.48,4.51,1400900,NaN,NaN,NaN,NaN,NaN,NaN,NaN
1618966800,4.51,4.51,4.42,4.43,2473500,NaN,NaN,NaN,NaN,NaN,NaN,NaN
1619053200,4.45,4.49,4.41,4.43,1946300,NaN,NaN,NaN,NaN,NaN,NaN,NaN
1619139600,4.44,4.48,4.41,4.41,673300,NaN,NaN,NaN,NaN,NaN,NaN,NaN
1619398800,4.42,4.55,4.41,4.54,1215100,NaN,NaN,NaN,NaN,NaN,NaN,NaN
1619485200,4.53,4.53,4.48,4.5,2853600,NaN,NaN,NaN,NaN,NaN,NaN,NaN
1619571600,4.5,4.52,4.45,4.49,1332800,NaN,NaN,NaN,NaN,NaN,NaN,NaN
1619744400,4.49,4.54,4.42,4.54,4033700,NaN,NaN,NaN,NaN,NaN,NaN,NaN
1620003600,4.51,4.53,4.49,4.5,1484500,NaN,NaN,NaN,NaN,NaN,NaN,NaN
1620090000,4.51,4.57,4.5,4.55,1395800,NaN,NaN,NaN,NaN,NaN,NaN,NaN
1620176400,4.55,4.55,4.5,4.54,1310800,NaN,NaN,NaN,NaN,NaN,NaN,NaN
1620262800,4.54,4.59,4.46,4.59,1945700,NaN,NaN,NaN,NaN,NaN,NaN,NaN
1620349200,4.6,4.73,4.55,4.71,1577500,NaN,NaN,NaN,NaN,NaN,NaN,NaN
1620608400,4.74,4.79,4.72,4.77,1810800,NaN,NaN,NaN,NaN,NaN,NaN,NaN
1620694800,4.66,4.72,4.64,4.67,613000,NaN,NaN,NaN,NaN,NaN,NaN,NaN
1620781200,4.62,4.67,4.46,4.56,5456700,NaN,NaN,NaN,NaN,NaN,NaN,NaN
1621213200,4.59,4.68,4.5,4.5,3666100,NaN,NaN,NaN,NaN,NaN,NaN,NaN
1621299600,4.48,4.54,4.4,4.47,4171200,NaN,NaN,NaN,NaN,NaN,NaN,NaN
1621386000,4.45,4.48,4.4,4.41,3280400,NaN,NaN,NaN,NaN,NaN,NaN,NaN
1621472400,4.42,4.52,4.42,4.45,2096500,NaN,NaN,NaN,NaN,NaN,NaN,NaN
1621558800,4.46,4.5,4.41,4.43,2105600,NaN,NaN,NaN,NaN,NaN,NaN,NaN
1621818000,4.43,4.6,4.43,4.51,3158000,NaN,NaN,NaN,NaN,NaN,NaN,NaN
1621904400,4.45,4.59,4.45,4.5,2762900,NaN,NaN,NaN,NaN,NaN,NaN,NaN
1622077200,4.56,4.7,4.44,4.55,25015300,NaN,NaN,NaN,NaN,NaN,NaN,NaN
1622163600,4.48,4.65,4.48,4.54,2140000,NaN,NaN,NaN,NaN,NaN,NaN,NaN
1622422800,4.45,4.59,4.44,4.55,1209700,NaN,NaN,NaN,NaN,NaN,NaN,NaN
1622509200,4.5,4.52,4.47,4.5,488700,NaN,NaN,NaN,NaN,NaN,NaN,NaN
1622595600,4.46,4.54,4.46,4.54,962100,NaN,NaN,NaN,NaN,NaN,NaN,NaN
1622682000,4.49,4.55,4.45,4.45,1000400,NaN,NaN,NaN,NaN,NaN,NaN,NaN
1622768400,4.45,4.45,4.34,4.38,2446700,NaN,NaN,NaN,NaN,NaN,NaN,NaN
1623114000,4.4,4.43,4.33,4.38,2779500,NaN,NaN,NaN,NaN,NaN,NaN,NaN
1623200400,4.39,4.39,4.25,4.25,2611100,NaN,NaN,NaN,NaN,NaN,NaN,NaN
1623286800,4.26,4.3,4.23,4.23,811400,NaN,NaN,NaN,NaN,NaN,NaN,NaN
1623373200,4.27,4.27,4.11,4.13,2766100,NaN,NaN,NaN,NaN,NaN,NaN,NaN
1623632400,4.15,4.23,4.11,4.17,2132200,NaN,NaN,NaN,NaN,NaN,NaN,NaN
1623718800,4.17,4.19,4.11,4.14,1944600,NaN,NaN,NaN,NaN,NaN,NaN,NaN
1623805200,4.14,4.14,4.05,4.1,3141800,NaN,NaN,NaN,NaN,NaN,NaN,NaN
1623891600,4.1,4.12,4.05,4.11,1923200,NaN,NaN,NaN,NaN,NaN,NaN,NaN
1623978000,4.12,4.4,4.07,4.4,7773600,NaN,NaN,NaN,NaN,NaN,NaN,NaN
1624237200,4.3,4.3,4.15,4.15,1364700,NaN,NaN,NaN,NaN,NaN,NaN,NaN
1624323600,4.18,4.18,4.12,4.14,1362100,NaN,NaN,NaN,NaN,NaN,NaN,NaN
1624410000,4.14,4.15,4.1,4.14,978800,NaN,NaN,NaN,NaN,NaN,NaN,NaN
1624496400,4.16,4.18,4.1,4.14,1965300,NaN,NaN,NaN,NaN,NaN,NaN,NaN
1624582800,4.14,4.19,4.12,4.19,978300,NaN,NaN,NaN,NaN,NaN,NaN,NaN
1624842000,4.19,4.19,4.06,4.08,1679700,NaN,NaN,NaN,NaN,NaN,NaN,NaN
1624928400,4.08,4.15,4.06,4.11,1434300,NaN,NaN,NaN,NaN,NaN,NaN,NaN
1625014800,4.09,4.12,3.98,3.98,4222900,6915714601,29602000000,14714000000,897000000,4411000000,14487000000,3.34673366834171
1625101200,3.98,4.1,3.95,4.06,3153900,NaN,NaN,NaN,NaN,NaN,NaN,NaN
1625187600,4.05,4.05,3.97,3.98,1634700,NaN,NaN,NaN,NaN,NaN,NaN,NaN
1625446800,3.99,4.02,3.91,4,1394900,NaN,NaN,NaN,NaN,NaN,NaN,NaN
1625533200,4,4.01,3.94,3.95,1523300,NaN,NaN,NaN,NaN,NaN,NaN,NaN
1625619600,3.94,3.97,3.92,3.94,2739600,NaN,NaN,NaN,NaN,NaN,NaN,NaN
1625706000,3.94,3.94,3.81,3.85,4161100,NaN,NaN,NaN,NaN,NaN,NaN,NaN
1625792400,3.82,3.89,3.82,3.84,2131200,NaN,NaN,NaN,NaN,NaN,NaN,NaN
1626051600,3.86,3.88,3.77,3.8,1415300,NaN,NaN,NaN,NaN,NaN,NaN,NaN
1626138000,3.81,3.83,3.77,3.8,1281500,NaN,NaN,NaN,NaN,NaN,NaN,NaN
1626224400,3.8,3.8,3.7,3.74,2066200,NaN,NaN,NaN,NaN,NaN,NaN,NaN
1626310800,3.71,3.73,3.56,3.56,3962700,NaN,NaN,NaN,NaN,NaN,NaN,NaN
1626397200,3.6,3.66,3.55,3.6,4523900,NaN,NaN,NaN,NaN,NaN,NaN,NaN
1626656400,3.61,3.74,3.61,3.69,2395600,NaN,NaN,NaN,NaN,NaN,NaN,NaN
1626829200,3.71,3.71,3.58,3.6,3827400,NaN,NaN,NaN,NaN,NaN,NaN,NaN
1626915600,3.62,3.7,3.6,3.69,2396400,NaN,NaN,NaN,NaN,NaN,NaN,NaN
1627002000,3.68,3.73,3.65,3.65,984800,NaN,NaN,NaN,NaN,NaN,NaN,NaN
1627261200,3.66,3.67,3.58,3.58,1159900,NaN,NaN,NaN,NaN,NaN,NaN,NaN
1627347600,3.61,3.68,3.57,3.58,2584700,NaN,NaN,NaN,NaN,NaN,NaN,NaN
1627434000,3.6,3.64,3.54,3.56,5476800,NaN,NaN,NaN,NaN,NaN,NaN,NaN
1627520400,3.57,3.63,3.54,3.63,1733000,NaN,NaN,NaN,NaN,NaN,NaN,NaN
1627606800,3.63,3.63,3.4,3.4,4903400,NaN,NaN,NaN,NaN,NaN,NaN,NaN
1627866000,3.43,3.43,3.27,3.3,5640700,NaN,NaN,NaN,NaN,NaN,NaN,NaN
1627952400,3.33,3.41,3.3,3.41,2369000,NaN,NaN,NaN,NaN,NaN,NaN,NaN
1628038800,3.38,3.4,3.31,3.37,2163500,NaN,NaN,NaN,NaN,NaN,NaN,NaN
1628125200,3.4,3.44,3.36,3.44,2271700,NaN,NaN,NaN,NaN,NaN,NaN,NaN
1628211600,3.44,3.5,3.4,3.5,4234800,NaN,NaN,NaN,NaN,NaN,NaN,NaN
1628470800,3.49,3.49,3.42,3.43,1616600,NaN,NaN,NaN,NaN,NaN,NaN,NaN
1628643600,3.43,3.52,3.43,3.48,1823200,NaN,NaN,NaN,NaN,NaN,NaN,NaN
1628730000,3.45,3.5,3.45,3.47,1436300,NaN,NaN,NaN,NaN,NaN,NaN,NaN
1628816400,3.51,3.53,3.46,3.51,1751900,NaN,NaN,NaN,NaN,NaN,NaN,NaN
1629075600,3.51,3.64,3.47,3.63,1846000,NaN,NaN,NaN,NaN,NaN,NaN,NaN
1629162000,3.63,3.8,3.63,3.74,4927500,NaN,NaN,NaN,NaN,NaN,NaN,NaN
1629248400,3.77,3.96,3.71,3.85,6039300,NaN,NaN,NaN,NaN,NaN,NaN,NaN
1629334800,3.9,3.93,3.75,3.79,5149400,NaN,NaN,NaN,NaN,NaN,NaN,NaN
1629421200,3.8,4.12,3.8,3.92,5060800,NaN,NaN,NaN,NaN,NaN,NaN,NaN
1629680400,3.95,3.98,3.88,3.91,1903500,NaN,NaN,NaN,NaN,NaN,NaN,NaN
1629766800,3.92,4.18,3.88,4.16,5910100,NaN,NaN,NaN,NaN,NaN,NaN,NaN
1629853200,4.16,4.23,4.09,4.11,3587100,NaN,NaN,NaN,NaN,NaN,NaN,NaN
1629939600,4.11,4.24,4.11,4.16,5577800,NaN,NaN,NaN,NaN,NaN,NaN,NaN
1630026000,4.16,4.21,4.12,4.17,3542900,NaN,NaN,NaN,NaN,NaN,NaN,NaN
1630285200,4.15,4.2,4.02,4.03,9411900,NaN,NaN,NaN,NaN,NaN,NaN,NaN
1630458000,4,4.17,3.96,4.11,7446800,NaN,NaN,NaN,NaN,NaN,NaN,NaN
1630544400,4.11,4.15,4,4,4998900,NaN,NaN,NaN,NaN,NaN,NaN,NaN
1630630800,4.02,4.05,3.91,3.98,2128700,NaN,NaN,NaN,NaN,NaN,NaN,NaN
1630890000,4,4.01,3.9,3.94,1499600,NaN,NaN,NaN,NaN,NaN,NaN,NaN
1630976400,3.92,3.95,3.87,3.9,1706200,NaN,NaN,NaN,NaN,NaN,NaN,NaN
1631062800,3.88,3.99,3.86,3.99,4135100,NaN,NaN,NaN,NaN,NaN,NaN,NaN
1631149200,3.94,3.98,3.91,3.91,3663000,NaN,NaN,NaN,NaN,NaN,NaN,NaN
1631235600,3.93,3.97,3.9,3.91,2064500,NaN,NaN,NaN,NaN,NaN,NaN,NaN
1631494800,3.91,3.93,3.87,3.9,1762800,NaN,NaN,NaN,NaN,NaN,NaN,NaN
1631581200,3.92,3.92,3.81,3.84,2663300,NaN,NaN,NaN,NaN,NaN,NaN,NaN
1631667600,3.84,3.9,3.81,3.86,2369800,NaN,NaN,NaN,NaN,NaN,NaN,NaN
1631840400,3.84,3.88,3.75,3.8,10121400,NaN,NaN,NaN,NaN,NaN,NaN,NaN
1632099600,3.8,3.8,3.44,3.45,8320100,NaN,NaN,NaN,NaN,NaN,NaN,NaN
1632186000,3.48,3.59,3.48,3.57,8590900,NaN,NaN,NaN,NaN,NaN,NaN,NaN
1632272400,3.57,3.59,3.5,3.56,4633800,NaN,NaN,NaN,NaN,NaN,NaN,NaN
1632358800,3.56,3.68,3.53,3.67,6076400,NaN,NaN,NaN,NaN,NaN,NaN,NaN
1632445200,3.68,3.68,3.58,3.61,3363000,NaN,NaN,NaN,NaN,NaN,NaN,NaN
1632704400,3.63,3.67,3.6,3.63,3467100,NaN,NaN,NaN,NaN,NaN,NaN,NaN
1632790800,3.67,3.67,3.59,3.61,4894900,NaN,NaN,NaN,NaN,NaN,NaN,NaN
1632877200,3.58,3.65,3.54,3.63,3035700,NaN,NaN,NaN,NaN,NaN,NaN,NaN
1632963600,3.61,3.67,3.57,3.58,7062900,6915714601,30596000000,15616000000,972000000,5061000000,14556000000,3.72067039106145
1633050000,3.59,3.65,3.57,3.64,7497500,NaN,NaN,NaN,NaN,NaN,NaN,NaN
1633309200,3.64,3.65,3.58,3.61,3053400,NaN,NaN,NaN,NaN,NaN,NaN,NaN
1633395600,3.6,3.68,3.58,3.66,5378800,NaN,NaN,NaN,NaN,NaN,NaN,NaN
1633482000,3.68,4.25,3.68,4.2,34330100,NaN,NaN,NaN,NaN,NaN,NaN,NaN
1633568400,4.19,4.24,4.11,4.19,6956400,NaN,NaN,NaN,NaN,NaN,NaN,NaN
1633654800,4.19,4.28,4.12,4.24,5758600,NaN,NaN,NaN,NaN,NaN,NaN,NaN
1633914000,4.27,4.32,4.24,4.27,7429300,NaN,NaN,NaN,NaN,NaN,NaN,NaN
1634000400,4.27,4.32,4.2,4.26,8065600,NaN,NaN,NaN,NaN,NaN,NaN,NaN
1634086800,4.26,4.5,4.22,4.45,10727700,NaN,NaN,NaN,NaN,NaN,NaN,NaN
1634173200,4.43,4.43,4.27,4.31,4477800,NaN,NaN,NaN,NaN,NaN,NaN,NaN
1634259600,4.33,4.39,4.28,4.35,3447400,NaN,NaN,NaN,NaN,NaN,NaN,NaN
1634518800,4.35,4.43,4.33,4.35,5274000,NaN,NaN,NaN,NaN,NaN,NaN,NaN
1634691600,4.35,4.38,4.28,4.29,4706700,NaN,NaN,NaN,NaN,NaN,NaN,NaN
1634778000,4.3,4.37,4.26,4.31,7819400,NaN,NaN,NaN,NaN,NaN,NaN,NaN
1634864400,4.35,4.35,4.26,4.28,2314000,NaN,NaN,NaN,NaN,NaN,NaN,NaN
1635123600,4.25,4.37,4.25,4.28,1921900,NaN,NaN,NaN,NaN,NaN,NaN,NaN
1635210000,4.28,4.34,4.24,4.28,1930000,NaN,NaN,NaN,NaN,NaN,NaN,NaN
1635296400,4.23,4.23,4.13,4.2,1593800,NaN,NaN,NaN,NaN,NaN,NaN,NaN
1635382800,4.2,4.2,4.1,4.14,1936100,NaN,NaN,NaN,NaN,NaN,NaN,NaN
1635469200,4.1,4.12,3.96,4.01,2572400,NaN,NaN,NaN,NaN,NaN,NaN,NaN
1635728400,3.98,4.04,3.88,4,3123000,NaN,NaN,NaN,NaN,NaN,NaN,NaN
1635814800,4.02,4.25,4.02,4.25,4062000,NaN,NaN,NaN,NaN,NaN,NaN,NaN
1635901200,4.26,4.26,4.09,4.17,3119100,NaN,NaN,NaN,NaN,NaN,NaN,NaN
1636074000,4.16,4.22,4.05,4.1,2995100,NaN,NaN,NaN,NaN,NaN,NaN,NaN
1636333200,4.15,4.15,4.02,4.06,1562700,NaN,NaN,NaN,NaN,NaN,NaN,NaN
1636419600,4.06,4.09,4.01,4.03,1599000,NaN,NaN,NaN,NaN,NaN,NaN,NaN
1636506000,4.04,4.04,3.95,4,1385100,NaN,NaN,NaN,NaN,NaN,NaN,NaN
1636592400,4,4.01,3.9,3.92,3003000,NaN,NaN,NaN,NaN,NaN,NaN,NaN
1636678800,3.94,4.05,3.91,4.02,1447400,NaN,NaN,NaN,NaN,NaN,NaN,NaN
1636938000,4.01,4.01,3.85,3.89,1743700,NaN,NaN,NaN,NaN,NaN,NaN,NaN
1637024400,3.89,3.96,3.86,3.86,2878200,NaN,NaN,NaN,NaN,NaN,NaN,NaN
1637110800,3.89,3.9,3.83,3.87,957600,NaN,NaN,NaN,NaN,NaN,NaN,NaN
1637197200,3.87,4,3.82,3.96,2549000,NaN,NaN,NaN,NaN,NaN,NaN,NaN
1637283600,3.97,4.1,3.91,3.96,2042400,NaN,NaN,NaN,NaN,NaN,NaN,NaN
1637542800,3.92,4.03,3.91,4.01,2062500,NaN,NaN,NaN,NaN,NaN,NaN,NaN
1637629200,3.97,4.04,3.86,3.89,2575500,NaN,NaN,NaN,NaN,NaN,NaN,NaN
1637715600,3.86,3.9,3.84,3.88,1502300,NaN,NaN,NaN,NaN,NaN,NaN,NaN
1637802000,3.87,3.92,3.81,3.86,1260900,NaN,NaN,NaN,NaN,NaN,NaN,NaN
1637888400,3.85,3.85,3.7,3.73,2837100,NaN,NaN,NaN,NaN,NaN,NaN,NaN
1638147600,3.7,3.72,3.63,3.68,3414700,NaN,NaN,NaN,NaN,NaN,NaN,NaN
1638234000,3.71,3.8,3.65,3.68,8052300,NaN,NaN,NaN,NaN,NaN,NaN,NaN
1638320400,3.68,3.75,3.6,3.73,2856100,NaN,NaN,NaN,NaN,NaN,NaN,NaN
1638406800,3.75,3.83,3.68,3.79,1922400,NaN,NaN,NaN,NaN,NaN,NaN,NaN
1638752400,3.81,3.89,3.7,3.77,3483100,NaN,NaN,NaN,NaN,NaN,NaN,NaN
1638838800,3.75,3.81,3.72,3.75,1984000,NaN,NaN,NaN,NaN,NaN,NaN,NaN
1638925200,3.77,3.86,3.71,3.76,4257900,NaN,NaN,NaN,NaN,NaN,NaN,NaN
1639011600,3.76,3.85,3.73,3.85,1866900,NaN,NaN,NaN,NaN,NaN,NaN,NaN
1639098000,3.86,3.88,3.72,3.75,1705900,NaN,NaN,NaN,NaN,NaN,NaN,NaN
1639357200,3.75,3.8,3.74,3.77,2871100,NaN,NaN,NaN,NaN,NaN,NaN,NaN
1639443600,3.76,3.76,3.68,3.71,2876100,NaN,NaN,NaN,NaN,NaN,NaN,NaN
1639530000,3.7,3.7,3.59,3.61,7444300,NaN,NaN,NaN,NaN,NaN,NaN,NaN
1639616400,3.63,3.7,3.55,3.56,5307000,NaN,NaN,NaN,NaN,NaN,NaN,NaN
1639702800,3.55,3.64,3.46,3.64,18195700,NaN,NaN,NaN,NaN,NaN,NaN,NaN
1639962000,3.55,3.63,3.51,3.54,2522100,NaN,NaN,NaN,NaN,NaN,NaN,NaN
1640048400,3.55,3.63,3.53,3.63,2432800,NaN,NaN,NaN,NaN,NaN,NaN,NaN
1640134800,3.62,3.67,3.57,3.63,1473200,NaN,NaN,NaN,NaN,NaN,NaN,NaN
1640221200,3.6,3.8,3.6,3.8,3221400,NaN,NaN,NaN,NaN,NaN,NaN,NaN
1640307600,3.77,3.79,3.7,3.71,649300,NaN,NaN,NaN,NaN,NaN,NaN,NaN
1640566800,3.73,3.82,3.72,3.77,1130600,NaN,NaN,NaN,NaN,NaN,NaN,NaN
1640653200,3.82,3.82,3.74,3.79,1775800,NaN,NaN,NaN,NaN,NaN,NaN,NaN
1640739600,3.82,3.82,3.69,3.76,2242400,NaN,NaN,NaN,NaN,NaN,NaN,NaN
1640826000,3.72,3.8,3.72,3.8,904300,NaN,NaN,NaN,NaN,NaN,NaN,NaN
1640912400,3.78,3.79,3.71,3.76,2482300,6915714000,30414272000,14789259000,1154000000,5550000000,15188122000,5.3936170212766
1641171600,3.76,3.86,3.76,3.84,769200,NaN,NaN,NaN,NaN,NaN,NaN,NaN
1641258000,3.83,3.87,3.77,3.84,1512000,NaN,NaN,NaN,NaN,NaN,NaN,NaN
1641344400,3.84,3.86,3.74,3.79,2226600,NaN,NaN,NaN,NaN,NaN,NaN,NaN
1641430800,3.77,3.85,3.75,3.79,2035000,NaN,NaN,NaN,NaN,NaN,NaN,NaN
1641517200,3.8,3.95,3.76,3.94,1851800,NaN,NaN,NaN,NaN,NaN,NaN,NaN
1641776400,3.94,4.02,3.88,4.02,2724600,NaN,NaN,NaN,NaN,NaN,NaN,NaN
1641862800,4.01,4.04,3.95,4.03,1680600,NaN,NaN,NaN,NaN,NaN,NaN,NaN
1641949200,4.02,4.03,3.92,3.96,1838900,NaN,NaN,NaN,NaN,NaN,NaN,NaN
1642035600,3.94,4.08,3.94,4.04,1956700,NaN,NaN,NaN,NaN,NaN,NaN,NaN
1642122000,4.02,4.07,3.99,4.07,828700,NaN,NaN,NaN,NaN,NaN,NaN,NaN
1642381200,4.07,4.07,3.95,3.97,1331600,NaN,NaN,NaN,NaN,NaN,NaN,NaN
1642554000,3.95,4.03,3.9,3.98,1267700,NaN,NaN,NaN,NaN,NaN,NaN,NaN
1642640400,4,4.02,3.94,3.98,3773300,NaN,NaN,NaN,NaN,NaN,NaN,NaN
1642726800,3.96,4.02,3.95,3.97,756400,NaN,NaN,NaN,NaN,NaN,NaN,NaN
1642986000,3.95,4.01,3.91,4,1086300,NaN,NaN,NaN,NaN,NaN,NaN,NaN
1643072400,3.93,3.98,3.86,3.88,1974600,NaN,NaN,NaN,NaN,NaN,NaN,NaN
1643158800,3.9,3.92,3.82,3.82,1598100,NaN,NaN,NaN,NaN,NaN,NaN,NaN
1643245200,3.82,3.83,3.76,3.8,1083700,NaN,NaN,NaN,NaN,NaN,NaN,NaN
1643331600,3.79,3.85,3.79,3.83,241600,NaN,NaN,NaN,NaN,NaN,NaN,NaN
1643590800,3.73,3.81,3.53,3.53,5891200,NaN,NaN,NaN,NaN,NaN,NaN,NaN
1643850000,3.55,3.63,3.51,3.56,6419000,NaN,NaN,NaN,NaN,NaN,NaN,NaN
1643936400,3.55,3.56,3.51,3.52,2083400,NaN,NaN,NaN,NaN,NaN,NaN,NaN
1644195600,3.55,3.6,3.53,3.57,4220700,NaN,NaN,NaN,NaN,NaN,NaN,NaN
1644282000,3.58,3.59,3.54,3.57,4334500,NaN,NaN,NaN,NaN,NaN,NaN,NaN
1644368400,3.59,3.7,3.58,3.66,4435800,NaN,NaN,NaN,NaN,NaN,NaN,NaN
1644454800,3.66,3.92,3.66,3.92,8995000,NaN,NaN,NaN,NaN,NaN,NaN,NaN
1644541200,3.88,4.3,3.83,4.23,20985800,NaN,NaN,NaN,NaN,NaN,NaN,NaN
1644800400,4.24,4.26,4.14,4.24,11915200,NaN,NaN,NaN,NaN,NaN,NaN,NaN
1644886800,4.24,4.71,4.24,4.69,31084600,NaN,NaN,NaN,NaN,NaN,NaN,NaN
1644973200,4.69,4.69,4.48,4.64,14856800,NaN,NaN,NaN,NaN,NaN,NaN,NaN
1645059600,4.7,4.93,4.68,4.91,27767200,NaN,NaN,NaN,NaN,NaN,NaN,NaN
1645146000,4.91,4.98,4.81,4.9,16503000,NaN,NaN,NaN,NaN,NaN,NaN,NaN
1645405200,4.89,4.93,4.53,4.58,9098000,NaN,NaN,NaN,NaN,NaN,NaN,NaN
1645491600,4.61,4.71,4.52,4.65,8007800,NaN,NaN,NaN,NaN,NaN,NaN,NaN
1645578000,4.6,4.78,4.58,4.65,9143300,NaN,NaN,NaN,NaN,NaN,NaN,NaN
1645664400,4.66,4.9,4.63,4.8,10388800,NaN,NaN,NaN,NaN,NaN,NaN,NaN
1645750800,4.84,4.88,4.74,4.78,6056300,NaN,NaN,NaN,NaN,NaN,NaN,NaN
1646010000,4.83,5.09,4.78,4.91,15880400,NaN,NaN,NaN,NaN,NaN,NaN,NaN
1646096400,4.9,4.98,4.85,4.91,6508100,NaN,NaN,NaN,NaN,NaN,NaN,NaN
1646182800,4.94,5.27,4.94,5.22,26094500,NaN,NaN,NaN,NaN,NaN,NaN,NaN
1646269200,5.25,5.36,5.16,5.26,23520200,NaN,NaN,NaN,NaN,NaN,NaN,NaN
1646355600,5.27,5.29,5.08,5.1,10724100,NaN,NaN,NaN,NaN,NaN,NaN,NaN
1646614800,5.1,5.23,5.01,5.11,16264400,NaN,NaN,NaN,NaN,NaN,NaN,NaN
1646701200,5.1,5.14,4.84,5.05,10454700,NaN,NaN,NaN,NaN,NaN,NaN,NaN
1646787600,5.05,5.37,4.93,5.3,19876900,NaN,NaN,NaN,NaN,NaN,NaN,NaN
1646874000,5.28,5.28,5.09,5.18,14534600,NaN,NaN,NaN,NaN,NaN,NaN,NaN
1646960400,5.18,5.19,5.13,5.17,7203400,NaN,NaN,NaN,NaN,NaN,NaN,NaN
1647219600,5.15,5.15,5,5.05,4177600,NaN,NaN,NaN,NaN,NaN,NaN,NaN
1647306000,4.96,5.05,4.87,4.95,2891000,NaN,NaN,NaN,NaN,NaN,NaN,NaN
1647392400,4.95,5.08,4.93,4.98,5060200,NaN,NaN,NaN,NaN,NaN,NaN,NaN
1647478800,4.99,5.05,4.85,4.9,7038800,NaN,NaN,NaN,NaN,NaN,NaN,NaN
1647565200,4.9,5.02,4.88,4.98,9714800,NaN,NaN,NaN,NaN,NaN,NaN,NaN
1647824400,4.94,5,4.94,4.98,1865400,NaN,NaN,NaN,NaN,NaN,NaN,NaN
1647910800,4.99,5.21,4.99,5.07,9535600,NaN,NaN,NaN,NaN,NaN,NaN,NaN
1647997200,5.07,5.13,5.04,5.05,10814000,NaN,NaN,NaN,NaN,NaN,NaN,NaN
1648083600,5,5.08,4.97,5.05,8298200,NaN,NaN,NaN,NaN,NaN,NaN,NaN
1648170000,5.08,5.18,5.01,5.14,5553400,NaN,NaN,NaN,NaN,NaN,NaN,NaN
1648429200,5.09,5.11,4.99,5.05,1636300,NaN,NaN,NaN,NaN,NaN,NaN,NaN
1648515600,5.06,5.06,4.98,5.01,4494300,NaN,NaN,NaN,NaN,NaN,NaN,NaN
1648602000,5.01,5.05,4.96,5,1803600,NaN,NaN,NaN,NaN,NaN,NaN,NaN
1648688400,5.03,5.03,4.91,4.97,5772200,6915714601,31745000000,16255000000,1118000000,4381000000,15022000000,4.08048289738431
1648774800,4.95,5.08,4.91,4.95,2650400,NaN,NaN,NaN,NaN,NaN,NaN,NaN
1649034000,4.93,5.1,4.9,5.08,3159200,NaN,NaN,NaN,NaN,NaN,NaN,NaN
1649120400,5.11,5.18,5.05,5.13,3440500,NaN,NaN,NaN,NaN,NaN,NaN,NaN
1649206800,5.12,5.29,5.12,5.27,6296600,NaN,NaN,NaN,NaN,NaN,NaN,NaN
1649293200,5.28,5.35,5.25,5.25,9364600,NaN,NaN,NaN,NaN,NaN,NaN,NaN
1649379600,5.25,5.29,5.22,5.25,2746800,NaN,NaN,NaN,NaN,NaN,NaN,NaN
1649638800,5.25,5.43,5.25,5.3,7284300,NaN,NaN,NaN,NaN,NaN,NaN,NaN
1649725200,5.3,5.31,5.25,5.26,7994600,NaN,NaN,NaN,NaN,NaN,NaN,NaN
1649811600,5.3,5.35,5.27,5.3,12439900,NaN,NaN,NaN,NaN,NaN,NaN,NaN
1649898000,5.36,5.42,5.3,5.3,8576500,NaN,NaN,NaN,NaN,NaN,NaN,NaN
1649984400,5.3,5.37,4.97,5.07,11928600,NaN,NaN,NaN,NaN,NaN,NaN,NaN
1650243600,5.09,5.2,5.06,5.15,8995200,NaN,NaN,NaN,NaN,NaN,NaN,NaN
1650416400,5.17,5.35,5.16,5.34,18019800,NaN,NaN,NaN,NaN,NaN,NaN,NaN
1650502800,5.34,5.37,5.23,5.25,6063900,NaN,NaN,NaN,NaN,NaN,NaN,NaN
1650589200,5.27,5.27,5.2,5.25,5807600,NaN,NaN,NaN,NaN,NaN,NaN,NaN
1650848400,5.35,5.46,5.34,5.34,25053300,NaN,NaN,NaN,NaN,NaN,NaN,NaN
1650934800,5.37,5.43,5.11,5.25,14392100,NaN,NaN,NaN,NaN,NaN,NaN,NaN
1651021200,5.12,5.24,5.09,5.2,5070700,NaN,NaN,NaN,NaN,NaN,NaN,NaN
1651107600,5.27,5.3,5.2,5.23,6587900,NaN,NaN,NaN,NaN,NaN,NaN,NaN
1651194000,5.29,5.29,5.17,5.24,6539800,NaN,NaN,NaN,NaN,NaN,NaN,NaN
1651712400,5.27,5.36,5.22,5.27,5701400,NaN,NaN,NaN,NaN,NaN,NaN,NaN
1651798800,5.19,5.29,5.09,5.09,6277800,NaN,NaN,NaN,NaN,NaN,NaN,NaN
1652058000,5.09,5.09,4.89,4.92,10273700,NaN,NaN,NaN,NaN,NaN,NaN,NaN
1652144400,4.88,4.96,4.78,4.9,13654000,NaN,NaN,NaN,NaN,NaN,NaN,NaN
1652230800,4.9,5.01,4.9,4.99,9441800,NaN,NaN,NaN,NaN,NaN,NaN,NaN
1652317200,5.04,5.15,4.86,4.9,7534600,NaN,NaN,NaN,NaN,NaN,NaN,NaN
1652403600,5.1,5.18,5.05,5.12,12998800,NaN,NaN,NaN,NaN,NaN,NaN,NaN
1652749200,5.15,5.25,5.13,5.24,10730300,NaN,NaN,NaN,NaN,NaN,NaN,NaN
1652835600,5.24,5.3,5.18,5.22,5530700,NaN,NaN,NaN,NaN,NaN,NaN,NaN
1652922000,5.2,5.29,5.19,5.23,7994200,NaN,NaN,NaN,NaN,NaN,NaN,NaN
1653008400,5.23,5.25,5.1,5.18,5869800,NaN,NaN,NaN,NaN,NaN,NaN,NaN
1653267600,5.19,5.19,5,5.02,8737000,NaN,NaN,NaN,NaN,NaN,NaN,NaN
1653354000,5.1,5.1,4.97,5.02,5528000,NaN,NaN,NaN,NaN,NaN,NaN,NaN
1653440400,4.97,5.09,4.97,5.07,3665800,NaN,NaN,NaN,NaN,NaN,NaN,NaN
1653526800,5.05,5.08,4.91,5.01,5112500,NaN,NaN,NaN,NaN,NaN,NaN,NaN
1653613200,5.05,5.09,4.99,5.05,3956600,NaN,NaN,NaN,NaN,NaN,NaN,NaN
1653872400,5.02,5.1,4.96,4.98,3118100,NaN,NaN,NaN,NaN,NaN,NaN,NaN
1653958800,4.94,5.07,4.91,5.03,30234000,NaN,NaN,NaN,NaN,NaN,NaN,NaN
1654045200,5.06,5.06,4.9,4.91,1921800,NaN,NaN,NaN,NaN,NaN,NaN,NaN
1654131600,4.98,4.98,4.81,4.88,3510200,NaN,NaN,NaN,NaN,NaN,NaN,NaN
1654218000,4.91,4.93,4.84,4.91,2138600,NaN,NaN,NaN,NaN,NaN,NaN,NaN
1654563600,4.89,4.93,4.68,4.7,7268300,NaN,NaN,NaN,NaN,NaN,NaN,NaN
1654650000,4.7,4.92,4.7,4.83,4962400,NaN,NaN,NaN,NaN,NaN,NaN,NaN
1654736400,4.83,4.85,4.68,4.71,3089000,NaN,NaN,NaN,NaN,NaN,NaN,NaN
1654822800,4.74,4.74,4.58,4.64,5388600,NaN,NaN,NaN,NaN,NaN,NaN,NaN
1655082000,4.55,4.63,4.4,4.52,8310800,NaN,NaN,NaN,NaN,NaN,NaN,NaN
1655168400,4.44,4.85,4.44,4.79,5536200,NaN,NaN,NaN,NaN,NaN,NaN,NaN
1655254800,4.82,4.82,4.54,4.6,4599100,NaN,NaN,NaN,NaN,NaN,NaN,NaN
1655341200,4.61,4.7,4.43,4.54,5884200,NaN,NaN,NaN,NaN,NaN,NaN,NaN
1655427600,4.5,4.5,4.34,4.46,9065500,NaN,NaN,NaN,NaN,NaN,NaN,NaN
1655686800,4.42,4.49,4.32,4.45,1677200,NaN,NaN,NaN,NaN,NaN,NaN,NaN
1655773200,4.35,4.46,4.35,4.42,3899900,NaN,NaN,NaN,NaN,NaN,NaN,NaN
1655859600,4.42,4.45,4.02,4.04,10678600,NaN,NaN,NaN,NaN,NaN,NaN,NaN
1655946000,4.1,4.32,4.09,4.29,5365200,NaN,NaN,NaN,NaN,NaN,NaN,NaN
1656032400,4.27,4.33,4.14,4.22,6337900,NaN,NaN,NaN,NaN,NaN,NaN,NaN
1656291600,4.13,4.34,4.13,4.3,3284000,NaN,NaN,NaN,NaN,NaN,NaN,NaN
1656378000,4.32,4.47,4.19,4.43,4868000,NaN,NaN,NaN,NaN,NaN,NaN,NaN
1656464400,4.45,4.45,4.3,4.33,3632900,NaN,NaN,NaN,NaN,NaN,NaN,NaN
1656550800,4.38,4.42,4.28,4.33,5661900,6915714601,32157000000,15407000000,716000000,5587000000,16302000000,5.16859122401848
1656637200,4.33,4.39,4.28,4.32,2121200,NaN,NaN,NaN,NaN,NaN,NaN,NaN
1656896400,4.32,4.36,4.27,4.28,2295800,NaN,NaN,NaN,NaN,NaN,NaN,NaN
1656982800,4.36,4.38,4.2,4.26,5139700,NaN,NaN,NaN,NaN,NaN,NaN,NaN
1657069200,4.25,4.3,3.82,3.83,7921800,NaN,NaN,NaN,NaN,NaN,NaN,NaN
1657155600,3.83,4.15,3.83,4.05,5114000,NaN,NaN,NaN,NaN,NaN,NaN,NaN
1657242000,4.06,4.11,3.99,4.07,3659500,NaN,NaN,NaN,NaN,NaN,NaN,NaN
1657587600,4.07,4.13,3.97,4.13,1134400,NaN,NaN,NaN,NaN,NaN,NaN,NaN
1657674000,4.1,4.18,4.07,4.09,3082800,NaN,NaN,NaN,NaN,NaN,NaN,NaN
1657760400,4,4.1,4,4.09,2070700,NaN,NaN,NaN,NaN,NaN,NaN,NaN
1657846800,4.03,4.12,3.99,4.08,884100,NaN,NaN,NaN,NaN,NaN,NaN,NaN
1658106000,4.16,4.17,4.05,4.17,1786400,NaN,NaN,NaN,NaN,NaN,NaN,NaN
1658192400,4.19,4.22,4.09,4.18,2695000,NaN,NaN,NaN,NaN,NaN,NaN,NaN
1658278800,4.2,4.25,4.12,4.19,2512500,NaN,NaN,NaN,NaN,NaN,NaN,NaN
1658365200,4.13,4.32,4.13,4.26,2820800,NaN,NaN,NaN,NaN,NaN,NaN,NaN
1658451600,4.22,4.28,4.13,4.19,2990900,NaN,NaN,NaN,NaN,NaN,NaN,NaN
1658710800,4.2,4.22,4.16,4.22,353600,NaN,NaN,NaN,NaN,NaN,NaN,NaN
1658797200,4.23,4.23,4.15,4.17,1539100,NaN,NaN,NaN,NaN,NaN,NaN,NaN
1658883600,4.21,4.22,4.12,4.17,1936200,NaN,NaN,NaN,NaN,NaN,NaN,NaN
1658970000,4.16,4.25,4.15,4.23,1781800,NaN,NaN,NaN,NaN,NaN,NaN,NaN
1659056400,4.24,4.46,4.24,4.36,5656600,NaN,NaN,NaN,NaN,NaN,NaN,NaN
1659315600,4.38,4.47,4.31,4.4,2556600,NaN,NaN,NaN,NaN,NaN,NaN,NaN
1659402000,4.4,4.53,4.27,4.35,3404000,NaN,NaN,NaN,NaN,NaN,NaN,NaN
1659488400,4.33,4.39,4.3,4.36,1963200,NaN,NaN,NaN,NaN,NaN,NaN,NaN
1659574800,4.3,4.44,4.3,4.42,3405300,NaN,NaN,NaN,NaN,NaN,NaN,NaN
1659661200,4.36,4.5,4.36,4.46,1676500,NaN,NaN,NaN,NaN,NaN,NaN,NaN
1659920400,4.45,4.49,4.42,4.46,1607900,NaN,NaN,NaN,NaN,NaN,NaN,NaN
1660006800,4.46,4.5,4.41,4.45,2614400,NaN,NaN,NaN,NaN,NaN,NaN,NaN
1660093200,4.37,4.54,4.37,4.52,2803800,NaN,NaN,NaN,NaN,NaN,NaN,NaN
1660179600,4.54,4.59,4.48,4.55,1662000,NaN,NaN,NaN,NaN,NaN,NaN,NaN
1660266000,4.55,4.69,4.54,4.64,2786100,NaN,NaN,NaN,NaN,NaN,NaN,NaN
1660525200,4.66,4.68,4.56,4.56,1474900,NaN,NaN,NaN,NaN,NaN,NaN,NaN
1660611600,4.51,4.7,4.51,4.69,4100300,NaN,NaN,NaN,NaN,NaN,NaN,NaN
1660698000,4.62,4.74,4.62,4.68,2988500,NaN,NaN,NaN,NaN,NaN,NaN,NaN
1660784400,4.66,4.72,4.57,4.71,3009700,NaN,NaN,NaN,NaN,NaN,NaN,NaN
1660870800,4.72,4.76,4.57,4.61,3247000,NaN,NaN,NaN,NaN,NaN,NaN,NaN
1661130000,4.61,4.61,4.43,4.5,2254500,NaN,NaN,NaN,NaN,NaN,NaN,NaN
1661216400,4.47,4.47,4.35,4.4,2239900,NaN,NaN,NaN,NaN,NaN,NaN,NaN
1661302800,4.46,4.48,4.09,4.11,3696300,NaN,NaN,NaN,NaN,NaN,NaN,NaN
1661389200,4.13,4.23,4.09,4.17,5560000,NaN,NaN,NaN,NaN,NaN,NaN,NaN
1661475600,4.18,4.33,4.15,4.27,2758900,NaN,NaN,NaN,NaN,NaN,NaN,NaN
1661734800,4.22,4.5,4.21,4.39,3861000,NaN,NaN,NaN,NaN,NaN,NaN,NaN
1661821200,4.38,4.54,4.32,4.46,5949200,NaN,NaN,NaN,NaN,NaN,NaN,NaN
1661994000,4.68,4.7,4.19,4.22,5825900,NaN,NaN,NaN,NaN,NaN,NaN,NaN
1662080400,4.29,4.3,4.1,4.15,3182700,NaN,NaN,NaN,NaN,NaN,NaN,NaN
1662339600,4.15,4.29,4.1,4.25,1379600,NaN,NaN,NaN,NaN,NaN,NaN,NaN
1662426000,4.25,4.32,4.22,4.28,3252100,NaN,NaN,NaN,NaN,NaN,NaN,NaN
1662512400,4.29,4.29,4.21,4.29,1261800,NaN,NaN,NaN,NaN,NaN,NaN,NaN
1662598800,4.25,4.33,4.24,4.3,3304500,NaN,NaN,NaN,NaN,NaN,NaN,NaN
1662685200,4.25,4.33,4.24,4.27,1689300,NaN,NaN,NaN,NaN,NaN,NaN,NaN
1662944400,4.27,4.37,4.27,4.33,1312700,NaN,NaN,NaN,NaN,NaN,NaN,NaN
1663030800,4.33,4.42,4.26,4.39,2662400,NaN,NaN,NaN,NaN,NaN,NaN,NaN
1663117200,4.29,4.39,4.29,4.33,1280000,NaN,NaN,NaN,NaN,NaN,NaN,NaN
1663203600,4.33,4.38,4.31,4.34,5490900,NaN,NaN,NaN,NaN,NaN,NaN,NaN
1663549200,4.46,4.47,4.32,4.37,3038800,NaN,NaN,NaN,NaN,NaN,NaN,NaN
1663635600,4.43,4.46,4.32,4.44,1483800,NaN,NaN,NaN,NaN,NaN,NaN,NaN
1663722000,4.4,4.4,4.33,4.34,3460100,NaN,NaN,NaN,NaN,NaN,NaN,NaN
1663808400,4.32,4.41,4.32,4.38,2064100,NaN,NaN,NaN,NaN,NaN,NaN,NaN
1663894800,4.34,4.4,4.32,4.33,1244700,NaN,NaN,NaN,NaN,NaN,NaN,NaN
1664154000,4.31,4.43,4.31,4.34,3178300,NaN,NaN,NaN,NaN,NaN,NaN,NaN
1664240400,4.32,4.4,4.26,4.27,2283600,NaN,NaN,NaN,NaN,NaN,NaN,NaN
1664326800,4.29,4.29,4.06,4.08,4242500,NaN,NaN,NaN,NaN,NaN,NaN,NaN
1664413200,4.12,4.18,4.11,4.15,1963800,NaN,NaN,NaN,NaN,NaN,NaN,NaN
1664499600,4.15,4.17,4.06,4.09,2044300,6915714601,32782000000,15903000000,516000000,5392000000,16443000000,5.4718826405868
1664758800,4.09,4.18,3.99,4.16,1395800,NaN,NaN,NaN,NaN,NaN,NaN,NaN
1664845200,4.15,4.15,4.04,4.04,926100,NaN,NaN,NaN,NaN,NaN,NaN,NaN
1664931600,4.08,4.2,4.08,4.2,1331700,NaN,NaN,NaN,NaN,NaN,NaN,NaN
1665018000,4.2,4.22,4.14,4.17,813300,NaN,NaN,NaN,NaN,NaN,NaN,NaN
1665104400,4.22,4.22,4.04,4.04,1896400,NaN,NaN,NaN,NaN,NaN,NaN,NaN
1665450000,4.03,4.05,3.9,4.02,3917800,NaN,NaN,NaN,NaN,NaN,NaN,NaN
1665536400,3.97,3.98,3.86,3.93,6314200,NaN,NaN,NaN,NaN,NaN,NaN,NaN
1665622800,3.93,3.95,3.9,3.94,1397300,NaN,NaN,NaN,NaN,NaN,NaN,NaN
1665709200,3.98,4.08,3.95,4.03,2499400,NaN,NaN,NaN,NaN,NaN,NaN,NaN
1665968400,4.03,4.07,3.96,4.03,1669300,NaN,NaN,NaN,NaN,NaN,NaN,NaN
1666054800,4.08,4.17,4.03,4.14,2790700,NaN,NaN,NaN,NaN,NaN,NaN,NaN
1666141200,4.15,4.27,4.12,4.25,4541000,NaN,NaN,NaN,NaN,NaN,NaN,NaN
1666227600,4.24,4.49,4.24,4.4,6895100,NaN,NaN,NaN,NaN,NaN,NaN,NaN
1666314000,4.4,4.47,4.37,4.42,2774700,NaN,NaN,NaN,NaN,NaN,NaN,NaN
1666659600,4.4,4.47,4.37,4.42,3462400,NaN,NaN,NaN,NaN,NaN,NaN,NaN
1666746000,4.42,4.53,4.42,4.5,4818900,NaN,NaN,NaN,NaN,NaN,NaN,NaN
1666832400,4.5,4.58,4.43,4.44,2384900,NaN,NaN,NaN,NaN,NaN,NaN,NaN
1666918800,4.41,4.46,4.33,4.35,1895200,NaN,NaN,NaN,NaN,NaN,NaN,NaN
1667178000,4.35,4.5,4.35,4.4,3212500,NaN,NaN,NaN,NaN,NaN,NaN,NaN
1667264400,4.44,4.44,4.28,4.33,2908200,NaN,NaN,NaN,NaN,NaN,NaN,NaN
1667350800,4.35,4.41,4.3,4.37,2568400,NaN,NaN,NaN,NaN,NaN,NaN,NaN
1667437200,4.28,4.35,4.14,4.25,4489200,NaN,NaN,NaN,NaN,NaN,NaN,NaN
1667523600,4.25,4.37,4.21,4.36,1864900,NaN,NaN,NaN,NaN,NaN,NaN,NaN
1667782800,4.38,4.4,4.29,4.36,2185600,NaN,NaN,NaN,NaN,NaN,NaN,NaN
1667869200,4.42,4.42,4.28,4.33,1954400,NaN,NaN,NaN,NaN,NaN,NaN,NaN
1667955600,4.4,4.4,4.33,4.39,1274500,NaN,NaN,NaN,NaN,NaN,NaN,NaN
1668042000,4.4,4.42,4.33,4.35,1817300,NaN,NaN,NaN,NaN,NaN,NaN,NaN
1668128400,4.48,4.48,4.33,4.45,2636400,NaN,NaN,NaN,NaN,NaN,NaN,NaN
1668387600,4.34,4.48,4.34,4.46,1691400,NaN,NaN,NaN,NaN,NaN,NaN,NaN
1668474000,4.45,4.45,4.39,4.45,456300,NaN,NaN,NaN,NaN,NaN,NaN,NaN
1668560400,4.37,4.42,4.34,4.38,764000,NaN,NaN,NaN,NaN,NaN,NaN,NaN
1668646800,4.38,4.4,4.3,4.31,1643800,NaN,NaN,NaN,NaN,NaN,NaN,NaN
1668992400,4.3,4.38,4.29,4.3,3520500,NaN,NaN,NaN,NaN,NaN,NaN,NaN
1669078800,4.3,4.35,4.29,4.33,5438800,NaN,NaN,NaN,NaN,NaN,NaN,NaN
1669165200,4.22,4.43,4.22,4.43,3535200,NaN,NaN,NaN,NaN,NaN,NaN,NaN
1669251600,4.43,4.43,4.31,4.34,4666300,NaN,NaN,NaN,NaN,NaN,NaN,NaN
1669338000,4.34,4.37,4.28,4.33,4880900,NaN,NaN,NaN,NaN,NaN,NaN,NaN
1669683600,4.25,4.4,4.25,4.35,7735200,NaN,NaN,NaN,NaN,NaN,NaN,NaN
1669770000,4.33,4.37,4.21,4.26,16677700,NaN,NaN,NaN,NaN,NaN,NaN,NaN
1669856400,4.28,4.45,4.27,4.41,4128400,NaN,NaN,NaN,NaN,NaN,NaN,NaN
1669942800,4.45,4.53,4.39,4.5,4169600,NaN,NaN,NaN,NaN,NaN,NaN,NaN
1670202000,4.5,4.52,4.39,4.4,2600300,NaN,NaN,NaN,NaN,NaN,NaN,NaN
1670288400,4.38,4.44,4.19,4.31,4517900,NaN,NaN,NaN,NaN,NaN,NaN,NaN
1670374800,4.31,4.37,4.31,4.35,3504800,NaN,NaN,NaN,NaN,NaN,NaN,NaN
1670461200,4.31,4.37,4.31,4.35,1593000,NaN,NaN,NaN,NaN,NaN,NaN,NaN
1670547600,4.31,4.37,4.27,4.35,2922700,NaN,NaN,NaN,NaN,NaN,NaN,NaN
1670806800,4.31,4.37,4.29,4.36,1459100,NaN,NaN,NaN,NaN,NaN,NaN,NaN
1670893200,4.31,4.35,4.23,4.25,4270500,NaN,NaN,NaN,NaN,NaN,NaN,NaN
1670979600,4.28,4.4,4.26,4.35,3627200,NaN,NaN,NaN,NaN,NaN,NaN,NaN
1671066000,4.4,4.4,4.3,4.35,1975300,NaN,NaN,NaN,NaN,NaN,NaN,NaN
1671152400,4.29,4.77,4.26,4.77,7391000,NaN,NaN,NaN,NaN,NaN,NaN,NaN
1671411600,4.66,4.66,4.4,4.43,4885300,NaN,NaN,NaN,NaN,NaN,NaN,NaN
1671498000,4.42,4.42,4.36,4.37,3200200,NaN,NaN,NaN,NaN,NaN,NaN,NaN
1671584400,4.33,4.39,4.29,4.35,1981700,NaN,NaN,NaN,NaN,NaN,NaN,NaN
1671670800,4.31,4.42,4.31,4.4,1938400,NaN,NaN,NaN,NaN,NaN,NaN,NaN
1671757200,4.4,4.41,4.35,4.35,581700,NaN,NaN,NaN,NaN,NaN,NaN,NaN
1672102800,4.36,4.57,4.35,4.57,1521400,NaN,NaN,NaN,NaN,NaN,NaN,NaN
1672189200,4.5,4.63,4.46,4.57,3193800,NaN,NaN,NaN,NaN,NaN,NaN,NaN
1672275600,4.56,4.68,4.48,4.65,2013600,NaN,NaN,NaN,NaN,NaN,NaN,NaN
1672362000,4.62,4.74,4.53,4.65,9341600,6915714000,31266480000,14480693000,766000000,5670000000,16367229000,3.4494623655914
1672707600,4.65,4.65,4.5,4.5,1167800,NaN,NaN,NaN,NaN,NaN,NaN,NaN
1672794000,4.5,4.54,4.35,4.35,3360300,NaN,NaN,NaN,NaN,NaN,NaN,NaN
1672880400,4.37,4.51,4.33,4.45,2734400,NaN,NaN,NaN,NaN,NaN,NaN,NaN
1672966800,4.48,4.49,4.37,4.37,1224000,NaN,NaN,NaN,NaN,NaN,NaN,NaN
1673226000,4.38,4.47,4.38,4.43,1816100,NaN,NaN,NaN,NaN,NaN,NaN,NaN
1673312400,4.4,4.45,4.33,4.37,3864000,NaN,NaN,NaN,NaN,NaN,NaN,NaN
1673398800,4.41,4.45,4.37,4.38,1046300,NaN,NaN,NaN,NaN,NaN,NaN,NaN
1673485200,4.42,4.42,4.36,4.38,2108500,NaN,NaN,NaN,NaN,NaN,NaN,NaN
1673571600,4.36,4.42,4.27,4.32,2820200,NaN,NaN,NaN,NaN,NaN,NaN,NaN
1673830800,4.3,4.37,4.3,4.37,1402800,NaN,NaN,NaN,NaN,NaN,NaN,NaN
1673917200,4.38,4.42,4.36,4.39,1202000,NaN,NaN,NaN,NaN,NaN,NaN,NaN
1674003600,4.39,4.44,4.37,4.4,1582400,NaN,NaN,NaN,NaN,NaN,NaN,NaN
1674090000,4.4,4.43,4.34,4.36,3730200,NaN,NaN,NaN,NaN,NaN,NaN,NaN
1674176400,4.34,4.48,4.34,4.45,3903200,NaN,NaN,NaN,NaN,NaN,NaN,NaN
1674608400,4.45,4.45,4.34,4.34,846600,NaN,NaN,NaN,NaN,NaN,NaN,NaN
1674694800,4.38,4.38,4.33,4.35,1108800,NaN,NaN,NaN,NaN,NaN,NaN,NaN
1674781200,4.38,4.38,4.26,4.28,2653100,NaN,NaN,NaN,NaN,NaN,NaN,NaN
1675040400,4.33,4.35,4.29,4.34,2381500,NaN,NaN,NaN,NaN,NaN,NaN,NaN
1675126800,4.3,4.36,4.26,4.33,6523700,NaN,NaN,NaN,NaN,NaN,NaN,NaN
1675299600,4.35,4.45,4.35,4.45,2153200,NaN,NaN,NaN,NaN,NaN,NaN,NaN
1675386000,4.49,4.49,4.37,4.43,1261800,NaN,NaN,NaN,NaN,NaN,NaN,NaN
1675731600,4.5,4.5,4.42,4.45,2836900,NaN,NaN,NaN,NaN,NaN,NaN,NaN
1675818000,4.45,4.45,4.3,4.36,889600,NaN,NaN,NaN,NaN,NaN,NaN,NaN
1675904400,4.34,4.35,4.3,4.31,1233900,NaN,NaN,NaN,NaN,NaN,NaN,NaN
1675990800,4.31,4.35,4.3,4.33,780200,NaN,NaN,NaN,NaN,NaN,NaN,NaN
1676250000,4.31,4.34,4.24,4.29,1850200,NaN,NaN,NaN,NaN,NaN,NaN,NaN
1676336400,4.29,4.39,4.28,4.37,1242500,NaN,NaN,NaN,NaN,NaN,NaN,NaN
1676422800,4.39,4.4,4.34,4.35,4150600,NaN,NaN,NaN,NaN,NaN,NaN,NaN
1676509200,4.35,4.45,4.35,4.35,2051500,NaN,NaN,NaN,NaN,NaN,NaN,NaN
1676595600,4.35,4.38,4.3,4.35,2348700,NaN,NaN,NaN,NaN,NaN,NaN,NaN
1676854800,4.39,4.41,4.3,4.3,1556600,NaN,NaN,NaN,NaN,NaN,NaN,NaN
1676941200,4.31,4.38,4.31,4.37,1043500,NaN,NaN,NaN,NaN,NaN,NaN,NaN
1677027600,4.37,4.37,4.31,4.33,839500,NaN,NaN,NaN,NaN,NaN,NaN,NaN
1677114000,4.37,4.37,4.3,4.3,1826100,NaN,NaN,NaN,NaN,NaN,NaN,NaN
1677200400,4.31,4.38,4.3,4.33,2570600,NaN,NaN,NaN,NaN,NaN,NaN,NaN
1677459600,4.32,4.36,4.29,4.3,2488800,NaN,NaN,NaN,NaN,NaN,NaN,NaN
1677546000,4.29,4.32,4.22,4.23,4530100,NaN,NaN,NaN,NaN,NaN,NaN,NaN
1677632400,4.23,4.26,4.19,4.25,1391800,NaN,NaN,NaN,NaN,NaN,NaN,NaN
1677718800,4.23,4.31,4.22,4.3,1558400,NaN,NaN,NaN,NaN,NaN,NaN,NaN
1677805200,4.28,4.32,4.25,4.26,2341600,NaN,NaN,NaN,NaN,NaN,NaN,NaN
1678064400,4.28,4.39,4.27,4.3,3515100,NaN,NaN,NaN,NaN,NaN,NaN,NaN
1678150800,4.32,4.51,4.31,4.51,2559400,NaN,NaN,NaN,NaN,NaN,NaN,NaN
1678237200,4.5,4.5,4.38,4.47,1647500,NaN,NaN,NaN,NaN,NaN,NaN,NaN
1678323600,4.42,4.47,4.3,4.3,2808700,NaN,NaN,NaN,NaN,NaN,NaN,NaN
1678410000,4.3,4.3,4.24,4.25,1167400,NaN,NaN,NaN,NaN,NaN,NaN,NaN
1678669200,4.25,4.29,4.23,4.27,838600,NaN,NaN,NaN,NaN,NaN,NaN,NaN
1678755600,4.24,4.28,4.18,4.19,2451300,NaN,NaN,NaN,NaN,NaN,NaN,NaN
1678842000,4.24,4.24,4.18,4.22,1492400,NaN,NaN,NaN,NaN,NaN,NaN,NaN
1678928400,4.24,4.27,4.22,4.22,1170800,NaN,NaN,NaN,NaN,NaN,NaN,NaN
1679014800,4.22,4.28,4.22,4.27,3389000,NaN,NaN,NaN,NaN,NaN,NaN,NaN
1679274000,4.26,4.26,4.2,4.22,1690900,NaN,NaN,NaN,NaN,NaN,NaN,NaN
1679360400,4.24,4.24,4.19,4.22,860300,NaN,NaN,NaN,NaN,NaN,NaN,NaN
1679446800,4.21,4.24,4.21,4.22,2421400,NaN,NaN,NaN,NaN,NaN,NaN,NaN
1679533200,4.22,4.24,4.21,4.23,672800,NaN,NaN,NaN,NaN,NaN,NaN,NaN
1679619600,4.21,4.24,4.2,4.22,1451200,NaN,NaN,NaN,NaN,NaN,NaN,NaN
1679878800,4.21,4.23,4.13,4.16,4385500,NaN,NaN,NaN,NaN,NaN,NaN,NaN
1679965200,4.19,4.31,4.19,4.3,3181100,NaN,NaN,NaN,NaN,NaN,NaN,NaN
1680051600,4.25,4.3,4.22,4.25,830300,NaN,NaN,NaN,NaN,NaN,NaN,NaN
1680138000,4.29,4.31,4.24,4.28,918200,NaN,NaN,NaN,NaN,NaN,NaN,NaN
1680224400,4.28,4.34,4.25,4.27,2008500,6915714601,31845000000,15132000000,310000000,4069000000,16271000000,3.75644028103045
1680483600,4.29,4.33,4.27,4.29,549900,NaN,NaN,NaN,NaN,NaN,NaN,NaN
1680570000,4.3,4.3,4.21,4.21,1405700,NaN,NaN,NaN,NaN,NaN,NaN,NaN
1680656400,4.23,4.26,4.21,4.23,1043600,NaN,NaN,NaN,NaN,NaN,NaN,NaN
1680742800,4.22,4.26,4.22,4.23,2946900,NaN,NaN,NaN,NaN,NaN,NaN,NaN
1680829200,4.23,4.25,4.21,4.24,560300,NaN,NaN,NaN,NaN,NaN,NaN,NaN
1681088400,4.24,4.32,4.24,4.31,406300,NaN,NaN,NaN,NaN,NaN,NaN,NaN
1681174800,4.31,4.37,4.29,4.36,719600,NaN,NaN,NaN,NaN,NaN,NaN,NaN
1681261200,4.36,4.37,4.3,4.31,614800,NaN,NaN,NaN,NaN,NaN,NaN,NaN
1681347600,4.3,4.32,4.26,4.32,772900,NaN,NaN,NaN,NaN,NaN,NaN,NaN
1681434000,4.32,4.34,4.25,4.27,3549600,NaN,NaN,NaN,NaN,NaN,NaN,NaN
1681693200,4.27,4.28,4.2,4.21,1140200,NaN,NaN,NaN,NaN,NaN,NaN,NaN
1681779600,4.21,4.43,4.2,4.31,2711600,NaN,NaN,NaN,NaN,NaN,NaN,NaN
1681866000,4.32,4.35,4.28,4.3,2340800,NaN,NaN,NaN,NaN,NaN,NaN,NaN
1681952400,4.33,4.34,4.29,4.31,650100,NaN,NaN,NaN,NaN,NaN,NaN,NaN
1682384400,4.31,4.48,4.31,4.48,1395200,NaN,NaN,NaN,NaN,NaN,NaN,NaN
1682470800,4.37,4.44,4.37,4.43,2109500,NaN,NaN,NaN,NaN,NaN,NaN,NaN
1682557200,4.34,4.35,4.27,4.32,572000,NaN,NaN,NaN,NaN,NaN,NaN,NaN
1682643600,4.3,4.36,4.26,4.28,1313000,NaN,NaN,NaN,NaN,NaN,NaN,NaN
1682989200,4.31,4.4,4.31,4.35,1425600,NaN,NaN,NaN,NaN,NaN,NaN,NaN
1683075600,4.32,4.4,4.29,4.36,2156300,NaN,NaN,NaN,NaN,NaN,NaN,NaN
1683248400,4.36,4.43,4.32,4.41,744700,NaN,NaN,NaN,NaN,NaN,NaN,NaN
1683507600,4.38,4.44,4.35,4.39,1096000,NaN,NaN,NaN,NaN,NaN,NaN,NaN
1683594000,4.37,4.38,4.26,4.33,812000,NaN,NaN,NaN,NaN,NaN,NaN,NaN
1683680400,4.39,4.39,4.34,4.37,1065500,NaN,NaN,NaN,NaN,NaN,NaN,NaN
1683766800,4.37,4.45,4.37,4.45,873400,NaN,NaN,NaN,NaN,NaN,NaN,NaN
1683853200,4.43,4.55,4.4,4.46,1365100,NaN,NaN,NaN,NaN,NaN,NaN,NaN
1684112400,4.47,4.47,4.37,4.38,821900,NaN,NaN,NaN,NaN,NaN,NaN,NaN
1684198800,4.37,4.44,4.35,4.41,1067400,NaN,NaN,NaN,NaN,NaN,NaN,NaN
1684285200,4.37,4.62,4.37,4.58,5658200,NaN,NaN,NaN,NaN,NaN,NaN,NaN
1684371600,4.58,4.61,4.53,4.56,4354900,NaN,NaN,NaN,NaN,NaN,NaN,NaN
1684458000,4.45,4.6,4.45,4.5,3883100,NaN,NaN,NaN,NaN,NaN,NaN,NaN
1684717200,4.46,4.56,4.46,4.52,4036700,NaN,NaN,NaN,NaN,NaN,NaN,NaN
1684803600,4.5,4.53,4.41,4.48,4537700,NaN,NaN,NaN,NaN,NaN,NaN,NaN
1684890000,4.41,4.51,4.3,4.41,3262000,NaN,NaN,NaN,NaN,NaN,NaN,NaN
1684976400,4.41,4.41,4.21,4.28,3670000,NaN,NaN,NaN,NaN,NaN,NaN,NaN
1685062800,4.28,4.3,4.11,4.22,3983200,NaN,NaN,NaN,NaN,NaN,NaN,NaN
1685322000,4.22,4.3,4.14,4.25,2566300,NaN,NaN,NaN,NaN,NaN,NaN,NaN
1685408400,4.3,4.3,4.23,4.26,4144200,NaN,NaN,NaN,NaN,NaN,NaN,NaN
1685494800,4.21,4.25,4.21,4.22,10916200,NaN,NaN,NaN,NaN,NaN,NaN,NaN
1685581200,4.19,4.24,4.18,4.22,2308600,NaN,NaN,NaN,NaN,NaN,NaN,NaN
1685667600,4.22,4.31,4.21,4.22,2245900,NaN,NaN,NaN,NaN,NaN,NaN,NaN
1686013200,4.21,4.4,4.2,4.39,4388400,NaN,NaN,NaN,NaN,NaN,NaN,NaN
1686099600,4.39,4.39,4.25,4.27,2878900,NaN,NaN,NaN,NaN,NaN,NaN,NaN
1686186000,4.26,4.26,4.2,4.23,2619700,NaN,NaN,NaN,NaN,NaN,NaN,NaN
1686272400,4.22,4.24,4.21,4.23,1811000,NaN,NaN,NaN,NaN,NaN,NaN,NaN
1686531600,4.26,4.39,4.23,4.33,2847600,NaN,NaN,NaN,NaN,NaN,NaN,NaN
1686618000,4.33,4.34,4.26,4.3,1664600,NaN,NaN,NaN,NaN,NaN,NaN,NaN
1686704400,4.26,4.32,4.26,4.3,1268800,NaN,NaN,NaN,NaN,NaN,NaN,NaN
1686790800,4.29,4.3,4.23,4.26,1972200,NaN,NaN,NaN,NaN,NaN,NaN,NaN
1686877200,4.24,4.32,4.22,4.27,5206400,NaN,NaN,NaN,NaN,NaN,NaN,NaN
1687136400,4.24,4.38,4.24,4.32,817200,NaN,NaN,NaN,NaN,NaN,NaN,NaN
1687222800,4.29,4.31,4.25,4.29,906000,NaN,NaN,NaN,NaN,NaN,NaN,NaN
1687309200,4.29,4.29,4.25,4.27,1480300,NaN,NaN,NaN,NaN,NaN,NaN,NaN
1687395600,4.26,4.29,4.22,4.24,2048600,NaN,NaN,NaN,NaN,NaN,NaN,NaN
1687482000,4.29,4.32,4.27,4.3,2264700,NaN,NaN,NaN,NaN,NaN,NaN,NaN
1687741200,4.27,4.3,4.24,4.25,1850200,NaN,NaN,NaN,NaN,NaN,NaN,NaN
1687827600,4.24,4.3,4.24,4.26,1417200,NaN,NaN,NaN,NaN,NaN,NaN,NaN
1687914000,4.28,4.29,4.22,4.24,1062500,NaN,NaN,NaN,NaN,NaN,NaN,NaN
1688086800,4.24,4.26,4.1,4.15,4659700,6915714601,33445000000,15671000000,398000000,4305000000,17331000000,2.23855421686747
1688346000,4.15,4.34,4.14,4.32,2186600,NaN,NaN,NaN,NaN,NaN,NaN,NaN
1688432400,4.34,4.37,4.28,4.3,2068500,NaN,NaN,NaN,NaN,NaN,NaN,NaN
1688518800,4.34,4.4,4.33,4.37,1322300,NaN,NaN,NaN,NaN,NaN,NaN,NaN
1688605200,4.34,4.37,4.26,4.28,3092200,NaN,NaN,NaN,NaN,NaN,NaN,NaN
1688691600,4.27,4.32,4.25,4.28,1683200,NaN,NaN,NaN,NaN,NaN,NaN,NaN
1688950800,4.31,4.4,4.3,4.33,1471700,NaN,NaN,NaN,NaN,NaN,NaN,NaN
1689037200,4.35,4.45,4.34,4.38,2595900,NaN,NaN,NaN,NaN,NaN,NaN,NaN
1689123600,4.45,4.45,4.33,4.37,1769300,NaN,NaN,NaN,NaN,NaN,NaN,NaN
1689210000,4.37,4.43,4.34,4.39,2137300,NaN,NaN,NaN,NaN,NaN,NaN,NaN
1689296400,4.39,4.45,4.37,4.4,2134800,NaN,NaN,NaN,NaN,NaN,NaN,NaN
1689555600,4.35,4.39,4.32,4.37,2044600,NaN,NaN,NaN,NaN,NaN,NaN,NaN
1689642000,4.4,4.44,4.35,4.4,2708500,NaN,NaN,NaN,NaN,NaN,NaN,NaN
1689814800,4.37,4.44,4.36,4.4,4275800,NaN,NaN,NaN,NaN,NaN,NaN,NaN
1689901200,4.4,4.56,4.4,4.53,4016900,NaN,NaN,NaN,NaN,NaN,NaN,NaN
1690160400,4.55,4.57,4.49,4.57,3895600,NaN,NaN,NaN,NaN,NaN,NaN,NaN
1690246800,4.55,4.63,4.5,4.59,4955400,NaN,NaN,NaN,NaN,NaN,NaN,NaN
1690333200,4.59,4.66,4.57,4.61,3490500,NaN,NaN,NaN,NaN,NaN,NaN,NaN
1690419600,4.6,4.67,4.57,4.6,2989500,NaN,NaN,NaN,NaN,NaN,NaN,NaN
1690506000,4.59,4.6,4.54,4.55,2959700,NaN,NaN,NaN,NaN,NaN,NaN,NaN
1690765200,4.61,4.61,4.5,4.55,5494700,NaN,NaN,NaN,NaN,NaN,NaN,NaN
1690851600,4.48,4.57,4.48,4.52,2535400,NaN,NaN,NaN,NaN,NaN,NaN,NaN
1690938000,4.5,4.56,4.4,4.45,2468600,NaN,NaN,NaN,NaN,NaN,NaN,NaN
1691024400,4.39,4.52,4.39,4.49,2246600,NaN,NaN,NaN,NaN,NaN,NaN,NaN
1691110800,4.5,4.51,4.41,4.47,1141200,NaN,NaN,NaN,NaN,NaN,NaN,NaN
1691370000,4.47,4.49,4.4,4.47,731700,NaN,NaN,NaN,NaN,NaN,NaN,NaN
1691456400,4.44,4.56,4.44,4.54,1957900,NaN,NaN,NaN,NaN,NaN,NaN,NaN
1691542800,4.56,4.58,4.46,4.56,3091900,NaN,NaN,NaN,NaN,NaN,NaN,NaN
1691629200,4.5,4.52,4.43,4.5,2709700,NaN,NaN,NaN,NaN,NaN,NaN,NaN
1691715600,4.45,4.53,4.43,4.49,1993800,NaN,NaN,NaN,NaN,NaN,NaN,NaN
1691974800,4.45,4.49,4.43,4.48,951700,NaN,NaN,NaN,NaN,NaN,NaN,NaN
1692061200,4.45,4.48,4.4,4.4,1784400,NaN,NaN,NaN,NaN,NaN,NaN,NaN
1692147600,4.42,4.45,4.33,4.45,1714400,NaN,NaN,NaN,NaN,NaN,NaN,NaN
1692234000,4.45,4.45,4.31,4.31,2833300,NaN,NaN,NaN,NaN,NaN,NaN,NaN
1692320400,4.3,4.39,4.24,4.39,1955600,NaN,NaN,NaN,NaN,NaN,NaN,NaN
1692579600,4.33,4.39,4.33,4.38,874200,NaN,NaN,NaN,NaN,NaN,NaN,NaN
1692666000,4.36,4.41,4.35,4.39,1463100,NaN,NaN,NaN,NaN,NaN,NaN,NaN
1692752400,4.36,4.36,4.3,4.32,1729000,NaN,NaN,NaN,NaN,NaN,NaN,NaN
1692838800,4.32,4.4,4.28,4.39,1007100,NaN,NaN,NaN,NaN,NaN,NaN,NaN
1692925200,4.34,4.39,4.33,4.37,1227600,NaN,NaN,NaN,NaN,NaN,NaN,NaN
1693184400,4.34,4.38,4.34,4.38,522000,NaN,NaN,NaN,NaN,NaN,NaN,NaN
1693270800,4.36,4.39,4.34,4.38,1538900,NaN,NaN,NaN,NaN,NaN,NaN,NaN
1693357200,4.36,4.48,4.36,4.39,4894400,NaN,NaN,NaN,NaN,NaN,NaN,NaN
1693530000,4.5,4.5,4.34,4.4,1321800,NaN,NaN,NaN,NaN,NaN,NaN,NaN
1693789200,4.4,4.45,4.39,4.44,615500,NaN,NaN,NaN,NaN,NaN,NaN,NaN
1693875600,4.39,4.43,4.3,4.34,1490900,NaN,NaN,NaN,NaN,NaN,NaN,NaN
1693962000,4.34,4.36,4.3,4.31,1941600,NaN,NaN,NaN,NaN,NaN,NaN,NaN
1694048400,4.31,4.37,4.31,4.35,859600,NaN,NaN,NaN,NaN,NaN,NaN,NaN
1694134800,4.34,4.34,4.29,4.29,1401500,NaN,NaN,NaN,NaN,NaN,NaN,NaN
1694394000,4.3,4.31,4.28,4.3,1039400,NaN,NaN,NaN,NaN,NaN,NaN,NaN
1694480400,4.3,4.33,4.26,4.31,947100,NaN,NaN,NaN,NaN,NaN,NaN,NaN
1694566800,4.3,4.38,4.3,4.36,1267700,NaN,NaN,NaN,NaN,NaN,NaN,NaN
1694653200,4.38,4.44,4.37,4.4,1530700,NaN,NaN,NaN,NaN,NaN,NaN,NaN
1694739600,4.41,4.58,4.38,4.58,3671900,NaN,NaN,NaN,NaN,NaN,NaN,NaN
1694998800,4.56,4.56,4.42,4.45,1948300,NaN,NaN,NaN,NaN,NaN,NaN,NaN
1695085200,4.45,4.45,4.39,4.41,1266900,NaN,NaN,NaN,NaN,NaN,NaN,NaN
1695171600,4.4,4.5,4.4,4.46,1359600,NaN,NaN,NaN,NaN,NaN,NaN,NaN
1695258000,4.43,4.48,4.34,4.35,3493600,NaN,NaN,NaN,NaN,NaN,NaN,NaN
1695344400,4.35,4.37,4.33,4.35,1478000,NaN,NaN,NaN,NaN,NaN,NaN,NaN
1695603600,4.35,4.35,4.31,4.33,2196700,NaN,NaN,NaN,NaN,NaN,NaN,NaN
1695690000,4.33,4.35,4.3,4.33,1577900,NaN,NaN,NaN,NaN,NaN,NaN,NaN
1695776400,4.31,4.32,4.28,4.29,1764300,NaN,NaN,NaN,NaN,NaN,NaN,NaN
1695949200,4.29,4.34,4.25,4.28,4783600,6915714601,32272000000,13657000000,784000000,4774000000,18173000000,2.17056074766355
1696208400,4.28,4.33,4.27,4.28,563500,NaN,NaN,NaN,NaN,NaN,NaN,NaN
1696294800,4.28,4.34,4.27,4.32,1267900,NaN,NaN,NaN,NaN,NaN,NaN,NaN
1696381200,4.29,4.31,4.26,4.27,2488500,NaN,NaN,NaN,NaN,NaN,NaN,NaN
1696467600,4.26,4.3,4.25,4.27,1561100,NaN,NaN,NaN,NaN,NaN,NaN,NaN
1696554000,4.3,4.31,4.27,4.28,1125800,NaN,NaN,NaN,NaN,NaN,NaN,NaN
1696813200,4.31,4.31,4.22,4.23,1529700,NaN,NaN,NaN,NaN,NaN,NaN,NaN
1696899600,4.27,4.3,4.24,4.28,1578800,NaN,NaN,NaN,NaN,NaN,NaN,NaN
1696986000,4.29,4.3,4.23,4.24,1413800,NaN,NaN,NaN,NaN,NaN,NaN,NaN
1697072400,4.23,4.27,4.23,4.23,1226400,NaN,NaN,NaN,NaN,NaN,NaN,NaN
1697158800,4.24,4.24,4.22,4.23,563800,NaN,NaN,NaN,NaN,NaN,NaN,NaN
1697418000,4.23,4.23,4.19,4.2,2173700,NaN,NaN,NaN,NaN,NaN,NaN,NaN
1697504400,4.22,4.24,4.2,4.24,1623400,NaN,NaN,NaN,NaN,NaN,NaN,NaN
1697590800,4.24,4.33,4.22,4.33,7897000,NaN,NaN,NaN,NaN,NaN,NaN,NaN
1697677200,4.3,4.32,4.26,4.3,2643200,NaN,NaN,NaN,NaN,NaN,NaN,NaN
1697763600,4.32,4.32,4.23,4.23,2556400,NaN,NaN,NaN,NaN,NaN,NaN,NaN
1698022800,4.23,4.25,4.19,4.21,2000100,NaN,NaN,NaN,NaN,NaN,NaN,NaN
1698109200,4.22,4.25,4.17,4.21,2438000,NaN,NaN,NaN,NaN,NaN,NaN,NaN
1698195600,4.2,4.26,4.2,4.25,1109000,NaN,NaN,NaN,NaN,NaN,NaN,NaN
1698282000,4.26,4.29,4.25,4.27,1312700,NaN,NaN,NaN,NaN,NaN,NaN,NaN
1698368400,4.27,4.31,4.26,4.27,1094500,NaN,NaN,NaN,NaN,NaN,NaN,NaN
1698627600,4.27,4.34,4.27,4.33,1349900,NaN,NaN,NaN,NaN,NaN,NaN,NaN
1698714000,4.33,4.35,4.31,4.34,1303700,NaN,NaN,NaN,NaN,NaN,NaN,NaN
1698800400,4.33,4.34,4.26,4.31,1854300,NaN,NaN,NaN,NaN,NaN,NaN,NaN
1698886800,4.31,4.34,4.3,4.31,1787100,NaN,NaN,NaN,NaN,NaN,NaN,NaN
1698973200,4.38,4.45,4.34,4.38,2735700,NaN,NaN,NaN,NaN,NaN,NaN,NaN
1699232400,4.38,4.43,4.37,4.41,2609200,NaN,NaN,NaN,NaN,NaN,NaN,NaN
1699318800,4.44,4.44,4.34,4.36,1389200,NaN,NaN,NaN,NaN,NaN,NaN,NaN
1699405200,4.34,4.39,4.34,4.37,1094800,NaN,NaN,NaN,NaN,NaN,NaN,NaN
1699491600,4.36,4.4,4.34,4.34,1376700,NaN,NaN,NaN,NaN,NaN,NaN,NaN
1699578000,4.35,4.36,4.33,4.33,789600,NaN,NaN,NaN,NaN,NaN,NaN,NaN
1699923600,4.36,4.41,4.34,4.39,1138300,NaN,NaN,NaN,NaN,NaN,NaN,NaN
1700010000,4.34,4.44,4.34,4.41,2229000,NaN,NaN,NaN,NaN,NaN,NaN,NaN
1700096400,4.41,4.41,4.37,4.38,1136400,NaN,NaN,NaN,NaN,NaN,NaN,NaN
1700182800,4.37,4.4,4.37,4.38,952900,NaN,NaN,NaN,NaN,NaN,NaN,NaN
1700442000,4.37,4.39,4.35,4.37,901300,NaN,NaN,NaN,NaN,NaN,NaN,NaN
1700528400,4.37,4.44,4.37,4.43,1679400,NaN,NaN,NaN,NaN,NaN,NaN,NaN
1700614800,4.43,4.43,4.37,4.37,811500,NaN,NaN,NaN,NaN,NaN,NaN,NaN
1700701200,4.37,4.37,4.35,4.36,792600,NaN,NaN,NaN,NaN,NaN,NaN,NaN
1700787600,4.36,4.42,4.34,4.34,1617100,NaN,NaN,NaN,NaN,NaN,NaN,NaN
1701046800,4.36,4.45,4.36,4.44,1240700,NaN,NaN,NaN,NaN,NaN,NaN,NaN
1701133200,4.45,4.59,4.45,4.51,2807900,NaN,NaN,NaN,NaN,NaN,NaN,NaN
1701219600,4.54,4.59,4.5,4.55,1681800,NaN,NaN,NaN,NaN,NaN,NaN,NaN
1701306000,4.5,4.56,4.46,4.51,6391100,NaN,NaN,NaN,NaN,NaN,NaN,NaN
1701392400,4.51,4.54,4.46,4.52,1346300,NaN,NaN,NaN,NaN,NaN,NaN,NaN
1701651600,4.47,4.54,4.47,4.5,1467500,NaN,NaN,NaN,NaN,NaN,NaN,NaN
1701738000,4.47,4.51,4.46,4.5,1497700,NaN,NaN,NaN,NaN,NaN,NaN,NaN
1701824400,4.5,4.51,4.46,4.5,1529500,NaN,NaN,NaN,NaN,NaN,NaN,NaN
1701910800,4.5,4.51,4.42,4.45,2371800,NaN,NaN,NaN,NaN,NaN,NaN,NaN
1701997200,4.45,4.5,4.4,4.43,1014000,NaN,NaN,NaN,NaN,NaN,NaN,NaN
1702256400,4.41,4.5,4.41,4.48,741300,NaN,NaN,NaN,NaN,NaN,NaN,NaN
1702342800,4.49,4.53,4.46,4.49,1264300,NaN,NaN,NaN,NaN,NaN,NaN,NaN
1702429200,4.44,4.55,4.44,4.53,1381800,NaN,NaN,NaN,NaN,NaN,NaN,NaN
1702515600,4.56,4.59,4.49,4.54,1299100,NaN,NaN,NaN,NaN,NaN,NaN,NaN
1702602000,4.56,4.67,4.51,4.56,5197000,NaN,NaN,NaN,NaN,NaN,NaN,NaN
1702861200,4.56,4.59,4.53,4.55,2033500,NaN,NaN,NaN,NaN,NaN,NaN,NaN
1702947600,4.55,4.57,4.5,4.5,1412300,NaN,NaN,NaN,NaN,NaN,NaN,NaN
1703034000,4.55,4.55,4.49,4.49,1568300,NaN,NaN,NaN,NaN,NaN,NaN,NaN
1703120400,4.48,4.54,4.48,4.52,2303000,NaN,NaN,NaN,NaN,NaN,NaN,NaN
1703206800,4.51,4.54,4.5,4.52,1317400,NaN,NaN,NaN,NaN,NaN,NaN,NaN
1703552400,4.48,4.5,4.43,4.44,1545700,NaN,NaN,NaN,NaN,NaN,NaN,NaN
1703638800,4.44,4.49,4.44,4.47,610900,NaN,NaN,NaN,NaN,NaN,NaN,NaN
1703725200,4.46,4.5,4.46,4.49,1694500,NaN,NaN,NaN,NaN,NaN,NaN,NaN
1703811600,4.45,4.5,4.44,4.46,1594400,6915714000,32173435000,13997653000,414000000,5280000000,17742556000,2.08520179372197
1704157200,4.43,4.45,4.32,4.37,2021300,NaN,NaN,NaN,NaN,NaN,NaN,NaN
1704243600,4.35,4.4,4.3,4.38,1885800,NaN,NaN,NaN,NaN,NaN,NaN,NaN
1704330000,4.35,4.41,4.35,4.39,1168600,NaN,NaN,NaN,NaN,NaN,NaN,NaN
1704416400,4.39,4.4,4.33,4.35,1344600,NaN,NaN,NaN,NaN,NaN,NaN,NaN
1704675600,4.37,4.4,4.35,4.37,686600,NaN,NaN,NaN,NaN,NaN,NaN,NaN
1704762000,4.37,4.39,4.35,4.38,2135800,NaN,NaN,NaN,NaN,NaN,NaN,NaN
1704848400,4.38,4.4,4.31,4.35,4414700,NaN,NaN,NaN,NaN,NaN,NaN,NaN
1704934800,4.37,4.44,4.36,4.42,2458000,NaN,NaN,NaN,NaN,NaN,NaN,NaN
1705021200,4.42,4.44,4.31,4.31,3639100,NaN,NaN,NaN,NaN,NaN,NaN,NaN
1705280400,4.33,4.51,4.33,4.48,2167300,NaN,NaN,NaN,NaN,NaN,NaN,NaN
1705366800,4.45,4.57,4.44,4.46,1586700,NaN,NaN,NaN,NaN,NaN,NaN,NaN
1705453200,4.45,4.51,4.43,4.48,1270400,NaN,NaN,NaN,NaN,NaN,NaN,NaN
1705539600,4.48,4.52,4.4,4.4,2583100,NaN,NaN,NaN,NaN,NaN,NaN,NaN
1705626000,4.4,4.51,4.39,4.45,2204700,NaN,NaN,NaN,NaN,NaN,NaN,NaN
1705885200,4.45,4.47,4.39,4.41,3193100,NaN,NaN,NaN,NaN,NaN,NaN,NaN
1705971600,4.4,4.47,4.37,4.37,2549900,NaN,NaN,NaN,NaN,NaN,NaN,NaN
1706058000,4.38,4.43,4.38,4.38,5552500,NaN,NaN,NaN,NaN,NaN,NaN,NaN
1706230800,4.38,4.44,4.35,4.35,3325100,NaN,NaN,NaN,NaN,NaN,NaN,NaN
1706490000,4.39,4.55,4.38,4.52,3890600,NaN,NaN,NaN,NaN,NaN,NaN,NaN
1706576400,4.52,4.57,4.47,4.47,1215800,NaN,NaN,NaN,NaN,NaN,NaN,NaN
1706662800,4.46,4.55,4.42,4.42,4854700,NaN,NaN,NaN,NaN,NaN,NaN,NaN
1706835600,4.42,4.58,4.4,4.49,3734000,NaN,NaN,NaN,NaN,NaN,NaN,NaN
1707094800,4.45,4.57,4.41,4.42,2682000,NaN,NaN,NaN,NaN,NaN,NaN,NaN
1707181200,4.43,4.49,4.43,4.46,900300,NaN,NaN,NaN,NaN,NaN,NaN,NaN
1707267600,4.46,4.49,4.46,4.46,1256400,NaN,NaN,NaN,NaN,NaN,NaN,NaN
1707354000,4.46,4.5,4.43,4.46,4486500,NaN,NaN,NaN,NaN,NaN,NaN,NaN
1707440400,4.46,4.51,4.45,4.45,2289500,NaN,NaN,NaN,NaN,NaN,NaN,NaN
1707786000,4.45,4.58,4.45,4.55,2447700,NaN,NaN,NaN,NaN,NaN,NaN,NaN
1707872400,4.53,4.55,4.46,4.48,1033700,NaN,NaN,NaN,NaN,NaN,NaN,NaN
1707958800,4.48,4.49,4.43,4.44,3765300,NaN,NaN,NaN,NaN,NaN,NaN,NaN
1708045200,4.46,4.53,4.44,4.5,2847500,NaN,NaN,NaN,NaN,NaN,NaN,NaN
1708304400,4.5,4.52,4.48,4.5,913100,NaN,NaN,NaN,NaN,NaN,NaN,NaN
1708390800,4.51,4.6,4.49,4.5,6497900,NaN,NaN,NaN,NaN,NaN,NaN,NaN
1708477200,4.55,4.6,4.49,4.52,3947000,NaN,NaN,NaN,NaN,NaN,NaN,NaN
1708563600,4.52,4.58,4.47,4.5,3258300,NaN,NaN,NaN,NaN,NaN,NaN,NaN
1708650000,4.5,4.5,4.43,4.43,3035800,NaN,NaN,NaN,NaN,NaN,NaN,NaN
1708909200,4.44,4.44,4.2,4.23,8596600,NaN,NaN,NaN,NaN,NaN,NaN,NaN
1708995600,4.23,4.32,4.22,4.3,3971100,NaN,NaN,NaN,NaN,NaN,NaN,NaN
1709082000,4.3,4.31,4.24,4.28,3000000,NaN,NaN,NaN,NaN,NaN,NaN,NaN
1709168400,4.28,4.38,4.25,4.33,6302600,NaN,NaN,NaN,NaN,NaN,NaN,NaN
1709254800,4.33,4.41,4.32,4.34,2168000,NaN,NaN,NaN,NaN,NaN,NaN,NaN
1709514000,4.39,4.39,4.34,4.36,1224700,NaN,NaN,NaN,NaN,NaN,NaN,NaN
1709600400,4.36,4.36,4.23,4.26,3213200,NaN,NaN,NaN,NaN,NaN,NaN,NaN
1709686800,4.27,4.31,4.26,4.27,1868400,NaN,NaN,NaN,NaN,NaN,NaN,NaN
1709773200,4.28,4.32,4.26,4.3,2721600,NaN,NaN,NaN,NaN,NaN,NaN,NaN
1709859600,4.3,4.39,4.29,4.37,3009800,NaN,NaN,NaN,NaN,NaN,NaN,NaN
1710118800,4.4,4.4,4.31,4.35,2171100,NaN,NaN,NaN,NaN,NaN,NaN,NaN
1710205200,4.34,4.42,4.34,4.41,2531900,NaN,NaN,NaN,NaN,NaN,NaN,NaN
1710291600,4.39,4.41,4.33,4.33,2552700,NaN,NaN,NaN,NaN,NaN,NaN,NaN
1710378000,4.33,4.39,4.33,4.39,2247200,NaN,NaN,NaN,NaN,NaN,NaN,NaN
1710464400,4.36,4.39,4.33,4.34,6883900,NaN,NaN,NaN,NaN,NaN,NaN,NaN
1710723600,4.34,4.37,4.31,4.34,2635200,NaN,NaN,NaN,NaN,NaN,NaN,NaN
1710810000,4.32,4.35,4.3,4.31,1880500,NaN,NaN,NaN,NaN,NaN,NaN,NaN
1710896400,4.3,4.39,4.3,4.34,1023600,NaN,NaN,NaN,NaN,NaN,NaN,NaN
1710982800,4.34,4.4,4.34,4.4,2369100,NaN,NaN,NaN,NaN,NaN,NaN,NaN
1711069200,4.41,4.41,4.32,4.33,4431000,NaN,NaN,NaN,NaN,NaN,NaN,NaN
1711328400,4.33,4.35,4.3,4.35,3444900,NaN,NaN,NaN,NaN,NaN,NaN,NaN
1711414800,4.33,4.39,4.33,4.39,2227700,NaN,NaN,NaN,NaN,NaN,NaN,NaN
1711501200,4.35,4.36,4.3,4.35,5000400,NaN,NaN,NaN,NaN,NaN,NaN,NaN
1711674000,4.35,4.39,4.3,4.31,3370600,6915715000,32518000000,14417000000,426000000,4342000000,17659000000,2.15777262180974
1711933200,4.34,4.39,4.33,4.36,964500,NaN,NaN,NaN,NaN,NaN,NaN,NaN
1712019600,4.35,4.37,4.31,4.34,3264100,NaN,NaN,NaN,NaN,NaN,NaN,NaN
1712106000,4.35,4.37,4.34,4.35,1765100,NaN,NaN,NaN,NaN,NaN,NaN,NaN
1712192400,4.35,4.53,4.34,4.5,4904100,NaN,NaN,NaN,NaN,NaN,NaN,NaN
1712278800,4.49,4.57,4.47,4.56,1566600,NaN,NaN,NaN,NaN,NaN,NaN,NaN
1712538000,4.55,4.58,4.48,4.56,2717000,NaN,NaN,NaN,NaN,NaN,NaN,NaN
1712624400,4.56,4.59,4.56,4.56,2669500,NaN,NaN,NaN,NaN,NaN,NaN,NaN
1712883600,4.56,4.59,4.43,4.51,3814900,NaN,NaN,NaN,NaN,NaN,NaN,NaN
1713142800,4.45,4.5,4.41,4.44,2755200,NaN,NaN,NaN,NaN,NaN,NaN,NaN
1713229200,4.41,4.48,4.41,4.45,1949400,NaN,NaN,NaN,NaN,NaN,NaN,NaN
1713315600,4.45,4.48,4.38,4.42,2874500,NaN,NaN,NaN,NaN,NaN,NaN,NaN
1713402000,4.43,4.47,4.38,4.41,2334700,NaN,NaN,NaN,NaN,NaN,NaN,NaN
1713488400,4.41,4.48,4.41,4.46,1439600,NaN,NaN,NaN,NaN,NaN,NaN,NaN
1713747600,4.43,4.49,4.43,4.47,1618300,NaN,NaN,NaN,NaN,NaN,NaN,NaN
1713834000,4.47,4.49,4.4,4.4,2780200,NaN,NaN,NaN,NaN,NaN,NaN,NaN
1713920400,4.42,4.46,4.4,4.44,2879200,NaN,NaN,NaN,NaN,NaN,NaN,NaN
1714006800,4.44,4.46,4.4,4.44,3032400,NaN,NaN,NaN,NaN,NaN,NaN,NaN
1714093200,4.44,4.45,4.42,4.43,487600,NaN,NaN,NaN,NaN,NaN,NaN,NaN
1714352400,4.43,4.5,4.42,4.5,2120000,NaN,NaN,NaN,NaN,NaN,NaN,NaN
1714438800,4.46,4.5,4.45,4.47,2330800,NaN,NaN,NaN,NaN,NaN,NaN,NaN
1714611600,4.47,4.49,4.45,4.48,3729700,NaN,NaN,NaN,NaN,NaN,NaN,NaN
1714698000,4.44,4.46,4.37,4.42,806600,NaN,NaN,NaN,NaN,NaN,NaN,NaN
1714957200,4.42,4.45,4.38,4.43,954000,NaN,NaN,NaN,NaN,NaN,NaN,NaN
1715043600,4.43,4.51,4.41,4.48,2471300,NaN,NaN,NaN,NaN,NaN,NaN,NaN
1715130000,4.48,4.73,4.48,4.62,8358100,NaN,NaN,NaN,NaN,NaN,NaN,NaN
1715216400,4.63,4.65,4.5,4.58,4035000,NaN,NaN,NaN,NaN,NaN,NaN,NaN
1715302800,4.6,4.6,4.49,4.52,2674400,NaN,NaN,NaN,NaN,NaN,NaN,NaN
1715562000,4.52,4.56,4.49,4.53,931700,NaN,NaN,NaN,NaN,NaN,NaN,NaN
1715648400,4.53,4.57,4.5,4.55,1439000,NaN,NaN,NaN,NaN,NaN,NaN,NaN
1715734800,4.55,4.55,4.41,4.44,2848900,NaN,NaN,NaN,NaN,NaN,NaN,NaN
1715821200,4.44,4.49,4.41,4.45,2052000,NaN,NaN,NaN,NaN,NaN,NaN,NaN
1715907600,4.44,4.53,4.44,4.47,2834700,NaN,NaN,NaN,NaN,NaN,NaN,NaN
1716166800,4.47,4.57,4.44,4.48,2564600,NaN,NaN,NaN,NaN,NaN,NaN,NaN
1716253200,4.48,4.49,4.44,4.46,2913200,NaN,NaN,NaN,NaN,NaN,NaN,NaN
1716426000,4.43,4.47,4.39,4.4,2550900,NaN,NaN,NaN,NaN,NaN,NaN,NaN
1716512400,4.4,4.4,4.32,4.35,6311700,NaN,NaN,NaN,NaN,NaN,NaN,NaN
1716771600,4.38,4.38,4.32,4.33,4927200,NaN,NaN,NaN,NaN,NaN,NaN,NaN
1716858000,4.33,4.35,4.31,4.33,2972800,NaN,NaN,NaN,NaN,NaN,NaN,NaN
1716944400,4.33,4.33,4.22,4.24,5001700,NaN,NaN,NaN,NaN,NaN,NaN,NaN
1717030800,4.24,4.3,4.23,4.26,6393600,NaN,NaN,NaN,NaN,NaN,NaN,NaN
1717117200,4.28,4.42,4.25,4.25,16447000,NaN,NaN,NaN,NaN,NaN,NaN,NaN
1717462800,4.25,4.49,4.25,4.45,9261500,NaN,NaN,NaN,NaN,NaN,NaN,NaN
1717549200,4.45,4.51,4.41,4.44,2341700,NaN,NaN,NaN,NaN,NaN,NaN,NaN
1717635600,4.44,4.44,4.31,4.33,3694300,NaN,NaN,NaN,NaN,NaN,NaN,NaN
1717722000,4.33,4.37,4.33,4.34,2324300,NaN,NaN,NaN,NaN,NaN,NaN,NaN
1717981200,4.34,4.36,4.31,4.31,748800,NaN,NaN,NaN,NaN,NaN,NaN,NaN
1718067600,4.31,4.34,4.25,4.25,2358100,NaN,NaN,NaN,NaN,NaN,NaN,NaN
1718154000,4.26,4.27,4.22,4.24,3288600,NaN,NaN,NaN,NaN,NaN,NaN,NaN
1718240400,4.22,4.25,4.16,4.22,4728900,NaN,NaN,NaN,NaN,NaN,NaN,NaN
1718326800,4.22,4.23,4.2,4.22,4499100,NaN,NaN,NaN,NaN,NaN,NaN,NaN
1718672400,4.22,4.32,4.22,4.3,1924200,NaN,NaN,NaN,NaN,NaN,NaN,NaN
1718758800,4.32,4.32,4.25,4.28,6233900,NaN,NaN,NaN,NaN,NaN,NaN,NaN
1718845200,4.3,4.32,4.27,4.3,1630100,NaN,NaN,NaN,NaN,NaN,NaN,NaN
1718931600,4.3,4.38,4.28,4.3,9607100,NaN,NaN,NaN,NaN,NaN,NaN,NaN
1719190800,4.31,4.31,4.29,4.3,3430300,NaN,NaN,NaN,NaN,NaN,NaN,NaN
1719277200,4.3,4.3,4.25,4.25,5114200,NaN,NaN,NaN,NaN,NaN,NaN,NaN
1719363600,4.25,4.3,4.24,4.26,5296300,NaN,NaN,NaN,NaN,NaN,NaN,NaN
1719450000,4.24,4.27,4.2,4.2,9110700,NaN,NaN,NaN,NaN,NaN,NaN,NaN
1719536400,4.26,4.26,4.2,4.22,3391300,6915714000,32314000000,14008000000,625000000,4965000000,17863000000,2.53554502369668
1719795600,4.22,4.26,4.21,4.24,6363400,NaN,NaN,NaN,NaN,NaN,NaN,NaN
1719882000,4.24,4.25,4.21,4.22,6438900,NaN,NaN,NaN,NaN,NaN,NaN,NaN
1719968400,4.22,4.26,4.21,4.25,4178500,NaN,NaN,NaN,NaN,NaN,NaN,NaN
1720054800,4.25,4.27,4.24,4.25,1541600,NaN,NaN,NaN,NaN,NaN,NaN,NaN
1720141200,4.25,4.27,4.2,4.23,1240700,NaN,NaN,NaN,NaN,NaN,NaN,NaN
1720486800,4.22,4.25,4.15,4.15,8851800,NaN,NaN,NaN,NaN,NaN,NaN,NaN
1720573200,4.16,4.23,4.16,4.21,2955500,NaN,NaN,NaN,NaN,NaN,NaN,NaN
1720659600,4.21,4.25,4.2,4.23,1137500,NaN,NaN,NaN,NaN,NaN,NaN,NaN
1720746000,4.23,4.25,4.2,4.21,4703800,NaN,NaN,NaN,NaN,NaN,NaN,NaN
1721005200,4.24,4.24,4.21,4.21,4763600,NaN,NaN,NaN,NaN,NaN,NaN,NaN
1721091600,4.21,4.31,4.21,4.26,3339200,NaN,NaN,NaN,NaN,NaN,NaN,NaN
1721178000,4.26,4.32,4.25,4.3,2280200,NaN,NaN,NaN,NaN,NaN,NaN,NaN
1721264400,4.27,4.32,4.26,4.3,3528800,NaN,NaN,NaN,NaN,NaN,NaN,NaN
1721350800,4.31,4.58,4.31,4.5,12162200,NaN,NaN,NaN,NaN,NaN,NaN,NaN
1721610000,4.48,4.54,4.45,4.47,5014600,NaN,NaN,NaN,NaN,NaN,NaN,NaN
1721696400,4.47,4.55,4.47,4.52,5914100,NaN,NaN,NaN,NaN,NaN,NaN,NaN
1721782800,4.52,4.57,4.49,4.51,4397200,NaN,NaN,NaN,NaN,NaN,NaN,NaN
1721869200,4.55,4.55,4.45,4.49,1975300,NaN,NaN,NaN,NaN,NaN,NaN,NaN
1721955600,4.5,4.51,4.44,4.45,1906600,NaN,NaN,NaN,NaN,NaN,NaN,NaN
1722214800,4.45,4.56,4.45,4.52,1865000,NaN,NaN,NaN,NaN,NaN,NaN,NaN
1722301200,4.54,4.54,4.45,4.46,3146000,NaN,NaN,NaN,NaN,NaN,NaN,NaN
1722387600,4.47,4.52,4.44,4.47,1448600,NaN,NaN,NaN,NaN,NaN,NaN,NaN
1722474000,4.5,4.52,4.43,4.46,2310100,NaN,NaN,NaN,NaN,NaN,NaN,NaN
1722560400,4.45,4.48,4.42,4.44,1577500,NaN,NaN,NaN,NaN,NaN,NaN,NaN
1722819600,4.41,4.42,4.22,4.29,3017400,NaN,NaN,NaN,NaN,NaN,NaN,NaN
1722906000,4.45,4.48,4.32,4.48,3858300,NaN,NaN,NaN,NaN,NaN,NaN,NaN
1722992400,4.47,4.48,4.33,4.45,2538000,NaN,NaN,NaN,NaN,NaN,NaN,NaN
1723078800,4.38,4.44,4.35,4.4,3108700,NaN,NaN,NaN,NaN,NaN,NaN,NaN
1723165200,4.41,4.48,4.41,4.48,1032500,NaN,NaN,NaN,NaN,NaN,NaN,NaN
1723424400,4.48,4.53,4.46,4.5,3109000,NaN,NaN,NaN,NaN,NaN,NaN,NaN
1723510800,4.54,4.57,4.46,4.57,2346300,NaN,NaN,NaN,NaN,NaN,NaN,NaN
1723597200,4.52,4.62,4.51,4.61,1879100,NaN,NaN,NaN,NaN,NaN,NaN,NaN
1723683600,4.61,4.61,4.53,4.54,444200,NaN,NaN,NaN,NaN,NaN,NaN,NaN
1723770000,4.58,4.63,4.54,4.62,2042000,NaN,NaN,NaN,NaN,NaN,NaN,NaN
1724029200,4.62,4.63,4.52,4.55,2493900,NaN,NaN,NaN,NaN,NaN,NaN,NaN
1724115600,4.6,4.67,4.48,4.61,3426300,NaN,NaN,NaN,NaN,NaN,NaN,NaN
1724202000,4.57,4.64,4.49,4.51,1071000,NaN,NaN,NaN,NaN,NaN,NaN,NaN
1724288400,4.53,4.59,4.53,4.58,4025800,NaN,NaN,NaN,NaN,NaN,NaN,NaN
1724374800,4.6,4.67,4.6,4.63,2092300,NaN,NaN,NaN,NaN,NaN,NaN,NaN
1724634000,4.66,4.68,4.61,4.64,3332800,NaN,NaN,NaN,NaN,NaN,NaN,NaN
1724720400,4.65,4.65,4.56,4.58,1279100,NaN,NaN,NaN,NaN,NaN,NaN,NaN
1724806800,4.58,4.65,4.57,4.6,4032100,NaN,NaN,NaN,NaN,NaN,NaN,NaN
1724893200,4.62,4.66,4.54,4.59,2904100,NaN,NaN,NaN,NaN,NaN,NaN,NaN
1724979600,4.62,4.62,4.52,4.58,4903900,NaN,NaN,NaN,NaN,NaN,NaN,NaN
1725238800,4.58,4.63,4.51,4.58,2027300,NaN,NaN,NaN,NaN,NaN,NaN,NaN
1725325200,4.6,4.63,4.53,4.57,2795100,NaN,NaN,NaN,NaN,NaN,NaN,NaN
1725411600,4.42,4.62,4.42,4.62,3099000,NaN,NaN,NaN,NaN,NaN,NaN,NaN
1725498000,4.63,4.63,4.53,4.53,3077700,NaN,NaN,NaN,NaN,NaN,NaN,NaN
1725584400,4.53,4.58,4.5,4.54,926000,NaN,NaN,NaN,NaN,NaN,NaN,NaN
1725843600,4.5,4.58,4.5,4.5,2075400,NaN,NaN,NaN,NaN,NaN,NaN,NaN
1725930000,4.5,4.56,4.49,4.54,1225200,NaN,NaN,NaN,NaN,NaN,NaN,NaN
1726016400,4.55,4.56,4.48,4.49,1985000,NaN,NaN,NaN,NaN,NaN,NaN,NaN
1726102800,4.48,4.56,4.46,4.5,2237300,NaN,NaN,NaN,NaN,NaN,NaN,NaN
1726189200,4.53,4.55,4.52,4.54,2292000,NaN,NaN,NaN,NaN,NaN,NaN,NaN
1726534800,4.53,4.6,4.49,4.6,2280100,NaN,NaN,NaN,NaN,NaN,NaN,NaN
1726621200,4.56,4.62,4.55,4.6,3199100,NaN,NaN,NaN,NaN,NaN,NaN,NaN
1726707600,4.56,4.67,4.56,4.62,2650700,NaN,NaN,NaN,NaN,NaN,NaN,NaN
1726794000,4.57,4.72,4.57,4.72,7184000,NaN,NaN,NaN,NaN,NaN,NaN,NaN
1727053200,4.68,4.71,4.63,4.68,1795400,NaN,NaN,NaN,NaN,NaN,NaN,NaN
1727139600,4.68,4.74,4.62,4.7,3933200,NaN,NaN,NaN,NaN,NaN,NaN,NaN
1727226000,4.7,4.88,4.69,4.88,3496200,NaN,NaN,NaN,NaN,NaN,NaN,NaN
1727312400,4.85,4.85,4.74,4.75,2153100,NaN,NaN,NaN,NaN,NaN,NaN,NaN
1727398800,4.75,4.84,4.72,4.81,4711400,NaN,NaN,NaN,NaN,NaN,NaN,NaN
1727658000,4.81,4.82,4.66,4.79,7711500,6915715000,30947000000,13466000000,741000000,5267000000,17050000000,2.23382045929019
1727744400,4.73,4.76,4.63,4.75,2773100,NaN,NaN,NaN,NaN,NaN,NaN,NaN
1727830800,4.73,4.73,4.65,4.7,2978000,NaN,NaN,NaN,NaN,NaN,NaN,NaN
1727917200,4.65,4.72,4.65,4.7,1224500,NaN,NaN,NaN,NaN,NaN,NaN,NaN
1728003600,4.69,4.7,4.63,4.69,3719700,NaN,NaN,NaN,NaN,NaN,NaN,NaN
1728262800,4.69,4.72,4.66,4.7,4260500,NaN,NaN,NaN,NaN,NaN,NaN,NaN
1728349200,4.72,4.72,4.68,4.69,5445200,NaN,NaN,NaN,NaN,NaN,NaN,NaN
1728435600,4.69,4.72,4.55,4.6,4965800,NaN,NaN,NaN,NaN,NaN,NaN,NaN
1728522000,4.6,4.69,4.59,4.64,1695100,NaN,NaN,NaN,NaN,NaN,NaN,NaN
1728608400,4.69,4.69,4.6,4.61,814600,NaN,NaN,NaN,NaN,NaN,NaN,NaN
1728867600,4.61,4.64,4.55,4.6,1749700,NaN,NaN,NaN,NaN,NaN,NaN,NaN
1728954000,4.56,4.72,4.56,4.72,1839200,NaN,NaN,NaN,NaN,NaN,NaN,NaN
1729040400,4.68,4.68,4.58,4.61,1063400,NaN,NaN,NaN,NaN,NaN,NaN,NaN
1729126800,4.62,4.7,4.59,4.68,2004700,NaN,NaN,NaN,NaN,NaN,NaN,NaN
1729213200,4.68,4.75,4.66,4.72,1215200,NaN,NaN,NaN,NaN,NaN,NaN,NaN
1729472400,4.72,4.73,4.61,4.73,1335300,NaN,NaN,NaN,NaN,NaN,NaN,NaN
1729558800,4.72,4.85,4.71,4.84,3055600,NaN,NaN,NaN,NaN,NaN,NaN,NaN
1729645200,4.84,4.84,4.78,4.78,2122700,NaN,NaN,NaN,NaN,NaN,NaN,NaN
1729731600,4.79,4.8,4.75,4.76,1929800,NaN,NaN,NaN,NaN,NaN,NaN,NaN
1729818000,4.78,4.81,4.77,4.79,1249800,NaN,NaN,NaN,NaN,NaN,NaN,NaN
1730077200,4.8,4.81,4.72,4.76,581700,NaN,NaN,NaN,NaN,NaN,NaN,NaN
1730163600,4.71,4.78,4.69,4.76,1160000,NaN,NaN,NaN,NaN,NaN,NaN,NaN
1730250000,4.66,4.75,4.59,4.6,3202000,NaN,NaN,NaN,NaN,NaN,NaN,NaN
1730422800,4.61,4.95,4.61,4.95,3286200,NaN,NaN,NaN,NaN,NaN,NaN,NaN
1730682000,4.88,5,4.86,4.95,6655200,NaN,NaN,NaN,NaN,NaN,NaN,NaN
1730768400,4.97,5.05,4.93,5.05,5242000,NaN,NaN,NaN,NaN,NaN,NaN,NaN
1730854800,5.09,5.09,4.99,5,2681100,NaN,NaN,NaN,NaN,NaN,NaN,NaN
1730941200,5,5.02,4.96,4.96,5556600,NaN,NaN,NaN,NaN,NaN,NaN,NaN
1731027600,4.95,5,4.95,4.99,2824300,NaN,NaN,NaN,NaN,NaN,NaN,NaN
1731286800,4.99,5.19,4.99,5.13,5543400,NaN,NaN,NaN,NaN,NaN,NaN,NaN
1731373200,5.13,5.16,5.11,5.15,13165200,NaN,NaN,NaN,NaN,NaN,NaN,NaN
1731459600,5.17,5.17,4.97,5.01,5580500,NaN,NaN,NaN,NaN,NaN,NaN,NaN
1731546000,5.01,5.01,4.83,4.85,9168800,NaN,NaN,NaN,NaN,NaN,NaN,NaN
1731632400,4.83,4.88,4.78,4.81,6017300,NaN,NaN,NaN,NaN,NaN,NaN,NaN
1731891600,4.81,4.93,4.81,4.92,3583600,NaN,NaN,NaN,NaN,NaN,NaN,NaN
1731978000,4.93,4.93,4.86,4.89,2347200,NaN,NaN,NaN,NaN,NaN,NaN,NaN
1732064400,4.91,4.93,4.87,4.9,3835800,NaN,NaN,NaN,NaN,NaN,NaN,NaN
1732150800,4.87,4.92,4.78,4.8,4310800,NaN,NaN,NaN,NaN,NaN,NaN,NaN
1732237200,4.85,4.91,4.8,4.86,3479800,NaN,NaN,NaN,NaN,NaN,NaN,NaN
1732496400,4.86,4.88,4.76,4.77,8317600,NaN,NaN,NaN,NaN,NaN,NaN,NaN
1732582800,4.82,4.84,4.76,4.82,3201300,NaN,NaN,NaN,NaN,NaN,NaN,NaN
1732669200,4.81,4.85,4.78,4.81,1347200,NaN,NaN,NaN,NaN,NaN,NaN,NaN
1732755600,4.78,4.84,4.75,4.75,1800100,NaN,NaN,NaN,NaN,NaN,NaN,NaN
1732842000,4.72,4.85,4.72,4.81,3203100,NaN,NaN,NaN,NaN,NaN,NaN,NaN
1733101200,4.83,5.01,4.82,4.97,3430000,NaN,NaN,NaN,NaN,NaN,NaN,NaN
1733187600,4.92,5.08,4.92,5.08,3198500,NaN,NaN,NaN,NaN,NaN,NaN,NaN
1733274000,5.01,5.09,5.01,5.06,1643400,NaN,NaN,NaN,NaN,NaN,NaN,NaN
1733360400,5.08,5.08,5,5.02,3180800,NaN,NaN,NaN,NaN,NaN,NaN,NaN
1733446800,5.04,5.04,5,5.01,860800,NaN,NaN,NaN,NaN,NaN,NaN,NaN
1733706000,5,5.08,5,5.06,2128400,NaN,NaN,NaN,NaN,NaN,NaN,NaN
1733792400,5.06,5.07,4.98,5.02,4725900,NaN,NaN,NaN,NaN,NaN,NaN,NaN
1733878800,4.98,5,4.93,4.95,3283800,NaN,NaN,NaN,NaN,NaN,NaN,NaN
1733965200,4.95,5.03,4.91,5,5384600,NaN,NaN,NaN,NaN,NaN,NaN,NaN
1734051600,5,5.03,4.93,4.96,1007600,NaN,NaN,NaN,NaN,NaN,NaN,NaN
1734310800,4.93,5.02,4.93,4.96,1951100,NaN,NaN,NaN,NaN,NaN,NaN,NaN
1734397200,4.96,5,4.86,4.91,3143100,NaN,NaN,NaN,NaN,NaN,NaN,NaN
1734483600,4.94,4.94,4.89,4.92,1228800,NaN,NaN,NaN,NaN,NaN,NaN,NaN
1734570000,4.85,4.94,4.82,4.91,4067800,NaN,NaN,NaN,NaN,NaN,NaN,NaN
1734656400,4.95,4.95,4.82,4.82,5875500,NaN,NaN,NaN,NaN,NaN,NaN,NaN
1734915600,4.81,4.87,4.81,4.86,2008800,NaN,NaN,NaN,NaN,NaN,NaN,NaN
1735002000,4.88,4.89,4.83,4.88,1327900,NaN,NaN,NaN,NaN,NaN,NaN,NaN
1735174800,4.88,4.9,4.85,4.85,1254300,NaN,NaN,NaN,NaN,NaN,NaN,NaN
1735261200,4.84,4.95,4.84,4.94,1962100,NaN,NaN,NaN,NaN,NaN,NaN,NaN
1735520400,4.94,4.97,4.9,4.95,3307800,NaN,NaN,NaN,NaN,NaN,NaN,NaN
1735606800,4.95,4.99,4.94,4.95,4248900,6915714000,32238807000,13309196000,1130000000,5257000000,18485983000,3.3050505050505
1735779600,4.95,4.98,4.91,4.98,1955900,NaN,NaN,NaN,NaN,NaN,NaN,NaN
1735866000,4.94,4.98,4.93,4.97,1516000,NaN,NaN,NaN,NaN,NaN,NaN,NaN
1736125200,4.95,4.99,4.91,4.92,2168000,NaN,NaN,NaN,NaN,NaN,NaN,NaN
1736211600,4.9,5.08,4.9,5.05,5969900,NaN,NaN,NaN,NaN,NaN,NaN,NaN
1736298000,5.01,5.01,4.93,4.93,3578400,NaN,NaN,NaN,NaN,NaN,NaN,NaN
1736384400,4.93,4.97,4.91,4.95,2621200,NaN,NaN,NaN,NaN,NaN,NaN,NaN
1736470800,4.9,4.94,4.9,4.92,3288400,NaN,NaN,NaN,NaN,NaN,NaN,NaN
1736730000,4.9,4.91,4.82,4.82,2857400,NaN,NaN,NaN,NaN,NaN,NaN,NaN
1736816400,4.87,4.88,4.75,4.75,1653600,NaN,NaN,NaN,NaN,NaN,NaN,NaN
1736902800,4.75,4.79,4.75,4.75,1915300,NaN,NaN,NaN,NaN,NaN,NaN,NaN
1736989200,4.75,4.78,4.73,4.74,3885600,NaN,NaN,NaN,NaN,NaN,NaN,NaN
1737075600,4.74,4.78,4.67,4.77,1851900,NaN,NaN,NaN,NaN,NaN,NaN,NaN
1737334800,4.75,4.82,4.73,4.81,1587500,NaN,NaN,NaN,NaN,NaN,NaN,NaN
1737421200,4.77,4.89,4.77,4.89,1832400,NaN,NaN,NaN,NaN,NaN,NaN,NaN
1737507600,4.9,4.97,4.85,4.9,1951900,NaN,NaN,NaN,NaN,NaN,NaN,NaN
1737594000,4.86,4.9,4.8,4.9,1593200,NaN,NaN,NaN,NaN,NaN,NaN,NaN
1737680400,4.92,4.92,4.83,4.9,1511300,NaN,NaN,NaN,NaN,NaN,NaN,NaN
1737939600,4.92,4.92,4.68,4.68,523500,NaN,NaN,NaN,NaN,NaN,NaN,NaN
1738026000,4.68,4.98,4.68,4.98,873000,NaN,NaN,NaN,NaN,NaN,NaN,NaN
1738285200,4.97,4.97,4.8,4.85,2040700,NaN,NaN,NaN,NaN,NaN,NaN,NaN
1738544400,4.8,4.85,4.8,4.85,1924700,NaN,NaN,NaN,NaN,NaN,NaN,NaN
1738630800,4.8,4.98,4.8,4.91,3893000,NaN,NaN,NaN,NaN,NaN,NaN,NaN
1738717200,4.9,4.9,4.85,4.88,3812100,NaN,NaN,NaN,NaN,NaN,NaN,NaN
1738803600,4.9,4.96,4.85,4.96,2505200,NaN,NaN,NaN,NaN,NaN,NaN,NaN
1738890000,4.9,4.98,4.86,4.91,1356400,NaN,NaN,NaN,NaN,NaN,NaN,NaN
1739149200,4.93,4.93,4.8,4.8,1607400,NaN,NaN,NaN,NaN,NaN,NaN,NaN
1739322000,4.78,4.98,4.78,4.98,1930000,NaN,NaN,NaN,NaN,NaN,NaN,NaN
1739408400,4.98,4.98,4.84,4.87,1313300,NaN,NaN,NaN,NaN,NaN,NaN,NaN
1739494800,4.9,4.93,4.86,4.86,1072500,NaN,NaN,NaN,NaN,NaN,NaN,NaN
1739754000,4.9,4.9,4.78,4.85,636900,NaN,NaN,NaN,NaN,NaN,NaN,NaN
1739840400,4.81,4.9,4.8,4.85,1987900,NaN,NaN,NaN,NaN,NaN,NaN,NaN
1739926800,4.82,4.86,4.8,4.83,1932300,NaN,NaN,NaN,NaN,NaN,NaN,NaN
1740013200,4.81,4.84,4.76,4.8,1684200,NaN,NaN,NaN,NaN,NaN,NaN,NaN
1740099600,4.81,4.89,4.8,4.87,1544500,NaN,NaN,NaN,NaN,NaN,NaN,NaN
1740358800,4.82,5,4.82,5,1844100,NaN,NaN,NaN,NaN,NaN,NaN,NaN
1740445200,5,5,4.83,4.83,3004600,NaN,NaN,NaN,NaN,NaN,NaN,NaN
1740531600,4.84,4.94,4.84,4.9,2145600,NaN,NaN,NaN,NaN,NaN,NaN,NaN
1740618000,4.91,4.99,4.91,4.97,2649900,NaN,NaN,NaN,NaN,NaN,NaN,NaN
1740704400,5,5.07,4.97,5.07,10935500,NaN,NaN,NaN,NaN,NaN,NaN,NaN
1740963600,5.05,5.05,4.92,4.95,2428700,NaN,NaN,NaN,NaN,NaN,NaN,NaN
1741050000,4.94,5,4.9,4.9,2920100,NaN,NaN,NaN,NaN,NaN,NaN,NaN
1741136400,4.99,4.99,4.9,4.95,2486500,NaN,NaN,NaN,NaN,NaN,NaN,NaN
1741222800,4.98,5,4.93,4.96,3168200,NaN,NaN,NaN,NaN,NaN,NaN,NaN
1741309200,4.91,4.98,4.86,4.88,2132300,NaN,NaN,NaN,NaN,NaN,NaN,NaN
1741568400,4.92,4.92,4.78,4.8,5719500,NaN,NaN,NaN,NaN,NaN,NaN,NaN
1741654800,4.8,4.8,4.73,4.74,1822500,NaN,NaN,NaN,NaN,NaN,NaN,NaN
1741741200,4.76,4.77,4.71,4.76,5566600,NaN,NaN,NaN,NaN,NaN,NaN,NaN
1741827600,4.75,4.82,4.74,4.82,4389700,NaN,NaN,NaN,NaN,NaN,NaN,NaN
1741914000,4.77,4.86,4.74,4.83,4866700,NaN,NaN,NaN,NaN,NaN,NaN,NaN
1742173200,4.81,4.91,4.78,4.84,1902300,NaN,NaN,NaN,NaN,NaN,NaN,NaN
1742346000,4.84,4.9,4.78,4.83,2147000,NaN,NaN,NaN,NaN,NaN,NaN,NaN
1742432400,4.79,4.88,4.79,4.86,1503200,NaN,NaN,NaN,NaN,NaN,NaN,NaN
1742518800,4.89,4.92,4.86,4.9,9217800,NaN,NaN,NaN,NaN,NaN,NaN,NaN
1742778000,4.85,4.91,4.85,4.87,1084400,NaN,NaN,NaN,NaN,NaN,NaN,NaN
1742864400,4.9,4.96,4.86,4.9,3552300,NaN,NaN,NaN,NaN,NaN,NaN,NaN
1742950800,4.93,4.93,4.84,4.9,5982800,NaN,NaN,NaN,NaN,NaN,NaN,NaN
1743037200,4.86,4.9,4.85,4.88,1983300,NaN,NaN,NaN,NaN,NaN,NaN,NaN
1743123600,4.88,4.97,4.85,4.91,4126400,6915714000,32745000000,14280000000,831000000,4817000000,18025000000,3.33197556008147
1743555600,4.98,4.98,4.85,4.89,2156100,NaN,NaN,NaN,NaN,NaN,NaN,NaN
1743642000,4.81,4.89,4.8,4.88,474200,NaN,NaN,NaN,NaN,NaN,NaN,NaN
1743728400,4.89,4.89,4.77,4.79,841500,NaN,NaN,NaN,NaN,NaN,NaN,NaN
1743987600,4.75,4.75,4.53,4.64,4333400,NaN,NaN,NaN,NaN,NaN,NaN,NaN
1744074000,4.65,4.65,4.56,4.56,3525400,NaN,NaN,NaN,NaN,NaN,NaN,NaN
1744160400,4.5,4.58,4.42,4.42,5037900,NaN,NaN,NaN,NaN,NaN,NaN,NaN
1744246800,4.52,4.64,4.46,4.56,4401500,NaN,NaN,NaN,NaN,NaN,NaN,NaN
1744333200,4.56,4.59,4.53,4.55,3481900,NaN,NaN,NaN,NaN,NaN,NaN,NaN
1744592400,4.62,4.69,4.61,4.66,3666600,NaN,NaN,NaN,NaN,NaN,NaN,NaN
1744678800,4.66,4.75,4.66,4.67,1469700,NaN,NaN,NaN,NaN,NaN,NaN,NaN
1744765200,4.67,4.69,4.58,4.6,1975100,NaN,NaN,NaN,NaN,NaN,NaN,NaN
1744851600,4.63,4.63,4.54,4.57,1720600,NaN,NaN,NaN,NaN,NaN,NaN,NaN
1744938000,4.58,4.6,4.57,4.6,1395200,NaN,NaN,NaN,NaN,NaN,NaN,NaN
1745197200,4.62,4.65,4.58,4.64,464400,NaN,NaN,NaN,NaN,NaN,NaN,NaN
1745283600,4.64,4.67,4.62,4.65,666300,NaN,NaN,NaN,NaN,NaN,NaN,NaN
1745370000,4.65,4.73,4.64,4.65,748200,NaN,NaN,NaN,NaN,NaN,NaN,NaN
1745456400,4.7,4.7,4.64,4.66,1684700,NaN,NaN,NaN,NaN,NaN,NaN,NaN
1745542800,4.7,4.73,4.65,4.7,1707300,NaN,NaN,NaN,NaN,NaN,NaN,NaN
1745802000,4.7,4.75,4.62,4.67,2832800,NaN,NaN,NaN,NaN,NaN,NaN,NaN
1745888400,4.67,4.67,4.56,4.56,1773600,NaN,NaN,NaN,NaN,NaN,NaN,NaN
1745974800,4.56,4.75,4.56,4.75,4101100,NaN,NaN,NaN,NaN,NaN,NaN,NaN
1746147600,4.75,4.75,4.62,4.65,4715300,NaN,NaN,NaN,NaN,NaN,NaN,NaN
1746406800,4.66,4.69,4.63,4.65,1039800,NaN,NaN,NaN,NaN,NaN,NaN,NaN
1746493200,4.65,4.69,4.64,4.67,779300,NaN,NaN,NaN,NaN,NaN,NaN,NaN
1746579600,4.7,4.73,4.66,4.68,7387600,NaN,NaN,NaN,NaN,NaN,NaN,NaN
1746666000,4.67,4.67,4.53,4.57,4205100,NaN,NaN,NaN,NaN,NaN,NaN,NaN
1746752400,4.57,4.61,4.56,4.6,3851600,NaN,NaN,NaN,NaN,NaN,NaN,NaN
1747098000,4.63,4.74,4.59,4.69,6544000,NaN,NaN,NaN,NaN,NaN,NaN,NaN
1747184400,4.69,4.69,4.64,4.69,5854700,NaN,NaN,NaN,NaN,NaN,NaN,NaN
1747270800,4.69,4.73,4.62,4.64,4951100,NaN,NaN,NaN,NaN,NaN,NaN,NaN
1747357200,4.64,4.69,4.58,4.69,6022700,NaN,NaN,NaN,NaN,NaN,NaN,NaN
1747616400,4.64,4.71,4.64,4.68,2554200,NaN,NaN,NaN,NaN,NaN,NaN,NaN
1747702800,4.65,4.69,4.62,4.63,1954200,NaN,NaN,NaN,NaN,NaN,NaN,NaN
1747789200,4.68,4.7,4.63,4.69,1251800,NaN,NaN,NaN,NaN,NaN,NaN,NaN
1747875600,4.69,4.69,4.62,4.63,2547300,NaN,NaN,NaN,NaN,NaN,NaN,NaN
1747962000,4.64,4.68,4.63,4.67,1158500,NaN,NaN,NaN,NaN,NaN,NaN,NaN
1748221200,4.65,4.69,4.65,4.68,1213700,NaN,NaN,NaN,NaN,NaN,NaN,NaN
1748307600,4.67,4.67,4.62,4.67,1005600,NaN,NaN,NaN,NaN,NaN,NaN,NaN
1748394000,4.63,4.65,4.61,4.62,1712300,NaN,NaN,NaN,NaN,NaN,NaN,NaN
1748480400,4.63,4.66,4.6,4.6,1070700,NaN,NaN,NaN,NaN,NaN,NaN,NaN
1748566800,4.65,4.65,4.47,4.48,10222100,NaN,NaN,NaN,NaN,NaN,NaN,NaN
1748912400,4.57,4.57,4.46,4.51,2522400,NaN,NaN,NaN,NaN,NaN,NaN,NaN
1748998800,4.51,4.56,4.48,4.53,1581900,NaN,NaN,NaN,NaN,NaN,NaN,NaN
1749085200,4.52,4.57,4.52,4.54,1295500,NaN,NaN,NaN,NaN,NaN,NaN,NaN
1749171600,4.54,4.64,4.54,4.58,1249600,NaN,NaN,NaN,NaN,NaN,NaN,NaN
1749430800,4.58,4.63,4.58,4.6,431500,NaN,NaN,NaN,NaN,NaN,NaN,NaN
1749517200,4.6,4.66,4.5,4.52,1739000,NaN,NaN,NaN,NaN,NaN,NaN,NaN
1749603600,4.55,4.6,4.54,4.6,919400,NaN,NaN,NaN,NaN,NaN,NaN,NaN
1749690000,4.63,4.63,4.45,4.52,3148500,NaN,NaN,NaN,NaN,NaN,NaN,NaN
1749776400,4.55,4.62,4.5,4.59,1108700,NaN,NaN,NaN,NaN,NaN,NaN,NaN
1750035600,4.63,4.72,4.53,4.7,4300300,NaN,NaN,NaN,NaN,NaN,NaN,NaN
1750122000,4.65,4.67,4.56,4.58,967600,NaN,NaN,NaN,NaN,NaN,NaN,NaN
1750208400,4.6,4.63,4.53,4.54,2840900,NaN,NaN,NaN,NaN,NaN,NaN,NaN
1750294800,4.55,4.6,4.53,4.55,3977300,NaN,NaN,NaN,NaN,NaN,NaN,NaN
1750381200,4.52,4.53,4.48,4.49,7909500,NaN,NaN,NaN,NaN,NaN,NaN,NaN
1750640400,4.5,4.58,4.46,4.57,920300,NaN,NaN,NaN,NaN,NaN,NaN,NaN
1750726800,4.55,4.62,4.52,4.53,2769600,NaN,NaN,NaN,NaN,NaN,NaN,NaN
1750813200,4.57,4.6,4.52,4.53,4229700,NaN,NaN,NaN,NaN,NaN,NaN,NaN
1750899600,4.53,4.63,4.53,4.58,3630800,NaN,NaN,NaN,NaN,NaN,NaN,NaN
1751245200,4.62,4.73,4.58,4.64,3718400,6915714000,32219000000,13684000000,745000000,5169000000,18096000000,4.19396551724138
1751331600,4.65,4.73,4.65,4.7,1375200,NaN,NaN,NaN,NaN,NaN,NaN,NaN
1751418000,4.72,4.72,4.68,4.7,1422300,NaN,NaN,NaN,NaN,NaN,NaN,NaN
1751504400,4.7,4.78,4.69,4.78,3357500,NaN,NaN,NaN,NaN,NaN,NaN,NaN
1751590800,4.75,4.82,4.72,4.81,3573300,NaN,NaN,NaN,NaN,NaN,NaN,NaN
1751850000,4.79,4.79,4.73,4.77,1127600,NaN,NaN,NaN,NaN,NaN,NaN,NaN
1751936400,4.75,4.79,4.7,4.74,2127500,NaN,NaN,NaN,NaN,NaN,NaN,NaN
1752022800,4.74,4.78,4.73,4.75,3644000,NaN,NaN,NaN,NaN,NaN,NaN,NaN
1752109200,4.72,4.78,4.68,4.76,1360400,NaN,NaN,NaN,NaN,NaN,NaN,NaN
1752195600,4.77,4.81,4.71,4.78,3510100,NaN,NaN,NaN,NaN,NaN,NaN,NaN
1752454800,4.78,4.85,4.78,4.79,1846900,NaN,NaN,NaN,NaN,NaN,NaN,NaN
1752541200,4.79,4.82,4.75,4.75,2235400,NaN,NaN,NaN,NaN,NaN,NaN,NaN
1752627600,4.76,4.81,4.75,4.77,1789600,NaN,NaN,NaN,NaN,NaN,NaN,NaN
1752714000,4.77,4.8,4.76,4.77,1791900,NaN,NaN,NaN,NaN,NaN,NaN,NaN
1752800400,4.77,4.83,4.76,4.77,3010900,NaN,NaN,NaN,NaN,NaN,NaN,NaN
1753059600,4.77,4.78,4.75,4.77,1532900,NaN,NaN,NaN,NaN,NaN,NaN,NaN
1753146000,4.77,4.78,4.74,4.75,1578200,NaN,NaN,NaN,NaN,NaN,NaN,NaN
1753232400,4.75,4.79,4.74,4.75,2648000,NaN,NaN,NaN,NaN,NaN,NaN,NaN
1753318800,4.77,4.82,4.77,4.81,1456200,NaN,NaN,NaN,NaN,NaN,NaN,NaN
1753405200,4.78,4.79,4.75,4.78,603300,NaN,NaN,NaN,NaN,NaN,NaN,NaN
1753664400,4.77,4.88,4.77,4.86,2449500,NaN,NaN,NaN,NaN,NaN,NaN,NaN
1753750800,4.87,4.87,4.8,4.8,1867000,NaN,NaN,NaN,NaN,NaN,NaN,NaN
1753837200,4.77,4.8,4.75,4.79,909900,NaN,NaN,NaN,NaN,NaN,NaN,NaN
1753923600,4.77,4.8,4.75,4.77,2131200,NaN,NaN,NaN,NaN,NaN,NaN,NaN
1754010000,4.8,4.85,4.74,4.75,4730100,NaN,NaN,NaN,NaN,NaN,NaN,NaN
1754269200,4.75,4.78,4.72,4.76,1474000,NaN,NaN,NaN,NaN,NaN,NaN,NaN
1754355600,4.76,4.78,4.76,4.78,1718800,NaN,NaN,NaN,NaN,NaN,NaN,NaN
1754442000,4.76,4.78,4.75,4.75,1694600,NaN,NaN,NaN,NaN,NaN,NaN,NaN
1754528400,4.74,4.81,4.74,4.77,3123900,NaN,NaN,NaN,NaN,NaN,NaN,NaN
1754614800,4.77,4.86,4.77,4.85,3834400,NaN,NaN,NaN,NaN,NaN,NaN,NaN
1754874000,4.85,4.94,4.85,4.91,2393700,NaN,NaN,NaN,NaN,NaN,NaN,NaN
1754960400,4.93,5.01,4.92,4.94,2915900,NaN,NaN,NaN,NaN,NaN,NaN,NaN
1755046800,4.94,5.01,4.94,4.98,5269500,NaN,NaN,NaN,NaN,NaN,NaN,NaN
1755133200,5.01,5.04,4.93,4.95,3972200,NaN,NaN,NaN,NaN,NaN,NaN,NaN
1755219600,4.95,4.98,4.86,4.88,3836100,NaN,NaN,NaN,NaN,NaN,NaN,NaN
1755478800,4.89,4.98,4.89,4.96,7410400,NaN,NaN,NaN,NaN,NaN,NaN,NaN
1755565200,4.96,4.97,4.89,4.96,5274900,NaN,NaN,NaN,NaN,NaN,NaN,NaN
1755651600,4.96,5.21,4.94,5.13,7328300,NaN,NaN,NaN,NaN,NaN,NaN,NaN
1755738000,5.13,5.15,5.05,5.1,4575700,NaN,NaN,NaN,NaN,NaN,NaN,NaN
1755824400,5.1,5.11,5.03,5.04,2441500,NaN,NaN,NaN,NaN,NaN,NaN,NaN
1756083600,5.04,5.11,5.04,5.1,5959000,NaN,NaN,NaN,NaN,NaN,NaN,NaN
1756170000,5.11,5.11,5.02,5.04,5576200,NaN,NaN,NaN,NaN,NaN,NaN,NaN
1756256400,5.04,5.05,5,5.02,1752000,NaN,NaN,NaN,NaN,NaN,NaN,NaN
1756342800,5.04,5.11,5.02,5.08,7834800,NaN,NaN,NaN,NaN,NaN,NaN,NaN
1756429200,5.08,5.08,4.98,5.05,9189200,NaN,NaN,NaN,NaN,NaN,NaN,NaN
1756774800,5.06,5.06,4.98,5.04,5156000,NaN,NaN,NaN,NaN,NaN,NaN,NaN
1756861200,5.04,5.11,4.99,5.03,4862200,NaN,NaN,NaN,NaN,NaN,NaN,NaN
1756947600,5.02,5.08,5.02,5.06,9287500,NaN,NaN,NaN,NaN,NaN,NaN,NaN
1757293200,5.07,5.12,5.05,5.12,15320500,NaN,NaN,NaN,NaN,NaN,NaN,NaN
1757379600,5.13,5.13,5.1,5.12,9104100,NaN,NaN,NaN,NaN,NaN,NaN,NaN
1757466000,5.13,5.16,5.1,5.15,5756100,NaN,NaN,NaN,NaN,NaN,NaN,NaN
1757552400,5.14,5.16,5.14,5.15,25143100,NaN,NaN,NaN,NaN,NaN,NaN,NaN
1757638800,5.16,5.22,5.16,5.18,3205400,NaN,NaN,NaN,NaN,NaN,NaN,NaN
1758070800,5.19,5.25,5.15,5.23,6286300,NaN,NaN,NaN,NaN,NaN,NaN,NaN
1758157200,5.23,5.27,5.23,5.25,6790900,NaN,NaN,NaN,NaN,NaN,NaN,NaN
1758243600,5.25,5.26,5.18,5.25,7493400,NaN,NaN,NaN,NaN,NaN,NaN,NaN
1758502800,5.25,5.3,5.25,5.3,3126600,NaN,NaN,NaN,NaN,NaN,NaN,NaN
1758589200,5.23,5.29,5.23,5.27,5317400,NaN,NaN,NaN,NaN,NaN,NaN,NaN
1758675600,5.29,5.29,5.22,5.23,4828800,NaN,NaN,NaN,NaN,NaN,NaN,NaN
1758762000,5.25,5.25,5.23,5.25,6808700,NaN,NaN,NaN,NaN,NaN,NaN,NaN
1758848400,5.25,5.25,5.22,5.24,6942200,NaN,NaN,NaN,NaN,NaN,NaN,NaN