time,open,high,low,close,Volume,Total common shares outstanding,Total assets,Total liabilities,Operating income,Total revenue,Shareholders&#039; equity,Dividend yield %
1478826000,3.136435,3.155916,3.019549,3.04877,1069043,NaN,NaN,NaN,NaN,NaN,NaN,NaN
1479085200,3.04877,3.116954,3.03903,3.03903,925827,NaN,NaN,NaN,NaN,NaN,NaN,NaN
1479171600,3.107213,3.116954,3.068251,3.116954,184487,NaN,NaN,NaN,NaN,NaN,NaN,NaN
1479258000,3.097473,3.097473,3.019549,3.03903,1764697,NaN,NaN,NaN,NaN,NaN,NaN,NaN
1479344400,3.04877,3.097473,3.019549,3.068251,1819622,NaN,NaN,NaN,NaN,NaN,NaN,NaN
1479430800,3.058511,3.116954,3.058511,3.116954,410554,NaN,NaN,NaN,NaN,NaN,NaN,NaN
1479690000,3.116954,3.126694,3.077992,3.077992,1245421,NaN,NaN,NaN,NaN,NaN,NaN,NaN
1479776400,3.077992,3.155916,3.068251,3.136435,2116117,NaN,NaN,NaN,NaN,NaN,NaN,NaN
1479862800,3.116954,3.185137,3.116954,3.185137,812896,NaN,NaN,NaN,NaN,NaN,NaN,NaN
1479949200,3.165656,3.25332,3.136435,3.214358,1245523,NaN,NaN,NaN,NaN,NaN,NaN,NaN
1480035600,3.194877,3.24358,3.155916,3.224099,1272524,NaN,NaN,NaN,NaN,NaN,NaN,NaN
1480294800,3.214358,3.24358,3.155916,3.24358,318054,NaN,NaN,NaN,NaN,NaN,NaN,NaN
1480381200,3.136435,3.224099,3.136435,3.194877,250193,NaN,NaN,NaN,NaN,NaN,NaN,NaN
1480467600,3.185137,3.233839,3.146175,3.214358,3393467,NaN,NaN,NaN,NaN,NaN,NaN,NaN
1480554000,3.204618,3.272801,3.194877,3.272801,1452187,NaN,NaN,NaN,NaN,NaN,NaN,NaN
1480640400,3.175396,3.311763,3.175396,3.311763,2175354,NaN,NaN,NaN,NaN,NaN,NaN,NaN
1480899600,3.321504,3.321504,3.224099,3.311763,920283,NaN,NaN,NaN,NaN,NaN,NaN,NaN
1480986000,3.25332,3.331244,3.214358,3.331244,6465184,NaN,NaN,NaN,NaN,NaN,NaN,NaN
1481072400,3.25332,3.272801,3.233839,3.24358,1484731,NaN,NaN,NaN,NaN,NaN,NaN,NaN
1481158800,3.272801,3.272801,3.214358,3.233839,737848,NaN,NaN,NaN,NaN,NaN,NaN,NaN
1481245200,3.263061,3.282542,3.233839,3.263061,1034753,NaN,NaN,NaN,NaN,NaN,NaN,NaN
1481590800,3.24358,3.24358,3.214358,3.233839,446281,NaN,NaN,NaN,NaN,NaN,NaN,NaN
1481677200,3.224099,3.224099,3.185137,3.194877,168061,NaN,NaN,NaN,NaN,NaN,NaN,NaN
1481763600,3.185137,3.204618,3.165656,3.194877,905910,NaN,NaN,NaN,NaN,NaN,NaN,NaN
1481850000,3.194877,3.263061,3.165656,3.204618,515785,NaN,NaN,NaN,NaN,NaN,NaN,NaN
1482109200,3.175396,3.204618,3.175396,3.185137,3713574,NaN,NaN,NaN,NaN,NaN,NaN,NaN
1482195600,3.194877,3.194877,3.146175,3.146175,1486066,NaN,NaN,NaN,NaN,NaN,NaN,NaN
1482282000,3.185137,3.185137,3.136435,3.146175,36137,NaN,NaN,NaN,NaN,NaN,NaN,NaN
1482368400,3.136435,3.136435,3.116954,3.126694,13346,NaN,NaN,NaN,NaN,NaN,NaN,NaN
1482454800,3.126694,3.126694,3.068251,3.068251,1247885,NaN,NaN,NaN,NaN,NaN,NaN,NaN
1482800400,3.087732,3.116954,3.087732,3.107213,16118,NaN,NaN,NaN,NaN,NaN,NaN,NaN
1482886800,3.068251,3.068251,3.029289,3.029289,1415433,NaN,NaN,NaN,NaN,NaN,NaN,NaN
1482973200,3.029289,3.058511,3.029289,3.058511,357374,NaN,NaN,NaN,NaN,NaN,NaN,NaN
1483059600,3.04877,3.04877,3.029289,3.04877,1075614,NaN,NaN,NaN,NaN,NaN,NaN,NaN
1483405200,3.04877,3.068251,3.03903,3.04877,1780713,NaN,NaN,NaN,NaN,NaN,NaN,NaN
1483491600,3.04877,3.068251,3.03903,3.058511,1313590,NaN,NaN,NaN,NaN,NaN,NaN,NaN
1483578000,3.058511,3.116954,3.058511,3.116954,329655,NaN,NaN,NaN,NaN,NaN,NaN,NaN
1483664400,3.116954,3.116954,3.107213,3.107213,743803,NaN,NaN,NaN,NaN,NaN,NaN,NaN
1483923600,3.116954,3.185137,3.058511,3.107213,526257,NaN,NaN,NaN,NaN,NaN,NaN,NaN
1484010000,3.087732,3.165656,3.087732,3.165656,2124227,NaN,NaN,NaN,NaN,NaN,NaN,NaN
1484096400,3.165656,3.175396,3.116954,3.116954,96607,NaN,NaN,NaN,NaN,NaN,NaN,NaN
1484182800,3.116954,3.126694,3.107213,3.116954,2976958,NaN,NaN,NaN,NaN,NaN,NaN,NaN
1484269200,3.155916,3.155916,3.097473,3.116954,766799,NaN,NaN,NaN,NaN,NaN,NaN,NaN
1484528400,3.146175,3.146175,3.087732,3.116954,135619,NaN,NaN,NaN,NaN,NaN,NaN,NaN
1484614800,3.116954,3.136435,3.116954,3.126694,236743,NaN,NaN,NaN,NaN,NaN,NaN,NaN
1484701200,3.116954,3.146175,3.116954,3.126694,36445,NaN,NaN,NaN,NaN,NaN,NaN,NaN
1484787600,3.116954,3.194877,3.116954,3.175396,345773,NaN,NaN,NaN,NaN,NaN,NaN,NaN
1484874000,3.136435,3.175396,3.136435,3.175396,114470,NaN,NaN,NaN,NaN,NaN,NaN,NaN
1485133200,3.175396,3.224099,3.146175,3.185137,2153384,NaN,NaN,NaN,NaN,NaN,NaN,NaN
1485219600,3.126694,3.214358,3.058511,3.214358,112520,NaN,NaN,NaN,NaN,NaN,NaN,NaN
1485306000,3.214358,3.214358,3.185137,3.194877,289308,NaN,NaN,NaN,NaN,NaN,NaN,NaN
1485392400,3.214358,3.224099,3.175396,3.175396,10724420,NaN,NaN,NaN,NaN,NaN,NaN,NaN
1485478800,3.224099,3.370206,3.204618,3.321504,9691822,NaN,NaN,NaN,NaN,NaN,NaN,NaN
1485824400,3.321504,3.331244,3.292282,3.311763,4865263,NaN,NaN,NaN,NaN,NaN,NaN,NaN
1485997200,3.331244,3.331244,3.25332,3.302023,3533604,NaN,NaN,NaN,NaN,NaN,NaN,NaN
1486083600,3.302023,3.321504,3.263061,3.302023,2141270,NaN,NaN,NaN,NaN,NaN,NaN,NaN
1486342800,3.282542,3.350725,3.282542,3.321504,1083827,NaN,NaN,NaN,NaN,NaN,NaN,NaN
1486429200,3.350725,3.370206,3.321504,3.321504,5672410,NaN,NaN,NaN,NaN,NaN,NaN,NaN
1486515600,3.370206,3.418908,3.350725,3.360466,5813060,NaN,NaN,NaN,NaN,NaN,NaN,NaN
1486688400,3.331244,3.350725,3.321504,3.331244,2029263,NaN,NaN,NaN,NaN,NaN,NaN,NaN
1486947600,3.331244,3.331244,3.282542,3.302023,4473085,NaN,NaN,NaN,NaN,NaN,NaN,NaN
1487034000,3.311763,3.311763,3.302023,3.311763,3114528,NaN,NaN,NaN,NaN,NaN,NaN,NaN
1487120400,3.311763,3.321504,3.302023,3.311763,3108163,NaN,NaN,NaN,NaN,NaN,NaN,NaN
1487206800,3.311763,3.331244,3.292282,3.302023,1172324,NaN,NaN,NaN,NaN,NaN,NaN,NaN
1487293200,3.321504,3.340985,3.302023,3.311763,1794059,NaN,NaN,NaN,NaN,NaN,NaN,NaN
1487552400,3.311763,3.311763,3.292282,3.302023,3346960,NaN,NaN,NaN,NaN,NaN,NaN,NaN
1487638800,3.292282,3.311763,3.292282,3.311763,385299,NaN,NaN,NaN,NaN,NaN,NaN,NaN
1487725200,3.311763,3.360466,3.282542,3.302023,1570148,NaN,NaN,NaN,NaN,NaN,NaN,NaN
1487811600,3.321504,3.321504,3.292282,3.302023,1063910,NaN,NaN,NaN,NaN,NaN,NaN,NaN
1487898000,3.311763,3.360466,3.311763,3.331244,7057147,NaN,NaN,NaN,NaN,NaN,NaN,NaN
1488157200,3.331244,3.340985,3.302023,3.321504,2027107,NaN,NaN,NaN,NaN,NaN,NaN,NaN
1488243600,3.321504,3.321504,3.311763,3.311763,4177514,NaN,NaN,NaN,NaN,NaN,NaN,NaN
1488330000,3.292282,3.311763,3.292282,3.302023,4648949,NaN,NaN,NaN,NaN,NaN,NaN,NaN
1488416400,3.311763,3.311763,3.302023,3.302023,5327868,NaN,NaN,NaN,NaN,NaN,NaN,NaN
1488502800,3.311763,3.331244,3.292282,3.311763,3968182,NaN,NaN,NaN,NaN,NaN,NaN,NaN
1488762000,3.350725,3.350725,3.302023,3.311763,1797242,NaN,NaN,NaN,NaN,NaN,NaN,NaN
1488848400,3.360466,3.360466,3.292282,3.311763,1896621,NaN,NaN,NaN,NaN,NaN,NaN,NaN
1488934800,3.321504,3.321504,3.292282,3.302023,256968,NaN,NaN,NaN,NaN,NaN,NaN,NaN
1489021200,3.311763,3.311763,3.282542,3.311763,4600594,NaN,NaN,NaN,NaN,NaN,NaN,NaN
1489107600,3.331244,3.331244,3.302023,3.311763,4518565,NaN,NaN,NaN,NaN,NaN,NaN,NaN
1489366800,3.331244,3.331244,3.311763,3.321504,5711525,NaN,NaN,NaN,NaN,NaN,NaN,NaN
1489453200,3.321504,3.321504,3.302023,3.311763,4254718,NaN,NaN,NaN,NaN,NaN,NaN,NaN
1489539600,3.331244,3.331244,3.302023,3.311763,4342085,NaN,NaN,NaN,NaN,NaN,NaN,NaN
1489626000,3.331244,3.331244,3.292282,3.302023,2699353,NaN,NaN,NaN,NaN,NaN,NaN,NaN
1489712400,3.311763,3.311763,3.302023,3.311763,1456601,NaN,NaN,NaN,NaN,NaN,NaN,NaN
1489971600,3.311763,3.311763,3.302023,3.311763,2235002,NaN,NaN,NaN,NaN,NaN,NaN,NaN
1490058000,3.311763,3.321504,3.302023,3.311763,3024799,NaN,NaN,NaN,NaN,NaN,NaN,NaN
1490144400,3.311763,3.321504,3.302023,3.311763,3809565,NaN,NaN,NaN,NaN,NaN,NaN,NaN
1490230800,3.311763,3.360466,3.302023,3.360466,7299537,NaN,NaN,NaN,NaN,NaN,NaN,NaN
1490317200,3.370206,3.399428,3.340985,3.399428,4998521,NaN,NaN,NaN,NaN,NaN,NaN,NaN
1490576400,3.370206,3.399428,3.360466,3.360466,3504036,NaN,NaN,NaN,NaN,NaN,NaN,NaN
1490662800,3.399428,3.516313,3.370206,3.467611,6236653,NaN,NaN,NaN,NaN,NaN,NaN,NaN
1490749200,3.467611,3.477351,3.438389,3.45787,2857354,NaN,NaN,NaN,NaN,NaN,NaN,NaN
1490835600,3.45787,3.516313,3.428649,3.45787,3071717,NaN,NaN,NaN,NaN,NaN,NaN,NaN
1490922000,3.45787,3.467611,3.399428,3.45787,3513584,NaN,NaN,NaN,NaN,NaN,NaN,NaN
1491181200,3.379947,3.428649,3.360466,3.428649,3953090,NaN,NaN,NaN,NaN,NaN,NaN,NaN
1491267600,3.409168,3.506573,3.409168,3.506573,4508504,NaN,NaN,NaN,NaN,NaN,NaN,NaN
1491354000,3.487092,3.506573,3.45787,3.467611,3578776,NaN,NaN,NaN,NaN,NaN,NaN,NaN
1491440400,3.467611,3.506573,3.45787,3.496832,4609731,NaN,NaN,NaN,NaN,NaN,NaN,NaN
1491526800,3.477351,3.496832,3.409168,3.44813,3520257,NaN,NaN,NaN,NaN,NaN,NaN,NaN
1491786000,3.428649,3.438389,3.409168,3.409168,3628157,NaN,NaN,NaN,NaN,NaN,NaN,NaN
1491872400,3.45787,3.45787,3.399428,3.409168,4448446,NaN,NaN,NaN,NaN,NaN,NaN,NaN
1491958800,3.428649,3.438389,3.389687,3.409168,3704950,NaN,NaN,NaN,NaN,NaN,NaN,NaN
1492045200,3.428649,3.535794,3.428649,3.45787,2531702,NaN,NaN,NaN,NaN,NaN,NaN,NaN
1492131600,3.45787,3.45787,3.45787,3.45787,0,NaN,NaN,NaN,NaN,NaN,NaN,NaN
1492390800,3.496832,3.672161,3.496832,3.574756,6131012,NaN,NaN,NaN,NaN,NaN,NaN,NaN
1492477200,3.565016,3.623459,3.545535,3.594237,5286187,NaN,NaN,NaN,NaN,NaN,NaN,NaN
1492563600,3.603978,3.623459,3.526054,3.555275,3342237,NaN,NaN,NaN,NaN,NaN,NaN,NaN
1492650000,3.555275,3.565016,3.526054,3.555275,2693501,NaN,NaN,NaN,NaN,NaN,NaN,NaN
1492736400,3.565016,3.565016,3.535794,3.545535,641344,NaN,NaN,NaN,NaN,NaN,NaN,NaN
1493082000,3.555275,3.603978,3.555275,3.574756,5099954,NaN,NaN,NaN,NaN,NaN,NaN,NaN
1493168400,3.574756,3.594237,3.555275,3.594237,3556190,NaN,NaN,NaN,NaN,NaN,NaN,NaN
1493254800,3.555275,3.584497,3.545535,3.584497,4391262,NaN,NaN,NaN,NaN,NaN,NaN,NaN
1493341200,3.574756,3.574756,3.545535,3.565016,3463895,NaN,NaN,NaN,NaN,NaN,NaN,NaN
1493686800,3.555275,3.603978,3.555275,3.603978,3882252,NaN,NaN,NaN,NaN,NaN,NaN,NaN
1493773200,3.584497,3.594237,3.574756,3.574756,5036199,NaN,NaN,NaN,NaN,NaN,NaN,NaN
1493859600,3.584497,3.594237,3.584497,3.584497,2624203,NaN,NaN,NaN,NaN,NaN,NaN,NaN
1493946000,3.555275,3.565016,3.516313,3.516313,152456,NaN,NaN,NaN,NaN,NaN,NaN,NaN
1494205200,3.526054,3.613718,3.526054,3.535794,1060009,NaN,NaN,NaN,NaN,NaN,NaN,NaN
1494291600,3.545535,3.603978,3.545535,3.594237,6606347,NaN,NaN,NaN,NaN,NaN,NaN,NaN
1494464400,3.603978,3.613718,3.574756,3.584497,7134248,NaN,NaN,NaN,NaN,NaN,NaN,NaN
1494550800,3.584497,3.584497,3.516313,3.535794,3858228,NaN,NaN,NaN,NaN,NaN,NaN,NaN
1494810000,3.526054,3.555275,3.516313,3.535794,2975418,NaN,NaN,NaN,NaN,NaN,NaN,NaN
1494896400,3.535794,3.545535,3.516313,3.535794,4054830,NaN,NaN,NaN,NaN,NaN,NaN,NaN
1494982800,3.535794,3.594237,3.526054,3.535794,3038453,NaN,NaN,NaN,NaN,NaN,NaN,NaN
1495069200,3.526054,3.555275,3.526054,3.535794,1615526,NaN,NaN,NaN,NaN,NaN,NaN,NaN
1495155600,3.535794,4.383216,3.535794,3.603978,6136761,NaN,NaN,NaN,NaN,NaN,NaN,NaN
1495414800,3.584497,3.896192,3.535794,3.720863,19094746,NaN,NaN,NaN,NaN,NaN,NaN,NaN
1495501200,3.740344,3.779306,3.672161,3.681901,6923478,NaN,NaN,NaN,NaN,NaN,NaN,NaN
1495587600,3.701382,3.730604,3.681901,3.701382,10391479,NaN,NaN,NaN,NaN,NaN,NaN,NaN
1495674000,3.701382,3.711123,3.65268,3.701382,6110581,NaN,NaN,NaN,NaN,NaN,NaN,NaN
1495760400,3.701382,3.701382,3.66242,3.691642,5369961,NaN,NaN,NaN,NaN,NaN,NaN,NaN
1496019600,3.691642,3.740344,3.681901,3.691642,9928360,NaN,NaN,NaN,NaN,NaN,NaN,NaN
1496106000,3.691642,3.750085,3.691642,3.750085,11400054,NaN,NaN,NaN,NaN,NaN,NaN,NaN
1496192400,3.750085,3.750085,3.701382,3.730604,10065007,NaN,NaN,NaN,NaN,NaN,NaN,NaN
1496278800,3.740344,3.740344,3.701382,3.711123,561265,NaN,NaN,NaN,NaN,NaN,NaN,NaN
1496365200,3.720863,3.759825,3.701382,3.730604,2190446,NaN,NaN,NaN,NaN,NaN,NaN,NaN
1496624400,3.730604,3.798787,3.730604,3.769566,1545817,NaN,NaN,NaN,NaN,NaN,NaN,NaN
1496710800,3.740344,3.896192,3.740344,3.866971,7088562,NaN,NaN,NaN,NaN,NaN,NaN,NaN
1496797200,3.85723,3.85723,3.818268,3.837749,3837490,NaN,NaN,NaN,NaN,NaN,NaN,NaN
1496883600,3.837749,3.837749,3.769566,3.789047,3651668,NaN,NaN,NaN,NaN,NaN,NaN,NaN
1496970000,3.779306,3.779306,3.730604,3.740344,5131985,NaN,NaN,NaN,NaN,NaN,NaN,NaN
1497315600,3.740344,3.740344,3.720863,3.730604,5855871,NaN,NaN,NaN,NaN,NaN,NaN,NaN
1497402000,3.750085,3.818268,3.711123,3.720863,5495827,NaN,NaN,NaN,NaN,NaN,NaN,NaN
1497488400,3.750085,3.750085,3.701382,3.711123,2294240,NaN,NaN,NaN,NaN,NaN,NaN,NaN
1497574800,3.594237,3.603978,3.526054,3.555275,1542326,NaN,NaN,NaN,NaN,NaN,NaN,NaN
1497834000,3.574756,3.574756,3.477351,3.477351,1338127,NaN,NaN,NaN,NaN,NaN,NaN,NaN
1497920400,3.477351,3.594237,3.467611,3.545535,455932,NaN,NaN,NaN,NaN,NaN,NaN,NaN
1498006800,3.545535,3.584497,3.545535,3.545535,1260410,NaN,NaN,NaN,NaN,NaN,NaN,NaN
1498093200,3.526054,3.526054,3.496832,3.526054,3975266,NaN,NaN,NaN,NaN,NaN,NaN,NaN
1498179600,3.565016,3.565016,3.272801,3.311763,4652234,NaN,NaN,NaN,NaN,NaN,NaN,NaN
1498611600,3.350725,3.370206,3.311763,3.331244,768853,NaN,NaN,NaN,NaN,NaN,NaN,NaN
1498698000,3.331244,3.331244,3.263061,3.292282,1179818,NaN,NaN,NaN,NaN,NaN,NaN,NaN
1498784400,3.292282,3.399428,3.292282,3.399428,2007703,NaN,NaN,NaN,NaN,NaN,NaN,NaN
1499043600,3.399428,3.399428,3.311763,3.321504,303167,NaN,NaN,NaN,NaN,NaN,NaN,NaN
1499130000,3.331244,3.331244,3.292282,3.292282,589806,NaN,NaN,NaN,NaN,NaN,NaN,NaN
1499216400,3.302023,3.331244,3.292282,3.321504,88086,NaN,NaN,NaN,NaN,NaN,NaN,NaN
1499302800,3.340985,3.350725,3.263061,3.282542,1258151,NaN,NaN,NaN,NaN,NaN,NaN,NaN
1499389200,3.263061,3.272801,3.185137,3.214358,1070173,NaN,NaN,NaN,NaN,NaN,NaN,NaN
1499648400,3.214358,3.24358,3.165656,3.175396,633747,NaN,NaN,NaN,NaN,NaN,NaN,NaN
1499734800,3.165656,3.214358,3.155916,3.194877,772651,NaN,NaN,NaN,NaN,NaN,NaN,NaN
1499821200,3.185137,3.194877,3.165656,3.165656,672040,NaN,NaN,NaN,NaN,NaN,NaN,NaN
1499907600,3.165656,3.185137,3.155916,3.165656,867616,NaN,NaN,NaN,NaN,NaN,NaN,NaN
1499994000,3.165656,3.175396,3.165656,3.175396,417022,NaN,NaN,NaN,NaN,NaN,NaN,NaN
1500253200,3.175396,3.194877,3.165656,3.175396,1207538,NaN,NaN,NaN,NaN,NaN,NaN,NaN
1500339600,3.175396,3.185137,3.165656,3.175396,1705357,NaN,NaN,NaN,NaN,NaN,NaN,NaN
1500426000,3.165656,3.175396,3.126694,3.165656,1295008,NaN,NaN,NaN,NaN,NaN,NaN,NaN
1500512400,3.175396,3.175396,3.165656,3.175396,36240,NaN,NaN,NaN,NaN,NaN,NaN,NaN
1500598800,3.165656,3.175396,3.165656,3.175396,89317,NaN,NaN,NaN,NaN,NaN,NaN,NaN
1500858000,3.165656,3.175396,3.165656,3.165656,1050564,NaN,NaN,NaN,NaN,NaN,NaN,NaN
1500944400,3.165656,3.175396,3.165656,3.175396,368564,NaN,NaN,NaN,NaN,NaN,NaN,NaN
1501030800,3.175396,3.175396,3.116954,3.116954,1111136,NaN,NaN,NaN,NaN,NaN,NaN,NaN
1501117200,3.116954,3.175396,3.116954,3.136435,245059,NaN,NaN,NaN,NaN,NaN,NaN,NaN
1501203600,3.155916,3.25332,3.155916,3.25332,1557007,NaN,NaN,NaN,NaN,NaN,NaN,NaN
1501462800,3.25332,3.272801,3.175396,3.224099,2283871,NaN,NaN,NaN,NaN,NaN,NaN,NaN
1501549200,3.204618,3.25332,3.204618,3.25332,267645,NaN,NaN,NaN,NaN,NaN,NaN,NaN
1501635600,3.25332,3.25332,3.194877,3.194877,245265,NaN,NaN,NaN,NaN,NaN,NaN,NaN
1501722000,3.204618,3.214358,3.165656,3.175396,113752,NaN,NaN,NaN,NaN,NaN,NaN,NaN
1501808400,3.214358,3.214358,3.165656,3.185137,75150,NaN,NaN,NaN,NaN,NaN,NaN,NaN
1502067600,3.185137,3.340985,3.175396,3.24358,362610,NaN,NaN,NaN,NaN,NaN,NaN,NaN
1502154000,3.185137,3.25332,3.185137,3.194877,203788,NaN,NaN,NaN,NaN,NaN,NaN,NaN
1502240400,3.214358,3.214358,3.165656,3.175396,1004981,NaN,NaN,NaN,NaN,NaN,NaN,NaN
1502326800,3.175396,3.233839,3.165656,3.165656,54617,NaN,NaN,NaN,NaN,NaN,NaN,NaN
1502413200,3.165656,3.175396,3.165656,3.165656,711463,NaN,NaN,NaN,NaN,NaN,NaN,NaN
1502672400,3.165656,3.194877,3.155916,3.165656,103177,NaN,NaN,NaN,NaN,NaN,NaN,NaN
1502758800,3.185137,3.224099,3.165656,3.175396,104922,NaN,NaN,NaN,NaN,NaN,NaN,NaN
1502845200,3.214358,3.233839,3.175396,3.224099,405318,NaN,NaN,NaN,NaN,NaN,NaN,NaN
1502931600,3.224099,3.233839,3.214358,3.224099,1588628,NaN,NaN,NaN,NaN,NaN,NaN,NaN
1503018000,3.224099,3.263061,3.224099,3.25332,1302707,NaN,NaN,NaN,NaN,NaN,NaN,NaN
1503277200,3.25332,3.292282,3.25332,3.272801,1305171,NaN,NaN,NaN,NaN,NaN,NaN,NaN
1503363600,3.282542,3.321504,3.272801,3.311763,1740263,NaN,NaN,NaN,NaN,NaN,NaN,NaN
1503450000,3.321504,3.399428,3.321504,3.360466,1934196,NaN,NaN,NaN,NaN,NaN,NaN,NaN
1503536400,3.360466,3.418908,3.360466,3.399428,2253995,NaN,NaN,NaN,NaN,NaN,NaN,NaN
1503622800,3.409168,3.45787,3.409168,3.44813,1941280,NaN,NaN,NaN,NaN,NaN,NaN,NaN
1503882000,3.409168,3.44813,3.389687,3.409168,553360,NaN,NaN,NaN,NaN,NaN,NaN,NaN
1503968400,3.399428,3.409168,3.272801,3.389687,243417,NaN,NaN,NaN,NaN,NaN,NaN,NaN
1504054800,3.399428,3.399428,3.272801,3.272801,795340,NaN,NaN,NaN,NaN,NaN,NaN,NaN
1504573200,3.272801,3.487092,3.272801,3.45787,5944573,NaN,NaN,NaN,NaN,NaN,NaN,NaN
1504659600,3.44813,3.555275,3.418908,3.477351,3138962,NaN,NaN,NaN,NaN,NaN,NaN,NaN
1504746000,3.477351,3.555275,3.467611,3.535794,3757720,NaN,NaN,NaN,NaN,NaN,NaN,NaN
1504832400,3.535794,3.545535,3.487092,3.535794,1487914,NaN,NaN,NaN,NaN,NaN,NaN,NaN
1505091600,3.555275,3.555275,3.516313,3.545535,3383611,NaN,NaN,NaN,NaN,NaN,NaN,NaN
1505178000,3.506573,3.545535,3.467611,3.496832,2655721,NaN,NaN,NaN,NaN,NaN,NaN,NaN
1505264400,3.477351,3.565016,3.477351,3.545535,4374835,NaN,NaN,NaN,NaN,NaN,NaN,NaN
1505350800,3.545535,3.565016,3.526054,3.535794,4115300,NaN,NaN,NaN,NaN,NaN,NaN,NaN
1505437200,3.506573,3.526054,3.438389,3.45787,17379944,NaN,NaN,NaN,NaN,NaN,NaN,NaN
1505696400,3.496832,3.496832,3.438389,3.45787,471229,NaN,NaN,NaN,NaN,NaN,NaN,NaN
1505782800,3.477351,3.477351,3.350725,3.370206,1470358,NaN,NaN,NaN,NaN,NaN,NaN,NaN
1505869200,3.350725,3.418908,3.350725,3.350725,1000361,NaN,NaN,NaN,NaN,NaN,NaN,NaN
1505955600,3.379947,3.389687,3.331244,3.340985,544223,NaN,NaN,NaN,NaN,NaN,NaN,NaN
1506301200,3.45787,3.45787,3.311763,3.340985,2201842,NaN,NaN,NaN,NaN,NaN,NaN,NaN
1506387600,3.350725,3.350725,3.292282,3.311763,632617,NaN,NaN,NaN,NaN,NaN,NaN,NaN
1506474000,3.409168,3.409168,3.292282,3.311763,212104,NaN,NaN,NaN,NaN,NaN,NaN,NaN
1506560400,3.263061,3.331244,3.25332,3.311763,2357584,NaN,NaN,NaN,NaN,NaN,NaN,NaN
1506646800,3.311763,3.545535,3.311763,3.545535,961862,3066021619.8886,19670399000,9513815000,282338000,1057900000.0000001,9698959000,5.49451452401923
1506906000,3.428649,3.506573,3.370206,3.409168,1750119,NaN,NaN,NaN,NaN,NaN,NaN,NaN
1506992400,3.409168,3.428649,3.360466,3.399428,1234025,NaN,NaN,NaN,NaN,NaN,NaN,NaN
1507078800,3.399428,3.399428,3.340985,3.340985,35316,NaN,NaN,NaN,NaN,NaN,NaN,NaN
1507165200,3.379947,3.389687,3.340985,3.360466,467944,NaN,NaN,NaN,NaN,NaN,NaN,NaN
1507251600,3.360466,3.379947,3.340985,3.370206,168780,NaN,NaN,NaN,NaN,NaN,NaN,NaN
1507510800,3.370206,3.379947,3.340985,3.360466,2332225,NaN,NaN,NaN,NaN,NaN,NaN,NaN
1507597200,3.311763,3.370206,3.311763,3.370206,64986,NaN,NaN,NaN,NaN,NaN,NaN,NaN
1507683600,3.360466,3.389687,3.321504,3.350725,405729,NaN,NaN,NaN,NaN,NaN,NaN,NaN
1507770000,3.350725,3.350725,3.302023,3.321504,1914484,NaN,NaN,NaN,NaN,NaN,NaN,NaN
1507856400,3.360466,3.360466,3.321504,3.340985,3436278,NaN,NaN,NaN,NaN,NaN,NaN,NaN
1508115600,3.340985,3.350725,3.321504,3.340985,4925937,NaN,NaN,NaN,NaN,NaN,NaN,NaN
1508202000,3.360466,3.389687,3.340985,3.360466,4085732,NaN,NaN,NaN,NaN,NaN,NaN,NaN
1508374800,3.360466,3.370206,3.282542,3.321504,3809052,NaN,NaN,NaN,NaN,NaN,NaN,NaN
1508461200,3.340985,3.340985,3.233839,3.282542,4752845,NaN,NaN,NaN,NaN,NaN,NaN,NaN
1508720400,3.292282,3.292282,3.224099,3.25332,569068,NaN,NaN,NaN,NaN,NaN,NaN,NaN
1508806800,3.214358,3.263061,3.214358,3.263061,1403626,NaN,NaN,NaN,NaN,NaN,NaN,NaN
1508893200,3.25332,3.25332,3.204618,3.204618,148247,NaN,NaN,NaN,NaN,NaN,NaN,NaN
1508979600,3.194877,3.302023,3.185137,3.204618,1921876,NaN,NaN,NaN,NaN,NaN,NaN,NaN
1509066000,3.214358,3.233839,3.204618,3.214358,2108006,NaN,NaN,NaN,NaN,NaN,NaN,NaN
1509325200,3.233839,3.24358,3.185137,3.24358,176788,NaN,NaN,NaN,NaN,NaN,NaN,NaN
1509411600,3.263061,3.263061,3.165656,3.185137,1154152,NaN,NaN,NaN,NaN,NaN,NaN,NaN
1509498000,3.185137,3.194877,3.175396,3.185137,1776709,NaN,NaN,NaN,NaN,NaN,NaN,NaN
1509584400,3.194877,3.194877,3.155916,3.185137,1403832,NaN,NaN,NaN,NaN,NaN,NaN,NaN
1509670800,3.185137,3.399428,3.185137,3.360466,797496,NaN,NaN,NaN,NaN,NaN,NaN,NaN
1509930000,3.399428,3.399428,3.24358,3.25332,191469,NaN,NaN,NaN,NaN,NaN,NaN,NaN
1510016400,3.263061,3.263061,3.194877,3.224099,1785332,NaN,NaN,NaN,NaN,NaN,NaN,NaN
1510102800,3.224099,3.263061,3.194877,3.214358,454905,NaN,NaN,NaN,NaN,NaN,NaN,NaN
1510189200,3.224099,3.224099,3.204618,3.214358,552436,NaN,NaN,NaN,NaN,NaN,NaN,NaN
1510275600,3.263061,3.360466,3.194877,3.204618,2910534,NaN,NaN,NaN,NaN,NaN,NaN,NaN
1510534800,3.214358,3.224099,3.146175,3.165656,3950729,NaN,NaN,NaN,NaN,NaN,NaN,NaN
1510621200,3.321504,3.44813,3.302023,3.331244,36600455,NaN,NaN,NaN,NaN,NaN,NaN,NaN
1510707600,3.331244,3.409168,3.321504,3.321504,10129993,NaN,NaN,NaN,NaN,NaN,NaN,NaN
1510794000,3.311763,3.44813,3.302023,3.44813,6496086,NaN,NaN,NaN,NaN,NaN,NaN,NaN
1510880400,3.399428,3.467611,3.370206,3.399428,10209661,NaN,NaN,NaN,NaN,NaN,NaN,NaN
1511139600,3.379947,3.409168,3.292282,3.302023,5632679,NaN,NaN,NaN,NaN,NaN,NaN,NaN
1511226000,3.292282,3.428649,3.263061,3.292282,10218900,NaN,NaN,NaN,NaN,NaN,NaN,NaN
1511312400,3.321504,3.331244,3.282542,3.302023,3692939,NaN,NaN,NaN,NaN,NaN,NaN,NaN
1511398800,3.311763,3.350725,3.24358,3.24358,5637196,NaN,NaN,NaN,NaN,NaN,NaN,NaN
1511485200,3.272801,3.292282,3.263061,3.272801,2205332,NaN,NaN,NaN,NaN,NaN,NaN,NaN
1511744400,3.311763,3.360466,3.272801,3.311763,8569598,NaN,NaN,NaN,NaN,NaN,NaN,NaN
1511830800,3.31,3.43,3.31,3.4,5783900,NaN,NaN,NaN,NaN,NaN,NaN,NaN
1511917200,3.4,3.49,3.4,3.42,8993300,NaN,NaN,NaN,NaN,NaN,NaN,NaN
1512003600,3.43,3.5,3.33,3.49,96819000,NaN,NaN,NaN,NaN,NaN,NaN,NaN
1512349200,3.48,3.48,3.25,3.31,15817700,NaN,NaN,NaN,NaN,NaN,NaN,NaN
1512435600,3.34,3.34,3.22,3.34,7283800,NaN,NaN,NaN,NaN,NaN,NaN,NaN
1512522000,3.35,3.4,3.3,3.4,1592400,NaN,NaN,NaN,NaN,NaN,NaN,NaN
1512608400,3.37,3.45,3.3,3.41,3033400,NaN,NaN,NaN,NaN,NaN,NaN,NaN
1512694800,3.41,3.45,3.36,3.41,3764600,NaN,NaN,NaN,NaN,NaN,NaN,NaN
1512954000,3.42,3.43,3.36,3.41,3145600,NaN,NaN,NaN,NaN,NaN,NaN,NaN
1513040400,3.41,3.41,3.36,3.4,4324500,NaN,NaN,NaN,NaN,NaN,NaN,NaN
1513126800,3.4,3.4,3.36,3.36,2766900,NaN,NaN,NaN,NaN,NaN,NaN,NaN
1513213200,3.35,3.4,3.34,3.4,4364000,NaN,NaN,NaN,NaN,NaN,NaN,NaN
1513299600,3.4,3.4,3.28,3.4,8494000,NaN,NaN,NaN,NaN,NaN,NaN,NaN
1513558800,3.4,3.41,3.35,3.36,869400,NaN,NaN,NaN,NaN,NaN,NaN,NaN
1513645200,3.34,3.35,3.31,3.32,553500,NaN,NaN,NaN,NaN,NaN,NaN,NaN
1513731600,3.35,3.35,3.31,3.31,546500,NaN,NaN,NaN,NaN,NaN,NaN,NaN
1513818000,3.32,3.5,3.24,3.5,2790200,NaN,NaN,NaN,NaN,NaN,NaN,NaN
1513904400,3.43,3.43,3.29,3.34,1055100,NaN,NaN,NaN,NaN,NaN,NaN,NaN
1514250000,3.33,3.33,3.28,3.28,540400,NaN,NaN,NaN,NaN,NaN,NaN,NaN
1514336400,3.28,3.29,3.26,3.27,2983100,NaN,NaN,NaN,NaN,NaN,NaN,NaN
1514422800,3.28,3.36,3.27,3.36,2434100,NaN,NaN,NaN,NaN,NaN,NaN,NaN
1514509200,3.32,4,3.31,4,5932300,3427783000,28235267000,14142727000,325624000,1336940000,12798647000,3.849
1514854800,3.46,3.47,3.34,3.37,1887900,NaN,NaN,NaN,NaN,NaN,NaN,NaN
1514941200,3.37,3.45,3.37,3.38,2305300,NaN,NaN,NaN,NaN,NaN,NaN,NaN
1515027600,3.36,3.44,3.34,3.36,2799400,NaN,NaN,NaN,NaN,NaN,NaN,NaN
1515114000,3.38,3.39,3.34,3.36,2223600,NaN,NaN,NaN,NaN,NaN,NaN,NaN
1515373200,3.37,3.44,3.37,3.42,2699800,NaN,NaN,NaN,NaN,NaN,NaN,NaN
1515459600,3.43,3.46,3.37,3.41,1839300,NaN,NaN,NaN,NaN,NaN,NaN,NaN
1515546000,3.43,3.43,3.38,3.41,901800,NaN,NaN,NaN,NaN,NaN,NaN,NaN
1515632400,3.38,3.39,3.29,3.3,3897800,NaN,NaN,NaN,NaN,NaN,NaN,NaN
1515718800,3.32,3.36,3.3,3.34,3817300,NaN,NaN,NaN,NaN,NaN,NaN,NaN
1515978000,3.33,3.36,3.29,3.33,1101000,NaN,NaN,NaN,NaN,NaN,NaN,NaN
1516064400,3.31,3.33,3.27,3.3,1122400,NaN,NaN,NaN,NaN,NaN,NaN,NaN
1516150800,3.28,3.3,3.28,3.3,4080700,NaN,NaN,NaN,NaN,NaN,NaN,NaN
1516237200,3.32,3.32,3.16,3.19,5131100,NaN,NaN,NaN,NaN,NaN,NaN,NaN
1516323600,3.2,3.27,3.19,3.24,4528000,NaN,NaN,NaN,NaN,NaN,NaN,NaN
1516582800,3.24,3.28,3.22,3.26,2193900,NaN,NaN,NaN,NaN,NaN,NaN,NaN
1516669200,3.28,3.28,3.21,3.28,1797600,NaN,NaN,NaN,NaN,NaN,NaN,NaN
1516755600,3.25,3.29,3.23,3.25,404700,NaN,NaN,NaN,NaN,NaN,NaN,NaN
1516842000,3.25,3.3,3.24,3.29,1335200,NaN,NaN,NaN,NaN,NaN,NaN,NaN
1516928400,3.29,3.3,3.24,3.3,1525200,NaN,NaN,NaN,NaN,NaN,NaN,NaN
1517187600,3.31,3.32,3.23,3.25,1472000,NaN,NaN,NaN,NaN,NaN,NaN,NaN
1517274000,3.18,3.18,3.07,3.11,6250900,NaN,NaN,NaN,NaN,NaN,NaN,NaN
1517533200,3.11,3.22,3.09,3.22,12191400,NaN,NaN,NaN,NaN,NaN,NaN,NaN
1517792400,3.16,3.31,3.14,3.28,5402700,NaN,NaN,NaN,NaN,NaN,NaN,NaN
1517878800,3.23,3.25,3.16,3.21,7164500,NaN,NaN,NaN,NaN,NaN,NaN,NaN
1517965200,3.27,3.29,3.22,3.25,7691300,NaN,NaN,NaN,NaN,NaN,NaN,NaN
1518051600,3.29,3.29,3.25,3.28,957600,NaN,NaN,NaN,NaN,NaN,NaN,NaN
1518138000,3.25,3.3,3.18,3.25,8430100,NaN,NaN,NaN,NaN,NaN,NaN,NaN
1518397200,3.3,3.32,3.28,3.3,34840800,NaN,NaN,NaN,NaN,NaN,NaN,NaN
1518483600,3.32,3.34,3.2,3.2,17978100,NaN,NaN,NaN,NaN,NaN,NaN,NaN
1518570000,3.23,3.25,3.2,3.22,6536500,NaN,NaN,NaN,NaN,NaN,NaN,NaN
1518656400,3.29,3.29,3.16,3.2,4040800,NaN,NaN,NaN,NaN,NaN,NaN,NaN
1519002000,3.22,3.31,3.2,3.3,4427300,NaN,NaN,NaN,NaN,NaN,NaN,NaN
1519088400,3.27,3.32,3.19,3.25,4310800,NaN,NaN,NaN,NaN,NaN,NaN,NaN
1519174800,3.25,3.27,3.2,3.27,1738300,NaN,NaN,NaN,NaN,NaN,NaN,NaN
1519261200,3.27,3.29,3.23,3.27,1239600,NaN,NaN,NaN,NaN,NaN,NaN,NaN
1519347600,3.24,3.29,3.19,3.29,2331200,NaN,NaN,NaN,NaN,NaN,NaN,NaN
1519606800,3.24,3.28,3.22,3.28,970100,NaN,NaN,NaN,NaN,NaN,NaN,NaN
1519693200,3.27,3.29,3.24,3.29,2142900,NaN,NaN,NaN,NaN,NaN,NaN,NaN
1519779600,3.28,3.39,3.24,3.39,8961400,NaN,NaN,NaN,NaN,NaN,NaN,NaN
1519866000,3.34,3.34,3.27,3.3,2423800,NaN,NaN,NaN,NaN,NaN,NaN,NaN
1519952400,3.29,3.29,3.25,3.25,2207900,NaN,NaN,NaN,NaN,NaN,NaN,NaN
1520211600,3.23,3.25,3.18,3.22,1222500,NaN,NaN,NaN,NaN,NaN,NaN,NaN
1520298000,3.22,3.22,3.18,3.18,614800,NaN,NaN,NaN,NaN,NaN,NaN,NaN
1520384400,3.18,3.21,3.11,3.2,1681600,NaN,NaN,NaN,NaN,NaN,NaN,NaN
1520470800,3.18,3.2,3.14,3.16,984400,NaN,NaN,NaN,NaN,NaN,NaN,NaN
1520557200,3.16,3.18,3.12,3.15,1078300,NaN,NaN,NaN,NaN,NaN,NaN,NaN
1520816400,3.16,3.2,3.16,3.2,1779500,NaN,NaN,NaN,NaN,NaN,NaN,NaN
1520902800,3.2,3.2,3.18,3.19,1549300,NaN,NaN,NaN,NaN,NaN,NaN,NaN
1520989200,3.18,3.22,3.15,3.19,3330800,NaN,NaN,NaN,NaN,NaN,NaN,NaN
1521075600,3.2,3.2,3.17,3.18,2136800,NaN,NaN,NaN,NaN,NaN,NaN,NaN
1521162000,3.18,3.27,3.16,3.27,3879600,NaN,NaN,NaN,NaN,NaN,NaN,NaN
1521421200,3.3,3.3,3.2,3.22,2740400,NaN,NaN,NaN,NaN,NaN,NaN,NaN
1521507600,3.21,3.22,3.17,3.19,2698500,NaN,NaN,NaN,NaN,NaN,NaN,NaN
1521594000,3.08,3.11,3.07,3.11,827100,NaN,NaN,NaN,NaN,NaN,NaN,NaN
1521680400,3.13,3.17,3.08,3.17,1020000,NaN,NaN,NaN,NaN,NaN,NaN,NaN
1521766800,3.1,3.13,3.08,3.1,1609900,NaN,NaN,NaN,NaN,NaN,NaN,NaN
1522026000,3.1,3.11,3.07,3.08,1435800,NaN,NaN,NaN,NaN,NaN,NaN,NaN
1522112400,3.08,3.1,3.04,3.05,1428300,NaN,NaN,NaN,NaN,NaN,NaN,NaN
1522198800,3.05,3.07,3,3.03,590400,NaN,NaN,NaN,NaN,NaN,NaN,NaN
1522285200,3.02,3.06,2.99,2.99,643400,NaN,NaN,NaN,NaN,NaN,NaN,NaN
1522371600,3,3.02,2.99,2.99,689400,3755267600,27112707000,12096923000,84137000,655502000,13711833000,5.14916387959866
1522630800,2.97,2.99,2.9,2.9,373300,NaN,NaN,NaN,NaN,NaN,NaN,NaN
1522717200,2.88,2.88,2.79,2.85,1204600,NaN,NaN,NaN,NaN,NaN,NaN,NaN
1522803600,2.85,2.88,2.77,2.84,584200,NaN,NaN,NaN,NaN,NaN,NaN,NaN
1522890000,2.83,2.91,2.8,2.81,1054800,NaN,NaN,NaN,NaN,NaN,NaN,NaN
1522976400,2.81,2.81,2.78,2.81,574100,NaN,NaN,NaN,NaN,NaN,NaN,NaN
1523235600,2.8,2.84,2.8,2.81,1248000,NaN,NaN,NaN,NaN,NaN,NaN,NaN
1523322000,2.81,2.84,2.8,2.81,5181100,NaN,NaN,NaN,NaN,NaN,NaN,NaN
1523408400,2.82,3.07,2.82,3.02,7792600,NaN,NaN,NaN,NaN,NaN,NaN,NaN
1523494800,3.02,3.04,2.98,3,858300,NaN,NaN,NaN,NaN,NaN,NaN,NaN
1523581200,2.96,3,2.95,2.99,628600,NaN,NaN,NaN,NaN,NaN,NaN,NaN
1523840400,2.96,3.2,2.96,3.2,837900,NaN,NaN,NaN,NaN,NaN,NaN,NaN
1523926800,3.09,3.09,3,3.02,897900,NaN,NaN,NaN,NaN,NaN,NaN,NaN
1524013200,3.04,3.12,3.01,3.07,1114600,NaN,NaN,NaN,NaN,NaN,NaN,NaN
1524099600,3.07,3.16,3.03,3.16,1198300,NaN,NaN,NaN,NaN,NaN,NaN,NaN
1524186000,3.13,3.13,3.07,3.1,1102300,NaN,NaN,NaN,NaN,NaN,NaN,NaN
1524445200,3.11,3.11,3.05,3.05,216800,NaN,NaN,NaN,NaN,NaN,NaN,NaN
1524531600,3.01,3.06,3.01,3.04,316500,NaN,NaN,NaN,NaN,NaN,NaN,NaN
1524618000,3.01,3.02,2.97,2.99,833800,NaN,NaN,NaN,NaN,NaN,NaN,NaN
1524704400,3,3.06,2.97,3.06,1924400,NaN,NaN,NaN,NaN,NaN,NaN,NaN
1524790800,3.13,3.13,3.03,3.05,714000,NaN,NaN,NaN,NaN,NaN,NaN,NaN
1525050000,3.07,3.19,3.07,3.19,1486800,NaN,NaN,NaN,NaN,NaN,NaN,NaN
1525222800,3.17,3.17,3.03,3.06,1012100,NaN,NaN,NaN,NaN,NaN,NaN,NaN
1525309200,3.04,3.08,2.98,3.01,1178900,NaN,NaN,NaN,NaN,NaN,NaN,NaN
1525395600,3.04,3.04,3.01,3.02,383400,NaN,NaN,NaN,NaN,NaN,NaN,NaN
1525654800,2.99,3.02,2.95,3.01,523400,NaN,NaN,NaN,NaN,NaN,NaN,NaN
1525741200,2.96,3.13,2.96,3.11,1711100,NaN,NaN,NaN,NaN,NaN,NaN,NaN
1526259600,3.02,3.02,2.81,2.93,9602300,NaN,NaN,NaN,NaN,NaN,NaN,NaN
1526346000,2.88,3.02,2.86,3,1179600,NaN,NaN,NaN,NaN,NaN,NaN,NaN
1526432400,3.01,3.11,2.98,3.11,1050100,NaN,NaN,NaN,NaN,NaN,NaN,NaN
1526518800,2.98,3.08,2.98,3.05,966300,NaN,NaN,NaN,NaN,NaN,NaN,NaN
1526605200,3.05,3.26,3.02,3.26,2043600,NaN,NaN,NaN,NaN,NaN,NaN,NaN
1526864400,3.2,3.22,3.13,3.18,1295800,NaN,NaN,NaN,NaN,NaN,NaN,NaN
1526950800,3.18,3.25,3.14,3.21,688800,NaN,NaN,NaN,NaN,NaN,NaN,NaN
1527037200,3.19,3.23,3.16,3.18,938200,NaN,NaN,NaN,NaN,NaN,NaN,NaN
1527123600,3.17,3.18,3.05,3.09,2804400,NaN,NaN,NaN,NaN,NaN,NaN,NaN
1527210000,3.06,3.09,3.03,3.04,3641100,NaN,NaN,NaN,NaN,NaN,NaN,NaN
1527469200,3.02,3.04,3,3.02,909900,NaN,NaN,NaN,NaN,NaN,NaN,NaN
1527642000,3.02,3.02,2.87,2.99,3629700,NaN,NaN,NaN,NaN,NaN,NaN,NaN
1527728400,3.03,3.08,3.01,3.08,6760600,NaN,NaN,NaN,NaN,NaN,NaN,NaN
1527814800,3.05,3.1,3.02,3.05,1184900,NaN,NaN,NaN,NaN,NaN,NaN,NaN
1528074000,3.05,3.05,3.03,3.03,499200,NaN,NaN,NaN,NaN,NaN,NaN,NaN
1528160400,3.03,3.05,3.01,3.04,1634200,NaN,NaN,NaN,NaN,NaN,NaN,NaN
1528246800,3.05,3.09,3.03,3.07,8238500,NaN,NaN,NaN,NaN,NaN,NaN,NaN
1528333200,3.07,3.18,3.07,3.15,5253300,NaN,NaN,NaN,NaN,NaN,NaN,NaN
1528419600,3.15,3.25,3.15,3.21,3349200,NaN,NaN,NaN,NaN,NaN,NaN,NaN
1528678800,3.2,3.21,3.19,3.2,1969800,NaN,NaN,NaN,NaN,NaN,NaN,NaN
1528765200,3.2,3.2,2.88,2.95,10674900,NaN,NaN,NaN,NaN,NaN,NaN,NaN
1528851600,2.94,3.03,2.94,3,7379800,NaN,NaN,NaN,NaN,NaN,NaN,NaN
1528938000,2.99,3.01,2.99,2.99,5581900,NaN,NaN,NaN,NaN,NaN,NaN,NaN
1529283600,2.99,3.03,2.98,3,1904000,NaN,NaN,NaN,NaN,NaN,NaN,NaN
1529370000,2.99,3.02,2.98,2.99,2277300,NaN,NaN,NaN,NaN,NaN,NaN,NaN
1529456400,2.92,2.99,2.92,2.97,1274000,NaN,NaN,NaN,NaN,NaN,NaN,NaN
1529542800,2.94,2.96,2.93,2.93,783900,NaN,NaN,NaN,NaN,NaN,NaN,NaN
1529629200,2.91,2.99,2.9,2.93,1908400,NaN,NaN,NaN,NaN,NaN,NaN,NaN
1529888400,2.95,2.99,2.93,2.95,1102200,NaN,NaN,NaN,NaN,NaN,NaN,NaN
1529974800,2.96,2.96,2.94,2.95,2180100,NaN,NaN,NaN,NaN,NaN,NaN,NaN
1530061200,2.95,2.96,2.93,2.93,1219100,NaN,NaN,NaN,NaN,NaN,NaN,NaN
1530147600,2.9,2.98,2.86,2.92,827900,NaN,NaN,NaN,NaN,NaN,NaN,NaN
1530234000,2.92,3.3,2.91,3.1,5088200,3890345689,29307134000,13909699000,146743000,925970000,14055751000,5
1530493200,3,3.09,2.99,2.99,611000,NaN,NaN,NaN,NaN,NaN,NaN,NaN
1530579600,2.98,3.02,2.97,3,237000,NaN,NaN,NaN,NaN,NaN,NaN,NaN
1530666000,2.98,3.02,2.98,3,175600,NaN,NaN,NaN,NaN,NaN,NaN,NaN
1530752400,2.98,3,2.97,3,196700,NaN,NaN,NaN,NaN,NaN,NaN,NaN
1530838800,2.97,3.01,2.91,2.91,1338200,NaN,NaN,NaN,NaN,NaN,NaN,NaN
1531098000,2.93,2.97,2.92,2.92,1220600,NaN,NaN,NaN,NaN,NaN,NaN,NaN
1531184400,2.92,3.07,2.92,3.07,774300,NaN,NaN,NaN,NaN,NaN,NaN,NaN
1531270800,3,3.04,2.95,3.04,1689100,NaN,NaN,NaN,NaN,NaN,NaN,NaN
1531357200,2.96,3.03,2.96,3,3489600,NaN,NaN,NaN,NaN,NaN,NaN,NaN
1531443600,2.98,3.04,2.98,3.01,1462300,NaN,NaN,NaN,NaN,NaN,NaN,NaN
1531702800,2.98,3.01,2.98,2.99,2627800,NaN,NaN,NaN,NaN,NaN,NaN,NaN
1531789200,2.98,3.01,2.98,3,1740000,NaN,NaN,NaN,NaN,NaN,NaN,NaN
1531875600,3,3.03,2.99,3,1270500,NaN,NaN,NaN,NaN,NaN,NaN,NaN
1531962000,3,3.01,2.99,2.99,1464400,NaN,NaN,NaN,NaN,NaN,NaN,NaN
1532048400,2.97,3.02,2.97,3.01,2383600,NaN,NaN,NaN,NaN,NaN,NaN,NaN
1532307600,3.02,3.03,2.99,3,1546200,NaN,NaN,NaN,NaN,NaN,NaN,NaN
1532394000,3.02,3.09,3,3.05,2874400,NaN,NaN,NaN,NaN,NaN,NaN,NaN
1532480400,3.05,3.05,2.99,2.99,1797000,NaN,NaN,NaN,NaN,NaN,NaN,NaN
1532566800,3,3.05,3,3.03,1810300,NaN,NaN,NaN,NaN,NaN,NaN,NaN
1532653200,3.02,3.03,2.98,2.98,1891900,NaN,NaN,NaN,NaN,NaN,NaN,NaN
1532912400,2.99,3.02,2.99,3,1664800,NaN,NaN,NaN,NaN,NaN,NaN,NaN
1532998800,3.01,3.04,2.97,2.97,2305800,NaN,NaN,NaN,NaN,NaN,NaN,NaN
1533085200,2.97,2.97,2.94,2.96,3655900,NaN,NaN,NaN,NaN,NaN,NaN,NaN
1533171600,2.96,2.99,2.96,2.98,2867900,NaN,NaN,NaN,NaN,NaN,NaN,NaN
1533258000,2.96,2.98,2.95,2.97,1157900,NaN,NaN,NaN,NaN,NaN,NaN,NaN
1533517200,2.98,2.98,2.93,2.96,1024600,NaN,NaN,NaN,NaN,NaN,NaN,NaN
1533603600,2.95,2.96,2.92,2.93,2009900,NaN,NaN,NaN,NaN,NaN,NaN,NaN
1533690000,2.93,3.02,2.92,3.02,1763000,NaN,NaN,NaN,NaN,NaN,NaN,NaN
1533776400,3,3.02,2.97,2.99,408200,NaN,NaN,NaN,NaN,NaN,NaN,NaN
1533862800,2.99,3,2.98,3,639400,NaN,NaN,NaN,NaN,NaN,NaN,NaN
1534122000,2.99,2.99,2.94,2.95,1700300,NaN,NaN,NaN,NaN,NaN,NaN,NaN
1534208400,2.97,2.97,2.95,2.95,2141900,NaN,NaN,NaN,NaN,NaN,NaN,NaN
1534294800,2.95,2.96,2.94,2.95,2413000,NaN,NaN,NaN,NaN,NaN,NaN,NaN
1534381200,2.93,2.94,2.91,2.91,1403500,NaN,NaN,NaN,NaN,NaN,NaN,NaN
1534467600,2.9,2.98,2.9,2.91,2048800,NaN,NaN,NaN,NaN,NaN,NaN,NaN
1534726800,2.92,2.94,2.9,2.92,1450500,NaN,NaN,NaN,NaN,NaN,NaN,NaN
1534813200,2.95,2.95,2.93,2.94,1672200,NaN,NaN,NaN,NaN,NaN,NaN,NaN
1534986000,2.97,3,2.93,2.94,4536300,NaN,NaN,NaN,NaN,NaN,NaN,NaN
1535072400,2.95,2.95,2.78,2.8,6489000,NaN,NaN,NaN,NaN,NaN,NaN,NaN
1535331600,2.82,2.85,2.78,2.85,1352500,NaN,NaN,NaN,NaN,NaN,NaN,NaN
1535418000,2.81,2.86,2.8,2.82,1782900,NaN,NaN,NaN,NaN,NaN,NaN,NaN
1535504400,2.8,2.82,2.67,2.73,2970800,NaN,NaN,NaN,NaN,NaN,NaN,NaN
1535590800,2.7,2.73,2.63,2.63,5267100,NaN,NaN,NaN,NaN,NaN,NaN,NaN
1535936400,2.66,2.66,2.62,2.64,1113500,NaN,NaN,NaN,NaN,NaN,NaN,NaN
1536022800,2.63,2.65,2.62,2.64,410400,NaN,NaN,NaN,NaN,NaN,NaN,NaN
1536109200,2.63,2.83,2.62,2.77,2655400,NaN,NaN,NaN,NaN,NaN,NaN,NaN
1536195600,2.77,2.81,2.77,2.8,935000,NaN,NaN,NaN,NaN,NaN,NaN,NaN
1536282000,2.83,2.85,2.78,2.85,862100,NaN,NaN,NaN,NaN,NaN,NaN,NaN
1536714000,2.84,2.85,2.74,2.8,1322900,NaN,NaN,NaN,NaN,NaN,NaN,NaN
1536800400,2.76,2.82,2.7,2.73,675700,NaN,NaN,NaN,NaN,NaN,NaN,NaN
1536886800,2.73,2.75,2.69,2.73,399300,NaN,NaN,NaN,NaN,NaN,NaN,NaN
1537232400,2.69,2.72,2.65,2.66,2249700,NaN,NaN,NaN,NaN,NaN,NaN,NaN
1537318800,2.66,2.69,2.65,2.66,2262100,NaN,NaN,NaN,NaN,NaN,NaN,NaN
1537405200,2.68,2.73,2.65,2.66,988800,NaN,NaN,NaN,NaN,NaN,NaN,NaN
1537491600,2.66,2.7,2.65,2.65,2883800,NaN,NaN,NaN,NaN,NaN,NaN,NaN
1537750800,2.65,2.69,2.64,2.69,1162600,NaN,NaN,NaN,NaN,NaN,NaN,NaN
1537837200,2.7,2.82,2.7,2.78,2510600,NaN,NaN,NaN,NaN,NaN,NaN,NaN
1537923600,2.78,2.82,2.78,2.8,1820100,NaN,NaN,NaN,NaN,NaN,NaN,NaN
1538010000,2.81,2.82,2.76,2.78,583500,NaN,NaN,NaN,NaN,NaN,NaN,NaN
1538096400,2.78,2.82,2.7,2.7,1663800,3901120283,28957964000,13444244000,216367000,993002000,14158818000,5.74074074074074
1538355600,2.7,2.72,2.66,2.69,370600,NaN,NaN,NaN,NaN,NaN,NaN,NaN
1538442000,2.69,2.69,2.61,2.62,1640000,NaN,NaN,NaN,NaN,NaN,NaN,NaN
1538528400,2.62,2.63,2.52,2.55,2477300,NaN,NaN,NaN,NaN,NaN,NaN,NaN
1538614800,2.57,2.57,2.51,2.55,2438300,NaN,NaN,NaN,NaN,NaN,NaN,NaN
1538701200,2.55,2.55,2.49,2.5,1337000,NaN,NaN,NaN,NaN,NaN,NaN,NaN
1538960400,2.53,2.55,2.49,2.49,1529600,NaN,NaN,NaN,NaN,NaN,NaN,NaN
1539046800,2.47,2.47,2.4,2.42,1566300,NaN,NaN,NaN,NaN,NaN,NaN,NaN
1539133200,2.45,2.45,2.15,2.2,2748700,NaN,NaN,NaN,NaN,NaN,NaN,NaN
1539219600,2.15,2.17,2.08,2.13,5705300,NaN,NaN,NaN,NaN,NaN,NaN,NaN
1539306000,2.17,2.18,2.13,2.17,3728700,NaN,NaN,NaN,NaN,NaN,NaN,NaN
1539565200,2.17,2.2,2.05,2.08,3673900,NaN,NaN,NaN,NaN,NaN,NaN,NaN
1539651600,2.11,2.11,2.06,2.06,1929600,NaN,NaN,NaN,NaN,NaN,NaN,NaN
1539738000,2.08,2.11,2.07,2.08,3594600,NaN,NaN,NaN,NaN,NaN,NaN,NaN
1539824400,2.11,2.14,2.08,2.09,2450300,NaN,NaN,NaN,NaN,NaN,NaN,NaN
1539910800,2.1,2.18,2.09,2.16,1794000,NaN,NaN,NaN,NaN,NaN,NaN,NaN
1540170000,2.15,2.16,2.14,2.14,980000,NaN,NaN,NaN,NaN,NaN,NaN,NaN
1540256400,2.15,2.16,2.1,2.11,2848700,NaN,NaN,NaN,NaN,NaN,NaN,NaN
1540342800,2.12,2.12,2.09,2.09,1846500,NaN,NaN,NaN,NaN,NaN,NaN,NaN
1540429200,2.09,2.13,2.06,2.1,1196300,NaN,NaN,NaN,NaN,NaN,NaN,NaN
1540515600,2.11,2.11,2.06,2.08,2274900,NaN,NaN,NaN,NaN,NaN,NaN,NaN
1540774800,2.09,2.15,2.08,2.08,826600,NaN,NaN,NaN,NaN,NaN,NaN,NaN
1540861200,2.08,2.21,2.08,2.09,2711500,NaN,NaN,NaN,NaN,NaN,NaN,NaN
1540947600,2.11,2.17,2.1,2.1,3877000,NaN,NaN,NaN,NaN,NaN,NaN,NaN
1541034000,2.14,2.14,2.08,2.11,1049900,NaN,NaN,NaN,NaN,NaN,NaN,NaN
1541120400,2.11,2.14,2.09,2.11,1195600,NaN,NaN,NaN,NaN,NaN,NaN,NaN
1541379600,2.15,2.15,2.09,2.1,2112000,NaN,NaN,NaN,NaN,NaN,NaN,NaN
1541552400,2.12,2.15,2.09,2.1,2532800,NaN,NaN,NaN,NaN,NaN,NaN,NaN
1541638800,2.13,2.13,2.1,2.11,1349300,NaN,NaN,NaN,NaN,NaN,NaN,NaN
1541725200,2.11,2.12,2.09,2.1,2366100,NaN,NaN,NaN,NaN,NaN,NaN,NaN
1541984400,2.1,2.1,2.08,2.08,1292800,NaN,NaN,NaN,NaN,NaN,NaN,NaN
1542070800,2.06,2.07,2,2,4323500,NaN,NaN,NaN,NaN,NaN,NaN,NaN
1542157200,2,2.02,1.99,2.01,981100,NaN,NaN,NaN,NaN,NaN,NaN,NaN
1542243600,1.95,1.99,1.93,1.97,3664100,NaN,NaN,NaN,NaN,NaN,NaN,NaN
1542330000,1.99,2.05,1.99,2.04,1872700,NaN,NaN,NaN,NaN,NaN,NaN,NaN
1542589200,2.04,2.14,2.02,2.14,934900,NaN,NaN,NaN,NaN,NaN,NaN,NaN
1542762000,2.12,2.12,2.08,2.12,1008600,NaN,NaN,NaN,NaN,NaN,NaN,NaN
1542848400,2.12,2.12,2.09,2.11,655500,NaN,NaN,NaN,NaN,NaN,NaN,NaN
1542934800,2.1,2.13,2.1,2.13,481400,NaN,NaN,NaN,NaN,NaN,NaN,NaN
1543194000,2.1,2.16,2.09,2.13,889700,NaN,NaN,NaN,NaN,NaN,NaN,NaN
1543280400,2.15,2.15,2.12,2.15,777000,NaN,NaN,NaN,NaN,NaN,NaN,NaN
1543366800,2.16,2.16,2.13,2.15,879200,NaN,NaN,NaN,NaN,NaN,NaN,NaN
1543453200,2.16,2.16,2.03,2.08,747400,NaN,NaN,NaN,NaN,NaN,NaN,NaN
1543539600,2.08,2.15,2.06,2.15,5182300,NaN,NaN,NaN,NaN,NaN,NaN,NaN
1543798800,2.16,2.26,2.16,2.22,1112800,NaN,NaN,NaN,NaN,NaN,NaN,NaN
1543885200,2.25,2.28,2.2,2.21,2729700,NaN,NaN,NaN,NaN,NaN,NaN,NaN
1543971600,2.16,2.24,2.16,2.24,839500,NaN,NaN,NaN,NaN,NaN,NaN,NaN
1544058000,2.22,2.31,2.22,2.31,1420000,NaN,NaN,NaN,NaN,NaN,NaN,NaN
1544144400,2.3,2.38,2.3,2.38,1300000,NaN,NaN,NaN,NaN,NaN,NaN,NaN
1544403600,2.39,2.41,2.32,2.38,2191100,NaN,NaN,NaN,NaN,NaN,NaN,NaN
1544490000,2.35,2.43,2.34,2.4,1550700,NaN,NaN,NaN,NaN,NaN,NaN,NaN
1544576400,2.45,2.45,2.22,2.3,6891200,NaN,NaN,NaN,NaN,NaN,NaN,NaN
1544662800,2.32,2.33,2.25,2.32,1130500,NaN,NaN,NaN,NaN,NaN,NaN,NaN
1544749200,2.28,2.4,2.28,2.4,2056800,NaN,NaN,NaN,NaN,NaN,NaN,NaN
1545008400,2.41,2.41,2.36,2.39,1195800,NaN,NaN,NaN,NaN,NaN,NaN,NaN
1545094800,2.36,2.4,2.3,2.34,1525600,NaN,NaN,NaN,NaN,NaN,NaN,NaN
1545181200,2.35,2.39,2.33,2.36,624000,NaN,NaN,NaN,NaN,NaN,NaN,NaN
1545267600,2.35,2.36,2.31,2.34,1587900,NaN,NaN,NaN,NaN,NaN,NaN,NaN
1545354000,2.3,2.41,2.3,2.35,1756300,NaN,NaN,NaN,NaN,NaN,NaN,NaN
1545613200,2.34,2.39,2.34,2.37,648800,NaN,NaN,NaN,NaN,NaN,NaN,NaN
1545786000,2.37,2.38,2.33,2.36,843600,NaN,NaN,NaN,NaN,NaN,NaN,NaN
1545872400,2.37,2.39,2.37,2.38,538300,NaN,NaN,NaN,NaN,NaN,NaN,NaN
1545958800,2.38,2.51,2.38,2.45,2525900,NaN,NaN,NaN,NaN,NaN,NaN,NaN
1546218000,2.5,2.57,2.33,2.33,4647500,3958563000,29300826000,13825436000,115714000,1019115000,14099127000,3.66952789699571
1546390800,2.34,2.34,2.14,2.23,3531100,NaN,NaN,NaN,NaN,NaN,NaN,NaN
1546477200,2.23,2.25,2.2,2.24,2065000,NaN,NaN,NaN,NaN,NaN,NaN,NaN
1546563600,2.22,2.22,2.17,2.17,2354900,NaN,NaN,NaN,NaN,NaN,NaN,NaN
1546822800,2.17,2.19,2.15,2.19,1504700,NaN,NaN,NaN,NaN,NaN,NaN,NaN
1546909200,2.2,2.22,2.11,2.11,1773500,NaN,NaN,NaN,NaN,NaN,NaN,NaN
1546995600,2.14,2.24,2.12,2.12,4536900,NaN,NaN,NaN,NaN,NaN,NaN,NaN
1547082000,2.15,2.25,2.15,2.24,1898600,NaN,NaN,NaN,NaN,NaN,NaN,NaN
1547168400,2.24,2.34,2.22,2.34,1973200,NaN,NaN,NaN,NaN,NaN,NaN,NaN
1547427600,2.37,2.37,2.29,2.33,1249000,NaN,NaN,NaN,NaN,NaN,NaN,NaN
1547514000,2.35,2.4,2.28,2.4,4143000,NaN,NaN,NaN,NaN,NaN,NaN,NaN
1547600400,2.4,2.47,2.38,2.45,2389300,NaN,NaN,NaN,NaN,NaN,NaN,NaN
1547686800,2.48,2.52,2.44,2.49,1865200,NaN,NaN,NaN,NaN,NaN,NaN,NaN
1547773200,2.48,2.49,2.46,2.48,1722600,NaN,NaN,NaN,NaN,NaN,NaN,NaN
1548118800,2.48,2.48,2.35,2.4,1027700,NaN,NaN,NaN,NaN,NaN,NaN,NaN
1548205200,2.35,2.44,2.35,2.44,1553100,NaN,NaN,NaN,NaN,NaN,NaN,NaN
1548291600,2.44,2.55,2.44,2.51,5516200,NaN,NaN,NaN,NaN,NaN,NaN,NaN
1548378000,2.55,2.57,2.52,2.56,3753300,NaN,NaN,NaN,NaN,NaN,NaN,NaN
1548637200,2.59,2.59,2.56,2.58,1396500,NaN,NaN,NaN,NaN,NaN,NaN,NaN
1548723600,2.6,2.6,2.53,2.54,3292300,NaN,NaN,NaN,NaN,NaN,NaN,NaN
1548810000,2.55,2.57,2.55,2.56,3006000,NaN,NaN,NaN,NaN,NaN,NaN,NaN
1548896400,2.57,2.6,2.56,2.57,3927100,NaN,NaN,NaN,NaN,NaN,NaN,NaN
1549242000,2.59,2.62,2.58,2.6,1254500,NaN,NaN,NaN,NaN,NaN,NaN,NaN
1549501200,2.6,2.62,2.55,2.6,768700,NaN,NaN,NaN,NaN,NaN,NaN,NaN
1549587600,2.59,2.6,2.56,2.57,1927500,NaN,NaN,NaN,NaN,NaN,NaN,NaN
1549846800,2.5,2.56,2.5,2.54,2615100,NaN,NaN,NaN,NaN,NaN,NaN,NaN
1549933200,2.51,2.56,2.48,2.5,1787900,NaN,NaN,NaN,NaN,NaN,NaN,NaN
1550019600,2.51,2.55,2.51,2.55,749200,NaN,NaN,NaN,NaN,NaN,NaN,NaN
1550106000,2.53,2.57,2.53,2.57,1633600,NaN,NaN,NaN,NaN,NaN,NaN,NaN
1550192400,2.54,2.59,2.54,2.59,1060700,NaN,NaN,NaN,NaN,NaN,NaN,NaN
1550451600,2.59,2.59,2.55,2.58,815100,NaN,NaN,NaN,NaN,NaN,NaN,NaN
1550538000,2.58,2.6,2.52,2.52,776500,NaN,NaN,NaN,NaN,NaN,NaN,NaN
1550624400,2.56,2.57,2.52,2.55,1579700,NaN,NaN,NaN,NaN,NaN,NaN,NaN
1550710800,2.56,2.56,2.54,2.55,2805100,NaN,NaN,NaN,NaN,NaN,NaN,NaN
1550797200,2.55,2.55,2.54,2.55,922100,NaN,NaN,NaN,NaN,NaN,NaN,NaN
1551056400,2.55,2.58,2.55,2.55,812800,NaN,NaN,NaN,NaN,NaN,NaN,NaN
1551142800,2.54,2.57,2.51,2.57,3058800,NaN,NaN,NaN,NaN,NaN,NaN,NaN
1551229200,2.58,2.58,2.47,2.48,2388500,NaN,NaN,NaN,NaN,NaN,NaN,NaN
1551315600,2.47,2.5,2.23,2.29,8543200,NaN,NaN,NaN,NaN,NaN,NaN,NaN
1551402000,2.29,2.35,2.16,2.21,3252100,NaN,NaN,NaN,NaN,NaN,NaN,NaN
1551661200,2.17,2.22,2.17,2.21,474600,NaN,NaN,NaN,NaN,NaN,NaN,NaN
1551747600,2.18,2.23,2.18,2.19,923700,NaN,NaN,NaN,NaN,NaN,NaN,NaN
1551834000,2.19,2.22,2.17,2.19,1672400,NaN,NaN,NaN,NaN,NaN,NaN,NaN
1551920400,2.19,2.27,2.19,2.24,1395300,NaN,NaN,NaN,NaN,NaN,NaN,NaN
1552006800,2.28,2.3,2.23,2.25,1608200,NaN,NaN,NaN,NaN,NaN,NaN,NaN
1552266000,2.26,2.28,2.23,2.25,1315200,NaN,NaN,NaN,NaN,NaN,NaN,NaN
1552352400,2.27,2.27,2.24,2.26,441400,NaN,NaN,NaN,NaN,NaN,NaN,NaN
1552438800,2.25,2.25,2.19,2.23,568300,NaN,NaN,NaN,NaN,NaN,NaN,NaN
1552525200,2.23,2.24,2.2,2.22,1555700,NaN,NaN,NaN,NaN,NaN,NaN,NaN
1552611600,2.22,2.26,2.2,2.26,3119700,NaN,NaN,NaN,NaN,NaN,NaN,NaN
1552870800,2.26,2.28,2.21,2.25,644600,NaN,NaN,NaN,NaN,NaN,NaN,NaN
1552957200,2.27,2.27,2.25,2.25,408900,NaN,NaN,NaN,NaN,NaN,NaN,NaN
1553043600,2.25,2.28,2.24,2.28,1533000,NaN,NaN,NaN,NaN,NaN,NaN,NaN
1553130000,2.28,2.31,2.16,2.17,2598600,NaN,NaN,NaN,NaN,NaN,NaN,NaN
1553216400,2.18,2.22,2.18,2.22,1998000,NaN,NaN,NaN,NaN,NaN,NaN,NaN
1553475600,2.22,2.27,2.18,2.27,1130300,NaN,NaN,NaN,NaN,NaN,NaN,NaN
1553562000,2.27,2.27,2.21,2.23,693300,NaN,NaN,NaN,NaN,NaN,NaN,NaN
1553648400,2.23,2.25,2.2,2.22,493500,NaN,NaN,NaN,NaN,NaN,NaN,NaN
1553734800,2.24,2.25,2.22,2.24,626600,NaN,NaN,NaN,NaN,NaN,NaN,NaN
1553821200,2.19,2.28,2.16,2.27,2489500,3958563000,29476786000,13822647000,168596000,864907000,14253035000,3.76651982378855
1554080400,2.24,2.25,2.18,2.2,1804300,NaN,NaN,NaN,NaN,NaN,NaN,NaN
1554166800,2.2,2.25,2.18,2.2,796400,NaN,NaN,NaN,NaN,NaN,NaN,NaN
1554253200,2.18,2.25,2.18,2.25,346100,NaN,NaN,NaN,NaN,NaN,NaN,NaN
1554339600,2.25,2.25,2.2,2.21,926900,NaN,NaN,NaN,NaN,NaN,NaN,NaN
1554426000,2.2,2.24,2.2,2.2,186200,NaN,NaN,NaN,NaN,NaN,NaN,NaN
1554685200,2.2,2.23,2.2,2.23,1382800,NaN,NaN,NaN,NaN,NaN,NaN,NaN
1554771600,2.22,2.25,2.2,2.25,1506500,NaN,NaN,NaN,NaN,NaN,NaN,NaN
1554858000,2.24,2.25,2.24,2.25,376900,NaN,NaN,NaN,NaN,NaN,NaN,NaN
1554944400,2.25,2.27,2.2,2.2,1210600,NaN,NaN,NaN,NaN,NaN,NaN,NaN
1555030800,2.21,2.26,2.2,2.2,1261800,NaN,NaN,NaN,NaN,NaN,NaN,NaN
1555290000,2.2,2.23,2.2,2.2,329600,NaN,NaN,NaN,NaN,NaN,NaN,NaN
1555376400,2.2,2.23,2.2,2.23,2202000,NaN,NaN,NaN,NaN,NaN,NaN,NaN
1555462800,2.23,2.25,2.21,2.25,1347800,NaN,NaN,NaN,NaN,NaN,NaN,NaN
1555549200,2.25,2.25,2.22,2.25,1866900,NaN,NaN,NaN,NaN,NaN,NaN,NaN
1555635600,2.23,2.25,2.23,2.23,78600,NaN,NaN,NaN,NaN,NaN,NaN,NaN
1555894800,2.22,2.25,2.22,2.23,324300,NaN,NaN,NaN,NaN,NaN,NaN,NaN
1555981200,2.23,2.23,2.22,2.22,501900,NaN,NaN,NaN,NaN,NaN,NaN,NaN
1556067600,2.24,2.28,2.23,2.25,978100,NaN,NaN,NaN,NaN,NaN,NaN,NaN
1556154000,2.25,2.3,2.25,2.28,689000,NaN,NaN,NaN,NaN,NaN,NaN,NaN
1556240400,2.28,2.3,2.23,2.3,517100,NaN,NaN,NaN,NaN,NaN,NaN,NaN
1556499600,2.3,2.3,2.24,2.25,330500,NaN,NaN,NaN,NaN,NaN,NaN,NaN
1556586000,2.25,2.29,2.24,2.27,625800,NaN,NaN,NaN,NaN,NaN,NaN,NaN
1556758800,2.25,2.31,2.25,2.31,512900,NaN,NaN,NaN,NaN,NaN,NaN,NaN
1556845200,2.3,2.3,2.26,2.28,385500,NaN,NaN,NaN,NaN,NaN,NaN,NaN
1557104400,2.29,2.29,2.22,2.22,966200,NaN,NaN,NaN,NaN,NaN,NaN,NaN
1557190800,2.25,2.25,2.2,2.2,1312200,NaN,NaN,NaN,NaN,NaN,NaN,NaN
1557277200,2.2,2.2,2.18,2.19,3369900,NaN,NaN,NaN,NaN,NaN,NaN,NaN
1557363600,2.19,2.19,2.1,2.1,2019800,NaN,NaN,NaN,NaN,NaN,NaN,NaN
1557450000,2.12,2.15,2.08,2.08,1593900,NaN,NaN,NaN,NaN,NaN,NaN,NaN
1557709200,2.08,2.09,2,2.01,1952400,NaN,NaN,NaN,NaN,NaN,NaN,NaN
1557795600,2,2.1,1.87,2.07,3671800,NaN,NaN,NaN,NaN,NaN,NaN,NaN
1557882000,2.07,2.1,2.05,2.09,900300,NaN,NaN,NaN,NaN,NaN,NaN,NaN
1557968400,2.08,2.09,2.08,2.08,1429600,NaN,NaN,NaN,NaN,NaN,NaN,NaN
1558054800,2.12,2.12,2.05,2.06,1141100,NaN,NaN,NaN,NaN,NaN,NaN,NaN
1558400400,2.04,2.05,2,2,1695200,NaN,NaN,NaN,NaN,NaN,NaN,NaN
1558573200,2,2.02,1.98,2,2200400,NaN,NaN,NaN,NaN,NaN,NaN,NaN
1558659600,2,2.01,1.99,2.01,1170700,NaN,NaN,NaN,NaN,NaN,NaN,NaN
1558918800,2,2.04,1.96,2.03,516400,NaN,NaN,NaN,NaN,NaN,NaN,NaN
1559005200,2.02,2.1,2.02,2.1,4477700,NaN,NaN,NaN,NaN,NaN,NaN,NaN
1559091600,2.1,2.13,2.05,2.13,800200,NaN,NaN,NaN,NaN,NaN,NaN,NaN
1559178000,2.1,2.15,2.09,2.11,506800,NaN,NaN,NaN,NaN,NaN,NaN,NaN
1559264400,2.11,2.19,2.06,2.19,1315400,NaN,NaN,NaN,NaN,NaN,NaN,NaN
1559523600,2.17,2.22,2.14,2.22,1609800,NaN,NaN,NaN,NaN,NaN,NaN,NaN
1559610000,2.22,2.23,2.12,2.12,725600,NaN,NaN,NaN,NaN,NaN,NaN,NaN
1559869200,2.14,2.15,2.09,2.09,407600,NaN,NaN,NaN,NaN,NaN,NaN,NaN
1560128400,2.11,2.15,2.09,2.11,343200,NaN,NaN,NaN,NaN,NaN,NaN,NaN
1560214800,2.15,2.15,2.12,2.13,984300,NaN,NaN,NaN,NaN,NaN,NaN,NaN
1560301200,2.13,2.15,2.12,2.14,528400,NaN,NaN,NaN,NaN,NaN,NaN,NaN
1560387600,2.14,2.18,2.12,2.13,520500,NaN,NaN,NaN,NaN,NaN,NaN,NaN
1560474000,2.14,2.15,2.1,2.13,1023000,NaN,NaN,NaN,NaN,NaN,NaN,NaN
1560733200,2.11,2.12,2.08,2.08,510200,NaN,NaN,NaN,NaN,NaN,NaN,NaN
1560819600,2.09,2.13,2.08,2.13,245300,NaN,NaN,NaN,NaN,NaN,NaN,NaN
1560906000,2.1,2.15,2.1,2.14,206300,NaN,NaN,NaN,NaN,NaN,NaN,NaN
1560992400,2.14,2.2,2.13,2.2,484300,NaN,NaN,NaN,NaN,NaN,NaN,NaN
1561078800,2.15,2.25,2.14,2.25,2350800,NaN,NaN,NaN,NaN,NaN,NaN,NaN
1561338000,2.17,2.21,2.17,2.17,196400,NaN,NaN,NaN,NaN,NaN,NaN,NaN
1561424400,2.18,2.2,2.15,2.2,1749200,NaN,NaN,NaN,NaN,NaN,NaN,NaN
1561510800,2.17,2.21,2.17,2.17,392500,NaN,NaN,NaN,NaN,NaN,NaN,NaN
1561597200,2.17,2.18,2.16,2.17,2113200,NaN,NaN,NaN,NaN,NaN,NaN,NaN
1561683600,2.17,2.18,2.16,2.16,879200,4032498937,29972615000,14298608000,190808000,1335730000,14264971000,2.10648148148148
1561942800,2.16,2.18,2.16,2.17,2266000,NaN,NaN,NaN,NaN,NaN,NaN,NaN
1562029200,2.16,2.19,2.15,2.17,958200,NaN,NaN,NaN,NaN,NaN,NaN,NaN
1562115600,2.18,2.18,2.14,2.16,977100,NaN,NaN,NaN,NaN,NaN,NaN,NaN
1562202000,2.17,2.18,2.13,2.18,1786000,NaN,NaN,NaN,NaN,NaN,NaN,NaN
1562288400,2.16,2.18,2.16,2.18,806500,NaN,NaN,NaN,NaN,NaN,NaN,NaN
1562547600,2.15,2.18,2.12,2.12,563700,NaN,NaN,NaN,NaN,NaN,NaN,NaN
1562634000,2.12,2.16,2.11,2.13,2048200,NaN,NaN,NaN,NaN,NaN,NaN,NaN
1562720400,2.11,2.11,2.06,2.1,2585000,NaN,NaN,NaN,NaN,NaN,NaN,NaN
1562806800,2.08,2.1,2.06,2.08,1416600,NaN,NaN,NaN,NaN,NaN,NaN,NaN
1562893200,2.08,2.1,2.06,2.09,1811700,NaN,NaN,NaN,NaN,NaN,NaN,NaN
1563152400,2.08,2.09,2.07,2.09,874800,NaN,NaN,NaN,NaN,NaN,NaN,NaN
1563238800,2.09,2.09,2.05,2.07,1552900,NaN,NaN,NaN,NaN,NaN,NaN,NaN
1563325200,2.06,2.07,2.04,2.06,1236000,NaN,NaN,NaN,NaN,NaN,NaN,NaN
1563411600,2.05,2.06,2.05,2.05,639800,NaN,NaN,NaN,NaN,NaN,NaN,NaN
1563498000,2.07,2.1,2.04,2.08,1178900,NaN,NaN,NaN,NaN,NaN,NaN,NaN
1563757200,2.08,2.1,2.06,2.08,1266800,NaN,NaN,NaN,NaN,NaN,NaN,NaN
1563843600,2.07,2.08,2.02,2.02,2033700,NaN,NaN,NaN,NaN,NaN,NaN,NaN
1563930000,2.02,2.04,2.01,2.01,1610200,NaN,NaN,NaN,NaN,NaN,NaN,NaN
1564016400,2.01,2.05,2.01,2.05,1151500,NaN,NaN,NaN,NaN,NaN,NaN,NaN
1564102800,2.03,2.06,2.02,2.04,832400,NaN,NaN,NaN,NaN,NaN,NaN,NaN
1564362000,2.04,2.04,2.01,2.02,441400,NaN,NaN,NaN,NaN,NaN,NaN,NaN
1564534800,2.02,2.03,1.95,1.96,4732600,NaN,NaN,NaN,NaN,NaN,NaN,NaN
1564621200,1.96,1.98,1.95,1.96,1685500,NaN,NaN,NaN,NaN,NaN,NaN,NaN
1564707600,1.96,1.96,1.92,1.92,1588800,NaN,NaN,NaN,NaN,NaN,NaN,NaN
1564966800,1.93,1.93,1.88,1.88,2029100,NaN,NaN,NaN,NaN,NaN,NaN,NaN
1565053200,1.87,1.88,1.82,1.84,8303000,NaN,NaN,NaN,NaN,NaN,NaN,NaN
1565139600,1.85,1.86,1.84,1.84,2968000,NaN,NaN,NaN,NaN,NaN,NaN,NaN
1565226000,1.85,1.88,1.84,1.84,1777300,NaN,NaN,NaN,NaN,NaN,NaN,NaN
1565312400,1.85,1.87,1.84,1.84,1167900,NaN,NaN,NaN,NaN,NaN,NaN,NaN
1565658000,1.84,1.84,1.79,1.79,3447000,NaN,NaN,NaN,NaN,NaN,NaN,NaN
1565744400,1.79,1.82,1.76,1.76,3718800,NaN,NaN,NaN,NaN,NaN,NaN,NaN
1565830800,1.75,1.75,1.63,1.67,4290700,NaN,NaN,NaN,NaN,NaN,NaN,NaN
1565917200,1.64,1.68,1.61,1.66,2543500,NaN,NaN,NaN,NaN,NaN,NaN,NaN
1566176400,1.66,1.7,1.64,1.65,2528600,NaN,NaN,NaN,NaN,NaN,NaN,NaN
1566262800,1.65,1.69,1.64,1.67,2402200,NaN,NaN,NaN,NaN,NaN,NaN,NaN
1566349200,1.67,1.69,1.66,1.66,1773200,NaN,NaN,NaN,NaN,NaN,NaN,NaN
1566435600,1.65,1.68,1.65,1.67,1119400,NaN,NaN,NaN,NaN,NaN,NaN,NaN
1566522000,1.67,1.67,1.63,1.65,1748900,NaN,NaN,NaN,NaN,NaN,NaN,NaN
1566781200,1.63,1.63,1.57,1.59,2700700,NaN,NaN,NaN,NaN,NaN,NaN,NaN
1566867600,1.6,1.65,1.59,1.62,2617900,NaN,NaN,NaN,NaN,NaN,NaN,NaN
1566954000,1.61,1.61,1.53,1.53,1882400,NaN,NaN,NaN,NaN,NaN,NaN,NaN
1567040400,1.54,1.56,1.47,1.47,1760200,NaN,NaN,NaN,NaN,NaN,NaN,NaN
1567126800,1.49,1.56,1.47,1.56,2259900,NaN,NaN,NaN,NaN,NaN,NaN,NaN
1567472400,1.56,1.58,1.47,1.47,2612900,NaN,NaN,NaN,NaN,NaN,NaN,NaN
1567558800,1.49,1.5,1.47,1.47,1574000,NaN,NaN,NaN,NaN,NaN,NaN,NaN
1567645200,1.48,1.49,1.43,1.44,2398300,NaN,NaN,NaN,NaN,NaN,NaN,NaN
1567731600,1.44,1.46,1.42,1.43,1769500,NaN,NaN,NaN,NaN,NaN,NaN,NaN
1568077200,1.43,1.44,1.39,1.41,2721600,NaN,NaN,NaN,NaN,NaN,NaN,NaN
1568163600,1.41,1.43,1.39,1.4,3292000,NaN,NaN,NaN,NaN,NaN,NaN,NaN
1568250000,1.41,1.44,1.39,1.43,3619700,NaN,NaN,NaN,NaN,NaN,NaN,NaN
1568336400,1.43,1.49,1.43,1.46,3030200,NaN,NaN,NaN,NaN,NaN,NaN,NaN
1568682000,1.46,1.49,1.45,1.49,2933000,NaN,NaN,NaN,NaN,NaN,NaN,NaN
1568768400,1.49,1.5,1.45,1.47,1527900,NaN,NaN,NaN,NaN,NaN,NaN,NaN
1568854800,1.47,1.48,1.43,1.47,2757500,NaN,NaN,NaN,NaN,NaN,NaN,NaN
1568941200,1.47,1.47,1.43,1.44,3765500,NaN,NaN,NaN,NaN,NaN,NaN,NaN
1569200400,1.44,1.46,1.43,1.46,3161100,NaN,NaN,NaN,NaN,NaN,NaN,NaN
1569286800,1.45,1.47,1.44,1.44,4087500,NaN,NaN,NaN,NaN,NaN,NaN,NaN
1569373200,1.45,1.45,1.44,1.44,2947600,NaN,NaN,NaN,NaN,NaN,NaN,NaN
1569459600,1.45,1.48,1.44,1.46,2686700,NaN,NaN,NaN,NaN,NaN,NaN,NaN
1569546000,1.47,1.47,1.41,1.41,4262600,NaN,NaN,NaN,NaN,NaN,NaN,NaN
1569805200,1.41,1.41,1.36,1.36,2866300,4042481230,29798838000,14140317000,149149000,932068000,14226844000,3.34558823529412
1569891600,1.36,1.37,1.33,1.37,2772300,NaN,NaN,NaN,NaN,NaN,NaN,NaN
1569978000,1.37,1.4,1.34,1.38,667900,NaN,NaN,NaN,NaN,NaN,NaN,NaN
1570064400,1.37,1.37,1.35,1.36,951900,NaN,NaN,NaN,NaN,NaN,NaN,NaN
1570150800,1.38,1.39,1.36,1.36,1870000,NaN,NaN,NaN,NaN,NaN,NaN,NaN
1570410000,1.37,1.38,1.35,1.35,6969700,NaN,NaN,NaN,NaN,NaN,NaN,NaN
1570496400,1.35,1.39,1.34,1.36,3215000,NaN,NaN,NaN,NaN,NaN,NaN,NaN
1570582800,1.36,1.37,1.31,1.32,2783300,NaN,NaN,NaN,NaN,NaN,NaN,NaN
1570669200,1.32,1.33,1.31,1.32,2979100,NaN,NaN,NaN,NaN,NaN,NaN,NaN
1570755600,1.32,1.34,1.32,1.32,1098600,NaN,NaN,NaN,NaN,NaN,NaN,NaN
1571014800,1.35,1.38,1.32,1.33,4000800,NaN,NaN,NaN,NaN,NaN,NaN,NaN
1571101200,1.33,1.35,1.32,1.34,3695300,NaN,NaN,NaN,NaN,NaN,NaN,NaN
1571187600,1.34,1.34,1.31,1.32,6631000,NaN,NaN,NaN,NaN,NaN,NaN,NaN
1571274000,1.33,1.37,1.32,1.33,4029100,NaN,NaN,NaN,NaN,NaN,NaN,NaN
1571360400,1.33,1.34,1.25,1.25,10309400,NaN,NaN,NaN,NaN,NaN,NaN,NaN
1571619600,1.26,1.29,1.22,1.24,8620700,NaN,NaN,NaN,NaN,NaN,NaN,NaN
1571706000,1.24,1.26,1.2,1.26,11031900,NaN,NaN,NaN,NaN,NaN,NaN,NaN
1571792400,1.25,1.28,1.23,1.25,4540600,NaN,NaN,NaN,NaN,NaN,NaN,NaN
1571878800,1.25,1.26,1.22,1.26,5082100,NaN,NaN,NaN,NaN,NaN,NaN,NaN
1571965200,1.26,1.27,1.23,1.26,4536800,NaN,NaN,NaN,NaN,NaN,NaN,NaN
1572310800,1.27,1.27,1.21,1.21,5347000,NaN,NaN,NaN,NaN,NaN,NaN,NaN
1572397200,1.21,1.24,1.18,1.22,10219300,NaN,NaN,NaN,NaN,NaN,NaN,NaN
1572483600,1.22,1.22,1.18,1.21,10299500,NaN,NaN,NaN,NaN,NaN,NaN,NaN
1572570000,1.21,1.25,1.21,1.25,6356600,NaN,NaN,NaN,NaN,NaN,NaN,NaN
1572829200,1.26,1.35,1.25,1.35,12640000,NaN,NaN,NaN,NaN,NaN,NaN,NaN
1572915600,1.36,1.45,1.31,1.43,13461500,NaN,NaN,NaN,NaN,NaN,NaN,NaN
1573002000,1.43,1.45,1.37,1.41,6576900,NaN,NaN,NaN,NaN,NaN,NaN,NaN
1573088400,1.41,1.42,1.34,1.37,6876100,NaN,NaN,NaN,NaN,NaN,NaN,NaN
1573174800,1.39,1.39,1.27,1.32,30350100,NaN,NaN,NaN,NaN,NaN,NaN,NaN
1573434000,1.31,1.34,1.3,1.31,5864700,NaN,NaN,NaN,NaN,NaN,NaN,NaN
1573520400,1.33,1.36,1.3,1.35,14744400,NaN,NaN,NaN,NaN,NaN,NaN,NaN
1573606800,1.35,1.36,1.31,1.35,10133600,NaN,NaN,NaN,NaN,NaN,NaN,NaN
1573693200,1.36,1.43,1.33,1.41,17195800,NaN,NaN,NaN,NaN,NaN,NaN,NaN
1573779600,1.42,1.44,1.38,1.41,8841300,NaN,NaN,NaN,NaN,NaN,NaN,NaN
1574038800,1.41,1.41,1.38,1.41,3726000,NaN,NaN,NaN,NaN,NaN,NaN,NaN
1574125200,1.41,1.41,1.38,1.4,5530300,NaN,NaN,NaN,NaN,NaN,NaN,NaN
1574211600,1.39,1.41,1.38,1.4,4714300,NaN,NaN,NaN,NaN,NaN,NaN,NaN
1574298000,1.4,1.4,1.34,1.37,8579800,NaN,NaN,NaN,NaN,NaN,NaN,NaN
1574384400,1.37,1.37,1.28,1.28,22724500,NaN,NaN,NaN,NaN,NaN,NaN,NaN
1574643600,1.28,1.3,1.25,1.25,17879700,NaN,NaN,NaN,NaN,NaN,NaN,NaN
1574730000,1.26,1.31,1.24,1.27,137543900,NaN,NaN,NaN,NaN,NaN,NaN,NaN
1574816400,1.28,1.32,1.27,1.32,14892100,NaN,NaN,NaN,NaN,NaN,NaN,NaN
1574902800,1.32,1.33,1.29,1.3,4995300,NaN,NaN,NaN,NaN,NaN,NaN,NaN
1574989200,1.3,1.31,1.27,1.3,2861400,NaN,NaN,NaN,NaN,NaN,NaN,NaN
1575248400,1.3,1.34,1.29,1.33,5061700,NaN,NaN,NaN,NaN,NaN,NaN,NaN
1575334800,1.33,1.36,1.31,1.34,5198500,NaN,NaN,NaN,NaN,NaN,NaN,NaN
1575421200,1.33,1.34,1.31,1.32,2788800,NaN,NaN,NaN,NaN,NaN,NaN,NaN
1575507600,1.33,1.33,1.28,1.32,5785100,NaN,NaN,NaN,NaN,NaN,NaN,NaN
1575594000,1.31,1.34,1.3,1.34,2359600,NaN,NaN,NaN,NaN,NaN,NaN,NaN
1575853200,1.34,1.34,1.31,1.31,1917100,NaN,NaN,NaN,NaN,NaN,NaN,NaN
1575939600,1.31,1.34,1.31,1.33,2241700,NaN,NaN,NaN,NaN,NaN,NaN,NaN
1576026000,1.32,1.35,1.32,1.35,2261300,NaN,NaN,NaN,NaN,NaN,NaN,NaN
1576112400,1.35,1.4,1.35,1.39,8431400,NaN,NaN,NaN,NaN,NaN,NaN,NaN
1576198800,1.4,1.4,1.36,1.36,3639700,NaN,NaN,NaN,NaN,NaN,NaN,NaN
1576458000,1.37,1.38,1.35,1.37,2301100,NaN,NaN,NaN,NaN,NaN,NaN,NaN
1576544400,1.37,1.38,1.33,1.36,5034200,NaN,NaN,NaN,NaN,NaN,NaN,NaN
1576630800,1.36,1.41,1.35,1.4,5035100,NaN,NaN,NaN,NaN,NaN,NaN,NaN
1576717200,1.41,1.45,1.41,1.45,6094200,NaN,NaN,NaN,NaN,NaN,NaN,NaN
1576803600,1.46,1.51,1.46,1.49,11221800,NaN,NaN,NaN,NaN,NaN,NaN,NaN
1577062800,1.5,1.51,1.47,1.51,5328100,NaN,NaN,NaN,NaN,NaN,NaN,NaN
1577149200,1.52,1.52,1.47,1.5,2533800,NaN,NaN,NaN,NaN,NaN,NaN,NaN
1577322000,1.5,1.52,1.48,1.51,2505300,NaN,NaN,NaN,NaN,NaN,NaN,NaN
1577408400,1.51,1.59,1.5,1.56,8434100,NaN,NaN,NaN,NaN,NaN,NaN,NaN
1577667600,1.57,1.62,1.56,1.61,5714400,NaN,NaN,NaN,NaN,NaN,NaN,NaN
1577754000,1.61,1.63,1.58,1.6,7212200,4042481000,29982910000,14260873000,116342000,796169000,14289390000,0.625
1577926800,1.58,1.58,1.48,1.5,12658300,NaN,NaN,NaN,NaN,NaN,NaN,NaN
1578013200,1.51,1.53,1.48,1.5,2540900,NaN,NaN,NaN,NaN,NaN,NaN,NaN
1578272400,1.5,1.51,1.47,1.5,1442000,NaN,NaN,NaN,NaN,NaN,NaN,NaN
1578358800,1.5,1.55,1.5,1.54,2031000,NaN,NaN,NaN,NaN,NaN,NaN,NaN
1578445200,1.53,1.55,1.51,1.53,4241200,NaN,NaN,NaN,NaN,NaN,NaN,NaN
1578531600,1.53,1.57,1.53,1.56,3570000,NaN,NaN,NaN,NaN,NaN,NaN,NaN
1578618000,1.57,1.58,1.55,1.56,2427200,NaN,NaN,NaN,NaN,NaN,NaN,NaN
1578877200,1.56,1.57,1.54,1.56,2523500,NaN,NaN,NaN,NaN,NaN,NaN,NaN
1578963600,1.55,1.56,1.53,1.56,3040700,NaN,NaN,NaN,NaN,NaN,NaN,NaN
1579050000,1.55,1.56,1.53,1.54,3055800,NaN,NaN,NaN,NaN,NaN,NaN,NaN
1579136400,1.54,1.54,1.48,1.49,5619800,NaN,NaN,NaN,NaN,NaN,NaN,NaN
1579222800,1.49,1.51,1.48,1.5,3970300,NaN,NaN,NaN,NaN,NaN,NaN,NaN
1579482000,1.5,1.51,1.49,1.5,5460700,NaN,NaN,NaN,NaN,NaN,NaN,NaN
1579568400,1.51,1.51,1.44,1.46,5742600,NaN,NaN,NaN,NaN,NaN,NaN,NaN
1579654800,1.46,1.49,1.45,1.48,6517500,NaN,NaN,NaN,NaN,NaN,NaN,NaN
1579741200,1.48,1.49,1.45,1.49,2213100,NaN,NaN,NaN,NaN,NaN,NaN,NaN
1579827600,1.49,1.49,1.45,1.49,1118400,NaN,NaN,NaN,NaN,NaN,NaN,NaN
1580173200,1.47,1.47,1.4,1.42,6981400,NaN,NaN,NaN,NaN,NaN,NaN,NaN
1580259600,1.43,1.43,1.41,1.42,3373400,NaN,NaN,NaN,NaN,NaN,NaN,NaN
1580346000,1.43,1.43,1.39,1.41,5272800,NaN,NaN,NaN,NaN,NaN,NaN,NaN
1580432400,1.41,1.42,1.31,1.31,9692100,NaN,NaN,NaN,NaN,NaN,NaN,NaN
1580691600,1.3,1.3,1.2,1.21,15956600,NaN,NaN,NaN,NaN,NaN,NaN,NaN
1580778000,1.22,1.27,1.22,1.27,10019700,NaN,NaN,NaN,NaN,NaN,NaN,NaN
1580864400,1.27,1.3,1.27,1.29,3950800,NaN,NaN,NaN,NaN,NaN,NaN,NaN
1580950800,1.3,1.32,1.27,1.3,1941300,NaN,NaN,NaN,NaN,NaN,NaN,NaN
1581037200,1.3,1.31,1.27,1.31,2572500,NaN,NaN,NaN,NaN,NaN,NaN,NaN
1581296400,1.3,1.34,1.29,1.34,1844500,NaN,NaN,NaN,NaN,NaN,NaN,NaN
1581382800,1.34,1.34,1.3,1.31,1436300,NaN,NaN,NaN,NaN,NaN,NaN,NaN
1581469200,1.31,1.33,1.29,1.31,2788200,NaN,NaN,NaN,NaN,NaN,NaN,NaN
1581555600,1.31,1.35,1.31,1.33,3869500,NaN,NaN,NaN,NaN,NaN,NaN,NaN
1581642000,1.34,1.36,1.32,1.35,2228900,NaN,NaN,NaN,NaN,NaN,NaN,NaN
1581901200,1.36,1.37,1.34,1.37,1961600,NaN,NaN,NaN,NaN,NaN,NaN,NaN
1581987600,1.37,1.38,1.33,1.38,3546500,NaN,NaN,NaN,NaN,NaN,NaN,NaN
1582074000,1.38,1.38,1.34,1.35,2066300,NaN,NaN,NaN,NaN,NaN,NaN,NaN
1582160400,1.36,1.37,1.34,1.36,2611300,NaN,NaN,NaN,NaN,NaN,NaN,NaN
1582246800,1.36,1.37,1.33,1.33,4293300,NaN,NaN,NaN,NaN,NaN,NaN,NaN
1582506000,1.3,1.31,1.27,1.27,6107400,NaN,NaN,NaN,NaN,NaN,NaN,NaN
1582592400,1.26,1.32,1.25,1.28,5283700,NaN,NaN,NaN,NaN,NaN,NaN,NaN
1582678800,1.27,1.29,1.26,1.28,1670000,NaN,NaN,NaN,NaN,NaN,NaN,NaN
1582765200,1.27,1.29,1.26,1.28,1395400,NaN,NaN,NaN,NaN,NaN,NaN,NaN
1582851600,1.26,1.27,1.21,1.27,6410400,NaN,NaN,NaN,NaN,NaN,NaN,NaN
1583110800,1.26,1.26,1.2,1.2,5160700,NaN,NaN,NaN,NaN,NaN,NaN,NaN
1583197200,1.23,1.23,1.18,1.19,3573900,NaN,NaN,NaN,NaN,NaN,NaN,NaN
1583283600,1.18,1.18,1.15,1.16,2877600,NaN,NaN,NaN,NaN,NaN,NaN,NaN
1583370000,1.17,1.19,1.16,1.17,1661900,NaN,NaN,NaN,NaN,NaN,NaN,NaN
1583456400,1.16,1.17,1.13,1.14,3979500,NaN,NaN,NaN,NaN,NaN,NaN,NaN
1583715600,1.12,1.12,1.05,1.07,5371000,NaN,NaN,NaN,NaN,NaN,NaN,NaN
1583802000,1.05,1.07,1.03,1.05,5463000,NaN,NaN,NaN,NaN,NaN,NaN,NaN
1583888400,1.05,1.08,1.05,1.06,4501300,NaN,NaN,NaN,NaN,NaN,NaN,NaN
1583974800,1.02,1.03,1,1.01,1687400,NaN,NaN,NaN,NaN,NaN,NaN,NaN
1584061200,0.95,0.95,0.875,0.92,8173000,NaN,NaN,NaN,NaN,NaN,NaN,NaN
1584320400,0.9,0.9,0.8,0.815,5065200,NaN,NaN,NaN,NaN,NaN,NaN,NaN
1584406800,0.78,0.79,0.715,0.735,5648200,NaN,NaN,NaN,NaN,NaN,NaN,NaN
1584493200,0.73,0.745,0.68,0.7,6094400,NaN,NaN,NaN,NaN,NaN,NaN,NaN
1584579600,0.695,0.695,0.595,0.615,4267900,NaN,NaN,NaN,NaN,NaN,NaN,NaN
1584666000,0.615,0.64,0.61,0.62,11759200,NaN,NaN,NaN,NaN,NaN,NaN,NaN
1584925200,0.595,0.595,0.55,0.55,6763700,NaN,NaN,NaN,NaN,NaN,NaN,NaN
1585011600,0.555,0.585,0.555,0.575,6267100,NaN,NaN,NaN,NaN,NaN,NaN,NaN
1585098000,0.605,0.64,0.59,0.625,7664600,NaN,NaN,NaN,NaN,NaN,NaN,NaN
1585184400,0.645,0.75,0.625,0.735,8255200,NaN,NaN,NaN,NaN,NaN,NaN,NaN
1585270800,0.75,0.835,0.745,0.805,7561000,NaN,NaN,NaN,NaN,NaN,NaN,NaN
1585530000,0.8,0.8,0.715,0.715,6996600,NaN,NaN,NaN,NaN,NaN,NaN,NaN
1585616400,0.74,0.75,0.73,0.74,8527600,4042481000,29557764000,13889657000,133889000.00000001,702655000,14207758000,1.35135135135135
1585702800,0.74,0.765,0.69,0.705,5304300,NaN,NaN,NaN,NaN,NaN,NaN,NaN
1585789200,0.7,0.73,0.69,0.725,2731100,NaN,NaN,NaN,NaN,NaN,NaN,NaN
1585875600,0.735,0.74,0.71,0.72,2396700,NaN,NaN,NaN,NaN,NaN,NaN,NaN
1586134800,0.735,0.745,0.705,0.74,2772800,NaN,NaN,NaN,NaN,NaN,NaN,NaN
1586221200,0.75,0.775,0.75,0.765,4174700,NaN,NaN,NaN,NaN,NaN,NaN,NaN
1586307600,0.76,0.79,0.745,0.765,7367100,NaN,NaN,NaN,NaN,NaN,NaN,NaN
1586394000,0.775,0.795,0.76,0.76,6304900,NaN,NaN,NaN,NaN,NaN,NaN,NaN
1586480400,0.76,0.77,0.74,0.745,3146200,NaN,NaN,NaN,NaN,NaN,NaN,NaN
1586739600,0.75,0.75,0.72,0.72,2562200,NaN,NaN,NaN,NaN,NaN,NaN,NaN
1586826000,0.72,0.745,0.72,0.74,1785900,NaN,NaN,NaN,NaN,NaN,NaN,NaN
1586912400,0.745,0.76,0.745,0.75,11144000,NaN,NaN,NaN,NaN,NaN,NaN,NaN
1586998800,0.755,0.765,0.745,0.75,11495900,NaN,NaN,NaN,NaN,NaN,NaN,NaN
1587085200,0.765,0.77,0.75,0.755,5394200,NaN,NaN,NaN,NaN,NaN,NaN,NaN
1587344400,0.765,0.81,0.765,0.78,19362300,NaN,NaN,NaN,NaN,NaN,NaN,NaN
1587430800,0.775,0.795,0.77,0.785,7059800,NaN,NaN,NaN,NaN,NaN,NaN,NaN
1587517200,0.78,0.795,0.77,0.79,5284400,NaN,NaN,NaN,NaN,NaN,NaN,NaN
1587603600,0.795,0.845,0.795,0.82,14274000,NaN,NaN,NaN,NaN,NaN,NaN,NaN
1587690000,0.82,0.875,0.82,0.83,25997700,NaN,NaN,NaN,NaN,NaN,NaN,NaN
1587949200,0.845,0.845,0.78,0.795,18404500,NaN,NaN,NaN,NaN,NaN,NaN,NaN
1588035600,0.8,0.8,0.765,0.78,11114900,NaN,NaN,NaN,NaN,NaN,NaN,NaN
1588122000,0.79,0.795,0.775,0.78,6944900,NaN,NaN,NaN,NaN,NaN,NaN,NaN
1588208400,0.79,0.81,0.78,0.81,9526400,NaN,NaN,NaN,NaN,NaN,NaN,NaN
1588554000,0.8,0.805,0.78,0.785,5873800,NaN,NaN,NaN,NaN,NaN,NaN,NaN
1588640400,0.8,0.815,0.79,0.8,12268300,NaN,NaN,NaN,NaN,NaN,NaN,NaN
1588726800,0.805,0.84,0.8,0.81,17589300,NaN,NaN,NaN,NaN,NaN,NaN,NaN
1588899600,0.81,0.825,0.81,0.815,5275600,NaN,NaN,NaN,NaN,NaN,NaN,NaN
1589245200,0.815,0.82,0.79,0.795,7012200,NaN,NaN,NaN,NaN,NaN,NaN,NaN
1589331600,0.795,0.795,0.785,0.79,5405900,NaN,NaN,NaN,NaN,NaN,NaN,NaN
1589418000,0.79,0.79,0.765,0.775,5750000,NaN,NaN,NaN,NaN,NaN,NaN,NaN
1589504400,0.765,0.775,0.755,0.76,7861600,NaN,NaN,NaN,NaN,NaN,NaN,NaN
1589763600,0.765,0.78,0.76,0.76,11425100,NaN,NaN,NaN,NaN,NaN,NaN,NaN
1589850000,0.77,0.79,0.77,0.78,12076800,NaN,NaN,NaN,NaN,NaN,NaN,NaN
1589936400,0.785,0.795,0.77,0.785,10452200,NaN,NaN,NaN,NaN,NaN,NaN,NaN
1590022800,0.795,0.795,0.775,0.785,6751300,NaN,NaN,NaN,NaN,NaN,NaN,NaN
1590109200,0.78,0.785,0.755,0.77,5499200,NaN,NaN,NaN,NaN,NaN,NaN,NaN
1590541200,0.78,0.79,0.765,0.77,4206200,NaN,NaN,NaN,NaN,NaN,NaN,NaN
1590627600,0.77,0.785,0.77,0.785,6981900,NaN,NaN,NaN,NaN,NaN,NaN,NaN
1590714000,0.79,1.08,0.785,0.955,97485800,NaN,NaN,NaN,NaN,NaN,NaN,NaN
1590973200,0.96,1.01,0.905,0.965,23553300,NaN,NaN,NaN,NaN,NaN,NaN,NaN
1591059600,0.965,0.965,0.905,0.92,19337900,NaN,NaN,NaN,NaN,NaN,NaN,NaN
1591146000,0.925,0.985,0.91,0.955,23482500,NaN,NaN,NaN,NaN,NaN,NaN,NaN
1591232400,0.975,1.09,0.965,1.01,44103700,NaN,NaN,NaN,NaN,NaN,NaN,NaN
1591318800,1.01,1.12,0.96,0.96,59888500,NaN,NaN,NaN,NaN,NaN,NaN,NaN
1591664400,1.02,1.02,0.965,1,32595500,NaN,NaN,NaN,NaN,NaN,NaN,NaN
1591750800,1,1.03,0.97,0.98,19174900,NaN,NaN,NaN,NaN,NaN,NaN,NaN
1591837200,0.98,0.99,0.945,0.955,15116600,NaN,NaN,NaN,NaN,NaN,NaN,NaN
1591923600,0.9,0.955,0.885,0.95,20631000,NaN,NaN,NaN,NaN,NaN,NaN,NaN
1592182800,0.95,0.95,0.89,0.9,14406800,NaN,NaN,NaN,NaN,NaN,NaN,NaN
1592269200,0.915,0.925,0.9,0.91,12099200,NaN,NaN,NaN,NaN,NaN,NaN,NaN
1592355600,0.92,0.92,0.895,0.905,13334400,NaN,NaN,NaN,NaN,NaN,NaN,NaN
1592442000,0.9,0.905,0.885,0.89,13448700,NaN,NaN,NaN,NaN,NaN,NaN,NaN
1592528400,0.89,0.915,0.89,0.91,11143600,NaN,NaN,NaN,NaN,NaN,NaN,NaN
1592787600,0.915,0.915,0.89,0.895,1417900,NaN,NaN,NaN,NaN,NaN,NaN,NaN
1592874000,0.895,0.905,0.875,0.88,4363100,NaN,NaN,NaN,NaN,NaN,NaN,NaN
1592960400,0.88,0.905,0.875,0.88,12795300,NaN,NaN,NaN,NaN,NaN,NaN,NaN
1593046800,0.875,0.88,0.855,0.87,6888900,NaN,NaN,NaN,NaN,NaN,NaN,NaN
1593133200,0.86,0.875,0.86,0.875,3408100,NaN,NaN,NaN,NaN,NaN,NaN,NaN
1593392400,0.875,0.875,0.845,0.855,2175500,NaN,NaN,NaN,NaN,NaN,NaN,NaN
1593478800,0.86,0.865,0.845,0.845,4236100,4042481000,29693818000,14131439000,-133192000,331327000,14151065000,1.18343195266272
1593565200,0.845,0.855,0.83,0.84,4439600,NaN,NaN,NaN,NaN,NaN,NaN,NaN
1593651600,0.84,0.855,0.84,0.845,5184300,NaN,NaN,NaN,NaN,NaN,NaN,NaN
1593738000,0.85,0.88,0.85,0.855,8984200,NaN,NaN,NaN,NaN,NaN,NaN,NaN
1593997200,0.86,0.865,0.855,0.865,8782200,NaN,NaN,NaN,NaN,NaN,NaN,NaN
1594083600,0.87,0.875,0.855,0.865,9039800,NaN,NaN,NaN,NaN,NaN,NaN,NaN
1594170000,0.86,0.865,0.85,0.85,4272300,NaN,NaN,NaN,NaN,NaN,NaN,NaN
1594256400,0.855,0.855,0.84,0.845,6226200,NaN,NaN,NaN,NaN,NaN,NaN,NaN
1594342800,0.845,0.86,0.84,0.84,7187800,NaN,NaN,NaN,NaN,NaN,NaN,NaN
1594602000,0.84,0.845,0.815,0.815,6022700,NaN,NaN,NaN,NaN,NaN,NaN,NaN
1594688400,0.815,0.815,0.8,0.81,7275600,NaN,NaN,NaN,NaN,NaN,NaN,NaN
1594774800,0.81,0.815,0.8,0.805,4187500,NaN,NaN,NaN,NaN,NaN,NaN,NaN
1594861200,0.805,0.81,0.785,0.79,2522600,NaN,NaN,NaN,NaN,NaN,NaN,NaN
1594947600,0.79,0.795,0.78,0.79,2803300,NaN,NaN,NaN,NaN,NaN,NaN,NaN
1595206800,0.79,0.81,0.79,0.795,2397900,NaN,NaN,NaN,NaN,NaN,NaN,NaN
1595293200,0.8,0.82,0.8,0.81,2703400,NaN,NaN,NaN,NaN,NaN,NaN,NaN
1595379600,0.81,0.81,0.79,0.79,5262900,NaN,NaN,NaN,NaN,NaN,NaN,NaN
1595466000,0.795,0.805,0.785,0.785,3678400,NaN,NaN,NaN,NaN,NaN,NaN,NaN
1595552400,0.785,0.8,0.78,0.795,4378300,NaN,NaN,NaN,NaN,NaN,NaN,NaN
1595811600,0.79,0.79,0.78,0.78,2653600,NaN,NaN,NaN,NaN,NaN,NaN,NaN
1595898000,0.785,0.79,0.77,0.775,5618700,NaN,NaN,NaN,NaN,NaN,NaN,NaN
1595984400,0.775,0.775,0.76,0.765,8451300,NaN,NaN,NaN,NaN,NaN,NaN,NaN
1596070800,0.76,0.795,0.76,0.77,6425100,NaN,NaN,NaN,NaN,NaN,NaN,NaN
1596416400,0.775,0.775,0.75,0.76,4443100,NaN,NaN,NaN,NaN,NaN,NaN,NaN
1596502800,0.755,0.76,0.745,0.76,3987000,NaN,NaN,NaN,NaN,NaN,NaN,NaN
1596589200,0.76,0.79,0.75,0.78,9841900,NaN,NaN,NaN,NaN,NaN,NaN,NaN
1596675600,0.79,0.79,0.765,0.77,3708100,NaN,NaN,NaN,NaN,NaN,NaN,NaN
1596762000,0.77,0.785,0.76,0.775,3144300,NaN,NaN,NaN,NaN,NaN,NaN,NaN
1597021200,0.785,0.795,0.77,0.785,3743800,NaN,NaN,NaN,NaN,NaN,NaN,NaN
1597107600,0.785,0.81,0.785,0.795,4887200,NaN,NaN,NaN,NaN,NaN,NaN,NaN
1597194000,0.795,0.795,0.77,0.785,2978900,NaN,NaN,NaN,NaN,NaN,NaN,NaN
1597280400,0.78,0.795,0.77,0.79,2984700,NaN,NaN,NaN,NaN,NaN,NaN,NaN
1597366800,0.78,0.785,0.775,0.785,2632000,NaN,NaN,NaN,NaN,NaN,NaN,NaN
1597626000,0.785,0.79,0.775,0.78,2158500,NaN,NaN,NaN,NaN,NaN,NaN,NaN
1597712400,0.79,0.79,0.775,0.78,1959400,NaN,NaN,NaN,NaN,NaN,NaN,NaN
1597798800,0.78,0.805,0.775,0.8,4352400,NaN,NaN,NaN,NaN,NaN,NaN,NaN
1597971600,0.8,0.84,0.8,0.825,7512700,NaN,NaN,NaN,NaN,NaN,NaN,NaN
1598230800,0.83,0.835,0.815,0.82,3603200,NaN,NaN,NaN,NaN,NaN,NaN,NaN
1598317200,0.82,0.82,0.79,0.805,3062700,NaN,NaN,NaN,NaN,NaN,NaN,NaN
1598403600,0.8,0.81,0.795,0.805,1074400,NaN,NaN,NaN,NaN,NaN,NaN,NaN
1598490000,0.805,0.81,0.8,0.81,3881600,NaN,NaN,NaN,NaN,NaN,NaN,NaN
1598576400,0.81,0.81,0.795,0.795,3091900,NaN,NaN,NaN,NaN,NaN,NaN,NaN
1598922000,0.795,0.81,0.795,0.805,3965700,NaN,NaN,NaN,NaN,NaN,NaN,NaN
1599008400,0.805,0.81,0.8,0.805,1183700,NaN,NaN,NaN,NaN,NaN,NaN,NaN
1599094800,0.8,0.805,0.79,0.795,1838900,NaN,NaN,NaN,NaN,NaN,NaN,NaN
1599181200,0.79,0.795,0.79,0.795,654700,NaN,NaN,NaN,NaN,NaN,NaN,NaN
1599440400,0.795,0.8,0.79,0.795,4287500,NaN,NaN,NaN,NaN,NaN,NaN,NaN
1599526800,0.795,0.795,0.78,0.78,1274900,NaN,NaN,NaN,NaN,NaN,NaN,NaN
1599613200,0.78,0.78,0.76,0.77,3326000,NaN,NaN,NaN,NaN,NaN,NaN,NaN
1599699600,0.77,0.775,0.75,0.755,2885100,NaN,NaN,NaN,NaN,NaN,NaN,NaN
1599786000,0.75,0.755,0.745,0.75,2873700,NaN,NaN,NaN,NaN,NaN,NaN,NaN
1600045200,0.75,0.76,0.75,0.75,2338400,NaN,NaN,NaN,NaN,NaN,NaN,NaN
1600131600,0.755,0.755,0.745,0.755,3703500,NaN,NaN,NaN,NaN,NaN,NaN,NaN
1600304400,0.765,0.79,0.75,0.76,3916100,NaN,NaN,NaN,NaN,NaN,NaN,NaN
1600390800,0.77,0.775,0.76,0.765,801400,NaN,NaN,NaN,NaN,NaN,NaN,NaN
1600650000,0.76,0.77,0.755,0.76,1248000,NaN,NaN,NaN,NaN,NaN,NaN,NaN
1600736400,0.755,0.765,0.745,0.745,2906700,NaN,NaN,NaN,NaN,NaN,NaN,NaN
1600822800,0.75,0.755,0.735,0.74,1883700,NaN,NaN,NaN,NaN,NaN,NaN,NaN
1600909200,0.735,0.74,0.73,0.74,2148800,NaN,NaN,NaN,NaN,NaN,NaN,NaN
1600995600,0.73,0.755,0.73,0.74,607900,NaN,NaN,NaN,NaN,NaN,NaN,NaN
1601254800,0.74,0.76,0.74,0.75,934600,NaN,NaN,NaN,NaN,NaN,NaN,NaN
1601341200,0.755,0.765,0.75,0.755,1290200,NaN,NaN,NaN,NaN,NaN,NaN,NaN
1601427600,0.75,0.77,0.745,0.77,1141600,4056710000,29713913000,14448520000,146320000,1080472000,13848386000,1.2987012987013
1601514000,0.76,0.775,0.75,0.77,1556400,NaN,NaN,NaN,NaN,NaN,NaN,NaN
1601600400,0.765,0.77,0.76,0.76,2607700,NaN,NaN,NaN,NaN,NaN,NaN,NaN
1601859600,0.755,0.775,0.755,0.765,227500,NaN,NaN,NaN,NaN,NaN,NaN,NaN
1601946000,0.76,0.765,0.75,0.75,794900,NaN,NaN,NaN,NaN,NaN,NaN,NaN
1602032400,0.75,0.755,0.745,0.745,808500,NaN,NaN,NaN,NaN,NaN,NaN,NaN
1602118800,0.75,0.755,0.735,0.745,908800,NaN,NaN,NaN,NaN,NaN,NaN,NaN
1602205200,0.74,0.755,0.74,0.75,308100,NaN,NaN,NaN,NaN,NaN,NaN,NaN
1602464400,0.75,0.75,0.74,0.745,919600,NaN,NaN,NaN,NaN,NaN,NaN,NaN
1602550800,0.74,0.745,0.735,0.745,963000,NaN,NaN,NaN,NaN,NaN,NaN,NaN
1602637200,0.745,0.745,0.73,0.745,2001300,NaN,NaN,NaN,NaN,NaN,NaN,NaN
1602723600,0.735,0.745,0.735,0.745,333100,NaN,NaN,NaN,NaN,NaN,NaN,NaN
1602810000,0.745,0.745,0.725,0.73,3508700,NaN,NaN,NaN,NaN,NaN,NaN,NaN
1603069200,0.73,0.73,0.725,0.73,1133000,NaN,NaN,NaN,NaN,NaN,NaN,NaN
1603155600,0.73,0.735,0.72,0.725,1395000,NaN,NaN,NaN,NaN,NaN,NaN,NaN
1603242000,0.725,0.735,0.72,0.725,1691900,NaN,NaN,NaN,NaN,NaN,NaN,NaN
1603328400,0.735,0.745,0.73,0.735,1844000,NaN,NaN,NaN,NaN,NaN,NaN,NaN
1603414800,0.745,0.745,0.725,0.725,1946400,NaN,NaN,NaN,NaN,NaN,NaN,NaN
1603674000,0.725,0.725,0.71,0.72,1188100,NaN,NaN,NaN,NaN,NaN,NaN,NaN
1603760400,0.72,0.725,0.7,0.705,3799400,NaN,NaN,NaN,NaN,NaN,NaN,NaN
1603846800,0.705,0.71,0.7,0.71,964400,NaN,NaN,NaN,NaN,NaN,NaN,NaN
1604019600,0.7,0.71,0.665,0.69,2431400,NaN,NaN,NaN,NaN,NaN,NaN,NaN
1604278800,0.675,0.675,0.66,0.67,997600,NaN,NaN,NaN,NaN,NaN,NaN,NaN
1604365200,0.68,0.685,0.67,0.68,797800,NaN,NaN,NaN,NaN,NaN,NaN,NaN
1604451600,0.68,0.69,0.68,0.685,599700,NaN,NaN,NaN,NaN,NaN,NaN,NaN
1604538000,0.69,0.715,0.685,0.715,2756600,NaN,NaN,NaN,NaN,NaN,NaN,NaN
1604624400,0.715,0.725,0.705,0.715,2001200,NaN,NaN,NaN,NaN,NaN,NaN,NaN
1604883600,0.725,0.725,0.705,0.705,1363300,NaN,NaN,NaN,NaN,NaN,NaN,NaN
1604970000,0.71,0.755,0.705,0.735,4445000,NaN,NaN,NaN,NaN,NaN,NaN,NaN
1605056400,0.745,0.745,0.72,0.725,1756800,NaN,NaN,NaN,NaN,NaN,NaN,NaN
1605142800,0.725,0.735,0.72,0.725,3044800,NaN,NaN,NaN,NaN,NaN,NaN,NaN
1605229200,0.725,0.725,0.715,0.715,1167700,NaN,NaN,NaN,NaN,NaN,NaN,NaN
1605488400,0.72,0.755,0.72,0.75,8391000,NaN,NaN,NaN,NaN,NaN,NaN,NaN
1605574800,0.76,0.83,0.755,0.81,14569200,NaN,NaN,NaN,NaN,NaN,NaN,NaN
1605661200,0.815,0.815,0.8,0.81,5335100,NaN,NaN,NaN,NaN,NaN,NaN,NaN
1605747600,0.81,0.81,0.79,0.79,3422000,NaN,NaN,NaN,NaN,NaN,NaN,NaN
1605834000,0.79,0.8,0.775,0.785,8863300,NaN,NaN,NaN,NaN,NaN,NaN,NaN
1606093200,0.785,0.79,0.775,0.78,1988700,NaN,NaN,NaN,NaN,NaN,NaN,NaN
1606179600,0.78,0.785,0.76,0.765,1979300,NaN,NaN,NaN,NaN,NaN,NaN,NaN
1606266000,0.765,0.79,0.765,0.79,2494500,NaN,NaN,NaN,NaN,NaN,NaN,NaN
1606352400,0.795,0.795,0.78,0.785,862900,NaN,NaN,NaN,NaN,NaN,NaN,NaN
1606438800,0.785,0.8,0.78,0.78,2641000,NaN,NaN,NaN,NaN,NaN,NaN,NaN
1606698000,0.79,0.81,0.77,0.81,4895500,NaN,NaN,NaN,NaN,NaN,NaN,NaN
1606784400,0.805,0.82,0.795,0.815,2317600,NaN,NaN,NaN,NaN,NaN,NaN,NaN
1606870800,0.82,0.82,0.805,0.82,2826100,NaN,NaN,NaN,NaN,NaN,NaN,NaN
1606957200,0.825,0.87,0.825,0.845,10691000,NaN,NaN,NaN,NaN,NaN,NaN,NaN
1607043600,0.855,0.965,0.855,0.94,35386500,NaN,NaN,NaN,NaN,NaN,NaN,NaN
1607302800,0.95,0.955,0.9,0.915,15572000,NaN,NaN,NaN,NaN,NaN,NaN,NaN
1607389200,0.91,0.98,0.905,0.945,18149300,NaN,NaN,NaN,NaN,NaN,NaN,NaN
1607475600,0.945,0.965,0.925,0.93,11738700,NaN,NaN,NaN,NaN,NaN,NaN,NaN
1607562000,0.94,0.955,0.94,0.94,9131000,NaN,NaN,NaN,NaN,NaN,NaN,NaN
1607648400,0.945,0.98,0.94,0.94,10922800,NaN,NaN,NaN,NaN,NaN,NaN,NaN
1607907600,0.95,0.99,0.94,0.97,17317400,NaN,NaN,NaN,NaN,NaN,NaN,NaN
1607994000,0.965,1.01,0.945,1,14369600,NaN,NaN,NaN,NaN,NaN,NaN,NaN
1608080400,1.01,1.09,1,1.07,25570900,NaN,NaN,NaN,NaN,NaN,NaN,NaN
1608166800,1.08,1.09,1.03,1.07,9104300,NaN,NaN,NaN,NaN,NaN,NaN,NaN
1608253200,1.07,1.09,1.02,1.07,11788600,NaN,NaN,NaN,NaN,NaN,NaN,NaN
1608512400,1.08,1.08,1.04,1.06,6097400,NaN,NaN,NaN,NaN,NaN,NaN,NaN
1608598800,1.06,1.06,0.99,1.01,9095500,NaN,NaN,NaN,NaN,NaN,NaN,NaN
1608685200,1.01,1.04,1,1.02,5177900,NaN,NaN,NaN,NaN,NaN,NaN,NaN
1608771600,1.02,1.05,1.02,1.02,2996600,NaN,NaN,NaN,NaN,NaN,NaN,NaN
1609117200,1.04,1.06,1.01,1.04,6518000,NaN,NaN,NaN,NaN,NaN,NaN,NaN
1609203600,1.05,1.05,1.02,1.04,8250300,NaN,NaN,NaN,NaN,NaN,NaN,NaN
1609290000,1.04,1.05,1.01,1.01,3877900,NaN,NaN,NaN,NaN,NaN,NaN,NaN
1609376400,1.01,1.03,0.99,0.99,4806100,4056733000,30350784000,14951175000,152885000,1113663000,13981242000,0
1609722000,0.98,0.985,0.94,0.97,3888400,NaN,NaN,NaN,NaN,NaN,NaN,NaN
1609808400,0.965,0.965,0.95,0.955,1390500,NaN,NaN,NaN,NaN,NaN,NaN,NaN
1609894800,0.955,0.96,0.95,0.955,2630400,NaN,NaN,NaN,NaN,NaN,NaN,NaN
1609981200,0.95,0.965,0.92,0.94,3166200,NaN,NaN,NaN,NaN,NaN,NaN,NaN
1610067600,0.93,0.94,0.875,0.88,6740900,NaN,NaN,NaN,NaN,NaN,NaN,NaN
1610326800,0.87,0.88,0.845,0.88,4471200,NaN,NaN,NaN,NaN,NaN,NaN,NaN
1610413200,0.87,0.935,0.855,0.935,5379200,NaN,NaN,NaN,NaN,NaN,NaN,NaN
1610499600,0.93,0.945,0.905,0.945,1168100,NaN,NaN,NaN,NaN,NaN,NaN,NaN
1610586000,0.945,0.96,0.925,0.945,1991200,NaN,NaN,NaN,NaN,NaN,NaN,NaN
1610672400,0.95,0.95,0.93,0.935,2293000,NaN,NaN,NaN,NaN,NaN,NaN,NaN
1610931600,0.935,0.975,0.92,0.975,2532000,NaN,NaN,NaN,NaN,NaN,NaN,NaN
1611018000,0.98,0.98,0.955,0.965,1419900,NaN,NaN,NaN,NaN,NaN,NaN,NaN
1611104400,0.96,0.96,0.94,0.945,3020000,NaN,NaN,NaN,NaN,NaN,NaN,NaN
1611190800,0.945,0.97,0.935,0.96,1871700,NaN,NaN,NaN,NaN,NaN,NaN,NaN
1611277200,0.97,0.97,0.945,0.955,1764500,NaN,NaN,NaN,NaN,NaN,NaN,NaN
1611536400,0.965,0.965,0.895,0.9,2548200,NaN,NaN,NaN,NaN,NaN,NaN,NaN
1611622800,0.905,0.95,0.905,0.915,2738400,NaN,NaN,NaN,NaN,NaN,NaN,NaN
1611709200,0.915,0.935,0.9,0.935,2304600,NaN,NaN,NaN,NaN,NaN,NaN,NaN
1611882000,0.935,0.935,0.9,0.915,1464400,NaN,NaN,NaN,NaN,NaN,NaN,NaN
1612227600,0.91,0.915,0.895,0.9,1822400,NaN,NaN,NaN,NaN,NaN,NaN,NaN
1612314000,0.905,0.92,0.89,0.9,2862500,NaN,NaN,NaN,NaN,NaN,NaN,NaN
1612400400,0.9,0.915,0.89,0.895,2598200,NaN,NaN,NaN,NaN,NaN,NaN,NaN
1612486800,0.905,0.905,0.895,0.895,861700,NaN,NaN,NaN,NaN,NaN,NaN,NaN
1612746000,0.9,0.9,0.865,0.875,2408100,NaN,NaN,NaN,NaN,NaN,NaN,NaN
1612832400,0.88,0.9,0.87,0.88,2693000,NaN,NaN,NaN,NaN,NaN,NaN,NaN
1612918800,0.88,0.895,0.88,0.89,1375500,NaN,NaN,NaN,NaN,NaN,NaN,NaN
1613005200,0.895,0.91,0.89,0.905,602100,NaN,NaN,NaN,NaN,NaN,NaN,NaN
1613350800,0.9,0.93,0.9,0.91,1453100,NaN,NaN,NaN,NaN,NaN,NaN,NaN
1613437200,0.91,0.96,0.91,0.95,2819900,NaN,NaN,NaN,NaN,NaN,NaN,NaN
1613523600,0.945,0.97,0.93,0.95,2624600,NaN,NaN,NaN,NaN,NaN,NaN,NaN
1613610000,0.95,0.96,0.93,0.93,2205800,NaN,NaN,NaN,NaN,NaN,NaN,NaN
1613696400,0.925,0.93,0.915,0.915,1323700,NaN,NaN,NaN,NaN,NaN,NaN,NaN
1613955600,0.925,0.93,0.915,0.915,474700,NaN,NaN,NaN,NaN,NaN,NaN,NaN
1614042000,0.915,0.915,0.905,0.91,1043000,NaN,NaN,NaN,NaN,NaN,NaN,NaN
1614128400,0.91,0.92,0.905,0.91,1895300,NaN,NaN,NaN,NaN,NaN,NaN,NaN
1614214800,0.91,0.925,0.9,0.915,1946400,NaN,NaN,NaN,NaN,NaN,NaN,NaN
1614301200,0.91,0.92,0.89,0.915,2627900,NaN,NaN,NaN,NaN,NaN,NaN,NaN
1614560400,0.915,0.925,0.895,0.9,1388900,NaN,NaN,NaN,NaN,NaN,NaN,NaN
1614646800,0.905,0.915,0.905,0.91,2000400,NaN,NaN,NaN,NaN,NaN,NaN,NaN
1614733200,0.91,0.91,0.9,0.905,811800,NaN,NaN,NaN,NaN,NaN,NaN,NaN
1614819600,0.905,0.915,0.905,0.91,1644000,NaN,NaN,NaN,NaN,NaN,NaN,NaN
1614906000,0.915,0.92,0.905,0.915,5154000,NaN,NaN,NaN,NaN,NaN,NaN,NaN
1615165200,0.92,0.955,0.915,0.915,6670400,NaN,NaN,NaN,NaN,NaN,NaN,NaN
1615251600,0.925,1,0.925,1,15859500,NaN,NaN,NaN,NaN,NaN,NaN,NaN
1615338000,1.01,1.07,0.99,1.06,13019000,NaN,NaN,NaN,NaN,NaN,NaN,NaN
1615424400,1.06,1.1,1.05,1.09,10758800,NaN,NaN,NaN,NaN,NaN,NaN,NaN
1615510800,1.09,1.18,1.09,1.17,17260700,NaN,NaN,NaN,NaN,NaN,NaN,NaN
1615770000,1.18,1.2,1.06,1.09,9213000,NaN,NaN,NaN,NaN,NaN,NaN,NaN
1615856400,1.09,1.13,1.05,1.07,4327500,NaN,NaN,NaN,NaN,NaN,NaN,NaN
1615942800,1.06,1.14,1.06,1.14,6011500,NaN,NaN,NaN,NaN,NaN,NaN,NaN
1616029200,1.14,1.15,1.07,1.08,4774600,NaN,NaN,NaN,NaN,NaN,NaN,NaN
1616115600,1.08,1.13,1.06,1.09,5165200,NaN,NaN,NaN,NaN,NaN,NaN,NaN
1616374800,1.1,1.12,1.08,1.1,5981300,NaN,NaN,NaN,NaN,NaN,NaN,NaN
1616461200,1.11,1.12,1.08,1.1,8683000,NaN,NaN,NaN,NaN,NaN,NaN,NaN
1616547600,1.08,1.09,1.02,1.03,5236500,NaN,NaN,NaN,NaN,NaN,NaN,NaN
1616634000,1.03,1.1,1.02,1.08,5340500,NaN,NaN,NaN,NaN,NaN,NaN,NaN
1616720400,1.09,1.09,1.07,1.07,2414700,NaN,NaN,NaN,NaN,NaN,NaN,NaN
1616979600,1.08,1.09,1.06,1.08,3640200,NaN,NaN,NaN,NaN,NaN,NaN,NaN
1617066000,1.08,1.09,1.06,1.09,3873200,NaN,NaN,NaN,NaN,NaN,NaN,NaN
1617152400,1.09,1.1,1.03,1.05,6312900,4056733000,30569377000,15125154000,185969000,1052820999.9999999,14008215000,0
1617238800,1.04,1.1,1.03,1.1,7070400,NaN,NaN,NaN,NaN,NaN,NaN,NaN
1617325200,1.1,1.11,1.09,1.1,2333800,NaN,NaN,NaN,NaN,NaN,NaN,NaN
1617584400,1.09,1.16,1.08,1.15,11069000,NaN,NaN,NaN,NaN,NaN,NaN,NaN
1617670800,1.15,1.23,1.15,1.2,21160700,NaN,NaN,NaN,NaN,NaN,NaN,NaN
1617757200,1.19,1.2,1.15,1.2,3769400,NaN,NaN,NaN,NaN,NaN,NaN,NaN
1617843600,1.19,1.2,1.17,1.2,7668100,NaN,NaN,NaN,NaN,NaN,NaN,NaN
1617930000,1.19,1.2,1.16,1.18,3289900,NaN,NaN,NaN,NaN,NaN,NaN,NaN
1618189200,1.18,1.18,1.15,1.15,2723400,NaN,NaN,NaN,NaN,NaN,NaN,NaN
1618275600,1.15,1.16,1.1,1.15,5079400,NaN,NaN,NaN,NaN,NaN,NaN,NaN
1618362000,1.15,1.15,1.1,1.1,5155300,NaN,NaN,NaN,NaN,NaN,NaN,NaN
1618448400,1.1,1.12,1.05,1.08,4687400,NaN,NaN,NaN,NaN,NaN,NaN,NaN
1618534800,1.07,1.07,1.05,1.06,1598200,NaN,NaN,NaN,NaN,NaN,NaN,NaN
1618794000,1.06,1.06,1.03,1.03,3545100,NaN,NaN,NaN,NaN,NaN,NaN,NaN
1618880400,1.03,1.06,1.03,1.06,2468100,NaN,NaN,NaN,NaN,NaN,NaN,NaN
1618966800,1.06,1.06,1.04,1.05,2208300,NaN,NaN,NaN,NaN,NaN,NaN,NaN
1619053200,1.06,1.07,1.04,1.04,1952500,NaN,NaN,NaN,NaN,NaN,NaN,NaN
1619139600,1.04,1.05,1.03,1.05,1610700,NaN,NaN,NaN,NaN,NaN,NaN,NaN
1619398800,1.04,1.06,1.03,1.06,1488600,NaN,NaN,NaN,NaN,NaN,NaN,NaN
1619485200,1.06,1.06,1.03,1.05,2777100,NaN,NaN,NaN,NaN,NaN,NaN,NaN
1619571600,1.04,1.05,1.03,1.04,2658300,NaN,NaN,NaN,NaN,NaN,NaN,NaN
1619744400,1.03,1.05,1.03,1.03,2894500,NaN,NaN,NaN,NaN,NaN,NaN,NaN
1620003600,1.03,1.04,1.01,1.02,1717100,NaN,NaN,NaN,NaN,NaN,NaN,NaN
1620090000,1.01,1.02,1.01,1.02,2293700,NaN,NaN,NaN,NaN,NaN,NaN,NaN
1620176400,1.03,1.04,1.02,1.04,1771400,NaN,NaN,NaN,NaN,NaN,NaN,NaN
1620262800,1.04,1.04,1.02,1.03,3506200,NaN,NaN,NaN,NaN,NaN,NaN,NaN
1620349200,1.03,1.07,1.03,1.06,1602400,NaN,NaN,NaN,NaN,NaN,NaN,NaN
1620608400,1.05,1.08,1.04,1.07,3019900,NaN,NaN,NaN,NaN,NaN,NaN,NaN
1620694800,1.06,1.07,1.04,1.07,4425900,NaN,NaN,NaN,NaN,NaN,NaN,NaN
1620781200,1.07,1.07,1.05,1.05,657900,NaN,NaN,NaN,NaN,NaN,NaN,NaN
1621213200,1.05,1.06,1.04,1.05,4795800,NaN,NaN,NaN,NaN,NaN,NaN,NaN
1621299600,1.06,1.06,1.04,1.06,2215400,NaN,NaN,NaN,NaN,NaN,NaN,NaN
1621386000,1.06,1.06,1.02,1.02,4060000,NaN,NaN,NaN,NaN,NaN,NaN,NaN
1621472400,1.02,1.04,1.01,1.01,1510100,NaN,NaN,NaN,NaN,NaN,NaN,NaN
1621558800,1,1,0.955,0.975,5022900,NaN,NaN,NaN,NaN,NaN,NaN,NaN
1621818000,0.98,1.01,0.98,1.01,1377600,NaN,NaN,NaN,NaN,NaN,NaN,NaN
1621904400,1,1.04,1,1.02,1400000,NaN,NaN,NaN,NaN,NaN,NaN,NaN
1622077200,1.04,1.05,1.02,1.03,2796000,NaN,NaN,NaN,NaN,NaN,NaN,NaN
1622163600,1.03,1.05,1.03,1.04,406100,NaN,NaN,NaN,NaN,NaN,NaN,NaN
1622422800,1.01,1.04,1,1.04,1393200,NaN,NaN,NaN,NaN,NaN,NaN,NaN
1622509200,1.04,1.04,1.02,1.03,529500,NaN,NaN,NaN,NaN,NaN,NaN,NaN
1622595600,1.04,1.05,1.04,1.05,1119600,NaN,NaN,NaN,NaN,NaN,NaN,NaN
1622682000,1.05,1.08,1.05,1.06,2039400,NaN,NaN,NaN,NaN,NaN,NaN,NaN
1622768400,1.06,1.07,1.04,1.06,714200,NaN,NaN,NaN,NaN,NaN,NaN,NaN
1623114000,1.06,1.13,1.06,1.1,10721100,NaN,NaN,NaN,NaN,NaN,NaN,NaN
1623200400,1.12,1.13,1.07,1.08,2565800,NaN,NaN,NaN,NaN,NaN,NaN,NaN
1623286800,1.07,1.1,1.07,1.08,1747400,NaN,NaN,NaN,NaN,NaN,NaN,NaN
1623373200,1.08,1.09,1.06,1.08,2786900,NaN,NaN,NaN,NaN,NaN,NaN,NaN
1623632400,1.07,1.11,1.07,1.1,6894200,NaN,NaN,NaN,NaN,NaN,NaN,NaN
1623718800,1.11,1.12,1.08,1.1,5748900,NaN,NaN,NaN,NaN,NaN,NaN,NaN
1623805200,1.1,1.11,1.09,1.11,4992300,NaN,NaN,NaN,NaN,NaN,NaN,NaN
1623891600,1.1,1.11,1.08,1.09,5812100,NaN,NaN,NaN,NaN,NaN,NaN,NaN
1623978000,1.09,1.13,1.07,1.13,8981500,NaN,NaN,NaN,NaN,NaN,NaN,NaN
1624237200,1.1,1.12,1.09,1.1,3277300,NaN,NaN,NaN,NaN,NaN,NaN,NaN
1624323600,1.1,1.11,1.09,1.1,2962200,NaN,NaN,NaN,NaN,NaN,NaN,NaN
1624410000,1.1,1.1,1.08,1.08,947700,NaN,NaN,NaN,NaN,NaN,NaN,NaN
1624496400,1.08,1.09,1.05,1.07,2619700,NaN,NaN,NaN,NaN,NaN,NaN,NaN
1624582800,1.07,1.11,1.07,1.09,4360800,NaN,NaN,NaN,NaN,NaN,NaN,NaN
1624842000,1.08,1.09,1.06,1.06,3632100,NaN,NaN,NaN,NaN,NaN,NaN,NaN
1624928400,1.06,1.1,1.05,1.09,4346400,NaN,NaN,NaN,NaN,NaN,NaN,NaN
1625014800,1.1,1.11,1.06,1.06,3424500,4056733000,31677064000,16125251000,163792000,1082771000,14086339000,0
1625101200,1.06,1.11,1.06,1.09,2973700,NaN,NaN,NaN,NaN,NaN,NaN,NaN
1625187600,1.1,1.11,1.09,1.09,2138000,NaN,NaN,NaN,NaN,NaN,NaN,NaN
1625446800,1.1,1.12,1.09,1.11,2151700,NaN,NaN,NaN,NaN,NaN,NaN,NaN
1625533200,1.11,1.13,1.11,1.12,2243300,NaN,NaN,NaN,NaN,NaN,NaN,NaN
1625619600,1.12,1.12,1.09,1.1,2472300,NaN,NaN,NaN,NaN,NaN,NaN,NaN
1625706000,1.1,1.11,1.07,1.08,3961900,NaN,NaN,NaN,NaN,NaN,NaN,NaN
1625792400,1.08,1.09,1.06,1.07,480500,NaN,NaN,NaN,NaN,NaN,NaN,NaN
1626051600,1.07,1.07,1.05,1.06,1906900,NaN,NaN,NaN,NaN,NaN,NaN,NaN
1626138000,1.06,1.08,1.06,1.07,1862300,NaN,NaN,NaN,NaN,NaN,NaN,NaN
1626224400,1.07,1.08,1.05,1.05,3372800,NaN,NaN,NaN,NaN,NaN,NaN,NaN
1626310800,1.05,1.06,1.05,1.06,2635500,NaN,NaN,NaN,NaN,NaN,NaN,NaN
1626397200,1.05,1.08,1.04,1.06,3414000,NaN,NaN,NaN,NaN,NaN,NaN,NaN
1626656400,1.06,1.1,1.06,1.08,2120900,NaN,NaN,NaN,NaN,NaN,NaN,NaN
1626829200,1.09,1.12,1.08,1.1,7254100,NaN,NaN,NaN,NaN,NaN,NaN,NaN
1626915600,1.1,1.11,1.09,1.1,2286500,NaN,NaN,NaN,NaN,NaN,NaN,NaN
1627002000,1.1,1.11,1.1,1.1,2973200,NaN,NaN,NaN,NaN,NaN,NaN,NaN
1627261200,1.1,1.1,1.07,1.07,1714800,NaN,NaN,NaN,NaN,NaN,NaN,NaN
1627347600,1.08,1.09,1.05,1.06,3412600,NaN,NaN,NaN,NaN,NaN,NaN,NaN
1627434000,1.06,1.07,1.05,1.07,1053900,NaN,NaN,NaN,NaN,NaN,NaN,NaN
1627520400,1.06,1.06,1.04,1.05,1625100,NaN,NaN,NaN,NaN,NaN,NaN,NaN
1627606800,1.05,1.07,1.02,1.03,1844200,NaN,NaN,NaN,NaN,NaN,NaN,NaN
1627866000,1.02,1.06,1.02,1.06,2191600,NaN,NaN,NaN,NaN,NaN,NaN,NaN
1627952400,1.05,1.06,1.04,1.05,1507600,NaN,NaN,NaN,NaN,NaN,NaN,NaN
1628038800,1.05,1.06,1.01,1.04,2458100,NaN,NaN,NaN,NaN,NaN,NaN,NaN
1628125200,1.06,1.06,1.04,1.04,971100,NaN,NaN,NaN,NaN,NaN,NaN,NaN
1628211600,1.04,1.07,1.03,1.05,1585400,NaN,NaN,NaN,NaN,NaN,NaN,NaN
1628470800,1.06,1.07,1.05,1.07,1208300,NaN,NaN,NaN,NaN,NaN,NaN,NaN
1628643600,1.07,1.08,1.06,1.08,2137700,NaN,NaN,NaN,NaN,NaN,NaN,NaN
1628730000,1.08,1.09,1.06,1.09,1992800,NaN,NaN,NaN,NaN,NaN,NaN,NaN
1628816400,1.09,1.09,1.07,1.08,1052400,NaN,NaN,NaN,NaN,NaN,NaN,NaN
1629075600,1.07,1.09,1.06,1.08,652500,NaN,NaN,NaN,NaN,NaN,NaN,NaN
1629162000,1.08,1.1,1.08,1.09,2127800,NaN,NaN,NaN,NaN,NaN,NaN,NaN
1629248400,1.08,1.11,1.08,1.09,5689700,NaN,NaN,NaN,NaN,NaN,NaN,NaN
1629334800,1.1,1.1,1.06,1.07,3729300,NaN,NaN,NaN,NaN,NaN,NaN,NaN
1629421200,1.08,1.09,1.07,1.09,1228500,NaN,NaN,NaN,NaN,NaN,NaN,NaN
1629680400,1.09,1.12,1.09,1.11,6199000,NaN,NaN,NaN,NaN,NaN,NaN,NaN
1629766800,1.11,1.17,1.1,1.16,9410100,NaN,NaN,NaN,NaN,NaN,NaN,NaN
1629853200,1.19,1.19,1.16,1.18,9516400,NaN,NaN,NaN,NaN,NaN,NaN,NaN
1629939600,1.18,1.19,1.16,1.19,6742000,NaN,NaN,NaN,NaN,NaN,NaN,NaN
1630026000,1.18,1.18,1.14,1.15,5261200,NaN,NaN,NaN,NaN,NaN,NaN,NaN
1630285200,1.14,1.17,1.14,1.16,5933900,NaN,NaN,NaN,NaN,NaN,NaN,NaN
1630458000,1.16,1.18,1.15,1.17,4340300,NaN,NaN,NaN,NaN,NaN,NaN,NaN
1630544400,1.17,1.18,1.16,1.18,4362000,NaN,NaN,NaN,NaN,NaN,NaN,NaN
1630630800,1.19,1.19,1.17,1.18,4414300,NaN,NaN,NaN,NaN,NaN,NaN,NaN
1630890000,1.19,1.2,1.18,1.18,3939500,NaN,NaN,NaN,NaN,NaN,NaN,NaN
1630976400,1.19,1.27,1.19,1.24,15285900,NaN,NaN,NaN,NaN,NaN,NaN,NaN
1631062800,1.24,1.26,1.2,1.22,7421400,NaN,NaN,NaN,NaN,NaN,NaN,NaN
1631149200,1.22,1.24,1.19,1.22,4516000,NaN,NaN,NaN,NaN,NaN,NaN,NaN
1631235600,1.21,1.22,1.19,1.21,4320800,NaN,NaN,NaN,NaN,NaN,NaN,NaN
1631494800,1.21,1.22,1.19,1.21,1758400,NaN,NaN,NaN,NaN,NaN,NaN,NaN
1631581200,1.2,1.24,1.19,1.19,5105200,NaN,NaN,NaN,NaN,NaN,NaN,NaN
1631667600,1.19,1.22,1.18,1.22,2556100,NaN,NaN,NaN,NaN,NaN,NaN,NaN
1631840400,1.22,1.22,1.19,1.22,4709500,NaN,NaN,NaN,NaN,NaN,NaN,NaN
1632099600,1.22,1.22,1.18,1.18,1612700,NaN,NaN,NaN,NaN,NaN,NaN,NaN
1632186000,1.16,1.18,1.12,1.18,3410000,NaN,NaN,NaN,NaN,NaN,NaN,NaN
1632272400,1.17,1.2,1.17,1.2,1140400,NaN,NaN,NaN,NaN,NaN,NaN,NaN
1632358800,1.2,1.2,1.18,1.2,1545700,NaN,NaN,NaN,NaN,NaN,NaN,NaN
1632445200,1.2,1.2,1.18,1.2,1282200,NaN,NaN,NaN,NaN,NaN,NaN,NaN
1632704400,1.19,1.2,1.18,1.18,1189200,NaN,NaN,NaN,NaN,NaN,NaN,NaN
1632790800,1.17,1.18,1.15,1.15,5101900,NaN,NaN,NaN,NaN,NaN,NaN,NaN
1632877200,1.14,1.19,1.13,1.18,1258100,NaN,NaN,NaN,NaN,NaN,NaN,NaN
1632963600,1.19,1.24,1.17,1.23,4344400,4056733000,31126629000,15715969000,67571000,594552000,13956263000,0
1633050000,1.23,1.27,1.21,1.23,4431300,NaN,NaN,NaN,NaN,NaN,NaN,NaN
1633309200,1.22,1.26,1.21,1.23,2978600,NaN,NaN,NaN,NaN,NaN,NaN,NaN
1633395600,1.23,1.25,1.22,1.24,830900,NaN,NaN,NaN,NaN,NaN,NaN,NaN
1633482000,1.24,1.28,1.24,1.28,4559100,NaN,NaN,NaN,NaN,NaN,NaN,NaN
1633568400,1.28,1.29,1.24,1.24,3450800,NaN,NaN,NaN,NaN,NaN,NaN,NaN
1633654800,1.25,1.26,1.22,1.24,923800,NaN,NaN,NaN,NaN,NaN,NaN,NaN
1633914000,1.23,1.29,1.21,1.28,3855100,NaN,NaN,NaN,NaN,NaN,NaN,NaN
1634000400,1.28,1.3,1.24,1.25,3075400,NaN,NaN,NaN,NaN,NaN,NaN,NaN
1634086800,1.25,1.3,1.24,1.29,4937100,NaN,NaN,NaN,NaN,NaN,NaN,NaN
1634173200,1.29,1.39,1.29,1.37,16862500,NaN,NaN,NaN,NaN,NaN,NaN,NaN
1634259600,1.36,1.5,1.36,1.48,14102700,NaN,NaN,NaN,NaN,NaN,NaN,NaN
1634518800,1.48,1.5,1.46,1.47,4835200,NaN,NaN,NaN,NaN,NaN,NaN,NaN
1634691600,1.47,1.49,1.44,1.46,4301600,NaN,NaN,NaN,NaN,NaN,NaN,NaN
1634778000,1.48,1.48,1.42,1.42,5780000,NaN,NaN,NaN,NaN,NaN,NaN,NaN
1634864400,1.45,1.46,1.43,1.45,4525600,NaN,NaN,NaN,NaN,NaN,NaN,NaN
1635123600,1.45,1.48,1.45,1.47,4926400,NaN,NaN,NaN,NaN,NaN,NaN,NaN
1635210000,1.47,1.48,1.45,1.46,3610600,NaN,NaN,NaN,NaN,NaN,NaN,NaN
1635296400,1.46,1.5,1.45,1.5,5468000,NaN,NaN,NaN,NaN,NaN,NaN,NaN
1635382800,1.49,1.72,1.48,1.56,36554500,NaN,NaN,NaN,NaN,NaN,NaN,NaN
1635469200,1.57,1.6,1.49,1.56,20020000,NaN,NaN,NaN,NaN,NaN,NaN,NaN
1635728400,1.52,1.52,1.37,1.38,18316500,NaN,NaN,NaN,NaN,NaN,NaN,NaN
1635814800,1.39,1.42,1.35,1.36,16540100,NaN,NaN,NaN,NaN,NaN,NaN,NaN
1635901200,1.36,1.4,1.34,1.39,8743500,NaN,NaN,NaN,NaN,NaN,NaN,NaN
1636074000,1.39,1.48,1.39,1.46,7755700,NaN,NaN,NaN,NaN,NaN,NaN,NaN
1636333200,1.47,1.47,1.43,1.44,5246000,NaN,NaN,NaN,NaN,NaN,NaN,NaN
1636419600,1.43,1.45,1.42,1.45,3596600,NaN,NaN,NaN,NaN,NaN,NaN,NaN
1636506000,1.45,1.45,1.42,1.43,2631500,NaN,NaN,NaN,NaN,NaN,NaN,NaN
1636592400,1.44,1.45,1.41,1.42,3002400,NaN,NaN,NaN,NaN,NaN,NaN,NaN
1636678800,1.41,1.42,1.39,1.42,2427300,NaN,NaN,NaN,NaN,NaN,NaN,NaN
1636938000,1.42,1.42,1.38,1.4,2169300,NaN,NaN,NaN,NaN,NaN,NaN,NaN
1637024400,1.38,1.42,1.36,1.39,4015300,NaN,NaN,NaN,NaN,NaN,NaN,NaN
1637110800,1.41,1.41,1.37,1.39,2526700,NaN,NaN,NaN,NaN,NaN,NaN,NaN
1637197200,1.39,1.4,1.38,1.38,2700400,NaN,NaN,NaN,NaN,NaN,NaN,NaN
1637283600,1.38,1.4,1.38,1.39,2729800,NaN,NaN,NaN,NaN,NaN,NaN,NaN
1637542800,1.4,1.41,1.38,1.39,2123900,NaN,NaN,NaN,NaN,NaN,NaN,NaN
1637629200,1.38,1.39,1.34,1.38,1796900,NaN,NaN,NaN,NaN,NaN,NaN,NaN
1637715600,1.36,1.38,1.34,1.35,2165700,NaN,NaN,NaN,NaN,NaN,NaN,NaN
1637802000,1.35,1.38,1.34,1.38,2522200,NaN,NaN,NaN,NaN,NaN,NaN,NaN
1637888400,1.36,1.4,1.26,1.3,5149200,NaN,NaN,NaN,NaN,NaN,NaN,NaN
1638147600,1.25,1.29,1.22,1.29,3511900,NaN,NaN,NaN,NaN,NaN,NaN,NaN
1638234000,1.28,1.29,1.24,1.28,3032200,NaN,NaN,NaN,NaN,NaN,NaN,NaN
1638320400,1.25,1.26,1.23,1.23,2176900,NaN,NaN,NaN,NaN,NaN,NaN,NaN
1638406800,1.22,1.24,1.2,1.21,1316700,NaN,NaN,NaN,NaN,NaN,NaN,NaN
1638752400,1.21,1.24,1.17,1.17,1446600,NaN,NaN,NaN,NaN,NaN,NaN,NaN
1638838800,1.17,1.26,1.17,1.25,2971300,NaN,NaN,NaN,NaN,NaN,NaN,NaN
1638925200,1.25,1.26,1.23,1.23,535000,NaN,NaN,NaN,NaN,NaN,NaN,NaN
1639011600,1.23,1.24,1.19,1.21,1452800,NaN,NaN,NaN,NaN,NaN,NaN,NaN
1639098000,1.2,1.23,1.19,1.22,2657300,NaN,NaN,NaN,NaN,NaN,NaN,NaN
1639357200,1.22,1.24,1.21,1.23,1196600,NaN,NaN,NaN,NaN,NaN,NaN,NaN
1639443600,1.24,1.24,1.2,1.23,2176900,NaN,NaN,NaN,NaN,NaN,NaN,NaN
1639530000,1.23,1.24,1.21,1.23,1260300,NaN,NaN,NaN,NaN,NaN,NaN,NaN
1639616400,1.22,1.23,1.21,1.21,1339100,NaN,NaN,NaN,NaN,NaN,NaN,NaN
1639702800,1.22,1.23,1.21,1.23,354400,NaN,NaN,NaN,NaN,NaN,NaN,NaN
1639962000,1.22,1.22,1.2,1.2,911400,NaN,NaN,NaN,NaN,NaN,NaN,NaN
1640048400,1.2,1.23,1.19,1.23,646200,NaN,NaN,NaN,NaN,NaN,NaN,NaN
1640134800,1.22,1.24,1.21,1.23,190100,NaN,NaN,NaN,NaN,NaN,NaN,NaN
1640221200,1.24,1.26,1.2,1.21,2570200,NaN,NaN,NaN,NaN,NaN,NaN,NaN
1640307600,1.21,1.24,1.21,1.23,617300,NaN,NaN,NaN,NaN,NaN,NaN,NaN
1640566800,1.23,1.25,1.23,1.25,330300,NaN,NaN,NaN,NaN,NaN,NaN,NaN
1640653200,1.26,1.28,1.25,1.27,1001300,NaN,NaN,NaN,NaN,NaN,NaN,NaN
1640739600,1.28,1.29,1.27,1.28,575400,NaN,NaN,NaN,NaN,NaN,NaN,NaN
1640826000,1.27,1.34,1.26,1.28,8027600,NaN,NaN,NaN,NaN,NaN,NaN,NaN
1640912400,1.28,1.29,1.26,1.29,3454100,4067978000,31184380000,15552641000,168626000,1032604000,14175533000,0.503875968992248
1641171600,1.29,1.29,1.24,1.24,5562300,NaN,NaN,NaN,NaN,NaN,NaN,NaN
1641258000,1.24,1.25,1.24,1.24,5692600,NaN,NaN,NaN,NaN,NaN,NaN,NaN
1641344400,1.24,1.28,1.24,1.27,3834400,NaN,NaN,NaN,NaN,NaN,NaN,NaN
1641430800,1.27,1.29,1.25,1.27,3056800,NaN,NaN,NaN,NaN,NaN,NaN,NaN
1641517200,1.27,1.3,1.25,1.25,3797000,NaN,NaN,NaN,NaN,NaN,NaN,NaN
1641776400,1.25,1.29,1.25,1.28,4963800,NaN,NaN,NaN,NaN,NaN,NaN,NaN
1641862800,1.28,1.29,1.24,1.29,3833900,NaN,NaN,NaN,NaN,NaN,NaN,NaN
1641949200,1.29,1.29,1.25,1.26,2819000,NaN,NaN,NaN,NaN,NaN,NaN,NaN
1642035600,1.26,1.29,1.26,1.28,4245700,NaN,NaN,NaN,NaN,NaN,NaN,NaN
1642122000,1.27,1.28,1.25,1.25,2864600,NaN,NaN,NaN,NaN,NaN,NaN,NaN
1642381200,1.24,1.26,1.24,1.25,3881600,NaN,NaN,NaN,NaN,NaN,NaN,NaN
1642554000,1.25,1.25,1.24,1.25,1882300,NaN,NaN,NaN,NaN,NaN,NaN,NaN
1642640400,1.25,1.26,1.24,1.25,4227800,NaN,NaN,NaN,NaN,NaN,NaN,NaN
1642726800,1.25,1.25,1.21,1.22,3456600,NaN,NaN,NaN,NaN,NaN,NaN,NaN
1642986000,1.22,1.25,1.22,1.24,2259300,NaN,NaN,NaN,NaN,NaN,NaN,NaN
1643072400,1.24,1.24,1.23,1.23,1197900,NaN,NaN,NaN,NaN,NaN,NaN,NaN
1643158800,1.23,1.25,1.23,1.23,258000,NaN,NaN,NaN,NaN,NaN,NaN,NaN
1643245200,1.23,1.24,1.23,1.23,1779600,NaN,NaN,NaN,NaN,NaN,NaN,NaN
1643331600,1.23,1.25,1.22,1.24,221200,NaN,NaN,NaN,NaN,NaN,NaN,NaN
1643590800,1.25,1.25,1.21,1.23,706900,NaN,NaN,NaN,NaN,NaN,NaN,NaN
1643850000,1.25,1.25,1.23,1.24,815100,NaN,NaN,NaN,NaN,NaN,NaN,NaN
1643936400,1.24,1.24,1.22,1.23,143100,NaN,NaN,NaN,NaN,NaN,NaN,NaN
1644195600,1.23,1.26,1.22,1.26,951100,NaN,NaN,NaN,NaN,NaN,NaN,NaN
1644282000,1.26,1.26,1.24,1.25,1275600,NaN,NaN,NaN,NaN,NaN,NaN,NaN
1644368400,1.26,1.29,1.22,1.24,2134700,NaN,NaN,NaN,NaN,NaN,NaN,NaN
1644454800,1.24,1.26,1.23,1.24,874700,NaN,NaN,NaN,NaN,NaN,NaN,NaN
1644541200,1.24,1.25,1.22,1.23,2053500,NaN,NaN,NaN,NaN,NaN,NaN,NaN
1644800400,1.23,1.27,1.22,1.26,3050900,NaN,NaN,NaN,NaN,NaN,NaN,NaN
1644886800,1.26,1.28,1.26,1.28,1565500,NaN,NaN,NaN,NaN,NaN,NaN,NaN
1644973200,1.28,1.29,1.26,1.27,2992300,NaN,NaN,NaN,NaN,NaN,NaN,NaN
1645059600,1.27,1.28,1.26,1.27,2714600,NaN,NaN,NaN,NaN,NaN,NaN,NaN
1645146000,1.27,1.33,1.27,1.32,10421900,NaN,NaN,NaN,NaN,NaN,NaN,NaN
1645405200,1.33,1.42,1.33,1.41,20757800,NaN,NaN,NaN,NaN,NaN,NaN,NaN
1645491600,1.4,1.4,1.32,1.32,11429100,NaN,NaN,NaN,NaN,NaN,NaN,NaN
1645578000,1.32,1.34,1.3,1.33,4922700,NaN,NaN,NaN,NaN,NaN,NaN,NaN
1645664400,1.33,1.35,1.25,1.29,8165400,NaN,NaN,NaN,NaN,NaN,NaN,NaN
1645750800,1.29,1.34,1.27,1.31,3561500,NaN,NaN,NaN,NaN,NaN,NaN,NaN
1646010000,1.31,1.34,1.27,1.28,1945300,NaN,NaN,NaN,NaN,NaN,NaN,NaN
1646096400,1.3,1.37,1.29,1.35,6407600,NaN,NaN,NaN,NaN,NaN,NaN,NaN
1646182800,1.36,1.37,1.3,1.3,5746900,NaN,NaN,NaN,NaN,NaN,NaN,NaN
1646269200,1.31,1.33,1.3,1.33,3029200,NaN,NaN,NaN,NaN,NaN,NaN,NaN
1646355600,1.33,1.38,1.3,1.31,8734600,NaN,NaN,NaN,NaN,NaN,NaN,NaN
1646614800,1.31,1.32,1.17,1.2,10305900,NaN,NaN,NaN,NaN,NaN,NaN,NaN
1646701200,1.2,1.2,1.12,1.14,5760200,NaN,NaN,NaN,NaN,NaN,NaN,NaN
1646787600,1.16,1.22,1.14,1.21,3391500,NaN,NaN,NaN,NaN,NaN,NaN,NaN
1646874000,1.21,1.25,1.19,1.22,2839800,NaN,NaN,NaN,NaN,NaN,NaN,NaN
1646960400,1.21,1.21,1.19,1.19,2274900,NaN,NaN,NaN,NaN,NaN,NaN,NaN
1647219600,1.19,1.19,1.15,1.16,2230800,NaN,NaN,NaN,NaN,NaN,NaN,NaN
1647306000,1.19,1.19,1.16,1.18,1613100,NaN,NaN,NaN,NaN,NaN,NaN,NaN
1647392400,1.17,1.21,1.17,1.18,1275200,NaN,NaN,NaN,NaN,NaN,NaN,NaN
1647478800,1.19,1.23,1.19,1.22,1432500,NaN,NaN,NaN,NaN,NaN,NaN,NaN
1647565200,1.2,1.24,1.2,1.24,1008400,NaN,NaN,NaN,NaN,NaN,NaN,NaN
1647824400,1.24,1.24,1.2,1.21,690800,NaN,NaN,NaN,NaN,NaN,NaN,NaN
1647910800,1.22,1.23,1.21,1.23,623400,NaN,NaN,NaN,NaN,NaN,NaN,NaN
1647997200,1.23,1.25,1.21,1.22,1225700,NaN,NaN,NaN,NaN,NaN,NaN,NaN
1648083600,1.2,1.23,1.2,1.23,523300,NaN,NaN,NaN,NaN,NaN,NaN,NaN
1648170000,1.21,1.23,1.21,1.23,586000,NaN,NaN,NaN,NaN,NaN,NaN,NaN
1648429200,1.23,1.24,1.22,1.23,300100,NaN,NaN,NaN,NaN,NaN,NaN,NaN
1648515600,1.22,1.24,1.2,1.24,1261500,NaN,NaN,NaN,NaN,NaN,NaN,NaN
1648602000,1.23,1.24,1.23,1.23,261500,NaN,NaN,NaN,NaN,NaN,NaN,NaN
1648688400,1.23,1.27,1.21,1.26,2625600,4067978000,30800005000,15202168000,130015999.99999999,867097000,14143004000,0.515873015873016
1648774800,1.25,1.25,1.23,1.23,614000,NaN,NaN,NaN,NaN,NaN,NaN,NaN
1649034000,1.23,1.26,1.23,1.24,669400,NaN,NaN,NaN,NaN,NaN,NaN,NaN
1649120400,1.25,1.26,1.23,1.25,1288400,NaN,NaN,NaN,NaN,NaN,NaN,NaN
1649206800,1.25,1.3,1.25,1.26,3308200,NaN,NaN,NaN,NaN,NaN,NaN,NaN
1649293200,1.26,1.29,1.26,1.29,2158700,NaN,NaN,NaN,NaN,NaN,NaN,NaN
1649379600,1.29,1.29,1.28,1.29,1194800,NaN,NaN,NaN,NaN,NaN,NaN,NaN
1649638800,1.29,1.29,1.26,1.28,1020400,NaN,NaN,NaN,NaN,NaN,NaN,NaN
1649725200,1.26,1.27,1.24,1.27,2266400,NaN,NaN,NaN,NaN,NaN,NaN,NaN
1649811600,1.27,1.27,1.25,1.25,1679800,NaN,NaN,NaN,NaN,NaN,NaN,NaN
1649898000,1.25,1.26,1.24,1.25,2000700,NaN,NaN,NaN,NaN,NaN,NaN,NaN
1649984400,1.25,1.26,1.23,1.25,1347700,NaN,NaN,NaN,NaN,NaN,NaN,NaN
1650243600,1.24,1.25,1.22,1.23,2339800,NaN,NaN,NaN,NaN,NaN,NaN,NaN
1650416400,1.24,1.24,1.21,1.22,2972100,NaN,NaN,NaN,NaN,NaN,NaN,NaN
1650502800,1.22,1.26,1.22,1.24,2655000,NaN,NaN,NaN,NaN,NaN,NaN,NaN
1650589200,1.24,1.26,1.23,1.25,1911200,NaN,NaN,NaN,NaN,NaN,NaN,NaN
1650848400,1.23,1.27,1.22,1.25,2087600,NaN,NaN,NaN,NaN,NaN,NaN,NaN
1650934800,1.25,1.26,1.23,1.24,1403700,NaN,NaN,NaN,NaN,NaN,NaN,NaN
1651021200,1.23,1.24,1.22,1.22,2485600,NaN,NaN,NaN,NaN,NaN,NaN,NaN
1651107600,1.21,1.21,1.17,1.19,7529900,NaN,NaN,NaN,NaN,NaN,NaN,NaN
1651194000,1.18,1.2,1.16,1.17,3520500,NaN,NaN,NaN,NaN,NaN,NaN,NaN
1651712400,1.17,1.18,1.16,1.16,719900,NaN,NaN,NaN,NaN,NaN,NaN,NaN
1651798800,1.14,1.15,1.13,1.14,1262400,NaN,NaN,NaN,NaN,NaN,NaN,NaN
1652058000,1.13,1.14,1.12,1.13,963000,NaN,NaN,NaN,NaN,NaN,NaN,NaN
1652144400,1.11,1.12,1.1,1.1,1210200,NaN,NaN,NaN,NaN,NaN,NaN,NaN
1652230800,1.1,1.11,1.08,1.08,2055200,NaN,NaN,NaN,NaN,NaN,NaN,NaN
1652317200,1.06,1.06,1.02,1.03,3613500,NaN,NaN,NaN,NaN,NaN,NaN,NaN
1652403600,1.02,1.03,0.99,0.995,2005000,NaN,NaN,NaN,NaN,NaN,NaN,NaN
1652749200,1,1,0.975,0.975,3888200,NaN,NaN,NaN,NaN,NaN,NaN,NaN
1652835600,0.975,1,0.97,1,1499800,NaN,NaN,NaN,NaN,NaN,NaN,NaN
1652922000,0.985,1.03,0.98,1.02,1345700,NaN,NaN,NaN,NaN,NaN,NaN,NaN
1653008400,1.02,1.04,1.01,1.02,594700,NaN,NaN,NaN,NaN,NaN,NaN,NaN
1653267600,1.03,1.03,1,1.02,1003600,NaN,NaN,NaN,NaN,NaN,NaN,NaN
1653354000,1,1,0.935,0.935,8106900,NaN,NaN,NaN,NaN,NaN,NaN,NaN
1653440400,0.93,0.935,0.855,0.855,5455400,NaN,NaN,NaN,NaN,NaN,NaN,NaN
1653526800,0.855,0.865,0.78,0.79,8715000,NaN,NaN,NaN,NaN,NaN,NaN,NaN
1653613200,0.795,0.81,0.775,0.785,5238900,NaN,NaN,NaN,NaN,NaN,NaN,NaN
1653872400,0.8,0.82,0.795,0.8,5213200,NaN,NaN,NaN,NaN,NaN,NaN,NaN
1653958800,0.805,0.87,0.8,0.845,6238100,NaN,NaN,NaN,NaN,NaN,NaN,NaN
1654045200,0.855,0.855,0.82,0.83,8027800,NaN,NaN,NaN,NaN,NaN,NaN,NaN
1654131600,0.825,0.83,0.805,0.815,8169800,NaN,NaN,NaN,NaN,NaN,NaN,NaN
1654218000,0.81,0.825,0.81,0.82,3950300,NaN,NaN,NaN,NaN,NaN,NaN,NaN
1654563600,0.82,0.825,0.79,0.79,4059100,NaN,NaN,NaN,NaN,NaN,NaN,NaN
1654650000,0.795,0.795,0.77,0.775,3538900,NaN,NaN,NaN,NaN,NaN,NaN,NaN
1654736400,0.775,0.785,0.76,0.77,2964300,NaN,NaN,NaN,NaN,NaN,NaN,NaN
1654822800,0.77,0.77,0.75,0.76,2657500,NaN,NaN,NaN,NaN,NaN,NaN,NaN
1655082000,0.76,0.76,0.72,0.73,5307600,NaN,NaN,NaN,NaN,NaN,NaN,NaN
1655168400,0.72,0.73,0.705,0.71,8163800,NaN,NaN,NaN,NaN,NaN,NaN,NaN
1655254800,0.715,0.715,0.695,0.695,5310000,NaN,NaN,NaN,NaN,NaN,NaN,NaN
1655341200,0.7,0.71,0.68,0.7,3755600,NaN,NaN,NaN,NaN,NaN,NaN,NaN
1655427600,0.695,0.705,0.67,0.705,3724000,NaN,NaN,NaN,NaN,NaN,NaN,NaN
1655686800,0.7,0.7,0.66,0.66,3631800,NaN,NaN,NaN,NaN,NaN,NaN,NaN
1655773200,0.66,0.695,0.66,0.695,5749000,NaN,NaN,NaN,NaN,NaN,NaN,NaN
1655859600,0.695,0.71,0.685,0.695,2980900,NaN,NaN,NaN,NaN,NaN,NaN,NaN
1655946000,0.69,0.695,0.675,0.68,2906800,NaN,NaN,NaN,NaN,NaN,NaN,NaN
1656032400,0.685,0.695,0.68,0.69,1811700,NaN,NaN,NaN,NaN,NaN,NaN,NaN
1656291600,0.685,0.72,0.685,0.71,2773800,NaN,NaN,NaN,NaN,NaN,NaN,NaN
1656378000,0.71,0.71,0.685,0.7,2168900,NaN,NaN,NaN,NaN,NaN,NaN,NaN
1656464400,0.695,0.705,0.69,0.695,1703900,NaN,NaN,NaN,NaN,NaN,NaN,NaN
1656550800,0.69,0.7,0.68,0.68,3299900,4068111450,31060682000,15464358000,164992000,1018446000,14139224000,0.955882352941176
1656637200,0.685,0.685,0.66,0.665,4203900,NaN,NaN,NaN,NaN,NaN,NaN,NaN
1656896400,0.665,0.665,0.645,0.655,3970600,NaN,NaN,NaN,NaN,NaN,NaN,NaN
1656982800,0.655,0.66,0.65,0.65,2012700,NaN,NaN,NaN,NaN,NaN,NaN,NaN
1657069200,0.66,0.66,0.63,0.65,3977400,NaN,NaN,NaN,NaN,NaN,NaN,NaN
1657155600,0.65,0.69,0.635,0.675,4330000,NaN,NaN,NaN,NaN,NaN,NaN,NaN
1657242000,0.675,0.69,0.67,0.685,2549900,NaN,NaN,NaN,NaN,NaN,NaN,NaN
1657587600,0.685,0.69,0.68,0.69,2355500,NaN,NaN,NaN,NaN,NaN,NaN,NaN
1657674000,0.685,0.695,0.675,0.68,2996000,NaN,NaN,NaN,NaN,NaN,NaN,NaN
1657760400,0.675,0.685,0.66,0.665,4186500,NaN,NaN,NaN,NaN,NaN,NaN,NaN
1657846800,0.675,0.69,0.66,0.68,3103800,NaN,NaN,NaN,NaN,NaN,NaN,NaN
1658106000,0.675,0.69,0.67,0.69,2446700,NaN,NaN,NaN,NaN,NaN,NaN,NaN
1658192400,0.69,0.705,0.68,0.69,4005800,NaN,NaN,NaN,NaN,NaN,NaN,NaN
1658278800,0.695,0.705,0.685,0.69,3992300,NaN,NaN,NaN,NaN,NaN,NaN,NaN
1658365200,0.69,0.73,0.69,0.73,3200900,NaN,NaN,NaN,NaN,NaN,NaN,NaN
1658451600,0.74,0.75,0.725,0.74,3798400,NaN,NaN,NaN,NaN,NaN,NaN,NaN
1658710800,0.74,0.745,0.72,0.72,3166200,NaN,NaN,NaN,NaN,NaN,NaN,NaN
1658797200,0.725,0.74,0.72,0.735,1810600,NaN,NaN,NaN,NaN,NaN,NaN,NaN
1658883600,0.74,0.76,0.725,0.74,8021100,NaN,NaN,NaN,NaN,NaN,NaN,NaN
1658970000,0.745,0.755,0.74,0.75,3857900,NaN,NaN,NaN,NaN,NaN,NaN,NaN
1659056400,0.745,0.79,0.745,0.755,4947000,NaN,NaN,NaN,NaN,NaN,NaN,NaN
1659315600,0.755,0.77,0.745,0.75,3494000,NaN,NaN,NaN,NaN,NaN,NaN,NaN
1659402000,0.755,0.765,0.745,0.755,3018300,NaN,NaN,NaN,NaN,NaN,NaN,NaN
1659488400,0.745,0.775,0.745,0.77,863800,NaN,NaN,NaN,NaN,NaN,NaN,NaN
1659574800,0.77,0.78,0.76,0.77,1634800,NaN,NaN,NaN,NaN,NaN,NaN,NaN
1659661200,0.77,0.79,0.765,0.78,3199300,NaN,NaN,NaN,NaN,NaN,NaN,NaN
1659920400,0.785,0.795,0.78,0.795,1442000,NaN,NaN,NaN,NaN,NaN,NaN,NaN
1660006800,0.795,0.82,0.795,0.81,3308500,NaN,NaN,NaN,NaN,NaN,NaN,NaN
1660093200,0.815,0.825,0.775,0.79,3467300,NaN,NaN,NaN,NaN,NaN,NaN,NaN
1660179600,0.79,0.795,0.765,0.785,2392000,NaN,NaN,NaN,NaN,NaN,NaN,NaN
1660266000,0.78,0.785,0.775,0.785,783100,NaN,NaN,NaN,NaN,NaN,NaN,NaN
1660525200,0.785,0.79,0.755,0.755,1504000,NaN,NaN,NaN,NaN,NaN,NaN,NaN
1660611600,0.75,0.77,0.75,0.77,1486400,NaN,NaN,NaN,NaN,NaN,NaN,NaN
1660698000,0.775,0.775,0.74,0.74,2275600,NaN,NaN,NaN,NaN,NaN,NaN,NaN
1660784400,0.73,0.75,0.725,0.74,1547500,NaN,NaN,NaN,NaN,NaN,NaN,NaN
1660870800,0.75,0.755,0.725,0.73,2034100,NaN,NaN,NaN,NaN,NaN,NaN,NaN
1661130000,0.735,0.74,0.725,0.74,1066700,NaN,NaN,NaN,NaN,NaN,NaN,NaN
1661216400,0.73,0.74,0.725,0.73,957900,NaN,NaN,NaN,NaN,NaN,NaN,NaN
1661302800,0.73,0.735,0.72,0.725,970400,NaN,NaN,NaN,NaN,NaN,NaN,NaN
1661389200,0.72,0.78,0.72,0.76,1831600,NaN,NaN,NaN,NaN,NaN,NaN,NaN
1661475600,0.775,0.775,0.75,0.775,1744900,NaN,NaN,NaN,NaN,NaN,NaN,NaN
1661734800,0.76,0.77,0.755,0.755,1162300,NaN,NaN,NaN,NaN,NaN,NaN,NaN
1661821200,0.755,0.76,0.75,0.75,1093000,NaN,NaN,NaN,NaN,NaN,NaN,NaN
1661994000,0.75,0.755,0.73,0.735,1232900,NaN,NaN,NaN,NaN,NaN,NaN,NaN
1662080400,0.74,0.745,0.725,0.73,1122600,NaN,NaN,NaN,NaN,NaN,NaN,NaN
1662339600,0.725,0.735,0.715,0.715,1535400,NaN,NaN,NaN,NaN,NaN,NaN,NaN
1662426000,0.71,0.72,0.7,0.705,2597600,NaN,NaN,NaN,NaN,NaN,NaN,NaN
1662512400,0.7,0.71,0.7,0.7,891300,NaN,NaN,NaN,NaN,NaN,NaN,NaN
1662598800,0.705,0.715,0.705,0.71,712300,NaN,NaN,NaN,NaN,NaN,NaN,NaN
1662685200,0.71,0.725,0.71,0.72,1822100,NaN,NaN,NaN,NaN,NaN,NaN,NaN
1662944400,0.72,0.72,0.7,0.705,1126100,NaN,NaN,NaN,NaN,NaN,NaN,NaN
1663030800,0.705,0.71,0.7,0.7,3180800,NaN,NaN,NaN,NaN,NaN,NaN,NaN
1663117200,0.695,0.7,0.68,0.68,4093300,NaN,NaN,NaN,NaN,NaN,NaN,NaN
1663203600,0.69,0.7,0.68,0.7,3883700,NaN,NaN,NaN,NaN,NaN,NaN,NaN
1663549200,0.69,0.7,0.68,0.68,1935300,NaN,NaN,NaN,NaN,NaN,NaN,NaN
1663635600,0.685,0.69,0.665,0.67,2028900,NaN,NaN,NaN,NaN,NaN,NaN,NaN
1663722000,0.665,0.68,0.66,0.665,1985900,NaN,NaN,NaN,NaN,NaN,NaN,NaN
1663808400,0.66,0.67,0.655,0.665,1303000,NaN,NaN,NaN,NaN,NaN,NaN,NaN
1663894800,0.665,0.675,0.65,0.655,1732200,NaN,NaN,NaN,NaN,NaN,NaN,NaN
1664154000,0.655,0.655,0.62,0.625,3965100,NaN,NaN,NaN,NaN,NaN,NaN,NaN
1664240400,0.625,0.63,0.58,0.585,7142000,NaN,NaN,NaN,NaN,NaN,NaN,NaN
1664326800,0.585,0.59,0.57,0.57,2408300,NaN,NaN,NaN,NaN,NaN,NaN,NaN
1664413200,0.58,0.59,0.575,0.58,1528200,NaN,NaN,NaN,NaN,NaN,NaN,NaN
1664499600,0.58,0.595,0.575,0.575,2501100,4068111450,30835509000,15336356000,129632000,860940000,14099879000,1.1304347826087
1664758800,0.575,0.59,0.575,0.585,1454900,NaN,NaN,NaN,NaN,NaN,NaN,NaN
1664845200,0.59,0.62,0.58,0.58,6509600,NaN,NaN,NaN,NaN,NaN,NaN,NaN
1664931600,0.585,0.595,0.565,0.565,7363500,NaN,NaN,NaN,NaN,NaN,NaN,NaN
1665018000,0.57,0.58,0.565,0.57,2667900,NaN,NaN,NaN,NaN,NaN,NaN,NaN
1665104400,0.57,0.58,0.56,0.565,4106300,NaN,NaN,NaN,NaN,NaN,NaN,NaN
1665450000,0.565,0.565,0.545,0.55,2750300,NaN,NaN,NaN,NaN,NaN,NaN,NaN
1665536400,0.55,0.55,0.525,0.535,2812600,NaN,NaN,NaN,NaN,NaN,NaN,NaN
1665622800,0.535,0.535,0.51,0.515,2917500,NaN,NaN,NaN,NaN,NaN,NaN,NaN
1665709200,0.525,0.53,0.51,0.52,3395400,NaN,NaN,NaN,NaN,NaN,NaN,NaN
1665968400,0.52,0.52,0.51,0.51,2258500,NaN,NaN,NaN,NaN,NaN,NaN,NaN
1666054800,0.515,0.525,0.51,0.52,5880400,NaN,NaN,NaN,NaN,NaN,NaN,NaN
1666141200,0.52,0.55,0.475,0.49,31438800,NaN,NaN,NaN,NaN,NaN,NaN,NaN
1666227600,0.49,0.5,0.465,0.475,20278500,NaN,NaN,NaN,NaN,NaN,NaN,NaN
1666314000,0.475,0.475,0.41,0.415,30235100,NaN,NaN,NaN,NaN,NaN,NaN,NaN
1666659600,0.43,0.445,0.415,0.43,13640500,NaN,NaN,NaN,NaN,NaN,NaN,NaN
1666746000,0.435,0.45,0.425,0.44,15191900,NaN,NaN,NaN,NaN,NaN,NaN,NaN
1666832400,0.445,0.505,0.445,0.505,32026100,NaN,NaN,NaN,NaN,NaN,NaN,NaN
1666918800,0.51,0.515,0.485,0.49,14055700,NaN,NaN,NaN,NaN,NaN,NaN,NaN
1667178000,0.495,0.51,0.47,0.48,12045100,NaN,NaN,NaN,NaN,NaN,NaN,NaN
1667264400,0.48,0.49,0.475,0.48,3774700,NaN,NaN,NaN,NaN,NaN,NaN,NaN
1667350800,0.485,0.57,0.48,0.505,24301100,NaN,NaN,NaN,NaN,NaN,NaN,NaN
1667437200,0.505,0.535,0.48,0.485,14616000,NaN,NaN,NaN,NaN,NaN,NaN,NaN
1667523600,0.49,0.495,0.475,0.48,4121900,NaN,NaN,NaN,NaN,NaN,NaN,NaN
1667782800,0.49,0.535,0.48,0.535,19952100,NaN,NaN,NaN,NaN,NaN,NaN,NaN
1667869200,0.53,0.54,0.51,0.515,5826700,NaN,NaN,NaN,NaN,NaN,NaN,NaN
1667955600,0.515,0.545,0.515,0.525,6026600,NaN,NaN,NaN,NaN,NaN,NaN,NaN
1668042000,0.525,0.535,0.515,0.52,2472200,NaN,NaN,NaN,NaN,NaN,NaN,NaN
1668128400,0.53,0.565,0.53,0.555,9664300,NaN,NaN,NaN,NaN,NaN,NaN,NaN
1668387600,0.56,0.57,0.55,0.565,4839500,NaN,NaN,NaN,NaN,NaN,NaN,NaN
1668474000,0.565,0.565,0.54,0.545,3622600,NaN,NaN,NaN,NaN,NaN,NaN,NaN
1668560400,0.55,0.55,0.515,0.525,4297800,NaN,NaN,NaN,NaN,NaN,NaN,NaN
1668646800,0.525,0.535,0.52,0.53,1222300,NaN,NaN,NaN,NaN,NaN,NaN,NaN
1668992400,0.53,0.55,0.515,0.55,2734200,NaN,NaN,NaN,NaN,NaN,NaN,NaN
1669078800,0.55,0.555,0.535,0.55,1490100,NaN,NaN,NaN,NaN,NaN,NaN,NaN
1669165200,0.55,0.57,0.54,0.565,1946900,NaN,NaN,NaN,NaN,NaN,NaN,NaN
1669251600,0.58,0.65,0.57,0.64,10903000,NaN,NaN,NaN,NaN,NaN,NaN,NaN
1669338000,0.64,0.645,0.61,0.63,8602900,NaN,NaN,NaN,NaN,NaN,NaN,NaN
1669683600,0.625,0.685,0.625,0.665,7664100,NaN,NaN,NaN,NaN,NaN,NaN,NaN
1669770000,0.665,0.705,0.665,0.695,10586000,NaN,NaN,NaN,NaN,NaN,NaN,NaN
1669856400,0.695,0.715,0.685,0.7,8097400,NaN,NaN,NaN,NaN,NaN,NaN,NaN
1669942800,0.7,0.715,0.69,0.705,4373000,NaN,NaN,NaN,NaN,NaN,NaN,NaN
1670202000,0.71,0.75,0.69,0.71,8274500,NaN,NaN,NaN,NaN,NaN,NaN,NaN
1670288400,0.71,0.75,0.695,0.7,8573900,NaN,NaN,NaN,NaN,NaN,NaN,NaN
1670374800,0.7,0.71,0.675,0.675,2178400,NaN,NaN,NaN,NaN,NaN,NaN,NaN
1670461200,0.675,0.68,0.65,0.66,2815700,NaN,NaN,NaN,NaN,NaN,NaN,NaN
1670547600,0.66,0.7,0.66,0.69,2159400,NaN,NaN,NaN,NaN,NaN,NaN,NaN
1670806800,0.695,0.7,0.66,0.665,1918300,NaN,NaN,NaN,NaN,NaN,NaN,NaN
1670893200,0.675,0.685,0.665,0.68,1661300,NaN,NaN,NaN,NaN,NaN,NaN,NaN
1670979600,0.685,0.685,0.665,0.665,606300,NaN,NaN,NaN,NaN,NaN,NaN,NaN
1671066000,0.675,0.675,0.645,0.655,2744200,NaN,NaN,NaN,NaN,NaN,NaN,NaN
1671152400,0.65,0.66,0.645,0.655,5557300,NaN,NaN,NaN,NaN,NaN,NaN,NaN
1671411600,0.655,0.66,0.63,0.63,1104400,NaN,NaN,NaN,NaN,NaN,NaN,NaN
1671498000,0.63,0.645,0.63,0.645,1301800,NaN,NaN,NaN,NaN,NaN,NaN,NaN
1671584400,0.645,0.655,0.625,0.625,1392200,NaN,NaN,NaN,NaN,NaN,NaN,NaN
1671670800,0.635,0.64,0.62,0.63,1462800,NaN,NaN,NaN,NaN,NaN,NaN,NaN
1671757200,0.625,0.63,0.615,0.62,1735300,NaN,NaN,NaN,NaN,NaN,NaN,NaN
1672102800,0.62,0.63,0.605,0.615,1944800,NaN,NaN,NaN,NaN,NaN,NaN,NaN
1672189200,0.615,0.615,0.585,0.595,5196500,NaN,NaN,NaN,NaN,NaN,NaN,NaN
1672275600,0.6,0.645,0.585,0.62,4556500,NaN,NaN,NaN,NaN,NaN,NaN,NaN
1672362000,0.63,0.64,0.6,0.6,2328700,4075487000,29781748000,14464247000,218572000,1707964000,14078457000,2.45
1672707600,0.61,0.615,0.6,0.61,962900,NaN,NaN,NaN,NaN,NaN,NaN,NaN
1672794000,0.6,0.61,0.595,0.6,750100,NaN,NaN,NaN,NaN,NaN,NaN,NaN
1672880400,0.6,0.625,0.595,0.62,1491700,NaN,NaN,NaN,NaN,NaN,NaN,NaN
1672966800,0.62,0.625,0.605,0.605,735800,NaN,NaN,NaN,NaN,NaN,NaN,NaN
1673226000,0.62,0.62,0.605,0.61,1117700,NaN,NaN,NaN,NaN,NaN,NaN,NaN
1673312400,0.61,0.62,0.605,0.605,1257100,NaN,NaN,NaN,NaN,NaN,NaN,NaN
1673398800,0.605,0.62,0.6,0.61,3073000,NaN,NaN,NaN,NaN,NaN,NaN,NaN
1673485200,0.615,0.67,0.615,0.665,6343900,NaN,NaN,NaN,NaN,NaN,NaN,NaN
1673571600,0.655,0.675,0.64,0.645,3198400,NaN,NaN,NaN,NaN,NaN,NaN,NaN
1673830800,0.655,0.66,0.625,0.63,2768200,NaN,NaN,NaN,NaN,NaN,NaN,NaN
1673917200,0.635,0.66,0.635,0.66,2371500,NaN,NaN,NaN,NaN,NaN,NaN,NaN
1674003600,0.655,0.67,0.64,0.645,1627600,NaN,NaN,NaN,NaN,NaN,NaN,NaN
1674090000,0.64,0.655,0.635,0.65,1733600,NaN,NaN,NaN,NaN,NaN,NaN,NaN
1674176400,0.645,0.65,0.64,0.645,596700,NaN,NaN,NaN,NaN,NaN,NaN,NaN
1674608400,0.655,0.675,0.645,0.665,3623400,NaN,NaN,NaN,NaN,NaN,NaN,NaN
1674694800,0.67,0.685,0.66,0.67,2340400,NaN,NaN,NaN,NaN,NaN,NaN,NaN
1674781200,0.67,0.69,0.665,0.69,2999700,NaN,NaN,NaN,NaN,NaN,NaN,NaN
1675040400,0.685,0.7,0.675,0.675,2920500,NaN,NaN,NaN,NaN,NaN,NaN,NaN
1675126800,0.675,0.7,0.665,0.695,4727100,NaN,NaN,NaN,NaN,NaN,NaN,NaN
1675299600,0.695,0.72,0.695,0.705,7817500,NaN,NaN,NaN,NaN,NaN,NaN,NaN
1675386000,0.705,0.705,0.67,0.685,3203800,NaN,NaN,NaN,NaN,NaN,NaN,NaN
1675731600,0.68,0.685,0.645,0.65,2634400,NaN,NaN,NaN,NaN,NaN,NaN,NaN
1675818000,0.65,0.665,0.645,0.65,2847900,NaN,NaN,NaN,NaN,NaN,NaN,NaN
1675904400,0.645,0.65,0.625,0.63,4764500,NaN,NaN,NaN,NaN,NaN,NaN,NaN
1675990800,0.63,0.65,0.62,0.64,2856400,NaN,NaN,NaN,NaN,NaN,NaN,NaN
1676250000,0.63,0.635,0.62,0.62,1989000,NaN,NaN,NaN,NaN,NaN,NaN,NaN
1676336400,0.62,0.635,0.62,0.625,1430300,NaN,NaN,NaN,NaN,NaN,NaN,NaN
1676422800,0.63,0.635,0.625,0.635,1064900,NaN,NaN,NaN,NaN,NaN,NaN,NaN
1676509200,0.635,0.67,0.635,0.67,6687300,NaN,NaN,NaN,NaN,NaN,NaN,NaN
1676595600,0.67,0.675,0.635,0.635,2719300,NaN,NaN,NaN,NaN,NaN,NaN,NaN
1676854800,0.635,0.645,0.625,0.635,2363700,NaN,NaN,NaN,NaN,NaN,NaN,NaN
1676941200,0.63,0.645,0.62,0.625,1520600,NaN,NaN,NaN,NaN,NaN,NaN,NaN
1677027600,0.625,0.625,0.615,0.625,2787800,NaN,NaN,NaN,NaN,NaN,NaN,NaN
1677114000,0.62,0.625,0.615,0.62,3013400,NaN,NaN,NaN,NaN,NaN,NaN,NaN
1677200400,0.62,0.64,0.615,0.63,2566400,NaN,NaN,NaN,NaN,NaN,NaN,NaN
1677459600,0.63,0.63,0.615,0.62,1754100,NaN,NaN,NaN,NaN,NaN,NaN,NaN
1677546000,0.615,0.625,0.615,0.62,1820900,NaN,NaN,NaN,NaN,NaN,NaN,NaN
1677632400,0.62,0.62,0.6,0.605,5198300,NaN,NaN,NaN,NaN,NaN,NaN,NaN
1677718800,0.61,0.61,0.605,0.61,879600,NaN,NaN,NaN,NaN,NaN,NaN,NaN
1677805200,0.615,0.625,0.605,0.625,2992800,NaN,NaN,NaN,NaN,NaN,NaN,NaN
1678064400,0.625,0.635,0.615,0.62,1403000,NaN,NaN,NaN,NaN,NaN,NaN,NaN
1678150800,0.62,0.63,0.615,0.625,1251700,NaN,NaN,NaN,NaN,NaN,NaN,NaN
1678237200,0.625,0.625,0.605,0.615,2848400,NaN,NaN,NaN,NaN,NaN,NaN,NaN
1678323600,0.61,0.615,0.585,0.6,6050100,NaN,NaN,NaN,NaN,NaN,NaN,NaN
1678410000,0.59,0.61,0.59,0.61,1601000,NaN,NaN,NaN,NaN,NaN,NaN,NaN
1678669200,0.6,0.6,0.585,0.595,2881400,NaN,NaN,NaN,NaN,NaN,NaN,NaN
1678755600,0.6,0.605,0.59,0.595,1981600,NaN,NaN,NaN,NaN,NaN,NaN,NaN
1678842000,0.6,0.605,0.595,0.605,1602100,NaN,NaN,NaN,NaN,NaN,NaN,NaN
1678928400,0.6,0.605,0.585,0.585,3089800,NaN,NaN,NaN,NaN,NaN,NaN,NaN
1679014800,0.59,0.61,0.59,0.595,3126300,NaN,NaN,NaN,NaN,NaN,NaN,NaN
1679274000,0.595,0.6,0.585,0.59,1860300,NaN,NaN,NaN,NaN,NaN,NaN,NaN
1679360400,0.6,0.605,0.585,0.585,2102400,NaN,NaN,NaN,NaN,NaN,NaN,NaN
1679446800,0.59,0.595,0.585,0.59,842600,NaN,NaN,NaN,NaN,NaN,NaN,NaN
1679533200,0.59,0.615,0.59,0.61,2929300,NaN,NaN,NaN,NaN,NaN,NaN,NaN
1679619600,0.615,0.625,0.61,0.615,1896100,NaN,NaN,NaN,NaN,NaN,NaN,NaN
1679878800,0.605,0.61,0.585,0.595,1002500,NaN,NaN,NaN,NaN,NaN,NaN,NaN
1679965200,0.59,0.6,0.59,0.6,1478600,NaN,NaN,NaN,NaN,NaN,NaN,NaN
1680051600,0.6,0.6,0.58,0.595,1937300,NaN,NaN,NaN,NaN,NaN,NaN,NaN
1680138000,0.6,0.615,0.58,0.585,6476600,NaN,NaN,NaN,NaN,NaN,NaN,NaN
1680224400,0.59,0.6,0.59,0.595,988200,4075487000,29270250000,13925927000,156613000,967665000,14072912000,2.47058823529412
1680483600,0.6,0.62,0.6,0.615,3171700,NaN,NaN,NaN,NaN,NaN,NaN,NaN
1680570000,0.615,0.63,0.605,0.615,2453500,NaN,NaN,NaN,NaN,NaN,NaN,NaN
1680656400,0.61,0.62,0.605,0.61,1763800,NaN,NaN,NaN,NaN,NaN,NaN,NaN
1680742800,0.61,0.615,0.605,0.605,1469800,NaN,NaN,NaN,NaN,NaN,NaN,NaN
1680829200,0.61,0.625,0.605,0.61,3463500,NaN,NaN,NaN,NaN,NaN,NaN,NaN
1681088400,0.61,0.625,0.605,0.62,2763700,NaN,NaN,NaN,NaN,NaN,NaN,NaN
1681174800,0.615,0.62,0.605,0.615,1442900,NaN,NaN,NaN,NaN,NaN,NaN,NaN
1681261200,0.615,0.615,0.595,0.6,4715300,NaN,NaN,NaN,NaN,NaN,NaN,NaN
1681347600,0.6,0.61,0.595,0.605,1845500,NaN,NaN,NaN,NaN,NaN,NaN,NaN
1681434000,0.61,0.61,0.59,0.6,3142200,NaN,NaN,NaN,NaN,NaN,NaN,NaN
1681693200,0.6,0.6,0.585,0.595,3737000,NaN,NaN,NaN,NaN,NaN,NaN,NaN
1681779600,0.595,0.6,0.585,0.59,2470000,NaN,NaN,NaN,NaN,NaN,NaN,NaN
1681866000,0.585,0.59,0.565,0.575,11751100,NaN,NaN,NaN,NaN,NaN,NaN,NaN
1681952400,0.575,0.585,0.575,0.575,1127400,NaN,NaN,NaN,NaN,NaN,NaN,NaN
1682384400,0.58,0.58,0.57,0.575,1469400,NaN,NaN,NaN,NaN,NaN,NaN,NaN
1682470800,0.57,0.58,0.57,0.575,884800,NaN,NaN,NaN,NaN,NaN,NaN,NaN
1682557200,0.57,0.58,0.57,0.58,912000,NaN,NaN,NaN,NaN,NaN,NaN,NaN
1682643600,0.575,0.58,0.57,0.575,938700,NaN,NaN,NaN,NaN,NaN,NaN,NaN
1682989200,0.57,0.575,0.565,0.575,1786900,NaN,NaN,NaN,NaN,NaN,NaN,NaN
1683075600,0.57,0.575,0.56,0.57,1804700,NaN,NaN,NaN,NaN,NaN,NaN,NaN
1683248400,0.57,0.575,0.565,0.57,759900,NaN,NaN,NaN,NaN,NaN,NaN,NaN
1683507600,0.575,0.575,0.56,0.56,1744300,NaN,NaN,NaN,NaN,NaN,NaN,NaN
1683594000,0.56,0.56,0.54,0.56,1861200,NaN,NaN,NaN,NaN,NaN,NaN,NaN
1683680400,0.555,0.57,0.555,0.56,871300,NaN,NaN,NaN,NaN,NaN,NaN,NaN
1683766800,0.56,0.56,0.545,0.555,764900,NaN,NaN,NaN,NaN,NaN,NaN,NaN
1683853200,0.55,0.555,0.535,0.545,3969200,NaN,NaN,NaN,NaN,NaN,NaN,NaN
1684112400,0.55,0.55,0.535,0.54,1321400,NaN,NaN,NaN,NaN,NaN,NaN,NaN
1684198800,0.54,0.54,0.535,0.535,998200,NaN,NaN,NaN,NaN,NaN,NaN,NaN
1684285200,0.535,0.54,0.525,0.53,2632700,NaN,NaN,NaN,NaN,NaN,NaN,NaN
1684371600,0.53,0.545,0.525,0.535,11169600,NaN,NaN,NaN,NaN,NaN,NaN,NaN
1684458000,0.54,0.56,0.535,0.54,8008000,NaN,NaN,NaN,NaN,NaN,NaN,NaN
1684717200,0.54,0.56,0.54,0.545,11192300,NaN,NaN,NaN,NaN,NaN,NaN,NaN
1684803600,0.545,0.55,0.53,0.54,4169200,NaN,NaN,NaN,NaN,NaN,NaN,NaN
1684890000,0.535,0.545,0.53,0.535,1629800,NaN,NaN,NaN,NaN,NaN,NaN,NaN
1684976400,0.535,0.54,0.52,0.525,2698500,NaN,NaN,NaN,NaN,NaN,NaN,NaN
1685062800,0.52,0.525,0.51,0.52,3060300,NaN,NaN,NaN,NaN,NaN,NaN,NaN
1685322000,0.52,0.525,0.515,0.52,1637600,NaN,NaN,NaN,NaN,NaN,NaN,NaN
1685408400,0.515,0.525,0.51,0.525,1812600,NaN,NaN,NaN,NaN,NaN,NaN,NaN
1685494800,0.52,0.535,0.52,0.53,2665400,NaN,NaN,NaN,NaN,NaN,NaN,NaN
1685581200,0.53,0.53,0.525,0.53,731100,NaN,NaN,NaN,NaN,NaN,NaN,NaN
1685667600,0.53,0.535,0.52,0.525,2029000,NaN,NaN,NaN,NaN,NaN,NaN,NaN
1686013200,0.525,0.525,0.51,0.52,1832000,NaN,NaN,NaN,NaN,NaN,NaN,NaN
1686099600,0.515,0.52,0.51,0.51,1356500,NaN,NaN,NaN,NaN,NaN,NaN,NaN
1686186000,0.515,0.525,0.515,0.515,991700,NaN,NaN,NaN,NaN,NaN,NaN,NaN
1686272400,0.52,0.535,0.515,0.52,5002500,NaN,NaN,NaN,NaN,NaN,NaN,NaN
1686531600,0.525,0.555,0.525,0.55,4313700,NaN,NaN,NaN,NaN,NaN,NaN,NaN
1686618000,0.55,0.555,0.535,0.54,2252700,NaN,NaN,NaN,NaN,NaN,NaN,NaN
1686704400,0.535,0.545,0.535,0.54,4139000,NaN,NaN,NaN,NaN,NaN,NaN,NaN
1686790800,0.535,0.545,0.52,0.52,3676100,NaN,NaN,NaN,NaN,NaN,NaN,NaN
1686877200,0.525,0.53,0.515,0.515,6049600,NaN,NaN,NaN,NaN,NaN,NaN,NaN
1687136400,0.52,0.52,0.515,0.52,1173000,NaN,NaN,NaN,NaN,NaN,NaN,NaN
1687222800,0.515,0.53,0.515,0.515,1406500,NaN,NaN,NaN,NaN,NaN,NaN,NaN
1687309200,0.515,0.525,0.51,0.52,3443100,NaN,NaN,NaN,NaN,NaN,NaN,NaN
1687395600,0.525,0.53,0.515,0.52,2152600,NaN,NaN,NaN,NaN,NaN,NaN,NaN
1687482000,0.52,0.525,0.515,0.515,2047500,NaN,NaN,NaN,NaN,NaN,NaN,NaN
1687741200,0.515,0.535,0.51,0.53,3274200,NaN,NaN,NaN,NaN,NaN,NaN,NaN
1687827600,0.53,0.545,0.53,0.54,2103200,NaN,NaN,NaN,NaN,NaN,NaN,NaN
1687914000,0.535,0.55,0.535,0.535,4027700,NaN,NaN,NaN,NaN,NaN,NaN,NaN
1688086800,0.535,0.55,0.53,0.545,3564300,4080270000,30163627000,14568372000,190098000,942717000,14314086000,2.69724770642202
1688346000,0.55,0.555,0.545,0.555,1688600,NaN,NaN,NaN,NaN,NaN,NaN,NaN
1688432400,0.555,0.56,0.55,0.56,1721900,NaN,NaN,NaN,NaN,NaN,NaN,NaN
1688518800,0.56,0.575,0.56,0.565,2052100,NaN,NaN,NaN,NaN,NaN,NaN,NaN
1688605200,0.57,0.585,0.565,0.57,6382400,NaN,NaN,NaN,NaN,NaN,NaN,NaN
1688691600,0.57,0.59,0.565,0.57,7570800,NaN,NaN,NaN,NaN,NaN,NaN,NaN
1688950800,0.575,0.61,0.57,0.6,11073500,NaN,NaN,NaN,NaN,NaN,NaN,NaN
1689037200,0.605,0.615,0.58,0.595,7961500,NaN,NaN,NaN,NaN,NaN,NaN,NaN
1689123600,0.59,0.6,0.585,0.59,3408700,NaN,NaN,NaN,NaN,NaN,NaN,NaN
1689210000,0.59,0.595,0.58,0.59,6661500,NaN,NaN,NaN,NaN,NaN,NaN,NaN
1689296400,0.59,0.605,0.59,0.595,7170900,NaN,NaN,NaN,NaN,NaN,NaN,NaN
1689555600,0.59,0.605,0.585,0.605,7066600,NaN,NaN,NaN,NaN,NaN,NaN,NaN
1689642000,0.605,0.645,0.6,0.635,13875000,NaN,NaN,NaN,NaN,NaN,NaN,NaN
1689814800,0.635,0.645,0.63,0.635,11471900,NaN,NaN,NaN,NaN,NaN,NaN,NaN
1689901200,0.635,0.665,0.635,0.65,23820700,NaN,NaN,NaN,NaN,NaN,NaN,NaN
1690160400,0.65,0.65,0.615,0.635,12294200,NaN,NaN,NaN,NaN,NaN,NaN,NaN
1690246800,0.635,0.65,0.625,0.64,11466400,NaN,NaN,NaN,NaN,NaN,NaN,NaN
1690333200,0.64,0.675,0.63,0.655,33172400,NaN,NaN,NaN,NaN,NaN,NaN,NaN
1690419600,0.655,0.665,0.65,0.655,17464100,NaN,NaN,NaN,NaN,NaN,NaN,NaN
1690506000,0.66,0.665,0.645,0.645,6048400,NaN,NaN,NaN,NaN,NaN,NaN,NaN
1690765200,0.645,0.655,0.625,0.63,11359600,NaN,NaN,NaN,NaN,NaN,NaN,NaN
1690851600,0.63,0.645,0.625,0.64,6050900,NaN,NaN,NaN,NaN,NaN,NaN,NaN
1690938000,0.64,0.64,0.625,0.63,8922700,NaN,NaN,NaN,NaN,NaN,NaN,NaN
1691024400,0.635,0.64,0.615,0.615,5995200,NaN,NaN,NaN,NaN,NaN,NaN,NaN
1691110800,0.62,0.64,0.62,0.635,9427900,NaN,NaN,NaN,NaN,NaN,NaN,NaN
1691370000,0.635,0.645,0.625,0.63,4466100,NaN,NaN,NaN,NaN,NaN,NaN,NaN
1691456400,0.63,0.66,0.63,0.655,16862600,NaN,NaN,NaN,NaN,NaN,NaN,NaN
1691542800,0.66,0.705,0.655,0.695,29288200,NaN,NaN,NaN,NaN,NaN,NaN,NaN
1691629200,0.695,0.71,0.685,0.695,16416500,NaN,NaN,NaN,NaN,NaN,NaN,NaN
1691715600,0.7,0.7,0.68,0.69,12678000,NaN,NaN,NaN,NaN,NaN,NaN,NaN
1691974800,0.7,0.73,0.695,0.725,35641300,NaN,NaN,NaN,NaN,NaN,NaN,NaN
1692061200,0.73,0.77,0.72,0.765,23166500,NaN,NaN,NaN,NaN,NaN,NaN,NaN
1692147600,0.765,0.8,0.745,0.79,40871500,NaN,NaN,NaN,NaN,NaN,NaN,NaN
1692234000,0.775,0.885,0.775,0.855,79570000,NaN,NaN,NaN,NaN,NaN,NaN,NaN
1692320400,0.855,0.885,0.835,0.86,33053100,NaN,NaN,NaN,NaN,NaN,NaN,NaN
1692579600,0.855,0.87,0.845,0.85,20325800,NaN,NaN,NaN,NaN,NaN,NaN,NaN
1692666000,0.85,0.85,0.805,0.81,26598100,NaN,NaN,NaN,NaN,NaN,NaN,NaN
1692752400,0.81,0.825,0.795,0.81,21166200,NaN,NaN,NaN,NaN,NaN,NaN,NaN
1692838800,0.81,0.84,0.805,0.835,15802900,NaN,NaN,NaN,NaN,NaN,NaN,NaN
1692925200,0.835,0.84,0.815,0.83,17789100,NaN,NaN,NaN,NaN,NaN,NaN,NaN
1693184400,0.84,0.93,0.84,0.92,60399200,NaN,NaN,NaN,NaN,NaN,NaN,NaN
1693270800,0.92,0.92,0.88,0.88,21922700,NaN,NaN,NaN,NaN,NaN,NaN,NaN
1693357200,0.89,0.985,0.89,0.92,55282100,NaN,NaN,NaN,NaN,NaN,NaN,NaN
1693530000,0.92,0.945,0.895,0.92,25557800,NaN,NaN,NaN,NaN,NaN,NaN,NaN
1693789200,0.92,0.935,0.885,0.895,28987300,NaN,NaN,NaN,NaN,NaN,NaN,NaN
1693875600,0.895,0.9,0.825,0.86,24616100,NaN,NaN,NaN,NaN,NaN,NaN,NaN
1693962000,0.86,0.91,0.84,0.905,23374100,NaN,NaN,NaN,NaN,NaN,NaN,NaN
1694048400,0.905,0.91,0.88,0.9,15876900,NaN,NaN,NaN,NaN,NaN,NaN,NaN
1694134800,0.9,0.92,0.88,0.9,14845500,NaN,NaN,NaN,NaN,NaN,NaN,NaN
1694394000,0.905,0.92,0.87,0.89,10395300,NaN,NaN,NaN,NaN,NaN,NaN,NaN
1694480400,0.89,0.89,0.845,0.865,10828000,NaN,NaN,NaN,NaN,NaN,NaN,NaN
1694566800,0.86,0.87,0.85,0.855,7625100,NaN,NaN,NaN,NaN,NaN,NaN,NaN
1694653200,0.85,0.885,0.85,0.875,10951200,NaN,NaN,NaN,NaN,NaN,NaN,NaN
1694739600,0.875,0.915,0.855,0.885,20290600,NaN,NaN,NaN,NaN,NaN,NaN,NaN
1694998800,0.89,0.925,0.88,0.92,13920000,NaN,NaN,NaN,NaN,NaN,NaN,NaN
1695085200,0.925,0.955,0.915,0.94,32391600,NaN,NaN,NaN,NaN,NaN,NaN,NaN
1695171600,0.955,0.98,0.955,0.97,34599100,NaN,NaN,NaN,NaN,NaN,NaN,NaN
1695258000,0.97,0.98,0.955,0.97,17789100,NaN,NaN,NaN,NaN,NaN,NaN,NaN
1695344400,0.97,1.04,0.955,1.03,36687800,NaN,NaN,NaN,NaN,NaN,NaN,NaN
1695603600,1.02,1.04,1,1.02,18189300,NaN,NaN,NaN,NaN,NaN,NaN,NaN
1695690000,1.01,1.06,1,1.04,18971500,NaN,NaN,NaN,NaN,NaN,NaN,NaN
1695776400,1.03,1.04,1.01,1.03,11588900,NaN,NaN,NaN,NaN,NaN,NaN,NaN
1695949200,1.03,1.05,1,1.03,10555600,4091521000,29622902000,14120816000,176958000,1079445000,14217501000,1.42718446601942
1696208400,1.03,1.03,0.985,1,15481100,NaN,NaN,NaN,NaN,NaN,NaN,NaN
1696294800,1,1.02,0.995,1.01,13638800,NaN,NaN,NaN,NaN,NaN,NaN,NaN
1696381200,1,1,0.95,0.97,18419200,NaN,NaN,NaN,NaN,NaN,NaN,NaN
1696467600,0.975,0.98,0.95,0.965,13823600,NaN,NaN,NaN,NaN,NaN,NaN,NaN
1696554000,0.96,0.975,0.93,0.97,15184600,NaN,NaN,NaN,NaN,NaN,NaN,NaN
1696813200,0.98,1.01,0.955,0.955,19098800,NaN,NaN,NaN,NaN,NaN,NaN,NaN
1696899600,0.965,0.995,0.96,0.99,12140500,NaN,NaN,NaN,NaN,NaN,NaN,NaN
1696986000,0.995,1.01,0.975,0.99,22331500,NaN,NaN,NaN,NaN,NaN,NaN,NaN
1697072400,0.995,1,0.975,0.995,5765800,NaN,NaN,NaN,NaN,NaN,NaN,NaN
1697158800,0.995,1.01,0.955,0.97,13832400,NaN,NaN,NaN,NaN,NaN,NaN,NaN
1697418000,0.97,0.97,0.94,0.95,5850000,NaN,NaN,NaN,NaN,NaN,NaN,NaN
1697504400,0.945,0.96,0.94,0.94,3748700,NaN,NaN,NaN,NaN,NaN,NaN,NaN
1697590800,0.94,0.94,0.875,0.88,18457200,NaN,NaN,NaN,NaN,NaN,NaN,NaN
1697677200,0.87,0.895,0.845,0.865,26370300,NaN,NaN,NaN,NaN,NaN,NaN,NaN
1697763600,0.865,0.885,0.85,0.88,8537600,NaN,NaN,NaN,NaN,NaN,NaN,NaN
1698022800,0.865,0.88,0.825,0.875,19439500,NaN,NaN,NaN,NaN,NaN,NaN,NaN
1698109200,0.87,0.9,0.865,0.88,16479200,NaN,NaN,NaN,NaN,NaN,NaN,NaN
1698195600,0.885,0.9,0.845,0.865,12263700,NaN,NaN,NaN,NaN,NaN,NaN,NaN
1698282000,0.86,0.88,0.84,0.88,21085700,NaN,NaN,NaN,NaN,NaN,NaN,NaN
1698368400,0.88,0.88,0.85,0.855,6820400,NaN,NaN,NaN,NaN,NaN,NaN,NaN
1698627600,0.85,0.86,0.83,0.83,7180200,NaN,NaN,NaN,NaN,NaN,NaN,NaN
1698714000,0.835,0.86,0.83,0.84,24479000,NaN,NaN,NaN,NaN,NaN,NaN,NaN
1698800400,0.84,0.84,0.815,0.83,8940000,NaN,NaN,NaN,NaN,NaN,NaN,NaN
1698886800,0.83,0.845,0.82,0.84,9594900,NaN,NaN,NaN,NaN,NaN,NaN,NaN
1698973200,0.84,0.86,0.835,0.835,13234300,NaN,NaN,NaN,NaN,NaN,NaN,NaN
1699232400,0.84,0.875,0.835,0.87,15826300,NaN,NaN,NaN,NaN,NaN,NaN,NaN
1699318800,0.865,0.87,0.84,0.845,7380600,NaN,NaN,NaN,NaN,NaN,NaN,NaN
1699405200,0.845,0.865,0.845,0.845,10557800,NaN,NaN,NaN,NaN,NaN,NaN,NaN
1699491600,0.845,0.845,0.825,0.84,6186400,NaN,NaN,NaN,NaN,NaN,NaN,NaN
1699578000,0.835,0.835,0.815,0.835,9028400,NaN,NaN,NaN,NaN,NaN,NaN,NaN
1699923600,0.835,0.85,0.825,0.83,4718300,NaN,NaN,NaN,NaN,NaN,NaN,NaN
1700010000,0.83,0.845,0.825,0.835,4572200,NaN,NaN,NaN,NaN,NaN,NaN,NaN
1700096400,0.835,0.835,0.82,0.825,3293300,NaN,NaN,NaN,NaN,NaN,NaN,NaN
1700182800,0.825,0.835,0.825,0.83,3816200,NaN,NaN,NaN,NaN,NaN,NaN,NaN
1700442000,0.83,0.835,0.81,0.83,5451400,NaN,NaN,NaN,NaN,NaN,NaN,NaN
1700528400,0.825,0.85,0.825,0.85,5500900,NaN,NaN,NaN,NaN,NaN,NaN,NaN
1700614800,0.85,0.85,0.84,0.845,1961000,NaN,NaN,NaN,NaN,NaN,NaN,NaN
1700701200,0.845,0.86,0.84,0.845,3480100,NaN,NaN,NaN,NaN,NaN,NaN,NaN
1700787600,0.85,0.85,0.795,0.81,22065000,NaN,NaN,NaN,NaN,NaN,NaN,NaN
1701046800,0.8,0.8,0.78,0.78,10151600,NaN,NaN,NaN,NaN,NaN,NaN,NaN
1701133200,0.78,0.79,0.75,0.75,11374900,NaN,NaN,NaN,NaN,NaN,NaN,NaN
1701219600,0.75,0.775,0.745,0.76,21580500,NaN,NaN,NaN,NaN,NaN,NaN,NaN
1701306000,0.76,0.765,0.73,0.745,13128500,NaN,NaN,NaN,NaN,NaN,NaN,NaN
1701392400,0.745,0.75,0.73,0.73,7818200,NaN,NaN,NaN,NaN,NaN,NaN,NaN
1701651600,0.74,0.75,0.73,0.74,5753300,NaN,NaN,NaN,NaN,NaN,NaN,NaN
1701738000,0.74,0.775,0.74,0.765,11469600,NaN,NaN,NaN,NaN,NaN,NaN,NaN
1701824400,0.765,0.77,0.74,0.74,6657000,NaN,NaN,NaN,NaN,NaN,NaN,NaN
1701910800,0.74,0.75,0.73,0.73,3467100,NaN,NaN,NaN,NaN,NaN,NaN,NaN
1701997200,0.73,0.745,0.73,0.745,3060600,NaN,NaN,NaN,NaN,NaN,NaN,NaN
1702256400,0.75,0.79,0.75,0.775,9090100,NaN,NaN,NaN,NaN,NaN,NaN,NaN
1702342800,0.775,0.775,0.755,0.765,3439700,NaN,NaN,NaN,NaN,NaN,NaN,NaN
1702429200,0.765,0.765,0.745,0.76,3835700,NaN,NaN,NaN,NaN,NaN,NaN,NaN
1702515600,0.765,0.78,0.76,0.76,3459200,NaN,NaN,NaN,NaN,NaN,NaN,NaN
1702602000,0.76,0.76,0.74,0.74,6285900,NaN,NaN,NaN,NaN,NaN,NaN,NaN
1702861200,0.745,0.75,0.735,0.74,4666100,NaN,NaN,NaN,NaN,NaN,NaN,NaN
1702947600,0.745,0.79,0.74,0.78,9198100,NaN,NaN,NaN,NaN,NaN,NaN,NaN
1703034000,0.78,0.79,0.77,0.78,3150300,NaN,NaN,NaN,NaN,NaN,NaN,NaN
1703120400,0.775,0.79,0.765,0.775,1849700,NaN,NaN,NaN,NaN,NaN,NaN,NaN
1703206800,0.785,0.795,0.775,0.78,4281100,NaN,NaN,NaN,NaN,NaN,NaN,NaN
1703552400,0.785,0.79,0.765,0.775,2820300,NaN,NaN,NaN,NaN,NaN,NaN,NaN
1703638800,0.775,0.795,0.775,0.795,4661000,NaN,NaN,NaN,NaN,NaN,NaN,NaN
1703725200,0.795,0.81,0.78,0.8,5280000,NaN,NaN,NaN,NaN,NaN,NaN,NaN
1703811600,0.805,0.815,0.79,0.8,5408500,4354836000,29006378000,13343597000,320167000,1383815000,14450159000,1.675
1704157200,0.8,0.815,0.795,0.8,6741300,NaN,NaN,NaN,NaN,NaN,NaN,NaN
1704243600,0.8,0.89,0.79,0.865,31583100,NaN,NaN,NaN,NaN,NaN,NaN,NaN
1704330000,0.87,0.96,0.865,0.93,46150200,NaN,NaN,NaN,NaN,NaN,NaN,NaN
1704416400,0.93,0.96,0.915,0.95,36317000,NaN,NaN,NaN,NaN,NaN,NaN,NaN
1704675600,0.955,0.975,0.905,0.91,55098600,NaN,NaN,NaN,NaN,NaN,NaN,NaN
1704762000,0.92,0.925,0.84,0.845,39095600,NaN,NaN,NaN,NaN,NaN,NaN,NaN
1704848400,0.85,0.87,0.835,0.85,26603300,NaN,NaN,NaN,NaN,NaN,NaN,NaN
1704934800,0.855,0.87,0.84,0.85,22250900,NaN,NaN,NaN,NaN,NaN,NaN,NaN
1705021200,0.855,0.875,0.845,0.865,23860900,NaN,NaN,NaN,NaN,NaN,NaN,NaN
1705280400,0.87,0.925,0.865,0.92,36329300,NaN,NaN,NaN,NaN,NaN,NaN,NaN
1705366800,0.92,0.93,0.87,0.87,21101000,NaN,NaN,NaN,NaN,NaN,NaN,NaN
1705453200,0.86,0.88,0.85,0.85,23601200,NaN,NaN,NaN,NaN,NaN,NaN,NaN
1705539600,0.85,0.86,0.825,0.85,15660300,NaN,NaN,NaN,NaN,NaN,NaN,NaN
1705626000,0.85,0.895,0.845,0.89,13171100,NaN,NaN,NaN,NaN,NaN,NaN,NaN
1705885200,0.89,0.945,0.89,0.925,26219600,NaN,NaN,NaN,NaN,NaN,NaN,NaN
1705971600,0.925,0.935,0.905,0.91,23915600,NaN,NaN,NaN,NaN,NaN,NaN,NaN
1706058000,0.92,0.93,0.905,0.91,45254200,NaN,NaN,NaN,NaN,NaN,NaN,NaN
1706230800,0.915,0.935,0.91,0.92,30471600,NaN,NaN,NaN,NaN,NaN,NaN,NaN
1706490000,0.925,0.955,0.91,0.92,24070300,NaN,NaN,NaN,NaN,NaN,NaN,NaN
1706576400,0.925,0.925,0.895,0.9,22384300,NaN,NaN,NaN,NaN,NaN,NaN,NaN
1706662800,0.895,0.905,0.885,0.9,11869700,NaN,NaN,NaN,NaN,NaN,NaN,NaN
1706835600,0.9,0.9,0.87,0.885,11557200,NaN,NaN,NaN,NaN,NaN,NaN,NaN
1707094800,0.885,0.89,0.85,0.865,9244600,NaN,NaN,NaN,NaN,NaN,NaN,NaN
1707181200,0.865,0.875,0.845,0.855,10644600,NaN,NaN,NaN,NaN,NaN,NaN,NaN
1707267600,0.855,0.865,0.845,0.85,5428100,NaN,NaN,NaN,NaN,NaN,NaN,NaN
1707354000,0.845,0.865,0.845,0.85,9253000,NaN,NaN,NaN,NaN,NaN,NaN,NaN
1707440400,0.85,0.855,0.845,0.85,6671400,NaN,NaN,NaN,NaN,NaN,NaN,NaN
1707786000,0.855,0.905,0.855,0.895,12075300,NaN,NaN,NaN,NaN,NaN,NaN,NaN
1707872400,0.895,0.905,0.875,0.9,6292000,NaN,NaN,NaN,NaN,NaN,NaN,NaN
1707958800,0.9,0.905,0.885,0.885,5282300,NaN,NaN,NaN,NaN,NaN,NaN,NaN
1708045200,0.885,0.9,0.875,0.895,7697100,NaN,NaN,NaN,NaN,NaN,NaN,NaN
1708304400,0.9,0.915,0.89,0.895,8869600,NaN,NaN,NaN,NaN,NaN,NaN,NaN
1708390800,0.9,0.9,0.88,0.885,11578300,NaN,NaN,NaN,NaN,NaN,NaN,NaN
1708477200,0.885,0.89,0.87,0.87,6039400,NaN,NaN,NaN,NaN,NaN,NaN,NaN
1708563600,0.87,0.885,0.87,0.87,5743100,NaN,NaN,NaN,NaN,NaN,NaN,NaN
1708650000,0.87,0.88,0.855,0.855,16274700,NaN,NaN,NaN,NaN,NaN,NaN,NaN
1708909200,0.855,0.875,0.845,0.85,9755800,NaN,NaN,NaN,NaN,NaN,NaN,NaN
1708995600,0.85,0.86,0.84,0.85,8755400,NaN,NaN,NaN,NaN,NaN,NaN,NaN
1709082000,0.86,0.865,0.84,0.845,14745800,NaN,NaN,NaN,NaN,NaN,NaN,NaN
1709168400,0.84,0.845,0.82,0.845,9165800,NaN,NaN,NaN,NaN,NaN,NaN,NaN
1709254800,0.87,0.89,0.84,0.845,47764700,NaN,NaN,NaN,NaN,NaN,NaN,NaN
1709514000,0.85,0.91,0.85,0.895,36985500,NaN,NaN,NaN,NaN,NaN,NaN,NaN
1709600400,0.9,0.915,0.9,0.91,26372300,NaN,NaN,NaN,NaN,NaN,NaN,NaN
1709686800,0.91,0.93,0.9,0.92,19018600,NaN,NaN,NaN,NaN,NaN,NaN,NaN
1709773200,0.93,0.945,0.92,0.92,25603300,NaN,NaN,NaN,NaN,NaN,NaN,NaN
1709859600,0.925,0.93,0.92,0.93,5449400,NaN,NaN,NaN,NaN,NaN,NaN,NaN
1710118800,0.93,0.935,0.92,0.92,14840900,NaN,NaN,NaN,NaN,NaN,NaN,NaN
1710205200,0.925,1.01,0.925,0.98,47927900,NaN,NaN,NaN,NaN,NaN,NaN,NaN
1710291600,0.98,1.03,0.98,1.02,52105500,NaN,NaN,NaN,NaN,NaN,NaN,NaN
1710378000,1.02,1.04,0.99,1.02,28506500,NaN,NaN,NaN,NaN,NaN,NaN,NaN
1710464400,1.02,1.09,1.02,1.09,60253200,NaN,NaN,NaN,NaN,NaN,NaN,NaN
1710723600,1.09,1.14,1.08,1.12,21516300,NaN,NaN,NaN,NaN,NaN,NaN,NaN
1710810000,1.12,1.14,1.07,1.12,25682600,NaN,NaN,NaN,NaN,NaN,NaN,NaN
1710896400,1.12,1.2,1.11,1.2,43973500,NaN,NaN,NaN,NaN,NaN,NaN,NaN
1710982800,1.19,1.26,1.18,1.26,50312300,NaN,NaN,NaN,NaN,NaN,NaN,NaN
1711069200,1.26,1.37,1.26,1.33,71034800,NaN,NaN,NaN,NaN,NaN,NaN,NaN
1711328400,1.31,1.36,1.3,1.35,37999300,NaN,NaN,NaN,NaN,NaN,NaN,NaN
1711414800,1.35,1.46,1.34,1.42,46632200,NaN,NaN,NaN,NaN,NaN,NaN,NaN
1711501200,1.42,1.48,1.38,1.42,73565300,NaN,NaN,NaN,NaN,NaN,NaN,NaN
1711674000,1.42,1.48,1.42,1.47,19311100,4354836000,28504719000,12856318000,218087000,1475950000,14419330000,0.91156462585034
1711933200,1.47,1.49,1.43,1.47,22310600,NaN,NaN,NaN,NaN,NaN,NaN,NaN
1712019600,1.47,1.48,1.44,1.45,22983300,NaN,NaN,NaN,NaN,NaN,NaN,NaN
1712106000,1.44,1.48,1.4,1.44,21260700,NaN,NaN,NaN,NaN,NaN,NaN,NaN
1712192400,1.44,1.48,1.41,1.43,31997600,NaN,NaN,NaN,NaN,NaN,NaN,NaN
1712278800,1.41,1.44,1.4,1.44,32114900,NaN,NaN,NaN,NaN,NaN,NaN,NaN
1712538000,1.44,1.46,1.41,1.45,15977700,NaN,NaN,NaN,NaN,NaN,NaN,NaN
1712624400,1.45,1.45,1.39,1.45,34265800,NaN,NaN,NaN,NaN,NaN,NaN,NaN
1712883600,1.44,1.53,1.43,1.51,38908800,NaN,NaN,NaN,NaN,NaN,NaN,NaN
1713142800,1.47,1.49,1.4,1.44,32603000,NaN,NaN,NaN,NaN,NaN,NaN,NaN
1713229200,1.43,1.43,1.31,1.35,54147900,NaN,NaN,NaN,NaN,NaN,NaN,NaN
1713315600,1.35,1.36,1.31,1.35,23603200,NaN,NaN,NaN,NaN,NaN,NaN,NaN
1713402000,1.35,1.38,1.32,1.35,13875000,NaN,NaN,NaN,NaN,NaN,NaN,NaN
1713488400,1.35,1.35,1.27,1.32,36347200,NaN,NaN,NaN,NaN,NaN,NaN,NaN
1713747600,1.33,1.41,1.32,1.39,32965100,NaN,NaN,NaN,NaN,NaN,NaN,NaN
1713834000,1.41,1.41,1.35,1.38,19164900,NaN,NaN,NaN,NaN,NaN,NaN,NaN
1713920400,1.39,1.46,1.39,1.44,18940800,NaN,NaN,NaN,NaN,NaN,NaN,NaN
1714006800,1.44,1.45,1.41,1.41,12905700,NaN,NaN,NaN,NaN,NaN,NaN,NaN
1714093200,1.41,1.44,1.39,1.42,7452500,NaN,NaN,NaN,NaN,NaN,NaN,NaN
1714352400,1.42,1.44,1.41,1.43,9458600,NaN,NaN,NaN,NaN,NaN,NaN,NaN
1714438800,1.43,1.48,1.43,1.46,19065300,NaN,NaN,NaN,NaN,NaN,NaN,NaN
1714611600,1.45,1.45,1.4,1.44,12879800,NaN,NaN,NaN,NaN,NaN,NaN,NaN
1714698000,1.44,1.45,1.42,1.45,3310600,NaN,NaN,NaN,NaN,NaN,NaN,NaN
1714957200,1.45,1.49,1.43,1.48,10422500,NaN,NaN,NaN,NaN,NaN,NaN,NaN
1715043600,1.49,1.54,1.46,1.51,20510900,NaN,NaN,NaN,NaN,NaN,NaN,NaN
1715130000,1.51,1.52,1.48,1.51,7916000,NaN,NaN,NaN,NaN,NaN,NaN,NaN
1715216400,1.5,1.56,1.5,1.54,17380200,NaN,NaN,NaN,NaN,NaN,NaN,NaN
1715302800,1.54,1.54,1.5,1.51,8018900,NaN,NaN,NaN,NaN,NaN,NaN,NaN
1715562000,1.52,1.54,1.5,1.52,9767000,NaN,NaN,NaN,NaN,NaN,NaN,NaN
1715648400,1.51,1.53,1.5,1.51,5011600,NaN,NaN,NaN,NaN,NaN,NaN,NaN
1715734800,1.5,1.53,1.5,1.51,10487500,NaN,NaN,NaN,NaN,NaN,NaN,NaN
1715821200,1.53,1.55,1.51,1.53,11308600,NaN,NaN,NaN,NaN,NaN,NaN,NaN
1715907600,1.58,1.64,1.49,1.53,59383400,NaN,NaN,NaN,NaN,NaN,NaN,NaN
1716166800,1.54,1.56,1.53,1.54,21514600,NaN,NaN,NaN,NaN,NaN,NaN,NaN
1716253200,1.54,1.55,1.52,1.53,18678600,NaN,NaN,NaN,NaN,NaN,NaN,NaN
1716426000,1.53,1.55,1.52,1.54,11800500,NaN,NaN,NaN,NaN,NaN,NaN,NaN
1716512400,1.54,1.54,1.49,1.5,10632200,NaN,NaN,NaN,NaN,NaN,NaN,NaN
1716771600,1.5,1.52,1.48,1.51,5080100,NaN,NaN,NaN,NaN,NaN,NaN,NaN
1716858000,1.5,1.51,1.45,1.48,5606400,NaN,NaN,NaN,NaN,NaN,NaN,NaN
1716944400,1.49,1.49,1.43,1.45,8769900,NaN,NaN,NaN,NaN,NaN,NaN,NaN
1717030800,1.44,1.52,1.42,1.5,27767000,NaN,NaN,NaN,NaN,NaN,NaN,NaN
1717117200,1.49,1.49,1.41,1.45,25176600,NaN,NaN,NaN,NaN,NaN,NaN,NaN
1717462800,1.45,1.46,1.42,1.44,8022200,NaN,NaN,NaN,NaN,NaN,NaN,NaN
1717549200,1.43,1.45,1.4,1.43,17048900,NaN,NaN,NaN,NaN,NaN,NaN,NaN
1717635600,1.42,1.48,1.4,1.45,23510700,NaN,NaN,NaN,NaN,NaN,NaN,NaN
1717722000,1.45,1.51,1.44,1.48,12931300,NaN,NaN,NaN,NaN,NaN,NaN,NaN
1717981200,1.48,1.5,1.47,1.48,6028300,NaN,NaN,NaN,NaN,NaN,NaN,NaN
1718067600,1.48,1.52,1.48,1.48,18894100,NaN,NaN,NaN,NaN,NaN,NaN,NaN
1718154000,1.53,1.55,1.5,1.51,22451600,NaN,NaN,NaN,NaN,NaN,NaN,NaN
1718240400,1.52,1.54,1.48,1.51,11004900,NaN,NaN,NaN,NaN,NaN,NaN,NaN
1718326800,1.51,1.51,1.45,1.47,13190900,NaN,NaN,NaN,NaN,NaN,NaN,NaN
1718672400,1.47,1.48,1.41,1.42,13513400,NaN,NaN,NaN,NaN,NaN,NaN,NaN
1718758800,1.42,1.43,1.4,1.42,7295200,NaN,NaN,NaN,NaN,NaN,NaN,NaN
1718845200,1.42,1.42,1.39,1.4,8057800,NaN,NaN,NaN,NaN,NaN,NaN,NaN
1718931600,1.4,1.42,1.38,1.42,16150300,NaN,NaN,NaN,NaN,NaN,NaN,NaN
1719190800,1.42,1.42,1.37,1.37,7177900,NaN,NaN,NaN,NaN,NaN,NaN,NaN
1719277200,1.37,1.38,1.33,1.33,10793700,NaN,NaN,NaN,NaN,NaN,NaN,NaN
1719363600,1.34,1.38,1.33,1.37,14663800,NaN,NaN,NaN,NaN,NaN,NaN,NaN
1719450000,1.37,1.38,1.32,1.35,12111900,NaN,NaN,NaN,NaN,NaN,NaN,NaN
1719536400,1.35,1.39,1.33,1.38,8137300,4761205000,28561531000,12590969000,526530999.99999994,1494562000,14731027000,0.971014492753623
1719795600,1.38,1.41,1.38,1.4,6279900,NaN,NaN,NaN,NaN,NaN,NaN,NaN
1719882000,1.4,1.46,1.39,1.43,7010600,NaN,NaN,NaN,NaN,NaN,NaN,NaN
1719968400,1.44,1.49,1.43,1.48,7565900,NaN,NaN,NaN,NaN,NaN,NaN,NaN
1720054800,1.48,1.5,1.47,1.48,4602100,NaN,NaN,NaN,NaN,NaN,NaN,NaN
1720141200,1.49,1.49,1.43,1.46,6424300,NaN,NaN,NaN,NaN,NaN,NaN,NaN
1720486800,1.46,1.46,1.41,1.44,5966300,NaN,NaN,NaN,NaN,NaN,NaN,NaN
1720573200,1.44,1.47,1.43,1.45,4415800,NaN,NaN,NaN,NaN,NaN,NaN,NaN
1720659600,1.45,1.64,1.45,1.57,56507800,NaN,NaN,NaN,NaN,NaN,NaN,NaN
1720746000,1.56,1.63,1.56,1.57,14563900,NaN,NaN,NaN,NaN,NaN,NaN,NaN
1721005200,1.58,1.63,1.57,1.59,11704100,NaN,NaN,NaN,NaN,NaN,NaN,NaN
1721091600,1.59,1.62,1.57,1.6,13012600,NaN,NaN,NaN,NaN,NaN,NaN,NaN
1721178000,1.62,1.64,1.59,1.63,16088200,NaN,NaN,NaN,NaN,NaN,NaN,NaN
1721264400,1.63,1.8,1.61,1.8,32522900,NaN,NaN,NaN,NaN,NaN,NaN,NaN
1721350800,1.8,1.8,1.71,1.72,8488500,NaN,NaN,NaN,NaN,NaN,NaN,NaN
1721610000,1.71,1.73,1.64,1.68,16734500,NaN,NaN,NaN,NaN,NaN,NaN,NaN
1721696400,1.7,1.74,1.69,1.71,18766300,NaN,NaN,NaN,NaN,NaN,NaN,NaN
1721782800,1.7,1.71,1.63,1.63,8680700,NaN,NaN,NaN,NaN,NaN,NaN,NaN
1721869200,1.6,1.63,1.56,1.61,20777000,NaN,NaN,NaN,NaN,NaN,NaN,NaN
1721955600,1.62,1.64,1.61,1.62,3202400,NaN,NaN,NaN,NaN,NaN,NaN,NaN
1722214800,1.64,1.69,1.62,1.63,9234300,NaN,NaN,NaN,NaN,NaN,NaN,NaN
1722301200,1.64,1.67,1.62,1.63,6382400,NaN,NaN,NaN,NaN,NaN,NaN,NaN
1722387600,1.63,1.65,1.58,1.6,10873300,NaN,NaN,NaN,NaN,NaN,NaN,NaN
1722474000,1.61,1.64,1.59,1.6,12851600,NaN,NaN,NaN,NaN,NaN,NaN,NaN
1722560400,1.57,1.59,1.41,1.44,22282900,NaN,NaN,NaN,NaN,NaN,NaN,NaN
1722819600,1.39,1.41,1.19,1.24,51722600,NaN,NaN,NaN,NaN,NaN,NaN,NaN
1722906000,1.3,1.43,1.26,1.42,30735700,NaN,NaN,NaN,NaN,NaN,NaN,NaN
1722992400,1.44,1.49,1.41,1.44,18976300,NaN,NaN,NaN,NaN,NaN,NaN,NaN
1723078800,1.42,1.47,1.4,1.43,7140600,NaN,NaN,NaN,NaN,NaN,NaN,NaN
1723165200,1.48,1.52,1.47,1.48,14519400,NaN,NaN,NaN,NaN,NaN,NaN,NaN
1723424400,1.49,1.53,1.49,1.52,16757000,NaN,NaN,NaN,NaN,NaN,NaN,NaN
1723510800,1.54,1.54,1.46,1.51,8636100,NaN,NaN,NaN,NaN,NaN,NaN,NaN
1723597200,1.52,1.53,1.5,1.52,5314600,NaN,NaN,NaN,NaN,NaN,NaN,NaN
1723683600,1.54,1.54,1.26,1.29,142237000,NaN,NaN,NaN,NaN,NaN,NaN,NaN
1723770000,1.31,1.36,1.28,1.3,82906300,NaN,NaN,NaN,NaN,NaN,NaN,NaN
1724029200,1.33,1.38,1.31,1.34,41881500,NaN,NaN,NaN,NaN,NaN,NaN,NaN
1724115600,1.34,1.35,1.28,1.3,24156000,NaN,NaN,NaN,NaN,NaN,NaN,NaN
1724202000,1.29,1.33,1.29,1.3,11074100,NaN,NaN,NaN,NaN,NaN,NaN,NaN
1724288400,1.31,1.32,1.29,1.3,12922600,NaN,NaN,NaN,NaN,NaN,NaN,NaN
1724374800,1.3,1.3,1.23,1.24,30807900,NaN,NaN,NaN,NaN,NaN,NaN,NaN
1724634000,1.24,1.27,1.21,1.24,26793000,NaN,NaN,NaN,NaN,NaN,NaN,NaN
1724720400,1.24,1.27,1.23,1.27,15561600,NaN,NaN,NaN,NaN,NaN,NaN,NaN
1724806800,1.26,1.27,1.05,1.08,59983900,NaN,NaN,NaN,NaN,NaN,NaN,NaN
1724893200,1.09,1.11,0.995,1.03,59496900,NaN,NaN,NaN,NaN,NaN,NaN,NaN
1724979600,1.04,1.14,1.03,1.1,36900500,NaN,NaN,NaN,NaN,NaN,NaN,NaN
1725238800,1.11,1.19,1.1,1.17,32593300,NaN,NaN,NaN,NaN,NaN,NaN,NaN
1725325200,1.18,1.21,1.14,1.15,22308200,NaN,NaN,NaN,NaN,NaN,NaN,NaN
1725411600,1.13,1.15,1.1,1.13,13134300,NaN,NaN,NaN,NaN,NaN,NaN,NaN
1725498000,1.13,1.16,1.11,1.12,14992000,NaN,NaN,NaN,NaN,NaN,NaN,NaN
1725584400,1.11,1.13,1.1,1.12,9692800,NaN,NaN,NaN,NaN,NaN,NaN,NaN
1725843600,1.1,1.15,1.08,1.14,6751900,NaN,NaN,NaN,NaN,NaN,NaN,NaN
1725930000,1.15,1.18,1.1,1.12,13767800,NaN,NaN,NaN,NaN,NaN,NaN,NaN
1726016400,1.12,1.13,1.09,1.11,10717200,NaN,NaN,NaN,NaN,NaN,NaN,NaN
1726102800,1.13,1.14,1.1,1.13,9023100,NaN,NaN,NaN,NaN,NaN,NaN,NaN
1726189200,1.13,1.23,1.13,1.22,22613100,NaN,NaN,NaN,NaN,NaN,NaN,NaN
1726534800,1.22,1.23,1.18,1.23,10636000,NaN,NaN,NaN,NaN,NaN,NaN,NaN
1726621200,1.23,1.23,1.16,1.2,18068000,NaN,NaN,NaN,NaN,NaN,NaN,NaN
1726707600,1.2,1.24,1.18,1.22,26407700,NaN,NaN,NaN,NaN,NaN,NaN,NaN
1726794000,1.24,1.27,1.23,1.27,31441000,NaN,NaN,NaN,NaN,NaN,NaN,NaN
1727053200,1.28,1.37,1.27,1.36,19033100,NaN,NaN,NaN,NaN,NaN,NaN,NaN
1727139600,1.36,1.36,1.32,1.34,9949500,NaN,NaN,NaN,NaN,NaN,NaN,NaN
1727226000,1.33,1.33,1.26,1.29,17041200,NaN,NaN,NaN,NaN,NaN,NaN,NaN
1727312400,1.29,1.3,1.25,1.27,27846900,NaN,NaN,NaN,NaN,NaN,NaN,NaN
1727398800,1.28,1.3,1.24,1.3,8417000,NaN,NaN,NaN,NaN,NaN,NaN,NaN
1727658000,1.28,1.33,1.25,1.25,14517800,4858711000,27845905000,12096286000,276786000,1258804000,14504931000,1.072
1727744400,1.26,1.32,1.26,1.32,11183400,NaN,NaN,NaN,NaN,NaN,NaN,NaN
1727830800,1.3,1.31,1.26,1.28,12050200,NaN,NaN,NaN,NaN,NaN,NaN,NaN
1727917200,1.28,1.31,1.26,1.3,11972800,NaN,NaN,NaN,NaN,NaN,NaN,NaN
1728003600,1.3,1.3,1.25,1.28,15730300,NaN,NaN,NaN,NaN,NaN,NaN,NaN
1728262800,1.29,1.3,1.27,1.28,9506300,NaN,NaN,NaN,NaN,NaN,NaN,NaN
1728349200,1.27,1.3,1.24,1.3,15964200,NaN,NaN,NaN,NaN,NaN,NaN,NaN
1728435600,1.3,1.31,1.24,1.27,19029500,NaN,NaN,NaN,NaN,NaN,NaN,NaN
1728522000,1.28,1.31,1.27,1.29,15888300,NaN,NaN,NaN,NaN,NaN,NaN,NaN
1728608400,1.29,1.31,1.28,1.31,13096600,NaN,NaN,NaN,NaN,NaN,NaN,NaN
1728867600,1.31,1.31,1.26,1.29,12834700,NaN,NaN,NaN,NaN,NaN,NaN,NaN
1728954000,1.29,1.35,1.26,1.34,22817500,NaN,NaN,NaN,NaN,NaN,NaN,NaN
1729040400,1.33,1.37,1.29,1.31,21883300,NaN,NaN,NaN,NaN,NaN,NaN,NaN
1729126800,1.33,1.42,1.32,1.39,39054600,NaN,NaN,NaN,NaN,NaN,NaN,NaN
1729213200,1.4,1.43,1.39,1.42,17163200,NaN,NaN,NaN,NaN,NaN,NaN,NaN
1729472400,1.41,1.43,1.38,1.42,17199400,NaN,NaN,NaN,NaN,NaN,NaN,NaN
1729558800,1.41,1.43,1.4,1.43,12001100,NaN,NaN,NaN,NaN,NaN,NaN,NaN
1729645200,1.43,1.47,1.4,1.45,25751400,NaN,NaN,NaN,NaN,NaN,NaN,NaN
1729731600,1.44,1.46,1.41,1.43,9919200,NaN,NaN,NaN,NaN,NaN,NaN,NaN
1729818000,1.43,1.45,1.41,1.44,9164900,NaN,NaN,NaN,NaN,NaN,NaN,NaN
1730077200,1.44,1.45,1.41,1.41,4453700,NaN,NaN,NaN,NaN,NaN,NaN,NaN
1730163600,1.41,1.44,1.41,1.44,4212000,NaN,NaN,NaN,NaN,NaN,NaN,NaN
1730250000,1.44,1.44,1.39,1.42,7348100,NaN,NaN,NaN,NaN,NaN,NaN,NaN
1730422800,1.42,1.44,1.4,1.43,15275500,NaN,NaN,NaN,NaN,NaN,NaN,NaN
1730682000,1.42,1.44,1.42,1.42,4455200,NaN,NaN,NaN,NaN,NaN,NaN,NaN
1730768400,1.42,1.44,1.38,1.44,8203900,NaN,NaN,NaN,NaN,NaN,NaN,NaN
1730854800,1.44,1.48,1.43,1.45,16141300,NaN,NaN,NaN,NaN,NaN,NaN,NaN
1730941200,1.45,1.46,1.4,1.43,16293700,NaN,NaN,NaN,NaN,NaN,NaN,NaN
1731027600,1.43,1.44,1.38,1.41,16498100,NaN,NaN,NaN,NaN,NaN,NaN,NaN
1731286800,1.41,1.41,1.36,1.4,16256300,NaN,NaN,NaN,NaN,NaN,NaN,NaN
1731373200,1.4,1.41,1.34,1.36,14455100,NaN,NaN,NaN,NaN,NaN,NaN,NaN
1731459600,1.36,1.38,1.35,1.36,8680900,NaN,NaN,NaN,NaN,NaN,NaN,NaN
1731546000,1.37,1.39,1.35,1.36,12150500,NaN,NaN,NaN,NaN,NaN,NaN,NaN
1731632400,1.35,1.39,1.33,1.36,13623900,NaN,NaN,NaN,NaN,NaN,NaN,NaN
1731891600,1.34,1.38,1.34,1.35,10415500,NaN,NaN,NaN,NaN,NaN,NaN,NaN
1731978000,1.35,1.41,1.35,1.39,8949200,NaN,NaN,NaN,NaN,NaN,NaN,NaN
1732064400,1.39,1.41,1.35,1.37,12675500,NaN,NaN,NaN,NaN,NaN,NaN,NaN
1732150800,1.38,1.39,1.34,1.36,7721200,NaN,NaN,NaN,NaN,NaN,NaN,NaN
1732237200,1.36,1.38,1.33,1.38,9395400,NaN,NaN,NaN,NaN,NaN,NaN,NaN
1732496400,1.36,1.4,1.34,1.39,10012700,NaN,NaN,NaN,NaN,NaN,NaN,NaN
1732582800,1.4,1.41,1.34,1.34,11292300,NaN,NaN,NaN,NaN,NaN,NaN,NaN
1732669200,1.35,1.36,1.31,1.34,12049100,NaN,NaN,NaN,NaN,NaN,NaN,NaN
1732755600,1.34,1.35,1.3,1.31,4052200,NaN,NaN,NaN,NaN,NaN,NaN,NaN
1732842000,1.3,1.33,1.28,1.33,6160700,NaN,NaN,NaN,NaN,NaN,NaN,NaN
1733101200,1.33,1.35,1.31,1.32,3854000,NaN,NaN,NaN,NaN,NaN,NaN,NaN
1733187600,1.32,1.4,1.32,1.4,16489600,NaN,NaN,NaN,NaN,NaN,NaN,NaN
1733274000,1.4,1.43,1.39,1.4,10588300,NaN,NaN,NaN,NaN,NaN,NaN,NaN
1733360400,1.41,1.42,1.38,1.4,4825300,NaN,NaN,NaN,NaN,NaN,NaN,NaN
1733446800,1.41,1.42,1.39,1.39,5057900,NaN,NaN,NaN,NaN,NaN,NaN,NaN
1733706000,1.39,1.41,1.37,1.38,3581900,NaN,NaN,NaN,NaN,NaN,NaN,NaN
1733792400,1.37,1.39,1.36,1.36,3006100,NaN,NaN,NaN,NaN,NaN,NaN,NaN
1733878800,1.36,1.37,1.33,1.34,4100200,NaN,NaN,NaN,NaN,NaN,NaN,NaN
1733965200,1.34,1.37,1.34,1.34,4681300,NaN,NaN,NaN,NaN,NaN,NaN,NaN
1734051600,1.35,1.38,1.35,1.38,9962700,NaN,NaN,NaN,NaN,NaN,NaN,NaN
1734310800,1.39,1.42,1.37,1.39,7977400,NaN,NaN,NaN,NaN,NaN,NaN,NaN
1734397200,1.4,1.41,1.38,1.38,3428500,NaN,NaN,NaN,NaN,NaN,NaN,NaN
1734483600,1.38,1.39,1.34,1.35,7835400,NaN,NaN,NaN,NaN,NaN,NaN,NaN
1734570000,1.34,1.36,1.32,1.35,2607400,NaN,NaN,NaN,NaN,NaN,NaN,NaN
1734656400,1.36,1.37,1.35,1.36,2278300,NaN,NaN,NaN,NaN,NaN,NaN,NaN
1734915600,1.36,1.37,1.35,1.36,2545200,NaN,NaN,NaN,NaN,NaN,NaN,NaN
1735002000,1.36,1.37,1.35,1.36,3445100,NaN,NaN,NaN,NaN,NaN,NaN,NaN
1735174800,1.36,1.4,1.35,1.38,6340000,NaN,NaN,NaN,NaN,NaN,NaN,NaN
1735261200,1.39,1.41,1.39,1.4,4045900,NaN,NaN,NaN,NaN,NaN,NaN,NaN
1735520400,1.4,1.47,1.4,1.44,12680500,NaN,NaN,NaN,NaN,NaN,NaN,NaN
1735606800,1.43,1.47,1.43,1.46,12797200,5002483000,27603810000,11760059000,204229000,1064252000,14613856000,1.97260273972603
1735779600,1.46,1.46,1.42,1.43,7772100,NaN,NaN,NaN,NaN,NaN,NaN,NaN
1735866000,1.44,1.49,1.42,1.46,16966700,NaN,NaN,NaN,NaN,NaN,NaN,NaN
1736125200,1.47,1.48,1.44,1.45,6954400,NaN,NaN,NaN,NaN,NaN,NaN,NaN
1736211600,1.45,1.5,1.43,1.45,16903600,NaN,NaN,NaN,NaN,NaN,NaN,NaN
1736298000,1.46,1.47,1.45,1.46,14744000,NaN,NaN,NaN,NaN,NaN,NaN,NaN
1736384400,1.46,1.48,1.44,1.46,15753400,NaN,NaN,NaN,NaN,NaN,NaN,NaN
1736470800,1.46,1.47,1.4,1.43,13890400,NaN,NaN,NaN,NaN,NaN,NaN,NaN
1736730000,1.41,1.43,1.4,1.43,10323500,NaN,NaN,NaN,NaN,NaN,NaN,NaN
1736816400,1.43,1.44,1.4,1.42,5328400,NaN,NaN,NaN,NaN,NaN,NaN,NaN
1736902800,1.4,1.42,1.25,1.31,20406700,NaN,NaN,NaN,NaN,NaN,NaN,NaN
1736989200,1.32,1.34,1.28,1.31,8909800,NaN,NaN,NaN,NaN,NaN,NaN,NaN
1737075600,1.31,1.35,1.26,1.34,8600800,NaN,NaN,NaN,NaN,NaN,NaN,NaN
1737334800,1.35,1.4,1.35,1.4,9780200,NaN,NaN,NaN,NaN,NaN,NaN,NaN
1737421200,1.4,1.42,1.36,1.41,11303800,NaN,NaN,NaN,NaN,NaN,NaN,NaN
1737507600,1.4,1.44,1.37,1.4,9101000,NaN,NaN,NaN,NaN,NaN,NaN,NaN
1737594000,1.4,1.41,1.37,1.4,3705100,NaN,NaN,NaN,NaN,NaN,NaN,NaN
1737680400,1.4,1.4,1.37,1.38,2542000,NaN,NaN,NaN,NaN,NaN,NaN,NaN
1737939600,1.38,1.38,1.31,1.31,8970100,NaN,NaN,NaN,NaN,NaN,NaN,NaN
1738026000,1.31,1.36,1.29,1.32,9813500,NaN,NaN,NaN,NaN,NaN,NaN,NaN
1738285200,1.34,1.36,1.33,1.35,6176300,NaN,NaN,NaN,NaN,NaN,NaN,NaN
1738544400,1.35,1.35,1.3,1.32,4118100,NaN,NaN,NaN,NaN,NaN,NaN,NaN
1738630800,1.32,1.35,1.31,1.32,5552800,NaN,NaN,NaN,NaN,NaN,NaN,NaN
1738717200,1.34,1.37,1.33,1.37,3574800,NaN,NaN,NaN,NaN,NaN,NaN,NaN
1738803600,1.37,1.39,1.35,1.37,2652100,NaN,NaN,NaN,NaN,NaN,NaN,NaN
1738890000,1.37,1.38,1.36,1.37,3387800,NaN,NaN,NaN,NaN,NaN,NaN,NaN
1739149200,1.36,1.38,1.35,1.38,2371000,NaN,NaN,NaN,NaN,NaN,NaN,NaN
1739322000,1.39,1.4,1.36,1.36,2443600,NaN,NaN,NaN,NaN,NaN,NaN,NaN
1739408400,1.37,1.41,1.37,1.4,3663900,NaN,NaN,NaN,NaN,NaN,NaN,NaN
1739494800,1.4,1.42,1.38,1.41,8767700,NaN,NaN,NaN,NaN,NaN,NaN,NaN
1739754000,1.4,1.4,1.38,1.39,714400,NaN,NaN,NaN,NaN,NaN,NaN,NaN
1739840400,1.39,1.39,1.37,1.39,1488100,NaN,NaN,NaN,NaN,NaN,NaN,NaN
1739926800,1.39,1.39,1.31,1.33,7864500,NaN,NaN,NaN,NaN,NaN,NaN,NaN
1740013200,1.33,1.34,1.3,1.34,3406900,NaN,NaN,NaN,NaN,NaN,NaN,NaN
1740099600,1.33,1.36,1.33,1.36,2397500,NaN,NaN,NaN,NaN,NaN,NaN,NaN
1740358800,1.36,1.37,1.34,1.36,2535500,NaN,NaN,NaN,NaN,NaN,NaN,NaN
1740445200,1.36,1.37,1.31,1.35,3427300,NaN,NaN,NaN,NaN,NaN,NaN,NaN
1740531600,1.38,1.38,1.31,1.34,4963000,NaN,NaN,NaN,NaN,NaN,NaN,NaN
1740618000,1.34,1.36,1.33,1.35,548900,NaN,NaN,NaN,NaN,NaN,NaN,NaN
1740704400,1.33,1.35,1.32,1.34,6197500,NaN,NaN,NaN,NaN,NaN,NaN,NaN
1740963600,1.33,1.33,1.31,1.33,1162900,NaN,NaN,NaN,NaN,NaN,NaN,NaN
1741050000,1.33,1.33,1.25,1.26,6393300,NaN,NaN,NaN,NaN,NaN,NaN,NaN
1741136400,1.26,1.29,1.23,1.25,4985100,NaN,NaN,NaN,NaN,NaN,NaN,NaN
1741222800,1.26,1.28,1.24,1.26,977200,NaN,NaN,NaN,NaN,NaN,NaN,NaN
1741309200,1.25,1.3,1.24,1.3,2826000,NaN,NaN,NaN,NaN,NaN,NaN,NaN
1741568400,1.3,1.3,1.24,1.25,1716800,NaN,NaN,NaN,NaN,NaN,NaN,NaN
1741654800,1.24,1.24,1.19,1.21,11717200,NaN,NaN,NaN,NaN,NaN,NaN,NaN
1741741200,1.2,1.21,1.13,1.15,14271400,NaN,NaN,NaN,NaN,NaN,NaN,NaN
1741827600,1.16,1.2,1.16,1.2,7788700,NaN,NaN,NaN,NaN,NaN,NaN,NaN
1741914000,1.19,1.21,1.18,1.19,9475700,NaN,NaN,NaN,NaN,NaN,NaN,NaN
1742173200,1.19,1.22,1.18,1.19,4444600,NaN,NaN,NaN,NaN,NaN,NaN,NaN
1742346000,1.18,1.21,1.16,1.18,2826300,NaN,NaN,NaN,NaN,NaN,NaN,NaN
1742432400,1.19,1.2,1.18,1.18,930900,NaN,NaN,NaN,NaN,NaN,NaN,NaN
1742518800,1.18,1.19,1.17,1.19,1252500,NaN,NaN,NaN,NaN,NaN,NaN,NaN
1742778000,1.17,1.17,1.15,1.17,1647100,NaN,NaN,NaN,NaN,NaN,NaN,NaN
1742864400,1.2,1.2,1.17,1.19,563600,NaN,NaN,NaN,NaN,NaN,NaN,NaN
1742950800,1.2,1.2,1.17,1.19,1014300,NaN,NaN,NaN,NaN,NaN,NaN,NaN
1743037200,1.19,1.22,1.18,1.21,2516100,NaN,NaN,NaN,NaN,NaN,NaN,NaN
1743123600,1.21,1.21,1.17,1.18,3522700,5003000781,27312364000,11537010000,173845000,770696000,14523131000,NaN
1743555600,1.16,1.19,1.16,1.18,1335100,NaN,NaN,NaN,NaN,NaN,NaN,NaN
1743642000,1.15,1.19,1.15,1.18,961200,NaN,NaN,NaN,NaN,NaN,NaN,NaN
1743728400,1.15,1.19,1.15,1.17,2193300,NaN,NaN,NaN,NaN,NaN,NaN,NaN
1743987600,1.13,1.13,1.05,1.1,15305600,NaN,NaN,NaN,NaN,NaN,NaN,NaN
1744074000,1.1,1.14,1.08,1.1,2780000,NaN,NaN,NaN,NaN,NaN,NaN,NaN
1744160400,1.1,1.11,1.04,1.06,4855800,NaN,NaN,NaN,NaN,NaN,NaN,NaN
1744246800,1.11,1.13,1.11,1.12,2363200,NaN,NaN,NaN,NaN,NaN,NaN,NaN
1744333200,1.11,1.13,1.08,1.13,2636000,NaN,NaN,NaN,NaN,NaN,NaN,NaN
1744592400,1.14,1.15,1.13,1.13,1803900,NaN,NaN,NaN,NaN,NaN,NaN,NaN
1744678800,1.14,1.15,1.12,1.14,2016800,NaN,NaN,NaN,NaN,NaN,NaN,NaN
1744765200,1.13,1.14,1.11,1.12,3498900,NaN,NaN,NaN,NaN,NaN,NaN,NaN
1744851600,1.12,1.13,1.09,1.09,3068500,NaN,NaN,NaN,NaN,NaN,NaN,NaN
1744938000,1.08,1.12,1.08,1.1,2782900,NaN,NaN,NaN,NaN,NaN,NaN,NaN
1745197200,1.1,1.11,1.06,1.07,5916900,NaN,NaN,NaN,NaN,NaN,NaN,NaN
1745283600,1.06,1.07,1.04,1.06,2304500,NaN,NaN,NaN,NaN,NaN,NaN,NaN
1745370000,1.07,1.1,1.07,1.09,3025800,NaN,NaN,NaN,NaN,NaN,NaN,NaN
1745456400,1.1,1.12,1.08,1.09,1746900,NaN,NaN,NaN,NaN,NaN,NaN,NaN
1745542800,1.1,1.12,1.1,1.12,2172600,NaN,NaN,NaN,NaN,NaN,NaN,NaN
1745802000,1.12,1.14,1.11,1.13,2583300,NaN,NaN,NaN,NaN,NaN,NaN,NaN
1745888400,1.12,1.13,1.09,1.1,3308100,NaN,NaN,NaN,NaN,NaN,NaN,NaN
1745974800,1.1,1.12,1.1,1.1,3202700,NaN,NaN,NaN,NaN,NaN,NaN,NaN
1746147600,1.1,1.16,1.1,1.15,11040200,NaN,NaN,NaN,NaN,NaN,NaN,NaN
1746406800,1.16,1.17,1.15,1.15,4526600,NaN,NaN,NaN,NaN,NaN,NaN,NaN
1746493200,1.15,1.15,1.12,1.14,1151000,NaN,NaN,NaN,NaN,NaN,NaN,NaN
1746579600,1.14,1.18,1.13,1.17,5735300,NaN,NaN,NaN,NaN,NaN,NaN,NaN
1746666000,1.18,1.18,1.15,1.15,2501000,NaN,NaN,NaN,NaN,NaN,NaN,NaN
1746752400,1.16,1.18,1.15,1.16,8247200,NaN,NaN,NaN,NaN,NaN,NaN,NaN
1747098000,1.18,1.23,1.18,1.22,7393600,NaN,NaN,NaN,NaN,NaN,NaN,NaN
1747184400,1.22,1.29,1.21,1.27,10387600,NaN,NaN,NaN,NaN,NaN,NaN,NaN
1747270800,1.27,1.3,1.27,1.27,3891100,NaN,NaN,NaN,NaN,NaN,NaN,NaN
1747357200,1.27,1.28,1.24,1.26,3570600,NaN,NaN,NaN,NaN,NaN,NaN,NaN
1747616400,1.25,1.25,1.22,1.23,3898500,NaN,NaN,NaN,NaN,NaN,NaN,NaN
1747702800,1.24,1.26,1.22,1.23,1376500,NaN,NaN,NaN,NaN,NaN,NaN,NaN
1747789200,1.24,1.25,1.18,1.19,9601900,NaN,NaN,NaN,NaN,NaN,NaN,NaN
1747875600,1.19,1.22,1.18,1.2,3342900,NaN,NaN,NaN,NaN,NaN,NaN,NaN
1747962000,1.2,1.21,1.18,1.2,3791400,NaN,NaN,NaN,NaN,NaN,NaN,NaN
1748221200,1.21,1.23,1.17,1.18,4379200,NaN,NaN,NaN,NaN,NaN,NaN,NaN
1748307600,1.18,1.19,1.17,1.18,3377800,NaN,NaN,NaN,NaN,NaN,NaN,NaN
1748394000,1.19,1.2,1.17,1.18,1991100,NaN,NaN,NaN,NaN,NaN,NaN,NaN
1748480400,1.19,1.19,1.17,1.18,1461300,NaN,NaN,NaN,NaN,NaN,NaN,NaN
1748566800,1.18,1.18,1.15,1.16,8079700,NaN,NaN,NaN,NaN,NaN,NaN,NaN
1748912400,1.16,1.18,1.15,1.16,5964400,NaN,NaN,NaN,NaN,NaN,NaN,NaN
1748998800,1.16,1.17,1.14,1.16,2406200,NaN,NaN,NaN,NaN,NaN,NaN,NaN
1749085200,1.17,1.18,1.16,1.16,2181300,NaN,NaN,NaN,NaN,NaN,NaN,NaN
1749171600,1.15,1.16,1.15,1.15,4202500,NaN,NaN,NaN,NaN,NaN,NaN,NaN
1749430800,1.16,1.18,1.15,1.16,8909700,NaN,NaN,NaN,NaN,NaN,NaN,NaN
1749517200,1.16,1.18,1.15,1.15,3412500,NaN,NaN,NaN,NaN,NaN,NaN,NaN
1749603600,1.15,1.17,1.15,1.16,4934400,NaN,NaN,NaN,NaN,NaN,NaN,NaN
1749690000,1.17,1.17,1.14,1.15,8866800,NaN,NaN,NaN,NaN,NaN,NaN,NaN
1749776400,1.14,1.15,1.13,1.14,2546800,NaN,NaN,NaN,NaN,NaN,NaN,NaN
1750035600,1.14,1.14,1.11,1.12,6815900,NaN,NaN,NaN,NaN,NaN,NaN,NaN
1750122000,1.13,1.14,1.12,1.13,1962000,NaN,NaN,NaN,NaN,NaN,NaN,NaN
1750208400,1.14,1.14,1.11,1.11,989000,NaN,NaN,NaN,NaN,NaN,NaN,NaN
1750294800,1.11,1.11,1.08,1.1,3046300,NaN,NaN,NaN,NaN,NaN,NaN,NaN
1750381200,1.09,1.1,1.08,1.1,4037900,NaN,NaN,NaN,NaN,NaN,NaN,NaN
1750640400,1.07,1.09,1.06,1.07,11518900,NaN,NaN,NaN,NaN,NaN,NaN,NaN
1750726800,1.08,1.09,1.06,1.06,6969800,NaN,NaN,NaN,NaN,NaN,NaN,NaN
1750813200,1.07,1.1,1.06,1.09,7981700,NaN,NaN,NaN,NaN,NaN,NaN,NaN
1750899600,1.11,1.12,1.08,1.11,4043900,NaN,NaN,NaN,NaN,NaN,NaN,NaN
1751245200,1.11,1.14,1.1,1.12,7722200,5003087501,27003613000,11132998000,249177000,943732000,14597082000,NaN
1751331600,1.13,1.16,1.11,1.14,21603300,NaN,NaN,NaN,NaN,NaN,NaN,NaN
1751418000,1.15,1.18,1.15,1.15,19412800,NaN,NaN,NaN,NaN,NaN,NaN,NaN
1751504400,1.15,1.18,1.14,1.17,8103600,NaN,NaN,NaN,NaN,NaN,NaN,NaN
1751590800,1.18,1.18,1.16,1.17,2914700,NaN,NaN,NaN,NaN,NaN,NaN,NaN
1751850000,1.14,1.16,1.13,1.14,4555300,NaN,NaN,NaN,NaN,NaN,NaN,NaN
1751936400,1.13,1.15,1.13,1.14,1748300,NaN,NaN,NaN,NaN,NaN,NaN,NaN
1752022800,1.14,1.17,1.13,1.15,10898400,NaN,NaN,NaN,NaN,NaN,NaN,NaN
1752109200,1.16,1.17,1.13,1.14,8205700,NaN,NaN,NaN,NaN,NaN,NaN,NaN
1752195600,1.14,1.18,1.13,1.16,7306400,NaN,NaN,NaN,NaN,NaN,NaN,NaN
1752454800,1.16,1.18,1.15,1.16,9995400,NaN,NaN,NaN,NaN,NaN,NaN,NaN
1752541200,1.16,1.19,1.15,1.15,9861200,NaN,NaN,NaN,NaN,NaN,NaN,NaN
1752627600,1.14,1.16,1.14,1.15,6521600,NaN,NaN,NaN,NaN,NaN,NaN,NaN
1752714000,1.15,1.16,1.14,1.15,4057500,NaN,NaN,NaN,NaN,NaN,NaN,NaN
1752800400,1.16,1.2,1.16,1.19,19327400,NaN,NaN,NaN,NaN,NaN,NaN,NaN
1753059600,1.18,1.2,1.17,1.19,6842900,NaN,NaN,NaN,NaN,NaN,NaN,NaN
1753146000,1.2,1.21,1.17,1.17,4025600,NaN,NaN,NaN,NaN,NaN,NaN,NaN
1753232400,1.17,1.19,1.14,1.14,11997500,NaN,NaN,NaN,NaN,NaN,NaN,NaN
1753318800,1.16,1.16,1.13,1.14,5778500,NaN,NaN,NaN,NaN,NaN,NaN,NaN
1753405200,1.13,1.15,1.12,1.12,8065400,NaN,NaN,NaN,NaN,NaN,NaN,NaN
1753664400,1.12,1.14,1.12,1.13,6977000,NaN,NaN,NaN,NaN,NaN,NaN,NaN
1753750800,1.13,1.13,1.09,1.12,4077600,NaN,NaN,NaN,NaN,NaN,NaN,NaN
1753837200,1.12,1.12,1.1,1.11,1814800,NaN,NaN,NaN,NaN,NaN,NaN,NaN
1753923600,1.11,1.13,1.09,1.12,6313500,NaN,NaN,NaN,NaN,NaN,NaN,NaN
1754010000,1.12,1.14,1.11,1.12,4010500,NaN,NaN,NaN,NaN,NaN,NaN,NaN
1754269200,1.11,1.13,1.1,1.11,3006500,NaN,NaN,NaN,NaN,NaN,NaN,NaN
1754355600,1.11,1.12,1.09,1.11,5685100,NaN,NaN,NaN,NaN,NaN,NaN,NaN
1754442000,1.11,1.11,1.09,1.1,3568100,NaN,NaN,NaN,NaN,NaN,NaN,NaN
1754528400,1.1,1.11,1.07,1.08,5269300,NaN,NaN,NaN,NaN,NaN,NaN,NaN
1754614800,1.08,1.08,1.05,1.05,10667400,NaN,NaN,NaN,NaN,NaN,NaN,NaN
1754874000,1.05,1.08,1.05,1.05,5718400,NaN,NaN,NaN,NaN,NaN,NaN,NaN
1754960400,1.05,1.06,1.03,1.05,8187500,NaN,NaN,NaN,NaN,NaN,NaN,NaN
1755046800,1.06,1.11,1.06,1.09,5213100,NaN,NaN,NaN,NaN,NaN,NaN,NaN
1755133200,1.1,1.12,1.08,1.09,3769200,NaN,NaN,NaN,NaN,NaN,NaN,NaN
1755219600,1.1,1.1,1.08,1.09,2185800,NaN,NaN,NaN,NaN,NaN,NaN,NaN
1755478800,1.09,1.12,1.08,1.09,4108000,NaN,NaN,NaN,NaN,NaN,NaN,NaN
1755565200,1.1,1.1,1.08,1.09,2775700,NaN,NaN,NaN,NaN,NaN,NaN,NaN
1755651600,1.09,1.09,1.08,1.09,1478600,NaN,NaN,NaN,NaN,NaN,NaN,NaN
1755738000,1.1,1.1,1.05,1.06,6928700,NaN,NaN,NaN,NaN,NaN,NaN,NaN
1755824400,1.06,1.08,1.03,1.05,6882300,NaN,NaN,NaN,NaN,NaN,NaN,NaN
1756083600,1.06,1.06,1.04,1.05,3222700,NaN,NaN,NaN,NaN,NaN,NaN,NaN
1756170000,1.05,1.05,1.03,1.03,8305800,NaN,NaN,NaN,NaN,NaN,NaN,NaN
1756256400,1.03,1.04,1.02,1.03,5668000,NaN,NaN,NaN,NaN,NaN,NaN,NaN
1756342800,1.03,1.07,1.03,1.07,7949000,NaN,NaN,NaN,NaN,NaN,NaN,NaN
1756429200,1.07,1.07,1.04,1.05,3281200,NaN,NaN,NaN,NaN,NaN,NaN,NaN
1756774800,1.05,1.05,1.01,1.02,8152000,NaN,NaN,NaN,NaN,NaN,NaN,NaN
1756861200,1.03,1.04,1.02,1.03,5185400,NaN,NaN,NaN,NaN,NaN,NaN,NaN
1756947600,1.03,1.03,1.01,1.02,6421600,NaN,NaN,NaN,NaN,NaN,NaN,NaN
1757293200,1.02,1.04,0.99,1,11222200,NaN,NaN,NaN,NaN,NaN,NaN,NaN
1757379600,1,1.02,1,1.01,14459000,NaN,NaN,NaN,NaN,NaN,NaN,NaN
1757466000,1.02,1.03,0.995,1,7734300,NaN,NaN,NaN,NaN,NaN,NaN,NaN
1757552400,1,1.01,0.99,1,8079100,NaN,NaN,NaN,NaN,NaN,NaN,NaN
1757638800,1,1.01,0.99,0.99,3629300,NaN,NaN,NaN,NaN,NaN,NaN,NaN
1758070800,0.99,1.01,0.99,1,14097300,NaN,NaN,NaN,NaN,NaN,NaN,NaN
1758157200,1,1.05,1,1.04,19518000,NaN,NaN,NaN,NaN,NaN,NaN,NaN
1758243600,1.05,1.06,1.01,1.03,12406200,NaN,NaN,NaN,NaN,NaN,NaN,NaN
1758502800,1.02,1.04,1.01,1.03,8294700,NaN,NaN,NaN,NaN,NaN,NaN,NaN
1758589200,1.04,1.1,1.04,1.08,19912000,NaN,NaN,NaN,NaN,NaN,NaN,NaN
1758675600,1.08,1.1,1.06,1.07,8616000,NaN,NaN,NaN,NaN,NaN,NaN,NaN
1758762000,1.07,1.09,1.05,1.05,6451000,NaN,NaN,NaN,NaN,NaN,NaN,NaN
1758848400,1.05,1.07,1.05,1.05,10671400,NaN,NaN,NaN,NaN,NaN,NaN,NaN