time,open,high,low,close,Volume,Total common shares outstanding,Total assets,Total liabilities,Operating income,Total revenue,Shareholders&#039; equity,Dividend yield %
1478653200,1.88,1.9,1.88,1.89,42300,NaN,NaN,NaN,NaN,NaN,NaN,NaN
1478739600,1.89,1.93,1.89,1.91,35500,NaN,NaN,NaN,NaN,NaN,NaN,NaN
1478826000,1.9,1.93,1.89,1.93,228200,NaN,NaN,NaN,NaN,NaN,NaN,NaN
1479085200,1.92,1.94,1.9,1.94,204000,NaN,NaN,NaN,NaN,NaN,NaN,NaN
1479171600,1.94,1.95,1.94,1.95,160300,NaN,NaN,NaN,NaN,NaN,NaN,NaN
1479258000,1.94,1.95,1.92,1.92,245100,NaN,NaN,NaN,NaN,NaN,NaN,NaN
1479344400,1.92,1.94,1.91,1.91,14000,NaN,NaN,NaN,NaN,NaN,NaN,NaN
1479430800,1.91,1.93,1.9,1.92,41400,NaN,NaN,NaN,NaN,NaN,NaN,NaN
1479690000,1.92,1.93,1.89,1.89,74000,NaN,NaN,NaN,NaN,NaN,NaN,NaN
1479776400,1.91,1.91,1.89,1.89,85200,NaN,NaN,NaN,NaN,NaN,NaN,NaN
1479862800,1.91,1.91,1.9,1.91,39700,NaN,NaN,NaN,NaN,NaN,NaN,NaN
1479949200,1.93,1.94,1.91,1.93,68100,NaN,NaN,NaN,NaN,NaN,NaN,NaN
1480035600,1.95,1.95,1.93,1.93,107100,NaN,NaN,NaN,NaN,NaN,NaN,NaN
1480294800,1.94,1.94,1.92,1.93,92500,NaN,NaN,NaN,NaN,NaN,NaN,NaN
1480381200,1.92,1.94,1.91,1.91,53600,NaN,NaN,NaN,NaN,NaN,NaN,NaN
1480467600,1.91,1.93,1.9,1.92,224400,NaN,NaN,NaN,NaN,NaN,NaN,NaN
1480554000,1.91,1.92,1.9,1.91,94600,NaN,NaN,NaN,NaN,NaN,NaN,NaN
1480640400,1.92,1.92,1.91,1.91,34900,NaN,NaN,NaN,NaN,NaN,NaN,NaN
1480899600,1.91,1.91,1.89,1.89,278700,NaN,NaN,NaN,NaN,NaN,NaN,NaN
1480986000,1.89,1.9,1.88,1.9,385000,NaN,NaN,NaN,NaN,NaN,NaN,NaN
1481072400,1.9,1.9,1.9,1.9,24500,NaN,NaN,NaN,NaN,NaN,NaN,NaN
1481158800,1.89,1.89,1.88,1.88,6800,NaN,NaN,NaN,NaN,NaN,NaN,NaN
1481245200,1.88,1.88,1.88,1.88,44700,NaN,NaN,NaN,NaN,NaN,NaN,NaN
1481590800,1.89,1.9,1.88,1.89,47400,NaN,NaN,NaN,NaN,NaN,NaN,NaN
1481677200,1.91,1.91,1.89,1.9,22700,NaN,NaN,NaN,NaN,NaN,NaN,NaN
1481763600,1.89,1.9,1.89,1.9,47500,NaN,NaN,NaN,NaN,NaN,NaN,NaN
1481850000,1.91,1.91,1.88,1.88,97200,NaN,NaN,NaN,NaN,NaN,NaN,NaN
1482109200,1.89,1.9,1.88,1.88,168300,NaN,NaN,NaN,NaN,NaN,NaN,NaN
1482195600,1.88,1.88,1.82,1.83,78600,NaN,NaN,NaN,NaN,NaN,NaN,NaN
1482282000,1.89,1.9,1.85,1.86,34600,NaN,NaN,NaN,NaN,NaN,NaN,NaN
1482368400,1.87,1.87,1.83,1.87,17100,NaN,NaN,NaN,NaN,NaN,NaN,NaN
1482454800,1.87,1.88,1.87,1.87,12600,NaN,NaN,NaN,NaN,NaN,NaN,NaN
1482800400,1.88,1.9,1.87,1.9,20300,NaN,NaN,NaN,NaN,NaN,NaN,NaN
1482886800,1.87,1.87,1.84,1.86,49700,NaN,NaN,NaN,NaN,NaN,NaN,NaN
1482973200,1.9,1.9,1.85,1.86,20800,NaN,NaN,NaN,NaN,NaN,NaN,NaN
1483059600,1.86,1.86,1.86,1.86,7600,NaN,NaN,NaN,NaN,NaN,NaN,NaN
1483405200,1.86,1.87,1.85,1.85,39700,NaN,NaN,NaN,NaN,NaN,NaN,NaN
1483491600,1.86,1.9,1.86,1.9,81300,NaN,NaN,NaN,NaN,NaN,NaN,NaN
1483578000,1.91,1.92,1.9,1.91,66400,NaN,NaN,NaN,NaN,NaN,NaN,NaN
1483664400,1.92,1.94,1.91,1.92,98600,NaN,NaN,NaN,NaN,NaN,NaN,NaN
1483923600,1.89,1.89,1.88,1.88,16700,NaN,NaN,NaN,NaN,NaN,NaN,NaN
1484010000,1.88,1.88,1.88,1.88,1600,NaN,NaN,NaN,NaN,NaN,NaN,NaN
1484096400,1.88,1.91,1.88,1.9,54100,NaN,NaN,NaN,NaN,NaN,NaN,NaN
1484182800,1.9,1.91,1.88,1.9,541800,NaN,NaN,NaN,NaN,NaN,NaN,NaN
1484269200,1.9,1.91,1.89,1.9,71100,NaN,NaN,NaN,NaN,NaN,NaN,NaN
1484528400,1.89,1.9,1.87,1.9,723700,NaN,NaN,NaN,NaN,NaN,NaN,NaN
1484614800,1.9,1.9,1.88,1.9,848100,NaN,NaN,NaN,NaN,NaN,NaN,NaN
1484701200,1.9,1.91,1.88,1.89,77400,NaN,NaN,NaN,NaN,NaN,NaN,NaN
1484787600,1.91,1.91,1.88,1.89,102700,NaN,NaN,NaN,NaN,NaN,NaN,NaN
1484874000,1.9,1.9,1.87,1.88,12600,NaN,NaN,NaN,NaN,NaN,NaN,NaN
1485133200,1.88,1.9,1.86,1.9,98600,NaN,NaN,NaN,NaN,NaN,NaN,NaN
1485219600,1.91,1.92,1.91,1.92,33000,NaN,NaN,NaN,NaN,NaN,NaN,NaN
1485306000,1.9,1.93,1.88,1.9,85600,NaN,NaN,NaN,NaN,NaN,NaN,NaN
1485392400,1.9,1.9,1.88,1.88,19000,NaN,NaN,NaN,NaN,NaN,NaN,NaN
1485478800,1.9,1.91,1.88,1.88,76900,NaN,NaN,NaN,NaN,NaN,NaN,NaN
1485824400,1.9,1.9,1.87,1.9,674600,NaN,NaN,NaN,NaN,NaN,NaN,NaN
1485997200,1.89,1.9,1.88,1.9,611200,NaN,NaN,NaN,NaN,NaN,NaN,NaN
1486083600,1.93,1.93,1.88,1.91,538800,NaN,NaN,NaN,NaN,NaN,NaN,NaN
1486342800,1.92,1.92,1.91,1.92,21500,NaN,NaN,NaN,NaN,NaN,NaN,NaN
1486429200,1.92,1.92,1.9,1.92,52200,NaN,NaN,NaN,NaN,NaN,NaN,NaN
1486515600,1.91,1.92,1.89,1.9,41000,NaN,NaN,NaN,NaN,NaN,NaN,NaN
1486688400,1.93,1.94,1.89,1.92,62000,NaN,NaN,NaN,NaN,NaN,NaN,NaN
1486947600,1.92,1.93,1.91,1.91,22300,NaN,NaN,NaN,NaN,NaN,NaN,NaN
1487034000,1.93,1.93,1.92,1.93,49000,NaN,NaN,NaN,NaN,NaN,NaN,NaN
1487120400,1.92,1.93,1.92,1.92,121400,NaN,NaN,NaN,NaN,NaN,NaN,NaN
1487206800,1.93,1.93,1.89,1.9,158000,NaN,NaN,NaN,NaN,NaN,NaN,NaN
1487293200,1.9,1.92,1.89,1.9,100500,NaN,NaN,NaN,NaN,NaN,NaN,NaN
1487552400,1.89,1.9,1.87,1.89,332200,NaN,NaN,NaN,NaN,NaN,NaN,NaN
1487638800,1.89,1.9,1.88,1.9,109000,NaN,NaN,NaN,NaN,NaN,NaN,NaN
1487725200,1.89,1.91,1.88,1.91,283000,NaN,NaN,NaN,NaN,NaN,NaN,NaN
1487811600,1.9,1.91,1.9,1.9,537400,NaN,NaN,NaN,NaN,NaN,NaN,NaN
1487898000,1.89,1.91,1.89,1.9,203500,NaN,NaN,NaN,NaN,NaN,NaN,NaN
1488157200,1.88,1.9,1.87,1.9,78300,NaN,NaN,NaN,NaN,NaN,NaN,NaN
1488243600,1.88,1.88,1.85,1.87,601600,NaN,NaN,NaN,NaN,NaN,NaN,NaN
1488330000,1.85,1.86,1.83,1.85,1354100,NaN,NaN,NaN,NaN,NaN,NaN,NaN
1488416400,1.85,1.87,1.84,1.84,161100,NaN,NaN,NaN,NaN,NaN,NaN,NaN
1488502800,1.85,1.85,1.84,1.85,101300,NaN,NaN,NaN,NaN,NaN,NaN,NaN
1488762000,1.88,1.88,1.85,1.85,66600,NaN,NaN,NaN,NaN,NaN,NaN,NaN
1488848400,1.86,1.88,1.85,1.86,42800,NaN,NaN,NaN,NaN,NaN,NaN,NaN
1488934800,1.86,1.9,1.86,1.86,55500,NaN,NaN,NaN,NaN,NaN,NaN,NaN
1489021200,1.85,1.85,1.83,1.84,58000,NaN,NaN,NaN,NaN,NaN,NaN,NaN
1489107600,1.83,1.86,1.81,1.85,387100,NaN,NaN,NaN,NaN,NaN,NaN,NaN
1489366800,1.83,1.84,1.83,1.83,47600,NaN,NaN,NaN,NaN,NaN,NaN,NaN
1489453200,1.84,1.86,1.84,1.84,125700,NaN,NaN,NaN,NaN,NaN,NaN,NaN
1489539600,1.84,1.84,1.82,1.82,34600,NaN,NaN,NaN,NaN,NaN,NaN,NaN
1489626000,1.83,1.84,1.8,1.83,274600,NaN,NaN,NaN,NaN,NaN,NaN,NaN
1489712400,1.82,1.84,1.81,1.82,254000,NaN,NaN,NaN,NaN,NaN,NaN,NaN
1489971600,1.82,1.86,1.82,1.85,300300,NaN,NaN,NaN,NaN,NaN,NaN,NaN
1490058000,1.85,1.85,1.82,1.82,35400,NaN,NaN,NaN,NaN,NaN,NaN,NaN
1490144400,1.82,1.85,1.82,1.83,35200,NaN,NaN,NaN,NaN,NaN,NaN,NaN
1490230800,1.82,1.82,1.81,1.82,139100,NaN,NaN,NaN,NaN,NaN,NaN,NaN
1490317200,1.84,1.84,1.82,1.82,7000,NaN,NaN,NaN,NaN,NaN,NaN,NaN
1490576400,1.83,1.85,1.83,1.84,373300,NaN,NaN,NaN,NaN,NaN,NaN,NaN
1490662800,1.84,1.86,1.83,1.84,427900,NaN,NaN,NaN,NaN,NaN,NaN,NaN
1490749200,1.83,1.89,1.83,1.88,167400,NaN,NaN,NaN,NaN,NaN,NaN,NaN
1490835600,1.89,1.9,1.87,1.89,223000,NaN,NaN,NaN,NaN,NaN,NaN,NaN
1490922000,1.85,1.87,1.85,1.87,6700,NaN,NaN,NaN,NaN,NaN,NaN,NaN
1491181200,1.85,1.85,1.84,1.84,243000,NaN,NaN,NaN,NaN,NaN,NaN,NaN
1491267600,1.82,1.84,1.81,1.83,165700,NaN,NaN,NaN,NaN,NaN,NaN,NaN
1491354000,1.82,1.85,1.77,1.8,1084000,NaN,NaN,NaN,NaN,NaN,NaN,NaN
1491440400,1.79,1.8,1.77,1.8,586600,NaN,NaN,NaN,NaN,NaN,NaN,NaN
1491526800,1.78,1.83,1.77,1.83,327000,NaN,NaN,NaN,NaN,NaN,NaN,NaN
1491786000,1.83,1.83,1.79,1.79,20400,NaN,NaN,NaN,NaN,NaN,NaN,NaN
1491872400,1.82,1.82,1.8,1.81,62600,NaN,NaN,NaN,NaN,NaN,NaN,NaN
1491958800,1.81,1.82,1.79,1.8,731100,NaN,NaN,NaN,NaN,NaN,NaN,NaN
1492045200,1.8,1.8,1.79,1.79,41600,NaN,NaN,NaN,NaN,NaN,NaN,NaN
1492131600,1.78,1.79,1.78,1.78,85000,NaN,NaN,NaN,NaN,NaN,NaN,NaN
1492390800,1.79,1.79,1.75,1.77,1986000,NaN,NaN,NaN,NaN,NaN,NaN,NaN
1492477200,1.77,1.77,1.76,1.77,1250600,NaN,NaN,NaN,NaN,NaN,NaN,NaN
1492563600,1.77,1.78,1.75,1.78,1193100,NaN,NaN,NaN,NaN,NaN,NaN,NaN
1492650000,1.78,1.78,1.77,1.78,1801600,NaN,NaN,NaN,NaN,NaN,NaN,NaN
1492736400,1.77,1.79,1.76,1.79,1705300,NaN,NaN,NaN,NaN,NaN,NaN,NaN
1493082000,1.8,1.8,1.77,1.77,32900,NaN,NaN,NaN,NaN,NaN,NaN,NaN
1493168400,1.76,1.78,1.76,1.77,119400,NaN,NaN,NaN,NaN,NaN,NaN,NaN
1493254800,1.77,1.77,1.74,1.74,234200,NaN,NaN,NaN,NaN,NaN,NaN,NaN
1493341200,1.74,1.78,1.74,1.78,246400,NaN,NaN,NaN,NaN,NaN,NaN,NaN
1493686800,1.78,1.8,1.78,1.8,1943600,NaN,NaN,NaN,NaN,NaN,NaN,NaN
1493773200,1.79,1.8,1.76,1.78,584700,NaN,NaN,NaN,NaN,NaN,NaN,NaN
1493859600,1.78,1.78,1.76,1.78,734200,NaN,NaN,NaN,NaN,NaN,NaN,NaN
1493946000,1.78,1.79,1.77,1.79,696100,NaN,NaN,NaN,NaN,NaN,NaN,NaN
1494205200,1.78,1.8,1.76,1.77,614200,NaN,NaN,NaN,NaN,NaN,NaN,NaN
1494291600,1.76,1.77,1.74,1.74,217900,NaN,NaN,NaN,NaN,NaN,NaN,NaN
1494464400,1.74,1.76,1.74,1.76,385600,NaN,NaN,NaN,NaN,NaN,NaN,NaN
1494550800,1.76,1.78,1.76,1.77,157900,NaN,NaN,NaN,NaN,NaN,NaN,NaN
1494810000,1.77,1.78,1.75,1.77,1167200,NaN,NaN,NaN,NaN,NaN,NaN,NaN
1494896400,1.79,1.79,1.76,1.77,463100,NaN,NaN,NaN,NaN,NaN,NaN,NaN
1494982800,1.78,1.78,1.76,1.77,474600,NaN,NaN,NaN,NaN,NaN,NaN,NaN
1495069200,1.77,1.77,1.77,1.77,184600,NaN,NaN,NaN,NaN,NaN,NaN,NaN
1495155600,1.77,1.79,1.76,1.78,147200,NaN,NaN,NaN,NaN,NaN,NaN,NaN
1495414800,1.78,1.78,1.77,1.77,42900,NaN,NaN,NaN,NaN,NaN,NaN,NaN
1495501200,1.78,1.79,1.77,1.77,244600,NaN,NaN,NaN,NaN,NaN,NaN,NaN
1495587600,1.77,1.79,1.76,1.78,162800,NaN,NaN,NaN,NaN,NaN,NaN,NaN
1495674000,1.79,1.79,1.76,1.77,253800,NaN,NaN,NaN,NaN,NaN,NaN,NaN
1495760400,1.77,1.8,1.77,1.79,165100,NaN,NaN,NaN,NaN,NaN,NaN,NaN
1496019600,1.79,1.82,1.78,1.82,122000,NaN,NaN,NaN,NaN,NaN,NaN,NaN
1496106000,1.81,1.82,1.81,1.81,165700,NaN,NaN,NaN,NaN,NaN,NaN,NaN
1496192400,1.8,1.82,1.8,1.82,308200,NaN,NaN,NaN,NaN,NaN,NaN,NaN
1496278800,1.81,1.81,1.78,1.79,81100,NaN,NaN,NaN,NaN,NaN,NaN,NaN
1496365200,1.78,1.78,1.76,1.76,161600,NaN,NaN,NaN,NaN,NaN,NaN,NaN
1496624400,1.75,1.76,1.75,1.76,9200,NaN,NaN,NaN,NaN,NaN,NaN,NaN
1496710800,1.76,1.76,1.71,1.72,203000,NaN,NaN,NaN,NaN,NaN,NaN,NaN
1496797200,1.72,1.75,1.72,1.75,50400,NaN,NaN,NaN,NaN,NaN,NaN,NaN
1496883600,1.75,1.75,1.72,1.75,37100,NaN,NaN,NaN,NaN,NaN,NaN,NaN
1496970000,1.75,1.75,1.73,1.75,98000,NaN,NaN,NaN,NaN,NaN,NaN,NaN
1497315600,1.73,1.75,1.73,1.75,37900,NaN,NaN,NaN,NaN,NaN,NaN,NaN
1497402000,1.74,1.75,1.73,1.75,59100,NaN,NaN,NaN,NaN,NaN,NaN,NaN
1497488400,1.75,1.75,1.74,1.75,18000,NaN,NaN,NaN,NaN,NaN,NaN,NaN
1497574800,1.75,1.79,1.75,1.79,50100,NaN,NaN,NaN,NaN,NaN,NaN,NaN
1497834000,1.78,1.78,1.76,1.76,2000,NaN,NaN,NaN,NaN,NaN,NaN,NaN
1497920400,1.75,1.75,1.73,1.74,107700,NaN,NaN,NaN,NaN,NaN,NaN,NaN
1498006800,1.74,1.74,1.74,1.74,26300,NaN,NaN,NaN,NaN,NaN,NaN,NaN
1498093200,1.75,1.75,1.74,1.74,24100,NaN,NaN,NaN,NaN,NaN,NaN,NaN
1498179600,1.73,1.78,1.72,1.76,202900,NaN,NaN,NaN,NaN,NaN,NaN,NaN
1498611600,1.74,1.75,1.73,1.74,27900,NaN,NaN,NaN,NaN,NaN,NaN,NaN
1498698000,1.75,1.75,1.73,1.73,101500,NaN,NaN,NaN,NaN,NaN,NaN,NaN
1498784400,1.73,1.75,1.73,1.75,44600,NaN,NaN,NaN,NaN,NaN,NaN,NaN
1499043600,1.75,1.75,1.71,1.74,99700,NaN,NaN,NaN,NaN,NaN,NaN,NaN
1499130000,1.73,1.73,1.72,1.72,62700,NaN,NaN,NaN,NaN,NaN,NaN,NaN
1499216400,1.74,1.75,1.73,1.74,71700,NaN,NaN,NaN,NaN,NaN,NaN,NaN
1499302800,1.76,1.76,1.7,1.74,257400,NaN,NaN,NaN,NaN,NaN,NaN,NaN
1499389200,1.72,1.72,1.71,1.71,30800,NaN,NaN,NaN,NaN,NaN,NaN,NaN
1499648400,1.72,1.73,1.7,1.72,167200,NaN,NaN,NaN,NaN,NaN,NaN,NaN
1499734800,1.72,1.75,1.7,1.73,295800,NaN,NaN,NaN,NaN,NaN,NaN,NaN
1499821200,1.73,1.74,1.7,1.7,189800,NaN,NaN,NaN,NaN,NaN,NaN,NaN
1499907600,1.73,1.73,1.69,1.7,315100,NaN,NaN,NaN,NaN,NaN,NaN,NaN
1499994000,1.7,1.7,1.69,1.7,147900,NaN,NaN,NaN,NaN,NaN,NaN,NaN
1500253200,1.73,1.74,1.67,1.7,437100,NaN,NaN,NaN,NaN,NaN,NaN,NaN
1500339600,1.71,1.73,1.68,1.7,213700,NaN,NaN,NaN,NaN,NaN,NaN,NaN
1500426000,1.7,1.7,1.66,1.7,356000,NaN,NaN,NaN,NaN,NaN,NaN,NaN
1500512400,1.68,1.69,1.67,1.69,170200,NaN,NaN,NaN,NaN,NaN,NaN,NaN
1500598800,1.69,1.69,1.65,1.65,917300,NaN,NaN,NaN,NaN,NaN,NaN,NaN
1500858000,1.66,1.66,1.57,1.6,594800,NaN,NaN,NaN,NaN,NaN,NaN,NaN
1500944400,1.61,1.61,1.56,1.6,467100,NaN,NaN,NaN,NaN,NaN,NaN,NaN
1501030800,1.6,1.6,1.57,1.6,276600,NaN,NaN,NaN,NaN,NaN,NaN,NaN
1501117200,1.59,1.65,1.59,1.65,185200,NaN,NaN,NaN,NaN,NaN,NaN,NaN
1501203600,1.63,1.7,1.63,1.7,2506500,NaN,NaN,NaN,NaN,NaN,NaN,NaN
1501462800,1.68,1.69,1.64,1.67,81000,NaN,NaN,NaN,NaN,NaN,NaN,NaN
1501549200,1.65,1.69,1.65,1.69,357600,NaN,NaN,NaN,NaN,NaN,NaN,NaN
1501635600,1.68,1.69,1.67,1.67,80600,NaN,NaN,NaN,NaN,NaN,NaN,NaN
1501722000,1.67,1.7,1.67,1.7,83800,NaN,NaN,NaN,NaN,NaN,NaN,NaN
1501808400,1.71,1.71,1.7,1.7,364400,NaN,NaN,NaN,NaN,NaN,NaN,NaN
1502067600,1.72,1.73,1.71,1.71,349500,NaN,NaN,NaN,NaN,NaN,NaN,NaN
1502154000,1.7,1.71,1.68,1.71,140000,NaN,NaN,NaN,NaN,NaN,NaN,NaN
1502240400,1.68,1.68,1.67,1.67,15000,NaN,NaN,NaN,NaN,NaN,NaN,NaN
1502326800,1.68,1.68,1.67,1.67,53500,NaN,NaN,NaN,NaN,NaN,NaN,NaN
1502413200,1.67,1.68,1.67,1.68,27500,NaN,NaN,NaN,NaN,NaN,NaN,NaN
1502672400,1.68,1.68,1.68,1.68,0,NaN,NaN,NaN,NaN,NaN,NaN,NaN
1502758800,1.7,1.71,1.68,1.7,28600,NaN,NaN,NaN,NaN,NaN,NaN,NaN
1502845200,1.68,1.69,1.68,1.68,25900,NaN,NaN,NaN,NaN,NaN,NaN,NaN
1502931600,1.68,1.69,1.67,1.69,140500,NaN,NaN,NaN,NaN,NaN,NaN,NaN
1503018000,1.69,1.69,1.69,1.69,0,NaN,NaN,NaN,NaN,NaN,NaN,NaN
1503277200,1.68,1.7,1.67,1.69,166300,NaN,NaN,NaN,NaN,NaN,NaN,NaN
1503363600,1.69,1.69,1.68,1.68,14200,NaN,NaN,NaN,NaN,NaN,NaN,NaN
1503450000,1.68,1.7,1.68,1.69,218900,NaN,NaN,NaN,NaN,NaN,NaN,NaN
1503536400,1.69,1.72,1.68,1.71,138000,NaN,NaN,NaN,NaN,NaN,NaN,NaN
1503622800,1.71,1.73,1.68,1.7,122200,NaN,NaN,NaN,NaN,NaN,NaN,NaN
1503882000,1.7,1.7,1.69,1.7,82000,NaN,NaN,NaN,NaN,NaN,NaN,NaN
1503968400,1.7,1.71,1.68,1.68,174500,NaN,NaN,NaN,NaN,NaN,NaN,NaN
1504054800,1.67,1.71,1.67,1.71,111200,NaN,NaN,NaN,NaN,NaN,NaN,NaN
1504573200,1.69,1.71,1.69,1.71,444900,NaN,NaN,NaN,NaN,NaN,NaN,NaN
1504659600,1.68,1.68,1.68,1.68,25000,NaN,NaN,NaN,NaN,NaN,NaN,NaN
1504746000,1.69,1.7,1.68,1.68,124900,NaN,NaN,NaN,NaN,NaN,NaN,NaN
1504832400,1.68,1.69,1.67,1.68,35100,NaN,NaN,NaN,NaN,NaN,NaN,NaN
1505091600,1.68,1.7,1.68,1.68,18300,NaN,NaN,NaN,NaN,NaN,NaN,NaN
1505178000,1.7,1.71,1.68,1.68,673900,NaN,NaN,NaN,NaN,NaN,NaN,NaN
1505264400,1.68,1.7,1.68,1.68,54000,NaN,NaN,NaN,NaN,NaN,NaN,NaN
1505350800,1.7,1.7,1.68,1.69,59900,NaN,NaN,NaN,NaN,NaN,NaN,NaN
1505437200,1.7,1.71,1.65,1.67,1387900,NaN,NaN,NaN,NaN,NaN,NaN,NaN
1505696400,1.68,1.68,1.67,1.67,21900,NaN,NaN,NaN,NaN,NaN,NaN,NaN
1505782800,1.68,1.68,1.65,1.65,28000,NaN,NaN,NaN,NaN,NaN,NaN,NaN
1505869200,1.66,1.7,1.66,1.7,65400,NaN,NaN,NaN,NaN,NaN,NaN,NaN
1505955600,1.69,1.69,1.67,1.67,3900,NaN,NaN,NaN,NaN,NaN,NaN,NaN
1506301200,1.65,1.66,1.65,1.66,43700,NaN,NaN,NaN,NaN,NaN,NaN,NaN
1506387600,1.66,1.66,1.66,1.66,38200,NaN,NaN,NaN,NaN,NaN,NaN,NaN
1506474000,1.66,1.66,1.65,1.65,32600,NaN,NaN,NaN,NaN,NaN,NaN,NaN
1506560400,1.66,1.66,1.64,1.65,269100,NaN,NaN,NaN,NaN,NaN,NaN,NaN
1506646800,1.65,1.66,1.64,1.65,181200,1381798509,3409744000,1735790000,48161000,256821000.00000003,1537148000,1.21212121212121
1506906000,1.65,1.65,1.64,1.65,219300,NaN,NaN,NaN,NaN,NaN,NaN,NaN
1506992400,1.65,1.65,1.65,1.65,9700,NaN,NaN,NaN,NaN,NaN,NaN,NaN
1507078800,1.66,1.66,1.65,1.66,64400,NaN,NaN,NaN,NaN,NaN,NaN,NaN
1507165200,1.66,1.7,1.65,1.7,137600,NaN,NaN,NaN,NaN,NaN,NaN,NaN
1507251600,1.67,1.68,1.65,1.66,263900,NaN,NaN,NaN,NaN,NaN,NaN,NaN
1507510800,1.66,1.66,1.66,1.66,74700,NaN,NaN,NaN,NaN,NaN,NaN,NaN
1507597200,1.66,1.7,1.65,1.69,700900,NaN,NaN,NaN,NaN,NaN,NaN,NaN
1507683600,1.69,1.69,1.66,1.66,92500,NaN,NaN,NaN,NaN,NaN,NaN,NaN
1507770000,1.65,1.66,1.65,1.65,217000,NaN,NaN,NaN,NaN,NaN,NaN,NaN
1507856400,1.65,1.68,1.65,1.66,135300,NaN,NaN,NaN,NaN,NaN,NaN,NaN
1508115600,1.65,1.65,1.65,1.65,184900,NaN,NaN,NaN,NaN,NaN,NaN,NaN
1508202000,1.66,1.67,1.65,1.67,316200,NaN,NaN,NaN,NaN,NaN,NaN,NaN
1508374800,1.66,1.68,1.65,1.66,242500,NaN,NaN,NaN,NaN,NaN,NaN,NaN
1508461200,1.66,1.7,1.66,1.7,639200,NaN,NaN,NaN,NaN,NaN,NaN,NaN
1508720400,1.7,1.7,1.67,1.67,147800,NaN,NaN,NaN,NaN,NaN,NaN,NaN
1508806800,1.67,1.68,1.65,1.65,85400,NaN,NaN,NaN,NaN,NaN,NaN,NaN
1508893200,1.66,1.66,1.65,1.65,128200,NaN,NaN,NaN,NaN,NaN,NaN,NaN
1508979600,1.66,1.7,1.66,1.68,306200,NaN,NaN,NaN,NaN,NaN,NaN,NaN
1509066000,1.66,1.71,1.66,1.69,299800,NaN,NaN,NaN,NaN,NaN,NaN,NaN
1509325200,1.68,1.7,1.68,1.68,244400,NaN,NaN,NaN,NaN,NaN,NaN,NaN
1509411600,1.69,1.7,1.68,1.7,317700,NaN,NaN,NaN,NaN,NaN,NaN,NaN
1509498000,1.69,1.7,1.69,1.69,29500,NaN,NaN,NaN,NaN,NaN,NaN,NaN
1509584400,1.67,1.69,1.67,1.68,122700,NaN,NaN,NaN,NaN,NaN,NaN,NaN
1509670800,1.68,1.69,1.67,1.69,74400,NaN,NaN,NaN,NaN,NaN,NaN,NaN
1509930000,1.68,1.69,1.67,1.68,73300,NaN,NaN,NaN,NaN,NaN,NaN,NaN
1510016400,1.69,1.69,1.66,1.66,191300,NaN,NaN,NaN,NaN,NaN,NaN,NaN
1510102800,1.66,1.67,1.63,1.66,459300,NaN,NaN,NaN,NaN,NaN,NaN,NaN
1510189200,1.66,1.69,1.66,1.67,316800,NaN,NaN,NaN,NaN,NaN,NaN,NaN
1510275600,1.67,1.67,1.66,1.66,44500,NaN,NaN,NaN,NaN,NaN,NaN,NaN
1510534800,1.66,1.67,1.66,1.67,173100,NaN,NaN,NaN,NaN,NaN,NaN,NaN
1510621200,1.66,1.69,1.64,1.65,483200,NaN,NaN,NaN,NaN,NaN,NaN,NaN
1510707600,1.65,1.65,1.65,1.65,88700,NaN,NaN,NaN,NaN,NaN,NaN,NaN
1510794000,1.66,1.68,1.65,1.65,100800,NaN,NaN,NaN,NaN,NaN,NaN,NaN
1510880400,1.65,1.67,1.64,1.67,201800,NaN,NaN,NaN,NaN,NaN,NaN,NaN
1511139600,1.67,1.67,1.67,1.67,0,NaN,NaN,NaN,NaN,NaN,NaN,NaN
1511226000,1.65,1.68,1.64,1.64,300500,NaN,NaN,NaN,NaN,NaN,NaN,NaN
1511312400,1.65,1.65,1.64,1.64,406300,NaN,NaN,NaN,NaN,NaN,NaN,NaN
1511398800,1.68,1.68,1.64,1.64,919100,NaN,NaN,NaN,NaN,NaN,NaN,NaN
1511485200,1.65,1.67,1.65,1.65,245000,NaN,NaN,NaN,NaN,NaN,NaN,NaN
1511744400,1.65,1.66,1.65,1.65,239800,NaN,NaN,NaN,NaN,NaN,NaN,NaN
1511830800,1.65,1.66,1.64,1.66,307100,NaN,NaN,NaN,NaN,NaN,NaN,NaN
1511917200,1.65,1.66,1.63,1.66,402600,NaN,NaN,NaN,NaN,NaN,NaN,NaN
1512003600,1.65,1.65,1.65,1.65,77000,NaN,NaN,NaN,NaN,NaN,NaN,NaN
1512349200,1.64,1.66,1.63,1.66,115700,NaN,NaN,NaN,NaN,NaN,NaN,NaN
1512435600,1.65,1.66,1.64,1.66,107500,NaN,NaN,NaN,NaN,NaN,NaN,NaN
1512522000,1.67,1.68,1.65,1.65,125400,NaN,NaN,NaN,NaN,NaN,NaN,NaN
1512608400,1.66,1.67,1.64,1.65,216500,NaN,NaN,NaN,NaN,NaN,NaN,NaN
1512694800,1.66,1.67,1.65,1.65,341300,NaN,NaN,NaN,NaN,NaN,NaN,NaN
1512954000,1.66,1.67,1.65,1.65,104600,NaN,NaN,NaN,NaN,NaN,NaN,NaN
1513040400,1.66,1.66,1.65,1.65,131100,NaN,NaN,NaN,NaN,NaN,NaN,NaN
1513126800,1.65,1.65,1.65,1.65,0,NaN,NaN,NaN,NaN,NaN,NaN,NaN
1513213200,1.65,1.66,1.65,1.65,230400,NaN,NaN,NaN,NaN,NaN,NaN,NaN
1513299600,1.65,1.66,1.65,1.65,56500,NaN,NaN,NaN,NaN,NaN,NaN,NaN
1513558800,1.66,1.66,1.65,1.65,75000,NaN,NaN,NaN,NaN,NaN,NaN,NaN
1513645200,1.65,1.65,1.64,1.65,336700,NaN,NaN,NaN,NaN,NaN,NaN,NaN
1513731600,1.65,1.65,1.65,1.65,33700,NaN,NaN,NaN,NaN,NaN,NaN,NaN
1513818000,1.65,1.65,1.63,1.65,374700,NaN,NaN,NaN,NaN,NaN,NaN,NaN
1513904400,1.64,1.65,1.64,1.65,201700,NaN,NaN,NaN,NaN,NaN,NaN,NaN
1514250000,1.65,1.65,1.64,1.65,165800,NaN,NaN,NaN,NaN,NaN,NaN,NaN
1514336400,1.66,1.66,1.64,1.65,272700,NaN,NaN,NaN,NaN,NaN,NaN,NaN
1514422800,1.65,1.67,1.65,1.65,87500,NaN,NaN,NaN,NaN,NaN,NaN,NaN
1514509200,1.65,1.67,1.65,1.65,49000,1381798509,3269478000,1730531000,49403000,269954000,1413902000,1.21212121212121
1514854800,1.65,1.67,1.65,1.66,173700,NaN,NaN,NaN,NaN,NaN,NaN,NaN
1514941200,1.65,1.66,1.65,1.66,103000,NaN,NaN,NaN,NaN,NaN,NaN,NaN
1515027600,1.66,1.67,1.65,1.65,140900,NaN,NaN,NaN,NaN,NaN,NaN,NaN
1515114000,1.66,1.68,1.65,1.65,106100,NaN,NaN,NaN,NaN,NaN,NaN,NaN
1515373200,1.66,1.67,1.66,1.66,62800,NaN,NaN,NaN,NaN,NaN,NaN,NaN
1515459600,1.66,1.67,1.66,1.67,33200,NaN,NaN,NaN,NaN,NaN,NaN,NaN
1515546000,1.68,1.68,1.66,1.66,83700,NaN,NaN,NaN,NaN,NaN,NaN,NaN
1515632400,1.66,1.67,1.64,1.65,616800,NaN,NaN,NaN,NaN,NaN,NaN,NaN
1515718800,1.65,1.67,1.65,1.67,309200,NaN,NaN,NaN,NaN,NaN,NaN,NaN
1515978000,1.65,1.65,1.64,1.65,253000,NaN,NaN,NaN,NaN,NaN,NaN,NaN
1516064400,1.65,1.65,1.65,1.65,101000,NaN,NaN,NaN,NaN,NaN,NaN,NaN
1516150800,1.65,1.66,1.65,1.65,110600,NaN,NaN,NaN,NaN,NaN,NaN,NaN
1516237200,1.65,1.65,1.64,1.65,410500,NaN,NaN,NaN,NaN,NaN,NaN,NaN
1516323600,1.64,1.65,1.64,1.65,271700,NaN,NaN,NaN,NaN,NaN,NaN,NaN
1516582800,1.65,1.65,1.64,1.65,525000,NaN,NaN,NaN,NaN,NaN,NaN,NaN
1516669200,1.65,1.65,1.61,1.65,5818300,NaN,NaN,NaN,NaN,NaN,NaN,NaN
1516755600,1.64,1.65,1.64,1.65,363600,NaN,NaN,NaN,NaN,NaN,NaN,NaN
1516842000,1.65,1.65,1.65,1.65,94000,NaN,NaN,NaN,NaN,NaN,NaN,NaN
1516928400,1.65,1.66,1.65,1.65,133300,NaN,NaN,NaN,NaN,NaN,NaN,NaN
1517187600,1.65,1.65,1.65,1.65,101900,NaN,NaN,NaN,NaN,NaN,NaN,NaN
1517274000,1.65,1.65,1.65,1.65,531300,NaN,NaN,NaN,NaN,NaN,NaN,NaN
1517533200,1.65,1.66,1.65,1.65,80800,NaN,NaN,NaN,NaN,NaN,NaN,NaN
1517792400,1.61,1.65,1.61,1.65,137100,NaN,NaN,NaN,NaN,NaN,NaN,NaN
1517878800,1.62,1.62,1.6,1.6,200500,NaN,NaN,NaN,NaN,NaN,NaN,NaN
1517965200,1.62,1.62,1.58,1.61,487400,NaN,NaN,NaN,NaN,NaN,NaN,NaN
1518051600,1.61,1.61,1.6,1.61,42500,NaN,NaN,NaN,NaN,NaN,NaN,NaN
1518138000,1.6,1.63,1.58,1.63,402300,NaN,NaN,NaN,NaN,NaN,NaN,NaN
1518397200,1.6,1.61,1.6,1.6,14200,NaN,NaN,NaN,NaN,NaN,NaN,NaN
1518483600,1.6,1.61,1.59,1.61,429800,NaN,NaN,NaN,NaN,NaN,NaN,NaN
1518570000,1.6,1.6,1.59,1.59,72700,NaN,NaN,NaN,NaN,NaN,NaN,NaN
1518656400,1.59,1.6,1.59,1.59,16800,NaN,NaN,NaN,NaN,NaN,NaN,NaN
1519002000,1.58,1.6,1.58,1.6,131500,NaN,NaN,NaN,NaN,NaN,NaN,NaN
1519088400,1.59,1.59,1.58,1.59,388200,NaN,NaN,NaN,NaN,NaN,NaN,NaN
1519174800,1.59,1.6,1.59,1.59,24900,NaN,NaN,NaN,NaN,NaN,NaN,NaN
1519261200,1.6,1.6,1.59,1.59,16700,NaN,NaN,NaN,NaN,NaN,NaN,NaN
1519347600,1.59,1.6,1.59,1.59,101500,NaN,NaN,NaN,NaN,NaN,NaN,NaN
1519606800,1.59,1.59,1.59,1.59,51800,NaN,NaN,NaN,NaN,NaN,NaN,NaN
1519693200,1.59,1.59,1.57,1.57,56200,NaN,NaN,NaN,NaN,NaN,NaN,NaN
1519779600,1.59,1.59,1.58,1.58,104800,NaN,NaN,NaN,NaN,NaN,NaN,NaN
1519866000,1.59,1.6,1.58,1.6,68700,NaN,NaN,NaN,NaN,NaN,NaN,NaN
1519952400,1.59,1.59,1.58,1.58,106000,NaN,NaN,NaN,NaN,NaN,NaN,NaN
1520211600,1.58,1.58,1.55,1.57,77600,NaN,NaN,NaN,NaN,NaN,NaN,NaN
1520298000,1.56,1.6,1.55,1.6,10500,NaN,NaN,NaN,NaN,NaN,NaN,NaN
1520384400,1.56,1.57,1.56,1.57,12000,NaN,NaN,NaN,NaN,NaN,NaN,NaN
1520470800,1.57,1.59,1.56,1.59,27200,NaN,NaN,NaN,NaN,NaN,NaN,NaN
1520557200,1.59,1.59,1.56,1.58,21200,NaN,NaN,NaN,NaN,NaN,NaN,NaN
1520816400,1.58,1.59,1.53,1.59,3164000,NaN,NaN,NaN,NaN,NaN,NaN,NaN
1520902800,1.57,1.58,1.55,1.58,92000,NaN,NaN,NaN,NaN,NaN,NaN,NaN
1520989200,1.58,1.58,1.55,1.55,92600,NaN,NaN,NaN,NaN,NaN,NaN,NaN
1521075600,1.54,1.55,1.54,1.55,31700,NaN,NaN,NaN,NaN,NaN,NaN,NaN
1521162000,1.55,1.55,1.53,1.55,53100,NaN,NaN,NaN,NaN,NaN,NaN,NaN
1521421200,1.53,1.54,1.53,1.54,62400,NaN,NaN,NaN,NaN,NaN,NaN,NaN
1521507600,1.52,1.52,1.52,1.52,6200,NaN,NaN,NaN,NaN,NaN,NaN,NaN
1521594000,1.52,1.52,1.49,1.49,125800,NaN,NaN,NaN,NaN,NaN,NaN,NaN
1521680400,1.5,1.5,1.48,1.48,46000,NaN,NaN,NaN,NaN,NaN,NaN,NaN
1521766800,1.48,1.49,1.47,1.49,23300,NaN,NaN,NaN,NaN,NaN,NaN,NaN
1522026000,1.49,1.49,1.47,1.48,100900,NaN,NaN,NaN,NaN,NaN,NaN,NaN
1522112400,1.48,1.48,1.47,1.47,61000,NaN,NaN,NaN,NaN,NaN,NaN,NaN
1522198800,1.46,1.47,1.45,1.45,26000,NaN,NaN,NaN,NaN,NaN,NaN,NaN
1522285200,1.45,1.45,1.44,1.44,47600,NaN,NaN,NaN,NaN,NaN,NaN,NaN
1522371600,1.43,1.45,1.43,1.45,36000,1381798509,3136040000,1722106000,26407000,226136000,1297561000,1.37931034482759
1522630800,1.47,1.52,1.45,1.46,102700,NaN,NaN,NaN,NaN,NaN,NaN,NaN
1522717200,1.45,1.45,1.44,1.45,117100,NaN,NaN,NaN,NaN,NaN,NaN,NaN
1522803600,1.45,1.45,1.43,1.43,51000,NaN,NaN,NaN,NaN,NaN,NaN,NaN
1522890000,1.44,1.44,1.42,1.42,47400,NaN,NaN,NaN,NaN,NaN,NaN,NaN
1522976400,1.4,1.4,1.38,1.38,120500,NaN,NaN,NaN,NaN,NaN,NaN,NaN
1523235600,1.38,1.38,1.37,1.38,84600,NaN,NaN,NaN,NaN,NaN,NaN,NaN
1523322000,1.37,1.38,1.37,1.38,100200,NaN,NaN,NaN,NaN,NaN,NaN,NaN
1523408400,1.38,1.38,1.38,1.38,0,NaN,NaN,NaN,NaN,NaN,NaN,NaN
1523494800,1.39,1.39,1.37,1.37,141200,NaN,NaN,NaN,NaN,NaN,NaN,NaN
1523581200,1.37,1.38,1.37,1.37,37500,NaN,NaN,NaN,NaN,NaN,NaN,NaN
1523840400,1.38,1.38,1.37,1.38,27000,NaN,NaN,NaN,NaN,NaN,NaN,NaN
1523926800,1.38,1.38,1.37,1.37,37100,NaN,NaN,NaN,NaN,NaN,NaN,NaN
1524013200,1.36,1.38,1.36,1.37,33700,NaN,NaN,NaN,NaN,NaN,NaN,NaN
1524099600,1.36,1.37,1.36,1.37,32800,NaN,NaN,NaN,NaN,NaN,NaN,NaN
1524186000,1.36,1.37,1.35,1.35,95300,NaN,NaN,NaN,NaN,NaN,NaN,NaN
1524445200,1.33,1.36,1.33,1.35,35000,NaN,NaN,NaN,NaN,NaN,NaN,NaN
1524531600,1.33,1.37,1.32,1.37,41800,NaN,NaN,NaN,NaN,NaN,NaN,NaN
1524618000,1.35,1.35,1.32,1.35,41300,NaN,NaN,NaN,NaN,NaN,NaN,NaN
1524704400,1.32,1.35,1.3,1.32,109500,NaN,NaN,NaN,NaN,NaN,NaN,NaN
1524790800,1.29,1.3,1.29,1.29,34000,NaN,NaN,NaN,NaN,NaN,NaN,NaN
1525050000,1.29,1.29,1.26,1.29,97600,NaN,NaN,NaN,NaN,NaN,NaN,NaN
1525222800,1.29,1.29,1.28,1.29,58000,NaN,NaN,NaN,NaN,NaN,NaN,NaN
1525309200,1.25,1.28,1.25,1.27,131400,NaN,NaN,NaN,NaN,NaN,NaN,NaN
1525395600,1.26,1.26,1.23,1.25,163900,NaN,NaN,NaN,NaN,NaN,NaN,NaN
1525654800,1.25,1.26,1.25,1.25,49100,NaN,NaN,NaN,NaN,NaN,NaN,NaN
1525741200,1.26,1.29,1.25,1.29,79600,NaN,NaN,NaN,NaN,NaN,NaN,NaN
1526259600,1.24,1.28,1.24,1.27,270200,NaN,NaN,NaN,NaN,NaN,NaN,NaN
1526346000,1.28,1.28,1.27,1.27,104000,NaN,NaN,NaN,NaN,NaN,NaN,NaN
1526432400,1.27,1.28,1.26,1.27,71700,NaN,NaN,NaN,NaN,NaN,NaN,NaN
1526518800,1.26,1.27,1.26,1.26,34100,NaN,NaN,NaN,NaN,NaN,NaN,NaN
1526605200,1.25,1.26,1.25,1.25,81300,NaN,NaN,NaN,NaN,NaN,NaN,NaN
1526864400,1.24,1.25,1.24,1.25,98100,NaN,NaN,NaN,NaN,NaN,NaN,NaN
1526950800,1.25,1.25,1.25,1.25,62000,NaN,NaN,NaN,NaN,NaN,NaN,NaN
1527037200,1.23,1.23,1.22,1.23,101300,NaN,NaN,NaN,NaN,NaN,NaN,NaN
1527123600,1.21,1.23,1.21,1.23,3000,NaN,NaN,NaN,NaN,NaN,NaN,NaN
1527210000,1.2,1.23,1.2,1.23,45200,NaN,NaN,NaN,NaN,NaN,NaN,NaN
1527469200,1.21,1.23,1.2,1.2,45400,NaN,NaN,NaN,NaN,NaN,NaN,NaN
1527642000,1.18,1.2,1.18,1.2,67500,NaN,NaN,NaN,NaN,NaN,NaN,NaN
1527728400,1.19,1.22,1.17,1.22,32400,NaN,NaN,NaN,NaN,NaN,NaN,NaN
1527814800,1.2,1.25,1.2,1.21,61200,NaN,NaN,NaN,NaN,NaN,NaN,NaN
1528074000,1.18,1.24,1.18,1.24,30900,NaN,NaN,NaN,NaN,NaN,NaN,NaN
1528160400,1.22,1.23,1.22,1.23,3500,NaN,NaN,NaN,NaN,NaN,NaN,NaN
1528246800,1.2,1.2,1.19,1.2,88700,NaN,NaN,NaN,NaN,NaN,NaN,NaN
1528333200,1.2,1.2,1.18,1.2,183000,NaN,NaN,NaN,NaN,NaN,NaN,NaN
1528419600,1.19,1.2,1.19,1.2,340000,NaN,NaN,NaN,NaN,NaN,NaN,NaN
1528678800,1.2,1.2,1.18,1.18,21100,NaN,NaN,NaN,NaN,NaN,NaN,NaN
1528765200,1.18,1.19,1.18,1.18,53000,NaN,NaN,NaN,NaN,NaN,NaN,NaN
1528851600,1.18,1.18,1.17,1.17,115700,NaN,NaN,NaN,NaN,NaN,NaN,NaN
1528938000,1.18,1.19,1.15,1.15,97300,NaN,NaN,NaN,NaN,NaN,NaN,NaN
1529283600,1.16,1.17,1.16,1.17,28700,NaN,NaN,NaN,NaN,NaN,NaN,NaN
1529370000,1.17,1.17,1.17,1.17,9000,NaN,NaN,NaN,NaN,NaN,NaN,NaN
1529456400,1.16,1.16,1.15,1.16,96600,NaN,NaN,NaN,NaN,NaN,NaN,NaN
1529542800,1.16,1.17,1.13,1.15,109500,NaN,NaN,NaN,NaN,NaN,NaN,NaN
1529629200,1.15,1.2,1.15,1.18,213000,NaN,NaN,NaN,NaN,NaN,NaN,NaN
1529888400,1.18,1.18,1.16,1.17,52200,NaN,NaN,NaN,NaN,NaN,NaN,NaN
1529974800,1.15,1.16,1.15,1.15,72000,NaN,NaN,NaN,NaN,NaN,NaN,NaN
1530061200,1.15,1.15,1.13,1.13,88100,NaN,NaN,NaN,NaN,NaN,NaN,NaN
1530147600,1.13,1.18,1.12,1.16,56600,NaN,NaN,NaN,NaN,NaN,NaN,NaN
1530234000,1.15,1.18,1.14,1.15,54900,1381798509,3114824000,1711254000,37568000,232922000,1282795000,1.73913043478261
1530493200,1.17,1.17,1.13,1.16,37100,NaN,NaN,NaN,NaN,NaN,NaN,NaN
1530579600,1.17,1.17,1.17,1.17,8500,NaN,NaN,NaN,NaN,NaN,NaN,NaN
1530666000,1.16,1.17,1.16,1.17,29000,NaN,NaN,NaN,NaN,NaN,NaN,NaN
1530752400,1.17,1.18,1.17,1.18,30500,NaN,NaN,NaN,NaN,NaN,NaN,NaN
1530838800,1.17,1.17,1.17,1.17,10000,NaN,NaN,NaN,NaN,NaN,NaN,NaN
1531098000,1.16,1.18,1.16,1.18,3600,NaN,NaN,NaN,NaN,NaN,NaN,NaN
1531184400,1.18,1.18,1.15,1.18,15400,NaN,NaN,NaN,NaN,NaN,NaN,NaN
1531270800,1.18,1.18,1.18,1.18,0,NaN,NaN,NaN,NaN,NaN,NaN,NaN
1531357200,1.18,1.18,1.18,1.18,2000,NaN,NaN,NaN,NaN,NaN,NaN,NaN
1531443600,1.15,1.23,1.13,1.23,31200,NaN,NaN,NaN,NaN,NaN,NaN,NaN
1531702800,1.17,1.22,1.17,1.22,218000,NaN,NaN,NaN,NaN,NaN,NaN,NaN
1531789200,1.22,1.22,1.22,1.22,0,NaN,NaN,NaN,NaN,NaN,NaN,NaN
1531875600,1.22,1.23,1.22,1.22,338900,NaN,NaN,NaN,NaN,NaN,NaN,NaN
1531962000,1.24,1.25,1.22,1.22,27700,NaN,NaN,NaN,NaN,NaN,NaN,NaN
1532048400,1.21,1.22,1.15,1.15,139300,NaN,NaN,NaN,NaN,NaN,NaN,NaN
1532307600,1.15,1.22,1.15,1.22,153300,NaN,NaN,NaN,NaN,NaN,NaN,NaN
1532394000,1.2,1.22,1.18,1.2,363000,NaN,NaN,NaN,NaN,NaN,NaN,NaN
1532480400,1.19,1.2,1.17,1.2,151000,NaN,NaN,NaN,NaN,NaN,NaN,NaN
1532566800,1.2,1.2,1.18,1.18,11100,NaN,NaN,NaN,NaN,NaN,NaN,NaN
1532653200,1.19,1.22,1.18,1.2,45900,NaN,NaN,NaN,NaN,NaN,NaN,NaN
1532912400,1.18,1.19,1.18,1.19,28000,NaN,NaN,NaN,NaN,NaN,NaN,NaN
1532998800,1.19,1.2,1.19,1.2,2500,NaN,NaN,NaN,NaN,NaN,NaN,NaN
1533085200,1.19,1.2,1.19,1.2,33000,NaN,NaN,NaN,NaN,NaN,NaN,NaN
1533171600,1.2,1.2,1.19,1.2,18300,NaN,NaN,NaN,NaN,NaN,NaN,NaN
1533258000,1.2,1.2,1.18,1.2,34500,NaN,NaN,NaN,NaN,NaN,NaN,NaN
1533517200,1.19,1.23,1.18,1.23,165800,NaN,NaN,NaN,NaN,NaN,NaN,NaN
1533603600,1.22,1.23,1.21,1.22,348200,NaN,NaN,NaN,NaN,NaN,NaN,NaN
1533690000,1.2,1.24,1.2,1.24,2100,NaN,NaN,NaN,NaN,NaN,NaN,NaN
1533776400,1.19,1.22,1.19,1.22,33700,NaN,NaN,NaN,NaN,NaN,NaN,NaN
1533862800,1.21,1.21,1.19,1.21,47200,NaN,NaN,NaN,NaN,NaN,NaN,NaN
1534122000,1.2,1.23,1.2,1.23,39900,NaN,NaN,NaN,NaN,NaN,NaN,NaN
1534208400,1.22,1.23,1.21,1.22,18800,NaN,NaN,NaN,NaN,NaN,NaN,NaN
1534294800,1.2,1.24,1.2,1.24,11000,NaN,NaN,NaN,NaN,NaN,NaN,NaN
1534381200,1.22,1.24,1.22,1.22,11000,NaN,NaN,NaN,NaN,NaN,NaN,NaN
1534467600,1.23,1.25,1.22,1.25,33000,NaN,NaN,NaN,NaN,NaN,NaN,NaN
1534726800,1.25,1.25,1.23,1.23,36100,NaN,NaN,NaN,NaN,NaN,NaN,NaN
1534813200,1.23,1.24,1.2,1.24,50700,NaN,NaN,NaN,NaN,NaN,NaN,NaN
1534986000,1.24,1.24,1.24,1.24,11000,NaN,NaN,NaN,NaN,NaN,NaN,NaN
1535072400,1.23,1.23,1.2,1.2,31300,NaN,NaN,NaN,NaN,NaN,NaN,NaN
1535331600,1.18,1.2,1.16,1.2,45100,NaN,NaN,NaN,NaN,NaN,NaN,NaN
1535418000,1.19,1.2,1.16,1.19,113500,NaN,NaN,NaN,NaN,NaN,NaN,NaN
1535504400,1.17,1.18,1.16,1.18,41500,NaN,NaN,NaN,NaN,NaN,NaN,NaN
1535590800,1.17,1.2,1.17,1.2,106100,NaN,NaN,NaN,NaN,NaN,NaN,NaN
1535936400,1.17,1.2,1.17,1.18,31600,NaN,NaN,NaN,NaN,NaN,NaN,NaN
1536022800,1.16,1.2,1.16,1.2,14600,NaN,NaN,NaN,NaN,NaN,NaN,NaN
1536109200,1.19,1.22,1.19,1.22,11000,NaN,NaN,NaN,NaN,NaN,NaN,NaN
1536195600,1.2,1.2,1.16,1.16,11000,NaN,NaN,NaN,NaN,NaN,NaN,NaN
1536282000,1.16,1.2,1.16,1.17,22800,NaN,NaN,NaN,NaN,NaN,NaN,NaN
1536714000,1.16,1.17,1.15,1.16,233300,NaN,NaN,NaN,NaN,NaN,NaN,NaN
1536800400,1.14,1.16,1.14,1.15,27800,NaN,NaN,NaN,NaN,NaN,NaN,NaN
1536886800,1.15,1.16,1.15,1.16,896200,NaN,NaN,NaN,NaN,NaN,NaN,NaN
1537232400,1.15,1.16,1.15,1.15,25000,NaN,NaN,NaN,NaN,NaN,NaN,NaN
1537318800,1.16,1.16,1.15,1.15,102900,NaN,NaN,NaN,NaN,NaN,NaN,NaN
1537405200,1.16,1.18,1.16,1.18,40200,NaN,NaN,NaN,NaN,NaN,NaN,NaN
1537491600,1.16,1.17,1.15,1.17,108100,NaN,NaN,NaN,NaN,NaN,NaN,NaN
1537750800,1.08,1.18,1.08,1.13,288000,NaN,NaN,NaN,NaN,NaN,NaN,NaN
1537837200,1.1,1.12,1.09,1.09,178300,NaN,NaN,NaN,NaN,NaN,NaN,NaN
1537923600,1.1,1.14,1.09,1.14,236100,NaN,NaN,NaN,NaN,NaN,NaN,NaN
1538010000,1.11,1.14,1.1,1.14,83900,NaN,NaN,NaN,NaN,NaN,NaN,NaN
1538096400,1.12,1.13,1.12,1.13,52300,1381798509,3103831000,1715211000,41215000,225755000,1262188000,1.76991150442478
1538355600,1.1,1.14,1.1,1.14,32400,NaN,NaN,NaN,NaN,NaN,NaN,NaN
1538442000,1.12,1.13,1.11,1.13,27100,NaN,NaN,NaN,NaN,NaN,NaN,NaN
1538528400,1.13,1.13,1.08,1.1,321800,NaN,NaN,NaN,NaN,NaN,NaN,NaN
1538614800,1.1,1.13,1.09,1.12,86600,NaN,NaN,NaN,NaN,NaN,NaN,NaN
1538701200,1.11,1.14,1.1,1.13,384700,NaN,NaN,NaN,NaN,NaN,NaN,NaN
1538960400,1.13,1.14,1.1,1.1,18500,NaN,NaN,NaN,NaN,NaN,NaN,NaN
1539046800,1.13,1.13,1.13,1.13,500,NaN,NaN,NaN,NaN,NaN,NaN,NaN
1539133200,1.12,1.12,1.05,1.1,130600,NaN,NaN,NaN,NaN,NaN,NaN,NaN
1539219600,1.05,1.09,1.05,1.09,17000,NaN,NaN,NaN,NaN,NaN,NaN,NaN
1539306000,1.06,1.09,1.05,1.09,478000,NaN,NaN,NaN,NaN,NaN,NaN,NaN
1539565200,1.05,1.09,1.05,1.09,45500,NaN,NaN,NaN,NaN,NaN,NaN,NaN
1539651600,1.06,1.08,1.05,1.05,92400,NaN,NaN,NaN,NaN,NaN,NaN,NaN
1539738000,1.06,1.07,1.05,1.07,32600,NaN,NaN,NaN,NaN,NaN,NaN,NaN
1539824400,1.07,1.08,1.06,1.07,43500,NaN,NaN,NaN,NaN,NaN,NaN,NaN
1539910800,1.07,1.07,1.07,1.07,0,NaN,NaN,NaN,NaN,NaN,NaN,NaN
1540170000,1.05,1.08,1.05,1.06,47200,NaN,NaN,NaN,NaN,NaN,NaN,NaN
1540256400,1.05,1.07,1.04,1.07,12500,NaN,NaN,NaN,NaN,NaN,NaN,NaN
1540342800,1.05,1.08,1.03,1.08,40600,NaN,NaN,NaN,NaN,NaN,NaN,NaN
1540429200,1.05,1.06,1.03,1.06,25600,NaN,NaN,NaN,NaN,NaN,NaN,NaN
1540515600,1.04,1.06,1.04,1.06,26000,NaN,NaN,NaN,NaN,NaN,NaN,NaN
1540774800,1.05,1.05,1,1,266500,NaN,NaN,NaN,NaN,NaN,NaN,NaN
1540861200,1,1,0.985,1,346400,NaN,NaN,NaN,NaN,NaN,NaN,NaN
1540947600,1,1.05,1,1.01,120500,NaN,NaN,NaN,NaN,NaN,NaN,NaN
1541034000,1.01,1.01,0.995,1.01,179000,NaN,NaN,NaN,NaN,NaN,NaN,NaN
1541120400,1.01,1.05,1.01,1.05,76000,NaN,NaN,NaN,NaN,NaN,NaN,NaN
1541379600,1.01,1.04,1.01,1.04,96500,NaN,NaN,NaN,NaN,NaN,NaN,NaN
1541552400,1.03,1.04,1.02,1.04,35300,NaN,NaN,NaN,NaN,NaN,NaN,NaN
1541638800,1.03,1.03,1.02,1.03,17700,NaN,NaN,NaN,NaN,NaN,NaN,NaN
1541725200,1,1,1,1,36000,NaN,NaN,NaN,NaN,NaN,NaN,NaN
1541984400,1,1.01,1,1.01,20000,NaN,NaN,NaN,NaN,NaN,NaN,NaN
1542070800,1,1.03,1,1.03,29500,NaN,NaN,NaN,NaN,NaN,NaN,NaN
1542157200,1.01,1.02,1,1,53000,NaN,NaN,NaN,NaN,NaN,NaN,NaN
1542243600,1.03,1.03,1,1.03,4000,NaN,NaN,NaN,NaN,NaN,NaN,NaN
1542330000,1.03,1.03,1,1.02,40700,NaN,NaN,NaN,NaN,NaN,NaN,NaN
1542589200,1.02,1.03,1.02,1.03,23900,NaN,NaN,NaN,NaN,NaN,NaN,NaN
1542762000,1,1.01,1,1.01,23100,NaN,NaN,NaN,NaN,NaN,NaN,NaN
1542848400,1,1.01,0.995,1.01,24900,NaN,NaN,NaN,NaN,NaN,NaN,NaN
1542934800,0.99,1.01,0.99,1.01,60500,NaN,NaN,NaN,NaN,NaN,NaN,NaN
1543194000,1,1,0.995,1,65900,NaN,NaN,NaN,NaN,NaN,NaN,NaN
1543280400,0.99,0.995,0.99,0.995,34100,NaN,NaN,NaN,NaN,NaN,NaN,NaN
1543366800,0.995,1,0.98,1,70700,NaN,NaN,NaN,NaN,NaN,NaN,NaN
1543453200,0.99,1,0.97,1,140600,NaN,NaN,NaN,NaN,NaN,NaN,NaN
1543539600,0.99,1,0.975,1,69500,NaN,NaN,NaN,NaN,NaN,NaN,NaN
1543798800,1,1,1,1,0,NaN,NaN,NaN,NaN,NaN,NaN,NaN
1543885200,1,1,1,1,0,NaN,NaN,NaN,NaN,NaN,NaN,NaN
1543971600,1,1,1,1,3000,NaN,NaN,NaN,NaN,NaN,NaN,NaN
1544058000,1,1,1,1,0,NaN,NaN,NaN,NaN,NaN,NaN,NaN
1544144400,1,1,1,1,0,NaN,NaN,NaN,NaN,NaN,NaN,NaN
1544403600,0.98,0.995,0.98,0.995,30300,NaN,NaN,NaN,NaN,NaN,NaN,NaN
1544490000,0.995,0.995,0.99,0.99,8000,NaN,NaN,NaN,NaN,NaN,NaN,NaN
1544576400,0.98,0.99,0.97,0.99,34800,NaN,NaN,NaN,NaN,NaN,NaN,NaN
1544662800,0.99,0.99,0.99,0.99,0,NaN,NaN,NaN,NaN,NaN,NaN,NaN
1544749200,0.98,0.99,0.97,0.99,80300,NaN,NaN,NaN,NaN,NaN,NaN,NaN
1545008400,0.975,0.985,0.96,0.975,35900,NaN,NaN,NaN,NaN,NaN,NaN,NaN
1545094800,0.96,0.98,0.96,0.97,61000,NaN,NaN,NaN,NaN,NaN,NaN,NaN
1545181200,0.97,1,0.97,1,57500,NaN,NaN,NaN,NaN,NaN,NaN,NaN
1545267600,0.99,1,0.97,1,25400,NaN,NaN,NaN,NaN,NaN,NaN,NaN
1545354000,0.97,0.98,0.96,0.96,18000,NaN,NaN,NaN,NaN,NaN,NaN,NaN
1545613200,0.96,0.97,0.96,0.97,12800,NaN,NaN,NaN,NaN,NaN,NaN,NaN
1545786000,0.96,0.965,0.96,0.965,54600,NaN,NaN,NaN,NaN,NaN,NaN,NaN
1545872400,0.96,0.97,0.96,0.965,56900,NaN,NaN,NaN,NaN,NaN,NaN,NaN
1545958800,0.97,0.97,0.965,0.965,11000,NaN,NaN,NaN,NaN,NaN,NaN,NaN
1546218000,0.99,0.99,0.99,0.99,10000,1381798509,3217446000,1712813000,18036000,221627000,1373116000,1.01010101010101
1546390800,0.97,0.97,0.965,0.97,105000,NaN,NaN,NaN,NaN,NaN,NaN,NaN
1546477200,0.97,0.97,0.96,0.97,100000,NaN,NaN,NaN,NaN,NaN,NaN,NaN
1546563600,0.97,1,0.97,1,4100,NaN,NaN,NaN,NaN,NaN,NaN,NaN
1546822800,0.99,1,0.99,1,62200,NaN,NaN,NaN,NaN,NaN,NaN,NaN
1546909200,1,1.02,1,1.02,72000,NaN,NaN,NaN,NaN,NaN,NaN,NaN
1546995600,1.01,1.02,0.985,1.02,22500,NaN,NaN,NaN,NaN,NaN,NaN,NaN
1547082000,1.01,1.02,1,1.02,6000,NaN,NaN,NaN,NaN,NaN,NaN,NaN
1547168400,1.03,1.04,1,1.04,207500,NaN,NaN,NaN,NaN,NaN,NaN,NaN
1547427600,1.03,1.04,1.03,1.04,99000,NaN,NaN,NaN,NaN,NaN,NaN,NaN
1547514000,1.03,1.04,1.01,1.04,15000,NaN,NaN,NaN,NaN,NaN,NaN,NaN
1547600400,1.04,1.04,1.04,1.04,0,NaN,NaN,NaN,NaN,NaN,NaN,NaN
1547686800,1.04,1.05,1.04,1.05,3000,NaN,NaN,NaN,NaN,NaN,NaN,NaN
1547773200,1.05,1.05,1.05,1.05,20000,NaN,NaN,NaN,NaN,NaN,NaN,NaN
1548118800,1.02,1.05,1.02,1.05,10100,NaN,NaN,NaN,NaN,NaN,NaN,NaN
1548205200,1.05,1.05,1.05,1.05,7000,NaN,NaN,NaN,NaN,NaN,NaN,NaN
1548291600,1.05,1.07,1.04,1.07,1212500,NaN,NaN,NaN,NaN,NaN,NaN,NaN
1548378000,1.07,1.08,1.06,1.08,138700,NaN,NaN,NaN,NaN,NaN,NaN,NaN
1548637200,1.09,1.19,1.09,1.15,353100,NaN,NaN,NaN,NaN,NaN,NaN,NaN
1548723600,1.15,1.16,1.14,1.15,410000,NaN,NaN,NaN,NaN,NaN,NaN,NaN
1548810000,1.14,1.15,1.11,1.15,33800,NaN,NaN,NaN,NaN,NaN,NaN,NaN
1548896400,1.11,1.15,1.11,1.15,3000,NaN,NaN,NaN,NaN,NaN,NaN,NaN
1549242000,1.15,1.15,1.15,1.15,1000,NaN,NaN,NaN,NaN,NaN,NaN,NaN
1549501200,1.14,1.15,1.13,1.15,6500,NaN,NaN,NaN,NaN,NaN,NaN,NaN
1549587600,1.12,1.15,1.11,1.15,14000,NaN,NaN,NaN,NaN,NaN,NaN,NaN
1549846800,1.14,1.15,1.14,1.15,126500,NaN,NaN,NaN,NaN,NaN,NaN,NaN
1549933200,1.15,1.15,1.15,1.15,0,NaN,NaN,NaN,NaN,NaN,NaN,NaN
1550019600,1.15,1.15,1.12,1.14,32100,NaN,NaN,NaN,NaN,NaN,NaN,NaN
1550106000,1.13,1.13,1.12,1.12,13300,NaN,NaN,NaN,NaN,NaN,NaN,NaN
1550192400,1.12,1.12,1.12,1.12,0,NaN,NaN,NaN,NaN,NaN,NaN,NaN
1550451600,1.12,1.13,1.11,1.12,541300,NaN,NaN,NaN,NaN,NaN,NaN,NaN
1550538000,1.11,1.12,1.11,1.12,96100,NaN,NaN,NaN,NaN,NaN,NaN,NaN
1550624400,1.11,1.15,1.11,1.14,94300,NaN,NaN,NaN,NaN,NaN,NaN,NaN
1550710800,1.12,1.12,1.12,1.12,98000,NaN,NaN,NaN,NaN,NaN,NaN,NaN
1550797200,1.11,1.12,1.1,1.12,55300,NaN,NaN,NaN,NaN,NaN,NaN,NaN
1551056400,1.08,1.12,1.08,1.12,10500,NaN,NaN,NaN,NaN,NaN,NaN,NaN
1551142800,1.08,1.11,1.08,1.09,42000,NaN,NaN,NaN,NaN,NaN,NaN,NaN
1551229200,1.06,1.12,1.06,1.12,3700,NaN,NaN,NaN,NaN,NaN,NaN,NaN
1551315600,1.08,1.08,1.02,1.06,94300,NaN,NaN,NaN,NaN,NaN,NaN,NaN
1551402000,1.08,1.1,1.06,1.1,32000,NaN,NaN,NaN,NaN,NaN,NaN,NaN
1551661200,1.05,1.1,1.05,1.1,51800,NaN,NaN,NaN,NaN,NaN,NaN,NaN
1551747600,1.13,1.14,1.11,1.11,432800,NaN,NaN,NaN,NaN,NaN,NaN,NaN
1551834000,1.11,1.12,1.11,1.12,154500,NaN,NaN,NaN,NaN,NaN,NaN,NaN
1551920400,1.11,1.11,1.1,1.1,135500,NaN,NaN,NaN,NaN,NaN,NaN,NaN
1552006800,1.1,1.1,1.1,1.1,5000,NaN,NaN,NaN,NaN,NaN,NaN,NaN
1552266000,1.1,1.11,1.1,1.1,120500,NaN,NaN,NaN,NaN,NaN,NaN,NaN
1552352400,1.1,1.11,1.1,1.11,3100,NaN,NaN,NaN,NaN,NaN,NaN,NaN
1552438800,1.1,1.11,1.1,1.11,16600,NaN,NaN,NaN,NaN,NaN,NaN,NaN
1552525200,1.1,1.1,1.05,1.09,47700,NaN,NaN,NaN,NaN,NaN,NaN,NaN
1552611600,1.07,1.09,1.06,1.09,27900,NaN,NaN,NaN,NaN,NaN,NaN,NaN
1552870800,1.08,1.09,1.08,1.08,1821500,NaN,NaN,NaN,NaN,NaN,NaN,NaN
1552957200,1.08,1.1,1.08,1.1,708500,NaN,NaN,NaN,NaN,NaN,NaN,NaN
1553043600,1.1,1.1,1.1,1.1,0,NaN,NaN,NaN,NaN,NaN,NaN,NaN
1553130000,1.05,1.08,1.03,1.08,15500,NaN,NaN,NaN,NaN,NaN,NaN,NaN
1553216400,1.08,1.08,1.04,1.05,246500,NaN,NaN,NaN,NaN,NaN,NaN,NaN
1553475600,1.02,1.08,1.02,1.08,9700,NaN,NaN,NaN,NaN,NaN,NaN,NaN
1553562000,1.08,1.08,1.08,1.08,0,NaN,NaN,NaN,NaN,NaN,NaN,NaN
1553648400,1.06,1.08,1.05,1.08,44200,NaN,NaN,NaN,NaN,NaN,NaN,NaN
1553734800,1.08,1.08,1.08,1.08,0,NaN,NaN,NaN,NaN,NaN,NaN,NaN
1553821200,1.03,1.06,1.03,1.05,34000,1381798509,3225868000,1715123000,46420000,207593000,1378435000,0.952380952380952
1554080400,1.04,1.04,1.02,1.02,88200,NaN,NaN,NaN,NaN,NaN,NaN,NaN
1554166800,1.02,1.02,1.02,1.02,23800,NaN,NaN,NaN,NaN,NaN,NaN,NaN
1554253200,1.02,1.02,1.01,1.02,93500,NaN,NaN,NaN,NaN,NaN,NaN,NaN
1554339600,1.02,1.04,1.01,1.03,10900,NaN,NaN,NaN,NaN,NaN,NaN,NaN
1554426000,1.03,1.03,1.02,1.02,42400,NaN,NaN,NaN,NaN,NaN,NaN,NaN
1554685200,1.03,1.07,1.03,1.07,44700,NaN,NaN,NaN,NaN,NaN,NaN,NaN
1554771600,1.07,1.07,1.07,1.07,0,NaN,NaN,NaN,NaN,NaN,NaN,NaN
1554858000,1.05,1.05,1.04,1.05,39800,NaN,NaN,NaN,NaN,NaN,NaN,NaN
1554944400,1.05,1.05,1.05,1.05,0,NaN,NaN,NaN,NaN,NaN,NaN,NaN
1555030800,1.05,1.05,1.03,1.05,4500,NaN,NaN,NaN,NaN,NaN,NaN,NaN
1555290000,1.04,1.04,1.03,1.04,32800,NaN,NaN,NaN,NaN,NaN,NaN,NaN
1555376400,1.04,1.05,1.02,1.05,8500,NaN,NaN,NaN,NaN,NaN,NaN,NaN
1555462800,1.02,1.02,1.02,1.02,14800,NaN,NaN,NaN,NaN,NaN,NaN,NaN
1555549200,1.02,1.05,1.02,1.05,19000,NaN,NaN,NaN,NaN,NaN,NaN,NaN
1555635600,1.04,1.05,1.03,1.05,53500,NaN,NaN,NaN,NaN,NaN,NaN,NaN
1555894800,1.03,1.03,1.02,1.03,152400,NaN,NaN,NaN,NaN,NaN,NaN,NaN
1555981200,1.03,1.03,0.995,1.03,219900,NaN,NaN,NaN,NaN,NaN,NaN,NaN
1556067600,1.01,1.08,1.01,1.04,385500,NaN,NaN,NaN,NaN,NaN,NaN,NaN
1556154000,1.03,1.04,1.02,1.03,212800,NaN,NaN,NaN,NaN,NaN,NaN,NaN
1556240400,1.04,1.09,1.04,1.07,813800,NaN,NaN,NaN,NaN,NaN,NaN,NaN
1556499600,1.07,1.07,1.04,1.05,205600,NaN,NaN,NaN,NaN,NaN,NaN,NaN
1556586000,1.03,1.03,1.01,1.03,80400,NaN,NaN,NaN,NaN,NaN,NaN,NaN
1556758800,1.03,1.03,1.01,1.02,55500,NaN,NaN,NaN,NaN,NaN,NaN,NaN
1556845200,1.03,1.03,1.01,1.01,74200,NaN,NaN,NaN,NaN,NaN,NaN,NaN
1557104400,1.03,1.03,1.01,1.02,173000,NaN,NaN,NaN,NaN,NaN,NaN,NaN
1557190800,1.01,1.01,1,1,573100,NaN,NaN,NaN,NaN,NaN,NaN,NaN
1557277200,1.01,1.01,0.99,1.01,181900,NaN,NaN,NaN,NaN,NaN,NaN,NaN
1557363600,1,1.01,0.995,1.01,22600,NaN,NaN,NaN,NaN,NaN,NaN,NaN
1557450000,1,1.01,1,1.01,39400,NaN,NaN,NaN,NaN,NaN,NaN,NaN
1557709200,1,1,0.995,0.995,78500,NaN,NaN,NaN,NaN,NaN,NaN,NaN
1557795600,0.99,0.99,0.98,0.99,129200,NaN,NaN,NaN,NaN,NaN,NaN,NaN
1557882000,0.99,1,0.99,1,8900,NaN,NaN,NaN,NaN,NaN,NaN,NaN
1557968400,0.98,0.985,0.96,0.98,511500,NaN,NaN,NaN,NaN,NaN,NaN,NaN
1558054800,0.98,0.98,0.955,0.98,276200,NaN,NaN,NaN,NaN,NaN,NaN,NaN
1558400400,0.955,0.965,0.93,0.96,162600,NaN,NaN,NaN,NaN,NaN,NaN,NaN
1558573200,0.93,0.93,0.88,0.91,275200,NaN,NaN,NaN,NaN,NaN,NaN,NaN
1558659600,0.88,0.95,0.88,0.93,34500,NaN,NaN,NaN,NaN,NaN,NaN,NaN
1558918800,0.905,0.925,0.9,0.9,32000,NaN,NaN,NaN,NaN,NaN,NaN,NaN
1559005200,0.905,0.91,0.87,0.9,204600,NaN,NaN,NaN,NaN,NaN,NaN,NaN
1559091600,0.93,0.93,0.9,0.93,84000,NaN,NaN,NaN,NaN,NaN,NaN,NaN
1559178000,0.93,0.93,0.92,0.93,22500,NaN,NaN,NaN,NaN,NaN,NaN,NaN
1559264400,0.93,0.93,0.92,0.93,29300,NaN,NaN,NaN,NaN,NaN,NaN,NaN
1559523600,0.93,0.93,0.93,0.93,3200,NaN,NaN,NaN,NaN,NaN,NaN,NaN
1559610000,0.92,0.93,0.915,0.93,44800,NaN,NaN,NaN,NaN,NaN,NaN,NaN
1559869200,0.91,0.925,0.9,0.905,58600,NaN,NaN,NaN,NaN,NaN,NaN,NaN
1560128400,0.9,0.925,0.9,0.905,47900,NaN,NaN,NaN,NaN,NaN,NaN,NaN
1560214800,0.91,0.925,0.91,0.925,11500,NaN,NaN,NaN,NaN,NaN,NaN,NaN
1560301200,0.925,0.925,0.925,0.925,0,NaN,NaN,NaN,NaN,NaN,NaN,NaN
1560387600,0.92,0.925,0.9,0.9,220000,NaN,NaN,NaN,NaN,NaN,NaN,NaN
1560474000,0.92,0.92,0.9,0.9,149000,NaN,NaN,NaN,NaN,NaN,NaN,NaN
1560733200,0.9,0.92,0.895,0.9,44400,NaN,NaN,NaN,NaN,NaN,NaN,NaN
1560819600,0.92,0.92,0.9,0.91,28500,NaN,NaN,NaN,NaN,NaN,NaN,NaN
1560906000,0.91,0.91,0.89,0.9,226400,NaN,NaN,NaN,NaN,NaN,NaN,NaN
1560992400,0.9,0.925,0.9,0.925,6500,NaN,NaN,NaN,NaN,NaN,NaN,NaN
1561078800,0.92,0.925,0.92,0.925,63100,NaN,NaN,NaN,NaN,NaN,NaN,NaN
1561338000,0.9,0.9,0.9,0.9,153000,NaN,NaN,NaN,NaN,NaN,NaN,NaN
1561424400,0.91,0.91,0.895,0.91,69900,NaN,NaN,NaN,NaN,NaN,NaN,NaN
1561510800,0.9,0.91,0.9,0.91,23900,NaN,NaN,NaN,NaN,NaN,NaN,NaN
1561597200,0.9,0.9,0.89,0.895,93100,NaN,NaN,NaN,NaN,NaN,NaN,NaN
1561683600,0.9,0.9,0.89,0.9,237400,1381393509,3264634000,1724084000,19594000,186058000,1406906000,1.11111111111111
1561942800,0.89,0.9,0.89,0.9,17500,NaN,NaN,NaN,NaN,NaN,NaN,NaN
1562029200,0.9,0.9,0.885,0.89,284500,NaN,NaN,NaN,NaN,NaN,NaN,NaN
1562115600,0.89,0.905,0.89,0.905,37500,NaN,NaN,NaN,NaN,NaN,NaN,NaN
1562202000,0.9,0.9,0.9,0.9,17000,NaN,NaN,NaN,NaN,NaN,NaN,NaN
1562288400,0.89,0.92,0.885,0.92,49700,NaN,NaN,NaN,NaN,NaN,NaN,NaN
1562547600,0.885,0.905,0.88,0.895,173900,NaN,NaN,NaN,NaN,NaN,NaN,NaN
1562634000,0.895,0.905,0.895,0.895,24500,NaN,NaN,NaN,NaN,NaN,NaN,NaN
1562720400,0.89,0.905,0.89,0.905,600,NaN,NaN,NaN,NaN,NaN,NaN,NaN
1562806800,0.905,0.905,0.895,0.905,18400,NaN,NaN,NaN,NaN,NaN,NaN,NaN
1562893200,0.89,0.9,0.89,0.9,259600,NaN,NaN,NaN,NaN,NaN,NaN,NaN
1563152400,0.89,0.9,0.89,0.9,120500,NaN,NaN,NaN,NaN,NaN,NaN,NaN
1563238800,0.89,0.9,0.89,0.895,78500,NaN,NaN,NaN,NaN,NaN,NaN,NaN
1563325200,0.895,0.9,0.885,0.9,95100,NaN,NaN,NaN,NaN,NaN,NaN,NaN
1563411600,0.89,0.9,0.89,0.9,11000,NaN,NaN,NaN,NaN,NaN,NaN,NaN
1563498000,0.9,0.9,0.89,0.89,69600,NaN,NaN,NaN,NaN,NaN,NaN,NaN
1563757200,0.89,0.91,0.89,0.91,17000,NaN,NaN,NaN,NaN,NaN,NaN,NaN
1563843600,0.91,0.91,0.89,0.91,67800,NaN,NaN,NaN,NaN,NaN,NaN,NaN
1563930000,0.91,0.91,0.91,0.91,0,NaN,NaN,NaN,NaN,NaN,NaN,NaN
1564016400,0.91,0.91,0.9,0.91,19500,NaN,NaN,NaN,NaN,NaN,NaN,NaN
1564102800,0.89,0.9,0.89,0.9,89500,NaN,NaN,NaN,NaN,NaN,NaN,NaN
1564362000,0.9,0.9,0.89,0.89,58400,NaN,NaN,NaN,NaN,NaN,NaN,NaN
1564534800,0.89,0.91,0.89,0.91,40100,NaN,NaN,NaN,NaN,NaN,NaN,NaN
1564621200,0.91,0.91,0.89,0.91,51500,NaN,NaN,NaN,NaN,NaN,NaN,NaN
1564707600,0.91,0.91,0.91,0.91,0,NaN,NaN,NaN,NaN,NaN,NaN,NaN
1564966800,0.895,0.9,0.89,0.89,45100,NaN,NaN,NaN,NaN,NaN,NaN,NaN
1565053200,0.89,0.895,0.875,0.895,83100,NaN,NaN,NaN,NaN,NaN,NaN,NaN
1565139600,0.89,0.9,0.89,0.9,50100,NaN,NaN,NaN,NaN,NaN,NaN,NaN
1565226000,0.89,0.9,0.87,0.9,72200,NaN,NaN,NaN,NaN,NaN,NaN,NaN
1565312400,0.89,0.9,0.885,0.9,106100,NaN,NaN,NaN,NaN,NaN,NaN,NaN
1565658000,0.89,0.9,0.88,0.9,69000,NaN,NaN,NaN,NaN,NaN,NaN,NaN
1565744400,0.9,0.9,0.885,0.89,86200,NaN,NaN,NaN,NaN,NaN,NaN,NaN
1565830800,0.89,0.89,0.875,0.89,221500,NaN,NaN,NaN,NaN,NaN,NaN,NaN
1565917200,0.89,0.9,0.88,0.89,92000,NaN,NaN,NaN,NaN,NaN,NaN,NaN
1566176400,0.89,0.89,0.88,0.89,302000,NaN,NaN,NaN,NaN,NaN,NaN,NaN
1566262800,0.89,0.89,0.88,0.88,215400,NaN,NaN,NaN,NaN,NaN,NaN,NaN
1566349200,0.89,0.9,0.88,0.9,223100,NaN,NaN,NaN,NaN,NaN,NaN,NaN
1566435600,0.9,0.9,0.88,0.895,308400,NaN,NaN,NaN,NaN,NaN,NaN,NaN
1566522000,0.895,0.9,0.89,0.9,431200,NaN,NaN,NaN,NaN,NaN,NaN,NaN
1566781200,0.905,0.905,0.88,0.89,788900,NaN,NaN,NaN,NaN,NaN,NaN,NaN
1566867600,0.895,0.895,0.88,0.89,234800,NaN,NaN,NaN,NaN,NaN,NaN,NaN
1566954000,0.89,0.89,0.875,0.89,348500,NaN,NaN,NaN,NaN,NaN,NaN,NaN
1567040400,0.88,0.89,0.875,0.88,429600,NaN,NaN,NaN,NaN,NaN,NaN,NaN
1567126800,0.875,0.89,0.87,0.89,232000,NaN,NaN,NaN,NaN,NaN,NaN,NaN
1567472400,0.885,0.89,0.88,0.89,179000,NaN,NaN,NaN,NaN,NaN,NaN,NaN
1567558800,0.885,0.885,0.88,0.885,406600,NaN,NaN,NaN,NaN,NaN,NaN,NaN
1567645200,0.875,0.88,0.865,0.875,178000,NaN,NaN,NaN,NaN,NaN,NaN,NaN
1567731600,0.88,0.88,0.87,0.875,48600,NaN,NaN,NaN,NaN,NaN,NaN,NaN
1568077200,0.875,0.875,0.87,0.87,185700,NaN,NaN,NaN,NaN,NaN,NaN,NaN
1568163600,0.875,0.875,0.875,0.875,130100,NaN,NaN,NaN,NaN,NaN,NaN,NaN
1568250000,0.88,0.89,0.88,0.89,107900,NaN,NaN,NaN,NaN,NaN,NaN,NaN
1568336400,0.89,0.89,0.89,0.89,59400,NaN,NaN,NaN,NaN,NaN,NaN,NaN
1568682000,0.89,0.89,0.89,0.89,4000,NaN,NaN,NaN,NaN,NaN,NaN,NaN
1568768400,0.895,0.9,0.885,0.9,124900,NaN,NaN,NaN,NaN,NaN,NaN,NaN
1568854800,0.9,0.9,0.885,0.9,14000,NaN,NaN,NaN,NaN,NaN,NaN,NaN
1568941200,0.9,0.9,0.9,0.9,0,NaN,NaN,NaN,NaN,NaN,NaN,NaN
1569200400,0.89,0.9,0.89,0.9,5000,NaN,NaN,NaN,NaN,NaN,NaN,NaN
1569286800,0.89,0.9,0.89,0.89,52300,NaN,NaN,NaN,NaN,NaN,NaN,NaN
1569373200,0.89,0.9,0.885,0.885,33000,NaN,NaN,NaN,NaN,NaN,NaN,NaN
1569459600,0.88,0.88,0.88,0.88,15000,NaN,NaN,NaN,NaN,NaN,NaN,NaN
1569546000,0.88,0.9,0.88,0.9,116000,NaN,NaN,NaN,NaN,NaN,NaN,NaN
1569805200,0.895,0.895,0.895,0.895,3000,1380169509,3280177000,1722485000,21467000,181115000,1421807000,1.11731843575419
1569891600,0.89,0.9,0.885,0.9,41600,NaN,NaN,NaN,NaN,NaN,NaN,NaN
1569978000,0.88,0.895,0.88,0.895,14000,NaN,NaN,NaN,NaN,NaN,NaN,NaN
1570064400,0.89,0.9,0.885,0.9,44200,NaN,NaN,NaN,NaN,NaN,NaN,NaN
1570150800,0.885,0.89,0.88,0.89,105300,NaN,NaN,NaN,NaN,NaN,NaN,NaN
1570410000,0.89,0.9,0.88,0.9,114600,NaN,NaN,NaN,NaN,NaN,NaN,NaN
1570496400,0.89,0.9,0.89,0.9,6000,NaN,NaN,NaN,NaN,NaN,NaN,NaN
1570582800,0.885,0.895,0.885,0.895,32800,NaN,NaN,NaN,NaN,NaN,NaN,NaN
1570669200,0.895,0.9,0.89,0.9,154600,NaN,NaN,NaN,NaN,NaN,NaN,NaN
1570755600,0.895,0.92,0.895,0.92,52300,NaN,NaN,NaN,NaN,NaN,NaN,NaN
1571014800,0.9,0.91,0.895,0.91,19600,NaN,NaN,NaN,NaN,NaN,NaN,NaN
1571101200,0.91,0.91,0.91,0.91,0,NaN,NaN,NaN,NaN,NaN,NaN,NaN
1571187600,0.9,0.91,0.89,0.895,47800,NaN,NaN,NaN,NaN,NaN,NaN,NaN
1571274000,0.885,0.91,0.885,0.885,43100,NaN,NaN,NaN,NaN,NaN,NaN,NaN
1571360400,0.89,0.895,0.885,0.885,81100,NaN,NaN,NaN,NaN,NaN,NaN,NaN
1571619600,0.89,0.9,0.885,0.885,47500,NaN,NaN,NaN,NaN,NaN,NaN,NaN
1571706000,0.885,0.9,0.885,0.9,46000,NaN,NaN,NaN,NaN,NaN,NaN,NaN
1571792400,0.885,0.9,0.885,0.9,61000,NaN,NaN,NaN,NaN,NaN,NaN,NaN
1571878800,0.91,0.91,0.9,0.905,54400,NaN,NaN,NaN,NaN,NaN,NaN,NaN
1571965200,0.9,0.9,0.885,0.89,59400,NaN,NaN,NaN,NaN,NaN,NaN,NaN
1572310800,0.89,0.89,0.88,0.89,91100,NaN,NaN,NaN,NaN,NaN,NaN,NaN
1572397200,0.89,0.895,0.89,0.895,66000,NaN,NaN,NaN,NaN,NaN,NaN,NaN
1572483600,0.895,0.9,0.885,0.9,401800,NaN,NaN,NaN,NaN,NaN,NaN,NaN
1572570000,0.905,0.905,0.9,0.905,58200,NaN,NaN,NaN,NaN,NaN,NaN,NaN
1572829200,0.95,0.95,0.935,0.945,592000,NaN,NaN,NaN,NaN,NaN,NaN,NaN
1572915600,0.95,0.96,0.94,0.955,262400,NaN,NaN,NaN,NaN,NaN,NaN,NaN
1573002000,0.955,0.96,0.95,0.96,232300,NaN,NaN,NaN,NaN,NaN,NaN,NaN
1573088400,0.965,0.965,0.94,0.96,488000,NaN,NaN,NaN,NaN,NaN,NaN,NaN
1573174800,0.955,0.955,0.955,0.955,100,NaN,NaN,NaN,NaN,NaN,NaN,NaN
1573434000,0.95,0.95,0.95,0.95,114700,NaN,NaN,NaN,NaN,NaN,NaN,NaN
1573520400,0.95,0.965,0.95,0.965,322000,NaN,NaN,NaN,NaN,NaN,NaN,NaN
1573606800,0.96,0.965,0.94,0.95,125800,NaN,NaN,NaN,NaN,NaN,NaN,NaN
1573693200,0.95,0.95,0.94,0.945,73300,NaN,NaN,NaN,NaN,NaN,NaN,NaN
1573779600,0.94,0.945,0.93,0.94,343400,NaN,NaN,NaN,NaN,NaN,NaN,NaN
1574038800,0.94,0.95,0.935,0.935,399500,NaN,NaN,NaN,NaN,NaN,NaN,NaN
1574125200,0.935,0.955,0.935,0.955,260000,NaN,NaN,NaN,NaN,NaN,NaN,NaN
1574211600,0.955,1.2,0.955,1.13,1654800,NaN,NaN,NaN,NaN,NaN,NaN,NaN
1574298000,1.17,1.21,1.13,1.15,3203600,NaN,NaN,NaN,NaN,NaN,NaN,NaN
1574384400,1.16,1.2,1.13,1.13,1542900,NaN,NaN,NaN,NaN,NaN,NaN,NaN
1574643600,1.14,1.18,1.14,1.16,688300,NaN,NaN,NaN,NaN,NaN,NaN,NaN
1574730000,1.13,1.16,1.11,1.13,970700,NaN,NaN,NaN,NaN,NaN,NaN,NaN
1574816400,1.13,1.18,1.12,1.14,1205200,NaN,NaN,NaN,NaN,NaN,NaN,NaN
1574902800,1.16,1.16,1.14,1.14,202600,NaN,NaN,NaN,NaN,NaN,NaN,NaN
1574989200,1.15,1.25,1.14,1.18,3346700,NaN,NaN,NaN,NaN,NaN,NaN,NaN
1575248400,1.2,1.22,1.19,1.2,668900,NaN,NaN,NaN,NaN,NaN,NaN,NaN
1575334800,1.2,1.21,1.17,1.2,537700,NaN,NaN,NaN,NaN,NaN,NaN,NaN
1575421200,1.2,1.2,1.15,1.18,585700,NaN,NaN,NaN,NaN,NaN,NaN,NaN
1575507600,1.18,1.27,1.18,1.24,2936200,NaN,NaN,NaN,NaN,NaN,NaN,NaN
1575594000,1.26,1.33,1.26,1.33,3084700,NaN,NaN,NaN,NaN,NaN,NaN,NaN
1575853200,1.33,1.38,1.32,1.34,1589200,NaN,NaN,NaN,NaN,NaN,NaN,NaN
1575939600,1.34,1.37,1.32,1.37,915100,NaN,NaN,NaN,NaN,NaN,NaN,NaN
1576026000,1.37,1.42,1.35,1.42,2784400,NaN,NaN,NaN,NaN,NaN,NaN,NaN
1576112400,1.43,1.43,1.37,1.38,1026700,NaN,NaN,NaN,NaN,NaN,NaN,NaN
1576198800,1.38,1.4,1.33,1.34,504200,NaN,NaN,NaN,NaN,NaN,NaN,NaN
1576458000,1.33,1.42,1.33,1.4,960400,NaN,NaN,NaN,NaN,NaN,NaN,NaN
1576544400,1.41,1.43,1.33,1.37,639000,NaN,NaN,NaN,NaN,NaN,NaN,NaN
1576630800,1.37,1.42,1.37,1.38,917500,NaN,NaN,NaN,NaN,NaN,NaN,NaN
1576717200,1.36,1.38,1.32,1.32,594900,NaN,NaN,NaN,NaN,NaN,NaN,NaN
1576803600,1.33,1.4,1.33,1.37,1499900,NaN,NaN,NaN,NaN,NaN,NaN,NaN
1577062800,1.38,1.39,1.33,1.37,567400,NaN,NaN,NaN,NaN,NaN,NaN,NaN
1577149200,1.37,1.38,1.35,1.35,268400,NaN,NaN,NaN,NaN,NaN,NaN,NaN
1577322000,1.34,1.41,1.34,1.4,512800,NaN,NaN,NaN,NaN,NaN,NaN,NaN
1577408400,1.41,1.48,1.41,1.48,1761500,NaN,NaN,NaN,NaN,NaN,NaN,NaN
1577667600,1.5,1.58,1.49,1.58,2323900,NaN,NaN,NaN,NaN,NaN,NaN,NaN
1577754000,1.58,1.59,1.53,1.54,1058900,1380173509,3265134000,1690414000,22844000,195055000,1438982000,0.649350649350649
1577926800,1.53,1.55,1.51,1.53,1123800,NaN,NaN,NaN,NaN,NaN,NaN,NaN
1578013200,1.56,1.56,1.48,1.5,1237000,NaN,NaN,NaN,NaN,NaN,NaN,NaN
1578272400,1.51,1.56,1.48,1.54,1489700,NaN,NaN,NaN,NaN,NaN,NaN,NaN
1578358800,1.54,1.56,1.49,1.53,722200,NaN,NaN,NaN,NaN,NaN,NaN,NaN
1578445200,1.49,1.54,1.45,1.54,2468100,NaN,NaN,NaN,NaN,NaN,NaN,NaN
1578531600,1.53,1.53,1.49,1.49,692300,NaN,NaN,NaN,NaN,NaN,NaN,NaN
1578618000,1.52,1.55,1.5,1.5,1388500,NaN,NaN,NaN,NaN,NaN,NaN,NaN
1578877200,1.52,1.57,1.5,1.56,1346400,NaN,NaN,NaN,NaN,NaN,NaN,NaN
1578963600,1.56,1.56,1.48,1.5,1403600,NaN,NaN,NaN,NaN,NaN,NaN,NaN
1579050000,1.48,1.49,1.45,1.46,446600,NaN,NaN,NaN,NaN,NaN,NaN,NaN
1579136400,1.45,1.5,1.44,1.45,824300,NaN,NaN,NaN,NaN,NaN,NaN,NaN
1579222800,1.45,1.51,1.45,1.49,906700,NaN,NaN,NaN,NaN,NaN,NaN,NaN
1579482000,1.45,1.52,1.42,1.49,1901000,NaN,NaN,NaN,NaN,NaN,NaN,NaN
1579568400,1.49,1.51,1.47,1.47,171700,NaN,NaN,NaN,NaN,NaN,NaN,NaN
1579654800,1.45,1.49,1.41,1.44,326600,NaN,NaN,NaN,NaN,NaN,NaN,NaN
1579741200,1.42,1.44,1.42,1.44,169400,NaN,NaN,NaN,NaN,NaN,NaN,NaN
1579827600,1.42,1.43,1.42,1.43,53600,NaN,NaN,NaN,NaN,NaN,NaN,NaN
1580173200,1.41,1.41,1.33,1.33,685700,NaN,NaN,NaN,NaN,NaN,NaN,NaN
1580259600,1.32,1.37,1.32,1.37,138000,NaN,NaN,NaN,NaN,NaN,NaN,NaN
1580346000,1.31,1.34,1.27,1.27,138000,NaN,NaN,NaN,NaN,NaN,NaN,NaN
1580432400,1.27,1.28,1.18,1.19,1470900,NaN,NaN,NaN,NaN,NaN,NaN,NaN
1580691600,1.1,1.19,1.1,1.16,501100,NaN,NaN,NaN,NaN,NaN,NaN,NaN
1580778000,1.22,1.22,1.19,1.2,388600,NaN,NaN,NaN,NaN,NaN,NaN,NaN
1580864400,1.19,1.29,1.19,1.26,628500,NaN,NaN,NaN,NaN,NaN,NaN,NaN
1580950800,1.3,1.37,1.3,1.34,592300,NaN,NaN,NaN,NaN,NaN,NaN,NaN
1581037200,1.35,1.37,1.32,1.35,517200,NaN,NaN,NaN,NaN,NaN,NaN,NaN
1581296400,1.25,1.36,1.24,1.36,296500,NaN,NaN,NaN,NaN,NaN,NaN,NaN
1581382800,1.36,1.41,1.32,1.4,888200,NaN,NaN,NaN,NaN,NaN,NaN,NaN
1581469200,1.4,1.46,1.39,1.4,972800,NaN,NaN,NaN,NaN,NaN,NaN,NaN
1581555600,1.4,1.4,1.36,1.38,44500,NaN,NaN,NaN,NaN,NaN,NaN,NaN
1581642000,1.38,1.38,1.35,1.37,65700,NaN,NaN,NaN,NaN,NaN,NaN,NaN
1581901200,1.35,1.37,1.32,1.36,62800,NaN,NaN,NaN,NaN,NaN,NaN,NaN
1581987600,1.35,1.36,1.35,1.36,45700,NaN,NaN,NaN,NaN,NaN,NaN,NaN
1582074000,1.34,1.35,1.34,1.34,22500,NaN,NaN,NaN,NaN,NaN,NaN,NaN
1582160400,1.32,1.34,1.32,1.34,53700,NaN,NaN,NaN,NaN,NaN,NaN,NaN
1582246800,1.36,1.36,1.3,1.33,11100,NaN,NaN,NaN,NaN,NaN,NaN,NaN
1582506000,1.3,1.3,1.18,1.21,424500,NaN,NaN,NaN,NaN,NaN,NaN,NaN
1582592400,1.2,1.23,1.18,1.23,100000,NaN,NaN,NaN,NaN,NaN,NaN,NaN
1582678800,1.21,1.21,1.17,1.21,559000,NaN,NaN,NaN,NaN,NaN,NaN,NaN
1582765200,1.21,1.25,1.2,1.23,160900,NaN,NaN,NaN,NaN,NaN,NaN,NaN
1582851600,1.24,1.24,1.15,1.18,216000,NaN,NaN,NaN,NaN,NaN,NaN,NaN
1583110800,1.13,1.17,1.11,1.17,111200,NaN,NaN,NaN,NaN,NaN,NaN,NaN
1583197200,1.17,1.2,1.16,1.18,79500,NaN,NaN,NaN,NaN,NaN,NaN,NaN
1583283600,1.18,1.18,1.18,1.18,8000,NaN,NaN,NaN,NaN,NaN,NaN,NaN
1583370000,1.18,1.22,1.18,1.2,883600,NaN,NaN,NaN,NaN,NaN,NaN,NaN
1583456400,1.2,1.2,1.14,1.14,96100,NaN,NaN,NaN,NaN,NaN,NaN,NaN
1583715600,1.12,1.12,0.935,0.99,611000,NaN,NaN,NaN,NaN,NaN,NaN,NaN
1583802000,0.99,1.03,0.95,1.02,347700,NaN,NaN,NaN,NaN,NaN,NaN,NaN
1583888400,1,1.02,0.985,0.995,603000,NaN,NaN,NaN,NaN,NaN,NaN,NaN
1583974800,0.95,0.95,0.93,0.95,223200,NaN,NaN,NaN,NaN,NaN,NaN,NaN
1584061200,0.93,1,0.91,0.94,2274700,NaN,NaN,NaN,NaN,NaN,NaN,NaN
1584320400,0.935,0.945,0.87,0.9,930100,NaN,NaN,NaN,NaN,NaN,NaN,NaN
1584406800,0.855,0.855,0.78,0.78,715500,NaN,NaN,NaN,NaN,NaN,NaN,NaN
1584493200,0.795,0.8,0.655,0.7,838400,NaN,NaN,NaN,NaN,NaN,NaN,NaN
1584579600,0.67,0.67,0.56,0.565,1458000,NaN,NaN,NaN,NaN,NaN,NaN,NaN
1584666000,0.575,0.63,0.575,0.63,3883100,NaN,NaN,NaN,NaN,NaN,NaN,NaN
1584925200,0.61,0.61,0.57,0.585,1519500,NaN,NaN,NaN,NaN,NaN,NaN,NaN
1585011600,0.59,0.625,0.59,0.605,1548200,NaN,NaN,NaN,NaN,NaN,NaN,NaN
1585098000,0.64,0.655,0.61,0.645,2120600,NaN,NaN,NaN,NaN,NaN,NaN,NaN
1585184400,0.66,0.8,0.655,0.725,4562000,NaN,NaN,NaN,NaN,NaN,NaN,NaN
1585270800,0.76,0.82,0.725,0.73,4042400,NaN,NaN,NaN,NaN,NaN,NaN,NaN
1585530000,0.715,0.73,0.65,0.655,4138500,NaN,NaN,NaN,NaN,NaN,NaN,NaN
1585616400,0.675,0.7,0.645,0.655,5555900,1380173509,3102971000,1707437000,40681000,209144000,1265113000,1.52671755725191
1585702800,0.645,0.68,0.615,0.62,8626900,NaN,NaN,NaN,NaN,NaN,NaN,NaN
1585789200,0.61,0.64,0.61,0.625,6096900,NaN,NaN,NaN,NaN,NaN,NaN,NaN
1585875600,0.645,0.665,0.63,0.635,4350300,NaN,NaN,NaN,NaN,NaN,NaN,NaN
1586134800,0.65,0.705,0.635,0.68,10020800,NaN,NaN,NaN,NaN,NaN,NaN,NaN
1586221200,0.7,0.715,0.68,0.69,11700300,NaN,NaN,NaN,NaN,NaN,NaN,NaN
1586307600,0.7,0.725,0.675,0.68,10070700,NaN,NaN,NaN,NaN,NaN,NaN,NaN
1586394000,0.705,0.705,0.67,0.675,5612300,NaN,NaN,NaN,NaN,NaN,NaN,NaN
1586480400,0.68,0.68,0.635,0.65,5687400,NaN,NaN,NaN,NaN,NaN,NaN,NaN
1586739600,0.635,0.66,0.625,0.625,4352800,NaN,NaN,NaN,NaN,NaN,NaN,NaN
1586826000,0.625,0.655,0.625,0.64,3875600,NaN,NaN,NaN,NaN,NaN,NaN,NaN
1586912400,0.645,0.655,0.63,0.635,3803800,NaN,NaN,NaN,NaN,NaN,NaN,NaN
1586998800,0.635,0.65,0.635,0.65,5153900,NaN,NaN,NaN,NaN,NaN,NaN,NaN
1587085200,0.665,0.675,0.655,0.66,6002900,NaN,NaN,NaN,NaN,NaN,NaN,NaN
1587344400,0.665,0.69,0.665,0.675,5662500,NaN,NaN,NaN,NaN,NaN,NaN,NaN
1587430800,0.67,0.68,0.65,0.66,4194500,NaN,NaN,NaN,NaN,NaN,NaN,NaN
1587517200,0.65,0.675,0.64,0.67,4982400,NaN,NaN,NaN,NaN,NaN,NaN,NaN
1587603600,0.675,0.69,0.66,0.67,5048400,NaN,NaN,NaN,NaN,NaN,NaN,NaN
1587690000,0.67,0.68,0.665,0.67,3022000,NaN,NaN,NaN,NaN,NaN,NaN,NaN
1587949200,0.675,0.695,0.67,0.68,3832900,NaN,NaN,NaN,NaN,NaN,NaN,NaN
1588035600,0.685,0.69,0.67,0.675,3532500,NaN,NaN,NaN,NaN,NaN,NaN,NaN
1588122000,0.68,0.68,0.665,0.665,2585200,NaN,NaN,NaN,NaN,NaN,NaN,NaN
1588208400,0.67,0.69,0.67,0.685,5902800,NaN,NaN,NaN,NaN,NaN,NaN,NaN
1588554000,0.67,0.685,0.67,0.68,1683600,NaN,NaN,NaN,NaN,NaN,NaN,NaN
1588640400,0.685,0.685,0.675,0.68,1845800,NaN,NaN,NaN,NaN,NaN,NaN,NaN
1588726800,0.69,0.76,0.69,0.735,20340700,NaN,NaN,NaN,NaN,NaN,NaN,NaN
1588899600,0.74,0.755,0.71,0.71,8053600,NaN,NaN,NaN,NaN,NaN,NaN,NaN
1589245200,0.72,0.735,0.715,0.72,3171600,NaN,NaN,NaN,NaN,NaN,NaN,NaN
1589331600,0.715,0.72,0.695,0.705,4129300,NaN,NaN,NaN,NaN,NaN,NaN,NaN
1589418000,0.705,0.72,0.685,0.685,3359300,NaN,NaN,NaN,NaN,NaN,NaN,NaN
1589504400,0.695,0.735,0.69,0.71,8044500,NaN,NaN,NaN,NaN,NaN,NaN,NaN
1589763600,0.72,0.74,0.715,0.735,5636900,NaN,NaN,NaN,NaN,NaN,NaN,NaN
1589850000,0.75,0.81,0.74,0.81,19291300,NaN,NaN,NaN,NaN,NaN,NaN,NaN
1589936400,0.825,0.9,0.82,0.895,31955500,NaN,NaN,NaN,NaN,NaN,NaN,NaN
1590022800,0.91,0.93,0.87,0.9,20919600,NaN,NaN,NaN,NaN,NaN,NaN,NaN
1590109200,0.87,0.875,0.78,0.795,12800100,NaN,NaN,NaN,NaN,NaN,NaN,NaN
1590541200,0.805,0.83,0.8,0.81,9422000,NaN,NaN,NaN,NaN,NaN,NaN,NaN
1590627600,0.82,0.835,0.785,0.81,5676400,NaN,NaN,NaN,NaN,NaN,NaN,NaN
1590714000,0.81,0.81,0.795,0.8,5339300,NaN,NaN,NaN,NaN,NaN,NaN,NaN
1590973200,0.8,0.85,0.8,0.835,7816800,NaN,NaN,NaN,NaN,NaN,NaN,NaN
1591059600,0.845,0.885,0.84,0.88,11071800,NaN,NaN,NaN,NaN,NaN,NaN,NaN
1591146000,0.89,0.9,0.845,0.885,6863100,NaN,NaN,NaN,NaN,NaN,NaN,NaN
1591232400,0.895,0.915,0.895,0.91,7154400,NaN,NaN,NaN,NaN,NaN,NaN,NaN
1591318800,0.91,0.91,0.89,0.895,5017000,NaN,NaN,NaN,NaN,NaN,NaN,NaN
1591664400,0.91,0.92,0.9,0.905,3763100,NaN,NaN,NaN,NaN,NaN,NaN,NaN
1591750800,0.905,0.915,0.885,0.89,4388800,NaN,NaN,NaN,NaN,NaN,NaN,NaN
1591837200,0.89,0.9,0.845,0.85,9042400,NaN,NaN,NaN,NaN,NaN,NaN,NaN
1591923600,0.81,0.84,0.8,0.835,3759200,NaN,NaN,NaN,NaN,NaN,NaN,NaN
1592182800,0.84,0.84,0.815,0.83,5836900,NaN,NaN,NaN,NaN,NaN,NaN,NaN
1592269200,0.835,0.865,0.83,0.86,4828500,NaN,NaN,NaN,NaN,NaN,NaN,NaN
1592355600,0.865,0.865,0.83,0.84,3732600,NaN,NaN,NaN,NaN,NaN,NaN,NaN
1592442000,0.84,0.855,0.81,0.815,5305900,NaN,NaN,NaN,NaN,NaN,NaN,NaN
1592528400,0.82,0.885,0.82,0.855,3377400,NaN,NaN,NaN,NaN,NaN,NaN,NaN
1592787600,0.865,0.88,0.855,0.855,3269800,NaN,NaN,NaN,NaN,NaN,NaN,NaN
1592874000,0.865,0.865,0.835,0.835,4223500,NaN,NaN,NaN,NaN,NaN,NaN,NaN
1592960400,0.85,0.86,0.83,0.83,1675300,NaN,NaN,NaN,NaN,NaN,NaN,NaN
1593046800,0.825,0.835,0.815,0.835,3861200,NaN,NaN,NaN,NaN,NaN,NaN,NaN
1593133200,0.84,0.84,0.825,0.83,1587400,NaN,NaN,NaN,NaN,NaN,NaN,NaN
1593392400,0.825,0.84,0.8,0.835,4506200,NaN,NaN,NaN,NaN,NaN,NaN,NaN
1593478800,0.83,0.845,0.825,0.84,2775500,1380173509,3287603000,1652337000,18434000,210566000,1494186000,1.19047619047619
1593565200,0.84,0.85,0.83,0.845,848400,NaN,NaN,NaN,NaN,NaN,NaN,NaN
1593651600,0.845,0.85,0.835,0.845,1816600,NaN,NaN,NaN,NaN,NaN,NaN,NaN
1593738000,0.85,0.85,0.84,0.84,2145400,NaN,NaN,NaN,NaN,NaN,NaN,NaN
1593997200,0.84,0.855,0.835,0.845,4313000,NaN,NaN,NaN,NaN,NaN,NaN,NaN
1594083600,0.85,0.855,0.835,0.84,726400,NaN,NaN,NaN,NaN,NaN,NaN,NaN
1594170000,0.84,0.86,0.84,0.86,1899800,NaN,NaN,NaN,NaN,NaN,NaN,NaN
1594256400,0.865,0.865,0.85,0.86,1693000,NaN,NaN,NaN,NaN,NaN,NaN,NaN
1594342800,0.85,0.86,0.845,0.855,1149800,NaN,NaN,NaN,NaN,NaN,NaN,NaN
1594602000,0.855,0.855,0.84,0.845,1139900,NaN,NaN,NaN,NaN,NaN,NaN,NaN
1594688400,0.845,0.845,0.835,0.845,2092900,NaN,NaN,NaN,NaN,NaN,NaN,NaN
1594774800,0.855,0.92,0.84,0.905,10227200,NaN,NaN,NaN,NaN,NaN,NaN,NaN
1594861200,0.93,0.96,0.895,0.91,9016500,NaN,NaN,NaN,NaN,NaN,NaN,NaN
1594947600,0.91,0.95,0.91,0.945,7041200,NaN,NaN,NaN,NaN,NaN,NaN,NaN
1595206800,0.97,1.03,0.955,0.98,24791300,NaN,NaN,NaN,NaN,NaN,NaN,NaN
1595293200,0.99,1,0.96,0.97,7520900,NaN,NaN,NaN,NaN,NaN,NaN,NaN
1595379600,0.975,1.02,0.965,0.98,12210800,NaN,NaN,NaN,NaN,NaN,NaN,NaN
1595466000,0.985,1.03,0.975,1.03,10318900,NaN,NaN,NaN,NaN,NaN,NaN,NaN
1595552400,1.03,1.18,1.03,1.16,33135400,NaN,NaN,NaN,NaN,NaN,NaN,NaN
1595811600,1.16,1.19,1.12,1.12,14145200,NaN,NaN,NaN,NaN,NaN,NaN,NaN
1595898000,1.14,1.14,1.05,1.07,11342200,NaN,NaN,NaN,NaN,NaN,NaN,NaN
1595984400,1.06,1.1,1.01,1.04,6304000,NaN,NaN,NaN,NaN,NaN,NaN,NaN
1596070800,1.05,1.07,0.995,1.03,4926800,NaN,NaN,NaN,NaN,NaN,NaN,NaN
1596416400,1.02,1.05,1.01,1.03,12250100,NaN,NaN,NaN,NaN,NaN,NaN,NaN
1596502800,1.03,1.07,0.985,1.03,17742800,NaN,NaN,NaN,NaN,NaN,NaN,NaN
1596589200,1.06,1.09,1.05,1.05,8177500,NaN,NaN,NaN,NaN,NaN,NaN,NaN
1596675600,1.06,1.08,1.03,1.04,5000200,NaN,NaN,NaN,NaN,NaN,NaN,NaN
1596762000,1.06,1.06,1.02,1.03,4004100,NaN,NaN,NaN,NaN,NaN,NaN,NaN
1597021200,1.04,1.04,0.995,0.995,3200200,NaN,NaN,NaN,NaN,NaN,NaN,NaN
1597107600,1.01,1.02,0.96,0.985,5668900,NaN,NaN,NaN,NaN,NaN,NaN,NaN
1597194000,0.98,0.98,0.935,0.965,5859900,NaN,NaN,NaN,NaN,NaN,NaN,NaN
1597280400,0.975,1.03,0.975,0.99,6849800,NaN,NaN,NaN,NaN,NaN,NaN,NaN
1597366800,1,1.02,0.955,0.96,4128900,NaN,NaN,NaN,NaN,NaN,NaN,NaN
1597626000,0.975,0.975,0.945,0.96,3106100,NaN,NaN,NaN,NaN,NaN,NaN,NaN
1597712400,0.965,0.99,0.96,0.99,2098300,NaN,NaN,NaN,NaN,NaN,NaN,NaN
1597798800,1.01,1.06,0.99,1.03,13204900,NaN,NaN,NaN,NaN,NaN,NaN,NaN
1597971600,1.06,1.07,1.04,1.06,9272800,NaN,NaN,NaN,NaN,NaN,NaN,NaN
1598230800,1.06,1.07,1.02,1.03,3657400,NaN,NaN,NaN,NaN,NaN,NaN,NaN
1598317200,1.03,1.03,0.995,0.995,2319700,NaN,NaN,NaN,NaN,NaN,NaN,NaN
1598403600,1,1,0.985,0.985,1551700,NaN,NaN,NaN,NaN,NaN,NaN,NaN
1598490000,1,1.02,0.995,1,1884900,NaN,NaN,NaN,NaN,NaN,NaN,NaN
1598576400,1,1.04,1,1.03,3801700,NaN,NaN,NaN,NaN,NaN,NaN,NaN
1598922000,1.04,1.09,1.01,1.09,8254600,NaN,NaN,NaN,NaN,NaN,NaN,NaN
1599008400,1.1,1.12,1.07,1.12,8446200,NaN,NaN,NaN,NaN,NaN,NaN,NaN
1599094800,1.12,1.13,1.06,1.08,8204500,NaN,NaN,NaN,NaN,NaN,NaN,NaN
1599181200,1.05,1.08,1.04,1.06,4588700,NaN,NaN,NaN,NaN,NaN,NaN,NaN
1599440400,1.06,1.07,1.01,1.01,4638100,NaN,NaN,NaN,NaN,NaN,NaN,NaN
1599526800,1.03,1.03,0.99,1.01,3722300,NaN,NaN,NaN,NaN,NaN,NaN,NaN
1599613200,1.01,1.01,0.97,0.98,4054800,NaN,NaN,NaN,NaN,NaN,NaN,NaN
1599699600,0.99,0.995,0.925,0.925,6142100,NaN,NaN,NaN,NaN,NaN,NaN,NaN
1599786000,0.925,0.955,0.905,0.955,2514200,NaN,NaN,NaN,NaN,NaN,NaN,NaN
1600045200,0.965,1.02,0.96,1.01,4867600,NaN,NaN,NaN,NaN,NaN,NaN,NaN
1600131600,1.02,1.05,1.01,1.03,3297100,NaN,NaN,NaN,NaN,NaN,NaN,NaN
1600304400,1.05,1.06,1.01,1.04,4951400,NaN,NaN,NaN,NaN,NaN,NaN,NaN
1600390800,1.05,1.11,1.04,1.09,16850400,NaN,NaN,NaN,NaN,NaN,NaN,NaN
1600650000,1.11,1.15,1.02,1.03,18838400,NaN,NaN,NaN,NaN,NaN,NaN,NaN
1600736400,1.04,1.06,0.99,1.03,6921100,NaN,NaN,NaN,NaN,NaN,NaN,NaN
1600822800,1.04,1.04,0.99,1,4558700,NaN,NaN,NaN,NaN,NaN,NaN,NaN
1600909200,0.985,1,0.96,0.98,4207900,NaN,NaN,NaN,NaN,NaN,NaN,NaN
1600995600,0.98,1.01,0.98,0.99,3123300,NaN,NaN,NaN,NaN,NaN,NaN,NaN
1601254800,1,1.02,0.975,0.975,2182700,NaN,NaN,NaN,NaN,NaN,NaN,NaN
1601341200,0.995,0.995,0.97,0.975,1503800,NaN,NaN,NaN,NaN,NaN,NaN,NaN
1601427600,0.98,0.98,0.95,0.95,2259300,1380173509,3142171000,1618528000,29106000,216960000,1384607000,1.05263157894737
1601514000,0.96,0.975,0.955,0.97,2776900,NaN,NaN,NaN,NaN,NaN,NaN,NaN
1601600400,0.96,0.97,0.925,0.935,3499300,NaN,NaN,NaN,NaN,NaN,NaN,NaN
1601859600,0.955,0.965,0.945,0.955,2876600,NaN,NaN,NaN,NaN,NaN,NaN,NaN
1601946000,0.955,0.975,0.945,0.945,2515900,NaN,NaN,NaN,NaN,NaN,NaN,NaN
1602032400,0.95,0.975,0.945,0.97,2977500,NaN,NaN,NaN,NaN,NaN,NaN,NaN
1602118800,0.985,0.995,0.97,0.98,3754200,NaN,NaN,NaN,NaN,NaN,NaN,NaN
1602205200,0.98,0.99,0.97,0.985,2335100,NaN,NaN,NaN,NaN,NaN,NaN,NaN
1602464400,0.995,1.02,0.975,0.99,5718200,NaN,NaN,NaN,NaN,NaN,NaN,NaN
1602550800,0.98,0.99,0.96,0.97,7729000,NaN,NaN,NaN,NaN,NaN,NaN,NaN
1602637200,0.975,0.995,0.97,0.995,3996100,NaN,NaN,NaN,NaN,NaN,NaN,NaN
1602723600,0.995,0.995,0.975,0.985,2761800,NaN,NaN,NaN,NaN,NaN,NaN,NaN
1602810000,0.985,0.995,0.98,0.995,2262000,NaN,NaN,NaN,NaN,NaN,NaN,NaN
1603069200,0.99,0.99,0.97,0.98,1960300,NaN,NaN,NaN,NaN,NaN,NaN,NaN
1603155600,0.975,0.975,0.955,0.97,4845100,NaN,NaN,NaN,NaN,NaN,NaN,NaN
1603242000,0.975,0.975,0.955,0.96,3095300,NaN,NaN,NaN,NaN,NaN,NaN,NaN
1603328400,0.96,0.97,0.955,0.97,2665700,NaN,NaN,NaN,NaN,NaN,NaN,NaN
1603414800,0.97,0.98,0.955,0.96,4046500,NaN,NaN,NaN,NaN,NaN,NaN,NaN
1603674000,0.96,0.975,0.935,0.95,2811500,NaN,NaN,NaN,NaN,NaN,NaN,NaN
1603760400,0.965,0.97,0.955,0.96,1115300,NaN,NaN,NaN,NaN,NaN,NaN,NaN
1603846800,0.965,0.97,0.95,0.96,1795300,NaN,NaN,NaN,NaN,NaN,NaN,NaN
1604019600,0.96,0.96,0.93,0.935,1794600,NaN,NaN,NaN,NaN,NaN,NaN,NaN
1604278800,0.935,0.935,0.92,0.935,1025500,NaN,NaN,NaN,NaN,NaN,NaN,NaN
1604365200,0.935,0.945,0.935,0.945,1393700,NaN,NaN,NaN,NaN,NaN,NaN,NaN
1604451600,0.95,0.97,0.945,0.965,1804400,NaN,NaN,NaN,NaN,NaN,NaN,NaN
1604538000,0.965,1.02,0.965,1.02,10054400,NaN,NaN,NaN,NaN,NaN,NaN,NaN
1604624400,1.03,1.04,1.01,1.02,3346900,NaN,NaN,NaN,NaN,NaN,NaN,NaN
1604883600,1.03,1.04,1.01,1.02,2696500,NaN,NaN,NaN,NaN,NaN,NaN,NaN
1604970000,1.03,1.08,1.02,1.08,7103700,NaN,NaN,NaN,NaN,NaN,NaN,NaN
1605056400,1.09,1.1,1.04,1.06,3867600,NaN,NaN,NaN,NaN,NaN,NaN,NaN
1605142800,1.07,1.08,1.04,1.06,2001100,NaN,NaN,NaN,NaN,NaN,NaN,NaN
1605229200,1.07,1.12,1.05,1.1,6551000,NaN,NaN,NaN,NaN,NaN,NaN,NaN
1605488400,1.11,1.14,1.09,1.09,5016400,NaN,NaN,NaN,NaN,NaN,NaN,NaN
1605574800,1.11,1.13,1.07,1.1,3724500,NaN,NaN,NaN,NaN,NaN,NaN,NaN
1605661200,1.11,1.12,1.09,1.1,2740700,NaN,NaN,NaN,NaN,NaN,NaN,NaN
1605747600,1.13,1.14,1.09,1.11,13533800,NaN,NaN,NaN,NaN,NaN,NaN,NaN
1605834000,1.11,1.13,1.09,1.1,5745400,NaN,NaN,NaN,NaN,NaN,NaN,NaN
1606093200,1.11,1.11,1.08,1.1,1867400,NaN,NaN,NaN,NaN,NaN,NaN,NaN
1606179600,1.1,1.1,1.04,1.05,4718600,NaN,NaN,NaN,NaN,NaN,NaN,NaN
1606266000,1.05,1.06,1.04,1.05,3284300,NaN,NaN,NaN,NaN,NaN,NaN,NaN
1606352400,1.05,1.06,1.03,1.06,3478800,NaN,NaN,NaN,NaN,NaN,NaN,NaN
1606438800,1.05,1.07,1.05,1.05,1860600,NaN,NaN,NaN,NaN,NaN,NaN,NaN
1606698000,1.09,1.13,1.09,1.09,7323500,NaN,NaN,NaN,NaN,NaN,NaN,NaN
1606784400,1.11,1.12,1.09,1.1,6123700,NaN,NaN,NaN,NaN,NaN,NaN,NaN
1606870800,1.1,1.12,1.08,1.09,3851700,NaN,NaN,NaN,NaN,NaN,NaN,NaN
1606957200,1.08,1.1,1.07,1.1,3680600,NaN,NaN,NaN,NaN,NaN,NaN,NaN
1607043600,1.1,1.11,1.08,1.11,6002300,NaN,NaN,NaN,NaN,NaN,NaN,NaN
1607302800,1.13,1.18,1.12,1.15,14058400,NaN,NaN,NaN,NaN,NaN,NaN,NaN
1607389200,1.17,1.19,1.15,1.16,6738600,NaN,NaN,NaN,NaN,NaN,NaN,NaN
1607475600,1.17,1.18,1.15,1.17,5226100,NaN,NaN,NaN,NaN,NaN,NaN,NaN
1607562000,1.17,1.18,1.12,1.14,4062400,NaN,NaN,NaN,NaN,NaN,NaN,NaN
1607648400,1.15,1.17,1.15,1.15,3999300,NaN,NaN,NaN,NaN,NaN,NaN,NaN
1607907600,1.16,1.18,1.13,1.14,6720600,NaN,NaN,NaN,NaN,NaN,NaN,NaN
1607994000,1.14,1.16,1.12,1.15,2190300,NaN,NaN,NaN,NaN,NaN,NaN,NaN
1608080400,1.15,1.16,1.14,1.15,2275900,NaN,NaN,NaN,NaN,NaN,NaN,NaN
1608166800,1.16,1.16,1.13,1.14,1601900,NaN,NaN,NaN,NaN,NaN,NaN,NaN
1608253200,1.14,1.15,1.13,1.14,2684900,NaN,NaN,NaN,NaN,NaN,NaN,NaN
1608512400,1.13,1.15,1.13,1.13,1528100,NaN,NaN,NaN,NaN,NaN,NaN,NaN
1608598800,1.13,1.13,1.08,1.09,3573200,NaN,NaN,NaN,NaN,NaN,NaN,NaN
1608685200,1.09,1.12,1.07,1.12,2583600,NaN,NaN,NaN,NaN,NaN,NaN,NaN
1608771600,1.12,1.14,1.11,1.14,1927300,NaN,NaN,NaN,NaN,NaN,NaN,NaN
1609117200,1.14,1.16,1.14,1.15,4013900,NaN,NaN,NaN,NaN,NaN,NaN,NaN
1609203600,1.15,1.17,1.13,1.15,4074600,NaN,NaN,NaN,NaN,NaN,NaN,NaN
1609290000,1.15,1.16,1.14,1.15,4077800,NaN,NaN,NaN,NaN,NaN,NaN,NaN
1609376400,1.15,1.15,1.14,1.15,2256500,1380173509,3171777000,1573994000,84755000,241089000,1453432000,1.30434782608696
1609722000,1.14,1.15,1.12,1.15,3020600,NaN,NaN,NaN,NaN,NaN,NaN,NaN
1609808400,1.14,1.14,1.12,1.14,1338800,NaN,NaN,NaN,NaN,NaN,NaN,NaN
1609894800,1.15,1.16,1.12,1.14,2942100,NaN,NaN,NaN,NaN,NaN,NaN,NaN
1609981200,1.14,1.15,1.11,1.12,4703900,NaN,NaN,NaN,NaN,NaN,NaN,NaN
1610067600,1.13,1.14,1.08,1.1,2568000,NaN,NaN,NaN,NaN,NaN,NaN,NaN
1610326800,1.09,1.16,1.09,1.13,3541400,NaN,NaN,NaN,NaN,NaN,NaN,NaN
1610413200,1.12,1.14,1.08,1.11,2580900,NaN,NaN,NaN,NaN,NaN,NaN,NaN
1610499600,1.13,1.15,1.13,1.14,1773300,NaN,NaN,NaN,NaN,NaN,NaN,NaN
1610586000,1.15,1.16,1.13,1.14,3851600,NaN,NaN,NaN,NaN,NaN,NaN,NaN
1610672400,1.14,1.14,1.09,1.1,5446000,NaN,NaN,NaN,NaN,NaN,NaN,NaN
1610931600,1.1,1.11,1.04,1.07,3436500,NaN,NaN,NaN,NaN,NaN,NaN,NaN
1611018000,1.07,1.1,1.06,1.08,917700,NaN,NaN,NaN,NaN,NaN,NaN,NaN
1611104400,1.08,1.08,1.04,1.06,2487600,NaN,NaN,NaN,NaN,NaN,NaN,NaN
1611190800,1.06,1.08,1.03,1.04,2643000,NaN,NaN,NaN,NaN,NaN,NaN,NaN
1611277200,1.06,1.06,1.03,1.03,2924200,NaN,NaN,NaN,NaN,NaN,NaN,NaN
1611536400,1.03,1.03,0.99,0.995,4637600,NaN,NaN,NaN,NaN,NaN,NaN,NaN
1611622800,1,1.02,1,1,2710300,NaN,NaN,NaN,NaN,NaN,NaN,NaN
1611709200,1.01,1.02,1.01,1.01,1016500,NaN,NaN,NaN,NaN,NaN,NaN,NaN
1611882000,1.01,1.02,1,1.02,1458500,NaN,NaN,NaN,NaN,NaN,NaN,NaN
1612227600,1.03,1.05,1.02,1.05,1220800,NaN,NaN,NaN,NaN,NaN,NaN,NaN
1612314000,1.05,1.06,1.04,1.05,915500,NaN,NaN,NaN,NaN,NaN,NaN,NaN
1612400400,1.06,1.1,1.04,1.09,2677200,NaN,NaN,NaN,NaN,NaN,NaN,NaN
1612486800,1.1,1.11,1.08,1.1,1696700,NaN,NaN,NaN,NaN,NaN,NaN,NaN
1612746000,1.09,1.09,1.02,1.05,825600,NaN,NaN,NaN,NaN,NaN,NaN,NaN
1612832400,1.05,1.06,1.03,1.04,2412300,NaN,NaN,NaN,NaN,NaN,NaN,NaN
1612918800,1.04,1.07,1.04,1.05,977800,NaN,NaN,NaN,NaN,NaN,NaN,NaN
1613005200,1.05,1.07,1.05,1.07,163500,NaN,NaN,NaN,NaN,NaN,NaN,NaN
1613350800,1.08,1.09,1.06,1.08,864000,NaN,NaN,NaN,NaN,NaN,NaN,NaN
1613437200,1.09,1.11,1.08,1.08,1723000,NaN,NaN,NaN,NaN,NaN,NaN,NaN
1613523600,1.08,1.08,1.06,1.08,1708600,NaN,NaN,NaN,NaN,NaN,NaN,NaN
1613610000,1.07,1.1,1.07,1.08,1474000,NaN,NaN,NaN,NaN,NaN,NaN,NaN
1613696400,1.08,1.08,1.07,1.08,883400,NaN,NaN,NaN,NaN,NaN,NaN,NaN
1613955600,1.08,1.08,1.05,1.06,1079300,NaN,NaN,NaN,NaN,NaN,NaN,NaN
1614042000,1.06,1.07,1.04,1.06,2337100,NaN,NaN,NaN,NaN,NaN,NaN,NaN
1614128400,1.07,1.07,1.03,1.06,2593600,NaN,NaN,NaN,NaN,NaN,NaN,NaN
1614214800,1.06,1.08,1.05,1.08,2789400,NaN,NaN,NaN,NaN,NaN,NaN,NaN
1614301200,1.09,1.09,1.04,1.06,5522400,NaN,NaN,NaN,NaN,NaN,NaN,NaN
1614560400,1.06,1.07,1.03,1.04,5522400,NaN,NaN,NaN,NaN,NaN,NaN,NaN
1614646800,1.04,1.05,1.02,1.04,4208600,NaN,NaN,NaN,NaN,NaN,NaN,NaN
1614733200,1.04,1.04,1.02,1.04,1386600,NaN,NaN,NaN,NaN,NaN,NaN,NaN
1614819600,1.04,1.06,1.03,1.05,2103600,NaN,NaN,NaN,NaN,NaN,NaN,NaN
1614906000,1.06,1.07,1.04,1.06,1228900,NaN,NaN,NaN,NaN,NaN,NaN,NaN
1615165200,1.07,1.1,1.04,1.06,3367800,NaN,NaN,NaN,NaN,NaN,NaN,NaN
1615251600,1.07,1.09,1.06,1.07,1389100,NaN,NaN,NaN,NaN,NaN,NaN,NaN
1615338000,1.08,1.09,1.05,1.06,2867300,NaN,NaN,NaN,NaN,NaN,NaN,NaN
1615424400,1.08,1.13,1.07,1.12,6728000,NaN,NaN,NaN,NaN,NaN,NaN,NaN
1615510800,1.12,1.13,1.1,1.11,2859600,NaN,NaN,NaN,NaN,NaN,NaN,NaN
1615770000,1.12,1.13,1.08,1.08,3249300,NaN,NaN,NaN,NaN,NaN,NaN,NaN
1615856400,1.09,1.13,1.08,1.1,6783700,NaN,NaN,NaN,NaN,NaN,NaN,NaN
1615942800,1.11,1.13,1.1,1.12,3416000,NaN,NaN,NaN,NaN,NaN,NaN,NaN
1616029200,1.12,1.13,1.09,1.09,2533200,NaN,NaN,NaN,NaN,NaN,NaN,NaN
1616115600,1.09,1.09,1.06,1.07,2243600,NaN,NaN,NaN,NaN,NaN,NaN,NaN
1616374800,1.08,1.08,1.06,1.07,1655600,NaN,NaN,NaN,NaN,NaN,NaN,NaN
1616461200,1.08,1.09,1.07,1.08,1733100,NaN,NaN,NaN,NaN,NaN,NaN,NaN
1616547600,1.07,1.1,1.06,1.09,1693800,NaN,NaN,NaN,NaN,NaN,NaN,NaN
1616634000,1.09,1.1,1.07,1.08,1912600,NaN,NaN,NaN,NaN,NaN,NaN,NaN
1616720400,1.08,1.1,1.07,1.1,1470600,NaN,NaN,NaN,NaN,NaN,NaN,NaN
1616979600,1.1,1.11,1.08,1.1,1372600,NaN,NaN,NaN,NaN,NaN,NaN,NaN
1617066000,1.1,1.1,1.06,1.06,2422000,NaN,NaN,NaN,NaN,NaN,NaN,NaN
1617152400,1.06,1.07,1.05,1.05,1245500,1380173509,3128514000,1512596000,58272000,244081000,1468997000,1.42857142857143
1617238800,1.06,1.07,1.05,1.06,2941400,NaN,NaN,NaN,NaN,NaN,NaN,NaN
1617325200,1.06,1.08,1.05,1.08,1248500,NaN,NaN,NaN,NaN,NaN,NaN,NaN
1617584400,1.08,1.08,1.04,1.05,2776600,NaN,NaN,NaN,NaN,NaN,NaN,NaN
1617670800,1.06,1.06,1.04,1.06,1483500,NaN,NaN,NaN,NaN,NaN,NaN,NaN
1617757200,1.05,1.06,1.05,1.05,1365300,NaN,NaN,NaN,NaN,NaN,NaN,NaN
1617843600,1.05,1.06,1.04,1.05,1428100,NaN,NaN,NaN,NaN,NaN,NaN,NaN
1617930000,1.06,1.07,1.04,1.04,1440400,NaN,NaN,NaN,NaN,NaN,NaN,NaN
1618189200,1.05,1.06,1.04,1.06,1690600,NaN,NaN,NaN,NaN,NaN,NaN,NaN
1618275600,1.06,1.07,1.05,1.06,1371500,NaN,NaN,NaN,NaN,NaN,NaN,NaN
1618362000,1.06,1.06,1.04,1.05,1510900,NaN,NaN,NaN,NaN,NaN,NaN,NaN
1618448400,1.04,1.06,1.04,1.05,567200,NaN,NaN,NaN,NaN,NaN,NaN,NaN
1618534800,1.05,1.05,1.04,1.05,630500,NaN,NaN,NaN,NaN,NaN,NaN,NaN
1618794000,1.04,1.06,1.04,1.06,643200,NaN,NaN,NaN,NaN,NaN,NaN,NaN
1618880400,1.06,1.07,1.05,1.06,569900,NaN,NaN,NaN,NaN,NaN,NaN,NaN
1618966800,1.06,1.07,1.05,1.06,1519200,NaN,NaN,NaN,NaN,NaN,NaN,NaN
1619053200,1.06,1.1,1.06,1.08,2927600,NaN,NaN,NaN,NaN,NaN,NaN,NaN
1619139600,1.09,1.1,1.08,1.09,1514100,NaN,NaN,NaN,NaN,NaN,NaN,NaN
1619398800,1.09,1.1,1.06,1.06,1641500,NaN,NaN,NaN,NaN,NaN,NaN,NaN
1619485200,1.06,1.08,1.06,1.08,842900,NaN,NaN,NaN,NaN,NaN,NaN,NaN
1619571600,1.07,1.08,1.05,1.08,1035600,NaN,NaN,NaN,NaN,NaN,NaN,NaN
1619744400,1.08,1.08,1.06,1.07,936700,NaN,NaN,NaN,NaN,NaN,NaN,NaN
1620003600,1.08,1.14,1.07,1.13,9178700,NaN,NaN,NaN,NaN,NaN,NaN,NaN
1620090000,1.14,1.19,1.13,1.15,15499700,NaN,NaN,NaN,NaN,NaN,NaN,NaN
1620176400,1.16,1.17,1.12,1.13,4151200,NaN,NaN,NaN,NaN,NaN,NaN,NaN
1620262800,1.13,1.15,1.09,1.13,7544000,NaN,NaN,NaN,NaN,NaN,NaN,NaN
1620349200,1.15,1.25,1.14,1.2,20697400,NaN,NaN,NaN,NaN,NaN,NaN,NaN
1620608400,1.22,1.29,1.22,1.24,19764900,NaN,NaN,NaN,NaN,NaN,NaN,NaN
1620694800,1.25,1.25,1.2,1.21,9412500,NaN,NaN,NaN,NaN,NaN,NaN,NaN
1620781200,1.19,1.25,1.19,1.23,7807500,NaN,NaN,NaN,NaN,NaN,NaN,NaN
1621213200,1.25,1.27,1.18,1.2,10355900,NaN,NaN,NaN,NaN,NaN,NaN,NaN
1621299600,1.2,1.24,1.18,1.23,4625800,NaN,NaN,NaN,NaN,NaN,NaN,NaN
1621386000,1.22,1.23,1.2,1.2,4323000,NaN,NaN,NaN,NaN,NaN,NaN,NaN
1621472400,1.2,1.2,1.08,1.08,14058300,NaN,NaN,NaN,NaN,NaN,NaN,NaN
1621558800,1.08,1.08,1.04,1.06,5785700,NaN,NaN,NaN,NaN,NaN,NaN,NaN
1621818000,1.08,1.09,1.06,1.08,3484700,NaN,NaN,NaN,NaN,NaN,NaN,NaN
1621904400,1.09,1.09,1.06,1.08,2775600,NaN,NaN,NaN,NaN,NaN,NaN,NaN
1622077200,1.07,1.08,1.06,1.06,1951100,NaN,NaN,NaN,NaN,NaN,NaN,NaN
1622163600,1.06,1.08,1.06,1.07,1861500,NaN,NaN,NaN,NaN,NaN,NaN,NaN
1622422800,1.05,1.06,1.03,1.05,2622300,NaN,NaN,NaN,NaN,NaN,NaN,NaN
1622509200,1.06,1.07,1.05,1.06,2942000,NaN,NaN,NaN,NaN,NaN,NaN,NaN
1622595600,1.06,1.09,1.06,1.09,2831800,NaN,NaN,NaN,NaN,NaN,NaN,NaN
1622682000,1.1,1.15,1.09,1.15,6828400,NaN,NaN,NaN,NaN,NaN,NaN,NaN
1622768400,1.14,1.14,1.1,1.11,1884800,NaN,NaN,NaN,NaN,NaN,NaN,NaN
1623114000,1.12,1.13,1.12,1.12,1291200,NaN,NaN,NaN,NaN,NaN,NaN,NaN
1623200400,1.12,1.13,1.11,1.13,891600,NaN,NaN,NaN,NaN,NaN,NaN,NaN
1623286800,1.13,1.13,1.11,1.13,1029000,NaN,NaN,NaN,NaN,NaN,NaN,NaN
1623373200,1.13,1.13,1.09,1.09,2364000,NaN,NaN,NaN,NaN,NaN,NaN,NaN
1623632400,1.09,1.09,1.06,1.09,2308200,NaN,NaN,NaN,NaN,NaN,NaN,NaN
1623718800,1.08,1.08,1.05,1.08,2376700,NaN,NaN,NaN,NaN,NaN,NaN,NaN
1623805200,1.07,1.08,1.06,1.06,1565600,NaN,NaN,NaN,NaN,NaN,NaN,NaN
1623891600,1.07,1.07,1.05,1.06,1123000,NaN,NaN,NaN,NaN,NaN,NaN,NaN
1623978000,1.06,1.06,1.04,1.06,2137700,NaN,NaN,NaN,NaN,NaN,NaN,NaN
1624237200,1.06,1.07,1.04,1.06,998300,NaN,NaN,NaN,NaN,NaN,NaN,NaN
1624323600,1.06,1.07,1.05,1.06,549200,NaN,NaN,NaN,NaN,NaN,NaN,NaN
1624410000,1.06,1.06,1.05,1.06,894100,NaN,NaN,NaN,NaN,NaN,NaN,NaN
1624496400,1.06,1.06,1.04,1.04,1183900,NaN,NaN,NaN,NaN,NaN,NaN,NaN
1624582800,1.05,1.06,1.04,1.05,750500,NaN,NaN,NaN,NaN,NaN,NaN,NaN
1624842000,1.04,1.05,1.03,1.03,893200,NaN,NaN,NaN,NaN,NaN,NaN,NaN
1624928400,1.03,1.04,1.03,1.04,585700,NaN,NaN,NaN,NaN,NaN,NaN,NaN
1625014800,1.04,1.04,1.02,1.02,576500,1380173509,3151892000,1499382000,73275000,307414000,1493282000,1.47058823529412
1625101200,1.03,1.04,1.01,1.01,1156300,NaN,NaN,NaN,NaN,NaN,NaN,NaN
1625187600,1.02,1.02,1,1,937100,NaN,NaN,NaN,NaN,NaN,NaN,NaN
1625446800,1.01,1.02,0.985,0.99,1610700,NaN,NaN,NaN,NaN,NaN,NaN,NaN
1625533200,0.995,1.01,0.99,0.99,3910500,NaN,NaN,NaN,NaN,NaN,NaN,NaN
1625619600,0.995,1.02,0.99,1.02,4773100,NaN,NaN,NaN,NaN,NaN,NaN,NaN
1625706000,1.02,1.02,0.98,1.02,4737500,NaN,NaN,NaN,NaN,NaN,NaN,NaN
1625792400,1,1.02,0.995,1.01,1011500,NaN,NaN,NaN,NaN,NaN,NaN,NaN
1626051600,1.02,1.02,0.995,1.01,1206900,NaN,NaN,NaN,NaN,NaN,NaN,NaN
1626138000,1.01,1.02,1,1.01,1546600,NaN,NaN,NaN,NaN,NaN,NaN,NaN
1626224400,1.01,1.03,1,1.02,2177600,NaN,NaN,NaN,NaN,NaN,NaN,NaN
1626310800,1.02,1.02,1,1.01,2569300,NaN,NaN,NaN,NaN,NaN,NaN,NaN
1626397200,1.01,1.02,1,1.01,4275200,NaN,NaN,NaN,NaN,NaN,NaN,NaN
1626656400,1.01,1.05,1,1.03,2981700,NaN,NaN,NaN,NaN,NaN,NaN,NaN
1626829200,1.04,1.04,1.02,1.04,2857200,NaN,NaN,NaN,NaN,NaN,NaN,NaN
1626915600,1.04,1.06,1.04,1.05,3076900,NaN,NaN,NaN,NaN,NaN,NaN,NaN
1627002000,1.05,1.07,1.04,1.07,3015300,NaN,NaN,NaN,NaN,NaN,NaN,NaN
1627261200,1.07,1.09,1.05,1.05,1534000,NaN,NaN,NaN,NaN,NaN,NaN,NaN
1627347600,1.05,1.06,1.04,1.04,649400,NaN,NaN,NaN,NaN,NaN,NaN,NaN
1627434000,1.04,1.05,1.03,1.03,627700,NaN,NaN,NaN,NaN,NaN,NaN,NaN
1627520400,1.03,1.05,1.03,1.04,571600,NaN,NaN,NaN,NaN,NaN,NaN,NaN
1627606800,1.03,1.04,1.02,1.03,507100,NaN,NaN,NaN,NaN,NaN,NaN,NaN
1627866000,1.03,1.03,1.02,1.03,501600,NaN,NaN,NaN,NaN,NaN,NaN,NaN
1627952400,1.03,1.03,1.02,1.03,654000,NaN,NaN,NaN,NaN,NaN,NaN,NaN
1628038800,1.02,1.04,1.01,1.03,645200,NaN,NaN,NaN,NaN,NaN,NaN,NaN
1628125200,1.03,1.04,1.02,1.02,199600,NaN,NaN,NaN,NaN,NaN,NaN,NaN
1628211600,1.02,1.03,1.02,1.02,730100,NaN,NaN,NaN,NaN,NaN,NaN,NaN
1628470800,1.02,1.04,1.02,1.03,966100,NaN,NaN,NaN,NaN,NaN,NaN,NaN
1628643600,1.03,1.04,1.02,1.02,1831800,NaN,NaN,NaN,NaN,NaN,NaN,NaN
1628730000,1.02,1.04,1.02,1.03,1910700,NaN,NaN,NaN,NaN,NaN,NaN,NaN
1628816400,1.04,1.05,1.03,1.04,1869300,NaN,NaN,NaN,NaN,NaN,NaN,NaN
1629075600,1.04,1.08,1.04,1.07,1634200,NaN,NaN,NaN,NaN,NaN,NaN,NaN
1629162000,1.08,1.08,1.05,1.06,1609300,NaN,NaN,NaN,NaN,NaN,NaN,NaN
1629248400,1.06,1.07,1.04,1.07,938100,NaN,NaN,NaN,NaN,NaN,NaN,NaN
1629334800,1.07,1.08,1.04,1.05,3192900,NaN,NaN,NaN,NaN,NaN,NaN,NaN
1629421200,1.05,1.07,1.05,1.06,1434600,NaN,NaN,NaN,NaN,NaN,NaN,NaN
1629680400,1.07,1.08,1.05,1.06,1631600,NaN,NaN,NaN,NaN,NaN,NaN,NaN
1629766800,1.06,1.08,1.05,1.08,1428300,NaN,NaN,NaN,NaN,NaN,NaN,NaN
1629853200,1.09,1.11,1.06,1.08,5635400,NaN,NaN,NaN,NaN,NaN,NaN,NaN
1629939600,1.09,1.12,1.08,1.12,5245500,NaN,NaN,NaN,NaN,NaN,NaN,NaN
1630026000,1.12,1.12,1.09,1.09,2818300,NaN,NaN,NaN,NaN,NaN,NaN,NaN
1630285200,1.1,1.11,1.08,1.09,2390300,NaN,NaN,NaN,NaN,NaN,NaN,NaN
1630458000,1.1,1.12,1.09,1.11,4612100,NaN,NaN,NaN,NaN,NaN,NaN,NaN
1630544400,1.12,1.13,1.09,1.11,2105300,NaN,NaN,NaN,NaN,NaN,NaN,NaN
1630630800,1.11,1.12,1.1,1.11,1606100,NaN,NaN,NaN,NaN,NaN,NaN,NaN
1630890000,1.11,1.12,1.09,1.1,2152400,NaN,NaN,NaN,NaN,NaN,NaN,NaN
1630976400,1.1,1.14,1.1,1.13,3230000,NaN,NaN,NaN,NaN,NaN,NaN,NaN
1631062800,1.13,1.16,1.13,1.15,4668800,NaN,NaN,NaN,NaN,NaN,NaN,NaN
1631149200,1.16,1.18,1.15,1.16,4882900,NaN,NaN,NaN,NaN,NaN,NaN,NaN
1631235600,1.16,1.16,1.14,1.14,2497400,NaN,NaN,NaN,NaN,NaN,NaN,NaN
1631494800,1.14,1.15,1.13,1.13,1816300,NaN,NaN,NaN,NaN,NaN,NaN,NaN
1631581200,1.14,1.15,1.12,1.12,2197900,NaN,NaN,NaN,NaN,NaN,NaN,NaN
1631667600,1.12,1.13,1.11,1.13,2358800,NaN,NaN,NaN,NaN,NaN,NaN,NaN
1631840400,1.13,1.14,1.11,1.12,2189900,NaN,NaN,NaN,NaN,NaN,NaN,NaN
1632099600,1.11,1.13,1.09,1.1,2728000,NaN,NaN,NaN,NaN,NaN,NaN,NaN
1632186000,1.09,1.09,1.06,1.08,2086000,NaN,NaN,NaN,NaN,NaN,NaN,NaN
1632272400,1.09,1.09,1.08,1.09,1492100,NaN,NaN,NaN,NaN,NaN,NaN,NaN
1632358800,1.1,1.1,1.06,1.09,5158000,NaN,NaN,NaN,NaN,NaN,NaN,NaN
1632445200,1.09,1.1,1.08,1.09,1113300,NaN,NaN,NaN,NaN,NaN,NaN,NaN
1632704400,1.1,1.1,1.07,1.08,1274500,NaN,NaN,NaN,NaN,NaN,NaN,NaN
1632790800,1.08,1.1,1.08,1.1,1232400,NaN,NaN,NaN,NaN,NaN,NaN,NaN
1632877200,1.09,1.12,1.09,1.11,1344100,NaN,NaN,NaN,NaN,NaN,NaN,NaN
1632963600,1.12,1.12,1.09,1.11,918000,1380173509,3197425000,1451335000,91390000,309074000,1572623000,1.35135135135135
1633050000,1.12,1.13,1.1,1.13,1352700,NaN,NaN,NaN,NaN,NaN,NaN,NaN
1633309200,1.13,1.13,1.11,1.12,863400,NaN,NaN,NaN,NaN,NaN,NaN,NaN
1633395600,1.12,1.18,1.12,1.17,7266600,NaN,NaN,NaN,NaN,NaN,NaN,NaN
1633482000,1.18,1.25,1.17,1.22,16117500,NaN,NaN,NaN,NaN,NaN,NaN,NaN
1633568400,1.24,1.25,1.22,1.22,4012000,NaN,NaN,NaN,NaN,NaN,NaN,NaN
1633654800,1.22,1.24,1.2,1.22,3369600,NaN,NaN,NaN,NaN,NaN,NaN,NaN
1633914000,1.23,1.27,1.23,1.25,3972300,NaN,NaN,NaN,NaN,NaN,NaN,NaN
1634000400,1.26,1.26,1.22,1.23,2646200,NaN,NaN,NaN,NaN,NaN,NaN,NaN
1634086800,1.22,1.23,1.18,1.2,6635200,NaN,NaN,NaN,NaN,NaN,NaN,NaN
1634173200,1.21,1.22,1.19,1.2,2768400,NaN,NaN,NaN,NaN,NaN,NaN,NaN
1634259600,1.21,1.23,1.2,1.21,2021400,NaN,NaN,NaN,NaN,NaN,NaN,NaN
1634518800,1.2,1.21,1.17,1.18,5220400,NaN,NaN,NaN,NaN,NaN,NaN,NaN
1634691600,1.19,1.22,1.18,1.21,8862400,NaN,NaN,NaN,NaN,NaN,NaN,NaN
1634778000,1.22,1.23,1.19,1.2,4979500,NaN,NaN,NaN,NaN,NaN,NaN,NaN
1634864400,1.2,1.2,1.17,1.18,2293200,NaN,NaN,NaN,NaN,NaN,NaN,NaN
1635123600,1.18,1.2,1.18,1.2,2849200,NaN,NaN,NaN,NaN,NaN,NaN,NaN
1635210000,1.21,1.21,1.18,1.19,1711900,NaN,NaN,NaN,NaN,NaN,NaN,NaN
1635296400,1.19,1.21,1.17,1.17,1608500,NaN,NaN,NaN,NaN,NaN,NaN,NaN
1635382800,1.16,1.17,1.15,1.17,2013900,NaN,NaN,NaN,NaN,NaN,NaN,NaN
1635469200,1.17,1.18,1.16,1.17,2487400,NaN,NaN,NaN,NaN,NaN,NaN,NaN
1635728400,1.17,1.17,1.15,1.15,1391900,NaN,NaN,NaN,NaN,NaN,NaN,NaN
1635814800,1.16,1.17,1.14,1.15,1937800,NaN,NaN,NaN,NaN,NaN,NaN,NaN
1635901200,1.15,1.17,1.14,1.15,2376700,NaN,NaN,NaN,NaN,NaN,NaN,NaN
1636074000,1.16,1.17,1.15,1.15,1353600,NaN,NaN,NaN,NaN,NaN,NaN,NaN
1636333200,1.15,1.16,1.13,1.13,962300,NaN,NaN,NaN,NaN,NaN,NaN,NaN
1636419600,1.13,1.13,1.11,1.13,1110800,NaN,NaN,NaN,NaN,NaN,NaN,NaN
1636506000,1.13,1.13,1.1,1.11,1360500,NaN,NaN,NaN,NaN,NaN,NaN,NaN
1636592400,1.11,1.13,1.1,1.12,1048100,NaN,NaN,NaN,NaN,NaN,NaN,NaN
1636678800,1.11,1.13,1.1,1.13,1344200,NaN,NaN,NaN,NaN,NaN,NaN,NaN
1636938000,1.13,1.14,1.11,1.13,1017500,NaN,NaN,NaN,NaN,NaN,NaN,NaN
1637024400,1.13,1.13,1.1,1.1,1605200,NaN,NaN,NaN,NaN,NaN,NaN,NaN
1637110800,1.1,1.11,1.09,1.1,1211800,NaN,NaN,NaN,NaN,NaN,NaN,NaN
1637197200,1.1,1.12,1.1,1.11,566300,NaN,NaN,NaN,NaN,NaN,NaN,NaN
1637283600,1.11,1.15,1.11,1.14,1261500,NaN,NaN,NaN,NaN,NaN,NaN,NaN
1637542800,1.15,1.19,1.13,1.17,3274300,NaN,NaN,NaN,NaN,NaN,NaN,NaN
1637629200,1.18,1.21,1.16,1.17,5059100,NaN,NaN,NaN,NaN,NaN,NaN,NaN
1637715600,1.15,1.16,1.13,1.13,2933200,NaN,NaN,NaN,NaN,NaN,NaN,NaN
1637802000,1.13,1.13,1.1,1.1,2584900,NaN,NaN,NaN,NaN,NaN,NaN,NaN
1637888400,1.1,1.11,1.05,1.06,3395000,NaN,NaN,NaN,NaN,NaN,NaN,NaN
1638147600,1.05,1.08,1.02,1.05,2304400,NaN,NaN,NaN,NaN,NaN,NaN,NaN
1638234000,1.05,1.09,1.04,1.09,1719600,NaN,NaN,NaN,NaN,NaN,NaN,NaN
1638320400,1.08,1.09,1.02,1.06,2632700,NaN,NaN,NaN,NaN,NaN,NaN,NaN
1638406800,1.06,1.08,1.05,1.05,734100,NaN,NaN,NaN,NaN,NaN,NaN,NaN
1638752400,1.05,1.08,1.05,1.07,920000,NaN,NaN,NaN,NaN,NaN,NaN,NaN
1638838800,1.07,1.08,1.06,1.06,766100,NaN,NaN,NaN,NaN,NaN,NaN,NaN
1638925200,1.07,1.07,1.02,1.04,5276400,NaN,NaN,NaN,NaN,NaN,NaN,NaN
1639011600,1.04,1.06,1.03,1.05,1780100,NaN,NaN,NaN,NaN,NaN,NaN,NaN
1639098000,1.06,1.08,1.05,1.08,1325600,NaN,NaN,NaN,NaN,NaN,NaN,NaN
1639357200,1.09,1.1,1.05,1.06,1513400,NaN,NaN,NaN,NaN,NaN,NaN,NaN
1639443600,1.07,1.07,1.06,1.06,814000,NaN,NaN,NaN,NaN,NaN,NaN,NaN
1639530000,1.06,1.06,1.05,1.05,1161800,NaN,NaN,NaN,NaN,NaN,NaN,NaN
1639616400,1.06,1.07,1.05,1.06,1108200,NaN,NaN,NaN,NaN,NaN,NaN,NaN
1639702800,1.05,1.06,1.04,1.05,912500,NaN,NaN,NaN,NaN,NaN,NaN,NaN
1639962000,1.04,1.06,1.04,1.05,1049200,NaN,NaN,NaN,NaN,NaN,NaN,NaN
1640048400,1.04,1.06,1.04,1.05,1229500,NaN,NaN,NaN,NaN,NaN,NaN,NaN
1640134800,1.05,1.06,1.04,1.05,978800,NaN,NaN,NaN,NaN,NaN,NaN,NaN
1640221200,1.06,1.06,1.04,1.04,1242400,NaN,NaN,NaN,NaN,NaN,NaN,NaN
1640307600,1.05,1.06,1.04,1.05,1931500,NaN,NaN,NaN,NaN,NaN,NaN,NaN
1640566800,1.05,1.08,1.05,1.08,1125900,NaN,NaN,NaN,NaN,NaN,NaN,NaN
1640653200,1.07,1.08,1.07,1.07,771200,NaN,NaN,NaN,NaN,NaN,NaN,NaN
1640739600,1.07,1.09,1.06,1.09,1139200,NaN,NaN,NaN,NaN,NaN,NaN,NaN
1640826000,1.08,1.09,1.06,1.07,1532500,NaN,NaN,NaN,NaN,NaN,NaN,NaN
1640912400,1.08,1.09,1.06,1.08,1385000,1380173509,3308036000,1494448000,67666000,328350000,1641330000,2.77777777777778
1641171600,1.07,1.11,1.07,1.11,1453100,NaN,NaN,NaN,NaN,NaN,NaN,NaN
1641258000,1.12,1.13,1.09,1.11,1154600,NaN,NaN,NaN,NaN,NaN,NaN,NaN
1641344400,1.12,1.13,1.11,1.13,1029200,NaN,NaN,NaN,NaN,NaN,NaN,NaN
1641430800,1.13,1.15,1.11,1.11,956300,NaN,NaN,NaN,NaN,NaN,NaN,NaN
1641517200,1.12,1.13,1.11,1.13,703700,NaN,NaN,NaN,NaN,NaN,NaN,NaN
1641776400,1.12,1.13,1.11,1.12,551100,NaN,NaN,NaN,NaN,NaN,NaN,NaN
1641862800,1.12,1.12,1.11,1.12,486000,NaN,NaN,NaN,NaN,NaN,NaN,NaN
1641949200,1.12,1.12,1.11,1.11,900200,NaN,NaN,NaN,NaN,NaN,NaN,NaN
1642035600,1.11,1.13,1.1,1.1,2194000,NaN,NaN,NaN,NaN,NaN,NaN,NaN
1642122000,1.1,1.1,1.08,1.08,1181200,NaN,NaN,NaN,NaN,NaN,NaN,NaN
1642381200,1.08,1.09,1.08,1.08,601800,NaN,NaN,NaN,NaN,NaN,NaN,NaN
1642554000,1.08,1.1,1.08,1.09,1761200,NaN,NaN,NaN,NaN,NaN,NaN,NaN
1642640400,1.09,1.1,1.08,1.09,1600400,NaN,NaN,NaN,NaN,NaN,NaN,NaN
1642726800,1.09,1.1,1.08,1.09,783300,NaN,NaN,NaN,NaN,NaN,NaN,NaN
1642986000,1.11,1.11,1.1,1.1,1191400,NaN,NaN,NaN,NaN,NaN,NaN,NaN
1643072400,1.1,1.1,1.08,1.09,1236400,NaN,NaN,NaN,NaN,NaN,NaN,NaN
1643158800,1.09,1.1,1.09,1.09,300300,NaN,NaN,NaN,NaN,NaN,NaN,NaN
1643245200,1.1,1.1,1.08,1.1,837500,NaN,NaN,NaN,NaN,NaN,NaN,NaN
1643331600,1.1,1.12,1.09,1.12,2395300,NaN,NaN,NaN,NaN,NaN,NaN,NaN
1643590800,1.12,1.12,1.1,1.12,1835000,NaN,NaN,NaN,NaN,NaN,NaN,NaN
1643850000,1.12,1.12,1.09,1.11,1820700,NaN,NaN,NaN,NaN,NaN,NaN,NaN
1643936400,1.11,1.12,1.1,1.11,1815000,NaN,NaN,NaN,NaN,NaN,NaN,NaN
1644195600,1.1,1.15,1.1,1.14,5235600,NaN,NaN,NaN,NaN,NaN,NaN,NaN
1644282000,1.15,1.15,1.11,1.11,2849800,NaN,NaN,NaN,NaN,NaN,NaN,NaN
1644368400,1.11,1.13,1.11,1.13,1337600,NaN,NaN,NaN,NaN,NaN,NaN,NaN
1644454800,1.13,1.15,1.13,1.14,2178300,NaN,NaN,NaN,NaN,NaN,NaN,NaN
1644541200,1.14,1.24,1.14,1.21,14157800,NaN,NaN,NaN,NaN,NaN,NaN,NaN
1644800400,1.21,1.23,1.2,1.21,4560500,NaN,NaN,NaN,NaN,NaN,NaN,NaN
1644886800,1.22,1.32,1.21,1.32,20251800,NaN,NaN,NaN,NaN,NaN,NaN,NaN
1644973200,1.29,1.32,1.27,1.3,6959000,NaN,NaN,NaN,NaN,NaN,NaN,NaN
1645059600,1.31,1.38,1.31,1.34,21636500,NaN,NaN,NaN,NaN,NaN,NaN,NaN
1645146000,1.36,1.43,1.34,1.39,17303000,NaN,NaN,NaN,NaN,NaN,NaN,NaN
1645405200,1.42,1.44,1.33,1.35,14414200,NaN,NaN,NaN,NaN,NaN,NaN,NaN
1645491600,1.36,1.41,1.32,1.36,9316800,NaN,NaN,NaN,NaN,NaN,NaN,NaN
1645578000,1.38,1.41,1.35,1.36,12034500,NaN,NaN,NaN,NaN,NaN,NaN,NaN
1645664400,1.37,1.45,1.37,1.41,18368400,NaN,NaN,NaN,NaN,NaN,NaN,NaN
1645750800,1.44,1.44,1.38,1.39,12235500,NaN,NaN,NaN,NaN,NaN,NaN,NaN
1646010000,1.39,1.5,1.39,1.5,21650700,NaN,NaN,NaN,NaN,NaN,NaN,NaN
1646096400,1.51,1.55,1.47,1.53,13718000,NaN,NaN,NaN,NaN,NaN,NaN,NaN
1646182800,1.54,1.6,1.54,1.58,16051500,NaN,NaN,NaN,NaN,NaN,NaN,NaN
1646269200,1.6,1.76,1.6,1.74,30358800,NaN,NaN,NaN,NaN,NaN,NaN,NaN
1646355600,1.72,1.79,1.65,1.77,22875000,NaN,NaN,NaN,NaN,NaN,NaN,NaN
1646614800,1.76,1.76,1.62,1.62,13255900,NaN,NaN,NaN,NaN,NaN,NaN,NaN
1646701200,1.61,1.66,1.55,1.61,18426700,NaN,NaN,NaN,NaN,NaN,NaN,NaN
1646787600,1.62,1.74,1.61,1.7,22443600,NaN,NaN,NaN,NaN,NaN,NaN,NaN
1646874000,1.68,1.68,1.59,1.64,10786400,NaN,NaN,NaN,NaN,NaN,NaN,NaN
1646960400,1.64,1.71,1.64,1.64,8710000,NaN,NaN,NaN,NaN,NaN,NaN,NaN
1647219600,1.66,1.66,1.57,1.6,8595100,NaN,NaN,NaN,NaN,NaN,NaN,NaN
1647306000,1.58,1.63,1.54,1.54,7800000,NaN,NaN,NaN,NaN,NaN,NaN,NaN
1647392400,1.54,1.64,1.54,1.63,5736700,NaN,NaN,NaN,NaN,NaN,NaN,NaN
1647478800,1.65,1.65,1.54,1.54,7397800,NaN,NaN,NaN,NaN,NaN,NaN,NaN
1647565200,1.55,1.63,1.54,1.6,6493100,NaN,NaN,NaN,NaN,NaN,NaN,NaN
1647824400,1.62,1.62,1.57,1.59,3574500,NaN,NaN,NaN,NaN,NaN,NaN,NaN
1647910800,1.6,1.68,1.6,1.65,9122100,NaN,NaN,NaN,NaN,NaN,NaN,NaN
1647997200,1.67,1.67,1.61,1.65,7101900,NaN,NaN,NaN,NaN,NaN,NaN,NaN
1648083600,1.66,1.69,1.62,1.63,6726900,NaN,NaN,NaN,NaN,NaN,NaN,NaN
1648170000,1.63,1.68,1.62,1.68,6521700,NaN,NaN,NaN,NaN,NaN,NaN,NaN
1648429200,1.69,1.7,1.65,1.65,3197300,NaN,NaN,NaN,NaN,NaN,NaN,NaN
1648515600,1.66,1.72,1.63,1.7,7131900,NaN,NaN,NaN,NaN,NaN,NaN,NaN
1648602000,1.67,1.7,1.64,1.66,4076300,NaN,NaN,NaN,NaN,NaN,NaN,NaN
1648688400,1.67,1.69,1.66,1.68,2324300,1380173509,3279524000,1354174000,27845000,337349000,1743194000,1.78571428571429
1648774800,1.68,1.69,1.63,1.63,3337500,NaN,NaN,NaN,NaN,NaN,NaN,NaN
1649034000,1.63,1.68,1.62,1.65,6186300,NaN,NaN,NaN,NaN,NaN,NaN,NaN
1649120400,1.69,1.69,1.63,1.66,6528800,NaN,NaN,NaN,NaN,NaN,NaN,NaN
1649206800,1.67,1.72,1.66,1.72,5779500,NaN,NaN,NaN,NaN,NaN,NaN,NaN
1649293200,1.72,1.76,1.7,1.72,7433300,NaN,NaN,NaN,NaN,NaN,NaN,NaN
1649379600,1.74,1.77,1.72,1.76,4208400,NaN,NaN,NaN,NaN,NaN,NaN,NaN
1649638800,1.76,1.85,1.76,1.85,11245700,NaN,NaN,NaN,NaN,NaN,NaN,NaN
1649725200,1.85,1.87,1.8,1.83,7686600,NaN,NaN,NaN,NaN,NaN,NaN,NaN
1649811600,1.85,1.87,1.81,1.81,3587000,NaN,NaN,NaN,NaN,NaN,NaN,NaN
1649898000,1.81,1.84,1.79,1.83,2879700,NaN,NaN,NaN,NaN,NaN,NaN,NaN
1649984400,1.83,1.84,1.79,1.8,1805400,NaN,NaN,NaN,NaN,NaN,NaN,NaN
1650243600,1.8,1.81,1.75,1.75,4567000,NaN,NaN,NaN,NaN,NaN,NaN,NaN
1650416400,1.75,1.83,1.75,1.83,5398100,NaN,NaN,NaN,NaN,NaN,NaN,NaN
1650502800,1.85,1.85,1.8,1.82,2260400,NaN,NaN,NaN,NaN,NaN,NaN,NaN
1650589200,1.82,1.84,1.8,1.81,3331700,NaN,NaN,NaN,NaN,NaN,NaN,NaN
1650848400,1.85,1.89,1.74,1.75,14436300,NaN,NaN,NaN,NaN,NaN,NaN,NaN
1650934800,1.76,1.78,1.72,1.75,3337000,NaN,NaN,NaN,NaN,NaN,NaN,NaN
1651021200,1.77,1.77,1.67,1.7,7284300,NaN,NaN,NaN,NaN,NaN,NaN,NaN
1651107600,1.75,1.75,1.66,1.71,8827500,NaN,NaN,NaN,NaN,NaN,NaN,NaN
1651194000,1.72,1.73,1.69,1.73,4126600,NaN,NaN,NaN,NaN,NaN,NaN,NaN
1651712400,1.73,1.75,1.67,1.67,4247900,NaN,NaN,NaN,NaN,NaN,NaN,NaN
1651798800,1.66,1.68,1.64,1.67,2973400,NaN,NaN,NaN,NaN,NaN,NaN,NaN
1652058000,1.66,1.66,1.56,1.59,6902100,NaN,NaN,NaN,NaN,NaN,NaN,NaN
1652144400,1.58,1.59,1.47,1.5,11613100,NaN,NaN,NaN,NaN,NaN,NaN,NaN
1652230800,1.52,1.56,1.48,1.5,10347900,NaN,NaN,NaN,NaN,NaN,NaN,NaN
1652317200,1.5,1.5,1.36,1.4,16031700,NaN,NaN,NaN,NaN,NaN,NaN,NaN
1652403600,1.43,1.43,1.34,1.35,14491600,NaN,NaN,NaN,NaN,NaN,NaN,NaN
1652749200,1.36,1.47,1.36,1.46,10143400,NaN,NaN,NaN,NaN,NaN,NaN,NaN
1652835600,1.48,1.49,1.42,1.42,4821200,NaN,NaN,NaN,NaN,NaN,NaN,NaN
1652922000,1.39,1.45,1.39,1.44,3928400,NaN,NaN,NaN,NaN,NaN,NaN,NaN
1653008400,1.45,1.46,1.42,1.45,6683500,NaN,NaN,NaN,NaN,NaN,NaN,NaN
1653267600,1.45,1.48,1.42,1.43,5116800,NaN,NaN,NaN,NaN,NaN,NaN,NaN
1653354000,1.46,1.49,1.43,1.44,5895400,NaN,NaN,NaN,NaN,NaN,NaN,NaN
1653440400,1.46,1.46,1.4,1.4,4204300,NaN,NaN,NaN,NaN,NaN,NaN,NaN
1653526800,1.43,1.43,1.36,1.38,5306000,NaN,NaN,NaN,NaN,NaN,NaN,NaN
1653613200,1.38,1.39,1.34,1.35,5256200,NaN,NaN,NaN,NaN,NaN,NaN,NaN
1653872400,1.36,1.37,1.34,1.35,3315800,NaN,NaN,NaN,NaN,NaN,NaN,NaN
1653958800,1.36,1.36,1.26,1.26,11929900,NaN,NaN,NaN,NaN,NaN,NaN,NaN
1654045200,1.27,1.3,1.26,1.29,9092300,NaN,NaN,NaN,NaN,NaN,NaN,NaN
1654131600,1.29,1.29,1.23,1.26,7655800,NaN,NaN,NaN,NaN,NaN,NaN,NaN
1654218000,1.26,1.29,1.25,1.27,5434300,NaN,NaN,NaN,NaN,NaN,NaN,NaN
1654563600,1.29,1.32,1.27,1.31,7194800,NaN,NaN,NaN,NaN,NaN,NaN,NaN
1654650000,1.31,1.32,1.26,1.3,4825300,NaN,NaN,NaN,NaN,NaN,NaN,NaN
1654736400,1.3,1.3,1.25,1.25,4810500,NaN,NaN,NaN,NaN,NaN,NaN,NaN
1654822800,1.25,1.26,1.21,1.24,6436500,NaN,NaN,NaN,NaN,NaN,NaN,NaN
1655082000,1.23,1.23,1.13,1.18,8441000,NaN,NaN,NaN,NaN,NaN,NaN,NaN
1655168400,1.15,1.24,1.14,1.21,12521800,NaN,NaN,NaN,NaN,NaN,NaN,NaN
1655254800,1.23,1.23,1.17,1.18,3255900,NaN,NaN,NaN,NaN,NaN,NaN,NaN
1655341200,1.19,1.2,1.13,1.14,7057100,NaN,NaN,NaN,NaN,NaN,NaN,NaN
1655427600,1.13,1.14,1.09,1.11,4653300,NaN,NaN,NaN,NaN,NaN,NaN,NaN
1655686800,1.11,1.12,1.06,1.09,4923200,NaN,NaN,NaN,NaN,NaN,NaN,NaN
1655773200,1.09,1.11,1.07,1.08,5348000,NaN,NaN,NaN,NaN,NaN,NaN,NaN
1655859600,1.07,1.14,1.06,1.09,7795700,NaN,NaN,NaN,NaN,NaN,NaN,NaN
1655946000,1.09,1.15,1.09,1.14,4808200,NaN,NaN,NaN,NaN,NaN,NaN,NaN
1656032400,1.15,1.16,1.07,1.08,6747100,NaN,NaN,NaN,NaN,NaN,NaN,NaN
1656291600,1.09,1.12,1.08,1.11,2608000,NaN,NaN,NaN,NaN,NaN,NaN,NaN
1656378000,1.1,1.15,1.09,1.13,5796300,NaN,NaN,NaN,NaN,NaN,NaN,NaN
1656464400,1.13,1.13,1.1,1.11,4789300,NaN,NaN,NaN,NaN,NaN,NaN,NaN
1656550800,1.11,1.12,1.06,1.06,4159900,1380173509,3127728000,1157284000,77002000,424413000,1774426000,10.377358490566
1656637200,1.06,1.08,1.05,1.06,3168600,NaN,NaN,NaN,NaN,NaN,NaN,NaN
1656896400,1.06,1.1,1.06,1.09,3170300,NaN,NaN,NaN,NaN,NaN,NaN,NaN
1656982800,1.09,1.1,1.06,1.06,3140200,NaN,NaN,NaN,NaN,NaN,NaN,NaN
1657069200,1.05,1.06,0.96,0.96,11668200,NaN,NaN,NaN,NaN,NaN,NaN,NaN
1657155600,0.97,0.98,0.96,0.97,6657800,NaN,NaN,NaN,NaN,NaN,NaN,NaN
1657242000,0.98,1.03,0.98,1.03,9123600,NaN,NaN,NaN,NaN,NaN,NaN,NaN
1657587600,1.02,1.04,1,1.03,3254000,NaN,NaN,NaN,NaN,NaN,NaN,NaN
1657674000,1.02,1.03,0.98,0.985,4031000,NaN,NaN,NaN,NaN,NaN,NaN,NaN
1657760400,0.98,1,0.97,0.98,3413800,NaN,NaN,NaN,NaN,NaN,NaN,NaN
1657846800,0.985,0.985,0.945,0.96,3854100,NaN,NaN,NaN,NaN,NaN,NaN,NaN
1658106000,0.95,0.975,0.92,0.965,6819300,NaN,NaN,NaN,NaN,NaN,NaN,NaN
1658192400,0.965,1.01,0.96,0.995,4011200,NaN,NaN,NaN,NaN,NaN,NaN,NaN
1658278800,1,1.02,0.99,1,3797600,NaN,NaN,NaN,NaN,NaN,NaN,NaN
1658365200,1.02,1.03,0.99,1.02,2718600,NaN,NaN,NaN,NaN,NaN,NaN,NaN
1658451600,1.01,1.02,0.98,0.985,3971000,NaN,NaN,NaN,NaN,NaN,NaN,NaN
1658710800,0.985,1,0.97,1,3152400,NaN,NaN,NaN,NaN,NaN,NaN,NaN
1658797200,1,1.01,0.99,0.995,3035800,NaN,NaN,NaN,NaN,NaN,NaN,NaN
1658883600,0.995,1.02,0.995,1.02,2589400,NaN,NaN,NaN,NaN,NaN,NaN,NaN
1658970000,1.02,1.03,1,1.02,5880100,NaN,NaN,NaN,NaN,NaN,NaN,NaN
1659056400,1.03,1.05,1.02,1.05,4998900,NaN,NaN,NaN,NaN,NaN,NaN,NaN
1659315600,1.06,1.1,1.04,1.08,9105100,NaN,NaN,NaN,NaN,NaN,NaN,NaN
1659402000,1.08,1.09,1.02,1.02,7253400,NaN,NaN,NaN,NaN,NaN,NaN,NaN
1659488400,1.02,1.05,1,1.04,4532200,NaN,NaN,NaN,NaN,NaN,NaN,NaN
1659574800,1.04,1.07,1.03,1.06,4617500,NaN,NaN,NaN,NaN,NaN,NaN,NaN
1659661200,1.05,1.15,1.05,1.14,8322300,NaN,NaN,NaN,NaN,NaN,NaN,NaN
1659920400,1.14,1.14,1.06,1.08,7545800,NaN,NaN,NaN,NaN,NaN,NaN,NaN
1660006800,1.08,1.09,1.05,1.08,4693400,NaN,NaN,NaN,NaN,NaN,NaN,NaN
1660093200,1.08,1.09,1.06,1.07,5363600,NaN,NaN,NaN,NaN,NaN,NaN,NaN
1660179600,1.08,1.13,1.07,1.12,9218100,NaN,NaN,NaN,NaN,NaN,NaN,NaN
1660266000,1.12,1.16,1.11,1.15,8099400,NaN,NaN,NaN,NaN,NaN,NaN,NaN
1660525200,1.16,1.17,1.13,1.15,8012500,NaN,NaN,NaN,NaN,NaN,NaN,NaN
1660611600,1.15,1.15,1.13,1.14,3367100,NaN,NaN,NaN,NaN,NaN,NaN,NaN
1660698000,1.14,1.16,1.14,1.15,4384000,NaN,NaN,NaN,NaN,NaN,NaN,NaN
1660784400,1.15,1.15,1.12,1.13,4076600,NaN,NaN,NaN,NaN,NaN,NaN,NaN
1660870800,1.13,1.15,1.11,1.12,5450100,NaN,NaN,NaN,NaN,NaN,NaN,NaN
1661130000,1.12,1.12,1.09,1.09,5801700,NaN,NaN,NaN,NaN,NaN,NaN,NaN
1661216400,1.08,1.08,1.04,1.04,7988800,NaN,NaN,NaN,NaN,NaN,NaN,NaN
1661302800,1.04,1.08,1.03,1.06,5257600,NaN,NaN,NaN,NaN,NaN,NaN,NaN
1661389200,1.07,1.08,1.03,1.07,6175900,NaN,NaN,NaN,NaN,NaN,NaN,NaN
1661475600,1.07,1.08,1.05,1.07,2813900,NaN,NaN,NaN,NaN,NaN,NaN,NaN
1661734800,1.05,1.1,1.04,1.09,4971500,NaN,NaN,NaN,NaN,NaN,NaN,NaN
1661821200,1.07,1.13,1.07,1.11,3369500,NaN,NaN,NaN,NaN,NaN,NaN,NaN
1661994000,1.11,1.12,1.05,1.05,3945300,NaN,NaN,NaN,NaN,NaN,NaN,NaN
1662080400,1.06,1.07,1.03,1.04,3273700,NaN,NaN,NaN,NaN,NaN,NaN,NaN
1662339600,1.04,1.04,1.02,1.03,2661300,NaN,NaN,NaN,NaN,NaN,NaN,NaN
1662426000,1.04,1.06,1.03,1.03,1722500,NaN,NaN,NaN,NaN,NaN,NaN,NaN
1662512400,1.04,1.07,1.04,1.05,2588500,NaN,NaN,NaN,NaN,NaN,NaN,NaN
1662598800,1.05,1.05,1.01,1.02,4794200,NaN,NaN,NaN,NaN,NaN,NaN,NaN
1662685200,1.02,1.04,1.02,1.03,2375300,NaN,NaN,NaN,NaN,NaN,NaN,NaN
1662944400,1.03,1.03,1.02,1.02,1794200,NaN,NaN,NaN,NaN,NaN,NaN,NaN
1663030800,1.02,1.02,1,1.01,4098200,NaN,NaN,NaN,NaN,NaN,NaN,NaN
1663117200,1.01,1.03,1.01,1.03,2765900,NaN,NaN,NaN,NaN,NaN,NaN,NaN
1663203600,1.02,1.03,1,1.01,2986900,NaN,NaN,NaN,NaN,NaN,NaN,NaN
1663549200,1.01,1.01,0.98,0.985,4364000,NaN,NaN,NaN,NaN,NaN,NaN,NaN
1663635600,0.99,1,0.99,0.99,2090400,NaN,NaN,NaN,NaN,NaN,NaN,NaN
1663722000,0.99,1,0.985,0.995,1974400,NaN,NaN,NaN,NaN,NaN,NaN,NaN
1663808400,0.99,1,0.98,0.98,3477800,NaN,NaN,NaN,NaN,NaN,NaN,NaN
1663894800,0.98,0.995,0.975,0.98,2230800,NaN,NaN,NaN,NaN,NaN,NaN,NaN
1664154000,0.97,0.975,0.955,0.96,5224900,NaN,NaN,NaN,NaN,NaN,NaN,NaN
1664240400,0.955,0.96,0.945,0.95,3145600,NaN,NaN,NaN,NaN,NaN,NaN,NaN
1664326800,0.95,0.95,0.925,0.935,5333200,NaN,NaN,NaN,NaN,NaN,NaN,NaN
1664413200,0.925,0.94,0.925,0.925,3512700,NaN,NaN,NaN,NaN,NaN,NaN,NaN
1664499600,0.92,0.92,0.905,0.92,4183500,1380173509,3105161000,786046000,16280000.000000002,262652000,2079998000,11.9565217391304
1664758800,0.92,0.935,0.9,0.92,1310700,NaN,NaN,NaN,NaN,NaN,NaN,NaN
1664845200,0.915,0.915,0.9,0.905,6489900,NaN,NaN,NaN,NaN,NaN,NaN,NaN
1664931600,0.91,0.97,0.91,0.94,4924800,NaN,NaN,NaN,NaN,NaN,NaN,NaN
1665018000,0.94,0.97,0.94,0.965,2153800,NaN,NaN,NaN,NaN,NaN,NaN,NaN
1665104400,0.955,0.96,0.935,0.95,1847200,NaN,NaN,NaN,NaN,NaN,NaN,NaN
1665450000,0.94,0.94,0.91,0.92,2547800,NaN,NaN,NaN,NaN,NaN,NaN,NaN
1665536400,0.92,0.955,0.91,0.94,3144700,NaN,NaN,NaN,NaN,NaN,NaN,NaN
1665622800,0.94,0.955,0.925,0.95,1509600,NaN,NaN,NaN,NaN,NaN,NaN,NaN
1665709200,0.95,0.975,0.94,0.975,3458900,NaN,NaN,NaN,NaN,NaN,NaN,NaN
1665968400,0.975,0.98,0.93,0.93,3256700,NaN,NaN,NaN,NaN,NaN,NaN,NaN
1666054800,0.94,0.965,0.925,0.965,2928900,NaN,NaN,NaN,NaN,NaN,NaN,NaN
1666141200,0.965,1.06,0.965,1.03,8717300,NaN,NaN,NaN,NaN,NaN,NaN,NaN
1666227600,1.03,1.1,1.02,1.05,18472700,NaN,NaN,NaN,NaN,NaN,NaN,NaN
1666314000,1.05,1.05,0.985,0.995,6196300,NaN,NaN,NaN,NaN,NaN,NaN,NaN
1666659600,1,1.02,0.99,1.01,3022100,NaN,NaN,NaN,NaN,NaN,NaN,NaN
1666746000,1.01,1.06,0.995,1.04,4891300,NaN,NaN,NaN,NaN,NaN,NaN,NaN
1666832400,1.06,1.07,1.03,1.04,4626300,NaN,NaN,NaN,NaN,NaN,NaN,NaN
1666918800,1.04,1.05,1.01,1.03,2967000,NaN,NaN,NaN,NaN,NaN,NaN,NaN
1667178000,1.03,1.06,1.03,1.06,4043000,NaN,NaN,NaN,NaN,NaN,NaN,NaN
1667264400,1.06,1.07,1.04,1.06,3590000,NaN,NaN,NaN,NaN,NaN,NaN,NaN
1667350800,1.06,1.09,1.05,1.07,6537200,NaN,NaN,NaN,NaN,NaN,NaN,NaN
1667437200,1.07,1.08,1.05,1.06,3450700,NaN,NaN,NaN,NaN,NaN,NaN,NaN
1667523600,1.06,1.1,1.05,1.1,3529100,NaN,NaN,NaN,NaN,NaN,NaN,NaN
1667782800,1.1,1.11,1.07,1.08,2786300,NaN,NaN,NaN,NaN,NaN,NaN,NaN
1667869200,1.08,1.1,1.08,1.08,2281800,NaN,NaN,NaN,NaN,NaN,NaN,NaN
1667955600,1.08,1.09,1.05,1.06,3477300,NaN,NaN,NaN,NaN,NaN,NaN,NaN
1668042000,1.06,1.07,1.05,1.05,2165000,NaN,NaN,NaN,NaN,NaN,NaN,NaN
1668128400,1.07,1.09,1.06,1.08,3273000,NaN,NaN,NaN,NaN,NaN,NaN,NaN
1668387600,1.08,1.08,1.03,1.04,3471900,NaN,NaN,NaN,NaN,NaN,NaN,NaN
1668474000,1.04,1.06,1.03,1.04,2432000,NaN,NaN,NaN,NaN,NaN,NaN,NaN
1668560400,1.04,1.06,1.03,1.04,2454900,NaN,NaN,NaN,NaN,NaN,NaN,NaN
1668646800,1.05,1.07,1.03,1.04,2812700,NaN,NaN,NaN,NaN,NaN,NaN,NaN
1668992400,1.04,1.06,1.02,1.05,1888800,NaN,NaN,NaN,NaN,NaN,NaN,NaN
1669078800,1.06,1.11,1.05,1.07,3926000,NaN,NaN,NaN,NaN,NaN,NaN,NaN
1669165200,1.07,1.1,1.04,1.07,4743100,NaN,NaN,NaN,NaN,NaN,NaN,NaN
1669251600,1.1,1.13,1.1,1.11,9155900,NaN,NaN,NaN,NaN,NaN,NaN,NaN
1669338000,1.12,1.13,1.1,1.11,3088000,NaN,NaN,NaN,NaN,NaN,NaN,NaN
1669683600,1.11,1.15,1.11,1.14,3706600,NaN,NaN,NaN,NaN,NaN,NaN,NaN
1669770000,1.14,1.2,1.12,1.2,6328000,NaN,NaN,NaN,NaN,NaN,NaN,NaN
1669856400,1.18,1.19,1.14,1.15,7027300,NaN,NaN,NaN,NaN,NaN,NaN,NaN
1669942800,1.16,1.17,1.14,1.14,3454100,NaN,NaN,NaN,NaN,NaN,NaN,NaN
1670202000,1.15,1.15,1.12,1.12,4340400,NaN,NaN,NaN,NaN,NaN,NaN,NaN
1670288400,1.13,1.15,1.12,1.13,4426900,NaN,NaN,NaN,NaN,NaN,NaN,NaN
1670374800,1.06,1.06,1,1,4575700,NaN,NaN,NaN,NaN,NaN,NaN,NaN
1670461200,1,1.02,0.995,1.01,5569800,NaN,NaN,NaN,NaN,NaN,NaN,NaN
1670547600,1.01,1.03,0.995,1,3336100,NaN,NaN,NaN,NaN,NaN,NaN,NaN
1670806800,1.01,1.04,1.01,1.02,2699500,NaN,NaN,NaN,NaN,NaN,NaN,NaN
1670893200,1.03,1.04,1,1,2740300,NaN,NaN,NaN,NaN,NaN,NaN,NaN
1670979600,1.01,1.04,1.01,1.03,1939200,NaN,NaN,NaN,NaN,NaN,NaN,NaN
1671066000,1.03,1.04,1.02,1.03,2810700,NaN,NaN,NaN,NaN,NaN,NaN,NaN
1671152400,1.03,1.06,1.02,1.05,1969100,NaN,NaN,NaN,NaN,NaN,NaN,NaN
1671411600,1.06,1.06,1.02,1.02,1896800,NaN,NaN,NaN,NaN,NaN,NaN,NaN
1671498000,1.02,1.04,1.02,1.04,1666000,NaN,NaN,NaN,NaN,NaN,NaN,NaN
1671584400,1.04,1.04,1.02,1.02,1696000,NaN,NaN,NaN,NaN,NaN,NaN,NaN
1671670800,1.03,1.04,1.02,1.03,1530800,NaN,NaN,NaN,NaN,NaN,NaN,NaN
1671757200,1.03,1.05,1.02,1.04,1939900,NaN,NaN,NaN,NaN,NaN,NaN,NaN
1672102800,1.05,1.08,1.04,1.07,3223800,NaN,NaN,NaN,NaN,NaN,NaN,NaN
1672189200,1.08,1.1,1.07,1.08,3874900,NaN,NaN,NaN,NaN,NaN,NaN,NaN
1672275600,1.08,1.08,1.05,1.05,2401000,NaN,NaN,NaN,NaN,NaN,NaN,NaN
1672362000,1.06,1.08,1.04,1.07,2575500,1380173509,2959278000,827220000,51908000,283384000,1900839000,9.81308411214953
1672707600,1.07,1.1,1.07,1.07,3153300,NaN,NaN,NaN,NaN,NaN,NaN,NaN
1672794000,1.08,1.12,1.07,1.09,4028900,NaN,NaN,NaN,NaN,NaN,NaN,NaN
1672880400,1.1,1.1,1.07,1.07,3326300,NaN,NaN,NaN,NaN,NaN,NaN,NaN
1672966800,1.08,1.08,1.07,1.08,1464900,NaN,NaN,NaN,NaN,NaN,NaN,NaN
1673226000,1.08,1.09,1.08,1.09,1630500,NaN,NaN,NaN,NaN,NaN,NaN,NaN
1673312400,1.09,1.1,1.06,1.08,3554100,NaN,NaN,NaN,NaN,NaN,NaN,NaN
1673398800,1.08,1.1,1.08,1.09,2091100,NaN,NaN,NaN,NaN,NaN,NaN,NaN
1673485200,1.09,1.1,1.08,1.09,1054700,NaN,NaN,NaN,NaN,NaN,NaN,NaN
1673571600,1.1,1.1,1.08,1.1,1003800,NaN,NaN,NaN,NaN,NaN,NaN,NaN
1673830800,1.1,1.11,1.08,1.09,1480700,NaN,NaN,NaN,NaN,NaN,NaN,NaN
1673917200,1.09,1.09,1.08,1.09,620500,NaN,NaN,NaN,NaN,NaN,NaN,NaN
1674003600,1.08,1.08,1.06,1.07,2242500,NaN,NaN,NaN,NaN,NaN,NaN,NaN
1674090000,1.07,1.08,1.06,1.07,1549200,NaN,NaN,NaN,NaN,NaN,NaN,NaN
1674176400,1.07,1.09,1.06,1.07,573300,NaN,NaN,NaN,NaN,NaN,NaN,NaN
1674608400,1.08,1.09,1.07,1.08,768300,NaN,NaN,NaN,NaN,NaN,NaN,NaN
1674694800,1.07,1.08,1.05,1.07,3039200,NaN,NaN,NaN,NaN,NaN,NaN,NaN
1674781200,1.08,1.08,1.05,1.07,1241400,NaN,NaN,NaN,NaN,NaN,NaN,NaN
1675040400,1.06,1.09,1.05,1.09,2885300,NaN,NaN,NaN,NaN,NaN,NaN,NaN
1675126800,1.09,1.12,1.09,1.11,3290200,NaN,NaN,NaN,NaN,NaN,NaN,NaN
1675299600,1.11,1.14,1.1,1.13,2562800,NaN,NaN,NaN,NaN,NaN,NaN,NaN
1675386000,1.13,1.13,1.1,1.12,1933500,NaN,NaN,NaN,NaN,NaN,NaN,NaN
1675731600,1.13,1.14,1.12,1.13,1577300,NaN,NaN,NaN,NaN,NaN,NaN,NaN
1675818000,1.14,1.15,1.13,1.13,1383000,NaN,NaN,NaN,NaN,NaN,NaN,NaN
1675904400,1.13,1.13,1.1,1.1,2065100,NaN,NaN,NaN,NaN,NaN,NaN,NaN
1675990800,1.1,1.12,1.08,1.09,4533400,NaN,NaN,NaN,NaN,NaN,NaN,NaN
1676250000,1.08,1.09,1.07,1.07,1565800,NaN,NaN,NaN,NaN,NaN,NaN,NaN
1676336400,1.07,1.11,1.07,1.1,1248400,NaN,NaN,NaN,NaN,NaN,NaN,NaN
1676422800,1.1,1.1,1.07,1.09,1490400,NaN,NaN,NaN,NaN,NaN,NaN,NaN
1676509200,1.09,1.1,1.08,1.08,1965800,NaN,NaN,NaN,NaN,NaN,NaN,NaN
1676595600,1.09,1.12,1.08,1.11,2221800,NaN,NaN,NaN,NaN,NaN,NaN,NaN
1676854800,1.13,1.13,1.11,1.13,852100,NaN,NaN,NaN,NaN,NaN,NaN,NaN
1676941200,1.13,1.13,1.07,1.08,3747200,NaN,NaN,NaN,NaN,NaN,NaN,NaN
1677027600,1.09,1.11,1.08,1.1,1291700,NaN,NaN,NaN,NaN,NaN,NaN,NaN
1677114000,1.11,1.11,1.06,1.07,4791700,NaN,NaN,NaN,NaN,NaN,NaN,NaN
1677200400,1.06,1.07,1.02,1.06,6122300,NaN,NaN,NaN,NaN,NaN,NaN,NaN
1677459600,1.07,1.07,1.04,1.05,1337700,NaN,NaN,NaN,NaN,NaN,NaN,NaN
1677546000,1.05,1.06,1.03,1.03,1381000,NaN,NaN,NaN,NaN,NaN,NaN,NaN
1677632400,1.04,1.06,1.03,1.05,1727600,NaN,NaN,NaN,NaN,NaN,NaN,NaN
1677718800,1.06,1.08,1.04,1.08,1409100,NaN,NaN,NaN,NaN,NaN,NaN,NaN
1677805200,1.08,1.1,1.07,1.1,1500000,NaN,NaN,NaN,NaN,NaN,NaN,NaN
1678064400,1.1,1.11,1.07,1.08,1227800,NaN,NaN,NaN,NaN,NaN,NaN,NaN
1678150800,1.09,1.1,1.08,1.1,431700,NaN,NaN,NaN,NaN,NaN,NaN,NaN
1678237200,1.09,1.09,1.07,1.08,487000,NaN,NaN,NaN,NaN,NaN,NaN,NaN
1678323600,1.07,1.09,1.07,1.08,429600,NaN,NaN,NaN,NaN,NaN,NaN,NaN
1678410000,1.08,1.09,1.05,1.07,921400,NaN,NaN,NaN,NaN,NaN,NaN,NaN
1678669200,1.07,1.07,1.04,1.05,1039400,NaN,NaN,NaN,NaN,NaN,NaN,NaN
1678755600,1.05,1.05,1.03,1.03,1113900,NaN,NaN,NaN,NaN,NaN,NaN,NaN
1678842000,1.04,1.07,1.03,1.05,1115900,NaN,NaN,NaN,NaN,NaN,NaN,NaN
1678928400,1.04,1.04,1.02,1.03,1762000,NaN,NaN,NaN,NaN,NaN,NaN,NaN
1679014800,1.04,1.05,1.03,1.04,971800,NaN,NaN,NaN,NaN,NaN,NaN,NaN
1679274000,1.03,1.04,1.02,1.02,992300,NaN,NaN,NaN,NaN,NaN,NaN,NaN
1679360400,1.03,1.04,1,1.01,2678200,NaN,NaN,NaN,NaN,NaN,NaN,NaN
1679446800,1.02,1.03,1,1.01,1975200,NaN,NaN,NaN,NaN,NaN,NaN,NaN
1679533200,1.01,1.01,1,1,1188100,NaN,NaN,NaN,NaN,NaN,NaN,NaN
1679619600,1,1.02,0.99,1.01,2580200,NaN,NaN,NaN,NaN,NaN,NaN,NaN
1679878800,1.01,1.02,0.99,0.995,1615900,NaN,NaN,NaN,NaN,NaN,NaN,NaN
1679965200,0.995,1.01,0.995,1,1026200,NaN,NaN,NaN,NaN,NaN,NaN,NaN
1680051600,1,1.01,0.995,1,1251400,NaN,NaN,NaN,NaN,NaN,NaN,NaN
1680138000,1,1.03,1,1.02,1296000,NaN,NaN,NaN,NaN,NaN,NaN,NaN
1680224400,1.02,1.03,1.01,1.02,421300,1380173509,2968163000,727112000,38171000,250298000,1994270000,10.2941176470588
1680483600,1.03,1.05,1.02,1.04,2373800,NaN,NaN,NaN,NaN,NaN,NaN,NaN
1680570000,1.05,1.05,1.02,1.03,1216300,NaN,NaN,NaN,NaN,NaN,NaN,NaN
1680656400,1.03,1.04,1.03,1.03,430900,NaN,NaN,NaN,NaN,NaN,NaN,NaN
1680742800,1.03,1.03,1.02,1.02,1033800,NaN,NaN,NaN,NaN,NaN,NaN,NaN
1680829200,1.03,1.03,1.02,1.03,701800,NaN,NaN,NaN,NaN,NaN,NaN,NaN
1681088400,1.03,1.05,1.02,1.04,1089700,NaN,NaN,NaN,NaN,NaN,NaN,NaN
1681174800,1.05,1.06,1.03,1.04,2341100,NaN,NaN,NaN,NaN,NaN,NaN,NaN
1681261200,1.04,1.06,1.03,1.03,3412200,NaN,NaN,NaN,NaN,NaN,NaN,NaN
1681347600,1.03,1.06,1.03,1.04,2240900,NaN,NaN,NaN,NaN,NaN,NaN,NaN
1681434000,1.05,1.06,1.03,1.05,1761700,NaN,NaN,NaN,NaN,NaN,NaN,NaN
1681693200,1.05,1.06,1.04,1.04,637800,NaN,NaN,NaN,NaN,NaN,NaN,NaN
1681779600,1.04,1.05,1.03,1.04,1078800,NaN,NaN,NaN,NaN,NaN,NaN,NaN
1681866000,1.04,1.07,1.03,1.04,2036100,NaN,NaN,NaN,NaN,NaN,NaN,NaN
1681952400,1.04,1.05,1.03,1.04,1335800,NaN,NaN,NaN,NaN,NaN,NaN,NaN
1682384400,1.04,1.05,1.03,1.03,1403500,NaN,NaN,NaN,NaN,NaN,NaN,NaN
1682470800,1.03,1.06,1.03,1.05,2271300,NaN,NaN,NaN,NaN,NaN,NaN,NaN
1682557200,1.04,1.05,1.03,1.04,526200,NaN,NaN,NaN,NaN,NaN,NaN,NaN
1682643600,1.04,1.04,1.03,1.03,931500,NaN,NaN,NaN,NaN,NaN,NaN,NaN
1682989200,1.04,1.04,1.01,1.02,1520900,NaN,NaN,NaN,NaN,NaN,NaN,NaN
1683075600,1.02,1.02,1,1.01,1246400,NaN,NaN,NaN,NaN,NaN,NaN,NaN
1683248400,1.01,1.02,1.01,1.02,442300,NaN,NaN,NaN,NaN,NaN,NaN,NaN
1683507600,1.03,1.03,1.01,1.01,868900,NaN,NaN,NaN,NaN,NaN,NaN,NaN
1683594000,1.02,1.02,1.01,1.02,1605100,NaN,NaN,NaN,NaN,NaN,NaN,NaN
1683680400,1.01,1.02,1.01,1.01,657500,NaN,NaN,NaN,NaN,NaN,NaN,NaN
1683766800,1.01,1.02,1.01,1.01,640300,NaN,NaN,NaN,NaN,NaN,NaN,NaN
1683853200,1.01,1.03,1.01,1.02,2550100,NaN,NaN,NaN,NaN,NaN,NaN,NaN
1684112400,1.02,1.03,1,1,1797200,NaN,NaN,NaN,NaN,NaN,NaN,NaN
1684198800,1,1.01,1,1.01,1211400,NaN,NaN,NaN,NaN,NaN,NaN,NaN
1684285200,1.01,1.01,1,1.01,1136900,NaN,NaN,NaN,NaN,NaN,NaN,NaN
1684371600,1.01,1.03,1,1.03,1657400,NaN,NaN,NaN,NaN,NaN,NaN,NaN
1684458000,1.02,1.03,1.01,1.02,609900,NaN,NaN,NaN,NaN,NaN,NaN,NaN
1684717200,1.02,1.03,1.01,1.02,567800,NaN,NaN,NaN,NaN,NaN,NaN,NaN
1684803600,1,1.01,0.99,0.995,3545600,NaN,NaN,NaN,NaN,NaN,NaN,NaN
1684890000,0.995,0.995,0.975,0.975,3111900,NaN,NaN,NaN,NaN,NaN,NaN,NaN
1684976400,0.98,0.98,0.965,0.965,1580800,NaN,NaN,NaN,NaN,NaN,NaN,NaN
1685062800,0.965,0.965,0.95,0.95,2040500,NaN,NaN,NaN,NaN,NaN,NaN,NaN
1685322000,0.955,0.96,0.94,0.945,1872800,NaN,NaN,NaN,NaN,NaN,NaN,NaN
1685408400,0.945,0.945,0.93,0.94,1781900,NaN,NaN,NaN,NaN,NaN,NaN,NaN
1685494800,0.93,0.935,0.93,0.935,1379400,NaN,NaN,NaN,NaN,NaN,NaN,NaN
1685581200,0.93,0.94,0.925,0.935,631300,NaN,NaN,NaN,NaN,NaN,NaN,NaN
1685667600,0.935,0.94,0.925,0.93,901500,NaN,NaN,NaN,NaN,NaN,NaN,NaN
1686013200,0.935,0.965,0.935,0.955,1411800,NaN,NaN,NaN,NaN,NaN,NaN,NaN
1686099600,0.95,0.95,0.93,0.93,1534400,NaN,NaN,NaN,NaN,NaN,NaN,NaN
1686186000,0.935,0.945,0.935,0.935,594700,NaN,NaN,NaN,NaN,NaN,NaN,NaN
1686272400,0.945,0.955,0.94,0.945,886400,NaN,NaN,NaN,NaN,NaN,NaN,NaN
1686531600,0.945,0.955,0.945,0.945,571800,NaN,NaN,NaN,NaN,NaN,NaN,NaN
1686618000,0.945,0.95,0.935,0.935,1510900,NaN,NaN,NaN,NaN,NaN,NaN,NaN
1686704400,0.935,0.945,0.935,0.945,563700,NaN,NaN,NaN,NaN,NaN,NaN,NaN
1686790800,0.945,0.96,0.94,0.945,1335400,NaN,NaN,NaN,NaN,NaN,NaN,NaN
1686877200,0.925,0.945,0.915,0.92,2613500,NaN,NaN,NaN,NaN,NaN,NaN,NaN
1687136400,0.925,0.94,0.925,0.93,1818200,NaN,NaN,NaN,NaN,NaN,NaN,NaN
1687222800,0.93,0.935,0.92,0.92,1569300,NaN,NaN,NaN,NaN,NaN,NaN,NaN
1687309200,0.92,0.93,0.92,0.92,723100,NaN,NaN,NaN,NaN,NaN,NaN,NaN
1687395600,0.925,0.93,0.92,0.92,1268900,NaN,NaN,NaN,NaN,NaN,NaN,NaN
1687482000,0.925,0.93,0.92,0.925,462600,NaN,NaN,NaN,NaN,NaN,NaN,NaN
1687741200,0.925,0.935,0.915,0.92,1412200,NaN,NaN,NaN,NaN,NaN,NaN,NaN
1687827600,0.92,0.935,0.92,0.925,1311800,NaN,NaN,NaN,NaN,NaN,NaN,NaN
1687914000,0.93,0.935,0.925,0.925,2665600,NaN,NaN,NaN,NaN,NaN,NaN,NaN
1688086800,0.925,0.93,0.92,0.92,1219500,1380173509,2977491000,630204000,42925000,256570000,2088094000,2.71739130434783
1688346000,0.925,0.95,0.925,0.94,3681400,NaN,NaN,NaN,NaN,NaN,NaN,NaN
1688432400,0.94,0.95,0.93,0.93,1747700,NaN,NaN,NaN,NaN,NaN,NaN,NaN
1688518800,0.93,0.965,0.93,0.955,3167000,NaN,NaN,NaN,NaN,NaN,NaN,NaN
1688605200,0.95,0.955,0.935,0.94,1372700,NaN,NaN,NaN,NaN,NaN,NaN,NaN
1688691600,0.935,0.935,0.925,0.925,1733000,NaN,NaN,NaN,NaN,NaN,NaN,NaN
1688950800,0.925,0.935,0.925,0.925,1065900,NaN,NaN,NaN,NaN,NaN,NaN,NaN
1689037200,0.935,0.94,0.925,0.93,1497400,NaN,NaN,NaN,NaN,NaN,NaN,NaN
1689123600,0.93,0.95,0.93,0.945,1742800,NaN,NaN,NaN,NaN,NaN,NaN,NaN
1689210000,0.94,0.95,0.935,0.95,808000,NaN,NaN,NaN,NaN,NaN,NaN,NaN
1689296400,0.95,0.965,0.945,0.955,1530100,NaN,NaN,NaN,NaN,NaN,NaN,NaN
1689555600,0.96,0.96,0.945,0.95,994700,NaN,NaN,NaN,NaN,NaN,NaN,NaN
1689642000,0.95,0.955,0.95,0.955,194100,NaN,NaN,NaN,NaN,NaN,NaN,NaN
1689814800,0.96,0.98,0.955,0.975,3875700,NaN,NaN,NaN,NaN,NaN,NaN,NaN
1689901200,0.98,1.03,0.975,1,6465300,NaN,NaN,NaN,NaN,NaN,NaN,NaN
1690160400,1.01,1.03,1,1.01,2211200,NaN,NaN,NaN,NaN,NaN,NaN,NaN
1690246800,1.02,1.06,1.01,1.06,4815900,NaN,NaN,NaN,NaN,NaN,NaN,NaN
1690333200,1.05,1.07,1.04,1.05,3504600,NaN,NaN,NaN,NaN,NaN,NaN,NaN
1690419600,1.05,1.06,1.04,1.05,1900600,NaN,NaN,NaN,NaN,NaN,NaN,NaN
1690506000,1.05,1.06,1.02,1.04,2563900,NaN,NaN,NaN,NaN,NaN,NaN,NaN
1690765200,1.04,1.06,1.03,1.04,1241700,NaN,NaN,NaN,NaN,NaN,NaN,NaN
1690851600,1.04,1.04,1.03,1.03,734900,NaN,NaN,NaN,NaN,NaN,NaN,NaN
1690938000,1.03,1.03,1,1.03,2360600,NaN,NaN,NaN,NaN,NaN,NaN,NaN
1691024400,1.02,1.02,1.01,1.01,110400,NaN,NaN,NaN,NaN,NaN,NaN,NaN
1691110800,1.02,1.05,1.01,1.03,847200,NaN,NaN,NaN,NaN,NaN,NaN,NaN
1691370000,1.03,1.05,1.03,1.03,862900,NaN,NaN,NaN,NaN,NaN,NaN,NaN
1691456400,1.04,1.04,1.03,1.04,919800,NaN,NaN,NaN,NaN,NaN,NaN,NaN
1691542800,1.04,1.04,1.01,1.02,1376300,NaN,NaN,NaN,NaN,NaN,NaN,NaN
1691629200,1.01,1.03,1.01,1.02,857600,NaN,NaN,NaN,NaN,NaN,NaN,NaN
1691715600,1.02,1.03,0.99,1.01,3884100,NaN,NaN,NaN,NaN,NaN,NaN,NaN
1691974800,1.01,1.01,0.995,1.01,1496800,NaN,NaN,NaN,NaN,NaN,NaN,NaN
1692061200,1,1.02,1,1.02,2535700,NaN,NaN,NaN,NaN,NaN,NaN,NaN
1692147600,1.02,1.04,1.01,1.02,1661600,NaN,NaN,NaN,NaN,NaN,NaN,NaN
1692234000,1.03,1.04,1.02,1.02,985800,NaN,NaN,NaN,NaN,NaN,NaN,NaN
1692320400,1.02,1.05,1.02,1.03,1907800,NaN,NaN,NaN,NaN,NaN,NaN,NaN
1692579600,1.04,1.04,1.02,1.03,772800,NaN,NaN,NaN,NaN,NaN,NaN,NaN
1692666000,1.03,1.05,1.03,1.05,1471100,NaN,NaN,NaN,NaN,NaN,NaN,NaN
1692752400,1.05,1.05,1.01,1.02,1931100,NaN,NaN,NaN,NaN,NaN,NaN,NaN
1692838800,1.01,1.02,0.975,0.995,5309200,NaN,NaN,NaN,NaN,NaN,NaN,NaN
1692925200,0.995,0.995,0.98,0.985,2383300,NaN,NaN,NaN,NaN,NaN,NaN,NaN
1693184400,0.985,1.01,0.985,1,1754500,NaN,NaN,NaN,NaN,NaN,NaN,NaN
1693270800,0.995,1,0.99,0.99,1593700,NaN,NaN,NaN,NaN,NaN,NaN,NaN
1693357200,0.99,1.03,0.99,1.03,1547600,NaN,NaN,NaN,NaN,NaN,NaN,NaN
1693530000,1.02,1.02,1,1.01,700800,NaN,NaN,NaN,NaN,NaN,NaN,NaN
1693789200,1.02,1.03,1,1.01,1980600,NaN,NaN,NaN,NaN,NaN,NaN,NaN
1693875600,1.01,1.02,1,1.01,501000,NaN,NaN,NaN,NaN,NaN,NaN,NaN
1693962000,1.01,1.01,0.99,0.995,2324700,NaN,NaN,NaN,NaN,NaN,NaN,NaN
1694048400,0.995,1,0.99,0.995,909400,NaN,NaN,NaN,NaN,NaN,NaN,NaN
1694134800,0.995,1,0.99,0.99,623800,NaN,NaN,NaN,NaN,NaN,NaN,NaN
1694394000,0.995,0.995,0.98,0.985,1442200,NaN,NaN,NaN,NaN,NaN,NaN,NaN
1694480400,0.99,0.995,0.98,0.995,743200,NaN,NaN,NaN,NaN,NaN,NaN,NaN
1694566800,0.985,1,0.985,0.99,921000,NaN,NaN,NaN,NaN,NaN,NaN,NaN
1694653200,0.995,1.01,0.99,1,819100,NaN,NaN,NaN,NaN,NaN,NaN,NaN
1694739600,1,1.02,1,1.01,883300,NaN,NaN,NaN,NaN,NaN,NaN,NaN
1694998800,1.02,1.04,1.01,1.02,2989500,NaN,NaN,NaN,NaN,NaN,NaN,NaN
1695085200,1.02,1.02,0.995,1,1842300,NaN,NaN,NaN,NaN,NaN,NaN,NaN
1695171600,1,1.03,0.995,1.01,2681000,NaN,NaN,NaN,NaN,NaN,NaN,NaN
1695258000,1,1.01,0.995,1,1488400,NaN,NaN,NaN,NaN,NaN,NaN,NaN
1695344400,0.995,1,0.99,1,864400,NaN,NaN,NaN,NaN,NaN,NaN,NaN
1695603600,0.995,1,0.99,1,1010500,NaN,NaN,NaN,NaN,NaN,NaN,NaN
1695690000,1.01,1.02,1,1.01,3364200,NaN,NaN,NaN,NaN,NaN,NaN,NaN
1695776400,1,1.01,0.985,0.99,3126500,NaN,NaN,NaN,NaN,NaN,NaN,NaN
1695949200,1,1,0.99,0.99,1214300,1380173509,2975855000,667037000,64780000,298720000,2048248999.9999998,2.52525252525253
1696208400,0.995,1.01,0.99,0.99,869000,NaN,NaN,NaN,NaN,NaN,NaN,NaN
1696294800,0.99,0.995,0.98,0.98,924100,NaN,NaN,NaN,NaN,NaN,NaN,NaN
1696381200,0.98,0.985,0.975,0.975,960900,NaN,NaN,NaN,NaN,NaN,NaN,NaN
1696467600,0.975,0.985,0.975,0.975,741500,NaN,NaN,NaN,NaN,NaN,NaN,NaN
1696554000,0.98,0.985,0.975,0.98,821400,NaN,NaN,NaN,NaN,NaN,NaN,NaN
1696813200,0.985,1.01,0.98,1,2569400,NaN,NaN,NaN,NaN,NaN,NaN,NaN
1696899600,1,1.01,0.995,1,2108500,NaN,NaN,NaN,NaN,NaN,NaN,NaN
1696986000,1.01,1.02,1,1.02,1804700,NaN,NaN,NaN,NaN,NaN,NaN,NaN
1697072400,1.02,1.03,1.01,1.03,3649600,NaN,NaN,NaN,NaN,NaN,NaN,NaN
1697158800,1.03,1.03,1.01,1.02,2074900,NaN,NaN,NaN,NaN,NaN,NaN,NaN
1697418000,1.02,1.02,1.01,1.01,2461300,NaN,NaN,NaN,NaN,NaN,NaN,NaN
1697504400,1.02,1.02,1.01,1.02,959600,NaN,NaN,NaN,NaN,NaN,NaN,NaN
1697590800,1.01,1.02,0.99,0.99,9209800,NaN,NaN,NaN,NaN,NaN,NaN,NaN
1697677200,0.99,1,0.99,0.995,820300,NaN,NaN,NaN,NaN,NaN,NaN,NaN
1697763600,0.995,0.995,0.98,0.985,1252100,NaN,NaN,NaN,NaN,NaN,NaN,NaN
1698022800,0.985,0.99,0.975,0.98,1578900,NaN,NaN,NaN,NaN,NaN,NaN,NaN
1698109200,0.985,0.99,0.98,0.985,444900,NaN,NaN,NaN,NaN,NaN,NaN,NaN
1698195600,0.985,0.985,0.965,0.97,2358700,NaN,NaN,NaN,NaN,NaN,NaN,NaN
1698282000,0.97,0.975,0.965,0.97,931800,NaN,NaN,NaN,NaN,NaN,NaN,NaN
1698368400,0.97,0.975,0.955,0.96,1691600,NaN,NaN,NaN,NaN,NaN,NaN,NaN
1698627600,0.96,0.97,0.955,0.96,715000,NaN,NaN,NaN,NaN,NaN,NaN,NaN
1698714000,0.96,0.96,0.945,0.96,1688200,NaN,NaN,NaN,NaN,NaN,NaN,NaN
1698800400,0.96,0.96,0.95,0.955,802800,NaN,NaN,NaN,NaN,NaN,NaN,NaN
1698886800,0.955,0.97,0.95,0.965,2070000,NaN,NaN,NaN,NaN,NaN,NaN,NaN
1698973200,0.965,0.975,0.965,0.97,1330600,NaN,NaN,NaN,NaN,NaN,NaN,NaN
1699232400,0.97,0.985,0.965,0.985,1390600,NaN,NaN,NaN,NaN,NaN,NaN,NaN
1699318800,0.98,0.985,0.975,0.98,588200,NaN,NaN,NaN,NaN,NaN,NaN,NaN
1699405200,0.98,0.99,0.975,0.985,997100,NaN,NaN,NaN,NaN,NaN,NaN,NaN
1699491600,0.98,0.985,0.97,0.975,930400,NaN,NaN,NaN,NaN,NaN,NaN,NaN
1699578000,0.975,0.98,0.97,0.975,772300,NaN,NaN,NaN,NaN,NaN,NaN,NaN
1699923600,0.98,1,0.98,0.99,1639500,NaN,NaN,NaN,NaN,NaN,NaN,NaN
1700010000,0.995,1,0.99,1,1583900,NaN,NaN,NaN,NaN,NaN,NaN,NaN
1700096400,1,1,0.99,0.99,726800,NaN,NaN,NaN,NaN,NaN,NaN,NaN
1700182800,0.995,1.01,0.985,0.99,1964100,NaN,NaN,NaN,NaN,NaN,NaN,NaN
1700442000,0.99,1,0.99,1,470700,NaN,NaN,NaN,NaN,NaN,NaN,NaN
1700528400,1,1.01,0.995,1.01,848500,NaN,NaN,NaN,NaN,NaN,NaN,NaN
1700614800,1,1.01,0.995,1.01,723900,NaN,NaN,NaN,NaN,NaN,NaN,NaN
1700701200,1,1.01,1,1,559200,NaN,NaN,NaN,NaN,NaN,NaN,NaN
1700787600,0.995,0.995,0.985,0.99,1532600,NaN,NaN,NaN,NaN,NaN,NaN,NaN
1701046800,0.995,1.01,0.995,1,2247300,NaN,NaN,NaN,NaN,NaN,NaN,NaN
1701133200,1,1.01,0.995,0.995,685300,NaN,NaN,NaN,NaN,NaN,NaN,NaN
1701219600,1,1,0.99,0.99,1437500,NaN,NaN,NaN,NaN,NaN,NaN,NaN
1701306000,0.995,1.01,0.98,0.98,2967900,NaN,NaN,NaN,NaN,NaN,NaN,NaN
1701392400,0.985,0.995,0.985,0.985,528100,NaN,NaN,NaN,NaN,NaN,NaN,NaN
1701651600,0.99,0.99,0.98,0.98,403300,NaN,NaN,NaN,NaN,NaN,NaN,NaN
1701738000,0.98,0.99,0.98,0.99,691400,NaN,NaN,NaN,NaN,NaN,NaN,NaN
1701824400,0.99,1,0.985,0.99,1652700,NaN,NaN,NaN,NaN,NaN,NaN,NaN
1701910800,0.985,0.99,0.965,0.975,2029800,NaN,NaN,NaN,NaN,NaN,NaN,NaN
1701997200,0.97,0.975,0.96,0.97,911000,NaN,NaN,NaN,NaN,NaN,NaN,NaN
1702256400,0.97,0.97,0.955,0.96,773700,NaN,NaN,NaN,NaN,NaN,NaN,NaN
1702342800,0.96,0.97,0.96,0.96,394900,NaN,NaN,NaN,NaN,NaN,NaN,NaN
1702429200,0.965,0.97,0.96,0.965,367900,NaN,NaN,NaN,NaN,NaN,NaN,NaN
1702515600,0.97,0.98,0.97,0.97,617200,NaN,NaN,NaN,NaN,NaN,NaN,NaN
1702602000,0.975,0.975,0.965,0.97,596400,NaN,NaN,NaN,NaN,NaN,NaN,NaN
1702861200,0.97,0.98,0.965,0.975,469300,NaN,NaN,NaN,NaN,NaN,NaN,NaN
1702947600,0.98,0.98,0.965,0.97,565800,NaN,NaN,NaN,NaN,NaN,NaN,NaN
1703034000,0.97,0.98,0.97,0.98,392700,NaN,NaN,NaN,NaN,NaN,NaN,NaN
1703120400,0.975,0.98,0.97,0.975,383600,NaN,NaN,NaN,NaN,NaN,NaN,NaN
1703206800,0.98,0.98,0.97,0.975,441100,NaN,NaN,NaN,NaN,NaN,NaN,NaN
1703552400,0.98,0.98,0.97,0.975,531700,NaN,NaN,NaN,NaN,NaN,NaN,NaN
1703638800,0.975,0.98,0.96,0.965,1763600,NaN,NaN,NaN,NaN,NaN,NaN,NaN
1703725200,0.97,0.98,0.965,0.98,455300,NaN,NaN,NaN,NaN,NaN,NaN,NaN
1703811600,0.975,0.98,0.97,0.975,571500,1380174000,2845022000,539741000,54717000,260928000,2046973000,2.56410256410256
1704157200,0.975,0.975,0.965,0.965,894200,NaN,NaN,NaN,NaN,NaN,NaN,NaN
1704243600,0.97,0.975,0.96,0.97,1092900,NaN,NaN,NaN,NaN,NaN,NaN,NaN
1704330000,0.97,0.98,0.97,0.97,725000,NaN,NaN,NaN,NaN,NaN,NaN,NaN
1704416400,0.97,0.98,0.97,0.98,1743000,NaN,NaN,NaN,NaN,NaN,NaN,NaN
1704675600,0.98,0.995,0.98,0.99,2260700,NaN,NaN,NaN,NaN,NaN,NaN,NaN
1704762000,0.99,0.995,0.985,0.99,1049300,NaN,NaN,NaN,NaN,NaN,NaN,NaN
1704848400,0.99,0.99,0.985,0.985,796800,NaN,NaN,NaN,NaN,NaN,NaN,NaN
1704934800,0.985,0.995,0.985,0.995,1424100,NaN,NaN,NaN,NaN,NaN,NaN,NaN
1705021200,0.99,1.01,0.99,1,1660000,NaN,NaN,NaN,NaN,NaN,NaN,NaN
1705280400,1,1.01,1,1.01,1974000,NaN,NaN,NaN,NaN,NaN,NaN,NaN
1705366800,1,1,0.985,0.985,1719800,NaN,NaN,NaN,NaN,NaN,NaN,NaN
1705453200,0.985,0.99,0.98,0.985,708300,NaN,NaN,NaN,NaN,NaN,NaN,NaN
1705539600,0.985,0.99,0.97,0.98,1062900,NaN,NaN,NaN,NaN,NaN,NaN,NaN
1705626000,0.98,1,0.98,1,2285100,NaN,NaN,NaN,NaN,NaN,NaN,NaN
1705885200,1,1.03,0.99,1.01,5827400,NaN,NaN,NaN,NaN,NaN,NaN,NaN
1705971600,1.01,1.02,1,1.01,2906700,NaN,NaN,NaN,NaN,NaN,NaN,NaN
1706058000,1.01,1.03,1.01,1.03,3051000,NaN,NaN,NaN,NaN,NaN,NaN,NaN
1706230800,1.03,1.04,1.01,1.02,3451200,NaN,NaN,NaN,NaN,NaN,NaN,NaN
1706490000,1.02,1.05,1.02,1.05,3506400,NaN,NaN,NaN,NaN,NaN,NaN,NaN
1706576400,1.04,1.05,1.02,1.03,3282800,NaN,NaN,NaN,NaN,NaN,NaN,NaN
1706662800,1.03,1.04,1.02,1.02,1077800,NaN,NaN,NaN,NaN,NaN,NaN,NaN
1706835600,1.02,1.04,1.01,1.02,2537700,NaN,NaN,NaN,NaN,NaN,NaN,NaN
1707094800,1.02,1.03,1,1.02,1080300,NaN,NaN,NaN,NaN,NaN,NaN,NaN
1707181200,1.01,1.02,0.995,1.01,2914300,NaN,NaN,NaN,NaN,NaN,NaN,NaN
1707267600,1.01,1.01,1,1.01,730900,NaN,NaN,NaN,NaN,NaN,NaN,NaN
1707354000,1.01,1.01,0.995,1,1185500,NaN,NaN,NaN,NaN,NaN,NaN,NaN
1707440400,1,1.01,1,1.01,252000,NaN,NaN,NaN,NaN,NaN,NaN,NaN
1707786000,1.01,1.03,1.01,1.03,1005700,NaN,NaN,NaN,NaN,NaN,NaN,NaN
1707872400,1.03,1.04,1.02,1.04,1317700,NaN,NaN,NaN,NaN,NaN,NaN,NaN
1707958800,1.04,1.04,1.03,1.03,957900,NaN,NaN,NaN,NaN,NaN,NaN,NaN
1708045200,1.03,1.1,1.03,1.09,8930100,NaN,NaN,NaN,NaN,NaN,NaN,NaN
1708304400,1.08,1.17,1.08,1.13,15107700,NaN,NaN,NaN,NaN,NaN,NaN,NaN
1708390800,1.14,1.15,1.11,1.12,5594400,NaN,NaN,NaN,NaN,NaN,NaN,NaN
1708477200,1.12,1.14,1.11,1.11,2252400,NaN,NaN,NaN,NaN,NaN,NaN,NaN
1708563600,1.11,1.13,1.1,1.11,2848600,NaN,NaN,NaN,NaN,NaN,NaN,NaN
1708650000,1.1,1.1,1.03,1.04,6788700,NaN,NaN,NaN,NaN,NaN,NaN,NaN
1708909200,1.04,1.06,1.03,1.04,3528600,NaN,NaN,NaN,NaN,NaN,NaN,NaN
1708995600,1.05,1.06,1.03,1.05,2351000,NaN,NaN,NaN,NaN,NaN,NaN,NaN
1709082000,1.05,1.06,1.03,1.03,1900000,NaN,NaN,NaN,NaN,NaN,NaN,NaN
1709168400,1.03,1.06,1.02,1.04,2557100,NaN,NaN,NaN,NaN,NaN,NaN,NaN
1709254800,1.04,1.08,1.03,1.06,5999300,NaN,NaN,NaN,NaN,NaN,NaN,NaN
1709514000,1.07,1.08,1.05,1.05,3368000,NaN,NaN,NaN,NaN,NaN,NaN,NaN
1709600400,1.06,1.08,1.05,1.08,3803300,NaN,NaN,NaN,NaN,NaN,NaN,NaN
1709686800,1.08,1.09,1.06,1.08,4887000,NaN,NaN,NaN,NaN,NaN,NaN,NaN
1709773200,1.09,1.13,1.08,1.12,7073100,NaN,NaN,NaN,NaN,NaN,NaN,NaN
1709859600,1.12,1.14,1.11,1.13,4564700,NaN,NaN,NaN,NaN,NaN,NaN,NaN
1710118800,1.13,1.16,1.13,1.13,5374000,NaN,NaN,NaN,NaN,NaN,NaN,NaN
1710205200,1.13,1.16,1.13,1.15,3246900,NaN,NaN,NaN,NaN,NaN,NaN,NaN
1710291600,1.16,1.16,1.13,1.16,2943300,NaN,NaN,NaN,NaN,NaN,NaN,NaN
1710378000,1.15,1.17,1.14,1.15,1897400,NaN,NaN,NaN,NaN,NaN,NaN,NaN
1710464400,1.15,1.18,1.14,1.16,3154800,NaN,NaN,NaN,NaN,NaN,NaN,NaN
1710723600,1.16,1.17,1.13,1.13,3466900,NaN,NaN,NaN,NaN,NaN,NaN,NaN
1710810000,1.14,1.16,1.13,1.13,1143500,NaN,NaN,NaN,NaN,NaN,NaN,NaN
1710896400,1.13,1.15,1.13,1.14,1431700,NaN,NaN,NaN,NaN,NaN,NaN,NaN
1710982800,1.15,1.17,1.13,1.15,2883900,NaN,NaN,NaN,NaN,NaN,NaN,NaN
1711069200,1.14,1.16,1.13,1.14,4398300,NaN,NaN,NaN,NaN,NaN,NaN,NaN
1711328400,1.14,1.15,1.12,1.14,4512300,NaN,NaN,NaN,NaN,NaN,NaN,NaN
1711414800,1.14,1.17,1.13,1.13,6976500,NaN,NaN,NaN,NaN,NaN,NaN,NaN
1711501200,1.14,1.15,1.12,1.13,4103500,NaN,NaN,NaN,NaN,NaN,NaN,NaN
1711674000,1.13,1.15,1.12,1.13,2334400,1380174000,2839051000,507476000,40129000,242388000,2068152000,2.21238938053097
1711933200,1.15,1.16,1.13,1.13,3064900,NaN,NaN,NaN,NaN,NaN,NaN,NaN
1712019600,1.14,1.16,1.14,1.14,6262000,NaN,NaN,NaN,NaN,NaN,NaN,NaN
1712106000,1.14,1.16,1.14,1.15,2278400,NaN,NaN,NaN,NaN,NaN,NaN,NaN
1712192400,1.15,1.17,1.14,1.15,4277600,NaN,NaN,NaN,NaN,NaN,NaN,NaN
1712278800,1.15,1.16,1.14,1.16,3222100,NaN,NaN,NaN,NaN,NaN,NaN,NaN
1712538000,1.16,1.19,1.15,1.16,5635300,NaN,NaN,NaN,NaN,NaN,NaN,NaN
1712624400,1.16,1.17,1.15,1.16,1636900,NaN,NaN,NaN,NaN,NaN,NaN,NaN
1712883600,1.16,1.18,1.15,1.17,1613000,NaN,NaN,NaN,NaN,NaN,NaN,NaN
1713142800,1.16,1.17,1.13,1.14,3160600,NaN,NaN,NaN,NaN,NaN,NaN,NaN
1713229200,1.14,1.15,1.1,1.11,5896100,NaN,NaN,NaN,NaN,NaN,NaN,NaN
1713315600,1.12,1.14,1.11,1.13,3936300,NaN,NaN,NaN,NaN,NaN,NaN,NaN
1713402000,1.13,1.14,1.12,1.13,1852400,NaN,NaN,NaN,NaN,NaN,NaN,NaN
1713488400,1.13,1.14,1.11,1.13,2685600,NaN,NaN,NaN,NaN,NaN,NaN,NaN
1713747600,1.12,1.14,1.1,1.14,2294300,NaN,NaN,NaN,NaN,NaN,NaN,NaN
1713834000,1.14,1.15,1.13,1.14,2111400,NaN,NaN,NaN,NaN,NaN,NaN,NaN
1713920400,1.14,1.14,1.12,1.14,2269100,NaN,NaN,NaN,NaN,NaN,NaN,NaN
1714006800,1.14,1.15,1.13,1.15,1026300,NaN,NaN,NaN,NaN,NaN,NaN,NaN
1714093200,1.15,1.15,1.13,1.13,1510400,NaN,NaN,NaN,NaN,NaN,NaN,NaN
1714352400,1.14,1.15,1.13,1.14,3712500,NaN,NaN,NaN,NaN,NaN,NaN,NaN
1714438800,1.15,1.15,1.13,1.14,1470900,NaN,NaN,NaN,NaN,NaN,NaN,NaN
1714611600,1.14,1.16,1.14,1.16,2845700,NaN,NaN,NaN,NaN,NaN,NaN,NaN
1714698000,1.16,1.16,1.14,1.15,2418800,NaN,NaN,NaN,NaN,NaN,NaN,NaN
1714957200,1.16,1.17,1.14,1.15,998700,NaN,NaN,NaN,NaN,NaN,NaN,NaN
1715043600,1.15,1.15,1.14,1.14,1492400,NaN,NaN,NaN,NaN,NaN,NaN,NaN
1715130000,1.14,1.15,1.12,1.13,3191000,NaN,NaN,NaN,NaN,NaN,NaN,NaN
1715216400,1.13,1.14,1.12,1.12,733000,NaN,NaN,NaN,NaN,NaN,NaN,NaN
1715302800,1.13,1.13,1.11,1.13,2114500,NaN,NaN,NaN,NaN,NaN,NaN,NaN
1715562000,1.12,1.13,1.11,1.12,1340400,NaN,NaN,NaN,NaN,NaN,NaN,NaN
1715648400,1.12,1.13,1.11,1.12,1790000,NaN,NaN,NaN,NaN,NaN,NaN,NaN
1715734800,1.12,1.13,1.11,1.13,1727300,NaN,NaN,NaN,NaN,NaN,NaN,NaN
1715821200,1.12,1.13,1.11,1.13,866500,NaN,NaN,NaN,NaN,NaN,NaN,NaN
1715907600,1.13,1.13,1.11,1.12,929300,NaN,NaN,NaN,NaN,NaN,NaN,NaN
1716166800,1.12,1.12,1.1,1.11,2774900,NaN,NaN,NaN,NaN,NaN,NaN,NaN
1716253200,1.12,1.14,1.1,1.14,4830500,NaN,NaN,NaN,NaN,NaN,NaN,NaN
1716426000,1.14,1.15,1.13,1.14,1873500,NaN,NaN,NaN,NaN,NaN,NaN,NaN
1716512400,1.14,1.14,1.12,1.13,979200,NaN,NaN,NaN,NaN,NaN,NaN,NaN
1716771600,1.13,1.14,1.12,1.12,1067000,NaN,NaN,NaN,NaN,NaN,NaN,NaN
1716858000,1.13,1.13,1.11,1.12,1152700,NaN,NaN,NaN,NaN,NaN,NaN,NaN
1716944400,1.12,1.13,1.09,1.09,2765900,NaN,NaN,NaN,NaN,NaN,NaN,NaN
1717030800,1.09,1.11,1.08,1.1,1246700,NaN,NaN,NaN,NaN,NaN,NaN,NaN
1717117200,1.1,1.1,1.05,1.05,15784800,NaN,NaN,NaN,NaN,NaN,NaN,NaN
1717462800,1.06,1.09,1.06,1.09,1501900,NaN,NaN,NaN,NaN,NaN,NaN,NaN
1717549200,1.1,1.1,1.08,1.1,1690700,NaN,NaN,NaN,NaN,NaN,NaN,NaN
1717635600,1.1,1.11,1.08,1.09,1849600,NaN,NaN,NaN,NaN,NaN,NaN,NaN
1717722000,1.09,1.12,1.08,1.11,1875100,NaN,NaN,NaN,NaN,NaN,NaN,NaN
1717981200,1.11,1.13,1.1,1.11,995300,NaN,NaN,NaN,NaN,NaN,NaN,NaN
1718067600,1.12,1.14,1.11,1.13,3108100,NaN,NaN,NaN,NaN,NaN,NaN,NaN
1718154000,1.13,1.14,1.11,1.13,2883800,NaN,NaN,NaN,NaN,NaN,NaN,NaN
1718240400,1.14,1.14,1.12,1.13,985700,NaN,NaN,NaN,NaN,NaN,NaN,NaN
1718326800,1.13,1.16,1.12,1.16,3520400,NaN,NaN,NaN,NaN,NaN,NaN,NaN
1718672400,1.16,1.16,1.13,1.14,2183300,NaN,NaN,NaN,NaN,NaN,NaN,NaN
1718758800,1.14,1.15,1.13,1.14,1601800,NaN,NaN,NaN,NaN,NaN,NaN,NaN
1718845200,1.15,1.15,1.13,1.13,910600,NaN,NaN,NaN,NaN,NaN,NaN,NaN
1718931600,1.13,1.15,1.13,1.14,1437200,NaN,NaN,NaN,NaN,NaN,NaN,NaN
1719190800,1.14,1.17,1.13,1.15,1943800,NaN,NaN,NaN,NaN,NaN,NaN,NaN
1719277200,1.15,1.16,1.13,1.14,1327400,NaN,NaN,NaN,NaN,NaN,NaN,NaN
1719363600,1.13,1.16,1.11,1.15,3148900,NaN,NaN,NaN,NaN,NaN,NaN,NaN
1719450000,1.15,1.16,1.14,1.14,1065000,NaN,NaN,NaN,NaN,NaN,NaN,NaN
1719536400,1.15,1.16,1.13,1.15,1326500,1380174000,2766985000,502037000,24311000,252517000,2009828000,4.34782608695652
1719795600,1.15,1.25,1.15,1.23,7825100,NaN,NaN,NaN,NaN,NaN,NaN,NaN
1719882000,1.24,1.28,1.22,1.23,7530500,NaN,NaN,NaN,NaN,NaN,NaN,NaN
1719968400,1.23,1.27,1.23,1.25,3905400,NaN,NaN,NaN,NaN,NaN,NaN,NaN
1720054800,1.25,1.27,1.24,1.25,4744400,NaN,NaN,NaN,NaN,NaN,NaN,NaN
1720141200,1.26,1.26,1.23,1.25,3617200,NaN,NaN,NaN,NaN,NaN,NaN,NaN
1720486800,1.26,1.26,1.21,1.22,3609000,NaN,NaN,NaN,NaN,NaN,NaN,NaN
1720573200,1.21,1.24,1.21,1.22,2801800,NaN,NaN,NaN,NaN,NaN,NaN,NaN
1720659600,1.23,1.24,1.2,1.21,2213700,NaN,NaN,NaN,NaN,NaN,NaN,NaN
1720746000,1.21,1.22,1.2,1.2,1516300,NaN,NaN,NaN,NaN,NaN,NaN,NaN
1721005200,1.21,1.22,1.19,1.2,1702500,NaN,NaN,NaN,NaN,NaN,NaN,NaN
1721091600,1.21,1.23,1.2,1.2,1533800,NaN,NaN,NaN,NaN,NaN,NaN,NaN
1721178000,1.21,1.22,1.2,1.21,1824700,NaN,NaN,NaN,NaN,NaN,NaN,NaN
1721264400,1.21,1.24,1.21,1.23,4742300,NaN,NaN,NaN,NaN,NaN,NaN,NaN
1721350800,1.23,1.24,1.22,1.23,1492200,NaN,NaN,NaN,NaN,NaN,NaN,NaN
1721610000,1.24,1.24,1.19,1.22,2357700,NaN,NaN,NaN,NaN,NaN,NaN,NaN
1721696400,1.22,1.23,1.21,1.21,458500,NaN,NaN,NaN,NaN,NaN,NaN,NaN
1721782800,1.22,1.22,1.2,1.21,1434700,NaN,NaN,NaN,NaN,NaN,NaN,NaN
1721869200,1.22,1.23,1.19,1.2,2540000,NaN,NaN,NaN,NaN,NaN,NaN,NaN
1721955600,1.2,1.22,1.19,1.2,1120800,NaN,NaN,NaN,NaN,NaN,NaN,NaN
1722214800,1.2,1.21,1.19,1.2,1358400,NaN,NaN,NaN,NaN,NaN,NaN,NaN
1722301200,1.2,1.21,1.19,1.19,536800,NaN,NaN,NaN,NaN,NaN,NaN,NaN
1722387600,1.2,1.22,1.19,1.2,2100600,NaN,NaN,NaN,NaN,NaN,NaN,NaN
1722474000,1.2,1.21,1.19,1.19,898000,NaN,NaN,NaN,NaN,NaN,NaN,NaN
1722560400,1.19,1.19,1.14,1.15,3562400,NaN,NaN,NaN,NaN,NaN,NaN,NaN
1722819600,1.14,1.14,1.05,1.06,7024100,NaN,NaN,NaN,NaN,NaN,NaN,NaN
1722906000,1.05,1.12,1.05,1.1,3748200,NaN,NaN,NaN,NaN,NaN,NaN,NaN
1722992400,1.1,1.14,1.09,1.12,2206600,NaN,NaN,NaN,NaN,NaN,NaN,NaN
1723078800,1.09,1.13,1.08,1.11,2193700,NaN,NaN,NaN,NaN,NaN,NaN,NaN
1723165200,1.11,1.14,1.11,1.12,1844900,NaN,NaN,NaN,NaN,NaN,NaN,NaN
1723424400,1.13,1.17,1.12,1.13,2142000,NaN,NaN,NaN,NaN,NaN,NaN,NaN
1723510800,1.14,1.14,1.09,1.14,2871900,NaN,NaN,NaN,NaN,NaN,NaN,NaN
1723597200,1.14,1.15,1.13,1.13,943100,NaN,NaN,NaN,NaN,NaN,NaN,NaN
1723683600,1.13,1.15,1.1,1.14,1594100,NaN,NaN,NaN,NaN,NaN,NaN,NaN
1723770000,1.13,1.15,1.12,1.14,759000,NaN,NaN,NaN,NaN,NaN,NaN,NaN
1724029200,1.14,1.16,1.12,1.14,1190000,NaN,NaN,NaN,NaN,NaN,NaN,NaN
1724115600,1.15,1.16,1.13,1.14,1459200,NaN,NaN,NaN,NaN,NaN,NaN,NaN
1724202000,1.15,1.16,1.13,1.15,1355000,NaN,NaN,NaN,NaN,NaN,NaN,NaN
1724288400,1.15,1.17,1.15,1.15,1419500,NaN,NaN,NaN,NaN,NaN,NaN,NaN
1724374800,1.15,1.16,1.13,1.14,2124800,NaN,NaN,NaN,NaN,NaN,NaN,NaN
1724634000,1.15,1.15,1.13,1.14,1539400,NaN,NaN,NaN,NaN,NaN,NaN,NaN
1724720400,1.14,1.16,1.14,1.15,1868600,NaN,NaN,NaN,NaN,NaN,NaN,NaN
1724806800,1.15,1.17,1.14,1.15,2049200,NaN,NaN,NaN,NaN,NaN,NaN,NaN
1724893200,1.15,1.16,1.13,1.15,1492700,NaN,NaN,NaN,NaN,NaN,NaN,NaN
1724979600,1.15,1.17,1.14,1.15,668500,NaN,NaN,NaN,NaN,NaN,NaN,NaN
1725238800,1.15,1.16,1.14,1.16,1406400,NaN,NaN,NaN,NaN,NaN,NaN,NaN
1725325200,1.16,1.16,1.14,1.15,1169100,NaN,NaN,NaN,NaN,NaN,NaN,NaN
1725411600,1.13,1.16,1.13,1.15,1822000,NaN,NaN,NaN,NaN,NaN,NaN,NaN
1725498000,1.15,1.16,1.12,1.13,1423600,NaN,NaN,NaN,NaN,NaN,NaN,NaN
1725584400,1.13,1.15,1.12,1.13,1426300,NaN,NaN,NaN,NaN,NaN,NaN,NaN
1725843600,1.13,1.14,1.11,1.12,2053300,NaN,NaN,NaN,NaN,NaN,NaN,NaN
1725930000,1.13,1.15,1.12,1.12,2163000,NaN,NaN,NaN,NaN,NaN,NaN,NaN
1726016400,1.13,1.13,1.06,1.07,3653900,NaN,NaN,NaN,NaN,NaN,NaN,NaN
1726102800,1.08,1.09,1.05,1.08,1367500,NaN,NaN,NaN,NaN,NaN,NaN,NaN
1726189200,1.08,1.11,1.07,1.09,1087500,NaN,NaN,NaN,NaN,NaN,NaN,NaN
1726534800,1.08,1.12,1.08,1.1,888400,NaN,NaN,NaN,NaN,NaN,NaN,NaN
1726621200,1.1,1.11,1.09,1.09,712100,NaN,NaN,NaN,NaN,NaN,NaN,NaN
1726707600,1.09,1.11,1.08,1.09,1031700,NaN,NaN,NaN,NaN,NaN,NaN,NaN
1726794000,1.1,1.12,1.1,1.1,1210500,NaN,NaN,NaN,NaN,NaN,NaN,NaN
1727053200,1.1,1.11,1.09,1.09,1048900,NaN,NaN,NaN,NaN,NaN,NaN,NaN
1727139600,1.1,1.11,1.09,1.09,1061100,NaN,NaN,NaN,NaN,NaN,NaN,NaN
1727226000,1.09,1.1,1.08,1.08,1634500,NaN,NaN,NaN,NaN,NaN,NaN,NaN
1727312400,1.09,1.11,1.09,1.09,923500,NaN,NaN,NaN,NaN,NaN,NaN,NaN
1727398800,1.1,1.13,1.09,1.12,3738900,NaN,NaN,NaN,NaN,NaN,NaN,NaN
1727658000,1.13,1.14,1.1,1.1,4050900,1380174000,2673815000,468989000,37231000,231936000,1960301000,4.54545454545455
1727744400,1.1,1.11,1.09,1.11,715000,NaN,NaN,NaN,NaN,NaN,NaN,NaN
1727830800,1.1,1.11,1.09,1.1,2567700,NaN,NaN,NaN,NaN,NaN,NaN,NaN
1727917200,1.1,1.12,1.09,1.1,3223600,NaN,NaN,NaN,NaN,NaN,NaN,NaN
1728003600,1.1,1.12,1.1,1.11,2572000,NaN,NaN,NaN,NaN,NaN,NaN,NaN
1728262800,1.11,1.13,1.09,1.1,4289600,NaN,NaN,NaN,NaN,NaN,NaN,NaN
1728349200,1.1,1.1,1.06,1.08,3037200,NaN,NaN,NaN,NaN,NaN,NaN,NaN
1728435600,1.07,1.08,1.07,1.07,567600,NaN,NaN,NaN,NaN,NaN,NaN,NaN
1728522000,1.07,1.08,1.06,1.07,1475600,NaN,NaN,NaN,NaN,NaN,NaN,NaN
1728608400,1.07,1.08,1.06,1.07,1183500,NaN,NaN,NaN,NaN,NaN,NaN,NaN
1728867600,1.06,1.06,1.04,1.06,2950900,NaN,NaN,NaN,NaN,NaN,NaN,NaN
1728954000,1.06,1.07,1.04,1.05,1704800,NaN,NaN,NaN,NaN,NaN,NaN,NaN
1729040400,1.05,1.11,1.04,1.11,3345600,NaN,NaN,NaN,NaN,NaN,NaN,NaN
1729126800,1.08,1.09,1.06,1.06,1248800,NaN,NaN,NaN,NaN,NaN,NaN,NaN
1729213200,1.06,1.08,1.06,1.06,2479600,NaN,NaN,NaN,NaN,NaN,NaN,NaN
1729472400,1.06,1.08,1.06,1.08,1439300,NaN,NaN,NaN,NaN,NaN,NaN,NaN
1729558800,1.08,1.08,1.07,1.08,64200,NaN,NaN,NaN,NaN,NaN,NaN,NaN
1729645200,1.08,1.1,1.07,1.09,2939900,NaN,NaN,NaN,NaN,NaN,NaN,NaN
1729731600,1.09,1.1,1.08,1.08,1632100,NaN,NaN,NaN,NaN,NaN,NaN,NaN
1729818000,1.09,1.14,1.09,1.1,5063400,NaN,NaN,NaN,NaN,NaN,NaN,NaN
1730077200,1.11,1.12,1.07,1.07,2327500,NaN,NaN,NaN,NaN,NaN,NaN,NaN
1730163600,1.08,1.1,1.08,1.09,1161100,NaN,NaN,NaN,NaN,NaN,NaN,NaN
1730250000,1.08,1.09,1.07,1.08,1447100,NaN,NaN,NaN,NaN,NaN,NaN,NaN
1730422800,1.07,1.12,1.07,1.08,7253800,NaN,NaN,NaN,NaN,NaN,NaN,NaN
1730682000,1.08,1.12,1.08,1.11,4477900,NaN,NaN,NaN,NaN,NaN,NaN,NaN
1730768400,1.11,1.12,1.09,1.1,2748800,NaN,NaN,NaN,NaN,NaN,NaN,NaN
1730854800,1.1,1.13,1.1,1.12,2872500,NaN,NaN,NaN,NaN,NaN,NaN,NaN
1730941200,1.12,1.14,1.11,1.12,3489300,NaN,NaN,NaN,NaN,NaN,NaN,NaN
1731027600,1.13,1.17,1.12,1.16,4235800,NaN,NaN,NaN,NaN,NaN,NaN,NaN
1731286800,1.16,1.23,1.16,1.18,8390200,NaN,NaN,NaN,NaN,NaN,NaN,NaN
1731373200,1.19,1.23,1.19,1.21,3618600,NaN,NaN,NaN,NaN,NaN,NaN,NaN
1731459600,1.22,1.22,1.16,1.16,2803500,NaN,NaN,NaN,NaN,NaN,NaN,NaN
1731546000,1.16,1.19,1.16,1.19,1386700,NaN,NaN,NaN,NaN,NaN,NaN,NaN
1731632400,1.19,1.19,1.16,1.17,1189000,NaN,NaN,NaN,NaN,NaN,NaN,NaN
1731891600,1.17,1.2,1.17,1.18,3074800,NaN,NaN,NaN,NaN,NaN,NaN,NaN
1731978000,1.18,1.19,1.16,1.16,1460900,NaN,NaN,NaN,NaN,NaN,NaN,NaN
1732064400,1.16,1.19,1.15,1.18,3360000,NaN,NaN,NaN,NaN,NaN,NaN,NaN
1732150800,1.17,1.18,1.15,1.17,2735700,NaN,NaN,NaN,NaN,NaN,NaN,NaN
1732237200,1.18,1.18,1.15,1.16,1428800,NaN,NaN,NaN,NaN,NaN,NaN,NaN
1732496400,1.16,1.19,1.14,1.17,3393200,NaN,NaN,NaN,NaN,NaN,NaN,NaN
1732582800,1.17,1.18,1.14,1.15,1455600,NaN,NaN,NaN,NaN,NaN,NaN,NaN
1732669200,1.16,1.19,1.16,1.19,1845800,NaN,NaN,NaN,NaN,NaN,NaN,NaN
1732755600,1.19,1.19,1.16,1.17,1861900,NaN,NaN,NaN,NaN,NaN,NaN,NaN
1732842000,1.18,1.21,1.18,1.2,2287600,NaN,NaN,NaN,NaN,NaN,NaN,NaN
1733101200,1.21,1.23,1.19,1.19,2681200,NaN,NaN,NaN,NaN,NaN,NaN,NaN
1733187600,1.19,1.2,1.18,1.19,980300,NaN,NaN,NaN,NaN,NaN,NaN,NaN
1733274000,1.2,1.23,1.18,1.18,2577300,NaN,NaN,NaN,NaN,NaN,NaN,NaN
1733360400,1.16,1.22,1.16,1.2,3053600,NaN,NaN,NaN,NaN,NaN,NaN,NaN
1733446800,1.21,1.23,1.2,1.2,2318000,NaN,NaN,NaN,NaN,NaN,NaN,NaN
1733706000,1.21,1.21,1.19,1.21,1655000,NaN,NaN,NaN,NaN,NaN,NaN,NaN
1733792400,1.2,1.25,1.2,1.25,3653600,NaN,NaN,NaN,NaN,NaN,NaN,NaN
1733878800,1.24,1.27,1.23,1.23,4172000,NaN,NaN,NaN,NaN,NaN,NaN,NaN
1733965200,1.24,1.26,1.24,1.25,4684300,NaN,NaN,NaN,NaN,NaN,NaN,NaN
1734051600,1.25,1.26,1.24,1.25,1179700,NaN,NaN,NaN,NaN,NaN,NaN,NaN
1734310800,1.25,1.26,1.24,1.24,1439600,NaN,NaN,NaN,NaN,NaN,NaN,NaN
1734397200,1.25,1.26,1.24,1.24,2094400,NaN,NaN,NaN,NaN,NaN,NaN,NaN
1734483600,1.25,1.26,1.24,1.24,1202700,NaN,NaN,NaN,NaN,NaN,NaN,NaN
1734570000,1.24,1.25,1.19,1.2,2644900,NaN,NaN,NaN,NaN,NaN,NaN,NaN
1734656400,1.21,1.22,1.18,1.18,755800,NaN,NaN,NaN,NaN,NaN,NaN,NaN
1734915600,1.19,1.24,1.18,1.24,1789600,NaN,NaN,NaN,NaN,NaN,NaN,NaN
1735002000,1.24,1.24,1.21,1.21,986400,NaN,NaN,NaN,NaN,NaN,NaN,NaN
1735174800,1.23,1.24,1.22,1.23,1207800,NaN,NaN,NaN,NaN,NaN,NaN,NaN
1735261200,1.24,1.25,1.23,1.23,704300,NaN,NaN,NaN,NaN,NaN,NaN,NaN
1735520400,1.23,1.25,1.23,1.24,1812200,NaN,NaN,NaN,NaN,NaN,NaN,NaN
1735606800,1.25,1.27,1.25,1.25,2208300,1367008000,2747815000,486782000,85457000,292988000,2003653000,NaN
1735779600,1.25,1.25,1.23,1.24,868800,NaN,NaN,NaN,NaN,NaN,NaN,NaN
1735866000,1.23,1.24,1.22,1.24,604400,NaN,NaN,NaN,NaN,NaN,NaN,NaN
1736125200,1.23,1.24,1.21,1.21,892900,NaN,NaN,NaN,NaN,NaN,NaN,NaN
1736211600,1.22,1.22,1.19,1.22,1416400,NaN,NaN,NaN,NaN,NaN,NaN,NaN
1736298000,1.22,1.23,1.19,1.2,1142700,NaN,NaN,NaN,NaN,NaN,NaN,NaN
1736384400,1.2,1.2,1.18,1.19,1046500,NaN,NaN,NaN,NaN,NaN,NaN,NaN
1736470800,1.19,1.2,1.17,1.18,839800,NaN,NaN,NaN,NaN,NaN,NaN,NaN
1736730000,1.18,1.21,1.18,1.19,1063000,NaN,NaN,NaN,NaN,NaN,NaN,NaN
1736816400,1.2,1.21,1.19,1.19,1070300,NaN,NaN,NaN,NaN,NaN,NaN,NaN
1736902800,1.18,1.19,1.15,1.16,879600,NaN,NaN,NaN,NaN,NaN,NaN,NaN
1736989200,1.17,1.18,1.15,1.16,1014500,NaN,NaN,NaN,NaN,NaN,NaN,NaN
1737075600,1.16,1.2,1.15,1.18,1242500,NaN,NaN,NaN,NaN,NaN,NaN,NaN
1737334800,1.2,1.2,1.18,1.18,269400,NaN,NaN,NaN,NaN,NaN,NaN,NaN
1737421200,1.19,1.21,1.19,1.19,417600,NaN,NaN,NaN,NaN,NaN,NaN,NaN
1737507600,1.21,1.23,1.2,1.21,1259700,NaN,NaN,NaN,NaN,NaN,NaN,NaN
1737594000,1.21,1.21,1.18,1.2,560600,NaN,NaN,NaN,NaN,NaN,NaN,NaN
1737680400,1.19,1.2,1.18,1.2,244900,NaN,NaN,NaN,NaN,NaN,NaN,NaN
1737939600,1.2,1.2,1.18,1.18,425800,NaN,NaN,NaN,NaN,NaN,NaN,NaN
1738026000,1.18,1.18,1.16,1.17,917800,NaN,NaN,NaN,NaN,NaN,NaN,NaN
1738285200,1.17,1.19,1.17,1.19,309000,NaN,NaN,NaN,NaN,NaN,NaN,NaN
1738544400,1.18,1.19,1.17,1.18,1005600,NaN,NaN,NaN,NaN,NaN,NaN,NaN
1738630800,1.17,1.19,1.17,1.18,1571900,NaN,NaN,NaN,NaN,NaN,NaN,NaN
1738717200,1.18,1.23,1.18,1.21,3070300,NaN,NaN,NaN,NaN,NaN,NaN,NaN
1738803600,1.23,1.24,1.21,1.22,1020000,NaN,NaN,NaN,NaN,NaN,NaN,NaN
1738890000,1.23,1.23,1.2,1.22,1217200,NaN,NaN,NaN,NaN,NaN,NaN,NaN
1739149200,1.22,1.23,1.2,1.22,1828000,NaN,NaN,NaN,NaN,NaN,NaN,NaN
1739322000,1.22,1.25,1.21,1.25,2823200,NaN,NaN,NaN,NaN,NaN,NaN,NaN
1739408400,1.25,1.27,1.24,1.26,1889500,NaN,NaN,NaN,NaN,NaN,NaN,NaN
1739494800,1.27,1.28,1.24,1.26,2588400,NaN,NaN,NaN,NaN,NaN,NaN,NaN
1739754000,1.26,1.27,1.24,1.26,1175200,NaN,NaN,NaN,NaN,NaN,NaN,NaN
1739840400,1.26,1.27,1.22,1.25,2525300,NaN,NaN,NaN,NaN,NaN,NaN,NaN
1739926800,1.24,1.24,1.2,1.21,2208700,NaN,NaN,NaN,NaN,NaN,NaN,NaN
1740013200,1.2,1.21,1.18,1.2,2147300,NaN,NaN,NaN,NaN,NaN,NaN,NaN
1740099600,1.2,1.21,1.18,1.2,1563700,NaN,NaN,NaN,NaN,NaN,NaN,NaN
1740358800,1.2,1.22,1.19,1.22,882500,NaN,NaN,NaN,NaN,NaN,NaN,NaN
1740445200,1.22,1.24,1.2,1.21,1239600,NaN,NaN,NaN,NaN,NaN,NaN,NaN
1740531600,1.21,1.22,1.19,1.21,1178900,NaN,NaN,NaN,NaN,NaN,NaN,NaN
1740618000,1.2,1.24,1.2,1.23,1163200,NaN,NaN,NaN,NaN,NaN,NaN,NaN
1740704400,1.23,1.24,1.17,1.19,2035400,NaN,NaN,NaN,NaN,NaN,NaN,NaN
1740963600,1.19,1.22,1.19,1.21,1588300,NaN,NaN,NaN,NaN,NaN,NaN,NaN
1741050000,1.19,1.19,1.16,1.18,1573000,NaN,NaN,NaN,NaN,NaN,NaN,NaN
1741136400,1.17,1.2,1.16,1.17,1237900,NaN,NaN,NaN,NaN,NaN,NaN,NaN
1741222800,1.19,1.2,1.17,1.17,620300,NaN,NaN,NaN,NaN,NaN,NaN,NaN
1741309200,1.17,1.2,1.17,1.2,782500,NaN,NaN,NaN,NaN,NaN,NaN,NaN
1741568400,1.19,1.2,1.16,1.17,815100,NaN,NaN,NaN,NaN,NaN,NaN,NaN
1741654800,1.16,1.17,1.12,1.14,1784700,NaN,NaN,NaN,NaN,NaN,NaN,NaN
1741741200,1.14,1.15,1.11,1.12,2158000,NaN,NaN,NaN,NaN,NaN,NaN,NaN
1741827600,1.12,1.18,1.12,1.18,2027800,NaN,NaN,NaN,NaN,NaN,NaN,NaN
1741914000,1.16,1.21,1.16,1.21,1204900,NaN,NaN,NaN,NaN,NaN,NaN,NaN
1742173200,1.21,1.23,1.2,1.21,1356300,NaN,NaN,NaN,NaN,NaN,NaN,NaN
1742346000,1.21,1.23,1.21,1.22,1905600,NaN,NaN,NaN,NaN,NaN,NaN,NaN
1742432400,1.22,1.23,1.2,1.22,606500,NaN,NaN,NaN,NaN,NaN,NaN,NaN
1742518800,1.21,1.22,1.2,1.22,1238500,NaN,NaN,NaN,NaN,NaN,NaN,NaN
1742778000,1.22,1.22,1.2,1.21,1055100,NaN,NaN,NaN,NaN,NaN,NaN,NaN
1742864400,1.21,1.21,1.19,1.2,637800,NaN,NaN,NaN,NaN,NaN,NaN,NaN
1742950800,1.2,1.2,1.18,1.2,340100,NaN,NaN,NaN,NaN,NaN,NaN,NaN
1743037200,1.2,1.21,1.19,1.2,746900,NaN,NaN,NaN,NaN,NaN,NaN,NaN
1743123600,1.2,1.22,1.19,1.2,1493500,1338133000,2716357000,491747000,76324000,275330000,1971904000,NaN
1743555600,1.19,1.2,1.18,1.2,684400,NaN,NaN,NaN,NaN,NaN,NaN,NaN
1743642000,1.19,1.2,1.18,1.19,587600,NaN,NaN,NaN,NaN,NaN,NaN,NaN
1743728400,1.18,1.19,1.16,1.17,772900,NaN,NaN,NaN,NaN,NaN,NaN,NaN
1743987600,1.14,1.14,1.05,1.06,2813400,NaN,NaN,NaN,NaN,NaN,NaN,NaN
1744074000,1.08,1.09,1.05,1.05,1456300,NaN,NaN,NaN,NaN,NaN,NaN,NaN
1744160400,1.03,1.05,1,1.05,2970100,NaN,NaN,NaN,NaN,NaN,NaN,NaN
1744246800,1.07,1.1,1.07,1.08,2430000,NaN,NaN,NaN,NaN,NaN,NaN,NaN
1744333200,1.07,1.09,1.07,1.08,1762900,NaN,NaN,NaN,NaN,NaN,NaN,NaN
1744592400,1.1,1.13,1.09,1.11,2486100,NaN,NaN,NaN,NaN,NaN,NaN,NaN
1744678800,1.12,1.13,1.1,1.11,1187700,NaN,NaN,NaN,NaN,NaN,NaN,NaN
1744765200,1.11,1.13,1.09,1.1,1286000,NaN,NaN,NaN,NaN,NaN,NaN,NaN
1744851600,1.09,1.1,1.08,1.09,1007800,NaN,NaN,NaN,NaN,NaN,NaN,NaN
1744938000,1.09,1.11,1.09,1.1,712700,NaN,NaN,NaN,NaN,NaN,NaN,NaN
1745197200,1.1,1.1,1.09,1.09,385900,NaN,NaN,NaN,NaN,NaN,NaN,NaN
1745283600,1.09,1.09,1.08,1.09,515700,NaN,NaN,NaN,NaN,NaN,NaN,NaN
1745370000,1.09,1.1,1.08,1.09,1598800,NaN,NaN,NaN,NaN,NaN,NaN,NaN
1745456400,1.09,1.09,1.08,1.09,674000,NaN,NaN,NaN,NaN,NaN,NaN,NaN
1745542800,1.09,1.1,1.08,1.09,2346700,NaN,NaN,NaN,NaN,NaN,NaN,NaN
1745802000,1.09,1.1,1.08,1.09,1790200,NaN,NaN,NaN,NaN,NaN,NaN,NaN
1745888400,1.09,1.1,1.08,1.09,1062200,NaN,NaN,NaN,NaN,NaN,NaN,NaN
1745974800,1.09,1.09,1.08,1.09,453700,NaN,NaN,NaN,NaN,NaN,NaN,NaN
1746147600,1.09,1.1,1.09,1.09,1038600,NaN,NaN,NaN,NaN,NaN,NaN,NaN
1746406800,1.09,1.1,1.08,1.09,1234500,NaN,NaN,NaN,NaN,NaN,NaN,NaN
1746493200,1.09,1.09,1.08,1.09,197200,NaN,NaN,NaN,NaN,NaN,NaN,NaN
1746579600,1.09,1.11,1.08,1.09,3894700,NaN,NaN,NaN,NaN,NaN,NaN,NaN
1746666000,1.09,1.1,1.08,1.09,221700,NaN,NaN,NaN,NaN,NaN,NaN,NaN
1746752400,1.09,1.1,1.08,1.09,262300,NaN,NaN,NaN,NaN,NaN,NaN,NaN
1747098000,1.1,1.11,1.09,1.11,847300,NaN,NaN,NaN,NaN,NaN,NaN,NaN
1747184400,1.11,1.13,1.1,1.12,735800,NaN,NaN,NaN,NaN,NaN,NaN,NaN
1747270800,1.12,1.14,1.12,1.13,1157900,NaN,NaN,NaN,NaN,NaN,NaN,NaN
1747357200,1.13,1.13,1.11,1.12,452500,NaN,NaN,NaN,NaN,NaN,NaN,NaN
1747616400,1.11,1.11,1.1,1.1,528000,NaN,NaN,NaN,NaN,NaN,NaN,NaN
1747702800,1.1,1.12,1.1,1.11,547100,NaN,NaN,NaN,NaN,NaN,NaN,NaN
1747789200,1.12,1.14,1.11,1.12,1580200,NaN,NaN,NaN,NaN,NaN,NaN,NaN
1747875600,1.12,1.13,1.11,1.12,236500,NaN,NaN,NaN,NaN,NaN,NaN,NaN
1747962000,1.12,1.13,1.1,1.11,593200,NaN,NaN,NaN,NaN,NaN,NaN,NaN
1748221200,1.11,1.11,1.1,1.1,183000,NaN,NaN,NaN,NaN,NaN,NaN,NaN
1748307600,1.1,1.11,1.1,1.1,594700,NaN,NaN,NaN,NaN,NaN,NaN,NaN
1748394000,1.1,1.11,1.1,1.11,388100,NaN,NaN,NaN,NaN,NaN,NaN,NaN
1748480400,1.1,1.11,1.09,1.09,818100,NaN,NaN,NaN,NaN,NaN,NaN,NaN
1748566800,1.09,1.1,1.08,1.08,434300,NaN,NaN,NaN,NaN,NaN,NaN,NaN
1748912400,1.09,1.09,1.06,1.06,1631600,NaN,NaN,NaN,NaN,NaN,NaN,NaN
1748998800,1.08,1.09,1.06,1.08,1223300,NaN,NaN,NaN,NaN,NaN,NaN,NaN
1749085200,1.08,1.09,1.06,1.09,967100,NaN,NaN,NaN,NaN,NaN,NaN,NaN
1749171600,1.09,1.1,1.08,1.09,198200,NaN,NaN,NaN,NaN,NaN,NaN,NaN
1749430800,1.09,1.1,1.08,1.08,523600,NaN,NaN,NaN,NaN,NaN,NaN,NaN
1749517200,1.09,1.1,1.08,1.08,245600,NaN,NaN,NaN,NaN,NaN,NaN,NaN
1749603600,1.09,1.1,1.08,1.09,692400,NaN,NaN,NaN,NaN,NaN,NaN,NaN
1749690000,1.09,1.09,1.07,1.07,503600,NaN,NaN,NaN,NaN,NaN,NaN,NaN
1749776400,1.07,1.07,1.06,1.06,767600,NaN,NaN,NaN,NaN,NaN,NaN,NaN
1750035600,1.07,1.09,1.07,1.08,572000,NaN,NaN,NaN,NaN,NaN,NaN,NaN
1750122000,1.08,1.09,1.08,1.08,595500,NaN,NaN,NaN,NaN,NaN,NaN,NaN
1750208400,1.08,1.09,1.07,1.08,261000,NaN,NaN,NaN,NaN,NaN,NaN,NaN
1750294800,1.08,1.08,1.06,1.06,1094600,NaN,NaN,NaN,NaN,NaN,NaN,NaN
1750381200,1.06,1.08,1.06,1.06,488600,NaN,NaN,NaN,NaN,NaN,NaN,NaN
1750640400,1.08,1.08,1.06,1.08,1136600,NaN,NaN,NaN,NaN,NaN,NaN,NaN
1750726800,1.07,1.08,1.06,1.08,597200,NaN,NaN,NaN,NaN,NaN,NaN,NaN
1750813200,1.07,1.08,1.07,1.08,357000,NaN,NaN,NaN,NaN,NaN,NaN,NaN
1750899600,1.08,1.09,1.07,1.09,350800,NaN,NaN,NaN,NaN,NaN,NaN,NaN
1751245200,1.09,1.14,1.09,1.11,2663800,1310963000,2676860000,475752000,68440000,268775000,1946739000,NaN
1751331600,1.11,1.12,1.1,1.12,327600,NaN,NaN,NaN,NaN,NaN,NaN,NaN
1751418000,1.12,1.14,1.12,1.14,960400,NaN,NaN,NaN,NaN,NaN,NaN,NaN
1751504400,1.14,1.14,1.12,1.13,324100,NaN,NaN,NaN,NaN,NaN,NaN,NaN
1751590800,1.13,1.13,1.12,1.12,443200,NaN,NaN,NaN,NaN,NaN,NaN,NaN
1751850000,1.12,1.13,1.12,1.13,363800,NaN,NaN,NaN,NaN,NaN,NaN,NaN
1751936400,1.12,1.14,1.12,1.13,1220900,NaN,NaN,NaN,NaN,NaN,NaN,NaN
1752022800,1.13,1.14,1.12,1.13,771400,NaN,NaN,NaN,NaN,NaN,NaN,NaN
1752109200,1.13,1.15,1.13,1.15,1284600,NaN,NaN,NaN,NaN,NaN,NaN,NaN
1752195600,1.15,1.15,1.14,1.14,408200,NaN,NaN,NaN,NaN,NaN,NaN,NaN
1752454800,1.14,1.16,1.14,1.15,539700,NaN,NaN,NaN,NaN,NaN,NaN,NaN
1752541200,1.15,1.15,1.12,1.13,822200,NaN,NaN,NaN,NaN,NaN,NaN,NaN
1752627600,1.13,1.16,1.13,1.14,1149700,NaN,NaN,NaN,NaN,NaN,NaN,NaN
1752714000,1.14,1.14,1.13,1.14,341900,NaN,NaN,NaN,NaN,NaN,NaN,NaN
1752800400,1.14,1.15,1.14,1.15,772200,NaN,NaN,NaN,NaN,NaN,NaN,NaN
1753059600,1.15,1.16,1.14,1.15,767300,NaN,NaN,NaN,NaN,NaN,NaN,NaN
1753146000,1.14,1.15,1.13,1.13,795500,NaN,NaN,NaN,NaN,NaN,NaN,NaN
1753232400,1.13,1.15,1.13,1.14,788500,NaN,NaN,NaN,NaN,NaN,NaN,NaN
1753318800,1.15,1.18,1.15,1.17,1337700,NaN,NaN,NaN,NaN,NaN,NaN,NaN
1753405200,1.16,1.17,1.15,1.15,789300,NaN,NaN,NaN,NaN,NaN,NaN,NaN
1753664400,1.15,1.15,1.12,1.14,2519300,NaN,NaN,NaN,NaN,NaN,NaN,NaN
1753750800,1.14,1.14,1.13,1.14,625600,NaN,NaN,NaN,NaN,NaN,NaN,NaN
1753837200,1.13,1.14,1.12,1.14,1171900,NaN,NaN,NaN,NaN,NaN,NaN,NaN
1753923600,1.14,1.17,1.14,1.17,1199600,NaN,NaN,NaN,NaN,NaN,NaN,NaN
1754010000,1.16,1.2,1.16,1.16,1948100,NaN,NaN,NaN,NaN,NaN,NaN,NaN
1754269200,1.17,1.17,1.15,1.16,476000,NaN,NaN,NaN,NaN,NaN,NaN,NaN
1754355600,1.16,1.16,1.14,1.16,825800,NaN,NaN,NaN,NaN,NaN,NaN,NaN
1754442000,1.15,1.15,1.13,1.14,991000,NaN,NaN,NaN,NaN,NaN,NaN,NaN
1754528400,1.14,1.15,1.13,1.14,594800,NaN,NaN,NaN,NaN,NaN,NaN,NaN
1754614800,1.14,1.16,1.14,1.15,930000,NaN,NaN,NaN,NaN,NaN,NaN,NaN
1754874000,1.15,1.17,1.14,1.14,2146600,NaN,NaN,NaN,NaN,NaN,NaN,NaN
1754960400,1.14,1.16,1.14,1.15,793400,NaN,NaN,NaN,NaN,NaN,NaN,NaN
1755046800,1.16,1.18,1.15,1.16,1292600,NaN,NaN,NaN,NaN,NaN,NaN,NaN
1755133200,1.17,1.17,1.15,1.15,678000,NaN,NaN,NaN,NaN,NaN,NaN,NaN
1755219600,1.16,1.16,1.15,1.15,921300,NaN,NaN,NaN,NaN,NaN,NaN,NaN
1755478800,1.16,1.18,1.15,1.16,2010100,NaN,NaN,NaN,NaN,NaN,NaN,NaN
1755565200,1.17,1.18,1.16,1.16,1411900,NaN,NaN,NaN,NaN,NaN,NaN,NaN
1755651600,1.16,1.17,1.15,1.16,1379100,NaN,NaN,NaN,NaN,NaN,NaN,NaN
1755738000,1.17,1.24,1.17,1.19,5624700,NaN,NaN,NaN,NaN,NaN,NaN,NaN
1755824400,1.19,1.2,1.17,1.19,2653400,NaN,NaN,NaN,NaN,NaN,NaN,NaN
1756083600,1.19,1.21,1.18,1.2,2607700,NaN,NaN,NaN,NaN,NaN,NaN,NaN
1756170000,1.2,1.2,1.15,1.15,3074900,NaN,NaN,NaN,NaN,NaN,NaN,NaN
1756256400,1.15,1.17,1.15,1.15,1967300,NaN,NaN,NaN,NaN,NaN,NaN,NaN
1756342800,1.15,1.16,1.14,1.15,2429000,NaN,NaN,NaN,NaN,NaN,NaN,NaN
1756429200,1.15,1.16,1.13,1.14,1827700,NaN,NaN,NaN,NaN,NaN,NaN,NaN
1756774800,1.14,1.17,1.13,1.17,2361900,NaN,NaN,NaN,NaN,NaN,NaN,NaN
1756861200,1.16,1.18,1.15,1.17,2224700,NaN,NaN,NaN,NaN,NaN,NaN,NaN
1756947600,1.17,1.18,1.16,1.17,1195900,NaN,NaN,NaN,NaN,NaN,NaN,NaN
1757293200,1.17,1.19,1.16,1.17,2711000,NaN,NaN,NaN,NaN,NaN,NaN,NaN
1757379600,1.17,1.18,1.16,1.17,955400,NaN,NaN,NaN,NaN,NaN,NaN,NaN
1757466000,1.17,1.18,1.16,1.16,1995100,NaN,NaN,NaN,NaN,NaN,NaN,NaN
1757552400,1.16,1.18,1.16,1.17,1710100,NaN,NaN,NaN,NaN,NaN,NaN,NaN
1757638800,1.16,1.18,1.16,1.16,1566000,NaN,NaN,NaN,NaN,NaN,NaN,NaN
1758070800,1.17,1.19,1.16,1.18,2509500,NaN,NaN,NaN,NaN,NaN,NaN,NaN
1758157200,1.18,1.18,1.16,1.17,2150500,NaN,NaN,NaN,NaN,NaN,NaN,NaN
1758243600,1.17,1.18,1.14,1.15,4846700,NaN,NaN,NaN,NaN,NaN,NaN,NaN
1758502800,1.16,1.16,1.15,1.15,1829100,NaN,NaN,NaN,NaN,NaN,NaN,NaN
1758589200,1.15,1.15,1.13,1.14,1961700,NaN,NaN,NaN,NaN,NaN,NaN,NaN
1758675600,1.14,1.15,1.13,1.14,1920500,NaN,NaN,NaN,NaN,NaN,NaN,NaN
1758762000,1.14,1.16,1.14,1.15,2364300,NaN,NaN,NaN,NaN,NaN,NaN,NaN
1758848400,1.15,1.16,1.14,1.16,2875200,NaN,NaN,NaN,NaN,NaN,NaN,NaN