time,open,high,low,close,Volume,Total common shares outstanding,Total assets,Total liabilities,Operating income,Total revenue,Shareholders&#039; equity,Dividend yield %
1478826000,1.05,1.06,1.03,1.04,3648400,NaN,NaN,NaN,NaN,NaN,NaN,NaN
1479085200,1.05,1.05,1.02,1.04,2869700,NaN,NaN,NaN,NaN,NaN,NaN,NaN
1479171600,1.04,1.07,1.04,1.05,3190800,NaN,NaN,NaN,NaN,NaN,NaN,NaN
1479258000,1.05,1.06,1.04,1.06,3128900,NaN,NaN,NaN,NaN,NaN,NaN,NaN
1479344400,1.06,1.06,1.04,1.06,1596500,NaN,NaN,NaN,NaN,NaN,NaN,NaN
1479430800,1.06,1.06,1.05,1.06,1232900,NaN,NaN,NaN,NaN,NaN,NaN,NaN
1479690000,1.06,1.07,1.03,1.04,4126600,NaN,NaN,NaN,NaN,NaN,NaN,NaN
1479776400,1.05,1.05,1.03,1.05,1828500,NaN,NaN,NaN,NaN,NaN,NaN,NaN
1479862800,1.05,1.06,1.04,1.06,1995400,NaN,NaN,NaN,NaN,NaN,NaN,NaN
1479949200,1.05,1.06,1.04,1.05,2233100,NaN,NaN,NaN,NaN,NaN,NaN,NaN
1480035600,1.05,1.06,1.04,1.05,1859600,NaN,NaN,NaN,NaN,NaN,NaN,NaN
1480294800,1.05,1.05,1.03,1.05,1540900,NaN,NaN,NaN,NaN,NaN,NaN,NaN
1480381200,1.05,1.05,1.03,1.05,1641500,NaN,NaN,NaN,NaN,NaN,NaN,NaN
1480467600,1.03,1.04,1,1.04,3074800,NaN,NaN,NaN,NaN,NaN,NaN,NaN
1480554000,1.02,1.04,1.02,1.02,1986700,NaN,NaN,NaN,NaN,NaN,NaN,NaN
1480640400,1.02,1.03,1.01,1.03,2230200,NaN,NaN,NaN,NaN,NaN,NaN,NaN
1480899600,1.02,1.03,1.02,1.02,969000,NaN,NaN,NaN,NaN,NaN,NaN,NaN
1480986000,1.02,1.03,1.01,1.01,1590900,NaN,NaN,NaN,NaN,NaN,NaN,NaN
1481072400,1.01,1.02,1.01,1.02,1492300,NaN,NaN,NaN,NaN,NaN,NaN,NaN
1481158800,1.01,1.03,1.01,1.03,3444300,NaN,NaN,NaN,NaN,NaN,NaN,NaN
1481245200,1.03,1.1,1.03,1.07,7284700,NaN,NaN,NaN,NaN,NaN,NaN,NaN
1481590800,1.07,1.11,1.07,1.1,9871300,NaN,NaN,NaN,NaN,NaN,NaN,NaN
1481677200,1.11,1.11,1.08,1.08,2341200,NaN,NaN,NaN,NaN,NaN,NaN,NaN
1481763600,1.07,1.08,1.06,1.06,3695300,NaN,NaN,NaN,NaN,NaN,NaN,NaN
1481850000,1.07,1.09,1.07,1.07,3054100,NaN,NaN,NaN,NaN,NaN,NaN,NaN
1482109200,1.07,1.08,1.06,1.06,2109000,NaN,NaN,NaN,NaN,NaN,NaN,NaN
1482195600,1.06,1.08,1.06,1.07,1723100,NaN,NaN,NaN,NaN,NaN,NaN,NaN
1482282000,1.07,1.09,1.07,1.07,2193500,NaN,NaN,NaN,NaN,NaN,NaN,NaN
1482368400,1.07,1.08,1.06,1.06,839800,NaN,NaN,NaN,NaN,NaN,NaN,NaN
1482454800,1.07,1.07,1.06,1.06,698000,NaN,NaN,NaN,NaN,NaN,NaN,NaN
1482800400,1.06,1.08,1.06,1.06,783000,NaN,NaN,NaN,NaN,NaN,NaN,NaN
1482886800,1.07,1.07,1.06,1.06,670000,NaN,NaN,NaN,NaN,NaN,NaN,NaN
1482973200,1.06,1.07,1.05,1.05,1355800,NaN,NaN,NaN,NaN,NaN,NaN,NaN
1483059600,1.05,1.06,1.05,1.05,933600,NaN,NaN,NaN,NaN,NaN,NaN,NaN
1483405200,1.05,1.06,1.02,1.05,4951000,NaN,NaN,NaN,NaN,NaN,NaN,NaN
1483491600,1.06,1.1,1.05,1.09,4768800,NaN,NaN,NaN,NaN,NaN,NaN,NaN
1483578000,1.09,1.11,1.07,1.1,7036400,NaN,NaN,NaN,NaN,NaN,NaN,NaN
1483664400,1.1,1.11,1.09,1.1,2272500,NaN,NaN,NaN,NaN,NaN,NaN,NaN
1483923600,1.11,1.11,1.09,1.1,1224400,NaN,NaN,NaN,NaN,NaN,NaN,NaN
1484010000,1.09,1.11,1.09,1.11,2418500,NaN,NaN,NaN,NaN,NaN,NaN,NaN
1484096400,1.1,1.11,1.1,1.11,2170600,NaN,NaN,NaN,NaN,NaN,NaN,NaN
1484182800,1.11,1.14,1.11,1.12,8626200,NaN,NaN,NaN,NaN,NaN,NaN,NaN
1484269200,1.12,1.13,1.1,1.1,2910000,NaN,NaN,NaN,NaN,NaN,NaN,NaN
1484528400,1.1,1.11,1.09,1.11,3430000,NaN,NaN,NaN,NaN,NaN,NaN,NaN
1484614800,1.1,1.11,1.09,1.1,2434000,NaN,NaN,NaN,NaN,NaN,NaN,NaN
1484701200,1.1,1.14,1.1,1.11,6672900,NaN,NaN,NaN,NaN,NaN,NaN,NaN
1484787600,1.11,1.12,1.11,1.11,3180200,NaN,NaN,NaN,NaN,NaN,NaN,NaN
1484874000,1.11,1.11,1.09,1.1,1680900,NaN,NaN,NaN,NaN,NaN,NaN,NaN
1485133200,1.1,1.11,1.08,1.08,3234100,NaN,NaN,NaN,NaN,NaN,NaN,NaN
1485219600,1.08,1.1,1.08,1.09,1763800,NaN,NaN,NaN,NaN,NaN,NaN,NaN
1485306000,1.09,1.11,1.08,1.09,4716400,NaN,NaN,NaN,NaN,NaN,NaN,NaN
1485392400,1.09,1.11,1.09,1.1,3387400,NaN,NaN,NaN,NaN,NaN,NaN,NaN
1485478800,1.1,1.11,1.09,1.1,931000,NaN,NaN,NaN,NaN,NaN,NaN,NaN
1485824400,1.1,1.1,1.08,1.1,1154200,NaN,NaN,NaN,NaN,NaN,NaN,NaN
1485997200,1.09,1.11,1.09,1.09,4784000,NaN,NaN,NaN,NaN,NaN,NaN,NaN
1486083600,1.1,1.11,1.09,1.1,6269900,NaN,NaN,NaN,NaN,NaN,NaN,NaN
1486342800,1.1,1.15,1.09,1.12,12636100,NaN,NaN,NaN,NaN,NaN,NaN,NaN
1486429200,1.12,1.14,1.11,1.12,6136600,NaN,NaN,NaN,NaN,NaN,NaN,NaN
1486515600,1.12,1.17,1.12,1.16,11991300,NaN,NaN,NaN,NaN,NaN,NaN,NaN
1486688400,1.16,1.18,1.15,1.16,4769700,NaN,NaN,NaN,NaN,NaN,NaN,NaN
1486947600,1.16,1.16,1.14,1.15,6309500,NaN,NaN,NaN,NaN,NaN,NaN,NaN
1487034000,1.15,1.17,1.14,1.17,6636300,NaN,NaN,NaN,NaN,NaN,NaN,NaN
1487120400,1.17,1.21,1.16,1.16,24598300,NaN,NaN,NaN,NaN,NaN,NaN,NaN
1487206800,1.16,1.17,1.15,1.16,7966800,NaN,NaN,NaN,NaN,NaN,NaN,NaN
1487293200,1.16,1.16,1.14,1.15,5647800,NaN,NaN,NaN,NaN,NaN,NaN,NaN
1487552400,1.15,1.19,1.15,1.18,10714000,NaN,NaN,NaN,NaN,NaN,NaN,NaN
1487638800,1.18,1.18,1.16,1.17,9705800,NaN,NaN,NaN,NaN,NaN,NaN,NaN
1487725200,1.17,1.18,1.16,1.17,6055500,NaN,NaN,NaN,NaN,NaN,NaN,NaN
1487811600,1.17,1.17,1.15,1.16,3691200,NaN,NaN,NaN,NaN,NaN,NaN,NaN
1487898000,1.16,1.16,1.13,1.14,4940300,NaN,NaN,NaN,NaN,NaN,NaN,NaN
1488157200,1.14,1.16,1.13,1.15,5011800,NaN,NaN,NaN,NaN,NaN,NaN,NaN
1488243600,1.14,1.14,1.1,1.14,10922400,NaN,NaN,NaN,NaN,NaN,NaN,NaN
1488330000,1.14,1.14,1.12,1.13,3203800,NaN,NaN,NaN,NaN,NaN,NaN,NaN
1488416400,1.14,1.16,1.13,1.14,5513300,NaN,NaN,NaN,NaN,NaN,NaN,NaN
1488502800,1.14,1.2,1.14,1.16,16426100,NaN,NaN,NaN,NaN,NaN,NaN,NaN
1488762000,1.17,1.19,1.16,1.18,11421500,NaN,NaN,NaN,NaN,NaN,NaN,NaN
1488848400,1.19,1.24,1.18,1.23,33445000,NaN,NaN,NaN,NaN,NaN,NaN,NaN
1488934800,1.23,1.23,1.19,1.21,9721900,NaN,NaN,NaN,NaN,NaN,NaN,NaN
1489021200,1.2,1.2,1.17,1.19,6570200,NaN,NaN,NaN,NaN,NaN,NaN,NaN
1489107600,1.19,1.24,1.18,1.19,44979600,NaN,NaN,NaN,NaN,NaN,NaN,NaN
1489366800,1.2,1.26,1.2,1.23,34760000,NaN,NaN,NaN,NaN,NaN,NaN,NaN
1489453200,1.24,1.25,1.21,1.23,16386400,NaN,NaN,NaN,NaN,NaN,NaN,NaN
1489539600,1.23,1.24,1.21,1.24,5192600,NaN,NaN,NaN,NaN,NaN,NaN,NaN
1489626000,1.24,1.26,1.22,1.24,8203200,NaN,NaN,NaN,NaN,NaN,NaN,NaN
1489712400,1.23,1.26,1.23,1.24,9832300,NaN,NaN,NaN,NaN,NaN,NaN,NaN
1489971600,1.25,1.27,1.24,1.26,12819100,NaN,NaN,NaN,NaN,NaN,NaN,NaN
1490058000,1.26,1.32,1.25,1.3,32951600,NaN,NaN,NaN,NaN,NaN,NaN,NaN
1490144400,1.28,1.3,1.27,1.29,9768200,NaN,NaN,NaN,NaN,NaN,NaN,NaN
1490230800,1.29,1.31,1.29,1.3,10974700,NaN,NaN,NaN,NaN,NaN,NaN,NaN
1490317200,1.3,1.3,1.27,1.28,2589900,NaN,NaN,NaN,NaN,NaN,NaN,NaN
1490576400,1.28,1.29,1.25,1.25,5415700,NaN,NaN,NaN,NaN,NaN,NaN,NaN
1490662800,1.26,1.28,1.26,1.28,4090700,NaN,NaN,NaN,NaN,NaN,NaN,NaN
1490749200,1.28,1.29,1.25,1.28,7785400,NaN,NaN,NaN,NaN,NaN,NaN,NaN
1490835600,1.28,1.28,1.25,1.25,5135800,NaN,NaN,NaN,NaN,NaN,NaN,NaN
1490922000,1.25,1.28,1.25,1.27,5728500,NaN,NaN,NaN,NaN,NaN,NaN,NaN
1491181200,1.27,1.29,1.27,1.27,3066300,NaN,NaN,NaN,NaN,NaN,NaN,NaN
1491267600,1.28,1.29,1.27,1.29,4360200,NaN,NaN,NaN,NaN,NaN,NaN,NaN
1491354000,1.29,1.34,1.28,1.32,12332300,NaN,NaN,NaN,NaN,NaN,NaN,NaN
1491440400,1.33,1.34,1.28,1.29,7012100,NaN,NaN,NaN,NaN,NaN,NaN,NaN
1491526800,1.29,1.29,1.25,1.26,8069500,NaN,NaN,NaN,NaN,NaN,NaN,NaN
1491786000,1.26,1.26,1.23,1.25,4542900,NaN,NaN,NaN,NaN,NaN,NaN,NaN
1491872400,1.24,1.25,1.21,1.23,7053400,NaN,NaN,NaN,NaN,NaN,NaN,NaN
1491958800,1.24,1.25,1.22,1.25,3443800,NaN,NaN,NaN,NaN,NaN,NaN,NaN
1492045200,1.24,1.24,1.21,1.22,4474100,NaN,NaN,NaN,NaN,NaN,NaN,NaN
1492131600,1.21,1.22,1.17,1.19,8249800,NaN,NaN,NaN,NaN,NaN,NaN,NaN
1492390800,1.18,1.22,1.18,1.2,6253000,NaN,NaN,NaN,NaN,NaN,NaN,NaN
1492477200,1.21,1.24,1.2,1.24,7535200,NaN,NaN,NaN,NaN,NaN,NaN,NaN
1492563600,1.23,1.24,1.21,1.23,2104700,NaN,NaN,NaN,NaN,NaN,NaN,NaN
1492650000,1.22,1.25,1.22,1.24,5329100,NaN,NaN,NaN,NaN,NaN,NaN,NaN
1492736400,1.23,1.27,1.23,1.24,6172000,NaN,NaN,NaN,NaN,NaN,NaN,NaN
1493082000,1.25,1.27,1.24,1.26,3732700,NaN,NaN,NaN,NaN,NaN,NaN,NaN
1493168400,1.27,1.27,1.25,1.26,1457800,NaN,NaN,NaN,NaN,NaN,NaN,NaN
1493254800,1.26,1.26,1.24,1.25,922500,NaN,NaN,NaN,NaN,NaN,NaN,NaN
1493341200,1.25,1.25,1.23,1.24,1412600,NaN,NaN,NaN,NaN,NaN,NaN,NaN
1493686800,1.24,1.3,1.24,1.29,7408300,NaN,NaN,NaN,NaN,NaN,NaN,NaN
1493773200,1.29,1.3,1.27,1.28,1986400,NaN,NaN,NaN,NaN,NaN,NaN,NaN
1493859600,1.27,1.28,1.24,1.25,3276400,NaN,NaN,NaN,NaN,NaN,NaN,NaN
1493946000,1.25,1.27,1.24,1.26,1590100,NaN,NaN,NaN,NaN,NaN,NaN,NaN
1494205200,1.26,1.33,1.26,1.28,15316600,NaN,NaN,NaN,NaN,NaN,NaN,NaN
1494291600,1.29,1.29,1.26,1.27,2791300,NaN,NaN,NaN,NaN,NaN,NaN,NaN
1494464400,1.28,1.32,1.27,1.28,6800600,NaN,NaN,NaN,NaN,NaN,NaN,NaN
1494550800,1.28,1.29,1.27,1.28,2536500,NaN,NaN,NaN,NaN,NaN,NaN,NaN
1494810000,1.28,1.29,1.27,1.28,1320800,NaN,NaN,NaN,NaN,NaN,NaN,NaN
1494896400,1.28,1.29,1.27,1.29,1464400,NaN,NaN,NaN,NaN,NaN,NaN,NaN
1494982800,1.28,1.29,1.26,1.29,2628300,NaN,NaN,NaN,NaN,NaN,NaN,NaN
1495069200,1.3,1.36,1.28,1.29,43685700,NaN,NaN,NaN,NaN,NaN,NaN,NaN
1495155600,1.29,1.33,1.28,1.32,11944600,NaN,NaN,NaN,NaN,NaN,NaN,NaN
1495414800,1.32,1.32,1.29,1.3,4200600,NaN,NaN,NaN,NaN,NaN,NaN,NaN
1495501200,1.3,1.31,1.26,1.26,7172300,NaN,NaN,NaN,NaN,NaN,NaN,NaN
1495587600,1.26,1.29,1.26,1.27,6934300,NaN,NaN,NaN,NaN,NaN,NaN,NaN
1495674000,1.27,1.29,1.26,1.28,3493500,NaN,NaN,NaN,NaN,NaN,NaN,NaN
1495760400,1.28,1.28,1.24,1.25,3930100,NaN,NaN,NaN,NaN,NaN,NaN,NaN
1496019600,1.26,1.26,1.24,1.24,4509200,NaN,NaN,NaN,NaN,NaN,NaN,NaN
1496106000,1.24,1.24,1.19,1.21,8386200,NaN,NaN,NaN,NaN,NaN,NaN,NaN
1496192400,1.21,1.26,1.2,1.26,4041000,NaN,NaN,NaN,NaN,NaN,NaN,NaN
1496278800,1.24,1.26,1.23,1.24,1539600,NaN,NaN,NaN,NaN,NaN,NaN,NaN
1496365200,1.25,1.27,1.25,1.26,2850300,NaN,NaN,NaN,NaN,NaN,NaN,NaN
1496624400,1.26,1.31,1.26,1.31,10378500,NaN,NaN,NaN,NaN,NaN,NaN,NaN
1496710800,1.31,1.31,1.26,1.28,3908400,NaN,NaN,NaN,NaN,NaN,NaN,NaN
1496797200,1.27,1.29,1.26,1.28,1453200,NaN,NaN,NaN,NaN,NaN,NaN,NaN
1496883600,1.28,1.29,1.27,1.28,2622300,NaN,NaN,NaN,NaN,NaN,NaN,NaN
1496970000,1.28,1.29,1.27,1.29,2121500,NaN,NaN,NaN,NaN,NaN,NaN,NaN
1497315600,1.29,1.29,1.26,1.27,2223900,NaN,NaN,NaN,NaN,NaN,NaN,NaN
1497402000,1.28,1.29,1.27,1.27,702600,NaN,NaN,NaN,NaN,NaN,NaN,NaN
1497488400,1.28,1.29,1.27,1.27,2489700,NaN,NaN,NaN,NaN,NaN,NaN,NaN
1497574800,1.27,1.27,1.22,1.22,3502800,NaN,NaN,NaN,NaN,NaN,NaN,NaN
1497834000,1.24,1.25,1.23,1.24,2377500,NaN,NaN,NaN,NaN,NaN,NaN,NaN
1497920400,1.26,1.26,1.24,1.24,1148300,NaN,NaN,NaN,NaN,NaN,NaN,NaN
1498006800,1.24,1.24,1.2,1.2,9744600,NaN,NaN,NaN,NaN,NaN,NaN,NaN
1498093200,1.2,1.24,1.2,1.22,5224300,NaN,NaN,NaN,NaN,NaN,NaN,NaN
1498179600,1.23,1.23,1.22,1.22,4458800,NaN,NaN,NaN,NaN,NaN,NaN,NaN
1498611600,1.23,1.23,1.19,1.2,6696100,NaN,NaN,NaN,NaN,NaN,NaN,NaN
1498698000,1.2,1.21,1.19,1.2,6631800,NaN,NaN,NaN,NaN,NaN,NaN,NaN
1498784400,1.2,1.21,1.19,1.2,1316500,NaN,NaN,NaN,NaN,NaN,NaN,NaN
1499043600,1.21,1.23,1.21,1.22,4124600,NaN,NaN,NaN,NaN,NaN,NaN,NaN
1499130000,1.22,1.23,1.2,1.2,5281200,NaN,NaN,NaN,NaN,NaN,NaN,NaN
1499216400,1.21,1.22,1.19,1.22,3513600,NaN,NaN,NaN,NaN,NaN,NaN,NaN
1499302800,1.22,1.24,1.21,1.24,8038600,NaN,NaN,NaN,NaN,NaN,NaN,NaN
1499389200,1.24,1.24,1.21,1.21,1854100,NaN,NaN,NaN,NaN,NaN,NaN,NaN
1499648400,1.22,1.23,1.21,1.22,2714400,NaN,NaN,NaN,NaN,NaN,NaN,NaN
1499734800,1.23,1.23,1.2,1.2,3806700,NaN,NaN,NaN,NaN,NaN,NaN,NaN
1499821200,1.2,1.21,1.17,1.2,5145600,NaN,NaN,NaN,NaN,NaN,NaN,NaN
1499907600,1.2,1.22,1.2,1.22,1219500,NaN,NaN,NaN,NaN,NaN,NaN,NaN
1499994000,1.21,1.22,1.2,1.22,1956400,NaN,NaN,NaN,NaN,NaN,NaN,NaN
1500253200,1.21,1.23,1.21,1.22,1528900,NaN,NaN,NaN,NaN,NaN,NaN,NaN
1500339600,1.21,1.23,1.21,1.23,1327300,NaN,NaN,NaN,NaN,NaN,NaN,NaN
1500426000,1.22,1.24,1.22,1.22,1848800,NaN,NaN,NaN,NaN,NaN,NaN,NaN
1500512400,1.23,1.23,1.21,1.23,705300,NaN,NaN,NaN,NaN,NaN,NaN,NaN
1500598800,1.23,1.23,1.22,1.22,1431200,NaN,NaN,NaN,NaN,NaN,NaN,NaN
1500858000,1.23,1.23,1.21,1.22,1781000,NaN,NaN,NaN,NaN,NaN,NaN,NaN
1500944400,1.22,1.22,1.19,1.2,1323100,NaN,NaN,NaN,NaN,NaN,NaN,NaN
1501030800,1.2,1.21,1.19,1.2,1358800,NaN,NaN,NaN,NaN,NaN,NaN,NaN
1501117200,1.2,1.21,1.16,1.18,7364100,NaN,NaN,NaN,NaN,NaN,NaN,NaN
1501203600,1.18,1.18,1.17,1.17,933100,NaN,NaN,NaN,NaN,NaN,NaN,NaN
1501462800,1.17,1.18,1.12,1.15,3945700,NaN,NaN,NaN,NaN,NaN,NaN,NaN
1501549200,1.14,1.15,1.13,1.15,2084500,NaN,NaN,NaN,NaN,NaN,NaN,NaN
1501635600,1.15,1.15,1.12,1.14,2508800,NaN,NaN,NaN,NaN,NaN,NaN,NaN
1501722000,1.14,1.16,1.14,1.16,1105700,NaN,NaN,NaN,NaN,NaN,NaN,NaN
1501808400,1.15,1.17,1.14,1.15,1171100,NaN,NaN,NaN,NaN,NaN,NaN,NaN
1502067600,1.15,1.19,1.15,1.17,2131200,NaN,NaN,NaN,NaN,NaN,NaN,NaN
1502154000,1.19,1.19,1.15,1.17,1379200,NaN,NaN,NaN,NaN,NaN,NaN,NaN
1502240400,1.17,1.18,1.15,1.15,796100,NaN,NaN,NaN,NaN,NaN,NaN,NaN
1502326800,1.16,1.16,1.1,1.12,8112400,NaN,NaN,NaN,NaN,NaN,NaN,NaN
1502413200,1.1,1.11,1.09,1.11,2346800,NaN,NaN,NaN,NaN,NaN,NaN,NaN
1502672400,1.11,1.13,1.1,1.12,3367700,NaN,NaN,NaN,NaN,NaN,NaN,NaN
1502758800,1.14,1.14,1.12,1.13,3202200,NaN,NaN,NaN,NaN,NaN,NaN,NaN
1502845200,1.14,1.15,1.13,1.14,3668800,NaN,NaN,NaN,NaN,NaN,NaN,NaN
1502931600,1.14,1.15,1.13,1.13,371600,NaN,NaN,NaN,NaN,NaN,NaN,NaN
1503018000,1.12,1.14,1.12,1.13,632800,NaN,NaN,NaN,NaN,NaN,NaN,NaN
1503277200,1.13,1.15,1.12,1.12,2078300,NaN,NaN,NaN,NaN,NaN,NaN,NaN
1503363600,1.12,1.14,1.11,1.12,2106100,NaN,NaN,NaN,NaN,NaN,NaN,NaN
1503450000,1.12,1.21,1.12,1.19,11482800,NaN,NaN,NaN,NaN,NaN,NaN,NaN
1503536400,1.19,1.2,1.15,1.16,4929400,NaN,NaN,NaN,NaN,NaN,NaN,NaN
1503622800,1.17,1.18,1.17,1.18,1497200,NaN,NaN,NaN,NaN,NaN,NaN,NaN
1503882000,1.18,1.19,1.17,1.19,1646700,NaN,NaN,NaN,NaN,NaN,NaN,NaN
1503968400,1.18,1.19,1.16,1.16,1286500,NaN,NaN,NaN,NaN,NaN,NaN,NaN
1504054800,1.16,1.18,1.15,1.15,717500,NaN,NaN,NaN,NaN,NaN,NaN,NaN
1504573200,1.16,1.17,1.15,1.16,797700,NaN,NaN,NaN,NaN,NaN,NaN,NaN
1504659600,1.16,1.16,1.15,1.15,1000300,NaN,NaN,NaN,NaN,NaN,NaN,NaN
1504746000,1.15,1.2,1.15,1.19,2244200,NaN,NaN,NaN,NaN,NaN,NaN,NaN
1504832400,1.2,1.2,1.17,1.18,539300,NaN,NaN,NaN,NaN,NaN,NaN,NaN
1505091600,1.17,1.21,1.17,1.2,2170400,NaN,NaN,NaN,NaN,NaN,NaN,NaN
1505178000,1.2,1.21,1.18,1.19,1475500,NaN,NaN,NaN,NaN,NaN,NaN,NaN
1505264400,1.19,1.2,1.18,1.19,740400,NaN,NaN,NaN,NaN,NaN,NaN,NaN
1505350800,1.18,1.19,1.17,1.17,818300,NaN,NaN,NaN,NaN,NaN,NaN,NaN
1505437200,1.18,1.21,1.17,1.21,1674500,NaN,NaN,NaN,NaN,NaN,NaN,NaN
1505696400,1.21,1.21,1.18,1.19,1178700,NaN,NaN,NaN,NaN,NaN,NaN,NaN
1505782800,1.18,1.19,1.18,1.18,270100,NaN,NaN,NaN,NaN,NaN,NaN,NaN
1505869200,1.18,1.18,1.16,1.17,1076000,NaN,NaN,NaN,NaN,NaN,NaN,NaN
1505955600,1.17,1.18,1.15,1.16,707000,NaN,NaN,NaN,NaN,NaN,NaN,NaN
1506301200,1.16,1.17,1.15,1.15,641600,NaN,NaN,NaN,NaN,NaN,NaN,NaN
1506387600,1.14,1.15,1.13,1.13,1245800,NaN,NaN,NaN,NaN,NaN,NaN,NaN
1506474000,1.13,1.14,1.12,1.12,605500,NaN,NaN,NaN,NaN,NaN,NaN,NaN
1506560400,1.13,1.14,1.12,1.13,718600,NaN,NaN,NaN,NaN,NaN,NaN,NaN
1506646800,1.14,1.16,1.13,1.14,3333800,4537436037,14107814000,6642935000,205323000,846100000,7101756000,0
1506906000,1.13,1.14,1.11,1.12,4831500,NaN,NaN,NaN,NaN,NaN,NaN,NaN
1506992400,1.12,1.12,1.11,1.11,1543300,NaN,NaN,NaN,NaN,NaN,NaN,NaN
1507078800,1.11,1.13,1.11,1.11,4619600,NaN,NaN,NaN,NaN,NaN,NaN,NaN
1507165200,1.11,1.11,1.1,1.1,2641300,NaN,NaN,NaN,NaN,NaN,NaN,NaN
1507251600,1.11,1.12,1.1,1.1,3680400,NaN,NaN,NaN,NaN,NaN,NaN,NaN
1507510800,1.1,1.13,1.1,1.11,7643600,NaN,NaN,NaN,NaN,NaN,NaN,NaN
1507597200,1.12,1.12,1.1,1.1,1932600,NaN,NaN,NaN,NaN,NaN,NaN,NaN
1507683600,1.11,1.11,1.1,1.11,3570700,NaN,NaN,NaN,NaN,NaN,NaN,NaN
1507770000,1.11,1.12,1.1,1.11,2876500,NaN,NaN,NaN,NaN,NaN,NaN,NaN
1507856400,1.11,1.11,1.09,1.09,3658500,NaN,NaN,NaN,NaN,NaN,NaN,NaN
1508115600,1.1,1.11,1.1,1.1,2294100,NaN,NaN,NaN,NaN,NaN,NaN,NaN
1508202000,1.1,1.11,1.1,1.1,2226600,NaN,NaN,NaN,NaN,NaN,NaN,NaN
1508374800,1.11,1.11,1.1,1.1,1114800,NaN,NaN,NaN,NaN,NaN,NaN,NaN
1508461200,1.11,1.11,1.1,1.1,4242300,NaN,NaN,NaN,NaN,NaN,NaN,NaN
1508720400,1.1,1.11,1.09,1.09,1163600,NaN,NaN,NaN,NaN,NaN,NaN,NaN
1508806800,1.09,1.1,1.09,1.09,922700,NaN,NaN,NaN,NaN,NaN,NaN,NaN
1508893200,1.1,1.1,1.09,1.1,261400,NaN,NaN,NaN,NaN,NaN,NaN,NaN
1508979600,1.1,1.11,1.09,1.09,5039700,NaN,NaN,NaN,NaN,NaN,NaN,NaN
1509066000,1.09,1.13,1.08,1.11,4210300,NaN,NaN,NaN,NaN,NaN,NaN,NaN
1509325200,1.12,1.14,1.09,1.12,11935600,NaN,NaN,NaN,NaN,NaN,NaN,NaN
1509411600,1.13,1.13,1.11,1.11,3547300,NaN,NaN,NaN,NaN,NaN,NaN,NaN
1509498000,1.12,1.13,1.11,1.12,3103600,NaN,NaN,NaN,NaN,NaN,NaN,NaN
1509584400,1.12,1.12,1.11,1.11,1079000,NaN,NaN,NaN,NaN,NaN,NaN,NaN
1509670800,1.1,1.11,1.08,1.1,8854700,NaN,NaN,NaN,NaN,NaN,NaN,NaN
1509930000,1.1,1.11,1.09,1.09,3605400,NaN,NaN,NaN,NaN,NaN,NaN,NaN
1510016400,1.09,1.1,1.08,1.08,2553300,NaN,NaN,NaN,NaN,NaN,NaN,NaN
1510102800,1.09,1.1,1.08,1.08,1185400,NaN,NaN,NaN,NaN,NaN,NaN,NaN
1510189200,1.09,1.11,1.08,1.09,4493400,NaN,NaN,NaN,NaN,NaN,NaN,NaN
1510275600,1.09,1.09,1.08,1.08,4488800,NaN,NaN,NaN,NaN,NaN,NaN,NaN
1510534800,1.09,1.09,1.07,1.07,2035500,NaN,NaN,NaN,NaN,NaN,NaN,NaN
1510621200,1.08,1.08,1.07,1.08,631300,NaN,NaN,NaN,NaN,NaN,NaN,NaN
1510707600,1.08,1.08,1.06,1.06,1749100,NaN,NaN,NaN,NaN,NaN,NaN,NaN
1510794000,1.06,1.06,1.04,1.05,1893200,NaN,NaN,NaN,NaN,NaN,NaN,NaN
1510880400,1.05,1.06,1.05,1.05,811500,NaN,NaN,NaN,NaN,NaN,NaN,NaN
1511139600,1.05,1.06,1.04,1.06,996300,NaN,NaN,NaN,NaN,NaN,NaN,NaN
1511226000,1.08,1.09,1.05,1.06,10736800,NaN,NaN,NaN,NaN,NaN,NaN,NaN
1511312400,1.06,1.06,1.05,1.06,1319400,NaN,NaN,NaN,NaN,NaN,NaN,NaN
1511398800,1.05,1.06,1.05,1.06,288100,NaN,NaN,NaN,NaN,NaN,NaN,NaN
1511485200,1.05,1.06,1.04,1.06,1376400,NaN,NaN,NaN,NaN,NaN,NaN,NaN
1511744400,1.06,1.06,1.03,1.03,2241000,NaN,NaN,NaN,NaN,NaN,NaN,NaN
1511830800,1.03,1.03,1.01,1.01,2505900,NaN,NaN,NaN,NaN,NaN,NaN,NaN
1511917200,1.01,1.04,1.01,1.03,5625500,NaN,NaN,NaN,NaN,NaN,NaN,NaN
1512003600,1.02,1.05,1.02,1.05,2416500,NaN,NaN,NaN,NaN,NaN,NaN,NaN
1512349200,1.06,1.06,1.02,1.03,1398100,NaN,NaN,NaN,NaN,NaN,NaN,NaN
1512435600,1.03,1.05,1.02,1.05,1008000,NaN,NaN,NaN,NaN,NaN,NaN,NaN
1512522000,1.03,1.04,1.02,1.02,3563200,NaN,NaN,NaN,NaN,NaN,NaN,NaN
1512608400,1.01,1.04,1.01,1.03,4530800,NaN,NaN,NaN,NaN,NaN,NaN,NaN
1512694800,1.03,1.03,1.01,1.02,4386900,NaN,NaN,NaN,NaN,NaN,NaN,NaN
1512954000,1.02,1.03,1.01,1.01,1154500,NaN,NaN,NaN,NaN,NaN,NaN,NaN
1513040400,1.01,1.02,1.01,1.01,1789800,NaN,NaN,NaN,NaN,NaN,NaN,NaN
1513126800,1.02,1.06,1.01,1.04,10828600,NaN,NaN,NaN,NaN,NaN,NaN,NaN
1513213200,1.05,1.08,1.05,1.08,2644500,NaN,NaN,NaN,NaN,NaN,NaN,NaN
1513299600,1.08,1.1,1.07,1.1,4053200,NaN,NaN,NaN,NaN,NaN,NaN,NaN
1513558800,1.09,1.1,1.06,1.08,769200,NaN,NaN,NaN,NaN,NaN,NaN,NaN
1513645200,1.08,1.09,1.05,1.05,739200,NaN,NaN,NaN,NaN,NaN,NaN,NaN
1513731600,1.06,1.08,1.03,1.05,1676100,NaN,NaN,NaN,NaN,NaN,NaN,NaN
1513818000,1.05,1.06,1.03,1.03,1197200,NaN,NaN,NaN,NaN,NaN,NaN,NaN
1513904400,1.04,1.05,1.03,1.05,302900,NaN,NaN,NaN,NaN,NaN,NaN,NaN
1514250000,1.05,1.06,1.04,1.05,1753000,NaN,NaN,NaN,NaN,NaN,NaN,NaN
1514336400,1.05,1.06,1.05,1.06,854400,NaN,NaN,NaN,NaN,NaN,NaN,NaN
1514422800,1.06,1.06,1.04,1.05,1072000,NaN,NaN,NaN,NaN,NaN,NaN,NaN
1514509200,1.04,1.05,1.04,1.04,737700,4537436037,13646251000,6380893000,-53244000,303271000,6902231000,0.961538461538462
1514854800,1.05,1.11,1.04,1.1,5651200,NaN,NaN,NaN,NaN,NaN,NaN,NaN
1514941200,1.11,1.18,1.11,1.17,10855300,NaN,NaN,NaN,NaN,NaN,NaN,NaN
1515027600,1.17,1.18,1.15,1.17,2814200,NaN,NaN,NaN,NaN,NaN,NaN,NaN
1515114000,1.18,1.21,1.17,1.18,7657300,NaN,NaN,NaN,NaN,NaN,NaN,NaN
1515373200,1.18,1.21,1.18,1.2,6923300,NaN,NaN,NaN,NaN,NaN,NaN,NaN
1515459600,1.2,1.21,1.16,1.17,6428000,NaN,NaN,NaN,NaN,NaN,NaN,NaN
1515546000,1.18,1.19,1.17,1.18,3907400,NaN,NaN,NaN,NaN,NaN,NaN,NaN
1515632400,1.18,1.18,1.12,1.14,5400400,NaN,NaN,NaN,NaN,NaN,NaN,NaN
1515718800,1.15,1.17,1.13,1.16,5252300,NaN,NaN,NaN,NaN,NaN,NaN,NaN
1515978000,1.17,1.2,1.16,1.16,6698900,NaN,NaN,NaN,NaN,NaN,NaN,NaN
1516064400,1.17,1.18,1.14,1.16,1528200,NaN,NaN,NaN,NaN,NaN,NaN,NaN
1516150800,1.15,1.16,1.14,1.15,1744900,NaN,NaN,NaN,NaN,NaN,NaN,NaN
1516237200,1.17,1.17,1.13,1.17,2557600,NaN,NaN,NaN,NaN,NaN,NaN,NaN
1516323600,1.16,1.17,1.15,1.17,2044500,NaN,NaN,NaN,NaN,NaN,NaN,NaN
1516582800,1.17,1.2,1.16,1.18,4063200,NaN,NaN,NaN,NaN,NaN,NaN,NaN
1516669200,1.18,1.21,1.17,1.2,3943900,NaN,NaN,NaN,NaN,NaN,NaN,NaN
1516755600,1.19,1.26,1.19,1.21,11549000,NaN,NaN,NaN,NaN,NaN,NaN,NaN
1516842000,1.21,1.22,1.19,1.19,3762300,NaN,NaN,NaN,NaN,NaN,NaN,NaN
1516928400,1.19,1.21,1.16,1.16,2774900,NaN,NaN,NaN,NaN,NaN,NaN,NaN
1517187600,1.16,1.17,1.13,1.16,4610000,NaN,NaN,NaN,NaN,NaN,NaN,NaN
1517274000,1.16,1.16,1.12,1.13,3543500,NaN,NaN,NaN,NaN,NaN,NaN,NaN
1517533200,1.13,1.15,1.12,1.13,5137400,NaN,NaN,NaN,NaN,NaN,NaN,NaN
1517792400,1.11,1.13,1.1,1.13,3938800,NaN,NaN,NaN,NaN,NaN,NaN,NaN
1517878800,1.09,1.09,1.06,1.09,4786400,NaN,NaN,NaN,NaN,NaN,NaN,NaN
1517965200,1.1,1.12,1.06,1.08,2568600,NaN,NaN,NaN,NaN,NaN,NaN,NaN
1518051600,1.08,1.11,1.08,1.1,2375000,NaN,NaN,NaN,NaN,NaN,NaN,NaN
1518138000,1.06,1.14,1.05,1.12,4916200,NaN,NaN,NaN,NaN,NaN,NaN,NaN
1518397200,1.12,1.13,1.08,1.09,1678300,NaN,NaN,NaN,NaN,NaN,NaN,NaN
1518483600,1.1,1.11,1.08,1.08,816300,NaN,NaN,NaN,NaN,NaN,NaN,NaN
1518570000,1.08,1.1,1.08,1.1,2218400,NaN,NaN,NaN,NaN,NaN,NaN,NaN
1518656400,1.1,1.1,1.09,1.09,227700,NaN,NaN,NaN,NaN,NaN,NaN,NaN
1519002000,1.11,1.12,1.1,1.12,1088200,NaN,NaN,NaN,NaN,NaN,NaN,NaN
1519088400,1.11,1.13,1.11,1.12,986600,NaN,NaN,NaN,NaN,NaN,NaN,NaN
1519174800,1.12,1.16,1.12,1.15,4222200,NaN,NaN,NaN,NaN,NaN,NaN,NaN
1519261200,1.15,1.16,1.14,1.14,951100,NaN,NaN,NaN,NaN,NaN,NaN,NaN
1519347600,1.15,1.16,1.13,1.15,564900,NaN,NaN,NaN,NaN,NaN,NaN,NaN
1519606800,1.15,1.15,1.12,1.12,527700,NaN,NaN,NaN,NaN,NaN,NaN,NaN
1519693200,1.12,1.14,1.11,1.13,671100,NaN,NaN,NaN,NaN,NaN,NaN,NaN
1519779600,1.12,1.12,1.08,1.09,2076700,NaN,NaN,NaN,NaN,NaN,NaN,NaN
1519866000,1.08,1.09,1.07,1.08,2191400,NaN,NaN,NaN,NaN,NaN,NaN,NaN
1519952400,1.07,1.09,1.07,1.08,2065000,NaN,NaN,NaN,NaN,NaN,NaN,NaN
1520211600,1.09,1.09,1.01,1.03,5124700,NaN,NaN,NaN,NaN,NaN,NaN,NaN
1520298000,1.04,1.05,1.03,1.04,3361600,NaN,NaN,NaN,NaN,NaN,NaN,NaN
1520384400,1.04,1.04,0.975,0.985,5233000,NaN,NaN,NaN,NaN,NaN,NaN,NaN
1520470800,0.985,1.01,0.985,0.995,2962500,NaN,NaN,NaN,NaN,NaN,NaN,NaN
1520557200,1,1.01,0.97,0.975,2286100,NaN,NaN,NaN,NaN,NaN,NaN,NaN
1520816400,0.985,1.02,0.985,1,1792300,NaN,NaN,NaN,NaN,NaN,NaN,NaN
1520902800,0.995,1,0.98,0.995,2080000,NaN,NaN,NaN,NaN,NaN,NaN,NaN
1520989200,0.985,1,0.985,1,1578400,NaN,NaN,NaN,NaN,NaN,NaN,NaN
1521075600,0.995,1.01,0.985,1,3870400,NaN,NaN,NaN,NaN,NaN,NaN,NaN
1521162000,1.01,1.03,0.99,1,3738100,NaN,NaN,NaN,NaN,NaN,NaN,NaN
1521421200,1,1.01,0.995,0.995,522900,NaN,NaN,NaN,NaN,NaN,NaN,NaN
1521507600,0.995,1.01,0.985,1,1570000,NaN,NaN,NaN,NaN,NaN,NaN,NaN
1521594000,0.995,1,0.985,0.985,2519900,NaN,NaN,NaN,NaN,NaN,NaN,NaN
1521680400,0.985,1,0.985,1,1319200,NaN,NaN,NaN,NaN,NaN,NaN,NaN
1521766800,0.995,0.995,0.985,0.99,1345000,NaN,NaN,NaN,NaN,NaN,NaN,NaN
1522026000,0.99,1.01,0.985,0.99,1009000,NaN,NaN,NaN,NaN,NaN,NaN,NaN
1522112400,0.995,1,0.99,1,1192000,NaN,NaN,NaN,NaN,NaN,NaN,NaN
1522198800,0.99,1.01,0.975,0.975,1939500,NaN,NaN,NaN,NaN,NaN,NaN,NaN
1522285200,0.98,1.01,0.98,0.995,1756700,NaN,NaN,NaN,NaN,NaN,NaN,NaN
1522371600,0.995,1.02,0.995,1.01,2134400,4537436037,14374823000,7112812000,30665000,287741000,6899029000,0.99009900990099
1522630800,1,1.01,0.995,1,575700,NaN,NaN,NaN,NaN,NaN,NaN,NaN
1522717200,1,1.01,0.99,1.01,1120800,NaN,NaN,NaN,NaN,NaN,NaN,NaN
1522803600,1,1.02,0.945,0.945,4556700,NaN,NaN,NaN,NaN,NaN,NaN,NaN
1522890000,0.96,0.98,0.955,0.96,1300100,NaN,NaN,NaN,NaN,NaN,NaN,NaN
1522976400,0.97,0.97,0.915,0.935,5461700,NaN,NaN,NaN,NaN,NaN,NaN,NaN
1523235600,0.93,0.96,0.925,0.94,2309500,NaN,NaN,NaN,NaN,NaN,NaN,NaN
1523322000,0.935,0.98,0.935,0.98,4374500,NaN,NaN,NaN,NaN,NaN,NaN,NaN
1523408400,0.99,0.99,0.965,0.975,5843800,NaN,NaN,NaN,NaN,NaN,NaN,NaN
1523494800,0.97,0.97,0.94,0.945,3689200,NaN,NaN,NaN,NaN,NaN,NaN,NaN
1523581200,0.95,0.955,0.93,0.935,7519200,NaN,NaN,NaN,NaN,NaN,NaN,NaN
1523840400,0.945,0.96,0.935,0.945,3698700,NaN,NaN,NaN,NaN,NaN,NaN,NaN
1523926800,0.95,0.96,0.94,0.94,2782200,NaN,NaN,NaN,NaN,NaN,NaN,NaN
1524013200,0.945,0.95,0.93,0.93,2887900,NaN,NaN,NaN,NaN,NaN,NaN,NaN
1524099600,0.93,0.935,0.925,0.925,4247000,NaN,NaN,NaN,NaN,NaN,NaN,NaN
1524186000,0.925,0.93,0.915,0.92,2093100,NaN,NaN,NaN,NaN,NaN,NaN,NaN
1524445200,0.92,0.925,0.91,0.91,2032700,NaN,NaN,NaN,NaN,NaN,NaN,NaN
1524531600,0.91,0.915,0.9,0.905,1522800,NaN,NaN,NaN,NaN,NaN,NaN,NaN
1524618000,0.9,0.9,0.89,0.89,1345100,NaN,NaN,NaN,NaN,NaN,NaN,NaN
1524704400,0.89,0.905,0.89,0.905,719900,NaN,NaN,NaN,NaN,NaN,NaN,NaN
1524790800,0.91,0.915,0.9,0.905,587600,NaN,NaN,NaN,NaN,NaN,NaN,NaN
1525050000,0.91,0.925,0.905,0.925,1184400,NaN,NaN,NaN,NaN,NaN,NaN,NaN
1525222800,0.925,0.925,0.905,0.925,722800,NaN,NaN,NaN,NaN,NaN,NaN,NaN
1525309200,0.915,0.915,0.895,0.9,1570100,NaN,NaN,NaN,NaN,NaN,NaN,NaN
1525395600,0.9,0.91,0.895,0.9,851700,NaN,NaN,NaN,NaN,NaN,NaN,NaN
1525654800,0.9,0.9,0.885,0.89,1238800,NaN,NaN,NaN,NaN,NaN,NaN,NaN
1525741200,0.89,0.92,0.89,0.9,5285600,NaN,NaN,NaN,NaN,NaN,NaN,NaN
1526259600,0.89,0.89,0.81,0.84,6881400,NaN,NaN,NaN,NaN,NaN,NaN,NaN
1526346000,0.84,0.855,0.83,0.845,1133000,NaN,NaN,NaN,NaN,NaN,NaN,NaN
1526432400,0.845,0.855,0.84,0.84,918300,NaN,NaN,NaN,NaN,NaN,NaN,NaN
1526518800,0.85,0.87,0.84,0.85,1971100,NaN,NaN,NaN,NaN,NaN,NaN,NaN
1526605200,0.855,0.855,0.825,0.83,1800000,NaN,NaN,NaN,NaN,NaN,NaN,NaN
1526864400,0.83,0.84,0.83,0.84,1926400,NaN,NaN,NaN,NaN,NaN,NaN,NaN
1526950800,0.84,0.855,0.84,0.85,851700,NaN,NaN,NaN,NaN,NaN,NaN,NaN
1527037200,0.855,0.855,0.84,0.845,678100,NaN,NaN,NaN,NaN,NaN,NaN,NaN
1527123600,0.845,0.85,0.83,0.845,586500,NaN,NaN,NaN,NaN,NaN,NaN,NaN
1527210000,0.835,0.85,0.835,0.84,1227600,NaN,NaN,NaN,NaN,NaN,NaN,NaN
1527469200,0.845,0.845,0.83,0.835,1701900,NaN,NaN,NaN,NaN,NaN,NaN,NaN
1527642000,0.815,0.82,0.72,0.73,4185500,NaN,NaN,NaN,NaN,NaN,NaN,NaN
1527728400,0.735,0.75,0.72,0.72,3780600,NaN,NaN,NaN,NaN,NaN,NaN,NaN
1527814800,0.72,0.73,0.715,0.725,2966200,NaN,NaN,NaN,NaN,NaN,NaN,NaN
1528074000,0.72,0.725,0.71,0.71,1148400,NaN,NaN,NaN,NaN,NaN,NaN,NaN
1528160400,0.715,0.715,0.695,0.695,1866800,NaN,NaN,NaN,NaN,NaN,NaN,NaN
1528246800,0.7,0.73,0.69,0.73,4342200,NaN,NaN,NaN,NaN,NaN,NaN,NaN
1528333200,0.74,0.78,0.735,0.735,4848100,NaN,NaN,NaN,NaN,NaN,NaN,NaN
1528419600,0.74,0.75,0.725,0.73,1840100,NaN,NaN,NaN,NaN,NaN,NaN,NaN
1528678800,0.73,0.745,0.73,0.74,697400,NaN,NaN,NaN,NaN,NaN,NaN,NaN
1528765200,0.74,0.74,0.725,0.735,534600,NaN,NaN,NaN,NaN,NaN,NaN,NaN
1528851600,0.73,0.73,0.715,0.72,829900,NaN,NaN,NaN,NaN,NaN,NaN,NaN
1528938000,0.72,0.75,0.72,0.75,650000,NaN,NaN,NaN,NaN,NaN,NaN,NaN
1529283600,0.745,0.745,0.715,0.72,866300,NaN,NaN,NaN,NaN,NaN,NaN,NaN
1529370000,0.72,0.73,0.71,0.715,424200,NaN,NaN,NaN,NaN,NaN,NaN,NaN
1529456400,0.72,0.72,0.71,0.72,589500,NaN,NaN,NaN,NaN,NaN,NaN,NaN
1529542800,0.715,0.72,0.7,0.7,496500,NaN,NaN,NaN,NaN,NaN,NaN,NaN
1529629200,0.705,0.715,0.705,0.715,643800,NaN,NaN,NaN,NaN,NaN,NaN,NaN
1529888400,0.72,0.725,0.715,0.72,525800,NaN,NaN,NaN,NaN,NaN,NaN,NaN
1529974800,0.71,0.735,0.71,0.73,552200,NaN,NaN,NaN,NaN,NaN,NaN,NaN
1530061200,0.73,0.74,0.705,0.72,509200,NaN,NaN,NaN,NaN,NaN,NaN,NaN
1530147600,0.715,0.72,0.705,0.715,136300,NaN,NaN,NaN,NaN,NaN,NaN,NaN
1530234000,0.72,0.72,0.71,0.71,168900,4537436037,14880639000,7465357000,306559000,573352000,7051855000,1.40845070422535
1530493200,0.715,0.72,0.71,0.71,101000,NaN,NaN,NaN,NaN,NaN,NaN,NaN
1530579600,0.71,0.715,0.71,0.71,395300,NaN,NaN,NaN,NaN,NaN,NaN,NaN
1530666000,0.71,0.725,0.7,0.72,392500,NaN,NaN,NaN,NaN,NaN,NaN,NaN
1530752400,0.715,0.715,0.705,0.71,570200,NaN,NaN,NaN,NaN,NaN,NaN,NaN
1530838800,0.71,0.715,0.71,0.71,91900,NaN,NaN,NaN,NaN,NaN,NaN,NaN
1531098000,0.71,0.72,0.71,0.71,398300,NaN,NaN,NaN,NaN,NaN,NaN,NaN
1531184400,0.72,0.72,0.71,0.71,224600,NaN,NaN,NaN,NaN,NaN,NaN,NaN
1531270800,0.71,0.72,0.71,0.71,175600,NaN,NaN,NaN,NaN,NaN,NaN,NaN
1531357200,0.705,0.74,0.705,0.74,2158700,NaN,NaN,NaN,NaN,NaN,NaN,NaN
1531443600,0.745,0.755,0.74,0.745,1898100,NaN,NaN,NaN,NaN,NaN,NaN,NaN
1531702800,0.745,0.75,0.74,0.745,682800,NaN,NaN,NaN,NaN,NaN,NaN,NaN
1531789200,0.745,0.755,0.735,0.74,545100,NaN,NaN,NaN,NaN,NaN,NaN,NaN
1531875600,0.74,0.79,0.74,0.78,1670900,NaN,NaN,NaN,NaN,NaN,NaN,NaN
1531962000,0.785,0.84,0.785,0.825,4195000,NaN,NaN,NaN,NaN,NaN,NaN,NaN
1532048400,0.825,0.87,0.82,0.87,2272500,NaN,NaN,NaN,NaN,NaN,NaN,NaN
1532307600,0.87,0.915,0.865,0.91,3951000,NaN,NaN,NaN,NaN,NaN,NaN,NaN
1532394000,0.915,0.95,0.915,0.95,6260000,NaN,NaN,NaN,NaN,NaN,NaN,NaN
1532480400,0.95,0.95,0.92,0.925,2185500,NaN,NaN,NaN,NaN,NaN,NaN,NaN
1532566800,0.935,0.935,0.895,0.9,2196700,NaN,NaN,NaN,NaN,NaN,NaN,NaN
1532653200,0.895,0.925,0.895,0.92,994000,NaN,NaN,NaN,NaN,NaN,NaN,NaN
1532912400,0.92,0.935,0.91,0.915,2563000,NaN,NaN,NaN,NaN,NaN,NaN,NaN
1532998800,0.915,0.925,0.91,0.915,1464500,NaN,NaN,NaN,NaN,NaN,NaN,NaN
1533085200,0.92,0.94,0.92,0.925,1167500,NaN,NaN,NaN,NaN,NaN,NaN,NaN
1533171600,0.925,0.925,0.915,0.92,1055900,NaN,NaN,NaN,NaN,NaN,NaN,NaN
1533258000,0.915,0.925,0.9,0.915,1096000,NaN,NaN,NaN,NaN,NaN,NaN,NaN
1533517200,0.915,0.925,0.905,0.915,574300,NaN,NaN,NaN,NaN,NaN,NaN,NaN
1533603600,0.925,0.94,0.905,0.935,1299000,NaN,NaN,NaN,NaN,NaN,NaN,NaN
1533690000,0.935,0.95,0.92,0.945,2772700,NaN,NaN,NaN,NaN,NaN,NaN,NaN
1533776400,0.95,0.985,0.95,0.975,6271500,NaN,NaN,NaN,NaN,NaN,NaN,NaN
1533862800,0.98,0.98,0.96,0.96,1075900,NaN,NaN,NaN,NaN,NaN,NaN,NaN
1534122000,0.96,0.96,0.94,0.955,2103600,NaN,NaN,NaN,NaN,NaN,NaN,NaN
1534208400,0.95,0.96,0.94,0.955,1210200,NaN,NaN,NaN,NaN,NaN,NaN,NaN
1534294800,0.95,0.96,0.945,0.95,1490000,NaN,NaN,NaN,NaN,NaN,NaN,NaN
1534381200,0.94,0.94,0.91,0.93,1084900,NaN,NaN,NaN,NaN,NaN,NaN,NaN
1534467600,0.94,0.945,0.92,0.925,665800,NaN,NaN,NaN,NaN,NaN,NaN,NaN
1534726800,0.94,0.945,0.92,0.93,626800,NaN,NaN,NaN,NaN,NaN,NaN,NaN
1534813200,0.93,0.94,0.92,0.925,624000,NaN,NaN,NaN,NaN,NaN,NaN,NaN
1534986000,0.93,0.945,0.925,0.925,790900,NaN,NaN,NaN,NaN,NaN,NaN,NaN
1535072400,0.925,0.94,0.92,0.925,682500,NaN,NaN,NaN,NaN,NaN,NaN,NaN
1535331600,0.925,0.93,0.915,0.92,882200,NaN,NaN,NaN,NaN,NaN,NaN,NaN
1535418000,0.93,0.99,0.905,0.92,5681800,NaN,NaN,NaN,NaN,NaN,NaN,NaN
1535504400,0.915,0.92,0.85,0.855,5019200,NaN,NaN,NaN,NaN,NaN,NaN,NaN
1535590800,0.855,0.9,0.855,0.9,1794400,NaN,NaN,NaN,NaN,NaN,NaN,NaN
1535936400,0.885,0.885,0.855,0.875,737500,NaN,NaN,NaN,NaN,NaN,NaN,NaN
1536022800,0.855,0.865,0.85,0.86,1371400,NaN,NaN,NaN,NaN,NaN,NaN,NaN
1536109200,0.855,0.865,0.85,0.86,1128300,NaN,NaN,NaN,NaN,NaN,NaN,NaN
1536195600,0.855,0.86,0.83,0.85,2139500,NaN,NaN,NaN,NaN,NaN,NaN,NaN
1536282000,0.835,0.85,0.835,0.845,622000,NaN,NaN,NaN,NaN,NaN,NaN,NaN
1536714000,0.84,0.84,0.83,0.83,1196900,NaN,NaN,NaN,NaN,NaN,NaN,NaN
1536800400,0.83,0.835,0.83,0.83,390100,NaN,NaN,NaN,NaN,NaN,NaN,NaN
1536886800,0.825,0.86,0.825,0.84,1377700,NaN,NaN,NaN,NaN,NaN,NaN,NaN
1537232400,0.84,0.84,0.825,0.835,255500,NaN,NaN,NaN,NaN,NaN,NaN,NaN
1537318800,0.845,0.85,0.84,0.845,501600,NaN,NaN,NaN,NaN,NaN,NaN,NaN
1537405200,0.845,0.85,0.835,0.84,740200,NaN,NaN,NaN,NaN,NaN,NaN,NaN
1537491600,0.845,0.845,0.805,0.84,3886800,NaN,NaN,NaN,NaN,NaN,NaN,NaN
1537750800,0.835,0.835,0.82,0.825,420900,NaN,NaN,NaN,NaN,NaN,NaN,NaN
1537837200,0.83,0.83,0.825,0.825,230300,NaN,NaN,NaN,NaN,NaN,NaN,NaN
1537923600,0.82,0.835,0.82,0.825,466900,NaN,NaN,NaN,NaN,NaN,NaN,NaN
1538010000,0.82,0.825,0.82,0.825,664300,NaN,NaN,NaN,NaN,NaN,NaN,NaN
1538096400,0.815,0.835,0.815,0.83,1209400,4537436037,14829436000,7379206000,25787000,430104000,7086484000,1.20481927710843
1538355600,0.83,0.83,0.82,0.82,129500,NaN,NaN,NaN,NaN,NaN,NaN,NaN
1538442000,0.82,0.825,0.785,0.785,1572300,NaN,NaN,NaN,NaN,NaN,NaN,NaN
1538528400,0.785,0.795,0.785,0.79,408900,NaN,NaN,NaN,NaN,NaN,NaN,NaN
1538614800,0.795,0.795,0.785,0.795,277800,NaN,NaN,NaN,NaN,NaN,NaN,NaN
1538701200,0.795,0.8,0.785,0.79,1007800,NaN,NaN,NaN,NaN,NaN,NaN,NaN
1538960400,0.79,0.79,0.76,0.76,655500,NaN,NaN,NaN,NaN,NaN,NaN,NaN
1539046800,0.76,0.765,0.74,0.75,623400,NaN,NaN,NaN,NaN,NaN,NaN,NaN
1539133200,0.75,0.75,0.69,0.69,1816000,NaN,NaN,NaN,NaN,NaN,NaN,NaN
1539219600,0.68,0.715,0.665,0.69,2514800,NaN,NaN,NaN,NaN,NaN,NaN,NaN
1539306000,0.69,0.71,0.69,0.71,1584300,NaN,NaN,NaN,NaN,NaN,NaN,NaN
1539565200,0.71,0.715,0.685,0.705,1989100,NaN,NaN,NaN,NaN,NaN,NaN,NaN
1539651600,0.705,0.71,0.695,0.695,429400,NaN,NaN,NaN,NaN,NaN,NaN,NaN
1539738000,0.705,0.725,0.695,0.72,3288500,NaN,NaN,NaN,NaN,NaN,NaN,NaN
1539824400,0.72,0.72,0.705,0.71,752200,NaN,NaN,NaN,NaN,NaN,NaN,NaN
1539910800,0.7,0.71,0.685,0.685,966700,NaN,NaN,NaN,NaN,NaN,NaN,NaN
1540170000,0.69,0.695,0.685,0.69,430500,NaN,NaN,NaN,NaN,NaN,NaN,NaN
1540256400,0.685,0.685,0.66,0.66,1539400,NaN,NaN,NaN,NaN,NaN,NaN,NaN
1540342800,0.66,0.675,0.65,0.66,1760000,NaN,NaN,NaN,NaN,NaN,NaN,NaN
1540429200,0.65,0.665,0.63,0.66,561000,NaN,NaN,NaN,NaN,NaN,NaN,NaN
1540515600,0.655,0.66,0.645,0.655,515300,NaN,NaN,NaN,NaN,NaN,NaN,NaN
1540774800,0.65,0.66,0.65,0.66,321000,NaN,NaN,NaN,NaN,NaN,NaN,NaN
1540861200,0.65,0.665,0.65,0.66,229200,NaN,NaN,NaN,NaN,NaN,NaN,NaN
1540947600,0.67,0.69,0.67,0.685,604800,NaN,NaN,NaN,NaN,NaN,NaN,NaN
1541034000,0.68,0.69,0.68,0.685,278900,NaN,NaN,NaN,NaN,NaN,NaN,NaN
1541120400,0.69,0.72,0.69,0.7,994100,NaN,NaN,NaN,NaN,NaN,NaN,NaN
1541379600,0.71,0.725,0.7,0.725,697500,NaN,NaN,NaN,NaN,NaN,NaN,NaN
1541552400,0.725,0.74,0.71,0.73,512700,NaN,NaN,NaN,NaN,NaN,NaN,NaN
1541638800,0.73,0.735,0.71,0.72,1586200,NaN,NaN,NaN,NaN,NaN,NaN,NaN
1541725200,0.72,0.735,0.715,0.73,1226700,NaN,NaN,NaN,NaN,NaN,NaN,NaN
1541984400,0.735,0.76,0.73,0.76,1854800,NaN,NaN,NaN,NaN,NaN,NaN,NaN
1542070800,0.76,0.76,0.74,0.74,373900,NaN,NaN,NaN,NaN,NaN,NaN,NaN
1542157200,0.74,0.75,0.74,0.745,384500,NaN,NaN,NaN,NaN,NaN,NaN,NaN
1542243600,0.745,0.77,0.74,0.76,617500,NaN,NaN,NaN,NaN,NaN,NaN,NaN
1542330000,0.765,0.785,0.76,0.78,1251200,NaN,NaN,NaN,NaN,NaN,NaN,NaN
1542589200,0.785,0.805,0.785,0.805,1137600,NaN,NaN,NaN,NaN,NaN,NaN,NaN
1542762000,0.78,0.79,0.775,0.78,374400,NaN,NaN,NaN,NaN,NaN,NaN,NaN
1542848400,0.785,0.795,0.78,0.79,234300,NaN,NaN,NaN,NaN,NaN,NaN,NaN
1542934800,0.785,0.785,0.765,0.77,794300,NaN,NaN,NaN,NaN,NaN,NaN,NaN
1543194000,0.755,0.77,0.75,0.765,489400,NaN,NaN,NaN,NaN,NaN,NaN,NaN
1543280400,0.765,0.78,0.735,0.74,926200,NaN,NaN,NaN,NaN,NaN,NaN,NaN
1543366800,0.74,0.755,0.725,0.74,686900,NaN,NaN,NaN,NaN,NaN,NaN,NaN
1543453200,0.73,0.735,0.715,0.725,567400,NaN,NaN,NaN,NaN,NaN,NaN,NaN
1543539600,0.705,0.735,0.69,0.69,538300,NaN,NaN,NaN,NaN,NaN,NaN,NaN
1543798800,0.7,0.725,0.7,0.72,322100,NaN,NaN,NaN,NaN,NaN,NaN,NaN
1543885200,0.72,0.72,0.71,0.72,384000,NaN,NaN,NaN,NaN,NaN,NaN,NaN
1543971600,0.72,0.72,0.705,0.72,258800,NaN,NaN,NaN,NaN,NaN,NaN,NaN
1544058000,0.71,0.735,0.695,0.735,523200,NaN,NaN,NaN,NaN,NaN,NaN,NaN
1544144400,0.71,0.73,0.7,0.7,207500,NaN,NaN,NaN,NaN,NaN,NaN,NaN
1544403600,0.705,0.715,0.695,0.7,645900,NaN,NaN,NaN,NaN,NaN,NaN,NaN
1544490000,0.7,0.705,0.68,0.685,284000,NaN,NaN,NaN,NaN,NaN,NaN,NaN
1544576400,0.685,0.705,0.685,0.705,1236700,NaN,NaN,NaN,NaN,NaN,NaN,NaN
1544662800,0.695,0.7,0.69,0.7,707400,NaN,NaN,NaN,NaN,NaN,NaN,NaN
1544749200,0.695,0.695,0.675,0.675,379700,NaN,NaN,NaN,NaN,NaN,NaN,NaN
1545008400,0.67,0.675,0.655,0.655,243800,NaN,NaN,NaN,NaN,NaN,NaN,NaN
1545094800,0.65,0.655,0.63,0.64,1238600,NaN,NaN,NaN,NaN,NaN,NaN,NaN
1545181200,0.645,0.66,0.645,0.65,192700,NaN,NaN,NaN,NaN,NaN,NaN,NaN
1545267600,0.65,0.665,0.64,0.655,484700,NaN,NaN,NaN,NaN,NaN,NaN,NaN
1545354000,0.65,0.66,0.645,0.65,1293600,NaN,NaN,NaN,NaN,NaN,NaN,NaN
1545613200,0.65,0.65,0.63,0.63,613300,NaN,NaN,NaN,NaN,NaN,NaN,NaN
1545786000,0.63,0.63,0.62,0.625,365600,NaN,NaN,NaN,NaN,NaN,NaN,NaN
1545872400,0.64,0.64,0.63,0.635,2024500,NaN,NaN,NaN,NaN,NaN,NaN,NaN
1545958800,0.645,0.665,0.645,0.66,1031300,NaN,NaN,NaN,NaN,NaN,NaN,NaN
1546218000,0.66,0.675,0.66,0.665,1445900,4537436037,14123968000,6683357000,67131000,752789000,7076889000,0
1546390800,0.665,0.665,0.66,0.665,553400,NaN,NaN,NaN,NaN,NaN,NaN,NaN
1546477200,0.675,0.725,0.665,0.715,2152400,NaN,NaN,NaN,NaN,NaN,NaN,NaN
1546563600,0.71,0.73,0.675,0.69,1874400,NaN,NaN,NaN,NaN,NaN,NaN,NaN
1546822800,0.695,0.72,0.695,0.72,1318500,NaN,NaN,NaN,NaN,NaN,NaN,NaN
1546909200,0.72,0.725,0.71,0.72,573800,NaN,NaN,NaN,NaN,NaN,NaN,NaN
1546995600,0.73,0.74,0.725,0.73,2421000,NaN,NaN,NaN,NaN,NaN,NaN,NaN
1547082000,0.74,0.78,0.735,0.75,4106100,NaN,NaN,NaN,NaN,NaN,NaN,NaN
1547168400,0.755,0.78,0.755,0.775,2616800,NaN,NaN,NaN,NaN,NaN,NaN,NaN
1547427600,0.78,0.785,0.745,0.77,1172000,NaN,NaN,NaN,NaN,NaN,NaN,NaN
1547514000,0.77,0.775,0.76,0.775,1038200,NaN,NaN,NaN,NaN,NaN,NaN,NaN
1547600400,0.77,0.785,0.755,0.77,2720700,NaN,NaN,NaN,NaN,NaN,NaN,NaN
1547686800,0.78,0.785,0.77,0.78,1254900,NaN,NaN,NaN,NaN,NaN,NaN,NaN
1547773200,0.775,0.795,0.77,0.79,1951400,NaN,NaN,NaN,NaN,NaN,NaN,NaN
1548118800,0.795,0.8,0.77,0.77,793800,NaN,NaN,NaN,NaN,NaN,NaN,NaN
1548205200,0.765,0.78,0.755,0.78,707100,NaN,NaN,NaN,NaN,NaN,NaN,NaN
1548291600,0.77,0.785,0.77,0.775,973100,NaN,NaN,NaN,NaN,NaN,NaN,NaN
1548378000,0.775,0.78,0.77,0.77,570200,NaN,NaN,NaN,NaN,NaN,NaN,NaN
1548637200,0.775,0.785,0.765,0.77,767600,NaN,NaN,NaN,NaN,NaN,NaN,NaN
1548723600,0.775,0.775,0.765,0.77,638300,NaN,NaN,NaN,NaN,NaN,NaN,NaN
1548810000,0.77,0.77,0.76,0.76,335000,NaN,NaN,NaN,NaN,NaN,NaN,NaN
1548896400,0.755,0.765,0.755,0.755,564700,NaN,NaN,NaN,NaN,NaN,NaN,NaN
1549242000,0.765,0.77,0.755,0.77,180600,NaN,NaN,NaN,NaN,NaN,NaN,NaN
1549501200,0.77,0.775,0.765,0.775,512500,NaN,NaN,NaN,NaN,NaN,NaN,NaN
1549587600,0.765,0.775,0.765,0.775,270700,NaN,NaN,NaN,NaN,NaN,NaN,NaN
1549846800,0.775,0.775,0.755,0.765,618200,NaN,NaN,NaN,NaN,NaN,NaN,NaN
1549933200,0.765,0.78,0.76,0.77,1195000,NaN,NaN,NaN,NaN,NaN,NaN,NaN
1550019600,0.77,0.775,0.765,0.77,513600,NaN,NaN,NaN,NaN,NaN,NaN,NaN
1550106000,0.77,0.78,0.765,0.77,527000,NaN,NaN,NaN,NaN,NaN,NaN,NaN
1550192400,0.77,0.785,0.77,0.78,1349400,NaN,NaN,NaN,NaN,NaN,NaN,NaN
1550451600,0.78,0.815,0.775,0.815,3104500,NaN,NaN,NaN,NaN,NaN,NaN,NaN
1550538000,0.82,0.83,0.81,0.82,3430800,NaN,NaN,NaN,NaN,NaN,NaN,NaN
1550624400,0.815,0.875,0.815,0.875,5623200,NaN,NaN,NaN,NaN,NaN,NaN,NaN
1550710800,0.875,0.88,0.845,0.87,2723700,NaN,NaN,NaN,NaN,NaN,NaN,NaN
1550797200,0.855,0.855,0.835,0.85,1239800,NaN,NaN,NaN,NaN,NaN,NaN,NaN
1551056400,0.86,0.86,0.835,0.845,1055400,NaN,NaN,NaN,NaN,NaN,NaN,NaN
1551142800,0.84,0.865,0.83,0.845,3310700,NaN,NaN,NaN,NaN,NaN,NaN,NaN
1551229200,0.855,0.855,0.84,0.85,1415200,NaN,NaN,NaN,NaN,NaN,NaN,NaN
1551315600,0.845,0.845,0.82,0.82,2240200,NaN,NaN,NaN,NaN,NaN,NaN,NaN
1551402000,0.82,0.825,0.8,0.82,1301300,NaN,NaN,NaN,NaN,NaN,NaN,NaN
1551661200,0.82,0.835,0.805,0.835,1004200,NaN,NaN,NaN,NaN,NaN,NaN,NaN
1551747600,0.835,0.855,0.83,0.84,1983900,NaN,NaN,NaN,NaN,NaN,NaN,NaN
1551834000,0.84,0.85,0.84,0.85,1178100,NaN,NaN,NaN,NaN,NaN,NaN,NaN
1551920400,0.85,0.86,0.835,0.84,1041100,NaN,NaN,NaN,NaN,NaN,NaN,NaN
1552006800,0.835,0.84,0.83,0.835,695300,NaN,NaN,NaN,NaN,NaN,NaN,NaN
1552266000,0.835,0.835,0.82,0.83,1386500,NaN,NaN,NaN,NaN,NaN,NaN,NaN
1552352400,0.83,0.845,0.83,0.835,547900,NaN,NaN,NaN,NaN,NaN,NaN,NaN
1552438800,0.83,0.83,0.82,0.83,507000,NaN,NaN,NaN,NaN,NaN,NaN,NaN
1552525200,0.82,0.835,0.82,0.835,448200,NaN,NaN,NaN,NaN,NaN,NaN,NaN
1552611600,0.83,0.84,0.825,0.83,1005300,NaN,NaN,NaN,NaN,NaN,NaN,NaN
1552870800,0.83,0.845,0.83,0.845,821400,NaN,NaN,NaN,NaN,NaN,NaN,NaN
1552957200,0.845,0.855,0.83,0.845,1268500,NaN,NaN,NaN,NaN,NaN,NaN,NaN
1553043600,0.84,0.85,0.83,0.85,433500,NaN,NaN,NaN,NaN,NaN,NaN,NaN
1553130000,0.85,0.895,0.845,0.86,6160500,NaN,NaN,NaN,NaN,NaN,NaN,NaN
1553216400,0.87,0.875,0.86,0.865,934500,NaN,NaN,NaN,NaN,NaN,NaN,NaN
1553475600,0.84,0.85,0.83,0.84,1228600,NaN,NaN,NaN,NaN,NaN,NaN,NaN
1553562000,0.835,0.84,0.825,0.825,1337100,NaN,NaN,NaN,NaN,NaN,NaN,NaN
1553648400,0.83,0.84,0.81,0.82,1956800,NaN,NaN,NaN,NaN,NaN,NaN,NaN
1553734800,0.815,0.825,0.805,0.825,452200,NaN,NaN,NaN,NaN,NaN,NaN,NaN
1553821200,0.82,0.83,0.815,0.82,1645200,4537436037,13856191000,6369237000,66608999.99999999,419256000,7122986000,0
1554080400,0.825,0.85,0.815,0.845,4211500,NaN,NaN,NaN,NaN,NaN,NaN,NaN
1554166800,0.85,0.85,0.835,0.835,793400,NaN,NaN,NaN,NaN,NaN,NaN,NaN
1554253200,0.83,0.845,0.83,0.84,661100,NaN,NaN,NaN,NaN,NaN,NaN,NaN
1554339600,0.84,0.845,0.825,0.83,1722800,NaN,NaN,NaN,NaN,NaN,NaN,NaN
1554426000,0.825,0.83,0.815,0.815,1468900,NaN,NaN,NaN,NaN,NaN,NaN,NaN
1554685200,0.82,0.84,0.82,0.84,1452000,NaN,NaN,NaN,NaN,NaN,NaN,NaN
1554771600,0.84,0.855,0.835,0.84,3672000,NaN,NaN,NaN,NaN,NaN,NaN,NaN
1554858000,0.84,0.875,0.835,0.87,6235300,NaN,NaN,NaN,NaN,NaN,NaN,NaN
1554944400,0.89,0.965,0.89,0.91,32364200,NaN,NaN,NaN,NaN,NaN,NaN,NaN
1555030800,0.915,0.925,0.9,0.905,3984800,NaN,NaN,NaN,NaN,NaN,NaN,NaN
1555290000,0.915,0.915,0.88,0.89,2748700,NaN,NaN,NaN,NaN,NaN,NaN,NaN
1555376400,0.89,0.89,0.87,0.88,1943600,NaN,NaN,NaN,NaN,NaN,NaN,NaN
1555462800,0.875,0.875,0.85,0.85,4848900,NaN,NaN,NaN,NaN,NaN,NaN,NaN
1555549200,0.845,0.865,0.84,0.86,2605500,NaN,NaN,NaN,NaN,NaN,NaN,NaN
1555635600,0.87,0.89,0.865,0.885,2173800,NaN,NaN,NaN,NaN,NaN,NaN,NaN
1555894800,0.9,1.02,0.9,0.98,32684800,NaN,NaN,NaN,NaN,NaN,NaN,NaN
1555981200,0.955,0.96,0.925,0.94,3487800,NaN,NaN,NaN,NaN,NaN,NaN,NaN
1556067600,0.955,0.965,0.95,0.95,1632700,NaN,NaN,NaN,NaN,NaN,NaN,NaN
1556154000,0.945,0.975,0.94,0.945,2587600,NaN,NaN,NaN,NaN,NaN,NaN,NaN
1556240400,0.945,0.965,0.925,0.945,5629700,NaN,NaN,NaN,NaN,NaN,NaN,NaN
1556499600,0.945,0.945,0.92,0.93,884500,NaN,NaN,NaN,NaN,NaN,NaN,NaN
1556586000,0.925,0.94,0.92,0.93,1317200,NaN,NaN,NaN,NaN,NaN,NaN,NaN
1556758800,0.93,0.935,0.89,0.895,2706300,NaN,NaN,NaN,NaN,NaN,NaN,NaN
1556845200,0.895,0.93,0.885,0.93,2840600,NaN,NaN,NaN,NaN,NaN,NaN,NaN
1557104400,0.925,0.925,0.885,0.89,2731100,NaN,NaN,NaN,NaN,NaN,NaN,NaN
1557190800,0.895,0.91,0.88,0.895,2524000,NaN,NaN,NaN,NaN,NaN,NaN,NaN
1557277200,0.89,0.895,0.875,0.89,874700,NaN,NaN,NaN,NaN,NaN,NaN,NaN
1557363600,0.89,0.9,0.88,0.885,1971900,NaN,NaN,NaN,NaN,NaN,NaN,NaN
1557450000,0.885,0.9,0.87,0.875,1650200,NaN,NaN,NaN,NaN,NaN,NaN,NaN
1557709200,0.88,0.88,0.85,0.86,1977000,NaN,NaN,NaN,NaN,NaN,NaN,NaN
1557795600,0.84,0.865,0.835,0.86,3041100,NaN,NaN,NaN,NaN,NaN,NaN,NaN
1557882000,0.865,0.88,0.855,0.875,973600,NaN,NaN,NaN,NaN,NaN,NaN,NaN
1557968400,0.875,0.875,0.84,0.87,1197700,NaN,NaN,NaN,NaN,NaN,NaN,NaN
1558054800,0.88,0.88,0.85,0.85,811500,NaN,NaN,NaN,NaN,NaN,NaN,NaN
1558400400,0.85,0.86,0.84,0.845,486800,NaN,NaN,NaN,NaN,NaN,NaN,NaN
1558573200,0.845,0.85,0.84,0.85,985100,NaN,NaN,NaN,NaN,NaN,NaN,NaN
1558659600,0.85,0.86,0.845,0.85,1851100,NaN,NaN,NaN,NaN,NaN,NaN,NaN
1558918800,0.85,0.855,0.845,0.85,1454200,NaN,NaN,NaN,NaN,NaN,NaN,NaN
1559005200,0.85,0.86,0.845,0.845,4323300,NaN,NaN,NaN,NaN,NaN,NaN,NaN
1559091600,0.845,0.875,0.845,0.865,867000,NaN,NaN,NaN,NaN,NaN,NaN,NaN
1559178000,0.865,0.87,0.855,0.86,609600,NaN,NaN,NaN,NaN,NaN,NaN,NaN
1559264400,0.855,0.87,0.85,0.86,870500,NaN,NaN,NaN,NaN,NaN,NaN,NaN
1559523600,0.855,0.855,0.845,0.85,2605800,NaN,NaN,NaN,NaN,NaN,NaN,NaN
1559610000,0.85,0.86,0.85,0.85,144300,NaN,NaN,NaN,NaN,NaN,NaN,NaN
1559869200,0.86,0.86,0.845,0.855,760600,NaN,NaN,NaN,NaN,NaN,NaN,NaN
1560128400,0.86,0.875,0.855,0.865,938100,NaN,NaN,NaN,NaN,NaN,NaN,NaN
1560214800,0.865,0.89,0.855,0.87,2317100,NaN,NaN,NaN,NaN,NaN,NaN,NaN
1560301200,0.87,0.87,0.86,0.86,463600,NaN,NaN,NaN,NaN,NaN,NaN,NaN
1560387600,0.86,0.865,0.86,0.86,912600,NaN,NaN,NaN,NaN,NaN,NaN,NaN
1560474000,0.86,0.865,0.845,0.86,928200,NaN,NaN,NaN,NaN,NaN,NaN,NaN
1560733200,0.86,0.86,0.845,0.85,290800,NaN,NaN,NaN,NaN,NaN,NaN,NaN
1560819600,0.85,0.87,0.85,0.855,1236800,NaN,NaN,NaN,NaN,NaN,NaN,NaN
1560906000,0.86,0.865,0.85,0.85,855900,NaN,NaN,NaN,NaN,NaN,NaN,NaN
1560992400,0.855,0.86,0.855,0.86,147300,NaN,NaN,NaN,NaN,NaN,NaN,NaN
1561078800,0.86,0.865,0.845,0.845,2390000,NaN,NaN,NaN,NaN,NaN,NaN,NaN
1561338000,0.86,0.86,0.835,0.835,908800,NaN,NaN,NaN,NaN,NaN,NaN,NaN
1561424400,0.835,0.84,0.81,0.815,2262900,NaN,NaN,NaN,NaN,NaN,NaN,NaN
1561510800,0.815,0.825,0.815,0.815,821300,NaN,NaN,NaN,NaN,NaN,NaN,NaN
1561597200,0.815,0.82,0.81,0.82,993400,NaN,NaN,NaN,NaN,NaN,NaN,NaN
1561683600,0.82,0.82,0.795,0.8,2494100,4537436037,13929369000,6294636000,141736000,1000568000,7154328000,0
1561942800,0.8,0.815,0.795,0.805,3028900,NaN,NaN,NaN,NaN,NaN,NaN,NaN
1562029200,0.805,0.845,0.805,0.84,4403200,NaN,NaN,NaN,NaN,NaN,NaN,NaN
1562115600,0.84,0.85,0.825,0.83,987900,NaN,NaN,NaN,NaN,NaN,NaN,NaN
1562202000,0.83,0.84,0.825,0.83,1149300,NaN,NaN,NaN,NaN,NaN,NaN,NaN
1562288400,0.83,0.84,0.82,0.82,608600,NaN,NaN,NaN,NaN,NaN,NaN,NaN
1562547600,0.825,0.83,0.805,0.81,1004600,NaN,NaN,NaN,NaN,NaN,NaN,NaN
1562634000,0.815,0.83,0.81,0.825,776900,NaN,NaN,NaN,NaN,NaN,NaN,NaN
1562720400,0.825,0.835,0.815,0.825,796800,NaN,NaN,NaN,NaN,NaN,NaN,NaN
1562806800,0.82,0.82,0.805,0.805,2234800,NaN,NaN,NaN,NaN,NaN,NaN,NaN
1562893200,0.81,0.82,0.805,0.805,592800,NaN,NaN,NaN,NaN,NaN,NaN,NaN
1563152400,0.81,0.815,0.795,0.795,3572600,NaN,NaN,NaN,NaN,NaN,NaN,NaN
1563238800,0.8,0.81,0.795,0.8,1043000,NaN,NaN,NaN,NaN,NaN,NaN,NaN
1563325200,0.8,0.805,0.795,0.8,921400,NaN,NaN,NaN,NaN,NaN,NaN,NaN
1563411600,0.805,0.81,0.795,0.805,1615700,NaN,NaN,NaN,NaN,NaN,NaN,NaN
1563498000,0.815,0.835,0.81,0.825,3058600,NaN,NaN,NaN,NaN,NaN,NaN,NaN
1563757200,0.825,0.84,0.805,0.805,2498200,NaN,NaN,NaN,NaN,NaN,NaN,NaN
1563843600,0.805,0.82,0.8,0.81,1931900,NaN,NaN,NaN,NaN,NaN,NaN,NaN
1563930000,0.815,0.815,0.805,0.81,871000,NaN,NaN,NaN,NaN,NaN,NaN,NaN
1564016400,0.81,0.815,0.8,0.805,1411800,NaN,NaN,NaN,NaN,NaN,NaN,NaN
1564102800,0.805,0.815,0.805,0.815,1479800,NaN,NaN,NaN,NaN,NaN,NaN,NaN
1564362000,0.815,0.82,0.8,0.805,1729100,NaN,NaN,NaN,NaN,NaN,NaN,NaN
1564534800,0.8,0.805,0.795,0.8,693000,NaN,NaN,NaN,NaN,NaN,NaN,NaN
1564621200,0.79,0.8,0.785,0.79,1154500,NaN,NaN,NaN,NaN,NaN,NaN,NaN
1564707600,0.79,0.79,0.78,0.78,911200,NaN,NaN,NaN,NaN,NaN,NaN,NaN
1564966800,0.78,0.78,0.755,0.77,1594600,NaN,NaN,NaN,NaN,NaN,NaN,NaN
1565053200,0.755,0.78,0.74,0.78,1206500,NaN,NaN,NaN,NaN,NaN,NaN,NaN
1565139600,0.775,0.775,0.76,0.77,342800,NaN,NaN,NaN,NaN,NaN,NaN,NaN
1565226000,0.775,0.78,0.77,0.78,610200,NaN,NaN,NaN,NaN,NaN,NaN,NaN
1565312400,0.775,0.79,0.77,0.775,877300,NaN,NaN,NaN,NaN,NaN,NaN,NaN
1565658000,0.765,0.77,0.73,0.735,2271100,NaN,NaN,NaN,NaN,NaN,NaN,NaN
1565744400,0.745,0.755,0.74,0.745,1134900,NaN,NaN,NaN,NaN,NaN,NaN,NaN
1565830800,0.73,0.73,0.71,0.72,2995500,NaN,NaN,NaN,NaN,NaN,NaN,NaN
1565917200,0.725,0.725,0.715,0.715,571500,NaN,NaN,NaN,NaN,NaN,NaN,NaN
1566176400,0.72,0.73,0.715,0.725,666500,NaN,NaN,NaN,NaN,NaN,NaN,NaN
1566262800,0.72,0.725,0.705,0.71,1473500,NaN,NaN,NaN,NaN,NaN,NaN,NaN
1566349200,0.71,0.71,0.7,0.705,1701700,NaN,NaN,NaN,NaN,NaN,NaN,NaN
1566435600,0.705,0.71,0.695,0.705,667700,NaN,NaN,NaN,NaN,NaN,NaN,NaN
1566522000,0.71,0.715,0.69,0.69,1976900,NaN,NaN,NaN,NaN,NaN,NaN,NaN
1566781200,0.69,0.7,0.685,0.69,752500,NaN,NaN,NaN,NaN,NaN,NaN,NaN
1566867600,0.695,0.695,0.67,0.67,1565000,NaN,NaN,NaN,NaN,NaN,NaN,NaN
1566954000,0.68,0.68,0.655,0.66,1091500,NaN,NaN,NaN,NaN,NaN,NaN,NaN
1567040400,0.665,0.68,0.66,0.67,637200,NaN,NaN,NaN,NaN,NaN,NaN,NaN
1567126800,0.68,0.695,0.665,0.67,1303700,NaN,NaN,NaN,NaN,NaN,NaN,NaN
1567472400,0.67,0.675,0.665,0.67,257600,NaN,NaN,NaN,NaN,NaN,NaN,NaN
1567558800,0.665,0.685,0.665,0.68,593700,NaN,NaN,NaN,NaN,NaN,NaN,NaN
1567645200,0.68,0.69,0.675,0.68,403500,NaN,NaN,NaN,NaN,NaN,NaN,NaN
1567731600,0.69,0.69,0.685,0.685,196700,NaN,NaN,NaN,NaN,NaN,NaN,NaN
1568077200,0.69,0.695,0.675,0.68,434700,NaN,NaN,NaN,NaN,NaN,NaN,NaN
1568163600,0.69,0.695,0.68,0.695,462600,NaN,NaN,NaN,NaN,NaN,NaN,NaN
1568250000,0.695,0.72,0.695,0.71,1837400,NaN,NaN,NaN,NaN,NaN,NaN,NaN
1568336400,0.715,0.72,0.705,0.72,376300,NaN,NaN,NaN,NaN,NaN,NaN,NaN
1568682000,0.72,0.72,0.695,0.7,911600,NaN,NaN,NaN,NaN,NaN,NaN,NaN
1568768400,0.705,0.705,0.69,0.695,557700,NaN,NaN,NaN,NaN,NaN,NaN,NaN
1568854800,0.705,0.705,0.69,0.695,175900,NaN,NaN,NaN,NaN,NaN,NaN,NaN
1568941200,0.695,0.74,0.69,0.72,4196300,NaN,NaN,NaN,NaN,NaN,NaN,NaN
1569200400,0.725,0.735,0.705,0.715,926200,NaN,NaN,NaN,NaN,NaN,NaN,NaN
1569286800,0.715,0.715,0.705,0.715,742400,NaN,NaN,NaN,NaN,NaN,NaN,NaN
1569373200,0.71,0.71,0.69,0.695,759500,NaN,NaN,NaN,NaN,NaN,NaN,NaN
1569459600,0.7,0.7,0.695,0.695,523600,NaN,NaN,NaN,NaN,NaN,NaN,NaN
1569546000,0.69,0.69,0.68,0.685,496600,NaN,NaN,NaN,NaN,NaN,NaN,NaN
1569805200,0.68,0.68,0.665,0.665,1356200,4537436037,13797880000,6136814000,67087999.99999999,327608000,7180674000,0
1569891600,0.665,0.675,0.665,0.67,649800,NaN,NaN,NaN,NaN,NaN,NaN,NaN
1569978000,0.67,0.67,0.665,0.67,272600,NaN,NaN,NaN,NaN,NaN,NaN,NaN
1570064400,0.665,0.675,0.66,0.675,2233800,NaN,NaN,NaN,NaN,NaN,NaN,NaN
1570150800,0.68,0.69,0.675,0.675,505000,NaN,NaN,NaN,NaN,NaN,NaN,NaN
1570410000,0.68,0.68,0.665,0.67,404600,NaN,NaN,NaN,NaN,NaN,NaN,NaN
1570496400,0.665,0.685,0.66,0.685,2832600,NaN,NaN,NaN,NaN,NaN,NaN,NaN
1570582800,0.68,0.685,0.67,0.67,984100,NaN,NaN,NaN,NaN,NaN,NaN,NaN
1570669200,0.675,0.675,0.665,0.675,811100,NaN,NaN,NaN,NaN,NaN,NaN,NaN
1570755600,0.675,0.685,0.665,0.665,1772600,NaN,NaN,NaN,NaN,NaN,NaN,NaN
1571014800,0.68,0.685,0.67,0.67,900700,NaN,NaN,NaN,NaN,NaN,NaN,NaN
1571101200,0.675,0.68,0.665,0.67,1219600,NaN,NaN,NaN,NaN,NaN,NaN,NaN
1571187600,0.68,0.725,0.68,0.7,7526000,NaN,NaN,NaN,NaN,NaN,NaN,NaN
1571274000,0.71,0.71,0.695,0.7,970300,NaN,NaN,NaN,NaN,NaN,NaN,NaN
1571360400,0.71,0.71,0.685,0.69,1067500,NaN,NaN,NaN,NaN,NaN,NaN,NaN
1571619600,0.69,0.695,0.68,0.69,1026500,NaN,NaN,NaN,NaN,NaN,NaN,NaN
1571706000,0.69,0.705,0.685,0.695,1108500,NaN,NaN,NaN,NaN,NaN,NaN,NaN
1571792400,0.695,0.695,0.685,0.69,483500,NaN,NaN,NaN,NaN,NaN,NaN,NaN
1571878800,0.69,0.69,0.68,0.685,960300,NaN,NaN,NaN,NaN,NaN,NaN,NaN
1571965200,0.69,0.695,0.685,0.69,311600,NaN,NaN,NaN,NaN,NaN,NaN,NaN
1572310800,0.69,0.69,0.68,0.685,546900,NaN,NaN,NaN,NaN,NaN,NaN,NaN
1572397200,0.685,0.69,0.68,0.68,784300,NaN,NaN,NaN,NaN,NaN,NaN,NaN
1572483600,0.685,0.695,0.68,0.685,1024100,NaN,NaN,NaN,NaN,NaN,NaN,NaN
1572570000,0.695,0.77,0.695,0.755,20002600,NaN,NaN,NaN,NaN,NaN,NaN,NaN
1572829200,0.755,0.755,0.725,0.735,3031200,NaN,NaN,NaN,NaN,NaN,NaN,NaN
1572915600,0.735,0.755,0.73,0.75,2326100,NaN,NaN,NaN,NaN,NaN,NaN,NaN
1573002000,0.75,0.785,0.735,0.755,8071800,NaN,NaN,NaN,NaN,NaN,NaN,NaN
1573088400,0.755,0.76,0.745,0.75,972100,NaN,NaN,NaN,NaN,NaN,NaN,NaN
1573174800,0.76,0.77,0.75,0.76,4328200,NaN,NaN,NaN,NaN,NaN,NaN,NaN
1573434000,0.76,0.76,0.745,0.755,1092600,NaN,NaN,NaN,NaN,NaN,NaN,NaN
1573520400,0.745,0.765,0.74,0.75,1233700,NaN,NaN,NaN,NaN,NaN,NaN,NaN
1573606800,0.755,0.795,0.75,0.78,5260100,NaN,NaN,NaN,NaN,NaN,NaN,NaN
1573693200,0.78,0.81,0.77,0.795,6031600,NaN,NaN,NaN,NaN,NaN,NaN,NaN
1573779600,0.785,0.795,0.77,0.775,3284300,NaN,NaN,NaN,NaN,NaN,NaN,NaN
1574038800,0.78,0.78,0.76,0.77,915100,NaN,NaN,NaN,NaN,NaN,NaN,NaN
1574125200,0.77,0.79,0.755,0.765,2742600,NaN,NaN,NaN,NaN,NaN,NaN,NaN
1574211600,0.765,0.78,0.765,0.775,1765300,NaN,NaN,NaN,NaN,NaN,NaN,NaN
1574298000,0.765,0.78,0.76,0.76,1253100,NaN,NaN,NaN,NaN,NaN,NaN,NaN
1574384400,0.76,0.77,0.73,0.75,1791600,NaN,NaN,NaN,NaN,NaN,NaN,NaN
1574643600,0.75,0.76,0.735,0.74,1366900,NaN,NaN,NaN,NaN,NaN,NaN,NaN
1574730000,0.74,0.75,0.73,0.73,1557400,NaN,NaN,NaN,NaN,NaN,NaN,NaN
1574816400,0.735,0.74,0.715,0.72,1551900,NaN,NaN,NaN,NaN,NaN,NaN,NaN
1574902800,0.72,0.72,0.71,0.72,450500,NaN,NaN,NaN,NaN,NaN,NaN,NaN
1574989200,0.715,0.72,0.71,0.71,821800,NaN,NaN,NaN,NaN,NaN,NaN,NaN
1575248400,0.71,0.74,0.705,0.725,1171900,NaN,NaN,NaN,NaN,NaN,NaN,NaN
1575334800,0.725,0.755,0.72,0.745,2514300,NaN,NaN,NaN,NaN,NaN,NaN,NaN
1575421200,0.745,0.745,0.73,0.74,154700,NaN,NaN,NaN,NaN,NaN,NaN,NaN
1575507600,0.73,0.735,0.715,0.72,1876700,NaN,NaN,NaN,NaN,NaN,NaN,NaN
1575594000,0.72,0.735,0.72,0.725,398100,NaN,NaN,NaN,NaN,NaN,NaN,NaN
1575853200,0.725,0.73,0.72,0.72,212700,NaN,NaN,NaN,NaN,NaN,NaN,NaN
1575939600,0.72,0.725,0.71,0.715,697300,NaN,NaN,NaN,NaN,NaN,NaN,NaN
1576026000,0.72,0.75,0.71,0.745,6156100,NaN,NaN,NaN,NaN,NaN,NaN,NaN
1576112400,0.745,0.765,0.745,0.765,4400000,NaN,NaN,NaN,NaN,NaN,NaN,NaN
1576198800,0.765,0.77,0.75,0.76,2636600,NaN,NaN,NaN,NaN,NaN,NaN,NaN
1576458000,0.77,0.77,0.74,0.74,1375100,NaN,NaN,NaN,NaN,NaN,NaN,NaN
1576544400,0.735,0.74,0.725,0.73,1203600,NaN,NaN,NaN,NaN,NaN,NaN,NaN
1576630800,0.735,0.745,0.73,0.735,1860300,NaN,NaN,NaN,NaN,NaN,NaN,NaN
1576717200,0.735,0.735,0.725,0.725,1602100,NaN,NaN,NaN,NaN,NaN,NaN,NaN
1576803600,0.73,0.735,0.72,0.73,1033900,NaN,NaN,NaN,NaN,NaN,NaN,NaN
1577062800,0.725,0.74,0.715,0.73,2533300,NaN,NaN,NaN,NaN,NaN,NaN,NaN
1577149200,0.725,0.73,0.715,0.72,1348300,NaN,NaN,NaN,NaN,NaN,NaN,NaN
1577322000,0.725,0.735,0.72,0.725,14875200,NaN,NaN,NaN,NaN,NaN,NaN,NaN
1577408400,0.73,0.745,0.725,0.725,2589400,NaN,NaN,NaN,NaN,NaN,NaN,NaN
1577667600,0.725,0.735,0.725,0.735,2272700,NaN,NaN,NaN,NaN,NaN,NaN,NaN
1577754000,0.73,0.73,0.7,0.705,3935200,4537436037,13449084000,5716428000,212916000,1162029000,7264324000,0
1577926800,0.71,0.72,0.7,0.71,2755100,NaN,NaN,NaN,NaN,NaN,NaN,NaN
1578013200,0.71,0.725,0.71,0.71,3771300,NaN,NaN,NaN,NaN,NaN,NaN,NaN
1578272400,0.71,0.71,0.69,0.69,2498200,NaN,NaN,NaN,NaN,NaN,NaN,NaN
1578358800,0.69,0.7,0.69,0.7,616200,NaN,NaN,NaN,NaN,NaN,NaN,NaN
1578445200,0.69,0.69,0.68,0.68,1677500,NaN,NaN,NaN,NaN,NaN,NaN,NaN
1578531600,0.685,0.705,0.685,0.685,1442000,NaN,NaN,NaN,NaN,NaN,NaN,NaN
1578618000,0.685,0.69,0.68,0.685,1013500,NaN,NaN,NaN,NaN,NaN,NaN,NaN
1578877200,0.685,0.7,0.68,0.69,774400,NaN,NaN,NaN,NaN,NaN,NaN,NaN
1578963600,0.695,0.705,0.695,0.695,856800,NaN,NaN,NaN,NaN,NaN,NaN,NaN
1579050000,0.695,0.695,0.685,0.695,418800,NaN,NaN,NaN,NaN,NaN,NaN,NaN
1579136400,0.7,0.7,0.68,0.68,1010700,NaN,NaN,NaN,NaN,NaN,NaN,NaN
1579222800,0.685,0.69,0.68,0.685,827600,NaN,NaN,NaN,NaN,NaN,NaN,NaN
1579482000,0.68,0.68,0.675,0.68,365600,NaN,NaN,NaN,NaN,NaN,NaN,NaN
1579568400,0.68,0.685,0.675,0.675,526300,NaN,NaN,NaN,NaN,NaN,NaN,NaN
1579654800,0.675,0.68,0.66,0.665,1295400,NaN,NaN,NaN,NaN,NaN,NaN,NaN
1579741200,0.665,0.665,0.655,0.655,1251300,NaN,NaN,NaN,NaN,NaN,NaN,NaN
1579827600,0.655,0.66,0.645,0.65,1582200,NaN,NaN,NaN,NaN,NaN,NaN,NaN
1580173200,0.64,0.645,0.635,0.64,477700,NaN,NaN,NaN,NaN,NaN,NaN,NaN
1580259600,0.64,0.65,0.64,0.645,410600,NaN,NaN,NaN,NaN,NaN,NaN,NaN
1580346000,0.64,0.645,0.62,0.62,1187400,NaN,NaN,NaN,NaN,NaN,NaN,NaN
1580432400,0.62,0.63,0.6,0.6,1793400,NaN,NaN,NaN,NaN,NaN,NaN,NaN
1580691600,0.585,0.6,0.58,0.6,1383400,NaN,NaN,NaN,NaN,NaN,NaN,NaN
1580778000,0.595,0.61,0.595,0.61,588800,NaN,NaN,NaN,NaN,NaN,NaN,NaN
1580864400,0.61,0.625,0.61,0.625,427900,NaN,NaN,NaN,NaN,NaN,NaN,NaN
1580950800,0.63,0.65,0.63,0.65,1176000,NaN,NaN,NaN,NaN,NaN,NaN,NaN
1581037200,0.65,0.65,0.63,0.63,2121300,NaN,NaN,NaN,NaN,NaN,NaN,NaN
1581296400,0.63,0.63,0.6,0.605,2397500,NaN,NaN,NaN,NaN,NaN,NaN,NaN
1581382800,0.605,0.615,0.6,0.605,819800,NaN,NaN,NaN,NaN,NaN,NaN,NaN
1581469200,0.61,0.61,0.6,0.605,1134400,NaN,NaN,NaN,NaN,NaN,NaN,NaN
1581555600,0.605,0.655,0.6,0.65,3543100,NaN,NaN,NaN,NaN,NaN,NaN,NaN
1581642000,0.655,0.655,0.63,0.63,818300,NaN,NaN,NaN,NaN,NaN,NaN,NaN
1581901200,0.63,0.64,0.625,0.63,2438300,NaN,NaN,NaN,NaN,NaN,NaN,NaN
1581987600,0.62,0.625,0.615,0.62,699800,NaN,NaN,NaN,NaN,NaN,NaN,NaN
1582074000,0.615,0.635,0.615,0.635,1478800,NaN,NaN,NaN,NaN,NaN,NaN,NaN
1582160400,0.635,0.645,0.63,0.645,2174000,NaN,NaN,NaN,NaN,NaN,NaN,NaN
1582246800,0.635,0.635,0.62,0.625,569200,NaN,NaN,NaN,NaN,NaN,NaN,NaN
1582506000,0.62,0.625,0.61,0.615,3822300,NaN,NaN,NaN,NaN,NaN,NaN,NaN
1582592400,0.605,0.65,0.605,0.635,3097400,NaN,NaN,NaN,NaN,NaN,NaN,NaN
1582678800,0.635,0.64,0.615,0.62,1209300,NaN,NaN,NaN,NaN,NaN,NaN,NaN
1582765200,0.635,0.64,0.61,0.61,1328100,NaN,NaN,NaN,NaN,NaN,NaN,NaN
1582851600,0.59,0.6,0.585,0.59,1127500,NaN,NaN,NaN,NaN,NaN,NaN,NaN
1583110800,0.605,0.61,0.565,0.575,1940900,NaN,NaN,NaN,NaN,NaN,NaN,NaN
1583197200,0.59,0.595,0.57,0.59,2463200,NaN,NaN,NaN,NaN,NaN,NaN,NaN
1583283600,0.58,0.59,0.575,0.58,1053000,NaN,NaN,NaN,NaN,NaN,NaN,NaN
1583370000,0.585,0.585,0.555,0.56,3619100,NaN,NaN,NaN,NaN,NaN,NaN,NaN
1583456400,0.56,0.56,0.54,0.55,2143900,NaN,NaN,NaN,NaN,NaN,NaN,NaN
1583715600,0.53,0.53,0.5,0.5,3377800,NaN,NaN,NaN,NaN,NaN,NaN,NaN
1583802000,0.495,0.5,0.46,0.47,8950700,NaN,NaN,NaN,NaN,NaN,NaN,NaN
1583888400,0.475,0.485,0.45,0.455,5836200,NaN,NaN,NaN,NaN,NaN,NaN,NaN
1583974800,0.45,0.45,0.435,0.45,5802200,NaN,NaN,NaN,NaN,NaN,NaN,NaN
1584061200,0.42,0.42,0.395,0.4,10735900,NaN,NaN,NaN,NaN,NaN,NaN,NaN
1584320400,0.395,0.4,0.335,0.36,7099700,NaN,NaN,NaN,NaN,NaN,NaN,NaN
1584406800,0.31,0.35,0.31,0.34,4729500,NaN,NaN,NaN,NaN,NaN,NaN,NaN
1584493200,0.33,0.345,0.285,0.285,5569000,NaN,NaN,NaN,NaN,NaN,NaN,NaN
1584579600,0.28,0.295,0.275,0.295,4289900,NaN,NaN,NaN,NaN,NaN,NaN,NaN
1584666000,0.28,0.325,0.28,0.3,3970400,NaN,NaN,NaN,NaN,NaN,NaN,NaN
1584925200,0.285,0.295,0.28,0.285,2666800,NaN,NaN,NaN,NaN,NaN,NaN,NaN
1585011600,0.295,0.325,0.295,0.31,3129400,NaN,NaN,NaN,NaN,NaN,NaN,NaN
1585098000,0.33,0.345,0.305,0.32,4289500,NaN,NaN,NaN,NaN,NaN,NaN,NaN
1585184400,0.325,0.385,0.32,0.37,11029300,NaN,NaN,NaN,NaN,NaN,NaN,NaN
1585270800,0.385,0.42,0.385,0.385,10111900,NaN,NaN,NaN,NaN,NaN,NaN,NaN
1585530000,0.38,0.39,0.365,0.39,3403900,NaN,NaN,NaN,NaN,NaN,NaN,NaN
1585616400,0.395,0.41,0.385,0.395,3800300,4537436037,13196982000,5539573000,15783000,195854000,7189048000,0
1585702800,0.395,0.41,0.38,0.39,3485600,NaN,NaN,NaN,NaN,NaN,NaN,NaN
1585789200,0.385,0.405,0.385,0.4,1872100,NaN,NaN,NaN,NaN,NaN,NaN,NaN
1585875600,0.405,0.41,0.39,0.395,2483000,NaN,NaN,NaN,NaN,NaN,NaN,NaN
1586134800,0.395,0.42,0.395,0.405,2960400,NaN,NaN,NaN,NaN,NaN,NaN,NaN
1586221200,0.415,0.43,0.41,0.415,7292500,NaN,NaN,NaN,NaN,NaN,NaN,NaN
1586307600,0.415,0.445,0.405,0.42,14380600,NaN,NaN,NaN,NaN,NaN,NaN,NaN
1586394000,0.435,0.44,0.415,0.425,6032600,NaN,NaN,NaN,NaN,NaN,NaN,NaN
1586480400,0.42,0.425,0.41,0.415,3837800,NaN,NaN,NaN,NaN,NaN,NaN,NaN
1586739600,0.41,0.42,0.385,0.39,4258600,NaN,NaN,NaN,NaN,NaN,NaN,NaN
1586826000,0.395,0.41,0.395,0.405,2957000,NaN,NaN,NaN,NaN,NaN,NaN,NaN
1586912400,0.405,0.425,0.405,0.41,9367000,NaN,NaN,NaN,NaN,NaN,NaN,NaN
1586998800,0.405,0.42,0.405,0.41,4646300,NaN,NaN,NaN,NaN,NaN,NaN,NaN
1587085200,0.42,0.425,0.405,0.41,11273500,NaN,NaN,NaN,NaN,NaN,NaN,NaN
1587344400,0.415,0.435,0.415,0.415,14341100,NaN,NaN,NaN,NaN,NaN,NaN,NaN
1587430800,0.415,0.425,0.395,0.4,10952700,NaN,NaN,NaN,NaN,NaN,NaN,NaN
1587517200,0.395,0.415,0.39,0.41,4134200,NaN,NaN,NaN,NaN,NaN,NaN,NaN
1587603600,0.415,0.45,0.405,0.43,17923500,NaN,NaN,NaN,NaN,NaN,NaN,NaN
1587690000,0.46,0.48,0.44,0.45,43956100,NaN,NaN,NaN,NaN,NaN,NaN,NaN
1587949200,0.455,0.46,0.435,0.445,7759000,NaN,NaN,NaN,NaN,NaN,NaN,NaN
1588035600,0.445,0.445,0.415,0.425,10143800,NaN,NaN,NaN,NaN,NaN,NaN,NaN
1588122000,0.425,0.43,0.415,0.425,7124400,NaN,NaN,NaN,NaN,NaN,NaN,NaN
1588208400,0.43,0.435,0.425,0.43,6904300,NaN,NaN,NaN,NaN,NaN,NaN,NaN
1588554000,0.425,0.43,0.42,0.425,4648100,NaN,NaN,NaN,NaN,NaN,NaN,NaN
1588640400,0.435,0.455,0.425,0.455,11498900,NaN,NaN,NaN,NaN,NaN,NaN,NaN
1588726800,0.455,0.46,0.44,0.44,7895300,NaN,NaN,NaN,NaN,NaN,NaN,NaN
1588899600,0.44,0.45,0.44,0.445,4131200,NaN,NaN,NaN,NaN,NaN,NaN,NaN
1589245200,0.445,0.445,0.435,0.44,4272300,NaN,NaN,NaN,NaN,NaN,NaN,NaN
1589331600,0.435,0.44,0.43,0.435,2800400,NaN,NaN,NaN,NaN,NaN,NaN,NaN
1589418000,0.43,0.435,0.42,0.43,1980100,NaN,NaN,NaN,NaN,NaN,NaN,NaN
1589504400,0.43,0.43,0.415,0.415,5749500,NaN,NaN,NaN,NaN,NaN,NaN,NaN
1589763600,0.42,0.455,0.415,0.455,21963000,NaN,NaN,NaN,NaN,NaN,NaN,NaN
1589850000,0.475,0.49,0.435,0.435,22367400,NaN,NaN,NaN,NaN,NaN,NaN,NaN
1589936400,0.435,0.445,0.43,0.44,2286400,NaN,NaN,NaN,NaN,NaN,NaN,NaN
1590022800,0.44,0.47,0.435,0.455,19916000,NaN,NaN,NaN,NaN,NaN,NaN,NaN
1590109200,0.46,0.465,0.425,0.435,7564200,NaN,NaN,NaN,NaN,NaN,NaN,NaN
1590541200,0.44,0.455,0.44,0.445,8845300,NaN,NaN,NaN,NaN,NaN,NaN,NaN
1590627600,0.45,0.45,0.435,0.435,1436400,NaN,NaN,NaN,NaN,NaN,NaN,NaN
1590714000,0.435,0.52,0.435,0.48,48878100,NaN,NaN,NaN,NaN,NaN,NaN,NaN
1590973200,0.475,0.49,0.45,0.455,14143800,NaN,NaN,NaN,NaN,NaN,NaN,NaN
1591059600,0.455,0.475,0.45,0.47,7974700,NaN,NaN,NaN,NaN,NaN,NaN,NaN
1591146000,0.475,0.505,0.465,0.495,18210500,NaN,NaN,NaN,NaN,NaN,NaN,NaN
1591232400,0.51,0.545,0.5,0.54,38999400,NaN,NaN,NaN,NaN,NaN,NaN,NaN
1591318800,0.55,0.575,0.515,0.515,34537400,NaN,NaN,NaN,NaN,NaN,NaN,NaN
1591664400,0.54,0.545,0.505,0.51,17631800,NaN,NaN,NaN,NaN,NaN,NaN,NaN
1591750800,0.51,0.53,0.51,0.52,7743100,NaN,NaN,NaN,NaN,NaN,NaN,NaN
1591837200,0.52,0.52,0.495,0.505,6367400,NaN,NaN,NaN,NaN,NaN,NaN,NaN
1591923600,0.485,0.495,0.46,0.495,6133100,NaN,NaN,NaN,NaN,NaN,NaN,NaN
1592182800,0.49,0.49,0.435,0.45,9773200,NaN,NaN,NaN,NaN,NaN,NaN,NaN
1592269200,0.46,0.48,0.46,0.475,2971000,NaN,NaN,NaN,NaN,NaN,NaN,NaN
1592355600,0.48,0.48,0.465,0.475,3241100,NaN,NaN,NaN,NaN,NaN,NaN,NaN
1592442000,0.475,0.475,0.455,0.46,1536600,NaN,NaN,NaN,NaN,NaN,NaN,NaN
1592528400,0.465,0.465,0.45,0.45,7000000,NaN,NaN,NaN,NaN,NaN,NaN,NaN
1592787600,0.45,0.465,0.45,0.46,4337900,NaN,NaN,NaN,NaN,NaN,NaN,NaN
1592874000,0.465,0.465,0.445,0.45,3769600,NaN,NaN,NaN,NaN,NaN,NaN,NaN
1592960400,0.45,0.46,0.435,0.44,3924200,NaN,NaN,NaN,NaN,NaN,NaN,NaN
1593046800,0.435,0.44,0.43,0.43,3377000,NaN,NaN,NaN,NaN,NaN,NaN,NaN
1593133200,0.435,0.44,0.425,0.425,2889500,NaN,NaN,NaN,NaN,NaN,NaN,NaN
1593392400,0.425,0.43,0.415,0.43,2110100,NaN,NaN,NaN,NaN,NaN,NaN,NaN
1593478800,0.43,0.435,0.42,0.435,1254900,4537436037,13733815000,6218645000,-79590000,111957000,7047127000,0
1593565200,0.43,0.43,0.425,0.425,1643900,NaN,NaN,NaN,NaN,NaN,NaN,NaN
1593651600,0.43,0.445,0.425,0.445,2978600,NaN,NaN,NaN,NaN,NaN,NaN,NaN
1593738000,0.445,0.455,0.44,0.44,3274700,NaN,NaN,NaN,NaN,NaN,NaN,NaN
1593997200,0.445,0.475,0.445,0.47,5583100,NaN,NaN,NaN,NaN,NaN,NaN,NaN
1594083600,0.475,0.475,0.45,0.455,2985000,NaN,NaN,NaN,NaN,NaN,NaN,NaN
1594170000,0.455,0.455,0.435,0.44,4335800,NaN,NaN,NaN,NaN,NaN,NaN,NaN
1594256400,0.445,0.445,0.435,0.435,5289100,NaN,NaN,NaN,NaN,NaN,NaN,NaN
1594342800,0.44,0.45,0.43,0.44,8606600,NaN,NaN,NaN,NaN,NaN,NaN,NaN
1594602000,0.44,0.44,0.43,0.435,3499300,NaN,NaN,NaN,NaN,NaN,NaN,NaN
1594688400,0.435,0.435,0.425,0.435,1994500,NaN,NaN,NaN,NaN,NaN,NaN,NaN
1594774800,0.435,0.435,0.425,0.43,3346700,NaN,NaN,NaN,NaN,NaN,NaN,NaN
1594861200,0.43,0.43,0.42,0.42,4852400,NaN,NaN,NaN,NaN,NaN,NaN,NaN
1594947600,0.42,0.44,0.42,0.44,3375000,NaN,NaN,NaN,NaN,NaN,NaN,NaN
1595206800,0.435,0.435,0.425,0.425,3528300,NaN,NaN,NaN,NaN,NaN,NaN,NaN
1595293200,0.425,0.445,0.425,0.445,7332500,NaN,NaN,NaN,NaN,NaN,NaN,NaN
1595379600,0.445,0.445,0.425,0.425,3538600,NaN,NaN,NaN,NaN,NaN,NaN,NaN
1595466000,0.43,0.455,0.43,0.445,7500400,NaN,NaN,NaN,NaN,NaN,NaN,NaN
1595552400,0.44,0.445,0.43,0.435,3615300,NaN,NaN,NaN,NaN,NaN,NaN,NaN
1595811600,0.435,0.435,0.43,0.43,1494900,NaN,NaN,NaN,NaN,NaN,NaN,NaN
1595898000,0.435,0.44,0.425,0.43,5741300,NaN,NaN,NaN,NaN,NaN,NaN,NaN
1595984400,0.43,0.44,0.425,0.435,5265200,NaN,NaN,NaN,NaN,NaN,NaN,NaN
1596070800,0.44,0.445,0.425,0.425,7041100,NaN,NaN,NaN,NaN,NaN,NaN,NaN
1596416400,0.425,0.425,0.405,0.41,8108100,NaN,NaN,NaN,NaN,NaN,NaN,NaN
1596502800,0.41,0.415,0.4,0.41,4744300,NaN,NaN,NaN,NaN,NaN,NaN,NaN
1596589200,0.41,0.43,0.405,0.415,6525800,NaN,NaN,NaN,NaN,NaN,NaN,NaN
1596675600,0.42,0.42,0.41,0.415,4216700,NaN,NaN,NaN,NaN,NaN,NaN,NaN
1596762000,0.415,0.415,0.405,0.405,6555600,NaN,NaN,NaN,NaN,NaN,NaN,NaN
1597021200,0.41,0.415,0.405,0.415,3863000,NaN,NaN,NaN,NaN,NaN,NaN,NaN
1597107600,0.415,0.435,0.41,0.43,9596100,NaN,NaN,NaN,NaN,NaN,NaN,NaN
1597194000,0.43,0.43,0.41,0.415,5970000,NaN,NaN,NaN,NaN,NaN,NaN,NaN
1597280400,0.415,0.425,0.41,0.415,10579600,NaN,NaN,NaN,NaN,NaN,NaN,NaN
1597366800,0.415,0.415,0.405,0.405,4898900,NaN,NaN,NaN,NaN,NaN,NaN,NaN
1597626000,0.405,0.41,0.405,0.405,1969500,NaN,NaN,NaN,NaN,NaN,NaN,NaN
1597712400,0.405,0.41,0.4,0.405,1693600,NaN,NaN,NaN,NaN,NaN,NaN,NaN
1597798800,0.405,0.41,0.405,0.405,1261100,NaN,NaN,NaN,NaN,NaN,NaN,NaN
1597971600,0.405,0.415,0.405,0.41,1823300,NaN,NaN,NaN,NaN,NaN,NaN,NaN
1598230800,0.41,0.41,0.405,0.405,1741500,NaN,NaN,NaN,NaN,NaN,NaN,NaN
1598317200,0.405,0.41,0.4,0.405,2491600,NaN,NaN,NaN,NaN,NaN,NaN,NaN
1598403600,0.41,0.415,0.4,0.41,4179000,NaN,NaN,NaN,NaN,NaN,NaN,NaN
1598490000,0.415,0.42,0.405,0.405,2713500,NaN,NaN,NaN,NaN,NaN,NaN,NaN
1598576400,0.41,0.415,0.405,0.405,2560000,NaN,NaN,NaN,NaN,NaN,NaN,NaN
1598922000,0.405,0.405,0.4,0.405,3506600,NaN,NaN,NaN,NaN,NaN,NaN,NaN
1599008400,0.4,0.405,0.4,0.4,1289500,NaN,NaN,NaN,NaN,NaN,NaN,NaN
1599094800,0.4,0.405,0.395,0.395,5751900,NaN,NaN,NaN,NaN,NaN,NaN,NaN
1599181200,0.395,0.4,0.39,0.39,3959400,NaN,NaN,NaN,NaN,NaN,NaN,NaN
1599440400,0.395,0.41,0.385,0.39,6985500,NaN,NaN,NaN,NaN,NaN,NaN,NaN
1599526800,0.39,0.39,0.38,0.385,3618500,NaN,NaN,NaN,NaN,NaN,NaN,NaN
1599613200,0.38,0.385,0.375,0.38,4663300,NaN,NaN,NaN,NaN,NaN,NaN,NaN
1599699600,0.38,0.38,0.36,0.37,7302100,NaN,NaN,NaN,NaN,NaN,NaN,NaN
1599786000,0.37,0.38,0.36,0.38,7233100,NaN,NaN,NaN,NaN,NaN,NaN,NaN
1600045200,0.38,0.385,0.37,0.375,7494300,NaN,NaN,NaN,NaN,NaN,NaN,NaN
1600131600,0.38,0.39,0.375,0.39,2887800,NaN,NaN,NaN,NaN,NaN,NaN,NaN
1600304400,0.4,0.405,0.385,0.39,7976500,NaN,NaN,NaN,NaN,NaN,NaN,NaN
1600390800,0.395,0.4,0.395,0.395,18792200,NaN,NaN,NaN,NaN,NaN,NaN,NaN
1600650000,0.395,0.395,0.385,0.385,987100,NaN,NaN,NaN,NaN,NaN,NaN,NaN
1600736400,0.38,0.385,0.375,0.38,1379600,NaN,NaN,NaN,NaN,NaN,NaN,NaN
1600822800,0.38,0.385,0.375,0.38,1048500,NaN,NaN,NaN,NaN,NaN,NaN,NaN
1600909200,0.375,0.38,0.375,0.375,785200,NaN,NaN,NaN,NaN,NaN,NaN,NaN
1600995600,0.375,0.38,0.37,0.37,1205100,NaN,NaN,NaN,NaN,NaN,NaN,NaN
1601254800,0.375,0.375,0.37,0.37,543200,NaN,NaN,NaN,NaN,NaN,NaN,NaN
1601341200,0.37,0.375,0.365,0.365,2681500,NaN,NaN,NaN,NaN,NaN,NaN,NaN
1601427600,0.365,0.37,0.365,0.365,1016000,4537436037,13958382000,6465814000,-798000,217435000,7024784000,0
1601514000,0.37,0.375,0.365,0.375,2974300,NaN,NaN,NaN,NaN,NaN,NaN,NaN
1601600400,0.37,0.375,0.355,0.36,3354600,NaN,NaN,NaN,NaN,NaN,NaN,NaN
1601859600,0.4,0.415,0.38,0.39,22546200,NaN,NaN,NaN,NaN,NaN,NaN,NaN
1601946000,0.4,0.41,0.385,0.39,6959200,NaN,NaN,NaN,NaN,NaN,NaN,NaN
1602032400,0.395,0.395,0.385,0.39,1850900,NaN,NaN,NaN,NaN,NaN,NaN,NaN
1602118800,0.395,0.395,0.375,0.38,4072000,NaN,NaN,NaN,NaN,NaN,NaN,NaN
1602205200,0.38,0.39,0.375,0.39,2312900,NaN,NaN,NaN,NaN,NaN,NaN,NaN
1602464400,0.39,0.39,0.385,0.385,1988400,NaN,NaN,NaN,NaN,NaN,NaN,NaN
1602550800,0.385,0.39,0.385,0.39,744900,NaN,NaN,NaN,NaN,NaN,NaN,NaN
1602637200,0.39,0.39,0.38,0.385,1249100,NaN,NaN,NaN,NaN,NaN,NaN,NaN
1602723600,0.385,0.385,0.38,0.385,828600,NaN,NaN,NaN,NaN,NaN,NaN,NaN
1602810000,0.385,0.39,0.38,0.385,3265900,NaN,NaN,NaN,NaN,NaN,NaN,NaN
1603069200,0.385,0.39,0.38,0.385,1977100,NaN,NaN,NaN,NaN,NaN,NaN,NaN
1603155600,0.38,0.385,0.375,0.385,1568700,NaN,NaN,NaN,NaN,NaN,NaN,NaN
1603242000,0.385,0.39,0.38,0.38,1634400,NaN,NaN,NaN,NaN,NaN,NaN,NaN
1603328400,0.38,0.385,0.38,0.38,416900,NaN,NaN,NaN,NaN,NaN,NaN,NaN
1603414800,0.385,0.385,0.375,0.38,1221700,NaN,NaN,NaN,NaN,NaN,NaN,NaN
1603674000,0.38,0.38,0.36,0.37,1651400,NaN,NaN,NaN,NaN,NaN,NaN,NaN
1603760400,0.37,0.385,0.365,0.385,4010800,NaN,NaN,NaN,NaN,NaN,NaN,NaN
1603846800,0.385,0.385,0.375,0.38,1428200,NaN,NaN,NaN,NaN,NaN,NaN,NaN
1604019600,0.375,0.38,0.365,0.37,1071300,NaN,NaN,NaN,NaN,NaN,NaN,NaN
1604278800,0.37,0.37,0.365,0.37,895100,NaN,NaN,NaN,NaN,NaN,NaN,NaN
1604365200,0.37,0.375,0.365,0.365,758600,NaN,NaN,NaN,NaN,NaN,NaN,NaN
1604451600,0.37,0.38,0.37,0.38,644200,NaN,NaN,NaN,NaN,NaN,NaN,NaN
1604538000,0.38,0.415,0.38,0.41,8282500,NaN,NaN,NaN,NaN,NaN,NaN,NaN
1604624400,0.41,0.415,0.4,0.405,2794200,NaN,NaN,NaN,NaN,NaN,NaN,NaN
1604883600,0.41,0.415,0.39,0.405,2184300,NaN,NaN,NaN,NaN,NaN,NaN,NaN
1604970000,0.41,0.415,0.405,0.415,4059200,NaN,NaN,NaN,NaN,NaN,NaN,NaN
1605056400,0.415,0.415,0.405,0.405,1987100,NaN,NaN,NaN,NaN,NaN,NaN,NaN
1605142800,0.41,0.41,0.395,0.395,3327800,NaN,NaN,NaN,NaN,NaN,NaN,NaN
1605229200,0.395,0.41,0.395,0.41,1680600,NaN,NaN,NaN,NaN,NaN,NaN,NaN
1605488400,0.41,0.435,0.405,0.43,5612000,NaN,NaN,NaN,NaN,NaN,NaN,NaN
1605574800,0.435,0.44,0.415,0.43,7156900,NaN,NaN,NaN,NaN,NaN,NaN,NaN
1605661200,0.425,0.44,0.425,0.44,3504300,NaN,NaN,NaN,NaN,NaN,NaN,NaN
1605747600,0.44,0.44,0.42,0.43,3075000,NaN,NaN,NaN,NaN,NaN,NaN,NaN
1605834000,0.43,0.43,0.405,0.405,11596300,NaN,NaN,NaN,NaN,NaN,NaN,NaN
1606093200,0.405,0.42,0.405,0.42,1481600,NaN,NaN,NaN,NaN,NaN,NaN,NaN
1606179600,0.415,0.42,0.4,0.4,1757700,NaN,NaN,NaN,NaN,NaN,NaN,NaN
1606266000,0.405,0.415,0.4,0.415,2156700,NaN,NaN,NaN,NaN,NaN,NaN,NaN
1606352400,0.41,0.415,0.405,0.41,667500,NaN,NaN,NaN,NaN,NaN,NaN,NaN
1606438800,0.41,0.415,0.405,0.405,2242200,NaN,NaN,NaN,NaN,NaN,NaN,NaN
1606698000,0.405,0.425,0.405,0.425,7415700,NaN,NaN,NaN,NaN,NaN,NaN,NaN
1606784400,0.42,0.43,0.415,0.425,6635700,NaN,NaN,NaN,NaN,NaN,NaN,NaN
1606870800,0.43,0.43,0.41,0.415,5659900,NaN,NaN,NaN,NaN,NaN,NaN,NaN
1606957200,0.42,0.46,0.415,0.46,15711900,NaN,NaN,NaN,NaN,NaN,NaN,NaN
1607043600,0.46,0.465,0.44,0.45,6962600,NaN,NaN,NaN,NaN,NaN,NaN,NaN
1607302800,0.455,0.49,0.45,0.49,13251500,NaN,NaN,NaN,NaN,NaN,NaN,NaN
1607389200,0.49,0.51,0.48,0.485,15705300,NaN,NaN,NaN,NaN,NaN,NaN,NaN
1607475600,0.485,0.49,0.48,0.49,5152600,NaN,NaN,NaN,NaN,NaN,NaN,NaN
1607562000,0.495,0.495,0.475,0.48,4857300,NaN,NaN,NaN,NaN,NaN,NaN,NaN
1607648400,0.485,0.485,0.475,0.485,2402000,NaN,NaN,NaN,NaN,NaN,NaN,NaN
1607907600,0.49,0.52,0.48,0.515,16206900,NaN,NaN,NaN,NaN,NaN,NaN,NaN
1607994000,0.515,0.535,0.5,0.52,14054600,NaN,NaN,NaN,NaN,NaN,NaN,NaN
1608080400,0.525,0.53,0.51,0.515,7268900,NaN,NaN,NaN,NaN,NaN,NaN,NaN
1608166800,0.52,0.52,0.5,0.505,4476300,NaN,NaN,NaN,NaN,NaN,NaN,NaN
1608253200,0.51,0.51,0.48,0.485,6603500,NaN,NaN,NaN,NaN,NaN,NaN,NaN
1608512400,0.49,0.49,0.47,0.48,3309900,NaN,NaN,NaN,NaN,NaN,NaN,NaN
1608598800,0.48,0.48,0.455,0.46,4489800,NaN,NaN,NaN,NaN,NaN,NaN,NaN
1608685200,0.46,0.475,0.46,0.475,1760200,NaN,NaN,NaN,NaN,NaN,NaN,NaN
1608771600,0.48,0.48,0.47,0.48,1129000,NaN,NaN,NaN,NaN,NaN,NaN,NaN
1609117200,0.485,0.5,0.48,0.495,2261400,NaN,NaN,NaN,NaN,NaN,NaN,NaN
1609203600,0.5,0.5,0.49,0.49,1398600,NaN,NaN,NaN,NaN,NaN,NaN,NaN
1609290000,0.49,0.5,0.485,0.49,1139500,NaN,NaN,NaN,NaN,NaN,NaN,NaN
1609376400,0.5,0.51,0.495,0.495,5450000,5058476221,13479913000,6109332000,48118000,611635000,6901607000,0
1609722000,0.485,0.485,0.46,0.48,4618500,NaN,NaN,NaN,NaN,NaN,NaN,NaN
1609808400,0.475,0.48,0.465,0.48,1919300,NaN,NaN,NaN,NaN,NaN,NaN,NaN
1609894800,0.48,0.485,0.465,0.48,5475000,NaN,NaN,NaN,NaN,NaN,NaN,NaN
1609981200,0.47,0.48,0.455,0.475,5533200,NaN,NaN,NaN,NaN,NaN,NaN,NaN
1610067600,0.46,0.46,0.43,0.435,4402600,NaN,NaN,NaN,NaN,NaN,NaN,NaN
1610326800,0.435,0.435,0.425,0.43,2939500,NaN,NaN,NaN,NaN,NaN,NaN,NaN
1610413200,0.425,0.44,0.415,0.43,1745200,NaN,NaN,NaN,NaN,NaN,NaN,NaN
1610499600,0.43,0.45,0.43,0.435,5513300,NaN,NaN,NaN,NaN,NaN,NaN,NaN
1610586000,0.435,0.435,0.42,0.425,5179700,NaN,NaN,NaN,NaN,NaN,NaN,NaN
1610672400,0.43,0.435,0.415,0.415,6115000,NaN,NaN,NaN,NaN,NaN,NaN,NaN
1610931600,0.415,0.42,0.415,0.42,2223100,NaN,NaN,NaN,NaN,NaN,NaN,NaN
1611018000,0.42,0.425,0.415,0.42,4610100,NaN,NaN,NaN,NaN,NaN,NaN,NaN
1611104400,0.42,0.42,0.405,0.405,7281200,NaN,NaN,NaN,NaN,NaN,NaN,NaN
1611190800,0.41,0.415,0.405,0.405,3249600,NaN,NaN,NaN,NaN,NaN,NaN,NaN
1611277200,0.405,0.41,0.4,0.405,4091700,NaN,NaN,NaN,NaN,NaN,NaN,NaN
1611536400,0.405,0.405,0.385,0.39,6847900,NaN,NaN,NaN,NaN,NaN,NaN,NaN
1611622800,0.39,0.395,0.385,0.39,3436300,NaN,NaN,NaN,NaN,NaN,NaN,NaN
1611709200,0.385,0.39,0.38,0.38,7657600,NaN,NaN,NaN,NaN,NaN,NaN,NaN
1611882000,0.38,0.385,0.37,0.375,6069700,NaN,NaN,NaN,NaN,NaN,NaN,NaN
1612227600,0.375,0.38,0.37,0.37,6233400,NaN,NaN,NaN,NaN,NaN,NaN,NaN
1612314000,0.37,0.395,0.37,0.395,3322000,NaN,NaN,NaN,NaN,NaN,NaN,NaN
1612400400,0.39,0.41,0.39,0.41,5140700,NaN,NaN,NaN,NaN,NaN,NaN,NaN
1612486800,0.41,0.41,0.39,0.4,1470600,NaN,NaN,NaN,NaN,NaN,NaN,NaN
1612746000,0.4,0.405,0.395,0.405,2325800,NaN,NaN,NaN,NaN,NaN,NaN,NaN
1612832400,0.405,0.405,0.395,0.395,1438900,NaN,NaN,NaN,NaN,NaN,NaN,NaN
1612918800,0.395,0.4,0.395,0.395,575700,NaN,NaN,NaN,NaN,NaN,NaN,NaN
1613005200,0.395,0.4,0.395,0.4,599100,NaN,NaN,NaN,NaN,NaN,NaN,NaN
1613350800,0.4,0.405,0.395,0.4,2044900,NaN,NaN,NaN,NaN,NaN,NaN,NaN
1613437200,0.405,0.42,0.405,0.42,3398500,NaN,NaN,NaN,NaN,NaN,NaN,NaN
1613523600,0.42,0.42,0.41,0.415,985000,NaN,NaN,NaN,NaN,NaN,NaN,NaN
1613610000,0.415,0.42,0.405,0.41,2864800,NaN,NaN,NaN,NaN,NaN,NaN,NaN
1613696400,0.41,0.415,0.405,0.41,1347300,NaN,NaN,NaN,NaN,NaN,NaN,NaN
1613955600,0.41,0.415,0.405,0.41,1992000,NaN,NaN,NaN,NaN,NaN,NaN,NaN
1614042000,0.41,0.415,0.4,0.405,2962700,NaN,NaN,NaN,NaN,NaN,NaN,NaN
1614128400,0.41,0.41,0.4,0.405,1493900,NaN,NaN,NaN,NaN,NaN,NaN,NaN
1614214800,0.405,0.41,0.4,0.405,1330100,NaN,NaN,NaN,NaN,NaN,NaN,NaN
1614301200,0.41,0.41,0.4,0.4,2810800,NaN,NaN,NaN,NaN,NaN,NaN,NaN
1614560400,0.4,0.415,0.4,0.41,4709300,NaN,NaN,NaN,NaN,NaN,NaN,NaN
1614646800,0.415,0.435,0.41,0.41,7520500,NaN,NaN,NaN,NaN,NaN,NaN,NaN
1614733200,0.41,0.415,0.4,0.41,4292900,NaN,NaN,NaN,NaN,NaN,NaN,NaN
1614819600,0.41,0.42,0.405,0.41,1719500,NaN,NaN,NaN,NaN,NaN,NaN,NaN
1614906000,0.415,0.435,0.41,0.43,10302000,NaN,NaN,NaN,NaN,NaN,NaN,NaN
1615165200,0.435,0.44,0.425,0.425,7045800,NaN,NaN,NaN,NaN,NaN,NaN,NaN
1615251600,0.425,0.47,0.425,0.47,28015000,NaN,NaN,NaN,NaN,NaN,NaN,NaN
1615338000,0.475,0.48,0.455,0.46,13275800,NaN,NaN,NaN,NaN,NaN,NaN,NaN
1615424400,0.475,0.49,0.47,0.49,14172100,NaN,NaN,NaN,NaN,NaN,NaN,NaN
1615510800,0.49,0.495,0.475,0.485,6982800,NaN,NaN,NaN,NaN,NaN,NaN,NaN
1615770000,0.49,0.495,0.475,0.495,9182100,NaN,NaN,NaN,NaN,NaN,NaN,NaN
1615856400,0.495,0.495,0.475,0.475,5339200,NaN,NaN,NaN,NaN,NaN,NaN,NaN
1615942800,0.475,0.48,0.465,0.475,4402200,NaN,NaN,NaN,NaN,NaN,NaN,NaN
1616029200,0.475,0.49,0.46,0.46,7099200,NaN,NaN,NaN,NaN,NaN,NaN,NaN
1616115600,0.46,0.47,0.45,0.45,4186200,NaN,NaN,NaN,NaN,NaN,NaN,NaN
1616374800,0.455,0.46,0.45,0.455,2447900,NaN,NaN,NaN,NaN,NaN,NaN,NaN
1616461200,0.455,0.465,0.445,0.455,3539600,NaN,NaN,NaN,NaN,NaN,NaN,NaN
1616547600,0.45,0.455,0.445,0.45,2302900,NaN,NaN,NaN,NaN,NaN,NaN,NaN
1616634000,0.455,0.46,0.44,0.445,4576100,NaN,NaN,NaN,NaN,NaN,NaN,NaN
1616720400,0.45,0.46,0.44,0.45,5495600,NaN,NaN,NaN,NaN,NaN,NaN,NaN
1616979600,0.455,0.46,0.445,0.445,4289100,NaN,NaN,NaN,NaN,NaN,NaN,NaN
1617066000,0.455,0.455,0.435,0.44,3624000,NaN,NaN,NaN,NaN,NaN,NaN,NaN
1617152400,0.445,0.445,0.425,0.435,3462200,5058476221,13905803000,6520289000,17036000,252693000,6916172000,0
1617238800,0.43,0.46,0.425,0.445,7687300,NaN,NaN,NaN,NaN,NaN,NaN,NaN
1617325200,0.445,0.45,0.44,0.445,1840000,NaN,NaN,NaN,NaN,NaN,NaN,NaN
1617584400,0.445,0.47,0.445,0.465,7475700,NaN,NaN,NaN,NaN,NaN,NaN,NaN
1617670800,0.465,0.47,0.455,0.455,6653300,NaN,NaN,NaN,NaN,NaN,NaN,NaN
1617757200,0.46,0.46,0.45,0.45,4072600,NaN,NaN,NaN,NaN,NaN,NaN,NaN
1617843600,0.455,0.455,0.445,0.445,3018400,NaN,NaN,NaN,NaN,NaN,NaN,NaN
1617930000,0.45,0.45,0.445,0.45,2030300,NaN,NaN,NaN,NaN,NaN,NaN,NaN
1618189200,0.45,0.45,0.44,0.445,3166100,NaN,NaN,NaN,NaN,NaN,NaN,NaN
1618275600,0.44,0.445,0.435,0.435,2740700,NaN,NaN,NaN,NaN,NaN,NaN,NaN
1618362000,0.435,0.445,0.435,0.445,2020300,NaN,NaN,NaN,NaN,NaN,NaN,NaN
1618448400,0.445,0.45,0.435,0.44,2959800,NaN,NaN,NaN,NaN,NaN,NaN,NaN
1618534800,0.44,0.44,0.43,0.435,1634700,NaN,NaN,NaN,NaN,NaN,NaN,NaN
1618794000,0.435,0.435,0.425,0.43,2185400,NaN,NaN,NaN,NaN,NaN,NaN,NaN
1618880400,0.43,0.44,0.43,0.44,1862000,NaN,NaN,NaN,NaN,NaN,NaN,NaN
1618966800,0.44,0.445,0.435,0.435,1722000,NaN,NaN,NaN,NaN,NaN,NaN,NaN
1619053200,0.44,0.45,0.435,0.445,1324400,NaN,NaN,NaN,NaN,NaN,NaN,NaN
1619139600,0.44,0.44,0.435,0.44,624900,NaN,NaN,NaN,NaN,NaN,NaN,NaN
1619398800,0.435,0.44,0.43,0.44,1740600,NaN,NaN,NaN,NaN,NaN,NaN,NaN
1619485200,0.44,0.44,0.425,0.425,2645900,NaN,NaN,NaN,NaN,NaN,NaN,NaN
1619571600,0.425,0.43,0.425,0.425,1321900,NaN,NaN,NaN,NaN,NaN,NaN,NaN
1619744400,0.425,0.435,0.425,0.425,1560600,NaN,NaN,NaN,NaN,NaN,NaN,NaN
1620003600,0.425,0.425,0.41,0.415,3996100,NaN,NaN,NaN,NaN,NaN,NaN,NaN
1620090000,0.415,0.425,0.415,0.42,3400200,NaN,NaN,NaN,NaN,NaN,NaN,NaN
1620176400,0.42,0.425,0.42,0.425,850600,NaN,NaN,NaN,NaN,NaN,NaN,NaN
1620262800,0.42,0.425,0.405,0.42,3495800,NaN,NaN,NaN,NaN,NaN,NaN,NaN
1620349200,0.42,0.42,0.415,0.415,840900,NaN,NaN,NaN,NaN,NaN,NaN,NaN
1620608400,0.415,0.42,0.41,0.42,1372900,NaN,NaN,NaN,NaN,NaN,NaN,NaN
1620694800,0.41,0.415,0.41,0.415,1923800,NaN,NaN,NaN,NaN,NaN,NaN,NaN
1620781200,0.415,0.415,0.41,0.415,670200,NaN,NaN,NaN,NaN,NaN,NaN,NaN
1621213200,0.415,0.42,0.41,0.415,4315300,NaN,NaN,NaN,NaN,NaN,NaN,NaN
1621299600,0.41,0.42,0.41,0.42,760900,NaN,NaN,NaN,NaN,NaN,NaN,NaN
1621386000,0.42,0.42,0.415,0.415,4111300,NaN,NaN,NaN,NaN,NaN,NaN,NaN
1621472400,0.415,0.42,0.41,0.415,3797200,NaN,NaN,NaN,NaN,NaN,NaN,NaN
1621558800,0.415,0.415,0.4,0.41,2792000,NaN,NaN,NaN,NaN,NaN,NaN,NaN
1621818000,0.41,0.42,0.41,0.42,4959900,NaN,NaN,NaN,NaN,NaN,NaN,NaN
1621904400,0.42,0.42,0.41,0.41,10961300,NaN,NaN,NaN,NaN,NaN,NaN,NaN
1622077200,0.415,0.42,0.41,0.415,7454100,NaN,NaN,NaN,NaN,NaN,NaN,NaN
1622163600,0.415,0.425,0.41,0.415,14110700,NaN,NaN,NaN,NaN,NaN,NaN,NaN
1622422800,0.4,0.415,0.4,0.415,2181500,NaN,NaN,NaN,NaN,NaN,NaN,NaN
1622509200,0.415,0.415,0.405,0.41,1955000,NaN,NaN,NaN,NaN,NaN,NaN,NaN
1622595600,0.41,0.42,0.41,0.42,1158300,NaN,NaN,NaN,NaN,NaN,NaN,NaN
1622682000,0.42,0.425,0.41,0.42,954700,NaN,NaN,NaN,NaN,NaN,NaN,NaN
1622768400,0.415,0.425,0.415,0.42,4825200,NaN,NaN,NaN,NaN,NaN,NaN,NaN
1623114000,0.425,0.44,0.42,0.425,5063000,NaN,NaN,NaN,NaN,NaN,NaN,NaN
1623200400,0.425,0.43,0.425,0.425,2184900,NaN,NaN,NaN,NaN,NaN,NaN,NaN
1623286800,0.43,0.43,0.425,0.425,931700,NaN,NaN,NaN,NaN,NaN,NaN,NaN
1623373200,0.425,0.43,0.415,0.42,4400700,NaN,NaN,NaN,NaN,NaN,NaN,NaN
1623632400,0.425,0.425,0.42,0.42,2269800,NaN,NaN,NaN,NaN,NaN,NaN,NaN
1623718800,0.425,0.425,0.42,0.42,4309400,NaN,NaN,NaN,NaN,NaN,NaN,NaN
1623805200,0.42,0.42,0.41,0.415,2937600,NaN,NaN,NaN,NaN,NaN,NaN,NaN
1623891600,0.415,0.42,0.41,0.415,2073800,NaN,NaN,NaN,NaN,NaN,NaN,NaN
1623978000,0.41,0.42,0.41,0.415,1800900,NaN,NaN,NaN,NaN,NaN,NaN,NaN
1624237200,0.41,0.42,0.41,0.415,5369600,NaN,NaN,NaN,NaN,NaN,NaN,NaN
1624323600,0.415,0.415,0.41,0.41,4752200,NaN,NaN,NaN,NaN,NaN,NaN,NaN
1624410000,0.405,0.415,0.405,0.415,741500,NaN,NaN,NaN,NaN,NaN,NaN,NaN
1624496400,0.41,0.415,0.405,0.41,1108800,NaN,NaN,NaN,NaN,NaN,NaN,NaN
1624582800,0.405,0.41,0.405,0.405,1311400,NaN,NaN,NaN,NaN,NaN,NaN,NaN
1624842000,0.405,0.405,0.4,0.4,2064200,NaN,NaN,NaN,NaN,NaN,NaN,NaN
1624928400,0.4,0.405,0.395,0.395,1364200,NaN,NaN,NaN,NaN,NaN,NaN,NaN
1625014800,0.395,0.4,0.39,0.39,1386900,5058476221,13254098000,6243705000,7937000,249142000,6908041000,0
1625101200,0.395,0.4,0.39,0.4,727000,NaN,NaN,NaN,NaN,NaN,NaN,NaN
1625187600,0.395,0.4,0.39,0.395,635300,NaN,NaN,NaN,NaN,NaN,NaN,NaN
1625446800,0.395,0.4,0.39,0.39,1359700,NaN,NaN,NaN,NaN,NaN,NaN,NaN
1625533200,0.395,0.4,0.395,0.395,718600,NaN,NaN,NaN,NaN,NaN,NaN,NaN
1625619600,0.4,0.4,0.39,0.395,982600,NaN,NaN,NaN,NaN,NaN,NaN,NaN
1625706000,0.395,0.395,0.385,0.39,2435300,NaN,NaN,NaN,NaN,NaN,NaN,NaN
1625792400,0.385,0.395,0.385,0.39,1773400,NaN,NaN,NaN,NaN,NaN,NaN,NaN
1626051600,0.39,0.395,0.385,0.395,1276100,NaN,NaN,NaN,NaN,NaN,NaN,NaN
1626138000,0.39,0.39,0.385,0.39,471400,NaN,NaN,NaN,NaN,NaN,NaN,NaN
1626224400,0.39,0.39,0.385,0.385,526000,NaN,NaN,NaN,NaN,NaN,NaN,NaN
1626310800,0.385,0.39,0.38,0.385,1907800,NaN,NaN,NaN,NaN,NaN,NaN,NaN
1626397200,0.39,0.39,0.385,0.385,975000,NaN,NaN,NaN,NaN,NaN,NaN,NaN
1626656400,0.39,0.4,0.385,0.39,1398600,NaN,NaN,NaN,NaN,NaN,NaN,NaN
1626829200,0.39,0.4,0.39,0.395,1179000,NaN,NaN,NaN,NaN,NaN,NaN,NaN
1626915600,0.395,0.4,0.39,0.395,1780700,NaN,NaN,NaN,NaN,NaN,NaN,NaN
1627002000,0.395,0.395,0.385,0.385,2298700,NaN,NaN,NaN,NaN,NaN,NaN,NaN
1627261200,0.39,0.39,0.385,0.385,431200,NaN,NaN,NaN,NaN,NaN,NaN,NaN
1627347600,0.385,0.39,0.385,0.385,740900,NaN,NaN,NaN,NaN,NaN,NaN,NaN
1627434000,0.385,0.385,0.38,0.385,3196300,NaN,NaN,NaN,NaN,NaN,NaN,NaN
1627520400,0.39,0.39,0.38,0.385,1282700,NaN,NaN,NaN,NaN,NaN,NaN,NaN
1627606800,0.38,0.385,0.38,0.385,1601900,NaN,NaN,NaN,NaN,NaN,NaN,NaN
1627866000,0.38,0.385,0.375,0.38,2116000,NaN,NaN,NaN,NaN,NaN,NaN,NaN
1627952400,0.375,0.38,0.37,0.38,1139000,NaN,NaN,NaN,NaN,NaN,NaN,NaN
1628038800,0.38,0.38,0.36,0.37,6393300,NaN,NaN,NaN,NaN,NaN,NaN,NaN
1628125200,0.37,0.37,0.36,0.36,7319100,NaN,NaN,NaN,NaN,NaN,NaN,NaN
1628211600,0.36,0.365,0.35,0.355,11068600,NaN,NaN,NaN,NaN,NaN,NaN,NaN
1628470800,0.355,0.355,0.345,0.355,6508200,NaN,NaN,NaN,NaN,NaN,NaN,NaN
1628643600,0.35,0.355,0.345,0.355,2024100,NaN,NaN,NaN,NaN,NaN,NaN,NaN
1628730000,0.35,0.355,0.345,0.355,1396600,NaN,NaN,NaN,NaN,NaN,NaN,NaN
1628816400,0.35,0.355,0.35,0.35,694100,NaN,NaN,NaN,NaN,NaN,NaN,NaN
1629075600,0.35,0.355,0.35,0.355,2629500,NaN,NaN,NaN,NaN,NaN,NaN,NaN
1629162000,0.355,0.365,0.35,0.36,1649100,NaN,NaN,NaN,NaN,NaN,NaN,NaN
1629248400,0.36,0.375,0.36,0.37,4107100,NaN,NaN,NaN,NaN,NaN,NaN,NaN
1629334800,0.37,0.375,0.36,0.36,2069200,NaN,NaN,NaN,NaN,NaN,NaN,NaN
1629421200,0.365,0.37,0.36,0.37,775800,NaN,NaN,NaN,NaN,NaN,NaN,NaN
1629680400,0.37,0.375,0.36,0.365,2508500,NaN,NaN,NaN,NaN,NaN,NaN,NaN
1629766800,0.37,0.38,0.365,0.375,8218300,NaN,NaN,NaN,NaN,NaN,NaN,NaN
1629853200,0.375,0.375,0.37,0.37,2225900,NaN,NaN,NaN,NaN,NaN,NaN,NaN
1629939600,0.375,0.38,0.37,0.37,2252300,NaN,NaN,NaN,NaN,NaN,NaN,NaN
1630026000,0.375,0.375,0.37,0.37,1351600,NaN,NaN,NaN,NaN,NaN,NaN,NaN
1630285200,0.37,0.375,0.37,0.37,695100,NaN,NaN,NaN,NaN,NaN,NaN,NaN
1630458000,0.37,0.375,0.37,0.375,1464300,NaN,NaN,NaN,NaN,NaN,NaN,NaN
1630544400,0.375,0.375,0.37,0.375,2008100,NaN,NaN,NaN,NaN,NaN,NaN,NaN
1630630800,0.375,0.38,0.37,0.375,10228200,NaN,NaN,NaN,NaN,NaN,NaN,NaN
1630890000,0.375,0.395,0.375,0.39,17818900,NaN,NaN,NaN,NaN,NaN,NaN,NaN
1630976400,0.395,0.415,0.39,0.405,16659400,NaN,NaN,NaN,NaN,NaN,NaN,NaN
1631062800,0.4,0.405,0.385,0.39,10284600,NaN,NaN,NaN,NaN,NaN,NaN,NaN
1631149200,0.39,0.395,0.38,0.385,3711900,NaN,NaN,NaN,NaN,NaN,NaN,NaN
1631235600,0.385,0.395,0.38,0.385,3744700,NaN,NaN,NaN,NaN,NaN,NaN,NaN
1631494800,0.385,0.39,0.38,0.385,2456900,NaN,NaN,NaN,NaN,NaN,NaN,NaN
1631581200,0.38,0.395,0.38,0.385,3411400,NaN,NaN,NaN,NaN,NaN,NaN,NaN
1631667600,0.385,0.39,0.365,0.375,11458800,NaN,NaN,NaN,NaN,NaN,NaN,NaN
1631840400,0.375,0.375,0.36,0.37,4127500,NaN,NaN,NaN,NaN,NaN,NaN,NaN
1632099600,0.365,0.365,0.355,0.36,3926500,NaN,NaN,NaN,NaN,NaN,NaN,NaN
1632186000,0.36,0.365,0.355,0.365,1725500,NaN,NaN,NaN,NaN,NaN,NaN,NaN
1632272400,0.365,0.37,0.36,0.365,1310700,NaN,NaN,NaN,NaN,NaN,NaN,NaN
1632358800,0.365,0.375,0.365,0.37,2623600,NaN,NaN,NaN,NaN,NaN,NaN,NaN
1632445200,0.37,0.375,0.365,0.365,1374500,NaN,NaN,NaN,NaN,NaN,NaN,NaN
1632704400,0.365,0.37,0.365,0.365,974600,NaN,NaN,NaN,NaN,NaN,NaN,NaN
1632790800,0.37,0.37,0.365,0.37,293700,NaN,NaN,NaN,NaN,NaN,NaN,NaN
1632877200,0.365,0.37,0.365,0.365,1126800,NaN,NaN,NaN,NaN,NaN,NaN,NaN
1632963600,0.365,0.37,0.365,0.37,2908500,5058476221,13097826000,6156191000,-5492000,213043000,6837246000,0
1633050000,0.37,0.37,0.36,0.365,2257600,NaN,NaN,NaN,NaN,NaN,NaN,NaN
1633309200,0.365,0.375,0.36,0.37,2927200,NaN,NaN,NaN,NaN,NaN,NaN,NaN
1633395600,0.365,0.365,0.36,0.36,2371000,NaN,NaN,NaN,NaN,NaN,NaN,NaN
1633482000,0.365,0.37,0.365,0.365,993200,NaN,NaN,NaN,NaN,NaN,NaN,NaN
1633568400,0.365,0.37,0.36,0.365,1736400,NaN,NaN,NaN,NaN,NaN,NaN,NaN
1633654800,0.365,0.37,0.365,0.365,1056400,NaN,NaN,NaN,NaN,NaN,NaN,NaN
1633914000,0.37,0.38,0.37,0.38,3386500,NaN,NaN,NaN,NaN,NaN,NaN,NaN
1634000400,0.38,0.385,0.375,0.375,1469500,NaN,NaN,NaN,NaN,NaN,NaN,NaN
1634086800,0.375,0.39,0.375,0.385,4839900,NaN,NaN,NaN,NaN,NaN,NaN,NaN
1634173200,0.39,0.405,0.39,0.4,10462100,NaN,NaN,NaN,NaN,NaN,NaN,NaN
1634259600,0.4,0.42,0.4,0.415,9133700,NaN,NaN,NaN,NaN,NaN,NaN,NaN
1634518800,0.42,0.425,0.415,0.415,6378100,NaN,NaN,NaN,NaN,NaN,NaN,NaN
1634691600,0.42,0.42,0.415,0.415,2372700,NaN,NaN,NaN,NaN,NaN,NaN,NaN
1634778000,0.42,0.42,0.41,0.415,2737600,NaN,NaN,NaN,NaN,NaN,NaN,NaN
1634864400,0.41,0.415,0.4,0.4,1846200,NaN,NaN,NaN,NaN,NaN,NaN,NaN
1635123600,0.4,0.405,0.4,0.405,1894300,NaN,NaN,NaN,NaN,NaN,NaN,NaN
1635210000,0.405,0.41,0.4,0.4,3071400,NaN,NaN,NaN,NaN,NaN,NaN,NaN
1635296400,0.4,0.41,0.395,0.4,2807800,NaN,NaN,NaN,NaN,NaN,NaN,NaN
1635382800,0.395,0.42,0.39,0.415,15636600,NaN,NaN,NaN,NaN,NaN,NaN,NaN
1635469200,0.415,0.415,0.395,0.395,12169300,NaN,NaN,NaN,NaN,NaN,NaN,NaN
1635728400,0.39,0.39,0.375,0.38,5925600,NaN,NaN,NaN,NaN,NaN,NaN,NaN
1635814800,0.38,0.385,0.375,0.375,2760800,NaN,NaN,NaN,NaN,NaN,NaN,NaN
1635901200,0.375,0.385,0.37,0.385,3582000,NaN,NaN,NaN,NaN,NaN,NaN,NaN
1636074000,0.38,0.385,0.375,0.38,3056700,NaN,NaN,NaN,NaN,NaN,NaN,NaN
1636333200,0.385,0.385,0.375,0.38,806800,NaN,NaN,NaN,NaN,NaN,NaN,NaN
1636419600,0.375,0.38,0.375,0.38,2232700,NaN,NaN,NaN,NaN,NaN,NaN,NaN
1636506000,0.375,0.38,0.37,0.375,2055100,NaN,NaN,NaN,NaN,NaN,NaN,NaN
1636592400,0.375,0.385,0.375,0.385,1994500,NaN,NaN,NaN,NaN,NaN,NaN,NaN
1636678800,0.38,0.385,0.38,0.38,1160100,NaN,NaN,NaN,NaN,NaN,NaN,NaN
1636938000,0.38,0.38,0.37,0.375,6131700,NaN,NaN,NaN,NaN,NaN,NaN,NaN
1637024400,0.375,0.38,0.37,0.37,2832100,NaN,NaN,NaN,NaN,NaN,NaN,NaN
1637110800,0.37,0.38,0.365,0.37,11453400,NaN,NaN,NaN,NaN,NaN,NaN,NaN
1637197200,0.37,0.37,0.365,0.365,547600,NaN,NaN,NaN,NaN,NaN,NaN,NaN
1637283600,0.365,0.37,0.36,0.36,2967800,NaN,NaN,NaN,NaN,NaN,NaN,NaN
1637542800,0.365,0.37,0.355,0.355,8309600,NaN,NaN,NaN,NaN,NaN,NaN,NaN
1637629200,0.355,0.365,0.35,0.35,7545500,NaN,NaN,NaN,NaN,NaN,NaN,NaN
1637715600,0.355,0.355,0.345,0.345,7830600,NaN,NaN,NaN,NaN,NaN,NaN,NaN
1637802000,0.345,0.35,0.335,0.335,9066400,NaN,NaN,NaN,NaN,NaN,NaN,NaN
1637888400,0.33,0.335,0.31,0.315,16335300,NaN,NaN,NaN,NaN,NaN,NaN,NaN
1638147600,0.31,0.315,0.3,0.305,14951700,NaN,NaN,NaN,NaN,NaN,NaN,NaN
1638234000,0.31,0.325,0.305,0.31,25353300,NaN,NaN,NaN,NaN,NaN,NaN,NaN
1638320400,0.31,0.315,0.3,0.305,4019100,NaN,NaN,NaN,NaN,NaN,NaN,NaN
1638406800,0.305,0.315,0.3,0.31,2325100,NaN,NaN,NaN,NaN,NaN,NaN,NaN
1638752400,0.31,0.315,0.305,0.305,1776500,NaN,NaN,NaN,NaN,NaN,NaN,NaN
1638838800,0.31,0.325,0.305,0.32,3277700,NaN,NaN,NaN,NaN,NaN,NaN,NaN
1638925200,0.325,0.325,0.315,0.315,576100,NaN,NaN,NaN,NaN,NaN,NaN,NaN
1639011600,0.32,0.32,0.315,0.315,435600,NaN,NaN,NaN,NaN,NaN,NaN,NaN
1639098000,0.32,0.32,0.31,0.315,504000,NaN,NaN,NaN,NaN,NaN,NaN,NaN
1639357200,0.315,0.32,0.31,0.31,1886300,NaN,NaN,NaN,NaN,NaN,NaN,NaN
1639443600,0.31,0.315,0.31,0.31,1000800,NaN,NaN,NaN,NaN,NaN,NaN,NaN
1639530000,0.31,0.315,0.305,0.31,1179600,NaN,NaN,NaN,NaN,NaN,NaN,NaN
1639616400,0.315,0.315,0.305,0.31,1306600,NaN,NaN,NaN,NaN,NaN,NaN,NaN
1639702800,0.31,0.315,0.31,0.31,4079200,NaN,NaN,NaN,NaN,NaN,NaN,NaN
1639962000,0.315,0.315,0.3,0.305,3642800,NaN,NaN,NaN,NaN,NaN,NaN,NaN
1640048400,0.3,0.31,0.3,0.3,1105100,NaN,NaN,NaN,NaN,NaN,NaN,NaN
1640134800,0.305,0.31,0.3,0.3,606800,NaN,NaN,NaN,NaN,NaN,NaN,NaN
1640221200,0.305,0.31,0.3,0.305,1813800,NaN,NaN,NaN,NaN,NaN,NaN,NaN
1640307600,0.305,0.32,0.3,0.31,4064500,NaN,NaN,NaN,NaN,NaN,NaN,NaN
1640566800,0.315,0.32,0.31,0.31,517000,NaN,NaN,NaN,NaN,NaN,NaN,NaN
1640653200,0.315,0.32,0.31,0.32,625100,NaN,NaN,NaN,NaN,NaN,NaN,NaN
1640739600,0.315,0.33,0.315,0.32,2253500,NaN,NaN,NaN,NaN,NaN,NaN,NaN
1640826000,0.32,0.33,0.32,0.325,1180700,NaN,NaN,NaN,NaN,NaN,NaN,NaN
1640912400,0.33,0.33,0.32,0.32,253600,5058476221,12952413000,6156362000,-126762000,469633000,6693120000,0
1641171600,0.32,0.32,0.31,0.32,1574000,NaN,NaN,NaN,NaN,NaN,NaN,NaN
1641258000,0.32,0.325,0.315,0.325,725300,NaN,NaN,NaN,NaN,NaN,NaN,NaN
1641344400,0.32,0.335,0.32,0.33,1972800,NaN,NaN,NaN,NaN,NaN,NaN,NaN
1641430800,0.33,0.335,0.325,0.33,469200,NaN,NaN,NaN,NaN,NaN,NaN,NaN
1641517200,0.325,0.335,0.325,0.335,1136500,NaN,NaN,NaN,NaN,NaN,NaN,NaN
1641776400,0.335,0.335,0.325,0.33,1149500,NaN,NaN,NaN,NaN,NaN,NaN,NaN
1641862800,0.33,0.34,0.33,0.34,2269200,NaN,NaN,NaN,NaN,NaN,NaN,NaN
1641949200,0.345,0.35,0.335,0.345,2839900,NaN,NaN,NaN,NaN,NaN,NaN,NaN
1642035600,0.34,0.345,0.335,0.34,995900,NaN,NaN,NaN,NaN,NaN,NaN,NaN
1642122000,0.335,0.34,0.33,0.33,682500,NaN,NaN,NaN,NaN,NaN,NaN,NaN
1642381200,0.33,0.335,0.325,0.335,1647500,NaN,NaN,NaN,NaN,NaN,NaN,NaN
1642554000,0.33,0.33,0.32,0.32,1368400,NaN,NaN,NaN,NaN,NaN,NaN,NaN
1642640400,0.32,0.325,0.315,0.32,2113000,NaN,NaN,NaN,NaN,NaN,NaN,NaN
1642726800,0.32,0.325,0.32,0.32,501200,NaN,NaN,NaN,NaN,NaN,NaN,NaN
1642986000,0.32,0.325,0.32,0.325,560400,NaN,NaN,NaN,NaN,NaN,NaN,NaN
1643072400,0.315,0.32,0.31,0.315,1909600,NaN,NaN,NaN,NaN,NaN,NaN,NaN
1643158800,0.315,0.32,0.31,0.32,1319000,NaN,NaN,NaN,NaN,NaN,NaN,NaN
1643245200,0.315,0.32,0.31,0.31,625400,NaN,NaN,NaN,NaN,NaN,NaN,NaN
1643331600,0.31,0.315,0.31,0.31,798100,NaN,NaN,NaN,NaN,NaN,NaN,NaN
1643590800,0.31,0.315,0.305,0.31,982400,NaN,NaN,NaN,NaN,NaN,NaN,NaN
1643850000,0.315,0.32,0.31,0.315,1673700,NaN,NaN,NaN,NaN,NaN,NaN,NaN
1643936400,0.315,0.32,0.315,0.32,626700,NaN,NaN,NaN,NaN,NaN,NaN,NaN
1644195600,0.32,0.325,0.32,0.325,671600,NaN,NaN,NaN,NaN,NaN,NaN,NaN
1644282000,0.32,0.325,0.32,0.325,843700,NaN,NaN,NaN,NaN,NaN,NaN,NaN
1644368400,0.325,0.33,0.325,0.33,783800,NaN,NaN,NaN,NaN,NaN,NaN,NaN
1644454800,0.325,0.33,0.32,0.33,870800,NaN,NaN,NaN,NaN,NaN,NaN,NaN
1644541200,0.325,0.33,0.325,0.33,745900,NaN,NaN,NaN,NaN,NaN,NaN,NaN
1644800400,0.325,0.33,0.325,0.325,1113500,NaN,NaN,NaN,NaN,NaN,NaN,NaN
1644886800,0.325,0.345,0.32,0.335,2441400,NaN,NaN,NaN,NaN,NaN,NaN,NaN
1644973200,0.335,0.34,0.33,0.33,880700,NaN,NaN,NaN,NaN,NaN,NaN,NaN
1645059600,0.335,0.34,0.33,0.34,695500,NaN,NaN,NaN,NaN,NaN,NaN,NaN
1645146000,0.34,0.355,0.34,0.355,4047000,NaN,NaN,NaN,NaN,NaN,NaN,NaN
1645405200,0.355,0.375,0.35,0.365,5912900,NaN,NaN,NaN,NaN,NaN,NaN,NaN
1645491600,0.365,0.365,0.345,0.35,4713400,NaN,NaN,NaN,NaN,NaN,NaN,NaN
1645578000,0.355,0.36,0.35,0.355,1781400,NaN,NaN,NaN,NaN,NaN,NaN,NaN
1645664400,0.335,0.345,0.315,0.325,6968600,NaN,NaN,NaN,NaN,NaN,NaN,NaN
1645750800,0.325,0.335,0.325,0.33,1538900,NaN,NaN,NaN,NaN,NaN,NaN,NaN
1646010000,0.33,0.33,0.315,0.325,2043400,NaN,NaN,NaN,NaN,NaN,NaN,NaN
1646096400,0.32,0.325,0.315,0.32,1385000,NaN,NaN,NaN,NaN,NaN,NaN,NaN
1646182800,0.32,0.325,0.315,0.32,993300,NaN,NaN,NaN,NaN,NaN,NaN,NaN
1646269200,0.32,0.33,0.32,0.32,1237000,NaN,NaN,NaN,NaN,NaN,NaN,NaN
1646355600,0.32,0.325,0.31,0.315,3248300,NaN,NaN,NaN,NaN,NaN,NaN,NaN
1646614800,0.315,0.315,0.3,0.3,3988100,NaN,NaN,NaN,NaN,NaN,NaN,NaN
1646701200,0.3,0.305,0.3,0.305,1124000,NaN,NaN,NaN,NaN,NaN,NaN,NaN
1646787600,0.315,0.315,0.305,0.315,632000,NaN,NaN,NaN,NaN,NaN,NaN,NaN
1646874000,0.315,0.32,0.31,0.315,592800,NaN,NaN,NaN,NaN,NaN,NaN,NaN
1646960400,0.315,0.315,0.305,0.315,1394300,NaN,NaN,NaN,NaN,NaN,NaN,NaN
1647219600,0.32,0.32,0.31,0.315,921600,NaN,NaN,NaN,NaN,NaN,NaN,NaN
1647306000,0.315,0.32,0.31,0.31,1098600,NaN,NaN,NaN,NaN,NaN,NaN,NaN
1647392400,0.31,0.32,0.31,0.32,1080900,NaN,NaN,NaN,NaN,NaN,NaN,NaN
1647478800,0.32,0.325,0.32,0.32,1598100,NaN,NaN,NaN,NaN,NaN,NaN,NaN
1647565200,0.32,0.32,0.315,0.32,1184300,NaN,NaN,NaN,NaN,NaN,NaN,NaN
1647824400,0.32,0.325,0.315,0.315,942700,NaN,NaN,NaN,NaN,NaN,NaN,NaN
1647910800,0.315,0.33,0.315,0.33,1337800,NaN,NaN,NaN,NaN,NaN,NaN,NaN
1647997200,0.325,0.345,0.325,0.345,4851400,NaN,NaN,NaN,NaN,NaN,NaN,NaN
1648083600,0.34,0.35,0.34,0.34,2016300,NaN,NaN,NaN,NaN,NaN,NaN,NaN
1648170000,0.345,0.355,0.34,0.34,2549200,NaN,NaN,NaN,NaN,NaN,NaN,NaN
1648429200,0.34,0.345,0.335,0.34,1369200,NaN,NaN,NaN,NaN,NaN,NaN,NaN
1648515600,0.335,0.335,0.325,0.33,2076500,NaN,NaN,NaN,NaN,NaN,NaN,NaN
1648602000,0.335,0.34,0.33,0.34,603900,NaN,NaN,NaN,NaN,NaN,NaN,NaN
1648688400,0.34,0.34,0.335,0.34,637600,5058476221,12962112000,6126828000,39691000,416451000,6732193000,0
1648774800,0.335,0.34,0.33,0.33,2570500,NaN,NaN,NaN,NaN,NaN,NaN,NaN
1649034000,0.33,0.355,0.33,0.35,2631400,NaN,NaN,NaN,NaN,NaN,NaN,NaN
1649120400,0.35,0.355,0.345,0.355,2390400,NaN,NaN,NaN,NaN,NaN,NaN,NaN
1649206800,0.35,0.355,0.35,0.355,505100,NaN,NaN,NaN,NaN,NaN,NaN,NaN
1649293200,0.35,0.355,0.345,0.35,429200,NaN,NaN,NaN,NaN,NaN,NaN,NaN
1649379600,0.345,0.35,0.34,0.35,1123600,NaN,NaN,NaN,NaN,NaN,NaN,NaN
1649638800,0.35,0.355,0.35,0.35,705600,NaN,NaN,NaN,NaN,NaN,NaN,NaN
1649725200,0.345,0.355,0.345,0.355,846000,NaN,NaN,NaN,NaN,NaN,NaN,NaN
1649811600,0.355,0.355,0.35,0.35,935900,NaN,NaN,NaN,NaN,NaN,NaN,NaN
1649898000,0.35,0.36,0.345,0.35,1921500,NaN,NaN,NaN,NaN,NaN,NaN,NaN
1649984400,0.35,0.36,0.345,0.345,6019300,NaN,NaN,NaN,NaN,NaN,NaN,NaN
1650243600,0.35,0.355,0.345,0.35,1247900,NaN,NaN,NaN,NaN,NaN,NaN,NaN
1650416400,0.345,0.35,0.34,0.345,1041300,NaN,NaN,NaN,NaN,NaN,NaN,NaN
1650502800,0.345,0.355,0.345,0.35,1752800,NaN,NaN,NaN,NaN,NaN,NaN,NaN
1650589200,0.345,0.35,0.34,0.345,864700,NaN,NaN,NaN,NaN,NaN,NaN,NaN
1650848400,0.34,0.345,0.335,0.345,1504700,NaN,NaN,NaN,NaN,NaN,NaN,NaN
1650934800,0.34,0.345,0.34,0.345,188600,NaN,NaN,NaN,NaN,NaN,NaN,NaN
1651021200,0.34,0.34,0.335,0.335,1002700,NaN,NaN,NaN,NaN,NaN,NaN,NaN
1651107600,0.335,0.34,0.335,0.34,650300,NaN,NaN,NaN,NaN,NaN,NaN,NaN
1651194000,0.34,0.345,0.34,0.34,906200,NaN,NaN,NaN,NaN,NaN,NaN,NaN
1651712400,0.34,0.35,0.335,0.34,2168300,NaN,NaN,NaN,NaN,NaN,NaN,NaN
1651798800,0.33,0.34,0.33,0.34,401700,NaN,NaN,NaN,NaN,NaN,NaN,NaN
1652058000,0.34,0.34,0.325,0.33,1363800,NaN,NaN,NaN,NaN,NaN,NaN,NaN
1652144400,0.325,0.33,0.32,0.33,801900,NaN,NaN,NaN,NaN,NaN,NaN,NaN
1652230800,0.325,0.33,0.325,0.33,378600,NaN,NaN,NaN,NaN,NaN,NaN,NaN
1652317200,0.33,0.33,0.315,0.315,666600,NaN,NaN,NaN,NaN,NaN,NaN,NaN
1652403600,0.32,0.325,0.32,0.32,293200,NaN,NaN,NaN,NaN,NaN,NaN,NaN
1652749200,0.32,0.33,0.32,0.325,664100,NaN,NaN,NaN,NaN,NaN,NaN,NaN
1652835600,0.33,0.33,0.32,0.325,660400,NaN,NaN,NaN,NaN,NaN,NaN,NaN
1652922000,0.32,0.325,0.32,0.32,402600,NaN,NaN,NaN,NaN,NaN,NaN,NaN
1653008400,0.32,0.325,0.32,0.325,419200,NaN,NaN,NaN,NaN,NaN,NaN,NaN
1653267600,0.325,0.33,0.32,0.32,699900,NaN,NaN,NaN,NaN,NaN,NaN,NaN
1653354000,0.325,0.33,0.32,0.325,840200,NaN,NaN,NaN,NaN,NaN,NaN,NaN
1653440400,0.325,0.33,0.32,0.325,470600,NaN,NaN,NaN,NaN,NaN,NaN,NaN
1653526800,0.33,0.335,0.33,0.335,1156300,NaN,NaN,NaN,NaN,NaN,NaN,NaN
1653613200,0.335,0.335,0.33,0.33,298100,NaN,NaN,NaN,NaN,NaN,NaN,NaN
1653872400,0.33,0.34,0.32,0.335,1624000,NaN,NaN,NaN,NaN,NaN,NaN,NaN
1653958800,0.335,0.335,0.33,0.33,464100,NaN,NaN,NaN,NaN,NaN,NaN,NaN
1654045200,0.33,0.345,0.325,0.345,1268400,NaN,NaN,NaN,NaN,NaN,NaN,NaN
1654131600,0.345,0.355,0.34,0.35,2856800,NaN,NaN,NaN,NaN,NaN,NaN,NaN
1654218000,0.345,0.35,0.34,0.345,1095300,NaN,NaN,NaN,NaN,NaN,NaN,NaN
1654563600,0.34,0.345,0.335,0.335,682600,NaN,NaN,NaN,NaN,NaN,NaN,NaN
1654650000,0.335,0.34,0.335,0.34,832500,NaN,NaN,NaN,NaN,NaN,NaN,NaN
1654736400,0.34,0.34,0.335,0.34,205400,NaN,NaN,NaN,NaN,NaN,NaN,NaN
1654822800,0.33,0.335,0.33,0.335,328000,NaN,NaN,NaN,NaN,NaN,NaN,NaN
1655082000,0.33,0.33,0.315,0.315,1964500,NaN,NaN,NaN,NaN,NaN,NaN,NaN
1655168400,0.31,0.32,0.31,0.32,1150800,NaN,NaN,NaN,NaN,NaN,NaN,NaN
1655254800,0.315,0.32,0.31,0.315,1252600,NaN,NaN,NaN,NaN,NaN,NaN,NaN
1655341200,0.315,0.32,0.31,0.32,850900,NaN,NaN,NaN,NaN,NaN,NaN,NaN
1655427600,0.315,0.32,0.31,0.315,973300,NaN,NaN,NaN,NaN,NaN,NaN,NaN
1655686800,0.31,0.315,0.305,0.31,828200,NaN,NaN,NaN,NaN,NaN,NaN,NaN
1655773200,0.31,0.32,0.305,0.31,4754400,NaN,NaN,NaN,NaN,NaN,NaN,NaN
1655859600,0.315,0.315,0.305,0.31,1178400,NaN,NaN,NaN,NaN,NaN,NaN,NaN
1655946000,0.305,0.31,0.3,0.305,3498900,NaN,NaN,NaN,NaN,NaN,NaN,NaN
1656032400,0.305,0.315,0.3,0.31,2800700,NaN,NaN,NaN,NaN,NaN,NaN,NaN
1656291600,0.315,0.315,0.305,0.31,826200,NaN,NaN,NaN,NaN,NaN,NaN,NaN
1656378000,0.31,0.315,0.305,0.31,688600,NaN,NaN,NaN,NaN,NaN,NaN,NaN
1656464400,0.31,0.31,0.305,0.31,116200,NaN,NaN,NaN,NaN,NaN,NaN,NaN
1656550800,0.31,0.315,0.305,0.31,482400,5058476221,13035826000,6190244000,43810000,365000000,6742189000,0
1656637200,0.31,0.31,0.305,0.305,231800,NaN,NaN,NaN,NaN,NaN,NaN,NaN
1656896400,0.305,0.31,0.305,0.305,64300,NaN,NaN,NaN,NaN,NaN,NaN,NaN
1656982800,0.305,0.31,0.305,0.31,256800,NaN,NaN,NaN,NaN,NaN,NaN,NaN
1657069200,0.31,0.31,0.3,0.305,2292600,NaN,NaN,NaN,NaN,NaN,NaN,NaN
1657155600,0.3,0.305,0.3,0.3,252900,NaN,NaN,NaN,NaN,NaN,NaN,NaN
1657242000,0.3,0.305,0.3,0.305,266500,NaN,NaN,NaN,NaN,NaN,NaN,NaN
1657587600,0.3,0.305,0.3,0.305,320900,NaN,NaN,NaN,NaN,NaN,NaN,NaN
1657674000,0.305,0.305,0.3,0.305,524800,NaN,NaN,NaN,NaN,NaN,NaN,NaN
1657760400,0.305,0.305,0.295,0.3,1212300,NaN,NaN,NaN,NaN,NaN,NaN,NaN
1657846800,0.3,0.3,0.29,0.295,1087800,NaN,NaN,NaN,NaN,NaN,NaN,NaN
1658106000,0.295,0.3,0.295,0.3,264100,NaN,NaN,NaN,NaN,NaN,NaN,NaN
1658192400,0.3,0.3,0.295,0.3,358500,NaN,NaN,NaN,NaN,NaN,NaN,NaN
1658278800,0.3,0.305,0.295,0.3,640000,NaN,NaN,NaN,NaN,NaN,NaN,NaN
1658365200,0.3,0.305,0.3,0.305,208800,NaN,NaN,NaN,NaN,NaN,NaN,NaN
1658451600,0.305,0.305,0.3,0.3,733300,NaN,NaN,NaN,NaN,NaN,NaN,NaN
1658710800,0.305,0.305,0.3,0.3,153600,NaN,NaN,NaN,NaN,NaN,NaN,NaN
1658797200,0.3,0.305,0.3,0.3,324700,NaN,NaN,NaN,NaN,NaN,NaN,NaN
1658883600,0.3,0.305,0.3,0.305,982200,NaN,NaN,NaN,NaN,NaN,NaN,NaN
1658970000,0.305,0.305,0.3,0.305,324500,NaN,NaN,NaN,NaN,NaN,NaN,NaN
1659056400,0.305,0.315,0.305,0.31,1846500,NaN,NaN,NaN,NaN,NaN,NaN,NaN
1659315600,0.31,0.315,0.305,0.31,1182200,NaN,NaN,NaN,NaN,NaN,NaN,NaN
1659402000,0.305,0.31,0.305,0.31,821200,NaN,NaN,NaN,NaN,NaN,NaN,NaN
1659488400,0.305,0.31,0.3,0.3,804400,NaN,NaN,NaN,NaN,NaN,NaN,NaN
1659574800,0.305,0.305,0.3,0.305,806400,NaN,NaN,NaN,NaN,NaN,NaN,NaN
1659661200,0.305,0.32,0.305,0.315,4916700,NaN,NaN,NaN,NaN,NaN,NaN,NaN
1659920400,0.315,0.325,0.315,0.32,1540500,NaN,NaN,NaN,NaN,NaN,NaN,NaN
1660006800,0.31,0.325,0.31,0.315,734700,NaN,NaN,NaN,NaN,NaN,NaN,NaN
1660093200,0.32,0.32,0.31,0.315,623400,NaN,NaN,NaN,NaN,NaN,NaN,NaN
1660179600,0.315,0.315,0.305,0.31,1381100,NaN,NaN,NaN,NaN,NaN,NaN,NaN
1660266000,0.31,0.315,0.31,0.315,268000,NaN,NaN,NaN,NaN,NaN,NaN,NaN
1660525200,0.315,0.315,0.305,0.305,1905300,NaN,NaN,NaN,NaN,NaN,NaN,NaN
1660611600,0.305,0.315,0.305,0.31,1046000,NaN,NaN,NaN,NaN,NaN,NaN,NaN
1660698000,0.31,0.315,0.305,0.31,321200,NaN,NaN,NaN,NaN,NaN,NaN,NaN
1660784400,0.305,0.31,0.29,0.295,12399200,NaN,NaN,NaN,NaN,NaN,NaN,NaN
1660870800,0.29,0.305,0.29,0.305,1529400,NaN,NaN,NaN,NaN,NaN,NaN,NaN
1661130000,0.3,0.305,0.295,0.3,492300,NaN,NaN,NaN,NaN,NaN,NaN,NaN
1661216400,0.3,0.3,0.295,0.295,1117100,NaN,NaN,NaN,NaN,NaN,NaN,NaN
1661302800,0.295,0.3,0.29,0.3,1014800,NaN,NaN,NaN,NaN,NaN,NaN,NaN
1661389200,0.305,0.31,0.3,0.305,1755600,NaN,NaN,NaN,NaN,NaN,NaN,NaN
1661475600,0.31,0.31,0.295,0.3,1831700,NaN,NaN,NaN,NaN,NaN,NaN,NaN
1661734800,0.295,0.3,0.29,0.295,1175200,NaN,NaN,NaN,NaN,NaN,NaN,NaN
1661821200,0.3,0.305,0.295,0.295,1034500,NaN,NaN,NaN,NaN,NaN,NaN,NaN
1661994000,0.3,0.3,0.295,0.295,1377700,NaN,NaN,NaN,NaN,NaN,NaN,NaN
1662080400,0.295,0.295,0.29,0.29,2568500,NaN,NaN,NaN,NaN,NaN,NaN,NaN
1662339600,0.29,0.29,0.285,0.29,869700,NaN,NaN,NaN,NaN,NaN,NaN,NaN
1662426000,0.29,0.29,0.285,0.29,675100,NaN,NaN,NaN,NaN,NaN,NaN,NaN
1662512400,0.285,0.29,0.285,0.29,743400,NaN,NaN,NaN,NaN,NaN,NaN,NaN
1662598800,0.29,0.29,0.285,0.285,572100,NaN,NaN,NaN,NaN,NaN,NaN,NaN
1662685200,0.29,0.29,0.285,0.285,547900,NaN,NaN,NaN,NaN,NaN,NaN,NaN
1662944400,0.29,0.295,0.285,0.29,899600,NaN,NaN,NaN,NaN,NaN,NaN,NaN
1663030800,0.285,0.29,0.28,0.285,1192400,NaN,NaN,NaN,NaN,NaN,NaN,NaN
1663117200,0.285,0.29,0.28,0.285,836100,NaN,NaN,NaN,NaN,NaN,NaN,NaN
1663203600,0.29,0.29,0.285,0.285,1437400,NaN,NaN,NaN,NaN,NaN,NaN,NaN
1663549200,0.285,0.29,0.28,0.28,839400,NaN,NaN,NaN,NaN,NaN,NaN,NaN
1663635600,0.28,0.285,0.28,0.28,1093900,NaN,NaN,NaN,NaN,NaN,NaN,NaN
1663722000,0.28,0.28,0.275,0.28,966900,NaN,NaN,NaN,NaN,NaN,NaN,NaN
1663808400,0.28,0.28,0.27,0.28,1814400,NaN,NaN,NaN,NaN,NaN,NaN,NaN
1663894800,0.28,0.28,0.275,0.275,837200,NaN,NaN,NaN,NaN,NaN,NaN,NaN
1664154000,0.275,0.275,0.265,0.27,1916600,NaN,NaN,NaN,NaN,NaN,NaN,NaN
1664240400,0.265,0.27,0.26,0.27,3554300,NaN,NaN,NaN,NaN,NaN,NaN,NaN
1664326800,0.27,0.27,0.265,0.265,619700,NaN,NaN,NaN,NaN,NaN,NaN,NaN
1664413200,0.265,0.265,0.26,0.26,1716800,NaN,NaN,NaN,NaN,NaN,NaN,NaN
1664499600,0.255,0.26,0.255,0.26,912600,5058476221,13026945000,6170227000,44298000,355759000,6752327000,0
1664758800,0.255,0.26,0.255,0.26,1016700,NaN,NaN,NaN,NaN,NaN,NaN,NaN
1664845200,0.26,0.27,0.26,0.27,1603900,NaN,NaN,NaN,NaN,NaN,NaN,NaN
1664931600,0.27,0.275,0.26,0.26,1509700,NaN,NaN,NaN,NaN,NaN,NaN,NaN
1665018000,0.265,0.27,0.26,0.26,3926200,NaN,NaN,NaN,NaN,NaN,NaN,NaN
1665104400,0.26,0.26,0.245,0.245,6338700,NaN,NaN,NaN,NaN,NaN,NaN,NaN
1665450000,0.25,0.255,0.24,0.245,2647500,NaN,NaN,NaN,NaN,NaN,NaN,NaN
1665536400,0.25,0.25,0.23,0.23,7028400,NaN,NaN,NaN,NaN,NaN,NaN,NaN
1665622800,0.23,0.235,0.195,0.2,15561900,NaN,NaN,NaN,NaN,NaN,NaN,NaN
1665709200,0.205,0.21,0.19,0.2,23840500,NaN,NaN,NaN,NaN,NaN,NaN,NaN
1665968400,0.2,0.2,0.185,0.19,10511500,NaN,NaN,NaN,NaN,NaN,NaN,NaN
1666054800,0.195,0.195,0.185,0.19,9180900,NaN,NaN,NaN,NaN,NaN,NaN,NaN
1666141200,0.195,0.23,0.195,0.2,46844800,NaN,NaN,NaN,NaN,NaN,NaN,NaN
1666227600,0.205,0.21,0.195,0.2,15978200,NaN,NaN,NaN,NaN,NaN,NaN,NaN
1666314000,0.2,0.205,0.195,0.2,4345000,NaN,NaN,NaN,NaN,NaN,NaN,NaN
1666659600,0.2,0.205,0.19,0.195,27166400,NaN,NaN,NaN,NaN,NaN,NaN,NaN
1666746000,0.19,0.2,0.19,0.195,23098200,NaN,NaN,NaN,NaN,NaN,NaN,NaN
1666832400,0.195,0.21,0.195,0.21,48077000,NaN,NaN,NaN,NaN,NaN,NaN,NaN
1666918800,0.205,0.21,0.195,0.2,23501000,NaN,NaN,NaN,NaN,NaN,NaN,NaN
1667178000,0.2,0.21,0.2,0.205,27732800,NaN,NaN,NaN,NaN,NaN,NaN,NaN
1667264400,0.2,0.205,0.195,0.195,26943500,NaN,NaN,NaN,NaN,NaN,NaN,NaN
1667350800,0.195,0.2,0.195,0.195,23961600,NaN,NaN,NaN,NaN,NaN,NaN,NaN
1667437200,0.195,0.2,0.19,0.19,19940800,NaN,NaN,NaN,NaN,NaN,NaN,NaN
1667523600,0.19,0.2,0.19,0.195,13018900,NaN,NaN,NaN,NaN,NaN,NaN,NaN
1667782800,0.2,0.2,0.195,0.2,5317100,NaN,NaN,NaN,NaN,NaN,NaN,NaN
1667869200,0.195,0.21,0.195,0.2,27003500,NaN,NaN,NaN,NaN,NaN,NaN,NaN
1667955600,0.205,0.22,0.2,0.21,44702400,NaN,NaN,NaN,NaN,NaN,NaN,NaN
1668042000,0.215,0.215,0.205,0.205,11293800,NaN,NaN,NaN,NaN,NaN,NaN,NaN
1668128400,0.21,0.225,0.205,0.22,37824700,NaN,NaN,NaN,NaN,NaN,NaN,NaN
1668387600,0.225,0.23,0.22,0.225,20867000,NaN,NaN,NaN,NaN,NaN,NaN,NaN
1668474000,0.225,0.23,0.21,0.215,16156700,NaN,NaN,NaN,NaN,NaN,NaN,NaN
1668560400,0.215,0.22,0.21,0.21,10506500,NaN,NaN,NaN,NaN,NaN,NaN,NaN
1668646800,0.215,0.215,0.205,0.21,8455100,NaN,NaN,NaN,NaN,NaN,NaN,NaN
1668992400,0.2,0.21,0.195,0.205,16204800,NaN,NaN,NaN,NaN,NaN,NaN,NaN
1669078800,0.205,0.21,0.2,0.2,5911300,NaN,NaN,NaN,NaN,NaN,NaN,NaN
1669165200,0.205,0.21,0.205,0.21,6931100,NaN,NaN,NaN,NaN,NaN,NaN,NaN
1669251600,0.22,0.275,0.215,0.275,76689700,NaN,NaN,NaN,NaN,NaN,NaN,NaN
1669338000,0.275,0.315,0.255,0.27,100912200,NaN,NaN,NaN,NaN,NaN,NaN,NaN
1669683600,0.26,0.3,0.255,0.3,32801100,NaN,NaN,NaN,NaN,NaN,NaN,NaN
1669770000,0.3,0.3,0.28,0.28,22909400,NaN,NaN,NaN,NaN,NaN,NaN,NaN
1669856400,0.285,0.295,0.275,0.28,27263200,NaN,NaN,NaN,NaN,NaN,NaN,NaN
1669942800,0.295,0.295,0.285,0.29,28305800,NaN,NaN,NaN,NaN,NaN,NaN,NaN
1670202000,0.295,0.295,0.265,0.27,21752800,NaN,NaN,NaN,NaN,NaN,NaN,NaN
1670288400,0.27,0.28,0.265,0.28,19145800,NaN,NaN,NaN,NaN,NaN,NaN,NaN
1670374800,0.28,0.285,0.26,0.265,14676400,NaN,NaN,NaN,NaN,NaN,NaN,NaN
1670461200,0.265,0.27,0.26,0.265,6883200,NaN,NaN,NaN,NaN,NaN,NaN,NaN
1670547600,0.26,0.27,0.26,0.27,10787600,NaN,NaN,NaN,NaN,NaN,NaN,NaN
1670806800,0.27,0.27,0.26,0.265,5423400,NaN,NaN,NaN,NaN,NaN,NaN,NaN
1670893200,0.265,0.275,0.265,0.27,8074700,NaN,NaN,NaN,NaN,NaN,NaN,NaN
1670979600,0.27,0.27,0.255,0.26,10616100,NaN,NaN,NaN,NaN,NaN,NaN,NaN
1671066000,0.26,0.26,0.255,0.255,7493800,NaN,NaN,NaN,NaN,NaN,NaN,NaN
1671152400,0.255,0.265,0.245,0.26,16509100,NaN,NaN,NaN,NaN,NaN,NaN,NaN
1671411600,0.26,0.265,0.255,0.26,4062700,NaN,NaN,NaN,NaN,NaN,NaN,NaN
1671498000,0.26,0.265,0.25,0.25,6487400,NaN,NaN,NaN,NaN,NaN,NaN,NaN
1671584400,0.255,0.26,0.245,0.245,7227800,NaN,NaN,NaN,NaN,NaN,NaN,NaN
1671670800,0.25,0.255,0.245,0.245,5537700,NaN,NaN,NaN,NaN,NaN,NaN,NaN
1671757200,0.245,0.25,0.24,0.245,2577000,NaN,NaN,NaN,NaN,NaN,NaN,NaN
1672102800,0.245,0.26,0.245,0.255,5580900,NaN,NaN,NaN,NaN,NaN,NaN,NaN
1672189200,0.26,0.27,0.255,0.26,7627500,NaN,NaN,NaN,NaN,NaN,NaN,NaN
1672275600,0.265,0.27,0.26,0.265,4732700,NaN,NaN,NaN,NaN,NaN,NaN,NaN
1672362000,0.265,0.265,0.25,0.255,7687700,5058476221,13053903000,6180235000,58919000,336218000,6769201000,1.96078431372549
1672707600,0.255,0.26,0.25,0.255,2238400,NaN,NaN,NaN,NaN,NaN,NaN,NaN
1672794000,0.25,0.26,0.245,0.25,10208900,NaN,NaN,NaN,NaN,NaN,NaN,NaN
1672880400,0.25,0.255,0.245,0.245,8460500,NaN,NaN,NaN,NaN,NaN,NaN,NaN
1672966800,0.25,0.25,0.24,0.24,5645400,NaN,NaN,NaN,NaN,NaN,NaN,NaN
1673226000,0.245,0.245,0.235,0.245,5754400,NaN,NaN,NaN,NaN,NaN,NaN,NaN
1673312400,0.24,0.245,0.235,0.24,6516000,NaN,NaN,NaN,NaN,NaN,NaN,NaN
1673398800,0.24,0.25,0.24,0.245,6085500,NaN,NaN,NaN,NaN,NaN,NaN,NaN
1673485200,0.25,0.255,0.245,0.255,9321900,NaN,NaN,NaN,NaN,NaN,NaN,NaN
1673571600,0.255,0.255,0.25,0.25,3930700,NaN,NaN,NaN,NaN,NaN,NaN,NaN
1673830800,0.25,0.25,0.245,0.245,5316600,NaN,NaN,NaN,NaN,NaN,NaN,NaN
1673917200,0.245,0.25,0.24,0.25,4268200,NaN,NaN,NaN,NaN,NaN,NaN,NaN
1674003600,0.25,0.25,0.245,0.25,2650900,NaN,NaN,NaN,NaN,NaN,NaN,NaN
1674090000,0.245,0.25,0.245,0.25,2991500,NaN,NaN,NaN,NaN,NaN,NaN,NaN
1674176400,0.245,0.25,0.245,0.245,3206600,NaN,NaN,NaN,NaN,NaN,NaN,NaN
1674608400,0.25,0.27,0.245,0.265,20124500,NaN,NaN,NaN,NaN,NaN,NaN,NaN
1674694800,0.265,0.28,0.265,0.275,17301900,NaN,NaN,NaN,NaN,NaN,NaN,NaN
1674781200,0.275,0.275,0.265,0.27,11448300,NaN,NaN,NaN,NaN,NaN,NaN,NaN
1675040400,0.27,0.29,0.265,0.285,36957100,NaN,NaN,NaN,NaN,NaN,NaN,NaN
1675126800,0.28,0.285,0.265,0.27,18133200,NaN,NaN,NaN,NaN,NaN,NaN,NaN
1675299600,0.27,0.285,0.27,0.28,21081600,NaN,NaN,NaN,NaN,NaN,NaN,NaN
1675386000,0.28,0.285,0.27,0.275,13060800,NaN,NaN,NaN,NaN,NaN,NaN,NaN
1675731600,0.275,0.275,0.265,0.265,7661200,NaN,NaN,NaN,NaN,NaN,NaN,NaN
1675818000,0.27,0.275,0.255,0.26,16168500,NaN,NaN,NaN,NaN,NaN,NaN,NaN
1675904400,0.26,0.26,0.255,0.26,6339700,NaN,NaN,NaN,NaN,NaN,NaN,NaN
1675990800,0.255,0.265,0.255,0.26,9835000,NaN,NaN,NaN,NaN,NaN,NaN,NaN
1676250000,0.26,0.26,0.25,0.25,7991800,NaN,NaN,NaN,NaN,NaN,NaN,NaN
1676336400,0.255,0.26,0.25,0.255,9581100,NaN,NaN,NaN,NaN,NaN,NaN,NaN
1676422800,0.25,0.255,0.25,0.25,3907800,NaN,NaN,NaN,NaN,NaN,NaN,NaN
1676509200,0.25,0.265,0.25,0.26,12178500,NaN,NaN,NaN,NaN,NaN,NaN,NaN
1676595600,0.26,0.26,0.25,0.255,3734200,NaN,NaN,NaN,NaN,NaN,NaN,NaN
1676854800,0.255,0.26,0.25,0.255,3322300,NaN,NaN,NaN,NaN,NaN,NaN,NaN
1676941200,0.255,0.26,0.25,0.255,5667100,NaN,NaN,NaN,NaN,NaN,NaN,NaN
1677027600,0.25,0.255,0.25,0.255,1429300,NaN,NaN,NaN,NaN,NaN,NaN,NaN
1677114000,0.255,0.26,0.25,0.26,6643500,NaN,NaN,NaN,NaN,NaN,NaN,NaN
1677200400,0.265,0.27,0.26,0.265,16010800,NaN,NaN,NaN,NaN,NaN,NaN,NaN
1677459600,0.27,0.275,0.265,0.265,7114900,NaN,NaN,NaN,NaN,NaN,NaN,NaN
1677546000,0.265,0.265,0.255,0.26,5580400,NaN,NaN,NaN,NaN,NaN,NaN,NaN
1677632400,0.255,0.26,0.25,0.25,5340100,NaN,NaN,NaN,NaN,NaN,NaN,NaN
1677718800,0.25,0.255,0.25,0.25,1038000,NaN,NaN,NaN,NaN,NaN,NaN,NaN
1677805200,0.255,0.27,0.255,0.265,7892600,NaN,NaN,NaN,NaN,NaN,NaN,NaN
1678064400,0.265,0.27,0.26,0.265,5474100,NaN,NaN,NaN,NaN,NaN,NaN,NaN
1678150800,0.265,0.27,0.26,0.27,7494900,NaN,NaN,NaN,NaN,NaN,NaN,NaN
1678237200,0.27,0.27,0.265,0.265,4244000,NaN,NaN,NaN,NaN,NaN,NaN,NaN
1678323600,0.26,0.275,0.26,0.27,8553500,NaN,NaN,NaN,NaN,NaN,NaN,NaN
1678410000,0.27,0.27,0.26,0.265,3503800,NaN,NaN,NaN,NaN,NaN,NaN,NaN
1678669200,0.265,0.27,0.26,0.26,5131000,NaN,NaN,NaN,NaN,NaN,NaN,NaN
1678755600,0.26,0.26,0.24,0.245,14255000,NaN,NaN,NaN,NaN,NaN,NaN,NaN
1678842000,0.245,0.255,0.24,0.245,8239800,NaN,NaN,NaN,NaN,NaN,NaN,NaN
1678928400,0.24,0.245,0.235,0.24,6107200,NaN,NaN,NaN,NaN,NaN,NaN,NaN
1679014800,0.245,0.25,0.24,0.245,7371400,NaN,NaN,NaN,NaN,NaN,NaN,NaN
1679274000,0.25,0.25,0.235,0.24,6546800,NaN,NaN,NaN,NaN,NaN,NaN,NaN
1679360400,0.245,0.25,0.24,0.25,5046200,NaN,NaN,NaN,NaN,NaN,NaN,NaN
1679446800,0.25,0.25,0.245,0.25,2897200,NaN,NaN,NaN,NaN,NaN,NaN,NaN
1679533200,0.25,0.26,0.245,0.255,9817300,NaN,NaN,NaN,NaN,NaN,NaN,NaN
1679619600,0.255,0.255,0.245,0.25,2574200,NaN,NaN,NaN,NaN,NaN,NaN,NaN
1679878800,0.25,0.26,0.25,0.25,6210400,NaN,NaN,NaN,NaN,NaN,NaN,NaN
1679965200,0.25,0.26,0.25,0.255,5516800,NaN,NaN,NaN,NaN,NaN,NaN,NaN
1680051600,0.26,0.265,0.25,0.26,8078100,NaN,NaN,NaN,NaN,NaN,NaN,NaN
1680138000,0.26,0.27,0.26,0.27,11929600,NaN,NaN,NaN,NaN,NaN,NaN,NaN
1680224400,0.27,0.27,0.26,0.265,2313700,5058476221,13094592000,6247700000,50417000,240778000,6741967000,1.88679245283019
1680483600,0.265,0.27,0.265,0.27,1398500,NaN,NaN,NaN,NaN,NaN,NaN,NaN
1680570000,0.27,0.27,0.265,0.265,3969700,NaN,NaN,NaN,NaN,NaN,NaN,NaN
1680656400,0.265,0.27,0.265,0.27,4798500,NaN,NaN,NaN,NaN,NaN,NaN,NaN
1680742800,0.27,0.275,0.265,0.275,5012300,NaN,NaN,NaN,NaN,NaN,NaN,NaN
1680829200,0.27,0.29,0.27,0.285,21293900,NaN,NaN,NaN,NaN,NaN,NaN,NaN
1681088400,0.285,0.29,0.27,0.275,16181500,NaN,NaN,NaN,NaN,NaN,NaN,NaN
1681174800,0.275,0.28,0.27,0.275,9034600,NaN,NaN,NaN,NaN,NaN,NaN,NaN
1681261200,0.27,0.275,0.265,0.265,11063200,NaN,NaN,NaN,NaN,NaN,NaN,NaN
1681347600,0.265,0.27,0.26,0.27,6496600,NaN,NaN,NaN,NaN,NaN,NaN,NaN
1681434000,0.27,0.275,0.265,0.275,7495500,NaN,NaN,NaN,NaN,NaN,NaN,NaN
1681693200,0.27,0.275,0.27,0.275,3979100,NaN,NaN,NaN,NaN,NaN,NaN,NaN
1681779600,0.27,0.27,0.265,0.265,2438100,NaN,NaN,NaN,NaN,NaN,NaN,NaN
1681866000,0.265,0.27,0.26,0.265,3364900,NaN,NaN,NaN,NaN,NaN,NaN,NaN
1681952400,0.26,0.265,0.255,0.26,8801200,NaN,NaN,NaN,NaN,NaN,NaN,NaN
1682384400,0.26,0.265,0.255,0.26,6875500,NaN,NaN,NaN,NaN,NaN,NaN,NaN
1682470800,0.26,0.265,0.255,0.26,2139500,NaN,NaN,NaN,NaN,NaN,NaN,NaN
1682557200,0.26,0.26,0.255,0.255,1157700,NaN,NaN,NaN,NaN,NaN,NaN,NaN
1682643600,0.255,0.265,0.255,0.255,3094100,NaN,NaN,NaN,NaN,NaN,NaN,NaN
1682989200,0.255,0.265,0.255,0.26,3135000,NaN,NaN,NaN,NaN,NaN,NaN,NaN
1683075600,0.26,0.26,0.255,0.26,1648500,NaN,NaN,NaN,NaN,NaN,NaN,NaN
1683248400,0.26,0.26,0.255,0.26,974400,NaN,NaN,NaN,NaN,NaN,NaN,NaN
1683507600,0.26,0.27,0.255,0.265,6738800,NaN,NaN,NaN,NaN,NaN,NaN,NaN
1683594000,0.265,0.265,0.255,0.26,2840200,NaN,NaN,NaN,NaN,NaN,NaN,NaN
1683680400,0.26,0.27,0.255,0.26,7571500,NaN,NaN,NaN,NaN,NaN,NaN,NaN
1683766800,0.26,0.265,0.255,0.26,1538400,NaN,NaN,NaN,NaN,NaN,NaN,NaN
1683853200,0.26,0.26,0.255,0.255,608900,NaN,NaN,NaN,NaN,NaN,NaN,NaN
1684112400,0.255,0.26,0.255,0.26,1258400,NaN,NaN,NaN,NaN,NaN,NaN,NaN
1684198800,0.255,0.26,0.255,0.26,503900,NaN,NaN,NaN,NaN,NaN,NaN,NaN
1684285200,0.255,0.265,0.255,0.26,9545800,NaN,NaN,NaN,NaN,NaN,NaN,NaN
1684371600,0.265,0.265,0.26,0.26,562800,NaN,NaN,NaN,NaN,NaN,NaN,NaN
1684458000,0.26,0.265,0.255,0.26,4049200,NaN,NaN,NaN,NaN,NaN,NaN,NaN
1684717200,0.255,0.26,0.255,0.26,1047400,NaN,NaN,NaN,NaN,NaN,NaN,NaN
1684803600,0.26,0.265,0.255,0.26,5246000,NaN,NaN,NaN,NaN,NaN,NaN,NaN
1684890000,0.26,0.26,0.255,0.255,1966000,NaN,NaN,NaN,NaN,NaN,NaN,NaN
1684976400,0.255,0.26,0.24,0.25,9331600,NaN,NaN,NaN,NaN,NaN,NaN,NaN
1685062800,0.25,0.255,0.24,0.245,4752400,NaN,NaN,NaN,NaN,NaN,NaN,NaN
1685322000,0.25,0.25,0.245,0.25,2233300,NaN,NaN,NaN,NaN,NaN,NaN,NaN
1685408400,0.25,0.25,0.245,0.245,4129700,NaN,NaN,NaN,NaN,NaN,NaN,NaN
1685494800,0.245,0.265,0.245,0.265,5630500,NaN,NaN,NaN,NaN,NaN,NaN,NaN
1685581200,0.255,0.26,0.25,0.25,2589900,NaN,NaN,NaN,NaN,NaN,NaN,NaN
1685667600,0.255,0.265,0.255,0.265,1640300,NaN,NaN,NaN,NaN,NaN,NaN,NaN
1686013200,0.265,0.27,0.26,0.265,3567400,NaN,NaN,NaN,NaN,NaN,NaN,NaN
1686099600,0.265,0.265,0.25,0.255,9793900,NaN,NaN,NaN,NaN,NaN,NaN,NaN
1686186000,0.255,0.255,0.25,0.25,871800,NaN,NaN,NaN,NaN,NaN,NaN,NaN
1686272400,0.25,0.26,0.25,0.26,2451100,NaN,NaN,NaN,NaN,NaN,NaN,NaN
1686531600,0.26,0.26,0.255,0.255,3270900,NaN,NaN,NaN,NaN,NaN,NaN,NaN
1686618000,0.26,0.265,0.255,0.255,1572700,NaN,NaN,NaN,NaN,NaN,NaN,NaN
1686704400,0.255,0.275,0.255,0.265,14570500,NaN,NaN,NaN,NaN,NaN,NaN,NaN
1686790800,0.26,0.265,0.255,0.26,1517800,NaN,NaN,NaN,NaN,NaN,NaN,NaN
1686877200,0.265,0.265,0.26,0.26,1815000,NaN,NaN,NaN,NaN,NaN,NaN,NaN
1687136400,0.265,0.265,0.26,0.26,648600,NaN,NaN,NaN,NaN,NaN,NaN,NaN
1687222800,0.265,0.27,0.26,0.265,5251700,NaN,NaN,NaN,NaN,NaN,NaN,NaN
1687309200,0.265,0.275,0.265,0.27,12171600,NaN,NaN,NaN,NaN,NaN,NaN,NaN
1687395600,0.275,0.275,0.265,0.275,5044100,NaN,NaN,NaN,NaN,NaN,NaN,NaN
1687482000,0.275,0.275,0.265,0.27,5278000,NaN,NaN,NaN,NaN,NaN,NaN,NaN
1687741200,0.27,0.275,0.265,0.275,2714800,NaN,NaN,NaN,NaN,NaN,NaN,NaN
1687827600,0.275,0.28,0.265,0.27,7618300,NaN,NaN,NaN,NaN,NaN,NaN,NaN
1687914000,0.27,0.275,0.27,0.27,1686900,NaN,NaN,NaN,NaN,NaN,NaN,NaN
1688086800,0.27,0.275,0.27,0.27,1404400,5058476221,13354717000,6449758000,53750000,363955000,6796869000,1.85185185185185
1688346000,0.27,0.285,0.27,0.28,10024700,NaN,NaN,NaN,NaN,NaN,NaN,NaN
1688432400,0.28,0.31,0.275,0.305,32623900,NaN,NaN,NaN,NaN,NaN,NaN,NaN
1688518800,0.305,0.32,0.305,0.31,27949300,NaN,NaN,NaN,NaN,NaN,NaN,NaN
1688605200,0.31,0.31,0.295,0.305,17156200,NaN,NaN,NaN,NaN,NaN,NaN,NaN
1688691600,0.305,0.315,0.3,0.305,9603500,NaN,NaN,NaN,NaN,NaN,NaN,NaN
1688950800,0.305,0.34,0.305,0.34,41583600,NaN,NaN,NaN,NaN,NaN,NaN,NaN
1689037200,0.345,0.35,0.325,0.335,29914800,NaN,NaN,NaN,NaN,NaN,NaN,NaN
1689123600,0.34,0.355,0.33,0.335,14651200,NaN,NaN,NaN,NaN,NaN,NaN,NaN
1689210000,0.34,0.35,0.335,0.345,10460200,NaN,NaN,NaN,NaN,NaN,NaN,NaN
1689296400,0.35,0.37,0.345,0.36,37195200,NaN,NaN,NaN,NaN,NaN,NaN,NaN
1689555600,0.36,0.395,0.36,0.385,51204900,NaN,NaN,NaN,NaN,NaN,NaN,NaN
1689642000,0.385,0.435,0.37,0.39,143449000,NaN,NaN,NaN,NaN,NaN,NaN,NaN
1689814800,0.385,0.45,0.385,0.45,113910600,NaN,NaN,NaN,NaN,NaN,NaN,NaN
1689901200,0.455,0.49,0.44,0.485,140790000,NaN,NaN,NaN,NaN,NaN,NaN,NaN
1690160400,0.485,0.485,0.43,0.435,87678200,NaN,NaN,NaN,NaN,NaN,NaN,NaN
1690246800,0.44,0.48,0.435,0.475,84840500,NaN,NaN,NaN,NaN,NaN,NaN,NaN
1690333200,0.48,0.59,0.465,0.54,303051900,NaN,NaN,NaN,NaN,NaN,NaN,NaN
1690419600,0.54,0.555,0.485,0.485,157387100,NaN,NaN,NaN,NaN,NaN,NaN,NaN
1690506000,0.49,0.51,0.475,0.49,70396700,NaN,NaN,NaN,NaN,NaN,NaN,NaN
1690765200,0.495,0.505,0.475,0.48,51427600,NaN,NaN,NaN,NaN,NaN,NaN,NaN
1690851600,0.485,0.485,0.44,0.46,64140200,NaN,NaN,NaN,NaN,NaN,NaN,NaN
1690938000,0.46,0.51,0.455,0.505,117811000,NaN,NaN,NaN,NaN,NaN,NaN,NaN
1691024400,0.51,0.53,0.485,0.49,141201100,NaN,NaN,NaN,NaN,NaN,NaN,NaN
1691110800,0.5,0.515,0.485,0.505,47771600,NaN,NaN,NaN,NaN,NaN,NaN,NaN
1691370000,0.505,0.505,0.485,0.495,39729200,NaN,NaN,NaN,NaN,NaN,NaN,NaN
1691456400,0.5,0.535,0.49,0.52,84763800,NaN,NaN,NaN,NaN,NaN,NaN,NaN
1691542800,0.52,0.545,0.51,0.525,78075500,NaN,NaN,NaN,NaN,NaN,NaN,NaN
1691629200,0.52,0.535,0.515,0.525,33587000,NaN,NaN,NaN,NaN,NaN,NaN,NaN
1691715600,0.53,0.55,0.52,0.545,59885700,NaN,NaN,NaN,NaN,NaN,NaN,NaN
1691974800,0.55,0.595,0.55,0.565,139811200,NaN,NaN,NaN,NaN,NaN,NaN,NaN
1692061200,0.57,0.59,0.56,0.57,60449500,NaN,NaN,NaN,NaN,NaN,NaN,NaN
1692147600,0.57,0.62,0.56,0.61,113229500,NaN,NaN,NaN,NaN,NaN,NaN,NaN
1692234000,0.61,0.63,0.575,0.63,96336900,NaN,NaN,NaN,NaN,NaN,NaN,NaN
1692320400,0.635,0.65,0.61,0.62,69808300,NaN,NaN,NaN,NaN,NaN,NaN,NaN
1692579600,0.62,0.645,0.605,0.635,53177700,NaN,NaN,NaN,NaN,NaN,NaN,NaN
1692666000,0.63,0.655,0.625,0.63,53748400,NaN,NaN,NaN,NaN,NaN,NaN,NaN
1692752400,0.63,0.64,0.62,0.635,31210000,NaN,NaN,NaN,NaN,NaN,NaN,NaN
1692838800,0.635,0.64,0.625,0.625,22524300,NaN,NaN,NaN,NaN,NaN,NaN,NaN
1692925200,0.625,0.68,0.61,0.67,76049200,NaN,NaN,NaN,NaN,NaN,NaN,NaN
1693184400,0.685,0.735,0.67,0.715,97910400,NaN,NaN,NaN,NaN,NaN,NaN,NaN
1693270800,0.72,0.75,0.71,0.715,67523900,NaN,NaN,NaN,NaN,NaN,NaN,NaN
1693357200,0.72,0.735,0.695,0.73,60009700,NaN,NaN,NaN,NaN,NaN,NaN,NaN
1693530000,0.73,0.77,0.725,0.74,66652900,NaN,NaN,NaN,NaN,NaN,NaN,NaN
1693789200,0.74,0.755,0.73,0.74,23509600,NaN,NaN,NaN,NaN,NaN,NaN,NaN
1693875600,0.74,0.745,0.65,0.685,63887900,NaN,NaN,NaN,NaN,NaN,NaN,NaN
1693962000,0.68,0.74,0.68,0.735,53096800,NaN,NaN,NaN,NaN,NaN,NaN,NaN
1694048400,0.735,0.745,0.7,0.715,36336300,NaN,NaN,NaN,NaN,NaN,NaN,NaN
1694134800,0.705,0.75,0.705,0.72,43221600,NaN,NaN,NaN,NaN,NaN,NaN,NaN
1694394000,0.73,0.735,0.695,0.705,19845600,NaN,NaN,NaN,NaN,NaN,NaN,NaN
1694480400,0.705,0.705,0.65,0.685,63127600,NaN,NaN,NaN,NaN,NaN,NaN,NaN
1694566800,0.685,0.685,0.66,0.67,23305200,NaN,NaN,NaN,NaN,NaN,NaN,NaN
1694653200,0.67,0.7,0.665,0.685,43706200,NaN,NaN,NaN,NaN,NaN,NaN,NaN
1694739600,0.69,0.735,0.68,0.73,58004600,NaN,NaN,NaN,NaN,NaN,NaN,NaN
1694998800,0.73,0.865,0.72,0.845,148878400,NaN,NaN,NaN,NaN,NaN,NaN,NaN
1695085200,0.84,0.87,0.83,0.85,76291100,NaN,NaN,NaN,NaN,NaN,NaN,NaN
1695171600,0.85,0.94,0.85,0.91,91678400,NaN,NaN,NaN,NaN,NaN,NaN,NaN
1695258000,0.915,0.945,0.865,0.88,76196000,NaN,NaN,NaN,NaN,NaN,NaN,NaN
1695344400,0.875,0.925,0.865,0.91,65037400,NaN,NaN,NaN,NaN,NaN,NaN,NaN
1695603600,0.91,0.92,0.87,0.875,67809000,NaN,NaN,NaN,NaN,NaN,NaN,NaN
1695690000,0.88,0.9,0.855,0.86,47507500,NaN,NaN,NaN,NaN,NaN,NaN,NaN
1695776400,0.85,0.865,0.83,0.835,38823400,NaN,NaN,NaN,NaN,NaN,NaN,NaN
1695949200,0.845,0.855,0.825,0.845,27595100,5058476221,12865978000,5969699000,19493000,312354000,6785583000,0.591715976331361
1696208400,0.845,0.865,0.79,0.81,60875500,NaN,NaN,NaN,NaN,NaN,NaN,NaN
1696294800,0.805,0.83,0.795,0.805,50187200,NaN,NaN,NaN,NaN,NaN,NaN,NaN
1696381200,0.795,0.825,0.775,0.82,60465700,NaN,NaN,NaN,NaN,NaN,NaN,NaN
1696467600,0.825,0.825,0.785,0.785,61248400,NaN,NaN,NaN,NaN,NaN,NaN,NaN
1696554000,0.785,0.815,0.78,0.79,40110100,NaN,NaN,NaN,NaN,NaN,NaN,NaN
1696813200,0.79,0.805,0.78,0.805,24012500,NaN,NaN,NaN,NaN,NaN,NaN,NaN
1696899600,0.805,0.88,0.805,0.87,98037500,NaN,NaN,NaN,NaN,NaN,NaN,NaN
1696986000,0.875,0.89,0.845,0.855,71127500,NaN,NaN,NaN,NaN,NaN,NaN,NaN
1697072400,0.86,0.865,0.84,0.845,50447600,NaN,NaN,NaN,NaN,NaN,NaN,NaN
1697158800,0.845,0.885,0.825,0.83,121093600,NaN,NaN,NaN,NaN,NaN,NaN,NaN
1697418000,0.815,0.82,0.79,0.795,55441500,NaN,NaN,NaN,NaN,NaN,NaN,NaN
1697504400,0.8,0.81,0.785,0.79,22400800,NaN,NaN,NaN,NaN,NaN,NaN,NaN
1697590800,0.79,0.79,0.745,0.75,60350700,NaN,NaN,NaN,NaN,NaN,NaN,NaN
1697677200,0.745,0.78,0.735,0.765,46363800,NaN,NaN,NaN,NaN,NaN,NaN,NaN
1697763600,0.76,0.77,0.74,0.745,24852600,NaN,NaN,NaN,NaN,NaN,NaN,NaN
1698022800,0.74,0.75,0.705,0.725,51058300,NaN,NaN,NaN,NaN,NaN,NaN,NaN
1698109200,0.735,0.775,0.73,0.765,36989300,NaN,NaN,NaN,NaN,NaN,NaN,NaN
1698195600,0.775,0.78,0.74,0.75,25607500,NaN,NaN,NaN,NaN,NaN,NaN,NaN
1698282000,0.745,0.825,0.745,0.82,65135300,NaN,NaN,NaN,NaN,NaN,NaN,NaN
1698368400,0.815,0.82,0.78,0.79,45211800,NaN,NaN,NaN,NaN,NaN,NaN,NaN
1698627600,0.79,0.81,0.77,0.77,25268000,NaN,NaN,NaN,NaN,NaN,NaN,NaN
1698714000,0.78,0.8,0.775,0.795,30612100,NaN,NaN,NaN,NaN,NaN,NaN,NaN
1698800400,0.8,0.8,0.765,0.775,24981700,NaN,NaN,NaN,NaN,NaN,NaN,NaN
1698886800,0.78,0.805,0.78,0.79,28779100,NaN,NaN,NaN,NaN,NaN,NaN,NaN
1698973200,0.805,0.845,0.79,0.815,56596800,NaN,NaN,NaN,NaN,NaN,NaN,NaN
1699232400,0.82,0.85,0.81,0.845,32274100,NaN,NaN,NaN,NaN,NaN,NaN,NaN
1699318800,0.845,0.85,0.805,0.82,28118600,NaN,NaN,NaN,NaN,NaN,NaN,NaN
1699405200,0.82,0.845,0.815,0.825,18356000,NaN,NaN,NaN,NaN,NaN,NaN,NaN
1699491600,0.82,0.825,0.79,0.795,32656100,NaN,NaN,NaN,NaN,NaN,NaN,NaN
1699578000,0.795,0.805,0.78,0.8,12632200,NaN,NaN,NaN,NaN,NaN,NaN,NaN
1699923600,0.795,0.815,0.79,0.795,9919800,NaN,NaN,NaN,NaN,NaN,NaN,NaN
1700010000,0.8,0.815,0.79,0.8,20267600,NaN,NaN,NaN,NaN,NaN,NaN,NaN
1700096400,0.79,0.795,0.78,0.785,13771300,NaN,NaN,NaN,NaN,NaN,NaN,NaN
1700182800,0.785,0.8,0.775,0.785,14311000,NaN,NaN,NaN,NaN,NaN,NaN,NaN
1700442000,0.79,0.795,0.78,0.78,10397000,NaN,NaN,NaN,NaN,NaN,NaN,NaN
1700528400,0.785,0.81,0.785,0.79,19160300,NaN,NaN,NaN,NaN,NaN,NaN,NaN
1700614800,0.79,0.8,0.78,0.785,10669400,NaN,NaN,NaN,NaN,NaN,NaN,NaN
1700701200,0.785,0.805,0.785,0.8,14923900,NaN,NaN,NaN,NaN,NaN,NaN,NaN
1700787600,0.8,0.805,0.785,0.795,9349600,NaN,NaN,NaN,NaN,NaN,NaN,NaN
1701046800,0.795,0.805,0.75,0.765,27331500,NaN,NaN,NaN,NaN,NaN,NaN,NaN
1701133200,0.76,0.77,0.735,0.735,14892900,NaN,NaN,NaN,NaN,NaN,NaN,NaN
1701219600,0.735,0.75,0.715,0.715,24998400,NaN,NaN,NaN,NaN,NaN,NaN,NaN
1701306000,0.71,0.725,0.68,0.71,54921600,NaN,NaN,NaN,NaN,NaN,NaN,NaN
1701392400,0.715,0.72,0.695,0.705,9848800,NaN,NaN,NaN,NaN,NaN,NaN,NaN
1701651600,0.705,0.715,0.7,0.71,11233400,NaN,NaN,NaN,NaN,NaN,NaN,NaN
1701738000,0.71,0.74,0.705,0.705,39537700,NaN,NaN,NaN,NaN,NaN,NaN,NaN
1701824400,0.705,0.715,0.7,0.705,7069200,NaN,NaN,NaN,NaN,NaN,NaN,NaN
1701910800,0.705,0.71,0.68,0.685,14440100,NaN,NaN,NaN,NaN,NaN,NaN,NaN
1701997200,0.685,0.7,0.675,0.68,26676500,NaN,NaN,NaN,NaN,NaN,NaN,NaN
1702256400,0.7,0.765,0.7,0.755,59142800,NaN,NaN,NaN,NaN,NaN,NaN,NaN
1702342800,0.765,0.79,0.745,0.77,37650900,NaN,NaN,NaN,NaN,NaN,NaN,NaN
1702429200,0.77,0.79,0.755,0.775,15467600,NaN,NaN,NaN,NaN,NaN,NaN,NaN
1702515600,0.78,0.795,0.76,0.77,24317900,NaN,NaN,NaN,NaN,NaN,NaN,NaN
1702602000,0.77,0.77,0.755,0.77,18172400,NaN,NaN,NaN,NaN,NaN,NaN,NaN
1702861200,0.775,0.79,0.76,0.77,32339400,NaN,NaN,NaN,NaN,NaN,NaN,NaN
1702947600,0.775,0.84,0.77,0.82,69853700,NaN,NaN,NaN,NaN,NaN,NaN,NaN
1703034000,0.82,0.825,0.795,0.805,20933000,NaN,NaN,NaN,NaN,NaN,NaN,NaN
1703120400,0.8,0.835,0.795,0.83,23867400,NaN,NaN,NaN,NaN,NaN,NaN,NaN
1703206800,0.83,0.85,0.81,0.83,31021100,NaN,NaN,NaN,NaN,NaN,NaN,NaN
1703552400,0.855,0.855,0.835,0.845,27267300,NaN,NaN,NaN,NaN,NaN,NaN,NaN
1703638800,0.845,0.85,0.825,0.83,12706000,NaN,NaN,NaN,NaN,NaN,NaN,NaN
1703725200,0.835,0.845,0.825,0.825,9621200,NaN,NaN,NaN,NaN,NaN,NaN,NaN
1703811600,0.83,0.835,0.815,0.815,11047100,5058476221,12973534000,6020903000,76960000,421973000,6837971000,0.920245398773006
1704157200,0.815,0.855,0.815,0.835,27883300,NaN,NaN,NaN,NaN,NaN,NaN,NaN
1704243600,0.835,1,0.835,0.99,149336100,NaN,NaN,NaN,NaN,NaN,NaN,NaN
1704330000,0.98,1.07,0.98,1,101084300,NaN,NaN,NaN,NaN,NaN,NaN,NaN
1704416400,0.995,1.05,0.99,1.03,42841500,NaN,NaN,NaN,NaN,NaN,NaN,NaN
1704675600,1.05,1.1,0.99,1,87179800,NaN,NaN,NaN,NaN,NaN,NaN,NaN
1704762000,1.01,1.02,0.94,0.955,55305000,NaN,NaN,NaN,NaN,NaN,NaN,NaN
1704848400,0.96,1,0.95,0.97,59498200,NaN,NaN,NaN,NaN,NaN,NaN,NaN
1704934800,0.975,0.98,0.92,0.95,51659700,NaN,NaN,NaN,NaN,NaN,NaN,NaN
1705021200,0.95,1.02,0.945,0.98,51062900,NaN,NaN,NaN,NaN,NaN,NaN,NaN
1705280400,0.985,1.03,0.965,1,56040500,NaN,NaN,NaN,NaN,NaN,NaN,NaN
1705366800,1.01,1.01,0.935,0.96,41386200,NaN,NaN,NaN,NaN,NaN,NaN,NaN
1705453200,0.96,0.99,0.94,0.98,21841000,NaN,NaN,NaN,NaN,NaN,NaN,NaN
1705539600,0.975,0.98,0.915,0.955,40956700,NaN,NaN,NaN,NaN,NaN,NaN,NaN
1705626000,0.955,1.03,0.945,0.995,59254000,NaN,NaN,NaN,NaN,NaN,NaN,NaN
1705885200,1.01,1.11,1.01,1.06,87524700,NaN,NaN,NaN,NaN,NaN,NaN,NaN
1705971600,1.06,1.09,1.03,1.05,23840000,NaN,NaN,NaN,NaN,NaN,NaN,NaN
1706058000,1.05,1.1,1.05,1.07,49115100,NaN,NaN,NaN,NaN,NaN,NaN,NaN
1706230800,1.08,1.16,1.06,1.07,83430800,NaN,NaN,NaN,NaN,NaN,NaN,NaN
1706490000,1.08,1.09,1.05,1.05,22121800,NaN,NaN,NaN,NaN,NaN,NaN,NaN
1706576400,1.05,1.07,1.03,1.05,17682400,NaN,NaN,NaN,NaN,NaN,NaN,NaN
1706662800,1.05,1.06,1.01,1.03,25630100,NaN,NaN,NaN,NaN,NaN,NaN,NaN
1706835600,1.03,1.03,0.99,1,24343000,NaN,NaN,NaN,NaN,NaN,NaN,NaN
1707094800,0.995,1.01,0.96,0.98,20619300,NaN,NaN,NaN,NaN,NaN,NaN,NaN
1707181200,0.965,1.01,0.96,1.01,19074300,NaN,NaN,NaN,NaN,NaN,NaN,NaN
1707267600,1.01,1.02,0.95,0.97,30262800,NaN,NaN,NaN,NaN,NaN,NaN,NaN
1707354000,0.965,1.03,0.965,1.03,28712400,NaN,NaN,NaN,NaN,NaN,NaN,NaN
1707440400,1.03,1.05,1.01,1.04,11807200,NaN,NaN,NaN,NaN,NaN,NaN,NaN
1707786000,1.05,1.06,1.03,1.06,9655300,NaN,NaN,NaN,NaN,NaN,NaN,NaN
1707872400,1.04,1.08,1.04,1.06,8734200,NaN,NaN,NaN,NaN,NaN,NaN,NaN
1707958800,1.06,1.08,1.06,1.06,9387200,NaN,NaN,NaN,NaN,NaN,NaN,NaN
1708045200,1.07,1.11,1.05,1.08,23863600,NaN,NaN,NaN,NaN,NaN,NaN,NaN
1708304400,1.08,1.08,1.05,1.08,12976200,NaN,NaN,NaN,NaN,NaN,NaN,NaN
1708390800,1.07,1.1,1.07,1.08,16734300,NaN,NaN,NaN,NaN,NaN,NaN,NaN
1708477200,1.09,1.1,1.02,1.03,21415000,NaN,NaN,NaN,NaN,NaN,NaN,NaN
1708563600,1.04,1.06,1.03,1.04,12415000,NaN,NaN,NaN,NaN,NaN,NaN,NaN
1708650000,1.05,1.06,1.02,1.03,14082900,NaN,NaN,NaN,NaN,NaN,NaN,NaN
1708909200,1.03,1.07,1.02,1.06,13324100,NaN,NaN,NaN,NaN,NaN,NaN,NaN
1708995600,1.06,1.06,1.04,1.04,6519900,NaN,NaN,NaN,NaN,NaN,NaN,NaN
1709082000,1.06,1.08,1.01,1.01,20547500,NaN,NaN,NaN,NaN,NaN,NaN,NaN
1709168400,1.01,1.04,0.98,1.04,19747900,NaN,NaN,NaN,NaN,NaN,NaN,NaN
1709254800,1.02,1.03,1,1.01,3801100,NaN,NaN,NaN,NaN,NaN,NaN,NaN
1709514000,1,1.01,0.99,0.995,6682300,NaN,NaN,NaN,NaN,NaN,NaN,NaN
1709600400,1.02,1.02,0.98,0.99,12638900,NaN,NaN,NaN,NaN,NaN,NaN,NaN
1709686800,0.995,1,0.98,0.98,6107000,NaN,NaN,NaN,NaN,NaN,NaN,NaN
1709773200,0.975,1.02,0.975,0.995,9285400,NaN,NaN,NaN,NaN,NaN,NaN,NaN
1709859600,0.995,1.01,0.965,0.975,11949600,NaN,NaN,NaN,NaN,NaN,NaN,NaN
1710118800,0.97,0.98,0.95,0.965,10160200,NaN,NaN,NaN,NaN,NaN,NaN,NaN
1710205200,0.97,0.98,0.955,0.97,8513400,NaN,NaN,NaN,NaN,NaN,NaN,NaN
1710291600,0.97,1.02,0.97,1,20691600,NaN,NaN,NaN,NaN,NaN,NaN,NaN
1710378000,1.01,1.03,1.01,1.01,11759800,NaN,NaN,NaN,NaN,NaN,NaN,NaN
1710464400,1.02,1.07,1,1.05,21652400,NaN,NaN,NaN,NaN,NaN,NaN,NaN
1710723600,1.05,1.09,1.04,1.07,17646300,NaN,NaN,NaN,NaN,NaN,NaN,NaN
1710810000,1.08,1.12,1.06,1.1,20335400,NaN,NaN,NaN,NaN,NaN,NaN,NaN
1710896400,1.11,1.14,1.1,1.13,18764300,NaN,NaN,NaN,NaN,NaN,NaN,NaN
1710982800,1.13,1.17,1.12,1.16,24771000,NaN,NaN,NaN,NaN,NaN,NaN,NaN
1711069200,1.15,1.18,1.15,1.16,14923700,NaN,NaN,NaN,NaN,NaN,NaN,NaN
1711328400,1.16,1.17,1.13,1.14,12947200,NaN,NaN,NaN,NaN,NaN,NaN,NaN
1711414800,1.14,1.17,1.14,1.16,11231300,NaN,NaN,NaN,NaN,NaN,NaN,NaN
1711501200,1.16,1.24,1.15,1.21,32723200,NaN,NaN,NaN,NaN,NaN,NaN,NaN
1711674000,1.22,1.24,1.19,1.21,14440700,5058476221,13022744000,6068667000,11596000,224956000,6838311000,0.619834710743802
1711933200,1.21,1.23,1.17,1.17,12369500,NaN,NaN,NaN,NaN,NaN,NaN,NaN
1712019600,1.17,1.18,1.12,1.13,13925700,NaN,NaN,NaN,NaN,NaN,NaN,NaN
1712106000,1.12,1.16,1.11,1.12,9294700,NaN,NaN,NaN,NaN,NaN,NaN,NaN
1712192400,1.13,1.16,1.12,1.14,6965800,NaN,NaN,NaN,NaN,NaN,NaN,NaN
1712278800,1.14,1.15,1.1,1.13,13398700,NaN,NaN,NaN,NaN,NaN,NaN,NaN
1712538000,1.14,1.15,1.12,1.15,5216300,NaN,NaN,NaN,NaN,NaN,NaN,NaN
1712624400,1.15,1.15,1.13,1.15,4512200,NaN,NaN,NaN,NaN,NaN,NaN,NaN
1712883600,1.15,1.18,1.14,1.17,10680400,NaN,NaN,NaN,NaN,NaN,NaN,NaN
1713142800,1.15,1.15,1.07,1.1,43979600,NaN,NaN,NaN,NaN,NaN,NaN,NaN
1713229200,1.1,1.1,1.01,1.04,55018000,NaN,NaN,NaN,NaN,NaN,NaN,NaN
1713315600,1.05,1.06,1.03,1.04,27176100,NaN,NaN,NaN,NaN,NaN,NaN,NaN
1713402000,1.04,1.05,1.02,1.03,17115700,NaN,NaN,NaN,NaN,NaN,NaN,NaN
1713488400,1.03,1.05,0.985,1.01,57848400,NaN,NaN,NaN,NaN,NaN,NaN,NaN
1713747600,1.02,1.04,1.01,1.03,24752500,NaN,NaN,NaN,NaN,NaN,NaN,NaN
1713834000,1.04,1.05,1.02,1.02,17870200,NaN,NaN,NaN,NaN,NaN,NaN,NaN
1713920400,1.04,1.06,1.03,1.04,17153700,NaN,NaN,NaN,NaN,NaN,NaN,NaN
1714006800,1.04,1.07,1.03,1.05,16665600,NaN,NaN,NaN,NaN,NaN,NaN,NaN
1714093200,1.05,1.08,1.03,1.06,13883700,NaN,NaN,NaN,NaN,NaN,NaN,NaN
1714352400,1.06,1.09,1.06,1.09,21153100,NaN,NaN,NaN,NaN,NaN,NaN,NaN
1714438800,1.09,1.1,1.04,1.07,18292500,NaN,NaN,NaN,NaN,NaN,NaN,NaN
1714611600,1.06,1.07,1.04,1.05,11535500,NaN,NaN,NaN,NaN,NaN,NaN,NaN
1714698000,1.05,1.07,1.04,1.06,5510200,NaN,NaN,NaN,NaN,NaN,NaN,NaN
1714957200,1.07,1.08,1.06,1.08,7994900,NaN,NaN,NaN,NaN,NaN,NaN,NaN
1715043600,1.09,1.16,1.07,1.13,34501300,NaN,NaN,NaN,NaN,NaN,NaN,NaN
1715130000,1.14,1.15,1.12,1.15,12751200,NaN,NaN,NaN,NaN,NaN,NaN,NaN
1715216400,1.15,1.18,1.14,1.17,15269300,NaN,NaN,NaN,NaN,NaN,NaN,NaN
1715302800,1.17,1.18,1.14,1.15,6753000,NaN,NaN,NaN,NaN,NaN,NaN,NaN
1715562000,1.16,1.17,1.14,1.16,9752400,NaN,NaN,NaN,NaN,NaN,NaN,NaN
1715648400,1.17,1.23,1.17,1.19,23245000,NaN,NaN,NaN,NaN,NaN,NaN,NaN
1715734800,1.19,1.2,1.16,1.17,10108100,NaN,NaN,NaN,NaN,NaN,NaN,NaN
1715821200,1.18,1.19,1.16,1.18,12153100,NaN,NaN,NaN,NaN,NaN,NaN,NaN
1715907600,1.19,1.23,1.19,1.23,19729700,NaN,NaN,NaN,NaN,NaN,NaN,NaN
1716166800,1.24,1.28,1.23,1.26,20497700,NaN,NaN,NaN,NaN,NaN,NaN,NaN
1716253200,1.27,1.27,1.22,1.24,8434600,NaN,NaN,NaN,NaN,NaN,NaN,NaN
1716426000,1.23,1.25,1.22,1.23,3868400,NaN,NaN,NaN,NaN,NaN,NaN,NaN
1716512400,1.21,1.21,1.15,1.17,17789900,NaN,NaN,NaN,NaN,NaN,NaN,NaN
1716771600,1.17,1.19,1.16,1.17,6748300,NaN,NaN,NaN,NaN,NaN,NaN,NaN
1716858000,1.17,1.18,1.12,1.15,7202700,NaN,NaN,NaN,NaN,NaN,NaN,NaN
1716944400,1.11,1.12,1.08,1.1,15702700,NaN,NaN,NaN,NaN,NaN,NaN,NaN
1717030800,1.09,1.14,1.08,1.11,10918600,NaN,NaN,NaN,NaN,NaN,NaN,NaN
1717117200,1.12,1.19,1.09,1.16,34153300,NaN,NaN,NaN,NaN,NaN,NaN,NaN
1717462800,1.16,1.17,1.12,1.12,9044200,NaN,NaN,NaN,NaN,NaN,NaN,NaN
1717549200,1.13,1.15,1.12,1.14,9469200,NaN,NaN,NaN,NaN,NaN,NaN,NaN
1717635600,1.14,1.16,1.12,1.15,30165200,NaN,NaN,NaN,NaN,NaN,NaN,NaN
1717722000,1.15,1.16,1.13,1.14,36583500,NaN,NaN,NaN,NaN,NaN,NaN,NaN
1717981200,1.15,1.18,1.12,1.18,22651500,NaN,NaN,NaN,NaN,NaN,NaN,NaN
1718067600,1.18,1.22,1.18,1.21,35466500,NaN,NaN,NaN,NaN,NaN,NaN,NaN
1718154000,1.23,1.26,1.22,1.22,35687300,NaN,NaN,NaN,NaN,NaN,NaN,NaN
1718240400,1.23,1.24,1.2,1.22,7620200,NaN,NaN,NaN,NaN,NaN,NaN,NaN
1718326800,1.21,1.21,1.18,1.18,9223800,NaN,NaN,NaN,NaN,NaN,NaN,NaN
1718672400,1.18,1.19,1.14,1.16,12910300,NaN,NaN,NaN,NaN,NaN,NaN,NaN
1718758800,1.16,1.17,1.12,1.13,16896300,NaN,NaN,NaN,NaN,NaN,NaN,NaN
1718845200,1.12,1.13,1.1,1.12,18256600,NaN,NaN,NaN,NaN,NaN,NaN,NaN
1718931600,1.13,1.14,1.1,1.1,14776300,NaN,NaN,NaN,NaN,NaN,NaN,NaN
1719190800,1.1,1.1,1.06,1.07,19315500,NaN,NaN,NaN,NaN,NaN,NaN,NaN
1719277200,1.07,1.08,1.04,1.04,12440800,NaN,NaN,NaN,NaN,NaN,NaN,NaN
1719363600,1.04,1.07,1.04,1.05,15520700,NaN,NaN,NaN,NaN,NaN,NaN,NaN
1719450000,1.05,1.06,1.02,1.05,12005000,NaN,NaN,NaN,NaN,NaN,NaN,NaN
1719536400,1.05,1.09,1.03,1.08,12449100,5058476221,12873522000,5932818000,7873000,205223000,6826597000,0.694444444444444
1719795600,1.08,1.12,1.08,1.11,13392200,NaN,NaN,NaN,NaN,NaN,NaN,NaN
1719882000,1.12,1.13,1.09,1.11,10232800,NaN,NaN,NaN,NaN,NaN,NaN,NaN
1719968400,1.11,1.14,1.11,1.14,12620700,NaN,NaN,NaN,NaN,NaN,NaN,NaN
1720054800,1.14,1.17,1.13,1.16,14650000,NaN,NaN,NaN,NaN,NaN,NaN,NaN
1720141200,1.16,1.17,1.11,1.13,6428600,NaN,NaN,NaN,NaN,NaN,NaN,NaN
1720486800,1.12,1.14,1.11,1.13,6810500,NaN,NaN,NaN,NaN,NaN,NaN,NaN
1720573200,1.13,1.14,1.09,1.1,12232900,NaN,NaN,NaN,NaN,NaN,NaN,NaN
1720659600,1.11,1.18,1.11,1.16,16990900,NaN,NaN,NaN,NaN,NaN,NaN,NaN
1720746000,1.16,1.2,1.15,1.16,14199800,NaN,NaN,NaN,NaN,NaN,NaN,NaN
1721005200,1.17,1.21,1.16,1.2,16414900,NaN,NaN,NaN,NaN,NaN,NaN,NaN
1721091600,1.19,1.23,1.18,1.19,15720400,NaN,NaN,NaN,NaN,NaN,NaN,NaN
1721178000,1.2,1.23,1.18,1.22,16873000,NaN,NaN,NaN,NaN,NaN,NaN,NaN
1721264400,1.22,1.23,1.19,1.22,14989200,NaN,NaN,NaN,NaN,NaN,NaN,NaN
1721350800,1.21,1.23,1.18,1.2,8536200,NaN,NaN,NaN,NaN,NaN,NaN,NaN
1721610000,1.2,1.2,1.15,1.17,7715900,NaN,NaN,NaN,NaN,NaN,NaN,NaN
1721696400,1.18,1.23,1.18,1.21,11375600,NaN,NaN,NaN,NaN,NaN,NaN,NaN
1721782800,1.21,1.23,1.18,1.18,7991700,NaN,NaN,NaN,NaN,NaN,NaN,NaN
1721869200,1.15,1.19,1.14,1.15,9573800,NaN,NaN,NaN,NaN,NaN,NaN,NaN
1721955600,1.15,1.17,1.14,1.16,4583200,NaN,NaN,NaN,NaN,NaN,NaN,NaN
1722214800,1.17,1.18,1.16,1.17,5038000,NaN,NaN,NaN,NaN,NaN,NaN,NaN
1722301200,1.16,1.2,1.14,1.14,6323400,NaN,NaN,NaN,NaN,NaN,NaN,NaN
1722387600,1.15,1.15,1.12,1.13,4314700,NaN,NaN,NaN,NaN,NaN,NaN,NaN
1722474000,1.14,1.14,1.1,1.11,7854700,NaN,NaN,NaN,NaN,NaN,NaN,NaN
1722560400,1.08,1.09,1.03,1.06,12592800,NaN,NaN,NaN,NaN,NaN,NaN,NaN
1722819600,1.02,1.02,0.88,0.895,44656200,NaN,NaN,NaN,NaN,NaN,NaN,NaN
1722906000,0.925,1.01,0.895,0.98,36508700,NaN,NaN,NaN,NaN,NaN,NaN,NaN
1722992400,1,1.04,0.975,1.03,18167400,NaN,NaN,NaN,NaN,NaN,NaN,NaN
1723078800,1,1.05,0.995,1.03,14850100,NaN,NaN,NaN,NaN,NaN,NaN,NaN
1723165200,1.06,1.07,1.02,1.03,19043100,NaN,NaN,NaN,NaN,NaN,NaN,NaN
1723424400,1.03,1.07,1.03,1.04,10311700,NaN,NaN,NaN,NaN,NaN,NaN,NaN
1723510800,1.04,1.04,1.01,1.03,8193200,NaN,NaN,NaN,NaN,NaN,NaN,NaN
1723597200,1.05,1.05,1.02,1.04,7316400,NaN,NaN,NaN,NaN,NaN,NaN,NaN
1723683600,1.04,1.05,1,1.01,14125300,NaN,NaN,NaN,NaN,NaN,NaN,NaN
1723770000,1.02,1.04,1.02,1.03,5743600,NaN,NaN,NaN,NaN,NaN,NaN,NaN
1724029200,1.04,1.05,1.01,1.01,9342300,NaN,NaN,NaN,NaN,NaN,NaN,NaN
1724115600,1.02,1.03,0.985,0.99,9669700,NaN,NaN,NaN,NaN,NaN,NaN,NaN
1724202000,0.99,1.01,0.985,1,11158500,NaN,NaN,NaN,NaN,NaN,NaN,NaN
1724288400,1.01,1.01,0.995,0.995,4090300,NaN,NaN,NaN,NaN,NaN,NaN,NaN
1724374800,0.985,0.985,0.935,0.95,11765800,NaN,NaN,NaN,NaN,NaN,NaN,NaN
1724634000,0.955,0.965,0.92,0.935,7490000,NaN,NaN,NaN,NaN,NaN,NaN,NaN
1724720400,0.935,0.935,0.905,0.905,9780600,NaN,NaN,NaN,NaN,NaN,NaN,NaN
1724806800,0.905,0.94,0.84,0.845,16406300,NaN,NaN,NaN,NaN,NaN,NaN,NaN
1724893200,0.845,0.86,0.81,0.82,11893900,NaN,NaN,NaN,NaN,NaN,NaN,NaN
1724979600,0.82,0.885,0.82,0.88,12803200,NaN,NaN,NaN,NaN,NaN,NaN,NaN
1725238800,0.88,0.93,0.87,0.915,17675700,NaN,NaN,NaN,NaN,NaN,NaN,NaN
1725325200,0.92,0.945,0.91,0.915,8959400,NaN,NaN,NaN,NaN,NaN,NaN,NaN
1725411600,0.885,0.92,0.88,0.895,5796600,NaN,NaN,NaN,NaN,NaN,NaN,NaN
1725498000,0.9,0.9,0.865,0.87,6780200,NaN,NaN,NaN,NaN,NaN,NaN,NaN
1725584400,0.875,0.88,0.855,0.87,10801500,NaN,NaN,NaN,NaN,NaN,NaN,NaN
1725843600,0.86,0.875,0.84,0.865,7699500,NaN,NaN,NaN,NaN,NaN,NaN,NaN
1725930000,0.87,0.88,0.86,0.86,3501200,NaN,NaN,NaN,NaN,NaN,NaN,NaN
1726016400,0.86,0.86,0.84,0.84,2880100,NaN,NaN,NaN,NaN,NaN,NaN,NaN
1726102800,0.85,0.87,0.845,0.87,5528600,NaN,NaN,NaN,NaN,NaN,NaN,NaN
1726189200,0.87,0.92,0.87,0.91,12182900,NaN,NaN,NaN,NaN,NaN,NaN,NaN
1726534800,0.915,0.935,0.915,0.93,7638700,NaN,NaN,NaN,NaN,NaN,NaN,NaN
1726621200,0.93,0.93,0.915,0.925,2777800,NaN,NaN,NaN,NaN,NaN,NaN,NaN
1726707600,0.93,0.985,0.925,0.98,15178400,NaN,NaN,NaN,NaN,NaN,NaN,NaN
1726794000,0.99,1.02,0.98,1.02,23353300,NaN,NaN,NaN,NaN,NaN,NaN,NaN
1727053200,1.04,1.06,1.03,1.05,14829900,NaN,NaN,NaN,NaN,NaN,NaN,NaN
1727139600,1.07,1.07,1.03,1.07,10356000,NaN,NaN,NaN,NaN,NaN,NaN,NaN
1727226000,1.08,1.08,0.995,0.995,14976500,NaN,NaN,NaN,NaN,NaN,NaN,NaN
1727312400,0.995,1.04,0.995,1.02,7284600,NaN,NaN,NaN,NaN,NaN,NaN,NaN
1727398800,1.04,1.04,1,1.01,5699500,NaN,NaN,NaN,NaN,NaN,NaN,NaN
1727658000,1.01,1.02,1,1,3851600,5058476221,12677505000,5762146000,45416000,369329000,6800547000,0.75
1727744400,0.995,1.03,0.98,1.01,4284500,NaN,NaN,NaN,NaN,NaN,NaN,NaN
1727830800,1,1.03,0.995,0.995,5411500,NaN,NaN,NaN,NaN,NaN,NaN,NaN
1727917200,1.01,1.02,0.985,0.995,6522100,NaN,NaN,NaN,NaN,NaN,NaN,NaN
1728003600,0.995,0.995,0.98,0.99,3181500,NaN,NaN,NaN,NaN,NaN,NaN,NaN
1728262800,1,1.01,0.98,0.995,5284800,NaN,NaN,NaN,NaN,NaN,NaN,NaN
1728349200,0.985,1.04,0.98,1.03,7357700,NaN,NaN,NaN,NaN,NaN,NaN,NaN
1728435600,1.04,1.04,1,1.01,6093200,NaN,NaN,NaN,NaN,NaN,NaN,NaN
1728522000,1.02,1.04,1.01,1.03,8398700,NaN,NaN,NaN,NaN,NaN,NaN,NaN
1728608400,1.03,1.03,1.01,1.02,3886100,NaN,NaN,NaN,NaN,NaN,NaN,NaN
1728867600,1.03,1.04,1.01,1.03,4852300,NaN,NaN,NaN,NaN,NaN,NaN,NaN
1728954000,1.03,1.09,1,1.09,23360900,NaN,NaN,NaN,NaN,NaN,NaN,NaN
1729040400,1.09,1.1,1.02,1.06,19499500,NaN,NaN,NaN,NaN,NaN,NaN,NaN
1729126800,1.06,1.08,1.05,1.07,11049800,NaN,NaN,NaN,NaN,NaN,NaN,NaN
1729213200,1.07,1.09,1.06,1.08,14192400,NaN,NaN,NaN,NaN,NaN,NaN,NaN
1729472400,1.06,1.07,1.03,1.04,6810900,NaN,NaN,NaN,NaN,NaN,NaN,NaN
1729558800,1.04,1.05,1.02,1.04,8588600,NaN,NaN,NaN,NaN,NaN,NaN,NaN
1729645200,1.04,1.06,1.02,1.05,5902100,NaN,NaN,NaN,NaN,NaN,NaN,NaN
1729731600,1.04,1.04,1,1.01,8694700,NaN,NaN,NaN,NaN,NaN,NaN,NaN
1729818000,1.01,1.02,0.985,0.99,7705200,NaN,NaN,NaN,NaN,NaN,NaN,NaN
1730077200,0.99,1,0.98,0.99,4037100,NaN,NaN,NaN,NaN,NaN,NaN,NaN
1730163600,0.99,1,0.98,0.985,4046600,NaN,NaN,NaN,NaN,NaN,NaN,NaN
1730250000,0.985,0.985,0.96,0.97,6103300,NaN,NaN,NaN,NaN,NaN,NaN,NaN
1730422800,0.96,0.98,0.955,0.98,2095500,NaN,NaN,NaN,NaN,NaN,NaN,NaN
1730682000,0.98,1.01,0.98,1,3598000,NaN,NaN,NaN,NaN,NaN,NaN,NaN
1730768400,1,1.01,0.99,1.01,2682100,NaN,NaN,NaN,NaN,NaN,NaN,NaN
1730854800,1.01,1.03,1.01,1.03,5647100,NaN,NaN,NaN,NaN,NaN,NaN,NaN
1730941200,1.03,1.03,0.995,1,5905100,NaN,NaN,NaN,NaN,NaN,NaN,NaN
1731027600,1,1.01,0.99,0.995,2701800,NaN,NaN,NaN,NaN,NaN,NaN,NaN
1731286800,0.995,0.995,0.975,0.98,2810800,NaN,NaN,NaN,NaN,NaN,NaN,NaN
1731373200,0.99,0.99,0.97,0.975,1516700,NaN,NaN,NaN,NaN,NaN,NaN,NaN
1731459600,0.975,0.98,0.97,0.97,1951100,NaN,NaN,NaN,NaN,NaN,NaN,NaN
1731546000,0.98,0.99,0.97,0.975,2623700,NaN,NaN,NaN,NaN,NaN,NaN,NaN
1731632400,0.975,0.985,0.965,0.975,1723100,NaN,NaN,NaN,NaN,NaN,NaN,NaN
1731891600,0.975,0.975,0.96,0.965,2504000,NaN,NaN,NaN,NaN,NaN,NaN,NaN
1731978000,0.975,1.01,0.975,0.995,9466700,NaN,NaN,NaN,NaN,NaN,NaN,NaN
1732064400,0.995,0.995,0.97,0.975,2881000,NaN,NaN,NaN,NaN,NaN,NaN,NaN
1732150800,0.98,0.98,0.96,0.965,3524800,NaN,NaN,NaN,NaN,NaN,NaN,NaN
1732237200,0.97,0.98,0.935,0.945,9758500,NaN,NaN,NaN,NaN,NaN,NaN,NaN
1732496400,0.945,0.96,0.93,0.96,7537200,NaN,NaN,NaN,NaN,NaN,NaN,NaN
1732582800,0.96,0.96,0.93,0.935,4282000,NaN,NaN,NaN,NaN,NaN,NaN,NaN
1732669200,0.935,0.955,0.93,0.95,6236800,NaN,NaN,NaN,NaN,NaN,NaN,NaN
1732755600,0.95,0.95,0.94,0.945,3046500,NaN,NaN,NaN,NaN,NaN,NaN,NaN
1732842000,0.945,0.97,0.94,0.97,5160000,NaN,NaN,NaN,NaN,NaN,NaN,NaN
1733101200,0.97,0.98,0.95,0.955,4928100,NaN,NaN,NaN,NaN,NaN,NaN,NaN
1733187600,0.955,0.995,0.955,0.99,10357600,NaN,NaN,NaN,NaN,NaN,NaN,NaN
1733274000,0.99,1.01,0.97,0.98,14616500,NaN,NaN,NaN,NaN,NaN,NaN,NaN
1733360400,0.975,0.985,0.96,0.985,5532100,NaN,NaN,NaN,NaN,NaN,NaN,NaN
1733446800,0.985,0.995,0.975,0.975,2386300,NaN,NaN,NaN,NaN,NaN,NaN,NaN
1733706000,0.975,0.98,0.955,0.975,4563600,NaN,NaN,NaN,NaN,NaN,NaN,NaN
1733792400,0.98,0.99,0.97,0.99,7281700,NaN,NaN,NaN,NaN,NaN,NaN,NaN
1733878800,0.99,0.99,0.98,0.985,1310000,NaN,NaN,NaN,NaN,NaN,NaN,NaN
1733965200,0.98,0.985,0.97,0.975,2421100,NaN,NaN,NaN,NaN,NaN,NaN,NaN
1734051600,0.975,0.995,0.975,0.99,3918400,NaN,NaN,NaN,NaN,NaN,NaN,NaN
1734310800,0.99,1,0.975,0.975,4343100,NaN,NaN,NaN,NaN,NaN,NaN,NaN
1734397200,0.975,0.98,0.97,0.98,2883500,NaN,NaN,NaN,NaN,NaN,NaN,NaN
1734483600,0.98,0.99,0.975,0.98,2555100,NaN,NaN,NaN,NaN,NaN,NaN,NaN
1734570000,0.96,0.985,0.955,0.985,5566000,NaN,NaN,NaN,NaN,NaN,NaN,NaN
1734656400,0.985,1.01,0.98,0.985,14356300,NaN,NaN,NaN,NaN,NaN,NaN,NaN
1734915600,0.99,1,0.97,0.975,4329600,NaN,NaN,NaN,NaN,NaN,NaN,NaN
1735002000,0.98,0.98,0.96,0.97,5035900,NaN,NaN,NaN,NaN,NaN,NaN,NaN
1735174800,0.975,0.985,0.965,0.98,10398700,NaN,NaN,NaN,NaN,NaN,NaN,NaN
1735261200,0.98,1.04,0.98,1.02,21130500,NaN,NaN,NaN,NaN,NaN,NaN,NaN
1735520400,1.02,1.07,1.01,1.06,17574800,NaN,NaN,NaN,NaN,NaN,NaN,NaN
1735606800,1.06,1.09,1.05,1.08,13925700,5058476221,12767845000,5787051000,77322000,540810000,6867943000,1.14814814814815
1735779600,1.08,1.1,1.06,1.06,9458100,NaN,NaN,NaN,NaN,NaN,NaN,NaN
1735866000,1.06,1.18,1.06,1.17,47788200,NaN,NaN,NaN,NaN,NaN,NaN,NaN
1736125200,1.18,1.19,1.14,1.16,15336600,NaN,NaN,NaN,NaN,NaN,NaN,NaN
1736211600,1.18,1.18,1.09,1.1,23238700,NaN,NaN,NaN,NaN,NaN,NaN,NaN
1736298000,1.09,1.16,1.08,1.14,37336700,NaN,NaN,NaN,NaN,NaN,NaN,NaN
1736384400,1.14,1.15,1.08,1.09,21443800,NaN,NaN,NaN,NaN,NaN,NaN,NaN
1736470800,1.09,1.12,1.06,1.08,10487800,NaN,NaN,NaN,NaN,NaN,NaN,NaN
1736730000,1.07,1.07,1,1.04,19942400,NaN,NaN,NaN,NaN,NaN,NaN,NaN
1736816400,1.05,1.07,1.02,1.04,13837500,NaN,NaN,NaN,NaN,NaN,NaN,NaN
1736902800,1.04,1.06,0.98,0.98,13428800,NaN,NaN,NaN,NaN,NaN,NaN,NaN
1736989200,1.01,1.02,0.945,0.95,24588400,NaN,NaN,NaN,NaN,NaN,NaN,NaN
1737075600,0.945,0.98,0.93,0.965,15243800,NaN,NaN,NaN,NaN,NaN,NaN,NaN
1737334800,0.975,1.01,0.955,0.995,15032500,NaN,NaN,NaN,NaN,NaN,NaN,NaN
1737421200,0.995,1.02,0.98,0.995,21587700,NaN,NaN,NaN,NaN,NaN,NaN,NaN
1737507600,1,1.02,0.995,0.995,12570200,NaN,NaN,NaN,NaN,NaN,NaN,NaN
1737594000,0.995,1,0.975,0.985,9537100,NaN,NaN,NaN,NaN,NaN,NaN,NaN
1737680400,0.99,0.99,0.96,0.965,6643500,NaN,NaN,NaN,NaN,NaN,NaN,NaN
1737939600,0.965,0.965,0.94,0.94,6714300,NaN,NaN,NaN,NaN,NaN,NaN,NaN
1738026000,0.94,0.945,0.92,0.935,6682400,NaN,NaN,NaN,NaN,NaN,NaN,NaN
1738285200,0.935,0.945,0.925,0.93,5161800,NaN,NaN,NaN,NaN,NaN,NaN,NaN
1738544400,0.91,0.94,0.91,0.93,7836000,NaN,NaN,NaN,NaN,NaN,NaN,NaN
1738630800,0.935,0.96,0.925,0.93,8293800,NaN,NaN,NaN,NaN,NaN,NaN,NaN
1738717200,0.935,0.97,0.935,0.955,9243800,NaN,NaN,NaN,NaN,NaN,NaN,NaN
1738803600,0.96,0.97,0.95,0.97,4475800,NaN,NaN,NaN,NaN,NaN,NaN,NaN
1738890000,0.97,0.98,0.955,0.975,10032400,NaN,NaN,NaN,NaN,NaN,NaN,NaN
1739149200,0.97,0.97,0.945,0.955,8204500,NaN,NaN,NaN,NaN,NaN,NaN,NaN
1739322000,0.955,0.97,0.93,0.935,14283200,NaN,NaN,NaN,NaN,NaN,NaN,NaN
1739408400,0.935,0.955,0.915,0.94,12254000,NaN,NaN,NaN,NaN,NaN,NaN,NaN
1739494800,0.95,0.955,0.93,0.935,3079800,NaN,NaN,NaN,NaN,NaN,NaN,NaN
1739754000,0.935,0.935,0.915,0.925,6221500,NaN,NaN,NaN,NaN,NaN,NaN,NaN
1739840400,0.925,0.935,0.92,0.925,5662000,NaN,NaN,NaN,NaN,NaN,NaN,NaN
1739926800,0.925,0.925,0.9,0.905,9591400,NaN,NaN,NaN,NaN,NaN,NaN,NaN
1740013200,0.905,0.905,0.885,0.885,6828500,NaN,NaN,NaN,NaN,NaN,NaN,NaN
1740099600,0.905,0.98,0.9,0.965,32375300,NaN,NaN,NaN,NaN,NaN,NaN,NaN
1740358800,0.96,0.96,0.92,0.925,8753400,NaN,NaN,NaN,NaN,NaN,NaN,NaN
1740445200,0.925,0.925,0.865,0.895,14553100,NaN,NaN,NaN,NaN,NaN,NaN,NaN
1740531600,0.9,0.915,0.895,0.915,6184300,NaN,NaN,NaN,NaN,NaN,NaN,NaN
1740618000,0.925,0.935,0.9,0.93,7338600,NaN,NaN,NaN,NaN,NaN,NaN,NaN
1740704400,0.915,0.915,0.89,0.895,6424600,NaN,NaN,NaN,NaN,NaN,NaN,NaN
1740963600,0.905,0.905,0.885,0.885,3557000,NaN,NaN,NaN,NaN,NaN,NaN,NaN
1741050000,0.88,0.88,0.815,0.82,13391000,NaN,NaN,NaN,NaN,NaN,NaN,NaN
1741136400,0.82,0.855,0.815,0.845,4991900,NaN,NaN,NaN,NaN,NaN,NaN,NaN
1741222800,0.85,0.86,0.805,0.81,12621400,NaN,NaN,NaN,NaN,NaN,NaN,NaN
1741309200,0.815,0.815,0.79,0.795,9089800,NaN,NaN,NaN,NaN,NaN,NaN,NaN
1741568400,0.795,0.81,0.74,0.75,11165900,NaN,NaN,NaN,NaN,NaN,NaN,NaN
1741654800,0.735,0.74,0.71,0.725,19090600,NaN,NaN,NaN,NaN,NaN,NaN,NaN
1741741200,0.725,0.735,0.7,0.725,14090500,NaN,NaN,NaN,NaN,NaN,NaN,NaN
1741827600,0.73,0.765,0.73,0.76,9662900,NaN,NaN,NaN,NaN,NaN,NaN,NaN
1741914000,0.75,0.775,0.745,0.77,8896400,NaN,NaN,NaN,NaN,NaN,NaN,NaN
1742173200,0.775,0.8,0.775,0.775,7001500,NaN,NaN,NaN,NaN,NaN,NaN,NaN
1742346000,0.775,0.775,0.755,0.76,7281500,NaN,NaN,NaN,NaN,NaN,NaN,NaN
1742432400,0.765,0.785,0.76,0.785,4620000,NaN,NaN,NaN,NaN,NaN,NaN,NaN
1742518800,0.785,0.785,0.76,0.765,4872700,NaN,NaN,NaN,NaN,NaN,NaN,NaN
1742778000,0.765,0.775,0.75,0.76,4257100,NaN,NaN,NaN,NaN,NaN,NaN,NaN
1742864400,0.76,0.775,0.755,0.77,3709800,NaN,NaN,NaN,NaN,NaN,NaN,NaN
1742950800,0.77,0.775,0.755,0.77,4625600,NaN,NaN,NaN,NaN,NaN,NaN,NaN
1743037200,0.76,0.785,0.76,0.78,5468000,NaN,NaN,NaN,NaN,NaN,NaN,NaN
1743123600,0.775,0.775,0.755,0.755,5098000,5058476221,13099641000,6100363000,37371000,417634000,6887484000,NaN
1743555600,0.75,0.76,0.73,0.75,3195100,NaN,NaN,NaN,NaN,NaN,NaN,NaN
1743642000,0.735,0.76,0.735,0.745,5899100,NaN,NaN,NaN,NaN,NaN,NaN,NaN
1743728400,0.74,0.745,0.73,0.735,7605300,NaN,NaN,NaN,NaN,NaN,NaN,NaN
1743987600,0.71,0.71,0.66,0.68,10106000,NaN,NaN,NaN,NaN,NaN,NaN,NaN
1744074000,0.69,0.705,0.67,0.675,5952500,NaN,NaN,NaN,NaN,NaN,NaN,NaN
1744160400,0.66,0.67,0.62,0.625,8851700,NaN,NaN,NaN,NaN,NaN,NaN,NaN
1744246800,0.68,0.695,0.655,0.665,21149300,NaN,NaN,NaN,NaN,NaN,NaN,NaN
1744333200,0.65,0.705,0.65,0.685,16899500,NaN,NaN,NaN,NaN,NaN,NaN,NaN
1744592400,0.705,0.745,0.705,0.74,16839500,NaN,NaN,NaN,NaN,NaN,NaN,NaN
1744678800,0.745,0.765,0.725,0.735,19501500,NaN,NaN,NaN,NaN,NaN,NaN,NaN
1744765200,0.735,0.75,0.72,0.725,10978400,NaN,NaN,NaN,NaN,NaN,NaN,NaN
1744851600,0.71,0.725,0.705,0.715,8922800,NaN,NaN,NaN,NaN,NaN,NaN,NaN
1744938000,0.715,0.72,0.705,0.715,6643000,NaN,NaN,NaN,NaN,NaN,NaN,NaN
1745197200,0.72,0.725,0.705,0.71,6378600,NaN,NaN,NaN,NaN,NaN,NaN,NaN
1745283600,0.705,0.715,0.695,0.705,6672600,NaN,NaN,NaN,NaN,NaN,NaN,NaN
1745370000,0.72,0.73,0.71,0.73,8275000,NaN,NaN,NaN,NaN,NaN,NaN,NaN
1745456400,0.73,0.735,0.72,0.725,10297200,NaN,NaN,NaN,NaN,NaN,NaN,NaN
1745542800,0.73,0.75,0.73,0.74,7361800,NaN,NaN,NaN,NaN,NaN,NaN,NaN
1745802000,0.74,0.745,0.73,0.73,6895200,NaN,NaN,NaN,NaN,NaN,NaN,NaN
1745888400,0.725,0.735,0.71,0.72,5333700,NaN,NaN,NaN,NaN,NaN,NaN,NaN
1745974800,0.725,0.73,0.715,0.72,4164700,NaN,NaN,NaN,NaN,NaN,NaN,NaN
1746147600,0.72,0.745,0.71,0.73,10890100,NaN,NaN,NaN,NaN,NaN,NaN,NaN
1746406800,0.735,0.76,0.725,0.74,11749400,NaN,NaN,NaN,NaN,NaN,NaN,NaN
1746493200,0.74,0.745,0.72,0.735,4528500,NaN,NaN,NaN,NaN,NaN,NaN,NaN
1746579600,0.735,0.74,0.725,0.735,14191200,NaN,NaN,NaN,NaN,NaN,NaN,NaN
1746666000,0.735,0.735,0.725,0.73,9728700,NaN,NaN,NaN,NaN,NaN,NaN,NaN
1746752400,0.73,0.74,0.72,0.725,6022100,NaN,NaN,NaN,NaN,NaN,NaN,NaN
1747098000,0.74,0.765,0.73,0.745,27320200,NaN,NaN,NaN,NaN,NaN,NaN,NaN
1747184400,0.75,0.805,0.745,0.805,21656300,NaN,NaN,NaN,NaN,NaN,NaN,NaN
1747270800,0.805,0.825,0.785,0.795,25323900,NaN,NaN,NaN,NaN,NaN,NaN,NaN
1747357200,0.81,0.815,0.79,0.8,16893500,NaN,NaN,NaN,NaN,NaN,NaN,NaN
1747616400,0.8,0.8,0.765,0.77,15565300,NaN,NaN,NaN,NaN,NaN,NaN,NaN
1747702800,0.775,0.78,0.765,0.77,5685100,NaN,NaN,NaN,NaN,NaN,NaN,NaN
1747789200,0.765,0.765,0.735,0.735,6881400,NaN,NaN,NaN,NaN,NaN,NaN,NaN
1747875600,0.725,0.74,0.72,0.735,8012200,NaN,NaN,NaN,NaN,NaN,NaN,NaN
1747962000,0.75,0.755,0.73,0.735,8284900,NaN,NaN,NaN,NaN,NaN,NaN,NaN
1748221200,0.73,0.74,0.72,0.735,5969200,NaN,NaN,NaN,NaN,NaN,NaN,NaN
1748307600,0.74,0.74,0.725,0.725,4454700,NaN,NaN,NaN,NaN,NaN,NaN,NaN
1748394000,0.73,0.74,0.725,0.74,6333100,NaN,NaN,NaN,NaN,NaN,NaN,NaN
1748480400,0.74,0.755,0.735,0.735,6979700,NaN,NaN,NaN,NaN,NaN,NaN,NaN
1748566800,0.735,0.735,0.725,0.73,2744600,NaN,NaN,NaN,NaN,NaN,NaN,NaN
1748912400,0.73,0.735,0.72,0.72,5541000,NaN,NaN,NaN,NaN,NaN,NaN,NaN
1748998800,0.725,0.725,0.71,0.715,5420000,NaN,NaN,NaN,NaN,NaN,NaN,NaN
1749085200,0.715,0.73,0.715,0.73,5227700,NaN,NaN,NaN,NaN,NaN,NaN,NaN
1749171600,0.73,0.73,0.715,0.72,2744500,NaN,NaN,NaN,NaN,NaN,NaN,NaN
1749430800,0.72,0.745,0.72,0.735,4777900,NaN,NaN,NaN,NaN,NaN,NaN,NaN
1749517200,0.73,0.735,0.725,0.725,2490500,NaN,NaN,NaN,NaN,NaN,NaN,NaN
1749603600,0.73,0.75,0.73,0.745,5214800,NaN,NaN,NaN,NaN,NaN,NaN,NaN
1749690000,0.745,0.745,0.725,0.735,5329100,NaN,NaN,NaN,NaN,NaN,NaN,NaN
1749776400,0.73,0.73,0.71,0.71,6689400,NaN,NaN,NaN,NaN,NaN,NaN,NaN
1750035600,0.71,0.71,0.69,0.705,5142100,NaN,NaN,NaN,NaN,NaN,NaN,NaN
1750122000,0.705,0.71,0.7,0.705,3399800,NaN,NaN,NaN,NaN,NaN,NaN,NaN
1750208400,0.7,0.715,0.695,0.7,7197900,NaN,NaN,NaN,NaN,NaN,NaN,NaN
1750294800,0.7,0.7,0.685,0.695,5128700,NaN,NaN,NaN,NaN,NaN,NaN,NaN
1750381200,0.695,0.7,0.68,0.69,8436700,NaN,NaN,NaN,NaN,NaN,NaN,NaN
1750640400,0.68,0.69,0.66,0.685,3444600,NaN,NaN,NaN,NaN,NaN,NaN,NaN
1750726800,0.69,0.7,0.685,0.695,9019900,NaN,NaN,NaN,NaN,NaN,NaN,NaN
1750813200,0.705,0.715,0.7,0.71,6355200,NaN,NaN,NaN,NaN,NaN,NaN,NaN
1750899600,0.705,0.715,0.7,0.71,8893400,NaN,NaN,NaN,NaN,NaN,NaN,NaN
1751245200,0.72,0.73,0.71,0.71,5211200,5058476221,12898840000,5939176000,47756000,442416000,6844335000,NaN
1751331600,0.715,0.76,0.71,0.755,14146400,NaN,NaN,NaN,NaN,NaN,NaN,NaN
1751418000,0.755,0.77,0.75,0.76,8922500,NaN,NaN,NaN,NaN,NaN,NaN,NaN
1751504400,0.76,0.765,0.74,0.755,9600600,NaN,NaN,NaN,NaN,NaN,NaN,NaN
1751590800,0.76,0.765,0.755,0.76,7535200,NaN,NaN,NaN,NaN,NaN,NaN,NaN
1751850000,0.75,0.755,0.73,0.735,6266600,NaN,NaN,NaN,NaN,NaN,NaN,NaN
1751936400,0.735,0.745,0.715,0.735,3010000,NaN,NaN,NaN,NaN,NaN,NaN,NaN
1752022800,0.735,0.78,0.735,0.775,8986300,NaN,NaN,NaN,NaN,NaN,NaN,NaN
1752109200,0.775,0.785,0.76,0.77,7966800,NaN,NaN,NaN,NaN,NaN,NaN,NaN
1752195600,0.775,0.78,0.76,0.76,8640600,NaN,NaN,NaN,NaN,NaN,NaN,NaN
1752454800,0.76,0.78,0.755,0.765,6444000,NaN,NaN,NaN,NaN,NaN,NaN,NaN
1752541200,0.765,0.78,0.765,0.77,10692400,NaN,NaN,NaN,NaN,NaN,NaN,NaN
1752627600,0.77,0.77,0.73,0.74,12006400,NaN,NaN,NaN,NaN,NaN,NaN,NaN
1752714000,0.745,0.76,0.745,0.75,3733400,NaN,NaN,NaN,NaN,NaN,NaN,NaN
1752800400,0.75,0.79,0.75,0.78,15149700,NaN,NaN,NaN,NaN,NaN,NaN,NaN
1753059600,0.78,0.785,0.76,0.77,8295200,NaN,NaN,NaN,NaN,NaN,NaN,NaN
1753146000,0.775,0.78,0.75,0.76,3922700,NaN,NaN,NaN,NaN,NaN,NaN,NaN
1753232400,0.76,0.775,0.745,0.76,7164600,NaN,NaN,NaN,NaN,NaN,NaN,NaN
1753318800,0.77,0.77,0.75,0.755,4570300,NaN,NaN,NaN,NaN,NaN,NaN,NaN
1753405200,0.76,0.76,0.745,0.75,4396300,NaN,NaN,NaN,NaN,NaN,NaN,NaN
1753664400,0.75,0.77,0.75,0.76,7907400,NaN,NaN,NaN,NaN,NaN,NaN,NaN
1753750800,0.755,0.755,0.74,0.75,5138600,NaN,NaN,NaN,NaN,NaN,NaN,NaN
1753837200,0.75,0.75,0.735,0.74,4149400,NaN,NaN,NaN,NaN,NaN,NaN,NaN
1753923600,0.735,0.755,0.735,0.75,6277200,NaN,NaN,NaN,NaN,NaN,NaN,NaN
1754010000,0.75,0.815,0.75,0.785,20023900,NaN,NaN,NaN,NaN,NaN,NaN,NaN
1754269200,0.785,0.805,0.77,0.785,19266600,NaN,NaN,NaN,NaN,NaN,NaN,NaN
1754355600,0.79,0.795,0.77,0.775,5806600,NaN,NaN,NaN,NaN,NaN,NaN,NaN
1754442000,0.775,0.775,0.755,0.755,7541200,NaN,NaN,NaN,NaN,NaN,NaN,NaN
1754528400,0.755,0.76,0.75,0.755,5115500,NaN,NaN,NaN,NaN,NaN,NaN,NaN
1754614800,0.755,0.775,0.75,0.775,8434500,NaN,NaN,NaN,NaN,NaN,NaN,NaN
1754874000,0.77,0.785,0.765,0.77,5110000,NaN,NaN,NaN,NaN,NaN,NaN,NaN
1754960400,0.77,0.775,0.75,0.755,6569800,NaN,NaN,NaN,NaN,NaN,NaN,NaN
1755046800,0.76,0.77,0.75,0.76,11398200,NaN,NaN,NaN,NaN,NaN,NaN,NaN
1755133200,0.765,0.78,0.755,0.775,8504800,NaN,NaN,NaN,NaN,NaN,NaN,NaN
1755219600,0.775,0.775,0.76,0.76,6544100,NaN,NaN,NaN,NaN,NaN,NaN,NaN
1755478800,0.76,0.78,0.75,0.775,11625200,NaN,NaN,NaN,NaN,NaN,NaN,NaN
1755565200,0.775,0.8,0.775,0.79,11987200,NaN,NaN,NaN,NaN,NaN,NaN,NaN
1755651600,0.785,0.79,0.755,0.76,9309800,NaN,NaN,NaN,NaN,NaN,NaN,NaN
1755738000,0.76,0.765,0.755,0.76,3223500,NaN,NaN,NaN,NaN,NaN,NaN,NaN
1755824400,0.765,0.785,0.765,0.77,8971600,NaN,NaN,NaN,NaN,NaN,NaN,NaN
1756083600,0.78,0.79,0.77,0.785,8256300,NaN,NaN,NaN,NaN,NaN,NaN,NaN
1756170000,0.785,0.79,0.765,0.77,5555500,NaN,NaN,NaN,NaN,NaN,NaN,NaN
1756256400,0.77,0.78,0.76,0.76,3520700,NaN,NaN,NaN,NaN,NaN,NaN,NaN
1756342800,0.76,0.765,0.75,0.755,6374400,NaN,NaN,NaN,NaN,NaN,NaN,NaN
1756429200,0.76,0.76,0.73,0.74,12942400,NaN,NaN,NaN,NaN,NaN,NaN,NaN
1756774800,0.74,0.745,0.715,0.72,5365600,NaN,NaN,NaN,NaN,NaN,NaN,NaN
1756861200,0.72,0.73,0.715,0.72,5476400,NaN,NaN,NaN,NaN,NaN,NaN,NaN
1756947600,0.725,0.73,0.71,0.71,4358000,NaN,NaN,NaN,NaN,NaN,NaN,NaN
1757293200,0.71,0.725,0.71,0.72,2991400,NaN,NaN,NaN,NaN,NaN,NaN,NaN
1757379600,0.72,0.74,0.715,0.72,8143600,NaN,NaN,NaN,NaN,NaN,NaN,NaN
1757466000,0.72,0.73,0.71,0.71,4468100,NaN,NaN,NaN,NaN,NaN,NaN,NaN
1757552400,0.71,0.72,0.7,0.71,7493900,NaN,NaN,NaN,NaN,NaN,NaN,NaN
1757638800,0.715,0.725,0.71,0.715,5446100,NaN,NaN,NaN,NaN,NaN,NaN,NaN
1758070800,0.72,0.755,0.72,0.745,10917700,NaN,NaN,NaN,NaN,NaN,NaN,NaN
1758157200,0.75,0.76,0.74,0.745,8917500,NaN,NaN,NaN,NaN,NaN,NaN,NaN
1758243600,0.745,0.75,0.73,0.73,4890000,NaN,NaN,NaN,NaN,NaN,NaN,NaN
1758502800,0.73,0.74,0.73,0.735,2731000,NaN,NaN,NaN,NaN,NaN,NaN,NaN
1758589200,0.735,0.75,0.735,0.75,5573600,NaN,NaN,NaN,NaN,NaN,NaN,NaN
1758675600,0.745,0.775,0.745,0.775,10045900,NaN,NaN,NaN,NaN,NaN,NaN,NaN
1758762000,0.775,0.79,0.765,0.765,8031900,NaN,NaN,NaN,NaN,NaN,NaN,NaN
1758848400,0.765,0.765,0.755,0.755,5452800,NaN,NaN,NaN,NaN,NaN,NaN,NaN