time,open,high,low,close,Volume,Total common shares outstanding,Total assets,Total liabilities,Operating income,Total revenue,Shareholders&#039; equity,Dividend yield %
1478826000,1.19,1.205,1.18,1.185,10802000,NaN,NaN,NaN,NaN,NaN,NaN,NaN
1479085200,1.175,1.185,1.135,1.14,4928600,NaN,NaN,NaN,NaN,NaN,NaN,NaN
1479171600,1.14,1.19,1.14,1.185,4005200,NaN,NaN,NaN,NaN,NaN,NaN,NaN
1479258000,1.185,1.21,1.185,1.195,6348400,NaN,NaN,NaN,NaN,NaN,NaN,NaN
1479344400,1.195,1.2,1.17,1.185,1600600,NaN,NaN,NaN,NaN,NaN,NaN,NaN
1479430800,1.18,1.185,1.155,1.165,3859200,NaN,NaN,NaN,NaN,NaN,NaN,NaN
1479690000,1.175,1.195,1.175,1.19,1765800,NaN,NaN,NaN,NaN,NaN,NaN,NaN
1479776400,1.19,1.19,1.165,1.18,3047400,NaN,NaN,NaN,NaN,NaN,NaN,NaN
1479862800,1.185,1.19,1.17,1.185,1814400,NaN,NaN,NaN,NaN,NaN,NaN,NaN
1479949200,1.195,1.2,1.18,1.195,1887600,NaN,NaN,NaN,NaN,NaN,NaN,NaN
1480035600,1.195,1.21,1.19,1.2,2169000,NaN,NaN,NaN,NaN,NaN,NaN,NaN
1480294800,1.2,1.205,1.18,1.2,1381400,NaN,NaN,NaN,NaN,NaN,NaN,NaN
1480381200,1.2,1.2,1.175,1.18,1472400,NaN,NaN,NaN,NaN,NaN,NaN,NaN
1480467600,1.17,1.2,1.155,1.2,1706400,NaN,NaN,NaN,NaN,NaN,NaN,NaN
1480554000,1.165,1.225,1.165,1.215,6060400,NaN,NaN,NaN,NaN,NaN,NaN,NaN
1480640400,1.21,1.225,1.21,1.22,12277600,NaN,NaN,NaN,NaN,NaN,NaN,NaN
1480899600,1.21,1.225,1.205,1.22,13620200,NaN,NaN,NaN,NaN,NaN,NaN,NaN
1480986000,1.17,1.195,1.145,1.17,1770800,NaN,NaN,NaN,NaN,NaN,NaN,NaN
1481072400,1.17,1.17,1.155,1.17,3382200,NaN,NaN,NaN,NaN,NaN,NaN,NaN
1481158800,1.17,1.175,1.15,1.175,935800,NaN,NaN,NaN,NaN,NaN,NaN,NaN
1481245200,1.17,1.17,1.155,1.165,1151200,NaN,NaN,NaN,NaN,NaN,NaN,NaN
1481590800,1.165,1.175,1.15,1.165,4811800,NaN,NaN,NaN,NaN,NaN,NaN,NaN
1481677200,1.165,1.18,1.15,1.165,2042200,NaN,NaN,NaN,NaN,NaN,NaN,NaN
1481763600,1.165,1.2,1.16,1.185,2909000,NaN,NaN,NaN,NaN,NaN,NaN,NaN
1481850000,1.18,1.2,1.17,1.17,194200,NaN,NaN,NaN,NaN,NaN,NaN,NaN
1482109200,1.175,1.19,1.17,1.185,446600,NaN,NaN,NaN,NaN,NaN,NaN,NaN
1482195600,1.18,1.195,1.165,1.19,3632000,NaN,NaN,NaN,NaN,NaN,NaN,NaN
1482282000,1.19,1.205,1.19,1.2,2167200,NaN,NaN,NaN,NaN,NaN,NaN,NaN
1482368400,1.18,1.205,1.18,1.19,3956000,NaN,NaN,NaN,NaN,NaN,NaN,NaN
1482454800,1.18,1.18,1.16,1.175,2153800,NaN,NaN,NaN,NaN,NaN,NaN,NaN
1482800400,1.175,1.175,1.165,1.17,98000,NaN,NaN,NaN,NaN,NaN,NaN,NaN
1482886800,1.17,1.18,1.165,1.17,171400,NaN,NaN,NaN,NaN,NaN,NaN,NaN
1482973200,1.17,1.19,1.16,1.185,1392000,NaN,NaN,NaN,NaN,NaN,NaN,NaN
1483059600,1.18,1.19,1.165,1.18,3844000,NaN,NaN,NaN,NaN,NaN,NaN,NaN
1483405200,1.18,1.195,1.175,1.19,1069600,NaN,NaN,NaN,NaN,NaN,NaN,NaN
1483491600,1.2,1.2,1.17,1.195,4075600,NaN,NaN,NaN,NaN,NaN,NaN,NaN
1483578000,1.185,1.235,1.185,1.23,1356200,NaN,NaN,NaN,NaN,NaN,NaN,NaN
1483664400,1.2,1.235,1.2,1.23,2099200,NaN,NaN,NaN,NaN,NaN,NaN,NaN
1483923600,1.23,1.24,1.22,1.23,825800,NaN,NaN,NaN,NaN,NaN,NaN,NaN
1484010000,1.24,1.265,1.23,1.245,3100000,NaN,NaN,NaN,NaN,NaN,NaN,NaN
1484096400,1.24,1.26,1.24,1.245,2190800,NaN,NaN,NaN,NaN,NaN,NaN,NaN
1484182800,1.245,1.265,1.245,1.265,3159400,NaN,NaN,NaN,NaN,NaN,NaN,NaN
1484269200,1.255,1.255,1.23,1.235,2830400,NaN,NaN,NaN,NaN,NaN,NaN,NaN
1484528400,1.23,1.23,1.2,1.205,1360400,NaN,NaN,NaN,NaN,NaN,NaN,NaN
1484614800,1.205,1.22,1.185,1.22,5350200,NaN,NaN,NaN,NaN,NaN,NaN,NaN
1484701200,1.22,1.225,1.21,1.22,1685000,NaN,NaN,NaN,NaN,NaN,NaN,NaN
1484787600,1.225,1.245,1.22,1.22,1397000,NaN,NaN,NaN,NaN,NaN,NaN,NaN
1484874000,1.22,1.235,1.215,1.22,512000,NaN,NaN,NaN,NaN,NaN,NaN,NaN
1485133200,1.235,1.255,1.23,1.24,3580000,NaN,NaN,NaN,NaN,NaN,NaN,NaN
1485219600,1.25,1.255,1.245,1.25,6701200,NaN,NaN,NaN,NaN,NaN,NaN,NaN
1485306000,1.26,1.265,1.245,1.25,5013600,NaN,NaN,NaN,NaN,NaN,NaN,NaN
1485392400,1.26,1.27,1.255,1.255,4674200,NaN,NaN,NaN,NaN,NaN,NaN,NaN
1485478800,1.255,1.265,1.255,1.26,241200,NaN,NaN,NaN,NaN,NaN,NaN,NaN
1485824400,1.26,1.27,1.255,1.26,318200,NaN,NaN,NaN,NaN,NaN,NaN,NaN
1485997200,1.26,1.285,1.26,1.275,1973400,NaN,NaN,NaN,NaN,NaN,NaN,NaN
1486083600,1.27,1.305,1.27,1.29,4256200,NaN,NaN,NaN,NaN,NaN,NaN,NaN
1486342800,1.285,1.305,1.265,1.305,3288800,NaN,NaN,NaN,NaN,NaN,NaN,NaN
1486429200,1.305,1.34,1.305,1.34,11190200,NaN,NaN,NaN,NaN,NaN,NaN,NaN
1486515600,1.34,1.34,1.315,1.325,2453200,NaN,NaN,NaN,NaN,NaN,NaN,NaN
1486688400,1.34,1.34,1.31,1.325,2437600,NaN,NaN,NaN,NaN,NaN,NaN,NaN
1486947600,1.325,1.35,1.325,1.34,3691800,NaN,NaN,NaN,NaN,NaN,NaN,NaN
1487034000,1.345,1.36,1.345,1.35,7047000,NaN,NaN,NaN,NaN,NaN,NaN,NaN
1487120400,1.355,1.37,1.35,1.36,4331800,NaN,NaN,NaN,NaN,NaN,NaN,NaN
1487206800,1.365,1.37,1.35,1.355,2691800,NaN,NaN,NaN,NaN,NaN,NaN,NaN
1487293200,1.355,1.365,1.34,1.36,4556800,NaN,NaN,NaN,NaN,NaN,NaN,NaN
1487552400,1.36,1.36,1.335,1.35,3797400,NaN,NaN,NaN,NaN,NaN,NaN,NaN
1487638800,1.355,1.36,1.345,1.35,1098200,NaN,NaN,NaN,NaN,NaN,NaN,NaN
1487725200,1.36,1.39,1.35,1.39,5172600,NaN,NaN,NaN,NaN,NaN,NaN,NaN
1487811600,1.375,1.39,1.325,1.37,4439200,NaN,NaN,NaN,NaN,NaN,NaN,NaN
1487898000,1.35,1.375,1.34,1.37,5328400,NaN,NaN,NaN,NaN,NaN,NaN,NaN
1488157200,1.37,1.4,1.34,1.375,2860000,NaN,NaN,NaN,NaN,NaN,NaN,NaN
1488243600,1.37,1.37,1.35,1.355,2705400,NaN,NaN,NaN,NaN,NaN,NaN,NaN
1488330000,1.39,1.39,1.34,1.35,5449600,NaN,NaN,NaN,NaN,NaN,NaN,NaN
1488416400,1.35,1.385,1.35,1.38,9529400,NaN,NaN,NaN,NaN,NaN,NaN,NaN
1488502800,1.38,1.415,1.35,1.415,6425800,NaN,NaN,NaN,NaN,NaN,NaN,NaN
1488762000,1.415,1.475,1.415,1.455,3995400,NaN,NaN,NaN,NaN,NaN,NaN,NaN
1488848400,1.445,1.475,1.445,1.465,4785000,NaN,NaN,NaN,NaN,NaN,NaN,NaN
1488934800,1.475,1.49,1.46,1.475,7074400,NaN,NaN,NaN,NaN,NaN,NaN,NaN
1489021200,1.475,1.48,1.435,1.435,3349000,NaN,NaN,NaN,NaN,NaN,NaN,NaN
1489107600,1.45,1.465,1.44,1.455,7217800,NaN,NaN,NaN,NaN,NaN,NaN,NaN
1489366800,1.45,1.475,1.44,1.47,3599000,NaN,NaN,NaN,NaN,NaN,NaN,NaN
1489453200,1.46,1.49,1.46,1.48,9293800,NaN,NaN,NaN,NaN,NaN,NaN,NaN
1489539600,1.485,1.535,1.485,1.52,14473400,NaN,NaN,NaN,NaN,NaN,NaN,NaN
1489626000,1.52,1.53,1.515,1.53,7545000,NaN,NaN,NaN,NaN,NaN,NaN,NaN
1489712400,1.52,1.55,1.51,1.54,7806400,NaN,NaN,NaN,NaN,NaN,NaN,NaN
1489971600,1.535,1.55,1.525,1.54,608800,NaN,NaN,NaN,NaN,NaN,NaN,NaN
1490058000,1.54,1.575,1.535,1.56,6410200,NaN,NaN,NaN,NaN,NaN,NaN,NaN
1490144400,1.56,1.615,1.535,1.595,9706400,NaN,NaN,NaN,NaN,NaN,NaN,NaN
1490230800,1.605,1.65,1.595,1.63,7602400,NaN,NaN,NaN,NaN,NaN,NaN,NaN
1490317200,1.63,1.64,1.6,1.6,2263800,NaN,NaN,NaN,NaN,NaN,NaN,NaN
1490576400,1.635,1.635,1.58,1.615,6215600,NaN,NaN,NaN,NaN,NaN,NaN,NaN
1490662800,1.625,1.63,1.585,1.605,1106800,NaN,NaN,NaN,NaN,NaN,NaN,NaN
1490749200,1.63,1.63,1.565,1.575,537000,NaN,NaN,NaN,NaN,NaN,NaN,NaN
1490835600,1.59,1.59,1.54,1.575,11803000,NaN,NaN,NaN,NaN,NaN,NaN,NaN
1490922000,1.575,1.605,1.565,1.57,1842400,NaN,NaN,NaN,NaN,NaN,NaN,NaN
1491181200,1.58,1.645,1.58,1.59,7633400,NaN,NaN,NaN,NaN,NaN,NaN,NaN
1491267600,1.585,1.6,1.515,1.545,11768600,NaN,NaN,NaN,NaN,NaN,NaN,NaN
1491354000,1.56,1.565,1.54,1.565,1679200,NaN,NaN,NaN,NaN,NaN,NaN,NaN
1491440400,1.565,1.615,1.55,1.565,8594000,NaN,NaN,NaN,NaN,NaN,NaN,NaN
1491526800,1.585,1.585,1.545,1.55,2548600,NaN,NaN,NaN,NaN,NaN,NaN,NaN
1491786000,1.545,1.585,1.545,1.56,2653200,NaN,NaN,NaN,NaN,NaN,NaN,NaN
1491872400,1.575,1.59,1.56,1.575,4142000,NaN,NaN,NaN,NaN,NaN,NaN,NaN
1491958800,1.575,1.575,1.535,1.56,2922600,NaN,NaN,NaN,NaN,NaN,NaN,NaN
1492045200,1.555,1.555,1.485,1.52,5433600,NaN,NaN,NaN,NaN,NaN,NaN,NaN
1492131600,1.52,1.52,1.46,1.48,1572800,NaN,NaN,NaN,NaN,NaN,NaN,NaN
1492390800,1.49,1.525,1.47,1.525,2809600,NaN,NaN,NaN,NaN,NaN,NaN,NaN
1492477200,1.53,1.585,1.525,1.555,7580800,NaN,NaN,NaN,NaN,NaN,NaN,NaN
1492563600,1.555,1.565,1.535,1.535,2185800,NaN,NaN,NaN,NaN,NaN,NaN,NaN
1492650000,1.535,1.55,1.53,1.535,1652000,NaN,NaN,NaN,NaN,NaN,NaN,NaN
1492736400,1.55,1.62,1.535,1.585,3404600,NaN,NaN,NaN,NaN,NaN,NaN,NaN
1493082000,1.61,1.63,1.59,1.63,4432800,NaN,NaN,NaN,NaN,NaN,NaN,NaN
1493168400,1.635,1.68,1.63,1.65,1715000,NaN,NaN,NaN,NaN,NaN,NaN,NaN
1493254800,1.65,1.68,1.635,1.67,2604600,NaN,NaN,NaN,NaN,NaN,NaN,NaN
1493341200,1.655,1.675,1.63,1.665,1590000,NaN,NaN,NaN,NaN,NaN,NaN,NaN
1493686800,1.64,1.71,1.64,1.71,1907800,NaN,NaN,NaN,NaN,NaN,NaN,NaN
1493773200,1.71,1.715,1.685,1.7,1573400,NaN,NaN,NaN,NaN,NaN,NaN,NaN
1493859600,1.7,1.705,1.68,1.69,2076600,NaN,NaN,NaN,NaN,NaN,NaN,NaN
1493946000,1.695,1.71,1.685,1.705,893000,NaN,NaN,NaN,NaN,NaN,NaN,NaN
1494205200,1.705,1.75,1.685,1.75,1778200,NaN,NaN,NaN,NaN,NaN,NaN,NaN
1494291600,1.75,1.77,1.715,1.76,2223800,NaN,NaN,NaN,NaN,NaN,NaN,NaN
1494464400,1.76,1.845,1.76,1.845,3735200,NaN,NaN,NaN,NaN,NaN,NaN,NaN
1494550800,1.85,1.85,1.76,1.765,2301200,NaN,NaN,NaN,NaN,NaN,NaN,NaN
1494810000,1.765,1.775,1.685,1.695,2792800,NaN,NaN,NaN,NaN,NaN,NaN,NaN
1494896400,1.69,1.745,1.685,1.72,2478000,NaN,NaN,NaN,NaN,NaN,NaN,NaN
1494982800,1.73,1.74,1.68,1.7,1409600,NaN,NaN,NaN,NaN,NaN,NaN,NaN
1495069200,1.675,1.72,1.65,1.71,619600,NaN,NaN,NaN,NaN,NaN,NaN,NaN
1495155600,1.705,1.71,1.665,1.705,4527400,NaN,NaN,NaN,NaN,NaN,NaN,NaN
1495414800,1.71,1.765,1.705,1.76,1780200,NaN,NaN,NaN,NaN,NaN,NaN,NaN
1495501200,1.76,1.765,1.715,1.755,2149400,NaN,NaN,NaN,NaN,NaN,NaN,NaN
1495587600,1.745,1.755,1.72,1.75,3798000,NaN,NaN,NaN,NaN,NaN,NaN,NaN
1495674000,1.765,1.765,1.74,1.75,4897600,NaN,NaN,NaN,NaN,NaN,NaN,NaN
1495760400,1.755,1.765,1.74,1.75,2339400,NaN,NaN,NaN,NaN,NaN,NaN,NaN
1496019600,1.76,1.775,1.745,1.755,2700600,NaN,NaN,NaN,NaN,NaN,NaN,NaN
1496106000,1.75,1.755,1.745,1.75,5499200,NaN,NaN,NaN,NaN,NaN,NaN,NaN
1496192400,1.77,1.77,1.75,1.77,1406800,NaN,NaN,NaN,NaN,NaN,NaN,NaN
1496278800,1.77,1.77,1.75,1.75,842600,NaN,NaN,NaN,NaN,NaN,NaN,NaN
1496365200,1.765,1.765,1.735,1.75,978000,NaN,NaN,NaN,NaN,NaN,NaN,NaN
1496624400,1.75,1.755,1.72,1.75,3402400,NaN,NaN,NaN,NaN,NaN,NaN,NaN
1496710800,1.755,1.81,1.75,1.805,3629000,NaN,NaN,NaN,NaN,NaN,NaN,NaN
1496797200,1.81,1.845,1.78,1.83,3067600,NaN,NaN,NaN,NaN,NaN,NaN,NaN
1496883600,1.82,1.83,1.805,1.82,1308400,NaN,NaN,NaN,NaN,NaN,NaN,NaN
1496970000,1.825,1.835,1.805,1.825,2331800,NaN,NaN,NaN,NaN,NaN,NaN,NaN
1497315600,1.795,1.805,1.725,1.765,5326000,NaN,NaN,NaN,NaN,NaN,NaN,NaN
1497402000,1.775,1.81,1.775,1.795,4381400,NaN,NaN,NaN,NaN,NaN,NaN,NaN
1497488400,1.795,1.795,1.77,1.78,901000,NaN,NaN,NaN,NaN,NaN,NaN,NaN
1497574800,1.75,1.79,1.75,1.78,1806400,NaN,NaN,NaN,NaN,NaN,NaN,NaN
1497834000,1.76,1.76,1.725,1.725,2251400,NaN,NaN,NaN,NaN,NaN,NaN,NaN
1497920400,1.74,1.77,1.725,1.725,1163800,NaN,NaN,NaN,NaN,NaN,NaN,NaN
1498006800,1.725,1.74,1.695,1.7,1203800,NaN,NaN,NaN,NaN,NaN,NaN,NaN
1498093200,1.7,1.745,1.7,1.715,1660600,NaN,NaN,NaN,NaN,NaN,NaN,NaN
1498179600,1.74,1.755,1.72,1.74,2857200,NaN,NaN,NaN,NaN,NaN,NaN,NaN
1498611600,1.77,1.77,1.73,1.755,1278800,NaN,NaN,NaN,NaN,NaN,NaN,NaN
1498698000,1.76,1.775,1.755,1.765,889800,NaN,NaN,NaN,NaN,NaN,NaN,NaN
1498784400,1.76,1.79,1.74,1.79,1489400,NaN,NaN,NaN,NaN,NaN,NaN,NaN
1499043600,1.78,1.795,1.76,1.795,774400,NaN,NaN,NaN,NaN,NaN,NaN,NaN
1499130000,1.785,1.815,1.785,1.81,1466800,NaN,NaN,NaN,NaN,NaN,NaN,NaN
1499216400,1.805,1.835,1.805,1.825,2721800,NaN,NaN,NaN,NaN,NaN,NaN,NaN
1499302800,1.825,1.825,1.81,1.82,4222800,NaN,NaN,NaN,NaN,NaN,NaN,NaN
1499389200,1.81,1.825,1.765,1.815,2488200,NaN,NaN,NaN,NaN,NaN,NaN,NaN
1499648400,1.815,1.82,1.795,1.8,2748800,NaN,NaN,NaN,NaN,NaN,NaN,NaN
1499734800,1.785,1.795,1.75,1.775,1059200,NaN,NaN,NaN,NaN,NaN,NaN,NaN
1499821200,1.745,1.805,1.745,1.8,2120000,NaN,NaN,NaN,NaN,NaN,NaN,NaN
1499907600,1.8,1.805,1.775,1.79,5479600,NaN,NaN,NaN,NaN,NaN,NaN,NaN
1499994000,1.79,1.825,1.77,1.81,5764000,NaN,NaN,NaN,NaN,NaN,NaN,NaN
1500253200,1.825,1.825,1.785,1.79,441400,NaN,NaN,NaN,NaN,NaN,NaN,NaN
1500339600,1.815,1.83,1.8,1.825,1211600,NaN,NaN,NaN,NaN,NaN,NaN,NaN
1500426000,1.835,1.86,1.825,1.86,3107000,NaN,NaN,NaN,NaN,NaN,NaN,NaN
1500512400,1.855,1.86,1.825,1.85,823800,NaN,NaN,NaN,NaN,NaN,NaN,NaN
1500598800,1.825,1.825,1.785,1.79,1114600,NaN,NaN,NaN,NaN,NaN,NaN,NaN
1500858000,1.8,1.82,1.78,1.815,452600,NaN,NaN,NaN,NaN,NaN,NaN,NaN
1500944400,1.81,1.825,1.785,1.8,284200,NaN,NaN,NaN,NaN,NaN,NaN,NaN
1501030800,1.79,1.865,1.79,1.855,4127200,NaN,NaN,NaN,NaN,NaN,NaN,NaN
1501117200,1.855,1.91,1.845,1.91,2888800,NaN,NaN,NaN,NaN,NaN,NaN,NaN
1501203600,1.91,1.915,1.895,1.9,4518200,NaN,NaN,NaN,NaN,NaN,NaN,NaN
1501462800,1.905,1.92,1.9,1.92,669400,NaN,NaN,NaN,NaN,NaN,NaN,NaN
1501549200,1.92,1.92,1.875,1.9,2277000,NaN,NaN,NaN,NaN,NaN,NaN,NaN
1501635600,1.905,1.91,1.88,1.91,2925600,NaN,NaN,NaN,NaN,NaN,NaN,NaN
1501722000,1.905,1.91,1.895,1.905,2236200,NaN,NaN,NaN,NaN,NaN,NaN,NaN
1501808400,1.925,2.055,1.925,2.04,5668400,NaN,NaN,NaN,NaN,NaN,NaN,NaN
1502067600,2.045,2.125,1.97,2.015,2671400,NaN,NaN,NaN,NaN,NaN,NaN,NaN
1502154000,2.015,2.045,1.97,2.035,4089400,NaN,NaN,NaN,NaN,NaN,NaN,NaN
1502240400,2,2,1.94,1.95,6514000,NaN,NaN,NaN,NaN,NaN,NaN,NaN
1502326800,1.97,2,1.92,1.925,3001200,NaN,NaN,NaN,NaN,NaN,NaN,NaN
1502413200,1.925,1.925,1.82,1.835,7195800,NaN,NaN,NaN,NaN,NaN,NaN,NaN
1502672400,1.84,1.94,1.84,1.935,3430200,NaN,NaN,NaN,NaN,NaN,NaN,NaN
1502758800,1.94,1.97,1.91,1.935,4728000,NaN,NaN,NaN,NaN,NaN,NaN,NaN
1502845200,1.94,1.975,1.94,1.95,5134000,NaN,NaN,NaN,NaN,NaN,NaN,NaN
1502931600,1.97,1.995,1.97,1.975,891800,NaN,NaN,NaN,NaN,NaN,NaN,NaN
1503018000,1.95,1.995,1.94,1.98,2212600,NaN,NaN,NaN,NaN,NaN,NaN,NaN
1503277200,1.945,1.98,1.94,1.96,846400,NaN,NaN,NaN,NaN,NaN,NaN,NaN
1503363600,1.975,1.98,1.955,1.975,471200,NaN,NaN,NaN,NaN,NaN,NaN,NaN
1503450000,1.98,2.045,1.98,2.005,2122800,NaN,NaN,NaN,NaN,NaN,NaN,NaN
1503536400,2.01,2.04,1.99,2.04,613600,NaN,NaN,NaN,NaN,NaN,NaN,NaN
1503622800,2.05,2.065,1.99,2.05,3344200,NaN,NaN,NaN,NaN,NaN,NaN,NaN
1503882000,2.05,2.05,1.975,2.01,736600,NaN,NaN,NaN,NaN,NaN,NaN,NaN
1503968400,1.985,2.035,1.96,1.975,910000,NaN,NaN,NaN,NaN,NaN,NaN,NaN
1504054800,1.995,2.05,1.995,2.05,5179000,NaN,NaN,NaN,NaN,NaN,NaN,NaN
1504573200,2.055,2.075,2.01,2.05,2486400,NaN,NaN,NaN,NaN,NaN,NaN,NaN
1504659600,2.035,2.035,2,2.035,1887400,NaN,NaN,NaN,NaN,NaN,NaN,NaN
1504746000,2.05,2.05,2.025,2.035,1495600,NaN,NaN,NaN,NaN,NaN,NaN,NaN
1504832400,2.06,2.06,2.015,2.04,698400,NaN,NaN,NaN,NaN,NaN,NaN,NaN
1505091600,2.035,2.05,2.025,2.04,1312200,NaN,NaN,NaN,NaN,NaN,NaN,NaN
1505178000,2.05,2.05,1.975,2.015,6400800,NaN,NaN,NaN,NaN,NaN,NaN,NaN
1505264400,2.015,2.045,1.99,2.03,3195200,NaN,NaN,NaN,NaN,NaN,NaN,NaN
1505350800,2.02,2.025,1.99,1.995,2498600,NaN,NaN,NaN,NaN,NaN,NaN,NaN
1505437200,2.01,2.05,1.985,2.05,6670600,NaN,NaN,NaN,NaN,NaN,NaN,NaN
1505696400,2.04,2.04,2.01,2.01,1774800,NaN,NaN,NaN,NaN,NaN,NaN,NaN
1505782800,2.01,2.01,1.9,1.925,8234600,NaN,NaN,NaN,NaN,NaN,NaN,NaN
1505869200,1.95,1.97,1.92,1.93,1694600,NaN,NaN,NaN,NaN,NaN,NaN,NaN
1505955600,1.96,1.96,1.93,1.94,4552400,NaN,NaN,NaN,NaN,NaN,NaN,NaN
1506301200,1.945,1.945,1.865,1.87,4427600,NaN,NaN,NaN,NaN,NaN,NaN,NaN
1506387600,1.88,1.89,1.845,1.87,1615000,NaN,NaN,NaN,NaN,NaN,NaN,NaN
1506474000,1.88,1.92,1.875,1.91,3826800,NaN,NaN,NaN,NaN,NaN,NaN,NaN
1506560400,1.91,1.91,1.87,1.875,1602000,NaN,NaN,NaN,NaN,NaN,NaN,NaN
1506646800,1.875,1.905,1.865,1.885,4476000,1467662000,1805080000,326956000,44753000,382323000,1471370000,2.91777188328913
1506906000,1.885,1.91,1.88,1.89,1210400,NaN,NaN,NaN,NaN,NaN,NaN,NaN
1506992400,1.895,1.92,1.88,1.91,2672600,NaN,NaN,NaN,NaN,NaN,NaN,NaN
1507078800,1.91,1.96,1.91,1.945,1877000,NaN,NaN,NaN,NaN,NaN,NaN,NaN
1507165200,1.95,1.96,1.93,1.96,1291200,NaN,NaN,NaN,NaN,NaN,NaN,NaN
1507251600,1.96,1.985,1.95,1.97,4163800,NaN,NaN,NaN,NaN,NaN,NaN,NaN
1507510800,1.98,1.98,1.925,1.945,1284800,NaN,NaN,NaN,NaN,NaN,NaN,NaN
1507597200,1.945,1.99,1.94,1.99,1724600,NaN,NaN,NaN,NaN,NaN,NaN,NaN
1507683600,1.99,1.99,1.935,1.975,5742400,NaN,NaN,NaN,NaN,NaN,NaN,NaN
1507770000,1.97,1.985,1.95,1.98,1799000,NaN,NaN,NaN,NaN,NaN,NaN,NaN
1507856400,1.97,1.99,1.97,1.985,2335400,NaN,NaN,NaN,NaN,NaN,NaN,NaN
1508115600,1.975,2.005,1.975,1.995,2283800,NaN,NaN,NaN,NaN,NaN,NaN,NaN
1508202000,1.975,2.015,1.97,2.01,2001800,NaN,NaN,NaN,NaN,NaN,NaN,NaN
1508374800,1.96,2.025,1.96,2.025,1847800,NaN,NaN,NaN,NaN,NaN,NaN,NaN
1508461200,2.025,2.025,1.96,1.975,1206400,NaN,NaN,NaN,NaN,NaN,NaN,NaN
1508720400,1.985,1.995,1.98,1.985,500400,NaN,NaN,NaN,NaN,NaN,NaN,NaN
1508806800,1.97,2,1.97,2,1603200,NaN,NaN,NaN,NaN,NaN,NaN,NaN
1508893200,2,2.01,1.975,2,1853000,NaN,NaN,NaN,NaN,NaN,NaN,NaN
1508979600,2,2,1.97,1.99,1192800,NaN,NaN,NaN,NaN,NaN,NaN,NaN
1509066000,2,2,1.985,1.995,1313800,NaN,NaN,NaN,NaN,NaN,NaN,NaN
1509325200,1.995,2.015,1.98,2.015,3132600,NaN,NaN,NaN,NaN,NaN,NaN,NaN
1509411600,2.02,2.02,1.995,2,1139200,NaN,NaN,NaN,NaN,NaN,NaN,NaN
1509498000,1.99,2.015,1.98,2.01,1653200,NaN,NaN,NaN,NaN,NaN,NaN,NaN
1509584400,2.015,2.015,1.98,2,8170000,NaN,NaN,NaN,NaN,NaN,NaN,NaN
1509670800,2,2,1.98,1.99,8426200,NaN,NaN,NaN,NaN,NaN,NaN,NaN
1509930000,1.99,1.99,1.96,1.97,3322400,NaN,NaN,NaN,NaN,NaN,NaN,NaN
1510016400,1.97,1.975,1.9,1.97,7230400,NaN,NaN,NaN,NaN,NaN,NaN,NaN
1510102800,1.94,1.965,1.94,1.95,2980800,NaN,NaN,NaN,NaN,NaN,NaN,NaN
1510189200,1.97,1.97,1.925,1.95,1739600,NaN,NaN,NaN,NaN,NaN,NaN,NaN
1510275600,1.97,1.97,1.945,1.945,4213000,NaN,NaN,NaN,NaN,NaN,NaN,NaN
1510534800,1.94,1.94,1.915,1.915,3302800,NaN,NaN,NaN,NaN,NaN,NaN,NaN
1510621200,1.915,1.92,1.9,1.91,5754600,NaN,NaN,NaN,NaN,NaN,NaN,NaN
1510707600,1.905,1.925,1.865,1.89,3036000,NaN,NaN,NaN,NaN,NaN,NaN,NaN
1510794000,1.885,1.885,1.86,1.875,2956600,NaN,NaN,NaN,NaN,NaN,NaN,NaN
1510880400,1.875,1.885,1.8,1.835,7830800,NaN,NaN,NaN,NaN,NaN,NaN,NaN
1511139600,1.815,1.86,1.815,1.85,6930600,NaN,NaN,NaN,NaN,NaN,NaN,NaN
1511226000,1.84,1.875,1.78,1.835,4670800,NaN,NaN,NaN,NaN,NaN,NaN,NaN
1511312400,1.815,1.86,1.8,1.84,6849800,NaN,NaN,NaN,NaN,NaN,NaN,NaN
1511398800,1.855,1.86,1.815,1.84,1397200,NaN,NaN,NaN,NaN,NaN,NaN,NaN
1511485200,1.85,1.855,1.845,1.85,3021600,NaN,NaN,NaN,NaN,NaN,NaN,NaN
1511744400,1.845,1.855,1.835,1.84,1861200,NaN,NaN,NaN,NaN,NaN,NaN,NaN
1511830800,1.83,1.86,1.765,1.8,10857000,NaN,NaN,NaN,NaN,NaN,NaN,NaN
1511917200,1.785,1.805,1.755,1.755,3802400,NaN,NaN,NaN,NaN,NaN,NaN,NaN
1512003600,1.755,1.79,1.75,1.79,5248000,NaN,NaN,NaN,NaN,NaN,NaN,NaN
1512349200,1.79,1.8,1.73,1.77,1238800,NaN,NaN,NaN,NaN,NaN,NaN,NaN
1512435600,1.76,1.765,1.68,1.68,2244400,NaN,NaN,NaN,NaN,NaN,NaN,NaN
1512522000,1.68,1.68,1.595,1.595,5636400,NaN,NaN,NaN,NaN,NaN,NaN,NaN
1512608400,1.605,1.67,1.605,1.63,4847200,NaN,NaN,NaN,NaN,NaN,NaN,NaN
1512694800,1.63,1.645,1.58,1.6,3452000,NaN,NaN,NaN,NaN,NaN,NaN,NaN
1512954000,1.615,1.64,1.6,1.625,2033400,NaN,NaN,NaN,NaN,NaN,NaN,NaN
1513040400,1.61,1.64,1.525,1.53,6810400,NaN,NaN,NaN,NaN,NaN,NaN,NaN
1513126800,1.55,1.7,1.525,1.675,7019000,NaN,NaN,NaN,NaN,NaN,NaN,NaN
1513213200,1.675,1.76,1.615,1.725,7021600,NaN,NaN,NaN,NaN,NaN,NaN,NaN
1513299600,1.73,1.735,1.65,1.705,2469600,NaN,NaN,NaN,NaN,NaN,NaN,NaN
1513558800,1.71,1.71,1.67,1.69,673600,NaN,NaN,NaN,NaN,NaN,NaN,NaN
1513645200,1.685,1.775,1.68,1.765,1937000,NaN,NaN,NaN,NaN,NaN,NaN,NaN
1513731600,1.765,1.83,1.73,1.75,2539400,NaN,NaN,NaN,NaN,NaN,NaN,NaN
1513818000,1.75,1.84,1.75,1.825,3140400,NaN,NaN,NaN,NaN,NaN,NaN,NaN
1513904400,1.825,1.83,1.76,1.8,820600,NaN,NaN,NaN,NaN,NaN,NaN,NaN
1514250000,1.795,1.795,1.75,1.75,376400,NaN,NaN,NaN,NaN,NaN,NaN,NaN
1514336400,1.75,1.78,1.75,1.765,267800,NaN,NaN,NaN,NaN,NaN,NaN,NaN
1514422800,1.765,1.795,1.76,1.775,1473000,NaN,NaN,NaN,NaN,NaN,NaN,NaN
1514509200,1.77,1.83,1.765,1.825,3902800,1467662000,1845061000,382318000,40393000,357413000,1455445000,3.01369863013699
1514854800,1.825,1.83,1.77,1.83,631600,NaN,NaN,NaN,NaN,NaN,NaN,NaN
1514941200,1.83,1.83,1.775,1.78,1796000,NaN,NaN,NaN,NaN,NaN,NaN,NaN
1515027600,1.8,1.805,1.775,1.79,722000,NaN,NaN,NaN,NaN,NaN,NaN,NaN
1515114000,1.795,1.81,1.79,1.8,3898200,NaN,NaN,NaN,NaN,NaN,NaN,NaN
1515373200,1.805,1.81,1.705,1.705,5352200,NaN,NaN,NaN,NaN,NaN,NaN,NaN
1515459600,1.71,1.745,1.67,1.695,9137200,NaN,NaN,NaN,NaN,NaN,NaN,NaN
1515546000,1.7,1.715,1.61,1.625,12080000,NaN,NaN,NaN,NaN,NaN,NaN,NaN
1515632400,1.635,1.635,1.56,1.565,7722600,NaN,NaN,NaN,NaN,NaN,NaN,NaN
1515718800,1.58,1.595,1.55,1.555,7695800,NaN,NaN,NaN,NaN,NaN,NaN,NaN
1515978000,1.565,1.62,1.56,1.595,1759800,NaN,NaN,NaN,NaN,NaN,NaN,NaN
1516064400,1.605,1.65,1.575,1.65,3243000,NaN,NaN,NaN,NaN,NaN,NaN,NaN
1516150800,1.655,1.655,1.58,1.6,5019200,NaN,NaN,NaN,NaN,NaN,NaN,NaN
1516237200,1.61,1.63,1.595,1.615,1965400,NaN,NaN,NaN,NaN,NaN,NaN,NaN
1516323600,1.6,1.62,1.585,1.6,1370600,NaN,NaN,NaN,NaN,NaN,NaN,NaN
1516582800,1.59,1.59,1.56,1.565,2944200,NaN,NaN,NaN,NaN,NaN,NaN,NaN
1516669200,1.57,1.6,1.56,1.595,2460000,NaN,NaN,NaN,NaN,NaN,NaN,NaN
1516755600,1.6,1.615,1.58,1.59,451200,NaN,NaN,NaN,NaN,NaN,NaN,NaN
1516842000,1.585,1.6,1.565,1.585,2657600,NaN,NaN,NaN,NaN,NaN,NaN,NaN
1516928400,1.575,1.58,1.565,1.565,3214800,NaN,NaN,NaN,NaN,NaN,NaN,NaN
1517187600,1.56,1.58,1.54,1.54,3152400,NaN,NaN,NaN,NaN,NaN,NaN,NaN
1517274000,1.54,1.545,1.48,1.51,7646000,NaN,NaN,NaN,NaN,NaN,NaN,NaN
1517533200,1.51,1.515,1.44,1.465,3547600,NaN,NaN,NaN,NaN,NaN,NaN,NaN
1517792400,1.45,1.45,1.41,1.425,5335400,NaN,NaN,NaN,NaN,NaN,NaN,NaN
1517878800,1.4,1.4,1.355,1.37,5720000,NaN,NaN,NaN,NaN,NaN,NaN,NaN
1517965200,1.385,1.445,1.385,1.435,7496400,NaN,NaN,NaN,NaN,NaN,NaN,NaN
1518051600,1.435,1.475,1.415,1.465,3002800,NaN,NaN,NaN,NaN,NaN,NaN,NaN
1518138000,1.45,1.45,1.42,1.445,5502200,NaN,NaN,NaN,NaN,NaN,NaN,NaN
1518397200,1.445,1.455,1.365,1.385,1445000,NaN,NaN,NaN,NaN,NaN,NaN,NaN
1518483600,1.39,1.405,1.365,1.37,3686200,NaN,NaN,NaN,NaN,NaN,NaN,NaN
1518570000,1.38,1.38,1.26,1.29,8620800,NaN,NaN,NaN,NaN,NaN,NaN,NaN
1518656400,1.295,1.325,1.295,1.32,2044600,NaN,NaN,NaN,NaN,NaN,NaN,NaN
1519002000,1.34,1.365,1.335,1.345,2588200,NaN,NaN,NaN,NaN,NaN,NaN,NaN
1519088400,1.35,1.42,1.32,1.42,7030600,NaN,NaN,NaN,NaN,NaN,NaN,NaN
1519174800,1.425,1.505,1.4,1.48,8355400,NaN,NaN,NaN,NaN,NaN,NaN,NaN
1519261200,1.49,1.49,1.465,1.475,4971600,NaN,NaN,NaN,NaN,NaN,NaN,NaN
1519347600,1.425,1.425,1.375,1.39,9515000,NaN,NaN,NaN,NaN,NaN,NaN,NaN
1519606800,1.385,1.41,1.35,1.355,4992000,NaN,NaN,NaN,NaN,NaN,NaN,NaN
1519693200,1.37,1.375,1.345,1.35,4270800,NaN,NaN,NaN,NaN,NaN,NaN,NaN
1519779600,1.35,1.38,1.325,1.355,5372200,NaN,NaN,NaN,NaN,NaN,NaN,NaN
1519866000,1.35,1.35,1.315,1.325,2824400,NaN,NaN,NaN,NaN,NaN,NaN,NaN
1519952400,1.315,1.315,1.3,1.305,2582800,NaN,NaN,NaN,NaN,NaN,NaN,NaN
1520211600,1.315,1.315,1.275,1.28,2397200,NaN,NaN,NaN,NaN,NaN,NaN,NaN
1520298000,1.285,1.325,1.28,1.305,4374600,NaN,NaN,NaN,NaN,NaN,NaN,NaN
1520384400,1.305,1.305,1.245,1.245,5040000,NaN,NaN,NaN,NaN,NaN,NaN,NaN
1520470800,1.245,1.275,1.245,1.275,5669800,NaN,NaN,NaN,NaN,NaN,NaN,NaN
1520557200,1.28,1.37,1.28,1.37,10724600,NaN,NaN,NaN,NaN,NaN,NaN,NaN
1520816400,1.375,1.385,1.325,1.38,5243400,NaN,NaN,NaN,NaN,NaN,NaN,NaN
1520902800,1.365,1.39,1.36,1.385,3556600,NaN,NaN,NaN,NaN,NaN,NaN,NaN
1520989200,1.37,1.38,1.35,1.365,2381800,NaN,NaN,NaN,NaN,NaN,NaN,NaN
1521075600,1.355,1.36,1.315,1.355,3555000,NaN,NaN,NaN,NaN,NaN,NaN,NaN
1521162000,1.355,1.36,1.29,1.29,2233000,NaN,NaN,NaN,NaN,NaN,NaN,NaN
1521421200,1.3,1.325,1.3,1.305,720400,NaN,NaN,NaN,NaN,NaN,NaN,NaN
1521507600,1.295,1.32,1.29,1.3,3033400,NaN,NaN,NaN,NaN,NaN,NaN,NaN
1521594000,1.31,1.31,1.28,1.305,2198400,NaN,NaN,NaN,NaN,NaN,NaN,NaN
1521680400,1.295,1.305,1.27,1.27,2479800,NaN,NaN,NaN,NaN,NaN,NaN,NaN
1521766800,1.26,1.26,1.205,1.215,4118600,NaN,NaN,NaN,NaN,NaN,NaN,NaN
1522026000,1.215,1.225,1.17,1.21,5219600,NaN,NaN,NaN,NaN,NaN,NaN,NaN
1522112400,1.22,1.235,1.215,1.225,2565000,NaN,NaN,NaN,NaN,NaN,NaN,NaN
1522198800,1.215,1.215,1.19,1.2,4662200,NaN,NaN,NaN,NaN,NaN,NaN,NaN
1522285200,1.18,1.23,1.18,1.225,1843000,NaN,NaN,NaN,NaN,NaN,NaN,NaN
1522371600,1.215,1.225,1.205,1.22,255800,1467662000,1776645000,315469000,23206000,321551000,1453607000,4.09836065573771
1522630800,1.215,1.215,1.19,1.195,4295200,NaN,NaN,NaN,NaN,NaN,NaN,NaN
1522717200,1.19,1.2,1.175,1.195,3722400,NaN,NaN,NaN,NaN,NaN,NaN,NaN
1522803600,1.18,1.195,1.165,1.165,3693800,NaN,NaN,NaN,NaN,NaN,NaN,NaN
1522890000,1.175,1.185,1.125,1.145,783200,NaN,NaN,NaN,NaN,NaN,NaN,NaN
1522976400,1.175,1.185,1.125,1.16,2331400,NaN,NaN,NaN,NaN,NaN,NaN,NaN
1523235600,1.19,1.215,1.18,1.185,4086400,NaN,NaN,NaN,NaN,NaN,NaN,NaN
1523322000,1.165,1.38,1.165,1.365,10072000,NaN,NaN,NaN,NaN,NaN,NaN,NaN
1523408400,1.365,1.37,1.28,1.31,7891400,NaN,NaN,NaN,NaN,NaN,NaN,NaN
1523494800,1.285,1.315,1.25,1.25,6336000,NaN,NaN,NaN,NaN,NaN,NaN,NaN
1523581200,1.27,1.32,1.24,1.315,5957400,NaN,NaN,NaN,NaN,NaN,NaN,NaN
1523840400,1.3,1.315,1.27,1.285,1879000,NaN,NaN,NaN,NaN,NaN,NaN,NaN
1523926800,1.28,1.29,1.235,1.235,2943200,NaN,NaN,NaN,NaN,NaN,NaN,NaN
1524013200,1.25,1.26,1.2,1.2,1808000,NaN,NaN,NaN,NaN,NaN,NaN,NaN
1524099600,1.2,1.215,1.175,1.18,5261200,NaN,NaN,NaN,NaN,NaN,NaN,NaN
1524186000,1.18,1.18,1.14,1.145,5957200,NaN,NaN,NaN,NaN,NaN,NaN,NaN
1524445200,1.15,1.16,1.14,1.145,2717800,NaN,NaN,NaN,NaN,NaN,NaN,NaN
1524531600,1.145,1.145,1.095,1.11,8245000,NaN,NaN,NaN,NaN,NaN,NaN,NaN
1524618000,1,1.04,0.89,0.91,42794200,NaN,NaN,NaN,NaN,NaN,NaN,NaN
1524704400,0.925,0.955,0.9,0.91,24350400,NaN,NaN,NaN,NaN,NaN,NaN,NaN
1524790800,0.925,0.93,0.895,0.91,9490600,NaN,NaN,NaN,NaN,NaN,NaN,NaN
1525050000,0.91,0.91,0.89,0.9,5714600,NaN,NaN,NaN,NaN,NaN,NaN,NaN
1525222800,0.9,0.915,0.88,0.89,14646600,NaN,NaN,NaN,NaN,NaN,NaN,NaN
1525309200,0.885,0.91,0.87,0.895,5142400,NaN,NaN,NaN,NaN,NaN,NaN,NaN
1525395600,0.895,0.9,0.86,0.86,6744000,NaN,NaN,NaN,NaN,NaN,NaN,NaN
1525654800,0.86,0.86,0.8,0.845,9159400,NaN,NaN,NaN,NaN,NaN,NaN,NaN
1525741200,0.85,0.9,0.835,0.9,12771800,NaN,NaN,NaN,NaN,NaN,NaN,NaN
1526259600,0.92,1,0.905,0.99,15113000,NaN,NaN,NaN,NaN,NaN,NaN,NaN
1526346000,1,1.015,0.975,1,6977800,NaN,NaN,NaN,NaN,NaN,NaN,NaN
1526432400,1.005,1.08,1,1.055,9817200,NaN,NaN,NaN,NaN,NaN,NaN,NaN
1526518800,1.065,1.09,1.05,1.05,7164600,NaN,NaN,NaN,NaN,NaN,NaN,NaN
1526605200,1.05,1.06,1.03,1.055,2233800,NaN,NaN,NaN,NaN,NaN,NaN,NaN
1526864400,1.075,1.075,1.035,1.05,3397000,NaN,NaN,NaN,NaN,NaN,NaN,NaN
1526950800,1.055,1.11,1.05,1.105,8325400,NaN,NaN,NaN,NaN,NaN,NaN,NaN
1527037200,1.105,1.12,1.08,1.1,5769000,NaN,NaN,NaN,NaN,NaN,NaN,NaN
1527123600,1.115,1.115,1.035,1.1,2875000,NaN,NaN,NaN,NaN,NaN,NaN,NaN
1527210000,1.1,1.14,1.095,1.12,4098000,NaN,NaN,NaN,NaN,NaN,NaN,NaN
1527469200,1.12,1.15,1.12,1.15,4350000,NaN,NaN,NaN,NaN,NaN,NaN,NaN
1527642000,1.14,1.145,1.105,1.135,5581400,NaN,NaN,NaN,NaN,NaN,NaN,NaN
1527728400,1.145,1.2,1.135,1.195,5631600,NaN,NaN,NaN,NaN,NaN,NaN,NaN
1527814800,1.195,1.22,1.155,1.22,3894200,NaN,NaN,NaN,NaN,NaN,NaN,NaN
1528074000,1.215,1.225,1.175,1.21,2659000,NaN,NaN,NaN,NaN,NaN,NaN,NaN
1528160400,1.21,1.27,1.205,1.255,4785200,NaN,NaN,NaN,NaN,NaN,NaN,NaN
1528246800,1.26,1.31,1.255,1.28,4508600,NaN,NaN,NaN,NaN,NaN,NaN,NaN
1528333200,1.28,1.3,1.265,1.265,5065800,NaN,NaN,NaN,NaN,NaN,NaN,NaN
1528419600,1.29,1.29,1.24,1.27,2196800,NaN,NaN,NaN,NaN,NaN,NaN,NaN
1528678800,1.265,1.275,1.24,1.25,4996000,NaN,NaN,NaN,NaN,NaN,NaN,NaN
1528765200,1.23,1.25,1.205,1.225,4768600,NaN,NaN,NaN,NaN,NaN,NaN,NaN
1528851600,1.225,1.24,1.19,1.215,2599400,NaN,NaN,NaN,NaN,NaN,NaN,NaN
1528938000,1.21,1.24,1.2,1.21,1762200,NaN,NaN,NaN,NaN,NaN,NaN,NaN
1529283600,1.2,1.2,1.19,1.19,1900200,NaN,NaN,NaN,NaN,NaN,NaN,NaN
1529370000,1.205,1.235,1.2,1.21,983200,NaN,NaN,NaN,NaN,NaN,NaN,NaN
1529456400,1.21,1.29,1.205,1.285,3682000,NaN,NaN,NaN,NaN,NaN,NaN,NaN
1529542800,1.29,1.3,1.27,1.3,2616200,NaN,NaN,NaN,NaN,NaN,NaN,NaN
1529629200,1.285,1.3,1.235,1.24,2787600,NaN,NaN,NaN,NaN,NaN,NaN,NaN
1529888400,1.24,1.27,1.225,1.24,1464400,NaN,NaN,NaN,NaN,NaN,NaN,NaN
1529974800,1.23,1.24,1.205,1.215,2172000,NaN,NaN,NaN,NaN,NaN,NaN,NaN
1530061200,1.215,1.235,1.19,1.19,2222600,NaN,NaN,NaN,NaN,NaN,NaN,NaN
1530147600,1.165,1.185,1.135,1.14,4050600,NaN,NaN,NaN,NaN,NaN,NaN,NaN
1530234000,1.14,1.175,1.14,1.155,2523600,1457369600,1783990000,337769000,20656000,343198000,1438719000,3.67965367965368
1530493200,1.17,1.215,1.17,1.2,3445600,NaN,NaN,NaN,NaN,NaN,NaN,NaN
1530579600,1.2,1.23,1.185,1.215,3116000,NaN,NaN,NaN,NaN,NaN,NaN,NaN
1530666000,1.215,1.24,1.215,1.24,7180200,NaN,NaN,NaN,NaN,NaN,NaN,NaN
1530752400,1.24,1.28,1.225,1.275,1388600,NaN,NaN,NaN,NaN,NaN,NaN,NaN
1530838800,1.275,1.275,1.26,1.26,2089400,NaN,NaN,NaN,NaN,NaN,NaN,NaN
1531098000,1.25,1.275,1.235,1.27,2213800,NaN,NaN,NaN,NaN,NaN,NaN,NaN
1531184400,1.26,1.295,1.245,1.275,1987400,NaN,NaN,NaN,NaN,NaN,NaN,NaN
1531270800,1.275,1.325,1.275,1.32,3564800,NaN,NaN,NaN,NaN,NaN,NaN,NaN
1531357200,1.32,1.345,1.32,1.345,3345800,NaN,NaN,NaN,NaN,NaN,NaN,NaN
1531443600,1.34,1.39,1.34,1.385,4576200,NaN,NaN,NaN,NaN,NaN,NaN,NaN
1531702800,1.385,1.395,1.33,1.35,3428000,NaN,NaN,NaN,NaN,NaN,NaN,NaN
1531789200,1.355,1.355,1.305,1.32,2005000,NaN,NaN,NaN,NaN,NaN,NaN,NaN
1531875600,1.315,1.365,1.315,1.365,1303400,NaN,NaN,NaN,NaN,NaN,NaN,NaN
1531962000,1.37,1.395,1.36,1.37,1832800,NaN,NaN,NaN,NaN,NaN,NaN,NaN
1532048400,1.36,1.39,1.36,1.375,3387800,NaN,NaN,NaN,NaN,NaN,NaN,NaN
1532307600,1.365,1.375,1.34,1.34,1426600,NaN,NaN,NaN,NaN,NaN,NaN,NaN
1532394000,1.345,1.37,1.34,1.35,2505200,NaN,NaN,NaN,NaN,NaN,NaN,NaN
1532480400,1.355,1.36,1.345,1.36,3612000,NaN,NaN,NaN,NaN,NaN,NaN,NaN
1532566800,1.355,1.375,1.33,1.34,1339400,NaN,NaN,NaN,NaN,NaN,NaN,NaN
1532653200,1.34,1.34,1.31,1.33,1230200,NaN,NaN,NaN,NaN,NaN,NaN,NaN
1532912400,1.315,1.34,1.295,1.32,1898400,NaN,NaN,NaN,NaN,NaN,NaN,NaN
1532998800,1.32,1.345,1.3,1.31,1795800,NaN,NaN,NaN,NaN,NaN,NaN,NaN
1533085200,1.305,1.34,1.305,1.33,1353200,NaN,NaN,NaN,NaN,NaN,NaN,NaN
1533171600,1.33,1.33,1.295,1.295,1547600,NaN,NaN,NaN,NaN,NaN,NaN,NaN
1533258000,1.285,1.29,1.24,1.265,5390400,NaN,NaN,NaN,NaN,NaN,NaN,NaN
1533517200,1.265,1.315,1.26,1.295,3547600,NaN,NaN,NaN,NaN,NaN,NaN,NaN
1533603600,1.3,1.305,1.28,1.3,3562800,NaN,NaN,NaN,NaN,NaN,NaN,NaN
1533690000,1.305,1.31,1.295,1.3,1933000,NaN,NaN,NaN,NaN,NaN,NaN,NaN
1533776400,1.3,1.31,1.285,1.29,3204200,NaN,NaN,NaN,NaN,NaN,NaN,NaN
1533862800,1.295,1.365,1.295,1.34,6988000,NaN,NaN,NaN,NaN,NaN,NaN,NaN
1534122000,1.345,1.37,1.345,1.35,5468800,NaN,NaN,NaN,NaN,NaN,NaN,NaN
1534208400,1.35,1.385,1.34,1.375,3251800,NaN,NaN,NaN,NaN,NaN,NaN,NaN
1534294800,1.38,1.435,1.38,1.42,4912200,NaN,NaN,NaN,NaN,NaN,NaN,NaN
1534381200,1.425,1.5,1.415,1.48,10708200,NaN,NaN,NaN,NaN,NaN,NaN,NaN
1534467600,1.48,1.525,1.48,1.505,11021200,NaN,NaN,NaN,NaN,NaN,NaN,NaN
1534726800,1.475,1.515,1.43,1.475,4377600,NaN,NaN,NaN,NaN,NaN,NaN,NaN
1534813200,1.43,1.475,1.405,1.44,4355200,NaN,NaN,NaN,NaN,NaN,NaN,NaN
1534986000,1.44,1.46,1.415,1.44,4475800,NaN,NaN,NaN,NaN,NaN,NaN,NaN
1535072400,1.42,1.42,1.37,1.41,2928200,NaN,NaN,NaN,NaN,NaN,NaN,NaN
1535331600,1.41,1.415,1.38,1.405,4155800,NaN,NaN,NaN,NaN,NaN,NaN,NaN
1535418000,1.415,1.465,1.41,1.45,7429800,NaN,NaN,NaN,NaN,NaN,NaN,NaN
1535504400,1.465,1.505,1.46,1.5,7688600,NaN,NaN,NaN,NaN,NaN,NaN,NaN
1535590800,1.5,1.515,1.425,1.445,3664400,NaN,NaN,NaN,NaN,NaN,NaN,NaN
1535936400,1.45,1.475,1.4,1.46,3887000,NaN,NaN,NaN,NaN,NaN,NaN,NaN
1536022800,1.46,1.48,1.435,1.45,3055200,NaN,NaN,NaN,NaN,NaN,NaN,NaN
1536109200,1.455,1.505,1.45,1.49,15865600,NaN,NaN,NaN,NaN,NaN,NaN,NaN
1536195600,1.49,1.49,1.47,1.48,6089400,NaN,NaN,NaN,NaN,NaN,NaN,NaN
1536282000,1.47,1.49,1.46,1.485,4138400,NaN,NaN,NaN,NaN,NaN,NaN,NaN
1536714000,1.485,1.485,1.485,1.485,0,NaN,NaN,NaN,NaN,NaN,NaN,NaN
1536800400,1.555,1.575,1.525,1.55,36562200,NaN,NaN,NaN,NaN,NaN,NaN,NaN
1536886800,1.555,1.585,1.54,1.575,10548800,NaN,NaN,NaN,NaN,NaN,NaN,NaN
1537232400,1.565,1.575,1.545,1.565,5118600,NaN,NaN,NaN,NaN,NaN,NaN,NaN
1537318800,1.575,1.575,1.555,1.555,1827000,NaN,NaN,NaN,NaN,NaN,NaN,NaN
1537405200,1.55,1.565,1.535,1.565,5716000,NaN,NaN,NaN,NaN,NaN,NaN,NaN
1537491600,1.565,1.565,1.55,1.55,5082200,NaN,NaN,NaN,NaN,NaN,NaN,NaN
1537750800,1.55,1.56,1.545,1.555,1748400,NaN,NaN,NaN,NaN,NaN,NaN,NaN
1537837200,1.545,1.555,1.54,1.55,6498400,NaN,NaN,NaN,NaN,NaN,NaN,NaN
1537923600,1.55,1.555,1.545,1.55,8006000,NaN,NaN,NaN,NaN,NaN,NaN,NaN
1538010000,1.55,1.56,1.54,1.55,5951200,NaN,NaN,NaN,NaN,NaN,NaN,NaN
1538096400,1.555,1.555,1.55,1.55,4308400,1454171600,1773775000,322478000,18545000,354705000,1443936000,2.74193548387097
1538355600,1.545,1.56,1.545,1.55,5193800,NaN,NaN,NaN,NaN,NaN,NaN,NaN
1538442000,1.545,1.56,1.545,1.56,4231800,NaN,NaN,NaN,NaN,NaN,NaN,NaN
1538528400,1.555,1.555,1.545,1.55,2323800,NaN,NaN,NaN,NaN,NaN,NaN,NaN
1538614800,1.55,1.55,1.54,1.55,1640600,NaN,NaN,NaN,NaN,NaN,NaN,NaN
1538701200,1.55,1.55,1.535,1.54,5256000,NaN,NaN,NaN,NaN,NaN,NaN,NaN
1538960400,1.54,1.545,1.515,1.545,3595200,NaN,NaN,NaN,NaN,NaN,NaN,NaN
1539046800,1.535,1.54,1.52,1.53,2689400,NaN,NaN,NaN,NaN,NaN,NaN,NaN
1539133200,1.52,1.525,1.485,1.505,9614200,NaN,NaN,NaN,NaN,NaN,NaN,NaN
1539219600,1.465,1.5,1.41,1.475,4867000,NaN,NaN,NaN,NaN,NaN,NaN,NaN
1539306000,1.47,1.5,1.47,1.48,1788200,NaN,NaN,NaN,NaN,NaN,NaN,NaN
1539565200,1.48,1.505,1.475,1.495,3157200,NaN,NaN,NaN,NaN,NaN,NaN,NaN
1539651600,1.495,1.5,1.485,1.495,514400,NaN,NaN,NaN,NaN,NaN,NaN,NaN
1539738000,1.49,1.545,1.485,1.51,2043200,NaN,NaN,NaN,NaN,NaN,NaN,NaN
1539824400,1.515,1.515,1.475,1.485,875000,NaN,NaN,NaN,NaN,NaN,NaN,NaN
1539910800,1.475,1.505,1.47,1.49,481000,NaN,NaN,NaN,NaN,NaN,NaN,NaN
1540170000,1.5,1.5,1.48,1.48,321200,NaN,NaN,NaN,NaN,NaN,NaN,NaN
1540256400,1.48,1.51,1.47,1.49,1653600,NaN,NaN,NaN,NaN,NaN,NaN,NaN
1540342800,1.485,1.49,1.48,1.49,906400,NaN,NaN,NaN,NaN,NaN,NaN,NaN
1540429200,1.47,1.475,1.415,1.475,15673000,NaN,NaN,NaN,NaN,NaN,NaN,NaN
1540515600,1.45,1.47,1.44,1.465,3377200,NaN,NaN,NaN,NaN,NaN,NaN,NaN
1540774800,1.435,1.445,1.43,1.435,2968400,NaN,NaN,NaN,NaN,NaN,NaN,NaN
1540861200,1.44,1.46,1.43,1.44,2655200,NaN,NaN,NaN,NaN,NaN,NaN,NaN
1540947600,1.44,1.45,1.435,1.445,3346400,NaN,NaN,NaN,NaN,NaN,NaN,NaN
1541034000,1.435,1.49,1.435,1.49,940000,NaN,NaN,NaN,NaN,NaN,NaN,NaN
1541120400,1.46,1.52,1.45,1.52,2493200,NaN,NaN,NaN,NaN,NaN,NaN,NaN
1541379600,1.52,1.525,1.465,1.5,1792800,NaN,NaN,NaN,NaN,NaN,NaN,NaN
1541552400,1.5,1.505,1.49,1.495,3659600,NaN,NaN,NaN,NaN,NaN,NaN,NaN
1541638800,1.5,1.515,1.495,1.5,1917800,NaN,NaN,NaN,NaN,NaN,NaN,NaN
1541725200,1.515,1.515,1.495,1.5,3805600,NaN,NaN,NaN,NaN,NaN,NaN,NaN
1541984400,1.5,1.515,1.5,1.515,2720000,NaN,NaN,NaN,NaN,NaN,NaN,NaN
1542070800,1.51,1.575,1.505,1.56,6867800,NaN,NaN,NaN,NaN,NaN,NaN,NaN
1542157200,1.57,1.57,1.535,1.545,3088600,NaN,NaN,NaN,NaN,NaN,NaN,NaN
1542243600,1.54,1.545,1.52,1.54,4829600,NaN,NaN,NaN,NaN,NaN,NaN,NaN
1542330000,1.59,1.625,1.59,1.625,27962000,NaN,NaN,NaN,NaN,NaN,NaN,NaN
1542589200,1.62,1.62,1.61,1.615,3165400,NaN,NaN,NaN,NaN,NaN,NaN,NaN
1542762000,1.61,1.62,1.61,1.615,8290600,NaN,NaN,NaN,NaN,NaN,NaN,NaN
1542848400,1.61,1.62,1.61,1.615,7583000,NaN,NaN,NaN,NaN,NaN,NaN,NaN
1542934800,1.61,1.62,1.61,1.61,8728000,NaN,NaN,NaN,NaN,NaN,NaN,NaN
1543194000,1.61,1.62,1.61,1.61,4239600,NaN,NaN,NaN,NaN,NaN,NaN,NaN
1543280400,1.61,1.62,1.61,1.615,3904000,NaN,NaN,NaN,NaN,NaN,NaN,NaN
1543366800,1.615,1.62,1.61,1.615,2132200,NaN,NaN,NaN,NaN,NaN,NaN,NaN
1543453200,1.615,1.62,1.615,1.62,1936400,NaN,NaN,NaN,NaN,NaN,NaN,NaN
1543539600,1.615,1.62,1.595,1.6,14466600,NaN,NaN,NaN,NaN,NaN,NaN,NaN
1543798800,1.605,1.615,1.595,1.605,6940000,NaN,NaN,NaN,NaN,NaN,NaN,NaN
1543885200,1.61,1.62,1.605,1.615,3936000,NaN,NaN,NaN,NaN,NaN,NaN,NaN
1543971600,1.61,1.62,1.61,1.62,805400,NaN,NaN,NaN,NaN,NaN,NaN,NaN
1544058000,1.62,1.62,1.61,1.61,24773400,NaN,NaN,NaN,NaN,NaN,NaN,NaN
1544144400,1.61,1.615,1.575,1.605,17905600,NaN,NaN,NaN,NaN,NaN,NaN,NaN
1544403600,1.595,1.615,1.595,1.61,2065000,NaN,NaN,NaN,NaN,NaN,NaN,NaN
1544490000,1.61,1.62,1.61,1.61,2228600,NaN,NaN,NaN,NaN,NaN,NaN,NaN
1544576400,1.61,1.615,1.6,1.615,2804200,NaN,NaN,NaN,NaN,NaN,NaN,NaN
1544662800,1.605,1.615,1.6,1.605,3381400,NaN,NaN,NaN,NaN,NaN,NaN,NaN
1544749200,1.605,1.615,1.605,1.61,1782200,NaN,NaN,NaN,NaN,NaN,NaN,NaN
1545008400,1.61,1.615,1.595,1.61,8352400,NaN,NaN,NaN,NaN,NaN,NaN,NaN
1545094800,1.595,1.6,1.47,1.525,10014000,NaN,NaN,NaN,NaN,NaN,NaN,NaN
1545181200,1.535,1.59,1.535,1.575,7501600,NaN,NaN,NaN,NaN,NaN,NaN,NaN
1545267600,1.59,1.6,1.555,1.57,9588000,NaN,NaN,NaN,NaN,NaN,NaN,NaN
1545354000,1.585,1.605,1.575,1.6,3111000,NaN,NaN,NaN,NaN,NaN,NaN,NaN
1545613200,1.605,1.615,1.605,1.61,834200,NaN,NaN,NaN,NaN,NaN,NaN,NaN
1545786000,1.64,1.645,1.64,1.64,2236000,NaN,NaN,NaN,NaN,NaN,NaN,NaN
1545872400,1.645,1.645,1.64,1.64,478400,NaN,NaN,NaN,NaN,NaN,NaN,NaN
1545958800,1.645,1.645,1.64,1.64,243200,NaN,NaN,NaN,NaN,NaN,NaN,NaN
1546218000,1.64,1.645,1.64,1.64,245000,1454171710,1885539000,434703000,21097000,331822000,1430830000,2.28658536585366
1546390800,1.64,1.645,1.64,1.645,164400,NaN,NaN,NaN,NaN,NaN,NaN,NaN
1546477200,1.64,1.645,1.64,1.64,604400,NaN,NaN,NaN,NaN,NaN,NaN,NaN
1546563600,1.64,1.64,1.635,1.64,853400,NaN,NaN,NaN,NaN,NaN,NaN,NaN
1546822800,1.605,1.63,1.54,1.575,58800,NaN,NaN,NaN,NaN,NaN,NaN,NaN
1546909200,1.585,1.585,1.585,1.585,37200,NaN,NaN,NaN,NaN,NaN,NaN,NaN
1546995600,1.585,1.65,1.575,1.65,147000,NaN,NaN,NaN,NaN,NaN,NaN,NaN
1547082000,1.6,1.63,1.58,1.615,181400,NaN,NaN,NaN,NaN,NaN,NaN,NaN
1547168400,1.575,1.6,1.555,1.555,641200,NaN,NaN,NaN,NaN,NaN,NaN,NaN
1547427600,1.54,1.545,1.505,1.505,207200,NaN,NaN,NaN,NaN,NaN,NaN,NaN
1547514000,1.505,1.525,1.49,1.49,55000,NaN,NaN,NaN,NaN,NaN,NaN,NaN
1547600400,1.48,1.495,1.45,1.47,148800,NaN,NaN,NaN,NaN,NaN,NaN,NaN
1547686800,1.475,1.5,1.475,1.475,138200,NaN,NaN,NaN,NaN,NaN,NaN,NaN
1547773200,1.485,1.485,1.46,1.485,103800,NaN,NaN,NaN,NaN,NaN,NaN,NaN
1548118800,1.48,1.48,1.455,1.455,155800,NaN,NaN,NaN,NaN,NaN,NaN,NaN
1548205200,1.45,1.475,1.45,1.455,94600,NaN,NaN,NaN,NaN,NaN,NaN,NaN
1548291600,1.45,1.475,1.445,1.445,65800,NaN,NaN,NaN,NaN,NaN,NaN,NaN
1548378000,1.455,1.495,1.455,1.48,389400,NaN,NaN,NaN,NaN,NaN,NaN,NaN
1548637200,1.48,1.49,1.465,1.49,86400,NaN,NaN,NaN,NaN,NaN,NaN,NaN
1548723600,1.49,1.515,1.48,1.495,460200,NaN,NaN,NaN,NaN,NaN,NaN,NaN
1548810000,1.49,1.51,1.49,1.51,99800,NaN,NaN,NaN,NaN,NaN,NaN,NaN
1548896400,1.51,1.54,1.5,1.525,416200,NaN,NaN,NaN,NaN,NaN,NaN,NaN
1549242000,1.53,1.54,1.53,1.54,12800,NaN,NaN,NaN,NaN,NaN,NaN,NaN
1549501200,1.55,1.59,1.55,1.59,202600,NaN,NaN,NaN,NaN,NaN,NaN,NaN
1549587600,1.59,1.6,1.59,1.6,118800,NaN,NaN,NaN,NaN,NaN,NaN,NaN
1549846800,1.56,1.56,1.56,1.56,10400,NaN,NaN,NaN,NaN,NaN,NaN,NaN
1549933200,1.56,1.56,1.51,1.54,98400,NaN,NaN,NaN,NaN,NaN,NaN,NaN
1550019600,1.545,1.565,1.52,1.525,307200,NaN,NaN,NaN,NaN,NaN,NaN,NaN
1550106000,1.525,1.525,1.5,1.525,565800,NaN,NaN,NaN,NaN,NaN,NaN,NaN
1550192400,1.525,1.54,1.52,1.54,182800,NaN,NaN,NaN,NaN,NaN,NaN,NaN
1550451600,1.535,1.55,1.535,1.535,22400,NaN,NaN,NaN,NaN,NaN,NaN,NaN
1550538000,1.535,1.55,1.525,1.525,171200,NaN,NaN,NaN,NaN,NaN,NaN,NaN
1550624400,1.53,1.54,1.53,1.54,36000,NaN,NaN,NaN,NaN,NaN,NaN,NaN
1550710800,1.55,1.55,1.535,1.55,39200,NaN,NaN,NaN,NaN,NaN,NaN,NaN
1550797200,1.55,1.55,1.54,1.55,12200,NaN,NaN,NaN,NaN,NaN,NaN,NaN
1551056400,1.54,1.545,1.54,1.545,14400,NaN,NaN,NaN,NaN,NaN,NaN,NaN
1551142800,1.54,1.545,1.5,1.5,335600,NaN,NaN,NaN,NaN,NaN,NaN,NaN
1551229200,1.5,1.5,1.44,1.445,173200,NaN,NaN,NaN,NaN,NaN,NaN,NaN
1551315600,1.445,1.445,1.4,1.4,87800,NaN,NaN,NaN,NaN,NaN,NaN,NaN
1551402000,1.4,1.49,1.4,1.4,106400,NaN,NaN,NaN,NaN,NaN,NaN,NaN
1551661200,1.41,1.43,1.4,1.4,77400,NaN,NaN,NaN,NaN,NaN,NaN,NaN
1551747600,1.4,1.415,1.385,1.41,29200,NaN,NaN,NaN,NaN,NaN,NaN,NaN
1551834000,1.405,1.415,1.36,1.4,53000,NaN,NaN,NaN,NaN,NaN,NaN,NaN
1551920400,1.39,1.39,1.38,1.385,38400,NaN,NaN,NaN,NaN,NaN,NaN,NaN
1552006800,1.385,1.4,1.375,1.39,49000,NaN,NaN,NaN,NaN,NaN,NaN,NaN
1552266000,1.38,1.4,1.38,1.385,32400,NaN,NaN,NaN,NaN,NaN,NaN,NaN
1552352400,1.375,1.385,1.375,1.385,47000,NaN,NaN,NaN,NaN,NaN,NaN,NaN
1552438800,1.365,1.375,1.365,1.365,60400,NaN,NaN,NaN,NaN,NaN,NaN,NaN
1552525200,1.365,1.365,1.35,1.35,71600,NaN,NaN,NaN,NaN,NaN,NaN,NaN
1552611600,1.35,1.35,1.31,1.32,968400,NaN,NaN,NaN,NaN,NaN,NaN,NaN
1552870800,1.34,1.34,1.32,1.335,82200,NaN,NaN,NaN,NaN,NaN,NaN,NaN
1552957200,1.335,1.335,1.325,1.325,35400,NaN,NaN,NaN,NaN,NaN,NaN,NaN
1553043600,1.325,1.33,1.315,1.315,60800,NaN,NaN,NaN,NaN,NaN,NaN,NaN
1553130000,1.315,1.32,1.305,1.305,28800,NaN,NaN,NaN,NaN,NaN,NaN,NaN
1553216400,1.305,1.35,1.3,1.325,14400,NaN,NaN,NaN,NaN,NaN,NaN,NaN
1553475600,1.35,1.35,1.3,1.325,14000,NaN,NaN,NaN,NaN,NaN,NaN,NaN
1553562000,1.33,1.35,1.305,1.305,59600,NaN,NaN,NaN,NaN,NaN,NaN,NaN
1553648400,1.35,1.35,1.305,1.305,4200,NaN,NaN,NaN,NaN,NaN,NaN,NaN
1553734800,1.32,1.32,1.305,1.305,17400,NaN,NaN,NaN,NaN,NaN,NaN,NaN
1553821200,1.34,1.34,1.305,1.325,18000,1454171710,1804304000,352090000,7573000,303130000,1444933000,2.64150943396226
1554080400,1.325,1.34,1.29,1.34,44400,NaN,NaN,NaN,NaN,NaN,NaN,NaN
1554166800,1.34,1.34,1.305,1.305,1400,NaN,NaN,NaN,NaN,NaN,NaN,NaN
1554253200,1.305,1.31,1.305,1.31,6400,NaN,NaN,NaN,NaN,NaN,NaN,NaN
1554339600,1.325,1.325,1.31,1.32,20000,NaN,NaN,NaN,NaN,NaN,NaN,NaN
1554426000,1.3,1.315,1.295,1.3,44600,NaN,NaN,NaN,NaN,NaN,NaN,NaN
1554685200,1.3,1.3,1.29,1.295,145400,NaN,NaN,NaN,NaN,NaN,NaN,NaN
1554771600,1.295,1.295,1.285,1.29,51600,NaN,NaN,NaN,NaN,NaN,NaN,NaN
1554858000,1.305,1.305,1.295,1.3,21000,NaN,NaN,NaN,NaN,NaN,NaN,NaN
1554944400,1.3,1.3,1.29,1.29,44400,NaN,NaN,NaN,NaN,NaN,NaN,NaN
1555030800,1.3,1.3,1.29,1.29,6000,NaN,NaN,NaN,NaN,NaN,NaN,NaN
1555290000,1.29,1.29,1.25,1.265,93000,NaN,NaN,NaN,NaN,NaN,NaN,NaN
1555376400,1.27,1.27,1.26,1.265,24000,NaN,NaN,NaN,NaN,NaN,NaN,NaN
1555462800,1.26,1.265,1.25,1.26,38800,NaN,NaN,NaN,NaN,NaN,NaN,NaN
1555549200,1.25,1.25,1.23,1.235,298000,NaN,NaN,NaN,NaN,NaN,NaN,NaN
1555635600,1.255,1.255,1.24,1.245,23800,NaN,NaN,NaN,NaN,NaN,NaN,NaN
1555894800,1.24,1.24,1.225,1.235,59400,NaN,NaN,NaN,NaN,NaN,NaN,NaN
1555981200,1.235,1.235,1.235,1.235,29200,NaN,NaN,NaN,NaN,NaN,NaN,NaN
1556067600,1.24,1.25,1.24,1.245,5400,NaN,NaN,NaN,NaN,NaN,NaN,NaN
1556154000,1.25,1.27,1.25,1.25,93800,NaN,NaN,NaN,NaN,NaN,NaN,NaN
1556240400,1.29,1.42,1.285,1.3,961600,NaN,NaN,NaN,NaN,NaN,NaN,NaN
1556499600,1.315,1.315,1.275,1.275,172800,NaN,NaN,NaN,NaN,NaN,NaN,NaN
1556586000,1.255,1.34,1.25,1.28,115200,NaN,NaN,NaN,NaN,NaN,NaN,NaN
1556758800,1.28,1.285,1.26,1.26,103000,NaN,NaN,NaN,NaN,NaN,NaN,NaN
1556845200,1.26,1.275,1.255,1.265,39600,NaN,NaN,NaN,NaN,NaN,NaN,NaN
1557104400,1.265,1.3,1.265,1.3,162000,NaN,NaN,NaN,NaN,NaN,NaN,NaN
1557190800,1.32,1.32,1.3,1.315,120800,NaN,NaN,NaN,NaN,NaN,NaN,NaN
1557277200,1.315,1.38,1.315,1.38,199400,NaN,NaN,NaN,NaN,NaN,NaN,NaN
1557363600,1.33,1.365,1.325,1.365,102000,NaN,NaN,NaN,NaN,NaN,NaN,NaN
1557450000,1.4,1.4,1.33,1.34,71600,NaN,NaN,NaN,NaN,NaN,NaN,NaN
1557709200,1.385,1.385,1.3,1.305,206200,NaN,NaN,NaN,NaN,NaN,NaN,NaN
1557795600,1.305,1.345,1.29,1.345,214000,NaN,NaN,NaN,NaN,NaN,NaN,NaN
1557882000,1.345,1.345,1.345,1.345,3200,NaN,NaN,NaN,NaN,NaN,NaN,NaN
1557968400,1.31,1.325,1.28,1.325,201400,NaN,NaN,NaN,NaN,NaN,NaN,NaN
1558054800,1.325,1.325,1.285,1.29,16600,NaN,NaN,NaN,NaN,NaN,NaN,NaN
1558400400,1.28,1.29,1.27,1.27,17400,NaN,NaN,NaN,NaN,NaN,NaN,NaN
1558573200,1.25,1.27,1.235,1.27,47400,NaN,NaN,NaN,NaN,NaN,NaN,NaN
1558659600,1.25,1.25,1.19,1.19,687000,NaN,NaN,NaN,NaN,NaN,NaN,NaN
1558918800,1.195,1.2,1.195,1.2,7200,NaN,NaN,NaN,NaN,NaN,NaN,NaN
1559005200,1.2,1.26,1.2,1.25,91800,NaN,NaN,NaN,NaN,NaN,NaN,NaN
1559091600,1.25,1.29,1.25,1.29,40400,NaN,NaN,NaN,NaN,NaN,NaN,NaN
1559178000,1.29,1.29,1.24,1.285,13800,NaN,NaN,NaN,NaN,NaN,NaN,NaN
1559264400,1.265,1.265,1.25,1.265,11800,NaN,NaN,NaN,NaN,NaN,NaN,NaN
1559523600,1.265,1.265,1.255,1.265,8200,NaN,NaN,NaN,NaN,NaN,NaN,NaN
1559610000,1.255,1.265,1.25,1.26,10800,NaN,NaN,NaN,NaN,NaN,NaN,NaN
1559869200,1.25,1.265,1.24,1.265,42200,NaN,NaN,NaN,NaN,NaN,NaN,NaN
1560128400,1.245,1.26,1.24,1.26,67600,NaN,NaN,NaN,NaN,NaN,NaN,NaN
1560214800,1.28,1.28,1.235,1.255,19800,NaN,NaN,NaN,NaN,NaN,NaN,NaN
1560301200,1.26,1.26,1.255,1.26,15200,NaN,NaN,NaN,NaN,NaN,NaN,NaN
1560387600,1.25,1.25,1.245,1.245,51600,NaN,NaN,NaN,NaN,NaN,NaN,NaN
1560474000,1.245,1.245,1.24,1.24,11400,NaN,NaN,NaN,NaN,NaN,NaN,NaN
1560733200,1.24,1.265,1.24,1.265,24400,NaN,NaN,NaN,NaN,NaN,NaN,NaN
1560819600,1.265,1.265,1.265,1.265,0,NaN,NaN,NaN,NaN,NaN,NaN,NaN
1560906000,1.265,1.265,1.21,1.215,10562800,NaN,NaN,NaN,NaN,NaN,NaN,NaN
1560992400,1.215,1.235,1.21,1.235,23600,NaN,NaN,NaN,NaN,NaN,NaN,NaN
1561078800,1.245,1.305,1.235,1.275,612600,NaN,NaN,NaN,NaN,NaN,NaN,NaN
1561338000,1.27,1.27,1.225,1.23,59400,NaN,NaN,NaN,NaN,NaN,NaN,NaN
1561424400,1.255,1.255,1.24,1.24,3174200,NaN,NaN,NaN,NaN,NaN,NaN,NaN
1561510800,1.24,1.24,1.23,1.24,17600,NaN,NaN,NaN,NaN,NaN,NaN,NaN
1561597200,1.23,1.25,1.225,1.23,44800,NaN,NaN,NaN,NaN,NaN,NaN,NaN
1561683600,1.23,1.23,1.23,1.23,0,1454171110,1818708000,380851000,26170000,281124000,1430799000,2.84552845528455
1561942800,1.25,1.28,1.25,1.26,68600,NaN,NaN,NaN,NaN,NaN,NaN,NaN
1562029200,1.265,1.265,1.235,1.235,90600,NaN,NaN,NaN,NaN,NaN,NaN,NaN
1562115600,1.23,1.24,1.21,1.215,417200,NaN,NaN,NaN,NaN,NaN,NaN,NaN
1562202000,1.22,1.23,1.22,1.22,230400,NaN,NaN,NaN,NaN,NaN,NaN,NaN
1562288400,1.22,1.22,1.205,1.21,243800,NaN,NaN,NaN,NaN,NaN,NaN,NaN
1562547600,1.21,1.225,1.195,1.2,186200,NaN,NaN,NaN,NaN,NaN,NaN,NaN
1562634000,1.2,1.2,1.175,1.19,924200,NaN,NaN,NaN,NaN,NaN,NaN,NaN
1562720400,1.19,1.19,1.175,1.185,62000,NaN,NaN,NaN,NaN,NaN,NaN,NaN
1562806800,1.185,1.185,1.185,1.185,4400,NaN,NaN,NaN,NaN,NaN,NaN,NaN
1562893200,1.225,1.23,1.16,1.16,462600,NaN,NaN,NaN,NaN,NaN,NaN,NaN
1563152400,1.16,1.175,1.125,1.17,452800,NaN,NaN,NaN,NaN,NaN,NaN,NaN
1563238800,1.17,1.17,1.145,1.16,150000,NaN,NaN,NaN,NaN,NaN,NaN,NaN
1563325200,1.15,1.15,1.145,1.15,44600,NaN,NaN,NaN,NaN,NaN,NaN,NaN
1563411600,1.14,1.145,1.13,1.135,121600,NaN,NaN,NaN,NaN,NaN,NaN,NaN
1563498000,1.125,1.145,1.125,1.14,41600,NaN,NaN,NaN,NaN,NaN,NaN,NaN
1563757200,1.135,1.16,1.13,1.16,11000,NaN,NaN,NaN,NaN,NaN,NaN,NaN
1563843600,1.15,1.17,1.14,1.17,51200,NaN,NaN,NaN,NaN,NaN,NaN,NaN
1563930000,1.16,1.16,1.135,1.14,186800,NaN,NaN,NaN,NaN,NaN,NaN,NaN
1564016400,1.14,1.145,1.135,1.14,178400,NaN,NaN,NaN,NaN,NaN,NaN,NaN
1564102800,1.135,1.145,1.13,1.135,94000,NaN,NaN,NaN,NaN,NaN,NaN,NaN
1564362000,1.135,1.135,1.135,1.135,10000,NaN,NaN,NaN,NaN,NaN,NaN,NaN
1564534800,1.13,1.13,1.12,1.12,157200,NaN,NaN,NaN,NaN,NaN,NaN,NaN
1564621200,1.12,1.12,1.11,1.115,99400,NaN,NaN,NaN,NaN,NaN,NaN,NaN
1564707600,1.115,1.115,1.095,1.1,168800,NaN,NaN,NaN,NaN,NaN,NaN,NaN
1564966800,1.095,1.095,1.09,1.09,20200,NaN,NaN,NaN,NaN,NaN,NaN,NaN
1565053200,1.08,1.08,1.07,1.07,126400,NaN,NaN,NaN,NaN,NaN,NaN,NaN
1565139600,1.07,1.07,1.04,1.05,529200,NaN,NaN,NaN,NaN,NaN,NaN,NaN
1565226000,1.05,1.05,1.035,1.045,357000,NaN,NaN,NaN,NaN,NaN,NaN,NaN
1565312400,1.05,1.075,1.045,1.045,209200,NaN,NaN,NaN,NaN,NaN,NaN,NaN
1565658000,1.04,1.04,1.02,1.02,665200,NaN,NaN,NaN,NaN,NaN,NaN,NaN
1565744400,1.02,1.025,1.02,1.02,129400,NaN,NaN,NaN,NaN,NaN,NaN,NaN
1565830800,1.01,1.02,1.01,1.015,230600,NaN,NaN,NaN,NaN,NaN,NaN,NaN
1565917200,1.01,1.015,1.01,1.015,1175600,NaN,NaN,NaN,NaN,NaN,NaN,NaN
1566176400,1.02,1.035,1.02,1.035,120400,NaN,NaN,NaN,NaN,NaN,NaN,NaN
1566262800,1.025,1.03,1.025,1.03,51000,NaN,NaN,NaN,NaN,NaN,NaN,NaN
1566349200,1.075,1.075,1.045,1.045,41200,NaN,NaN,NaN,NaN,NaN,NaN,NaN
1566435600,1.04,1.04,1.035,1.04,106400,NaN,NaN,NaN,NaN,NaN,NaN,NaN
1566522000,1.1,1.1,1.01,1.01,505200,NaN,NaN,NaN,NaN,NaN,NaN,NaN
1566781200,1.01,1.01,1.01,1.01,20000,NaN,NaN,NaN,NaN,NaN,NaN,NaN
1566867600,1.07,1.07,1.02,1.02,10400,NaN,NaN,NaN,NaN,NaN,NaN,NaN
1566954000,1.03,1.03,0.975,0.985,1344800,NaN,NaN,NaN,NaN,NaN,NaN,NaN
1567040400,1,1,0.96,0.96,382200,NaN,NaN,NaN,NaN,NaN,NaN,NaN
1567126800,0.985,0.985,0.96,0.96,111200,NaN,NaN,NaN,NaN,NaN,NaN,NaN
1567472400,0.965,0.965,0.96,0.96,70600,NaN,NaN,NaN,NaN,NaN,NaN,NaN
1567558800,0.96,0.975,0.96,0.975,22000,NaN,NaN,NaN,NaN,NaN,NaN,NaN
1567645200,0.985,1.015,0.985,0.985,726400,NaN,NaN,NaN,NaN,NaN,NaN,NaN
1567731600,0.985,0.985,0.985,0.985,2400,NaN,NaN,NaN,NaN,NaN,NaN,NaN
1568077200,1.025,1.03,1.015,1.015,85000,NaN,NaN,NaN,NaN,NaN,NaN,NaN
1568163600,1.03,1.04,1.015,1.025,45600,NaN,NaN,NaN,NaN,NaN,NaN,NaN
1568250000,1.05,1.05,1.04,1.04,31200,NaN,NaN,NaN,NaN,NaN,NaN,NaN
1568336400,1.04,1.09,1.04,1.07,275400,NaN,NaN,NaN,NaN,NaN,NaN,NaN
1568682000,1.07,1.07,1.07,1.07,4000,NaN,NaN,NaN,NaN,NaN,NaN,NaN
1568768400,1.055,1.06,1.04,1.045,271200,NaN,NaN,NaN,NaN,NaN,NaN,NaN
1568854800,1.05,1.05,1.025,1.03,329200,NaN,NaN,NaN,NaN,NaN,NaN,NaN
1568941200,1.03,1.035,1.005,1.005,15188800,NaN,NaN,NaN,NaN,NaN,NaN,NaN
1569200400,1,1.005,0.995,1.005,67200,NaN,NaN,NaN,NaN,NaN,NaN,NaN
1569286800,1.015,1.015,0.99,0.995,102400,NaN,NaN,NaN,NaN,NaN,NaN,NaN
1569373200,1,1,0.975,0.975,116000,NaN,NaN,NaN,NaN,NaN,NaN,NaN
1569459600,0.975,0.975,0.965,0.975,226200,NaN,NaN,NaN,NaN,NaN,NaN,NaN
1569546000,0.975,0.975,0.955,0.965,672000,NaN,NaN,NaN,NaN,NaN,NaN,NaN
1569805200,0.96,0.965,0.955,0.965,1043200,1454171710,1803224000,403059000,28472000,289881000,1393441000,4.66321243523316
1569891600,0.965,0.965,0.955,0.965,453400,NaN,NaN,NaN,NaN,NaN,NaN,NaN
1569978000,0.97,1.1,0.96,1.055,9126800,NaN,NaN,NaN,NaN,NaN,NaN,NaN
1570064400,1.04,1.05,1.025,1.035,928200,NaN,NaN,NaN,NaN,NaN,NaN,NaN
1570150800,1.05,1.135,1.04,1.115,3583200,NaN,NaN,NaN,NaN,NaN,NaN,NaN
1570410000,1.13,1.34,1.13,1.335,4947600,NaN,NaN,NaN,NaN,NaN,NaN,NaN
1570496400,1.365,1.465,1.3,1.375,4731000,NaN,NaN,NaN,NaN,NaN,NaN,NaN
1570582800,1.37,1.37,1.295,1.315,1058000,NaN,NaN,NaN,NaN,NaN,NaN,NaN
1570669200,1.295,1.325,1.22,1.24,1506000,NaN,NaN,NaN,NaN,NaN,NaN,NaN
1570755600,1.21,1.3,1.21,1.27,1923000,NaN,NaN,NaN,NaN,NaN,NaN,NaN
1571014800,1.3,1.315,1.275,1.295,1673600,NaN,NaN,NaN,NaN,NaN,NaN,NaN
1571101200,1.28,1.285,1.27,1.275,593600,NaN,NaN,NaN,NaN,NaN,NaN,NaN
1571187600,1.28,1.285,1.23,1.24,1606200,NaN,NaN,NaN,NaN,NaN,NaN,NaN
1571274000,1.25,1.305,1.245,1.29,1523400,NaN,NaN,NaN,NaN,NaN,NaN,NaN
1571360400,1.31,1.36,1.28,1.28,4640400,NaN,NaN,NaN,NaN,NaN,NaN,NaN
1571619600,1.295,1.31,1.255,1.28,864600,NaN,NaN,NaN,NaN,NaN,NaN,NaN
1571706000,1.275,1.32,1.25,1.27,3300000,NaN,NaN,NaN,NaN,NaN,NaN,NaN
1571792400,1.26,1.285,1.24,1.255,1136400,NaN,NaN,NaN,NaN,NaN,NaN,NaN
1571878800,1.255,1.34,1.255,1.325,1171400,NaN,NaN,NaN,NaN,NaN,NaN,NaN
1571965200,1.33,1.33,1.27,1.28,881200,NaN,NaN,NaN,NaN,NaN,NaN,NaN
1572310800,1.21,1.225,1.18,1.215,2363400,NaN,NaN,NaN,NaN,NaN,NaN,NaN
1572397200,1.21,1.21,1.125,1.15,1863400,NaN,NaN,NaN,NaN,NaN,NaN,NaN
1572483600,1.14,1.195,1.14,1.19,574000,NaN,NaN,NaN,NaN,NaN,NaN,NaN
1572570000,1.195,1.2,1.175,1.195,441600,NaN,NaN,NaN,NaN,NaN,NaN,NaN
1572829200,1.185,1.2,1.175,1.175,247600,NaN,NaN,NaN,NaN,NaN,NaN,NaN
1572915600,1.165,1.195,1.165,1.17,280600,NaN,NaN,NaN,NaN,NaN,NaN,NaN
1573002000,1.175,1.175,1.155,1.17,107600,NaN,NaN,NaN,NaN,NaN,NaN,NaN
1573088400,1.175,1.175,1.16,1.165,156000,NaN,NaN,NaN,NaN,NaN,NaN,NaN
1573174800,1.165,1.165,1.15,1.165,199600,NaN,NaN,NaN,NaN,NaN,NaN,NaN
1573434000,1.15,1.15,1.135,1.14,172200,NaN,NaN,NaN,NaN,NaN,NaN,NaN
1573520400,1.14,1.17,1.14,1.155,87000,NaN,NaN,NaN,NaN,NaN,NaN,NaN
1573606800,1.15,1.15,1.14,1.14,240400,NaN,NaN,NaN,NaN,NaN,NaN,NaN
1573693200,1.14,1.145,1.125,1.125,129800,NaN,NaN,NaN,NaN,NaN,NaN,NaN
1573779600,1.125,1.155,1.12,1.13,173400,NaN,NaN,NaN,NaN,NaN,NaN,NaN
1574038800,1.125,1.15,1.12,1.13,257600,NaN,NaN,NaN,NaN,NaN,NaN,NaN
1574125200,1.13,1.14,1.125,1.125,115600,NaN,NaN,NaN,NaN,NaN,NaN,NaN
1574211600,1.13,1.135,1.125,1.13,23600,NaN,NaN,NaN,NaN,NaN,NaN,NaN
1574298000,1.125,1.125,1.09,1.095,261400,NaN,NaN,NaN,NaN,NaN,NaN,NaN
1574384400,1.095,1.095,1.095,1.095,6000,NaN,NaN,NaN,NaN,NaN,NaN,NaN
1574643600,1.105,1.115,1.1,1.11,214800,NaN,NaN,NaN,NaN,NaN,NaN,NaN
1574730000,1.095,1.1,1.095,1.1,113200,NaN,NaN,NaN,NaN,NaN,NaN,NaN
1574816400,1.095,1.1,1.085,1.085,209000,NaN,NaN,NaN,NaN,NaN,NaN,NaN
1574902800,1.085,1.085,1.08,1.08,97600,NaN,NaN,NaN,NaN,NaN,NaN,NaN
1574989200,1.075,1.075,1.075,1.075,39000,NaN,NaN,NaN,NaN,NaN,NaN,NaN
1575248400,1.075,1.08,1.075,1.08,36000,NaN,NaN,NaN,NaN,NaN,NaN,NaN
1575334800,1.07,1.07,1.065,1.065,20000,NaN,NaN,NaN,NaN,NaN,NaN,NaN
1575421200,1.065,1.065,1.055,1.06,47400,NaN,NaN,NaN,NaN,NaN,NaN,NaN
1575507600,1.08,1.135,1.065,1.125,354600,NaN,NaN,NaN,NaN,NaN,NaN,NaN
1575594000,1.125,1.14,1.1,1.105,461400,NaN,NaN,NaN,NaN,NaN,NaN,NaN
1575853200,1.115,1.135,1.095,1.095,468400,NaN,NaN,NaN,NaN,NaN,NaN,NaN
1575939600,1.1,1.1,1.075,1.085,75600,NaN,NaN,NaN,NaN,NaN,NaN,NaN
1576026000,1.08,1.09,1.065,1.08,381400,NaN,NaN,NaN,NaN,NaN,NaN,NaN
1576112400,1.08,1.11,1.08,1.105,62400,NaN,NaN,NaN,NaN,NaN,NaN,NaN
1576198800,1.105,1.215,1.105,1.195,1296600,NaN,NaN,NaN,NaN,NaN,NaN,NaN
1576458000,1.195,1.225,1.18,1.205,684400,NaN,NaN,NaN,NaN,NaN,NaN,NaN
1576544400,1.2,1.205,1.17,1.17,363200,NaN,NaN,NaN,NaN,NaN,NaN,NaN
1576630800,1.175,1.19,1.14,1.15,385000,NaN,NaN,NaN,NaN,NaN,NaN,NaN
1576717200,1.155,1.16,1.14,1.15,113400,NaN,NaN,NaN,NaN,NaN,NaN,NaN
1576803600,1.16,1.16,1.11,1.12,80600,NaN,NaN,NaN,NaN,NaN,NaN,NaN
1577062800,1.12,1.13,1.09,1.095,349000,NaN,NaN,NaN,NaN,NaN,NaN,NaN
1577149200,1.095,1.1,1.08,1.08,284800,NaN,NaN,NaN,NaN,NaN,NaN,NaN
1577322000,1.08,1.145,1.08,1.11,856000,NaN,NaN,NaN,NaN,NaN,NaN,NaN
1577408400,1.1,1.12,1.095,1.095,618200,NaN,NaN,NaN,NaN,NaN,NaN,NaN
1577667600,1.1,1.11,1.065,1.07,1603400,NaN,NaN,NaN,NaN,NaN,NaN,NaN
1577754000,1.08,1.095,1.075,1.08,608000,1454172000,1772487000,399513000,29132000,284976000,1355255000,2.77777777777778
1577926800,1.085,1.095,1.085,1.09,448400,NaN,NaN,NaN,NaN,NaN,NaN,NaN
1578013200,1.1,1.175,1.09,1.16,1367000,NaN,NaN,NaN,NaN,NaN,NaN,NaN
1578272400,1.15,1.155,1.135,1.14,342200,NaN,NaN,NaN,NaN,NaN,NaN,NaN
1578358800,1.14,1.15,1.14,1.145,130000,NaN,NaN,NaN,NaN,NaN,NaN,NaN
1578445200,1.145,1.145,1.1,1.105,229200,NaN,NaN,NaN,NaN,NaN,NaN,NaN
1578531600,1.115,1.135,1.115,1.12,189800,NaN,NaN,NaN,NaN,NaN,NaN,NaN
1578618000,1.14,1.19,1.13,1.175,581400,NaN,NaN,NaN,NaN,NaN,NaN,NaN
1578877200,1.185,1.23,1.18,1.21,337600,NaN,NaN,NaN,NaN,NaN,NaN,NaN
1578963600,1.21,1.255,1.21,1.245,529600,NaN,NaN,NaN,NaN,NaN,NaN,NaN
1579050000,1.245,1.245,1.215,1.245,322600,NaN,NaN,NaN,NaN,NaN,NaN,NaN
1579136400,1.24,1.245,1.23,1.23,243200,NaN,NaN,NaN,NaN,NaN,NaN,NaN
1579222800,1.23,1.245,1.23,1.245,158200,NaN,NaN,NaN,NaN,NaN,NaN,NaN
1579482000,1.245,1.25,1.22,1.22,177000,NaN,NaN,NaN,NaN,NaN,NaN,NaN
1579568400,1.22,1.22,1.2,1.205,55000,NaN,NaN,NaN,NaN,NaN,NaN,NaN
1579654800,1.19,1.22,1.185,1.22,178400,NaN,NaN,NaN,NaN,NaN,NaN,NaN
1579741200,1.22,1.24,1.21,1.215,330800,NaN,NaN,NaN,NaN,NaN,NaN,NaN
1579827600,1.215,1.22,1.195,1.215,48200,NaN,NaN,NaN,NaN,NaN,NaN,NaN
1580173200,1.185,1.185,1.17,1.17,124400,NaN,NaN,NaN,NaN,NaN,NaN,NaN
1580259600,1.175,1.185,1.175,1.175,8800,NaN,NaN,NaN,NaN,NaN,NaN,NaN
1580346000,1.175,1.175,1.145,1.145,101600,NaN,NaN,NaN,NaN,NaN,NaN,NaN
1580432400,1.13,1.135,1.1,1.105,195800,NaN,NaN,NaN,NaN,NaN,NaN,NaN
1580691600,1.1,1.11,1.065,1.11,362400,NaN,NaN,NaN,NaN,NaN,NaN,NaN
1580778000,1.11,1.11,1.09,1.09,62600,NaN,NaN,NaN,NaN,NaN,NaN,NaN
1580864400,1.095,1.125,1.095,1.1,69000,NaN,NaN,NaN,NaN,NaN,NaN,NaN
1580950800,1.115,1.135,1.115,1.115,38600,NaN,NaN,NaN,NaN,NaN,NaN,NaN
1581037200,1.12,1.135,1.105,1.105,38000,NaN,NaN,NaN,NaN,NaN,NaN,NaN
1581296400,1.105,1.11,1.085,1.085,204800,NaN,NaN,NaN,NaN,NaN,NaN,NaN
1581382800,1.1,1.11,1.095,1.105,136000,NaN,NaN,NaN,NaN,NaN,NaN,NaN
1581469200,1.105,1.11,1.1,1.105,123800,NaN,NaN,NaN,NaN,NaN,NaN,NaN
1581555600,1.11,1.11,1.095,1.095,536600,NaN,NaN,NaN,NaN,NaN,NaN,NaN
1581642000,1.11,1.11,1.105,1.11,69400,NaN,NaN,NaN,NaN,NaN,NaN,NaN
1581901200,1.115,1.15,1.11,1.12,169200,NaN,NaN,NaN,NaN,NaN,NaN,NaN
1581987600,1.125,1.125,1.085,1.1,732600,NaN,NaN,NaN,NaN,NaN,NaN,NaN
1582074000,1.1,1.11,1.095,1.1,365400,NaN,NaN,NaN,NaN,NaN,NaN,NaN
1582160400,1.11,1.115,1.1,1.11,41000,NaN,NaN,NaN,NaN,NaN,NaN,NaN
1582246800,1.105,1.115,1.105,1.11,129200,NaN,NaN,NaN,NaN,NaN,NaN,NaN
1582506000,1.09,1.11,1.08,1.095,63000,NaN,NaN,NaN,NaN,NaN,NaN,NaN
1582592400,1.085,1.115,1.085,1.1,107200,NaN,NaN,NaN,NaN,NaN,NaN,NaN
1582678800,1.105,1.105,1.09,1.105,660200,NaN,NaN,NaN,NaN,NaN,NaN,NaN
1582765200,1.095,1.1,1.055,1.055,2815200,NaN,NaN,NaN,NaN,NaN,NaN,NaN
1582851600,1.05,1.05,0.85,1.005,2631600,NaN,NaN,NaN,NaN,NaN,NaN,NaN
1583110800,1.005,1.05,0.99,1.025,522800,NaN,NaN,NaN,NaN,NaN,NaN,NaN
1583197200,1.055,1.08,1.055,1.065,138000,NaN,NaN,NaN,NaN,NaN,NaN,NaN
1583283600,1.065,1.065,1.05,1.055,77200,NaN,NaN,NaN,NaN,NaN,NaN,NaN
1583370000,1.09,1.125,1.065,1.09,2448200,NaN,NaN,NaN,NaN,NaN,NaN,NaN
1583456400,1.075,1.105,1.055,1.09,2482200,NaN,NaN,NaN,NaN,NaN,NaN,NaN
1583715600,1.05,1.05,1,1.005,368800,NaN,NaN,NaN,NaN,NaN,NaN,NaN
1583802000,0.98,1.03,0.98,1.025,1003000,NaN,NaN,NaN,NaN,NaN,NaN,NaN
1583888400,1.03,1.03,1.025,1.03,126000,NaN,NaN,NaN,NaN,NaN,NaN,NaN
1583974800,1.025,1.03,1.005,1.025,743000,NaN,NaN,NaN,NaN,NaN,NaN,NaN
1584061200,0.995,1,0.925,0.955,950200,NaN,NaN,NaN,NaN,NaN,NaN,NaN
1584320400,0.93,0.95,0.9,0.92,1020000,NaN,NaN,NaN,NaN,NaN,NaN,NaN
1584406800,0.85,0.975,0.85,0.92,2022200,NaN,NaN,NaN,NaN,NaN,NaN,NaN
1584493200,0.905,0.92,0.83,0.895,760800,NaN,NaN,NaN,NaN,NaN,NaN,NaN
1584579600,0.89,0.89,0.8,0.8,529600,NaN,NaN,NaN,NaN,NaN,NaN,NaN
1584666000,0.86,0.87,0.85,0.865,1305200,NaN,NaN,NaN,NaN,NaN,NaN,NaN
1584925200,0.84,0.85,0.825,0.83,361000,NaN,NaN,NaN,NaN,NaN,NaN,NaN
1585011600,0.85,0.855,0.845,0.855,309600,NaN,NaN,NaN,NaN,NaN,NaN,NaN
1585098000,0.885,0.9,0.8,0.81,1725400,NaN,NaN,NaN,NaN,NaN,NaN,NaN
1585184400,0.81,0.85,0.805,0.825,859400,NaN,NaN,NaN,NaN,NaN,NaN,NaN
1585270800,0.825,0.85,0.815,0.835,1881000,NaN,NaN,NaN,NaN,NaN,NaN,NaN
1585530000,0.805,0.825,0.805,0.825,1805800,NaN,NaN,NaN,NaN,NaN,NaN,NaN
1585616400,0.83,0.83,0.785,0.79,4964600,1454172000,1891822000,519075000.00000006,7600000,255159000,1372747000,3.79746835443038
1585702800,0.79,0.805,0.77,0.785,2482200,NaN,NaN,NaN,NaN,NaN,NaN,NaN
1585789200,0.775,0.795,0.765,0.785,3587800,NaN,NaN,NaN,NaN,NaN,NaN,NaN
1585875600,0.79,0.79,0.775,0.78,559200,NaN,NaN,NaN,NaN,NaN,NaN,NaN
1586134800,0.785,0.915,0.775,0.855,2405400,NaN,NaN,NaN,NaN,NaN,NaN,NaN
1586221200,0.87,0.89,0.86,0.87,857800,NaN,NaN,NaN,NaN,NaN,NaN,NaN
1586307600,0.87,0.88,0.85,0.86,507000,NaN,NaN,NaN,NaN,NaN,NaN,NaN
1586394000,0.86,0.92,0.86,0.905,1313000,NaN,NaN,NaN,NaN,NaN,NaN,NaN
1586480400,0.925,0.925,0.885,0.885,690400,NaN,NaN,NaN,NaN,NaN,NaN,NaN
1586739600,0.875,0.875,0.86,0.86,127000,NaN,NaN,NaN,NaN,NaN,NaN,NaN
1586826000,0.86,0.9,0.86,0.895,313400,NaN,NaN,NaN,NaN,NaN,NaN,NaN
1586912400,0.9,0.94,0.9,0.92,1014600,NaN,NaN,NaN,NaN,NaN,NaN,NaN
1586998800,0.92,0.94,0.92,0.935,184800,NaN,NaN,NaN,NaN,NaN,NaN,NaN
1587085200,0.945,0.975,0.935,0.95,652600,NaN,NaN,NaN,NaN,NaN,NaN,NaN
1587344400,0.965,0.97,0.94,0.96,847400,NaN,NaN,NaN,NaN,NaN,NaN,NaN
1587430800,0.95,0.96,0.905,0.93,441000,NaN,NaN,NaN,NaN,NaN,NaN,NaN
1587517200,0.925,0.94,0.905,0.93,128600,NaN,NaN,NaN,NaN,NaN,NaN,NaN
1587603600,0.945,0.955,0.92,0.95,207600,NaN,NaN,NaN,NaN,NaN,NaN,NaN
1587690000,0.93,0.93,0.915,0.93,100000,NaN,NaN,NaN,NaN,NaN,NaN,NaN
1587949200,0.93,0.965,0.93,0.955,233600,NaN,NaN,NaN,NaN,NaN,NaN,NaN
1588035600,0.955,0.955,0.935,0.935,134000,NaN,NaN,NaN,NaN,NaN,NaN,NaN
1588122000,0.95,0.98,0.935,0.965,221400,NaN,NaN,NaN,NaN,NaN,NaN,NaN
1588208400,0.955,1.005,0.945,0.99,841000,NaN,NaN,NaN,NaN,NaN,NaN,NaN
1588554000,1,1,0.945,0.955,379400,NaN,NaN,NaN,NaN,NaN,NaN,NaN
1588640400,0.96,0.995,0.96,0.99,409800,NaN,NaN,NaN,NaN,NaN,NaN,NaN
1588726800,1,1.08,0.99,1.01,704000,NaN,NaN,NaN,NaN,NaN,NaN,NaN
1588899600,1.025,1.045,0.985,1,661400,NaN,NaN,NaN,NaN,NaN,NaN,NaN
1589245200,1.01,1.02,0.99,1.005,182400,NaN,NaN,NaN,NaN,NaN,NaN,NaN
1589331600,0.99,1.005,0.99,0.995,443400,NaN,NaN,NaN,NaN,NaN,NaN,NaN
1589418000,1.005,1.005,0.975,0.995,321600,NaN,NaN,NaN,NaN,NaN,NaN,NaN
1589504400,0.99,1.01,0.985,1,213200,NaN,NaN,NaN,NaN,NaN,NaN,NaN
1589763600,1.01,1.025,0.995,1.015,204200,NaN,NaN,NaN,NaN,NaN,NaN,NaN
1589850000,1,1,0.995,1,307400,NaN,NaN,NaN,NaN,NaN,NaN,NaN
1589936400,1,1.005,0.995,0.995,127600,NaN,NaN,NaN,NaN,NaN,NaN,NaN
1590022800,1.005,1.03,1.005,1.03,383800,NaN,NaN,NaN,NaN,NaN,NaN,NaN
1590109200,1.03,1.04,0.995,1,529600,NaN,NaN,NaN,NaN,NaN,NaN,NaN
1590541200,1,1.025,1,1.01,164400,NaN,NaN,NaN,NaN,NaN,NaN,NaN
1590627600,1.01,1.01,1,1,102200,NaN,NaN,NaN,NaN,NaN,NaN,NaN
1590714000,1,1.015,1,1.005,381600,NaN,NaN,NaN,NaN,NaN,NaN,NaN
1590973200,1,1.025,1,1.01,442000,NaN,NaN,NaN,NaN,NaN,NaN,NaN
1591059600,1.005,1.02,0.995,1.015,444600,NaN,NaN,NaN,NaN,NaN,NaN,NaN
1591146000,1.02,1.02,0.985,1,870800,NaN,NaN,NaN,NaN,NaN,NaN,NaN
1591232400,1,1.005,0.98,0.985,749800,NaN,NaN,NaN,NaN,NaN,NaN,NaN
1591318800,0.985,1.005,0.97,0.97,514200,NaN,NaN,NaN,NaN,NaN,NaN,NaN
1591664400,0.975,0.995,0.97,0.975,701000,NaN,NaN,NaN,NaN,NaN,NaN,NaN
1591750800,0.975,1.005,0.975,0.99,808000,NaN,NaN,NaN,NaN,NaN,NaN,NaN
1591837200,0.995,1.005,0.98,0.98,694200,NaN,NaN,NaN,NaN,NaN,NaN,NaN
1591923600,0.975,0.975,0.945,0.955,1062400,NaN,NaN,NaN,NaN,NaN,NaN,NaN
1592182800,0.965,0.97,0.93,0.935,717600,NaN,NaN,NaN,NaN,NaN,NaN,NaN
1592269200,0.93,0.96,0.93,0.955,171200,NaN,NaN,NaN,NaN,NaN,NaN,NaN
1592355600,0.955,0.97,0.95,0.97,279400,NaN,NaN,NaN,NaN,NaN,NaN,NaN
1592442000,0.965,0.965,0.94,0.95,290600,NaN,NaN,NaN,NaN,NaN,NaN,NaN
1592528400,0.95,0.97,0.95,0.95,95600,NaN,NaN,NaN,NaN,NaN,NaN,NaN
1592787600,0.97,0.98,0.965,0.98,440400,NaN,NaN,NaN,NaN,NaN,NaN,NaN
1592874000,0.98,1,0.97,1,518800,NaN,NaN,NaN,NaN,NaN,NaN,NaN
1592960400,1.005,1.025,0.995,1.02,627200,NaN,NaN,NaN,NaN,NaN,NaN,NaN
1593046800,1.02,1.07,1.02,1.05,1206600,NaN,NaN,NaN,NaN,NaN,NaN,NaN
1593133200,1.05,1.065,1.025,1.035,515600,NaN,NaN,NaN,NaN,NaN,NaN,NaN
1593392400,1.03,1.04,1.01,1.035,902000,NaN,NaN,NaN,NaN,NaN,NaN,NaN
1593478800,1.035,1.05,1.025,1.025,81200,1454172000,1858923000,469264000,42719000,310083000,1389659000,2.92682926829268
1593565200,1.03,1.03,1.02,1.02,268600,NaN,NaN,NaN,NaN,NaN,NaN,NaN
1593651600,1.02,1.03,1.005,1.02,668000,NaN,NaN,NaN,NaN,NaN,NaN,NaN
1593738000,1.035,1.1,1.035,1.09,1267600,NaN,NaN,NaN,NaN,NaN,NaN,NaN
1593997200,1.105,1.225,1.105,1.225,1639000,NaN,NaN,NaN,NaN,NaN,NaN,NaN
1594083600,1.25,1.27,1.175,1.215,1750800,NaN,NaN,NaN,NaN,NaN,NaN,NaN
1594170000,1.21,1.225,1.15,1.22,780600,NaN,NaN,NaN,NaN,NaN,NaN,NaN
1594256400,1.21,1.225,1.21,1.215,633600,NaN,NaN,NaN,NaN,NaN,NaN,NaN
1594342800,1.22,1.22,1.16,1.195,239800,NaN,NaN,NaN,NaN,NaN,NaN,NaN
1594602000,1.21,1.225,1.165,1.225,576000,NaN,NaN,NaN,NaN,NaN,NaN,NaN
1594688400,1.22,1.235,1.11,1.13,1809600,NaN,NaN,NaN,NaN,NaN,NaN,NaN
1594774800,1.14,1.185,1.135,1.175,1653000,NaN,NaN,NaN,NaN,NaN,NaN,NaN
1594861200,1.185,1.185,1.16,1.16,377600,NaN,NaN,NaN,NaN,NaN,NaN,NaN
1594947600,1.17,1.175,1.15,1.175,466600,NaN,NaN,NaN,NaN,NaN,NaN,NaN
1595206800,1.175,1.23,1.14,1.205,674000,NaN,NaN,NaN,NaN,NaN,NaN,NaN
1595293200,1.205,1.325,1.205,1.305,3173200,NaN,NaN,NaN,NaN,NaN,NaN,NaN
1595379600,1.305,1.325,1.245,1.255,3661600,NaN,NaN,NaN,NaN,NaN,NaN,NaN
1595466000,1.26,1.305,1.215,1.245,944600,NaN,NaN,NaN,NaN,NaN,NaN,NaN
1595552400,1.245,1.25,1.225,1.25,2134200,NaN,NaN,NaN,NaN,NaN,NaN,NaN
1595811600,1.25,1.29,1.25,1.28,1348600,NaN,NaN,NaN,NaN,NaN,NaN,NaN
1595898000,1.29,1.375,1.29,1.35,2063200,NaN,NaN,NaN,NaN,NaN,NaN,NaN
1595984400,1.35,1.42,1.345,1.39,1665800,NaN,NaN,NaN,NaN,NaN,NaN,NaN
1596070800,1.42,1.45,1.33,1.365,2119400,NaN,NaN,NaN,NaN,NaN,NaN,NaN
1596416400,1.4,1.705,1.395,1.595,8710400,NaN,NaN,NaN,NaN,NaN,NaN,NaN
1596502800,1.69,1.78,1.675,1.71,12904400,NaN,NaN,NaN,NaN,NaN,NaN,NaN
1596589200,1.74,1.74,1.695,1.695,2908400,NaN,NaN,NaN,NaN,NaN,NaN,NaN
1596675600,1.7,1.735,1.625,1.635,3149200,NaN,NaN,NaN,NaN,NaN,NaN,NaN
1596762000,1.65,1.67,1.6,1.615,2399800,NaN,NaN,NaN,NaN,NaN,NaN,NaN
1597021200,1.625,1.67,1.555,1.63,4053800,NaN,NaN,NaN,NaN,NaN,NaN,NaN
1597107600,1.63,1.66,1.63,1.64,2784800,NaN,NaN,NaN,NaN,NaN,NaN,NaN
1597194000,1.64,1.7,1.575,1.68,3468400,NaN,NaN,NaN,NaN,NaN,NaN,NaN
1597280400,1.7,1.73,1.625,1.625,1397800,NaN,NaN,NaN,NaN,NaN,NaN,NaN
1597366800,1.63,1.63,1.59,1.6,1166800,NaN,NaN,NaN,NaN,NaN,NaN,NaN
1597626000,1.64,1.655,1.59,1.65,2035400,NaN,NaN,NaN,NaN,NaN,NaN,NaN
1597712400,1.65,1.69,1.635,1.67,1138800,NaN,NaN,NaN,NaN,NaN,NaN,NaN
1597798800,1.7,1.7,1.675,1.7,1415000,NaN,NaN,NaN,NaN,NaN,NaN,NaN
1597971600,1.7,1.72,1.68,1.7,1339000,NaN,NaN,NaN,NaN,NaN,NaN,NaN
1598230800,1.695,1.7,1.685,1.69,1003200,NaN,NaN,NaN,NaN,NaN,NaN,NaN
1598317200,1.685,1.79,1.685,1.77,4839400,NaN,NaN,NaN,NaN,NaN,NaN,NaN
1598403600,1.77,1.9,1.77,1.84,5576800,NaN,NaN,NaN,NaN,NaN,NaN,NaN
1598490000,1.89,2,1.855,1.86,5082200,NaN,NaN,NaN,NaN,NaN,NaN,NaN
1598576400,1.86,1.875,1.8,1.85,1716800,NaN,NaN,NaN,NaN,NaN,NaN,NaN
1598922000,1.855,1.895,1.855,1.875,2208000,NaN,NaN,NaN,NaN,NaN,NaN,NaN
1599008400,1.895,1.92,1.85,1.875,2577800,NaN,NaN,NaN,NaN,NaN,NaN,NaN
1599094800,1.885,1.885,1.835,1.85,2381000,NaN,NaN,NaN,NaN,NaN,NaN,NaN
1599181200,1.79,1.82,1.775,1.785,1729000,NaN,NaN,NaN,NaN,NaN,NaN,NaN
1599440400,1.83,1.83,1.715,1.735,1500400,NaN,NaN,NaN,NaN,NaN,NaN,NaN
1599526800,1.76,1.76,1.6,1.635,1642200,NaN,NaN,NaN,NaN,NaN,NaN,NaN
1599613200,1.615,1.74,1.525,1.685,3023400,NaN,NaN,NaN,NaN,NaN,NaN,NaN
1599699600,1.705,1.745,1.595,1.625,3591600,NaN,NaN,NaN,NaN,NaN,NaN,NaN
1599786000,1.605,1.795,1.6,1.795,1928800,NaN,NaN,NaN,NaN,NaN,NaN,NaN
1600045200,1.805,1.865,1.78,1.81,1926000,NaN,NaN,NaN,NaN,NaN,NaN,NaN
1600131600,1.85,1.85,1.785,1.8,386800,NaN,NaN,NaN,NaN,NaN,NaN,NaN
1600304400,1.785,1.815,1.745,1.745,818200,NaN,NaN,NaN,NaN,NaN,NaN,NaN
1600390800,1.745,1.795,1.685,1.745,476200,NaN,NaN,NaN,NaN,NaN,NaN,NaN
1600650000,1.745,1.745,1.705,1.705,198200,NaN,NaN,NaN,NaN,NaN,NaN,NaN
1600736400,1.695,1.73,1.69,1.73,624600,NaN,NaN,NaN,NaN,NaN,NaN,NaN
1600822800,1.725,1.75,1.7,1.725,1726800,NaN,NaN,NaN,NaN,NaN,NaN,NaN
1600909200,1.715,1.745,1.675,1.735,298400,NaN,NaN,NaN,NaN,NaN,NaN,NaN
1600995600,1.745,1.745,1.73,1.745,152000,NaN,NaN,NaN,NaN,NaN,NaN,NaN
1601254800,1.75,1.815,1.75,1.815,682400,NaN,NaN,NaN,NaN,NaN,NaN,NaN
1601341200,1.815,1.825,1.795,1.8,546600,NaN,NaN,NaN,NaN,NaN,NaN,NaN
1601427600,1.8,1.845,1.785,1.785,325400,1454172000,1883773000,447231000,61212000,357681000,1436542000,1.68067226890756
1601514000,1.8,1.86,1.78,1.8,1025400,NaN,NaN,NaN,NaN,NaN,NaN,NaN
1601600400,1.79,1.835,1.785,1.825,770400,NaN,NaN,NaN,NaN,NaN,NaN,NaN
1601859600,1.83,1.85,1.82,1.825,516200,NaN,NaN,NaN,NaN,NaN,NaN,NaN
1601946000,1.85,1.875,1.815,1.845,1454200,NaN,NaN,NaN,NaN,NaN,NaN,NaN
1602032400,1.86,1.905,1.825,1.9,1071000,NaN,NaN,NaN,NaN,NaN,NaN,NaN
1602118800,1.92,1.965,1.915,1.925,4007800,NaN,NaN,NaN,NaN,NaN,NaN,NaN
1602205200,1.925,1.99,1.925,1.965,1301800,NaN,NaN,NaN,NaN,NaN,NaN,NaN
1602464400,1.97,1.975,1.925,1.94,996200,NaN,NaN,NaN,NaN,NaN,NaN,NaN
1602550800,1.94,1.965,1.94,1.94,944000,NaN,NaN,NaN,NaN,NaN,NaN,NaN
1602637200,1.95,1.965,1.94,1.96,2554000,NaN,NaN,NaN,NaN,NaN,NaN,NaN
1602723600,1.95,1.965,1.935,1.95,1179800,NaN,NaN,NaN,NaN,NaN,NaN,NaN
1602810000,1.96,1.98,1.94,1.96,2384000,NaN,NaN,NaN,NaN,NaN,NaN,NaN
1603069200,1.96,2.11,1.95,2.05,6493800,NaN,NaN,NaN,NaN,NaN,NaN,NaN
1603155600,2.09,2.09,2.03,2.06,2521800,NaN,NaN,NaN,NaN,NaN,NaN,NaN
1603242000,2.06,2.08,2.03,2.065,950400,NaN,NaN,NaN,NaN,NaN,NaN,NaN
1603328400,2.065,2.15,2.025,2.09,4944200,NaN,NaN,NaN,NaN,NaN,NaN,NaN
1603414800,2.1,2.345,2.065,2.2,10020200,NaN,NaN,NaN,NaN,NaN,NaN,NaN
1603674000,2.325,2.485,2.21,2.45,9717200,NaN,NaN,NaN,NaN,NaN,NaN,NaN
1603760400,2.465,2.635,2.465,2.565,11233200,NaN,NaN,NaN,NaN,NaN,NaN,NaN
1603846800,2.57,2.69,2.55,2.59,8302200,NaN,NaN,NaN,NaN,NaN,NaN,NaN
1604019600,2.585,2.595,2.495,2.55,6014800,NaN,NaN,NaN,NaN,NaN,NaN,NaN
1604278800,2.55,2.78,2.48,2.71,6407400,NaN,NaN,NaN,NaN,NaN,NaN,NaN
1604365200,2.73,2.835,2.72,2.75,2362600,NaN,NaN,NaN,NaN,NaN,NaN,NaN
1604451600,2.75,2.81,2.7,2.77,4280000,NaN,NaN,NaN,NaN,NaN,NaN,NaN
1604538000,2.775,3.08,2.775,3.055,7520400,NaN,NaN,NaN,NaN,NaN,NaN,NaN
1604624400,3.09,3.125,2.955,3.045,3690800,NaN,NaN,NaN,NaN,NaN,NaN,NaN
1604883600,3.055,3.095,2.955,3,2909600,NaN,NaN,NaN,NaN,NaN,NaN,NaN
1604970000,2.99,2.99,2.825,2.85,3038600,NaN,NaN,NaN,NaN,NaN,NaN,NaN
1605056400,2.845,3.05,2.775,2.85,7455600,NaN,NaN,NaN,NaN,NaN,NaN,NaN
1605142800,2.925,2.975,2.87,2.94,2345200,NaN,NaN,NaN,NaN,NaN,NaN,NaN
1605229200,2.955,2.99,2.91,2.93,1469000,NaN,NaN,NaN,NaN,NaN,NaN,NaN
1605488400,2.945,2.95,2.72,2.74,5344600,NaN,NaN,NaN,NaN,NaN,NaN,NaN
1605574800,2.725,2.865,2.675,2.755,3721800,NaN,NaN,NaN,NaN,NaN,NaN,NaN
1605661200,2.8,2.925,2.775,2.775,4860000,NaN,NaN,NaN,NaN,NaN,NaN,NaN
1605747600,2.79,2.87,2.675,2.75,2560000,NaN,NaN,NaN,NaN,NaN,NaN,NaN
1605834000,2.78,2.84,2.76,2.84,2006400,NaN,NaN,NaN,NaN,NaN,NaN,NaN
1606093200,2.85,2.93,2.745,2.795,2364000,NaN,NaN,NaN,NaN,NaN,NaN,NaN
1606179600,2.755,2.795,2.705,2.75,1343400,NaN,NaN,NaN,NaN,NaN,NaN,NaN
1606266000,2.8,2.8,2.715,2.79,2933800,NaN,NaN,NaN,NaN,NaN,NaN,NaN
1606352400,2.79,2.945,2.765,2.915,4360600,NaN,NaN,NaN,NaN,NaN,NaN,NaN
1606438800,2.935,2.985,2.87,2.875,2191200,NaN,NaN,NaN,NaN,NaN,NaN,NaN
1606698000,2.895,2.945,2.805,2.81,5780400,NaN,NaN,NaN,NaN,NaN,NaN,NaN
1606784400,2.81,2.86,2.765,2.815,2974600,NaN,NaN,NaN,NaN,NaN,NaN,NaN
1606870800,2.815,3,2.805,2.94,6369800,NaN,NaN,NaN,NaN,NaN,NaN,NaN
1606957200,2.995,2.995,2.89,2.925,1788800,NaN,NaN,NaN,NaN,NaN,NaN,NaN
1607043600,2.925,2.96,2.81,2.85,2625000,NaN,NaN,NaN,NaN,NaN,NaN,NaN
1607302800,2.875,2.915,2.805,2.86,2978200,NaN,NaN,NaN,NaN,NaN,NaN,NaN
1607389200,2.86,2.925,2.86,2.9,1004600,NaN,NaN,NaN,NaN,NaN,NaN,NaN
1607475600,2.905,2.92,2.86,2.88,2670200,NaN,NaN,NaN,NaN,NaN,NaN,NaN
1607562000,2.895,2.91,2.86,2.865,2021000,NaN,NaN,NaN,NaN,NaN,NaN,NaN
1607648400,2.875,2.915,2.85,2.9,1262200,NaN,NaN,NaN,NaN,NaN,NaN,NaN
1607907600,2.905,3.15,2.875,2.885,5319600,NaN,NaN,NaN,NaN,NaN,NaN,NaN
1607994000,2.91,3.015,2.885,3.005,2186400,NaN,NaN,NaN,NaN,NaN,NaN,NaN
1608080400,3.05,3.1,2.965,3.015,2132800,NaN,NaN,NaN,NaN,NaN,NaN,NaN
1608166800,3.04,3.04,2.98,3,1316400,NaN,NaN,NaN,NaN,NaN,NaN,NaN
1608253200,3,3.425,3,3.4,9258800,NaN,NaN,NaN,NaN,NaN,NaN,NaN
1608512400,3.35,3.505,3.055,3.12,10497000,NaN,NaN,NaN,NaN,NaN,NaN,NaN
1608598800,3.115,3.18,2.935,3.05,9925600,NaN,NaN,NaN,NaN,NaN,NaN,NaN
1608685200,3.045,3.16,3.025,3.03,4097400,NaN,NaN,NaN,NaN,NaN,NaN,NaN
1608771600,3.065,3.12,2.98,3.005,3425400,NaN,NaN,NaN,NaN,NaN,NaN,NaN
1609117200,3.02,3.105,2.99,3,3388200,NaN,NaN,NaN,NaN,NaN,NaN,NaN
1609203600,3.07,3.07,2.985,3,4683000,NaN,NaN,NaN,NaN,NaN,NaN,NaN
1609290000,3,3.05,2.985,3,2794800,NaN,NaN,NaN,NaN,NaN,NaN,NaN
1609376400,3.005,3.135,3.005,3.09,2770000,1557438000,2271546000,474739000,64391999.99999999,366371000,1772796000,0.970873786407767
1609722000,3.1,3.195,3.03,3.17,3835800,NaN,NaN,NaN,NaN,NaN,NaN,NaN
1609808400,3.175,3.2,3.08,3.12,3214000,NaN,NaN,NaN,NaN,NaN,NaN,NaN
1609894800,3.125,3.165,3.095,3.1,5531400,NaN,NaN,NaN,NaN,NaN,NaN,NaN
1609981200,3.08,3.09,2.99,3.065,3206000,NaN,NaN,NaN,NaN,NaN,NaN,NaN
1610067600,3.065,3.1,3,3.05,3755600,NaN,NaN,NaN,NaN,NaN,NaN,NaN
1610326800,3.01,3.15,2.955,3.11,3922200,NaN,NaN,NaN,NaN,NaN,NaN,NaN
1610413200,3.145,3.225,3.04,3.14,2884600,NaN,NaN,NaN,NaN,NaN,NaN,NaN
1610499600,3.145,3.385,3.145,3.335,6477800,NaN,NaN,NaN,NaN,NaN,NaN,NaN
1610586000,3.375,3.58,3.35,3.54,8449200,NaN,NaN,NaN,NaN,NaN,NaN,NaN
1610672400,3.57,3.72,3.5,3.695,5880800,NaN,NaN,NaN,NaN,NaN,NaN,NaN
1610931600,3.725,3.93,3.65,3.915,5726600,NaN,NaN,NaN,NaN,NaN,NaN,NaN
1611018000,3.95,3.99,3.485,3.725,10934400,NaN,NaN,NaN,NaN,NaN,NaN,NaN
1611104400,3.725,3.94,3.71,3.895,6928400,NaN,NaN,NaN,NaN,NaN,NaN,NaN
1611190800,3.95,3.99,3.795,3.865,5579200,NaN,NaN,NaN,NaN,NaN,NaN,NaN
1611277200,3.94,4.295,3.93,4.15,10709000,NaN,NaN,NaN,NaN,NaN,NaN,NaN
1611536400,4.14,4.16,3.95,4.065,6085800,NaN,NaN,NaN,NaN,NaN,NaN,NaN
1611622800,4.14,4.24,4.07,4.15,5259000,NaN,NaN,NaN,NaN,NaN,NaN,NaN
1611709200,4.17,4.35,4.125,4.34,5193600,NaN,NaN,NaN,NaN,NaN,NaN,NaN
1611882000,4.24,4.295,4.15,4.2,5337600,NaN,NaN,NaN,NaN,NaN,NaN,NaN
1612227600,4.225,4.33,4.165,4.23,2792000,NaN,NaN,NaN,NaN,NaN,NaN,NaN
1612314000,4.25,4.31,4.185,4.2,7274000,NaN,NaN,NaN,NaN,NaN,NaN,NaN
1612400400,4.225,4.495,4.195,4.44,8153000,NaN,NaN,NaN,NaN,NaN,NaN,NaN
1612486800,4.475,4.54,4.33,4.395,2524200,NaN,NaN,NaN,NaN,NaN,NaN,NaN
1612746000,4.35,4.44,4.315,4.34,1978600,NaN,NaN,NaN,NaN,NaN,NaN,NaN
1612832400,4.34,4.37,4.25,4.34,2968400,NaN,NaN,NaN,NaN,NaN,NaN,NaN
1612918800,4.325,4.325,4.205,4.245,2944000,NaN,NaN,NaN,NaN,NaN,NaN,NaN
1613005200,4.25,4.34,4.24,4.33,572800,NaN,NaN,NaN,NaN,NaN,NaN,NaN
1613350800,4.36,4.465,4.35,4.455,2151600,NaN,NaN,NaN,NaN,NaN,NaN,NaN
1613437200,4.495,4.5,4.325,4.34,1971800,NaN,NaN,NaN,NaN,NaN,NaN,NaN
1613523600,4.35,4.355,4.25,4.31,1361200,NaN,NaN,NaN,NaN,NaN,NaN,NaN
1613610000,4.3,4.4,4.21,4.39,3772600,NaN,NaN,NaN,NaN,NaN,NaN,NaN
1613696400,4.39,4.6350005,4.34,4.59,4568200,NaN,NaN,NaN,NaN,NaN,NaN,NaN
1613955600,4.59,4.6,4.38,4.3850005,2446000,NaN,NaN,NaN,NaN,NaN,NaN,NaN
1614042000,4.325,4.45,4.265,4.35,5062200,NaN,NaN,NaN,NaN,NaN,NaN,NaN
1614128400,4.365,4.37,4.235,4.3,2307400,NaN,NaN,NaN,NaN,NaN,NaN,NaN
1614214800,4.4,4.625,4.3,4.485,5807600,NaN,NaN,NaN,NaN,NaN,NaN,NaN
1614301200,4.355,4.45,4.29,4.45,4281400,NaN,NaN,NaN,NaN,NaN,NaN,NaN
1614560400,4.405,4.515,4.33,4.485,3275200,NaN,NaN,NaN,NaN,NaN,NaN,NaN
1614646800,4.5,4.715,4.43,4.49,6046200,NaN,NaN,NaN,NaN,NaN,NaN,NaN
1614733200,4.455,4.48,4.375,4.4,2188000,NaN,NaN,NaN,NaN,NaN,NaN,NaN
1614819600,4.325,4.355,4.045,4.16,6043800,NaN,NaN,NaN,NaN,NaN,NaN,NaN
1614906000,4.02,4.09,3.885,4.045,9545800,NaN,NaN,NaN,NaN,NaN,NaN,NaN
1615165200,4.1,4.125,3.71,3.75,8417400,NaN,NaN,NaN,NaN,NaN,NaN,NaN
1615251600,3.595,3.94,3.515,3.725,12882000,NaN,NaN,NaN,NaN,NaN,NaN,NaN
1615338000,3.95,4,3.75,3.79,8639800,NaN,NaN,NaN,NaN,NaN,NaN,NaN
1615424400,3.835,3.835,3.715,3.8,4172200,NaN,NaN,NaN,NaN,NaN,NaN,NaN
1615510800,3.855,3.935,3.75,3.75,2413000,NaN,NaN,NaN,NaN,NaN,NaN,NaN
1615770000,3.795,3.795,3.585,3.625,4200600,NaN,NaN,NaN,NaN,NaN,NaN,NaN
1615856400,3.66,3.7,3.585,3.65,3498600,NaN,NaN,NaN,NaN,NaN,NaN,NaN
1615942800,3.645,3.66,3.565,3.59,2536000,NaN,NaN,NaN,NaN,NaN,NaN,NaN
1616029200,3.625,3.85,3.625,3.805,7056600,NaN,NaN,NaN,NaN,NaN,NaN,NaN
1616115600,3.7,3.85,3.675,3.845,2104800,NaN,NaN,NaN,NaN,NaN,NaN,NaN
1616374800,3.845,3.965,3.8,3.93,1876200,NaN,NaN,NaN,NaN,NaN,NaN,NaN
1616461200,3.95,4.075,3.935,4.025,4169800,NaN,NaN,NaN,NaN,NaN,NaN,NaN
1616547600,4.025,4.025,3.945,4,1251000,NaN,NaN,NaN,NaN,NaN,NaN,NaN
1616634000,3.945,3.99,3.85,3.865,1135800,NaN,NaN,NaN,NaN,NaN,NaN,NaN
1616720400,3.89,3.945,3.865,3.935,2033000,NaN,NaN,NaN,NaN,NaN,NaN,NaN
1616979600,3.935,3.935,3.855,3.905,1674600,NaN,NaN,NaN,NaN,NaN,NaN,NaN
1617066000,3.91,3.91,3.785,3.89,1244600,NaN,NaN,NaN,NaN,NaN,NaN,NaN
1617152400,3.825,3.925,3.745,3.84,2407000,1599589000,2551235000,569914000,53044000,373938000,1981321000,0.78125
1617238800,3.875,3.915,3.8,3.91,2149200,NaN,NaN,NaN,NaN,NaN,NaN,NaN
1617325200,3.95,4.125,3.95,4.125,3395400,NaN,NaN,NaN,NaN,NaN,NaN,NaN
1617584400,4.15,4.245,4.14,4.205,1751000,NaN,NaN,NaN,NaN,NaN,NaN,NaN
1617670800,4.25,4.265,4.085,4.1,1437800,NaN,NaN,NaN,NaN,NaN,NaN,NaN
1617757200,4.1,4.14,4.025,4.08,963200,NaN,NaN,NaN,NaN,NaN,NaN,NaN
1617843600,4.105,4.105,4.025,4.065,1260600,NaN,NaN,NaN,NaN,NaN,NaN,NaN
1617930000,4.075,4.075,4.025,4.04,554200,NaN,NaN,NaN,NaN,NaN,NaN,NaN
1618189200,4.035,4.05,3.955,3.99,816600,NaN,NaN,NaN,NaN,NaN,NaN,NaN
1618275600,4.02,4.18,3.99,4.12,2486400,NaN,NaN,NaN,NaN,NaN,NaN,NaN
1618362000,4.12,4.165,4.045,4.08,906800,NaN,NaN,NaN,NaN,NaN,NaN,NaN
1618448400,4.05,4.065,4,4.05,1670600,NaN,NaN,NaN,NaN,NaN,NaN,NaN
1618534800,4.065,4.08,3.995,4.02,1237800,NaN,NaN,NaN,NaN,NaN,NaN,NaN
1618794000,4.02,4.045,3.96,4,707200,NaN,NaN,NaN,NaN,NaN,NaN,NaN
1618880400,3.97,3.975,3.92,3.945,1619000,NaN,NaN,NaN,NaN,NaN,NaN,NaN
1618966800,3.915,3.93,3.88,3.895,800000,NaN,NaN,NaN,NaN,NaN,NaN,NaN
1619053200,3.905,3.95,3.895,3.925,1064800,NaN,NaN,NaN,NaN,NaN,NaN,NaN
1619139600,3.91,4.035,3.855,4.035,1112200,NaN,NaN,NaN,NaN,NaN,NaN,NaN
1619398800,4.035,4.07,3.98,4.02,674600,NaN,NaN,NaN,NaN,NaN,NaN,NaN
1619485200,4.015,4.115,3.875,3.875,4522600,NaN,NaN,NaN,NaN,NaN,NaN,NaN
1619571600,3.905,3.95,3.875,3.88,3585400,NaN,NaN,NaN,NaN,NaN,NaN,NaN
1619744400,3.94,3.94,3.865,3.865,1553400,NaN,NaN,NaN,NaN,NaN,NaN,NaN
1620003600,3.865,3.9,3.75,3.9,1080600,NaN,NaN,NaN,NaN,NaN,NaN,NaN
1620090000,3.875,3.965,3.815,3.95,689800,NaN,NaN,NaN,NaN,NaN,NaN,NaN
1620176400,3.855,3.9,3.805,3.825,3077000,NaN,NaN,NaN,NaN,NaN,NaN,NaN
1620262800,3.845,3.85,3.77,3.795,2616200,NaN,NaN,NaN,NaN,NaN,NaN,NaN
1620349200,3.79,3.85,3.765,3.77,1003200,NaN,NaN,NaN,NaN,NaN,NaN,NaN
1620608400,3.765,3.765,3.695,3.735,1988200,NaN,NaN,NaN,NaN,NaN,NaN,NaN
1620694800,3.725,3.725,3.515,3.56,4182600,NaN,NaN,NaN,NaN,NaN,NaN,NaN
1620781200,3.55,3.64,3.54,3.575,1352200,NaN,NaN,NaN,NaN,NaN,NaN,NaN
1621213200,3.57,3.57,3.36,3.45,3531000,NaN,NaN,NaN,NaN,NaN,NaN,NaN
1621299600,3.45,3.515,3.41,3.485,3734200,NaN,NaN,NaN,NaN,NaN,NaN,NaN
1621386000,3.485,3.49,3.395,3.49,1508800,NaN,NaN,NaN,NaN,NaN,NaN,NaN
1621472400,3.415,3.55,3.415,3.49,2000600,NaN,NaN,NaN,NaN,NaN,NaN,NaN
1621558800,3.505,3.545,3.345,3.455,2232400,NaN,NaN,NaN,NaN,NaN,NaN,NaN
1621818000,3.405,3.675,3.405,3.6,8810600,NaN,NaN,NaN,NaN,NaN,NaN,NaN
1621904400,3.63,3.655,3.56,3.59,2498400,NaN,NaN,NaN,NaN,NaN,NaN,NaN
1622077200,3.565,3.6,3.525,3.6,2773600,NaN,NaN,NaN,NaN,NaN,NaN,NaN
1622163600,3.6,3.6,3.495,3.55,835400,NaN,NaN,NaN,NaN,NaN,NaN,NaN
1622422800,3.435,3.6,3.395,3.575,2422600,NaN,NaN,NaN,NaN,NaN,NaN,NaN
1622509200,3.575,3.675,3.565,3.675,1235200,NaN,NaN,NaN,NaN,NaN,NaN,NaN
1622595600,3.67,3.74,3.67,3.715,999400,NaN,NaN,NaN,NaN,NaN,NaN,NaN
1622682000,3.72,3.775,3.715,3.775,1913400,NaN,NaN,NaN,NaN,NaN,NaN,NaN
1622768400,3.775,3.785,3.71,3.76,1070000,NaN,NaN,NaN,NaN,NaN,NaN,NaN
1623114000,3.76,3.77,3.67,3.68,415800,NaN,NaN,NaN,NaN,NaN,NaN,NaN
1623200400,3.68,3.68,3.575,3.64,471600,NaN,NaN,NaN,NaN,NaN,NaN,NaN
1623286800,3.59,3.675,3.55,3.65,657200,NaN,NaN,NaN,NaN,NaN,NaN,NaN
1623373200,3.68,3.68,3.59,3.65,377000,NaN,NaN,NaN,NaN,NaN,NaN,NaN
1623632400,3.65,3.765,3.65,3.765,389800,NaN,NaN,NaN,NaN,NaN,NaN,NaN
1623718800,3.78,3.84,3.7,3.705,1219800,NaN,NaN,NaN,NaN,NaN,NaN,NaN
1623805200,3.705,3.74,3.69,3.7,491800,NaN,NaN,NaN,NaN,NaN,NaN,NaN
1623891600,3.7,3.7,3.68,3.7,379600,NaN,NaN,NaN,NaN,NaN,NaN,NaN
1623978000,3.74,3.86,3.675,3.855,2946200,NaN,NaN,NaN,NaN,NaN,NaN,NaN
1624237200,3.865,3.865,3.72,3.81,868000,NaN,NaN,NaN,NaN,NaN,NaN,NaN
1624323600,3.805,3.815,3.69,3.72,826200,NaN,NaN,NaN,NaN,NaN,NaN,NaN
1624410000,3.74,3.765,3.715,3.725,497000,NaN,NaN,NaN,NaN,NaN,NaN,NaN
1624496400,3.76,3.76,3.67,3.725,586400,NaN,NaN,NaN,NaN,NaN,NaN,NaN
1624582800,3.7,3.75,3.7,3.7,310000,NaN,NaN,NaN,NaN,NaN,NaN,NaN
1624842000,3.675,3.695,3.6,3.645,344800,NaN,NaN,NaN,NaN,NaN,NaN,NaN
1624928400,3.64,3.685,3.6,3.6,536200,NaN,NaN,NaN,NaN,NaN,NaN,NaN
1625014800,3.62,3.68,3.6,3.67,190000,1613079000,2677709000,578806000,65325999.99999999,402233000,2098902999.9999998,1.08991825613079
1625101200,3.62,3.67,3.61,3.655,504800,NaN,NaN,NaN,NaN,NaN,NaN,NaN
1625187600,3.64,3.69,3.61,3.69,207000,NaN,NaN,NaN,NaN,NaN,NaN,NaN
1625446800,3.725,3.85,3.725,3.81,692200,NaN,NaN,NaN,NaN,NaN,NaN,NaN
1625533200,3.81,3.845,3.78,3.82,788200,NaN,NaN,NaN,NaN,NaN,NaN,NaN
1625619600,3.82,3.85,3.8,3.835,752000,NaN,NaN,NaN,NaN,NaN,NaN,NaN
1625706000,3.8,3.87,3.8,3.835,1204600,NaN,NaN,NaN,NaN,NaN,NaN,NaN
1625792400,3.8,3.885,3.7,3.78,2256200,NaN,NaN,NaN,NaN,NaN,NaN,NaN
1626051600,3.79,3.79,3.725,3.75,197400,NaN,NaN,NaN,NaN,NaN,NaN,NaN
1626138000,3.75,3.875,3.75,3.825,704600,NaN,NaN,NaN,NaN,NaN,NaN,NaN
1626224400,3.765,3.89,3.765,3.88,2414600,NaN,NaN,NaN,NaN,NaN,NaN,NaN
1626310800,3.9,3.965,3.88,3.92,1354000,NaN,NaN,NaN,NaN,NaN,NaN,NaN
1626397200,3.92,3.92,3.85,3.88,837400,NaN,NaN,NaN,NaN,NaN,NaN,NaN
1626656400,3.85,3.88,3.83,3.84,1050000,NaN,NaN,NaN,NaN,NaN,NaN,NaN
1626829200,3.84,3.84,3.805,3.815,541200,NaN,NaN,NaN,NaN,NaN,NaN,NaN
1626915600,3.815,3.9,3.815,3.875,2258800,NaN,NaN,NaN,NaN,NaN,NaN,NaN
1627002000,3.915,4.12,3.905,4.075,2641400,NaN,NaN,NaN,NaN,NaN,NaN,NaN
1627261200,4.05,4.155,3.985,4.065,5655000,NaN,NaN,NaN,NaN,NaN,NaN,NaN
1627347600,4.09,4.115,3.95,4.015,3293200,NaN,NaN,NaN,NaN,NaN,NaN,NaN
1627434000,4.015,4.025,3.955,4,936200,NaN,NaN,NaN,NaN,NaN,NaN,NaN
1627520400,4.035,4.115,3.99,4.115,2906200,NaN,NaN,NaN,NaN,NaN,NaN,NaN
1627606800,4.1,4.265,4.06,4.175,4922600,NaN,NaN,NaN,NaN,NaN,NaN,NaN
1627866000,4.205,4.4,4.17,4.3,6940800,NaN,NaN,NaN,NaN,NaN,NaN,NaN
1627952400,4.32,4.65,4.32,4.45,10463600,NaN,NaN,NaN,NaN,NaN,NaN,NaN
1628038800,4.4,4.49,4.34,4.345,5099000,NaN,NaN,NaN,NaN,NaN,NaN,NaN
1628125200,4.355,4.645,4.355,4.57,4445400,NaN,NaN,NaN,NaN,NaN,NaN,NaN
1628211600,4.615,4.695,4.525,4.575,3669400,NaN,NaN,NaN,NaN,NaN,NaN,NaN
1628470800,4.575,4.605,4.525,4.53,1419800,NaN,NaN,NaN,NaN,NaN,NaN,NaN
1628643600,4.525,4.685,4.36,4.46,5500800,NaN,NaN,NaN,NaN,NaN,NaN,NaN
1628730000,4.45,4.505,4.355,4.36,3233000,NaN,NaN,NaN,NaN,NaN,NaN,NaN
1628816400,4.4,4.45,4.265,4.36,2106000,NaN,NaN,NaN,NaN,NaN,NaN,NaN
1629075600,4.295,4.35,4.285,4.325,2509400,NaN,NaN,NaN,NaN,NaN,NaN,NaN
1629162000,4.325,4.36,4.255,4.27,2090400,NaN,NaN,NaN,NaN,NaN,NaN,NaN
1629248400,4.275,4.275,4.165,4.22,2436600,NaN,NaN,NaN,NaN,NaN,NaN,NaN
1629334800,4.2,4.2600005,4.165,4.165,2649600,NaN,NaN,NaN,NaN,NaN,NaN,NaN
1629421200,4.19,4.32,4.19,4.21,2008400,NaN,NaN,NaN,NaN,NaN,NaN,NaN
1629680400,4.255,4.345,4.255,4.3,3421600,NaN,NaN,NaN,NaN,NaN,NaN,NaN
1629766800,4.35,4.4,4.28,4.34,3754800,NaN,NaN,NaN,NaN,NaN,NaN,NaN
1629853200,4.35,4.39,4.325,4.35,2203800,NaN,NaN,NaN,NaN,NaN,NaN,NaN
1629939600,4.39,4.39,4.32,4.34,3267200,NaN,NaN,NaN,NaN,NaN,NaN,NaN
1630026000,4.345,4.37,4.275,4.3,1986800,NaN,NaN,NaN,NaN,NaN,NaN,NaN
1630285200,4.345,4.345,4.25,4.295,1975600,NaN,NaN,NaN,NaN,NaN,NaN,NaN
1630458000,4.295,4.3,4.19,4.245,1917200,NaN,NaN,NaN,NaN,NaN,NaN,NaN
1630544400,4.215,4.265,4.2,4.215,1165600,NaN,NaN,NaN,NaN,NaN,NaN,NaN
1630630800,4.275,4.275,4.195,4.2,1916200,NaN,NaN,NaN,NaN,NaN,NaN,NaN
1630890000,4.2,4.37,4.2,4.3,2571000,NaN,NaN,NaN,NaN,NaN,NaN,NaN
1630976400,4.3,4.34,4.28,4.315,2180400,NaN,NaN,NaN,NaN,NaN,NaN,NaN
1631062800,4.315,4.335,4.245,4.245,1501400,NaN,NaN,NaN,NaN,NaN,NaN,NaN
1631149200,4.245,4.295,4.245,4.275,473200,NaN,NaN,NaN,NaN,NaN,NaN,NaN
1631235600,4.255,4.29,4.205,4.22,694800,NaN,NaN,NaN,NaN,NaN,NaN,NaN
1631494800,4.22,4.22,4.1350005,4.155,1542800,NaN,NaN,NaN,NaN,NaN,NaN,NaN
1631581200,4.155,4.22,4.13,4.16,1210800,NaN,NaN,NaN,NaN,NaN,NaN,NaN
1631667600,4.16,4.275,4.16,4.25,773200,NaN,NaN,NaN,NaN,NaN,NaN,NaN
1631840400,4.25,4.28,4.225,4.25,2158400,NaN,NaN,NaN,NaN,NaN,NaN,NaN
1632099600,4.23,4.23,4.16,4.19,1209800,NaN,NaN,NaN,NaN,NaN,NaN,NaN
1632186000,4.17,4.185,4.145,4.16,2712800,NaN,NaN,NaN,NaN,NaN,NaN,NaN
1632272400,4.165,4.32,4.16,4.275,2300600,NaN,NaN,NaN,NaN,NaN,NaN,NaN
1632358800,4.31,4.515,4.31,4.4,5952400,NaN,NaN,NaN,NaN,NaN,NaN,NaN
1632445200,4.45,4.455,4.34,4.38,1594400,NaN,NaN,NaN,NaN,NaN,NaN,NaN
1632704400,4.39,4.535,4.39,4.4,2477800,NaN,NaN,NaN,NaN,NaN,NaN,NaN
1632790800,4.405,4.405,4.3,4.325,2654200,NaN,NaN,NaN,NaN,NaN,NaN,NaN
1632877200,4.225,4.325,4.205,4.275,1816600,NaN,NaN,NaN,NaN,NaN,NaN,NaN
1632963600,4.265,4.32,4.25,4.265,1705600,1613079110,2780122000,648755000,48077000,366356000,2131367000.0000002,1.17233294255569
1633050000,4.265,4.265,4.17,4.225,2530400,NaN,NaN,NaN,NaN,NaN,NaN,NaN
1633309200,4.225,4.255,4.175,4.2,1535000,NaN,NaN,NaN,NaN,NaN,NaN,NaN
1633395600,4.175,4.205,4.155,4.195,1552200,NaN,NaN,NaN,NaN,NaN,NaN,NaN
1633482000,4.22,4.23,4.15,4.15,998300,NaN,NaN,NaN,NaN,NaN,NaN,NaN
1633568400,4.2,4.23,4.12,4.15,3224500,NaN,NaN,NaN,NaN,NaN,NaN,NaN
1633654800,4.17,4.24,4.17,4.23,2026300,NaN,NaN,NaN,NaN,NaN,NaN,NaN
1633914000,4.23,4.25,4.15,4.19,2814400,NaN,NaN,NaN,NaN,NaN,NaN,NaN
1634000400,4.18,4.2,4.14,4.18,2018900,NaN,NaN,NaN,NaN,NaN,NaN,NaN
1634086800,4.17,4.17,4,4.03,6291100,NaN,NaN,NaN,NaN,NaN,NaN,NaN
1634173200,4.04,4.12,4.04,4.07,2618900,NaN,NaN,NaN,NaN,NaN,NaN,NaN
1634259600,4.1,4.11,4.05,4.08,2160400,NaN,NaN,NaN,NaN,NaN,NaN,NaN
1634518800,4.08,4.1,4.04,4.09,2306400,NaN,NaN,NaN,NaN,NaN,NaN,NaN
1634691600,4.1,4.15,4.07,4.12,3603400,NaN,NaN,NaN,NaN,NaN,NaN,NaN
1634778000,4.13,4.14,4.04,4.14,3206200,NaN,NaN,NaN,NaN,NaN,NaN,NaN
1634864400,4.12,4.19,4.06,4.08,1347300,NaN,NaN,NaN,NaN,NaN,NaN,NaN
1635123600,4.08,4.13,4.08,4.1,2573100,NaN,NaN,NaN,NaN,NaN,NaN,NaN
1635210000,4.1,4.16,4.09,4.14,2293000,NaN,NaN,NaN,NaN,NaN,NaN,NaN
1635296400,4.13,4.17,4.08,4.12,1905400,NaN,NaN,NaN,NaN,NaN,NaN,NaN
1635382800,4.14,4.3,4.13,4.19,4709800,NaN,NaN,NaN,NaN,NaN,NaN,NaN
1635469200,4.28,4.33,4.24,4.28,1630800,NaN,NaN,NaN,NaN,NaN,NaN,NaN
1635728400,4.2,4.31,4.18,4.22,1583300,NaN,NaN,NaN,NaN,NaN,NaN,NaN
1635814800,4.25,4.28,4.19,4.28,2659500,NaN,NaN,NaN,NaN,NaN,NaN,NaN
1635901200,4.29,4.29,4.15,4.16,2595400,NaN,NaN,NaN,NaN,NaN,NaN,NaN
1636074000,4.25,4.26,4.18,4.18,1575400,NaN,NaN,NaN,NaN,NaN,NaN,NaN
1636333200,4.19,4.23,4.14,4.2,1017400,NaN,NaN,NaN,NaN,NaN,NaN,NaN
1636419600,4.2,4.2,4.14,4.17,578500,NaN,NaN,NaN,NaN,NaN,NaN,NaN
1636506000,4.15,4.21,4.14,4.17,1108700,NaN,NaN,NaN,NaN,NaN,NaN,NaN
1636592400,4.15,4.15,4.08,4.1,664400,NaN,NaN,NaN,NaN,NaN,NaN,NaN
1636678800,4.1,4.22,4.1,4.22,676600,NaN,NaN,NaN,NaN,NaN,NaN,NaN
1636938000,4.22,4.23,4.15,4.17,833100,NaN,NaN,NaN,NaN,NaN,NaN,NaN
1637024400,4.17,4.19,4.14,4.17,599000,NaN,NaN,NaN,NaN,NaN,NaN,NaN
1637110800,4.19,4.19,4.13,4.17,1855700,NaN,NaN,NaN,NaN,NaN,NaN,NaN
1637197200,4.16,4.27,4.16,4.26,1381900,NaN,NaN,NaN,NaN,NaN,NaN,NaN
1637283600,4.28,4.44,4.28,4.42,2972600,NaN,NaN,NaN,NaN,NaN,NaN,NaN
1637542800,4.43,4.49,4.37,4.39,2201400,NaN,NaN,NaN,NaN,NaN,NaN,NaN
1637629200,4.38,4.44,4.35,4.35,1256100,NaN,NaN,NaN,NaN,NaN,NaN,NaN
1637715600,4.35,4.4,4.33,4.33,693600,NaN,NaN,NaN,NaN,NaN,NaN,NaN
1637802000,4.33,4.38,4.3,4.35,593600,NaN,NaN,NaN,NaN,NaN,NaN,NaN
1637888400,4.35,4.35,4.22,4.24,1602600,NaN,NaN,NaN,NaN,NaN,NaN,NaN
1638147600,4.19,4.28,4.09,4.15,2410600,NaN,NaN,NaN,NaN,NaN,NaN,NaN
1638234000,4.2,4.3,4.17,4.2,1221200,NaN,NaN,NaN,NaN,NaN,NaN,NaN
1638320400,4.2,4.22,4.05,4.18,2447500,NaN,NaN,NaN,NaN,NaN,NaN,NaN
1638406800,4.2,4.2,4.06,4.1,3937000,NaN,NaN,NaN,NaN,NaN,NaN,NaN
1638752400,4.06,4.1,4.03,4.04,1378100,NaN,NaN,NaN,NaN,NaN,NaN,NaN
1638838800,4.04,4.1,4.04,4.09,1340100,NaN,NaN,NaN,NaN,NaN,NaN,NaN
1638925200,4.15,4.2,4.09,4.1,685300,NaN,NaN,NaN,NaN,NaN,NaN,NaN
1639011600,4.15,4.16,4.12,4.14,958500,NaN,NaN,NaN,NaN,NaN,NaN,NaN
1639098000,4.13,4.13,4.06,4.13,731500,NaN,NaN,NaN,NaN,NaN,NaN,NaN
1639357200,4.13,4.14,4.06,4.06,420300,NaN,NaN,NaN,NaN,NaN,NaN,NaN
1639443600,4.05,4.06,4.03,4.05,642800,NaN,NaN,NaN,NaN,NaN,NaN,NaN
1639530000,4.05,4.06,4.03,4.04,399000,NaN,NaN,NaN,NaN,NaN,NaN,NaN
1639616400,4.05,4.1,4.03,4.05,1358600,NaN,NaN,NaN,NaN,NaN,NaN,NaN
1639702800,4.03,4.04,3.97,4,371200,NaN,NaN,NaN,NaN,NaN,NaN,NaN
1639962000,4,4.03,4,4.01,909200,NaN,NaN,NaN,NaN,NaN,NaN,NaN
1640048400,4,4.07,4,4.07,267700,NaN,NaN,NaN,NaN,NaN,NaN,NaN
1640134800,4.07,4.07,4.03,4.07,489800,NaN,NaN,NaN,NaN,NaN,NaN,NaN
1640221200,4.03,4.09,4.03,4.09,776700,NaN,NaN,NaN,NaN,NaN,NaN,NaN
1640307600,4.07,4.07,4.04,4.06,385100,NaN,NaN,NaN,NaN,NaN,NaN,NaN
1640566800,4.06,4.06,4.02,4.05,721800,NaN,NaN,NaN,NaN,NaN,NaN,NaN
1640653200,4.06,4.09,4.06,4.09,130400,NaN,NaN,NaN,NaN,NaN,NaN,NaN
1640739600,4.09,4.17,4.09,4.16,317200,NaN,NaN,NaN,NaN,NaN,NaN,NaN
1640826000,4.15,4.16,4.09,4.11,145500,NaN,NaN,NaN,NaN,NaN,NaN,NaN
1640912400,4.11,4.12,4.08,4.08,418100,1613078000,2782961000,616843000,62563000,426396000,2166118000,1.22549019607843
1641171600,4.08,4.15,4.05,4.14,319900,NaN,NaN,NaN,NaN,NaN,NaN,NaN
1641258000,4.14,4.16,4.08,4.08,915500,NaN,NaN,NaN,NaN,NaN,NaN,NaN
1641344400,4.08,4.1,4.07,4.09,632500,NaN,NaN,NaN,NaN,NaN,NaN,NaN
1641430800,4.08,4.08,4.02,4.05,2836000,NaN,NaN,NaN,NaN,NaN,NaN,NaN
1641517200,4.04,4.09,4.03,4.08,267300,NaN,NaN,NaN,NaN,NaN,NaN,NaN
1641776400,4.08,4.08,3.81,3.85,3485300,NaN,NaN,NaN,NaN,NaN,NaN,NaN
1641862800,3.85,3.91,3.62,3.69,5519900,NaN,NaN,NaN,NaN,NaN,NaN,NaN
1641949200,3.78,3.82,3.6,3.7,2724200,NaN,NaN,NaN,NaN,NaN,NaN,NaN
1642035600,3.7,3.7,3.54,3.58,5948900,NaN,NaN,NaN,NaN,NaN,NaN,NaN
1642122000,3.48,3.5,2.98,3.04,20114900,NaN,NaN,NaN,NaN,NaN,NaN,NaN
1642381200,3.06,3.33,3.03,3.2,9241300,NaN,NaN,NaN,NaN,NaN,NaN,NaN
1642554000,3.12,3.13,2.98,3.02,10450900,NaN,NaN,NaN,NaN,NaN,NaN,NaN
1642640400,3,3.15,3,3.09,9318700,NaN,NaN,NaN,NaN,NaN,NaN,NaN
1642726800,3.01,3.06,2.99,3.04,7629800,NaN,NaN,NaN,NaN,NaN,NaN,NaN
1642986000,2.98,3.13,2.98,3.08,4938200,NaN,NaN,NaN,NaN,NaN,NaN,NaN
1643072400,3.09,3.1,3.02,3.05,3341000,NaN,NaN,NaN,NaN,NaN,NaN,NaN
1643158800,3.05,3.13,3.04,3.12,4368600,NaN,NaN,NaN,NaN,NaN,NaN,NaN
1643245200,3.09,3.1,3.01,3.02,2319000,NaN,NaN,NaN,NaN,NaN,NaN,NaN
1643331600,3.02,3.08,3.02,3.03,960300,NaN,NaN,NaN,NaN,NaN,NaN,NaN
1643590800,3.07,3.12,3.05,3.1,1016200,NaN,NaN,NaN,NaN,NaN,NaN,NaN
1643850000,3.15,3.18,3.13,3.14,1155300,NaN,NaN,NaN,NaN,NaN,NaN,NaN
1643936400,3.1,3.13,3.07,3.09,1497700,NaN,NaN,NaN,NaN,NaN,NaN,NaN
1644195600,3.09,3.17,3.07,3.15,1515000,NaN,NaN,NaN,NaN,NaN,NaN,NaN
1644282000,3.16,3.16,3.1,3.15,2894800,NaN,NaN,NaN,NaN,NaN,NaN,NaN
1644368400,3.15,3.25,3.15,3.19,2229700,NaN,NaN,NaN,NaN,NaN,NaN,NaN
1644454800,3.22,3.32,3.21,3.22,2244000,NaN,NaN,NaN,NaN,NaN,NaN,NaN
1644541200,3.19,3.23,3.15,3.22,691400,NaN,NaN,NaN,NaN,NaN,NaN,NaN
1644800400,3.17,3.17,3.08,3.09,1483800,NaN,NaN,NaN,NaN,NaN,NaN,NaN
1644886800,3.09,3.14,3.08,3.13,914300,NaN,NaN,NaN,NaN,NaN,NaN,NaN
1644973200,3.16,3.18,3.13,3.15,1177300,NaN,NaN,NaN,NaN,NaN,NaN,NaN
1645059600,3.16,3.18,3.11,3.12,909600,NaN,NaN,NaN,NaN,NaN,NaN,NaN
1645146000,3.11,3.11,3.02,3.05,1805000,NaN,NaN,NaN,NaN,NaN,NaN,NaN
1645405200,3.02,3.04,2.92,2.92,4556100,NaN,NaN,NaN,NaN,NaN,NaN,NaN
1645491600,2.9,2.93,2.79,2.8,4667900,NaN,NaN,NaN,NaN,NaN,NaN,NaN
1645578000,2.8,2.97,2.8,2.94,3632600,NaN,NaN,NaN,NaN,NaN,NaN,NaN
1645664400,2.9,2.95,2.81,2.88,2057000,NaN,NaN,NaN,NaN,NaN,NaN,NaN
1645750800,2.94,3.03,2.93,2.93,1057500,NaN,NaN,NaN,NaN,NaN,NaN,NaN
1646010000,2.95,2.97,2.92,2.94,2232900,NaN,NaN,NaN,NaN,NaN,NaN,NaN
1646096400,2.99,2.99,2.88,2.89,1348900,NaN,NaN,NaN,NaN,NaN,NaN,NaN
1646182800,2.88,2.89,2.75,2.78,4195100,NaN,NaN,NaN,NaN,NaN,NaN,NaN
1646269200,2.79,2.85,2.76,2.8,3545500,NaN,NaN,NaN,NaN,NaN,NaN,NaN
1646355600,2.78,2.78,2.6,2.63,3025300,NaN,NaN,NaN,NaN,NaN,NaN,NaN
1646614800,2.6,2.6,2.44,2.46,4073000,NaN,NaN,NaN,NaN,NaN,NaN,NaN
1646701200,2.39,2.46,2.22,2.28,5984600,NaN,NaN,NaN,NaN,NaN,NaN,NaN
1646787600,2.3,2.58,2.3,2.57,2751600,NaN,NaN,NaN,NaN,NaN,NaN,NaN
1646874000,2.66,2.7,2.61,2.66,4179400,NaN,NaN,NaN,NaN,NaN,NaN,NaN
1646960400,2.6,2.81,2.56,2.76,2261400,NaN,NaN,NaN,NaN,NaN,NaN,NaN
1647219600,2.8,2.81,2.64,2.65,1843900,NaN,NaN,NaN,NaN,NaN,NaN,NaN
1647306000,2.62,2.68,2.56,2.56,1200800,NaN,NaN,NaN,NaN,NaN,NaN,NaN
1647392400,2.65,2.67,2.51,2.66,3944700,NaN,NaN,NaN,NaN,NaN,NaN,NaN
1647478800,2.75,3.01,2.75,3,7006500,NaN,NaN,NaN,NaN,NaN,NaN,NaN
1647565200,3.04,3.04,2.85,2.93,2607600,NaN,NaN,NaN,NaN,NaN,NaN,NaN
1647824400,2.95,3.07,2.94,3.07,3679300,NaN,NaN,NaN,NaN,NaN,NaN,NaN
1647910800,3.04,3.1,2.97,3.09,2128900,NaN,NaN,NaN,NaN,NaN,NaN,NaN
1647997200,3.15,3.29,3.14,3.25,6588200,NaN,NaN,NaN,NaN,NaN,NaN,NaN
1648083600,3.2,3.22,3.12,3.22,1117800,NaN,NaN,NaN,NaN,NaN,NaN,NaN
1648170000,3.28,3.35,3.27,3.34,2445000,NaN,NaN,NaN,NaN,NaN,NaN,NaN
1648429200,3.36,3.36,3.23,3.25,1043500,NaN,NaN,NaN,NaN,NaN,NaN,NaN
1648515600,3.28,3.29,3.11,3.19,1368500,NaN,NaN,NaN,NaN,NaN,NaN,NaN
1648602000,3.23,3.25,3.15,3.16,1113200,NaN,NaN,NaN,NaN,NaN,NaN,NaN
1648688400,3.15,3.19,3.11,3.14,436000,1613078000,2843587000,648070000,59848000,424445000,2195517000,1.91082802547771
1648774800,3.11,3.16,3.08,3.12,867800,NaN,NaN,NaN,NaN,NaN,NaN,NaN
1649034000,3.11,3.13,3.09,3.12,1141800,NaN,NaN,NaN,NaN,NaN,NaN,NaN
1649120400,3.15,3.23,3.15,3.21,3634100,NaN,NaN,NaN,NaN,NaN,NaN,NaN
1649206800,3.17,3.17,3.13,3.15,960800,NaN,NaN,NaN,NaN,NaN,NaN,NaN
1649293200,3.1,3.11,3.07,3.09,1115300,NaN,NaN,NaN,NaN,NaN,NaN,NaN
1649379600,3.1,3.13,3.05,3.07,775600,NaN,NaN,NaN,NaN,NaN,NaN,NaN
1649638800,3.05,3.05,2.9,2.9,2333000,NaN,NaN,NaN,NaN,NaN,NaN,NaN
1649725200,2.88,2.94,2.83,2.89,1198000,NaN,NaN,NaN,NaN,NaN,NaN,NaN
1649811600,2.9,2.96,2.88,2.9,1119500,NaN,NaN,NaN,NaN,NaN,NaN,NaN
1649898000,2.95,2.96,2.89,2.9,777000,NaN,NaN,NaN,NaN,NaN,NaN,NaN
1649984400,2.89,2.89,2.83,2.85,1008200,NaN,NaN,NaN,NaN,NaN,NaN,NaN
1650243600,2.83,2.85,2.81,2.85,325800,NaN,NaN,NaN,NaN,NaN,NaN,NaN
1650416400,2.85,2.9,2.82,2.83,894000,NaN,NaN,NaN,NaN,NaN,NaN,NaN
1650502800,2.85,2.88,2.81,2.85,400200,NaN,NaN,NaN,NaN,NaN,NaN,NaN
1650589200,2.84,2.84,2.79,2.8,1387600,NaN,NaN,NaN,NaN,NaN,NaN,NaN
1650848400,2.77,2.78,2.68,2.78,1306300,NaN,NaN,NaN,NaN,NaN,NaN,NaN
1650934800,2.77,2.82,2.76,2.81,711900,NaN,NaN,NaN,NaN,NaN,NaN,NaN
1651021200,2.74,2.8,2.69,2.76,930700,NaN,NaN,NaN,NaN,NaN,NaN,NaN
1651107600,2.76,2.9,2.76,2.87,1584800,NaN,NaN,NaN,NaN,NaN,NaN,NaN
1651194000,2.89,2.91,2.85,2.91,698900,NaN,NaN,NaN,NaN,NaN,NaN,NaN
1651712400,2.95,2.95,2.81,2.81,345200,NaN,NaN,NaN,NaN,NaN,NaN,NaN
1651798800,2.75,2.76,2.71,2.72,820300,NaN,NaN,NaN,NaN,NaN,NaN,NaN
1652058000,2.71,2.71,2.63,2.68,1356200,NaN,NaN,NaN,NaN,NaN,NaN,NaN
1652144400,2.65,2.77,2.65,2.77,918400,NaN,NaN,NaN,NaN,NaN,NaN,NaN
1652230800,2.72,2.83,2.68,2.72,976600,NaN,NaN,NaN,NaN,NaN,NaN,NaN
1652317200,2.72,2.78,2.7,2.7,679500,NaN,NaN,NaN,NaN,NaN,NaN,NaN
1652403600,2.71,2.88,2.71,2.87,739300,NaN,NaN,NaN,NaN,NaN,NaN,NaN
1652749200,2.91,2.93,2.83,2.9,706600,NaN,NaN,NaN,NaN,NaN,NaN,NaN
1652835600,2.92,2.93,2.87,2.9,672600,NaN,NaN,NaN,NaN,NaN,NaN,NaN
1652922000,2.85,2.88,2.8,2.84,554700,NaN,NaN,NaN,NaN,NaN,NaN,NaN
1653008400,2.87,2.9,2.82,2.82,565000,NaN,NaN,NaN,NaN,NaN,NaN,NaN
1653267600,2.84,2.88,2.84,2.87,352500,NaN,NaN,NaN,NaN,NaN,NaN,NaN
1653354000,2.88,2.88,2.81,2.86,339100,NaN,NaN,NaN,NaN,NaN,NaN,NaN
1653440400,2.86,2.87,2.74,2.8,248500,NaN,NaN,NaN,NaN,NaN,NaN,NaN
1653526800,2.81,2.86,2.81,2.86,173500,NaN,NaN,NaN,NaN,NaN,NaN,NaN
1653613200,2.87,2.87,2.79,2.8,189500,NaN,NaN,NaN,NaN,NaN,NaN,NaN
1653872400,2.83,2.87,2.81,2.87,190800,NaN,NaN,NaN,NaN,NaN,NaN,NaN
1653958800,2.87,2.88,2.75,2.75,914300,NaN,NaN,NaN,NaN,NaN,NaN,NaN
1654045200,2.79,2.84,2.79,2.82,353600,NaN,NaN,NaN,NaN,NaN,NaN,NaN
1654131600,2.81,2.84,2.8,2.81,143800,NaN,NaN,NaN,NaN,NaN,NaN,NaN
1654218000,2.82,2.92,2.82,2.92,950900,NaN,NaN,NaN,NaN,NaN,NaN,NaN
1654563600,2.92,2.92,2.83,2.91,282800,NaN,NaN,NaN,NaN,NaN,NaN,NaN
1654650000,2.92,2.97,2.84,2.92,637200,NaN,NaN,NaN,NaN,NaN,NaN,NaN
1654736400,2.91,2.91,2.83,2.84,332500,NaN,NaN,NaN,NaN,NaN,NaN,NaN
1654822800,2.81,2.83,2.77,2.8,305000,NaN,NaN,NaN,NaN,NaN,NaN,NaN
1655082000,2.75,2.75,2.64,2.64,828300,NaN,NaN,NaN,NaN,NaN,NaN,NaN
1655168400,2.61,2.7,2.6,2.66,444200,NaN,NaN,NaN,NaN,NaN,NaN,NaN
1655254800,2.65,2.65,2.57,2.6,371700,NaN,NaN,NaN,NaN,NaN,NaN,NaN
1655341200,2.64,2.66,2.56,2.59,367500,NaN,NaN,NaN,NaN,NaN,NaN,NaN
1655427600,2.55,2.58,2.53,2.58,307500,NaN,NaN,NaN,NaN,NaN,NaN,NaN
1655686800,2.53,2.53,2.39,2.4,1561700,NaN,NaN,NaN,NaN,NaN,NaN,NaN
1655773200,2.44,2.45,2.41,2.41,1867100,NaN,NaN,NaN,NaN,NaN,NaN,NaN
1655859600,2.42,2.43,2.26,2.29,1790800,NaN,NaN,NaN,NaN,NaN,NaN,NaN
1655946000,2.29,2.3,2.15,2.15,3511500,NaN,NaN,NaN,NaN,NaN,NaN,NaN
1656032400,2.18,2.33,2.18,2.32,2485500,NaN,NaN,NaN,NaN,NaN,NaN,NaN
1656291600,2.36,2.42,2.35,2.41,1266000,NaN,NaN,NaN,NaN,NaN,NaN,NaN
1656378000,2.41,2.41,2.31,2.36,978000,NaN,NaN,NaN,NaN,NaN,NaN,NaN
1656464400,2.32,2.37,2.29,2.32,929200,NaN,NaN,NaN,NaN,NaN,NaN,NaN
1656550800,2.32,2.35,2.29,2.3,1831500,1613078000,3039048000,647140000,82856000,464060000,2391908000,2.60869565217391
1656637200,2.31,2.34,2.29,2.31,247300,NaN,NaN,NaN,NaN,NaN,NaN,NaN
1656896400,2.33,2.33,2.1,2.16,1589400,NaN,NaN,NaN,NaN,NaN,NaN,NaN
1656982800,2.15,2.19,2.07,2.1,2000600,NaN,NaN,NaN,NaN,NaN,NaN,NaN
1657069200,2.11,2.17,2.1,2.14,728300,NaN,NaN,NaN,NaN,NaN,NaN,NaN
1657155600,2.14,2.16,2.09,2.15,450700,NaN,NaN,NaN,NaN,NaN,NaN,NaN
1657242000,2.18,2.28,2.18,2.26,996600,NaN,NaN,NaN,NaN,NaN,NaN,NaN
1657587600,2.21,2.26,2.19,2.26,383500,NaN,NaN,NaN,NaN,NaN,NaN,NaN
1657674000,2.26,2.29,2.19,2.28,485900,NaN,NaN,NaN,NaN,NaN,NaN,NaN
1657760400,2.28,2.32,2.26,2.29,433300,NaN,NaN,NaN,NaN,NaN,NaN,NaN
1657846800,2.3,2.38,2.28,2.32,733800,NaN,NaN,NaN,NaN,NaN,NaN,NaN
1658106000,2.34,2.41,2.31,2.39,737000,NaN,NaN,NaN,NaN,NaN,NaN,NaN
1658192400,2.35,2.45,2.34,2.43,1016300,NaN,NaN,NaN,NaN,NaN,NaN,NaN
1658278800,2.48,2.51,2.42,2.46,1590900,NaN,NaN,NaN,NaN,NaN,NaN,NaN
1658365200,2.48,2.5,2.43,2.49,459100,NaN,NaN,NaN,NaN,NaN,NaN,NaN
1658451600,2.48,2.52,2.45,2.5,631500,NaN,NaN,NaN,NaN,NaN,NaN,NaN
1658710800,2.47,2.49,2.42,2.45,401400,NaN,NaN,NaN,NaN,NaN,NaN,NaN
1658797200,2.44,2.48,2.43,2.48,212100,NaN,NaN,NaN,NaN,NaN,NaN,NaN
1658883600,2.48,2.55,2.45,2.53,900200,NaN,NaN,NaN,NaN,NaN,NaN,NaN
1658970000,2.57,2.83,2.57,2.76,3050400,NaN,NaN,NaN,NaN,NaN,NaN,NaN
1659056400,2.83,3.02,2.83,3,6947400,NaN,NaN,NaN,NaN,NaN,NaN,NaN
1659315600,3.08,3.1,2.96,2.99,3095500,NaN,NaN,NaN,NaN,NaN,NaN,NaN
1659402000,2.99,3.02,2.91,2.92,3077200,NaN,NaN,NaN,NaN,NaN,NaN,NaN
1659488400,2.9,3.04,2.9,2.99,2518500,NaN,NaN,NaN,NaN,NaN,NaN,NaN
1659574800,3.05,3.12,3.02,3.05,3660100,NaN,NaN,NaN,NaN,NaN,NaN,NaN
1659661200,3.06,3.08,3,3.07,1862200,NaN,NaN,NaN,NaN,NaN,NaN,NaN
1659920400,3.06,3.06,3.01,3.02,1133900,NaN,NaN,NaN,NaN,NaN,NaN,NaN
1660006800,3.02,3.05,2.96,2.96,841000,NaN,NaN,NaN,NaN,NaN,NaN,NaN
1660093200,2.93,2.93,2.8,2.84,2079600,NaN,NaN,NaN,NaN,NaN,NaN,NaN
1660179600,2.93,3.02,2.93,2.98,3140500,NaN,NaN,NaN,NaN,NaN,NaN,NaN
1660266000,2.98,3.02,2.95,3.01,863000,NaN,NaN,NaN,NaN,NaN,NaN,NaN
1660525200,3.05,3.1,3.01,3.01,1124800,NaN,NaN,NaN,NaN,NaN,NaN,NaN
1660611600,3.01,3.05,2.98,3.03,871000,NaN,NaN,NaN,NaN,NaN,NaN,NaN
1660698000,3.02,3.03,2.96,2.99,1040800,NaN,NaN,NaN,NaN,NaN,NaN,NaN
1660784400,2.97,3.03,2.93,3.03,1174700,NaN,NaN,NaN,NaN,NaN,NaN,NaN
1660870800,3.02,3.08,2.99,3.01,628200,NaN,NaN,NaN,NaN,NaN,NaN,NaN
1661130000,3,3,2.9,2.93,650100,NaN,NaN,NaN,NaN,NaN,NaN,NaN
1661216400,2.9,2.9,2.82,2.87,1327100,NaN,NaN,NaN,NaN,NaN,NaN,NaN
1661302800,2.85,2.87,2.81,2.83,446100,NaN,NaN,NaN,NaN,NaN,NaN,NaN
1661389200,2.84,2.91,2.82,2.9,1505800,NaN,NaN,NaN,NaN,NaN,NaN,NaN
1661475600,2.92,2.94,2.88,2.92,842100,NaN,NaN,NaN,NaN,NaN,NaN,NaN
1661734800,2.78,2.85,2.76,2.84,1214900,NaN,NaN,NaN,NaN,NaN,NaN,NaN
1661821200,2.83,2.86,2.62,2.76,4264600,NaN,NaN,NaN,NaN,NaN,NaN,NaN
1661994000,2.7,2.7,2.62,2.62,2228600,NaN,NaN,NaN,NaN,NaN,NaN,NaN
1662080400,2.64,2.64,2.56,2.57,1765300,NaN,NaN,NaN,NaN,NaN,NaN,NaN
1662339600,2.56,2.57,2.53,2.55,1127700,NaN,NaN,NaN,NaN,NaN,NaN,NaN
1662426000,2.55,2.62,2.55,2.6,1521600,NaN,NaN,NaN,NaN,NaN,NaN,NaN
1662512400,2.59,2.6,2.55,2.56,407700,NaN,NaN,NaN,NaN,NaN,NaN,NaN
1662598800,2.61,2.64,2.58,2.59,548300,NaN,NaN,NaN,NaN,NaN,NaN,NaN
1662685200,2.61,2.65,2.6,2.63,614400,NaN,NaN,NaN,NaN,NaN,NaN,NaN
1662944400,2.67,2.71,2.65,2.7,1106300,NaN,NaN,NaN,NaN,NaN,NaN,NaN
1663030800,2.72,2.78,2.66,2.76,1433300,NaN,NaN,NaN,NaN,NaN,NaN,NaN
1663117200,2.6,2.88,2.59,2.69,2549200,NaN,NaN,NaN,NaN,NaN,NaN,NaN
1663203600,2.71,2.72,2.65,2.66,325500,NaN,NaN,NaN,NaN,NaN,NaN,NaN
1663549200,2.63,2.65,2.61,2.61,401900,NaN,NaN,NaN,NaN,NaN,NaN,NaN
1663635600,2.68,2.68,2.63,2.65,323200,NaN,NaN,NaN,NaN,NaN,NaN,NaN
1663722000,2.62,2.67,2.61,2.65,421400,NaN,NaN,NaN,NaN,NaN,NaN,NaN
1663808400,2.62,2.69,2.61,2.68,267100,NaN,NaN,NaN,NaN,NaN,NaN,NaN
1663894800,2.65,2.67,2.64,2.64,203000,NaN,NaN,NaN,NaN,NaN,NaN,NaN
1664154000,2.62,2.67,2.56,2.63,691800,NaN,NaN,NaN,NaN,NaN,NaN,NaN
1664240400,2.64,2.66,2.63,2.63,208800,NaN,NaN,NaN,NaN,NaN,NaN,NaN
1664326800,2.61,2.63,2.57,2.63,848400,NaN,NaN,NaN,NaN,NaN,NaN,NaN
1664413200,2.68,2.68,2.48,2.5,1207100,NaN,NaN,NaN,NaN,NaN,NaN,NaN
1664499600,2.49,2.6,2.46,2.6,913500,1613078000,3045348000,635446000,66242999.99999999,439686000,2409902000,2.30769230769231
1664758800,2.58,2.59,2.58,2.58,186800,NaN,NaN,NaN,NaN,NaN,NaN,NaN
1664845200,2.61,2.61,2.58,2.61,283100,NaN,NaN,NaN,NaN,NaN,NaN,NaN
1664931600,2.62,2.64,2.58,2.6,705100,NaN,NaN,NaN,NaN,NaN,NaN,NaN
1665018000,2.56,2.61,2.55,2.56,315500,NaN,NaN,NaN,NaN,NaN,NaN,NaN
1665104400,2.57,2.58,2.51,2.51,317700,NaN,NaN,NaN,NaN,NaN,NaN,NaN
1665450000,2.51,2.52,2.43,2.45,1158800,NaN,NaN,NaN,NaN,NaN,NaN,NaN
1665536400,2.48,2.48,2.32,2.35,1097200,NaN,NaN,NaN,NaN,NaN,NaN,NaN
1665622800,2.33,2.39,2.33,2.35,1437100,NaN,NaN,NaN,NaN,NaN,NaN,NaN
1665709200,2.38,2.43,2.36,2.41,746700,NaN,NaN,NaN,NaN,NaN,NaN,NaN
1665968400,2.38,2.53,2.36,2.48,2090000,NaN,NaN,NaN,NaN,NaN,NaN,NaN
1666054800,2.54,2.54,2.44,2.46,1161400,NaN,NaN,NaN,NaN,NaN,NaN,NaN
1666141200,2.46,2.46,2.34,2.35,1229200,NaN,NaN,NaN,NaN,NaN,NaN,NaN
1666227600,2.35,2.4,2.29,2.38,1950700,NaN,NaN,NaN,NaN,NaN,NaN,NaN
1666314000,2.37,2.38,2.33,2.36,710400,NaN,NaN,NaN,NaN,NaN,NaN,NaN
1666659600,2.38,2.43,2.33,2.42,1108800,NaN,NaN,NaN,NaN,NaN,NaN,NaN
1666746000,2.42,2.48,2.4,2.42,833400,NaN,NaN,NaN,NaN,NaN,NaN,NaN
1666832400,2.48,2.48,2.37,2.44,533700,NaN,NaN,NaN,NaN,NaN,NaN,NaN
1666918800,2.45,2.52,2.45,2.52,1682800,NaN,NaN,NaN,NaN,NaN,NaN,NaN
1667178000,2.53,2.67,2.52,2.65,1813200,NaN,NaN,NaN,NaN,NaN,NaN,NaN
1667264400,2.64,2.71,2.6,2.67,1508800,NaN,NaN,NaN,NaN,NaN,NaN,NaN
1667350800,2.67,2.73,2.67,2.67,1585100,NaN,NaN,NaN,NaN,NaN,NaN,NaN
1667437200,2.67,2.78,2.65,2.78,1665600,NaN,NaN,NaN,NaN,NaN,NaN,NaN
1667523600,2.77,2.8,2.68,2.7,1773500,NaN,NaN,NaN,NaN,NaN,NaN,NaN
1667782800,2.7,2.72,2.67,2.69,2072000,NaN,NaN,NaN,NaN,NaN,NaN,NaN
1667869200,2.69,2.7,2.65,2.67,553600,NaN,NaN,NaN,NaN,NaN,NaN,NaN
1667955600,2.66,2.66,2.54,2.63,591800,NaN,NaN,NaN,NaN,NaN,NaN,NaN
1668042000,2.56,2.56,2.48,2.48,543300,NaN,NaN,NaN,NaN,NaN,NaN,NaN
1668128400,2.59,2.68,2.59,2.64,1967900,NaN,NaN,NaN,NaN,NaN,NaN,NaN
1668387600,2.65,2.66,2.6,2.61,358300,NaN,NaN,NaN,NaN,NaN,NaN,NaN
1668474000,2.63,2.65,2.58,2.61,738200,NaN,NaN,NaN,NaN,NaN,NaN,NaN
1668560400,2.62,2.62,2.54,2.57,3514200,NaN,NaN,NaN,NaN,NaN,NaN,NaN
1668646800,2.61,2.62,2.56,2.61,1056800,NaN,NaN,NaN,NaN,NaN,NaN,NaN
1668992400,2.58,2.63,2.58,2.6,1682200,NaN,NaN,NaN,NaN,NaN,NaN,NaN
1669078800,2.59,2.63,2.59,2.61,481500,NaN,NaN,NaN,NaN,NaN,NaN,NaN
1669165200,2.62,2.69,2.61,2.68,766900,NaN,NaN,NaN,NaN,NaN,NaN,NaN
1669251600,2.7,2.9,2.7,2.78,1671100,NaN,NaN,NaN,NaN,NaN,NaN,NaN
1669338000,2.83,2.84,2.68,2.7,367100,NaN,NaN,NaN,NaN,NaN,NaN,NaN
1669683600,2.68,2.69,2.64,2.68,430000,NaN,NaN,NaN,NaN,NaN,NaN,NaN
1669770000,2.67,2.7,2.66,2.7,2728800,NaN,NaN,NaN,NaN,NaN,NaN,NaN
1669856400,2.72,2.98,2.72,2.93,8588000,NaN,NaN,NaN,NaN,NaN,NaN,NaN
1669942800,2.93,2.99,2.84,2.9,2304300,NaN,NaN,NaN,NaN,NaN,NaN,NaN
1670202000,2.92,2.92,2.87,2.89,581900,NaN,NaN,NaN,NaN,NaN,NaN,NaN
1670288400,2.88,2.9,2.84,2.88,1097300,NaN,NaN,NaN,NaN,NaN,NaN,NaN
1670374800,2.88,2.88,2.76,2.8,1311200,NaN,NaN,NaN,NaN,NaN,NaN,NaN
1670461200,2.78,2.82,2.77,2.78,246700,NaN,NaN,NaN,NaN,NaN,NaN,NaN
1670547600,2.8,2.92,2.78,2.89,949400,NaN,NaN,NaN,NaN,NaN,NaN,NaN
1670806800,2.88,2.89,2.83,2.87,956600,NaN,NaN,NaN,NaN,NaN,NaN,NaN
1670893200,2.87,2.92,2.87,2.9,2436400,NaN,NaN,NaN,NaN,NaN,NaN,NaN
1670979600,2.93,2.99,2.93,2.97,731700,NaN,NaN,NaN,NaN,NaN,NaN,NaN
1671066000,2.99,2.99,2.86,2.87,312300,NaN,NaN,NaN,NaN,NaN,NaN,NaN
1671152400,2.86,2.87,2.81,2.83,287100,NaN,NaN,NaN,NaN,NaN,NaN,NaN
1671411600,2.83,2.88,2.83,2.84,430500,NaN,NaN,NaN,NaN,NaN,NaN,NaN
1671498000,2.84,2.84,2.76,2.78,509800,NaN,NaN,NaN,NaN,NaN,NaN,NaN
1671584400,2.77,2.79,2.67,2.68,378700,NaN,NaN,NaN,NaN,NaN,NaN,NaN
1671670800,2.7,2.73,2.64,2.69,1507900,NaN,NaN,NaN,NaN,NaN,NaN,NaN
1671757200,2.65,2.74,2.65,2.74,253600,NaN,NaN,NaN,NaN,NaN,NaN,NaN
1672102800,2.7,2.74,2.7,2.72,201800,NaN,NaN,NaN,NaN,NaN,NaN,NaN
1672189200,2.73,2.73,2.66,2.67,150300,NaN,NaN,NaN,NaN,NaN,NaN,NaN
1672275600,2.69,2.74,2.67,2.73,308900,NaN,NaN,NaN,NaN,NaN,NaN,NaN
1672362000,2.74,2.79,2.74,2.76,395800,1613079110,3018809000,602403000,77214000,453647000,2416406000,2.17391304347826
1672707600,2.75,2.76,2.69,2.7,276400,NaN,NaN,NaN,NaN,NaN,NaN,NaN
1672794000,2.68,2.77,2.68,2.77,117400,NaN,NaN,NaN,NaN,NaN,NaN,NaN
1672880400,2.79,2.79,2.74,2.76,445200,NaN,NaN,NaN,NaN,NaN,NaN,NaN
1672966800,2.77,2.77,2.7,2.71,383900,NaN,NaN,NaN,NaN,NaN,NaN,NaN
1673226000,2.74,2.8,2.73,2.8,737400,NaN,NaN,NaN,NaN,NaN,NaN,NaN
1673312400,2.81,2.84,2.78,2.8,301800,NaN,NaN,NaN,NaN,NaN,NaN,NaN
1673398800,2.81,2.83,2.8,2.81,845800,NaN,NaN,NaN,NaN,NaN,NaN,NaN
1673485200,2.82,2.93,2.82,2.92,1390400,NaN,NaN,NaN,NaN,NaN,NaN,NaN
1673571600,2.93,2.95,2.92,2.95,3801000,NaN,NaN,NaN,NaN,NaN,NaN,NaN
1673830800,2.95,3.03,2.94,3.03,1670100,NaN,NaN,NaN,NaN,NaN,NaN,NaN
1673917200,3.03,3.03,2.94,2.96,959000,NaN,NaN,NaN,NaN,NaN,NaN,NaN
1674003600,2.97,3.05,2.97,3.05,1397600,NaN,NaN,NaN,NaN,NaN,NaN,NaN
1674090000,3.05,3.1,3.01,3.08,1108400,NaN,NaN,NaN,NaN,NaN,NaN,NaN
1674176400,3.08,3.15,3.08,3.11,1164500,NaN,NaN,NaN,NaN,NaN,NaN,NaN
1674608400,3.12,3.18,3.06,3.09,772700,NaN,NaN,NaN,NaN,NaN,NaN,NaN
1674694800,3.11,3.12,3.08,3.09,1232200,NaN,NaN,NaN,NaN,NaN,NaN,NaN
1674781200,3.1,3.16,3.1,3.12,2322200,NaN,NaN,NaN,NaN,NaN,NaN,NaN
1675040400,3.14,3.2,3.14,3.19,2597800,NaN,NaN,NaN,NaN,NaN,NaN,NaN
1675126800,3.18,3.19,3.13,3.15,755600,NaN,NaN,NaN,NaN,NaN,NaN,NaN
1675299600,3.15,3.28,3.15,3.28,1861100,NaN,NaN,NaN,NaN,NaN,NaN,NaN
1675386000,3.28,3.3,3.16,3.19,605500,NaN,NaN,NaN,NaN,NaN,NaN,NaN
1675731600,3.17,3.18,3.09,3.12,344500,NaN,NaN,NaN,NaN,NaN,NaN,NaN
1675818000,3.14,3.28,3.13,3.25,1687600,NaN,NaN,NaN,NaN,NaN,NaN,NaN
1675904400,3.2,3.25,3.2,3.25,755700,NaN,NaN,NaN,NaN,NaN,NaN,NaN
1675990800,3.23,3.23,3.18,3.21,314300,NaN,NaN,NaN,NaN,NaN,NaN,NaN
1676250000,3.2,3.27,3.18,3.27,1801000,NaN,NaN,NaN,NaN,NaN,NaN,NaN
1676336400,3.25,3.26,3.18,3.23,698800,NaN,NaN,NaN,NaN,NaN,NaN,NaN
1676422800,3.18,3.22,3.17,3.2,135400,NaN,NaN,NaN,NaN,NaN,NaN,NaN
1676509200,3.2,3.21,3.16,3.2,560300,NaN,NaN,NaN,NaN,NaN,NaN,NaN
1676595600,3.15,3.17,2.89,2.9,6225900,NaN,NaN,NaN,NaN,NaN,NaN,NaN
1676854800,2.88,2.99,2.78,2.91,4745000,NaN,NaN,NaN,NaN,NaN,NaN,NaN
1676941200,2.89,2.9,2.85,2.88,566800,NaN,NaN,NaN,NaN,NaN,NaN,NaN
1677027600,2.83,2.89,2.83,2.88,1169200,NaN,NaN,NaN,NaN,NaN,NaN,NaN
1677114000,2.89,3.23,2.84,3.14,4436300,NaN,NaN,NaN,NaN,NaN,NaN,NaN
1677200400,3.13,3.18,3.05,3.13,5303500,NaN,NaN,NaN,NaN,NaN,NaN,NaN
1677459600,3.13,3.13,3,3.02,900300,NaN,NaN,NaN,NaN,NaN,NaN,NaN
1677546000,3.03,3.06,2.96,2.96,285600,NaN,NaN,NaN,NaN,NaN,NaN,NaN
1677632400,2.98,3.15,2.96,3.09,940000,NaN,NaN,NaN,NaN,NaN,NaN,NaN
1677718800,3.08,3.14,3.08,3.12,865200,NaN,NaN,NaN,NaN,NaN,NaN,NaN
1677805200,3.1,3.15,3.03,3.06,459600,NaN,NaN,NaN,NaN,NaN,NaN,NaN
1678064400,3.06,3.13,3.06,3.08,984400,NaN,NaN,NaN,NaN,NaN,NaN,NaN
1678150800,3.14,3.14,3.02,3.02,127600,NaN,NaN,NaN,NaN,NaN,NaN,NaN
1678237200,3.02,3.09,3.02,3.02,133400,NaN,NaN,NaN,NaN,NaN,NaN,NaN
1678323600,3.02,3.07,2.99,2.99,248800,NaN,NaN,NaN,NaN,NaN,NaN,NaN
1678410000,2.99,3.03,2.98,3.02,693500,NaN,NaN,NaN,NaN,NaN,NaN,NaN
1678669200,2.98,3.03,2.97,3.02,777400,NaN,NaN,NaN,NaN,NaN,NaN,NaN
1678755600,3,3.02,2.99,3,2111500,NaN,NaN,NaN,NaN,NaN,NaN,NaN
1678842000,3.01,3.07,3.01,3.03,173500,NaN,NaN,NaN,NaN,NaN,NaN,NaN
1678928400,3.01,3.03,3,3.01,267600,NaN,NaN,NaN,NaN,NaN,NaN,NaN
1679014800,3.03,3.11,3.02,3.06,494600,NaN,NaN,NaN,NaN,NaN,NaN,NaN
1679274000,3.06,3.12,3.06,3.1,378900,NaN,NaN,NaN,NaN,NaN,NaN,NaN
1679360400,3.12,3.17,3.06,3.1,291900,NaN,NaN,NaN,NaN,NaN,NaN,NaN
1679446800,3.12,3.14,3.07,3.08,487200,NaN,NaN,NaN,NaN,NaN,NaN,NaN
1679533200,3.07,3.12,3.05,3.09,184300,NaN,NaN,NaN,NaN,NaN,NaN,NaN
1679619600,3.1,3.14,3.07,3.1,119300,NaN,NaN,NaN,NaN,NaN,NaN,NaN
1679878800,3.13,3.13,2.99,3,753900,NaN,NaN,NaN,NaN,NaN,NaN,NaN
1679965200,3,3.05,2.99,2.99,701000,NaN,NaN,NaN,NaN,NaN,NaN,NaN
1680051600,2.99,3.07,2.99,3.07,136000,NaN,NaN,NaN,NaN,NaN,NaN,NaN
1680138000,3.09,3.11,3.07,3.09,193300,NaN,NaN,NaN,NaN,NaN,NaN,NaN
1680224400,3.11,3.11,3.09,3.1,257500,1613079110,2906753000,500735000,17711000,354047000,2406018000,1.93548387096774
1680483600,3.11,3.19,3.11,3.19,1300900,NaN,NaN,NaN,NaN,NaN,NaN,NaN
1680570000,3.2,3.2,3.18,3.19,1306800,NaN,NaN,NaN,NaN,NaN,NaN,NaN
1680656400,3.19,3.28,3.18,3.26,829700,NaN,NaN,NaN,NaN,NaN,NaN,NaN
1680742800,3.27,3.27,3.12,3.14,382700,NaN,NaN,NaN,NaN,NaN,NaN,NaN
1680829200,3.17,3.21,3.13,3.13,688800,NaN,NaN,NaN,NaN,NaN,NaN,NaN
1681088400,3.1,3.19,3.1,3.12,494900,NaN,NaN,NaN,NaN,NaN,NaN,NaN
1681174800,3.13,3.16,3.08,3.1,771600,NaN,NaN,NaN,NaN,NaN,NaN,NaN
1681261200,3.08,3.11,3.05,3.06,328800,NaN,NaN,NaN,NaN,NaN,NaN,NaN
1681347600,3.06,3.08,3.03,3.05,236000,NaN,NaN,NaN,NaN,NaN,NaN,NaN
1681434000,3.08,3.09,3.02,3.03,508900,NaN,NaN,NaN,NaN,NaN,NaN,NaN
1681693200,3.02,3.07,3.01,3.07,1725300,NaN,NaN,NaN,NaN,NaN,NaN,NaN
1681779600,3.07,3.11,3.01,3.02,1689000,NaN,NaN,NaN,NaN,NaN,NaN,NaN
1681866000,3.01,3.06,3,3,1216100,NaN,NaN,NaN,NaN,NaN,NaN,NaN
1681952400,3.01,3.23,3.01,3.06,3022500,NaN,NaN,NaN,NaN,NaN,NaN,NaN
1682384400,3.1,3.1,2.99,2.99,903200,NaN,NaN,NaN,NaN,NaN,NaN,NaN
1682470800,2.99,3.03,2.94,3,1130300,NaN,NaN,NaN,NaN,NaN,NaN,NaN
1682557200,3,3.06,2.76,2.92,19131900,NaN,NaN,NaN,NaN,NaN,NaN,NaN
1682643600,2.9,3,2.9,2.99,1320500,NaN,NaN,NaN,NaN,NaN,NaN,NaN
1682989200,2.95,2.95,2.92,2.93,677200,NaN,NaN,NaN,NaN,NaN,NaN,NaN
1683075600,2.91,2.91,2.86,2.88,950300,NaN,NaN,NaN,NaN,NaN,NaN,NaN
1683248400,2.86,2.87,2.8,2.8,420000,NaN,NaN,NaN,NaN,NaN,NaN,NaN
1683507600,2.8,2.86,2.8,2.84,143500,NaN,NaN,NaN,NaN,NaN,NaN,NaN
1683594000,2.83,2.85,2.82,2.84,112900,NaN,NaN,NaN,NaN,NaN,NaN,NaN
1683680400,2.84,2.84,2.82,2.83,89900,NaN,NaN,NaN,NaN,NaN,NaN,NaN
1683766800,2.83,2.85,2.8,2.84,165500,NaN,NaN,NaN,NaN,NaN,NaN,NaN
1683853200,2.86,2.86,2.8,2.82,371200,NaN,NaN,NaN,NaN,NaN,NaN,NaN
1684112400,2.82,2.82,2.77,2.79,463300,NaN,NaN,NaN,NaN,NaN,NaN,NaN
1684198800,2.77,2.8,2.75,2.8,270700,NaN,NaN,NaN,NaN,NaN,NaN,NaN
1684285200,2.79,2.87,2.79,2.87,207000,NaN,NaN,NaN,NaN,NaN,NaN,NaN
1684371600,2.87,2.92,2.87,2.91,478500,NaN,NaN,NaN,NaN,NaN,NaN,NaN
1684458000,2.91,2.92,2.88,2.9,388000,NaN,NaN,NaN,NaN,NaN,NaN,NaN
1684717200,2.91,2.91,2.86,2.9,397300,NaN,NaN,NaN,NaN,NaN,NaN,NaN
1684803600,2.9,2.9,2.78,2.8,500500,NaN,NaN,NaN,NaN,NaN,NaN,NaN
1684890000,2.8,2.84,2.78,2.8,489900,NaN,NaN,NaN,NaN,NaN,NaN,NaN
1684976400,2.81,2.88,2.81,2.86,201500,NaN,NaN,NaN,NaN,NaN,NaN,NaN
1685062800,2.84,2.98,2.83,2.95,938200,NaN,NaN,NaN,NaN,NaN,NaN,NaN
1685322000,2.98,3.02,2.96,2.99,953600,NaN,NaN,NaN,NaN,NaN,NaN,NaN
1685408400,2.99,3,2.97,2.99,568400,NaN,NaN,NaN,NaN,NaN,NaN,NaN
1685494800,3,3.12,2.99,3.12,1842600,NaN,NaN,NaN,NaN,NaN,NaN,NaN
1685581200,3.15,3.15,3.05,3.06,327700,NaN,NaN,NaN,NaN,NaN,NaN,NaN
1685667600,3.06,3.06,3.02,3.05,286200,NaN,NaN,NaN,NaN,NaN,NaN,NaN
1686013200,3.02,3.06,3.02,3.05,633600,NaN,NaN,NaN,NaN,NaN,NaN,NaN
1686099600,3.04,3.05,2.94,2.94,542900,NaN,NaN,NaN,NaN,NaN,NaN,NaN
1686186000,2.94,3.04,2.93,2.97,638900,NaN,NaN,NaN,NaN,NaN,NaN,NaN
1686272400,3,3.02,2.98,3,188600,NaN,NaN,NaN,NaN,NaN,NaN,NaN
1686531600,3,3.02,2.99,2.99,94800,NaN,NaN,NaN,NaN,NaN,NaN,NaN
1686618000,3,3.11,3,3.08,2101600,NaN,NaN,NaN,NaN,NaN,NaN,NaN
1686704400,3.12,3.18,3.09,3.14,1001700,NaN,NaN,NaN,NaN,NaN,NaN,NaN
1686790800,3.14,3.14,3.06,3.08,213300,NaN,NaN,NaN,NaN,NaN,NaN,NaN
1686877200,3.1,3.1,3.03,3.03,416200,NaN,NaN,NaN,NaN,NaN,NaN,NaN
1687136400,3.05,3.13,3.03,3.08,293400,NaN,NaN,NaN,NaN,NaN,NaN,NaN
1687222800,3.09,3.09,3,3.03,73500,NaN,NaN,NaN,NaN,NaN,NaN,NaN
1687309200,3.02,3.08,3,3.03,984600,NaN,NaN,NaN,NaN,NaN,NaN,NaN
1687395600,3.04,3.05,3.02,3.02,385400,NaN,NaN,NaN,NaN,NaN,NaN,NaN
1687482000,3.02,3.08,3.01,3.02,733800,NaN,NaN,NaN,NaN,NaN,NaN,NaN
1687741200,3.01,3.08,3,3.06,150900,NaN,NaN,NaN,NaN,NaN,NaN,NaN
1687827600,3.08,3.08,3.05,3.08,88000,NaN,NaN,NaN,NaN,NaN,NaN,NaN
1687914000,3.08,3.08,3.01,3.05,60400,NaN,NaN,NaN,NaN,NaN,NaN,NaN
1688086800,3.05,3.05,2.99,2.99,411100,1613078000,3017775000,620033000,26883000,378660000,2397742000,2.0066889632107
1688346000,3,3.06,3,3.04,927100,NaN,NaN,NaN,NaN,NaN,NaN,NaN
1688432400,3.05,3.1,3.03,3.08,833900,NaN,NaN,NaN,NaN,NaN,NaN,NaN
1688518800,3.1,3.1,3.03,3.05,370500,NaN,NaN,NaN,NaN,NaN,NaN,NaN
1688605200,3.05,3.07,3.04,3.06,401900,NaN,NaN,NaN,NaN,NaN,NaN,NaN
1688691600,3.04,3.09,3.02,3.07,222700,NaN,NaN,NaN,NaN,NaN,NaN,NaN
1688950800,3.05,3.1,2.99,3,804500,NaN,NaN,NaN,NaN,NaN,NaN,NaN
1689037200,3.01,3.08,3,3.03,844200,NaN,NaN,NaN,NaN,NaN,NaN,NaN
1689123600,3.08,3.12,3.05,3.11,1377000,NaN,NaN,NaN,NaN,NaN,NaN,NaN
1689210000,3.12,3.29,3.11,3.29,1692600,NaN,NaN,NaN,NaN,NaN,NaN,NaN
1689296400,3.29,3.53,3.27,3.52,5727100,NaN,NaN,NaN,NaN,NaN,NaN,NaN
1689555600,3.5,3.67,3.48,3.62,3659300,NaN,NaN,NaN,NaN,NaN,NaN,NaN
1689642000,3.61,3.61,3.51,3.52,537200,NaN,NaN,NaN,NaN,NaN,NaN,NaN
1689814800,3.52,3.52,3.39,3.41,801100,NaN,NaN,NaN,NaN,NaN,NaN,NaN
1689901200,3.4,3.52,3.39,3.4,2100100,NaN,NaN,NaN,NaN,NaN,NaN,NaN
1690160400,3.43,3.48,3.37,3.4,131600,NaN,NaN,NaN,NaN,NaN,NaN,NaN
1690246800,3.39,3.41,3.29,3.33,2530400,NaN,NaN,NaN,NaN,NaN,NaN,NaN
1690333200,3.34,3.43,3.3,3.33,913400,NaN,NaN,NaN,NaN,NaN,NaN,NaN
1690419600,3.34,3.35,3.18,3.22,1927800,NaN,NaN,NaN,NaN,NaN,NaN,NaN
1690506000,3.19,3.2,3.06,3.17,2084600,NaN,NaN,NaN,NaN,NaN,NaN,NaN
1690765200,3.17,3.2,3.12,3.14,2289200,NaN,NaN,NaN,NaN,NaN,NaN,NaN
1690851600,3.13,3.15,3.08,3.13,529500,NaN,NaN,NaN,NaN,NaN,NaN,NaN
1690938000,3.14,3.16,3.11,3.15,509800,NaN,NaN,NaN,NaN,NaN,NaN,NaN
1691024400,3.13,3.22,3.13,3.17,570700,NaN,NaN,NaN,NaN,NaN,NaN,NaN
1691110800,3.19,3.2,3.15,3.17,239800,NaN,NaN,NaN,NaN,NaN,NaN,NaN
1691370000,3.17,3.18,3.14,3.16,390000,NaN,NaN,NaN,NaN,NaN,NaN,NaN
1691456400,3.2,3.21,3.16,3.2,265300,NaN,NaN,NaN,NaN,NaN,NaN,NaN
1691542800,3.21,3.27,3.19,3.27,374100,NaN,NaN,NaN,NaN,NaN,NaN,NaN
1691629200,3.27,3.28,3.18,3.27,738200,NaN,NaN,NaN,NaN,NaN,NaN,NaN
1691715600,3.28,3.3,3.21,3.3,868400,NaN,NaN,NaN,NaN,NaN,NaN,NaN
1691974800,3.3,3.37,3.24,3.37,894000,NaN,NaN,NaN,NaN,NaN,NaN,NaN
1692061200,3.37,3.43,3.31,3.38,810700,NaN,NaN,NaN,NaN,NaN,NaN,NaN
1692147600,3.38,3.4,3.33,3.38,209000,NaN,NaN,NaN,NaN,NaN,NaN,NaN
1692234000,3.39,3.39,3.2,3.22,1660800,NaN,NaN,NaN,NaN,NaN,NaN,NaN
1692320400,3.2,3.22,3.11,3.2,378600,NaN,NaN,NaN,NaN,NaN,NaN,NaN
1692579600,3.2,3.22,3.15,3.18,797700,NaN,NaN,NaN,NaN,NaN,NaN,NaN
1692666000,3.17,3.24,3.16,3.2,859100,NaN,NaN,NaN,NaN,NaN,NaN,NaN
1692752400,3.2,3.23,3.17,3.22,205300,NaN,NaN,NaN,NaN,NaN,NaN,NaN
1692838800,3.23,3.31,3.2,3.28,531900,NaN,NaN,NaN,NaN,NaN,NaN,NaN
1692925200,3.23,3.28,3.23,3.26,175300,NaN,NaN,NaN,NaN,NaN,NaN,NaN
1693184400,3.26,3.29,3.18,3.2,545200,NaN,NaN,NaN,NaN,NaN,NaN,NaN
1693270800,3.18,3.24,3.17,3.23,301200,NaN,NaN,NaN,NaN,NaN,NaN,NaN
1693357200,3.25,3.31,3.25,3.27,738700,NaN,NaN,NaN,NaN,NaN,NaN,NaN
1693530000,3.27,3.27,3.22,3.25,120500,NaN,NaN,NaN,NaN,NaN,NaN,NaN
1693789200,3.29,3.29,3.2,3.24,158600,NaN,NaN,NaN,NaN,NaN,NaN,NaN
1693875600,3.22,3.26,3.21,3.24,239800,NaN,NaN,NaN,NaN,NaN,NaN,NaN
1693962000,3.24,3.24,3.22,3.23,195900,NaN,NaN,NaN,NaN,NaN,NaN,NaN
1694048400,3.25,3.25,3.16,3.17,732800,NaN,NaN,NaN,NaN,NaN,NaN,NaN
1694134800,3.17,3.17,3.13,3.17,471400,NaN,NaN,NaN,NaN,NaN,NaN,NaN
1694394000,3.13,3.18,3.12,3.16,202700,NaN,NaN,NaN,NaN,NaN,NaN,NaN
1694480400,3.16,3.19,3.15,3.17,98900,NaN,NaN,NaN,NaN,NaN,NaN,NaN
1694566800,3.15,3.23,3.15,3.19,98700,NaN,NaN,NaN,NaN,NaN,NaN,NaN
1694653200,3.19,3.21,3.18,3.2,228000,NaN,NaN,NaN,NaN,NaN,NaN,NaN
1694739600,3.2,3.25,3.19,3.23,715300,NaN,NaN,NaN,NaN,NaN,NaN,NaN
1694998800,3.21,3.26,3.18,3.25,109900,NaN,NaN,NaN,NaN,NaN,NaN,NaN
1695085200,3.25,3.34,3.24,3.31,320800,NaN,NaN,NaN,NaN,NaN,NaN,NaN
1695171600,3.31,3.32,3.27,3.3,367700,NaN,NaN,NaN,NaN,NaN,NaN,NaN
1695258000,3.3,3.32,3.2,3.29,305400,NaN,NaN,NaN,NaN,NaN,NaN,NaN
1695344400,3.24,3.25,3.22,3.22,378600,NaN,NaN,NaN,NaN,NaN,NaN,NaN
1695603600,3.22,3.26,3.22,3.22,109600,NaN,NaN,NaN,NaN,NaN,NaN,NaN
1695690000,3.22,3.26,3.22,3.24,97300,NaN,NaN,NaN,NaN,NaN,NaN,NaN
1695776400,3.22,3.24,3.2,3.24,512900,NaN,NaN,NaN,NaN,NaN,NaN,NaN
1695949200,3.24,3.28,3.22,3.26,636900,1613078000,3042120000,655095000,30100000,356186000,2387025000,1.84049079754601
1696208400,3.26,3.26,3.19,3.26,507000,NaN,NaN,NaN,NaN,NaN,NaN,NaN
1696294800,3.27,3.3,3.22,3.25,538200,NaN,NaN,NaN,NaN,NaN,NaN,NaN
1696381200,3.24,3.27,3.19,3.22,1217200,NaN,NaN,NaN,NaN,NaN,NaN,NaN
1696467600,3.22,3.22,3.19,3.2,515000,NaN,NaN,NaN,NaN,NaN,NaN,NaN
1696554000,3.2,3.25,3.2,3.25,68200,NaN,NaN,NaN,NaN,NaN,NaN,NaN
1696813200,3.23,3.28,3.22,3.22,205400,NaN,NaN,NaN,NaN,NaN,NaN,NaN
1696899600,3.21,3.24,3.2,3.2,756400,NaN,NaN,NaN,NaN,NaN,NaN,NaN
1696986000,3.2,3.23,3.19,3.21,206400,NaN,NaN,NaN,NaN,NaN,NaN,NaN
1697072400,3.21,3.23,3.2,3.21,982300,NaN,NaN,NaN,NaN,NaN,NaN,NaN
1697158800,3.2,3.2,3.15,3.19,433500,NaN,NaN,NaN,NaN,NaN,NaN,NaN
1697418000,3.2,3.2,3.19,3.19,959300,NaN,NaN,NaN,NaN,NaN,NaN,NaN
1697504400,3.16,3.21,3.16,3.2,376600,NaN,NaN,NaN,NaN,NaN,NaN,NaN
1697590800,3.2,3.22,3.18,3.19,2230900,NaN,NaN,NaN,NaN,NaN,NaN,NaN
1697677200,3.15,3.17,3.08,3.17,927200,NaN,NaN,NaN,NaN,NaN,NaN,NaN
1697763600,3.16,3.2,3.15,3.2,149700,NaN,NaN,NaN,NaN,NaN,NaN,NaN
1698022800,3.2,3.2,3.13,3.17,491400,NaN,NaN,NaN,NaN,NaN,NaN,NaN
1698109200,3.15,3.16,3.08,3.14,1805800,NaN,NaN,NaN,NaN,NaN,NaN,NaN
1698195600,3.15,3.2,3.1,3.18,1782100,NaN,NaN,NaN,NaN,NaN,NaN,NaN
1698282000,3.15,3.21,3.08,3.1,1185300,NaN,NaN,NaN,NaN,NaN,NaN,NaN
1698368400,3.08,3.11,2.99,3.09,2209200,NaN,NaN,NaN,NaN,NaN,NaN,NaN
1698627600,3.06,3.07,2.91,2.91,4946100,NaN,NaN,NaN,NaN,NaN,NaN,NaN
1698714000,2.94,2.96,2.88,2.96,1117000,NaN,NaN,NaN,NaN,NaN,NaN,NaN
1698800400,2.93,2.99,2.92,2.95,1390500,NaN,NaN,NaN,NaN,NaN,NaN,NaN
1698886800,2.93,3.05,2.93,3,1163200,NaN,NaN,NaN,NaN,NaN,NaN,NaN
1698973200,3.03,3.08,3.01,3.06,392000,NaN,NaN,NaN,NaN,NaN,NaN,NaN
1699232400,3.08,3.22,3.08,3.14,2029800,NaN,NaN,NaN,NaN,NaN,NaN,NaN
1699318800,3.19,3.2,3.1,3.18,1743300,NaN,NaN,NaN,NaN,NaN,NaN,NaN
1699405200,3.17,3.28,3.15,3.21,1382900,NaN,NaN,NaN,NaN,NaN,NaN,NaN
1699491600,3.21,3.24,3.17,3.17,680600,NaN,NaN,NaN,NaN,NaN,NaN,NaN
1699578000,3.16,3.23,3.15,3.22,912700,NaN,NaN,NaN,NaN,NaN,NaN,NaN
1699923600,3.23,3.27,3.23,3.25,306100,NaN,NaN,NaN,NaN,NaN,NaN,NaN
1700010000,3.28,3.29,3.26,3.26,650500,NaN,NaN,NaN,NaN,NaN,NaN,NaN
1700096400,3.29,3.29,3.25,3.29,400000,NaN,NaN,NaN,NaN,NaN,NaN,NaN
1700182800,3.26,3.29,3.2,3.21,611600,NaN,NaN,NaN,NaN,NaN,NaN,NaN
1700442000,3.26,3.28,3.2,3.28,125000,NaN,NaN,NaN,NaN,NaN,NaN,NaN
1700528400,3.29,3.31,3.27,3.29,401200,NaN,NaN,NaN,NaN,NaN,NaN,NaN
1700614800,3.29,3.4,3.2,3.4,865600,NaN,NaN,NaN,NaN,NaN,NaN,NaN
1700701200,3.4,3.4,3.29,3.29,928800,NaN,NaN,NaN,NaN,NaN,NaN,NaN
1700787600,3.29,3.38,3.29,3.34,194000,NaN,NaN,NaN,NaN,NaN,NaN,NaN
1701046800,3.33,3.4,3.33,3.4,320400,NaN,NaN,NaN,NaN,NaN,NaN,NaN
1701133200,3.39,3.39,3.35,3.38,138400,NaN,NaN,NaN,NaN,NaN,NaN,NaN
1701219600,3.34,3.38,3.34,3.38,72800,NaN,NaN,NaN,NaN,NaN,NaN,NaN
1701306000,3.35,3.38,3.31,3.37,417300,NaN,NaN,NaN,NaN,NaN,NaN,NaN
1701392400,3.37,3.37,3.3,3.37,29800,NaN,NaN,NaN,NaN,NaN,NaN,NaN
1701651600,3.37,3.39,3.32,3.35,763200,NaN,NaN,NaN,NaN,NaN,NaN,NaN
1701738000,3.34,3.37,3.31,3.32,1193100,NaN,NaN,NaN,NaN,NaN,NaN,NaN
1701824400,3.3,3.32,3.27,3.28,381700,NaN,NaN,NaN,NaN,NaN,NaN,NaN
1701910800,3.26,3.26,3.23,3.23,274100,NaN,NaN,NaN,NaN,NaN,NaN,NaN
1701997200,3.24,3.28,3.22,3.23,615300,NaN,NaN,NaN,NaN,NaN,NaN,NaN
1702256400,3.24,3.37,3.24,3.37,160900,NaN,NaN,NaN,NaN,NaN,NaN,NaN
1702342800,3.36,3.36,3.25,3.28,314300,NaN,NaN,NaN,NaN,NaN,NaN,NaN
1702429200,3.3,3.36,3.3,3.36,274700,NaN,NaN,NaN,NaN,NaN,NaN,NaN
1702515600,3.36,3.36,3.27,3.31,561700,NaN,NaN,NaN,NaN,NaN,NaN,NaN
1702602000,3.31,3.35,3.29,3.35,689600,NaN,NaN,NaN,NaN,NaN,NaN,NaN
1702861200,3.35,3.38,3.33,3.36,600900,NaN,NaN,NaN,NaN,NaN,NaN,NaN
1702947600,3.36,3.37,3.32,3.34,394400,NaN,NaN,NaN,NaN,NaN,NaN,NaN
1703034000,3.36,3.38,3.3,3.33,718800,NaN,NaN,NaN,NaN,NaN,NaN,NaN
1703120400,3.31,3.38,3.29,3.38,462100,NaN,NaN,NaN,NaN,NaN,NaN,NaN
1703206800,3.39,3.39,3.29,3.3,592000,NaN,NaN,NaN,NaN,NaN,NaN,NaN
1703552400,3.32,3.35,3.29,3.33,367600,NaN,NaN,NaN,NaN,NaN,NaN,NaN
1703638800,3.3,3.3,3.25,3.26,727300,NaN,NaN,NaN,NaN,NaN,NaN,NaN
1703725200,3.28,3.32,3.28,3.32,389100,NaN,NaN,NaN,NaN,NaN,NaN,NaN
1703811600,3.28,3.33,3.27,3.31,900800,1613079000,3094072000,661594000,36270000,350793000,2385165000,2.41691842900302
1704157200,3.3,3.32,3.19,3.3,788100,NaN,NaN,NaN,NaN,NaN,NaN,NaN
1704243600,3.26,3.27,3.18,3.24,323500,NaN,NaN,NaN,NaN,NaN,NaN,NaN
1704330000,3.24,3.25,3.21,3.23,259100,NaN,NaN,NaN,NaN,NaN,NaN,NaN
1704416400,3.23,3.31,3.23,3.29,829400,NaN,NaN,NaN,NaN,NaN,NaN,NaN
1704675600,3.29,3.33,3.25,3.32,732700,NaN,NaN,NaN,NaN,NaN,NaN,NaN
1704762000,3.33,3.37,3.27,3.28,288700,NaN,NaN,NaN,NaN,NaN,NaN,NaN
1704848400,3.29,3.31,3.27,3.3,264100,NaN,NaN,NaN,NaN,NaN,NaN,NaN
1704934800,3.3,3.38,3.28,3.35,1661000,NaN,NaN,NaN,NaN,NaN,NaN,NaN
1705021200,3.35,3.38,3.35,3.38,768000,NaN,NaN,NaN,NaN,NaN,NaN,NaN
1705280400,3.39,3.44,3.34,3.38,676800,NaN,NaN,NaN,NaN,NaN,NaN,NaN
1705366800,3.38,3.38,3.29,3.32,213000,NaN,NaN,NaN,NaN,NaN,NaN,NaN
1705453200,3.28,3.3,3.26,3.3,355000,NaN,NaN,NaN,NaN,NaN,NaN,NaN
1705539600,3.34,3.34,3.19,3.23,299300,NaN,NaN,NaN,NaN,NaN,NaN,NaN
1705626000,3.24,3.3,3.24,3.3,165500,NaN,NaN,NaN,NaN,NaN,NaN,NaN
1705885200,3.3,3.37,3.29,3.37,700800,NaN,NaN,NaN,NaN,NaN,NaN,NaN
1705971600,3.38,3.38,3.23,3.3,1847400,NaN,NaN,NaN,NaN,NaN,NaN,NaN
1706058000,3.26,3.33,3.26,3.33,1062100,NaN,NaN,NaN,NaN,NaN,NaN,NaN
1706230800,3.34,3.37,3.3,3.35,2048000,NaN,NaN,NaN,NaN,NaN,NaN,NaN
1706490000,3.33,3.38,3.29,3.31,969600,NaN,NaN,NaN,NaN,NaN,NaN,NaN
1706576400,3.3,3.31,3.25,3.25,84000,NaN,NaN,NaN,NaN,NaN,NaN,NaN
1706662800,3.25,3.25,3.21,3.21,159600,NaN,NaN,NaN,NaN,NaN,NaN,NaN
1706835600,3.21,3.27,3.21,3.25,171700,NaN,NaN,NaN,NaN,NaN,NaN,NaN
1707094800,3.25,3.26,3.23,3.23,95700,NaN,NaN,NaN,NaN,NaN,NaN,NaN
1707181200,3.25,3.25,3.2,3.21,193800,NaN,NaN,NaN,NaN,NaN,NaN,NaN
1707267600,3.25,3.25,3.16,3.16,413900,NaN,NaN,NaN,NaN,NaN,NaN,NaN
1707354000,3.25,3.25,3.16,3.2,281600,NaN,NaN,NaN,NaN,NaN,NaN,NaN
1707440400,3.16,3.18,3.13,3.13,274600,NaN,NaN,NaN,NaN,NaN,NaN,NaN
1707786000,3.13,3.16,3.12,3.13,1435200,NaN,NaN,NaN,NaN,NaN,NaN,NaN
1707872400,3.12,3.13,3.04,3.05,748200,NaN,NaN,NaN,NaN,NaN,NaN,NaN
1707958800,3.07,3.16,3.07,3.16,713300,NaN,NaN,NaN,NaN,NaN,NaN,NaN
1708045200,3.16,3.18,3.12,3.14,188700,NaN,NaN,NaN,NaN,NaN,NaN,NaN
1708304400,3.14,3.18,3.14,3.18,165200,NaN,NaN,NaN,NaN,NaN,NaN,NaN
1708390800,3.18,3.22,3.16,3.2,263600,NaN,NaN,NaN,NaN,NaN,NaN,NaN
1708477200,3.23,3.23,3.18,3.22,1041400,NaN,NaN,NaN,NaN,NaN,NaN,NaN
1708563600,3.23,3.3,3.23,3.28,1469900,NaN,NaN,NaN,NaN,NaN,NaN,NaN
1708650000,3.3,3.4,3.27,3.33,1324900,NaN,NaN,NaN,NaN,NaN,NaN,NaN
1708909200,3.3,3.35,3.3,3.32,211900,NaN,NaN,NaN,NaN,NaN,NaN,NaN
1708995600,3.3,3.32,3.25,3.26,966800,NaN,NaN,NaN,NaN,NaN,NaN,NaN
1709082000,3.24,3.36,3.24,3.33,988800,NaN,NaN,NaN,NaN,NaN,NaN,NaN
1709168400,3.33,3.37,3.3,3.33,336500,NaN,NaN,NaN,NaN,NaN,NaN,NaN
1709254800,3.3,3.38,3.3,3.38,326700,NaN,NaN,NaN,NaN,NaN,NaN,NaN
1709514000,3.38,3.39,3.35,3.35,606800,NaN,NaN,NaN,NaN,NaN,NaN,NaN
1709600400,3.34,3.38,3.31,3.33,218800,NaN,NaN,NaN,NaN,NaN,NaN,NaN
1709686800,3.33,3.41,3.33,3.38,356100,NaN,NaN,NaN,NaN,NaN,NaN,NaN
1709773200,3.38,3.48,3.35,3.42,784100,NaN,NaN,NaN,NaN,NaN,NaN,NaN
1709859600,3.44,3.49,3.41,3.45,969900,NaN,NaN,NaN,NaN,NaN,NaN,NaN
1710118800,3.48,3.48,3.37,3.4,171900,NaN,NaN,NaN,NaN,NaN,NaN,NaN
1710205200,3.37,3.52,3.37,3.5,629300,NaN,NaN,NaN,NaN,NaN,NaN,NaN
1710291600,3.5,3.53,3.45,3.5,321600,NaN,NaN,NaN,NaN,NaN,NaN,NaN
1710378000,3.5,3.51,3.5,3.51,1247200,NaN,NaN,NaN,NaN,NaN,NaN,NaN
1710464400,3.5,3.51,3.48,3.48,789500,NaN,NaN,NaN,NaN,NaN,NaN,NaN
1710723600,3.44,3.54,3.44,3.51,282300,NaN,NaN,NaN,NaN,NaN,NaN,NaN
1710810000,3.5,3.55,3.5,3.52,558600,NaN,NaN,NaN,NaN,NaN,NaN,NaN
1710896400,3.52,3.6,3.48,3.6,1881900,NaN,NaN,NaN,NaN,NaN,NaN,NaN
1710982800,3.58,3.67,3.58,3.65,1831600,NaN,NaN,NaN,NaN,NaN,NaN,NaN
1711069200,3.65,3.69,3.56,3.56,688800,NaN,NaN,NaN,NaN,NaN,NaN,NaN
1711328400,3.58,3.69,3.56,3.68,1387100,NaN,NaN,NaN,NaN,NaN,NaN,NaN
1711414800,3.67,3.78,3.67,3.78,1181700,NaN,NaN,NaN,NaN,NaN,NaN,NaN
1711501200,3.78,3.82,3.77,3.8,1092000,NaN,NaN,NaN,NaN,NaN,NaN,NaN
1711674000,3.8,3.85,3.8,3.85,581700,1613079110,3106537000,730367000,16617999.999999998,364767000,2376170000,2.07792207792208
1711933200,3.84,3.92,3.78,3.84,1404500,NaN,NaN,NaN,NaN,NaN,NaN,NaN
1712019600,3.82,3.85,3.78,3.85,2601900,NaN,NaN,NaN,NaN,NaN,NaN,NaN
1712106000,3.85,3.85,3.75,3.82,1222800,NaN,NaN,NaN,NaN,NaN,NaN,NaN
1712192400,3.83,3.83,3.7,3.73,1075400,NaN,NaN,NaN,NaN,NaN,NaN,NaN
1712278800,3.72,3.73,3.64,3.65,2473500,NaN,NaN,NaN,NaN,NaN,NaN,NaN
1712538000,3.65,3.7,3.6,3.65,858900,NaN,NaN,NaN,NaN,NaN,NaN,NaN
1712624400,3.66,3.7,3.65,3.69,382100,NaN,NaN,NaN,NaN,NaN,NaN,NaN
1712883600,3.69,3.75,3.68,3.73,227800,NaN,NaN,NaN,NaN,NaN,NaN,NaN
1713142800,3.7,3.77,3.67,3.7,1286900,NaN,NaN,NaN,NaN,NaN,NaN,NaN
1713229200,3.66,3.66,3.51,3.52,1576400,NaN,NaN,NaN,NaN,NaN,NaN,NaN
1713315600,3.54,3.62,3.53,3.59,855000,NaN,NaN,NaN,NaN,NaN,NaN,NaN
1713402000,3.59,3.62,3.52,3.53,356400,NaN,NaN,NaN,NaN,NaN,NaN,NaN
1713488400,3.54,3.55,3.4,3.5,1470300,NaN,NaN,NaN,NaN,NaN,NaN,NaN
1713747600,3.46,3.53,3.45,3.5,526300,NaN,NaN,NaN,NaN,NaN,NaN,NaN
1713834000,3.51,3.54,3.45,3.53,423400,NaN,NaN,NaN,NaN,NaN,NaN,NaN
1713920400,3.55,3.65,3.5,3.63,542100,NaN,NaN,NaN,NaN,NaN,NaN,NaN
1714006800,3.66,3.68,3.57,3.64,467500,NaN,NaN,NaN,NaN,NaN,NaN,NaN
1714093200,3.64,3.67,3.51,3.65,761400,NaN,NaN,NaN,NaN,NaN,NaN,NaN
1714352400,3.6,3.75,3.6,3.75,768700,NaN,NaN,NaN,NaN,NaN,NaN,NaN
1714438800,3.75,3.75,3.65,3.65,1332000,NaN,NaN,NaN,NaN,NaN,NaN,NaN
1714611600,3.65,3.67,3.55,3.56,385400,NaN,NaN,NaN,NaN,NaN,NaN,NaN
1714698000,3.6,3.64,3.6,3.62,792100,NaN,NaN,NaN,NaN,NaN,NaN,NaN
1714957200,3.65,3.68,3.62,3.67,365800,NaN,NaN,NaN,NaN,NaN,NaN,NaN
1715043600,3.67,3.75,3.67,3.74,947100,NaN,NaN,NaN,NaN,NaN,NaN,NaN
1715130000,3.74,3.75,3.69,3.75,395500,NaN,NaN,NaN,NaN,NaN,NaN,NaN
1715216400,3.74,3.75,3.69,3.69,371200,NaN,NaN,NaN,NaN,NaN,NaN,NaN
1715302800,3.69,3.72,3.69,3.7,332500,NaN,NaN,NaN,NaN,NaN,NaN,NaN
1715562000,3.7,3.86,3.7,3.85,693200,NaN,NaN,NaN,NaN,NaN,NaN,NaN
1715648400,3.85,3.96,3.85,3.9,857700,NaN,NaN,NaN,NaN,NaN,NaN,NaN
1715734800,3.92,4.03,3.92,3.99,988600,NaN,NaN,NaN,NaN,NaN,NaN,NaN
1715821200,3.99,4.18,3.99,4.06,1041400,NaN,NaN,NaN,NaN,NaN,NaN,NaN
1715907600,4.1,4.17,4.06,4.16,2495800,NaN,NaN,NaN,NaN,NaN,NaN,NaN
1716166800,4.12,4.17,4.09,4.16,3976800,NaN,NaN,NaN,NaN,NaN,NaN,NaN
1716253200,4.16,4.17,4.12,4.15,1806700,NaN,NaN,NaN,NaN,NaN,NaN,NaN
1716426000,4.15,4.17,4.03,4.09,542600,NaN,NaN,NaN,NaN,NaN,NaN,NaN
1716512400,4.05,4.12,4.03,4.08,721900,NaN,NaN,NaN,NaN,NaN,NaN,NaN
1716771600,4.08,4.18,4.08,4.14,837800,NaN,NaN,NaN,NaN,NaN,NaN,NaN
1716858000,4.14,4.14,4.05,4.14,600700,NaN,NaN,NaN,NaN,NaN,NaN,NaN
1716944400,4.13,4.19,4.12,4.14,1942300,NaN,NaN,NaN,NaN,NaN,NaN,NaN
1717030800,4.15,4.15,4.07,4.14,727700,NaN,NaN,NaN,NaN,NaN,NaN,NaN
1717117200,4.08,4.15,4.08,4.1,895000,NaN,NaN,NaN,NaN,NaN,NaN,NaN
1717462800,4.06,4.24,4.06,4.16,1148700,NaN,NaN,NaN,NaN,NaN,NaN,NaN
1717549200,4.16,4.16,4.09,4.1,112200,NaN,NaN,NaN,NaN,NaN,NaN,NaN
1717635600,4.14,4.15,4.1,4.11,673200,NaN,NaN,NaN,NaN,NaN,NaN,NaN
1717722000,4.11,4.15,4.08,4.1,207500,NaN,NaN,NaN,NaN,NaN,NaN,NaN
1717981200,4.06,4.14,4.05,4.13,1657600,NaN,NaN,NaN,NaN,NaN,NaN,NaN
1718067600,4.13,4.18,4.06,4.17,1450800,NaN,NaN,NaN,NaN,NaN,NaN,NaN
1718154000,4.2,4.37,4.2,4.26,2782300,NaN,NaN,NaN,NaN,NaN,NaN,NaN
1718240400,4.28,4.44,4.27,4.33,3528800,NaN,NaN,NaN,NaN,NaN,NaN,NaN
1718326800,4.33,4.38,4.33,4.37,1806900,NaN,NaN,NaN,NaN,NaN,NaN,NaN
1718672400,4.3,4.37,4.19,4.37,1941400,NaN,NaN,NaN,NaN,NaN,NaN,NaN
1718758800,4.37,4.37,4.2,4.22,551300,NaN,NaN,NaN,NaN,NaN,NaN,NaN
1718845200,4.19,4.19,4.15,4.17,76900,NaN,NaN,NaN,NaN,NaN,NaN,NaN
1718931600,4.16,4.31,4.13,4.21,1078900,NaN,NaN,NaN,NaN,NaN,NaN,NaN
1719190800,4.19,4.2,4.15,4.2,250000,NaN,NaN,NaN,NaN,NaN,NaN,NaN
1719277200,4.15,4.15,4.01,4.07,1355000,NaN,NaN,NaN,NaN,NaN,NaN,NaN
1719363600,4.08,4.13,4.06,4.11,128000,NaN,NaN,NaN,NaN,NaN,NaN,NaN
1719450000,4.11,4.14,4.08,4.1,504300,NaN,NaN,NaN,NaN,NaN,NaN,NaN
1719536400,4.15,4.2,4.1,4.16,973100,1613079000,3068440000,717767000,18978000,394588000,2350673000,1.92307692307692
1719795600,4.17,4.18,4.12,4.14,58300,NaN,NaN,NaN,NaN,NaN,NaN,NaN
1719882000,4.14,4.21,4.11,4.15,390400,NaN,NaN,NaN,NaN,NaN,NaN,NaN
1719968400,4.15,4.18,4.13,4.15,313900,NaN,NaN,NaN,NaN,NaN,NaN,NaN
1720054800,4.15,4.15,4.07,4.1,315200,NaN,NaN,NaN,NaN,NaN,NaN,NaN
1720141200,4.1,4.13,4.05,4.11,1033700,NaN,NaN,NaN,NaN,NaN,NaN,NaN
1720486800,4.13,4.15,4,4.14,688000,NaN,NaN,NaN,NaN,NaN,NaN,NaN
1720573200,4.12,4.18,4.09,4.15,712700,NaN,NaN,NaN,NaN,NaN,NaN,NaN
1720659600,4.15,4.33,4.15,4.31,4062000,NaN,NaN,NaN,NaN,NaN,NaN,NaN
1720746000,4.33,4.33,4.19,4.26,1777500,NaN,NaN,NaN,NaN,NaN,NaN,NaN
1721005200,4.26,4.35,4.24,4.35,2056300,NaN,NaN,NaN,NaN,NaN,NaN,NaN
1721091600,4.35,4.35,4.27,4.33,284700,NaN,NaN,NaN,NaN,NaN,NaN,NaN
1721178000,4.29,4.33,4.16,4.2,353900,NaN,NaN,NaN,NaN,NaN,NaN,NaN
1721264400,4.16,4.18,4.09,4.18,1406300,NaN,NaN,NaN,NaN,NaN,NaN,NaN
1721350800,4.2,4.2,4.08,4.13,954100,NaN,NaN,NaN,NaN,NaN,NaN,NaN
1721610000,4.13,4.18,4.01,4.07,1595500,NaN,NaN,NaN,NaN,NaN,NaN,NaN
1721696400,4.08,4.21,4.07,4.2,2574100,NaN,NaN,NaN,NaN,NaN,NaN,NaN
1721782800,4.2,4.2,4.07,4.09,234100,NaN,NaN,NaN,NaN,NaN,NaN,NaN
1721869200,4.05,4.09,3.98,4.05,1582400,NaN,NaN,NaN,NaN,NaN,NaN,NaN
1721955600,4.02,4.06,3.96,3.96,2072300,NaN,NaN,NaN,NaN,NaN,NaN,NaN
1722214800,3.98,4.13,3.97,4.12,860000,NaN,NaN,NaN,NaN,NaN,NaN,NaN
1722301200,4.15,4.21,3.99,3.99,1257900,NaN,NaN,NaN,NaN,NaN,NaN,NaN
1722387600,3.97,3.97,3.63,3.64,8676400,NaN,NaN,NaN,NaN,NaN,NaN,NaN
1722474000,3.71,3.73,3.61,3.68,1697200,NaN,NaN,NaN,NaN,NaN,NaN,NaN
1722560400,3.64,3.65,3.47,3.5,1538300,NaN,NaN,NaN,NaN,NaN,NaN,NaN
1722819600,3.42,3.43,3.05,3.16,4441500,NaN,NaN,NaN,NaN,NaN,NaN,NaN
1722906000,3.1,3.23,3.04,3.17,4724900,NaN,NaN,NaN,NaN,NaN,NaN,NaN
1722992400,3.2,3.48,3.12,3.28,4624300,NaN,NaN,NaN,NaN,NaN,NaN,NaN
1723078800,3.25,3.36,3.17,3.3,1446300,NaN,NaN,NaN,NaN,NaN,NaN,NaN
1723165200,3.35,3.5,3.35,3.46,1051600,NaN,NaN,NaN,NaN,NaN,NaN,NaN
1723424400,3.5,3.57,3.45,3.54,1457900,NaN,NaN,NaN,NaN,NaN,NaN,NaN
1723510800,3.54,3.54,3.4,3.5,1404700,NaN,NaN,NaN,NaN,NaN,NaN,NaN
1723597200,3.5,3.55,3.37,3.4,1200100,NaN,NaN,NaN,NaN,NaN,NaN,NaN
1723683600,3.39,3.46,3.37,3.45,903400,NaN,NaN,NaN,NaN,NaN,NaN,NaN
1723770000,3.47,3.5,3.43,3.47,1071500,NaN,NaN,NaN,NaN,NaN,NaN,NaN
1724029200,3.5,3.5,3.41,3.5,851700,NaN,NaN,NaN,NaN,NaN,NaN,NaN
1724115600,3.5,3.56,3.45,3.56,1287700,NaN,NaN,NaN,NaN,NaN,NaN,NaN
1724202000,3.57,3.57,3.48,3.53,217300,NaN,NaN,NaN,NaN,NaN,NaN,NaN
1724288400,3.53,3.55,3.46,3.46,264500,NaN,NaN,NaN,NaN,NaN,NaN,NaN
1724374800,3.47,3.47,3.3,3.3,618500,NaN,NaN,NaN,NaN,NaN,NaN,NaN
1724634000,3.3,3.4,3.26,3.31,459400,NaN,NaN,NaN,NaN,NaN,NaN,NaN
1724720400,3.31,3.33,3.2,3.25,519500,NaN,NaN,NaN,NaN,NaN,NaN,NaN
1724806800,3.25,3.27,3.15,3.2,1192300,NaN,NaN,NaN,NaN,NaN,NaN,NaN
1724893200,3.2,3.2,3.02,3.05,2003200,NaN,NaN,NaN,NaN,NaN,NaN,NaN
1724979600,3.05,3.22,3.05,3.15,2256200,NaN,NaN,NaN,NaN,NaN,NaN,NaN
1725238800,3.22,3.32,3.15,3.28,525000,NaN,NaN,NaN,NaN,NaN,NaN,NaN
1725325200,3.28,3.3,3.15,3.16,610700,NaN,NaN,NaN,NaN,NaN,NaN,NaN
1725411600,3.14,3.18,3.09,3.11,493000,NaN,NaN,NaN,NaN,NaN,NaN,NaN
1725498000,3.11,3.11,3.04,3.05,899600,NaN,NaN,NaN,NaN,NaN,NaN,NaN
1725584400,3.05,3.1,2.98,2.99,844200,NaN,NaN,NaN,NaN,NaN,NaN,NaN
1725843600,2.99,3.06,2.96,3.05,775700,NaN,NaN,NaN,NaN,NaN,NaN,NaN
1725930000,3.09,3.15,3.07,3.1,468900,NaN,NaN,NaN,NaN,NaN,NaN,NaN
1726016400,3.1,3.1,3.02,3.04,358500,NaN,NaN,NaN,NaN,NaN,NaN,NaN
1726102800,3.05,3.15,3.05,3.12,276300,NaN,NaN,NaN,NaN,NaN,NaN,NaN
1726189200,3.15,3.23,3.15,3.2,394700,NaN,NaN,NaN,NaN,NaN,NaN,NaN
1726534800,3.2,3.2,3.15,3.19,342000,NaN,NaN,NaN,NaN,NaN,NaN,NaN
1726621200,3.19,3.22,3.09,3.16,364700,NaN,NaN,NaN,NaN,NaN,NaN,NaN
1726707600,3.16,3.21,3.1,3.2,376900,NaN,NaN,NaN,NaN,NaN,NaN,NaN
1726794000,3.24,3.25,3.1,3.25,617700,NaN,NaN,NaN,NaN,NaN,NaN,NaN
1727053200,3.3,3.3,3.15,3.2,211400,NaN,NaN,NaN,NaN,NaN,NaN,NaN
1727139600,3.17,3.17,3.02,3.06,1300600,NaN,NaN,NaN,NaN,NaN,NaN,NaN
1727226000,3.06,3.13,2.95,2.96,1820200,NaN,NaN,NaN,NaN,NaN,NaN,NaN
1727312400,2.96,3,2.9,3,1236500,NaN,NaN,NaN,NaN,NaN,NaN,NaN
1727398800,3.02,3.08,2.97,3.08,541800,NaN,NaN,NaN,NaN,NaN,NaN,NaN
1727658000,3.11,3.16,3,3.12,504100,1613079000,2897883000,677002000,24136000,409742000,2220881000,2.56410256410256
1727744400,3.13,3.22,3.13,3.22,593100,NaN,NaN,NaN,NaN,NaN,NaN,NaN
1727830800,3.22,3.22,3.14,3.2,478100,NaN,NaN,NaN,NaN,NaN,NaN,NaN
1727917200,3.21,3.21,3.14,3.18,170400,NaN,NaN,NaN,NaN,NaN,NaN,NaN
1728003600,3.18,3.18,3.04,3.06,363000,NaN,NaN,NaN,NaN,NaN,NaN,NaN
1728262800,3.06,3.22,3.06,3.22,990800,NaN,NaN,NaN,NaN,NaN,NaN,NaN
1728349200,3.21,3.21,3.12,3.14,176400,NaN,NaN,NaN,NaN,NaN,NaN,NaN
1728435600,3.15,3.2,3.14,3.14,240600,NaN,NaN,NaN,NaN,NaN,NaN,NaN
1728522000,3.16,3.2,3.13,3.2,210800,NaN,NaN,NaN,NaN,NaN,NaN,NaN
1728608400,3.2,3.2,3.16,3.16,220100,NaN,NaN,NaN,NaN,NaN,NaN,NaN
1728867600,3.16,3.16,3.08,3.11,306100,NaN,NaN,NaN,NaN,NaN,NaN,NaN
1728954000,3.11,3.14,3.08,3.11,540600,NaN,NaN,NaN,NaN,NaN,NaN,NaN
1729040400,3.09,3.14,3,3.14,3061100,NaN,NaN,NaN,NaN,NaN,NaN,NaN
1729126800,3.1,3.1,3.01,3.02,1596400,NaN,NaN,NaN,NaN,NaN,NaN,NaN
1729213200,3.02,3.08,3.01,3.04,1627600,NaN,NaN,NaN,NaN,NaN,NaN,NaN
1729472400,3.04,3.13,3.03,3.03,1255700,NaN,NaN,NaN,NaN,NaN,NaN,NaN
1729558800,3.06,3.14,3.06,3.13,622600,NaN,NaN,NaN,NaN,NaN,NaN,NaN
1729645200,3.14,3.16,3.11,3.14,359500,NaN,NaN,NaN,NaN,NaN,NaN,NaN
1729731600,3.13,3.13,3.1,3.11,222200,NaN,NaN,NaN,NaN,NaN,NaN,NaN
1729818000,3.11,3.12,3.07,3.1,188000,NaN,NaN,NaN,NaN,NaN,NaN,NaN
1730077200,3.13,3.16,3.06,3.13,167600,NaN,NaN,NaN,NaN,NaN,NaN,NaN
1730163600,3.12,3.19,3.07,3.18,334100,NaN,NaN,NaN,NaN,NaN,NaN,NaN
1730250000,3.19,3.19,3.03,3.03,1388900,NaN,NaN,NaN,NaN,NaN,NaN,NaN
1730422800,3.01,3.01,2.96,2.97,1237400,NaN,NaN,NaN,NaN,NaN,NaN,NaN
1730682000,2.96,2.98,2.95,2.95,1280400,NaN,NaN,NaN,NaN,NaN,NaN,NaN
1730768400,2.95,2.99,2.94,2.95,1705300,NaN,NaN,NaN,NaN,NaN,NaN,NaN
1730854800,2.95,3.2,2.95,3.14,4885000,NaN,NaN,NaN,NaN,NaN,NaN,NaN
1730941200,3.18,3.21,3.08,3.12,1896400,NaN,NaN,NaN,NaN,NaN,NaN,NaN
1731027600,3.12,3.12,3.02,3.04,723900,NaN,NaN,NaN,NaN,NaN,NaN,NaN
1731286800,3.01,3.06,2.99,3.02,346700,NaN,NaN,NaN,NaN,NaN,NaN,NaN
1731373200,3.05,3.06,3,3,182800,NaN,NaN,NaN,NaN,NaN,NaN,NaN
1731459600,2.99,3,2.98,2.99,641900,NaN,NaN,NaN,NaN,NaN,NaN,NaN
1731546000,2.99,2.99,2.95,2.97,1253300,NaN,NaN,NaN,NaN,NaN,NaN,NaN
1731632400,2.96,2.99,2.96,2.98,305600,NaN,NaN,NaN,NaN,NaN,NaN,NaN
1731891600,2.98,3,2.97,2.98,311200,NaN,NaN,NaN,NaN,NaN,NaN,NaN
1731978000,2.98,3,2.93,2.93,1517700,NaN,NaN,NaN,NaN,NaN,NaN,NaN
1732064400,2.95,2.95,2.92,2.95,534800,NaN,NaN,NaN,NaN,NaN,NaN,NaN
1732150800,2.95,2.95,2.88,2.89,1872200,NaN,NaN,NaN,NaN,NaN,NaN,NaN
1732237200,2.91,2.97,2.91,2.93,760200,NaN,NaN,NaN,NaN,NaN,NaN,NaN
1732496400,2.97,3.03,2.94,3.02,380900,NaN,NaN,NaN,NaN,NaN,NaN,NaN
1732582800,2.99,3,2.94,2.94,439900,NaN,NaN,NaN,NaN,NaN,NaN,NaN
1732669200,2.94,2.94,2.92,2.93,1088300,NaN,NaN,NaN,NaN,NaN,NaN,NaN
1732755600,2.92,2.95,2.9,2.92,2925700,NaN,NaN,NaN,NaN,NaN,NaN,NaN
1732842000,2.97,2.97,2.92,2.92,930600,NaN,NaN,NaN,NaN,NaN,NaN,NaN
1733101200,2.92,2.99,2.92,2.99,383800,NaN,NaN,NaN,NaN,NaN,NaN,NaN
1733187600,2.99,3.02,2.96,3.02,541100,NaN,NaN,NaN,NaN,NaN,NaN,NaN
1733274000,3.02,3.05,2.98,3,960700,NaN,NaN,NaN,NaN,NaN,NaN,NaN
1733360400,3,3.01,2.93,2.99,492200,NaN,NaN,NaN,NaN,NaN,NaN,NaN
1733446800,2.99,3,2.96,3,407200,NaN,NaN,NaN,NaN,NaN,NaN,NaN
1733706000,2.97,2.97,2.94,2.97,807800,NaN,NaN,NaN,NaN,NaN,NaN,NaN
1733792400,2.97,2.98,2.95,2.98,704200,NaN,NaN,NaN,NaN,NaN,NaN,NaN
1733878800,2.98,3.01,2.95,3,563300,NaN,NaN,NaN,NaN,NaN,NaN,NaN
1733965200,3.01,3.02,2.96,2.98,445100,NaN,NaN,NaN,NaN,NaN,NaN,NaN
1734051600,2.98,3.01,2.97,3,827000,NaN,NaN,NaN,NaN,NaN,NaN,NaN
1734310800,3,3.08,3,3.04,1224400,NaN,NaN,NaN,NaN,NaN,NaN,NaN
1734397200,3.04,3.04,2.97,3,965800,NaN,NaN,NaN,NaN,NaN,NaN,NaN
1734483600,2.98,3,2.98,3,359300,NaN,NaN,NaN,NaN,NaN,NaN,NaN
1734570000,2.96,2.98,2.94,2.98,442500,NaN,NaN,NaN,NaN,NaN,NaN,NaN
1734656400,2.96,2.98,2.96,2.96,377900,NaN,NaN,NaN,NaN,NaN,NaN,NaN
1734915600,2.96,3.02,2.96,2.99,526600,NaN,NaN,NaN,NaN,NaN,NaN,NaN
1735002000,2.99,3,2.98,2.99,110700,NaN,NaN,NaN,NaN,NaN,NaN,NaN
1735174800,3,3.04,2.99,3,536500,NaN,NaN,NaN,NaN,NaN,NaN,NaN
1735261200,3.03,3.05,2.98,2.99,533700,NaN,NaN,NaN,NaN,NaN,NaN,NaN
1735520400,2.99,3.03,2.98,3,1562200,NaN,NaN,NaN,NaN,NaN,NaN,NaN
1735606800,3,3.06,3,3.02,895500,1613079000,2891405000,643809000,15278000,411776000,2247596000,2.64900662251656
1735779600,3.03,3.03,2.97,3.01,994700,NaN,NaN,NaN,NaN,NaN,NaN,NaN
1735866000,3.01,3.03,2.97,2.98,216100,NaN,NaN,NaN,NaN,NaN,NaN,NaN
1736125200,3,3.01,2.97,2.98,293800,NaN,NaN,NaN,NaN,NaN,NaN,NaN
1736211600,2.98,3.05,2.98,3,526300,NaN,NaN,NaN,NaN,NaN,NaN,NaN
1736298000,3,3.02,2.94,2.98,858700,NaN,NaN,NaN,NaN,NaN,NaN,NaN
1736384400,2.95,2.97,2.91,2.91,889700,NaN,NaN,NaN,NaN,NaN,NaN,NaN
1736470800,2.92,2.92,2.85,2.9,3303500,NaN,NaN,NaN,NaN,NaN,NaN,NaN
1736730000,2.9,2.9,2.85,2.86,584300,NaN,NaN,NaN,NaN,NaN,NaN,NaN
1736816400,2.86,2.86,2.8,2.84,825200,NaN,NaN,NaN,NaN,NaN,NaN,NaN
1736902800,2.84,2.84,2.75,2.79,419400,NaN,NaN,NaN,NaN,NaN,NaN,NaN
1736989200,2.82,2.86,2.79,2.8,598200,NaN,NaN,NaN,NaN,NaN,NaN,NaN
1737075600,2.8,2.87,2.8,2.85,283400,NaN,NaN,NaN,NaN,NaN,NaN,NaN
1737334800,2.85,2.93,2.85,2.93,894700,NaN,NaN,NaN,NaN,NaN,NaN,NaN
1737421200,2.91,2.95,2.9,2.95,689600,NaN,NaN,NaN,NaN,NaN,NaN,NaN
1737507600,2.92,2.92,2.84,2.88,181300,NaN,NaN,NaN,NaN,NaN,NaN,NaN
1737594000,2.88,2.89,2.83,2.86,133100,NaN,NaN,NaN,NaN,NaN,NaN,NaN
1737680400,2.82,2.86,2.76,2.79,405900,NaN,NaN,NaN,NaN,NaN,NaN,NaN
1737939600,2.79,2.81,2.76,2.78,97900,NaN,NaN,NaN,NaN,NaN,NaN,NaN
1738026000,2.78,2.79,2.67,2.67,549400,NaN,NaN,NaN,NaN,NaN,NaN,NaN
1738285200,2.71,2.75,2.68,2.7,281100,NaN,NaN,NaN,NaN,NaN,NaN,NaN
1738544400,2.69,2.71,2.66,2.66,421900,NaN,NaN,NaN,NaN,NaN,NaN,NaN
1738630800,2.66,2.7,2.58,2.6,613500,NaN,NaN,NaN,NaN,NaN,NaN,NaN
1738717200,2.64,2.64,2.53,2.58,1025800,NaN,NaN,NaN,NaN,NaN,NaN,NaN
1738803600,2.58,2.65,2.55,2.62,775100,NaN,NaN,NaN,NaN,NaN,NaN,NaN
1738890000,2.67,2.67,2.56,2.58,3060800,NaN,NaN,NaN,NaN,NaN,NaN,NaN
1739149200,2.58,2.62,2.53,2.61,1697700,NaN,NaN,NaN,NaN,NaN,NaN,NaN
1739322000,2.61,2.69,2.56,2.57,1013700,NaN,NaN,NaN,NaN,NaN,NaN,NaN
1739408400,2.59,2.63,2.55,2.61,781400,NaN,NaN,NaN,NaN,NaN,NaN,NaN
1739494800,2.61,2.63,2.58,2.62,748900,NaN,NaN,NaN,NaN,NaN,NaN,NaN
1739754000,2.62,2.65,2.61,2.65,258100,NaN,NaN,NaN,NaN,NaN,NaN,NaN
1739840400,2.65,2.65,2.6,2.61,747700,NaN,NaN,NaN,NaN,NaN,NaN,NaN
1739926800,2.63,2.63,2.52,2.53,1096700,NaN,NaN,NaN,NaN,NaN,NaN,NaN
1740013200,2.53,2.55,2.52,2.53,1264100,NaN,NaN,NaN,NaN,NaN,NaN,NaN
1740099600,2.53,2.53,2.39,2.4,1105200,NaN,NaN,NaN,NaN,NaN,NaN,NaN
1740358800,2.4,2.46,2.31,2.33,431600,NaN,NaN,NaN,NaN,NaN,NaN,NaN
1740445200,2.33,2.35,2.21,2.24,1077300,NaN,NaN,NaN,NaN,NaN,NaN,NaN
1740531600,2.24,2.3,2.2,2.29,672000,NaN,NaN,NaN,NaN,NaN,NaN,NaN
1740618000,2.3,2.36,2.29,2.3,272800,NaN,NaN,NaN,NaN,NaN,NaN,NaN
1740704400,2.3,2.3,2.12,2.16,3119800,NaN,NaN,NaN,NaN,NaN,NaN,NaN
1740963600,2.16,2.16,2.03,2.05,1648900,NaN,NaN,NaN,NaN,NaN,NaN,NaN
1741050000,2.05,2.05,1.96,1.99,995200,NaN,NaN,NaN,NaN,NaN,NaN,NaN
1741136400,2.02,2.03,1.95,1.95,1198900,NaN,NaN,NaN,NaN,NaN,NaN,NaN
1741222800,1.99,2.01,1.92,1.92,1646000,NaN,NaN,NaN,NaN,NaN,NaN,NaN
1741309200,1.93,1.95,1.82,1.9,4246000,NaN,NaN,NaN,NaN,NaN,NaN,NaN
1741568400,1.9,2.04,1.9,1.91,1987800,NaN,NaN,NaN,NaN,NaN,NaN,NaN
1741654800,1.9,2.02,1.85,1.94,2630300,NaN,NaN,NaN,NaN,NaN,NaN,NaN
1741741200,1.94,2.02,1.93,2,1033400,NaN,NaN,NaN,NaN,NaN,NaN,NaN
1741827600,2.02,2.12,2,2,1592400,NaN,NaN,NaN,NaN,NaN,NaN,NaN
1741914000,2,2.1,1.92,2.03,781200,NaN,NaN,NaN,NaN,NaN,NaN,NaN
1742173200,2.06,2.14,2.04,2.04,951100,NaN,NaN,NaN,NaN,NaN,NaN,NaN
1742346000,2.04,2.11,2.04,2.07,537700,NaN,NaN,NaN,NaN,NaN,NaN,NaN
1742432400,2.11,2.16,2.04,2.05,1147700,NaN,NaN,NaN,NaN,NaN,NaN,NaN
1742518800,2.05,2.09,1.98,1.99,838600,NaN,NaN,NaN,NaN,NaN,NaN,NaN
1742778000,1.98,2.01,1.88,1.93,1930500,NaN,NaN,NaN,NaN,NaN,NaN,NaN
1742864400,1.93,2.02,1.93,1.94,1433500,NaN,NaN,NaN,NaN,NaN,NaN,NaN
1742950800,1.98,2,1.95,1.98,1180800,NaN,NaN,NaN,NaN,NaN,NaN,NaN
1743037200,1.98,2.05,1.96,2.05,509700,NaN,NaN,NaN,NaN,NaN,NaN,NaN
1743123600,2.03,2.03,1.98,1.99,782400,1613079000,2967224000,749409000,12732000,423624000,2217815000,4.02010050251256
1743555600,1.98,2,1.93,1.95,1124400,NaN,NaN,NaN,NaN,NaN,NaN,NaN
1743642000,1.95,2.05,1.91,2,1901900,NaN,NaN,NaN,NaN,NaN,NaN,NaN
1743728400,1.98,2.01,1.94,2,2341200,NaN,NaN,NaN,NaN,NaN,NaN,NaN
1743987600,1.93,1.98,1.83,1.98,2749400,NaN,NaN,NaN,NaN,NaN,NaN,NaN
1744074000,1.98,2.03,1.91,1.93,2061900,NaN,NaN,NaN,NaN,NaN,NaN,NaN
1744160400,1.9,1.93,1.83,1.93,1750700,NaN,NaN,NaN,NaN,NaN,NaN,NaN
1744246800,2.06,2.08,1.98,2.01,2393800,NaN,NaN,NaN,NaN,NaN,NaN,NaN
1744333200,1.91,2.03,1.91,1.98,492900,NaN,NaN,NaN,NaN,NaN,NaN,NaN
1744592400,2.1,2.15,2.01,2.02,1255400,NaN,NaN,NaN,NaN,NaN,NaN,NaN
1744678800,2.03,2.03,1.95,1.95,1610100,NaN,NaN,NaN,NaN,NaN,NaN,NaN
1744765200,1.95,1.98,1.89,1.89,1039100,NaN,NaN,NaN,NaN,NaN,NaN,NaN
1744851600,1.89,1.93,1.85,1.93,409800,NaN,NaN,NaN,NaN,NaN,NaN,NaN
1744938000,1.9,1.92,1.89,1.89,1618600,NaN,NaN,NaN,NaN,NaN,NaN,NaN
1745197200,1.89,1.9,1.84,1.85,1371600,NaN,NaN,NaN,NaN,NaN,NaN,NaN
1745283600,1.81,1.87,1.81,1.84,712100,NaN,NaN,NaN,NaN,NaN,NaN,NaN
1745370000,1.88,1.92,1.83,1.91,1395700,NaN,NaN,NaN,NaN,NaN,NaN,NaN
1745456400,1.93,1.95,1.89,1.91,469700,NaN,NaN,NaN,NaN,NaN,NaN,NaN
1745542800,1.93,1.98,1.89,1.96,2421200,NaN,NaN,NaN,NaN,NaN,NaN,NaN
1745802000,1.97,1.97,1.9,1.93,1134400,NaN,NaN,NaN,NaN,NaN,NaN,NaN
1745888400,1.94,1.97,1.93,1.95,550000,NaN,NaN,NaN,NaN,NaN,NaN,NaN
1745974800,1.95,2.01,1.95,1.98,803800,NaN,NaN,NaN,NaN,NaN,NaN,NaN
1746147600,1.98,2.06,1.95,2.04,885800,NaN,NaN,NaN,NaN,NaN,NaN,NaN
1746406800,2.05,2.1,2.02,2.04,1547300,NaN,NaN,NaN,NaN,NaN,NaN,NaN
1746493200,2.04,2.04,1.97,1.99,533700,NaN,NaN,NaN,NaN,NaN,NaN,NaN
1746579600,1.99,2.04,1.99,2.02,244700,NaN,NaN,NaN,NaN,NaN,NaN,NaN
1746666000,2.02,2.04,1.98,2.02,920000,NaN,NaN,NaN,NaN,NaN,NaN,NaN
1746752400,2.03,2.05,2.01,2.05,449400,NaN,NaN,NaN,NaN,NaN,NaN,NaN
1747098000,2.1,2.23,2.1,2.23,2091900,NaN,NaN,NaN,NaN,NaN,NaN,NaN
1747184400,2.25,2.7,2.22,2.39,2898700,NaN,NaN,NaN,NaN,NaN,NaN,NaN
1747270800,2.39,2.47,2.3,2.3,1401700,NaN,NaN,NaN,NaN,NaN,NaN,NaN
1747357200,2.3,2.3,2.21,2.23,579500,NaN,NaN,NaN,NaN,NaN,NaN,NaN
1747616400,2.22,2.22,2.08,2.09,1124900,NaN,NaN,NaN,NaN,NaN,NaN,NaN
1747702800,2.12,2.18,2.09,2.1,601900,NaN,NaN,NaN,NaN,NaN,NaN,NaN
1747789200,2.09,2.09,2.02,2.04,441400,NaN,NaN,NaN,NaN,NaN,NaN,NaN
1747875600,2,2.05,1.98,2.05,432800,NaN,NaN,NaN,NaN,NaN,NaN,NaN
1747962000,2.09,2.09,2.03,2.04,393600,NaN,NaN,NaN,NaN,NaN,NaN,NaN
1748221200,2.04,2.06,1.99,2.06,441100,NaN,NaN,NaN,NaN,NaN,NaN,NaN
1748307600,2.07,2.09,2,2.03,505800,NaN,NaN,NaN,NaN,NaN,NaN,NaN
1748394000,2.05,2.06,2.01,2.01,339500,NaN,NaN,NaN,NaN,NaN,NaN,NaN
1748480400,2.01,2.08,1.99,2.05,578900,NaN,NaN,NaN,NaN,NaN,NaN,NaN
1748566800,2.02,2.03,1.99,1.99,1297300,NaN,NaN,NaN,NaN,NaN,NaN,NaN
1748912400,2.01,2.01,1.94,1.95,441400,NaN,NaN,NaN,NaN,NaN,NaN,NaN
1748998800,1.96,1.98,1.94,1.97,282200,NaN,NaN,NaN,NaN,NaN,NaN,NaN
1749085200,1.97,2.07,1.97,2.04,436800,NaN,NaN,NaN,NaN,NaN,NaN,NaN
1749171600,2.02,2.04,2,2.02,123300,NaN,NaN,NaN,NaN,NaN,NaN,NaN
1749430800,2.05,2.07,2.04,2.06,181400,NaN,NaN,NaN,NaN,NaN,NaN,NaN
1749517200,2.05,2.11,2.05,2.05,289800,NaN,NaN,NaN,NaN,NaN,NaN,NaN
1749603600,2.08,2.09,2.05,2.07,280600,NaN,NaN,NaN,NaN,NaN,NaN,NaN
1749690000,2.07,2.1,2.06,2.1,238400,NaN,NaN,NaN,NaN,NaN,NaN,NaN
1749776400,2.07,2.07,2.02,2.02,389000,NaN,NaN,NaN,NaN,NaN,NaN,NaN
1750035600,2.02,2.02,1.95,1.98,669800,NaN,NaN,NaN,NaN,NaN,NaN,NaN
1750122000,1.98,2.01,1.97,2.01,459500,NaN,NaN,NaN,NaN,NaN,NaN,NaN
1750208400,2.01,2.01,1.98,2,101200,NaN,NaN,NaN,NaN,NaN,NaN,NaN
1750294800,2,2.01,1.98,1.99,101900,NaN,NaN,NaN,NaN,NaN,NaN,NaN
1750381200,1.99,2.04,1.99,2.03,166600,NaN,NaN,NaN,NaN,NaN,NaN,NaN
1750640400,1.98,2.03,1.95,2.02,190300,NaN,NaN,NaN,NaN,NaN,NaN,NaN
1750726800,2.01,2.08,2.01,2.05,301100,NaN,NaN,NaN,NaN,NaN,NaN,NaN
1750813200,2.08,2.11,2.05,2.11,408500,NaN,NaN,NaN,NaN,NaN,NaN,NaN
1750899600,2.1,2.27,2.1,2.24,1016900,NaN,NaN,NaN,NaN,NaN,NaN,NaN
1751245200,2.3,2.33,2.24,2.27,566200,1613079000,3001618000,856414000,10969000,475150000,2145204000.0000002,3.52422907488987
1751331600,2.27,2.34,2.25,2.33,454800,NaN,NaN,NaN,NaN,NaN,NaN,NaN
1751418000,2.31,2.45,2.3,2.3,1575400,NaN,NaN,NaN,NaN,NaN,NaN,NaN
1751504400,2.32,2.41,2.32,2.41,1284300,NaN,NaN,NaN,NaN,NaN,NaN,NaN
1751590800,2.42,2.49,2.35,2.4,1328100,NaN,NaN,NaN,NaN,NaN,NaN,NaN
1751850000,2.36,2.38,2.23,2.3,1680700,NaN,NaN,NaN,NaN,NaN,NaN,NaN
1751936400,2.2,2.3,2.2,2.28,231100,NaN,NaN,NaN,NaN,NaN,NaN,NaN
1752022800,2.28,2.28,2.24,2.28,211800,NaN,NaN,NaN,NaN,NaN,NaN,NaN
1752109200,2.3,2.3,2.15,2.16,1474400,NaN,NaN,NaN,NaN,NaN,NaN,NaN
1752195600,2.17,2.28,2.16,2.26,840800,NaN,NaN,NaN,NaN,NaN,NaN,NaN
1752454800,2.26,2.27,2.24,2.25,79400,NaN,NaN,NaN,NaN,NaN,NaN,NaN
1752541200,2.25,2.32,2.24,2.32,1738800,NaN,NaN,NaN,NaN,NaN,NaN,NaN
1752627600,2.32,2.34,2.27,2.3,726900,NaN,NaN,NaN,NaN,NaN,NaN,NaN
1752714000,2.28,2.33,2.28,2.29,870100,NaN,NaN,NaN,NaN,NaN,NaN,NaN
1752800400,2.3,2.35,2.23,2.27,1703800,NaN,NaN,NaN,NaN,NaN,NaN,NaN
1753059600,2.27,2.3,2.19,2.2,445800,NaN,NaN,NaN,NaN,NaN,NaN,NaN
1753146000,2.21,2.27,2.18,2.24,1614500,NaN,NaN,NaN,NaN,NaN,NaN,NaN
1753232400,2.21,2.28,2.21,2.21,1015200,NaN,NaN,NaN,NaN,NaN,NaN,NaN
1753318800,2.25,2.27,2.21,2.22,516100,NaN,NaN,NaN,NaN,NaN,NaN,NaN
1753405200,2.23,2.24,2.2,2.24,474300,NaN,NaN,NaN,NaN,NaN,NaN,NaN
1753664400,2.24,2.32,2.23,2.31,592300,NaN,NaN,NaN,NaN,NaN,NaN,NaN
1753750800,2.33,2.36,2.29,2.34,595900,NaN,NaN,NaN,NaN,NaN,NaN,NaN
1753837200,2.35,2.35,2.25,2.3,914600,NaN,NaN,NaN,NaN,NaN,NaN,NaN
1753923600,2.3,2.39,2.28,2.33,2137900,NaN,NaN,NaN,NaN,NaN,NaN,NaN
1754010000,2.33,2.4,2.29,2.37,1441000,NaN,NaN,NaN,NaN,NaN,NaN,NaN
1754269200,2.3,2.37,2.19,2.37,1523600,NaN,NaN,NaN,NaN,NaN,NaN,NaN
1754355600,2.33,2.44,2.33,2.43,942900,NaN,NaN,NaN,NaN,NaN,NaN,NaN
1754442000,2.43,2.43,2.34,2.37,880700,NaN,NaN,NaN,NaN,NaN,NaN,NaN
1754528400,2.32,2.36,2.27,2.32,798100,NaN,NaN,NaN,NaN,NaN,NaN,NaN
1754614800,2.32,2.37,2.31,2.35,744600,NaN,NaN,NaN,NaN,NaN,NaN,NaN
1754874000,2.35,2.41,2.31,2.39,1689900,NaN,NaN,NaN,NaN,NaN,NaN,NaN
1754960400,2.4,2.49,2.4,2.49,1814800,NaN,NaN,NaN,NaN,NaN,NaN,NaN
1755046800,2.49,2.55,2.48,2.51,3068000,NaN,NaN,NaN,NaN,NaN,NaN,NaN
1755133200,2.51,2.51,2.35,2.43,2543800,NaN,NaN,NaN,NaN,NaN,NaN,NaN
1755219600,2.44,2.45,2.43,2.44,1297400,NaN,NaN,NaN,NaN,NaN,NaN,NaN
1755478800,2.44,2.53,2.41,2.46,1316500,NaN,NaN,NaN,NaN,NaN,NaN,NaN
1755565200,2.49,2.52,2.48,2.5,2138700,NaN,NaN,NaN,NaN,NaN,NaN,NaN
1755651600,2.5,2.51,2.45,2.49,1139900,NaN,NaN,NaN,NaN,NaN,NaN,NaN
1755738000,2.49,2.55,2.49,2.54,349300,NaN,NaN,NaN,NaN,NaN,NaN,NaN
1755824400,2.55,2.63,2.54,2.62,2607900,NaN,NaN,NaN,NaN,NaN,NaN,NaN
1756083600,2.65,2.7,2.64,2.68,6783100,NaN,NaN,NaN,NaN,NaN,NaN,NaN
1756170000,2.7,2.78,2.64,2.66,1867800,NaN,NaN,NaN,NaN,NaN,NaN,NaN
1756256400,2.65,2.71,2.63,2.66,1789500,NaN,NaN,NaN,NaN,NaN,NaN,NaN
1756342800,2.66,2.74,2.66,2.7,2191700,NaN,NaN,NaN,NaN,NaN,NaN,NaN
1756429200,2.68,2.71,2.64,2.66,442300,NaN,NaN,NaN,NaN,NaN,NaN,NaN
1756774800,2.66,2.66,2.57,2.6,882600,NaN,NaN,NaN,NaN,NaN,NaN,NaN
1756861200,2.6,2.69,2.6,2.69,2524000,NaN,NaN,NaN,NaN,NaN,NaN,NaN
1756947600,2.7,2.72,2.68,2.69,1671100,NaN,NaN,NaN,NaN,NaN,NaN,NaN
1757293200,2.71,2.71,2.65,2.67,1187000,NaN,NaN,NaN,NaN,NaN,NaN,NaN
1757379600,2.67,2.7,2.63,2.63,553600,NaN,NaN,NaN,NaN,NaN,NaN,NaN
1757466000,2.64,2.64,2.56,2.57,378600,NaN,NaN,NaN,NaN,NaN,NaN,NaN
1757552400,2.57,2.63,2.55,2.6,559400,NaN,NaN,NaN,NaN,NaN,NaN,NaN
1757638800,2.61,2.7,2.61,2.7,767100,NaN,NaN,NaN,NaN,NaN,NaN,NaN
1758070800,2.7,2.73,2.66,2.71,1041400,NaN,NaN,NaN,NaN,NaN,NaN,NaN
1758157200,2.69,2.7,2.62,2.69,253500,NaN,NaN,NaN,NaN,NaN,NaN,NaN
1758243600,2.69,2.75,2.64,2.68,746100,NaN,NaN,NaN,NaN,NaN,NaN,NaN
1758502800,2.69,2.72,2.62,2.66,778300,NaN,NaN,NaN,NaN,NaN,NaN,NaN
1758589200,2.67,2.75,2.67,2.72,2479000,NaN,NaN,NaN,NaN,NaN,NaN,NaN
1758675600,2.72,2.85,2.71,2.84,1037100,NaN,NaN,NaN,NaN,NaN,NaN,NaN
1758762000,2.8,2.9,2.74,2.89,2644900,NaN,NaN,NaN,NaN,NaN,NaN,NaN
1758848400,2.89,2.89,2.77,2.78,583600,NaN,NaN,NaN,NaN,NaN,NaN,NaN