time,open,high,low,close,Volume,Total common shares outstanding,Total assets,Total liabilities,Operating income,Total revenue,Shareholders&#039; equity,Dividend yield %
1478826000,2.48,2.51,2.46,2.5,203300,NaN,NaN,NaN,NaN,NaN,NaN,NaN
1479085200,2.43,2.46,2.43,2.45,2800,NaN,NaN,NaN,NaN,NaN,NaN,NaN
1479171600,2.48,2.5,2.46,2.5,362400,NaN,NaN,NaN,NaN,NaN,NaN,NaN
1479258000,2.5,2.5,2.45,2.5,571000,NaN,NaN,NaN,NaN,NaN,NaN,NaN
1479344400,2.45,2.5,2.45,2.5,299200,NaN,NaN,NaN,NaN,NaN,NaN,NaN
1479430800,2.53,2.53,2.4,2.42,325500,NaN,NaN,NaN,NaN,NaN,NaN,NaN
1479690000,2.45,2.46,2.34,2.36,311400,NaN,NaN,NaN,NaN,NaN,NaN,NaN
1479776400,2.35,2.39,2.35,2.37,548400,NaN,NaN,NaN,NaN,NaN,NaN,NaN
1479862800,2.4,2.4,2.37,2.37,69100,NaN,NaN,NaN,NaN,NaN,NaN,NaN
1479949200,2.37,2.42,2.37,2.4,259200,NaN,NaN,NaN,NaN,NaN,NaN,NaN
1480035600,2.42,2.43,2.4,2.42,23600,NaN,NaN,NaN,NaN,NaN,NaN,NaN
1480294800,2.43,2.43,2.35,2.39,159400,NaN,NaN,NaN,NaN,NaN,NaN,NaN
1480381200,2.39,2.39,2.34,2.35,138800,NaN,NaN,NaN,NaN,NaN,NaN,NaN
1480467600,2.33,2.37,2.23,2.37,1530700,NaN,NaN,NaN,NaN,NaN,NaN,NaN
1480554000,2.35,2.39,2.31,2.38,398600,NaN,NaN,NaN,NaN,NaN,NaN,NaN
1480640400,2.39,2.39,2.39,2.39,5600,NaN,NaN,NaN,NaN,NaN,NaN,NaN
1480899600,2.39,2.4,2.37,2.39,287700,NaN,NaN,NaN,NaN,NaN,NaN,NaN
1480986000,2.34,2.38,2.33,2.35,322500,NaN,NaN,NaN,NaN,NaN,NaN,NaN
1481072400,2.36,2.37,2.28,2.36,889800,NaN,NaN,NaN,NaN,NaN,NaN,NaN
1481158800,2.36,2.36,2.28,2.3,1029700,NaN,NaN,NaN,NaN,NaN,NaN,NaN
1481245200,2.3,2.3,2.23,2.23,1051400,NaN,NaN,NaN,NaN,NaN,NaN,NaN
1481590800,2.23,2.32,2.22,2.3,619700,NaN,NaN,NaN,NaN,NaN,NaN,NaN
1481677200,2.26,2.33,2.25,2.3,912500,NaN,NaN,NaN,NaN,NaN,NaN,NaN
1481763600,2.29,2.31,2.26,2.3,2651000,NaN,NaN,NaN,NaN,NaN,NaN,NaN
1481850000,2.27,2.3,2.26,2.3,922600,NaN,NaN,NaN,NaN,NaN,NaN,NaN
1482109200,2.32,2.32,2.25,2.3,624200,NaN,NaN,NaN,NaN,NaN,NaN,NaN
1482195600,2.28,2.33,2.27,2.3,493300,NaN,NaN,NaN,NaN,NaN,NaN,NaN
1482282000,2.31,2.36,2.3,2.35,1920700,NaN,NaN,NaN,NaN,NaN,NaN,NaN
1482368400,2.35,2.35,2.32,2.33,6500,NaN,NaN,NaN,NaN,NaN,NaN,NaN
1482454800,2.32,2.33,2.3,2.3,598400,NaN,NaN,NaN,NaN,NaN,NaN,NaN
1482800400,2.31,2.31,2.3,2.31,1374200,NaN,NaN,NaN,NaN,NaN,NaN,NaN
1482886800,2.31,2.36,2.3,2.3,294700,NaN,NaN,NaN,NaN,NaN,NaN,NaN
1482973200,2.34,2.37,2.31,2.35,91800,NaN,NaN,NaN,NaN,NaN,NaN,NaN
1483059600,2.36,2.36,2.31,2.35,86100,NaN,NaN,NaN,NaN,NaN,NaN,NaN
1483405200,2.34,2.37,2.33,2.36,102900,NaN,NaN,NaN,NaN,NaN,NaN,NaN
1483491600,2.39,2.39,2.34,2.37,381000,NaN,NaN,NaN,NaN,NaN,NaN,NaN
1483578000,2.36,2.41,2.36,2.4,1101800,NaN,NaN,NaN,NaN,NaN,NaN,NaN
1483664400,2.4,2.41,2.36,2.4,805200,NaN,NaN,NaN,NaN,NaN,NaN,NaN
1483923600,2.4,2.42,2.36,2.42,212000,NaN,NaN,NaN,NaN,NaN,NaN,NaN
1484010000,2.43,2.45,2.41,2.44,1404300,NaN,NaN,NaN,NaN,NaN,NaN,NaN
1484096400,2.44,2.46,2.32,2.37,2527200,NaN,NaN,NaN,NaN,NaN,NaN,NaN
1484182800,2.38,2.45,2.37,2.45,416700,NaN,NaN,NaN,NaN,NaN,NaN,NaN
1484269200,2.46,2.46,2.42,2.45,1609400,NaN,NaN,NaN,NaN,NaN,NaN,NaN
1484528400,2.46,2.46,2.38,2.42,51400,NaN,NaN,NaN,NaN,NaN,NaN,NaN
1484614800,2.42,2.46,2.41,2.41,275500,NaN,NaN,NaN,NaN,NaN,NaN,NaN
1484701200,2.41,2.43,2.33,2.38,1988700,NaN,NaN,NaN,NaN,NaN,NaN,NaN
1484787600,2.38,2.43,2.35,2.41,3216800,NaN,NaN,NaN,NaN,NaN,NaN,NaN
1484874000,2.42,2.42,2.37,2.4,502000,NaN,NaN,NaN,NaN,NaN,NaN,NaN
1485133200,2.41,2.42,2.4,2.41,120000,NaN,NaN,NaN,NaN,NaN,NaN,NaN
1485219600,2.42,2.48,2.4,2.48,474700,NaN,NaN,NaN,NaN,NaN,NaN,NaN
1485306000,2.45,2.48,2.44,2.45,3450900,NaN,NaN,NaN,NaN,NaN,NaN,NaN
1485392400,2.45,2.49,2.45,2.49,20600,NaN,NaN,NaN,NaN,NaN,NaN,NaN
1485478800,2.48,2.5,2.45,2.49,1687400,NaN,NaN,NaN,NaN,NaN,NaN,NaN
1485824400,2.49,2.49,2.43,2.43,4100,NaN,NaN,NaN,NaN,NaN,NaN,NaN
1485997200,2.49,2.53,2.42,2.44,302700,NaN,NaN,NaN,NaN,NaN,NaN,NaN
1486083600,2.45,2.45,2.39,2.45,1848400,NaN,NaN,NaN,NaN,NaN,NaN,NaN
1486342800,2.44,2.44,2.38,2.4,2081500,NaN,NaN,NaN,NaN,NaN,NaN,NaN
1486429200,2.38,2.4,2.38,2.4,1868400,NaN,NaN,NaN,NaN,NaN,NaN,NaN
1486515600,2.41,2.5,2.38,2.5,391300,NaN,NaN,NaN,NaN,NaN,NaN,NaN
1486688400,2.43,2.5,2.43,2.45,1476000,NaN,NaN,NaN,NaN,NaN,NaN,NaN
1486947600,2.44,2.49,2.44,2.49,1039900,NaN,NaN,NaN,NaN,NaN,NaN,NaN
1487034000,2.49,2.49,2.45,2.46,1790900,NaN,NaN,NaN,NaN,NaN,NaN,NaN
1487120400,2.42,2.47,2.42,2.47,127500,NaN,NaN,NaN,NaN,NaN,NaN,NaN
1487206800,2.49,2.49,2.43,2.47,47100,NaN,NaN,NaN,NaN,NaN,NaN,NaN
1487293200,2.43,2.46,2.43,2.45,100500,NaN,NaN,NaN,NaN,NaN,NaN,NaN
1487552400,2.45,2.46,2.45,2.46,14200,NaN,NaN,NaN,NaN,NaN,NaN,NaN
1487638800,2.44,2.54,2.44,2.49,1340600,NaN,NaN,NaN,NaN,NaN,NaN,NaN
1487725200,2.5,2.6,2.5,2.55,1676500,NaN,NaN,NaN,NaN,NaN,NaN,NaN
1487811600,2.56,2.57,2.51,2.52,1225900,NaN,NaN,NaN,NaN,NaN,NaN,NaN
1487898000,2.54,2.56,2.52,2.54,215000,NaN,NaN,NaN,NaN,NaN,NaN,NaN
1488157200,2.52,2.55,2.49,2.55,1348900,NaN,NaN,NaN,NaN,NaN,NaN,NaN
1488243600,2.52,2.52,2.47,2.5,1542900,NaN,NaN,NaN,NaN,NaN,NaN,NaN
1488330000,2.55,2.56,2.51,2.56,1476100,NaN,NaN,NaN,NaN,NaN,NaN,NaN
1488416400,2.57,2.58,2.51,2.54,2897700,NaN,NaN,NaN,NaN,NaN,NaN,NaN
1488502800,2.53,2.55,2.5,2.52,2602300,NaN,NaN,NaN,NaN,NaN,NaN,NaN
1488762000,2.53,2.54,2.51,2.53,1454500,NaN,NaN,NaN,NaN,NaN,NaN,NaN
1488848400,2.55,2.56,2.5,2.52,1160600,NaN,NaN,NaN,NaN,NaN,NaN,NaN
1488934800,2.53,2.58,2.52,2.58,2923200,NaN,NaN,NaN,NaN,NaN,NaN,NaN
1489021200,2.59,2.59,2.54,2.57,409700,NaN,NaN,NaN,NaN,NaN,NaN,NaN
1489107600,2.59,2.59,2.53,2.56,1524400,NaN,NaN,NaN,NaN,NaN,NaN,NaN
1489366800,2.57,2.58,2.53,2.55,4099500,NaN,NaN,NaN,NaN,NaN,NaN,NaN
1489453200,2.57,2.57,2.52,2.55,2949700,NaN,NaN,NaN,NaN,NaN,NaN,NaN
1489539600,2.57,2.57,2.53,2.55,2198500,NaN,NaN,NaN,NaN,NaN,NaN,NaN
1489626000,2.55,2.58,2.54,2.56,1912400,NaN,NaN,NaN,NaN,NaN,NaN,NaN
1489712400,2.55,2.58,2.53,2.53,3672500,NaN,NaN,NaN,NaN,NaN,NaN,NaN
1489971600,2.54,2.54,2.5,2.52,2987900,NaN,NaN,NaN,NaN,NaN,NaN,NaN
1490058000,2.51,2.53,2.51,2.53,1646300,NaN,NaN,NaN,NaN,NaN,NaN,NaN
1490144400,2.52,2.55,2.52,2.53,2470400,NaN,NaN,NaN,NaN,NaN,NaN,NaN
1490230800,2.57,2.57,2.53,2.55,3665300,NaN,NaN,NaN,NaN,NaN,NaN,NaN
1490317200,2.57,2.57,2.54,2.57,1021600,NaN,NaN,NaN,NaN,NaN,NaN,NaN
1490576400,2.56,2.58,2.55,2.55,2772500,NaN,NaN,NaN,NaN,NaN,NaN,NaN
1490662800,2.55,2.64,2.55,2.64,1888100,NaN,NaN,NaN,NaN,NaN,NaN,NaN
1490749200,2.64,2.64,2.56,2.61,439700,NaN,NaN,NaN,NaN,NaN,NaN,NaN
1490835600,2.6,2.63,2.6,2.63,503400,NaN,NaN,NaN,NaN,NaN,NaN,NaN
1490922000,2.61,2.7,2.61,2.7,2313200,NaN,NaN,NaN,NaN,NaN,NaN,NaN
1491181200,2.68,2.69,2.65,2.66,1348000,NaN,NaN,NaN,NaN,NaN,NaN,NaN
1491267600,2.6,2.68,2.6,2.65,293600,NaN,NaN,NaN,NaN,NaN,NaN,NaN
1491354000,2.65,2.69,2.64,2.66,310600,NaN,NaN,NaN,NaN,NaN,NaN,NaN
1491440400,2.64,2.65,2.63,2.65,669600,NaN,NaN,NaN,NaN,NaN,NaN,NaN
1491526800,2.62,2.67,2.62,2.65,318200,NaN,NaN,NaN,NaN,NaN,NaN,NaN
1491786000,2.64,2.65,2.62,2.64,480600,NaN,NaN,NaN,NaN,NaN,NaN,NaN
1491872400,2.63,2.64,2.61,2.61,1057500,NaN,NaN,NaN,NaN,NaN,NaN,NaN
1491958800,2.62,2.68,2.62,2.68,1023600,NaN,NaN,NaN,NaN,NaN,NaN,NaN
1492045200,2.64,2.66,2.64,2.64,2160200,NaN,NaN,NaN,NaN,NaN,NaN,NaN
1492131600,2.64,2.64,2.64,2.64,281000,NaN,NaN,NaN,NaN,NaN,NaN,NaN
1492390800,2.6,2.68,2.6,2.6,1642800,NaN,NaN,NaN,NaN,NaN,NaN,NaN
1492477200,2.63,2.7,2.63,2.7,1905600,NaN,NaN,NaN,NaN,NaN,NaN,NaN
1492563600,2.68,2.7,2.63,2.63,293500,NaN,NaN,NaN,NaN,NaN,NaN,NaN
1492650000,2.65,2.65,2.63,2.64,50800,NaN,NaN,NaN,NaN,NaN,NaN,NaN
1492736400,2.65,2.65,2.61,2.62,391900,NaN,NaN,NaN,NaN,NaN,NaN,NaN
1493082000,2.61,2.7,2.61,2.66,1482700,NaN,NaN,NaN,NaN,NaN,NaN,NaN
1493168400,2.65,2.67,2.65,2.66,773300,NaN,NaN,NaN,NaN,NaN,NaN,NaN
1493254800,2.64,2.69,2.62,2.69,179300,NaN,NaN,NaN,NaN,NaN,NaN,NaN
1493341200,2.68,2.69,2.68,2.68,191300,NaN,NaN,NaN,NaN,NaN,NaN,NaN
1493686800,2.68,2.69,2.66,2.69,720300,NaN,NaN,NaN,NaN,NaN,NaN,NaN
1493773200,2.67,2.69,2.65,2.67,762100,NaN,NaN,NaN,NaN,NaN,NaN,NaN
1493859600,2.67,2.68,2.58,2.65,562700,NaN,NaN,NaN,NaN,NaN,NaN,NaN
1493946000,2.65,2.7,2.63,2.7,1042300,NaN,NaN,NaN,NaN,NaN,NaN,NaN
1494205200,2.69,2.72,2.66,2.71,527600,NaN,NaN,NaN,NaN,NaN,NaN,NaN
1494291600,2.71,2.73,2.67,2.72,371500,NaN,NaN,NaN,NaN,NaN,NaN,NaN
1494464400,2.73,2.76,2.73,2.75,1101700,NaN,NaN,NaN,NaN,NaN,NaN,NaN
1494550800,2.75,2.75,2.68,2.74,318000,NaN,NaN,NaN,NaN,NaN,NaN,NaN
1494810000,2.74,2.74,2.7,2.74,57000,NaN,NaN,NaN,NaN,NaN,NaN,NaN
1494896400,2.71,2.74,2.69,2.74,340000,NaN,NaN,NaN,NaN,NaN,NaN,NaN
1494982800,2.71,2.71,2.63,2.7,1665300,NaN,NaN,NaN,NaN,NaN,NaN,NaN
1495069200,2.66,2.71,2.65,2.67,210100,NaN,NaN,NaN,NaN,NaN,NaN,NaN
1495155600,2.66,2.71,2.66,2.7,299500,NaN,NaN,NaN,NaN,NaN,NaN,NaN
1495414800,2.7,2.73,2.69,2.73,277600,NaN,NaN,NaN,NaN,NaN,NaN,NaN
1495501200,2.66,2.68,2.65,2.66,1646700,NaN,NaN,NaN,NaN,NaN,NaN,NaN
1495587600,2.65,2.68,2.64,2.64,321100,NaN,NaN,NaN,NaN,NaN,NaN,NaN
1495674000,2.63,2.64,2.61,2.62,1670100,NaN,NaN,NaN,NaN,NaN,NaN,NaN
1495760400,2.6,2.69,2.6,2.69,251400,NaN,NaN,NaN,NaN,NaN,NaN,NaN
1496019600,2.69,2.7,2.69,2.7,361600,NaN,NaN,NaN,NaN,NaN,NaN,NaN
1496106000,2.7,2.72,2.65,2.7,349300,NaN,NaN,NaN,NaN,NaN,NaN,NaN
1496192400,2.65,2.69,2.59,2.6,2789400,NaN,NaN,NaN,NaN,NaN,NaN,NaN
1496278800,2.6,2.61,2.58,2.59,1486700,NaN,NaN,NaN,NaN,NaN,NaN,NaN
1496365200,2.62,2.71,2.61,2.71,628800,NaN,NaN,NaN,NaN,NaN,NaN,NaN
1496624400,2.72,2.74,2.71,2.73,465300,NaN,NaN,NaN,NaN,NaN,NaN,NaN
1496710800,2.72,2.73,2.7,2.72,957400,NaN,NaN,NaN,NaN,NaN,NaN,NaN
1496797200,2.7,2.71,2.68,2.7,1368100,NaN,NaN,NaN,NaN,NaN,NaN,NaN
1496883600,2.72,2.72,2.69,2.7,644800,NaN,NaN,NaN,NaN,NaN,NaN,NaN
1496970000,2.7,2.71,2.67,2.68,745100,NaN,NaN,NaN,NaN,NaN,NaN,NaN
1497315600,2.7,2.71,2.68,2.68,1150100,NaN,NaN,NaN,NaN,NaN,NaN,NaN
1497402000,2.59,2.59,2.5,2.53,1208800,NaN,NaN,NaN,NaN,NaN,NaN,NaN
1497488400,2.53,2.56,2.53,2.56,289600,NaN,NaN,NaN,NaN,NaN,NaN,NaN
1497574800,2.54,2.55,2.53,2.53,916400,NaN,NaN,NaN,NaN,NaN,NaN,NaN
1497834000,2.51,2.55,2.49,2.5,1471400,NaN,NaN,NaN,NaN,NaN,NaN,NaN
1497920400,2.5,2.51,2.5,2.51,328100,NaN,NaN,NaN,NaN,NaN,NaN,NaN
1498006800,2.51,2.52,2.5,2.51,1449700,NaN,NaN,NaN,NaN,NaN,NaN,NaN
1498093200,2.5,2.51,2.48,2.49,614600,NaN,NaN,NaN,NaN,NaN,NaN,NaN
1498179600,2.5,2.51,2.5,2.51,33100,NaN,NaN,NaN,NaN,NaN,NaN,NaN
1498611600,2.5,2.51,2.49,2.51,706700,NaN,NaN,NaN,NaN,NaN,NaN,NaN
1498698000,2.51,2.53,2.5,2.53,542200,NaN,NaN,NaN,NaN,NaN,NaN,NaN
1498784400,2.53,2.6,2.51,2.55,450200,NaN,NaN,NaN,NaN,NaN,NaN,NaN
1499043600,2.53,2.59,2.51,2.55,809200,NaN,NaN,NaN,NaN,NaN,NaN,NaN
1499130000,2.56,2.61,2.54,2.56,283100,NaN,NaN,NaN,NaN,NaN,NaN,NaN
1499216400,2.57,2.62,2.53,2.6,427200,NaN,NaN,NaN,NaN,NaN,NaN,NaN
1499302800,2.58,2.61,2.56,2.56,261700,NaN,NaN,NaN,NaN,NaN,NaN,NaN
1499389200,2.57,2.61,2.56,2.61,79200,NaN,NaN,NaN,NaN,NaN,NaN,NaN
1499648400,2.62,2.62,2.57,2.6,55500,NaN,NaN,NaN,NaN,NaN,NaN,NaN
1499734800,2.55,2.59,2.55,2.57,137700,NaN,NaN,NaN,NaN,NaN,NaN,NaN
1499821200,2.57,2.57,2.55,2.55,66200,NaN,NaN,NaN,NaN,NaN,NaN,NaN
1499907600,2.53,2.56,2.53,2.55,29600,NaN,NaN,NaN,NaN,NaN,NaN,NaN
1499994000,2.55,2.56,2.52,2.54,504800,NaN,NaN,NaN,NaN,NaN,NaN,NaN
1500253200,2.53,2.56,2.53,2.55,1605300,NaN,NaN,NaN,NaN,NaN,NaN,NaN
1500339600,2.55,2.6,2.54,2.6,1434600,NaN,NaN,NaN,NaN,NaN,NaN,NaN
1500426000,2.59,2.59,2.56,2.57,154300,NaN,NaN,NaN,NaN,NaN,NaN,NaN
1500512400,2.55,2.57,2.5,2.5,457300,NaN,NaN,NaN,NaN,NaN,NaN,NaN
1500598800,2.5,2.55,2.5,2.53,254800,NaN,NaN,NaN,NaN,NaN,NaN,NaN
1500858000,2.55,2.6,2.54,2.6,307900,NaN,NaN,NaN,NaN,NaN,NaN,NaN
1500944400,2.59,2.61,2.56,2.6,1183700,NaN,NaN,NaN,NaN,NaN,NaN,NaN
1501030800,2.6,2.62,2.6,2.61,659400,NaN,NaN,NaN,NaN,NaN,NaN,NaN
1501117200,2.63,2.68,2.63,2.65,910000,NaN,NaN,NaN,NaN,NaN,NaN,NaN
1501203600,2.66,2.67,2.62,2.66,1410800,NaN,NaN,NaN,NaN,NaN,NaN,NaN
1501462800,2.67,2.68,2.59,2.6,1717200,NaN,NaN,NaN,NaN,NaN,NaN,NaN
1501549200,2.6,2.65,2.6,2.6,953500,NaN,NaN,NaN,NaN,NaN,NaN,NaN
1501635600,2.61,2.64,2.6,2.62,163700,NaN,NaN,NaN,NaN,NaN,NaN,NaN
1501722000,2.61,2.61,2.55,2.59,256200,NaN,NaN,NaN,NaN,NaN,NaN,NaN
1501808400,2.57,2.6,2.57,2.6,102000,NaN,NaN,NaN,NaN,NaN,NaN,NaN
1502067600,2.57,2.62,2.57,2.6,193600,NaN,NaN,NaN,NaN,NaN,NaN,NaN
1502154000,2.6,2.61,2.55,2.57,466600,NaN,NaN,NaN,NaN,NaN,NaN,NaN
1502240400,2.57,2.57,2.56,2.57,350000,NaN,NaN,NaN,NaN,NaN,NaN,NaN
1502326800,2.55,2.57,2.54,2.55,1321400,NaN,NaN,NaN,NaN,NaN,NaN,NaN
1502413200,2.55,2.55,2.53,2.55,319300,NaN,NaN,NaN,NaN,NaN,NaN,NaN
1502672400,2.55,2.56,2.53,2.54,877200,NaN,NaN,NaN,NaN,NaN,NaN,NaN
1502758800,2.54,2.58,2.54,2.56,171900,NaN,NaN,NaN,NaN,NaN,NaN,NaN
1502845200,2.56,2.56,2.54,2.54,50300,NaN,NaN,NaN,NaN,NaN,NaN,NaN
1502931600,2.56,2.56,2.54,2.55,1159700,NaN,NaN,NaN,NaN,NaN,NaN,NaN
1503018000,2.55,2.55,2.54,2.55,1056700,NaN,NaN,NaN,NaN,NaN,NaN,NaN
1503277200,2.55,2.57,2.54,2.55,164000,NaN,NaN,NaN,NaN,NaN,NaN,NaN
1503363600,2.55,2.56,2.54,2.55,2382400,NaN,NaN,NaN,NaN,NaN,NaN,NaN
1503450000,2.54,2.61,2.54,2.57,410000,NaN,NaN,NaN,NaN,NaN,NaN,NaN
1503536400,2.59,2.59,2.56,2.59,326600,NaN,NaN,NaN,NaN,NaN,NaN,NaN
1503622800,2.58,2.6,2.57,2.58,557000,NaN,NaN,NaN,NaN,NaN,NaN,NaN
1503882000,2.58,2.6,2.57,2.58,206500,NaN,NaN,NaN,NaN,NaN,NaN,NaN
1503968400,2.6,2.6,2.54,2.54,625100,NaN,NaN,NaN,NaN,NaN,NaN,NaN
1504054800,2.54,2.6,2.54,2.6,571400,NaN,NaN,NaN,NaN,NaN,NaN,NaN
1504573200,2.59,2.63,2.53,2.61,414000,NaN,NaN,NaN,NaN,NaN,NaN,NaN
1504659600,2.61,2.63,2.58,2.6,548100,NaN,NaN,NaN,NaN,NaN,NaN,NaN
1504746000,2.63,2.64,2.59,2.6,494100,NaN,NaN,NaN,NaN,NaN,NaN,NaN
1504832400,2.58,2.6,2.57,2.59,221800,NaN,NaN,NaN,NaN,NaN,NaN,NaN
1505091600,2.62,2.64,2.58,2.61,212000,NaN,NaN,NaN,NaN,NaN,NaN,NaN
1505178000,2.62,2.62,2.53,2.57,534500,NaN,NaN,NaN,NaN,NaN,NaN,NaN
1505264400,2.57,2.57,2.54,2.55,1420400,NaN,NaN,NaN,NaN,NaN,NaN,NaN
1505350800,2.55,2.58,2.55,2.57,27900,NaN,NaN,NaN,NaN,NaN,NaN,NaN
1505437200,2.57,2.58,2.53,2.53,733900,NaN,NaN,NaN,NaN,NaN,NaN,NaN
1505696400,2.55,2.61,2.55,2.56,945800,NaN,NaN,NaN,NaN,NaN,NaN,NaN
1505782800,2.57,2.59,2.55,2.55,1261000,NaN,NaN,NaN,NaN,NaN,NaN,NaN
1505869200,2.55,2.56,2.54,2.55,326100,NaN,NaN,NaN,NaN,NaN,NaN,NaN
1505955600,2.55,2.55,2.52,2.53,996200,NaN,NaN,NaN,NaN,NaN,NaN,NaN
1506301200,2.55,2.55,2.51,2.53,709400,NaN,NaN,NaN,NaN,NaN,NaN,NaN
1506387600,2.54,2.54,2.52,2.53,807400,NaN,NaN,NaN,NaN,NaN,NaN,NaN
1506474000,2.52,2.53,2.51,2.52,1342000,NaN,NaN,NaN,NaN,NaN,NaN,NaN
1506560400,2.53,2.55,2.53,2.53,166400,NaN,NaN,NaN,NaN,NaN,NaN,NaN
1506646800,2.54,2.6,2.53,2.59,1195300,1733113500,5205320000,978801000,117777000,261257000,4095677000,5.79150579150579
1506906000,2.56,2.64,2.56,2.64,852600,NaN,NaN,NaN,NaN,NaN,NaN,NaN
1506992400,2.64,2.7,2.6,2.7,576400,NaN,NaN,NaN,NaN,NaN,NaN,NaN
1507078800,2.63,2.65,2.63,2.63,70700,NaN,NaN,NaN,NaN,NaN,NaN,NaN
1507165200,2.65,2.7,2.63,2.7,173100,NaN,NaN,NaN,NaN,NaN,NaN,NaN
1507251600,2.64,2.68,2.63,2.63,81300,NaN,NaN,NaN,NaN,NaN,NaN,NaN
1507510800,2.69,2.69,2.6,2.61,131800,NaN,NaN,NaN,NaN,NaN,NaN,NaN
1507597200,2.61,2.67,2.6,2.61,821300,NaN,NaN,NaN,NaN,NaN,NaN,NaN
1507683600,2.61,2.66,2.61,2.65,173800,NaN,NaN,NaN,NaN,NaN,NaN,NaN
1507770000,2.68,2.68,2.59,2.63,802600,NaN,NaN,NaN,NaN,NaN,NaN,NaN
1507856400,2.6,2.6,2.57,2.6,1047000,NaN,NaN,NaN,NaN,NaN,NaN,NaN
1508115600,2.59,2.63,2.59,2.6,1322200,NaN,NaN,NaN,NaN,NaN,NaN,NaN
1508202000,2.6,2.61,2.57,2.58,2173100,NaN,NaN,NaN,NaN,NaN,NaN,NaN
1508374800,2.57,2.61,2.52,2.52,631900,NaN,NaN,NaN,NaN,NaN,NaN,NaN
1508461200,2.54,2.57,2.32,2.35,4158400,NaN,NaN,NaN,NaN,NaN,NaN,NaN
1508720400,2.36,2.46,2.36,2.44,1058500,NaN,NaN,NaN,NaN,NaN,NaN,NaN
1508806800,2.47,2.49,2.44,2.46,299700,NaN,NaN,NaN,NaN,NaN,NaN,NaN
1508893200,2.46,2.46,2.43,2.46,2418600,NaN,NaN,NaN,NaN,NaN,NaN,NaN
1508979600,2.46,2.47,2.43,2.44,46000,NaN,NaN,NaN,NaN,NaN,NaN,NaN
1509066000,2.45,2.45,2.41,2.43,1797900,NaN,NaN,NaN,NaN,NaN,NaN,NaN
1509325200,2.44,2.53,2.44,2.53,468200,NaN,NaN,NaN,NaN,NaN,NaN,NaN
1509411600,2.5,2.58,2.5,2.55,187300,NaN,NaN,NaN,NaN,NaN,NaN,NaN
1509498000,2.52,2.57,2.52,2.56,81200,NaN,NaN,NaN,NaN,NaN,NaN,NaN
1509584400,2.56,2.59,2.51,2.55,181100,NaN,NaN,NaN,NaN,NaN,NaN,NaN
1509670800,2.51,2.51,2.51,2.51,2200,NaN,NaN,NaN,NaN,NaN,NaN,NaN
1509930000,2.55,2.59,2.52,2.52,75500,NaN,NaN,NaN,NaN,NaN,NaN,NaN
1510016400,2.52,2.52,2.5,2.5,1029600,NaN,NaN,NaN,NaN,NaN,NaN,NaN
1510102800,2.5,2.5,2.48,2.5,684200,NaN,NaN,NaN,NaN,NaN,NaN,NaN
1510189200,2.5,2.5,2.5,2.5,13000,NaN,NaN,NaN,NaN,NaN,NaN,NaN
1510275600,2.51,2.51,2.49,2.5,292800,NaN,NaN,NaN,NaN,NaN,NaN,NaN
1510534800,2.5,2.5,2.47,2.47,160400,NaN,NaN,NaN,NaN,NaN,NaN,NaN
1510621200,2.54,2.54,2.47,2.5,846400,NaN,NaN,NaN,NaN,NaN,NaN,NaN
1510707600,2.51,2.51,2.49,2.5,333600,NaN,NaN,NaN,NaN,NaN,NaN,NaN
1510794000,2.5,2.5,2.46,2.47,801200,NaN,NaN,NaN,NaN,NaN,NaN,NaN
1510880400,2.49,2.5,2.48,2.49,224500,NaN,NaN,NaN,NaN,NaN,NaN,NaN
1511139600,2.49,2.49,2.47,2.48,275300,NaN,NaN,NaN,NaN,NaN,NaN,NaN
1511226000,2.49,2.49,2.37,2.45,144200,NaN,NaN,NaN,NaN,NaN,NaN,NaN
1511312400,2.44,2.46,2.44,2.45,1240100,NaN,NaN,NaN,NaN,NaN,NaN,NaN
1511398800,2.46,2.46,2.41,2.44,130600,NaN,NaN,NaN,NaN,NaN,NaN,NaN
1511485200,2.45,2.45,2.44,2.44,92200,NaN,NaN,NaN,NaN,NaN,NaN,NaN
1511744400,2.46,2.46,2.42,2.45,1291100,NaN,NaN,NaN,NaN,NaN,NaN,NaN
1511830800,2.46,2.46,2.44,2.44,592900,NaN,NaN,NaN,NaN,NaN,NaN,NaN
1511917200,2.44,2.44,2.43,2.43,1008700,NaN,NaN,NaN,NaN,NaN,NaN,NaN
1512003600,2.43,2.44,2.42,2.43,1279700,NaN,NaN,NaN,NaN,NaN,NaN,NaN
1512349200,2.42,2.43,2.42,2.43,97200,NaN,NaN,NaN,NaN,NaN,NaN,NaN
1512435600,2.43,2.43,2.42,2.43,2017700,NaN,NaN,NaN,NaN,NaN,NaN,NaN
1512522000,2.44,2.44,2.43,2.43,129000,NaN,NaN,NaN,NaN,NaN,NaN,NaN
1512608400,2.43,2.44,2.37,2.38,2604500,NaN,NaN,NaN,NaN,NaN,NaN,NaN
1512694800,2.38,2.42,2.38,2.42,236000,NaN,NaN,NaN,NaN,NaN,NaN,NaN
1512954000,2.42,2.42,2.39,2.4,1516400,NaN,NaN,NaN,NaN,NaN,NaN,NaN
1513040400,2.38,2.43,2.38,2.41,1546100,NaN,NaN,NaN,NaN,NaN,NaN,NaN
1513126800,2.41,2.42,2.41,2.42,1073100,NaN,NaN,NaN,NaN,NaN,NaN,NaN
1513213200,2.42,2.45,2.42,2.44,1573900,NaN,NaN,NaN,NaN,NaN,NaN,NaN
1513299600,2.44,2.44,2.33,2.38,2121900,NaN,NaN,NaN,NaN,NaN,NaN,NaN
1513558800,2.4,2.42,2.35,2.35,1597400,NaN,NaN,NaN,NaN,NaN,NaN,NaN
1513645200,2.35,2.42,2.35,2.38,1945300,NaN,NaN,NaN,NaN,NaN,NaN,NaN
1513731600,2.4,2.42,2.38,2.39,917300,NaN,NaN,NaN,NaN,NaN,NaN,NaN
1513818000,2.4,2.42,2.4,2.4,1673200,NaN,NaN,NaN,NaN,NaN,NaN,NaN
1513904400,2.41,2.44,2.41,2.44,646100,NaN,NaN,NaN,NaN,NaN,NaN,NaN
1514250000,2.42,2.43,2.42,2.43,173800,NaN,NaN,NaN,NaN,NaN,NaN,NaN
1514336400,2.43,2.43,2.4,2.41,126500,NaN,NaN,NaN,NaN,NaN,NaN,NaN
1514422800,2.4,2.42,2.39,2.42,450200,NaN,NaN,NaN,NaN,NaN,NaN,NaN
1514509200,2.4,2.41,2.39,2.39,63700,1733113500,5591517000,1004493000,56761000,198493000,4329842000,6.27615062761506
1514854800,2.39,2.42,2.39,2.42,39800,NaN,NaN,NaN,NaN,NaN,NaN,NaN
1514941200,2.4,2.42,2.38,2.42,162100,NaN,NaN,NaN,NaN,NaN,NaN,NaN
1515027600,2.4,2.42,2.39,2.42,155400,NaN,NaN,NaN,NaN,NaN,NaN,NaN
1515114000,2.42,2.45,2.39,2.45,842400,NaN,NaN,NaN,NaN,NaN,NaN,NaN
1515373200,2.42,2.43,2.3,2.33,4863900,NaN,NaN,NaN,NaN,NaN,NaN,NaN
1515459600,2.35,2.37,2.33,2.37,282600,NaN,NaN,NaN,NaN,NaN,NaN,NaN
1515546000,2.36,2.41,2.36,2.4,510700,NaN,NaN,NaN,NaN,NaN,NaN,NaN
1515632400,2.41,2.44,2.41,2.42,512100,NaN,NaN,NaN,NaN,NaN,NaN,NaN
1515718800,2.43,2.45,2.42,2.44,1477200,NaN,NaN,NaN,NaN,NaN,NaN,NaN
1515978000,2.44,2.47,2.43,2.45,736600,NaN,NaN,NaN,NaN,NaN,NaN,NaN
1516064400,2.43,2.48,2.43,2.48,436600,NaN,NaN,NaN,NaN,NaN,NaN,NaN
1516150800,2.46,2.47,2.44,2.47,1275100,NaN,NaN,NaN,NaN,NaN,NaN,NaN
1516237200,2.47,2.47,2.45,2.46,962600,NaN,NaN,NaN,NaN,NaN,NaN,NaN
1516323600,2.45,2.52,2.45,2.5,1254100,NaN,NaN,NaN,NaN,NaN,NaN,NaN
1516582800,2.5,2.5,2.45,2.48,327000,NaN,NaN,NaN,NaN,NaN,NaN,NaN
1516669200,2.46,2.51,2.46,2.5,411100,NaN,NaN,NaN,NaN,NaN,NaN,NaN
1516755600,2.5,2.51,2.49,2.5,604900,NaN,NaN,NaN,NaN,NaN,NaN,NaN
1516842000,2.5,2.55,2.5,2.53,1316300,NaN,NaN,NaN,NaN,NaN,NaN,NaN
1516928400,2.53,2.53,2.51,2.53,858100,NaN,NaN,NaN,NaN,NaN,NaN,NaN
1517187600,2.51,2.55,2.5,2.54,491700,NaN,NaN,NaN,NaN,NaN,NaN,NaN
1517274000,2.55,2.55,2.48,2.51,812100,NaN,NaN,NaN,NaN,NaN,NaN,NaN
1517533200,2.47,2.53,2.47,2.53,666300,NaN,NaN,NaN,NaN,NaN,NaN,NaN
1517792400,2.5,2.51,2.48,2.5,334100,NaN,NaN,NaN,NaN,NaN,NaN,NaN
1517878800,2.48,2.49,2.47,2.49,1009100,NaN,NaN,NaN,NaN,NaN,NaN,NaN
1517965200,2.49,2.51,2.48,2.49,1056600,NaN,NaN,NaN,NaN,NaN,NaN,NaN
1518051600,2.45,2.48,2.45,2.48,777800,NaN,NaN,NaN,NaN,NaN,NaN,NaN
1518138000,2.45,2.54,2.45,2.54,481600,NaN,NaN,NaN,NaN,NaN,NaN,NaN
1518397200,2.52,2.53,2.48,2.49,319900,NaN,NaN,NaN,NaN,NaN,NaN,NaN
1518483600,2.52,2.54,2.52,2.54,283600,NaN,NaN,NaN,NaN,NaN,NaN,NaN
1518570000,2.54,2.54,2.51,2.52,78000,NaN,NaN,NaN,NaN,NaN,NaN,NaN
1518656400,2.5,2.5,2.45,2.47,417100,NaN,NaN,NaN,NaN,NaN,NaN,NaN
1519002000,2.48,2.55,2.48,2.54,662700,NaN,NaN,NaN,NaN,NaN,NaN,NaN
1519088400,2.54,2.55,2.51,2.55,440400,NaN,NaN,NaN,NaN,NaN,NaN,NaN
1519174800,2.53,2.54,2.52,2.54,1683500,NaN,NaN,NaN,NaN,NaN,NaN,NaN
1519261200,2.55,2.58,2.52,2.57,1037800,NaN,NaN,NaN,NaN,NaN,NaN,NaN
1519347600,2.58,2.62,2.57,2.61,740000,NaN,NaN,NaN,NaN,NaN,NaN,NaN
1519606800,2.61,2.61,2.57,2.59,2020800,NaN,NaN,NaN,NaN,NaN,NaN,NaN
1519693200,2.61,2.62,2.6,2.61,191600,NaN,NaN,NaN,NaN,NaN,NaN,NaN
1519779600,2.6,2.62,2.6,2.6,103700,NaN,NaN,NaN,NaN,NaN,NaN,NaN
1519866000,2.6,2.63,2.6,2.62,266500,NaN,NaN,NaN,NaN,NaN,NaN,NaN
1519952400,2.62,2.62,2.6,2.6,44000,NaN,NaN,NaN,NaN,NaN,NaN,NaN
1520211600,2.6,2.6,2.56,2.58,314900,NaN,NaN,NaN,NaN,NaN,NaN,NaN
1520298000,2.58,2.6,2.5,2.54,2227600,NaN,NaN,NaN,NaN,NaN,NaN,NaN
1520384400,2.53,2.54,2.48,2.5,267800,NaN,NaN,NaN,NaN,NaN,NaN,NaN
1520470800,2.5,2.51,2.49,2.5,1162200,NaN,NaN,NaN,NaN,NaN,NaN,NaN
1520557200,2.5,2.51,2.49,2.5,1322300,NaN,NaN,NaN,NaN,NaN,NaN,NaN
1520816400,2.5,2.5,2.48,2.5,1373300,NaN,NaN,NaN,NaN,NaN,NaN,NaN
1520902800,2.5,2.5,2.49,2.5,1303200,NaN,NaN,NaN,NaN,NaN,NaN,NaN
1520989200,2.5,2.52,2.48,2.52,112200,NaN,NaN,NaN,NaN,NaN,NaN,NaN
1521075600,2.5,2.52,2.5,2.52,32200,NaN,NaN,NaN,NaN,NaN,NaN,NaN
1521162000,2.5,2.52,2.5,2.5,66900,NaN,NaN,NaN,NaN,NaN,NaN,NaN
1521421200,2.48,2.48,2.45,2.46,17600,NaN,NaN,NaN,NaN,NaN,NaN,NaN
1521507600,2.45,2.52,2.4,2.5,293900,NaN,NaN,NaN,NaN,NaN,NaN,NaN
1521594000,2.46,2.47,2.42,2.42,756700,NaN,NaN,NaN,NaN,NaN,NaN,NaN
1521680400,2.4,2.42,2.39,2.41,409400,NaN,NaN,NaN,NaN,NaN,NaN,NaN
1521766800,2.41,2.45,2.39,2.45,1001700,NaN,NaN,NaN,NaN,NaN,NaN,NaN
1522026000,2.45,2.45,2.43,2.44,199000,NaN,NaN,NaN,NaN,NaN,NaN,NaN
1522112400,2.4,2.46,2.4,2.44,1178700,NaN,NaN,NaN,NaN,NaN,NaN,NaN
1522198800,2.4,2.41,2.4,2.4,87400,NaN,NaN,NaN,NaN,NaN,NaN,NaN
1522285200,2.4,2.42,2.4,2.42,408500,NaN,NaN,NaN,NaN,NaN,NaN,NaN
1522371600,2.42,2.43,2.4,2.42,462100,1733113500,5504762000,883787000,10751000,171985000,4373329000,6.19834710743802
1522630800,2.42,2.45,2.41,2.45,955600,NaN,NaN,NaN,NaN,NaN,NaN,NaN
1522717200,2.45,2.46,2.43,2.45,614300,NaN,NaN,NaN,NaN,NaN,NaN,NaN
1522803600,2.42,2.45,2.42,2.42,390100,NaN,NaN,NaN,NaN,NaN,NaN,NaN
1522890000,2.42,2.43,2.41,2.42,593600,NaN,NaN,NaN,NaN,NaN,NaN,NaN
1522976400,2.4,2.43,2.35,2.37,518700,NaN,NaN,NaN,NaN,NaN,NaN,NaN
1523235600,2.35,2.37,2.35,2.37,202500,NaN,NaN,NaN,NaN,NaN,NaN,NaN
1523322000,2.37,2.37,2.36,2.36,220400,NaN,NaN,NaN,NaN,NaN,NaN,NaN
1523408400,2.35,2.44,2.35,2.43,1106200,NaN,NaN,NaN,NaN,NaN,NaN,NaN
1523494800,2.4,2.43,2.4,2.41,499700,NaN,NaN,NaN,NaN,NaN,NaN,NaN
1523581200,2.41,2.41,2.38,2.39,347400,NaN,NaN,NaN,NaN,NaN,NaN,NaN
1523840400,2.4,2.43,2.4,2.42,594200,NaN,NaN,NaN,NaN,NaN,NaN,NaN
1523926800,2.43,2.43,2.39,2.41,586500,NaN,NaN,NaN,NaN,NaN,NaN,NaN
1524013200,2.4,2.41,2.36,2.4,993900,NaN,NaN,NaN,NaN,NaN,NaN,NaN
1524099600,2.42,2.47,2.4,2.46,257900,NaN,NaN,NaN,NaN,NaN,NaN,NaN
1524186000,2.43,2.48,2.42,2.48,88200,NaN,NaN,NaN,NaN,NaN,NaN,NaN
1524445200,2.48,2.48,2.43,2.45,52900,NaN,NaN,NaN,NaN,NaN,NaN,NaN
1524531600,2.44,2.45,2.44,2.45,254500,NaN,NaN,NaN,NaN,NaN,NaN,NaN
1524618000,2.43,2.47,2.43,2.46,69400,NaN,NaN,NaN,NaN,NaN,NaN,NaN
1524704400,2.45,2.45,2.42,2.43,595800,NaN,NaN,NaN,NaN,NaN,NaN,NaN
1524790800,2.45,2.45,2.42,2.43,388400,NaN,NaN,NaN,NaN,NaN,NaN,NaN
1525050000,2.45,2.45,2.42,2.43,1328200,NaN,NaN,NaN,NaN,NaN,NaN,NaN
1525222800,2.6,2.71,2.46,2.65,601300,NaN,NaN,NaN,NaN,NaN,NaN,NaN
1525309200,2.65,2.65,2.51,2.58,406700,NaN,NaN,NaN,NaN,NaN,NaN,NaN
1525395600,2.58,2.61,2.53,2.59,112800,NaN,NaN,NaN,NaN,NaN,NaN,NaN
1525654800,2.59,2.59,2.51,2.53,482200,NaN,NaN,NaN,NaN,NaN,NaN,NaN
1525741200,2.52,2.55,2.46,2.55,150800,NaN,NaN,NaN,NaN,NaN,NaN,NaN
1526259600,2.53,2.64,2.47,2.52,45900,NaN,NaN,NaN,NaN,NaN,NaN,NaN
1526346000,2.48,2.52,2.47,2.51,180700,NaN,NaN,NaN,NaN,NaN,NaN,NaN
1526432400,2.52,2.53,2.52,2.52,51100,NaN,NaN,NaN,NaN,NaN,NaN,NaN
1526518800,2.53,2.59,2.53,2.57,300200,NaN,NaN,NaN,NaN,NaN,NaN,NaN
1526605200,2.59,2.6,2.57,2.57,71300,NaN,NaN,NaN,NaN,NaN,NaN,NaN
1526864400,2.55,2.61,2.55,2.6,183900,NaN,NaN,NaN,NaN,NaN,NaN,NaN
1526950800,2.6,2.6,2.57,2.59,378500,NaN,NaN,NaN,NaN,NaN,NaN,NaN
1527037200,2.58,2.6,2.56,2.56,381600,NaN,NaN,NaN,NaN,NaN,NaN,NaN
1527123600,2.55,2.6,2.55,2.58,251100,NaN,NaN,NaN,NaN,NaN,NaN,NaN
1527210000,2.6,2.6,2.56,2.58,376600,NaN,NaN,NaN,NaN,NaN,NaN,NaN
1527469200,2.58,2.62,2.57,2.6,257200,NaN,NaN,NaN,NaN,NaN,NaN,NaN
1527642000,2.55,2.61,2.55,2.56,298200,NaN,NaN,NaN,NaN,NaN,NaN,NaN
1527728400,2.56,2.58,2.54,2.58,746700,NaN,NaN,NaN,NaN,NaN,NaN,NaN
1527814800,2.55,2.55,2.51,2.53,590500,NaN,NaN,NaN,NaN,NaN,NaN,NaN
1528074000,2.54,2.54,2.49,2.53,1866100,NaN,NaN,NaN,NaN,NaN,NaN,NaN
1528160400,2.57,2.57,2.5,2.51,182000,NaN,NaN,NaN,NaN,NaN,NaN,NaN
1528246800,2.57,2.57,2.51,2.53,1175300,NaN,NaN,NaN,NaN,NaN,NaN,NaN
1528333200,2.55,2.56,2.53,2.55,1158900,NaN,NaN,NaN,NaN,NaN,NaN,NaN
1528419600,2.55,2.55,2.5,2.52,2468500,NaN,NaN,NaN,NaN,NaN,NaN,NaN
1528678800,2.54,2.57,2.54,2.55,1387200,NaN,NaN,NaN,NaN,NaN,NaN,NaN
1528765200,2.57,2.63,2.56,2.56,2169500,NaN,NaN,NaN,NaN,NaN,NaN,NaN
1528851600,2.56,2.57,2.55,2.55,1295500,NaN,NaN,NaN,NaN,NaN,NaN,NaN
1528938000,2.55,2.56,2.54,2.56,419400,NaN,NaN,NaN,NaN,NaN,NaN,NaN
1529283600,2.56,2.56,2.53,2.54,1113400,NaN,NaN,NaN,NaN,NaN,NaN,NaN
1529370000,2.53,2.55,2.52,2.53,1447200,NaN,NaN,NaN,NaN,NaN,NaN,NaN
1529456400,2.5,2.54,2.5,2.52,2336900,NaN,NaN,NaN,NaN,NaN,NaN,NaN
1529542800,2.53,2.54,2.52,2.52,568400,NaN,NaN,NaN,NaN,NaN,NaN,NaN
1529629200,2.41,2.41,2.34,2.36,525600,NaN,NaN,NaN,NaN,NaN,NaN,NaN
1529888400,2.39,2.4,2.36,2.37,393100,NaN,NaN,NaN,NaN,NaN,NaN,NaN
1529974800,2.37,2.38,2.37,2.37,242900,NaN,NaN,NaN,NaN,NaN,NaN,NaN
1530061200,2.36,2.37,2.35,2.36,1120800,NaN,NaN,NaN,NaN,NaN,NaN,NaN
1530147600,2.36,2.36,2.35,2.36,884600,NaN,NaN,NaN,NaN,NaN,NaN,NaN
1530234000,2.37,2.38,2.37,2.38,316200,1733113500,5570043000,1096223000,138056000,304963000,4217635000,6.30252100840336
1530493200,2.39,2.4,2.38,2.39,202900,NaN,NaN,NaN,NaN,NaN,NaN,NaN
1530579600,2.4,2.45,2.39,2.42,396500,NaN,NaN,NaN,NaN,NaN,NaN,NaN
1530666000,2.37,2.41,2.37,2.4,81100,NaN,NaN,NaN,NaN,NaN,NaN,NaN
1530752400,2.41,2.41,2.4,2.41,28900,NaN,NaN,NaN,NaN,NaN,NaN,NaN
1530838800,2.4,2.41,2.39,2.4,1292000,NaN,NaN,NaN,NaN,NaN,NaN,NaN
1531098000,2.39,2.44,2.39,2.41,171000,NaN,NaN,NaN,NaN,NaN,NaN,NaN
1531184400,2.41,2.41,2.4,2.4,573100,NaN,NaN,NaN,NaN,NaN,NaN,NaN
1531270800,2.42,2.42,2.35,2.35,24900,NaN,NaN,NaN,NaN,NaN,NaN,NaN
1531357200,2.35,2.38,2.35,2.36,33300,NaN,NaN,NaN,NaN,NaN,NaN,NaN
1531443600,2.36,2.36,2.36,2.36,3200,NaN,NaN,NaN,NaN,NaN,NaN,NaN
1531702800,2.37,2.4,2.37,2.37,10400,NaN,NaN,NaN,NaN,NaN,NaN,NaN
1531789200,2.37,2.41,2.36,2.36,53400,NaN,NaN,NaN,NaN,NaN,NaN,NaN
1531875600,2.36,2.4,2.36,2.39,153700,NaN,NaN,NaN,NaN,NaN,NaN,NaN
1531962000,2.4,2.41,2.39,2.4,450600,NaN,NaN,NaN,NaN,NaN,NaN,NaN
1532048400,2.4,2.48,2.39,2.47,737400,NaN,NaN,NaN,NaN,NaN,NaN,NaN
1532307600,2.45,2.45,2.43,2.43,552900,NaN,NaN,NaN,NaN,NaN,NaN,NaN
1532394000,2.43,2.48,2.42,2.44,348000,NaN,NaN,NaN,NaN,NaN,NaN,NaN
1532480400,2.42,2.42,2.42,2.42,2100,NaN,NaN,NaN,NaN,NaN,NaN,NaN
1532566800,2.4,2.49,2.4,2.42,298900,NaN,NaN,NaN,NaN,NaN,NaN,NaN
1532653200,2.41,2.41,2.37,2.37,925100,NaN,NaN,NaN,NaN,NaN,NaN,NaN
1532912400,2.37,2.43,2.37,2.37,109300,NaN,NaN,NaN,NaN,NaN,NaN,NaN
1532998800,2.4,2.42,2.37,2.4,609500,NaN,NaN,NaN,NaN,NaN,NaN,NaN
1533085200,2.4,2.44,2.36,2.4,157500,NaN,NaN,NaN,NaN,NaN,NaN,NaN
1533171600,2.4,2.4,2.39,2.39,319000,NaN,NaN,NaN,NaN,NaN,NaN,NaN
1533258000,2.4,2.42,2.33,2.34,2189200,NaN,NaN,NaN,NaN,NaN,NaN,NaN
1533517200,2.34,2.37,2.34,2.35,269800,NaN,NaN,NaN,NaN,NaN,NaN,NaN
1533603600,2.37,2.37,2.35,2.35,151700,NaN,NaN,NaN,NaN,NaN,NaN,NaN
1533690000,2.35,2.4,2.35,2.4,1067700,NaN,NaN,NaN,NaN,NaN,NaN,NaN
1533776400,2.41,2.42,2.36,2.39,100200,NaN,NaN,NaN,NaN,NaN,NaN,NaN
1533862800,2.37,2.38,2.37,2.38,91300,NaN,NaN,NaN,NaN,NaN,NaN,NaN
1534122000,2.38,2.39,2.38,2.38,847900,NaN,NaN,NaN,NaN,NaN,NaN,NaN
1534208400,2.4,2.41,2.38,2.39,1281900,NaN,NaN,NaN,NaN,NaN,NaN,NaN
1534294800,2.39,2.4,2.37,2.37,1479500,NaN,NaN,NaN,NaN,NaN,NaN,NaN
1534381200,2.36,2.37,2.34,2.34,219500,NaN,NaN,NaN,NaN,NaN,NaN,NaN
1534467600,2.36,2.36,2.32,2.32,735600,NaN,NaN,NaN,NaN,NaN,NaN,NaN
1534726800,2.34,2.39,2.34,2.38,80000,NaN,NaN,NaN,NaN,NaN,NaN,NaN
1534813200,2.38,2.38,2.38,2.38,0,NaN,NaN,NaN,NaN,NaN,NaN,NaN
1534986000,2.39,2.42,2.39,2.41,150100,NaN,NaN,NaN,NaN,NaN,NaN,NaN
1535072400,2.42,2.42,2.35,2.39,622600,NaN,NaN,NaN,NaN,NaN,NaN,NaN
1535331600,2.41,2.44,2.41,2.43,375700,NaN,NaN,NaN,NaN,NaN,NaN,NaN
1535418000,2.43,2.44,2.35,2.37,98400,NaN,NaN,NaN,NaN,NaN,NaN,NaN
1535504400,2.41,2.42,2.38,2.38,89300,NaN,NaN,NaN,NaN,NaN,NaN,NaN
1535590800,2.4,2.43,2.36,2.43,644200,NaN,NaN,NaN,NaN,NaN,NaN,NaN
1535936400,2.43,2.43,2.35,2.4,302600,NaN,NaN,NaN,NaN,NaN,NaN,NaN
1536022800,2.37,2.4,2.33,2.33,166500,NaN,NaN,NaN,NaN,NaN,NaN,NaN
1536109200,2.38,2.39,2.36,2.36,248400,NaN,NaN,NaN,NaN,NaN,NaN,NaN
1536195600,2.38,2.38,2.34,2.35,1069500,NaN,NaN,NaN,NaN,NaN,NaN,NaN
1536282000,2.36,2.37,2.36,2.36,1031100,NaN,NaN,NaN,NaN,NaN,NaN,NaN
1536714000,2.36,2.36,2.33,2.34,799700,NaN,NaN,NaN,NaN,NaN,NaN,NaN
1536800400,2.33,2.34,2.33,2.33,125100,NaN,NaN,NaN,NaN,NaN,NaN,NaN
1536886800,2.37,2.37,2.33,2.33,73000,NaN,NaN,NaN,NaN,NaN,NaN,NaN
1537232400,2.37,2.37,2.34,2.35,16400,NaN,NaN,NaN,NaN,NaN,NaN,NaN
1537318800,2.32,2.36,2.32,2.34,60600,NaN,NaN,NaN,NaN,NaN,NaN,NaN
1537405200,2.38,2.38,2.34,2.34,100800,NaN,NaN,NaN,NaN,NaN,NaN,NaN
1537491600,2.35,2.36,2.33,2.34,391600,NaN,NaN,NaN,NaN,NaN,NaN,NaN
1537750800,2.33,2.36,2.33,2.33,67500,NaN,NaN,NaN,NaN,NaN,NaN,NaN
1537837200,2.33,2.33,2.33,2.33,110500,NaN,NaN,NaN,NaN,NaN,NaN,NaN
1537923600,2.32,2.32,2.32,2.32,5000,NaN,NaN,NaN,NaN,NaN,NaN,NaN
1538010000,2.32,2.37,2.28,2.37,67000,NaN,NaN,NaN,NaN,NaN,NaN,NaN
1538096400,2.32,2.34,2.3,2.3,1022500,1843738100,5750811000,953979000,70714000,300377000,4545987000,6.52173913043478
1538355600,2.31,2.33,2.3,2.32,403900,NaN,NaN,NaN,NaN,NaN,NaN,NaN
1538442000,2.33,2.33,2.3,2.31,523300,NaN,NaN,NaN,NaN,NaN,NaN,NaN
1538528400,2.32,2.32,2.31,2.31,92300,NaN,NaN,NaN,NaN,NaN,NaN,NaN
1538614800,2.31,2.31,2.3,2.31,129000,NaN,NaN,NaN,NaN,NaN,NaN,NaN
1538701200,2.31,2.31,2.3,2.31,384500,NaN,NaN,NaN,NaN,NaN,NaN,NaN
1538960400,2.3,2.32,2.3,2.3,9700,NaN,NaN,NaN,NaN,NaN,NaN,NaN
1539046800,2.34,2.34,2.3,2.3,2000,NaN,NaN,NaN,NaN,NaN,NaN,NaN
1539133200,2.31,2.31,2.31,2.31,141500,NaN,NaN,NaN,NaN,NaN,NaN,NaN
1539219600,2.28,2.29,2.25,2.28,333400,NaN,NaN,NaN,NaN,NaN,NaN,NaN
1539306000,2.31,2.31,2.28,2.28,600,NaN,NaN,NaN,NaN,NaN,NaN,NaN
1539565200,2.28,2.28,2.25,2.26,24400,NaN,NaN,NaN,NaN,NaN,NaN,NaN
1539651600,2.25,2.27,2.07,2.22,1025600,NaN,NaN,NaN,NaN,NaN,NaN,NaN
1539738000,2.2,2.23,2.12,2.13,1090700,NaN,NaN,NaN,NaN,NaN,NaN,NaN
1539824400,2.12,2.15,2.08,2.09,625200,NaN,NaN,NaN,NaN,NaN,NaN,NaN
1539910800,2.1,2.1,2.01,2.06,3947800,NaN,NaN,NaN,NaN,NaN,NaN,NaN
1540170000,2.05,2.11,2.05,2.1,103500,NaN,NaN,NaN,NaN,NaN,NaN,NaN
1540256400,2.08,2.08,1.98,2,1643400,NaN,NaN,NaN,NaN,NaN,NaN,NaN
1540342800,2,2,1.96,1.99,597700,NaN,NaN,NaN,NaN,NaN,NaN,NaN
1540429200,1.97,2,1.94,1.96,227200,NaN,NaN,NaN,NaN,NaN,NaN,NaN
1540515600,1.97,1.97,1.9,1.9,176800,NaN,NaN,NaN,NaN,NaN,NaN,NaN
1540774800,1.9,1.9,1.84,1.87,501600,NaN,NaN,NaN,NaN,NaN,NaN,NaN
1540861200,1.88,1.93,1.88,1.89,57100,NaN,NaN,NaN,NaN,NaN,NaN,NaN
1540947600,1.95,1.97,1.95,1.95,34800,NaN,NaN,NaN,NaN,NaN,NaN,NaN
1541034000,1.98,2,1.97,1.97,6800,NaN,NaN,NaN,NaN,NaN,NaN,NaN
1541120400,2,2,1.98,1.98,60100,NaN,NaN,NaN,NaN,NaN,NaN,NaN
1541379600,2.1,2.1,2.01,2.04,130900,NaN,NaN,NaN,NaN,NaN,NaN,NaN
1541552400,2.01,2.04,2,2.02,1087300,NaN,NaN,NaN,NaN,NaN,NaN,NaN
1541638800,2,2.07,2,2.03,204400,NaN,NaN,NaN,NaN,NaN,NaN,NaN
1541725200,2.03,2.06,2.02,2.05,166200,NaN,NaN,NaN,NaN,NaN,NaN,NaN
1541984400,2.04,2.04,2.03,2.04,21000,NaN,NaN,NaN,NaN,NaN,NaN,NaN
1542070800,2.03,2.06,2.01,2.04,57500,NaN,NaN,NaN,NaN,NaN,NaN,NaN
1542157200,2.02,2.06,2.02,2.04,54900,NaN,NaN,NaN,NaN,NaN,NaN,NaN
1542243600,2.07,2.09,2.05,2.07,36800,NaN,NaN,NaN,NaN,NaN,NaN,NaN
1542330000,2.08,2.15,2.08,2.15,186300,NaN,NaN,NaN,NaN,NaN,NaN,NaN
1542589200,2.17,2.23,2.15,2.19,66600,NaN,NaN,NaN,NaN,NaN,NaN,NaN
1542762000,2.11,2.21,2.11,2.11,114400,NaN,NaN,NaN,NaN,NaN,NaN,NaN
1542848400,2.21,2.21,2.2,2.2,50500,NaN,NaN,NaN,NaN,NaN,NaN,NaN
1542934800,2.2,2.2,2.2,2.2,14600,NaN,NaN,NaN,NaN,NaN,NaN,NaN
1543194000,2.15,2.15,2.15,2.15,500,NaN,NaN,NaN,NaN,NaN,NaN,NaN
1543280400,2.15,2.15,2.12,2.15,22700,NaN,NaN,NaN,NaN,NaN,NaN,NaN
1543366800,2.2,2.2,2.15,2.16,50000,NaN,NaN,NaN,NaN,NaN,NaN,NaN
1543453200,2.21,2.21,2.15,2.19,132400,NaN,NaN,NaN,NaN,NaN,NaN,NaN
1543539600,2.18,2.19,2.11,2.11,177800,NaN,NaN,NaN,NaN,NaN,NaN,NaN
1543798800,2.18,2.18,2.09,2.1,121900,NaN,NaN,NaN,NaN,NaN,NaN,NaN
1543885200,2.15,2.15,2.1,2.1,160000,NaN,NaN,NaN,NaN,NaN,NaN,NaN
1543971600,2.08,2.15,2.07,2.13,118100,NaN,NaN,NaN,NaN,NaN,NaN,NaN
1544058000,2.11,2.12,2.07,2.1,23800,NaN,NaN,NaN,NaN,NaN,NaN,NaN
1544144400,2.07,2.15,2.07,2.1,142800,NaN,NaN,NaN,NaN,NaN,NaN,NaN
1544403600,2.1,2.15,2.07,2.1,49400,NaN,NaN,NaN,NaN,NaN,NaN,NaN
1544490000,2.1,2.1,2.1,2.1,2200,NaN,NaN,NaN,NaN,NaN,NaN,NaN
1544576400,2.1,2.11,2.09,2.1,118700,NaN,NaN,NaN,NaN,NaN,NaN,NaN
1544662800,2.1,2.1,2.09,2.1,354000,NaN,NaN,NaN,NaN,NaN,NaN,NaN
1544749200,2.1,2.11,2.1,2.11,94100,NaN,NaN,NaN,NaN,NaN,NaN,NaN
1545008400,2.1,2.1,2.06,2.07,41000,NaN,NaN,NaN,NaN,NaN,NaN,NaN
1545094800,2.08,2.09,2.08,2.08,207400,NaN,NaN,NaN,NaN,NaN,NaN,NaN
1545181200,2.08,2.11,2.08,2.11,85400,NaN,NaN,NaN,NaN,NaN,NaN,NaN
1545267600,2.11,2.11,2.07,2.08,22500,NaN,NaN,NaN,NaN,NaN,NaN,NaN
1545354000,2.08,2.08,2.03,2.03,619400,NaN,NaN,NaN,NaN,NaN,NaN,NaN
1545613200,2.06,2.06,2.03,2.03,37800,NaN,NaN,NaN,NaN,NaN,NaN,NaN
1545786000,2.02,2.02,1.98,1.98,45800,NaN,NaN,NaN,NaN,NaN,NaN,NaN
1545872400,2.02,2.1,2.02,2.07,80500,NaN,NaN,NaN,NaN,NaN,NaN,NaN
1545958800,2.08,2.08,2.03,2.07,6300,NaN,NaN,NaN,NaN,NaN,NaN,NaN
1546218000,2.08,2.14,2.08,2.12,263100,1843738000,5791404000,845566000,123734000,486352000,4680733000,6.60377358490566
1546390800,2.1,2.11,2.1,2.1,27000,NaN,NaN,NaN,NaN,NaN,NaN,NaN
1546477200,2.13,2.15,2.12,2.13,64100,NaN,NaN,NaN,NaN,NaN,NaN,NaN
1546563600,2.11,2.16,2.11,2.15,49000,NaN,NaN,NaN,NaN,NaN,NaN,NaN
1546822800,2.16,2.2,2.14,2.14,52600,NaN,NaN,NaN,NaN,NaN,NaN,NaN
1546909200,2.14,2.17,2.13,2.15,17500,NaN,NaN,NaN,NaN,NaN,NaN,NaN
1546995600,2.18,2.18,2.18,2.18,81500,NaN,NaN,NaN,NaN,NaN,NaN,NaN
1547082000,2.18,2.2,2.15,2.17,216800,NaN,NaN,NaN,NaN,NaN,NaN,NaN
1547168400,2.13,2.2,2.13,2.2,114400,NaN,NaN,NaN,NaN,NaN,NaN,NaN
1547427600,2.19,2.2,2.15,2.15,54100,NaN,NaN,NaN,NaN,NaN,NaN,NaN
1547514000,2.19,2.19,2.19,2.19,29900,NaN,NaN,NaN,NaN,NaN,NaN,NaN
1547600400,2.19,2.19,2.16,2.19,43200,NaN,NaN,NaN,NaN,NaN,NaN,NaN
1547686800,2.2,2.22,2.19,2.2,468000,NaN,NaN,NaN,NaN,NaN,NaN,NaN
1547773200,2.19,2.3,2.19,2.3,231300,NaN,NaN,NaN,NaN,NaN,NaN,NaN
1548118800,2.3,2.34,2.29,2.34,101700,NaN,NaN,NaN,NaN,NaN,NaN,NaN
1548205200,2.28,2.36,2.2,2.27,226400,NaN,NaN,NaN,NaN,NaN,NaN,NaN
1548291600,2.36,2.38,2.29,2.32,26000,NaN,NaN,NaN,NaN,NaN,NaN,NaN
1548378000,2.33,2.43,2.33,2.41,332700,NaN,NaN,NaN,NaN,NaN,NaN,NaN
1548637200,2.4,2.4,2.3,2.38,74700,NaN,NaN,NaN,NaN,NaN,NaN,NaN
1548723600,2.41,2.42,2.32,2.41,199800,NaN,NaN,NaN,NaN,NaN,NaN,NaN
1548810000,2.41,2.45,2.41,2.43,144800,NaN,NaN,NaN,NaN,NaN,NaN,NaN
1548896400,2.4,2.43,2.4,2.4,169800,NaN,NaN,NaN,NaN,NaN,NaN,NaN
1549242000,2.34,2.36,2.33,2.34,282900,NaN,NaN,NaN,NaN,NaN,NaN,NaN
1549501200,2.42,2.42,2.35,2.38,13900,NaN,NaN,NaN,NaN,NaN,NaN,NaN
1549587600,2.38,2.42,2.37,2.37,546900,NaN,NaN,NaN,NaN,NaN,NaN,NaN
1549846800,2.36,2.38,2.36,2.37,322400,NaN,NaN,NaN,NaN,NaN,NaN,NaN
1549933200,2.34,2.35,2.3,2.32,137500,NaN,NaN,NaN,NaN,NaN,NaN,NaN
1550019600,2.35,2.35,2.32,2.32,1000,NaN,NaN,NaN,NaN,NaN,NaN,NaN
1550106000,2.32,2.32,2.3,2.32,9200,NaN,NaN,NaN,NaN,NaN,NaN,NaN
1550192400,2.35,2.35,2.3,2.3,46100,NaN,NaN,NaN,NaN,NaN,NaN,NaN
1550451600,2.28,2.3,2.26,2.27,27800,NaN,NaN,NaN,NaN,NaN,NaN,NaN
1550538000,2.27,2.35,2.23,2.27,208100,NaN,NaN,NaN,NaN,NaN,NaN,NaN
1550624400,2.28,2.3,2.27,2.29,95800,NaN,NaN,NaN,NaN,NaN,NaN,NaN
1550710800,2.29,2.34,2.28,2.34,20900,NaN,NaN,NaN,NaN,NaN,NaN,NaN
1550797200,2.34,2.35,2.27,2.3,114200,NaN,NaN,NaN,NaN,NaN,NaN,NaN
1551056400,2.3,2.3,2.3,2.3,0,NaN,NaN,NaN,NaN,NaN,NaN,NaN
1551142800,2.3,2.35,2.28,2.31,101900,NaN,NaN,NaN,NaN,NaN,NaN,NaN
1551229200,2.34,2.35,2.3,2.32,8800,NaN,NaN,NaN,NaN,NaN,NaN,NaN
1551315600,2.32,2.32,2.28,2.28,138800,NaN,NaN,NaN,NaN,NaN,NaN,NaN
1551402000,2.28,2.28,2.25,2.25,176000,NaN,NaN,NaN,NaN,NaN,NaN,NaN
1551661200,2.25,2.25,2.23,2.23,45800,NaN,NaN,NaN,NaN,NaN,NaN,NaN
1551747600,2.21,2.22,2.21,2.22,15900,NaN,NaN,NaN,NaN,NaN,NaN,NaN
1551834000,2.24,2.24,2.22,2.22,290500,NaN,NaN,NaN,NaN,NaN,NaN,NaN
1551920400,2.22,2.22,2.17,2.18,91900,NaN,NaN,NaN,NaN,NaN,NaN,NaN
1552006800,2.18,2.18,2.17,2.17,43000,NaN,NaN,NaN,NaN,NaN,NaN,NaN
1552266000,2.2,2.2,2.17,2.17,37300,NaN,NaN,NaN,NaN,NaN,NaN,NaN
1552352400,2.2,2.2,2.15,2.18,923700,NaN,NaN,NaN,NaN,NaN,NaN,NaN
1552438800,2.18,2.21,2.18,2.19,504000,NaN,NaN,NaN,NaN,NaN,NaN,NaN
1552525200,2.19,2.19,2.19,2.19,6300,NaN,NaN,NaN,NaN,NaN,NaN,NaN
1552611600,2.19,2.2,2.19,2.19,40400,NaN,NaN,NaN,NaN,NaN,NaN,NaN
1552870800,2.2,2.2,2.18,2.19,965300,NaN,NaN,NaN,NaN,NaN,NaN,NaN
1552957200,2.19,2.2,2.18,2.18,316200,NaN,NaN,NaN,NaN,NaN,NaN,NaN
1553043600,2.2,2.2,2.18,2.18,371600,NaN,NaN,NaN,NaN,NaN,NaN,NaN
1553130000,2.18,2.2,2.18,2.19,604800,NaN,NaN,NaN,NaN,NaN,NaN,NaN
1553216400,2.2,2.21,2.18,2.19,752800,NaN,NaN,NaN,NaN,NaN,NaN,NaN
1553475600,2.18,2.19,2.18,2.19,550500,NaN,NaN,NaN,NaN,NaN,NaN,NaN
1553562000,2.18,2.2,2.18,2.18,357600,NaN,NaN,NaN,NaN,NaN,NaN,NaN
1553648400,2.19,2.19,2.16,2.17,538400,NaN,NaN,NaN,NaN,NaN,NaN,NaN
1553734800,2.16,2.17,2.16,2.16,141700,NaN,NaN,NaN,NaN,NaN,NaN,NaN
1553821200,2.16,2.17,2.14,2.15,829300,1843738100,5747070000,737261000,43602000,244669000,4741985000,6.51162790697675
1554080400,2.15,2.15,2.14,2.14,337900,NaN,NaN,NaN,NaN,NaN,NaN,NaN
1554166800,2.15,2.16,2.14,2.14,700900,NaN,NaN,NaN,NaN,NaN,NaN,NaN
1554253200,2.13,2.15,2.13,2.14,27900,NaN,NaN,NaN,NaN,NaN,NaN,NaN
1554339600,2.15,2.16,2.14,2.14,36800,NaN,NaN,NaN,NaN,NaN,NaN,NaN
1554426000,2.14,2.14,2.11,2.12,214400,NaN,NaN,NaN,NaN,NaN,NaN,NaN
1554685200,2.13,2.13,2.12,2.13,83300,NaN,NaN,NaN,NaN,NaN,NaN,NaN
1554771600,2.14,2.2,2.13,2.14,378800,NaN,NaN,NaN,NaN,NaN,NaN,NaN
1554858000,2.13,2.17,2.13,2.15,653400,NaN,NaN,NaN,NaN,NaN,NaN,NaN
1554944400,2.14,2.23,2.12,2.15,671600,NaN,NaN,NaN,NaN,NaN,NaN,NaN
1555030800,2.15,2.2,2.14,2.2,843900,NaN,NaN,NaN,NaN,NaN,NaN,NaN
1555290000,2.2,2.2,2.18,2.19,41700,NaN,NaN,NaN,NaN,NaN,NaN,NaN
1555376400,2.15,2.21,2.15,2.2,397300,NaN,NaN,NaN,NaN,NaN,NaN,NaN
1555462800,2.15,2.22,2.15,2.2,660900,NaN,NaN,NaN,NaN,NaN,NaN,NaN
1555549200,2.15,2.2,2.15,2.16,1083300,NaN,NaN,NaN,NaN,NaN,NaN,NaN
1555635600,2.18,2.22,2.18,2.22,184500,NaN,NaN,NaN,NaN,NaN,NaN,NaN
1555894800,2.24,2.24,2.2,2.22,25000,NaN,NaN,NaN,NaN,NaN,NaN,NaN
1555981200,2.18,2.23,2.18,2.23,28600,NaN,NaN,NaN,NaN,NaN,NaN,NaN
1556067600,2.19,2.27,2.19,2.25,89600,NaN,NaN,NaN,NaN,NaN,NaN,NaN
1556154000,2.25,2.26,2.25,2.25,14300,NaN,NaN,NaN,NaN,NaN,NaN,NaN
1556240400,2.19,2.26,2.19,2.26,19900,NaN,NaN,NaN,NaN,NaN,NaN,NaN
1556499600,2.26,2.26,2.26,2.26,19000,NaN,NaN,NaN,NaN,NaN,NaN,NaN
1556586000,2.2,2.26,2.2,2.26,24300,NaN,NaN,NaN,NaN,NaN,NaN,NaN
1556758800,2.2,2.39,2.2,2.35,38300,NaN,NaN,NaN,NaN,NaN,NaN,NaN
1556845200,2.31,2.37,2.31,2.37,10300,NaN,NaN,NaN,NaN,NaN,NaN,NaN
1557104400,2.37,2.37,2.33,2.35,73700,NaN,NaN,NaN,NaN,NaN,NaN,NaN
1557190800,2.35,2.37,2.31,2.35,123100,NaN,NaN,NaN,NaN,NaN,NaN,NaN
1557277200,2.35,2.35,2.35,2.35,0,NaN,NaN,NaN,NaN,NaN,NaN,NaN
1557363600,2.35,2.35,2.26,2.35,1584800,NaN,NaN,NaN,NaN,NaN,NaN,NaN
1557450000,2.3,2.31,2.3,2.3,2200,NaN,NaN,NaN,NaN,NaN,NaN,NaN
1557709200,2.3,2.3,2.19,2.28,830700,NaN,NaN,NaN,NaN,NaN,NaN,NaN
1557795600,2.32,2.34,2.26,2.3,1195200,NaN,NaN,NaN,NaN,NaN,NaN,NaN
1557882000,2.3,2.32,2.3,2.3,854600,NaN,NaN,NaN,NaN,NaN,NaN,NaN
1557968400,2.33,2.33,2.3,2.31,34100,NaN,NaN,NaN,NaN,NaN,NaN,NaN
1558054800,2.3,2.35,2.28,2.34,149700,NaN,NaN,NaN,NaN,NaN,NaN,NaN
1558400400,2.35,2.35,2.34,2.34,265700,NaN,NaN,NaN,NaN,NaN,NaN,NaN
1558573200,2.35,2.35,2.24,2.3,339400,NaN,NaN,NaN,NaN,NaN,NaN,NaN
1558659600,2.34,2.35,2.33,2.35,529000,NaN,NaN,NaN,NaN,NaN,NaN,NaN
1558918800,2.34,2.34,2.32,2.33,158400,NaN,NaN,NaN,NaN,NaN,NaN,NaN
1559005200,2.33,2.33,2.2,2.2,1203900,NaN,NaN,NaN,NaN,NaN,NaN,NaN
1559091600,2.26,2.33,2.21,2.3,359000,NaN,NaN,NaN,NaN,NaN,NaN,NaN
1559178000,2.3,2.3,2.29,2.3,804300,NaN,NaN,NaN,NaN,NaN,NaN,NaN
1559264400,2.3,2.34,2.29,2.34,169400,NaN,NaN,NaN,NaN,NaN,NaN,NaN
1559523600,2.33,2.34,2.32,2.33,823500,NaN,NaN,NaN,NaN,NaN,NaN,NaN
1559610000,2.32,2.34,2.31,2.32,25500,NaN,NaN,NaN,NaN,NaN,NaN,NaN
1559869200,2.34,2.34,2.3,2.3,399000,NaN,NaN,NaN,NaN,NaN,NaN,NaN
1560128400,2.32,2.33,2.32,2.32,5700,NaN,NaN,NaN,NaN,NaN,NaN,NaN
1560214800,2.33,2.34,2.33,2.34,89200,NaN,NaN,NaN,NaN,NaN,NaN,NaN
1560301200,2.34,2.35,2.33,2.34,622400,NaN,NaN,NaN,NaN,NaN,NaN,NaN
1560387600,2.35,2.37,2.29,2.34,1284000,NaN,NaN,NaN,NaN,NaN,NaN,NaN
1560474000,2.34,2.36,2.34,2.34,14200,NaN,NaN,NaN,NaN,NaN,NaN,NaN
1560733200,2.34,2.34,2.29,2.31,17000,NaN,NaN,NaN,NaN,NaN,NaN,NaN
1560819600,2.34,2.34,2.32,2.32,154100,NaN,NaN,NaN,NaN,NaN,NaN,NaN
1560906000,2.32,2.35,2.32,2.34,531500,NaN,NaN,NaN,NaN,NaN,NaN,NaN
1560992400,2.35,2.37,2.33,2.36,321300,NaN,NaN,NaN,NaN,NaN,NaN,NaN
1561078800,2.38,2.41,2.38,2.38,188800,NaN,NaN,NaN,NaN,NaN,NaN,NaN
1561338000,2.34,2.41,2.34,2.4,152700,NaN,NaN,NaN,NaN,NaN,NaN,NaN
1561424400,2.4,2.41,2.4,2.4,25700,NaN,NaN,NaN,NaN,NaN,NaN,NaN
1561510800,2.4,2.42,2.39,2.4,582200,NaN,NaN,NaN,NaN,NaN,NaN,NaN
1561597200,2.41,2.41,2.4,2.4,149800,NaN,NaN,NaN,NaN,NaN,NaN,NaN
1561683600,2.4,2.42,2.4,2.4,856500,1843738100,5871619000,992519000,120878000,344330000,4607558000,5.83333333333333
1561942800,2.35,2.35,2.19,2.23,273300,NaN,NaN,NaN,NaN,NaN,NaN,NaN
1562029200,2.23,2.24,2.23,2.23,1300900,NaN,NaN,NaN,NaN,NaN,NaN,NaN
1562115600,2.24,2.26,2.24,2.26,321000,NaN,NaN,NaN,NaN,NaN,NaN,NaN
1562202000,2.26,2.26,2.26,2.26,0,NaN,NaN,NaN,NaN,NaN,NaN,NaN
1562288400,2.26,2.29,2.22,2.24,95900,NaN,NaN,NaN,NaN,NaN,NaN,NaN
1562547600,2.23,2.25,2.21,2.25,2590200,NaN,NaN,NaN,NaN,NaN,NaN,NaN
1562634000,2.25,2.3,2.24,2.3,984400,NaN,NaN,NaN,NaN,NaN,NaN,NaN
1562720400,2.28,2.28,2.23,2.23,142000,NaN,NaN,NaN,NaN,NaN,NaN,NaN
1562806800,2.22,2.23,2.19,2.19,151500,NaN,NaN,NaN,NaN,NaN,NaN,NaN
1562893200,2.18,2.25,2.18,2.25,1385200,NaN,NaN,NaN,NaN,NaN,NaN,NaN
1563152400,2.21,2.22,2.2,2.2,207600,NaN,NaN,NaN,NaN,NaN,NaN,NaN
1563238800,2.21,2.21,2.2,2.21,2041300,NaN,NaN,NaN,NaN,NaN,NaN,NaN
1563325200,2.21,2.22,2.21,2.22,238000,NaN,NaN,NaN,NaN,NaN,NaN,NaN
1563411600,2.22,2.23,2.21,2.23,785700,NaN,NaN,NaN,NaN,NaN,NaN,NaN
1563498000,2.21,2.26,2.2,2.25,1881300,NaN,NaN,NaN,NaN,NaN,NaN,NaN
1563757200,2.25,2.25,2.18,2.19,282300,NaN,NaN,NaN,NaN,NaN,NaN,NaN
1563843600,2.19,2.21,2.19,2.19,42000,NaN,NaN,NaN,NaN,NaN,NaN,NaN
1563930000,2.19,2.22,2.17,2.22,64200,NaN,NaN,NaN,NaN,NaN,NaN,NaN
1564016400,2.2,2.2,2.15,2.17,98100,NaN,NaN,NaN,NaN,NaN,NaN,NaN
1564102800,2.17,2.17,2.1,2.11,149000,NaN,NaN,NaN,NaN,NaN,NaN,NaN
1564362000,2.1,2.11,2.08,2.09,387700,NaN,NaN,NaN,NaN,NaN,NaN,NaN
1564534800,2.08,2.09,2.06,2.08,2076300,NaN,NaN,NaN,NaN,NaN,NaN,NaN
1564621200,2.06,2.08,2.06,2.07,1873300,NaN,NaN,NaN,NaN,NaN,NaN,NaN
1564707600,2.07,2.11,2.06,2.09,83300,NaN,NaN,NaN,NaN,NaN,NaN,NaN
1564966800,2.08,2.08,2.05,2.06,296000,NaN,NaN,NaN,NaN,NaN,NaN,NaN
1565053200,2.06,2.06,2,2.03,864600,NaN,NaN,NaN,NaN,NaN,NaN,NaN
1565139600,2.03,2.07,2.03,2.06,229300,NaN,NaN,NaN,NaN,NaN,NaN,NaN
1565226000,2.07,2.08,2.07,2.08,72900,NaN,NaN,NaN,NaN,NaN,NaN,NaN
1565312400,2.09,2.09,2.06,2.06,98200,NaN,NaN,NaN,NaN,NaN,NaN,NaN
1565658000,2.05,2.06,2,2.05,388100,NaN,NaN,NaN,NaN,NaN,NaN,NaN
1565744400,2.06,2.06,2.06,2.06,100,NaN,NaN,NaN,NaN,NaN,NaN,NaN
1565830800,2.01,2.03,1.98,2,1498800,NaN,NaN,NaN,NaN,NaN,NaN,NaN
1565917200,2,2.01,1.99,2.01,963400,NaN,NaN,NaN,NaN,NaN,NaN,NaN
1566176400,2.01,2.02,2,2,199000,NaN,NaN,NaN,NaN,NaN,NaN,NaN
1566262800,2.01,2.01,2,2,132100,NaN,NaN,NaN,NaN,NaN,NaN,NaN
1566349200,2,2,1.99,2,92600,NaN,NaN,NaN,NaN,NaN,NaN,NaN
1566435600,2,2.07,2,2.07,215200,NaN,NaN,NaN,NaN,NaN,NaN,NaN
1566522000,2.07,2.07,2.07,2.07,0,NaN,NaN,NaN,NaN,NaN,NaN,NaN
1566781200,2.07,2.07,2.06,2.06,16500,NaN,NaN,NaN,NaN,NaN,NaN,NaN
1566867600,2.06,2.07,2.02,2.06,1056700,NaN,NaN,NaN,NaN,NaN,NaN,NaN
1566954000,2.08,2.08,2.03,2.03,8500,NaN,NaN,NaN,NaN,NaN,NaN,NaN
1567040400,2.03,2.04,2.01,2.01,109900,NaN,NaN,NaN,NaN,NaN,NaN,NaN
1567126800,2.02,2.02,1.99,1.99,307900,NaN,NaN,NaN,NaN,NaN,NaN,NaN
1567472400,2.01,2.01,1.99,2,15700,NaN,NaN,NaN,NaN,NaN,NaN,NaN
1567558800,2,2,1.99,1.99,67600,NaN,NaN,NaN,NaN,NaN,NaN,NaN
1567645200,2,2.01,2,2,16000,NaN,NaN,NaN,NaN,NaN,NaN,NaN
1567731600,2,2,1.99,1.99,114600,NaN,NaN,NaN,NaN,NaN,NaN,NaN
1568077200,2,2,1.98,1.98,131000,NaN,NaN,NaN,NaN,NaN,NaN,NaN
1568163600,2,2,1.99,1.99,6300,NaN,NaN,NaN,NaN,NaN,NaN,NaN
1568250000,2,2.01,1.99,1.99,267300,NaN,NaN,NaN,NaN,NaN,NaN,NaN
1568336400,2,2,1.97,1.99,362400,NaN,NaN,NaN,NaN,NaN,NaN,NaN
1568682000,1.99,2.02,1.98,1.99,521400,NaN,NaN,NaN,NaN,NaN,NaN,NaN
1568768400,1.98,2.01,1.98,2,422300,NaN,NaN,NaN,NaN,NaN,NaN,NaN
1568854800,2,2,1.99,1.99,6100,NaN,NaN,NaN,NaN,NaN,NaN,NaN
1568941200,1.99,2.01,1.99,2.01,1484900,NaN,NaN,NaN,NaN,NaN,NaN,NaN
1569200400,2.04,2.04,2.03,2.03,12600,NaN,NaN,NaN,NaN,NaN,NaN,NaN
1569286800,2.03,2.03,2.03,2.03,0,NaN,NaN,NaN,NaN,NaN,NaN,NaN
1569373200,2.02,2.04,2.02,2.04,40600,NaN,NaN,NaN,NaN,NaN,NaN,NaN
1569459600,2.04,2.04,2.02,2.04,10700,NaN,NaN,NaN,NaN,NaN,NaN,NaN
1569546000,2.01,2.04,1.97,1.98,510000,NaN,NaN,NaN,NaN,NaN,NaN,NaN
1569805200,2,2.02,1.99,2,195900,1966023200,5882805000,693484000,68190000,288438000,4951583000,7
1569891600,2,2,1.98,2,33600,NaN,NaN,NaN,NaN,NaN,NaN,NaN
1569978000,1.98,1.99,1.93,1.93,409700,NaN,NaN,NaN,NaN,NaN,NaN,NaN
1570064400,1.93,1.94,1.88,1.9,516700,NaN,NaN,NaN,NaN,NaN,NaN,NaN
1570150800,1.9,1.9,1.89,1.89,233200,NaN,NaN,NaN,NaN,NaN,NaN,NaN
1570410000,1.89,1.89,1.87,1.89,93700,NaN,NaN,NaN,NaN,NaN,NaN,NaN
1570496400,1.9,1.91,1.9,1.9,22300,NaN,NaN,NaN,NaN,NaN,NaN,NaN
1570582800,1.9,1.93,1.9,1.92,44900,NaN,NaN,NaN,NaN,NaN,NaN,NaN
1570669200,1.92,1.96,1.91,1.96,165800,NaN,NaN,NaN,NaN,NaN,NaN,NaN
1570755600,1.96,1.97,1.94,1.97,122800,NaN,NaN,NaN,NaN,NaN,NaN,NaN
1571014800,1.98,2.01,1.98,2.01,395600,NaN,NaN,NaN,NaN,NaN,NaN,NaN
1571101200,2.02,2.02,1.98,1.99,113300,NaN,NaN,NaN,NaN,NaN,NaN,NaN
1571187600,2,2,1.97,1.97,73500,NaN,NaN,NaN,NaN,NaN,NaN,NaN
1571274000,1.97,1.97,1.89,1.9,281900,NaN,NaN,NaN,NaN,NaN,NaN,NaN
1571360400,1.91,1.91,1.9,1.91,517200,NaN,NaN,NaN,NaN,NaN,NaN,NaN
1571619600,1.93,1.96,1.93,1.96,1748300,NaN,NaN,NaN,NaN,NaN,NaN,NaN
1571706000,1.96,1.98,1.96,1.97,131200,NaN,NaN,NaN,NaN,NaN,NaN,NaN
1571792400,1.99,1.99,1.97,1.97,15300,NaN,NaN,NaN,NaN,NaN,NaN,NaN
1571878800,1.97,1.98,1.97,1.98,216800,NaN,NaN,NaN,NaN,NaN,NaN,NaN
1571965200,1.99,2,1.98,1.98,2286100,NaN,NaN,NaN,NaN,NaN,NaN,NaN
1572310800,1.99,1.99,1.98,1.99,1532200,NaN,NaN,NaN,NaN,NaN,NaN,NaN
1572397200,1.99,2,1.99,2,814800,NaN,NaN,NaN,NaN,NaN,NaN,NaN
1572483600,2,2.01,1.98,2,417400,NaN,NaN,NaN,NaN,NaN,NaN,NaN
1572570000,2.01,2.01,2,2,540500,NaN,NaN,NaN,NaN,NaN,NaN,NaN
1572829200,2,2.02,1.99,2.02,43800,NaN,NaN,NaN,NaN,NaN,NaN,NaN
1572915600,2.02,2.05,2.02,2.05,986900,NaN,NaN,NaN,NaN,NaN,NaN,NaN
1573002000,2.02,2.05,1.98,2.02,899700,NaN,NaN,NaN,NaN,NaN,NaN,NaN
1573088400,2.01,2.04,1.98,2.01,661300,NaN,NaN,NaN,NaN,NaN,NaN,NaN
1573174800,2,2,1.98,1.98,67200,NaN,NaN,NaN,NaN,NaN,NaN,NaN
1573434000,1.95,1.99,1.95,1.98,406300,NaN,NaN,NaN,NaN,NaN,NaN,NaN
1573520400,1.99,1.99,1.96,1.98,298400,NaN,NaN,NaN,NaN,NaN,NaN,NaN
1573606800,1.98,1.99,1.97,1.98,42000,NaN,NaN,NaN,NaN,NaN,NaN,NaN
1573693200,1.98,1.99,1.96,1.97,638100,NaN,NaN,NaN,NaN,NaN,NaN,NaN
1573779600,1.96,1.98,1.91,1.94,1723200,NaN,NaN,NaN,NaN,NaN,NaN,NaN
1574038800,1.93,1.97,1.93,1.94,520600,NaN,NaN,NaN,NaN,NaN,NaN,NaN
1574125200,1.95,1.95,1.91,1.92,1685200,NaN,NaN,NaN,NaN,NaN,NaN,NaN
1574211600,1.93,1.99,1.93,1.96,3831800,NaN,NaN,NaN,NaN,NaN,NaN,NaN
1574298000,1.97,2,1.93,1.93,2034900,NaN,NaN,NaN,NaN,NaN,NaN,NaN
1574384400,1.94,1.98,1.92,1.93,2045500,NaN,NaN,NaN,NaN,NaN,NaN,NaN
1574643600,1.93,1.97,1.93,1.93,1683200,NaN,NaN,NaN,NaN,NaN,NaN,NaN
1574730000,1.94,1.96,1.89,1.89,11429400,NaN,NaN,NaN,NaN,NaN,NaN,NaN
1574816400,1.92,1.95,1.91,1.94,1143900,NaN,NaN,NaN,NaN,NaN,NaN,NaN
1574902800,1.94,2.04,1.94,2.01,1593500,NaN,NaN,NaN,NaN,NaN,NaN,NaN
1574989200,2.03,2.07,1.97,2.01,1630200,NaN,NaN,NaN,NaN,NaN,NaN,NaN
1575248400,2.01,2.03,2,2,133000,NaN,NaN,NaN,NaN,NaN,NaN,NaN
1575334800,1.99,2.02,1.97,1.97,1579500,NaN,NaN,NaN,NaN,NaN,NaN,NaN
1575421200,2.02,2.02,1.97,1.99,1698200,NaN,NaN,NaN,NaN,NaN,NaN,NaN
1575507600,2.02,2.03,2.01,2.01,690400,NaN,NaN,NaN,NaN,NaN,NaN,NaN
1575594000,2.03,2.04,2,2,427900,NaN,NaN,NaN,NaN,NaN,NaN,NaN
1575853200,2,2.05,2,2.04,301700,NaN,NaN,NaN,NaN,NaN,NaN,NaN
1575939600,2.03,2.06,2.01,2.06,675200,NaN,NaN,NaN,NaN,NaN,NaN,NaN
1576026000,2.06,2.07,2.03,2.06,626900,NaN,NaN,NaN,NaN,NaN,NaN,NaN
1576112400,2.06,2.09,2.05,2.05,5602100,NaN,NaN,NaN,NaN,NaN,NaN,NaN
1576198800,2.06,2.08,2.02,2.08,387400,NaN,NaN,NaN,NaN,NaN,NaN,NaN
1576458000,2.07,2.09,2.06,2.09,314300,NaN,NaN,NaN,NaN,NaN,NaN,NaN
1576544400,2.07,2.09,2.07,2.08,1037100,NaN,NaN,NaN,NaN,NaN,NaN,NaN
1576630800,2.1,2.15,2.1,2.15,388400,NaN,NaN,NaN,NaN,NaN,NaN,NaN
1576717200,2.15,2.15,2.13,2.14,261200,NaN,NaN,NaN,NaN,NaN,NaN,NaN
1576803600,2.14,2.14,2.08,2.08,48800,NaN,NaN,NaN,NaN,NaN,NaN,NaN
1577062800,2.08,2.08,2.08,2.08,1500,NaN,NaN,NaN,NaN,NaN,NaN,NaN
1577149200,2.1,2.1,2.08,2.08,900,NaN,NaN,NaN,NaN,NaN,NaN,NaN
1577322000,2.08,2.09,2.06,2.06,31900,NaN,NaN,NaN,NaN,NaN,NaN,NaN
1577408400,2.06,2.06,2.04,2.04,107400,NaN,NaN,NaN,NaN,NaN,NaN,NaN
1577667600,2.04,2.05,2.02,2.02,260800,NaN,NaN,NaN,NaN,NaN,NaN,NaN
1577754000,2.02,2.03,2.02,2.03,260600,1966023200,5962879000,691011000,26214000,227020000,5064894000,6.89655172413793
1577926800,2.03,2.06,2.02,2.04,187800,NaN,NaN,NaN,NaN,NaN,NaN,NaN
1578013200,2.04,2.05,2.03,2.04,418300,NaN,NaN,NaN,NaN,NaN,NaN,NaN
1578272400,2.04,2.04,2.02,2.02,115200,NaN,NaN,NaN,NaN,NaN,NaN,NaN
1578358800,2.03,2.04,2.02,2.03,173400,NaN,NaN,NaN,NaN,NaN,NaN,NaN
1578445200,2.03,2.03,2.02,2.03,238600,NaN,NaN,NaN,NaN,NaN,NaN,NaN
1578531600,2.05,2.06,2.02,2.05,450300,NaN,NaN,NaN,NaN,NaN,NaN,NaN
1578618000,2.05,2.06,2.04,2.05,491100,NaN,NaN,NaN,NaN,NaN,NaN,NaN
1578877200,2.05,2.05,1.97,1.97,634200,NaN,NaN,NaN,NaN,NaN,NaN,NaN
1578963600,2,2,1.99,2,484400,NaN,NaN,NaN,NaN,NaN,NaN,NaN
1579050000,2.02,2.02,2,2,57800,NaN,NaN,NaN,NaN,NaN,NaN,NaN
1579136400,2,2.01,1.99,2,406500,NaN,NaN,NaN,NaN,NaN,NaN,NaN
1579222800,2,2.01,2,2.01,3100,NaN,NaN,NaN,NaN,NaN,NaN,NaN
1579482000,2,2.05,2,2.03,207200,NaN,NaN,NaN,NaN,NaN,NaN,NaN
1579568400,2.06,2.1,2.05,2.05,183700,NaN,NaN,NaN,NaN,NaN,NaN,NaN
1579654800,2.07,2.11,2.06,2.1,1090800,NaN,NaN,NaN,NaN,NaN,NaN,NaN
1579741200,2.09,2.12,2.06,2.06,236600,NaN,NaN,NaN,NaN,NaN,NaN,NaN
1579827600,2.05,2.06,2,2.06,277900,NaN,NaN,NaN,NaN,NaN,NaN,NaN
1580173200,2.03,2.07,2.03,2.05,894000,NaN,NaN,NaN,NaN,NaN,NaN,NaN
1580259600,2.06,2.07,2.05,2.06,507700,NaN,NaN,NaN,NaN,NaN,NaN,NaN
1580346000,2.06,2.06,2.04,2.04,1151800,NaN,NaN,NaN,NaN,NaN,NaN,NaN
1580432400,2.04,2.04,1.98,1.98,1082400,NaN,NaN,NaN,NaN,NaN,NaN,NaN
1580691600,2.03,2.03,1.97,1.99,459500,NaN,NaN,NaN,NaN,NaN,NaN,NaN
1580778000,2,2,1.95,1.96,631700,NaN,NaN,NaN,NaN,NaN,NaN,NaN
1580864400,1.96,1.96,1.95,1.95,241800,NaN,NaN,NaN,NaN,NaN,NaN,NaN
1580950800,1.96,1.96,1.95,1.95,118600,NaN,NaN,NaN,NaN,NaN,NaN,NaN
1581037200,1.99,1.99,1.95,1.96,344600,NaN,NaN,NaN,NaN,NaN,NaN,NaN
1581296400,1.95,1.96,1.94,1.95,368500,NaN,NaN,NaN,NaN,NaN,NaN,NaN
1581382800,1.95,1.99,1.95,1.95,436700,NaN,NaN,NaN,NaN,NaN,NaN,NaN
1581469200,1.97,1.97,1.94,1.95,727700,NaN,NaN,NaN,NaN,NaN,NaN,NaN
1581555600,1.95,2.01,1.94,1.95,361500,NaN,NaN,NaN,NaN,NaN,NaN,NaN
1581642000,1.97,2,1.96,2,1083600,NaN,NaN,NaN,NaN,NaN,NaN,NaN
1581901200,1.98,1.99,1.97,1.99,183900,NaN,NaN,NaN,NaN,NaN,NaN,NaN
1581987600,1.98,1.99,1.97,1.99,2752700,NaN,NaN,NaN,NaN,NaN,NaN,NaN
1582074000,2.01,2.01,1.97,1.98,52900,NaN,NaN,NaN,NaN,NaN,NaN,NaN
1582160400,2,2.02,1.97,2.01,468900,NaN,NaN,NaN,NaN,NaN,NaN,NaN
1582246800,2.02,2.05,1.95,1.96,7137300,NaN,NaN,NaN,NaN,NaN,NaN,NaN
1582506000,1.95,1.95,1.91,1.92,1627000,NaN,NaN,NaN,NaN,NaN,NaN,NaN
1582592400,1.93,1.94,1.91,1.91,807400,NaN,NaN,NaN,NaN,NaN,NaN,NaN
1582678800,1.94,1.99,1.93,1.98,159600,NaN,NaN,NaN,NaN,NaN,NaN,NaN
1582765200,2,2.01,1.99,2,409500,NaN,NaN,NaN,NaN,NaN,NaN,NaN
1582851600,1.99,1.99,1.94,1.95,454100,NaN,NaN,NaN,NaN,NaN,NaN,NaN
1583110800,1.96,1.96,1.92,1.92,484400,NaN,NaN,NaN,NaN,NaN,NaN,NaN
1583197200,1.92,1.96,1.92,1.95,159900,NaN,NaN,NaN,NaN,NaN,NaN,NaN
1583283600,1.95,1.96,1.92,1.92,269100,NaN,NaN,NaN,NaN,NaN,NaN,NaN
1583370000,1.93,1.95,1.93,1.95,21900,NaN,NaN,NaN,NaN,NaN,NaN,NaN
1583456400,1.95,1.96,1.93,1.96,160100,NaN,NaN,NaN,NaN,NaN,NaN,NaN
1583715600,1.95,1.95,1.88,1.89,363700,NaN,NaN,NaN,NaN,NaN,NaN,NaN
1583802000,1.88,1.93,1.86,1.86,517400,NaN,NaN,NaN,NaN,NaN,NaN,NaN
1583888400,1.95,1.99,1.9,1.93,86600,NaN,NaN,NaN,NaN,NaN,NaN,NaN
1583974800,1.9,1.9,1.87,1.88,84600,NaN,NaN,NaN,NaN,NaN,NaN,NaN
1584061200,1.85,1.87,1.81,1.82,1950700,NaN,NaN,NaN,NaN,NaN,NaN,NaN
1584320400,1.8,1.8,1.7,1.72,611900,NaN,NaN,NaN,NaN,NaN,NaN,NaN
1584406800,1.6,1.6,1.52,1.53,985000,NaN,NaN,NaN,NaN,NaN,NaN,NaN
1584493200,1.52,1.56,1.4,1.5,1556100,NaN,NaN,NaN,NaN,NaN,NaN,NaN
1584579600,1.45,1.5,1.41,1.42,1214900,NaN,NaN,NaN,NaN,NaN,NaN,NaN
1584666000,1.42,1.48,1.42,1.44,1016600,NaN,NaN,NaN,NaN,NaN,NaN,NaN
1584925200,1.38,1.41,1.38,1.41,385700,NaN,NaN,NaN,NaN,NaN,NaN,NaN
1585011600,1.45,1.45,1.4,1.41,389000,NaN,NaN,NaN,NaN,NaN,NaN,NaN
1585098000,1.45,1.48,1.42,1.45,1479400,NaN,NaN,NaN,NaN,NaN,NaN,NaN
1585184400,1.45,1.51,1.45,1.5,60300,NaN,NaN,NaN,NaN,NaN,NaN,NaN
1585270800,1.51,1.58,1.51,1.56,348800,NaN,NaN,NaN,NaN,NaN,NaN,NaN
1585530000,1.54,1.54,1.52,1.54,40400,NaN,NaN,NaN,NaN,NaN,NaN,NaN
1585616400,1.5,1.59,1.5,1.59,95200,1966023200,6136421000,743753000,129937000.00000001,375270000,5183281000,8.80503144654088
1585702800,1.59,1.59,1.55,1.56,134300,NaN,NaN,NaN,NaN,NaN,NaN,NaN
1585789200,1.54,1.58,1.54,1.57,60600,NaN,NaN,NaN,NaN,NaN,NaN,NaN
1585875600,1.58,1.58,1.57,1.57,141000,NaN,NaN,NaN,NaN,NaN,NaN,NaN
1586134800,1.57,1.6,1.57,1.58,262600,NaN,NaN,NaN,NaN,NaN,NaN,NaN
1586221200,1.58,1.59,1.55,1.57,566600,NaN,NaN,NaN,NaN,NaN,NaN,NaN
1586307600,1.55,1.59,1.55,1.57,634500,NaN,NaN,NaN,NaN,NaN,NaN,NaN
1586394000,1.57,1.59,1.57,1.57,440100,NaN,NaN,NaN,NaN,NaN,NaN,NaN
1586480400,1.59,1.59,1.58,1.58,82700,NaN,NaN,NaN,NaN,NaN,NaN,NaN
1586739600,1.58,1.6,1.58,1.59,76300,NaN,NaN,NaN,NaN,NaN,NaN,NaN
1586826000,1.6,1.61,1.56,1.58,750300,NaN,NaN,NaN,NaN,NaN,NaN,NaN
1586912400,1.6,1.61,1.57,1.59,919100,NaN,NaN,NaN,NaN,NaN,NaN,NaN
1586998800,1.6,1.61,1.58,1.6,191400,NaN,NaN,NaN,NaN,NaN,NaN,NaN
1587085200,1.6,1.62,1.6,1.61,766700,NaN,NaN,NaN,NaN,NaN,NaN,NaN
1587344400,1.62,1.65,1.61,1.61,570800,NaN,NaN,NaN,NaN,NaN,NaN,NaN
1587430800,1.61,1.62,1.61,1.61,604800,NaN,NaN,NaN,NaN,NaN,NaN,NaN
1587517200,1.6,1.61,1.58,1.6,107300,NaN,NaN,NaN,NaN,NaN,NaN,NaN
1587603600,1.6,1.63,1.6,1.6,192700,NaN,NaN,NaN,NaN,NaN,NaN,NaN
1587690000,1.62,1.62,1.62,1.62,10000,NaN,NaN,NaN,NaN,NaN,NaN,NaN
1587949200,1.63,1.63,1.6,1.63,47200,NaN,NaN,NaN,NaN,NaN,NaN,NaN
1588035600,1.65,1.65,1.63,1.64,58000,NaN,NaN,NaN,NaN,NaN,NaN,NaN
1588122000,1.64,1.67,1.64,1.67,98900,NaN,NaN,NaN,NaN,NaN,NaN,NaN
1588208400,1.67,1.7,1.67,1.67,233000,NaN,NaN,NaN,NaN,NaN,NaN,NaN
1588554000,1.69,1.7,1.66,1.69,279000,NaN,NaN,NaN,NaN,NaN,NaN,NaN
1588640400,1.72,1.72,1.7,1.71,60000,NaN,NaN,NaN,NaN,NaN,NaN,NaN
1588726800,1.71,1.76,1.7,1.75,366800,NaN,NaN,NaN,NaN,NaN,NaN,NaN
1588899600,1.76,1.78,1.75,1.77,83000,NaN,NaN,NaN,NaN,NaN,NaN,NaN
1589245200,1.8,1.8,1.75,1.76,174600,NaN,NaN,NaN,NaN,NaN,NaN,NaN
1589331600,1.76,1.78,1.73,1.76,132300,NaN,NaN,NaN,NaN,NaN,NaN,NaN
1589418000,1.76,1.77,1.75,1.77,1055200,NaN,NaN,NaN,NaN,NaN,NaN,NaN
1589504400,1.76,1.79,1.75,1.75,27000,NaN,NaN,NaN,NaN,NaN,NaN,NaN
1589763600,1.75,1.77,1.75,1.76,50400,NaN,NaN,NaN,NaN,NaN,NaN,NaN
1589850000,1.79,1.79,1.77,1.79,135500,NaN,NaN,NaN,NaN,NaN,NaN,NaN
1589936400,1.79,1.81,1.76,1.8,214200,NaN,NaN,NaN,NaN,NaN,NaN,NaN
1590022800,1.78,1.81,1.78,1.78,30500,NaN,NaN,NaN,NaN,NaN,NaN,NaN
1590109200,1.78,1.79,1.77,1.77,29200,NaN,NaN,NaN,NaN,NaN,NaN,NaN
1590541200,1.78,1.78,1.76,1.77,40000,NaN,NaN,NaN,NaN,NaN,NaN,NaN
1590627600,1.77,1.78,1.76,1.76,224900,NaN,NaN,NaN,NaN,NaN,NaN,NaN
1590714000,1.76,1.83,1.75,1.8,202800,NaN,NaN,NaN,NaN,NaN,NaN,NaN
1590973200,1.85,1.87,1.82,1.85,508600,NaN,NaN,NaN,NaN,NaN,NaN,NaN
1591059600,1.86,1.86,1.84,1.85,397900,NaN,NaN,NaN,NaN,NaN,NaN,NaN
1591146000,1.88,1.92,1.8,1.8,4274500,NaN,NaN,NaN,NaN,NaN,NaN,NaN
1591232400,1.87,1.88,1.83,1.84,570800,NaN,NaN,NaN,NaN,NaN,NaN,NaN
1591318800,1.84,1.84,1.78,1.79,2519000,NaN,NaN,NaN,NaN,NaN,NaN,NaN
1591664400,1.82,1.84,1.8,1.8,1826900,NaN,NaN,NaN,NaN,NaN,NaN,NaN
1591750800,1.8,1.81,1.79,1.79,766800,NaN,NaN,NaN,NaN,NaN,NaN,NaN
1591837200,1.79,1.8,1.78,1.79,587200,NaN,NaN,NaN,NaN,NaN,NaN,NaN
1591923600,1.76,1.78,1.74,1.75,1804200,NaN,NaN,NaN,NaN,NaN,NaN,NaN
1592182800,1.74,1.76,1.71,1.74,396300,NaN,NaN,NaN,NaN,NaN,NaN,NaN
1592269200,1.75,1.77,1.75,1.76,46400,NaN,NaN,NaN,NaN,NaN,NaN,NaN
1592355600,1.77,1.77,1.74,1.75,152700,NaN,NaN,NaN,NaN,NaN,NaN,NaN
1592442000,1.75,1.78,1.74,1.75,52200,NaN,NaN,NaN,NaN,NaN,NaN,NaN
1592528400,1.79,1.79,1.75,1.78,154900,NaN,NaN,NaN,NaN,NaN,NaN,NaN
1592787600,1.79,1.79,1.77,1.77,159900,NaN,NaN,NaN,NaN,NaN,NaN,NaN
1592874000,1.77,1.79,1.77,1.78,76100,NaN,NaN,NaN,NaN,NaN,NaN,NaN
1592960400,1.79,1.79,1.74,1.74,310700,NaN,NaN,NaN,NaN,NaN,NaN,NaN
1593046800,1.74,1.76,1.69,1.7,620100,NaN,NaN,NaN,NaN,NaN,NaN,NaN
1593133200,1.71,1.76,1.71,1.75,165300,NaN,NaN,NaN,NaN,NaN,NaN,NaN
1593392400,1.75,1.81,1.74,1.81,390000,NaN,NaN,NaN,NaN,NaN,NaN,NaN
1593478800,1.84,1.87,1.84,1.85,1052500,1966023200,6201780000,1054521000,7278000,140882000,4936160000,7.56756756756757
1593565200,1.86,1.86,1.81,1.83,441900,NaN,NaN,NaN,NaN,NaN,NaN,NaN
1593651600,1.84,1.84,1.78,1.79,755600,NaN,NaN,NaN,NaN,NaN,NaN,NaN
1593738000,1.79,1.8,1.77,1.78,461300,NaN,NaN,NaN,NaN,NaN,NaN,NaN
1593997200,1.8,1.8,1.78,1.79,653400,NaN,NaN,NaN,NaN,NaN,NaN,NaN
1594083600,1.79,1.79,1.76,1.77,577500,NaN,NaN,NaN,NaN,NaN,NaN,NaN
1594170000,1.77,1.77,1.72,1.73,713400,NaN,NaN,NaN,NaN,NaN,NaN,NaN
1594256400,1.74,1.74,1.73,1.74,334500,NaN,NaN,NaN,NaN,NaN,NaN,NaN
1594342800,1.82,1.84,1.8,1.8,2806900,NaN,NaN,NaN,NaN,NaN,NaN,NaN
1594602000,1.82,1.84,1.81,1.82,2284400,NaN,NaN,NaN,NaN,NaN,NaN,NaN
1594688400,1.83,1.87,1.82,1.85,1701600,NaN,NaN,NaN,NaN,NaN,NaN,NaN
1594774800,1.86,1.91,1.86,1.9,3354900,NaN,NaN,NaN,NaN,NaN,NaN,NaN
1594861200,1.91,1.91,1.88,1.89,895300,NaN,NaN,NaN,NaN,NaN,NaN,NaN
1594947600,1.89,1.9,1.87,1.88,1939400,NaN,NaN,NaN,NaN,NaN,NaN,NaN
1595206800,1.89,1.9,1.87,1.88,2087600,NaN,NaN,NaN,NaN,NaN,NaN,NaN
1595293200,1.89,1.89,1.86,1.87,2359300,NaN,NaN,NaN,NaN,NaN,NaN,NaN
1595379600,1.72,1.72,1.68,1.71,786800,NaN,NaN,NaN,NaN,NaN,NaN,NaN
1595466000,1.71,1.71,1.68,1.69,425000,NaN,NaN,NaN,NaN,NaN,NaN,NaN
1595552400,1.7,1.7,1.66,1.68,620800,NaN,NaN,NaN,NaN,NaN,NaN,NaN
1595811600,1.68,1.68,1.61,1.62,361200,NaN,NaN,NaN,NaN,NaN,NaN,NaN
1595898000,1.63,1.63,1.59,1.6,749800,NaN,NaN,NaN,NaN,NaN,NaN,NaN
1595984400,1.6,1.6,1.58,1.58,416700,NaN,NaN,NaN,NaN,NaN,NaN,NaN
1596070800,1.58,1.58,1.52,1.54,1081500,NaN,NaN,NaN,NaN,NaN,NaN,NaN
1596416400,1.54,1.54,1.5,1.5,1389400,NaN,NaN,NaN,NaN,NaN,NaN,NaN
1596502800,1.5,1.51,1.48,1.49,1038800,NaN,NaN,NaN,NaN,NaN,NaN,NaN
1596589200,1.48,1.5,1.46,1.46,2176700,NaN,NaN,NaN,NaN,NaN,NaN,NaN
1596675600,1.46,1.48,1.45,1.46,1509900,NaN,NaN,NaN,NaN,NaN,NaN,NaN
1596762000,1.47,1.48,1.45,1.46,896300,NaN,NaN,NaN,NaN,NaN,NaN,NaN
1597021200,1.46,1.47,1.45,1.47,963000,NaN,NaN,NaN,NaN,NaN,NaN,NaN
1597107600,1.48,1.54,1.47,1.5,1361700,NaN,NaN,NaN,NaN,NaN,NaN,NaN
1597194000,1.5,1.5,1.48,1.5,785600,NaN,NaN,NaN,NaN,NaN,NaN,NaN
1597280400,1.5,1.53,1.49,1.49,2000200,NaN,NaN,NaN,NaN,NaN,NaN,NaN
1597366800,1.5,1.53,1.5,1.53,1013700,NaN,NaN,NaN,NaN,NaN,NaN,NaN
1597626000,1.54,1.62,1.53,1.58,848600,NaN,NaN,NaN,NaN,NaN,NaN,NaN
1597712400,1.59,1.61,1.59,1.61,796900,NaN,NaN,NaN,NaN,NaN,NaN,NaN
1597798800,1.61,1.67,1.61,1.66,911200,NaN,NaN,NaN,NaN,NaN,NaN,NaN
1597971600,1.67,1.67,1.61,1.66,750000,NaN,NaN,NaN,NaN,NaN,NaN,NaN
1598230800,1.67,1.68,1.61,1.66,728100,NaN,NaN,NaN,NaN,NaN,NaN,NaN
1598317200,1.63,1.69,1.63,1.68,597900,NaN,NaN,NaN,NaN,NaN,NaN,NaN
1598403600,1.68,1.69,1.64,1.69,688700,NaN,NaN,NaN,NaN,NaN,NaN,NaN
1598490000,1.67,1.67,1.62,1.64,628600,NaN,NaN,NaN,NaN,NaN,NaN,NaN
1598576400,1.63,1.63,1.61,1.61,234700,NaN,NaN,NaN,NaN,NaN,NaN,NaN
1598922000,1.61,1.62,1.6,1.62,595900,NaN,NaN,NaN,NaN,NaN,NaN,NaN
1599008400,1.61,1.62,1.61,1.61,156600,NaN,NaN,NaN,NaN,NaN,NaN,NaN
1599094800,1.61,1.62,1.61,1.61,258200,NaN,NaN,NaN,NaN,NaN,NaN,NaN
1599181200,1.6,1.62,1.6,1.61,250500,NaN,NaN,NaN,NaN,NaN,NaN,NaN
1599440400,1.6,1.6,1.57,1.57,215100,NaN,NaN,NaN,NaN,NaN,NaN,NaN
1599526800,1.57,1.61,1.57,1.6,513600,NaN,NaN,NaN,NaN,NaN,NaN,NaN
1599613200,1.58,1.59,1.58,1.59,288900,NaN,NaN,NaN,NaN,NaN,NaN,NaN
1599699600,1.61,1.61,1.57,1.57,826600,NaN,NaN,NaN,NaN,NaN,NaN,NaN
1599786000,1.58,1.58,1.57,1.58,110300,NaN,NaN,NaN,NaN,NaN,NaN,NaN
1600045200,1.6,1.6,1.58,1.58,264300,NaN,NaN,NaN,NaN,NaN,NaN,NaN
1600131600,1.58,1.59,1.58,1.59,829400,NaN,NaN,NaN,NaN,NaN,NaN,NaN
1600304400,1.59,1.61,1.57,1.58,488100,NaN,NaN,NaN,NaN,NaN,NaN,NaN
1600390800,1.59,1.6,1.58,1.6,261100,NaN,NaN,NaN,NaN,NaN,NaN,NaN
1600650000,1.61,1.61,1.58,1.58,55000,NaN,NaN,NaN,NaN,NaN,NaN,NaN
1600736400,1.58,1.6,1.57,1.58,300300,NaN,NaN,NaN,NaN,NaN,NaN,NaN
1600822800,1.58,1.58,1.57,1.58,104700,NaN,NaN,NaN,NaN,NaN,NaN,NaN
1600909200,1.57,1.59,1.57,1.58,541500,NaN,NaN,NaN,NaN,NaN,NaN,NaN
1600995600,1.57,1.58,1.57,1.57,2800,NaN,NaN,NaN,NaN,NaN,NaN,NaN
1601254800,1.57,1.68,1.57,1.59,160400,NaN,NaN,NaN,NaN,NaN,NaN,NaN
1601341200,1.6,1.64,1.59,1.64,263500,NaN,NaN,NaN,NaN,NaN,NaN,NaN
1601427600,1.67,1.67,1.59,1.6,467800,2123771300,6281356000,708708000,47926000,134337000,5379494000,8.75
1601514000,1.62,1.63,1.57,1.57,347700,NaN,NaN,NaN,NaN,NaN,NaN,NaN
1601600400,1.6,1.6,1.57,1.57,117300,NaN,NaN,NaN,NaN,NaN,NaN,NaN
1601859600,1.6,1.6,1.58,1.58,61800,NaN,NaN,NaN,NaN,NaN,NaN,NaN
1601946000,1.58,1.58,1.57,1.58,30700,NaN,NaN,NaN,NaN,NaN,NaN,NaN
1602032400,1.55,1.58,1.55,1.55,266500,NaN,NaN,NaN,NaN,NaN,NaN,NaN
1602118800,1.55,1.55,1.53,1.54,264700,NaN,NaN,NaN,NaN,NaN,NaN,NaN
1602205200,1.53,1.54,1.53,1.54,156400,NaN,NaN,NaN,NaN,NaN,NaN,NaN
1602464400,1.54,1.54,1.52,1.53,225900,NaN,NaN,NaN,NaN,NaN,NaN,NaN
1602550800,1.53,1.53,1.5,1.5,781300,NaN,NaN,NaN,NaN,NaN,NaN,NaN
1602637200,1.5,1.52,1.5,1.5,124900,NaN,NaN,NaN,NaN,NaN,NaN,NaN
1602723600,1.5,1.5,1.48,1.48,396500,NaN,NaN,NaN,NaN,NaN,NaN,NaN
1602810000,1.48,1.5,1.46,1.48,467800,NaN,NaN,NaN,NaN,NaN,NaN,NaN
1603069200,1.5,1.5,1.47,1.48,445100,NaN,NaN,NaN,NaN,NaN,NaN,NaN
1603155600,1.48,1.49,1.48,1.48,512100,NaN,NaN,NaN,NaN,NaN,NaN,NaN
1603242000,1.48,1.48,1.46,1.46,562700,NaN,NaN,NaN,NaN,NaN,NaN,NaN
1603328400,1.47,1.48,1.46,1.46,322600,NaN,NaN,NaN,NaN,NaN,NaN,NaN
1603414800,1.47,1.48,1.47,1.48,45200,NaN,NaN,NaN,NaN,NaN,NaN,NaN
1603674000,1.48,1.48,1.46,1.46,149500,NaN,NaN,NaN,NaN,NaN,NaN,NaN
1603760400,1.49,1.49,1.48,1.49,30200,NaN,NaN,NaN,NaN,NaN,NaN,NaN
1603846800,1.5,1.5,1.48,1.48,56100,NaN,NaN,NaN,NaN,NaN,NaN,NaN
1604019600,1.5,1.51,1.48,1.49,980300,NaN,NaN,NaN,NaN,NaN,NaN,NaN
1604278800,1.48,1.48,1.47,1.48,39000,NaN,NaN,NaN,NaN,NaN,NaN,NaN
1604365200,1.49,1.49,1.48,1.49,96100,NaN,NaN,NaN,NaN,NaN,NaN,NaN
1604451600,1.49,1.49,1.47,1.47,430300,NaN,NaN,NaN,NaN,NaN,NaN,NaN
1604538000,1.46,1.48,1.46,1.48,317600,NaN,NaN,NaN,NaN,NaN,NaN,NaN
1604624400,1.48,1.49,1.46,1.47,507400,NaN,NaN,NaN,NaN,NaN,NaN,NaN
1604883600,1.49,1.5,1.48,1.48,49400,NaN,NaN,NaN,NaN,NaN,NaN,NaN
1604970000,1.5,1.52,1.49,1.51,210600,NaN,NaN,NaN,NaN,NaN,NaN,NaN
1605056400,1.52,1.53,1.5,1.53,139900,NaN,NaN,NaN,NaN,NaN,NaN,NaN
1605142800,1.53,1.54,1.51,1.53,192200,NaN,NaN,NaN,NaN,NaN,NaN,NaN
1605229200,1.53,1.53,1.52,1.52,113300,NaN,NaN,NaN,NaN,NaN,NaN,NaN
1605488400,1.53,1.58,1.52,1.58,265800,NaN,NaN,NaN,NaN,NaN,NaN,NaN
1605574800,1.6,1.62,1.59,1.61,311600,NaN,NaN,NaN,NaN,NaN,NaN,NaN
1605661200,1.61,1.61,1.58,1.59,178300,NaN,NaN,NaN,NaN,NaN,NaN,NaN
1605747600,1.59,1.59,1.57,1.57,257900,NaN,NaN,NaN,NaN,NaN,NaN,NaN
1605834000,1.57,1.59,1.57,1.57,278500,NaN,NaN,NaN,NaN,NaN,NaN,NaN
1606093200,1.6,1.61,1.57,1.57,290500,NaN,NaN,NaN,NaN,NaN,NaN,NaN
1606179600,1.57,1.58,1.56,1.57,195100,NaN,NaN,NaN,NaN,NaN,NaN,NaN
1606266000,1.57,1.66,1.55,1.62,718800,NaN,NaN,NaN,NaN,NaN,NaN,NaN
1606352400,1.63,1.64,1.58,1.58,595200,NaN,NaN,NaN,NaN,NaN,NaN,NaN
1606438800,1.6,1.61,1.59,1.59,232600,NaN,NaN,NaN,NaN,NaN,NaN,NaN
1606698000,1.6,1.62,1.59,1.6,525100,NaN,NaN,NaN,NaN,NaN,NaN,NaN
1606784400,1.61,1.65,1.6,1.64,233200,NaN,NaN,NaN,NaN,NaN,NaN,NaN
1606870800,1.64,1.64,1.62,1.62,664500,NaN,NaN,NaN,NaN,NaN,NaN,NaN
1606957200,1.64,1.64,1.61,1.64,588900,NaN,NaN,NaN,NaN,NaN,NaN,NaN
1607043600,1.63,1.65,1.63,1.63,400300,NaN,NaN,NaN,NaN,NaN,NaN,NaN
1607302800,1.65,1.7,1.64,1.7,643500,NaN,NaN,NaN,NaN,NaN,NaN,NaN
1607389200,1.7,1.73,1.7,1.7,446000,NaN,NaN,NaN,NaN,NaN,NaN,NaN
1607475600,1.71,1.72,1.69,1.69,255300,NaN,NaN,NaN,NaN,NaN,NaN,NaN
1607562000,1.7,1.71,1.69,1.69,293600,NaN,NaN,NaN,NaN,NaN,NaN,NaN
1607648400,1.7,1.71,1.69,1.7,309800,NaN,NaN,NaN,NaN,NaN,NaN,NaN
1607907600,1.7,1.74,1.7,1.73,440100,NaN,NaN,NaN,NaN,NaN,NaN,NaN
1607994000,1.73,1.73,1.71,1.72,269100,NaN,NaN,NaN,NaN,NaN,NaN,NaN
1608080400,1.73,1.77,1.73,1.77,416500,NaN,NaN,NaN,NaN,NaN,NaN,NaN
1608166800,1.77,1.77,1.75,1.76,258700,NaN,NaN,NaN,NaN,NaN,NaN,NaN
1608253200,1.77,1.77,1.73,1.74,327200,NaN,NaN,NaN,NaN,NaN,NaN,NaN
1608512400,1.76,1.76,1.74,1.75,147200,NaN,NaN,NaN,NaN,NaN,NaN,NaN
1608598800,1.75,1.75,1.68,1.71,712500,NaN,NaN,NaN,NaN,NaN,NaN,NaN
1608685200,1.7,1.72,1.7,1.7,197200,NaN,NaN,NaN,NaN,NaN,NaN,NaN
1608771600,1.7,1.71,1.69,1.71,164800,NaN,NaN,NaN,NaN,NaN,NaN,NaN
1609117200,1.71,1.72,1.68,1.69,593300,NaN,NaN,NaN,NaN,NaN,NaN,NaN
1609203600,1.69,1.71,1.68,1.7,135200,NaN,NaN,NaN,NaN,NaN,NaN,NaN
1609290000,1.69,1.71,1.69,1.69,57000,NaN,NaN,NaN,NaN,NaN,NaN,NaN
1609376400,1.7,1.7,1.67,1.69,462300,2123771300,6172310000,577053000,26256000,194108000,5418187000,8.28402366863906
1609722000,1.68,1.71,1.68,1.69,98500,NaN,NaN,NaN,NaN,NaN,NaN,NaN
1609808400,1.68,1.68,1.66,1.66,525000,NaN,NaN,NaN,NaN,NaN,NaN,NaN
1609894800,1.67,1.69,1.65,1.65,377100,NaN,NaN,NaN,NaN,NaN,NaN,NaN
1609981200,1.65,1.65,1.61,1.64,451200,NaN,NaN,NaN,NaN,NaN,NaN,NaN
1610067600,1.62,1.62,1.57,1.59,618100,NaN,NaN,NaN,NaN,NaN,NaN,NaN
1610326800,1.6,1.63,1.59,1.61,476400,NaN,NaN,NaN,NaN,NaN,NaN,NaN
1610413200,1.6,1.6,1.57,1.57,575000,NaN,NaN,NaN,NaN,NaN,NaN,NaN
1610499600,1.59,1.6,1.58,1.59,434300,NaN,NaN,NaN,NaN,NaN,NaN,NaN
1610586000,1.59,1.61,1.58,1.58,290200,NaN,NaN,NaN,NaN,NaN,NaN,NaN
1610672400,1.61,1.63,1.58,1.58,421400,NaN,NaN,NaN,NaN,NaN,NaN,NaN
1610931600,1.62,1.62,1.59,1.6,140500,NaN,NaN,NaN,NaN,NaN,NaN,NaN
1611018000,1.6,1.64,1.6,1.63,270100,NaN,NaN,NaN,NaN,NaN,NaN,NaN
1611104400,1.63,1.68,1.63,1.66,540600,NaN,NaN,NaN,NaN,NaN,NaN,NaN
1611190800,1.66,1.67,1.62,1.65,1338300,NaN,NaN,NaN,NaN,NaN,NaN,NaN
1611277200,1.66,1.68,1.64,1.65,268300,NaN,NaN,NaN,NaN,NaN,NaN,NaN
1611536400,1.65,1.65,1.61,1.63,1352500,NaN,NaN,NaN,NaN,NaN,NaN,NaN
1611622800,1.62,1.65,1.62,1.65,1039800,NaN,NaN,NaN,NaN,NaN,NaN,NaN
1611709200,1.65,1.66,1.62,1.64,479300,NaN,NaN,NaN,NaN,NaN,NaN,NaN
1611882000,1.65,1.65,1.59,1.6,425500,NaN,NaN,NaN,NaN,NaN,NaN,NaN
1612227600,1.62,1.62,1.59,1.6,246700,NaN,NaN,NaN,NaN,NaN,NaN,NaN
1612314000,1.61,1.64,1.59,1.63,158200,NaN,NaN,NaN,NaN,NaN,NaN,NaN
1612400400,1.61,1.62,1.59,1.6,852400,NaN,NaN,NaN,NaN,NaN,NaN,NaN
1612486800,1.62,1.63,1.6,1.63,96200,NaN,NaN,NaN,NaN,NaN,NaN,NaN
1612746000,1.63,1.64,1.6,1.6,363200,NaN,NaN,NaN,NaN,NaN,NaN,NaN
1612832400,1.61,1.63,1.61,1.63,65700,NaN,NaN,NaN,NaN,NaN,NaN,NaN
1612918800,1.64,1.66,1.62,1.66,188700,NaN,NaN,NaN,NaN,NaN,NaN,NaN
1613005200,1.66,1.66,1.64,1.64,30200,NaN,NaN,NaN,NaN,NaN,NaN,NaN
1613350800,1.66,1.66,1.64,1.65,217200,NaN,NaN,NaN,NaN,NaN,NaN,NaN
1613437200,1.66,1.71,1.64,1.7,658700,NaN,NaN,NaN,NaN,NaN,NaN,NaN
1613523600,1.71,1.72,1.69,1.7,949900,NaN,NaN,NaN,NaN,NaN,NaN,NaN
1613610000,1.7,1.71,1.69,1.7,537000,NaN,NaN,NaN,NaN,NaN,NaN,NaN
1613696400,1.69,1.7,1.67,1.69,276700,NaN,NaN,NaN,NaN,NaN,NaN,NaN
1613955600,1.71,1.71,1.66,1.67,497600,NaN,NaN,NaN,NaN,NaN,NaN,NaN
1614042000,1.67,1.72,1.67,1.7,984400,NaN,NaN,NaN,NaN,NaN,NaN,NaN
1614128400,1.7,1.75,1.7,1.74,1012900,NaN,NaN,NaN,NaN,NaN,NaN,NaN
1614214800,1.75,1.79,1.74,1.79,1108900,NaN,NaN,NaN,NaN,NaN,NaN,NaN
1614301200,1.79,1.84,1.75,1.77,1015400,NaN,NaN,NaN,NaN,NaN,NaN,NaN
1614560400,1.76,1.77,1.76,1.76,5141200,NaN,NaN,NaN,NaN,NaN,NaN,NaN
1614646800,1.76,1.79,1.75,1.75,788100,NaN,NaN,NaN,NaN,NaN,NaN,NaN
1614733200,1.75,1.76,1.74,1.76,194700,NaN,NaN,NaN,NaN,NaN,NaN,NaN
1614819600,1.75,1.75,1.72,1.72,602400,NaN,NaN,NaN,NaN,NaN,NaN,NaN
1614906000,1.72,1.74,1.71,1.73,227600,NaN,NaN,NaN,NaN,NaN,NaN,NaN
1615165200,1.75,1.76,1.73,1.73,542100,NaN,NaN,NaN,NaN,NaN,NaN,NaN
1615251600,1.73,1.75,1.73,1.73,500300,NaN,NaN,NaN,NaN,NaN,NaN,NaN
1615338000,1.74,1.75,1.73,1.74,465800,NaN,NaN,NaN,NaN,NaN,NaN,NaN
1615424400,1.75,1.8,1.75,1.76,778900,NaN,NaN,NaN,NaN,NaN,NaN,NaN
1615510800,1.77,1.79,1.76,1.76,238300,NaN,NaN,NaN,NaN,NaN,NaN,NaN
1615770000,1.77,1.8,1.76,1.76,665600,NaN,NaN,NaN,NaN,NaN,NaN,NaN
1615856400,1.77,1.78,1.75,1.75,209600,NaN,NaN,NaN,NaN,NaN,NaN,NaN
1615942800,1.76,1.79,1.75,1.75,541100,NaN,NaN,NaN,NaN,NaN,NaN,NaN
1616029200,1.76,1.77,1.75,1.75,272900,NaN,NaN,NaN,NaN,NaN,NaN,NaN
1616115600,1.75,1.77,1.75,1.75,440300,NaN,NaN,NaN,NaN,NaN,NaN,NaN
1616374800,1.75,1.78,1.74,1.75,869200,NaN,NaN,NaN,NaN,NaN,NaN,NaN
1616461200,1.77,1.77,1.75,1.75,213300,NaN,NaN,NaN,NaN,NaN,NaN,NaN
1616547600,1.76,1.77,1.75,1.76,315200,NaN,NaN,NaN,NaN,NaN,NaN,NaN
1616634000,1.77,1.77,1.75,1.76,178100,NaN,NaN,NaN,NaN,NaN,NaN,NaN
1616720400,1.76,1.79,1.76,1.78,440100,NaN,NaN,NaN,NaN,NaN,NaN,NaN
1616979600,1.79,1.81,1.78,1.81,430600,NaN,NaN,NaN,NaN,NaN,NaN,NaN
1617066000,1.81,1.83,1.79,1.79,310300,NaN,NaN,NaN,NaN,NaN,NaN,NaN
1617152400,1.79,1.8,1.79,1.8,390600,2123771300,6223316000,593327000,18855000,140173000,5451658000,7.77777777777778
1617238800,1.81,1.81,1.8,1.81,133800,NaN,NaN,NaN,NaN,NaN,NaN,NaN
1617325200,1.81,1.81,1.79,1.8,306400,NaN,NaN,NaN,NaN,NaN,NaN,NaN
1617584400,1.81,1.82,1.8,1.8,284600,NaN,NaN,NaN,NaN,NaN,NaN,NaN
1617670800,1.81,1.86,1.79,1.83,869700,NaN,NaN,NaN,NaN,NaN,NaN,NaN
1617757200,1.83,1.86,1.83,1.85,289000,NaN,NaN,NaN,NaN,NaN,NaN,NaN
1617843600,1.85,1.87,1.84,1.87,325700,NaN,NaN,NaN,NaN,NaN,NaN,NaN
1617930000,1.87,1.88,1.85,1.86,483600,NaN,NaN,NaN,NaN,NaN,NaN,NaN
1618189200,1.86,1.87,1.85,1.86,71300,NaN,NaN,NaN,NaN,NaN,NaN,NaN
1618275600,1.85,1.86,1.85,1.85,290400,NaN,NaN,NaN,NaN,NaN,NaN,NaN
1618362000,1.86,1.86,1.85,1.85,91500,NaN,NaN,NaN,NaN,NaN,NaN,NaN
1618448400,1.86,1.86,1.85,1.85,147200,NaN,NaN,NaN,NaN,NaN,NaN,NaN
1618534800,1.86,1.87,1.85,1.85,115300,NaN,NaN,NaN,NaN,NaN,NaN,NaN
1618794000,1.85,1.89,1.85,1.88,617400,NaN,NaN,NaN,NaN,NaN,NaN,NaN
1618880400,1.88,1.9,1.87,1.9,918300,NaN,NaN,NaN,NaN,NaN,NaN,NaN
1618966800,1.9,1.92,1.87,1.88,292800,NaN,NaN,NaN,NaN,NaN,NaN,NaN
1619053200,1.88,1.88,1.86,1.87,132800,NaN,NaN,NaN,NaN,NaN,NaN,NaN
1619139600,1.88,1.88,1.86,1.87,90100,NaN,NaN,NaN,NaN,NaN,NaN,NaN
1619398800,1.87,1.9,1.86,1.88,153100,NaN,NaN,NaN,NaN,NaN,NaN,NaN
1619485200,1.86,1.88,1.86,1.87,154200,NaN,NaN,NaN,NaN,NaN,NaN,NaN
1619571600,1.87,1.87,1.85,1.86,279800,NaN,NaN,NaN,NaN,NaN,NaN,NaN
1619744400,1.86,1.86,1.84,1.84,329000,NaN,NaN,NaN,NaN,NaN,NaN,NaN
1620003600,1.84,1.84,1.81,1.82,217800,NaN,NaN,NaN,NaN,NaN,NaN,NaN
1620090000,1.82,1.84,1.81,1.82,273400,NaN,NaN,NaN,NaN,NaN,NaN,NaN
1620176400,1.81,1.81,1.77,1.78,991500,NaN,NaN,NaN,NaN,NaN,NaN,NaN
1620262800,1.77,1.78,1.75,1.75,1043300,NaN,NaN,NaN,NaN,NaN,NaN,NaN
1620349200,1.76,1.77,1.75,1.76,617500,NaN,NaN,NaN,NaN,NaN,NaN,NaN
1620608400,1.76,1.79,1.75,1.75,357700,NaN,NaN,NaN,NaN,NaN,NaN,NaN
1620694800,1.75,1.76,1.74,1.74,230400,NaN,NaN,NaN,NaN,NaN,NaN,NaN
1620781200,1.74,1.76,1.74,1.75,294900,NaN,NaN,NaN,NaN,NaN,NaN,NaN
1621213200,1.74,1.78,1.74,1.77,355300,NaN,NaN,NaN,NaN,NaN,NaN,NaN
1621299600,1.78,1.78,1.76,1.77,92400,NaN,NaN,NaN,NaN,NaN,NaN,NaN
1621386000,1.8,1.8,1.77,1.78,348900,NaN,NaN,NaN,NaN,NaN,NaN,NaN
1621472400,1.78,1.79,1.75,1.79,443100,NaN,NaN,NaN,NaN,NaN,NaN,NaN
1621558800,1.79,1.79,1.75,1.77,430700,NaN,NaN,NaN,NaN,NaN,NaN,NaN
1621818000,1.77,1.81,1.77,1.8,225400,NaN,NaN,NaN,NaN,NaN,NaN,NaN
1621904400,1.82,1.83,1.8,1.82,170400,NaN,NaN,NaN,NaN,NaN,NaN,NaN
1622077200,1.81,1.81,1.78,1.8,600600,NaN,NaN,NaN,NaN,NaN,NaN,NaN
1622163600,1.82,1.84,1.81,1.82,647900,NaN,NaN,NaN,NaN,NaN,NaN,NaN
1622422800,1.78,1.79,1.75,1.78,149600,NaN,NaN,NaN,NaN,NaN,NaN,NaN
1622509200,1.77,1.8,1.77,1.79,99700,NaN,NaN,NaN,NaN,NaN,NaN,NaN
1622595600,1.79,1.81,1.79,1.8,97800,NaN,NaN,NaN,NaN,NaN,NaN,NaN
1622682000,1.81,1.82,1.8,1.8,228400,NaN,NaN,NaN,NaN,NaN,NaN,NaN
1622768400,1.8,1.81,1.8,1.8,91200,NaN,NaN,NaN,NaN,NaN,NaN,NaN
1623114000,1.82,1.82,1.81,1.81,114600,NaN,NaN,NaN,NaN,NaN,NaN,NaN
1623200400,1.84,1.9,1.84,1.88,1419400,NaN,NaN,NaN,NaN,NaN,NaN,NaN
1623286800,1.88,1.9,1.88,1.89,703500,NaN,NaN,NaN,NaN,NaN,NaN,NaN
1623373200,1.9,1.9,1.88,1.89,535100,NaN,NaN,NaN,NaN,NaN,NaN,NaN
1623632400,1.9,1.9,1.88,1.88,740600,NaN,NaN,NaN,NaN,NaN,NaN,NaN
1623718800,1.89,1.89,1.88,1.89,891800,NaN,NaN,NaN,NaN,NaN,NaN,NaN
1623805200,1.9,1.9,1.88,1.88,529600,NaN,NaN,NaN,NaN,NaN,NaN,NaN
1623891600,1.89,1.9,1.88,1.89,755500,NaN,NaN,NaN,NaN,NaN,NaN,NaN
1623978000,1.89,1.91,1.88,1.91,1059500,NaN,NaN,NaN,NaN,NaN,NaN,NaN
1624237200,1.9,1.92,1.89,1.9,1771000,NaN,NaN,NaN,NaN,NaN,NaN,NaN
1624323600,1.75,1.76,1.7,1.73,958100,NaN,NaN,NaN,NaN,NaN,NaN,NaN
1624410000,1.74,1.74,1.7,1.71,359800,NaN,NaN,NaN,NaN,NaN,NaN,NaN
1624496400,1.71,1.71,1.68,1.69,814900,NaN,NaN,NaN,NaN,NaN,NaN,NaN
1624582800,1.68,1.71,1.68,1.7,511300,NaN,NaN,NaN,NaN,NaN,NaN,NaN
1624842000,1.69,1.69,1.66,1.68,804200,NaN,NaN,NaN,NaN,NaN,NaN,NaN
1624928400,1.66,1.67,1.64,1.66,692300,NaN,NaN,NaN,NaN,NaN,NaN,NaN
1625014800,1.68,1.68,1.63,1.64,923800,2123771300,6331553000,961690000,45985000,216283000,5191373000,8.53658536585366
1625101200,1.64,1.64,1.62,1.62,213200,NaN,NaN,NaN,NaN,NaN,NaN,NaN
1625187600,1.62,1.64,1.62,1.62,431000,NaN,NaN,NaN,NaN,NaN,NaN,NaN
1625446800,1.63,1.64,1.62,1.63,141800,NaN,NaN,NaN,NaN,NaN,NaN,NaN
1625533200,1.64,1.65,1.63,1.64,405200,NaN,NaN,NaN,NaN,NaN,NaN,NaN
1625619600,1.64,1.65,1.63,1.63,163100,NaN,NaN,NaN,NaN,NaN,NaN,NaN
1625706000,1.63,1.63,1.61,1.61,460700,NaN,NaN,NaN,NaN,NaN,NaN,NaN
1625792400,1.61,1.63,1.61,1.61,247400,NaN,NaN,NaN,NaN,NaN,NaN,NaN
1626051600,1.62,1.63,1.61,1.61,142900,NaN,NaN,NaN,NaN,NaN,NaN,NaN
1626138000,1.61,1.63,1.61,1.61,112000,NaN,NaN,NaN,NaN,NaN,NaN,NaN
1626224400,1.61,1.62,1.61,1.62,311900,NaN,NaN,NaN,NaN,NaN,NaN,NaN
1626310800,1.62,1.62,1.61,1.62,720500,NaN,NaN,NaN,NaN,NaN,NaN,NaN
1626397200,1.62,1.63,1.62,1.62,198500,NaN,NaN,NaN,NaN,NaN,NaN,NaN
1626656400,1.63,1.64,1.63,1.64,334900,NaN,NaN,NaN,NaN,NaN,NaN,NaN
1626829200,1.64,1.64,1.63,1.63,153800,NaN,NaN,NaN,NaN,NaN,NaN,NaN
1626915600,1.63,1.67,1.63,1.64,226100,NaN,NaN,NaN,NaN,NaN,NaN,NaN
1627002000,1.65,1.66,1.65,1.66,262100,NaN,NaN,NaN,NaN,NaN,NaN,NaN
1627261200,1.68,1.68,1.63,1.63,782100,NaN,NaN,NaN,NaN,NaN,NaN,NaN
1627347600,1.63,1.67,1.62,1.63,1226000,NaN,NaN,NaN,NaN,NaN,NaN,NaN
1627434000,1.65,1.65,1.62,1.62,963900,NaN,NaN,NaN,NaN,NaN,NaN,NaN
1627520400,1.62,1.62,1.61,1.61,366300,NaN,NaN,NaN,NaN,NaN,NaN,NaN
1627606800,1.61,1.62,1.59,1.59,1122300,NaN,NaN,NaN,NaN,NaN,NaN,NaN
1627866000,1.62,1.62,1.59,1.59,310800,NaN,NaN,NaN,NaN,NaN,NaN,NaN
1627952400,1.6,1.64,1.59,1.6,992800,NaN,NaN,NaN,NaN,NaN,NaN,NaN
1628038800,1.6,1.6,1.56,1.58,767100,NaN,NaN,NaN,NaN,NaN,NaN,NaN
1628125200,1.59,1.6,1.57,1.58,632000,NaN,NaN,NaN,NaN,NaN,NaN,NaN
1628211600,1.57,1.59,1.57,1.58,444500,NaN,NaN,NaN,NaN,NaN,NaN,NaN
1628470800,1.58,1.59,1.55,1.58,1388900,NaN,NaN,NaN,NaN,NaN,NaN,NaN
1628643600,1.58,1.58,1.54,1.55,1731000,NaN,NaN,NaN,NaN,NaN,NaN,NaN
1628730000,1.57,1.57,1.54,1.55,717700,NaN,NaN,NaN,NaN,NaN,NaN,NaN
1628816400,1.55,1.56,1.55,1.56,382900,NaN,NaN,NaN,NaN,NaN,NaN,NaN
1629075600,1.56,1.58,1.55,1.58,355600,NaN,NaN,NaN,NaN,NaN,NaN,NaN
1629162000,1.57,1.58,1.55,1.55,666900,NaN,NaN,NaN,NaN,NaN,NaN,NaN
1629248400,1.56,1.58,1.55,1.56,252900,NaN,NaN,NaN,NaN,NaN,NaN,NaN
1629334800,1.56,1.59,1.56,1.59,203000,NaN,NaN,NaN,NaN,NaN,NaN,NaN
1629421200,1.59,1.59,1.57,1.57,348300,NaN,NaN,NaN,NaN,NaN,NaN,NaN
1629680400,1.58,1.59,1.57,1.59,571600,NaN,NaN,NaN,NaN,NaN,NaN,NaN
1629766800,1.6,1.62,1.58,1.61,1813800,NaN,NaN,NaN,NaN,NaN,NaN,NaN
1629853200,1.62,1.62,1.61,1.62,1709900,NaN,NaN,NaN,NaN,NaN,NaN,NaN
1629939600,1.63,1.64,1.6,1.62,1205700,NaN,NaN,NaN,NaN,NaN,NaN,NaN
1630026000,1.63,1.64,1.62,1.63,559600,NaN,NaN,NaN,NaN,NaN,NaN,NaN
1630285200,1.63,1.64,1.63,1.64,363100,NaN,NaN,NaN,NaN,NaN,NaN,NaN
1630458000,1.63,1.64,1.63,1.63,313300,NaN,NaN,NaN,NaN,NaN,NaN,NaN
1630544400,1.64,1.64,1.62,1.63,354900,NaN,NaN,NaN,NaN,NaN,NaN,NaN
1630630800,1.64,1.64,1.62,1.63,1004300,NaN,NaN,NaN,NaN,NaN,NaN,NaN
1630890000,1.64,1.64,1.62,1.63,399700,NaN,NaN,NaN,NaN,NaN,NaN,NaN
1630976400,1.63,1.65,1.62,1.64,619700,NaN,NaN,NaN,NaN,NaN,NaN,NaN
1631062800,1.64,1.65,1.63,1.65,399900,NaN,NaN,NaN,NaN,NaN,NaN,NaN
1631149200,1.65,1.65,1.62,1.63,539500,NaN,NaN,NaN,NaN,NaN,NaN,NaN
1631235600,1.64,1.64,1.63,1.64,285600,NaN,NaN,NaN,NaN,NaN,NaN,NaN
1631494800,1.64,1.64,1.63,1.64,173000,NaN,NaN,NaN,NaN,NaN,NaN,NaN
1631581200,1.64,1.64,1.62,1.63,366800,NaN,NaN,NaN,NaN,NaN,NaN,NaN
1631667600,1.63,1.65,1.62,1.65,372700,NaN,NaN,NaN,NaN,NaN,NaN,NaN
1631840400,1.65,1.65,1.63,1.64,371400,NaN,NaN,NaN,NaN,NaN,NaN,NaN
1632099600,1.64,1.64,1.63,1.63,396300,NaN,NaN,NaN,NaN,NaN,NaN,NaN
1632186000,1.63,1.64,1.62,1.63,481600,NaN,NaN,NaN,NaN,NaN,NaN,NaN
1632272400,1.64,1.64,1.63,1.64,390700,NaN,NaN,NaN,NaN,NaN,NaN,NaN
1632358800,1.63,1.64,1.63,1.64,297400,NaN,NaN,NaN,NaN,NaN,NaN,NaN
1632445200,1.65,1.65,1.63,1.64,479900,NaN,NaN,NaN,NaN,NaN,NaN,NaN
1632704400,1.64,1.64,1.63,1.63,217900,NaN,NaN,NaN,NaN,NaN,NaN,NaN
1632790800,1.63,1.66,1.63,1.64,669600,NaN,NaN,NaN,NaN,NaN,NaN,NaN
1632877200,1.64,1.65,1.64,1.64,451200,NaN,NaN,NaN,NaN,NaN,NaN,NaN
1632963600,1.64,1.67,1.64,1.66,379500,2326465500,6314889000,613208000,9861000,54583000,5524399000,8.43373493975904
1633050000,1.66,1.7,1.66,1.69,561700,NaN,NaN,NaN,NaN,NaN,NaN,NaN
1633309200,1.71,1.73,1.68,1.7,743600,NaN,NaN,NaN,NaN,NaN,NaN,NaN
1633395600,1.7,1.7,1.69,1.7,195700,NaN,NaN,NaN,NaN,NaN,NaN,NaN
1633482000,1.7,1.73,1.69,1.7,469100,NaN,NaN,NaN,NaN,NaN,NaN,NaN
1633568400,1.72,1.72,1.71,1.72,226100,NaN,NaN,NaN,NaN,NaN,NaN,NaN
1633654800,1.72,1.73,1.7,1.72,321500,NaN,NaN,NaN,NaN,NaN,NaN,NaN
1633914000,1.72,1.74,1.72,1.74,263300,NaN,NaN,NaN,NaN,NaN,NaN,NaN
1634000400,1.74,1.75,1.74,1.75,266800,NaN,NaN,NaN,NaN,NaN,NaN,NaN
1634086800,1.75,1.76,1.72,1.73,402400,NaN,NaN,NaN,NaN,NaN,NaN,NaN
1634173200,1.73,1.73,1.7,1.71,563000,NaN,NaN,NaN,NaN,NaN,NaN,NaN
1634259600,1.71,1.74,1.71,1.74,109800,NaN,NaN,NaN,NaN,NaN,NaN,NaN
1634518800,1.74,1.74,1.72,1.74,132300,NaN,NaN,NaN,NaN,NaN,NaN,NaN
1634691600,1.74,1.75,1.73,1.75,254000,NaN,NaN,NaN,NaN,NaN,NaN,NaN
1634778000,1.75,1.75,1.73,1.74,133700,NaN,NaN,NaN,NaN,NaN,NaN,NaN
1634864400,1.75,1.75,1.72,1.73,693900,NaN,NaN,NaN,NaN,NaN,NaN,NaN
1635123600,1.74,1.74,1.72,1.73,77800,NaN,NaN,NaN,NaN,NaN,NaN,NaN
1635210000,1.74,1.76,1.72,1.75,250000,NaN,NaN,NaN,NaN,NaN,NaN,NaN
1635296400,1.75,1.75,1.74,1.75,200600,NaN,NaN,NaN,NaN,NaN,NaN,NaN
1635382800,1.75,1.77,1.75,1.76,341400,NaN,NaN,NaN,NaN,NaN,NaN,NaN
1635469200,1.77,1.77,1.75,1.75,606700,NaN,NaN,NaN,NaN,NaN,NaN,NaN
1635728400,1.75,1.75,1.73,1.75,283800,NaN,NaN,NaN,NaN,NaN,NaN,NaN
1635814800,1.75,1.76,1.74,1.76,125000,NaN,NaN,NaN,NaN,NaN,NaN,NaN
1635901200,1.76,1.76,1.72,1.74,434500,NaN,NaN,NaN,NaN,NaN,NaN,NaN
1636074000,1.74,1.74,1.72,1.72,270200,NaN,NaN,NaN,NaN,NaN,NaN,NaN
1636333200,1.73,1.74,1.72,1.73,363000,NaN,NaN,NaN,NaN,NaN,NaN,NaN
1636419600,1.74,1.74,1.72,1.73,167500,NaN,NaN,NaN,NaN,NaN,NaN,NaN
1636506000,1.73,1.74,1.72,1.73,72200,NaN,NaN,NaN,NaN,NaN,NaN,NaN
1636592400,1.74,1.74,1.72,1.73,90200,NaN,NaN,NaN,NaN,NaN,NaN,NaN
1636678800,1.74,1.74,1.71,1.71,253900,NaN,NaN,NaN,NaN,NaN,NaN,NaN
1636938000,1.72,1.73,1.71,1.72,173600,NaN,NaN,NaN,NaN,NaN,NaN,NaN
1637024400,1.72,1.73,1.71,1.71,381200,NaN,NaN,NaN,NaN,NaN,NaN,NaN
1637110800,1.73,1.73,1.71,1.71,44800,NaN,NaN,NaN,NaN,NaN,NaN,NaN
1637197200,1.71,1.72,1.7,1.71,152100,NaN,NaN,NaN,NaN,NaN,NaN,NaN
1637283600,1.72,1.72,1.71,1.71,40600,NaN,NaN,NaN,NaN,NaN,NaN,NaN
1637542800,1.71,1.72,1.68,1.68,348100,NaN,NaN,NaN,NaN,NaN,NaN,NaN
1637629200,1.68,1.71,1.68,1.7,106800,NaN,NaN,NaN,NaN,NaN,NaN,NaN
1637715600,1.71,1.71,1.7,1.7,134700,NaN,NaN,NaN,NaN,NaN,NaN,NaN
1637802000,1.7,1.71,1.69,1.7,476800,NaN,NaN,NaN,NaN,NaN,NaN,NaN
1637888400,1.71,1.71,1.69,1.7,113800,NaN,NaN,NaN,NaN,NaN,NaN,NaN
1638147600,1.68,1.68,1.59,1.65,811500,NaN,NaN,NaN,NaN,NaN,NaN,NaN
1638234000,1.65,1.68,1.64,1.65,611700,NaN,NaN,NaN,NaN,NaN,NaN,NaN
1638320400,1.65,1.66,1.65,1.65,560200,NaN,NaN,NaN,NaN,NaN,NaN,NaN
1638406800,1.66,1.66,1.63,1.63,534400,NaN,NaN,NaN,NaN,NaN,NaN,NaN
1638752400,1.63,1.63,1.61,1.63,568200,NaN,NaN,NaN,NaN,NaN,NaN,NaN
1638838800,1.64,1.64,1.62,1.62,230000,NaN,NaN,NaN,NaN,NaN,NaN,NaN
1638925200,1.62,1.64,1.62,1.62,143500,NaN,NaN,NaN,NaN,NaN,NaN,NaN
1639011600,1.65,1.67,1.64,1.64,122800,NaN,NaN,NaN,NaN,NaN,NaN,NaN
1639098000,1.66,1.66,1.62,1.62,449600,NaN,NaN,NaN,NaN,NaN,NaN,NaN
1639357200,1.66,1.68,1.63,1.64,122600,NaN,NaN,NaN,NaN,NaN,NaN,NaN
1639443600,1.63,1.65,1.63,1.63,69800,NaN,NaN,NaN,NaN,NaN,NaN,NaN
1639530000,1.63,1.65,1.63,1.63,232500,NaN,NaN,NaN,NaN,NaN,NaN,NaN
1639616400,1.64,1.64,1.63,1.63,521300,NaN,NaN,NaN,NaN,NaN,NaN,NaN
1639702800,1.62,1.63,1.62,1.62,69800,NaN,NaN,NaN,NaN,NaN,NaN,NaN
1639962000,1.62,1.63,1.62,1.63,165700,NaN,NaN,NaN,NaN,NaN,NaN,NaN
1640048400,1.63,1.64,1.63,1.64,56700,NaN,NaN,NaN,NaN,NaN,NaN,NaN
1640134800,1.65,1.66,1.65,1.66,131800,NaN,NaN,NaN,NaN,NaN,NaN,NaN
1640221200,1.68,1.68,1.64,1.64,60500,NaN,NaN,NaN,NaN,NaN,NaN,NaN
1640307600,1.67,1.67,1.64,1.64,68000,NaN,NaN,NaN,NaN,NaN,NaN,NaN
1640566800,1.64,1.66,1.63,1.65,136700,NaN,NaN,NaN,NaN,NaN,NaN,NaN
1640653200,1.65,1.68,1.65,1.65,122200,NaN,NaN,NaN,NaN,NaN,NaN,NaN
1640739600,1.65,1.66,1.65,1.66,302000,NaN,NaN,NaN,NaN,NaN,NaN,NaN
1640826000,1.66,1.66,1.65,1.65,77700,NaN,NaN,NaN,NaN,NaN,NaN,NaN
1640912400,1.67,1.68,1.66,1.67,232500,2326465500,6409418000,604624000,58108000,136445000,5628990000,5.98802395209581
1641171600,1.67,1.69,1.67,1.68,76500,NaN,NaN,NaN,NaN,NaN,NaN,NaN
1641258000,1.69,1.69,1.67,1.67,91600,NaN,NaN,NaN,NaN,NaN,NaN,NaN
1641344400,1.67,1.69,1.67,1.69,141100,NaN,NaN,NaN,NaN,NaN,NaN,NaN
1641430800,1.68,1.69,1.68,1.68,40900,NaN,NaN,NaN,NaN,NaN,NaN,NaN
1641517200,1.7,1.7,1.68,1.68,27200,NaN,NaN,NaN,NaN,NaN,NaN,NaN
1641776400,1.68,1.68,1.66,1.67,255500,NaN,NaN,NaN,NaN,NaN,NaN,NaN
1641862800,1.66,1.66,1.65,1.66,169800,NaN,NaN,NaN,NaN,NaN,NaN,NaN
1641949200,1.66,1.67,1.65,1.66,188900,NaN,NaN,NaN,NaN,NaN,NaN,NaN
1642035600,1.68,1.68,1.65,1.65,80400,NaN,NaN,NaN,NaN,NaN,NaN,NaN
1642122000,1.65,1.66,1.64,1.64,167300,NaN,NaN,NaN,NaN,NaN,NaN,NaN
1642381200,1.65,1.66,1.64,1.65,42500,NaN,NaN,NaN,NaN,NaN,NaN,NaN
1642554000,1.65,1.66,1.63,1.63,477000,NaN,NaN,NaN,NaN,NaN,NaN,NaN
1642640400,1.65,1.66,1.62,1.62,1093800,NaN,NaN,NaN,NaN,NaN,NaN,NaN
1642726800,1.62,1.66,1.62,1.64,277000,NaN,NaN,NaN,NaN,NaN,NaN,NaN
1642986000,1.64,1.65,1.63,1.63,230500,NaN,NaN,NaN,NaN,NaN,NaN,NaN
1643072400,1.64,1.64,1.62,1.63,501400,NaN,NaN,NaN,NaN,NaN,NaN,NaN
1643158800,1.63,1.63,1.62,1.62,293500,NaN,NaN,NaN,NaN,NaN,NaN,NaN
1643245200,1.62,1.63,1.61,1.62,991400,NaN,NaN,NaN,NaN,NaN,NaN,NaN
1643331600,1.64,1.64,1.62,1.64,44000,NaN,NaN,NaN,NaN,NaN,NaN,NaN
1643590800,1.65,1.65,1.63,1.63,107300,NaN,NaN,NaN,NaN,NaN,NaN,NaN
1643850000,1.64,1.65,1.63,1.65,153700,NaN,NaN,NaN,NaN,NaN,NaN,NaN
1643936400,1.65,1.65,1.63,1.64,113100,NaN,NaN,NaN,NaN,NaN,NaN,NaN
1644195600,1.65,1.66,1.64,1.66,361300,NaN,NaN,NaN,NaN,NaN,NaN,NaN
1644282000,1.66,1.67,1.66,1.66,182100,NaN,NaN,NaN,NaN,NaN,NaN,NaN
1644368400,1.66,1.67,1.64,1.65,1402300,NaN,NaN,NaN,NaN,NaN,NaN,NaN
1644454800,1.65,1.66,1.65,1.66,306800,NaN,NaN,NaN,NaN,NaN,NaN,NaN
1644541200,1.66,1.7,1.66,1.69,404200,NaN,NaN,NaN,NaN,NaN,NaN,NaN
1644800400,1.69,1.71,1.64,1.7,549300,NaN,NaN,NaN,NaN,NaN,NaN,NaN
1644886800,1.7,1.72,1.68,1.72,800200,NaN,NaN,NaN,NaN,NaN,NaN,NaN
1644973200,1.73,1.73,1.69,1.71,243400,NaN,NaN,NaN,NaN,NaN,NaN,NaN
1645059600,1.7,1.72,1.68,1.69,200600,NaN,NaN,NaN,NaN,NaN,NaN,NaN
1645146000,1.7,1.72,1.68,1.71,269000,NaN,NaN,NaN,NaN,NaN,NaN,NaN
1645405200,1.71,1.73,1.7,1.73,290700,NaN,NaN,NaN,NaN,NaN,NaN,NaN
1645491600,1.73,1.74,1.71,1.73,538400,NaN,NaN,NaN,NaN,NaN,NaN,NaN
1645578000,1.72,1.74,1.72,1.74,360500,NaN,NaN,NaN,NaN,NaN,NaN,NaN
1645664400,1.74,1.74,1.65,1.7,1593100,NaN,NaN,NaN,NaN,NaN,NaN,NaN
1645750800,1.71,1.77,1.7,1.77,860800,NaN,NaN,NaN,NaN,NaN,NaN,NaN
1646010000,1.75,1.75,1.71,1.75,1310100,NaN,NaN,NaN,NaN,NaN,NaN,NaN
1646096400,1.74,1.74,1.7,1.72,1106500,NaN,NaN,NaN,NaN,NaN,NaN,NaN
1646182800,1.71,1.75,1.7,1.73,1191700,NaN,NaN,NaN,NaN,NaN,NaN,NaN
1646269200,1.73,1.73,1.7,1.71,100800,NaN,NaN,NaN,NaN,NaN,NaN,NaN
1646355600,1.73,1.73,1.68,1.69,314000,NaN,NaN,NaN,NaN,NaN,NaN,NaN
1646614800,1.69,1.7,1.67,1.68,1228300,NaN,NaN,NaN,NaN,NaN,NaN,NaN
1646701200,1.67,1.67,1.65,1.65,790000,NaN,NaN,NaN,NaN,NaN,NaN,NaN
1646787600,1.65,1.67,1.65,1.65,246900,NaN,NaN,NaN,NaN,NaN,NaN,NaN
1646874000,1.67,1.7,1.66,1.7,290600,NaN,NaN,NaN,NaN,NaN,NaN,NaN
1646960400,1.7,1.7,1.67,1.7,155600,NaN,NaN,NaN,NaN,NaN,NaN,NaN
1647219600,1.7,1.7,1.68,1.69,106200,NaN,NaN,NaN,NaN,NaN,NaN,NaN
1647306000,1.68,1.69,1.68,1.69,332600,NaN,NaN,NaN,NaN,NaN,NaN,NaN
1647392400,1.69,1.71,1.68,1.7,198800,NaN,NaN,NaN,NaN,NaN,NaN,NaN
1647478800,1.7,1.72,1.7,1.72,178800,NaN,NaN,NaN,NaN,NaN,NaN,NaN
1647565200,1.7,1.72,1.7,1.72,189200,NaN,NaN,NaN,NaN,NaN,NaN,NaN
1647824400,1.72,1.76,1.71,1.75,470800,NaN,NaN,NaN,NaN,NaN,NaN,NaN
1647910800,1.75,1.75,1.72,1.73,161200,NaN,NaN,NaN,NaN,NaN,NaN,NaN
1647997200,1.73,1.76,1.73,1.75,232900,NaN,NaN,NaN,NaN,NaN,NaN,NaN
1648083600,1.75,1.78,1.75,1.75,2137400,NaN,NaN,NaN,NaN,NaN,NaN,NaN
1648170000,1.75,1.75,1.71,1.73,1325300,NaN,NaN,NaN,NaN,NaN,NaN,NaN
1648429200,1.74,1.76,1.74,1.74,102500,NaN,NaN,NaN,NaN,NaN,NaN,NaN
1648515600,1.75,1.77,1.74,1.77,813800,NaN,NaN,NaN,NaN,NaN,NaN,NaN
1648602000,1.78,1.79,1.75,1.79,1452500,NaN,NaN,NaN,NaN,NaN,NaN,NaN
1648688400,1.79,1.79,1.76,1.76,125600,2326465500,6386908000,558756000,-8405000,54576000,5651163000,5.68181818181818
1648774800,1.75,1.78,1.75,1.77,77300,NaN,NaN,NaN,NaN,NaN,NaN,NaN
1649034000,1.77,1.81,1.77,1.8,831000,NaN,NaN,NaN,NaN,NaN,NaN,NaN
1649120400,1.8,1.82,1.8,1.81,281300,NaN,NaN,NaN,NaN,NaN,NaN,NaN
1649206800,1.81,1.82,1.81,1.81,412700,NaN,NaN,NaN,NaN,NaN,NaN,NaN
1649293200,1.81,1.81,1.8,1.8,659300,NaN,NaN,NaN,NaN,NaN,NaN,NaN
1649379600,1.81,1.83,1.8,1.82,334400,NaN,NaN,NaN,NaN,NaN,NaN,NaN
1649638800,1.82,1.84,1.81,1.82,348400,NaN,NaN,NaN,NaN,NaN,NaN,NaN
1649725200,1.84,1.85,1.82,1.85,1169300,NaN,NaN,NaN,NaN,NaN,NaN,NaN
1649811600,1.85,1.86,1.84,1.84,538100,NaN,NaN,NaN,NaN,NaN,NaN,NaN
1649898000,1.84,1.85,1.84,1.84,166800,NaN,NaN,NaN,NaN,NaN,NaN,NaN
1649984400,1.84,1.84,1.83,1.83,132700,NaN,NaN,NaN,NaN,NaN,NaN,NaN
1650243600,1.83,1.83,1.8,1.8,170600,NaN,NaN,NaN,NaN,NaN,NaN,NaN
1650416400,1.81,1.81,1.78,1.79,212400,NaN,NaN,NaN,NaN,NaN,NaN,NaN
1650502800,1.79,1.82,1.77,1.82,847700,NaN,NaN,NaN,NaN,NaN,NaN,NaN
1650589200,1.82,1.82,1.79,1.8,1344500,NaN,NaN,NaN,NaN,NaN,NaN,NaN
1650848400,1.79,1.84,1.79,1.82,131900,NaN,NaN,NaN,NaN,NaN,NaN,NaN
1650934800,1.82,1.82,1.8,1.8,150900,NaN,NaN,NaN,NaN,NaN,NaN,NaN
1651021200,1.8,1.82,1.8,1.81,336500,NaN,NaN,NaN,NaN,NaN,NaN,NaN
1651107600,1.81,1.81,1.8,1.81,170200,NaN,NaN,NaN,NaN,NaN,NaN,NaN
1651194000,1.79,1.81,1.79,1.8,144600,NaN,NaN,NaN,NaN,NaN,NaN,NaN
1651712400,1.81,1.82,1.75,1.79,676500,NaN,NaN,NaN,NaN,NaN,NaN,NaN
1651798800,1.79,1.8,1.76,1.8,233100,NaN,NaN,NaN,NaN,NaN,NaN,NaN
1652058000,1.8,1.81,1.77,1.8,197000,NaN,NaN,NaN,NaN,NaN,NaN,NaN
1652144400,1.78,1.81,1.78,1.81,789800,NaN,NaN,NaN,NaN,NaN,NaN,NaN
1652230800,1.81,1.82,1.8,1.8,269200,NaN,NaN,NaN,NaN,NaN,NaN,NaN
1652317200,1.82,1.82,1.78,1.78,363400,NaN,NaN,NaN,NaN,NaN,NaN,NaN
1652403600,1.78,1.79,1.77,1.77,277300,NaN,NaN,NaN,NaN,NaN,NaN,NaN
1652749200,1.78,1.85,1.78,1.85,873400,NaN,NaN,NaN,NaN,NaN,NaN,NaN
1652835600,1.85,1.9,1.85,1.88,1097800,NaN,NaN,NaN,NaN,NaN,NaN,NaN
1652922000,1.88,1.88,1.85,1.86,390800,NaN,NaN,NaN,NaN,NaN,NaN,NaN
1653008400,1.88,1.88,1.84,1.84,117400,NaN,NaN,NaN,NaN,NaN,NaN,NaN
1653267600,1.85,1.88,1.82,1.87,240300,NaN,NaN,NaN,NaN,NaN,NaN,NaN
1653354000,1.87,1.89,1.85,1.87,351800,NaN,NaN,NaN,NaN,NaN,NaN,NaN
1653440400,1.87,1.88,1.86,1.87,92000,NaN,NaN,NaN,NaN,NaN,NaN,NaN
1653526800,1.87,1.88,1.85,1.87,308100,NaN,NaN,NaN,NaN,NaN,NaN,NaN
1653613200,1.87,1.91,1.87,1.9,968500,NaN,NaN,NaN,NaN,NaN,NaN,NaN
1653872400,1.9,1.92,1.85,1.9,693900,NaN,NaN,NaN,NaN,NaN,NaN,NaN
1653958800,1.85,1.91,1.85,1.9,1376600,NaN,NaN,NaN,NaN,NaN,NaN,NaN
1654045200,1.88,1.91,1.87,1.9,658300,NaN,NaN,NaN,NaN,NaN,NaN,NaN
1654131600,1.88,1.91,1.88,1.91,369000,NaN,NaN,NaN,NaN,NaN,NaN,NaN
1654218000,1.9,1.92,1.89,1.91,334600,NaN,NaN,NaN,NaN,NaN,NaN,NaN
1654563600,1.91,1.92,1.88,1.91,301700,NaN,NaN,NaN,NaN,NaN,NaN,NaN
1654650000,1.91,1.91,1.9,1.91,613600,NaN,NaN,NaN,NaN,NaN,NaN,NaN
1654736400,1.9,1.91,1.89,1.89,361700,NaN,NaN,NaN,NaN,NaN,NaN,NaN
1654822800,1.88,1.89,1.87,1.87,373900,NaN,NaN,NaN,NaN,NaN,NaN,NaN
1655082000,1.86,1.86,1.8,1.84,659700,NaN,NaN,NaN,NaN,NaN,NaN,NaN
1655168400,1.8,1.82,1.79,1.79,256900,NaN,NaN,NaN,NaN,NaN,NaN,NaN
1655254800,1.8,1.8,1.79,1.8,105700,NaN,NaN,NaN,NaN,NaN,NaN,NaN
1655341200,1.8,1.82,1.8,1.8,213400,NaN,NaN,NaN,NaN,NaN,NaN,NaN
1655427600,1.8,1.86,1.78,1.85,1187000,NaN,NaN,NaN,NaN,NaN,NaN,NaN
1655686800,1.86,1.86,1.8,1.83,653100,NaN,NaN,NaN,NaN,NaN,NaN,NaN
1655773200,1.73,1.73,1.65,1.65,543300,NaN,NaN,NaN,NaN,NaN,NaN,NaN
1655859600,1.65,1.65,1.63,1.63,185800,NaN,NaN,NaN,NaN,NaN,NaN,NaN
1655946000,1.63,1.64,1.63,1.64,108200,NaN,NaN,NaN,NaN,NaN,NaN,NaN
1656032400,1.63,1.71,1.63,1.7,413400,NaN,NaN,NaN,NaN,NaN,NaN,NaN
1656291600,1.7,1.71,1.65,1.7,323400,NaN,NaN,NaN,NaN,NaN,NaN,NaN
1656378000,1.66,1.69,1.65,1.68,88300,NaN,NaN,NaN,NaN,NaN,NaN,NaN
1656464400,1.68,1.7,1.68,1.7,293200,NaN,NaN,NaN,NaN,NaN,NaN,NaN
1656550800,1.69,1.71,1.69,1.69,65500,2326465500,6452708000,810029000,14540000,121114000,5464741000,5.91715976331361
1656637200,1.69,1.69,1.68,1.69,166500,NaN,NaN,NaN,NaN,NaN,NaN,NaN
1656896400,1.69,1.69,1.62,1.63,956000,NaN,NaN,NaN,NaN,NaN,NaN,NaN
1656982800,1.63,1.67,1.63,1.63,106200,NaN,NaN,NaN,NaN,NaN,NaN,NaN
1657069200,1.63,1.63,1.59,1.59,445000,NaN,NaN,NaN,NaN,NaN,NaN,NaN
1657155600,1.6,1.6,1.58,1.58,404800,NaN,NaN,NaN,NaN,NaN,NaN,NaN
1657242000,1.58,1.58,1.57,1.57,299600,NaN,NaN,NaN,NaN,NaN,NaN,NaN
1657587600,1.57,1.61,1.56,1.6,118400,NaN,NaN,NaN,NaN,NaN,NaN,NaN
1657674000,1.6,1.6,1.58,1.58,443900,NaN,NaN,NaN,NaN,NaN,NaN,NaN
1657760400,1.58,1.58,1.55,1.55,548100,NaN,NaN,NaN,NaN,NaN,NaN,NaN
1657846800,1.56,1.57,1.54,1.55,353800,NaN,NaN,NaN,NaN,NaN,NaN,NaN
1658106000,1.55,1.57,1.52,1.53,658100,NaN,NaN,NaN,NaN,NaN,NaN,NaN
1658192400,1.56,1.56,1.55,1.55,77000,NaN,NaN,NaN,NaN,NaN,NaN,NaN
1658278800,1.56,1.58,1.56,1.58,65400,NaN,NaN,NaN,NaN,NaN,NaN,NaN
1658365200,1.58,1.62,1.58,1.62,120200,NaN,NaN,NaN,NaN,NaN,NaN,NaN
1658451600,1.62,1.62,1.6,1.61,105600,NaN,NaN,NaN,NaN,NaN,NaN,NaN
1658710800,1.61,1.62,1.61,1.61,53600,NaN,NaN,NaN,NaN,NaN,NaN,NaN
1658797200,1.61,1.63,1.61,1.62,73100,NaN,NaN,NaN,NaN,NaN,NaN,NaN
1658883600,1.61,1.65,1.61,1.65,56200,NaN,NaN,NaN,NaN,NaN,NaN,NaN
1658970000,1.65,1.67,1.65,1.67,114300,NaN,NaN,NaN,NaN,NaN,NaN,NaN
1659056400,1.67,1.67,1.67,1.67,90300,NaN,NaN,NaN,NaN,NaN,NaN,NaN
1659315600,1.67,1.69,1.66,1.66,165500,NaN,NaN,NaN,NaN,NaN,NaN,NaN
1659402000,1.67,1.68,1.66,1.67,33900,NaN,NaN,NaN,NaN,NaN,NaN,NaN
1659488400,1.68,1.69,1.67,1.68,197700,NaN,NaN,NaN,NaN,NaN,NaN,NaN
1659574800,1.69,1.69,1.67,1.67,82500,NaN,NaN,NaN,NaN,NaN,NaN,NaN
1659661200,1.67,1.68,1.67,1.67,21900,NaN,NaN,NaN,NaN,NaN,NaN,NaN
1659920400,1.67,1.69,1.66,1.68,38400,NaN,NaN,NaN,NaN,NaN,NaN,NaN
1660006800,1.68,1.69,1.65,1.66,56400,NaN,NaN,NaN,NaN,NaN,NaN,NaN
1660093200,1.66,1.69,1.66,1.67,121300,NaN,NaN,NaN,NaN,NaN,NaN,NaN
1660179600,1.68,1.68,1.65,1.65,45500,NaN,NaN,NaN,NaN,NaN,NaN,NaN
1660266000,1.66,1.66,1.63,1.64,165500,NaN,NaN,NaN,NaN,NaN,NaN,NaN
1660525200,1.64,1.64,1.63,1.64,28300,NaN,NaN,NaN,NaN,NaN,NaN,NaN
1660611600,1.64,1.67,1.64,1.66,158200,NaN,NaN,NaN,NaN,NaN,NaN,NaN
1660698000,1.67,1.68,1.65,1.67,119500,NaN,NaN,NaN,NaN,NaN,NaN,NaN
1660784400,1.67,1.68,1.67,1.67,258500,NaN,NaN,NaN,NaN,NaN,NaN,NaN
1660870800,1.68,1.71,1.68,1.71,220900,NaN,NaN,NaN,NaN,NaN,NaN,NaN
1661130000,1.7,1.74,1.7,1.74,693900,NaN,NaN,NaN,NaN,NaN,NaN,NaN
1661216400,1.73,1.73,1.7,1.7,162600,NaN,NaN,NaN,NaN,NaN,NaN,NaN
1661302800,1.7,1.72,1.68,1.7,232500,NaN,NaN,NaN,NaN,NaN,NaN,NaN
1661389200,1.69,1.74,1.69,1.74,696300,NaN,NaN,NaN,NaN,NaN,NaN,NaN
1661475600,1.73,1.75,1.73,1.75,264000,NaN,NaN,NaN,NaN,NaN,NaN,NaN
1661734800,1.69,1.72,1.69,1.71,28000,NaN,NaN,NaN,NaN,NaN,NaN,NaN
1661821200,1.71,1.72,1.71,1.72,33400,NaN,NaN,NaN,NaN,NaN,NaN,NaN
1661994000,1.71,1.74,1.71,1.74,86800,NaN,NaN,NaN,NaN,NaN,NaN,NaN
1662080400,1.73,1.75,1.69,1.74,421200,NaN,NaN,NaN,NaN,NaN,NaN,NaN
1662339600,1.73,1.75,1.71,1.74,167300,NaN,NaN,NaN,NaN,NaN,NaN,NaN
1662426000,1.74,1.74,1.73,1.74,21300,NaN,NaN,NaN,NaN,NaN,NaN,NaN
1662512400,1.72,1.75,1.72,1.73,266800,NaN,NaN,NaN,NaN,NaN,NaN,NaN
1662598800,1.73,1.76,1.72,1.76,307200,NaN,NaN,NaN,NaN,NaN,NaN,NaN
1662685200,1.76,1.76,1.72,1.72,130300,NaN,NaN,NaN,NaN,NaN,NaN,NaN
1662944400,1.71,1.74,1.71,1.73,87500,NaN,NaN,NaN,NaN,NaN,NaN,NaN
1663030800,1.73,1.74,1.72,1.72,11200,NaN,NaN,NaN,NaN,NaN,NaN,NaN
1663117200,1.72,1.72,1.72,1.72,2400,NaN,NaN,NaN,NaN,NaN,NaN,NaN
1663203600,1.71,1.74,1.7,1.74,124100,NaN,NaN,NaN,NaN,NaN,NaN,NaN
1663549200,1.72,1.73,1.68,1.68,76500,NaN,NaN,NaN,NaN,NaN,NaN,NaN
1663635600,1.69,1.7,1.67,1.68,100900,NaN,NaN,NaN,NaN,NaN,NaN,NaN
1663722000,1.68,1.75,1.68,1.71,577800,NaN,NaN,NaN,NaN,NaN,NaN,NaN
1663808400,1.71,1.75,1.71,1.75,124400,NaN,NaN,NaN,NaN,NaN,NaN,NaN
1663894800,1.71,1.73,1.71,1.72,56100,NaN,NaN,NaN,NaN,NaN,NaN,NaN
1664154000,1.7,1.72,1.65,1.65,102100,NaN,NaN,NaN,NaN,NaN,NaN,NaN
1664240400,1.65,1.67,1.64,1.64,126000,NaN,NaN,NaN,NaN,NaN,NaN,NaN
1664326800,1.64,1.66,1.64,1.66,70400,NaN,NaN,NaN,NaN,NaN,NaN,NaN
1664413200,1.66,1.66,1.64,1.65,38300,NaN,NaN,NaN,NaN,NaN,NaN,NaN
1664499600,1.65,1.65,1.63,1.63,76800,2407449400,6429581000,564270000,53188000,163441000,5687566000,6.13496932515338
1664758800,1.63,1.63,1.62,1.63,37300,NaN,NaN,NaN,NaN,NaN,NaN,NaN
1664845200,1.63,1.64,1.63,1.63,42600,NaN,NaN,NaN,NaN,NaN,NaN,NaN
1664931600,1.64,1.64,1.63,1.63,37100,NaN,NaN,NaN,NaN,NaN,NaN,NaN
1665018000,1.63,1.64,1.63,1.64,37500,NaN,NaN,NaN,NaN,NaN,NaN,NaN
1665104400,1.64,1.65,1.62,1.62,87300,NaN,NaN,NaN,NaN,NaN,NaN,NaN
1665450000,1.62,1.64,1.61,1.64,63600,NaN,NaN,NaN,NaN,NaN,NaN,NaN
1665536400,1.64,1.64,1.6,1.6,219400,NaN,NaN,NaN,NaN,NaN,NaN,NaN
1665622800,1.6,1.64,1.6,1.63,335000,NaN,NaN,NaN,NaN,NaN,NaN,NaN
1665709200,1.62,1.64,1.62,1.62,24100,NaN,NaN,NaN,NaN,NaN,NaN,NaN
1665968400,1.63,1.64,1.63,1.64,37500,NaN,NaN,NaN,NaN,NaN,NaN,NaN
1666054800,1.64,1.64,1.62,1.62,22500,NaN,NaN,NaN,NaN,NaN,NaN,NaN
1666141200,1.63,1.64,1.58,1.59,280900,NaN,NaN,NaN,NaN,NaN,NaN,NaN
1666227600,1.59,1.59,1.58,1.58,185200,NaN,NaN,NaN,NaN,NaN,NaN,NaN
1666314000,1.58,1.59,1.58,1.59,45800,NaN,NaN,NaN,NaN,NaN,NaN,NaN
1666659600,1.59,1.59,1.58,1.59,56400,NaN,NaN,NaN,NaN,NaN,NaN,NaN
1666746000,1.59,1.61,1.58,1.58,154000,NaN,NaN,NaN,NaN,NaN,NaN,NaN
1666832400,1.59,1.59,1.58,1.58,162600,NaN,NaN,NaN,NaN,NaN,NaN,NaN
1666918800,1.58,1.58,1.57,1.58,153800,NaN,NaN,NaN,NaN,NaN,NaN,NaN
1667178000,1.58,1.59,1.56,1.56,488500,NaN,NaN,NaN,NaN,NaN,NaN,NaN
1667264400,1.58,1.59,1.56,1.59,72200,NaN,NaN,NaN,NaN,NaN,NaN,NaN
1667350800,1.59,1.6,1.56,1.59,157300,NaN,NaN,NaN,NaN,NaN,NaN,NaN
1667437200,1.59,1.59,1.58,1.59,45800,NaN,NaN,NaN,NaN,NaN,NaN,NaN
1667523600,1.59,1.59,1.59,1.59,76100,NaN,NaN,NaN,NaN,NaN,NaN,NaN
1667782800,1.58,1.59,1.58,1.59,21600,NaN,NaN,NaN,NaN,NaN,NaN,NaN
1667869200,1.58,1.6,1.58,1.6,37800,NaN,NaN,NaN,NaN,NaN,NaN,NaN
1667955600,1.6,1.6,1.59,1.59,30700,NaN,NaN,NaN,NaN,NaN,NaN,NaN
1668042000,1.6,1.61,1.57,1.61,191100,NaN,NaN,NaN,NaN,NaN,NaN,NaN
1668128400,1.6,1.6,1.59,1.59,53100,NaN,NaN,NaN,NaN,NaN,NaN,NaN
1668387600,1.59,1.6,1.59,1.59,59800,NaN,NaN,NaN,NaN,NaN,NaN,NaN
1668474000,1.59,1.6,1.59,1.6,71900,NaN,NaN,NaN,NaN,NaN,NaN,NaN
1668560400,1.59,1.6,1.59,1.59,14100,NaN,NaN,NaN,NaN,NaN,NaN,NaN
1668646800,1.58,1.6,1.58,1.58,122400,NaN,NaN,NaN,NaN,NaN,NaN,NaN
1668992400,1.58,1.59,1.56,1.59,120300,NaN,NaN,NaN,NaN,NaN,NaN,NaN
1669078800,1.59,1.59,1.58,1.59,75600,NaN,NaN,NaN,NaN,NaN,NaN,NaN
1669165200,1.59,1.61,1.58,1.59,85200,NaN,NaN,NaN,NaN,NaN,NaN,NaN
1669251600,1.58,1.61,1.58,1.6,178000,NaN,NaN,NaN,NaN,NaN,NaN,NaN
1669338000,1.6,1.6,1.58,1.58,121600,NaN,NaN,NaN,NaN,NaN,NaN,NaN
1669683600,1.59,1.61,1.58,1.6,290000,NaN,NaN,NaN,NaN,NaN,NaN,NaN
1669770000,1.62,1.64,1.61,1.61,276900,NaN,NaN,NaN,NaN,NaN,NaN,NaN
1669856400,1.62,1.65,1.61,1.63,114800,NaN,NaN,NaN,NaN,NaN,NaN,NaN
1669942800,1.63,1.64,1.63,1.64,70400,NaN,NaN,NaN,NaN,NaN,NaN,NaN
1670202000,1.65,1.65,1.61,1.62,72900,NaN,NaN,NaN,NaN,NaN,NaN,NaN
1670288400,1.62,1.62,1.59,1.62,284800,NaN,NaN,NaN,NaN,NaN,NaN,NaN
1670374800,1.63,1.63,1.61,1.62,20300,NaN,NaN,NaN,NaN,NaN,NaN,NaN
1670461200,1.62,1.62,1.6,1.61,41200,NaN,NaN,NaN,NaN,NaN,NaN,NaN
1670547600,1.6,1.62,1.6,1.61,18300,NaN,NaN,NaN,NaN,NaN,NaN,NaN
1670806800,1.61,1.63,1.61,1.62,39300,NaN,NaN,NaN,NaN,NaN,NaN,NaN
1670893200,1.61,1.63,1.61,1.63,34500,NaN,NaN,NaN,NaN,NaN,NaN,NaN
1670979600,1.62,1.63,1.61,1.63,38100,NaN,NaN,NaN,NaN,NaN,NaN,NaN
1671066000,1.62,1.63,1.61,1.62,28000,NaN,NaN,NaN,NaN,NaN,NaN,NaN
1671152400,1.62,1.63,1.61,1.62,108600,NaN,NaN,NaN,NaN,NaN,NaN,NaN
1671411600,1.61,1.61,1.6,1.61,40800,NaN,NaN,NaN,NaN,NaN,NaN,NaN
1671498000,1.61,1.62,1.6,1.61,114500,NaN,NaN,NaN,NaN,NaN,NaN,NaN
1671584400,1.61,1.61,1.6,1.61,84000,NaN,NaN,NaN,NaN,NaN,NaN,NaN
1671670800,1.61,1.61,1.6,1.6,96700,NaN,NaN,NaN,NaN,NaN,NaN,NaN
1671757200,1.61,1.61,1.6,1.6,46200,NaN,NaN,NaN,NaN,NaN,NaN,NaN
1672102800,1.6,1.61,1.59,1.6,82000,NaN,NaN,NaN,NaN,NaN,NaN,NaN
1672189200,1.6,1.61,1.6,1.61,22700,NaN,NaN,NaN,NaN,NaN,NaN,NaN
1672275600,1.61,1.61,1.6,1.61,45400,NaN,NaN,NaN,NaN,NaN,NaN,NaN
1672362000,1.61,1.62,1.61,1.61,28400,2407449400,6453587000,536518000,9402000,112522000,5741425000,6.2111801242236
1672707600,1.61,1.61,1.61,1.61,19600,NaN,NaN,NaN,NaN,NaN,NaN,NaN
1672794000,1.61,1.64,1.61,1.64,232900,NaN,NaN,NaN,NaN,NaN,NaN,NaN
1672880400,1.64,1.65,1.63,1.65,305300,NaN,NaN,NaN,NaN,NaN,NaN,NaN
1672966800,1.65,1.65,1.64,1.64,24900,NaN,NaN,NaN,NaN,NaN,NaN,NaN
1673226000,1.64,1.68,1.64,1.65,103900,NaN,NaN,NaN,NaN,NaN,NaN,NaN
1673312400,1.65,1.66,1.64,1.64,51200,NaN,NaN,NaN,NaN,NaN,NaN,NaN
1673398800,1.64,1.65,1.63,1.64,95100,NaN,NaN,NaN,NaN,NaN,NaN,NaN
1673485200,1.65,1.66,1.65,1.66,70300,NaN,NaN,NaN,NaN,NaN,NaN,NaN
1673571600,1.66,1.67,1.66,1.66,38100,NaN,NaN,NaN,NaN,NaN,NaN,NaN
1673830800,1.67,1.67,1.66,1.66,123900,NaN,NaN,NaN,NaN,NaN,NaN,NaN
1673917200,1.66,1.67,1.65,1.66,54600,NaN,NaN,NaN,NaN,NaN,NaN,NaN
1674003600,1.65,1.65,1.65,1.65,22200,NaN,NaN,NaN,NaN,NaN,NaN,NaN
1674090000,1.65,1.65,1.63,1.64,84000,NaN,NaN,NaN,NaN,NaN,NaN,NaN
1674176400,1.66,1.66,1.64,1.65,17500,NaN,NaN,NaN,NaN,NaN,NaN,NaN
1674608400,1.65,1.66,1.65,1.66,28300,NaN,NaN,NaN,NaN,NaN,NaN,NaN
1674694800,1.66,1.67,1.66,1.66,12400,NaN,NaN,NaN,NaN,NaN,NaN,NaN
1674781200,1.66,1.68,1.66,1.68,161500,NaN,NaN,NaN,NaN,NaN,NaN,NaN
1675040400,1.68,1.68,1.66,1.67,76700,NaN,NaN,NaN,NaN,NaN,NaN,NaN
1675126800,1.67,1.68,1.66,1.68,28300,NaN,NaN,NaN,NaN,NaN,NaN,NaN
1675299600,1.67,1.7,1.67,1.68,190400,NaN,NaN,NaN,NaN,NaN,NaN,NaN
1675386000,1.68,1.69,1.68,1.68,85800,NaN,NaN,NaN,NaN,NaN,NaN,NaN
1675731600,1.68,1.69,1.67,1.68,210000,NaN,NaN,NaN,NaN,NaN,NaN,NaN
1675818000,1.68,1.69,1.67,1.67,122300,NaN,NaN,NaN,NaN,NaN,NaN,NaN
1675904400,1.67,1.67,1.66,1.66,135900,NaN,NaN,NaN,NaN,NaN,NaN,NaN
1675990800,1.65,1.67,1.65,1.65,129600,NaN,NaN,NaN,NaN,NaN,NaN,NaN
1676250000,1.65,1.66,1.64,1.66,55800,NaN,NaN,NaN,NaN,NaN,NaN,NaN
1676336400,1.67,1.67,1.65,1.66,32100,NaN,NaN,NaN,NaN,NaN,NaN,NaN
1676422800,1.66,1.66,1.64,1.64,183700,NaN,NaN,NaN,NaN,NaN,NaN,NaN
1676509200,1.65,1.68,1.64,1.65,26600,NaN,NaN,NaN,NaN,NaN,NaN,NaN
1676595600,1.65,1.65,1.65,1.65,2100,NaN,NaN,NaN,NaN,NaN,NaN,NaN
1676854800,1.65,1.65,1.64,1.64,52900,NaN,NaN,NaN,NaN,NaN,NaN,NaN
1676941200,1.65,1.68,1.65,1.68,32500,NaN,NaN,NaN,NaN,NaN,NaN,NaN
1677027600,1.64,1.68,1.64,1.66,274300,NaN,NaN,NaN,NaN,NaN,NaN,NaN
1677114000,1.67,1.67,1.64,1.65,304800,NaN,NaN,NaN,NaN,NaN,NaN,NaN
1677200400,1.65,1.65,1.64,1.64,146400,NaN,NaN,NaN,NaN,NaN,NaN,NaN
1677459600,1.64,1.69,1.64,1.68,222200,NaN,NaN,NaN,NaN,NaN,NaN,NaN
1677546000,1.67,1.68,1.66,1.67,88900,NaN,NaN,NaN,NaN,NaN,NaN,NaN
1677632400,1.66,1.67,1.65,1.66,26000,NaN,NaN,NaN,NaN,NaN,NaN,NaN
1677718800,1.66,1.67,1.66,1.67,17700,NaN,NaN,NaN,NaN,NaN,NaN,NaN
1677805200,1.66,1.67,1.66,1.66,174600,NaN,NaN,NaN,NaN,NaN,NaN,NaN
1678064400,1.66,1.67,1.65,1.65,59500,NaN,NaN,NaN,NaN,NaN,NaN,NaN
1678150800,1.65,1.67,1.65,1.65,47000,NaN,NaN,NaN,NaN,NaN,NaN,NaN
1678237200,1.67,1.67,1.65,1.65,25700,NaN,NaN,NaN,NaN,NaN,NaN,NaN
1678323600,1.65,1.66,1.65,1.65,42500,NaN,NaN,NaN,NaN,NaN,NaN,NaN
1678410000,1.65,1.67,1.65,1.65,31700,NaN,NaN,NaN,NaN,NaN,NaN,NaN
1678669200,1.65,1.65,1.64,1.64,124900,NaN,NaN,NaN,NaN,NaN,NaN,NaN
1678755600,1.64,1.64,1.62,1.63,98300,NaN,NaN,NaN,NaN,NaN,NaN,NaN
1678842000,1.63,1.63,1.61,1.61,62500,NaN,NaN,NaN,NaN,NaN,NaN,NaN
1678928400,1.61,1.64,1.6,1.63,148100,NaN,NaN,NaN,NaN,NaN,NaN,NaN
1679014800,1.63,1.64,1.63,1.63,11600,NaN,NaN,NaN,NaN,NaN,NaN,NaN
1679274000,1.61,1.64,1.61,1.62,49600,NaN,NaN,NaN,NaN,NaN,NaN,NaN
1679360400,1.62,1.64,1.62,1.62,29200,NaN,NaN,NaN,NaN,NaN,NaN,NaN
1679446800,1.63,1.65,1.63,1.63,94700,NaN,NaN,NaN,NaN,NaN,NaN,NaN
1679533200,1.63,1.64,1.63,1.63,43300,NaN,NaN,NaN,NaN,NaN,NaN,NaN
1679619600,1.63,1.65,1.63,1.65,43400,NaN,NaN,NaN,NaN,NaN,NaN,NaN
1679878800,1.65,1.66,1.63,1.66,106500,NaN,NaN,NaN,NaN,NaN,NaN,NaN
1679965200,1.66,1.66,1.62,1.62,210000,NaN,NaN,NaN,NaN,NaN,NaN,NaN
1680051600,1.63,1.65,1.63,1.65,13100,NaN,NaN,NaN,NaN,NaN,NaN,NaN
1680138000,1.65,1.65,1.63,1.64,23700,NaN,NaN,NaN,NaN,NaN,NaN,NaN
1680224400,1.64,1.66,1.63,1.66,57800,2407449400,6466172000,503469000,-8510000,85235000,5787172000,18.0722891566265
1680483600,1.66,1.66,1.65,1.65,25200,NaN,NaN,NaN,NaN,NaN,NaN,NaN
1680570000,1.65,1.66,1.62,1.65,100200,NaN,NaN,NaN,NaN,NaN,NaN,NaN
1680656400,1.65,1.66,1.64,1.64,39800,NaN,NaN,NaN,NaN,NaN,NaN,NaN
1680742800,1.65,1.66,1.63,1.66,36400,NaN,NaN,NaN,NaN,NaN,NaN,NaN
1680829200,1.65,1.66,1.64,1.64,14900,NaN,NaN,NaN,NaN,NaN,NaN,NaN
1681088400,1.65,1.65,1.63,1.63,77600,NaN,NaN,NaN,NaN,NaN,NaN,NaN
1681174800,1.63,1.66,1.63,1.65,110000,NaN,NaN,NaN,NaN,NaN,NaN,NaN
1681261200,1.65,1.66,1.64,1.66,90800,NaN,NaN,NaN,NaN,NaN,NaN,NaN
1681347600,1.66,1.66,1.65,1.66,22900,NaN,NaN,NaN,NaN,NaN,NaN,NaN
1681434000,1.66,1.67,1.65,1.67,112300,NaN,NaN,NaN,NaN,NaN,NaN,NaN
1681693200,1.67,1.69,1.67,1.68,293300,NaN,NaN,NaN,NaN,NaN,NaN,NaN
1681779600,1.69,1.69,1.67,1.69,40300,NaN,NaN,NaN,NaN,NaN,NaN,NaN
1681866000,1.69,1.73,1.68,1.7,552400,NaN,NaN,NaN,NaN,NaN,NaN,NaN
1681952400,1.7,1.72,1.7,1.72,155400,NaN,NaN,NaN,NaN,NaN,NaN,NaN
1682384400,1.71,1.77,1.71,1.73,647900,NaN,NaN,NaN,NaN,NaN,NaN,NaN
1682470800,1.73,1.74,1.73,1.74,157900,NaN,NaN,NaN,NaN,NaN,NaN,NaN
1682557200,1.74,1.75,1.73,1.75,256400,NaN,NaN,NaN,NaN,NaN,NaN,NaN
1682643600,1.74,1.74,1.72,1.72,86400,NaN,NaN,NaN,NaN,NaN,NaN,NaN
1682989200,1.71,1.72,1.71,1.72,51200,NaN,NaN,NaN,NaN,NaN,NaN,NaN
1683075600,1.72,1.76,1.71,1.75,172400,NaN,NaN,NaN,NaN,NaN,NaN,NaN
1683248400,1.75,1.75,1.73,1.74,281500,NaN,NaN,NaN,NaN,NaN,NaN,NaN
1683507600,1.73,1.75,1.73,1.75,160500,NaN,NaN,NaN,NaN,NaN,NaN,NaN
1683594000,1.74,1.75,1.73,1.74,43400,NaN,NaN,NaN,NaN,NaN,NaN,NaN
1683680400,1.73,1.76,1.73,1.76,207200,NaN,NaN,NaN,NaN,NaN,NaN,NaN
1683766800,1.76,1.77,1.76,1.77,445000,NaN,NaN,NaN,NaN,NaN,NaN,NaN
1683853200,1.75,1.77,1.73,1.73,72800,NaN,NaN,NaN,NaN,NaN,NaN,NaN
1684112400,1.73,1.75,1.73,1.74,1077400,NaN,NaN,NaN,NaN,NaN,NaN,NaN
1684198800,1.74,1.74,1.72,1.74,597300,NaN,NaN,NaN,NaN,NaN,NaN,NaN
1684285200,1.74,1.74,1.74,1.74,205900,NaN,NaN,NaN,NaN,NaN,NaN,NaN
1684371600,1.74,1.76,1.74,1.76,50100,NaN,NaN,NaN,NaN,NaN,NaN,NaN
1684458000,1.74,1.76,1.74,1.74,233800,NaN,NaN,NaN,NaN,NaN,NaN,NaN
1684717200,1.74,1.76,1.74,1.75,76700,NaN,NaN,NaN,NaN,NaN,NaN,NaN
1684803600,1.76,1.76,1.75,1.75,213000,NaN,NaN,NaN,NaN,NaN,NaN,NaN
1684890000,1.75,1.75,1.75,1.75,332700,NaN,NaN,NaN,NaN,NaN,NaN,NaN
1684976400,1.75,1.75,1.73,1.74,154400,NaN,NaN,NaN,NaN,NaN,NaN,NaN
1685062800,1.74,1.75,1.74,1.74,248300,NaN,NaN,NaN,NaN,NaN,NaN,NaN
1685322000,1.75,1.76,1.75,1.76,126700,NaN,NaN,NaN,NaN,NaN,NaN,NaN
1685408400,1.74,1.75,1.74,1.74,52200,NaN,NaN,NaN,NaN,NaN,NaN,NaN
1685494800,1.75,1.76,1.73,1.73,981200,NaN,NaN,NaN,NaN,NaN,NaN,NaN
1685581200,1.74,1.74,1.71,1.71,157900,NaN,NaN,NaN,NaN,NaN,NaN,NaN
1685667600,1.72,1.72,1.71,1.71,92400,NaN,NaN,NaN,NaN,NaN,NaN,NaN
1686013200,1.72,1.73,1.71,1.71,308300,NaN,NaN,NaN,NaN,NaN,NaN,NaN
1686099600,1.72,1.72,1.7,1.7,177300,NaN,NaN,NaN,NaN,NaN,NaN,NaN
1686186000,1.7,1.71,1.69,1.7,129300,NaN,NaN,NaN,NaN,NaN,NaN,NaN
1686272400,1.7,1.71,1.69,1.7,202500,NaN,NaN,NaN,NaN,NaN,NaN,NaN
1686531600,1.7,1.7,1.69,1.7,311700,NaN,NaN,NaN,NaN,NaN,NaN,NaN
1686618000,1.7,1.7,1.69,1.7,347300,NaN,NaN,NaN,NaN,NaN,NaN,NaN
1686704400,1.6,1.6,1.59,1.6,178700,NaN,NaN,NaN,NaN,NaN,NaN,NaN
1686790800,1.61,1.62,1.59,1.6,132300,NaN,NaN,NaN,NaN,NaN,NaN,NaN
1686877200,1.6,1.61,1.58,1.58,170500,NaN,NaN,NaN,NaN,NaN,NaN,NaN
1687136400,1.58,1.59,1.56,1.58,114500,NaN,NaN,NaN,NaN,NaN,NaN,NaN
1687222800,1.58,1.58,1.57,1.57,87900,NaN,NaN,NaN,NaN,NaN,NaN,NaN
1687309200,1.57,1.57,1.56,1.56,70800,NaN,NaN,NaN,NaN,NaN,NaN,NaN
1687395600,1.56,1.57,1.56,1.56,97700,NaN,NaN,NaN,NaN,NaN,NaN,NaN
1687482000,1.56,1.57,1.56,1.56,125300,NaN,NaN,NaN,NaN,NaN,NaN,NaN
1687741200,1.56,1.58,1.56,1.58,33100,NaN,NaN,NaN,NaN,NaN,NaN,NaN
1687827600,1.58,1.58,1.57,1.58,40900,NaN,NaN,NaN,NaN,NaN,NaN,NaN
1687914000,1.58,1.58,1.57,1.58,16300,NaN,NaN,NaN,NaN,NaN,NaN,NaN
1688086800,1.57,1.58,1.56,1.56,92300,2407449400,6515496000,729018000,1072000,98097000,5609525000,19.2307692307692
1688346000,1.58,1.59,1.58,1.58,36200,NaN,NaN,NaN,NaN,NaN,NaN,NaN
1688432400,1.58,1.59,1.57,1.58,97900,NaN,NaN,NaN,NaN,NaN,NaN,NaN
1688518800,1.58,1.59,1.58,1.59,46400,NaN,NaN,NaN,NaN,NaN,NaN,NaN
1688605200,1.59,1.6,1.58,1.59,24500,NaN,NaN,NaN,NaN,NaN,NaN,NaN
1688691600,1.6,1.6,1.58,1.58,13900,NaN,NaN,NaN,NaN,NaN,NaN,NaN
1688950800,1.58,1.6,1.58,1.6,43000,NaN,NaN,NaN,NaN,NaN,NaN,NaN
1689037200,1.6,1.6,1.57,1.58,300500,NaN,NaN,NaN,NaN,NaN,NaN,NaN
1689123600,1.58,1.59,1.58,1.59,343700,NaN,NaN,NaN,NaN,NaN,NaN,NaN
1689210000,1.58,1.6,1.58,1.58,134800,NaN,NaN,NaN,NaN,NaN,NaN,NaN
1689296400,1.58,1.6,1.58,1.59,235200,NaN,NaN,NaN,NaN,NaN,NaN,NaN
1689555600,1.58,1.6,1.58,1.6,192400,NaN,NaN,NaN,NaN,NaN,NaN,NaN
1689642000,1.6,1.61,1.6,1.61,208100,NaN,NaN,NaN,NaN,NaN,NaN,NaN
1689814800,1.71,1.75,1.71,1.73,2179200,NaN,NaN,NaN,NaN,NaN,NaN,NaN
1689901200,1.74,1.8,1.74,1.79,963100,NaN,NaN,NaN,NaN,NaN,NaN,NaN
1690160400,1.79,1.79,1.75,1.76,269500,NaN,NaN,NaN,NaN,NaN,NaN,NaN
1690246800,1.75,1.77,1.75,1.76,144500,NaN,NaN,NaN,NaN,NaN,NaN,NaN
1690333200,1.76,1.77,1.76,1.76,152000,NaN,NaN,NaN,NaN,NaN,NaN,NaN
1690419600,1.78,1.86,1.78,1.85,1287700,NaN,NaN,NaN,NaN,NaN,NaN,NaN
1690506000,1.85,1.87,1.85,1.87,448600,NaN,NaN,NaN,NaN,NaN,NaN,NaN
1690765200,1.87,1.9,1.86,1.87,879300,NaN,NaN,NaN,NaN,NaN,NaN,NaN
1690851600,1.88,1.89,1.87,1.88,895700,NaN,NaN,NaN,NaN,NaN,NaN,NaN
1690938000,1.88,1.9,1.87,1.9,936800,NaN,NaN,NaN,NaN,NaN,NaN,NaN
1691024400,1.9,1.9,1.88,1.89,389500,NaN,NaN,NaN,NaN,NaN,NaN,NaN
1691110800,1.9,1.9,1.88,1.9,768500,NaN,NaN,NaN,NaN,NaN,NaN,NaN
1691370000,1.89,1.91,1.89,1.91,518200,NaN,NaN,NaN,NaN,NaN,NaN,NaN
1691456400,1.91,1.92,1.89,1.91,1326900,NaN,NaN,NaN,NaN,NaN,NaN,NaN
1691542800,1.73,1.73,1.65,1.69,401800,NaN,NaN,NaN,NaN,NaN,NaN,NaN
1691629200,1.69,1.7,1.68,1.69,459600,NaN,NaN,NaN,NaN,NaN,NaN,NaN
1691715600,1.7,1.7,1.66,1.69,207700,NaN,NaN,NaN,NaN,NaN,NaN,NaN
1691974800,1.7,1.7,1.66,1.68,347100,NaN,NaN,NaN,NaN,NaN,NaN,NaN
1692061200,1.7,1.7,1.67,1.69,312100,NaN,NaN,NaN,NaN,NaN,NaN,NaN
1692147600,1.69,1.7,1.66,1.67,476700,NaN,NaN,NaN,NaN,NaN,NaN,NaN
1692234000,1.67,1.69,1.66,1.67,399300,NaN,NaN,NaN,NaN,NaN,NaN,NaN
1692320400,1.67,1.68,1.65,1.65,509800,NaN,NaN,NaN,NaN,NaN,NaN,NaN
1692579600,1.65,1.68,1.65,1.68,347800,NaN,NaN,NaN,NaN,NaN,NaN,NaN
1692666000,1.68,1.71,1.68,1.71,748300,NaN,NaN,NaN,NaN,NaN,NaN,NaN
1692752400,1.7,1.73,1.7,1.73,871400,NaN,NaN,NaN,NaN,NaN,NaN,NaN
1692838800,1.74,1.8,1.74,1.78,1307700,NaN,NaN,NaN,NaN,NaN,NaN,NaN
1692925200,1.79,1.79,1.75,1.76,525200,NaN,NaN,NaN,NaN,NaN,NaN,NaN
1693184400,1.76,1.76,1.74,1.75,349100,NaN,NaN,NaN,NaN,NaN,NaN,NaN
1693270800,1.75,1.78,1.75,1.78,601600,NaN,NaN,NaN,NaN,NaN,NaN,NaN
1693357200,1.78,1.78,1.77,1.78,200400,NaN,NaN,NaN,NaN,NaN,NaN,NaN
1693530000,1.78,1.8,1.77,1.8,466400,NaN,NaN,NaN,NaN,NaN,NaN,NaN
1693789200,1.78,1.8,1.76,1.77,783700,NaN,NaN,NaN,NaN,NaN,NaN,NaN
1693875600,1.77,1.77,1.74,1.76,1624900,NaN,NaN,NaN,NaN,NaN,NaN,NaN
1693962000,1.77,1.78,1.77,1.77,244500,NaN,NaN,NaN,NaN,NaN,NaN,NaN
1694048400,1.77,1.78,1.76,1.78,257200,NaN,NaN,NaN,NaN,NaN,NaN,NaN
1694134800,1.77,1.78,1.76,1.77,261900,NaN,NaN,NaN,NaN,NaN,NaN,NaN
1694394000,1.77,1.77,1.72,1.72,331200,NaN,NaN,NaN,NaN,NaN,NaN,NaN
1694480400,1.72,1.73,1.71,1.71,264400,NaN,NaN,NaN,NaN,NaN,NaN,NaN
1694566800,1.71,1.72,1.68,1.69,452700,NaN,NaN,NaN,NaN,NaN,NaN,NaN
1694653200,1.69,1.72,1.69,1.72,426700,NaN,NaN,NaN,NaN,NaN,NaN,NaN
1694739600,1.73,1.73,1.7,1.7,3479400,NaN,NaN,NaN,NaN,NaN,NaN,NaN
1694998800,1.7,1.72,1.7,1.71,197600,NaN,NaN,NaN,NaN,NaN,NaN,NaN
1695085200,1.72,1.74,1.71,1.73,389900,NaN,NaN,NaN,NaN,NaN,NaN,NaN
1695171600,1.74,1.75,1.72,1.72,196600,NaN,NaN,NaN,NaN,NaN,NaN,NaN
1695258000,1.74,1.74,1.72,1.72,177800,NaN,NaN,NaN,NaN,NaN,NaN,NaN
1695344400,1.72,1.74,1.72,1.73,326700,NaN,NaN,NaN,NaN,NaN,NaN,NaN
1695603600,1.73,1.74,1.72,1.73,364700,NaN,NaN,NaN,NaN,NaN,NaN,NaN
1695690000,1.72,1.73,1.71,1.73,134100,NaN,NaN,NaN,NaN,NaN,NaN,NaN
1695776400,1.71,1.71,1.69,1.69,346700,NaN,NaN,NaN,NaN,NaN,NaN,NaN
1695949200,1.7,1.7,1.66,1.69,853400,2490418500,5959443000,491925000,-7608000,107048000,5291819000,17.7514792899408
1696208400,1.69,1.7,1.67,1.69,279400,NaN,NaN,NaN,NaN,NaN,NaN,NaN
1696294800,1.69,1.69,1.67,1.67,213200,NaN,NaN,NaN,NaN,NaN,NaN,NaN
1696381200,1.68,1.69,1.66,1.68,583900,NaN,NaN,NaN,NaN,NaN,NaN,NaN
1696467600,1.68,1.69,1.67,1.68,461900,NaN,NaN,NaN,NaN,NaN,NaN,NaN
1696554000,1.68,1.69,1.67,1.68,469900,NaN,NaN,NaN,NaN,NaN,NaN,NaN
1696813200,1.68,1.69,1.66,1.67,285600,NaN,NaN,NaN,NaN,NaN,NaN,NaN
1696899600,1.67,1.68,1.66,1.67,351400,NaN,NaN,NaN,NaN,NaN,NaN,NaN
1696986000,1.67,1.67,1.67,1.67,242400,NaN,NaN,NaN,NaN,NaN,NaN,NaN
1697072400,1.7,1.7,1.67,1.67,250300,NaN,NaN,NaN,NaN,NaN,NaN,NaN
1697158800,1.69,1.72,1.69,1.72,72300,NaN,NaN,NaN,NaN,NaN,NaN,NaN
1697418000,1.72,1.72,1.7,1.7,13000,NaN,NaN,NaN,NaN,NaN,NaN,NaN
1697504400,1.7,1.74,1.7,1.73,235400,NaN,NaN,NaN,NaN,NaN,NaN,NaN
1697590800,1.73,1.73,1.7,1.73,449800,NaN,NaN,NaN,NaN,NaN,NaN,NaN
1697677200,1.72,1.73,1.72,1.73,328300,NaN,NaN,NaN,NaN,NaN,NaN,NaN
1697763600,1.72,1.72,1.7,1.7,176000,NaN,NaN,NaN,NaN,NaN,NaN,NaN
1698022800,1.7,1.7,1.68,1.68,272500,NaN,NaN,NaN,NaN,NaN,NaN,NaN
1698109200,1.69,1.69,1.68,1.69,173800,NaN,NaN,NaN,NaN,NaN,NaN,NaN
1698195600,1.68,1.7,1.68,1.7,59700,NaN,NaN,NaN,NaN,NaN,NaN,NaN
1698282000,1.7,1.71,1.69,1.7,83000,NaN,NaN,NaN,NaN,NaN,NaN,NaN
1698368400,1.7,1.7,1.69,1.7,32600,NaN,NaN,NaN,NaN,NaN,NaN,NaN
1698627600,1.71,1.71,1.68,1.68,137600,NaN,NaN,NaN,NaN,NaN,NaN,NaN
1698714000,1.69,1.7,1.69,1.69,75400,NaN,NaN,NaN,NaN,NaN,NaN,NaN
1698800400,1.7,1.71,1.69,1.69,796800,NaN,NaN,NaN,NaN,NaN,NaN,NaN
1698886800,1.71,1.72,1.71,1.71,55600,NaN,NaN,NaN,NaN,NaN,NaN,NaN
1698973200,1.71,1.73,1.71,1.72,96500,NaN,NaN,NaN,NaN,NaN,NaN,NaN
1699232400,1.73,1.73,1.73,1.73,55000,NaN,NaN,NaN,NaN,NaN,NaN,NaN
1699318800,1.73,1.73,1.72,1.72,37300,NaN,NaN,NaN,NaN,NaN,NaN,NaN
1699405200,1.73,1.74,1.73,1.73,66000,NaN,NaN,NaN,NaN,NaN,NaN,NaN
1699491600,1.73,1.73,1.72,1.72,212500,NaN,NaN,NaN,NaN,NaN,NaN,NaN
1699578000,1.72,1.73,1.71,1.73,68200,NaN,NaN,NaN,NaN,NaN,NaN,NaN
1699923600,1.73,1.73,1.71,1.72,38600,NaN,NaN,NaN,NaN,NaN,NaN,NaN
1700010000,1.72,1.73,1.72,1.73,19900,NaN,NaN,NaN,NaN,NaN,NaN,NaN
1700096400,1.73,1.74,1.72,1.73,91400,NaN,NaN,NaN,NaN,NaN,NaN,NaN
1700182800,1.73,1.74,1.73,1.74,25800,NaN,NaN,NaN,NaN,NaN,NaN,NaN
1700442000,1.74,1.77,1.74,1.76,348100,NaN,NaN,NaN,NaN,NaN,NaN,NaN
1700528400,1.76,1.76,1.75,1.76,117100,NaN,NaN,NaN,NaN,NaN,NaN,NaN
1700614800,1.76,1.77,1.75,1.75,103900,NaN,NaN,NaN,NaN,NaN,NaN,NaN
1700701200,1.75,1.76,1.75,1.75,54900,NaN,NaN,NaN,NaN,NaN,NaN,NaN
1700787600,1.75,1.77,1.75,1.77,140100,NaN,NaN,NaN,NaN,NaN,NaN,NaN
1701046800,1.77,1.77,1.72,1.74,219500,NaN,NaN,NaN,NaN,NaN,NaN,NaN
1701133200,1.73,1.74,1.71,1.73,201700,NaN,NaN,NaN,NaN,NaN,NaN,NaN
1701219600,1.73,1.74,1.72,1.73,140100,NaN,NaN,NaN,NaN,NaN,NaN,NaN
1701306000,1.75,1.75,1.72,1.74,284500,NaN,NaN,NaN,NaN,NaN,NaN,NaN
1701392400,1.74,1.75,1.72,1.74,94900,NaN,NaN,NaN,NaN,NaN,NaN,NaN
1701651600,1.76,1.77,1.75,1.75,269500,NaN,NaN,NaN,NaN,NaN,NaN,NaN
1701738000,1.76,1.76,1.74,1.75,119800,NaN,NaN,NaN,NaN,NaN,NaN,NaN
1701824400,1.75,1.76,1.74,1.75,49600,NaN,NaN,NaN,NaN,NaN,NaN,NaN
1701910800,1.75,1.76,1.74,1.74,161600,NaN,NaN,NaN,NaN,NaN,NaN,NaN
1701997200,1.76,1.76,1.74,1.75,285200,NaN,NaN,NaN,NaN,NaN,NaN,NaN
1702256400,1.76,1.77,1.76,1.76,456400,NaN,NaN,NaN,NaN,NaN,NaN,NaN
1702342800,1.76,1.78,1.74,1.76,911600,NaN,NaN,NaN,NaN,NaN,NaN,NaN
1702429200,1.75,1.76,1.72,1.75,742500,NaN,NaN,NaN,NaN,NaN,NaN,NaN
1702515600,1.73,1.75,1.73,1.75,113200,NaN,NaN,NaN,NaN,NaN,NaN,NaN
1702602000,1.75,1.77,1.74,1.77,308000,NaN,NaN,NaN,NaN,NaN,NaN,NaN
1702861200,1.77,1.79,1.76,1.79,618000,NaN,NaN,NaN,NaN,NaN,NaN,NaN
1702947600,1.79,1.79,1.78,1.79,437600,NaN,NaN,NaN,NaN,NaN,NaN,NaN
1703034000,1.78,1.81,1.78,1.8,531000,NaN,NaN,NaN,NaN,NaN,NaN,NaN
1703120400,1.79,1.79,1.77,1.77,598900,NaN,NaN,NaN,NaN,NaN,NaN,NaN
1703206800,1.78,1.78,1.77,1.77,80500,NaN,NaN,NaN,NaN,NaN,NaN,NaN
1703552400,1.79,1.8,1.74,1.75,316200,NaN,NaN,NaN,NaN,NaN,NaN,NaN
1703638800,1.75,1.75,1.74,1.74,585500,NaN,NaN,NaN,NaN,NaN,NaN,NaN
1703725200,1.76,1.77,1.74,1.74,108800,NaN,NaN,NaN,NaN,NaN,NaN,NaN
1703811600,1.75,1.75,1.74,1.74,223300,2490418500,6081074000,491863000,-3097000,109012000,5413096000,17.2413793103448
1704157200,1.75,1.77,1.74,1.75,163000,NaN,NaN,NaN,NaN,NaN,NaN,NaN
1704243600,1.75,1.75,1.73,1.74,105500,NaN,NaN,NaN,NaN,NaN,NaN,NaN
1704330000,1.76,1.76,1.74,1.75,372200,NaN,NaN,NaN,NaN,NaN,NaN,NaN
1704416400,1.74,1.76,1.74,1.75,1246500,NaN,NaN,NaN,NaN,NaN,NaN,NaN
1704675600,1.75,1.78,1.75,1.76,223700,NaN,NaN,NaN,NaN,NaN,NaN,NaN
1704762000,1.78,1.78,1.76,1.78,100800,NaN,NaN,NaN,NaN,NaN,NaN,NaN
1704848400,1.78,1.78,1.76,1.77,86800,NaN,NaN,NaN,NaN,NaN,NaN,NaN
1704934800,1.77,1.8,1.77,1.78,272800,NaN,NaN,NaN,NaN,NaN,NaN,NaN
1705021200,1.79,1.8,1.79,1.8,94700,NaN,NaN,NaN,NaN,NaN,NaN,NaN
1705280400,1.78,1.81,1.78,1.8,323400,NaN,NaN,NaN,NaN,NaN,NaN,NaN
1705366800,1.8,1.8,1.77,1.77,119100,NaN,NaN,NaN,NaN,NaN,NaN,NaN
1705453200,1.77,1.78,1.75,1.75,862400,NaN,NaN,NaN,NaN,NaN,NaN,NaN
1705539600,1.75,1.76,1.74,1.75,390000,NaN,NaN,NaN,NaN,NaN,NaN,NaN
1705626000,1.75,1.76,1.74,1.75,278500,NaN,NaN,NaN,NaN,NaN,NaN,NaN
1705885200,1.75,1.78,1.75,1.78,81900,NaN,NaN,NaN,NaN,NaN,NaN,NaN
1705971600,1.78,1.78,1.77,1.77,155100,NaN,NaN,NaN,NaN,NaN,NaN,NaN
1706058000,1.78,1.8,1.78,1.79,201900,NaN,NaN,NaN,NaN,NaN,NaN,NaN
1706230800,1.79,1.79,1.78,1.79,113700,NaN,NaN,NaN,NaN,NaN,NaN,NaN
1706490000,1.79,1.82,1.79,1.81,666600,NaN,NaN,NaN,NaN,NaN,NaN,NaN
1706576400,1.82,1.86,1.81,1.84,574000,NaN,NaN,NaN,NaN,NaN,NaN,NaN
1706662800,1.84,1.85,1.81,1.81,281800,NaN,NaN,NaN,NaN,NaN,NaN,NaN
1706835600,1.81,1.82,1.8,1.82,58900,NaN,NaN,NaN,NaN,NaN,NaN,NaN
1707094800,1.84,1.84,1.78,1.8,141800,NaN,NaN,NaN,NaN,NaN,NaN,NaN
1707181200,1.81,1.83,1.8,1.81,102500,NaN,NaN,NaN,NaN,NaN,NaN,NaN
1707267600,1.81,1.83,1.78,1.82,97700,NaN,NaN,NaN,NaN,NaN,NaN,NaN
1707354000,1.82,1.82,1.8,1.82,50700,NaN,NaN,NaN,NaN,NaN,NaN,NaN
1707440400,1.82,1.82,1.78,1.8,164900,NaN,NaN,NaN,NaN,NaN,NaN,NaN
1707786000,1.8,1.82,1.8,1.81,76400,NaN,NaN,NaN,NaN,NaN,NaN,NaN
1707872400,1.81,1.81,1.8,1.8,42400,NaN,NaN,NaN,NaN,NaN,NaN,NaN
1707958800,1.8,1.83,1.8,1.82,126800,NaN,NaN,NaN,NaN,NaN,NaN,NaN
1708045200,1.84,1.87,1.83,1.83,738900,NaN,NaN,NaN,NaN,NaN,NaN,NaN
1708304400,1.84,1.86,1.84,1.86,125000,NaN,NaN,NaN,NaN,NaN,NaN,NaN
1708390800,1.87,1.87,1.85,1.86,261300,NaN,NaN,NaN,NaN,NaN,NaN,NaN
1708477200,1.84,1.85,1.84,1.84,163600,NaN,NaN,NaN,NaN,NaN,NaN,NaN
1708563600,1.84,1.87,1.84,1.85,132300,NaN,NaN,NaN,NaN,NaN,NaN,NaN
1708650000,1.85,1.86,1.85,1.85,165600,NaN,NaN,NaN,NaN,NaN,NaN,NaN
1708909200,1.86,1.87,1.85,1.86,196900,NaN,NaN,NaN,NaN,NaN,NaN,NaN
1708995600,1.86,1.87,1.86,1.86,211900,NaN,NaN,NaN,NaN,NaN,NaN,NaN
1709082000,1.88,1.92,1.88,1.9,693400,NaN,NaN,NaN,NaN,NaN,NaN,NaN
1709168400,1.9,1.92,1.88,1.91,811300,NaN,NaN,NaN,NaN,NaN,NaN,NaN
1709254800,1.89,1.89,1.81,1.85,953500,NaN,NaN,NaN,NaN,NaN,NaN,NaN
1709514000,1.85,1.86,1.83,1.84,544000,NaN,NaN,NaN,NaN,NaN,NaN,NaN
1709600400,1.84,1.84,1.8,1.8,533000,NaN,NaN,NaN,NaN,NaN,NaN,NaN
1709686800,1.8,1.81,1.76,1.78,1028700,NaN,NaN,NaN,NaN,NaN,NaN,NaN
1709773200,1.78,1.8,1.78,1.8,307900,NaN,NaN,NaN,NaN,NaN,NaN,NaN
1709859600,1.8,1.82,1.8,1.8,779300,NaN,NaN,NaN,NaN,NaN,NaN,NaN
1710118800,1.8,1.81,1.8,1.8,203800,NaN,NaN,NaN,NaN,NaN,NaN,NaN
1710205200,1.8,1.85,1.8,1.82,125200,NaN,NaN,NaN,NaN,NaN,NaN,NaN
1710291600,1.82,1.83,1.8,1.82,156800,NaN,NaN,NaN,NaN,NaN,NaN,NaN
1710378000,1.82,1.83,1.81,1.83,145300,NaN,NaN,NaN,NaN,NaN,NaN,NaN
1710464400,1.83,1.85,1.83,1.84,168100,NaN,NaN,NaN,NaN,NaN,NaN,NaN
1710723600,1.85,1.87,1.83,1.85,137600,NaN,NaN,NaN,NaN,NaN,NaN,NaN
1710810000,1.84,1.87,1.84,1.86,205400,NaN,NaN,NaN,NaN,NaN,NaN,NaN
1710896400,1.87,1.87,1.84,1.84,39600,NaN,NaN,NaN,NaN,NaN,NaN,NaN
1710982800,1.85,1.87,1.84,1.87,124600,NaN,NaN,NaN,NaN,NaN,NaN,NaN
1711069200,1.87,1.87,1.86,1.87,206500,NaN,NaN,NaN,NaN,NaN,NaN,NaN
1711328400,1.87,1.89,1.87,1.88,169900,NaN,NaN,NaN,NaN,NaN,NaN,NaN
1711414800,1.88,1.88,1.85,1.86,229400,NaN,NaN,NaN,NaN,NaN,NaN,NaN
1711501200,1.86,1.88,1.86,1.87,297300,NaN,NaN,NaN,NaN,NaN,NaN,NaN
1711674000,1.87,1.87,1.86,1.87,137900,2490418500,6128216000,496757000,-17717000,70253000,5464454000,5.3475935828877
1711933200,1.87,1.87,1.85,1.85,125300,NaN,NaN,NaN,NaN,NaN,NaN,NaN
1712019600,1.85,1.89,1.85,1.89,289200,NaN,NaN,NaN,NaN,NaN,NaN,NaN
1712106000,1.9,1.9,1.87,1.88,284600,NaN,NaN,NaN,NaN,NaN,NaN,NaN
1712192400,1.89,1.9,1.88,1.9,84900,NaN,NaN,NaN,NaN,NaN,NaN,NaN
1712278800,1.9,1.9,1.88,1.88,111300,NaN,NaN,NaN,NaN,NaN,NaN,NaN
1712538000,1.87,1.88,1.87,1.88,79300,NaN,NaN,NaN,NaN,NaN,NaN,NaN
1712624400,1.88,1.89,1.87,1.87,175300,NaN,NaN,NaN,NaN,NaN,NaN,NaN
1712883600,1.87,1.9,1.87,1.89,143400,NaN,NaN,NaN,NaN,NaN,NaN,NaN
1713142800,1.88,1.88,1.86,1.87,234700,NaN,NaN,NaN,NaN,NaN,NaN,NaN
1713229200,1.87,1.89,1.84,1.88,524300,NaN,NaN,NaN,NaN,NaN,NaN,NaN
1713315600,1.88,1.88,1.86,1.87,72500,NaN,NaN,NaN,NaN,NaN,NaN,NaN
1713402000,1.88,1.88,1.86,1.87,82100,NaN,NaN,NaN,NaN,NaN,NaN,NaN
1713488400,1.87,1.87,1.84,1.85,253200,NaN,NaN,NaN,NaN,NaN,NaN,NaN
1713747600,1.85,1.88,1.85,1.86,197300,NaN,NaN,NaN,NaN,NaN,NaN,NaN
1713834000,1.86,1.88,1.85,1.88,170700,NaN,NaN,NaN,NaN,NaN,NaN,NaN
1713920400,1.88,1.91,1.88,1.9,247300,NaN,NaN,NaN,NaN,NaN,NaN,NaN
1714006800,1.92,1.92,1.89,1.9,146700,NaN,NaN,NaN,NaN,NaN,NaN,NaN
1714093200,1.9,1.9,1.88,1.89,98800,NaN,NaN,NaN,NaN,NaN,NaN,NaN
1714352400,1.89,1.91,1.89,1.9,307700,NaN,NaN,NaN,NaN,NaN,NaN,NaN
1714438800,1.9,1.91,1.88,1.89,360700,NaN,NaN,NaN,NaN,NaN,NaN,NaN
1714611600,1.9,1.9,1.87,1.89,1128300,NaN,NaN,NaN,NaN,NaN,NaN,NaN
1714698000,1.89,1.92,1.88,1.89,1207200,NaN,NaN,NaN,NaN,NaN,NaN,NaN
1714957200,1.88,1.95,1.88,1.94,394500,NaN,NaN,NaN,NaN,NaN,NaN,NaN
1715043600,1.94,1.96,1.94,1.96,136000,NaN,NaN,NaN,NaN,NaN,NaN,NaN
1715130000,1.96,1.96,1.94,1.95,223700,NaN,NaN,NaN,NaN,NaN,NaN,NaN
1715216400,1.95,1.98,1.95,1.97,252600,NaN,NaN,NaN,NaN,NaN,NaN,NaN
1715302800,1.97,2,1.97,1.99,432900,NaN,NaN,NaN,NaN,NaN,NaN,NaN
1715562000,1.99,1.99,1.92,1.94,865300,NaN,NaN,NaN,NaN,NaN,NaN,NaN
1715648400,1.94,1.98,1.94,1.97,285900,NaN,NaN,NaN,NaN,NaN,NaN,NaN
1715734800,1.97,1.98,1.95,1.98,270400,NaN,NaN,NaN,NaN,NaN,NaN,NaN
1715821200,1.98,1.99,1.98,1.99,327600,NaN,NaN,NaN,NaN,NaN,NaN,NaN
1715907600,1.98,2,1.97,1.99,443200,NaN,NaN,NaN,NaN,NaN,NaN,NaN
1716166800,1.99,2,1.98,2,310700,NaN,NaN,NaN,NaN,NaN,NaN,NaN
1716253200,1.99,2,1.98,2,167000,NaN,NaN,NaN,NaN,NaN,NaN,NaN
1716426000,2,2.02,2,2.01,278300,NaN,NaN,NaN,NaN,NaN,NaN,NaN
1716512400,2.02,2.02,1.99,2.02,356800,NaN,NaN,NaN,NaN,NaN,NaN,NaN
1716771600,2.01,2.04,2.01,2.01,663000,NaN,NaN,NaN,NaN,NaN,NaN,NaN
1716858000,2.01,2.03,1.99,1.99,582800,NaN,NaN,NaN,NaN,NaN,NaN,NaN
1716944400,1.98,1.98,1.94,1.95,641200,NaN,NaN,NaN,NaN,NaN,NaN,NaN
1717030800,1.97,2,1.95,1.98,178000,NaN,NaN,NaN,NaN,NaN,NaN,NaN
1717117200,1.98,1.98,1.95,1.96,342000,NaN,NaN,NaN,NaN,NaN,NaN,NaN
1717462800,1.96,1.97,1.95,1.96,233400,NaN,NaN,NaN,NaN,NaN,NaN,NaN
1717549200,1.96,1.97,1.95,1.96,538700,NaN,NaN,NaN,NaN,NaN,NaN,NaN
1717635600,1.97,1.99,1.96,1.97,1082100,NaN,NaN,NaN,NaN,NaN,NaN,NaN
1717722000,1.97,2.04,1.97,2.04,860300,NaN,NaN,NaN,NaN,NaN,NaN,NaN
1717981200,2.05,2.07,2.03,2.06,750900,NaN,NaN,NaN,NaN,NaN,NaN,NaN
1718067600,2.06,2.06,2.03,2.04,471600,NaN,NaN,NaN,NaN,NaN,NaN,NaN
1718154000,2.06,2.06,2.04,2.06,878400,NaN,NaN,NaN,NaN,NaN,NaN,NaN
1718240400,2.06,2.06,2.03,2.05,828000,NaN,NaN,NaN,NaN,NaN,NaN,NaN
1718326800,2.06,2.06,2.05,2.06,271300,NaN,NaN,NaN,NaN,NaN,NaN,NaN
1718672400,2.06,2.06,2.04,2.04,349300,NaN,NaN,NaN,NaN,NaN,NaN,NaN
1718758800,2.04,2.04,2.02,2.04,1082300,NaN,NaN,NaN,NaN,NaN,NaN,NaN
1718845200,2.04,2.04,2.02,2.03,1114200,NaN,NaN,NaN,NaN,NaN,NaN,NaN
1718931600,1.93,1.93,1.87,1.89,500600,NaN,NaN,NaN,NaN,NaN,NaN,NaN
1719190800,1.9,1.9,1.85,1.85,546000,NaN,NaN,NaN,NaN,NaN,NaN,NaN
1719277200,1.86,1.86,1.83,1.83,767600,NaN,NaN,NaN,NaN,NaN,NaN,NaN
1719363600,1.84,1.85,1.82,1.82,1002800,NaN,NaN,NaN,NaN,NaN,NaN,NaN
1719450000,1.83,1.84,1.82,1.82,276600,NaN,NaN,NaN,NaN,NaN,NaN,NaN
1719536400,1.83,1.86,1.82,1.83,266400,2490418500,6192089000,748999000,-4096000,99217000,5275539000,5.46448087431694
1719795600,1.83,1.88,1.83,1.88,262400,NaN,NaN,NaN,NaN,NaN,NaN,NaN
1719882000,1.88,1.88,1.86,1.88,132600,NaN,NaN,NaN,NaN,NaN,NaN,NaN
1719968400,1.88,1.93,1.88,1.91,387500,NaN,NaN,NaN,NaN,NaN,NaN,NaN
1720054800,1.92,1.93,1.91,1.92,101000,NaN,NaN,NaN,NaN,NaN,NaN,NaN
1720141200,1.92,1.92,1.9,1.91,66800,NaN,NaN,NaN,NaN,NaN,NaN,NaN
1720486800,1.91,1.92,1.89,1.91,122200,NaN,NaN,NaN,NaN,NaN,NaN,NaN
1720573200,1.91,1.91,1.88,1.9,920100,NaN,NaN,NaN,NaN,NaN,NaN,NaN
1720659600,1.9,1.91,1.89,1.9,386900,NaN,NaN,NaN,NaN,NaN,NaN,NaN
1720746000,1.9,1.91,1.84,1.86,2678000,NaN,NaN,NaN,NaN,NaN,NaN,NaN
1721005200,1.87,1.9,1.85,1.85,642100,NaN,NaN,NaN,NaN,NaN,NaN,NaN
1721091600,1.89,1.9,1.86,1.9,511300,NaN,NaN,NaN,NaN,NaN,NaN,NaN
1721178000,1.9,1.9,1.89,1.89,63400,NaN,NaN,NaN,NaN,NaN,NaN,NaN
1721264400,1.89,1.9,1.88,1.89,100300,NaN,NaN,NaN,NaN,NaN,NaN,NaN
1721350800,1.9,1.9,1.87,1.9,105200,NaN,NaN,NaN,NaN,NaN,NaN,NaN
1721610000,1.9,1.9,1.87,1.9,564200,NaN,NaN,NaN,NaN,NaN,NaN,NaN
1721696400,1.89,1.9,1.87,1.9,348800,NaN,NaN,NaN,NaN,NaN,NaN,NaN
1721782800,1.89,1.89,1.86,1.89,479000,NaN,NaN,NaN,NaN,NaN,NaN,NaN
1721869200,1.89,1.89,1.88,1.88,428500,NaN,NaN,NaN,NaN,NaN,NaN,NaN
1721955600,1.88,1.91,1.88,1.9,191200,NaN,NaN,NaN,NaN,NaN,NaN,NaN
1722214800,1.9,1.9,1.88,1.9,39500,NaN,NaN,NaN,NaN,NaN,NaN,NaN
1722301200,1.9,1.91,1.88,1.89,132500,NaN,NaN,NaN,NaN,NaN,NaN,NaN
1722387600,1.89,1.89,1.88,1.89,612400,NaN,NaN,NaN,NaN,NaN,NaN,NaN
1722474000,1.89,1.89,1.88,1.89,298300,NaN,NaN,NaN,NaN,NaN,NaN,NaN
1722560400,1.89,1.89,1.87,1.87,249800,NaN,NaN,NaN,NaN,NaN,NaN,NaN
1722819600,1.87,1.89,1.81,1.82,1824200,NaN,NaN,NaN,NaN,NaN,NaN,NaN
1722906000,1.82,1.9,1.82,1.89,1506600,NaN,NaN,NaN,NaN,NaN,NaN,NaN
1722992400,1.9,1.9,1.86,1.86,232000,NaN,NaN,NaN,NaN,NaN,NaN,NaN
1723078800,1.87,1.9,1.86,1.87,286600,NaN,NaN,NaN,NaN,NaN,NaN,NaN
1723165200,1.89,1.91,1.89,1.89,229700,NaN,NaN,NaN,NaN,NaN,NaN,NaN
1723424400,1.89,1.92,1.89,1.9,232900,NaN,NaN,NaN,NaN,NaN,NaN,NaN
1723510800,1.9,1.91,1.9,1.91,240000,NaN,NaN,NaN,NaN,NaN,NaN,NaN
1723597200,1.91,1.92,1.9,1.9,81100,NaN,NaN,NaN,NaN,NaN,NaN,NaN
1723683600,1.9,1.92,1.9,1.9,85400,NaN,NaN,NaN,NaN,NaN,NaN,NaN
1723770000,1.9,1.92,1.85,1.86,1059600,NaN,NaN,NaN,NaN,NaN,NaN,NaN
1724029200,1.89,1.89,1.87,1.87,76200,NaN,NaN,NaN,NaN,NaN,NaN,NaN
1724115600,1.88,1.89,1.87,1.87,103100,NaN,NaN,NaN,NaN,NaN,NaN,NaN
1724202000,1.87,1.89,1.86,1.89,31000,NaN,NaN,NaN,NaN,NaN,NaN,NaN
1724288400,1.89,1.9,1.86,1.9,246400,NaN,NaN,NaN,NaN,NaN,NaN,NaN
1724374800,1.89,1.89,1.88,1.89,73900,NaN,NaN,NaN,NaN,NaN,NaN,NaN
1724634000,1.9,1.9,1.89,1.89,61100,NaN,NaN,NaN,NaN,NaN,NaN,NaN
1724720400,1.89,1.89,1.86,1.86,154000,NaN,NaN,NaN,NaN,NaN,NaN,NaN
1724806800,1.86,1.88,1.85,1.85,528800,NaN,NaN,NaN,NaN,NaN,NaN,NaN
1724893200,1.85,1.89,1.85,1.86,280700,NaN,NaN,NaN,NaN,NaN,NaN,NaN
1724979600,1.86,1.86,1.83,1.83,236400,NaN,NaN,NaN,NaN,NaN,NaN,NaN
1725238800,1.83,1.86,1.83,1.84,102000,NaN,NaN,NaN,NaN,NaN,NaN,NaN
1725325200,1.85,1.86,1.82,1.82,479300,NaN,NaN,NaN,NaN,NaN,NaN,NaN
1725411600,1.84,1.84,1.81,1.82,240100,NaN,NaN,NaN,NaN,NaN,NaN,NaN
1725498000,1.82,1.86,1.81,1.86,498600,NaN,NaN,NaN,NaN,NaN,NaN,NaN
1725584400,1.86,1.87,1.83,1.87,186000,NaN,NaN,NaN,NaN,NaN,NaN,NaN
1725843600,1.86,1.86,1.83,1.83,51200,NaN,NaN,NaN,NaN,NaN,NaN,NaN
1725930000,1.83,1.86,1.81,1.81,141400,NaN,NaN,NaN,NaN,NaN,NaN,NaN
1726016400,1.82,1.82,1.81,1.81,75800,NaN,NaN,NaN,NaN,NaN,NaN,NaN
1726102800,1.82,1.85,1.82,1.83,188500,NaN,NaN,NaN,NaN,NaN,NaN,NaN
1726189200,1.83,1.84,1.83,1.83,64800,NaN,NaN,NaN,NaN,NaN,NaN,NaN
1726534800,1.84,1.85,1.83,1.84,182500,NaN,NaN,NaN,NaN,NaN,NaN,NaN
1726621200,1.84,1.85,1.84,1.85,44200,NaN,NaN,NaN,NaN,NaN,NaN,NaN
1726707600,1.84,1.85,1.84,1.85,31200,NaN,NaN,NaN,NaN,NaN,NaN,NaN
1726794000,1.85,1.86,1.83,1.85,95900,NaN,NaN,NaN,NaN,NaN,NaN,NaN
1727053200,1.86,1.86,1.85,1.85,103500,NaN,NaN,NaN,NaN,NaN,NaN,NaN
1727139600,1.85,1.86,1.84,1.85,53800,NaN,NaN,NaN,NaN,NaN,NaN,NaN
1727226000,1.84,1.84,1.83,1.84,152300,NaN,NaN,NaN,NaN,NaN,NaN,NaN
1727312400,1.84,1.84,1.82,1.84,96200,NaN,NaN,NaN,NaN,NaN,NaN,NaN
1727398800,1.84,1.84,1.82,1.83,84800,NaN,NaN,NaN,NaN,NaN,NaN,NaN
1727658000,1.83,1.84,1.82,1.84,41200,2623790100,6261117000,552627000,-10578000,141366000,5535275000,5.43478260869565
1727744400,1.84,1.84,1.82,1.82,63500,NaN,NaN,NaN,NaN,NaN,NaN,NaN
1727830800,1.84,1.84,1.82,1.83,91600,NaN,NaN,NaN,NaN,NaN,NaN,NaN
1727917200,1.83,1.83,1.81,1.83,92800,NaN,NaN,NaN,NaN,NaN,NaN,NaN
1728003600,1.83,1.83,1.81,1.82,170200,NaN,NaN,NaN,NaN,NaN,NaN,NaN
1728262800,1.82,1.83,1.81,1.82,101300,NaN,NaN,NaN,NaN,NaN,NaN,NaN
1728349200,1.82,1.84,1.81,1.83,177200,NaN,NaN,NaN,NaN,NaN,NaN,NaN
1728435600,1.84,1.85,1.82,1.85,137500,NaN,NaN,NaN,NaN,NaN,NaN,NaN
1728522000,1.85,1.85,1.82,1.85,125500,NaN,NaN,NaN,NaN,NaN,NaN,NaN
1728608400,1.84,1.84,1.82,1.82,93700,NaN,NaN,NaN,NaN,NaN,NaN,NaN
1728867600,1.82,1.84,1.82,1.84,12800,NaN,NaN,NaN,NaN,NaN,NaN,NaN
1728954000,1.84,1.86,1.83,1.86,141700,NaN,NaN,NaN,NaN,NaN,NaN,NaN
1729040400,1.84,1.85,1.83,1.84,30500,NaN,NaN,NaN,NaN,NaN,NaN,NaN
1729126800,1.84,1.86,1.83,1.86,153000,NaN,NaN,NaN,NaN,NaN,NaN,NaN
1729213200,1.86,1.91,1.86,1.91,571700,NaN,NaN,NaN,NaN,NaN,NaN,NaN
1729472400,1.91,1.91,1.86,1.88,191000,NaN,NaN,NaN,NaN,NaN,NaN,NaN
1729558800,1.86,1.91,1.86,1.91,204700,NaN,NaN,NaN,NaN,NaN,NaN,NaN
1729645200,1.9,1.9,1.88,1.89,26100,NaN,NaN,NaN,NaN,NaN,NaN,NaN
1729731600,1.89,1.9,1.86,1.9,62200,NaN,NaN,NaN,NaN,NaN,NaN,NaN
1729818000,1.87,1.89,1.87,1.89,33700,NaN,NaN,NaN,NaN,NaN,NaN,NaN
1730077200,1.89,1.9,1.88,1.89,152400,NaN,NaN,NaN,NaN,NaN,NaN,NaN
1730163600,1.87,1.88,1.87,1.88,152600,NaN,NaN,NaN,NaN,NaN,NaN,NaN
1730250000,1.88,1.9,1.87,1.9,66000,NaN,NaN,NaN,NaN,NaN,NaN,NaN
1730422800,1.9,1.9,1.87,1.88,108300,NaN,NaN,NaN,NaN,NaN,NaN,NaN
1730682000,1.88,1.88,1.86,1.88,414400,NaN,NaN,NaN,NaN,NaN,NaN,NaN
1730768400,1.88,1.88,1.86,1.86,146500,NaN,NaN,NaN,NaN,NaN,NaN,NaN
1730854800,1.87,1.87,1.86,1.87,69600,NaN,NaN,NaN,NaN,NaN,NaN,NaN
1730941200,1.86,1.86,1.84,1.85,851700,NaN,NaN,NaN,NaN,NaN,NaN,NaN
1731027600,1.83,1.85,1.83,1.84,89500,NaN,NaN,NaN,NaN,NaN,NaN,NaN
1731286800,1.85,1.85,1.83,1.84,173400,NaN,NaN,NaN,NaN,NaN,NaN,NaN
1731373200,1.84,1.85,1.83,1.85,111000,NaN,NaN,NaN,NaN,NaN,NaN,NaN
1731459600,1.88,1.88,1.86,1.86,49000,NaN,NaN,NaN,NaN,NaN,NaN,NaN
1731546000,1.86,1.87,1.85,1.87,120600,NaN,NaN,NaN,NaN,NaN,NaN,NaN
1731632400,1.87,1.87,1.86,1.86,133100,NaN,NaN,NaN,NaN,NaN,NaN,NaN
1731891600,1.85,1.86,1.84,1.86,56800,NaN,NaN,NaN,NaN,NaN,NaN,NaN
1731978000,1.85,1.86,1.85,1.85,36700,NaN,NaN,NaN,NaN,NaN,NaN,NaN
1732064400,1.84,1.85,1.84,1.84,63800,NaN,NaN,NaN,NaN,NaN,NaN,NaN
1732150800,1.84,1.84,1.83,1.84,122700,NaN,NaN,NaN,NaN,NaN,NaN,NaN
1732237200,1.83,1.84,1.83,1.84,71300,NaN,NaN,NaN,NaN,NaN,NaN,NaN
1732496400,1.85,1.87,1.85,1.85,616800,NaN,NaN,NaN,NaN,NaN,NaN,NaN
1732582800,1.85,1.86,1.85,1.85,185600,NaN,NaN,NaN,NaN,NaN,NaN,NaN
1732669200,1.85,1.86,1.84,1.85,103500,NaN,NaN,NaN,NaN,NaN,NaN,NaN
1732755600,1.85,1.86,1.82,1.86,59700,NaN,NaN,NaN,NaN,NaN,NaN,NaN
1732842000,1.86,1.86,1.83,1.84,19700,NaN,NaN,NaN,NaN,NaN,NaN,NaN
1733101200,1.86,1.86,1.82,1.83,22200,NaN,NaN,NaN,NaN,NaN,NaN,NaN
1733187600,1.82,1.88,1.82,1.85,606000,NaN,NaN,NaN,NaN,NaN,NaN,NaN
1733274000,1.85,1.9,1.84,1.88,341200,NaN,NaN,NaN,NaN,NaN,NaN,NaN
1733360400,1.88,1.9,1.86,1.87,554700,NaN,NaN,NaN,NaN,NaN,NaN,NaN
1733446800,1.87,1.87,1.86,1.86,80000,NaN,NaN,NaN,NaN,NaN,NaN,NaN
1733706000,1.89,1.89,1.86,1.88,32700,NaN,NaN,NaN,NaN,NaN,NaN,NaN
1733792400,1.87,1.88,1.85,1.85,26500,NaN,NaN,NaN,NaN,NaN,NaN,NaN
1733878800,1.85,1.85,1.83,1.83,137800,NaN,NaN,NaN,NaN,NaN,NaN,NaN
1733965200,1.83,1.85,1.83,1.84,42800,NaN,NaN,NaN,NaN,NaN,NaN,NaN
1734051600,1.84,1.84,1.81,1.81,1307300,NaN,NaN,NaN,NaN,NaN,NaN,NaN
1734310800,1.82,1.84,1.81,1.81,402200,NaN,NaN,NaN,NaN,NaN,NaN,NaN
1734397200,1.82,1.82,1.8,1.82,596500,NaN,NaN,NaN,NaN,NaN,NaN,NaN
1734483600,1.82,1.82,1.78,1.78,393200,NaN,NaN,NaN,NaN,NaN,NaN,NaN
1734570000,1.78,1.8,1.76,1.76,796100,NaN,NaN,NaN,NaN,NaN,NaN,NaN
1734656400,1.75,1.79,1.75,1.78,1024800,NaN,NaN,NaN,NaN,NaN,NaN,NaN
1734915600,1.8,1.8,1.78,1.78,36900,NaN,NaN,NaN,NaN,NaN,NaN,NaN
1735002000,1.78,1.79,1.74,1.77,347900,NaN,NaN,NaN,NaN,NaN,NaN,NaN
1735174800,1.77,1.78,1.77,1.77,452800,NaN,NaN,NaN,NaN,NaN,NaN,NaN
1735261200,1.77,1.77,1.76,1.76,497800,NaN,NaN,NaN,NaN,NaN,NaN,NaN
1735520400,1.8,1.8,1.75,1.75,473900,NaN,NaN,NaN,NaN,NaN,NaN,NaN
1735606800,1.75,1.76,1.74,1.75,336800,2623790100,6388657000,553565000,38805000,234862000,5661878000,5.71428571428572
1735779600,1.78,1.78,1.75,1.75,766500,NaN,NaN,NaN,NaN,NaN,NaN,NaN
1735866000,1.75,1.75,1.74,1.74,267900,NaN,NaN,NaN,NaN,NaN,NaN,NaN
1736125200,1.75,1.76,1.74,1.75,1464400,NaN,NaN,NaN,NaN,NaN,NaN,NaN
1736211600,1.77,1.77,1.74,1.74,226600,NaN,NaN,NaN,NaN,NaN,NaN,NaN
1736298000,1.75,1.75,1.74,1.75,78000,NaN,NaN,NaN,NaN,NaN,NaN,NaN
1736384400,1.75,1.76,1.74,1.76,143500,NaN,NaN,NaN,NaN,NaN,NaN,NaN
1736470800,1.75,1.76,1.74,1.75,537200,NaN,NaN,NaN,NaN,NaN,NaN,NaN
1736730000,1.75,1.75,1.74,1.74,119300,NaN,NaN,NaN,NaN,NaN,NaN,NaN
1736816400,1.75,1.75,1.73,1.74,384600,NaN,NaN,NaN,NaN,NaN,NaN,NaN
1736902800,1.74,1.74,1.73,1.73,133400,NaN,NaN,NaN,NaN,NaN,NaN,NaN
1736989200,1.74,1.74,1.72,1.72,367800,NaN,NaN,NaN,NaN,NaN,NaN,NaN
1737075600,1.72,1.73,1.71,1.72,192800,NaN,NaN,NaN,NaN,NaN,NaN,NaN
1737334800,1.73,1.73,1.72,1.72,53600,NaN,NaN,NaN,NaN,NaN,NaN,NaN
1737421200,1.73,1.73,1.71,1.71,168700,NaN,NaN,NaN,NaN,NaN,NaN,NaN
1737507600,1.72,1.73,1.71,1.71,1020200,NaN,NaN,NaN,NaN,NaN,NaN,NaN
1737594000,1.72,1.72,1.7,1.71,641000,NaN,NaN,NaN,NaN,NaN,NaN,NaN
1737680400,1.7,1.71,1.69,1.7,390100,NaN,NaN,NaN,NaN,NaN,NaN,NaN
1737939600,1.7,1.71,1.7,1.7,83000,NaN,NaN,NaN,NaN,NaN,NaN,NaN
1738026000,1.7,1.71,1.69,1.71,44200,NaN,NaN,NaN,NaN,NaN,NaN,NaN
1738285200,1.7,1.71,1.7,1.7,106000,NaN,NaN,NaN,NaN,NaN,NaN,NaN
1738544400,1.7,1.71,1.69,1.69,162900,NaN,NaN,NaN,NaN,NaN,NaN,NaN
1738630800,1.69,1.7,1.69,1.69,185200,NaN,NaN,NaN,NaN,NaN,NaN,NaN
1738717200,1.7,1.71,1.69,1.7,751500,NaN,NaN,NaN,NaN,NaN,NaN,NaN
1738803600,1.7,1.79,1.7,1.71,121700,NaN,NaN,NaN,NaN,NaN,NaN,NaN
1738890000,1.71,1.72,1.69,1.7,656100,NaN,NaN,NaN,NaN,NaN,NaN,NaN
1739149200,1.72,1.75,1.7,1.73,152600,NaN,NaN,NaN,NaN,NaN,NaN,NaN
1739322000,1.73,1.76,1.73,1.76,511900,NaN,NaN,NaN,NaN,NaN,NaN,NaN
1739408400,1.75,1.76,1.74,1.74,68800,NaN,NaN,NaN,NaN,NaN,NaN,NaN
1739494800,1.74,1.75,1.73,1.74,125700,NaN,NaN,NaN,NaN,NaN,NaN,NaN
1739754000,1.74,1.75,1.74,1.74,110100,NaN,NaN,NaN,NaN,NaN,NaN,NaN
1739840400,1.74,1.75,1.74,1.74,103500,NaN,NaN,NaN,NaN,NaN,NaN,NaN
1739926800,1.75,1.75,1.73,1.73,82200,NaN,NaN,NaN,NaN,NaN,NaN,NaN
1740013200,1.75,1.75,1.73,1.75,70500,NaN,NaN,NaN,NaN,NaN,NaN,NaN
1740099600,1.75,1.75,1.73,1.73,102000,NaN,NaN,NaN,NaN,NaN,NaN,NaN
1740358800,1.73,1.76,1.72,1.76,120800,NaN,NaN,NaN,NaN,NaN,NaN,NaN
1740445200,1.78,1.78,1.75,1.77,485700,NaN,NaN,NaN,NaN,NaN,NaN,NaN
1740531600,1.76,1.79,1.76,1.78,206600,NaN,NaN,NaN,NaN,NaN,NaN,NaN
1740618000,1.77,1.82,1.77,1.82,383800,NaN,NaN,NaN,NaN,NaN,NaN,NaN
1740704400,1.82,1.82,1.75,1.78,5348400,NaN,NaN,NaN,NaN,NaN,NaN,NaN
1740963600,1.78,1.78,1.76,1.78,764600,NaN,NaN,NaN,NaN,NaN,NaN,NaN
1741050000,1.76,1.78,1.75,1.77,444500,NaN,NaN,NaN,NaN,NaN,NaN,NaN
1741136400,1.76,1.76,1.75,1.76,647400,NaN,NaN,NaN,NaN,NaN,NaN,NaN
1741222800,1.76,1.76,1.74,1.76,1139000,NaN,NaN,NaN,NaN,NaN,NaN,NaN
1741309200,1.75,1.77,1.75,1.76,282400,NaN,NaN,NaN,NaN,NaN,NaN,NaN
1741568400,1.76,1.77,1.75,1.75,114700,NaN,NaN,NaN,NaN,NaN,NaN,NaN
1741654800,1.75,1.76,1.73,1.75,384200,NaN,NaN,NaN,NaN,NaN,NaN,NaN
1741741200,1.73,1.74,1.73,1.73,94200,NaN,NaN,NaN,NaN,NaN,NaN,NaN
1741827600,1.73,1.77,1.73,1.76,438300,NaN,NaN,NaN,NaN,NaN,NaN,NaN
1741914000,1.74,1.77,1.74,1.77,52100,NaN,NaN,NaN,NaN,NaN,NaN,NaN
1742173200,1.77,1.78,1.77,1.77,83100,NaN,NaN,NaN,NaN,NaN,NaN,NaN
1742346000,1.77,1.77,1.76,1.77,30100,NaN,NaN,NaN,NaN,NaN,NaN,NaN
1742432400,1.77,1.77,1.75,1.76,60400,NaN,NaN,NaN,NaN,NaN,NaN,NaN
1742518800,1.77,1.77,1.75,1.77,51300,NaN,NaN,NaN,NaN,NaN,NaN,NaN
1742778000,1.77,1.77,1.76,1.76,48300,NaN,NaN,NaN,NaN,NaN,NaN,NaN
1742864400,1.77,1.77,1.76,1.76,45300,NaN,NaN,NaN,NaN,NaN,NaN,NaN
1742950800,1.76,1.77,1.75,1.77,202500,NaN,NaN,NaN,NaN,NaN,NaN,NaN
1743037200,1.77,1.78,1.76,1.77,61800,NaN,NaN,NaN,NaN,NaN,NaN,NaN
1743123600,1.76,1.76,1.75,1.76,58700,2623790100,6439508000,535256999.99999994,7651000,152103000,5729628000,NaN
1743555600,1.75,1.75,1.74,1.74,250700,NaN,NaN,NaN,NaN,NaN,NaN,NaN
1743642000,1.73,1.75,1.73,1.75,33500,NaN,NaN,NaN,NaN,NaN,NaN,NaN
1743728400,1.74,1.74,1.72,1.73,241400,NaN,NaN,NaN,NaN,NaN,NaN,NaN
1743987600,1.73,1.73,1.65,1.7,478900,NaN,NaN,NaN,NaN,NaN,NaN,NaN
1744074000,1.7,1.73,1.67,1.71,688200,NaN,NaN,NaN,NaN,NaN,NaN,NaN
1744160400,1.71,1.71,1.65,1.67,323600,NaN,NaN,NaN,NaN,NaN,NaN,NaN
1744246800,1.69,1.7,1.66,1.67,1304900,NaN,NaN,NaN,NaN,NaN,NaN,NaN
1744333200,1.65,1.68,1.65,1.68,707900,NaN,NaN,NaN,NaN,NaN,NaN,NaN
1744592400,1.69,1.7,1.68,1.69,156200,NaN,NaN,NaN,NaN,NaN,NaN,NaN
1744678800,1.69,1.71,1.69,1.7,86100,NaN,NaN,NaN,NaN,NaN,NaN,NaN
1744765200,1.7,1.71,1.7,1.7,53800,NaN,NaN,NaN,NaN,NaN,NaN,NaN
1744851600,1.7,1.71,1.7,1.71,524500,NaN,NaN,NaN,NaN,NaN,NaN,NaN
1744938000,1.7,1.72,1.69,1.72,105200,NaN,NaN,NaN,NaN,NaN,NaN,NaN
1745197200,1.71,1.71,1.7,1.71,75100,NaN,NaN,NaN,NaN,NaN,NaN,NaN
1745283600,1.7,1.71,1.68,1.68,238700,NaN,NaN,NaN,NaN,NaN,NaN,NaN
1745370000,1.69,1.69,1.68,1.68,132800,NaN,NaN,NaN,NaN,NaN,NaN,NaN
1745456400,1.68,1.69,1.68,1.69,90600,NaN,NaN,NaN,NaN,NaN,NaN,NaN
1745542800,1.69,1.7,1.69,1.7,531700,NaN,NaN,NaN,NaN,NaN,NaN,NaN
1745802000,1.71,1.73,1.7,1.7,75800,NaN,NaN,NaN,NaN,NaN,NaN,NaN
1745888400,1.72,1.72,1.7,1.71,129900,NaN,NaN,NaN,NaN,NaN,NaN,NaN
1745974800,1.71,1.71,1.68,1.68,572500,NaN,NaN,NaN,NaN,NaN,NaN,NaN
1746147600,1.68,1.69,1.67,1.68,807800,NaN,NaN,NaN,NaN,NaN,NaN,NaN
1746406800,1.68,1.73,1.67,1.72,1956000,NaN,NaN,NaN,NaN,NaN,NaN,NaN
1746493200,1.72,1.76,1.7,1.72,292100,NaN,NaN,NaN,NaN,NaN,NaN,NaN
1746579600,1.72,1.75,1.72,1.73,80600,NaN,NaN,NaN,NaN,NaN,NaN,NaN
1746666000,1.73,1.76,1.73,1.75,222200,NaN,NaN,NaN,NaN,NaN,NaN,NaN
1746752400,1.75,1.77,1.75,1.75,227000,NaN,NaN,NaN,NaN,NaN,NaN,NaN
1747098000,1.77,1.8,1.77,1.79,633400,NaN,NaN,NaN,NaN,NaN,NaN,NaN
1747184400,1.79,1.79,1.78,1.79,166800,NaN,NaN,NaN,NaN,NaN,NaN,NaN
1747270800,1.79,1.79,1.78,1.78,73000,NaN,NaN,NaN,NaN,NaN,NaN,NaN
1747357200,1.78,1.79,1.78,1.79,125700,NaN,NaN,NaN,NaN,NaN,NaN,NaN
1747616400,1.79,1.79,1.75,1.79,282600,NaN,NaN,NaN,NaN,NaN,NaN,NaN
1747702800,1.75,1.79,1.75,1.78,242500,NaN,NaN,NaN,NaN,NaN,NaN,NaN
1747789200,1.77,1.78,1.75,1.75,155100,NaN,NaN,NaN,NaN,NaN,NaN,NaN
1747875600,1.76,1.77,1.75,1.75,99200,NaN,NaN,NaN,NaN,NaN,NaN,NaN
1747962000,1.75,1.77,1.74,1.75,410500,NaN,NaN,NaN,NaN,NaN,NaN,NaN
1748221200,1.75,1.76,1.75,1.76,120800,NaN,NaN,NaN,NaN,NaN,NaN,NaN
1748307600,1.76,1.79,1.75,1.79,150000,NaN,NaN,NaN,NaN,NaN,NaN,NaN
1748394000,1.79,1.79,1.78,1.78,202700,NaN,NaN,NaN,NaN,NaN,NaN,NaN
1748480400,1.8,1.81,1.8,1.81,376800,NaN,NaN,NaN,NaN,NaN,NaN,NaN
1748566800,1.81,1.81,1.8,1.81,56700,NaN,NaN,NaN,NaN,NaN,NaN,NaN
1748912400,1.81,1.81,1.8,1.81,251500,NaN,NaN,NaN,NaN,NaN,NaN,NaN
1748998800,1.8,1.82,1.8,1.8,439900,NaN,NaN,NaN,NaN,NaN,NaN,NaN
1749085200,1.8,1.81,1.8,1.81,172300,NaN,NaN,NaN,NaN,NaN,NaN,NaN
1749171600,1.8,1.82,1.8,1.81,65600,NaN,NaN,NaN,NaN,NaN,NaN,NaN
1749430800,1.8,1.81,1.8,1.81,464500,NaN,NaN,NaN,NaN,NaN,NaN,NaN
1749517200,1.8,1.82,1.8,1.82,472000,NaN,NaN,NaN,NaN,NaN,NaN,NaN
1749603600,1.81,1.82,1.81,1.82,27800,NaN,NaN,NaN,NaN,NaN,NaN,NaN
1749690000,1.83,1.84,1.82,1.83,202600,NaN,NaN,NaN,NaN,NaN,NaN,NaN
1749776400,1.82,1.84,1.81,1.83,256300,NaN,NaN,NaN,NaN,NaN,NaN,NaN
1750035600,1.83,1.85,1.81,1.84,282100,NaN,NaN,NaN,NaN,NaN,NaN,NaN
1750122000,1.84,1.85,1.83,1.84,226800,NaN,NaN,NaN,NaN,NaN,NaN,NaN
1750208400,1.83,1.83,1.82,1.83,76800,NaN,NaN,NaN,NaN,NaN,NaN,NaN
1750294800,1.83,1.84,1.82,1.83,711400,NaN,NaN,NaN,NaN,NaN,NaN,NaN
1750381200,1.84,1.84,1.81,1.81,170200,NaN,NaN,NaN,NaN,NaN,NaN,NaN
1750640400,1.8,1.82,1.8,1.82,249200,NaN,NaN,NaN,NaN,NaN,NaN,NaN
1750726800,1.82,1.84,1.82,1.84,387700,NaN,NaN,NaN,NaN,NaN,NaN,NaN
1750813200,1.74,1.76,1.73,1.75,772500,NaN,NaN,NaN,NaN,NaN,NaN,NaN
1750899600,1.75,1.8,1.75,1.77,356100,NaN,NaN,NaN,NaN,NaN,NaN,NaN
1751245200,1.77,1.78,1.75,1.78,656000,2623790100,6523751000,791678000,13700000,130163000.00000001,5556470000,NaN
1751331600,1.78,1.79,1.78,1.78,242400,NaN,NaN,NaN,NaN,NaN,NaN,NaN
1751418000,1.79,1.81,1.79,1.8,527500,NaN,NaN,NaN,NaN,NaN,NaN,NaN
1751504400,1.8,1.81,1.79,1.8,249600,NaN,NaN,NaN,NaN,NaN,NaN,NaN
1751590800,1.81,1.81,1.8,1.81,154600,NaN,NaN,NaN,NaN,NaN,NaN,NaN
1751850000,1.8,1.81,1.8,1.8,178100,NaN,NaN,NaN,NaN,NaN,NaN,NaN
1751936400,1.8,1.81,1.8,1.8,179900,NaN,NaN,NaN,NaN,NaN,NaN,NaN
1752022800,1.8,1.81,1.79,1.81,371000,NaN,NaN,NaN,NaN,NaN,NaN,NaN
1752109200,1.81,1.81,1.8,1.81,8000,NaN,NaN,NaN,NaN,NaN,NaN,NaN
1752195600,1.8,1.81,1.8,1.81,114400,NaN,NaN,NaN,NaN,NaN,NaN,NaN
1752454800,1.81,1.81,1.8,1.8,181200,NaN,NaN,NaN,NaN,NaN,NaN,NaN
1752541200,1.8,1.81,1.8,1.81,46000,NaN,NaN,NaN,NaN,NaN,NaN,NaN
1752627600,1.81,1.82,1.8,1.82,311600,NaN,NaN,NaN,NaN,NaN,NaN,NaN
1752714000,1.8,1.81,1.8,1.81,43600,NaN,NaN,NaN,NaN,NaN,NaN,NaN
1752800400,1.81,1.81,1.8,1.81,10700,NaN,NaN,NaN,NaN,NaN,NaN,NaN
1753059600,1.81,1.81,1.8,1.8,230500,NaN,NaN,NaN,NaN,NaN,NaN,NaN
1753146000,1.8,1.81,1.8,1.81,40100,NaN,NaN,NaN,NaN,NaN,NaN,NaN
1753232400,1.81,1.81,1.77,1.77,2892300,NaN,NaN,NaN,NaN,NaN,NaN,NaN
1753318800,1.78,1.81,1.77,1.8,49300,NaN,NaN,NaN,NaN,NaN,NaN,NaN
1753405200,1.8,1.8,1.77,1.77,234100,NaN,NaN,NaN,NaN,NaN,NaN,NaN
1753664400,1.76,1.78,1.75,1.76,89000,NaN,NaN,NaN,NaN,NaN,NaN,NaN
1753750800,1.76,1.76,1.75,1.76,2090800,NaN,NaN,NaN,NaN,NaN,NaN,NaN
1753837200,1.75,1.77,1.75,1.76,39100,NaN,NaN,NaN,NaN,NaN,NaN,NaN
1753923600,1.75,1.77,1.75,1.76,232200,NaN,NaN,NaN,NaN,NaN,NaN,NaN
1754010000,1.76,1.76,1.75,1.76,92900,NaN,NaN,NaN,NaN,NaN,NaN,NaN
1754269200,1.76,1.76,1.75,1.75,79000,NaN,NaN,NaN,NaN,NaN,NaN,NaN
1754355600,1.75,1.76,1.75,1.75,1181400,NaN,NaN,NaN,NaN,NaN,NaN,NaN
1754442000,1.74,1.8,1.74,1.77,207500,NaN,NaN,NaN,NaN,NaN,NaN,NaN
1754528400,1.77,1.77,1.75,1.77,117800,NaN,NaN,NaN,NaN,NaN,NaN,NaN
1754614800,1.75,1.77,1.75,1.77,67000,NaN,NaN,NaN,NaN,NaN,NaN,NaN
1754874000,1.77,1.77,1.75,1.76,18700,NaN,NaN,NaN,NaN,NaN,NaN,NaN
1754960400,1.76,1.76,1.74,1.76,132300,NaN,NaN,NaN,NaN,NaN,NaN,NaN
1755046800,1.77,1.78,1.76,1.77,154900,NaN,NaN,NaN,NaN,NaN,NaN,NaN
1755133200,1.77,1.77,1.76,1.77,46500,NaN,NaN,NaN,NaN,NaN,NaN,NaN
1755219600,1.77,1.78,1.75,1.77,463000,NaN,NaN,NaN,NaN,NaN,NaN,NaN
1755478800,1.76,1.76,1.75,1.75,75900,NaN,NaN,NaN,NaN,NaN,NaN,NaN
1755565200,1.76,1.76,1.75,1.76,86900,NaN,NaN,NaN,NaN,NaN,NaN,NaN
1755651600,1.75,1.77,1.75,1.76,27500,NaN,NaN,NaN,NaN,NaN,NaN,NaN
1755738000,1.76,1.77,1.75,1.76,116500,NaN,NaN,NaN,NaN,NaN,NaN,NaN
1755824400,1.75,1.77,1.75,1.75,185700,NaN,NaN,NaN,NaN,NaN,NaN,NaN
1756083600,1.76,1.76,1.75,1.75,361900,NaN,NaN,NaN,NaN,NaN,NaN,NaN
1756170000,1.76,1.77,1.75,1.76,121300,NaN,NaN,NaN,NaN,NaN,NaN,NaN
1756256400,1.77,1.78,1.76,1.76,91100,NaN,NaN,NaN,NaN,NaN,NaN,NaN
1756342800,1.78,1.82,1.76,1.82,707200,NaN,NaN,NaN,NaN,NaN,NaN,NaN
1756429200,1.8,1.81,1.78,1.81,305300,NaN,NaN,NaN,NaN,NaN,NaN,NaN
1756774800,1.79,1.81,1.78,1.81,157400,NaN,NaN,NaN,NaN,NaN,NaN,NaN
1756861200,1.81,1.82,1.8,1.81,176200,NaN,NaN,NaN,NaN,NaN,NaN,NaN
1756947600,1.82,1.83,1.79,1.8,113100,NaN,NaN,NaN,NaN,NaN,NaN,NaN
1757293200,1.79,1.81,1.79,1.81,103400,NaN,NaN,NaN,NaN,NaN,NaN,NaN
1757379600,1.8,1.81,1.8,1.8,109700,NaN,NaN,NaN,NaN,NaN,NaN,NaN
1757466000,1.8,1.81,1.8,1.8,47000,NaN,NaN,NaN,NaN,NaN,NaN,NaN
1757552400,1.8,1.8,1.74,1.76,485600,NaN,NaN,NaN,NaN,NaN,NaN,NaN
1757638800,1.76,1.78,1.76,1.77,2336300,NaN,NaN,NaN,NaN,NaN,NaN,NaN
1758070800,1.77,1.78,1.76,1.77,117300,NaN,NaN,NaN,NaN,NaN,NaN,NaN
1758157200,1.77,1.79,1.77,1.79,82800,NaN,NaN,NaN,NaN,NaN,NaN,NaN
1758243600,1.8,1.8,1.79,1.79,121800,NaN,NaN,NaN,NaN,NaN,NaN,NaN
1758502800,1.79,1.79,1.76,1.76,93900,NaN,NaN,NaN,NaN,NaN,NaN,NaN
1758589200,1.76,1.79,1.76,1.78,89000,NaN,NaN,NaN,NaN,NaN,NaN,NaN
1758675600,1.79,1.8,1.79,1.79,65500,NaN,NaN,NaN,NaN,NaN,NaN,NaN
1758762000,1.78,1.81,1.76,1.8,513200,NaN,NaN,NaN,NaN,NaN,NaN,NaN
1758848400,1.8,1.81,1.79,1.8,152500,NaN,NaN,NaN,NaN,NaN,NaN,NaN