time,open,high,low,close,Volume,Total common shares outstanding,Total assets,Total liabilities,Operating income,Total revenue,Shareholders&#039; equity,Dividend yield %
1481072400,30.2,30.4,29.6,29.6,227835,NaN,NaN,NaN,NaN,NaN,NaN,NaN
1481158800,29.8,31,29.6,31,484760,NaN,NaN,NaN,NaN,NaN,NaN,NaN
1481245200,31.2,31.6,31,31.6,612265,NaN,NaN,NaN,NaN,NaN,NaN,NaN
1481590800,32.8,33.2,32.2,32.8,1090015,NaN,NaN,NaN,NaN,NaN,NaN,NaN
1481677200,32.8,33,31.8,32.2,520315,NaN,NaN,NaN,NaN,NaN,NaN,NaN
1481763600,31.2,32.2,31,32.2,673595,NaN,NaN,NaN,NaN,NaN,NaN,NaN
1481850000,32.2,32.6,31.6,32.6,734345,NaN,NaN,NaN,NaN,NaN,NaN,NaN
1482109200,32.6,32.6,31.6,31.8,680460,NaN,NaN,NaN,NaN,NaN,NaN,NaN
1482195600,31.8,32.2,31.8,32.2,390975,NaN,NaN,NaN,NaN,NaN,NaN,NaN
1482282000,32.4,33.8,32.2,33.6,1747405,NaN,NaN,NaN,NaN,NaN,NaN,NaN
1482368400,33.2,33.4,32.4,32.6,733040,NaN,NaN,NaN,NaN,NaN,NaN,NaN
1482454800,32.6,32.8,32,32,506895,NaN,NaN,NaN,NaN,NaN,NaN,NaN
1482800400,32,32.8,32,32.6,405210,NaN,NaN,NaN,NaN,NaN,NaN,NaN
1482886800,32.8,33.2,32.4,33,546290,NaN,NaN,NaN,NaN,NaN,NaN,NaN
1482973200,32.6,33.2,32.4,33,314570,NaN,NaN,NaN,NaN,NaN,NaN,NaN
1483059600,33.2,33.6,32,32.4,1074445,NaN,NaN,NaN,NaN,NaN,NaN,NaN
1483405200,32.6,33.6,32.4,33.6,909245,NaN,NaN,NaN,NaN,NaN,NaN,NaN
1483491600,33.4,34.8,33.2,34.6,1514180,NaN,NaN,NaN,NaN,NaN,NaN,NaN
1483578000,34.6,35.2,34.4,35,1055875,NaN,NaN,NaN,NaN,NaN,NaN,NaN
1483664400,35,35.6,34.8,35,1020125,NaN,NaN,NaN,NaN,NaN,NaN,NaN
1483923600,35.2,35.4,34.4,34.8,754745,NaN,NaN,NaN,NaN,NaN,NaN,NaN
1484010000,34.8,34.8,34.2,34.4,662905,NaN,NaN,NaN,NaN,NaN,NaN,NaN
1484096400,34.2,34.2,33.6,33.6,552110,NaN,NaN,NaN,NaN,NaN,NaN,NaN
1484182800,34.2,34.6,33.8,34,773360,NaN,NaN,NaN,NaN,NaN,NaN,NaN
1484269200,34,34.4,33.8,33.8,572205,NaN,NaN,NaN,NaN,NaN,NaN,NaN
1484528400,33.8,33.8,33.2,33.2,287700,NaN,NaN,NaN,NaN,NaN,NaN,NaN
1484614800,33.2,33.6,33.2,33.4,317465,NaN,NaN,NaN,NaN,NaN,NaN,NaN
1484701200,33.4,33.8,33.2,33.4,423320,NaN,NaN,NaN,NaN,NaN,NaN,NaN
1484787600,33.2,34.2,33,34,704210,NaN,NaN,NaN,NaN,NaN,NaN,NaN
1484874000,34,34,33.4,33.6,205990,NaN,NaN,NaN,NaN,NaN,NaN,NaN
1485133200,34,34.2,33.6,33.6,283025,NaN,NaN,NaN,NaN,NaN,NaN,NaN
1485219600,33.8,34,33.2,33.8,356865,NaN,NaN,NaN,NaN,NaN,NaN,NaN
1485306000,33.6,34.4,33.6,33.8,748280,NaN,NaN,NaN,NaN,NaN,NaN,NaN
1485392400,34,34.8,33.8,34.8,823005,NaN,NaN,NaN,NaN,NaN,NaN,NaN
1485478800,34.8,35.2,34.6,35,394790,NaN,NaN,NaN,NaN,NaN,NaN,NaN
1485824400,35,35,34.2,34.4,310470,NaN,NaN,NaN,NaN,NaN,NaN,NaN
1485997200,34.8,35.2,34.2,34.6,679355,NaN,NaN,NaN,NaN,NaN,NaN,NaN
1486083600,34.8,35,34.4,34.8,1068485,NaN,NaN,NaN,NaN,NaN,NaN,NaN
1486342800,34.8,37.2,34.6,37,1440575,NaN,NaN,NaN,NaN,NaN,NaN,NaN
1486429200,37,37,35.8,36,733185,NaN,NaN,NaN,NaN,NaN,NaN,NaN
1486515600,35.6,36.8,35.6,36.8,556340,NaN,NaN,NaN,NaN,NaN,NaN,NaN
1486688400,37,37,36.6,37,459040,NaN,NaN,NaN,NaN,NaN,NaN,NaN
1486947600,37.2,37.4,36.8,37.2,783485,NaN,NaN,NaN,NaN,NaN,NaN,NaN
1487034000,36.8,38.2,36.6,38,1197415,NaN,NaN,NaN,NaN,NaN,NaN,NaN
1487120400,38,38.4,37.6,37.8,407050,NaN,NaN,NaN,NaN,NaN,NaN,NaN
1487206800,37.8,38,37.4,37.6,212430,NaN,NaN,NaN,NaN,NaN,NaN,NaN
1487293200,37.4,37.8,36.8,37.4,660100,NaN,NaN,NaN,NaN,NaN,NaN,NaN
1487552400,37.4,37.8,37,37.6,385825,NaN,NaN,NaN,NaN,NaN,NaN,NaN
1487638800,37.6,37.6,37.2,37.6,244555,NaN,NaN,NaN,NaN,NaN,NaN,NaN
1487725200,37.8,38.6,37.4,38.4,792105,NaN,NaN,NaN,NaN,NaN,NaN,NaN
1487811600,38.2,38.6,37.2,37.4,462225,NaN,NaN,NaN,NaN,NaN,NaN,NaN
1487898000,37.2,38.2,37.2,38,566300,NaN,NaN,NaN,NaN,NaN,NaN,NaN
1488157200,38,38.6,37.6,38,456940,NaN,NaN,NaN,NaN,NaN,NaN,NaN
1488243600,38,38.2,37.4,38,588325,NaN,NaN,NaN,NaN,NaN,NaN,NaN
1488330000,38,38.2,37.2,37.8,980765,NaN,NaN,NaN,NaN,NaN,NaN,NaN
1488416400,38,39.6,37.6,39,1894715,NaN,NaN,NaN,NaN,NaN,NaN,NaN
1488502800,39,39.8,38.8,39.4,1460095,NaN,NaN,NaN,NaN,NaN,NaN,NaN
1488762000,39.4,40,38,39.8,1096365,NaN,NaN,NaN,NaN,NaN,NaN,NaN
1488848400,39.8,41.8,39.8,41.4,1920405,NaN,NaN,NaN,NaN,NaN,NaN,NaN
1488934800,41.4,41.8,40.4,40.6,451390,NaN,NaN,NaN,NaN,NaN,NaN,NaN
1489021200,39.6,39.6,38.2,38.4,1584645,NaN,NaN,NaN,NaN,NaN,NaN,NaN
1489107600,37.6,38,36,36.6,1508935,NaN,NaN,NaN,NaN,NaN,NaN,NaN
1489366800,36,37.4,35,37,1025645,NaN,NaN,NaN,NaN,NaN,NaN,NaN
1489453200,37.2,37.6,36.4,36.4,876915,NaN,NaN,NaN,NaN,NaN,NaN,NaN
1489539600,36.2,36.8,35.8,36,938800,NaN,NaN,NaN,NaN,NaN,NaN,NaN
1489626000,36.8,38,36.6,37.6,1153890,NaN,NaN,NaN,NaN,NaN,NaN,NaN
1489712400,37.4,38.2,37.2,38.2,1194785,NaN,NaN,NaN,NaN,NaN,NaN,NaN
1489971600,38.2,38.4,37.4,37.6,203490,NaN,NaN,NaN,NaN,NaN,NaN,NaN
1490058000,37.6,37.8,37,37.6,668690,NaN,NaN,NaN,NaN,NaN,NaN,NaN
1490144400,36.6,37.6,36.2,37.6,566825,NaN,NaN,NaN,NaN,NaN,NaN,NaN
1490230800,37.2,37.6,37.2,37.4,333040,NaN,NaN,NaN,NaN,NaN,NaN,NaN
1490317200,37.4,37.6,36.8,37.4,242825,NaN,NaN,NaN,NaN,NaN,NaN,NaN
1490576400,37.8,37.8,37,37.2,210140,NaN,NaN,NaN,NaN,NaN,NaN,NaN
1490662800,37.2,37.4,37,37.4,236460,NaN,NaN,NaN,NaN,NaN,NaN,NaN
1490749200,37.6,37.8,37.2,37.6,574930,NaN,NaN,NaN,NaN,NaN,NaN,NaN
1490835600,37.8,38.4,36.6,37,768785,NaN,NaN,NaN,NaN,NaN,NaN,NaN
1490922000,37.4,37.6,36.4,36.4,649055,NaN,NaN,NaN,NaN,NaN,NaN,NaN
1491181200,36.6,37.6,36.6,37.6,462515,NaN,NaN,NaN,NaN,NaN,NaN,NaN
1491267600,37.8,40.2,37.8,40.2,1884755,NaN,NaN,NaN,NaN,NaN,NaN,NaN
1491354000,40.2,41.2,40,40.4,1253140,NaN,NaN,NaN,NaN,NaN,NaN,NaN
1491440400,40.2,40.6,39.4,39.6,263760,NaN,NaN,NaN,NaN,NaN,NaN,NaN
1491526800,39.8,41,39.6,40,696660,NaN,NaN,NaN,NaN,NaN,NaN,NaN
1491786000,40.4,40.8,40,40.6,368045,NaN,NaN,NaN,NaN,NaN,NaN,NaN
1491872400,40.6,42,40.6,41.8,1371300,NaN,NaN,NaN,NaN,NaN,NaN,NaN
1491958800,41.8,42,41,41.4,507625,NaN,NaN,NaN,NaN,NaN,NaN,NaN
1492045200,41,41.4,41,41.2,348490,NaN,NaN,NaN,NaN,NaN,NaN,NaN
1492131600,41.4,41.4,39.8,39.8,382880,NaN,NaN,NaN,NaN,NaN,NaN,NaN
1492390800,40,40.6,39.2,39.4,134355,NaN,NaN,NaN,NaN,NaN,NaN,NaN
1492477200,39.6,40,39.4,39.8,223645,NaN,NaN,NaN,NaN,NaN,NaN,NaN
1492563600,39.4,39.8,39.2,39.2,217300,NaN,NaN,NaN,NaN,NaN,NaN,NaN
1492650000,38.8,39.2,38.8,39,234470,NaN,NaN,NaN,NaN,NaN,NaN,NaN
1492736400,39,39.6,38.8,39.2,135720,NaN,NaN,NaN,NaN,NaN,NaN,NaN
1493082000,39.4,39.4,38.6,39.4,354905,NaN,NaN,NaN,NaN,NaN,NaN,NaN
1493168400,39,40.2,39,40.2,339815,NaN,NaN,NaN,NaN,NaN,NaN,NaN
1493254800,40,40.4,39.8,39.8,166530,NaN,NaN,NaN,NaN,NaN,NaN,NaN
1493341200,39.6,40.2,39.4,40,231740,NaN,NaN,NaN,NaN,NaN,NaN,NaN
1493686800,40,40.4,39.4,40.4,537705,NaN,NaN,NaN,NaN,NaN,NaN,NaN
1493773200,40.4,40.4,39,39.2,171565,NaN,NaN,NaN,NaN,NaN,NaN,NaN
1493859600,39,39.8,38.8,39.4,292590,NaN,NaN,NaN,NaN,NaN,NaN,NaN
1493946000,38.6,38.8,36.8,36.8,840225,NaN,NaN,NaN,NaN,NaN,NaN,NaN
1494205200,37.4,38,37.4,38,326610,NaN,NaN,NaN,NaN,NaN,NaN,NaN
1494291600,38.2,38.2,37.6,38,284790,NaN,NaN,NaN,NaN,NaN,NaN,NaN
1494464400,38.2,38.8,38,38.4,305190,NaN,NaN,NaN,NaN,NaN,NaN,NaN
1494550800,38.6,38.6,37.8,38.2,143020,NaN,NaN,NaN,NaN,NaN,NaN,NaN
1494810000,38.2,39.2,38.2,38.8,371085,NaN,NaN,NaN,NaN,NaN,NaN,NaN
1494896400,39,39.2,38,38.4,352445,NaN,NaN,NaN,NaN,NaN,NaN,NaN
1494982800,38.4,38.8,38.2,38.8,308220,NaN,NaN,NaN,NaN,NaN,NaN,NaN
1495069200,38.4,38.6,37.8,38,303530,NaN,NaN,NaN,NaN,NaN,NaN,NaN
1495155600,38.4,38.4,38,38.2,514480,NaN,NaN,NaN,NaN,NaN,NaN,NaN
1495414800,38.4,39.4,38.2,39,546020,NaN,NaN,NaN,NaN,NaN,NaN,NaN
1495501200,39.2,39.2,38.2,38.2,182895,NaN,NaN,NaN,NaN,NaN,NaN,NaN
1495587600,38.6,38.8,37.6,38.4,341960,NaN,NaN,NaN,NaN,NaN,NaN,NaN
1495674000,38.4,38.8,38.2,38.6,289905,NaN,NaN,NaN,NaN,NaN,NaN,NaN
1495760400,38.2,38.2,37.4,38,309235,NaN,NaN,NaN,NaN,NaN,NaN,NaN
1496019600,38,38,37.4,37.4,251130,NaN,NaN,NaN,NaN,NaN,NaN,NaN
1496106000,37.4,37.8,36.8,37,238585,NaN,NaN,NaN,NaN,NaN,NaN,NaN
1496192400,37,37.2,35.4,35.4,547065,NaN,NaN,NaN,NaN,NaN,NaN,NaN
1496278800,35.4,36.4,35.4,36,269915,NaN,NaN,NaN,NaN,NaN,NaN,NaN
1496365200,35.8,38,35.8,37.4,199120,NaN,NaN,NaN,NaN,NaN,NaN,NaN
1496624400,37.2,37.4,36.6,37,244460,NaN,NaN,NaN,NaN,NaN,NaN,NaN
1496710800,37,37,36.2,36.4,142630,NaN,NaN,NaN,NaN,NaN,NaN,NaN
1496797200,36.6,37.2,35.6,36,470945,NaN,NaN,NaN,NaN,NaN,NaN,NaN
1496883600,35.8,36.8,35.6,36.4,375920,NaN,NaN,NaN,NaN,NaN,NaN,NaN
1496970000,36.8,37.8,36.4,37.8,542965,NaN,NaN,NaN,NaN,NaN,NaN,NaN
1497315600,38,38.4,37.6,38,414475,NaN,NaN,NaN,NaN,NaN,NaN,NaN
1497402000,38,38.6,37.6,38.6,516390,NaN,NaN,NaN,NaN,NaN,NaN,NaN
1497488400,38,38.2,36.6,36.6,525285,NaN,NaN,NaN,NaN,NaN,NaN,NaN
1497574800,36.6,37.2,36.4,36.8,488935,NaN,NaN,NaN,NaN,NaN,NaN,NaN
1497834000,36.8,37.4,36.8,37,185385,NaN,NaN,NaN,NaN,NaN,NaN,NaN
1497920400,36.2,36.2,33.2,33.4,1828275,NaN,NaN,NaN,NaN,NaN,NaN,NaN
1498006800,32.8,33.6,32,32.2,805270,NaN,NaN,NaN,NaN,NaN,NaN,NaN
1498093200,32.2,32.6,30.6,31.4,1395920,NaN,NaN,NaN,NaN,NaN,NaN,NaN
1498179600,31.4,31.8,31,31.4,538170,NaN,NaN,NaN,NaN,NaN,NaN,NaN
1498611600,31.6,31.6,30.8,31.4,1262595,NaN,NaN,NaN,NaN,NaN,NaN,NaN
1498698000,31.6,32.8,31.2,32.4,1532305,NaN,NaN,NaN,NaN,NaN,NaN,NaN
1498784400,32.2,32.6,31.6,31.8,802945,NaN,NaN,NaN,NaN,NaN,NaN,NaN
1499043600,32.4,33.4,32,33.4,820990,NaN,NaN,NaN,NaN,NaN,NaN,NaN
1499130000,33.8,33.8,32,32.4,1019695,NaN,NaN,NaN,NaN,NaN,NaN,NaN
1499216400,32.4,33.2,32,33,380325,NaN,NaN,NaN,NaN,NaN,NaN,NaN
1499302800,32.4,32.8,32.4,32.8,145605,NaN,NaN,NaN,NaN,NaN,NaN,NaN
1499389200,32.6,33,32.4,33,230810,NaN,NaN,NaN,NaN,NaN,NaN,NaN
1499648400,32.6,32.8,32.2,32.6,304085,NaN,NaN,NaN,NaN,NaN,NaN,NaN
1499734800,32.8,33,32,32.4,272780,NaN,NaN,NaN,NaN,NaN,NaN,NaN
1499821200,32.6,33,32.4,33,354730,NaN,NaN,NaN,NaN,NaN,NaN,NaN
1499907600,32.8,33,32,32.2,241345,NaN,NaN,NaN,NaN,NaN,NaN,NaN
1499994000,32.4,33,32.2,33,198705,NaN,NaN,NaN,NaN,NaN,NaN,NaN
1500253200,32.8,33.2,31.8,31.8,439140,NaN,NaN,NaN,NaN,NaN,NaN,NaN
1500339600,31.8,32.2,31.2,31.8,508370,NaN,NaN,NaN,NaN,NaN,NaN,NaN
1500426000,31.8,32.2,31.8,32.2,156950,NaN,NaN,NaN,NaN,NaN,NaN,NaN
1500512400,32.4,32.4,31.4,31.4,313235,NaN,NaN,NaN,NaN,NaN,NaN,NaN
1500598800,31.6,31.8,31.4,31.6,184950,NaN,NaN,NaN,NaN,NaN,NaN,NaN
1500858000,31.2,31.6,31.2,31.4,139825,NaN,NaN,NaN,NaN,NaN,NaN,NaN
1500944400,31.4,31.6,31,31,258765,NaN,NaN,NaN,NaN,NaN,NaN,NaN
1501030800,31.6,31.8,31.2,31.4,549200,NaN,NaN,NaN,NaN,NaN,NaN,NaN
1501117200,31.4,31.6,30.8,31,489520,NaN,NaN,NaN,NaN,NaN,NaN,NaN
1501203600,31.2,31.4,31,31,208945,NaN,NaN,NaN,NaN,NaN,NaN,NaN
1501462800,31.2,31.4,30.8,30.8,305190,NaN,NaN,NaN,NaN,NaN,NaN,NaN
1501549200,30.8,31,30.6,30.6,239715,NaN,NaN,NaN,NaN,NaN,NaN,NaN
1501635600,30.6,30.8,30.4,30.8,135365,NaN,NaN,NaN,NaN,NaN,NaN,NaN
1501722000,30.8,31,30.4,30.6,97395,NaN,NaN,NaN,NaN,NaN,NaN,NaN
1501808400,30.6,30.6,30,30.2,106865,NaN,NaN,NaN,NaN,NaN,NaN,NaN
1502067600,30.2,30.6,29.6,29.6,147275,NaN,NaN,NaN,NaN,NaN,NaN,NaN
1502154000,29.8,30,29.4,29.8,238390,NaN,NaN,NaN,NaN,NaN,NaN,NaN
1502240400,29.8,30.2,29.4,29.8,148770,NaN,NaN,NaN,NaN,NaN,NaN,NaN
1502326800,29.8,30,29.4,30,78475,NaN,NaN,NaN,NaN,NaN,NaN,NaN
1502413200,29.8,29.8,28,29.2,412970,NaN,NaN,NaN,NaN,NaN,NaN,NaN
1502672400,29.2,29.6,28.8,29.6,60750,NaN,NaN,NaN,NaN,NaN,NaN,NaN
1502758800,29.6,29.6,29,29.2,149370,NaN,NaN,NaN,NaN,NaN,NaN,NaN
1502845200,29.2,30,29,29.6,418615,NaN,NaN,NaN,NaN,NaN,NaN,NaN
1502931600,29.6,30.6,29.4,29.8,296305,NaN,NaN,NaN,NaN,NaN,NaN,NaN
1503018000,29.8,30.2,29.6,30,56625,NaN,NaN,NaN,NaN,NaN,NaN,NaN
1503277200,30,30.4,29.8,29.8,270535,NaN,NaN,NaN,NaN,NaN,NaN,NaN
1503363600,30,30.4,29.6,30.2,335480,NaN,NaN,NaN,NaN,NaN,NaN,NaN
1503450000,30.2,30.6,29.8,30,234995,NaN,NaN,NaN,NaN,NaN,NaN,NaN
1503536400,30,30.2,29.2,29.8,203870,NaN,NaN,NaN,NaN,NaN,NaN,NaN
1503622800,29.8,29.8,29,29.2,149580,NaN,NaN,NaN,NaN,NaN,NaN,NaN
1503882000,29.4,29.8,28.6,29,171135,NaN,NaN,NaN,NaN,NaN,NaN,NaN
1503968400,29,29.4,28,28.6,450765,NaN,NaN,NaN,NaN,NaN,NaN,NaN
1504054800,28.8,28.8,27.6,27.6,360350,NaN,NaN,NaN,NaN,NaN,NaN,NaN
1504573200,27.6,28.6,27.6,28.2,367695,NaN,NaN,NaN,NaN,NaN,NaN,NaN
1504659600,28.2,29.6,28,29.4,429925,NaN,NaN,NaN,NaN,NaN,NaN,NaN
1504746000,29.6,31.2,29.6,31.2,689835,NaN,NaN,NaN,NaN,NaN,NaN,NaN
1504832400,30.8,31,30.4,31,242955,NaN,NaN,NaN,NaN,NaN,NaN,NaN
1505091600,31,32.2,30.8,31.8,378020,NaN,NaN,NaN,NaN,NaN,NaN,NaN
1505178000,31.8,32,30.8,32,326135,NaN,NaN,NaN,NaN,NaN,NaN,NaN
1505264400,31.6,31.8,30.6,30.6,347715,NaN,NaN,NaN,NaN,NaN,NaN,NaN
1505350800,30.6,31.4,30.4,31,469795,NaN,NaN,NaN,NaN,NaN,NaN,NaN
1505437200,31.2,32.6,31,32.6,545500,NaN,NaN,NaN,NaN,NaN,NaN,NaN
1505696400,32.4,33,32,32.6,325415,NaN,NaN,NaN,NaN,NaN,NaN,NaN
1505782800,32.2,33,31.4,32.2,574120,NaN,NaN,NaN,NaN,NaN,NaN,NaN
1505869200,32.2,32.8,32.2,32.8,629785,NaN,NaN,NaN,NaN,NaN,NaN,NaN
1505955600,32.8,33.8,32.6,33,677585,NaN,NaN,NaN,NaN,NaN,NaN,NaN
1506301200,33.2,33.4,32.8,33.2,401820,NaN,NaN,NaN,NaN,NaN,NaN,NaN
1506387600,33.4,35,33.4,34.2,1152165,NaN,NaN,NaN,NaN,NaN,NaN,NaN
1506474000,34.2,34.6,31.2,32.2,2229390,NaN,NaN,NaN,NaN,NaN,NaN,NaN
1506560400,32,32,29.6,29.8,1366310,NaN,NaN,NaN,NaN,NaN,NaN,NaN
1506646800,29.6,30.4,29,30.4,718455,NaN,NaN,NaN,NaN,NaN,NaN,NaN
1506906000,30.4,30.4,29.2,29.2,551230,NaN,NaN,NaN,NaN,NaN,NaN,NaN
1506992400,29,29.2,27.6,28.6,1519105,NaN,NaN,NaN,NaN,NaN,NaN,NaN
1507078800,28.4,28.8,28.4,28.6,272530,NaN,NaN,NaN,NaN,NaN,NaN,NaN
1507165200,28.6,29.4,28.4,29.2,378830,NaN,NaN,NaN,NaN,NaN,NaN,NaN
1507251600,29.4,30,29.2,29.8,363985,NaN,NaN,NaN,NaN,NaN,NaN,NaN
1507510800,29.4,29.6,29.2,29.4,239540,NaN,NaN,NaN,NaN,NaN,NaN,NaN
1507597200,29.4,29.6,29.2,29.4,487805,NaN,NaN,NaN,NaN,NaN,NaN,NaN
1507683600,29.6,29.6,29,29,548645,NaN,NaN,NaN,NaN,NaN,NaN,NaN
1507770000,29.2,29.4,29,29,270705,NaN,NaN,NaN,NaN,NaN,NaN,NaN
1507856400,29,29.4,28.8,29.2,239200,NaN,NaN,NaN,NaN,NaN,NaN,NaN
1508115600,29.4,29.8,29,29.8,216735,NaN,NaN,NaN,NaN,NaN,NaN,NaN
1508202000,29.8,29.8,29.4,29.6,206510,NaN,NaN,NaN,NaN,NaN,NaN,NaN
1508374800,29.6,29.8,29.2,29.4,185900,NaN,NaN,NaN,NaN,NaN,NaN,NaN
1508461200,29.2,29.6,29.2,29.6,130785,NaN,NaN,NaN,NaN,NaN,NaN,NaN
1508720400,29.6,29.6,29.2,29.4,51675,NaN,NaN,NaN,NaN,NaN,NaN,NaN
1508806800,29.4,29.4,28.8,28.8,151305,NaN,NaN,NaN,NaN,NaN,NaN,NaN
1508893200,29,29.2,28.8,28.8,159370,NaN,NaN,NaN,NaN,NaN,NaN,NaN
1508979600,28.8,29.2,28.6,28.6,148520,NaN,NaN,NaN,NaN,NaN,NaN,NaN
1509066000,28.8,30.2,28.8,29.6,328325,NaN,NaN,NaN,NaN,NaN,NaN,NaN
1509325200,30.2,31.6,30,31.6,685380,NaN,NaN,NaN,NaN,NaN,NaN,NaN
1509411600,31.6,32.2,31,32,547565,296812462.5,34322396999.999996,22092994000,4243000,1279973000,12226743000,0
1509498000,32,32.4,31.8,32.4,273475,NaN,NaN,NaN,NaN,NaN,NaN,NaN
1509584400,30.2,30.6,28.8,29.8,3992300,NaN,NaN,NaN,NaN,NaN,NaN,NaN
1509670800,29.6,29.8,29,29.2,832805,NaN,NaN,NaN,NaN,NaN,NaN,NaN
1509930000,29.4,29.8,29.2,29.4,350775,NaN,NaN,NaN,NaN,NaN,NaN,NaN
1510016400,30,30.2,29.6,30,2736135,NaN,NaN,NaN,NaN,NaN,NaN,NaN
1510102800,30,30,29.2,29.6,513680,NaN,NaN,NaN,NaN,NaN,NaN,NaN
1510189200,29.4,29.6,29.2,29.2,460770,NaN,NaN,NaN,NaN,NaN,NaN,NaN
1510275600,29.2,29.4,28.8,29,641865,NaN,NaN,NaN,NaN,NaN,NaN,NaN
1510534800,29.2,29.6,29,29.2,482310,NaN,NaN,NaN,NaN,NaN,NaN,NaN
1510621200,29.2,29.4,29,29,383875,NaN,NaN,NaN,NaN,NaN,NaN,NaN
1510707600,28.8,29,28,28,1068905,NaN,NaN,NaN,NaN,NaN,NaN,NaN
1510794000,29,29.2,28.4,28.4,798465,NaN,NaN,NaN,NaN,NaN,NaN,NaN
1510880400,28.6,28.6,27.8,27.8,663550,NaN,NaN,NaN,NaN,NaN,NaN,NaN
1511139600,28,28.2,27,27.2,814915,NaN,NaN,NaN,NaN,NaN,NaN,NaN
1511226000,27.2,27.4,26,26.2,1150420,NaN,NaN,NaN,NaN,NaN,NaN,NaN
1511312400,26.4,27.6,26.4,27.4,670525,NaN,NaN,NaN,NaN,NaN,NaN,NaN
1511398800,27.6,27.6,26.8,27,194835,NaN,NaN,NaN,NaN,NaN,NaN,NaN
1511485200,27,27,26.4,26.4,338285,NaN,NaN,NaN,NaN,NaN,NaN,NaN
1511744400,26.6,26.8,26,26.4,423810,NaN,NaN,NaN,NaN,NaN,NaN,NaN
1511830800,26.4,26.4,25.6,25.6,679985,NaN,NaN,NaN,NaN,NaN,NaN,NaN
1511917200,25.8,26,24.8,24.8,651995,NaN,NaN,NaN,NaN,NaN,NaN,NaN
1512003600,24.8,25.4,24.8,25,829905,NaN,NaN,NaN,NaN,NaN,NaN,NaN
1512349200,25,25.6,24.8,25.6,523665,NaN,NaN,NaN,NaN,NaN,NaN,NaN
1512435600,25.6,25.6,25,25.4,348385,NaN,NaN,NaN,NaN,NaN,NaN,NaN
1512522000,25.4,25.4,24.2,24.2,649970,NaN,NaN,NaN,NaN,NaN,NaN,NaN
1512608400,24.2,24.6,19.3,19.3,6426910,NaN,NaN,NaN,NaN,NaN,NaN,NaN
1512694800,19.4,19.4,15.8,16.6,14693715,NaN,NaN,NaN,NaN,NaN,NaN,NaN
1512954000,17,17.2,16.4,17,2625940,NaN,NaN,NaN,NaN,NaN,NaN,NaN
1513040400,17,17,16,16.3,3319990,NaN,NaN,NaN,NaN,NaN,NaN,NaN
1513126800,16.3,16.7,16,16.2,3888605,NaN,NaN,NaN,NaN,NaN,NaN,NaN
1513213200,16.3,16.4,15.9,16.1,5825475,NaN,NaN,NaN,NaN,NaN,NaN,NaN
1513299600,16.1,16.3,15.6,15.7,4079205,NaN,NaN,NaN,NaN,NaN,NaN,NaN
1513558800,15.7,15.8,14.6,14.7,3604640,NaN,NaN,NaN,NaN,NaN,NaN,NaN
1513645200,14.7,15.5,14.1,14.7,7180145,NaN,NaN,NaN,NaN,NaN,NaN,NaN
1513731600,14.8,15.1,14.4,14.4,3307935,NaN,NaN,NaN,NaN,NaN,NaN,NaN
1513818000,14.4,14.7,14.3,14.3,2888555,NaN,NaN,NaN,NaN,NaN,NaN,NaN
1513904400,14.3,14.4,14,14.2,2535945,NaN,NaN,NaN,NaN,NaN,NaN,NaN
1514250000,14.2,14.6,14,14.3,3057825,NaN,NaN,NaN,NaN,NaN,NaN,NaN
1514336400,14.5,14.9,14.4,14.6,4819770,NaN,NaN,NaN,NaN,NaN,NaN,NaN
1514422800,14.6,14.7,14.1,14.2,3754580,NaN,NaN,NaN,NaN,NaN,NaN,NaN
1514509200,14.2,14.4,14,14.2,3111555,NaN,NaN,NaN,NaN,NaN,NaN,NaN
1514854800,14.1,14.1,13.3,13.5,5205135,NaN,NaN,NaN,NaN,NaN,NaN,NaN
1514941200,13.6,14.3,13.4,13.8,5741850,NaN,NaN,NaN,NaN,NaN,NaN,NaN
1515027600,14.1,14.5,14,14.3,4604970,NaN,NaN,NaN,NaN,NaN,NaN,NaN
1515114000,14.5,16.4,14.5,16.2,16608595,NaN,NaN,NaN,NaN,NaN,NaN,NaN
1515373200,16.5,19.5,16.5,19.5,16077660,NaN,NaN,NaN,NaN,NaN,NaN,NaN
1515459600,20,21,18.2,18.7,19414200,NaN,NaN,NaN,NaN,NaN,NaN,NaN
1515546000,19.4,19.5,17.8,18.1,10391940,NaN,NaN,NaN,NaN,NaN,NaN,NaN
1515632400,17.9,18.4,17.3,17.4,9402870,NaN,NaN,NaN,NaN,NaN,NaN,NaN
1515718800,17.5,18.2,17.5,18,9753815,NaN,NaN,NaN,NaN,NaN,NaN,NaN
1515978000,18.5,18.5,17.6,17.6,7040240,NaN,NaN,NaN,NaN,NaN,NaN,NaN
1516064400,17.7,17.8,16.5,16.9,6666575,NaN,NaN,NaN,NaN,NaN,NaN,NaN
1516150800,16.6,16.9,15.9,16.2,4930805,NaN,NaN,NaN,NaN,NaN,NaN,NaN
1516237200,16.4,16.5,15.1,15.2,8364860,NaN,NaN,NaN,NaN,NaN,NaN,NaN
1516323600,15.1,16.9,14.9,16.8,11004720,NaN,NaN,NaN,NaN,NaN,NaN,NaN
1516582800,16.7,16.9,16.1,16.3,6618900,NaN,NaN,NaN,NaN,NaN,NaN,NaN
1516669200,16.4,16.7,16.2,16.3,3748385,NaN,NaN,NaN,NaN,NaN,NaN,NaN
1516755600,16.4,16.5,15.7,15.8,3061605,NaN,NaN,NaN,NaN,NaN,NaN,NaN
1516842000,16,16.6,15.9,16.2,6800485,NaN,NaN,NaN,NaN,NaN,NaN,NaN
1516928400,16.2,16.4,15.9,16,3469870,NaN,NaN,NaN,NaN,NaN,NaN,NaN
1517187600,16,16.2,15.5,15.5,4243680,NaN,NaN,NaN,NaN,NaN,NaN,NaN
1517274000,15.5,15.6,14.8,15.1,3872895,297613866.85,29992769000,20542404000,20030000,902697000,9449966000,0
1517533200,15.1,15.2,14.7,14.7,3930985,NaN,NaN,NaN,NaN,NaN,NaN,NaN
1517792400,14.2,14.4,13.9,14.1,3309470,NaN,NaN,NaN,NaN,NaN,NaN,NaN
1517878800,13.8,14.6,13.5,14.4,7720680,NaN,NaN,NaN,NaN,NaN,NaN,NaN
1517965200,14.8,15,14,14.1,5196045,NaN,NaN,NaN,NaN,NaN,NaN,NaN
1518051600,14,14.2,13.9,14,2660425,NaN,NaN,NaN,NaN,NaN,NaN,NaN
1518138000,13.6,13.9,13.5,13.7,2191705,NaN,NaN,NaN,NaN,NaN,NaN,NaN
1518397200,13.8,13.9,13.4,13.6,2012250,NaN,NaN,NaN,NaN,NaN,NaN,NaN
1518483600,13.7,13.7,13.4,13.4,1984445,NaN,NaN,NaN,NaN,NaN,NaN,NaN
1518570000,13.4,14.2,13.2,13.7,3890865,NaN,NaN,NaN,NaN,NaN,NaN,NaN
1518656400,13.9,14.1,13.7,13.7,1681750,NaN,NaN,NaN,NaN,NaN,NaN,NaN
1519002000,13.9,14.5,13.9,14.4,4241240,NaN,NaN,NaN,NaN,NaN,NaN,NaN
1519088400,14.4,14.4,13.8,13.9,2317905,NaN,NaN,NaN,NaN,NaN,NaN,NaN
1519174800,13.8,13.9,13.7,13.8,1815980,NaN,NaN,NaN,NaN,NaN,NaN,NaN
1519261200,13.8,14.2,13.6,13.9,2477010,NaN,NaN,NaN,NaN,NaN,NaN,NaN
1519347600,14,14.3,13.9,14.1,2081890,NaN,NaN,NaN,NaN,NaN,NaN,NaN
1519606800,14.2,14.3,13.8,13.8,1595615,NaN,NaN,NaN,NaN,NaN,NaN,NaN
1519693200,14,14,13.7,13.8,1113325,NaN,NaN,NaN,NaN,NaN,NaN,NaN
1519779600,13.6,13.8,13.4,13.4,3188730,NaN,NaN,NaN,NaN,NaN,NaN,NaN
1519866000,13.3,13.5,12.8,12.9,2948010,NaN,NaN,NaN,NaN,NaN,NaN,NaN
1519952400,12.8,12.8,12.4,12.5,2639770,NaN,NaN,NaN,NaN,NaN,NaN,NaN
1520211600,12.6,12.7,12,12.1,1501865,NaN,NaN,NaN,NaN,NaN,NaN,NaN
1520298000,12.4,12.5,11,11.1,3493440,NaN,NaN,NaN,NaN,NaN,NaN,NaN
1520384400,11.1,11.1,10,10.2,5187305,NaN,NaN,NaN,NaN,NaN,NaN,NaN
1520470800,10.3,10.9,10.1,10.2,4084085,NaN,NaN,NaN,NaN,NaN,NaN,NaN
1520557200,10.2,10.3,9.1,9.3,6721165,NaN,NaN,NaN,NaN,NaN,NaN,NaN
1520816400,9.5,9.7,9,9.3,2884015,NaN,NaN,NaN,NaN,NaN,NaN,NaN
1520902800,9.2,9.3,8.8,9,3910445,NaN,NaN,NaN,NaN,NaN,NaN,NaN
1520989200,8.8,9.2,8.1,8.2,5515480,NaN,NaN,NaN,NaN,NaN,NaN,NaN
1521075600,8.1,10,7.9,9.8,15676605,NaN,NaN,NaN,NaN,NaN,NaN,NaN
1521162000,9.9,10.8,9.4,9.6,21564750,NaN,NaN,NaN,NaN,NaN,NaN,NaN
1521421200,9.6,10.2,9.4,9.8,4809355,NaN,NaN,NaN,NaN,NaN,NaN,NaN
1521507600,9.6,10,9.6,9.7,2439560,NaN,NaN,NaN,NaN,NaN,NaN,NaN
1521594000,10,10.6,9.7,10.3,8043590,NaN,NaN,NaN,NaN,NaN,NaN,NaN
1521680400,10.5,11.3,10.5,10.8,13003285,NaN,NaN,NaN,NaN,NaN,NaN,NaN
1521766800,10.5,11.2,10.4,11,5034655,NaN,NaN,NaN,NaN,NaN,NaN,NaN
1522026000,11,11.6,11,11.3,6666510,NaN,NaN,NaN,NaN,NaN,NaN,NaN
1522112400,11.6,11.7,10.8,10.9,7294910,NaN,NaN,NaN,NaN,NaN,NaN,NaN
1522198800,10.8,11.1,9.4,10,10706920,NaN,NaN,NaN,NaN,NaN,NaN,NaN
1522285200,9.9,10.6,9.7,10.1,6881810,NaN,NaN,NaN,NaN,NaN,NaN,NaN
1522371600,10.2,11,10.1,10.9,8397525,NaN,NaN,NaN,NaN,NaN,NaN,NaN
1522630800,11.1,11.5,10.8,10.9,7505310,NaN,NaN,NaN,NaN,NaN,NaN,NaN
1522717200,10.8,10.9,10.6,10.9,3327990,NaN,NaN,NaN,NaN,NaN,NaN,NaN
1522803600,11,11.1,10.2,10.2,5432770,NaN,NaN,NaN,NaN,NaN,NaN,NaN
1522890000,10.5,10.8,10.3,10.4,2852955,NaN,NaN,NaN,NaN,NaN,NaN,NaN
1522976400,10.4,10.4,9.6,10,4460855,NaN,NaN,NaN,NaN,NaN,NaN,NaN
1523235600,9.9,10.4,9.8,10.3,3151645,NaN,NaN,NaN,NaN,NaN,NaN,NaN
1523322000,10.3,10.9,10.2,10.7,6969520,NaN,NaN,NaN,NaN,NaN,NaN,NaN
1523408400,11,13.4,10.9,12.9,30395710,NaN,NaN,NaN,NaN,NaN,NaN,NaN
1523494800,13.4,14.5,13.4,13.7,27647090,NaN,NaN,NaN,NaN,NaN,NaN,NaN
1523581200,14.1,14.9,13.6,14.8,12949945,NaN,NaN,NaN,NaN,NaN,NaN,NaN
1523840400,14.6,15.7,14.5,15.3,16648935,NaN,NaN,NaN,NaN,NaN,NaN,NaN
1523926800,15.3,16,15,15.4,16957395,NaN,NaN,NaN,NaN,NaN,NaN,NaN
1524013200,15.5,15.6,14.1,14.6,11219420,NaN,NaN,NaN,NaN,NaN,NaN,NaN
1524099600,14.9,15.9,14.7,15.8,15209635,NaN,NaN,NaN,NaN,NaN,NaN,NaN
1524186000,15.5,15.7,15,15.1,9881190,NaN,NaN,NaN,NaN,NaN,NaN,NaN
1524445200,15.1,15.1,14.2,14.4,4452220,NaN,NaN,NaN,NaN,NaN,NaN,NaN
1524531600,14.7,15,13.8,14.1,9806910,NaN,NaN,NaN,NaN,NaN,NaN,NaN
1524618000,13.7,13.8,13.2,13.3,6120445,NaN,NaN,NaN,NaN,NaN,NaN,NaN
1524704400,13.5,14,13.2,13.5,7918855,NaN,NaN,NaN,NaN,NaN,NaN,NaN
1524790800,13.7,13.8,13.2,13.5,3212760,NaN,NaN,NaN,NaN,NaN,NaN,NaN
1525050000,13.5,13.5,12.5,12.8,4813370,297613866.85,29936404000,20537954000,-64156000.00000001,845173000,9398928000,0
1525222800,12.4,14.2,12.3,14.2,8261350,NaN,NaN,NaN,NaN,NaN,NaN,NaN
1525309200,14,14.4,13.8,13.8,7597435,NaN,NaN,NaN,NaN,NaN,NaN,NaN
1525395600,13.7,13.9,13.1,13.1,5946710,NaN,NaN,NaN,NaN,NaN,NaN,NaN
1525654800,13.2,13.3,12.5,12.8,4906490,NaN,NaN,NaN,NaN,NaN,NaN,NaN
1525741200,12.7,13.6,12.7,13.4,7959260,NaN,NaN,NaN,NaN,NaN,NaN,NaN
1526259600,14.5,18.2,14.4,16.9,32503165,NaN,NaN,NaN,NaN,NaN,NaN,NaN
1526346000,17.3,17.8,16.2,16.3,15075515,NaN,NaN,NaN,NaN,NaN,NaN,NaN
1526432400,16.4,16.9,16.2,16.2,6487145,NaN,NaN,NaN,NaN,NaN,NaN,NaN
1526518800,16.4,16.5,14.9,15.3,9600560,NaN,NaN,NaN,NaN,NaN,NaN,NaN
1526605200,15.3,15.7,15,15.2,7087315,NaN,NaN,NaN,NaN,NaN,NaN,NaN
1526864400,15.4,15.8,15.3,15.5,6315145,NaN,NaN,NaN,NaN,NaN,NaN,NaN
1526950800,15.6,15.7,15,15.2,4645845,NaN,NaN,NaN,NaN,NaN,NaN,NaN
1527037200,14.9,15,14.2,14.3,6592170,NaN,NaN,NaN,NaN,NaN,NaN,NaN
1527123600,14.5,14.6,13.3,13.8,11750055,NaN,NaN,NaN,NaN,NaN,NaN,NaN
1527210000,13.9,14.3,13.8,13.9,4224510,NaN,NaN,NaN,NaN,NaN,NaN,NaN
1527469200,13.4,13.4,12.4,12.5,8609405,NaN,NaN,NaN,NaN,NaN,NaN,NaN
1527642000,12.4,12.4,11,11.7,10839420,NaN,NaN,NaN,NaN,NaN,NaN,NaN
1527728400,12.2,12.5,11,11,32362375,NaN,NaN,NaN,NaN,NaN,NaN,NaN
1527814800,11,12,10.7,11.7,12987005,NaN,NaN,NaN,NaN,NaN,NaN,NaN
1528074000,11.5,12.1,11.3,11.7,6140155,NaN,NaN,NaN,NaN,NaN,NaN,NaN
1528160400,11.6,11.8,11.4,11.6,4768765,NaN,NaN,NaN,NaN,NaN,NaN,NaN
1528246800,11.6,13.1,11.5,13,19647250,NaN,NaN,NaN,NaN,NaN,NaN,NaN
1528333200,13.1,13.5,12.7,12.7,11588630,NaN,NaN,NaN,NaN,NaN,NaN,NaN
1528419600,12.9,13,12.5,12.7,4288365,NaN,NaN,NaN,NaN,NaN,NaN,NaN
1528678800,12.8,13.2,12.5,12.7,4945885,NaN,NaN,NaN,NaN,NaN,NaN,NaN
1528765200,13.2,13.8,13.1,13.3,17166870,NaN,NaN,NaN,NaN,NaN,NaN,NaN
1528851600,13.2,13.4,12.9,12.9,5012815,NaN,NaN,NaN,NaN,NaN,NaN,NaN
1528938000,12.9,13.2,12.8,13,2841110,NaN,NaN,NaN,NaN,NaN,NaN,NaN
1529283600,12.6,12.7,12.5,12.6,3604030,NaN,NaN,NaN,NaN,NaN,NaN,NaN
1529370000,12.7,12.8,12,12,5065000,NaN,NaN,NaN,NaN,NaN,NaN,NaN
1529456400,12.1,12.6,12,12.5,3761160,NaN,NaN,NaN,NaN,NaN,NaN,NaN
1529542800,12.4,12.6,12,12,2861365,NaN,NaN,NaN,NaN,NaN,NaN,NaN
1529629200,12.5,13,12.3,12.9,9912770,NaN,NaN,NaN,NaN,NaN,NaN,NaN
1529888400,13.1,13.4,12.9,13.1,9770695,NaN,NaN,NaN,NaN,NaN,NaN,NaN
1529974800,13,13.2,12.7,13,6134555,NaN,NaN,NaN,NaN,NaN,NaN,NaN
1530061200,13.3,13.4,12.6,12.7,4972135,NaN,NaN,NaN,NaN,NaN,NaN,NaN
1530147600,12.8,13.1,12.6,13,2199090,NaN,NaN,NaN,NaN,NaN,NaN,NaN
1530234000,13,13.2,12.8,12.8,3256580,NaN,NaN,NaN,NaN,NaN,NaN,NaN
1530493200,12.6,12.9,12.2,12.4,6152355,NaN,NaN,NaN,NaN,NaN,NaN,NaN
1530579600,12.5,12.6,12.1,12.3,3420145,NaN,NaN,NaN,NaN,NaN,NaN,NaN
1530666000,12.3,12.5,12.1,12.3,3995085,NaN,NaN,NaN,NaN,NaN,NaN,NaN
1530752400,12.3,12.4,12,12.1,2644710,NaN,NaN,NaN,NaN,NaN,NaN,NaN
1530838800,12.2,12.3,12,12.1,3542690,NaN,NaN,NaN,NaN,NaN,NaN,NaN
1531098000,12.3,12.5,12,12.3,5083190,NaN,NaN,NaN,NaN,NaN,NaN,NaN
1531184400,12.3,12.4,12,12.1,2454655,NaN,NaN,NaN,NaN,NaN,NaN,NaN
1531270800,12.1,12.1,11.7,11.9,4544755,NaN,NaN,NaN,NaN,NaN,NaN,NaN
1531357200,11.6,11.9,11.3,11.8,7112610,NaN,NaN,NaN,NaN,NaN,NaN,NaN
1531443600,11.9,12.2,11.6,11.9,3688525,NaN,NaN,NaN,NaN,NaN,NaN,NaN
1531702800,12,12.1,11.7,11.7,1973645,NaN,NaN,NaN,NaN,NaN,NaN,NaN
1531789200,11.6,12,11.5,11.9,3241600,NaN,NaN,NaN,NaN,NaN,NaN,NaN
1531875600,11.9,12.3,11.8,12,5409275,NaN,NaN,NaN,NaN,NaN,NaN,NaN
1531962000,12,12.2,11.8,11.8,3179895,NaN,NaN,NaN,NaN,NaN,NaN,NaN
1532048400,11.8,11.9,11.6,11.7,2422705,NaN,NaN,NaN,NaN,NaN,NaN,NaN
1532307600,11.7,11.9,11.6,11.8,3002420,NaN,NaN,NaN,NaN,NaN,NaN,NaN
1532394000,11.9,11.9,11.6,11.7,1958695,NaN,NaN,NaN,NaN,NaN,NaN,NaN
1532480400,11.8,12.9,11.8,12.4,17048570,NaN,NaN,NaN,NaN,NaN,NaN,NaN
1532566800,12.6,12.7,12.2,12.2,5825930,NaN,NaN,NaN,NaN,NaN,NaN,NaN
1532653200,12.1,12.2,11.9,12.1,3037475,NaN,NaN,NaN,NaN,NaN,NaN,NaN
1532912400,12.2,12.2,12,12.2,2417280,NaN,NaN,NaN,NaN,NaN,NaN,NaN
1532998800,12.2,12.2,12,12.1,2865165,297613866.85,30466558000,21055023000,-38771000,1032116000,9411903000,0
1533085200,12.1,12.4,12,12,3841990,NaN,NaN,NaN,NaN,NaN,NaN,NaN
1533171600,12.1,12.1,11.8,11.8,2566455,NaN,NaN,NaN,NaN,NaN,NaN,NaN
1533258000,11.9,12,11.7,11.9,1795350,NaN,NaN,NaN,NaN,NaN,NaN,NaN
1533517200,11.9,12,11.7,11.7,1706705,NaN,NaN,NaN,NaN,NaN,NaN,NaN
1533603600,11.7,11.9,11.7,11.8,1730980,NaN,NaN,NaN,NaN,NaN,NaN,NaN
1533690000,11.9,12.1,11.8,11.9,3629140,NaN,NaN,NaN,NaN,NaN,NaN,NaN
1533776400,11.7,11.9,11.7,11.8,1101060,NaN,NaN,NaN,NaN,NaN,NaN,NaN
1533862800,11.8,11.9,11.7,11.7,1165925,NaN,NaN,NaN,NaN,NaN,NaN,NaN
1534122000,11.7,11.8,11.6,11.6,1509680,NaN,NaN,NaN,NaN,NaN,NaN,NaN
1534208400,11.7,11.9,11.6,11.8,2035390,NaN,NaN,NaN,NaN,NaN,NaN,NaN
1534294800,11.8,11.9,11.7,11.7,945285,NaN,NaN,NaN,NaN,NaN,NaN,NaN
1534381200,11.6,11.7,11.5,11.6,1378090,NaN,NaN,NaN,NaN,NaN,NaN,NaN
1534467600,11.7,11.8,11.6,11.6,849110,NaN,NaN,NaN,NaN,NaN,NaN,NaN
1534726800,11.6,11.8,11.6,11.6,1662060,NaN,NaN,NaN,NaN,NaN,NaN,NaN
1534813200,11.7,11.8,11.6,11.8,1078395,NaN,NaN,NaN,NaN,NaN,NaN,NaN
1534986000,11.9,12.1,11.8,11.9,2885385,NaN,NaN,NaN,NaN,NaN,NaN,NaN
1535072400,11.9,12.1,7.4,8.3,31511120,NaN,NaN,NaN,NaN,NaN,NaN,NaN
1535331600,8.3,8.5,7.4,7.5,17444420,NaN,NaN,NaN,NaN,NaN,NaN,NaN
1535418000,7.5,7.6,6.8,7,14812695,NaN,NaN,NaN,NaN,NaN,NaN,NaN
1535504400,6.9,7.5,6.8,7,11518025,NaN,NaN,NaN,NaN,NaN,NaN,NaN
1535590800,7.1,7.2,6.7,6.8,4895095,NaN,NaN,NaN,NaN,NaN,NaN,NaN
1535936400,6.9,7.1,6.6,6.9,6421175,NaN,NaN,NaN,NaN,NaN,NaN,NaN
1536022800,6.9,7.3,6.9,7.2,7561860,NaN,NaN,NaN,NaN,NaN,NaN,NaN
1536109200,7.2,7.2,6.7,6.8,5653330,NaN,NaN,NaN,NaN,NaN,NaN,NaN
1536195600,6.8,6.9,6.7,6.7,1455575,NaN,NaN,NaN,NaN,NaN,NaN,NaN
1536282000,6.8,6.9,6.7,6.7,2680785,NaN,NaN,NaN,NaN,NaN,NaN,NaN
1536714000,7,7.1,6.8,7.1,6744550,NaN,NaN,NaN,NaN,NaN,NaN,NaN
1536800400,7.2,8.9,7.2,8.9,24913230,NaN,NaN,NaN,NaN,NaN,NaN,NaN
1536886800,8.8,9.8,8.8,9.1,24571300,NaN,NaN,NaN,NaN,NaN,NaN,NaN
1537232400,9.1,9.5,8.9,8.9,11919105,NaN,NaN,NaN,NaN,NaN,NaN,NaN
1537318800,9.1,9.2,8.4,8.6,9552155,NaN,NaN,NaN,NaN,NaN,NaN,NaN
1537405200,8.7,9.1,8.6,8.8,6714245,NaN,NaN,NaN,NaN,NaN,NaN,NaN
1537491600,8.9,8.9,8.5,8.7,4058250,NaN,NaN,NaN,NaN,NaN,NaN,NaN
1537750800,8.7,8.8,8.4,8.6,3692710,NaN,NaN,NaN,NaN,NaN,NaN,NaN
1537837200,8.8,9.1,8.7,8.8,9531205,NaN,NaN,NaN,NaN,NaN,NaN,NaN
1537923600,8.9,9,8.6,8.7,4212095,NaN,NaN,NaN,NaN,NaN,NaN,NaN
1538010000,8.7,8.8,8.3,8.5,7302685,NaN,NaN,NaN,NaN,NaN,NaN,NaN
1538096400,8.5,8.6,8,8.2,8118115,NaN,NaN,NaN,NaN,NaN,NaN,NaN
1538355600,8.3,8.7,8.1,8.5,9747150,NaN,NaN,NaN,NaN,NaN,NaN,NaN
1538442000,8.7,8.8,8.4,8.6,6121465,NaN,NaN,NaN,NaN,NaN,NaN,NaN
1538528400,8.6,8.6,8.2,8.3,3770360,NaN,NaN,NaN,NaN,NaN,NaN,NaN
1538614800,8.3,8.5,8.1,8.2,3267020,NaN,NaN,NaN,NaN,NaN,NaN,NaN
1538701200,8.2,8.2,7.8,7.8,5015140,NaN,NaN,NaN,NaN,NaN,NaN,NaN
1538960400,7.7,7.8,7.2,7.4,4450415,NaN,NaN,NaN,NaN,NaN,NaN,NaN
1539046800,7.4,7.7,7.3,7.5,5989130,NaN,NaN,NaN,NaN,NaN,NaN,NaN
1539133200,7.5,7.6,7.1,7.2,5652905,NaN,NaN,NaN,NaN,NaN,NaN,NaN
1539219600,6.8,7.4,6.7,7.3,7835125,NaN,NaN,NaN,NaN,NaN,NaN,NaN
1539306000,7.2,7.4,7.1,7.2,4238200,NaN,NaN,NaN,NaN,NaN,NaN,NaN
1539565200,7.2,7.5,7.1,7.1,5497855,NaN,NaN,NaN,NaN,NaN,NaN,NaN
1539651600,7.1,7.2,6.9,6.9,1655195,NaN,NaN,NaN,NaN,NaN,NaN,NaN
1539738000,7.1,7.1,7,7,957065,NaN,NaN,NaN,NaN,NaN,NaN,NaN
1539824400,7,7,6.8,6.9,1985145,NaN,NaN,NaN,NaN,NaN,NaN,NaN
1539910800,6.8,6.9,6.7,6.7,4093950,NaN,NaN,NaN,NaN,NaN,NaN,NaN
1540170000,6.8,7.1,6.7,6.9,3869700,NaN,NaN,NaN,NaN,NaN,NaN,NaN
1540256400,6.9,7,6.8,6.8,3242720,NaN,NaN,NaN,NaN,NaN,NaN,NaN
1540342800,6.8,6.9,6.7,6.9,1988330,NaN,NaN,NaN,NaN,NaN,NaN,NaN
1540429200,6.7,6.8,6.6,6.7,2548980,NaN,NaN,NaN,NaN,NaN,NaN,NaN
1540515600,6.9,6.9,6.6,6.7,2318155,NaN,NaN,NaN,NaN,NaN,NaN,NaN
1540774800,6.7,6.7,6.5,6.5,1492500,NaN,NaN,NaN,NaN,NaN,NaN,NaN
1540861200,6.4,6.6,6.2,6.4,4474465,NaN,NaN,NaN,NaN,NaN,NaN,NaN
1540947600,6.4,6.8,6.3,6.8,4146945,297613866.85,30996229000,21458159000,71991000,1206079000,9538925000,0
1541034000,6.7,6.8,6.5,6.7,1336025,NaN,NaN,NaN,NaN,NaN,NaN,NaN
1541120400,6.6,7,6.5,7,3915320,NaN,NaN,NaN,NaN,NaN,NaN,NaN
1541379600,6.8,7.2,6.7,7.1,2893105,NaN,NaN,NaN,NaN,NaN,NaN,NaN
1541552400,7.1,8.1,7,7.4,14478930,NaN,NaN,NaN,NaN,NaN,NaN,NaN
1541638800,7.5,7.6,7.2,7.2,3037545,NaN,NaN,NaN,NaN,NaN,NaN,NaN
1541725200,7.2,7.5,7,7.5,3661930,NaN,NaN,NaN,NaN,NaN,NaN,NaN
1541984400,7.7,8.1,7.5,7.6,5895620,NaN,NaN,NaN,NaN,NaN,NaN,NaN
1542070800,7.3,7.6,7.2,7.4,3507355,NaN,NaN,NaN,NaN,NaN,NaN,NaN
1542157200,7.3,7.4,7.1,7.4,2648775,NaN,NaN,NaN,NaN,NaN,NaN,NaN
1542243600,7.3,7.5,7.2,7.3,2263385,NaN,NaN,NaN,NaN,NaN,NaN,NaN
1542330000,7.3,7.4,7.2,7.2,2771845,NaN,NaN,NaN,NaN,NaN,NaN,NaN
1542589200,7.2,7.3,7.1,7.2,1185890,NaN,NaN,NaN,NaN,NaN,NaN,NaN
1542762000,6.9,7.6,6.9,7.5,4374870,NaN,NaN,NaN,NaN,NaN,NaN,NaN
1542848400,7.6,7.6,7.2,7.2,2248420,NaN,NaN,NaN,NaN,NaN,NaN,NaN
1542934800,7.2,7.3,7.1,7.1,1276960,NaN,NaN,NaN,NaN,NaN,NaN,NaN
1543194000,7,7.2,6.9,7.1,1143535,NaN,NaN,NaN,NaN,NaN,NaN,NaN
1543280400,7.1,7.1,6.8,6.8,2503360,NaN,NaN,NaN,NaN,NaN,NaN,NaN
1543366800,6.9,7.2,6.8,6.9,1871170,NaN,NaN,NaN,NaN,NaN,NaN,NaN
1543453200,6.9,7.1,6.8,6.8,1301750,NaN,NaN,NaN,NaN,NaN,NaN,NaN
1543539600,6.8,7.1,6.5,7.1,2837895,NaN,NaN,NaN,NaN,NaN,NaN,NaN
1543798800,7.1,7.3,6.9,7,2031060,NaN,NaN,NaN,NaN,NaN,NaN,NaN
1543885200,7,7,6.8,6.9,838075,NaN,NaN,NaN,NaN,NaN,NaN,NaN
1543971600,6.8,6.9,6.7,6.7,1040240,NaN,NaN,NaN,NaN,NaN,NaN,NaN
1544058000,6.8,7.3,6.6,7.1,2898395,NaN,NaN,NaN,NaN,NaN,NaN,NaN
1544144400,7.3,7.4,6.9,7,2442270,NaN,NaN,NaN,NaN,NaN,NaN,NaN
1544403600,6.9,7,6.8,6.9,713980,NaN,NaN,NaN,NaN,NaN,NaN,NaN
1544490000,6.7,6.9,6.6,6.6,1139070,NaN,NaN,NaN,NaN,NaN,NaN,NaN
1544576400,6.6,7,6.6,6.9,2177210,NaN,NaN,NaN,NaN,NaN,NaN,NaN
1544662800,6.9,7,6.7,6.7,1162300,NaN,NaN,NaN,NaN,NaN,NaN,NaN
1544749200,6.8,6.8,6.6,6.6,461920,NaN,NaN,NaN,NaN,NaN,NaN,NaN
1545008400,6.7,6.8,6.4,6.4,2534585,NaN,NaN,NaN,NaN,NaN,NaN,NaN
1545094800,6.3,6.3,6,6,1959765,NaN,NaN,NaN,NaN,NaN,NaN,NaN
1545181200,5.8,6,5.7,5.9,5025755,NaN,NaN,NaN,NaN,NaN,NaN,NaN
1545267600,5.7,5.9,5.6,5.8,3058385,NaN,NaN,NaN,NaN,NaN,NaN,NaN
1545354000,5.7,6,5.5,6,3627600,NaN,NaN,NaN,NaN,NaN,NaN,NaN
1545613200,5.9,6.4,5.9,6.3,3777580,NaN,NaN,NaN,NaN,NaN,NaN,NaN
1545786000,6.1,6.4,5.8,5.8,6119280,NaN,NaN,NaN,NaN,NaN,NaN,NaN
1545872400,6,6,5.8,5.9,2357290,NaN,NaN,NaN,NaN,NaN,NaN,NaN
1545958800,5.9,5.9,5.7,5.7,3018365,NaN,NaN,NaN,NaN,NaN,NaN,NaN
1546218000,5.8,6,5.7,5.8,3555145,NaN,NaN,NaN,NaN,NaN,NaN,NaN
1546390800,5.8,5.9,5.6,5.6,2014100,NaN,NaN,NaN,NaN,NaN,NaN,NaN
1546477200,5.7,5.8,5.6,5.6,3080940,NaN,NaN,NaN,NaN,NaN,NaN,NaN
1546563600,5.7,5.9,5.6,5.8,4965765,NaN,NaN,NaN,NaN,NaN,NaN,NaN
1546822800,5.9,5.9,5.7,5.7,2054930,NaN,NaN,NaN,NaN,NaN,NaN,NaN
1546909200,5.9,6,5.7,5.9,4609185,NaN,NaN,NaN,NaN,NaN,NaN,NaN
1546995600,5.9,6,5.8,6,2853780,NaN,NaN,NaN,NaN,NaN,NaN,NaN
1547082000,6,6.2,5.9,6,7623920,NaN,NaN,NaN,NaN,NaN,NaN,NaN
1547168400,6,6.4,5.9,6.2,9271635,NaN,NaN,NaN,NaN,NaN,NaN,NaN
1547427600,6.3,6.4,6,6.1,4307025,NaN,NaN,NaN,NaN,NaN,NaN,NaN
1547514000,6.1,6.1,5.7,5.9,5342155,NaN,NaN,NaN,NaN,NaN,NaN,NaN
1547600400,6,6,5.8,5.8,4376345,NaN,NaN,NaN,NaN,NaN,NaN,NaN
1547686800,5.9,5.9,5.6,5.8,6210350,NaN,NaN,NaN,NaN,NaN,NaN,NaN
1547773200,5.8,5.8,5.6,5.7,8144445,NaN,NaN,NaN,NaN,NaN,NaN,NaN
1548118800,5.6,5.9,5.5,5.6,12714540,NaN,NaN,NaN,NaN,NaN,NaN,NaN
1548205200,5.6,5.7,5.5,5.7,5787535,NaN,NaN,NaN,NaN,NaN,NaN,NaN
1548291600,5.7,5.7,5.6,5.6,1484345,NaN,NaN,NaN,NaN,NaN,NaN,NaN
1548378000,5.7,5.7,5.5,5.6,5226695,NaN,NaN,NaN,NaN,NaN,NaN,NaN
1548637200,5.7,6,5.6,5.7,14549775,NaN,NaN,NaN,NaN,NaN,NaN,NaN
1548723600,5.6,5.7,5.3,5.4,21321065,NaN,NaN,NaN,NaN,NaN,NaN,NaN
1548810000,5.4,5.5,5.3,5.4,7210835,NaN,NaN,NaN,NaN,NaN,NaN,NaN
1548896400,5.3,5.4,5.1,5.3,13892300,796856190,33576267000,19705026000,-360725000,1485071000,13875065000,0
1549242000,5.2,5.3,5.2,5.3,2131640,NaN,NaN,NaN,NaN,NaN,NaN,NaN
1549501200,5.3,5.3,5.2,5.3,4102285,NaN,NaN,NaN,NaN,NaN,NaN,NaN
1549587600,5.3,5.7,5.2,5.6,23366540,NaN,NaN,NaN,NaN,NaN,NaN,NaN
1549846800,5.6,5.7,5.5,5.6,6255015,NaN,NaN,NaN,NaN,NaN,NaN,NaN
1549933200,5.6,5.6,5.5,5.6,3975400,NaN,NaN,NaN,NaN,NaN,NaN,NaN
1550019600,5.6,5.6,5.5,5.5,1433890,NaN,NaN,NaN,NaN,NaN,NaN,NaN
1550106000,5.5,6.2,5.5,6.1,30624035,NaN,NaN,NaN,NaN,NaN,NaN,NaN
1550192400,6.1,6.4,6,6.1,15701005,NaN,NaN,NaN,NaN,NaN,NaN,NaN
1550451600,6.2,6.4,6.1,6.1,10835250,NaN,NaN,NaN,NaN,NaN,NaN,NaN
1550538000,6.2,6.3,6.1,6.2,9220875,NaN,NaN,NaN,NaN,NaN,NaN,NaN
1550624400,6.2,6.7,6.1,6.5,28066285,NaN,NaN,NaN,NaN,NaN,NaN,NaN
1550710800,6.6,6.7,6.4,6.5,13977555,NaN,NaN,NaN,NaN,NaN,NaN,NaN
1550797200,6.5,6.6,6.2,6.3,6962635,NaN,NaN,NaN,NaN,NaN,NaN,NaN
1551056400,6.5,6.6,6.3,6.4,6166810,NaN,NaN,NaN,NaN,NaN,NaN,NaN
1551142800,6.4,6.5,6.1,6.1,7320370,NaN,NaN,NaN,NaN,NaN,NaN,NaN
1551229200,6.2,6.3,6.2,6.2,2640920,NaN,NaN,NaN,NaN,NaN,NaN,NaN
1551315600,6.3,6.3,6.1,6.2,6979305,NaN,NaN,NaN,NaN,NaN,NaN,NaN
1551402000,6.3,6.4,6.2,6.3,6099865,NaN,NaN,NaN,NaN,NaN,NaN,NaN
1551661200,6.3,6.5,6.2,6.4,6654675,NaN,NaN,NaN,NaN,NaN,NaN,NaN
1551747600,6.4,6.5,6.3,6.3,2958895,NaN,NaN,NaN,NaN,NaN,NaN,NaN
1551834000,6.3,6.6,6.3,6.4,10081900,NaN,NaN,NaN,NaN,NaN,NaN,NaN
1551920400,6.4,6.5,6.3,6.3,3243105,NaN,NaN,NaN,NaN,NaN,NaN,NaN
1552006800,6.3,6.4,6.2,6.2,4470145,NaN,NaN,NaN,NaN,NaN,NaN,NaN
1552266000,6.3,6.5,6.2,6.3,4293025,NaN,NaN,NaN,NaN,NaN,NaN,NaN
1552352400,6.4,6.6,6.3,6.5,11670485,NaN,NaN,NaN,NaN,NaN,NaN,NaN
1552438800,6.6,7,6.5,6.8,18505170,NaN,NaN,NaN,NaN,NaN,NaN,NaN
1552525200,6.9,7,6.7,7,11125280,NaN,NaN,NaN,NaN,NaN,NaN,NaN
1552611600,7,7.5,6.9,7.3,30832520,NaN,NaN,NaN,NaN,NaN,NaN,NaN
1552870800,7.4,7.5,7.1,7.2,11286160,NaN,NaN,NaN,NaN,NaN,NaN,NaN
1552957200,7.2,7.2,6.8,6.9,12947955,NaN,NaN,NaN,NaN,NaN,NaN,NaN
1553043600,6.8,7,6.8,6.8,8080005,NaN,NaN,NaN,NaN,NaN,NaN,NaN
1553130000,7,7.1,6.8,7,8310885,NaN,NaN,NaN,NaN,NaN,NaN,NaN
1553216400,7,7,6.8,6.9,2532915,NaN,NaN,NaN,NaN,NaN,NaN,NaN
1553475600,6.8,7.2,6.7,6.9,17893715,NaN,NaN,NaN,NaN,NaN,NaN,NaN
1553562000,6.9,7,6.6,6.7,8758775,NaN,NaN,NaN,NaN,NaN,NaN,NaN
1553648400,6.7,6.8,6.6,6.6,3261625,NaN,NaN,NaN,NaN,NaN,NaN,NaN
1553734800,6.6,6.7,6.4,6.7,5208315,NaN,NaN,NaN,NaN,NaN,NaN,NaN
1553821200,6.7,6.8,6.6,6.7,5173935,NaN,NaN,NaN,NaN,NaN,NaN,NaN
1554080400,6.7,6.9,6.6,6.9,4607215,NaN,NaN,NaN,NaN,NaN,NaN,NaN
1554166800,7,7.2,6.9,7.1,8401050,NaN,NaN,NaN,NaN,NaN,NaN,NaN
1554253200,7.1,7.2,7,7.1,4747260,NaN,NaN,NaN,NaN,NaN,NaN,NaN
1554339600,7.1,7.2,7,7,3398785,NaN,NaN,NaN,NaN,NaN,NaN,NaN
1554426000,7.1,7.2,7,7.1,4357485,NaN,NaN,NaN,NaN,NaN,NaN,NaN
1554685200,7.2,7.4,6.9,7,16409200,NaN,NaN,NaN,NaN,NaN,NaN,NaN
1554771600,7.1,7.2,6.7,6.8,12490995,NaN,NaN,NaN,NaN,NaN,NaN,NaN
1554858000,6.8,6.9,6.7,6.8,5581865,NaN,NaN,NaN,NaN,NaN,NaN,NaN
1554944400,6.7,6.8,6.6,6.7,4711095,NaN,NaN,NaN,NaN,NaN,NaN,NaN
1555030800,6.7,7,6.6,6.9,15646970,NaN,NaN,NaN,NaN,NaN,NaN,NaN
1555290000,6.9,6.9,6.7,6.7,5947175,NaN,NaN,NaN,NaN,NaN,NaN,NaN
1555376400,6.7,6.8,6.5,6.6,4088415,NaN,NaN,NaN,NaN,NaN,NaN,NaN
1555462800,6.6,6.6,6.3,6.5,9488745,NaN,NaN,NaN,NaN,NaN,NaN,NaN
1555549200,6.4,6.5,6.1,6.3,10041270,NaN,NaN,NaN,NaN,NaN,NaN,NaN
1555635600,6.3,6.4,6.2,6.2,5826085,NaN,NaN,NaN,NaN,NaN,NaN,NaN
1555894800,6.3,6.5,6.2,6.5,6648160,NaN,NaN,NaN,NaN,NaN,NaN,NaN
1555981200,6.5,6.6,6.4,6.6,4255490,NaN,NaN,NaN,NaN,NaN,NaN,NaN
1556067600,6.5,6.8,6.5,6.7,5995210,NaN,NaN,NaN,NaN,NaN,NaN,NaN
1556154000,6.7,6.9,6.6,6.8,5850190,NaN,NaN,NaN,NaN,NaN,NaN,NaN
1556240400,6.8,6.8,6.6,6.7,1962830,NaN,NaN,NaN,NaN,NaN,NaN,NaN
1556499600,6.6,6.6,6.5,6.6,2742000,NaN,NaN,NaN,NaN,NaN,NaN,NaN
1556586000,6.6,6.7,6.5,6.5,2397365,796856190,26812121000,13023182000,15632000,1632460000,13793272000,0
1556758800,6.6,6.7,6.5,6.7,3954205,NaN,NaN,NaN,NaN,NaN,NaN,NaN
1556845200,6.5,6.7,6.5,6.7,1775245,NaN,NaN,NaN,NaN,NaN,NaN,NaN
1557104400,6.6,6.6,6.4,6.4,3803340,NaN,NaN,NaN,NaN,NaN,NaN,NaN
1557190800,6.5,6.6,6.4,6.5,1662625,NaN,NaN,NaN,NaN,NaN,NaN,NaN
1557277200,6.4,6.5,6.3,6.5,1738410,NaN,NaN,NaN,NaN,NaN,NaN,NaN
1557363600,6.5,6.5,6.3,6.4,1523380,NaN,NaN,NaN,NaN,NaN,NaN,NaN
1557450000,6.4,6.5,6.3,6.3,3357020,NaN,NaN,NaN,NaN,NaN,NaN,NaN
1557709200,6.3,6.4,6.1,6.2,3176335,NaN,NaN,NaN,NaN,NaN,NaN,NaN
1557795600,6,6.3,6,6.3,1969380,NaN,NaN,NaN,NaN,NaN,NaN,NaN
1557882000,6.3,6.4,6.2,6.2,2538225,NaN,NaN,NaN,NaN,NaN,NaN,NaN
1557968400,6.3,6.3,6.2,6.3,1369135,NaN,NaN,NaN,NaN,NaN,NaN,NaN
1558054800,6.4,6.4,6.2,6.3,1499590,NaN,NaN,NaN,NaN,NaN,NaN,NaN
1558400400,6.3,6.3,6.2,6.2,394200,NaN,NaN,NaN,NaN,NaN,NaN,NaN
1558573200,6.2,6.2,5.9,6,4501275,NaN,NaN,NaN,NaN,NaN,NaN,NaN
1558659600,5.9,5.9,5.7,5.8,2110505,NaN,NaN,NaN,NaN,NaN,NaN,NaN
1558918800,5.8,5.9,5.7,5.8,1775360,NaN,NaN,NaN,NaN,NaN,NaN,NaN
1559005200,5.9,5.9,5.8,5.9,4133090,NaN,NaN,NaN,NaN,NaN,NaN,NaN
1559091600,5.9,6.1,5.9,5.9,1936075,NaN,NaN,NaN,NaN,NaN,NaN,NaN
1559178000,5.9,6.1,5.8,6,3331345,NaN,NaN,NaN,NaN,NaN,NaN,NaN
1559264400,5.9,6,5.8,5.9,1654205,NaN,NaN,NaN,NaN,NaN,NaN,NaN
1559523600,5.8,5.9,5.7,5.8,1843470,NaN,NaN,NaN,NaN,NaN,NaN,NaN
1559610000,5.8,6.1,5.7,6,1620060,NaN,NaN,NaN,NaN,NaN,NaN,NaN
1559869200,6,6.2,6,6.1,1720470,NaN,NaN,NaN,NaN,NaN,NaN,NaN
1560128400,6.2,6.3,6.2,6.3,1524060,NaN,NaN,NaN,NaN,NaN,NaN,NaN
1560214800,6.2,6.3,6.2,6.2,816095,NaN,NaN,NaN,NaN,NaN,NaN,NaN
1560301200,6.2,6.2,6,6,1285230,NaN,NaN,NaN,NaN,NaN,NaN,NaN
1560387600,6,6.5,6,6.3,5388885,NaN,NaN,NaN,NaN,NaN,NaN,NaN
1560474000,6.3,6.4,6.2,6.2,1109040,NaN,NaN,NaN,NaN,NaN,NaN,NaN
1560733200,6.2,6.3,6.2,6.2,304535,NaN,NaN,NaN,NaN,NaN,NaN,NaN
1560819600,6.2,6.3,6.1,6.1,1177180,NaN,NaN,NaN,NaN,NaN,NaN,NaN
1560906000,6.2,6.3,6.1,6.2,1065460,NaN,NaN,NaN,NaN,NaN,NaN,NaN
1560992400,6.2,6.3,6.1,6.3,922115,NaN,NaN,NaN,NaN,NaN,NaN,NaN
1561078800,6.3,6.4,6.1,6.1,1868020,NaN,NaN,NaN,NaN,NaN,NaN,NaN
1561338000,6.1,6.3,6,6.2,2953460,NaN,NaN,NaN,NaN,NaN,NaN,NaN
1561424400,6.3,6.3,6.1,6.3,1507530,NaN,NaN,NaN,NaN,NaN,NaN,NaN
1561510800,6.3,6.4,6.2,6.3,832995,NaN,NaN,NaN,NaN,NaN,NaN,NaN
1561597200,6.2,6.3,5.9,5.9,7408600,NaN,NaN,NaN,NaN,NaN,NaN,NaN
1561683600,6.1,6.1,5.9,6,3136040,NaN,NaN,NaN,NaN,NaN,NaN,NaN
1561942800,6.1,6.2,6,6.1,2073165,NaN,NaN,NaN,NaN,NaN,NaN,NaN
1562029200,6.1,6.2,6,6.1,1871155,NaN,NaN,NaN,NaN,NaN,NaN,NaN
1562115600,6.1,6.2,6,6.1,3267880,NaN,NaN,NaN,NaN,NaN,NaN,NaN
1562202000,6.1,6.2,6,6.1,1173920,NaN,NaN,NaN,NaN,NaN,NaN,NaN
1562288400,6,6.1,6,6,2013265,NaN,NaN,NaN,NaN,NaN,NaN,NaN
1562547600,6,6.1,5.9,6,2034185,NaN,NaN,NaN,NaN,NaN,NaN,NaN
1562634000,6,6,5.9,6,3758830,NaN,NaN,NaN,NaN,NaN,NaN,NaN
1562720400,6,6,5.9,5.9,774280,NaN,NaN,NaN,NaN,NaN,NaN,NaN
1562806800,6,6.1,5.9,5.9,8461015,NaN,NaN,NaN,NaN,NaN,NaN,NaN
1562893200,6,6.1,5.9,6,3298830,NaN,NaN,NaN,NaN,NaN,NaN,NaN
1563152400,6,6.1,5.9,6,2632470,NaN,NaN,NaN,NaN,NaN,NaN,NaN
1563238800,6,6.2,6,6.2,3855190,NaN,NaN,NaN,NaN,NaN,NaN,NaN
1563325200,6.1,6.3,6,6.1,6676230,NaN,NaN,NaN,NaN,NaN,NaN,NaN
1563411600,6.1,6.2,6,6,1762780,NaN,NaN,NaN,NaN,NaN,NaN,NaN
1563498000,6,6.4,6,6.2,7792955,NaN,NaN,NaN,NaN,NaN,NaN,NaN
1563757200,6.2,6.2,6,6.1,4782140,NaN,NaN,NaN,NaN,NaN,NaN,NaN
1563843600,6.2,6.2,6.1,6.1,1849800,NaN,NaN,NaN,NaN,NaN,NaN,NaN
1563930000,6.1,6.2,6,6.1,1667365,NaN,NaN,NaN,NaN,NaN,NaN,NaN
1564016400,6.2,6.2,6,6,2241875,NaN,NaN,NaN,NaN,NaN,NaN,NaN
1564102800,6.1,6.1,6,6,549220,NaN,NaN,NaN,NaN,NaN,NaN,NaN
1564362000,6.1,6.1,6,6,482780,NaN,NaN,NaN,NaN,NaN,NaN,NaN
1564534800,6.1,6.1,6,6,2279465,796856190,26754450000,13116995000,-12645000,1927400000,13643067000,0
1564621200,5.9,6,5.9,5.9,2573605,NaN,NaN,NaN,NaN,NaN,NaN,NaN
1564707600,5.8,5.9,5.8,5.8,1412625,NaN,NaN,NaN,NaN,NaN,NaN,NaN
1564966800,5.8,5.9,5.7,5.8,2073610,NaN,NaN,NaN,NaN,NaN,NaN,NaN
1565053200,5.6,5.8,5.5,5.7,4822150,NaN,NaN,NaN,NaN,NaN,NaN,NaN
1565139600,5.7,5.8,5.6,5.7,1094045,NaN,NaN,NaN,NaN,NaN,NaN,NaN
1565226000,5.7,5.7,5.6,5.7,670495,NaN,NaN,NaN,NaN,NaN,NaN,NaN
1565312400,5.7,5.8,5.6,5.7,1457800,NaN,NaN,NaN,NaN,NaN,NaN,NaN
1565658000,5.6,5.7,5.5,5.6,2726030,NaN,NaN,NaN,NaN,NaN,NaN,NaN
1565744400,5.7,5.7,5.5,5.5,1892680,NaN,NaN,NaN,NaN,NaN,NaN,NaN
1565830800,5.4,5.5,5.4,5.4,782050,NaN,NaN,NaN,NaN,NaN,NaN,NaN
1565917200,5.4,5.5,5.4,5.4,576020,NaN,NaN,NaN,NaN,NaN,NaN,NaN
1566176400,5.5,5.6,5.4,5.4,4525185,NaN,NaN,NaN,NaN,NaN,NaN,NaN
1566262800,5.5,5.6,5.4,5.6,3098575,NaN,NaN,NaN,NaN,NaN,NaN,NaN
1566349200,5.5,5.6,5.5,5.6,369730,NaN,NaN,NaN,NaN,NaN,NaN,NaN
1566435600,5.6,5.6,5.5,5.6,1257865,NaN,NaN,NaN,NaN,NaN,NaN,NaN
1566522000,5.5,5.6,5.5,5.5,375490,NaN,NaN,NaN,NaN,NaN,NaN,NaN
1566781200,5.4,5.5,5.3,5.3,2473240,NaN,NaN,NaN,NaN,NaN,NaN,NaN
1566867600,5.4,5.4,5.3,5.3,557985,NaN,NaN,NaN,NaN,NaN,NaN,NaN
1566954000,5.4,5.4,5.2,5.3,1538105,NaN,NaN,NaN,NaN,NaN,NaN,NaN
1567040400,5.3,5.5,5.3,5.4,1654240,NaN,NaN,NaN,NaN,NaN,NaN,NaN
1567126800,5.5,5.6,5.4,5.5,1320260,NaN,NaN,NaN,NaN,NaN,NaN,NaN
1567472400,5.5,5.7,5.4,5.4,1557805,NaN,NaN,NaN,NaN,NaN,NaN,NaN
1567558800,5.5,5.6,5.4,5.5,1052170,NaN,NaN,NaN,NaN,NaN,NaN,NaN
1567645200,5.6,5.7,5.5,5.6,2024880,NaN,NaN,NaN,NaN,NaN,NaN,NaN
1567731600,5.6,5.6,5.4,5.4,874385,NaN,NaN,NaN,NaN,NaN,NaN,NaN
1568077200,5.6,5.7,5.5,5.6,4466495,NaN,NaN,NaN,NaN,NaN,NaN,NaN
1568163600,5.7,5.7,5.5,5.6,1719165,NaN,NaN,NaN,NaN,NaN,NaN,NaN
1568250000,5.6,5.6,5.4,5.4,1770000,NaN,NaN,NaN,NaN,NaN,NaN,NaN
1568336400,5.5,5.7,5.4,5.6,3035265,NaN,NaN,NaN,NaN,NaN,NaN,NaN
1568682000,5.9,6.2,5.8,5.9,13448730,NaN,NaN,NaN,NaN,NaN,NaN,NaN
1568768400,5.8,5.9,5.8,5.8,727090,NaN,NaN,NaN,NaN,NaN,NaN,NaN
1568854800,5.8,5.9,5.6,5.8,5201775,NaN,NaN,NaN,NaN,NaN,NaN,NaN
1568941200,5.8,6,5.7,5.8,5309295,NaN,NaN,NaN,NaN,NaN,NaN,NaN
1569200400,5.8,5.8,5.7,5.7,1082820,NaN,NaN,NaN,NaN,NaN,NaN,NaN
1569286800,5.8,5.9,5.7,5.8,3087870,NaN,NaN,NaN,NaN,NaN,NaN,NaN
1569373200,5.8,5.9,5.7,5.7,2824925,NaN,NaN,NaN,NaN,NaN,NaN,NaN
1569459600,5.8,5.8,5.7,5.7,808520,NaN,NaN,NaN,NaN,NaN,NaN,NaN
1569546000,5.8,5.9,5.6,5.7,3816535,NaN,NaN,NaN,NaN,NaN,NaN,NaN
1569805200,5.7,5.7,5.5,5.6,3143145,NaN,NaN,NaN,NaN,NaN,NaN,NaN
1569891600,5.5,5.6,5.4,5.5,2561180,NaN,NaN,NaN,NaN,NaN,NaN,NaN
1569978000,5.5,5.6,5.4,5.4,1277180,NaN,NaN,NaN,NaN,NaN,NaN,NaN
1570064400,5.4,5.4,5.2,5.3,2582540,NaN,NaN,NaN,NaN,NaN,NaN,NaN
1570150800,5.3,5.4,5.2,5.2,4635725,NaN,NaN,NaN,NaN,NaN,NaN,NaN
1570410000,5.3,5.4,5.1,5.2,5366655,NaN,NaN,NaN,NaN,NaN,NaN,NaN
1570496400,5.2,5.3,5.2,5.2,1013145,NaN,NaN,NaN,NaN,NaN,NaN,NaN
1570582800,5.2,5.3,5.1,5.2,1389855,NaN,NaN,NaN,NaN,NaN,NaN,NaN
1570669200,5.2,5.3,5.1,5.2,2265710,NaN,NaN,NaN,NaN,NaN,NaN,NaN
1570755600,5.3,5.5,5.2,5.4,7699745,NaN,NaN,NaN,NaN,NaN,NaN,NaN
1571014800,5.4,5.5,5.3,5.3,5372095,NaN,NaN,NaN,NaN,NaN,NaN,NaN
1571101200,5.4,5.5,5.3,5.4,4627230,NaN,NaN,NaN,NaN,NaN,NaN,NaN
1571187600,5.4,5.6,5.3,5.4,6889325,NaN,NaN,NaN,NaN,NaN,NaN,NaN
1571274000,5.4,5.6,5.4,5.5,2596040,NaN,NaN,NaN,NaN,NaN,NaN,NaN
1571360400,5.5,5.6,5.3,5.4,4678500,NaN,NaN,NaN,NaN,NaN,NaN,NaN
1571619600,5.4,5.4,5.3,5.3,892840,NaN,NaN,NaN,NaN,NaN,NaN,NaN
1571706000,5.3,5.5,5.2,5.2,5888125,NaN,NaN,NaN,NaN,NaN,NaN,NaN
1571792400,5.3,5.6,5.2,5.5,7507980,NaN,NaN,NaN,NaN,NaN,NaN,NaN
1571878800,5.5,5.6,5.4,5.4,2820885,NaN,NaN,NaN,NaN,NaN,NaN,NaN
1571965200,5.4,5.5,5.3,5.4,2046960,NaN,NaN,NaN,NaN,NaN,NaN,NaN
1572310800,5.5,5.5,5.4,5.4,2256120,NaN,NaN,NaN,NaN,NaN,NaN,NaN
1572397200,5.4,5.5,5.3,5.4,1892615,NaN,NaN,NaN,NaN,NaN,NaN,NaN
1572483600,5.4,5.4,5.3,5.3,2048450,797652920,27057632000,13390045000,-45775000,1777401000,13673366000,0
1572570000,5.3,5.4,5.2,5.2,5509135,NaN,NaN,NaN,NaN,NaN,NaN,NaN
1572829200,5.3,5.4,5.2,5.3,5506050,NaN,NaN,NaN,NaN,NaN,NaN,NaN
1572915600,5.4,5.4,5.2,5.3,2908995,NaN,NaN,NaN,NaN,NaN,NaN,NaN
1573002000,5.3,5.4,5.2,5.3,2336875,NaN,NaN,NaN,NaN,NaN,NaN,NaN
1573088400,5.4,5.5,5.3,5.4,5120225,NaN,NaN,NaN,NaN,NaN,NaN,NaN
1573174800,5.5,6,5.4,5.9,20260365,NaN,NaN,NaN,NaN,NaN,NaN,NaN
1573434000,5.9,6.1,5.7,5.8,14839770,NaN,NaN,NaN,NaN,NaN,NaN,NaN
1573520400,5.8,6,5.7,5.8,11048090,NaN,NaN,NaN,NaN,NaN,NaN,NaN
1573606800,5.9,5.9,5.7,5.8,2716850,NaN,NaN,NaN,NaN,NaN,NaN,NaN
1573693200,5.9,5.9,5.7,5.8,5929700,NaN,NaN,NaN,NaN,NaN,NaN,NaN
1573779600,5.8,6.1,5.8,6,17550025,NaN,NaN,NaN,NaN,NaN,NaN,NaN
1574038800,6,6.1,5.9,6,8628175,NaN,NaN,NaN,NaN,NaN,NaN,NaN
1574125200,6,6,5.8,5.9,4269305,NaN,NaN,NaN,NaN,NaN,NaN,NaN
1574211600,5.8,6,5.8,5.9,3788075,NaN,NaN,NaN,NaN,NaN,NaN,NaN
1574298000,5.9,5.9,5.7,5.7,2561010,NaN,NaN,NaN,NaN,NaN,NaN,NaN
1574384400,5.8,5.9,5.7,5.7,3426000,NaN,NaN,NaN,NaN,NaN,NaN,NaN
1574643600,5.8,5.8,5.6,5.7,2796350,NaN,NaN,NaN,NaN,NaN,NaN,NaN
1574730000,5.7,5.7,5.6,5.6,1388275,NaN,NaN,NaN,NaN,NaN,NaN,NaN
1574816400,5.6,5.8,5.6,5.6,3113035,NaN,NaN,NaN,NaN,NaN,NaN,NaN
1574902800,5.7,5.7,5.5,5.5,1560825,NaN,NaN,NaN,NaN,NaN,NaN,NaN
1574989200,5.6,5.6,5.4,5.5,2975745,NaN,NaN,NaN,NaN,NaN,NaN,NaN
1575248400,5.4,5.5,5.3,5.4,1610730,NaN,NaN,NaN,NaN,NaN,NaN,NaN
1575334800,5.4,5.5,5.4,5.5,3011880,NaN,NaN,NaN,NaN,NaN,NaN,NaN
1575421200,5.4,5.5,5.3,5.4,2306720,NaN,NaN,NaN,NaN,NaN,NaN,NaN
1575507600,5.4,5.5,5.3,5.3,7464050,NaN,NaN,NaN,NaN,NaN,NaN,NaN
1575594000,5.3,5.3,5.2,5.2,1825360,NaN,NaN,NaN,NaN,NaN,NaN,NaN
1575853200,5.2,5.3,5.2,5.3,1161435,NaN,NaN,NaN,NaN,NaN,NaN,NaN
1575939600,5.3,5.4,5.2,5.3,2196815,NaN,NaN,NaN,NaN,NaN,NaN,NaN
1576026000,5.2,5.3,5.2,5.2,2038025,NaN,NaN,NaN,NaN,NaN,NaN,NaN
1576112400,5.2,5.3,5.1,5.2,3763200,NaN,NaN,NaN,NaN,NaN,NaN,NaN
1576198800,5.2,5.4,5.2,5.3,2948525,NaN,NaN,NaN,NaN,NaN,NaN,NaN
1576458000,5.3,5.4,5.2,5.2,1509935,NaN,NaN,NaN,NaN,NaN,NaN,NaN
1576544400,5.3,5.4,5.2,5.2,1131325,NaN,NaN,NaN,NaN,NaN,NaN,NaN
1576630800,5.2,5.4,5.2,5.3,3045725,NaN,NaN,NaN,NaN,NaN,NaN,NaN
1576717200,5.3,5.4,5.2,5.3,1523615,NaN,NaN,NaN,NaN,NaN,NaN,NaN
1576803600,5.3,5.4,5.2,5.3,1657815,NaN,NaN,NaN,NaN,NaN,NaN,NaN
1577062800,5.2,5.4,5.2,5.3,3644405,NaN,NaN,NaN,NaN,NaN,NaN,NaN
1577149200,5.3,5.3,5.2,5.2,369740,NaN,NaN,NaN,NaN,NaN,NaN,NaN
1577322000,5.3,5.4,5.2,5.2,3760255,NaN,NaN,NaN,NaN,NaN,NaN,NaN
1577408400,5.3,5.6,5.2,5.5,5740785,NaN,NaN,NaN,NaN,NaN,NaN,NaN
1577667600,5.5,5.6,5.4,5.4,2847010,NaN,NaN,NaN,NaN,NaN,NaN,NaN
1577754000,5.4,5.5,5.3,5.4,2327485,NaN,NaN,NaN,NaN,NaN,NaN,NaN
1577926800,5.4,5.6,5.4,5.5,4070380,NaN,NaN,NaN,NaN,NaN,NaN,NaN
1578013200,5.5,5.7,5.5,5.5,5285245,NaN,NaN,NaN,NaN,NaN,NaN,NaN
1578272400,5.6,5.9,5.6,5.8,9758355,NaN,NaN,NaN,NaN,NaN,NaN,NaN
1578358800,5.8,5.8,5.6,5.6,6379775,NaN,NaN,NaN,NaN,NaN,NaN,NaN
1578445200,5.8,5.8,5.6,5.6,5419270,NaN,NaN,NaN,NaN,NaN,NaN,NaN
1578531600,5.6,5.7,5.5,5.6,3027110,NaN,NaN,NaN,NaN,NaN,NaN,NaN
1578618000,5.6,5.8,5.5,5.8,3870955,NaN,NaN,NaN,NaN,NaN,NaN,NaN
1578877200,5.8,5.9,5.7,5.8,2417210,NaN,NaN,NaN,NaN,NaN,NaN,NaN
1578963600,5.7,5.8,5.5,5.5,3133465,NaN,NaN,NaN,NaN,NaN,NaN,NaN
1579050000,5.6,5.6,5.4,5.5,1908070,NaN,NaN,NaN,NaN,NaN,NaN,NaN
1579136400,5.5,5.5,5.4,5.4,461460,NaN,NaN,NaN,NaN,NaN,NaN,NaN
1579222800,5.5,5.6,5.3,5.3,6133895,NaN,NaN,NaN,NaN,NaN,NaN,NaN
1579482000,5.4,5.4,5.3,5.3,525365,NaN,NaN,NaN,NaN,NaN,NaN,NaN
1579568400,5.3,5.4,5.3,5.3,1207065,NaN,NaN,NaN,NaN,NaN,NaN,NaN
1579654800,5.4,5.4,5.3,5.3,832495,NaN,NaN,NaN,NaN,NaN,NaN,NaN
1579741200,5.3,5.4,5.3,5.4,2217425,NaN,NaN,NaN,NaN,NaN,NaN,NaN
1579827600,5.3,5.4,5.2,5.4,996820,NaN,NaN,NaN,NaN,NaN,NaN,NaN
1580173200,5.2,5.3,5.1,5.1,3281285,NaN,NaN,NaN,NaN,NaN,NaN,NaN
1580259600,5.2,5.2,5.1,5.2,799755,NaN,NaN,NaN,NaN,NaN,NaN,NaN
1580346000,5.2,5.2,5.1,5.1,669940,NaN,NaN,NaN,NaN,NaN,NaN,NaN
1580432400,5.1,5.2,4.9,4.9,7102220,798590182.5,22748343000,13573675000,-782812000,1111894000,9182521000,0
1580691600,4.8,4.9,4.5,4.9,7451450,NaN,NaN,NaN,NaN,NaN,NaN,NaN
1580778000,4.8,4.9,4.7,4.7,3505605,NaN,NaN,NaN,NaN,NaN,NaN,NaN
1580864400,4.7,4.8,4.7,4.7,1716565,NaN,NaN,NaN,NaN,NaN,NaN,NaN
1580950800,4.8,4.9,4.8,4.8,2507210,NaN,NaN,NaN,NaN,NaN,NaN,NaN
1581037200,4.8,4.9,4.7,4.8,1385060,NaN,NaN,NaN,NaN,NaN,NaN,NaN
1581296400,4.8,4.9,4.7,4.8,1513845,NaN,NaN,NaN,NaN,NaN,NaN,NaN
1581382800,4.8,4.9,4.7,4.8,1361905,NaN,NaN,NaN,NaN,NaN,NaN,NaN
1581469200,4.8,4.8,4.7,4.7,706105,NaN,NaN,NaN,NaN,NaN,NaN,NaN
1581555600,4.8,4.8,4.7,4.7,1094780,NaN,NaN,NaN,NaN,NaN,NaN,NaN
1581642000,4.7,4.8,4.7,4.7,734575,NaN,NaN,NaN,NaN,NaN,NaN,NaN
1581901200,4.8,4.9,4.7,4.8,2857380,NaN,NaN,NaN,NaN,NaN,NaN,NaN
1581987600,4.8,4.9,4.7,4.8,1806355,NaN,NaN,NaN,NaN,NaN,NaN,NaN
1582074000,4.9,5,4.7,4.8,5376975,NaN,NaN,NaN,NaN,NaN,NaN,NaN
1582160400,4.8,4.9,4.7,4.8,2140135,NaN,NaN,NaN,NaN,NaN,NaN,NaN
1582246800,4.8,4.8,4.7,4.7,657160,NaN,NaN,NaN,NaN,NaN,NaN,NaN
1582506000,4.6,4.7,4.5,4.6,3862445,NaN,NaN,NaN,NaN,NaN,NaN,NaN
1582592400,4.5,4.6,4.4,4.5,4211375,NaN,NaN,NaN,NaN,NaN,NaN,NaN
1582678800,4.3,4.4,4.2,4.2,8556045,NaN,NaN,NaN,NaN,NaN,NaN,NaN
1582765200,4.2,4.2,4,4,5939840,NaN,NaN,NaN,NaN,NaN,NaN,NaN
1582851600,3.8,3.8,3.5,3.7,11093060,NaN,NaN,NaN,NaN,NaN,NaN,NaN
1583110800,3.5,3.5,3.2,3.2,13368200,NaN,NaN,NaN,NaN,NaN,NaN,NaN
1583197200,3.4,3.5,3.3,3.4,7312215,NaN,NaN,NaN,NaN,NaN,NaN,NaN
1583283600,3.4,3.4,3.3,3.3,2433795,NaN,NaN,NaN,NaN,NaN,NaN,NaN
1583370000,3.4,3.5,3.3,3.4,3142785,NaN,NaN,NaN,NaN,NaN,NaN,NaN
1583456400,3.3,3.4,3.2,3.2,3826200,NaN,NaN,NaN,NaN,NaN,NaN,NaN
1583715600,2.1,2.4,1.6,2.1,28291650,NaN,NaN,NaN,NaN,NaN,NaN,NaN
1583802000,2.1,2.3,2.1,2.2,13824650,NaN,NaN,NaN,NaN,NaN,NaN,NaN
1583888400,2.3,2.5,2.2,2.3,16409360,NaN,NaN,NaN,NaN,NaN,NaN,NaN
1583974800,2.2,2.2,2,2.2,5561165,NaN,NaN,NaN,NaN,NaN,NaN,NaN
1584061200,2,2.2,1.9,2.1,9703230,NaN,NaN,NaN,NaN,NaN,NaN,NaN
1584320400,2,2.1,1.8,1.9,7319595,NaN,NaN,NaN,NaN,NaN,NaN,NaN
1584406800,1.7,1.9,1.6,1.8,12894575,NaN,NaN,NaN,NaN,NaN,NaN,NaN
1584493200,1.7,1.8,1.4,1.5,8451150,NaN,NaN,NaN,NaN,NaN,NaN,NaN
1584579600,1.4,1.5,1.2,1.3,9579080,NaN,NaN,NaN,NaN,NaN,NaN,NaN
1584666000,1.4,1.6,1.3,1.5,14765955,NaN,NaN,NaN,NaN,NaN,NaN,NaN
1584925200,1.4,1.4,1.3,1.4,2747600,NaN,NaN,NaN,NaN,NaN,NaN,NaN
1585011600,1.6,1.7,1.5,1.5,4643850,NaN,NaN,NaN,NaN,NaN,NaN,NaN
1585098000,1.6,1.7,1.5,1.5,4258675,NaN,NaN,NaN,NaN,NaN,NaN,NaN
1585184400,1.6,1.6,1.5,1.5,5336010,NaN,NaN,NaN,NaN,NaN,NaN,NaN
1585270800,1.6,1.7,1.5,1.5,6212170,NaN,NaN,NaN,NaN,NaN,NaN,NaN
1585530000,1.5,1.6,1.5,1.5,3929800,NaN,NaN,NaN,NaN,NaN,NaN,NaN
1585616400,1.5,1.7,1.5,1.6,4472695,NaN,NaN,NaN,NaN,NaN,NaN,NaN
1585702800,1.6,1.7,1.5,1.5,10056895,NaN,NaN,NaN,NaN,NaN,NaN,NaN
1585789200,1.5,1.8,1.5,1.8,20981360,NaN,NaN,NaN,NaN,NaN,NaN,NaN
1585875600,2,2.2,1.8,1.9,24099270,NaN,NaN,NaN,NaN,NaN,NaN,NaN
1586134800,2,2.2,1.9,2.1,17965525,NaN,NaN,NaN,NaN,NaN,NaN,NaN
1586221200,2.2,2.3,2.1,2.2,14419745,NaN,NaN,NaN,NaN,NaN,NaN,NaN
1586307600,2.2,2.2,2,2.1,6295510,NaN,NaN,NaN,NaN,NaN,NaN,NaN
1586394000,2.2,2.3,2.1,2.2,8471185,NaN,NaN,NaN,NaN,NaN,NaN,NaN
1586480400,2.2,2.2,2,2,6188150,NaN,NaN,NaN,NaN,NaN,NaN,NaN
1586739600,2.1,2.2,2,2,4633235,NaN,NaN,NaN,NaN,NaN,NaN,NaN
1586826000,2,2.1,2,2.1,1548445,NaN,NaN,NaN,NaN,NaN,NaN,NaN
1586912400,2,2.1,2,2,6905520,NaN,NaN,NaN,NaN,NaN,NaN,NaN
1586998800,2,2.1,1.9,2,4934875,NaN,NaN,NaN,NaN,NaN,NaN,NaN
1587085200,2,2.1,1.9,2,5481910,NaN,NaN,NaN,NaN,NaN,NaN,NaN
1587344400,2,2.1,2,2,4177275,NaN,NaN,NaN,NaN,NaN,NaN,NaN
1587430800,1.9,1.9,1.8,1.8,6877650,NaN,NaN,NaN,NaN,NaN,NaN,NaN
1587517200,1.7,1.8,1.7,1.7,5365105,NaN,NaN,NaN,NaN,NaN,NaN,NaN
1587603600,1.8,1.9,1.8,1.8,4617680,NaN,NaN,NaN,NaN,NaN,NaN,NaN
1587690000,1.8,1.9,1.7,1.7,3868500,NaN,NaN,NaN,NaN,NaN,NaN,NaN
1587949200,1.8,1.9,1.7,1.7,6596115,NaN,NaN,NaN,NaN,NaN,NaN,NaN
1588035600,1.7,1.7,1.6,1.6,4318160,NaN,NaN,NaN,NaN,NaN,NaN,NaN
1588122000,1.7,1.8,1.6,1.6,6371795,NaN,NaN,NaN,NaN,NaN,NaN,NaN
1588208400,1.7,1.8,1.6,1.7,16373950,798590182.5,23819467000,14226941000,34450000,1356662000,9600536000,0
1588554000,1.7,1.8,1.6,1.7,4542545,NaN,NaN,NaN,NaN,NaN,NaN,NaN
1588640400,1.8,1.8,1.7,1.8,1970585,NaN,NaN,NaN,NaN,NaN,NaN,NaN
1588726800,1.8,1.9,1.7,1.8,6116955,NaN,NaN,NaN,NaN,NaN,NaN,NaN
1588899600,1.8,1.8,1.7,1.7,1968685,NaN,NaN,NaN,NaN,NaN,NaN,NaN
1589245200,1.7,1.8,1.7,1.7,3165490,NaN,NaN,NaN,NaN,NaN,NaN,NaN
1589331600,1.7,1.8,1.6,1.7,3863900,NaN,NaN,NaN,NaN,NaN,NaN,NaN
1589418000,1.7,1.8,1.7,1.7,1813740,NaN,NaN,NaN,NaN,NaN,NaN,NaN
1589504400,1.8,1.9,1.7,1.8,21615155,NaN,NaN,NaN,NaN,NaN,NaN,NaN
1589763600,1.9,2.1,1.9,2,17664030,NaN,NaN,NaN,NaN,NaN,NaN,NaN
1589850000,2.2,2.3,2,2,11110910,NaN,NaN,NaN,NaN,NaN,NaN,NaN
1589936400,2,2.1,1.9,2,11026660,NaN,NaN,NaN,NaN,NaN,NaN,NaN
1590022800,2,2.1,1.9,2,8633175,NaN,NaN,NaN,NaN,NaN,NaN,NaN
1590109200,2,2.1,1.9,2,4024895,NaN,NaN,NaN,NaN,NaN,NaN,NaN
1590541200,2,2.1,1.9,2,5157345,NaN,NaN,NaN,NaN,NaN,NaN,NaN
1590627600,1.9,2,1.9,1.9,2374705,NaN,NaN,NaN,NaN,NaN,NaN,NaN
1590714000,2,2,1.9,1.9,2604465,NaN,NaN,NaN,NaN,NaN,NaN,NaN
1590973200,2,2,1.9,2,6734375,NaN,NaN,NaN,NaN,NaN,NaN,NaN
1591059600,2,2.1,1.9,2.1,6362870,NaN,NaN,NaN,NaN,NaN,NaN,NaN
1591146000,2.1,2.2,2,2,4369125,NaN,NaN,NaN,NaN,NaN,NaN,NaN
1591232400,2.1,2.3,2.1,2.1,13353170,NaN,NaN,NaN,NaN,NaN,NaN,NaN
1591318800,2.1,2.2,2,2.1,7666895,NaN,NaN,NaN,NaN,NaN,NaN,NaN
1591664400,2.2,2.3,2.1,2.1,8303385,NaN,NaN,NaN,NaN,NaN,NaN,NaN
1591750800,2.1,2.2,2.1,2.1,1414780,NaN,NaN,NaN,NaN,NaN,NaN,NaN
1591837200,2.1,2.2,2,2,3701110,NaN,NaN,NaN,NaN,NaN,NaN,NaN
1591923600,2,2,1.9,1.9,3734585,NaN,NaN,NaN,NaN,NaN,NaN,NaN
1592182800,1.9,2,1.8,1.8,3315510,NaN,NaN,NaN,NaN,NaN,NaN,NaN
1592269200,1.9,2,1.9,1.9,1023280,NaN,NaN,NaN,NaN,NaN,NaN,NaN
1592355600,2,2,1.9,1.9,1578380,NaN,NaN,NaN,NaN,NaN,NaN,NaN
1592442000,1.9,2,1.9,1.9,3369870,NaN,NaN,NaN,NaN,NaN,NaN,NaN
1592528400,2,2,1.9,1.9,1930070,NaN,NaN,NaN,NaN,NaN,NaN,NaN
1592787600,1.9,2,1.9,1.9,3390160,NaN,NaN,NaN,NaN,NaN,NaN,NaN
1592874000,1.9,2,1.8,1.8,6044370,NaN,NaN,NaN,NaN,NaN,NaN,NaN
1592960400,1.9,1.9,1.8,1.9,1921315,NaN,NaN,NaN,NaN,NaN,NaN,NaN
1593046800,1.8,1.9,1.8,1.9,1259630,NaN,NaN,NaN,NaN,NaN,NaN,NaN
1593133200,1.9,1.9,1.8,1.9,870225,NaN,NaN,NaN,NaN,NaN,NaN,NaN
1593392400,1.8,1.9,1.8,1.8,3990165,NaN,NaN,NaN,NaN,NaN,NaN,NaN
1593478800,2,2.1,1.8,1.9,11371395,NaN,NaN,NaN,NaN,NaN,NaN,NaN
1593565200,1.9,2,1.8,2,10258515,NaN,NaN,NaN,NaN,NaN,NaN,NaN
1593651600,1.9,2,1.9,1.9,1811080,NaN,NaN,NaN,NaN,NaN,NaN,NaN
1593738000,1.9,2,1.9,2,2398085,NaN,NaN,NaN,NaN,NaN,NaN,NaN
1593997200,2,2,1.9,1.9,2825070,NaN,NaN,NaN,NaN,NaN,NaN,NaN
1594083600,1.9,2,1.9,1.9,2886050,NaN,NaN,NaN,NaN,NaN,NaN,NaN
1594170000,1.9,2,1.8,1.9,2100340,NaN,NaN,NaN,NaN,NaN,NaN,NaN
1594256400,1.9,2,1.9,1.9,685025,NaN,NaN,NaN,NaN,NaN,NaN,NaN
1594342800,1.9,2,1.8,1.9,3256820,NaN,NaN,NaN,NaN,NaN,NaN,NaN
1594602000,1.9,2,1.9,1.9,2772310,NaN,NaN,NaN,NaN,NaN,NaN,NaN
1594688400,1.9,1.9,1.8,1.8,1127500,NaN,NaN,NaN,NaN,NaN,NaN,NaN
1594774800,1.9,2,1.8,2,3948240,NaN,NaN,NaN,NaN,NaN,NaN,NaN
1594861200,2,2,1.8,1.9,1263130,NaN,NaN,NaN,NaN,NaN,NaN,NaN
1594947600,1.9,2,1.8,1.9,2547910,NaN,NaN,NaN,NaN,NaN,NaN,NaN
1595206800,1.9,2,1.8,1.8,2837080,NaN,NaN,NaN,NaN,NaN,NaN,NaN
1595293200,1.9,2,1.9,2,6264680,NaN,NaN,NaN,NaN,NaN,NaN,NaN
1595379600,2,2.2,1.9,2,29484515,NaN,NaN,NaN,NaN,NaN,NaN,NaN
1595466000,2.1,2.1,2,2.1,1459535,NaN,NaN,NaN,NaN,NaN,NaN,NaN
1595552400,1.9,2,1.9,1.9,2723300,NaN,NaN,NaN,NaN,NaN,NaN,NaN
1595811600,1.9,2,1.9,1.9,1092025,NaN,NaN,NaN,NaN,NaN,NaN,NaN
1595898000,2,2,1.9,1.9,1297250,NaN,NaN,NaN,NaN,NaN,NaN,NaN
1595984400,1.9,2,1.9,1.9,2066765,NaN,NaN,NaN,NaN,NaN,NaN,NaN
1596070800,2,2.1,1.9,1.9,8477630,798590182.5,23166574000,13734284000,185437000,1219237000,9440696000,0
1596416400,2,2,1.8,1.9,5789350,NaN,NaN,NaN,NaN,NaN,NaN,NaN
1596502800,1.9,2,1.8,1.8,5738120,NaN,NaN,NaN,NaN,NaN,NaN,NaN
1596589200,1.9,2,1.9,2,1781635,NaN,NaN,NaN,NaN,NaN,NaN,NaN
1596675600,2,2.1,1.9,2,12406145,NaN,NaN,NaN,NaN,NaN,NaN,NaN
1596762000,2,2,1.9,1.9,2163500,NaN,NaN,NaN,NaN,NaN,NaN,NaN
1597021200,2,2.1,1.9,2,10902600,NaN,NaN,NaN,NaN,NaN,NaN,NaN
1597107600,2,3.5,2,2.9,206329995,NaN,NaN,NaN,NaN,NaN,NaN,NaN
1597194000,2.6,2.9,2.4,2.7,65261755,NaN,NaN,NaN,NaN,NaN,NaN,NaN
1597280400,2.8,2.9,2.5,2.6,15446030,NaN,NaN,NaN,NaN,NaN,NaN,NaN
1597366800,2.5,2.6,2.3,2.3,22103415,NaN,NaN,NaN,NaN,NaN,NaN,NaN
1597626000,2.4,2.6,2.3,2.4,14862315,NaN,NaN,NaN,NaN,NaN,NaN,NaN
1597712400,2.5,2.6,2.4,2.5,18428210,NaN,NaN,NaN,NaN,NaN,NaN,NaN
1597798800,2.5,2.6,2.4,2.5,7506025,NaN,NaN,NaN,NaN,NaN,NaN,NaN
1597971600,2.5,2.6,2.4,2.5,5018525,NaN,NaN,NaN,NaN,NaN,NaN,NaN
1598230800,2.5,2.6,2.4,2.5,9732085,NaN,NaN,NaN,NaN,NaN,NaN,NaN
1598317200,2.6,2.6,2.4,2.4,6182775,NaN,NaN,NaN,NaN,NaN,NaN,NaN
1598403600,2.6,2.7,2.5,2.5,11323880,NaN,NaN,NaN,NaN,NaN,NaN,NaN
1598490000,2.5,2.6,2.4,2.5,8894265,NaN,NaN,NaN,NaN,NaN,NaN,NaN
1598576400,2.5,2.6,2.4,2.5,7604835,NaN,NaN,NaN,NaN,NaN,NaN,NaN
1598922000,2.5,2.6,2.5,2.5,2842820,NaN,NaN,NaN,NaN,NaN,NaN,NaN
1599008400,2.6,2.7,2.5,2.6,17620945,NaN,NaN,NaN,NaN,NaN,NaN,NaN
1599094800,2.6,2.6,2.4,2.5,7442690,NaN,NaN,NaN,NaN,NaN,NaN,NaN
1599181200,2.4,2.5,2.4,2.5,2317740,NaN,NaN,NaN,NaN,NaN,NaN,NaN
1599440400,2.4,2.5,2.4,2.4,3891410,NaN,NaN,NaN,NaN,NaN,NaN,NaN
1599526800,2.4,2.5,2.3,2.3,2952130,NaN,NaN,NaN,NaN,NaN,NaN,NaN
1599613200,2.3,2.3,2.2,2.3,5173225,NaN,NaN,NaN,NaN,NaN,NaN,NaN
1599699600,2.3,2.3,2,2.1,6925440,NaN,NaN,NaN,NaN,NaN,NaN,NaN
1599786000,2,2.2,2,2.1,9943140,NaN,NaN,NaN,NaN,NaN,NaN,NaN
1600045200,2.1,2.2,2.1,2.1,5715255,NaN,NaN,NaN,NaN,NaN,NaN,NaN
1600131600,2.2,2.4,2.1,2.3,6645945,NaN,NaN,NaN,NaN,NaN,NaN,NaN
1600304400,2.4,2.5,2.3,2.4,2437515,NaN,NaN,NaN,NaN,NaN,NaN,NaN
1600390800,2.4,2.5,2.3,2.3,4092475,NaN,NaN,NaN,NaN,NaN,NaN,NaN
1600650000,2.5,2.6,2.3,2.4,6152835,NaN,NaN,NaN,NaN,NaN,NaN,NaN
1600736400,2.4,2.5,2.3,2.4,3333865,NaN,NaN,NaN,NaN,NaN,NaN,NaN
1600822800,2.3,2.4,2.2,2.2,3706855,NaN,NaN,NaN,NaN,NaN,NaN,NaN
1600909200,2.2,2.2,2.1,2.2,2427250,NaN,NaN,NaN,NaN,NaN,NaN,NaN
1600995600,2.1,2.3,2.1,2.1,4546830,NaN,NaN,NaN,NaN,NaN,NaN,NaN
1601254800,2.1,2.3,2.1,2.2,2965355,NaN,NaN,NaN,NaN,NaN,NaN,NaN
1601341200,2.2,2.2,2.1,2.1,949410,NaN,NaN,NaN,NaN,NaN,NaN,NaN
1601427600,2.1,2.2,2,2,3205615,NaN,NaN,NaN,NaN,NaN,NaN,NaN
1601514000,2.1,2.2,2,2.2,3319330,NaN,NaN,NaN,NaN,NaN,NaN,NaN
1601600400,2.1,2.1,2,2,1107965,NaN,NaN,NaN,NaN,NaN,NaN,NaN
1601859600,2.1,2.1,2,2.1,925670,NaN,NaN,NaN,NaN,NaN,NaN,NaN
1601946000,2.1,2.1,2,2.1,964915,NaN,NaN,NaN,NaN,NaN,NaN,NaN
1602032400,2.1,2.1,2,2.1,697180,NaN,NaN,NaN,NaN,NaN,NaN,NaN
1602118800,2.1,2.1,2,2.1,477945,NaN,NaN,NaN,NaN,NaN,NaN,NaN
1602205200,2.1,2.2,2.1,2.1,2208070,NaN,NaN,NaN,NaN,NaN,NaN,NaN
1602464400,2.1,2.2,2,2.1,2574250,NaN,NaN,NaN,NaN,NaN,NaN,NaN
1602550800,2.1,2.1,2,2.1,457900,NaN,NaN,NaN,NaN,NaN,NaN,NaN
1602637200,2.1,2.1,2,2.1,556605,NaN,NaN,NaN,NaN,NaN,NaN,NaN
1602723600,2.1,2.2,2,2.1,4362180,NaN,NaN,NaN,NaN,NaN,NaN,NaN
1602810000,2.1,2.2,2,2,860000,NaN,NaN,NaN,NaN,NaN,NaN,NaN
1603069200,2,2.1,2,2.1,717345,NaN,NaN,NaN,NaN,NaN,NaN,NaN
1603155600,2.1,2.1,2,2.1,518325,NaN,NaN,NaN,NaN,NaN,NaN,NaN
1603242000,2.1,2.1,2,2,551680,NaN,NaN,NaN,NaN,NaN,NaN,NaN
1603328400,2,2.1,2,2.1,746700,NaN,NaN,NaN,NaN,NaN,NaN,NaN
1603414800,2,2.1,2,2,3301380,NaN,NaN,NaN,NaN,NaN,NaN,NaN
1603674000,2,2.1,1.9,2,3963465,NaN,NaN,NaN,NaN,NaN,NaN,NaN
1603760400,2,2.1,2,2,640495,NaN,NaN,NaN,NaN,NaN,NaN,NaN
1603846800,2,2.1,1.9,2.1,1148260,NaN,NaN,NaN,NaN,NaN,NaN,NaN
1604019600,2,2.1,1.9,2,3425840,798590182.5,23243073000,13922556000,105961000,1328379000,9330499000,0
1604278800,2,2,1.9,1.9,571370,NaN,NaN,NaN,NaN,NaN,NaN,NaN
1604365200,2,2.1,1.9,2,986810,NaN,NaN,NaN,NaN,NaN,NaN,NaN
1604451600,2,2.1,2,2,244110,NaN,NaN,NaN,NaN,NaN,NaN,NaN
1604538000,2.1,2.2,2,2.1,3241110,NaN,NaN,NaN,NaN,NaN,NaN,NaN
1604624400,2.1,2.2,2,2.1,943425,NaN,NaN,NaN,NaN,NaN,NaN,NaN
1604883600,2.1,2.2,2,2.1,7153835,NaN,NaN,NaN,NaN,NaN,NaN,NaN
1604970000,2.2,2.4,2.1,2.2,17553465,NaN,NaN,NaN,NaN,NaN,NaN,NaN
1605056400,2.4,2.4,2.2,2.2,5307205,NaN,NaN,NaN,NaN,NaN,NaN,NaN
1605142800,2.3,2.4,2.2,2.3,2841480,NaN,NaN,NaN,NaN,NaN,NaN,NaN
1605229200,2.3,2.3,2.1,2.2,3698995,NaN,NaN,NaN,NaN,NaN,NaN,NaN
1605488400,2.2,2.5,2.1,2.3,14362630,NaN,NaN,NaN,NaN,NaN,NaN,NaN
1605574800,2.6,2.6,2.3,2.4,8382305,NaN,NaN,NaN,NaN,NaN,NaN,NaN
1605661200,2.4,2.4,2.2,2.4,5187165,NaN,NaN,NaN,NaN,NaN,NaN,NaN
1605747600,2.4,2.4,2.2,2.2,5093500,NaN,NaN,NaN,NaN,NaN,NaN,NaN
1605834000,2.3,2.4,2.2,2.3,2047915,NaN,NaN,NaN,NaN,NaN,NaN,NaN
1606093200,2.3,2.5,2.3,2.4,12153060,NaN,NaN,NaN,NaN,NaN,NaN,NaN
1606179600,2.4,2.5,2.2,2.3,13792615,NaN,NaN,NaN,NaN,NaN,NaN,NaN
1606266000,2.4,2.6,2.3,2.5,19573190,NaN,NaN,NaN,NaN,NaN,NaN,NaN
1606352400,2.5,2.5,2.3,2.4,4225590,NaN,NaN,NaN,NaN,NaN,NaN,NaN
1606438800,2.4,2.4,2.3,2.3,593760,NaN,NaN,NaN,NaN,NaN,NaN,NaN
1606698000,2.4,2.5,2.3,2.3,13962180,NaN,NaN,NaN,NaN,NaN,NaN,NaN
1606784400,2.3,2.4,2.3,2.4,5255290,NaN,NaN,NaN,NaN,NaN,NaN,NaN
1606870800,2.4,2.4,2.3,2.3,1471790,NaN,NaN,NaN,NaN,NaN,NaN,NaN
1606957200,2.4,2.5,2.3,2.4,25253815,NaN,NaN,NaN,NaN,NaN,NaN,NaN
1607043600,2.5,2.6,2.4,2.5,20151115,NaN,NaN,NaN,NaN,NaN,NaN,NaN
1607302800,2.5,2.8,2.5,2.6,20368615,NaN,NaN,NaN,NaN,NaN,NaN,NaN
1607389200,2.6,2.6,2.4,2.6,5018340,NaN,NaN,NaN,NaN,NaN,NaN,NaN
1607475600,2.5,2.7,2.5,2.6,8744015,NaN,NaN,NaN,NaN,NaN,NaN,NaN
1607562000,2.6,2.6,2.5,2.5,5855350,NaN,NaN,NaN,NaN,NaN,NaN,NaN
1607648400,2.6,2.7,2.5,2.6,14373750,NaN,NaN,NaN,NaN,NaN,NaN,NaN
1607907600,2.6,2.7,2.5,2.6,6616850,NaN,NaN,NaN,NaN,NaN,NaN,NaN
1607994000,2.6,2.7,2.5,2.6,4913455,NaN,NaN,NaN,NaN,NaN,NaN,NaN
1608080400,2.6,2.7,2.5,2.6,8629725,NaN,NaN,NaN,NaN,NaN,NaN,NaN
1608166800,2.6,2.8,2.5,2.6,17640920,NaN,NaN,NaN,NaN,NaN,NaN,NaN
1608253200,2.7,2.7,2.5,2.5,4663305,NaN,NaN,NaN,NaN,NaN,NaN,NaN
1608512400,2.6,2.7,2.5,2.5,9572555,NaN,NaN,NaN,NaN,NaN,NaN,NaN
1608598800,2.5,2.6,2.4,2.5,6453540,NaN,NaN,NaN,NaN,NaN,NaN,NaN
1608685200,2.5,2.6,2.4,2.5,1697665,NaN,NaN,NaN,NaN,NaN,NaN,NaN
1608771600,2.6,2.6,2.5,2.5,1338040,NaN,NaN,NaN,NaN,NaN,NaN,NaN
1609117200,2.5,2.6,2.5,2.5,1080010,NaN,NaN,NaN,NaN,NaN,NaN,NaN
1609203600,2.5,2.6,2.5,2.5,2579645,NaN,NaN,NaN,NaN,NaN,NaN,NaN
1609290000,2.6,2.6,2.5,2.5,520825,NaN,NaN,NaN,NaN,NaN,NaN,NaN
1609376400,2.6,2.6,2.5,2.5,1965920,NaN,NaN,NaN,NaN,NaN,NaN,NaN
1609722000,2.5,2.6,2.4,2.5,11477790,NaN,NaN,NaN,NaN,NaN,NaN,NaN
1609808400,2.5,2.5,2.4,2.5,721580,NaN,NaN,NaN,NaN,NaN,NaN,NaN
1609894800,2.5,2.6,2.4,2.4,3250095,NaN,NaN,NaN,NaN,NaN,NaN,NaN
1609981200,2.5,2.5,2.4,2.4,1896055,NaN,NaN,NaN,NaN,NaN,NaN,NaN
1610067600,2.4,2.5,2.3,2.4,4341865,NaN,NaN,NaN,NaN,NaN,NaN,NaN
1610326800,2.4,2.5,2.3,2.4,3634065,NaN,NaN,NaN,NaN,NaN,NaN,NaN
1610413200,2.4,2.5,2.2,2.4,5595810,NaN,NaN,NaN,NaN,NaN,NaN,NaN
1610499600,2.4,2.5,2.4,2.5,3227685,NaN,NaN,NaN,NaN,NaN,NaN,NaN
1610586000,2.5,2.5,2.4,2.4,647835,NaN,NaN,NaN,NaN,NaN,NaN,NaN
1610672400,2.5,2.5,2.4,2.4,2703970,NaN,NaN,NaN,NaN,NaN,NaN,NaN
1610931600,2.4,2.5,2.4,2.4,1038120,NaN,NaN,NaN,NaN,NaN,NaN,NaN
1611018000,2.5,2.5,2.4,2.5,1833465,NaN,NaN,NaN,NaN,NaN,NaN,NaN
1611104400,2.5,2.6,2.4,2.4,3167095,NaN,NaN,NaN,NaN,NaN,NaN,NaN
1611190800,2.5,2.5,2.4,2.4,1333470,NaN,NaN,NaN,NaN,NaN,NaN,NaN
1611277200,2.4,2.5,2.4,2.4,577475,NaN,NaN,NaN,NaN,NaN,NaN,NaN
1611536400,2.4,2.5,2.3,2.3,3973645,NaN,NaN,NaN,NaN,NaN,NaN,NaN
1611622800,2.4,2.4,2.3,2.3,581925,NaN,NaN,NaN,NaN,NaN,NaN,NaN
1611709200,2.3,2.4,2.3,2.4,348895,NaN,NaN,NaN,NaN,NaN,NaN,NaN
1611882000,2.4,2.4,2.3,2.3,4037855,798590200,22665109000,13728359000,-50706000,1443544000,8945570000,0
1612227600,2.3,2.4,2.3,2.4,1814645,NaN,NaN,NaN,NaN,NaN,NaN,NaN
1612314000,2.4,2.5,2.3,2.4,7065935,NaN,NaN,NaN,NaN,NaN,NaN,NaN
1612400400,2.5,2.5,2.4,2.4,1675325,NaN,NaN,NaN,NaN,NaN,NaN,NaN
1612486800,2.4,2.5,2.4,2.4,2080775,NaN,NaN,NaN,NaN,NaN,NaN,NaN
1612746000,2.4,2.5,2.4,2.5,554900,NaN,NaN,NaN,NaN,NaN,NaN,NaN
1612832400,2.5,2.6,2.4,2.5,6990135,NaN,NaN,NaN,NaN,NaN,NaN,NaN
1612918800,2.4,2.5,2.4,2.5,718505,NaN,NaN,NaN,NaN,NaN,NaN,NaN
1613005200,2.6,2.7,2.5,2.6,10861570,NaN,NaN,NaN,NaN,NaN,NaN,NaN
1613350800,2.6,2.7,2.6,2.6,3336200,NaN,NaN,NaN,NaN,NaN,NaN,NaN
1613437200,2.7,2.8,2.6,2.7,8560335,NaN,NaN,NaN,NaN,NaN,NaN,NaN
1613523600,2.8,3.1,2.7,3,24629460,NaN,NaN,NaN,NaN,NaN,NaN,NaN
1613610000,3.1,3.2,3,3.1,16934910,NaN,NaN,NaN,NaN,NaN,NaN,NaN
1613696400,3,3.1,2.9,3,9488135,NaN,NaN,NaN,NaN,NaN,NaN,NaN
1613955600,3,3.1,2.9,2.9,9311030,NaN,NaN,NaN,NaN,NaN,NaN,NaN
1614042000,3,3.1,2.9,3,7457285,NaN,NaN,NaN,NaN,NaN,NaN,NaN
1614128400,3.1,3.1,2.9,2.9,2498770,NaN,NaN,NaN,NaN,NaN,NaN,NaN
1614214800,3,3.1,2.9,3,5095915,NaN,NaN,NaN,NaN,NaN,NaN,NaN
1614301200,2.9,3,2.9,2.9,2515900,NaN,NaN,NaN,NaN,NaN,NaN,NaN
1614560400,3,3.1,2.9,3,7871180,NaN,NaN,NaN,NaN,NaN,NaN,NaN
1614646800,3,3,2.9,2.9,1516590,NaN,NaN,NaN,NaN,NaN,NaN,NaN
1614733200,2.9,3,2.9,2.9,3644005,NaN,NaN,NaN,NaN,NaN,NaN,NaN
1614819600,2.9,3,2.9,2.9,3044665,NaN,NaN,NaN,NaN,NaN,NaN,NaN
1614906000,3,3.1,2.9,3,8122085,NaN,NaN,NaN,NaN,NaN,NaN,NaN
1615165200,3.2,3.4,3.1,3.2,19747855,NaN,NaN,NaN,NaN,NaN,NaN,NaN
1615251600,3.2,3.2,3.1,3.1,2007525,NaN,NaN,NaN,NaN,NaN,NaN,NaN
1615338000,3.1,3.2,3.1,3.1,3079300,NaN,NaN,NaN,NaN,NaN,NaN,NaN
1615424400,3.2,3.2,3.1,3.1,1449215,NaN,NaN,NaN,NaN,NaN,NaN,NaN
1615510800,3.2,3.3,3.1,3.2,6191950,NaN,NaN,NaN,NaN,NaN,NaN,NaN
1615770000,3.3,3.3,3.2,3.3,2670235,NaN,NaN,NaN,NaN,NaN,NaN,NaN
1615856400,3.3,3.3,3.2,3.2,2847250,NaN,NaN,NaN,NaN,NaN,NaN,NaN
1615942800,3.2,3.3,3.2,3.2,2528795,NaN,NaN,NaN,NaN,NaN,NaN,NaN
1616029200,3.2,3.3,3.2,3.3,3308420,NaN,NaN,NaN,NaN,NaN,NaN,NaN
1616115600,3.1,3.2,3.1,3.1,2295200,NaN,NaN,NaN,NaN,NaN,NaN,NaN
1616374800,3.1,3.2,3.1,3.1,1766550,NaN,NaN,NaN,NaN,NaN,NaN,NaN
1616461200,3.2,3.2,3,3,2833010,NaN,NaN,NaN,NaN,NaN,NaN,NaN
1616547600,3,3.1,2.9,3,6160110,NaN,NaN,NaN,NaN,NaN,NaN,NaN
1616634000,3,3.1,2.9,3,3026745,NaN,NaN,NaN,NaN,NaN,NaN,NaN
1616720400,3,3,2.9,3,731690,NaN,NaN,NaN,NaN,NaN,NaN,NaN
1616979600,3,3.1,2.9,2.9,2862580,NaN,NaN,NaN,NaN,NaN,NaN,NaN
1617066000,3,3.1,2.9,3,1645840,NaN,NaN,NaN,NaN,NaN,NaN,NaN
1617152400,3,3.1,2.9,2.9,3875205,NaN,NaN,NaN,NaN,NaN,NaN,NaN
1617238800,3,3,2.9,3,1161920,NaN,NaN,NaN,NaN,NaN,NaN,NaN
1617325200,3,3,2.9,2.9,1629950,NaN,NaN,NaN,NaN,NaN,NaN,NaN
1617584400,3,3,2.9,2.9,1319525,NaN,NaN,NaN,NaN,NaN,NaN,NaN
1617670800,2.9,3,2.9,2.9,2559420,NaN,NaN,NaN,NaN,NaN,NaN,NaN
1617757200,2.9,3,2.9,2.9,1872290,NaN,NaN,NaN,NaN,NaN,NaN,NaN
1617843600,3,3,2.8,2.8,2774135,NaN,NaN,NaN,NaN,NaN,NaN,NaN
1617930000,2.9,2.9,2.8,2.8,1567775,NaN,NaN,NaN,NaN,NaN,NaN,NaN
1618189200,2.9,2.9,2.7,2.8,4952950,NaN,NaN,NaN,NaN,NaN,NaN,NaN
1618275600,2.8,2.9,2.7,2.8,2111105,NaN,NaN,NaN,NaN,NaN,NaN,NaN
1618362000,2.8,2.9,2.7,2.8,4856320,NaN,NaN,NaN,NaN,NaN,NaN,NaN
1618448400,2.9,2.9,2.7,2.8,1910310,NaN,NaN,NaN,NaN,NaN,NaN,NaN
1618534800,2.8,2.8,2.7,2.8,1429120,NaN,NaN,NaN,NaN,NaN,NaN,NaN
1618794000,2.8,2.8,2.7,2.7,704275,NaN,NaN,NaN,NaN,NaN,NaN,NaN
1618880400,2.8,2.8,2.7,2.7,580690,NaN,NaN,NaN,NaN,NaN,NaN,NaN
1618966800,2.7,2.8,2.7,2.7,386635,NaN,NaN,NaN,NaN,NaN,NaN,NaN
1619053200,2.8,2.8,2.6,2.7,3127515,NaN,NaN,NaN,NaN,NaN,NaN,NaN
1619139600,2.7,2.8,2.7,2.7,369645,NaN,NaN,NaN,NaN,NaN,NaN,NaN
1619398800,2.7,2.8,2.6,2.6,1538870,NaN,NaN,NaN,NaN,NaN,NaN,NaN
1619485200,2.6,2.7,2.6,2.6,705290,NaN,NaN,NaN,NaN,NaN,NaN,NaN
1619571600,2.7,2.8,2.6,2.7,6320250,NaN,NaN,NaN,NaN,NaN,NaN,NaN
1619744400,2.8,2.9,2.7,2.7,3837955,798590211.6,23125592000,14182285000,63448000,1470594000,8955267000,0
1620003600,2.8,2.8,2.7,2.8,603920,NaN,NaN,NaN,NaN,NaN,NaN,NaN
1620090000,2.8,2.8,2.7,2.8,973920,NaN,NaN,NaN,NaN,NaN,NaN,NaN
1620176400,2.8,2.9,2.7,2.8,4495510,NaN,NaN,NaN,NaN,NaN,NaN,NaN
1620262800,2.7,2.8,2.7,2.8,1168985,NaN,NaN,NaN,NaN,NaN,NaN,NaN
1620349200,2.8,2.8,2.7,2.7,564275,NaN,NaN,NaN,NaN,NaN,NaN,NaN
1620608400,2.8,2.8,2.7,2.8,3445225,NaN,NaN,NaN,NaN,NaN,NaN,NaN
1620694800,2.8,2.8,2.6,2.7,1899730,NaN,NaN,NaN,NaN,NaN,NaN,NaN
1620781200,2.7,2.8,2.6,2.7,1035880,NaN,NaN,NaN,NaN,NaN,NaN,NaN
1621213200,2.7,2.8,2.6,2.7,1186495,NaN,NaN,NaN,NaN,NaN,NaN,NaN
1621299600,2.7,2.8,2.6,2.8,2534680,NaN,NaN,NaN,NaN,NaN,NaN,NaN
1621386000,2.7,2.8,2.6,2.7,1715095,NaN,NaN,NaN,NaN,NaN,NaN,NaN
1621472400,2.7,2.7,2.6,2.6,3687535,NaN,NaN,NaN,NaN,NaN,NaN,NaN
1621558800,2.6,2.6,2.4,2.4,2677425,NaN,NaN,NaN,NaN,NaN,NaN,NaN
1621818000,2.5,2.6,2.5,2.5,679110,NaN,NaN,NaN,NaN,NaN,NaN,NaN
1621904400,2.6,2.6,2.5,2.5,958420,NaN,NaN,NaN,NaN,NaN,NaN,NaN
1622077200,2.5,2.6,2.5,2.5,1060185,NaN,NaN,NaN,NaN,NaN,NaN,NaN
1622163600,2.5,2.6,2.5,2.6,426315,NaN,NaN,NaN,NaN,NaN,NaN,NaN
1622422800,2.4,2.5,2.4,2.4,1017115,NaN,NaN,NaN,NaN,NaN,NaN,NaN
1622509200,2.5,2.6,2.4,2.5,3815250,NaN,NaN,NaN,NaN,NaN,NaN,NaN
1622595600,2.6,2.6,2.5,2.5,1518565,NaN,NaN,NaN,NaN,NaN,NaN,NaN
1622682000,2.6,2.7,2.5,2.6,3122520,NaN,NaN,NaN,NaN,NaN,NaN,NaN
1622768400,2.6,2.8,2.5,2.8,4134885,NaN,NaN,NaN,NaN,NaN,NaN,NaN
1623114000,2.8,2.8,2.6,2.6,2157875,NaN,NaN,NaN,NaN,NaN,NaN,NaN
1623200400,2.7,2.7,2.6,2.7,474295,NaN,NaN,NaN,NaN,NaN,NaN,NaN
1623286800,2.7,2.7,2.6,2.6,391980,NaN,NaN,NaN,NaN,NaN,NaN,NaN
1623373200,2.7,2.7,2.6,2.7,424045,NaN,NaN,NaN,NaN,NaN,NaN,NaN
1623632400,2.7,2.8,2.6,2.8,3396355,NaN,NaN,NaN,NaN,NaN,NaN,NaN
1623718800,2.8,2.8,2.7,2.7,569390,NaN,NaN,NaN,NaN,NaN,NaN,NaN
1623805200,2.8,2.8,2.7,2.7,2603805,NaN,NaN,NaN,NaN,NaN,NaN,NaN
1623891600,2.8,2.8,2.7,2.7,379490,NaN,NaN,NaN,NaN,NaN,NaN,NaN
1623978000,2.7,2.8,2.6,2.8,1943335,NaN,NaN,NaN,NaN,NaN,NaN,NaN
1624237200,2.8,2.8,2.6,2.8,1139925,NaN,NaN,NaN,NaN,NaN,NaN,NaN
1624323600,2.8,2.8,2.7,2.8,424780,NaN,NaN,NaN,NaN,NaN,NaN,NaN
1624410000,2.8,2.8,2.7,2.7,442700,NaN,NaN,NaN,NaN,NaN,NaN,NaN
1624496400,2.8,2.8,2.6,2.6,1497815,NaN,NaN,NaN,NaN,NaN,NaN,NaN
1624582800,2.7,2.7,2.6,2.7,927850,NaN,NaN,NaN,NaN,NaN,NaN,NaN
1624842000,2.8,2.8,2.6,2.6,1102270,NaN,NaN,NaN,NaN,NaN,NaN,NaN
1624928400,2.7,2.7,2.6,2.6,679755,NaN,NaN,NaN,NaN,NaN,NaN,NaN
1625014800,2.6,2.7,2.5,2.5,4106625,NaN,NaN,NaN,NaN,NaN,NaN,NaN
1625101200,2.6,2.7,2.5,2.7,2352555,NaN,NaN,NaN,NaN,NaN,NaN,NaN
1625187600,2.6,2.7,2.5,2.6,1505415,NaN,NaN,NaN,NaN,NaN,NaN,NaN
1625446800,2.6,2.6,2.5,2.6,643790,NaN,NaN,NaN,NaN,NaN,NaN,NaN
1625533200,2.6,2.7,2.5,2.6,10273810,NaN,NaN,NaN,NaN,NaN,NaN,NaN
1625619600,2.6,2.6,2.5,2.6,243780,NaN,NaN,NaN,NaN,NaN,NaN,NaN
1625706000,2.6,2.6,2.4,2.5,2200335,NaN,NaN,NaN,NaN,NaN,NaN,NaN
1625792400,2.6,2.6,2.4,2.5,1831140,NaN,NaN,NaN,NaN,NaN,NaN,NaN
1626051600,2.5,2.6,2.4,2.4,1909005,NaN,NaN,NaN,NaN,NaN,NaN,NaN
1626138000,2.4,2.5,2.4,2.5,359930,NaN,NaN,NaN,NaN,NaN,NaN,NaN
1626224400,2.5,2.5,2.4,2.4,340070,NaN,NaN,NaN,NaN,NaN,NaN,NaN
1626310800,2.4,2.5,2.4,2.4,1549310,NaN,NaN,NaN,NaN,NaN,NaN,NaN
1626397200,2.4,2.5,2.4,2.4,245640,NaN,NaN,NaN,NaN,NaN,NaN,NaN
1626656400,2.5,2.5,2.4,2.4,435545,NaN,NaN,NaN,NaN,NaN,NaN,NaN
1626829200,2.4,2.5,2.3,2.5,2012170,NaN,NaN,NaN,NaN,NaN,NaN,NaN
1626915600,2.5,2.6,2.4,2.4,1497845,NaN,NaN,NaN,NaN,NaN,NaN,NaN
1627002000,2.5,2.5,2.4,2.5,778935,NaN,NaN,NaN,NaN,NaN,NaN,NaN
1627261200,2.5,2.5,2.3,2.4,3210815,NaN,NaN,NaN,NaN,NaN,NaN,NaN
1627347600,2.4,2.5,2.3,2.5,2178890,NaN,NaN,NaN,NaN,NaN,NaN,NaN
1627434000,2.4,2.5,2.4,2.4,1429115,NaN,NaN,NaN,NaN,NaN,NaN,NaN
1627520400,2.4,2.5,2.4,2.4,539425,NaN,NaN,NaN,NaN,NaN,NaN,NaN
1627606800,2.4,2.5,2.4,2.5,2592535,798590211.6,23080321000,15421634000,-1348290000,747115000,7666000000,0
1627866000,2.4,2.5,2.3,2.4,1291350,NaN,NaN,NaN,NaN,NaN,NaN,NaN
1627952400,2.4,2.4,2.3,2.4,203130,NaN,NaN,NaN,NaN,NaN,NaN,NaN
1628038800,2.4,2.4,2.3,2.4,460225,NaN,NaN,NaN,NaN,NaN,NaN,NaN
1628125200,2.3,2.4,2.3,2.3,249520,NaN,NaN,NaN,NaN,NaN,NaN,NaN
1628211600,2.3,2.4,2.3,2.3,222635,NaN,NaN,NaN,NaN,NaN,NaN,NaN
1628470800,2.3,2.4,2.3,2.3,1182705,NaN,NaN,NaN,NaN,NaN,NaN,NaN
1628643600,2.4,2.4,2.3,2.4,368000,NaN,NaN,NaN,NaN,NaN,NaN,NaN
1628730000,2.4,2.4,2.3,2.3,3588295,NaN,NaN,NaN,NaN,NaN,NaN,NaN
1628816400,2.4,2.4,2.3,2.4,489275,NaN,NaN,NaN,NaN,NaN,NaN,NaN
1629075600,2.3,2.4,2.3,2.4,227010,NaN,NaN,NaN,NaN,NaN,NaN,NaN
1629162000,2.3,2.4,2.3,2.3,105135,NaN,NaN,NaN,NaN,NaN,NaN,NaN
1629248400,2.3,2.4,2.3,2.4,199345,NaN,NaN,NaN,NaN,NaN,NaN,NaN
1629334800,2.3,2.4,2.3,2.3,114210,NaN,NaN,NaN,NaN,NaN,NaN,NaN
1629421200,2.4,2.4,2.3,2.4,153395,NaN,NaN,NaN,NaN,NaN,NaN,NaN
1629680400,2.4,2.4,2.3,2.4,186880,NaN,NaN,NaN,NaN,NaN,NaN,NaN
1629766800,2.4,2.4,2.3,2.4,276820,NaN,NaN,NaN,NaN,NaN,NaN,NaN
1629853200,2.4,2.5,2.3,2.4,5954125,NaN,NaN,NaN,NaN,NaN,NaN,NaN
1629939600,2.4,2.5,2.4,2.4,205515,NaN,NaN,NaN,NaN,NaN,NaN,NaN
1630026000,2.4,2.5,2.4,2.5,857595,NaN,NaN,NaN,NaN,NaN,NaN,NaN
1630285200,2.5,2.6,2.4,2.5,4072110,NaN,NaN,NaN,NaN,NaN,NaN,NaN
1630458000,2.5,2.6,2.5,2.6,412320,NaN,NaN,NaN,NaN,NaN,NaN,NaN
1630544400,2.5,2.5,2.4,2.4,2319870,NaN,NaN,NaN,NaN,NaN,NaN,NaN
1630630800,2.5,2.6,2.4,2.5,3725615,NaN,NaN,NaN,NaN,NaN,NaN,NaN
1630890000,2.5,2.5,2.4,2.4,840890,NaN,NaN,NaN,NaN,NaN,NaN,NaN
1630976400,2.4,2.6,2.4,2.6,2059675,NaN,NaN,NaN,NaN,NaN,NaN,NaN
1631062800,2.6,2.6,2.4,2.5,3988240,NaN,NaN,NaN,NaN,NaN,NaN,NaN
1631149200,2.5,2.6,2.5,2.5,1129445,NaN,NaN,NaN,NaN,NaN,NaN,NaN
1631235600,2.5,2.6,2.5,2.5,946835,NaN,NaN,NaN,NaN,NaN,NaN,NaN
1631494800,2.5,2.6,2.5,2.5,386015,NaN,NaN,NaN,NaN,NaN,NaN,NaN
1631581200,2.6,2.6,2.4,2.4,1665660,NaN,NaN,NaN,NaN,NaN,NaN,NaN
1631667600,2.5,2.5,2.4,2.4,548080,NaN,NaN,NaN,NaN,NaN,NaN,NaN
1631840400,2.5,2.5,2.4,2.4,2118800,NaN,NaN,NaN,NaN,NaN,NaN,NaN
1632099600,2.4,2.5,2.3,2.3,3007150,NaN,NaN,NaN,NaN,NaN,NaN,NaN
1632186000,2.4,2.4,2.3,2.3,368165,NaN,NaN,NaN,NaN,NaN,NaN,NaN
1632272400,2.3,2.4,2.3,2.3,220410,NaN,NaN,NaN,NaN,NaN,NaN,NaN
1632358800,2.4,2.4,2.3,2.3,513220,NaN,NaN,NaN,NaN,NaN,NaN,NaN
1632445200,2.3,2.4,2.2,2.3,3787200,NaN,NaN,NaN,NaN,NaN,NaN,NaN
1632704400,2.4,2.4,2.3,2.3,815890,NaN,NaN,NaN,NaN,NaN,NaN,NaN
1632790800,2.3,2.5,2.3,2.4,2711950,NaN,NaN,NaN,NaN,NaN,NaN,NaN
1632877200,2.4,2.4,2.3,2.4,581145,NaN,NaN,NaN,NaN,NaN,NaN,NaN
1632963600,2.4,2.4,2.3,2.3,2788200,NaN,NaN,NaN,NaN,NaN,NaN,NaN
1633050000,2.2,2.3,2,2,10278445,NaN,NaN,NaN,NaN,NaN,NaN,NaN
1633309200,2,2.1,1.9,2,6362555,NaN,NaN,NaN,NaN,NaN,NaN,NaN
1633395600,2,2.1,1.9,2,7196525,NaN,NaN,NaN,NaN,NaN,NaN,NaN
1633482000,2,2.1,2,2,4382825,NaN,NaN,NaN,NaN,NaN,NaN,NaN
1633568400,2,2,1.9,1.9,1011570,NaN,NaN,NaN,NaN,NaN,NaN,NaN
1633654800,2,2.1,2,2,907660,NaN,NaN,NaN,NaN,NaN,NaN,NaN
1633914000,2.1,2.2,2,2.1,2429860,NaN,NaN,NaN,NaN,NaN,NaN,NaN
1634000400,2.2,2.2,2,2.1,4661900,NaN,NaN,NaN,NaN,NaN,NaN,NaN
1634086800,2.1,2.2,2,2.1,2137690,NaN,NaN,NaN,NaN,NaN,NaN,NaN
1634173200,2.1,2.2,2.1,2.1,197010,NaN,NaN,NaN,NaN,NaN,NaN,NaN
1634259600,2.2,2.2,2.1,2.2,711595,NaN,NaN,NaN,NaN,NaN,NaN,NaN
1634518800,2.2,2.3,2.1,2.2,889585,NaN,NaN,NaN,NaN,NaN,NaN,NaN
1634691600,2.2,2.2,2.1,2.1,171430,NaN,NaN,NaN,NaN,NaN,NaN,NaN
1634778000,2.2,2.2,2.1,2.1,446785,NaN,NaN,NaN,NaN,NaN,NaN,NaN
1634864400,2.1,2.2,2,2.1,4339555,NaN,NaN,NaN,NaN,NaN,NaN,NaN
1635123600,2.1,2.2,2.1,2.1,204585,NaN,NaN,NaN,NaN,NaN,NaN,NaN
1635210000,2.2,2.2,2,2.1,884340,NaN,NaN,NaN,NaN,NaN,NaN,NaN
1635296400,2.1,2.1,2,2,453180,NaN,NaN,NaN,NaN,NaN,NaN,NaN
1635382800,2,2.1,2,2,485215,NaN,NaN,NaN,NaN,NaN,NaN,NaN
1635469200,2.1,2.1,2,2,589385,798590211.6,22127499000,15284031000,-565670000,1455920000,6848843000,0
1635728400,2.1,2.1,2,2,647825,NaN,NaN,NaN,NaN,NaN,NaN,NaN
1635814800,2,2.1,2,2,264765,NaN,NaN,NaN,NaN,NaN,NaN,NaN
1635901200,2,2.1,1.9,2,3904380,NaN,NaN,NaN,NaN,NaN,NaN,NaN
1636074000,2,2.1,2,2,1102950,NaN,NaN,NaN,NaN,NaN,NaN,NaN
1636333200,2,2.1,2,2,169690,NaN,NaN,NaN,NaN,NaN,NaN,NaN
1636419600,2.1,2.2,2,2.1,1872175,NaN,NaN,NaN,NaN,NaN,NaN,NaN
1636506000,2.1,2.2,2.1,2.1,715420,NaN,NaN,NaN,NaN,NaN,NaN,NaN
1636592400,2.1,2.1,2,2.1,262115,NaN,NaN,NaN,NaN,NaN,NaN,NaN
1636678800,2,2.1,2,2,182280,NaN,NaN,NaN,NaN,NaN,NaN,NaN
1636938000,2.1,2.1,2,2,484935,NaN,NaN,NaN,NaN,NaN,NaN,NaN
1637024400,2,2.1,2,2,2737380,NaN,NaN,NaN,NaN,NaN,NaN,NaN
1637110800,2,2.1,2,2,169405,NaN,NaN,NaN,NaN,NaN,NaN,NaN
1637197200,2,2.1,1.9,2,1068070,NaN,NaN,NaN,NaN,NaN,NaN,NaN
1637283600,2,2.1,1.9,2,1696485,NaN,NaN,NaN,NaN,NaN,NaN,NaN
1637542800,2,2,1.9,1.9,213000,NaN,NaN,NaN,NaN,NaN,NaN,NaN
1637629200,1.9,2,1.9,2,236720,NaN,NaN,NaN,NaN,NaN,NaN,NaN
1637715600,2,2,1.9,2,525985,NaN,NaN,NaN,NaN,NaN,NaN,NaN
1637802000,2,2,1.9,1.9,633435,NaN,NaN,NaN,NaN,NaN,NaN,NaN
1637888400,2,2,1.8,1.8,4296630,NaN,NaN,NaN,NaN,NaN,NaN,NaN
1638147600,1.7,1.8,1.7,1.8,1142630,NaN,NaN,NaN,NaN,NaN,NaN,NaN
1638234000,1.8,1.9,1.7,1.7,1852765,NaN,NaN,NaN,NaN,NaN,NaN,NaN
1638320400,1.8,1.8,1.7,1.7,683065,NaN,NaN,NaN,NaN,NaN,NaN,NaN
1638406800,1.7,1.8,1.6,1.6,2996795,NaN,NaN,NaN,NaN,NaN,NaN,NaN
1638752400,1.7,1.7,1.6,1.6,3537160,NaN,NaN,NaN,NaN,NaN,NaN,NaN
1638838800,1.4,1.4,0.9,1,20019175,NaN,NaN,NaN,NaN,NaN,NaN,NaN
1638925200,1,1.1,0.9,1.1,4251770,NaN,NaN,NaN,NaN,NaN,NaN,NaN
1639011600,1.1,1.2,0.9,1,8483815,NaN,NaN,NaN,NaN,NaN,NaN,NaN
1639098000,1,1.1,0.9,1,2421965,NaN,NaN,NaN,NaN,NaN,NaN,NaN
1639357200,1,1.1,1,1,833420,NaN,NaN,NaN,NaN,NaN,NaN,NaN
1639443600,1,1.1,0.9,1,2287540,NaN,NaN,NaN,NaN,NaN,NaN,NaN
1639530000,1,1.1,1,1,1368175,NaN,NaN,NaN,NaN,NaN,NaN,NaN
1639616400,1.1,1.1,1,1,493640,NaN,NaN,NaN,NaN,NaN,NaN,NaN
1639702800,1.1,1.1,0.9,0.9,6260210,NaN,NaN,NaN,NaN,NaN,NaN,NaN
1639962000,1,1,0.8,0.9,909475,NaN,NaN,NaN,NaN,NaN,NaN,NaN
1640048400,0.9,1,0.8,0.9,2432835,NaN,NaN,NaN,NaN,NaN,NaN,NaN
1640134800,0.9,0.9,0.8,0.9,1075790,NaN,NaN,NaN,NaN,NaN,NaN,NaN
1640221200,0.9,0.9,0.8,0.9,633050,NaN,NaN,NaN,NaN,NaN,NaN,NaN
1640307600,0.9,0.9,0.8,0.9,315930,NaN,NaN,NaN,NaN,NaN,NaN,NaN
1640566800,0.9,1,0.8,0.9,2052030,NaN,NaN,NaN,NaN,NaN,NaN,NaN
1640653200,0.9,1,0.9,0.9,222035,NaN,NaN,NaN,NaN,NaN,NaN,NaN
1640739600,0.9,1,0.9,1,1256390,NaN,NaN,NaN,NaN,NaN,NaN,NaN
1640826000,1,1,0.9,0.9,437505,NaN,NaN,NaN,NaN,NaN,NaN,NaN
1640912400,1,1,0.9,1,229320,NaN,NaN,NaN,NaN,NaN,NaN,NaN
1641171600,0.9,1,0.9,1,308850,NaN,NaN,NaN,NaN,NaN,NaN,NaN
1641258000,1,1,0.9,1,397505,NaN,NaN,NaN,NaN,NaN,NaN,NaN
1641344400,1,1,0.9,1,243655,NaN,NaN,NaN,NaN,NaN,NaN,NaN
1641430800,1,1,0.9,1,243180,NaN,NaN,NaN,NaN,NaN,NaN,NaN
1641517200,1,1,0.9,0.9,180745,NaN,NaN,NaN,NaN,NaN,NaN,NaN
1641776400,1,1,0.9,0.9,270155,NaN,NaN,NaN,NaN,NaN,NaN,NaN
1641862800,1,1,0.9,1,499945,NaN,NaN,NaN,NaN,NaN,NaN,NaN
1641949200,1,1.1,0.9,1,3416260,NaN,NaN,NaN,NaN,NaN,NaN,NaN
1642035600,1,1.1,0.9,1,2274815,NaN,NaN,NaN,NaN,NaN,NaN,NaN
1642122000,1,1.1,0.9,1,3134110,NaN,NaN,NaN,NaN,NaN,NaN,NaN
1642381200,1,1.1,1,1,240695,NaN,NaN,NaN,NaN,NaN,NaN,NaN
1642554000,1.1,1.1,1,1,246850,NaN,NaN,NaN,NaN,NaN,NaN,NaN
1642640400,1.1,1.1,0.9,1,3177005,NaN,NaN,NaN,NaN,NaN,NaN,NaN
1642726800,1,1,0.8,0.9,4046385,NaN,NaN,NaN,NaN,NaN,NaN,NaN
1642986000,0.9,1,0.9,0.9,227915,NaN,NaN,NaN,NaN,NaN,NaN,NaN
1643072400,0.9,1,0.9,1,340620,NaN,NaN,NaN,NaN,NaN,NaN,NaN
1643158800,0.9,1,0.9,0.9,487105,NaN,NaN,NaN,NaN,NaN,NaN,NaN
1643245200,1,1,0.9,0.9,183900,NaN,NaN,NaN,NaN,NaN,NaN,NaN
1643331600,0.9,1,0.9,0.9,106425,NaN,NaN,NaN,NaN,NaN,NaN,NaN
1643590800,0.9,1,0.9,0.9,200665,798590200,16068750000,15990764000,-1125284000,426600000,84973000,0
1643850000,1,1.1,0.9,1,3221810,NaN,NaN,NaN,NaN,NaN,NaN,NaN
1643936400,1,1.1,1,1.1,480585,NaN,NaN,NaN,NaN,NaN,NaN,NaN
1644195600,1.1,1.1,1,1,1034755,NaN,NaN,NaN,NaN,NaN,NaN,NaN
1644282000,1,1.1,0.9,1,3465955,NaN,NaN,NaN,NaN,NaN,NaN,NaN
1644368400,1,1,0.9,0.9,708955,NaN,NaN,NaN,NaN,NaN,NaN,NaN
1644454800,0.9,1,0.9,1,225160,NaN,NaN,NaN,NaN,NaN,NaN,NaN
1644541200,1,1,0.9,1,212695,NaN,NaN,NaN,NaN,NaN,NaN,NaN
1644800400,1,1,0.9,0.9,421130,NaN,NaN,NaN,NaN,NaN,NaN,NaN
1644886800,0.9,1,0.8,0.9,4411840,NaN,NaN,NaN,NaN,NaN,NaN,NaN
1644973200,0.9,0.9,0.8,0.8,734365,NaN,NaN,NaN,NaN,NaN,NaN,NaN
1645059600,0.8,0.9,0.8,0.8,369965,NaN,NaN,NaN,NaN,NaN,NaN,NaN
1645146000,0.8,0.9,0.8,0.8,332535,NaN,NaN,NaN,NaN,NaN,NaN,NaN
1645405200,0.8,0.9,0.8,0.8,1966440,NaN,NaN,NaN,NaN,NaN,NaN,NaN
1645491600,0.9,0.9,0.7,0.8,3172060,NaN,NaN,NaN,NaN,NaN,NaN,NaN
1645578000,0.8,0.9,0.7,0.8,1326430,NaN,NaN,NaN,NaN,NaN,NaN,NaN
1645664400,0.8,0.9,0.8,0.8,728815,NaN,NaN,NaN,NaN,NaN,NaN,NaN
1645750800,0.8,0.9,0.8,0.8,1866540,NaN,NaN,NaN,NaN,NaN,NaN,NaN
1646010000,0.9,0.9,0.7,0.8,2391150,NaN,NaN,NaN,NaN,NaN,NaN,NaN
1646096400,0.8,0.9,0.7,0.8,1403805,NaN,NaN,NaN,NaN,NaN,NaN,NaN
1646182800,0.8,0.9,0.7,0.8,3120605,NaN,NaN,NaN,NaN,NaN,NaN,NaN
1646269200,0.8,0.9,0.7,0.8,3165680,NaN,NaN,NaN,NaN,NaN,NaN,NaN
1646355600,0.8,0.8,0.7,0.7,440355,NaN,NaN,NaN,NaN,NaN,NaN,NaN
1646614800,0.8,0.8,0.7,0.7,1763650,NaN,NaN,NaN,NaN,NaN,NaN,NaN
1646701200,0.8,0.8,0.7,0.7,1853990,NaN,NaN,NaN,NaN,NaN,NaN,NaN
1646787600,0.8,0.8,0.6,0.8,3084470,NaN,NaN,NaN,NaN,NaN,NaN,NaN
1646874000,0.8,0.8,0.7,0.8,445560,NaN,NaN,NaN,NaN,NaN,NaN,NaN
1646960400,0.8,0.8,0.7,0.7,807055,NaN,NaN,NaN,NaN,NaN,NaN,NaN
1647219600,0.7,0.8,0.7,0.8,150960,NaN,NaN,NaN,NaN,NaN,NaN,NaN
1647306000,0.7,0.8,0.7,0.7,307140,NaN,NaN,NaN,NaN,NaN,NaN,NaN
1647392400,0.7,0.8,0.7,0.8,414245,NaN,NaN,NaN,NaN,NaN,NaN,NaN
1647478800,0.8,0.8,0.7,0.7,434010,NaN,NaN,NaN,NaN,NaN,NaN,NaN
1647565200,0.7,0.8,0.6,0.8,3560980,NaN,NaN,NaN,NaN,NaN,NaN,NaN
1647824400,0.7,0.8,0.7,0.7,2547085,NaN,NaN,NaN,NaN,NaN,NaN,NaN
1647910800,0.7,0.8,0.6,0.7,1753025,NaN,NaN,NaN,NaN,NaN,NaN,NaN
1647997200,0.7,0.7,0.6,0.6,5294735,NaN,NaN,NaN,NaN,NaN,NaN,NaN
1648083600,0.6,0.7,0.6,0.6,1255080,NaN,NaN,NaN,NaN,NaN,NaN,NaN
1648170000,0.7,0.7,0.6,0.6,2587360,NaN,NaN,NaN,NaN,NaN,NaN,NaN
1648429200,0.7,0.7,0.6,0.7,975570,NaN,NaN,NaN,NaN,NaN,NaN,NaN
1648515600,0.7,0.9,0.6,0.8,9343285,NaN,NaN,NaN,NaN,NaN,NaN,NaN
1648602000,0.8,0.9,0.7,0.8,2793430,NaN,NaN,NaN,NaN,NaN,NaN,NaN
1648688400,0.7,0.8,0.7,0.7,1238260,NaN,NaN,NaN,NaN,NaN,NaN,NaN
1648774800,0.8,0.8,0.7,0.7,349435,NaN,NaN,NaN,NaN,NaN,NaN,NaN
1649034000,0.8,0.8,0.7,0.8,884455,NaN,NaN,NaN,NaN,NaN,NaN,NaN
1649120400,0.8,0.9,0.8,0.9,1244255,NaN,NaN,NaN,NaN,NaN,NaN,NaN
1649206800,0.8,0.9,0.8,0.8,2261700,NaN,NaN,NaN,NaN,NaN,NaN,NaN
1649293200,0.9,0.9,0.8,0.8,662050,NaN,NaN,NaN,NaN,NaN,NaN,NaN
1649379600,0.9,0.9,0.8,0.8,353470,NaN,NaN,NaN,NaN,NaN,NaN,NaN
1649638800,0.8,0.9,0.8,0.8,377835,NaN,NaN,NaN,NaN,NaN,NaN,NaN
1649725200,0.8,0.9,0.7,0.8,5187775,NaN,NaN,NaN,NaN,NaN,NaN,NaN
1649811600,0.8,0.9,0.7,0.7,1267745,NaN,NaN,NaN,NaN,NaN,NaN,NaN
1649898000,0.8,0.9,0.7,0.8,2958840,NaN,NaN,NaN,NaN,NaN,NaN,NaN
1649984400,0.8,0.9,0.7,0.8,1023595,NaN,NaN,NaN,NaN,NaN,NaN,NaN
1650243600,0.8,0.9,0.8,0.9,443175,NaN,NaN,NaN,NaN,NaN,NaN,NaN
1650416400,0.8,0.9,0.8,0.8,1301890,NaN,NaN,NaN,NaN,NaN,NaN,NaN
1650502800,0.8,0.9,0.7,0.9,3928590,NaN,NaN,NaN,NaN,NaN,NaN,NaN
1650589200,0.8,0.9,0.7,0.9,1536475,NaN,NaN,NaN,NaN,NaN,NaN,NaN
1650848400,0.8,0.8,0.7,0.8,1101205,NaN,NaN,NaN,NaN,NaN,NaN,NaN
1650934800,0.8,0.9,0.7,0.8,1925480,NaN,NaN,NaN,NaN,NaN,NaN,NaN
1651021200,0.8,0.8,0.7,0.7,2068615,NaN,NaN,NaN,NaN,NaN,NaN,NaN
1651107600,0.7,0.8,0.7,0.7,2227530,NaN,NaN,NaN,NaN,NaN,NaN,NaN
1651194000,0.8,0.8,0.7,0.7,471315,798590200,16636955000.000002,16484248000,-35133000,886081000,158694000,0
1651712400,0.8,0.8,0.7,0.8,958795,NaN,NaN,NaN,NaN,NaN,NaN,NaN
1651798800,0.8,0.8,0.7,0.8,983010,NaN,NaN,NaN,NaN,NaN,NaN,NaN
1652058000,0.8,0.8,0.7,0.7,474720,NaN,NaN,NaN,NaN,NaN,NaN,NaN
1652144400,0.7,0.8,0.7,0.8,287520,NaN,NaN,NaN,NaN,NaN,NaN,NaN
1652230800,0.7,0.8,0.7,0.7,156720,NaN,NaN,NaN,NaN,NaN,NaN,NaN
1652317200,0.8,0.8,0.7,0.8,744480,NaN,NaN,NaN,NaN,NaN,NaN,NaN
1652403600,0.8,0.9,0.7,0.9,3077565,NaN,NaN,NaN,NaN,NaN,NaN,NaN
1652749200,0.9,1.6,0.9,1.5,47428145,NaN,NaN,NaN,NaN,NaN,NaN,NaN
1652835600,1.6,1.7,1.4,1.5,24378800,NaN,NaN,NaN,NaN,NaN,NaN,NaN
1652922000,1.4,1.4,1.3,1.3,8326565,NaN,NaN,NaN,NaN,NaN,NaN,NaN
1653008400,1.3,1.4,1.3,1.4,2661565,NaN,NaN,NaN,NaN,NaN,NaN,NaN
1653267600,1.8,2,1.7,1.7,40673815,NaN,NaN,NaN,NaN,NaN,NaN,NaN
1653354000,1.7,1.8,1.5,1.7,10399840,NaN,NaN,NaN,NaN,NaN,NaN,NaN
1653440400,1.7,1.8,1.6,1.7,3322700,NaN,NaN,NaN,NaN,NaN,NaN,NaN
1653526800,1.7,1.7,1.5,1.5,5531615,NaN,NaN,NaN,NaN,NaN,NaN,NaN
1653613200,1.6,1.7,1.5,1.6,4634265,NaN,NaN,NaN,NaN,NaN,NaN,NaN
1653872400,1.6,1.8,1.6,1.7,6957020,NaN,NaN,NaN,NaN,NaN,NaN,NaN
1653958800,1.7,1.7,1.5,1.7,14036430,NaN,NaN,NaN,NaN,NaN,NaN,NaN
1654045200,1.5,1.6,1.4,1.4,9891195,NaN,NaN,NaN,NaN,NaN,NaN,NaN
1654131600,1.4,1.4,1.1,1.2,14838090,NaN,NaN,NaN,NaN,NaN,NaN,NaN
1654218000,1.2,1.3,1.1,1.1,5239700,NaN,NaN,NaN,NaN,NaN,NaN,NaN
1654563600,1.1,1.2,1,1,10239720,NaN,NaN,NaN,NaN,NaN,NaN,NaN
1654650000,1,1,0.9,0.9,2509680,NaN,NaN,NaN,NaN,NaN,NaN,NaN
1654736400,0.9,1,0.9,0.9,1177965,NaN,NaN,NaN,NaN,NaN,NaN,NaN
1654822800,1,1,0.9,1,1867230,NaN,NaN,NaN,NaN,NaN,NaN,NaN
1655082000,1,1.1,0.9,1,3894085,NaN,NaN,NaN,NaN,NaN,NaN,NaN
1655168400,0.9,1,0.9,0.9,1183085,NaN,NaN,NaN,NaN,NaN,NaN,NaN
1655254800,1,1.1,0.9,1,7791440,NaN,NaN,NaN,NaN,NaN,NaN,NaN
1655341200,1,1,0.9,1,971595,NaN,NaN,NaN,NaN,NaN,NaN,NaN
1655427600,1,1.1,0.9,0.9,24211430,NaN,NaN,NaN,NaN,NaN,NaN,NaN
1655686800,0.9,1,0.8,0.8,3386065,NaN,NaN,NaN,NaN,NaN,NaN,NaN
1655773200,0.9,0.9,0.8,0.9,1031345,NaN,NaN,NaN,NaN,NaN,NaN,NaN
1655859600,0.9,1,0.8,0.8,2289840,NaN,NaN,NaN,NaN,NaN,NaN,NaN
1655946000,0.8,0.9,0.8,0.8,552280,NaN,NaN,NaN,NaN,NaN,NaN,NaN
1656032400,0.8,0.9,0.8,0.9,1099525,NaN,NaN,NaN,NaN,NaN,NaN,NaN
1656291600,0.9,1,0.8,0.9,3430355,NaN,NaN,NaN,NaN,NaN,NaN,NaN
1656378000,1,1.1,1,1,4559390,NaN,NaN,NaN,NaN,NaN,NaN,NaN
1656464400,1.1,1.1,0.9,0.9,2080190,NaN,NaN,NaN,NaN,NaN,NaN,NaN
1656550800,1,1,0.9,0.9,582875,NaN,NaN,NaN,NaN,NaN,NaN,NaN
1656637200,0.9,1,0.9,0.9,811040,NaN,NaN,NaN,NaN,NaN,NaN,NaN
1656896400,0.9,1,0.9,0.9,489895,NaN,NaN,NaN,NaN,NaN,NaN,NaN
1656982800,1,1,0.9,0.9,174825,NaN,NaN,NaN,NaN,NaN,NaN,NaN
1657069200,0.9,0.9,0.8,0.9,2569820,NaN,NaN,NaN,NaN,NaN,NaN,NaN
1657155600,0.9,0.9,0.8,0.9,429155,NaN,NaN,NaN,NaN,NaN,NaN,NaN
1657242000,0.9,0.9,0.8,0.9,1616440,NaN,NaN,NaN,NaN,NaN,NaN,NaN
1657587600,0.9,0.9,0.8,0.8,268975,NaN,NaN,NaN,NaN,NaN,NaN,NaN
1657674000,0.8,0.9,0.8,0.8,340505,NaN,NaN,NaN,NaN,NaN,NaN,NaN
1657760400,0.9,0.9,0.8,0.8,931625,NaN,NaN,NaN,NaN,NaN,NaN,NaN
1657846800,0.8,0.9,0.8,0.8,3178805,NaN,NaN,NaN,NaN,NaN,NaN,NaN
1658106000,0.8,1,0.8,0.9,5512015,NaN,NaN,NaN,NaN,NaN,NaN,NaN
1658192400,0.9,0.9,0.8,0.9,324245,NaN,NaN,NaN,NaN,NaN,NaN,NaN
1658278800,0.9,0.9,0.8,0.9,1397605,NaN,NaN,NaN,NaN,NaN,NaN,NaN
1658365200,0.8,0.9,0.8,0.9,201830,NaN,NaN,NaN,NaN,NaN,NaN,NaN
1658451600,0.9,0.9,0.8,0.9,166315,NaN,NaN,NaN,NaN,NaN,NaN,NaN
1658710800,0.9,0.9,0.8,0.9,243830,NaN,NaN,NaN,NaN,NaN,NaN,NaN
1658797200,0.8,0.9,0.8,0.9,1359775,NaN,NaN,NaN,NaN,NaN,NaN,NaN
1658883600,0.9,1,0.8,0.9,3489840,NaN,NaN,NaN,NaN,NaN,NaN,NaN
1658970000,0.9,1,0.8,0.9,585740,NaN,NaN,NaN,NaN,NaN,NaN,NaN
1659056400,0.9,1,0.8,0.8,3629935,798590200,17030891000,16853554000,118605000,1172878000,188862000,0
1659315600,0.9,0.9,0.8,0.8,797820,NaN,NaN,NaN,NaN,NaN,NaN,NaN
1659402000,0.9,0.9,0.8,0.9,2970625,NaN,NaN,NaN,NaN,NaN,NaN,NaN
1659488400,0.9,0.9,0.8,0.8,631795,NaN,NaN,NaN,NaN,NaN,NaN,NaN
1659574800,0.9,0.9,0.8,0.9,1157015,NaN,NaN,NaN,NaN,NaN,NaN,NaN
1659661200,0.9,1,0.8,0.9,2647760,NaN,NaN,NaN,NaN,NaN,NaN,NaN
1659920400,1,1,0.8,0.9,4691650,NaN,NaN,NaN,NaN,NaN,NaN,NaN
1660006800,0.9,1,0.9,1,305775,NaN,NaN,NaN,NaN,NaN,NaN,NaN
1660093200,1,1,0.9,1,313710,NaN,NaN,NaN,NaN,NaN,NaN,NaN
1660179600,1,1.1,1,1,2468360,NaN,NaN,NaN,NaN,NaN,NaN,NaN
1660266000,1,1.1,1,1.1,785745,NaN,NaN,NaN,NaN,NaN,NaN,NaN
1660525200,1.1,1.2,0.9,1,7695110,NaN,NaN,NaN,NaN,NaN,NaN,NaN
1660611600,1,1,0.9,1,1414935,NaN,NaN,NaN,NaN,NaN,NaN,NaN
1660698000,1,1,0.9,1,788115,NaN,NaN,NaN,NaN,NaN,NaN,NaN
1660784400,1,1,0.9,0.9,989550,NaN,NaN,NaN,NaN,NaN,NaN,NaN
1660870800,1,1,0.9,1,257415,NaN,NaN,NaN,NaN,NaN,NaN,NaN
1661130000,1,1,0.8,0.8,7709015,NaN,NaN,NaN,NaN,NaN,NaN,NaN
1661216400,0.9,1,0.8,0.9,2799260,NaN,NaN,NaN,NaN,NaN,NaN,NaN
1661302800,0.9,0.9,0.8,0.9,751975,NaN,NaN,NaN,NaN,NaN,NaN,NaN
1661389200,0.8,0.9,0.8,0.8,370545,NaN,NaN,NaN,NaN,NaN,NaN,NaN
1661475600,0.9,0.9,0.8,0.9,297470,NaN,NaN,NaN,NaN,NaN,NaN,NaN
1661734800,0.9,1,0.8,0.9,1491325,NaN,NaN,NaN,NaN,NaN,NaN,NaN
1661821200,0.9,1,0.8,1,884080,NaN,NaN,NaN,NaN,NaN,NaN,NaN
1661994000,0.9,1,0.8,0.9,1407235,NaN,NaN,NaN,NaN,NaN,NaN,NaN
1662080400,0.9,1,0.9,1,271980,NaN,NaN,NaN,NaN,NaN,NaN,NaN
1662339600,1,1,0.9,0.9,983125,NaN,NaN,NaN,NaN,NaN,NaN,NaN
1662426000,1,1,0.9,1,411435,NaN,NaN,NaN,NaN,NaN,NaN,NaN
1662512400,1,1,0.8,0.8,2642220,NaN,NaN,NaN,NaN,NaN,NaN,NaN
1662598800,0.8,0.9,0.8,0.8,789110,NaN,NaN,NaN,NaN,NaN,NaN,NaN
1662685200,0.9,0.9,0.8,0.9,170220,NaN,NaN,NaN,NaN,NaN,NaN,NaN
1662944400,0.9,0.9,0.8,0.9,345975,NaN,NaN,NaN,NaN,NaN,NaN,NaN
1663030800,0.8,0.9,0.8,0.9,559505,NaN,NaN,NaN,NaN,NaN,NaN,NaN
1663117200,0.8,0.9,0.8,0.8,578310,NaN,NaN,NaN,NaN,NaN,NaN,NaN
1663203600,0.8,0.9,0.8,0.8,1241390,NaN,NaN,NaN,NaN,NaN,NaN,NaN
1663549200,0.8,0.9,0.8,0.9,478815,NaN,NaN,NaN,NaN,NaN,NaN,NaN
1663635600,0.9,0.9,0.8,0.9,746570,NaN,NaN,NaN,NaN,NaN,NaN,NaN
1663722000,0.8,0.9,0.8,0.8,231695,NaN,NaN,NaN,NaN,NaN,NaN,NaN
1663808400,0.8,0.9,0.7,0.8,5837330,NaN,NaN,NaN,NaN,NaN,NaN,NaN
1663894800,0.8,0.9,0.7,0.8,3518770,NaN,NaN,NaN,NaN,NaN,NaN,NaN
1664154000,0.8,0.8,0.7,0.8,793665,NaN,NaN,NaN,NaN,NaN,NaN,NaN
1664240400,0.8,0.9,0.8,0.9,575100,NaN,NaN,NaN,NaN,NaN,NaN,NaN
1664326800,0.9,0.9,0.7,0.8,1281700,NaN,NaN,NaN,NaN,NaN,NaN,NaN
1664413200,0.8,0.9,0.7,0.7,1499575,NaN,NaN,NaN,NaN,NaN,NaN,NaN
1664499600,0.7,0.8,0.7,0.8,302930,NaN,NaN,NaN,NaN,NaN,NaN,NaN
1664758800,0.8,0.9,0.8,0.8,1109125,NaN,NaN,NaN,NaN,NaN,NaN,NaN
1664845200,0.8,0.9,0.8,0.8,425600,NaN,NaN,NaN,NaN,NaN,NaN,NaN
1664931600,0.8,0.9,0.8,0.8,280960,NaN,NaN,NaN,NaN,NaN,NaN,NaN
1665018000,0.8,0.9,0.8,0.8,513115,NaN,NaN,NaN,NaN,NaN,NaN,NaN
1665104400,0.8,0.9,0.8,0.8,124575,NaN,NaN,NaN,NaN,NaN,NaN,NaN
1665450000,0.9,0.9,0.8,0.8,681485,NaN,NaN,NaN,NaN,NaN,NaN,NaN
1665536400,0.9,0.9,0.8,0.8,286935,NaN,NaN,NaN,NaN,NaN,NaN,NaN
1665622800,0.9,0.9,0.8,0.8,224625,NaN,NaN,NaN,NaN,NaN,NaN,NaN
1665709200,0.8,0.9,0.7,0.8,4388190,NaN,NaN,NaN,NaN,NaN,NaN,NaN
1665968400,0.9,0.9,0.7,0.8,1025035,NaN,NaN,NaN,NaN,NaN,NaN,NaN
1666054800,0.8,0.9,0.8,0.8,204585,NaN,NaN,NaN,NaN,NaN,NaN,NaN
1666141200,0.8,0.9,0.8,0.8,205830,NaN,NaN,NaN,NaN,NaN,NaN,NaN
1666227600,0.8,0.9,0.8,0.8,296730,NaN,NaN,NaN,NaN,NaN,NaN,NaN
1666314000,0.8,0.9,0.8,0.8,161200,NaN,NaN,NaN,NaN,NaN,NaN,NaN
1666659600,0.8,0.9,0.8,0.9,366305,NaN,NaN,NaN,NaN,NaN,NaN,NaN
1666746000,0.9,0.9,0.7,0.8,3036410,NaN,NaN,NaN,NaN,NaN,NaN,NaN
1666832400,0.8,0.9,0.8,0.8,193810,NaN,NaN,NaN,NaN,NaN,NaN,NaN
1666918800,0.8,0.9,0.7,0.8,780410,NaN,NaN,NaN,NaN,NaN,NaN,NaN
1667178000,0.8,0.8,0.7,0.7,178125,798954000,17338438000,17029208999.999998,-45302000,1275109000,319620000,0
1667264400,0.8,0.8,0.7,0.7,194380,NaN,NaN,NaN,NaN,NaN,NaN,NaN
1667350800,0.8,0.8,0.7,0.7,180425,NaN,NaN,NaN,NaN,NaN,NaN,NaN
1667437200,0.7,0.8,0.7,0.8,224470,NaN,NaN,NaN,NaN,NaN,NaN,NaN
1667523600,0.7,0.8,0.7,0.7,286745,NaN,NaN,NaN,NaN,NaN,NaN,NaN
1667782800,0.7,0.8,0.7,0.8,242610,NaN,NaN,NaN,NaN,NaN,NaN,NaN
1667869200,0.8,0.8,0.7,0.8,225585,NaN,NaN,NaN,NaN,NaN,NaN,NaN
1667955600,0.7,0.8,0.7,0.7,212320,NaN,NaN,NaN,NaN,NaN,NaN,NaN
1668042000,0.8,0.8,0.7,0.8,250310,NaN,NaN,NaN,NaN,NaN,NaN,NaN
1668128400,0.7,0.8,0.7,0.8,301560,NaN,NaN,NaN,NaN,NaN,NaN,NaN
1668387600,0.8,0.8,0.7,0.8,309875,NaN,NaN,NaN,NaN,NaN,NaN,NaN
1668474000,0.8,0.8,0.7,0.8,193640,NaN,NaN,NaN,NaN,NaN,NaN,NaN
1668560400,0.8,0.8,0.7,0.8,321210,NaN,NaN,NaN,NaN,NaN,NaN,NaN
1668646800,0.7,0.8,0.7,0.8,496460,NaN,NaN,NaN,NaN,NaN,NaN,NaN
1668992400,0.7,0.8,0.7,0.8,497135,NaN,NaN,NaN,NaN,NaN,NaN,NaN
1669078800,0.8,0.8,0.7,0.7,525500,NaN,NaN,NaN,NaN,NaN,NaN,NaN
1669165200,0.7,0.8,0.7,0.7,370015,NaN,NaN,NaN,NaN,NaN,NaN,NaN
1669251600,0.7,0.9,0.7,0.8,3717220,NaN,NaN,NaN,NaN,NaN,NaN,NaN
1669338000,0.9,0.9,0.7,0.7,3928420,NaN,NaN,NaN,NaN,NaN,NaN,NaN
1669683600,0.7,0.8,0.7,0.7,1915485,NaN,NaN,NaN,NaN,NaN,NaN,NaN
1669770000,0.8,0.8,0.7,0.8,247975,NaN,NaN,NaN,NaN,NaN,NaN,NaN
1669856400,0.7,0.8,0.7,0.8,377030,NaN,NaN,NaN,NaN,NaN,NaN,NaN
1669942800,0.8,0.8,0.7,0.7,369780,NaN,NaN,NaN,NaN,NaN,NaN,NaN
1670202000,0.7,0.8,0.7,0.8,866035,NaN,NaN,NaN,NaN,NaN,NaN,NaN
1670288400,0.7,0.8,0.7,0.8,388240,NaN,NaN,NaN,NaN,NaN,NaN,NaN
1670374800,0.8,0.8,0.7,0.7,549505,NaN,NaN,NaN,NaN,NaN,NaN,NaN
1670461200,0.8,0.8,0.7,0.8,219450,NaN,NaN,NaN,NaN,NaN,NaN,NaN
1670547600,0.9,0.9,0.8,0.9,10417660,NaN,NaN,NaN,NaN,NaN,NaN,NaN
1670806800,0.9,0.9,0.8,0.8,465305,NaN,NaN,NaN,NaN,NaN,NaN,NaN
1670893200,0.8,0.9,0.8,0.9,357615,NaN,NaN,NaN,NaN,NaN,NaN,NaN
1670979600,0.8,0.9,0.8,0.8,486750,NaN,NaN,NaN,NaN,NaN,NaN,NaN
1671066000,0.9,0.9,0.8,0.9,197945,NaN,NaN,NaN,NaN,NaN,NaN,NaN
1671152400,0.9,0.9,0.8,0.8,3547815,NaN,NaN,NaN,NaN,NaN,NaN,NaN
1671411600,0.8,0.9,0.8,0.8,387800,NaN,NaN,NaN,NaN,NaN,NaN,NaN
1671498000,0.8,0.9,0.7,0.8,1739130,NaN,NaN,NaN,NaN,NaN,NaN,NaN
1671584400,0.8,0.8,0.7,0.8,409610,NaN,NaN,NaN,NaN,NaN,NaN,NaN
1671670800,0.8,0.8,0.7,0.7,175860,NaN,NaN,NaN,NaN,NaN,NaN,NaN
1671757200,0.8,0.8,0.7,0.8,406640,NaN,NaN,NaN,NaN,NaN,NaN,NaN
1672102800,0.8,0.8,0.7,0.8,425570,NaN,NaN,NaN,NaN,NaN,NaN,NaN
1672189200,0.8,0.8,0.7,0.8,190710,NaN,NaN,NaN,NaN,NaN,NaN,NaN
1672275600,0.7,0.8,0.7,0.8,293645,NaN,NaN,NaN,NaN,NaN,NaN,NaN
1672362000,0.7,0.8,0.7,0.7,295245,NaN,NaN,NaN,NaN,NaN,NaN,NaN
1672707600,0.8,0.8,0.7,0.7,284840,NaN,NaN,NaN,NaN,NaN,NaN,NaN
1672794000,0.8,0.9,0.7,0.9,5586985,NaN,NaN,NaN,NaN,NaN,NaN,NaN
1672880400,0.9,0.9,0.8,0.8,482205,NaN,NaN,NaN,NaN,NaN,NaN,NaN
1672966800,0.8,0.9,0.8,0.8,215175,NaN,NaN,NaN,NaN,NaN,NaN,NaN
1673226000,0.8,0.9,0.8,0.8,536805,NaN,NaN,NaN,NaN,NaN,NaN,NaN
1673312400,0.9,0.9,0.8,0.8,796490,NaN,NaN,NaN,NaN,NaN,NaN,NaN
1673398800,0.8,0.9,0.8,0.9,366585,NaN,NaN,NaN,NaN,NaN,NaN,NaN
1673485200,0.9,0.9,0.8,0.8,612310,NaN,NaN,NaN,NaN,NaN,NaN,NaN
1673571600,0.8,0.9,0.8,0.9,184605,NaN,NaN,NaN,NaN,NaN,NaN,NaN
1673830800,0.8,1.3,0.8,1,22735435,NaN,NaN,NaN,NaN,NaN,NaN,NaN
1673917200,1,1.1,0.9,1,3779225,NaN,NaN,NaN,NaN,NaN,NaN,NaN
1674003600,1,1,0.9,1,1072485,NaN,NaN,NaN,NaN,NaN,NaN,NaN
1674090000,1,1,0.9,0.9,1358055,NaN,NaN,NaN,NaN,NaN,NaN,NaN
1674176400,1,1,0.9,1,775600,NaN,NaN,NaN,NaN,NaN,NaN,NaN
1674608400,1,1.1,1,1,6644660,NaN,NaN,NaN,NaN,NaN,NaN,NaN
1674694800,1.1,1.1,1,1,4190225,NaN,NaN,NaN,NaN,NaN,NaN,NaN
1674781200,1,1.1,0.9,1,6490360,NaN,NaN,NaN,NaN,NaN,NaN,NaN
1675040400,1,1.1,0.9,1,3776435,NaN,NaN,NaN,NaN,NaN,NaN,NaN
1675126800,1,1.1,0.9,1,5139300,798954000,12703385000,15609107000,114435000,1217186000,-2879090000,0
1675299600,1,1.1,0.9,1,7753160,NaN,NaN,NaN,NaN,NaN,NaN,NaN
1675386000,1,1.1,0.9,0.9,6005610,NaN,NaN,NaN,NaN,NaN,NaN,NaN
1675731600,1,1,0.9,0.9,1134905,NaN,NaN,NaN,NaN,NaN,NaN,NaN
1675818000,1,1.1,0.9,1,15815505,NaN,NaN,NaN,NaN,NaN,NaN,NaN
1675904400,1,1.1,0.9,0.9,10061335,NaN,NaN,NaN,NaN,NaN,NaN,NaN
1675990800,1,1.1,0.9,0.9,6115845,NaN,NaN,NaN,NaN,NaN,NaN,NaN
1676250000,1,1.1,0.9,1.1,9630005,NaN,NaN,NaN,NaN,NaN,NaN,NaN
1676336400,1,1.1,0.9,0.9,3076615,NaN,NaN,NaN,NaN,NaN,NaN,NaN
1676422800,1,1,0.9,1,1522590,NaN,NaN,NaN,NaN,NaN,NaN,NaN
1676509200,1,1,0.9,1,4222910,NaN,NaN,NaN,NaN,NaN,NaN,NaN
1676595600,1,1,0.9,0.9,554740,NaN,NaN,NaN,NaN,NaN,NaN,NaN
1676854800,1,1,0.9,0.9,271955,NaN,NaN,NaN,NaN,NaN,NaN,NaN
1676941200,1,1,0.9,0.9,1208500,NaN,NaN,NaN,NaN,NaN,NaN,NaN
1677027600,0.9,1,0.9,0.9,5326060,NaN,NaN,NaN,NaN,NaN,NaN,NaN
1677114000,0.9,1,0.8,0.9,4681605,NaN,NaN,NaN,NaN,NaN,NaN,NaN
1677200400,0.9,1,0.8,0.9,4483180,NaN,NaN,NaN,NaN,NaN,NaN,NaN
1677459600,1,1,0.9,1,523390,NaN,NaN,NaN,NaN,NaN,NaN,NaN
1677546000,0.9,1,0.8,0.9,2373100,NaN,NaN,NaN,NaN,NaN,NaN,NaN
1677632400,0.9,1,0.9,0.9,353715,NaN,NaN,NaN,NaN,NaN,NaN,NaN
1677718800,0.9,1,0.9,1,162610,NaN,NaN,NaN,NaN,NaN,NaN,NaN
1677805200,1,1,0.9,0.9,144420,NaN,NaN,NaN,NaN,NaN,NaN,NaN
1678064400,0.9,1,0.9,1,503210,NaN,NaN,NaN,NaN,NaN,NaN,NaN
1678150800,1,1,0.9,0.9,273690,NaN,NaN,NaN,NaN,NaN,NaN,NaN
1678237200,0.9,1,0.9,0.9,474060,NaN,NaN,NaN,NaN,NaN,NaN,NaN
1678323600,0.9,1,0.9,1,384160,NaN,NaN,NaN,NaN,NaN,NaN,NaN
1678410000,1,1,0.9,0.9,362920,NaN,NaN,NaN,NaN,NaN,NaN,NaN
1678669200,1.1,1.2,0.9,1,14935710,NaN,NaN,NaN,NaN,NaN,NaN,NaN
1678755600,1,1,0.9,1,594415,NaN,NaN,NaN,NaN,NaN,NaN,NaN
1678842000,1,1,0.9,1,375215,NaN,NaN,NaN,NaN,NaN,NaN,NaN
1678928400,0.9,1,0.8,0.9,8500895,NaN,NaN,NaN,NaN,NaN,NaN,NaN
1679014800,0.9,1,0.9,0.9,2928410,NaN,NaN,NaN,NaN,NaN,NaN,NaN
1679274000,0.9,1,0.8,0.9,2668640,NaN,NaN,NaN,NaN,NaN,NaN,NaN
1679360400,1,1,0.8,0.9,2001770,NaN,NaN,NaN,NaN,NaN,NaN,NaN
1679446800,0.9,1,0.8,0.9,2968995,NaN,NaN,NaN,NaN,NaN,NaN,NaN
1679533200,0.9,1,0.8,0.9,1056070,NaN,NaN,NaN,NaN,NaN,NaN,NaN
1679619600,0.9,0.9,0.8,0.9,330155,NaN,NaN,NaN,NaN,NaN,NaN,NaN
1679878800,0.9,0.9,0.8,0.8,9057425,NaN,NaN,NaN,NaN,NaN,NaN,NaN
1679965200,0.8,0.9,0.7,0.8,5587215,NaN,NaN,NaN,NaN,NaN,NaN,NaN
1680051600,0.8,0.8,0.7,0.8,1099170,NaN,NaN,NaN,NaN,NaN,NaN,NaN
1680138000,0.7,0.8,0.7,0.7,6598350,NaN,NaN,NaN,NaN,NaN,NaN,NaN
1680224400,0.7,0.8,0.7,0.7,2730190,NaN,NaN,NaN,NaN,NaN,NaN,NaN
1680483600,0.8,0.8,0.7,0.7,599380,NaN,NaN,NaN,NaN,NaN,NaN,NaN
1680570000,0.7,0.8,0.7,0.7,314780,NaN,NaN,NaN,NaN,NaN,NaN,NaN
1680656400,0.8,0.8,0.7,0.8,407665,NaN,NaN,NaN,NaN,NaN,NaN,NaN
1680742800,0.7,0.8,0.7,0.8,211665,NaN,NaN,NaN,NaN,NaN,NaN,NaN
1680829200,0.8,0.8,0.7,0.8,540025,NaN,NaN,NaN,NaN,NaN,NaN,NaN
1681088400,0.8,0.8,0.7,0.7,877520,NaN,NaN,NaN,NaN,NaN,NaN,NaN
1681174800,0.8,0.8,0.7,0.8,344590,NaN,NaN,NaN,NaN,NaN,NaN,NaN
1681261200,0.7,0.8,0.7,0.7,196745,NaN,NaN,NaN,NaN,NaN,NaN,NaN
1681347600,0.7,0.8,0.7,0.8,347890,NaN,NaN,NaN,NaN,NaN,NaN,NaN
1681434000,0.7,0.8,0.7,0.8,164245,NaN,NaN,NaN,NaN,NaN,NaN,NaN
1681693200,0.8,0.8,0.7,0.7,232755,NaN,NaN,NaN,NaN,NaN,NaN,NaN
1681779600,0.8,0.8,0.7,0.7,253470,NaN,NaN,NaN,NaN,NaN,NaN,NaN
1681866000,0.8,0.8,0.7,0.8,508025,NaN,NaN,NaN,NaN,NaN,NaN,NaN
1681952400,0.8,0.8,0.7,0.7,146045,NaN,NaN,NaN,NaN,NaN,NaN,NaN
1682384400,0.7,0.8,0.7,0.7,231390,NaN,NaN,NaN,NaN,NaN,NaN,NaN
1682470800,0.7,0.8,0.7,0.7,164045,NaN,NaN,NaN,NaN,NaN,NaN,NaN
1682557200,0.7,0.8,0.7,0.7,245740,NaN,NaN,NaN,NaN,NaN,NaN,NaN
1682643600,0.8,0.8,0.7,0.7,938290,798954000,12844025000,16197083000,18862000,951726000,-3323424000,0
1682989200,0.7,0.8,0.7,0.8,298420,NaN,NaN,NaN,NaN,NaN,NaN,NaN
1683075600,0.8,0.8,0.7,0.7,128650,NaN,NaN,NaN,NaN,NaN,NaN,NaN
1683248400,0.8,0.8,0.7,0.8,898060,NaN,NaN,NaN,NaN,NaN,NaN,NaN
1683507600,0.8,0.8,0.7,0.8,1173135,NaN,NaN,NaN,NaN,NaN,NaN,NaN
1683594000,0.7,0.8,0.7,0.8,395410,NaN,NaN,NaN,NaN,NaN,NaN,NaN
1683680400,0.7,0.8,0.7,0.7,286850,NaN,NaN,NaN,NaN,NaN,NaN,NaN
1683766800,0.7,0.8,0.7,0.7,134340,NaN,NaN,NaN,NaN,NaN,NaN,NaN
1683853200,0.8,0.8,0.7,0.7,238865,NaN,NaN,NaN,NaN,NaN,NaN,NaN
1684112400,0.8,0.8,0.7,0.7,611620,NaN,NaN,NaN,NaN,NaN,NaN,NaN
1684198800,0.7,0.8,0.7,0.8,142030,NaN,NaN,NaN,NaN,NaN,NaN,NaN
1684285200,0.8,0.8,0.7,0.7,203665,NaN,NaN,NaN,NaN,NaN,NaN,NaN
1684371600,0.8,0.8,0.7,0.7,181640,NaN,NaN,NaN,NaN,NaN,NaN,NaN
1684458000,0.7,0.8,0.7,0.7,530320,NaN,NaN,NaN,NaN,NaN,NaN,NaN
1684717200,0.8,0.8,0.7,0.8,283640,NaN,NaN,NaN,NaN,NaN,NaN,NaN
1684803600,0.7,0.8,0.7,0.7,168950,NaN,NaN,NaN,NaN,NaN,NaN,NaN
1684890000,0.8,0.8,0.6,0.7,8809840,NaN,NaN,NaN,NaN,NaN,NaN,NaN
1684976400,0.7,0.7,0.6,0.7,704745,NaN,NaN,NaN,NaN,NaN,NaN,NaN
1685062800,0.7,0.7,0.6,0.7,780495,NaN,NaN,NaN,NaN,NaN,NaN,NaN
1685322000,0.7,0.8,0.7,0.7,2609975,NaN,NaN,NaN,NaN,NaN,NaN,NaN
1685408400,0.7,0.8,0.7,0.7,335540,NaN,NaN,NaN,NaN,NaN,NaN,NaN
1685494800,0.7,0.8,0.7,0.7,442100,NaN,NaN,NaN,NaN,NaN,NaN,NaN
1685581200,0.7,0.8,0.7,0.8,153870,NaN,NaN,NaN,NaN,NaN,NaN,NaN
1685667600,0.8,0.8,0.7,0.7,1331440,NaN,NaN,NaN,NaN,NaN,NaN,NaN
1686013200,0.7,0.8,0.7,0.8,206585,NaN,NaN,NaN,NaN,NaN,NaN,NaN
1686099600,0.8,0.8,0.7,0.8,375815,NaN,NaN,NaN,NaN,NaN,NaN,NaN
1686186000,0.8,0.8,0.7,0.7,162275,NaN,NaN,NaN,NaN,NaN,NaN,NaN
1686272400,0.8,0.9,0.7,0.7,5251105,NaN,NaN,NaN,NaN,NaN,NaN,NaN
1686531600,0.8,0.8,0.7,0.7,382510,NaN,NaN,NaN,NaN,NaN,NaN,NaN
1686618000,0.8,0.8,0.7,0.7,276510,NaN,NaN,NaN,NaN,NaN,NaN,NaN
1686704400,0.7,0.8,0.7,0.8,490605,NaN,NaN,NaN,NaN,NaN,NaN,NaN
1686790800,0.7,0.8,0.7,0.7,439970,NaN,NaN,NaN,NaN,NaN,NaN,NaN
1686877200,0.7,0.8,0.7,0.7,1039045,NaN,NaN,NaN,NaN,NaN,NaN,NaN
1687136400,0.7,0.8,0.7,0.7,301305,NaN,NaN,NaN,NaN,NaN,NaN,NaN
1687222800,0.7,0.8,0.7,0.7,466925,NaN,NaN,NaN,NaN,NaN,NaN,NaN
1687309200,0.7,0.8,0.7,0.7,212755,NaN,NaN,NaN,NaN,NaN,NaN,NaN
1687395600,0.7,0.8,0.7,0.8,510920,NaN,NaN,NaN,NaN,NaN,NaN,NaN
1687482000,0.8,0.8,0.7,0.8,605725,NaN,NaN,NaN,NaN,NaN,NaN,NaN
1687741200,0.7,0.8,0.7,0.7,557645,NaN,NaN,NaN,NaN,NaN,NaN,NaN
1687827600,0.8,0.8,0.7,0.7,2743080,NaN,NaN,NaN,NaN,NaN,NaN,NaN
1687914000,0.7,0.8,0.7,0.7,672960,NaN,NaN,NaN,NaN,NaN,NaN,NaN
1688086800,0.8,0.8,0.7,0.7,748745,NaN,NaN,NaN,NaN,NaN,NaN,NaN
1688346000,0.7,0.8,0.7,0.7,449620,NaN,NaN,NaN,NaN,NaN,NaN,NaN
1688432400,0.8,0.8,0.7,0.7,788950,NaN,NaN,NaN,NaN,NaN,NaN,NaN
1688518800,0.8,0.8,0.7,0.8,68055,NaN,NaN,NaN,NaN,NaN,NaN,NaN
1688605200,0.8,0.8,0.7,0.8,244225,NaN,NaN,NaN,NaN,NaN,NaN,NaN
1688691600,0.8,0.8,0.7,0.7,111885,NaN,NaN,NaN,NaN,NaN,NaN,NaN
1688950800,0.7,0.8,0.7,0.8,207885,NaN,NaN,NaN,NaN,NaN,NaN,NaN
1689037200,0.7,0.8,0.7,0.8,264295,NaN,NaN,NaN,NaN,NaN,NaN,NaN
1689123600,0.7,0.8,0.7,0.8,233455,NaN,NaN,NaN,NaN,NaN,NaN,NaN
1689210000,0.7,0.8,0.7,0.8,345380,NaN,NaN,NaN,NaN,NaN,NaN,NaN
1689296400,0.7,0.8,0.7,0.8,583365,NaN,NaN,NaN,NaN,NaN,NaN,NaN
1689555600,0.7,0.8,0.7,0.8,211855,NaN,NaN,NaN,NaN,NaN,NaN,NaN
1689642000,0.7,0.8,0.7,0.8,126580,NaN,NaN,NaN,NaN,NaN,NaN,NaN
1689814800,0.8,0.8,0.7,0.7,382540,NaN,NaN,NaN,NaN,NaN,NaN,NaN
1689901200,0.8,0.8,0.7,0.7,346330,NaN,NaN,NaN,NaN,NaN,NaN,NaN
1690160400,0.8,0.8,0.7,0.7,395205,NaN,NaN,NaN,NaN,NaN,NaN,NaN
1690246800,0.8,0.8,0.7,0.8,481580,NaN,NaN,NaN,NaN,NaN,NaN,NaN
1690333200,0.7,0.8,0.7,0.7,190965,NaN,NaN,NaN,NaN,NaN,NaN,NaN
1690419600,0.7,0.8,0.7,0.7,229680,NaN,NaN,NaN,NaN,NaN,NaN,NaN
1690506000,0.8,0.8,0.7,0.7,285720,NaN,NaN,NaN,NaN,NaN,NaN,NaN
1690765200,0.8,0.8,0.7,0.7,368110,798954000,13404046000,16418432000,-22461000,1143157000,-2979315000,0
1690851600,0.8,1,0.7,0.8,25327690,NaN,NaN,NaN,NaN,NaN,NaN,NaN
1690938000,0.8,0.9,0.8,0.8,793240,NaN,NaN,NaN,NaN,NaN,NaN,NaN
1691024400,0.9,0.9,0.8,0.9,442495,NaN,NaN,NaN,NaN,NaN,NaN,NaN
1691110800,0.9,0.9,0.8,0.9,781255,NaN,NaN,NaN,NaN,NaN,NaN,NaN
1691370000,0.9,1.2,0.8,1,23427605,NaN,NaN,NaN,NaN,NaN,NaN,NaN
1691456400,1.1,1.3,1,1.1,14745730,NaN,NaN,NaN,NaN,NaN,NaN,NaN
1691542800,1.2,1.3,1.1,1.1,4628920,NaN,NaN,NaN,NaN,NaN,NaN,NaN
1691629200,1.2,1.2,1.1,1.2,1826560,NaN,NaN,NaN,NaN,NaN,NaN,NaN
1691715600,1.2,1.2,1.1,1.2,3929250,NaN,NaN,NaN,NaN,NaN,NaN,NaN
1691974800,1.2,1.2,1,1.1,12053100,NaN,NaN,NaN,NaN,NaN,NaN,NaN
1692061200,1.1,1.2,1,1.1,3917740,NaN,NaN,NaN,NaN,NaN,NaN,NaN
1692147600,1.1,1.2,1,1.1,3283655,NaN,NaN,NaN,NaN,NaN,NaN,NaN
1692234000,1.1,1.2,1,1.1,3069750,NaN,NaN,NaN,NaN,NaN,NaN,NaN
1692320400,1.1,1.1,1,1,507315,NaN,NaN,NaN,NaN,NaN,NaN,NaN
1692579600,1,1.1,1,1.1,779025,NaN,NaN,NaN,NaN,NaN,NaN,NaN
1692666000,1,1.1,1,1,238975,NaN,NaN,NaN,NaN,NaN,NaN,NaN
1692752400,1.1,1.1,1,1,370445,NaN,NaN,NaN,NaN,NaN,NaN,NaN
1692838800,1,1.2,1,1,5986485,NaN,NaN,NaN,NaN,NaN,NaN,NaN
1692925200,1.1,1.1,1,1.1,479890,NaN,NaN,NaN,NaN,NaN,NaN,NaN
1693184400,1,1.1,1,1,313720,NaN,NaN,NaN,NaN,NaN,NaN,NaN
1693270800,1,1.1,1,1,468870,NaN,NaN,NaN,NaN,NaN,NaN,NaN
1693357200,1.1,1.1,1,1,684660,NaN,NaN,NaN,NaN,NaN,NaN,NaN
1693530000,1.1,1.2,1,1.1,6047810,NaN,NaN,NaN,NaN,NaN,NaN,NaN
1693789200,1.1,1.2,1.1,1.1,1311100,NaN,NaN,NaN,NaN,NaN,NaN,NaN
1693875600,1.1,1.2,1.1,1.1,3307045,NaN,NaN,NaN,NaN,NaN,NaN,NaN
1693962000,1.1,1.3,1.1,1.2,10079380,NaN,NaN,NaN,NaN,NaN,NaN,NaN
1694048400,1.2,1.2,1.1,1.2,1017675,NaN,NaN,NaN,NaN,NaN,NaN,NaN
1694134800,1.2,1.2,1.1,1.1,425210,NaN,NaN,NaN,NaN,NaN,NaN,NaN
1694394000,1.1,1.2,1.1,1.1,568440,NaN,NaN,NaN,NaN,NaN,NaN,NaN
1694480400,1.1,1.2,1.1,1.2,396750,NaN,NaN,NaN,NaN,NaN,NaN,NaN
1694566800,1.2,1.2,1.1,1.1,501690,NaN,NaN,NaN,NaN,NaN,NaN,NaN
1694653200,1.2,1.2,1.1,1.2,307900,NaN,NaN,NaN,NaN,NaN,NaN,NaN
1694739600,1.2,1.3,1.1,1.1,9800570,NaN,NaN,NaN,NaN,NaN,NaN,NaN
1694998800,1.2,1.2,1.1,1.2,1894355,NaN,NaN,NaN,NaN,NaN,NaN,NaN
1695085200,1.2,1.3,1,1.1,17028795,NaN,NaN,NaN,NaN,NaN,NaN,NaN
1695171600,1.1,1.1,1,1.1,798465,NaN,NaN,NaN,NaN,NaN,NaN,NaN
1695258000,1.1,1.1,1,1,720925,NaN,NaN,NaN,NaN,NaN,NaN,NaN
1695344400,1.1,1.1,1,1.1,476905,NaN,NaN,NaN,NaN,NaN,NaN,NaN
1695603600,1.1,1.1,1,1.1,309355,NaN,NaN,NaN,NaN,NaN,NaN,NaN
1695690000,1,1.1,1,1,310300,NaN,NaN,NaN,NaN,NaN,NaN,NaN
1695776400,1.1,1.1,1,1.1,282720,NaN,NaN,NaN,NaN,NaN,NaN,NaN
1695949200,1.1,1.2,1.1,1.1,4567890,NaN,NaN,NaN,NaN,NaN,NaN,NaN
1696208400,1.1,1.2,1,1,2648810,NaN,NaN,NaN,NaN,NaN,NaN,NaN
1696294800,1.1,1.1,1,1,569555,NaN,NaN,NaN,NaN,NaN,NaN,NaN
1696381200,1.1,1.1,1,1,275655,NaN,NaN,NaN,NaN,NaN,NaN,NaN
1696467600,1,1.1,1,1,1222325,NaN,NaN,NaN,NaN,NaN,NaN,NaN
1696554000,1,1.1,0.9,1,9023285,NaN,NaN,NaN,NaN,NaN,NaN,NaN
1696813200,1,1.1,1,1.1,2077870,NaN,NaN,NaN,NaN,NaN,NaN,NaN
1696899600,1,1.1,1,1,388225,NaN,NaN,NaN,NaN,NaN,NaN,NaN
1696986000,1,1.1,1,1.1,3303590,NaN,NaN,NaN,NaN,NaN,NaN,NaN
1697072400,1.1,1.1,0.9,1,1462530,NaN,NaN,NaN,NaN,NaN,NaN,NaN
1697158800,1,1.1,1,1.1,2759145,NaN,NaN,NaN,NaN,NaN,NaN,NaN
1697418000,1,1.1,0.9,1,1860970,NaN,NaN,NaN,NaN,NaN,NaN,NaN
1697504400,1,1,0.9,1,743765,NaN,NaN,NaN,NaN,NaN,NaN,NaN
1697590800,1,1,0.9,1,1466105,NaN,NaN,NaN,NaN,NaN,NaN,NaN
1697677200,1,1,0.9,0.9,146665,NaN,NaN,NaN,NaN,NaN,NaN,NaN
1697763600,1,1.1,0.9,1.1,1841325,NaN,NaN,NaN,NaN,NaN,NaN,NaN
1698022800,1.1,1.1,0.9,1,2816020,NaN,NaN,NaN,NaN,NaN,NaN,NaN
1698109200,1,1,0.9,1,302135,NaN,NaN,NaN,NaN,NaN,NaN,NaN
1698195600,1,1,0.9,1,233095,NaN,NaN,NaN,NaN,NaN,NaN,NaN
1698282000,1,1,0.9,1,186460,NaN,NaN,NaN,NaN,NaN,NaN,NaN
1698368400,1,1,0.9,0.9,131695,NaN,NaN,NaN,NaN,NaN,NaN,NaN
1698627600,1,1,0.9,0.9,143645,NaN,NaN,NaN,NaN,NaN,NaN,NaN
1698714000,1,1,0.9,1,107700,798954000,14519427000,17820817000,-159021000,1103933000,-3266494000,0
1698800400,1,1,0.9,0.9,129260,NaN,NaN,NaN,NaN,NaN,NaN,NaN
1698886800,0.9,1,0.9,0.9,88330,NaN,NaN,NaN,NaN,NaN,NaN,NaN
1698973200,1,1,0.9,1,58975,NaN,NaN,NaN,NaN,NaN,NaN,NaN
1699232400,0.9,1,0.9,0.9,462870,NaN,NaN,NaN,NaN,NaN,NaN,NaN
1699318800,1,1,0.9,0.9,284250,NaN,NaN,NaN,NaN,NaN,NaN,NaN
1699405200,0.9,1,0.9,0.9,135005,NaN,NaN,NaN,NaN,NaN,NaN,NaN
1699491600,1,1,0.9,1,373480,NaN,NaN,NaN,NaN,NaN,NaN,NaN
1699578000,1,1,0.9,0.9,107580,NaN,NaN,NaN,NaN,NaN,NaN,NaN
1699923600,1,1,0.9,1,253235,NaN,NaN,NaN,NaN,NaN,NaN,NaN
1700010000,0.9,1,0.9,0.9,331625,NaN,NaN,NaN,NaN,NaN,NaN,NaN
1700096400,0.9,1,0.9,0.9,126625,NaN,NaN,NaN,NaN,NaN,NaN,NaN
1700182800,1,1,0.9,0.9,116650,NaN,NaN,NaN,NaN,NaN,NaN,NaN
1700442000,0.9,1,0.9,1,589625,NaN,NaN,NaN,NaN,NaN,NaN,NaN
1700528400,0.9,1,0.9,0.9,182095,NaN,NaN,NaN,NaN,NaN,NaN,NaN
1700614800,1,1,0.9,0.9,316675,NaN,NaN,NaN,NaN,NaN,NaN,NaN
1700701200,0.9,1,0.9,0.9,153630,NaN,NaN,NaN,NaN,NaN,NaN,NaN
1700787600,1,1,0.9,1,274000,NaN,NaN,NaN,NaN,NaN,NaN,NaN
1701046800,1,1,0.9,0.9,240980,NaN,NaN,NaN,NaN,NaN,NaN,NaN
1701133200,0.9,1,0.9,1,492180,NaN,NaN,NaN,NaN,NaN,NaN,NaN
1701219600,0.9,1,0.9,0.9,395935,NaN,NaN,NaN,NaN,NaN,NaN,NaN
1701306000,0.9,1,0.9,0.9,212105,NaN,NaN,NaN,NaN,NaN,NaN,NaN
1701392400,1,1,0.9,0.9,328305,NaN,NaN,NaN,NaN,NaN,NaN,NaN
1701651600,0.9,0.9,0.8,0.9,2837620,NaN,NaN,NaN,NaN,NaN,NaN,NaN
1701738000,0.9,0.9,0.7,0.8,10977750,NaN,NaN,NaN,NaN,NaN,NaN,NaN
1701824400,0.8,0.9,0.7,0.8,969635,NaN,NaN,NaN,NaN,NaN,NaN,NaN
1701910800,0.8,0.9,0.8,0.8,148860,NaN,NaN,NaN,NaN,NaN,NaN,NaN
1701997200,0.8,0.9,0.8,0.9,280180,NaN,NaN,NaN,NaN,NaN,NaN,NaN
1702256400,0.8,0.9,0.8,0.8,512320,NaN,NaN,NaN,NaN,NaN,NaN,NaN
1702342800,0.8,0.9,0.8,0.9,85955,NaN,NaN,NaN,NaN,NaN,NaN,NaN
1702429200,0.8,1,0.8,1,4806235,NaN,NaN,NaN,NaN,NaN,NaN,NaN
1702515600,1,1.1,1,1,9684095,NaN,NaN,NaN,NaN,NaN,NaN,NaN
1702602000,1,1.1,0.9,1,1584220,NaN,NaN,NaN,NaN,NaN,NaN,NaN
1702861200,1,1,0.9,0.9,515395,NaN,NaN,NaN,NaN,NaN,NaN,NaN
1702947600,0.9,1,0.9,0.9,249380,NaN,NaN,NaN,NaN,NaN,NaN,NaN
1703034000,1,1,0.9,0.9,141620,NaN,NaN,NaN,NaN,NaN,NaN,NaN
1703120400,0.9,1,0.9,1,148960,NaN,NaN,NaN,NaN,NaN,NaN,NaN
1703206800,1,1,0.9,0.9,237985,NaN,NaN,NaN,NaN,NaN,NaN,NaN
1703552400,0.9,1,0.9,1,333295,NaN,NaN,NaN,NaN,NaN,NaN,NaN
1703638800,1,1,0.9,0.9,216685,NaN,NaN,NaN,NaN,NaN,NaN,NaN
1703725200,0.9,1,0.9,1,336645,NaN,NaN,NaN,NaN,NaN,NaN,NaN
1703811600,1,1,0.9,0.9,415675,NaN,NaN,NaN,NaN,NaN,NaN,NaN
1704157200,0.9,1.1,0.9,1.1,5058190,NaN,NaN,NaN,NaN,NaN,NaN,NaN
1704243600,1.1,1.1,1,1,1535185,NaN,NaN,NaN,NaN,NaN,NaN,NaN
1704330000,1.1,1.1,1,1.1,471530,NaN,NaN,NaN,NaN,NaN,NaN,NaN
1704416400,1.1,1.1,0.9,1,11678365,NaN,NaN,NaN,NaN,NaN,NaN,NaN
1704675600,1,1,0.9,1,4535870,NaN,NaN,NaN,NaN,NaN,NaN,NaN
1704762000,0.9,1,0.9,1,228530,NaN,NaN,NaN,NaN,NaN,NaN,NaN
1704848400,1,1,0.9,1,173620,NaN,NaN,NaN,NaN,NaN,NaN,NaN
1704934800,1,1,0.9,1,196325,NaN,NaN,NaN,NaN,NaN,NaN,NaN
1705021200,1,1,0.9,1,358930,NaN,NaN,NaN,NaN,NaN,NaN,NaN
1705280400,1,1,0.9,1,201190,NaN,NaN,NaN,NaN,NaN,NaN,NaN
1705366800,0.9,1,0.9,1,172840,NaN,NaN,NaN,NaN,NaN,NaN,NaN
1705453200,1,1,0.9,0.9,315080,NaN,NaN,NaN,NaN,NaN,NaN,NaN
1705539600,0.9,1,0.9,1,754555,NaN,NaN,NaN,NaN,NaN,NaN,NaN
1705626000,0.9,1.1,0.9,0.9,11675890,NaN,NaN,NaN,NaN,NaN,NaN,NaN
1705885200,1,1,0.9,0.9,214615,NaN,NaN,NaN,NaN,NaN,NaN,NaN
1705971600,1,1,0.9,0.9,401855,NaN,NaN,NaN,NaN,NaN,NaN,NaN
1706058000,0.9,1,0.9,1,196865,NaN,NaN,NaN,NaN,NaN,NaN,NaN
1706230800,1,1,0.9,0.9,1241425,NaN,NaN,NaN,NaN,NaN,NaN,NaN
1706490000,1,1,0.9,1,165200,NaN,NaN,NaN,NaN,NaN,NaN,NaN
1706576400,1,1,0.9,1,4376255,NaN,NaN,NaN,NaN,NaN,NaN,NaN
1706662800,0.9,1,0.8,0.9,4175110,918797100,13995889000,18216969000,-276824000,1119678000,-4182858000,0
1706835600,1,1,0.9,0.9,2087225,NaN,NaN,NaN,NaN,NaN,NaN,NaN
1707094800,1,1,0.9,0.9,682095,NaN,NaN,NaN,NaN,NaN,NaN,NaN
1707181200,0.9,1,0.9,0.9,109945,NaN,NaN,NaN,NaN,NaN,NaN,NaN
1707267600,0.9,1,0.9,0.9,161940,NaN,NaN,NaN,NaN,NaN,NaN,NaN
1707354000,0.9,1,0.9,1,167615,NaN,NaN,NaN,NaN,NaN,NaN,NaN
1707440400,0.9,1,0.9,1,206935,NaN,NaN,NaN,NaN,NaN,NaN,NaN
1707786000,1,1,0.9,0.9,79290,NaN,NaN,NaN,NaN,NaN,NaN,NaN
1707872400,0.9,1,0.9,1,226715,NaN,NaN,NaN,NaN,NaN,NaN,NaN
1707958800,1,1,0.9,0.9,174180,NaN,NaN,NaN,NaN,NaN,NaN,NaN
1708045200,0.9,1,0.9,0.9,180315,NaN,NaN,NaN,NaN,NaN,NaN,NaN
1708304400,1,1,0.9,1,470940,NaN,NaN,NaN,NaN,NaN,NaN,NaN
1708390800,1,1,0.9,1,1030690,NaN,NaN,NaN,NaN,NaN,NaN,NaN
1708477200,0.9,1,0.9,1,179020,NaN,NaN,NaN,NaN,NaN,NaN,NaN
1708563600,1,1,0.9,1,248330,NaN,NaN,NaN,NaN,NaN,NaN,NaN
1708650000,1,1,0.9,1,92085,NaN,NaN,NaN,NaN,NaN,NaN,NaN
1708909200,0.9,1,0.9,0.9,393425,NaN,NaN,NaN,NaN,NaN,NaN,NaN
1708995600,0.9,1,0.9,0.9,366255,NaN,NaN,NaN,NaN,NaN,NaN,NaN
1709082000,1,1,0.9,0.9,288220,NaN,NaN,NaN,NaN,NaN,NaN,NaN
1709168400,0.9,1,0.9,1,281065,NaN,NaN,NaN,NaN,NaN,NaN,NaN
1709254800,1,1,0.9,0.9,138120,NaN,NaN,NaN,NaN,NaN,NaN,NaN
1709514000,0.9,1,0.9,1,487755,NaN,NaN,NaN,NaN,NaN,NaN,NaN
1709600400,0.9,1,0.9,0.9,4429210,NaN,NaN,NaN,NaN,NaN,NaN,NaN
1709686800,0.9,1,0.9,1,431905,NaN,NaN,NaN,NaN,NaN,NaN,NaN
1709773200,1,1,0.9,1,193150,NaN,NaN,NaN,NaN,NaN,NaN,NaN
1709859600,0.9,1,0.9,0.9,971450,NaN,NaN,NaN,NaN,NaN,NaN,NaN
1710118800,1,1,0.8,0.9,2521435,NaN,NaN,NaN,NaN,NaN,NaN,NaN
1710205200,0.9,0.9,0.8,0.9,450345,NaN,NaN,NaN,NaN,NaN,NaN,NaN
1710291600,0.9,0.9,0.8,0.9,341945,NaN,NaN,NaN,NaN,NaN,NaN,NaN
1710378000,0.8,0.9,0.8,0.8,257770,NaN,NaN,NaN,NaN,NaN,NaN,NaN
1710464400,0.8,0.9,0.8,0.9,101845,NaN,NaN,NaN,NaN,NaN,NaN,NaN
1710723600,0.9,1,0.9,1,3070465,NaN,NaN,NaN,NaN,NaN,NaN,NaN
1710810000,0.9,1,0.9,0.9,413685,NaN,NaN,NaN,NaN,NaN,NaN,NaN
1710896400,0.9,1,0.9,0.9,72035,NaN,NaN,NaN,NaN,NaN,NaN,NaN
1710982800,0.9,1,0.9,1,199360,NaN,NaN,NaN,NaN,NaN,NaN,NaN
1711069200,0.9,1,0.9,0.9,135625,NaN,NaN,NaN,NaN,NaN,NaN,NaN
1711328400,1,1,0.8,0.8,7229995,NaN,NaN,NaN,NaN,NaN,NaN,NaN
1711414800,0.9,1,0.8,1,3362680,NaN,NaN,NaN,NaN,NaN,NaN,NaN
1711501200,0.9,1,0.9,1,59350,NaN,NaN,NaN,NaN,NaN,NaN,NaN
1711674000,0.9,1,0.9,1,221840,NaN,NaN,NaN,NaN,NaN,NaN,NaN
1711933200,0.9,1,0.8,1,1658815,NaN,NaN,NaN,NaN,NaN,NaN,NaN
1712019600,0.9,1,0.9,0.9,122225,NaN,NaN,NaN,NaN,NaN,NaN,NaN
1712106000,0.9,1,0.9,1,117695,NaN,NaN,NaN,NaN,NaN,NaN,NaN
1712192400,1,1,0.9,1,158260,NaN,NaN,NaN,NaN,NaN,NaN,NaN
1712278800,1,1,0.9,0.9,400540,NaN,NaN,NaN,NaN,NaN,NaN,NaN
1712538000,0.9,1,0.9,1,368495,NaN,NaN,NaN,NaN,NaN,NaN,NaN
1712624400,1,1,0.9,1,67580,NaN,NaN,NaN,NaN,NaN,NaN,NaN
1712883600,1,1,0.9,1,163105,NaN,NaN,NaN,NaN,NaN,NaN,NaN
1713142800,0.9,1,0.9,1,299730,NaN,NaN,NaN,NaN,NaN,NaN,NaN
1713229200,1,1,0.8,1,6111355,NaN,NaN,NaN,NaN,NaN,NaN,NaN
1713315600,0.9,1,0.8,0.9,2435955,NaN,NaN,NaN,NaN,NaN,NaN,NaN
1713402000,0.9,1,0.9,0.9,518775,NaN,NaN,NaN,NaN,NaN,NaN,NaN
1713488400,0.9,1,0.9,0.9,806280,NaN,NaN,NaN,NaN,NaN,NaN,NaN
1713747600,0.9,0.9,0.9,0.9,0,NaN,NaN,NaN,NaN,NaN,NaN,NaN
1713834000,1,1.1,0.9,0.9,4712510,NaN,NaN,NaN,NaN,NaN,NaN,NaN
1713920400,1,1,0.9,0.9,956145,NaN,NaN,NaN,NaN,NaN,NaN,NaN
1714006800,0.9,1,0.8,0.9,6205085,NaN,NaN,NaN,NaN,NaN,NaN,NaN
1714093200,0.9,0.9,0.8,0.9,546590,NaN,NaN,NaN,NaN,NaN,NaN,NaN
1714352400,0.9,0.9,0.8,0.9,1083920,NaN,NaN,NaN,NaN,NaN,NaN,NaN
1714438800,0.9,1,0.9,0.9,334580,918797100,14280918000,18615554000,99075000,1176416000,-4160049000,0
1714611600,0.9,1,0.9,1,590100,NaN,NaN,NaN,NaN,NaN,NaN,NaN
1714698000,1,1,0.9,0.9,659750,NaN,NaN,NaN,NaN,NaN,NaN,NaN
1714957200,0.9,1,0.8,0.9,2004890,NaN,NaN,NaN,NaN,NaN,NaN,NaN
1715043600,0.9,1,0.8,1,823570,NaN,NaN,NaN,NaN,NaN,NaN,NaN
1715130000,1,1,0.9,1,1407225,NaN,NaN,NaN,NaN,NaN,NaN,NaN
1715216400,1,1,0.9,1,656650,NaN,NaN,NaN,NaN,NaN,NaN,NaN
1715302800,1,1,0.9,0.9,288760,NaN,NaN,NaN,NaN,NaN,NaN,NaN
1715562000,0.9,1,0.9,0.9,548785,NaN,NaN,NaN,NaN,NaN,NaN,NaN
1715648400,0.9,1,0.9,0.9,4120505,NaN,NaN,NaN,NaN,NaN,NaN,NaN
1715734800,0.9,1,0.9,0.9,604825,NaN,NaN,NaN,NaN,NaN,NaN,NaN
1715821200,0.9,1,0.9,0.9,2350505,NaN,NaN,NaN,NaN,NaN,NaN,NaN
1715907600,0.9,1,0.8,0.9,1293300,NaN,NaN,NaN,NaN,NaN,NaN,NaN
1716166800,1,1,0.9,0.9,1627720,NaN,NaN,NaN,NaN,NaN,NaN,NaN
1716253200,0.9,1,0.9,0.9,2810020,NaN,NaN,NaN,NaN,NaN,NaN,NaN
1716426000,0.9,1,0.9,0.9,1244775,NaN,NaN,NaN,NaN,NaN,NaN,NaN
1716512400,0.9,0.9,0.8,0.9,1446480,NaN,NaN,NaN,NaN,NaN,NaN,NaN
1716771600,0.9,0.9,0.8,0.9,2022115,NaN,NaN,NaN,NaN,NaN,NaN,NaN
1716858000,0.9,0.9,0.8,0.9,462535,NaN,NaN,NaN,NaN,NaN,NaN,NaN
1716944400,0.9,0.9,0.8,0.8,149055,NaN,NaN,NaN,NaN,NaN,NaN,NaN
1717030800,0.8,0.9,0.8,0.9,157445,NaN,NaN,NaN,NaN,NaN,NaN,NaN
1717117200,0.9,0.9,0.8,0.9,158585,NaN,NaN,NaN,NaN,NaN,NaN,NaN
1717462800,0.9,0.9,0.8,0.9,283720,NaN,NaN,NaN,NaN,NaN,NaN,NaN
1717549200,0.9,0.9,0.8,0.9,783825,NaN,NaN,NaN,NaN,NaN,NaN,NaN
1717635600,0.8,0.9,0.8,0.8,488135,NaN,NaN,NaN,NaN,NaN,NaN,NaN
1717722000,0.9,0.9,0.8,0.8,489085,NaN,NaN,NaN,NaN,NaN,NaN,NaN
1717981200,0.9,0.9,0.8,0.9,176070,NaN,NaN,NaN,NaN,NaN,NaN,NaN
1718067600,0.9,0.9,0.8,0.9,1538850,NaN,NaN,NaN,NaN,NaN,NaN,NaN
1718154000,0.8,0.9,0.8,0.8,5031575,NaN,NaN,NaN,NaN,NaN,NaN,NaN
1718240400,0.8,0.9,0.7,0.8,7963100,NaN,NaN,NaN,NaN,NaN,NaN,NaN
1718326800,0.9,0.9,0.8,0.8,1243655,NaN,NaN,NaN,NaN,NaN,NaN,NaN
1718672400,0.8,0.9,0.8,0.8,408155,NaN,NaN,NaN,NaN,NaN,NaN,NaN
1718758800,0.8,0.9,0.8,0.8,1101430,NaN,NaN,NaN,NaN,NaN,NaN,NaN
1718845200,0.8,0.8,0.7,0.8,1089380,NaN,NaN,NaN,NaN,NaN,NaN,NaN
1718931600,0.8,0.9,0.7,0.8,1134385,NaN,NaN,NaN,NaN,NaN,NaN,NaN
1719190800,0.8,0.9,0.7,0.8,760100,NaN,NaN,NaN,NaN,NaN,NaN,NaN
1719277200,0.8,0.9,0.7,0.8,626025,NaN,NaN,NaN,NaN,NaN,NaN,NaN
1719363600,0.8,0.8,0.7,0.8,395015,NaN,NaN,NaN,NaN,NaN,NaN,NaN
1719450000,0.8,0.8,0.7,0.7,344055,NaN,NaN,NaN,NaN,NaN,NaN,NaN
1719536400,0.8,0.9,0.7,0.8,1030965,NaN,NaN,NaN,NaN,NaN,NaN,NaN
1719795600,0.8,0.9,0.8,0.9,131340,NaN,NaN,NaN,NaN,NaN,NaN,NaN
1719882000,0.9,0.9,0.8,0.9,494865,NaN,NaN,NaN,NaN,NaN,NaN,NaN
1719968400,0.9,0.9,0.8,0.8,237120,NaN,NaN,NaN,NaN,NaN,NaN,NaN
1720054800,0.8,0.9,0.8,0.8,105150,NaN,NaN,NaN,NaN,NaN,NaN,NaN
1720141200,0.9,0.9,0.8,0.9,67075,NaN,NaN,NaN,NaN,NaN,NaN,NaN
1720486800,0.9,0.9,0.8,0.8,188320,NaN,NaN,NaN,NaN,NaN,NaN,NaN
1720573200,0.8,0.9,0.8,0.9,241235,NaN,NaN,NaN,NaN,NaN,NaN,NaN
1720659600,0.9,0.9,0.8,0.8,271025,NaN,NaN,NaN,NaN,NaN,NaN,NaN
1720746000,0.8,0.9,0.8,0.8,470045,NaN,NaN,NaN,NaN,NaN,NaN,NaN
1721005200,0.8,0.9,0.8,0.9,243700,NaN,NaN,NaN,NaN,NaN,NaN,NaN
1721091600,0.8,0.9,0.8,0.8,242275,NaN,NaN,NaN,NaN,NaN,NaN,NaN
1721178000,0.8,0.9,0.8,0.8,457775,NaN,NaN,NaN,NaN,NaN,NaN,NaN
1721264400,0.8,0.9,0.8,0.8,169450,NaN,NaN,NaN,NaN,NaN,NaN,NaN
1721350800,0.8,0.9,0.8,0.9,389310,NaN,NaN,NaN,NaN,NaN,NaN,NaN
1721610000,0.9,0.9,0.7,0.8,6171970,NaN,NaN,NaN,NaN,NaN,NaN,NaN
1721696400,0.8,0.8,0.7,0.8,2726735,NaN,NaN,NaN,NaN,NaN,NaN,NaN
1721782800,0.8,0.8,0.7,0.8,286315,NaN,NaN,NaN,NaN,NaN,NaN,NaN
1721869200,0.8,0.8,0.7,0.8,125220,NaN,NaN,NaN,NaN,NaN,NaN,NaN
1721955600,0.7,0.8,0.7,0.8,65155,NaN,NaN,NaN,NaN,NaN,NaN,NaN
1722214800,0.8,0.8,0.7,0.8,448920,NaN,NaN,NaN,NaN,NaN,NaN,NaN
1722301200,0.8,0.8,0.7,0.8,153725,NaN,NaN,NaN,NaN,NaN,NaN,NaN
1722387600,0.8,0.8,0.7,0.7,89740,918797100,14394660000,18081947000,245980000,1208559000,-3514086000,0
1722474000,0.8,0.8,0.7,0.7,75445,NaN,NaN,NaN,NaN,NaN,NaN,NaN
1722560400,0.8,0.8,0.7,0.7,175580,NaN,NaN,NaN,NaN,NaN,NaN,NaN
1722819600,0.7,0.8,0.6,0.7,4879445,NaN,NaN,NaN,NaN,NaN,NaN,NaN
1722906000,0.7,0.8,0.7,0.7,326210,NaN,NaN,NaN,NaN,NaN,NaN,NaN
1722992400,0.7,0.8,0.7,0.8,104300,NaN,NaN,NaN,NaN,NaN,NaN,NaN
1723078800,0.8,0.8,0.7,0.7,76295,NaN,NaN,NaN,NaN,NaN,NaN,NaN
1723165200,0.8,0.8,0.7,0.7,136660,NaN,NaN,NaN,NaN,NaN,NaN,NaN
1723424400,0.8,0.8,0.7,0.7,126355,NaN,NaN,NaN,NaN,NaN,NaN,NaN
1723510800,0.7,0.8,0.7,0.7,123460,NaN,NaN,NaN,NaN,NaN,NaN,NaN
1723597200,0.7,0.8,0.7,0.7,66045,NaN,NaN,NaN,NaN,NaN,NaN,NaN
1723683600,0.7,0.8,0.7,0.7,112600,NaN,NaN,NaN,NaN,NaN,NaN,NaN
1723770000,0.7,0.8,0.7,0.8,157320,NaN,NaN,NaN,NaN,NaN,NaN,NaN
1724029200,0.8,0.8,0.7,0.7,120245,NaN,NaN,NaN,NaN,NaN,NaN,NaN
1724115600,0.7,0.8,0.7,0.7,197430,NaN,NaN,NaN,NaN,NaN,NaN,NaN
1724202000,0.8,0.8,0.7,0.7,187245,NaN,NaN,NaN,NaN,NaN,NaN,NaN
1724288400,0.8,0.8,0.7,0.8,36080,NaN,NaN,NaN,NaN,NaN,NaN,NaN
1724374800,0.7,0.8,0.7,0.8,252520,NaN,NaN,NaN,NaN,NaN,NaN,NaN
1724634000,0.8,0.8,0.7,0.7,44140,NaN,NaN,NaN,NaN,NaN,NaN,NaN
1724720400,0.7,0.8,0.7,0.7,136090,NaN,NaN,NaN,NaN,NaN,NaN,NaN
1724806800,0.8,0.8,0.7,0.7,156530,NaN,NaN,NaN,NaN,NaN,NaN,NaN
1724893200,0.7,0.8,0.7,0.8,40165,NaN,NaN,NaN,NaN,NaN,NaN,NaN
1724979600,0.8,0.8,0.7,0.7,179200,NaN,NaN,NaN,NaN,NaN,NaN,NaN
1725238800,0.7,0.8,0.7,0.7,104640,NaN,NaN,NaN,NaN,NaN,NaN,NaN
1725325200,0.7,0.8,0.7,0.7,19875,NaN,NaN,NaN,NaN,NaN,NaN,NaN
1725411600,0.7,0.8,0.7,0.8,26035,NaN,NaN,NaN,NaN,NaN,NaN,NaN
1725498000,0.8,0.8,0.7,0.8,86555,NaN,NaN,NaN,NaN,NaN,NaN,NaN
1725584400,0.7,0.8,0.7,0.7,53015,NaN,NaN,NaN,NaN,NaN,NaN,NaN
1725843600,0.7,0.8,0.7,0.7,250785,NaN,NaN,NaN,NaN,NaN,NaN,NaN
1725930000,0.8,0.8,0.7,0.7,86090,NaN,NaN,NaN,NaN,NaN,NaN,NaN
1726016400,0.7,0.7,0.6,0.7,2481775,NaN,NaN,NaN,NaN,NaN,NaN,NaN
1726102800,0.7,0.7,0.6,0.7,220920,NaN,NaN,NaN,NaN,NaN,NaN,NaN
1726189200,0.7,0.7,0.6,0.7,358295,NaN,NaN,NaN,NaN,NaN,NaN,NaN
1726534800,0.7,0.7,0.6,0.7,527980,NaN,NaN,NaN,NaN,NaN,NaN,NaN
1726621200,0.7,0.7,0.6,0.7,299140,NaN,NaN,NaN,NaN,NaN,NaN,NaN
1726707600,0.7,0.7,0.6,0.7,88475,NaN,NaN,NaN,NaN,NaN,NaN,NaN
1726794000,0.7,0.8,0.6,0.7,783780,NaN,NaN,NaN,NaN,NaN,NaN,NaN
1727053200,0.7,0.8,0.7,0.8,143975,NaN,NaN,NaN,NaN,NaN,NaN,NaN
1727139600,0.8,0.8,0.7,0.7,56900,NaN,NaN,NaN,NaN,NaN,NaN,NaN
1727226000,0.7,0.8,0.7,0.8,271770,NaN,NaN,NaN,NaN,NaN,NaN,NaN
1727312400,0.8,0.8,0.7,0.8,178535,NaN,NaN,NaN,NaN,NaN,NaN,NaN
1727398800,0.7,0.8,0.6,0.8,3022255,NaN,NaN,NaN,NaN,NaN,NaN,NaN
1727658000,0.7,0.8,0.6,0.7,1482305,NaN,NaN,NaN,NaN,NaN,NaN,NaN
1727744400,0.7,0.8,0.6,0.8,1880970,NaN,NaN,NaN,NaN,NaN,NaN,NaN
1727830800,0.8,0.8,0.7,0.7,215155,NaN,NaN,NaN,NaN,NaN,NaN,NaN
1727917200,0.7,0.8,0.7,0.7,150385,NaN,NaN,NaN,NaN,NaN,NaN,NaN
1728003600,0.7,0.8,0.7,0.7,132970,NaN,NaN,NaN,NaN,NaN,NaN,NaN
1728262800,0.7,0.8,0.7,0.7,334730,NaN,NaN,NaN,NaN,NaN,NaN,NaN
1728349200,0.7,0.8,0.7,0.7,169345,NaN,NaN,NaN,NaN,NaN,NaN,NaN
1728435600,0.7,0.8,0.6,0.7,1569255,NaN,NaN,NaN,NaN,NaN,NaN,NaN
1728522000,0.7,0.7,0.6,0.6,107865,NaN,NaN,NaN,NaN,NaN,NaN,NaN
1728608400,0.7,0.7,0.6,0.7,179885,NaN,NaN,NaN,NaN,NaN,NaN,NaN
1728867600,0.7,0.7,0.6,0.6,250500,NaN,NaN,NaN,NaN,NaN,NaN,NaN
1728954000,0.7,0.7,0.6,0.7,369600,NaN,NaN,NaN,NaN,NaN,NaN,NaN
1729040400,0.7,0.7,0.6,0.7,127685,NaN,NaN,NaN,NaN,NaN,NaN,NaN
1729126800,0.6,0.7,0.6,0.6,113545,NaN,NaN,NaN,NaN,NaN,NaN,NaN
1729213200,0.7,0.7,0.6,0.7,125635,NaN,NaN,NaN,NaN,NaN,NaN,NaN
1729472400,0.6,0.7,0.6,0.7,182580,NaN,NaN,NaN,NaN,NaN,NaN,NaN
1729558800,0.7,0.7,0.6,0.7,169525,NaN,NaN,NaN,NaN,NaN,NaN,NaN
1729645200,0.7,0.7,0.6,0.6,259035,NaN,NaN,NaN,NaN,NaN,NaN,NaN
1729731600,0.6,0.7,0.6,0.7,244115,NaN,NaN,NaN,NaN,NaN,NaN,NaN
1729818000,0.7,0.7,0.6,0.7,106535,NaN,NaN,NaN,NaN,NaN,NaN,NaN
1730077200,0.7,0.7,0.6,0.6,147510,NaN,NaN,NaN,NaN,NaN,NaN,NaN
1730163600,0.6,0.7,0.6,0.6,404460,NaN,NaN,NaN,NaN,NaN,NaN,NaN
1730250000,0.6,0.7,0.6,0.7,30600,918797100,13651487000,17508738000,120220000,1152896000,-3691822000,0
1730422800,0.6,0.7,0.6,0.7,425135,NaN,NaN,NaN,NaN,NaN,NaN,NaN
1730682000,0.6,0.7,0.6,0.7,73740,NaN,NaN,NaN,NaN,NaN,NaN,NaN
1730768400,0.6,0.7,0.6,0.6,133205,NaN,NaN,NaN,NaN,NaN,NaN,NaN
1730854800,0.6,0.7,0.6,0.6,199890,NaN,NaN,NaN,NaN,NaN,NaN,NaN
1730941200,0.6,0.7,0.6,0.6,178650,NaN,NaN,NaN,NaN,NaN,NaN,NaN
1731027600,0.6,0.7,0.6,0.7,475575,NaN,NaN,NaN,NaN,NaN,NaN,NaN
1731286800,0.6,0.7,0.6,0.7,278935,NaN,NaN,NaN,NaN,NaN,NaN,NaN
1731373200,0.6,0.7,0.6,0.6,275770,NaN,NaN,NaN,NaN,NaN,NaN,NaN
1731459600,0.6,0.7,0.6,0.6,266000,NaN,NaN,NaN,NaN,NaN,NaN,NaN
1731546000,0.7,0.7,0.6,0.7,46725,NaN,NaN,NaN,NaN,NaN,NaN,NaN
1731632400,0.7,0.7,0.6,0.6,404325,NaN,NaN,NaN,NaN,NaN,NaN,NaN
1731891600,0.6,0.7,0.6,0.6,175005,NaN,NaN,NaN,NaN,NaN,NaN,NaN
1731978000,0.6,0.7,0.6,0.7,329030,NaN,NaN,NaN,NaN,NaN,NaN,NaN
1732064400,0.6,0.7,0.6,0.6,212325,NaN,NaN,NaN,NaN,NaN,NaN,NaN
1732150800,0.6,0.7,0.6,0.7,396275,NaN,NaN,NaN,NaN,NaN,NaN,NaN
1732237200,0.6,0.7,0.6,0.6,191960,NaN,NaN,NaN,NaN,NaN,NaN,NaN
1732496400,0.7,0.7,0.6,0.6,746330,NaN,NaN,NaN,NaN,NaN,NaN,NaN
1732582800,0.6,0.7,0.6,0.6,259145,NaN,NaN,NaN,NaN,NaN,NaN,NaN
1732669200,0.7,0.7,0.6,0.6,404000,NaN,NaN,NaN,NaN,NaN,NaN,NaN
1732755600,0.7,0.8,0.6,0.8,5631285,NaN,NaN,NaN,NaN,NaN,NaN,NaN
1732842000,0.8,0.9,0.7,0.8,2997925,NaN,NaN,NaN,NaN,NaN,NaN,NaN
1733101200,0.8,0.8,0.7,0.8,2471155,NaN,NaN,NaN,NaN,NaN,NaN,NaN
1733187600,0.8,0.8,0.6,0.6,4369335,NaN,NaN,NaN,NaN,NaN,NaN,NaN
1733274000,0.7,0.7,0.6,0.7,1751985,NaN,NaN,NaN,NaN,NaN,NaN,NaN
1733360400,0.7,0.7,0.6,0.6,251415,NaN,NaN,NaN,NaN,NaN,NaN,NaN
1733446800,0.6,0.7,0.6,0.7,212300,NaN,NaN,NaN,NaN,NaN,NaN,NaN
1733706000,0.7,0.7,0.6,0.6,342540,NaN,NaN,NaN,NaN,NaN,NaN,NaN
1733792400,0.7,0.7,0.6,0.7,478875,NaN,NaN,NaN,NaN,NaN,NaN,NaN
1733878800,0.7,0.7,0.6,0.7,285765,NaN,NaN,NaN,NaN,NaN,NaN,NaN
1733965200,0.6,0.7,0.6,0.7,583475,NaN,NaN,NaN,NaN,NaN,NaN,NaN
1734051600,0.6,0.7,0.6,0.7,693460,NaN,NaN,NaN,NaN,NaN,NaN,NaN
1734310800,0.7,0.7,0.6,0.6,189890,NaN,NaN,NaN,NaN,NaN,NaN,NaN
1734397200,0.6,0.7,0.6,0.7,46260,NaN,NaN,NaN,NaN,NaN,NaN,NaN
1734483600,0.7,0.7,0.6,0.7,143070,NaN,NaN,NaN,NaN,NaN,NaN,NaN
1734570000,0.6,0.7,0.6,0.7,118645,NaN,NaN,NaN,NaN,NaN,NaN,NaN
1734656400,0.6,0.7,0.6,0.6,190350,NaN,NaN,NaN,NaN,NaN,NaN,NaN
1734915600,0.7,0.7,0.6,0.6,111200,NaN,NaN,NaN,NaN,NaN,NaN,NaN
1735002000,0.6,0.7,0.6,0.7,40550,NaN,NaN,NaN,NaN,NaN,NaN,NaN
1735174800,0.6,0.7,0.6,0.6,201470,NaN,NaN,NaN,NaN,NaN,NaN,NaN
1735261200,0.6,0.7,0.6,0.6,123295,NaN,NaN,NaN,NaN,NaN,NaN,NaN
1735520400,0.7,0.7,0.6,0.7,396490,NaN,NaN,NaN,NaN,NaN,NaN,NaN
1735606800,0.7,0.7,0.6,0.6,428910,NaN,NaN,NaN,NaN,NaN,NaN,NaN
1735779600,0.7,0.7,0.6,0.6,658565,NaN,NaN,NaN,NaN,NaN,NaN,NaN
1735866000,0.7,0.7,0.6,0.7,103710,NaN,NaN,NaN,NaN,NaN,NaN,NaN
1736125200,0.6,0.7,0.6,0.6,233810,NaN,NaN,NaN,NaN,NaN,NaN,NaN
1736211600,0.6,0.7,0.6,0.6,73935,NaN,NaN,NaN,NaN,NaN,NaN,NaN
1736298000,0.6,0.7,0.6,0.6,246745,NaN,NaN,NaN,NaN,NaN,NaN,NaN
1736384400,0.6,0.7,0.6,0.7,339165,NaN,NaN,NaN,NaN,NaN,NaN,NaN
1736470800,0.7,0.7,0.6,0.7,124855,NaN,NaN,NaN,NaN,NaN,NaN,NaN
1736730000,0.6,0.7,0.6,0.6,203255,NaN,NaN,NaN,NaN,NaN,NaN,NaN
1736816400,0.7,0.7,0.6,0.7,270755,NaN,NaN,NaN,NaN,NaN,NaN,NaN
1736902800,0.7,0.7,0.6,0.6,294810,NaN,NaN,NaN,NaN,NaN,NaN,NaN
1736989200,0.7,0.7,0.6,0.6,166280,NaN,NaN,NaN,NaN,NaN,NaN,NaN
1737075600,0.7,0.7,0.6,0.7,146805,NaN,NaN,NaN,NaN,NaN,NaN,NaN
1737334800,0.6,0.7,0.6,0.6,248590,NaN,NaN,NaN,NaN,NaN,NaN,NaN
1737421200,0.7,0.7,0.6,0.7,103465,NaN,NaN,NaN,NaN,NaN,NaN,NaN
1737507600,0.6,0.7,0.6,0.6,77705,NaN,NaN,NaN,NaN,NaN,NaN,NaN
1737594000,0.7,0.7,0.6,0.6,496940,NaN,NaN,NaN,NaN,NaN,NaN,NaN
1737680400,0.6,0.7,0.6,0.6,559395,NaN,NaN,NaN,NaN,NaN,NaN,NaN
1737939600,0.7,0.7,0.6,0.7,135130,NaN,NaN,NaN,NaN,NaN,NaN,NaN
1738026000,0.6,0.7,0.6,0.7,434435,NaN,NaN,NaN,NaN,NaN,NaN,NaN
1738285200,0.7,0.7,0.6,0.6,198040,918797100,14406112000,18008085000,-204340000,1186372000,-3441827000,0
1738544400,0.7,0.7,0.6,0.6,320690,NaN,NaN,NaN,NaN,NaN,NaN,NaN
1738630800,0.6,0.7,0.6,0.6,109710,NaN,NaN,NaN,NaN,NaN,NaN,NaN
1738717200,0.7,0.7,0.6,0.6,116440,NaN,NaN,NaN,NaN,NaN,NaN,NaN
1738803600,0.7,0.7,0.6,0.6,196480,NaN,NaN,NaN,NaN,NaN,NaN,NaN
1738890000,0.7,0.7,0.6,0.6,197840,NaN,NaN,NaN,NaN,NaN,NaN,NaN
1739149200,0.6,0.7,0.6,0.7,307380,NaN,NaN,NaN,NaN,NaN,NaN,NaN
1739322000,0.7,0.7,0.6,0.6,93775,NaN,NaN,NaN,NaN,NaN,NaN,NaN
1739408400,0.7,0.7,0.6,0.7,228380,NaN,NaN,NaN,NaN,NaN,NaN,NaN
1739494800,0.7,0.7,0.6,0.6,84615,NaN,NaN,NaN,NaN,NaN,NaN,NaN
1739754000,0.7,0.7,0.6,0.6,312300,NaN,NaN,NaN,NaN,NaN,NaN,NaN
1739840400,0.6,0.7,0.6,0.7,474115,NaN,NaN,NaN,NaN,NaN,NaN,NaN
1739926800,0.6,0.7,0.6,0.6,358745,NaN,NaN,NaN,NaN,NaN,NaN,NaN
1740013200,0.6,0.7,0.6,0.6,130245,NaN,NaN,NaN,NaN,NaN,NaN,NaN
1740099600,0.6,0.7,0.6,0.6,161725,NaN,NaN,NaN,NaN,NaN,NaN,NaN
1740358800,0.6,0.7,0.6,0.6,121920,NaN,NaN,NaN,NaN,NaN,NaN,NaN
1740445200,0.6,0.7,0.6,0.6,233895,NaN,NaN,NaN,NaN,NaN,NaN,NaN
1740531600,0.6,0.7,0.6,0.6,298585,NaN,NaN,NaN,NaN,NaN,NaN,NaN
1740618000,0.7,0.8,0.6,0.7,12922855,NaN,NaN,NaN,NaN,NaN,NaN,NaN
1740704400,0.8,0.8,0.6,0.7,3602040,NaN,NaN,NaN,NaN,NaN,NaN,NaN
1740963600,0.7,0.7,0.6,0.7,341350,NaN,NaN,NaN,NaN,NaN,NaN,NaN
1741050000,0.6,0.7,0.6,0.6,261680,NaN,NaN,NaN,NaN,NaN,NaN,NaN
1741136400,0.6,0.7,0.6,0.7,588390,NaN,NaN,NaN,NaN,NaN,NaN,NaN
1741222800,0.7,0.7,0.6,0.7,766680,NaN,NaN,NaN,NaN,NaN,NaN,NaN
1741309200,0.7,0.7,0.6,0.7,755060,NaN,NaN,NaN,NaN,NaN,NaN,NaN
1741568400,0.7,0.8,0.6,0.7,7449860,NaN,NaN,NaN,NaN,NaN,NaN,NaN
1741654800,0.7,0.7,0.6,0.7,2482390,NaN,NaN,NaN,NaN,NaN,NaN,NaN
1741741200,0.8,0.9,0.7,0.8,9181865,NaN,NaN,NaN,NaN,NaN,NaN,NaN
1741827600,0.8,1,0.8,0.9,8702130,NaN,NaN,NaN,NaN,NaN,NaN,NaN
1741914000,1,1,0.9,1,2069945,NaN,NaN,NaN,NaN,NaN,NaN,NaN
1742173200,0.9,1,0.8,0.9,7372825,NaN,NaN,NaN,NaN,NaN,NaN,NaN
1742346000,0.9,1,0.8,0.9,6334595,NaN,NaN,NaN,NaN,NaN,NaN,NaN
1742432400,0.9,1,0.8,0.8,1747365,NaN,NaN,NaN,NaN,NaN,NaN,NaN
1742518800,0.8,0.9,0.8,0.9,409835,NaN,NaN,NaN,NaN,NaN,NaN,NaN
1742778000,0.9,0.9,0.8,0.9,629660,NaN,NaN,NaN,NaN,NaN,NaN,NaN
1742864400,0.9,0.9,0.8,0.9,289940,NaN,NaN,NaN,NaN,NaN,NaN,NaN
1742950800,0.9,0.9,0.8,0.9,389105,NaN,NaN,NaN,NaN,NaN,NaN,NaN
1743037200,0.9,0.9,0.8,0.9,210440,NaN,NaN,NaN,NaN,NaN,NaN,NaN
1743123600,0.9,1,0.9,0.9,2392510,NaN,NaN,NaN,NaN,NaN,NaN,NaN
1743555600,0.9,1,0.9,1,1130145,NaN,NaN,NaN,NaN,NaN,NaN,NaN
1743642000,0.9,1,0.9,0.9,2393090,NaN,NaN,NaN,NaN,NaN,NaN,NaN
1743728400,0.9,1,0.8,0.9,2193110,NaN,NaN,NaN,NaN,NaN,NaN,NaN
1743987600,0.9,0.9,0.8,0.8,1228665,NaN,NaN,NaN,NaN,NaN,NaN,NaN
1744074000,0.9,0.9,0.8,0.8,244405,NaN,NaN,NaN,NaN,NaN,NaN,NaN
1744160400,0.9,0.9,0.8,0.9,1098015,NaN,NaN,NaN,NaN,NaN,NaN,NaN
1744246800,0.9,1,0.8,0.9,2931175,NaN,NaN,NaN,NaN,NaN,NaN,NaN
1744333200,0.9,0.9,0.8,0.9,124950,NaN,NaN,NaN,NaN,NaN,NaN,NaN
1744592400,0.9,0.9,0.8,0.9,149315,NaN,NaN,NaN,NaN,NaN,NaN,NaN
1744678800,0.9,0.9,0.8,0.8,123330,NaN,NaN,NaN,NaN,NaN,NaN,NaN
1744765200,0.8,0.9,0.8,0.9,406535,NaN,NaN,NaN,NaN,NaN,NaN,NaN
1744851600,0.9,0.9,0.8,0.9,354065,NaN,NaN,NaN,NaN,NaN,NaN,NaN
1744938000,0.9,0.9,0.8,0.9,477745,NaN,NaN,NaN,NaN,NaN,NaN,NaN
1745197200,0.9,0.9,0.8,0.9,373980,NaN,NaN,NaN,NaN,NaN,NaN,NaN
1745283600,0.9,0.9,0.8,0.8,74085,NaN,NaN,NaN,NaN,NaN,NaN,NaN
1745370000,0.8,0.9,0.8,0.9,150035,NaN,NaN,NaN,NaN,NaN,NaN,NaN
1745456400,0.8,0.9,0.8,0.9,200390,NaN,NaN,NaN,NaN,NaN,NaN,NaN
1745542800,0.9,0.9,0.8,0.9,91430,NaN,NaN,NaN,NaN,NaN,NaN,NaN
1745802000,0.9,0.9,0.8,0.8,255855,NaN,NaN,NaN,NaN,NaN,NaN,NaN
1745888400,0.8,0.9,0.8,0.9,195905,NaN,NaN,NaN,NaN,NaN,NaN,NaN
1745974800,0.9,0.9,0.8,0.8,146595,918797100,14120301000,17893481000,-358696000,801371000,-3608792000,0
1746147600,0.8,0.9,0.8,0.9,126940,NaN,NaN,NaN,NaN,NaN,NaN,NaN
1746406800,0.9,0.9,0.8,0.8,81255,NaN,NaN,NaN,NaN,NaN,NaN,NaN
1746493200,0.8,0.9,0.8,0.8,218685,NaN,NaN,NaN,NaN,NaN,NaN,NaN
1746579600,0.9,1,0.8,0.9,5615740,NaN,NaN,NaN,NaN,NaN,NaN,NaN
1746666000,0.9,0.9,0.8,0.9,3865160,NaN,NaN,NaN,NaN,NaN,NaN,NaN
1746752400,0.9,1,0.8,0.9,2900980,NaN,NaN,NaN,NaN,NaN,NaN,NaN
1747098000,0.8,1,0.8,0.9,1232420,NaN,NaN,NaN,NaN,NaN,NaN,NaN
1747184400,0.9,1,0.8,0.9,1959030,NaN,NaN,NaN,NaN,NaN,NaN,NaN
1747270800,0.9,0.9,0.8,0.9,3118095,NaN,NaN,NaN,NaN,NaN,NaN,NaN
1747357200,0.9,0.9,0.8,0.9,739860,NaN,NaN,NaN,NaN,NaN,NaN,NaN
1747616400,0.8,0.9,0.8,0.9,705810,NaN,NaN,NaN,NaN,NaN,NaN,NaN
1747702800,0.8,0.9,0.8,0.9,366940,NaN,NaN,NaN,NaN,NaN,NaN,NaN
1747789200,0.9,0.9,0.8,0.9,1166800,NaN,NaN,NaN,NaN,NaN,NaN,NaN
1747875600,0.9,0.9,0.8,0.9,117250,NaN,NaN,NaN,NaN,NaN,NaN,NaN
1747962000,0.9,0.9,0.8,0.8,211255,NaN,NaN,NaN,NaN,NaN,NaN,NaN
1748221200,0.8,0.9,0.7,0.8,6238255,NaN,NaN,NaN,NaN,NaN,NaN,NaN
1748307600,0.8,0.8,0.7,0.8,555715,NaN,NaN,NaN,NaN,NaN,NaN,NaN
1748394000,0.8,0.9,0.7,0.8,2124485,NaN,NaN,NaN,NaN,NaN,NaN,NaN
1748480400,0.8,0.8,0.7,0.8,282375,NaN,NaN,NaN,NaN,NaN,NaN,NaN
1748566800,0.8,0.8,0.7,0.7,228355,NaN,NaN,NaN,NaN,NaN,NaN,NaN
1748912400,0.8,0.8,0.7,0.7,195980,NaN,NaN,NaN,NaN,NaN,NaN,NaN
1748998800,0.8,0.8,0.7,0.8,203675,NaN,NaN,NaN,NaN,NaN,NaN,NaN
1749085200,0.8,0.8,0.7,0.8,54110,NaN,NaN,NaN,NaN,NaN,NaN,NaN
1749171600,0.8,0.8,0.7,0.7,97325,NaN,NaN,NaN,NaN,NaN,NaN,NaN
1749430800,0.7,0.8,0.7,0.7,105920,NaN,NaN,NaN,NaN,NaN,NaN,NaN
1749517200,0.7,0.8,0.7,0.8,34320,NaN,NaN,NaN,NaN,NaN,NaN,NaN
1749603600,0.7,0.8,0.7,0.8,101840,NaN,NaN,NaN,NaN,NaN,NaN,NaN
1749690000,0.8,0.8,0.7,0.8,177340,NaN,NaN,NaN,NaN,NaN,NaN,NaN
1749776400,0.8,0.8,0.7,0.8,229275,NaN,NaN,NaN,NaN,NaN,NaN,NaN
1750035600,0.8,0.8,0.7,0.8,142190,NaN,NaN,NaN,NaN,NaN,NaN,NaN
1750122000,0.8,0.8,0.7,0.8,76130,NaN,NaN,NaN,NaN,NaN,NaN,NaN
1750208400,0.7,0.8,0.7,0.8,142185,NaN,NaN,NaN,NaN,NaN,NaN,NaN
1750294800,0.7,0.8,0.7,0.7,56080,NaN,NaN,NaN,NaN,NaN,NaN,NaN
1750381200,0.7,0.8,0.7,0.7,183835,NaN,NaN,NaN,NaN,NaN,NaN,NaN
1750640400,0.8,0.8,0.7,0.7,119115,NaN,NaN,NaN,NaN,NaN,NaN,NaN
1750726800,0.8,0.8,0.7,0.7,120595,NaN,NaN,NaN,NaN,NaN,NaN,NaN
1750813200,0.7,0.8,0.7,0.8,174405,NaN,NaN,NaN,NaN,NaN,NaN,NaN
1750899600,0.7,0.8,0.7,0.8,45370,NaN,NaN,NaN,NaN,NaN,NaN,NaN
1751245200,0.8,0.8,0.7,0.7,207105,NaN,NaN,NaN,NaN,NaN,NaN,NaN
1751331600,0.8,0.9,0.7,0.7,4808310,NaN,NaN,NaN,NaN,NaN,NaN,NaN
1751418000,0.8,0.8,0.7,0.8,368650,NaN,NaN,NaN,NaN,NaN,NaN,NaN
1751504400,0.8,0.8,0.7,0.8,150995,NaN,NaN,NaN,NaN,NaN,NaN,NaN
1751590800,0.7,0.8,0.7,0.8,190290,NaN,NaN,NaN,NaN,NaN,NaN,NaN
1751850000,0.8,0.8,0.7,0.7,103575,NaN,NaN,NaN,NaN,NaN,NaN,NaN
1751936400,0.7,0.8,0.7,0.7,277080,NaN,NaN,NaN,NaN,NaN,NaN,NaN
1752022800,0.8,0.8,0.7,0.8,269660,NaN,NaN,NaN,NaN,NaN,NaN,NaN
1752109200,0.8,0.9,0.7,0.8,2513965,NaN,NaN,NaN,NaN,NaN,NaN,NaN
1752195600,0.8,0.9,0.7,0.7,1657045,NaN,NaN,NaN,NaN,NaN,NaN,NaN
1752454800,0.8,0.8,0.7,0.7,93350,NaN,NaN,NaN,NaN,NaN,NaN,NaN
1752541200,0.7,0.8,0.7,0.8,86090,NaN,NaN,NaN,NaN,NaN,NaN,NaN
1752627600,0.7,0.8,0.7,0.7,457595,NaN,NaN,NaN,NaN,NaN,NaN,NaN
1752714000,0.7,0.8,0.7,0.8,59450,NaN,NaN,NaN,NaN,NaN,NaN,NaN
1752800400,0.7,0.8,0.7,0.7,156705,NaN,NaN,NaN,NaN,NaN,NaN,NaN
1753059600,0.7,0.8,0.7,0.8,35420,NaN,NaN,NaN,NaN,NaN,NaN,NaN
1753146000,0.7,0.8,0.7,0.7,52980,NaN,NaN,NaN,NaN,NaN,NaN,NaN
1753232400,0.7,0.8,0.7,0.7,105370,NaN,NaN,NaN,NaN,NaN,NaN,NaN
1753318800,0.7,0.8,0.7,0.8,243215,NaN,NaN,NaN,NaN,NaN,NaN,NaN
1753405200,0.8,0.8,0.7,0.7,144780,NaN,NaN,NaN,NaN,NaN,NaN,NaN
1753664400,0.8,0.8,0.7,0.8,1062915,NaN,NaN,NaN,NaN,NaN,NaN,NaN
1753750800,0.8,0.8,0.7,0.8,1806560,NaN,NaN,NaN,NaN,NaN,NaN,NaN
1753837200,0.8,0.8,0.7,0.8,352960,NaN,NaN,NaN,NaN,NaN,NaN,NaN
1753923600,0.8,0.8,0.7,0.8,157255,NaN,NaN,NaN,NaN,NaN,NaN,NaN
1754010000,0.8,0.8,0.7,0.8,86485,NaN,NaN,NaN,NaN,NaN,NaN,NaN
1754269200,0.8,0.8,0.7,0.8,905195,NaN,NaN,NaN,NaN,NaN,NaN,NaN
1754355600,0.8,0.9,0.7,0.7,1961770,NaN,NaN,NaN,NaN,NaN,NaN,NaN
1754442000,0.8,0.9,0.7,0.7,663235,NaN,NaN,NaN,NaN,NaN,NaN,NaN
1754528400,0.8,0.8,0.7,0.8,86455,NaN,NaN,NaN,NaN,NaN,NaN,NaN
1754614800,0.8,0.9,0.7,0.8,401410,NaN,NaN,NaN,NaN,NaN,NaN,NaN
1754874000,0.8,0.9,0.7,0.7,886855,NaN,NaN,NaN,NaN,NaN,NaN,NaN
1754960400,0.7,0.8,0.7,0.7,345360,NaN,NaN,NaN,NaN,NaN,NaN,NaN
1755046800,0.7,0.8,0.7,0.7,615255,NaN,NaN,NaN,NaN,NaN,NaN,NaN
1755133200,0.7,0.8,0.7,0.8,239335,NaN,NaN,NaN,NaN,NaN,NaN,NaN
1755219600,0.7,0.8,0.7,0.7,149780,NaN,NaN,NaN,NaN,NaN,NaN,NaN
1755478800,0.7,0.8,0.7,0.7,398155,NaN,NaN,NaN,NaN,NaN,NaN,NaN
1755565200,0.7,0.8,0.7,0.8,554480,NaN,NaN,NaN,NaN,NaN,NaN,NaN
1755651600,0.7,0.8,0.7,0.7,3994950,NaN,NaN,NaN,NaN,NaN,NaN,NaN
1755738000,0.705,0.76,0.69,0.705,3405000,NaN,NaN,NaN,NaN,NaN,NaN,NaN
1755824400,0.71,0.71,0.69,0.695,1615800,NaN,NaN,NaN,NaN,NaN,NaN,NaN
1756083600,0.695,0.695,0.59,0.605,4072000,NaN,NaN,NaN,NaN,NaN,NaN,NaN
1756170000,0.605,0.615,0.6,0.605,1850000,NaN,NaN,NaN,NaN,NaN,NaN,NaN
1756256400,0.605,0.62,0.605,0.61,1114600,NaN,NaN,NaN,NaN,NaN,NaN,NaN
1756342800,0.605,0.61,0.6,0.6,1143200,NaN,NaN,NaN,NaN,NaN,NaN,NaN
1756429200,0.6,0.605,0.595,0.595,1194900,NaN,NaN,NaN,NaN,NaN,NaN,NaN
1756774800,0.595,0.605,0.55,0.555,1673500,NaN,NaN,NaN,NaN,NaN,NaN,NaN
1756861200,0.545,0.545,0.51,0.52,1919000,NaN,NaN,NaN,NaN,NaN,NaN,NaN
1756947600,0.515,0.53,0.5,0.505,1612900,NaN,NaN,NaN,NaN,NaN,NaN,NaN
1757293200,0.51,0.51,0.5,0.51,1107700,NaN,NaN,NaN,NaN,NaN,NaN,NaN
1757379600,0.505,0.555,0.505,0.55,2280200,NaN,NaN,NaN,NaN,NaN,NaN,NaN
1757466000,0.545,0.59,0.545,0.57,1374400,NaN,NaN,NaN,NaN,NaN,NaN,NaN
1757552400,0.58,0.58,0.54,0.56,832700,NaN,NaN,NaN,NaN,NaN,NaN,NaN
1757638800,0.56,0.56,0.535,0.535,592500,NaN,NaN,NaN,NaN,NaN,NaN,NaN
1758070800,0.535,0.56,0.535,0.555,598300,NaN,NaN,NaN,NaN,NaN,NaN,NaN
1758157200,0.55,0.56,0.535,0.535,691900,NaN,NaN,NaN,NaN,NaN,NaN,NaN
1758243600,0.535,0.545,0.535,0.54,973000,NaN,NaN,NaN,NaN,NaN,NaN,NaN
1758502800,0.54,0.54,0.525,0.525,745800,NaN,NaN,NaN,NaN,NaN,NaN,NaN
1758589200,0.53,0.56,0.53,0.555,1650900,NaN,NaN,NaN,NaN,NaN,NaN,NaN
1758675600,0.555,0.56,0.545,0.55,792500,NaN,NaN,NaN,NaN,NaN,NaN,NaN
1758762000,0.55,0.555,0.545,0.55,365800,NaN,NaN,NaN,NaN,NaN,NaN,NaN
1758848400,0.55,0.555,0.525,0.53,2552500,NaN,NaN,NaN,NaN,NaN,NaN,NaN