time,open,high,low,close,Volume,Total common shares outstanding,Total assets,Total liabilities,Operating income,Total revenue,Shareholders&#039; equity,Dividend yield %
1478826000,0.815152,0.820033,0.795627,0.800509,528768,NaN,NaN,NaN,NaN,NaN,NaN,NaN
1479085200,0.790746,0.795627,0.766341,0.780984,1691916,NaN,NaN,NaN,NaN,NaN,NaN,NaN
1479171600,0.780984,0.790746,0.776103,0.785865,253731,NaN,NaN,NaN,NaN,NaN,NaN,NaN
1479258000,0.790746,0.795627,0.776103,0.790746,663778,NaN,NaN,NaN,NaN,NaN,NaN,NaN
1479344400,0.785865,0.790746,0.776103,0.780984,270735,NaN,NaN,NaN,NaN,NaN,NaN,NaN
1479430800,0.780984,0.785865,0.771222,0.780984,383208,NaN,NaN,NaN,NaN,NaN,NaN,NaN
1479690000,0.780984,0.780984,0.776103,0.780984,116878,NaN,NaN,NaN,NaN,NaN,NaN,NaN
1479776400,0.790746,0.795627,0.780984,0.785865,586746,NaN,NaN,NaN,NaN,NaN,NaN,NaN
1479862800,0.785865,0.785865,0.776103,0.780984,435143,NaN,NaN,NaN,NaN,NaN,NaN,NaN
1479949200,0.776103,0.780984,0.771222,0.780984,220132,NaN,NaN,NaN,NaN,NaN,NaN,NaN
1480035600,0.780984,0.780984,0.766341,0.771222,170349,NaN,NaN,NaN,NaN,NaN,NaN,NaN
1480294800,0.771222,0.771222,0.751697,0.761459,796738,NaN,NaN,NaN,NaN,NaN,NaN,NaN
1480381200,0.732173,0.746816,0.712648,0.741935,700449,NaN,NaN,NaN,NaN,NaN,NaN,NaN
1480467600,0.732173,0.732173,0.702886,0.707767,908085,NaN,NaN,NaN,NaN,NaN,NaN,NaN
1480554000,0.732173,0.785865,0.732173,0.780984,7186933,NaN,NaN,NaN,NaN,NaN,NaN,NaN
1480640400,0.795627,0.810271,0.785865,0.785865,1785644,NaN,NaN,NaN,NaN,NaN,NaN,NaN
1480899600,0.790746,0.800509,0.771222,0.771222,690718,NaN,NaN,NaN,NaN,NaN,NaN,NaN
1480986000,0.761459,0.771222,0.72241,0.732173,1439414,NaN,NaN,NaN,NaN,NaN,NaN,NaN
1481072400,0.732173,0.732173,0.717529,0.72241,467820,NaN,NaN,NaN,NaN,NaN,NaN,NaN
1481158800,0.72241,0.727291,0.712648,0.717529,1117462,NaN,NaN,NaN,NaN,NaN,NaN,NaN
1481245200,0.72241,0.737054,0.72241,0.727291,2786331,NaN,NaN,NaN,NaN,NaN,NaN,NaN
1481590800,0.751697,0.771222,0.751697,0.766341,1903854,NaN,NaN,NaN,NaN,NaN,NaN,NaN
1481677200,0.761459,0.766341,0.756578,0.761459,519549,NaN,NaN,NaN,NaN,NaN,NaN,NaN
1481763600,0.751697,0.751697,0.732173,0.741935,1200741,NaN,NaN,NaN,NaN,NaN,NaN,NaN
1481850000,0.737054,0.741935,0.727291,0.737054,973848,NaN,NaN,NaN,NaN,NaN,NaN,NaN
1482109200,0.746816,0.766341,0.737054,0.761459,3225571,NaN,NaN,NaN,NaN,NaN,NaN,NaN
1482195600,0.766341,0.771222,0.761459,0.771222,1207195,NaN,NaN,NaN,NaN,NaN,NaN,NaN
1482282000,0.766341,0.795627,0.761459,0.790746,1339336,NaN,NaN,NaN,NaN,NaN,NaN,NaN
1482368400,0.776103,0.780984,0.766341,0.776103,537578,NaN,NaN,NaN,NaN,NaN,NaN,NaN
1482454800,0.771222,0.771222,0.756578,0.766341,550485,NaN,NaN,NaN,NaN,NaN,NaN,NaN
1482800400,0.766341,0.780984,0.766341,0.780984,396832,NaN,NaN,NaN,NaN,NaN,NaN,NaN
1482886800,0.776103,0.820033,0.771222,0.810271,1797629,NaN,NaN,NaN,NaN,NaN,NaN,NaN
1482973200,0.820033,0.820033,0.80539,0.810271,1653503,NaN,NaN,NaN,NaN,NaN,NaN,NaN
1483059600,0.810271,0.859082,0.810271,0.854201,7200659,NaN,NaN,NaN,NaN,NaN,NaN,NaN
1483405200,0.859082,0.868845,0.854201,0.859082,1989490,NaN,NaN,NaN,NaN,NaN,NaN,NaN
1483491600,0.863964,0.903013,0.854201,0.888369,4749802,NaN,NaN,NaN,NaN,NaN,NaN,NaN
1483578000,0.907894,0.922537,0.898132,0.898132,4629954,NaN,NaN,NaN,NaN,NaN,NaN,NaN
1483664400,0.898132,0.912775,0.89325,0.89325,1803058,NaN,NaN,NaN,NaN,NaN,NaN,NaN
1483923600,0.903013,0.912775,0.89325,0.907894,2138123,NaN,NaN,NaN,NaN,NaN,NaN,NaN
1484010000,0.898132,0.898132,0.883488,0.883488,1150855,NaN,NaN,NaN,NaN,NaN,NaN,NaN
1484096400,0.883488,0.883488,0.868845,0.878607,1542771,NaN,NaN,NaN,NaN,NaN,NaN,NaN
1484182800,0.883488,0.898132,0.883488,0.89325,1562951,NaN,NaN,NaN,NaN,NaN,NaN,NaN
1484269200,0.89325,0.898132,0.878607,0.878607,860657,NaN,NaN,NaN,NaN,NaN,NaN,NaN
1484528400,0.878607,0.878607,0.854201,0.854201,558270,NaN,NaN,NaN,NaN,NaN,NaN,NaN
1484614800,0.859082,0.868845,0.859082,0.859082,539729,NaN,NaN,NaN,NaN,NaN,NaN,NaN
1484701200,0.868845,0.873726,0.854201,0.863964,410354,NaN,NaN,NaN,NaN,NaN,NaN,NaN
1484787600,0.863964,0.863964,0.863964,0.863964,0,NaN,NaN,NaN,NaN,NaN,NaN,NaN
1484874000,0.863964,0.863964,0.688242,0.712648,99435583,NaN,NaN,NaN,NaN,NaN,NaN,NaN
1485133200,0.707767,0.72241,0.658955,0.663836,37337205,NaN,NaN,NaN,NaN,NaN,NaN,NaN
1485219600,0.668718,0.698004,0.663836,0.688242,18998801,NaN,NaN,NaN,NaN,NaN,NaN,NaN
1485306000,0.693123,0.693123,0.673599,0.67848,5922374,NaN,NaN,NaN,NaN,NaN,NaN,NaN
1485392400,0.673599,0.683361,0.663836,0.673599,10777890,NaN,NaN,NaN,NaN,NaN,NaN,NaN
1485478800,0.67848,0.683361,0.668718,0.67848,6122225,NaN,NaN,NaN,NaN,NaN,NaN,NaN
1485824400,0.683361,0.688242,0.673599,0.683361,4848754,NaN,NaN,NaN,NaN,NaN,NaN,NaN
1485997200,0.688242,0.702886,0.688242,0.693123,8635874,NaN,NaN,NaN,NaN,NaN,NaN,NaN
1486083600,0.698004,0.698004,0.67848,0.683361,5678989,NaN,NaN,NaN,NaN,NaN,NaN,NaN
1486342800,0.683361,0.693123,0.67848,0.683361,11334828,NaN,NaN,NaN,NaN,NaN,NaN,NaN
1486429200,0.683361,0.688242,0.683361,0.688242,2384888,NaN,NaN,NaN,NaN,NaN,NaN,NaN
1486515600,0.683361,0.688242,0.67848,0.683361,4226053,NaN,NaN,NaN,NaN,NaN,NaN,NaN
1486688400,0.683361,0.702886,0.683361,0.693123,9089046,NaN,NaN,NaN,NaN,NaN,NaN,NaN
1486947600,0.698004,0.698004,0.688242,0.693123,4202493,NaN,NaN,NaN,NaN,NaN,NaN,NaN
1487034000,0.693123,0.693123,0.683361,0.688242,3801255,NaN,NaN,NaN,NaN,NaN,NaN,NaN
1487120400,0.693123,0.693123,0.683361,0.683361,2239226,NaN,NaN,NaN,NaN,NaN,NaN,NaN
1487206800,0.683361,0.683361,0.673599,0.67848,3053583,NaN,NaN,NaN,NaN,NaN,NaN,NaN
1487293200,0.67848,0.693123,0.673599,0.688242,7218585,NaN,NaN,NaN,NaN,NaN,NaN,NaN
1487552400,0.688242,0.698004,0.688242,0.693123,2347192,NaN,NaN,NaN,NaN,NaN,NaN,NaN
1487638800,0.693123,0.693123,0.67848,0.67848,2406400,NaN,NaN,NaN,NaN,NaN,NaN,NaN
1487725200,0.683361,0.688242,0.67848,0.67848,2523380,NaN,NaN,NaN,NaN,NaN,NaN,NaN
1487811600,0.683361,0.688242,0.67848,0.688242,2372289,NaN,NaN,NaN,NaN,NaN,NaN,NaN
1487898000,0.683361,0.688242,0.67848,0.67848,3021214,NaN,NaN,NaN,NaN,NaN,NaN,NaN
1488157200,0.683361,0.683361,0.668718,0.668718,4186820,NaN,NaN,NaN,NaN,NaN,NaN,NaN
1488243600,0.634549,0.634549,0.590619,0.619906,11534372,NaN,NaN,NaN,NaN,NaN,NaN,NaN
1488330000,0.619906,0.634549,0.615025,0.634549,2907921,NaN,NaN,NaN,NaN,NaN,NaN,NaN
1488416400,0.639431,0.639431,0.629668,0.634549,1505178,NaN,NaN,NaN,NaN,NaN,NaN,NaN
1488502800,0.634549,0.634549,0.624787,0.624787,1142558,NaN,NaN,NaN,NaN,NaN,NaN,NaN
1488762000,0.624787,0.624787,0.610144,0.615025,2367679,NaN,NaN,NaN,NaN,NaN,NaN,NaN
1488848400,0.615025,0.634549,0.610144,0.629668,1735349,NaN,NaN,NaN,NaN,NaN,NaN,NaN
1488934800,0.629668,0.634549,0.624787,0.629668,1112033,NaN,NaN,NaN,NaN,NaN,NaN,NaN
1489021200,0.629668,0.629668,0.619906,0.624787,922221,NaN,NaN,NaN,NaN,NaN,NaN,NaN
1489107600,0.619906,0.624787,0.615025,0.619906,917406,NaN,NaN,NaN,NaN,NaN,NaN,NaN
1489366800,0.624787,0.624787,0.615025,0.619906,1338516,NaN,NaN,NaN,NaN,NaN,NaN,NaN
1489453200,0.615025,0.619906,0.610144,0.615025,1840140,NaN,NaN,NaN,NaN,NaN,NaN,NaN
1489539600,0.619906,0.654074,0.619906,0.634549,4038495,NaN,NaN,NaN,NaN,NaN,NaN,NaN
1489626000,0.634549,0.649193,0.634549,0.634549,930928,NaN,NaN,NaN,NaN,NaN,NaN,NaN
1489712400,0.634549,0.644312,0.629668,0.644312,2170287,NaN,NaN,NaN,NaN,NaN,NaN,NaN
1489971600,0.644312,0.644312,0.624787,0.634549,1138563,NaN,NaN,NaN,NaN,NaN,NaN,NaN
1490058000,0.634549,0.639431,0.624787,0.634549,1835018,NaN,NaN,NaN,NaN,NaN,NaN,NaN
1490144400,0.619906,0.634549,0.615025,0.629668,1084478,NaN,NaN,NaN,NaN,NaN,NaN,NaN
1490230800,0.634549,0.639431,0.629668,0.629668,320313,NaN,NaN,NaN,NaN,NaN,NaN,NaN
1490317200,0.624787,0.634549,0.624787,0.629668,984604,NaN,NaN,NaN,NaN,NaN,NaN,NaN
1490576400,0.624787,0.624787,0.600381,0.600381,3132765,NaN,NaN,NaN,NaN,NaN,NaN,NaN
1490662800,0.610144,0.610144,0.5955,0.600381,2529936,NaN,NaN,NaN,NaN,NaN,NaN,NaN
1490749200,0.605263,0.610144,0.605263,0.605263,629155,NaN,NaN,NaN,NaN,NaN,NaN,NaN
1490835600,0.610144,0.610144,0.600381,0.605263,1463794,NaN,NaN,NaN,NaN,NaN,NaN,NaN
1490922000,0.605263,0.610144,0.600381,0.600381,860862,NaN,NaN,NaN,NaN,NaN,NaN,NaN
1491181200,0.605263,0.619906,0.605263,0.619906,929289,NaN,NaN,NaN,NaN,NaN,NaN,NaN
1491267600,0.615025,0.615025,0.600381,0.605263,1470145,NaN,NaN,NaN,NaN,NaN,NaN,NaN
1491354000,0.610144,0.644312,0.605263,0.634549,3531135,NaN,NaN,NaN,NaN,NaN,NaN,NaN
1491440400,0.639431,0.639431,0.619906,0.629668,684060,NaN,NaN,NaN,NaN,NaN,NaN,NaN
1491526800,0.624787,0.644312,0.619906,0.634549,4742632,NaN,NaN,NaN,NaN,NaN,NaN,NaN
1491786000,0.634549,0.649193,0.629668,0.634549,1294571,NaN,NaN,NaN,NaN,NaN,NaN,NaN
1491872400,0.634549,0.658955,0.634549,0.644312,4946477,NaN,NaN,NaN,NaN,NaN,NaN,NaN
1491958800,0.649193,0.649193,0.639431,0.644312,572815,NaN,NaN,NaN,NaN,NaN,NaN,NaN
1492045200,0.639431,0.639431,0.619906,0.624787,1562336,NaN,NaN,NaN,NaN,NaN,NaN,NaN
1492131600,0.624787,0.624787,0.615025,0.619906,887905,NaN,NaN,NaN,NaN,NaN,NaN,NaN
1492390800,0.619906,0.634549,0.615025,0.615025,720219,NaN,NaN,NaN,NaN,NaN,NaN,NaN
1492477200,0.619906,0.629668,0.619906,0.624787,566772,NaN,NaN,NaN,NaN,NaN,NaN,NaN
1492563600,0.624787,0.629668,0.615025,0.615025,769388,NaN,NaN,NaN,NaN,NaN,NaN,NaN
1492650000,0.615025,0.629668,0.615025,0.619906,708439,NaN,NaN,NaN,NaN,NaN,NaN,NaN
1492736400,0.624787,0.634549,0.619906,0.629668,507769,NaN,NaN,NaN,NaN,NaN,NaN,NaN
1493082000,0.629668,0.629668,0.619906,0.624787,582649,NaN,NaN,NaN,NaN,NaN,NaN,NaN
1493168400,0.624787,0.654074,0.619906,0.624787,9414687,NaN,NaN,NaN,NaN,NaN,NaN,NaN
1493254800,0.629668,0.634549,0.619906,0.619906,2686354,NaN,NaN,NaN,NaN,NaN,NaN,NaN
1493341200,0.624787,0.67848,0.624787,0.663836,20305870,NaN,NaN,NaN,NaN,NaN,NaN,NaN
1493686800,0.663836,0.67848,0.654074,0.673599,3774930,NaN,NaN,NaN,NaN,NaN,NaN,NaN
1493773200,0.673599,0.673599,0.663836,0.673599,2201530,NaN,NaN,NaN,NaN,NaN,NaN,NaN
1493859600,0.673599,0.673599,0.673599,0.673599,0,NaN,NaN,NaN,NaN,NaN,NaN,NaN
1493946000,0.615025,0.639431,0.5955,0.605263,19410282,NaN,NaN,NaN,NaN,NaN,NaN,NaN
1494205200,0.610144,0.610144,0.600381,0.610144,4312201,NaN,NaN,NaN,NaN,NaN,NaN,NaN
1494291600,0.610144,0.610144,0.600381,0.610144,3951118,NaN,NaN,NaN,NaN,NaN,NaN,NaN
1494464400,0.610144,0.610144,0.600381,0.600381,6235313,NaN,NaN,NaN,NaN,NaN,NaN,NaN
1494550800,0.600381,0.605263,0.590619,0.5955,7015559,NaN,NaN,NaN,NaN,NaN,NaN,NaN
1494810000,0.605263,0.619906,0.600381,0.605263,13413027,NaN,NaN,NaN,NaN,NaN,NaN,NaN
1494896400,0.615025,0.619906,0.605263,0.605263,9964147,NaN,NaN,NaN,NaN,NaN,NaN,NaN
1494982800,0.605263,0.610144,0.5955,0.605263,5647849,NaN,NaN,NaN,NaN,NaN,NaN,NaN
1495069200,0.600381,0.610144,0.600381,0.605263,1843725,NaN,NaN,NaN,NaN,NaN,NaN,NaN
1495155600,0.605263,0.610144,0.605263,0.610144,1650635,NaN,NaN,NaN,NaN,NaN,NaN,NaN
1495414800,0.610144,0.610144,0.600381,0.605263,3657334,NaN,NaN,NaN,NaN,NaN,NaN,NaN
1495501200,0.600381,0.600381,0.585738,0.590619,3973653,NaN,NaN,NaN,NaN,NaN,NaN,NaN
1495587600,0.590619,0.590619,0.575976,0.575976,3568523,NaN,NaN,NaN,NaN,NaN,NaN,NaN
1495674000,0.575976,0.575976,0.566213,0.575976,2182170,NaN,NaN,NaN,NaN,NaN,NaN,NaN
1495760400,0.561332,0.561332,0.55157,0.55157,2892248,NaN,NaN,NaN,NaN,NaN,NaN,NaN
1496019600,0.546689,0.55157,0.527164,0.527164,3464757,NaN,NaN,NaN,NaN,NaN,NaN,NaN
1496106000,0.527164,0.527164,0.50764,0.50764,3544349,NaN,NaN,NaN,NaN,NaN,NaN,NaN
1496192400,0.50764,0.512521,0.502758,0.50764,1214263,NaN,NaN,NaN,NaN,NaN,NaN,NaN
1496278800,0.512521,0.512521,0.502758,0.502758,1410937,NaN,NaN,NaN,NaN,NaN,NaN,NaN
1496365200,0.502758,0.512521,0.502758,0.512521,1571760,NaN,NaN,NaN,NaN,NaN,NaN,NaN
1496624400,0.50764,0.512521,0.497877,0.497877,1867695,NaN,NaN,NaN,NaN,NaN,NaN,NaN
1496710800,0.502758,0.50764,0.497877,0.50764,1340053,NaN,NaN,NaN,NaN,NaN,NaN,NaN
1496797200,0.50764,0.522283,0.502758,0.517402,1451399,NaN,NaN,NaN,NaN,NaN,NaN,NaN
1496883600,0.512521,0.517402,0.497877,0.512521,1379900,NaN,NaN,NaN,NaN,NaN,NaN,NaN
1496970000,0.502758,0.512521,0.502758,0.502758,532763,NaN,NaN,NaN,NaN,NaN,NaN,NaN
1497315600,0.50764,0.512521,0.50764,0.50764,844063,NaN,NaN,NaN,NaN,NaN,NaN,NaN
1497402000,0.50764,0.512521,0.502758,0.502758,467820,NaN,NaN,NaN,NaN,NaN,NaN,NaN
1497488400,0.497877,0.50764,0.497877,0.502758,1250729,NaN,NaN,NaN,NaN,NaN,NaN,NaN
1497574800,0.502758,0.50764,0.492996,0.492996,768773,NaN,NaN,NaN,NaN,NaN,NaN,NaN
1497834000,0.492996,0.497877,0.483234,0.488115,1602286,NaN,NaN,NaN,NaN,NaN,NaN,NaN
1497920400,0.488115,0.488115,0.478353,0.478353,480214,NaN,NaN,NaN,NaN,NaN,NaN,NaN
1498006800,0.478353,0.488115,0.478353,0.488115,826854,NaN,NaN,NaN,NaN,NaN,NaN,NaN
1498093200,0.488115,0.488115,0.473472,0.473472,1417084,NaN,NaN,NaN,NaN,NaN,NaN,NaN
1498179600,0.473472,0.478353,0.463709,0.463709,2271186,NaN,NaN,NaN,NaN,NaN,NaN,NaN
1498611600,0.46859,0.473472,0.453947,0.463709,1485100,NaN,NaN,NaN,NaN,NaN,NaN,NaN
1498698000,0.463709,0.463709,0.434422,0.439303,2899111,NaN,NaN,NaN,NaN,NaN,NaN,NaN
1498784400,0.439303,0.444185,0.42466,0.429541,5028732,NaN,NaN,NaN,NaN,NaN,NaN,NaN
1499043600,0.42466,0.42466,0.385611,0.410017,6201305,NaN,NaN,NaN,NaN,NaN,NaN,NaN
1499130000,0.410017,0.419779,0.385611,0.395373,4835848,NaN,NaN,NaN,NaN,NaN,NaN,NaN
1499216400,0.390492,0.419779,0.390492,0.414898,4317015,NaN,NaN,NaN,NaN,NaN,NaN,NaN
1499302800,0.429541,0.439303,0.419779,0.42466,6240742,NaN,NaN,NaN,NaN,NaN,NaN,NaN
1499389200,0.42466,0.42466,0.405135,0.410017,1070546,NaN,NaN,NaN,NaN,NaN,NaN,NaN
1499648400,0.405135,0.410017,0.400254,0.400254,866291,NaN,NaN,NaN,NaN,NaN,NaN,NaN
1499734800,0.400254,0.400254,0.356324,0.356324,9198447,NaN,NaN,NaN,NaN,NaN,NaN,NaN
1499821200,0.356324,0.356324,0.327037,0.327037,12337563,NaN,NaN,NaN,NaN,NaN,NaN,NaN
1499907600,0.317275,0.327037,0.287988,0.292869,48546449,NaN,NaN,NaN,NaN,NaN,NaN,NaN
1499994000,0.292869,0.307512,0.278226,0.278226,37308011,NaN,NaN,NaN,NaN,NaN,NaN,NaN
1500253200,0.283107,0.361205,0.278226,0.361205,122658287,NaN,NaN,NaN,NaN,NaN,NaN,NaN
1500339600,0.361205,0.370967,0.327037,0.331918,100412710,NaN,NaN,NaN,NaN,NaN,NaN,NaN
1500426000,0.336799,0.346562,0.317275,0.322156,41602081,NaN,NaN,NaN,NaN,NaN,NaN,NaN
1500512400,0.322156,0.327037,0.307512,0.312394,30852667,NaN,NaN,NaN,NaN,NaN,NaN,NaN
1500598800,0.307512,0.327037,0.29775,0.317275,41738114,NaN,NaN,NaN,NaN,NaN,NaN,NaN
1500858000,0.307512,0.317275,0.302631,0.312394,18526371,NaN,NaN,NaN,NaN,NaN,NaN,NaN
1500944400,0.312394,0.317275,0.302631,0.302631,21991129,NaN,NaN,NaN,NaN,NaN,NaN,NaN
1501030800,0.312394,0.317275,0.302631,0.307512,24756051,NaN,NaN,NaN,NaN,NaN,NaN,NaN
1501117200,0.307512,0.312394,0.302631,0.302631,16522540,NaN,NaN,NaN,NaN,NaN,NaN,NaN
1501203600,0.302631,0.307512,0.302631,0.307512,12332954,NaN,NaN,NaN,NaN,NaN,NaN,NaN
1501462800,0.307512,0.307512,0.292869,0.292869,18846583,NaN,NaN,NaN,NaN,NaN,NaN,NaN
1501549200,0.292869,0.292869,0.278226,0.287988,24131096,NaN,NaN,NaN,NaN,NaN,NaN,NaN
1501635600,0.287988,0.292869,0.278226,0.283107,14174630,NaN,NaN,NaN,NaN,NaN,NaN,NaN
1501722000,0.283107,0.292869,0.278226,0.287988,14721223,NaN,NaN,NaN,NaN,NaN,NaN,NaN
1501808400,0.287988,0.287988,0.278226,0.283107,7135511,NaN,NaN,NaN,NaN,NaN,NaN,NaN
1502067600,0.283107,0.29775,0.278226,0.278226,24526802,NaN,NaN,NaN,NaN,NaN,NaN,NaN
1502154000,0.278226,0.29775,0.273344,0.292869,20735379,NaN,NaN,NaN,NaN,NaN,NaN,NaN
1502240400,0.287988,0.292869,0.278226,0.283107,12353338,NaN,NaN,NaN,NaN,NaN,NaN,NaN
1502326800,0.283107,0.283107,0.278226,0.278226,3898773,NaN,NaN,NaN,NaN,NaN,NaN,NaN
1502413200,0.278226,0.278226,0.273344,0.273344,6323407,NaN,NaN,NaN,NaN,NaN,NaN,NaN
1502672400,0.273344,0.287988,0.273344,0.283107,10569537,NaN,NaN,NaN,NaN,NaN,NaN,NaN
1502758800,0.283107,0.283107,0.278226,0.283107,3256199,NaN,NaN,NaN,NaN,NaN,NaN,NaN
1502845200,0.278226,0.287988,0.278226,0.278226,7303606,NaN,NaN,NaN,NaN,NaN,NaN,NaN
1502931600,0.278226,0.312394,0.278226,0.302631,34507441,NaN,NaN,NaN,NaN,NaN,NaN,NaN
1503018000,0.292869,0.331918,0.292869,0.322156,45065097,NaN,NaN,NaN,NaN,NaN,NaN,NaN
1503277200,0.327037,0.34168,0.322156,0.327037,30586644,NaN,NaN,NaN,NaN,NaN,NaN,NaN
1503363600,0.327037,0.336799,0.312394,0.312394,16648945,NaN,NaN,NaN,NaN,NaN,NaN,NaN
1503450000,0.307512,0.317275,0.29775,0.302631,16504102,NaN,NaN,NaN,NaN,NaN,NaN,NaN
1503536400,0.302631,0.307512,0.292869,0.29775,11508865,NaN,NaN,NaN,NaN,NaN,NaN,NaN
1503622800,0.302631,0.307512,0.29775,0.307512,8800077,NaN,NaN,NaN,NaN,NaN,NaN,NaN
1503882000,0.307512,0.331918,0.29775,0.29775,46699343,NaN,NaN,NaN,NaN,NaN,NaN,NaN
1503968400,0.29775,0.307512,0.29775,0.29775,4926502,NaN,NaN,NaN,NaN,NaN,NaN,NaN
1504054800,0.302631,0.302631,0.29775,0.29775,9648955,NaN,NaN,NaN,NaN,NaN,NaN,NaN
1504573200,0.29775,0.302631,0.287988,0.292869,8295995,NaN,NaN,NaN,NaN,NaN,NaN,NaN
1504659600,0.292869,0.302631,0.287988,0.29775,15957510,NaN,NaN,NaN,NaN,NaN,NaN,NaN
1504746000,0.29775,0.322156,0.29775,0.317275,55188531,NaN,NaN,NaN,NaN,NaN,NaN,NaN
1504832400,0.317275,0.327037,0.307512,0.327037,26439568,NaN,NaN,NaN,NaN,NaN,NaN,NaN
1505091600,0.327037,0.331918,0.317275,0.322156,17160300,NaN,NaN,NaN,NaN,NaN,NaN,NaN
1505178000,0.322156,0.322156,0.307512,0.307512,18667117,NaN,NaN,NaN,NaN,NaN,NaN,NaN
1505264400,0.307512,0.312394,0.292869,0.29775,15342900,NaN,NaN,NaN,NaN,NaN,NaN,NaN
1505350800,0.302631,0.307512,0.29775,0.302631,7801645,NaN,NaN,NaN,NaN,NaN,NaN,NaN
1505437200,0.29775,0.302631,0.292869,0.302631,10557040,NaN,NaN,NaN,NaN,NaN,NaN,NaN
1505696400,0.29775,0.29775,0.292869,0.29775,15035391,NaN,NaN,NaN,NaN,NaN,NaN,NaN
1505782800,0.29775,0.312394,0.29775,0.302631,40485438,NaN,NaN,NaN,NaN,NaN,NaN,NaN
1505869200,0.3,0.37,0.28,0.35,138690700,NaN,NaN,NaN,NaN,NaN,NaN,NaN
1505955600,0.355,0.385,0.34,0.345,132816600,NaN,NaN,NaN,NaN,NaN,NaN,NaN
1506301200,0.345,0.355,0.33,0.34,35479900,NaN,NaN,NaN,NaN,NaN,NaN,NaN
1506387600,0.345,0.35,0.31,0.315,93862000,NaN,NaN,NaN,NaN,NaN,NaN,NaN
1506474000,0.32,0.32,0.305,0.305,33269800,NaN,NaN,NaN,NaN,NaN,NaN,NaN
1506560400,0.305,0.31,0.295,0.3,37886500,NaN,NaN,NaN,NaN,NaN,NaN,NaN
1506646800,0.295,0.305,0.295,0.3,33301700,2162000000,5925494000,3936259000,33383000.000000004,180510000,1987906000,0
1506906000,0.3,0.305,0.29,0.3,40145300,NaN,NaN,NaN,NaN,NaN,NaN,NaN
1506992400,0.3,0.305,0.29,0.3,23771200,NaN,NaN,NaN,NaN,NaN,NaN,NaN
1507078800,0.29,0.295,0.29,0.29,17664400,NaN,NaN,NaN,NaN,NaN,NaN,NaN
1507165200,0.29,0.31,0.29,0.3,43155100,NaN,NaN,NaN,NaN,NaN,NaN,NaN
1507251600,0.305,0.305,0.3,0.3,20830300,NaN,NaN,NaN,NaN,NaN,NaN,NaN
1507510800,0.3,0.3,0.295,0.295,14224100,NaN,NaN,NaN,NaN,NaN,NaN,NaN
1507597200,0.3,0.3,0.29,0.3,28804700,NaN,NaN,NaN,NaN,NaN,NaN,NaN
1507683600,0.305,0.315,0.3,0.305,31324300,NaN,NaN,NaN,NaN,NaN,NaN,NaN
1507770000,0.305,0.31,0.295,0.3,15977200,NaN,NaN,NaN,NaN,NaN,NaN,NaN
1507856400,0.3,0.305,0.295,0.3,17507800,NaN,NaN,NaN,NaN,NaN,NaN,NaN
1508115600,0.305,0.305,0.29,0.3,17928700,NaN,NaN,NaN,NaN,NaN,NaN,NaN
1508202000,0.3,0.3,0.29,0.295,9874400,NaN,NaN,NaN,NaN,NaN,NaN,NaN
1508374800,0.3,0.3,0.29,0.29,6751100,NaN,NaN,NaN,NaN,NaN,NaN,NaN
1508461200,0.29,0.295,0.28,0.28,35472900,NaN,NaN,NaN,NaN,NaN,NaN,NaN
1508720400,0.28,0.285,0.27,0.275,20561300,NaN,NaN,NaN,NaN,NaN,NaN,NaN
1508806800,0.275,0.28,0.275,0.275,6868800,NaN,NaN,NaN,NaN,NaN,NaN,NaN
1508893200,0.275,0.295,0.275,0.29,73313200,NaN,NaN,NaN,NaN,NaN,NaN,NaN
1508979600,0.29,0.29,0.28,0.28,24737900,NaN,NaN,NaN,NaN,NaN,NaN,NaN
1509066000,0.285,0.3,0.28,0.3,42120500,NaN,NaN,NaN,NaN,NaN,NaN,NaN
1509325200,0.31,0.33,0.305,0.32,83545700,NaN,NaN,NaN,NaN,NaN,NaN,NaN
1509411600,0.33,0.335,0.32,0.32,30911000,NaN,NaN,NaN,NaN,NaN,NaN,NaN
1509498000,0.325,0.34,0.315,0.335,56634500,NaN,NaN,NaN,NaN,NaN,NaN,NaN
1509584400,0.33,0.355,0.33,0.35,79949200,NaN,NaN,NaN,NaN,NaN,NaN,NaN
1509670800,0.355,0.36,0.335,0.34,46206700,NaN,NaN,NaN,NaN,NaN,NaN,NaN
1509930000,0.345,0.35,0.32,0.33,58704400,NaN,NaN,NaN,NaN,NaN,NaN,NaN
1510016400,0.335,0.34,0.33,0.335,26412900,NaN,NaN,NaN,NaN,NaN,NaN,NaN
1510102800,0.33,0.335,0.32,0.325,24351300,NaN,NaN,NaN,NaN,NaN,NaN,NaN
1510189200,0.325,0.33,0.32,0.325,29332600,NaN,NaN,NaN,NaN,NaN,NaN,NaN
1510275600,0.33,0.34,0.32,0.33,35459600,NaN,NaN,NaN,NaN,NaN,NaN,NaN
1510534800,0.335,0.34,0.33,0.33,26978500,NaN,NaN,NaN,NaN,NaN,NaN,NaN
1510621200,0.33,0.335,0.315,0.315,18128800,NaN,NaN,NaN,NaN,NaN,NaN,NaN
1510707600,0.315,0.315,0.3,0.315,28576700,NaN,NaN,NaN,NaN,NaN,NaN,NaN
1510794000,0.31,0.315,0.295,0.3,38356900,NaN,NaN,NaN,NaN,NaN,NaN,NaN
1510880400,0.3,0.305,0.295,0.3,24797700,NaN,NaN,NaN,NaN,NaN,NaN,NaN
1511139600,0.3,0.305,0.29,0.295,12595800,NaN,NaN,NaN,NaN,NaN,NaN,NaN
1511226000,0.295,0.295,0.28,0.285,35253900,NaN,NaN,NaN,NaN,NaN,NaN,NaN
1511312400,0.29,0.305,0.285,0.305,50848000,NaN,NaN,NaN,NaN,NaN,NaN,NaN
1511398800,0.305,0.305,0.295,0.295,12729900,NaN,NaN,NaN,NaN,NaN,NaN,NaN
1511485200,0.295,0.3,0.29,0.3,8243800,NaN,NaN,NaN,NaN,NaN,NaN,NaN
1511744400,0.31,0.325,0.305,0.315,53968500,NaN,NaN,NaN,NaN,NaN,NaN,NaN
1511830800,0.315,0.32,0.305,0.315,22986800,NaN,NaN,NaN,NaN,NaN,NaN,NaN
1511917200,0.32,0.335,0.315,0.325,46564700,NaN,NaN,NaN,NaN,NaN,NaN,NaN
1512003600,0.33,0.34,0.325,0.33,40515700,NaN,NaN,NaN,NaN,NaN,NaN,NaN
1512349200,0.335,0.335,0.315,0.32,22313800,NaN,NaN,NaN,NaN,NaN,NaN,NaN
1512435600,0.325,0.325,0.305,0.31,16184200,NaN,NaN,NaN,NaN,NaN,NaN,NaN
1512522000,0.31,0.32,0.305,0.31,18267300,NaN,NaN,NaN,NaN,NaN,NaN,NaN
1512608400,0.31,0.325,0.305,0.305,36984000,NaN,NaN,NaN,NaN,NaN,NaN,NaN
1512694800,0.305,0.31,0.29,0.3,27364200,NaN,NaN,NaN,NaN,NaN,NaN,NaN
1512954000,0.3,0.305,0.29,0.295,29188900,NaN,NaN,NaN,NaN,NaN,NaN,NaN
1513040400,0.295,0.295,0.29,0.295,25485600,NaN,NaN,NaN,NaN,NaN,NaN,NaN
1513126800,0.295,0.3,0.29,0.29,26076000,NaN,NaN,NaN,NaN,NaN,NaN,NaN
1513213200,0.295,0.305,0.29,0.295,25196200,NaN,NaN,NaN,NaN,NaN,NaN,NaN
1513299600,0.295,0.3,0.29,0.29,82669600,NaN,NaN,NaN,NaN,NaN,NaN,NaN
1513558800,0.295,0.295,0.285,0.29,18833100,NaN,NaN,NaN,NaN,NaN,NaN,NaN
1513645200,0.285,0.29,0.28,0.29,14057200,NaN,NaN,NaN,NaN,NaN,NaN,NaN
1513731600,0.29,0.29,0.285,0.285,10910900,NaN,NaN,NaN,NaN,NaN,NaN,NaN
1513818000,0.285,0.3,0.285,0.295,37340300,NaN,NaN,NaN,NaN,NaN,NaN,NaN
1513904400,0.3,0.3,0.29,0.29,4065400,NaN,NaN,NaN,NaN,NaN,NaN,NaN
1514250000,0.29,0.3,0.29,0.295,15269800,NaN,NaN,NaN,NaN,NaN,NaN,NaN
1514336400,0.305,0.32,0.305,0.31,46500200,NaN,NaN,NaN,NaN,NaN,NaN,NaN
1514422800,0.315,0.315,0.3,0.305,22523900,NaN,NaN,NaN,NaN,NaN,NaN,NaN
1514509200,0.305,0.31,0.3,0.305,15642200,6998728000,4792094000,2350372000,26051000,191955000,2440892000,0
1514854800,0.31,0.325,0.305,0.325,50991500,NaN,NaN,NaN,NaN,NaN,NaN,NaN
1514941200,0.325,0.34,0.325,0.33,69229300,NaN,NaN,NaN,NaN,NaN,NaN,NaN
1515027600,0.34,0.37,0.34,0.365,174589300,NaN,NaN,NaN,NaN,NaN,NaN,NaN
1515114000,0.375,0.415,0.37,0.41,279780500,NaN,NaN,NaN,NaN,NaN,NaN,NaN
1515373200,0.42,0.465,0.42,0.455,311323100,NaN,NaN,NaN,NaN,NaN,NaN,NaN
1515459600,0.465,0.48,0.41,0.425,425884700,NaN,NaN,NaN,NaN,NaN,NaN,NaN
1515546000,0.445,0.46,0.405,0.41,352057200,NaN,NaN,NaN,NaN,NaN,NaN,NaN
1515632400,0.41,0.425,0.4,0.405,209651100,NaN,NaN,NaN,NaN,NaN,NaN,NaN
1515718800,0.415,0.425,0.395,0.42,241946900,NaN,NaN,NaN,NaN,NaN,NaN,NaN
1515978000,0.43,0.435,0.415,0.415,210663100,NaN,NaN,NaN,NaN,NaN,NaN,NaN
1516064400,0.42,0.42,0.4,0.405,103919500,NaN,NaN,NaN,NaN,NaN,NaN,NaN
1516150800,0.41,0.415,0.38,0.385,149573000,NaN,NaN,NaN,NaN,NaN,NaN,NaN
1516237200,0.39,0.395,0.34,0.345,356171100,NaN,NaN,NaN,NaN,NaN,NaN,NaN
1516323600,0.345,0.37,0.34,0.365,259793700,NaN,NaN,NaN,NaN,NaN,NaN,NaN
1516582800,0.365,0.375,0.345,0.35,203814400,NaN,NaN,NaN,NaN,NaN,NaN,NaN
1516669200,0.355,0.36,0.345,0.345,91237500,NaN,NaN,NaN,NaN,NaN,NaN,NaN
1516755600,0.355,0.355,0.335,0.34,126831300,NaN,NaN,NaN,NaN,NaN,NaN,NaN
1516842000,0.34,0.35,0.335,0.335,116098200,NaN,NaN,NaN,NaN,NaN,NaN,NaN
1516928400,0.34,0.35,0.335,0.345,77182500,NaN,NaN,NaN,NaN,NaN,NaN,NaN
1517187600,0.345,0.355,0.335,0.335,137239000,NaN,NaN,NaN,NaN,NaN,NaN,NaN
1517274000,0.335,0.335,0.32,0.325,84444100,NaN,NaN,NaN,NaN,NaN,NaN,NaN
1517533200,0.33,0.335,0.325,0.335,70173800,NaN,NaN,NaN,NaN,NaN,NaN,NaN
1517792400,0.32,0.33,0.315,0.325,49087000,NaN,NaN,NaN,NaN,NaN,NaN,NaN
1517878800,0.31,0.315,0.295,0.31,152714900,NaN,NaN,NaN,NaN,NaN,NaN,NaN
1517965200,0.32,0.32,0.305,0.305,61859000,NaN,NaN,NaN,NaN,NaN,NaN,NaN
1518051600,0.305,0.315,0.3,0.315,21631300,NaN,NaN,NaN,NaN,NaN,NaN,NaN
1518138000,0.3,0.31,0.3,0.305,37485100,NaN,NaN,NaN,NaN,NaN,NaN,NaN
1518397200,0.31,0.315,0.3,0.305,56254000,NaN,NaN,NaN,NaN,NaN,NaN,NaN
1518483600,0.31,0.31,0.305,0.305,21070600,NaN,NaN,NaN,NaN,NaN,NaN,NaN
1518570000,0.305,0.32,0.305,0.315,42374000,NaN,NaN,NaN,NaN,NaN,NaN,NaN
1518656400,0.32,0.33,0.32,0.32,20087700,NaN,NaN,NaN,NaN,NaN,NaN,NaN
1519002000,0.325,0.34,0.325,0.335,35680500,NaN,NaN,NaN,NaN,NaN,NaN,NaN
1519088400,0.34,0.345,0.325,0.33,43540700,NaN,NaN,NaN,NaN,NaN,NaN,NaN
1519174800,0.325,0.335,0.325,0.335,25167300,NaN,NaN,NaN,NaN,NaN,NaN,NaN
1519261200,0.33,0.34,0.33,0.33,11906800,NaN,NaN,NaN,NaN,NaN,NaN,NaN
1519347600,0.335,0.34,0.33,0.33,31441100,NaN,NaN,NaN,NaN,NaN,NaN,NaN
1519606800,0.34,0.34,0.325,0.325,41792200,NaN,NaN,NaN,NaN,NaN,NaN,NaN
1519693200,0.33,0.335,0.32,0.33,28397600,NaN,NaN,NaN,NaN,NaN,NaN,NaN
1519779600,0.31,0.32,0.305,0.32,79417700,NaN,NaN,NaN,NaN,NaN,NaN,NaN
1519866000,0.315,0.32,0.31,0.31,23534700,NaN,NaN,NaN,NaN,NaN,NaN,NaN
1519952400,0.31,0.315,0.305,0.31,27322800,NaN,NaN,NaN,NaN,NaN,NaN,NaN
1520211600,0.315,0.32,0.305,0.315,40561700,NaN,NaN,NaN,NaN,NaN,NaN,NaN
1520298000,0.315,0.315,0.305,0.305,28996500,NaN,NaN,NaN,NaN,NaN,NaN,NaN
1520384400,0.305,0.31,0.29,0.3,45859700,NaN,NaN,NaN,NaN,NaN,NaN,NaN
1520470800,0.3,0.31,0.3,0.305,11700200,NaN,NaN,NaN,NaN,NaN,NaN,NaN
1520557200,0.305,0.305,0.3,0.305,12375800,NaN,NaN,NaN,NaN,NaN,NaN,NaN
1520816400,0.305,0.31,0.3,0.305,29502500,NaN,NaN,NaN,NaN,NaN,NaN,NaN
1520902800,0.305,0.305,0.3,0.305,14665500,NaN,NaN,NaN,NaN,NaN,NaN,NaN
1520989200,0.3,0.305,0.295,0.3,30077900,NaN,NaN,NaN,NaN,NaN,NaN,NaN
1521075600,0.3,0.335,0.3,0.32,114825900,NaN,NaN,NaN,NaN,NaN,NaN,NaN
1521162000,0.32,0.325,0.31,0.31,49110700,NaN,NaN,NaN,NaN,NaN,NaN,NaN
1521421200,0.315,0.32,0.31,0.31,21688200,NaN,NaN,NaN,NaN,NaN,NaN,NaN
1521507600,0.31,0.315,0.305,0.31,11251600,NaN,NaN,NaN,NaN,NaN,NaN,NaN
1521594000,0.315,0.315,0.305,0.305,23835400,NaN,NaN,NaN,NaN,NaN,NaN,NaN
1521680400,0.31,0.32,0.31,0.31,31932200,NaN,NaN,NaN,NaN,NaN,NaN,NaN
1521766800,0.305,0.31,0.305,0.31,15226200,NaN,NaN,NaN,NaN,NaN,NaN,NaN
1522026000,0.31,0.32,0.305,0.31,21375500,NaN,NaN,NaN,NaN,NaN,NaN,NaN
1522112400,0.315,0.315,0.305,0.31,8915100,NaN,NaN,NaN,NaN,NaN,NaN,NaN
1522198800,0.31,0.315,0.3,0.305,20466500,NaN,NaN,NaN,NaN,NaN,NaN,NaN
1522285200,0.305,0.315,0.3,0.31,27671000,NaN,NaN,NaN,NaN,NaN,NaN,NaN
1522371600,0.31,0.315,0.305,0.31,15864900,8215599600,4152104000.0000005,1495806000,3408000,121763000,2654118000,0
1522630800,0.31,0.32,0.305,0.315,27630600,NaN,NaN,NaN,NaN,NaN,NaN,NaN
1522717200,0.31,0.315,0.3,0.31,36591600,NaN,NaN,NaN,NaN,NaN,NaN,NaN
1522803600,0.305,0.31,0.28,0.285,58879700,NaN,NaN,NaN,NaN,NaN,NaN,NaN
1522890000,0.29,0.295,0.23,0.235,160758100,NaN,NaN,NaN,NaN,NaN,NaN,NaN
1522976400,0.235,0.25,0.215,0.235,126435200,NaN,NaN,NaN,NaN,NaN,NaN,NaN
1523235600,0.23,0.25,0.22,0.245,85790300,NaN,NaN,NaN,NaN,NaN,NaN,NaN
1523322000,0.245,0.275,0.24,0.275,174190300,NaN,NaN,NaN,NaN,NaN,NaN,NaN
1523408400,0.28,0.305,0.275,0.295,201221500,NaN,NaN,NaN,NaN,NaN,NaN,NaN
1523494800,0.3,0.31,0.29,0.295,123428300,NaN,NaN,NaN,NaN,NaN,NaN,NaN
1523581200,0.295,0.3,0.29,0.3,34202300,NaN,NaN,NaN,NaN,NaN,NaN,NaN
1523840400,0.3,0.325,0.3,0.315,164836900,NaN,NaN,NaN,NaN,NaN,NaN,NaN
1523926800,0.315,0.32,0.295,0.3,97123400,NaN,NaN,NaN,NaN,NaN,NaN,NaN
1524013200,0.305,0.305,0.285,0.295,61912700,NaN,NaN,NaN,NaN,NaN,NaN,NaN
1524099600,0.3,0.305,0.295,0.3,49109500,NaN,NaN,NaN,NaN,NaN,NaN,NaN
1524186000,0.3,0.3,0.29,0.29,38122300,NaN,NaN,NaN,NaN,NaN,NaN,NaN
1524445200,0.29,0.29,0.27,0.275,73096500,NaN,NaN,NaN,NaN,NaN,NaN,NaN
1524531600,0.28,0.285,0.27,0.28,37334200,NaN,NaN,NaN,NaN,NaN,NaN,NaN
1524618000,0.27,0.275,0.265,0.265,21557100,NaN,NaN,NaN,NaN,NaN,NaN,NaN
1524704400,0.27,0.275,0.265,0.275,29068900,NaN,NaN,NaN,NaN,NaN,NaN,NaN
1524790800,0.275,0.275,0.265,0.275,15685100,NaN,NaN,NaN,NaN,NaN,NaN,NaN
1525050000,0.275,0.275,0.26,0.27,28140800,NaN,NaN,NaN,NaN,NaN,NaN,NaN
1525222800,0.265,0.285,0.26,0.28,55763800,NaN,NaN,NaN,NaN,NaN,NaN,NaN
1525309200,0.275,0.285,0.275,0.28,15627200,NaN,NaN,NaN,NaN,NaN,NaN,NaN
1525395600,0.28,0.28,0.27,0.275,18636500,NaN,NaN,NaN,NaN,NaN,NaN,NaN
1525654800,0.275,0.28,0.265,0.275,16352600,NaN,NaN,NaN,NaN,NaN,NaN,NaN
1525741200,0.275,0.285,0.265,0.275,53596000,NaN,NaN,NaN,NaN,NaN,NaN,NaN
1526259600,0.28,0.325,0.275,0.305,135228900,NaN,NaN,NaN,NaN,NaN,NaN,NaN
1526346000,0.315,0.315,0.29,0.295,39594200,NaN,NaN,NaN,NaN,NaN,NaN,NaN
1526432400,0.305,0.32,0.3,0.3,74324500,NaN,NaN,NaN,NaN,NaN,NaN,NaN
1526518800,0.305,0.31,0.295,0.305,25114300,NaN,NaN,NaN,NaN,NaN,NaN,NaN
1526605200,0.305,0.305,0.295,0.3,30759300,NaN,NaN,NaN,NaN,NaN,NaN,NaN
1526864400,0.3,0.305,0.295,0.295,27468800,NaN,NaN,NaN,NaN,NaN,NaN,NaN
1526950800,0.3,0.3,0.29,0.29,35510300,NaN,NaN,NaN,NaN,NaN,NaN,NaN
1527037200,0.295,0.295,0.28,0.285,32201700,NaN,NaN,NaN,NaN,NaN,NaN,NaN
1527123600,0.285,0.29,0.275,0.28,28450200,NaN,NaN,NaN,NaN,NaN,NaN,NaN
1527210000,0.29,0.295,0.285,0.295,24762100,NaN,NaN,NaN,NaN,NaN,NaN,NaN
1527469200,0.29,0.29,0.28,0.285,13089000,NaN,NaN,NaN,NaN,NaN,NaN,NaN
1527642000,0.28,0.285,0.255,0.26,42207500,NaN,NaN,NaN,NaN,NaN,NaN,NaN
1527728400,0.27,0.275,0.265,0.27,21192100,NaN,NaN,NaN,NaN,NaN,NaN,NaN
1527814800,0.27,0.28,0.26,0.265,43528500,NaN,NaN,NaN,NaN,NaN,NaN,NaN
1528074000,0.265,0.27,0.255,0.27,17306400,NaN,NaN,NaN,NaN,NaN,NaN,NaN
1528160400,0.27,0.28,0.265,0.28,36151900,NaN,NaN,NaN,NaN,NaN,NaN,NaN
1528246800,0.285,0.29,0.275,0.285,35133900,NaN,NaN,NaN,NaN,NaN,NaN,NaN
1528333200,0.29,0.295,0.28,0.29,20872800,NaN,NaN,NaN,NaN,NaN,NaN,NaN
1528419600,0.29,0.3,0.285,0.29,31970200,NaN,NaN,NaN,NaN,NaN,NaN,NaN
1528678800,0.29,0.295,0.28,0.285,21194700,NaN,NaN,NaN,NaN,NaN,NaN,NaN
1528765200,0.285,0.295,0.285,0.285,13165000,NaN,NaN,NaN,NaN,NaN,NaN,NaN
1528851600,0.29,0.29,0.275,0.275,13328400,NaN,NaN,NaN,NaN,NaN,NaN,NaN
1528938000,0.275,0.285,0.275,0.28,15593100,NaN,NaN,NaN,NaN,NaN,NaN,NaN
1529283600,0.275,0.28,0.27,0.275,12688600,NaN,NaN,NaN,NaN,NaN,NaN,NaN
1529370000,0.28,0.28,0.27,0.275,7973500,NaN,NaN,NaN,NaN,NaN,NaN,NaN
1529456400,0.275,0.285,0.275,0.28,4567400,NaN,NaN,NaN,NaN,NaN,NaN,NaN
1529542800,0.28,0.28,0.265,0.27,12939900,NaN,NaN,NaN,NaN,NaN,NaN,NaN
1529629200,0.27,0.28,0.27,0.275,10230900,NaN,NaN,NaN,NaN,NaN,NaN,NaN
1529888400,0.28,0.285,0.27,0.275,15538500,NaN,NaN,NaN,NaN,NaN,NaN,NaN
1529974800,0.275,0.275,0.27,0.275,9621500,NaN,NaN,NaN,NaN,NaN,NaN,NaN
1530061200,0.275,0.28,0.27,0.27,8805900,NaN,NaN,NaN,NaN,NaN,NaN,NaN
1530147600,0.27,0.275,0.27,0.27,2672700,NaN,NaN,NaN,NaN,NaN,NaN,NaN
1530234000,0.27,0.28,0.27,0.28,11787100,8215599600,4281578000.0000005,1542038000,-2862000,111842000,2738058000,0
1530493200,0.28,0.28,0.27,0.275,4781000,NaN,NaN,NaN,NaN,NaN,NaN,NaN
1530579600,0.28,0.285,0.275,0.28,16710900,NaN,NaN,NaN,NaN,NaN,NaN,NaN
1530666000,0.285,0.3,0.28,0.295,38897200,NaN,NaN,NaN,NaN,NaN,NaN,NaN
1530752400,0.3,0.3,0.285,0.29,19598100,NaN,NaN,NaN,NaN,NaN,NaN,NaN
1530838800,0.29,0.29,0.28,0.285,9728000,NaN,NaN,NaN,NaN,NaN,NaN,NaN
1531098000,0.285,0.29,0.28,0.29,10132700,NaN,NaN,NaN,NaN,NaN,NaN,NaN
1531184400,0.29,0.29,0.28,0.285,5572100,NaN,NaN,NaN,NaN,NaN,NaN,NaN
1531270800,0.285,0.285,0.28,0.28,11994000,NaN,NaN,NaN,NaN,NaN,NaN,NaN
1531357200,0.275,0.285,0.275,0.285,8466000,NaN,NaN,NaN,NaN,NaN,NaN,NaN
1531443600,0.285,0.29,0.28,0.285,12203000,NaN,NaN,NaN,NaN,NaN,NaN,NaN
1531702800,0.285,0.29,0.28,0.285,12928900,NaN,NaN,NaN,NaN,NaN,NaN,NaN
1531789200,0.285,0.29,0.28,0.29,17594700,NaN,NaN,NaN,NaN,NaN,NaN,NaN
1531875600,0.29,0.295,0.28,0.28,20761800,NaN,NaN,NaN,NaN,NaN,NaN,NaN
1531962000,0.285,0.295,0.285,0.285,39618900,NaN,NaN,NaN,NaN,NaN,NaN,NaN
1532048400,0.285,0.29,0.285,0.285,2283900,NaN,NaN,NaN,NaN,NaN,NaN,NaN
1532307600,0.285,0.295,0.28,0.295,20786900,NaN,NaN,NaN,NaN,NaN,NaN,NaN
1532394000,0.295,0.295,0.285,0.29,18509800,NaN,NaN,NaN,NaN,NaN,NaN,NaN
1532480400,0.295,0.31,0.29,0.305,95277800,NaN,NaN,NaN,NaN,NaN,NaN,NaN
1532566800,0.31,0.31,0.3,0.3,17863000,NaN,NaN,NaN,NaN,NaN,NaN,NaN
1532653200,0.305,0.305,0.295,0.3,21643500,NaN,NaN,NaN,NaN,NaN,NaN,NaN
1532912400,0.31,0.32,0.3,0.305,61597900,NaN,NaN,NaN,NaN,NaN,NaN,NaN
1532998800,0.305,0.305,0.295,0.295,16082500,NaN,NaN,NaN,NaN,NaN,NaN,NaN
1533085200,0.295,0.305,0.29,0.3,29989400,NaN,NaN,NaN,NaN,NaN,NaN,NaN
1533171600,0.3,0.3,0.285,0.29,14575300,NaN,NaN,NaN,NaN,NaN,NaN,NaN
1533258000,0.29,0.295,0.29,0.295,13289400,NaN,NaN,NaN,NaN,NaN,NaN,NaN
1533517200,0.29,0.295,0.285,0.295,9554700,NaN,NaN,NaN,NaN,NaN,NaN,NaN
1533603600,0.295,0.295,0.29,0.295,3242700,NaN,NaN,NaN,NaN,NaN,NaN,NaN
1533690000,0.29,0.3,0.29,0.295,29153000,NaN,NaN,NaN,NaN,NaN,NaN,NaN
1533776400,0.295,0.295,0.29,0.29,12610400,NaN,NaN,NaN,NaN,NaN,NaN,NaN
1533862800,0.295,0.3,0.29,0.29,16349400,NaN,NaN,NaN,NaN,NaN,NaN,NaN
1534122000,0.29,0.29,0.285,0.285,22861400,NaN,NaN,NaN,NaN,NaN,NaN,NaN
1534208400,0.29,0.29,0.285,0.285,3989800,NaN,NaN,NaN,NaN,NaN,NaN,NaN
1534294800,0.29,0.29,0.28,0.285,12275500,NaN,NaN,NaN,NaN,NaN,NaN,NaN
1534381200,0.285,0.285,0.28,0.285,14615000,NaN,NaN,NaN,NaN,NaN,NaN,NaN
1534467600,0.285,0.29,0.28,0.29,6993800,NaN,NaN,NaN,NaN,NaN,NaN,NaN
1534726800,0.29,0.29,0.285,0.29,18291100,NaN,NaN,NaN,NaN,NaN,NaN,NaN
1534813200,0.285,0.285,0.28,0.28,13724900,NaN,NaN,NaN,NaN,NaN,NaN,NaN
1534986000,0.285,0.29,0.28,0.285,15853600,NaN,NaN,NaN,NaN,NaN,NaN,NaN
1535072400,0.28,0.285,0.28,0.28,7336700,NaN,NaN,NaN,NaN,NaN,NaN,NaN
1535331600,0.28,0.285,0.27,0.275,18360200,NaN,NaN,NaN,NaN,NaN,NaN,NaN
1535418000,0.275,0.28,0.27,0.275,13559600,NaN,NaN,NaN,NaN,NaN,NaN,NaN
1535504400,0.27,0.275,0.265,0.27,16291500,NaN,NaN,NaN,NaN,NaN,NaN,NaN
1535590800,0.275,0.275,0.265,0.27,9062400,NaN,NaN,NaN,NaN,NaN,NaN,NaN
1535936400,0.27,0.275,0.265,0.27,18221100,NaN,NaN,NaN,NaN,NaN,NaN,NaN
1536022800,0.27,0.275,0.265,0.27,26143900,NaN,NaN,NaN,NaN,NaN,NaN,NaN
1536109200,0.27,0.275,0.26,0.265,16626200,NaN,NaN,NaN,NaN,NaN,NaN,NaN
1536195600,0.265,0.265,0.26,0.26,1856700,NaN,NaN,NaN,NaN,NaN,NaN,NaN
1536282000,0.26,0.265,0.26,0.26,9001800,NaN,NaN,NaN,NaN,NaN,NaN,NaN
1536714000,0.26,0.265,0.255,0.26,17403500,NaN,NaN,NaN,NaN,NaN,NaN,NaN
1536800400,0.265,0.27,0.26,0.265,8627500,NaN,NaN,NaN,NaN,NaN,NaN,NaN
1536886800,0.27,0.295,0.265,0.275,49193000,NaN,NaN,NaN,NaN,NaN,NaN,NaN
1537232400,0.27,0.275,0.27,0.27,1719600,NaN,NaN,NaN,NaN,NaN,NaN,NaN
1537318800,0.27,0.28,0.27,0.28,6511200,NaN,NaN,NaN,NaN,NaN,NaN,NaN
1537405200,0.275,0.28,0.27,0.27,21321300,NaN,NaN,NaN,NaN,NaN,NaN,NaN
1537491600,0.275,0.285,0.265,0.28,35666600,NaN,NaN,NaN,NaN,NaN,NaN,NaN
1537750800,0.285,0.285,0.275,0.28,8847000,NaN,NaN,NaN,NaN,NaN,NaN,NaN
1537837200,0.29,0.29,0.28,0.285,12525200,NaN,NaN,NaN,NaN,NaN,NaN,NaN
1537923600,0.285,0.29,0.285,0.285,6392300,NaN,NaN,NaN,NaN,NaN,NaN,NaN
1538010000,0.29,0.295,0.28,0.29,35015400,NaN,NaN,NaN,NaN,NaN,NaN,NaN
1538096400,0.295,0.295,0.28,0.28,44837000,8215599600,4378642000,1593858000,11010000,150324000,2783343000,0
1538355600,0.285,0.295,0.28,0.29,36204300,NaN,NaN,NaN,NaN,NaN,NaN,NaN
1538442000,0.295,0.305,0.285,0.285,107416800,NaN,NaN,NaN,NaN,NaN,NaN,NaN
1538528400,0.29,0.295,0.28,0.285,28261000,NaN,NaN,NaN,NaN,NaN,NaN,NaN
1538614800,0.29,0.29,0.28,0.28,5554700,NaN,NaN,NaN,NaN,NaN,NaN,NaN
1538701200,0.28,0.28,0.27,0.275,19370700,NaN,NaN,NaN,NaN,NaN,NaN,NaN
1538960400,0.275,0.275,0.27,0.27,18167400,NaN,NaN,NaN,NaN,NaN,NaN,NaN
1539046800,0.275,0.275,0.27,0.27,5795500,NaN,NaN,NaN,NaN,NaN,NaN,NaN
1539133200,0.275,0.275,0.265,0.27,17643200,NaN,NaN,NaN,NaN,NaN,NaN,NaN
1539219600,0.26,0.265,0.255,0.26,29687700,NaN,NaN,NaN,NaN,NaN,NaN,NaN
1539306000,0.265,0.27,0.26,0.27,21011800,NaN,NaN,NaN,NaN,NaN,NaN,NaN
1539565200,0.27,0.275,0.26,0.27,15658000,NaN,NaN,NaN,NaN,NaN,NaN,NaN
1539651600,0.27,0.27,0.26,0.265,4959900,NaN,NaN,NaN,NaN,NaN,NaN,NaN
1539738000,0.27,0.27,0.26,0.265,5510100,NaN,NaN,NaN,NaN,NaN,NaN,NaN
1539824400,0.265,0.265,0.26,0.265,8396400,NaN,NaN,NaN,NaN,NaN,NaN,NaN
1539910800,0.26,0.265,0.26,0.265,7624300,NaN,NaN,NaN,NaN,NaN,NaN,NaN
1540170000,0.265,0.27,0.26,0.265,3812000,NaN,NaN,NaN,NaN,NaN,NaN,NaN
1540256400,0.265,0.265,0.26,0.265,9375000,NaN,NaN,NaN,NaN,NaN,NaN,NaN
1540342800,0.26,0.265,0.26,0.26,9198900,NaN,NaN,NaN,NaN,NaN,NaN,NaN
1540429200,0.26,0.26,0.25,0.26,25367800,NaN,NaN,NaN,NaN,NaN,NaN,NaN
1540515600,0.26,0.265,0.255,0.265,16253000,NaN,NaN,NaN,NaN,NaN,NaN,NaN
1540774800,0.26,0.265,0.26,0.26,6917300,NaN,NaN,NaN,NaN,NaN,NaN,NaN
1540861200,0.265,0.265,0.255,0.255,16822100,NaN,NaN,NaN,NaN,NaN,NaN,NaN
1540947600,0.255,0.26,0.255,0.26,2833800,NaN,NaN,NaN,NaN,NaN,NaN,NaN
1541034000,0.255,0.26,0.25,0.255,10767700,NaN,NaN,NaN,NaN,NaN,NaN,NaN
1541120400,0.255,0.27,0.25,0.255,47080700,NaN,NaN,NaN,NaN,NaN,NaN,NaN
1541379600,0.255,0.255,0.245,0.255,19397700,NaN,NaN,NaN,NaN,NaN,NaN,NaN
1541552400,0.255,0.265,0.25,0.26,22422400,NaN,NaN,NaN,NaN,NaN,NaN,NaN
1541638800,0.26,0.26,0.255,0.255,10565900,NaN,NaN,NaN,NaN,NaN,NaN,NaN
1541725200,0.255,0.26,0.255,0.255,3329100,NaN,NaN,NaN,NaN,NaN,NaN,NaN
1541984400,0.255,0.265,0.255,0.26,16959000,NaN,NaN,NaN,NaN,NaN,NaN,NaN
1542070800,0.26,0.265,0.255,0.265,15695400,NaN,NaN,NaN,NaN,NaN,NaN,NaN
1542157200,0.255,0.265,0.255,0.255,18098300,NaN,NaN,NaN,NaN,NaN,NaN,NaN
1542243600,0.26,0.265,0.255,0.265,6028800,NaN,NaN,NaN,NaN,NaN,NaN,NaN
1542330000,0.265,0.265,0.26,0.26,8585600,NaN,NaN,NaN,NaN,NaN,NaN,NaN
1542589200,0.265,0.265,0.255,0.265,4387900,NaN,NaN,NaN,NaN,NaN,NaN,NaN
1542762000,0.26,0.265,0.255,0.26,15510000,NaN,NaN,NaN,NaN,NaN,NaN,NaN
1542848400,0.26,0.26,0.255,0.26,3958400,NaN,NaN,NaN,NaN,NaN,NaN,NaN
1542934800,0.26,0.265,0.255,0.255,3527500,NaN,NaN,NaN,NaN,NaN,NaN,NaN
1543194000,0.255,0.255,0.25,0.25,4669900,NaN,NaN,NaN,NaN,NaN,NaN,NaN
1543280400,0.25,0.255,0.245,0.25,6649800,NaN,NaN,NaN,NaN,NaN,NaN,NaN
1543366800,0.245,0.25,0.24,0.24,7037400,NaN,NaN,NaN,NaN,NaN,NaN,NaN
1543453200,0.24,0.245,0.225,0.23,11771300,NaN,NaN,NaN,NaN,NaN,NaN,NaN
1543539600,0.225,0.225,0.195,0.22,43933600,NaN,NaN,NaN,NaN,NaN,NaN,NaN
1543798800,0.22,0.225,0.215,0.225,12736100,NaN,NaN,NaN,NaN,NaN,NaN,NaN
1543885200,0.225,0.225,0.21,0.225,16352300,NaN,NaN,NaN,NaN,NaN,NaN,NaN
1543971600,0.22,0.225,0.215,0.22,6377800,NaN,NaN,NaN,NaN,NaN,NaN,NaN
1544058000,0.22,0.225,0.215,0.225,6048600,NaN,NaN,NaN,NaN,NaN,NaN,NaN
1544144400,0.22,0.225,0.215,0.22,6335800,NaN,NaN,NaN,NaN,NaN,NaN,NaN
1544403600,0.22,0.22,0.21,0.21,3244800,NaN,NaN,NaN,NaN,NaN,NaN,NaN
1544490000,0.215,0.215,0.2,0.2,16461300,NaN,NaN,NaN,NaN,NaN,NaN,NaN
1544576400,0.205,0.21,0.2,0.2,13499900,NaN,NaN,NaN,NaN,NaN,NaN,NaN
1544662800,0.2,0.21,0.2,0.205,6754800,NaN,NaN,NaN,NaN,NaN,NaN,NaN
1544749200,0.205,0.21,0.2,0.2,7735800,NaN,NaN,NaN,NaN,NaN,NaN,NaN
1545008400,0.205,0.205,0.2,0.2,2946300,NaN,NaN,NaN,NaN,NaN,NaN,NaN
1545094800,0.2,0.2,0.185,0.19,25611000,NaN,NaN,NaN,NaN,NaN,NaN,NaN
1545181200,0.19,0.19,0.175,0.18,18011900,NaN,NaN,NaN,NaN,NaN,NaN,NaN
1545267600,0.175,0.18,0.175,0.175,4976400,NaN,NaN,NaN,NaN,NaN,NaN,NaN
1545354000,0.175,0.175,0.165,0.175,11565300,NaN,NaN,NaN,NaN,NaN,NaN,NaN
1545613200,0.17,0.19,0.17,0.18,31621300,NaN,NaN,NaN,NaN,NaN,NaN,NaN
1545786000,0.175,0.175,0.17,0.175,8478000,NaN,NaN,NaN,NaN,NaN,NaN,NaN
1545872400,0.18,0.185,0.175,0.175,16119600,NaN,NaN,NaN,NaN,NaN,NaN,NaN
1545958800,0.17,0.18,0.165,0.18,31639200,NaN,NaN,NaN,NaN,NaN,NaN,NaN
1546218000,0.18,0.185,0.175,0.18,13276700,8215600000,4363442000,1564940000,34278000,189875000,2796972000,0
1546390800,0.18,0.18,0.175,0.18,5440300,NaN,NaN,NaN,NaN,NaN,NaN,NaN
1546477200,0.175,0.18,0.17,0.175,2405000,NaN,NaN,NaN,NaN,NaN,NaN,NaN
1546563600,0.175,0.18,0.165,0.175,24887500,NaN,NaN,NaN,NaN,NaN,NaN,NaN
1546822800,0.18,0.18,0.175,0.18,5349600,NaN,NaN,NaN,NaN,NaN,NaN,NaN
1546909200,0.18,0.18,0.175,0.175,3209600,NaN,NaN,NaN,NaN,NaN,NaN,NaN
1546995600,0.18,0.19,0.18,0.185,11618800,NaN,NaN,NaN,NaN,NaN,NaN,NaN
1547082000,0.19,0.22,0.19,0.215,32159400,NaN,NaN,NaN,NaN,NaN,NaN,NaN
1547168400,0.22,0.22,0.205,0.21,13667000,NaN,NaN,NaN,NaN,NaN,NaN,NaN
1547427600,0.21,0.215,0.205,0.21,5649000,NaN,NaN,NaN,NaN,NaN,NaN,NaN
1547514000,0.205,0.215,0.2,0.205,5999500,NaN,NaN,NaN,NaN,NaN,NaN,NaN
1547600400,0.205,0.21,0.2,0.2,7323100,NaN,NaN,NaN,NaN,NaN,NaN,NaN
1547686800,0.205,0.21,0.2,0.205,6439000,NaN,NaN,NaN,NaN,NaN,NaN,NaN
1547773200,0.205,0.225,0.205,0.22,23784900,NaN,NaN,NaN,NaN,NaN,NaN,NaN
1548118800,0.225,0.235,0.22,0.22,13949200,NaN,NaN,NaN,NaN,NaN,NaN,NaN
1548205200,0.22,0.22,0.21,0.215,8404700,NaN,NaN,NaN,NaN,NaN,NaN,NaN
1548291600,0.215,0.225,0.21,0.22,5002300,NaN,NaN,NaN,NaN,NaN,NaN,NaN
1548378000,0.22,0.225,0.215,0.22,7708800,NaN,NaN,NaN,NaN,NaN,NaN,NaN
1548637200,0.22,0.225,0.205,0.205,7676100,NaN,NaN,NaN,NaN,NaN,NaN,NaN
1548723600,0.205,0.215,0.2,0.2,7059900,NaN,NaN,NaN,NaN,NaN,NaN,NaN
1548810000,0.21,0.21,0.195,0.2,10814700,NaN,NaN,NaN,NaN,NaN,NaN,NaN
1548896400,0.2,0.205,0.19,0.19,11927800,NaN,NaN,NaN,NaN,NaN,NaN,NaN
1549242000,0.19,0.195,0.185,0.185,4453400,NaN,NaN,NaN,NaN,NaN,NaN,NaN
1549501200,0.19,0.195,0.185,0.195,9714800,NaN,NaN,NaN,NaN,NaN,NaN,NaN
1549587600,0.19,0.205,0.185,0.195,12736300,NaN,NaN,NaN,NaN,NaN,NaN,NaN
1549846800,0.195,0.2,0.195,0.2,10204800,NaN,NaN,NaN,NaN,NaN,NaN,NaN
1549933200,0.2,0.205,0.195,0.205,4059300,NaN,NaN,NaN,NaN,NaN,NaN,NaN
1550019600,0.21,0.225,0.21,0.215,28502900,NaN,NaN,NaN,NaN,NaN,NaN,NaN
1550106000,0.22,0.23,0.215,0.225,36157300,NaN,NaN,NaN,NaN,NaN,NaN,NaN
1550192400,0.23,0.23,0.22,0.22,6875200,NaN,NaN,NaN,NaN,NaN,NaN,NaN
1550451600,0.225,0.235,0.225,0.235,12602200,NaN,NaN,NaN,NaN,NaN,NaN,NaN
1550538000,0.23,0.24,0.23,0.235,15486200,NaN,NaN,NaN,NaN,NaN,NaN,NaN
1550624400,0.23,0.26,0.23,0.26,29763500,NaN,NaN,NaN,NaN,NaN,NaN,NaN
1550710800,0.26,0.26,0.24,0.24,22043100,NaN,NaN,NaN,NaN,NaN,NaN,NaN
1550797200,0.24,0.24,0.23,0.23,6952100,NaN,NaN,NaN,NaN,NaN,NaN,NaN
1551056400,0.235,0.25,0.235,0.245,9758100,NaN,NaN,NaN,NaN,NaN,NaN,NaN
1551142800,0.245,0.245,0.235,0.24,5893100,NaN,NaN,NaN,NaN,NaN,NaN,NaN
1551229200,0.24,0.24,0.23,0.23,6087200,NaN,NaN,NaN,NaN,NaN,NaN,NaN
1551315600,0.245,0.25,0.24,0.25,16854100,NaN,NaN,NaN,NaN,NaN,NaN,NaN
1551402000,0.25,0.25,0.24,0.245,18551100,NaN,NaN,NaN,NaN,NaN,NaN,NaN
1551661200,0.245,0.25,0.24,0.245,24898900,NaN,NaN,NaN,NaN,NaN,NaN,NaN
1551747600,0.245,0.26,0.24,0.26,29248900,NaN,NaN,NaN,NaN,NaN,NaN,NaN
1551834000,0.255,0.28,0.25,0.27,80180200,NaN,NaN,NaN,NaN,NaN,NaN,NaN
1551920400,0.275,0.275,0.265,0.27,26098100,NaN,NaN,NaN,NaN,NaN,NaN,NaN
1552006800,0.27,0.27,0.265,0.265,7093200,NaN,NaN,NaN,NaN,NaN,NaN,NaN
1552266000,0.27,0.28,0.27,0.28,40297400,NaN,NaN,NaN,NaN,NaN,NaN,NaN
1552352400,0.29,0.31,0.285,0.305,175137600,NaN,NaN,NaN,NaN,NaN,NaN,NaN
1552438800,0.31,0.315,0.305,0.305,98941000,NaN,NaN,NaN,NaN,NaN,NaN,NaN
1552525200,0.31,0.32,0.305,0.31,100876300,NaN,NaN,NaN,NaN,NaN,NaN,NaN
1552611600,0.31,0.315,0.305,0.31,44540100,NaN,NaN,NaN,NaN,NaN,NaN,NaN
1552870800,0.31,0.315,0.3,0.305,36303900,NaN,NaN,NaN,NaN,NaN,NaN,NaN
1552957200,0.31,0.31,0.28,0.285,40838500,NaN,NaN,NaN,NaN,NaN,NaN,NaN
1553043600,0.285,0.295,0.28,0.295,33790800,NaN,NaN,NaN,NaN,NaN,NaN,NaN
1553130000,0.3,0.3,0.29,0.295,24779200,NaN,NaN,NaN,NaN,NaN,NaN,NaN
1553216400,0.295,0.3,0.29,0.3,17389700,NaN,NaN,NaN,NaN,NaN,NaN,NaN
1553475600,0.295,0.295,0.285,0.295,16449800,NaN,NaN,NaN,NaN,NaN,NaN,NaN
1553562000,0.295,0.3,0.285,0.285,22209400,NaN,NaN,NaN,NaN,NaN,NaN,NaN
1553648400,0.29,0.295,0.285,0.285,28023700,NaN,NaN,NaN,NaN,NaN,NaN,NaN
1553734800,0.28,0.285,0.275,0.28,18100100,NaN,NaN,NaN,NaN,NaN,NaN,NaN
1553821200,0.285,0.29,0.28,0.285,13976200,8215600000,4211117000,1480107000,-1096000,127029000,2729615000,0
1554080400,0.29,0.295,0.285,0.29,8466600,NaN,NaN,NaN,NaN,NaN,NaN,NaN
1554166800,0.295,0.3,0.29,0.3,13723100,NaN,NaN,NaN,NaN,NaN,NaN,NaN
1554253200,0.3,0.305,0.295,0.3,17653400,NaN,NaN,NaN,NaN,NaN,NaN,NaN
1554339600,0.3,0.31,0.295,0.305,32060000,NaN,NaN,NaN,NaN,NaN,NaN,NaN
1554426000,0.3,0.31,0.3,0.305,18501700,NaN,NaN,NaN,NaN,NaN,NaN,NaN
1554685200,0.305,0.31,0.3,0.305,14001400,NaN,NaN,NaN,NaN,NaN,NaN,NaN
1554771600,0.31,0.315,0.305,0.305,16158600,NaN,NaN,NaN,NaN,NaN,NaN,NaN
1554858000,0.305,0.305,0.295,0.3,21908900,NaN,NaN,NaN,NaN,NaN,NaN,NaN
1554944400,0.305,0.305,0.295,0.295,8594100,NaN,NaN,NaN,NaN,NaN,NaN,NaN
1555030800,0.3,0.305,0.295,0.3,9147000,NaN,NaN,NaN,NaN,NaN,NaN,NaN
1555290000,0.3,0.305,0.295,0.3,13711500,NaN,NaN,NaN,NaN,NaN,NaN,NaN
1555376400,0.3,0.305,0.295,0.3,16224900,NaN,NaN,NaN,NaN,NaN,NaN,NaN
1555462800,0.3,0.305,0.295,0.3,17825500,NaN,NaN,NaN,NaN,NaN,NaN,NaN
1555549200,0.3,0.3,0.29,0.295,12144700,NaN,NaN,NaN,NaN,NaN,NaN,NaN
1555635600,0.295,0.3,0.295,0.3,4680100,NaN,NaN,NaN,NaN,NaN,NaN,NaN
1555894800,0.295,0.31,0.29,0.305,27029900,NaN,NaN,NaN,NaN,NaN,NaN,NaN
1555981200,0.31,0.32,0.31,0.315,74205700,NaN,NaN,NaN,NaN,NaN,NaN,NaN
1556067600,0.315,0.325,0.315,0.32,72625500,NaN,NaN,NaN,NaN,NaN,NaN,NaN
1556154000,0.32,0.32,0.31,0.315,17617800,NaN,NaN,NaN,NaN,NaN,NaN,NaN
1556240400,0.315,0.315,0.3,0.3,26329800,NaN,NaN,NaN,NaN,NaN,NaN,NaN
1556499600,0.3,0.3,0.29,0.295,19096500,NaN,NaN,NaN,NaN,NaN,NaN,NaN
1556586000,0.295,0.3,0.295,0.295,4858900,NaN,NaN,NaN,NaN,NaN,NaN,NaN
1556758800,0.295,0.3,0.29,0.3,13736900,NaN,NaN,NaN,NaN,NaN,NaN,NaN
1556845200,0.295,0.3,0.29,0.295,13413800,NaN,NaN,NaN,NaN,NaN,NaN,NaN
1557104400,0.29,0.295,0.275,0.275,32228400,NaN,NaN,NaN,NaN,NaN,NaN,NaN
1557190800,0.28,0.295,0.28,0.285,25688000,NaN,NaN,NaN,NaN,NaN,NaN,NaN
1557277200,0.28,0.285,0.28,0.28,9332100,NaN,NaN,NaN,NaN,NaN,NaN,NaN
1557363600,0.285,0.295,0.28,0.285,15527600,NaN,NaN,NaN,NaN,NaN,NaN,NaN
1557450000,0.285,0.29,0.27,0.275,31187600,NaN,NaN,NaN,NaN,NaN,NaN,NaN
1557709200,0.275,0.285,0.275,0.285,19055700,NaN,NaN,NaN,NaN,NaN,NaN,NaN
1557795600,0.27,0.285,0.27,0.275,26667500,NaN,NaN,NaN,NaN,NaN,NaN,NaN
1557882000,0.28,0.285,0.275,0.275,9880500,NaN,NaN,NaN,NaN,NaN,NaN,NaN
1557968400,0.28,0.285,0.275,0.275,2378000,NaN,NaN,NaN,NaN,NaN,NaN,NaN
1558054800,0.28,0.285,0.275,0.275,9288100,NaN,NaN,NaN,NaN,NaN,NaN,NaN
1558400400,0.28,0.29,0.28,0.285,13611200,NaN,NaN,NaN,NaN,NaN,NaN,NaN
1558573200,0.27,0.275,0.26,0.27,35027000,NaN,NaN,NaN,NaN,NaN,NaN,NaN
1558659600,0.265,0.275,0.265,0.27,6113300,NaN,NaN,NaN,NaN,NaN,NaN,NaN
1558918800,0.27,0.275,0.265,0.27,12263100,NaN,NaN,NaN,NaN,NaN,NaN,NaN
1559005200,0.27,0.275,0.27,0.275,9129000,NaN,NaN,NaN,NaN,NaN,NaN,NaN
1559091600,0.275,0.28,0.27,0.27,5449600,NaN,NaN,NaN,NaN,NaN,NaN,NaN
1559178000,0.27,0.28,0.27,0.275,7122400,NaN,NaN,NaN,NaN,NaN,NaN,NaN
1559264400,0.275,0.29,0.27,0.29,14706200,NaN,NaN,NaN,NaN,NaN,NaN,NaN
1559523600,0.285,0.285,0.275,0.275,4953800,NaN,NaN,NaN,NaN,NaN,NaN,NaN
1559610000,0.275,0.28,0.275,0.275,4610900,NaN,NaN,NaN,NaN,NaN,NaN,NaN
1559869200,0.275,0.28,0.275,0.28,7402800,NaN,NaN,NaN,NaN,NaN,NaN,NaN
1560128400,0.28,0.29,0.28,0.285,10458100,NaN,NaN,NaN,NaN,NaN,NaN,NaN
1560214800,0.285,0.29,0.28,0.285,3611800,NaN,NaN,NaN,NaN,NaN,NaN,NaN
1560301200,0.285,0.29,0.275,0.285,10751300,NaN,NaN,NaN,NaN,NaN,NaN,NaN
1560387600,0.285,0.29,0.28,0.285,5892600,NaN,NaN,NaN,NaN,NaN,NaN,NaN
1560474000,0.285,0.29,0.28,0.285,3904500,NaN,NaN,NaN,NaN,NaN,NaN,NaN
1560733200,0.285,0.29,0.28,0.29,5758600,NaN,NaN,NaN,NaN,NaN,NaN,NaN
1560819600,0.29,0.295,0.285,0.29,11168600,NaN,NaN,NaN,NaN,NaN,NaN,NaN
1560906000,0.29,0.29,0.28,0.285,14293900,NaN,NaN,NaN,NaN,NaN,NaN,NaN
1560992400,0.28,0.295,0.28,0.29,18033900,NaN,NaN,NaN,NaN,NaN,NaN,NaN
1561078800,0.295,0.3,0.285,0.295,14108600,NaN,NaN,NaN,NaN,NaN,NaN,NaN
1561338000,0.295,0.3,0.285,0.3,15235200,NaN,NaN,NaN,NaN,NaN,NaN,NaN
1561424400,0.3,0.305,0.3,0.3,7034800,NaN,NaN,NaN,NaN,NaN,NaN,NaN
1561510800,0.3,0.305,0.295,0.3,32245200,NaN,NaN,NaN,NaN,NaN,NaN,NaN
1561597200,0.295,0.3,0.295,0.295,7027500,NaN,NaN,NaN,NaN,NaN,NaN,NaN
1561683600,0.295,0.3,0.295,0.3,5592500,8215600000,4276587999.9999995,1494607000,31030000,157052000,2780571000,0
1561942800,0.3,0.305,0.295,0.3,26497100,NaN,NaN,NaN,NaN,NaN,NaN,NaN
1562029200,0.3,0.305,0.295,0.305,29436900,NaN,NaN,NaN,NaN,NaN,NaN,NaN
1562115600,0.305,0.31,0.3,0.305,21375400,NaN,NaN,NaN,NaN,NaN,NaN,NaN
1562202000,0.31,0.31,0.3,0.3,33737400,NaN,NaN,NaN,NaN,NaN,NaN,NaN
1562288400,0.3,0.3,0.29,0.295,34664200,NaN,NaN,NaN,NaN,NaN,NaN,NaN
1562547600,0.3,0.3,0.295,0.295,8739700,NaN,NaN,NaN,NaN,NaN,NaN,NaN
1562634000,0.295,0.3,0.295,0.295,13343900,NaN,NaN,NaN,NaN,NaN,NaN,NaN
1562720400,0.295,0.3,0.295,0.295,6048900,NaN,NaN,NaN,NaN,NaN,NaN,NaN
1562806800,0.3,0.305,0.295,0.3,9845200,NaN,NaN,NaN,NaN,NaN,NaN,NaN
1562893200,0.305,0.31,0.3,0.305,10706600,NaN,NaN,NaN,NaN,NaN,NaN,NaN
1563152400,0.3,0.305,0.3,0.3,8650200,NaN,NaN,NaN,NaN,NaN,NaN,NaN
1563238800,0.3,0.34,0.295,0.33,83783900,NaN,NaN,NaN,NaN,NaN,NaN,NaN
1563325200,0.325,0.335,0.32,0.32,67778800,NaN,NaN,NaN,NaN,NaN,NaN,NaN
1563411600,0.32,0.33,0.315,0.315,23776700,NaN,NaN,NaN,NaN,NaN,NaN,NaN
1563498000,0.315,0.325,0.31,0.32,26270100,NaN,NaN,NaN,NaN,NaN,NaN,NaN
1563757200,0.32,0.325,0.31,0.315,52091100,NaN,NaN,NaN,NaN,NaN,NaN,NaN
1563843600,0.32,0.32,0.31,0.315,41089400,NaN,NaN,NaN,NaN,NaN,NaN,NaN
1563930000,0.315,0.325,0.31,0.32,63675900,NaN,NaN,NaN,NaN,NaN,NaN,NaN
1564016400,0.32,0.325,0.315,0.32,33637700,NaN,NaN,NaN,NaN,NaN,NaN,NaN
1564102800,0.32,0.325,0.315,0.32,11153800,NaN,NaN,NaN,NaN,NaN,NaN,NaN
1564362000,0.32,0.325,0.315,0.32,14512900,NaN,NaN,NaN,NaN,NaN,NaN,NaN
1564534800,0.32,0.325,0.315,0.315,16459600,NaN,NaN,NaN,NaN,NaN,NaN,NaN
1564621200,0.315,0.32,0.31,0.315,20735600,NaN,NaN,NaN,NaN,NaN,NaN,NaN
1564707600,0.31,0.31,0.305,0.305,30129000,NaN,NaN,NaN,NaN,NaN,NaN,NaN
1564966800,0.305,0.305,0.295,0.3,23436100,NaN,NaN,NaN,NaN,NaN,NaN,NaN
1565053200,0.295,0.305,0.29,0.3,29836100,NaN,NaN,NaN,NaN,NaN,NaN,NaN
1565139600,0.3,0.305,0.295,0.3,26941400,NaN,NaN,NaN,NaN,NaN,NaN,NaN
1565226000,0.3,0.305,0.295,0.3,3592900,NaN,NaN,NaN,NaN,NaN,NaN,NaN
1565312400,0.3,0.325,0.3,0.305,34060700,NaN,NaN,NaN,NaN,NaN,NaN,NaN
1565658000,0.305,0.305,0.3,0.3,6242500,NaN,NaN,NaN,NaN,NaN,NaN,NaN
1565744400,0.31,0.31,0.3,0.3,23264100,NaN,NaN,NaN,NaN,NaN,NaN,NaN
1565830800,0.295,0.305,0.295,0.3,9481200,NaN,NaN,NaN,NaN,NaN,NaN,NaN
1565917200,0.3,0.305,0.295,0.3,9270800,NaN,NaN,NaN,NaN,NaN,NaN,NaN
1566176400,0.3,0.31,0.295,0.31,11832400,NaN,NaN,NaN,NaN,NaN,NaN,NaN
1566262800,0.305,0.31,0.305,0.305,6435800,NaN,NaN,NaN,NaN,NaN,NaN,NaN
1566349200,0.3,0.305,0.3,0.3,2408300,NaN,NaN,NaN,NaN,NaN,NaN,NaN
1566435600,0.305,0.305,0.295,0.3,7011100,NaN,NaN,NaN,NaN,NaN,NaN,NaN
1566522000,0.3,0.31,0.3,0.305,8252500,NaN,NaN,NaN,NaN,NaN,NaN,NaN
1566781200,0.3,0.305,0.295,0.3,13239600,NaN,NaN,NaN,NaN,NaN,NaN,NaN
1566867600,0.3,0.305,0.295,0.3,12971800,NaN,NaN,NaN,NaN,NaN,NaN,NaN
1566954000,0.3,0.305,0.295,0.3,7901400,NaN,NaN,NaN,NaN,NaN,NaN,NaN
1567040400,0.3,0.305,0.295,0.3,3458200,NaN,NaN,NaN,NaN,NaN,NaN,NaN
1567126800,0.3,0.31,0.3,0.305,8683300,NaN,NaN,NaN,NaN,NaN,NaN,NaN
1567472400,0.305,0.32,0.305,0.305,28593800,NaN,NaN,NaN,NaN,NaN,NaN,NaN
1567558800,0.305,0.31,0.3,0.305,14051300,NaN,NaN,NaN,NaN,NaN,NaN,NaN
1567645200,0.31,0.31,0.3,0.305,7218400,NaN,NaN,NaN,NaN,NaN,NaN,NaN
1567731600,0.305,0.31,0.305,0.305,4785200,NaN,NaN,NaN,NaN,NaN,NaN,NaN
1568077200,0.31,0.31,0.305,0.305,2892400,NaN,NaN,NaN,NaN,NaN,NaN,NaN
1568163600,0.305,0.315,0.305,0.31,18578800,NaN,NaN,NaN,NaN,NaN,NaN,NaN
1568250000,0.31,0.31,0.295,0.3,17711700,NaN,NaN,NaN,NaN,NaN,NaN,NaN
1568336400,0.3,0.31,0.295,0.3,8980800,NaN,NaN,NaN,NaN,NaN,NaN,NaN
1568682000,0.31,0.315,0.305,0.31,23130700,NaN,NaN,NaN,NaN,NaN,NaN,NaN
1568768400,0.315,0.315,0.3,0.305,5805200,NaN,NaN,NaN,NaN,NaN,NaN,NaN
1568854800,0.3,0.31,0.3,0.305,24530400,NaN,NaN,NaN,NaN,NaN,NaN,NaN
1568941200,0.305,0.315,0.3,0.315,50661300,NaN,NaN,NaN,NaN,NaN,NaN,NaN
1569200400,0.315,0.315,0.305,0.31,11083600,NaN,NaN,NaN,NaN,NaN,NaN,NaN
1569286800,0.315,0.325,0.31,0.325,32103900,NaN,NaN,NaN,NaN,NaN,NaN,NaN
1569373200,0.325,0.33,0.32,0.325,18644400,NaN,NaN,NaN,NaN,NaN,NaN,NaN
1569459600,0.325,0.33,0.32,0.325,10991000,NaN,NaN,NaN,NaN,NaN,NaN,NaN
1569546000,0.325,0.325,0.32,0.325,8785800,NaN,NaN,NaN,NaN,NaN,NaN,NaN
1569805200,0.325,0.33,0.32,0.33,15850500,8215600000,4342583000,1500214000,55807000,208573000,2841089000,0
1569891600,0.33,0.33,0.325,0.33,14722700,NaN,NaN,NaN,NaN,NaN,NaN,NaN
1569978000,0.325,0.325,0.315,0.32,9487000,NaN,NaN,NaN,NaN,NaN,NaN,NaN
1570064400,0.315,0.32,0.315,0.315,5029400,NaN,NaN,NaN,NaN,NaN,NaN,NaN
1570150800,0.315,0.315,0.315,0.315,3218600,NaN,NaN,NaN,NaN,NaN,NaN,NaN
1570410000,0.315,0.32,0.315,0.32,7980600,NaN,NaN,NaN,NaN,NaN,NaN,NaN
1570496400,0.32,0.32,0.315,0.315,1569900,NaN,NaN,NaN,NaN,NaN,NaN,NaN
1570582800,0.315,0.32,0.315,0.32,9500100,NaN,NaN,NaN,NaN,NaN,NaN,NaN
1570669200,0.315,0.33,0.315,0.325,19141100,NaN,NaN,NaN,NaN,NaN,NaN,NaN
1570755600,0.325,0.325,0.32,0.32,6146300,NaN,NaN,NaN,NaN,NaN,NaN,NaN
1571014800,0.325,0.34,0.32,0.33,40597700,NaN,NaN,NaN,NaN,NaN,NaN,NaN
1571101200,0.33,0.335,0.325,0.33,15473000,NaN,NaN,NaN,NaN,NaN,NaN,NaN
1571187600,0.335,0.345,0.33,0.33,45451200,NaN,NaN,NaN,NaN,NaN,NaN,NaN
1571274000,0.33,0.34,0.33,0.335,21252400,NaN,NaN,NaN,NaN,NaN,NaN,NaN
1571360400,0.335,0.34,0.325,0.33,23786500,NaN,NaN,NaN,NaN,NaN,NaN,NaN
1571619600,0.33,0.335,0.33,0.33,5503300,NaN,NaN,NaN,NaN,NaN,NaN,NaN
1571706000,0.335,0.34,0.33,0.33,14530900,NaN,NaN,NaN,NaN,NaN,NaN,NaN
1571792400,0.335,0.365,0.33,0.355,160695400,NaN,NaN,NaN,NaN,NaN,NaN,NaN
1571878800,0.355,0.36,0.345,0.345,49339400,NaN,NaN,NaN,NaN,NaN,NaN,NaN
1571965200,0.35,0.365,0.345,0.365,70151200,NaN,NaN,NaN,NaN,NaN,NaN,NaN
1572310800,0.365,0.38,0.365,0.37,81465600,NaN,NaN,NaN,NaN,NaN,NaN,NaN
1572397200,0.37,0.375,0.355,0.36,86259700,NaN,NaN,NaN,NaN,NaN,NaN,NaN
1572483600,0.36,0.37,0.355,0.355,100756000,NaN,NaN,NaN,NaN,NaN,NaN,NaN
1572570000,0.355,0.36,0.35,0.35,31474900,NaN,NaN,NaN,NaN,NaN,NaN,NaN
1572829200,0.355,0.36,0.345,0.36,50131900,NaN,NaN,NaN,NaN,NaN,NaN,NaN
1572915600,0.36,0.365,0.355,0.36,75493600,NaN,NaN,NaN,NaN,NaN,NaN,NaN
1573002000,0.38,0.4,0.37,0.385,285077800,NaN,NaN,NaN,NaN,NaN,NaN,NaN
1573088400,0.39,0.41,0.39,0.4,129695100,NaN,NaN,NaN,NaN,NaN,NaN,NaN
1573174800,0.4,0.405,0.39,0.395,65416600,NaN,NaN,NaN,NaN,NaN,NaN,NaN
1573434000,0.395,0.4,0.385,0.385,70535500,NaN,NaN,NaN,NaN,NaN,NaN,NaN
1573520400,0.385,0.395,0.385,0.39,59342000,NaN,NaN,NaN,NaN,NaN,NaN,NaN
1573606800,0.39,0.395,0.39,0.39,38424400,NaN,NaN,NaN,NaN,NaN,NaN,NaN
1573693200,0.39,0.395,0.38,0.38,41528300,NaN,NaN,NaN,NaN,NaN,NaN,NaN
1573779600,0.38,0.39,0.38,0.38,50830300,NaN,NaN,NaN,NaN,NaN,NaN,NaN
1574038800,0.385,0.395,0.385,0.385,36467900,NaN,NaN,NaN,NaN,NaN,NaN,NaN
1574125200,0.385,0.39,0.38,0.38,19142500,NaN,NaN,NaN,NaN,NaN,NaN,NaN
1574211600,0.38,0.39,0.38,0.385,20926100,NaN,NaN,NaN,NaN,NaN,NaN,NaN
1574298000,0.39,0.395,0.385,0.39,26878500,NaN,NaN,NaN,NaN,NaN,NaN,NaN
1574384400,0.39,0.39,0.385,0.385,9156800,NaN,NaN,NaN,NaN,NaN,NaN,NaN
1574643600,0.385,0.385,0.375,0.38,19685000,NaN,NaN,NaN,NaN,NaN,NaN,NaN
1574730000,0.38,0.385,0.38,0.385,19373400,NaN,NaN,NaN,NaN,NaN,NaN,NaN
1574816400,0.385,0.395,0.38,0.38,46729900,NaN,NaN,NaN,NaN,NaN,NaN,NaN
1574902800,0.38,0.385,0.375,0.38,12362400,NaN,NaN,NaN,NaN,NaN,NaN,NaN
1574989200,0.39,0.39,0.38,0.385,40421000,NaN,NaN,NaN,NaN,NaN,NaN,NaN
1575248400,0.385,0.395,0.385,0.385,25283800,NaN,NaN,NaN,NaN,NaN,NaN,NaN
1575334800,0.39,0.395,0.385,0.39,34529600,NaN,NaN,NaN,NaN,NaN,NaN,NaN
1575421200,0.39,0.39,0.38,0.39,13051100,NaN,NaN,NaN,NaN,NaN,NaN,NaN
1575507600,0.39,0.395,0.385,0.39,28392700,NaN,NaN,NaN,NaN,NaN,NaN,NaN
1575594000,0.39,0.39,0.375,0.375,37985500,NaN,NaN,NaN,NaN,NaN,NaN,NaN
1575853200,0.375,0.375,0.365,0.365,13281300,NaN,NaN,NaN,NaN,NaN,NaN,NaN
1575939600,0.365,0.37,0.36,0.365,37775700,NaN,NaN,NaN,NaN,NaN,NaN,NaN
1576026000,0.37,0.375,0.365,0.365,9845000,NaN,NaN,NaN,NaN,NaN,NaN,NaN
1576112400,0.375,0.38,0.355,0.365,39763800,NaN,NaN,NaN,NaN,NaN,NaN,NaN
1576198800,0.365,0.38,0.36,0.38,72534900,NaN,NaN,NaN,NaN,NaN,NaN,NaN
1576458000,0.38,0.385,0.38,0.38,19059800,NaN,NaN,NaN,NaN,NaN,NaN,NaN
1576544400,0.385,0.385,0.38,0.38,29781400,NaN,NaN,NaN,NaN,NaN,NaN,NaN
1576630800,0.385,0.385,0.38,0.38,22508000,NaN,NaN,NaN,NaN,NaN,NaN,NaN
1576717200,0.38,0.38,0.375,0.38,21673900,NaN,NaN,NaN,NaN,NaN,NaN,NaN
1576803600,0.38,0.38,0.375,0.375,11941000,NaN,NaN,NaN,NaN,NaN,NaN,NaN
1577062800,0.38,0.39,0.375,0.385,44738000,NaN,NaN,NaN,NaN,NaN,NaN,NaN
1577149200,0.39,0.39,0.375,0.375,15771700,NaN,NaN,NaN,NaN,NaN,NaN,NaN
1577322000,0.375,0.385,0.375,0.375,11358200,NaN,NaN,NaN,NaN,NaN,NaN,NaN
1577408400,0.38,0.39,0.375,0.38,63470300,NaN,NaN,NaN,NaN,NaN,NaN,NaN
1577667600,0.38,0.385,0.38,0.38,15997500,NaN,NaN,NaN,NaN,NaN,NaN,NaN
1577754000,0.38,0.385,0.38,0.38,20320000,8215600000,4265390000.0000005,1461914000,28725000,178101000,2802216000,0
1577926800,0.38,0.39,0.38,0.385,43952500,NaN,NaN,NaN,NaN,NaN,NaN,NaN
1578013200,0.385,0.395,0.375,0.385,78155300,NaN,NaN,NaN,NaN,NaN,NaN,NaN
1578272400,0.39,0.41,0.385,0.4,132229300,NaN,NaN,NaN,NaN,NaN,NaN,NaN
1578358800,0.395,0.4,0.385,0.385,29158100,NaN,NaN,NaN,NaN,NaN,NaN,NaN
1578445200,0.395,0.4,0.39,0.395,89092500,NaN,NaN,NaN,NaN,NaN,NaN,NaN
1578531600,0.39,0.395,0.38,0.39,34012700,NaN,NaN,NaN,NaN,NaN,NaN,NaN
1578618000,0.39,0.395,0.385,0.395,22048100,NaN,NaN,NaN,NaN,NaN,NaN,NaN
1578877200,0.395,0.395,0.38,0.385,22031600,NaN,NaN,NaN,NaN,NaN,NaN,NaN
1578963600,0.385,0.39,0.375,0.38,29320300,NaN,NaN,NaN,NaN,NaN,NaN,NaN
1579050000,0.38,0.38,0.37,0.38,25914600,NaN,NaN,NaN,NaN,NaN,NaN,NaN
1579136400,0.38,0.38,0.375,0.38,7935100,NaN,NaN,NaN,NaN,NaN,NaN,NaN
1579222800,0.38,0.385,0.365,0.37,27291300,NaN,NaN,NaN,NaN,NaN,NaN,NaN
1579482000,0.37,0.375,0.365,0.37,8014600,NaN,NaN,NaN,NaN,NaN,NaN,NaN
1579568400,0.37,0.38,0.37,0.375,21310100,NaN,NaN,NaN,NaN,NaN,NaN,NaN
1579654800,0.375,0.375,0.37,0.37,17937700,NaN,NaN,NaN,NaN,NaN,NaN,NaN
1579741200,0.37,0.37,0.365,0.365,8277400,NaN,NaN,NaN,NaN,NaN,NaN,NaN
1579827600,0.365,0.37,0.36,0.36,7569300,NaN,NaN,NaN,NaN,NaN,NaN,NaN
1580173200,0.355,0.355,0.34,0.35,16299100,NaN,NaN,NaN,NaN,NaN,NaN,NaN
1580259600,0.35,0.36,0.35,0.355,11295900,NaN,NaN,NaN,NaN,NaN,NaN,NaN
1580346000,0.355,0.36,0.35,0.355,8578100,NaN,NaN,NaN,NaN,NaN,NaN,NaN
1580432400,0.355,0.355,0.34,0.345,28049500,NaN,NaN,NaN,NaN,NaN,NaN,NaN
1580691600,0.33,0.375,0.32,0.35,52674100,NaN,NaN,NaN,NaN,NaN,NaN,NaN
1580778000,0.345,0.355,0.345,0.345,9950700,NaN,NaN,NaN,NaN,NaN,NaN,NaN
1580864400,0.345,0.355,0.345,0.35,22013800,NaN,NaN,NaN,NaN,NaN,NaN,NaN
1580950800,0.355,0.36,0.345,0.355,32234000,NaN,NaN,NaN,NaN,NaN,NaN,NaN
1581037200,0.355,0.355,0.345,0.35,9221500,NaN,NaN,NaN,NaN,NaN,NaN,NaN
1581296400,0.35,0.35,0.335,0.34,16317900,NaN,NaN,NaN,NaN,NaN,NaN,NaN
1581382800,0.34,0.35,0.335,0.34,13020800,NaN,NaN,NaN,NaN,NaN,NaN,NaN
1581469200,0.345,0.345,0.34,0.345,10588100,NaN,NaN,NaN,NaN,NaN,NaN,NaN
1581555600,0.345,0.35,0.34,0.35,19037700,NaN,NaN,NaN,NaN,NaN,NaN,NaN
1581642000,0.35,0.35,0.34,0.34,6573400,NaN,NaN,NaN,NaN,NaN,NaN,NaN
1581901200,0.345,0.35,0.34,0.345,8233400,NaN,NaN,NaN,NaN,NaN,NaN,NaN
1581987600,0.345,0.345,0.335,0.335,16919900,NaN,NaN,NaN,NaN,NaN,NaN,NaN
1582074000,0.335,0.345,0.335,0.34,13270200,NaN,NaN,NaN,NaN,NaN,NaN,NaN
1582160400,0.345,0.35,0.335,0.35,18958500,NaN,NaN,NaN,NaN,NaN,NaN,NaN
1582246800,0.345,0.35,0.345,0.345,11376800,NaN,NaN,NaN,NaN,NaN,NaN,NaN
1582506000,0.335,0.335,0.325,0.325,18506800,NaN,NaN,NaN,NaN,NaN,NaN,NaN
1582592400,0.325,0.345,0.32,0.34,15486800,NaN,NaN,NaN,NaN,NaN,NaN,NaN
1582678800,0.33,0.34,0.325,0.33,26671100,NaN,NaN,NaN,NaN,NaN,NaN,NaN
1582765200,0.33,0.33,0.32,0.32,23005100,NaN,NaN,NaN,NaN,NaN,NaN,NaN
1582851600,0.315,0.315,0.29,0.3,32487200,NaN,NaN,NaN,NaN,NaN,NaN,NaN
1583110800,0.28,0.285,0.25,0.265,48439600,NaN,NaN,NaN,NaN,NaN,NaN,NaN
1583197200,0.275,0.29,0.275,0.285,33598100,NaN,NaN,NaN,NaN,NaN,NaN,NaN
1583283600,0.28,0.285,0.28,0.28,14480300,NaN,NaN,NaN,NaN,NaN,NaN,NaN
1583370000,0.28,0.295,0.28,0.295,16499400,NaN,NaN,NaN,NaN,NaN,NaN,NaN
1583456400,0.29,0.31,0.285,0.3,27718000,NaN,NaN,NaN,NaN,NaN,NaN,NaN
1583715600,0.22,0.22,0.145,0.155,461594900,NaN,NaN,NaN,NaN,NaN,NaN,NaN
1583802000,0.165,0.17,0.155,0.17,151534800,NaN,NaN,NaN,NaN,NaN,NaN,NaN
1583888400,0.175,0.195,0.17,0.185,216624100,NaN,NaN,NaN,NaN,NaN,NaN,NaN
1583974800,0.175,0.18,0.165,0.17,65501100,NaN,NaN,NaN,NaN,NaN,NaN,NaN
1584061200,0.155,0.17,0.145,0.16,138424500,NaN,NaN,NaN,NaN,NaN,NaN,NaN
1584320400,0.155,0.155,0.12,0.125,122945100,NaN,NaN,NaN,NaN,NaN,NaN,NaN
1584406800,0.11,0.13,0.105,0.12,138693800,NaN,NaN,NaN,NaN,NaN,NaN,NaN
1584493200,0.12,0.13,0.105,0.11,70774800,NaN,NaN,NaN,NaN,NaN,NaN,NaN
1584579600,0.105,0.11,0.09,0.095,102330900,NaN,NaN,NaN,NaN,NaN,NaN,NaN
1584666000,0.105,0.12,0.1,0.115,108235800,NaN,NaN,NaN,NaN,NaN,NaN,NaN
1584925200,0.105,0.11,0.1,0.1,49944900,NaN,NaN,NaN,NaN,NaN,NaN,NaN
1585011600,0.115,0.115,0.105,0.105,85399700,NaN,NaN,NaN,NaN,NaN,NaN,NaN
1585098000,0.115,0.125,0.105,0.11,118363800,NaN,NaN,NaN,NaN,NaN,NaN,NaN
1585184400,0.115,0.12,0.11,0.11,98819200,NaN,NaN,NaN,NaN,NaN,NaN,NaN
1585270800,0.115,0.12,0.11,0.11,59439200,NaN,NaN,NaN,NaN,NaN,NaN,NaN
1585530000,0.11,0.115,0.105,0.11,35573000,NaN,NaN,NaN,NaN,NaN,NaN,NaN
1585616400,0.11,0.12,0.11,0.115,49717300,8215600000,4417241000,1443205000,39335000,176269000,2972722000,0
1585702800,0.115,0.135,0.115,0.12,111332900,NaN,NaN,NaN,NaN,NaN,NaN,NaN
1585789200,0.125,0.17,0.125,0.165,257104500,NaN,NaN,NaN,NaN,NaN,NaN,NaN
1585875600,0.175,0.19,0.155,0.16,370244200,NaN,NaN,NaN,NaN,NaN,NaN,NaN
1586134800,0.17,0.175,0.16,0.165,157823400,NaN,NaN,NaN,NaN,NaN,NaN,NaN
1586221200,0.17,0.175,0.165,0.17,117675500,NaN,NaN,NaN,NaN,NaN,NaN,NaN
1586307600,0.165,0.17,0.16,0.165,44653100,NaN,NaN,NaN,NaN,NaN,NaN,NaN
1586394000,0.17,0.175,0.165,0.17,95421400,NaN,NaN,NaN,NaN,NaN,NaN,NaN
1586480400,0.165,0.17,0.15,0.16,122820200,NaN,NaN,NaN,NaN,NaN,NaN,NaN
1586739600,0.16,0.165,0.155,0.155,88057600,NaN,NaN,NaN,NaN,NaN,NaN,NaN
1586826000,0.155,0.165,0.155,0.16,67212100,NaN,NaN,NaN,NaN,NaN,NaN,NaN
1586912400,0.16,0.165,0.155,0.155,49801000,NaN,NaN,NaN,NaN,NaN,NaN,NaN
1586998800,0.155,0.16,0.15,0.16,28335500,NaN,NaN,NaN,NaN,NaN,NaN,NaN
1587085200,0.16,0.165,0.155,0.155,60536400,NaN,NaN,NaN,NaN,NaN,NaN,NaN
1587344400,0.16,0.165,0.155,0.16,32278500,NaN,NaN,NaN,NaN,NaN,NaN,NaN
1587430800,0.15,0.16,0.145,0.15,246923600,NaN,NaN,NaN,NaN,NaN,NaN,NaN
1587517200,0.145,0.15,0.14,0.145,126610100,NaN,NaN,NaN,NaN,NaN,NaN,NaN
1587603600,0.15,0.155,0.145,0.145,65110500,NaN,NaN,NaN,NaN,NaN,NaN,NaN
1587690000,0.145,0.15,0.14,0.14,155226800,NaN,NaN,NaN,NaN,NaN,NaN,NaN
1587949200,0.14,0.145,0.135,0.135,104671900,NaN,NaN,NaN,NaN,NaN,NaN,NaN
1588035600,0.125,0.13,0.12,0.125,127887000,NaN,NaN,NaN,NaN,NaN,NaN,NaN
1588122000,0.13,0.13,0.125,0.13,58754300,NaN,NaN,NaN,NaN,NaN,NaN,NaN
1588208400,0.13,0.155,0.13,0.145,215782900,NaN,NaN,NaN,NaN,NaN,NaN,NaN
1588554000,0.145,0.15,0.145,0.145,46877900,NaN,NaN,NaN,NaN,NaN,NaN,NaN
1588640400,0.15,0.16,0.15,0.16,169867200,NaN,NaN,NaN,NaN,NaN,NaN,NaN
1588726800,0.16,0.165,0.15,0.155,102011100,NaN,NaN,NaN,NaN,NaN,NaN,NaN
1588899600,0.155,0.155,0.15,0.15,44425100,NaN,NaN,NaN,NaN,NaN,NaN,NaN
1589245200,0.15,0.155,0.14,0.14,106590900,NaN,NaN,NaN,NaN,NaN,NaN,NaN
1589331600,0.14,0.14,0.13,0.13,214978300,NaN,NaN,NaN,NaN,NaN,NaN,NaN
1589418000,0.13,0.135,0.125,0.135,144045400,NaN,NaN,NaN,NaN,NaN,NaN,NaN
1589504400,0.135,0.15,0.135,0.14,357207300,NaN,NaN,NaN,NaN,NaN,NaN,NaN
1589763600,0.155,0.175,0.15,0.17,620727900,NaN,NaN,NaN,NaN,NaN,NaN,NaN
1589850000,0.185,0.19,0.16,0.165,381801000,NaN,NaN,NaN,NaN,NaN,NaN,NaN
1589936400,0.165,0.18,0.15,0.17,509456400,NaN,NaN,NaN,NaN,NaN,NaN,NaN
1590022800,0.18,0.18,0.165,0.165,276779200,NaN,NaN,NaN,NaN,NaN,NaN,NaN
1590109200,0.165,0.17,0.15,0.16,253988600,NaN,NaN,NaN,NaN,NaN,NaN,NaN
1590541200,0.165,0.17,0.16,0.16,130311000,NaN,NaN,NaN,NaN,NaN,NaN,NaN
1590627600,0.16,0.165,0.155,0.155,82848900,NaN,NaN,NaN,NaN,NaN,NaN,NaN
1590714000,0.16,0.165,0.155,0.155,131635600,NaN,NaN,NaN,NaN,NaN,NaN,NaN
1590973200,0.16,0.165,0.155,0.16,143172500,NaN,NaN,NaN,NaN,NaN,NaN,NaN
1591059600,0.165,0.175,0.16,0.175,195351700,NaN,NaN,NaN,NaN,NaN,NaN,NaN
1591146000,0.18,0.185,0.17,0.175,281720500,NaN,NaN,NaN,NaN,NaN,NaN,NaN
1591232400,0.17,0.175,0.165,0.17,120515300,NaN,NaN,NaN,NaN,NaN,NaN,NaN
1591318800,0.17,0.175,0.165,0.17,141703900,NaN,NaN,NaN,NaN,NaN,NaN,NaN
1591664400,0.18,0.18,0.17,0.17,208573600,NaN,NaN,NaN,NaN,NaN,NaN,NaN
1591750800,0.17,0.175,0.17,0.175,18695800,NaN,NaN,NaN,NaN,NaN,NaN,NaN
1591837200,0.175,0.175,0.165,0.165,115846800,NaN,NaN,NaN,NaN,NaN,NaN,NaN
1591923600,0.155,0.165,0.15,0.16,91915600,NaN,NaN,NaN,NaN,NaN,NaN,NaN
1592182800,0.16,0.16,0.15,0.15,116570900,NaN,NaN,NaN,NaN,NaN,NaN,NaN
1592269200,0.16,0.165,0.155,0.16,129165800,NaN,NaN,NaN,NaN,NaN,NaN,NaN
1592355600,0.16,0.16,0.15,0.155,78695700,NaN,NaN,NaN,NaN,NaN,NaN,NaN
1592442000,0.155,0.16,0.15,0.155,45489700,NaN,NaN,NaN,NaN,NaN,NaN,NaN
1592528400,0.16,0.165,0.155,0.155,65844800,NaN,NaN,NaN,NaN,NaN,NaN,NaN
1592787600,0.155,0.16,0.155,0.155,37800400,NaN,NaN,NaN,NaN,NaN,NaN,NaN
1592874000,0.16,0.16,0.15,0.155,32799100,NaN,NaN,NaN,NaN,NaN,NaN,NaN
1592960400,0.16,0.16,0.155,0.155,28193500,NaN,NaN,NaN,NaN,NaN,NaN,NaN
1593046800,0.155,0.155,0.15,0.15,29085600,NaN,NaN,NaN,NaN,NaN,NaN,NaN
1593133200,0.155,0.155,0.145,0.15,75447600,NaN,NaN,NaN,NaN,NaN,NaN,NaN
1593392400,0.15,0.155,0.145,0.145,61875100,NaN,NaN,NaN,NaN,NaN,NaN,NaN
1593478800,0.15,0.155,0.145,0.145,42612700,8215600000,4354015000,1418657000,8834000,140947000,2934055000,0
1593565200,0.15,0.155,0.15,0.15,32783700,NaN,NaN,NaN,NaN,NaN,NaN,NaN
1593651600,0.15,0.155,0.15,0.15,23219600,NaN,NaN,NaN,NaN,NaN,NaN,NaN
1593738000,0.155,0.155,0.15,0.155,46541700,NaN,NaN,NaN,NaN,NaN,NaN,NaN
1593997200,0.15,0.16,0.15,0.155,128368400,NaN,NaN,NaN,NaN,NaN,NaN,NaN
1594083600,0.155,0.16,0.15,0.15,19588500,NaN,NaN,NaN,NaN,NaN,NaN,NaN
1594170000,0.15,0.155,0.15,0.155,64803300,NaN,NaN,NaN,NaN,NaN,NaN,NaN
1594256400,0.155,0.155,0.15,0.15,25375700,NaN,NaN,NaN,NaN,NaN,NaN,NaN
1594342800,0.15,0.155,0.145,0.15,46580700,NaN,NaN,NaN,NaN,NaN,NaN,NaN
1594602000,0.15,0.155,0.145,0.145,38442000,NaN,NaN,NaN,NaN,NaN,NaN,NaN
1594688400,0.145,0.15,0.145,0.145,11989300,NaN,NaN,NaN,NaN,NaN,NaN,NaN
1594774800,0.15,0.155,0.145,0.145,67082900,NaN,NaN,NaN,NaN,NaN,NaN,NaN
1594861200,0.15,0.15,0.145,0.145,10578500,NaN,NaN,NaN,NaN,NaN,NaN,NaN
1594947600,0.145,0.15,0.14,0.145,70554200,NaN,NaN,NaN,NaN,NaN,NaN,NaN
1595206800,0.145,0.15,0.14,0.145,31837400,NaN,NaN,NaN,NaN,NaN,NaN,NaN
1595293200,0.145,0.155,0.145,0.15,114467000,NaN,NaN,NaN,NaN,NaN,NaN,NaN
1595379600,0.15,0.16,0.145,0.15,178019600,NaN,NaN,NaN,NaN,NaN,NaN,NaN
1595466000,0.15,0.15,0.145,0.15,32076900,NaN,NaN,NaN,NaN,NaN,NaN,NaN
1595552400,0.145,0.15,0.145,0.145,12001500,NaN,NaN,NaN,NaN,NaN,NaN,NaN
1595811600,0.145,0.15,0.14,0.145,65850000,NaN,NaN,NaN,NaN,NaN,NaN,NaN
1595898000,0.145,0.15,0.145,0.15,9250200,NaN,NaN,NaN,NaN,NaN,NaN,NaN
1595984400,0.145,0.15,0.14,0.15,64941400,NaN,NaN,NaN,NaN,NaN,NaN,NaN
1596070800,0.145,0.15,0.14,0.14,37028300,NaN,NaN,NaN,NaN,NaN,NaN,NaN
1596416400,0.14,0.145,0.135,0.14,55323600,NaN,NaN,NaN,NaN,NaN,NaN,NaN
1596502800,0.14,0.145,0.135,0.14,70262400,NaN,NaN,NaN,NaN,NaN,NaN,NaN
1596589200,0.14,0.145,0.135,0.145,88966000,NaN,NaN,NaN,NaN,NaN,NaN,NaN
1596675600,0.145,0.15,0.145,0.15,71391900,NaN,NaN,NaN,NaN,NaN,NaN,NaN
1596762000,0.15,0.15,0.14,0.145,48531000,NaN,NaN,NaN,NaN,NaN,NaN,NaN
1597021200,0.15,0.15,0.145,0.145,37693500,NaN,NaN,NaN,NaN,NaN,NaN,NaN
1597107600,0.15,0.175,0.145,0.165,773483800,NaN,NaN,NaN,NaN,NaN,NaN,NaN
1597194000,0.155,0.165,0.145,0.16,307163200,NaN,NaN,NaN,NaN,NaN,NaN,NaN
1597280400,0.165,0.17,0.155,0.155,76337600,NaN,NaN,NaN,NaN,NaN,NaN,NaN
1597366800,0.155,0.155,0.145,0.145,60651700,NaN,NaN,NaN,NaN,NaN,NaN,NaN
1597626000,0.15,0.155,0.145,0.15,42920700,NaN,NaN,NaN,NaN,NaN,NaN,NaN
1597712400,0.155,0.155,0.145,0.15,29303800,NaN,NaN,NaN,NaN,NaN,NaN,NaN
1597798800,0.15,0.155,0.145,0.155,31294800,NaN,NaN,NaN,NaN,NaN,NaN,NaN
1597971600,0.155,0.155,0.15,0.155,19298300,NaN,NaN,NaN,NaN,NaN,NaN,NaN
1598230800,0.15,0.155,0.145,0.15,28945400,NaN,NaN,NaN,NaN,NaN,NaN,NaN
1598317200,0.155,0.155,0.145,0.15,24114900,NaN,NaN,NaN,NaN,NaN,NaN,NaN
1598403600,0.15,0.16,0.15,0.15,59441300,NaN,NaN,NaN,NaN,NaN,NaN,NaN
1598490000,0.15,0.155,0.145,0.15,36168400,NaN,NaN,NaN,NaN,NaN,NaN,NaN
1598576400,0.145,0.15,0.145,0.145,41997500,NaN,NaN,NaN,NaN,NaN,NaN,NaN
1598922000,0.145,0.15,0.145,0.145,58302100,NaN,NaN,NaN,NaN,NaN,NaN,NaN
1599008400,0.145,0.155,0.145,0.15,217909300,NaN,NaN,NaN,NaN,NaN,NaN,NaN
1599094800,0.15,0.15,0.14,0.145,83936300,NaN,NaN,NaN,NaN,NaN,NaN,NaN
1599181200,0.14,0.145,0.14,0.14,13778300,NaN,NaN,NaN,NaN,NaN,NaN,NaN
1599440400,0.145,0.145,0.14,0.14,37228400,NaN,NaN,NaN,NaN,NaN,NaN,NaN
1599526800,0.14,0.145,0.135,0.14,19725400,NaN,NaN,NaN,NaN,NaN,NaN,NaN
1599613200,0.135,0.14,0.13,0.135,46557300,NaN,NaN,NaN,NaN,NaN,NaN,NaN
1599699600,0.14,0.14,0.13,0.13,36148400,NaN,NaN,NaN,NaN,NaN,NaN,NaN
1599786000,0.13,0.135,0.125,0.13,43362500,NaN,NaN,NaN,NaN,NaN,NaN,NaN
1600045200,0.13,0.135,0.13,0.135,20476300,NaN,NaN,NaN,NaN,NaN,NaN,NaN
1600131600,0.135,0.135,0.13,0.135,42787100,NaN,NaN,NaN,NaN,NaN,NaN,NaN
1600304400,0.14,0.14,0.13,0.13,22275900,NaN,NaN,NaN,NaN,NaN,NaN,NaN
1600390800,0.135,0.14,0.13,0.135,44438500,NaN,NaN,NaN,NaN,NaN,NaN,NaN
1600650000,0.135,0.135,0.13,0.13,16080600,NaN,NaN,NaN,NaN,NaN,NaN,NaN
1600736400,0.13,0.135,0.13,0.135,27578200,NaN,NaN,NaN,NaN,NaN,NaN,NaN
1600822800,0.135,0.135,0.13,0.13,19152300,NaN,NaN,NaN,NaN,NaN,NaN,NaN
1600909200,0.13,0.13,0.125,0.13,30024900,NaN,NaN,NaN,NaN,NaN,NaN,NaN
1600995600,0.13,0.135,0.125,0.13,12236500,NaN,NaN,NaN,NaN,NaN,NaN,NaN
1601254800,0.13,0.135,0.13,0.13,9826100,NaN,NaN,NaN,NaN,NaN,NaN,NaN
1601341200,0.13,0.135,0.125,0.13,11605900,NaN,NaN,NaN,NaN,NaN,NaN,NaN
1601427600,0.13,0.13,0.125,0.13,31318600,8215600000,4164587999.9999995,1308957000,8396000,130658999.99999999,2854411000,0
1601514000,0.125,0.13,0.125,0.125,3895200,NaN,NaN,NaN,NaN,NaN,NaN,NaN
1601600400,0.125,0.13,0.12,0.12,32574900,NaN,NaN,NaN,NaN,NaN,NaN,NaN
1601859600,0.12,0.125,0.12,0.125,5985700,NaN,NaN,NaN,NaN,NaN,NaN,NaN
1601946000,0.125,0.13,0.12,0.125,12143400,NaN,NaN,NaN,NaN,NaN,NaN,NaN
1602032400,0.125,0.13,0.12,0.125,11792200,NaN,NaN,NaN,NaN,NaN,NaN,NaN
1602118800,0.125,0.125,0.12,0.125,10943900,NaN,NaN,NaN,NaN,NaN,NaN,NaN
1602205200,0.125,0.135,0.125,0.13,48640900,NaN,NaN,NaN,NaN,NaN,NaN,NaN
1602464400,0.13,0.13,0.12,0.12,28538300,NaN,NaN,NaN,NaN,NaN,NaN,NaN
1602550800,0.12,0.125,0.12,0.12,11780800,NaN,NaN,NaN,NaN,NaN,NaN,NaN
1602637200,0.125,0.125,0.12,0.12,13107200,NaN,NaN,NaN,NaN,NaN,NaN,NaN
1602723600,0.125,0.13,0.12,0.12,30253100,NaN,NaN,NaN,NaN,NaN,NaN,NaN
1602810000,0.12,0.125,0.12,0.12,4048900,NaN,NaN,NaN,NaN,NaN,NaN,NaN
1603069200,0.125,0.125,0.12,0.125,4878700,NaN,NaN,NaN,NaN,NaN,NaN,NaN
1603155600,0.12,0.125,0.12,0.12,7994600,NaN,NaN,NaN,NaN,NaN,NaN,NaN
1603242000,0.12,0.125,0.12,0.12,8068800,NaN,NaN,NaN,NaN,NaN,NaN,NaN
1603328400,0.12,0.125,0.12,0.12,29782400,NaN,NaN,NaN,NaN,NaN,NaN,NaN
1603414800,0.125,0.125,0.115,0.12,23929400,NaN,NaN,NaN,NaN,NaN,NaN,NaN
1603674000,0.12,0.12,0.115,0.12,5783300,NaN,NaN,NaN,NaN,NaN,NaN,NaN
1603760400,0.12,0.12,0.115,0.115,5087100,NaN,NaN,NaN,NaN,NaN,NaN,NaN
1603846800,0.12,0.12,0.115,0.12,11640000,NaN,NaN,NaN,NaN,NaN,NaN,NaN
1604019600,0.115,0.115,0.11,0.115,16951500,NaN,NaN,NaN,NaN,NaN,NaN,NaN
1604278800,0.11,0.115,0.11,0.11,14667300,NaN,NaN,NaN,NaN,NaN,NaN,NaN
1604365200,0.11,0.12,0.11,0.12,20328700,NaN,NaN,NaN,NaN,NaN,NaN,NaN
1604451600,0.12,0.12,0.11,0.11,51097000,NaN,NaN,NaN,NaN,NaN,NaN,NaN
1604538000,0.115,0.115,0.105,0.115,58376000,NaN,NaN,NaN,NaN,NaN,NaN,NaN
1604624400,0.11,0.115,0.11,0.11,5191700,NaN,NaN,NaN,NaN,NaN,NaN,NaN
1604883600,0.11,0.115,0.11,0.11,13322300,NaN,NaN,NaN,NaN,NaN,NaN,NaN
1604970000,0.115,0.13,0.115,0.12,93432700,NaN,NaN,NaN,NaN,NaN,NaN,NaN
1605056400,0.125,0.13,0.12,0.13,46797400,NaN,NaN,NaN,NaN,NaN,NaN,NaN
1605142800,0.13,0.13,0.125,0.125,17987100,NaN,NaN,NaN,NaN,NaN,NaN,NaN
1605229200,0.125,0.13,0.12,0.125,21439300,NaN,NaN,NaN,NaN,NaN,NaN,NaN
1605488400,0.125,0.135,0.125,0.13,59910600,NaN,NaN,NaN,NaN,NaN,NaN,NaN
1605574800,0.135,0.14,0.13,0.13,69032600,NaN,NaN,NaN,NaN,NaN,NaN,NaN
1605661200,0.13,0.135,0.125,0.13,19825000,NaN,NaN,NaN,NaN,NaN,NaN,NaN
1605747600,0.13,0.135,0.13,0.13,11128000,NaN,NaN,NaN,NaN,NaN,NaN,NaN
1605834000,0.13,0.135,0.13,0.13,9257400,NaN,NaN,NaN,NaN,NaN,NaN,NaN
1606093200,0.135,0.14,0.13,0.135,35259700,NaN,NaN,NaN,NaN,NaN,NaN,NaN
1606179600,0.14,0.14,0.13,0.135,47857000,NaN,NaN,NaN,NaN,NaN,NaN,NaN
1606266000,0.14,0.145,0.135,0.135,122713100,NaN,NaN,NaN,NaN,NaN,NaN,NaN
1606352400,0.14,0.14,0.13,0.135,37336300,NaN,NaN,NaN,NaN,NaN,NaN,NaN
1606438800,0.135,0.14,0.13,0.14,17456700,NaN,NaN,NaN,NaN,NaN,NaN,NaN
1606698000,0.14,0.145,0.135,0.135,46970900,NaN,NaN,NaN,NaN,NaN,NaN,NaN
1606784400,0.14,0.145,0.135,0.145,46383400,NaN,NaN,NaN,NaN,NaN,NaN,NaN
1606870800,0.135,0.145,0.135,0.14,31775100,NaN,NaN,NaN,NaN,NaN,NaN,NaN
1606957200,0.14,0.145,0.14,0.145,25524900,NaN,NaN,NaN,NaN,NaN,NaN,NaN
1607043600,0.145,0.155,0.145,0.15,173391500,NaN,NaN,NaN,NaN,NaN,NaN,NaN
1607302800,0.155,0.16,0.15,0.155,96264900,NaN,NaN,NaN,NaN,NaN,NaN,NaN
1607389200,0.155,0.155,0.145,0.15,51573300,NaN,NaN,NaN,NaN,NaN,NaN,NaN
1607475600,0.15,0.155,0.145,0.155,53527000,NaN,NaN,NaN,NaN,NaN,NaN,NaN
1607562000,0.15,0.15,0.145,0.15,9181500,NaN,NaN,NaN,NaN,NaN,NaN,NaN
1607648400,0.155,0.16,0.15,0.15,42297400,NaN,NaN,NaN,NaN,NaN,NaN,NaN
1607907600,0.155,0.16,0.15,0.155,48008700,NaN,NaN,NaN,NaN,NaN,NaN,NaN
1607994000,0.155,0.155,0.145,0.15,64637200,NaN,NaN,NaN,NaN,NaN,NaN,NaN
1608080400,0.15,0.155,0.145,0.15,23339400,NaN,NaN,NaN,NaN,NaN,NaN,NaN
1608166800,0.15,0.155,0.145,0.15,42453500,NaN,NaN,NaN,NaN,NaN,NaN,NaN
1608253200,0.15,0.15,0.145,0.145,13819600,NaN,NaN,NaN,NaN,NaN,NaN,NaN
1608512400,0.145,0.15,0.14,0.14,38939900,NaN,NaN,NaN,NaN,NaN,NaN,NaN
1608598800,0.14,0.145,0.135,0.14,20533300,NaN,NaN,NaN,NaN,NaN,NaN,NaN
1608685200,0.14,0.145,0.135,0.145,8989000,NaN,NaN,NaN,NaN,NaN,NaN,NaN
1608771600,0.145,0.145,0.14,0.145,4092200,NaN,NaN,NaN,NaN,NaN,NaN,NaN
1609117200,0.145,0.145,0.14,0.145,5262700,NaN,NaN,NaN,NaN,NaN,NaN,NaN
1609203600,0.14,0.145,0.14,0.145,5482000,NaN,NaN,NaN,NaN,NaN,NaN,NaN
1609290000,0.14,0.145,0.14,0.14,2591800,NaN,NaN,NaN,NaN,NaN,NaN,NaN
1609376400,0.145,0.145,0.14,0.14,14781900,8215600000,3456589000,1185783000,-26066000,99060000,2269595000,0
1609722000,0.14,0.145,0.135,0.14,25255400,NaN,NaN,NaN,NaN,NaN,NaN,NaN
1609808400,0.14,0.14,0.135,0.14,6753500,NaN,NaN,NaN,NaN,NaN,NaN,NaN
1609894800,0.145,0.15,0.14,0.14,45804200,NaN,NaN,NaN,NaN,NaN,NaN,NaN
1609981200,0.14,0.145,0.135,0.135,26285000,NaN,NaN,NaN,NaN,NaN,NaN,NaN
1610067600,0.14,0.14,0.13,0.135,33875100,NaN,NaN,NaN,NaN,NaN,NaN,NaN
1610326800,0.135,0.14,0.13,0.13,28858600,NaN,NaN,NaN,NaN,NaN,NaN,NaN
1610413200,0.13,0.135,0.125,0.125,83315500,NaN,NaN,NaN,NaN,NaN,NaN,NaN
1610499600,0.13,0.14,0.13,0.135,71706600,NaN,NaN,NaN,NaN,NaN,NaN,NaN
1610586000,0.135,0.14,0.135,0.14,20837800,NaN,NaN,NaN,NaN,NaN,NaN,NaN
1610672400,0.14,0.14,0.135,0.135,17080600,NaN,NaN,NaN,NaN,NaN,NaN,NaN
1610931600,0.135,0.135,0.13,0.13,18635300,NaN,NaN,NaN,NaN,NaN,NaN,NaN
1611018000,0.13,0.135,0.13,0.13,22233400,NaN,NaN,NaN,NaN,NaN,NaN,NaN
1611104400,0.135,0.135,0.13,0.13,32411300,NaN,NaN,NaN,NaN,NaN,NaN,NaN
1611190800,0.135,0.135,0.13,0.13,13351300,NaN,NaN,NaN,NaN,NaN,NaN,NaN
1611277200,0.135,0.135,0.13,0.13,27251200,NaN,NaN,NaN,NaN,NaN,NaN,NaN
1611536400,0.13,0.13,0.125,0.125,31417200,NaN,NaN,NaN,NaN,NaN,NaN,NaN
1611622800,0.13,0.13,0.125,0.125,22293100,NaN,NaN,NaN,NaN,NaN,NaN,NaN
1611709200,0.125,0.13,0.12,0.12,34223800,NaN,NaN,NaN,NaN,NaN,NaN,NaN
1611882000,0.12,0.125,0.12,0.12,24071300,NaN,NaN,NaN,NaN,NaN,NaN,NaN
1612227600,0.12,0.13,0.12,0.12,53846000,NaN,NaN,NaN,NaN,NaN,NaN,NaN
1612314000,0.125,0.13,0.12,0.125,66033200,NaN,NaN,NaN,NaN,NaN,NaN,NaN
1612400400,0.13,0.13,0.12,0.125,60235300,NaN,NaN,NaN,NaN,NaN,NaN,NaN
1612486800,0.125,0.13,0.125,0.13,20898900,NaN,NaN,NaN,NaN,NaN,NaN,NaN
1612746000,0.13,0.13,0.125,0.13,13681100,NaN,NaN,NaN,NaN,NaN,NaN,NaN
1612832400,0.13,0.14,0.13,0.13,135631500,NaN,NaN,NaN,NaN,NaN,NaN,NaN
1612918800,0.135,0.14,0.13,0.135,105531800,NaN,NaN,NaN,NaN,NaN,NaN,NaN
1613005200,0.135,0.14,0.13,0.135,42742900,NaN,NaN,NaN,NaN,NaN,NaN,NaN
1613350800,0.14,0.145,0.135,0.14,62729800,NaN,NaN,NaN,NaN,NaN,NaN,NaN
1613437200,0.145,0.155,0.14,0.15,258280500,NaN,NaN,NaN,NaN,NaN,NaN,NaN
1613523600,0.155,0.165,0.15,0.165,283071100,NaN,NaN,NaN,NaN,NaN,NaN,NaN
1613610000,0.17,0.185,0.165,0.18,385429900,NaN,NaN,NaN,NaN,NaN,NaN,NaN
1613696400,0.175,0.175,0.165,0.17,176686600,NaN,NaN,NaN,NaN,NaN,NaN,NaN
1613955600,0.17,0.185,0.16,0.17,462550200,NaN,NaN,NaN,NaN,NaN,NaN,NaN
1614042000,0.175,0.18,0.17,0.17,243715800,NaN,NaN,NaN,NaN,NaN,NaN,NaN
1614128400,0.175,0.175,0.165,0.17,135809300,NaN,NaN,NaN,NaN,NaN,NaN,NaN
1614214800,0.175,0.18,0.165,0.17,172750600,NaN,NaN,NaN,NaN,NaN,NaN,NaN
1614301200,0.17,0.17,0.165,0.165,49090500,NaN,NaN,NaN,NaN,NaN,NaN,NaN
1614560400,0.17,0.175,0.165,0.175,139428600,NaN,NaN,NaN,NaN,NaN,NaN,NaN
1614646800,0.17,0.17,0.165,0.165,67976100,NaN,NaN,NaN,NaN,NaN,NaN,NaN
1614733200,0.165,0.17,0.16,0.16,41978000,NaN,NaN,NaN,NaN,NaN,NaN,NaN
1614819600,0.165,0.17,0.16,0.165,39227800,NaN,NaN,NaN,NaN,NaN,NaN,NaN
1614906000,0.17,0.18,0.165,0.175,231913600,NaN,NaN,NaN,NaN,NaN,NaN,NaN
1615165200,0.185,0.195,0.18,0.19,239653300,NaN,NaN,NaN,NaN,NaN,NaN,NaN
1615251600,0.185,0.19,0.18,0.185,100514800,NaN,NaN,NaN,NaN,NaN,NaN,NaN
1615338000,0.185,0.185,0.18,0.18,41776100,NaN,NaN,NaN,NaN,NaN,NaN,NaN
1615424400,0.185,0.19,0.18,0.185,111557200,NaN,NaN,NaN,NaN,NaN,NaN,NaN
1615510800,0.19,0.195,0.18,0.185,89599200,NaN,NaN,NaN,NaN,NaN,NaN,NaN
1615770000,0.185,0.19,0.18,0.185,87415100,NaN,NaN,NaN,NaN,NaN,NaN,NaN
1615856400,0.185,0.185,0.175,0.18,50653300,NaN,NaN,NaN,NaN,NaN,NaN,NaN
1615942800,0.18,0.185,0.175,0.18,45344800,NaN,NaN,NaN,NaN,NaN,NaN,NaN
1616029200,0.18,0.185,0.175,0.175,21550200,NaN,NaN,NaN,NaN,NaN,NaN,NaN
1616115600,0.17,0.175,0.165,0.165,53015600,NaN,NaN,NaN,NaN,NaN,NaN,NaN
1616374800,0.17,0.18,0.17,0.17,92470600,NaN,NaN,NaN,NaN,NaN,NaN,NaN
1616461200,0.175,0.175,0.165,0.175,87650400,NaN,NaN,NaN,NaN,NaN,NaN,NaN
1616547600,0.17,0.175,0.165,0.175,71800500,NaN,NaN,NaN,NaN,NaN,NaN,NaN
1616634000,0.17,0.175,0.165,0.17,119182300,NaN,NaN,NaN,NaN,NaN,NaN,NaN
1616720400,0.17,0.175,0.165,0.175,22970900,NaN,NaN,NaN,NaN,NaN,NaN,NaN
1616979600,0.175,0.18,0.17,0.175,50356800,NaN,NaN,NaN,NaN,NaN,NaN,NaN
1617066000,0.175,0.175,0.17,0.17,18496100,NaN,NaN,NaN,NaN,NaN,NaN,NaN
1617152400,0.17,0.175,0.17,0.17,25306800,8215600000,3442035000,1165234000,-46142000,43927000,2275581000,0
1617238800,0.17,0.175,0.165,0.17,38090100,NaN,NaN,NaN,NaN,NaN,NaN,NaN
1617325200,0.175,0.175,0.17,0.17,8206800,NaN,NaN,NaN,NaN,NaN,NaN,NaN
1617584400,0.175,0.175,0.17,0.175,23096200,NaN,NaN,NaN,NaN,NaN,NaN,NaN
1617670800,0.175,0.175,0.17,0.175,5558900,NaN,NaN,NaN,NaN,NaN,NaN,NaN
1617757200,0.175,0.18,0.17,0.17,29472400,NaN,NaN,NaN,NaN,NaN,NaN,NaN
1617843600,0.175,0.18,0.175,0.18,77288700,NaN,NaN,NaN,NaN,NaN,NaN,NaN
1617930000,0.185,0.185,0.175,0.18,18015700,NaN,NaN,NaN,NaN,NaN,NaN,NaN
1618189200,0.18,0.185,0.175,0.18,18283600,NaN,NaN,NaN,NaN,NaN,NaN,NaN
1618275600,0.18,0.18,0.175,0.18,5974700,NaN,NaN,NaN,NaN,NaN,NaN,NaN
1618362000,0.18,0.18,0.175,0.175,37272900,NaN,NaN,NaN,NaN,NaN,NaN,NaN
1618448400,0.18,0.18,0.175,0.18,30697100,NaN,NaN,NaN,NaN,NaN,NaN,NaN
1618534800,0.18,0.18,0.175,0.18,15398500,NaN,NaN,NaN,NaN,NaN,NaN,NaN
1618794000,0.18,0.18,0.17,0.175,35155400,NaN,NaN,NaN,NaN,NaN,NaN,NaN
1618880400,0.175,0.18,0.17,0.175,59613900,NaN,NaN,NaN,NaN,NaN,NaN,NaN
1618966800,0.175,0.175,0.17,0.17,7069600,NaN,NaN,NaN,NaN,NaN,NaN,NaN
1619053200,0.17,0.175,0.17,0.175,64794100,NaN,NaN,NaN,NaN,NaN,NaN,NaN
1619139600,0.175,0.175,0.165,0.17,35999600,NaN,NaN,NaN,NaN,NaN,NaN,NaN
1619398800,0.17,0.17,0.16,0.16,27281900,NaN,NaN,NaN,NaN,NaN,NaN,NaN
1619485200,0.165,0.165,0.16,0.16,43558000,NaN,NaN,NaN,NaN,NaN,NaN,NaN
1619571600,0.16,0.165,0.16,0.165,4053800,NaN,NaN,NaN,NaN,NaN,NaN,NaN
1619744400,0.165,0.17,0.16,0.165,62357600,NaN,NaN,NaN,NaN,NaN,NaN,NaN
1620003600,0.165,0.17,0.16,0.16,6967700,NaN,NaN,NaN,NaN,NaN,NaN,NaN
1620090000,0.165,0.17,0.145,0.16,335108400,NaN,NaN,NaN,NaN,NaN,NaN,NaN
1620176400,0.155,0.16,0.15,0.15,137731400,NaN,NaN,NaN,NaN,NaN,NaN,NaN
1620262800,0.15,0.155,0.145,0.155,20654900,NaN,NaN,NaN,NaN,NaN,NaN,NaN
1620349200,0.15,0.155,0.15,0.15,13482000,NaN,NaN,NaN,NaN,NaN,NaN,NaN
1620608400,0.15,0.155,0.145,0.145,74174500,NaN,NaN,NaN,NaN,NaN,NaN,NaN
1620694800,0.145,0.15,0.14,0.145,30557900,NaN,NaN,NaN,NaN,NaN,NaN,NaN
1620781200,0.145,0.145,0.14,0.145,5452800,NaN,NaN,NaN,NaN,NaN,NaN,NaN
1621213200,0.145,0.145,0.14,0.14,33739000,NaN,NaN,NaN,NaN,NaN,NaN,NaN
1621299600,0.145,0.15,0.14,0.145,167121200,NaN,NaN,NaN,NaN,NaN,NaN,NaN
1621386000,0.145,0.145,0.135,0.14,55988100,NaN,NaN,NaN,NaN,NaN,NaN,NaN
1621472400,0.135,0.14,0.135,0.135,33103100,NaN,NaN,NaN,NaN,NaN,NaN,NaN
1621558800,0.135,0.135,0.125,0.135,42537300,NaN,NaN,NaN,NaN,NaN,NaN,NaN
1621818000,0.14,0.14,0.13,0.135,46579100,NaN,NaN,NaN,NaN,NaN,NaN,NaN
1621904400,0.135,0.135,0.13,0.135,43888600,NaN,NaN,NaN,NaN,NaN,NaN,NaN
1622077200,0.14,0.14,0.135,0.14,32980800,NaN,NaN,NaN,NaN,NaN,NaN,NaN
1622163600,0.14,0.145,0.135,0.135,16469300,NaN,NaN,NaN,NaN,NaN,NaN,NaN
1622422800,0.135,0.14,0.13,0.135,13854400,NaN,NaN,NaN,NaN,NaN,NaN,NaN
1622509200,0.135,0.145,0.13,0.145,73735000,NaN,NaN,NaN,NaN,NaN,NaN,NaN
1622595600,0.145,0.15,0.14,0.145,32352500,NaN,NaN,NaN,NaN,NaN,NaN,NaN
1622682000,0.15,0.155,0.145,0.155,77556800,NaN,NaN,NaN,NaN,NaN,NaN,NaN
1622768400,0.155,0.16,0.145,0.155,46793000,NaN,NaN,NaN,NaN,NaN,NaN,NaN
1623114000,0.155,0.155,0.145,0.155,28749200,NaN,NaN,NaN,NaN,NaN,NaN,NaN
1623200400,0.155,0.155,0.15,0.15,8069600,NaN,NaN,NaN,NaN,NaN,NaN,NaN
1623286800,0.15,0.15,0.145,0.15,11985300,NaN,NaN,NaN,NaN,NaN,NaN,NaN
1623373200,0.15,0.155,0.145,0.15,14025300,NaN,NaN,NaN,NaN,NaN,NaN,NaN
1623632400,0.155,0.16,0.15,0.155,45040800,NaN,NaN,NaN,NaN,NaN,NaN,NaN
1623718800,0.16,0.16,0.15,0.155,25818100,NaN,NaN,NaN,NaN,NaN,NaN,NaN
1623805200,0.16,0.16,0.155,0.155,20387200,NaN,NaN,NaN,NaN,NaN,NaN,NaN
1623891600,0.155,0.155,0.15,0.15,2276000,NaN,NaN,NaN,NaN,NaN,NaN,NaN
1623978000,0.15,0.155,0.15,0.155,7374700,NaN,NaN,NaN,NaN,NaN,NaN,NaN
1624237200,0.155,0.155,0.145,0.15,11504500,NaN,NaN,NaN,NaN,NaN,NaN,NaN
1624323600,0.155,0.155,0.15,0.15,17133100,NaN,NaN,NaN,NaN,NaN,NaN,NaN
1624410000,0.155,0.155,0.15,0.15,1920800,NaN,NaN,NaN,NaN,NaN,NaN,NaN
1624496400,0.15,0.155,0.145,0.15,5039300,NaN,NaN,NaN,NaN,NaN,NaN,NaN
1624582800,0.15,0.15,0.145,0.15,18889600,NaN,NaN,NaN,NaN,NaN,NaN,NaN
1624842000,0.155,0.155,0.145,0.15,10148100,NaN,NaN,NaN,NaN,NaN,NaN,NaN
1624928400,0.15,0.16,0.145,0.155,17616300,NaN,NaN,NaN,NaN,NaN,NaN,NaN
1625014800,0.155,0.155,0.15,0.155,14657800,8215600000,3460863000,1165139000,491258000,83555000,2294810000,0
1625101200,0.155,0.16,0.15,0.16,28536800,NaN,NaN,NaN,NaN,NaN,NaN,NaN
1625187600,0.16,0.16,0.15,0.155,33912400,NaN,NaN,NaN,NaN,NaN,NaN,NaN
1625446800,0.155,0.155,0.15,0.155,2122400,NaN,NaN,NaN,NaN,NaN,NaN,NaN
1625533200,0.155,0.16,0.15,0.155,22168100,NaN,NaN,NaN,NaN,NaN,NaN,NaN
1625619600,0.155,0.155,0.15,0.15,3258700,NaN,NaN,NaN,NaN,NaN,NaN,NaN
1625706000,0.15,0.155,0.145,0.15,9685800,NaN,NaN,NaN,NaN,NaN,NaN,NaN
1625792400,0.15,0.155,0.145,0.15,6264700,NaN,NaN,NaN,NaN,NaN,NaN,NaN
1626051600,0.15,0.15,0.145,0.145,4732100,NaN,NaN,NaN,NaN,NaN,NaN,NaN
1626138000,0.15,0.15,0.145,0.15,1910800,NaN,NaN,NaN,NaN,NaN,NaN,NaN
1626224400,0.145,0.15,0.145,0.145,3368100,NaN,NaN,NaN,NaN,NaN,NaN,NaN
1626310800,0.145,0.145,0.14,0.145,7727400,NaN,NaN,NaN,NaN,NaN,NaN,NaN
1626397200,0.145,0.145,0.14,0.145,4052000,NaN,NaN,NaN,NaN,NaN,NaN,NaN
1626656400,0.14,0.145,0.14,0.14,11930400,NaN,NaN,NaN,NaN,NaN,NaN,NaN
1626829200,0.14,0.145,0.135,0.145,7479100,NaN,NaN,NaN,NaN,NaN,NaN,NaN
1626915600,0.145,0.15,0.14,0.15,9822200,NaN,NaN,NaN,NaN,NaN,NaN,NaN
1627002000,0.145,0.15,0.145,0.15,1757700,NaN,NaN,NaN,NaN,NaN,NaN,NaN
1627261200,0.15,0.15,0.14,0.145,5190200,NaN,NaN,NaN,NaN,NaN,NaN,NaN
1627347600,0.145,0.145,0.14,0.14,4991000,NaN,NaN,NaN,NaN,NaN,NaN,NaN
1627434000,0.145,0.145,0.135,0.135,16049100,NaN,NaN,NaN,NaN,NaN,NaN,NaN
1627520400,0.135,0.145,0.135,0.14,10023700,NaN,NaN,NaN,NaN,NaN,NaN,NaN
1627606800,0.145,0.145,0.135,0.14,2869900,NaN,NaN,NaN,NaN,NaN,NaN,NaN
1627866000,0.14,0.14,0.135,0.135,1186300,NaN,NaN,NaN,NaN,NaN,NaN,NaN
1627952400,0.135,0.14,0.135,0.135,3737800,NaN,NaN,NaN,NaN,NaN,NaN,NaN
1628038800,0.14,0.14,0.135,0.14,1360100,NaN,NaN,NaN,NaN,NaN,NaN,NaN
1628125200,0.135,0.14,0.135,0.14,2845500,NaN,NaN,NaN,NaN,NaN,NaN,NaN
1628211600,0.14,0.14,0.135,0.135,2163500,NaN,NaN,NaN,NaN,NaN,NaN,NaN
1628470800,0.14,0.14,0.135,0.14,1711600,NaN,NaN,NaN,NaN,NaN,NaN,NaN
1628643600,0.135,0.14,0.135,0.14,12078400,NaN,NaN,NaN,NaN,NaN,NaN,NaN
1628730000,0.14,0.145,0.135,0.14,6748200,NaN,NaN,NaN,NaN,NaN,NaN,NaN
1628816400,0.135,0.14,0.135,0.14,674400,NaN,NaN,NaN,NaN,NaN,NaN,NaN
1629075600,0.14,0.14,0.13,0.135,17542200,NaN,NaN,NaN,NaN,NaN,NaN,NaN
1629162000,0.14,0.14,0.13,0.13,14671700,NaN,NaN,NaN,NaN,NaN,NaN,NaN
1629248400,0.13,0.14,0.13,0.135,7136400,NaN,NaN,NaN,NaN,NaN,NaN,NaN
1629334800,0.135,0.135,0.13,0.135,2408600,NaN,NaN,NaN,NaN,NaN,NaN,NaN
1629421200,0.135,0.135,0.13,0.13,2367200,NaN,NaN,NaN,NaN,NaN,NaN,NaN
1629680400,0.135,0.14,0.135,0.135,2498900,NaN,NaN,NaN,NaN,NaN,NaN,NaN
1629766800,0.14,0.14,0.135,0.14,6083100,NaN,NaN,NaN,NaN,NaN,NaN,NaN
1629853200,0.14,0.145,0.135,0.14,9804200,NaN,NaN,NaN,NaN,NaN,NaN,NaN
1629939600,0.14,0.15,0.14,0.15,21655800,NaN,NaN,NaN,NaN,NaN,NaN,NaN
1630026000,0.15,0.155,0.145,0.15,27155100,NaN,NaN,NaN,NaN,NaN,NaN,NaN
1630285200,0.15,0.155,0.15,0.15,5406500,NaN,NaN,NaN,NaN,NaN,NaN,NaN
1630458000,0.15,0.155,0.145,0.15,11285200,NaN,NaN,NaN,NaN,NaN,NaN,NaN
1630544400,0.15,0.155,0.145,0.15,10384400,NaN,NaN,NaN,NaN,NaN,NaN,NaN
1630630800,0.15,0.155,0.145,0.155,15948200,NaN,NaN,NaN,NaN,NaN,NaN,NaN
1630890000,0.15,0.155,0.145,0.15,5649800,NaN,NaN,NaN,NaN,NaN,NaN,NaN
1630976400,0.15,0.155,0.145,0.155,6608000,NaN,NaN,NaN,NaN,NaN,NaN,NaN
1631062800,0.155,0.155,0.145,0.145,3275000,NaN,NaN,NaN,NaN,NaN,NaN,NaN
1631149200,0.145,0.15,0.145,0.15,3147600,NaN,NaN,NaN,NaN,NaN,NaN,NaN
1631235600,0.15,0.155,0.145,0.15,4139700,NaN,NaN,NaN,NaN,NaN,NaN,NaN
1631494800,0.15,0.15,0.145,0.15,8014800,NaN,NaN,NaN,NaN,NaN,NaN,NaN
1631581200,0.15,0.15,0.145,0.145,4297400,NaN,NaN,NaN,NaN,NaN,NaN,NaN
1631667600,0.145,0.15,0.145,0.145,1085400,NaN,NaN,NaN,NaN,NaN,NaN,NaN
1631840400,0.145,0.15,0.14,0.14,10285900,NaN,NaN,NaN,NaN,NaN,NaN,NaN
1632099600,0.14,0.145,0.13,0.14,30702700,NaN,NaN,NaN,NaN,NaN,NaN,NaN
1632186000,0.135,0.14,0.135,0.14,3573500,NaN,NaN,NaN,NaN,NaN,NaN,NaN
1632272400,0.14,0.14,0.13,0.135,19239900,NaN,NaN,NaN,NaN,NaN,NaN,NaN
1632358800,0.135,0.14,0.135,0.14,4171900,NaN,NaN,NaN,NaN,NaN,NaN,NaN
1632445200,0.135,0.145,0.135,0.135,6938500,NaN,NaN,NaN,NaN,NaN,NaN,NaN
1632704400,0.14,0.145,0.135,0.135,11146900,NaN,NaN,NaN,NaN,NaN,NaN,NaN
1632790800,0.14,0.15,0.135,0.145,19948300,NaN,NaN,NaN,NaN,NaN,NaN,NaN
1632877200,0.145,0.15,0.14,0.145,6994100,NaN,NaN,NaN,NaN,NaN,NaN,NaN
1632963600,0.145,0.15,0.14,0.145,6368600,8215600000,2990907000,729319000,-34028000,91542000,2260672000,0
1633050000,0.145,0.145,0.135,0.14,6421800,NaN,NaN,NaN,NaN,NaN,NaN,NaN
1633309200,0.145,0.15,0.14,0.145,6408700,NaN,NaN,NaN,NaN,NaN,NaN,NaN
1633395600,0.145,0.15,0.145,0.145,4460300,NaN,NaN,NaN,NaN,NaN,NaN,NaN
1633482000,0.15,0.155,0.145,0.15,20998600,NaN,NaN,NaN,NaN,NaN,NaN,NaN
1633568400,0.15,0.15,0.145,0.145,1921700,NaN,NaN,NaN,NaN,NaN,NaN,NaN
1633654800,0.15,0.155,0.145,0.155,16999400,NaN,NaN,NaN,NaN,NaN,NaN,NaN
1633914000,0.155,0.16,0.15,0.16,19336400,NaN,NaN,NaN,NaN,NaN,NaN,NaN
1634000400,0.155,0.16,0.15,0.155,24964200,NaN,NaN,NaN,NaN,NaN,NaN,NaN
1634086800,0.155,0.16,0.15,0.155,21024700,NaN,NaN,NaN,NaN,NaN,NaN,NaN
1634173200,0.155,0.16,0.15,0.155,11004800,NaN,NaN,NaN,NaN,NaN,NaN,NaN
1634259600,0.155,0.16,0.15,0.155,9030400,NaN,NaN,NaN,NaN,NaN,NaN,NaN
1634518800,0.16,0.165,0.155,0.165,24464200,NaN,NaN,NaN,NaN,NaN,NaN,NaN
1634691600,0.165,0.165,0.155,0.16,15915400,NaN,NaN,NaN,NaN,NaN,NaN,NaN
1634778000,0.16,0.165,0.16,0.16,7387700,NaN,NaN,NaN,NaN,NaN,NaN,NaN
1634864400,0.16,0.165,0.155,0.16,9146600,NaN,NaN,NaN,NaN,NaN,NaN,NaN
1635123600,0.16,0.165,0.16,0.16,10382400,NaN,NaN,NaN,NaN,NaN,NaN,NaN
1635210000,0.16,0.165,0.155,0.16,13628900,NaN,NaN,NaN,NaN,NaN,NaN,NaN
1635296400,0.16,0.16,0.155,0.155,9180900,NaN,NaN,NaN,NaN,NaN,NaN,NaN
1635382800,0.155,0.16,0.15,0.155,19653000,NaN,NaN,NaN,NaN,NaN,NaN,NaN
1635469200,0.16,0.16,0.155,0.16,6233900,NaN,NaN,NaN,NaN,NaN,NaN,NaN
1635728400,0.16,0.16,0.155,0.16,7731000,NaN,NaN,NaN,NaN,NaN,NaN,NaN
1635814800,0.16,0.16,0.155,0.16,9521700,NaN,NaN,NaN,NaN,NaN,NaN,NaN
1635901200,0.16,0.16,0.155,0.16,3970500,NaN,NaN,NaN,NaN,NaN,NaN,NaN
1636074000,0.16,0.16,0.155,0.155,4962500,NaN,NaN,NaN,NaN,NaN,NaN,NaN
1636333200,0.155,0.16,0.155,0.16,2377400,NaN,NaN,NaN,NaN,NaN,NaN,NaN
1636419600,0.16,0.16,0.155,0.16,9701500,NaN,NaN,NaN,NaN,NaN,NaN,NaN
1636506000,0.16,0.165,0.155,0.16,8773300,NaN,NaN,NaN,NaN,NaN,NaN,NaN
1636592400,0.16,0.16,0.155,0.155,3456600,NaN,NaN,NaN,NaN,NaN,NaN,NaN
1636678800,0.155,0.16,0.155,0.16,3978100,NaN,NaN,NaN,NaN,NaN,NaN,NaN
1636938000,0.155,0.155,0.15,0.15,21847200,NaN,NaN,NaN,NaN,NaN,NaN,NaN
1637024400,0.15,0.15,0.145,0.145,24743000,NaN,NaN,NaN,NaN,NaN,NaN,NaN
1637110800,0.145,0.145,0.135,0.14,16156900,NaN,NaN,NaN,NaN,NaN,NaN,NaN
1637197200,0.135,0.145,0.135,0.14,12660700,NaN,NaN,NaN,NaN,NaN,NaN,NaN
1637283600,0.14,0.15,0.14,0.145,14007800,NaN,NaN,NaN,NaN,NaN,NaN,NaN
1637542800,0.14,0.145,0.135,0.14,13351300,NaN,NaN,NaN,NaN,NaN,NaN,NaN
1637629200,0.14,0.145,0.135,0.14,14695400,NaN,NaN,NaN,NaN,NaN,NaN,NaN
1637715600,0.14,0.145,0.135,0.14,12421200,NaN,NaN,NaN,NaN,NaN,NaN,NaN
1637802000,0.145,0.145,0.135,0.135,5581600,NaN,NaN,NaN,NaN,NaN,NaN,NaN
1637888400,0.135,0.14,0.13,0.13,24036200,NaN,NaN,NaN,NaN,NaN,NaN,NaN
1638147600,0.125,0.135,0.12,0.13,29144900,NaN,NaN,NaN,NaN,NaN,NaN,NaN
1638234000,0.125,0.13,0.125,0.13,86192500,NaN,NaN,NaN,NaN,NaN,NaN,NaN
1638320400,0.13,0.13,0.125,0.13,5463400,NaN,NaN,NaN,NaN,NaN,NaN,NaN
1638406800,0.125,0.13,0.125,0.125,8692300,NaN,NaN,NaN,NaN,NaN,NaN,NaN
1638752400,0.125,0.13,0.125,0.125,6149100,NaN,NaN,NaN,NaN,NaN,NaN,NaN
1638838800,0.125,0.125,0.12,0.125,15311000,NaN,NaN,NaN,NaN,NaN,NaN,NaN
1638925200,0.125,0.13,0.12,0.125,13150700,NaN,NaN,NaN,NaN,NaN,NaN,NaN
1639011600,0.125,0.125,0.12,0.12,2644200,NaN,NaN,NaN,NaN,NaN,NaN,NaN
1639098000,0.12,0.125,0.12,0.125,1857700,NaN,NaN,NaN,NaN,NaN,NaN,NaN
1639357200,0.12,0.125,0.12,0.12,5618600,NaN,NaN,NaN,NaN,NaN,NaN,NaN
1639443600,0.12,0.125,0.12,0.12,4694600,NaN,NaN,NaN,NaN,NaN,NaN,NaN
1639530000,0.12,0.125,0.12,0.12,1517300,NaN,NaN,NaN,NaN,NaN,NaN,NaN
1639616400,0.125,0.125,0.12,0.12,2228200,NaN,NaN,NaN,NaN,NaN,NaN,NaN
1639702800,0.12,0.125,0.12,0.12,1062700,NaN,NaN,NaN,NaN,NaN,NaN,NaN
1639962000,0.12,0.125,0.12,0.12,3634900,NaN,NaN,NaN,NaN,NaN,NaN,NaN
1640048400,0.12,0.125,0.12,0.12,7967300,NaN,NaN,NaN,NaN,NaN,NaN,NaN
1640134800,0.12,0.125,0.12,0.12,2933500,NaN,NaN,NaN,NaN,NaN,NaN,NaN
1640221200,0.125,0.125,0.12,0.12,1074300,NaN,NaN,NaN,NaN,NaN,NaN,NaN
1640307600,0.12,0.125,0.12,0.12,536500,NaN,NaN,NaN,NaN,NaN,NaN,NaN
1640566800,0.125,0.125,0.12,0.125,284300,NaN,NaN,NaN,NaN,NaN,NaN,NaN
1640653200,0.125,0.125,0.12,0.125,3369500,NaN,NaN,NaN,NaN,NaN,NaN,NaN
1640739600,0.125,0.125,0.12,0.12,1072500,NaN,NaN,NaN,NaN,NaN,NaN,NaN
1640826000,0.125,0.125,0.12,0.125,1674100,NaN,NaN,NaN,NaN,NaN,NaN,NaN
1640912400,0.12,0.125,0.12,0.12,2916200,8215600000,3006006000,747904000,16050000,158485000,2258102000,0
1641171600,0.12,0.125,0.12,0.12,1343100,NaN,NaN,NaN,NaN,NaN,NaN,NaN
1641258000,0.12,0.125,0.12,0.12,5885800,NaN,NaN,NaN,NaN,NaN,NaN,NaN
1641344400,0.125,0.125,0.12,0.12,2893600,NaN,NaN,NaN,NaN,NaN,NaN,NaN
1641430800,0.12,0.125,0.12,0.12,8483700,NaN,NaN,NaN,NaN,NaN,NaN,NaN
1641517200,0.12,0.125,0.12,0.12,5405400,NaN,NaN,NaN,NaN,NaN,NaN,NaN
1641776400,0.125,0.13,0.12,0.125,10974600,NaN,NaN,NaN,NaN,NaN,NaN,NaN
1641862800,0.125,0.135,0.125,0.13,19384800,NaN,NaN,NaN,NaN,NaN,NaN,NaN
1641949200,0.13,0.135,0.13,0.13,3730900,NaN,NaN,NaN,NaN,NaN,NaN,NaN
1642035600,0.135,0.135,0.13,0.13,5267100,NaN,NaN,NaN,NaN,NaN,NaN,NaN
1642122000,0.13,0.135,0.125,0.135,8805200,NaN,NaN,NaN,NaN,NaN,NaN,NaN
1642381200,0.135,0.135,0.13,0.13,2846500,NaN,NaN,NaN,NaN,NaN,NaN,NaN
1642554000,0.135,0.14,0.13,0.14,18123500,NaN,NaN,NaN,NaN,NaN,NaN,NaN
1642640400,0.14,0.14,0.13,0.135,4136700,NaN,NaN,NaN,NaN,NaN,NaN,NaN
1642726800,0.135,0.14,0.13,0.14,4834800,NaN,NaN,NaN,NaN,NaN,NaN,NaN
1642986000,0.135,0.145,0.135,0.14,7238800,NaN,NaN,NaN,NaN,NaN,NaN,NaN
1643072400,0.135,0.14,0.13,0.135,5527300,NaN,NaN,NaN,NaN,NaN,NaN,NaN
1643158800,0.135,0.14,0.13,0.135,4082300,NaN,NaN,NaN,NaN,NaN,NaN,NaN
1643245200,0.135,0.14,0.13,0.135,21924200,NaN,NaN,NaN,NaN,NaN,NaN,NaN
1643331600,0.135,0.14,0.135,0.14,3978500,NaN,NaN,NaN,NaN,NaN,NaN,NaN
1643590800,0.135,0.14,0.135,0.14,1171300,NaN,NaN,NaN,NaN,NaN,NaN,NaN
1643850000,0.14,0.145,0.135,0.14,5844300,NaN,NaN,NaN,NaN,NaN,NaN,NaN
1643936400,0.14,0.15,0.14,0.145,16153500,NaN,NaN,NaN,NaN,NaN,NaN,NaN
1644195600,0.145,0.155,0.145,0.15,23632100,NaN,NaN,NaN,NaN,NaN,NaN,NaN
1644282000,0.15,0.155,0.145,0.15,9461600,NaN,NaN,NaN,NaN,NaN,NaN,NaN
1644368400,0.145,0.15,0.14,0.145,6600700,NaN,NaN,NaN,NaN,NaN,NaN,NaN
1644454800,0.145,0.145,0.14,0.14,2850200,NaN,NaN,NaN,NaN,NaN,NaN,NaN
1644541200,0.145,0.15,0.14,0.145,18465900,NaN,NaN,NaN,NaN,NaN,NaN,NaN
1644800400,0.15,0.155,0.145,0.145,22168700,NaN,NaN,NaN,NaN,NaN,NaN,NaN
1644886800,0.15,0.15,0.14,0.14,33881100,NaN,NaN,NaN,NaN,NaN,NaN,NaN
1644973200,0.14,0.14,0.135,0.14,3903800,NaN,NaN,NaN,NaN,NaN,NaN,NaN
1645059600,0.135,0.14,0.13,0.135,13954000,NaN,NaN,NaN,NaN,NaN,NaN,NaN
1645146000,0.135,0.135,0.13,0.13,3122700,NaN,NaN,NaN,NaN,NaN,NaN,NaN
1645405200,0.13,0.135,0.125,0.13,27094900,NaN,NaN,NaN,NaN,NaN,NaN,NaN
1645491600,0.13,0.13,0.125,0.13,11031400,NaN,NaN,NaN,NaN,NaN,NaN,NaN
1645578000,0.13,0.135,0.125,0.135,7702900,NaN,NaN,NaN,NaN,NaN,NaN,NaN
1645664400,0.13,0.14,0.125,0.125,63080900,NaN,NaN,NaN,NaN,NaN,NaN,NaN
1645750800,0.125,0.13,0.12,0.125,25933500,NaN,NaN,NaN,NaN,NaN,NaN,NaN
1646010000,0.13,0.13,0.12,0.12,45345800,NaN,NaN,NaN,NaN,NaN,NaN,NaN
1646096400,0.125,0.125,0.12,0.125,50586600,NaN,NaN,NaN,NaN,NaN,NaN,NaN
1646182800,0.125,0.13,0.12,0.13,59127200,NaN,NaN,NaN,NaN,NaN,NaN,NaN
1646269200,0.13,0.135,0.125,0.135,32139700,NaN,NaN,NaN,NaN,NaN,NaN,NaN
1646355600,0.13,0.13,0.12,0.125,29055300,NaN,NaN,NaN,NaN,NaN,NaN,NaN
1646614800,0.13,0.135,0.12,0.125,61745700,NaN,NaN,NaN,NaN,NaN,NaN,NaN
1646701200,0.125,0.13,0.12,0.12,38769900,NaN,NaN,NaN,NaN,NaN,NaN,NaN
1646787600,0.12,0.125,0.115,0.12,26790300,NaN,NaN,NaN,NaN,NaN,NaN,NaN
1646874000,0.115,0.12,0.115,0.115,27879700,NaN,NaN,NaN,NaN,NaN,NaN,NaN
1646960400,0.115,0.12,0.11,0.11,22150600,NaN,NaN,NaN,NaN,NaN,NaN,NaN
1647219600,0.115,0.115,0.105,0.105,96252000,NaN,NaN,NaN,NaN,NaN,NaN,NaN
1647306000,0.11,0.11,0.1,0.1,55222600,NaN,NaN,NaN,NaN,NaN,NaN,NaN
1647392400,0.105,0.11,0.105,0.11,6452300,NaN,NaN,NaN,NaN,NaN,NaN,NaN
1647478800,0.11,0.115,0.105,0.11,22359000,NaN,NaN,NaN,NaN,NaN,NaN,NaN
1647565200,0.11,0.115,0.11,0.11,5272200,NaN,NaN,NaN,NaN,NaN,NaN,NaN
1647824400,0.11,0.115,0.105,0.115,10861600,NaN,NaN,NaN,NaN,NaN,NaN,NaN
1647910800,0.115,0.115,0.105,0.11,27091800,NaN,NaN,NaN,NaN,NaN,NaN,NaN
1647997200,0.11,0.11,0.105,0.105,24084000,NaN,NaN,NaN,NaN,NaN,NaN,NaN
1648083600,0.105,0.11,0.1,0.11,40084100,NaN,NaN,NaN,NaN,NaN,NaN,NaN
1648170000,0.105,0.11,0.105,0.11,28866300,NaN,NaN,NaN,NaN,NaN,NaN,NaN
1648429200,0.11,0.11,0.1,0.105,28958400,NaN,NaN,NaN,NaN,NaN,NaN,NaN
1648515600,0.11,0.11,0.105,0.11,21234400,NaN,NaN,NaN,NaN,NaN,NaN,NaN
1648602000,0.11,0.11,0.105,0.105,14687000,NaN,NaN,NaN,NaN,NaN,NaN,NaN
1648688400,0.105,0.11,0.1,0.105,23897900,8215600000,2928408000,701010000,-38755000,77409000,2227398000,0
1648774800,0.105,0.11,0.105,0.105,11704700,NaN,NaN,NaN,NaN,NaN,NaN,NaN
1649034000,0.11,0.11,0.1,0.11,31794600,NaN,NaN,NaN,NaN,NaN,NaN,NaN
1649120400,0.105,0.115,0.105,0.115,27017200,NaN,NaN,NaN,NaN,NaN,NaN,NaN
1649206800,0.115,0.115,0.11,0.11,2726000,NaN,NaN,NaN,NaN,NaN,NaN,NaN
1649293200,0.115,0.115,0.11,0.11,17099500,NaN,NaN,NaN,NaN,NaN,NaN,NaN
1649379600,0.11,0.115,0.11,0.11,2544500,NaN,NaN,NaN,NaN,NaN,NaN,NaN
1649638800,0.11,0.115,0.11,0.11,3827800,NaN,NaN,NaN,NaN,NaN,NaN,NaN
1649725200,0.11,0.115,0.11,0.11,7283000,NaN,NaN,NaN,NaN,NaN,NaN,NaN
1649811600,0.11,0.115,0.11,0.115,2217400,NaN,NaN,NaN,NaN,NaN,NaN,NaN
1649898000,0.115,0.115,0.11,0.11,3441100,NaN,NaN,NaN,NaN,NaN,NaN,NaN
1649984400,0.115,0.115,0.11,0.11,1468200,NaN,NaN,NaN,NaN,NaN,NaN,NaN
1650243600,0.115,0.115,0.11,0.11,1776300,NaN,NaN,NaN,NaN,NaN,NaN,NaN
1650416400,0.115,0.115,0.11,0.115,2518900,NaN,NaN,NaN,NaN,NaN,NaN,NaN
1650502800,0.11,0.12,0.11,0.115,28280700,NaN,NaN,NaN,NaN,NaN,NaN,NaN
1650589200,0.115,0.115,0.11,0.115,4055500,NaN,NaN,NaN,NaN,NaN,NaN,NaN
1650848400,0.11,0.115,0.11,0.11,3399400,NaN,NaN,NaN,NaN,NaN,NaN,NaN
1650934800,0.115,0.115,0.11,0.11,1972800,NaN,NaN,NaN,NaN,NaN,NaN,NaN
1651021200,0.11,0.115,0.11,0.11,1353400,NaN,NaN,NaN,NaN,NaN,NaN,NaN
1651107600,0.11,0.12,0.11,0.115,12557400,NaN,NaN,NaN,NaN,NaN,NaN,NaN
1651194000,0.115,0.125,0.115,0.12,21649200,NaN,NaN,NaN,NaN,NaN,NaN,NaN
1651712400,0.125,0.13,0.125,0.125,18306900,NaN,NaN,NaN,NaN,NaN,NaN,NaN
1651798800,0.125,0.125,0.12,0.12,1662100,NaN,NaN,NaN,NaN,NaN,NaN,NaN
1652058000,0.125,0.125,0.12,0.12,2225500,NaN,NaN,NaN,NaN,NaN,NaN,NaN
1652144400,0.12,0.12,0.115,0.12,15824600,NaN,NaN,NaN,NaN,NaN,NaN,NaN
1652230800,0.12,0.12,0.115,0.115,1274300,NaN,NaN,NaN,NaN,NaN,NaN,NaN
1652317200,0.115,0.12,0.115,0.12,4982400,NaN,NaN,NaN,NaN,NaN,NaN,NaN
1652403600,0.12,0.125,0.115,0.125,12286800,NaN,NaN,NaN,NaN,NaN,NaN,NaN
1652749200,0.125,0.13,0.12,0.13,31779400,NaN,NaN,NaN,NaN,NaN,NaN,NaN
1652835600,0.125,0.13,0.12,0.125,8602400,NaN,NaN,NaN,NaN,NaN,NaN,NaN
1652922000,0.12,0.125,0.12,0.12,7229300,NaN,NaN,NaN,NaN,NaN,NaN,NaN
1653008400,0.12,0.125,0.12,0.125,8632500,NaN,NaN,NaN,NaN,NaN,NaN,NaN
1653267600,0.125,0.125,0.12,0.12,11831000,NaN,NaN,NaN,NaN,NaN,NaN,NaN
1653354000,0.125,0.125,0.12,0.12,2523100,NaN,NaN,NaN,NaN,NaN,NaN,NaN
1653440400,0.125,0.125,0.12,0.12,2347200,NaN,NaN,NaN,NaN,NaN,NaN,NaN
1653526800,0.12,0.12,0.115,0.12,10425100,NaN,NaN,NaN,NaN,NaN,NaN,NaN
1653613200,0.12,0.125,0.11,0.12,32964100,NaN,NaN,NaN,NaN,NaN,NaN,NaN
1653872400,0.12,0.125,0.115,0.115,3973600,NaN,NaN,NaN,NaN,NaN,NaN,NaN
1653958800,0.115,0.12,0.115,0.12,1409500,NaN,NaN,NaN,NaN,NaN,NaN,NaN
1654045200,0.115,0.12,0.115,0.12,7180400,NaN,NaN,NaN,NaN,NaN,NaN,NaN
1654131600,0.115,0.12,0.115,0.115,1294700,NaN,NaN,NaN,NaN,NaN,NaN,NaN
1654218000,0.12,0.12,0.115,0.12,1455100,NaN,NaN,NaN,NaN,NaN,NaN,NaN
1654563600,0.12,0.12,0.115,0.115,1320300,NaN,NaN,NaN,NaN,NaN,NaN,NaN
1654650000,0.115,0.125,0.115,0.125,7718800,NaN,NaN,NaN,NaN,NaN,NaN,NaN
1654736400,0.12,0.125,0.115,0.125,21618400,NaN,NaN,NaN,NaN,NaN,NaN,NaN
1654822800,0.12,0.125,0.115,0.12,5168800,NaN,NaN,NaN,NaN,NaN,NaN,NaN
1655082000,0.12,0.12,0.115,0.12,9607300,NaN,NaN,NaN,NaN,NaN,NaN,NaN
1655168400,0.115,0.12,0.115,0.115,690500,NaN,NaN,NaN,NaN,NaN,NaN,NaN
1655254800,0.115,0.12,0.11,0.115,9565600,NaN,NaN,NaN,NaN,NaN,NaN,NaN
1655341200,0.115,0.12,0.11,0.115,6439500,NaN,NaN,NaN,NaN,NaN,NaN,NaN
1655427600,0.115,0.115,0.11,0.115,6846400,NaN,NaN,NaN,NaN,NaN,NaN,NaN
1655686800,0.11,0.115,0.11,0.115,1762000,NaN,NaN,NaN,NaN,NaN,NaN,NaN
1655773200,0.11,0.115,0.11,0.11,1470300,NaN,NaN,NaN,NaN,NaN,NaN,NaN
1655859600,0.11,0.115,0.11,0.11,2082400,NaN,NaN,NaN,NaN,NaN,NaN,NaN
1655946000,0.11,0.115,0.105,0.105,10286600,NaN,NaN,NaN,NaN,NaN,NaN,NaN
1656032400,0.11,0.11,0.105,0.11,13430000,NaN,NaN,NaN,NaN,NaN,NaN,NaN
1656291600,0.105,0.11,0.105,0.105,2724600,NaN,NaN,NaN,NaN,NaN,NaN,NaN
1656378000,0.105,0.115,0.105,0.11,13680800,NaN,NaN,NaN,NaN,NaN,NaN,NaN
1656464400,0.11,0.11,0.105,0.11,1739400,NaN,NaN,NaN,NaN,NaN,NaN,NaN
1656550800,0.11,0.11,0.1,0.105,16341600,8215600000,2970774000,684063000,-36539000,86595000,2286711000,0
1656637200,0.11,0.11,0.105,0.11,4238000,NaN,NaN,NaN,NaN,NaN,NaN,NaN
1656896400,0.11,0.11,0.1,0.1,5154700,NaN,NaN,NaN,NaN,NaN,NaN,NaN
1656982800,0.105,0.105,0.1,0.1,4849100,NaN,NaN,NaN,NaN,NaN,NaN,NaN
1657069200,0.1,0.1,0.085,0.09,88883800,NaN,NaN,NaN,NaN,NaN,NaN,NaN
1657155600,0.095,0.095,0.085,0.09,13813500,NaN,NaN,NaN,NaN,NaN,NaN,NaN
1657242000,0.09,0.09,0.085,0.09,7212300,NaN,NaN,NaN,NaN,NaN,NaN,NaN
1657587600,0.09,0.09,0.085,0.085,24961500,NaN,NaN,NaN,NaN,NaN,NaN,NaN
1657674000,0.085,0.09,0.08,0.08,22314000,NaN,NaN,NaN,NaN,NaN,NaN,NaN
1657760400,0.08,0.085,0.075,0.075,24862400,NaN,NaN,NaN,NaN,NaN,NaN,NaN
1657846800,0.075,0.08,0.075,0.075,15855600,NaN,NaN,NaN,NaN,NaN,NaN,NaN
1658106000,0.08,0.08,0.075,0.075,17769600,NaN,NaN,NaN,NaN,NaN,NaN,NaN
1658192400,0.08,0.08,0.075,0.08,1603300,NaN,NaN,NaN,NaN,NaN,NaN,NaN
1658278800,0.075,0.085,0.075,0.08,15094700,NaN,NaN,NaN,NaN,NaN,NaN,NaN
1658365200,0.08,0.085,0.08,0.08,2572900,NaN,NaN,NaN,NaN,NaN,NaN,NaN
1658451600,0.08,0.085,0.08,0.08,2280300,NaN,NaN,NaN,NaN,NaN,NaN,NaN
1658710800,0.085,0.085,0.08,0.08,1208800,NaN,NaN,NaN,NaN,NaN,NaN,NaN
1658797200,0.085,0.085,0.08,0.08,12729600,NaN,NaN,NaN,NaN,NaN,NaN,NaN
1658883600,0.08,0.09,0.08,0.085,22294700,NaN,NaN,NaN,NaN,NaN,NaN,NaN
1658970000,0.085,0.09,0.08,0.085,10261200,NaN,NaN,NaN,NaN,NaN,NaN,NaN
1659056400,0.085,0.09,0.085,0.085,7785900,NaN,NaN,NaN,NaN,NaN,NaN,NaN
1659315600,0.09,0.095,0.085,0.09,15897900,NaN,NaN,NaN,NaN,NaN,NaN,NaN
1659402000,0.09,0.095,0.08,0.085,17120900,NaN,NaN,NaN,NaN,NaN,NaN,NaN
1659488400,0.085,0.085,0.08,0.085,2426600,NaN,NaN,NaN,NaN,NaN,NaN,NaN
1659574800,0.085,0.09,0.085,0.085,785100,NaN,NaN,NaN,NaN,NaN,NaN,NaN
1659661200,0.09,0.09,0.08,0.085,3133200,NaN,NaN,NaN,NaN,NaN,NaN,NaN
1659920400,0.085,0.085,0.075,0.08,33038300,NaN,NaN,NaN,NaN,NaN,NaN,NaN
1660006800,0.075,0.08,0.075,0.075,9395300,NaN,NaN,NaN,NaN,NaN,NaN,NaN
1660093200,0.075,0.085,0.075,0.075,13002200,NaN,NaN,NaN,NaN,NaN,NaN,NaN
1660179600,0.08,0.085,0.075,0.08,30312100,NaN,NaN,NaN,NaN,NaN,NaN,NaN
1660266000,0.08,0.08,0.075,0.08,4959700,NaN,NaN,NaN,NaN,NaN,NaN,NaN
1660525200,0.08,0.085,0.075,0.08,16495800,NaN,NaN,NaN,NaN,NaN,NaN,NaN
1660611600,0.075,0.085,0.075,0.085,3028700,NaN,NaN,NaN,NaN,NaN,NaN,NaN
1660698000,0.08,0.085,0.075,0.08,8397800,NaN,NaN,NaN,NaN,NaN,NaN,NaN
1660784400,0.08,0.085,0.075,0.085,5423200,NaN,NaN,NaN,NaN,NaN,NaN,NaN
1660870800,0.08,0.085,0.08,0.08,1013300,NaN,NaN,NaN,NaN,NaN,NaN,NaN
1661130000,0.08,0.085,0.075,0.08,9864400,NaN,NaN,NaN,NaN,NaN,NaN,NaN
1661216400,0.08,0.085,0.075,0.08,16000700,NaN,NaN,NaN,NaN,NaN,NaN,NaN
1661302800,0.085,0.085,0.08,0.08,4677400,NaN,NaN,NaN,NaN,NaN,NaN,NaN
1661389200,0.08,0.085,0.08,0.085,4057600,NaN,NaN,NaN,NaN,NaN,NaN,NaN
1661475600,0.085,0.09,0.085,0.09,7443800,NaN,NaN,NaN,NaN,NaN,NaN,NaN
1661734800,0.085,0.09,0.08,0.085,9040500,NaN,NaN,NaN,NaN,NaN,NaN,NaN
1661821200,0.085,0.09,0.085,0.085,36925400,NaN,NaN,NaN,NaN,NaN,NaN,NaN
1661994000,0.085,0.09,0.08,0.085,26460000,NaN,NaN,NaN,NaN,NaN,NaN,NaN
1662080400,0.08,0.085,0.08,0.08,906900,NaN,NaN,NaN,NaN,NaN,NaN,NaN
1662339600,0.085,0.09,0.08,0.085,21887900,NaN,NaN,NaN,NaN,NaN,NaN,NaN
1662426000,0.085,0.09,0.085,0.09,2858000,NaN,NaN,NaN,NaN,NaN,NaN,NaN
1662512400,0.085,0.09,0.085,0.085,11688100,NaN,NaN,NaN,NaN,NaN,NaN,NaN
1662598800,0.085,0.09,0.085,0.09,2407800,NaN,NaN,NaN,NaN,NaN,NaN,NaN
1662685200,0.09,0.09,0.085,0.085,4478200,NaN,NaN,NaN,NaN,NaN,NaN,NaN
1662944400,0.09,0.11,0.09,0.1,106405800,NaN,NaN,NaN,NaN,NaN,NaN,NaN
1663030800,0.1,0.12,0.095,0.115,71563400,NaN,NaN,NaN,NaN,NaN,NaN,NaN
1663117200,0.1,0.11,0.095,0.105,243774200,NaN,NaN,NaN,NaN,NaN,NaN,NaN
1663203600,0.11,0.125,0.105,0.115,108272400,NaN,NaN,NaN,NaN,NaN,NaN,NaN
1663549200,0.12,0.125,0.115,0.115,36714100,NaN,NaN,NaN,NaN,NaN,NaN,NaN
1663635600,0.12,0.125,0.115,0.115,77837400,NaN,NaN,NaN,NaN,NaN,NaN,NaN
1663722000,0.115,0.13,0.115,0.125,121513200,NaN,NaN,NaN,NaN,NaN,NaN,NaN
1663808400,0.125,0.13,0.125,0.125,33349400,NaN,NaN,NaN,NaN,NaN,NaN,NaN
1663894800,0.13,0.135,0.125,0.13,64176100,NaN,NaN,NaN,NaN,NaN,NaN,NaN
1664154000,0.125,0.125,0.11,0.12,101027900,NaN,NaN,NaN,NaN,NaN,NaN,NaN
1664240400,0.115,0.12,0.11,0.115,33646700,NaN,NaN,NaN,NaN,NaN,NaN,NaN
1664326800,0.115,0.115,0.11,0.115,24479100,NaN,NaN,NaN,NaN,NaN,NaN,NaN
1664413200,0.115,0.12,0.11,0.11,61546700,NaN,NaN,NaN,NaN,NaN,NaN,NaN
1664499600,0.11,0.115,0.11,0.115,7290400,8215600000,3213643000,763779000,17139000,173778000,2449864000,0
1664758800,0.11,0.12,0.11,0.115,17309600,NaN,NaN,NaN,NaN,NaN,NaN,NaN
1664845200,0.125,0.125,0.12,0.12,23232400,NaN,NaN,NaN,NaN,NaN,NaN,NaN
1664931600,0.12,0.13,0.115,0.12,36218800,NaN,NaN,NaN,NaN,NaN,NaN,NaN
1665018000,0.12,0.125,0.115,0.12,41042900,NaN,NaN,NaN,NaN,NaN,NaN,NaN
1665104400,0.12,0.12,0.115,0.12,6059800,NaN,NaN,NaN,NaN,NaN,NaN,NaN
1665450000,0.115,0.115,0.105,0.115,46968800,NaN,NaN,NaN,NaN,NaN,NaN,NaN
1665536400,0.115,0.115,0.11,0.115,4506200,NaN,NaN,NaN,NaN,NaN,NaN,NaN
1665622800,0.115,0.115,0.11,0.115,3703300,NaN,NaN,NaN,NaN,NaN,NaN,NaN
1665709200,0.11,0.115,0.11,0.11,16923800,NaN,NaN,NaN,NaN,NaN,NaN,NaN
1665968400,0.11,0.115,0.105,0.115,4961700,NaN,NaN,NaN,NaN,NaN,NaN,NaN
1666054800,0.115,0.115,0.11,0.115,7841900,NaN,NaN,NaN,NaN,NaN,NaN,NaN
1666141200,0.115,0.12,0.11,0.115,21873100,NaN,NaN,NaN,NaN,NaN,NaN,NaN
1666227600,0.115,0.12,0.115,0.12,11000500,NaN,NaN,NaN,NaN,NaN,NaN,NaN
1666314000,0.12,0.12,0.11,0.11,11483900,NaN,NaN,NaN,NaN,NaN,NaN,NaN
1666659600,0.11,0.115,0.11,0.11,1770400,NaN,NaN,NaN,NaN,NaN,NaN,NaN
1666746000,0.11,0.115,0.11,0.115,1103600,NaN,NaN,NaN,NaN,NaN,NaN,NaN
1666832400,0.115,0.125,0.115,0.125,50816700,NaN,NaN,NaN,NaN,NaN,NaN,NaN
1666918800,0.12,0.125,0.115,0.12,13575500,NaN,NaN,NaN,NaN,NaN,NaN,NaN
1667178000,0.12,0.125,0.12,0.12,14226400,NaN,NaN,NaN,NaN,NaN,NaN,NaN
1667264400,0.12,0.125,0.115,0.12,13751800,NaN,NaN,NaN,NaN,NaN,NaN,NaN
1667350800,0.12,0.125,0.12,0.125,4672500,NaN,NaN,NaN,NaN,NaN,NaN,NaN
1667437200,0.125,0.125,0.12,0.12,21296300,NaN,NaN,NaN,NaN,NaN,NaN,NaN
1667523600,0.12,0.13,0.12,0.125,22075300,NaN,NaN,NaN,NaN,NaN,NaN,NaN
1667782800,0.13,0.13,0.125,0.13,21843400,NaN,NaN,NaN,NaN,NaN,NaN,NaN
1667869200,0.13,0.135,0.13,0.13,31991400,NaN,NaN,NaN,NaN,NaN,NaN,NaN
1667955600,0.13,0.14,0.125,0.135,51460300,NaN,NaN,NaN,NaN,NaN,NaN,NaN
1668042000,0.135,0.14,0.13,0.135,11083300,NaN,NaN,NaN,NaN,NaN,NaN,NaN
1668128400,0.135,0.14,0.13,0.135,25276600,NaN,NaN,NaN,NaN,NaN,NaN,NaN
1668387600,0.135,0.14,0.135,0.135,9184500,NaN,NaN,NaN,NaN,NaN,NaN,NaN
1668474000,0.135,0.14,0.135,0.135,13175900,NaN,NaN,NaN,NaN,NaN,NaN,NaN
1668560400,0.135,0.14,0.135,0.135,24411100,NaN,NaN,NaN,NaN,NaN,NaN,NaN
1668646800,0.135,0.14,0.13,0.135,22620500,NaN,NaN,NaN,NaN,NaN,NaN,NaN
1668992400,0.13,0.14,0.13,0.14,10038600,NaN,NaN,NaN,NaN,NaN,NaN,NaN
1669078800,0.135,0.14,0.135,0.14,6447400,NaN,NaN,NaN,NaN,NaN,NaN,NaN
1669165200,0.135,0.14,0.135,0.135,6974700,NaN,NaN,NaN,NaN,NaN,NaN,NaN
1669251600,0.135,0.145,0.135,0.14,24021700,NaN,NaN,NaN,NaN,NaN,NaN,NaN
1669338000,0.14,0.145,0.14,0.145,26790000,NaN,NaN,NaN,NaN,NaN,NaN,NaN
1669683600,0.14,0.145,0.14,0.145,19098400,NaN,NaN,NaN,NaN,NaN,NaN,NaN
1669770000,0.15,0.15,0.14,0.145,26054900,NaN,NaN,NaN,NaN,NaN,NaN,NaN
1669856400,0.145,0.155,0.145,0.15,47273600,NaN,NaN,NaN,NaN,NaN,NaN,NaN
1669942800,0.15,0.17,0.15,0.16,154383200,NaN,NaN,NaN,NaN,NaN,NaN,NaN
1670202000,0.165,0.17,0.155,0.165,65358900,NaN,NaN,NaN,NaN,NaN,NaN,NaN
1670288400,0.165,0.17,0.16,0.17,32495000,NaN,NaN,NaN,NaN,NaN,NaN,NaN
1670374800,0.165,0.165,0.155,0.155,13922000,NaN,NaN,NaN,NaN,NaN,NaN,NaN
1670461200,0.155,0.16,0.15,0.155,16344700,NaN,NaN,NaN,NaN,NaN,NaN,NaN
1670547600,0.155,0.16,0.155,0.16,10388500,NaN,NaN,NaN,NaN,NaN,NaN,NaN
1670806800,0.16,0.16,0.155,0.155,5220300,NaN,NaN,NaN,NaN,NaN,NaN,NaN
1670893200,0.16,0.165,0.155,0.165,50629400,NaN,NaN,NaN,NaN,NaN,NaN,NaN
1670979600,0.165,0.165,0.16,0.16,6550400,NaN,NaN,NaN,NaN,NaN,NaN,NaN
1671066000,0.16,0.165,0.16,0.165,15412200,NaN,NaN,NaN,NaN,NaN,NaN,NaN
1671152400,0.165,0.165,0.16,0.16,14446300,NaN,NaN,NaN,NaN,NaN,NaN,NaN
1671411600,0.155,0.165,0.155,0.16,10503700,NaN,NaN,NaN,NaN,NaN,NaN,NaN
1671498000,0.165,0.165,0.155,0.16,10995400,NaN,NaN,NaN,NaN,NaN,NaN,NaN
1671584400,0.16,0.16,0.15,0.155,39964600,NaN,NaN,NaN,NaN,NaN,NaN,NaN
1671670800,0.155,0.16,0.155,0.16,2189600,NaN,NaN,NaN,NaN,NaN,NaN,NaN
1671757200,0.16,0.16,0.15,0.155,25006800,NaN,NaN,NaN,NaN,NaN,NaN,NaN
1672102800,0.155,0.16,0.15,0.155,25974600,NaN,NaN,NaN,NaN,NaN,NaN,NaN
1672189200,0.155,0.155,0.145,0.155,33263200,NaN,NaN,NaN,NaN,NaN,NaN,NaN
1672275600,0.15,0.15,0.14,0.15,35109700,NaN,NaN,NaN,NaN,NaN,NaN,NaN
1672362000,0.145,0.155,0.145,0.15,6926600,8215600000,3089362000,807697000,-1110000,243071000,2281665000,0
1672707600,0.155,0.155,0.15,0.15,3618600,NaN,NaN,NaN,NaN,NaN,NaN,NaN
1672794000,0.155,0.155,0.15,0.155,10756600,NaN,NaN,NaN,NaN,NaN,NaN,NaN
1672880400,0.15,0.155,0.145,0.15,24045100,NaN,NaN,NaN,NaN,NaN,NaN,NaN
1672966800,0.15,0.155,0.15,0.15,5225500,NaN,NaN,NaN,NaN,NaN,NaN,NaN
1673226000,0.155,0.165,0.15,0.16,49300600,NaN,NaN,NaN,NaN,NaN,NaN,NaN
1673312400,0.16,0.165,0.155,0.16,35276000,NaN,NaN,NaN,NaN,NaN,NaN,NaN
1673398800,0.16,0.17,0.155,0.165,56694500,NaN,NaN,NaN,NaN,NaN,NaN,NaN
1673485200,0.165,0.17,0.16,0.16,65271400,NaN,NaN,NaN,NaN,NaN,NaN,NaN
1673571600,0.165,0.175,0.165,0.175,63210500,NaN,NaN,NaN,NaN,NaN,NaN,NaN
1673830800,0.175,0.185,0.17,0.18,110009900,NaN,NaN,NaN,NaN,NaN,NaN,NaN
1673917200,0.18,0.185,0.175,0.185,16861400,NaN,NaN,NaN,NaN,NaN,NaN,NaN
1674003600,0.18,0.2,0.175,0.185,154573200,NaN,NaN,NaN,NaN,NaN,NaN,NaN
1674090000,0.18,0.205,0.18,0.205,156909300,NaN,NaN,NaN,NaN,NaN,NaN,NaN
1674176400,0.205,0.215,0.195,0.2,114400900,NaN,NaN,NaN,NaN,NaN,NaN,NaN
1674608400,0.205,0.22,0.2,0.22,77988300,NaN,NaN,NaN,NaN,NaN,NaN,NaN
1674694800,0.22,0.23,0.205,0.225,131442400,NaN,NaN,NaN,NaN,NaN,NaN,NaN
1674781200,0.225,0.23,0.215,0.22,118269100,NaN,NaN,NaN,NaN,NaN,NaN,NaN
1675040400,0.22,0.235,0.22,0.23,109154900,NaN,NaN,NaN,NaN,NaN,NaN,NaN
1675126800,0.23,0.235,0.225,0.23,52093500,NaN,NaN,NaN,NaN,NaN,NaN,NaN
1675299600,0.24,0.27,0.235,0.255,218964200,NaN,NaN,NaN,NaN,NaN,NaN,NaN
1675386000,0.26,0.26,0.24,0.245,70451000,NaN,NaN,NaN,NaN,NaN,NaN,NaN
1675731600,0.245,0.25,0.23,0.245,68402500,NaN,NaN,NaN,NaN,NaN,NaN,NaN
1675818000,0.25,0.26,0.23,0.235,163597800,NaN,NaN,NaN,NaN,NaN,NaN,NaN
1675904400,0.24,0.24,0.22,0.22,77243400,NaN,NaN,NaN,NaN,NaN,NaN,NaN
1675990800,0.215,0.24,0.215,0.24,77172000,NaN,NaN,NaN,NaN,NaN,NaN,NaN
1676250000,0.245,0.245,0.23,0.235,61434000,NaN,NaN,NaN,NaN,NaN,NaN,NaN
1676336400,0.235,0.245,0.23,0.23,55808700,NaN,NaN,NaN,NaN,NaN,NaN,NaN
1676422800,0.23,0.24,0.23,0.24,35992300,NaN,NaN,NaN,NaN,NaN,NaN,NaN
1676509200,0.24,0.245,0.235,0.235,43435800,NaN,NaN,NaN,NaN,NaN,NaN,NaN
1676595600,0.24,0.24,0.23,0.23,29083700,NaN,NaN,NaN,NaN,NaN,NaN,NaN
1676854800,0.235,0.245,0.23,0.24,34407500,NaN,NaN,NaN,NaN,NaN,NaN,NaN
1676941200,0.24,0.25,0.24,0.245,59030300,NaN,NaN,NaN,NaN,NaN,NaN,NaN
1677027600,0.245,0.25,0.235,0.24,55358100,NaN,NaN,NaN,NaN,NaN,NaN,NaN
1677114000,0.24,0.25,0.235,0.24,45088200,NaN,NaN,NaN,NaN,NaN,NaN,NaN
1677200400,0.24,0.28,0.24,0.275,220226100,NaN,NaN,NaN,NaN,NaN,NaN,NaN
1677459600,0.275,0.285,0.265,0.275,70736600,NaN,NaN,NaN,NaN,NaN,NaN,NaN
1677546000,0.235,0.24,0.18,0.19,581071900,NaN,NaN,NaN,NaN,NaN,NaN,NaN
1677632400,0.185,0.2,0.175,0.195,129001800,NaN,NaN,NaN,NaN,NaN,NaN,NaN
1677718800,0.2,0.205,0.195,0.2,60797900,NaN,NaN,NaN,NaN,NaN,NaN,NaN
1677805200,0.2,0.22,0.195,0.215,101586400,NaN,NaN,NaN,NaN,NaN,NaN,NaN
1678064400,0.22,0.245,0.22,0.24,136076700,NaN,NaN,NaN,NaN,NaN,NaN,NaN
1678150800,0.24,0.245,0.23,0.24,51206500,NaN,NaN,NaN,NaN,NaN,NaN,NaN
1678237200,0.235,0.25,0.23,0.24,66194400,NaN,NaN,NaN,NaN,NaN,NaN,NaN
1678323600,0.24,0.245,0.23,0.235,20595400,NaN,NaN,NaN,NaN,NaN,NaN,NaN
1678410000,0.23,0.235,0.215,0.215,53804800,NaN,NaN,NaN,NaN,NaN,NaN,NaN
1678669200,0.21,0.23,0.205,0.22,57665300,NaN,NaN,NaN,NaN,NaN,NaN,NaN
1678755600,0.215,0.22,0.205,0.205,34935300,NaN,NaN,NaN,NaN,NaN,NaN,NaN
1678842000,0.205,0.215,0.205,0.215,29346500,NaN,NaN,NaN,NaN,NaN,NaN,NaN
1678928400,0.205,0.215,0.2,0.21,46938800,NaN,NaN,NaN,NaN,NaN,NaN,NaN
1679014800,0.21,0.22,0.21,0.22,40434000,NaN,NaN,NaN,NaN,NaN,NaN,NaN
1679274000,0.22,0.22,0.19,0.19,51374000,NaN,NaN,NaN,NaN,NaN,NaN,NaN
1679360400,0.2,0.205,0.19,0.2,49239700,NaN,NaN,NaN,NaN,NaN,NaN,NaN
1679446800,0.2,0.21,0.2,0.205,34276400,NaN,NaN,NaN,NaN,NaN,NaN,NaN
1679533200,0.205,0.21,0.195,0.195,22188300,NaN,NaN,NaN,NaN,NaN,NaN,NaN
1679619600,0.195,0.2,0.19,0.19,27687500,NaN,NaN,NaN,NaN,NaN,NaN,NaN
1679878800,0.195,0.195,0.185,0.19,50748100,NaN,NaN,NaN,NaN,NaN,NaN,NaN
1679965200,0.195,0.205,0.195,0.2,37977000,NaN,NaN,NaN,NaN,NaN,NaN,NaN
1680051600,0.205,0.21,0.2,0.205,12304200,NaN,NaN,NaN,NaN,NaN,NaN,NaN
1680138000,0.205,0.21,0.2,0.21,26252900,NaN,NaN,NaN,NaN,NaN,NaN,NaN
1680224400,0.21,0.21,0.205,0.21,8160100,8215600000,3125192000,828715000,26951000,287251000,2296477000,0
1680483600,0.215,0.225,0.21,0.22,57069700,NaN,NaN,NaN,NaN,NaN,NaN,NaN
1680570000,0.225,0.235,0.22,0.225,46440000,NaN,NaN,NaN,NaN,NaN,NaN,NaN
1680656400,0.23,0.23,0.22,0.22,17298600,NaN,NaN,NaN,NaN,NaN,NaN,NaN
1680742800,0.22,0.225,0.215,0.22,17168200,NaN,NaN,NaN,NaN,NaN,NaN,NaN
1680829200,0.22,0.225,0.215,0.22,25114000,NaN,NaN,NaN,NaN,NaN,NaN,NaN
1681088400,0.225,0.225,0.22,0.225,4719300,NaN,NaN,NaN,NaN,NaN,NaN,NaN
1681174800,0.225,0.24,0.22,0.235,55563300,NaN,NaN,NaN,NaN,NaN,NaN,NaN
1681261200,0.235,0.235,0.225,0.23,66149700,NaN,NaN,NaN,NaN,NaN,NaN,NaN
1681347600,0.23,0.235,0.23,0.23,26751500,NaN,NaN,NaN,NaN,NaN,NaN,NaN
1681434000,0.23,0.23,0.22,0.225,27163500,NaN,NaN,NaN,NaN,NaN,NaN,NaN
1681693200,0.225,0.225,0.22,0.22,8816600,NaN,NaN,NaN,NaN,NaN,NaN,NaN
1681779600,0.225,0.225,0.215,0.215,26432800,NaN,NaN,NaN,NaN,NaN,NaN,NaN
1681866000,0.22,0.225,0.215,0.22,10131000,NaN,NaN,NaN,NaN,NaN,NaN,NaN
1681952400,0.215,0.225,0.215,0.215,7937900,NaN,NaN,NaN,NaN,NaN,NaN,NaN
1682384400,0.22,0.235,0.215,0.23,29588500,NaN,NaN,NaN,NaN,NaN,NaN,NaN
1682470800,0.225,0.23,0.22,0.22,12215200,NaN,NaN,NaN,NaN,NaN,NaN,NaN
1682557200,0.22,0.235,0.22,0.23,41732000,NaN,NaN,NaN,NaN,NaN,NaN,NaN
1682643600,0.235,0.235,0.225,0.23,61387500,NaN,NaN,NaN,NaN,NaN,NaN,NaN
1682989200,0.23,0.235,0.22,0.225,23482700,NaN,NaN,NaN,NaN,NaN,NaN,NaN
1683075600,0.225,0.23,0.22,0.22,22365600,NaN,NaN,NaN,NaN,NaN,NaN,NaN
1683248400,0.22,0.225,0.22,0.22,20311500,NaN,NaN,NaN,NaN,NaN,NaN,NaN
1683507600,0.225,0.235,0.22,0.23,53652500,NaN,NaN,NaN,NaN,NaN,NaN,NaN
1683594000,0.23,0.24,0.225,0.23,42478400,NaN,NaN,NaN,NaN,NaN,NaN,NaN
1683680400,0.24,0.245,0.23,0.235,54632900,NaN,NaN,NaN,NaN,NaN,NaN,NaN
1683766800,0.235,0.24,0.23,0.235,8585200,NaN,NaN,NaN,NaN,NaN,NaN,NaN
1683853200,0.235,0.24,0.23,0.235,11336700,NaN,NaN,NaN,NaN,NaN,NaN,NaN
1684112400,0.235,0.25,0.23,0.25,49219700,NaN,NaN,NaN,NaN,NaN,NaN,NaN
1684198800,0.25,0.255,0.245,0.25,55401800,NaN,NaN,NaN,NaN,NaN,NaN,NaN
1684285200,0.25,0.26,0.245,0.25,63350600,NaN,NaN,NaN,NaN,NaN,NaN,NaN
1684371600,0.25,0.27,0.25,0.255,87720300,NaN,NaN,NaN,NaN,NaN,NaN,NaN
1684458000,0.255,0.265,0.255,0.255,33625300,NaN,NaN,NaN,NaN,NaN,NaN,NaN
1684717200,0.26,0.26,0.255,0.26,15391900,NaN,NaN,NaN,NaN,NaN,NaN,NaN
1684803600,0.255,0.265,0.255,0.255,38994200,NaN,NaN,NaN,NaN,NaN,NaN,NaN
1684890000,0.26,0.26,0.25,0.255,24468700,NaN,NaN,NaN,NaN,NaN,NaN,NaN
1684976400,0.255,0.26,0.215,0.225,100372800,NaN,NaN,NaN,NaN,NaN,NaN,NaN
1685062800,0.225,0.23,0.215,0.22,48946900,NaN,NaN,NaN,NaN,NaN,NaN,NaN
1685322000,0.225,0.23,0.21,0.225,43165100,NaN,NaN,NaN,NaN,NaN,NaN,NaN
1685408400,0.23,0.255,0.225,0.245,57215600,NaN,NaN,NaN,NaN,NaN,NaN,NaN
1685494800,0.24,0.24,0.22,0.23,37593800,NaN,NaN,NaN,NaN,NaN,NaN,NaN
1685581200,0.23,0.23,0.22,0.23,18761400,NaN,NaN,NaN,NaN,NaN,NaN,NaN
1685667600,0.235,0.24,0.225,0.225,44047900,NaN,NaN,NaN,NaN,NaN,NaN,NaN
1686013200,0.23,0.23,0.225,0.225,14652700,NaN,NaN,NaN,NaN,NaN,NaN,NaN
1686099600,0.23,0.23,0.225,0.23,10815100,NaN,NaN,NaN,NaN,NaN,NaN,NaN
1686186000,0.225,0.23,0.22,0.22,27964300,NaN,NaN,NaN,NaN,NaN,NaN,NaN
1686272400,0.225,0.23,0.22,0.225,33290200,NaN,NaN,NaN,NaN,NaN,NaN,NaN
1686531600,0.225,0.225,0.215,0.215,33919300,NaN,NaN,NaN,NaN,NaN,NaN,NaN
1686618000,0.22,0.225,0.215,0.22,14066000,NaN,NaN,NaN,NaN,NaN,NaN,NaN
1686704400,0.225,0.225,0.22,0.22,2896300,NaN,NaN,NaN,NaN,NaN,NaN,NaN
1686790800,0.22,0.225,0.215,0.22,17970900,NaN,NaN,NaN,NaN,NaN,NaN,NaN
1686877200,0.22,0.225,0.215,0.225,9541600,NaN,NaN,NaN,NaN,NaN,NaN,NaN
1687136400,0.225,0.225,0.22,0.22,7297300,NaN,NaN,NaN,NaN,NaN,NaN,NaN
1687222800,0.22,0.225,0.215,0.215,2755300,NaN,NaN,NaN,NaN,NaN,NaN,NaN
1687309200,0.22,0.22,0.215,0.215,3317400,NaN,NaN,NaN,NaN,NaN,NaN,NaN
1687395600,0.22,0.225,0.22,0.22,24375700,NaN,NaN,NaN,NaN,NaN,NaN,NaN
1687482000,0.22,0.225,0.215,0.22,12210000,NaN,NaN,NaN,NaN,NaN,NaN,NaN
1687741200,0.22,0.225,0.215,0.22,21154100,NaN,NaN,NaN,NaN,NaN,NaN,NaN
1687827600,0.22,0.225,0.22,0.22,6804200,NaN,NaN,NaN,NaN,NaN,NaN,NaN
1687914000,0.22,0.225,0.215,0.22,15136100,NaN,NaN,NaN,NaN,NaN,NaN,NaN
1688086800,0.22,0.225,0.22,0.22,6181300,8215600000,3248503000,859781000,34122000,279316000,2388722000,0
1688346000,0.22,0.23,0.22,0.22,12100800,NaN,NaN,NaN,NaN,NaN,NaN,NaN
1688432400,0.225,0.225,0.215,0.22,41480800,NaN,NaN,NaN,NaN,NaN,NaN,NaN
1688518800,0.225,0.235,0.215,0.235,24339300,NaN,NaN,NaN,NaN,NaN,NaN,NaN
1688605200,0.23,0.235,0.225,0.225,18798100,NaN,NaN,NaN,NaN,NaN,NaN,NaN
1688691600,0.225,0.23,0.22,0.225,15213700,NaN,NaN,NaN,NaN,NaN,NaN,NaN
1688950800,0.23,0.235,0.23,0.235,7247100,NaN,NaN,NaN,NaN,NaN,NaN,NaN
1689037200,0.235,0.24,0.23,0.235,6575500,NaN,NaN,NaN,NaN,NaN,NaN,NaN
1689123600,0.24,0.245,0.235,0.235,29341800,NaN,NaN,NaN,NaN,NaN,NaN,NaN
1689210000,0.24,0.24,0.23,0.235,15597100,NaN,NaN,NaN,NaN,NaN,NaN,NaN
1689296400,0.235,0.245,0.23,0.235,52798500,NaN,NaN,NaN,NaN,NaN,NaN,NaN
1689555600,0.235,0.235,0.225,0.23,34124100,NaN,NaN,NaN,NaN,NaN,NaN,NaN
1689642000,0.23,0.235,0.225,0.225,29362100,NaN,NaN,NaN,NaN,NaN,NaN,NaN
1689814800,0.23,0.23,0.225,0.225,13129700,NaN,NaN,NaN,NaN,NaN,NaN,NaN
1689901200,0.225,0.235,0.225,0.225,13479700,NaN,NaN,NaN,NaN,NaN,NaN,NaN
1690160400,0.225,0.23,0.225,0.23,2076300,NaN,NaN,NaN,NaN,NaN,NaN,NaN
1690246800,0.23,0.24,0.23,0.23,21209100,NaN,NaN,NaN,NaN,NaN,NaN,NaN
1690333200,0.235,0.245,0.23,0.24,28581600,NaN,NaN,NaN,NaN,NaN,NaN,NaN
1690419600,0.24,0.245,0.235,0.24,23250100,NaN,NaN,NaN,NaN,NaN,NaN,NaN
1690506000,0.24,0.245,0.225,0.235,35027100,NaN,NaN,NaN,NaN,NaN,NaN,NaN
1690765200,0.235,0.235,0.225,0.23,20477300,NaN,NaN,NaN,NaN,NaN,NaN,NaN
1690851600,0.23,0.24,0.23,0.23,34780400,NaN,NaN,NaN,NaN,NaN,NaN,NaN
1690938000,0.23,0.24,0.23,0.235,65764000,NaN,NaN,NaN,NaN,NaN,NaN,NaN
1691024400,0.235,0.24,0.23,0.24,15060300,NaN,NaN,NaN,NaN,NaN,NaN,NaN
1691110800,0.24,0.24,0.235,0.235,9154600,NaN,NaN,NaN,NaN,NaN,NaN,NaN
1691370000,0.24,0.24,0.235,0.24,19760600,NaN,NaN,NaN,NaN,NaN,NaN,NaN
1691456400,0.24,0.24,0.235,0.24,20465400,NaN,NaN,NaN,NaN,NaN,NaN,NaN
1691542800,0.24,0.24,0.225,0.23,65109000,NaN,NaN,NaN,NaN,NaN,NaN,NaN
1691629200,0.23,0.23,0.215,0.22,93720100,NaN,NaN,NaN,NaN,NaN,NaN,NaN
1691715600,0.22,0.225,0.215,0.225,23795900,NaN,NaN,NaN,NaN,NaN,NaN,NaN
1691974800,0.225,0.235,0.215,0.23,40528100,NaN,NaN,NaN,NaN,NaN,NaN,NaN
1692061200,0.23,0.235,0.23,0.235,18953000,NaN,NaN,NaN,NaN,NaN,NaN,NaN
1692147600,0.23,0.24,0.23,0.235,39236700,NaN,NaN,NaN,NaN,NaN,NaN,NaN
1692234000,0.24,0.24,0.225,0.23,35120400,NaN,NaN,NaN,NaN,NaN,NaN,NaN
1692320400,0.225,0.235,0.225,0.23,26963000,NaN,NaN,NaN,NaN,NaN,NaN,NaN
1692579600,0.235,0.24,0.23,0.235,37993100,NaN,NaN,NaN,NaN,NaN,NaN,NaN
1692666000,0.235,0.235,0.23,0.235,9972000,NaN,NaN,NaN,NaN,NaN,NaN,NaN
1692752400,0.235,0.24,0.23,0.235,25629000,NaN,NaN,NaN,NaN,NaN,NaN,NaN
1692838800,0.235,0.245,0.235,0.24,52080100,NaN,NaN,NaN,NaN,NaN,NaN,NaN
1692925200,0.24,0.245,0.235,0.24,41554300,NaN,NaN,NaN,NaN,NaN,NaN,NaN
1693184400,0.24,0.255,0.24,0.25,89819800,NaN,NaN,NaN,NaN,NaN,NaN,NaN
1693270800,0.25,0.25,0.24,0.245,43956400,NaN,NaN,NaN,NaN,NaN,NaN,NaN
1693357200,0.245,0.245,0.235,0.235,67206300,NaN,NaN,NaN,NaN,NaN,NaN,NaN
1693530000,0.235,0.245,0.23,0.235,36325900,NaN,NaN,NaN,NaN,NaN,NaN,NaN
1693789200,0.24,0.255,0.235,0.25,85745700,NaN,NaN,NaN,NaN,NaN,NaN,NaN
1693875600,0.255,0.26,0.245,0.25,23645200,NaN,NaN,NaN,NaN,NaN,NaN,NaN
1693962000,0.255,0.26,0.245,0.255,31113500,NaN,NaN,NaN,NaN,NaN,NaN,NaN
1694048400,0.255,0.255,0.25,0.25,6142100,NaN,NaN,NaN,NaN,NaN,NaN,NaN
1694134800,0.25,0.255,0.245,0.25,21057000,NaN,NaN,NaN,NaN,NaN,NaN,NaN
1694394000,0.255,0.255,0.245,0.245,19729200,NaN,NaN,NaN,NaN,NaN,NaN,NaN
1694480400,0.245,0.255,0.235,0.245,30423100,NaN,NaN,NaN,NaN,NaN,NaN,NaN
1694566800,0.25,0.255,0.245,0.25,13646000,NaN,NaN,NaN,NaN,NaN,NaN,NaN
1694653200,0.25,0.255,0.25,0.25,6475600,NaN,NaN,NaN,NaN,NaN,NaN,NaN
1694739600,0.255,0.26,0.25,0.26,67341200,NaN,NaN,NaN,NaN,NaN,NaN,NaN
1694998800,0.26,0.265,0.255,0.26,25611400,NaN,NaN,NaN,NaN,NaN,NaN,NaN
1695085200,0.255,0.275,0.255,0.265,54676500,NaN,NaN,NaN,NaN,NaN,NaN,NaN
1695171600,0.27,0.27,0.265,0.27,21155100,NaN,NaN,NaN,NaN,NaN,NaN,NaN
1695258000,0.27,0.27,0.255,0.26,40123400,NaN,NaN,NaN,NaN,NaN,NaN,NaN
1695344400,0.26,0.265,0.255,0.255,29477700,NaN,NaN,NaN,NaN,NaN,NaN,NaN
1695603600,0.26,0.26,0.25,0.255,32678000,NaN,NaN,NaN,NaN,NaN,NaN,NaN
1695690000,0.255,0.26,0.25,0.25,30743900,NaN,NaN,NaN,NaN,NaN,NaN,NaN
1695776400,0.255,0.26,0.25,0.255,60979700,NaN,NaN,NaN,NaN,NaN,NaN,NaN
1695949200,0.26,0.265,0.255,0.255,23517100,8215600000,3197612000,817870000,10533000,289236000,2379742000,0
1696208400,0.255,0.26,0.25,0.26,22620800,NaN,NaN,NaN,NaN,NaN,NaN,NaN
1696294800,0.255,0.255,0.25,0.255,19909900,NaN,NaN,NaN,NaN,NaN,NaN,NaN
1696381200,0.255,0.255,0.24,0.245,33188400,NaN,NaN,NaN,NaN,NaN,NaN,NaN
1696467600,0.24,0.25,0.235,0.245,11616500,NaN,NaN,NaN,NaN,NaN,NaN,NaN
1696554000,0.25,0.25,0.24,0.245,28703700,NaN,NaN,NaN,NaN,NaN,NaN,NaN
1696813200,0.255,0.26,0.25,0.26,25166800,NaN,NaN,NaN,NaN,NaN,NaN,NaN
1696899600,0.26,0.265,0.25,0.26,40147900,NaN,NaN,NaN,NaN,NaN,NaN,NaN
1696986000,0.26,0.265,0.255,0.26,46182600,NaN,NaN,NaN,NaN,NaN,NaN,NaN
1697072400,0.26,0.265,0.255,0.26,64143800,NaN,NaN,NaN,NaN,NaN,NaN,NaN
1697158800,0.26,0.265,0.255,0.255,27776200,NaN,NaN,NaN,NaN,NaN,NaN,NaN
1697418000,0.26,0.265,0.255,0.26,43135300,NaN,NaN,NaN,NaN,NaN,NaN,NaN
1697504400,0.26,0.26,0.255,0.255,10355100,NaN,NaN,NaN,NaN,NaN,NaN,NaN
1697590800,0.26,0.26,0.255,0.255,7090100,NaN,NaN,NaN,NaN,NaN,NaN,NaN
1697677200,0.255,0.26,0.25,0.255,29731100,NaN,NaN,NaN,NaN,NaN,NaN,NaN
1697763600,0.26,0.26,0.255,0.255,4803200,NaN,NaN,NaN,NaN,NaN,NaN,NaN
1698022800,0.255,0.26,0.25,0.255,29226200,NaN,NaN,NaN,NaN,NaN,NaN,NaN
1698109200,0.255,0.26,0.255,0.26,4569300,NaN,NaN,NaN,NaN,NaN,NaN,NaN
1698195600,0.26,0.26,0.255,0.26,5376800,NaN,NaN,NaN,NaN,NaN,NaN,NaN
1698282000,0.26,0.26,0.25,0.26,58876700,NaN,NaN,NaN,NaN,NaN,NaN,NaN
1698368400,0.26,0.265,0.255,0.265,10365100,NaN,NaN,NaN,NaN,NaN,NaN,NaN
1698627600,0.265,0.265,0.255,0.255,6564000,NaN,NaN,NaN,NaN,NaN,NaN,NaN
1698714000,0.255,0.26,0.255,0.255,3166600,NaN,NaN,NaN,NaN,NaN,NaN,NaN
1698800400,0.255,0.26,0.25,0.255,11761800,NaN,NaN,NaN,NaN,NaN,NaN,NaN
1698886800,0.255,0.26,0.25,0.26,20784200,NaN,NaN,NaN,NaN,NaN,NaN,NaN
1698973200,0.255,0.265,0.255,0.255,27504500,NaN,NaN,NaN,NaN,NaN,NaN,NaN
1699232400,0.255,0.26,0.25,0.255,29247500,NaN,NaN,NaN,NaN,NaN,NaN,NaN
1699318800,0.255,0.26,0.25,0.255,8917800,NaN,NaN,NaN,NaN,NaN,NaN,NaN
1699405200,0.25,0.255,0.25,0.255,11186700,NaN,NaN,NaN,NaN,NaN,NaN,NaN
1699491600,0.255,0.255,0.23,0.25,122324900,NaN,NaN,NaN,NaN,NaN,NaN,NaN
1699578000,0.25,0.255,0.245,0.25,23170800,NaN,NaN,NaN,NaN,NaN,NaN,NaN
1699923600,0.25,0.25,0.24,0.24,30961800,NaN,NaN,NaN,NaN,NaN,NaN,NaN
1700010000,0.24,0.24,0.23,0.235,27971300,NaN,NaN,NaN,NaN,NaN,NaN,NaN
1700096400,0.235,0.24,0.23,0.235,12719900,NaN,NaN,NaN,NaN,NaN,NaN,NaN
1700182800,0.235,0.235,0.225,0.23,25046400,NaN,NaN,NaN,NaN,NaN,NaN,NaN
1700442000,0.23,0.245,0.23,0.24,26581700,NaN,NaN,NaN,NaN,NaN,NaN,NaN
1700528400,0.24,0.245,0.235,0.24,30043000,NaN,NaN,NaN,NaN,NaN,NaN,NaN
1700614800,0.24,0.24,0.23,0.235,28050700,NaN,NaN,NaN,NaN,NaN,NaN,NaN
1700701200,0.235,0.24,0.23,0.235,19290500,NaN,NaN,NaN,NaN,NaN,NaN,NaN
1700787600,0.23,0.235,0.22,0.225,53797700,NaN,NaN,NaN,NaN,NaN,NaN,NaN
1701046800,0.225,0.235,0.225,0.235,26719200,NaN,NaN,NaN,NaN,NaN,NaN,NaN
1701133200,0.235,0.235,0.225,0.225,36759500,NaN,NaN,NaN,NaN,NaN,NaN,NaN
1701219600,0.23,0.235,0.215,0.22,53538500,NaN,NaN,NaN,NaN,NaN,NaN,NaN
1701306000,0.225,0.24,0.22,0.22,167108500,NaN,NaN,NaN,NaN,NaN,NaN,NaN
1701392400,0.22,0.23,0.215,0.225,176660000,NaN,NaN,NaN,NaN,NaN,NaN,NaN
1701651600,0.225,0.225,0.215,0.22,119290100,NaN,NaN,NaN,NaN,NaN,NaN,NaN
1701738000,0.22,0.22,0.205,0.22,122211500,NaN,NaN,NaN,NaN,NaN,NaN,NaN
1701824400,0.22,0.22,0.2,0.205,105789100,NaN,NaN,NaN,NaN,NaN,NaN,NaN
1701910800,0.205,0.21,0.195,0.21,57450300,NaN,NaN,NaN,NaN,NaN,NaN,NaN
1701997200,0.205,0.22,0.205,0.215,51631000,NaN,NaN,NaN,NaN,NaN,NaN,NaN
1702256400,0.215,0.225,0.21,0.215,48404100,NaN,NaN,NaN,NaN,NaN,NaN,NaN
1702342800,0.22,0.225,0.215,0.225,36620600,NaN,NaN,NaN,NaN,NaN,NaN,NaN
1702429200,0.22,0.225,0.21,0.215,75711400,NaN,NaN,NaN,NaN,NaN,NaN,NaN
1702515600,0.215,0.235,0.215,0.225,129283500,NaN,NaN,NaN,NaN,NaN,NaN,NaN
1702602000,0.225,0.23,0.22,0.225,35709300,NaN,NaN,NaN,NaN,NaN,NaN,NaN
1702861200,0.23,0.235,0.225,0.23,61268100,NaN,NaN,NaN,NaN,NaN,NaN,NaN
1702947600,0.23,0.235,0.225,0.235,74928200,NaN,NaN,NaN,NaN,NaN,NaN,NaN
1703034000,0.235,0.235,0.225,0.225,67491600,NaN,NaN,NaN,NaN,NaN,NaN,NaN
1703120400,0.225,0.23,0.225,0.23,24372100,NaN,NaN,NaN,NaN,NaN,NaN,NaN
1703206800,0.225,0.23,0.225,0.225,20132000,NaN,NaN,NaN,NaN,NaN,NaN,NaN
1703552400,0.225,0.24,0.225,0.23,60484500,NaN,NaN,NaN,NaN,NaN,NaN,NaN
1703638800,0.23,0.235,0.23,0.23,78532200,NaN,NaN,NaN,NaN,NaN,NaN,NaN
1703725200,0.23,0.235,0.225,0.23,99361100,NaN,NaN,NaN,NaN,NaN,NaN,NaN
1703811600,0.23,0.235,0.23,0.23,4359500,8215600000,3107645000,632237000,88646000,358885000,2475408000,1.08695652173913
1704157200,0.235,0.235,0.23,0.235,13725500,NaN,NaN,NaN,NaN,NaN,NaN,NaN
1704243600,0.23,0.235,0.225,0.23,22524200,NaN,NaN,NaN,NaN,NaN,NaN,NaN
1704330000,0.23,0.24,0.23,0.24,19531000,NaN,NaN,NaN,NaN,NaN,NaN,NaN
1704416400,0.24,0.245,0.23,0.24,48213600,NaN,NaN,NaN,NaN,NaN,NaN,NaN
1704675600,0.24,0.245,0.235,0.245,34806200,NaN,NaN,NaN,NaN,NaN,NaN,NaN
1704762000,0.245,0.25,0.24,0.24,36476600,NaN,NaN,NaN,NaN,NaN,NaN,NaN
1704848400,0.245,0.25,0.24,0.245,35964500,NaN,NaN,NaN,NaN,NaN,NaN,NaN
1704934800,0.245,0.26,0.245,0.255,76298300,NaN,NaN,NaN,NaN,NaN,NaN,NaN
1705021200,0.255,0.26,0.25,0.255,13695000,NaN,NaN,NaN,NaN,NaN,NaN,NaN
1705280400,0.26,0.265,0.25,0.26,34799000,NaN,NaN,NaN,NaN,NaN,NaN,NaN
1705366800,0.26,0.27,0.255,0.26,57496500,NaN,NaN,NaN,NaN,NaN,NaN,NaN
1705453200,0.265,0.27,0.255,0.265,22214300,NaN,NaN,NaN,NaN,NaN,NaN,NaN
1705539600,0.265,0.27,0.255,0.26,43648600,NaN,NaN,NaN,NaN,NaN,NaN,NaN
1705626000,0.265,0.265,0.255,0.265,18204800,NaN,NaN,NaN,NaN,NaN,NaN,NaN
1705885200,0.265,0.265,0.26,0.26,15931700,NaN,NaN,NaN,NaN,NaN,NaN,NaN
1705971600,0.265,0.275,0.26,0.26,40473100,NaN,NaN,NaN,NaN,NaN,NaN,NaN
1706058000,0.265,0.27,0.26,0.26,19411300,NaN,NaN,NaN,NaN,NaN,NaN,NaN
1706230800,0.265,0.27,0.26,0.265,38313200,NaN,NaN,NaN,NaN,NaN,NaN,NaN
1706490000,0.265,0.27,0.26,0.26,23182000,NaN,NaN,NaN,NaN,NaN,NaN,NaN
1706576400,0.265,0.27,0.26,0.265,39733000,NaN,NaN,NaN,NaN,NaN,NaN,NaN
1706662800,0.27,0.27,0.26,0.26,84343000,NaN,NaN,NaN,NaN,NaN,NaN,NaN
1706835600,0.26,0.265,0.23,0.255,101936100,NaN,NaN,NaN,NaN,NaN,NaN,NaN
1707094800,0.255,0.255,0.245,0.25,8074700,NaN,NaN,NaN,NaN,NaN,NaN,NaN
1707181200,0.25,0.26,0.24,0.255,58403300,NaN,NaN,NaN,NaN,NaN,NaN,NaN
1707267600,0.26,0.26,0.24,0.255,67232800,NaN,NaN,NaN,NaN,NaN,NaN,NaN
1707354000,0.255,0.27,0.25,0.265,37110800,NaN,NaN,NaN,NaN,NaN,NaN,NaN
1707440400,0.27,0.275,0.26,0.265,33569200,NaN,NaN,NaN,NaN,NaN,NaN,NaN
1707786000,0.265,0.27,0.26,0.265,14833100,NaN,NaN,NaN,NaN,NaN,NaN,NaN
1707872400,0.265,0.265,0.255,0.265,16178700,NaN,NaN,NaN,NaN,NaN,NaN,NaN
1707958800,0.265,0.27,0.26,0.265,14824300,NaN,NaN,NaN,NaN,NaN,NaN,NaN
1708045200,0.265,0.27,0.26,0.265,26120200,NaN,NaN,NaN,NaN,NaN,NaN,NaN
1708304400,0.27,0.27,0.26,0.265,13111200,NaN,NaN,NaN,NaN,NaN,NaN,NaN
1708390800,0.265,0.28,0.26,0.28,60316100,NaN,NaN,NaN,NaN,NaN,NaN,NaN
1708477200,0.28,0.28,0.27,0.275,34811600,NaN,NaN,NaN,NaN,NaN,NaN,NaN
1708563600,0.275,0.28,0.265,0.275,24432600,NaN,NaN,NaN,NaN,NaN,NaN,NaN
1708650000,0.27,0.275,0.27,0.27,10961900,NaN,NaN,NaN,NaN,NaN,NaN,NaN
1708909200,0.27,0.275,0.265,0.275,27867100,NaN,NaN,NaN,NaN,NaN,NaN,NaN
1708995600,0.275,0.275,0.265,0.265,7060000,NaN,NaN,NaN,NaN,NaN,NaN,NaN
1709082000,0.295,0.315,0.275,0.28,353786400,NaN,NaN,NaN,NaN,NaN,NaN,NaN
1709168400,0.285,0.295,0.28,0.285,105779100,NaN,NaN,NaN,NaN,NaN,NaN,NaN
1709254800,0.29,0.305,0.28,0.285,136071700,NaN,NaN,NaN,NaN,NaN,NaN,NaN
1709514000,0.285,0.295,0.28,0.29,55934300,NaN,NaN,NaN,NaN,NaN,NaN,NaN
1709600400,0.285,0.29,0.28,0.29,39408100,NaN,NaN,NaN,NaN,NaN,NaN,NaN
1709686800,0.285,0.29,0.27,0.27,80983700,NaN,NaN,NaN,NaN,NaN,NaN,NaN
1709773200,0.275,0.285,0.27,0.28,46462600,NaN,NaN,NaN,NaN,NaN,NaN,NaN
1709859600,0.28,0.285,0.275,0.28,20359800,NaN,NaN,NaN,NaN,NaN,NaN,NaN
1710118800,0.275,0.28,0.265,0.27,38481300,NaN,NaN,NaN,NaN,NaN,NaN,NaN
1710205200,0.27,0.285,0.265,0.28,53368200,NaN,NaN,NaN,NaN,NaN,NaN,NaN
1710291600,0.285,0.285,0.27,0.28,27193400,NaN,NaN,NaN,NaN,NaN,NaN,NaN
1710378000,0.28,0.29,0.275,0.285,24261200,NaN,NaN,NaN,NaN,NaN,NaN,NaN
1710464400,0.285,0.285,0.275,0.28,17617000,NaN,NaN,NaN,NaN,NaN,NaN,NaN
1710723600,0.28,0.29,0.28,0.29,30766200,NaN,NaN,NaN,NaN,NaN,NaN,NaN
1710810000,0.29,0.295,0.29,0.29,14032000,NaN,NaN,NaN,NaN,NaN,NaN,NaN
1710896400,0.295,0.295,0.285,0.29,83636000,NaN,NaN,NaN,NaN,NaN,NaN,NaN
1710982800,0.29,0.295,0.28,0.28,37138500,NaN,NaN,NaN,NaN,NaN,NaN,NaN
1711069200,0.28,0.285,0.28,0.285,5592800,NaN,NaN,NaN,NaN,NaN,NaN,NaN
1711328400,0.3,0.3,0.28,0.29,158572200,NaN,NaN,NaN,NaN,NaN,NaN,NaN
1711414800,0.29,0.295,0.285,0.29,49238700,NaN,NaN,NaN,NaN,NaN,NaN,NaN
1711501200,0.29,0.295,0.29,0.29,46711100,NaN,NaN,NaN,NaN,NaN,NaN,NaN
1711674000,0.295,0.3,0.29,0.295,37235900,8215600000,3211614000,663699000,68014000,338576000,2547915000,0.847457627118644
1711933200,0.295,0.3,0.29,0.295,35328500,NaN,NaN,NaN,NaN,NaN,NaN,NaN
1712019600,0.295,0.3,0.29,0.3,37012200,NaN,NaN,NaN,NaN,NaN,NaN,NaN
1712106000,0.295,0.31,0.29,0.295,93467300,NaN,NaN,NaN,NaN,NaN,NaN,NaN
1712192400,0.3,0.315,0.295,0.305,99024200,NaN,NaN,NaN,NaN,NaN,NaN,NaN
1712278800,0.3,0.305,0.275,0.28,392428100,NaN,NaN,NaN,NaN,NaN,NaN,NaN
1712538000,0.28,0.28,0.265,0.275,148253300,NaN,NaN,NaN,NaN,NaN,NaN,NaN
1712624400,0.28,0.28,0.27,0.28,81668400,NaN,NaN,NaN,NaN,NaN,NaN,NaN
1712883600,0.275,0.28,0.27,0.275,85658200,NaN,NaN,NaN,NaN,NaN,NaN,NaN
1713142800,0.275,0.285,0.27,0.275,74319900,NaN,NaN,NaN,NaN,NaN,NaN,NaN
1713229200,0.275,0.275,0.265,0.27,80005000,NaN,NaN,NaN,NaN,NaN,NaN,NaN
1713315600,0.27,0.28,0.265,0.275,45149700,NaN,NaN,NaN,NaN,NaN,NaN,NaN
1713402000,0.275,0.28,0.265,0.27,65227600,NaN,NaN,NaN,NaN,NaN,NaN,NaN
1713488400,0.27,0.275,0.265,0.275,72348800,NaN,NaN,NaN,NaN,NaN,NaN,NaN
1713747600,0.275,0.275,0.27,0.27,25295700,NaN,NaN,NaN,NaN,NaN,NaN,NaN
1713834000,0.27,0.275,0.265,0.27,33215300,NaN,NaN,NaN,NaN,NaN,NaN,NaN
1713920400,0.27,0.27,0.26,0.26,55991200,NaN,NaN,NaN,NaN,NaN,NaN,NaN
1714006800,0.265,0.27,0.26,0.265,34485900,NaN,NaN,NaN,NaN,NaN,NaN,NaN
1714093200,0.265,0.27,0.26,0.265,15610500,NaN,NaN,NaN,NaN,NaN,NaN,NaN
1714352400,0.27,0.275,0.26,0.27,29242200,NaN,NaN,NaN,NaN,NaN,NaN,NaN
1714438800,0.27,0.275,0.265,0.27,23282300,NaN,NaN,NaN,NaN,NaN,NaN,NaN
1714611600,0.27,0.27,0.26,0.26,46343100,NaN,NaN,NaN,NaN,NaN,NaN,NaN
1714698000,0.265,0.27,0.26,0.27,25381100,NaN,NaN,NaN,NaN,NaN,NaN,NaN
1714957200,0.27,0.27,0.265,0.265,33326300,NaN,NaN,NaN,NaN,NaN,NaN,NaN
1715043600,0.265,0.28,0.265,0.27,85685500,NaN,NaN,NaN,NaN,NaN,NaN,NaN
1715130000,0.27,0.28,0.27,0.275,50920800,NaN,NaN,NaN,NaN,NaN,NaN,NaN
1715216400,0.28,0.295,0.275,0.29,89077300,NaN,NaN,NaN,NaN,NaN,NaN,NaN
1715302800,0.29,0.29,0.275,0.285,51153700,NaN,NaN,NaN,NaN,NaN,NaN,NaN
1715562000,0.285,0.29,0.28,0.285,60908000,NaN,NaN,NaN,NaN,NaN,NaN,NaN
1715648400,0.285,0.29,0.285,0.285,44424400,NaN,NaN,NaN,NaN,NaN,NaN,NaN
1715734800,0.285,0.29,0.28,0.285,17992200,NaN,NaN,NaN,NaN,NaN,NaN,NaN
1715821200,0.285,0.29,0.28,0.285,26454100,NaN,NaN,NaN,NaN,NaN,NaN,NaN
1715907600,0.285,0.29,0.28,0.285,10759600,NaN,NaN,NaN,NaN,NaN,NaN,NaN
1716166800,0.29,0.295,0.285,0.29,87924300,NaN,NaN,NaN,NaN,NaN,NaN,NaN
1716253200,0.295,0.295,0.285,0.29,24676900,NaN,NaN,NaN,NaN,NaN,NaN,NaN
1716426000,0.29,0.305,0.29,0.295,57019300,NaN,NaN,NaN,NaN,NaN,NaN,NaN
1716512400,0.3,0.305,0.285,0.29,81777100,NaN,NaN,NaN,NaN,NaN,NaN,NaN
1716771600,0.295,0.295,0.28,0.285,36461600,NaN,NaN,NaN,NaN,NaN,NaN,NaN
1716858000,0.29,0.29,0.28,0.28,25018800,NaN,NaN,NaN,NaN,NaN,NaN,NaN
1716944400,0.285,0.285,0.275,0.275,43958300,NaN,NaN,NaN,NaN,NaN,NaN,NaN
1717030800,0.28,0.28,0.27,0.275,44973500,NaN,NaN,NaN,NaN,NaN,NaN,NaN
1717117200,0.27,0.27,0.26,0.265,73093900,NaN,NaN,NaN,NaN,NaN,NaN,NaN
1717462800,0.265,0.27,0.255,0.265,44606800,NaN,NaN,NaN,NaN,NaN,NaN,NaN
1717549200,0.265,0.27,0.26,0.26,34625200,NaN,NaN,NaN,NaN,NaN,NaN,NaN
1717635600,0.265,0.27,0.26,0.265,41342400,NaN,NaN,NaN,NaN,NaN,NaN,NaN
1717722000,0.27,0.27,0.26,0.265,48864000,NaN,NaN,NaN,NaN,NaN,NaN,NaN
1717981200,0.265,0.28,0.26,0.275,75945300,NaN,NaN,NaN,NaN,NaN,NaN,NaN
1718067600,0.275,0.28,0.27,0.27,11902600,NaN,NaN,NaN,NaN,NaN,NaN,NaN
1718154000,0.27,0.275,0.265,0.265,31147200,NaN,NaN,NaN,NaN,NaN,NaN,NaN
1718240400,0.27,0.27,0.26,0.265,41989500,NaN,NaN,NaN,NaN,NaN,NaN,NaN
1718326800,0.27,0.27,0.265,0.265,12954100,NaN,NaN,NaN,NaN,NaN,NaN,NaN
1718672400,0.27,0.27,0.26,0.265,61969300,NaN,NaN,NaN,NaN,NaN,NaN,NaN
1718758800,0.27,0.27,0.255,0.26,67080800,NaN,NaN,NaN,NaN,NaN,NaN,NaN
1718845200,0.26,0.26,0.25,0.26,55797400,NaN,NaN,NaN,NaN,NaN,NaN,NaN
1718931600,0.255,0.265,0.25,0.255,111387900,NaN,NaN,NaN,NaN,NaN,NaN,NaN
1719190800,0.255,0.255,0.25,0.25,10408700,NaN,NaN,NaN,NaN,NaN,NaN,NaN
1719277200,0.25,0.26,0.245,0.25,63554500,NaN,NaN,NaN,NaN,NaN,NaN,NaN
1719363600,0.25,0.265,0.25,0.26,50279800,NaN,NaN,NaN,NaN,NaN,NaN,NaN
1719450000,0.26,0.265,0.255,0.265,22144800,NaN,NaN,NaN,NaN,NaN,NaN,NaN
1719536400,0.265,0.27,0.26,0.265,30866300,8215600000,3287781000,664645000,92543000,393431000,2623136000,1.88679245283019
1719795600,0.265,0.27,0.265,0.265,29445600,NaN,NaN,NaN,NaN,NaN,NaN,NaN
1719882000,0.265,0.285,0.26,0.275,115516700,NaN,NaN,NaN,NaN,NaN,NaN,NaN
1719968400,0.28,0.285,0.275,0.28,40838100,NaN,NaN,NaN,NaN,NaN,NaN,NaN
1720054800,0.285,0.29,0.28,0.28,46497200,NaN,NaN,NaN,NaN,NaN,NaN,NaN
1720141200,0.28,0.285,0.27,0.27,58487500,NaN,NaN,NaN,NaN,NaN,NaN,NaN
1720486800,0.27,0.28,0.265,0.27,40940100,NaN,NaN,NaN,NaN,NaN,NaN,NaN
1720573200,0.27,0.27,0.26,0.265,32297100,NaN,NaN,NaN,NaN,NaN,NaN,NaN
1720659600,0.265,0.265,0.255,0.26,34012200,NaN,NaN,NaN,NaN,NaN,NaN,NaN
1720746000,0.26,0.265,0.25,0.255,115418600,NaN,NaN,NaN,NaN,NaN,NaN,NaN
1721005200,0.255,0.255,0.23,0.23,380954700,NaN,NaN,NaN,NaN,NaN,NaN,NaN
1721091600,0.24,0.24,0.23,0.235,54401300,NaN,NaN,NaN,NaN,NaN,NaN,NaN
1721178000,0.24,0.24,0.23,0.235,114667500,NaN,NaN,NaN,NaN,NaN,NaN,NaN
1721264400,0.235,0.24,0.235,0.235,18734100,NaN,NaN,NaN,NaN,NaN,NaN,NaN
1721350800,0.24,0.24,0.235,0.235,12256800,NaN,NaN,NaN,NaN,NaN,NaN,NaN
1721610000,0.24,0.24,0.23,0.23,59751500,NaN,NaN,NaN,NaN,NaN,NaN,NaN
1721696400,0.23,0.245,0.225,0.24,101973700,NaN,NaN,NaN,NaN,NaN,NaN,NaN
1721782800,0.24,0.24,0.23,0.23,27878500,NaN,NaN,NaN,NaN,NaN,NaN,NaN
1721869200,0.23,0.235,0.23,0.23,36271300,NaN,NaN,NaN,NaN,NaN,NaN,NaN
1721955600,0.23,0.235,0.23,0.235,3986700,NaN,NaN,NaN,NaN,NaN,NaN,NaN
1722214800,0.235,0.24,0.225,0.225,62874300,NaN,NaN,NaN,NaN,NaN,NaN,NaN
1722301200,0.23,0.23,0.22,0.22,45670700,NaN,NaN,NaN,NaN,NaN,NaN,NaN
1722387600,0.22,0.23,0.215,0.215,107558600,NaN,NaN,NaN,NaN,NaN,NaN,NaN
1722474000,0.22,0.225,0.22,0.22,54372500,NaN,NaN,NaN,NaN,NaN,NaN,NaN
1722560400,0.22,0.22,0.215,0.215,92054400,NaN,NaN,NaN,NaN,NaN,NaN,NaN
1722819600,0.215,0.215,0.18,0.195,164613600,NaN,NaN,NaN,NaN,NaN,NaN,NaN
1722906000,0.195,0.21,0.195,0.205,92474600,NaN,NaN,NaN,NaN,NaN,NaN,NaN
1722992400,0.21,0.215,0.205,0.21,17197600,NaN,NaN,NaN,NaN,NaN,NaN,NaN
1723078800,0.21,0.215,0.205,0.215,54945600,NaN,NaN,NaN,NaN,NaN,NaN,NaN
1723165200,0.22,0.22,0.21,0.215,60218900,NaN,NaN,NaN,NaN,NaN,NaN,NaN
1723424400,0.215,0.22,0.205,0.21,98537100,NaN,NaN,NaN,NaN,NaN,NaN,NaN
1723510800,0.215,0.215,0.205,0.205,51874300,NaN,NaN,NaN,NaN,NaN,NaN,NaN
1723597200,0.205,0.215,0.205,0.215,30751700,NaN,NaN,NaN,NaN,NaN,NaN,NaN
1723683600,0.215,0.22,0.205,0.21,21279800,NaN,NaN,NaN,NaN,NaN,NaN,NaN
1723770000,0.215,0.215,0.21,0.215,15709000,NaN,NaN,NaN,NaN,NaN,NaN,NaN
1724029200,0.215,0.22,0.21,0.21,44196800,NaN,NaN,NaN,NaN,NaN,NaN,NaN
1724115600,0.21,0.215,0.205,0.21,33991300,NaN,NaN,NaN,NaN,NaN,NaN,NaN
1724202000,0.215,0.215,0.205,0.21,22727700,NaN,NaN,NaN,NaN,NaN,NaN,NaN
1724288400,0.21,0.21,0.205,0.205,54019700,NaN,NaN,NaN,NaN,NaN,NaN,NaN
1724374800,0.21,0.21,0.2,0.21,26892200,NaN,NaN,NaN,NaN,NaN,NaN,NaN
1724634000,0.21,0.22,0.205,0.215,57901100,NaN,NaN,NaN,NaN,NaN,NaN,NaN
1724720400,0.22,0.225,0.215,0.22,79642500,NaN,NaN,NaN,NaN,NaN,NaN,NaN
1724806800,0.225,0.225,0.215,0.215,37690400,NaN,NaN,NaN,NaN,NaN,NaN,NaN
1724893200,0.215,0.22,0.21,0.21,27455700,NaN,NaN,NaN,NaN,NaN,NaN,NaN
1724979600,0.22,0.22,0.205,0.21,78237000,NaN,NaN,NaN,NaN,NaN,NaN,NaN
1725238800,0.21,0.21,0.205,0.205,25439400,NaN,NaN,NaN,NaN,NaN,NaN,NaN
1725325200,0.205,0.21,0.205,0.205,15783000,NaN,NaN,NaN,NaN,NaN,NaN,NaN
1725411600,0.2,0.205,0.195,0.2,41608800,NaN,NaN,NaN,NaN,NaN,NaN,NaN
1725498000,0.2,0.2,0.195,0.195,18453000,NaN,NaN,NaN,NaN,NaN,NaN,NaN
1725584400,0.2,0.2,0.195,0.195,12552700,NaN,NaN,NaN,NaN,NaN,NaN,NaN
1725843600,0.195,0.195,0.18,0.185,70136500,NaN,NaN,NaN,NaN,NaN,NaN,NaN
1725930000,0.19,0.195,0.19,0.19,31484000,NaN,NaN,NaN,NaN,NaN,NaN,NaN
1726016400,0.19,0.19,0.18,0.18,41388300,NaN,NaN,NaN,NaN,NaN,NaN,NaN
1726102800,0.185,0.19,0.185,0.19,24207600,NaN,NaN,NaN,NaN,NaN,NaN,NaN
1726189200,0.19,0.205,0.185,0.195,62882900,NaN,NaN,NaN,NaN,NaN,NaN,NaN
1726534800,0.2,0.2,0.195,0.195,19677000,NaN,NaN,NaN,NaN,NaN,NaN,NaN
1726621200,0.2,0.2,0.195,0.195,13073600,NaN,NaN,NaN,NaN,NaN,NaN,NaN
1726707600,0.195,0.205,0.195,0.2,22729100,NaN,NaN,NaN,NaN,NaN,NaN,NaN
1726794000,0.2,0.205,0.195,0.195,45901600,NaN,NaN,NaN,NaN,NaN,NaN,NaN
1727053200,0.2,0.21,0.2,0.205,36696000,NaN,NaN,NaN,NaN,NaN,NaN,NaN
1727139600,0.205,0.21,0.2,0.205,15732200,NaN,NaN,NaN,NaN,NaN,NaN,NaN
1727226000,0.205,0.21,0.2,0.2,26742800,NaN,NaN,NaN,NaN,NaN,NaN,NaN
1727312400,0.205,0.205,0.195,0.2,9575400,NaN,NaN,NaN,NaN,NaN,NaN,NaN
1727398800,0.195,0.2,0.195,0.195,2879800,NaN,NaN,NaN,NaN,NaN,NaN,NaN
1727658000,0.195,0.2,0.195,0.2,5805400,8215600000,2875345000,561251000,59608000,352363000,2314094000,2.5
1727744400,0.195,0.2,0.19,0.2,16697500,NaN,NaN,NaN,NaN,NaN,NaN,NaN
1727830800,0.2,0.2,0.195,0.195,7459600,NaN,NaN,NaN,NaN,NaN,NaN,NaN
1727917200,0.2,0.2,0.195,0.195,15462200,NaN,NaN,NaN,NaN,NaN,NaN,NaN
1728003600,0.2,0.21,0.2,0.205,35919000,NaN,NaN,NaN,NaN,NaN,NaN,NaN
1728262800,0.21,0.215,0.205,0.21,35197900,NaN,NaN,NaN,NaN,NaN,NaN,NaN
1728349200,0.215,0.215,0.205,0.205,19303000,NaN,NaN,NaN,NaN,NaN,NaN,NaN
1728435600,0.205,0.21,0.2,0.21,16366500,NaN,NaN,NaN,NaN,NaN,NaN,NaN
1728522000,0.205,0.21,0.2,0.205,23235100,NaN,NaN,NaN,NaN,NaN,NaN,NaN
1728608400,0.21,0.21,0.205,0.205,7899000,NaN,NaN,NaN,NaN,NaN,NaN,NaN
1728867600,0.205,0.205,0.2,0.2,17816500,NaN,NaN,NaN,NaN,NaN,NaN,NaN
1728954000,0.2,0.205,0.19,0.195,28421800,NaN,NaN,NaN,NaN,NaN,NaN,NaN
1729040400,0.195,0.195,0.19,0.195,29137900,NaN,NaN,NaN,NaN,NaN,NaN,NaN
1729126800,0.195,0.2,0.19,0.195,29086900,NaN,NaN,NaN,NaN,NaN,NaN,NaN
1729213200,0.195,0.195,0.19,0.19,4062500,NaN,NaN,NaN,NaN,NaN,NaN,NaN
1729472400,0.195,0.2,0.19,0.2,8444800,NaN,NaN,NaN,NaN,NaN,NaN,NaN
1729558800,0.2,0.2,0.19,0.195,7675200,NaN,NaN,NaN,NaN,NaN,NaN,NaN
1729645200,0.195,0.2,0.195,0.195,1946300,NaN,NaN,NaN,NaN,NaN,NaN,NaN
1729731600,0.195,0.2,0.19,0.195,12775800,NaN,NaN,NaN,NaN,NaN,NaN,NaN
1729818000,0.2,0.2,0.195,0.195,2731000,NaN,NaN,NaN,NaN,NaN,NaN,NaN
1730077200,0.195,0.195,0.19,0.19,8457000,NaN,NaN,NaN,NaN,NaN,NaN,NaN
1730163600,0.19,0.195,0.19,0.19,11078500,NaN,NaN,NaN,NaN,NaN,NaN,NaN
1730250000,0.19,0.195,0.19,0.19,2923600,NaN,NaN,NaN,NaN,NaN,NaN,NaN
1730422800,0.19,0.195,0.185,0.185,13330800,NaN,NaN,NaN,NaN,NaN,NaN,NaN
1730682000,0.19,0.195,0.19,0.19,6830900,NaN,NaN,NaN,NaN,NaN,NaN,NaN
1730768400,0.195,0.195,0.185,0.19,34414500,NaN,NaN,NaN,NaN,NaN,NaN,NaN
1730854800,0.19,0.195,0.185,0.19,28010700,NaN,NaN,NaN,NaN,NaN,NaN,NaN
1730941200,0.19,0.195,0.185,0.19,8110800,NaN,NaN,NaN,NaN,NaN,NaN,NaN
1731027600,0.19,0.19,0.185,0.19,5008800,NaN,NaN,NaN,NaN,NaN,NaN,NaN
1731286800,0.19,0.19,0.18,0.185,59569900,NaN,NaN,NaN,NaN,NaN,NaN,NaN
1731373200,0.185,0.185,0.175,0.18,40835600,NaN,NaN,NaN,NaN,NaN,NaN,NaN
1731459600,0.18,0.185,0.175,0.18,5665900,NaN,NaN,NaN,NaN,NaN,NaN,NaN
1731546000,0.18,0.185,0.18,0.18,2152700,NaN,NaN,NaN,NaN,NaN,NaN,NaN
1731632400,0.185,0.185,0.175,0.18,23550600,NaN,NaN,NaN,NaN,NaN,NaN,NaN
1731891600,0.18,0.185,0.18,0.18,2292200,NaN,NaN,NaN,NaN,NaN,NaN,NaN
1731978000,0.185,0.19,0.18,0.185,14413000,NaN,NaN,NaN,NaN,NaN,NaN,NaN
1732064400,0.19,0.19,0.18,0.185,13357600,NaN,NaN,NaN,NaN,NaN,NaN,NaN
1732150800,0.185,0.19,0.18,0.19,11419400,NaN,NaN,NaN,NaN,NaN,NaN,NaN
1732237200,0.185,0.19,0.185,0.185,4518000,NaN,NaN,NaN,NaN,NaN,NaN,NaN
1732496400,0.19,0.19,0.185,0.185,12465700,NaN,NaN,NaN,NaN,NaN,NaN,NaN
1732582800,0.185,0.19,0.18,0.185,25255900,NaN,NaN,NaN,NaN,NaN,NaN,NaN
1732669200,0.185,0.19,0.185,0.185,7829600,NaN,NaN,NaN,NaN,NaN,NaN,NaN
1732755600,0.185,0.19,0.18,0.185,14988400,NaN,NaN,NaN,NaN,NaN,NaN,NaN
1732842000,0.185,0.19,0.145,0.16,236514600,NaN,NaN,NaN,NaN,NaN,NaN,NaN
1733101200,0.16,0.17,0.155,0.155,67384900,NaN,NaN,NaN,NaN,NaN,NaN,NaN
1733187600,0.16,0.16,0.15,0.155,74493100,NaN,NaN,NaN,NaN,NaN,NaN,NaN
1733274000,0.155,0.16,0.155,0.16,13527000,NaN,NaN,NaN,NaN,NaN,NaN,NaN
1733360400,0.16,0.16,0.155,0.155,10256500,NaN,NaN,NaN,NaN,NaN,NaN,NaN
1733446800,0.16,0.165,0.155,0.16,20887500,NaN,NaN,NaN,NaN,NaN,NaN,NaN
1733706000,0.165,0.165,0.16,0.16,14198500,NaN,NaN,NaN,NaN,NaN,NaN,NaN
1733792400,0.16,0.165,0.155,0.155,23458600,NaN,NaN,NaN,NaN,NaN,NaN,NaN
1733878800,0.155,0.165,0.155,0.155,24389700,NaN,NaN,NaN,NaN,NaN,NaN,NaN
1733965200,0.16,0.165,0.155,0.16,39178400,NaN,NaN,NaN,NaN,NaN,NaN,NaN
1734051600,0.16,0.165,0.155,0.16,16002400,NaN,NaN,NaN,NaN,NaN,NaN,NaN
1734310800,0.16,0.16,0.155,0.16,6714500,NaN,NaN,NaN,NaN,NaN,NaN,NaN
1734397200,0.16,0.16,0.15,0.15,35782600,NaN,NaN,NaN,NaN,NaN,NaN,NaN
1734483600,0.155,0.155,0.15,0.15,7308800,NaN,NaN,NaN,NaN,NaN,NaN,NaN
1734570000,0.15,0.155,0.15,0.155,4415000,NaN,NaN,NaN,NaN,NaN,NaN,NaN
1734656400,0.15,0.155,0.15,0.15,11579900,NaN,NaN,NaN,NaN,NaN,NaN,NaN
1734915600,0.15,0.155,0.145,0.15,24260100,NaN,NaN,NaN,NaN,NaN,NaN,NaN
1735002000,0.15,0.15,0.145,0.15,9106900,NaN,NaN,NaN,NaN,NaN,NaN,NaN
1735174800,0.145,0.155,0.145,0.155,20096800,NaN,NaN,NaN,NaN,NaN,NaN,NaN
1735261200,0.155,0.155,0.15,0.155,2263900,NaN,NaN,NaN,NaN,NaN,NaN,NaN
1735520400,0.155,0.155,0.15,0.15,2423200,NaN,NaN,NaN,NaN,NaN,NaN,NaN
1735606800,0.155,0.16,0.15,0.155,19564600,8215621922,3071309000,500106000,73332000,276063000,2571203000,8.06451612903226
1735779600,0.155,0.16,0.155,0.155,19605900,NaN,NaN,NaN,NaN,NaN,NaN,NaN
1735866000,0.16,0.165,0.155,0.165,14652000,NaN,NaN,NaN,NaN,NaN,NaN,NaN
1736125200,0.165,0.165,0.155,0.155,45638700,NaN,NaN,NaN,NaN,NaN,NaN,NaN
1736211600,0.16,0.165,0.155,0.16,23081700,NaN,NaN,NaN,NaN,NaN,NaN,NaN
1736298000,0.16,0.165,0.16,0.16,21838400,NaN,NaN,NaN,NaN,NaN,NaN,NaN
1736384400,0.16,0.165,0.16,0.16,20446800,NaN,NaN,NaN,NaN,NaN,NaN,NaN
1736470800,0.16,0.165,0.16,0.16,4309700,NaN,NaN,NaN,NaN,NaN,NaN,NaN
1736730000,0.165,0.17,0.16,0.16,37240900,NaN,NaN,NaN,NaN,NaN,NaN,NaN
1736816400,0.165,0.165,0.16,0.165,1381800,NaN,NaN,NaN,NaN,NaN,NaN,NaN
1736902800,0.16,0.165,0.16,0.16,46926100,NaN,NaN,NaN,NaN,NaN,NaN,NaN
1736989200,0.165,0.17,0.16,0.165,18976000,NaN,NaN,NaN,NaN,NaN,NaN,NaN
1737075600,0.165,0.185,0.165,0.185,81921600,NaN,NaN,NaN,NaN,NaN,NaN,NaN
1737334800,0.195,0.2,0.185,0.195,102472000,NaN,NaN,NaN,NaN,NaN,NaN,NaN
1737421200,0.2,0.205,0.19,0.2,49387800,NaN,NaN,NaN,NaN,NaN,NaN,NaN
1737507600,0.2,0.205,0.19,0.195,41862600,NaN,NaN,NaN,NaN,NaN,NaN,NaN
1737594000,0.195,0.2,0.19,0.19,20136000,NaN,NaN,NaN,NaN,NaN,NaN,NaN
1737680400,0.19,0.195,0.18,0.195,46943600,NaN,NaN,NaN,NaN,NaN,NaN,NaN
1737939600,0.195,0.2,0.19,0.19,12029100,NaN,NaN,NaN,NaN,NaN,NaN,NaN
1738026000,0.19,0.195,0.18,0.185,27511400,NaN,NaN,NaN,NaN,NaN,NaN,NaN
1738285200,0.185,0.2,0.185,0.19,30646600,NaN,NaN,NaN,NaN,NaN,NaN,NaN
1738544400,0.19,0.195,0.185,0.19,14777700,NaN,NaN,NaN,NaN,NaN,NaN,NaN
1738630800,0.19,0.19,0.18,0.18,41618000,NaN,NaN,NaN,NaN,NaN,NaN,NaN
1738717200,0.185,0.195,0.18,0.19,21804000,NaN,NaN,NaN,NaN,NaN,NaN,NaN
1738803600,0.19,0.195,0.185,0.19,51449700,NaN,NaN,NaN,NaN,NaN,NaN,NaN
1738890000,0.19,0.19,0.185,0.19,59438600,NaN,NaN,NaN,NaN,NaN,NaN,NaN
1739149200,0.19,0.19,0.18,0.185,28808300,NaN,NaN,NaN,NaN,NaN,NaN,NaN
1739322000,0.185,0.19,0.185,0.185,15828400,NaN,NaN,NaN,NaN,NaN,NaN,NaN
1739408400,0.185,0.19,0.185,0.185,11227000,NaN,NaN,NaN,NaN,NaN,NaN,NaN
1739494800,0.185,0.185,0.17,0.185,67905900,NaN,NaN,NaN,NaN,NaN,NaN,NaN
1739754000,0.18,0.185,0.175,0.18,15244200,NaN,NaN,NaN,NaN,NaN,NaN,NaN
1739840400,0.18,0.185,0.18,0.18,10264300,NaN,NaN,NaN,NaN,NaN,NaN,NaN
1739926800,0.18,0.185,0.175,0.185,29421900,NaN,NaN,NaN,NaN,NaN,NaN,NaN
1740013200,0.18,0.185,0.18,0.18,4183300,NaN,NaN,NaN,NaN,NaN,NaN,NaN
1740099600,0.18,0.19,0.18,0.185,33458200,NaN,NaN,NaN,NaN,NaN,NaN,NaN
1740358800,0.185,0.185,0.175,0.175,13828300,NaN,NaN,NaN,NaN,NaN,NaN,NaN
1740445200,0.175,0.18,0.175,0.18,26681800,NaN,NaN,NaN,NaN,NaN,NaN,NaN
1740531600,0.18,0.18,0.175,0.175,2582500,NaN,NaN,NaN,NaN,NaN,NaN,NaN
1740618000,0.18,0.18,0.175,0.175,7085100,NaN,NaN,NaN,NaN,NaN,NaN,NaN
1740704400,0.18,0.18,0.165,0.165,40368800,NaN,NaN,NaN,NaN,NaN,NaN,NaN
1740963600,0.165,0.17,0.16,0.17,13287800,NaN,NaN,NaN,NaN,NaN,NaN,NaN
1741050000,0.17,0.17,0.155,0.16,37206000,NaN,NaN,NaN,NaN,NaN,NaN,NaN
1741136400,0.16,0.165,0.155,0.16,30386500,NaN,NaN,NaN,NaN,NaN,NaN,NaN
1741222800,0.16,0.16,0.155,0.16,6746000,NaN,NaN,NaN,NaN,NaN,NaN,NaN
1741309200,0.16,0.16,0.155,0.16,4468200,NaN,NaN,NaN,NaN,NaN,NaN,NaN
1741568400,0.16,0.16,0.155,0.155,4517800,NaN,NaN,NaN,NaN,NaN,NaN,NaN
1741654800,0.155,0.155,0.15,0.155,24175900,NaN,NaN,NaN,NaN,NaN,NaN,NaN
1741741200,0.155,0.155,0.15,0.155,21216200,NaN,NaN,NaN,NaN,NaN,NaN,NaN
1741827600,0.155,0.16,0.155,0.155,18850300,NaN,NaN,NaN,NaN,NaN,NaN,NaN
1741914000,0.155,0.165,0.155,0.16,38803200,NaN,NaN,NaN,NaN,NaN,NaN,NaN
1742173200,0.165,0.17,0.16,0.165,16182200,NaN,NaN,NaN,NaN,NaN,NaN,NaN
1742346000,0.165,0.17,0.165,0.165,7031100,NaN,NaN,NaN,NaN,NaN,NaN,NaN
1742432400,0.165,0.17,0.16,0.165,8269200,NaN,NaN,NaN,NaN,NaN,NaN,NaN
1742518800,0.165,0.17,0.165,0.165,1944100,NaN,NaN,NaN,NaN,NaN,NaN,NaN
1742778000,0.17,0.17,0.16,0.16,4160600,NaN,NaN,NaN,NaN,NaN,NaN,NaN
1742864400,0.165,0.17,0.16,0.165,5259700,NaN,NaN,NaN,NaN,NaN,NaN,NaN
1742950800,0.16,0.17,0.16,0.165,8078700,NaN,NaN,NaN,NaN,NaN,NaN,NaN
1743037200,0.17,0.17,0.165,0.17,1327100,NaN,NaN,NaN,NaN,NaN,NaN,NaN
1743123600,0.17,0.17,0.165,0.165,1998600,8215621922,3028659000,419855000,65632000.00000001,224648000,2608804000,7.57575757575758
1743555600,0.165,0.17,0.165,0.17,2703700,NaN,NaN,NaN,NaN,NaN,NaN,NaN
1743642000,0.165,0.17,0.16,0.165,10776500,NaN,NaN,NaN,NaN,NaN,NaN,NaN
1743728400,0.165,0.165,0.155,0.16,12245300,NaN,NaN,NaN,NaN,NaN,NaN,NaN
1743987600,0.155,0.155,0.135,0.14,59428400,NaN,NaN,NaN,NaN,NaN,NaN,NaN
1744074000,0.145,0.15,0.14,0.14,26672800,NaN,NaN,NaN,NaN,NaN,NaN,NaN
1744160400,0.14,0.14,0.13,0.135,24522400,NaN,NaN,NaN,NaN,NaN,NaN,NaN
1744246800,0.145,0.15,0.14,0.145,44810400,NaN,NaN,NaN,NaN,NaN,NaN,NaN
1744333200,0.14,0.155,0.14,0.155,22332300,NaN,NaN,NaN,NaN,NaN,NaN,NaN
1744592400,0.155,0.155,0.15,0.15,12806300,NaN,NaN,NaN,NaN,NaN,NaN,NaN
1744678800,0.155,0.155,0.15,0.15,9752200,NaN,NaN,NaN,NaN,NaN,NaN,NaN
1744765200,0.155,0.155,0.15,0.15,3799100,NaN,NaN,NaN,NaN,NaN,NaN,NaN
1744851600,0.15,0.16,0.15,0.155,10516400,NaN,NaN,NaN,NaN,NaN,NaN,NaN
1744938000,0.155,0.16,0.155,0.16,35668100,NaN,NaN,NaN,NaN,NaN,NaN,NaN
1745197200,0.16,0.16,0.15,0.15,20619000,NaN,NaN,NaN,NaN,NaN,NaN,NaN
1745283600,0.15,0.155,0.15,0.155,4489400,NaN,NaN,NaN,NaN,NaN,NaN,NaN
1745370000,0.155,0.16,0.15,0.155,21756400,NaN,NaN,NaN,NaN,NaN,NaN,NaN
1745456400,0.145,0.155,0.14,0.15,26681200,NaN,NaN,NaN,NaN,NaN,NaN,NaN
1745542800,0.15,0.16,0.15,0.16,18343400,NaN,NaN,NaN,NaN,NaN,NaN,NaN
1745802000,0.155,0.16,0.155,0.155,24800000,NaN,NaN,NaN,NaN,NaN,NaN,NaN
1745888400,0.155,0.16,0.15,0.15,79626400,NaN,NaN,NaN,NaN,NaN,NaN,NaN
1745974800,0.155,0.16,0.15,0.155,41443400,NaN,NaN,NaN,NaN,NaN,NaN,NaN
1746147600,0.155,0.16,0.155,0.155,9117500,NaN,NaN,NaN,NaN,NaN,NaN,NaN
1746406800,0.155,0.16,0.15,0.155,47532600,NaN,NaN,NaN,NaN,NaN,NaN,NaN
1746493200,0.155,0.155,0.15,0.15,21815000,NaN,NaN,NaN,NaN,NaN,NaN,NaN
1746579600,0.15,0.16,0.15,0.155,27932000,NaN,NaN,NaN,NaN,NaN,NaN,NaN
1746666000,0.155,0.16,0.155,0.16,32732700,NaN,NaN,NaN,NaN,NaN,NaN,NaN
1746752400,0.16,0.165,0.16,0.16,17883000,NaN,NaN,NaN,NaN,NaN,NaN,NaN
1747098000,0.165,0.165,0.16,0.16,13766100,NaN,NaN,NaN,NaN,NaN,NaN,NaN
1747184400,0.165,0.17,0.16,0.17,46169500,NaN,NaN,NaN,NaN,NaN,NaN,NaN
1747270800,0.17,0.175,0.165,0.165,34871200,NaN,NaN,NaN,NaN,NaN,NaN,NaN
1747357200,0.165,0.17,0.165,0.17,3861900,NaN,NaN,NaN,NaN,NaN,NaN,NaN
1747616400,0.17,0.17,0.165,0.165,2433000,NaN,NaN,NaN,NaN,NaN,NaN,NaN
1747702800,0.165,0.17,0.16,0.165,68492300,NaN,NaN,NaN,NaN,NaN,NaN,NaN
1747789200,0.17,0.175,0.165,0.165,17765900,NaN,NaN,NaN,NaN,NaN,NaN,NaN
1747875600,0.165,0.17,0.16,0.17,45598100,NaN,NaN,NaN,NaN,NaN,NaN,NaN
1747962000,0.17,0.17,0.165,0.165,13108700,NaN,NaN,NaN,NaN,NaN,NaN,NaN
1748221200,0.17,0.175,0.165,0.17,26765200,NaN,NaN,NaN,NaN,NaN,NaN,NaN
1748307600,0.17,0.175,0.165,0.165,30433300,NaN,NaN,NaN,NaN,NaN,NaN,NaN
1748394000,0.17,0.175,0.17,0.175,80157500,NaN,NaN,NaN,NaN,NaN,NaN,NaN
1748480400,0.175,0.19,0.17,0.185,60042500,NaN,NaN,NaN,NaN,NaN,NaN,NaN
1748566800,0.185,0.185,0.175,0.18,57786700,NaN,NaN,NaN,NaN,NaN,NaN,NaN
1748912400,0.18,0.185,0.175,0.18,18967500,NaN,NaN,NaN,NaN,NaN,NaN,NaN
1748998800,0.18,0.18,0.175,0.18,6256000,NaN,NaN,NaN,NaN,NaN,NaN,NaN
1749085200,0.18,0.185,0.175,0.185,14048500,NaN,NaN,NaN,NaN,NaN,NaN,NaN
1749171600,0.18,0.185,0.18,0.185,5275100,NaN,NaN,NaN,NaN,NaN,NaN,NaN
1749430800,0.18,0.185,0.18,0.185,2515600,NaN,NaN,NaN,NaN,NaN,NaN,NaN
1749517200,0.185,0.19,0.18,0.185,20268200,NaN,NaN,NaN,NaN,NaN,NaN,NaN
1749603600,0.185,0.185,0.18,0.185,3701800,NaN,NaN,NaN,NaN,NaN,NaN,NaN
1749690000,0.185,0.19,0.18,0.18,18431200,NaN,NaN,NaN,NaN,NaN,NaN,NaN
1749776400,0.185,0.19,0.18,0.185,40994700,NaN,NaN,NaN,NaN,NaN,NaN,NaN
1750035600,0.19,0.195,0.185,0.19,25630300,NaN,NaN,NaN,NaN,NaN,NaN,NaN
1750122000,0.19,0.19,0.18,0.185,22902800,NaN,NaN,NaN,NaN,NaN,NaN,NaN
1750208400,0.185,0.19,0.18,0.185,22560800,NaN,NaN,NaN,NaN,NaN,NaN,NaN
1750294800,0.185,0.19,0.18,0.185,10710000,NaN,NaN,NaN,NaN,NaN,NaN,NaN
1750381200,0.185,0.19,0.18,0.18,16740800,NaN,NaN,NaN,NaN,NaN,NaN,NaN
1750640400,0.185,0.19,0.18,0.185,24883300,NaN,NaN,NaN,NaN,NaN,NaN,NaN
1750726800,0.18,0.185,0.175,0.185,17994800,NaN,NaN,NaN,NaN,NaN,NaN,NaN
1750813200,0.185,0.185,0.18,0.185,13774100,NaN,NaN,NaN,NaN,NaN,NaN,NaN
1750899600,0.185,0.185,0.18,0.18,1912300,NaN,NaN,NaN,NaN,NaN,NaN,NaN
1751245200,0.18,0.185,0.18,0.18,6905200,8215621922,2799578000,338760000,59110000,199908000,2460818000,9.72222222222222
1751331600,0.18,0.185,0.18,0.185,6830800,NaN,NaN,NaN,NaN,NaN,NaN,NaN
1751418000,0.185,0.185,0.18,0.185,4914000,NaN,NaN,NaN,NaN,NaN,NaN,NaN
1751504400,0.185,0.185,0.18,0.18,4110400,NaN,NaN,NaN,NaN,NaN,NaN,NaN
1751590800,0.18,0.185,0.18,0.18,10955300,NaN,NaN,NaN,NaN,NaN,NaN,NaN
1751850000,0.18,0.185,0.175,0.18,15593400,NaN,NaN,NaN,NaN,NaN,NaN,NaN
1751936400,0.175,0.185,0.175,0.18,7583200,NaN,NaN,NaN,NaN,NaN,NaN,NaN
1752022800,0.18,0.185,0.18,0.185,9755000,NaN,NaN,NaN,NaN,NaN,NaN,NaN
1752109200,0.185,0.185,0.18,0.185,1768400,NaN,NaN,NaN,NaN,NaN,NaN,NaN
1752195600,0.185,0.185,0.18,0.18,1101600,NaN,NaN,NaN,NaN,NaN,NaN,NaN
1752454800,0.18,0.185,0.18,0.185,1977800,NaN,NaN,NaN,NaN,NaN,NaN,NaN
1752541200,0.185,0.185,0.18,0.18,7226600,NaN,NaN,NaN,NaN,NaN,NaN,NaN
1752627600,0.18,0.185,0.18,0.18,4462100,NaN,NaN,NaN,NaN,NaN,NaN,NaN
1752714000,0.18,0.185,0.18,0.18,13328000,NaN,NaN,NaN,NaN,NaN,NaN,NaN
1752800400,0.18,0.185,0.18,0.18,2220300,NaN,NaN,NaN,NaN,NaN,NaN,NaN
1753059600,0.18,0.185,0.18,0.18,2012800,NaN,NaN,NaN,NaN,NaN,NaN,NaN
1753146000,0.18,0.185,0.18,0.185,3423500,NaN,NaN,NaN,NaN,NaN,NaN,NaN
1753232400,0.18,0.185,0.18,0.185,1523800,NaN,NaN,NaN,NaN,NaN,NaN,NaN
1753318800,0.18,0.185,0.18,0.18,4431300,NaN,NaN,NaN,NaN,NaN,NaN,NaN
1753405200,0.185,0.19,0.185,0.185,45549600,NaN,NaN,NaN,NaN,NaN,NaN,NaN
1753664400,0.19,0.19,0.18,0.185,27375100,NaN,NaN,NaN,NaN,NaN,NaN,NaN
1753750800,0.185,0.185,0.18,0.185,5825600,NaN,NaN,NaN,NaN,NaN,NaN,NaN
1753837200,0.185,0.185,0.18,0.18,1730800,NaN,NaN,NaN,NaN,NaN,NaN,NaN
1753923600,0.18,0.19,0.18,0.18,18148900,NaN,NaN,NaN,NaN,NaN,NaN,NaN
1754010000,0.185,0.185,0.18,0.18,2069400,NaN,NaN,NaN,NaN,NaN,NaN,NaN
1754269200,0.185,0.19,0.18,0.18,16074300,NaN,NaN,NaN,NaN,NaN,NaN,NaN
1754355600,0.18,0.19,0.18,0.185,8225700,NaN,NaN,NaN,NaN,NaN,NaN,NaN
1754442000,0.185,0.185,0.18,0.185,1070100,NaN,NaN,NaN,NaN,NaN,NaN,NaN
1754528400,0.185,0.19,0.185,0.185,6237900,NaN,NaN,NaN,NaN,NaN,NaN,NaN
1754614800,0.185,0.19,0.185,0.185,3888400,NaN,NaN,NaN,NaN,NaN,NaN,NaN
1754874000,0.185,0.19,0.185,0.185,2153900,NaN,NaN,NaN,NaN,NaN,NaN,NaN
1754960400,0.19,0.19,0.185,0.185,18647500,NaN,NaN,NaN,NaN,NaN,NaN,NaN
1755046800,0.185,0.19,0.185,0.185,5164900,NaN,NaN,NaN,NaN,NaN,NaN,NaN
1755133200,0.185,0.19,0.185,0.185,1788800,NaN,NaN,NaN,NaN,NaN,NaN,NaN
1755219600,0.185,0.19,0.185,0.185,1902100,NaN,NaN,NaN,NaN,NaN,NaN,NaN
1755478800,0.19,0.19,0.185,0.185,45825800,NaN,NaN,NaN,NaN,NaN,NaN,NaN
1755565200,0.19,0.195,0.185,0.19,78351100,NaN,NaN,NaN,NaN,NaN,NaN,NaN
1755651600,0.19,0.195,0.19,0.195,7510400,NaN,NaN,NaN,NaN,NaN,NaN,NaN
1755738000,0.195,0.2,0.19,0.195,10243800,NaN,NaN,NaN,NaN,NaN,NaN,NaN
1755824400,0.195,0.2,0.195,0.2,17124800,NaN,NaN,NaN,NaN,NaN,NaN,NaN
1756083600,0.2,0.205,0.195,0.2,13432300,NaN,NaN,NaN,NaN,NaN,NaN,NaN
1756170000,0.2,0.205,0.195,0.205,27526700,NaN,NaN,NaN,NaN,NaN,NaN,NaN
1756256400,0.205,0.205,0.2,0.205,2673400,NaN,NaN,NaN,NaN,NaN,NaN,NaN
1756342800,0.205,0.205,0.2,0.2,9955300,NaN,NaN,NaN,NaN,NaN,NaN,NaN
1756429200,0.2,0.205,0.2,0.2,5048800,NaN,NaN,NaN,NaN,NaN,NaN,NaN
1756774800,0.205,0.205,0.195,0.205,23047600,NaN,NaN,NaN,NaN,NaN,NaN,NaN
1756861200,0.205,0.22,0.2,0.215,96803300,NaN,NaN,NaN,NaN,NaN,NaN,NaN
1756947600,0.215,0.22,0.205,0.205,31662000,NaN,NaN,NaN,NaN,NaN,NaN,NaN
1757293200,0.21,0.215,0.2,0.215,24784300,NaN,NaN,NaN,NaN,NaN,NaN,NaN
1757379600,0.215,0.215,0.2,0.21,47023200,NaN,NaN,NaN,NaN,NaN,NaN,NaN
1757466000,0.215,0.215,0.21,0.215,7578400,NaN,NaN,NaN,NaN,NaN,NaN,NaN
1757552400,0.215,0.22,0.21,0.215,9209400,NaN,NaN,NaN,NaN,NaN,NaN,NaN
1757638800,0.215,0.235,0.215,0.23,49256000,NaN,NaN,NaN,NaN,NaN,NaN,NaN
1758070800,0.235,0.245,0.23,0.235,48099800,NaN,NaN,NaN,NaN,NaN,NaN,NaN
1758157200,0.235,0.24,0.23,0.235,24493200,NaN,NaN,NaN,NaN,NaN,NaN,NaN
1758243600,0.24,0.245,0.235,0.235,34187800,NaN,NaN,NaN,NaN,NaN,NaN,NaN
1758502800,0.24,0.24,0.23,0.24,17045000,NaN,NaN,NaN,NaN,NaN,NaN,NaN
1758589200,0.24,0.245,0.235,0.24,16662500,NaN,NaN,NaN,NaN,NaN,NaN,NaN
1758675600,0.245,0.25,0.23,0.235,53290300,NaN,NaN,NaN,NaN,NaN,NaN,NaN
1758762000,0.24,0.25,0.235,0.25,40817100,NaN,NaN,NaN,NaN,NaN,NaN,NaN
1758848400,0.25,0.255,0.245,0.245,34331400,NaN,NaN,NaN,NaN,NaN,NaN,NaN