time,open,high,low,close,Volume,Total common shares outstanding,Total assets,Total liabilities,Operating income,Total revenue,Shareholders&#039; equity,Dividend yield %
1479430800,0.45,0.45375,0.4475,0.4475,2160000,NaN,NaN,NaN,NaN,NaN,NaN,NaN
1479690000,0.44625,0.44625,0.44375,0.44375,478400,NaN,NaN,NaN,NaN,NaN,NaN,NaN
1479776400,0.445,0.45,0.445,0.45,564000,NaN,NaN,NaN,NaN,NaN,NaN,NaN
1479862800,0.45625,0.45625,0.4375,0.44375,627200,NaN,NaN,NaN,NaN,NaN,NaN,NaN
1479949200,0.4425,0.4425,0.4425,0.4425,104000,NaN,NaN,NaN,NaN,NaN,NaN,NaN
1480035600,0.44875,0.44875,0.44875,0.44875,16000,NaN,NaN,NaN,NaN,NaN,NaN,NaN
1480294800,0.44375,0.445,0.44375,0.445,450400,NaN,NaN,NaN,NaN,NaN,NaN,NaN
1480381200,0.44125,0.44625,0.44125,0.44375,368800,NaN,NaN,NaN,NaN,NaN,NaN,NaN
1480467600,0.44,0.44,0.44,0.44,27200,NaN,NaN,NaN,NaN,NaN,NaN,NaN
1480554000,0.44625,0.44625,0.4425,0.445,45600,NaN,NaN,NaN,NaN,NaN,NaN,NaN
1480640400,0.445,0.445,0.445,0.445,0,NaN,NaN,NaN,NaN,NaN,NaN,NaN
1480899600,0.445,0.445,0.445,0.445,0,NaN,NaN,NaN,NaN,NaN,NaN,NaN
1480986000,0.445,0.445,0.44125,0.44125,169600,NaN,NaN,NaN,NaN,NaN,NaN,NaN
1481072400,0.44125,0.44125,0.44125,0.44125,24000,NaN,NaN,NaN,NaN,NaN,NaN,NaN
1481158800,0.44125,0.4425,0.44125,0.4425,120000,NaN,NaN,NaN,NaN,NaN,NaN,NaN
1481245200,0.4425,0.445,0.4425,0.445,104800,NaN,NaN,NaN,NaN,NaN,NaN,NaN
1481590800,0.44125,0.4425,0.44125,0.44125,129600,NaN,NaN,NaN,NaN,NaN,NaN,NaN
1481677200,0.44125,0.44125,0.44125,0.44125,14400,NaN,NaN,NaN,NaN,NaN,NaN,NaN
1481763600,0.44125,0.4425,0.44125,0.44125,36000,NaN,NaN,NaN,NaN,NaN,NaN,NaN
1481850000,0.44125,0.4525,0.44125,0.445,49600,NaN,NaN,NaN,NaN,NaN,NaN,NaN
1482109200,0.45,0.45,0.44375,0.44375,1095200,NaN,NaN,NaN,NaN,NaN,NaN,NaN
1482195600,0.44875,0.44875,0.445,0.445,144000,NaN,NaN,NaN,NaN,NaN,NaN,NaN
1482282000,0.44375,0.45125,0.44375,0.45,312000,NaN,NaN,NaN,NaN,NaN,NaN,NaN
1482368400,0.4525,0.46125,0.4525,0.46125,299200,NaN,NaN,NaN,NaN,NaN,NaN,NaN
1482454800,0.4625,0.465,0.46125,0.46125,35200,NaN,NaN,NaN,NaN,NaN,NaN,NaN
1482800400,0.4525,0.46625,0.4525,0.46625,179200,NaN,NaN,NaN,NaN,NaN,NaN,NaN
1482886800,0.4625,0.4625,0.4625,0.4625,0,NaN,NaN,NaN,NaN,NaN,NaN,NaN
1482973200,0.465,0.465,0.465,0.465,16000,NaN,NaN,NaN,NaN,NaN,NaN,NaN
1483059600,0.4625,0.465,0.4625,0.46375,292800,NaN,NaN,NaN,NaN,NaN,NaN,NaN
1483405200,0.44,0.4625,0.4375,0.4625,104000,NaN,NaN,NaN,NaN,NaN,NaN,NaN
1483491600,0.4625,0.4625,0.4625,0.4625,0,NaN,NaN,NaN,NaN,NaN,NaN,NaN
1483578000,0.455,0.4625,0.455,0.4625,22400,NaN,NaN,NaN,NaN,NaN,NaN,NaN
1483664400,0.46,0.46,0.4575,0.4575,62400,NaN,NaN,NaN,NaN,NaN,NaN,NaN
1483923600,0.4575,0.46,0.4575,0.46,159200,NaN,NaN,NaN,NaN,NaN,NaN,NaN
1484010000,0.4625,0.4625,0.4625,0.4625,59200,NaN,NaN,NaN,NaN,NaN,NaN,NaN
1484096400,0.4625,0.46875,0.4625,0.46875,460800,NaN,NaN,NaN,NaN,NaN,NaN,NaN
1484182800,0.465,0.46875,0.465,0.46875,144000,NaN,NaN,NaN,NaN,NaN,NaN,NaN
1484269200,0.465,0.46875,0.46375,0.46375,4377600,NaN,NaN,NaN,NaN,NaN,NaN,NaN
1484528400,0.46,0.46,0.4575,0.4575,144000,NaN,NaN,NaN,NaN,NaN,NaN,NaN
1484614800,0.4575,0.4575,0.455,0.455,725600,NaN,NaN,NaN,NaN,NaN,NaN,NaN
1484701200,0.455,0.455,0.4525,0.45375,2432800,NaN,NaN,NaN,NaN,NaN,NaN,NaN
1484787600,0.45375,0.4625,0.45375,0.46,6346400,NaN,NaN,NaN,NaN,NaN,NaN,NaN
1484874000,0.46,0.46375,0.46,0.46375,143200,NaN,NaN,NaN,NaN,NaN,NaN,NaN
1485133200,0.4575,0.4575,0.4575,0.4575,24800,NaN,NaN,NaN,NaN,NaN,NaN,NaN
1485219600,0.4575,0.4575,0.4575,0.4575,0,NaN,NaN,NaN,NaN,NaN,NaN,NaN
1485306000,0.4575,0.4575,0.4575,0.4575,0,NaN,NaN,NaN,NaN,NaN,NaN,NaN
1485392400,0.4575,0.46,0.4575,0.46,69600,NaN,NaN,NaN,NaN,NaN,NaN,NaN
1485478800,0.4625,0.475,0.46,0.475,420800,NaN,NaN,NaN,NaN,NaN,NaN,NaN
1485824400,0.475,0.48125,0.47375,0.47375,256000,NaN,NaN,NaN,NaN,NaN,NaN,NaN
1485997200,0.47,0.47375,0.47,0.47375,114400,NaN,NaN,NaN,NaN,NaN,NaN,NaN
1486083600,0.475,0.485,0.475,0.485,718400,NaN,NaN,NaN,NaN,NaN,NaN,NaN
1486342800,0.485,0.485,0.485,0.485,0,NaN,NaN,NaN,NaN,NaN,NaN,NaN
1486429200,0.4825,0.48625,0.4825,0.485,120800,NaN,NaN,NaN,NaN,NaN,NaN,NaN
1486515600,0.485,0.48875,0.485,0.485,219200,NaN,NaN,NaN,NaN,NaN,NaN,NaN
1486688400,0.49,0.49,0.4875,0.49,212800,NaN,NaN,NaN,NaN,NaN,NaN,NaN
1486947600,0.4875,0.4875,0.485,0.485,46400,NaN,NaN,NaN,NaN,NaN,NaN,NaN
1487034000,0.485,0.4875,0.485,0.4875,608000,NaN,NaN,NaN,NaN,NaN,NaN,NaN
1487120400,0.49,0.49,0.4875,0.4875,24800,NaN,NaN,NaN,NaN,NaN,NaN,NaN
1487206800,0.4875,0.4875,0.485,0.485,152800,NaN,NaN,NaN,NaN,NaN,NaN,NaN
1487293200,0.485,0.485,0.485,0.485,98400,NaN,NaN,NaN,NaN,NaN,NaN,NaN
1487552400,0.4875,0.49,0.4875,0.49,241600,NaN,NaN,NaN,NaN,NaN,NaN,NaN
1487638800,0.48875,0.4925,0.48875,0.4925,326400,NaN,NaN,NaN,NaN,NaN,NaN,NaN
1487725200,0.4925,0.4975,0.4925,0.4975,662400,NaN,NaN,NaN,NaN,NaN,NaN,NaN
1487811600,0.4975,0.49875,0.4975,0.49875,572000,NaN,NaN,NaN,NaN,NaN,NaN,NaN
1487898000,0.4975,0.5,0.4975,0.5,372800,NaN,NaN,NaN,NaN,NaN,NaN,NaN
1488157200,0.5,0.5175,0.5,0.5175,6472800,NaN,NaN,NaN,NaN,NaN,NaN,NaN
1488243600,0.51875,0.52375,0.51,0.5125,1919200,NaN,NaN,NaN,NaN,NaN,NaN,NaN
1488330000,0.51,0.52125,0.51,0.52125,611200,NaN,NaN,NaN,NaN,NaN,NaN,NaN
1488416400,0.52125,0.53125,0.52,0.525,2179200,NaN,NaN,NaN,NaN,NaN,NaN,NaN
1488502800,0.525,0.525,0.52,0.525,499200,NaN,NaN,NaN,NaN,NaN,NaN,NaN
1488762000,0.525,0.52625,0.525,0.525,1375200,NaN,NaN,NaN,NaN,NaN,NaN,NaN
1488848400,0.525,0.53125,0.525,0.53,1379200,NaN,NaN,NaN,NaN,NaN,NaN,NaN
1488934800,0.5325,0.53625,0.5325,0.53625,540800,NaN,NaN,NaN,NaN,NaN,NaN,NaN
1489021200,0.535,0.54,0.535,0.54,1270400,NaN,NaN,NaN,NaN,NaN,NaN,NaN
1489107600,0.54,0.5525,0.54,0.5475,6644800,NaN,NaN,NaN,NaN,NaN,NaN,NaN
1489366800,0.55,0.55625,0.55,0.555,1266400,NaN,NaN,NaN,NaN,NaN,NaN,NaN
1489453200,0.5525,0.55625,0.55125,0.5525,187200,NaN,NaN,NaN,NaN,NaN,NaN,NaN
1489539600,0.55625,0.55625,0.55375,0.55375,1256000,NaN,NaN,NaN,NaN,NaN,NaN,NaN
1489626000,0.55375,0.555,0.55375,0.555,428000,NaN,NaN,NaN,NaN,NaN,NaN,NaN
1489712400,0.555,0.555,0.55,0.555,1403200,NaN,NaN,NaN,NaN,NaN,NaN,NaN
1489971600,0.555,0.5625,0.555,0.55625,5139200,NaN,NaN,NaN,NaN,NaN,NaN,NaN
1490058000,0.56125,0.5625,0.55875,0.55875,1611200,NaN,NaN,NaN,NaN,NaN,NaN,NaN
1490144400,0.56,0.56125,0.55375,0.56125,506400,NaN,NaN,NaN,NaN,NaN,NaN,NaN
1490230800,0.56125,0.5625,0.56,0.5625,906400,NaN,NaN,NaN,NaN,NaN,NaN,NaN
1490317200,0.5625,0.56625,0.56,0.56,4466400,NaN,NaN,NaN,NaN,NaN,NaN,NaN
1490576400,0.56375,0.56375,0.56,0.5625,1145600,NaN,NaN,NaN,NaN,NaN,NaN,NaN
1490662800,0.56,0.56125,0.55625,0.55625,508800,NaN,NaN,NaN,NaN,NaN,NaN,NaN
1490749200,0.5625,0.5625,0.5575,0.56125,1409600,NaN,NaN,NaN,NaN,NaN,NaN,NaN
1490835600,0.56125,0.5625,0.5575,0.5625,1564000,NaN,NaN,NaN,NaN,NaN,NaN,NaN
1490922000,0.56875,0.6,0.5675,0.5925,4805600,NaN,NaN,NaN,NaN,NaN,NaN,NaN
1491181200,0.59,0.5925,0.585,0.59,1571200,NaN,NaN,NaN,NaN,NaN,NaN,NaN
1491267600,0.59125,0.6,0.59,0.59875,910400,NaN,NaN,NaN,NaN,NaN,NaN,NaN
1491354000,0.6,0.605,0.59875,0.60125,2505600,NaN,NaN,NaN,NaN,NaN,NaN,NaN
1491440400,0.6,0.6,0.59375,0.6,368000,NaN,NaN,NaN,NaN,NaN,NaN,NaN
1491526800,0.60125,0.60125,0.6,0.6,342400,NaN,NaN,NaN,NaN,NaN,NaN,NaN
1491786000,0.60125,0.60125,0.6,0.6,1408000,NaN,NaN,NaN,NaN,NaN,NaN,NaN
1491872400,0.595,0.595,0.5925,0.5925,520000,NaN,NaN,NaN,NaN,NaN,NaN,NaN
1491958800,0.59125,0.59125,0.57875,0.58375,819200,NaN,NaN,NaN,NaN,NaN,NaN,NaN
1492045200,0.58125,0.58125,0.565,0.56625,5148000,NaN,NaN,NaN,NaN,NaN,NaN,NaN
1492131600,0.56625,0.56625,0.5525,0.55875,2064000,NaN,NaN,NaN,NaN,NaN,NaN,NaN
1492390800,0.5625,0.56375,0.56,0.56125,2564800,NaN,NaN,NaN,NaN,NaN,NaN,NaN
1492477200,0.5625,0.58,0.56125,0.57375,1285600,NaN,NaN,NaN,NaN,NaN,NaN,NaN
1492563600,0.58125,0.60625,0.58125,0.6025,6366400,NaN,NaN,NaN,NaN,NaN,NaN,NaN
1492650000,0.60625,0.64625,0.60625,0.635,4460800,NaN,NaN,NaN,NaN,NaN,NaN,NaN
1492736400,0.635,0.655,0.635,0.64,1289600,NaN,NaN,NaN,NaN,NaN,NaN,NaN
1493082000,0.64125,0.665,0.64125,0.64875,2239200,NaN,NaN,NaN,NaN,NaN,NaN,NaN
1493168400,0.65,0.66125,0.65,0.66125,1685600,NaN,NaN,NaN,NaN,NaN,NaN,NaN
1493254800,0.6625,0.71,0.6625,0.71,3493600,NaN,NaN,NaN,NaN,NaN,NaN,NaN
1493341200,0.7125,0.7625,0.7125,0.7225,2024000,NaN,NaN,NaN,NaN,NaN,NaN,NaN
1493686800,0.725,0.73,0.71625,0.72,1412800,NaN,NaN,NaN,NaN,NaN,NaN,NaN
1493773200,0.75375,0.7725,0.73375,0.74,6152800,NaN,NaN,NaN,NaN,NaN,NaN,NaN
1493859600,0.7475,0.74875,0.74,0.74,1194400,NaN,NaN,NaN,NaN,NaN,NaN,NaN
1493946000,0.74,0.75625,0.74,0.74875,834400,NaN,NaN,NaN,NaN,NaN,NaN,NaN
1494205200,0.75,0.78625,0.75,0.77375,1887200,NaN,NaN,NaN,NaN,NaN,NaN,NaN
1494291600,0.77625,0.77625,0.765,0.775,600800,NaN,NaN,NaN,NaN,NaN,NaN,NaN
1494464400,0.775,0.78875,0.7725,0.77375,2168000,NaN,NaN,NaN,NaN,NaN,NaN,NaN
1494550800,0.775,0.78125,0.77375,0.78125,1105600,NaN,NaN,NaN,NaN,NaN,NaN,NaN
1494810000,0.785,0.785,0.75375,0.77125,583200,NaN,NaN,NaN,NaN,NaN,NaN,NaN
1494896400,0.77125,0.77125,0.7575,0.76,2220000,NaN,NaN,NaN,NaN,NaN,NaN,NaN
1494982800,0.7625,0.7625,0.75375,0.755,480000,NaN,NaN,NaN,NaN,NaN,NaN,NaN
1495069200,0.7525,0.75875,0.75,0.7525,1059200,NaN,NaN,NaN,NaN,NaN,NaN,NaN
1495155600,0.7625,0.7975,0.75375,0.7825,3170400,NaN,NaN,NaN,NaN,NaN,NaN,NaN
1495414800,0.7975,0.8125,0.79,0.8,2732000,NaN,NaN,NaN,NaN,NaN,NaN,NaN
1495501200,0.8125,0.8475,0.8125,0.84,2866400,NaN,NaN,NaN,NaN,NaN,NaN,NaN
1495587600,0.84,0.85,0.81875,0.84375,1050400,NaN,NaN,NaN,NaN,NaN,NaN,NaN
1495674000,0.845,0.875,0.845,0.85125,7736000,NaN,NaN,NaN,NaN,NaN,NaN,NaN
1495760400,0.85125,0.85375,0.845,0.84875,1213600,NaN,NaN,NaN,NaN,NaN,NaN,NaN
1496019600,0.84875,0.85,0.8275,0.845,367200,NaN,NaN,NaN,NaN,NaN,NaN,NaN
1496106000,0.84,0.84,0.80625,0.80625,1211200,NaN,NaN,NaN,NaN,NaN,NaN,NaN
1496192400,0.8,0.83125,0.8,0.81125,1260000,NaN,NaN,NaN,NaN,NaN,NaN,NaN
1496278800,0.8425,0.845,0.81375,0.8225,1037600,NaN,NaN,NaN,NaN,NaN,NaN,NaN
1496365200,0.835,0.835,0.82375,0.8325,3986400,NaN,NaN,NaN,NaN,NaN,NaN,NaN
1496624400,0.84375,0.8875,0.84375,0.8875,4328000,NaN,NaN,NaN,NaN,NaN,NaN,NaN
1496710800,0.8875,0.88875,0.855,0.885,1328000,NaN,NaN,NaN,NaN,NaN,NaN,NaN
1496797200,0.88375,0.8875,0.87625,0.87875,1212000,NaN,NaN,NaN,NaN,NaN,NaN,NaN
1496883600,0.88125,0.9,0.88125,0.895,1381600,NaN,NaN,NaN,NaN,NaN,NaN,NaN
1496970000,0.89625,0.89625,0.8875,0.89625,459200,NaN,NaN,NaN,NaN,NaN,NaN,NaN
1497315600,0.885,0.885,0.865,0.87125,3361600,NaN,NaN,NaN,NaN,NaN,NaN,NaN
1497402000,0.8775,0.885,0.8725,0.875,4028800,NaN,NaN,NaN,NaN,NaN,NaN,NaN
1497488400,0.875,0.8825,0.87375,0.8825,2354400,NaN,NaN,NaN,NaN,NaN,NaN,NaN
1497574800,0.88125,0.895,0.875,0.88875,1324800,NaN,NaN,NaN,NaN,NaN,NaN,NaN
1497834000,0.88625,0.89375,0.88,0.89375,3121600,NaN,NaN,NaN,NaN,NaN,NaN,NaN
1497920400,0.89375,0.93,0.89375,0.92875,1848800,NaN,NaN,NaN,NaN,NaN,NaN,NaN
1498006800,0.93,0.965,0.93,0.95125,7586400,NaN,NaN,NaN,NaN,NaN,NaN,NaN
1498093200,0.95375,1,0.95375,0.99625,3532000,NaN,NaN,NaN,NaN,NaN,NaN,NaN
1498179600,1,1.025,0.95625,1.00625,2388000,NaN,NaN,NaN,NaN,NaN,NaN,NaN
1498611600,1,1.0125,0.9875,1.00125,1000000,NaN,NaN,NaN,NaN,NaN,NaN,NaN
1498698000,1.00375,1.025,1.00375,1.01625,2168800,NaN,NaN,NaN,NaN,NaN,NaN,NaN
1498784400,1.015,1.015,1.0025,1.0075,727200,NaN,NaN,NaN,NaN,NaN,NaN,NaN
1499043600,1.01,1.0225,1.01,1.01125,2304000,NaN,NaN,NaN,NaN,NaN,NaN,NaN
1499130000,1.01,1.01125,1,1.00625,479200,NaN,NaN,NaN,NaN,NaN,NaN,NaN
1499216400,1.00625,1.025,1.00625,1.0125,902400,NaN,NaN,NaN,NaN,NaN,NaN,NaN
1499302800,1.01875,1.0225,0.9875,0.9975,1408000,NaN,NaN,NaN,NaN,NaN,NaN,NaN
1499389200,0.9975,1.00125,0.9575,0.9625,3286400,NaN,NaN,NaN,NaN,NaN,NaN,NaN
1499648400,0.9625,0.96875,0.95875,0.96875,472800,NaN,NaN,NaN,NaN,NaN,NaN,NaN
1499734800,0.96875,0.96875,0.95,0.95125,1020800,NaN,NaN,NaN,NaN,NaN,NaN,NaN
1499821200,0.95125,0.9625,0.95125,0.95875,2266400,NaN,NaN,NaN,NaN,NaN,NaN,NaN
1499907600,0.95875,1.005,0.95875,0.96875,964800,NaN,NaN,NaN,NaN,NaN,NaN,NaN
1499994000,0.97,0.985,0.97,0.98125,1220800,NaN,NaN,NaN,NaN,NaN,NaN,NaN
1500253200,0.9875,0.9875,0.975,0.9775,2255200,NaN,NaN,NaN,NaN,NaN,NaN,NaN
1500339600,0.98125,0.99375,0.98125,0.9875,2672800,NaN,NaN,NaN,NaN,NaN,NaN,NaN
1500426000,1,1.02,0.9775,0.98,1742800,NaN,NaN,NaN,NaN,NaN,NaN,NaN
1500512400,0.98,0.9925,0.96,0.965,685600,NaN,NaN,NaN,NaN,NaN,NaN,NaN
1500598800,0.9875,1,0.97,1,482000,NaN,NaN,NaN,NaN,NaN,NaN,NaN
1500858000,1,1.0125,0.9825,0.995,870000,NaN,NaN,NaN,NaN,NaN,NaN,NaN
1500944400,1,1.05,0.995,1.0375,3050800,NaN,NaN,NaN,NaN,NaN,NaN,NaN
1501030800,1.045,1.125,1.045,1.125,4648400,NaN,NaN,NaN,NaN,NaN,NaN,NaN
1501117200,1.13,1.1975,1.1125,1.115,9419200,NaN,NaN,NaN,NaN,NaN,NaN,NaN
1501203600,1.125,1.1625,1.1225,1.15,2762800,NaN,NaN,NaN,NaN,NaN,NaN,NaN
1501462800,1.15,1.185,1.14,1.14,4348000,NaN,NaN,NaN,NaN,NaN,NaN,NaN
1501549200,1.145,1.1575,1.0975,1.1025,2410800,NaN,NaN,NaN,NaN,NaN,NaN,NaN
1501635600,1.115,1.1325,1.115,1.1225,2178000,NaN,NaN,NaN,NaN,NaN,NaN,NaN
1501722000,1.14,1.14,1.1225,1.1325,2616400,NaN,NaN,NaN,NaN,NaN,NaN,NaN
1501808400,1.14,1.14,1.105,1.1125,1742000,NaN,NaN,NaN,NaN,NaN,NaN,NaN
1502067600,1.12,1.125,1.0875,1.095,2106000,NaN,NaN,NaN,NaN,NaN,NaN,NaN
1502154000,1.0975,1.0975,1,1.0825,3190400,NaN,NaN,NaN,NaN,NaN,NaN,NaN
1502240400,1.0875,1.09,1.08,1.085,1408000,NaN,NaN,NaN,NaN,NaN,NaN,NaN
1502326800,1.09,1.09,1.05,1.0575,1797600,NaN,NaN,NaN,NaN,NaN,NaN,NaN
1502413200,1.0525,1.0525,1.02,1.045,3780400,NaN,NaN,NaN,NaN,NaN,NaN,NaN
1502672400,1.045,1.08,1.0425,1.075,1522000,NaN,NaN,NaN,NaN,NaN,NaN,NaN
1502758800,1.085,1.12,1.085,1.1,1845600,NaN,NaN,NaN,NaN,NaN,NaN,NaN
1502845200,1.115,1.1425,1.115,1.1375,6967600,NaN,NaN,NaN,NaN,NaN,NaN,NaN
1502931600,1.15,1.2,1.15,1.2,4650800,NaN,NaN,NaN,NaN,NaN,NaN,NaN
1503018000,1.19,1.19,1.1475,1.1625,5717600,NaN,NaN,NaN,NaN,NaN,NaN,NaN
1503277200,1.175,1.175,1.1375,1.1375,4081600,NaN,NaN,NaN,NaN,NaN,NaN,NaN
1503363600,1.145,1.1475,1.115,1.1175,1467200,NaN,NaN,NaN,NaN,NaN,NaN,NaN
1503450000,1.125,1.1625,1.1175,1.16,2541600,NaN,NaN,NaN,NaN,NaN,NaN,NaN
1503536400,1.1575,1.1675,1.1375,1.155,1774800,NaN,NaN,NaN,NaN,NaN,NaN,NaN
1503622800,1.1625,1.1625,1.14,1.1425,584000,NaN,NaN,NaN,NaN,NaN,NaN,NaN
1503882000,1.155,1.155,1.125,1.1425,1942400,NaN,NaN,NaN,NaN,NaN,NaN,NaN
1503968400,1.125,1.1325,1.1125,1.1175,1087200,NaN,NaN,NaN,NaN,NaN,NaN,NaN
1504054800,1.125,1.1375,1.1225,1.13,1937200,NaN,NaN,NaN,NaN,NaN,NaN,NaN
1504573200,1.1375,1.1375,1.11,1.115,662000,NaN,NaN,NaN,NaN,NaN,NaN,NaN
1504659600,1.1125,1.15,1.11,1.15,1483600,NaN,NaN,NaN,NaN,NaN,NaN,NaN
1504746000,1.15,1.1625,1.13,1.1375,1397600,NaN,NaN,NaN,NaN,NaN,NaN,NaN
1504832400,1.13,1.1425,1.115,1.125,4710400,NaN,NaN,NaN,NaN,NaN,NaN,NaN
1505091600,1.135,1.15,1.135,1.145,5196400,NaN,NaN,NaN,NaN,NaN,NaN,NaN
1505178000,1.145,1.1525,1.135,1.15,1449600,NaN,NaN,NaN,NaN,NaN,NaN,NaN
1505264400,1.15,1.15,1.1375,1.15,1667600,NaN,NaN,NaN,NaN,NaN,NaN,NaN
1505350800,1.15,1.15,1.1475,1.15,2399200,NaN,NaN,NaN,NaN,NaN,NaN,NaN
1505437200,1.1375,1.145,1.1275,1.1375,312000,NaN,NaN,NaN,NaN,NaN,NaN,NaN
1505696400,1.1375,1.1375,1.1125,1.125,915600,NaN,NaN,NaN,NaN,NaN,NaN,NaN
1505782800,1.125,1.125,1.1075,1.1125,581200,NaN,NaN,NaN,NaN,NaN,NaN,NaN
1505869200,1.1075,1.1125,1.1,1.1025,543200,NaN,NaN,NaN,NaN,NaN,NaN,NaN
1505955600,1.1025,1.15,1.1025,1.1475,2008800,NaN,NaN,NaN,NaN,NaN,NaN,NaN
1506301200,1.13,1.1475,1.13,1.135,968400,NaN,NaN,NaN,NaN,NaN,NaN,NaN
1506387600,1.13,1.1325,1.1,1.1125,6141200,NaN,NaN,NaN,NaN,NaN,NaN,NaN
1506474000,1.11,1.145,1.11,1.1425,5223200,NaN,NaN,NaN,NaN,NaN,NaN,NaN
1506560400,1.145,1.145,1.1175,1.125,520000,NaN,NaN,NaN,NaN,NaN,NaN,NaN
1506646800,1.115,1.12,1.1075,1.11,2544400,1880368800,462299000,140742000,22501000,84363000,316329000,0.788288288288288
1506906000,1.11,1.125,1.11,1.125,2305200,NaN,NaN,NaN,NaN,NaN,NaN,NaN
1506992400,1.125,1.125,1.1075,1.11,952800,NaN,NaN,NaN,NaN,NaN,NaN,NaN
1507078800,1.115,1.12,1.1125,1.1125,626800,NaN,NaN,NaN,NaN,NaN,NaN,NaN
1507165200,1.1225,1.125,1.115,1.1225,416800,NaN,NaN,NaN,NaN,NaN,NaN,NaN
1507251600,1.125,1.1425,1.125,1.14,1528800,NaN,NaN,NaN,NaN,NaN,NaN,NaN
1507510800,1.1425,1.15,1.14,1.15,658400,NaN,NaN,NaN,NaN,NaN,NaN,NaN
1507597200,1.1525,1.155,1.15,1.155,2588400,NaN,NaN,NaN,NaN,NaN,NaN,NaN
1507683600,1.16,1.1825,1.1575,1.18,2834400,NaN,NaN,NaN,NaN,NaN,NaN,NaN
1507770000,1.18,1.225,1.18,1.215,5763200,NaN,NaN,NaN,NaN,NaN,NaN,NaN
1507856400,1.22,1.2825,1.22,1.275,4384800,NaN,NaN,NaN,NaN,NaN,NaN,NaN
1508115600,1.2875,1.32,1.2875,1.2975,2739600,NaN,NaN,NaN,NaN,NaN,NaN,NaN
1508202000,1.3,1.325,1.29,1.2925,1362400,NaN,NaN,NaN,NaN,NaN,NaN,NaN
1508374800,1.2925,1.2925,1.26,1.2725,666400,NaN,NaN,NaN,NaN,NaN,NaN,NaN
1508461200,1.2625,1.275,1.25,1.2725,556400,NaN,NaN,NaN,NaN,NaN,NaN,NaN
1508720400,1.275,1.31,1.275,1.28,1846400,NaN,NaN,NaN,NaN,NaN,NaN,NaN
1508806800,1.28,1.29,1.265,1.2675,356000,NaN,NaN,NaN,NaN,NaN,NaN,NaN
1508893200,1.285,1.285,1.23,1.2375,1826800,NaN,NaN,NaN,NaN,NaN,NaN,NaN
1508979600,1.2575,1.265,1.2325,1.24,1358800,NaN,NaN,NaN,NaN,NaN,NaN,NaN
1509066000,1.245,1.255,1.245,1.25,1136800,NaN,NaN,NaN,NaN,NaN,NaN,NaN
1509325200,1.255,1.2575,1.2425,1.2475,1679200,NaN,NaN,NaN,NaN,NaN,NaN,NaN
1509411600,1.25,1.2575,1.25,1.2575,828800,NaN,NaN,NaN,NaN,NaN,NaN,NaN
1509498000,1.2575,1.3,1.2575,1.285,1206400,NaN,NaN,NaN,NaN,NaN,NaN,NaN
1509584400,1.2925,1.305,1.28,1.3,1550400,NaN,NaN,NaN,NaN,NaN,NaN,NaN
1509670800,1.3,1.305,1.2775,1.2925,602000,NaN,NaN,NaN,NaN,NaN,NaN,NaN
1509930000,1.2875,1.305,1.2875,1.3,951200,NaN,NaN,NaN,NaN,NaN,NaN,NaN
1510016400,1.305,1.305,1.285,1.2975,678000,NaN,NaN,NaN,NaN,NaN,NaN,NaN
1510102800,1.295,1.3,1.2875,1.3,581600,NaN,NaN,NaN,NaN,NaN,NaN,NaN
1510189200,1.3,1.3325,1.3,1.31,4920000,NaN,NaN,NaN,NaN,NaN,NaN,NaN
1510275600,1.3125,1.4175,1.3125,1.4075,4391200,NaN,NaN,NaN,NaN,NaN,NaN,NaN
1510534800,1.4075,1.475,1.4025,1.4625,3459200,NaN,NaN,NaN,NaN,NaN,NaN,NaN
1510621200,1.465,1.48,1.3775,1.4,2600400,NaN,NaN,NaN,NaN,NaN,NaN,NaN
1510707600,1.4225,1.4375,1.4025,1.42,1303200,NaN,NaN,NaN,NaN,NaN,NaN,NaN
1510794000,1.4375,1.4375,1.3775,1.3925,1252400,NaN,NaN,NaN,NaN,NaN,NaN,NaN
1510880400,1.425,1.435,1.375,1.385,3287200,NaN,NaN,NaN,NaN,NaN,NaN,NaN
1511139600,1.3775,1.3825,1.3,1.3025,2868000,NaN,NaN,NaN,NaN,NaN,NaN,NaN
1511226000,1.3,1.3,1.2375,1.245,3873600,NaN,NaN,NaN,NaN,NaN,NaN,NaN
1511312400,1.2475,1.29,1.2475,1.285,1803600,NaN,NaN,NaN,NaN,NaN,NaN,NaN
1511398800,1.2975,1.33,1.2875,1.2875,2060800,NaN,NaN,NaN,NaN,NaN,NaN,NaN
1511485200,1.29,1.315,1.2875,1.3,1024400,NaN,NaN,NaN,NaN,NaN,NaN,NaN
1511744400,1.3225,1.3225,1.2875,1.2975,496000,NaN,NaN,NaN,NaN,NaN,NaN,NaN
1511830800,1.2975,1.315,1.29,1.3,816000,NaN,NaN,NaN,NaN,NaN,NaN,NaN
1511917200,1.2975,1.3125,1.2975,1.3075,5744400,NaN,NaN,NaN,NaN,NaN,NaN,NaN
1512003600,1.3075,1.3725,1.295,1.365,10582000,NaN,NaN,NaN,NaN,NaN,NaN,NaN
1512349200,1.365,1.3725,1.33,1.345,2647200,NaN,NaN,NaN,NaN,NaN,NaN,NaN
1512435600,1.335,1.35,1.325,1.35,1185200,NaN,NaN,NaN,NaN,NaN,NaN,NaN
1512522000,1.35,1.375,1.3375,1.3675,4211600,NaN,NaN,NaN,NaN,NaN,NaN,NaN
1512608400,1.375,1.375,1.34,1.3475,7616800,NaN,NaN,NaN,NaN,NaN,NaN,NaN
1512694800,1.3625,1.375,1.345,1.3525,3224800,NaN,NaN,NaN,NaN,NaN,NaN,NaN
1512954000,1.3675,1.3675,1.345,1.3525,300800,NaN,NaN,NaN,NaN,NaN,NaN,NaN
1513040400,1.355,1.3625,1.355,1.3575,351200,NaN,NaN,NaN,NaN,NaN,NaN,NaN
1513126800,1.365,1.49,1.365,1.4825,6330800,NaN,NaN,NaN,NaN,NaN,NaN,NaN
1513213200,1.485,1.495,1.4625,1.475,2508400,NaN,NaN,NaN,NaN,NaN,NaN,NaN
1513299600,1.475,1.5225,1.4675,1.5125,1984400,NaN,NaN,NaN,NaN,NaN,NaN,NaN
1513558800,1.515,1.55,1.49,1.525,1366000,NaN,NaN,NaN,NaN,NaN,NaN,NaN
1513645200,1.52,1.5325,1.5025,1.525,1522400,NaN,NaN,NaN,NaN,NaN,NaN,NaN
1513731600,1.525,1.6275,1.5225,1.6,2449200,NaN,NaN,NaN,NaN,NaN,NaN,NaN
1513818000,1.6025,1.63,1.6025,1.6225,2809200,NaN,NaN,NaN,NaN,NaN,NaN,NaN
1513904400,1.625,1.625,1.5775,1.605,550800,NaN,NaN,NaN,NaN,NaN,NaN,NaN
1514250000,1.575,1.6175,1.575,1.5875,1039600,NaN,NaN,NaN,NaN,NaN,NaN,NaN
1514336400,1.59,1.6125,1.5825,1.6075,491600,NaN,NaN,NaN,NaN,NaN,NaN,NaN
1514422800,1.6175,1.63,1.57,1.585,1053200,NaN,NaN,NaN,NaN,NaN,NaN,NaN
1514509200,1.5875,1.5875,1.5525,1.5525,1620000,1880638400,488336943,153410628,21499000,95893000,330240089,0.72463768115942
1514854800,1.5525,1.5675,1.5375,1.555,1708000,NaN,NaN,NaN,NaN,NaN,NaN,NaN
1514941200,1.575,1.5775,1.5475,1.5525,7783200,NaN,NaN,NaN,NaN,NaN,NaN,NaN
1515027600,1.5475,1.675,1.545,1.66,5244000,NaN,NaN,NaN,NaN,NaN,NaN,NaN
1515114000,1.6625,1.72,1.6625,1.6975,2128000,NaN,NaN,NaN,NaN,NaN,NaN,NaN
1515373200,1.6975,1.71,1.6975,1.705,669600,NaN,NaN,NaN,NaN,NaN,NaN,NaN
1515459600,1.7075,1.71,1.685,1.69,1784800,NaN,NaN,NaN,NaN,NaN,NaN,NaN
1515546000,1.6825,1.695,1.6475,1.6575,981600,NaN,NaN,NaN,NaN,NaN,NaN,NaN
1515632400,1.6575,1.6575,1.6,1.6,1176400,NaN,NaN,NaN,NaN,NaN,NaN,NaN
1515718800,1.625,1.63,1.6125,1.6175,609200,NaN,NaN,NaN,NaN,NaN,NaN,NaN
1515978000,1.615,1.615,1.55,1.555,1513600,NaN,NaN,NaN,NaN,NaN,NaN,NaN
1516064400,1.56,1.61,1.45,1.5875,2491200,NaN,NaN,NaN,NaN,NaN,NaN,NaN
1516150800,1.5825,1.5825,1.52,1.55,1045600,NaN,NaN,NaN,NaN,NaN,NaN,NaN
1516237200,1.555,1.575,1.525,1.5425,3356000,NaN,NaN,NaN,NaN,NaN,NaN,NaN
1516323600,1.5475,1.5725,1.5325,1.5375,1202000,NaN,NaN,NaN,NaN,NaN,NaN,NaN
1516582800,1.55,1.55,1.5325,1.54,702800,NaN,NaN,NaN,NaN,NaN,NaN,NaN
1516669200,1.5425,1.6225,1.5425,1.6,1844400,NaN,NaN,NaN,NaN,NaN,NaN,NaN
1516755600,1.6125,1.6875,1.6,1.65,1968800,NaN,NaN,NaN,NaN,NaN,NaN,NaN
1516842000,1.6375,1.6525,1.575,1.575,1994800,NaN,NaN,NaN,NaN,NaN,NaN,NaN
1516928400,1.58,1.6175,1.58,1.605,715200,NaN,NaN,NaN,NaN,NaN,NaN,NaN
1517187600,1.625,1.6275,1.6175,1.6175,594000,NaN,NaN,NaN,NaN,NaN,NaN,NaN
1517274000,1.605,1.6075,1.57,1.58,625200,NaN,NaN,NaN,NaN,NaN,NaN,NaN
1517533200,1.595,1.5975,1.5275,1.5275,1437200,NaN,NaN,NaN,NaN,NaN,NaN,NaN
1517792400,1.5225,1.5225,1.435,1.4925,2521600,NaN,NaN,NaN,NaN,NaN,NaN,NaN
1517878800,1.45,1.4775,1.375,1.4625,6377200,NaN,NaN,NaN,NaN,NaN,NaN,NaN
1517965200,1.5,1.525,1.465,1.465,1656000,NaN,NaN,NaN,NaN,NaN,NaN,NaN
1518051600,1.47,1.4775,1.4525,1.46,1681200,NaN,NaN,NaN,NaN,NaN,NaN,NaN
1518138000,1.4325,1.445,1.3975,1.4375,1969600,NaN,NaN,NaN,NaN,NaN,NaN,NaN
1518397200,1.45,1.45,1.42,1.425,782800,NaN,NaN,NaN,NaN,NaN,NaN,NaN
1518483600,1.4375,1.4525,1.4375,1.4475,448000,NaN,NaN,NaN,NaN,NaN,NaN,NaN
1518570000,1.4475,1.495,1.4475,1.4775,566000,NaN,NaN,NaN,NaN,NaN,NaN,NaN
1518656400,1.475,1.56,1.475,1.55,917200,NaN,NaN,NaN,NaN,NaN,NaN,NaN
1519002000,1.555,1.6,1.555,1.5975,989600,NaN,NaN,NaN,NaN,NaN,NaN,NaN
1519088400,1.595,1.6025,1.58,1.5875,2939200,NaN,NaN,NaN,NaN,NaN,NaN,NaN
1519174800,1.575,1.5875,1.575,1.58,457600,NaN,NaN,NaN,NaN,NaN,NaN,NaN
1519261200,1.575,1.5975,1.565,1.5825,554800,NaN,NaN,NaN,NaN,NaN,NaN,NaN
1519347600,1.575,1.585,1.565,1.5825,2153200,NaN,NaN,NaN,NaN,NaN,NaN,NaN
1519606800,1.5875,1.6275,1.5875,1.6225,2872800,NaN,NaN,NaN,NaN,NaN,NaN,NaN
1519693200,1.625,1.6575,1.5875,1.59,1460000,NaN,NaN,NaN,NaN,NaN,NaN,NaN
1519779600,1.5875,1.5975,1.5725,1.5875,2138000,NaN,NaN,NaN,NaN,NaN,NaN,NaN
1519866000,1.59,1.6275,1.575,1.625,1058800,NaN,NaN,NaN,NaN,NaN,NaN,NaN
1519952400,1.6,1.6,1.575,1.6,1006000,NaN,NaN,NaN,NaN,NaN,NaN,NaN
1520211600,1.6,1.605,1.5,1.53,1813600,NaN,NaN,NaN,NaN,NaN,NaN,NaN
1520298000,1.5375,1.5825,1.51,1.5475,1096800,NaN,NaN,NaN,NaN,NaN,NaN,NaN
1520384400,1.5475,1.5625,1.4925,1.505,2682400,NaN,NaN,NaN,NaN,NaN,NaN,NaN
1520470800,1.495,1.5375,1.4675,1.4875,1276400,NaN,NaN,NaN,NaN,NaN,NaN,NaN
1520557200,1.475,1.545,1.475,1.48,519600,NaN,NaN,NaN,NaN,NaN,NaN,NaN
1520816400,1.4875,1.55,1.48,1.55,896400,NaN,NaN,NaN,NaN,NaN,NaN,NaN
1520902800,1.55,1.55,1.5,1.52,387200,NaN,NaN,NaN,NaN,NaN,NaN,NaN
1520989200,1.505,1.505,1.4875,1.49,298400,NaN,NaN,NaN,NaN,NaN,NaN,NaN
1521075600,1.4825,1.485,1.4525,1.475,1158000,NaN,NaN,NaN,NaN,NaN,NaN,NaN
1521162000,1.475,1.475,1.43,1.465,1095200,NaN,NaN,NaN,NaN,NaN,NaN,NaN
1521421200,1.4725,1.4975,1.42,1.42,1496400,NaN,NaN,NaN,NaN,NaN,NaN,NaN
1521507600,1.42,1.43,1.4025,1.425,867200,NaN,NaN,NaN,NaN,NaN,NaN,NaN
1521594000,1.4425,1.4575,1.4025,1.425,3066000,NaN,NaN,NaN,NaN,NaN,NaN,NaN
1521680400,1.415,1.4325,1.375,1.39,1126400,NaN,NaN,NaN,NaN,NaN,NaN,NaN
1521766800,1.375,1.38,1.35,1.375,3337200,NaN,NaN,NaN,NaN,NaN,NaN,NaN
1522026000,1.37,1.37,1.315,1.3525,8500000,NaN,NaN,NaN,NaN,NaN,NaN,NaN
1522112400,1.3625,1.3725,1.355,1.365,2171200,NaN,NaN,NaN,NaN,NaN,NaN,NaN
1522198800,1.36,1.36,1.3325,1.3375,156000,NaN,NaN,NaN,NaN,NaN,NaN,NaN
1522285200,1.325,1.335,1.32,1.335,416000,NaN,NaN,NaN,NaN,NaN,NaN,NaN
1522371600,1.325,1.345,1.325,1.3375,1960800,1880702800,493919000,139225000,23726000,77312000,350436000,0.841121495327103
1522630800,1.35,1.35,1.3425,1.3425,165200,NaN,NaN,NaN,NaN,NaN,NaN,NaN
1522717200,1.3375,1.3375,1.3275,1.33,607600,NaN,NaN,NaN,NaN,NaN,NaN,NaN
1522803600,1.325,1.325,1.2125,1.2275,2684800,NaN,NaN,NaN,NaN,NaN,NaN,NaN
1522890000,1.25,1.275,1.2425,1.27,1240400,NaN,NaN,NaN,NaN,NaN,NaN,NaN
1522976400,1.2625,1.2625,1.225,1.26,604800,NaN,NaN,NaN,NaN,NaN,NaN,NaN
1523235600,1.26,1.3225,1.2575,1.32,632000,NaN,NaN,NaN,NaN,NaN,NaN,NaN
1523322000,1.3175,1.41,1.3175,1.365,1551200,NaN,NaN,NaN,NaN,NaN,NaN,NaN
1523408400,1.37,1.445,1.37,1.4325,760800,NaN,NaN,NaN,NaN,NaN,NaN,NaN
1523494800,1.4325,1.4325,1.355,1.3625,508800,NaN,NaN,NaN,NaN,NaN,NaN,NaN
1523581200,1.3875,1.42,1.375,1.41,590800,NaN,NaN,NaN,NaN,NaN,NaN,NaN
1523840400,1.41,1.415,1.39,1.395,103200,NaN,NaN,NaN,NaN,NaN,NaN,NaN
1523926800,1.395,1.4175,1.355,1.36,324800,NaN,NaN,NaN,NaN,NaN,NaN,NaN
1524013200,1.38,1.3825,1.3475,1.35,382000,NaN,NaN,NaN,NaN,NaN,NaN,NaN
1524099600,1.35,1.35,1.3475,1.3475,68000,NaN,NaN,NaN,NaN,NaN,NaN,NaN
1524186000,1.35,1.35,1.275,1.305,601200,NaN,NaN,NaN,NaN,NaN,NaN,NaN
1524445200,1.305,1.305,1.2925,1.3,438800,NaN,NaN,NaN,NaN,NaN,NaN,NaN
1524531600,1.265,1.32,1.265,1.285,594800,NaN,NaN,NaN,NaN,NaN,NaN,NaN
1524618000,1.275,1.2825,1.275,1.2825,1306000,NaN,NaN,NaN,NaN,NaN,NaN,NaN
1524704400,1.275,1.2775,1.2725,1.2725,4887600,NaN,NaN,NaN,NaN,NaN,NaN,NaN
1524790800,1.285,1.3125,1.2825,1.3025,368800,NaN,NaN,NaN,NaN,NaN,NaN,NaN
1525050000,1.3075,1.3075,1.275,1.2925,336000,NaN,NaN,NaN,NaN,NaN,NaN,NaN
1525222800,1.275,1.2925,1.275,1.2875,74800,NaN,NaN,NaN,NaN,NaN,NaN,NaN
1525309200,1.3,1.3125,1.2875,1.31,81600,NaN,NaN,NaN,NaN,NaN,NaN,NaN
1525395600,1.31,1.31,1.295,1.295,406800,NaN,NaN,NaN,NaN,NaN,NaN,NaN
1525654800,1.295,1.3125,1.2825,1.3125,244000,NaN,NaN,NaN,NaN,NaN,NaN,NaN
1525741200,1.3,1.325,1.2975,1.325,337200,NaN,NaN,NaN,NaN,NaN,NaN,NaN
1526259600,1.325,1.475,1.325,1.3625,4732800,NaN,NaN,NaN,NaN,NaN,NaN,NaN
1526346000,1.4375,1.4375,1.4,1.405,1904800,NaN,NaN,NaN,NaN,NaN,NaN,NaN
1526432400,1.405,1.4525,1.4,1.4375,4449200,NaN,NaN,NaN,NaN,NaN,NaN,NaN
1526518800,1.445,1.445,1.4225,1.43,3912000,NaN,NaN,NaN,NaN,NaN,NaN,NaN
1526605200,1.45,1.5125,1.42,1.495,2159200,NaN,NaN,NaN,NaN,NaN,NaN,NaN
1526864400,1.515,1.55,1.4875,1.5,1334800,NaN,NaN,NaN,NaN,NaN,NaN,NaN
1526950800,1.5,1.5475,1.5,1.535,561200,NaN,NaN,NaN,NaN,NaN,NaN,NaN
1527037200,1.535,1.55,1.475,1.4975,691200,NaN,NaN,NaN,NaN,NaN,NaN,NaN
1527123600,1.49,1.5375,1.475,1.53,710000,NaN,NaN,NaN,NaN,NaN,NaN,NaN
1527210000,1.53,1.54,1.53,1.5325,4723200,NaN,NaN,NaN,NaN,NaN,NaN,NaN
1527469200,1.5375,1.5375,1.5025,1.535,426800,NaN,NaN,NaN,NaN,NaN,NaN,NaN
1527642000,1.5125,1.5325,1.5,1.5075,718000,NaN,NaN,NaN,NaN,NaN,NaN,NaN
1527728400,1.525,1.525,1.42,1.45,5562800,NaN,NaN,NaN,NaN,NaN,NaN,NaN
1527814800,1.47,1.47,1.43,1.4625,1982000,NaN,NaN,NaN,NaN,NaN,NaN,NaN
1528074000,1.4625,1.515,1.4575,1.515,612800,NaN,NaN,NaN,NaN,NaN,NaN,NaN
1528160400,1.515,1.515,1.475,1.5075,209200,NaN,NaN,NaN,NaN,NaN,NaN,NaN
1528246800,1.5075,1.52,1.4625,1.4975,667600,NaN,NaN,NaN,NaN,NaN,NaN,NaN
1528333200,1.5,1.5225,1.5,1.5025,335200,NaN,NaN,NaN,NaN,NaN,NaN,NaN
1528419600,1.505,1.505,1.48,1.49,142400,NaN,NaN,NaN,NaN,NaN,NaN,NaN
1528678800,1.4875,1.5125,1.4875,1.505,371600,NaN,NaN,NaN,NaN,NaN,NaN,NaN
1528765200,1.5025,1.5025,1.475,1.485,336400,NaN,NaN,NaN,NaN,NaN,NaN,NaN
1528851600,1.4725,1.49,1.4725,1.485,2098400,NaN,NaN,NaN,NaN,NaN,NaN,NaN
1528938000,1.485,1.485,1.475,1.48,126000,NaN,NaN,NaN,NaN,NaN,NaN,NaN
1529283600,1.4675,1.485,1.465,1.465,414000,NaN,NaN,NaN,NaN,NaN,NaN,NaN
1529370000,1.465,1.485,1.46,1.4675,1256800,NaN,NaN,NaN,NaN,NaN,NaN,NaN
1529456400,1.4625,1.48,1.3825,1.395,10305200,NaN,NaN,NaN,NaN,NaN,NaN,NaN
1529542800,1.4,1.435,1.4,1.425,726400,NaN,NaN,NaN,NaN,NaN,NaN,NaN
1529629200,1.425,1.4575,1.425,1.4375,518400,NaN,NaN,NaN,NaN,NaN,NaN,NaN
1529888400,1.435,1.4375,1.4125,1.415,321200,NaN,NaN,NaN,NaN,NaN,NaN,NaN
1529974800,1.4,1.4075,1.3875,1.3875,672000,NaN,NaN,NaN,NaN,NaN,NaN,NaN
1530061200,1.38,1.395,1.38,1.3875,263600,NaN,NaN,NaN,NaN,NaN,NaN,NaN
1530147600,1.3825,1.3875,1.3775,1.3775,290400,NaN,NaN,NaN,NaN,NaN,NaN,NaN
1530234000,1.375,1.4,1.375,1.395,415600,1880738800,526837000,158827000,27323000,105020000,364173000,0.851612903225807
1530493200,1.415,1.415,1.375,1.3925,133200,NaN,NaN,NaN,NaN,NaN,NaN,NaN
1530579600,1.4,1.415,1.3775,1.395,91200,NaN,NaN,NaN,NaN,NaN,NaN,NaN
1530666000,1.3825,1.4,1.3825,1.395,2688000,NaN,NaN,NaN,NaN,NaN,NaN,NaN
1530752400,1.3875,1.39,1.3825,1.39,60000,NaN,NaN,NaN,NaN,NaN,NaN,NaN
1530838800,1.3875,1.4025,1.375,1.3825,299200,NaN,NaN,NaN,NaN,NaN,NaN,NaN
1531098000,1.3825,1.4,1.3625,1.375,1327600,NaN,NaN,NaN,NaN,NaN,NaN,NaN
1531184400,1.4,1.4,1.37,1.375,219200,NaN,NaN,NaN,NaN,NaN,NaN,NaN
1531270800,1.4,1.4,1.35,1.3525,532400,NaN,NaN,NaN,NaN,NaN,NaN,NaN
1531357200,1.375,1.375,1.35,1.35,2187600,NaN,NaN,NaN,NaN,NaN,NaN,NaN
1531443600,1.375,1.375,1.3625,1.37,194400,NaN,NaN,NaN,NaN,NaN,NaN,NaN
1531702800,1.3875,1.3875,1.355,1.365,253200,NaN,NaN,NaN,NaN,NaN,NaN,NaN
1531789200,1.38,1.38,1.3675,1.3725,79200,NaN,NaN,NaN,NaN,NaN,NaN,NaN
1531875600,1.375,1.375,1.3675,1.3725,842800,NaN,NaN,NaN,NaN,NaN,NaN,NaN
1531962000,1.3675,1.375,1.365,1.375,2928000,NaN,NaN,NaN,NaN,NaN,NaN,NaN
1532048400,1.37,1.375,1.3625,1.3625,828400,NaN,NaN,NaN,NaN,NaN,NaN,NaN
1532307600,1.375,1.4525,1.375,1.4475,8537200,NaN,NaN,NaN,NaN,NaN,NaN,NaN
1532394000,1.475,1.625,1.475,1.625,7958800,NaN,NaN,NaN,NaN,NaN,NaN,NaN
1532480400,1.64,1.645,1.5675,1.5825,1841600,NaN,NaN,NaN,NaN,NaN,NaN,NaN
1532566800,1.5775,1.5875,1.5675,1.58,907600,NaN,NaN,NaN,NaN,NaN,NaN,NaN
1532653200,1.625,1.67,1.61,1.625,7006400,NaN,NaN,NaN,NaN,NaN,NaN,NaN
1532912400,1.6175,1.6175,1.5975,1.6,929200,NaN,NaN,NaN,NaN,NaN,NaN,NaN
1532998800,1.595,1.6175,1.5825,1.6,750000,NaN,NaN,NaN,NaN,NaN,NaN,NaN
1533085200,1.575,1.62,1.575,1.6025,3036400,NaN,NaN,NaN,NaN,NaN,NaN,NaN
1533171600,1.6075,1.6125,1.6,1.6,1550000,NaN,NaN,NaN,NaN,NaN,NaN,NaN
1533258000,1.6075,1.61,1.5975,1.6,1234400,NaN,NaN,NaN,NaN,NaN,NaN,NaN
1533517200,1.6075,1.65,1.6075,1.6475,3656000,NaN,NaN,NaN,NaN,NaN,NaN,NaN
1533603600,1.6475,1.6725,1.6225,1.6225,4511200,NaN,NaN,NaN,NaN,NaN,NaN,NaN
1533690000,1.6475,1.7,1.6425,1.7,8562400,NaN,NaN,NaN,NaN,NaN,NaN,NaN
1533776400,1.705,1.82,1.7,1.8075,11144800,NaN,NaN,NaN,NaN,NaN,NaN,NaN
1533862800,1.81,1.8675,1.805,1.8075,2678800,NaN,NaN,NaN,NaN,NaN,NaN,NaN
1534122000,1.805,1.8325,1.76,1.8325,1953600,NaN,NaN,NaN,NaN,NaN,NaN,NaN
1534208400,1.825,1.925,1.825,1.9125,5386800,NaN,NaN,NaN,NaN,NaN,NaN,NaN
1534294800,1.92,1.94,1.905,1.9125,3040800,NaN,NaN,NaN,NaN,NaN,NaN,NaN
1534381200,1.905,1.905,1.8625,1.88,956000,NaN,NaN,NaN,NaN,NaN,NaN,NaN
1534467600,1.9,1.92,1.85,1.86,1066800,NaN,NaN,NaN,NaN,NaN,NaN,NaN
1534726800,1.8625,1.88,1.845,1.86,3531200,NaN,NaN,NaN,NaN,NaN,NaN,NaN
1534813200,1.85,1.8575,1.835,1.8425,691200,NaN,NaN,NaN,NaN,NaN,NaN,NaN
1534986000,1.845,1.885,1.8425,1.85,1186400,NaN,NaN,NaN,NaN,NaN,NaN,NaN
1535072400,1.85,1.875,1.84,1.85,374400,NaN,NaN,NaN,NaN,NaN,NaN,NaN
1535331600,1.85,1.905,1.85,1.8825,1644800,NaN,NaN,NaN,NaN,NaN,NaN,NaN
1535418000,1.9,1.94,1.9,1.94,1594400,NaN,NaN,NaN,NaN,NaN,NaN,NaN
1535504400,1.9425,1.9525,1.9025,1.93,936400,NaN,NaN,NaN,NaN,NaN,NaN,NaN
1535590800,1.93,1.94,1.91,1.9375,1924800,NaN,NaN,NaN,NaN,NaN,NaN,NaN
1535936400,1.925,1.935,1.9125,1.93,764800,NaN,NaN,NaN,NaN,NaN,NaN,NaN
1536022800,1.945,1.945,1.92,1.935,1128000,NaN,NaN,NaN,NaN,NaN,NaN,NaN
1536109200,1.9425,1.9725,1.9375,1.9575,2717600,NaN,NaN,NaN,NaN,NaN,NaN,NaN
1536195600,1.97,1.97,1.95,1.965,878000,NaN,NaN,NaN,NaN,NaN,NaN,NaN
1536282000,1.965,1.9875,1.935,1.9875,1590000,NaN,NaN,NaN,NaN,NaN,NaN,NaN
1536714000,1.9875,2.0025,1.9775,1.9975,3567200,NaN,NaN,NaN,NaN,NaN,NaN,NaN
1536800400,1.9975,1.9975,1.9725,1.9775,302000,NaN,NaN,NaN,NaN,NaN,NaN,NaN
1536886800,1.9775,1.9775,1.9275,1.94,713600,NaN,NaN,NaN,NaN,NaN,NaN,NaN
1537232400,1.925,1.9575,1.9025,1.9425,298000,NaN,NaN,NaN,NaN,NaN,NaN,NaN
1537318800,1.9425,1.9425,1.925,1.925,349200,NaN,NaN,NaN,NaN,NaN,NaN,NaN
1537405200,1.9425,1.9425,1.9075,1.935,425200,NaN,NaN,NaN,NaN,NaN,NaN,NaN
1537491600,1.9425,1.9425,1.9125,1.925,1348800,NaN,NaN,NaN,NaN,NaN,NaN,NaN
1537750800,1.9575,1.9575,1.925,1.95,1300000,NaN,NaN,NaN,NaN,NaN,NaN,NaN
1537837200,1.935,1.96,1.9325,1.95,1312800,NaN,NaN,NaN,NaN,NaN,NaN,NaN
1537923600,1.945,1.9625,1.915,1.94,215600,NaN,NaN,NaN,NaN,NaN,NaN,NaN
1538010000,1.94,1.995,1.9375,1.95,918800,NaN,NaN,NaN,NaN,NaN,NaN,NaN
1538096400,1.9825,2,1.94,2,799200,1881688000,550498000,154193000,26523000,101770000,392878000,0.594
1538355600,1.9975,2.0375,1.9975,2.0325,1256800,NaN,NaN,NaN,NaN,NaN,NaN,NaN
1538442000,2.0375,2.05,1.9975,2.0125,2468000,NaN,NaN,NaN,NaN,NaN,NaN,NaN
1538528400,2.0125,2.0775,2.0125,2.075,581600,NaN,NaN,NaN,NaN,NaN,NaN,NaN
1538614800,2.1,2.13,2.0375,2.06,1678400,NaN,NaN,NaN,NaN,NaN,NaN,NaN
1538701200,2.06,2.0625,2.02,2.06,339200,NaN,NaN,NaN,NaN,NaN,NaN,NaN
1538960400,2.06,2.0625,2.025,2.025,377600,NaN,NaN,NaN,NaN,NaN,NaN,NaN
1539046800,2.025,2.03,2.0125,2.02,213200,NaN,NaN,NaN,NaN,NaN,NaN,NaN
1539133200,2.0025,2.0025,1.9,1.95,2596000,NaN,NaN,NaN,NaN,NaN,NaN,NaN
1539219600,1.875,1.975,1.8,1.975,2446800,NaN,NaN,NaN,NaN,NaN,NaN,NaN
1539306000,1.945,1.9775,1.9125,1.9525,589600,NaN,NaN,NaN,NaN,NaN,NaN,NaN
1539565200,2.01,2.025,1.9625,1.975,1995200,NaN,NaN,NaN,NaN,NaN,NaN,NaN
1539651600,1.975,2.0225,1.975,2.005,1493600,NaN,NaN,NaN,NaN,NaN,NaN,NaN
1539738000,2.025,2.025,2.005,2.02,653600,NaN,NaN,NaN,NaN,NaN,NaN,NaN
1539824400,2.0225,2.0325,2.02,2.0225,1028800,NaN,NaN,NaN,NaN,NaN,NaN,NaN
1539910800,2,2.025,1.9775,2.0125,2566000,NaN,NaN,NaN,NaN,NaN,NaN,NaN
1540170000,1.995,2.0075,1.9525,1.9525,496800,NaN,NaN,NaN,NaN,NaN,NaN,NaN
1540256400,1.955,1.9975,1.955,1.975,869200,NaN,NaN,NaN,NaN,NaN,NaN,NaN
1540342800,1.975,1.98,1.9,1.92,726800,NaN,NaN,NaN,NaN,NaN,NaN,NaN
1540429200,1.9,1.9,1.805,1.87,3148400,NaN,NaN,NaN,NaN,NaN,NaN,NaN
1540515600,1.9025,1.925,1.855,1.8975,2255600,NaN,NaN,NaN,NaN,NaN,NaN,NaN
1540774800,1.865,1.88,1.8,1.8025,1148000,NaN,NaN,NaN,NaN,NaN,NaN,NaN
1540861200,1.7975,1.8175,1.7375,1.7375,2711600,NaN,NaN,NaN,NaN,NaN,NaN,NaN
1540947600,1.7525,1.845,1.7525,1.8275,1536400,NaN,NaN,NaN,NaN,NaN,NaN,NaN
1541034000,1.84,1.8575,1.8275,1.8325,357200,NaN,NaN,NaN,NaN,NaN,NaN,NaN
1541120400,1.86,1.9075,1.85,1.9075,639600,NaN,NaN,NaN,NaN,NaN,NaN,NaN
1541379600,1.9075,2.0025,1.89,1.9875,883600,NaN,NaN,NaN,NaN,NaN,NaN,NaN
1541552400,1.9875,1.9875,1.93,1.955,859200,NaN,NaN,NaN,NaN,NaN,NaN,NaN
1541638800,1.975,1.985,1.885,1.91,1662800,NaN,NaN,NaN,NaN,NaN,NaN,NaN
1541725200,1.91,1.945,1.9025,1.91,108000,NaN,NaN,NaN,NaN,NaN,NaN,NaN
1541984400,1.905,1.925,1.905,1.925,78400,NaN,NaN,NaN,NaN,NaN,NaN,NaN
1542070800,1.9,1.915,1.865,1.91,255600,NaN,NaN,NaN,NaN,NaN,NaN,NaN
1542157200,1.945,1.945,1.8725,1.8775,348400,NaN,NaN,NaN,NaN,NaN,NaN,NaN
1542243600,1.8775,1.9325,1.8575,1.9025,1989600,NaN,NaN,NaN,NaN,NaN,NaN,NaN
1542330000,1.905,1.94,1.89,1.8925,803600,NaN,NaN,NaN,NaN,NaN,NaN,NaN
1542589200,1.8925,1.92,1.8925,1.905,56800,NaN,NaN,NaN,NaN,NaN,NaN,NaN
1542762000,1.89,1.905,1.875,1.9025,1431600,NaN,NaN,NaN,NaN,NaN,NaN,NaN
1542848400,1.9025,1.9025,1.8975,1.8975,66800,NaN,NaN,NaN,NaN,NaN,NaN,NaN
1542934800,1.88,1.8975,1.855,1.855,188000,NaN,NaN,NaN,NaN,NaN,NaN,NaN
1543194000,1.86,1.86,1.83,1.83,309200,NaN,NaN,NaN,NaN,NaN,NaN,NaN
1543280400,1.835,1.8375,1.7775,1.8,539200,NaN,NaN,NaN,NaN,NaN,NaN,NaN
1543366800,1.8,1.8,1.7775,1.7875,644000,NaN,NaN,NaN,NaN,NaN,NaN,NaN
1543453200,1.8075,1.81,1.775,1.78,1103200,NaN,NaN,NaN,NaN,NaN,NaN,NaN
1543539600,1.78,1.78,1.745,1.75,1167200,NaN,NaN,NaN,NaN,NaN,NaN,NaN
1543798800,1.76,1.7875,1.7475,1.755,1725600,NaN,NaN,NaN,NaN,NaN,NaN,NaN
1543885200,1.7625,1.77,1.745,1.75,2492400,NaN,NaN,NaN,NaN,NaN,NaN,NaN
1543971600,1.745,1.765,1.7375,1.75,1277600,NaN,NaN,NaN,NaN,NaN,NaN,NaN
1544058000,1.7475,1.755,1.7475,1.755,426000,NaN,NaN,NaN,NaN,NaN,NaN,NaN
1544144400,1.775,1.795,1.75,1.7725,1062400,NaN,NaN,NaN,NaN,NaN,NaN,NaN
1544403600,1.7725,1.7725,1.7475,1.75,932000,NaN,NaN,NaN,NaN,NaN,NaN,NaN
1544490000,1.75,1.75,1.7,1.7225,971200,NaN,NaN,NaN,NaN,NaN,NaN,NaN
1544576400,1.7025,1.7475,1.7025,1.7125,428800,NaN,NaN,NaN,NaN,NaN,NaN,NaN
1544662800,1.715,1.7225,1.7,1.72,667200,NaN,NaN,NaN,NaN,NaN,NaN,NaN
1544749200,1.72,1.7225,1.625,1.63,2120000,NaN,NaN,NaN,NaN,NaN,NaN,NaN
1545008400,1.595,1.6,1.5375,1.56,2168400,NaN,NaN,NaN,NaN,NaN,NaN,NaN
1545094800,1.55,1.55,1.5,1.5275,3464400,NaN,NaN,NaN,NaN,NaN,NaN,NaN
1545181200,1.525,1.54,1.4925,1.4925,724400,NaN,NaN,NaN,NaN,NaN,NaN,NaN
1545267600,1.4875,1.5625,1.4875,1.545,1613200,NaN,NaN,NaN,NaN,NaN,NaN,NaN
1545354000,1.525,1.5725,1.5125,1.57,532400,NaN,NaN,NaN,NaN,NaN,NaN,NaN
1545613200,1.5575,1.5625,1.525,1.5525,310400,NaN,NaN,NaN,NaN,NaN,NaN,NaN
1545786000,1.545,1.56,1.5175,1.53,356000,NaN,NaN,NaN,NaN,NaN,NaN,NaN
1545872400,1.555,1.5825,1.535,1.575,1816000,NaN,NaN,NaN,NaN,NaN,NaN,NaN
1545958800,1.565,1.59,1.545,1.5475,104000,NaN,NaN,NaN,NaN,NaN,NaN,NaN
1546218000,1.5475,1.59,1.5475,1.5725,1706800,1882212000,576105000,159562000,31044000,110582000,413505000,0.914467408585056
1546390800,1.565,1.565,1.5325,1.5325,132800,NaN,NaN,NaN,NaN,NaN,NaN,NaN
1546477200,1.53,1.53,1.4275,1.455,1701200,NaN,NaN,NaN,NaN,NaN,NaN,NaN
1546563600,1.445,1.4525,1.425,1.44,1226400,NaN,NaN,NaN,NaN,NaN,NaN,NaN
1546822800,1.45,1.475,1.45,1.47,587600,NaN,NaN,NaN,NaN,NaN,NaN,NaN
1546909200,1.47,1.4775,1.4575,1.4625,547600,NaN,NaN,NaN,NaN,NaN,NaN,NaN
1546995600,1.465,1.48,1.465,1.475,1453200,NaN,NaN,NaN,NaN,NaN,NaN,NaN
1547082000,1.5,1.5325,1.475,1.5175,588000,NaN,NaN,NaN,NaN,NaN,NaN,NaN
1547168400,1.52,1.5475,1.52,1.5325,424400,NaN,NaN,NaN,NaN,NaN,NaN,NaN
1547427600,1.5325,1.5425,1.5125,1.525,161200,NaN,NaN,NaN,NaN,NaN,NaN,NaN
1547514000,1.5325,1.5325,1.505,1.5175,390000,NaN,NaN,NaN,NaN,NaN,NaN,NaN
1547600400,1.52,1.565,1.515,1.525,948400,NaN,NaN,NaN,NaN,NaN,NaN,NaN
1547686800,1.53,1.63,1.53,1.62,949200,NaN,NaN,NaN,NaN,NaN,NaN,NaN
1547773200,1.6225,1.6725,1.6125,1.6125,304400,NaN,NaN,NaN,NaN,NaN,NaN,NaN
1548118800,1.63,1.675,1.575,1.6475,606800,NaN,NaN,NaN,NaN,NaN,NaN,NaN
1548205200,1.6375,1.6875,1.6125,1.675,720800,NaN,NaN,NaN,NaN,NaN,NaN,NaN
1548291600,1.685,1.7175,1.665,1.675,742000,NaN,NaN,NaN,NaN,NaN,NaN,NaN
1548378000,1.71,1.72,1.7,1.7125,3414000,NaN,NaN,NaN,NaN,NaN,NaN,NaN
1548637200,1.72,1.72,1.6925,1.7075,259200,NaN,NaN,NaN,NaN,NaN,NaN,NaN
1548723600,1.7,1.7,1.625,1.66,196400,NaN,NaN,NaN,NaN,NaN,NaN,NaN
1548810000,1.6625,1.6875,1.65,1.6625,212400,NaN,NaN,NaN,NaN,NaN,NaN,NaN
1548896400,1.675,1.685,1.665,1.6725,542800,NaN,NaN,NaN,NaN,NaN,NaN,NaN
1549242000,1.665,1.705,1.6525,1.6625,1292800,NaN,NaN,NaN,NaN,NaN,NaN,NaN
1549501200,1.66,1.6725,1.6275,1.65,2341200,NaN,NaN,NaN,NaN,NaN,NaN,NaN
1549587600,1.65,1.65,1.6425,1.6425,20800,NaN,NaN,NaN,NaN,NaN,NaN,NaN
1549846800,1.6475,1.65,1.6425,1.6425,372400,NaN,NaN,NaN,NaN,NaN,NaN,NaN
1549933200,1.6575,1.6575,1.6275,1.64,370400,NaN,NaN,NaN,NaN,NaN,NaN,NaN
1550019600,1.65,1.6875,1.64,1.665,1061200,NaN,NaN,NaN,NaN,NaN,NaN,NaN
1550106000,1.665,1.705,1.65,1.69,654800,NaN,NaN,NaN,NaN,NaN,NaN,NaN
1550192400,1.7,1.7325,1.695,1.72,1530800,NaN,NaN,NaN,NaN,NaN,NaN,NaN
1550451600,1.7325,1.75,1.725,1.7425,2423200,NaN,NaN,NaN,NaN,NaN,NaN,NaN
1550538000,1.74,1.7475,1.7225,1.745,424400,NaN,NaN,NaN,NaN,NaN,NaN,NaN
1550624400,1.7475,1.7525,1.725,1.745,1968400,NaN,NaN,NaN,NaN,NaN,NaN,NaN
1550710800,1.76,1.76,1.7325,1.7375,265600,NaN,NaN,NaN,NaN,NaN,NaN,NaN
1550797200,1.7375,1.7375,1.7,1.705,567600,NaN,NaN,NaN,NaN,NaN,NaN,NaN
1551056400,1.7075,1.715,1.67,1.6725,609200,NaN,NaN,NaN,NaN,NaN,NaN,NaN
1551142800,1.6675,1.6925,1.6625,1.6825,238800,NaN,NaN,NaN,NaN,NaN,NaN,NaN
1551229200,1.74,1.755,1.72,1.7525,2771200,NaN,NaN,NaN,NaN,NaN,NaN,NaN
1551315600,1.75,1.755,1.735,1.75,2583600,NaN,NaN,NaN,NaN,NaN,NaN,NaN
1551402000,1.7375,1.76,1.725,1.755,1332000,NaN,NaN,NaN,NaN,NaN,NaN,NaN
1551661200,1.755,1.805,1.745,1.7925,2667200,NaN,NaN,NaN,NaN,NaN,NaN,NaN
1551747600,1.795,1.805,1.78,1.7975,5867600,NaN,NaN,NaN,NaN,NaN,NaN,NaN
1551834000,1.8,1.8375,1.8,1.81,2256400,NaN,NaN,NaN,NaN,NaN,NaN,NaN
1551920400,1.8,1.83,1.8,1.8225,2915600,NaN,NaN,NaN,NaN,NaN,NaN,NaN
1552006800,1.8175,1.825,1.7725,1.8175,2882400,NaN,NaN,NaN,NaN,NaN,NaN,NaN
1552266000,1.805,1.8075,1.8,1.805,960400,NaN,NaN,NaN,NaN,NaN,NaN,NaN
1552352400,1.8025,1.8075,1.8,1.805,958000,NaN,NaN,NaN,NaN,NaN,NaN,NaN
1552438800,1.78,1.7875,1.765,1.7825,958400,NaN,NaN,NaN,NaN,NaN,NaN,NaN
1552525200,1.7775,1.785,1.77,1.7775,1034800,NaN,NaN,NaN,NaN,NaN,NaN,NaN
1552611600,1.7775,1.82,1.7775,1.8025,1249200,NaN,NaN,NaN,NaN,NaN,NaN,NaN
1552870800,1.8025,1.815,1.7925,1.7925,895600,NaN,NaN,NaN,NaN,NaN,NaN,NaN
1552957200,1.7925,1.7925,1.7525,1.7525,1366800,NaN,NaN,NaN,NaN,NaN,NaN,NaN
1553043600,1.76,1.77,1.7525,1.755,590800,NaN,NaN,NaN,NaN,NaN,NaN,NaN
1553130000,1.7625,1.8225,1.76,1.8,1193600,NaN,NaN,NaN,NaN,NaN,NaN,NaN
1553216400,1.8,1.8425,1.8,1.805,1192000,NaN,NaN,NaN,NaN,NaN,NaN,NaN
1553475600,1.7775,1.79,1.7725,1.7875,202800,NaN,NaN,NaN,NaN,NaN,NaN,NaN
1553562000,1.775,1.81,1.77,1.7825,64800,NaN,NaN,NaN,NaN,NaN,NaN,NaN
1553648400,1.7825,1.825,1.78,1.815,874000,NaN,NaN,NaN,NaN,NaN,NaN,NaN
1553734800,1.815,1.83,1.805,1.83,1434400,NaN,NaN,NaN,NaN,NaN,NaN,NaN
1553821200,1.8325,1.8325,1.7925,1.795,209200,1882330000,582190000,142210000,24368000,88956000,437352000,0.801114206128134
1554080400,1.78,1.81,1.775,1.795,411600,NaN,NaN,NaN,NaN,NaN,NaN,NaN
1554166800,1.7825,1.795,1.7525,1.7675,1290000,NaN,NaN,NaN,NaN,NaN,NaN,NaN
1554253200,1.7675,1.7725,1.7525,1.755,5531200,NaN,NaN,NaN,NaN,NaN,NaN,NaN
1554339600,1.755,1.785,1.755,1.775,5092800,NaN,NaN,NaN,NaN,NaN,NaN,NaN
1554426000,1.775,1.8,1.7625,1.79,134400,NaN,NaN,NaN,NaN,NaN,NaN,NaN
1554685200,1.79,1.7925,1.7775,1.785,311200,NaN,NaN,NaN,NaN,NaN,NaN,NaN
1554771600,1.79,1.795,1.77,1.785,819600,NaN,NaN,NaN,NaN,NaN,NaN,NaN
1554858000,1.785,1.785,1.7725,1.7725,114000,NaN,NaN,NaN,NaN,NaN,NaN,NaN
1554944400,1.775,1.7775,1.7625,1.7775,232000,NaN,NaN,NaN,NaN,NaN,NaN,NaN
1555030800,1.7625,1.77,1.7475,1.77,2027600,NaN,NaN,NaN,NaN,NaN,NaN,NaN
1555290000,1.77,1.77,1.765,1.77,1604000,NaN,NaN,NaN,NaN,NaN,NaN,NaN
1555376400,1.77,1.77,1.7625,1.765,672000,NaN,NaN,NaN,NaN,NaN,NaN,NaN
1555462800,1.76,1.7675,1.7575,1.7625,764000,NaN,NaN,NaN,NaN,NaN,NaN,NaN
1555549200,1.7625,1.7825,1.7625,1.78,184400,NaN,NaN,NaN,NaN,NaN,NaN,NaN
1555635600,1.775,1.785,1.7675,1.7675,15200,NaN,NaN,NaN,NaN,NaN,NaN,NaN
1555894800,1.7675,1.7925,1.7675,1.7875,517200,NaN,NaN,NaN,NaN,NaN,NaN,NaN
1555981200,1.795,1.8,1.7875,1.795,327200,NaN,NaN,NaN,NaN,NaN,NaN,NaN
1556067600,1.8,1.82,1.8,1.82,514000,NaN,NaN,NaN,NaN,NaN,NaN,NaN
1556154000,1.82,1.82,1.805,1.8125,109200,NaN,NaN,NaN,NaN,NaN,NaN,NaN
1556240400,1.8125,1.8125,1.7625,1.7975,2071200,NaN,NaN,NaN,NaN,NaN,NaN,NaN
1556499600,1.7925,1.7975,1.7875,1.7925,2511200,NaN,NaN,NaN,NaN,NaN,NaN,NaN
1556586000,1.79,1.8,1.7875,1.7925,1378400,NaN,NaN,NaN,NaN,NaN,NaN,NaN
1556758800,1.8,1.8025,1.79,1.7975,895600,NaN,NaN,NaN,NaN,NaN,NaN,NaN
1556845200,1.7975,1.8,1.67,1.8,679600,NaN,NaN,NaN,NaN,NaN,NaN,NaN
1557104400,1.7975,1.7975,1.75,1.77,985600,NaN,NaN,NaN,NaN,NaN,NaN,NaN
1557190800,1.77,1.7875,1.7675,1.7875,207200,NaN,NaN,NaN,NaN,NaN,NaN,NaN
1557277200,1.755,1.795,1.7525,1.7875,831200,NaN,NaN,NaN,NaN,NaN,NaN,NaN
1557363600,1.7925,1.795,1.7625,1.7625,260400,NaN,NaN,NaN,NaN,NaN,NaN,NaN
1557450000,1.775,1.775,1.7575,1.7625,368800,NaN,NaN,NaN,NaN,NaN,NaN,NaN
1557709200,1.7625,1.7625,1.7425,1.76,398000,NaN,NaN,NaN,NaN,NaN,NaN,NaN
1557795600,1.75,1.7575,1.7375,1.7525,1025600,NaN,NaN,NaN,NaN,NaN,NaN,NaN
1557882000,1.7575,1.7675,1.745,1.7675,2116400,NaN,NaN,NaN,NaN,NaN,NaN,NaN
1557968400,1.7725,1.7875,1.7575,1.7575,361200,NaN,NaN,NaN,NaN,NaN,NaN,NaN
1558054800,1.7575,1.7725,1.755,1.77,294400,NaN,NaN,NaN,NaN,NaN,NaN,NaN
1558400400,1.77,1.775,1.7275,1.755,1488000,NaN,NaN,NaN,NaN,NaN,NaN,NaN
1558573200,1.755,1.755,1.7,1.7125,922000,NaN,NaN,NaN,NaN,NaN,NaN,NaN
1558659600,1.7,1.73,1.7,1.72,1108000,NaN,NaN,NaN,NaN,NaN,NaN,NaN
1558918800,1.7375,1.7375,1.7225,1.7325,268000,NaN,NaN,NaN,NaN,NaN,NaN,NaN
1559005200,1.7375,1.81,1.725,1.81,4103600,NaN,NaN,NaN,NaN,NaN,NaN,NaN
1559091600,1.7875,1.79,1.75,1.78,315600,NaN,NaN,NaN,NaN,NaN,NaN,NaN
1559178000,1.78,1.78,1.78,1.78,2000,NaN,NaN,NaN,NaN,NaN,NaN,NaN
1559264400,1.78,1.78,1.735,1.7475,1029600,NaN,NaN,NaN,NaN,NaN,NaN,NaN
1559523600,1.735,1.7725,1.735,1.77,91200,NaN,NaN,NaN,NaN,NaN,NaN,NaN
1559610000,1.765,1.7675,1.7625,1.7675,160400,NaN,NaN,NaN,NaN,NaN,NaN,NaN
1559869200,1.7525,1.7675,1.75,1.76,205200,NaN,NaN,NaN,NaN,NaN,NaN,NaN
1560128400,1.76,1.76,1.735,1.755,414000,NaN,NaN,NaN,NaN,NaN,NaN,NaN
1560214800,1.7625,1.7725,1.7625,1.7675,72800,NaN,NaN,NaN,NaN,NaN,NaN,NaN
1560301200,1.7675,1.775,1.7575,1.775,54000,NaN,NaN,NaN,NaN,NaN,NaN,NaN
1560387600,1.7725,1.785,1.7725,1.785,220400,NaN,NaN,NaN,NaN,NaN,NaN,NaN
1560474000,1.785,1.785,1.785,1.785,0,NaN,NaN,NaN,NaN,NaN,NaN,NaN
1560733200,1.7575,1.7825,1.755,1.755,23600,NaN,NaN,NaN,NaN,NaN,NaN,NaN
1560819600,1.765,1.775,1.755,1.765,528000,NaN,NaN,NaN,NaN,NaN,NaN,NaN
1560906000,1.7575,1.7575,1.73,1.735,256000,NaN,NaN,NaN,NaN,NaN,NaN,NaN
1560992400,1.73,1.745,1.695,1.7325,730400,NaN,NaN,NaN,NaN,NaN,NaN,NaN
1561078800,1.725,1.7575,1.7225,1.755,378000,NaN,NaN,NaN,NaN,NaN,NaN,NaN
1561338000,1.7275,1.7475,1.7275,1.7475,27600,NaN,NaN,NaN,NaN,NaN,NaN,NaN
1561424400,1.75,1.76,1.7375,1.75,597200,NaN,NaN,NaN,NaN,NaN,NaN,NaN
1561510800,1.75,1.7525,1.7425,1.75,1072800,NaN,NaN,NaN,NaN,NaN,NaN,NaN
1561597200,1.75,1.755,1.7475,1.75,489200,NaN,NaN,NaN,NaN,NaN,NaN,NaN
1561683600,1.745,1.75,1.7425,1.7475,123200,1882980000,599103000,153732000,23654000,89031000,443109000,0.786838340486409
1561942800,1.755,1.77,1.755,1.765,192800,NaN,NaN,NaN,NaN,NaN,NaN,NaN
1562029200,1.7675,1.7675,1.7625,1.765,244400,NaN,NaN,NaN,NaN,NaN,NaN,NaN
1562115600,1.7575,1.7575,1.75,1.755,64400,NaN,NaN,NaN,NaN,NaN,NaN,NaN
1562202000,1.75,1.75,1.74,1.7475,44000,NaN,NaN,NaN,NaN,NaN,NaN,NaN
1562288400,1.7425,1.75,1.7375,1.7475,33600,NaN,NaN,NaN,NaN,NaN,NaN,NaN
1562547600,1.7475,1.7475,1.7325,1.7375,222000,NaN,NaN,NaN,NaN,NaN,NaN,NaN
1562634000,1.7375,1.7375,1.72,1.7325,89200,NaN,NaN,NaN,NaN,NaN,NaN,NaN
1562720400,1.7325,1.7325,1.7275,1.73,102800,NaN,NaN,NaN,NaN,NaN,NaN,NaN
1562806800,1.73,1.745,1.73,1.735,206000,NaN,NaN,NaN,NaN,NaN,NaN,NaN
1562893200,1.745,1.7575,1.7375,1.745,200800,NaN,NaN,NaN,NaN,NaN,NaN,NaN
1563152400,1.7575,1.77,1.7475,1.7575,477200,NaN,NaN,NaN,NaN,NaN,NaN,NaN
1563238800,1.745,1.7475,1.7125,1.7225,802800,NaN,NaN,NaN,NaN,NaN,NaN,NaN
1563325200,1.7225,1.7225,1.7125,1.72,775200,NaN,NaN,NaN,NaN,NaN,NaN,NaN
1563411600,1.7125,1.725,1.7025,1.71,654000,NaN,NaN,NaN,NaN,NaN,NaN,NaN
1563498000,1.72,1.72,1.71,1.715,684000,NaN,NaN,NaN,NaN,NaN,NaN,NaN
1563757200,1.715,1.7375,1.71,1.735,176000,NaN,NaN,NaN,NaN,NaN,NaN,NaN
1563843600,1.725,1.7425,1.72,1.74,834000,NaN,NaN,NaN,NaN,NaN,NaN,NaN
1563930000,1.7425,1.7525,1.7275,1.75,2598400,NaN,NaN,NaN,NaN,NaN,NaN,NaN
1564016400,1.75,1.7625,1.75,1.7625,1938400,NaN,NaN,NaN,NaN,NaN,NaN,NaN
1564102800,1.745,1.7625,1.7375,1.7575,5899600,NaN,NaN,NaN,NaN,NaN,NaN,NaN
1564362000,1.7575,1.7625,1.745,1.75,2946800,NaN,NaN,NaN,NaN,NaN,NaN,NaN
1564534800,1.75,1.75,1.745,1.7475,2769200,NaN,NaN,NaN,NaN,NaN,NaN,NaN
1564621200,1.7375,1.75,1.7325,1.75,5105200,NaN,NaN,NaN,NaN,NaN,NaN,NaN
1564707600,1.75,1.75,1.74,1.7425,702000,NaN,NaN,NaN,NaN,NaN,NaN,NaN
1564966800,1.7375,1.7425,1.735,1.7375,2778000,NaN,NaN,NaN,NaN,NaN,NaN,NaN
1565053200,1.715,1.7475,1.715,1.7475,4307600,NaN,NaN,NaN,NaN,NaN,NaN,NaN
1565139600,1.7475,1.755,1.7475,1.7525,723200,NaN,NaN,NaN,NaN,NaN,NaN,NaN
1565226000,1.75,1.755,1.75,1.755,61200,NaN,NaN,NaN,NaN,NaN,NaN,NaN
1565312400,1.755,1.7575,1.7525,1.755,104000,NaN,NaN,NaN,NaN,NaN,NaN,NaN
1565658000,1.755,1.7575,1.74,1.75,808400,NaN,NaN,NaN,NaN,NaN,NaN,NaN
1565744400,1.755,1.755,1.755,1.755,400,NaN,NaN,NaN,NaN,NaN,NaN,NaN
1565830800,1.725,1.73,1.7175,1.7175,1582000,NaN,NaN,NaN,NaN,NaN,NaN,NaN
1565917200,1.7175,1.745,1.7175,1.73,286000,NaN,NaN,NaN,NaN,NaN,NaN,NaN
1566176400,1.7225,1.7325,1.7225,1.725,775200,NaN,NaN,NaN,NaN,NaN,NaN,NaN
1566262800,1.725,1.725,1.7125,1.715,550000,NaN,NaN,NaN,NaN,NaN,NaN,NaN
1566349200,1.7125,1.735,1.71,1.735,170000,NaN,NaN,NaN,NaN,NaN,NaN,NaN
1566435600,1.7325,1.745,1.7225,1.7375,1700000,NaN,NaN,NaN,NaN,NaN,NaN,NaN
1566522000,1.72,1.7325,1.72,1.72,45200,NaN,NaN,NaN,NaN,NaN,NaN,NaN
1566781200,1.7075,1.7075,1.6525,1.6875,1544800,NaN,NaN,NaN,NaN,NaN,NaN,NaN
1566867600,1.6975,1.785,1.6775,1.785,611200,NaN,NaN,NaN,NaN,NaN,NaN,NaN
1566954000,1.76,1.76,1.7275,1.75,1652000,NaN,NaN,NaN,NaN,NaN,NaN,NaN
1567040400,1.75,1.7575,1.74,1.75,1072400,NaN,NaN,NaN,NaN,NaN,NaN,NaN
1567126800,1.75,1.7525,1.735,1.7475,1105600,NaN,NaN,NaN,NaN,NaN,NaN,NaN
1567472400,1.7275,1.7475,1.7125,1.7175,91600,NaN,NaN,NaN,NaN,NaN,NaN,NaN
1567558800,1.715,1.725,1.705,1.7075,178000,NaN,NaN,NaN,NaN,NaN,NaN,NaN
1567645200,1.71,1.73,1.71,1.73,102400,NaN,NaN,NaN,NaN,NaN,NaN,NaN
1567731600,1.7175,1.74,1.7175,1.7375,586800,NaN,NaN,NaN,NaN,NaN,NaN,NaN
1568077200,1.705,1.755,1.705,1.755,281200,NaN,NaN,NaN,NaN,NaN,NaN,NaN
1568163600,1.75,1.7625,1.75,1.755,85600,NaN,NaN,NaN,NaN,NaN,NaN,NaN
1568250000,1.755,1.7775,1.755,1.77,1118800,NaN,NaN,NaN,NaN,NaN,NaN,NaN
1568336400,1.7675,1.79,1.7675,1.7825,774000,NaN,NaN,NaN,NaN,NaN,NaN,NaN
1568682000,1.78,1.79,1.765,1.7825,350800,NaN,NaN,NaN,NaN,NaN,NaN,NaN
1568768400,1.775,1.8,1.775,1.7975,876400,NaN,NaN,NaN,NaN,NaN,NaN,NaN
1568854800,1.7875,1.8,1.7875,1.7975,108000,NaN,NaN,NaN,NaN,NaN,NaN,NaN
1568941200,1.79,1.8025,1.79,1.8,309200,NaN,NaN,NaN,NaN,NaN,NaN,NaN
1569200400,1.7975,1.8125,1.79,1.8025,230000,NaN,NaN,NaN,NaN,NaN,NaN,NaN
1569286800,1.8025,1.8625,1.8,1.855,1359200,NaN,NaN,NaN,NaN,NaN,NaN,NaN
1569373200,1.85,1.8625,1.835,1.8625,470400,NaN,NaN,NaN,NaN,NaN,NaN,NaN
1569459600,1.8625,1.87,1.8575,1.87,220000,NaN,NaN,NaN,NaN,NaN,NaN,NaN
1569546000,1.87,1.875,1.8625,1.865,159600,NaN,NaN,NaN,NaN,NaN,NaN,NaN
1569805200,1.8625,1.88,1.8625,1.88,284000,1883818400,578977000,119729000,13547000,66509000,457348000,0.731382978723404
1569891600,1.875,1.9425,1.875,1.9375,1094000,NaN,NaN,NaN,NaN,NaN,NaN,NaN
1569978000,1.9425,2.0175,1.9375,2,4040800,NaN,NaN,NaN,NaN,NaN,NaN,NaN
1570064400,1.985,2.02,1.9625,1.99,2030800,NaN,NaN,NaN,NaN,NaN,NaN,NaN
1570150800,2,2.1,2,2.0725,2717600,NaN,NaN,NaN,NaN,NaN,NaN,NaN
1570410000,2.075,2.075,2.0375,2.0525,480400,NaN,NaN,NaN,NaN,NaN,NaN,NaN
1570496400,2.01,2.05,2.005,2.015,654000,NaN,NaN,NaN,NaN,NaN,NaN,NaN
1570582800,2.015,2.015,1.9725,2.0025,2434000,NaN,NaN,NaN,NaN,NaN,NaN,NaN
1570669200,2,2.005,1.965,1.995,241200,NaN,NaN,NaN,NaN,NaN,NaN,NaN
1570755600,1.995,2.015,1.9875,2,951600,NaN,NaN,NaN,NaN,NaN,NaN,NaN
1571014800,2.01,2.01,1.9325,1.975,726400,NaN,NaN,NaN,NaN,NaN,NaN,NaN
1571101200,1.97,2.04,1.97,2.03,1200400,NaN,NaN,NaN,NaN,NaN,NaN,NaN
1571187600,2.0325,2.0775,2.0325,2.0725,1787200,NaN,NaN,NaN,NaN,NaN,NaN,NaN
1571274000,2.0725,2.08,2.0575,2.0725,370000,NaN,NaN,NaN,NaN,NaN,NaN,NaN
1571360400,2.0675,2.07,2.0525,2.0625,1482800,NaN,NaN,NaN,NaN,NaN,NaN,NaN
1571619600,2.0625,2.075,2.0625,2.0725,490000,NaN,NaN,NaN,NaN,NaN,NaN,NaN
1571706000,2.07,2.07,2.025,2.025,554400,NaN,NaN,NaN,NaN,NaN,NaN,NaN
1571792400,2.025,2.0325,2.015,2.0275,1012000,NaN,NaN,NaN,NaN,NaN,NaN,NaN
1571878800,2.0125,2.0225,2.0125,2.0175,193600,NaN,NaN,NaN,NaN,NaN,NaN,NaN
1571965200,1.9,1.96,1.885,1.8975,11335600,NaN,NaN,NaN,NaN,NaN,NaN,NaN
1572310800,1.89,1.89,1.8325,1.8625,2264800,NaN,NaN,NaN,NaN,NaN,NaN,NaN
1572397200,1.8625,1.875,1.86,1.8625,405200,NaN,NaN,NaN,NaN,NaN,NaN,NaN
1572483600,1.86,1.9325,1.86,1.9325,2225600,NaN,NaN,NaN,NaN,NaN,NaN,NaN
1572570000,1.9375,1.94,1.8775,1.9,650400,NaN,NaN,NaN,NaN,NaN,NaN,NaN
1572829200,1.935,1.9375,1.9275,1.9375,212800,NaN,NaN,NaN,NaN,NaN,NaN,NaN
1572915600,1.9375,1.945,1.925,1.925,1789600,NaN,NaN,NaN,NaN,NaN,NaN,NaN
1573002000,1.9425,1.9425,1.9125,1.915,131200,NaN,NaN,NaN,NaN,NaN,NaN,NaN
1573088400,1.915,1.9375,1.915,1.9375,180800,NaN,NaN,NaN,NaN,NaN,NaN,NaN
1573174800,1.945,1.9825,1.945,1.96,1586800,NaN,NaN,NaN,NaN,NaN,NaN,NaN
1573434000,1.9,1.975,1.9,1.975,847200,NaN,NaN,NaN,NaN,NaN,NaN,NaN
1573520400,1.975,1.9825,1.915,1.925,554400,NaN,NaN,NaN,NaN,NaN,NaN,NaN
1573606800,1.925,1.93,1.925,1.9275,102800,NaN,NaN,NaN,NaN,NaN,NaN,NaN
1573693200,1.925,1.945,1.925,1.94,14000,NaN,NaN,NaN,NaN,NaN,NaN,NaN
1573779600,1.9375,1.9425,1.9275,1.9375,2240000,NaN,NaN,NaN,NaN,NaN,NaN,NaN
1574038800,1.9375,1.9725,1.9375,1.9675,83200,NaN,NaN,NaN,NaN,NaN,NaN,NaN
1574125200,1.9425,1.96,1.94,1.96,9200,NaN,NaN,NaN,NaN,NaN,NaN,NaN
1574211600,1.975,1.975,1.9625,1.9625,30800,NaN,NaN,NaN,NaN,NaN,NaN,NaN
1574298000,1.945,1.9625,1.945,1.95,3200,NaN,NaN,NaN,NaN,NaN,NaN,NaN
1574384400,1.945,1.9575,1.925,1.9475,885600,NaN,NaN,NaN,NaN,NaN,NaN,NaN
1574643600,1.9375,1.9375,1.93,1.9375,23600,NaN,NaN,NaN,NaN,NaN,NaN,NaN
1574730000,1.955,2.0475,1.95,2.0475,826400,NaN,NaN,NaN,NaN,NaN,NaN,NaN
1574816400,2,2,1.9825,1.9875,172400,NaN,NaN,NaN,NaN,NaN,NaN,NaN
1574902800,1.975,1.9975,1.94,1.95,132000,NaN,NaN,NaN,NaN,NaN,NaN,NaN
1574989200,1.94,1.9425,1.93,1.9375,127200,NaN,NaN,NaN,NaN,NaN,NaN,NaN
1575248400,1.93,1.935,1.93,1.93,54400,NaN,NaN,NaN,NaN,NaN,NaN,NaN
1575334800,1.93,1.9425,1.9275,1.9425,18800,NaN,NaN,NaN,NaN,NaN,NaN,NaN
1575421200,1.935,1.94,1.9325,1.9375,2333600,NaN,NaN,NaN,NaN,NaN,NaN,NaN
1575507600,1.9375,1.955,1.9375,1.9525,24400,NaN,NaN,NaN,NaN,NaN,NaN,NaN
1575594000,1.94,1.95,1.94,1.94,25600,NaN,NaN,NaN,NaN,NaN,NaN,NaN
1575853200,1.95,1.95,1.9375,1.94,20800,NaN,NaN,NaN,NaN,NaN,NaN,NaN
1575939600,1.9375,1.9575,1.935,1.935,39200,NaN,NaN,NaN,NaN,NaN,NaN,NaN
1576026000,1.935,1.94,1.9275,1.94,228800,NaN,NaN,NaN,NaN,NaN,NaN,NaN
1576112400,1.95,1.9575,1.94,1.9575,78000,NaN,NaN,NaN,NaN,NaN,NaN,NaN
1576198800,1.94,1.9575,1.94,1.955,22800,NaN,NaN,NaN,NaN,NaN,NaN,NaN
1576458000,1.9625,1.9725,1.9625,1.9675,252400,NaN,NaN,NaN,NaN,NaN,NaN,NaN
1576544400,1.9675,1.9875,1.9675,1.975,116800,NaN,NaN,NaN,NaN,NaN,NaN,NaN
1576630800,1.985,1.985,1.985,1.985,22000,NaN,NaN,NaN,NaN,NaN,NaN,NaN
1576717200,1.98,1.9825,1.975,1.975,102800,NaN,NaN,NaN,NaN,NaN,NaN,NaN
1576803600,1.975,1.975,1.96,1.97,246400,NaN,NaN,NaN,NaN,NaN,NaN,NaN
1577062800,1.97,1.9825,1.9675,1.97,220800,NaN,NaN,NaN,NaN,NaN,NaN,NaN
1577149200,1.97,1.97,1.97,1.97,717200,NaN,NaN,NaN,NaN,NaN,NaN,NaN
1577322000,1.97,1.97,1.9625,1.97,1258000,NaN,NaN,NaN,NaN,NaN,NaN,NaN
1577408400,1.97,1.985,1.9675,1.985,870400,NaN,NaN,NaN,NaN,NaN,NaN,NaN
1577667600,1.9875,1.9875,1.9775,1.98,120400,NaN,NaN,NaN,NaN,NaN,NaN,NaN
1577754000,1.98,1.9825,1.9775,1.98,478000,1884018400,616666000,132732000,16511000,95096000,482388000,0.542929292929293
1577926800,1.9775,1.98,1.9775,1.98,11600,NaN,NaN,NaN,NaN,NaN,NaN,NaN
1578013200,1.98,2.0175,1.98,2,1401200,NaN,NaN,NaN,NaN,NaN,NaN,NaN
1578272400,1.9875,2.0125,1.9875,2.0075,1388800,NaN,NaN,NaN,NaN,NaN,NaN,NaN
1578358800,2,2.01,2,2.005,1164000,NaN,NaN,NaN,NaN,NaN,NaN,NaN
1578445200,2,2.005,2,2,2211600,NaN,NaN,NaN,NaN,NaN,NaN,NaN
1578531600,2,2.0025,2,2,315600,NaN,NaN,NaN,NaN,NaN,NaN,NaN
1578618000,2,2.0725,2,2.0725,1043600,NaN,NaN,NaN,NaN,NaN,NaN,NaN
1578877200,2.07,2.1375,2.07,2.125,2294800,NaN,NaN,NaN,NaN,NaN,NaN,NaN
1578963600,2.1125,2.12,2.1075,2.1075,334000,NaN,NaN,NaN,NaN,NaN,NaN,NaN
1579050000,2.1,2.2625,2.1,2.225,4474400,NaN,NaN,NaN,NaN,NaN,NaN,NaN
1579136400,2.225,2.28,2.18,2.2525,8109200,NaN,NaN,NaN,NaN,NaN,NaN,NaN
1579222800,2.2575,2.2775,2.2275,2.2675,4801200,NaN,NaN,NaN,NaN,NaN,NaN,NaN
1579482000,2.275,2.355,2.275,2.33,2840800,NaN,NaN,NaN,NaN,NaN,NaN,NaN
1579568400,2.26,2.33,2.26,2.33,1591600,NaN,NaN,NaN,NaN,NaN,NaN,NaN
1579654800,2.325,2.325,2.2725,2.31,1629200,NaN,NaN,NaN,NaN,NaN,NaN,NaN
1579741200,2.3125,2.3425,2.31,2.3325,5907200,NaN,NaN,NaN,NaN,NaN,NaN,NaN
1579827600,2.325,2.3325,2.3225,2.325,888400,NaN,NaN,NaN,NaN,NaN,NaN,NaN
1580173200,2.295,2.3075,2.28,2.3,528800,NaN,NaN,NaN,NaN,NaN,NaN,NaN
1580259600,2.295,2.3925,2.295,2.3925,3006000,NaN,NaN,NaN,NaN,NaN,NaN,NaN
1580346000,2.39,2.39,2.35,2.3525,590000,NaN,NaN,NaN,NaN,NaN,NaN,NaN
1580432400,2.32,2.345,2.32,2.325,2940000,NaN,NaN,NaN,NaN,NaN,NaN,NaN
1580691600,2.265,2.29,2.2,2.265,2724800,NaN,NaN,NaN,NaN,NaN,NaN,NaN
1580778000,2.265,2.3225,2.265,2.295,469600,NaN,NaN,NaN,NaN,NaN,NaN,NaN
1580864400,2.275,2.35,2.275,2.3425,145600,NaN,NaN,NaN,NaN,NaN,NaN,NaN
1580950800,2.3525,2.355,2.3475,2.35,1042400,NaN,NaN,NaN,NaN,NaN,NaN,NaN
1581037200,2.35,2.375,2.2775,2.315,619200,NaN,NaN,NaN,NaN,NaN,NaN,NaN
1581296400,2.315,2.315,2.24,2.2525,682800,NaN,NaN,NaN,NaN,NaN,NaN,NaN
1581382800,2.25,2.285,2.25,2.275,1484000,NaN,NaN,NaN,NaN,NaN,NaN,NaN
1581469200,2.275,2.275,2.2625,2.27,275600,NaN,NaN,NaN,NaN,NaN,NaN,NaN
1581555600,2.27,2.27,2.2425,2.245,943600,NaN,NaN,NaN,NaN,NaN,NaN,NaN
1581642000,2.25,2.2525,2.2025,2.2375,1918800,NaN,NaN,NaN,NaN,NaN,NaN,NaN
1581901200,2.2375,2.265,2.2175,2.225,739600,NaN,NaN,NaN,NaN,NaN,NaN,NaN
1581987600,2.2225,2.2225,2.1875,2.2,1222800,NaN,NaN,NaN,NaN,NaN,NaN,NaN
1582074000,2.1875,2.22,2.1875,2.2,926000,NaN,NaN,NaN,NaN,NaN,NaN,NaN
1582160400,2.205,2.2125,2.1875,2.2,2635600,NaN,NaN,NaN,NaN,NaN,NaN,NaN
1582246800,2.2,2.2375,2.195,2.23,565600,NaN,NaN,NaN,NaN,NaN,NaN,NaN
1582506000,2.22,2.22,2.1975,2.1975,2426800,NaN,NaN,NaN,NaN,NaN,NaN,NaN
1582592400,2.19,2.21,2.1825,2.205,522800,NaN,NaN,NaN,NaN,NaN,NaN,NaN
1582678800,2.2025,2.21,2.1975,2.2,833200,NaN,NaN,NaN,NaN,NaN,NaN,NaN
1582765200,2.195,2.195,2.1625,2.1675,431200,NaN,NaN,NaN,NaN,NaN,NaN,NaN
1582851600,2.15,2.15,2.07,2.1,2546400,NaN,NaN,NaN,NaN,NaN,NaN,NaN
1583110800,2.06,2.0725,2.06,2.0675,2499600,NaN,NaN,NaN,NaN,NaN,NaN,NaN
1583197200,2.0675,2.1,2.0675,2.0875,2563600,NaN,NaN,NaN,NaN,NaN,NaN,NaN
1583283600,2.0875,2.0875,2.0425,2.0475,943600,NaN,NaN,NaN,NaN,NaN,NaN,NaN
1583370000,2.05,2.0725,2.045,2.0725,312000,NaN,NaN,NaN,NaN,NaN,NaN,NaN
1583456400,2.0725,2.0875,2.0625,2.0675,444400,NaN,NaN,NaN,NaN,NaN,NaN,NaN
1583715600,2.0375,2.0375,1.875,1.985,545200,NaN,NaN,NaN,NaN,NaN,NaN,NaN
1583802000,1.9025,2.0025,1.9025,2,205200,NaN,NaN,NaN,NaN,NaN,NaN,NaN
1583888400,2,2.03,2,2.0125,170400,NaN,NaN,NaN,NaN,NaN,NaN,NaN
1583974800,2,2,1.905,1.95,1026800,NaN,NaN,NaN,NaN,NaN,NaN,NaN
1584061200,1.905,1.9475,1.8775,1.9,2029600,NaN,NaN,NaN,NaN,NaN,NaN,NaN
1584320400,1.875,1.875,1.725,1.74,683600,NaN,NaN,NaN,NaN,NaN,NaN,NaN
1584406800,1.625,1.9,1.5225,1.8675,2166400,NaN,NaN,NaN,NaN,NaN,NaN,NaN
1584493200,1.825,1.825,1.7625,1.77,1362400,NaN,NaN,NaN,NaN,NaN,NaN,NaN
1584579600,1.7675,1.7675,1.65,1.7,1240400,NaN,NaN,NaN,NaN,NaN,NaN,NaN
1584666000,1.7475,1.775,1.625,1.715,1226000,NaN,NaN,NaN,NaN,NaN,NaN,NaN
1584925200,1.625,1.7,1.5875,1.6525,748000,NaN,NaN,NaN,NaN,NaN,NaN,NaN
1585011600,1.665,1.7275,1.665,1.7075,84000,NaN,NaN,NaN,NaN,NaN,NaN,NaN
1585098000,1.7325,1.7675,1.7325,1.765,828400,NaN,NaN,NaN,NaN,NaN,NaN,NaN
1585184400,1.7675,1.7675,1.675,1.74,181600,NaN,NaN,NaN,NaN,NaN,NaN,NaN
1585270800,1.75,1.875,1.72,1.84,1329600,NaN,NaN,NaN,NaN,NaN,NaN,NaN
1585530000,1.775,1.875,1.75,1.775,238000,NaN,NaN,NaN,NaN,NaN,NaN,NaN
1585616400,1.775,1.845,1.775,1.7825,194800,1884158000,646813000,141493000,20044000,90291000,504005000,0.603085553997195
1585702800,1.7825,1.795,1.75,1.765,160000,NaN,NaN,NaN,NaN,NaN,NaN,NaN
1585789200,1.775,1.8375,1.775,1.8375,196800,NaN,NaN,NaN,NaN,NaN,NaN,NaN
1585875600,1.8375,1.875,1.825,1.84,590000,NaN,NaN,NaN,NaN,NaN,NaN,NaN
1586134800,1.8375,1.875,1.835,1.875,127200,NaN,NaN,NaN,NaN,NaN,NaN,NaN
1586221200,1.9,1.925,1.875,1.9125,196400,NaN,NaN,NaN,NaN,NaN,NaN,NaN
1586307600,1.9125,1.9275,1.9125,1.925,822800,NaN,NaN,NaN,NaN,NaN,NaN,NaN
1586394000,1.925,2.075,1.925,2.0275,105600,NaN,NaN,NaN,NaN,NaN,NaN,NaN
1586480400,2,2,1.955,2,138800,NaN,NaN,NaN,NaN,NaN,NaN,NaN
1586739600,2,2,2,2,0,NaN,NaN,NaN,NaN,NaN,NaN,NaN
1586826000,2,2,1.975,1.98,61200,NaN,NaN,NaN,NaN,NaN,NaN,NaN
1586912400,1.98,2.0125,1.98,2.005,727200,NaN,NaN,NaN,NaN,NaN,NaN,NaN
1586998800,1.9625,2.025,1.9625,2.0025,299200,NaN,NaN,NaN,NaN,NaN,NaN,NaN
1587085200,2.025,2.07,2.0225,2.0375,552800,NaN,NaN,NaN,NaN,NaN,NaN,NaN
1587344400,2.0375,2.0375,1.98,2.02,1354800,NaN,NaN,NaN,NaN,NaN,NaN,NaN
1587430800,1.9875,1.9975,1.965,1.9975,122400,NaN,NaN,NaN,NaN,NaN,NaN,NaN
1587517200,1.98,1.98,1.98,1.98,633600,NaN,NaN,NaN,NaN,NaN,NaN,NaN
1587603600,1.975,1.995,1.975,1.995,304000,NaN,NaN,NaN,NaN,NaN,NaN,NaN
1587690000,2,2.01,1.9875,2.01,138400,NaN,NaN,NaN,NaN,NaN,NaN,NaN
1587949200,1.995,2.0125,1.995,2.0125,200400,NaN,NaN,NaN,NaN,NaN,NaN,NaN
1588035600,1.9825,2.0375,1.9825,2.025,1286800,NaN,NaN,NaN,NaN,NaN,NaN,NaN
1588122000,2.0375,2.0475,2.0175,2.04,393200,NaN,NaN,NaN,NaN,NaN,NaN,NaN
1588208400,2.05,2.0725,2.05,2.0725,312000,NaN,NaN,NaN,NaN,NaN,NaN,NaN
1588554000,2.07,2.07,2.0275,2.05,21600,NaN,NaN,NaN,NaN,NaN,NaN,NaN
1588640400,2.0125,2.0525,2.0125,2.05,41200,NaN,NaN,NaN,NaN,NaN,NaN,NaN
1588726800,2.05,2.09,2.05,2.0875,382400,NaN,NaN,NaN,NaN,NaN,NaN,NaN
1588899600,2.0875,2.0875,2.0775,2.0775,42000,NaN,NaN,NaN,NaN,NaN,NaN,NaN
1589245200,2.0625,2.065,2.0275,2.03,92000,NaN,NaN,NaN,NaN,NaN,NaN,NaN
1589331600,2.0275,2.0625,2.0175,2.05,372800,NaN,NaN,NaN,NaN,NaN,NaN,NaN
1589418000,2.05,2.05,2.05,2.05,75200,NaN,NaN,NaN,NaN,NaN,NaN,NaN
1589504400,2.0425,2.0425,2.03,2.035,370000,NaN,NaN,NaN,NaN,NaN,NaN,NaN
1589763600,2.0375,2.0375,1.9775,2,976000,NaN,NaN,NaN,NaN,NaN,NaN,NaN
1589850000,1.98,2.0075,1.98,2,1378800,NaN,NaN,NaN,NaN,NaN,NaN,NaN
1589936400,1.9875,2.0025,1.9875,1.9975,28800,NaN,NaN,NaN,NaN,NaN,NaN,NaN
1590022800,1.99,2.05,1.99,2,727200,NaN,NaN,NaN,NaN,NaN,NaN,NaN
1590109200,2,2.0225,1.995,2.0225,98000,NaN,NaN,NaN,NaN,NaN,NaN,NaN
1590541200,2.0175,2.0375,2.005,2.0375,661200,NaN,NaN,NaN,NaN,NaN,NaN,NaN
1590627600,2.0375,2.04,2.0125,2.025,804800,NaN,NaN,NaN,NaN,NaN,NaN,NaN
1590714000,2.0375,2.215,2.01,2.15,3815600,NaN,NaN,NaN,NaN,NaN,NaN,NaN
1590973200,2.15,2.15,2.0925,2.125,2182800,NaN,NaN,NaN,NaN,NaN,NaN,NaN
1591059600,2.1225,2.1875,2.0575,2.1875,1467200,NaN,NaN,NaN,NaN,NaN,NaN,NaN
1591146000,2.1875,2.2075,2.125,2.13,676000,NaN,NaN,NaN,NaN,NaN,NaN,NaN
1591232400,2.15,2.2,2.08,2.08,886000,NaN,NaN,NaN,NaN,NaN,NaN,NaN
1591318800,2.1225,2.175,2.115,2.115,239200,NaN,NaN,NaN,NaN,NaN,NaN,NaN
1591664400,2.115,2.14,2.0825,2.14,1282000,NaN,NaN,NaN,NaN,NaN,NaN,NaN
1591750800,2.1425,2.2075,2.1425,2.2075,778400,NaN,NaN,NaN,NaN,NaN,NaN,NaN
1591837200,2.22,2.245,2.1475,2.17,824000,NaN,NaN,NaN,NaN,NaN,NaN,NaN
1591923600,2.12,2.1725,2.075,2.16,614400,NaN,NaN,NaN,NaN,NaN,NaN,NaN
1592182800,2.1275,2.1975,2.1275,2.15,2109600,NaN,NaN,NaN,NaN,NaN,NaN,NaN
1592269200,2.13,2.175,2.1275,2.1475,339600,NaN,NaN,NaN,NaN,NaN,NaN,NaN
1592355600,2.1475,2.155,2.145,2.1475,778000,NaN,NaN,NaN,NaN,NaN,NaN,NaN
1592442000,2.135,2.19,2.135,2.18,673600,NaN,NaN,NaN,NaN,NaN,NaN,NaN
1592528400,2.1975,2.25,2.14,2.1625,812800,NaN,NaN,NaN,NaN,NaN,NaN,NaN
1592787600,2.165,2.1975,2.1625,2.17,108800,NaN,NaN,NaN,NaN,NaN,NaN,NaN
1592874000,2.2,2.225,2.17,2.2,650800,NaN,NaN,NaN,NaN,NaN,NaN,NaN
1592960400,2.195,2.3,2.195,2.2875,1186400,NaN,NaN,NaN,NaN,NaN,NaN,NaN
1593046800,2.285,2.3,2.255,2.3,385200,NaN,NaN,NaN,NaN,NaN,NaN,NaN
1593133200,2.3,2.315,2.3,2.3125,823600,NaN,NaN,NaN,NaN,NaN,NaN,NaN
1593392400,2.3,2.3,2.2825,2.2875,100800,NaN,NaN,NaN,NaN,NaN,NaN,NaN
1593478800,2.3,2.3,2.2525,2.285,491200,1884475200,658897000,143853000,23942000,96546000,513943999.99999994,0.498030634573304
1593565200,2.2975,2.3575,2.295,2.3575,717200,NaN,NaN,NaN,NaN,NaN,NaN,NaN
1593651600,2.3575,2.3725,2.3275,2.3375,546800,NaN,NaN,NaN,NaN,NaN,NaN,NaN
1593738000,2.3375,2.3775,2.3375,2.375,950800,NaN,NaN,NaN,NaN,NaN,NaN,NaN
1593997200,2.375,2.4125,2.36,2.4,1662400,NaN,NaN,NaN,NaN,NaN,NaN,NaN
1594083600,2.4075,2.615,2.4075,2.545,3883600,NaN,NaN,NaN,NaN,NaN,NaN,NaN
1594170000,2.55,2.595,2.54,2.56,2111200,NaN,NaN,NaN,NaN,NaN,NaN,NaN
1594256400,2.575,2.615,2.55,2.555,1508800,NaN,NaN,NaN,NaN,NaN,NaN,NaN
1594342800,2.535,2.535,2.475,2.475,1292000,NaN,NaN,NaN,NaN,NaN,NaN,NaN
1594602000,2.475,2.6,2.47,2.595,956000,NaN,NaN,NaN,NaN,NaN,NaN,NaN
1594688400,2.6,2.62,2.495,2.5,1537600,NaN,NaN,NaN,NaN,NaN,NaN,NaN
1594774800,2.505,2.535,2.495,2.5,858400,NaN,NaN,NaN,NaN,NaN,NaN,NaN
1594861200,2.5,2.54,2.455,2.4975,510000,NaN,NaN,NaN,NaN,NaN,NaN,NaN
1594947600,2.5,2.545,2.4925,2.51,266400,NaN,NaN,NaN,NaN,NaN,NaN,NaN
1595206800,2.51,2.535,2.455,2.51,1476400,NaN,NaN,NaN,NaN,NaN,NaN,NaN
1595293200,2.54,2.575,2.495,2.55,1234000,NaN,NaN,NaN,NaN,NaN,NaN,NaN
1595379600,2.55,2.585,2.495,2.5,1987200,NaN,NaN,NaN,NaN,NaN,NaN,NaN
1595466000,2.51,2.525,2.47,2.4925,1175600,NaN,NaN,NaN,NaN,NaN,NaN,NaN
1595552400,2.475,2.56,2.475,2.54,857600,NaN,NaN,NaN,NaN,NaN,NaN,NaN
1595811600,2.575,2.575,2.4975,2.57,1320000,NaN,NaN,NaN,NaN,NaN,NaN,NaN
1595898000,2.55,2.87,2.55,2.855,3878000,NaN,NaN,NaN,NaN,NaN,NaN,NaN
1595984400,2.85,2.96,2.65,2.96,2976000,NaN,NaN,NaN,NaN,NaN,NaN,NaN
1596070800,2.96,3.07,2.905,3.07,4537200,NaN,NaN,NaN,NaN,NaN,NaN,NaN
1596416400,3.065,3.065,2.93,3,2230800,NaN,NaN,NaN,NaN,NaN,NaN,NaN
1596502800,3.005,3.125,3.005,3.065,2433600,NaN,NaN,NaN,NaN,NaN,NaN,NaN
1596589200,3.065,3.12,3.065,3.07,623200,NaN,NaN,NaN,NaN,NaN,NaN,NaN
1596675600,3.075,3.09,2.875,3.07,1656400,NaN,NaN,NaN,NaN,NaN,NaN,NaN
1596762000,3.07,3.07,3,3,579600,NaN,NaN,NaN,NaN,NaN,NaN,NaN
1597021200,3,3.005,2.9,2.9,582000,NaN,NaN,NaN,NaN,NaN,NaN,NaN
1597107600,2.905,2.91,2.83,2.845,734800,NaN,NaN,NaN,NaN,NaN,NaN,NaN
1597194000,2.82,2.975,2.625,2.95,867600,NaN,NaN,NaN,NaN,NaN,NaN,NaN
1597280400,2.95,2.995,2.95,2.995,1053600,NaN,NaN,NaN,NaN,NaN,NaN,NaN
1597366800,2.995,2.995,2.875,2.925,218800,NaN,NaN,NaN,NaN,NaN,NaN,NaN
1597626000,2.865,2.985,2.75,2.985,531200,NaN,NaN,NaN,NaN,NaN,NaN,NaN
1597712400,2.985,3.02,2.98,3,1094000,NaN,NaN,NaN,NaN,NaN,NaN,NaN
1597798800,3.02,3.045,2.96,3.02,336800,NaN,NaN,NaN,NaN,NaN,NaN,NaN
1597971600,3.025,3.045,3,3.02,698800,NaN,NaN,NaN,NaN,NaN,NaN,NaN
1598230800,3.02,3.11,3.01,3.1,2272400,NaN,NaN,NaN,NaN,NaN,NaN,NaN
1598317200,3.075,3.12,3.025,3.1,1334800,NaN,NaN,NaN,NaN,NaN,NaN,NaN
1598403600,3.095,3.125,3.075,3.125,1548000,NaN,NaN,NaN,NaN,NaN,NaN,NaN
1598490000,3.1,3.135,3.1,3.135,1919600,NaN,NaN,NaN,NaN,NaN,NaN,NaN
1598576400,3.125,3.155,3.025,3.025,1197600,NaN,NaN,NaN,NaN,NaN,NaN,NaN
1598922000,3.03,3.12,3.03,3.095,1040800,NaN,NaN,NaN,NaN,NaN,NaN,NaN
1599008400,3.115,3.125,3.085,3.125,902400,NaN,NaN,NaN,NaN,NaN,NaN,NaN
1599094800,3.135,3.245,3.135,3.205,767600,NaN,NaN,NaN,NaN,NaN,NaN,NaN
1599181200,3.205,3.205,3,3.125,706400,NaN,NaN,NaN,NaN,NaN,NaN,NaN
1599440400,3.125,3.125,3.035,3.125,439200,NaN,NaN,NaN,NaN,NaN,NaN,NaN
1599526800,3.08,3.16,3.08,3.125,976000,NaN,NaN,NaN,NaN,NaN,NaN,NaN
1599613200,3.04,3.11,3.035,3.075,1352000,NaN,NaN,NaN,NaN,NaN,NaN,NaN
1599699600,3.08,3.105,2.925,2.95,1080800,NaN,NaN,NaN,NaN,NaN,NaN,NaN
1599786000,2.925,3.065,2.915,3.065,2019200,NaN,NaN,NaN,NaN,NaN,NaN,NaN
1600045200,3.025,3.21,3.02,3.195,972000,NaN,NaN,NaN,NaN,NaN,NaN,NaN
1600131600,3.195,3.215,3.165,3.21,1022000,NaN,NaN,NaN,NaN,NaN,NaN,NaN
1600304400,3.22,3.315,3.14,3.315,4532800,NaN,NaN,NaN,NaN,NaN,NaN,NaN
1600390800,3.315,3.335,3.145,3.15,3238400,NaN,NaN,NaN,NaN,NaN,NaN,NaN
1600650000,3.24,3.24,3.085,3.2,1999600,NaN,NaN,NaN,NaN,NaN,NaN,NaN
1600736400,3.105,3.195,3.105,3.15,1751600,NaN,NaN,NaN,NaN,NaN,NaN,NaN
1600822800,3.155,3.19,3.135,3.15,2649200,NaN,NaN,NaN,NaN,NaN,NaN,NaN
1600909200,3.15,3.195,3.135,3.15,2417200,NaN,NaN,NaN,NaN,NaN,NaN,NaN
1600995600,3.175,3.18,3.15,3.175,57600,NaN,NaN,NaN,NaN,NaN,NaN,NaN
1601254800,3.195,3.2,3.15,3.195,194000,NaN,NaN,NaN,NaN,NaN,NaN,NaN
1601341200,3.2,3.2,3.155,3.175,228800,NaN,NaN,NaN,NaN,NaN,NaN,NaN
1601427600,3.175,3.175,3.05,3.05,476400,1887795200,694625000,148733000,32439000,123748000,544960000,0.373114754098361
1601514000,3.065,3.19,3.065,3.16,1534400,NaN,NaN,NaN,NaN,NaN,NaN,NaN
1601600400,3.185,3.2,3.15,3.15,1699200,NaN,NaN,NaN,NaN,NaN,NaN,NaN
1601859600,3.15,3.2,3.15,3.17,685200,NaN,NaN,NaN,NaN,NaN,NaN,NaN
1601946000,3.195,3.275,3.155,3.225,1279600,NaN,NaN,NaN,NaN,NaN,NaN,NaN
1602032400,3.225,3.235,3.215,3.215,285600,NaN,NaN,NaN,NaN,NaN,NaN,NaN
1602118800,3.215,3.295,3.215,3.26,914400,NaN,NaN,NaN,NaN,NaN,NaN,NaN
1602205200,3.255,3.29,3.225,3.24,166000,NaN,NaN,NaN,NaN,NaN,NaN,NaN
1602464400,3.24,3.245,3.205,3.205,130000,NaN,NaN,NaN,NaN,NaN,NaN,NaN
1602550800,3.235,3.265,3.185,3.26,158400,NaN,NaN,NaN,NaN,NaN,NaN,NaN
1602637200,3.25,3.26,3.25,3.26,1058400,NaN,NaN,NaN,NaN,NaN,NaN,NaN
1602723600,3.255,3.275,3.25,3.25,180800,NaN,NaN,NaN,NaN,NaN,NaN,NaN
1602810000,3.255,3.31,3.255,3.3,384000,NaN,NaN,NaN,NaN,NaN,NaN,NaN
1603069200,3.3,3.4,3.3,3.37,883600,NaN,NaN,NaN,NaN,NaN,NaN,NaN
1603155600,3.375,3.625,3.375,3.45,1804000,NaN,NaN,NaN,NaN,NaN,NaN,NaN
1603242000,3.495,3.525,3.45,3.45,414800,NaN,NaN,NaN,NaN,NaN,NaN,NaN
1603328400,3.455,3.495,3.455,3.485,82800,NaN,NaN,NaN,NaN,NaN,NaN,NaN
1603414800,3.52,3.715,3.52,3.53,4943200,NaN,NaN,NaN,NaN,NaN,NaN,NaN
1603674000,3.56,3.725,3.56,3.65,742800,NaN,NaN,NaN,NaN,NaN,NaN,NaN
1603760400,3.65,3.735,3.625,3.64,925600,NaN,NaN,NaN,NaN,NaN,NaN,NaN
1603846800,3.65,3.705,3.625,3.625,537200,NaN,NaN,NaN,NaN,NaN,NaN,NaN
1604019600,3.67,3.67,3.53,3.55,906400,NaN,NaN,NaN,NaN,NaN,NaN,NaN
1604278800,3.535,3.54,3.475,3.475,1056400,NaN,NaN,NaN,NaN,NaN,NaN,NaN
1604365200,3.5,3.575,3.5,3.52,488800,NaN,NaN,NaN,NaN,NaN,NaN,NaN
1604451600,3.525,3.53,3.49,3.5,415600,NaN,NaN,NaN,NaN,NaN,NaN,NaN
1604538000,3.52,3.65,3.505,3.65,1181200,NaN,NaN,NaN,NaN,NaN,NaN,NaN
1604624400,3.655,3.77,3.655,3.755,1181200,NaN,NaN,NaN,NaN,NaN,NaN,NaN
1604883600,3.76,3.875,3.76,3.87,914000,NaN,NaN,NaN,NaN,NaN,NaN,NaN
1604970000,3.875,3.875,3.775,3.825,810400,NaN,NaN,NaN,NaN,NaN,NaN,NaN
1605056400,3.83,3.84,3.725,3.75,998400,NaN,NaN,NaN,NaN,NaN,NaN,NaN
1605142800,3.825,3.835,3.795,3.815,269600,NaN,NaN,NaN,NaN,NaN,NaN,NaN
1605229200,3.815,3.845,3.7,3.79,596000,NaN,NaN,NaN,NaN,NaN,NaN,NaN
1605488400,3.825,3.835,3.78,3.79,414000,NaN,NaN,NaN,NaN,NaN,NaN,NaN
1605574800,3.79,3.79,3.725,3.725,130800,NaN,NaN,NaN,NaN,NaN,NaN,NaN
1605661200,3.725,3.79,3.72,3.74,240000,NaN,NaN,NaN,NaN,NaN,NaN,NaN
1605747600,3.75,3.785,3.74,3.77,475200,NaN,NaN,NaN,NaN,NaN,NaN,NaN
1605834000,3.765,3.795,3.73,3.765,72800,NaN,NaN,NaN,NaN,NaN,NaN,NaN
1606093200,3.765,3.8,3.725,3.725,292400,NaN,NaN,NaN,NaN,NaN,NaN,NaN
1606179600,3.725,3.755,3.625,3.625,2363600,NaN,NaN,NaN,NaN,NaN,NaN,NaN
1606266000,3.725,3.725,3.575,3.64,400800,NaN,NaN,NaN,NaN,NaN,NaN,NaN
1606352400,3.65,3.67,3.63,3.63,361600,NaN,NaN,NaN,NaN,NaN,NaN,NaN
1606438800,3.63,3.8,3.63,3.725,454000,NaN,NaN,NaN,NaN,NaN,NaN,NaN
1606698000,3.8,3.8,3.525,3.8,1056800,NaN,NaN,NaN,NaN,NaN,NaN,NaN
1606784400,3.80000023,3.80000023,3.72000022,3.75000023,264799.98399033,NaN,NaN,NaN,NaN,NaN,NaN,NaN
1606870800,3.73000023,3.75000023,3.70000022,3.70000022,772799.95327691,NaN,NaN,NaN,NaN,NaN,NaN,NaN
1606957200,3.75000023,3.77500023,3.72500023,3.75000023,465199.97187425,NaN,NaN,NaN,NaN,NaN,NaN,NaN
1607043600,3.77500023,3.77500023,3.72500023,3.76000023,171199.98964934,NaN,NaN,NaN,NaN,NaN,NaN,NaN
1607302800,3.77500023,3.88000023,3.73500023,3.82500023,673199.95929867,NaN,NaN,NaN,NaN,NaN,NaN,NaN
1607389200,3.82500023,3.84500023,3.77500023,3.77500023,467999.97170496,NaN,NaN,NaN,NaN,NaN,NaN,NaN
1607475600,3.82500023,3.82500023,3.73000023,3.80000023,251199.98481258,NaN,NaN,NaN,NaN,NaN,NaN,NaN
1607562000,3.82000023,3.82500023,3.67500022,3.69500022,1320799.92014511,NaN,NaN,NaN,NaN,NaN,NaN,NaN
1607648400,3.69000022,3.73000023,3.68000022,3.69000022,290399.98244257,NaN,NaN,NaN,NaN,NaN,NaN,NaN
1607907600,3.72500023,3.72500023,3.55500021,3.56500022,823599.95020557,NaN,NaN,NaN,NaN,NaN,NaN,NaN
1607994000,3.57500022,3.60000022,3.56000022,3.56000022,1164399.92960098,NaN,NaN,NaN,NaN,NaN,NaN,NaN
1608080400,3.56500022,3.60000022,3.56500022,3.57500022,1173599.92904475,NaN,NaN,NaN,NaN,NaN,NaN,NaN
1608166800,3.62000022,3.62000022,3.56000022,3.57000022,265999.98391778,NaN,NaN,NaN,NaN,NaN,NaN,NaN
1608253200,3.57500022,3.62500022,3.57000022,3.60500022,1329599.91961307,NaN,NaN,NaN,NaN,NaN,NaN,NaN
1608512400,3.66500022,3.66500022,3.58000022,3.60000022,489199.97042322,NaN,NaN,NaN,NaN,NaN,NaN,NaN
1608598800,3.60000022,3.61500022,3.59500022,3.60000022,377599.9771705,NaN,NaN,NaN,NaN,NaN,NaN,NaN
1608685200,3.62500022,3.62500022,3.58500022,3.60000022,307199.98142685,NaN,NaN,NaN,NaN,NaN,NaN,NaN
1608771600,3.60000022,3.63000022,3.59000022,3.61500022,185599.98877872,NaN,NaN,NaN,NaN,NaN,NaN,NaN
1609117200,3.61500022,3.69500022,3.61500022,3.67500022,177599.9892624,NaN,NaN,NaN,NaN,NaN,NaN,NaN
1609203600,3.65500022,3.71500022,3.65500022,3.70500022,299599.98188634,NaN,NaN,NaN,NaN,NaN,NaN,NaN
1609290000,3.70500022,3.71500022,3.66000022,3.66000022,423599.97438936,NaN,NaN,NaN,NaN,NaN,NaN,NaN
1609376400,3.66000022,3.67500022,3.62000022,3.67500022,214399.98703749,1888228000,759967000,190159000,36190000,159794000,569008000,0.388027210884354
1609722000,3.69500022,3.69500022,3.59500022,3.62500022,544399.96708586,NaN,NaN,NaN,NaN,NaN,NaN,NaN
1609808400,3.63000022,3.64000022,3.60000022,3.64000022,134399.99187425,NaN,NaN,NaN,NaN,NaN,NaN,NaN
1609894800,3.62500022,3.62500022,3.60000022,3.60000022,74399.99550181,NaN,NaN,NaN,NaN,NaN,NaN,NaN
1609981200,3.57500022,3.58500022,3.47500021,3.52500021,568399.96563483,NaN,NaN,NaN,NaN,NaN,NaN,NaN
1610067600,3.54500021,3.59500022,3.3900002,3.44000021,1467999.91124548,NaN,NaN,NaN,NaN,NaN,NaN,NaN
1610326800,3.44000021,3.52000021,3.39500021,3.48500021,257599.98442564,NaN,NaN,NaN,NaN,NaN,NaN,NaN
1610413200,3.48500021,3.65500022,3.48000021,3.60000022,859199.94805321,NaN,NaN,NaN,NaN,NaN,NaN,NaN
1610499600,3.65000022,3.75000023,3.64000022,3.73500023,1997599.87922613,NaN,NaN,NaN,NaN,NaN,NaN,NaN
1610586000,3.76500023,3.80000023,3.74500023,3.77500023,1725999.89564693,NaN,NaN,NaN,NaN,NaN,NaN,NaN
1610672400,3.77500023,3.79500023,3.74000023,3.78000023,681199.958815,NaN,NaN,NaN,NaN,NaN,NaN,NaN
1610931600,3.80000023,3.87000023,3.78000023,3.85000023,2541599.84633617,NaN,NaN,NaN,NaN,NaN,NaN,NaN
1611018000,3.87500023,3.95000024,3.84500023,3.85000023,1817999.89008466,NaN,NaN,NaN,NaN,NaN,NaN,NaN
1611104400,3.85000023,4.12000025,3.85000023,3.95500024,3321999.79915359,NaN,NaN,NaN,NaN,NaN,NaN,NaN
1611190800,3.95500024,4.075,3.92000024,3.97500024,1594799.90357921,NaN,NaN,NaN,NaN,NaN,NaN,NaN
1611277200,4.00000024,4.22500026,4.00000024,4.2,3987599.75891176,NaN,NaN,NaN,NaN,NaN,NaN,NaN
1611536400,4.2,4.2,4.075,4.10000025,1685199.89811368,NaN,NaN,NaN,NaN,NaN,NaN,NaN
1611622800,4.12500025,4.13000025,4.0900005,4.1100005,1291199.92193471,NaN,NaN,NaN,NaN,NaN,NaN,NaN
1611709200,4.1100005,4.15000025,4.08000025,4.1100005,1817599.89010884,NaN,NaN,NaN,NaN,NaN,NaN,NaN
1611882000,4.1100005,4.1550005,4.08000025,4.15000025,1156399.93008465,NaN,NaN,NaN,NaN,NaN,NaN,NaN
1612227600,4.15000025,4.24500026,4.10500025,4.1950005,1132399.93153568,NaN,NaN,NaN,NaN,NaN,NaN,NaN
1612314000,4.1950005,4.42000027,4.1950005,4.35000026,1688799.89789602,NaN,NaN,NaN,NaN,NaN,NaN,NaN
1612400400,4.43000002,4.47500027,4.34500001,4.34500001,1347199.91854898,NaN,NaN,NaN,NaN,NaN,NaN,NaN
1612486800,4.35000026,4.39500027,4.34000051,4.36500001,340399.97941959,NaN,NaN,NaN,NaN,NaN,NaN,NaN
1612746000,4.40000027,4.40000027,4.31500026,4.32500001,209599.98732769,NaN,NaN,NaN,NaN,NaN,NaN,NaN
1612832400,4.30500001,4.34500001,4.24000001,4.29500026,525599.96822249,NaN,NaN,NaN,NaN,NaN,NaN,NaN
1612918800,4.25500026,4.30000051,4.2,4.25000026,484399.97071343,NaN,NaN,NaN,NaN,NaN,NaN,NaN
1613005200,4.25000026,4.32000051,4.25000026,4.32000051,48399.99707376,NaN,NaN,NaN,NaN,NaN,NaN,NaN
1613350800,4.34500001,4.49000002,4.34500001,4.46000027,615199.96280532,NaN,NaN,NaN,NaN,NaN,NaN,NaN
1613437200,4.47000002,4.47000002,4.42500052,4.45500027,325599.98031439,NaN,NaN,NaN,NaN,NaN,NaN,NaN
1613523600,4.49500027,4.50000027,4.40500052,4.42000027,1393599.91574366,NaN,NaN,NaN,NaN,NaN,NaN,NaN
1613610000,4.40500052,4.41500027,4.27500026,4.30000051,646799.96089481,NaN,NaN,NaN,NaN,NaN,NaN,NaN
1613696400,4.35000026,4.45000002,4.22500026,4.45000002,1052799.93634825,NaN,NaN,NaN,NaN,NaN,NaN,NaN
1613955600,4.45000002,4.45000002,4.22500026,4.25000026,1326399.91980654,NaN,NaN,NaN,NaN,NaN,NaN,NaN
1614042000,4.20500025,4.32500001,4.20500025,4.25500026,2425199.85337366,NaN,NaN,NaN,NaN,NaN,NaN,NaN
1614128400,4.25500026,4.30000051,4.2150005,4.30000051,655599.96036276,NaN,NaN,NaN,NaN,NaN,NaN,NaN
1614214800,4.36500001,4.54000027,4.2,4.36500001,3355999.79709797,NaN,NaN,NaN,NaN,NaN,NaN,NaN
1614301200,4.36500001,4.36500001,4.22000001,4.30000051,2930399.82282953,NaN,NaN,NaN,NaN,NaN,NaN,NaN
1614560400,4.35000026,4.35000026,4.05000049,4.055,1144399.93081017,NaN,NaN,NaN,NaN,NaN,NaN,NaN
1614646800,4.08000025,4.27000026,4.08000025,4.15000025,1043599.93690448,NaN,NaN,NaN,NaN,NaN,NaN,NaN
1614733200,4.16500025,4.25000026,4.05000049,4.1750005,503599.9695526,NaN,NaN,NaN,NaN,NaN,NaN,NaN
1614819600,4.16,4.16,4.02500024,4.0700005,624399.9622491,NaN,NaN,NaN,NaN,NaN,NaN,NaN
1614906000,4.01499999,4.19000025,3.93000024,3.95500024,407199.9753809,NaN,NaN,NaN,NaN,NaN,NaN,NaN
1615165200,3.95500024,3.95500024,3.65000022,3.65000022,951199.94249094,NaN,NaN,NaN,NaN,NaN,NaN,NaN
1615251600,3.64500022,3.85000023,3.48500021,3.62500022,2846399.82790812,NaN,NaN,NaN,NaN,NaN,NaN,NaN
1615338000,3.75000023,3.78000023,3.51500021,3.53000021,1447199.91250303,NaN,NaN,NaN,NaN,NaN,NaN,NaN
1615424400,3.55000021,3.72000022,3.53000021,3.71500022,1245599.92469167,NaN,NaN,NaN,NaN,NaN,NaN,NaN
1615510800,3.75000023,3.78000023,3.63500022,3.67500022,685999.95852479,NaN,NaN,NaN,NaN,NaN,NaN,NaN
1615770000,3.72500023,3.72500023,3.56000022,3.61000022,493999.97013301,NaN,NaN,NaN,NaN,NaN,NaN,NaN
1615856400,3.60000022,3.70000022,3.57000022,3.68000022,1121999.93216446,NaN,NaN,NaN,NaN,NaN,NaN,NaN
1615942800,3.72500023,3.72500023,3.62500022,3.67000022,775999.95308344,NaN,NaN,NaN,NaN,NaN,NaN,NaN
1616029200,3.70000022,3.78000023,3.69500022,3.72500023,1741199.89472794,NaN,NaN,NaN,NaN,NaN,NaN,NaN
1616115600,3.72500023,3.83000023,3.64000022,3.83000023,1520399.9080774,NaN,NaN,NaN,NaN,NaN,NaN,NaN
1616374800,3.83000023,3.83000023,3.72500023,3.74500023,665999.95973398,NaN,NaN,NaN,NaN,NaN,NaN,NaN
1616461200,3.80000023,3.80000023,3.68000022,3.69500022,860799.94795648,NaN,NaN,NaN,NaN,NaN,NaN,NaN
1616547600,3.69000022,3.74500023,3.67500022,3.70000022,1161599.92977026,NaN,NaN,NaN,NaN,NaN,NaN,NaN
1616634000,3.74500023,3.74500023,3.60000022,3.62000022,577599.9650786,NaN,NaN,NaN,NaN,NaN,NaN,NaN
1616720400,3.61000022,3.67000022,3.61000022,3.62500022,987199.9403144,NaN,NaN,NaN,NaN,NaN,NaN,NaN
1616979600,3.67000022,3.71500022,3.63500022,3.69000022,580399.96490932,NaN,NaN,NaN,NaN,NaN,NaN,NaN
1617066000,3.69500022,3.80000023,3.69000022,3.70000022,1820799.88991537,NaN,NaN,NaN,NaN,NaN,NaN,NaN
1617152400,3.70000022,3.74000023,3.70000022,3.73500023,1087999.93422008,1888468400,815023000,213450000,30956000,129882000,600856000,0.381793842034806
1617238800,3.75000023,3.95000024,3.75000023,3.92000024,1863599.8873277,NaN,NaN,NaN,NaN,NaN,NaN,NaN
1617325200,3.95000024,4.12500025,3.95000024,4.075,1461999.91160823,NaN,NaN,NaN,NaN,NaN,NaN,NaN
1617584400,4.075,4.12500025,4.00500024,4.075,797199.9518017,NaN,NaN,NaN,NaN,NaN,NaN,NaN
1617670800,4.12500025,4.16500025,3.90500024,3.92500024,890799.94614269,NaN,NaN,NaN,NaN,NaN,NaN,NaN
1617757200,4.00000024,4.10000025,3.95500024,4.01000049,271999.98355502,NaN,NaN,NaN,NaN,NaN,NaN,NaN
1617843600,4.02500024,4.03000049,3.93500024,3.97500024,184399.98885127,NaN,NaN,NaN,NaN,NaN,NaN,NaN
1617930000,3.97500024,4.075,3.97500024,3.99500024,101999.99383313,NaN,NaN,NaN,NaN,NaN,NaN,NaN
1618189200,4.00000024,4.075,3.96500024,4.075,139199.99158404,NaN,NaN,NaN,NaN,NaN,NaN,NaN
1618275600,4.0700005,4.075,3.92500024,3.92500024,915199.94466748,NaN,NaN,NaN,NaN,NaN,NaN,NaN
1618362000,4.05000049,4.06500025,3.95500024,3.97500024,321999.98053205,NaN,NaN,NaN,NaN,NaN,NaN,NaN
1618448400,3.97500024,3.97500024,3.92500024,3.95000024,359599.97825877,NaN,NaN,NaN,NaN,NaN,NaN,NaN
1618534800,3.95000024,4.04000024,3.95000024,3.95500024,587999.96444982,NaN,NaN,NaN,NaN,NaN,NaN,NaN
1618794000,3.91500024,3.98500024,3.91500024,3.95000024,202399.987763,NaN,NaN,NaN,NaN,NaN,NaN,NaN
1618880400,3.97500024,4.03499999,3.94500024,3.97000024,154799.99064087,NaN,NaN,NaN,NaN,NaN,NaN,NaN
1618966800,3.92500024,3.97000024,3.90500024,3.95000024,349199.97888755,NaN,NaN,NaN,NaN,NaN,NaN,NaN
1619053200,3.95000024,4.10000025,3.95000024,4.02000024,383999.97678356,NaN,NaN,NaN,NaN,NaN,NaN,NaN
1619139600,4.03000049,4.17000025,4.00500024,4.02000024,1161199.92979445,NaN,NaN,NaN,NaN,NaN,NaN,NaN
1619398800,4.02500024,4.02500024,3.90000024,3.92500024,665599.95975817,NaN,NaN,NaN,NaN,NaN,NaN,NaN
1619485200,3.94000024,4.05000049,3.94000024,4.00000024,1621199.90198308,NaN,NaN,NaN,NaN,NaN,NaN,NaN
1619571600,4.00000024,4.10000025,4.00000024,4.03000049,279599.98309553,NaN,NaN,NaN,NaN,NaN,NaN,NaN
1619744400,4.02000024,4.06000025,4.01499999,4.01499999,456799.97238211,NaN,NaN,NaN,NaN,NaN,NaN,NaN
1620003600,4.02500024,4.02500024,3.92500024,4.00000024,48799.99704958,NaN,NaN,NaN,NaN,NaN,NaN,NaN
1620090000,3.97500024,3.98500024,3.93000024,3.93500024,230399.98607013,NaN,NaN,NaN,NaN,NaN,NaN,NaN
1620176400,3.92500024,3.94500024,3.84000023,3.85000023,663199.95990327,NaN,NaN,NaN,NaN,NaN,NaN,NaN
1620262800,3.85000023,3.85000023,3.82500023,3.83000023,137199.99170496,NaN,NaN,NaN,NaN,NaN,NaN,NaN
1620349200,3.82000023,3.85000023,3.78000023,3.83500023,153599.99071342,NaN,NaN,NaN,NaN,NaN,NaN,NaN
1620608400,3.87000023,3.87000023,3.72000022,3.74000023,420799.97455865,NaN,NaN,NaN,NaN,NaN,NaN,NaN
1620694800,3.75000023,3.75000023,3.55000021,3.63000022,1053199.93632407,NaN,NaN,NaN,NaN,NaN,NaN,NaN
1620781200,3.63000022,3.72000022,3.62000022,3.65000022,211999.98718259,NaN,NaN,NaN,NaN,NaN,NaN,NaN
1621213200,3.65000022,3.75000023,3.65000022,3.70000022,665599.95975817,NaN,NaN,NaN,NaN,NaN,NaN,NaN
1621299600,3.72500023,3.77500023,3.70000022,3.73500023,391599.97632407,NaN,NaN,NaN,NaN,NaN,NaN,NaN
1621386000,3.72500023,3.87500023,3.72500023,3.78000023,577599.9650786,NaN,NaN,NaN,NaN,NaN,NaN,NaN
1621472400,3.75500023,3.82500023,3.75500023,3.78000023,388799.97649335,NaN,NaN,NaN,NaN,NaN,NaN,NaN
1621558800,3.75500023,3.76000023,3.63500022,3.69500022,220799.98665055,NaN,NaN,NaN,NaN,NaN,NaN,NaN
1621818000,3.75000023,3.82000023,3.73500023,3.81500023,203599.98769045,NaN,NaN,NaN,NaN,NaN,NaN,NaN
1621904400,3.84500023,4.03499999,3.73000023,3.83000023,1017199.93850061,NaN,NaN,NaN,NaN,NaN,NaN,NaN
1622077200,3.83000023,3.88500023,3.78000023,3.88500023,1023999.93808949,NaN,NaN,NaN,NaN,NaN,NaN,NaN
1622163600,3.92500024,3.92500024,3.80000023,3.83000023,113599.9931318,NaN,NaN,NaN,NaN,NaN,NaN,NaN
1622422800,3.80000023,3.81500023,3.78000023,3.80000023,88799.9946312,NaN,NaN,NaN,NaN,NaN,NaN,NaN
1622509200,3.80000023,3.82500023,3.75000023,3.82500023,98799.9940266,NaN,NaN,NaN,NaN,NaN,NaN,NaN
1622595600,3.87500023,3.91000024,3.85000023,3.91000024,267199.98384523,NaN,NaN,NaN,NaN,NaN,NaN,NaN
1622682000,3.92500024,3.92500024,3.83500023,3.88500023,131999.99201935,NaN,NaN,NaN,NaN,NaN,NaN,NaN
1622768400,3.85500023,3.87500023,3.83500023,3.83500023,425599.97426844,NaN,NaN,NaN,NaN,NaN,NaN,NaN
1623114000,3.83500023,3.88000023,3.76000023,3.84500023,92399.99441354,NaN,NaN,NaN,NaN,NaN,NaN,NaN
1623200400,3.77000023,3.78000023,3.76000023,3.76000023,95599.99422007,NaN,NaN,NaN,NaN,NaN,NaN,NaN
1623286800,3.82500023,3.82500023,3.74000023,3.74500023,131199.99206772,NaN,NaN,NaN,NaN,NaN,NaN,NaN
1623373200,3.80000023,3.80000023,3.80000023,3.80000023,1599.99990326,NaN,NaN,NaN,NaN,NaN,NaN,NaN
1623632400,3.82500023,3.82500023,3.79500023,3.80000023,139199.99158404,NaN,NaN,NaN,NaN,NaN,NaN,NaN
1623718800,3.75500023,3.82000023,3.73000023,3.75000023,163999.99008464,NaN,NaN,NaN,NaN,NaN,NaN,NaN
1623805200,3.82000023,3.82000023,3.75000023,3.76500023,74399.99550181,NaN,NaN,NaN,NaN,NaN,NaN,NaN
1623891600,3.72500023,3.74500023,3.68500022,3.71000022,245999.98512697,NaN,NaN,NaN,NaN,NaN,NaN,NaN
1623978000,3.71000022,3.77500023,3.55000021,3.62500022,2909999.8240629,NaN,NaN,NaN,NaN,NaN,NaN,NaN
1624237200,3.63000022,3.70000022,3.63000022,3.69500022,142399.99139057,NaN,NaN,NaN,NaN,NaN,NaN,NaN
1624323600,3.69500022,3.71000022,3.67500022,3.70500022,65599.99603386,NaN,NaN,NaN,NaN,NaN,NaN,NaN
1624410000,3.68500022,3.74000023,3.68500022,3.71500022,102799.99378476,NaN,NaN,NaN,NaN,NaN,NaN,NaN
1624496400,3.71500022,3.75000023,3.71500022,3.75000023,757999.95417171,NaN,NaN,NaN,NaN,NaN,NaN,NaN
1624582800,3.72500023,3.74000023,3.68000022,3.74000023,40799.99753325,NaN,NaN,NaN,NaN,NaN,NaN,NaN
1624842000,3.74000023,3.74000023,3.68000022,3.74000023,26399.99840387,NaN,NaN,NaN,NaN,NaN,NaN,NaN
1624928400,3.73000023,3.77500023,3.64000022,3.70000022,163999.99008464,NaN,NaN,NaN,NaN,NaN,NaN,NaN
1625014800,3.75000023,3.75000023,3.65500022,3.66000022,57199.99654172,1888699600,880043000,245852000,52946000,196194000,633670000,0.440710382513661
1625101200,3.66000022,3.70000022,3.65000022,3.70000022,80799.99511487,NaN,NaN,NaN,NaN,NaN,NaN,NaN
1625187600,3.70000022,3.74000023,3.63500022,3.74000023,136799.99172914,NaN,NaN,NaN,NaN,NaN,NaN,NaN
1625446800,3.75000023,3.80000023,3.71500022,3.80000023,201599.98781137,NaN,NaN,NaN,NaN,NaN,NaN,NaN
1625533200,3.80000023,3.80500023,3.72000022,3.74000023,113999.99310762,NaN,NaN,NaN,NaN,NaN,NaN,NaN
1625619600,3.77500023,3.81000023,3.73000023,3.81000023,149999.99093108,NaN,NaN,NaN,NaN,NaN,NaN,NaN
1625706000,3.81500023,3.82500023,3.72500023,3.78000023,155199.99061669,NaN,NaN,NaN,NaN,NaN,NaN,NaN
1625792400,3.77000023,3.88500023,3.74500023,3.87000023,471199.97151149,NaN,NaN,NaN,NaN,NaN,NaN,NaN
1626051600,3.83500023,3.90000024,3.77500023,3.87000023,77199.99533253,NaN,NaN,NaN,NaN,NaN,NaN,NaN
1626138000,3.86500023,3.92000024,3.85000023,3.90000024,439199.97344619,NaN,NaN,NaN,NaN,NaN,NaN,NaN
1626224400,3.92500024,4.00500024,3.92000024,3.99000024,1202799.92727933,NaN,NaN,NaN,NaN,NaN,NaN,NaN
1626310800,3.95000024,4.00500024,3.95000024,3.99000024,1817599.89010884,NaN,NaN,NaN,NaN,NaN,NaN,NaN
1626397200,3.95500024,3.99000024,3.94500024,3.99000024,16799.99898428,NaN,NaN,NaN,NaN,NaN,NaN,NaN
1626656400,4.00000024,4.22000001,4.00000024,4.17000025,1717599.89615479,NaN,NaN,NaN,NaN,NaN,NaN,NaN
1626829200,4.18,4.35000026,4.18,4.19000025,1587599.90401452,NaN,NaN,NaN,NaN,NaN,NaN,NaN
1626915600,4.25000026,4.42000027,4.24500026,4.39500027,3969199.76002421,NaN,NaN,NaN,NaN,NaN,NaN,NaN
1627002000,4.62500028,4.9750003,4.56500028,4.85500029,4806799.70938335,NaN,NaN,NaN,NaN,NaN,NaN,NaN
1627261200,4.85500029,4.96500055,4.72000004,4.83000029,2337599.85866991,NaN,NaN,NaN,NaN,NaN,NaN,NaN
1627347600,4.80000054,4.86000054,4.73000029,4.74000004,1752399.8940508,NaN,NaN,NaN,NaN,NaN,NaN,NaN
1627434000,4.74000004,4.79500029,4.62500028,4.64000003,660399.96007256,NaN,NaN,NaN,NaN,NaN,NaN,NaN
1627520400,4.72500029,4.82000054,4.72000004,4.72500029,2153199.86981864,NaN,NaN,NaN,NaN,NaN,NaN,NaN
1627606800,4.72000004,4.82000054,4.61000053,4.72500029,985599.94041113,NaN,NaN,NaN,NaN,NaN,NaN,NaN
1627866000,4.81500029,5.19500056,4.80000054,4.90500055,3957999.76070136,NaN,NaN,NaN,NaN,NaN,NaN,NaN
1627952400,4.93000005,5.05000056,4.91000005,4.9950003,1429999.91354294,NaN,NaN,NaN,NaN,NaN,NaN,NaN
1628038800,4.9600003,4.96500055,4.78000054,4.87500029,1224399.92597341,NaN,NaN,NaN,NaN,NaN,NaN,NaN
1628125200,4.87000029,4.9750003,4.86500004,4.9400003,2268399.8628537,NaN,NaN,NaN,NaN,NaN,NaN,NaN
1628211600,4.95000005,4.99000005,4.88500055,4.9150003,1145199.9307618,NaN,NaN,NaN,NaN,NaN,NaN,NaN
1628470800,4.9350003,4.9750003,4.87500029,4.9600003,1194799.92776301,NaN,NaN,NaN,NaN,NaN,NaN,NaN
1628643600,4.9600003,5.04500031,4.87500029,4.9600003,1035199.93741234,NaN,NaN,NaN,NaN,NaN,NaN,NaN
1628730000,4.9000003,4.9750003,4.73000029,4.73500054,1269599.92324064,NaN,NaN,NaN,NaN,NaN,NaN,NaN
1628816400,4.84500004,4.94500055,4.70000003,4.80000054,1177999.92877873,NaN,NaN,NaN,NaN,NaN,NaN,NaN
1629075600,4.79500029,4.79500029,4.65000028,4.74500029,551999.96662636,NaN,NaN,NaN,NaN,NaN,NaN,NaN
1629162000,4.74500029,4.9750003,4.69500053,4.9750003,1441999.91281742,NaN,NaN,NaN,NaN,NaN,NaN,NaN
1629248400,4.9600003,4.9600003,4.83500029,4.87500029,179199.98916566,NaN,NaN,NaN,NaN,NaN,NaN,NaN
1629334800,4.9400003,4.9400003,4.65000028,4.71000028,759199.95409916,NaN,NaN,NaN,NaN,NaN,NaN,NaN
1629421200,4.72000004,4.82000054,4.71000028,4.75000029,755599.95431681,NaN,NaN,NaN,NaN,NaN,NaN,NaN
1629680400,4.76500004,4.92500055,4.76500004,4.79500029,1090799.93405079,NaN,NaN,NaN,NaN,NaN,NaN,NaN
1629766800,4.87000029,4.89000005,4.79000029,4.79500029,1031999.93760581,NaN,NaN,NaN,NaN,NaN,NaN,NaN
1629853200,4.79500029,4.86500004,4.76000054,4.77500029,491999.97025393,NaN,NaN,NaN,NaN,NaN,NaN,NaN
1629939600,4.76000054,4.77500029,4.62500028,4.75000029,2350399.85789603,NaN,NaN,NaN,NaN,NaN,NaN,NaN
1630026000,4.70000003,4.75000029,4.64500028,4.65000028,1581199.90440146,NaN,NaN,NaN,NaN,NaN,NaN,NaN
1630285200,4.65000028,4.72000004,4.65000028,4.68500028,1816399.89018139,NaN,NaN,NaN,NaN,NaN,NaN,NaN
1630458000,4.68500028,4.71000028,4.63000028,4.65000028,2590799.84336157,NaN,NaN,NaN,NaN,NaN,NaN,NaN
1630544400,4.65000028,4.66000003,4.63500053,4.64500028,941599.94307135,NaN,NaN,NaN,NaN,NaN,NaN,NaN
1630630800,4.64500028,4.66000003,4.62500028,4.64500028,326399.98026602,NaN,NaN,NaN,NaN,NaN,NaN,NaN
1630890000,4.62500028,4.82500004,4.62500028,4.75000029,1587599.90401452,NaN,NaN,NaN,NaN,NaN,NaN,NaN
1630976400,4.75500029,4.76500004,4.67500053,4.69500053,261599.9841838,NaN,NaN,NaN,NaN,NaN,NaN,NaN
1631062800,4.69000028,4.74000004,4.65000028,4.70500028,1267199.92338574,NaN,NaN,NaN,NaN,NaN,NaN,NaN
1631149200,4.65000028,4.70500028,4.65000028,4.69000028,356799.97842806,NaN,NaN,NaN,NaN,NaN,NaN,NaN
1631235600,4.67500053,4.82000054,4.67000028,4.81000029,371199.97755744,NaN,NaN,NaN,NaN,NaN,NaN,NaN
1631494800,4.82500004,4.83500029,4.72000004,4.72500029,91199.99448609,NaN,NaN,NaN,NaN,NaN,NaN,NaN
1631581200,4.72500029,4.82000054,4.69000028,4.75000029,574799.96524789,NaN,NaN,NaN,NaN,NaN,NaN,NaN
1631667600,4.75000029,4.75000029,4.64000003,4.68500028,795199.95192262,NaN,NaN,NaN,NaN,NaN,NaN,NaN
1631840400,4.67500053,4.79000029,4.67500053,4.77500029,785599.95250303,NaN,NaN,NaN,NaN,NaN,NaN,NaN
1632099600,4.77500029,4.84000054,4.68000003,4.75000029,1568399.90517534,NaN,NaN,NaN,NaN,NaN,NaN,NaN
1632186000,4.70000003,5.0000003,4.68000003,4.98500055,1654799.89995164,NaN,NaN,NaN,NaN,NaN,NaN,NaN
1632272400,4.9800003,5.15000031,4.92500055,4.9950003,2032799.87709796,NaN,NaN,NaN,NaN,NaN,NaN,NaN
1632358800,5.08500031,5.15000031,4.91000005,5.0000003,2388399.85559857,NaN,NaN,NaN,NaN,NaN,NaN,NaN
1632445200,5.0000003,5.20000006,4.9750003,5.12500031,1452399.91218864,NaN,NaN,NaN,NaN,NaN,NaN,NaN
1632704400,5.13000031,5.30000057,5.11500006,5.20500031,1121999.93216446,NaN,NaN,NaN,NaN,NaN,NaN,NaN
1632790800,5.20500031,5.24500032,5.10500031,5.15000031,1083999.93446192,NaN,NaN,NaN,NaN,NaN,NaN,NaN
1632877200,5.0250003,5.11000056,4.92500055,5.0000003,1327599.91973399,NaN,NaN,NaN,NaN,NaN,NaN,NaN
1632963600,4.9350003,5.08000031,4.92500055,5.0000003,1654799.89995164,1888843600,901323000,224362000,42198000,168293000,676511000,0.3226
1633050000,4.97000005,5.15000031,4.95000005,4.98500055,1167199.92943169,NaN,NaN,NaN,NaN,NaN,NaN,NaN
1633309200,4.9800003,5.03500005,4.95000005,5.01500005,1388399.91605805,NaN,NaN,NaN,NaN,NaN,NaN,NaN
1633395600,5.01500005,5.01500005,4.84500004,4.86000054,1746399.89441356,NaN,NaN,NaN,NaN,NaN,NaN,NaN
1633482000,4.86000054,4.9800003,4.86000054,4.8800003,823199.95022975,NaN,NaN,NaN,NaN,NaN,NaN,NaN
1633568400,4.88500055,4.9600003,4.88500055,4.90500055,424399.97434099,NaN,NaN,NaN,NaN,NaN,NaN,NaN
1633654800,4.9150003,4.9200003,4.82500004,4.8800003,1317599.92033858,NaN,NaN,NaN,NaN,NaN,NaN,NaN
1633914000,4.88500055,4.9200003,4.85000029,4.86500004,743999.95501814,NaN,NaN,NaN,NaN,NaN,NaN,NaN
1634000400,4.84500004,4.94500055,4.84500004,4.9000003,665199.95978235,NaN,NaN,NaN,NaN,NaN,NaN,NaN
1634086800,4.85500029,4.93000005,4.85500029,4.87500029,466799.97177751,NaN,NaN,NaN,NaN,NaN,NaN,NaN
1634173200,4.86500004,4.92500055,4.85500029,4.9150003,205199.98759371,NaN,NaN,NaN,NaN,NaN,NaN,NaN
1634259600,4.9150003,4.99000005,4.8800003,4.90500055,352399.97869408,NaN,NaN,NaN,NaN,NaN,NaN,NaN
1634518800,4.92500055,4.9950003,4.9000003,4.94500055,371999.97750907,NaN,NaN,NaN,NaN,NaN,NaN,NaN
1634691600,4.95000005,5.16500031,4.9150003,4.95000005,1354399.91811367,NaN,NaN,NaN,NaN,NaN,NaN,NaN
1634778000,5.0000003,5.05500006,4.86000054,5.05500006,1315999.92043532,NaN,NaN,NaN,NaN,NaN,NaN,NaN
1634864400,4.92500055,4.98500055,4.85000029,4.92500055,2007599.87862154,NaN,NaN,NaN,NaN,NaN,NaN,NaN
1635123600,4.9200003,4.9200003,4.82000054,4.85000029,1897199.88529627,NaN,NaN,NaN,NaN,NaN,NaN,NaN
1635210000,4.85000029,4.93000005,4.85000029,4.8950003,259999.98428053,NaN,NaN,NaN,NaN,NaN,NaN,NaN
1635296400,4.89000005,4.9200003,4.85500029,4.9200003,410399.97518743,NaN,NaN,NaN,NaN,NaN,NaN,NaN
1635382800,4.9000003,4.94500055,4.8800003,4.92500055,365599.97789601,NaN,NaN,NaN,NaN,NaN,NaN,NaN
1635469200,4.9000003,4.9400003,4.89000005,4.9200003,611599.96302298,NaN,NaN,NaN,NaN,NaN,NaN,NaN
1635728400,4.9200003,4.9200003,4.83000029,4.84000054,933199.94357921,NaN,NaN,NaN,NaN,NaN,NaN,NaN
1635814800,4.85000029,5.03000055,4.83500029,5.0000003,645999.96094317,NaN,NaN,NaN,NaN,NaN,NaN,NaN
1635901200,4.99000005,5.0000003,4.87000029,4.88500055,765199.9537364,NaN,NaN,NaN,NaN,NaN,NaN,NaN
1636074000,4.9400003,5.0250003,4.9000003,5.0000003,651599.9606046,NaN,NaN,NaN,NaN,NaN,NaN,NaN
1636333200,5.0000003,5.0200003,4.95000005,5.0000003,266399.98389359,NaN,NaN,NaN,NaN,NaN,NaN,NaN
1636419600,5.14000006,5.16000006,4.9600003,5.0200003,788799.95230956,NaN,NaN,NaN,NaN,NaN,NaN,NaN
1636506000,5.0250003,5.03000055,4.9750003,5.0000003,87199.99472793,NaN,NaN,NaN,NaN,NaN,NaN,NaN
1636592400,5.01500005,5.0250003,4.95000005,4.9950003,629199.96195889,NaN,NaN,NaN,NaN,NaN,NaN,NaN
1636678800,4.9550003,5.05000056,4.95000005,5.01000055,577599.9650786,NaN,NaN,NaN,NaN,NaN,NaN,NaN
1636938000,5.0250003,5.04500031,4.9550003,4.98500055,152399.99078597,NaN,NaN,NaN,NaN,NaN,NaN,NaN
1637024400,4.9750003,5.0050003,4.9750003,4.99000005,242799.98532044,NaN,NaN,NaN,NaN,NaN,NaN,NaN
1637110800,4.99000005,4.99000005,4.9000003,4.9350003,437999.97351875,NaN,NaN,NaN,NaN,NaN,NaN,NaN
1637197200,4.89000005,4.98500055,4.8800003,4.95000005,497599.96991536,NaN,NaN,NaN,NaN,NaN,NaN,NaN
1637283600,4.94500055,4.99000005,4.9000003,4.95000005,949599.94258767,NaN,NaN,NaN,NaN,NaN,NaN,NaN
1637542800,4.97000005,5.10000031,4.87500029,5.05000056,615599.96278114,NaN,NaN,NaN,NaN,NaN,NaN,NaN
1637629200,5.05000056,5.07500006,5.0000003,5.06500031,296399.98207981,NaN,NaN,NaN,NaN,NaN,NaN,NaN
1637715600,5.06000031,5.24000007,5.0000003,5.20500031,1201999.9273277,NaN,NaN,NaN,NaN,NaN,NaN,NaN
1637802000,5.20500031,5.23000032,5.14000006,5.20000006,215999.98694075,NaN,NaN,NaN,NaN,NaN,NaN,NaN
1637888400,5.21000031,5.21000031,5.12500031,5.12500031,462399.97204353,NaN,NaN,NaN,NaN,NaN,NaN,NaN
1638147600,5.12500031,5.19000031,5.0250003,5.19000031,550399.9667231,NaN,NaN,NaN,NaN,NaN,NaN,NaN
1638234000,5.16500031,5.24000007,5.12500031,5.12500031,656799.96029021,NaN,NaN,NaN,NaN,NaN,NaN,NaN
1638320400,5.22500032,5.54000033,5.15500056,5.54000033,1804399.89090691,NaN,NaN,NaN,NaN,NaN,NaN,NaN
1638406800,5.55000059,5.57500009,5.32500007,5.52000033,432799.97383313,NaN,NaN,NaN,NaN,NaN,NaN,NaN
1638752400,5.51500008,5.51500008,5.13500056,5.25000032,299199.98191052,NaN,NaN,NaN,NaN,NaN,NaN,NaN
1638838800,5.25500032,5.34500007,5.20000006,5.34500007,247999.98500605,NaN,NaN,NaN,NaN,NaN,NaN,NaN
1638925200,5.37000032,5.42500058,5.20500031,5.21000031,568399.96563483,NaN,NaN,NaN,NaN,NaN,NaN,NaN
1639011600,5.21000031,5.30000057,5.07500006,5.07500006,586799.96452237,NaN,NaN,NaN,NaN,NaN,NaN,NaN
1639098000,5.07500006,5.17500056,4.9950003,5.0000003,336799.97963725,NaN,NaN,NaN,NaN,NaN,NaN,NaN
1639357200,5.14500031,5.14500031,4.9750003,5.0000003,419199.97465538,NaN,NaN,NaN,NaN,NaN,NaN,NaN
1639443600,4.95000005,5.01500005,4.95000005,4.9550003,135599.99180169,NaN,NaN,NaN,NaN,NaN,NaN,NaN
1639530000,5.0000003,5.01000055,4.9000003,4.9000003,203999.98766627,NaN,NaN,NaN,NaN,NaN,NaN,NaN
1639616400,4.93000005,5.0000003,4.9000003,4.9150003,499199.96981863,NaN,NaN,NaN,NaN,NaN,NaN,NaN
1639702800,4.9150003,4.9550003,4.90500055,4.9550003,117199.99291415,NaN,NaN,NaN,NaN,NaN,NaN,NaN
1639962000,4.9950003,4.9950003,4.79000029,4.85000029,1614399.90239421,NaN,NaN,NaN,NaN,NaN,NaN,NaN
1640048400,4.85000029,4.9150003,4.82500004,4.8950003,65599.99603386,NaN,NaN,NaN,NaN,NaN,NaN,NaN
1640134800,4.93000005,5.01500005,4.89000005,4.9400003,571999.96541717,NaN,NaN,NaN,NaN,NaN,NaN,NaN
1640221200,4.9400003,5.0000003,4.92500055,4.9800003,81599.99506651,NaN,NaN,NaN,NaN,NaN,NaN,NaN
1640307600,4.9950003,5.0400003,4.97000005,4.9950003,94799.99426844,NaN,NaN,NaN,NaN,NaN,NaN,NaN
1640566800,5.05500006,5.05500006,4.95000005,5.01000055,160799.99027811,NaN,NaN,NaN,NaN,NaN,NaN,NaN
1640653200,5.01500005,5.06000031,5.01500005,5.05500006,53599.99675937,NaN,NaN,NaN,NaN,NaN,NaN,NaN
1640739600,5.03000055,5.03000055,4.95000005,5.01500005,1041999.93700122,NaN,NaN,NaN,NaN,NaN,NaN,NaN
1640826000,4.98500055,4.98500055,4.9750003,4.98500055,105599.99361548,NaN,NaN,NaN,NaN,NaN,NaN,NaN
1640912400,5.06500031,5.06500031,4.9750003,4.9800003,6799.99958888,1889068000,947051000,235123000,51055000,185755000,711603000,0.459839357429719
1641171600,4.99000005,5.0000003,4.85500029,4.9200003,777599.9529867,NaN,NaN,NaN,NaN,NaN,NaN,NaN
1641258000,4.95000005,4.99000005,4.9000003,4.98500055,156399.99054414,NaN,NaN,NaN,NaN,NaN,NaN,NaN
1641344400,4.9550003,4.96500055,4.87500029,4.92500055,339199.97949214,NaN,NaN,NaN,NaN,NaN,NaN,NaN
1641430800,4.9000003,4.91000005,4.8800003,4.89000005,231199.98602177,NaN,NaN,NaN,NaN,NaN,NaN,NaN
1641517200,4.9000003,4.9400003,4.88500055,4.9150003,113599.9931318,NaN,NaN,NaN,NaN,NaN,NaN,NaN
1641776400,4.9150003,4.9150003,4.78000054,4.78000054,704399.95741234,NaN,NaN,NaN,NaN,NaN,NaN,NaN
1641862800,4.78500004,4.79000029,4.52500027,4.57500003,1419999.91414753,NaN,NaN,NaN,NaN,NaN,NaN,NaN
1641949200,4.63000028,4.74000004,4.57500003,4.57500003,1077999.93482468,NaN,NaN,NaN,NaN,NaN,NaN,NaN
1642035600,4.66500028,4.67500053,4.58000028,4.60500028,580399.96490932,NaN,NaN,NaN,NaN,NaN,NaN,NaN
1642122000,4.57500003,4.61000053,4.12500025,4.25000026,3896799.76440148,NaN,NaN,NaN,NaN,NaN,NaN,NaN
1642381200,4.24000001,4.24000001,4.10000025,4.1350005,2380399.85608224,NaN,NaN,NaN,NaN,NaN,NaN,NaN
1642554000,4.095,4.095,4.025,4.07,933600,NaN,NaN,NaN,NaN,NaN,NaN,NaN
1642640400,4.07,4.12,4.06,4.075,918000,NaN,NaN,NaN,NaN,NaN,NaN,NaN
1642726800,4.06,4.06,3.965,3.995,1794800,NaN,NaN,NaN,NaN,NaN,NaN,NaN
1642986000,3.98,3.99,3.85,3.9,2670000,NaN,NaN,NaN,NaN,NaN,NaN,NaN
1643072400,3.91,3.995,3.9,3.9,911800,NaN,NaN,NaN,NaN,NaN,NaN,NaN
1643158800,3.91,3.975,3.855,3.975,2037600,NaN,NaN,NaN,NaN,NaN,NaN,NaN
1643245200,3.965,3.965,3.81,3.9,2484200,NaN,NaN,NaN,NaN,NaN,NaN,NaN
1643331600,3.91,3.98,3.865,3.95,926000,NaN,NaN,NaN,NaN,NaN,NaN,NaN
1643590800,3.985,4.075,3.98,4.07,150600,NaN,NaN,NaN,NaN,NaN,NaN,NaN
1643850000,4.11,4.18,3.9,3.94,1263600,NaN,NaN,NaN,NaN,NaN,NaN,NaN
1643936400,3.945,3.975,3.925,3.93,1038400,NaN,NaN,NaN,NaN,NaN,NaN,NaN
1644195600,3.93,3.99,3.885,3.985,729000,NaN,NaN,NaN,NaN,NaN,NaN,NaN
1644282000,4,4.04,3.97,4.025,787000,NaN,NaN,NaN,NaN,NaN,NaN,NaN
1644368400,4.025,4.125,4.025,4.06,945400,NaN,NaN,NaN,NaN,NaN,NaN,NaN
1644454800,4.1,4.175,4.06,4.12,799800,NaN,NaN,NaN,NaN,NaN,NaN,NaN
1644541200,4.05,4.12,4.0100005,4.075,912600,NaN,NaN,NaN,NaN,NaN,NaN,NaN
1644800400,4.085,4.085,4.0100005,4.015,2086400,NaN,NaN,NaN,NaN,NaN,NaN,NaN
1644886800,4.015,4.055,3.915,3.925,2130400,NaN,NaN,NaN,NaN,NaN,NaN,NaN
1644973200,3.995,4,3.96,4,484400,NaN,NaN,NaN,NaN,NaN,NaN,NaN
1645059600,4,4.11,4,4.1,666800,NaN,NaN,NaN,NaN,NaN,NaN,NaN
1645146000,4.1,4.1,3.835,3.89,6426600,NaN,NaN,NaN,NaN,NaN,NaN,NaN
1645405200,3.885,3.95,3.865,3.875,2259600,NaN,NaN,NaN,NaN,NaN,NaN,NaN
1645491600,3.875,3.875,3.645,3.725,4206400,NaN,NaN,NaN,NaN,NaN,NaN,NaN
1645578000,3.67,3.875,3.67,3.835,974000,NaN,NaN,NaN,NaN,NaN,NaN,NaN
1645664400,3.75,3.885,3.75,3.875,663000,NaN,NaN,NaN,NaN,NaN,NaN,NaN
1645750800,3.89,3.975,3.89,3.89,2951600,NaN,NaN,NaN,NaN,NaN,NaN,NaN
1646010000,3.89,3.9,3.68,3.715,1488600,NaN,NaN,NaN,NaN,NaN,NaN,NaN
1646096400,3.79,3.79,3.715,3.77,162200,NaN,NaN,NaN,NaN,NaN,NaN,NaN
1646182800,3.79,3.79,3.675,3.685,586400,NaN,NaN,NaN,NaN,NaN,NaN,NaN
1646269200,3.75,3.75,3.625,3.645,2523400,NaN,NaN,NaN,NaN,NaN,NaN,NaN
1646355600,3.635,3.715,3.585,3.625,2420600,NaN,NaN,NaN,NaN,NaN,NaN,NaN
1646614800,3.625,3.625,3.32,3.4,5259200,NaN,NaN,NaN,NaN,NaN,NaN,NaN
1646701200,3.385,3.385,2.95,2.95,6063200,NaN,NaN,NaN,NaN,NaN,NaN,NaN
1646787600,3.005,3.41,3.005,3.23,4226600,NaN,NaN,NaN,NaN,NaN,NaN,NaN
1646874000,3.405,3.47,3.245,3.255,1970400,NaN,NaN,NaN,NaN,NaN,NaN,NaN
1646960400,3.255,3.45,3.23,3.36,1876400,NaN,NaN,NaN,NaN,NaN,NaN,NaN
1647219600,3.395,3.425,3.2,3.235,1695800,NaN,NaN,NaN,NaN,NaN,NaN,NaN
1647306000,3.235,3.235,3.05,3.09,4540400,NaN,NaN,NaN,NaN,NaN,NaN,NaN
1647392400,3.17,3.265,3.06,3.235,3720800,NaN,NaN,NaN,NaN,NaN,NaN,NaN
1647478800,3.35,3.72,3.325,3.61,4788400,NaN,NaN,NaN,NaN,NaN,NaN,NaN
1647565200,3.6,3.705,3.5,3.625,8548000,NaN,NaN,NaN,NaN,NaN,NaN,NaN
1647824400,3.65,3.93,3.65,3.825,4386400,NaN,NaN,NaN,NaN,NaN,NaN,NaN
1647910800,3.825,3.94,3.74,3.905,1275000,NaN,NaN,NaN,NaN,NaN,NaN,NaN
1647997200,3.95,4.23,3.95,4.05,5362800,NaN,NaN,NaN,NaN,NaN,NaN,NaN
1648083600,4,4.165,3.935,4.0100005,1895000,NaN,NaN,NaN,NaN,NaN,NaN,NaN
1648170000,4.125,4.19,4.025,4.035,1388800,NaN,NaN,NaN,NaN,NaN,NaN,NaN
1648429200,4.025,4.035,3.9,3.925,1362000,NaN,NaN,NaN,NaN,NaN,NaN,NaN
1648515600,3.975,3.995,3.825,3.905,1107000,NaN,NaN,NaN,NaN,NaN,NaN,NaN
1648602000,3.96,4.09,3.96,4.025,2546200,NaN,NaN,NaN,NaN,NaN,NaN,NaN
1648688400,4.045,4.115,4,4.1,1209400,1889131200,1040234999.9999999,277903000,48273000,185277000,762165000,0.558536585365854
1648774800,4.025,4.1,3.975,4,1366200,NaN,NaN,NaN,NaN,NaN,NaN,NaN
1649034000,4,4.075,3.965,4.05,368200,NaN,NaN,NaN,NaN,NaN,NaN,NaN
1649120400,4.065,4.19,4.065,4.1350005,1455800,NaN,NaN,NaN,NaN,NaN,NaN,NaN
1649206800,4.09,4.12,4.025,4.1,838200,NaN,NaN,NaN,NaN,NaN,NaN,NaN
1649293200,4.065,4.065,3.95,4,2615400,NaN,NaN,NaN,NaN,NaN,NaN,NaN
1649379600,4.025,4.075,3.97,4.05,203000,NaN,NaN,NaN,NaN,NaN,NaN,NaN
1649638800,3.99,4.045,3.745,3.75,3390800,NaN,NaN,NaN,NaN,NaN,NaN,NaN
1649725200,3.735,3.845,3.66,3.79,1748200,NaN,NaN,NaN,NaN,NaN,NaN,NaN
1649811600,3.79,3.875,3.79,3.845,974200,NaN,NaN,NaN,NaN,NaN,NaN,NaN
1649898000,3.9,3.905,3.715,3.75,999800,NaN,NaN,NaN,NaN,NaN,NaN,NaN
1649984400,3.75,3.815,3.7,3.795,197000,NaN,NaN,NaN,NaN,NaN,NaN,NaN
1650243600,3.79,3.79,3.74,3.75,155200,NaN,NaN,NaN,NaN,NaN,NaN,NaN
1650416400,3.825,3.825,3.775,3.8,1072600,NaN,NaN,NaN,NaN,NaN,NaN,NaN
1650502800,3.8,3.83,3.775,3.805,349600,NaN,NaN,NaN,NaN,NaN,NaN,NaN
1650589200,3.75,3.775,3.7,3.75,387200,NaN,NaN,NaN,NaN,NaN,NaN,NaN
1650848400,3.74,3.74,3.65,3.675,1277200,NaN,NaN,NaN,NaN,NaN,NaN,NaN
1650934800,3.745,3.81,3.725,3.75,396400,NaN,NaN,NaN,NaN,NaN,NaN,NaN
1651021200,3.675,3.725,3.6,3.7,604800,NaN,NaN,NaN,NaN,NaN,NaN,NaN
1651107600,3.725,3.815,3.725,3.75,1956600,NaN,NaN,NaN,NaN,NaN,NaN,NaN
1651194000,3.79,3.83,3.76,3.8,508000,NaN,NaN,NaN,NaN,NaN,NaN,NaN
1651712400,3.84,3.87,3.57,3.6,1051800,NaN,NaN,NaN,NaN,NaN,NaN,NaN
1651798800,3.575,3.6,3.53,3.55,835200,NaN,NaN,NaN,NaN,NaN,NaN,NaN
1652058000,3.55,3.55,3.475,3.53,893600,NaN,NaN,NaN,NaN,NaN,NaN,NaN
1652144400,3.5,3.575,3.49,3.535,529800,NaN,NaN,NaN,NaN,NaN,NaN,NaN
1652230800,3.545,3.62,3.54,3.605,227800,NaN,NaN,NaN,NaN,NaN,NaN,NaN
1652317200,3.59,3.625,3.465,3.5,958200,NaN,NaN,NaN,NaN,NaN,NaN,NaN
1652403600,3.53,3.59,3.5,3.555,1082800,NaN,NaN,NaN,NaN,NaN,NaN,NaN
1652749200,3.555,3.64,3.505,3.625,379400,NaN,NaN,NaN,NaN,NaN,NaN,NaN
1652835600,3.64,3.75,3.595,3.65,421600,NaN,NaN,NaN,NaN,NaN,NaN,NaN
1652922000,3.525,3.6,3.51,3.575,706800,NaN,NaN,NaN,NaN,NaN,NaN,NaN
1653008400,3.575,3.65,3.575,3.63,108200,NaN,NaN,NaN,NaN,NaN,NaN,NaN
1653267600,3.65,3.65,3.55,3.56,97400,NaN,NaN,NaN,NaN,NaN,NaN,NaN
1653354000,3.62,3.62,3.565,3.58,298200,NaN,NaN,NaN,NaN,NaN,NaN,NaN
1653440400,3.56,3.6,3.56,3.6,968400,NaN,NaN,NaN,NaN,NaN,NaN,NaN
1653526800,3.605,3.7,3.6,3.69,520400,NaN,NaN,NaN,NaN,NaN,NaN,NaN
1653613200,3.7,3.78,3.675,3.675,452400,NaN,NaN,NaN,NaN,NaN,NaN,NaN
1653872400,3.705,3.73,3.68,3.7,425800,NaN,NaN,NaN,NaN,NaN,NaN,NaN
1653958800,3.74,3.875,3.73,3.875,2133400,NaN,NaN,NaN,NaN,NaN,NaN,NaN
1654045200,3.875,3.875,3.785,3.815,662600,NaN,NaN,NaN,NaN,NaN,NaN,NaN
1654131600,3.8,3.84,3.75,3.84,188400,NaN,NaN,NaN,NaN,NaN,NaN,NaN
1654218000,3.85,3.95,3.85,3.91,765000,NaN,NaN,NaN,NaN,NaN,NaN,NaN
1654563600,3.91,3.935,3.825,3.9,384800,NaN,NaN,NaN,NaN,NaN,NaN,NaN
1654650000,3.9,3.965,3.875,3.915,325800,NaN,NaN,NaN,NaN,NaN,NaN,NaN
1654736400,3.945,3.945,3.9,3.925,249200,NaN,NaN,NaN,NaN,NaN,NaN,NaN
1654822800,3.9,3.905,3.8,3.815,614800,NaN,NaN,NaN,NaN,NaN,NaN,NaN
1655082000,3.75,3.75,3.59,3.61,955800,NaN,NaN,NaN,NaN,NaN,NaN,NaN
1655168400,3.575,3.66,3.54,3.6,923400,NaN,NaN,NaN,NaN,NaN,NaN,NaN
1655254800,3.625,3.65,3.53,3.55,224200,NaN,NaN,NaN,NaN,NaN,NaN,NaN
1655341200,3.625,3.625,3.555,3.57,389400,NaN,NaN,NaN,NaN,NaN,NaN,NaN
1655427600,3.575,3.62,3.475,3.62,709000,NaN,NaN,NaN,NaN,NaN,NaN,NaN
1655686800,3.615,3.62,3.51,3.52,414000,NaN,NaN,NaN,NaN,NaN,NaN,NaN
1655773200,3.55,3.6,3.51,3.515,1312600,NaN,NaN,NaN,NaN,NaN,NaN,NaN
1655859600,3.525,3.55,3.52,3.535,475800,NaN,NaN,NaN,NaN,NaN,NaN,NaN
1655946000,3.53,3.54,3.505,3.535,529600,NaN,NaN,NaN,NaN,NaN,NaN,NaN
1656032400,3.52,3.58,3.505,3.55,854000,NaN,NaN,NaN,NaN,NaN,NaN,NaN
1656291600,3.575,3.715,3.575,3.685,494000,NaN,NaN,NaN,NaN,NaN,NaN,NaN
1656378000,3.69,3.69,3.58,3.595,155200,NaN,NaN,NaN,NaN,NaN,NaN,NaN
1656464400,3.59,3.615,3.55,3.58,118400,NaN,NaN,NaN,NaN,NaN,NaN,NaN
1656550800,3.57,3.62,3.57,3.6,765400,1889262000,1106823000,323565000,49355000,189396000,783326000,0.636111111111111
1656637200,3.6,3.6,3.54,3.55,315400,NaN,NaN,NaN,NaN,NaN,NaN,NaN
1656896400,3.535,3.55,3.525,3.54,1150000,NaN,NaN,NaN,NaN,NaN,NaN,NaN
1656982800,3.54,3.545,3.53,3.54,533200,NaN,NaN,NaN,NaN,NaN,NaN,NaN
1657069200,3.55,3.555,3.475,3.485,396800,NaN,NaN,NaN,NaN,NaN,NaN,NaN
1657155600,3.485,3.5,3.335,3.37,1022000,NaN,NaN,NaN,NaN,NaN,NaN,NaN
1657242000,3.405,3.45,3.385,3.4,462600,NaN,NaN,NaN,NaN,NaN,NaN,NaN
1657587600,3.395,3.395,3.3,3.31,409200,NaN,NaN,NaN,NaN,NaN,NaN,NaN
1657674000,3.325,3.325,3.225,3.28,601600,NaN,NaN,NaN,NaN,NaN,NaN,NaN
1657760400,3.25,3.305,3.245,3.305,718200,NaN,NaN,NaN,NaN,NaN,NaN,NaN
1657846800,3.29,3.45,3.29,3.335,394200,NaN,NaN,NaN,NaN,NaN,NaN,NaN
1658106000,3.365,3.465,3.365,3.44,226000,NaN,NaN,NaN,NaN,NaN,NaN,NaN
1658192400,3.45,3.52,3.39,3.505,583800,NaN,NaN,NaN,NaN,NaN,NaN,NaN
1658278800,3.55,3.64,3.535,3.59,598600,NaN,NaN,NaN,NaN,NaN,NaN,NaN
1658365200,3.59,3.74,3.58,3.735,754800,NaN,NaN,NaN,NaN,NaN,NaN,NaN
1658451600,3.725,3.75,3.655,3.7,466600,NaN,NaN,NaN,NaN,NaN,NaN,NaN
1658710800,3.68,3.68,3.56,3.57,393600,NaN,NaN,NaN,NaN,NaN,NaN,NaN
1658797200,3.555,3.63,3.555,3.6,452800,NaN,NaN,NaN,NaN,NaN,NaN,NaN
1658883600,3.56,3.72,3.56,3.7,713000,NaN,NaN,NaN,NaN,NaN,NaN,NaN
1658970000,3.75,3.86,3.75,3.805,841200,NaN,NaN,NaN,NaN,NaN,NaN,NaN
1659056400,3.805,3.9,3.805,3.845,3180400,NaN,NaN,NaN,NaN,NaN,NaN,NaN
1659315600,3.845,3.845,3.78,3.785,815000,NaN,NaN,NaN,NaN,NaN,NaN,NaN
1659402000,3.75,3.76,3.71,3.735,760200,NaN,NaN,NaN,NaN,NaN,NaN,NaN
1659488400,3.75,3.75,3.685,3.7,736400,NaN,NaN,NaN,NaN,NaN,NaN,NaN
1659574800,3.775,3.905,3.77,3.875,1367800,NaN,NaN,NaN,NaN,NaN,NaN,NaN
1659661200,3.875,3.875,3.805,3.805,93200,NaN,NaN,NaN,NaN,NaN,NaN,NaN
1659920400,3.805,3.805,3.71,3.75,241800,NaN,NaN,NaN,NaN,NaN,NaN,NaN
1660006800,3.75,3.77,3.72,3.75,313200,NaN,NaN,NaN,NaN,NaN,NaN,NaN
1660093200,3.72,3.72,3.59,3.61,519400,NaN,NaN,NaN,NaN,NaN,NaN,NaN
1660179600,3.775,3.82,3.71,3.81,679000,NaN,NaN,NaN,NaN,NaN,NaN,NaN
1660266000,3.82,3.82,3.78,3.8,1355000,NaN,NaN,NaN,NaN,NaN,NaN,NaN
1660525200,3.845,3.85,3.765,3.805,359400,NaN,NaN,NaN,NaN,NaN,NaN,NaN
1660611600,3.805,3.805,3.7,3.75,165000,NaN,NaN,NaN,NaN,NaN,NaN,NaN
1660698000,3.75,3.75,3.675,3.7,99400,NaN,NaN,NaN,NaN,NaN,NaN,NaN
1660784400,3.7,3.705,3.605,3.65,465400,NaN,NaN,NaN,NaN,NaN,NaN,NaN
1660870800,3.68,3.705,3.645,3.67,308200,NaN,NaN,NaN,NaN,NaN,NaN,NaN
1661130000,3.65,3.665,3.6,3.655,426400,NaN,NaN,NaN,NaN,NaN,NaN,NaN
1661216400,3.655,3.685,3.64,3.66,264600,NaN,NaN,NaN,NaN,NaN,NaN,NaN
1661302800,3.675,3.685,3.625,3.65,127200,NaN,NaN,NaN,NaN,NaN,NaN,NaN
1661389200,3.65,3.715,3.65,3.655,153200,NaN,NaN,NaN,NaN,NaN,NaN,NaN
1661475600,3.675,3.68,3.67,3.68,132600,NaN,NaN,NaN,NaN,NaN,NaN,NaN
1661734800,3.58,3.64,3.55,3.63,305000,NaN,NaN,NaN,NaN,NaN,NaN,NaN
1661821200,3.565,3.615,3.565,3.605,132600,NaN,NaN,NaN,NaN,NaN,NaN,NaN
1661994000,3.59,3.65,3.575,3.6,345400,NaN,NaN,NaN,NaN,NaN,NaN,NaN
1662080400,3.575,3.645,3.575,3.64,549800,NaN,NaN,NaN,NaN,NaN,NaN,NaN
1662339600,3.64,3.64,3.575,3.575,367200,NaN,NaN,NaN,NaN,NaN,NaN,NaN
1662426000,3.575,3.65,3.575,3.6,274800,NaN,NaN,NaN,NaN,NaN,NaN,NaN
1662512400,3.6,3.61,3.59,3.6,1278200,NaN,NaN,NaN,NaN,NaN,NaN,NaN
1662598800,3.64,3.675,3.605,3.665,183600,NaN,NaN,NaN,NaN,NaN,NaN,NaN
1662685200,3.68,3.68,3.65,3.65,210400,NaN,NaN,NaN,NaN,NaN,NaN,NaN
1662944400,3.69,3.745,3.675,3.725,109800,NaN,NaN,NaN,NaN,NaN,NaN,NaN
1663030800,3.75,3.785,3.695,3.775,366600,NaN,NaN,NaN,NaN,NaN,NaN,NaN
1663117200,3.65,3.7,3.625,3.67,210800,NaN,NaN,NaN,NaN,NaN,NaN,NaN
1663203600,3.67,3.8,3.66,3.8,268600,NaN,NaN,NaN,NaN,NaN,NaN,NaN
1663549200,3.665,3.725,3.665,3.715,323800,NaN,NaN,NaN,NaN,NaN,NaN,NaN
1663635600,3.715,3.775,3.695,3.71,85600,NaN,NaN,NaN,NaN,NaN,NaN,NaN
1663722000,3.69,3.72,3.67,3.7,342800,NaN,NaN,NaN,NaN,NaN,NaN,NaN
1663808400,3.69,3.705,3.685,3.7,464000,NaN,NaN,NaN,NaN,NaN,NaN,NaN
1663894800,3.66,3.68,3.65,3.675,822000,NaN,NaN,NaN,NaN,NaN,NaN,NaN
1664154000,3.675,3.695,3.665,3.695,163400,NaN,NaN,NaN,NaN,NaN,NaN,NaN
1664240400,3.67,3.7,3.67,3.695,159800,NaN,NaN,NaN,NaN,NaN,NaN,NaN
1664326800,3.695,3.695,3.675,3.675,695600,NaN,NaN,NaN,NaN,NaN,NaN,NaN
1664413200,3.68,3.68,3.55,3.62,491000,NaN,NaN,NaN,NaN,NaN,NaN,NaN
1664499600,3.615,3.63,3.6,3.615,286200,1889262000,1125967000,290241000,46914000,185581000,836060000,0.633471645919779
1664758800,3.6,3.605,3.59,3.6,1000000,NaN,NaN,NaN,NaN,NaN,NaN,NaN
1664845200,3.62,3.635,3.6,3.635,924200,NaN,NaN,NaN,NaN,NaN,NaN,NaN
1664931600,3.65,3.66,3.645,3.65,710600,NaN,NaN,NaN,NaN,NaN,NaN,NaN
1665018000,3.65,3.69,3.645,3.69,461800,NaN,NaN,NaN,NaN,NaN,NaN,NaN
1665104400,3.65,3.69,3.605,3.69,29400,NaN,NaN,NaN,NaN,NaN,NaN,NaN
1665450000,3.625,3.625,3.555,3.585,358200,NaN,NaN,NaN,NaN,NaN,NaN,NaN
1665536400,3.575,3.575,3.375,3.4,1973400,NaN,NaN,NaN,NaN,NaN,NaN,NaN
1665622800,3.4,3.455,3.365,3.45,1766400,NaN,NaN,NaN,NaN,NaN,NaN,NaN
1665709200,3.45,3.505,3.45,3.48,652000,NaN,NaN,NaN,NaN,NaN,NaN,NaN
1665968400,3.475,3.48,3.45,3.455,307000,NaN,NaN,NaN,NaN,NaN,NaN,NaN
1666054800,3.455,3.535,3.455,3.525,917800,NaN,NaN,NaN,NaN,NaN,NaN,NaN
1666141200,3.505,3.59,3.49,3.525,1076000,NaN,NaN,NaN,NaN,NaN,NaN,NaN
1666227600,3.505,3.505,3.48,3.5,887200,NaN,NaN,NaN,NaN,NaN,NaN,NaN
1666314000,3.485,3.505,3.485,3.5,564400,NaN,NaN,NaN,NaN,NaN,NaN,NaN
1666659600,3.505,3.505,3.465,3.475,682000,NaN,NaN,NaN,NaN,NaN,NaN,NaN
1666746000,3.49,3.53,3.475,3.505,489400,NaN,NaN,NaN,NaN,NaN,NaN,NaN
1666832400,3.51,3.63,3.51,3.63,399600,NaN,NaN,NaN,NaN,NaN,NaN,NaN
1666918800,3.605,3.615,3.45,3.5,1161400,NaN,NaN,NaN,NaN,NaN,NaN,NaN
1667178000,3.5,3.55,3.47,3.54,1567000,NaN,NaN,NaN,NaN,NaN,NaN,NaN
1667264400,3.54,3.55,3.49,3.5,1237600,NaN,NaN,NaN,NaN,NaN,NaN,NaN
1667350800,3.5,3.52,3.5,3.51,66800,NaN,NaN,NaN,NaN,NaN,NaN,NaN
1667437200,3.54,3.545,3.475,3.545,640600,NaN,NaN,NaN,NaN,NaN,NaN,NaN
1667523600,3.565,3.565,3.49,3.49,37000,NaN,NaN,NaN,NaN,NaN,NaN,NaN
1667782800,3.545,3.545,3.49,3.53,327000,NaN,NaN,NaN,NaN,NaN,NaN,NaN
1667869200,3.535,3.545,3.505,3.535,571600,NaN,NaN,NaN,NaN,NaN,NaN,NaN
1667955600,3.51,3.535,3.49,3.535,436200,NaN,NaN,NaN,NaN,NaN,NaN,NaN
1668042000,3.515,3.535,3.5,3.525,228400,NaN,NaN,NaN,NaN,NaN,NaN,NaN
1668128400,3.575,3.64,3.565,3.565,652400,NaN,NaN,NaN,NaN,NaN,NaN,NaN
1668387600,3.575,3.6,3.575,3.59,88600,NaN,NaN,NaN,NaN,NaN,NaN,NaN
1668474000,3.575,3.6,3.55,3.59,1633000,NaN,NaN,NaN,NaN,NaN,NaN,NaN
1668560400,3.59,3.595,3.5,3.53,365200,NaN,NaN,NaN,NaN,NaN,NaN,NaN
1668646800,3.53,3.53,3.49,3.49,93000,NaN,NaN,NaN,NaN,NaN,NaN,NaN
1668992400,3.475,3.5,3.445,3.475,180800,NaN,NaN,NaN,NaN,NaN,NaN,NaN
1669078800,3.55,3.55,3.475,3.52,70200,NaN,NaN,NaN,NaN,NaN,NaN,NaN
1669165200,3.5,3.585,3.5,3.58,70600,NaN,NaN,NaN,NaN,NaN,NaN,NaN
1669251600,3.58,3.66,3.58,3.625,277600,NaN,NaN,NaN,NaN,NaN,NaN,NaN
1669338000,3.65,3.65,3.625,3.645,109800,NaN,NaN,NaN,NaN,NaN,NaN,NaN
1669683600,3.645,3.66,3.585,3.63,128400,NaN,NaN,NaN,NaN,NaN,NaN,NaN
1669770000,3.64,3.67,3.635,3.65,201000,NaN,NaN,NaN,NaN,NaN,NaN,NaN
1669856400,3.675,3.96,3.675,3.795,4218600,NaN,NaN,NaN,NaN,NaN,NaN,NaN
1669942800,3.78,3.94,3.765,3.885,571400,NaN,NaN,NaN,NaN,NaN,NaN,NaN
1670202000,3.78,3.86,3.78,3.815,155400,NaN,NaN,NaN,NaN,NaN,NaN,NaN
1670288400,3.78,3.86,3.775,3.835,294200,NaN,NaN,NaN,NaN,NaN,NaN,NaN
1670374800,3.8,3.81,3.775,3.775,178800,NaN,NaN,NaN,NaN,NaN,NaN,NaN
1670461200,3.775,3.815,3.775,3.8,251800,NaN,NaN,NaN,NaN,NaN,NaN,NaN
1670547600,3.8,4,3.8,3.97,796000,NaN,NaN,NaN,NaN,NaN,NaN,NaN
1670806800,3.965,3.965,3.84,3.865,185600,NaN,NaN,NaN,NaN,NaN,NaN,NaN
1670893200,3.87,3.935,3.87,3.905,406000,NaN,NaN,NaN,NaN,NaN,NaN,NaN
1670979600,3.9,3.975,3.89,3.925,573000,NaN,NaN,NaN,NaN,NaN,NaN,NaN
1671066000,3.925,3.925,3.89,3.9,373200,NaN,NaN,NaN,NaN,NaN,NaN,NaN
1671152400,3.9,3.905,3.88,3.9,223200,NaN,NaN,NaN,NaN,NaN,NaN,NaN
1671411600,3.9,3.9,3.855,3.87,220600,NaN,NaN,NaN,NaN,NaN,NaN,NaN
1671498000,3.845,3.845,3.785,3.795,299000,NaN,NaN,NaN,NaN,NaN,NaN,NaN
1671584400,3.825,3.845,3.815,3.83,2033200,NaN,NaN,NaN,NaN,NaN,NaN,NaN
1671670800,3.83,3.845,3.825,3.84,33800,NaN,NaN,NaN,NaN,NaN,NaN,NaN
1671757200,3.825,3.83,3.825,3.83,38200,NaN,NaN,NaN,NaN,NaN,NaN,NaN
1672102800,3.825,3.84,3.82,3.825,206400,NaN,NaN,NaN,NaN,NaN,NaN,NaN
1672189200,3.825,3.83,3.82,3.825,314600,NaN,NaN,NaN,NaN,NaN,NaN,NaN
1672275600,3.825,3.83,3.82,3.825,132600,NaN,NaN,NaN,NaN,NaN,NaN,NaN
1672362000,3.825,3.85,3.81,3.825,193000,1889312000,1138152000,264012999.99999997,64358000.00000001,189995000,874335000,0.705882352941177
1672707600,3.825,3.83,3.82,3.825,104600,NaN,NaN,NaN,NaN,NaN,NaN,NaN
1672794000,3.825,3.825,3.77,3.81,406000,NaN,NaN,NaN,NaN,NaN,NaN,NaN
1672880400,3.77,3.805,3.77,3.8,1994000,NaN,NaN,NaN,NaN,NaN,NaN,NaN
1672966800,3.8,3.81,3.78,3.8,1394000,NaN,NaN,NaN,NaN,NaN,NaN,NaN
1673226000,3.815,3.88,3.815,3.88,273600,NaN,NaN,NaN,NaN,NaN,NaN,NaN
1673312400,3.88,3.9,3.88,3.89,445000,NaN,NaN,NaN,NaN,NaN,NaN,NaN
1673398800,3.85,3.92,3.85,3.895,1196800,NaN,NaN,NaN,NaN,NaN,NaN,NaN
1673485200,3.855,3.92,3.855,3.915,2554400,NaN,NaN,NaN,NaN,NaN,NaN,NaN
1673571600,3.92,4,3.92,3.995,757600,NaN,NaN,NaN,NaN,NaN,NaN,NaN
1673830800,4,4,3.94,3.95,1606400,NaN,NaN,NaN,NaN,NaN,NaN,NaN
1673917200,3.9,3.975,3.88,3.9,115000,NaN,NaN,NaN,NaN,NaN,NaN,NaN
1674003600,3.93,3.98,3.9,3.93,236800,NaN,NaN,NaN,NaN,NaN,NaN,NaN
1674090000,3.935,3.935,3.865,3.87,107800,NaN,NaN,NaN,NaN,NaN,NaN,NaN
1674176400,3.88,3.935,3.88,3.9,522800,NaN,NaN,NaN,NaN,NaN,NaN,NaN
1674608400,3.9,3.96,3.9,3.96,75400,NaN,NaN,NaN,NaN,NaN,NaN,NaN
1674694800,3.96,3.965,3.9,3.925,122200,NaN,NaN,NaN,NaN,NaN,NaN,NaN
1674781200,3.94,4.1,3.93,4.1,1122400,NaN,NaN,NaN,NaN,NaN,NaN,NaN
1675040400,4.1,4.1,4.03,4.04,612200,NaN,NaN,NaN,NaN,NaN,NaN,NaN
1675126800,4.03,4.035,3.915,3.92,397800,NaN,NaN,NaN,NaN,NaN,NaN,NaN
1675299600,4,4.145,4,4.1,1758600,NaN,NaN,NaN,NaN,NaN,NaN,NaN
1675386000,4.1,4.335,4.1,4.125,2204000,NaN,NaN,NaN,NaN,NaN,NaN,NaN
1675731600,4.105,4.12,4.1,4.115,128800,NaN,NaN,NaN,NaN,NaN,NaN,NaN
1675818000,4.105,4.225,4.1,4.165,971800,NaN,NaN,NaN,NaN,NaN,NaN,NaN
1675904400,4.165,4.165,4.1,4.13,363200,NaN,NaN,NaN,NaN,NaN,NaN,NaN
1675990800,4.13,4.13,4.095,4.1,705400,NaN,NaN,NaN,NaN,NaN,NaN,NaN
1676250000,4.09,4.09,3.955,3.965,200600,NaN,NaN,NaN,NaN,NaN,NaN,NaN
1676336400,3.99,4.05,3.98,4.04,166800,NaN,NaN,NaN,NaN,NaN,NaN,NaN
1676422800,4.015,4.04,3.975,4.025,108000,NaN,NaN,NaN,NaN,NaN,NaN,NaN
1676509200,4.025,4.05,3.97,4.025,2850600,NaN,NaN,NaN,NaN,NaN,NaN,NaN
1676595600,3.95,4,3.865,3.89,271200,NaN,NaN,NaN,NaN,NaN,NaN,NaN
1676854800,3.9,3.9,3.845,3.86,558400,NaN,NaN,NaN,NaN,NaN,NaN,NaN
1676941200,3.835,3.9,3.8,3.835,118000,NaN,NaN,NaN,NaN,NaN,NaN,NaN
1677027600,3.84,3.895,3.81,3.84,109600,NaN,NaN,NaN,NaN,NaN,NaN,NaN
1677114000,3.84,3.895,3.8,3.87,209200,NaN,NaN,NaN,NaN,NaN,NaN,NaN
1677200400,3.895,4,3.86,3.99,335200,NaN,NaN,NaN,NaN,NaN,NaN,NaN
1677459600,3.99,4.02,3.91,3.975,229200,NaN,NaN,NaN,NaN,NaN,NaN,NaN
1677546000,3.915,4.05,3.9,4,1034400,NaN,NaN,NaN,NaN,NaN,NaN,NaN
1677632400,4,4,3.945,3.995,55000,NaN,NaN,NaN,NaN,NaN,NaN,NaN
1677718800,4,4.05,3.965,4.02,75600,NaN,NaN,NaN,NaN,NaN,NaN,NaN
1677805200,3.975,3.995,3.975,3.995,34200,NaN,NaN,NaN,NaN,NaN,NaN,NaN
1678064400,3.995,4.05,3.98,4,973000,NaN,NaN,NaN,NaN,NaN,NaN,NaN
1678150800,4,4.025,3.975,3.975,97600,NaN,NaN,NaN,NaN,NaN,NaN,NaN
1678237200,4,4,3.94,3.95,1251400,NaN,NaN,NaN,NaN,NaN,NaN,NaN
1678323600,3.93,3.93,3.845,3.85,361800,NaN,NaN,NaN,NaN,NaN,NaN,NaN
1678410000,3.85,3.86,3.815,3.825,1638400,NaN,NaN,NaN,NaN,NaN,NaN,NaN
1678669200,3.81,3.89,3.775,3.79,326800,NaN,NaN,NaN,NaN,NaN,NaN,NaN
1678755600,3.79,3.79,3.7,3.7,2237800,NaN,NaN,NaN,NaN,NaN,NaN,NaN
1678842000,3.75,3.79,3.7,3.73,2195200,NaN,NaN,NaN,NaN,NaN,NaN,NaN
1678928400,3.73,3.795,3.715,3.79,124800,NaN,NaN,NaN,NaN,NaN,NaN,NaN
1679014800,3.79,3.85,3.78,3.78,246400,NaN,NaN,NaN,NaN,NaN,NaN,NaN
1679274000,3.765,3.845,3.765,3.84,286800,NaN,NaN,NaN,NaN,NaN,NaN,NaN
1679360400,3.84,3.855,3.84,3.85,332400,NaN,NaN,NaN,NaN,NaN,NaN,NaN
1679446800,3.85,3.88,3.8,3.855,429200,NaN,NaN,NaN,NaN,NaN,NaN,NaN
1679533200,3.86,3.945,3.86,3.94,465800,NaN,NaN,NaN,NaN,NaN,NaN,NaN
1679619600,3.89,3.935,3.89,3.93,300200,NaN,NaN,NaN,NaN,NaN,NaN,NaN
1679878800,3.93,3.95,3.86,3.86,722400,NaN,NaN,NaN,NaN,NaN,NaN,NaN
1679965200,3.895,3.945,3.865,3.94,482400,NaN,NaN,NaN,NaN,NaN,NaN,NaN
1680051600,3.9,3.94,3.88,3.94,119000,NaN,NaN,NaN,NaN,NaN,NaN,NaN
1680138000,3.885,3.99,3.885,3.99,235600,NaN,NaN,NaN,NaN,NaN,NaN,NaN
1680224400,3.995,4,3.965,3.99,526000,1889312000,1149583000,240282000,31154000,133330999.99999999,909647000,0.676691729323308
1680483600,3.98,4.0100005,3.975,4,142600,NaN,NaN,NaN,NaN,NaN,NaN,NaN
1680570000,4,4,3.99,3.995,315400,NaN,NaN,NaN,NaN,NaN,NaN,NaN
1680656400,4.0100005,4.0100005,3.97,3.995,311000,NaN,NaN,NaN,NaN,NaN,NaN,NaN
1680742800,4,4,3.905,3.96,49600,NaN,NaN,NaN,NaN,NaN,NaN,NaN
1680829200,3.925,3.95,3.875,3.905,50400,NaN,NaN,NaN,NaN,NaN,NaN,NaN
1681088400,3.9,3.95,3.895,3.94,38400,NaN,NaN,NaN,NaN,NaN,NaN,NaN
1681174800,3.92,3.955,3.92,3.95,31200,NaN,NaN,NaN,NaN,NaN,NaN,NaN
1681261200,3.925,3.925,3.895,3.91,206200,NaN,NaN,NaN,NaN,NaN,NaN,NaN
1681347600,3.93,3.945,3.9,3.945,237600,NaN,NaN,NaN,NaN,NaN,NaN,NaN
1681434000,3.95,4.04,3.95,3.99,783000,NaN,NaN,NaN,NaN,NaN,NaN,NaN
1681693200,4,4,3.95,3.95,184000,NaN,NaN,NaN,NaN,NaN,NaN,NaN
1681779600,3.95,4.03,3.95,4,298800,NaN,NaN,NaN,NaN,NaN,NaN,NaN
1681866000,4,4,3.945,3.98,51400,NaN,NaN,NaN,NaN,NaN,NaN,NaN
1681952400,3.95,3.99,3.95,3.98,54000,NaN,NaN,NaN,NaN,NaN,NaN,NaN
1682384400,3.98,3.98,3.94,3.965,8000,NaN,NaN,NaN,NaN,NaN,NaN,NaN
1682470800,3.925,3.995,3.925,3.995,132200,NaN,NaN,NaN,NaN,NaN,NaN,NaN
1682557200,3.975,3.975,3.925,3.95,59200,NaN,NaN,NaN,NaN,NaN,NaN,NaN
1682643600,3.95,4.005,3.9,3.995,258400,NaN,NaN,NaN,NaN,NaN,NaN,NaN
1682989200,3.995,4,3.985,3.995,113400,NaN,NaN,NaN,NaN,NaN,NaN,NaN
1683075600,3.95,3.98,3.945,3.955,319000,NaN,NaN,NaN,NaN,NaN,NaN,NaN
1683248400,3.95,3.95,3.9,3.905,248800,NaN,NaN,NaN,NaN,NaN,NaN,NaN
1683507600,3.905,3.93,3.905,3.93,86200,NaN,NaN,NaN,NaN,NaN,NaN,NaN
1683594000,3.93,3.93,3.895,3.91,529200,NaN,NaN,NaN,NaN,NaN,NaN,NaN
1683680400,3.91,3.96,3.9,3.96,780200,NaN,NaN,NaN,NaN,NaN,NaN,NaN
1683766800,3.95,3.95,3.905,3.92,160600,NaN,NaN,NaN,NaN,NaN,NaN,NaN
1683853200,3.9,3.915,3.9,3.91,76600,NaN,NaN,NaN,NaN,NaN,NaN,NaN
1684112400,3.925,3.925,3.9,3.91,93000,NaN,NaN,NaN,NaN,NaN,NaN,NaN
1684198800,3.91,3.915,3.9,3.915,996400,NaN,NaN,NaN,NaN,NaN,NaN,NaN
1684285200,3.9,3.925,3.9,3.925,525400,NaN,NaN,NaN,NaN,NaN,NaN,NaN
1684371600,3.925,3.975,3.925,3.945,416000,NaN,NaN,NaN,NaN,NaN,NaN,NaN
1684458000,3.945,3.96,3.93,3.95,47400,NaN,NaN,NaN,NaN,NaN,NaN,NaN
1684717200,3.975,3.975,3.905,3.945,41600,NaN,NaN,NaN,NaN,NaN,NaN,NaN
1684803600,3.95,3.95,3.91,3.94,61200,NaN,NaN,NaN,NaN,NaN,NaN,NaN
1684890000,3.9,3.925,3.9,3.925,10400,NaN,NaN,NaN,NaN,NaN,NaN,NaN
1684976400,3.9,3.925,3.875,3.9,271600,NaN,NaN,NaN,NaN,NaN,NaN,NaN
1685062800,3.88,3.94,3.865,3.875,159200,NaN,NaN,NaN,NaN,NaN,NaN,NaN
1685322000,3.875,3.95,3.875,3.94,105000,NaN,NaN,NaN,NaN,NaN,NaN,NaN
1685408400,3.9,3.945,3.9,3.925,116200,NaN,NaN,NaN,NaN,NaN,NaN,NaN
1685494800,3.925,3.95,3.9,3.9,276600,NaN,NaN,NaN,NaN,NaN,NaN,NaN
1685581200,3.95,3.95,3.88,3.93,27200,NaN,NaN,NaN,NaN,NaN,NaN,NaN
1685667600,3.925,3.945,3.9,3.935,15600,NaN,NaN,NaN,NaN,NaN,NaN,NaN
1686013200,3.92,3.945,3.92,3.945,205800,NaN,NaN,NaN,NaN,NaN,NaN,NaN
1686099600,3.905,4,3.905,3.98,517800,NaN,NaN,NaN,NaN,NaN,NaN,NaN
1686186000,3.98,3.995,3.91,3.915,223400,NaN,NaN,NaN,NaN,NaN,NaN,NaN
1686272400,3.91,3.945,3.9,3.945,77400,NaN,NaN,NaN,NaN,NaN,NaN,NaN
1686531600,3.935,3.945,3.91,3.945,3400,NaN,NaN,NaN,NaN,NaN,NaN,NaN
1686618000,3.94,3.975,3.935,3.945,3891800,NaN,NaN,NaN,NaN,NaN,NaN,NaN
1686704400,3.945,4.02,3.945,4.005,1245400,NaN,NaN,NaN,NaN,NaN,NaN,NaN
1686790800,4,4,3.94,4,116000,NaN,NaN,NaN,NaN,NaN,NaN,NaN
1686877200,4,4.005,3.975,4,1090800,NaN,NaN,NaN,NaN,NaN,NaN,NaN
1687136400,3.985,4.075,3.95,4.075,843200,NaN,NaN,NaN,NaN,NaN,NaN,NaN
1687222800,4.05,4.05,4.0100005,4.025,56400,NaN,NaN,NaN,NaN,NaN,NaN,NaN
1687309200,4.005,4.05,3.98,4,150000,NaN,NaN,NaN,NaN,NaN,NaN,NaN
1687395600,3.995,3.995,3.94,3.945,411200,NaN,NaN,NaN,NaN,NaN,NaN,NaN
1687482000,3.955,3.97,3.945,3.95,753600,NaN,NaN,NaN,NaN,NaN,NaN,NaN
1687741200,3.95,3.955,3.94,3.945,227600,NaN,NaN,NaN,NaN,NaN,NaN,NaN
1687827600,3.945,4,3.91,3.995,1035400,NaN,NaN,NaN,NaN,NaN,NaN,NaN
1687914000,3.97,4,3.97,3.985,447000,NaN,NaN,NaN,NaN,NaN,NaN,NaN
1688086800,3.985,3.99,3.95,3.99,801000,1890548600,1176747000,267093000.00000003,36032000,149390000,910157000,0.676691729323308
1688346000,3.99,4,3.97,3.995,51600,NaN,NaN,NaN,NaN,NaN,NaN,NaN
1688432400,3.98,4,3.98,4,2153800,NaN,NaN,NaN,NaN,NaN,NaN,NaN
1688518800,4,4,3.9,3.9,265200,NaN,NaN,NaN,NaN,NaN,NaN,NaN
1688605200,3.9,3.95,3.89,3.91,896200,NaN,NaN,NaN,NaN,NaN,NaN,NaN
1688691600,3.915,3.96,3.915,3.945,72800,NaN,NaN,NaN,NaN,NaN,NaN,NaN
1688950800,3.945,3.96,3.935,3.955,219600,NaN,NaN,NaN,NaN,NaN,NaN,NaN
1689037200,3.915,4,3.915,4,1290200,NaN,NaN,NaN,NaN,NaN,NaN,NaN
1689123600,4,4,3.975,3.995,469800,NaN,NaN,NaN,NaN,NaN,NaN,NaN
1689210000,4,4,3.98,4,387000,NaN,NaN,NaN,NaN,NaN,NaN,NaN
1689296400,3.99,4.025,3.99,4.0100005,5397800,NaN,NaN,NaN,NaN,NaN,NaN,NaN
1689555600,4.02,4.29,4.015,4.255,5261000,NaN,NaN,NaN,NaN,NaN,NaN,NaN
1689642000,4.25,4.25,4.145,4.15,2716200,NaN,NaN,NaN,NaN,NaN,NaN,NaN
1689814800,4.15,4.16,4.005,4.02,846200,NaN,NaN,NaN,NaN,NaN,NaN,NaN
1689901200,4.035,4.105,4.025,4.1,2033800,NaN,NaN,NaN,NaN,NaN,NaN,NaN
1690160400,4.03,4.095,4.03,4.035,718000,NaN,NaN,NaN,NaN,NaN,NaN,NaN
1690246800,4.1,4.1,4.025,4.035,1567800,NaN,NaN,NaN,NaN,NaN,NaN,NaN
1690333200,4.05,4.095,4.005,4.035,1771800,NaN,NaN,NaN,NaN,NaN,NaN,NaN
1690419600,4.08,4.08,4.02,4.025,1004200,NaN,NaN,NaN,NaN,NaN,NaN,NaN
1690506000,4.0100005,4.015,3.875,3.925,2140200,NaN,NaN,NaN,NaN,NaN,NaN,NaN
1690765200,3.9,3.955,3.835,3.925,1733800,NaN,NaN,NaN,NaN,NaN,NaN,NaN
1690851600,3.925,3.935,3.9,3.935,1562400,NaN,NaN,NaN,NaN,NaN,NaN,NaN
1690938000,3.93,3.97,3.925,3.965,1887000,NaN,NaN,NaN,NaN,NaN,NaN,NaN
1691024400,3.915,3.97,3.915,3.955,2036000,NaN,NaN,NaN,NaN,NaN,NaN,NaN
1691110800,3.945,3.96,3.935,3.95,60400,NaN,NaN,NaN,NaN,NaN,NaN,NaN
1691370000,3.96,3.96,3.915,3.955,177200,NaN,NaN,NaN,NaN,NaN,NaN,NaN
1691456400,3.965,3.965,3.9,3.92,706000,NaN,NaN,NaN,NaN,NaN,NaN,NaN
1691542800,3.915,3.955,3.89,3.95,483000,NaN,NaN,NaN,NaN,NaN,NaN,NaN
1691629200,3.925,3.94,3.905,3.94,712600,NaN,NaN,NaN,NaN,NaN,NaN,NaN
1691715600,3.93,3.95,3.93,3.93,190600,NaN,NaN,NaN,NaN,NaN,NaN,NaN
1691974800,3.96,3.96,3.875,3.88,361800,NaN,NaN,NaN,NaN,NaN,NaN,NaN
1692061200,3.885,3.915,3.885,3.915,688800,NaN,NaN,NaN,NaN,NaN,NaN,NaN
1692147600,3.91,3.915,3.88,3.915,520800,NaN,NaN,NaN,NaN,NaN,NaN,NaN
1692234000,3.91,3.955,3.89,3.95,1213600,NaN,NaN,NaN,NaN,NaN,NaN,NaN
1692320400,3.945,3.965,3.91,3.965,2234600,NaN,NaN,NaN,NaN,NaN,NaN,NaN
1692579600,3.965,3.965,3.885,3.89,2004800,NaN,NaN,NaN,NaN,NaN,NaN,NaN
1692666000,3.95,3.95,3.89,3.93,3143000,NaN,NaN,NaN,NaN,NaN,NaN,NaN
1692752400,3.885,3.885,3.875,3.88,431600,NaN,NaN,NaN,NaN,NaN,NaN,NaN
1692838800,3.88,3.895,3.85,3.855,1077800,NaN,NaN,NaN,NaN,NaN,NaN,NaN
1692925200,3.855,3.855,3.805,3.815,613400,NaN,NaN,NaN,NaN,NaN,NaN,NaN
1693184400,3.815,3.815,3.775,3.775,451400,NaN,NaN,NaN,NaN,NaN,NaN,NaN
1693270800,3.775,3.775,3.755,3.775,1273200,NaN,NaN,NaN,NaN,NaN,NaN,NaN
1693357200,3.755,3.89,3.755,3.79,1019600,NaN,NaN,NaN,NaN,NaN,NaN,NaN
1693530000,3.8,3.87,3.79,3.79,664800,NaN,NaN,NaN,NaN,NaN,NaN,NaN
1693789200,3.88,3.9,3.78,3.9,2100600,NaN,NaN,NaN,NaN,NaN,NaN,NaN
1693875600,3.9,3.925,3.855,3.875,450400,NaN,NaN,NaN,NaN,NaN,NaN,NaN
1693962000,3.925,3.925,3.85,3.9,1062400,NaN,NaN,NaN,NaN,NaN,NaN,NaN
1694048400,3.9,3.9,3.8,3.84,770200,NaN,NaN,NaN,NaN,NaN,NaN,NaN
1694134800,3.875,3.875,3.815,3.82,656200,NaN,NaN,NaN,NaN,NaN,NaN,NaN
1694394000,3.86,3.86,3.81,3.815,739800,NaN,NaN,NaN,NaN,NaN,NaN,NaN
1694480400,3.85,3.85,3.795,3.85,2168000,NaN,NaN,NaN,NaN,NaN,NaN,NaN
1694566800,3.85,3.85,3.765,3.81,1983600,NaN,NaN,NaN,NaN,NaN,NaN,NaN
1694653200,3.81,3.84,3.805,3.81,646000,NaN,NaN,NaN,NaN,NaN,NaN,NaN
1694739600,3.845,3.845,3.75,3.75,27601600,NaN,NaN,NaN,NaN,NaN,NaN,NaN
1694998800,3.765,3.8,3.68,3.725,2091800,NaN,NaN,NaN,NaN,NaN,NaN,NaN
1695085200,3.725,3.8,3.695,3.725,1056400,NaN,NaN,NaN,NaN,NaN,NaN,NaN
1695171600,3.705,3.805,3.7,3.75,1225800,NaN,NaN,NaN,NaN,NaN,NaN,NaN
1695258000,3.715,3.79,3.715,3.79,25400,NaN,NaN,NaN,NaN,NaN,NaN,NaN
1695344400,3.765,3.79,3.76,3.765,328600,NaN,NaN,NaN,NaN,NaN,NaN,NaN
1695603600,3.76,3.765,3.75,3.75,199000,NaN,NaN,NaN,NaN,NaN,NaN,NaN
1695690000,3.75,3.775,3.73,3.75,335800,NaN,NaN,NaN,NaN,NaN,NaN,NaN
1695776400,3.75,3.755,3.715,3.75,649200,NaN,NaN,NaN,NaN,NaN,NaN,NaN
1695949200,3.75,3.75,3.705,3.72,264200,1890635600,1167384000,223313000,39683000,149971000,944751000,0.725806451612903
1696208400,3.72,3.72,3.675,3.675,311200,NaN,NaN,NaN,NaN,NaN,NaN,NaN
1696294800,3.69,3.69,3.61,3.655,308600,NaN,NaN,NaN,NaN,NaN,NaN,NaN
1696381200,3.65,3.695,3.615,3.625,1750800,NaN,NaN,NaN,NaN,NaN,NaN,NaN
1696467600,3.625,3.655,3.57,3.585,523400,NaN,NaN,NaN,NaN,NaN,NaN,NaN
1696554000,3.585,3.66,3.585,3.61,389800,NaN,NaN,NaN,NaN,NaN,NaN,NaN
1696813200,3.62,3.62,3.58,3.6,359000,NaN,NaN,NaN,NaN,NaN,NaN,NaN
1696899600,3.605,3.605,3.575,3.585,80000,NaN,NaN,NaN,NaN,NaN,NaN,NaN
1696986000,3.6,3.615,3.55,3.565,392000,NaN,NaN,NaN,NaN,NaN,NaN,NaN
1697072400,3.565,3.6,3.565,3.575,354600,NaN,NaN,NaN,NaN,NaN,NaN,NaN
1697158800,3.595,3.595,3.565,3.565,393000,NaN,NaN,NaN,NaN,NaN,NaN,NaN
1697418000,3.565,3.58,3.55,3.565,127800,NaN,NaN,NaN,NaN,NaN,NaN,NaN
1697504400,3.575,3.58,3.525,3.575,247600,NaN,NaN,NaN,NaN,NaN,NaN,NaN
1697590800,3.575,3.61,3.56,3.61,126200,NaN,NaN,NaN,NaN,NaN,NaN,NaN
1697677200,3.59,3.59,3.55,3.555,422400,NaN,NaN,NaN,NaN,NaN,NaN,NaN
1697763600,3.55,3.57,3.55,3.56,207600,NaN,NaN,NaN,NaN,NaN,NaN,NaN
1698022800,3.555,3.59,3.55,3.56,126400,NaN,NaN,NaN,NaN,NaN,NaN,NaN
1698109200,3.56,3.63,3.56,3.625,180600,NaN,NaN,NaN,NaN,NaN,NaN,NaN
1698195600,3.575,3.675,3.575,3.615,1313800,NaN,NaN,NaN,NaN,NaN,NaN,NaN
1698282000,3.615,3.615,3.565,3.6,47400,NaN,NaN,NaN,NaN,NaN,NaN,NaN
1698368400,3.555,3.58,3.46,3.46,3074400,NaN,NaN,NaN,NaN,NaN,NaN,NaN
1698627600,3.46,3.46,3.405,3.44,671000,NaN,NaN,NaN,NaN,NaN,NaN,NaN
1698714000,3.44,3.45,3.43,3.44,434000,NaN,NaN,NaN,NaN,NaN,NaN,NaN
1698800400,3.44,3.44,3.395,3.405,439600,NaN,NaN,NaN,NaN,NaN,NaN,NaN
1698886800,3.4,3.405,3.39,3.395,365800,NaN,NaN,NaN,NaN,NaN,NaN,NaN
1698973200,3.4,3.41,3.39,3.4,1584200,NaN,NaN,NaN,NaN,NaN,NaN,NaN
1699232400,3.4,3.46,3.4,3.435,1889400,NaN,NaN,NaN,NaN,NaN,NaN,NaN
1699318800,3.435,3.435,3.37,3.38,1635600,NaN,NaN,NaN,NaN,NaN,NaN,NaN
1699405200,3.385,3.41,3.385,3.4,2408400,NaN,NaN,NaN,NaN,NaN,NaN,NaN
1699491600,3.4,3.41,3.385,3.4,2758800,NaN,NaN,NaN,NaN,NaN,NaN,NaN
1699578000,3.4,3.405,3.385,3.4,2830200,NaN,NaN,NaN,NaN,NaN,NaN,NaN
1699923600,3.4,3.4,3.365,3.375,1082600,NaN,NaN,NaN,NaN,NaN,NaN,NaN
1700010000,3.395,3.395,3.37,3.375,1236200,NaN,NaN,NaN,NaN,NaN,NaN,NaN
1700096400,3.375,3.385,3.365,3.375,2267600,NaN,NaN,NaN,NaN,NaN,NaN,NaN
1700182800,3.38,3.405,3.38,3.4,359000,NaN,NaN,NaN,NaN,NaN,NaN,NaN
1700442000,3.4,3.47,3.4,3.43,1577000,NaN,NaN,NaN,NaN,NaN,NaN,NaN
1700528400,3.415,3.45,3.415,3.45,1780200,NaN,NaN,NaN,NaN,NaN,NaN,NaN
1700614800,3.445,3.485,3.44,3.475,933600,NaN,NaN,NaN,NaN,NaN,NaN,NaN
1700701200,3.46,3.475,3.445,3.45,566800,NaN,NaN,NaN,NaN,NaN,NaN,NaN
1700787600,3.475,3.495,3.46,3.475,213200,NaN,NaN,NaN,NaN,NaN,NaN,NaN
1701046800,3.475,3.475,3.455,3.47,1120200,NaN,NaN,NaN,NaN,NaN,NaN,NaN
1701133200,3.465,3.465,3.43,3.455,233600,NaN,NaN,NaN,NaN,NaN,NaN,NaN
1701219600,3.47,3.47,3.43,3.465,120800,NaN,NaN,NaN,NaN,NaN,NaN,NaN
1701306000,3.455,3.505,3.445,3.5,870200,NaN,NaN,NaN,NaN,NaN,NaN,NaN
1701392400,3.505,3.505,3.455,3.49,64200,NaN,NaN,NaN,NaN,NaN,NaN,NaN
1701651600,3.495,3.515,3.465,3.5,293200,NaN,NaN,NaN,NaN,NaN,NaN,NaN
1701738000,3.5,3.52,3.5,3.52,301400,NaN,NaN,NaN,NaN,NaN,NaN,NaN
1701824400,3.505,3.54,3.505,3.525,275000,NaN,NaN,NaN,NaN,NaN,NaN,NaN
1701910800,3.525,3.615,3.515,3.595,354600,NaN,NaN,NaN,NaN,NaN,NaN,NaN
1701997200,3.595,3.675,3.585,3.67,443800,NaN,NaN,NaN,NaN,NaN,NaN,NaN
1702256400,3.66,3.665,3.615,3.65,1003400,NaN,NaN,NaN,NaN,NaN,NaN,NaN
1702342800,3.665,3.665,3.55,3.55,152000,NaN,NaN,NaN,NaN,NaN,NaN,NaN
1702429200,3.54,3.595,3.51,3.595,75600,NaN,NaN,NaN,NaN,NaN,NaN,NaN
1702515600,3.6,3.635,3.59,3.61,138200,NaN,NaN,NaN,NaN,NaN,NaN,NaN
1702602000,3.6,3.625,3.6,3.605,72800,NaN,NaN,NaN,NaN,NaN,NaN,NaN
1702861200,3.585,3.62,3.585,3.6,288600,NaN,NaN,NaN,NaN,NaN,NaN,NaN
1702947600,3.6,3.645,3.6,3.605,82800,NaN,NaN,NaN,NaN,NaN,NaN,NaN
1703034000,3.605,3.625,3.6,3.625,294400,NaN,NaN,NaN,NaN,NaN,NaN,NaN
1703120400,3.64,3.65,3.61,3.64,193400,NaN,NaN,NaN,NaN,NaN,NaN,NaN
1703206800,3.615,3.64,3.56,3.63,112800,NaN,NaN,NaN,NaN,NaN,NaN,NaN
1703552400,3.615,3.65,3.575,3.65,189600,NaN,NaN,NaN,NaN,NaN,NaN,NaN
1703638800,3.58,3.65,3.58,3.64,117800,NaN,NaN,NaN,NaN,NaN,NaN,NaN
1703725200,3.65,3.65,3.615,3.65,77200,NaN,NaN,NaN,NaN,NaN,NaN,NaN
1703811600,3.65,3.66,3.625,3.645,102400,1890702000,1166419000,208446000,31457000,142230000,958906000,0.473251028806584
1704157200,3.6,3.63,3.575,3.575,147200,NaN,NaN,NaN,NaN,NaN,NaN,NaN
1704243600,3.6,3.6,3.59,3.6,63800,NaN,NaN,NaN,NaN,NaN,NaN,NaN
1704330000,3.6,3.625,3.58,3.6,1052600,NaN,NaN,NaN,NaN,NaN,NaN,NaN
1704416400,3.6,3.6,3.57,3.57,233400,NaN,NaN,NaN,NaN,NaN,NaN,NaN
1704675600,3.58,3.6,3.56,3.58,200000,NaN,NaN,NaN,NaN,NaN,NaN,NaN
1704762000,3.585,3.615,3.575,3.59,1171000,NaN,NaN,NaN,NaN,NaN,NaN,NaN
1704848400,3.605,3.625,3.575,3.615,209600,NaN,NaN,NaN,NaN,NaN,NaN,NaN
1704934800,3.615,3.62,3.6,3.615,908400,NaN,NaN,NaN,NaN,NaN,NaN,NaN
1705021200,3.63,3.64,3.59,3.625,119200,NaN,NaN,NaN,NaN,NaN,NaN,NaN
1705280400,3.595,3.605,3.57,3.605,204800,NaN,NaN,NaN,NaN,NaN,NaN,NaN
1705366800,3.605,3.64,3.57,3.615,194800,NaN,NaN,NaN,NaN,NaN,NaN,NaN
1705453200,3.565,3.615,3.55,3.615,249800,NaN,NaN,NaN,NaN,NaN,NaN,NaN
1705539600,3.615,3.615,3.55,3.59,1444200,NaN,NaN,NaN,NaN,NaN,NaN,NaN
1705626000,3.6,3.605,3.57,3.605,1415400,NaN,NaN,NaN,NaN,NaN,NaN,NaN
1705885200,3.59,3.6,3.58,3.6,862000,NaN,NaN,NaN,NaN,NaN,NaN,NaN
1705971600,3.575,3.6,3.575,3.58,672800,NaN,NaN,NaN,NaN,NaN,NaN,NaN
1706058000,3.6,3.6,3.54,3.54,79200,NaN,NaN,NaN,NaN,NaN,NaN,NaN
1706230800,3.545,3.545,3.45,3.465,732000,NaN,NaN,NaN,NaN,NaN,NaN,NaN
1706490000,3.5,3.5,3.36,3.425,1209400,NaN,NaN,NaN,NaN,NaN,NaN,NaN
1706576400,3.4,3.5,3.4,3.5,655400,NaN,NaN,NaN,NaN,NaN,NaN,NaN
1706662800,3.5,3.52,3.4,3.465,1607600,NaN,NaN,NaN,NaN,NaN,NaN,NaN
1706835600,3.47,3.495,3.46,3.475,2453000,NaN,NaN,NaN,NaN,NaN,NaN,NaN
1707094800,3.475,3.475,3.425,3.465,75600,NaN,NaN,NaN,NaN,NaN,NaN,NaN
1707181200,3.465,3.475,3.45,3.465,2025000,NaN,NaN,NaN,NaN,NaN,NaN,NaN
1707267600,3.49,3.53,3.47,3.5,974600,NaN,NaN,NaN,NaN,NaN,NaN,NaN
1707354000,3.515,3.535,3.515,3.515,404800,NaN,NaN,NaN,NaN,NaN,NaN,NaN
1707440400,3.505,3.525,3.5,3.515,19200,NaN,NaN,NaN,NaN,NaN,NaN,NaN
1707786000,3.515,3.565,3.515,3.56,243000,NaN,NaN,NaN,NaN,NaN,NaN,NaN
1707872400,3.56,3.56,3.475,3.53,229600,NaN,NaN,NaN,NaN,NaN,NaN,NaN
1707958800,3.515,3.525,3.5,3.515,1670000,NaN,NaN,NaN,NaN,NaN,NaN,NaN
1708045200,3.5,3.54,3.465,3.51,1346200,NaN,NaN,NaN,NaN,NaN,NaN,NaN
1708304400,3.51,3.545,3.455,3.51,1571200,NaN,NaN,NaN,NaN,NaN,NaN,NaN
1708390800,3.515,3.635,3.49,3.6,857200,NaN,NaN,NaN,NaN,NaN,NaN,NaN
1708477200,3.6,3.63,3.58,3.605,585600,NaN,NaN,NaN,NaN,NaN,NaN,NaN
1708563600,3.6,3.855,3.6,3.82,2697800,NaN,NaN,NaN,NaN,NaN,NaN,NaN
1708650000,3.8,3.93,3.65,3.785,2554200,NaN,NaN,NaN,NaN,NaN,NaN,NaN
1708909200,3.75,3.775,3.615,3.66,2771800,NaN,NaN,NaN,NaN,NaN,NaN,NaN
1708995600,3.67,3.77,3.655,3.725,3627000,NaN,NaN,NaN,NaN,NaN,NaN,NaN
1709082000,3.72,3.765,3.69,3.74,1239000,NaN,NaN,NaN,NaN,NaN,NaN,NaN
1709168400,3.75,3.79,3.69,3.75,2322600,NaN,NaN,NaN,NaN,NaN,NaN,NaN
1709254800,3.715,3.76,3.7,3.745,256800,NaN,NaN,NaN,NaN,NaN,NaN,NaN
1709514000,3.745,3.78,3.715,3.73,709600,NaN,NaN,NaN,NaN,NaN,NaN,NaN
1709600400,3.715,3.715,3.66,3.67,328000,NaN,NaN,NaN,NaN,NaN,NaN,NaN
1709686800,3.64,3.65,3.535,3.54,308600,NaN,NaN,NaN,NaN,NaN,NaN,NaN
1709773200,3.565,3.65,3.565,3.63,519600,NaN,NaN,NaN,NaN,NaN,NaN,NaN
1709859600,3.62,3.63,3.565,3.61,374400,NaN,NaN,NaN,NaN,NaN,NaN,NaN
1710118800,3.61,3.61,3.55,3.55,511800,NaN,NaN,NaN,NaN,NaN,NaN,NaN
1710205200,3.55,3.655,3.55,3.64,468200,NaN,NaN,NaN,NaN,NaN,NaN,NaN
1710291600,3.64,3.64,3.595,3.6,258800,NaN,NaN,NaN,NaN,NaN,NaN,NaN
1710378000,3.59,3.645,3.575,3.59,237000,NaN,NaN,NaN,NaN,NaN,NaN,NaN
1710464400,3.59,3.605,3.585,3.6,167000,NaN,NaN,NaN,NaN,NaN,NaN,NaN
1710723600,3.6,3.625,3.59,3.59,813800,NaN,NaN,NaN,NaN,NaN,NaN,NaN
1710810000,3.595,3.635,3.595,3.61,713200,NaN,NaN,NaN,NaN,NaN,NaN,NaN
1710896400,3.61,3.64,3.61,3.64,333200,NaN,NaN,NaN,NaN,NaN,NaN,NaN
1710982800,3.64,3.715,3.64,3.675,1331600,NaN,NaN,NaN,NaN,NaN,NaN,NaN
1711069200,3.625,3.745,3.625,3.725,2901600,NaN,NaN,NaN,NaN,NaN,NaN,NaN
1711328400,3.725,3.79,3.7,3.7,1750000,NaN,NaN,NaN,NaN,NaN,NaN,NaN
1711414800,3.725,3.725,3.65,3.69,1408000,NaN,NaN,NaN,NaN,NaN,NaN,NaN
1711501200,3.695,3.83,3.695,3.82,571000,NaN,NaN,NaN,NaN,NaN,NaN,NaN
1711674000,3.8,3.8,3.76,3.79,2579800,1890702000,1167275000,191182000,19162000,119613000,977244000,0.455145118733509
1711933200,3.785,3.845,3.75,3.84,3017800,NaN,NaN,NaN,NaN,NaN,NaN,NaN
1712019600,3.84,3.9,3.83,3.88,817600,NaN,NaN,NaN,NaN,NaN,NaN,NaN
1712106000,3.88,3.895,3.87,3.895,310800,NaN,NaN,NaN,NaN,NaN,NaN,NaN
1712192400,3.895,3.895,3.855,3.87,273400,NaN,NaN,NaN,NaN,NaN,NaN,NaN
1712278800,3.87,3.875,3.83,3.87,272400,NaN,NaN,NaN,NaN,NaN,NaN,NaN
1712538000,3.87,3.875,3.785,3.87,275200,NaN,NaN,NaN,NaN,NaN,NaN,NaN
1712624400,3.88,3.9,3.85,3.87,311200,NaN,NaN,NaN,NaN,NaN,NaN,NaN
1712883600,3.89,3.89,3.865,3.89,113400,NaN,NaN,NaN,NaN,NaN,NaN,NaN
1713142800,3.86,3.89,3.85,3.89,463800,NaN,NaN,NaN,NaN,NaN,NaN,NaN
1713229200,3.89,3.89,3.79,3.875,571800,NaN,NaN,NaN,NaN,NaN,NaN,NaN
1713315600,3.875,3.885,3.83,3.875,927600,NaN,NaN,NaN,NaN,NaN,NaN,NaN
1713402000,3.875,3.88,3.85,3.87,523400,NaN,NaN,NaN,NaN,NaN,NaN,NaN
1713488400,3.87,3.875,3.85,3.875,774600,NaN,NaN,NaN,NaN,NaN,NaN,NaN
1713747600,3.83,3.86,3.83,3.86,1293200,NaN,NaN,NaN,NaN,NaN,NaN,NaN
1713834000,3.83,3.83,3.75,3.785,964000,NaN,NaN,NaN,NaN,NaN,NaN,NaN
1713920400,3.785,3.84,3.785,3.8,936400,NaN,NaN,NaN,NaN,NaN,NaN,NaN
1714006800,3.8,3.85,3.8,3.81,246800,NaN,NaN,NaN,NaN,NaN,NaN,NaN
1714093200,3.775,3.775,3.575,3.7,10594200,NaN,NaN,NaN,NaN,NaN,NaN,NaN
1714352400,3.69,3.71,3.685,3.7,5218400,NaN,NaN,NaN,NaN,NaN,NaN,NaN
1714438800,3.7,3.725,3.68,3.725,978200,NaN,NaN,NaN,NaN,NaN,NaN,NaN
1714611600,3.72,3.72,3.67,3.7,2203000,NaN,NaN,NaN,NaN,NaN,NaN,NaN
1714698000,3.7,3.775,3.69,3.7,570000,NaN,NaN,NaN,NaN,NaN,NaN,NaN
1714957200,3.705,3.75,3.69,3.7,4349400,NaN,NaN,NaN,NaN,NaN,NaN,NaN
1715043600,3.7,3.715,3.69,3.7,495600,NaN,NaN,NaN,NaN,NaN,NaN,NaN
1715130000,3.7,3.71,3.67,3.71,522400,NaN,NaN,NaN,NaN,NaN,NaN,NaN
1715216400,3.7,3.745,3.68,3.7,1170600,NaN,NaN,NaN,NaN,NaN,NaN,NaN
1715302800,3.69,3.72,3.63,3.66,1346800,NaN,NaN,NaN,NaN,NaN,NaN,NaN
1715562000,3.66,3.735,3.645,3.72,331200,NaN,NaN,NaN,NaN,NaN,NaN,NaN
1715648400,3.72,3.745,3.72,3.725,550400,NaN,NaN,NaN,NaN,NaN,NaN,NaN
1715734800,3.735,3.86,3.735,3.785,910800,NaN,NaN,NaN,NaN,NaN,NaN,NaN
1715821200,3.795,3.845,3.785,3.8,673600,NaN,NaN,NaN,NaN,NaN,NaN,NaN
1715907600,3.79,3.905,3.79,3.84,1271400,NaN,NaN,NaN,NaN,NaN,NaN,NaN
1716166800,3.84,3.875,3.805,3.825,1095400,NaN,NaN,NaN,NaN,NaN,NaN,NaN
1716253200,3.815,3.83,3.805,3.825,1005600,NaN,NaN,NaN,NaN,NaN,NaN,NaN
1716426000,3.825,3.89,3.82,3.85,1248000,NaN,NaN,NaN,NaN,NaN,NaN,NaN
1716512400,3.885,3.885,3.825,3.85,452400,NaN,NaN,NaN,NaN,NaN,NaN,NaN
1716771600,3.86,3.97,3.86,3.94,1612200,NaN,NaN,NaN,NaN,NaN,NaN,NaN
1716858000,3.945,3.955,3.87,3.89,371600,NaN,NaN,NaN,NaN,NaN,NaN,NaN
1716944400,3.89,3.91,3.88,3.895,494400,NaN,NaN,NaN,NaN,NaN,NaN,NaN
1717030800,3.885,3.92,3.885,3.9,769400,NaN,NaN,NaN,NaN,NaN,NaN,NaN
1717117200,3.9,3.905,3.79,3.79,880400,NaN,NaN,NaN,NaN,NaN,NaN,NaN
1717462800,3.79,3.89,3.79,3.875,841800,NaN,NaN,NaN,NaN,NaN,NaN,NaN
1717549200,3.9,3.94,3.855,3.9,926000,NaN,NaN,NaN,NaN,NaN,NaN,NaN
1717635600,3.905,3.935,3.875,3.935,465200,NaN,NaN,NaN,NaN,NaN,NaN,NaN
1717722000,3.935,3.985,3.925,3.97,884800,NaN,NaN,NaN,NaN,NaN,NaN,NaN
1717981200,4.15,4.26,4.09,4.25,1611300,NaN,NaN,NaN,NaN,NaN,NaN,NaN
1718067600,4.26,5.06,4.16,4.85,2874200,NaN,NaN,NaN,NaN,NaN,NaN,NaN
1718154000,5,5.9,4.5,4.5,15430000,NaN,NaN,NaN,NaN,NaN,NaN,NaN
1718240400,4.71,4.81,4.5,4.76,8682000,NaN,NaN,NaN,NaN,NaN,NaN,NaN
1718326800,4.78,4.81,4.56,4.6,4648900,NaN,NaN,NaN,NaN,NaN,NaN,NaN
1718672400,4.64,4.79,4.56,4.57,4973300,NaN,NaN,NaN,NaN,NaN,NaN,NaN
1718758800,4.57,4.58,4.37,4.4,3938200,NaN,NaN,NaN,NaN,NaN,NaN,NaN
1718845200,4.26,4.6,4.26,4.4,4536300,NaN,NaN,NaN,NaN,NaN,NaN,NaN
1718931600,4.4,4.48,4.32,4.35,1817700,NaN,NaN,NaN,NaN,NaN,NaN,NaN
1719190800,4.34,4.34,4.16,4.2,3723700,NaN,NaN,NaN,NaN,NaN,NaN,NaN
1719277200,4.17,4.24,4.12,4.15,1731600,NaN,NaN,NaN,NaN,NaN,NaN,NaN
1719363600,4.15,4.15,4.08,4.13,2582900,NaN,NaN,NaN,NaN,NaN,NaN,NaN
1719450000,4.15,4.15,4.09,4.15,1974300,NaN,NaN,NaN,NaN,NaN,NaN,NaN
1719536400,4.15,4.15,4.12,4.12,1388500,1891835000,1185220000,201226000,31772000,137199000,985384000,0.388349514563107
1719795600,4.12,4.13,4.05,4.09,1738300,NaN,NaN,NaN,NaN,NaN,NaN,NaN
1719882000,4.08,4.31,4.08,4.25,3753100,NaN,NaN,NaN,NaN,NaN,NaN,NaN
1719968400,4.25,4.28,4.1,4.12,4095500,NaN,NaN,NaN,NaN,NaN,NaN,NaN
1720054800,4.12,4.12,3.99,4.03,3865500,NaN,NaN,NaN,NaN,NaN,NaN,NaN
1720141200,4.03,4.16,3.98,4.16,2039900,NaN,NaN,NaN,NaN,NaN,NaN,NaN
1720486800,4.16,4.55,4.16,4.4,5782900,NaN,NaN,NaN,NaN,NaN,NaN,NaN
1720573200,4.4,4.43,4.35,4.4,2021000,NaN,NaN,NaN,NaN,NaN,NaN,NaN
1720659600,4.42,4.53,4.38,4.51,2206700,NaN,NaN,NaN,NaN,NaN,NaN,NaN
1720746000,4.43,4.55,4.4,4.52,1276400,NaN,NaN,NaN,NaN,NaN,NaN,NaN
1721005200,4.52,4.64,4.52,4.58,1804400,NaN,NaN,NaN,NaN,NaN,NaN,NaN
1721091600,4.6,4.6,4.5,4.5,601100,NaN,NaN,NaN,NaN,NaN,NaN,NaN
1721178000,4.5,4.51,4.34,4.36,1286800,NaN,NaN,NaN,NaN,NaN,NaN,NaN
1721264400,4.32,4.35,4.16,4.25,2790500,NaN,NaN,NaN,NaN,NaN,NaN,NaN
1721350800,4.24,4.24,4.15,4.16,1480600,NaN,NaN,NaN,NaN,NaN,NaN,NaN
1721610000,4.16,4.24,4.08,4.21,584800,NaN,NaN,NaN,NaN,NaN,NaN,NaN
1721696400,4.23,4.27,4.13,4.25,1084200,NaN,NaN,NaN,NaN,NaN,NaN,NaN
1721782800,4.25,4.25,4.11,4.15,890500,NaN,NaN,NaN,NaN,NaN,NaN,NaN
1721869200,4.09,4.13,4.07,4.07,646200,NaN,NaN,NaN,NaN,NaN,NaN,NaN
1721955600,4.12,4.12,3.98,4,2161000,NaN,NaN,NaN,NaN,NaN,NaN,NaN
1722214800,4.02,4.08,3.95,4.06,2488600,NaN,NaN,NaN,NaN,NaN,NaN,NaN
1722301200,4.05,4.14,4.04,4.08,1339100,NaN,NaN,NaN,NaN,NaN,NaN,NaN
1722387600,4.08,4.08,3.98,3.99,1503000,NaN,NaN,NaN,NaN,NaN,NaN,NaN
1722474000,4.08,4.11,3.97,4.03,873400,NaN,NaN,NaN,NaN,NaN,NaN,NaN
1722560400,3.96,3.96,3.77,3.78,2258400,NaN,NaN,NaN,NaN,NaN,NaN,NaN
1722819600,3.75,3.75,3.55,3.65,5803100,NaN,NaN,NaN,NaN,NaN,NaN,NaN
1722906000,3.65,3.78,3.54,3.76,3985300,NaN,NaN,NaN,NaN,NaN,NaN,NaN
1722992400,3.76,3.92,3.64,3.88,3314600,NaN,NaN,NaN,NaN,NaN,NaN,NaN
1723078800,3.85,3.87,3.8,3.86,525400,NaN,NaN,NaN,NaN,NaN,NaN,NaN
1723165200,3.88,4.1,3.88,4.03,1478000,NaN,NaN,NaN,NaN,NaN,NaN,NaN
1723424400,4,4.09,4,4.03,1261300,NaN,NaN,NaN,NaN,NaN,NaN,NaN
1723510800,4.03,4.03,3.88,3.94,902800,NaN,NaN,NaN,NaN,NaN,NaN,NaN
1723597200,3.97,4.02,3.97,4.02,1156400,NaN,NaN,NaN,NaN,NaN,NaN,NaN
1723683600,4,4.01,3.89,3.89,465600,NaN,NaN,NaN,NaN,NaN,NaN,NaN
1723770000,3.95,3.99,3.94,3.96,466900,NaN,NaN,NaN,NaN,NaN,NaN,NaN
1724029200,3.96,3.99,3.85,3.86,299200,NaN,NaN,NaN,NaN,NaN,NaN,NaN
1724115600,3.9,3.92,3.88,3.9,993100,NaN,NaN,NaN,NaN,NaN,NaN,NaN
1724202000,3.9,3.93,3.86,3.87,80300,NaN,NaN,NaN,NaN,NaN,NaN,NaN
1724288400,3.88,3.88,3.83,3.88,121300,NaN,NaN,NaN,NaN,NaN,NaN,NaN
1724374800,3.83,3.85,3.81,3.82,260600,NaN,NaN,NaN,NaN,NaN,NaN,NaN
1724634000,3.82,3.86,3.8,3.8,944300,NaN,NaN,NaN,NaN,NaN,NaN,NaN
1724720400,3.8,3.85,3.72,3.72,1246400,NaN,NaN,NaN,NaN,NaN,NaN,NaN
1724806800,3.71,3.85,3.66,3.7,823100,NaN,NaN,NaN,NaN,NaN,NaN,NaN
1724893200,3.7,3.73,3.65,3.7,433200,NaN,NaN,NaN,NaN,NaN,NaN,NaN
1724979600,3.7,3.7,3.64,3.64,416500,NaN,NaN,NaN,NaN,NaN,NaN,NaN
1725238800,3.64,3.65,3.57,3.57,1112600,NaN,NaN,NaN,NaN,NaN,NaN,NaN
1725325200,3.61,3.64,3.58,3.6,283700,NaN,NaN,NaN,NaN,NaN,NaN,NaN
1725411600,3.56,3.61,3.45,3.47,1144300,NaN,NaN,NaN,NaN,NaN,NaN,NaN
1725498000,3.55,3.55,3.4,3.4,1756900,NaN,NaN,NaN,NaN,NaN,NaN,NaN
1725584400,3.4,3.4,3.16,3.19,2780100,NaN,NaN,NaN,NaN,NaN,NaN,NaN
1725843600,3.19,3.19,3.01,3.14,4616200,NaN,NaN,NaN,NaN,NaN,NaN,NaN
1725930000,3.16,3.29,3.11,3.27,1672400,NaN,NaN,NaN,NaN,NaN,NaN,NaN
1726016400,3.27,3.27,3.1,3.1,788100,NaN,NaN,NaN,NaN,NaN,NaN,NaN
1726102800,3.14,3.42,3.12,3.35,3014300,NaN,NaN,NaN,NaN,NaN,NaN,NaN
1726189200,3.36,3.43,3.31,3.36,1662500,NaN,NaN,NaN,NaN,NaN,NaN,NaN
1726534800,3.38,3.38,3.26,3.28,675500,NaN,NaN,NaN,NaN,NaN,NaN,NaN
1726621200,3.28,3.28,3.18,3.2,854000,NaN,NaN,NaN,NaN,NaN,NaN,NaN
1726707600,3.2,3.36,3.19,3.3,1411300,NaN,NaN,NaN,NaN,NaN,NaN,NaN
1726794000,3.36,3.43,3.3,3.34,1822700,NaN,NaN,NaN,NaN,NaN,NaN,NaN
1727053200,3.36,3.38,3.32,3.35,348800,NaN,NaN,NaN,NaN,NaN,NaN,NaN
1727139600,3.35,3.35,3.23,3.3,534100,NaN,NaN,NaN,NaN,NaN,NaN,NaN
1727226000,3.31,3.37,3.18,3.18,982300,NaN,NaN,NaN,NaN,NaN,NaN,NaN
1727312400,3.18,3.26,3.18,3.2,412800,NaN,NaN,NaN,NaN,NaN,NaN,NaN
1727398800,3.2,3.22,3.16,3.2,586900,NaN,NaN,NaN,NaN,NaN,NaN,NaN
1727658000,3.2,3.25,3.16,3.23,895600,1891835000,1180168000,175372000,38236000,146702000,1006401000,0.495356037151703
1727744400,3.2,3.34,3.2,3.34,935000,NaN,NaN,NaN,NaN,NaN,NaN,NaN
1727830800,3.26,3.3,3.19,3.24,270200,NaN,NaN,NaN,NaN,NaN,NaN,NaN
1727917200,3.27,3.29,3.15,3.17,356100,NaN,NaN,NaN,NaN,NaN,NaN,NaN
1728003600,3.17,3.17,3.1,3.11,407400,NaN,NaN,NaN,NaN,NaN,NaN,NaN
1728262800,3.17,3.23,3.15,3.17,449700,NaN,NaN,NaN,NaN,NaN,NaN,NaN
1728349200,3.17,3.26,3.13,3.21,603800,NaN,NaN,NaN,NaN,NaN,NaN,NaN
1728435600,3.25,3.34,3.22,3.29,441400,NaN,NaN,NaN,NaN,NaN,NaN,NaN
1728522000,3.29,3.29,3.23,3.28,267000,NaN,NaN,NaN,NaN,NaN,NaN,NaN
1728608400,3.28,3.28,3.23,3.24,199400,NaN,NaN,NaN,NaN,NaN,NaN,NaN
1728867600,3.24,3.29,3.2,3.28,105800,NaN,NaN,NaN,NaN,NaN,NaN,NaN
1728954000,3.28,3.31,3.23,3.3,227200,NaN,NaN,NaN,NaN,NaN,NaN,NaN
1729040400,3.29,3.51,3.26,3.51,1685300,NaN,NaN,NaN,NaN,NaN,NaN,NaN
1729126800,3.51,3.51,3.43,3.44,786200,NaN,NaN,NaN,NaN,NaN,NaN,NaN
1729213200,3.48,3.53,3.44,3.47,296900,NaN,NaN,NaN,NaN,NaN,NaN,NaN
1729472400,3.52,3.58,3.49,3.56,741100,NaN,NaN,NaN,NaN,NaN,NaN,NaN
1729558800,3.56,3.65,3.56,3.63,1621600,NaN,NaN,NaN,NaN,NaN,NaN,NaN
1729645200,3.65,3.67,3.53,3.59,510000,NaN,NaN,NaN,NaN,NaN,NaN,NaN
1729731600,3.56,3.56,3.44,3.45,873900,NaN,NaN,NaN,NaN,NaN,NaN,NaN
1729818000,3.44,3.61,3.33,3.51,3073200,NaN,NaN,NaN,NaN,NaN,NaN,NaN
1730077200,3.51,3.51,3.32,3.35,824700,NaN,NaN,NaN,NaN,NaN,NaN,NaN
1730163600,3.33,3.36,3.28,3.31,719300,NaN,NaN,NaN,NaN,NaN,NaN,NaN
1730250000,3.32,3.33,3.24,3.25,422200,NaN,NaN,NaN,NaN,NaN,NaN,NaN
1730422800,3.25,3.31,3.23,3.31,609200,NaN,NaN,NaN,NaN,NaN,NaN,NaN
1730682000,3.31,3.31,3.25,3.26,127400,NaN,NaN,NaN,NaN,NaN,NaN,NaN
1730768400,3.26,3.33,3.25,3.3,492400,NaN,NaN,NaN,NaN,NaN,NaN,NaN
1730854800,3.3,3.48,3.28,3.45,1121800,NaN,NaN,NaN,NaN,NaN,NaN,NaN
1730941200,3.5,3.65,3.49,3.63,2412400,NaN,NaN,NaN,NaN,NaN,NaN,NaN
1731027600,3.64,3.64,3.52,3.63,673800,NaN,NaN,NaN,NaN,NaN,NaN,NaN
1731286800,3.59,3.63,3.57,3.62,417500,NaN,NaN,NaN,NaN,NaN,NaN,NaN
1731373200,3.63,3.67,3.6,3.63,985800,NaN,NaN,NaN,NaN,NaN,NaN,NaN
1731459600,3.63,3.63,3.52,3.55,653500,NaN,NaN,NaN,NaN,NaN,NaN,NaN
1731546000,3.55,3.61,3.55,3.56,1148000,NaN,NaN,NaN,NaN,NaN,NaN,NaN
1731632400,3.56,3.57,3.52,3.55,172400,NaN,NaN,NaN,NaN,NaN,NaN,NaN
1731891600,3.5,3.5,3.38,3.38,1088800,NaN,NaN,NaN,NaN,NaN,NaN,NaN
1731978000,3.38,3.46,3.38,3.43,227200,NaN,NaN,NaN,NaN,NaN,NaN,NaN
1732064400,3.4,3.42,3.31,3.33,297100,NaN,NaN,NaN,NaN,NaN,NaN,NaN
1732150800,3.33,3.42,3.31,3.4,437700,NaN,NaN,NaN,NaN,NaN,NaN,NaN
1732237200,3.42,3.42,3.35,3.35,268400,NaN,NaN,NaN,NaN,NaN,NaN,NaN
1732496400,3.34,3.58,3.34,3.58,643900,NaN,NaN,NaN,NaN,NaN,NaN,NaN
1732582800,3.56,3.56,3.37,3.39,1513500,NaN,NaN,NaN,NaN,NaN,NaN,NaN
1732669200,3.39,3.39,3.33,3.35,451100,NaN,NaN,NaN,NaN,NaN,NaN,NaN
1732755600,3.35,3.35,3.3,3.33,256800,NaN,NaN,NaN,NaN,NaN,NaN,NaN
1732842000,3.32,3.32,3.28,3.28,237700,NaN,NaN,NaN,NaN,NaN,NaN,NaN
1733101200,3.27,3.33,3.27,3.33,308800,NaN,NaN,NaN,NaN,NaN,NaN,NaN
1733187600,3.34,3.38,3.29,3.32,658300,NaN,NaN,NaN,NaN,NaN,NaN,NaN
1733274000,3.33,3.47,3.33,3.39,2256400,NaN,NaN,NaN,NaN,NaN,NaN,NaN
1733360400,3.42,3.45,3.34,3.43,1162300,NaN,NaN,NaN,NaN,NaN,NaN,NaN
1733446800,3.42,3.45,3.37,3.45,852200,NaN,NaN,NaN,NaN,NaN,NaN,NaN
1733706000,3.46,3.58,3.44,3.57,1229600,NaN,NaN,NaN,NaN,NaN,NaN,NaN
1733792400,3.57,3.62,3.5,3.57,544400,NaN,NaN,NaN,NaN,NaN,NaN,NaN
1733878800,3.55,3.61,3.53,3.58,526300,NaN,NaN,NaN,NaN,NaN,NaN,NaN
1733965200,3.57,3.63,3.54,3.54,379900,NaN,NaN,NaN,NaN,NaN,NaN,NaN
1734051600,3.53,3.82,3.53,3.81,1890200,NaN,NaN,NaN,NaN,NaN,NaN,NaN
1734310800,3.81,4.09,3.81,4,5245300,NaN,NaN,NaN,NaN,NaN,NaN,NaN
1734397200,4,4.04,3.92,3.95,2165300,NaN,NaN,NaN,NaN,NaN,NaN,NaN
1734483600,3.95,3.98,3.92,3.95,500400,NaN,NaN,NaN,NaN,NaN,NaN,NaN
1734570000,3.88,3.92,3.83,3.88,848100,NaN,NaN,NaN,NaN,NaN,NaN,NaN
1734656400,3.84,3.97,3.84,3.88,1014500,NaN,NaN,NaN,NaN,NaN,NaN,NaN
1734915600,3.91,4.02,3.91,3.97,1939700,NaN,NaN,NaN,NaN,NaN,NaN,NaN
1735002000,3.95,3.98,3.95,3.97,374600,NaN,NaN,NaN,NaN,NaN,NaN,NaN
1735174800,3.98,4.08,3.98,4.05,1067000,NaN,NaN,NaN,NaN,NaN,NaN,NaN
1735261200,4.05,4.15,4.05,4.08,1673700,NaN,NaN,NaN,NaN,NaN,NaN,NaN
1735520400,4.1,4.1,3.99,4.02,1653300,NaN,NaN,NaN,NaN,NaN,NaN,NaN
1735606800,4,4.06,3.96,4.01,809900,1891835000,1208942000,189339000,26200000,148797000,1021485000,0.29925187032419
1735779600,4.01,4.19,4.01,4.17,2833400,NaN,NaN,NaN,NaN,NaN,NaN,NaN
1735866000,4.17,4.24,4.16,4.2,3258600,NaN,NaN,NaN,NaN,NaN,NaN,NaN
1736125200,4.2,4.25,4.2,4.22,1725100,NaN,NaN,NaN,NaN,NaN,NaN,NaN
1736211600,4.22,4.3,4.22,4.3,1370500,NaN,NaN,NaN,NaN,NaN,NaN,NaN
1736298000,4.3,4.3,4.2,4.24,1158200,NaN,NaN,NaN,NaN,NaN,NaN,NaN
1736384400,4.23,4.23,3.96,4.1,2609100,NaN,NaN,NaN,NaN,NaN,NaN,NaN
1736470800,3.99,4.02,3.92,3.95,2724100,NaN,NaN,NaN,NaN,NaN,NaN,NaN
1736730000,3.93,4,3.86,4,847200,NaN,NaN,NaN,NaN,NaN,NaN,NaN
1736816400,3.99,4.04,3.91,3.96,776000,NaN,NaN,NaN,NaN,NaN,NaN,NaN
1736902800,3.95,3.95,3.72,3.72,1529100,NaN,NaN,NaN,NaN,NaN,NaN,NaN
1736989200,3.76,3.92,3.73,3.88,1566200,NaN,NaN,NaN,NaN,NaN,NaN,NaN
1737075600,3.88,3.99,3.87,3.94,872500,NaN,NaN,NaN,NaN,NaN,NaN,NaN
1737334800,4.04,4.04,3.92,4.01,1209900,NaN,NaN,NaN,NaN,NaN,NaN,NaN
1737421200,4.01,4.19,3.98,4.16,1380100,NaN,NaN,NaN,NaN,NaN,NaN,NaN
1737507600,4.16,4.22,4.11,4.11,868000,NaN,NaN,NaN,NaN,NaN,NaN,NaN
1737594000,4.11,4.12,3.98,4,796500,NaN,NaN,NaN,NaN,NaN,NaN,NaN
1737680400,3.98,4.04,3.93,3.99,448200,NaN,NaN,NaN,NaN,NaN,NaN,NaN
1737939600,3.99,3.99,3.91,3.93,2093200,NaN,NaN,NaN,NaN,NaN,NaN,NaN
1738026000,3.9,3.95,3.65,3.88,1504700,NaN,NaN,NaN,NaN,NaN,NaN,NaN
1738285200,3.88,3.95,3.88,3.88,711900,NaN,NaN,NaN,NaN,NaN,NaN,NaN
1738544400,3.9,3.9,3.79,3.86,391900,NaN,NaN,NaN,NaN,NaN,NaN,NaN
1738630800,3.83,3.95,3.83,3.85,310100,NaN,NaN,NaN,NaN,NaN,NaN,NaN
1738717200,3.91,4.04,3.85,3.94,3157700,NaN,NaN,NaN,NaN,NaN,NaN,NaN
1738803600,3.94,3.98,3.86,3.98,139500,NaN,NaN,NaN,NaN,NaN,NaN,NaN
1738890000,4,4.01,3.94,3.98,496100,NaN,NaN,NaN,NaN,NaN,NaN,NaN
1739149200,3.98,3.99,3.91,3.92,308600,NaN,NaN,NaN,NaN,NaN,NaN,NaN
1739322000,3.92,3.99,3.84,3.9,249100,NaN,NaN,NaN,NaN,NaN,NaN,NaN
1739408400,3.86,3.91,3.81,3.81,1171200,NaN,NaN,NaN,NaN,NaN,NaN,NaN
1739494800,3.81,3.85,3.8,3.82,598700,NaN,NaN,NaN,NaN,NaN,NaN,NaN
1739754000,3.82,3.89,3.74,3.75,194200,NaN,NaN,NaN,NaN,NaN,NaN,NaN
1739840400,3.75,3.75,3.58,3.6,1477500,NaN,NaN,NaN,NaN,NaN,NaN,NaN
1739926800,3.6,3.63,3.57,3.59,644600,NaN,NaN,NaN,NaN,NaN,NaN,NaN
1740013200,3.59,3.67,3.53,3.64,710600,NaN,NaN,NaN,NaN,NaN,NaN,NaN
1740099600,3.64,3.71,3.55,3.71,861500,NaN,NaN,NaN,NaN,NaN,NaN,NaN
1740358800,3.65,3.75,3.52,3.6,1060600,NaN,NaN,NaN,NaN,NaN,NaN,NaN
1740445200,3.6,3.62,3.31,3.31,2916400,NaN,NaN,NaN,NaN,NaN,NaN,NaN
1740531600,3.31,3.4,3.23,3.36,1382300,NaN,NaN,NaN,NaN,NaN,NaN,NaN
1740618000,3.41,3.5,3.36,3.5,802600,NaN,NaN,NaN,NaN,NaN,NaN,NaN
1740704400,3.48,3.48,3.1,3.1,4816500,NaN,NaN,NaN,NaN,NaN,NaN,NaN
1740963600,3.18,3.18,3.07,3.09,1363200,NaN,NaN,NaN,NaN,NaN,NaN,NaN
1741050000,3.09,3.09,2.86,2.9,2634200,NaN,NaN,NaN,NaN,NaN,NaN,NaN
1741136400,2.95,2.99,2.83,2.87,2542400,NaN,NaN,NaN,NaN,NaN,NaN,NaN
1741222800,2.89,2.94,2.8,2.87,2028400,NaN,NaN,NaN,NaN,NaN,NaN,NaN
1741309200,2.83,2.92,2.75,2.75,3274600,NaN,NaN,NaN,NaN,NaN,NaN,NaN
1741568400,2.75,2.75,2.57,2.61,4859100,NaN,NaN,NaN,NaN,NaN,NaN,NaN
1741654800,2.54,2.55,2.43,2.51,2948600,NaN,NaN,NaN,NaN,NaN,NaN,NaN
1741741200,2.52,2.55,2.42,2.45,2805100,NaN,NaN,NaN,NaN,NaN,NaN,NaN
1741827600,2.47,2.64,2.46,2.59,4493700,NaN,NaN,NaN,NaN,NaN,NaN,NaN
1741914000,2.59,2.77,2.56,2.75,2017700,NaN,NaN,NaN,NaN,NaN,NaN,NaN
1742173200,2.83,2.93,2.82,2.88,3717100,NaN,NaN,NaN,NaN,NaN,NaN,NaN
1742346000,2.9,2.94,2.87,2.91,3169000,NaN,NaN,NaN,NaN,NaN,NaN,NaN
1742432400,2.93,3.03,2.93,3,4500400,NaN,NaN,NaN,NaN,NaN,NaN,NaN
1742518800,3,3.04,2.82,2.88,23309800,NaN,NaN,NaN,NaN,NaN,NaN,NaN
1742778000,2.88,2.88,2.78,2.82,845800,NaN,NaN,NaN,NaN,NaN,NaN,NaN
1742864400,2.84,2.92,2.84,2.9,1463000,NaN,NaN,NaN,NaN,NaN,NaN,NaN
1742950800,2.9,3.05,2.9,2.98,1038500,NaN,NaN,NaN,NaN,NaN,NaN,NaN
1743037200,2.95,3.03,2.94,3.01,3214800,NaN,NaN,NaN,NaN,NaN,NaN,NaN
1743123600,3.01,3.04,2.98,3.01,936500,1891835000,1229424000,179495000,30206000,141118000,1046542999.9999999,NaN
1743555600,3.01,3.01,2.85,2.96,1723500,NaN,NaN,NaN,NaN,NaN,NaN,NaN
1743642000,2.86,2.99,2.76,2.79,2070800,NaN,NaN,NaN,NaN,NaN,NaN,NaN
1743728400,2.75,2.77,2.66,2.72,2991200,NaN,NaN,NaN,NaN,NaN,NaN,NaN
1743987600,2.5,2.5,2.28,2.34,7071900,NaN,NaN,NaN,NaN,NaN,NaN,NaN
1744074000,2.44,2.49,2.37,2.38,5834700,NaN,NaN,NaN,NaN,NaN,NaN,NaN
1744160400,2.33,2.36,2.28,2.33,1075300,NaN,NaN,NaN,NaN,NaN,NaN,NaN
1744246800,2.68,2.93,2.62,2.65,2862300,NaN,NaN,NaN,NaN,NaN,NaN,NaN
1744333200,2.6,2.66,2.5,2.6,844300,NaN,NaN,NaN,NaN,NaN,NaN,NaN
1744592400,2.75,2.76,2.59,2.63,1248600,NaN,NaN,NaN,NaN,NaN,NaN,NaN
1744678800,2.64,2.64,2.54,2.54,583200,NaN,NaN,NaN,NaN,NaN,NaN,NaN
1744765200,2.53,2.57,2.51,2.53,858600,NaN,NaN,NaN,NaN,NaN,NaN,NaN
1744851600,2.52,2.61,2.49,2.6,1139300,NaN,NaN,NaN,NaN,NaN,NaN,NaN
1744938000,2.62,2.65,2.58,2.63,601800,NaN,NaN,NaN,NaN,NaN,NaN,NaN
1745197200,2.63,2.67,2.63,2.65,806500,NaN,NaN,NaN,NaN,NaN,NaN,NaN
1745283600,2.57,2.64,2.54,2.59,544700,NaN,NaN,NaN,NaN,NaN,NaN,NaN
1745370000,2.63,2.72,2.59,2.7,3076800,NaN,NaN,NaN,NaN,NaN,NaN,NaN
1745456400,2.72,2.73,2.66,2.7,1716500,NaN,NaN,NaN,NaN,NaN,NaN,NaN
1745542800,2.77,3.02,2.76,3.02,6979400,NaN,NaN,NaN,NaN,NaN,NaN,NaN
1745802000,3.03,3.37,2.95,3.2,5013400,NaN,NaN,NaN,NaN,NaN,NaN,NaN
1745888400,3.2,3.26,3.13,3.19,3042600,NaN,NaN,NaN,NaN,NaN,NaN,NaN
1745974800,3.19,3.23,3.11,3.13,1780600,NaN,NaN,NaN,NaN,NaN,NaN,NaN
1746147600,3.13,3.32,3.1,3.29,3461200,NaN,NaN,NaN,NaN,NaN,NaN,NaN
1746406800,3.31,3.33,3.14,3.21,1807600,NaN,NaN,NaN,NaN,NaN,NaN,NaN
1746493200,3.21,3.23,3.13,3.17,1553500,NaN,NaN,NaN,NaN,NaN,NaN,NaN
1746579600,3.19,3.3,3.16,3.3,1501300,NaN,NaN,NaN,NaN,NaN,NaN,NaN
1746666000,3.28,3.45,3.2,3.42,3196100,NaN,NaN,NaN,NaN,NaN,NaN,NaN
1746752400,3.42,3.42,3.34,3.38,603800,NaN,NaN,NaN,NaN,NaN,NaN,NaN
1747098000,3.5,3.63,3.49,3.61,4192300,NaN,NaN,NaN,NaN,NaN,NaN,NaN
1747184400,3.65,3.67,3.58,3.58,2068300,NaN,NaN,NaN,NaN,NaN,NaN,NaN
1747270800,3.59,3.6,3.51,3.53,1646600,NaN,NaN,NaN,NaN,NaN,NaN,NaN
1747357200,3.53,3.53,3.35,3.39,2299300,NaN,NaN,NaN,NaN,NaN,NaN,NaN
1747616400,3.39,3.39,3.2,3.3,3160600,NaN,NaN,NaN,NaN,NaN,NaN,NaN
1747702800,3.34,3.35,3.24,3.27,1016100,NaN,NaN,NaN,NaN,NaN,NaN,NaN
1747789200,3.27,3.32,3.19,3.21,1717200,NaN,NaN,NaN,NaN,NaN,NaN,NaN
1747875600,3.2,3.21,3.13,3.17,2440900,NaN,NaN,NaN,NaN,NaN,NaN,NaN
1747962000,3.19,3.2,3.09,3.17,846400,NaN,NaN,NaN,NaN,NaN,NaN,NaN
1748221200,3.12,3.18,3.1,3.17,955000,NaN,NaN,NaN,NaN,NaN,NaN,NaN
1748307600,3.17,3.24,3.14,3.2,757300,NaN,NaN,NaN,NaN,NaN,NaN,NaN
1748394000,3.26,3.28,3.2,3.23,953500,NaN,NaN,NaN,NaN,NaN,NaN,NaN
1748480400,3.26,3.35,3.23,3.32,1760000,NaN,NaN,NaN,NaN,NaN,NaN,NaN
1748566800,3.32,3.32,3.19,3.19,1025100,NaN,NaN,NaN,NaN,NaN,NaN,NaN
1748912400,3.19,3.24,3.14,3.17,407700,NaN,NaN,NaN,NaN,NaN,NaN,NaN
1748998800,3.16,3.2,3.13,3.2,475000,NaN,NaN,NaN,NaN,NaN,NaN,NaN
1749085200,3.19,3.27,3.18,3.24,809100,NaN,NaN,NaN,NaN,NaN,NaN,NaN
1749171600,3.25,3.28,3.23,3.23,518000,NaN,NaN,NaN,NaN,NaN,NaN,NaN
1749430800,3.25,3.29,3.23,3.27,585000,NaN,NaN,NaN,NaN,NaN,NaN,NaN
1749517200,3.28,3.36,3.25,3.25,862500,NaN,NaN,NaN,NaN,NaN,NaN,NaN
1749603600,3.27,3.35,3.26,3.35,924400,NaN,NaN,NaN,NaN,NaN,NaN,NaN
1749690000,3.34,3.41,3.3,3.41,1145300,NaN,NaN,NaN,NaN,NaN,NaN,NaN
1749776400,3.4,3.4,3.29,3.3,1508600,NaN,NaN,NaN,NaN,NaN,NaN,NaN
1750035600,3.28,3.29,3.18,3.22,660000,NaN,NaN,NaN,NaN,NaN,NaN,NaN
1750122000,3.28,3.32,3.26,3.3,769300,NaN,NaN,NaN,NaN,NaN,NaN,NaN
1750208400,3.3,3.35,3.28,3.34,1211500,NaN,NaN,NaN,NaN,NaN,NaN,NaN
1750294800,3.34,3.34,3.3,3.31,568000,NaN,NaN,NaN,NaN,NaN,NaN,NaN
1750381200,3.31,3.33,3.29,3.31,5352500,NaN,NaN,NaN,NaN,NaN,NaN,NaN
1750640400,3.28,3.34,3.22,3.33,662300,NaN,NaN,NaN,NaN,NaN,NaN,NaN
1750726800,3.34,3.42,3.32,3.39,1313700,NaN,NaN,NaN,NaN,NaN,NaN,NaN
1750813200,3.4,3.54,3.4,3.51,4498800,NaN,NaN,NaN,NaN,NaN,NaN,NaN
1750899600,3.5,3.64,3.48,3.62,2304200,NaN,NaN,NaN,NaN,NaN,NaN,NaN
1751245200,3.63,3.65,3.51,3.52,2689300,1893140200,1351604000,287505000,46133000,183043000,1061501000,NaN
1751331600,3.52,3.72,3.52,3.72,2278400,NaN,NaN,NaN,NaN,NaN,NaN,NaN
1751418000,3.69,3.69,3.61,3.66,1049800,NaN,NaN,NaN,NaN,NaN,NaN,NaN
1751504400,3.64,3.79,3.61,3.77,4022500,NaN,NaN,NaN,NaN,NaN,NaN,NaN
1751590800,3.77,3.78,3.68,3.68,624500,NaN,NaN,NaN,NaN,NaN,NaN,NaN
1751850000,3.54,3.62,3.48,3.58,1076100,NaN,NaN,NaN,NaN,NaN,NaN,NaN
1751936400,3.54,3.56,3.49,3.54,386900,NaN,NaN,NaN,NaN,NaN,NaN,NaN
1752022800,3.5,3.56,3.5,3.56,257500,NaN,NaN,NaN,NaN,NaN,NaN,NaN
1752109200,3.58,3.58,3.52,3.55,337100,NaN,NaN,NaN,NaN,NaN,NaN,NaN
1752195600,3.55,3.66,3.55,3.61,499400,NaN,NaN,NaN,NaN,NaN,NaN,NaN
1752454800,3.65,3.7,3.6,3.7,321000,NaN,NaN,NaN,NaN,NaN,NaN,NaN
1752541200,3.7,3.71,3.61,3.66,356300,NaN,NaN,NaN,NaN,NaN,NaN,NaN
1752627600,3.66,3.66,3.55,3.63,266700,NaN,NaN,NaN,NaN,NaN,NaN,NaN
1752714000,3.63,3.64,3.6,3.62,377800,NaN,NaN,NaN,NaN,NaN,NaN,NaN
1752800400,3.64,3.69,3.59,3.59,511500,NaN,NaN,NaN,NaN,NaN,NaN,NaN
1753059600,3.59,3.61,3.57,3.59,786500,NaN,NaN,NaN,NaN,NaN,NaN,NaN
1753146000,3.65,3.65,3.57,3.58,321600,NaN,NaN,NaN,NaN,NaN,NaN,NaN
1753232400,3.62,3.76,3.59,3.75,1023900,NaN,NaN,NaN,NaN,NaN,NaN,NaN
1753318800,3.72,3.9,3.72,3.79,1133200,NaN,NaN,NaN,NaN,NaN,NaN,NaN
1753405200,3.78,4,3.69,3.97,5168000,NaN,NaN,NaN,NaN,NaN,NaN,NaN
1753664400,3.96,3.96,3.87,3.88,2493600,NaN,NaN,NaN,NaN,NaN,NaN,NaN
1753750800,3.88,3.91,3.87,3.9,3217400,NaN,NaN,NaN,NaN,NaN,NaN,NaN
1753837200,3.9,3.9,3.83,3.88,764100,NaN,NaN,NaN,NaN,NaN,NaN,NaN
1753923600,3.88,3.89,3.84,3.84,2110300,NaN,NaN,NaN,NaN,NaN,NaN,NaN
1754010000,3.86,3.93,3.86,3.9,1121400,NaN,NaN,NaN,NaN,NaN,NaN,NaN
1754269200,3.88,3.93,3.84,3.9,1368800,NaN,NaN,NaN,NaN,NaN,NaN,NaN
1754355600,3.9,3.95,3.88,3.9,2615100,NaN,NaN,NaN,NaN,NaN,NaN,NaN
1754442000,3.89,3.89,3.78,3.79,891600,NaN,NaN,NaN,NaN,NaN,NaN,NaN
1754528400,3.79,3.84,3.67,3.84,1594800,NaN,NaN,NaN,NaN,NaN,NaN,NaN
1754614800,3.86,3.86,3.77,3.79,391200,NaN,NaN,NaN,NaN,NaN,NaN,NaN
1754874000,3.79,3.87,3.75,3.83,652800,NaN,NaN,NaN,NaN,NaN,NaN,NaN
1754960400,3.83,3.86,3.8,3.82,819000,NaN,NaN,NaN,NaN,NaN,NaN,NaN
1755046800,3.86,3.95,3.86,3.93,2090400,NaN,NaN,NaN,NaN,NaN,NaN,NaN
1755133200,3.95,3.98,3.79,3.83,2383400,NaN,NaN,NaN,NaN,NaN,NaN,NaN
1755219600,3.83,3.87,3.81,3.82,585800,NaN,NaN,NaN,NaN,NaN,NaN,NaN
1755478800,3.82,3.93,3.82,3.9,1777500,NaN,NaN,NaN,NaN,NaN,NaN,NaN
1755565200,3.9,3.93,3.89,3.9,1370900,NaN,NaN,NaN,NaN,NaN,NaN,NaN
1755651600,3.9,3.9,3.84,3.84,431700,NaN,NaN,NaN,NaN,NaN,NaN,NaN
1755738000,3.84,3.86,3.8,3.82,483000,NaN,NaN,NaN,NaN,NaN,NaN,NaN
1755824400,3.86,3.99,3.83,3.96,1946700,NaN,NaN,NaN,NaN,NaN,NaN,NaN
1756083600,4,4.1,3.94,4.07,4386400,NaN,NaN,NaN,NaN,NaN,NaN,NaN
1756170000,4.07,4.07,3.96,3.96,2161000,NaN,NaN,NaN,NaN,NaN,NaN,NaN
1756256400,3.97,4,3.91,3.95,683100,NaN,NaN,NaN,NaN,NaN,NaN,NaN
1756342800,3.95,3.96,3.89,3.92,463500,NaN,NaN,NaN,NaN,NaN,NaN,NaN
1756429200,3.96,3.96,3.86,3.91,614800,NaN,NaN,NaN,NaN,NaN,NaN,NaN
1756774800,3.91,3.91,3.8,3.88,1337900,NaN,NaN,NaN,NaN,NaN,NaN,NaN
1756861200,3.88,3.97,3.87,3.96,1559200,NaN,NaN,NaN,NaN,NaN,NaN,NaN
1756947600,3.97,4.02,3.89,3.97,723100,NaN,NaN,NaN,NaN,NaN,NaN,NaN
1757293200,3.93,3.97,3.77,3.79,2008700,NaN,NaN,NaN,NaN,NaN,NaN,NaN
1757379600,3.78,3.82,3.6,3.64,5072500,NaN,NaN,NaN,NaN,NaN,NaN,NaN
1757466000,3.65,3.8,3.56,3.71,5275300,NaN,NaN,NaN,NaN,NaN,NaN,NaN
1757552400,3.71,3.9,3.71,3.9,1969500,NaN,NaN,NaN,NaN,NaN,NaN,NaN
1757638800,3.91,3.97,3.79,3.8,3560700,NaN,NaN,NaN,NaN,NaN,NaN,NaN
1758070800,3.8,3.91,3.79,3.84,1830500,NaN,NaN,NaN,NaN,NaN,NaN,NaN
1758157200,3.85,3.9,3.79,3.89,1075700,NaN,NaN,NaN,NaN,NaN,NaN,NaN
1758243600,3.89,3.9,3.8,3.86,1073900,NaN,NaN,NaN,NaN,NaN,NaN,NaN
1758502800,3.87,3.87,3.73,3.74,1552600,NaN,NaN,NaN,NaN,NaN,NaN,NaN
1758589200,3.74,3.82,3.74,3.79,746200,NaN,NaN,NaN,NaN,NaN,NaN,NaN
1758675600,3.8,3.86,3.73,3.83,1096800,NaN,NaN,NaN,NaN,NaN,NaN,NaN
1758762000,3.82,3.86,3.81,3.82,1165700,NaN,NaN,NaN,NaN,NaN,NaN,NaN
1758848400,3.81,3.83,3.74,3.78,1820400,NaN,NaN,NaN,NaN,NaN,NaN,NaN