time,open,high,low,close,Volume,Total common shares outstanding,Total assets,Total liabilities,Operating income,Total revenue,Shareholders&#039; equity,Dividend yield %
1478826000,1.84370069,1.89146496,1.80548928,1.84370069,17993367.47274542,NaN,NaN,NaN,NaN,NaN,NaN,NaN
1479085200,1.84370069,1.87235925,1.82459498,1.84370069,5068852.04182537,NaN,NaN,NaN,NaN,NaN,NaN,NaN
1479171600,1.84370069,1.87235925,1.84370069,1.85325354,4401930.88287965,NaN,NaN,NaN,NaN,NaN,NaN,NaN
1479258000,1.85325354,1.89146496,1.83414784,1.84370069,7720939.24350323,NaN,NaN,NaN,NaN,NaN,NaN,NaN
1479344400,1.84370069,1.8628064,1.82459498,1.8628064,4028115.86818884,NaN,NaN,NaN,NaN,NaN,NaN,NaN
1479430800,1.8628064,1.8628064,1.82459498,1.84370069,1379273.77025094,NaN,NaN,NaN,NaN,NaN,NaN,NaN
1479690000,1.84370069,1.85325354,1.81504213,1.84370069,2624346.79873946,NaN,NaN,NaN,NaN,NaN,NaN,NaN
1479776400,1.77683072,1.84370069,1.76727786,1.82459498,10899570.69718187,NaN,NaN,NaN,NaN,NaN,NaN,NaN
1479862800,1.81504213,1.82459498,1.75772501,1.76727786,3130792.34370561,NaN,NaN,NaN,NaN,NaN,NaN,NaN
1479949200,1.75772501,1.75772501,1.70996074,1.72906645,4567954.57744689,NaN,NaN,NaN,NaN,NaN,NaN,NaN
1480035600,1.7195136,1.74817216,1.7195136,1.7386193,3026320.9394319,NaN,NaN,NaN,NaN,NaN,NaN,NaN
1480294800,1.7386193,1.7386193,1.70040789,1.70996074,1580156.15983136,NaN,NaN,NaN,NaN,NaN,NaN,NaN
1480381200,1.7195136,1.7195136,1.65264362,1.70996074,3068926.01111466,NaN,NaN,NaN,NaN,NaN,NaN,NaN
1480467600,1.70040789,1.7386193,1.63353792,1.69085504,6756096.62507557,NaN,NaN,NaN,NaN,NaN,NaN,NaN
1480554000,1.67174933,1.70040789,1.67174933,1.68130218,1216285.81789205,NaN,NaN,NaN,NaN,NaN,NaN,NaN
1480640400,1.68130218,1.7195136,1.68130218,1.7195136,1993749.86552819,NaN,NaN,NaN,NaN,NaN,NaN,NaN
1480899600,1.70996074,1.72906645,1.70040789,1.70040789,1545402.14558399,NaN,NaN,NaN,NaN,NaN,NaN,NaN
1480986000,1.69085504,1.70040789,1.67174933,1.69085504,555331.46259724,NaN,NaN,NaN,NaN,NaN,NaN,NaN
1481072400,1.69085504,1.70040789,1.68130218,1.69085504,1930732.04451338,NaN,NaN,NaN,NaN,NaN,NaN,NaN
1481158800,1.70996074,1.70996074,1.67174933,1.69085504,733288.76446629,NaN,NaN,NaN,NaN,NaN,NaN,NaN
1481245200,1.68130218,1.74817216,1.67174933,1.70996074,3348947.0596439,NaN,NaN,NaN,NaN,NaN,NaN,NaN
1481590800,1.7195136,1.72906645,1.68130218,1.7195136,1271138.53917404,NaN,NaN,NaN,NaN,NaN,NaN,NaN
1481677200,1.7195136,1.72906645,1.69085504,1.70996074,2463661.82322828,NaN,NaN,NaN,NaN,NaN,NaN,NaN
1481763600,1.70040789,1.70996074,1.68130218,1.70040789,621803.74888362,NaN,NaN,NaN,NaN,NaN,NaN,NaN
1481850000,1.70040789,1.70996074,1.69085504,1.70996074,397682.22929442,NaN,NaN,NaN,NaN,NaN,NaN,NaN
1482109200,1.69085504,1.70040789,1.68130218,1.69085504,1242141.96704597,NaN,NaN,NaN,NaN,NaN,NaN,NaN
1482195600,1.69085504,1.70996074,1.68130218,1.70040789,1726604.551193,NaN,NaN,NaN,NaN,NaN,NaN,NaN
1482282000,1.69085504,1.70040789,1.68130218,1.70040789,1395394.60818496,NaN,NaN,NaN,NaN,NaN,NaN,NaN
1482368400,1.70040789,1.70040789,1.68130218,1.69085504,2887932.96703726,NaN,NaN,NaN,NaN,NaN,NaN,NaN
1482454800,1.69085504,1.69085504,1.67174933,1.68130218,3119277.45946702,NaN,NaN,NaN,NaN,NaN,NaN,NaN
1482800400,1.69085504,1.69085504,1.66219648,1.68130218,2535577.50933654,NaN,NaN,NaN,NaN,NaN,NaN,NaN
1482886800,1.67174933,1.68130218,1.66219648,1.68130218,1809407.03694501,NaN,NaN,NaN,NaN,NaN,NaN,NaN
1482973200,1.67174933,1.70040789,1.65264362,1.67174933,4308032.23595228,NaN,NaN,NaN,NaN,NaN,NaN,NaN
1483059600,1.67174933,1.69085504,1.65264362,1.65264362,748676.83703967,NaN,NaN,NaN,NaN,NaN,NaN,NaN
1483405200,1.66219648,1.69085504,1.65264362,1.68130218,1495888.14335807,NaN,NaN,NaN,NaN,NaN,NaN,NaN
1483491600,1.68130218,1.69085504,1.66219648,1.67174933,1761044.52314295,NaN,NaN,NaN,NaN,NaN,NaN,NaN
1483578000,1.67174933,1.70040789,1.67174933,1.68130218,1281501.93498877,NaN,NaN,NaN,NaN,NaN,NaN,NaN
1483664400,1.68130218,1.76727786,1.68130218,1.74817216,6050234.22125027,NaN,NaN,NaN,NaN,NaN,NaN,NaN
1483923600,1.74817216,1.77683072,1.7386193,1.74817216,2548453.2435306,NaN,NaN,NaN,NaN,NaN,NaN,NaN
1484010000,1.75772501,1.76727786,1.7386193,1.74817216,1541110.23418597,NaN,NaN,NaN,NaN,NaN,NaN,NaN
1484096400,1.75772501,1.75772501,1.7386193,1.75772501,971856.22973662,NaN,NaN,NaN,NaN,NaN,NaN,NaN
1484182800,1.76727786,1.80548928,1.76727786,1.79593642,4409049.17495441,NaN,NaN,NaN,NaN,NaN,NaN,NaN
1484269200,1.78638357,1.79593642,1.77683072,1.78638357,705757.72305949,NaN,NaN,NaN,NaN,NaN,NaN,NaN
1484528400,1.78638357,1.81504213,1.78638357,1.79593642,3874549.18475243,NaN,NaN,NaN,NaN,NaN,NaN,NaN
1484614800,1.79593642,1.81504213,1.77683072,1.79593642,1778735.57256405,NaN,NaN,NaN,NaN,NaN,NaN,NaN
1484701200,1.79593642,1.79593642,1.77683072,1.79593642,1132541.20524779,NaN,NaN,NaN,NaN,NaN,NaN,NaN
1484787600,1.75772501,1.75772501,1.66219648,1.70996074,10560823.73903585,NaN,NaN,NaN,NaN,NaN,NaN,NaN
1484874000,1.70996074,1.72906645,1.70040789,1.70996074,1718858.17452341,NaN,NaN,NaN,NaN,NaN,NaN,NaN
1485133200,1.70996074,1.72906645,1.70996074,1.7195136,3660267.65714894,NaN,NaN,NaN,NaN,NaN,NaN,NaN
1485219600,1.70996074,1.77683072,1.70996074,1.75772501,5040378.87352632,NaN,NaN,NaN,NaN,NaN,NaN,NaN
1485306000,1.75772501,1.76727786,1.74817216,1.75772501,1725348.38200334,NaN,NaN,NaN,NaN,NaN,NaN,NaN
1485392400,1.76727786,1.77683072,1.75772501,1.76727786,2927711.65804328,NaN,NaN,NaN,NaN,NaN,NaN,NaN
1485478800,1.72906645,1.74817216,1.7195136,1.74817216,1193360.73018069,NaN,NaN,NaN,NaN,NaN,NaN,NaN
1485824400,1.74817216,1.74817216,1.72906645,1.74817216,350157.16161881,NaN,NaN,NaN,NaN,NaN,NaN,NaN
1485997200,1.74817216,1.75772501,1.7386193,1.75772501,1550217.46081103,NaN,NaN,NaN,NaN,NaN,NaN,NaN
1486083600,1.75772501,1.76727786,1.74817216,1.75772501,1137042.47817742,NaN,NaN,NaN,NaN,NaN,NaN,NaN
1486342800,1.75772501,1.77683072,1.7386193,1.77683072,5262092.73550199,NaN,NaN,NaN,NaN,NaN,NaN,NaN
1486429200,1.77683072,1.84370069,1.77683072,1.81504213,7580248.29426088,NaN,NaN,NaN,NaN,NaN,NaN,NaN
1486515600,1.81504213,1.84370069,1.77683072,1.77683072,1865829.96971408,NaN,NaN,NaN,NaN,NaN,NaN,NaN
1486688400,1.78638357,1.81504213,1.76727786,1.77683072,1915553.33347161,NaN,NaN,NaN,NaN,NaN,NaN,NaN
1486947600,1.76727786,1.81504213,1.75772501,1.81504213,1660550.98796984,NaN,NaN,NaN,NaN,NaN,NaN,NaN
1487034000,1.81504213,1.81504213,1.77683072,1.81504213,1452131.58325144,NaN,NaN,NaN,NaN,NaN,NaN,NaN
1487120400,1.80548928,1.83414784,1.79593642,1.81504213,3148274.0315951,NaN,NaN,NaN,NaN,NaN,NaN,NaN
1487206800,1.81504213,1.83414784,1.80548928,1.82459498,1745970.49286699,NaN,NaN,NaN,NaN,NaN,NaN,NaN
1487293200,1.83414784,1.85325354,1.81504213,1.81504213,4918739.82366053,NaN,NaN,NaN,NaN,NaN,NaN,NaN
1487552400,1.83414784,1.83414784,1.80548928,1.82459498,1611665.07033876,NaN,NaN,NaN,NaN,NaN,NaN,NaN
1487638800,1.81504213,1.83414784,1.81504213,1.82459498,768356.82101107,NaN,NaN,NaN,NaN,NaN,NaN,NaN
1487725200,1.81504213,1.83414784,1.80548928,1.81504213,1169179.47327966,NaN,NaN,NaN,NaN,NaN,NaN,NaN
1487811600,1.81504213,1.82459498,1.80548928,1.82459498,3233065.45189741,NaN,NaN,NaN,NaN,NaN,NaN,NaN
1487898000,1.76727786,1.78638357,1.75772501,1.77683072,4908271.74708,NaN,NaN,NaN,NaN,NaN,NaN,NaN
1488157200,1.76727786,1.76727786,1.7195136,1.75772501,3325707.92963512,NaN,NaN,NaN,NaN,NaN,NaN,NaN
1488243600,1.7386193,1.80548928,1.7386193,1.80548928,2491925.62999572,NaN,NaN,NaN,NaN,NaN,NaN,NaN
1488330000,1.80548928,1.80548928,1.75772501,1.78638357,1470241.35573577,NaN,NaN,NaN,NaN,NaN,NaN,NaN
1488416400,1.78638357,1.79593642,1.78638357,1.79593642,1133902.05520326,NaN,NaN,NaN,NaN,NaN,NaN,NaN
1488502800,1.79593642,1.79593642,1.76727786,1.77683072,446568.14692551,NaN,NaN,NaN,NaN,NaN,NaN,NaN
1488762000,1.76727786,1.78638357,1.75772501,1.78638357,412546.89803878,NaN,NaN,NaN,NaN,NaN,NaN,NaN
1488848400,1.77683072,1.80548928,1.77683072,1.79593642,1398639.71192492,NaN,NaN,NaN,NaN,NaN,NaN,NaN
1488934800,1.79593642,1.81504213,1.79593642,1.79593642,1244130.90159627,NaN,NaN,NaN,NaN,NaN,NaN,NaN
1489021200,1.77683072,1.79593642,1.77683072,1.79593642,353088.22306136,NaN,NaN,NaN,NaN,NaN,NaN,NaN
1489107600,1.78638357,1.78638357,1.76727786,1.77683072,1403664.38868358,NaN,NaN,NaN,NaN,NaN,NaN,NaN
1489366800,1.77683072,1.77683072,1.68130218,1.7195136,4906282.8125297,NaN,NaN,NaN,NaN,NaN,NaN,NaN
1489453200,1.7195136,1.76727786,1.70996074,1.74817216,1969882.65092457,NaN,NaN,NaN,NaN,NaN,NaN,NaN
1489539600,1.76727786,1.78638357,1.7386193,1.77683072,2570436.20434971,NaN,NaN,NaN,NaN,NaN,NaN,NaN
1489626000,1.77683072,1.81504213,1.77683072,1.79593642,6215106.42739366,NaN,NaN,NaN,NaN,NaN,NaN,NaN
1489712400,1.80548928,1.81504213,1.77683072,1.79593642,4627099.2101269,NaN,NaN,NaN,NaN,NaN,NaN,NaN
1489971600,1.79593642,1.80548928,1.76727786,1.79593642,1343891.67140874,NaN,NaN,NaN,NaN,NaN,NaN,NaN
1490058000,1.79593642,1.79593642,1.76727786,1.77683072,1332795.51023338,NaN,NaN,NaN,NaN,NaN,NaN,NaN
1490144400,1.76727786,1.78638357,1.7386193,1.74817216,2455392.04272966,NaN,NaN,NaN,NaN,NaN,NaN,NaN
1490230800,1.75772501,1.78638357,1.75772501,1.77683072,2424406.53605129,NaN,NaN,NaN,NaN,NaN,NaN,NaN
1490317200,1.78638357,1.78638357,1.76727786,1.77683072,268715.52582226,NaN,NaN,NaN,NaN,NaN,NaN,NaN
1490576400,1.77683072,1.79593642,1.76727786,1.78638357,1338657.63311847,NaN,NaN,NaN,NaN,NaN,NaN,NaN
1490662800,1.79593642,1.79593642,1.75772501,1.76727786,748781.51780548,NaN,NaN,NaN,NaN,NaN,NaN,NaN
1490749200,1.77683072,1.79593642,1.7386193,1.75772501,4323629.67005727,NaN,NaN,NaN,NaN,NaN,NaN,NaN
1490835600,1.76727786,1.8628064,1.76727786,1.85325354,8029956.86416055,NaN,NaN,NaN,NaN,NaN,NaN,NaN
1490922000,1.85325354,1.8628064,1.83414784,1.84370069,4387066.2141353,NaN,NaN,NaN,NaN,NaN,NaN,NaN
1491181200,1.84370069,2.00609919,1.82459498,1.98699349,11123482.85523946,NaN,NaN,NaN,NaN,NaN,NaN,NaN
1491267600,1.97744063,2.03475775,1.96788778,1.98699349,3422328.27647344,NaN,NaN,NaN,NaN,NaN,NaN,NaN
1491354000,1.98699349,2.04431061,1.94878208,2.01565205,6273204.25241561,NaN,NaN,NaN,NaN,NaN,NaN,NaN
1491440400,2.04431061,2.04431061,1.97744063,1.98699349,1493899.20880777,NaN,NaN,NaN,NaN,NaN,NaN,NaN
1491526800,1.98699349,1.99654634,1.94878208,1.98699349,6310156.56274489,NaN,NaN,NaN,NaN,NaN,NaN,NaN
1491786000,2.00609919,2.00609919,1.96788778,1.96788778,5492390.42027371,NaN,NaN,NaN,NaN,NaN,NaN,NaN
1491872400,1.95833493,1.95833493,1.87235925,1.90101781,5223988.93674886,NaN,NaN,NaN,NaN,NaN,NaN,NaN
1491958800,1.91057066,1.92967637,1.90101781,1.91057066,4050308.19053957,NaN,NaN,NaN,NaN,NaN,NaN,NaN
1492045200,1.91057066,1.94878208,1.90101781,1.91057066,3705908.47104006,NaN,NaN,NaN,NaN,NaN,NaN,NaN
1492131600,1.93922922,1.93922922,1.8628064,1.87235925,1091192.30275469,NaN,NaN,NaN,NaN,NaN,NaN,NaN
1492390800,1.8628064,1.92012352,1.8628064,1.92012352,2871498.08680582,NaN,NaN,NaN,NaN,NaN,NaN,NaN
1492477200,1.92967637,1.98699349,1.92967637,1.96788778,9624558.96967304,NaN,NaN,NaN,NaN,NaN,NaN,NaN
1492563600,1.97744063,1.97744063,1.94878208,1.95833493,5480352.13220609,NaN,NaN,NaN,NaN,NaN,NaN,NaN
1492650000,1.95833493,1.95833493,1.93922922,1.94878208,3026949.02402673,NaN,NaN,NaN,NaN,NaN,NaN,NaN
1492736400,1.94878208,1.98699349,1.94878208,1.96788778,3842935.59347922,NaN,NaN,NaN,NaN,NaN,NaN,NaN
1493082000,1.95833493,1.97744063,1.95833493,1.97744063,2653762.09393075,NaN,NaN,NaN,NaN,NaN,NaN,NaN
1493168400,1.95833493,1.97744063,1.95833493,1.97744063,1753402.82723917,NaN,NaN,NaN,NaN,NaN,NaN,NaN
1493254800,1.96788778,2.05386346,1.96788778,2.03475775,6940544.13442455,NaN,NaN,NaN,NaN,NaN,NaN,NaN
1493341200,2.03475775,2.1684977,2.0252049,2.13028629,26473346.94910304,NaN,NaN,NaN,NaN,NaN,NaN,NaN
1493686800,2.13983914,2.19715626,2.10162773,2.1684977,9874222.59611874,NaN,NaN,NaN,NaN,NaN,NaN,NaN
1493773200,2.14939199,2.1684977,2.06341631,2.08252202,6583896.76532581,NaN,NaN,NaN,NaN,NaN,NaN,NaN
1493859600,2.05386346,2.10162773,2.0252049,2.09207487,9063260.70342489,NaN,NaN,NaN,NaN,NaN,NaN,NaN
1493946000,2.10162773,2.26402623,2.07296917,2.20670911,22816743.1187573,NaN,NaN,NaN,NaN,NaN,NaN,NaN
1494205200,2.28313194,2.37866047,2.10162773,2.12073343,29931685.40901351,NaN,NaN,NaN,NaN,NaN,NaN,NaN
1494291600,2.10162773,2.20670911,2.09207487,2.13028629,9567507.95230914,NaN,NaN,NaN,NaN,NaN,NaN,NaN
1494464400,2.13983914,2.21626197,2.13983914,2.17805055,8081773.84323418,NaN,NaN,NaN,NaN,NaN,NaN,NaN
1494550800,2.18760341,2.20670911,2.14939199,2.14939199,6438809.22391963,NaN,NaN,NaN,NaN,NaN,NaN,NaN
1494810000,2.1684977,2.21626197,2.1684977,2.18760341,8688608.24260764,NaN,NaN,NaN,NaN,NaN,NaN,NaN
1494896400,2.18760341,2.26402623,2.1684977,2.21626197,18224188.56134616,NaN,NaN,NaN,NaN,NaN,NaN,NaN
1494982800,2.21626197,2.21626197,2.1684977,2.20670911,6373174.38375969,NaN,NaN,NaN,NaN,NaN,NaN,NaN
1495069200,2.18760341,2.22581482,2.15894485,2.21626197,5981668.31964779,NaN,NaN,NaN,NaN,NaN,NaN,NaN
1495155600,2.19715626,2.20670911,2.18760341,2.18760341,4457202.32722486,NaN,NaN,NaN,NaN,NaN,NaN,NaN
1495414800,2.17805055,2.19715626,2.1684977,2.18760341,3145238.28938675,NaN,NaN,NaN,NaN,NaN,NaN,NaN
1495501200,2.17805055,2.17805055,2.13983914,2.14939199,5260313.1624833,NaN,NaN,NaN,NaN,NaN,NaN,NaN
1495587600,2.14939199,2.14939199,2.01565205,2.04431061,5834277.80139389,NaN,NaN,NaN,NaN,NaN,NaN,NaN
1495674000,2.04431061,2.06341631,2.03475775,2.04431061,3357635.56320575,NaN,NaN,NaN,NaN,NaN,NaN,NaN
1495760400,2.0252049,2.0252049,1.93922922,2.01565205,4489862.72615613,NaN,NaN,NaN,NaN,NaN,NaN,NaN
1496019600,2.0252049,2.06341631,2.01565205,2.04431061,1468671.14424869,NaN,NaN,NaN,NaN,NaN,NaN,NaN
1496106000,2.05386346,2.06341631,1.99654634,2.04431061,4798252.26221861,NaN,NaN,NaN,NaN,NaN,NaN,NaN
1496192400,2.03475775,2.12073343,2.0252049,2.12073343,1915658.01423742,NaN,NaN,NaN,NaN,NaN,NaN,NaN
1496278800,2.13983914,2.13983914,2.06341631,2.06341631,4239361.65358398,NaN,NaN,NaN,NaN,NaN,NaN,NaN
1496365200,2.08252202,2.09207487,2.06341631,2.07296917,2098116.5890361,NaN,NaN,NaN,NaN,NaN,NaN,NaN
1496624400,2.07296917,2.10162773,2.07296917,2.08252202,2455392.04272966,NaN,NaN,NaN,NaN,NaN,NaN,NaN
1496710800,2.07592094,2.07592094,2.01825647,2.01825647,5926179.43967944,NaN,NaN,NaN,NaN,NaN,NaN,NaN
1496797200,2.01825647,2.0663102,2.01825647,2.05669945,3390892.13870096,NaN,NaN,NaN,NaN,NaN,NaN,NaN
1496883600,2.05669945,2.05669945,2.02786722,2.05669945,3064070.44402915,NaN,NaN,NaN,NaN,NaN,NaN,NaN
1496970000,2.04708871,2.04708871,2.02786722,2.04708871,379679.19893583,NaN,NaN,NaN,NaN,NaN,NaN,NaN
1497315600,2.0663102,2.0663102,1.99903498,2.03747796,2037303.01868007,NaN,NaN,NaN,NaN,NaN,NaN,NaN
1497402000,2.03747796,2.03747796,2.01825647,2.03747796,768931.01675412,NaN,NaN,NaN,NaN,NaN,NaN,NaN
1497488400,2.02786722,2.0663102,2.01825647,2.05669945,1660641.27569632,NaN,NaN,NaN,NaN,NaN,NaN,NaN
1497574800,2.05669945,2.0663102,2.02786722,2.05669945,1518508.69533284,NaN,NaN,NaN,NaN,NaN,NaN,NaN
1497834000,2.05669945,2.05669945,1.97020275,1.97981349,1696954.79732652,NaN,NaN,NaN,NaN,NaN,NaN,NaN
1497920400,1.98942424,2.01825647,1.97981349,1.98942424,669667.12095122,NaN,NaN,NaN,NaN,NaN,NaN,NaN
1498006800,1.97020275,1.98942424,1.960592,1.960592,432120.50237887,NaN,NaN,NaN,NaN,NaN,NaN,NaN
1498093200,1.97020275,2.00864573,1.95098125,1.97981349,4863306.59311065,NaN,NaN,NaN,NaN,NaN,NaN,NaN
1498179600,1.97981349,1.97981349,1.95098125,1.960592,4691311.6038421,NaN,NaN,NaN,NaN,NaN,NaN,NaN
1498611600,1.97020275,1.99903498,1.95098125,1.97020275,505892.09789696,NaN,NaN,NaN,NaN,NaN,NaN,NaN
1498698000,1.960592,1.99903498,1.960592,1.98942424,513175.61226405,NaN,NaN,NaN,NaN,NaN,NaN,NaN
1498784400,1.98942424,1.99903498,1.97981349,1.97981349,1556903.22106792,NaN,NaN,NaN,NaN,NaN,NaN,NaN
1499043600,1.97981349,1.98942424,1.97020275,1.97020275,223707.94127488,NaN,NaN,NaN,NaN,NaN,NaN,NaN
1499130000,1.97981349,1.98942424,1.97020275,1.97981349,984210.89140423,NaN,NaN,NaN,NaN,NaN,NaN,NaN
1499216400,1.97981349,2.02786722,1.97020275,2.02786722,1283979.53271257,NaN,NaN,NaN,NaN,NaN,NaN,NaN
1499302800,2.0663102,2.0663102,2.03747796,2.04708871,5479700.00897688,NaN,NaN,NaN,NaN,NaN,NaN,NaN
1499389200,2.02786722,2.02786722,2.00864573,2.01825647,1123846.26684185,NaN,NaN,NaN,NaN,NaN,NaN,NaN
1499648400,2.03747796,2.03747796,1.99903498,2.00864573,97078.84149277,NaN,NaN,NaN,NaN,NaN,NaN,NaN
1499734800,1.97981349,1.99903498,1.87409529,1.87409529,3161669.53654814,NaN,NaN,NaN,NaN,NaN,NaN,NaN
1499821200,1.94137051,1.94137051,1.89331678,1.90292753,1557839.67291512,NaN,NaN,NaN,NaN,NaN,NaN,NaN
1499907600,1.91253827,1.91253827,1.86448455,1.87409529,1559712.57660951,NaN,NaN,NaN,NaN,NaN,NaN,NaN
1499994000,1.91253827,1.91253827,1.77798784,1.79720933,1857400.21381297,NaN,NaN,NaN,NaN,NaN,NaN,NaN
1500253200,1.79720933,1.83565231,1.79720933,1.79720933,1731915.66628855,NaN,NaN,NaN,NaN,NaN,NaN,NaN
1500339600,1.81643082,1.8548738,1.80682008,1.82604157,830840.88887438,NaN,NaN,NaN,NaN,NaN,NaN,NaN
1500426000,1.83565231,1.90292753,1.83565231,1.88370604,1918789.83490701,NaN,NaN,NaN,NaN,NaN,NaN,NaN
1500512400,1.90292753,1.91253827,1.86448455,1.88370604,1076919.62427675,NaN,NaN,NaN,NaN,NaN,NaN,NaN
1500598800,1.88370604,1.88370604,1.8548738,1.86448455,1479906.06918727,NaN,NaN,NaN,NaN,NaN,NaN,NaN
1500858000,1.89331678,1.89331678,1.83565231,1.84526306,751034.38145213,NaN,NaN,NaN,NaN,NaN,NaN,NaN
1500944400,1.84526306,1.84526306,1.81643082,1.82604157,1154437.02718363,NaN,NaN,NaN,NaN,NaN,NaN,NaN
1501030800,1.82604157,1.82604157,1.79720933,1.79720933,611919.25704073,NaN,NaN,NaN,NaN,NaN,NaN,NaN
1501117200,1.81643082,1.88370604,1.81643082,1.87409529,1809641.16960592,NaN,NaN,NaN,NaN,NaN,NaN,NaN
1501203600,1.87409529,1.87409529,1.81643082,1.81643082,1093047.40608959,NaN,NaN,NaN,NaN,NaN,NaN,NaN
1501462800,1.82604157,1.83565231,1.79720933,1.82604157,486018.50869533,NaN,NaN,NaN,NaN,NaN,NaN,NaN
1501549200,1.80682008,1.84526306,1.79720933,1.84526306,1015634.05338796,NaN,NaN,NaN,NaN,NaN,NaN,NaN
1501635600,1.84526306,1.86448455,1.82604157,1.86448455,893791.26304708,NaN,NaN,NaN,NaN,NaN,NaN,NaN
1501722000,1.87409529,1.87409529,1.8548738,1.87409529,468329.97380383,NaN,NaN,NaN,NaN,NaN,NaN,NaN
1501808400,1.87409529,1.87409529,1.81643082,1.81643082,1414666.5904992,NaN,NaN,NaN,NaN,NaN,NaN,NaN
1502067600,1.81643082,1.86448455,1.77798784,1.79720933,1855527.31011858,NaN,NaN,NaN,NaN,NaN,NaN,NaN
1502154000,1.82604157,1.83565231,1.80682008,1.81643082,411934.76256151,NaN,NaN,NaN,NaN,NaN,NaN,NaN
1502240400,1.80682008,1.81643082,1.79720933,1.80682008,762479.90402899,NaN,NaN,NaN,NaN,NaN,NaN,NaN
1502326800,1.80682008,1.82604157,1.77798784,1.77798784,307884.55731738,NaN,NaN,NaN,NaN,NaN,NaN,NaN
1502413200,1.78759859,1.78759859,1.72993412,1.77798784,539604.36439606,NaN,NaN,NaN,NaN,NaN,NaN,NaN
1502672400,1.77798784,1.80682008,1.7683771,1.79720933,311734.41491141,NaN,NaN,NaN,NaN,NaN,NaN,NaN
1502758800,1.79720933,1.81643082,1.7683771,1.7683771,1409776.23085272,NaN,NaN,NaN,NaN,NaN,NaN,NaN
1502845200,1.79720933,1.80682008,1.77798784,1.79720933,1308119.18032921,NaN,NaN,NaN,NaN,NaN,NaN,NaN
1502931600,1.79720933,1.80682008,1.7683771,1.7683771,808574.14495214,NaN,NaN,NaN,NaN,NaN,NaN,NaN
1503018000,1.77798784,1.77798784,1.75876635,1.77798784,667690.16705158,NaN,NaN,NaN,NaN,NaN,NaN,NaN
1503277200,1.77798784,1.78759859,1.74915561,1.74915561,803787.83551091,NaN,NaN,NaN,NaN,NaN,NaN,NaN
1503363600,1.75876635,1.78759859,1.74915561,1.7683771,1360976.68459323,NaN,NaN,NaN,NaN,NaN,NaN,NaN
1503450000,1.7683771,1.77798784,1.7683771,1.7683771,1043623.55859863,NaN,NaN,NaN,NaN,NaN,NaN,NaN
1503536400,1.77798784,1.78759859,1.75876635,1.77798784,1977266.05025421,NaN,NaN,NaN,NaN,NaN,NaN,NaN
1503622800,1.78759859,1.78759859,1.74915561,1.77798784,1667716.68965292,NaN,NaN,NaN,NaN,NaN,NaN,NaN
1503882000,1.7683771,1.7683771,1.72032337,1.74915561,335770.01232281,NaN,NaN,NaN,NaN,NaN,NaN,NaN
1503968400,1.75876635,1.75876635,1.70110188,1.72993412,3111933.53844145,NaN,NaN,NaN,NaN,NaN,NaN,NaN
1504054800,1.75876635,1.75876635,1.67226965,1.68188039,3859430.21291528,NaN,NaN,NaN,NaN,NaN,NaN,NaN
1504573200,1.67226965,1.71071263,1.61460518,1.69149114,2398565.33128769,NaN,NaN,NaN,NaN,NaN,NaN,NaN
1504659600,1.69149114,1.70110188,1.67226965,1.69149114,787347.90308233,NaN,NaN,NaN,NaN,NaN,NaN,NaN
1504746000,1.68188039,1.72993412,1.64343741,1.72993412,1126551.5721782,NaN,NaN,NaN,NaN,NaN,NaN,NaN
1504832400,1.73954486,1.74915561,1.70110188,1.70110188,3738003.62339538,NaN,NaN,NaN,NaN,NaN,NaN,NaN
1505091600,1.73954486,1.73954486,1.72993412,1.73954486,2011914.7686005,NaN,NaN,NaN,NaN,NaN,NaN,NaN
1505178000,1.73954486,1.73954486,1.69149114,1.72993412,2521136.47306528,NaN,NaN,NaN,NaN,NaN,NaN,NaN
1505264400,1.72032337,1.73954486,1.70110188,1.72993412,1594985.59618727,NaN,NaN,NaN,NaN,NaN,NaN,NaN
1505350800,1.72993412,1.73954486,1.71071263,1.72993412,862784.30188433,NaN,NaN,NaN,NaN,NaN,NaN,NaN
1505437200,1.72032337,1.72993412,1.69149114,1.69149114,3350728.75947673,NaN,NaN,NaN,NaN,NaN,NaN,NaN
1505696400,1.71071263,1.71071263,1.6626589,1.6626589,989517.45187168,NaN,NaN,NaN,NaN,NaN,NaN,NaN
1505782800,1.67226965,1.72993412,1.67226965,1.70110188,1492392.09381656,NaN,NaN,NaN,NaN,NaN,NaN,NaN
1505869200,1.72032337,1.72993412,1.67226965,1.69149114,764873.0587496,NaN,NaN,NaN,NaN,NaN,NaN,NaN
1505955600,1.68188039,1.71071263,1.68188039,1.68188039,419530.42754433,NaN,NaN,NaN,NaN,NaN,NaN,NaN
1506301200,1.68188039,1.68188039,1.65304816,1.65304816,329527.00000816,NaN,NaN,NaN,NaN,NaN,NaN,NaN
1506387600,1.65304816,1.65304816,1.63382667,1.64343741,563744.0120127,NaN,NaN,NaN,NaN,NaN,NaN,NaN
1506474000,1.64343741,1.72993412,1.64343741,1.69149114,1792264.78533015,NaN,NaN,NaN,NaN,NaN,NaN,NaN
1506560400,1.6626589,1.70110188,1.6626589,1.70110188,1730354.91320989,NaN,NaN,NaN,NaN,NaN,NaN,NaN
1506646800,1.67226965,1.70110188,1.67226965,1.68188039,1928258.40358422,1472469458.97786,7796453000,4676219000,75431000,469255000,3089571000,0
1506906000,1.6626589,1.68188039,1.65304816,1.67226965,915953.95676408,NaN,NaN,NaN,NaN,NaN,NaN,NaN
1506992400,1.67226965,1.67226965,1.6626589,1.6626589,472075.78119262,NaN,NaN,NaN,NaN,NaN,NaN,NaN
1507078800,1.6626589,1.68188039,1.6626589,1.67226965,1052988.0770706,NaN,NaN,NaN,NaN,NaN,NaN,NaN
1507165200,1.67226965,1.71071263,1.67226965,1.68188039,2222616.43421987,NaN,NaN,NaN,NaN,NaN,NaN,NaN
1507251600,1.72993412,1.74915561,1.70110188,1.72032337,3913536.31964223,NaN,NaN,NaN,NaN,NaN,NaN,NaN
1507510800,1.72032337,1.72993412,1.68188039,1.69149114,2020654.98584101,NaN,NaN,NaN,NaN,NaN,NaN,NaN
1507597200,1.69149114,1.69149114,1.68188039,1.68188039,1530266.36852543,NaN,NaN,NaN,NaN,NaN,NaN,NaN
1507683600,1.68188039,1.68188039,1.6626589,1.67226965,1149650.7177424,NaN,NaN,NaN,NaN,NaN,NaN,NaN
1507770000,1.67226965,1.67226965,1.63382667,1.64343741,2233229.55515477,NaN,NaN,NaN,NaN,NaN,NaN,NaN
1507856400,1.64343741,1.65304816,1.61460518,1.62421592,1922847.79291153,NaN,NaN,NaN,NaN,NaN,NaN,NaN
1508115600,1.62421592,1.65304816,1.59538369,1.61460518,2898318.46707525,NaN,NaN,NaN,NaN,NaN,NaN,NaN
1508202000,1.62421592,1.62421592,1.52810847,1.53771922,8143177.16281613,NaN,NaN,NaN,NaN,NaN,NaN,NaN
1508374800,1.54732996,1.56655145,1.53771922,1.55694071,3943918.97957352,NaN,NaN,NaN,NaN,NaN,NaN,NaN
1508461200,1.55694071,1.55694071,1.50888698,1.50888698,2725907.27698573,NaN,NaN,NaN,NaN,NaN,NaN,NaN
1508720400,1.50888698,1.51849773,1.46083325,1.46083325,3575165.05218832,NaN,NaN,NaN,NaN,NaN,NaN,NaN
1508806800,1.46083325,1.48005475,1.43200102,1.43200102,7469348.03365514,NaN,NaN,NaN,NaN,NaN,NaN,NaN
1508893200,1.44161176,1.49927624,1.44161176,1.49927624,7569548.38130524,NaN,NaN,NaN,NaN,NaN,NaN,NaN
1508979600,1.49927624,1.49927624,1.46083325,1.46083325,3644358.43867567,NaN,NaN,NaN,NaN,NaN,NaN,NaN
1509066000,1.48005475,1.5761622,1.48005475,1.54732996,8209769.29417237,NaN,NaN,NaN,NaN,NaN,NaN,NaN
1509325200,1.55694071,1.63382667,1.55694071,1.63382667,5363267.8293087,NaN,NaN,NaN,NaN,NaN,NaN,NaN
1509411600,1.65304816,1.65304816,1.58577294,1.59538369,3108916.08248937,NaN,NaN,NaN,NaN,NaN,NaN,NaN
1509498000,1.60499443,1.64343741,1.60499443,1.63382667,3894599.1822878,NaN,NaN,NaN,NaN,NaN,NaN,NaN
1509584400,1.63382667,1.63382667,1.56655145,1.5761622,2922250.0142814,NaN,NaN,NaN,NaN,NaN,NaN,NaN
1509670800,1.58577294,1.58577294,1.55694071,1.56655145,795047.6182704,NaN,NaN,NaN,NaN,NaN,NaN,NaN
1509930000,1.56655145,1.61460518,1.56655145,1.60499443,2045731.08530485,NaN,NaN,NaN,NaN,NaN,NaN,NaN
1510016400,1.60499443,1.61460518,1.58577294,1.60499443,2210026.35938533,NaN,NaN,NaN,NaN,NaN,NaN,NaN
1510102800,1.60499443,1.60499443,1.56655145,1.56655145,1501028.26085182,NaN,NaN,NaN,NaN,NaN,NaN,NaN
1510189200,1.5761622,1.61460518,1.56655145,1.61460518,1911506.32053992,NaN,NaN,NaN,NaN,NaN,NaN,NaN
1510275600,1.60499443,1.62421592,1.60499443,1.61460518,1172229.61228037,NaN,NaN,NaN,NaN,NaN,NaN,NaN
1510534800,1.61460518,1.62421592,1.60499443,1.60499443,1934085.2150779,NaN,NaN,NaN,NaN,NaN,NaN,NaN
1510621200,1.60499443,1.63382667,1.59538369,1.61460518,3569130.14028416,NaN,NaN,NaN,NaN,NaN,NaN,NaN
1510707600,1.62421592,1.62421592,1.59538369,1.59538369,1639415.03382652,NaN,NaN,NaN,NaN,NaN,NaN,NaN
1510794000,1.59538369,1.60499443,1.5761622,1.59538369,2193378.32654627,NaN,NaN,NaN,NaN,NaN,NaN,NaN
1510880400,1.59538369,1.60499443,1.58577294,1.59538369,1441927.74427316,NaN,NaN,NaN,NaN,NaN,NaN,NaN
1511139600,1.58577294,1.61460518,1.58577294,1.60499443,976927.37703714,NaN,NaN,NaN,NaN,NaN,NaN,NaN
1511226000,1.59538369,1.60499443,1.58577294,1.59538369,1816300.38274154,NaN,NaN,NaN,NaN,NaN,NaN,NaN
1511312400,1.59538369,1.60499443,1.5761622,1.58577294,1686341.67639162,NaN,NaN,NaN,NaN,NaN,NaN,NaN
1511398800,1.61460518,1.62421592,1.58577294,1.62421592,4861745.84003199,NaN,NaN,NaN,NaN,NaN,NaN,NaN
1511485200,1.62421592,1.62421592,1.58577294,1.59538369,2160186.31107339,NaN,NaN,NaN,NaN,NaN,NaN,NaN
1511744400,1.60499443,1.60499443,1.51849773,1.52810847,4167730.97105364,NaN,NaN,NaN,NaN,NaN,NaN,NaN
1511830800,1.52810847,1.53771922,1.470444,1.48005475,3963376.36795417,NaN,NaN,NaN,NaN,NaN,NaN,NaN
1511917200,1.48966549,1.49927624,1.43200102,1.45122251,5603727.85362789,NaN,NaN,NaN,NaN,NaN,NaN,NaN
1512003600,1.45122251,1.48005475,1.45122251,1.48005475,812215.90213568,NaN,NaN,NaN,NaN,NaN,NaN,NaN
1512349200,1.470444,1.52810847,1.470444,1.49927624,1864163.47715384,NaN,NaN,NaN,NaN,NaN,NaN,NaN
1512435600,1.49927624,1.50888698,1.45122251,1.470444,1666468.08718999,NaN,NaN,NaN,NaN,NaN,NaN,NaN
1512522000,1.46083325,1.46083325,1.43200102,1.45122251,2799470.77209333,NaN,NaN,NaN,NaN,NaN,NaN,NaN
1512608400,1.46083325,1.470444,1.43200102,1.44161176,1839295.47810049,NaN,NaN,NaN,NaN,NaN,NaN,NaN
1512694800,1.44161176,1.45122251,1.43200102,1.45122251,2240200.91890613,NaN,NaN,NaN,NaN,NaN,NaN,NaN
1512954000,1.46083325,1.48966549,1.40316878,1.42239027,4555942.28681949,NaN,NaN,NaN,NaN,NaN,NaN,NaN
1513040400,1.42239027,1.48005475,1.42239027,1.44161176,5974354.68470748,NaN,NaN,NaN,NaN,NaN,NaN,NaN
1513126800,1.44161176,1.470444,1.43200102,1.44161176,4974328.16210614,NaN,NaN,NaN,NaN,NaN,NaN,NaN
1513213200,1.44161176,1.45122251,1.43200102,1.44161176,1891112.48031207,NaN,NaN,NaN,NaN,NaN,NaN,NaN
1513299600,1.45122251,1.470444,1.44161176,1.46083325,2431653.29655533,NaN,NaN,NaN,NaN,NaN,NaN,NaN
1513558800,1.46083325,1.470444,1.42239027,1.44161176,1556174.86963121,NaN,NaN,NaN,NaN,NaN,NaN,NaN
1513645200,1.44161176,1.45122251,1.43200102,1.44161176,6267672.21329068,NaN,NaN,NaN,NaN,NaN,NaN,NaN
1513731600,1.44161176,1.44161176,1.42239027,1.43200102,2492314.56621265,NaN,NaN,NaN,NaN,NaN,NaN,NaN
1513818000,1.43200102,1.46083325,1.42239027,1.45122251,4134643.00578601,NaN,NaN,NaN,NaN,NaN,NaN,NaN
1513904400,1.45122251,1.62421592,1.44161176,1.58577294,5538696.4753503,NaN,NaN,NaN,NaN,NaN,NaN,NaN
1514250000,1.58577294,1.58577294,1.52810847,1.52810847,3444790.14501742,NaN,NaN,NaN,NaN,NaN,NaN,NaN
1514336400,1.53771922,1.58577294,1.52810847,1.5761622,2890722.80209243,NaN,NaN,NaN,NaN,NaN,NaN,NaN
1514422800,1.56655145,1.62421592,1.54732996,1.5761622,3935074.71212777,NaN,NaN,NaN,NaN,NaN,NaN,NaN
1514509200,1.59538369,1.60499443,1.54732996,1.55694071,2147075.98521263,1472665670.6359599,8179675000,5033525000,157352000,679999000,3138061000,1.8517091217388
1514854800,1.56655145,1.56655145,1.52810847,1.54732996,1147361.61322703,NaN,NaN,NaN,NaN,NaN,NaN,NaN
1514941200,1.54732996,1.62421592,1.53771922,1.54732996,7935909.15396982,NaN,NaN,NaN,NaN,NaN,NaN,NaN
1515027600,1.5761622,1.61460518,1.56655145,1.61460518,4194575.92400663,NaN,NaN,NaN,NaN,NaN,NaN,NaN
1515114000,1.61460518,1.68188039,1.61460518,1.6626589,6656195.67967226,NaN,NaN,NaN,NaN,NaN,NaN,NaN
1515373200,1.6626589,1.75876635,1.6626589,1.75876635,5435166.52113239,NaN,NaN,NaN,NaN,NaN,NaN,NaN
1515459600,1.74915561,1.74915561,1.68188039,1.71071263,5458889.96792806,NaN,NaN,NaN,NaN,NaN,NaN,NaN
1515546000,1.71071263,1.71071263,1.65304816,1.68188039,3915201.12292614,NaN,NaN,NaN,NaN,NaN,NaN,NaN
1515632400,1.68188039,1.68188039,1.62421592,1.65304816,2382541.5996801,NaN,NaN,NaN,NaN,NaN,NaN,NaN
1515718800,1.64343741,1.69149114,1.64343741,1.68188039,1601020.50809143,NaN,NaN,NaN,NaN,NaN,NaN,NaN
1515978000,1.68188039,1.69149114,1.63382667,1.63382667,1866764.73228494,NaN,NaN,NaN,NaN,NaN,NaN,NaN
1516064400,1.6626589,1.6626589,1.56655145,1.61460518,3651017.65181129,NaN,NaN,NaN,NaN,NaN,NaN,NaN
1516150800,1.61460518,1.62421592,1.5761622,1.59538369,1513306.18507063,NaN,NaN,NaN,NaN,NaN,NaN,NaN
1516237200,1.59538369,1.65304816,1.5761622,1.58577294,4493304.06326253,NaN,NaN,NaN,NaN,NaN,NaN,NaN
1516323600,1.60499443,1.62421592,1.59538369,1.61460518,1892465.13298024,NaN,NaN,NaN,NaN,NaN,NaN,NaN
1516582800,1.60499443,1.6626589,1.60499443,1.65304816,2393154.720615,NaN,NaN,NaN,NaN,NaN,NaN,NaN
1516669200,1.65304816,1.67226965,1.64343741,1.65304816,1608199.97225328,NaN,NaN,NaN,NaN,NaN,NaN,NaN
1516755600,1.65304816,1.65304816,1.63382667,1.65304816,169913.98516366,NaN,NaN,NaN,NaN,NaN,NaN,NaN
1516842000,1.60499443,1.67226965,1.60499443,1.67226965,2085894.46452908,NaN,NaN,NaN,NaN,NaN,NaN,NaN
1516928400,1.64343741,1.65304816,1.60499443,1.61460518,2225633.89017195,NaN,NaN,NaN,NaN,NaN,NaN,NaN
1517187600,1.60499443,1.60499443,1.56655145,1.56655145,1485940.98109143,NaN,NaN,NaN,NaN,NaN,NaN,NaN
1517274000,1.56655145,1.56655145,1.48966549,1.49927624,2664309.5554812,NaN,NaN,NaN,NaN,NaN,NaN,NaN
1517533200,1.50888698,1.53771922,1.50888698,1.50888698,1022085.16611309,NaN,NaN,NaN,NaN,NaN,NaN,NaN
1517792400,1.46083325,1.52810847,1.46083325,1.52810847,2588561.00606348,NaN,NaN,NaN,NaN,NaN,NaN,NaN
1517878800,1.46083325,1.48005475,1.45122251,1.470444,2115444.72281841,NaN,NaN,NaN,NaN,NaN,NaN,NaN
1517965200,1.470444,1.51849773,1.470444,1.49927624,1429649.82005435,NaN,NaN,NaN,NaN,NaN,NaN,NaN
1518051600,1.49927624,1.49927624,1.46083325,1.470444,1386468.98487804,NaN,NaN,NaN,NaN,NaN,NaN,NaN
1518138000,1.46083325,1.46083325,1.42239027,1.44161176,2358401.95206346,NaN,NaN,NaN,NaN,NaN,NaN,NaN
1518397200,1.44161176,1.45122251,1.42239027,1.43200102,1334235.78184548,NaN,NaN,NaN,NaN,NaN,NaN,NaN
1518483600,1.44161176,1.48005475,1.44161176,1.470444,2011290.46736904,NaN,NaN,NaN,NaN,NaN,NaN,NaN
1518570000,1.48005475,1.51849773,1.470444,1.48005475,1914003.52546578,NaN,NaN,NaN,NaN,NaN,NaN,NaN
1518656400,1.48966549,1.48966549,1.48005475,1.48005475,35064.91916727,NaN,NaN,NaN,NaN,NaN,NaN,NaN
1519002000,1.48966549,1.5761622,1.48966549,1.5761622,1154228.92677314,NaN,NaN,NaN,NaN,NaN,NaN,NaN
1519088400,1.5761622,1.5761622,1.49927624,1.49927624,2057904.95931841,NaN,NaN,NaN,NaN,NaN,NaN,NaN
1519174800,1.49927624,1.55694071,1.49927624,1.55694071,1588222.33284641,NaN,NaN,NaN,NaN,NaN,NaN,NaN
1519261200,1.51849773,1.58577294,1.51849773,1.5761622,1164009.64606609,NaN,NaN,NaN,NaN,NaN,NaN,NaN
1519347600,1.56655145,1.5761622,1.53771922,1.55694071,187394.41964468,NaN,NaN,NaN,NaN,NaN,NaN,NaN
1519606800,1.56655145,1.56655145,1.50888698,1.51849773,758525.99622971,NaN,NaN,NaN,NaN,NaN,NaN,NaN
1519693200,1.56655145,1.58577294,1.52810847,1.53771922,2591682.5122208,NaN,NaN,NaN,NaN,NaN,NaN,NaN
1519779600,1.53771922,1.54732996,1.470444,1.48005475,3094349.05375519,NaN,NaN,NaN,NaN,NaN,NaN,NaN
1519866000,1.470444,1.48966549,1.46083325,1.48005475,1332883.12917731,NaN,NaN,NaN,NaN,NaN,NaN,NaN
1519952400,1.48005475,1.53771922,1.46083325,1.51849773,1497802.70448926,NaN,NaN,NaN,NaN,NaN,NaN,NaN
1520211600,1.51849773,1.51849773,1.46083325,1.48005475,671748.12505611,NaN,NaN,NaN,NaN,NaN,NaN,NaN
1520298000,1.48005475,1.48005475,1.44161176,1.44161176,1502172.81310951,NaN,NaN,NaN,NaN,NaN,NaN,NaN
1520384400,1.44161176,1.45122251,1.39355804,1.40316878,3089666.79451921,NaN,NaN,NaN,NaN,NaN,NaN,NaN
1520470800,1.40316878,1.43200102,1.39355804,1.39355804,1689567.23275419,NaN,NaN,NaN,NaN,NaN,NaN,NaN
1520557200,1.40316878,1.42239027,1.29745059,1.31667208,11465708.3166717,NaN,NaN,NaN,NaN,NaN,NaN,NaN
1520816400,1.34550431,1.34550431,1.32628282,1.33589357,1956039.80838441,NaN,NaN,NaN,NaN,NaN,NaN,NaN
1520902800,1.33589357,1.33589357,1.26861835,1.29745059,3215047.29183838,NaN,NaN,NaN,NaN,NaN,NaN,NaN
1520989200,1.29745059,1.29745059,1.25900761,1.26861835,2299301.43548479,NaN,NaN,NaN,NaN,NaN,NaN,NaN
1521075600,1.25900761,1.29745059,1.24939686,1.28783984,3929351.95083934,NaN,NaN,NaN,NaN,NaN,NaN,NaN
1521162000,1.29745059,1.33589357,1.2782291,1.31667208,3341676.39162049,NaN,NaN,NaN,NaN,NaN,NaN,NaN
1521421200,1.31667208,1.34550431,1.29745059,1.30706133,4008534.15703012,NaN,NaN,NaN,NaN,NaN,NaN,NaN
1521507600,1.30706133,1.30706133,1.24939686,1.24939686,4185107.35532941,NaN,NaN,NaN,NaN,NaN,NaN,NaN
1521594000,1.26861835,1.28783984,1.25900761,1.2782291,1868533.58577409,NaN,NaN,NaN,NaN,NaN,NaN,NaN
1521680400,1.26861835,1.2782291,1.24939686,1.26861835,2812060.84692787,NaN,NaN,NaN,NaN,NaN,NaN,NaN
1521766800,1.24939686,1.26861835,1.23978612,1.26861835,3458940.97293063,NaN,NaN,NaN,NaN,NaN,NaN,NaN
1522026000,1.24939686,1.2782291,1.24939686,1.25900761,1806415.61324335,NaN,NaN,NaN,NaN,NaN,NaN,NaN
1522112400,1.26861835,1.2782291,1.26861835,1.26861835,914913.45471164,NaN,NaN,NaN,NaN,NaN,NaN,NaN
1522198800,1.25900761,1.2782291,1.25900761,1.2782291,1275239.31547206,NaN,NaN,NaN,NaN,NaN,NaN,NaN
1522285200,1.2782291,1.2782291,1.25900761,1.2782291,995032.11274962,NaN,NaN,NaN,NaN,NaN,NaN,NaN
1522371600,1.26861835,1.26861835,1.24939686,1.25900761,3573084.04808344,1472666576.9133499,8168744000,5023503000,75671000,539791000,3137572000,2.28989444087021
1522630800,1.25900761,1.26861835,1.1725109,1.1725109,6477021.22624187,NaN,NaN,NaN,NaN,NaN,NaN,NaN
1522717200,1.1725109,1.19173239,1.14367867,1.15328941,7854125.69264794,NaN,NaN,NaN,NaN,NaN,NaN,NaN
1522803600,1.15328941,1.1725109,1.10523569,1.10523569,5688632.82110709,NaN,NaN,NaN,NaN,NaN,NaN,NaN
1522890000,1.11484643,1.14367867,1.10523569,1.13406792,10045110.86447359,NaN,NaN,NaN,NaN,NaN,NaN,NaN
1522976400,1.13406792,1.13406792,1.09562494,1.09562494,6474732.1217265,NaN,NaN,NaN,NaN,NaN,NaN,NaN
1523235600,1.10523569,1.18212165,1.0860142,1.16290016,6680127.22687841,NaN,NaN,NaN,NaN,NaN,NaN,NaN
1523322000,1.16290016,1.20134314,1.15328941,1.1725109,8669046.90011996,NaN,NaN,NaN,NaN,NaN,NaN,NaN
1523408400,1.19173239,1.22056463,1.1725109,1.1725109,11676201.88188058,NaN,NaN,NaN,NaN,NaN,NaN,NaN
1523494800,1.1725109,1.19173239,1.15328941,1.16290016,2182869.25581661,NaN,NaN,NaN,NaN,NaN,NaN,NaN
1523581200,1.1725109,1.19173239,1.15328941,1.15328941,3193925.10017383,NaN,NaN,NaN,NaN,NaN,NaN,NaN
1523840400,1.16290016,1.18212165,1.14367867,1.14367867,2497204.92585913,NaN,NaN,NaN,NaN,NaN,NaN,NaN
1523926800,1.15328941,1.16290016,1.14367867,1.14367867,1045184.31167729,NaN,NaN,NaN,NaN,NaN,NaN,NaN
1524013200,1.15328941,1.1725109,1.11484643,1.12445718,5604352.15485935,NaN,NaN,NaN,NaN,NaN,NaN,NaN
1524099600,1.14367867,1.14367867,1.11484643,1.12445718,4924488.1137942,NaN,NaN,NaN,NaN,NaN,NaN,NaN
1524186000,1.13406792,1.13406792,1.10523569,1.11484643,4812946.2937725,NaN,NaN,NaN,NaN,NaN,NaN,NaN
1524445200,1.12445718,1.13406792,1.10523569,1.12445718,2011082.36695855,NaN,NaN,NaN,NaN,NaN,NaN,NaN
1524531600,1.12445718,1.23978612,1.12445718,1.19173239,10340093.1963407,NaN,NaN,NaN,NaN,NaN,NaN,NaN
1524618000,1.18212165,1.18212165,1.10523569,1.12445718,16447424.04335017,NaN,NaN,NaN,NaN,NaN,NaN,NaN
1524704400,1.13406792,1.18212165,1.13406792,1.1725109,3919779.33195688,NaN,NaN,NaN,NaN,NaN,NaN,NaN
1524790800,1.18212165,1.22056463,1.1725109,1.21095388,8251909.62729625,NaN,NaN,NaN,NaN,NaN,NaN,NaN
1525050000,1.21095388,1.22056463,1.13406792,1.18212165,5552014.90162155,NaN,NaN,NaN,NaN,NaN,NaN,NaN
1525222800,1.16290016,1.20134314,1.15328941,1.19173239,1976225.54820177,NaN,NaN,NaN,NaN,NaN,NaN,NaN
1525309200,1.18212165,1.18212165,1.16290016,1.18212165,2882710.93628863,NaN,NaN,NaN,NaN,NaN,NaN,NaN
1525395600,1.1725109,1.1725109,1.14367867,1.15328941,5988401.46241544,NaN,NaN,NaN,NaN,NaN,NaN,NaN
1525654800,1.14367867,1.18212165,1.12445718,1.16290016,4386756.65309254,NaN,NaN,NaN,NaN,NaN,NaN,NaN
1525741200,1.15328941,1.24939686,1.15328941,1.23017537,14136468.98487804,NaN,NaN,NaN,NaN,NaN,NaN,NaN
1526259600,0.94185302,0.97068525,0.86496706,0.86496706,85164364.64088395,NaN,NaN,NaN,NaN,NaN,NaN,NaN
1526346000,0.86016169,0.91302078,0.84574557,0.86496706,58850379.88525914,NaN,NaN,NaN,NaN,NaN,NaN,NaN
1526432400,0.86496706,0.88899392,0.85055094,0.86496706,31143266.93162066,NaN,NaN,NaN,NaN,NaN,NaN,NaN
1526518800,0.86496706,0.86977243,0.80249722,0.81210796,34011306.78896987,NaN,NaN,NaN,NaN,NaN,NaN,NaN
1526605200,0.81210796,0.81691333,0.66794678,0.69197365,75926787.41931011,NaN,NaN,NaN,NaN,NaN,NaN,NaN
1526864400,0.6823629,0.78327573,0.6823629,0.77847035,62559041.35077567,NaN,NaN,NaN,NaN,NaN,NaN,NaN
1526950800,0.7880811,0.79769184,0.74483275,0.76885961,32760831.42234591,NaN,NaN,NaN,NaN,NaN,NaN,NaN
1527037200,0.76405424,0.77847035,0.74483275,0.76405424,17712466.43870832,NaN,NaN,NaN,NaN,NaN,NaN,NaN
1527123600,0.77366498,0.79769184,0.74002737,0.7880811,27409633.41684553,NaN,NaN,NaN,NaN,NaN,NaN,NaN
1527210000,0.79288647,0.81691333,0.78327573,0.79769184,22190267.02138946,NaN,NaN,NaN,NaN,NaN,NaN,NaN
1527469200,0.80730259,0.80730259,0.79288647,0.79769184,7219315.3904535,NaN,NaN,NaN,NaN,NaN,NaN,NaN
1527642000,0.7880811,0.7880811,0.74002737,0.76885961,13828792.52797114,NaN,NaN,NaN,NaN,NaN,NaN,NaN
1527728400,0.77366498,0.78327573,0.75444349,0.75444349,7589942.22153309,NaN,NaN,NaN,NaN,NaN,NaN,NaN
1527814800,0.75924886,0.79769184,0.75924886,0.7880811,5084205.17884394,NaN,NaN,NaN,NaN,NaN,NaN,NaN
1528074000,0.79769184,0.81210796,0.77847035,0.81210796,7011006.87955475,NaN,NaN,NaN,NaN,NaN,NaN,NaN
1528160400,0.81210796,0.83132945,0.80730259,0.82171871,11193825.13036879,NaN,NaN,NaN,NaN,NaN,NaN,NaN
1528246800,0.82171871,0.8409402,0.81691333,0.83132945,6863983.93954479,NaN,NaN,NaN,NaN,NaN,NaN,NaN
1528333200,0.81691333,0.83613482,0.81210796,0.81691333,7950164.03208827,NaN,NaN,NaN,NaN,NaN,NaN,NaN
1528419600,0.82652408,0.82652408,0.79769184,0.80249722,5444218.88898863,NaN,NaN,NaN,NaN,NaN,NaN,NaN
1528678800,0.80249722,0.81691333,0.78327573,0.7880811,4465730.75887283,NaN,NaN,NaN,NaN,NaN,NaN,NaN
1528765200,0.79288647,0.79288647,0.76405424,0.7880811,3821555.93820642,NaN,NaN,NaN,NaN,NaN,NaN,NaN
1528851600,0.79288647,0.79769184,0.77366498,0.78327573,5015011.79235659,NaN,NaN,NaN,NaN,NaN,NaN,NaN
1528938000,0.78327573,0.80249722,0.77366498,0.77847035,5370343.2432653,NaN,NaN,NaN,NaN,NaN,NaN,NaN
1529283600,0.78327573,0.79769184,0.77366498,0.77847035,6702185.87039017,NaN,NaN,NaN,NaN,NaN,NaN,NaN
1529370000,0.78327573,0.78327573,0.75444349,0.77847035,6537162.24487298,NaN,NaN,NaN,NaN,NaN,NaN,NaN
1529456400,0.76885961,0.78327573,0.75924886,0.77847035,8167108.71002228,NaN,NaN,NaN,NaN,NaN,NaN,NaN
1529542800,0.77847035,0.78327573,0.75924886,0.76405424,6157691.14634763,NaN,NaN,NaN,NaN,NaN,NaN,NaN
1529629200,0.77366498,0.77366498,0.76885961,0.77366498,5146115.0509642,NaN,NaN,NaN,NaN,NaN,NaN,NaN
1529888400,0.77847035,0.78327573,0.75924886,0.75924886,5592178.28084579,NaN,NaN,NaN,NaN,NaN,NaN,NaN
1529974800,0.75924886,0.77366498,0.74483275,0.76885961,6410637.19529612,NaN,NaN,NaN,NaN,NaN,NaN,NaN
1530061200,0.76885961,0.77366498,0.75924886,0.76885961,5513100.12486025,NaN,NaN,NaN,NaN,NaN,NaN,NaN
1530147600,0.76405424,0.76885961,0.75924886,0.76885961,3052000.62022083,NaN,NaN,NaN,NaN,NaN,NaN,NaN
1530234000,0.77366498,0.77847035,0.76885961,0.77847035,3437506.63065033,1446558021.52022,8520915000.000001,5348966000,97971000,669901000,3138839000,3.70341824347759
1530493200,0.77366498,0.78327573,0.76405424,0.77847035,1986630.56872618,NaN,NaN,NaN,NaN,NaN,NaN,NaN
1530579600,0.77366498,0.77847035,0.76405424,0.77847035,1727857.70828403,NaN,NaN,NaN,NaN,NaN,NaN,NaN
1530666000,0.77366498,0.77847035,0.76405424,0.76885961,6812791.23856468,NaN,NaN,NaN,NaN,NaN,NaN,NaN
1530752400,0.77366498,0.77366498,0.76405424,0.76885961,2220431.37990974,NaN,NaN,NaN,NaN,NaN,NaN,NaN
1530838800,0.76885961,0.77366498,0.75924886,0.75924886,2343106.57189257,NaN,NaN,NaN,NaN,NaN,NaN,NaN
1531098000,0.76405424,0.77366498,0.75924886,0.76405424,2613949.25614304,NaN,NaN,NaN,NaN,NaN,NaN,NaN
1531184400,0.76405424,0.76405424,0.75924886,0.75924886,2840778.70357525,NaN,NaN,NaN,NaN,NaN,NaN,NaN
1531270800,0.75924886,0.75924886,0.74483275,0.75444349,2212003.31328497,NaN,NaN,NaN,NaN,NaN,NaN,NaN
1531357200,0.75444349,0.80730259,0.74963812,0.79769184,11374248.18626211,NaN,NaN,NaN,NaN,NaN,NaN,NaN
1531443600,0.83132945,0.88899392,0.83132945,0.84574557,35778079.2740152,NaN,NaN,NaN,NaN,NaN,NaN,NaN
1531702800,0.86016169,0.86016169,0.83132945,0.84574557,3723852.79548218,NaN,NaN,NaN,NaN,NaN,NaN,NaN
1531789200,0.84574557,0.86016169,0.8409402,0.84574557,7009654.22688657,NaN,NaN,NaN,NaN,NaN,NaN,NaN
1531875600,0.85055094,0.85055094,0.83613482,0.84574557,2921209.51222896,NaN,NaN,NaN,NaN,NaN,NaN,NaN
1531962000,0.84574557,0.92263153,0.8409402,0.88899392,38638003.21535535,NaN,NaN,NaN,NaN,NaN,NaN,NaN
1532048400,0.89379929,0.91782616,0.8745778,0.90341004,14111809.08623518,NaN,NaN,NaN,NaN,NaN,NaN,NaN
1532307600,0.89860467,0.93224227,0.89379929,0.91782616,15227227.28645226,NaN,NaN,NaN,NaN,NaN,NaN,NaN
1532394000,0.92263153,0.96107451,0.91782616,0.95146376,26979073.66754532,NaN,NaN,NaN,NaN,NaN,NaN,NaN
1532480400,1.00912824,1.05718196,0.97068525,0.980296,43123919.71404555,NaN,NaN,NaN,NaN,NaN,NaN,NaN
1532566800,0.98990675,0.99951749,0.94665839,0.95146376,23129840.37474396,NaN,NaN,NaN,NaN,NaN,NaN,NaN
1532653200,0.95626914,0.97068525,0.93704765,0.97068525,12815343.52889332,NaN,NaN,NaN,NaN,NaN,NaN,NaN
1532912400,0.980296,0.98990675,0.96107451,0.980296,8980261.06400516,NaN,NaN,NaN,NaN,NaN,NaN,NaN
1532998800,0.97068525,0.97068525,0.94665839,0.95626914,6050935.63576716,NaN,NaN,NaN,NaN,NaN,NaN,NaN
1533085200,0.96107451,0.980296,0.95146376,0.95146376,9668657.22190032,NaN,NaN,NaN,NaN,NaN,NaN,NaN
1533171600,0.95146376,0.95626914,0.91782616,0.94185302,7850587.98566964,NaN,NaN,NaN,NaN,NaN,NaN,NaN
1533258000,0.93704765,0.94665839,0.9274369,0.93704765,7975760.38257833,NaN,NaN,NaN,NaN,NaN,NaN,NaN
1533517200,0.93704765,0.94185302,0.92263153,0.92263153,6967826.04437843,NaN,NaN,NaN,NaN,NaN,NaN,NaN
1533603600,0.92263153,0.94665839,0.91782616,0.94185302,16722220.63539992,NaN,NaN,NaN,NaN,NaN,NaN,NaN
1533690000,0.95146376,0.980296,0.95146376,0.96107451,23927593.2983507,NaN,NaN,NaN,NaN,NaN,NaN,NaN
1533776400,0.97068525,0.97068525,0.94665839,0.94665839,5346619.79646964,NaN,NaN,NaN,NaN,NaN,NaN,NaN
1533862800,0.95146376,0.96107451,0.94185302,0.95146376,5136230.28146601,NaN,NaN,NaN,NaN,NaN,NaN,NaN
1534122000,0.95146376,0.95146376,0.92263153,0.9274369,7568820.02986853,NaN,NaN,NaN,NaN,NaN,NaN,NaN
1534208400,0.9274369,0.94185302,0.92263153,0.93704765,11085925.06753062,NaN,NaN,NaN,NaN,NaN,NaN,NaN
1534294800,0.94185302,0.94665839,0.92263153,0.93704765,3941213.67423717,NaN,NaN,NaN,NaN,NaN,NaN,NaN
1534381200,0.93224227,0.93704765,0.91782616,0.9274369,5162867.1340085,NaN,NaN,NaN,NaN,NaN,NaN,NaN
1534467600,0.9274369,0.93224227,0.91302078,0.91302078,4304348.89053918,NaN,NaN,NaN,NaN,NaN,NaN,NaN
1534726800,0.92263153,0.93704765,0.91302078,0.9274369,4715347.2012535,NaN,NaN,NaN,NaN,NaN,NaN,NaN
1534813200,0.93224227,0.93224227,0.89860467,0.89860467,7081969.11953124,NaN,NaN,NaN,NaN,NaN,NaN,NaN
1534986000,0.89860467,0.91302078,0.89860467,0.90821541,2596885.022483,NaN,NaN,NaN,NaN,NaN,NaN,NaN
1535072400,0.90821541,0.90821541,0.89379929,0.89860467,3456755.9186205,NaN,NaN,NaN,NaN,NaN,NaN,NaN
1535331600,0.89860467,0.89860467,0.86496706,0.88418855,5448068.74658267,NaN,NaN,NaN,NaN,NaN,NaN,NaN
1535418000,0.91302078,0.91302078,0.86977243,0.88418855,8010617.20133511,NaN,NaN,NaN,NaN,NaN,NaN,NaN
1535504400,0.88418855,0.88899392,0.8745778,0.8745778,3616889.18449122,NaN,NaN,NaN,NaN,NaN,NaN,NaN
1535590800,0.88418855,0.88418855,0.84574557,0.86496706,4570093.1147327,NaN,NaN,NaN,NaN,NaN,NaN,NaN
1535936400,0.84574557,0.84574557,0.80730259,0.81210796,5833574.75701217,NaN,NaN,NaN,NaN,NaN,NaN,NaN
1536022800,0.81210796,0.83132945,0.79769184,0.81691333,5110842.03138644,NaN,NaN,NaN,NaN,NaN,NaN,NaN
1536109200,0.82171871,0.83132945,0.81210796,0.81691333,3600865.45288362,NaN,NaN,NaN,NaN,NaN,NaN,NaN
1536195600,0.82171871,0.82171871,0.80730259,0.81210796,3043260.40298032,NaN,NaN,NaN,NaN,NaN,NaN,NaN
1536282000,0.81210796,0.81210796,0.79769184,0.80730259,1911922.5213609,NaN,NaN,NaN,NaN,NaN,NaN,NaN
1536714000,0.80730259,0.80730259,0.76405424,0.77847035,5059545.28020108,NaN,NaN,NaN,NaN,NaN,NaN,NaN
1536800400,0.77366498,0.81691333,0.76405424,0.81210796,3777438.65118291,NaN,NaN,NaN,NaN,NaN,NaN,NaN
1536886800,0.81210796,0.83132945,0.81210796,0.82652408,4483003.09294335,NaN,NaN,NaN,NaN,NaN,NaN,NaN
1537232400,0.85535631,0.89860467,0.85055094,0.89379929,19846015.89723921,NaN,NaN,NaN,NaN,NaN,NaN,NaN
1537318800,0.91302078,0.92263153,0.89860467,0.89860467,15730622.17942336,NaN,NaN,NaN,NaN,NaN,NaN,NaN
1537405200,0.90821541,0.90821541,0.87938318,0.88899392,4774967.96885839,NaN,NaN,NaN,NaN,NaN,NaN,NaN
1537491600,0.88899392,0.89860467,0.86977243,0.8745778,4218611.52141802,NaN,NaN,NaN,NaN,NaN,NaN,NaN
1537750800,0.88418855,0.88418855,0.85535631,0.86496706,3796687.93915307,NaN,NaN,NaN,NaN,NaN,NaN,NaN
1537837200,0.86496706,0.8745778,0.85055094,0.85535631,4750828.32124175,NaN,NaN,NaN,NaN,NaN,NaN,NaN
1537923600,0.86496706,0.88899392,0.85535631,0.8745778,5614132.8741523,NaN,NaN,NaN,NaN,NaN,NaN,NaN
1538010000,0.8745778,0.87938318,0.86016169,0.86496706,2161538.96374156,NaN,NaN,NaN,NaN,NaN,NaN,NaN
1538096400,0.86496706,0.86977243,0.85535631,0.85535631,1738366.77901369,1438172614.4516,8689821000,5484051000,23909000,385779000,3176034000,3.37051066217733
1538355600,0.85535631,0.86977243,0.85055094,0.85055094,2591266.31139982,NaN,NaN,NaN,NaN,NaN,NaN,NaN
1538442000,0.85535631,0.86016169,0.8409402,0.8409402,1961242.31864661,NaN,NaN,NaN,NaN,NaN,NaN,NaN
1538528400,0.8409402,0.85055094,0.82652408,0.85055094,1766564.38463485,NaN,NaN,NaN,NaN,NaN,NaN,NaN
1538614800,0.85055094,0.85055094,0.83132945,0.83132945,1111152.14180207,NaN,NaN,NaN,NaN,NaN,NaN,NaN
1538701200,0.83132945,0.85535631,0.83132945,0.84574557,2660459.69788717,NaN,NaN,NaN,NaN,NaN,NaN,NaN
1538960400,0.83613482,0.83613482,0.81210796,0.81210796,2595116.16899386,NaN,NaN,NaN,NaN,NaN,NaN,NaN
1539046800,0.80730259,0.82652408,0.80730259,0.81210796,1975393.14655982,NaN,NaN,NaN,NaN,NaN,NaN,NaN
1539133200,0.81691333,0.82171871,0.77366498,0.77847035,3052833.02186278,NaN,NaN,NaN,NaN,NaN,NaN,NaN
1539219600,0.76405424,0.78327573,0.74483275,0.78327573,4591527.45701299,NaN,NaN,NaN,NaN,NaN,NaN,NaN
1539306000,0.76885961,0.80249722,0.76885961,0.79769184,2652864.03290435,NaN,NaN,NaN,NaN,NaN,NaN,NaN
1539565200,0.80730259,0.80730259,0.77847035,0.79288647,1402700.81689612,NaN,NaN,NaN,NaN,NaN,NaN,NaN
1539651600,0.79288647,0.79288647,0.78327573,0.79288647,1215930.69848291,NaN,NaN,NaN,NaN,NaN,NaN,NaN
1539738000,0.79769184,0.82171871,0.7880811,0.81691333,3552586.15765034,NaN,NaN,NaN,NaN,NaN,NaN,NaN
1539824400,0.82652408,0.84574557,0.81210796,0.83613482,2639961.80745408,NaN,NaN,NaN,NaN,NaN,NaN,NaN
1539910800,0.82652408,0.8409402,0.80730259,0.8409402,3560285.87283841,NaN,NaN,NaN,NaN,NaN,NaN,NaN
1540170000,0.83613482,0.83613482,0.80730259,0.81210796,817730.56301362,NaN,NaN,NaN,NaN,NaN,NaN,NaN
1540256400,0.80730259,0.80730259,0.76885961,0.78327573,2945141.05943511,NaN,NaN,NaN,NaN,NaN,NaN,NaN
1540342800,0.78327573,0.79288647,0.77366498,0.77847035,1734516.92141965,NaN,NaN,NaN,NaN,NaN,NaN,NaN
1540429200,0.77847035,0.77847035,0.74963812,0.77366498,4404237.08757355,NaN,NaN,NaN,NaN,NaN,NaN,NaN
1540515600,0.76885961,0.78327573,0.76405424,0.76885961,2401894.93785551,NaN,NaN,NaN,NaN,NaN,NaN,NaN
1540774800,0.76885961,0.77847035,0.76405424,0.76885961,2477643.48727323,NaN,NaN,NaN,NaN,NaN,NaN,NaN
1540861200,0.77366498,0.79288647,0.76405424,0.76885961,2308353.80334103,NaN,NaN,NaN,NaN,NaN,NaN,NaN
1540947600,0.77366498,0.7880811,0.76885961,0.77847035,1658560.27159144,NaN,NaN,NaN,NaN,NaN,NaN,NaN
1541034000,0.78327573,0.7880811,0.77366498,0.7880811,859038.49449554,NaN,NaN,NaN,NaN,NaN,NaN,NaN
1541120400,0.7880811,0.80730259,0.78327573,0.80730259,3199335.71084652,NaN,NaN,NaN,NaN,NaN,NaN,NaN
1541379600,0.80730259,0.80730259,0.77847035,0.79288647,1206878.33062667,NaN,NaN,NaN,NaN,NaN,NaN,NaN
1541552400,0.79288647,0.81210796,0.79288647,0.80249722,1392399.84657695,NaN,NaN,NaN,NaN,NaN,NaN,NaN
1541638800,0.80730259,0.81210796,0.76885961,0.78327573,4387901.20535022,NaN,NaN,NaN,NaN,NaN,NaN,NaN
1541725200,0.78327573,0.79288647,0.77366498,0.79288647,544910.92486351,NaN,NaN,NaN,NaN,NaN,NaN,NaN
1541984400,0.7880811,0.79288647,0.77847035,0.77847035,1347450.15791149,NaN,NaN,NaN,NaN,NaN,NaN,NaN
1542070800,0.76885961,0.7880811,0.76405424,0.78327573,1104492.92866644,NaN,NaN,NaN,NaN,NaN,NaN,NaN
1542157200,0.78327573,0.7880811,0.77847035,0.77847035,565929.06632282,NaN,NaN,NaN,NaN,NaN,NaN,NaN
1542243600,0.77847035,0.7880811,0.77366498,0.77847035,508493.35302807,NaN,NaN,NaN,NaN,NaN,NaN,NaN
1542330000,0.77847035,0.79288647,0.77847035,0.79288647,1643056.79101006,NaN,NaN,NaN,NaN,NaN,NaN,NaN
1542589200,0.79288647,0.79288647,0.77366498,0.78327573,803163.53427944,NaN,NaN,NaN,NaN,NaN,NaN,NaN
1542762000,0.77847035,0.79288647,0.77366498,0.79288647,939053.10232828,NaN,NaN,NaN,NaN,NaN,NaN,NaN
1542848400,0.79288647,0.79288647,0.77366498,0.77366498,960591.49481381,NaN,NaN,NaN,NaN,NaN,NaN,NaN
1542934800,0.77847035,0.78327573,0.76885961,0.77366498,972453.21821164,NaN,NaN,NaN,NaN,NaN,NaN,NaN
1543194000,0.76885961,0.78327573,0.76885961,0.78327573,1815259.8806891,NaN,NaN,NaN,NaN,NaN,NaN,NaN
1543280400,0.77847035,0.77847035,0.74483275,0.75444349,2512604.35623526,NaN,NaN,NaN,NaN,NaN,NaN,NaN
1543366800,0.74963812,0.75924886,0.71600051,0.72080588,2474105.78029493,NaN,NaN,NaN,NaN,NaN,NaN,NaN
1543453200,0.72080588,0.735222,0.6823629,0.68716827,2705305.33634739,NaN,NaN,NaN,NaN,NaN,NaN,NaN
1543539600,0.68716827,0.69677902,0.67275216,0.67275216,1462841.83552723,NaN,NaN,NaN,NaN,NaN,NaN,NaN
1543798800,0.6823629,0.69677902,0.67275216,0.6823629,3738107.67360063,NaN,NaN,NaN,NaN,NaN,NaN,NaN
1543885200,0.68716827,0.69197365,0.6823629,0.6823629,2291497.67009148,NaN,NaN,NaN,NaN,NaN,NaN,NaN
1543971600,0.67755753,0.67755753,0.66314141,0.67275216,1343392.19990697,NaN,NaN,NaN,NaN,NaN,NaN,NaN
1544058000,0.67755753,0.67755753,0.66794678,0.67755753,742190.11400638,NaN,NaN,NaN,NaN,NaN,NaN,NaN
1544144400,0.67275216,0.67755753,0.66794678,0.66794678,1028536.27883823,NaN,NaN,NaN,NaN,NaN,NaN,NaN
1544403600,0.66314141,0.67275216,0.65833604,0.66794678,559165.80298196,NaN,NaN,NaN,NaN,NaN,NaN,NaN
1544490000,0.65833604,0.66314141,0.64391992,0.64872529,515152.56616369,NaN,NaN,NaN,NaN,NaN,NaN,NaN
1544576400,0.66314141,0.66794678,0.65353067,0.66794678,596519.8266646,NaN,NaN,NaN,NaN,NaN,NaN,NaN
1544662800,0.66794678,0.66794678,0.65353067,0.65833604,505788.04769172,NaN,NaN,NaN,NaN,NaN,NaN,NaN
1544749200,0.65833604,0.65833604,0.64872529,0.65353067,645839.62395032,NaN,NaN,NaN,NaN,NaN,NaN,NaN
1545008400,0.65833604,0.66314141,0.64872529,0.65353067,283016.55826403,NaN,NaN,NaN,NaN,NaN,NaN,NaN
1545094800,0.64391992,0.65353067,0.63430918,0.65353067,1358999.73069359,NaN,NaN,NaN,NaN,NaN,NaN,NaN
1545181200,0.64391992,0.65353067,0.64391992,0.65353067,366464.82286983,NaN,NaN,NaN,NaN,NaN,NaN,NaN
1545267600,0.64391992,0.65353067,0.63430918,0.64872529,905548.93623967,NaN,NaN,NaN,NaN,NaN,NaN,NaN
1545354000,0.64872529,0.64872529,0.64391992,0.64872529,1008974.84025233,NaN,NaN,NaN,NaN,NaN,NaN,NaN
1545613200,0.67275216,0.6823629,0.65833604,0.65833604,1440366.9911945,NaN,NaN,NaN,NaN,NaN,NaN,NaN
1545786000,0.64872529,0.64872529,0.63430918,0.64391992,1576152.50903809,NaN,NaN,NaN,NaN,NaN,NaN,NaN
1545872400,0.64872529,0.65353067,0.64391992,0.64391992,1978202.50210141,NaN,NaN,NaN,NaN,NaN,NaN,NaN
1545958800,0.64872529,0.65833604,0.64872529,0.65353067,1409568.13044223,NaN,NaN,NaN,NaN,NaN,NaN,NaN
1546218000,0.65833604,0.66314141,0.63911455,0.64872529,1811097.87247933,1436507907.7303002,8679078000,5506166000,56415000,701242000,3199464000,0
1546390800,0.65353067,0.65833604,0.63911455,0.65353067,1799340.19928675,NaN,NaN,NaN,NaN,NaN,NaN,NaN
1546477200,0.65833604,0.6823629,0.65353067,0.66794678,2323232.98269094,NaN,NaN,NaN,NaN,NaN,NaN,NaN
1546563600,0.65833604,0.69677902,0.65833604,0.67755753,2270063.32781119,NaN,NaN,NaN,NaN,NaN,NaN,NaN
1546822800,0.68716827,0.71119514,0.68716827,0.69677902,3164686.99250022,NaN,NaN,NaN,NaN,NaN,NaN,NaN
1546909200,0.69677902,0.70158439,0.68716827,0.69197365,613063.80929842,NaN,NaN,NaN,NaN,NaN,NaN,NaN
1546995600,0.69677902,0.735222,0.69677902,0.73041663,5897773.7336478,NaN,NaN,NaN,NaN,NaN,NaN,NaN
1547082000,0.74483275,0.76885961,0.74002737,0.75444349,7279664.50949509,NaN,NaN,NaN,NaN,NaN,NaN,NaN
1547168400,0.75924886,0.76885961,0.74963812,0.76885961,3513047.07965757,NaN,NaN,NaN,NaN,NaN,NaN,NaN
1547427600,0.75924886,0.76885961,0.74963812,0.75924886,1782171.91542146,NaN,NaN,NaN,NaN,NaN,NaN,NaN
1547514000,0.75924886,0.79288647,0.74483275,0.7880811,5555656.6588051,NaN,NaN,NaN,NaN,NaN,NaN,NaN
1547600400,0.79288647,0.79769184,0.77366498,0.78327573,1310824.48566555,NaN,NaN,NaN,NaN,NaN,NaN,NaN
1547686800,0.7880811,0.80249722,0.7880811,0.80249722,1541191.64007606,NaN,NaN,NaN,NaN,NaN,NaN,NaN
1547773200,0.80249722,0.82171871,0.80249722,0.81691333,2965743.00007345,NaN,NaN,NaN,NaN,NaN,NaN,NaN
1548118800,0.82171871,0.82171871,0.79769184,0.80730259,829384.18600096,NaN,NaN,NaN,NaN,NaN,NaN,NaN
1548205200,0.79288647,0.80249722,0.77847035,0.7880811,2005151.50525964,NaN,NaN,NaN,NaN,NaN,NaN,NaN
1548291600,0.7880811,0.79288647,0.78327573,0.78327573,3748304.59371455,NaN,NaN,NaN,NaN,NaN,NaN,NaN
1548378000,0.7880811,0.80249722,0.7880811,0.7880811,1076815.57407151,NaN,NaN,NaN,NaN,NaN,NaN,NaN
1548637200,0.7880811,0.80249722,0.76885961,0.77366498,1415186.84152542,NaN,NaN,NaN,NaN,NaN,NaN,NaN
1548723600,0.77366498,0.7880811,0.76885961,0.78327573,2464221.01079674,NaN,NaN,NaN,NaN,NaN,NaN,NaN
1548810000,0.77366498,0.78327573,0.77366498,0.78327573,495278.97696206,NaN,NaN,NaN,NaN,NaN,NaN,NaN
1548896400,0.78327573,0.78327573,0.77366498,0.77847035,4224542.38311694,NaN,NaN,NaN,NaN,NaN,NaN,NaN
1549242000,0.77366498,0.78327573,0.77366498,0.78327573,472700.08242408,NaN,NaN,NaN,NaN,NaN,NaN,NaN
1549501200,0.78327573,0.78327573,0.77366498,0.77847035,1272846.16075145,NaN,NaN,NaN,NaN,NaN,NaN,NaN
1549587600,0.77366498,0.78327573,0.77366498,0.78327573,448664.48501269,NaN,NaN,NaN,NaN,NaN,NaN,NaN
1549846800,0.77847035,0.77847035,0.76885961,0.77847035,2156440.5036846,NaN,NaN,NaN,NaN,NaN,NaN,NaN
1549933200,0.77847035,0.79288647,0.77847035,0.78327573,1370445.25327044,NaN,NaN,NaN,NaN,NaN,NaN,NaN
1550019600,0.7880811,0.7880811,0.77366498,0.77847035,1359519.98171981,NaN,NaN,NaN,NaN,NaN,NaN,NaN
1550106000,0.77847035,0.80730259,0.77366498,0.80249722,2661188.04932388,NaN,NaN,NaN,NaN,NaN,NaN,NaN
1550192400,0.80730259,0.81210796,0.79769184,0.80730259,2736936.5987416,NaN,NaN,NaN,NaN,NaN,NaN,NaN
1550451600,0.80730259,0.82652408,0.80730259,0.80730259,1668965.29211585,NaN,NaN,NaN,NaN,NaN,NaN,NaN
1550538000,0.80730259,0.83613482,0.80730259,0.82652408,6697711.71156467,NaN,NaN,NaN,NaN,NaN,NaN,NaN
1550624400,0.83613482,0.85055094,0.83613482,0.8409402,6658380.73398239,NaN,NaN,NaN,NaN,NaN,NaN,NaN
1550710800,0.84574557,0.8745778,0.8409402,0.86977243,7206725.31561896,NaN,NaN,NaN,NaN,NaN,NaN,NaN
1550797200,0.86977243,0.86977243,0.8409402,0.85535631,2141977.52515567,NaN,NaN,NaN,NaN,NaN,NaN,NaN
1551056400,0.85535631,0.86496706,0.82171871,0.83132945,4673831.16936109,NaN,NaN,NaN,NaN,NaN,NaN,NaN
1551142800,0.82652408,0.83613482,0.82171871,0.83132945,1192935.60312395,NaN,NaN,NaN,NaN,NaN,NaN,NaN
1551229200,0.82652408,0.83132945,0.81210796,0.82171871,815025.25767727,NaN,NaN,NaN,NaN,NaN,NaN,NaN
1551315600,0.82171871,0.82171871,0.80730259,0.81210796,1561169.27948293,NaN,NaN,NaN,NaN,NaN,NaN,NaN
1551402000,0.79769184,0.79769184,0.76885961,0.78327573,2995709.45918376,NaN,NaN,NaN,NaN,NaN,NaN,NaN
1551661200,0.7880811,0.79769184,0.77847035,0.7880811,1157974.73416193,NaN,NaN,NaN,NaN,NaN,NaN,NaN
1551747600,0.7880811,0.7880811,0.76885961,0.76885961,1987671.07077862,NaN,NaN,NaN,NaN,NaN,NaN,NaN
1551834000,0.76885961,0.78327573,0.76885961,0.78327573,1832428.16455438,NaN,NaN,NaN,NaN,NaN,NaN,NaN
1551920400,0.78327573,0.79288647,0.77847035,0.77847035,2175897.89206525,NaN,NaN,NaN,NaN,NaN,NaN,NaN
1552006800,0.77847035,0.78327573,0.77366498,0.78327573,1130089.2791565,NaN,NaN,NaN,NaN,NaN,NaN,NaN
1552266000,0.78327573,0.82171871,0.78327573,0.80249722,5133316.87571917,NaN,NaN,NaN,NaN,NaN,NaN,NaN
1552352400,0.80730259,0.82652408,0.80730259,0.81210796,2393362.82102549,NaN,NaN,NaN,NaN,NaN,NaN,NaN
1552438800,0.81210796,0.81210796,0.80249722,0.80730259,1045808.61290875,NaN,NaN,NaN,NaN,NaN,NaN,NaN
1552525200,0.80730259,0.82171871,0.7880811,0.7880811,2323128.9324857,NaN,NaN,NaN,NaN,NaN,NaN,NaN
1552611600,0.7880811,0.79769184,0.77847035,0.79769184,2279948.09730938,NaN,NaN,NaN,NaN,NaN,NaN,NaN
1552870800,0.79769184,0.79769184,0.7880811,0.79769184,1157246.38272522,NaN,NaN,NaN,NaN,NaN,NaN,NaN
1552957200,0.79769184,0.79769184,0.77366498,0.77847035,1728273.90910501,NaN,NaN,NaN,NaN,NaN,NaN,NaN
1553043600,0.78327573,0.78327573,0.77366498,0.77847035,1391671.49514024,NaN,NaN,NaN,NaN,NaN,NaN,NaN
1553130000,0.78327573,0.7880811,0.77366498,0.77366498,1039045.34956789,NaN,NaN,NaN,NaN,NaN,NaN,NaN
1553216400,0.78327573,0.79288647,0.76885961,0.7880811,1947091.49073341,NaN,NaN,NaN,NaN,NaN,NaN,NaN
1553475600,0.77366498,0.7880811,0.77366498,0.7880811,1366699.44588165,NaN,NaN,NaN,NaN,NaN,NaN,NaN
1553562000,0.7880811,0.7880811,0.78327573,0.7880811,699425.47965104,NaN,NaN,NaN,NaN,NaN,NaN,NaN
1553648400,0.7880811,0.79288647,0.77847035,0.79288647,1006789.78594221,NaN,NaN,NaN,NaN,NaN,NaN,NaN
1553734800,0.7880811,0.7880811,0.78327573,0.7880811,1129985.22895126,NaN,NaN,NaN,NaN,NaN,NaN,NaN
1553821200,0.7880811,0.80249722,0.7880811,0.79769184,2430404.6940924,1436525462.0425801,8627266000,5432962000,89995000,514649000,3222334000,0
1554080400,0.80730259,0.82171871,0.80249722,0.80730259,2898422.5172805,NaN,NaN,NaN,NaN,NaN,NaN,NaN
1554166800,0.81210796,0.81691333,0.79769184,0.80249722,2270895.72945314,NaN,NaN,NaN,NaN,NaN,NaN,NaN
1554253200,0.80730259,0.81691333,0.80249722,0.81691333,2447677.02816292,NaN,NaN,NaN,NaN,NaN,NaN,NaN
1554339600,0.82171871,0.87938318,0.82171871,0.86977243,19458532.93291006,NaN,NaN,NaN,NaN,NaN,NaN,NaN
1554426000,0.86496706,0.86977243,0.85535631,0.86496706,4925632.66605189,NaN,NaN,NaN,NaN,NaN,NaN,NaN
1554685200,0.8745778,0.91302078,0.86496706,0.91302078,13079110.79918719,NaN,NaN,NaN,NaN,NaN,NaN,NaN
1554771600,0.91302078,0.92263153,0.90341004,0.91302078,8998261.7495124,NaN,NaN,NaN,NaN,NaN,NaN,NaN
1554858000,0.91302078,0.93224227,0.89379929,0.92263153,10040012.40441663,NaN,NaN,NaN,NaN,NaN,NaN,NaN
1554944400,0.9274369,0.9274369,0.88418855,0.90341004,3365920.08944237,NaN,NaN,NaN,NaN,NaN,NaN,NaN
1555030800,0.90821541,0.93704765,0.90341004,0.92263153,11888776.45119434,NaN,NaN,NaN,NaN,NaN,NaN,NaN
1555290000,0.9274369,0.93704765,0.91782616,0.9274369,11892106.05776215,NaN,NaN,NaN,NaN,NaN,NaN,NaN
1555376400,0.93224227,0.93224227,0.88899392,0.92263153,6018159.82111526,NaN,NaN,NaN,NaN,NaN,NaN,NaN
1555462800,0.92263153,0.92263153,0.88418855,0.89860467,1673335.4007361,NaN,NaN,NaN,NaN,NaN,NaN,NaN
1555549200,0.89379929,0.91782616,0.89379929,0.91302078,5768023.12770837,NaN,NaN,NaN,NaN,NaN,NaN,NaN
1555635600,0.9274369,0.93224227,0.90821541,0.91302078,2446324.37549475,NaN,NaN,NaN,NaN,NaN,NaN,NaN
1555894800,0.9274369,1.04757122,0.9274369,1.03796047,30879291.5609163,NaN,NaN,NaN,NaN,NaN,NaN,NaN
1555981200,0.99951749,1.03796047,0.96107451,1.01873898,12517551.84148461,NaN,NaN,NaN,NaN,NaN,NaN,NaN
1556067600,1.00912824,1.04757122,1.00912824,1.03796047,6233855.89658634,NaN,NaN,NaN,NaN,NaN,NaN,NaN
1556154000,1.03796047,1.11484643,1.02834973,1.07640345,17257662.99158622,NaN,NaN,NaN,NaN,NaN,NaN,NaN
1556240400,1.07640345,1.09562494,1.02834973,1.05718196,15663925.99786187,NaN,NaN,NaN,NaN,NaN,NaN,NaN
1556499600,1.07640345,1.07640345,1.00912824,1.04757122,3122338.55896586,NaN,NaN,NaN,NaN,NaN,NaN,NaN
1556586000,1.03796047,1.04757122,1.00912824,1.01873898,2850143.22204722,NaN,NaN,NaN,NaN,NaN,NaN,NaN
1556758800,1.01873898,1.05718196,0.97068525,0.98990675,5306040.21642443,NaN,NaN,NaN,NaN,NaN,NaN,NaN
1556845200,0.98990675,1.02834973,0.980296,1.02834973,4228704.3913267,NaN,NaN,NaN,NaN,NaN,NaN,NaN
1557104400,0.98990675,0.99951749,0.96107451,0.980296,5433501.71784849,NaN,NaN,NaN,NaN,NaN,NaN,NaN
1557190800,0.98990675,1.00912824,0.95146376,0.97068525,5392401.88677705,NaN,NaN,NaN,NaN,NaN,NaN,NaN
1557277200,0.96107451,1.00912824,0.94665839,0.97068525,6269545.11698507,NaN,NaN,NaN,NaN,NaN,NaN,NaN
1557363600,0.97068525,0.99951749,0.94665839,0.95146376,7793360.37278536,NaN,NaN,NaN,NaN,NaN,NaN,NaN
1557450000,0.95626914,0.980296,0.88418855,0.89860467,20352220.14575189,NaN,NaN,NaN,NaN,NaN,NaN,NaN
1557709200,0.89379929,0.90821541,0.8745778,0.8745778,3590148.28174347,NaN,NaN,NaN,NaN,NaN,NaN,NaN
1557795600,0.85535631,0.90341004,0.83613482,0.89860467,2994460.85672083,NaN,NaN,NaN,NaN,NaN,NaN,NaN
1557882000,0.90821541,0.9274369,0.89860467,0.91302078,7059702.375609,NaN,NaN,NaN,NaN,NaN,NaN,NaN
1557968400,0.92263153,0.94185302,0.90341004,0.93224227,3607212.51540351,NaN,NaN,NaN,NaN,NaN,NaN,NaN
1558054800,0.94665839,0.96107451,0.90821541,0.91302078,5600294.19685483,NaN,NaN,NaN,NaN,NaN,NaN,NaN
1558400400,0.90341004,0.92263153,0.90341004,0.91302078,2960748.59022173,NaN,NaN,NaN,NaN,NaN,NaN,NaN
1558573200,0.90821541,0.90821541,0.87938318,0.88418855,3580575.66286101,NaN,NaN,NaN,NaN,NaN,NaN,NaN
1558659600,0.8745778,0.89379929,0.86977243,0.88899392,1222381.81120804,NaN,NaN,NaN,NaN,NaN,NaN,NaN
1558918800,0.88899392,0.88899392,0.86977243,0.8745778,355331.45090871,NaN,NaN,NaN,NaN,NaN,NaN,NaN
1559005200,0.87938318,0.88899392,0.8409402,0.8409402,5920872.87921199,NaN,NaN,NaN,NaN,NaN,NaN,NaN
1559091600,0.85535631,0.87938318,0.85055094,0.86977243,6583048.38538564,NaN,NaN,NaN,NaN,NaN,NaN,NaN
1559178000,0.88418855,0.9274369,0.86977243,0.90821541,8607761.32923117,NaN,NaN,NaN,NaN,NaN,NaN,NaN
1559264400,0.91782616,0.95146376,0.90341004,0.91302078,6863255.58810808,NaN,NaN,NaN,NaN,NaN,NaN,NaN
1559523600,0.89860467,0.9274369,0.88899392,0.92263153,2181828.75376417,NaN,NaN,NaN,NaN,NaN,NaN,NaN
1559610000,0.92263153,0.9274369,0.90341004,0.91782616,404755.29839967,NaN,NaN,NaN,NaN,NaN,NaN,NaN
1559869200,0.91782616,0.94185302,0.91782616,0.93704765,2908307.28677869,NaN,NaN,NaN,NaN,NaN,NaN,NaN
1560128400,0.94185302,0.97068525,0.94185302,0.96107451,7894809.32289839,NaN,NaN,NaN,NaN,NaN,NaN,NaN
1560214800,0.96107451,1.00912824,0.95626914,0.99951749,8331716.13471849,NaN,NaN,NaN,NaN,NaN,NaN,NaN
1560301200,1.019508,1.03911393,0.99009912,0.99990208,2787503.9579882,NaN,NaN,NaN,NaN,NaN,NaN,NaN
1560387600,0.980296,0.999517,0.980296,0.989907,2376297,NaN,NaN,NaN,NaN,NaN,NaN,NaN
1560474000,0.989907,0.999517,0.980296,0.980296,3056994,NaN,NaN,NaN,NaN,NaN,NaN,NaN
1560733200,0.980296,0.999902,0.970493,0.970493,2845262,NaN,NaN,NaN,NaN,NaN,NaN,NaN
1560819600,0.970493,0.999902,0.955789,0.999902,2814047,NaN,NaN,NaN,NaN,NaN,NaN,NaN
1560906000,0.999902,1.048917,0.990099,1.039114,16049233,NaN,NaN,NaN,NaN,NaN,NaN,NaN
1560992400,1.039114,1.068523,1.009705,1.019508,9812648,NaN,NaN,NaN,NaN,NaN,NaN,NaN
1561078800,1.039114,1.048917,1.019508,1.048917,8740420,NaN,NaN,NaN,NaN,NaN,NaN,NaN
1561338000,1.048917,1.05872,1.019508,1.029311,3121097,NaN,NaN,NaN,NaN,NaN,NaN,NaN
1561424400,1.029311,1.05872,1.019508,1.029311,2940030,NaN,NaN,NaN,NaN,NaN,NaN,NaN
1561510800,1.029311,1.048917,1.019508,1.029311,2888311,NaN,NaN,NaN,NaN,NaN,NaN,NaN
1561597200,1.029311,1.048917,1.029311,1.029311,3552702,NaN,NaN,NaN,NaN,NaN,NaN,NaN
1561683600,1.029311,1.048917,1.029311,1.039114,1581359,1437499416.1006,8739126000,5531576000,67410000,450107000,3236852000,0
1561942800,1.039114,1.068523,1.039114,1.05872,3773247,NaN,NaN,NaN,NaN,NaN,NaN,NaN
1562029200,1.05872,1.068523,1.048917,1.068523,4357459,NaN,NaN,NaN,NaN,NaN,NaN,NaN
1562115600,1.068523,1.078326,1.05872,1.068523,4665325,NaN,NaN,NaN,NaN,NaN,NaN,NaN
1562202000,1.068523,1.068523,1.05872,1.05872,2883210,NaN,NaN,NaN,NaN,NaN,NaN,NaN
1562288400,1.05872,1.107735,1.05872,1.088129,9747259,NaN,NaN,NaN,NaN,NaN,NaN,NaN
1562547600,1.088129,1.097932,1.068523,1.078326,4036331,NaN,NaN,NaN,NaN,NaN,NaN,NaN
1562634000,1.078326,1.097932,1.078326,1.088129,1519336,NaN,NaN,NaN,NaN,NaN,NaN,NaN
1562720400,1.088129,1.097932,1.078326,1.088129,2166692,NaN,NaN,NaN,NaN,NaN,NaN,NaN
1562806800,1.088129,1.088129,1.078326,1.078326,3755090,NaN,NaN,NaN,NaN,NaN,NaN,NaN
1562893200,1.088129,1.137143,1.078326,1.137143,7958922,NaN,NaN,NaN,NaN,NaN,NaN,NaN
1563152400,1.137143,1.176355,1.117537,1.166552,5188024,NaN,NaN,NaN,NaN,NaN,NaN,NaN
1563238800,1.176355,1.176355,1.12734,1.12734,2024184,NaN,NaN,NaN,NaN,NaN,NaN,NaN
1563325200,1.12734,1.156749,1.117537,1.137143,3344703,NaN,NaN,NaN,NaN,NaN,NaN,NaN
1563411600,1.146946,1.176355,1.12734,1.12734,3870871,NaN,NaN,NaN,NaN,NaN,NaN,NaN
1563498000,1.12734,1.166552,1.12734,1.146946,2249728,NaN,NaN,NaN,NaN,NaN,NaN,NaN
1563757200,1.156749,1.195961,1.137143,1.146946,8688089,NaN,NaN,NaN,NaN,NaN,NaN,NaN
1563843600,1.146946,1.156749,1.12734,1.137143,3094371,NaN,NaN,NaN,NaN,NaN,NaN,NaN
1563930000,1.137143,1.176355,1.12734,1.156749,5899034,NaN,NaN,NaN,NaN,NaN,NaN,NaN
1564016400,1.156749,1.176355,1.12734,1.12734,6327782,NaN,NaN,NaN,NaN,NaN,NaN,NaN
1564102800,1.12734,1.146946,1.12734,1.12734,3808441,NaN,NaN,NaN,NaN,NaN,NaN,NaN
1564362000,1.137143,1.137143,1.117537,1.12734,3876278,NaN,NaN,NaN,NaN,NaN,NaN,NaN
1564534800,1.137143,1.137143,1.088129,1.117537,5188738,NaN,NaN,NaN,NaN,NaN,NaN,NaN
1564621200,1.117537,1.146946,1.097932,1.12734,3273398,NaN,NaN,NaN,NaN,NaN,NaN,NaN
1564707600,1.117537,1.117537,1.088129,1.097932,5281261,NaN,NaN,NaN,NaN,NaN,NaN,NaN
1564966800,1.088129,1.097932,1.048917,1.048917,3218007,NaN,NaN,NaN,NaN,NaN,NaN,NaN
1565053200,0.999902,1.068523,0.950887,1.05872,8469890,NaN,NaN,NaN,NaN,NaN,NaN,NaN
1565139600,1.068523,1.078326,1.05872,1.068523,4077543,NaN,NaN,NaN,NaN,NaN,NaN,NaN
1565226000,1.088129,1.088129,1.078326,1.078326,2611456,NaN,NaN,NaN,NaN,NaN,NaN,NaN
1565312400,1.078326,1.097932,1.078326,1.078326,1476798,NaN,NaN,NaN,NaN,NaN,NaN,NaN
1565658000,1.078326,1.088129,0.999902,0.999902,6453866,NaN,NaN,NaN,NaN,NaN,NaN,NaN
1565744400,1.029311,1.05872,1.029311,1.048917,2550250,NaN,NaN,NaN,NaN,NaN,NaN,NaN
1565830800,0.999902,1.048917,0.999902,1.029311,2106200,NaN,NaN,NaN,NaN,NaN,NaN,NaN
1565917200,1.039114,1.039114,0.999902,1.019508,2607171,NaN,NaN,NaN,NaN,NaN,NaN,NaN
1566176400,1.019508,1.039114,1.009705,1.029311,1447521,NaN,NaN,NaN,NaN,NaN,NaN,NaN
1566262800,1.029311,1.039114,1.009705,1.019508,1250846,NaN,NaN,NaN,NaN,NaN,NaN,NaN
1566349200,1.019508,1.029311,1.019508,1.029311,515150,NaN,NaN,NaN,NaN,NaN,NaN,NaN
1566435600,1.029311,1.039114,0.990099,0.990099,2858524,NaN,NaN,NaN,NaN,NaN,NaN,NaN
1566522000,0.990099,1.068523,0.990099,0.999902,2930033,NaN,NaN,NaN,NaN,NaN,NaN,NaN
1566781200,0.990099,1.019508,0.990099,0.990099,1838220,NaN,NaN,NaN,NaN,NaN,NaN,NaN
1566867600,1.009705,1.019508,0.970493,0.970493,2674600,NaN,NaN,NaN,NaN,NaN,NaN,NaN
1566954000,0.980296,0.990099,0.970493,0.980296,1604107,NaN,NaN,NaN,NaN,NaN,NaN,NaN
1567040400,0.980296,0.980296,0.96069,0.980296,2269110,NaN,NaN,NaN,NaN,NaN,NaN,NaN
1567126800,0.975395,0.975395,0.96069,0.96069,934615,NaN,NaN,NaN,NaN,NaN,NaN,NaN
1567472400,0.955789,0.96069,0.945986,0.950887,2978283,NaN,NaN,NaN,NaN,NaN,NaN,NaN
1567558800,0.945986,0.965592,0.906774,0.916577,5467736,NaN,NaN,NaN,NaN,NaN,NaN,NaN
1567645200,0.916577,0.936183,0.911675,0.916577,1559936,NaN,NaN,NaN,NaN,NaN,NaN,NaN
1567731600,0.931281,0.931281,0.916577,0.916577,932779,NaN,NaN,NaN,NaN,NaN,NaN,NaN
1568077200,0.921478,0.921478,0.892069,0.901872,1490264,NaN,NaN,NaN,NaN,NaN,NaN,NaN
1568163600,0.901872,0.936183,0.901872,0.936183,1000514,NaN,NaN,NaN,NaN,NaN,NaN,NaN
1568250000,0.941084,0.950887,0.921478,0.931281,1493324,NaN,NaN,NaN,NaN,NaN,NaN,NaN
1568336400,0.92638,0.931281,0.92638,0.92638,135571,NaN,NaN,NaN,NaN,NaN,NaN,NaN
1568682000,0.931281,0.936183,0.911675,0.916577,350710,NaN,NaN,NaN,NaN,NaN,NaN,NaN
1568768400,0.916577,0.916577,0.906774,0.911675,608897,NaN,NaN,NaN,NaN,NaN,NaN,NaN
1568854800,0.911675,0.911675,0.906774,0.911675,445273,NaN,NaN,NaN,NaN,NaN,NaN,NaN
1568941200,0.911675,0.916577,0.887168,0.887168,2077433,NaN,NaN,NaN,NaN,NaN,NaN,NaN
1569200400,0.887168,0.901872,0.887168,0.892069,446497,NaN,NaN,NaN,NaN,NaN,NaN,NaN
1569286800,0.892069,0.901872,0.892069,0.892069,244721,NaN,NaN,NaN,NaN,NaN,NaN,NaN
1569373200,0.892069,0.901872,0.862661,0.867562,2471192,NaN,NaN,NaN,NaN,NaN,NaN,NaN
1569459600,0.877365,0.901872,0.872463,0.877365,1381521,NaN,NaN,NaN,NaN,NaN,NaN,NaN
1569546000,0.877365,0.877365,0.852858,0.862661,2071721,NaN,NaN,NaN,NaN,NaN,NaN,NaN
1569805200,0.857759,0.882266,0.847956,0.882266,944918,1438267041.36565,8754407000,5526847000,62767000,368272000,3258506000,0
1569891600,0.882266,0.882266,0.867562,0.877365,846172,NaN,NaN,NaN,NaN,NaN,NaN,NaN
1569978000,0.872463,0.882266,0.862661,0.882266,516986,NaN,NaN,NaN,NaN,NaN,NaN,NaN
1570064400,0.872463,0.872463,0.862661,0.862661,426095,NaN,NaN,NaN,NaN,NaN,NaN,NaN
1570150800,0.852858,0.867562,0.852858,0.852858,887589,NaN,NaN,NaN,NaN,NaN,NaN,NaN
1570410000,0.852858,0.877365,0.852858,0.872463,1089262,NaN,NaN,NaN,NaN,NaN,NaN,NaN
1570496400,0.872463,0.931281,0.872463,0.921478,2997053,NaN,NaN,NaN,NaN,NaN,NaN,NaN
1570582800,0.911675,0.945986,0.911675,0.941084,1867905,NaN,NaN,NaN,NaN,NaN,NaN,NaN
1570669200,0.941084,0.950887,0.931281,0.936183,987864,NaN,NaN,NaN,NaN,NaN,NaN,NaN
1570755600,0.941084,0.945986,0.936183,0.936183,550241,NaN,NaN,NaN,NaN,NaN,NaN,NaN
1571014800,0.941084,0.941084,0.906774,0.911675,854945,NaN,NaN,NaN,NaN,NaN,NaN,NaN
1571101200,0.906774,0.921478,0.901872,0.911675,356218,NaN,NaN,NaN,NaN,NaN,NaN,NaN
1571187600,0.911675,0.921478,0.911675,0.911675,807817,NaN,NaN,NaN,NaN,NaN,NaN,NaN
1571274000,0.911675,0.916577,0.892069,0.896971,532186,NaN,NaN,NaN,NaN,NaN,NaN,NaN
1571360400,0.892069,0.896971,0.852858,0.852858,4495580,NaN,NaN,NaN,NaN,NaN,NaN,NaN
1571619600,0.862661,0.877365,0.862661,0.877365,682548,NaN,NaN,NaN,NaN,NaN,NaN,NaN
1571706000,0.882266,0.882266,0.867562,0.872463,632462,NaN,NaN,NaN,NaN,NaN,NaN,NaN
1571792400,0.872463,0.877365,0.862661,0.867562,1759570,NaN,NaN,NaN,NaN,NaN,NaN,NaN
1571878800,0.867562,0.882266,0.867562,0.882266,736002,NaN,NaN,NaN,NaN,NaN,NaN,NaN
1571965200,0.872463,0.882266,0.872463,0.882266,785374,NaN,NaN,NaN,NaN,NaN,NaN,NaN
1572310800,0.872463,0.882266,0.867562,0.872463,991945,NaN,NaN,NaN,NaN,NaN,NaN,NaN
1572397200,0.872463,0.872463,0.857759,0.867562,1171380,NaN,NaN,NaN,NaN,NaN,NaN,NaN
1572483600,0.867562,0.877365,0.862661,0.877365,2395704,NaN,NaN,NaN,NaN,NaN,NaN,NaN
1572570000,0.877365,0.911675,0.872463,0.892069,3556476,NaN,NaN,NaN,NaN,NaN,NaN,NaN
1572829200,0.896971,0.906774,0.867562,0.872463,1998987,NaN,NaN,NaN,NaN,NaN,NaN,NaN
1572915600,0.877365,0.887168,0.872463,0.882266,1752735,NaN,NaN,NaN,NaN,NaN,NaN,NaN
1573002000,0.882266,0.882266,0.872463,0.872463,1147816,NaN,NaN,NaN,NaN,NaN,NaN,NaN
1573088400,0.872463,0.877365,0.867562,0.872463,1126904,NaN,NaN,NaN,NaN,NaN,NaN,NaN
1573174800,0.877365,0.882266,0.867562,0.877365,1662456,NaN,NaN,NaN,NaN,NaN,NaN,NaN
1573434000,0.872463,0.877365,0.867562,0.872463,1151692,NaN,NaN,NaN,NaN,NaN,NaN,NaN
1573520400,0.872463,0.877365,0.862661,0.877365,1693468,NaN,NaN,NaN,NaN,NaN,NaN,NaN
1573606800,0.877365,0.877365,0.867562,0.877365,1275227,NaN,NaN,NaN,NaN,NaN,NaN,NaN
1573693200,0.872463,0.872463,0.857759,0.862661,1174543,NaN,NaN,NaN,NaN,NaN,NaN,NaN
1573779600,0.857759,0.872463,0.843055,0.857759,2179239,NaN,NaN,NaN,NaN,NaN,NaN,NaN
1574038800,0.852858,0.857759,0.852858,0.857759,445375,NaN,NaN,NaN,NaN,NaN,NaN,NaN
1574125200,0.857759,0.867562,0.852858,0.867562,855965,NaN,NaN,NaN,NaN,NaN,NaN,NaN
1574211600,0.862661,0.887168,0.857759,0.882266,1724785,NaN,NaN,NaN,NaN,NaN,NaN,NaN
1574298000,0.892069,0.892069,0.872463,0.882266,726209,NaN,NaN,NaN,NaN,NaN,NaN,NaN
1574384400,0.867562,0.867562,0.857759,0.862661,1520561,NaN,NaN,NaN,NaN,NaN,NaN,NaN
1574643600,0.857759,0.857759,0.847956,0.857759,1124048,NaN,NaN,NaN,NaN,NaN,NaN,NaN
1574730000,0.857759,0.862661,0.847956,0.852858,982458,NaN,NaN,NaN,NaN,NaN,NaN,NaN
1574816400,0.847956,0.852858,0.823449,0.82835,2381831,NaN,NaN,NaN,NaN,NaN,NaN,NaN
1574902800,0.833252,0.838153,0.82835,0.838153,393146,NaN,NaN,NaN,NaN,NaN,NaN,NaN
1574989200,0.838153,0.838153,0.82835,0.838153,243497,NaN,NaN,NaN,NaN,NaN,NaN,NaN
1575248400,0.838153,0.847956,0.823449,0.823449,469450,NaN,NaN,NaN,NaN,NaN,NaN,NaN
1575334800,0.823449,0.823449,0.803843,0.813646,2867807,NaN,NaN,NaN,NaN,NaN,NaN,NaN
1575421200,0.808744,0.808744,0.789138,0.789138,2688167,NaN,NaN,NaN,NaN,NaN,NaN,NaN
1575507600,0.789138,0.808744,0.789138,0.808744,843928,NaN,NaN,NaN,NaN,NaN,NaN,NaN
1575594000,0.808744,0.818547,0.808744,0.813646,1214429,NaN,NaN,NaN,NaN,NaN,NaN,NaN
1575853200,0.823449,0.823449,0.808744,0.818547,1144960,NaN,NaN,NaN,NaN,NaN,NaN,NaN
1575939600,0.818547,0.82835,0.813646,0.813646,1605127,NaN,NaN,NaN,NaN,NaN,NaN,NaN
1576026000,0.808744,0.813646,0.803843,0.813646,337857,NaN,NaN,NaN,NaN,NaN,NaN,NaN
1576112400,0.813646,0.82835,0.813646,0.823449,1944514,NaN,NaN,NaN,NaN,NaN,NaN,NaN
1576198800,0.823449,0.862661,0.818547,0.843055,1945942,NaN,NaN,NaN,NaN,NaN,NaN,NaN
1576458000,0.852858,0.867562,0.847956,0.857759,1195557,NaN,NaN,NaN,NaN,NaN,NaN,NaN
1576544400,0.857759,0.857759,0.843055,0.857759,458126,NaN,NaN,NaN,NaN,NaN,NaN,NaN
1576630800,0.857759,0.887168,0.847956,0.887168,3636962,NaN,NaN,NaN,NaN,NaN,NaN,NaN
1576717200,0.887168,0.892069,0.852858,0.857759,1766405,NaN,NaN,NaN,NaN,NaN,NaN,NaN
1576803600,0.862661,0.877365,0.852858,0.877365,661636,NaN,NaN,NaN,NaN,NaN,NaN,NaN
1577062800,0.877365,0.877365,0.852858,0.857759,951957,NaN,NaN,NaN,NaN,NaN,NaN,NaN
1577149200,0.867562,0.872463,0.857759,0.867562,637766,NaN,NaN,NaN,NaN,NaN,NaN,NaN
1577322000,0.867562,0.867562,0.857759,0.862661,692545,NaN,NaN,NaN,NaN,NaN,NaN,NaN
1577408400,0.857759,0.862661,0.847956,0.847956,680508,NaN,NaN,NaN,NaN,NaN,NaN,NaN
1577667600,0.843055,0.872463,0.843055,0.862661,538000,NaN,NaN,NaN,NaN,NaN,NaN,NaN
1577754000,0.862661,0.862661,0.852858,0.852858,226768,1438305163.5235,8820178000,5711331000,105249000,502587000,3142368000,0
1577926800,0.847956,0.857759,0.843055,0.843055,1587377,NaN,NaN,NaN,NaN,NaN,NaN,NaN
1578013200,0.847956,0.857759,0.82835,0.82835,2882904,NaN,NaN,NaN,NaN,NaN,NaN,NaN
1578272400,0.833252,0.833252,0.808744,0.813646,1521887,NaN,NaN,NaN,NaN,NaN,NaN,NaN
1578358800,0.818547,0.823449,0.79404,0.808744,3068256,NaN,NaN,NaN,NaN,NaN,NaN,NaN
1578445200,0.803843,0.803843,0.789138,0.79404,2254727,NaN,NaN,NaN,NaN,NaN,NaN,NaN
1578531600,0.798941,0.803843,0.779335,0.784237,3830475,NaN,NaN,NaN,NaN,NaN,NaN,NaN
1578618000,0.789138,0.803843,0.784237,0.79404,4332772,NaN,NaN,NaN,NaN,NaN,NaN,NaN
1578877200,0.798941,0.813646,0.798941,0.808744,919212,NaN,NaN,NaN,NaN,NaN,NaN,NaN
1578963600,0.813646,0.813646,0.798941,0.803843,1422121,NaN,NaN,NaN,NaN,NaN,NaN,NaN
1579050000,0.803843,0.803843,0.798941,0.798941,432012,NaN,NaN,NaN,NaN,NaN,NaN,NaN
1579136400,0.803843,0.813646,0.79404,0.803843,3745093,NaN,NaN,NaN,NaN,NaN,NaN,NaN
1579222800,0.808744,0.808744,0.79404,0.803843,1744166,NaN,NaN,NaN,NaN,NaN,NaN,NaN
1579482000,0.803843,0.803843,0.79404,0.798941,2378057,NaN,NaN,NaN,NaN,NaN,NaN,NaN
1579568400,0.789138,0.803843,0.789138,0.79404,2226878,NaN,NaN,NaN,NaN,NaN,NaN,NaN
1579654800,0.798941,0.798941,0.779335,0.784237,1156487,NaN,NaN,NaN,NaN,NaN,NaN,NaN
1579741200,0.784237,0.784237,0.774434,0.784237,1174747,NaN,NaN,NaN,NaN,NaN,NaN,NaN
1579827600,0.779335,0.784237,0.774434,0.784237,769767,NaN,NaN,NaN,NaN,NaN,NaN,NaN
1580173200,0.774434,0.774434,0.740124,0.754828,2089776,NaN,NaN,NaN,NaN,NaN,NaN,NaN
1580259600,0.754828,0.759729,0.745025,0.749926,1405085,NaN,NaN,NaN,NaN,NaN,NaN,NaN
1580346000,0.745025,0.749926,0.740124,0.745025,826689,NaN,NaN,NaN,NaN,NaN,NaN,NaN
1580432400,0.745025,0.749926,0.740124,0.749926,1751613,NaN,NaN,NaN,NaN,NaN,NaN,NaN
1580691600,0.735222,0.735222,0.705813,0.710715,1655928,NaN,NaN,NaN,NaN,NaN,NaN,NaN
1580778000,0.720518,0.720518,0.700912,0.700912,4211074,NaN,NaN,NaN,NaN,NaN,NaN,NaN
1580864400,0.705813,0.710715,0.686207,0.691109,2675110,NaN,NaN,NaN,NaN,NaN,NaN,NaN
1580950800,0.691109,0.710715,0.691109,0.69601,8100716,NaN,NaN,NaN,NaN,NaN,NaN,NaN
1581037200,0.705813,0.705813,0.686207,0.691109,3898924,NaN,NaN,NaN,NaN,NaN,NaN,NaN
1581296400,0.691109,0.691109,0.676404,0.686207,2018675,NaN,NaN,NaN,NaN,NaN,NaN,NaN
1581382800,0.686207,0.686207,0.676404,0.676404,3258811,NaN,NaN,NaN,NaN,NaN,NaN,NaN
1581469200,0.681306,0.686207,0.671503,0.671503,2757228,NaN,NaN,NaN,NaN,NaN,NaN,NaN
1581555600,0.676404,0.745025,0.676404,0.740124,15145322,NaN,NaN,NaN,NaN,NaN,NaN,NaN
1581642000,0.740124,0.759729,0.725419,0.740124,7509874,NaN,NaN,NaN,NaN,NaN,NaN,NaN
1581901200,0.740124,0.764631,0.740124,0.745025,7243730,NaN,NaN,NaN,NaN,NaN,NaN,NaN
1581987600,0.749926,0.749926,0.735222,0.740124,2317769,NaN,NaN,NaN,NaN,NaN,NaN,NaN
1582074000,0.740124,0.759729,0.740124,0.749926,2992463,NaN,NaN,NaN,NaN,NaN,NaN,NaN
1582160400,0.749926,0.759729,0.730321,0.735222,4070199,NaN,NaN,NaN,NaN,NaN,NaN,NaN
1582246800,0.730321,0.745025,0.725419,0.735222,3223924,NaN,NaN,NaN,NaN,NaN,NaN,NaN
1582506000,0.700912,0.715616,0.686207,0.700912,4676546,NaN,NaN,NaN,NaN,NaN,NaN,NaN
1582592400,0.686207,0.710715,0.681306,0.69601,3814459,NaN,NaN,NaN,NaN,NaN,NaN,NaN
1582678800,0.69601,0.705813,0.69601,0.69601,2200049,NaN,NaN,NaN,NaN,NaN,NaN,NaN
1582765200,0.705813,0.710715,0.671503,0.671503,3978900,NaN,NaN,NaN,NaN,NaN,NaN,NaN
1582851600,0.666601,0.666601,0.632291,0.637192,6936476,NaN,NaN,NaN,NaN,NaN,NaN,NaN
1583110800,0.671503,0.671503,0.617586,0.651897,1889225,NaN,NaN,NaN,NaN,NaN,NaN,NaN
1583197200,0.656798,0.6617,0.642094,0.646995,2167202,NaN,NaN,NaN,NaN,NaN,NaN,NaN
1583283600,0.642094,0.646995,0.632291,0.637192,1783440,NaN,NaN,NaN,NaN,NaN,NaN,NaN
1583370000,0.642094,0.642094,0.607784,0.612685,4736018,NaN,NaN,NaN,NaN,NaN,NaN,NaN
1583456400,0.607784,0.612685,0.593079,0.597981,2813741,NaN,NaN,NaN,NaN,NaN,NaN,NaN
1583715600,0.588178,0.593079,0.539163,0.548966,4135485,NaN,NaN,NaN,NaN,NaN,NaN,NaN
1583802000,0.544064,0.553867,0.519557,0.52936,3503329,NaN,NaN,NaN,NaN,NaN,NaN,NaN
1583888400,0.534261,0.553867,0.52936,0.52936,11208858,NaN,NaN,NaN,NaN,NaN,NaN,NaN
1583974800,0.52936,0.52936,0.485247,0.495049,4504761,NaN,NaN,NaN,NaN,NaN,NaN,NaN
1584061200,0.480345,0.490148,0.411724,0.416626,21228689,NaN,NaN,NaN,NaN,NaN,NaN,NaN
1584320400,0.372512,0.411724,0.348005,0.377414,12345046,NaN,NaN,NaN,NaN,NaN,NaN,NaN
1584406800,0.333301,0.352907,0.29899,0.308793,12718096,NaN,NaN,NaN,NaN,NaN,NaN,NaN
1584493200,0.313695,0.318596,0.26468,0.294089,13616600,NaN,NaN,NaN,NaN,NaN,NaN,NaN
1584579600,0.284286,0.284286,0.240173,0.259778,25722025,NaN,NaN,NaN,NaN,NaN,NaN,NaN
1584666000,0.269581,0.313695,0.269581,0.308793,20649272,NaN,NaN,NaN,NaN,NaN,NaN,NaN
1584925200,0.294089,0.318596,0.279384,0.308793,11129495,NaN,NaN,NaN,NaN,NaN,NaN,NaN
1585011600,0.308793,0.343104,0.308793,0.333301,5813957,NaN,NaN,NaN,NaN,NaN,NaN,NaN
1585098000,0.352907,0.367611,0.333301,0.352907,11506422,NaN,NaN,NaN,NaN,NaN,NaN,NaN
1585184400,0.357808,0.387217,0.348005,0.367611,6368586,NaN,NaN,NaN,NaN,NaN,NaN,NaN
1585270800,0.382315,0.43133,0.377414,0.382315,12599459,NaN,NaN,NaN,NaN,NaN,NaN,NaN
1585530000,0.372512,0.377414,0.348005,0.352907,22206251,NaN,NaN,NaN,NaN,NaN,NaN,NaN
1585616400,0.367611,0.377414,0.357808,0.367611,15947325,1423899136.60395,9082295000,5958122000,55964000,363082000,3158698000,0
1585702800,0.357808,0.387217,0.357808,0.377414,12798072,NaN,NaN,NaN,NaN,NaN,NaN,NaN
1585789200,0.372512,0.392118,0.372512,0.382315,12105628,NaN,NaN,NaN,NaN,NaN,NaN,NaN
1585875600,0.387217,0.392118,0.377414,0.382315,6382561,NaN,NaN,NaN,NaN,NaN,NaN,NaN
1586134800,0.382315,0.406823,0.377414,0.387217,14716880,NaN,NaN,NaN,NaN,NaN,NaN,NaN
1586221200,0.401921,0.416626,0.39702,0.406823,18150741,NaN,NaN,NaN,NaN,NaN,NaN,NaN
1586307600,0.411724,0.455838,0.406823,0.421527,35482342.00000001,NaN,NaN,NaN,NaN,NaN,NaN,NaN
1586394000,0.441133,0.446035,0.426429,0.426429,12943640,NaN,NaN,NaN,NaN,NaN,NaN,NaN
1586480400,0.43133,0.43133,0.401921,0.421527,11253947,NaN,NaN,NaN,NaN,NaN,NaN,NaN
1586739600,0.421527,0.455838,0.416626,0.421527,23709266,NaN,NaN,NaN,NaN,NaN,NaN,NaN
1586826000,0.426429,0.450936,0.426429,0.446035,15024747,NaN,NaN,NaN,NaN,NaN,NaN,NaN
1586912400,0.455838,0.480345,0.450936,0.450936,21346510,NaN,NaN,NaN,NaN,NaN,NaN,NaN
1586998800,0.455838,0.490148,0.450936,0.475444,15856638,NaN,NaN,NaN,NaN,NaN,NaN,NaN
1587085200,0.485247,0.499951,0.480345,0.490148,12072169,NaN,NaN,NaN,NaN,NaN,NaN,NaN
1587344400,0.499951,0.514655,0.495049,0.495049,8993915,NaN,NaN,NaN,NaN,NaN,NaN,NaN
1587430800,0.490148,0.495049,0.465641,0.475444,14566620,NaN,NaN,NaN,NaN,NaN,NaN,NaN
1587517200,0.455838,0.490148,0.450936,0.485247,10849579,NaN,NaN,NaN,NaN,NaN,NaN,NaN
1587603600,0.495049,0.499951,0.485247,0.490148,8425618,NaN,NaN,NaN,NaN,NaN,NaN,NaN
1587690000,0.490148,0.495049,0.485247,0.490148,5542509,NaN,NaN,NaN,NaN,NaN,NaN,NaN
1587949200,0.490148,0.499951,0.480345,0.485247,2339293,NaN,NaN,NaN,NaN,NaN,NaN,NaN
1588035600,0.475444,0.490148,0.460739,0.480345,4759582,NaN,NaN,NaN,NaN,NaN,NaN,NaN
1588122000,0.480345,0.495049,0.480345,0.485247,8594036,NaN,NaN,NaN,NaN,NaN,NaN,NaN
1588208400,0.490148,0.514655,0.490148,0.495049,8666769,NaN,NaN,NaN,NaN,NaN,NaN,NaN
1588554000,0.490148,0.495049,0.470542,0.485247,6499057,NaN,NaN,NaN,NaN,NaN,NaN,NaN
1588640400,0.490148,0.499951,0.485247,0.490148,8885989,NaN,NaN,NaN,NaN,NaN,NaN,NaN
1588726800,0.495049,0.499951,0.485247,0.490148,3953601,NaN,NaN,NaN,NaN,NaN,NaN,NaN
1588899600,0.490148,0.490148,0.480345,0.485247,1269514,NaN,NaN,NaN,NaN,NaN,NaN,NaN
1589245200,0.490148,0.490148,0.465641,0.480345,5080098,NaN,NaN,NaN,NaN,NaN,NaN,NaN
1589331600,0.465641,0.475444,0.465641,0.465641,2466601,NaN,NaN,NaN,NaN,NaN,NaN,NaN
1589418000,0.465641,0.475444,0.460739,0.470542,4361131,NaN,NaN,NaN,NaN,NaN,NaN,NaN
1589504400,0.470542,0.470542,0.450936,0.460739,6106522,NaN,NaN,NaN,NaN,NaN,NaN,NaN
1589763600,0.465641,0.573473,0.460739,0.573473,29788756,NaN,NaN,NaN,NaN,NaN,NaN,NaN
1589850000,0.593079,0.612685,0.519557,0.568572,20080464,NaN,NaN,NaN,NaN,NaN,NaN,NaN
1589936400,0.573473,0.573473,0.553867,0.568572,3341235,NaN,NaN,NaN,NaN,NaN,NaN,NaN
1590022800,0.568572,0.578375,0.56367,0.568572,6723785,NaN,NaN,NaN,NaN,NaN,NaN,NaN
1590109200,0.568572,0.573473,0.539163,0.544064,3095697,NaN,NaN,NaN,NaN,NaN,NaN,NaN
1590541200,0.578375,0.578375,0.558769,0.568572,2773957,NaN,NaN,NaN,NaN,NaN,NaN,NaN
1590627600,0.573473,0.578375,0.544064,0.544064,2347556,NaN,NaN,NaN,NaN,NaN,NaN,NaN
1590714000,0.544064,0.573473,0.524458,0.524458,22083125,NaN,NaN,NaN,NaN,NaN,NaN,NaN
1590973200,0.524458,0.539163,0.509754,0.514655,6175379,NaN,NaN,NaN,NaN,NaN,NaN,NaN
1591059600,0.519557,0.52936,0.509754,0.519557,4557704,NaN,NaN,NaN,NaN,NaN,NaN,NaN
1591146000,0.524458,0.52936,0.509754,0.524458,22068435,NaN,NaN,NaN,NaN,NaN,NaN,NaN
1591232400,0.52936,0.558769,0.52936,0.539163,15296501,NaN,NaN,NaN,NaN,NaN,NaN,NaN
1591318800,0.548966,0.553867,0.514655,0.514655,23448630,NaN,NaN,NaN,NaN,NaN,NaN,NaN
1591664400,0.534261,0.548966,0.534261,0.539163,13140112,NaN,NaN,NaN,NaN,NaN,NaN,NaN
1591750800,0.544064,0.588178,0.539163,0.578375,20253167,NaN,NaN,NaN,NaN,NaN,NaN,NaN
1591837200,0.588178,0.593079,0.539163,0.539163,10097867,NaN,NaN,NaN,NaN,NaN,NaN,NaN
1591923600,0.504852,0.534261,0.499951,0.534261,5640030,NaN,NaN,NaN,NaN,NaN,NaN,NaN
1592182800,0.539163,0.539163,0.480345,0.504852,5610448,NaN,NaN,NaN,NaN,NaN,NaN,NaN
1592269200,0.514655,0.524458,0.509754,0.519557,4151705,NaN,NaN,NaN,NaN,NaN,NaN,NaN
1592355600,0.519557,0.519557,0.504852,0.514655,3217089,NaN,NaN,NaN,NaN,NaN,NaN,NaN
1592442000,0.514655,0.519557,0.499951,0.509754,2181585,NaN,NaN,NaN,NaN,NaN,NaN,NaN
1592528400,0.509754,0.514655,0.499951,0.499951,3594628,NaN,NaN,NaN,NaN,NaN,NaN,NaN
1592787600,0.504852,0.509754,0.495049,0.499951,2156083,NaN,NaN,NaN,NaN,NaN,NaN,NaN
1592874000,0.504852,0.504852,0.490148,0.499951,3898108,NaN,NaN,NaN,NaN,NaN,NaN,NaN
1592960400,0.504852,0.504852,0.490148,0.495049,2700612,NaN,NaN,NaN,NaN,NaN,NaN,NaN
1593046800,0.485247,0.490148,0.480345,0.485247,3226168,NaN,NaN,NaN,NaN,NaN,NaN,NaN
1593133200,0.490148,0.490148,0.475444,0.485247,4847413,NaN,NaN,NaN,NaN,NaN,NaN,NaN
1593392400,0.480345,0.480345,0.460739,0.470542,5076221,NaN,NaN,NaN,NaN,NaN,NaN,NaN
1593478800,0.470542,0.480345,0.465641,0.470542,3097125,1423899136.60395,9009653000,5889395000,39189000,374954000,3156687000,0
1593565200,0.470542,0.480345,0.470542,0.480345,1722336,NaN,NaN,NaN,NaN,NaN,NaN,NaN
1593651600,0.480345,0.485247,0.465641,0.480345,3248202,NaN,NaN,NaN,NaN,NaN,NaN,NaN
1593738000,0.485247,0.504852,0.485247,0.495049,4149358,NaN,NaN,NaN,NaN,NaN,NaN,NaN
1593997200,0.495049,0.509754,0.495049,0.504852,5193125,NaN,NaN,NaN,NaN,NaN,NaN,NaN
1594083600,0.504852,0.504852,0.490148,0.504852,3244122,NaN,NaN,NaN,NaN,NaN,NaN,NaN
1594170000,0.504852,0.504852,0.485247,0.490148,3642063,NaN,NaN,NaN,NaN,NaN,NaN,NaN
1594256400,0.490148,0.499951,0.485247,0.495049,2733051,NaN,NaN,NaN,NaN,NaN,NaN,NaN
1594342800,0.495049,0.509754,0.485247,0.490148,4214849,NaN,NaN,NaN,NaN,NaN,NaN,NaN
1594602000,0.495049,0.495049,0.485247,0.490148,2216371,NaN,NaN,NaN,NaN,NaN,NaN,NaN
1594688400,0.495049,0.495049,0.475444,0.480345,3035205,NaN,NaN,NaN,NaN,NaN,NaN,NaN
1594774800,0.485247,0.485247,0.470542,0.480345,4621563,NaN,NaN,NaN,NaN,NaN,NaN,NaN
1594861200,0.480345,0.485247,0.470542,0.470542,2149962,NaN,NaN,NaN,NaN,NaN,NaN,NaN
1594947600,0.470542,0.475444,0.465641,0.470542,4420195,NaN,NaN,NaN,NaN,NaN,NaN,NaN
1595206800,0.470542,0.475444,0.455838,0.460739,7697062,NaN,NaN,NaN,NaN,NaN,NaN,NaN
1595293200,0.465641,0.475444,0.460739,0.465641,5992577,NaN,NaN,NaN,NaN,NaN,NaN,NaN
1595379600,0.470542,0.475444,0.460739,0.465641,8927405,NaN,NaN,NaN,NaN,NaN,NaN,NaN
1595466000,0.465641,0.470542,0.460739,0.470542,6285550,NaN,NaN,NaN,NaN,NaN,NaN,NaN
1595552400,0.465641,0.470542,0.460739,0.470542,4178533,NaN,NaN,NaN,NaN,NaN,NaN,NaN
1595811600,0.470542,0.470542,0.455838,0.455838,6438871,NaN,NaN,NaN,NaN,NaN,NaN,NaN
1595898000,0.460739,0.485247,0.455838,0.480345,15026685,NaN,NaN,NaN,NaN,NaN,NaN,NaN
1595984400,0.480345,0.480345,0.460739,0.470542,8472440,NaN,NaN,NaN,NaN,NaN,NaN,NaN
1596070800,0.475444,0.475444,0.446035,0.455838,18051077,NaN,NaN,NaN,NaN,NaN,NaN,NaN
1596416400,0.450936,0.450936,0.411724,0.421527,13543663,NaN,NaN,NaN,NaN,NaN,NaN,NaN
1596502800,0.421527,0.426429,0.401921,0.421527,6240767,NaN,NaN,NaN,NaN,NaN,NaN,NaN
1596589200,0.416626,0.421527,0.406823,0.421527,6165994,NaN,NaN,NaN,NaN,NaN,NaN,NaN
1596675600,0.421527,0.426429,0.406823,0.406823,11805311,NaN,NaN,NaN,NaN,NaN,NaN,NaN
1596762000,0.411724,0.416626,0.406823,0.411724,5193533,NaN,NaN,NaN,NaN,NaN,NaN,NaN
1597021200,0.411724,0.411724,0.39702,0.411724,9682993,NaN,NaN,NaN,NaN,NaN,NaN,NaN
1597107600,0.415842,0.440594,0.405941,0.425743,7532883,NaN,NaN,NaN,NaN,NaN,NaN,NaN
1597194000,0.425743,0.425743,0.410891,0.420792,2863350,NaN,NaN,NaN,NaN,NaN,NaN,NaN
1597280400,0.420792,0.440594,0.410891,0.425743,7071818,NaN,NaN,NaN,NaN,NaN,NaN,NaN
1597366800,0.430693,0.435644,0.405941,0.410891,6303006,NaN,NaN,NaN,NaN,NaN,NaN,NaN
1597626000,0.415842,0.415842,0.405941,0.410891,3044746,NaN,NaN,NaN,NaN,NaN,NaN,NaN
1597712400,0.410891,0.410891,0.40099,0.410891,4280784,NaN,NaN,NaN,NaN,NaN,NaN,NaN
1597798800,0.410891,0.420792,0.405941,0.410891,2675591,NaN,NaN,NaN,NaN,NaN,NaN,NaN
1597971600,0.410891,0.420792,0.410891,0.410891,3804973,NaN,NaN,NaN,NaN,NaN,NaN,NaN
1598230800,0.410891,0.415842,0.391089,0.405941,12866592,NaN,NaN,NaN,NaN,NaN,NaN,NaN
1598317200,0.405941,0.405941,0.391089,0.405941,6972535,NaN,NaN,NaN,NaN,NaN,NaN,NaN
1598403600,0.405941,0.405941,0.39604,0.40099,9265336,NaN,NaN,NaN,NaN,NaN,NaN,NaN
1598490000,0.405941,0.435644,0.40099,0.405941,17223732,NaN,NaN,NaN,NaN,NaN,NaN,NaN
1598576400,0.405941,0.420792,0.405941,0.410891,5291390,NaN,NaN,NaN,NaN,NaN,NaN,NaN
1598922000,0.415842,0.425743,0.410891,0.415842,5060201,NaN,NaN,NaN,NaN,NaN,NaN,NaN
1599008400,0.415842,0.420792,0.40099,0.405941,9679032,NaN,NaN,NaN,NaN,NaN,NaN,NaN
1599094800,0.405941,0.415842,0.40099,0.405941,5413701,NaN,NaN,NaN,NaN,NaN,NaN,NaN
1599181200,0.40099,0.405941,0.39604,0.405941,4852141,NaN,NaN,NaN,NaN,NaN,NaN,NaN
1599440400,0.40099,0.430693,0.40099,0.405941,15837608,NaN,NaN,NaN,NaN,NaN,NaN,NaN
1599526800,0.410891,0.425743,0.40099,0.415842,22577338,NaN,NaN,NaN,NaN,NaN,NaN,NaN
1599613200,0.405941,0.415842,0.40099,0.405941,16615005,NaN,NaN,NaN,NaN,NaN,NaN,NaN
1599699600,0.410891,0.415842,0.391089,0.391089,15112327,NaN,NaN,NaN,NaN,NaN,NaN,NaN
1599786000,0.391089,0.40099,0.386139,0.39604,5901329,NaN,NaN,NaN,NaN,NaN,NaN,NaN
1600045200,0.39604,0.410891,0.391089,0.405941,23842868,NaN,NaN,NaN,NaN,NaN,NaN,NaN
1600131600,0.410891,0.440594,0.40099,0.430693,28660972,NaN,NaN,NaN,NaN,NaN,NaN,NaN
1600304400,0.445545,0.450495,0.415842,0.415842,14556423,NaN,NaN,NaN,NaN,NaN,NaN,NaN
1600390800,0.415842,0.420792,0.410891,0.415842,3675996,NaN,NaN,NaN,NaN,NaN,NaN,NaN
1600650000,0.415842,0.420792,0.40099,0.405941,7262203,NaN,NaN,NaN,NaN,NaN,NaN,NaN
1600736400,0.40099,0.410891,0.40099,0.40099,3441474,NaN,NaN,NaN,NaN,NaN,NaN,NaN
1600822800,0.405941,0.405941,0.381188,0.391089,10442087,NaN,NaN,NaN,NaN,NaN,NaN,NaN
1600909200,0.386139,0.39604,0.386139,0.391089,4669836,NaN,NaN,NaN,NaN,NaN,NaN,NaN
1600995600,0.39604,0.39604,0.386139,0.391089,5520963,NaN,NaN,NaN,NaN,NaN,NaN,NaN
1601254800,0.39604,0.405941,0.391089,0.40099,3703266,NaN,NaN,NaN,NaN,NaN,NaN,NaN
1601341200,0.40099,0.40099,0.391089,0.39604,1221696,NaN,NaN,NaN,NaN,NaN,NaN,NaN
1601427600,0.391089,0.39604,0.391089,0.391089,3521769,1438132374.20603,8774177000,5667102000,73140000,423441000,3145278000,0
1601514000,0.39604,0.39604,0.386139,0.391089,1860319,NaN,NaN,NaN,NaN,NaN,NaN,NaN
1601600400,0.39604,0.39604,0.381188,0.391089,7039801,NaN,NaN,NaN,NaN,NaN,NaN,NaN
1601859600,0.391089,0.39604,0.386139,0.386139,2381176,NaN,NaN,NaN,NaN,NaN,NaN,NaN
1601946000,0.386139,0.39604,0.386139,0.386139,2379661,NaN,NaN,NaN,NaN,NaN,NaN,NaN
1602032400,0.391089,0.39604,0.386139,0.391089,1459753,NaN,NaN,NaN,NaN,NaN,NaN,NaN
1602118800,0.391089,0.39604,0.391089,0.39604,615494,NaN,NaN,NaN,NaN,NaN,NaN,NaN
1602205200,0.39604,0.39604,0.391089,0.39604,2158269,NaN,NaN,NaN,NaN,NaN,NaN,NaN
1602464400,0.39604,0.39604,0.386139,0.391089,2121101,NaN,NaN,NaN,NaN,NaN,NaN,NaN
1602550800,0.391089,0.391089,0.376238,0.386139,4507933,NaN,NaN,NaN,NaN,NaN,NaN,NaN
1602637200,0.386139,0.386139,0.371287,0.371287,8150599,NaN,NaN,NaN,NaN,NaN,NaN,NaN
1602723600,0.371287,0.376238,0.371287,0.376238,1304112,NaN,NaN,NaN,NaN,NaN,NaN,NaN
1602810000,0.376238,0.381188,0.371287,0.371287,1633069,NaN,NaN,NaN,NaN,NaN,NaN,NaN
1603069200,0.371287,0.381188,0.371287,0.371287,6444305,NaN,NaN,NaN,NaN,NaN,NaN,NaN
1603155600,0.371287,0.381188,0.371287,0.381188,2498336,NaN,NaN,NaN,NaN,NaN,NaN,NaN
1603242000,0.381188,0.386139,0.381188,0.381188,3094034,NaN,NaN,NaN,NaN,NaN,NaN,NaN
1603328400,0.386139,0.391089,0.376238,0.376238,4452585,NaN,NaN,NaN,NaN,NaN,NaN,NaN
1603414800,0.376238,0.386139,0.371287,0.371287,6575100,NaN,NaN,NaN,NaN,NaN,NaN,NaN
1603674000,0.376238,0.376238,0.371287,0.376238,1790730,NaN,NaN,NaN,NaN,NaN,NaN,NaN
1603760400,0.376238,0.381188,0.366337,0.366337,4967079,NaN,NaN,NaN,NaN,NaN,NaN,NaN
1603846800,0.366337,0.371287,0.366337,0.371287,3486621,NaN,NaN,NaN,NaN,NaN,NaN,NaN
1604019600,0.371287,0.371287,0.356436,0.361386,2842342,NaN,NaN,NaN,NaN,NaN,NaN,NaN
1604278800,0.356436,0.361386,0.351485,0.361386,2446220,NaN,NaN,NaN,NaN,NaN,NaN,NaN
1604365200,0.356436,0.361386,0.351485,0.356436,3575703,NaN,NaN,NaN,NaN,NaN,NaN,NaN
1604451600,0.356436,0.366337,0.356436,0.361386,2557118,NaN,NaN,NaN,NaN,NaN,NaN,NaN
1604538000,0.361386,0.40099,0.361386,0.391089,11688831,NaN,NaN,NaN,NaN,NaN,NaN,NaN
1604624400,0.39604,0.40099,0.381188,0.391089,4328355,NaN,NaN,NaN,NaN,NaN,NaN,NaN
1604883600,0.39604,0.40099,0.381188,0.386139,3344009,NaN,NaN,NaN,NaN,NaN,NaN,NaN
1604970000,0.391089,0.405941,0.391089,0.405941,9924866,NaN,NaN,NaN,NaN,NaN,NaN,NaN
1605056400,0.405941,0.410891,0.39604,0.40099,5234123,NaN,NaN,NaN,NaN,NaN,NaN,NaN
1605142800,0.40099,0.410891,0.39604,0.410891,3199377,NaN,NaN,NaN,NaN,NaN,NaN,NaN
1605229200,0.410891,0.410891,0.40099,0.410891,4131203,NaN,NaN,NaN,NaN,NaN,NaN,NaN
1605488400,0.410891,0.425743,0.405941,0.425743,9779729,NaN,NaN,NaN,NaN,NaN,NaN,NaN
1605574800,0.430693,0.430693,0.415842,0.420792,12783974,NaN,NaN,NaN,NaN,NaN,NaN,NaN
1605661200,0.420792,0.420792,0.410891,0.415842,4364008,NaN,NaN,NaN,NaN,NaN,NaN,NaN
1605747600,0.415842,0.420792,0.405941,0.415842,4264220,NaN,NaN,NaN,NaN,NaN,NaN,NaN
1605834000,0.415842,0.420792,0.405941,0.410891,8574698,NaN,NaN,NaN,NaN,NaN,NaN,NaN
1606093200,0.410891,0.415842,0.405941,0.405941,3127061,NaN,NaN,NaN,NaN,NaN,NaN,NaN
1606179600,0.410891,0.420792,0.405941,0.410891,9682971,NaN,NaN,NaN,NaN,NaN,NaN,NaN
1606266000,0.415842,0.420792,0.410891,0.415842,5991825,NaN,NaN,NaN,NaN,NaN,NaN,NaN
1606352400,0.415842,0.420792,0.405941,0.415842,15394622,NaN,NaN,NaN,NaN,NaN,NaN,NaN
1606438800,0.420792,0.445545,0.415842,0.430693,9752762,NaN,NaN,NaN,NaN,NaN,NaN,NaN
1606698000,0.435644,0.455446,0.430693,0.445545,11867298,NaN,NaN,NaN,NaN,NaN,NaN,NaN
1606784400,0.44554413,0.46039561,0.44059364,0.45544512,8460272.9721803,NaN,NaN,NaN,NaN,NaN,NaN,NaN
1606870800,0.46039561,0.48514806,0.45544512,0.45544512,16893780.91913971,NaN,NaN,NaN,NaN,NaN,NaN,NaN
1606957200,0.46039561,0.48019757,0.46039561,0.48019757,12442908.72504861,NaN,NaN,NaN,NaN,NaN,NaN,NaN
1607043600,0.48019757,0.48514806,0.4653461,0.47029659,8774585.2683592,NaN,NaN,NaN,NaN,NaN,NaN,NaN
1607302800,0.47524708,0.49999953,0.4653461,0.48514806,11683590.00953674,NaN,NaN,NaN,NaN,NaN,NaN,NaN
1607389200,0.49009855,0.50495002,0.49009855,0.49504904,10303120.7087099,NaN,NaN,NaN,NaN,NaN,NaN,NaN
1607475600,0.49504904,0.49999953,0.48019757,0.48019757,7529355.09496923,NaN,NaN,NaN,NaN,NaN,NaN,NaN
1607562000,0.48514806,0.49504904,0.47524708,0.47524708,3593280.38597575,NaN,NaN,NaN,NaN,NaN,NaN,NaN
1607648400,0.48019757,0.49009855,0.47524708,0.48019757,5530361.21130191,NaN,NaN,NaN,NaN,NaN,NaN,NaN
1607907600,0.48514806,0.50495002,0.48514806,0.48514806,12984572.2354623,NaN,NaN,NaN,NaN,NaN,NaN,NaN
1607994000,0.48514806,0.49999953,0.48019757,0.49504904,6252814.89207557,NaN,NaN,NaN,NaN,NaN,NaN,NaN
1608080400,0.49999953,0.52970247,0.49504904,0.514851,21456258.21839717,NaN,NaN,NaN,NaN,NaN,NaN,NaN
1608166800,0.50990051,0.54950443,0.50495002,0.54950443,23593218.23207103,NaN,NaN,NaN,NaN,NaN,NaN,NaN
1608253200,0.55445492,0.5643559,0.52475198,0.53960345,17272127.2756584,NaN,NaN,NaN,NaN,NaN,NaN,NaN
1608512400,0.53960345,0.54950443,0.52475198,0.52475198,6619142.23726865,NaN,NaN,NaN,NaN,NaN,NaN,NaN
1608598800,0.52475198,0.52475198,0.49009855,0.49999953,9935581.36237475,NaN,NaN,NaN,NaN,NaN,NaN,NaN
1608685200,0.49999953,0.51980149,0.49999953,0.51980149,5930321.58818765,NaN,NaN,NaN,NaN,NaN,NaN,NaN
1608771600,0.52970247,0.53465296,0.51980149,0.52475198,3868404.64522745,NaN,NaN,NaN,NaN,NaN,NaN,NaN
1609117200,0.514851,0.51980149,0.50990051,0.51980149,5573488.25194085,NaN,NaN,NaN,NaN,NaN,NaN,NaN
1609203600,0.52475198,0.52970247,0.514851,0.52475198,3927994.70137962,NaN,NaN,NaN,NaN,NaN,NaN,NaN
1609290000,0.52970247,0.54950443,0.52970247,0.53960345,8553799.06031065,NaN,NaN,NaN,NaN,NaN,NaN,NaN
1609376400,0.54455394,0.54455394,0.51980149,0.52475198,6378156.01018547,1417241552.47209,8600153000,5737464000,7240000,547227000,2904839000,0
1609722000,0.50990051,0.50990051,0.49009855,0.50495002,7533395.09877615,NaN,NaN,NaN,NaN,NaN,NaN,NaN
1609808400,0.50495002,0.50495002,0.49504904,0.49999953,3782049.5638544,NaN,NaN,NaN,NaN,NaN,NaN,NaN
1609894800,0.49999953,0.50495002,0.47029659,0.48019757,8156565.68599459,NaN,NaN,NaN,NaN,NaN,NaN,NaN
1609981200,0.47029659,0.48514806,0.45544512,0.48019757,7483602.05185578,NaN,NaN,NaN,NaN,NaN,NaN,NaN
1610067600,0.48019757,0.48019757,0.45544512,0.47029659,7156462.74358989,NaN,NaN,NaN,NaN,NaN,NaN,NaN
1610326800,0.45544512,0.4653461,0.44059364,0.4653461,4222308.97871423,NaN,NaN,NaN,NaN,NaN,NaN,NaN
1610413200,0.45544512,0.49504904,0.45544512,0.49504904,9289079.75317131,NaN,NaN,NaN,NaN,NaN,NaN,NaN
1610499600,0.49999953,0.50990051,0.48514806,0.50495002,3749527.53320864,NaN,NaN,NaN,NaN,NaN,NaN,NaN
1610586000,0.514851,0.52475198,0.49009855,0.49999953,4392898.13946171,NaN,NaN,NaN,NaN,NaN,NaN,NaN
1610672400,0.50990051,0.50990051,0.49009855,0.49504904,634684.59806818,NaN,NaN,NaN,NaN,NaN,NaN,NaN
1610931600,0.49504904,0.49504904,0.47524708,0.48019757,7255644.83704994,NaN,NaN,NaN,NaN,NaN,NaN,NaN
1611018000,0.48019757,0.49009855,0.47524708,0.48514806,2797298.63591602,NaN,NaN,NaN,NaN,NaN,NaN,NaN
1611104400,0.48514806,0.48514806,0.47029659,0.47524708,2333506.19888084,NaN,NaN,NaN,NaN,NaN,NaN,NaN
1611190800,0.47524708,0.47524708,0.45544512,0.4653461,2530860.38484921,NaN,NaN,NaN,NaN,NaN,NaN,NaN
1611277200,0.46039561,0.47029659,0.46039561,0.47029659,743259.70037933,NaN,NaN,NaN,NaN,NaN,NaN,NaN
1611536400,0.46039561,0.4653461,0.44554413,0.45049463,2550555.40340798,NaN,NaN,NaN,NaN,NaN,NaN,NaN
1611622800,0.45544512,0.4653461,0.45049463,0.46039561,1645190.55027571,NaN,NaN,NaN,NaN,NaN,NaN,NaN
1611709200,0.46039561,0.4653461,0.45049463,0.45544512,1416829.33508918,NaN,NaN,NaN,NaN,NaN,NaN,NaN
1611882000,0.46039561,0.46039561,0.44554413,0.45544512,1347442.26970522,NaN,NaN,NaN,NaN,NaN,NaN,NaN
1612227600,0.45544512,0.45544512,0.44059364,0.44554413,5327048.01971833,NaN,NaN,NaN,NaN,NaN,NaN,NaN
1612314000,0.44554413,0.45049463,0.44059364,0.44554413,2988592.816174,NaN,NaN,NaN,NaN,NaN,NaN,NaN
1612400400,0.44554413,0.45544512,0.44059364,0.44554413,6477540.10383587,NaN,NaN,NaN,NaN,NaN,NaN,NaN
1612486800,0.44554413,0.44554413,0.43564315,0.44059364,2192308.06582875,NaN,NaN,NaN,NaN,NaN,NaN,NaN
1612746000,0.44059364,0.44554413,0.43564315,0.43564315,2071612.95209682,NaN,NaN,NaN,NaN,NaN,NaN,NaN
1612832400,0.43564315,0.44554413,0.43069266,0.44059364,4056870.82282058,NaN,NaN,NaN,NaN,NaN,NaN,NaN
1612918800,0.43564315,0.44059364,0.43564315,0.44059364,1328050.25143197,NaN,NaN,NaN,NaN,NaN,NaN,NaN
1613005200,0.44059364,0.44554413,0.44059364,0.44554413,802950.75662667,NaN,NaN,NaN,NaN,NaN,NaN,NaN
1613350800,0.44554413,0.45544512,0.44059364,0.44554413,3772656.55500329,NaN,NaN,NaN,NaN,NaN,NaN,NaN
1613437200,0.45049463,0.45544512,0.44554413,0.45049463,5935775.593327,NaN,NaN,NaN,NaN,NaN,NaN,NaN
1613523600,0.45544512,0.4653461,0.45049463,0.45544512,4252306.00698066,NaN,NaN,NaN,NaN,NaN,NaN,NaN
1613610000,0.46039561,0.48019757,0.45544512,0.46039561,8203530.73025011,NaN,NaN,NaN,NaN,NaN,NaN,NaN
1613696400,0.47029659,0.47029659,0.45544512,0.46039561,2200287.07334743,NaN,NaN,NaN,NaN,NaN,NaN,NaN
1613955600,0.46039561,0.47524708,0.46039561,0.4653461,4973143.68623155,NaN,NaN,NaN,NaN,NaN,NaN,NaN
1614042000,0.47029659,0.47524708,0.4653461,0.47524708,2026465.90955442,NaN,NaN,NaN,NaN,NaN,NaN,NaN
1614128400,0.47524708,0.48019757,0.46039561,0.46039561,8833670.3240355,NaN,NaN,NaN,NaN,NaN,NaN,NaN
1614214800,0.4653461,0.49009855,0.4653461,0.49009855,13562999.78051903,NaN,NaN,NaN,NaN,NaN,NaN,NaN
1614301200,0.50495002,0.52475198,0.49504904,0.514851,25259113.80185724,NaN,NaN,NaN,NaN,NaN,NaN,NaN
1614560400,0.51980149,0.52970247,0.49504904,0.49999953,14692584.84493572,NaN,NaN,NaN,NaN,NaN,NaN,NaN
1614646800,0.50495002,0.51980149,0.49504904,0.49999953,6330382.96516856,NaN,NaN,NaN,NaN,NaN,NaN,NaN
1614733200,0.49999953,0.50495002,0.48019757,0.49009855,6504406.12915193,NaN,NaN,NaN,NaN,NaN,NaN,NaN
1614819600,0.49009855,0.49009855,0.47524708,0.48019757,4471981.2139823,NaN,NaN,NaN,NaN,NaN,NaN,NaN
1614906000,0.48019757,0.514851,0.48019757,0.50495002,7614700.17539055,NaN,NaN,NaN,NaN,NaN,NaN,NaN
1615165200,0.514851,0.52970247,0.50495002,0.50495002,11466540.80500961,NaN,NaN,NaN,NaN,NaN,NaN,NaN
1615251600,0.50990051,0.51980149,0.50495002,0.51980149,6554502.17635782,NaN,NaN,NaN,NaN,NaN,NaN,NaN
1615338000,0.51980149,0.52970247,0.514851,0.52970247,8948406.43215222,NaN,NaN,NaN,NaN,NaN,NaN,NaN
1615424400,0.53465296,0.5643559,0.52970247,0.54950443,29115398.43566391,NaN,NaN,NaN,NaN,NaN,NaN,NaN
1615510800,0.55445492,0.56930639,0.53960345,0.55940541,17910043.87677212,NaN,NaN,NaN,NaN,NaN,NaN,NaN
1615770000,0.5643559,0.59900934,0.55940541,0.58910836,23836628.46143836,NaN,NaN,NaN,NaN,NaN,NaN,NaN
1615856400,0.58910836,0.59405885,0.56930639,0.57920737,12149200.44828504,NaN,NaN,NaN,NaN,NaN,NaN,NaN
1615942800,0.57920737,0.60395983,0.57920737,0.60395983,11632786.96166464,NaN,NaN,NaN,NaN,NaN,NaN,NaN
1616029200,0.55940541,0.57425688,0.54950443,0.55940541,28742102.08390389,NaN,NaN,NaN,NaN,NaN,NaN,NaN
1616115600,0.55940541,0.60891032,0.55940541,0.60395983,28116507.4944013,NaN,NaN,NaN,NaN,NaN,NaN,NaN
1616374800,0.60395983,0.62871228,0.58415787,0.58910836,25072566.6260724,NaN,NaN,NaN,NaN,NaN,NaN,NaN
1616461200,0.59900934,0.60395983,0.57425688,0.58415787,7882754.42798014,NaN,NaN,NaN,NaN,NaN,NaN,NaN
1616547600,0.58415787,0.59405885,0.57425688,0.57425688,4528642.26737445,NaN,NaN,NaN,NaN,NaN,NaN,NaN
1616634000,0.57425688,0.57425688,0.54950443,0.5643559,7987188.52638919,NaN,NaN,NaN,NaN,NaN,NaN,NaN
1616720400,0.5643559,0.58415787,0.5643559,0.58415787,5763570.43105675,NaN,NaN,NaN,NaN,NaN,NaN,NaN
1616979600,0.59405885,0.60395983,0.57920737,0.59900934,11961946.27183399,NaN,NaN,NaN,NaN,NaN,NaN,NaN
1617066000,0.59900934,0.60395983,0.57425688,0.57425688,9128792.60213149,NaN,NaN,NaN,NaN,NaN,NaN,NaN
1617152400,0.57920737,0.58415787,0.5643559,0.56930639,5133430.83727137,1417241552.47209,8597791000,5660972000,102687000,444285000,2984593000,0
1617238800,0.57920737,0.58910836,0.57425688,0.57425688,4659740.39090922,NaN,NaN,NaN,NaN,NaN,NaN,NaN
1617325200,0.58415787,0.58910836,0.56930639,0.56930639,1995054.87995556,NaN,NaN,NaN,NaN,NaN,NaN,NaN
1617584400,0.56930639,0.57920737,0.5643559,0.56930639,3583382.37664878,NaN,NaN,NaN,NaN,NaN,NaN,NaN
1617670800,0.5643559,0.57920737,0.5643559,0.56930639,2332900.1983098,NaN,NaN,NaN,NaN,NaN,NaN,NaN
1617757200,0.57425688,0.57920737,0.5643559,0.5643559,2512579.36762287,NaN,NaN,NaN,NaN,NaN,NaN,NaN
1617843600,0.56930639,0.56930639,0.55445492,0.55940541,4216046.97281349,NaN,NaN,NaN,NaN,NaN,NaN,NaN
1617930000,0.55940541,0.57425688,0.55445492,0.5643559,2331587.19707255,NaN,NaN,NaN,NaN,NaN,NaN,NaN
1618189200,0.5643559,0.56930639,0.55445492,0.55445492,4591969.32704802,NaN,NaN,NaN,NaN,NaN,NaN,NaN
1618275600,0.55940541,0.55940541,0.54950443,0.55445492,1787297.68418436,NaN,NaN,NaN,NaN,NaN,NaN,NaN
1618362000,0.55445492,0.5643559,0.54950443,0.5643559,1593579.50164222,NaN,NaN,NaN,NaN,NaN,NaN,NaN
1618448400,0.5643559,0.57425688,0.54950443,0.55445492,3227357.04116337,NaN,NaN,NaN,NaN,NaN,NaN,NaN
1618534800,0.55445492,0.55940541,0.54950443,0.55940541,1712961.61413691,NaN,NaN,NaN,NaN,NaN,NaN,NaN
1618794000,0.55940541,0.55940541,0.53465296,0.53465296,3180189.9967175,NaN,NaN,NaN,NaN,NaN,NaN,NaN
1618880400,0.53465296,0.54455394,0.53465296,0.53465296,2153827.02956778,NaN,NaN,NaN,NaN,NaN,NaN,NaN
1618966800,0.53465296,0.54455394,0.52970247,0.53465296,825170.77756477,NaN,NaN,NaN,NaN,NaN,NaN,NaN
1619053200,0.53465296,0.54455394,0.53465296,0.53465296,1683873.58672703,NaN,NaN,NaN,NaN,NaN,NaN,NaN
1619139600,0.53465296,0.53960345,0.52970247,0.53465296,1060197.99903273,NaN,NaN,NaN,NaN,NaN,NaN,NaN
1619398800,0.53465296,0.53465296,0.514851,0.52475198,3301895.11140116,NaN,NaN,NaN,NaN,NaN,NaN,NaN
1619485200,0.52475198,0.52970247,0.50495002,0.514851,2002427.8869032,NaN,NaN,NaN,NaN,NaN,NaN,NaN
1619571600,0.514851,0.52475198,0.50990051,0.51980149,1558330.46842679,NaN,NaN,NaN,NaN,NaN,NaN,NaN
1619744400,0.514851,0.53465296,0.514851,0.514851,1792347.68894301,NaN,NaN,NaN,NaN,NaN,NaN,NaN
1620003600,0.514851,0.51980149,0.49504904,0.50495002,5340279.03218601,NaN,NaN,NaN,NaN,NaN,NaN,NaN
1620090000,0.50495002,0.514851,0.49999953,0.50495002,1789317.68608782,NaN,NaN,NaN,NaN,NaN,NaN,NaN
1620176400,0.50495002,0.52475198,0.49504904,0.51980149,5822958.48701858,NaN,NaN,NaN,NaN,NaN,NaN,NaN
1620262800,0.51980149,0.52475198,0.50495002,0.51980149,2519952.37457051,NaN,NaN,NaN,NaN,NaN,NaN,NaN
1620349200,0.52475198,0.53465296,0.51980149,0.52475198,1628727.53476248,NaN,NaN,NaN,NaN,NaN,NaN,NaN
1620608400,0.52475198,0.53465296,0.51980149,0.51980149,2585703.43652824,NaN,NaN,NaN,NaN,NaN,NaN,NaN
1620694800,0.51980149,0.51980149,0.49999953,0.50990051,3220590.03478676,NaN,NaN,NaN,NaN,NaN,NaN,NaN
1620781200,0.514851,0.52475198,0.50990051,0.52475198,1711244.61251896,NaN,NaN,NaN,NaN,NaN,NaN,NaN
1621213200,0.51980149,0.51980149,0.49999953,0.50495002,2063734.94467331,NaN,NaN,NaN,NaN,NaN,NaN,NaN
1621299600,0.49504904,0.50990051,0.49504904,0.50990051,1791741.68837198,NaN,NaN,NaN,NaN,NaN,NaN,NaN
1621386000,0.50990051,0.50990051,0.49504904,0.50495002,1905366.79544179,NaN,NaN,NaN,NaN,NaN,NaN,NaN
1621472400,0.50495002,0.50495002,0.48019757,0.48514806,2275633.14434662,NaN,NaN,NaN,NaN,NaN,NaN,NaN
1621558800,0.48514806,0.48514806,0.46039561,0.48019757,2295934.16347642,NaN,NaN,NaN,NaN,NaN,NaN,NaN
1621818000,0.48019757,0.49009855,0.48019757,0.48514806,967580.91175894,NaN,NaN,NaN,NaN,NaN,NaN,NaN
1621904400,0.49009855,0.49504904,0.48514806,0.48514806,988386.93136461,NaN,NaN,NaN,NaN,NaN,NaN,NaN
1622077200,0.48514806,0.49009855,0.47524708,0.48019757,1313910.23810772,NaN,NaN,NaN,NaN,NaN,NaN,NaN
1622163600,0.48514806,0.49009855,0.47029659,0.47029659,12040221.34559319,NaN,NaN,NaN,NaN,NaN,NaN,NaN
1622422800,0.46039561,0.4653461,0.44554413,0.4653461,2855373.69064059,NaN,NaN,NaN,NaN,NaN,NaN,NaN
1622509200,0.4653461,0.47029659,0.46039561,0.4653461,5402192.09052716,NaN,NaN,NaN,NaN,NaN,NaN,NaN
1622595600,0.47029659,0.48514806,0.4653461,0.48514806,2480259.33716745,NaN,NaN,NaN,NaN,NaN,NaN,NaN
1622682000,0.48514806,0.49999953,0.48514806,0.49504904,2764675.60517509,NaN,NaN,NaN,NaN,NaN,NaN,NaN
1622768400,0.49999953,0.50495002,0.49009855,0.49504904,1723667.62422526,NaN,NaN,NaN,NaN,NaN,NaN,NaN
1623114000,0.50990051,0.55940541,0.50495002,0.53465296,22529586.22980241,NaN,NaN,NaN,NaN,NaN,NaN,NaN
1623200400,0.53960345,0.53960345,0.50990051,0.514851,4603685.33808811,NaN,NaN,NaN,NaN,NaN,NaN,NaN
1623286800,0.51980149,0.53465296,0.514851,0.52475198,3080098.90240089,NaN,NaN,NaN,NaN,NaN,NaN,NaN
1623373200,0.52475198,0.54950443,0.514851,0.53465296,14350295.52239386,NaN,NaN,NaN,NaN,NaN,NaN,NaN
1623632400,0.53960345,0.54950443,0.53465296,0.54455394,6457744.08518193,NaN,NaN,NaN,NaN,NaN,NaN,NaN
1623718800,0.54455394,0.54950443,0.53465296,0.53465296,4536520.27479795,NaN,NaN,NaN,NaN,NaN,NaN,NaN
1623805200,0.53960345,0.54455394,0.52970247,0.53465296,2681047.52637171,NaN,NaN,NaN,NaN,NaN,NaN,NaN
1623891600,0.52970247,0.54950443,0.52475198,0.54455394,6381994.01380205,NaN,NaN,NaN,NaN,NaN,NaN,NaN
1623978000,0.54455394,0.54455394,0.53960345,0.54455394,2552171.40493075,NaN,NaN,NaN,NaN,NaN,NaN,NaN
1624237200,0.53960345,0.54950443,0.53465296,0.54455394,4477334.21902648,NaN,NaN,NaN,NaN,NaN,NaN,NaN
1624323600,0.54455394,0.54950443,0.53960345,0.54455394,4277758.0309643,NaN,NaN,NaN,NaN,NaN,NaN,NaN
1624410000,0.54950443,0.57920737,0.54950443,0.5643559,18367978.30828726,NaN,NaN,NaN,NaN,NaN,NaN,NaN
1624496400,0.56930639,0.57425688,0.52475198,0.54455394,10552590.94378762,NaN,NaN,NaN,NaN,NaN,NaN,NaN
1624582800,0.53960345,0.54950443,0.52970247,0.52970247,4205037.96243962,NaN,NaN,NaN,NaN,NaN,NaN,NaN
1624842000,0.52970247,0.52970247,0.50990051,0.514851,3593684.38635644,NaN,NaN,NaN,NaN,NaN,NaN,NaN
1624928400,0.52,0.52,0.5,0.51,1987100,NaN,NaN,NaN,NaN,NaN,NaN,NaN
1625014800,0.505,0.52,0.505,0.515,1410300,1417241562.73,8624748000,5674222000,58167000,435620000,2999488000,0
1625101200,0.515,0.525,0.515,0.525,1949800,NaN,NaN,NaN,NaN,NaN,NaN,NaN
1625187600,0.52,0.52,0.51,0.515,641100,NaN,NaN,NaN,NaN,NaN,NaN,NaN
1625446800,0.515,0.515,0.495,0.495,3166300,NaN,NaN,NaN,NaN,NaN,NaN,NaN
1625533200,0.495,0.525,0.495,0.52,3928800,NaN,NaN,NaN,NaN,NaN,NaN,NaN
1625619600,0.52,0.54,0.51,0.525,2956300,NaN,NaN,NaN,NaN,NaN,NaN,NaN
1625706000,0.52,0.525,0.495,0.51,6431800,NaN,NaN,NaN,NaN,NaN,NaN,NaN
1625792400,0.525,0.53,0.515,0.52,5704300,NaN,NaN,NaN,NaN,NaN,NaN,NaN
1626051600,0.525,0.535,0.515,0.515,3185400,NaN,NaN,NaN,NaN,NaN,NaN,NaN
1626138000,0.515,0.52,0.505,0.515,1658500,NaN,NaN,NaN,NaN,NaN,NaN,NaN
1626224400,0.55,0.585,0.54,0.55,42716200,NaN,NaN,NaN,NaN,NaN,NaN,NaN
1626310800,0.56,0.575,0.54,0.545,12671700,NaN,NaN,NaN,NaN,NaN,NaN,NaN
1626397200,0.55,0.58,0.55,0.575,17043500,NaN,NaN,NaN,NaN,NaN,NaN,NaN
1626656400,0.58,0.585,0.57,0.575,5675300,NaN,NaN,NaN,NaN,NaN,NaN,NaN
1626829200,0.58,0.58,0.56,0.56,5928400,NaN,NaN,NaN,NaN,NaN,NaN,NaN
1626915600,0.56,0.57,0.55,0.555,3445200,NaN,NaN,NaN,NaN,NaN,NaN,NaN
1627002000,0.55,0.565,0.55,0.56,2819000,NaN,NaN,NaN,NaN,NaN,NaN,NaN
1627261200,0.565,0.565,0.545,0.55,1996600,NaN,NaN,NaN,NaN,NaN,NaN,NaN
1627347600,0.55,0.55,0.54,0.545,2668200,NaN,NaN,NaN,NaN,NaN,NaN,NaN
1627434000,0.545,0.545,0.535,0.535,1357200,NaN,NaN,NaN,NaN,NaN,NaN,NaN
1627520400,0.535,0.545,0.525,0.525,1927100,NaN,NaN,NaN,NaN,NaN,NaN,NaN
1627606800,0.525,0.53,0.515,0.52,1744600,NaN,NaN,NaN,NaN,NaN,NaN,NaN
1627866000,0.515,0.525,0.505,0.515,2017300,NaN,NaN,NaN,NaN,NaN,NaN,NaN
1627952400,0.52,0.52,0.505,0.51,1074800,NaN,NaN,NaN,NaN,NaN,NaN,NaN
1628038800,0.51,0.515,0.505,0.515,1383800,NaN,NaN,NaN,NaN,NaN,NaN,NaN
1628125200,0.515,0.52,0.51,0.515,747100,NaN,NaN,NaN,NaN,NaN,NaN,NaN
1628211600,0.51,0.515,0.505,0.51,1642300,NaN,NaN,NaN,NaN,NaN,NaN,NaN
1628470800,0.51,0.515,0.505,0.51,1178000,NaN,NaN,NaN,NaN,NaN,NaN,NaN
1628643600,0.515,0.525,0.51,0.51,3026500,NaN,NaN,NaN,NaN,NaN,NaN,NaN
1628730000,0.515,0.52,0.51,0.515,799800,NaN,NaN,NaN,NaN,NaN,NaN,NaN
1628816400,0.515,0.515,0.505,0.51,891500,NaN,NaN,NaN,NaN,NaN,NaN,NaN
1629075600,0.51,0.515,0.505,0.515,2306400,NaN,NaN,NaN,NaN,NaN,NaN,NaN
1629162000,0.52,0.53,0.515,0.52,3064500,NaN,NaN,NaN,NaN,NaN,NaN,NaN
1629248400,0.52,0.535,0.52,0.53,5477700,NaN,NaN,NaN,NaN,NaN,NaN,NaN
1629334800,0.53,0.535,0.525,0.525,1788700,NaN,NaN,NaN,NaN,NaN,NaN,NaN
1629421200,0.53,0.545,0.53,0.54,3364100,NaN,NaN,NaN,NaN,NaN,NaN,NaN
1629680400,0.545,0.545,0.525,0.53,3904600,NaN,NaN,NaN,NaN,NaN,NaN,NaN
1629766800,0.535,0.545,0.53,0.54,2437300,NaN,NaN,NaN,NaN,NaN,NaN,NaN
1629853200,0.545,0.55,0.54,0.545,1243100,NaN,NaN,NaN,NaN,NaN,NaN,NaN
1629939600,0.545,0.555,0.54,0.55,2785000,NaN,NaN,NaN,NaN,NaN,NaN,NaN
1630026000,0.545,0.56,0.54,0.55,3434300,NaN,NaN,NaN,NaN,NaN,NaN,NaN
1630285200,0.555,0.555,0.54,0.54,1065900,NaN,NaN,NaN,NaN,NaN,NaN,NaN
1630458000,0.545,0.55,0.535,0.54,2435500,NaN,NaN,NaN,NaN,NaN,NaN,NaN
1630544400,0.54,0.55,0.535,0.545,1769600,NaN,NaN,NaN,NaN,NaN,NaN,NaN
1630630800,0.545,0.55,0.54,0.545,1274300,NaN,NaN,NaN,NaN,NaN,NaN,NaN
1630890000,0.545,0.56,0.54,0.56,3670000,NaN,NaN,NaN,NaN,NaN,NaN,NaN
1630976400,0.565,0.59,0.565,0.585,22601400,NaN,NaN,NaN,NaN,NaN,NaN,NaN
1631062800,0.58,0.59,0.57,0.58,8785900,NaN,NaN,NaN,NaN,NaN,NaN,NaN
1631149200,0.58,0.58,0.565,0.575,4637000,NaN,NaN,NaN,NaN,NaN,NaN,NaN
1631235600,0.575,0.575,0.56,0.57,2763300,NaN,NaN,NaN,NaN,NaN,NaN,NaN
1631494800,0.57,0.58,0.565,0.57,2055300,NaN,NaN,NaN,NaN,NaN,NaN,NaN
1631581200,0.575,0.58,0.57,0.575,3123200,NaN,NaN,NaN,NaN,NaN,NaN,NaN
1631667600,0.575,0.59,0.575,0.59,6210500,NaN,NaN,NaN,NaN,NaN,NaN,NaN
1631840400,0.59,0.59,0.57,0.575,4680700,NaN,NaN,NaN,NaN,NaN,NaN,NaN
1632099600,0.575,0.575,0.56,0.56,5155900,NaN,NaN,NaN,NaN,NaN,NaN,NaN
1632186000,0.555,0.555,0.54,0.545,4932900,NaN,NaN,NaN,NaN,NaN,NaN,NaN
1632272400,0.545,0.56,0.545,0.555,1327800,NaN,NaN,NaN,NaN,NaN,NaN,NaN
1632358800,0.56,0.58,0.555,0.58,4247600,NaN,NaN,NaN,NaN,NaN,NaN,NaN
1632445200,0.575,0.58,0.57,0.575,2092500,NaN,NaN,NaN,NaN,NaN,NaN,NaN
1632704400,0.575,0.62,0.565,0.615,13192800,NaN,NaN,NaN,NaN,NaN,NaN,NaN
1632790800,0.615,0.62,0.59,0.595,5834500,NaN,NaN,NaN,NaN,NaN,NaN,NaN
1632877200,0.595,0.63,0.59,0.625,12776200,NaN,NaN,NaN,NaN,NaN,NaN,NaN
1632963600,0.63,0.63,0.61,0.62,7101000,1417241562.73,8500171000,5617518000,-8997000,451716000,2933014000,0
1633050000,0.615,0.665,0.6,0.65,19473200,NaN,NaN,NaN,NaN,NaN,NaN,NaN
1633309200,0.66,0.67,0.63,0.635,12133700,NaN,NaN,NaN,NaN,NaN,NaN,NaN
1633395600,0.64,0.65,0.615,0.645,8996300,NaN,NaN,NaN,NaN,NaN,NaN,NaN
1633482000,0.65,0.65,0.615,0.62,5867200,NaN,NaN,NaN,NaN,NaN,NaN,NaN
1633568400,0.62,0.635,0.605,0.635,5892200,NaN,NaN,NaN,NaN,NaN,NaN,NaN
1633654800,0.635,0.645,0.625,0.635,3406900,NaN,NaN,NaN,NaN,NaN,NaN,NaN
1633914000,0.635,0.65,0.635,0.64,3202600,NaN,NaN,NaN,NaN,NaN,NaN,NaN
1634000400,0.64,0.665,0.64,0.65,7001000,NaN,NaN,NaN,NaN,NaN,NaN,NaN
1634086800,0.655,0.7,0.655,0.69,21329200,NaN,NaN,NaN,NaN,NaN,NaN,NaN
1634173200,0.69,0.695,0.66,0.68,9017700,NaN,NaN,NaN,NaN,NaN,NaN,NaN
1634259600,0.685,0.71,0.675,0.685,9835600,NaN,NaN,NaN,NaN,NaN,NaN,NaN
1634518800,0.69,0.705,0.68,0.69,6852900,NaN,NaN,NaN,NaN,NaN,NaN,NaN
1634691600,0.695,0.695,0.65,0.66,11046100,NaN,NaN,NaN,NaN,NaN,NaN,NaN
1634778000,0.66,0.665,0.65,0.655,2483400,NaN,NaN,NaN,NaN,NaN,NaN,NaN
1634864400,0.655,0.66,0.65,0.66,1787200,NaN,NaN,NaN,NaN,NaN,NaN,NaN
1635123600,0.665,0.67,0.62,0.625,14916800,NaN,NaN,NaN,NaN,NaN,NaN,NaN
1635210000,0.625,0.64,0.61,0.62,8694200,NaN,NaN,NaN,NaN,NaN,NaN,NaN
1635296400,0.62,0.635,0.615,0.63,4663100,NaN,NaN,NaN,NaN,NaN,NaN,NaN
1635382800,0.63,0.635,0.605,0.625,9528500,NaN,NaN,NaN,NaN,NaN,NaN,NaN
1635469200,0.63,0.63,0.62,0.62,2311400,NaN,NaN,NaN,NaN,NaN,NaN,NaN
1635728400,0.605,0.62,0.595,0.595,6637800,NaN,NaN,NaN,NaN,NaN,NaN,NaN
1635814800,0.595,0.615,0.595,0.615,3762200,NaN,NaN,NaN,NaN,NaN,NaN,NaN
1635901200,0.62,0.62,0.595,0.6,2165400,NaN,NaN,NaN,NaN,NaN,NaN,NaN
1636074000,0.595,0.605,0.595,0.595,2055700,NaN,NaN,NaN,NaN,NaN,NaN,NaN
1636333200,0.595,0.61,0.595,0.61,2444300,NaN,NaN,NaN,NaN,NaN,NaN,NaN
1636419600,0.61,0.615,0.595,0.6,2035300,NaN,NaN,NaN,NaN,NaN,NaN,NaN
1636506000,0.6,0.605,0.595,0.595,1636400,NaN,NaN,NaN,NaN,NaN,NaN,NaN
1636592400,0.595,0.6,0.59,0.59,1408200,NaN,NaN,NaN,NaN,NaN,NaN,NaN
1636678800,0.59,0.605,0.59,0.595,2285900,NaN,NaN,NaN,NaN,NaN,NaN,NaN
1636938000,0.595,0.615,0.595,0.615,1191500,NaN,NaN,NaN,NaN,NaN,NaN,NaN
1637024400,0.615,0.62,0.605,0.61,1911300,NaN,NaN,NaN,NaN,NaN,NaN,NaN
1637110800,0.61,0.61,0.595,0.595,1559500,NaN,NaN,NaN,NaN,NaN,NaN,NaN
1637197200,0.595,0.595,0.59,0.595,1097000,NaN,NaN,NaN,NaN,NaN,NaN,NaN
1637283600,0.59,0.595,0.585,0.595,1261500,NaN,NaN,NaN,NaN,NaN,NaN,NaN
1637542800,0.59,0.595,0.58,0.59,1369300,NaN,NaN,NaN,NaN,NaN,NaN,NaN
1637629200,0.585,0.595,0.58,0.595,1549200,NaN,NaN,NaN,NaN,NaN,NaN,NaN
1637715600,0.595,0.6,0.58,0.585,519300,NaN,NaN,NaN,NaN,NaN,NaN,NaN
1637802000,0.58,0.59,0.555,0.565,2351100,NaN,NaN,NaN,NaN,NaN,NaN,NaN
1637888400,0.545,0.565,0.525,0.565,6221800,NaN,NaN,NaN,NaN,NaN,NaN,NaN
1638147600,0.535,0.565,0.525,0.565,4040800,NaN,NaN,NaN,NaN,NaN,NaN,NaN
1638234000,0.545,0.55,0.53,0.54,4466500,NaN,NaN,NaN,NaN,NaN,NaN,NaN
1638320400,0.54,0.54,0.515,0.53,3674200,NaN,NaN,NaN,NaN,NaN,NaN,NaN
1638406800,0.525,0.53,0.51,0.52,2629700,NaN,NaN,NaN,NaN,NaN,NaN,NaN
1638752400,0.52,0.525,0.51,0.52,1395700,NaN,NaN,NaN,NaN,NaN,NaN,NaN
1638838800,0.52,0.53,0.52,0.525,1718200,NaN,NaN,NaN,NaN,NaN,NaN,NaN
1638925200,0.525,0.535,0.5,0.5,5364400,NaN,NaN,NaN,NaN,NaN,NaN,NaN
1639011600,0.5,0.515,0.5,0.505,3474700,NaN,NaN,NaN,NaN,NaN,NaN,NaN
1639098000,0.505,0.51,0.5,0.51,951400,NaN,NaN,NaN,NaN,NaN,NaN,NaN
1639357200,0.51,0.52,0.505,0.52,1037300,NaN,NaN,NaN,NaN,NaN,NaN,NaN
1639443600,0.515,0.515,0.51,0.515,387100,NaN,NaN,NaN,NaN,NaN,NaN,NaN
1639530000,0.51,0.52,0.51,0.52,405100,NaN,NaN,NaN,NaN,NaN,NaN,NaN
1639616400,0.52,0.53,0.52,0.525,742400,NaN,NaN,NaN,NaN,NaN,NaN,NaN
1639702800,0.525,0.525,0.515,0.52,334200,NaN,NaN,NaN,NaN,NaN,NaN,NaN
1639962000,0.52,0.52,0.505,0.51,1158700,NaN,NaN,NaN,NaN,NaN,NaN,NaN
1640048400,0.51,0.515,0.505,0.515,344200,NaN,NaN,NaN,NaN,NaN,NaN,NaN
1640134800,0.51,0.515,0.505,0.51,830800,NaN,NaN,NaN,NaN,NaN,NaN,NaN
1640221200,0.51,0.52,0.51,0.52,638400,NaN,NaN,NaN,NaN,NaN,NaN,NaN
1640307600,0.52,0.525,0.515,0.525,535000,NaN,NaN,NaN,NaN,NaN,NaN,NaN
1640566800,0.525,0.53,0.515,0.525,773600,NaN,NaN,NaN,NaN,NaN,NaN,NaN
1640653200,0.52,0.54,0.52,0.53,815100,NaN,NaN,NaN,NaN,NaN,NaN,NaN
1640739600,0.53,0.53,0.52,0.525,712100,NaN,NaN,NaN,NaN,NaN,NaN,NaN
1640826000,0.525,0.525,0.515,0.52,905000,NaN,NaN,NaN,NaN,NaN,NaN,NaN
1640912400,0.515,0.52,0.51,0.51,640400,1417235000,8228969999.999999,5286513000,-192309000,368047000,2989756000,0.980392156862745
1641171600,0.51,0.515,0.51,0.51,611600,NaN,NaN,NaN,NaN,NaN,NaN,NaN
1641258000,0.515,0.525,0.515,0.525,705600,NaN,NaN,NaN,NaN,NaN,NaN,NaN
1641344400,0.525,0.535,0.52,0.535,1681800,NaN,NaN,NaN,NaN,NaN,NaN,NaN
1641430800,0.53,0.535,0.52,0.525,535300,NaN,NaN,NaN,NaN,NaN,NaN,NaN
1641517200,0.525,0.535,0.52,0.535,539400,NaN,NaN,NaN,NaN,NaN,NaN,NaN
1641776400,0.53,0.535,0.53,0.53,422300,NaN,NaN,NaN,NaN,NaN,NaN,NaN
1641862800,0.53,0.535,0.515,0.515,4721900,NaN,NaN,NaN,NaN,NaN,NaN,NaN
1641949200,0.52,0.53,0.52,0.53,1375800,NaN,NaN,NaN,NaN,NaN,NaN,NaN
1642035600,0.53,0.53,0.52,0.525,655100,NaN,NaN,NaN,NaN,NaN,NaN,NaN
1642122000,0.52,0.525,0.515,0.525,709100,NaN,NaN,NaN,NaN,NaN,NaN,NaN
1642381200,0.525,0.525,0.515,0.525,677700,NaN,NaN,NaN,NaN,NaN,NaN,NaN
1642554000,0.52,0.525,0.505,0.505,2688700,NaN,NaN,NaN,NaN,NaN,NaN,NaN
1642640400,0.51,0.515,0.5,0.515,609600,NaN,NaN,NaN,NaN,NaN,NaN,NaN
1642726800,0.51,0.515,0.505,0.515,240000,NaN,NaN,NaN,NaN,NaN,NaN,NaN
1642986000,0.51,0.51,0.505,0.51,280300,NaN,NaN,NaN,NaN,NaN,NaN,NaN
1643072400,0.505,0.51,0.5,0.51,1084000,NaN,NaN,NaN,NaN,NaN,NaN,NaN
1643158800,0.51,0.515,0.505,0.51,177300,NaN,NaN,NaN,NaN,NaN,NaN,NaN
1643245200,0.51,0.51,0.5,0.51,371300,NaN,NaN,NaN,NaN,NaN,NaN,NaN
1643331600,0.51,0.51,0.5,0.51,1004700,NaN,NaN,NaN,NaN,NaN,NaN,NaN
1643590800,0.505,0.51,0.5,0.51,233800,NaN,NaN,NaN,NaN,NaN,NaN,NaN
1643850000,0.505,0.51,0.505,0.51,245100,NaN,NaN,NaN,NaN,NaN,NaN,NaN
1643936400,0.505,0.515,0.505,0.51,542900,NaN,NaN,NaN,NaN,NaN,NaN,NaN
1644195600,0.51,0.515,0.495,0.5,2460100,NaN,NaN,NaN,NaN,NaN,NaN,NaN
1644282000,0.495,0.51,0.495,0.51,1209200,NaN,NaN,NaN,NaN,NaN,NaN,NaN
1644368400,0.515,0.515,0.505,0.51,1544800,NaN,NaN,NaN,NaN,NaN,NaN,NaN
1644454800,0.51,0.515,0.5,0.505,1192300,NaN,NaN,NaN,NaN,NaN,NaN,NaN
1644541200,0.505,0.515,0.5,0.505,859800,NaN,NaN,NaN,NaN,NaN,NaN,NaN
1644800400,0.5,0.505,0.495,0.505,1771200,NaN,NaN,NaN,NaN,NaN,NaN,NaN
1644886800,0.505,0.505,0.5,0.505,870400,NaN,NaN,NaN,NaN,NaN,NaN,NaN
1644973200,0.505,0.505,0.5,0.5,670600,NaN,NaN,NaN,NaN,NaN,NaN,NaN
1645059600,0.5,0.515,0.5,0.51,2047200,NaN,NaN,NaN,NaN,NaN,NaN,NaN
1645146000,0.51,0.52,0.505,0.515,1060300,NaN,NaN,NaN,NaN,NaN,NaN,NaN
1645405200,0.515,0.525,0.515,0.52,2167500,NaN,NaN,NaN,NaN,NaN,NaN,NaN
1645491600,0.525,0.525,0.505,0.51,1710800,NaN,NaN,NaN,NaN,NaN,NaN,NaN
1645578000,0.51,0.515,0.51,0.515,531300,NaN,NaN,NaN,NaN,NaN,NaN,NaN
1645664400,0.51,0.515,0.48,0.5,4492100,NaN,NaN,NaN,NaN,NaN,NaN,NaN
1645750800,0.505,0.515,0.505,0.51,1548300,NaN,NaN,NaN,NaN,NaN,NaN,NaN
1646010000,0.51,0.515,0.505,0.515,875800,NaN,NaN,NaN,NaN,NaN,NaN,NaN
1646096400,0.51,0.515,0.5,0.505,1389000,NaN,NaN,NaN,NaN,NaN,NaN,NaN
1646182800,0.505,0.505,0.495,0.5,1535400,NaN,NaN,NaN,NaN,NaN,NaN,NaN
1646269200,0.5,0.505,0.49,0.495,2049200,NaN,NaN,NaN,NaN,NaN,NaN,NaN
1646355600,0.49,0.495,0.48,0.485,1847600,NaN,NaN,NaN,NaN,NaN,NaN,NaN
1646614800,0.48,0.485,0.46,0.46,2397000,NaN,NaN,NaN,NaN,NaN,NaN,NaN
1646701200,0.455,0.475,0.45,0.47,1260400,NaN,NaN,NaN,NaN,NaN,NaN,NaN
1646787600,0.475,0.485,0.465,0.485,504800,NaN,NaN,NaN,NaN,NaN,NaN,NaN
1646874000,0.49,0.5,0.47,0.5,715800,NaN,NaN,NaN,NaN,NaN,NaN,NaN
1646960400,0.5,0.5,0.485,0.49,987300,NaN,NaN,NaN,NaN,NaN,NaN,NaN
1647219600,0.49,0.5,0.485,0.495,435200,NaN,NaN,NaN,NaN,NaN,NaN,NaN
1647306000,0.495,0.495,0.48,0.495,307700,NaN,NaN,NaN,NaN,NaN,NaN,NaN
1647392400,0.495,0.51,0.485,0.505,2095500,NaN,NaN,NaN,NaN,NaN,NaN,NaN
1647478800,0.51,0.525,0.51,0.515,2485900,NaN,NaN,NaN,NaN,NaN,NaN,NaN
1647565200,0.515,0.525,0.515,0.52,1824300,NaN,NaN,NaN,NaN,NaN,NaN,NaN
1647824400,0.52,0.525,0.515,0.52,435200,NaN,NaN,NaN,NaN,NaN,NaN,NaN
1647910800,0.515,0.52,0.51,0.52,833400,NaN,NaN,NaN,NaN,NaN,NaN,NaN
1647997200,0.52,0.53,0.515,0.52,2098300,NaN,NaN,NaN,NaN,NaN,NaN,NaN
1648083600,0.52,0.525,0.515,0.52,722000,NaN,NaN,NaN,NaN,NaN,NaN,NaN
1648170000,0.525,0.56,0.52,0.555,8637300,NaN,NaN,NaN,NaN,NaN,NaN,NaN
1648429200,0.56,0.57,0.55,0.555,3099200,NaN,NaN,NaN,NaN,NaN,NaN,NaN
1648515600,0.56,0.57,0.555,0.57,3819800,NaN,NaN,NaN,NaN,NaN,NaN,NaN
1648602000,0.575,0.575,0.56,0.57,2478200,NaN,NaN,NaN,NaN,NaN,NaN,NaN
1648688400,0.565,0.585,0.56,0.58,4117500,1417235529,8379940000.000001,5404916000,88088000,604723000,3023464000,0.862068965517242
1648774800,0.575,0.59,0.57,0.59,4724000,NaN,NaN,NaN,NaN,NaN,NaN,NaN
1649034000,0.595,0.61,0.59,0.6,6106000,NaN,NaN,NaN,NaN,NaN,NaN,NaN
1649120400,0.6,0.6,0.58,0.58,1968100,NaN,NaN,NaN,NaN,NaN,NaN,NaN
1649206800,0.58,0.585,0.575,0.585,1574100,NaN,NaN,NaN,NaN,NaN,NaN,NaN
1649293200,0.585,0.585,0.565,0.57,1827600,NaN,NaN,NaN,NaN,NaN,NaN,NaN
1649379600,0.575,0.595,0.57,0.595,1688800,NaN,NaN,NaN,NaN,NaN,NaN,NaN
1649638800,0.595,0.595,0.575,0.58,1018800,NaN,NaN,NaN,NaN,NaN,NaN,NaN
1649725200,0.575,0.59,0.57,0.58,1429600,NaN,NaN,NaN,NaN,NaN,NaN,NaN
1649811600,0.58,0.595,0.58,0.585,1622900,NaN,NaN,NaN,NaN,NaN,NaN,NaN
1649898000,0.595,0.6,0.58,0.595,2128700,NaN,NaN,NaN,NaN,NaN,NaN,NaN
1649984400,0.595,0.61,0.58,0.58,5537200,NaN,NaN,NaN,NaN,NaN,NaN,NaN
1650243600,0.585,0.59,0.565,0.57,1699300,NaN,NaN,NaN,NaN,NaN,NaN,NaN
1650416400,0.58,0.58,0.56,0.57,1351500,NaN,NaN,NaN,NaN,NaN,NaN,NaN
1650502800,0.575,0.585,0.565,0.57,1846400,NaN,NaN,NaN,NaN,NaN,NaN,NaN
1650589200,0.565,0.57,0.55,0.555,2631100,NaN,NaN,NaN,NaN,NaN,NaN,NaN
1650848400,0.55,0.555,0.54,0.54,1642200,NaN,NaN,NaN,NaN,NaN,NaN,NaN
1650934800,0.54,0.555,0.54,0.545,897900,NaN,NaN,NaN,NaN,NaN,NaN,NaN
1651021200,0.545,0.55,0.535,0.545,1542600,NaN,NaN,NaN,NaN,NaN,NaN,NaN
1651107600,0.55,0.555,0.535,0.54,2099500,NaN,NaN,NaN,NaN,NaN,NaN,NaN
1651194000,0.54,0.55,0.54,0.545,401000,NaN,NaN,NaN,NaN,NaN,NaN,NaN
1651712400,0.545,0.555,0.53,0.53,1256900,NaN,NaN,NaN,NaN,NaN,NaN,NaN
1651798800,0.525,0.53,0.52,0.525,808100,NaN,NaN,NaN,NaN,NaN,NaN,NaN
1652058000,0.525,0.525,0.5,0.505,3766300,NaN,NaN,NaN,NaN,NaN,NaN,NaN
1652144400,0.505,0.52,0.505,0.52,760300,NaN,NaN,NaN,NaN,NaN,NaN,NaN
1652230800,0.52,0.525,0.515,0.515,335100,NaN,NaN,NaN,NaN,NaN,NaN,NaN
1652317200,0.515,0.52,0.5,0.505,1073800,NaN,NaN,NaN,NaN,NaN,NaN,NaN
1652403600,0.515,0.515,0.505,0.51,753000,NaN,NaN,NaN,NaN,NaN,NaN,NaN
1652749200,0.51,0.52,0.505,0.515,650500,NaN,NaN,NaN,NaN,NaN,NaN,NaN
1652835600,0.52,0.525,0.52,0.525,143500,NaN,NaN,NaN,NaN,NaN,NaN,NaN
1652922000,0.515,0.525,0.515,0.525,603700,NaN,NaN,NaN,NaN,NaN,NaN,NaN
1653008400,0.52,0.53,0.52,0.53,1272100,NaN,NaN,NaN,NaN,NaN,NaN,NaN
1653267600,0.53,0.535,0.515,0.52,1494300,NaN,NaN,NaN,NaN,NaN,NaN,NaN
1653354000,0.52,0.52,0.51,0.51,1408100,NaN,NaN,NaN,NaN,NaN,NaN,NaN
1653440400,0.51,0.515,0.505,0.51,137400,NaN,NaN,NaN,NaN,NaN,NaN,NaN
1653526800,0.51,0.515,0.505,0.515,386600,NaN,NaN,NaN,NaN,NaN,NaN,NaN
1653613200,0.515,0.515,0.5,0.51,1971200,NaN,NaN,NaN,NaN,NaN,NaN,NaN
1653872400,0.51,0.51,0.495,0.505,1929200,NaN,NaN,NaN,NaN,NaN,NaN,NaN
1653958800,0.505,0.51,0.5,0.505,1021200,NaN,NaN,NaN,NaN,NaN,NaN,NaN
1654045200,0.51,0.51,0.5,0.51,246600,NaN,NaN,NaN,NaN,NaN,NaN,NaN
1654131600,0.51,0.535,0.51,0.53,1904600,NaN,NaN,NaN,NaN,NaN,NaN,NaN
1654218000,0.535,0.535,0.525,0.525,1009300,NaN,NaN,NaN,NaN,NaN,NaN,NaN
1654563600,0.53,0.53,0.505,0.505,1009800,NaN,NaN,NaN,NaN,NaN,NaN,NaN
1654650000,0.505,0.515,0.505,0.515,348900,NaN,NaN,NaN,NaN,NaN,NaN,NaN
1654736400,0.505,0.51,0.5,0.505,1670300,NaN,NaN,NaN,NaN,NaN,NaN,NaN
1654822800,0.505,0.505,0.495,0.495,1391600,NaN,NaN,NaN,NaN,NaN,NaN,NaN
1655082000,0.49,0.495,0.48,0.48,1202600,NaN,NaN,NaN,NaN,NaN,NaN,NaN
1655168400,0.48,0.49,0.46,0.485,3122600,NaN,NaN,NaN,NaN,NaN,NaN,NaN
1655254800,0.49,0.49,0.47,0.475,768300,NaN,NaN,NaN,NaN,NaN,NaN,NaN
1655341200,0.48,0.485,0.455,0.455,4594500,NaN,NaN,NaN,NaN,NaN,NaN,NaN
1655427600,0.45,0.45,0.44,0.44,2184500,NaN,NaN,NaN,NaN,NaN,NaN,NaN
1655686800,0.445,0.45,0.415,0.42,3331600,NaN,NaN,NaN,NaN,NaN,NaN,NaN
1655773200,0.425,0.44,0.42,0.435,1283000,NaN,NaN,NaN,NaN,NaN,NaN,NaN
1655859600,0.44,0.44,0.43,0.44,605700,NaN,NaN,NaN,NaN,NaN,NaN,NaN
1655946000,0.44,0.44,0.435,0.435,193200,NaN,NaN,NaN,NaN,NaN,NaN,NaN
1656032400,0.435,0.445,0.425,0.445,1314700,NaN,NaN,NaN,NaN,NaN,NaN,NaN
1656291600,0.445,0.455,0.44,0.455,532400,NaN,NaN,NaN,NaN,NaN,NaN,NaN
1656378000,0.455,0.455,0.44,0.45,492800,NaN,NaN,NaN,NaN,NaN,NaN,NaN
1656464400,0.44,0.445,0.44,0.445,234600,NaN,NaN,NaN,NaN,NaN,NaN,NaN
1656550800,0.45,0.45,0.435,0.45,174800,1417235529,8135029000,5084274000,16978000,561174000,3099675000,1.11111111111111
1656637200,0.445,0.445,0.435,0.44,150200,NaN,NaN,NaN,NaN,NaN,NaN,NaN
1656896400,0.44,0.44,0.43,0.435,128100,NaN,NaN,NaN,NaN,NaN,NaN,NaN
1656982800,0.44,0.44,0.43,0.44,202000,NaN,NaN,NaN,NaN,NaN,NaN,NaN
1657069200,0.435,0.44,0.43,0.435,301100,NaN,NaN,NaN,NaN,NaN,NaN,NaN
1657155600,0.435,0.44,0.43,0.44,304000,NaN,NaN,NaN,NaN,NaN,NaN,NaN
1657242000,0.435,0.44,0.435,0.435,215800,NaN,NaN,NaN,NaN,NaN,NaN,NaN
1657587600,0.435,0.435,0.43,0.435,401700,NaN,NaN,NaN,NaN,NaN,NaN,NaN
1657674000,0.425,0.43,0.42,0.43,1108700,NaN,NaN,NaN,NaN,NaN,NaN,NaN
1657760400,0.435,0.435,0.42,0.425,330800,NaN,NaN,NaN,NaN,NaN,NaN,NaN
1657846800,0.43,0.43,0.42,0.43,238200,NaN,NaN,NaN,NaN,NaN,NaN,NaN
1658106000,0.435,0.44,0.425,0.44,240100,NaN,NaN,NaN,NaN,NaN,NaN,NaN
1658192400,0.44,0.44,0.425,0.435,106200,NaN,NaN,NaN,NaN,NaN,NaN,NaN
1658278800,0.435,0.445,0.435,0.445,459700,NaN,NaN,NaN,NaN,NaN,NaN,NaN
1658365200,0.45,0.45,0.435,0.45,305800,NaN,NaN,NaN,NaN,NaN,NaN,NaN
1658451600,0.45,0.45,0.435,0.445,343600,NaN,NaN,NaN,NaN,NaN,NaN,NaN
1658710800,0.445,0.445,0.435,0.435,188900,NaN,NaN,NaN,NaN,NaN,NaN,NaN
1658797200,0.435,0.44,0.43,0.435,499800,NaN,NaN,NaN,NaN,NaN,NaN,NaN
1658883600,0.435,0.44,0.43,0.435,1068800,NaN,NaN,NaN,NaN,NaN,NaN,NaN
1658970000,0.435,0.445,0.43,0.44,977400,NaN,NaN,NaN,NaN,NaN,NaN,NaN
1659056400,0.44,0.45,0.435,0.435,1252900,NaN,NaN,NaN,NaN,NaN,NaN,NaN
1659315600,0.44,0.46,0.44,0.46,1425200,NaN,NaN,NaN,NaN,NaN,NaN,NaN
1659402000,0.46,0.475,0.455,0.465,1567100,NaN,NaN,NaN,NaN,NaN,NaN,NaN
1659488400,0.465,0.465,0.45,0.46,872600,NaN,NaN,NaN,NaN,NaN,NaN,NaN
1659574800,0.47,0.47,0.455,0.46,436200,NaN,NaN,NaN,NaN,NaN,NaN,NaN
1659661200,0.465,0.47,0.46,0.46,531300,NaN,NaN,NaN,NaN,NaN,NaN,NaN
1659920400,0.465,0.47,0.455,0.46,1356400,NaN,NaN,NaN,NaN,NaN,NaN,NaN
1660006800,0.465,0.475,0.465,0.47,739900,NaN,NaN,NaN,NaN,NaN,NaN,NaN
1660093200,0.475,0.475,0.46,0.465,348300,NaN,NaN,NaN,NaN,NaN,NaN,NaN
1660179600,0.47,0.47,0.46,0.465,283700,NaN,NaN,NaN,NaN,NaN,NaN,NaN
1660266000,0.47,0.47,0.46,0.47,305500,NaN,NaN,NaN,NaN,NaN,NaN,NaN
1660525200,0.47,0.47,0.45,0.46,537600,NaN,NaN,NaN,NaN,NaN,NaN,NaN
1660611600,0.46,0.465,0.455,0.455,703400,NaN,NaN,NaN,NaN,NaN,NaN,NaN
1660698000,0.455,0.46,0.45,0.46,612000,NaN,NaN,NaN,NaN,NaN,NaN,NaN
1660784400,0.45,0.455,0.445,0.445,480000,NaN,NaN,NaN,NaN,NaN,NaN,NaN
1660870800,0.445,0.45,0.44,0.44,724700,NaN,NaN,NaN,NaN,NaN,NaN,NaN
1661130000,0.435,0.44,0.435,0.44,356700,NaN,NaN,NaN,NaN,NaN,NaN,NaN
1661216400,0.435,0.44,0.435,0.44,224500,NaN,NaN,NaN,NaN,NaN,NaN,NaN
1661302800,0.44,0.44,0.435,0.435,653300,NaN,NaN,NaN,NaN,NaN,NaN,NaN
1661389200,0.44,0.45,0.44,0.445,372700,NaN,NaN,NaN,NaN,NaN,NaN,NaN
1661475600,0.445,0.445,0.435,0.435,1215400,NaN,NaN,NaN,NaN,NaN,NaN,NaN
1661734800,0.43,0.435,0.425,0.43,302800,NaN,NaN,NaN,NaN,NaN,NaN,NaN
1661821200,0.43,0.435,0.43,0.43,106300,NaN,NaN,NaN,NaN,NaN,NaN,NaN
1661994000,0.445,0.455,0.44,0.455,2027100,NaN,NaN,NaN,NaN,NaN,NaN,NaN
1662080400,0.46,0.46,0.445,0.45,1068200,NaN,NaN,NaN,NaN,NaN,NaN,NaN
1662339600,0.455,0.455,0.445,0.445,425800,NaN,NaN,NaN,NaN,NaN,NaN,NaN
1662426000,0.45,0.455,0.445,0.455,365900,NaN,NaN,NaN,NaN,NaN,NaN,NaN
1662512400,0.455,0.465,0.45,0.455,792200,NaN,NaN,NaN,NaN,NaN,NaN,NaN
1662598800,0.46,0.465,0.455,0.455,672600,NaN,NaN,NaN,NaN,NaN,NaN,NaN
1662685200,0.455,0.46,0.445,0.445,1210100,NaN,NaN,NaN,NaN,NaN,NaN,NaN
1662944400,0.445,0.45,0.445,0.45,71500,NaN,NaN,NaN,NaN,NaN,NaN,NaN
1663030800,0.445,0.45,0.44,0.44,978400,NaN,NaN,NaN,NaN,NaN,NaN,NaN
1663117200,0.435,0.445,0.43,0.445,661700,NaN,NaN,NaN,NaN,NaN,NaN,NaN
1663203600,0.445,0.45,0.435,0.445,495500,NaN,NaN,NaN,NaN,NaN,NaN,NaN
1663549200,0.44,0.445,0.435,0.435,367800,NaN,NaN,NaN,NaN,NaN,NaN,NaN
1663635600,0.435,0.435,0.425,0.425,2262300,NaN,NaN,NaN,NaN,NaN,NaN,NaN
1663722000,0.43,0.43,0.425,0.43,523300,NaN,NaN,NaN,NaN,NaN,NaN,NaN
1663808400,0.425,0.43,0.42,0.425,283800,NaN,NaN,NaN,NaN,NaN,NaN,NaN
1663894800,0.435,0.435,0.425,0.425,515800,NaN,NaN,NaN,NaN,NaN,NaN,NaN
1664154000,0.42,0.425,0.41,0.415,1246800,NaN,NaN,NaN,NaN,NaN,NaN,NaN
1664240400,0.42,0.42,0.405,0.41,653100,NaN,NaN,NaN,NaN,NaN,NaN,NaN
1664326800,0.42,0.42,0.395,0.41,1475300,NaN,NaN,NaN,NaN,NaN,NaN,NaN
1664413200,0.41,0.41,0.39,0.39,1425200,NaN,NaN,NaN,NaN,NaN,NaN,NaN
1664499600,0.39,0.41,0.385,0.41,1296000,1417235000,8217573000,5141910000,52566000,470038000,3125364000,1.21951219512195
1664758800,0.395,0.4,0.39,0.395,783200,NaN,NaN,NaN,NaN,NaN,NaN,NaN
1664845200,0.4,0.405,0.39,0.395,790200,NaN,NaN,NaN,NaN,NaN,NaN,NaN
1664931600,0.4,0.4,0.39,0.39,1798500,NaN,NaN,NaN,NaN,NaN,NaN,NaN
1665018000,0.395,0.4,0.39,0.395,1153200,NaN,NaN,NaN,NaN,NaN,NaN,NaN
1665104400,0.395,0.395,0.37,0.375,7803800,NaN,NaN,NaN,NaN,NaN,NaN,NaN
1665450000,0.37,0.375,0.36,0.365,2276500,NaN,NaN,NaN,NaN,NaN,NaN,NaN
1665536400,0.37,0.37,0.355,0.365,2451300,NaN,NaN,NaN,NaN,NaN,NaN,NaN
1665622800,0.365,0.365,0.345,0.365,2345000,NaN,NaN,NaN,NaN,NaN,NaN,NaN
1665709200,0.365,0.375,0.355,0.37,1303000,NaN,NaN,NaN,NaN,NaN,NaN,NaN
1665968400,0.365,0.365,0.34,0.345,3223100,NaN,NaN,NaN,NaN,NaN,NaN,NaN
1666054800,0.345,0.35,0.34,0.35,2330600,NaN,NaN,NaN,NaN,NaN,NaN,NaN
1666141200,0.35,0.38,0.345,0.38,5626100,NaN,NaN,NaN,NaN,NaN,NaN,NaN
1666227600,0.36,0.37,0.355,0.36,3157800,NaN,NaN,NaN,NaN,NaN,NaN,NaN
1666314000,0.36,0.36,0.35,0.35,2179200,NaN,NaN,NaN,NaN,NaN,NaN,NaN
1666659600,0.35,0.36,0.345,0.35,2941200,NaN,NaN,NaN,NaN,NaN,NaN,NaN
1666746000,0.35,0.355,0.345,0.345,4298700,NaN,NaN,NaN,NaN,NaN,NaN,NaN
1666832400,0.35,0.36,0.345,0.35,10855300,NaN,NaN,NaN,NaN,NaN,NaN,NaN
1666918800,0.35,0.36,0.35,0.355,6350600,NaN,NaN,NaN,NaN,NaN,NaN,NaN
1667178000,0.36,0.37,0.355,0.365,3348100,NaN,NaN,NaN,NaN,NaN,NaN,NaN
1667264400,0.365,0.365,0.35,0.35,2738200,NaN,NaN,NaN,NaN,NaN,NaN,NaN
1667350800,0.355,0.36,0.35,0.36,2304800,NaN,NaN,NaN,NaN,NaN,NaN,NaN
1667437200,0.355,0.355,0.35,0.355,1495500,NaN,NaN,NaN,NaN,NaN,NaN,NaN
1667523600,0.355,0.36,0.355,0.355,1901500,NaN,NaN,NaN,NaN,NaN,NaN,NaN
1667782800,0.355,0.36,0.35,0.355,2003900,NaN,NaN,NaN,NaN,NaN,NaN,NaN
1667869200,0.355,0.36,0.355,0.355,1581600,NaN,NaN,NaN,NaN,NaN,NaN,NaN
1667955600,0.36,0.37,0.36,0.365,5544200,NaN,NaN,NaN,NaN,NaN,NaN,NaN
1668042000,0.36,0.365,0.36,0.36,1815900,NaN,NaN,NaN,NaN,NaN,NaN,NaN
1668128400,0.36,0.375,0.36,0.37,3749000,NaN,NaN,NaN,NaN,NaN,NaN,NaN
1668387600,0.37,0.38,0.365,0.365,2850300,NaN,NaN,NaN,NaN,NaN,NaN,NaN
1668474000,0.365,0.375,0.36,0.375,1767200,NaN,NaN,NaN,NaN,NaN,NaN,NaN
1668560400,0.37,0.375,0.365,0.37,1708800,NaN,NaN,NaN,NaN,NaN,NaN,NaN
1668646800,0.37,0.39,0.37,0.385,4426300,NaN,NaN,NaN,NaN,NaN,NaN,NaN
1668992400,0.36,0.385,0.36,0.385,2201900,NaN,NaN,NaN,NaN,NaN,NaN,NaN
1669078800,0.38,0.39,0.38,0.39,1700200,NaN,NaN,NaN,NaN,NaN,NaN,NaN
1669165200,0.39,0.395,0.38,0.395,1590400,NaN,NaN,NaN,NaN,NaN,NaN,NaN
1669251600,0.395,0.445,0.395,0.44,12041400,NaN,NaN,NaN,NaN,NaN,NaN,NaN
1669338000,0.44,0.44,0.42,0.425,2278700,NaN,NaN,NaN,NaN,NaN,NaN,NaN
1669683600,0.42,0.435,0.42,0.43,2335300,NaN,NaN,NaN,NaN,NaN,NaN,NaN
1669770000,0.435,0.44,0.42,0.43,2827200,NaN,NaN,NaN,NaN,NaN,NaN,NaN
1669856400,0.43,0.45,0.43,0.435,3609800,NaN,NaN,NaN,NaN,NaN,NaN,NaN
1669942800,0.44,0.445,0.435,0.445,3431300,NaN,NaN,NaN,NaN,NaN,NaN,NaN
1670202000,0.445,0.455,0.43,0.44,4518200,NaN,NaN,NaN,NaN,NaN,NaN,NaN
1670288400,0.44,0.445,0.43,0.435,909400,NaN,NaN,NaN,NaN,NaN,NaN,NaN
1670374800,0.435,0.44,0.42,0.425,1912000,NaN,NaN,NaN,NaN,NaN,NaN,NaN
1670461200,0.425,0.425,0.4,0.405,4594400,NaN,NaN,NaN,NaN,NaN,NaN,NaN
1670547600,0.405,0.415,0.405,0.415,792400,NaN,NaN,NaN,NaN,NaN,NaN,NaN
1670806800,0.415,0.415,0.405,0.415,1250000,NaN,NaN,NaN,NaN,NaN,NaN,NaN
1670893200,0.415,0.425,0.415,0.425,1131400,NaN,NaN,NaN,NaN,NaN,NaN,NaN
1670979600,0.43,0.435,0.415,0.42,862600,NaN,NaN,NaN,NaN,NaN,NaN,NaN
1671066000,0.425,0.425,0.415,0.42,597800,NaN,NaN,NaN,NaN,NaN,NaN,NaN
1671152400,0.415,0.42,0.41,0.42,850900,NaN,NaN,NaN,NaN,NaN,NaN,NaN
1671411600,0.415,0.42,0.405,0.41,890300,NaN,NaN,NaN,NaN,NaN,NaN,NaN
1671498000,0.41,0.415,0.39,0.395,3470000,NaN,NaN,NaN,NaN,NaN,NaN,NaN
1671584400,0.4,0.405,0.395,0.4,1682400,NaN,NaN,NaN,NaN,NaN,NaN,NaN
1671670800,0.405,0.405,0.395,0.395,1273500,NaN,NaN,NaN,NaN,NaN,NaN,NaN
1671757200,0.395,0.405,0.395,0.4,1210900,NaN,NaN,NaN,NaN,NaN,NaN,NaN
1672102800,0.4,0.405,0.395,0.4,962200,NaN,NaN,NaN,NaN,NaN,NaN,NaN
1672189200,0.4,0.405,0.395,0.4,968400,NaN,NaN,NaN,NaN,NaN,NaN,NaN
1672275600,0.4,0.4,0.395,0.395,580000,NaN,NaN,NaN,NaN,NaN,NaN,NaN
1672362000,0.395,0.4,0.39,0.4,960400,1417235000,8303744000.000001,5216683000,-31890000,468933000,3138699000,1.25
1672707600,0.4,0.4,0.39,0.395,748200,NaN,NaN,NaN,NaN,NaN,NaN,NaN
1672794000,0.395,0.41,0.395,0.405,2278500,NaN,NaN,NaN,NaN,NaN,NaN,NaN
1672880400,0.405,0.41,0.395,0.405,2130400,NaN,NaN,NaN,NaN,NaN,NaN,NaN
1672966800,0.405,0.405,0.395,0.4,1715300,NaN,NaN,NaN,NaN,NaN,NaN,NaN
1673226000,0.4,0.405,0.395,0.405,1427900,NaN,NaN,NaN,NaN,NaN,NaN,NaN
1673312400,0.41,0.415,0.405,0.405,1332900,NaN,NaN,NaN,NaN,NaN,NaN,NaN
1673398800,0.41,0.425,0.41,0.415,4053300,NaN,NaN,NaN,NaN,NaN,NaN,NaN
1673485200,0.415,0.42,0.41,0.415,2494500,NaN,NaN,NaN,NaN,NaN,NaN,NaN
1673571600,0.41,0.415,0.405,0.405,1528300,NaN,NaN,NaN,NaN,NaN,NaN,NaN
1673830800,0.41,0.41,0.4,0.4,2864500,NaN,NaN,NaN,NaN,NaN,NaN,NaN
1673917200,0.4,0.405,0.395,0.4,3216400,NaN,NaN,NaN,NaN,NaN,NaN,NaN
1674003600,0.395,0.405,0.395,0.405,1571900,NaN,NaN,NaN,NaN,NaN,NaN,NaN
1674090000,0.4,0.405,0.4,0.4,1002200,NaN,NaN,NaN,NaN,NaN,NaN,NaN
1674176400,0.4,0.405,0.4,0.405,430000,NaN,NaN,NaN,NaN,NaN,NaN,NaN
1674608400,0.405,0.425,0.405,0.425,4763100,NaN,NaN,NaN,NaN,NaN,NaN,NaN
1674694800,0.425,0.43,0.42,0.425,1712600,NaN,NaN,NaN,NaN,NaN,NaN,NaN
1674781200,0.425,0.43,0.42,0.43,1909600,NaN,NaN,NaN,NaN,NaN,NaN,NaN
1675040400,0.43,0.44,0.425,0.435,4378800,NaN,NaN,NaN,NaN,NaN,NaN,NaN
1675126800,0.43,0.435,0.425,0.435,1322600,NaN,NaN,NaN,NaN,NaN,NaN,NaN
1675299600,0.43,0.445,0.43,0.44,3339000,NaN,NaN,NaN,NaN,NaN,NaN,NaN
1675386000,0.44,0.445,0.43,0.435,1565100,NaN,NaN,NaN,NaN,NaN,NaN,NaN
1675731600,0.435,0.435,0.43,0.43,1523500,NaN,NaN,NaN,NaN,NaN,NaN,NaN
1675818000,0.43,0.44,0.43,0.44,976400,NaN,NaN,NaN,NaN,NaN,NaN,NaN
1675904400,0.44,0.455,0.44,0.455,5937500,NaN,NaN,NaN,NaN,NaN,NaN,NaN
1675990800,0.445,0.46,0.445,0.455,3461300,NaN,NaN,NaN,NaN,NaN,NaN,NaN
1676250000,0.455,0.46,0.45,0.46,1543500,NaN,NaN,NaN,NaN,NaN,NaN,NaN
1676336400,0.46,0.485,0.46,0.475,12519000,NaN,NaN,NaN,NaN,NaN,NaN,NaN
1676422800,0.475,0.475,0.465,0.47,2470000,NaN,NaN,NaN,NaN,NaN,NaN,NaN
1676509200,0.47,0.47,0.46,0.465,2062500,NaN,NaN,NaN,NaN,NaN,NaN,NaN
1676595600,0.47,0.48,0.465,0.465,4423600,NaN,NaN,NaN,NaN,NaN,NaN,NaN
1676854800,0.47,0.475,0.46,0.465,1166700,NaN,NaN,NaN,NaN,NaN,NaN,NaN
1676941200,0.465,0.47,0.445,0.445,3590400,NaN,NaN,NaN,NaN,NaN,NaN,NaN
1677027600,0.445,0.45,0.435,0.445,3059500,NaN,NaN,NaN,NaN,NaN,NaN,NaN
1677114000,0.45,0.47,0.45,0.47,2794500,NaN,NaN,NaN,NaN,NaN,NaN,NaN
1677200400,0.47,0.47,0.455,0.455,1796800,NaN,NaN,NaN,NaN,NaN,NaN,NaN
1677459600,0.46,0.46,0.455,0.455,1475300,NaN,NaN,NaN,NaN,NaN,NaN,NaN
1677546000,0.45,0.455,0.425,0.425,5181800,NaN,NaN,NaN,NaN,NaN,NaN,NaN
1677632400,0.425,0.43,0.42,0.425,2054900,NaN,NaN,NaN,NaN,NaN,NaN,NaN
1677718800,0.43,0.44,0.425,0.43,1649700,NaN,NaN,NaN,NaN,NaN,NaN,NaN
1677805200,0.435,0.445,0.435,0.435,2129100,NaN,NaN,NaN,NaN,NaN,NaN,NaN
1678064400,0.445,0.455,0.44,0.45,1538800,NaN,NaN,NaN,NaN,NaN,NaN,NaN
1678150800,0.455,0.455,0.445,0.445,1216800,NaN,NaN,NaN,NaN,NaN,NaN,NaN
1678237200,0.445,0.45,0.435,0.44,1668300,NaN,NaN,NaN,NaN,NaN,NaN,NaN
1678323600,0.445,0.445,0.435,0.435,1037700,NaN,NaN,NaN,NaN,NaN,NaN,NaN
1678410000,0.435,0.435,0.425,0.435,1775600,NaN,NaN,NaN,NaN,NaN,NaN,NaN
1678669200,0.425,0.43,0.42,0.43,2070300,NaN,NaN,NaN,NaN,NaN,NaN,NaN
1678755600,0.425,0.425,0.405,0.41,3483800,NaN,NaN,NaN,NaN,NaN,NaN,NaN
1678842000,0.41,0.42,0.41,0.41,1463200,NaN,NaN,NaN,NaN,NaN,NaN,NaN
1678928400,0.41,0.41,0.4,0.41,1618300,NaN,NaN,NaN,NaN,NaN,NaN,NaN
1679014800,0.415,0.42,0.41,0.42,1956500,NaN,NaN,NaN,NaN,NaN,NaN,NaN
1679274000,0.42,0.42,0.405,0.41,1396400,NaN,NaN,NaN,NaN,NaN,NaN,NaN
1679360400,0.41,0.415,0.41,0.415,1054300,NaN,NaN,NaN,NaN,NaN,NaN,NaN
1679446800,0.415,0.415,0.405,0.415,1372600,NaN,NaN,NaN,NaN,NaN,NaN,NaN
1679533200,0.41,0.425,0.41,0.425,2089600,NaN,NaN,NaN,NaN,NaN,NaN,NaN
1679619600,0.425,0.425,0.415,0.42,408500,NaN,NaN,NaN,NaN,NaN,NaN,NaN
1679878800,0.425,0.43,0.415,0.415,1296200,NaN,NaN,NaN,NaN,NaN,NaN,NaN
1679965200,0.42,0.425,0.415,0.425,855700,NaN,NaN,NaN,NaN,NaN,NaN,NaN
1680051600,0.425,0.435,0.42,0.435,2795300,NaN,NaN,NaN,NaN,NaN,NaN,NaN
1680138000,0.44,0.44,0.425,0.43,1201500,NaN,NaN,NaN,NaN,NaN,NaN,NaN
1680224400,0.425,0.43,0.42,0.425,1372500,1417235000,8323187000,5243915000,36956000,404646000,3131633000,1.17647058823529
1680483600,0.425,0.435,0.425,0.43,820900,NaN,NaN,NaN,NaN,NaN,NaN,NaN
1680570000,0.435,0.445,0.43,0.44,2355600,NaN,NaN,NaN,NaN,NaN,NaN,NaN
1680656400,0.445,0.45,0.44,0.44,1755200,NaN,NaN,NaN,NaN,NaN,NaN,NaN
1680742800,0.445,0.45,0.435,0.435,801600,NaN,NaN,NaN,NaN,NaN,NaN,NaN
1680829200,0.44,0.45,0.435,0.44,3010300,NaN,NaN,NaN,NaN,NaN,NaN,NaN
1681088400,0.445,0.45,0.44,0.445,688300,NaN,NaN,NaN,NaN,NaN,NaN,NaN
1681174800,0.445,0.45,0.44,0.445,1836800,NaN,NaN,NaN,NaN,NaN,NaN,NaN
1681261200,0.445,0.455,0.445,0.45,1631600,NaN,NaN,NaN,NaN,NaN,NaN,NaN
1681347600,0.45,0.465,0.44,0.445,4326300,NaN,NaN,NaN,NaN,NaN,NaN,NaN
1681434000,0.445,0.45,0.44,0.445,2642600,NaN,NaN,NaN,NaN,NaN,NaN,NaN
1681693200,0.445,0.45,0.43,0.435,4461800,NaN,NaN,NaN,NaN,NaN,NaN,NaN
1681779600,0.44,0.44,0.435,0.435,2106800,NaN,NaN,NaN,NaN,NaN,NaN,NaN
1681866000,0.435,0.44,0.43,0.43,1533500,NaN,NaN,NaN,NaN,NaN,NaN,NaN
1681952400,0.43,0.445,0.43,0.44,1977900,NaN,NaN,NaN,NaN,NaN,NaN,NaN
1682384400,0.44,0.45,0.435,0.44,1376200,NaN,NaN,NaN,NaN,NaN,NaN,NaN
1682470800,0.44,0.45,0.435,0.45,2779400,NaN,NaN,NaN,NaN,NaN,NaN,NaN
1682557200,0.45,0.45,0.445,0.45,1420400,NaN,NaN,NaN,NaN,NaN,NaN,NaN
1682643600,0.45,0.455,0.44,0.44,1788800,NaN,NaN,NaN,NaN,NaN,NaN,NaN
1682989200,0.44,0.455,0.44,0.45,2180700,NaN,NaN,NaN,NaN,NaN,NaN,NaN
1683075600,0.45,0.46,0.43,0.43,10151900,NaN,NaN,NaN,NaN,NaN,NaN,NaN
1683248400,0.43,0.435,0.42,0.43,3227500,NaN,NaN,NaN,NaN,NaN,NaN,NaN
1683507600,0.44,0.445,0.425,0.425,3552900,NaN,NaN,NaN,NaN,NaN,NaN,NaN
1683594000,0.425,0.425,0.41,0.415,5864100,NaN,NaN,NaN,NaN,NaN,NaN,NaN
1683680400,0.415,0.425,0.41,0.425,1771600,NaN,NaN,NaN,NaN,NaN,NaN,NaN
1683766800,0.42,0.42,0.415,0.42,293800,NaN,NaN,NaN,NaN,NaN,NaN,NaN
1683853200,0.42,0.42,0.41,0.415,1142400,NaN,NaN,NaN,NaN,NaN,NaN,NaN
1684112400,0.415,0.425,0.415,0.42,1063800,NaN,NaN,NaN,NaN,NaN,NaN,NaN
1684198800,0.425,0.425,0.415,0.415,1162400,NaN,NaN,NaN,NaN,NaN,NaN,NaN
1684285200,0.415,0.425,0.41,0.42,3014000,NaN,NaN,NaN,NaN,NaN,NaN,NaN
1684371600,0.425,0.43,0.415,0.415,2382700,NaN,NaN,NaN,NaN,NaN,NaN,NaN
1684458000,0.42,0.435,0.415,0.425,3146800,NaN,NaN,NaN,NaN,NaN,NaN,NaN
1684717200,0.43,0.435,0.42,0.425,992200,NaN,NaN,NaN,NaN,NaN,NaN,NaN
1684803600,0.425,0.43,0.42,0.42,1400400,NaN,NaN,NaN,NaN,NaN,NaN,NaN
1684890000,0.42,0.425,0.41,0.415,1371100,NaN,NaN,NaN,NaN,NaN,NaN,NaN
1684976400,0.415,0.42,0.415,0.415,393500,NaN,NaN,NaN,NaN,NaN,NaN,NaN
1685062800,0.415,0.415,0.4,0.41,2663500,NaN,NaN,NaN,NaN,NaN,NaN,NaN
1685322000,0.41,0.415,0.405,0.405,1510900,NaN,NaN,NaN,NaN,NaN,NaN,NaN
1685408400,0.405,0.41,0.405,0.405,977400,NaN,NaN,NaN,NaN,NaN,NaN,NaN
1685494800,0.41,0.415,0.405,0.415,643400,NaN,NaN,NaN,NaN,NaN,NaN,NaN
1685581200,0.415,0.415,0.405,0.41,1896700,NaN,NaN,NaN,NaN,NaN,NaN,NaN
1685667600,0.405,0.415,0.405,0.415,740800,NaN,NaN,NaN,NaN,NaN,NaN,NaN
1686013200,0.41,0.42,0.41,0.415,796500,NaN,NaN,NaN,NaN,NaN,NaN,NaN
1686099600,0.415,0.42,0.41,0.415,493900,NaN,NaN,NaN,NaN,NaN,NaN,NaN
1686186000,0.41,0.42,0.405,0.41,1018500,NaN,NaN,NaN,NaN,NaN,NaN,NaN
1686272400,0.41,0.415,0.41,0.41,907800,NaN,NaN,NaN,NaN,NaN,NaN,NaN
1686531600,0.415,0.425,0.41,0.42,2082000,NaN,NaN,NaN,NaN,NaN,NaN,NaN
1686618000,0.42,0.425,0.415,0.425,934400,NaN,NaN,NaN,NaN,NaN,NaN,NaN
1686704400,0.42,0.425,0.415,0.415,1358200,NaN,NaN,NaN,NaN,NaN,NaN,NaN
1686790800,0.415,0.42,0.415,0.42,1242200,NaN,NaN,NaN,NaN,NaN,NaN,NaN
1686877200,0.42,0.42,0.415,0.415,1100000,NaN,NaN,NaN,NaN,NaN,NaN,NaN
1687136400,0.415,0.42,0.41,0.41,824200,NaN,NaN,NaN,NaN,NaN,NaN,NaN
1687222800,0.415,0.415,0.405,0.415,1347900,NaN,NaN,NaN,NaN,NaN,NaN,NaN
1687309200,0.415,0.415,0.41,0.415,826700,NaN,NaN,NaN,NaN,NaN,NaN,NaN
1687395600,0.41,0.415,0.41,0.415,633400,NaN,NaN,NaN,NaN,NaN,NaN,NaN
1687482000,0.41,0.415,0.405,0.405,1237500,NaN,NaN,NaN,NaN,NaN,NaN,NaN
1687741200,0.41,0.415,0.405,0.41,2082800,NaN,NaN,NaN,NaN,NaN,NaN,NaN
1687827600,0.41,0.415,0.405,0.41,361100,NaN,NaN,NaN,NaN,NaN,NaN,NaN
1687914000,0.41,0.41,0.405,0.41,438800,NaN,NaN,NaN,NaN,NaN,NaN,NaN
1688086800,0.41,0.41,0.405,0.41,963400,1417235000,8589248000,5482963000,32869999.999999996,424472000,3159249000,1.21951219512195
1688346000,0.41,0.415,0.41,0.41,413500,NaN,NaN,NaN,NaN,NaN,NaN,NaN
1688432400,0.415,0.425,0.41,0.42,3907400,NaN,NaN,NaN,NaN,NaN,NaN,NaN
1688518800,0.425,0.43,0.42,0.425,3839400,NaN,NaN,NaN,NaN,NaN,NaN,NaN
1688605200,0.43,0.43,0.42,0.425,536800,NaN,NaN,NaN,NaN,NaN,NaN,NaN
1688691600,0.42,0.425,0.415,0.42,725800,NaN,NaN,NaN,NaN,NaN,NaN,NaN
1688950800,0.42,0.425,0.41,0.425,2250800,NaN,NaN,NaN,NaN,NaN,NaN,NaN
1689037200,0.425,0.435,0.425,0.425,2010200,NaN,NaN,NaN,NaN,NaN,NaN,NaN
1689123600,0.425,0.435,0.425,0.43,1131600,NaN,NaN,NaN,NaN,NaN,NaN,NaN
1689210000,0.43,0.44,0.43,0.44,1374200,NaN,NaN,NaN,NaN,NaN,NaN,NaN
1689296400,0.44,0.445,0.43,0.44,2012300,NaN,NaN,NaN,NaN,NaN,NaN,NaN
1689555600,0.44,0.445,0.435,0.44,1992600,NaN,NaN,NaN,NaN,NaN,NaN,NaN
1689642000,0.44,0.455,0.44,0.455,4833200,NaN,NaN,NaN,NaN,NaN,NaN,NaN
1689814800,0.46,0.46,0.45,0.45,2947900,NaN,NaN,NaN,NaN,NaN,NaN,NaN
1689901200,0.45,0.46,0.45,0.455,5958900,NaN,NaN,NaN,NaN,NaN,NaN,NaN
1690160400,0.46,0.465,0.45,0.45,3160600,NaN,NaN,NaN,NaN,NaN,NaN,NaN
1690246800,0.45,0.455,0.44,0.45,2431200,NaN,NaN,NaN,NaN,NaN,NaN,NaN
1690333200,0.45,0.46,0.45,0.455,4111400,NaN,NaN,NaN,NaN,NaN,NaN,NaN
1690419600,0.46,0.47,0.45,0.46,9617700,NaN,NaN,NaN,NaN,NaN,NaN,NaN
1690506000,0.455,0.46,0.45,0.45,2738900,NaN,NaN,NaN,NaN,NaN,NaN,NaN
1690765200,0.45,0.455,0.445,0.45,1686000,NaN,NaN,NaN,NaN,NaN,NaN,NaN
1690851600,0.45,0.45,0.44,0.445,4103800,NaN,NaN,NaN,NaN,NaN,NaN,NaN
1690938000,0.44,0.45,0.44,0.445,2285000,NaN,NaN,NaN,NaN,NaN,NaN,NaN
1691024400,0.445,0.45,0.44,0.445,899900,NaN,NaN,NaN,NaN,NaN,NaN,NaN
1691110800,0.445,0.455,0.44,0.445,1735900,NaN,NaN,NaN,NaN,NaN,NaN,NaN
1691370000,0.45,0.45,0.445,0.45,1276800,NaN,NaN,NaN,NaN,NaN,NaN,NaN
1691456400,0.455,0.46,0.45,0.46,3581800,NaN,NaN,NaN,NaN,NaN,NaN,NaN
1691542800,0.46,0.465,0.455,0.465,2177900,NaN,NaN,NaN,NaN,NaN,NaN,NaN
1691629200,0.465,0.47,0.46,0.465,3630500,NaN,NaN,NaN,NaN,NaN,NaN,NaN
1691715600,0.465,0.47,0.46,0.47,1905000,NaN,NaN,NaN,NaN,NaN,NaN,NaN
1691974800,0.475,0.49,0.47,0.485,8855400,NaN,NaN,NaN,NaN,NaN,NaN,NaN
1692061200,0.485,0.495,0.485,0.49,3529200,NaN,NaN,NaN,NaN,NaN,NaN,NaN
1692147600,0.49,0.495,0.475,0.495,3841100,NaN,NaN,NaN,NaN,NaN,NaN,NaN
1692234000,0.495,0.495,0.48,0.485,5240100,NaN,NaN,NaN,NaN,NaN,NaN,NaN
1692320400,0.485,0.485,0.475,0.485,3654600,NaN,NaN,NaN,NaN,NaN,NaN,NaN
1692579600,0.485,0.49,0.465,0.47,4538200,NaN,NaN,NaN,NaN,NaN,NaN,NaN
1692666000,0.47,0.475,0.465,0.465,2208200,NaN,NaN,NaN,NaN,NaN,NaN,NaN
1692752400,0.46,0.465,0.45,0.46,3713100,NaN,NaN,NaN,NaN,NaN,NaN,NaN
1692838800,0.46,0.465,0.45,0.45,3367000,NaN,NaN,NaN,NaN,NaN,NaN,NaN
1692925200,0.45,0.47,0.445,0.47,3504800,NaN,NaN,NaN,NaN,NaN,NaN,NaN
1693184400,0.47,0.515,0.47,0.51,14326300,NaN,NaN,NaN,NaN,NaN,NaN,NaN
1693270800,0.51,0.52,0.5,0.515,5986500,NaN,NaN,NaN,NaN,NaN,NaN,NaN
1693357200,0.51,0.525,0.5,0.51,8798400,NaN,NaN,NaN,NaN,NaN,NaN,NaN
1693530000,0.515,0.56,0.51,0.55,17047100,NaN,NaN,NaN,NaN,NaN,NaN,NaN
1693789200,0.55,0.56,0.53,0.53,12530400,NaN,NaN,NaN,NaN,NaN,NaN,NaN
1693875600,0.53,0.535,0.51,0.52,8681500,NaN,NaN,NaN,NaN,NaN,NaN,NaN
1693962000,0.52,0.535,0.515,0.535,6392400,NaN,NaN,NaN,NaN,NaN,NaN,NaN
1694048400,0.525,0.53,0.515,0.52,5565100,NaN,NaN,NaN,NaN,NaN,NaN,NaN
1694134800,0.52,0.53,0.515,0.52,3369500,NaN,NaN,NaN,NaN,NaN,NaN,NaN
1694394000,0.525,0.53,0.505,0.51,5118900,NaN,NaN,NaN,NaN,NaN,NaN,NaN
1694480400,0.51,0.51,0.48,0.495,7694800,NaN,NaN,NaN,NaN,NaN,NaN,NaN
1694566800,0.495,0.5,0.485,0.5,3277500,NaN,NaN,NaN,NaN,NaN,NaN,NaN
1694653200,0.5,0.525,0.5,0.52,6198000,NaN,NaN,NaN,NaN,NaN,NaN,NaN
1694739600,0.53,0.535,0.52,0.53,17963400,NaN,NaN,NaN,NaN,NaN,NaN,NaN
1694998800,0.53,0.555,0.525,0.535,6459100,NaN,NaN,NaN,NaN,NaN,NaN,NaN
1695085200,0.535,0.545,0.53,0.54,4592900,NaN,NaN,NaN,NaN,NaN,NaN,NaN
1695171600,0.545,0.56,0.545,0.55,11484000,NaN,NaN,NaN,NaN,NaN,NaN,NaN
1695258000,0.55,0.555,0.54,0.55,3210100,NaN,NaN,NaN,NaN,NaN,NaN,NaN
1695344400,0.545,0.58,0.54,0.575,16990500,NaN,NaN,NaN,NaN,NaN,NaN,NaN
1695603600,0.575,0.58,0.565,0.575,7370100,NaN,NaN,NaN,NaN,NaN,NaN,NaN
1695690000,0.575,0.575,0.555,0.565,11824200,NaN,NaN,NaN,NaN,NaN,NaN,NaN
1695776400,0.565,0.575,0.56,0.56,8467700,NaN,NaN,NaN,NaN,NaN,NaN,NaN
1695949200,0.56,0.57,0.56,0.565,9809500,1417235529,8625979000,5541286000,26980000,496563000,3138355000,0.88495575221239
1696208400,0.565,0.57,0.545,0.545,6820300,NaN,NaN,NaN,NaN,NaN,NaN,NaN
1696294800,0.545,0.56,0.54,0.55,3194900,NaN,NaN,NaN,NaN,NaN,NaN,NaN
1696381200,0.545,0.55,0.53,0.545,9196800,NaN,NaN,NaN,NaN,NaN,NaN,NaN
1696467600,0.545,0.55,0.54,0.545,4870200,NaN,NaN,NaN,NaN,NaN,NaN,NaN
1696554000,0.545,0.575,0.54,0.575,8736000,NaN,NaN,NaN,NaN,NaN,NaN,NaN
1696813200,0.575,0.58,0.545,0.545,6568400,NaN,NaN,NaN,NaN,NaN,NaN,NaN
1696899600,0.555,0.575,0.55,0.565,6323500,NaN,NaN,NaN,NaN,NaN,NaN,NaN
1696986000,0.57,0.59,0.56,0.585,10005600,NaN,NaN,NaN,NaN,NaN,NaN,NaN
1697072400,0.585,0.59,0.57,0.585,8582000,NaN,NaN,NaN,NaN,NaN,NaN,NaN
1697158800,0.58,0.595,0.57,0.58,9843400,NaN,NaN,NaN,NaN,NaN,NaN,NaN
1697418000,0.575,0.575,0.55,0.565,7073200,NaN,NaN,NaN,NaN,NaN,NaN,NaN
1697504400,0.57,0.575,0.565,0.57,5852800,NaN,NaN,NaN,NaN,NaN,NaN,NaN
1697590800,0.57,0.57,0.54,0.555,13322500,NaN,NaN,NaN,NaN,NaN,NaN,NaN
1697677200,0.54,0.555,0.54,0.545,5426500,NaN,NaN,NaN,NaN,NaN,NaN,NaN
1697763600,0.54,0.55,0.535,0.54,2474100,NaN,NaN,NaN,NaN,NaN,NaN,NaN
1698022800,0.54,0.54,0.51,0.52,9105700,NaN,NaN,NaN,NaN,NaN,NaN,NaN
1698109200,0.525,0.535,0.52,0.525,5240800,NaN,NaN,NaN,NaN,NaN,NaN,NaN
1698195600,0.53,0.535,0.52,0.535,3295100,NaN,NaN,NaN,NaN,NaN,NaN,NaN
1698282000,0.53,0.545,0.525,0.545,6361400,NaN,NaN,NaN,NaN,NaN,NaN,NaN
1698368400,0.54,0.545,0.53,0.535,3375900,NaN,NaN,NaN,NaN,NaN,NaN,NaN
1698627600,0.535,0.54,0.52,0.52,2660700,NaN,NaN,NaN,NaN,NaN,NaN,NaN
1698714000,0.525,0.525,0.515,0.515,2301100,NaN,NaN,NaN,NaN,NaN,NaN,NaN
1698800400,0.52,0.525,0.505,0.52,5122300,NaN,NaN,NaN,NaN,NaN,NaN,NaN
1698886800,0.52,0.525,0.515,0.52,4779800,NaN,NaN,NaN,NaN,NaN,NaN,NaN
1698973200,0.525,0.53,0.515,0.525,3685000,NaN,NaN,NaN,NaN,NaN,NaN,NaN
1699232400,0.525,0.54,0.52,0.53,4001300,NaN,NaN,NaN,NaN,NaN,NaN,NaN
1699318800,0.535,0.535,0.52,0.52,2532500,NaN,NaN,NaN,NaN,NaN,NaN,NaN
1699405200,0.52,0.53,0.515,0.515,2802800,NaN,NaN,NaN,NaN,NaN,NaN,NaN
1699491600,0.515,0.515,0.505,0.51,3315600,NaN,NaN,NaN,NaN,NaN,NaN,NaN
1699578000,0.51,0.51,0.505,0.505,4026000,NaN,NaN,NaN,NaN,NaN,NaN,NaN
1699923600,0.505,0.515,0.505,0.51,1700100,NaN,NaN,NaN,NaN,NaN,NaN,NaN
1700010000,0.51,0.52,0.51,0.515,2708100,NaN,NaN,NaN,NaN,NaN,NaN,NaN
1700096400,0.515,0.53,0.51,0.525,2937200,NaN,NaN,NaN,NaN,NaN,NaN,NaN
1700182800,0.525,0.53,0.515,0.52,2988600,NaN,NaN,NaN,NaN,NaN,NaN,NaN
1700442000,0.525,0.525,0.515,0.52,916800,NaN,NaN,NaN,NaN,NaN,NaN,NaN
1700528400,0.52,0.53,0.52,0.525,2172100,NaN,NaN,NaN,NaN,NaN,NaN,NaN
1700614800,0.52,0.525,0.51,0.52,2748300,NaN,NaN,NaN,NaN,NaN,NaN,NaN
1700701200,0.515,0.52,0.51,0.52,822700,NaN,NaN,NaN,NaN,NaN,NaN,NaN
1700787600,0.505,0.51,0.5,0.5,3928600,NaN,NaN,NaN,NaN,NaN,NaN,NaN
1701046800,0.5,0.5,0.48,0.485,5614500,NaN,NaN,NaN,NaN,NaN,NaN,NaN
1701133200,0.485,0.49,0.48,0.48,2773300,NaN,NaN,NaN,NaN,NaN,NaN,NaN
1701219600,0.48,0.485,0.465,0.47,3825500,NaN,NaN,NaN,NaN,NaN,NaN,NaN
1701306000,0.47,0.475,0.455,0.46,3917800,NaN,NaN,NaN,NaN,NaN,NaN,NaN
1701392400,0.465,0.475,0.465,0.475,941300,NaN,NaN,NaN,NaN,NaN,NaN,NaN
1701651600,0.47,0.475,0.46,0.46,3417800,NaN,NaN,NaN,NaN,NaN,NaN,NaN
1701738000,0.46,0.47,0.46,0.465,3210300,NaN,NaN,NaN,NaN,NaN,NaN,NaN
1701824400,0.47,0.47,0.46,0.465,1964700,NaN,NaN,NaN,NaN,NaN,NaN,NaN
1701910800,0.465,0.465,0.455,0.465,2020500,NaN,NaN,NaN,NaN,NaN,NaN,NaN
1701997200,0.465,0.475,0.465,0.47,881800,NaN,NaN,NaN,NaN,NaN,NaN,NaN
1702256400,0.475,0.485,0.475,0.475,3021500,NaN,NaN,NaN,NaN,NaN,NaN,NaN
1702342800,0.48,0.485,0.475,0.475,2026700,NaN,NaN,NaN,NaN,NaN,NaN,NaN
1702429200,0.47,0.48,0.47,0.475,1013900,NaN,NaN,NaN,NaN,NaN,NaN,NaN
1702515600,0.475,0.49,0.475,0.49,1770300,NaN,NaN,NaN,NaN,NaN,NaN,NaN
1702602000,0.49,0.495,0.48,0.49,995300,NaN,NaN,NaN,NaN,NaN,NaN,NaN
1702861200,0.49,0.49,0.48,0.485,828300,NaN,NaN,NaN,NaN,NaN,NaN,NaN
1702947600,0.48,0.51,0.48,0.51,3612300,NaN,NaN,NaN,NaN,NaN,NaN,NaN
1703034000,0.51,0.515,0.495,0.5,1939100,NaN,NaN,NaN,NaN,NaN,NaN,NaN
1703120400,0.5,0.505,0.485,0.49,2260600,NaN,NaN,NaN,NaN,NaN,NaN,NaN
1703206800,0.495,0.51,0.49,0.5,3441700,NaN,NaN,NaN,NaN,NaN,NaN,NaN
1703552400,0.505,0.51,0.495,0.495,2122900,NaN,NaN,NaN,NaN,NaN,NaN,NaN
1703638800,0.5,0.505,0.495,0.5,1222000,NaN,NaN,NaN,NaN,NaN,NaN,NaN
1703725200,0.505,0.505,0.5,0.5,1198000,NaN,NaN,NaN,NaN,NaN,NaN,NaN
1703811600,0.5,0.505,0.495,0.495,1048600,1417235000,8667617000,5800884000,-185857000,401668000,2896518000,0
1704157200,0.495,0.51,0.495,0.5,3582500,NaN,NaN,NaN,NaN,NaN,NaN,NaN
1704243600,0.505,0.53,0.5,0.525,7255600,NaN,NaN,NaN,NaN,NaN,NaN,NaN
1704330000,0.52,0.54,0.52,0.53,8426800,NaN,NaN,NaN,NaN,NaN,NaN,NaN
1704416400,0.53,0.535,0.525,0.53,3973300,NaN,NaN,NaN,NaN,NaN,NaN,NaN
1704675600,0.53,0.545,0.53,0.535,5892000,NaN,NaN,NaN,NaN,NaN,NaN,NaN
1704762000,0.535,0.535,0.52,0.525,4184700,NaN,NaN,NaN,NaN,NaN,NaN,NaN
1704848400,0.525,0.53,0.52,0.525,854200,NaN,NaN,NaN,NaN,NaN,NaN,NaN
1704934800,0.525,0.53,0.515,0.515,2352300,NaN,NaN,NaN,NaN,NaN,NaN,NaN
1705021200,0.515,0.53,0.51,0.525,2917700,NaN,NaN,NaN,NaN,NaN,NaN,NaN
1705280400,0.52,0.545,0.52,0.545,11402900,NaN,NaN,NaN,NaN,NaN,NaN,NaN
1705366800,0.55,0.56,0.525,0.53,11841100,NaN,NaN,NaN,NaN,NaN,NaN,NaN
1705453200,0.53,0.535,0.515,0.53,2937700,NaN,NaN,NaN,NaN,NaN,NaN,NaN
1705539600,0.525,0.53,0.505,0.51,3954500,NaN,NaN,NaN,NaN,NaN,NaN,NaN
1705626000,0.51,0.525,0.505,0.52,3817000,NaN,NaN,NaN,NaN,NaN,NaN,NaN
1705885200,0.52,0.54,0.52,0.54,3592500,NaN,NaN,NaN,NaN,NaN,NaN,NaN
1705971600,0.54,0.545,0.53,0.54,3214300,NaN,NaN,NaN,NaN,NaN,NaN,NaN
1706058000,0.54,0.55,0.535,0.545,5881100,NaN,NaN,NaN,NaN,NaN,NaN,NaN
1706230800,0.55,0.575,0.545,0.565,16243100,NaN,NaN,NaN,NaN,NaN,NaN,NaN
1706490000,0.565,0.58,0.56,0.565,9634100,NaN,NaN,NaN,NaN,NaN,NaN,NaN
1706576400,0.565,0.57,0.545,0.55,7994400,NaN,NaN,NaN,NaN,NaN,NaN,NaN
1706662800,0.55,0.56,0.54,0.545,4763600,NaN,NaN,NaN,NaN,NaN,NaN,NaN
1706835600,0.545,0.545,0.53,0.545,4025500,NaN,NaN,NaN,NaN,NaN,NaN,NaN
1707094800,0.54,0.545,0.525,0.54,3720500,NaN,NaN,NaN,NaN,NaN,NaN,NaN
1707181200,0.535,0.545,0.535,0.545,3235400,NaN,NaN,NaN,NaN,NaN,NaN,NaN
1707267600,0.545,0.545,0.525,0.53,3631800,NaN,NaN,NaN,NaN,NaN,NaN,NaN
1707354000,0.53,0.54,0.53,0.54,1753700,NaN,NaN,NaN,NaN,NaN,NaN,NaN
1707440400,0.535,0.55,0.535,0.545,2241200,NaN,NaN,NaN,NaN,NaN,NaN,NaN
1707786000,0.55,0.555,0.545,0.55,4134800,NaN,NaN,NaN,NaN,NaN,NaN,NaN
1707872400,0.545,0.565,0.545,0.56,5190200,NaN,NaN,NaN,NaN,NaN,NaN,NaN
1707958800,0.56,0.56,0.555,0.56,3068000,NaN,NaN,NaN,NaN,NaN,NaN,NaN
1708045200,0.56,0.57,0.555,0.565,3472500,NaN,NaN,NaN,NaN,NaN,NaN,NaN
1708304400,0.565,0.565,0.555,0.56,2390500,NaN,NaN,NaN,NaN,NaN,NaN,NaN
1708390800,0.55,0.56,0.545,0.55,2708700,NaN,NaN,NaN,NaN,NaN,NaN,NaN
1708477200,0.545,0.55,0.545,0.55,1541300,NaN,NaN,NaN,NaN,NaN,NaN,NaN
1708563600,0.545,0.55,0.535,0.54,1608000,NaN,NaN,NaN,NaN,NaN,NaN,NaN
1708650000,0.54,0.55,0.535,0.535,2198400,NaN,NaN,NaN,NaN,NaN,NaN,NaN
1708909200,0.535,0.545,0.535,0.54,3272800,NaN,NaN,NaN,NaN,NaN,NaN,NaN
1708995600,0.535,0.56,0.53,0.555,3332000,NaN,NaN,NaN,NaN,NaN,NaN,NaN
1709082000,0.555,0.555,0.535,0.535,1110700,NaN,NaN,NaN,NaN,NaN,NaN,NaN
1709168400,0.535,0.545,0.53,0.535,3589400,NaN,NaN,NaN,NaN,NaN,NaN,NaN
1709254800,0.485,0.505,0.47,0.48,18765200,NaN,NaN,NaN,NaN,NaN,NaN,NaN
1709514000,0.48,0.48,0.47,0.47,2683100,NaN,NaN,NaN,NaN,NaN,NaN,NaN
1709600400,0.47,0.48,0.455,0.47,3077800,NaN,NaN,NaN,NaN,NaN,NaN,NaN
1709686800,0.465,0.47,0.46,0.47,1504100,NaN,NaN,NaN,NaN,NaN,NaN,NaN
1709773200,0.465,0.485,0.465,0.485,1846700,NaN,NaN,NaN,NaN,NaN,NaN,NaN
1709859600,0.485,0.485,0.475,0.485,535300,NaN,NaN,NaN,NaN,NaN,NaN,NaN
1710118800,0.485,0.485,0.47,0.475,1203800,NaN,NaN,NaN,NaN,NaN,NaN,NaN
1710205200,0.475,0.475,0.47,0.475,982600,NaN,NaN,NaN,NaN,NaN,NaN,NaN
1710291600,0.475,0.52,0.47,0.505,4951500,NaN,NaN,NaN,NaN,NaN,NaN,NaN
1710378000,0.51,0.51,0.505,0.505,1591000,NaN,NaN,NaN,NaN,NaN,NaN,NaN
1710464400,0.5,0.515,0.5,0.515,2116200,NaN,NaN,NaN,NaN,NaN,NaN,NaN
1710723600,0.51,0.53,0.505,0.52,2394600,NaN,NaN,NaN,NaN,NaN,NaN,NaN
1710810000,0.52,0.53,0.515,0.52,1993900,NaN,NaN,NaN,NaN,NaN,NaN,NaN
1710896400,0.52,0.52,0.51,0.515,1692600,NaN,NaN,NaN,NaN,NaN,NaN,NaN
1710982800,0.515,0.53,0.515,0.52,2434700,NaN,NaN,NaN,NaN,NaN,NaN,NaN
1711069200,0.52,0.535,0.52,0.53,5637600,NaN,NaN,NaN,NaN,NaN,NaN,NaN
1711328400,0.525,0.525,0.52,0.52,874500,NaN,NaN,NaN,NaN,NaN,NaN,NaN
1711414800,0.525,0.545,0.525,0.535,9932400,NaN,NaN,NaN,NaN,NaN,NaN,NaN
1711501200,0.55,0.555,0.535,0.545,10578100,NaN,NaN,NaN,NaN,NaN,NaN,NaN
1711674000,0.545,0.55,0.535,0.545,4297400,1417235000,8674995000,5793800000,44239000,467388000,2921753000,0
1711933200,0.545,0.55,0.54,0.54,2429200,NaN,NaN,NaN,NaN,NaN,NaN,NaN
1712019600,0.545,0.55,0.54,0.55,2038700,NaN,NaN,NaN,NaN,NaN,NaN,NaN
1712106000,0.545,0.55,0.54,0.545,2167000,NaN,NaN,NaN,NaN,NaN,NaN,NaN
1712192400,0.545,0.545,0.535,0.54,4171500,NaN,NaN,NaN,NaN,NaN,NaN,NaN
1712278800,0.54,0.54,0.535,0.535,821700,NaN,NaN,NaN,NaN,NaN,NaN,NaN
1712538000,0.535,0.545,0.535,0.54,983100,NaN,NaN,NaN,NaN,NaN,NaN,NaN
1712624400,0.545,0.55,0.535,0.54,1950700,NaN,NaN,NaN,NaN,NaN,NaN,NaN
1712883600,0.54,0.55,0.535,0.54,1496000,NaN,NaN,NaN,NaN,NaN,NaN,NaN
1713142800,0.54,0.54,0.52,0.52,2652600,NaN,NaN,NaN,NaN,NaN,NaN,NaN
1713229200,0.52,0.525,0.505,0.52,2853200,NaN,NaN,NaN,NaN,NaN,NaN,NaN
1713315600,0.52,0.535,0.52,0.52,1232600,NaN,NaN,NaN,NaN,NaN,NaN,NaN
1713402000,0.52,0.525,0.52,0.52,1356200,NaN,NaN,NaN,NaN,NaN,NaN,NaN
1713488400,0.52,0.525,0.505,0.51,3441600,NaN,NaN,NaN,NaN,NaN,NaN,NaN
1713747600,0.515,0.525,0.515,0.52,881300,NaN,NaN,NaN,NaN,NaN,NaN,NaN
1713834000,0.52,0.53,0.52,0.525,1904000,NaN,NaN,NaN,NaN,NaN,NaN,NaN
1713920400,0.53,0.535,0.525,0.535,2231600,NaN,NaN,NaN,NaN,NaN,NaN,NaN
1714006800,0.53,0.54,0.525,0.535,1876500,NaN,NaN,NaN,NaN,NaN,NaN,NaN
1714093200,0.53,0.535,0.52,0.525,2593700,NaN,NaN,NaN,NaN,NaN,NaN,NaN
1714352400,0.53,0.535,0.525,0.53,1007000,NaN,NaN,NaN,NaN,NaN,NaN,NaN
1714438800,0.53,0.53,0.52,0.525,753700,NaN,NaN,NaN,NaN,NaN,NaN,NaN
1714611600,0.52,0.525,0.52,0.525,157000,NaN,NaN,NaN,NaN,NaN,NaN,NaN
1714698000,0.525,0.53,0.52,0.53,1017400,NaN,NaN,NaN,NaN,NaN,NaN,NaN
1714957200,0.53,0.535,0.52,0.525,1535600,NaN,NaN,NaN,NaN,NaN,NaN,NaN
1715043600,0.525,0.54,0.52,0.53,3764800,NaN,NaN,NaN,NaN,NaN,NaN,NaN
1715130000,0.53,0.535,0.525,0.535,2335600,NaN,NaN,NaN,NaN,NaN,NaN,NaN
1715216400,0.535,0.54,0.525,0.525,1949900,NaN,NaN,NaN,NaN,NaN,NaN,NaN
1715302800,0.53,0.545,0.53,0.535,12056100,NaN,NaN,NaN,NaN,NaN,NaN,NaN
1715562000,0.535,0.545,0.525,0.535,7282300,NaN,NaN,NaN,NaN,NaN,NaN,NaN
1715648400,0.535,0.545,0.53,0.545,4928600,NaN,NaN,NaN,NaN,NaN,NaN,NaN
1715734800,0.545,0.545,0.535,0.535,1335000,NaN,NaN,NaN,NaN,NaN,NaN,NaN
1715821200,0.535,0.54,0.53,0.53,2607200,NaN,NaN,NaN,NaN,NaN,NaN,NaN
1715907600,0.53,0.54,0.53,0.53,6761400,NaN,NaN,NaN,NaN,NaN,NaN,NaN
1716166800,0.535,0.545,0.53,0.535,9825500,NaN,NaN,NaN,NaN,NaN,NaN,NaN
1716253200,0.535,0.535,0.525,0.525,2737900,NaN,NaN,NaN,NaN,NaN,NaN,NaN
1716426000,0.525,0.535,0.52,0.53,4409200,NaN,NaN,NaN,NaN,NaN,NaN,NaN
1716512400,0.525,0.53,0.52,0.525,3320100,NaN,NaN,NaN,NaN,NaN,NaN,NaN
1716771600,0.525,0.54,0.525,0.535,3689200,NaN,NaN,NaN,NaN,NaN,NaN,NaN
1716858000,0.535,0.54,0.53,0.54,5039800,NaN,NaN,NaN,NaN,NaN,NaN,NaN
1716944400,0.54,0.55,0.54,0.545,4744500,NaN,NaN,NaN,NaN,NaN,NaN,NaN
1717030800,0.55,0.62,0.54,0.6,74210100,NaN,NaN,NaN,NaN,NaN,NaN,NaN
1717117200,0.6,0.61,0.585,0.585,16644900,NaN,NaN,NaN,NaN,NaN,NaN,NaN
1717462800,0.59,0.61,0.575,0.605,14754600,NaN,NaN,NaN,NaN,NaN,NaN,NaN
1717549200,0.61,0.64,0.6,0.625,49896200,NaN,NaN,NaN,NaN,NaN,NaN,NaN
1717635600,0.63,0.875,0.63,0.775,231222100,NaN,NaN,NaN,NaN,NaN,NaN,NaN
1717722000,0.79,0.855,0.78,0.83,80521700,NaN,NaN,NaN,NaN,NaN,NaN,NaN
1717981200,0.835,0.93,0.8,0.91,79288300,NaN,NaN,NaN,NaN,NaN,NaN,NaN
1718067600,0.9,0.92,0.87,0.895,56548600,NaN,NaN,NaN,NaN,NaN,NaN,NaN
1718154000,0.895,0.895,0.825,0.835,34032600,NaN,NaN,NaN,NaN,NaN,NaN,NaN
1718240400,0.83,0.88,0.82,0.83,45604000,NaN,NaN,NaN,NaN,NaN,NaN,NaN
1718326800,0.835,0.845,0.765,0.77,37154300,NaN,NaN,NaN,NaN,NaN,NaN,NaN
1718672400,0.78,0.795,0.74,0.755,25408500,NaN,NaN,NaN,NaN,NaN,NaN,NaN
1718758800,0.765,0.82,0.76,0.775,59724100,NaN,NaN,NaN,NaN,NaN,NaN,NaN
1718845200,0.775,0.785,0.76,0.765,15774800,NaN,NaN,NaN,NaN,NaN,NaN,NaN
1718931600,0.795,0.835,0.775,0.825,61291000,NaN,NaN,NaN,NaN,NaN,NaN,NaN
1719190800,0.835,0.85,0.8,0.805,21924900,NaN,NaN,NaN,NaN,NaN,NaN,NaN
1719277200,0.815,0.825,0.79,0.79,21422200,NaN,NaN,NaN,NaN,NaN,NaN,NaN
1719363600,0.8,0.84,0.795,0.83,23221700,NaN,NaN,NaN,NaN,NaN,NaN,NaN
1719450000,0.845,0.86,0.82,0.845,32111900,NaN,NaN,NaN,NaN,NaN,NaN,NaN
1719536400,0.84,0.885,0.835,0.87,37049300,1417236000,8558939000,5667076000,41440000,376328000,2948276000,0
1719795600,0.88,0.885,0.855,0.865,13470600,NaN,NaN,NaN,NaN,NaN,NaN,NaN
1719882000,0.86,0.905,0.86,0.89,29303900,NaN,NaN,NaN,NaN,NaN,NaN,NaN
1719968400,0.9,1.04,0.9,0.985,111659900,NaN,NaN,NaN,NaN,NaN,NaN,NaN
1720054800,0.97,1.02,0.935,1.02,62294700,NaN,NaN,NaN,NaN,NaN,NaN,NaN
1720141200,1.03,1.03,0.965,0.97,36622700,NaN,NaN,NaN,NaN,NaN,NaN,NaN
1720486800,0.975,0.975,0.945,0.97,19400600,NaN,NaN,NaN,NaN,NaN,NaN,NaN
1720573200,0.965,1.07,0.965,1.05,81764000,NaN,NaN,NaN,NaN,NaN,NaN,NaN
1720659600,1.06,1.15,1.03,1.1,63301100,NaN,NaN,NaN,NaN,NaN,NaN,NaN
1720746000,1.09,1.16,1.08,1.14,36725900,NaN,NaN,NaN,NaN,NaN,NaN,NaN
1721005200,1.14,1.19,1.1,1.11,54972200,NaN,NaN,NaN,NaN,NaN,NaN,NaN
1721091600,1.15,1.22,1.14,1.16,61695000,NaN,NaN,NaN,NaN,NaN,NaN,NaN
1721178000,1.17,1.25,1.17,1.23,59471200,NaN,NaN,NaN,NaN,NaN,NaN,NaN
1721264400,1.24,1.29,1.22,1.28,26581100,NaN,NaN,NaN,NaN,NaN,NaN,NaN
1721350800,1.28,1.28,1.23,1.25,27379600,NaN,NaN,NaN,NaN,NaN,NaN,NaN
1721610000,1.25,1.28,1.18,1.25,33068000,NaN,NaN,NaN,NaN,NaN,NaN,NaN
1721696400,1.25,1.35,1.25,1.3,44727600,NaN,NaN,NaN,NaN,NaN,NaN,NaN
1721782800,1.3,1.31,1.22,1.25,40741500,NaN,NaN,NaN,NaN,NaN,NaN,NaN
1721869200,1.23,1.27,1.21,1.26,14883500,NaN,NaN,NaN,NaN,NaN,NaN,NaN
1721955600,1.26,1.26,1.23,1.25,8635200,NaN,NaN,NaN,NaN,NaN,NaN,NaN
1722214800,1.26,1.29,1.24,1.28,21331100,NaN,NaN,NaN,NaN,NaN,NaN,NaN
1722301200,1.3,1.34,1.29,1.31,24608200,NaN,NaN,NaN,NaN,NaN,NaN,NaN
1722387600,1.32,1.33,1.3,1.31,11704300,NaN,NaN,NaN,NaN,NaN,NaN,NaN
1722474000,1.32,1.33,1.25,1.27,18494700,NaN,NaN,NaN,NaN,NaN,NaN,NaN
1722560400,1.25,1.25,1.12,1.12,55007800,NaN,NaN,NaN,NaN,NaN,NaN,NaN
1722819600,1.05,1.1,0.95,0.98,104611600,NaN,NaN,NaN,NaN,NaN,NaN,NaN
1722906000,1.02,1.05,0.955,1.01,85446200,NaN,NaN,NaN,NaN,NaN,NaN,NaN
1722992400,1.02,1.1,0.975,1.08,60827100,NaN,NaN,NaN,NaN,NaN,NaN,NaN
1723078800,1.06,1.09,1.04,1.07,23387600,NaN,NaN,NaN,NaN,NaN,NaN,NaN
1723165200,1.1,1.12,1.07,1.07,26093200,NaN,NaN,NaN,NaN,NaN,NaN,NaN
1723424400,1.08,1.11,1.06,1.07,21726300,NaN,NaN,NaN,NaN,NaN,NaN,NaN
1723510800,1.07,1.08,1.03,1.04,11595500,NaN,NaN,NaN,NaN,NaN,NaN,NaN
1723597200,1.07,1.07,1.04,1.06,13136400,NaN,NaN,NaN,NaN,NaN,NaN,NaN
1723683600,1.07,1.08,1,1.01,15655600,NaN,NaN,NaN,NaN,NaN,NaN,NaN
1723770000,1.03,1.08,1.03,1.05,13158800,NaN,NaN,NaN,NaN,NaN,NaN,NaN
1724029200,1.06,1.07,1.02,1.03,11534800,NaN,NaN,NaN,NaN,NaN,NaN,NaN
1724115600,1.04,1.06,0.99,1,12813900,NaN,NaN,NaN,NaN,NaN,NaN,NaN
1724202000,1,1.06,0.99,1.04,20951200,NaN,NaN,NaN,NaN,NaN,NaN,NaN
1724288400,1.04,1.04,0.995,0.995,11785500,NaN,NaN,NaN,NaN,NaN,NaN,NaN
1724374800,0.995,0.995,0.95,0.955,20163000,NaN,NaN,NaN,NaN,NaN,NaN,NaN
1724634000,0.96,1.1,0.96,1.07,50154900,NaN,NaN,NaN,NaN,NaN,NaN,NaN
1724720400,1.07,1.08,1.04,1.06,9186500,NaN,NaN,NaN,NaN,NaN,NaN,NaN
1724806800,1.08,1.14,1.03,1.03,37206800,NaN,NaN,NaN,NaN,NaN,NaN,NaN
1724893200,1.04,1.05,0.99,1.01,11362800,NaN,NaN,NaN,NaN,NaN,NaN,NaN
1724979600,1.02,1.08,1.02,1.06,9940700,NaN,NaN,NaN,NaN,NaN,NaN,NaN
1725238800,1.07,1.09,0.975,1.02,60686900,NaN,NaN,NaN,NaN,NaN,NaN,NaN
1725325200,1.04,1.05,1.02,1.03,11471900,NaN,NaN,NaN,NaN,NaN,NaN,NaN
1725411600,1,1.02,0.985,1,29795000,NaN,NaN,NaN,NaN,NaN,NaN,NaN
1725498000,1,1.01,0.935,0.955,35424000,NaN,NaN,NaN,NaN,NaN,NaN,NaN
1725584400,0.95,0.965,0.92,0.945,18162000,NaN,NaN,NaN,NaN,NaN,NaN,NaN
1725843600,0.93,0.94,0.915,0.93,16648400,NaN,NaN,NaN,NaN,NaN,NaN,NaN
1725930000,0.935,0.95,0.915,0.92,16145500,NaN,NaN,NaN,NaN,NaN,NaN,NaN
1726016400,0.92,0.935,0.915,0.935,7969400,NaN,NaN,NaN,NaN,NaN,NaN,NaN
1726102800,0.94,0.975,0.94,0.945,20971300,NaN,NaN,NaN,NaN,NaN,NaN,NaN
1726189200,0.955,1.04,0.95,1.01,41696600,NaN,NaN,NaN,NaN,NaN,NaN,NaN
1726534800,1.02,1.08,1.01,1.06,34605500,NaN,NaN,NaN,NaN,NaN,NaN,NaN
1726621200,1.06,1.07,1.01,1.03,11147200,NaN,NaN,NaN,NaN,NaN,NaN,NaN
1726707600,1.07,1.08,1.04,1.06,22594300,NaN,NaN,NaN,NaN,NaN,NaN,NaN
1726794000,1.07,1.07,1.04,1.05,17592900,NaN,NaN,NaN,NaN,NaN,NaN,NaN
1727053200,1.05,1.07,1.02,1.02,10919600,NaN,NaN,NaN,NaN,NaN,NaN,NaN
1727139600,1.02,1.05,1,1.01,16174200,NaN,NaN,NaN,NaN,NaN,NaN,NaN
1727226000,1.01,1.02,0.94,0.95,33319800,NaN,NaN,NaN,NaN,NaN,NaN,NaN
1727312400,0.95,0.98,0.95,0.975,15714000,NaN,NaN,NaN,NaN,NaN,NaN,NaN
1727398800,0.975,0.975,0.95,0.96,15749500,NaN,NaN,NaN,NaN,NaN,NaN,NaN
1727658000,0.965,0.97,0.93,0.93,11239600,1558900000,8923444000,5768011000,49237000,437458000,3213061000,0
1727744400,0.93,0.96,0.93,0.955,17468800,NaN,NaN,NaN,NaN,NaN,NaN,NaN
1727830800,0.945,0.95,0.93,0.935,9011500,NaN,NaN,NaN,NaN,NaN,NaN,NaN
1727917200,0.94,0.95,0.92,0.93,11101900,NaN,NaN,NaN,NaN,NaN,NaN,NaN
1728003600,0.925,0.93,0.915,0.925,7017800,NaN,NaN,NaN,NaN,NaN,NaN,NaN
1728262800,0.92,0.93,0.91,0.915,11140300,NaN,NaN,NaN,NaN,NaN,NaN,NaN
1728349200,0.915,0.94,0.89,0.935,20493500,NaN,NaN,NaN,NaN,NaN,NaN,NaN
1728435600,0.94,0.955,0.935,0.945,10601600,NaN,NaN,NaN,NaN,NaN,NaN,NaN
1728522000,0.95,0.97,0.945,0.95,10828100,NaN,NaN,NaN,NaN,NaN,NaN,NaN
1728608400,0.95,0.95,0.925,0.935,5192600,NaN,NaN,NaN,NaN,NaN,NaN,NaN
1728867600,0.935,0.935,0.915,0.925,4087900,NaN,NaN,NaN,NaN,NaN,NaN,NaN
1728954000,0.925,0.95,0.905,0.945,10242600,NaN,NaN,NaN,NaN,NaN,NaN,NaN
1729040400,0.945,0.955,0.835,0.91,49924000,NaN,NaN,NaN,NaN,NaN,NaN,NaN
1729126800,0.91,0.93,0.9,0.915,19842400,NaN,NaN,NaN,NaN,NaN,NaN,NaN
1729213200,0.92,0.945,0.91,0.925,37353900,NaN,NaN,NaN,NaN,NaN,NaN,NaN
1729472400,0.925,0.935,0.885,0.92,18603200,NaN,NaN,NaN,NaN,NaN,NaN,NaN
1729558800,0.92,0.94,0.91,0.935,12144700,NaN,NaN,NaN,NaN,NaN,NaN,NaN
1729645200,0.93,0.965,0.92,0.945,15221500,NaN,NaN,NaN,NaN,NaN,NaN,NaN
1729731600,0.94,0.95,0.925,0.925,6795300,NaN,NaN,NaN,NaN,NaN,NaN,NaN
1729818000,0.925,0.95,0.925,0.945,6699400,NaN,NaN,NaN,NaN,NaN,NaN,NaN
1730077200,0.945,0.95,0.925,0.94,7294100,NaN,NaN,NaN,NaN,NaN,NaN,NaN
1730163600,0.935,0.94,0.925,0.93,5805100,NaN,NaN,NaN,NaN,NaN,NaN,NaN
1730250000,0.935,0.935,0.9,0.905,5676300,NaN,NaN,NaN,NaN,NaN,NaN,NaN
1730422800,0.9,0.91,0.885,0.9,3622000,NaN,NaN,NaN,NaN,NaN,NaN,NaN
1730682000,0.905,0.93,0.895,0.915,6022500,NaN,NaN,NaN,NaN,NaN,NaN,NaN
1730768400,0.915,0.925,0.91,0.915,8314600,NaN,NaN,NaN,NaN,NaN,NaN,NaN
1730854800,0.92,0.955,0.92,0.95,9240300,NaN,NaN,NaN,NaN,NaN,NaN,NaN
1730941200,0.955,0.96,0.925,0.945,5402300,NaN,NaN,NaN,NaN,NaN,NaN,NaN
1731027600,0.945,0.945,0.925,0.935,4819300,NaN,NaN,NaN,NaN,NaN,NaN,NaN
1731286800,0.935,0.945,0.92,0.935,2397800,NaN,NaN,NaN,NaN,NaN,NaN,NaN
1731373200,0.935,0.95,0.93,0.935,3199300,NaN,NaN,NaN,NaN,NaN,NaN,NaN
1731459600,0.935,0.94,0.92,0.935,2316300,NaN,NaN,NaN,NaN,NaN,NaN,NaN
1731546000,0.93,0.945,0.9,0.91,4597300,NaN,NaN,NaN,NaN,NaN,NaN,NaN
1731632400,0.905,0.92,0.905,0.905,4276600,NaN,NaN,NaN,NaN,NaN,NaN,NaN
1731891600,0.905,0.915,0.905,0.905,2979200,NaN,NaN,NaN,NaN,NaN,NaN,NaN
1731978000,0.91,0.92,0.905,0.92,3553900,NaN,NaN,NaN,NaN,NaN,NaN,NaN
1732064400,0.92,0.935,0.91,0.91,3417200,NaN,NaN,NaN,NaN,NaN,NaN,NaN
1732150800,0.92,0.93,0.92,0.925,3137700,NaN,NaN,NaN,NaN,NaN,NaN,NaN
1732237200,0.925,0.925,0.9,0.915,6499500,NaN,NaN,NaN,NaN,NaN,NaN,NaN
1732496400,0.91,0.92,0.9,0.91,4391200,NaN,NaN,NaN,NaN,NaN,NaN,NaN
1732582800,0.91,0.915,0.9,0.905,4544200,NaN,NaN,NaN,NaN,NaN,NaN,NaN
1732669200,0.915,0.92,0.875,0.885,21509000,NaN,NaN,NaN,NaN,NaN,NaN,NaN
1732755600,0.895,0.895,0.81,0.825,45572300,NaN,NaN,NaN,NaN,NaN,NaN,NaN
1732842000,0.835,0.84,0.815,0.83,17770200,NaN,NaN,NaN,NaN,NaN,NaN,NaN
1733101200,0.83,0.83,0.81,0.82,9635000,NaN,NaN,NaN,NaN,NaN,NaN,NaN
1733187600,0.82,0.855,0.815,0.845,15858800,NaN,NaN,NaN,NaN,NaN,NaN,NaN
1733274000,0.85,0.865,0.845,0.85,18342800,NaN,NaN,NaN,NaN,NaN,NaN,NaN
1733360400,0.85,0.89,0.85,0.89,13991900,NaN,NaN,NaN,NaN,NaN,NaN,NaN
1733446800,0.89,0.95,0.885,0.94,29275900,NaN,NaN,NaN,NaN,NaN,NaN,NaN
1733706000,0.94,0.94,0.885,0.895,14654100,NaN,NaN,NaN,NaN,NaN,NaN,NaN
1733792400,0.9,0.905,0.875,0.9,8533500,NaN,NaN,NaN,NaN,NaN,NaN,NaN
1733878800,0.895,0.92,0.885,0.91,8686200,NaN,NaN,NaN,NaN,NaN,NaN,NaN
1733965200,0.915,0.925,0.905,0.915,6359700,NaN,NaN,NaN,NaN,NaN,NaN,NaN
1734051600,0.915,0.925,0.91,0.92,5755500,NaN,NaN,NaN,NaN,NaN,NaN,NaN
1734310800,0.925,0.935,0.91,0.92,6677600,NaN,NaN,NaN,NaN,NaN,NaN,NaN
1734397200,0.92,0.935,0.91,0.91,5639900,NaN,NaN,NaN,NaN,NaN,NaN,NaN
1734483600,0.905,0.93,0.905,0.91,6367600,NaN,NaN,NaN,NaN,NaN,NaN,NaN
1734570000,0.905,0.91,0.89,0.91,5638800,NaN,NaN,NaN,NaN,NaN,NaN,NaN
1734656400,0.905,0.935,0.905,0.93,11000000,NaN,NaN,NaN,NaN,NaN,NaN,NaN
1734915600,0.93,0.94,0.9,0.91,8190000,NaN,NaN,NaN,NaN,NaN,NaN,NaN
1735002000,0.915,0.93,0.91,0.92,8821900,NaN,NaN,NaN,NaN,NaN,NaN,NaN
1735174800,0.92,0.925,0.905,0.915,4092200,NaN,NaN,NaN,NaN,NaN,NaN,NaN
1735261200,0.915,0.94,0.915,0.925,6818900,NaN,NaN,NaN,NaN,NaN,NaN,NaN
1735520400,0.92,0.975,0.92,0.965,22623100,NaN,NaN,NaN,NaN,NaN,NaN,NaN
1735606800,0.965,0.97,0.94,0.95,19748100,1558900471,9107369000,5868630000,-18892000,542608000,3296806000,0
1735779600,0.95,0.97,0.945,0.955,10479700,NaN,NaN,NaN,NaN,NaN,NaN,NaN
1735866000,0.955,1.03,0.955,1.02,53969600,NaN,NaN,NaN,NaN,NaN,NaN,NaN
1736125200,1.02,1.02,0.975,0.98,27522500,NaN,NaN,NaN,NaN,NaN,NaN,NaN
1736211600,0.98,0.995,0.96,0.97,17421700,NaN,NaN,NaN,NaN,NaN,NaN,NaN
1736298000,0.965,0.98,0.955,0.97,16492600,NaN,NaN,NaN,NaN,NaN,NaN,NaN
1736384400,0.975,0.975,0.915,0.93,19262900,NaN,NaN,NaN,NaN,NaN,NaN,NaN
1736470800,0.93,0.935,0.91,0.92,9466300,NaN,NaN,NaN,NaN,NaN,NaN,NaN
1736730000,0.91,0.91,0.895,0.9,8249200,NaN,NaN,NaN,NaN,NaN,NaN,NaN
1736816400,0.91,0.92,0.87,0.875,13734200,NaN,NaN,NaN,NaN,NaN,NaN,NaN
1736902800,0.88,0.895,0.86,0.86,8502200,NaN,NaN,NaN,NaN,NaN,NaN,NaN
1736989200,0.88,0.88,0.835,0.85,14817500,NaN,NaN,NaN,NaN,NaN,NaN,NaN
1737075600,0.855,0.855,0.825,0.845,12084400,NaN,NaN,NaN,NaN,NaN,NaN,NaN
1737334800,0.85,0.87,0.84,0.865,7721000,NaN,NaN,NaN,NaN,NaN,NaN,NaN
1737421200,0.865,0.89,0.86,0.88,8852000,NaN,NaN,NaN,NaN,NaN,NaN,NaN
1737507600,0.88,0.89,0.87,0.875,4300900,NaN,NaN,NaN,NaN,NaN,NaN,NaN
1737594000,0.87,0.87,0.85,0.85,6128000,NaN,NaN,NaN,NaN,NaN,NaN,NaN
1737680400,0.85,0.85,0.835,0.835,3266500,NaN,NaN,NaN,NaN,NaN,NaN,NaN
1737939600,0.835,0.835,0.79,0.795,7688400,NaN,NaN,NaN,NaN,NaN,NaN,NaN
1738026000,0.795,0.815,0.78,0.805,3624600,NaN,NaN,NaN,NaN,NaN,NaN,NaN
1738285200,0.81,0.845,0.805,0.835,3417900,NaN,NaN,NaN,NaN,NaN,NaN,NaN
1738544400,0.83,0.84,0.82,0.83,2006500,NaN,NaN,NaN,NaN,NaN,NaN,NaN
1738630800,0.83,0.85,0.83,0.84,4439100,NaN,NaN,NaN,NaN,NaN,NaN,NaN
1738717200,0.84,0.875,0.835,0.87,5404300,NaN,NaN,NaN,NaN,NaN,NaN,NaN
1738803600,0.865,0.87,0.855,0.87,2129200,NaN,NaN,NaN,NaN,NaN,NaN,NaN
1738890000,0.87,0.875,0.86,0.87,2637800,NaN,NaN,NaN,NaN,NaN,NaN,NaN
1739149200,0.87,0.87,0.86,0.87,1823600,NaN,NaN,NaN,NaN,NaN,NaN,NaN
1739322000,0.87,0.875,0.85,0.85,2300000,NaN,NaN,NaN,NaN,NaN,NaN,NaN
1739408400,0.85,0.87,0.85,0.865,2395000,NaN,NaN,NaN,NaN,NaN,NaN,NaN
1739494800,0.865,0.875,0.86,0.87,2642000,NaN,NaN,NaN,NaN,NaN,NaN,NaN
1739754000,0.87,0.87,0.85,0.855,2544800,NaN,NaN,NaN,NaN,NaN,NaN,NaN
1739840400,0.85,0.86,0.845,0.855,1895400,NaN,NaN,NaN,NaN,NaN,NaN,NaN
1739926800,0.85,0.85,0.82,0.82,3470600,NaN,NaN,NaN,NaN,NaN,NaN,NaN
1740013200,0.82,0.835,0.81,0.82,3215300,NaN,NaN,NaN,NaN,NaN,NaN,NaN
1740099600,0.815,0.845,0.815,0.845,3152000,NaN,NaN,NaN,NaN,NaN,NaN,NaN
1740358800,0.84,0.84,0.815,0.815,2141000,NaN,NaN,NaN,NaN,NaN,NaN,NaN
1740445200,0.825,0.825,0.795,0.795,2849000,NaN,NaN,NaN,NaN,NaN,NaN,NaN
1740531600,0.805,0.82,0.8,0.8,5213200,NaN,NaN,NaN,NaN,NaN,NaN,NaN
1740618000,0.805,0.81,0.795,0.795,2663600,NaN,NaN,NaN,NaN,NaN,NaN,NaN
1740704400,0.79,0.795,0.74,0.755,8391300,NaN,NaN,NaN,NaN,NaN,NaN,NaN
1740963600,0.765,0.765,0.685,0.69,15486000,NaN,NaN,NaN,NaN,NaN,NaN,NaN
1741050000,0.7,0.705,0.61,0.64,22879300,NaN,NaN,NaN,NaN,NaN,NaN,NaN
1741136400,0.645,0.665,0.63,0.645,15610600,NaN,NaN,NaN,NaN,NaN,NaN,NaN
1741222800,0.655,0.665,0.625,0.635,14541700,NaN,NaN,NaN,NaN,NaN,NaN,NaN
1741309200,0.63,0.64,0.62,0.635,7358700,NaN,NaN,NaN,NaN,NaN,NaN,NaN
1741568400,0.635,0.64,0.62,0.63,7735700,NaN,NaN,NaN,NaN,NaN,NaN,NaN
1741654800,0.61,0.61,0.58,0.6,20100400,NaN,NaN,NaN,NaN,NaN,NaN,NaN
1741741200,0.6,0.62,0.595,0.61,7021500,NaN,NaN,NaN,NaN,NaN,NaN,NaN
1741827600,0.615,0.665,0.615,0.655,7499900,NaN,NaN,NaN,NaN,NaN,NaN,NaN
1741914000,0.645,0.68,0.635,0.675,7962900,NaN,NaN,NaN,NaN,NaN,NaN,NaN
1742173200,0.68,0.695,0.65,0.655,10014400,NaN,NaN,NaN,NaN,NaN,NaN,NaN
1742346000,0.65,0.66,0.645,0.655,4014300,NaN,NaN,NaN,NaN,NaN,NaN,NaN
1742432400,0.665,0.665,0.635,0.65,5127400,NaN,NaN,NaN,NaN,NaN,NaN,NaN
1742518800,0.655,0.655,0.635,0.645,4008000,NaN,NaN,NaN,NaN,NaN,NaN,NaN
1742778000,0.64,0.65,0.635,0.645,3092000,NaN,NaN,NaN,NaN,NaN,NaN,NaN
1742864400,0.65,0.67,0.645,0.665,5820000,NaN,NaN,NaN,NaN,NaN,NaN,NaN
1742950800,0.665,0.67,0.65,0.665,5526400,NaN,NaN,NaN,NaN,NaN,NaN,NaN
1743037200,0.66,0.705,0.655,0.695,11226300,NaN,NaN,NaN,NaN,NaN,NaN,NaN
1743123600,0.695,0.7,0.67,0.675,9481400,1558900471,9139469000,5889484000,52300000,472133000,3308791000,0
1743555600,0.67,0.68,0.66,0.67,2988200,NaN,NaN,NaN,NaN,NaN,NaN,NaN
1743642000,0.67,0.675,0.65,0.66,5208000,NaN,NaN,NaN,NaN,NaN,NaN,NaN
1743728400,0.65,0.66,0.635,0.64,7729000,NaN,NaN,NaN,NaN,NaN,NaN,NaN
1743987600,0.625,0.625,0.57,0.58,11625500,NaN,NaN,NaN,NaN,NaN,NaN,NaN
1744074000,0.595,0.605,0.58,0.595,7093600,NaN,NaN,NaN,NaN,NaN,NaN,NaN
1744160400,0.59,0.59,0.555,0.565,6311600,NaN,NaN,NaN,NaN,NaN,NaN,NaN
1744246800,0.6,0.615,0.58,0.585,15946700,NaN,NaN,NaN,NaN,NaN,NaN,NaN
1744333200,0.57,0.615,0.565,0.605,7908100,NaN,NaN,NaN,NaN,NaN,NaN,NaN
1744592400,0.61,0.645,0.61,0.625,12627700,NaN,NaN,NaN,NaN,NaN,NaN,NaN
1744678800,0.63,0.645,0.62,0.63,12800400,NaN,NaN,NaN,NaN,NaN,NaN,NaN
1744765200,0.625,0.64,0.62,0.63,8408100,NaN,NaN,NaN,NaN,NaN,NaN,NaN
1744851600,0.615,0.63,0.615,0.62,7890900,NaN,NaN,NaN,NaN,NaN,NaN,NaN
1744938000,0.62,0.635,0.615,0.635,3974500,NaN,NaN,NaN,NaN,NaN,NaN,NaN
1745197200,0.635,0.635,0.615,0.62,7329600,NaN,NaN,NaN,NaN,NaN,NaN,NaN
1745283600,0.62,0.62,0.595,0.605,6270000,NaN,NaN,NaN,NaN,NaN,NaN,NaN
1745370000,0.615,0.62,0.605,0.615,9151700,NaN,NaN,NaN,NaN,NaN,NaN,NaN
1745456400,0.615,0.63,0.615,0.625,8734400,NaN,NaN,NaN,NaN,NaN,NaN,NaN
1745542800,0.625,0.65,0.625,0.645,10659300,NaN,NaN,NaN,NaN,NaN,NaN,NaN
1745802000,0.65,0.665,0.645,0.66,15000800,NaN,NaN,NaN,NaN,NaN,NaN,NaN
1745888400,0.66,0.685,0.655,0.655,8543300,NaN,NaN,NaN,NaN,NaN,NaN,NaN
1745974800,0.655,0.67,0.655,0.66,5357000,NaN,NaN,NaN,NaN,NaN,NaN,NaN
1746147600,0.665,0.68,0.655,0.68,7253400,NaN,NaN,NaN,NaN,NaN,NaN,NaN
1746406800,0.68,0.685,0.62,0.625,24121300,NaN,NaN,NaN,NaN,NaN,NaN,NaN
1746493200,0.63,0.64,0.615,0.635,13352100,NaN,NaN,NaN,NaN,NaN,NaN,NaN
1746579600,0.635,0.655,0.63,0.65,9117400,NaN,NaN,NaN,NaN,NaN,NaN,NaN
1746666000,0.65,0.655,0.64,0.645,7504500,NaN,NaN,NaN,NaN,NaN,NaN,NaN
1746752400,0.65,0.65,0.635,0.635,4871500,NaN,NaN,NaN,NaN,NaN,NaN,NaN
1747098000,0.65,0.72,0.645,0.715,21647300,NaN,NaN,NaN,NaN,NaN,NaN,NaN
1747184400,0.715,0.725,0.705,0.72,7165000,NaN,NaN,NaN,NaN,NaN,NaN,NaN
1747270800,0.72,0.745,0.72,0.72,8876800,NaN,NaN,NaN,NaN,NaN,NaN,NaN
1747357200,0.72,0.73,0.71,0.715,7382100,NaN,NaN,NaN,NaN,NaN,NaN,NaN
1747616400,0.71,0.715,0.685,0.685,4914800,NaN,NaN,NaN,NaN,NaN,NaN,NaN
1747702800,0.69,0.705,0.69,0.705,3921100,NaN,NaN,NaN,NaN,NaN,NaN,NaN
1747789200,0.7,0.7,0.685,0.685,3314400,NaN,NaN,NaN,NaN,NaN,NaN,NaN
1747875600,0.68,0.68,0.665,0.68,4713200,NaN,NaN,NaN,NaN,NaN,NaN,NaN
1747962000,0.68,0.69,0.67,0.685,3710900,NaN,NaN,NaN,NaN,NaN,NaN,NaN
1748221200,0.68,0.7,0.675,0.695,5486700,NaN,NaN,NaN,NaN,NaN,NaN,NaN
1748307600,0.695,0.7,0.68,0.69,2180000,NaN,NaN,NaN,NaN,NaN,NaN,NaN
1748394000,0.68,0.695,0.68,0.685,3476400,NaN,NaN,NaN,NaN,NaN,NaN,NaN
1748480400,0.685,0.695,0.65,0.66,8602500,NaN,NaN,NaN,NaN,NaN,NaN,NaN
1748566800,0.66,0.665,0.65,0.665,2184500,NaN,NaN,NaN,NaN,NaN,NaN,NaN
1748912400,0.665,0.665,0.65,0.655,2033200,NaN,NaN,NaN,NaN,NaN,NaN,NaN
1748998800,0.655,0.66,0.645,0.655,2347000,NaN,NaN,NaN,NaN,NaN,NaN,NaN
1749085200,0.655,0.67,0.655,0.67,1303800,NaN,NaN,NaN,NaN,NaN,NaN,NaN
1749171600,0.665,0.67,0.655,0.67,2567800,NaN,NaN,NaN,NaN,NaN,NaN,NaN
1749430800,0.67,0.7,0.67,0.695,3980900,NaN,NaN,NaN,NaN,NaN,NaN,NaN
1749517200,0.695,0.695,0.67,0.67,5152000,NaN,NaN,NaN,NaN,NaN,NaN,NaN
1749603600,0.675,0.69,0.675,0.685,5245500,NaN,NaN,NaN,NaN,NaN,NaN,NaN
1749690000,0.685,0.685,0.66,0.665,4965500,NaN,NaN,NaN,NaN,NaN,NaN,NaN
1749776400,0.665,0.665,0.64,0.64,6464500,NaN,NaN,NaN,NaN,NaN,NaN,NaN
1750035600,0.635,0.64,0.625,0.635,3120100,NaN,NaN,NaN,NaN,NaN,NaN,NaN
1750122000,0.635,0.64,0.63,0.64,2283100,NaN,NaN,NaN,NaN,NaN,NaN,NaN
1750208400,0.635,0.635,0.625,0.63,3014700,NaN,NaN,NaN,NaN,NaN,NaN,NaN
1750294800,0.63,0.63,0.62,0.625,2369700,NaN,NaN,NaN,NaN,NaN,NaN,NaN
1750381200,0.625,0.625,0.6,0.605,5047900,NaN,NaN,NaN,NaN,NaN,NaN,NaN
1750640400,0.59,0.605,0.575,0.6,3926600,NaN,NaN,NaN,NaN,NaN,NaN,NaN
1750726800,0.605,0.62,0.605,0.615,1803400,NaN,NaN,NaN,NaN,NaN,NaN,NaN
1750813200,0.62,0.62,0.6,0.605,2837200,NaN,NaN,NaN,NaN,NaN,NaN,NaN
1750899600,0.605,0.625,0.605,0.62,1798200,NaN,NaN,NaN,NaN,NaN,NaN,NaN
1751245200,0.625,0.635,0.625,0.63,1931300,1558900471,8139649000,4875888000,60234000,552779000,3322975000,0
1751331600,0.63,0.665,0.625,0.66,5265200,NaN,NaN,NaN,NaN,NaN,NaN,NaN
1751418000,0.665,0.67,0.66,0.665,3730800,NaN,NaN,NaN,NaN,NaN,NaN,NaN
1751504400,0.665,0.675,0.66,0.665,2084800,NaN,NaN,NaN,NaN,NaN,NaN,NaN
1751590800,0.665,0.675,0.66,0.67,2614800,NaN,NaN,NaN,NaN,NaN,NaN,NaN
1751850000,0.675,0.69,0.665,0.68,7880000,NaN,NaN,NaN,NaN,NaN,NaN,NaN
1751936400,0.675,0.68,0.66,0.68,3048400,NaN,NaN,NaN,NaN,NaN,NaN,NaN
1752022800,0.68,0.72,0.68,0.71,9732000,NaN,NaN,NaN,NaN,NaN,NaN,NaN
1752109200,0.715,0.79,0.715,0.775,24399600,NaN,NaN,NaN,NaN,NaN,NaN,NaN
1752195600,0.775,0.795,0.77,0.78,10177300,NaN,NaN,NaN,NaN,NaN,NaN,NaN
1752454800,0.78,0.79,0.765,0.775,3771400,NaN,NaN,NaN,NaN,NaN,NaN,NaN
1752541200,0.775,0.785,0.755,0.775,4933400,NaN,NaN,NaN,NaN,NaN,NaN,NaN
1752627600,0.77,0.77,0.745,0.75,4029200,NaN,NaN,NaN,NaN,NaN,NaN,NaN
1752714000,0.75,0.775,0.75,0.76,5521500,NaN,NaN,NaN,NaN,NaN,NaN,NaN
1752800400,0.765,0.815,0.765,0.8,18569100,NaN,NaN,NaN,NaN,NaN,NaN,NaN
1753059600,0.8,0.81,0.78,0.79,7274100,NaN,NaN,NaN,NaN,NaN,NaN,NaN
1753146000,0.795,0.795,0.76,0.77,7577500,NaN,NaN,NaN,NaN,NaN,NaN,NaN
1753232400,0.765,0.785,0.755,0.77,6816200,NaN,NaN,NaN,NaN,NaN,NaN,NaN
1753318800,0.775,0.78,0.76,0.77,3952700,NaN,NaN,NaN,NaN,NaN,NaN,NaN
1753405200,0.77,0.77,0.755,0.765,5242600,NaN,NaN,NaN,NaN,NaN,NaN,NaN
1753664400,0.765,0.81,0.765,0.79,15026900,NaN,NaN,NaN,NaN,NaN,NaN,NaN
1753750800,0.79,0.8,0.78,0.785,6009100,NaN,NaN,NaN,NaN,NaN,NaN,NaN
1753837200,0.785,0.79,0.765,0.765,5647600,NaN,NaN,NaN,NaN,NaN,NaN,NaN
1753923600,0.765,0.795,0.765,0.785,4206800,NaN,NaN,NaN,NaN,NaN,NaN,NaN
1754010000,0.79,0.84,0.79,0.82,16570200,NaN,NaN,NaN,NaN,NaN,NaN,NaN
1754269200,0.82,0.86,0.805,0.84,17905600,NaN,NaN,NaN,NaN,NaN,NaN,NaN
1754355600,0.855,0.86,0.84,0.845,7059900,NaN,NaN,NaN,NaN,NaN,NaN,NaN
1754442000,0.845,0.86,0.835,0.85,5846000,NaN,NaN,NaN,NaN,NaN,NaN,NaN
1754528400,0.85,0.875,0.835,0.865,10558800,NaN,NaN,NaN,NaN,NaN,NaN,NaN
1754614800,0.865,0.865,0.85,0.86,6048000,NaN,NaN,NaN,NaN,NaN,NaN,NaN
1754874000,0.86,0.89,0.855,0.87,7128300,NaN,NaN,NaN,NaN,NaN,NaN,NaN
1754960400,0.875,0.88,0.86,0.87,4327500,NaN,NaN,NaN,NaN,NaN,NaN,NaN
1755046800,0.865,0.88,0.86,0.86,6218100,NaN,NaN,NaN,NaN,NaN,NaN,NaN
1755133200,0.865,0.875,0.86,0.875,4736300,NaN,NaN,NaN,NaN,NaN,NaN,NaN
1755219600,0.875,0.895,0.865,0.865,12344400,NaN,NaN,NaN,NaN,NaN,NaN,NaN
1755478800,0.865,0.885,0.86,0.88,6234000,NaN,NaN,NaN,NaN,NaN,NaN,NaN
1755565200,0.875,0.885,0.87,0.87,5055100,NaN,NaN,NaN,NaN,NaN,NaN,NaN
1755651600,0.875,0.88,0.83,0.835,9454200,NaN,NaN,NaN,NaN,NaN,NaN,NaN
1755738000,0.835,0.855,0.83,0.84,3694900,NaN,NaN,NaN,NaN,NaN,NaN,NaN
1755824400,0.84,0.845,0.82,0.835,5921700,NaN,NaN,NaN,NaN,NaN,NaN,NaN
1756083600,0.845,0.845,0.82,0.82,5826500,NaN,NaN,NaN,NaN,NaN,NaN,NaN
1756170000,0.82,0.83,0.81,0.82,5203200,NaN,NaN,NaN,NaN,NaN,NaN,NaN
1756256400,0.82,0.84,0.8,0.835,10434500,NaN,NaN,NaN,NaN,NaN,NaN,NaN
1756342800,0.835,0.865,0.825,0.855,9207500,NaN,NaN,NaN,NaN,NaN,NaN,NaN
1756429200,0.86,0.895,0.845,0.875,16712800,NaN,NaN,NaN,NaN,NaN,NaN,NaN
1756774800,0.875,0.89,0.85,0.865,4527500,NaN,NaN,NaN,NaN,NaN,NaN,NaN
1756861200,0.86,0.885,0.86,0.885,4412500,NaN,NaN,NaN,NaN,NaN,NaN,NaN
1756947600,0.885,0.905,0.86,0.87,9750800,NaN,NaN,NaN,NaN,NaN,NaN,NaN
1757293200,0.87,0.88,0.86,0.88,1844500,NaN,NaN,NaN,NaN,NaN,NaN,NaN
1757379600,0.88,0.89,0.855,0.87,4490300,NaN,NaN,NaN,NaN,NaN,NaN,NaN
1757466000,0.865,0.87,0.835,0.85,7622600,NaN,NaN,NaN,NaN,NaN,NaN,NaN
1757552400,0.845,0.855,0.83,0.83,5221200,NaN,NaN,NaN,NaN,NaN,NaN,NaN
1757638800,0.83,0.845,0.82,0.83,7093300,NaN,NaN,NaN,NaN,NaN,NaN,NaN
1758070800,0.83,0.845,0.825,0.835,7366300,NaN,NaN,NaN,NaN,NaN,NaN,NaN
1758157200,0.835,0.845,0.825,0.835,6662300,NaN,NaN,NaN,NaN,NaN,NaN,NaN
1758243600,0.83,0.84,0.825,0.84,8969500,NaN,NaN,NaN,NaN,NaN,NaN,NaN
1758502800,0.84,0.84,0.82,0.83,9280500,NaN,NaN,NaN,NaN,NaN,NaN,NaN
1758589200,0.83,0.835,0.825,0.83,6453200,NaN,NaN,NaN,NaN,NaN,NaN,NaN
1758675600,0.83,0.855,0.825,0.85,7687100,NaN,NaN,NaN,NaN,NaN,NaN,NaN
1758762000,0.85,0.86,0.84,0.845,6975800,NaN,NaN,NaN,NaN,NaN,NaN,NaN
1758848400,0.845,0.845,0.83,0.83,5114200,NaN,NaN,NaN,NaN,NaN,NaN,NaN